cte_true,mc_mean,mc_std
0.00073,0.02150,0.11442
0.00073,0.05422,0.11398
0.00069,0.11010,0.15744
0.00055,0.10821,0.13868
0.00018,-0.03287,0.13695
-0.00020,0.09316,0.10995
-0.00083,0.00676,0.10530
-0.00166,0.19629,0.14647
-0.00265,0.06277,0.08591
-0.00389,0.04841,0.12732
-0.00557,0.04010,0.09558
-0.00764,0.02787,0.11599
-0.01002,-0.07409,0.10818
-0.01274,-0.04039,0.11457
-0.01258,0.04951,0.13294
-0.01653,0.03404,0.08957
-0.02512,0.04370,0.11297
-0.02805,0.00237,0.15010
-0.03306,0.02494,0.08308
-0.03857,-0.02409,0.09929
-0.04462,-0.05527,0.10943
-0.05127,-0.06962,0.13437
-0.05853,-0.13037,0.09109
-0.06639,-0.18429,0.12942
-0.07494,-0.15454,0.11700
-0.09002,-0.09922,0.12309
-0.09381,-0.07766,0.14652
-0.10421,-0.06495,0.10014
-0.11556,-0.05290,0.11751
-0.12752,-0.15754,0.12127
-0.14009,-0.02608,0.12155
-0.14675,0.04699,0.12001
-0.16796,-0.00118,0.11289
-0.18208,0.03367,0.15519
-0.19705,-0.10696,0.11519
-0.21278,-0.23046,0.15983
-0.22903,-0.13757,0.17637
-0.25082,-0.24481,0.11714
-0.26365,-0.21852,0.12189
-0.27999,-0.12804,0.09118
-0.29759,-0.28382,0.14408
-0.31525,-0.40927,0.14526
-0.33278,-0.39212,0.15404
-0.35034,-0.33324,0.15539
-0.36775,-0.32549,0.17269
-0.38471,-0.38715,0.16931
-0.40134,-0.47190,0.14615
-0.41747,-0.43085,0.11075
-0.43285,-0.38953,0.13523
-0.44732,-0.56129,0.15399
-0.46096,-0.53954,0.15717
-0.47357,-0.61497,0.15554
-0.48487,-0.55710,0.16121
-0.49482,-0.54225,0.15998
-0.50342,-0.54224,0.14396
-0.51051,-0.50693,0.11744
-0.51590,-0.50404,0.12748
-0.51958,-0.59356,0.12598
-0.52148,-0.46742,0.14400
-0.52153,-0.48777,0.16873
-0.51968,-0.48727,0.12518
-0.51590,-0.53878,0.13686
-0.51020,-0.38442,0.15445
-0.50257,-0.41413,0.14325
-0.49309,-0.43993,0.18344
-0.48180,-0.54157,0.10911
-0.46873,-0.58610,0.13829
-0.45399,-0.53401,0.14155
-0.43779,-0.58807,0.17157
-0.42036,-0.63467,0.13752
-0.40181,-0.59832,0.16046
-0.38223,-0.52906,0.16597
-0.36180,-0.45913,0.13243
-0.34091,-0.52317,0.16322
-0.31974,-0.35939,0.18891
-0.29839,-0.37906,0.17751
-0.27715,-0.30045,0.17024
-0.25645,-0.19209,0.16422
-0.23650,-0.16047,0.16456
-0.21742,-0.10404,0.11557
-0.19949,-0.13894,0.11744
-0.18312,-0.14784,0.09731
-0.16849,-0.07606,0.11489
-0.15568,0.04188,0.13157
-0.14502,-0.12214,0.15040
-0.13665,-0.27690,0.15610
-0.13068,-0.26584,0.14451
-0.12717,-0.27499,0.15010
-0.12624,-0.14905,0.17380
-0.12791,-0.10294,0.16589
-0.13215,-0.04370,0.10769
-0.13896,-0.08751,0.10655
-0.14819,-0.16295,0.17036
-0.15968,-0.16676,0.12476
-0.17342,-0.19967,0.12619
-0.18921,-0.22148,0.14446
-0.20667,-0.35378,0.17645
-0.22543,-0.36684,0.19512
-0.24523,-0.41287,0.12984
-0.26599,-0.38030,0.14879
-0.28734,-0.31103,0.12234
-0.30861,-0.19971,0.14740
-0.32944,-0.32307,0.14439
-0.34978,-0.37423,0.13575
-0.36925,-0.26491,0.14035
-0.38730,-0.21864,0.09385
-0.40345,-0.40774,0.15667
-0.41750,-0.25970,0.14452
-0.42935,-0.17674,0.11359
-0.43876,-0.38948,0.16174
-0.44534,-0.32758,0.15523
-0.44899,-0.10457,0.07598
-0.44971,-0.12632,0.11137
-0.44747,-0.00807,0.09622
-0.44225,-0.13382,0.11404
-0.25963,-0.20085,0.14597
-0.34504,-0.37527,0.13766
-0.43379,-0.50765,0.11254
-0.52047,-0.42631,0.13070
-0.60174,-0.44701,0.12824
-0.67496,-0.50991,0.11283
-0.54530,-0.64591,0.19656
-0.69546,-0.85329,0.17500
-0.84036,-1.05527,0.23184
-0.97384,-1.28189,0.33172
-1.09198,-1.05846,0.26918
-1.19207,-1.00645,0.19842
-1.27084,-1.25321,0.29387
-1.16741,-1.53188,0.22322
-1.29891,-1.61560,0.33752
-1.41340,-1.61257,0.35562
-1.50330,-1.54587,0.26591
-1.57036,-1.53895,0.23639
-1.61531,-1.55019,0.48811
-1.63785,-1.63545,0.30383
-1.50423,-1.69079,0.25819
-1.57981,-1.75767,0.31849
-1.63310,-1.68936,0.32263
-1.66377,-1.60965,0.27937
-1.67163,-1.38767,0.21431
-1.65656,-1.58203,0.25818
-1.42076,-1.42291,0.23619
-1.45913,-1.43770,0.25263
-1.47448,-1.48007,0.24607
-1.46668,-1.37037,0.20683
-1.43565,-1.12496,0.16342
-1.38142,-1.06941,0.24113
-1.30416,-1.02606,0.13582
-1.06065,-1.02090,0.15868
-1.04084,-1.02985,0.16578
-1.01008,-0.87598,0.17711
-0.96414,-0.68478,0.15373
-0.90268,-0.75073,0.15525
-0.82733,-0.68298,0.16487
-0.59183,-0.65193,0.15539
-0.60151,-0.63229,0.16668
-0.60789,-0.42075,0.17230
-0.60693,-0.40778,0.13610
-0.59836,-0.47164,0.11240
-0.58248,-0.42796,0.11043
-0.45095,-0.49934,0.14179
-0.52698,-0.77273,0.19113
-0.60028,-0.70461,0.14107
-0.66559,-0.66984,0.13368
-0.72080,-0.60036,0.12083
-0.59282,-0.73062,0.13962
-0.73241,-0.96169,0.22985
-0.86368,-0.91077,0.14508
-0.97926,-1.07517,0.19493
-1.07809,-1.15107,0.23492
-1.15582,-1.39632,0.22668
-1.21100,-1.45333,0.26623
-1.24220,-1.36649,0.22660
-1.24855,-1.14063,0.13636
-1.22997,-1.29380,0.25000
-1.18772,-1.20907,0.15796
-1.12343,-1.04372,0.22414
-1.03804,-1.15590,0.22600
-0.93470,-0.89313,0.22236
-0.81718,-0.64450,0.16858
-0.68812,-0.63656,0.13610
-0.55068,-0.41812,0.19824
-0.40615,-0.16579,0.11131
-0.26079,-0.08273,0.09054
-0.11812,0.01474,0.07358
0.01977,0.16347,0.10432
0.14968,0.27202,0.14367
0.26661,0.61649,0.18869
0.36716,0.61049,0.15700
0.44948,0.33249,0.15928
0.51098,0.28860,0.16536
0.54916,0.54792,0.15265
0.56321,0.57466,0.14677
0.55330,0.51671,0.14393
0.51981,0.55242,0.16214
0.46404,0.26417,0.15793
0.38786,0.33035,0.16251
0.29293,0.22290,0.13507
0.18193,0.07581,0.07817
0.05871,0.07335,0.09642
-0.07345,-0.01417,0.07460
-0.21215,-0.20969,0.14401
-0.35375,-0.45699,0.14647
-0.49318,-0.59394,0.11214
-0.62766,-0.70516,0.14121
-0.75339,-0.88777,0.17444
-0.86633,-1.06367,0.22896
-0.96200,-1.05496,0.20196
-1.03844,-1.21357,0.25054
-1.09334,-1.11773,0.22241
-1.12518,-1.19810,0.20133
-1.13252,-1.25797,0.35629
-1.11538,-1.13265,0.25432
-1.07445,-0.96798,0.18180
-1.01085,-0.84922,0.19184
-0.92732,-0.87461,0.19422
-0.82657,-0.81849,0.13950
-0.71007,-0.62066,0.14672
-0.58072,-0.55478,0.14317
-0.44397,-0.29301,0.16460
-0.30392,-0.20850,0.13549
-0.06593,-0.14709,0.16448
0.00143,0.10057,0.11479
0.05620,0.02222,0.08887
0.09900,0.08710,0.10649
0.12950,0.06339,0.13798
0.22092,0.11059,0.13901
0.14916,0.09825,0.12611
0.06117,0.03225,0.11728
-0.03873,-0.05202,0.09801
-0.14776,-0.28845,0.16982
-0.20182,-0.44619,0.13618
-0.38623,-0.87203,0.19314
-0.56856,-0.88396,0.15125
-0.74361,-0.88795,0.16412
-0.90340,-1.08987,0.21599
-0.96489,-1.16532,0.20386
-1.15349,-1.21062,0.21302
-1.31930,-1.33459,0.30195
-1.45183,-1.35863,0.25970
-1.55071,-1.62668,0.27177
-1.50678,-1.74701,0.23326
-1.61674,-1.74216,0.34141
-1.69639,-1.80027,0.28383
-1.74541,-1.72048,0.27466
-1.76365,-1.76294,0.27016
-1.75114,-1.73403,0.26563
-1.63941,-1.75442,0.20238
-1.63970,-1.61857,0.28653
-1.60952,-1.42015,0.27121
-1.54907,-1.32958,0.24730
-1.45880,-1.50700,0.29277
-1.23984,-1.18556,0.19290
-1.16345,-1.02102,0.20119
-1.06364,-1.02974,0.18815
-0.94407,-0.89504,0.13580
-0.80584,-0.86978,0.18249
-0.65294,-0.83554,0.18216
-0.49222,-0.48312,0.19794
-0.32771,-0.11326,0.11535
-0.16096,-0.10155,0.13647
0.00289,0.15336,0.13430
0.15568,0.24560,0.16414
0.29330,0.32058,0.15398
0.41441,0.48824,0.13926
0.51426,0.47885,0.13020
0.58716,0.33344,0.19175
0.63179,0.55507,0.15062
0.63185,0.46454,0.12999
0.65647,0.47488,0.16239
0.65286,0.56187,0.13034
0.62076,0.37160,0.12141
0.51487,0.34788,0.11656
0.46885,0.31608,0.15300
0.40205,0.19616,0.13434
0.31407,0.13729,0.12568
0.20765,0.12147,0.12494
0.04649,-0.01607,0.08709
-0.04675,-0.18141,0.18141
-0.14559,-0.30473,0.22172
-0.24999,-0.46120,0.17201
-0.35672,-0.33384,0.13621
-0.49031,-0.44255,0.17892
-0.55009,-0.73444,0.15887
-0.60170,-0.44511,0.19209
-0.64408,-0.55420,0.21043
-0.67491,-0.71593,0.18617
-0.70406,-0.77843,0.18250
-0.67146,-0.73162,0.15220
-0.62599,-0.61717,0.16786
-0.57062,-0.62924,0.18614
-0.53577,-0.51355,0.19246
-0.42724,-0.44650,0.16762
-0.31269,-0.20724,0.14760
-0.19869,0.08609,0.10784
-0.08875,0.00562,0.10426
0.00098,0.02881,0.09493
0.13373,0.28959,0.12940
0.25324,0.25433,0.12244
0.35458,0.53173,0.16961
0.39397,0.65028,0.16776
0.48903,0.58432,0.14268
0.55959,0.67020,0.09754
0.60259,0.66928,0.09031
0.61640,0.49455,0.15514
0.57168,0.50604,0.14503
0.56575,0.43540,0.12736
0.53363,0.39381,0.09420
0.47503,0.46153,0.15857
0.39185,0.26434,0.14754
0.27049,0.08326,0.07858
0.18604,0.06397,0.11294
0.08640,-0.01594,0.07821
-0.02672,-0.02491,0.11922
-0.19058,-0.17506,0.10784
-0.27837,-0.31767,0.15185
-0.36676,-0.39562,0.15799
-0.45447,-0.51070,0.14942
-0.53723,-0.58381,0.11255
-0.63497,-0.68383,0.15766
-0.66167,-0.78512,0.14436
-0.67535,-0.98144,0.18256
-0.67601,-1.00999,0.19612
-0.70076,-0.83654,0.12697
-0.63751,-0.79196,0.12586
-0.56127,-0.66902,0.13298
-0.47612,-0.54251,0.15081
-0.38401,-0.33848,0.16255
-0.30233,0.05813,0.10879
-0.16762,0.04534,0.08950
-0.03770,0.09500,0.10570
0.08287,0.11125,0.10875
0.15379,0.38510,0.13104
0.28453,0.47956,0.15825
0.39559,0.75070,0.09140
0.48230,0.55375,0.14956
0.54283,0.55210,0.13693
0.57473,0.69664,0.14581
0.57670,0.53692,0.12953
0.54950,0.36027,0.16685
0.49438,0.12867,0.10653
0.41408,0.13734,0.13744
0.31072,0.05795,0.11792
0.18900,-0.09249,0.11662
0.05153,0.00873,0.10650
-0.09584,-0.20161,0.08517
-0.24875,-0.46820,0.14099
-0.40399,-0.51178,0.16635
-0.55627,-0.63124,0.08954
-0.70043,-0.86840,0.12866
-0.82988,-0.98128,0.16372
-0.94059,-0.98918,0.18975
-1.03004,-1.05013,0.20443
-1.09457,-1.12210,0.21972
-1.13118,-1.25894,0.22990
-1.13936,-1.22211,0.21422
-1.11948,-1.10701,0.27368
-1.07239,-0.88712,0.26799
-1.00047,-0.66707,0.12636
-0.90569,-0.76691,0.17081
-0.72432,-0.85748,0.21310
-0.71139,-0.66102,0.14652
-0.68825,-0.39504,0.15712
-0.65246,-0.20216,0.13712
-0.60499,-0.33067,0.16462
-0.50098,-0.55336,0.17780
-0.55348,-0.53811,0.16814
-0.59971,-0.66909,0.14966
-0.63607,-0.71338,0.13621
-0.52515,-0.81378,0.16120
-0.65760,-0.95842,0.19139
-0.78083,-0.98219,0.17471
-0.88707,-0.85663,0.21743
-0.97451,-0.91337,0.24710
-0.90552,-1.10470,0.17915
-1.06325,-1.07952,0.23887
-1.19799,-1.30877,0.25259
-1.30136,-1.19017,0.30058
-1.36984,-1.44123,0.30298
-1.23909,-1.56324,0.25356
-1.35550,-1.60130,0.25448
-1.44311,-1.49781,0.21157
-1.49436,-1.44977,0.24622
-1.51149,-1.35456,0.26230
-1.49505,-1.39570,0.25465
-1.35730,-1.40746,0.22189
-1.39004,-1.36326,0.21086
-1.38956,-1.22661,0.24379
-1.35606,-1.00265,0.18819
-1.28989,-1.01461,0.17197
-1.06650,-0.97941,0.14873
-1.06062,-0.99949,0.23384
-1.03462,-0.68780,0.11585
-0.98511,-0.53724,0.11662
-0.91439,-0.61179,0.16613
-0.68095,-0.75412,0.16166
-0.68905,-0.77678,0.15920
-0.68951,-0.51358,0.13735
-0.67800,-0.54845,0.13882
-0.65411,-0.49723,0.12574
-0.48775,-0.72048,0.12731
-0.56144,-0.69284,0.12208
-0.63046,-0.91260,0.16061
-0.68929,-0.86626,0.15675
-0.73553,-0.89524,0.17037
-0.76700,-0.97190,0.19949
-0.78265,-0.96017,0.14694
-0.78207,-0.81423,0.14763
-0.76530,-0.89356,0.13480
-0.73280,-0.75848,0.11439
-0.68586,-0.74501,0.15159
-0.62606,-0.71494,0.20286
-0.55489,-0.79861,0.16893
-0.47457,-0.46658,0.17289
-0.38834,-0.48532,0.22330
-0.29905,-0.35370,0.18872
-0.20884,-0.03364,0.09717
-0.12066,-0.08449,0.11152
-0.03839,-0.30657,0.18676
0.03503,-0.12774,0.47415
0.09769,1.70280,0.61749
0.14724,2.17836,0.41367
0.18124,2.72758,0.47673
0.19850,3.01242,0.55361
0.19851,3.65830,0.67015
0.18132,4.12357,0.79469
0.14754,3.04390,0.49212
0.09839,1.17607,0.31497
0.03515,0.10094,0.10727
-0.04015,0.01236,0.09451
-0.12543,-0.16545,0.10873
-0.21709,-0.31968,0.14256
-0.31162,-0.37033,0.14312
-0.40737,-0.49920,0.16707
-0.50146,-0.58501,0.15124
-0.58889,-0.64703,0.12335
-0.66614,-0.77145,0.14455
-0.73183,-0.76534,0.15558
-0.78358,-0.76862,0.15170
-0.81814,-0.97064,0.14784
-0.83411,-0.93111,0.15497
-0.83119,-0.85529,0.16329
-0.80950,-0.90002,0.12500
-0.76987,-0.83499,0.16923
-0.71377,-0.70699,0.12826
-0.64237,-0.55040,0.13634
-0.55773,-0.41965,0.16986
-0.46384,-0.26457,0.16381
-0.36419,-0.16376,0.16583
-0.15821,-0.22630,0.15840
-0.14662,0.05610,0.16078
-0.14364,0.01197,0.06818
-0.14634,0.08658,0.07101
-0.15449,-0.07302,0.14138
-0.11879,-0.15478,0.11145
-0.22635,-0.25323,0.15352
-0.33910,-0.33361,0.10355
-0.45117,-0.37329,0.11884
-0.46050,-0.65507,0.14652
-0.64559,-0.84996,0.14701
-0.82043,-0.97639,0.17651
-0.97830,-0.80301,0.15243
-1.11246,-1.09163,0.22703
-1.12600,-1.33790,0.24267
-1.28556,-1.44739,0.30446
-1.41439,-1.41516,0.28294
-1.50532,-1.51733,0.33186
-1.55909,-1.64754,0.26815
-1.48083,-1.65570,0.25988
-1.55091,-1.68344,0.26289
-1.58605,-1.52637,0.22404
-1.58626,-1.51857,0.21609
-1.55180,-1.35400,0.24622
-1.37974,-1.40747,0.26132
-1.36283,-1.24522,0.23212
-1.31181,-1.15844,0.22870
-1.22829,-0.97325,0.17165
-1.11503,-0.84659,0.15584
-0.86685,-0.71198,0.14650
-0.79486,-0.52849,0.12778
-0.71047,-0.31268,0.18332
-0.61184,-0.33602,0.11052
-0.50375,-0.39215,0.12407
-0.29544,-0.31388,0.19865
-0.26720,-0.32683,0.16868
-0.24207,-0.12860,0.12744
-0.21910,-0.10342,0.20643
-0.19897,-0.21033,0.17509
-0.18200,-0.27295,0.13527
-0.16889,-0.34347,0.15938
-0.16042,-0.32654,0.18187
-0.15669,-0.22175,0.13587
-0.15789,-0.14119,0.15832
-0.16406,-0.27079,0.13624
-0.17493,-0.21704,0.12124
-0.19014,-0.15509,0.12009
-0.20941,-0.20802,0.12226
-0.23178,-0.23606,0.13512
-0.25645,-0.27994,0.13560
-0.28304,-0.15406,0.09200
-0.31061,-0.27049,0.10896
-0.33795,-0.21306,0.11836
-0.36379,-0.36128,0.11484
-0.38731,-0.35752,0.13482
-0.40810,-0.29083,0.11061
-0.42532,-0.25670,0.11283
-0.43825,-0.34455,0.16665
-0.44635,-0.39950,0.21518
-0.44927,-0.37944,0.12547
-0.44679,-0.33459,0.15153
-0.43899,-0.47929,0.16191
-0.42611,-0.50638,0.13774
-0.40848,-0.52336,0.15580
-0.38666,-0.49777,0.17985
-0.36156,-0.49313,0.14630
-0.33407,-0.51069,0.18845
-0.30493,-0.25970,0.14912
-0.27536,-0.32490,0.15438
-0.24649,-0.16179,0.11983
-0.21936,-0.23392,0.11492
-0.19475,-0.23108,0.15889
-0.17381,-0.17628,0.15963
-0.15741,-0.22139,0.13800
-0.14603,-0.17253,0.13418
-0.14015,-0.14120,0.11559
-0.14014,-0.16369,0.11302
-0.14607,-0.08953,0.10232
-0.15778,-0.06257,0.13149
-0.17494,-0.14420,0.11317
-0.19684,-0.05428,0.08836
-0.22271,-0.12253,0.13231
-0.23676,-0.20426,0.11051
-0.29294,-0.21143,0.16195
-0.35037,-0.19889,0.13600
-0.40641,-0.24255,0.15354
-0.45967,-0.32280,0.11861
-0.50832,-0.48072,0.16016
-0.54950,-0.51278,0.12312
-0.58134,-0.54210,0.13783
-0.60320,-0.57832,0.13488
-0.61418,-0.59586,0.15361
-0.61332,-0.55950,0.14703
-0.60055,-0.45087,0.15737
-0.57618,-0.49971,0.17346
-0.54121,-0.48027,0.12213
-0.49701,-0.60387,0.12800
-0.44450,-0.68936,0.12916
-0.38527,-0.44141,0.15191
-0.32226,-0.46123,0.12995
-0.25722,-0.29456,0.13063
-0.19205,-0.23090,0.17210
-0.13031,-0.18985,0.13624
-0.07382,-0.09247,0.12689
-0.02445,-0.12285,0.11526
0.01477,-0.02186,0.09628
0.04200,-0.08982,0.11886
0.05599,-0.01924,0.12813
0.05650,-0.06085,0.12210
0.04342,0.00238,0.09694
0.01715,0.01875,0.08810
-0.02107,-0.00957,0.11873
-0.06977,-0.11923,0.10853
-0.12764,-0.07621,0.10753
-0.19248,-0.12930,0.14597
-0.26126,-0.38159,0.15953
-0.33151,-0.36436,0.13624
-0.40137,-0.43682,0.17418
-0.46729,-0.47637,0.14405
-0.52751,-0.44985,0.19301
-0.57883,-0.67805,0.15493
-0.61931,-1.04666,0.29435
-0.64786,-1.28138,0.30335
-0.66314,0.00046,0.12215
-0.66427,-0.30992,0.20972
-0.65134,-0.51826,0.18759
-0.62468,-1.00093,0.27589
-0.58513,-0.86923,0.15354
-0.42167,-0.60875,0.15068
-0.47607,-0.73476,0.11498
-0.53571,-0.74459,0.13890
-0.58571,-0.83257,0.17612
-0.47936,-0.59979,0.16570
-0.38541,-0.47780,0.12613
-0.28991,-0.43051,0.16264
-0.19233,-0.16446,0.12518
-0.09911,-0.16455,0.12308
-0.01192,0.04188,0.11931
0.06567,0.08040,0.10186
0.13018,0.02685,0.09659
0.17748,0.09372,0.12208
0.20596,0.30385,0.14492
0.21531,0.31059,0.16003
0.20464,0.12141,0.09695
0.17453,0.09491,0.09937
0.12633,0.07812,0.09985
0.06108,-0.00671,0.12394
-0.01764,-0.05933,0.09274
-0.10683,-0.01379,0.08152
-0.20488,-0.15237,0.13582
-0.30821,-0.34336,0.15279
-0.41101,-0.47266,0.17732
-0.51140,-0.60168,0.14325
-0.60549,-0.62365,0.10035
-0.68922,-0.68927,0.15563
-0.75731,-0.83831,0.21164
-0.80728,-0.85367,0.18731
-0.83841,-0.92585,0.19617
-0.84906,-0.75948,0.17913
-0.83824,-0.80221,0.15897
-0.80669,-0.71491,0.16482
-0.75526,-0.75987,0.10618
-0.68576,-0.66877,0.16126
-0.60199,-0.66443,0.17695
-0.50555,-0.51494,0.14280
-0.39981,-0.52136,0.18445
-0.29058,-0.53921,0.14223
-0.18072,-0.35296,0.15162
-0.07347,-0.18299,0.14287
0.02699,-0.27995,0.22188
0.11551,-0.10202,0.10836
0.18832,0.21289,0.16411
0.24320,0.71751,0.18724
0.27771,0.84810,0.18676
0.28982,0.66724,0.16444
0.27906,0.38495,0.20856
0.34023,0.11999,0.11795
0.15942,-0.03409,0.08169
-0.04167,-0.21098,0.09869
-0.25291,-0.35399,0.11437
-0.30098,-0.56620,0.19307
-0.62257,-0.72930,0.16470
-0.93904,-0.99856,0.25235
-1.23672,-1.22166,0.27392
-1.50661,-1.42702,0.30616
-1.73781,-1.70311,0.22724
-1.77197,-2.05311,0.25451
-2.04203,-2.23233,0.23444
-2.27991,-2.57299,0.31412
-2.48436,-2.93581,0.46242
-2.65440,-3.09560,0.52041
-2.78927,-3.10094,0.33410
-2.70401,-3.12568,0.52867
-2.88714,-3.14385,0.33454
-3.03607,-3.00006,0.40987
-3.15016,-3.23998,0.49240
-3.22898,-3.53669,0.56562
-3.27234,-3.36411,0.55075
-3.05681,-3.21641,0.44265
-3.15182,-3.25891,0.45957
-3.21204,-3.48353,0.59938
-3.23738,-3.63493,0.44710
-3.22789,-3.52196,0.46498
-3.18389,-3.04483,0.43680
-3.10586,-2.82849,0.40063
-2.85185,-3.00073,0.46411
-2.82658,-2.75345,0.52064
-2.76750,-2.70079,0.64040
-2.67517,-2.78468,0.50375
-2.55031,-2.74470,0.47261
-2.39382,-2.45562,0.51226
-2.03313,-2.19947,0.47190
-1.92784,-1.84937,0.36236
-1.79081,-1.61149,0.36098
-1.62298,-1.09285,0.20473
-1.42546,-0.99147,0.26027
-1.19950,-0.71684,0.12363
-0.76802,-0.71022,0.23401
-0.60331,-0.13318,0.12508
-0.43550,0.08506,0.08901
-0.26574,0.26388,0.19163
-0.09652,0.28209,0.14190
0.06663,0.28792,0.13433
0.29215,0.36523,0.15893
0.30526,0.28043,0.15313
0.29545,0.13437,0.10786
0.26610,0.17464,0.13972
0.21869,0.09990,0.11519
0.15490,0.11753,0.12685
0.07629,0.13630,0.13326
-0.01447,0.01617,0.05680
-0.11443,-0.04960,0.10806
-0.21951,-0.10400,0.14864
-0.32659,-0.33882,0.16657
-0.43331,-0.44206,0.12935
-0.53598,-0.61032,0.18214
-0.62989,-0.71620,0.18588
-0.71219,-0.79954,0.18473
-0.78097,-0.94572,0.17345
-0.83353,-1.08274,0.18864
-0.86737,-0.99926,0.19771
-0.88211,-0.88387,0.15851
-0.87729,-0.84332,0.19599
-0.85296,-0.71980,0.16619
-0.81030,-0.73113,0.21027
-0.75017,-0.74575,0.13832
-0.67562,-0.63370,0.15115
-0.58788,-0.63641,0.11957
-0.49124,-0.49042,0.13591
-0.38893,-0.26530,0.20495
-0.28234,-0.15149,0.12528
-0.17505,-0.02279,0.09719
-0.07285,0.12337,0.10408
0.02102,0.13253,0.12410
0.10524,0.21233,0.12320
0.17475,0.25391,0.16840
0.22723,0.11097,0.10429
0.26116,0.23851,0.14764
0.27612,0.30854,0.15045
0.27100,0.12024,0.12580
0.24623,0.10397,0.11777
0.20247,0.08485,0.07908
0.14116,0.03471,0.08666
0.06545,-0.01337,0.09095
-0.02210,-0.12814,0.11359
-0.11862,-0.21766,0.12525
-0.22255,-0.21501,0.12619
-0.32854,-0.33474,0.13453
-0.43301,-0.45208,0.16824
-0.53447,-0.42305,0.12865
-0.62906,-0.60310,0.14684
-0.71122,-0.66203,0.15702
-0.69460,-0.84546,0.14630
-0.82502,-1.13206,0.28164
-0.93892,-0.91393,0.15365
-1.02984,-0.89755,0.16644
-1.09451,-1.02884,0.16174
-1.06196,-1.17527,0.25041
-1.14992,-1.06283,0.17001
-1.21036,-1.00257,0.21985
-1.23890,-1.18672,0.25275
-1.23553,-1.10637,0.19943
-1.14219,-1.20155,0.24302
-1.15754,-1.08828,0.26348
-1.14636,-1.04388,0.25115
-1.10654,-0.97750,0.21103
-1.03970,-0.94066,0.21727
-0.90210,-0.97383,0.27066
-0.87023,-0.83470,0.12935
-0.82079,-0.64673,0.18091
-0.75341,-0.49120,0.16878
-0.56552,-0.43302,0.16018
-0.55318,-0.36806,0.16211
-0.53470,-0.09114,0.13982
-0.50802,-0.15605,0.14113
-0.47379,-0.17435,0.16954
-0.36087,-0.17014,0.15178
-0.39806,-0.08048,0.11260
-0.43440,-0.24189,0.20197
-0.46628,-0.43930,0.23307
-0.49234,-0.42565,0.16949
-0.47603,-0.79385,0.17175
-0.56828,-0.88931,0.17713
-0.65330,-0.91346,0.17908
-0.72620,-0.98250,0.18313
-0.78471,-0.87498,0.18864
-0.82658,-0.94414,0.23640
-0.84963,-0.87524,0.20328
-0.85307,-0.77526,0.16160
-0.83694,-0.90045,0.16702
-0.80171,-1.05558,0.25367
-0.74883,-0.87953,0.17812
-0.68020,-0.74030,0.17790
-0.59724,-0.69105,0.14963
-0.52797,-0.71314,0.18833
-0.38635,-0.54396,0.15911
-0.24056,-0.12921,0.12692
-0.09611,-0.17509,0.14075
-0.00055,0.21285,0.10306
0.16749,0.15054,0.13643
0.32073,0.12445,0.10328
0.45493,0.31239,0.14753
0.56497,0.75786,0.19739
0.61585,0.65407,0.19489
0.70081,0.76548,0.15450
0.75093,0.69130,0.10976
0.76472,0.73351,0.17593
0.69297,0.73611,0.14470
0.67662,0.64669,0.15151
0.62875,0.49309,0.11028
0.55003,0.47161,0.13501
0.44355,0.29174,0.20208
0.28096,0.20756,0.15991
0.17020,0.02185,0.10033
0.04526,0.03190,0.10976
-0.08979,-0.11597,0.11675
-0.23100,-0.15319,0.14348
-0.39233,-0.34910,0.17141
-0.49585,-0.53492,0.15245
-0.59097,-0.73835,0.15926
-0.67550,-0.67102,0.18694
-0.77870,-0.81025,0.18649
-0.79633,-0.76056,0.18282
-0.79482,-0.75326,0.17494
-0.77578,-0.76343,0.17803
-0.77950,-0.62453,0.18660
-0.68817,-0.67779,0.14606
-0.58301,-0.52044,0.18561
-0.46868,-0.42489,0.15767
-0.34907,-0.08619,0.13986
-0.24382,-0.04361,0.13418
-0.08512,-0.03265,0.08787
0.06623,0.19962,0.12543
0.20420,0.21591,0.16626
0.28658,0.28693,0.16156
0.42528,0.30403,0.15280
0.53865,0.38543,0.14062
0.62168,0.42058,0.18992
0.67182,0.53773,0.13959
0.66924,0.74685,0.16888
0.69225,0.66952,0.19394
0.68209,0.54042,0.14103
0.63877,0.52814,0.14787
0.52255,0.60327,0.12006
0.46021,0.13989,0.16125
0.37476,0.08694,0.11081
0.26633,0.22826,0.13650
0.13859,-0.00262,0.09393
-0.02790,-0.04577,0.11433
-0.13842,-0.21758,0.13906
-0.25479,-0.40510,0.13010
-0.37398,-0.54188,0.13763
-0.53623,-0.74007,0.17063
-0.60624,-0.82586,0.20217
-0.66527,-0.91205,0.14045
-0.71215,-0.88774,0.16620
-0.74404,-1.01728,0.21088
-0.77551,-0.84224,0.17912
-0.73562,-0.88201,0.12671
-0.67994,-0.69768,0.13955
-0.61136,-0.62333,0.13874
-0.53116,-0.63170,0.17508
-0.44207,-0.33945,0.15121
-0.34713,-0.32134,0.14763
-0.25116,-0.41003,0.16979
-0.15732,-0.22763,0.19167
-0.06697,-0.01254,0.13075
0.01638,-0.03742,0.12066
0.08778,0.10103,0.12179
0.14489,0.00544,0.07906
0.18700,0.11520,0.11787
0.21217,-0.21696,0.17776
0.21897,-0.09086,0.12472
0.20725,-0.02370,0.07531
0.17738,-0.02032,0.09840
0.13055,0.05619,0.10731
0.06847,0.01113,0.08512
-0.00722,-0.14258,0.13069
-0.09403,-0.08423,0.09936
-0.18833,-0.14009,0.11033
-0.28683,-0.29320,0.15024
-0.38703,-0.22955,0.14544
-0.48552,-0.56777,0.14715
-0.48301,-0.67145,0.16459
-0.68293,-0.91927,0.14768
-0.87668,-0.81161,0.13404
-1.05458,-1.00321,0.14209
-1.20585,-1.01821,0.29609
-1.20963,-1.34583,0.33979
-1.40814,-1.30275,0.27690
-1.57478,-1.57640,0.29105
-1.70393,-1.70721,0.32466
-1.79822,-1.88808,0.29126
-1.68476,-1.84066,0.45386
-1.82556,-1.57590,0.60164
-1.93247,-1.77612,0.31286
-2.00513,-1.56700,0.50124
-2.04331,-1.62212,0.83646
-2.04703,-1.78757,0.65589
-1.88927,-1.95074,0.31335
-1.94177,-2.03271,0.41683
-1.96028,-1.82917,0.28181
-1.94493,-1.79294,0.22956
-1.89599,-1.76026,0.30490
-1.61636,-1.62193,0.24605
-1.61661,-1.72084,0.39373
-1.58358,-1.43999,0.26407
-1.51763,-1.09326,0.26767
-1.41934,-1.00094,0.19519
-1.28939,-1.05784,0.21304
-0.98824,-0.96378,0.15415
-0.91520,-0.73850,0.19722
-0.82896,-0.41089,0.14990
-0.72735,-0.28431,0.14243
-0.61133,-0.29561,0.15153
-0.33250,-0.29889,0.14939
-0.31995,-0.01245,0.09458
-0.31082,0.09216,0.10714
-0.30132,0.05617,0.10149
-0.29161,0.03491,0.04526
-0.16855,-0.17693,0.14040
-0.27885,-0.52493,0.14654
-0.39425,-0.34226,0.13027
-0.50794,-0.50168,0.15575
-0.61361,-0.69234,0.12636
-0.61229,-0.83770,0.15434
-0.80815,-1.07381,0.17071
-0.99293,-1.34195,0.24191
-1.15315,-1.43145,0.22405
-1.28360,-1.62165,0.23654
-1.38315,-1.71974,0.33807
-1.44771,-1.72218,0.27611
-1.47681,-1.58074,0.29058
-1.47242,-1.50589,0.32917
-1.43499,-1.48180,0.27844
-1.36489,-1.44229,0.35176
-1.26270,-1.27594,0.22003
-1.13141,-1.20612,0.25370
-0.97431,-0.92300,0.17767
-0.79936,-0.68644,0.21270
-0.61159,-0.17693,0.14656
-0.41603,-0.25418,0.16950
-0.21516,-0.35682,0.20668
-0.01513,-0.08445,0.14846
0.17403,0.10157,0.10838
0.34685,0.44178,0.23326
0.50124,1.22585,0.49361
0.63089,1.54220,0.40687
0.72948,2.12497,0.53790
0.79284,2.97736,0.53459
0.82203,3.75673,0.56010
0.81801,3.86388,0.63959
0.78150,3.25462,0.54614
0.71293,2.30244,0.44399
0.61316,0.41064,0.26460
0.48519,0.48531,0.15841
0.33598,0.20319,0.12996
0.16747,0.02374,0.10123
-0.01544,-0.10305,0.09960
-0.20737,-0.30053,0.13291
-0.39984,-0.53268,0.15341
-0.58774,-0.81497,0.15060
-0.76574,-0.97125,0.16843
-0.93142,-1.20257,0.19913
-1.07693,-1.33008,0.22091
-1.19538,-1.37530,0.26254
-1.28395,-1.46864,0.25712
-1.34203,-1.46887,0.23303
-1.36591,-1.38351,0.21749
-1.35621,-1.53957,0.31769
-1.31432,-1.33993,0.30124
-1.24187,-1.21498,0.25158
-1.14191,-0.95180,0.23137
-1.01634,-0.73187,0.12418
-0.86931,-0.68798,0.16341
-0.70774,-0.43107,0.17682
-0.53449,-0.45699,0.21217
-0.35332,-0.19551,0.13801
-0.10566,0.05522,0.11647
-0.00683,0.27419,0.18912
0.07984,0.27404,0.13233
0.15412,0.18619,0.13268
0.21429,0.42062,0.19578
0.28673,0.43368,0.13799
0.22690,0.24225,0.14307
0.14817,0.07113,0.10027
0.05465,0.12251,0.13331
0.02636,-0.10483,0.11415
-0.16662,-0.25088,0.12734
-0.36735,-0.56679,0.15820
-0.56781,-0.64249,0.16402
-0.75989,-0.75712,0.16510
-0.84384,-0.93322,0.27984
-1.07946,-1.17043,0.29887
-1.29634,-1.38302,0.39005
-1.48175,-1.57180,0.28515
-1.63142,-1.77824,0.35392
-1.60644,-1.80870,0.31047
-1.77157,-1.99727,0.26849
-1.90605,-1.98204,0.30299
-2.00929,-1.84311,0.50833
-2.08086,-1.98899,0.49131
-2.12053,-2.13990,0.41288
-2.02029,-2.21820,0.51453
-2.07903,-2.33450,0.29587
-2.10608,-2.01864,0.22998
-2.10142,-2.13186,0.26944
-2.06524,-1.78632,0.32130
-1.99784,-1.85059,0.29159
-1.82738,-1.67970,0.34912
-1.77968,-1.40538,0.23644
-1.70115,-1.38052,0.22567
-1.59233,-1.17266,0.25826
-1.45391,-1.12751,0.17351
-1.16835,-1.21020,0.26163
-1.05216,-1.07942,0.17927
-0.91532,-0.88511,0.16823
-0.75980,-0.78620,0.13942
-0.59004,-0.70434,0.18420
-0.41265,-0.25045,0.11468
-0.23295,-0.13976,0.12109
-0.05307,-0.01553,0.08926
0.11968,0.18147,0.11084
0.27731,0.23499,0.13418
0.41766,0.27406,0.18472
0.53558,0.15272,0.10193
0.62575,0.58507,0.13820
0.68618,0.81418,0.15356
0.71551,0.75590,0.21639
0.71374,0.84110,0.14321
0.68121,0.85689,0.13369
0.61973,0.64257,0.14077
0.53123,0.61876,0.18444
0.41886,0.22185,0.11975
0.28731,0.10037,0.11389
0.14027,0.05775,0.07613
-0.01945,-0.09894,0.11389
-0.18699,-0.19979,0.09196
-0.35753,-0.51270,0.18222
-0.52463,-0.64757,0.26670
-0.68539,-0.79923,0.14504
-0.83438,-0.93410,0.14432
-0.96499,-1.07963,0.26814
-1.07362,-1.19626,0.19004
-1.15699,-1.27434,0.24411
-1.21357,-1.17686,0.14236
-1.24064,-1.32448,0.20902
-1.23815,-1.20930,0.14347
-1.20685,-1.15716,0.20926
-1.14804,-1.11083,0.23157
-1.06454,-0.92310,0.15580
-0.95920,-0.96087,0.19738
-0.83442,-0.72368,0.16664
-0.69424,-0.64756,0.17556
-0.54408,-0.51188,0.14860
-0.38796,-0.23880,0.14352
-0.22886,-0.21212,0.17919
-0.07334,-0.10367,0.09939
0.07418,0.10052,0.11250
0.20910,0.23493,0.16370
0.32843,0.39840,0.16552
0.42763,0.61502,0.17194
0.50220,0.76723,0.15051
0.55040,0.69820,0.13357
0.57114,0.61265,0.13013
0.56442,0.71497,0.15569
0.53058,0.71401,0.18897
0.47139,0.59054,0.18726
0.40322,0.33506,0.19188
0.27771,0.12061,0.11556
0.13460,0.02006,0.09079
-0.01983,-0.10151,0.10028
-0.18134,-0.35076,0.18394
-0.34795,-0.45692,0.13658
-0.51447,-0.51907,0.11545
-0.67250,-0.73667,0.15094
-0.81751,-0.85967,0.14636
-0.94782,-1.01534,0.18288
-1.05565,-1.22252,0.22117
-1.13784,-1.09691,0.16427
-1.19392,-1.21856,0.20700
-1.22146,-1.15485,0.16210
-1.21936,-1.12369,0.20383
-1.18798,-1.13440,0.19007
-1.12914,-1.01488,0.18769
-1.04425,-0.96483,0.17739
-0.93619,-0.97090,0.19271
-0.81034,-0.81576,0.15504
-0.67039,-0.61413,0.14462
-0.51801,-0.50817,0.18903
-0.35902,-0.28660,0.16417
-0.19994,-0.07529,0.13763
-0.04497,-0.02197,0.09072
0.10390,-0.00359,0.11385
0.24122,0.06939,0.06595
0.35918,0.48829,0.13485
0.45451,0.32993,0.16315
0.52640,0.43425,0.18399
0.57110,0.44912,0.19489
0.58661,0.63722,0.13485
0.57345,0.67975,0.12054
0.53264,0.56805,0.14857
0.46606,0.21786,0.14090
0.37627,0.10862,0.10671
0.26482,0.10601,0.11030
0.13537,0.08644,0.10514
-0.00582,-0.04426,0.08038
-0.15709,-0.25487,0.12493
-0.31397,-0.37021,0.16120
-0.47030,-0.62800,0.12278
-0.61962,-0.72896,0.21325
-0.75776,-1.02637,0.19702
-0.88281,-1.07908,0.22566
-0.98977,-1.16654,0.24233
-1.07228,-1.71170,0.32820
-1.12837,-1.03016,0.24088
-1.15792,-0.73592,0.19818
-1.15953,-1.30115,0.30359
-1.13305,-1.79974,0.31357
-0.91670,-1.18807,0.24714
-0.93982,-1.03337,0.20859
-0.95035,-1.09176,0.17099
-0.94574,-0.89039,0.15680
-0.86346,-0.97915,0.19703
-0.70174,-0.66502,0.17310
-0.53264,-0.41820,0.13749
-0.35726,-0.16631,0.13061
-0.17926,0.00172,0.06972
-0.00491,0.03571,0.12934
0.16169,0.23053,0.13713
0.31342,0.56808,0.18245
0.44474,0.49859,0.16897
0.55127,0.64141,0.14289
0.63027,0.85040,0.12532
0.67880,0.87230,0.16235
0.69461,0.73643,0.11429
0.67775,0.79223,0.13116
0.62935,0.70861,0.15704
0.55169,0.67948,0.19357
0.44774,0.16362,0.13639
0.32027,0.12185,0.11012
0.17325,0.10739,0.12098
0.01229,-0.04085,0.14160
-0.15777,-0.24063,0.09646
-0.33338,-0.43763,0.17214
-0.50939,-0.57177,0.13899
-0.67875,-0.81167,0.18944
-0.83591,-0.99117,0.18520
-0.97804,-1.06074,0.23981
-1.10025,-1.25377,0.26934
-1.19535,-1.18506,0.22212
-1.26150,-1.29585,0.25823
-1.29691,-1.23919,0.19988
-1.29979,-1.21091,0.24358
-1.27010,-1.15538,0.19471
-1.20950,-1.07777,0.17775
-1.11978,-1.00916,0.24590
-1.00373,-0.84611,0.14506
-0.86513,-0.71219,0.17838
-0.70989,-0.59214,0.16045
-0.54302,-0.49282,0.18692
-0.36687,-0.17338,0.15157
-0.18821,-0.18745,0.16402
-0.01517,-0.12256,0.14711
0.14787,0.05112,0.10877
0.29733,0.15000,0.12766
0.42745,0.19638,0.16339
0.53356,0.82480,0.25696
0.61081,0.92217,0.12042
0.65747,0.93179,0.10938
0.67311,0.85289,0.14828
0.65730,0.82259,0.14997
0.61116,0.57138,0.20068
0.63406,0.35876,0.16517
0.42198,0.12270,0.09243
0.18599,-0.18124,0.11718
-0.06423,-0.47569,0.15187
-0.31801,-0.56486,0.20072
-0.43605,-0.75377,0.16006
-0.77519,-0.81260,0.22504
-1.10299,-1.17693,0.22913
-1.40837,-1.53885,0.27637
-1.68782,-1.92356,0.27798
-1.93493,-2.43903,0.32635
-1.91599,-2.65726,0.37726
-2.20360,-2.46876,0.35756
-2.46593,-2.60729,0.39541
-2.70171,-2.80136,0.39058
-2.90977,-3.04578,0.38287
-3.08911,-3.14570,0.36882
-3.23890,-3.39736,0.46310
-3.09666,-3.59474,0.46258
-3.29479,-3.63239,0.46983
-3.46425,-3.42784,0.52681
-3.60426,-3.63750,0.51316
-3.71421,-3.96843,0.46307
-3.79363,-3.76907,0.40645
-3.84221,-3.69612,0.65990
-3.57715,-3.72961,0.54993
-3.67819,-3.74364,0.54774
-3.74889,-3.87570,0.54491
-3.78900,-3.94598,0.62553
-3.79842,-4.05572,0.71618
-3.77719,-4.15414,0.71116
-3.72554,-3.88023,0.54522
-3.64384,-3.62587,0.53866
-3.35226,-3.63232,0.55939
-3.32379,-3.83765,0.53531
-3.26521,-3.45854,0.73898
-3.17694,-3.12389,0.43153
-3.05950,-2.94592,0.59779
-2.91359,-3.17947,0.57182
-2.74003,-2.88450,0.47943
-2.35964,-2.49320,0.54754
-2.23651,-2.25769,0.57379
-2.08527,-2.03645,0.36306
-1.90676,-1.33634,0.22175
-1.70195,-1.05339,0.16279
-1.47196,-0.88074,0.15426
-1.21801,-0.86237,0.16521
-0.78425,-0.43098,0.16377
-0.58309,0.00691,0.09456
-0.37687,0.23915,0.16428
-0.16825,0.43769,0.16820
0.03740,0.36432,0.19125
0.23261,0.50778,0.16609
0.52315,0.17939,0.15439
0.56909,0.51421,0.13594
0.58407,0.62325,0.14568
0.57242,0.54544,0.13708
0.53538,0.40871,0.15019
0.47434,0.28258,0.14540
0.39197,0.24370,0.11237
0.29086,0.13924,0.10218
0.17407,0.12185,0.07682
0.04391,0.04533,0.11034
-0.09445,-0.12597,0.13448
-0.23744,-0.38436,0.14753
-0.38242,-0.44708,0.11209
-0.52487,-0.58948,0.12500
-0.65907,-0.81415,0.16267
-0.78272,-0.97549,0.13834
-0.89150,-1.12811,0.26050
-0.98065,-1.23257,0.26935
-1.04797,-1.24061,0.23764
-1.09238,-1.24080,0.21195
-1.11264,-1.48155,0.22480
-1.10762,-1.09820,0.24526
-1.07806,-0.96120,0.15830
-1.02487,-0.88328,0.16271
-0.94976,-0.88567,0.14947
-0.85645,-0.79669,0.13895
-0.74610,-0.72123,0.13844
-0.62205,-0.64700,0.14342
-0.49006,-0.45138,0.12321
-0.35370,-0.14983,0.11008
-0.21442,-0.01635,0.10964
-0.07662,0.06131,0.11360
0.05519,0.22555,0.12477
0.17426,0.22262,0.15768
0.27732,0.18068,0.13127
0.36334,0.31679,0.19045
0.42885,0.19540,0.14654
0.47073,0.61237,0.12927
0.48738,0.44160,0.13609
0.47912,0.39908,0.18156
0.44649,0.22869,0.15577
0.39050,0.21731,0.14950
0.31401,0.06140,0.10320
0.21819,0.01454,0.08953
0.10605,0.03208,0.07645
-0.01892,-0.12348,0.10130
-0.15097,-0.17190,0.11877
-0.28640,-0.43083,0.13881
-0.42367,-0.55025,0.12863
-0.55832,-0.61971,0.14027
-0.68325,-0.69789,0.10621
-0.79483,-0.79365,0.16065
-0.78220,-0.92217,0.18044
-0.93577,-0.97684,0.22633
-1.07058,-1.14310,0.20297
-1.17969,-1.00028,0.16004
-1.26170,-1.09781,0.16691
-1.31311,-1.10399,0.19638
-1.28698,-1.25506,0.19584
-1.34905,-1.26258,0.25111
-1.38080,-1.24016,0.25904
-1.37887,-1.21367,0.24661
-1.34469,-1.20669,0.24903
-1.22417,-1.07110,0.19204
-1.20580,-0.96690,0.21559
-1.16177,-0.97956,0.15672
-1.09126,-0.95436,0.19811
-0.99779,-0.99473,0.22308
-0.81920,-0.78242,0.19637
-0.76071,-0.46882,0.15924
-0.69048,-0.51650,0.16732
-0.60944,-0.45306,0.21694
-0.51951,-0.35694,0.19430
-0.36662,-0.19668,0.19840
-0.34181,-0.01713,0.19003
-0.31762,0.02850,0.09116
-0.29343,0.02272,0.10922
-0.26958,-0.11637,0.18218
-0.21547,-0.14816,0.16537
-0.27119,-0.04590,0.11683
-0.32924,-0.11617,0.19632
-0.38624,-0.43102,0.22981
-0.35793,-0.68682,0.16462
-0.48463,-0.86312,0.15666
-0.60911,-0.82531,0.16946
-0.72251,-0.95217,0.16293
-0.82097,-0.98000,0.24224
-0.90340,-0.97798,0.20009
-0.96564,-1.09635,0.18723
-1.00467,-1.00880,0.14879
-1.02070,-1.04658,0.26647
-1.01294,-1.01008,0.21850
-0.98170,-0.88374,0.17280
-0.92846,-1.11855,0.23908
-0.85432,-0.87677,0.11435
-0.76176,-0.86358,0.14867
-0.68369,-0.79179,0.15709
-0.52637,-0.50215,0.17073
-0.35978,-0.40244,0.12866
-0.18989,-0.16286,0.14353
-0.02345,0.10306,0.07575
0.11545,0.15324,0.12324
0.29831,0.28112,0.15555
0.46411,0.14538,0.13565
0.60437,0.60942,0.19042
0.66379,0.97288,0.15018
0.77891,0.84033,0.17814
0.86053,0.88604,0.11692
0.90667,0.80357,0.15022
0.91945,0.82510,0.14271
0.85955,0.92085,0.17144
0.84471,0.66607,0.13474
0.79712,0.59871,0.12351
0.71721,0.80863,0.14174
0.60588,0.55514,0.14476
0.43531,0.15095,0.13369
0.31101,0.17750,0.14361
0.16905,0.08025,0.11447
0.01234,-0.06169,0.11535
-0.15340,-0.03474,0.09270
-0.34935,-0.22701,0.18358
-0.48323,-0.64729,0.16135
-0.61135,-0.72729,0.19695
-0.72915,-0.83954,0.21192
-0.83275,-0.90070,0.17310
-0.92827,-1.03155,0.16248
-0.95668,-1.14777,0.26873
-0.96209,-0.91015,0.24134
-0.94546,-0.82380,0.18450
-0.92894,-0.88549,0.15195
-0.83251,-0.69440,0.16147
-0.71819,-0.75554,0.19449
-0.59076,-0.40004,0.15690
-0.49369,-0.16282,0.26116
-0.31203,-0.04404,0.12678
-0.12874,0.05601,0.10066
0.04918,0.09434,0.10755
0.21871,0.17621,0.12335
0.33931,0.50139,0.17257
0.50977,0.41644,0.12889
0.65445,0.67605,0.15257
0.76754,0.55079,0.13520
0.84702,0.64875,0.15589
0.86376,0.88419,0.19260
0.91247,0.86055,0.18092
0.92826,0.83713,0.15008
0.91118,0.68206,0.16722
0.86150,0.76554,0.13080
0.76220,0.58051,0.11999
0.68608,0.44258,0.15301
0.57947,0.28996,0.14906
0.44782,0.22399,0.12242
0.24629,0.10855,0.09823
0.11315,0.01158,0.06471
-0.03076,-0.09114,0.13228
-0.18120,-0.36169,0.13039
-0.33420,-0.45312,0.13040
-0.52806,-0.80216,0.19790
-0.63718,-0.88977,0.14227
-0.73402,-1.06495,0.23380
-0.81549,-0.98232,0.19046
-0.87940,-1.07361,0.27791
-0.94487,-1.09423,0.23746
-0.93029,-1.00294,0.21798
-0.89408,-0.89434,0.12470
-0.83822,-0.89866,0.16559
-0.76462,-0.73242,0.14638
-0.67565,-0.60604,0.16795
-0.57563,-0.58737,0.19356
-0.46588,-0.42415,0.15370
-0.34978,-0.38022,0.16510
-0.23314,-0.21892,0.15645
-0.11946,0.00448,0.12721
-0.01222,0.04309,0.06836
0.08693,0.12757,0.15648
0.17220,0.07066,0.09109
0.24085,0.01139,0.10926
0.29218,-0.12019,0.13709
0.32392,0.02328,0.09521
0.33407,0.13075,0.13399
0.32278,0.05292,0.09942
0.29061,0.04339,0.06863
0.23881,-0.01103,0.10628
0.16976,0.04150,0.10304
0.08579,-0.08483,0.09003
-0.01180,-0.06146,0.10651
-0.11975,-0.13558,0.12217
-0.23371,-0.17879,0.12877
-0.34884,-0.38161,0.14344
-0.36514,-0.63042,0.14623
-0.58521,-0.89709,0.20153
-0.80166,-0.94122,0.13341
-1.00019,-1.07058,0.22785
-1.17804,-1.07233,0.25672
-1.18210,-1.43488,0.40873
-1.40560,-1.57854,0.33847
-1.59818,-1.78939,0.26206
-1.75601,-1.87052,0.26315
-1.88149,-1.95054,0.32966
-1.97420,-1.87687,0.44272
-1.91412,-1.94548,0.28416
-2.05388,-2.04948,0.24095
-2.16151,-1.90434,0.27408
-2.23661,-1.74414,0.53265
-2.27894,-1.56192,0.74644
-2.06680,-1.92578,0.52119
-2.15768,-2.00304,0.33096
-2.21631,-1.95853,0.35555
-2.24250,-1.81173,0.47622
-2.23628,-2.12800,0.47060
-2.19784,-2.09589,0.47495
-1.91779,-2.01628,0.27101
-1.92888,-1.79938,0.30588
-1.90800,-1.96255,0.35184
-1.85540,-1.65138,0.25021
-1.77150,-1.40399,0.23561
-1.65690,-1.25634,0.25635
-1.32611,-1.21111,0.21976
-1.26052,-1.06623,0.17663
-1.16599,-0.77909,0.15265
-1.04663,-0.64555,0.13786
-0.90743,-0.54024,0.15167
-0.74988,-0.45518,0.13566
-0.44866,-0.33014,0.16808
-0.38387,-0.02152,0.12413
-0.32018,0.08244,0.10151
-0.25594,0.11277,0.08415
-0.19250,0.08967,0.08765
-0.02305,0.01475,0.07201
-0.08413,-0.02634,0.09916
-0.15610,0.00217,0.08705
-0.23345,-0.07883,0.08357
-0.31354,-0.32762,0.19401
-0.31352,-0.56012,0.17018
-0.50176,-0.75024,0.14697
-0.68687,-0.94519,0.15943
-0.86177,-1.15767,0.22425
-1.01872,-1.29571,0.20494
-1.15220,-1.55163,0.31333
-1.25912,-1.40740,0.24841
-1.33558,-1.49584,0.27976
-1.37805,-1.44459,0.23642
-1.38622,-1.33035,0.19586
-1.36168,-1.61616,0.35183
-1.30519,-1.47541,0.25622
-1.21800,-1.45109,0.31980
-1.10355,-1.04623,0.20705
-0.96590,-0.87942,0.19345
-0.80833,-0.61183,0.18770
-0.63647,-0.43685,0.14158
-0.45540,-0.36093,0.14245
-0.26775,-0.17826,0.15658
-0.07827,0.11507,0.25967
0.10429,0.38526,0.25410
0.27383,0.79821,0.23792
0.42785,0.84540,0.25986
0.56116,2.14384,0.63239
0.66609,3.25048,0.53024
0.73909,4.01192,0.68128
0.77982,2.89473,0.48667
0.78703,2.47049,0.39791
0.76152,1.66017,0.52772
0.70426,1.01650,0.15849
0.61587,0.50582,0.17984
0.49925,0.33874,0.16613
0.35832,0.08162,0.09519
0.19909,0.04244,0.12892
0.02451,-0.08803,0.10065
-0.16153,-0.25812,0.13608
-0.35114,-0.49185,0.14981
-0.53671,-0.84086,0.18686
-0.71387,-0.88210,0.13074
-0.87902,-1.07075,0.19128
-1.02604,-1.24949,0.21790
-1.14824,-1.49989,0.25223
-1.24238,-1.41058,0.22336
-1.30687,-1.39304,0.21560
-1.33858,-1.30378,0.23001
-1.33751,-1.36833,0.20373
-1.30455,-1.45936,0.25943
-1.24120,-1.24803,0.24758
-1.15058,-0.93324,0.16621
-1.03591,-0.70510,0.12435
-0.89983,-0.65889,0.11952
-0.74674,-0.65857,0.15355
-0.58112,-0.56552,0.14746
-0.33874,-0.32139,0.17270
-0.24644,0.01559,0.10860
-0.15758,-0.01126,0.10095
-0.07317,0.19579,0.15171
0.00405,0.06443,0.08816
0.11724,0.09962,0.09412
0.08595,0.19587,0.19715
0.04026,0.08599,0.09222
-0.01673,-0.00572,0.05538
0.01177,-0.04767,0.09662
-0.14416,-0.42797,0.12473
-0.30885,-0.48350,0.13539
-0.47199,-0.47394,0.12522
-0.62849,-0.64722,0.18468
-0.68156,-0.87579,0.23930
-0.89460,-1.01522,0.26494
-1.08983,-1.19202,0.30530
-1.25875,-1.27125,0.30067
-1.39923,-1.51190,0.33118
-1.37804,-1.64445,0.30674
-1.53054,-1.71838,0.28502
-1.65167,-1.69243,0.29623
-1.74125,-1.90267,0.23471
-1.79893,-1.87642,0.35235
-1.82453,-2.04822,0.27029
-1.73766,-1.99678,0.26890
-1.78238,-1.86077,0.33406
-1.79527,-1.85284,0.31129
-1.77641,-1.49924,0.28058
-1.72603,-1.39506,0.32189
-1.52986,-1.48419,0.30988
-1.49912,-1.15265,0.20249
-1.43722,-1.21610,0.23939
-1.34463,-0.95288,0.14329
-1.22202,-0.93125,0.20547
-1.07342,-0.91078,0.19139
-0.83709,-0.75020,0.12805
-0.73284,-0.67953,0.15165
-0.61724,-0.67735,0.13983
-0.49354,-0.47421,0.13597
-0.36520,-0.33008,0.13956
-0.23576,-0.24858,0.10745
-0.10688,-0.01568,0.08331
0.01610,-0.12626,0.14617
0.12772,0.07134,0.14717
0.22497,0.13394,0.12413
0.30668,0.27388,0.13570
0.36954,0.53944,0.17691
0.40988,0.34343,0.14029
0.42706,0.58866,0.17860
0.42105,0.60055,0.18062
0.39226,0.35177,0.15247
0.34209,0.27664,0.16202
0.27241,0.18772,0.11723
0.18562,0.04111,0.12754
0.08303,-0.02504,0.08532
-0.03130,-0.14791,0.12690
-0.15372,-0.12027,0.11630
-0.28154,-0.39704,0.12651
-0.41098,-0.47269,0.14339
-0.53683,-0.55282,0.13693
-0.65603,-0.71219,0.13922
-0.76471,-0.67894,0.11778
-0.85795,-0.87681,0.13434
-0.93339,-0.91335,0.21956
-0.98848,-0.94178,0.17924
-1.02106,-1.04598,0.23306
-1.02971,-1.12511,0.18857
-1.01441,-0.87062,0.15563
-0.97583,-0.99017,0.19245
-0.91558,-0.85271,0.18897
-0.83580,-0.70331,0.19896
-0.73911,-0.69610,0.18710
-0.62787,-0.62988,0.14132
-0.50546,-0.47990,0.13593
-0.37661,-0.38679,0.15332
-0.24442,-0.19699,0.15410
-0.11276,-0.03833,0.09189
0.01288,0.04788,0.09344
0.12824,0.17907,0.12936
0.22947,0.31134,0.14871
0.31454,0.34310,0.14157
0.38044,0.59335,0.16154
0.42314,0.42806,0.16306
0.44116,0.74042,0.13474
0.43467,0.55823,0.12197
0.40388,0.55480,0.13864
0.37294,0.24194,0.15944
0.27454,0.18795,0.16232
0.15571,0.06561,0.08885
0.02214,-0.09307,0.09548
-0.12121,-0.19951,0.11251
-0.27215,-0.32886,0.09577
-0.42662,-0.50676,0.15504
-0.57716,-0.63713,0.15753
-0.71838,-0.81103,0.15467
-0.84795,-1.07180,0.22606
-0.96144,-1.08509,0.18108
-1.05219,-1.20384,0.16177
-1.11679,-1.08783,0.20776
-1.15361,-1.12910,0.21439
-1.16219,-1.08597,0.21494
-1.14202,-1.12582,0.21663
-1.09392,-1.06651,0.16467
-1.01932,-0.87870,0.19611
-0.92050,-0.99655,0.20807
-0.80069,-0.69968,0.14475
-0.66514,-0.59422,0.15081
-0.51673,-0.40549,0.14667
-0.36095,-0.23642,0.15103
-0.20351,-0.08628,0.12185
-0.04891,-0.06622,0.09838
0.10001,0.08989,0.09794
0.23845,0.10472,0.15641
0.35866,0.46113,0.15216
0.45603,0.35878,0.14828
0.52652,0.35077,0.18520
0.56846,0.57624,0.15570
0.58176,0.70197,0.09785
0.56568,0.65349,0.15750
0.52107,0.57958,0.16862
0.45013,0.45987,0.16325
0.35437,0.15102,0.14001
0.23879,0.13728,0.13524
0.10722,0.06836,0.10695
-0.03857,0.01506,0.06551
-0.19389,-0.38793,0.12811
-0.35112,-0.46305,0.12692
-0.50560,-0.65690,0.16993
-0.65544,-0.86869,0.17860
-0.79509,-1.10587,0.23724
-0.91643,-1.05220,0.21701
-1.01582,-1.18323,0.17037
-1.09022,-1.47206,0.20973
-1.13878,-0.68166,0.25239
-1.15830,-0.79228,0.35798
-1.14873,-1.98378,0.38384
-1.11286,-1.20316,0.21159
0.00085,0.04650,0.09905
0.00085,0.05330,0.12846
0.00085,0.03764,0.11558
0.00076,0.15720,0.16321
0.00051,0.06863,0.06304
0.00027,-0.04188,0.14744
-0.00036,0.06812,0.12593
-0.00117,0.16457,0.11487
-0.00241,0.18277,0.14663
-0.00349,0.14583,0.13415
-0.00494,0.07816,0.13014
-0.00675,0.05137,0.09495
-0.00888,-0.00249,0.12362
-0.01133,-0.00452,0.09950
-0.01416,0.02374,0.09009
-0.00836,-0.01561,0.10147
-0.02314,-0.04847,0.09043
-0.02551,-0.01952,0.11291
-0.03000,-0.08282,0.10856
-0.03514,-0.06487,0.11195
-0.04080,-0.05226,0.12165
-0.04704,-0.03171,0.13414
-0.05383,-0.05066,0.09163
-0.06128,-0.08285,0.11105
-0.06937,-0.03267,0.12439
-0.08194,-0.13023,0.14575
-0.08847,-0.07475,0.09567
-0.09716,-0.12722,0.11962
-0.10810,-0.10716,0.10135
-0.11955,-0.12931,0.09261
-0.13172,-0.07613,0.10466
-0.13885,0.08573,0.11811
-0.15755,0.03329,0.12003
-0.17256,0.05048,0.10421
-0.18700,-0.00396,0.10453
-0.20237,-0.21395,0.15960
-0.21818,-0.07046,0.10610
-0.23647,-0.27091,0.12935
-0.25417,-0.20690,0.13022
-0.26847,-0.18421,0.12460
-0.28576,-0.24637,0.12199
-0.30318,-0.29294,0.16687
-0.32077,-0.27164,0.16315
-0.33837,-0.28034,0.13385
-0.35572,-0.37871,0.11766
-0.37280,-0.39559,0.16300
-0.38950,-0.34544,0.12772
-0.40585,-0.41967,0.12495
-0.42158,-0.45972,0.13612
-0.43648,-0.49508,0.15647
-0.45049,-0.53848,0.15294
-0.46364,-0.54873,0.13190
-0.47565,-0.54244,0.13090
-0.48635,-0.51204,0.18229
-0.49568,-0.55520,0.15630
-0.50362,-0.53690,0.13392
-0.50994,-0.46385,0.13986
-0.51459,-0.52322,0.13741
-0.51749,-0.55397,0.16723
-0.51863,-0.61755,0.12897
-0.51791,-0.51551,0.16272
-0.51530,-0.53016,0.12599
-0.51081,-0.42879,0.16421
-0.50438,-0.45270,0.15478
-0.49612,-0.49646,0.14311
-0.48606,-0.50602,0.14508
-0.47417,-0.57098,0.12038
-0.46055,-0.48562,0.15146
-0.44541,-0.54562,0.15510
-0.42889,-0.62959,0.18464
-0.41120,-0.56127,0.18427
-0.39246,-0.64057,0.15459
-0.37287,-0.55048,0.16263
-0.35260,-0.49717,0.15223
-0.33179,-0.40490,0.21084
-0.31068,-0.37809,0.15995
-0.28959,-0.34724,0.17128
-0.26887,-0.30863,0.15438
-0.24863,-0.13102,0.13037
-0.22912,-0.08685,0.14036
-0.21066,-0.21045,0.14457
-0.19359,-0.10668,0.10831
-0.17812,-0.03126,0.14931
-0.16434,-0.03799,0.10098
-0.15257,0.01167,0.09152
-0.14299,-0.20274,0.15496
-0.13566,-0.07623,0.14174
-0.13073,-0.17839,0.12333
-0.12834,-0.10130,0.12681
-0.12851,-0.04231,0.09852
-0.13124,-0.04556,0.11305
-0.13653,-0.05013,0.08956
-0.14428,-0.12927,0.17204
-0.15437,-0.22930,0.14488
-0.16673,-0.22806,0.13364
-0.18122,-0.21772,0.14023
-0.19746,-0.19306,0.16964
-0.21517,-0.19665,0.14688
-0.23412,-0.25715,0.12804
-0.25421,-0.33190,0.12516
-0.27486,-0.29763,0.13821
-0.29567,-0.23147,0.13344
-0.31659,-0.28423,0.12152
-0.33723,-0.25673,0.14470
-0.35691,-0.27365,0.13513
-0.37529,-0.29495,0.13092
-0.39211,-0.29985,0.13684
-0.40724,-0.21052,0.13663
-0.42031,-0.24193,0.15717
-0.43088,-0.21773,0.11583
-0.43895,-0.42037,0.13202
-0.44434,-0.15976,0.11336
-0.44680,-0.13397,0.11629
-0.44631,0.04273,0.11336
-0.44289,-0.07859,0.09358
-0.43658,-0.14144,0.12104
-0.30786,-0.35761,0.13451
-0.39191,-0.38172,0.15634
-0.47736,-0.34136,0.11799
-0.55977,-0.40880,0.12877
-0.63597,-0.46424,0.11973
-0.70343,-0.52794,0.17524
-0.62216,-0.72155,0.14446
-0.76518,-0.85990,0.14657
-0.90188,-1.18063,0.29096
-1.02372,-1.20849,0.22580
-1.12847,-1.03655,0.20518
-1.21501,-1.22478,0.24773
-1.08572,-1.31204,0.24608
-1.22771,-1.47873,0.22379
-1.35284,-1.59925,0.26571
-1.45486,-1.52987,0.27975
-1.53235,-1.59327,0.23371
-1.58774,-1.53927,0.37979
-1.62082,-1.48494,0.27122
-1.46307,-1.65272,0.29024
-1.54897,-1.76900,0.24068
-1.61271,-1.79264,0.25157
-1.65392,-1.57155,0.31849
-1.67237,-1.51813,0.29884
-1.66788,-1.48197,0.21487
-1.64039,-1.50409,0.26841
-1.45661,-1.35557,0.32785
-1.48256,-1.43415,0.28364
-1.48537,-1.34098,0.23193
-1.46492,-1.30321,0.26305
-1.42123,-1.16035,0.23098
-1.35438,-1.04459,0.17782
-1.08565,-1.16014,0.17921
-1.07406,-1.01239,0.15252
-1.05113,-1.03770,0.18504
-1.01212,-0.85849,0.23735
-0.95719,-0.68622,0.11466
-0.88690,-0.66018,0.18788
-0.61725,-0.69617,0.14130
-0.62994,-0.78759,0.17555
-0.63922,-0.58256,0.15139
-0.64030,-0.41445,0.15006
-0.63299,-0.40454,0.14592
-0.61752,-0.40839,0.14959
-0.44483,-0.54561,0.12535
-0.51979,-0.69217,0.11689
-0.59427,-0.77837,0.13715
-0.66069,-0.73867,0.26341
-0.71698,-0.64246,0.11136
-0.76190,-0.72572,0.16226
-0.68479,-0.81094,0.14788
-0.81096,-0.96379,0.18945
-0.92626,-1.08156,0.18227
-1.02428,-1.04998,0.19315
-1.10412,-1.27548,0.23124
-1.16292,-1.22198,0.23378
-1.19767,-1.31418,0.24027
-1.20904,-1.18565,0.22831
-1.19668,-1.29953,0.25606
-1.16099,-1.15727,0.22411
-1.10374,-0.96077,0.18387
-1.02679,-0.94370,0.17023
-0.93109,-0.93627,0.16625
-0.82096,-0.87605,0.16787
-0.69913,-0.73333,0.13603
-0.56851,-0.47953,0.15324
-0.43033,-0.35889,0.12695
-0.29061,-0.02637,0.09951
-0.15276,0.04996,0.06448
-0.01776,0.13083,0.09992
0.11016,0.24989,0.13381
0.22471,0.46809,0.11243
0.32337,0.53437,0.16123
0.40557,0.46672,0.16664
0.46821,0.41291,0.16408
0.50797,0.59148,0.15280
0.52454,0.59173,0.14514
0.51833,0.45088,0.16943
0.48939,0.54536,0.15433
0.43879,0.21129,0.15446
0.36824,0.27707,0.15165
0.27933,0.16157,0.15900
0.17520,0.11932,0.13795
0.05881,0.03619,0.06145
-0.06764,-0.03784,0.07644
-0.20082,-0.18274,0.09788
-0.33609,-0.50932,0.15962
-0.47074,-0.61961,0.13490
-0.60121,-0.72259,0.13052
-0.72343,-0.89165,0.13908
-0.83269,-1.00407,0.19796
-0.92666,-1.18142,0.18863
-1.00247,-1.05574,0.18035
-1.05753,-1.15525,0.19226
-1.08963,-1.18648,0.19178
-1.09836,-1.21149,0.21863
-1.08365,-1.15246,0.22491
-1.04591,-0.93291,0.18499
-0.98643,-0.88216,0.15670
-0.90753,-0.88318,0.14755
-0.81165,-0.80049,0.14030
-0.70028,-0.60834,0.16527
-0.57626,-0.44388,0.15685
-0.44480,-0.50773,0.12857
-0.30993,-0.23041,0.17078
-0.17327,-0.11396,0.15861
-0.00469,0.01845,0.09101
0.04849,0.06923,0.10729
0.08913,0.08807,0.11165
0.11826,0.12190,0.10245
0.21716,0.07480,0.13982
0.14397,0.07492,0.10593
0.05447,0.00576,0.05964
-0.04685,-0.05453,0.11771
-0.15712,-0.29996,0.15088
-0.20510,-0.40983,0.17126
-0.39165,-0.83465,0.13692
-0.57997,-0.84116,0.17021
-0.76300,-0.89843,0.15100
-0.93302,-1.10362,0.27117
-0.99389,-1.25304,0.25113
-1.19022,-1.22327,0.23298
-1.36557,-1.23851,0.25373
-1.51097,-1.43435,0.29079
-1.62113,-1.62907,0.58522
-1.57465,-1.75117,0.26868
-1.69538,-1.83697,0.37985
-1.78579,-1.79961,0.23774
-1.84553,-1.75226,0.36105
-1.87437,-1.87559,0.27440
-1.87230,-1.83603,0.43543
-1.75441,-1.90408,0.23976
-1.76500,-1.81022,0.19655
-1.74489,-1.64555,0.30301
-1.69431,-1.53193,0.25170
-1.61362,-1.61237,0.20503
-1.38532,-1.26388,0.22920
-1.31755,-1.24100,0.27468
-1.22066,-1.25629,0.23540
-1.09774,-1.08736,0.21830
-0.95451,-0.83223,0.18427
-0.79354,-0.82161,0.16391
-0.61959,-0.59316,0.17864
-0.43889,-0.32690,0.16350
-0.25588,-0.26484,0.17103
-0.07546,0.05536,0.09489
0.10032,0.19540,0.11212
0.26230,0.47739,0.17653
0.40581,0.51697,0.16687
0.52951,0.68075,0.16086
0.62845,0.42203,0.15374
0.69697,0.71243,0.17891
0.70054,0.77774,0.17227
0.74421,0.59016,0.17700
0.75814,0.52723,0.13441
0.74030,0.60489,0.11355
0.69184,0.46396,0.16185
0.58543,0.49310,0.14246
0.51995,0.34891,0.17646
0.43156,0.33589,0.15033
0.32187,0.22097,0.17944
0.19415,0.05654,0.09460
0.02785,-0.09645,0.13815
-0.08448,-0.11708,0.14332
-0.20319,-0.23698,0.16104
-0.32551,-0.30618,0.20804
-0.44561,-0.57891,0.13837
-0.58050,-0.66016,0.14754
-0.65298,-0.88798,0.16603
-0.71363,-0.86191,0.20711
-0.76020,-0.62178,0.20016
-0.82928,-0.69166,0.16404
-0.80754,-0.84055,0.17080
-0.76825,-0.67533,0.15799
-0.71462,-0.79046,0.14489
-0.64860,-0.58536,0.17232
-0.58968,-0.55084,0.20364
-0.46605,-0.36980,0.18176
-0.33767,-0.16525,0.16195
-0.20903,0.07117,0.10120
-0.12803,0.02146,0.11539
0.02852,0.21762,0.14297
0.17755,0.31108,0.14911
0.30970,0.38916,0.12896
0.42364,0.53066,0.15694
0.47826,0.70254,0.11594
0.58042,0.58432,0.13085
0.65449,0.79831,0.15393
0.69892,0.84580,0.17371
0.71173,0.65248,0.13178
0.66528,0.68639,0.12240
0.65377,0.56747,0.13320
0.61399,0.55356,0.12316
0.54591,0.58071,0.12094
0.45307,0.39894,0.16994
0.32029,0.15364,0.12571
0.22279,0.12673,0.11697
0.10991,-0.01494,0.09067
-0.01492,-0.01082,0.10766
-0.19343,-0.14013,0.10397
-0.29407,-0.17580,0.14098
-0.39438,-0.56870,0.08746
-0.49040,-0.52034,0.13770
-0.58054,-0.75081,0.12282
-0.69149,-0.80043,0.16536
-0.72291,-0.82166,0.20593
-0.73932,-0.85377,0.15193
-0.74102,-1.07426,0.14667
-0.77274,-1.02161,0.21093
-0.70692,-0.85511,0.15256
-0.62592,-0.66927,0.15252
-0.53427,-0.57605,0.19511
-0.43514,-0.43149,0.15446
-0.35566,-0.05936,0.17180
-0.21230,0.14727,0.12768
-0.07064,0.05237,0.09920
0.06391,0.19645,0.10835
0.13870,0.44181,0.14081
0.28588,0.56218,0.14823
0.41491,0.76014,0.16560
0.52017,0.76324,0.15232
0.59959,0.82410,0.16046
0.64899,0.60431,0.13082
0.66710,0.59555,0.16008
0.65376,0.58313,0.14213
0.60919,0.25616,0.14564
0.53564,0.16177,0.11773
0.43609,0.05591,0.10632
0.31261,-0.09854,0.15766
0.16869,0.05322,0.08859
0.01074,-0.08016,0.11351
-0.15807,-0.32161,0.11934
-0.33383,-0.54003,0.11527
-0.50853,-0.70991,0.14088
-0.67627,-0.95357,0.17627
-0.83452,-0.96459,0.16218
-0.97806,-1.03050,0.20877
-1.09879,-1.21391,0.28094
-1.19219,-1.23316,0.22277
-1.25576,-1.26786,0.27586
-1.28857,-1.33318,0.26478
-1.28894,-1.37832,0.36984
-1.25700,-1.29950,0.32008
-1.19502,-0.90859,0.19851
-1.10504,-0.67106,0.12840
-0.81683,-0.79692,0.14254
-0.80070,-0.65156,0.15199
-0.77336,-0.53585,0.11596
-0.73081,-0.40219,0.17829
-0.67464,-0.46117,0.14539
-0.60672,-0.41982,0.16401
-0.47636,-0.48611,0.14982
-0.50782,-0.51960,0.18936
-0.53507,-0.21990,0.21319
-0.55452,-0.55089,0.14547
-0.42263,-0.78664,0.16201
-0.54290,-0.85379,0.23149
-0.65841,-0.92325,0.15485
-0.76157,-0.91464,0.17130
-0.84967,-0.82761,0.17775
-0.77844,-1.08212,0.14365
-0.94331,-1.06455,0.19135
-1.08989,-1.15724,0.16963
-1.21099,-1.21945,0.22673
-1.30012,-1.35786,0.27602
-1.18228,-1.62494,0.25797
-1.31872,-1.71339,0.33138
-1.42940,-1.61761,0.27859
-1.50502,-1.46286,0.21655
-1.54632,-1.45332,0.18160
-1.55445,-1.51214,0.21574
-1.42181,-1.56219,0.21869
-1.47904,-1.37174,0.23524
-1.50365,-1.24941,0.22087
-1.49565,-1.19090,0.16692
-1.45527,-1.23419,0.20382
-1.22475,-1.15085,0.19156
-1.23608,-1.21304,0.21384
-1.22150,-0.91558,0.19009
-1.17832,-0.70251,0.14714
-1.10772,-0.74807,0.17765
-1.01342,-0.84912,0.16282
-0.81877,-0.89537,0.15776
-0.79795,-0.66840,0.16454
-0.76501,-0.47697,0.10671
-0.71773,-0.59626,0.14587
-0.65770,-0.55194,0.15505
-0.50587,-0.63643,0.12358
-0.54076,-0.71128,0.10524
-0.57154,-0.75215,0.14297
-0.59366,-0.76194,0.14562
-0.60591,-0.73629,0.14531
-0.60803,-0.74777,0.15475
-0.60003,-0.73091,0.12102
-0.58222,-0.73608,0.15985
-0.55523,-0.61427,0.18690
-0.51950,-0.63910,0.13897
-0.47617,-0.70075,0.17345
-0.42663,-0.66436,0.18730
-0.37243,-0.57428,0.23986
-0.31532,-0.43909,0.20331
-0.25812,-0.23378,0.16417
-0.20264,-0.20173,0.16868
-0.14963,-0.03489,0.13670
-0.10106,-0.20941,0.15880
-0.05969,-0.27643,0.13433
-0.02678,-0.71229,0.19055
-0.00272,0.80390,0.79077
0.01099,2.43593,0.50936
0.01394,2.83342,0.50737
0.00616,3.04816,0.41626
-0.01218,4.18977,0.82594
-0.04057,4.05891,0.63626
-0.07762,2.78733,0.57879
-0.12206,0.10956,0.13393
-0.17319,-0.00828,0.09210
-0.22930,-0.27133,0.18271
-0.28748,-0.24871,0.15119
-0.34581,-0.53242,0.12536
-0.40344,-0.45383,0.11678
-0.45825,-0.56175,0.09053
-0.50768,-0.56315,0.15676
-0.54991,-0.56856,0.14808
-0.58380,-0.52978,0.14060
-0.60805,-0.69376,0.18993
-0.62140,-0.73865,0.23833
-0.62333,-0.63934,0.14700
-0.61381,-0.75026,0.13472
-0.59306,-0.65825,0.20079
-0.56169,-0.63355,0.13771
-0.52096,-0.60585,0.13557
-0.47197,-0.46505,0.18023
-0.41628,-0.27000,0.16188
-0.35622,-0.06903,0.09815
-0.29391,-0.08819,0.11889
-0.23097,-0.07349,0.09835
-0.12001,-0.08380,0.12169
-0.15287,0.02029,0.08727
-0.19349,-0.06402,0.10008
-0.23857,-0.08279,0.10910
-0.20146,-0.29438,0.11873
-0.33895,-0.40847,0.11619
-0.47932,-0.51596,0.12987
-0.61546,-0.66574,0.13837
-0.74281,-0.76409,0.20162
-0.79812,-0.91772,0.18155
-0.97859,-1.00556,0.20332
-1.14058,-1.01392,0.19747
-1.27601,-1.16733,0.20059
-1.37736,-1.49930,0.34323
-1.38190,-1.52456,0.23678
-1.49322,-1.55996,0.32124
-1.56931,-1.64156,0.28797
-1.61009,-1.66714,0.31040
-1.61556,-1.61433,0.34765
-1.52282,-1.69971,0.28772
-1.54527,-1.43996,0.30941
-1.53290,-1.38602,0.25983
-1.48603,-1.27483,0.24498
-1.40516,-1.21400,0.28251
-1.21998,-1.35184,0.25229
-1.15905,-1.10101,0.23608
-1.07244,-0.81107,0.12074
-0.96010,-0.71674,0.15393
-0.82518,-0.56987,0.13304
-0.59905,-0.41237,0.15937
-0.51864,-0.14267,0.11323
-0.43315,-0.18078,0.12757
-0.34186,-0.06038,0.11805
-0.24884,-0.13768,0.13549
-0.11255,-0.14659,0.12501
-0.11131,-0.11569,0.12923
-0.11837,-0.05172,0.09529
-0.13228,-0.11433,0.11578
-0.15201,-0.33078,0.16347
-0.17719,-0.24264,0.19527
-0.20714,-0.28831,0.17544
-0.24046,-0.31888,0.16636
-0.27593,-0.28379,0.18412
-0.31286,-0.33724,0.16063
-0.35018,-0.42667,0.14251
-0.38557,-0.35635,0.13605
-0.41773,-0.48210,0.18601
-0.44600,-0.42276,0.12081
-0.46924,-0.49959,0.16370
-0.48632,-0.45730,0.20397
-0.49672,-0.50264,0.13753
-0.50019,-0.44279,0.13695
-0.49654,-0.34338,0.13118
-0.48588,-0.29726,0.12267
-0.46862,-0.36977,0.12885
-0.44521,-0.40462,0.14529
-0.41646,-0.36701,0.16443
-0.38367,-0.52311,0.11045
-0.34794,-0.49350,0.18677
-0.31015,-0.33648,0.13483
-0.27210,-0.29059,0.15956
-0.23509,-0.35505,0.21377
-0.20043,-0.07534,0.11303
-0.16905,-0.18114,0.12832
-0.14220,-0.11996,0.18763
-0.12123,-0.29330,0.13785
-0.10682,-0.07471,0.13155
-0.09922,-0.07597,0.10493
-0.09884,-0.10224,0.12431
-0.10585,-0.05880,0.11597
-0.11996,-0.13845,0.13046
-0.14090,-0.13345,0.13577
-0.16759,-0.22251,0.13846
-0.19907,-0.26338,0.13127
-0.23478,-0.21579,0.16399
-0.27346,-0.26825,0.16290
-0.31301,-0.19596,0.12349
-0.35271,-0.22068,0.12242
-0.39115,-0.21131,0.15045
-0.42677,-0.40623,0.13576
-0.45755,-0.40745,0.17222
-0.45782,-0.51702,0.10394
-0.50118,-0.45497,0.13446
-0.53842,-0.49528,0.12765
-0.56661,-0.47083,0.11271
-0.58464,-0.55709,0.14264
-0.59232,-0.52827,0.16593
-0.58913,-0.46355,0.14761
-0.57505,-0.47316,0.16079
-0.55069,-0.34081,0.23629
-0.51654,-0.47537,0.12342
-0.47375,-0.53833,0.12270
-0.42461,-0.47764,0.14400
-0.37088,-0.47115,0.17255
-0.31353,-0.36521,0.18365
-0.25567,-0.08493,0.12004
-0.19952,-0.18619,0.14318
-0.14709,-0.29175,0.16051
-0.09944,-0.21602,0.18305
-0.05858,-0.13568,0.11263
-0.02712,-0.06898,0.10256
-0.00557,-0.01313,0.10782
0.00511,0.03298,0.06549
0.00417,-0.06884,0.11051
-0.00841,-0.09043,0.14284
-0.03205,-0.03779,0.14240
-0.06625,-0.18920,0.11505
-0.10959,-0.20436,0.15866
-0.16078,-0.16554,0.10683
-0.21809,-0.19265,0.12638
-0.27942,-0.44184,0.19185
-0.34144,-0.37703,0.13715
-0.40297,-0.39209,0.15619
-0.46171,-0.45367,0.12408
-0.51521,-0.52243,0.11916
-0.56124,-0.65356,0.15347
-0.59697,-0.56766,0.12803
-0.62111,-0.61636,0.10904
-0.63329,-0.61983,0.13081
-0.63279,-0.65382,0.14253
-0.61939,-0.50358,0.22203
-0.59356,-1.12445,0.45169
-0.55604,-0.50411,0.22277
-0.50839,-0.52580,0.23677
-0.45241,-0.20434,0.20205
-0.39014,-0.55673,0.20773
-0.32387,-0.67677,0.18073
-0.25597,-0.50847,0.17117
-0.16480,-0.49600,0.12133
-0.21844,-0.41681,0.14581
-0.28184,-0.41845,0.16459
-0.23041,-0.49880,0.17470
-0.17280,-0.10469,0.13429
-0.11957,-0.35943,0.16754
-0.07080,0.00210,0.11458
-0.02953,-0.06698,0.10713
0.00156,0.03393,0.12954
0.02091,-0.03160,0.09541
0.02812,-0.04698,0.10572
0.02272,-0.03885,0.10316
0.00464,0.03342,0.13221
-0.02549,0.00318,0.10913
-0.06695,-0.05210,0.08823
-0.11851,-0.16980,0.10277
-0.17764,-0.19472,0.14312
-0.24189,-0.13002,0.09981
-0.30901,-0.22883,0.13680
-0.37736,-0.36307,0.13290
-0.44370,-0.39899,0.16673
-0.50487,-0.57803,0.14494
-0.55857,-0.68239,0.16236
-0.60332,-0.70038,0.13273
-0.63667,-0.68840,0.16725
-0.65677,-0.65175,0.14878
-0.66321,-0.73281,0.15255
-0.65554,-0.74358,0.11963
-0.63378,-0.51647,0.13022
-0.59873,-0.50922,0.18273
-0.55173,-0.57859,0.17095
-0.49386,-0.63290,0.12667
-0.42770,-0.47132,0.12935
-0.35523,-0.35282,0.17084
-0.27858,-0.35071,0.17231
-0.20077,-0.10512,0.13739
-0.12674,-0.36599,0.14636
-0.05959,-0.24761,0.19027
-0.00183,-0.11267,0.10664
0.04483,-0.06936,0.06900
0.07821,-0.02398,0.10030
0.09643,0.11425,0.09584
0.09894,0.09185,0.09856
0.08576,0.12109,0.13143
0.05729,0.27145,0.17110
0.01489,0.10685,0.10391
-0.03977,0.05708,0.06972
-0.03735,-0.24286,0.12064
-0.23799,-0.39627,0.15108
-0.44313,-0.44537,0.13615
-0.64311,-0.44923,0.16082
-0.67437,-0.73342,0.20340
-0.96296,-1.04406,0.32868
-1.23428,-1.29477,0.24439
-1.47354,-1.41748,0.25760
-1.67269,-1.85760,0.26501
-1.83213,-2.12729,0.24040
-1.85011,-1.98200,0.28614
-2.05597,-2.08842,0.22636
-2.22631,-2.26820,0.30304
-2.36039,-2.62732,0.46893
-2.45766,-2.46143,0.34838
-2.31992,-2.57884,0.31572
-2.46676,-2.93624,0.44838
-2.57771,-2.37522,0.28800
-2.65240,-2.51031,0.40772
-2.69067,-2.38656,0.35824
-2.69255,-2.25229,0.32019
-2.47614,-1.83852,0.60901
-2.53020,-2.27879,0.43344
-2.54852,-1.98527,0.89645
-2.53121,-1.67807,0.88884
-2.47866,-2.28168,0.34782
-2.39143,-2.20352,0.56475
-2.10459,-2.49279,0.41898
-2.06987,-2.14594,0.25444
-2.00075,-2.48865,0.44190
-1.89784,-1.60769,0.35380
-1.76197,-1.31859,0.24397
-1.59414,-1.23286,0.24841
-1.25831,-1.13542,0.23527
-1.14371,-0.74094,0.14313
-1.00400,-0.35944,0.12246
-0.84141,-0.43981,0.13136
-0.66121,-0.38524,0.12549
-0.29734,-0.39391,0.25139
-0.22517,0.02510,0.10472
-0.15855,0.10828,0.10953
-0.09657,0.26627,0.17144
-0.04203,0.11057,0.11146
0.12461,0.04818,0.06836
0.03721,-0.00370,0.10564
-0.06653,-0.02572,0.11275
-0.17774,-0.06825,0.08032
-0.29225,-0.22746,0.11718
-0.40853,-0.47515,0.10270
-0.52255,-0.50067,0.12644
-0.62801,-0.72541,0.16547
-0.72149,-0.73919,0.17522
-0.79992,-0.96517,0.21446
-0.86209,-0.95589,0.21223
-0.90404,-0.95685,0.27283
-0.92456,-1.06631,0.27247
-0.92377,-1.10660,0.21301
-0.90141,-0.95142,0.15292
-0.85859,-0.86989,0.18222
-0.79706,-0.86785,0.15246
-0.71908,-0.80032,0.11091
-0.62599,-0.52958,0.11188
-0.52260,-0.44043,0.17894
-0.41235,-0.45615,0.13704
-0.29680,-0.29784,0.12289
-0.17992,-0.02441,0.07258
-0.06801,-0.04836,0.11111
0.03647,0.19745,0.10049
0.13046,0.16154,0.13445
0.21034,0.33264,0.19560
0.27212,0.14090,0.12039
0.31358,0.28235,0.14428
0.33372,0.36480,0.13245
0.33170,0.37778,0.15085
0.30744,0.21894,0.12015
0.26197,0.14472,0.15106
0.19700,0.16301,0.12869
0.11434,0.01545,0.07156
0.01669,-0.02644,0.08398
-0.09192,-0.11922,0.11098
-0.20863,-0.15893,0.14272
-0.32983,-0.42144,0.13382
-0.45040,-0.56104,0.12626
-0.56608,-0.71322,0.14684
-0.67384,-0.83903,0.14167
-0.76963,-0.77645,0.15793
-0.84873,-0.87176,0.16213
-0.90814,-0.99116,0.20801
-0.94584,-0.85765,0.20012
-0.96081,-0.77610,0.20634
-0.95226,-0.76886,0.16783
-0.92058,-0.77168,0.16892
-0.79103,-0.68307,0.11962
-0.79665,-0.67001,0.15960
-0.78728,-0.53401,0.12893
-0.76140,-0.46404,0.13181
-0.71875,-0.56857,0.14116
-0.61526,-0.58658,0.18706
-0.62531,-0.57710,0.13808
-0.62628,-0.56204,0.12316
-0.61579,-0.55451,0.16862
-0.50452,-0.61084,0.15279
-0.55408,-0.58401,0.20936
-0.59754,-0.57291,0.12707
-0.63063,-0.64776,0.17196
-0.65229,-0.83962,0.16954
-0.61000,-0.88009,0.20427
-0.68796,-0.96822,0.17599
-0.75555,-0.84904,0.14426
-0.80818,-0.82730,0.17325
-0.74260,-0.75535,0.19018
-0.84022,-0.88261,0.17988
-0.92052,-0.84337,0.15485
-0.97895,-0.90016,0.16105
-1.01282,-0.96294,0.15730
-0.94621,-1.09090,0.19957
-1.01094,-0.91655,0.20231
-1.05306,-1.05633,0.20183
-1.06825,-1.06255,0.27099
-1.05575,-1.02212,0.17310
-0.96558,-1.11849,0.16502
-0.98247,-1.04206,0.21121
-0.97775,-1.03989,0.19154
-0.94913,-0.84033,0.12573
-0.89789,-0.87375,0.15834
-0.82613,-0.87352,0.13469
-0.73579,-0.78947,0.15810
-0.63109,-0.75902,0.21438
-0.51449,-0.70621,0.14992
-0.39004,-0.50130,0.18114
-0.26197,-0.18043,0.12013
-0.13591,-0.10382,0.09909
-0.01596,-0.12137,0.14979
0.05264,0.03745,0.06304
0.18984,0.11506,0.07091
0.30991,0.15184,0.11114
0.40993,0.25520,0.15489
0.48545,0.49667,0.13108
0.51132,0.34510,0.12737
0.56856,0.33033,0.15400
0.59669,0.52765,0.16284
0.59334,0.60441,0.16578
0.51925,0.48998,0.10105
0.49610,0.48553,0.15961
0.44650,0.40690,0.13307
0.37182,0.21705,0.16276
0.27492,0.12747,0.12617
0.13849,0.06607,0.11985
0.04366,-0.10792,0.12081
-0.06104,-0.05530,0.09672
-0.17311,-0.21289,0.14994
-0.32742,-0.28646,0.13516
-0.40751,-0.38261,0.16319
-0.48202,-0.43765,0.15511
-0.54957,-0.32782,0.16670
-0.60930,-0.58474,0.21871
-0.66580,-0.67591,0.16987
-0.66115,-0.48138,0.17026
-0.64274,-0.44787,0.13813
-0.61178,-0.40912,0.17787
-0.58444,-0.50146,0.19359
-0.49212,-0.44685,0.16177
-0.39260,-0.36683,0.18858
-0.29001,-0.06958,0.12877
-0.21406,-0.03710,0.08256
-0.07317,0.02107,0.08391
0.05991,0.06478,0.09748
0.17961,0.20953,0.13296
0.23832,0.43119,0.12783
0.36283,0.58837,0.14921
0.46509,0.43125,0.13800
0.53975,0.64676,0.12620
0.58476,0.43662,0.13801
0.57459,0.48627,0.16557
0.59677,0.40236,0.17194
0.58842,0.65269,0.15207
0.54890,0.65326,0.09629
0.43757,0.55795,0.15465
0.38203,0.13645,0.13459
0.30424,0.15542,0.11779
0.20523,0.11810,0.09251
0.08823,0.04213,0.08987
-0.06488,-0.02450,0.11981
-0.16684,-0.19859,0.15251
-0.27343,-0.42554,0.16369
-0.38115,-0.47443,0.17896
-0.52423,-0.76108,0.19075
-0.58492,-0.86254,0.17130
-0.63421,-0.83622,0.14853
-0.67137,-0.80435,0.14816
-0.69578,-1.00712,0.18644
-0.71153,-0.88960,0.17069
-0.66691,-0.81761,0.12080
-0.60811,-0.68349,0.15499
-0.53728,-0.54020,0.14001
-0.47187,-0.24808,0.17381
-0.34712,-0.13620,0.12690
-0.22036,0.09977,0.13213
-0.09535,0.07569,0.09423
0.02181,0.11391,0.10603
0.12705,0.27461,0.15559
0.21646,0.26890,0.14003
0.28774,0.30972,0.13267
0.33697,0.08400,0.09704
0.36274,0.09188,0.07678
0.36469,0.07162,0.11036
0.34269,0.02781,0.11622
0.29786,0.10373,0.13455
0.23164,-0.02302,0.07006
0.14653,-0.04660,0.11968
0.04557,-0.15967,0.13507
-0.06675,-0.15487,0.16669
-0.18872,-0.35761,0.12605
-0.31618,-0.47171,0.17045
-0.44234,-0.51616,0.12275
-0.56294,-0.49957,0.13771
-0.67613,-0.78758,0.15498
-0.77722,-0.79431,0.13307
-0.86107,-0.86771,0.16570
-0.92343,-0.84316,0.18193
-0.96391,-0.89997,0.16842
-0.88248,-0.96374,0.21122
-0.99618,-0.95155,0.21573
-1.08787,-0.93854,0.16022
-1.15084,-0.88427,0.27074
-1.18400,-0.99299,0.20171
-1.09279,-1.14000,0.23714
-1.18541,-1.18494,0.21366
-1.24964,-1.14346,0.18161
-1.28119,-1.11199,0.17227
-1.27836,-1.08957,0.17697
-1.14346,-1.07374,0.18212
-1.19681,-1.03151,0.20523
-1.22349,-1.05227,0.15971
-1.21838,-1.09442,0.22663
-1.18148,-1.05756,0.18615
-1.01102,-0.99370,0.25458
-1.03934,-1.04014,0.16177
-1.04634,-0.86398,0.14586
-1.02773,-0.96219,0.15684
-0.98421,-0.86614,0.20256
-0.81836,-0.94690,0.21170
-0.84990,-0.93376,0.16871
-0.86622,-0.67767,0.14236
-0.86336,-0.78764,0.12630
-0.84095,-0.71660,0.13714
-0.71745,-0.80763,0.15365
-0.77949,-0.73046,0.13428
-0.82801,-0.69402,0.12152
-0.85892,-0.64511,0.15644
-0.87047,-0.83134,0.15556
-0.79872,-0.97098,0.15408
-0.89162,-1.01067,0.17176
-0.96801,-0.77456,0.17165
-1.02177,-0.91013,0.21277
-0.87417,-1.07080,0.18531
-0.99825,-1.26053,0.23866
-1.10471,-1.24112,0.25472
-1.18429,-1.12200,0.23602
-1.23170,-1.11377,0.13771
-1.24732,-1.41749,0.17055
-1.16313,-1.44832,0.22442
-1.23338,-1.55930,0.27126
-1.27494,-1.40503,0.25162
-1.28430,-1.51591,0.27975
-1.26056,-1.58538,0.23415
-1.20514,-1.29299,0.24082
-1.12075,-1.10242,0.19470
-1.00923,-0.79714,0.17162
-0.87449,-0.82282,0.16854
-0.72328,-0.76410,0.15612
-0.56010,-0.69196,0.19525
-0.38700,-0.54861,0.20758
-0.20948,-0.27390,0.21386
-0.03647,-0.08996,0.16119
0.12686,0.51724,0.18201
0.27834,0.37067,0.15208
0.41186,0.16936,0.16176
0.52086,0.32799,0.15732
0.60151,0.44395,0.20724
0.65206,1.41943,0.83842
0.67065,2.13459,0.49766
0.65648,1.69942,0.43431
0.61064,2.33951,0.45183
0.53490,2.72726,0.42851
0.43200,2.88996,0.55143
0.30629,4.47120,0.71853
0.16098,2.97218,0.49910
0.00037,1.24310,0.47865
-0.16940,0.91888,0.32671
-0.34314,1.60004,0.35063
-0.51574,-0.26766,0.14276
-0.68307,-0.84205,0.12794
-0.83807,-0.98435,0.18284
-0.97504,-1.10845,0.19179
-1.09052,-1.31459,0.25098
-1.18010,-1.25742,0.28511
-1.23942,-1.34649,0.21923
-1.26674,-1.37607,0.19687
-1.26218,-1.28489,0.24856
-1.22592,-1.21149,0.25727
-1.15959,-1.00392,0.15325
-1.06506,-0.96211,0.19109
-0.94523,-0.85880,0.17369
-0.80559,-0.75881,0.14193
-0.65090,-0.62918,0.20237
-0.48546,-0.27210,0.15230
-0.31213,-0.12439,0.15388
-0.13549,0.05662,0.07782
0.03605,0.34043,0.17146
0.19646,0.69982,0.17431
0.34312,0.89446,0.15029
0.53846,0.79853,0.13030
0.55222,0.90496,0.12305
0.53414,0.84020,0.14938
0.48816,0.64333,0.13906
0.50967,0.17564,0.10859
0.33230,0.05861,0.07356
0.13126,-0.13390,0.10134
-0.08284,-0.16672,0.12733
-0.30254,-0.38207,0.17336
-0.42394,-0.70681,0.16757
-0.70888,-0.88115,0.24950
-0.98515,-1.02965,0.24182
-1.23880,-1.24822,0.32043
-1.46474,-1.62978,0.27705
-1.65614,-1.85234,0.26903
-1.72772,-1.80573,0.31791
-1.93178,-2.12150,0.37959
-2.10566,-2.13033,0.33420
-2.24856,-2.18031,0.52967
-2.35985,-2.61314,0.36592
-2.28942,-2.40865,0.54126
-2.41842,-2.58841,0.40721
-2.51588,-2.40254,0.30554
-2.58141,-2.29154,0.37308
-2.61483,-1.83335,0.71007
-2.61610,-2.27630,0.38411
-2.45602,-2.30347,0.30389
-2.47654,-2.50218,0.36801
-2.46520,-2.30012,0.37379
-2.42221,-2.18184,0.51779
-2.34794,-2.07548,0.30560
-2.24291,-1.91872,0.29342
-1.99874,-1.77008,0.42316
-1.91316,-1.70546,0.30275
-1.79728,-1.40560,0.24405
-1.65183,-1.15635,0.28515
-1.47771,-1.11237,0.23649
-1.27592,-0.90919,0.14669
-0.95399,-0.77907,0.15965
-0.78283,-0.73944,0.17116
-0.59966,-0.39193,0.18576
-0.40742,-0.31351,0.12615
-0.21448,-0.27912,0.11016
-0.02573,0.04446,0.10290
0.15704,0.13778,0.11030
0.32748,0.25735,0.14376
0.47627,0.49818,0.14560
0.59956,0.71609,0.16119
0.69641,0.61752,0.16519
0.76078,0.76672,0.11379
0.79179,0.93040,0.15685
0.79058,0.65160,0.14123
0.75834,0.71474,0.12192
0.69538,0.80099,0.13064
0.60365,0.60560,0.16197
0.48531,0.40546,0.16959
0.34441,0.09824,0.09347
0.18519,-0.02050,0.09678
0.01462,-0.10467,0.13015
-0.16572,-0.32171,0.15213
-0.35089,-0.41590,0.16245
-0.53407,-0.72964,0.18509
-0.70996,-0.86791,0.16995
-0.87482,-0.91705,0.14094
-1.02316,-1.11627,0.27504
-1.14972,-1.28078,0.24021
-1.24902,-1.29554,0.28871
-1.31811,-1.46834,0.25515
-1.35592,-1.33532,0.22006
-1.36137,-1.37925,0.26214
-1.33466,-1.16520,0.22152
-1.27732,-1.22868,0.19700
-1.19090,-1.07599,0.21731
-1.07916,-1.00163,0.18512
-0.94577,-0.77525,0.15948
-0.79464,-0.87370,0.22510
-0.62895,-0.70387,0.20009
-0.45237,-0.43748,0.21969
-0.27162,-0.20769,0.12897
-0.09248,-0.08893,0.13779
0.08282,0.21752,0.15990
0.24927,0.20247,0.16181
0.39977,0.39446,0.15647
0.52753,0.62668,0.16472
0.63089,0.89371,0.17682
0.70656,0.93100,0.11342
0.75005,1.36892,0.22287
0.76038,0.81985,0.18550
0.73846,0.77258,0.17545
0.68550,0.79069,0.17449
0.60272,0.66714,0.16774
0.49408,0.50505,0.14520
0.38863,0.13917,0.10398
0.21837,0.00831,0.09877
0.03144,-0.08091,0.10826
-0.16589,-0.21770,0.13984
-0.36595,-0.57837,0.13988
-0.56357,-0.80230,0.18958
-0.75603,-0.94596,0.15374
-0.93654,-1.12423,0.21858
-1.09662,-1.35914,0.25387
-1.23400,-1.38238,0.34979
-1.34427,-1.60606,0.37857
-1.42280,-1.55322,0.23539
-1.46693,-1.37020,0.22012
-1.47902,-1.34367,0.23723
-1.46001,-1.26446,0.21066
-1.41012,-1.25335,0.26418
-1.32972,-1.13959,0.13891
-1.21939,-1.07884,0.17602
-1.08096,-0.91164,0.17591
-0.92139,-0.82305,0.20211
-0.74388,-0.77909,0.22037
-0.55234,-0.45256,0.17580
-0.35453,-0.15414,0.15193
-0.15798,-0.01527,0.14964
0.03304,0.02223,0.12094
0.21492,0.27301,0.17602
0.38133,0.48431,0.18813
0.52491,0.39498,0.22165
0.64346,0.78992,0.14699
0.73256,0.51847,0.19763
0.78942,0.60516,0.14323
0.81306,0.65036,0.16525
0.80526,0.80574,0.15307
0.76666,0.77613,0.13127
0.69757,0.71384,0.12872
0.59989,0.52231,0.17080
0.47657,0.27265,0.17368
0.33199,0.11957,0.12310
0.17043,0.05151,0.09008
-0.00219,-0.10050,0.10437
-0.18430,-0.14187,0.11391
-0.37071,-0.40886,0.13231
-0.55278,-0.72202,0.12907
-0.72583,-0.84729,0.14120
-0.88806,-0.99563,0.14723
-1.03347,-1.22483,0.26726
-1.15391,-1.24059,0.22936
-1.24892,-1.44234,0.23985
-1.31495,-1.58737,0.26504
-1.34957,-1.23245,0.29482
-1.35123,-0.67380,0.24604
-1.32116,-0.66600,0.20237
-1.26066,-1.99405,0.32796
-1.17300,-1.31265,0.29769
-0.90854,-1.17667,0.21275
-0.86961,-0.92995,0.13926
-0.81827,-0.79953,0.13997
-0.76421,-0.94037,0.22587
-0.65142,-0.81726,0.26394
-0.45682,-0.54983,0.17438
-0.26107,-0.29642,0.14787
-0.07251,0.03622,0.07707
0.11039,0.11665,0.10126
0.27979,0.36118,0.16872
0.43351,0.48872,0.15933
0.56551,0.81203,0.18127
0.66818,0.80439,0.11851
0.73936,1.02639,0.14465
0.77909,1.15600,0.20525
0.78594,0.85532,0.19435
0.76099,0.74691,0.13556
0.70503,0.74522,0.10909
0.61890,0.68329,0.18826
0.50637,0.28005,0.15126
0.37140,0.11936,0.12906
0.21698,0.11802,0.13146
0.04856,-0.01028,0.20619
-0.12902,-0.19908,0.11259
-0.31236,-0.41809,0.16139
-0.49642,-0.68111,0.14267
-0.67568,-0.78996,0.15531
-0.84319,-0.96663,0.19922
-0.99503,-1.24257,0.23262
-1.12724,-1.24956,0.22617
-1.23309,-1.26108,0.21714
-1.30869,-1.30308,0.20324
-1.35366,-1.27507,0.21842
-1.36656,-1.25335,0.21994
-1.34671,-1.40714,0.26134
-1.29565,-1.26631,0.27671
-1.21432,-0.96005,0.19121
-1.10554,-1.01336,0.15843
-0.97422,-0.83254,0.15238
-0.82463,-0.76591,0.16557
-0.65884,-0.57081,0.15060
-0.48297,-0.25722,0.18260
-0.30276,-0.02833,0.08481
-0.12044,-0.05491,0.10994
0.05928,0.04536,0.15894
0.22593,0.08267,0.13185
0.37466,0.26524,0.17682
0.50138,0.75419,0.17705
0.60347,0.46243,0.25046
0.67589,1.02697,0.14845
0.71714,0.72331,0.17303
0.72663,0.75118,0.18540
0.70485,0.96153,0.16914
0.65309,0.83039,0.18210
0.57313,0.37353,0.18274
0.46792,0.52434,0.17787
0.43662,0.11064,0.10196
0.18771,-0.15096,0.09587
-0.07381,-0.45641,0.11480
-0.34123,-0.75269,0.21979
-0.60736,-0.94142,0.23269
-0.67860,-0.75246,0.18197
-1.00915,-1.20567,0.36081
-1.32673,-1.56374,0.35137
-1.61831,-1.67158,0.33124
-1.87854,-2.15723,0.31794
-2.11230,-2.64744,0.29195
-2.31923,-2.50517,0.27045
-2.29234,-2.62064,0.37510
-2.54378,-2.82611,0.34828
-2.76947,-2.97320,0.39227
-2.96830,-3.18895,0.38274
-3.13935,-3.31450,0.46011
-3.28183,-3.36385,0.45489
-3.39509,-3.41702,0.47123
-3.24692,-3.29662,0.38284
-3.41048,-3.47757,0.44521
-3.54554,-3.74137,0.44089
-3.65150,-3.55805,0.53325
-3.72793,-3.73278,0.53701
-3.77449,-3.60194,0.48285
-3.79107,-3.46103,0.48275
-3.52265,-3.69809,0.62843
-3.59247,-3.92696,0.44630
-3.63261,-3.90852,0.64699
-3.64295,-4.28125,0.62717
-3.62355,-3.66393,0.63317
-3.57456,-3.70249,0.50082
-3.49632,-3.61374,0.63618
-3.12217,-3.29241,0.52995
-3.09724,-3.33146,0.59870
-3.04297,-2.78832,0.41456
-2.95969,-3.31720,0.56968
-2.84792,-3.04410,0.47322
-2.70824,-2.59500,0.34265
-2.54146,-2.39901,0.48459
-2.34843,-2.19902,0.47620
-1.97353,-2.05370,0.33207
-1.82977,-1.73430,0.33335
-1.65917,-1.17485,0.25680
-1.46264,-0.68171,0.17319
-1.24116,-0.73192,0.13090
-0.99654,-0.62870,0.19652
-0.73440,-0.14936,0.09388
-0.34071,0.10192,0.14551
-0.16913,0.42482,0.12855
-0.00273,0.62586,0.12700
0.15618,0.67090,0.11932
0.29967,0.56865,0.12870
0.56036,0.46667,0.12915
0.55162,0.48491,0.16468
0.51258,0.42927,0.14831
0.45019,0.40564,0.15544
0.36738,0.33309,0.17092
0.26532,0.20341,0.13738
0.14712,0.11036,0.14858
0.01708,0.04910,0.10155
-0.12215,-0.02965,0.12011
-0.26697,-0.31175,0.15986
-0.41323,-0.56042,0.12627
-0.55571,-0.63351,0.15980
-0.69025,-0.83445,0.17452
-0.81399,-0.99175,0.22742
-0.92185,-1.01858,0.21131
-1.01032,-1.25427,0.26985
-1.07683,-1.39363,0.28310
-1.11996,-1.40731,0.25147
-1.13793,-1.42196,0.27717
-1.13034,-1.19903,0.22881
-1.09781,-1.09000,0.21023
-1.04144,-0.92787,0.16195
-0.96350,-1.00482,0.20485
-0.86653,-0.83083,0.12448
-0.75342,-0.74381,0.14022
-0.62668,-0.56835,0.16253
-0.48984,-0.44588,0.17919
-0.34789,-0.14587,0.16701
-0.20492,-0.04118,0.12353
-0.06383,0.15909,0.11551
0.07199,0.14840,0.10589
0.19627,0.19184,0.12080
0.30449,0.36597,0.15311
0.39524,0.57787,0.16222
0.46544,0.43459,0.17029
0.51102,0.42833,0.18027
0.53132,0.57681,0.13889
0.52586,0.48158,0.15189
0.49465,0.40420,0.16294
0.43918,0.22419,0.13917
0.36067,0.14400,0.13172
0.26135,0.08788,0.10407
0.14561,-0.01619,0.10911
0.01721,-0.13627,0.14989
-0.12205,-0.24867,0.11821
-0.26860,-0.42603,0.15804
-0.41589,-0.53919,0.13744
-0.56109,-0.72464,0.13214
-0.70050,-0.92364,0.12833
-0.82907,-0.87893,0.13951
-0.93893,-1.00506,0.18300
-1.02812,-0.90663,0.15326
-1.09379,-1.00789,0.18700
-1.04998,-1.11760,0.18062
-1.14022,-1.10751,0.20094
-1.20569,-1.04672,0.24084
-1.24260,-1.07840,0.18824
-1.24911,-1.02629,0.19484
-1.13617,-1.26936,0.27278
-1.16271,-1.11554,0.20192
-1.16520,-1.01734,0.15910
-1.14067,-1.02674,0.19374
-1.09034,-1.05212,0.20355
-0.92198,-1.08841,0.22944
-0.90278,-0.86528,0.19777
-0.86835,-0.68230,0.17396
-0.81672,-0.53657,0.17294
-0.74842,-0.35176,0.18290
-0.57587,-0.31177,0.22231
-0.56083,-0.62508,0.16837
-0.54024,-0.47696,0.15483
-0.51183,-0.25152,0.15584
-0.47630,-0.22886,0.17907
-0.36440,-0.11752,0.18048
-0.39829,-0.35125,0.16228
-0.43085,-0.09068,0.13492
-0.45962,-0.14148,0.15025
-0.48339,-0.34996,0.18678
-0.45387,-0.77743,0.29900
-0.54283,-0.70565,0.21559
-0.62506,-0.83400,0.25983
-0.69763,-0.72949,0.14540
-0.64957,-0.93716,0.21159
-0.77223,-1.00399,0.16751
-0.88122,-1.02241,0.21877
-0.97238,-1.14635,0.21790
-1.03993,-1.07045,0.19740
-1.08200,-1.15617,0.19305
-1.09863,-1.11363,0.30564
-1.08893,-1.09504,0.18648
-1.05333,-0.92367,0.18436
-0.99360,-1.10672,0.17287
-0.91212,-1.06747,0.18529
-0.81031,-0.84680,0.17713
-0.69333,-0.83231,0.21036
-0.56493,-0.64679,0.18164
-0.47379,-0.35214,0.17432
-0.29404,-0.33771,0.15114
-0.11311,-0.06330,0.11819
0.06230,0.01439,0.07329
0.22772,0.14115,0.12101
0.33759,0.55805,0.16627
0.50211,0.71307,0.20833
0.64136,0.40273,0.21929
0.75050,0.63135,0.15179
0.82532,1.04398,0.17705
0.83318,0.94171,0.13477
0.87637,0.96154,0.16135
0.88637,0.79282,0.16966
0.86332,0.80369,0.14655
0.80749,0.67462,0.16486
0.69955,0.66858,0.14520
0.61717,0.55832,0.14670
0.50582,0.32206,0.13543
0.37065,0.20552,0.14228
0.16548,0.06656,0.11546
0.03035,-0.09265,0.11573
-0.11372,-0.17939,0.14997
-0.26252,-0.45253,0.13632
-0.41249,-0.50877,0.11846
-0.60242,-0.71005,0.13937
-0.70509,-0.66234,0.18609
-0.79257,-0.79899,0.21859
-0.86496,-0.81775,0.16714
-0.91873,-1.03727,0.19917
-0.97028,-1.00250,0.18425
-0.94314,-0.91128,0.21042
-0.89353,-0.83655,0.17520
-0.82400,-0.80509,0.17493
-0.77092,-0.75945,0.20078
-0.63284,-0.56377,0.15133
-0.48139,-0.28174,0.18052
-0.32368,-0.15656,0.14318
-0.16556,-0.00795,0.09437
-0.03430,0.14285,0.13295
0.14646,0.25756,0.13843
0.31415,0.29695,0.16697
0.46184,0.52427,0.14953
0.53305,0.68339,0.12521
0.66449,0.50732,0.13309
0.76575,0.50560,0.13241
0.83089,0.62422,0.17683
0.86105,0.62260,0.14971
0.81730,0.91030,0.16866
0.81982,0.69212,0.15657
0.78950,0.67435,0.14118
0.72671,0.55882,0.15234
0.63238,0.59575,0.12481
0.47869,0.48810,0.19560
0.37129,0.32496,0.17807
0.24567,0.17004,0.16268
0.10344,-0.03030,0.08735
-0.05086,-0.08109,0.09956
-0.23599,-0.31383,0.11122
-0.36064,-0.57014,0.12625
-0.48303,-0.69755,0.16803
-0.59973,-0.80836,0.13133
-0.75183,-1.09244,0.21959
-0.80400,-1.13672,0.20084
-0.83839,-1.06697,0.13998
-0.85486,-0.99348,0.19686
-0.85273,-1.01143,0.15736
-0.85359,-0.94249,0.25756
-0.77687,-0.81843,0.16243
-0.68365,-0.72004,0.14735
-0.57895,-0.55535,0.13690
-0.46601,-0.39620,0.15664
-0.34727,-0.32299,0.16873
-0.22673,-0.08607,0.09088
-0.10951,0.00283,0.07935
0.00202,0.07574,0.07790
0.10375,0.19102,0.15382
0.19200,0.16114,0.15292
0.26266,0.17053,0.13843
0.31374,0.15958,0.12722
0.34426,0.02554,0.09596
0.35295,0.11188,0.10322
0.33949,-0.10027,0.13231
0.30448,0.07014,0.10577
0.24904,0.04060,0.09014
0.17498,0.05345,0.05777
0.08608,-0.01484,0.11015
-0.01636,-0.15259,0.15249
-0.12909,-0.09460,0.09726
-0.24646,-0.34286,0.13009
-0.36483,-0.52526,0.13405
-0.48263,-0.63148,0.13921
-0.59568,-0.58251,0.18988
-0.69757,-0.75466,0.15632
-0.67779,-0.84270,0.18103
-0.86474,-0.99067,0.15879
-1.03872,-1.04540,0.20256
-1.18962,-1.01812,0.20067
-1.30800,-1.04809,0.19719
-1.24951,-1.51093,0.31319
-1.41173,-1.32973,0.27604
-1.54280,-1.31880,0.26016
-1.63904,-1.34930,0.24579
-1.70181,-1.59047,0.25464
-1.53119,-1.73702,0.30288
-1.64184,-1.73588,0.31555
-1.71969,-1.61496,0.42347
-1.76448,-1.59122,0.18961
-1.77615,-1.57289,0.29485
-1.75481,-1.61877,0.26924
-1.55181,-1.57148,0.29184
-1.57982,-1.54204,0.25961
-1.57516,-1.32568,0.22094
-1.53800,-1.29537,0.21264
-1.46874,-1.21537,0.25083
-1.36790,-1.07264,0.16559
-1.14266,-1.10048,0.19084
-1.09253,-0.95558,0.16803
-1.02270,-0.74731,0.15503
-0.93217,-0.64316,0.15117
-0.82160,-0.60260,0.15097
-0.57451,-0.40765,0.16526
-0.55445,-0.19656,0.12806
-0.52997,-0.19806,0.12007
-0.49800,-0.15696,0.11623
-0.45986,-0.19083,0.13979
-0.31192,-0.26861,0.13205
-0.38184,-0.31095,0.16122
-0.45339,-0.30556,0.15047
-0.52088,-0.26769,0.14859
-0.58103,-0.52316,0.16748
-0.54647,-0.92894,0.18702
-0.70120,-0.87577,0.16295
-0.84771,-0.94455,0.12524
-0.97654,-0.89568,0.21132
-1.08270,-1.09152,0.25397
-1.05444,-1.28251,0.23564
-1.22050,-1.63294,0.27750
-1.36117,-1.91750,0.29904
-1.46756,-1.95319,0.26476
-1.53816,-2.07872,0.22088
-1.57597,-1.61076,0.32367
-1.58114,-1.75254,0.35797
-1.55379,-1.73533,0.24552
-1.49424,-1.51832,0.20766
-1.40297,-1.42109,0.23103
-1.28063,-1.44943,0.31831
-1.12910,-1.02368,0.19775
-0.95354,-0.81779,0.19957
-0.75802,-0.72162,0.23234
-0.54982,-0.20082,0.20238
-0.33559,-0.25328,0.18350
-0.11792,-0.01341,0.10420
0.09769,-0.04322,0.12108
0.30111,0.04266,0.08991
0.48540,0.40658,0.14930
0.64785,0.66564,0.19844
0.78019,0.88566,0.17216
0.87760,2.03664,0.39700
0.94069,2.01230,0.31921
0.97183,2.21701,0.35729
0.97113,3.08226,0.55660
0.93873,3.32495,0.57334
0.87493,4.29279,0.85413
0.78021,2.85276,0.52496
0.65520,2.62497,0.50556
0.50211,0.24206,0.16171
0.32678,0.86256,0.31227
0.13272,0.42497,0.18082
-0.07529,-0.18740,0.11629
-0.28883,-0.45805,0.14897
-0.50167,-0.75621,0.14414
-0.70856,-0.89840,0.21578
-0.90619,-1.16072,0.25316
-1.08849,-1.24998,0.26155
-1.24360,-1.62208,0.23099
-1.36726,-1.57469,0.28273
-1.45837,-1.85225,0.35794
-1.51572,-1.86241,0.34006
-1.54170,-1.65260,0.34007
-1.53643,-1.52419,0.30472
-1.50005,-1.69650,0.30110
-1.43287,-1.30569,0.27829
-1.33537,-1.21213,0.25585
-1.20861,-1.09219,0.22006
-1.05545,-0.76146,0.12752
-0.88216,-0.79672,0.19187
-0.69522,-0.53616,0.14651
-0.49920,-0.16584,0.14108
-0.29750,-0.00658,0.10902
0.00641,0.16442,0.14325
0.11964,0.52150,0.17322
0.21758,0.62665,0.17191
0.29919,0.67381,0.13253
0.36184,0.52185,0.13537
0.47440,0.34948,0.12754
0.41036,0.37519,0.19865
0.32126,0.33033,0.16943
0.21278,0.13524,0.13114
0.09051,0.02789,0.09076
0.00077,-0.23627,0.12656
-0.21853,-0.52894,0.14805
-0.43968,-0.54951,0.13876
-0.65532,-0.73394,0.18507
-0.85920,-0.82759,0.27532
-0.96773,-1.13526,0.29454
-1.20804,-1.31929,0.30785
-1.42198,-1.53153,0.33011
-1.60281,-1.83649,0.26405
-1.75135,-1.93282,0.29118
-1.72755,-1.91759,0.23170
-1.89388,-1.91489,0.43996
-2.03068,-2.09056,0.29697
-2.13733,-1.89270,0.56469
-2.21340,-2.02881,0.40076
-2.25861,-2.23607,0.39021
-2.15094,-2.17309,0.25238
-2.21581,-2.22586,0.47714
-2.24997,-2.19345,0.59964
-2.25334,-2.26068,0.30793
-2.22601,-2.04062,0.61330
-2.16824,-2.05766,0.26914
-1.98202,-1.99662,0.35608
-1.94450,-1.52423,0.27703
-1.87684,-1.49433,0.31210
-1.77948,-1.45677,0.32577
-1.65302,-1.33576,0.25737
-1.49819,-1.16250,0.23224
-1.23794,-1.26104,0.31882
-1.10353,-0.88807,0.12395
-0.94939,-0.85641,0.20560
-0.77964,-0.84187,0.26247
-0.59588,-0.39384,0.16549
-0.40619,-0.25413,0.14471
-0.21548,-0.09995,0.11508
-0.02852,0.11227,0.13864
0.15256,0.01289,0.07935
0.32161,0.37594,0.16504
0.46957,0.28737,0.18810
0.59562,0.33563,0.19659
0.69512,0.87301,0.12315
0.76438,0.93252,0.15621
0.80091,0.71125,0.18727
0.80527,0.94099,0.16787
0.77916,0.85629,0.18399
0.72288,0.86215,0.15968
0.63729,0.55540,0.17982
0.52511,0.33493,0.19014
0.38967,0.07912,0.09319
0.23595,0.09589,0.11855
0.06834,-0.05035,0.09901
-0.10883,-0.09463,0.08818
-0.29205,-0.42727,0.14381
-0.47642,-0.71135,0.13834
-0.65516,-0.87989,0.20268
-0.82443,-1.01761,0.21093
-0.97905,-1.09918,0.18056
-1.11232,-1.21029,0.26537
-1.22127,-1.25601,0.19746
-1.30239,-1.28953,0.22277
-1.35209,-1.28022,0.21300
-1.36981,-1.29945,0.22676
-1.35554,-1.37530,0.22287
-1.31065,-1.24362,0.24652
-1.23631,-1.30513,0.29292
-1.13544,-1.07719,0.18905
-1.01070,-0.84528,0.17507
-0.86580,-0.62150,0.13828
-0.70597,-0.57343,0.18110
-0.53445,-0.37990,0.13979
-0.35564,-0.26438,0.14563
-0.17455,-0.00804,0.09016
0.00241,0.02814,0.07331
0.17252,0.06297,0.11979
0.33099,0.53453,0.16872
0.47195,0.70206,0.15409
0.58833,0.82794,0.13643
0.67627,1.06777,0.17325
0.73517,0.94064,0.18459
0.76305,0.70924,0.13957
0.75833,0.93418,0.17801
0.72211,0.80970,0.12878
0.65550,0.77450,0.16614
0.57345,0.46547,0.16569
0.43391,0.31106,0.16360
0.27227,0.03690,0.08424
0.09328,-0.04800,0.08762
-0.09570,-0.20465,0.09327
-0.28923,-0.44430,0.14864
-0.48268,-0.66250,0.13783
-0.66883,-0.82866,0.14737
-0.84273,-0.97954,0.18031
-0.99905,-1.19859,0.18833
-1.13454,-1.25280,0.16849
-1.24407,-1.40292,0.27120
-1.32404,-1.32331,0.27476
-1.37213,-1.32962,0.23505
-1.38784,-1.20705,0.19676
-1.37188,-1.36689,0.23887
-1.32518,-1.23948,0.27707
-1.24891,-1.15740,0.25213
-1.14459,-1.03625,0.17975
-1.01787,-0.93788,0.20558
-0.87255,-0.82824,0.18074
-0.71027,-0.73941,0.22977
-0.53584,-0.42582,0.18224
-0.35701,-0.19980,0.11546
-0.17827,-0.10070,0.12222
-0.00130,0.05423,0.10783
0.16817,0.17750,0.13738
0.32124,0.14368,0.11212
0.45382,0.39009,0.13339
0.56209,0.44810,0.16116
0.64491,0.52902,0.15253
0.69884,0.66788,0.15733
0.72080,0.80378,0.14689
0.71175,0.73543,0.16809
0.67220,0.74960,0.14832
0.60362,0.63022,0.13719
0.50967,0.32254,0.12038
0.39352,0.35946,0.13584
0.25673,0.07067,0.09965
0.10356,0.05314,0.10645
-0.05902,-0.05139,0.10162
-0.22685,-0.36738,0.15461
-0.39827,-0.50575,0.11262
-0.56803,-0.74601,0.16775
-0.72766,-1.01598,0.12868
-0.87279,-0.97502,0.16404
-1.00191,-1.19683,0.25909
-1.10994,-1.50137,0.31682
-1.19063,-1.63867,0.30710
-1.24242,-1.06020,0.26107
-1.26548,-1.02874,0.22255
-1.25876,-1.50632,0.27621
-1.22267,-1.75181,0.39766
-1.00209,-1.40637,0.30507
-1.01475,-1.06161,0.17919
-1.01131,-1.19541,0.20589
-0.99243,-1.06134,0.18957
-0.90743,-0.93088,0.14497
-0.73196,-0.84730,0.25161
-0.55289,-0.27086,0.13709
-0.36629,-0.30936,0.14396
-0.17969,0.04237,0.10643
0.00508,0.08502,0.08429
0.18221,0.38895,0.17669
0.34412,0.41969,0.15210
0.48551,0.71520,0.18333
0.60317,0.92417,0.16321
0.69287,0.95243,0.16158
0.75048,1.09559,0.16064
0.77465,0.73252,0.16086
0.76577,0.89778,0.12880
0.72532,0.84303,0.16801
0.65400,0.60295,0.19355
0.55455,0.63093,0.14235
0.42995,0.25853,0.15392
0.28399,0.07188,0.09240
0.12210,-0.00511,0.10668
-0.05117,-0.17864,0.11995
-0.23242,-0.24345,0.14855
-0.41668,-0.48119,0.17238
-0.59850,-0.78679,0.15246
-0.77095,-0.93662,0.15636
-0.93002,-1.08021,0.20362
-1.07052,-1.17711,0.21156
-1.18606,-1.21869,0.24656
-1.27300,-1.26013,0.17642
-1.32970,-1.34238,0.25890
-1.35466,-1.34969,0.23079
-1.34669,-1.18785,0.16408
-1.30654,-1.28565,0.20327
-1.23567,-1.09326,0.21421
-1.13643,-0.99170,0.19069
-1.01255,-0.85086,0.17274
-0.86905,-0.67177,0.19695
-0.70810,-0.54125,0.19099
-0.53363,-0.42212,0.17393
-0.35078,-0.08056,0.09998
-0.16689,-0.06192,0.16256
0.01478,-0.04642,0.11574
0.18979,0.11387,0.14226
0.35082,0.39117,0.16782
0.49064,0.39505,0.23393
0.60727,0.98077,0.16543
0.69696,1.32733,0.19989
0.75583,1.38461,0.21120
0.78098,0.84822,0.14928
0.77273,0.83710,0.13048
0.73307,0.73127,0.11846
0.66243,0.43730,0.15738
0.61875,0.33972,0.17341
0.38890,-0.03257,0.09704
0.13749,-0.25411,0.13656
-0.12726,-0.59601,0.14141
-0.39320,-0.68740,0.15845
-0.52757,-0.93372,0.20391
-0.86540,-0.98267,0.26348
-1.19348,-1.22627,0.24482
-1.49987,-1.65136,0.32784
-1.77565,-2.01870,0.30721
-2.02348,-2.14288,0.78810
-2.24509,-2.45675,0.44725
-2.27976,-2.55025,0.25000
-2.54468,-2.84888,0.40463
-2.78454,-2.97461,0.25881
-2.99818,-3.17976,0.49493
-3.18460,-3.25276,0.40657
-3.34291,-3.49874,0.51753
-3.47239,-3.45510,0.50356
-3.37066,-3.70380,0.52305
-3.54966,-3.52026,0.48207
-3.70062,-3.55472,0.50975
-3.82286,-3.70909,0.45750
-3.91581,-4.11208,0.64971
-3.97912,-4.08703,0.61376
-4.01255,-3.98603,0.75452
-3.77126,-4.24155,0.54959
-3.85762,-3.85461,0.48687
-3.91450,-3.72110,0.50509
-3.94167,-4.20444,0.62608
-3.93910,-4.02146,0.50238
-3.90687,-4.16849,0.59359
-3.84523,-4.09470,0.59787
-3.47601,-3.83329,0.59803
-3.46789,-3.64124,0.60340
-3.43032,-3.60536,0.61116
-3.36358,-3.35881,0.64900
-3.26806,-3.02254,0.40043
-3.14433,-3.02336,0.54119
-2.99304,-3.32655,0.70360
-2.81504,-2.90514,0.48477
-2.42268,-2.45495,0.39646
-2.29475,-2.51068,0.53887
-2.13955,-2.17737,0.40100
-1.95790,-1.66460,0.30915
-1.75077,-1.05449,0.24627
-1.51920,-0.94261,0.19065
-1.26440,-0.84003,0.18850
-0.80501,-0.58247,0.16496
-0.60296,-0.07780,0.09733
-0.39770,0.04796,0.08374
-0.19359,0.38768,0.15521
0.00565,0.56519,0.15738
0.19846,0.37992,0.18212
0.52350,0.38002,0.13916
0.56796,0.44643,0.17170
0.58200,0.64312,0.13389
0.57071,0.61832,0.13718
0.53468,0.43630,0.09980
0.47507,0.29977,0.18361
0.39347,0.23062,0.15671
0.29234,0.15791,0.12733
0.17539,0.09833,0.07856
0.04588,0.07089,0.11810
-0.09369,-0.10214,0.09383
-0.23858,-0.34211,0.11078
-0.38462,-0.47346,0.16484
-0.52793,-0.59771,0.11712
-0.66547,-0.84991,0.15689
-0.79297,-0.88912,0.12965
-0.90510,-1.07400,0.19433
-0.99843,-1.17640,0.19378
-1.07170,-1.29076,0.25526
-1.12197,-1.40265,0.28655
-1.14661,-1.35874,0.20295
-1.14585,-1.27972,0.24729
-1.11980,-0.98374,0.21400
-1.06944,-0.85651,0.20249
-0.99671,-0.87118,0.12867
-0.90397,-0.91706,0.15892
-0.79287,-0.69548,0.15553
-0.66876,-0.65368,0.15619
-0.53556,-0.51254,0.12589
-0.39541,-0.16772,0.19811
-0.25258,0.05511,0.12666
-0.11266,-0.03207,0.11697
0.02061,0.13167,0.12590
0.14455,0.23405,0.13399
0.25339,0.20804,0.14293
0.34409,0.34530,0.17288
0.41494,0.36362,0.15664
0.46325,0.63881,0.15737
0.48751,0.51098,0.16064
0.48688,0.45860,0.14099
0.46199,0.36551,0.16157
0.41381,0.15753,0.11697
0.34455,0.08360,0.19480
0.25656,0.15524,0.13332
0.15265,-0.08156,0.10545
0.03430,-0.15838,0.12132
-0.09283,-0.19271,0.14022
-0.22500,-0.22451,0.12272
-0.36076,-0.42431,0.12770
-0.49577,-0.66098,0.16683
-0.62556,-0.74219,0.19072
-0.74350,-0.79098,0.15621
-0.84623,-0.78163,0.16121
-0.83703,-0.93705,0.16859
-0.97730,-0.95679,0.23625
-1.09774,-1.11086,0.25512
-1.19184,-0.96771,0.14224
-1.25661,-1.09246,0.27359
-1.18814,-1.27570,0.28073
-1.26971,-1.34286,0.25297
-1.32297,-1.12844,0.18407
-1.34475,-1.21498,0.26367
-1.33393,-1.13093,0.24149
-1.17681,-1.25006,0.31669
-1.18278,-1.00629,0.20808
-1.16499,-0.88461,0.19398
-1.12055,-0.99579,0.19244
-1.05116,-0.79934,0.18847
-0.96001,-0.95714,0.21382
-0.80312,-0.71787,0.20289
-0.75026,-0.61136,0.17760
-0.68541,-0.45524,0.17682
-0.60978,-0.61579,0.12553
-0.52519,-0.42509,0.23842
-0.39307,-0.23287,0.21646
-0.37176,-0.13310,0.19263
-0.35045,-0.06368,0.16013
-0.32797,0.00262,0.13854
-0.21247,-0.07338,0.15444
-0.26638,-0.05029,0.08461
-0.32373,-0.08679,0.12949
-0.38035,-0.23108,0.16005
-0.43505,-0.56400,0.20118
-0.41755,-0.69021,0.13318
-0.53961,-0.85491,0.18365
-0.65509,-0.86332,0.13704
-0.76048,-0.96132,0.22471
-0.84951,-1.05364,0.22258
-0.91943,-1.03908,0.19529
-0.96827,-1.05994,0.19844
-0.99552,-1.12014,0.23717
-0.99991,-1.04140,0.27287
-0.98101,-0.92899,0.19746
-0.93977,-1.02337,0.16112
-0.87740,-0.99973,0.19159
-0.79644,-0.99418,0.23029
-0.69963,-0.83441,0.13018
-0.61291,-0.70858,0.18801
-0.45514,-0.38817,0.10630
-0.29034,-0.37487,0.19338
-0.12565,-0.10933,0.13569
-0.01634,0.06267,0.11345
0.17037,0.19703,0.11312
0.34357,0.26517,0.14197
0.49566,0.21167,0.11270
0.62264,0.73900,0.14264
0.67701,0.84848,0.16232
0.77846,0.81917,0.13897
0.84607,0.80432,0.14367
0.87858,0.87770,0.14922
0.87777,1.00083,0.14290
0.81251,0.77808,0.12104
0.78421,0.58562,0.18253
0.72330,0.72291,0.16478
0.63054,0.62329,0.11406
0.50923,0.42563,0.19346
0.33878,0.27035,0.15327
0.20925,-0.01396,0.10271
0.06458,-0.03301,0.11150
-0.09119,-0.03671,0.11760
-0.25273,-0.11504,0.14480
-0.43479,-0.38997,0.22922
-0.56226,-0.72594,0.14150
-0.68027,-0.64124,0.16288
-0.78527,-0.83896,0.21816
-0.91054,-1.00874,0.15425
-0.94323,-1.00743,0.16676
-0.95322,-1.03031,0.17652
-0.94104,-0.81059,0.19598
-0.90784,-0.77213,0.22830
-0.86565,-0.82019,0.15782
-0.75701,-0.80786,0.16853
-0.63400,-0.49718,0.18419
-0.50008,-0.35081,0.14818
-0.39111,-0.15081,0.11283
-0.21272,-0.07094,0.09822
-0.03548,0.03098,0.08459
0.13380,0.08212,0.07534
0.28921,0.21982,0.12860
0.39962,0.36984,0.16300
0.54704,0.44272,0.16794
0.66817,0.51005,0.16866
0.75712,0.54192,0.17080
0.80997,0.62163,0.14839
0.81406,0.81124,0.20504
0.83729,0.82874,0.17166
0.82752,0.75107,0.15669
0.78499,0.66669,0.11587
0.66881,0.55805,0.15029
0.60025,0.33488,0.10951
0.50588,0.32804,0.16031
0.38653,0.22979,0.13730
0.24590,0.08973,0.10207
0.05639,-0.01142,0.09452
-0.07175,-0.09448,0.11704
-0.20504,-0.36738,0.12582
-0.34265,-0.53411,0.13265
-0.47781,-0.79344,0.20362
-0.62857,-0.82423,0.15937
-0.71079,-0.99106,0.24889
-0.77906,-1.08226,0.18855
-0.83106,-1.10512,0.18846
-0.90196,-1.03577,0.22612
-0.87805,-0.86025,0.14187
-0.83346,-0.81464,0.13287
-0.77090,-0.74096,0.19753
-0.69377,-0.67633,0.14244
-0.60316,-0.56966,0.21389
-0.50195,-0.43623,0.17255
-0.39513,-0.48230,0.18731
-0.28599,-0.41116,0.15136
-0.17590,-0.17651,0.13196
-0.06866,0.05338,0.13722
0.02986,0.16939,0.13699
0.11656,0.15499,0.17406
0.19037,0.05416,0.13253
0.24759,-0.03421,0.11310
0.28535,-0.06384,0.13347
0.30295,0.02685,0.13063
0.30038,-0.07007,0.10972
0.27756,0.00535,0.12388
0.23549,0.12064,0.12204
0.17508,0.09209,0.08830
0.09832,-0.02539,0.11935
0.00910,-0.02797,0.08695
-0.08968,-0.06940,0.12929
-0.19665,-0.20373,0.12801
-0.30823,-0.23653,0.13258
-0.41866,-0.41153,0.15209
-0.39383,-0.62731,0.14221
-0.60763,-0.83340,0.14874
-0.81357,-1.05524,0.19875
-1.00185,-0.96028,0.21903
-1.16937,-1.16648,0.29824
-1.13824,-1.34230,0.29116
-1.35599,-1.52860,0.35643
-1.54508,-1.62227,0.42858
-1.69716,-1.80686,0.24640
-1.81619,-1.87046,0.38721
-1.90203,-1.61941,0.66365
-1.81713,-1.74146,0.44477
-1.95016,-1.95537,0.32968
-2.05064,-1.72065,0.42655
-2.11820,-1.63342,0.41349
-2.15263,-1.81307,0.46478
-2.15394,-1.55585,0.80575
-2.00972,-1.87656,0.68823
-2.06017,-1.60526,0.74849
-2.07791,-1.95597,0.30561
-2.06298,-1.89472,0.26613
-2.01566,-1.90976,0.29834
-1.73494,-1.78417,0.37498
-1.73708,-1.90181,0.25110
-1.70704,-1.61680,0.36830
-1.64514,-1.25753,0.18692
-1.55185,-1.18042,0.16363
-1.42783,-0.96547,0.20985
-1.11026,-1.01581,0.18007
-1.03874,-0.80067,0.23180
-0.94919,-0.59517,0.20525
-0.84003,-0.38334,0.13390
-0.71415,-0.40641,0.13703
-0.57629,-0.38588,0.16549
-0.34640,-0.13672,0.12850
-0.30883,-0.00166,0.11945
-0.27434,0.15787,0.11199
-0.24083,0.07278,0.10753
-0.20918,-0.04833,0.11505
-0.12897,-0.12231,0.10676
-0.21918,-0.04986,0.11227
-0.31490,-0.26749,0.13178
-0.41185,-0.45764,0.12511
-0.36374,-0.56197,0.15661
-0.56376,-0.88720,0.13215
-0.75950,-1.01672,0.16534
-0.94409,-1.32246,0.23643
-1.11118,-1.50224,0.29117
-1.25139,-1.64586,0.29048
-1.35964,-1.71851,0.28707
-1.43492,-1.63645,0.27629
-1.47517,-1.57871,0.26693
-1.48224,-1.37321,0.22362
-1.45689,-1.43869,0.21820
-1.39942,-1.79844,0.32948
-1.31029,-1.43235,0.23776
-1.19079,-1.18645,0.21294
-1.04477,-0.85877,0.16028
-0.87915,-0.72509,0.19001
-0.69704,-0.40342,0.16450
-0.50547,-0.34067,0.13645
-0.30945,-0.47583,0.22489
-0.11264,-0.07148,0.14639
0.07875,0.17107,0.09665
0.25667,0.46472,0.23812
0.41596,0.81982,0.21281
0.55319,1.12688,0.36543
0.66297,2.67399,0.51015
0.74030,2.93203,0.51524
0.78371,3.91539,0.59676
0.79364,3.24200,0.45041
0.77127,2.48052,0.50059
0.71715,1.80465,0.47828
0.63268,0.72210,0.20109
0.52034,0.53955,0.20171
0.38445,0.08578,0.09106
0.23054,0.04954,0.07590
0.06282,-0.04005,0.09566
-0.11553,-0.18995,0.11521
-0.30036,-0.35694,0.14775
-0.48332,-0.66373,0.16759
-0.65925,-0.91604,0.12779
-0.82624,-1.01883,0.17638
-0.97812,-1.15991,0.22642
-1.10624,-1.39631,0.24748
-1.20728,-1.28550,0.32178
-1.28062,-1.33570,0.28039
-1.32310,-1.27248,0.22314
-1.33230,-1.39267,0.24301
-1.30917,-1.41591,0.20156
-1.25499,-1.44299,0.22526
-1.17176,-1.00231,0.21087
-1.06384,-0.72371,0.17616
-0.93285,-0.64038,0.16053
-0.78285,-0.64598,0.15246
-0.61835,-0.54665,0.13034
-0.32554,-0.24324,0.17667
-0.23178,0.03336,0.09626
-0.14227,0.00928,0.09857
-0.05773,0.03914,0.09255
0.01813,0.00261,0.12696
0.17848,0.14993,0.12208
0.14802,0.31538,0.18761
0.09964,0.32595,0.16057
0.03858,0.10730,0.12500
-0.03382,0.02101,0.11919
-0.05700,-0.22698,0.13310
-0.22605,-0.32187,0.15337
-0.39805,-0.56253,0.13137
-0.56906,-0.60384,0.14264
-0.73321,-0.81686,0.14553
-0.81693,-1.02383,0.18878
-1.02554,-1.21050,0.22942
-1.21633,-1.23209,0.31045
-1.37956,-1.35641,0.26277
-1.50615,-1.62890,0.33879
-1.49845,-1.79971,0.31753
-1.63937,-1.83494,0.28989
-1.74907,-1.80092,0.26231
-1.82707,-1.87793,0.39823
-1.87311,-2.10060,0.37220
-1.75053,-2.12863,0.27782
-1.81549,-1.97127,0.27202
-1.84868,-1.75359,0.26581
-1.85007,-1.68591,0.26968
-1.81980,-1.66276,0.34074
-1.75815,-1.52486,0.30736
-1.57500,-1.58055,0.33515
-1.53300,-1.25715,0.23823
-1.46001,-1.11762,0.22055
-1.35654,-1.07573,0.17078
-1.22326,-1.02006,0.19158
-0.93848,-0.91188,0.18784
-0.83573,-0.80330,0.15368
-0.72087,-0.78069,0.16527
-0.59479,-0.53126,0.13967
-0.46040,-0.52073,0.17486
-0.32043,-0.25797,0.13010
-0.17994,-0.04816,0.09908
-0.04333,-0.17395,0.14124
0.08536,-0.02169,0.07892
0.20301,0.05210,0.09958
0.30557,0.10886,0.11457
0.38844,0.34564,0.15926
0.44898,0.43535,0.16987
0.48601,0.57327,0.19311
0.49824,0.60161,0.12907
0.48508,0.62799,0.15406
0.44729,0.44174,0.15227
0.38609,0.23407,0.16268
0.30349,0.08651,0.08241
0.20275,0.04840,0.09457
0.08705,0.02225,0.07185
-0.04106,-0.04586,0.11767
-0.17787,-0.20123,0.13942
-0.31819,-0.29451,0.17227
-0.45776,-0.53198,0.16228
-0.59354,-0.64807,0.12354
-0.72114,-0.77571,0.14658
-0.83494,-0.96218,0.18436
-0.93110,-0.97863,0.17011
-1.00741,-1.04602,0.16219
-1.06109,-1.11632,0.13619
-1.08959,-0.99869,0.17415
-1.09225,-1.12193,0.24135
-1.06940,-1.00332,0.19483
-1.02185,-0.97430,0.16769
-0.95159,-0.90456,0.17630
-0.86011,-0.68817,0.14544
-0.74996,-0.69410,0.16611
-0.62605,-0.61617,0.10056
-0.49249,-0.48624,0.13380
-0.35128,-0.22547,0.14199
-0.20612,-0.06034,0.09327
-0.06191,-0.15451,0.12006
0.07469,0.06969,0.06414
0.19877,0.15991,0.14809
0.30839,0.28822,0.16059
0.39806,0.49034,0.14562
0.46396,0.56737,0.11026
0.50547,0.49963,0.11559
0.52103,0.66910,0.13950
0.50939,0.67795,0.12027
0.47127,0.47543,0.23107
0.43549,0.35509,0.17907
0.32601,0.30372,0.16823
0.19641,0.08143,0.09340
0.05007,-0.01527,0.07262
-0.10914,-0.32768,0.10934
-0.27417,-0.34999,0.19365
-0.43956,-0.53531,0.13985
-0.60070,-0.60017,0.13560
-0.75469,-0.86991,0.21926
-0.89555,-1.00811,0.17328
-1.01608,-1.08883,0.19321
-1.11433,-1.29580,0.26308
-1.18700,-1.22716,0.20811
-1.22875,-1.23738,0.22948
-1.23906,-1.16481,0.22428
-1.21885,-1.19135,0.18651
-1.16907,-1.13377,0.16006
-1.09230,-1.11202,0.17146
-0.99146,-0.89142,0.21319
-0.86905,-0.80235,0.15025
-0.72925,-0.66353,0.13312
-0.57772,-0.56078,0.16782
-0.41732,-0.40541,0.17859
-0.25461,-0.11482,0.10773
-0.09274,-0.08796,0.11325
0.06125,-0.00406,0.11029
0.20262,0.14401,0.13391
0.32815,0.36531,0.16749
0.43288,0.04624,0.12613
0.51184,0.19936,0.16013
0.56397,0.44176,0.15643
0.58731,0.76788,0.13881
0.58103,0.56316,0.15390
0.54613,0.53998,0.15355
0.48401,0.32307,0.17706
0.39652,0.20425,0.14219
0.28817,0.19604,0.13629
0.16250,0.05242,0.10080
0.02123,-0.05237,0.12193
-0.12878,-0.22949,0.12568
-0.28292,-0.44154,0.13828
-0.43936,-0.54019,0.10475
-0.59293,-0.66579,0.14359
-0.73537,-1.05384,0.22307
-0.86234,-1.07890,0.24427
-0.96979,-0.97753,0.20689
-1.05623,-1.58617,0.30527
-1.11713,-1.01420,0.22979
-1.14961,-0.48093,0.21440
-1.15421,-1.35794,0.28493
-1.13061,-1.77613,0.41085
-1.08055,-1.17094,0.22273
-0.94011,-0.98317,0.17818
-0.94866,-1.15198,0.19751
-0.94396,-0.89879,0.15629
-0.86092,-1.06294,0.23614
-0.69938,-0.64209,0.16921
-0.53002,-0.38655,0.18247
-0.35289,-0.23581,0.19366
-0.17483,-0.01938,0.10272
-0.00203,0.01760,0.07927
0.16349,0.16911,0.13445
0.31224,0.53825,0.17778
0.43936,0.39959,0.16441
0.54338,0.76000,0.11725
0.61980,0.84414,0.13151
0.66391,0.65942,0.13609
0.67531,0.83225,0.19827
0.65482,0.87013,0.19777
0.60316,0.62739,0.17096
0.52323,0.66508,0.20438
0.41817,0.14790,0.11467
0.29167,0.10498,0.14887
0.14571,0.05302,0.08979
-0.01256,-0.03492,0.09344
-0.17836,-0.15232,0.12277
-0.34696,-0.33566,0.11442
-0.51606,-0.61400,0.13285
-0.67691,-0.77285,0.14236
-0.82429,-1.02043,0.21243
-0.95345,-1.05317,0.17218
-1.06253,-1.25573,0.28048
-1.14587,-1.22916,0.25146
-1.20040,-1.19364,0.26645
-1.22517,-1.08341,0.15933
-1.21936,-1.12661,0.18410
-1.18329,-1.00273,0.15907
-1.11870,-0.88379,0.19512
-1.02763,-0.84361,0.15446
-0.91314,-0.76962,0.12074
-0.77985,-0.62213,0.19736
-0.63198,-0.54773,0.19895
-0.47280,-0.31367,0.26012
-0.30697,-0.08765,0.12046
-0.13969,-0.07566,0.10162
0.02252,-0.03445,0.10049
0.17432,-0.00900,0.08595
0.31197,0.30435,0.20753
0.42764,0.58264,0.19931
0.51784,0.56921,0.22147
0.58184,1.07744,0.18663
0.61547,0.77697,0.14403
0.61831,0.80038,0.17480
0.59116,0.66938,0.20133
0.53494,0.29033,0.18555
0.48619,0.19504,0.15106
0.26867,-0.08529,0.12876
0.03483,-0.26477,0.12279
-0.21034,-0.51945,0.15086
-0.29667,-0.66515,0.18303
-0.63405,-0.87455,0.21338
-0.96399,-0.96064,0.25012
-1.27530,-1.40086,0.25116
-1.56360,-1.65289,0.24011
-1.81934,-2.25558,0.32276
-2.04418,-2.47814,0.30045
-2.08810,-2.56482,0.35549
-2.35587,-2.58522,0.33297
-2.59662,-2.68327,0.41322
-2.80915,-2.89650,0.41753
-2.99242,-2.92550,0.32340
-3.14559,-2.91226,0.40463
-3.00654,-3.27360,0.34092
-3.20780,-3.31650,0.36365
-3.37986,-3.51180,0.54953
-3.52194,-3.48790,0.41094
-3.63337,-3.69657,0.44840
-3.71373,-3.68075,0.47613
-3.76269,-3.69191,0.44332
-3.51053,-3.61805,0.37879
-3.61186,-3.67916,0.50319
-3.68234,-3.91587,0.86576
-3.72169,-4.11057,0.61867
-3.72986,-4.02076,0.47825
-3.70691,-4.21560,0.80509
-3.65308,-4.02256,0.61325
-3.29973,-3.53589,0.54197
-3.29934,-3.82169,0.53821
-3.26818,-3.46099,0.55287
-3.20650,-3.20570,0.57183
-3.11476,-2.89603,0.44645
-2.99350,-2.96061,0.45262
-2.84347,-3.12984,0.48514
-2.41258,-2.68180,0.61281
-2.31401,-2.68263,0.48957
-2.18633,-2.26162,0.43454
-2.03030,-1.95599,0.44391
-1.84681,-1.30710,0.27632
-1.63687,-1.18975,0.20931
-1.40163,-0.90200,0.15468
-0.92802,-0.72940,0.16709
-0.74243,-0.32991,0.13630
-0.54948,0.04261,0.13264
-0.35166,0.22267,0.13180
-0.15322,0.35600,0.15969
0.04081,0.42808,0.13371
0.22643,0.26575,0.14330
0.45431,0.41923,0.16242
0.48987,0.56930,0.11084
0.49768,0.45208,0.13107
0.48139,0.41917,0.19555
0.44186,0.21249,0.11587
0.37992,0.44635,0.11456
0.29734,0.28048,0.16472
0.19657,0.06275,0.11810
0.08178,0.08982,0.08249
-0.04490,0.04168,0.10779
-0.18061,-0.23467,0.11770
-0.31948,-0.34712,0.15025
-0.45711,-0.57289,0.10198
-0.59176,-0.74305,0.16176
-0.71956,-0.86099,0.14390
-0.83585,-1.01035,0.22693
-0.93491,-1.19848,0.25672
-1.01336,-1.20786,0.18907
-1.06917,-1.20089,0.25048
-1.10155,-1.32023,0.28960
-1.10883,-1.10638,0.20478
-1.09074,-0.90420,0.14636
-1.04836,-0.99035,0.21183
-0.98269,-0.92451,0.19184
-0.89653,-0.88165,0.18600
-0.79288,-0.77134,0.14711
-0.67339,-0.62670,0.13083
-0.54118,-0.53943,0.12470
-0.40199,-0.20695,0.12371
-0.26029,0.02678,0.11653
-0.11799,-0.02116,0.11171
0.02100,0.13528,0.10145
0.14975,0.18249,0.14430
0.26233,0.31833,0.17167
0.35729,0.33149,0.19353
0.43107,0.25678,0.12399
0.48034,0.58580,0.13577
0.50420,0.56206,0.17838
0.50231,0.52734,0.15762
0.47513,0.55423,0.15198
0.42372,0.15906,0.14118
0.35047,0.11926,0.11934
0.25715,0.06294,0.06944
0.14691,-0.00187,0.08633
0.02322,-0.10834,0.09080
-0.10905,-0.13382,0.12105
-0.24619,-0.38518,0.13746
-0.38543,-0.49710,0.11718
-0.52083,-0.59108,0.14415
-0.64834,-0.69692,0.14550
-0.76521,-0.84434,0.23250
-0.86699,-0.89171,0.13364
-0.90019,-0.92765,0.17498
-1.03676,-1.07829,0.21825
-1.15047,-0.98208,0.18675
-1.23696,-1.10194,0.23599
-1.29275,-1.08819,0.25175
-1.25999,-1.17939,0.17155
-1.32792,-1.16976,0.17863
-1.36619,-1.21963,0.18486
-1.37088,-1.23777,0.25807
-1.34246,-1.23141,0.24249
-1.21771,-1.23504,0.22838
-1.20270,-0.90831,0.20468
-1.16267,-0.91872,0.17173
-1.09705,-0.97716,0.18019
-1.00780,-0.85230,0.18518
-0.82657,-0.79226,0.16428
-0.77286,-0.56455,0.15140
-0.70779,-0.55267,0.12815
-0.63106,-0.52154,0.23227
-0.54316,-0.41127,0.19899
-0.38356,-0.19881,0.19159
-0.36141,-0.12793,0.15268
-0.33957,-0.16954,0.17055
-0.31624,0.01807,0.10830
-0.29249,-0.16195,0.20955
-0.23217,0.00169,0.13251
-0.28822,-0.14062,0.14025
-0.34691,-0.14354,0.15652
-0.40478,-0.38919,0.19990
-0.37069,-0.67139,0.17703
-0.49745,-0.80972,0.18256
-0.62160,-0.92627,0.18282
-0.73414,-0.94676,0.21194
-0.83130,-0.93548,0.14038
-0.91197,-1.02131,0.19870
-0.97280,-1.09739,0.23507
-1.01005,-1.10016,0.21964
-1.02313,-1.14128,0.25123
-1.01240,-1.11133,0.25036
-0.97802,-0.97059,0.16554
-0.92179,-1.04742,0.18277
-0.84584,-0.94311,0.16334
-0.75147,-0.78617,0.14712
-0.67345,-0.66208,0.13078
-0.51594,-0.57298,0.14624
-0.35183,-0.50390,0.17230
-0.18416,-0.14508,0.12462
-0.02140,0.07298,0.08479
0.11042,0.11425,0.13004
0.28790,0.22616,0.10724
0.44885,0.07747,0.06414
0.58462,0.52531,0.19420
0.63879,0.88353,0.18365
0.74865,0.83233,0.15259
0.82671,0.83132,0.17271
0.86869,0.84083,0.09241
0.87681,0.81725,0.15844
0.81335,0.89103,0.16030
0.79365,0.69262,0.12540
0.74109,0.56490,0.14992
0.65645,0.69406,0.15139
0.54276,0.33227,0.16507
0.37318,0.18259,0.16077
0.24959,0.13702,0.12575
0.11102,0.07557,0.09038
-0.03978,-0.06468,0.10286
-0.19952,-0.15060,0.13359
-0.38575,-0.20249,0.14191
-0.51056,-0.55703,0.19162
-0.62748,-0.71761,0.14731
-0.73470,-0.77129,0.19613
-0.86992,-1.00614,0.17715
-0.90653,-1.05446,0.23035
-0.92109,-0.81805,0.18093
-0.91500,-0.80326,0.20066
-0.88860,-0.89943,0.20933
-0.85814,-0.78825,0.16519
-0.75570,-0.61668,0.16097
-0.63702,-0.57131,0.19592
-0.50756,-0.33410,0.18199
-0.40595,-0.09839,0.11777
-0.22861,-0.08331,0.10731
-0.05226,0.01263,0.09691
0.11643,0.13257,0.10808
0.27426,0.20805,0.14821
0.38857,0.42169,0.14830
0.54376,0.39996,0.15201
0.67158,0.51956,0.15839
0.76897,0.57545,0.12840
0.83234,0.60556,0.15369
0.84240,0.66788,0.14224
0.87454,0.72458,0.17134
0.87348,0.78231,0.15394
0.83942,0.48260,0.12797
0.72814,0.60250,0.12107
0.66743,0.49199,0.12736
0.57597,0.23772,0.12261
0.45798,0.34790,0.15292
0.31782,0.15673,0.09356
0.12179,0.02026,0.07084
-0.01307,-0.05298,0.08224
-0.15530,-0.36684,0.12882
-0.30052,-0.54552,0.14060
-0.44616,-0.72408,0.20427
-0.61469,-0.86858,0.19418
-0.71021,-1.04742,0.21778
-0.79179,-1.06527,0.18239
-0.85735,-1.03631,0.24504
-0.94745,-1.11802,0.23951
-0.93384,-1.05751,0.31710
-0.89809,-0.99291,0.29644
-0.84312,-0.96184,0.21793
-0.76998,-0.64764,0.19183
-0.68239,-0.67539,0.16066
-0.58168,-0.36942,0.18072
-0.47099,-0.50525,0.16559
-0.35392,-0.44200,0.16140
-0.23615,-0.22984,0.14028
-0.12125,-0.01985,0.13935
-0.01066,0.12505,0.10891
0.08937,0.08758,0.11033
0.17553,0.14883,0.13006
0.24676,0.08604,0.11247
0.30007,0.01192,0.07783
0.33215,0.01862,0.11898
0.34245,0.06635,0.07009
0.33124,-0.01327,0.08457
0.29870,0.04998,0.09151
0.24648,0.04620,0.07751
0.17557,0.07623,0.10125
0.08832,-0.03224,0.12444
-0.01238,0.01125,0.12272
-0.12159,-0.20911,0.09409
-0.23593,-0.15736,0.07148
-0.35386,-0.39072,0.12444
-0.31480,-0.53965,0.11049
-0.53795,-0.77196,0.15121
-0.75590,-1.01265,0.15472
-0.96235,-1.01625,0.22700
-1.14498,-1.04439,0.24316
-1.29777,-1.31681,0.21356
-1.32866,-1.57352,0.30990
-1.52508,-1.86024,0.24383
-1.68868,-1.94380,0.33984
-1.81941,-1.74805,0.67351
-1.91728,-1.85631,0.24766
-1.80965,-1.75081,0.54463
-1.95432,-1.98388,0.41308
-2.06683,-1.90998,0.58040
-2.14673,-1.32692,1.00575
-2.19373,-1.68204,0.72423
-2.20775,-1.16402,0.82773
-2.03547,-2.00975,0.29086
-2.09853,-2.11523,0.32699
-2.12905,-1.86405,0.47785
-2.12703,-1.95324,0.29780
-2.09264,-1.88042,0.28742
-2.02622,-1.93013,0.35330
-1.79445,-1.72776,0.29380
-1.77746,-1.92043,0.28790
-1.72859,-1.32296,0.25626
-1.64826,-1.17757,0.20146
-1.53705,-1.14169,0.21045
-1.39568,-1.13965,0.23501
-1.12081,-0.95693,0.23406
-1.02938,-0.64410,0.14312
-0.92013,-0.50616,0.19532
-0.79365,-0.54102,0.16533
-0.65202,-0.44375,0.18729
-0.35838,-0.32038,0.19010
-0.31313,-0.00913,0.12809
-0.27185,0.03132,0.08462
-0.23139,0.17772,0.11654
-0.19308,0.05235,0.06597
-0.04609,0.04669,0.06941
-0.13214,-0.13935,0.15569
-0.22857,-0.10329,0.13256
-0.32912,-0.18241,0.12702
-0.42878,-0.45598,0.16525
-0.43173,-0.68079,0.17148
-0.63049,-0.90211,0.21205
-0.82250,-1.11439,0.19115
-0.99840,-1.30359,0.24015
-1.15193,-1.38422,0.25014
-1.28025,-1.67966,0.29114
-1.37878,-1.68250,0.32740
-1.44208,-1.71131,0.25115
-1.47052,-1.53440,0.30379
-1.46652,-1.35963,0.26671
-1.43037,-1.77330,0.24817
-1.36239,-1.71470,0.44000
-1.26312,-1.38868,0.29631
-1.13548,-1.04717,0.23247
-0.98479,-0.96304,0.17828
-0.81594,-0.60690,0.19295
-0.63228,-0.35339,0.14148
-0.43936,-0.39207,0.11530
-0.24436,-0.40846,0.19061
-0.05057,0.03473,0.13435
0.13592,0.26974,0.19032
0.30903,0.65939,0.24914
0.46111,1.04089,0.31527
0.58784,1.78664,0.50026
0.68671,2.91852,0.65253
0.75387,4.05099,0.58402
0.78655,3.67739,0.57662
0.78589,2.88138,0.49692
0.75338,1.83333,0.49098
0.68938,1.09854,0.21833
0.59601,0.60283,0.16208
0.47730,0.30608,0.13600
0.33521,0.08800,0.11238
0.17427,-0.00586,0.08024
0.00186,-0.06896,0.08332
-0.17754,-0.30316,0.12023
-0.36209,-0.45688,0.15174
-0.54619,-0.83441,0.14225
-0.72072,-0.82599,0.16923
-0.88081,-1.03679,0.18233
-1.02470,-1.21894,0.23491
-1.14666,-1.34791,0.22491
-1.23954,-1.56476,0.23616
-1.30142,-1.52531,0.33151
-1.33240,-1.26018,0.18797
-1.33114,-1.33200,0.20647
-1.29781,-1.29270,0.22094
-1.23451,-1.36266,0.23115
-1.14281,-1.01523,0.24711
-1.02589,-0.72036,0.11655
-0.88951,-0.70848,0.13616
-0.73525,-0.74353,0.20115
-0.56761,-0.54127,0.15767
-0.30277,-0.19111,0.19176
-0.20529,-0.01824,0.10052
-0.11324,0.00193,0.10817
-0.02651,0.05689,0.09645
0.05209,0.03342,0.12726
0.18225,0.17968,0.14525
0.14845,0.19640,0.15856
0.09836,0.23765,0.14180
0.03506,0.03987,0.07877
-0.03824,0.03898,0.07794
-0.09029,-0.22580,0.08916
-0.25832,-0.36098,0.21501
-0.43085,-0.53893,0.13413
-0.59796,-0.69135,0.16452
-0.64159,-0.88213,0.12408
-0.86382,-1.00058,0.20575
-1.07402,-1.11326,0.21661
-1.25758,-1.21443,0.29328
-1.40890,-1.41613,0.31227
-1.52729,-1.59137,0.28491
-1.54135,-1.76800,0.31678
-1.67470,-1.74905,0.24971
-1.77676,-1.85275,0.33178
-1.84712,-1.92909,0.49880
-1.88553,-2.20942,0.33169
-1.78449,-2.10181,0.28769
-1.84196,-1.87411,0.32734
-1.86771,-1.68411,0.28625
-1.86173,-1.77701,0.31121
-1.82420,-1.62033,0.33274
-1.75546,-1.50397,0.31539
-1.59305,-1.44766,0.29341
-1.54398,-1.36139,0.22325
-1.46407,-1.08085,0.16616
-1.35387,-0.98576,0.14624
-1.21408,-0.90397,0.15598
-0.94734,-0.84928,0.12864
-0.83967,-0.87370,0.17629
-0.71937,-0.70271,0.14851
-0.58656,-0.64662,0.18377
-0.44577,-0.41498,0.21248
-0.30104,-0.10117,0.13732
-0.15639,-0.10220,0.15935
-0.01502,-0.06945,0.10699
0.11866,0.02186,0.08280
0.23892,0.07569,0.07991
0.34184,0.22750,0.11852
0.42513,0.50497,0.17949
0.48584,0.40406,0.20491
0.52116,0.67735,0.14677
0.53025,0.60586,0.12397
0.51331,0.64753,0.16761
0.47096,0.64543,0.16661
0.40499,0.30538,0.19145
0.31774,0.08189,0.14343
0.21134,0.01523,0.11068
0.08899,-0.03355,0.11241
-0.04559,-0.12643,0.12355
-0.18751,-0.23695,0.09918
-0.33436,-0.41588,0.14918
-0.48246,-0.55755,0.13654
-0.62476,-0.65758,0.16078
-0.75837,-0.88519,0.18451
-0.87954,-0.95423,0.15684
-0.98157,-1.02874,0.25266
-1.06082,-1.08784,0.19038
-1.11521,-1.23521,0.22971
-1.14392,-1.16781,0.27770
-1.14590,-1.12810,0.18746
-1.12067,-1.08925,0.21428
-1.06945,-1.07682,0.23033
-0.99360,-0.99111,0.16907
-0.89533,-0.89636,0.16793
-0.77907,-0.73168,0.17064
-0.64871,-0.57503,0.12331
-0.50620,-0.52385,0.18758
-0.35706,-0.29249,0.18853
-0.20661,-0.04817,0.07753
-0.06046,-0.00002,0.10484
0.07723,0.01590,0.10711
0.20342,0.31008,0.17789
0.31331,0.21623,0.12963
0.40178,0.51697,0.15666
0.46647,0.60771,0.15108
0.50627,0.46798,0.16151
0.51917,0.66495,0.12499
0.50541,0.57628,0.15029
0.46578,0.47590,0.21396
0.42872,0.27316,0.14838
0.32013,0.19594,0.15682
0.19262,0.03069,0.08370
0.04977,-0.05548,0.13281
-0.10375,-0.22832,0.12832
-0.26182,-0.35823,0.18384
-0.42006,-0.56396,0.15046
-0.57640,-0.58775,0.14392
-0.72542,-0.85531,0.17062
-0.85883,-0.93920,0.15421
-0.97268,-1.05463,0.20114
-1.06576,-1.25454,0.23079
-1.13409,-1.06891,0.25815
-1.17430,-1.09486,0.14689
-1.18490,-1.03778,0.17693
-1.16655,-1.16446,0.20692
-1.12015,-1.04335,0.19048
-1.04819,-0.98619,0.19222
-0.95336,-0.86993,0.17131
-0.83727,-0.76169,0.19068
-0.70373,-0.57302,0.13707
-0.55922,-0.66212,0.15603
-0.40788,-0.44253,0.14135
-0.25405,-0.11049,0.10438
-0.09984,-0.04202,0.13547
0.04675,-0.05169,0.11091
0.18098,0.14956,0.13116
0.30116,0.24757,0.14491
0.39999,0.19150,0.15546
0.47445,0.25832,0.15274
0.52252,0.49726,0.14305
0.54387,0.68433,0.12991
0.53742,0.67348,0.10862
0.50347,0.50208,0.15489
0.44317,0.26927,0.13177
0.35865,0.13599,0.12702
0.25429,0.13769,0.09530
0.13346,0.04128,0.12980
-0.00012,-0.00020,0.09600
-0.14452,-0.24299,0.17545
-0.29511,-0.47801,0.15556
-0.44442,-0.51736,0.11794
-0.58803,-0.65873,0.16127
-0.72413,-1.09592,0.19909
-0.84749,-0.99228,0.18017
-0.95088,-1.00562,0.18582
-1.03135,-1.76897,0.39980
-1.08823,-1.04647,0.21486
-1.11846,-0.77553,0.22097
-1.12067,-1.41712,0.30426
-1.09571,-1.56965,0.33729
-0.89796,-1.18890,0.27576
-0.92707,-0.97725,0.22925
-0.93990,-1.00464,0.23162
-0.93898,-1.00566,0.19363
-0.83397,-1.07839,0.23596
-0.67383,-0.74856,0.17747
-0.50904,-0.43239,0.16530
-0.33501,-0.14190,0.16164
-0.15950,-0.03030,0.08070
0.01157,0.08521,0.10413
0.17284,0.17781,0.12165
0.32110,0.60523,0.15936
0.45120,0.56410,0.15401
0.55755,0.72782,0.17627
0.63599,0.93094,0.15863
0.68290,0.69285,0.15139
0.69612,0.82791,0.15446
0.67607,0.84623,0.18871
0.62387,0.73220,0.15367
0.54207,0.67250,0.14131
0.43392,0.28576,0.16262
0.30310,0.14792,0.15405
0.15215,0.05339,0.11221
-0.01294,-0.07149,0.12733
-0.18631,-0.24331,0.13824
-0.36546,-0.47624,0.13094
-0.54561,-0.64083,0.13107
-0.71802,-0.80693,0.15551
-0.87647,-1.04596,0.26019
-1.01838,-1.20910,0.23692
-1.13778,-1.41744,0.25824
-1.22678,-1.21869,0.26700
-1.28374,-1.29800,0.21510
-1.30827,-1.37524,0.23802
-1.29957,-1.28942,0.22287
-1.25843,-1.27019,0.26661
-1.18679,-1.04090,0.25447
-1.08751,-0.87725,0.13498
-0.96410,-0.81721,0.16345
-0.82183,-0.69013,0.14587
-0.66486,-0.61680,0.16957
-0.49643,-0.28288,0.15608
-0.32186,-0.08792,0.12629
-0.14814,-0.19246,0.15172
0.02148,-0.10060,0.13928
0.18118,0.06776,0.07404
0.32533,0.11503,0.13347
0.44722,0.61792,0.19144
0.54583,0.80095,0.24854
0.61699,1.00416,0.21858
0.65635,0.85725,0.13284
0.66450,0.80452,0.14519
0.64125,0.75870,0.14631
0.58749,0.34061,0.17835
0.53166,0.34428,0.16866
0.31460,-0.02185,0.09294
0.07711,-0.25881,0.14707
-0.17207,-0.54490,0.16091
-0.26589,-0.58979,0.19363
-0.60537,-0.85810,0.20675
-0.94291,-0.96206,0.24494
-1.26691,-1.36425,0.28232
-1.56118,-1.62390,0.31860
-1.82324,-2.17516,0.44900
-2.05627,-2.42371,0.38400
-2.09982,-2.52396,0.40301
-2.37526,-2.70304,0.32962
-2.62444,-2.84326,0.35361
-2.84613,-3.07171,0.29279
-3.03925,-3.18964,0.39351
-3.20290,-3.45299,0.43905
-3.33631,-3.50130,0.50337
-3.26202,-3.58055,0.36264
-3.44463,-3.42598,0.61791
-3.59783,-3.76587,0.45036
-3.72095,-4.16477,0.59414
-3.81343,-3.91174,0.64633
-3.87494,-3.77585,0.60481
-3.90525,-3.89111,0.56823
-3.70951,-3.85722,0.62519
-3.79266,-3.85286,0.51098
-3.84505,-3.96429,0.57929
-3.86654,-4.12507,0.62705
-3.85712,-3.86490,0.58600
-3.81697,-4.13182,0.55942
-3.74639,-3.95470,0.53348
-3.43765,-4.01545,0.64205
-3.42041,-3.73386,0.59557
-3.37276,-3.81237,0.58910
-3.29504,-3.19388,0.46533
-3.18776,-2.88424,0.46650
-3.05156,-3.14056,0.44574
-2.88723,-3.04792,0.45017
-2.48702,-2.71240,0.60079
-2.37356,-2.72672,0.58683
-2.23155,-2.10591,0.44247
-2.06181,-1.63852,0.33017
-1.86529,-1.27741,0.25215
-1.64306,-1.06345,0.16777
-1.39631,-0.86775,0.18478
-0.93861,-0.82915,0.19462
-0.74037,-0.14201,0.12005
-0.53459,0.02560,0.12074
-0.32308,0.15082,0.11217
-0.11187,0.29165,0.14164
0.09357,0.31463,0.17035
0.44275,0.19426,0.12341
0.51194,0.26121,0.16310
0.55008,0.45757,0.12813
0.56174,0.55422,0.14294
0.54788,0.57494,0.20920
0.50910,0.43344,0.14304
0.44687,0.33823,0.14295
0.36333,0.27101,0.15016
0.26047,0.09352,0.11568
0.14204,0.09555,0.11938
0.01070,0.02138,0.09784
-0.13006,-0.24991,0.11883
-0.27620,-0.39263,0.11949
-0.42256,-0.48534,0.11259
-0.56491,-0.73209,0.10831
-0.70031,-0.85106,0.18808
-0.82326,-0.98380,0.14674
-0.92971,-1.16680,0.17787
-1.01641,-1.19264,0.23874
-1.08137,-1.59473,0.33334
-1.12236,-1.27396,0.25516
-1.13753,-1.26032,0.23013
-1.12677,-1.04143,0.22426
-1.09070,-1.00610,0.17500
-1.03036,-0.90582,0.18579
-0.94841,-0.83964,0.16000
-0.84766,-0.84308,0.17469
-0.72973,-0.57540,0.16583
-0.59771,-0.55462,0.14110
-0.45559,-0.34048,0.13574
-0.30917,0.01157,0.09869
-0.16119,-0.01155,0.12172
-0.01517,0.13083,0.13835
0.12186,0.23069,0.14567
0.24516,0.32125,0.14622
0.35115,0.46138,0.20074
0.43630,0.39104,0.15260
0.49916,0.51164,0.13284
0.53653,0.65575,0.12444
0.54695,0.50010,0.17471
0.53087,0.36443,0.19216
0.48878,0.27912,0.14556
0.42245,0.26480,0.15318
0.33506,0.08478,0.07015
0.22936,0.01952,0.10420
0.10764,-0.03489,0.08615
-0.02616,-0.07011,0.09912
-0.16680,-0.13513,0.12450
-0.31171,-0.45151,0.13205
-0.45636,-0.65652,0.11968
-0.59618,-0.66837,0.14182
-0.72527,-0.80349,0.14507
-0.83984,-0.97962,0.19679
-0.86519,-0.98362,0.16749
-1.01709,-1.12562,0.21343
-1.14726,-0.98989,0.17417
-1.25078,-1.04431,0.17050
-1.32348,-1.10934,0.16938
-1.27796,-1.30686,0.28914
-1.36017,-1.16610,0.25241
-1.41237,-1.31686,0.23335
-1.43089,-1.24050,0.20206
-1.41737,-1.16395,0.18000
-1.27453,-1.17461,0.25342
-1.27428,-1.00365,0.25515
-1.24639,-1.10643,0.22417
-1.19017,-1.03853,0.22666
-1.10777,-0.97271,0.21983
-0.89253,-1.04634,0.17712
-0.84129,-0.48286,0.17069
-0.77774,-0.61410,0.15992
-0.70039,-0.57560,0.17005
-0.61056,-0.41410,0.23031
-0.40534,-0.28408,0.19781
-0.37863,-0.06062,0.19217
-0.35221,0.02511,0.08778
-0.32392,-0.03125,0.11298
-0.29453,0.08527,0.11610
-0.18278,-0.04442,0.17441
-0.23414,-0.19719,0.18711
-0.29042,-0.15035,0.12539
-0.34768,-0.27500,0.16935
-0.40285,-0.62605,0.15996
-0.39581,-0.72883,0.21590
-0.51928,-0.81235,0.14155
-0.63904,-0.85259,0.22718
-0.74668,-1.01419,0.25454
-0.83865,-0.97972,0.19336
-0.91215,-1.04247,0.20281
-0.96629,-1.13724,0.20555
-0.99760,-1.02631,0.16339
-1.00547,-0.96343,0.18376
-0.99027,-0.95423,0.19603
-0.95267,-0.94647,0.17242
-0.89422,-0.89209,0.17676
-0.81604,-0.99054,0.24749
-0.72132,-0.89320,0.15725
-0.63338,-0.71692,0.16765
-0.47787,-0.56226,0.15826
-0.31454,-0.22199,0.18236
-0.15215,-0.02890,0.12923
-0.04075,0.00833,0.07831
0.14479,0.16789,0.12418
0.31926,0.18506,0.13946
0.47335,0.32950,0.14447
0.59977,0.70645,0.09872
0.65977,0.87849,0.27569
0.76382,0.86691,0.14801
0.83496,0.84241,0.15373
0.87043,0.77068,0.17450
0.87240,0.95953,0.17135
0.81447,0.80380,0.14692
0.78899,0.67839,0.11180
0.73092,0.57748,0.14516
0.64133,0.67178,0.16028
0.52353,0.42952,0.16606
0.36112,0.14763,0.12584
0.23628,0.03643,0.10168
0.09747,0.06004,0.12881
-0.05230,-0.11645,0.12385
-0.26068,-0.07289,0.15747
-0.38554,-0.26649,0.18587
-0.50449,-0.53027,0.14914
-0.61613,-0.57237,0.15074
-0.71891,-0.93534,0.17405
-0.83926,-1.09790,0.27212
-0.87086,-0.96971,0.31161
-0.88280,-0.87392,0.18852
-0.87551,-0.89523,0.17109
-0.89357,-0.94249,0.20510
-0.81008,-0.70841,0.19017
-0.70805,-0.64466,0.14683
-0.59216,-0.59784,0.20398
-0.46706,-0.29753,0.14776
-0.36172,-0.09838,0.13939
-0.19106,-0.05098,0.13498
-0.02144,0.01578,0.07342
0.13944,0.10760,0.08430
0.28592,0.31530,0.16315
0.39731,0.29672,0.14635
0.54060,0.54387,0.17523
0.65666,0.57401,0.17107
0.74052,0.47941,0.13766
0.74582,0.55569,0.16377
0.79894,0.80688,0.16772
0.81855,0.74239,0.14102
0.80491,0.70348,0.18415
0.75841,0.73835,0.12355
0.64629,0.57651,0.12803
0.57475,0.21895,0.15114
0.47714,0.38527,0.16524
0.35547,0.24210,0.15308
0.21444,0.06308,0.11956
0.03252,-0.05827,0.11396
-0.09734,-0.16887,0.12708
-0.23331,-0.32872,0.18147
-0.37237,-0.53324,0.15716
-0.50910,-0.88680,0.25004
-0.65446,-0.96322,0.23106
-0.73976,-0.95970,0.16596
-0.80931,-1.06352,0.21790
-0.86125,-1.11962,0.19532
-0.92331,-1.09226,0.16777
-0.89908,-0.95166,0.23028
-0.85372,-0.87779,0.14705
-0.78995,-0.74543,0.12933
-0.71027,-0.65080,0.21294
-0.61623,-0.64711,0.17944
-0.51165,-0.33588,0.15545
-0.40041,-0.42112,0.16642
-0.28429,-0.15616,0.14960
-0.16651,-0.28045,0.17703
-0.05292,0.03302,0.10567
0.05231,0.11839,0.13538
0.14584,0.06873,0.09643
0.22577,0.11225,0.15899
0.28802,0.06673,0.12756
0.32984,-0.00626,0.09167
0.35080,0.01493,0.05300
0.34950,0.08785,0.09402
0.32614,0.00335,0.10865
0.28178,0.18170,0.14409
0.21800,0.07455,0.10334
0.13770,-0.08202,0.09043
0.04354,-0.07251,0.12139
-0.06139,-0.02691,0.12796
-0.17463,-0.19277,0.12971
-0.29125,-0.31704,0.13120
-0.40759,-0.41467,0.13938
-0.41138,-0.63575,0.13501
-0.63033,-0.90152,0.15452
-0.84048,-0.97186,0.18142
-1.03204,-1.07898,0.23541
-1.20026,-1.14847,0.18471
-1.18650,-1.55002,0.34906
-1.40190,-1.53397,0.33725
-1.58608,-1.79421,0.29261
-1.73512,-1.77352,0.41719
-1.85136,-1.78745,0.38975
-1.93445,-1.88354,0.41280
-1.86364,-1.64373,0.67917
-1.99402,-1.89987,0.28333
-2.09189,-1.81064,0.54558
-2.15688,-1.68330,0.54599
-2.18883,-1.59385,0.55547
-1.97429,-1.78689,0.52601
-2.05494,-2.12468,0.33640
-2.10303,-1.52257,0.69526
-2.11845,-1.92473,0.25027
-2.10129,-1.87289,0.46058
-2.05182,-1.92280,0.28703
-1.77938,-1.89294,0.32001
-1.77939,-1.76067,0.34133
-1.74728,-1.44229,0.26693
-1.68340,-1.30451,0.23286
-1.58823,-1.15789,0.23169
-1.46241,-1.08236,0.21694
-1.14965,-1.12344,0.24505
-1.07565,-0.86349,0.16375
-0.98255,-0.48781,0.13574
-0.86939,-0.40112,0.16120
-0.73953,-0.44658,0.16344
-0.59813,-0.40982,0.14614
-0.36817,-0.13923,0.10398
-0.32509,-0.01633,0.06303
-0.28417,0.09542,0.08297
-0.24466,0.11644,0.08644
-0.20717,-0.00511,0.09220
-0.12134,-0.10788,0.13780
-0.20703,-0.09299,0.09439
-0.29760,-0.16020,0.10475
-0.38940,-0.33633,0.12783
-0.33852,-0.57732,0.14867
-0.53484,-0.82759,0.14003
-0.72590,-0.93669,0.13254
-0.90267,-1.23591,0.28199
-1.06248,-1.34162,0.22969
-1.19749,-1.58693,0.26661
-1.30120,-1.59465,0.30669
-1.37145,-1.47016,0.23840
-1.40821,-1.55110,0.35054
-1.41109,-1.41884,0.27532
-1.38142,-1.49007,0.37653
-1.31969,-1.62001,0.30316
-1.22664,-1.14127,0.20396
-1.10662,-1.09473,0.23623
-0.96212,-0.84206,0.18180
-0.79774,-0.66780,0.17614
-0.61844,-0.29709,0.17298
-0.43204,-0.30570,0.18431
-0.24344,-0.41512,0.18776
-0.05456,-0.02890,0.10844
0.12851,0.20044,0.15003
0.29611,0.64416,0.27700
0.44343,1.51924,0.52808
0.56597,1.29910,0.38852
0.66225,2.41913,0.50535
0.72617,3.32068,0.44109
0.75650,3.81303,0.67599
0.75393,3.24806,0.42487
0.71869,2.36516,0.47051
0.65263,1.60596,0.44494
0.55862,0.63196,0.20379
0.43848,0.37683,0.13942
0.29621,0.09450,0.08093
0.13724,0.00287,0.09480
-0.03383,-0.10360,0.09094
-0.21236,-0.33201,0.10672
-0.39457,-0.45315,0.17127
-0.57526,-0.77125,0.16143
-0.74728,-0.93037,0.17402
-0.90510,-1.13103,0.17178
-1.04503,-1.23049,0.20360
-1.16081,-1.30501,0.22165
-1.24843,-1.31220,0.24427
-1.30536,-1.31974,0.17724
-1.33055,-1.39268,0.27567
-1.32308,-1.34177,0.24630
-1.28372,-1.33915,0.19192
-1.21444,-1.17930,0.18275
-1.11737,-0.95782,0.24762
-0.99647,-0.73390,0.19160
-0.85569,-0.67058,0.15288
-0.69808,-0.70511,0.12968
-0.52727,-0.58206,0.19023
-0.24815,-0.10784,0.13159
-0.15140,0.06713,0.08064
-0.06118,0.05515,0.08539
0.02150,0.10979,0.10023
0.09352,0.08761,0.14994
0.22611,0.23202,0.14900
0.18692,0.22918,0.15991
0.12903,0.27235,0.14389
0.05686,0.10524,0.09568
-0.02749,0.02875,0.07609
-0.08376,-0.15685,0.10843
-0.26520,-0.46187,0.12740
-0.44937,-0.62194,0.15110
-0.63159,-0.71838,0.17426
-0.67988,-0.88170,0.28216
-0.91737,-1.02255,0.25372
-1.13674,-1.11662,0.28607
-1.32856,-1.38695,0.27234
-1.48864,-1.64174,0.20931
-1.61286,-1.84232,0.19828
-1.61399,-1.83738,0.43224
-1.75509,-2.00323,0.32177
-1.86499,-1.73892,0.42298
-1.94326,-2.12291,0.37218
-1.98960,-2.09086,0.55621
-1.87146,-2.01619,0.56946
-1.93675,-2.31904,0.37333
-1.97033,-1.98778,0.30287
-1.97214,-1.92722,0.32576
-1.94232,-1.80959,0.25795
-1.88116,-1.74024,0.36325
-1.69784,-1.59457,0.31251
-1.65635,-1.47759,0.29718
-1.58390,-1.21507,0.21288
-1.48100,-1.11497,0.18404
-1.34830,-1.02974,0.18481
-1.05551,-1.16191,0.19991
-0.95000,-1.00800,0.22735
-0.82912,-0.74933,0.17246
-0.69341,-0.73309,0.10707
-0.54788,-0.68349,0.18231
-0.39634,-0.30948,0.18824
-0.24167,-0.06938,0.09046
-0.08872,-0.05543,0.13814
0.05627,-0.03378,0.12080
0.18924,0.04360,0.14310
0.30742,0.07662,0.09404
0.40737,0.21346,0.13520
0.48348,0.50065,0.15706
0.53390,0.46534,0.16091
0.55863,0.75445,0.13547
0.55650,0.70247,0.17257
0.52760,0.72933,0.16145
0.47352,0.53565,0.22634
0.39646,0.38347,0.18137
0.29774,0.10800,0.12664
0.18231,0.07974,0.12079
0.05168,-0.07902,0.08722
-0.09027,-0.12789,0.09660
-0.23817,-0.27209,0.11188
-0.38874,-0.41299,0.10159
-0.53772,-0.57416,0.11499
-0.68030,-0.81116,0.18076
-0.81177,-0.91194,0.21996
-0.92507,-0.93745,0.16815
-1.01935,-1.08039,0.18549
-1.09104,-1.14884,0.14858
-1.13733,-1.21377,0.17872
-1.15575,-1.19871,0.17483
-1.14695,-1.18889,0.19742
-1.11128,-1.07726,0.23551
-1.04997,-0.96976,0.20160
-0.96562,-0.87812,0.16490
-0.86045,-0.85491,0.12603
-0.73763,-0.70543,0.16506
-0.60094,-0.54493,0.16009
-0.45540,-0.41785,0.17544
-0.30430,-0.16086,0.11413
-0.15187,-0.13220,0.14634
-0.00417,-0.03765,0.08527
0.13406,0.11998,0.11718
0.25951,0.29377,0.17374
0.36773,0.29950,0.17481
0.45463,0.58539,0.16208
0.51633,0.53843,0.14547
0.55151,0.59357,0.13344
0.55910,0.69988,0.15508
0.53883,0.73427,0.15638
0.49172,0.35857,0.18178
0.43694,0.19449,0.17160
0.31914,0.22408,0.16538
0.18113,0.09332,0.09897
0.02882,-0.00286,0.07595
-0.13418,-0.27933,0.15922
-0.30338,-0.42160,0.16176
-0.47358,-0.51964,0.14696
-0.63824,-0.70539,0.19194
-0.79338,-0.84272,0.15333
-0.93388,-1.01591,0.15226
-1.05322,-1.28505,0.23833
-1.14735,-1.20771,0.20048
-1.21486,-1.25181,0.24766
-1.25329,-1.15687,0.22212
-1.26012,-1.27902,0.25445
-1.23561,-1.13379,0.14194
-1.18102,-1.11325,0.19725
-1.09816,-0.98475,0.24544
-0.99087,-1.08258,0.19673
-0.86298,-0.76555,0.16997
-0.71661,-0.68364,0.16835
-0.55565,-0.63693,0.19421
-0.38511,-0.25578,0.14841
-0.21207,-0.12911,0.12105
-0.04222,-0.01588,0.09230
0.12207,0.03635,0.06889
0.27466,0.27868,0.15548
0.40794,0.50673,0.15774
0.51765,0.33561,0.16450
0.60203,0.38356,0.16264
0.65802,0.67754,0.16777
0.68209,0.63874,0.13535
0.67358,0.67555,0.16138
0.63405,0.69539,0.09750
0.56525,0.47140,0.17750
0.47053,0.25066,0.16943
0.35225,0.22673,0.15489
0.21557,0.06597,0.09417
0.06326,0.05333,0.09286
-0.09991,-0.15903,0.14000
-0.26756,-0.43855,0.18003
-0.43507,-0.64780,0.21826
-0.59905,-0.73420,0.20529
-0.75381,-0.98364,0.16354
-0.89234,-1.27488,0.21392
-1.01050,-1.16455,0.21242
-1.10580,-1.57406,0.32350
-1.17443,-1.39821,0.31682
-1.21330,-0.69834,0.26184
-1.22203,-1.33646,0.26266
-1.20098,-2.31099,0.44044
-1.15091,-1.45403,0.29086
-0.98999,-1.18493,0.23127
-0.99152,-1.34439,0.30681
-0.98204,-1.02262,0.22625
-0.94780,-1.16309,0.24258
-0.75890,-0.77711,0.15558
-0.58261,-0.65547,0.17772
-0.40260,-0.11727,0.11382
-0.21818,-0.08267,0.20130
-0.03551,0.02724,0.04949
0.13923,0.20570,0.15156
0.29822,0.50859,0.17335
0.43669,0.59301,0.16517
0.55160,0.69265,0.14701
0.63833,0.77048,0.13874
0.69290,0.79978,0.15247
0.71452,0.64479,0.14447
0.70371,0.76454,0.16139
0.66080,0.80368,0.12162
0.58828,0.52246,0.17587
0.48912,0.42053,0.15628
0.36514,0.12689,0.12271
0.22044,0.04016,0.08967
0.06197,0.02184,0.14313
-0.10587,-0.22951,0.19154
-0.28116,-0.33612,0.13773
-0.45850,-0.57519,0.13169
-0.62904,-0.83077,0.18335
-0.78788,-0.88047,0.15409
-0.93308,-1.05536,0.15306
-1.05598,-1.22824,0.21998
-1.15421,-1.25326,0.26688
-1.22425,-1.18155,0.23710
-1.26440,-1.19194,0.24139
-1.27295,-1.21850,0.22665
-1.25000,-1.14837,0.19444
-1.19678,-1.16374,0.23583
-1.11527,-0.97022,0.17393
-1.00831,-0.84482,0.14439
-0.88022,-0.73600,0.18551
-0.73503,-0.75166,0.15206
-0.57590,-0.48257,0.19769
-0.40742,-0.29303,0.19099
-0.23588,0.00259,0.10112
-0.06646,-0.03822,0.10981
0.09581,0.06592,0.10834
0.24693,0.14774,0.11832
0.38157,0.23497,0.17206
0.49348,0.62280,0.16754
0.57990,0.86458,0.16678
0.63848,1.18137,0.19674
0.66609,0.84207,0.13644
0.66187,0.77545,0.12077
0.62676,0.77330,0.13778
0.56199,0.38880,0.17554
0.50035,0.12122,0.08195
0.27603,-0.02058,0.10212
0.03185,-0.29950,0.10398
-0.22421,-0.54910,0.17083
-0.30920,-0.71221,0.21647
-0.65122,-0.78945,0.23238
-0.98833,-0.98135,0.27629
-1.31302,-1.39859,0.27562
-1.61107,-1.84025,0.33770
-1.87574,-2.31603,0.27883
-2.11234,-2.40592,0.34125
-2.12965,-2.64739,0.36051
-2.40833,-2.76775,0.37922
-2.66133,-2.77260,0.33192
-2.88740,-2.95769,0.36078
-3.08546,-3.30068,0.49672
-3.25456,-3.42270,0.54253
-3.39391,-3.51512,0.43387
-3.28294,-3.68870,0.45365
-3.47122,-3.45721,0.55056
-3.63059,-3.37362,0.45453
-3.76035,-3.83553,0.56534
-3.85991,-4.07932,0.77819
-3.92889,-3.93321,0.64817
-3.96701,-3.98806,0.48645
-3.72623,-3.98958,0.72664
-3.81708,-3.86574,0.58136
-3.87755,-3.83582,0.65414
-3.90741,-4.20979,0.67214
-3.90662,-3.89030,0.57606
-3.87529,-4.25024,0.65231
-3.81371,-4.04129,0.64623
-3.45453,-4.01634,0.68947
-3.44640,-3.91382,0.59091
-3.40803,-3.66984,0.61822
-3.33970,-3.62113,0.60861
-3.24187,-3.04553,0.50980
-3.11514,-2.93464,0.53722
-2.96024,-3.12470,0.63298
-2.77803,-2.88814,0.42849
-2.40403,-2.62369,0.36702
-2.27179,-2.45442,0.44618
-2.11173,-2.04610,0.42233
-1.92475,-1.27172,0.19533
-1.71185,-1.19952,0.21254
-1.47418,-0.85642,0.16836
-1.21298,-0.77731,0.13163
-0.77771,-0.40494,0.16908
-0.57173,0.01373,0.13456
-0.36566,0.15580,0.11077
-0.16068,0.38970,0.14196
0.03899,0.39618,0.15635
0.23122,0.25345,0.16564
0.51480,0.27150,0.16205
0.55595,0.61190,0.10385
0.56800,0.64074,0.13170
0.55438,0.52600,0.14952
0.51589,0.40733,0.15793
0.45426,0.22801,0.15739
0.37170,0.27828,0.14483
0.26945,0.11759,0.11376
0.15067,0.13123,0.11829
0.02084,0.05269,0.07794
-0.11669,-0.10861,0.11124
-0.26055,-0.39922,0.13276
-0.40642,-0.54857,0.11659
-0.54731,-0.69496,0.08472
-0.67952,-0.91399,0.15799
-0.79928,-1.05120,0.15338
-0.90513,-1.11206,0.24293
-0.99299,-1.16228,0.26654
-1.05790,-1.19528,0.20424
-1.09862,-1.22629,0.22572
-1.11448,-1.28791,0.24365
-1.10567,-1.01186,0.14661
-1.07241,-0.98887,0.21130
-1.01630,-0.88997,0.14186
-0.93943,-0.90892,0.17481
-0.84302,-0.82781,0.17643
-0.73011,-0.72683,0.18712
-0.60602,-0.58973,0.13566
-0.47416,-0.28344,0.15994
-0.33595,-0.07439,0.08538
-0.19795,0.02023,0.07123
-0.06424,0.06564,0.09029
0.06377,0.24304,0.13814
0.18147,0.19317,0.12559
0.28234,0.20980,0.15194
0.36373,0.24947,0.17467
0.42502,0.40725,0.18228
0.46362,0.66009,0.16634
0.47723,0.59004,0.13976
0.46641,0.41704,0.17324
0.43152,0.24258,0.12171
0.37370,0.28312,0.13669
0.29529,0.11930,0.13627
0.19891,-0.05588,0.10546
0.08680,0.00956,0.09667
-0.03774,-0.06429,0.09364
-0.16999,-0.22038,0.11467
-0.30598,-0.40431,0.14259
-0.44280,-0.61297,0.22602
-0.57628,-0.69016,0.13131
-0.70085,-0.76368,0.17574
-0.81232,-0.78587,0.13681
-0.80288,-0.88431,0.22508
-0.95381,-1.00183,0.17639
-1.08713,-1.05996,0.16880
-1.19505,-0.97419,0.15438
-1.27466,-1.03844,0.21702
-1.20910,-1.12977,0.17982
-1.30193,-1.24190,0.24199
-1.36651,-1.24722,0.17926
-1.39782,-1.31850,0.22078
-1.39556,-1.15889,0.23765
-1.36109,-1.23571,0.26618
-1.24539,-1.11422,0.24427
-1.22369,-0.90784,0.14997
-1.17621,-1.08516,0.26516
-1.10256,-0.95277,0.21266
-1.00494,-0.94662,0.19181
-0.82652,-0.61099,0.26736
-0.76371,-0.72876,0.18798
-0.68863,-0.36451,0.19541
-0.60097,-0.26926,0.15938
-0.50291,-0.31186,0.24417
-0.34387,-0.05287,0.11494
-0.31173,0.01291,0.12170
-0.28180,0.00602,0.09117
-0.25215,0.04098,0.14336
-0.22346,0.00960,0.12096
-0.17020,-0.16282,0.16903
-0.22420,-0.03805,0.10386
-0.28307,-0.11654,0.14200
-0.34389,-0.45546,0.19956
-0.32600,-0.55045,0.15188
-0.45903,-0.84501,0.18055
-0.59140,-0.85073,0.17972
-0.71684,-0.96235,0.14497
-0.82948,-1.04939,0.17596
-0.92399,-1.03812,0.15381
-0.99744,-1.13711,0.15360
-1.04865,-1.29426,0.18907
-1.07496,-1.12252,0.20170
-1.07519,-1.21492,0.23388
-1.04989,-1.10998,0.23597
-0.99982,-1.20034,0.25123
-0.92716,-0.97642,0.14098
-0.83462,-0.87821,0.17684
-0.75300,-0.82917,0.17713
-0.59034,-0.60409,0.13572
-0.41774,-0.37746,0.14415
-0.24163,-0.25777,0.10961
-0.06485,0.04897,0.08698
0.08440,0.18501,0.12398
0.27584,0.26216,0.10743
0.44837,0.02577,0.13475
0.59730,0.62060,0.20447
0.66418,1.17845,0.22943
0.78819,1.00498,0.19082
0.87887,0.86103,0.17569
0.93446,0.92494,0.19441
0.95688,0.79975,0.15053
0.90349,1.02328,0.16908
0.89847,0.88310,0.17417
0.86079,0.75128,0.13240
0.79081,0.70313,0.14086
0.68910,0.67150,0.11358
0.52277,0.43072,0.14769
0.40268,0.15630,0.11893
0.26336,0.03993,0.07638
0.10908,-0.06607,0.07061
-0.05603,0.03130,0.09141
-0.25968,0.03510,0.10446
-0.39608,-0.44763,0.17296
-0.52762,-0.64198,0.13936
-0.65247,-0.71765,0.17923
-0.76606,-0.92939,0.20656
-0.87853,-0.98276,0.17050
-0.91888,-1.05904,0.24882
-0.93808,-0.97185,0.18703
-0.93598,-0.87515,0.25118
-0.94168,-0.99293,0.18489
-0.86011,-0.80732,0.18243
-0.75955,-0.66140,0.18224
-0.64544,-0.59989,0.12995
-0.56654,-0.35105,0.18202
-0.39556,-0.07715,0.11374
-0.21912,-0.14971,0.14354
-0.04667,0.04461,0.06675
0.11959,0.09980,0.12092
0.23400,0.30124,0.15311
0.40661,0.22170,0.13536
0.55551,0.57386,0.15969
0.67523,0.70060,0.13347
0.76440,0.56935,0.14341
0.78558,0.68627,0.16395
0.84224,0.88518,0.14970
0.86599,0.76218,0.16342
0.85690,0.72780,0.15040
0.81518,0.73098,0.15204
0.71946,0.53226,0.12604
0.65153,0.50937,0.17019
0.55413,0.34232,0.18147
0.43241,0.31285,0.14550
0.28818,0.12313,0.11179
0.10952,0.02494,0.09530
-0.03000,-0.13213,0.09328
-0.17510,-0.33192,0.15594
-0.32262,-0.56453,0.15051
-0.51251,-0.78500,0.18290
-0.61739,-0.88774,0.20608
-0.70952,-0.96859,0.16712
-0.78723,-1.02979,0.16411
-0.84993,-1.02096,0.17830
-0.91787,-0.96186,0.15928
-0.90395,-0.98628,0.17571
-0.86891,-0.88223,0.18580
-0.81506,-0.91574,0.13908
-0.74419,-0.72928,0.18017
-0.65912,-0.65518,0.18987
-0.56261,-0.61585,0.19298
-0.45688,-0.46463,0.16000
-0.34516,-0.32784,0.17173
-0.23190,-0.19633,0.13519
-0.12080,0.00574,0.18669
-0.01535,0.09029,0.08958
0.08168,0.07599,0.12312
0.16600,0.09387,0.11458
0.23447,0.02676,0.07768
0.28545,-0.07673,0.12767
0.31654,0.00174,0.09117
0.32664,0.14154,0.13131
0.31576,0.03916,0.08165
0.28409,0.05944,0.10894
0.23289,-0.01004,0.10001
0.16409,0.04051,0.10196
0.07901,0.00547,0.11650
-0.01995,-0.06894,0.11727
-0.12953,-0.18478,0.09496
-0.24493,-0.16293,0.10988
-0.36354,-0.44883,0.14135
-0.38017,-0.68503,0.14805
-0.60455,-0.86042,0.16270
-0.82272,-0.95621,0.18248
-1.02786,-1.10467,0.14921
-1.21138,-1.16820,0.30746
-1.20938,-1.44327,0.36673
-1.43504,-1.53729,0.27302
-1.63165,-1.80374,0.39545
-1.79346,-1.87050,0.30817
-1.92287,-2.00054,0.38793
-2.01955,-2.05737,0.28636
-1.94960,-1.44446,0.95357
-2.09319,-1.93164,0.45285
-2.20473,-1.95595,0.30537
-2.28375,-1.51702,0.84230
-2.33001,-1.58627,0.69011
-2.34342,-1.35049,0.98204
-2.19886,-1.94103,0.41821
-2.26134,-2.09110,0.30837
-2.29140,-1.94828,0.50835
-2.28903,-1.95581,0.50775
-2.25442,-1.82342,0.79713
-2.18788,-2.10102,0.30925
-1.97208,-2.05521,0.27180
-1.95498,-1.89399,0.32551
-1.90611,-1.76824,0.31117
-1.82589,-1.34770,0.27318
-1.71486,-1.24641,0.23268
-1.57377,-1.28298,0.25254
-1.30211,-0.97933,0.18583
-1.20954,-0.87985,0.23543
-1.08986,-0.67060,0.14331
-0.94720,-0.58517,0.13620
-0.78816,-0.39409,0.19830
-0.45730,-0.42427,0.16068
-0.38301,0.00433,0.10335
-0.31216,0.03549,0.14075
-0.24225,0.07133,0.09969
-0.17452,0.07735,0.12182
0.02753,0.07281,0.09298
-0.02881,0.01654,0.05872
-0.09782,0.02147,0.07335
-0.17446,-0.02074,0.11616
-0.25570,-0.22374,0.11308
-0.23238,-0.47990,0.16235
-0.42477,-0.61933,0.14329
-0.61817,-0.88527,0.26686
-0.80368,-1.03524,0.18247
-0.97463,-1.21472,0.19832
-1.12174,-1.36909,0.26907
-1.24398,-1.59308,0.25153
-1.33662,-1.61227,0.33141
-1.39520,-1.38167,0.25096
-1.41896,-1.37610,0.26296
-1.41013,-1.41006,0.26628
-1.36931,-1.44158,0.25911
-1.29688,-1.51577,0.33816
-1.19482,-1.23000,0.23151
-1.06549,-1.07609,0.14275
-0.91349,-0.78058,0.18634
-0.74600,-0.46336,0.17951
-0.56742,-0.43540,0.16021
-0.38247,-0.48652,0.16024
-0.19338,-0.02640,0.42510
-0.00738,0.38598,0.33484
0.16768,0.78063,0.39577
0.33031,0.81713,0.32549
0.47439,1.51743,0.56653
0.59156,2.71452,0.55327
0.68136,3.42327,0.48671
0.74035,3.00157,0.38807
0.76510,2.84232,0.56354
0.75651,2.04127,0.33586
0.71592,1.30175,0.22157
0.64423,0.76462,0.13635
0.54534,0.39686,0.15345
0.42276,0.20831,0.12659
0.27830,0.05956,0.09804
0.11650,0.04790,0.10083
-0.05668,-0.13839,0.09129
-0.23637,-0.24274,0.12619
-0.41901,-0.54799,0.14572
-0.59940,-0.83328,0.18944
-0.77037,-0.91364,0.14046
-0.92645,-1.13688,0.20068
-1.06399,-1.09531,0.20838
-1.17686,-1.50842,0.24371
-1.26120,-1.48098,0.22882
-1.31538,-1.34592,0.22615
-1.33710,-1.37864,0.25660
-1.32610,-1.27894,0.24925
-1.28348,-1.28547,0.26771
-1.21084,-1.13281,0.30046
-1.11077,-0.85068,0.19982
-0.98735,-0.71673,0.12855
-0.84450,-0.63461,0.09694
-0.68448,-0.70754,0.15112
-0.42200,-0.42483,0.18143
-0.32636,-0.24933,0.16776
-0.23298,-0.04054,0.09890
-0.14063,0.05928,0.09950
-0.05301,0.03264,0.09818
0.09792,0.18779,0.14599
0.08377,0.23278,0.14291
0.05441,0.21389,0.13382
0.01291,0.20557,0.16809
-0.03855,-0.02613,0.10368
-0.06405,-0.14670,0.12407
-0.21389,-0.34847,0.13505
-0.36821,-0.48421,0.14416
-0.52067,-0.56240,0.13540
-0.55622,-0.78716,0.13487
-0.77291,-0.89121,0.15658
-0.98102,-1.08208,0.17621
-1.17126,-1.12966,0.25930
-1.33597,-1.38662,0.26292
-1.46784,-1.48176,0.40647
-1.49635,-1.70395,0.44226
-1.63996,-1.80508,0.21000
-1.75220,-1.93148,0.21357
-1.83268,-1.88192,0.53131
-1.88112,-2.01395,0.31446
-1.79349,-2.19881,0.28703
-1.86076,-2.03674,0.27528
-1.89619,-1.85820,0.27662
-1.89973,-1.70466,0.27489
-1.87150,-1.77784,0.23929
-1.67074,-1.72949,0.34230
-1.66206,-1.45345,0.34049
-1.62196,-1.32896,0.28825
-1.55077,-1.20818,0.17292
-1.44898,-1.09895,0.13548
-1.31728,-1.07838,0.19428
-1.06029,-1.06886,0.15700
-0.95419,-0.93365,0.17727
-0.83289,-0.77625,0.15921
-0.69795,-0.68135,0.22825
-0.55139,-0.72032,0.14610
-0.39764,-0.27526,0.18006
-0.24261,-0.17869,0.12619
-0.08896,-0.06153,0.10581
0.05836,0.02736,0.11285
0.19457,0.11908,0.15668
0.31372,0.26477,0.12356
0.41485,0.53178,0.16659
0.49395,0.58904,0.12102
0.54852,0.50591,0.16277
0.57528,0.67248,0.16210
0.57447,0.71694,0.14076
0.54636,0.71013,0.13706
0.49191,0.39257,0.17090
0.41403,0.26366,0.14717
0.31544,0.24249,0.17958
0.19758,0.07525,0.07720
0.06421,-0.05037,0.10284
-0.07838,-0.08423,0.10397
-0.22630,-0.27771,0.11852
-0.37789,-0.42761,0.14179
-0.52837,-0.55420,0.11923
-0.67275,-0.79855,0.17055
-0.80628,-0.89936,0.14517
-0.92181,-1.07214,0.22760
-1.01842,-1.02661,0.20592
-1.09247,-1.04816,0.16230
-1.13955,-1.33322,0.28096
-1.15901,-1.21164,0.17136
-1.15131,-1.09209,0.24842
-1.11659,-1.11369,0.23921
-1.05632,-0.95066,0.17285
-0.97337,-0.90609,0.16026
-0.87056,-0.79474,0.14772
-0.74943,-0.72220,0.16144
-0.61385,-0.58629,0.14983
-0.47027,-0.47640,0.16256
-0.32272,-0.20650,0.15207
-0.17288,-0.24033,0.15424
-0.02826,0.01571,0.09603
0.10664,0.10302,0.09210
0.22905,0.30165,0.15930
0.33534,0.40136,0.16555
0.42155,0.66345,0.13440
0.48360,0.58007,0.15807
0.51960,0.66504,0.14588
0.52903,0.70683,0.18110
0.51156,0.71552,0.18137
0.46797,0.52958,0.16692
0.40665,0.16239,0.11345
0.29341,0.21705,0.13110
0.16165,0.10719,0.10937
0.01600,-0.05262,0.09264
-0.13918,-0.27460,0.13809
-0.30043,-0.36741,0.15579
-0.46177,-0.50522,0.15070
-0.61794,-0.60511,0.12668
-0.76533,-0.83335,0.16130
-0.89885,-0.99757,0.18528
-1.01228,-1.19759,0.22856
-1.10175,-1.19964,0.23721
-1.16447,-1.10733,0.17208
-1.19899,-1.12603,0.16103
-1.20380,-1.17394,0.22320
-1.17906,-1.13894,0.26562
-1.12590,-1.10503,0.18943
-1.04627,-0.95358,0.19229
-0.94351,-0.96982,0.17380
-0.82109,-0.71411,0.13296
-0.68186,-0.58805,0.12467
-0.52997,-0.53611,0.16515
-0.37007,-0.15107,0.15492
-0.20809,-0.05084,0.09811
-0.04906,-0.06351,0.10825
0.10219,0.03653,0.07531
0.24179,0.09409,0.10619
0.36354,0.32857,0.18146
0.46297,0.45594,0.14476
0.53844,0.40244,0.19124
0.58721,0.54722,0.15531
0.60612,0.70604,0.12239
0.59484,0.72018,0.12174
0.55435,0.46838,0.18944
0.48656,0.26988,0.12818
0.39409,0.12547,0.08624
0.28010,0.11945,0.14423
0.14678,0.03853,0.06141
-0.00052,-0.00291,0.09525
-0.15656,-0.31757,0.11971
-0.31905,-0.47267,0.14171
-0.48368,-0.71593,0.15379
-0.64251,-0.85125,0.13195
-0.78992,-1.01124,0.17385
-0.92354,-1.03886,0.24501
-1.03876,-1.29144,0.34792
-1.12883,-1.55908,0.32610
-1.19047,-0.82863,0.21623
-1.22231,-1.00694,0.31088
-1.22408,-2.08538,0.31184
-1.19610,-1.44113,0.29324
-1.04917,-1.24078,0.20565
-1.06882,-1.10420,0.21092
-1.07500,-1.06453,0.21848
-1.05442,-1.08462,0.20624
-0.87995,-0.75534,0.16084
-0.70681,-0.70957,0.14979
-0.52639,-0.32995,0.14663
-0.33811,-0.18128,0.15195
-0.14666,-0.02114,0.10333
0.04187,0.18336,0.15240
0.22107,0.13042,0.12420
0.38135,0.59939,0.18568
0.51793,0.67645,0.11528
0.62659,0.85617,0.12927
0.70603,0.94760,0.12698
0.75112,0.78299,0.14081
0.76130,0.84844,0.14689
0.73759,0.87148,0.13625
0.68127,0.73966,0.15664
0.59398,0.58770,0.14062
0.48054,0.25441,0.16231
0.34483,0.06131,0.05407
0.19105,0.04502,0.07976
0.02133,-0.09757,0.11567
-0.15909,-0.18200,0.12524
-0.34179,-0.51117,0.13844
-0.52174,-0.64735,0.13237
-0.69698,-0.76991,0.12977
-0.85981,-1.00496,0.12569
-1.00256,-1.21568,0.22184
-1.12417,-1.24934,0.23971
-1.21965,-1.23903,0.21401
-1.28432,-1.30133,0.27256
-1.31565,-1.21915,0.25965
-1.31396,-1.32599,0.25901
-1.28011,-1.24196,0.18959
-1.21536,-1.10808,0.23379
-1.12329,-0.97946,0.17128
-1.00723,-0.79748,0.13679
-0.86897,-0.74186,0.18953
-0.71299,-0.56852,0.17731
-0.54515,-0.48418,0.16543
-0.37035,-0.21576,0.13579
-0.19221,-0.19515,0.17396
-0.01593,-0.04612,0.10724
0.15279,0.09915,0.12430
0.30690,0.13721,0.15989
0.44248,0.42126,0.21714
0.55486,0.63455,0.28977
0.63871,1.17842,0.20321
0.69146,0.93094,0.21236
0.71234,0.86949,0.12823
0.70081,0.86442,0.13864
0.65744,0.39232,0.14927
0.63836,0.33498,0.15059
0.42745,0.06974,0.14068
0.19482,-0.18336,0.10141
-0.05055,-0.38787,0.15982
-0.12241,-0.56779,0.17338
-0.46503,-0.91057,0.27643
-0.80676,-0.85823,0.21178
-1.13689,-1.22902,0.22519
-1.44587,-1.57688,0.33647
-1.72719,-2.00332,0.19233
-1.97719,-2.44388,0.35470
-1.99383,-2.52668,0.27066
-2.28412,-2.42406,0.34949
-2.54959,-2.73877,0.27826
-2.78890,-2.96560,0.43082
-3.00091,-3.22100,0.37783
-3.18459,-3.51460,0.57193
-3.33910,-3.57720,0.51404
-3.22013,-3.71632,0.61413
-3.42271,-3.58197,0.52676
-3.59699,-3.58041,0.58379
-3.74218,-3.53056,0.51925
-3.85760,-3.88015,0.51607
-3.94280,-4.27534,0.67966
-3.99740,-3.84339,0.42433
-3.74116,-3.93775,0.54191
-3.84810,-4.16080,0.53475
-3.92498,-4.16077,0.67002
-3.97149,-3.92780,0.47780
-3.98750,-3.93906,0.53779
-3.97304,-3.88834,0.71118
-3.92825,-4.25772,0.58661
-3.85352,-4.22340,0.71588
-3.55534,-3.80104,0.52841
-3.53392,-3.83214,0.67121
-3.48249,-3.79767,0.61078
-3.40141,-3.40770,0.48323
-3.29118,-2.99391,0.49294
-3.15246,-3.48128,0.51914
-2.98600,-3.26708,0.62617
-2.58428,-2.80178,0.57223
-2.46856,-2.61188,0.46751
-2.32467,-2.31867,0.48094
-2.15341,-1.77605,0.37744
-1.95574,-1.50230,0.35452
-1.73269,-1.19882,0.26342
-1.48544,-0.96632,0.15105
-1.01517,-0.73554,0.12718
-0.82088,-0.39633,0.16900
-0.61589,0.00284,0.12391
-0.40534,0.16523,0.15437
-0.19391,0.36272,0.17085
0.01497,0.24327,0.13562
0.21499,0.33451,0.17815
0.46398,0.29728,0.13870
0.51330,0.36414,0.14379
0.53553,0.65533,0.12149
0.53280,0.39783,0.17419
0.50558,0.47125,0.15216
0.45521,0.19295,0.10890
0.38306,0.22343,0.11427
0.29155,0.21000,0.17095
0.18437,0.05569,0.13710
0.06447,0.00364,0.10113
-0.06586,-0.01547,0.07683
-0.20267,-0.24044,0.13229
-0.34077,-0.44457,0.13016
-0.47654,-0.55143,0.12110
-0.60741,-0.74314,0.15166
-0.72893,-0.82698,0.16196
-0.83585,-1.06345,0.16513
-0.92532,-1.20005,0.23778
-0.99645,-1.14478,0.20130
-1.04633,-1.23638,0.27743
-1.07210,-1.22331,0.24293
-1.07371,-1.07156,0.21249
-1.05170,-1.01100,0.14420
-1.00668,-0.74845,0.24729
-0.94091,-1.00439,0.15767
-0.85665,-0.85229,0.16575
-0.75655,-0.77320,0.16732
-0.64201,-0.61318,0.16763
-0.51659,-0.39402,0.13148
-0.38618,-0.30671,0.15072
-0.25218,-0.09156,0.12343
-0.11854,0.03348,0.08590
0.00795,0.09592,0.13076
0.12375,0.27724,0.12395
0.22540,0.32262,0.18334
0.31155,0.41126,0.15315
0.37875,0.56938,0.13424
0.42305,0.56599,0.14501
0.44375,0.51201,0.12874
0.44109,0.43864,0.18203
0.41497,0.27657,0.14935
0.36668,0.17820,0.14170
0.29723,0.14855,0.13168
0.20888,0.11216,0.11527
0.10443,-0.04552,0.11290
-0.01117,-0.03731,0.07802
-0.13461,-0.12404,0.11267
-0.26439,-0.38480,0.15805
-0.39641,-0.37764,0.09537
-0.52399,-0.50323,0.15836
-0.64345,-0.70452,0.13532
-0.75332,-0.86524,0.12367
-0.78914,-0.92237,0.16608
-0.94202,-1.05789,0.21715
-1.07498,-0.92372,0.19752
-1.18457,-0.96149,0.17312
-1.26602,-1.14079,0.26667
-1.24586,-1.21677,0.28049
-1.33885,-1.16408,0.19715
-1.40226,-1.18460,0.20595
-1.43116,-1.19349,0.20902
-1.42707,-1.18692,0.19166
-1.31113,-1.17320,0.20011
-1.31895,-1.16669,0.26882
-1.29681,-1.00134,0.19265
-1.24414,-0.91879,0.19712
-1.16296,-1.03907,0.17409
-0.96505,-0.95508,0.22310
-0.91113,-0.80625,0.17104
-0.84202,-0.65244,0.16099
-0.75608,-0.46901,0.21190
-0.65625,-0.45892,0.19576
-0.45623,-0.29085,0.21859
-0.41480,-0.06493,0.15273
-0.37227,-0.03701,0.12911
-0.32758,-0.18091,0.18569
-0.28195,0.02435,0.19400
-0.17003,0.01248,0.12262
-0.20417,-0.00779,0.13464
-0.24390,-0.01276,0.14971
-0.28586,-0.06688,0.11432
-0.32890,-0.36017,0.18937
-0.33315,-0.70202,0.14911
-0.45081,-0.75725,0.14282
-0.56548,-0.99046,0.22789
-0.67173,-0.98369,0.19854
-0.76729,-1.07228,0.19526
-0.84749,-0.99787,0.19162
-0.90892,-1.04718,0.20446
-0.95081,-1.10092,0.23360
-0.97162,-0.95593,0.25311
-0.96981,-0.90626,0.17649
-0.94557,-1.03517,0.20645
-0.89970,-1.04680,0.18102
-0.83351,-0.98392,0.20916
-0.79343,-0.84218,0.18038
-0.65718,-0.71651,0.15607
-0.50649,-0.59925,0.16611
-0.34673,-0.19479,0.16754
-0.18535,-0.20357,0.12032
-0.05868,0.12168,0.11234
0.12895,0.14880,0.10813
0.30715,0.10809,0.07798
0.46549,0.26227,0.17745
0.60016,0.82866,0.13826
0.68333,0.92132,0.15609
0.79424,0.82324,0.18108
0.86930,0.95827,0.18205
0.90962,0.83031,0.15077
0.86555,1.02334,0.18015
0.87785,0.84293,0.17306
0.85705,0.67588,0.11693
0.80345,0.73396,0.14422
0.71751,0.72229,0.12887
0.55902,0.61072,0.14741
0.45338,0.12775,0.10153
0.32722,0.17931,0.11682
0.18211,0.03369,0.09587
0.02269,-0.01005,0.09157
-0.18022,-0.01108,0.11486
-0.31394,-0.16776,0.19736
-0.44675,-0.54035,0.14728
-0.57507,-0.67602,0.17995
-0.69328,-0.91231,0.25372
-0.81895,-0.96490,0.18681
-0.86960,-1.01480,0.22684
-0.90003,-0.92048,0.16317
-0.91006,-0.90688,0.20148
-0.93265,-1.05235,0.19401
-0.86354,-0.80125,0.23067
-0.77490,-0.54053,0.14011
-0.67188,-0.58096,0.25485
-0.55773,-0.43271,0.14552
-0.44744,-0.21205,0.16062
-0.28290,-0.18339,0.12999
-0.11942,-0.07155,0.10837
0.03746,0.02629,0.11101
0.14621,0.22320,0.16230
0.31483,0.15059,0.10641
0.46304,0.46460,0.16783
0.58797,0.54547,0.14988
0.68421,0.50516,0.11053
0.71740,0.69264,0.14662
0.78371,0.81481,0.12193
0.81600,0.70763,0.13331
0.81433,0.67309,0.15088
0.77958,0.59710,0.16702
0.69444,0.52605,0.12867
0.63415,0.47339,0.16170
0.54484,0.24140,0.15234
0.42918,0.25638,0.14145
0.24520,0.06684,0.08872
0.12974,-0.00983,0.11169
0.00330,-0.16012,0.12721
-0.13374,-0.19766,0.13855
-0.27482,-0.52636,0.19503
-0.45145,-0.60203,0.12895
-0.54928,-0.84403,0.15727
-0.63923,-0.97502,0.17337
-0.71706,-0.99692,0.15829
-0.78033,-0.86101,0.15353
-0.84216,-0.93412,0.21380
-0.83384,-0.95796,0.17814
-0.80665,-0.81269,0.18984
-0.76276,-0.80987,0.15354
-0.70317,-0.64961,0.20543
-0.63026,-0.66949,0.19363
-0.54726,-0.70112,0.18570
-0.45665,-0.48252,0.14380
-0.35977,-0.44534,0.12792
-0.26153,-0.20293,0.16021
-0.16515,-0.04089,0.11752
-0.07193,0.06584,0.13548
0.01467,0.17895,0.15441
0.09060,-0.04024,0.13355
0.15312,-0.01858,0.12686
0.20066,-0.03259,0.09852
0.23141,-0.08795,0.12226
0.24377,0.04111,0.10952
0.23739,0.01930,0.13789
0.21257,0.11604,0.11696
0.17006,0.03328,0.08255
0.11160,-0.10775,0.13514
0.03921,-0.03393,0.11413
-0.04472,-0.02194,0.08197
-0.13806,-0.09359,0.10285
-0.23787,-0.11128,0.12937
-0.19285,-0.39978,0.14778
-0.40782,-0.63830,0.14205
-0.62522,-0.86706,0.19456
-0.83478,-0.87896,0.22133
-1.02678,-1.05563,0.18923
-1.01318,-1.19113,0.25977
-1.26077,-1.43165,0.39090
-1.48563,-1.55469,0.33329
-1.67437,-1.68276,0.46976
-1.82789,-2.02598,0.29861
-1.94837,-2.19214,0.34092
-1.87453,-1.84705,0.52863
-2.04086,-1.87311,0.40558
-2.17503,-2.01641,0.35873
-2.27647,-1.98871,0.32295
-2.34476,-1.87818,0.73404
-2.37976,-1.80708,0.56997
-2.22959,-1.40517,0.70536
-2.31315,-1.84885,0.56296
-2.36392,-1.77648,0.44808
-2.38179,-1.88471,0.74133
-2.36682,-1.94107,0.68823
-2.31929,-2.46125,0.31544
-2.09478,-1.99703,0.57804
-2.09668,-2.13418,0.27849
-2.06622,-1.96612,0.32270
-2.00376,-1.72465,0.24058
-1.90976,-1.60475,0.32025
-1.78490,-1.35872,0.21318
-1.50001,-1.36961,0.20588
-1.42366,-1.16804,0.26487
-1.31639,-0.78094,0.16366
-1.17947,-0.67672,0.12245
-1.01676,-0.68984,0.10689
-0.83258,-0.53395,0.13402
-0.54017,-0.26185,0.17774
-0.43406,0.03893,0.10576
-0.32778,0.06949,0.13511
-0.22200,0.02984,0.10346
-0.11720,0.19966,0.13775
0.06314,0.29791,0.17704
0.03927,0.12322,0.09311
0.00024,0.12831,0.14647
-0.04916,0.08783,0.09154
0.03974,-0.11690,0.12275
-0.13653,-0.39364,0.12652
-0.32396,-0.55602,0.15240
-0.51281,-0.79671,0.17721
-0.69458,-1.01238,0.18082
-0.86385,-1.10059,0.17830
-1.01775,-1.29475,0.22736
-1.15103,-1.38042,0.24857
-1.25601,-1.37279,0.23523
-1.32906,-1.28590,0.23265
-1.36982,-1.31680,0.26038
-1.37665,-1.36200,0.23380
-1.35021,-1.29052,0.29199
-1.29178,-1.55958,0.28446
-1.20293,-1.24416,0.22047
-1.08831,-0.98152,0.18846
-0.95168,-0.97521,0.21956
-0.79728,-0.66235,0.15775
-0.62827,-0.76900,0.18491
-0.45139,-0.41241,0.36857
-0.27137,1.12439,0.98624
-0.09333,1.81084,0.81907
0.07911,1.71994,0.54913
0.23815,0.70159,0.25112
0.37903,2.35730,0.63166
0.49717,3.37739,0.46666
0.59009,2.69635,0.29373
0.65413,2.57410,0.30717
0.68654,2.06022,0.47980
0.68729,1.26844,0.20938
0.65714,0.72575,0.18055
0.59742,0.64431,0.13354
0.51111,0.52688,0.19529
0.40043,0.25212,0.14129
0.26914,0.09042,0.11672
0.12136,-0.07284,0.07572
-0.03723,-0.07598,0.10543
-0.20493,-0.23879,0.12405
-0.37672,-0.56703,0.22506
-0.54724,-0.67206,0.12440
-0.70818,-0.96787,0.20503
-0.85494,-0.98838,0.19212
-0.98583,-1.17885,0.25101
-1.09558,-1.24405,0.19004
-1.17770,-1.30878,0.23041
-1.23046,-1.23024,0.19059
-1.25396,-1.28156,0.21459
-1.24712,-1.31966,0.21676
-1.21022,-1.12180,0.22310
-1.14474,-0.94253,0.18395
-1.05306,-0.75571,0.14354
-0.93986,-0.70352,0.14766
-0.80864,-0.69340,0.14438
-0.58851,-0.44185,0.19292
-0.51480,-0.31928,0.15157
-0.43742,-0.28583,0.19730
-0.35494,-0.23147,0.12856
-0.27129,-0.08132,0.11746
-0.13473,-0.07224,0.11914
-0.14277,0.07545,0.13918
-0.15798,0.13317,0.12622
-0.17780,-0.01502,0.07882
-0.09805,-0.06336,0.08198
-0.21046,-0.29247,0.12236
-0.32985,-0.33922,0.13782
-0.44976,-0.31970,0.14074
-0.56361,-0.53657,0.13924
-0.58093,-0.77334,0.21390
-0.75669,-0.90428,0.19320
-0.92234,-0.94037,0.22604
-1.06589,-1.08568,0.19787
-1.18272,-1.25945,0.22420
-1.17353,-1.38889,0.26882
-1.31485,-1.52068,0.37098
-1.42490,-1.36265,0.22040
-1.49964,-1.39406,0.31176
-1.54071,-1.50327,0.30505
-1.43180,-1.56602,0.27165
-1.49122,-1.49847,0.25043
-1.51805,-1.42667,0.18458
-1.51228,-1.30795,0.24689
-1.47412,-1.18263,0.22144
-1.40393,-1.17627,0.23584
-1.24914,-1.01274,0.17838
-1.19895,-0.91184,0.19551
-1.12279,-0.81218,0.20016
-1.02228,-0.83446,0.16629
-0.90047,-0.74351,0.14511
-0.69338,-0.72538,0.21728
-0.62114,-0.70942,0.16616
-0.54116,-0.65129,0.13126
-0.45417,-0.65223,0.15175
-0.36240,-0.40986,0.17328
-0.26855,-0.18188,0.12392
-0.17487,-0.26097,0.19261
-0.08507,-0.27529,0.19218
-0.00227,-0.15450,0.08696
0.07084,-0.09132,0.11179
0.13237,0.05452,0.08199
0.17956,-0.03997,0.12749
0.21072,0.22985,0.16025
0.22538,0.28897,0.09917
0.22292,0.21657,0.15032
0.20305,0.15769,0.17932
0.16655,0.01826,0.08286
0.11477,0.04748,0.11227
0.04869,-0.07182,0.13382
-0.02985,-0.10356,0.09904
-0.11834,-0.14804,0.13010
-0.21289,-0.16059,0.13821
-0.31141,-0.30058,0.13615
-0.41139,-0.51661,0.11467
-0.50928,-0.62179,0.15232
-0.60032,-0.65819,0.20868
-0.68236,-0.74159,0.18602
-0.75296,-0.84153,0.23109
-0.80800,-0.93879,0.17614
-0.84536,-0.92876,0.16010
-0.86463,-1.00550,0.18653
-0.86502,-0.98781,0.13589
-0.84606,-0.91747,0.16117
-0.80826,-0.82360,0.12157
-0.75271,-0.70944,0.16063
-0.68114,-0.66132,0.16214
-0.59671,-0.67546,0.13853
-0.50135,-0.50724,0.16667
-0.39750,-0.42728,0.19043
-0.28869,-0.30743,0.15280
-0.17992,-0.23565,0.17544
-0.07370,-0.00659,0.09239
0.02698,0.04208,0.17166
0.11548,0.08335,0.10196
0.18872,0.18359,0.13234
0.24538,0.22159,0.11658
0.28312,0.34663,0.13931
0.30052,0.43517,0.20717
0.29685,0.33982,0.20679
0.27257,0.25176,0.15216
0.24150,0.12148,0.11483
0.15591,0.10613,0.09595
0.05411,-0.01068,0.08459
-0.05980,-0.08049,0.13100
-0.18199,-0.08647,0.10405
-0.30849,-0.41727,0.20572
-0.43510,-0.38392,0.12520
-0.55756,-0.57583,0.09987
-0.67027,-0.74793,0.18351
-0.77071,-0.77488,0.19463
-0.85487,-0.83923,0.17115
-0.91951,-0.96766,0.16542
-0.96154,-0.84917,0.14441
-0.98044,-0.99640,0.24754
-0.97526,-0.87992,0.18253
-0.94655,-0.94517,0.18340
-0.89574,-0.84656,0.14393
-0.82486,-0.85300,0.16301
-0.73580,-0.69835,0.16055
-0.63107,-0.59265,0.13538
-0.51589,-0.53304,0.12951
-0.39409,-0.35625,0.16794
-0.26742,-0.30583,0.15961
-0.14024,-0.10329,0.12919
-0.01947,0.00402,0.11092
0.09315,-0.05136,0.08915
0.19332,0.04933,0.09120
0.27599,0.21101,0.14058
0.33714,0.33678,0.15667
0.37522,0.33106,0.16784
0.38992,0.39300,0.13762
0.38036,0.44313,0.14234
0.34671,0.22883,0.19981
0.29017,0.11796,0.09117
0.21271,0.16942,0.16358
0.11700,-0.04842,0.12597
0.00620,-0.10015,0.09311
-0.11605,-0.13609,0.10788
-0.24366,-0.24593,0.15244
-0.37377,-0.40113,0.15751
-0.50064,-0.67418,0.17558
-0.62010,-0.99789,0.14210
-0.73013,-0.89211,0.20223
-0.82619,-1.08424,0.24504
-0.90232,-1.00820,0.26088
-0.95775,-0.70472,0.22419
-0.99017,-0.74499,0.47583
-0.99806,-1.95380,0.39405
-0.98121,-1.12322,0.17054
-0.87897,-1.18280,0.23250
-0.92554,-1.25491,0.23147
-0.96097,-0.99838,0.22171
-0.90057,-0.98102,0.16269
-0.76455,-0.65433,0.13138
-0.61776,-0.49104,0.14464
-0.45769,-0.43810,0.18265
-0.29317,-0.18306,0.10090
-0.12977,-0.07768,0.12919
0.03029,0.05356,0.07730
0.18100,0.22839,0.14212
0.31503,0.37975,0.14502
0.42846,0.57862,0.16801
0.51698,0.74743,0.13466
0.57687,0.59579,0.16792
0.60526,0.80697,0.10988
0.60149,0.75873,0.15760
0.56626,0.69481,0.15624
0.50128,0.33706,0.17161
0.40921,0.10523,0.10937
0.29273,0.18274,0.14381
0.15574,0.05967,0.12492
0.00378,-0.01403,0.09517
-0.15815,-0.32396,0.13017
-0.32512,-0.44742,0.13003
-0.49300,-0.53639,0.11024
-0.65635,-0.74546,0.21319
-0.80779,-0.87596,0.15526
-0.94171,-1.09445,0.19491
-1.05449,-1.11309,0.25615
-1.14062,-1.16836,0.23444
-1.19680,-1.27270,0.17221
-1.22194,-1.28060,0.21875
-1.21515,-1.13068,0.16969
-1.17680,-0.98082,0.21122
-1.10843,-0.84040,0.19275
-1.01262,-0.73838,0.11473
-0.89352,-0.75419,0.17743
-0.75526,-0.77662,0.13336
-0.60220,-0.55231,0.13238
-0.43723,-0.33997,0.15679
-0.26484,-0.20858,0.17729
-0.09318,-0.24395,0.18042
0.07158,-0.00176,0.10824
0.22666,0.04440,0.11364
0.36435,0.46570,0.15522
0.47857,0.82200,0.18430
0.56750,0.99414,0.17664
0.62780,0.67313,0.15730
0.65548,0.83984,0.14468
0.64986,0.77298,0.18797
0.69802,0.30349,0.13953
0.51173,0.24433,0.13803
0.29978,-0.05572,0.09454
0.07177,-0.28492,0.12222
-0.16755,-0.35866,0.13283
-0.32740,-0.62640,0.22895
-0.66339,-0.87488,0.26565
-0.99009,-1.03075,0.28335
-1.29958,-1.47793,0.35220
-1.58054,-1.63393,0.26321
-1.82683,-2.22502,0.31628
-1.89152,-2.42879,0.35238
-2.17765,-2.46986,0.27845
-2.43665,-2.53975,0.44421
-2.66717,-2.88257,0.37126
-2.86810,-3.06362,0.39148
-3.03848,-2.87115,0.35238
-2.92384,-3.00953,0.43963
-3.14121,-3.01622,0.46351
-3.32899,-3.28441,0.50946
-3.48631,-3.49818,0.45845
-3.61244,-3.65431,0.60710
-3.70687,-3.66830,0.49650
-3.76922,-3.72730,0.41714
-3.54278,-3.66975,0.51586
-3.65702,-3.93246,0.75416
-3.73978,-3.83373,0.68088
-3.79078,-3.96325,0.58205
-3.80988,-4.01306,0.58909
-3.79710,-3.89184,0.66438
-3.75268,-3.95728,0.47412
-3.42432,-3.84584,0.57411
-3.43330,-3.57724,0.53915
-3.41081,-3.37362,0.49691
-3.35708,-3.50191,0.36615
-3.27256,-3.16189,0.48497
-3.15778,-3.16220,0.55207
-3.01348,-3.16285,0.50278
-2.60399,-3.03070,0.69822
-2.51137,-2.54165,0.45981
-2.38897,-2.50380,0.47711
-2.23753,-2.24111,0.48223
-2.05796,-1.42065,0.24395
-1.85129,-1.24076,0.29034
-1.61868,-1.14784,0.26536
-1.15979,-1.02226,0.16313
-0.97549,-0.74720,0.18434
-0.77646,-0.25038,0.16842
-0.56719,0.07978,0.11622
-0.35255,0.12573,0.13426
-0.13478,0.27217,0.13742
0.07822,0.24730,0.16810
0.34499,0.13669,0.10569
0.41887,0.27054,0.15723
0.46711,0.60795,0.11702
0.49120,0.53743,0.12036
0.49047,0.47339,0.13920
0.46561,0.47521,0.13966
0.41746,0.26847,0.14566
0.34757,0.19335,0.16820
0.25937,0.18293,0.14001
0.15557,0.04689,0.08846
0.03921,0.03114,0.10891
-0.08817,-0.05148,0.11874
-0.22056,-0.34476,0.15590
-0.35411,-0.47194,0.13688
-0.48513,-0.63070,0.19277
-0.61192,-0.74017,0.15948
-0.72767,-0.81886,0.16124
-0.82885,-0.95832,0.18517
-0.91251,-1.15842,0.21474
-0.97765,-1.15855,0.21747
-1.02099,-1.26605,0.25058
-1.04106,-0.96604,0.11771
-1.03752,-0.94518,0.17910
-1.01067,-0.95932,0.19093
-0.96164,-0.83503,0.19346
-0.89137,-0.90439,0.18050
-0.80130,-0.79427,0.14016
-0.69604,-0.52574,0.14483
-0.57996,-0.48747,0.14101
-0.45438,-0.53721,0.11647
-0.32306,-0.24886,0.13321
-0.19014,0.07388,0.09390
-0.06077,0.22364,0.13568
0.06092,0.06837,0.10104
0.17206,0.30023,0.14484
0.26876,0.28547,0.15688
0.34738,0.29435,0.15243
0.40513,0.64200,0.14149
0.43944,0.37538,0.18233
0.44969,0.33921,0.17746
0.43553,0.58214,0.17532
0.39762,0.16036,0.15833
0.33747,0.17616,0.12850
0.25673,0.08159,0.14075
0.15795,0.03792,0.07902
0.04502,-0.02595,0.09692
-0.07937,-0.03577,0.11897
-0.21163,-0.27451,0.11255
-0.34661,-0.43324,0.14255
-0.48005,-0.47236,0.12789
-0.60895,-0.63156,0.16450
-0.64324,-0.89685,0.19643
-0.82410,-0.94481,0.19693
-0.99084,-1.06687,0.18907
-1.13778,-0.94375,0.18518
-1.25952,-1.12671,0.22443
-1.25163,-1.28917,0.21651
-1.38246,-1.47131,0.31537
-1.48388,-1.38950,0.26136
-1.55045,-1.27943,0.23132
-1.58362,-1.33867,0.26443
-1.47237,-1.34987,0.28142
-1.51650,-1.27503,0.17708
-1.52814,-1.27567,0.23733
-1.50736,-1.17921,0.24007
-1.45446,-1.24201,0.22335
-1.36984,-0.99597,0.18266
-1.20282,-1.05753,0.21146
-1.13022,-0.84763,0.17117
-1.03543,-0.87156,0.17962
-0.91948,-0.56329,0.19489
-0.78536,-0.63709,0.15203
-0.57477,-0.48029,0.14224
-0.49111,-0.29260,0.22606
-0.40476,-0.45217,0.16213
-0.31588,-0.27903,0.22965
-0.22613,0.01150,0.11881
-0.09242,0.10938,0.14604
-0.08875,0.15159,0.12870
-0.09375,0.09396,0.11554
-0.10550,0.06530,0.14482
-0.03433,-0.28664,0.23481
-0.13702,-0.12880,0.14802
-0.24667,-0.25866,0.19069
-0.35858,-0.50803,0.20722
-0.46882,-0.75134,0.18114
-0.57262,-0.82379,0.12590
-0.66680,-0.91268,0.18395
-0.74925,-0.89147,0.22099
-0.81675,-0.97305,0.21178
-0.86613,-0.85297,0.17600
-0.89615,-0.99928,0.21680
-0.90605,-0.83876,0.17096
-0.89580,-0.96849,0.24513
-0.86585,-1.12300,0.20339
-0.84603,-0.84144,0.13821
-0.74167,-0.87404,0.17444
-0.62186,-0.69647,0.12568
-0.49275,-0.54629,0.18342
-0.40602,-0.18961,0.14759
-0.23141,-0.21535,0.14990
-0.05890,-0.06554,0.16306
0.10505,0.04005,0.09434
0.25485,0.30759,0.19261
0.34888,0.50703,0.19503
0.49629,0.55569,0.15114
0.61683,0.73646,0.15180
0.70568,0.66420,0.13982
0.76120,0.66741,0.13894
0.75537,0.87474,0.16900
0.77962,0.82195,0.10221
0.77036,0.67934,0.15253
0.72792,0.71194,0.12543
0.65311,0.65310,0.14043
0.53494,0.57761,0.16802
0.44393,0.29526,0.12838
0.32993,0.26215,0.17725
0.19589,0.07377,0.11269
0.00567,0.00360,0.08448
-0.11332,-0.11458,0.09966
-0.23835,-0.29983,0.15089
-0.36645,-0.24819,0.14993
-0.49119,-0.58505,0.19378
-0.63870,-0.78184,0.15882
-0.71103,-0.83770,0.18375
-0.76877,-0.94878,0.22846
-0.80976,-0.85370,0.26300
-0.87442,-0.70341,0.17646
-0.84083,-0.87948,0.14213
-0.78771,-0.78820,0.13868
-0.71883,-0.64181,0.15164
-0.63669,-0.61721,0.14185
-0.55950,-0.50176,0.15325
-0.41853,-0.27139,0.17845
-0.27404,-0.16596,0.14017
-0.13117,-0.04832,0.13046
-0.03166,0.06062,0.06425
0.13650,-0.03969,0.15926
0.28982,0.16930,0.13542
0.42233,0.32227,0.15826
0.53227,0.35511,0.13796
0.58674,0.60371,0.18298
0.67642,0.76666,0.19912
0.73534,0.58176,0.17518
0.76000,0.77968,0.18647
0.74954,0.67746,0.12280
0.69107,0.55382,0.16237
0.65365,0.43688,0.12899
0.58708,0.50903,0.13099
0.49197,0.25363,0.14164
0.33288,0.17238,0.10719
0.23311,0.10994,0.09273
0.11858,-0.09768,0.11513
-0.01024,-0.23321,0.14312
-0.14930,-0.24085,0.10200
-0.32001,-0.44252,0.11610
-0.42628,-0.61139,0.13867
-0.52845,-0.84659,0.18171
-0.62184,-0.90243,0.17198
-0.74940,-0.79912,0.14054
-0.77686,-0.89607,0.15718
-0.78725,-0.78811,0.13963
-0.78118,-0.92627,0.16624
-0.75885,-0.79394,0.15280
-0.72124,-0.78807,0.14775
-0.66904,-0.62549,0.16744
-0.60439,-0.63479,0.10986
-0.53014,-0.59642,0.17525
-0.44859,-0.52349,0.11555
-0.36101,-0.36845,0.15985
-0.27032,-0.17144,0.14751
-0.18131,-0.11047,0.16591
-0.09680,-0.12662,0.18546
-0.01800,-0.17925,0.16192
0.05050,-0.12970,0.15581
0.10637,-0.22997,0.20763
0.14890,-0.02378,0.07480
0.17623,0.00728,0.07671
0.18657,0.01129,0.06778
0.17988,0.02627,0.10160
0.15663,-0.01820,0.11138
0.11732,0.01591,0.09129
0.06320,-0.02549,0.12677
-0.00294,0.04772,0.10884
-0.08004,0.07046,0.07939
-0.16559,-0.01877,0.10876
-0.16214,-0.30954,0.19098
-0.36914,-0.63861,0.12851
-0.57562,-0.95725,0.20800
-0.77614,-0.72300,0.17150
-0.95913,-0.84254,0.14804
-1.00565,-1.22081,0.28710
-1.24951,-1.34563,0.25901
-1.46921,-1.43775,0.27386
-1.65229,-1.67850,0.31707
-1.79929,-1.96794,0.31102
-1.71630,-2.07092,0.27338
-1.90770,-1.64034,0.68331
-2.06708,-2.01617,0.27475
-2.19368,-2.11917,0.29575
-2.28701,-1.81060,0.69815
-2.34673,-2.04454,0.52344
-2.18780,-1.78680,0.54482
-2.29543,-2.00983,0.35734
-2.37004,-1.72371,0.71589
-2.41141,-2.01298,0.28726
-2.41950,-1.94662,0.28676
-2.39445,-1.96526,0.83756
-2.16038,-2.56931,0.42800
-2.18466,-2.27843,0.30619
-2.17611,-1.99160,0.26953
-2.13497,-1.82547,0.25373
-2.06163,-1.72916,0.26319
-1.95665,-1.83758,0.32869
-1.65992,-1.57684,0.27629
-1.60383,-1.42370,0.25273
-1.51614,-1.13858,0.20195
-1.39748,-0.95046,0.17362
-1.24864,-0.81584,0.14228
-1.07200,-0.72037,0.16559
-0.74647,-0.55647,0.14343
-0.63627,-0.27430,0.11235
-0.51842,-0.02145,0.10942
-0.39381,-0.15113,0.16701
-0.26649,-0.17903,0.16906
-0.00696,0.17488,0.13301
0.00404,0.19715,0.12531
0.00090,0.17484,0.15002
-0.01303,0.11023,0.11919
-0.03625,0.07038,0.12048
0.01461,-0.09143,0.08601
-0.13818,-0.25756,0.13030
-0.29902,-0.44662,0.12110
-0.45886,-0.74314,0.13480
-0.61271,-0.89533,0.29214
-0.75729,-0.94515,0.16600
-0.88568,-1.00332,0.17830
-0.99540,-1.10727,0.23079
-1.08222,-1.17335,0.23248
-1.14313,-1.12214,0.20146
-1.17618,-1.12334,0.19978
-1.18055,-1.06734,0.18249
-1.15642,-1.38335,0.32115
-1.10524,-1.11467,0.16672
-1.02922,-0.90185,0.16778
-0.93041,-1.08702,0.33933
-0.81225,-0.80259,0.17501
-0.67852,-0.64434,0.18877
-0.53454,-0.63041,0.17684
-0.38436,-0.12561,0.63677
-0.23104,1.38837,0.95494
-0.07962,2.24627,0.48218
0.06345,1.37016,0.54455
0.19386,2.48368,0.41657
0.30728,3.23692,0.55128
0.40112,2.65634,0.37198
0.47059,2.82546,0.47138
0.51391,1.69782,0.37623
0.53005,0.98676,0.13125
0.51910,0.61390,0.14487
0.48164,0.64806,0.15945
0.41943,0.17165,0.13246
0.33375,0.04120,0.08582
0.22817,0.04263,0.08119
0.10730,0.02052,0.11416
-0.02538,-0.01937,0.12909
-0.16805,-0.24904,0.18371
-0.31508,-0.42862,0.10030
-0.46018,-0.52320,0.18594
-0.60187,-0.65925,0.16764
-0.73514,-0.77912,0.17848
-0.85241,-0.98608,0.17631
-0.95019,-1.00491,0.16833
-1.02746,-1.18680,0.21863
-1.08086,-1.10120,0.15910
-1.10711,-1.05152,0.19956
-1.10613,-1.05486,0.20364
-1.07860,-0.85721,0.15908
-1.02539,-0.66153,0.13560
-0.94931,-0.76595,0.15037
-0.85313,-0.62309,0.13282
-0.66366,-0.68140,0.16070
-0.61879,-0.55696,0.10998
-0.56684,-0.43946,0.12058
-0.50694,-0.24426,0.12190
-0.43940,-0.06143,0.12421
-0.31646,-0.10432,0.13623
-0.33000,0.00719,0.11696
-0.34436,-0.02296,0.13692
-0.35747,-0.08801,0.12962
-0.26886,-0.26117,0.12606
-0.36639,-0.40598,0.17132
-0.46373,-0.32479,0.13263
-0.55699,-0.47138,0.13114
-0.64250,-0.61922,0.12564
-0.64230,-0.85855,0.17364
-0.78846,-0.93405,0.17294
-0.92221,-0.96347,0.18403
-1.03603,-0.98482,0.16276
-1.12282,-1.18750,0.19075
-1.11055,-1.42268,0.27286
-1.22490,-1.47505,0.31237
-1.31215,-1.30591,0.24409
-1.36391,-1.41643,0.30950
-1.37951,-1.35096,0.22484
-1.28721,-1.41460,0.28967
-1.32033,-1.28720,0.21460
-1.32227,-1.03760,0.15384
-1.29118,-1.00952,0.17842
-1.22792,-0.90637,0.18857
-1.05689,-0.91850,0.14881
-1.02506,-0.78590,0.19731
-0.97305,-0.69590,0.13660
-0.89936,-0.54354,0.14518
-0.80586,-0.60271,0.12941
-0.62292,-0.65269,0.14247
-0.58488,-0.60224,0.17072
-0.53993,-0.55818,0.21167
-0.48712,-0.59486,0.13765
-0.42720,-0.38046,0.18728
-0.36284,-0.37835,0.13115
-0.29708,-0.48648,0.17306
-0.23052,-0.48886,0.16765
-0.16548,-0.31392,0.13406
-0.10551,-0.06394,0.11272
-0.05144,-0.13158,0.12476
-0.00524,-0.00273,0.09852
0.03120,0.03948,0.10442
0.05583,0.05477,0.09372
0.06797,0.04241,0.10929
0.06763,0.05485,0.11925
0.05462,0.02549,0.14748
0.02946,0.02818,0.13390
-0.00735,-0.02186,0.07057
-0.05462,-0.04976,0.12022
-0.11081,-0.14277,0.12209
-0.17310,-0.17503,0.11866
-0.24051,-0.21294,0.13903
-0.31084,-0.23373,0.17039
-0.38105,-0.46211,0.14385
-0.44866,-0.56232,0.13741
-0.51190,-0.56064,0.12397
-0.56847,-0.70647,0.13741
-0.61611,-0.74540,0.15693
-0.65259,-0.75682,0.20363
-0.67683,-0.81802,0.15730
-0.68793,-0.74677,0.14510
-0.68520,-0.78505,0.17955
-0.66871,-0.78041,0.18033
-0.63886,-0.60335,0.14518
-0.59644,-0.57101,0.15557
-0.54335,-0.59718,0.14948
-0.48157,-0.58262,0.15180
-0.41230,-0.44712,0.12250
-0.33845,-0.39914,0.19092
-0.26306,-0.32408,0.12402
-0.18856,-0.21117,0.13627
-0.11656,-0.14378,0.17032
-0.04946,-0.10974,0.12872
0.00891,-0.05647,0.11260
0.05694,0.09296,0.11462
0.09309,0.26917,0.16325
0.11501,0.12906,0.11849
0.12170,0.11524,0.16014
0.11971,0.07021,0.10760
0.07174,0.07895,0.08842
0.00966,0.03481,0.11954
-0.06375,-0.02761,0.07279
-0.14691,-0.02810,0.11962
-0.23736,-0.28895,0.13837
-0.33064,-0.41664,0.10676
-0.42214,-0.56959,0.14194
-0.50998,-0.66044,0.15724
-0.59074,-0.72783,0.17500
-0.66036,-0.72832,0.17174
-0.71648,-0.68397,0.13910
-0.75768,-0.86293,0.22302
-0.78214,-0.86391,0.16924
-0.78888,-0.82644,0.15217
-0.77755,-0.74466,0.13112
-0.74868,-0.85468,0.16677
-0.70334,-0.64677,0.10825
-0.64364,-0.64048,0.16938
-0.57174,-0.67442,0.16200
-0.48950,-0.49630,0.18020
-0.39992,-0.47254,0.16073
-0.30709,-0.28445,0.13753
-0.21414,-0.35265,0.16272
-0.12342,-0.14442,0.12559
-0.03852,-0.25133,0.16503
0.03630,-0.11981,0.12099
0.09841,0.00005,0.10734
0.14553,0.18645,0.12392
0.17641,0.13837,0.10546
0.18965,0.14261,0.13950
0.18453,0.00279,0.08759
0.16149,0.14302,0.13195
0.12109,0.07357,0.08479
0.06546,-0.04102,0.09714
-0.00331,-0.07987,0.13748
-0.08397,-0.03642,0.10460
-0.17368,-0.03276,0.09193
-0.26920,-0.14227,0.14280
-0.36548,-0.67151,0.17781
-0.45912,-0.69579,0.22293
-0.54858,-0.84253,0.17605
-0.63020,-0.38273,0.39285
-0.69978,-0.93802,0.22050
-0.75372,-0.49545,0.42524
-0.79144,-1.41734,0.26659
-0.81528,-1.00843,0.16398
-0.74012,-1.03932,0.22966
-0.83484,-0.96579,0.17788
-0.91714,-1.02831,0.16588
-0.91386,-0.97482,0.22870
-0.82547,-0.82170,0.14889
-0.72734,-0.71863,0.17446
-0.60934,-0.73323,0.14036
-0.47814,-0.69324,0.16579
-0.33992,-0.34363,0.16074
-0.20100,-0.06854,0.13568
-0.06336,0.01061,0.11238
0.06783,0.03122,0.07420
0.18455,0.15425,0.11568
0.28259,0.28749,0.17004
0.36042,0.35864,0.12376
0.41438,0.62525,0.14907
0.44142,0.44906,0.18514
0.44033,0.39177,0.17877
0.41186,0.25398,0.13333
0.35699,0.18233,0.10126
0.27771,0.10591,0.14687
0.17834,0.06684,0.08234
0.06254,0.06510,0.10778
-0.06777,-0.15630,0.13030
-0.20803,-0.21491,0.11878
-0.35082,-0.35469,0.13480
-0.49129,-0.48415,0.12784
-0.62467,-0.72154,0.13441
-0.74734,-0.86551,0.17230
-0.85272,-0.87667,0.18287
-0.93918,-0.95340,0.15971
-1.00284,-0.96897,0.16297
-1.04076,-0.94760,0.14658
-1.05057,-0.98298,0.15369
-1.03259,-0.96784,0.20318
-0.98772,-0.80074,0.16217
-0.91754,-0.74285,0.13152
-0.82590,-0.75789,0.13734
-0.71622,-0.72248,0.16410
-0.59039,-0.63688,0.14633
-0.45275,-0.71824,0.19697
-0.30919,-0.57385,0.25166
-0.16473,-0.23496,0.14294
-0.02311,0.00151,0.13158
0.11058,0.03181,0.10198
0.22974,0.77646,0.11556
0.32962,0.63828,0.11948
0.40738,0.70971,0.14205
0.45975,0.65114,0.19845
0.58689,0.74060,0.17288
0.45650,0.14102,0.12781
0.29502,0.19183,0.14190
0.11190,-0.06862,0.12947
0.06859,-0.25006,0.13750
-0.24303,-0.45713,0.18754
-0.56207,-0.92878,0.20115
-0.87703,-1.13754,0.25642
-1.17769,-1.21745,0.26039
-1.45345,-1.50054,0.24807
-1.52833,-1.73632,0.30139
-1.83502,-2.05400,0.31641
-2.11269,-2.31388,0.28417
-2.36044,-2.48569,0.38700
-2.57697,-2.88944,0.41940
-2.76121,-2.78778,0.41143
-2.67611,-2.87148,0.34917
-2.90623,-2.78416,0.40242
-3.10513,-2.91246,0.23812
-3.27186,-3.31142,0.50080
-3.40563,-3.46438,0.49111
-3.50592,-3.68256,0.46101
-3.57233,-3.46578,0.52304
-3.40081,-3.51579,0.58937
-3.51863,-3.55878,0.59654
-3.60329,-3.52179,0.71413
-3.65449,-3.80981,0.58784
-3.67214,-3.86213,0.48519
-3.65633,-4.08598,0.58829
-3.60736,-3.96253,0.64999
-3.35597,-3.98119,0.58001
-3.36014,-3.70915,0.57694
-3.33141,-3.54106,0.51084
-3.27007,-3.36012,0.80370
-3.17666,-3.01242,0.46955
-3.05185,-3.16211,0.56070
-2.65188,-2.98016,0.52242
-2.57928,-2.73142,0.50208
-2.47520,-2.57598,0.49500
-2.34038,-2.68348,0.61700
-2.17568,-1.79114,0.34867
-1.98213,-1.73286,0.35789
-1.76090,-1.33089,0.29879
-1.32615,-1.05034,0.25856
-1.15302,-0.79926,0.16605
-0.95391,-0.49196,0.15197
-0.73803,-0.26399,0.16354
-0.50885,0.10061,0.11611
-0.27138,0.09298,0.08792
0.13369,0.15047,0.10121
0.25064,0.11246,0.12253
0.34664,0.31813,0.16729
0.42335,0.29959,0.14601
0.47653,0.30738,0.12816
0.50447,0.61494,0.12507
0.50687,0.29453,0.13960
0.48397,0.41766,0.15578
0.43674,0.19936,0.14112
0.36623,0.20881,0.15019
0.27547,0.17855,0.14917
0.16767,0.10205,0.11002
0.04595,0.01015,0.07931
-0.08606,-0.05073,0.12034
-0.22319,-0.32104,0.13822
-0.36296,-0.50723,0.11587
-0.50092,-0.65467,0.16009
-0.63125,-0.83908,0.18760
-0.75014,-0.92942,0.14738
-0.85502,-1.17830,0.20992
-0.94072,-1.21682,0.27538
-1.00487,-1.16194,0.23859
-1.04632,-1.04951,0.18120
-1.06348,-0.97866,0.14515
-1.05588,-1.17791,0.26449
-1.02410,-1.00899,0.15839
-0.96965,-0.95771,0.21073
-0.89360,-0.83329,0.17388
-0.79984,-0.73414,0.12893
-0.69142,-0.68081,0.14026
-0.57161,-0.52536,0.11083
-0.44211,-0.34518,0.13044
-0.30706,-0.11498,0.12460
-0.17310,0.05944,0.10092
-0.04418,0.05661,0.07872
0.07581,0.08198,0.10419
0.18509,0.22898,0.15647
0.27719,0.36280,0.16220
0.34927,0.57039,0.18498
0.39930,0.44829,0.14240
0.42678,0.43412,0.15258
0.42983,0.48668,0.16469
0.40882,0.36838,0.17671
0.36492,0.36659,0.12403
0.29910,0.17125,0.12413
0.21474,0.07007,0.08788
0.11470,0.02174,0.07766
0.00216,-0.01664,0.07966
-0.12123,-0.10205,0.12899
-0.25054,-0.29926,0.17326
-0.38018,-0.35003,0.12090
-0.50651,-0.60699,0.10272
-0.58127,-0.82336,0.16052
-0.76593,-0.98168,0.19553
-0.93589,-0.84459,0.14005
-1.08729,-0.85312,0.16712
-1.21376,-0.93897,0.14928
-1.25276,-1.24694,0.28457
-1.38926,-1.28708,0.22781
-1.49449,-1.39702,0.25510
-1.56426,-1.52720,0.29405
-1.60056,-1.40303,0.27720
-1.53581,-1.40989,0.23263
-1.58275,-1.39726,0.26609
-1.59682,-1.42300,0.27760
-1.57811,-1.25256,0.19082
-1.52690,-1.16644,0.22225
-1.36166,-1.05438,0.19424
-1.32185,-1.18637,0.21243
-1.25057,-1.09583,0.21153
-1.14991,-0.79780,0.15407
-1.02345,-0.71536,0.23633
-0.78058,-0.50519,0.23323
-0.69156,-0.67694,0.15414
-0.59310,-0.24750,0.15623
-0.48513,-0.38837,0.19441
-0.37148,-0.15436,0.17430
-0.16776,-0.11561,0.13494
-0.12903,0.09569,0.10670
-0.09870,0.11350,0.12020
-0.07536,0.05578,0.07898
-0.05936,-0.07427,0.13253
0.00313,0.00142,0.11705
-0.07502,-0.17666,0.17567
-0.16288,-0.27820,0.19156
-0.25612,-0.11740,0.16026
-0.35168,-0.46930,0.14827
-0.44561,-0.36815,0.22578
-0.53479,-0.74467,0.14107
-0.61704,-0.78127,0.17205
-0.68996,-0.80675,0.20574
-0.74983,-0.86962,0.22536
-0.79420,-0.76815,0.15329
-0.82248,-0.84528,0.19650
-0.83343,-0.89169,0.19760
-0.82632,-0.94816,0.21913
-0.80878,-0.96045,0.19491
-0.72779,-0.85411,0.13925
-0.63178,-0.75896,0.14828
-0.52482,-0.60261,0.14054
-0.43421,-0.44575,0.16172
-0.27678,-0.40054,0.15250
-0.11848,-0.13634,0.16663
0.03405,-0.01589,0.09185
0.12945,0.50503,0.12855
0.29750,0.42639,0.14771
0.44958,0.55584,0.16581
0.57633,0.71268,0.19683
0.67456,0.75571,0.16065
0.70410,0.69625,0.14408
0.77463,0.75276,0.18090
0.81061,0.74305,0.13806
0.81157,0.81939,0.14459
0.77884,0.73949,0.13506
0.68921,0.58487,0.12271
0.63035,0.69439,0.11964
0.54269,0.47181,0.17516
0.42894,0.28880,0.13495
0.24288,0.17711,0.14994
0.12939,0.04355,0.10651
0.00352,0.01796,0.13877
-0.13193,0.03154,0.10120
-0.27151,-0.12054,0.12641
-0.45119,-0.52286,0.17550
-0.55042,-0.58916,0.19387
-0.63914,-0.82574,0.20101
-0.71587,-0.84704,0.17064
-0.77896,-0.97961,0.14339
-0.84109,-0.78339,0.16462
-0.82995,-0.79366,0.19434
-0.79996,-0.75765,0.17188
-0.75294,-0.63758,0.13749
-0.71882,-0.60466,0.13260
-0.60545,-0.69822,0.18253
-0.47984,-0.31416,0.13791
-0.34707,-0.22157,0.16877
-0.26098,-0.16566,0.15052
-0.09287,-0.09881,0.09591
0.06886,0.01028,0.07609
0.22067,0.20792,0.15300
0.35520,0.30448,0.15658
0.43056,0.39169,0.14167
0.55354,0.53618,0.16578
0.65049,0.75750,0.16264
0.71389,0.72337,0.10134
0.74229,0.55530,0.11249
0.71505,0.62424,0.13524
0.71369,0.33983,0.14663
0.68046,0.56568,0.18193
0.61612,0.36890,0.14301
0.47622,0.23618,0.14977
0.39412,0.25530,0.16977
0.29199,0.20186,0.14945
0.17091,-0.04700,0.10931
0.03420,-0.08388,0.10000
-0.14820,-0.11406,0.10598
-0.26553,-0.43350,0.17811
-0.38275,-0.60254,0.14970
-0.49714,-0.70902,0.13979
-0.60523,-0.72841,0.14396
-0.71969,-0.86606,0.21971
-0.76588,-0.79610,0.18900
-0.79500,-0.80916,0.23677
-0.80742,-0.82167,0.16955
-0.80266,-0.81959,0.16302
-0.78074,-0.78624,0.17009
-0.74251,-0.72897,0.16837
-0.68933,-0.53467,0.17191
-0.62257,-0.58365,0.16641
-0.54436,-0.49682,0.14723
-0.45785,-0.39961,0.16673
-0.36525,-0.31033,0.17787
-0.26942,-0.21115,0.18152
-0.17437,-0.17733,0.13534
-0.08339,-0.22793,0.21507
0.00046,-0.29603,0.17817
0.07413,-0.10212,0.13634
0.13604,0.06556,0.09372
0.18300,0.09025,0.13307
0.21285,0.13532,0.11808
0.22523,0.04600,0.08393
0.21937,0.00823,0.09009
0.19532,0.22899,0.12770
0.15407,0.16014,0.11354
0.09710,0.14110,0.13046
0.02558,0.11211,0.08958
0.05701,0.01656,0.09546
-0.14923,-0.43802,0.14649
-0.36410,-0.71175,0.13463
-0.58051,-0.82366,0.23912
-0.78888,-0.81658,0.20380
-0.84767,-1.11554,0.22706
-1.12364,-1.32051,0.33888
-1.38256,-1.48988,0.31820
-1.60791,-1.69248,0.23985
-1.79488,-1.83214,0.30354
-1.94902,-2.02391,0.27122
-1.94346,-1.68886,0.53267
-2.14187,-1.87641,0.77712
-2.30863,-2.14852,0.29755
-2.44295,-2.25511,0.36514
-2.54429,-2.15981,0.65584
-2.61226,-2.26561,0.65156
-2.50978,-2.43352,0.59543
-2.62548,-2.58090,0.58590
-2.70843,-2.52749,0.39992
-2.75835,-2.58202,0.33394
-2.77513,-2.33633,0.71834
-2.75889,-2.18446,0.60324
-2.55580,-1.99863,0.61325
-2.58886,-2.57616,0.37288
-2.58923,-2.42639,0.41988
-2.55707,-2.61538,0.30792
-2.49272,-2.37871,0.52667
-2.39670,-2.34054,0.46444
-2.10272,-2.07024,0.22131
-2.05575,-2.23122,0.38548
-1.97717,-1.79456,0.35169
-1.86754,-1.37451,0.24748
-1.72760,-1.21341,0.22967
-1.55822,-1.21401,0.21041
-1.19660,-1.12565,0.26819
-1.07554,-0.74242,0.16703
-0.93495,-0.47332,0.15589
-0.77794,-0.36502,0.16595
-0.60602,-0.35889,0.17499
-0.42431,-0.27853,0.17414
-0.13616,-0.04649,0.15646
-0.06850,0.24490,0.14743
-0.01162,0.15462,0.12548
0.03666,0.16314,0.12234
0.07366,0.24373,0.12761
0.15905,0.05482,0.08506
0.05501,-0.00306,0.09793
-0.06366,-0.10368,0.11913
-0.18975,-0.31406,0.12839
-0.31789,-0.55882,0.15149
-0.44680,-0.57964,0.12721
-0.57227,-0.71594,0.12573
-0.68760,-0.75234,0.15864
-0.78936,-0.80990,0.13111
-0.87446,-0.93318,0.15476
-0.94177,-0.95645,0.14502
-0.98712,-0.88770,0.20185
-1.00937,-1.00875,0.29950
-1.00831,-1.02727,0.21916
-0.98428,-0.99967,0.22536
-0.93797,-0.80435,0.19849
-0.87088,-0.91982,0.26503
-0.78641,-0.67250,0.12637
-0.68579,-0.77013,0.14988
-0.57218,-0.96167,0.50942
-0.45005,1.15625,1.02945
-0.32323,2.43436,0.47408
-0.19455,1.79020,0.47854
-0.06803,2.90087,0.35732
0.05096,3.55981,0.67791
0.15832,2.76586,0.47866
0.25046,2.75954,0.35328
0.32493,2.06257,0.35109
0.37829,0.56482,0.12759
0.40863,0.37186,0.13774
0.41543,0.60582,0.13843
0.39842,0.40427,0.14391
0.35825,0.13074,0.10421
0.29650,0.00051,0.09788
0.21487,0.00524,0.10537
0.11597,-0.04594,0.10801
0.00376,-0.09306,0.10374
-0.11816,-0.27645,0.11768
-0.24698,-0.35248,0.10983
-0.37876,-0.40976,0.13060
-0.50809,-0.64595,0.12520
-0.63062,-0.68758,0.13753
-0.74228,-0.88079,0.13877
-0.84003,-0.90921,0.25993
-0.92021,-0.99152,0.20039
-0.97892,-0.93940,0.14467
-1.01420,-0.98652,0.17487
-1.02507,-0.77164,0.13312
-1.01150,-0.70392,0.17087
-0.97400,-0.92955,0.19350
-0.82437,-0.87095,0.11999
-0.82943,-0.77506,0.17511
-0.81959,-0.67420,0.16705
-0.79291,-0.66956,0.16048
-0.74949,-0.63266,0.18212
-0.62134,-0.44819,0.14342
-0.63546,-0.35548,0.11083
-0.64066,-0.36934,0.13497
-0.63494,-0.50629,0.16643
-0.61758,-0.58473,0.14919
-0.54838,-0.53668,0.09721
-0.59760,-0.51966,0.12249
-0.63893,-0.33391,0.16214
-0.66937,-0.51615,0.10303
-0.59078,-0.71660,0.16046
-0.68361,-0.74794,0.14465
-0.76688,-0.70165,0.12509
-0.83451,-0.74805,0.12038
-0.88433,-0.90911,0.21619
-0.83829,-1.16682,0.25106
-0.93478,-1.17384,0.25134
-1.01114,-1.06949,0.19630
-1.06328,-1.14212,0.19841
-1.08881,-1.25963,0.25059
-1.02473,-1.31672,0.24967
-1.08467,-1.03937,0.19207
-1.12032,-0.95902,0.18609
-1.12774,-0.91554,0.16155
-1.10665,-0.90906,0.23297
-1.00758,-0.89294,0.22601
-1.02127,-0.71932,0.16028
-1.01301,-0.67232,0.14190
-0.98077,-0.81762,0.19272
-0.92544,-0.78882,0.20004
-0.81298,-0.93864,0.16613
-0.80533,-0.84701,0.13366
-0.78284,-0.76630,0.18148
-0.74416,-0.79934,0.15385
-0.68983,-0.71281,0.14769
-0.62164,-0.71740,0.11561
-0.54309,-0.66960,0.19284
-0.45676,-0.59834,0.15507
-0.36392,-0.56529,0.16423
-0.26845,-0.34136,0.14629
-0.17474,-0.32486,0.15003
-0.08568,-0.27159,0.15800
-0.00270,0.05396,0.09259
0.06930,0.11357,0.10115
0.12780,0.29199,0.18380
0.17206,0.08524,0.10548
0.20010,0.09086,0.08244
0.21005,0.23131,0.15170
0.20189,0.08425,0.11441
0.17602,0.06574,0.08527
0.13318,0.01328,0.10392
0.07558,-0.04759,0.10474
0.00528,-0.02683,0.12157
-0.07656,-0.07081,0.09975
-0.16717,-0.25886,0.09333
-0.26179,-0.34880,0.13540
-0.35731,-0.42425,0.14244
-0.45231,-0.52726,0.14858
-0.54249,-0.55059,0.12268
-0.62334,-0.66976,0.14461
-0.69382,-0.74005,0.15661
-0.75102,-0.68949,0.14095
-0.79130,-0.92500,0.14292
-0.81354,-0.94462,0.19499
-0.81766,-0.86106,0.20620
-0.80314,-0.87121,0.18434
-0.77070,-0.74010,0.16442
-0.72169,-0.73442,0.10560
-0.65706,-0.66579,0.17401
-0.57905,-0.66745,0.12310
-0.49170,-0.48099,0.13670
-0.39647,-0.37971,0.16323
-0.29651,-0.44333,0.13860
-0.19540,-0.09672,0.11259
-0.09858,-0.19178,0.12808
-0.00935,0.00014,0.09947
0.07085,0.16018,0.13391
0.13865,0.21345,0.15294
0.20838,0.16672,0.12760
0.21621,0.19696,0.13929
0.20474,0.25967,0.15750
0.17504,0.21918,0.11468
0.12780,0.20148,0.16495
0.06460,0.05794,0.08323
-0.01236,0.04495,0.10209
-0.09910,-0.09758,0.10696
-0.19417,-0.18890,0.09036
-0.29436,-0.32151,0.13475
-0.39607,-0.53195,0.13360
-0.49484,-0.60567,0.13702
-0.58699,-0.57250,0.12404
-0.66987,-0.73979,0.19489
-0.73951,-0.77853,0.17901
-0.79299,-0.71976,0.15111
-0.82885,-0.86286,0.15338
-0.84554,-0.85380,0.15706
-0.84203,-0.89100,0.18603
-0.81851,-0.78814,0.16678
-0.77576,-0.70836,0.15856
-0.71521,-0.63244,0.12861
-0.63944,-0.72935,0.12392
-0.55120,-0.66155,0.13447
-0.45282,-0.60378,0.13231
-0.34759,-0.44661,0.15781
-0.24007,-0.34485,0.16197
-0.13416,-0.16769,0.11287
-0.03210,-0.09221,0.15664
0.06107,0.02636,0.09112
0.14100,0.11512,0.10832
0.20608,0.23142,0.14011
0.25275,0.12381,0.14458
0.27863,0.17746,0.12594
0.28344,0.13036,0.16829
0.26680,0.11071,0.15692
0.22914,0.28483,0.14370
0.17198,0.14967,0.12841
0.09664,0.02901,0.10978
0.00540,-0.05483,0.11568
-0.09734,-0.71695,0.19385
-0.20759,-0.52952,0.15329
-0.32178,-0.59743,0.19417
-0.43590,-0.20164,0.28014
-0.54580,-0.48662,0.19728
-0.64733,-0.85511,0.24299
-0.73650,-1.21594,0.17792
-0.81065,-0.87244,0.13093
