cte_true,mc_mean,mc_std
0.00076,0.27110,0.20299
0.00076,0.36646,0.16639
0.00076,0.34129,0.15078
0.00069,0.37994,0.17610
0.00051,0.38242,0.14500
-0.00002,0.38788,0.21812
-0.00058,0.31186,0.19072
-0.00125,0.25818,0.15641
-0.00205,0.25738,0.17910
-0.00319,0.15917,0.18242
-0.00469,0.17714,0.21198
-0.00654,0.14196,0.22869
-0.00871,0.10659,0.13137
-0.01121,-0.01685,0.15542
-0.01409,-0.03078,0.14926
-0.00835,0.13748,0.13363
-0.02319,-0.12084,0.16378
-0.02559,-0.05727,0.12784
-0.03013,-0.01554,0.11011
-0.03534,0.13530,0.12705
-0.04106,0.18820,0.14504
-0.04734,0.22573,0.13060
-0.05421,0.15675,0.16057
-0.06172,0.09642,0.09949
-0.06987,0.05638,0.09219
-0.08251,0.07268,0.11866
-0.08912,0.21451,0.17116
-0.09788,0.19437,0.19579
-0.10890,0.02279,0.09867
-0.12041,-0.04607,0.08936
-0.13258,0.04545,0.09965
-0.13976,0.61361,0.41640
-0.15856,0.26512,0.23589
-0.17364,0.05211,0.18927
-0.18814,-0.14194,0.23589
-0.20358,-0.38989,0.26428
-0.21943,-0.30446,0.24151
-0.23778,-0.10476,0.16163
-0.25552,-0.24241,0.18311
-0.26992,-0.27332,0.12121
-0.28740,-0.30994,0.15276
-0.30490,-0.35742,0.14145
-0.32240,-0.31861,0.17958
-0.34000,-0.20799,0.16556
-0.35751,-0.18369,0.14334
-0.37463,-0.22699,0.14820
-0.39151,-0.08642,0.15837
-0.40794,0.02862,0.08805
-0.42376,0.54792,0.21896
-0.43872,0.51103,0.18179
-0.45291,0.32511,0.19754
-0.46613,0.91048,0.37230
-0.47823,0.58498,0.52364
-0.48897,0.28649,0.29557
-0.49830,-0.32932,0.17929
-0.50624,-0.46001,0.21993
-0.51261,-0.34737,0.16551
-0.51724,-0.54507,0.14958
-0.52009,-0.25658,0.28101
-0.52116,-0.46904,0.14855
-0.52035,-0.33503,0.17595
-0.51764,-0.21867,0.15274
-0.51301,-0.06796,0.13593
-0.50643,0.15007,0.13378
-0.49793,0.00036,0.10315
-0.48760,0.02899,0.15114
-0.47557,-0.02519,0.15063
-0.46190,-0.09876,0.13714
-0.44654,-0.18138,0.17446
-0.42969,-0.16439,0.15067
-0.41180,-0.13269,0.16795
-0.39285,-0.30948,0.21191
-0.37290,-0.10064,0.17514
-0.35224,0.16024,0.22290
-0.33120,0.54161,0.19148
-0.31000,0.71686,0.28281
-0.28872,1.10819,0.20056
-0.26770,0.75507,0.28678
-0.24731,0.20189,0.15698
-0.22782,0.03917,0.16923
-0.20930,-0.05931,0.13870
-0.19205,-0.02112,0.16161
-0.17646,-0.10701,0.13478
-0.16271,-0.08676,0.12809
-0.15087,0.00702,0.14049
-0.14118,-0.03556,0.11738
-0.13387,0.11660,0.17046
-0.12904,-0.00274,0.10760
-0.12673,-0.00041,0.06849
-0.12698,-0.07815,0.13745
-0.12983,-0.15971,0.16716
-0.13524,-0.14499,0.13945
-0.14316,-0.09539,0.10987
-0.15349,-0.09091,0.12623
-0.16607,-0.10238,0.11252
-0.18065,-0.09200,0.09761
-0.19699,-0.17250,0.13277
-0.21506,-0.20343,0.13657
-0.23433,-0.41481,0.19552
-0.25447,-0.42418,0.16170
-0.27541,-0.33302,0.19399
-0.29678,-0.32897,0.10847
-0.31805,-0.28122,0.14133
-0.33868,-0.38532,0.13943
-0.35838,-0.36580,0.13327
-0.37705,-0.25673,0.13856
-0.39412,-0.29718,0.15300
-0.40919,-0.26586,0.12338
-0.42225,-0.29353,0.13273
-0.43301,-0.31422,0.13007
-0.44105,-0.49720,0.16698
-0.44622,-0.17602,0.07872
-0.44855,-0.22069,0.10754
-0.44795,0.03519,0.08054
-0.44439,-0.07977,0.09876
-0.43796,-0.24153,0.10252
-0.30892,-0.35357,0.11941
-0.39277,-0.46723,0.15302
-0.47801,-0.41463,0.11256
-0.55839,-0.41183,0.14610
-0.63302,-0.49624,0.11503
-0.70003,-0.58723,0.21237
-0.61889,-0.78430,0.15737
-0.76228,-0.90618,0.13962
-0.89903,-1.05471,0.33034
-1.02222,-1.24556,0.27299
-1.12767,-1.12174,0.23533
-1.21485,-1.17888,0.26150
-1.08715,-1.35954,0.22867
-1.23009,-1.51509,0.22752
-1.35607,-1.62119,0.34297
-1.45890,-1.53058,0.28733
-1.53727,-1.53076,0.22230
-1.59354,-1.58040,0.29575
-1.62750,-1.64960,0.35807
-1.47017,-1.71060,0.20986
-1.55693,-1.75005,0.26738
-1.62154,-1.84360,0.25222
-1.66364,-1.49553,0.32768
-1.68296,-1.44079,0.25603
-1.67933,-1.43754,0.26468
-1.65269,-1.47122,0.24460
-1.46859,-1.51321,0.24434
-1.49540,-1.69548,0.27114
-1.49906,-1.45325,0.28541
-1.47946,-1.34128,0.26327
-1.43661,-1.11746,0.26186
-1.37057,-1.07440,0.15003
-1.10061,-1.16701,0.19317
-1.09421,-1.08893,0.19852
-1.07417,-1.03307,0.20116
-1.03669,-0.93219,0.17177
-0.98204,-0.83211,0.11762
-0.91167,-0.81293,0.19563
-0.63963,-0.76299,0.17741
-0.65207,-0.74179,0.27093
-0.66068,-0.71207,0.15369
-0.66066,-0.49759,0.12940
-0.65167,-0.49398,0.14201
-0.63408,-0.56564,0.12721
-0.45427,-0.69657,0.16922
-0.52626,-0.97625,0.14108
-0.59772,-0.92162,0.13067
-0.66111,-0.88355,0.19854
-0.71547,-0.80581,0.19195
-0.75917,-0.95230,0.29734
-0.67595,-0.92236,0.16932
-0.80095,-0.96507,0.16412
-0.91520,-1.06119,0.21165
-1.01449,-1.14347,0.21448
-1.09331,-1.06445,0.20941
-1.15018,-1.19296,0.24243
-1.18521,-1.30633,0.28184
-1.19699,-1.07147,0.19134
-1.18495,-0.68799,0.35489
-1.15010,-0.65520,0.33625
-1.09389,-0.14385,0.75445
-1.01816,0.61429,0.86235
-0.92383,-0.08952,0.61384
-0.81517,0.45042,0.53232
-0.69492,0.16949,0.49316
-0.56399,0.17612,0.50107
-0.42694,0.27896,0.26429
-0.28866,-0.10801,0.15269
-0.14985,-0.00397,0.33424
-0.01447,1.96097,0.61745
0.11106,2.67441,0.49527
0.22386,2.96517,0.60250
0.32109,2.59578,0.41073
0.40186,2.89904,0.43814
0.46317,2.61854,0.49562
0.50238,1.86773,0.31685
0.51870,2.41740,0.44188
0.51212,3.14215,0.39376
0.48292,2.03851,0.29025
0.43221,1.78856,0.40355
0.36171,1.34592,0.41711
0.27299,3.00569,0.63275
0.16919,1.94764,0.74343
0.05326,1.82721,0.44802
-0.07261,2.13413,0.91218
-0.20511,1.42000,0.41059
-0.33957,0.28592,0.17411
-0.47236,-0.23711,0.15246
-0.60095,-0.61679,0.21418
-0.72148,-0.27027,0.38553
-0.82908,-0.93297,0.18417
-0.92056,-0.96168,0.18669
-0.99473,-1.02573,0.16662
-1.04915,-0.99612,0.20431
-1.08076,-0.81440,0.40867
-1.08926,-0.12076,0.66952
-1.07461,-0.05242,0.77906
-1.03701,1.00889,0.89433
-0.97813,-0.99333,0.29930
-0.90000,-1.10976,0.16050
-0.80393,-1.19342,0.21727
-0.69366,-1.11950,0.23713
-0.57281,-0.94376,0.24990
-0.44297,-0.52547,0.22050
-0.30734,-0.31065,0.21790
-0.06642,0.01789,0.36769
-0.00782,0.65715,0.54820
0.03886,0.05339,0.13136
0.07564,0.09519,0.10004
0.10119,0.21542,0.12797
0.19384,0.22027,0.18045
0.11911,0.24945,0.15353
0.02812,-0.10283,0.13164
-0.07330,-0.16158,0.10224
-0.18109,-0.60469,0.28010
-0.22994,-0.97095,0.18448
-0.41553,-1.40633,0.31103
-0.59957,-1.33516,0.31024
-0.77459,-1.15109,0.20407
-0.93501,-1.47527,0.34767
-0.99413,-2.69398,0.63106
-1.18478,-1.81604,0.59555
-1.34861,-1.89782,0.37524
-1.48072,-2.28537,0.70654
-1.57843,-2.93064,0.52093
-1.52852,-3.15221,0.78252
-1.63758,-2.83492,0.59775
-1.71613,-2.58295,0.50175
-1.76385,-3.98381,0.94092
-1.78061,-4.07654,1.01465
-1.76643,-3.24694,0.60615
-1.64871,-2.47514,0.53868
-1.64722,-1.58851,0.31709
-1.61508,-1.81436,0.40789
-1.55254,-1.32958,0.26102
-1.46005,-1.52168,0.27421
-1.23517,-1.36495,0.30663
-1.15865,-1.55187,0.27590
-1.05955,-1.38724,0.25989
-0.93904,-1.25873,0.23552
-0.80093,-1.36986,0.27677
-0.64923,-0.82789,0.17079
-0.48948,-0.40608,0.16939
-0.32573,0.05303,0.11388
-0.16243,0.11247,0.13314
-0.00274,0.25416,0.15683
0.14646,0.53187,0.16133
0.28095,0.76928,0.20789
0.39800,0.88158,0.19427
0.49195,0.85078,0.22062
0.56045,0.80266,0.15530
0.54981,1.00625,0.21016
0.60156,1.03264,0.22388
0.62775,0.91455,0.18855
0.62512,0.76118,0.22173
0.59439,0.37375,0.18358
0.49242,0.66010,0.18345
0.44691,0.78460,0.18265
0.38147,0.27208,0.26162
0.29670,0.07305,0.23166
0.19356,-0.30693,0.18819
0.03885,-0.19035,0.15229
-0.05081,-0.00367,0.10201
-0.14614,0.06397,0.15251
-0.24702,0.53551,0.20334
-0.34862,1.06933,0.24821
-0.47340,1.02034,0.24412
-0.52921,1.83893,0.38379
-0.57749,1.03199,0.49934
-0.61686,-0.14476,0.40001
-0.68945,0.80293,0.15238
-0.66869,0.79604,0.16168
-0.63440,0.27041,0.27463
-0.58954,-0.26581,0.36511
-0.53579,1.38800,0.37080
-0.49723,0.02005,0.18238
-0.39127,0.11755,0.24549
-0.28238,0.03380,0.13959
-0.17466,0.60106,0.25914
-0.11722,0.64982,0.26000
0.01760,0.39055,0.19689
0.14489,0.86111,0.32175
0.25629,0.40811,0.35560
0.35054,0.71874,0.50741
0.39042,0.97633,0.51657
0.47884,0.42840,0.23646
0.54175,0.71154,0.12512
0.57773,1.16956,0.26519
0.58521,1.50257,0.30885
0.54366,1.97486,0.30998
0.53365,1.74300,0.31394
0.49784,1.42852,0.19799
0.43641,1.51559,0.21013
0.30743,-0.18155,0.24400
0.24063,-0.59217,0.16772
0.15780,-0.24787,0.17978
0.06024,0.03441,0.13304
-0.04767,0.63958,0.15524
-0.19387,0.93034,0.26994
-0.27641,1.01214,0.30412
-0.35945,0.51206,0.29197
-0.43960,-0.08422,0.12654
-0.51459,0.12085,0.08453
-0.59414,0.16155,0.19549
-0.61513,0.50761,0.57053
-0.62424,1.52149,0.54315
-0.62236,0.93751,0.80136
-0.63351,1.82434,0.49427
-0.57087,0.49418,0.72696
-0.49856,1.91339,0.43593
-0.41994,1.78230,0.31050
-0.37579,2.48857,0.40712
-0.25125,1.94670,0.30041
-0.12804,2.10223,0.42319
-0.01112,2.27007,0.42209
0.09772,1.29455,0.26678
0.17223,1.86093,0.34937
0.29062,1.33721,0.18239
0.39091,1.94697,0.42182
0.46837,1.36385,0.19641
0.51908,1.11093,0.21952
0.54146,1.03042,0.16231
0.53538,0.73162,0.13421
0.50110,0.04511,0.10475
0.44014,0.10362,0.14010
0.35441,-0.00178,0.10068
0.24678,-0.08492,0.20772
0.12167,0.07593,0.10029
-0.01781,0.27054,0.24241
-0.16830,0.03987,0.24129
-0.32546,-0.55750,0.18348
-0.48206,-0.76279,0.17652
-0.63253,-0.77264,0.18934
-0.77438,-0.95270,0.22516
-0.90286,-1.00754,0.13933
-1.01051,-1.19280,0.28271
-1.09314,-1.10841,0.21575
-1.14972,-0.98505,0.15430
-1.17723,-1.05363,0.17903
-1.17444,-1.19505,0.21024
-1.14220,-1.27372,0.21883
-1.08151,-1.23550,0.25235
-0.99521,-1.29324,0.25530
-0.76421,-1.11249,0.27612
-0.75173,-0.51947,0.22664
-0.72769,-0.41426,0.14755
-0.69014,-0.01251,0.07786
-0.63932,-0.08089,0.08793
-0.47373,-0.19017,0.14233
-0.51970,-0.67314,0.15194
-0.56207,-1.00069,0.17978
-0.59654,-0.93960,0.14327
-0.62062,-1.15751,0.25123
-0.56196,-1.42217,0.27442
-0.68276,-1.58950,0.29746
-0.79390,-1.84843,0.45127
-0.89002,-0.96585,0.16499
-0.96740,-1.06341,0.21198
-0.95388,-1.06844,0.15942
-1.09951,-1.14910,0.20927
-1.21993,-1.17227,0.24784
-1.30948,-1.37237,0.25776
-1.36438,-1.86137,0.28406
-1.29072,-1.74276,0.24335
-1.39149,-1.75397,0.26778
-1.46078,-1.64360,0.31705
-1.49485,-1.76536,0.26998
-1.49499,-1.39852,0.31561
-1.33108,-1.51138,0.22967
-1.38059,-1.39912,0.30711
-1.39722,-1.15825,0.26021
-1.38016,-1.15030,0.18359
-1.33008,-1.02526,0.20314
-1.08060,-1.36242,0.30042
-1.08843,-1.50246,0.28261
-1.07598,-2.03026,0.28926
-1.03862,-1.74904,0.44363
-0.97799,-1.79042,0.33241
-0.89641,-1.09414,0.35665
-0.72654,-1.32973,0.39800
-0.72436,-0.88448,0.21466
-0.71193,-0.89467,0.23802
-0.68665,-1.30959,0.32216
-0.64883,-1.63621,0.29852
-0.54217,-1.56313,0.34585
-0.60110,-1.24199,0.51273
-0.65233,-1.05557,0.40830
-0.69155,-0.68350,0.13209
-0.71809,-0.68041,0.13461
-0.73078,-0.50390,0.20823
-0.72873,-0.57345,0.16581
-0.71224,-0.93571,0.27981
-0.68174,-1.88140,0.69602
-0.63815,-4.68098,1.04641
-0.58363,-3.85946,0.99420
-0.52001,-3.29574,0.89403
-0.44935,-1.60049,0.41237
-0.37275,-1.86697,0.38891
-0.29413,-2.67392,0.61026
-0.21614,-2.17238,0.53440
-0.13985,-1.37929,0.35745
-0.06807,-1.20546,0.39620
-0.00490,-0.04419,0.14114
0.04764,-0.41771,0.52550
0.08891,0.36387,0.17595
0.11712,0.45590,0.17404
0.13045,0.51678,0.13595
0.12870,0.13307,0.12317
0.11210,-0.07162,0.14248
0.08106,-0.79566,0.20062
0.03711,-1.22377,0.27578
-0.01819,-1.15273,0.31852
-0.08391,-4.22379,0.88641
-0.15785,-3.63416,0.70848
-0.23619,-4.22057,0.84719
-0.31635,-3.68027,0.85254
-0.39713,-4.28481,1.06140
-0.47563,-0.35766,2.53856
-0.54740,-4.33209,1.21189
-0.61003,-2.34669,1.45381
-0.66261,-2.05014,0.73219
-0.70189,-0.65224,0.56388
-0.72653,-0.96651,0.20166
-0.73634,-0.81012,0.20745
-0.73072,-0.77745,0.15949
-0.70975,-0.73691,0.13771
-0.67397,-0.79049,0.15115
-0.62453,-0.63860,0.16735
-0.56309,-0.51974,0.13765
-0.49280,-0.25626,0.15387
-0.41603,-0.11259,0.11887
-0.33402,-0.06011,0.11889
-0.24962,-0.14353,0.14830
-0.14718,-0.05784,0.11921
-0.15964,0.01022,0.10003
-0.17876,-0.05807,0.11620
-0.20254,-0.13954,0.12129
-0.17642,-0.18975,0.10980
-0.29580,-0.36639,0.13057
-0.41899,-0.41836,0.11765
-0.53981,-0.72021,0.14306
-0.54759,-0.92317,0.13218
-0.73502,-1.07949,0.23978
-0.91261,-1.12018,0.21574
-1.07070,-1.08732,0.20986
-1.20103,-1.29291,0.26752
-1.19870,-1.37906,0.32570
-1.34853,-1.49144,0.28200
-1.46680,-1.49006,0.29617
-1.54605,-1.47705,0.29923
-1.58907,-1.45661,0.27419
-1.49275,-1.66663,0.30931
-1.55216,-1.56527,0.32488
-1.57639,-1.60129,0.30457
-1.56556,-1.41288,0.18257
-1.51996,-1.38296,0.22887
-1.33093,-1.38644,0.28335
-1.30318,-1.32668,0.27062
-1.24245,-1.19035,0.23712
-1.15025,-0.89111,0.18503
-1.03099,-0.67584,0.17306
-0.77648,-0.55274,0.23718
-0.70149,-0.31876,0.18470
-0.61590,-0.33859,0.19785
-0.51981,-0.26868,0.18443
-0.41650,-0.32556,0.21329
-0.21579,-0.17273,0.14645
-0.19094,-0.36195,0.20860
-0.17253,-0.24504,0.14729
-0.15923,-0.00249,0.13421
-0.15053,-0.08164,0.10487
-0.14679,0.24213,0.14353
-0.14839,0.40774,0.23992
-0.15531,0.57005,0.20611
-0.16740,0.48099,0.21096
-0.18437,0.69293,0.23416
-0.20550,0.35494,0.18129
-0.22999,0.29334,0.25370
-0.25738,0.04713,0.15981
-0.28652,-0.20135,0.15527
-0.31622,-0.18498,0.14527
-0.34521,-0.04128,0.11169
-0.37255,0.19546,0.15478
-0.39754,-0.25837,0.21139
-0.41894,-0.40721,0.17200
-0.43604,-0.26091,0.17497
-0.44840,-0.08865,0.12886
-0.45549,-0.09362,0.16037
-0.45693,-0.39706,0.16799
-0.45274,-0.26101,0.10534
-0.44301,0.01459,0.11816
-0.42805,-0.07984,0.15978
-0.40852,-0.13693,0.11115
-0.38510,-0.10450,0.13445
-0.35838,0.61654,0.20678
-0.32914,0.81017,0.19843
-0.29889,1.41489,0.23116
-0.26873,1.09654,0.22042
-0.23916,0.48644,0.25786
-0.21154,0.33233,0.16450
-0.18728,0.34417,0.20620
-0.16717,0.66898,0.21411
-0.15158,1.20903,0.30390
-0.14120,0.88340,0.15337
-0.13674,1.10543,0.24903
-0.13832,0.65214,0.23308
-0.14588,1.10792,0.21387
-0.15926,1.46835,0.28626
-0.17780,1.36438,0.35872
-0.20082,2.16082,0.42794
-0.22792,0.81043,0.34557
-0.25813,0.82218,0.24958
-0.28983,0.55885,0.22259
-0.32187,0.58320,0.20734
-0.34181,0.38009,0.22256
-0.39648,0.13577,0.22257
-0.44853,-0.11965,0.14102
-0.49485,-0.22379,0.17602
-0.53463,-0.19844,0.14401
-0.56621,-0.50118,0.15837
-0.58813,-0.53076,0.10055
-0.59899,-0.33272,0.13452
-0.59849,-0.02657,0.14739
-0.58675,0.49250,0.44078
-0.56400,-0.12821,0.34831
-0.53139,1.06462,0.66751
-0.49016,1.29992,0.57536
-0.44105,2.52695,0.40443
-0.38671,1.65008,0.45172
-0.32917,2.06147,0.42210
-0.26946,2.14603,0.43989
-0.20981,1.92924,0.42524
-0.15367,1.41291,0.33788
-0.10212,0.72309,0.24205
-0.05719,0.33052,0.19832
-0.02127,-0.11535,0.30645
0.00375,-0.18018,0.18873
0.01757,0.10536,0.17741
0.01947,0.20672,0.19309
0.00908,0.29672,0.23177
-0.01311,0.11347,0.11282
-0.04661,0.14524,0.16008
-0.09030,0.10368,0.13318
-0.14228,-0.01477,0.12994
-0.20009,0.01183,0.10080
-0.26272,0.07677,0.17869
-0.32791,-0.00920,0.18288
-0.39262,-0.17023,0.20791
-0.45429,-0.43691,0.17285
-0.51107,-0.37858,0.17149
-0.56069,-0.44612,0.31665
-0.60095,-0.46681,0.17356
-0.62975,-0.66009,0.21671
-0.64586,-0.72691,0.20627
-0.64877,-0.31146,0.66946
-0.63820,-0.46571,0.19816
-0.61445,0.09768,0.21141
-0.57839,0.42782,0.24510
-0.53135,-1.11368,0.26533
-0.47928,-0.51372,0.13594
-0.33503,-0.66708,0.14801
-0.38286,-0.24058,0.14368
-0.43861,0.02717,0.18111
-0.42844,-0.08467,0.22151
-0.34724,0.20438,0.56996
-0.26992,0.01817,0.14996
-0.18976,0.12133,0.16970
-0.11192,0.37515,0.19932
-0.04049,0.89725,0.29813
0.02131,1.16906,0.21149
0.07154,1.61233,0.21055
0.10802,0.72944,0.19042
0.12897,0.40461,0.16947
0.13319,0.37679,0.26749
0.12048,0.42663,0.15841
0.09121,0.30626,0.17185
0.04656,0.36741,0.16802
-0.01175,0.15357,0.17435
-0.08157,0.12859,0.10913
-0.16087,0.37084,0.23909
-0.24686,0.12327,0.12223
-0.33565,-0.17176,0.13784
-0.42379,-0.56256,0.23632
-0.50869,-0.65818,0.14640
-0.58703,-0.71752,0.15260
-0.65470,-0.70860,0.17163
-0.70880,-0.69634,0.16387
-0.74764,-0.82274,0.15973
-0.76945,-0.77726,0.14085
-0.77285,-0.73036,0.12831
-0.75768,-0.79040,0.15525
-0.72456,-0.71010,0.13396
-0.67427,-0.47586,0.13361
-0.60905,-0.59637,0.14460
-0.53162,-0.31778,0.17522
-0.44366,-0.35455,0.19325
-0.34789,-0.27758,0.14162
-0.24926,-0.26921,0.15103
-0.15194,-0.26008,0.17210
-0.05803,-0.17828,0.10616
0.02771,0.06595,0.11856
0.10005,-0.05352,0.12356
0.15740,0.12255,0.13032
0.19716,0.32193,0.16158
0.21711,0.52670,0.18384
0.21676,0.52519,0.10691
0.19630,0.27038,0.15225
0.15643,0.12704,0.11649
0.11954,-0.11706,0.12717
-0.07870,-0.33561,0.11245
-0.28821,-0.45458,0.18931
-0.49961,-0.51295,0.25301
-0.59772,-0.76727,0.22741
-0.90245,-0.99021,0.23932
-1.19219,-1.22599,0.19654
-1.45256,-1.29181,0.24903
-1.67253,-1.76867,0.32688
-1.66482,-1.91585,0.18028
-1.92461,-2.04570,0.19735
-2.15118,-2.25031,0.27045
-2.34340,-2.36187,0.37054
-2.50034,-2.66057,0.22863
-2.62133,-2.70305,0.35816
-2.51546,-2.57259,0.44675
-2.68521,-2.75440,0.41903
-2.81995,-2.96856,0.63275
-2.91915,-3.18234,0.48937
-2.98250,-3.20585,0.60008
-3.00987,-2.92584,0.29653
-2.79772,-3.20000,0.53195
-2.87699,-3.25412,0.48049
-2.92093,-2.59376,0.44151
-2.92956,-2.39511,0.50626
-2.90307,-1.44330,0.94423
-2.84189,-2.16602,0.53381
-2.52943,-2.57123,0.54415
-2.52101,-2.29024,0.92467
-2.47821,-2.63704,0.44422
-2.40149,-2.58604,0.40840
-2.29152,-2.52298,0.44448
-2.14914,-2.13658,0.36426
-1.75756,-2.30973,0.38467
-1.66679,-1.81815,0.29081
-1.54355,-1.49314,0.32988
-1.38877,-1.01149,0.20728
-1.20348,-0.89379,0.16850
-0.99221,-0.78559,0.16193
-0.56994,-0.72465,0.25443
-0.43304,-0.01887,0.16496
-0.29921,0.23669,0.14815
-0.16725,0.08481,0.17405
-0.03787,0.46134,0.16229
0.08434,0.32146,0.15697
0.24406,0.19336,0.14151
0.21604,0.38129,0.15876
0.16734,0.15200,0.13041
0.10240,-0.07386,0.15947
0.02494,0.09452,0.13179
-0.06254,-0.01106,0.08127
-0.15883,0.18292,0.13017
-0.25911,0.32217,0.23491
-0.36103,-0.06239,0.22254
-0.46207,-0.81543,0.26009
-0.55876,-0.67974,0.16044
-0.64677,-0.73519,0.18293
-0.72297,-0.55701,0.17935
-0.78538,-0.42867,0.14835
-0.83166,-0.36549,0.20350
-0.85950,0.93584,0.92498
-0.86799,1.17183,0.65297
-0.85708,0.76866,0.68395
-0.82704,1.33831,0.34926
-0.77880,1.20993,0.37685
-0.71436,1.11989,0.28806
-0.63544,1.40389,0.33610
-0.54449,1.78535,0.29898
-0.44521,2.07163,0.31696
-0.34091,2.69455,0.45538
-0.23408,1.92787,0.42992
-0.12822,3.80806,0.80803
-0.02797,2.36928,0.56877
0.06305,4.96275,0.75392
0.14166,3.65806,0.51743
0.20562,2.87627,0.34328
0.25191,2.63252,0.36520
0.27871,2.76915,0.46393
0.28564,3.70201,0.60747
0.27224,4.34106,0.85346
0.23881,1.73969,0.31512
0.18670,2.81941,0.35410
0.11703,1.00845,0.27626
0.03279,1.74804,0.32948
-0.06278,0.93733,0.42901
-0.16669,0.36388,0.44084
-0.27686,0.09865,0.69134
-0.38863,-0.42950,0.38518
-0.49746,-0.40077,0.50085
-0.59983,-0.88248,0.23034
-0.69351,-0.89513,0.18668
-0.77520,-0.99563,0.28416
-0.84000,-0.69448,0.60116
-0.88625,-0.80199,0.70573
-0.86967,-0.85954,0.75087
-0.95469,-1.02453,0.53972
-1.01874,-0.69141,0.32989
-1.05843,-1.02285,0.27185
-0.96961,-1.10851,0.20750
-1.03743,-1.45400,0.33465
-1.08275,-1.50544,0.34057
-1.10141,-1.11868,0.22007
-1.09230,-1.90152,0.43411
-0.97160,-2.73180,0.63329
-0.98975,-0.68921,0.17815
-0.98741,-1.20482,0.31185
-0.96136,-0.97408,0.21505
-0.91227,-0.87192,0.23488
-0.77985,-1.30557,0.28074
-0.77191,-1.32607,0.29876
-0.75015,-1.65539,0.36025
-0.71303,-0.48220,0.19557
-0.66171,-0.87986,0.25395
-0.56366,-0.40065,0.16929
-0.57051,-1.08775,0.45212
-0.56948,-0.71046,0.35821
-0.55897,-0.94755,0.18099
-0.46157,-0.88451,0.23575
-0.51591,-0.64552,0.15376
-0.56458,-1.41284,0.34763
-0.60420,-1.08130,0.22384
-0.63302,-1.00009,0.17680
-0.60837,-0.95668,0.19044
-0.69389,-0.89761,0.18806
-0.76764,-1.01927,0.19071
-0.82401,-1.10734,0.17446
-0.86115,-1.28930,0.25273
-0.87834,-1.31364,0.25509
-0.87480,-1.22955,0.28500
-0.85067,-1.18954,0.21191
-0.80715,-1.73318,0.38495
-0.74598,-1.23579,0.21071
-0.66831,-1.22965,0.29646
-0.57684,-1.05203,0.42807
-0.47633,-0.86724,0.27356
-0.39709,-0.48674,0.22355
-0.24760,-0.36373,0.40956
-0.09809,0.32445,0.20106
0.04352,0.02766,0.25399
0.12684,0.85798,0.43754
0.28032,0.55591,0.28784
0.41652,0.34156,0.18949
0.52555,0.33245,0.16954
0.60392,0.82008,0.20770
0.62470,0.89537,0.21473
0.67831,0.54967,0.19885
0.69909,0.89023,0.16310
0.68505,1.51440,0.32630
0.59083,2.38705,0.30212
0.55209,2.52740,0.46509
0.48624,2.47508,0.31854
0.39328,1.69071,0.29792
0.27646,0.78680,0.17159
0.11370,0.79704,0.12996
0.00475,0.61858,0.20389
-0.11482,0.10998,0.18661
-0.24194,-0.13895,0.14067
-0.41698,-0.31263,0.17246
-0.50164,-0.38259,0.23176
-0.57942,-0.12904,0.31668
-0.64829,-0.32823,0.45211
-0.70545,-0.79439,0.30516
-0.76535,-0.33935,0.75864
-0.75149,-0.74383,0.34740
-0.72039,-0.90876,0.29072
-0.67392,-0.87828,0.20091
-0.64111,-0.68686,0.21665
-0.53084,-0.75008,0.20687
-0.41210,-0.24763,0.17637
-0.28774,0.02504,0.17441
-0.20591,1.17495,0.31674
-0.04797,2.10830,0.33922
0.10471,1.96393,0.37415
0.24520,1.88815,0.31239
0.36485,1.41578,0.28527
0.43660,1.12149,0.21027
0.54413,0.32920,0.27546
0.62427,0.08201,0.14078
0.67153,-0.00266,0.16154
0.64117,1.14905,0.39345
0.65989,2.28307,0.29785
0.64720,2.20278,0.28947
0.60214,1.94940,0.25620
0.52654,1.07983,0.14177
0.39860,1.26359,0.19135
0.30927,1.32136,0.26546
0.20102,0.95902,0.59757
0.07643,0.01934,0.27604
-0.10757,1.56636,0.37057
-0.21473,0.55386,0.55183
-0.32351,0.39436,0.26598
-0.43260,2.33963,0.46095
-0.53848,1.50945,0.68945
-0.65965,-0.43140,0.24460
-0.70654,-0.76416,0.20434
-0.73779,0.19255,0.46871
-0.75375,0.60502,0.49882
-0.78478,0.08073,0.21002
-0.72791,-0.23842,0.13666
-0.65422,-0.17767,0.16168
-0.56793,0.15122,0.22534
-0.47220,0.95199,0.15072
-0.36888,0.47017,0.15400
-0.26235,0.26147,0.15287
-0.15697,0.04015,0.10096
-0.05461,-0.02957,0.11786
0.04135,-0.05814,0.09902
0.12626,0.03316,0.06921
0.19574,0.06426,0.10233
0.24845,-0.00218,0.14269
0.28248,-0.10621,0.17433
0.29545,-0.18553,0.19771
0.28683,-0.28660,0.18179
0.25710,-0.06404,0.15388
0.20707,-0.06700,0.14048
0.13900,0.07991,0.10455
0.05454,-0.01082,0.15659
-0.04395,-0.06722,0.22359
-0.15179,0.10413,0.43592
-0.26386,-0.46386,0.24378
-0.37683,-0.74254,0.19600
-0.48798,-0.67005,0.18787
-0.59193,-0.88184,0.24010
-0.54028,0.00517,0.80524
-0.73869,-0.39666,0.92181
-0.92693,0.14348,0.81643
-1.09397,-0.10147,0.15360
-1.23107,-0.80679,0.47265
-1.17317,-1.25136,0.61429
-1.35943,-2.38143,0.66098
-1.51315,-2.15860,0.41305
-1.62909,-2.55278,0.58961
-1.71001,-3.16635,0.56437
-1.75583,-2.87751,0.40383
-1.67295,-3.57571,0.73802
-1.76659,-2.55836,0.46515
-1.82574,-2.84033,0.57339
-1.85029,-2.25174,0.31734
-1.84032,-1.94201,0.28917
-1.64614,-1.56752,0.22068
-1.68505,-1.52259,0.30782
-1.68989,-1.38600,0.26337
-1.66086,-1.31473,0.21840
-1.59830,-1.40464,0.28186
-1.50278,-1.32297,0.30860
-1.28746,-1.26628,0.30147
-1.24261,-1.04136,0.16658
-1.16916,-0.97297,0.23094
-1.06784,-0.82998,0.20532
-0.94215,-0.82606,0.29704
-0.67731,-0.10062,0.55664
-0.63415,0.14030,0.63513
-0.58433,0.04990,0.41177
-0.52481,-0.35593,0.26324
-0.45727,-0.36008,0.40278
-0.28544,-1.28788,0.47891
-0.33068,-1.52240,0.48547
-0.37841,-0.92594,0.83448
-0.42330,-1.39548,0.64523
-0.46372,-1.90938,0.47134
-0.43474,-0.85562,0.24680
-0.57988,-1.33916,0.35161
-0.71746,-0.81050,0.20288
-0.84044,-1.09724,0.25394
-0.94438,-1.50829,0.30055
-0.95897,-1.55899,0.53231
-1.13238,-0.97251,0.81066
-1.27973,-1.41749,0.42630
-1.39646,-1.12507,0.47137
-1.47774,-2.04552,0.36344
-1.52318,-1.80433,0.33843
-1.53481,-2.44021,0.41402
-1.51300,-2.41378,0.52857
-1.45808,-2.80704,0.66071
-1.37051,-4.38727,0.86725
-1.25099,-5.11828,1.38805
-1.10109,-4.15521,0.90956
-0.92668,-2.21328,0.58932
-0.73355,-1.71380,0.39924
-0.52849,-1.55143,0.34576
-0.31726,-2.63732,0.64652
-0.10403,0.09526,0.44782
0.10343,0.09351,0.22954
0.29837,0.45218,0.17230
0.47613,0.97288,0.14905
0.63030,1.12247,0.17388
0.75497,1.15494,0.19442
0.84454,1.05942,0.14428
0.89822,0.79477,0.17447
0.91912,0.88090,0.15132
0.90746,0.76455,0.19377
0.86344,0.41122,0.17943
0.78748,0.14710,0.12229
0.68013,-0.81583,0.34676
0.54323,-1.24242,0.39847
0.38176,-0.46580,0.37516
0.20024,-4.19448,0.81382
0.00380,-3.93666,0.81594
-0.20065,-6.32725,1.24745
-0.40562,-6.09633,1.46076
-0.60795,-8.27144,1.55866
-0.79920,-5.47565,1.15008
-0.97372,-4.89490,1.11487
-1.12588,-4.26867,0.96337
-1.25369,-3.15194,1.08928
-1.34916,-2.73835,0.72091
-1.40999,-1.94312,0.42879
-1.43702,-1.29847,0.26883
-1.43195,-1.11694,0.14480
-1.39505,-1.46852,0.27616
-1.32669,-1.20241,0.23998
-1.22757,-1.07558,0.22835
-1.10186,-0.94263,0.19998
-0.95443,-0.76697,0.16008
-0.78731,-0.66011,0.20310
-0.60557,-0.36820,0.16632
-0.41735,-0.16005,0.15798
-0.22746,0.08307,0.11078
0.03741,0.37880,0.16331
0.14084,0.54868,0.18440
0.22575,0.48933,0.23907
0.29265,0.59805,0.14170
0.34138,0.57295,0.16297
0.40728,0.27691,0.15167
0.32907,0.31674,0.13448
0.23012,0.07246,0.07823
0.11400,0.09041,0.08357
0.07231,-0.26976,0.11354
-0.14356,-0.61551,0.10500
-0.36433,-0.74863,0.11860
-0.58554,-0.85121,0.15548
-0.80013,-0.87997,0.23444
-0.87841,-1.05510,0.39691
-1.12899,-0.68610,0.94482
-1.36103,-0.73863,1.11091
-1.56274,-0.93637,0.85643
-1.72846,-0.65219,1.14265
-1.86302,-0.70898,1.31808
-1.86525,-1.64175,0.82200
-2.01757,-1.81944,0.47901
-2.13942,-2.06281,0.32935
-2.23027,-1.98354,0.33619
-2.28979,-1.80203,0.66533
-2.31777,-2.18508,0.35634
-2.23766,-2.01133,0.40080
-2.28510,-2.14130,0.46197
-2.30124,-2.03310,0.36869
-2.28609,-2.06973,0.33014
-2.23987,-2.09692,0.65497
-2.03046,-1.92984,0.22880
-2.00418,-1.85450,0.30513
-1.94716,-1.61942,0.41364
-1.85980,-1.06814,0.52719
-1.74266,-1.20987,0.27018
-1.59646,-1.09882,0.25671
-1.31403,-0.66263,0.52273
-1.18789,-0.88862,0.25850
-1.03784,-0.84209,0.19924
-0.86682,-0.66202,0.23462
-0.67993,-0.45561,0.13900
-0.48234,0.22206,0.15092
-0.28054,0.36185,0.15166
-0.08172,0.63337,0.19458
0.11275,0.85629,0.31828
0.29657,2.47926,0.39329
0.45997,3.14300,0.50395
0.59869,3.03657,0.52635
0.71163,2.72345,0.47251
0.79412,2.79307,0.42924
0.84352,2.47835,0.40284
0.86081,1.96113,0.26579
0.84729,0.84570,0.19568
0.80325,0.80134,0.16117
0.72900,1.04435,0.19472
0.62565,1.00996,0.21727
0.49495,0.52805,0.15744
0.34201,0.21163,0.14491
0.17383,0.06640,0.08127
-0.00541,-0.13764,0.12088
-0.19401,-0.42728,0.13615
-0.38657,-0.71981,0.18000
-0.57748,-1.01587,0.21467
-0.75980,-1.05720,0.22254
-0.92951,-1.07902,0.22353
-1.08126,-1.21592,0.23168
-1.20835,-1.21431,0.22710
-1.30686,-1.32256,0.31808
-1.37496,-1.22318,0.22484
-1.41062,-1.24419,0.22227
-1.41406,-1.19126,0.19435
-1.38672,-1.15045,0.26287
-1.32898,-1.04402,0.19898
-1.24144,-0.77974,0.22665
-1.12691,0.01877,0.40445
-0.98983,-0.70812,0.14922
-0.83428,-0.02564,0.12792
-0.66349,0.28953,0.17184
-0.48205,1.05483,0.14608
-0.29622,1.72613,0.25911
-0.11106,1.40183,0.20830
0.06984,2.09876,0.31545
0.24105,2.26677,0.27290
0.39683,2.88209,0.42839
0.53201,2.45110,0.37873
0.64202,3.49105,0.59992
0.72220,2.91236,0.44662
0.77038,3.57615,0.53584
0.78600,4.32926,0.93126
0.77003,2.97486,0.40926
0.72342,2.69494,0.40548
0.67021,1.87448,0.26604
0.54413,1.33392,0.20678
0.39267,0.88693,0.21993
0.22290,0.04380,0.11010
0.04007,-0.11237,0.10137
-0.15366,-0.29342,0.20025
-0.35371,-0.53868,0.12261
-0.55163,-0.72797,0.15287
-0.74144,-0.80012,0.15573
-0.92076,-0.84691,0.19407
-1.08402,-1.12109,0.29342
-1.22247,-1.30822,0.27813
-1.33148,-1.27774,0.26637
-1.40841,-1.22425,0.28947
-1.45249,-1.18820,0.27860
-1.46519,-1.33265,0.23268
-1.44708,-1.52946,0.25989
-1.39846,-1.27069,0.22735
-1.31970,-1.52773,0.41948
-1.21183,-0.48621,1.03228
-1.07663,0.14698,1.03745
-0.91881,0.88140,0.45390
-0.74310,1.11366,0.64878
-0.55778,1.57520,0.32550
-0.36765,1.63684,0.26743
-0.17543,1.37461,0.27120
0.01314,0.81066,0.18026
0.19060,0.63022,0.18572
0.35214,0.77004,0.19369
0.49451,0.96256,0.14871
0.61239,1.18954,0.27560
0.70055,0.92638,0.23393
0.75723,1.34255,0.21893
0.78204,1.22625,0.17087
0.77489,1.02671,0.13687
0.73712,0.81809,0.10224
0.66936,0.85018,0.15017
0.57360,0.91923,0.13916
0.45449,0.68944,0.22964
0.31561,0.22962,0.15319
0.15870,0.19843,0.13131
-0.01156,-0.10106,0.17062
-0.18914,-0.58042,0.17331
-0.36760,-0.69211,0.20602
-0.54564,-0.92325,0.15252
-0.71775,-1.09679,0.17097
-0.87508,-1.41109,0.30734
-1.01339,-1.49469,0.27471
-1.13143,-1.50432,0.25844
-1.22444,-1.72369,0.41946
-1.28705,-1.52338,0.32532
-1.31849,-1.13100,0.24386
-1.31935,-1.16682,0.43873
-1.28950,-1.68404,0.37161
-1.06405,-1.38838,0.25393
-1.08371,-0.77886,0.41618
-1.08406,-0.40503,0.55921
-1.06794,-0.71599,0.46576
-1.01847,0.05305,0.69065
-0.81786,-0.19257,0.29208
-0.63591,-0.11081,0.13187
-0.44584,0.28470,0.23343
-0.24836,0.53794,0.19023
-0.05475,0.97618,0.21182
0.13340,1.38058,0.43993
0.31005,1.98481,0.43620
0.46906,2.48857,0.37380
0.60187,2.39754,0.29952
0.70526,2.34471,0.28292
0.77875,2.28594,0.36874
0.81905,1.63553,0.30021
0.82679,1.43230,0.24111
0.80346,1.16543,0.23789
0.74936,1.32516,0.19877
0.66496,0.94955,0.15903
0.55301,0.72094,0.18182
0.41626,0.61453,0.18571
0.26137,0.55278,0.19267
0.09264,0.01371,0.10097
-0.08825,-0.24875,0.16214
-0.27602,-0.62039,0.15782
-0.46216,-0.86831,0.15743
-0.64193,-1.03484,0.17521
-0.81351,-1.20403,0.23774
-0.97078,-1.26030,0.16809
-1.10810,-1.32588,0.22503
-1.22079,-1.41765,0.25457
-1.30504,-1.31911,0.28718
-1.35810,-1.39532,0.27931
-1.37807,-1.35281,0.26200
-1.36556,-1.21580,0.25810
-1.32208,-1.25956,0.16484
-1.24831,-1.14607,0.23967
-1.14710,-0.89538,0.19268
-1.02217,-0.71665,0.12891
-0.87644,-0.57094,0.15767
-0.71510,-0.39415,0.17110
-0.54279,-0.25953,0.15531
-0.36190,-0.04668,0.15397
-0.17685,-0.05650,0.09352
0.00416,-0.01260,0.08914
0.17547,0.06189,0.08875
0.33474,0.22299,0.17298
0.47444,0.17599,0.19425
0.58917,1.00847,0.25008
0.67765,1.29260,0.27483
0.73684,0.79503,0.19942
0.76413,0.92990,0.13504
0.75848,0.97450,0.18250
0.72107,0.69258,0.12934
0.77676,0.28552,0.11495
0.57185,0.19154,0.17997
0.34252,-0.11054,0.09238
0.09501,-0.29841,0.11535
-0.16457,-0.52757,0.16525
-0.25330,-0.75702,0.21746
-0.59592,-0.90059,0.24891
-0.93844,-0.91568,0.17647
-1.26682,-1.43234,0.23394
-1.56763,-1.68812,0.31242
-1.84039,-2.11394,0.62513
-2.08654,-2.20203,0.45837
-2.07930,-2.32679,0.47230
-2.36636,-2.53793,0.51927
-2.62995,-2.84959,0.45633
-2.86876,-2.82860,0.37053
-3.08167,-3.28386,0.47984
-3.26765,-3.31466,0.44629
-3.42586,-3.49743,0.52974
-3.55555,-3.77719,0.56002
-3.47025,-3.93706,0.53562
-3.64946,-3.81574,0.55268
-3.80093,-3.76863,0.71934
-3.92398,-3.65095,0.59482
-4.01807,-4.22369,0.63164
-4.08278,-4.18846,0.53483
-4.11790,-4.02562,0.54007
-3.88295,-4.52952,0.77626
-3.97101,-4.07299,0.76015
-4.02984,-4.14096,0.68608
-4.05923,-4.10229,0.67574
-4.05912,-3.89142,0.55333
-4.02958,-3.52507,0.85371
-3.97082,-4.31506,0.77383
-3.59730,-4.19934,0.82397
-3.59210,-3.81671,0.60778
-3.55766,-3.67868,0.48237
-3.49422,-3.35996,0.53121
-3.40218,-3.27874,0.47699
-3.28204,-2.97853,0.45217
-3.13445,-2.84285,0.49115
-2.96020,-3.20339,0.63704
-2.55337,-2.50165,0.49988
-2.42938,-2.68868,0.51048
-2.27818,-2.53678,0.41453
-2.10058,-1.94527,0.39052
-1.89751,-1.59653,0.35349
-1.66999,-1.36110,0.20073
-1.41919,-0.99466,0.17543
-0.93461,-1.03523,0.26374
-0.73434,-0.12493,0.15489
-0.52995,0.17736,0.18519
-0.32213,0.40634,0.15582
-0.11229,0.53074,0.15188
0.09364,0.73242,0.13138
0.28604,0.60751,0.17782
0.54481,0.69200,0.12257
0.59196,0.67811,0.12304
0.60749,0.64810,0.13412
0.59614,0.51810,0.10562
0.55950,0.38516,0.16387
0.49843,0.35630,0.15878
0.41597,0.63253,0.16702
0.31470,0.66207,0.16577
0.19582,0.61661,0.18035
0.06291,0.13145,0.13724
-0.07812,-0.34681,0.11717
-0.22602,-0.49447,0.15966
-0.37675,-0.58291,0.14134
-0.52472,-0.67418,0.14049
-0.66422,-0.72697,0.15880
-0.79184,-0.67573,0.15300
-0.90377,-0.27802,0.26069
-0.99876,-0.55016,0.29943
-1.07125,-0.98962,0.19759
-1.11954,1.78932,0.45044
-1.14368,1.31987,0.58259
-1.14211,0.41576,0.55772
-1.11547,0.16011,0.43751
-1.06514,1.50422,0.33126
-0.99211,1.61202,0.32196
-0.89872,2.14423,0.27042
-0.78944,2.41611,0.50136
-0.66730,1.79614,0.34931
-0.53364,1.90545,0.35923
-0.39247,3.18506,0.56281
-0.24800,3.18675,0.67943
-0.10683,4.75151,0.77909
0.02978,4.38419,0.61225
0.15739,3.98512,0.55942
0.27154,3.88768,0.60237
0.36842,3.43362,0.58279
0.44285,4.68374,0.62988
0.49472,4.13386,0.84260
0.52106,4.64983,0.84559
0.52161,2.68629,0.54256
0.49700,3.42408,0.64819
0.44796,2.88221,0.50043
0.37608,2.28616,0.48986
0.28424,1.82787,0.51333
0.17466,1.12338,0.60958
0.05049,0.37059,0.32300
-0.08368,0.38717,0.50012
-0.22392,-0.11820,0.71309
-0.36732,-0.61219,0.34910
-0.50972,-0.88291,0.25236
-0.64541,-0.90577,0.25725
-0.77006,-1.22666,0.33534
-0.88078,-1.17386,0.88779
-0.90639,-1.54981,0.74439
-1.05137,-1.17332,0.63312
-1.17650,-0.71295,0.27379
-1.27465,-0.42829,0.25967
-1.34108,-1.18830,0.33039
-1.29342,-1.86360,0.41204
-1.36878,-2.69015,0.45420
-1.41488,-2.56481,0.33685
-1.42808,-1.33911,0.30908
-1.40956,-2.33638,0.48644
-1.26357,-2.39444,0.42545
-1.25748,-1.48180,0.26486
-1.22466,-1.08602,0.21070
-1.16423,-0.82034,0.22397
-1.07739,-1.05410,0.19333
-0.85863,-1.23168,0.21905
-0.80555,-0.79089,0.23507
-0.74017,-0.53707,0.16832
-0.66080,-0.71073,0.20944
-0.57055,-0.33463,0.31521
-0.47121,-0.21600,0.17271
-0.33267,-0.25108,0.11685
-0.29831,-0.89172,0.23931
-0.26592,-0.63907,0.19670
-0.23516,-0.88670,0.20232
-0.12111,-0.56031,0.17013
-0.17182,-0.57611,0.13604
-0.22956,-1.60458,0.34039
-0.29073,-0.61180,0.24127
-0.35327,-1.05611,0.23835
-0.35282,-0.82159,0.21063
-0.48609,-0.80673,0.12850
-0.61582,-0.88592,0.15079
-0.73561,-0.94754,0.25676
-0.84118,-1.19794,0.20012
-0.92780,-1.29123,0.27539
-0.99401,-1.66444,0.32867
-1.03732,-1.35277,0.30758
-1.05628,-1.73710,0.43903
-1.05025,-1.87958,0.32867
-1.01998,-2.25260,0.39774
-0.96658,-2.08328,0.48255
-0.89254,-1.73675,0.29339
-0.80040,-1.26532,0.26261
-0.71720,-0.93396,0.25217
-0.56021,-0.86812,0.27396
-0.39557,-0.17919,0.22698
-0.22897,0.51812,0.65447
-0.06390,0.78540,0.36526
0.07907,0.49562,0.36609
0.25951,0.35265,0.16712
0.42154,0.25751,0.12881
0.56079,0.45827,0.17667
0.62595,0.80460,0.18724
0.74237,0.60789,0.24977
0.82517,0.98242,0.44897
0.87317,1.76431,0.41278
0.88799,2.26725,0.50503
0.83412,3.07384,0.54859
0.82177,3.16641,0.37267
0.77698,3.27377,0.44645
0.70016,2.00894,0.24231
0.59326,1.29094,0.29535
0.43021,1.38604,0.23085
0.30918,1.32617,0.25525
0.17294,0.10873,0.14124
0.02416,0.00646,0.10307
-0.13566,-0.07186,0.17882
-0.32462,-0.32477,0.21211
-0.45173,-0.49337,0.26851
-0.57215,-0.53533,0.20030
-0.68531,-0.60030,0.35461
-0.83121,-0.93635,0.33513
-0.87605,-1.01457,0.19169
-0.90099,-1.12223,0.17962
-0.90633,-1.12968,0.25276
-0.89166,-1.20309,0.22700
-0.87750,-1.15760,0.33223
-0.78698,-1.00312,0.27442
-0.68000,-0.67731,0.17319
-0.56204,-0.18881,0.15088
-0.47373,0.70985,0.26206
-0.30402,0.85076,0.28803
-0.13169,1.77507,0.28357
0.03383,1.69736,0.24597
0.18744,0.96007,0.19956
0.29612,1.19453,0.24864
0.45167,0.85283,0.31902
0.58229,0.00647,0.09919
0.68290,-0.05427,0.09579
0.75241,1.85398,0.62422
0.76561,2.26122,0.33042
0.80374,1.65127,0.20556
0.80886,1.95923,0.30266
0.78121,1.68130,0.22262
0.67229,1.73171,0.27337
0.62010,1.70453,0.23145
0.54100,1.64921,0.22235
0.43557,1.61197,0.50300
0.30918,1.15419,0.44078
0.12497,1.31373,0.24897
0.00636,0.56269,0.38060
-0.12170,0.48120,0.28993
-0.25628,2.30635,0.54065
-0.39085,0.69537,0.44033
-0.55074,-0.60511,0.24233
-0.63802,-0.76304,0.23312
-0.71215,-0.59838,0.23004
-0.77184,-0.16448,0.38834
-0.86063,-0.37368,0.31903
-0.84851,-0.51159,0.16859
-0.81677,-0.32968,0.21368
-0.76754,-0.21211,0.17790
-0.70265,-0.13182,0.15570
-0.62419,-0.22898,0.20992
-0.53599,0.02817,0.16232
-0.44080,-0.11409,0.16479
-0.33985,-0.41090,0.19951
-0.23651,-0.37704,0.18590
-0.13513,-0.19100,0.14164
-0.03911,-0.06389,0.17221
0.04914,0.06996,0.15959
0.12646,-0.06407,0.15374
0.18919,-0.19581,0.18483
0.23511,-0.22286,0.17220
0.26278,-0.05770,0.12484
0.27149,-0.14242,0.17274
0.26082,-0.16067,0.16471
0.23110,0.06768,0.30357
0.18344,0.05693,0.30185
0.11955,0.21164,0.30952
0.04107,-0.19311,0.15664
-0.04889,0.17130,0.32655
-0.14796,-0.46352,0.25031
-0.25311,-0.45910,0.21819
-0.36005,-0.57320,0.27309
-0.31964,-0.53422,0.61009
-0.53326,0.75445,0.48436
-0.74539,-1.06177,0.75362
-0.94552,-0.20372,0.70004
-1.12406,-0.37874,0.41450
-1.09266,-0.89324,0.61294
-1.32318,-1.78749,0.66708
-1.52852,-3.63221,0.59451
-1.69698,-2.90050,0.47450
-1.83148,-3.24372,0.58389
-1.93288,-2.37950,0.54317
-1.84428,-2.83650,0.43865
-1.99232,-3.33821,0.64693
-2.10801,-2.70417,0.45836
-2.19088,-2.64206,0.41938
-2.24065,-2.42452,0.39168
-2.25722,-2.83401,0.52670
-2.10175,-2.32482,0.44248
-2.16726,-2.15248,0.28180
-2.20002,-1.98068,0.81871
-2.20003,-1.86040,0.53400
-2.16745,-2.02809,0.62950
-2.10264,-1.91896,0.37895
-1.88407,-1.95696,0.34503
-1.86865,-1.88481,0.25367
-1.82116,-1.54319,0.26710
-1.74200,-1.32210,0.21625
-1.63177,-1.19903,0.23181
-1.49118,-1.23822,0.30415
-1.22469,-0.94793,0.22338
-1.13426,-0.92882,0.21781
-1.01952,-0.85317,0.23467
-0.88316,-0.94369,0.16679
-0.73192,-1.09625,0.25592
-0.42824,-1.17338,0.24205
-0.37315,-0.15325,0.46420
-0.31923,0.37935,0.35289
-0.26476,0.26347,0.22937
-0.21185,0.22825,0.17728
-0.04582,-0.59883,0.28503
-0.11704,-0.86632,0.26080
-0.19812,-0.83336,0.18719
-0.28277,-0.58757,0.14186
-0.36721,-0.78007,0.28405
-0.36060,-1.46614,0.36354
-0.55009,-1.19001,0.80926
-0.73337,-0.14658,0.54498
-0.90204,-0.71380,0.40952
-1.05360,-1.11039,0.32419
-1.18194,-1.35180,0.27727
-1.27940,-1.57135,0.31342
-1.34388,-1.49035,0.31140
-1.37550,-1.71848,0.48607
-1.37311,-3.62165,1.01181
-1.33794,-4.06819,0.85010
-1.27114,-4.23844,0.91625
-1.17402,-4.03945,0.49635
-1.05040,-2.32844,0.58576
-0.90644,-2.29493,0.52759
-0.74628,-3.34176,0.90576
-0.57177,-2.37741,0.54763
-0.38818,-1.25231,0.43964
-0.20400,-0.13621,0.47317
-0.02420,0.61104,0.19902
0.14929,0.73560,0.15353
0.31022,0.58044,0.10272
0.45268,0.83382,0.13634
0.57036,0.81658,0.12202
0.65939,0.63623,0.18436
0.71801,0.75089,0.09936
0.74418,0.76251,0.15259
0.73686,0.63497,0.16867
0.69702,-0.05074,0.26153
0.62633,-0.31854,0.23407
0.52736,-0.24798,0.35170
0.40425,-4.17187,0.86711
0.26002,-4.50571,0.82107
0.09880,-5.56690,1.40719
-0.07351,-4.80598,1.31380
-0.25199,-5.60515,1.27818
-0.43177,-4.20676,0.76988
-0.60892,-5.73104,1.28364
-0.77796,-3.69630,1.19750
-0.93165,-4.13737,0.86154
-1.06483,-2.01235,0.93835
-1.17442,-1.62339,0.45216
-1.25642,-1.22896,0.31677
-1.30703,-1.26787,0.28151
-1.32505,-1.25268,0.28966
-1.31077,-1.40417,0.20375
-1.26494,-1.21561,0.27747
-1.18973,-1.09269,0.24795
-1.08802,-0.81545,0.20535
-0.96325,-0.62234,0.13252
-0.81772,-0.66607,0.17733
-0.65712,-0.72890,0.18729
-0.48686,-0.48316,0.12648
-0.26017,-0.05120,0.09306
-0.15943,0.02701,0.08610
-0.06557,0.04877,0.11407
0.01995,0.11677,0.11818
0.20118,0.12336,0.09970
0.18135,0.13518,0.11407
0.14231,0.20224,0.14966
0.08819,0.17697,0.12820
0.02092,0.00057,0.09918
0.00818,-0.15988,0.13185
-0.16050,-0.46697,0.15566
-0.33772,-0.64542,0.16820
-0.51684,-0.59584,0.17350
-0.68913,-0.80886,0.20690
-0.77680,-1.02617,0.25975
-0.99671,-1.11081,0.23657
-1.19804,-1.20718,0.25532
-1.37100,-1.43758,0.30507
-1.50786,-0.92307,1.00152
-1.50082,-1.00807,0.83419
-1.65172,-1.77745,0.46990
-1.77148,-1.73886,0.43913
-1.85957,-1.85106,0.36282
-1.91567,-2.01502,0.25320
-1.93964,-2.15959,0.27432
-1.86620,-2.09699,0.32486
-1.90924,-1.99421,0.27597
-1.92040,-1.86773,0.33215
-1.89975,-1.70024,0.30954
-1.84754,-1.75937,0.30021
-1.66036,-1.43590,0.30954
-1.62775,-1.41813,0.23927
-1.56395,-1.20501,0.28763
-1.46944,-1.00480,0.25566
-1.34483,-0.84190,0.18807
-1.19096,-0.61922,0.21865
-0.94700,-0.78271,0.23275
-0.82731,-0.67337,0.16020
-0.69612,-0.54502,0.16403
-0.55463,-0.34632,0.14395
-0.40445,0.05669,0.16937
-0.25263,0.50536,0.21003
-0.10356,0.69090,0.16301
0.04121,0.97865,0.56598
0.17662,2.27091,0.35050
0.29528,3.08220,0.49182
0.39626,2.82769,0.41532
0.47583,2.55514,0.30248
0.52933,1.93226,0.26436
0.55592,1.81198,0.21343
0.55595,0.97256,0.34871
0.52924,0.59141,0.19723
0.47719,0.65740,0.18333
0.40196,0.91666,0.18391
0.30486,0.36795,0.17000
0.18905,0.11280,0.12822
0.06010,0.03906,0.13114
-0.07835,-0.17262,0.14098
-0.22476,-0.30095,0.14189
-0.37458,-0.58691,0.09808
-0.52044,-0.71380,0.14918
-0.65824,-0.83126,0.15111
-0.78640,-0.88358,0.15953
-0.90003,-0.95629,0.14593
-0.99258,-1.06158,0.18995
-1.06171,-1.05236,0.15932
-1.10706,-1.09396,0.20576
-1.12661,-1.03362,0.15485
-1.11915,-0.55446,0.36937
-1.08571,-0.71969,0.20094
-1.02793,-0.50979,0.24368
-0.94697,-0.24200,0.13484
-0.84555,-0.56403,0.14435
-0.72867,0.29683,0.18582
-0.59977,0.44898,0.17991
-0.46259,0.88873,0.13079
-0.31898,1.26322,0.22270
-0.17458,1.33275,0.20963
-0.03561,2.28109,0.21854
0.09406,2.27768,0.34248
0.21022,1.77509,0.35120
0.31119,1.79719,0.36688
0.39085,2.84605,0.45308
0.44689,3.36346,0.55965
0.47796,3.32640,0.58664
0.48399,2.13700,0.38872
0.46438,2.36963,0.34791
0.42028,1.41808,0.23453
0.36869,1.43350,0.26569
0.25731,0.73062,0.21807
0.12815,0.24399,0.26522
-0.01285,0.01710,0.09249
-0.16168,-0.30535,0.16267
-0.31640,-0.46674,0.09743
-0.47203,-0.59104,0.14928
-0.62061,-0.58903,0.12457
-0.76043,-0.75308,0.18049
-0.88645,-0.88486,0.16475
-0.99129,-0.95968,0.21546
-1.07205,-0.92058,0.17413
-1.12814,-0.91256,0.25154
-1.15706,-0.98288,0.22918
-1.15760,-1.33815,0.31289
-1.12988,-1.15981,0.26905
-1.07557,-0.93514,1.03787
-0.99596,0.01670,0.96468
-0.89382,0.37518,0.60994
-0.77249,1.34260,0.30166
-0.63666,1.71016,0.21926
-0.49055,1.04147,0.20020
-0.33735,1.20350,0.23094
-0.18277,1.04882,0.21906
-0.03072,0.44166,0.23639
0.11410,0.60694,0.13970
0.24521,0.65692,0.15197
0.35801,0.68839,0.14702
0.44972,0.80588,0.18090
0.51689,0.89410,0.19457
0.55625,0.92255,0.16397
0.56675,0.79146,0.13329
0.54862,0.84262,0.15398
0.50257,0.71311,0.21577
0.43064,0.83065,0.16072
0.33551,0.54417,0.13604
0.21966,0.33990,0.17034
0.08671,0.41171,0.16539
-0.05816,0.40666,0.19692
-0.21047,-0.46062,0.13765
-0.36684,-0.63748,0.28792
-0.52254,-0.82956,0.17069
-0.67107,-1.06497,0.18010
-0.80862,-1.26140,0.24631
-0.93135,-1.20476,0.23057
-1.03475,-1.44905,0.22392
-1.11289,-1.61577,0.31088
-1.16417,-0.66719,0.30147
-1.18720,-0.44738,0.60160
-1.18029,-1.75947,0.30519
-1.14583,-1.29042,0.32528
0.00073,0.28840,0.16404
0.00073,0.32280,0.15000
0.00069,0.34806,0.19618
0.00057,0.41136,0.16915
0.00036,0.57355,0.20164
-0.00017,0.26541,0.14439
-0.00075,0.19535,0.18486
-0.00181,0.39912,0.19070
-0.00303,0.20030,0.12379
-0.00413,0.24324,0.14459
-0.00558,0.07663,0.09945
-0.00726,0.37789,0.21017
-0.00924,0.06728,0.12229
-0.01154,-0.00548,0.08234
-0.01421,-0.02490,0.08940
-0.01612,0.01692,0.10320
-0.02161,-0.08272,0.16143
-0.02483,-0.01060,0.13331
-0.02924,0.02137,0.09709
-0.03417,0.10112,0.14381
-0.03960,0.27669,0.16484
-0.04561,0.21032,0.17732
-0.05221,0.41726,0.20933
-0.05941,0.08717,0.10293
-0.06725,0.04244,0.14160
-0.07945,0.00150,0.10581
-0.08474,0.28811,0.18589
-0.09463,0.34067,0.18300
-0.10523,0.02616,0.10284
-0.11647,-0.03119,0.09947
-0.12847,-0.09599,0.12773
-0.13370,0.22853,0.23997
-0.15592,0.11376,0.27083
-0.16870,-0.02637,0.19407
-0.18325,-0.02874,0.13862
-0.19852,-0.25039,0.22247
-0.21420,-0.32325,0.21323
-0.23556,-0.33727,0.19066
-0.24819,-0.30235,0.13886
-0.26430,-0.23370,0.17430
-0.28158,-0.25455,0.16681
-0.29907,-0.42909,0.18064
-0.31668,-0.29906,0.18678
-0.33416,-0.11291,0.14421
-0.35148,-0.12986,0.13497
-0.36872,-0.12840,0.10164
-0.38565,-0.08216,0.16706
-0.40198,0.25058,0.19913
-0.41768,0.63016,0.17041
-0.43278,0.25332,0.20870
-0.44708,0.43478,0.29622
-0.46027,1.27754,0.35881
-0.47232,0.01473,0.33756
-0.48324,0.02240,0.15923
-0.49284,-0.43724,0.20348
-0.50093,-0.48899,0.16275
-0.50740,-0.50120,0.15885
-0.51221,-0.53164,0.19769
-0.51532,-0.47520,0.18613
-0.51661,-0.47415,0.16616
-0.51604,-0.33477,0.18828
-0.51358,-0.23062,0.16498
-0.50920,0.00062,0.12314
-0.50294,0.08288,0.14247
-0.49483,0.04014,0.12106
-0.48482,-0.07107,0.14286
-0.47300,-0.11823,0.14244
-0.45961,-0.02404,0.08350
-0.44471,-0.16024,0.13891
-0.42834,-0.20824,0.14652
-0.41069,-0.33480,0.14173
-0.39207,-0.16180,0.14402
-0.37246,0.29180,0.19150
-0.35213,0.47919,0.17460
-0.33141,0.61743,0.21078
-0.31054,0.74692,0.21910
-0.28969,0.77156,0.19914
-0.26904,0.43502,0.25870
-0.24899,0.08244,0.16661
-0.22980,-0.05656,0.12599
-0.21147,-0.16845,0.15178
-0.19432,-0.06114,0.12854
-0.17885,-0.05903,0.15292
-0.16523,-0.08605,0.13571
-0.15343,-0.04900,0.09708
-0.14370,0.05559,0.14306
-0.13626,-0.03765,0.10836
-0.13131,0.09935,0.15698
-0.12884,0.03487,0.09256
-0.12893,-0.08107,0.15984
-0.13161,-0.14801,0.13402
-0.13685,-0.10993,0.10077
-0.14456,-0.09651,0.10855
-0.15472,-0.03173,0.09618
-0.16719,-0.23306,0.17129
-0.18163,-0.09038,0.10845
-0.19781,-0.12949,0.09490
-0.21553,-0.23505,0.16107
-0.23468,-0.43446,0.17888
-0.25495,-0.41316,0.13336
-0.27555,-0.23335,0.14008
-0.29637,-0.25236,0.13941
-0.31707,-0.29661,0.12632
-0.33708,-0.31170,0.16677
-0.35615,-0.36438,0.12247
-0.37410,-0.26754,0.13369
-0.39053,-0.34479,0.15965
-0.40497,-0.39608,0.13476
-0.41735,-0.27076,0.14592
-0.42738,-0.40792,0.14741
-0.43477,-0.40014,0.14985
-0.43946,-0.21261,0.14777
-0.44135,-0.15280,0.15870
-0.44044,-0.02435,0.10462
-0.43673,-0.18170,0.07588
-0.25680,-0.21946,0.13484
-0.34538,-0.40689,0.11950
-0.43649,-0.47456,0.15858
-0.52423,-0.48872,0.13673
-0.60581,-0.51794,0.19925
-0.67992,-0.61727,0.13680
-0.55152,-0.62574,0.13853
-0.70149,-0.87940,0.18579
-0.84624,-0.99229,0.23461
-0.98071,-1.19438,0.24176
-1.10045,-1.11480,0.20015
-1.20237,-1.16431,0.26162
-1.28226,-1.28370,0.22021
-1.17889,-1.54483,0.25534
-1.31000,-1.47494,0.24806
-1.42513,-1.53227,0.29666
-1.51562,-1.59088,0.26866
-1.58326,-1.61540,0.32294
-1.62879,-1.46446,0.42854
-1.65194,-1.74093,0.22877
-1.51719,-1.69382,0.35099
-1.59335,-1.88360,0.28108
-1.64723,-1.61105,0.35817
-1.67850,-1.61818,0.33556
-1.68696,-1.49720,0.32041
-1.67249,-1.57192,0.30839
-1.43442,-1.47651,0.27762
-1.47340,-1.59074,0.26753
-1.48937,-1.52591,0.30985
-1.48215,-1.36099,0.24757
-1.45173,-1.28853,0.24644
-1.39812,-1.12726,0.25916
-1.32146,-1.09730,0.16521
-1.07500,-1.19403,0.19649
-1.05956,-1.16853,0.20806
-1.03088,-1.06952,0.24538
-0.98547,-0.79233,0.18899
-0.92503,-0.84054,0.17055
-0.85102,-0.85577,0.18221
-0.61100,-0.86777,0.23912
-0.61637,-0.69338,0.16294
-0.61944,-0.41781,0.16444
-0.61542,-0.51000,0.17038
-0.60366,-0.52645,0.11688
-0.58432,-0.51557,0.17579
-0.44328,-0.65090,0.15365
-0.51814,-0.89713,0.17762
-0.59006,-0.98491,0.20297
-0.65520,-0.81072,0.18507
-0.71128,-0.75894,0.15390
-0.57851,-0.86523,0.13318
-0.71735,-1.00384,0.23259
-0.85121,-1.14867,0.18881
-0.97149,-1.23729,0.25791
-1.07317,-1.22751,0.21714
-1.15373,-1.23045,0.24236
-1.21202,-1.36325,0.25901
-1.24580,-1.20195,0.23844
-1.25442,-0.98732,0.30310
-1.23822,-0.87044,0.25979
-1.19780,-0.50436,0.51441
-1.13443,0.86950,0.83750
-1.05044,0.81188,0.65361
-0.94760,-0.34805,0.36637
-0.82855,0.02764,0.28232
-0.69725,0.85843,0.40078
-0.55689,-0.13337,0.50103
-0.40981,0.12652,0.15623
-0.25963,-0.26760,0.10982
-0.11139,0.30788,0.31006
0.03107,3.30229,0.40857
0.16521,-0.20787,1.60010
0.28706,3.11186,0.50749
0.39182,2.89260,0.42711
0.47664,2.93326,0.41598
0.53934,3.18657,0.62107
0.57920,2.67309,0.47642
0.59434,2.68434,0.46219
0.58433,3.08542,0.45769
0.54992,2.08471,0.43117
0.49209,1.28558,0.42796
0.41244,0.92272,0.20302
0.31425,3.51707,0.58311
0.19920,1.81975,0.54613
0.06985,1.11757,0.30439
-0.06855,1.87062,0.77996
-0.21215,1.35296,0.40564
-0.35939,0.84835,0.38800
-0.50669,0.13782,0.36285
-0.64749,-0.64828,0.19236
-0.77751,-0.77983,0.13735
-0.89527,-0.96076,0.21349
-0.99715,-1.01951,0.19180
-1.07778,-1.10553,0.21466
-1.13476,-1.15160,0.25703
-1.16700,-1.13820,0.33124
-1.17381,-0.78591,0.50392
-1.15527,-0.35634,0.76428
-1.11228,-0.34964,0.71673
-1.04641,-0.90925,0.23313
-0.95893,-1.13453,0.26509
-0.85216,-1.24809,0.18061
-0.73062,-1.20053,0.14326
-0.59791,-0.72602,0.30885
-0.45735,-0.26232,0.35607
-0.31273,-0.37764,0.32771
-0.16808,0.06333,0.42018
0.01431,1.24129,0.62779
0.07098,0.03849,0.17302
0.11483,0.14130,0.14101
0.14594,0.09643,0.10251
0.25632,0.29647,0.17914
0.18247,0.36547,0.17622
0.09243,0.11100,0.23080
-0.00934,-0.09576,0.10509
-0.11855,-0.45983,0.18175
-0.15379,-0.79258,0.21369
-0.34109,-0.96962,0.18911
-0.52947,-1.17622,0.27206
-0.70940,-1.21652,0.28568
-0.87575,-1.53971,0.32646
-0.92251,-2.35150,0.56535
-1.11984,-1.71958,0.60311
-1.29369,-1.87172,0.31309
-1.43610,-2.13890,0.45272
-1.54637,-2.89013,0.59441
-1.62470,-3.47453,0.78484
-1.60811,-3.40669,0.64747
-1.69841,-2.52110,0.52812
-1.75834,-3.80365,0.87693
-1.78769,-4.23413,1.16370
-1.78643,-3.41136,0.87476
-1.65815,-2.57841,0.61096
-1.66977,-1.85409,0.38323
-1.65097,-2.18758,0.44308
-1.60194,-1.72368,0.28964
-1.52306,-1.27585,0.27588
-1.41479,-1.53034,0.28931
-1.22090,-1.45125,0.33814
-1.12907,-1.47097,0.26508
-1.01607,-1.84882,0.33152
-0.88436,-1.34731,0.26953
-0.73557,-1.31371,0.27242
-0.57649,-0.73083,0.19508
-0.41137,-0.10543,0.15038
-0.24441,0.06455,0.09942
-0.07752,0.08761,0.13020
0.08111,0.44819,0.13338
0.22696,0.71003,0.13979
0.35853,0.80011,0.15772
0.47081,1.00250,0.18514
0.55968,0.87169,0.16697
0.62042,0.99309,0.19556
0.61938,1.03710,0.21496
0.66006,1.01569,0.17971
0.67331,0.73415,0.18516
0.65703,0.66256,0.20405
0.61240,0.16919,0.32156
0.51476,0.84995,0.23222
0.45569,0.51690,0.26016
0.37552,0.21785,0.24325
0.27700,-0.14209,0.15428
0.16280,-0.49954,0.19087
0.01237,-0.09223,0.15683
-0.09041,0.01762,0.12420
-0.19705,0.74432,0.18178
-0.30562,0.37282,0.23717
-0.46398,1.03259,0.26317
-0.53335,1.69743,0.34299
-0.59293,1.79180,0.43205
-0.64248,0.86009,0.58758
-0.68085,0.19268,0.33636
-0.73825,0.97319,0.22262
-0.71280,0.89037,0.25092
-0.67339,0.76208,0.24626
-0.62180,-0.43255,0.26674
-0.55966,0.34157,0.45778
-0.50125,-0.28294,0.24790
-0.38846,-0.15626,0.16965
-0.27101,0.12703,0.18226
-0.15426,0.51416,0.27935
-0.07749,0.50747,0.30502
0.06401,1.05418,0.47926
0.19637,0.66389,0.23040
0.31383,0.61579,0.38092
0.41094,1.02380,0.60662
0.46002,0.25287,0.18584
0.54740,0.26899,0.23858
0.60818,0.69294,0.16068
0.63927,1.79290,0.30467
0.64026,1.43236,0.32970
0.59779,1.72560,0.23150
0.57808,1.65786,0.27209
0.53188,1.42075,0.19681
0.46001,1.13562,0.40069
0.32383,-0.35003,0.22056
0.24603,-0.36104,0.13929
0.15304,-0.22789,0.15692
0.04624,0.18984,0.19486
-0.07205,0.86851,0.23993
-0.22723,1.04112,0.35511
-0.31868,1.08301,0.27349
-0.40831,0.37531,0.35515
-0.49517,-0.22061,0.17100
-0.57648,-0.00494,0.19949
-0.65852,-0.07975,0.15543
-0.68013,1.01370,0.83471
-0.68833,1.83703,0.52517
-0.68360,0.02400,0.45849
-0.68990,1.92470,0.42627
-0.62104,0.69217,0.65876
-0.53953,1.87724,0.36611
-0.44868,1.87758,0.31825
-0.39305,2.47093,0.51875
-0.25637,2.32034,0.40902
-0.11969,1.88229,0.38752
0.01339,2.19256,0.33191
0.13859,1.24491,0.23849
0.22425,2.22703,0.31485
0.35633,1.23504,0.25315
0.46714,2.05602,0.24693
0.55379,1.56508,0.22636
0.61299,1.50202,0.20369
0.64191,1.35584,0.25655
0.63899,0.79338,0.11514
0.60481,0.27894,0.16623
0.54079,0.09637,0.08096
0.44899,0.07230,0.10814
0.33373,-0.09951,0.19507
0.19913,0.06578,0.11469
0.04743,0.06031,0.17007
-0.11731,-0.18520,0.29687
-0.28774,-0.37926,0.38813
-0.45815,-0.67658,0.21178
-0.62607,-0.93848,0.24139
-0.78404,-1.02587,0.24919
-0.92565,-1.06243,0.17562
-1.04640,-1.22537,0.21124
-1.14388,-1.18919,0.24366
-1.21297,-1.17791,0.21761
-1.24993,-1.16010,0.23801
-1.25543,-1.25468,0.21647
-1.22954,-1.33607,0.28741
-1.17382,-1.09191,0.23362
-1.09081,-1.22202,0.19235
-0.98284,-1.16122,0.30024
-0.77911,-0.58003,0.35218
-0.75034,-0.32188,0.22492
-0.71018,-0.25849,0.15997
-0.65654,-0.16790,0.10802
-0.59106,-0.16783,0.11749
-0.45390,-0.54957,0.13694
-0.49097,-0.90366,0.20528
-0.52406,-0.84380,0.20592
-0.54985,-1.07103,0.26044
-0.41775,-1.20012,0.17291
-0.54601,-1.36745,0.33567
-0.66905,-1.42310,0.28970
-0.78048,-1.22227,0.25093
-0.87572,-0.96531,0.23239
-0.80409,-1.06368,0.20069
-0.97406,-0.90368,0.17894
-1.12466,-1.05836,0.18684
-1.24982,-1.25210,0.19349
-1.34388,-1.54155,0.29660
-1.22085,-1.85424,0.32683
-1.36037,-2.03815,0.31488
-1.47228,-1.96452,0.34805
-1.54793,-1.81194,0.29155
-1.58985,-1.86857,0.28993
-1.59846,-1.90624,0.24755
-1.45821,-1.88614,0.33226
-1.51585,-1.66383,0.31654
-1.54062,-1.33707,0.28785
-1.53256,-1.20977,0.25704
-1.49188,-1.28181,0.27370
-1.25254,-1.52015,0.33244
-1.26415,-1.92623,0.31253
-1.24800,-2.10354,0.28863
-1.20206,-1.50144,0.44087
-1.12872,-1.50197,0.44830
-1.03083,-1.22663,0.31981
-0.82161,-1.40028,0.33275
-0.79479,-0.92268,0.22385
-0.75652,-0.77996,0.21940
-0.70484,-1.17047,0.19237
-0.64067,-1.44042,0.31495
-0.47672,-1.19654,0.59371
-0.50781,-0.88488,0.33509
-0.53552,-0.86647,0.18671
-0.55637,-0.72892,0.16435
-0.56893,-0.55980,0.19845
-0.57240,-0.59758,0.27561
-0.56680,-0.49609,0.15399
-0.55240,-0.51230,0.13485
-0.52948,-1.02946,0.33593
-0.49911,-4.67167,1.32377
-0.46232,-3.36575,1.05237
-0.42031,-2.80271,0.70881
-0.37375,-1.53772,0.35291
-0.32497,-1.35369,0.29590
-0.27561,-2.98832,0.59439
-0.22638,-2.85835,0.63334
-0.17900,-0.88620,0.18553
-0.13610,-1.32100,0.30648
-0.09903,-0.53044,0.23494
-0.06829,-0.38258,0.37032
-0.04513,0.33966,0.19085
-0.03098,0.25563,0.20788
-0.02618,0.34887,0.18158
-0.03073,0.18778,0.14431
-0.04459,0.08727,0.10405
-0.06717,-0.19223,0.12888
-0.09765,-1.13855,0.27482
-0.13551,-1.62416,0.56199
-0.17951,-1.87486,0.56334
-0.22816,-4.55918,1.08077
-0.27948,-3.89037,0.98311
-0.33167,-4.23245,0.84312
-0.38342,-2.39733,1.50201
-0.43253,-1.23364,1.52593
-0.47713,-2.25968,2.24925
-0.51601,-2.92941,0.80120
-0.54772,-1.25699,0.60575
-0.57094,-0.50344,0.35525
-0.58454,-0.77484,0.15002
-0.58811,-0.79773,0.17043
-0.58142,-0.75352,0.14201
-0.56460,-0.58208,0.13664
-0.53827,-0.57709,0.14975
-0.50337,-0.55587,0.13532
-0.46079,-0.38989,0.13014
-0.41192,-0.14580,0.11137
-0.35844,-0.07934,0.11673
-0.30259,-0.18290,0.14579
-0.24636,-0.12060,0.15508
-0.15156,-0.16927,0.14299
-0.18812,-0.05840,0.13448
-0.23078,-0.08083,0.13288
-0.27658,-0.10305,0.10078
-0.24893,-0.23015,0.10663
-0.38471,-0.42372,0.12880
-0.52038,-0.62870,0.16807
-0.64918,-0.83128,0.18715
-0.76787,-0.95988,0.14393
-0.82422,-0.98839,0.16804
-0.99378,-1.21526,0.22174
-1.14402,-1.10967,0.24829
-1.26708,-1.26177,0.24569
-1.22813,-1.58033,0.24684
-1.36818,-1.66907,0.27862
-1.47700,-1.48431,0.27313
-1.54772,-1.43525,0.24731
-1.58201,-1.58721,0.25516
-1.44904,-1.48995,0.31176
-1.49981,-1.73777,0.33591
-1.51540,-1.42504,0.31843
-1.49598,-1.37116,0.23665
-1.44189,-1.32333,0.29139
-1.35369,-1.53092,0.22041
-1.18191,-1.33942,0.23047
-1.11413,-1.02507,0.21028
-1.02328,-0.70537,0.11681
-0.91010,-0.55626,0.12875
-0.77706,-0.45367,0.15299
-0.57999,-0.57462,0.15632
-0.50580,-0.09657,0.14736
-0.42763,-0.26375,0.18159
-0.34572,-0.28019,0.21036
-0.15738,-0.27443,0.14415
-0.16510,-0.54161,0.17445
-0.18003,-0.22220,0.13703
-0.19908,-0.12569,0.15161
-0.22188,-0.26605,0.17717
-0.24768,-0.06094,0.09521
-0.27517,0.06106,0.10282
-0.30342,0.28993,0.20349
-0.33199,0.00100,0.17419
-0.35983,0.70541,0.21159
-0.38543,0.16752,0.22201
-0.40836,0.09415,0.17855
-0.42777,0.03649,0.16595
-0.44250,-0.33029,0.20740
-0.45207,-0.39508,0.17611
-0.45637,-0.03903,0.12433
-0.45515,0.33571,0.17939
-0.44833,0.27026,0.18450
-0.43621,-0.27374,0.13944
-0.41924,-0.22155,0.15552
-0.39772,-0.35182,0.15193
-0.37236,0.01936,0.12112
-0.34449,-0.12070,0.15853
-0.31507,-0.25577,0.16685
-0.28511,0.09788,0.08913
-0.25517,0.16594,0.15321
-0.22635,0.21054,0.16869
-0.20030,0.20896,0.18624
-0.17795,0.86620,0.16503
-0.15966,1.02636,0.21170
-0.14619,1.32727,0.23897
-0.13845,1.54260,0.31708
-0.13666,0.56646,0.28541
-0.14081,0.39360,0.21189
-0.15087,0.46743,0.16112
-0.16639,0.54254,0.16178
-0.18678,1.12432,0.30449
-0.21168,0.37249,0.17085
-0.24024,0.76051,0.19597
-0.27093,0.40078,0.20329
-0.30317,1.37014,0.24470
-0.33585,0.85141,0.24791
-0.36772,0.92043,0.30143
-0.39696,1.73815,0.37256
-0.42255,0.67754,0.34980
-0.44402,0.66922,0.16860
-0.46046,0.02892,0.16482
-0.47095,-0.08278,0.18614
-0.46298,0.44005,0.23452
-0.48550,0.59931,0.22740
-0.50192,0.06849,0.22013
-0.51089,-0.19185,0.14045
-0.51188,0.17961,0.23952
-0.50488,-0.17159,0.12216
-0.49002,-0.08467,0.08770
-0.46785,-0.11423,0.11289
-0.43919,0.24945,0.23734
-0.40505,1.66676,0.55040
-0.36639,1.16838,0.37208
-0.32485,1.79923,0.47594
-0.28202,1.63720,0.57488
-0.23948,2.84877,0.71839
-0.19850,2.49429,0.47163
-0.16096,2.37995,0.59294
-0.12845,1.67227,0.37955
-0.10198,2.23374,0.48017
-0.08264,1.30991,0.25080
-0.07153,0.53600,0.33530
-0.06914,0.01281,0.18935
-0.07558,0.05891,0.16576
-0.09074,0.03196,0.07292
-0.11404,0.02004,0.14902
-0.14463,-0.00512,0.09230
-0.18168,-0.08606,0.14351
-0.22411,0.00676,0.09437
-0.26997,0.01907,0.18291
-0.31729,-0.03059,0.09627
-0.36505,-0.13388,0.20416
-0.41137,-0.34147,0.20980
-0.45373,-0.06771,0.22023
-0.49044,-0.03492,0.28253
-0.52060,-0.65350,0.20824
-0.54283,-0.60024,0.13779
-0.55565,-0.57062,0.16172
-0.55856,-0.48959,0.40304
-0.55145,-0.22904,0.26119
-0.53440,-0.17938,0.45398
-0.50806,-0.50402,0.29912
-0.47306,0.02795,0.14601
-0.43044,-0.14669,0.14688
-0.38169,0.52138,0.22880
-0.32921,0.29013,0.27508
-0.27450,-0.04716,0.15654
-0.22112,-0.06533,0.13907
-0.11714,-0.53758,0.15792
-0.18873,0.03520,0.10676
-0.27070,-0.11366,0.16629
-0.26694,0.03333,0.35979
-0.22707,0.18979,0.30945
-0.19692,0.06194,0.12675
-0.16855,0.08743,0.11743
-0.14481,0.30645,0.19292
-0.12719,0.82347,0.19885
-0.11646,1.56081,0.29788
-0.11291,1.18050,0.25921
-0.11670,0.35731,0.18962
-0.12774,0.03958,0.10629
-0.14556,0.15043,0.10746
-0.16947,0.31199,0.14245
-0.19881,0.24294,0.18722
-0.23244,0.09566,0.11071
-0.26875,-0.17978,0.13528
-0.30639,0.08144,0.11007
-0.34428,0.36609,0.20398
-0.38088,0.33830,0.20239
-0.41430,-0.09089,0.10864
-0.44326,-0.32837,0.13692
-0.46690,-0.46926,0.20020
-0.48414,-0.55955,0.19919
-0.49401,-0.47016,0.13608
-0.49614,-0.31437,0.12766
-0.49050,-0.32228,0.15541
-0.47719,-0.30475,0.15122
-0.45683,-0.43404,0.14179
-0.43018,-0.50435,0.17154
-0.39829,-0.34332,0.16375
-0.36208,-0.22390,0.13531
-0.32296,-0.15685,0.14311
-0.28285,-0.18410,0.14607
-0.24287,-0.32548,0.15714
-0.20464,-0.24314,0.17036
-0.17017,-0.05188,0.11114
-0.14080,-0.10027,0.14774
-0.11771,-0.02687,0.09215
-0.10143,0.01776,0.13073
-0.09280,-0.03194,0.13121
-0.09253,0.11385,0.14529
-0.10059,0.02315,0.06431
-0.11681,0.11580,0.09146
-0.14068,0.05525,0.07172
-0.17095,-0.04994,0.10489
-0.16603,-0.30980,0.08530
-0.33650,-0.44687,0.13329
-0.51072,-0.47591,0.15203
-0.67685,-0.61443,0.14750
-0.71169,-0.81386,0.17686
-0.96751,-1.15637,0.24202
-1.20646,-1.12474,0.20038
-1.41480,-1.35177,0.24182
-1.58007,-1.76006,0.39185
-1.55503,-1.81726,0.27969
-1.76286,-1.96149,0.21139
-1.93432,-2.03139,0.24826
-2.06860,-2.07116,0.20320
-2.16521,-2.14039,0.30838
-2.01006,-2.16897,0.27862
-2.15600,-2.01890,0.32477
-2.26521,-2.04494,0.31162
-2.33733,-2.11830,0.39582
-2.37224,-1.86733,0.62265
-2.37002,-1.95274,0.39880
-2.16416,-2.05341,0.38061
-2.21395,-2.08953,0.63805
-2.22729,-2.14297,0.32833
-2.20436,-1.81619,0.60002
-2.14559,-1.97152,0.33556
-2.05160,-2.00431,0.33644
-1.80269,-1.96054,0.31407
-1.76101,-1.89129,0.39899
-1.68440,-1.59817,0.28741
-1.57358,-1.25510,0.21018
-1.42944,-1.21124,0.31084
-1.07245,-1.08935,0.22715
-0.98202,-1.00385,0.31465
-0.87297,-0.23127,0.21957
-0.74537,-0.02023,0.11208
-0.60340,-0.11128,0.14743
-0.45056,0.04809,0.10474
-0.22328,0.10085,0.17961
-0.18367,0.29101,0.14549
-0.15130,0.20096,0.12978
-0.12417,0.26589,0.13327
0.02366,0.11005,0.13392
-0.08571,-0.01207,0.09649
-0.20682,0.06228,0.10767
-0.33283,-0.24548,0.12587
-0.45917,-0.22644,0.20756
-0.58038,-0.54458,0.12858
-0.69209,-0.29624,0.21464
-0.79131,-0.49636,0.22001
-0.87425,-0.92910,0.21587
-0.93674,-0.96095,0.13152
-0.97652,-0.98247,0.16017
-0.99239,-0.94736,0.18541
-0.98403,-0.83457,0.18786
-0.95174,-0.89066,0.21709
-0.89683,-0.47107,0.17263
-0.82057,-0.26800,0.25295
-0.72525,0.06163,0.36792
-0.61531,2.10558,0.43874
-0.49476,2.88086,0.37168
-0.36571,2.57313,0.36198
-0.23183,2.24127,0.31198
-0.09974,1.34162,0.40529
0.02555,2.69412,0.46000
0.14176,3.33642,0.61739
0.24303,3.40696,0.82747
0.32474,3.06210,0.45118
0.38558,2.71839,0.54339
0.42316,2.60688,0.57614
0.43488,3.77023,0.86104
0.42037,3.82700,0.72310
0.38041,2.65254,0.33211
0.31623,3.14620,0.41015
0.23079,2.64253,0.34187
0.12824,3.06374,0.63922
0.01181,1.62508,0.46991
-0.11575,1.30741,0.50685
-0.25000,0.32731,0.24669
-0.38510,0.16187,0.49101
-0.51813,-0.46740,0.19352
-0.64422,-0.69752,0.27978
-0.75864,-0.98935,0.17840
-0.85579,-1.04210,0.27338
-0.93255,-1.00943,0.15853
-0.98714,-1.05157,0.31821
-1.01727,-1.06329,0.23674
-1.02149,-1.15474,0.20470
-1.00023,-1.26142,0.16245
-0.95443,-1.59407,0.29627
-0.88588,-0.28673,0.64657
-0.71970,-0.59706,0.61767
-0.69677,-0.66190,0.24609
-0.66202,-0.80466,0.18479
-0.61420,-0.78110,0.18689
-0.55563,-0.57571,0.18439
-0.44363,-0.59113,0.22350
-0.44965,-0.51289,0.18581
-0.45228,-0.61257,0.20645
-0.44980,-0.76983,0.14892
-0.35890,-0.49157,0.18326
-0.42733,-0.55775,0.18514
-0.49450,-0.88892,0.19751
-0.55463,-0.96747,0.25985
-0.60518,-0.99786,0.18294
-0.60135,-1.21154,0.22962
-0.71037,-1.30881,0.29397
-0.80584,-1.94627,0.41998
-0.88259,-1.73191,0.40290
-0.84283,-1.44982,0.37454
-0.95823,-1.70717,0.35963
-1.05205,-2.55162,0.50012
-1.12025,-3.13030,0.81363
-1.15947,-2.20077,0.48799
-1.09062,-1.60571,0.36248
-1.15003,-1.12646,0.24873
-1.18278,-1.68803,0.32263
-1.18457,-1.05781,0.18586
-1.15504,-1.07929,0.16110
-1.03741,-1.22047,0.24482
-1.03072,-1.21878,0.20415
-1.00128,-1.21995,0.24535
-0.94787,-1.31556,0.32964
-0.87264,-1.18764,0.23979
-0.77835,-0.99594,0.21470
-0.66665,-1.35843,0.37048
-0.54135,-0.89777,0.19116
-0.40764,-0.64224,0.24440
-0.26998,-0.17082,0.17173
-0.13175,0.05046,0.20647
0.00242,0.33910,0.18121
0.12752,0.44155,0.15744
0.23772,0.58982,0.18003
0.31511,0.74090,0.19413
0.42436,0.80997,0.33348
0.50996,0.85623,0.30021
0.56657,0.86809,0.42110
0.55929,0.11003,0.45662
0.59402,0.58359,0.15930
0.59922,0.57872,0.15078
0.57324,0.52332,0.19493
0.51724,0.36880,0.19761
0.42036,0.12849,0.12419
0.35031,0.60053,0.21059
0.25947,0.97966,0.18398
0.15009,1.03823,0.17639
-0.00920,1.00339,0.20013
-0.10951,1.51485,0.32802
-0.21550,0.45999,0.36213
-0.32403,0.44657,0.20482
-0.43214,0.76252,0.16162
-0.54817,-0.12385,0.20803
-0.60626,-0.00794,0.28206
-0.65243,0.10148,0.40012
-0.68612,-0.57166,0.21538
-0.72651,-0.69495,0.29668
-0.69204,-0.60015,0.29760
-0.64239,-0.38506,0.22782
-0.58045,-0.09976,0.15803
-0.53725,0.26783,0.33666
-0.41613,0.15979,0.25427
-0.28946,0.55778,0.50029
-0.16266,0.28528,0.62157
-0.08600,0.01465,0.41368
0.06758,-0.01425,0.22846
0.21027,0.15489,0.14317
0.45287,1.76601,0.38575
0.51926,2.74694,0.52779
0.61820,2.52898,0.42598
0.68565,2.09059,0.31131
0.71743,1.80485,0.23655
0.66584,1.22599,0.22091
0.66773,0.05391,0.18607
0.63822,-0.01462,0.15394
0.57736,0.09729,0.14240
0.48775,0.92187,0.25331
0.34223,2.02904,0.36691
0.24353,1.39092,0.31457
0.12910,1.04416,0.30941
0.00135,0.19062,0.16065
-0.13790,0.12185,0.20050
-0.29694,0.29534,0.22982
-0.40361,0.00079,0.22170
-0.50538,0.68301,0.79954
-0.60156,0.36047,0.76436
-0.71534,2.21902,0.50887
-0.74692,2.02538,0.90739
-0.76135,1.25672,0.57771
-0.75969,1.43130,0.45095
-0.77733,0.87537,0.63029
-0.70347,0.12557,0.25502
-0.61491,0.56305,0.53578
-0.51583,1.32368,0.19757
-0.40799,1.39479,0.37969
-0.30443,1.09536,0.22881
-0.15343,1.06999,0.16103
-0.00479,1.30479,0.27161
0.13559,1.24448,0.18718
0.26212,1.15404,0.19805
0.36732,1.28352,0.22437
0.44789,0.79348,0.21422
0.50306,0.18222,0.12940
0.53019,0.16449,0.15695
0.52748,0.20186,0.12701
0.49578,0.13827,0.18918
0.43633,0.01197,0.13105
0.35176,-0.13887,0.21929
0.24612,-0.03670,0.10438
0.12294,-0.05572,0.09053
-0.01579,-0.05657,0.15239
-0.16542,-0.42428,0.21312
-0.31837,-0.60368,0.19374
-0.46985,-0.81776,0.18605
-0.61778,-0.90922,0.24118
-0.75660,-0.92862,0.15621
-0.87802,-0.91644,0.13161
-0.97811,-1.04058,0.15548
-1.05359,-1.12543,0.23181
-1.10346,-1.02612,0.23536
-1.12536,-1.08592,0.33184
-0.96318,-0.75322,0.71685
-1.05092,-1.34070,0.63922
-1.11827,-0.36278,0.33657
-1.15768,-0.12804,0.13522
-1.16631,-0.55104,0.21704
-0.98851,-0.87382,0.23181
-1.05814,-1.18928,0.18630
-1.10782,-1.31878,0.19044
-1.12954,-2.04315,0.40640
-1.12229,-1.68025,0.37438
-0.92878,-1.50475,0.23913
-0.98631,-1.66544,0.36935
-1.02520,-1.42293,0.32279
-1.04033,-0.89373,0.16071
-1.03004,-0.85669,0.15438
-0.83959,-0.75488,0.19302
-0.90381,-1.05020,0.21476
-0.95130,-1.02341,0.22119
-0.97713,-0.94807,0.22524
-0.97946,-0.95156,0.21166
-0.81037,-1.11698,0.32633
-0.88763,-1.05627,0.15921
-0.95054,-1.10596,0.17866
-0.99125,-0.99522,0.25980
-1.00778,-1.06277,0.18999
-0.85762,-1.14497,0.33595
-0.94521,-1.10182,0.25161
-1.01710,-1.03249,0.14912
-1.06614,-1.11850,0.22311
-1.08915,-1.05442,0.18617
-0.94154,-1.20232,0.30203
-1.03055,-1.67086,0.23303
-1.09986,-2.10693,0.32282
-1.14309,-1.07424,0.82806
-1.15742,-1.40500,0.39610
-0.99181,-1.54817,0.34651
-1.06621,-1.83679,0.35377
-1.12074,-0.98498,0.27005
-1.14856,-1.28652,0.28718
-1.14717,-1.23752,0.49617
-0.95732,-1.14236,0.94461
-1.01744,-1.76861,0.30116
-1.05901,-1.65582,0.39149
-1.07609,-1.34636,0.32378
-1.06679,-1.14508,0.23658
-1.03163,-1.28004,0.37389
-0.97167,-1.08020,0.37594
-0.88964,-0.75932,0.20201
-0.78860,-0.73149,0.14375
-0.67039,-1.92108,0.38511
-0.53894,-2.58275,0.64999
-0.39998,-1.33951,0.26988
-0.25594,-0.98899,0.18885
-0.11063,-0.84325,0.22194
0.03077,-0.98360,0.19249
0.16128,-1.86030,0.38270
0.27782,-1.58570,0.43389
0.37496,-0.61895,0.57395
0.44730,-0.45683,0.84734
0.49346,0.75510,0.25207
0.51222,0.76182,0.23738
0.50357,0.62479,0.19698
0.46788,0.79888,0.28183
0.40702,0.69621,0.17010
0.32342,0.55063,0.16671
0.21928,0.09608,0.13094
0.09827,-0.22906,0.38023
-0.03449,-1.14167,0.52856
-0.17501,-1.81056,0.69473
-0.32023,-0.47089,1.14400
-0.46522,-3.04943,1.26798
-0.60510,-3.20418,0.56200
-0.73505,-4.97248,1.25156
-0.85037,-5.36102,1.48817
-0.94557,-5.04374,1.14142
-1.01889,-5.09104,1.27039
-1.06738,-4.78668,0.98572
-1.08934,-1.41806,1.45778
-1.08394,-1.66665,0.48889
-1.05204,-0.87941,0.43749
-0.99521,-0.97378,0.18475
-0.91468,-0.78507,0.15656
-0.81472,-0.77802,0.15311
-0.69874,-0.80220,0.22365
-0.57046,-0.78305,0.13103
-0.43184,-0.47033,0.18669
-0.28980,-0.10507,0.11075
-0.14651,0.13539,0.12496
-0.00664,0.23942,0.14561
0.12469,0.43147,0.16826
0.24010,0.57608,0.19057
0.38247,0.79425,0.16585
0.37187,0.58956,0.18048
0.33519,0.40011,0.16642
0.27683,0.20944,0.12468
0.26832,0.02025,0.09933
0.08864,-0.02454,0.11032
-0.10419,-0.22770,0.11906
-0.30224,-0.43455,0.15716
-0.50259,-0.67172,0.17205
-0.63407,-0.89535,0.16668
-0.89490,-1.03119,0.29799
-1.13699,-1.13421,0.29405
-1.35554,-1.49524,0.50750
-1.54124,-0.75789,1.08790
-1.58179,-0.33712,1.27263
-1.77583,-0.33227,1.10352
-1.93805,-0.43767,1.31384
-2.06770,-0.58682,1.08763
-2.16423,-1.16682,1.04980
-2.22731,-1.89789,0.59367
-2.18916,-1.96014,0.45297
-2.26982,-2.09780,0.28495
-2.31725,-1.75506,0.86732
-2.33139,-1.94011,0.74478
-2.31234,-2.33217,0.48602
-2.14884,-2.11554,0.43300
-2.14838,-2.02832,0.24178
-2.11515,-1.92792,0.39241
-2.04949,-1.85071,0.34140
-1.95193,-1.58679,0.30982
-1.82317,-1.55962,0.36655
-1.58959,-1.40009,0.23838
-1.47954,-1.14752,0.25220
-1.33889,-0.85336,0.16473
-1.16885,-0.80113,0.20822
-0.97181,-0.69826,0.17607
-0.63752,-0.60634,0.18504
-0.49040,-0.49241,0.17367
-0.34199,-0.23989,0.16978
-0.19095,-0.05467,0.12963
-0.04193,0.77307,0.20443
0.09734,1.13811,0.22288
0.22286,0.69890,0.14574
0.33322,1.31136,0.42699
0.42397,1.97238,0.38837
0.49079,2.81149,0.48895
0.53164,2.40846,0.28833
0.54591,1.93826,0.31002
0.53314,1.58025,0.26445
0.49388,1.20043,0.15799
0.42946,1.15936,0.17132
0.34205,0.23206,0.17987
0.23519,0.42382,0.17109
0.11228,0.16928,0.15583
-0.02394,0.01492,0.09253
-0.16949,-0.29198,0.17185
-0.31885,-0.30325,0.11173
-0.46745,-0.73995,0.21221
-0.61206,-0.80838,0.15852
-0.74795,-1.01428,0.17312
-0.86908,-1.13007,0.18204
-0.97133,-1.13495,0.20137
-1.05227,-1.10099,0.22204
-1.10895,-1.04723,0.18446
-1.13866,-0.92888,0.16426
-1.14074,-0.93146,0.13822
-1.11560,-0.69766,0.16473
-1.06417,-0.40458,0.23892
-0.98865,-0.17048,0.26298
-0.89174,0.77652,0.21090
-0.77584,0.65725,0.14922
-0.64447,-0.05069,0.22686
-0.50269,0.19862,0.16823
-0.35378,1.50478,0.43719
-0.20306,1.30528,0.32103
-0.05428,1.19085,0.22217
0.08801,2.30972,0.27375
0.21757,1.65659,0.33125
0.33102,2.37320,0.31686
0.42442,2.76061,0.42268
0.49413,2.14796,0.27388
0.53704,2.71594,0.48974
0.55233,2.68299,0.42499
0.53966,3.39039,0.55501
0.49959,3.36638,0.66463
0.43386,1.41715,0.26573
0.34437,1.34285,0.26324
0.23405,1.08637,0.22646
0.12747,0.84969,0.23029
-0.03400,-0.09579,0.15059
-0.20429,-0.38214,0.15555
-0.37983,-0.70468,0.15977
-0.55582,-0.65052,0.16936
-0.72372,-0.77077,0.15672
-0.87996,-0.98069,0.13442
-1.01988,-0.96496,0.18506
-1.13766,-0.98192,0.19152
-1.22690,-1.16242,0.26860
-1.28445,-1.12127,0.14186
-1.31017,-1.09323,0.22514
-1.30320,-0.99121,0.23349
-1.26361,-0.24023,0.85537
-1.19283,-1.04960,0.32676
-1.09331,-0.90771,0.40491
-0.96835,-0.26861,0.30256
-0.82348,1.15865,0.35268
-0.66349,1.20410,0.81572
-0.49072,1.47221,0.31625
-0.30958,2.05808,0.36336
-0.12821,1.83861,0.36168
0.04741,1.96482,0.37475
0.21471,1.68794,0.28592
0.36579,1.03974,0.15882
0.49444,1.11656,0.21205
0.59881,1.28582,0.20814
0.67514,1.25787,0.24506
0.71871,1.39766,0.25353
0.72789,0.98487,0.14137
0.70399,0.99936,0.17958
0.64842,0.83940,0.16848
0.56408,0.84980,0.20396
0.45415,0.55891,0.18427
0.32135,0.44121,0.19654
0.17017,0.25843,0.22469
0.00661,0.05977,0.11740
-0.16487,-0.08908,0.15577
-0.34089,-0.59963,0.18690
-0.51585,-0.78349,0.13592
-0.68247,-1.02253,0.18108
-0.83585,-1.14015,0.24779
-0.97259,-1.18145,0.20943
-1.08733,-1.42936,0.28287
-1.17469,-1.63996,0.36211
-1.23254,-1.71066,0.27725
-1.26016,-1.59750,0.37069
-1.25659,-0.47695,0.27518
-1.22240,0.23753,0.16786
-1.15952,-1.29443,0.33937
-1.06992,-1.36393,0.48347
-0.95960,-0.58994,0.35338
-0.72899,-0.66533,0.12475
-0.68174,-0.59382,0.18154
-0.63327,-0.37217,0.16042
-0.57509,0.27129,0.51869
-0.39115,1.00161,0.31902
-0.20275,1.05508,0.21983
-0.02222,0.88953,0.20969
0.15274,1.06250,0.19874
0.31141,1.58063,0.33157
0.44897,1.44852,0.30037
0.56378,2.07367,0.35213
0.65099,2.50768,0.37786
0.70530,2.03015,0.27270
0.72609,1.88387,0.26602
0.71414,1.43421,0.25375
0.66986,0.99025,0.18217
0.59580,1.05320,0.17654
0.49500,0.78253,0.17728
0.36926,0.25214,0.18584
0.22277,0.18648,0.13192
0.06255,0.11484,0.13805
-0.10962,-0.40592,0.15465
-0.28875,-0.58208,0.20283
-0.46801,-0.71554,0.21720
-0.64017,-1.07134,0.22974
-0.80054,-1.17960,0.22551
-0.94691,-1.25920,0.18531
-1.07346,-1.36197,0.25255
-1.17412,-1.16850,0.17183
-1.24446,-1.30952,0.21514
-1.28334,-1.34492,0.28118
-1.29094,-1.22297,0.18255
-1.26670,-1.17985,0.21275
-1.21222,-1.11128,0.20168
-1.12902,-0.88265,0.14426
-1.02005,-0.81902,0.14398
-0.88890,-0.73369,0.16560
-0.74182,-0.65514,0.16828
-0.58294,-0.29105,0.16938
-0.41410,-0.01311,0.09770
-0.24047,0.28691,0.17642
-0.07049,0.05202,0.08212
0.09407,0.13353,0.14199
0.24765,0.25474,0.16354
0.38456,0.27111,0.15860
0.49719,0.64613,0.14097
0.58257,0.48993,0.23428
0.64022,0.85298,0.14820
0.66759,0.76320,0.12516
0.66338,0.76096,0.17290
0.62833,0.77238,0.18543
0.56419,0.70803,0.12424
0.47295,0.35773,0.16961
0.35767,0.25989,0.13799
0.29895,-0.05059,0.10760
0.04280,-0.32285,0.22356
-0.22741,-0.56832,0.14402
-0.50003,-0.87429,0.15508
-0.76638,-0.95871,0.21600
-0.85894,-1.08429,0.25501
-1.18934,-1.39269,0.33715
-1.50035,-1.53668,0.33671
-1.78111,-1.94938,0.27242
-2.03183,-2.52634,0.33398
-2.25495,-2.66218,0.25616
-2.44957,-2.55147,0.33534
-2.44746,-2.58247,0.37835
-2.68754,-2.79768,0.35030
-2.90015,-2.75837,0.35093
-3.08426,-3.04876,0.38442
-3.23902,-3.33366,0.55466
-3.36372,-3.25977,0.37856
-3.45783,-3.71126,0.46846
-3.34688,-3.68506,0.56340
-3.49197,-3.84545,0.59829
-3.60713,-3.62311,0.50670
-3.69189,-3.62380,0.54141
-3.74592,-3.48236,0.44283
-3.76905,-3.59460,0.54589
-3.76127,-4.10031,0.61430
-3.54141,-4.12867,0.73694
-3.58704,-3.77363,0.75572
-3.60203,-4.11702,0.65200
-3.58642,-3.51683,0.75454
-3.54037,-3.27212,0.64263
-3.46425,-3.22748,0.47988
-3.35852,-2.45064,0.78897
-3.04170,-3.00809,0.61321
-2.98875,-2.81686,0.50470
-2.90606,-3.15915,0.56331
-2.79415,-3.08801,0.52334
-2.65365,-2.51874,0.59774
-2.48539,-2.47154,0.49927
-2.29028,-2.05925,0.39610
-1.90090,-2.20954,0.46615
-1.75507,-1.54842,0.29727
-1.58184,-1.17597,0.21609
-1.38216,-0.74768,0.15915
-1.15710,-0.77542,0.18195
-0.90896,-0.54097,0.20255
-0.64593,0.04407,0.15920
-0.25517,0.40854,0.17956
-0.08842,0.71926,0.14346
0.07089,0.77253,0.11151
0.22037,0.71815,0.12783
0.35231,0.71408,0.13369
0.58251,0.68166,0.10259
0.55731,0.65315,0.13283
0.50170,0.30104,0.15681
0.42210,0.37129,0.14901
0.32174,0.28570,0.12764
0.20358,0.11657,0.11379
0.07095,0.19171,0.17456
-0.07033,0.35552,0.19777
-0.21662,-0.32131,0.18882
-0.36654,-0.42930,0.10410
-0.51439,-0.77383,0.12598
-0.65403,-0.86337,0.20996
-0.78445,-0.89944,0.18560
-0.90098,-0.96364,0.16728
-0.99945,-0.94698,0.16345
-1.07463,-0.85046,0.16276
-1.12500,-0.68815,0.15816
-1.15058,-0.64801,0.47770
-1.14970,0.84737,0.79901
-1.12300,0.37106,0.66754
-1.07191,1.84788,0.41146
-0.99746,1.02401,0.54076
-0.90268,1.59707,0.33943
-0.79152,2.02028,0.27439
-0.66517,1.80331,0.31827
-0.52744,3.12553,0.29118
-0.38471,2.89941,1.15755
-0.24079,0.81453,1.52140
-0.09718,0.07408,1.81911
0.04143,4.02129,0.72170
0.16774,4.37817,0.68143
0.27825,5.04430,0.81941
0.37188,3.86143,0.58850
0.44482,4.10829,0.75871
0.49431,3.48304,0.69205
0.51770,3.32727,0.41738
0.51554,2.98387,0.45205
0.48788,4.69425,0.83666
0.43587,2.24420,0.35017
0.36144,2.20157,0.36111
0.26652,1.42329,0.36243
0.15401,1.11114,0.28094
0.02821,1.12346,0.30728
-0.10712,0.90342,0.50264
-0.24815,-0.58097,0.34533
-0.39176,-0.77002,0.18567
-0.53254,-0.79361,0.21087
-0.66589,-0.98430,0.18584
-0.78871,-1.05375,0.19437
-0.89675,-1.09877,0.19229
-0.98506,-1.01482,0.25322
-1.05076,-1.09154,0.67380
-1.09193,-0.46196,0.71143
-1.06243,-1.01782,0.73558
-1.12923,-0.83053,0.41548
-1.17168,-0.85980,0.26443
-1.18610,-1.02707,0.26755
-1.17235,-1.14028,0.22078
-1.08347,-1.62879,0.29061
-1.09286,-1.33470,0.35820
-1.07972,-0.97596,0.15680
-1.04189,-0.98472,0.23363
-0.98023,-1.19812,0.24261
-0.85020,-1.51891,0.31513
-0.82572,-0.98540,0.18225
-0.78665,-0.66254,0.17987
-0.73168,-0.54663,0.19705
-0.66297,-0.59965,0.15862
-0.54547,-0.77935,0.21349
-0.53195,-0.85811,0.26152
-0.51235,-1.35155,0.27285
-0.48635,-0.73488,0.42384
-0.36178,-0.80048,0.29015
-0.40184,-0.39597,0.14573
-0.44159,-1.20964,0.37383
-0.47708,-0.95605,0.25137
-0.50631,-1.02992,0.23451
-0.46173,-1.04204,0.29911
-0.55509,-1.08072,0.24484
-0.64159,-1.97074,0.49386
-0.71627,-1.32591,0.27074
-0.77646,-1.22796,0.22402
-0.77098,-0.97085,0.16398
-0.87608,-1.03412,0.19245
-0.96309,-1.18230,0.15767
-1.02722,-1.23144,0.24070
-1.06711,-1.33142,0.25866
-1.08073,-1.67076,0.31904
-1.06820,-2.18286,0.43792
-1.03029,-1.75216,0.37842
-0.96849,-1.85674,0.38963
-0.88567,-1.56991,0.30291
-0.78466,-1.03621,0.27599
-0.66784,-1.29530,0.30562
-0.53914,-0.90841,0.28703
-0.40390,-0.41035,0.27141
-0.28194,-0.09828,0.14571
-0.10639,0.35506,0.27315
0.06418,0.76421,0.31916
0.22144,0.81186,0.45083
0.31575,0.93988,0.48459
0.47153,1.00307,0.25122
0.60324,0.37910,0.11786
0.70298,0.40542,0.19067
0.76818,0.92242,0.13906
0.76450,0.91845,0.21032
0.79826,0.79912,0.30087
0.79853,1.05417,0.20930
0.76549,2.34343,0.39188
0.69952,1.89950,0.35625
0.58119,2.07127,0.30745
0.49415,2.12502,0.33359
0.38475,1.20955,0.23731
0.25543,0.70977,0.16678
0.05807,1.11970,0.24150
-0.06575,0.61673,0.20040
-0.19403,-0.06004,0.15499
-0.32437,-0.22410,0.20611
-0.45325,-0.48125,0.25320
-0.61476,-0.64982,0.26060
-0.69096,-1.09807,0.25251
-0.75229,-0.59093,0.30431
-0.79805,-0.59863,0.27220
-0.82768,-0.70063,0.61712
-0.85011,-0.81789,0.27196
-0.80411,-1.09655,0.36167
-0.74018,-0.94606,0.21340
-0.66117,-0.73101,0.17573
-0.59654,-0.63049,0.22741
-0.45975,-0.69607,0.18824
-0.31535,-0.19302,0.14256
-0.16890,0.17484,0.14353
-0.07615,1.55540,0.56764
0.09330,1.73053,0.45545
0.25015,2.46007,0.33356
0.39086,1.91300,0.28156
0.50956,1.56307,0.29909
0.56199,1.72733,0.35650
0.65971,0.64943,0.29871
0.72781,-0.01893,0.10982
0.76054,0.06782,0.11588
0.75793,0.98068,0.33139
0.69817,2.18030,0.38288
0.66734,2.41061,0.31674
0.60656,1.72498,0.24474
0.51808,1.05133,0.17670
0.35549,1.53158,0.24335
0.25745,1.19902,0.26646
0.14287,1.14933,0.22950
0.01599,0.37349,0.33435
-0.12189,0.83524,0.46085
-0.30440,2.14453,0.42509
-0.41347,0.50273,0.69018
-0.51642,-0.11423,0.31662
-0.61320,1.58810,0.60091
-0.70052,1.10147,0.88251
-0.79175,-0.68374,0.17096
-0.80959,-0.88423,0.24544
-0.80906,-0.10094,0.40012
-0.79139,-0.04366,0.27126
-0.78568,0.02598,0.17033
-0.69677,-0.12596,0.15896
-0.59443,0.18410,0.19384
-0.48120,0.28701,0.16624
-0.36090,0.83618,0.14029
-0.23842,0.64120,0.14435
-0.11783,0.75574,0.14122
-0.00203,0.30367,0.17248
0.10495,0.13927,0.11828
0.19899,0.12911,0.11932
0.27576,0.14548,0.10379
0.33317,0.22452,0.17452
0.36920,0.13367,0.13036
0.38200,-0.03191,0.12406
0.37126,-0.25607,0.20070
0.33754,-0.10762,0.13289
0.28199,-0.10945,0.16969
0.20692,0.03585,0.08417
0.11436,-0.17117,0.14883
0.00722,-0.08965,0.15737
-0.11097,0.00775,0.25825
-0.23646,-0.41781,0.22540
-0.36429,-0.62910,0.25882
-0.49015,-0.79624,0.16003
-0.61098,-0.86988,0.14051
-0.72250,-0.84258,0.15525
-0.81939,-0.81305,0.40462
-0.78553,-0.11025,0.77590
-0.96026,-0.01094,0.78516
-1.11861,-0.37891,0.72611
-1.24915,-0.19719,0.22980
-1.34655,-1.48315,0.87381
-1.26815,-1.32096,0.72111
-1.41000,-2.35987,0.52324
-1.52068,-1.96722,0.46905
-1.59614,-3.05425,0.50317
-1.63754,-3.45754,0.54264
-1.45561,-2.98416,0.51348
-1.54529,-2.42058,0.34276
-1.60158,-1.34356,0.27808
-1.62438,-1.53216,0.30072
-1.61374,-1.38760,0.22049
-1.56993,-1.39251,0.26312
-1.36875,-1.21037,0.16604
-1.37425,-1.19270,0.25923
-1.34685,-1.12522,0.21459
-1.28688,-1.02849,0.23274
-1.19610,-0.96829,0.14757
-0.91428,-0.92180,0.19805
-0.89235,-0.88975,0.30155
-0.85623,-0.70956,0.23569
-0.80294,-0.78537,0.20596
-0.73399,-0.42848,0.28255
-0.65173,-0.12383,0.42652
-0.50396,0.36998,0.74017
-0.51966,0.47324,0.59799
-0.53063,-0.31754,0.34211
-0.53413,-0.55148,0.22274
-0.38374,-0.70659,0.23662
-0.48996,-1.62263,0.53551
-0.59337,-2.13616,0.25756
-0.68783,-0.61555,1.02104
-0.76942,-1.65831,0.36616
-0.69600,-1.60135,0.96039
-0.85981,-1.84230,0.38411
-1.01124,-1.44556,0.47321
-1.14060,-1.41081,0.26776
-1.24137,-1.30514,0.44845
-1.13933,-1.61476,0.78697
-1.29131,-1.97718,0.42561
-1.41805,-1.50736,0.92341
-1.50858,-1.71592,0.32086
-1.56461,-2.05012,0.44130
-1.58769,-1.76413,0.29173
-1.57790,-2.38678,0.52361
-1.53547,-1.93998,0.45446
-1.46079,-1.92291,0.43443
-1.35444,-1.57989,0.41039
-1.21716,-5.17308,1.34302
-1.05309,-3.47644,1.08716
-0.86909,-2.46997,0.43513
-0.66771,-1.28188,0.36884
-0.45484,-1.06932,0.22560
-0.23994,-0.98530,0.21636
-0.02853,-1.89044,0.56317
0.17723,0.11713,0.14981
0.37019,0.58119,0.24697
0.53960,0.80363,0.23045
0.68074,1.25665,0.20048
0.78950,1.20940,0.17464
0.86520,1.28643,0.19561
0.90700,1.13338,0.19890
0.91647,0.90399,0.19109
0.89394,0.85413,0.20179
0.83967,0.76032,0.19850
0.75410,0.49252,0.21566
0.63782,0.00375,0.24518
0.49439,-0.07574,0.11746
0.32749,-1.08724,0.32308
0.14239,-1.26702,0.74866
-0.05268,-3.86095,2.07628
-0.25587,-2.91815,0.69949
-0.46164,-5.36585,1.14078
-0.66382,-6.38728,1.42444
-0.85634,-7.59143,1.71850
-1.02932,-5.25398,1.10997
-1.18136,-4.59026,0.99125
-1.30670,-5.10951,1.21666
-1.40056,-3.49749,0.81887
-1.45934,-2.46038,0.54452
-1.48524,-1.89897,0.58077
-1.47955,-1.42638,0.28085
-1.44244,-1.34874,0.24444
-1.37423,-1.26012,0.28185
-1.27540,-1.22413,0.19327
-1.14719,-0.97447,0.23007
-0.99421,-0.79581,0.17041
-0.82407,-0.66884,0.11459
-0.63850,-0.38093,0.15747
-0.44260,-0.08579,0.10161
-0.24330,0.09738,0.09228
-0.04609,0.46047,0.18347
0.14510,0.55772,0.20443
0.36293,0.75343,0.15120
0.44359,0.72136,0.15781
0.49751,0.72905,0.19012
0.52605,0.60632,0.21106
0.60375,0.42880,0.21446
0.49782,0.38352,0.19443
0.36555,0.11226,0.12524
0.21415,0.14328,0.16070
0.04732,-0.04837,0.08708
-0.07077,-0.46831,0.12476
-0.32592,-0.68703,0.15626
-0.58185,-0.96653,0.20991
-0.83194,-0.94890,0.23048
-1.06861,-1.37940,0.28889
-1.16225,-1.17228,0.48693
-1.41896,0.75557,1.14981
-1.64994,0.18437,1.29621
-1.84829,0.42494,0.86517
-2.01723,0.25109,1.29641
-2.15658,-0.56203,1.13026
-2.14392,-1.20481,1.09293
-2.30139,-1.97469,0.44112
-2.42922,-2.43695,0.30066
-2.52686,-2.58777,0.45898
-2.59391,-1.99582,0.83393
-2.63014,-2.28369,0.38125
-2.52081,-2.20113,0.57725
-2.57686,-2.16613,0.34629
-2.60225,-2.08181,0.43269
-2.59695,-2.08897,0.41804
-2.56109,-2.17752,0.51042
-2.49496,-2.16285,0.38761
-2.29398,-2.00444,0.37397
-2.24815,-1.97158,0.53311
-2.17236,-1.81028,0.23293
-2.06709,-0.62334,0.89240
-1.93297,-1.18723,0.51020
-1.77078,-1.32069,0.27831
-1.48298,-0.75987,0.43267
-1.34028,-0.81583,0.32910
-1.16996,-0.77530,0.26455
-0.97365,-0.76090,0.21474
-0.76095,-0.38144,0.18095
-0.53810,0.05569,0.06027
-0.30737,0.80363,0.26418
-0.07388,0.84387,0.18848
0.15574,1.53247,0.30393
0.37196,3.92800,0.62916
0.56805,2.84143,0.63732
0.74156,3.15886,0.51786
0.88667,3.59890,0.54250
0.99761,3.39080,0.52028
1.07792,3.02645,0.60883
1.12852,1.65268,1.19943
1.14922,1.94515,0.34768
1.14000,1.10070,0.20343
1.10099,1.19849,0.18103
1.03246,1.57652,0.26727
0.93484,1.46447,0.22522
0.80869,0.86466,0.19623
0.65473,0.51387,0.18801
0.47514,0.35973,0.20419
0.27575,0.17468,0.16850
0.06441,-0.19116,0.12279
-0.15587,-0.46552,0.15782
-0.37931,-0.79143,0.15035
-0.59815,-1.06052,0.19068
-0.80715,-1.21192,0.18806
-1.00038,-1.32391,0.21079
-1.17400,-1.36762,0.45758
-1.32169,-1.51356,0.38534
-1.43702,-1.45254,0.45804
-1.52048,-1.66516,0.28311
-1.57363,-1.44729,0.58712
-1.59703,-0.50084,0.76005
-1.59069,-1.18385,0.33967
-1.55470,-1.19805,0.21528
-1.48934,-1.18576,0.30581
-1.39500,-0.95502,0.16225
-1.27223,-0.48733,0.35225
-1.12229,-0.06327,0.21892
-0.94985,0.21227,0.19110
-0.76053,0.79475,0.15354
-0.56046,1.13893,0.19556
-0.35628,1.24259,0.21722
-0.14928,1.62088,0.23120
0.05480,1.92221,0.23021
0.24630,3.03442,0.46178
0.42039,3.46129,0.68372
0.57550,2.96564,0.54144
0.70254,0.76019,2.28384
0.79837,3.62875,0.47922
0.86327,4.45625,0.79082
0.89718,2.64980,0.40579
0.90119,2.39166,0.34778
0.89587,2.64893,0.43712
0.81909,2.11630,0.29115
0.71349,1.37688,0.24796
0.57997,1.10723,0.16692
0.42380,0.76412,0.16477
0.24797,0.09854,0.16196
0.05746,-0.20431,0.11724
-0.13970,-0.18613,0.15097
-0.33902,-0.45756,0.13364
-0.53885,-0.63641,0.12322
-0.73325,-0.77277,0.17687
-0.91263,-0.94370,0.25400
-1.07243,-1.02930,0.21989
-1.21128,-1.23250,0.26341
-1.32371,-1.32757,0.25946
-1.40337,-1.27232,0.28055
-1.45073,-1.53495,0.34993
-1.46766,-1.23176,0.39422
-1.45474,-1.40766,0.33587
-1.41210,-1.31918,0.25415
-1.34005,-1.57973,0.40202
-1.23913,-1.62733,0.42398
-1.11113,-1.11496,0.83602
-0.96208,0.50839,0.59743
-0.79632,0.33980,0.67853
-0.61693,0.45499,0.18961
-0.42852,0.32419,0.24022
-0.23746,0.17683,0.16878
-0.04878,0.39046,0.25821
0.13394,0.23232,0.17671
0.30523,0.62874,0.16677
0.45797,0.85755,0.29030
0.58749,0.61385,0.31159
0.69201,1.33724,0.18868
0.76801,1.33286,0.23572
0.81140,1.30294,0.17396
0.82266,1.05388,0.13477
0.80381,1.09479,0.21469
0.75509,1.05525,0.19094
0.67685,1.13061,0.17610
0.57073,0.70569,0.19186
0.43972,0.24235,0.16157
0.28749,0.27914,0.17127
0.12033,0.17539,0.14062
-0.05699,-0.24975,0.23134
-0.24246,-0.59854,0.28619
-0.43172,-0.88772,0.17182
-0.61657,-1.24283,0.24636
-0.79146,-1.35392,0.33171
-0.95416,-1.34994,0.26014
-1.09960,-1.83368,0.36319
-1.21996,-2.07025,0.47352
-1.31138,-0.85731,0.50696
-1.37182,-1.76988,0.29753
-1.40012,-1.94546,0.23737
-1.24787,-1.15326,0.44228
-1.31530,-1.36086,0.68295
-1.35527,-1.12626,0.38399
-1.37166,-0.75101,0.50008
-1.30484,0.10465,0.76421
-1.14862,-0.54213,0.36291
-0.97559,-0.43510,0.18450
-0.78685,-0.31362,0.16693
-0.58620,-0.05148,0.13346
-0.37811,0.25952,0.17305
-0.16825,0.93536,0.18262
0.03571,1.17332,0.29932
0.23061,2.00407,0.33971
0.40998,2.59895,0.37298
0.56605,2.40811,0.33608
0.69477,2.38247,0.24983
0.79241,1.92739,0.28914
0.85814,1.66349,0.27162
0.89222,1.25607,0.24938
0.89593,1.48201,0.25368
0.86942,1.03861,0.19684
0.81291,1.11921,0.25319
0.72678,1.03068,0.17847
0.61221,1.20371,0.21211
0.47301,0.92905,0.16466
0.31217,0.14125,0.13235
0.13706,0.08303,0.17838
-0.04780,-0.08418,0.13239
-0.24076,-0.55237,0.14770
-0.43635,-0.92790,0.14487
-0.62561,-1.04596,0.19452
-0.80378,-1.20067,0.24184
-0.96583,-1.42588,0.26428
-1.10671,-1.28871,0.23202
-1.22361,-1.47620,0.27799
-1.31216,-1.43609,0.30896
-1.36962,-1.34894,0.23715
-1.39550,-1.25732,0.22613
-1.38995,-1.25350,0.21869
-1.35390,-1.26764,0.19304
-1.28788,-0.94839,0.15781
-1.19244,-0.91061,0.24357
-1.07109,-0.69075,0.12065
-0.92922,-0.67626,0.16665
-0.77115,-0.63058,0.17232
-0.59886,-0.43738,0.21073
-0.41645,-0.21389,0.13905
-0.23148,-0.14840,0.13187
-0.04937,-0.02866,0.06927
0.12530,0.14170,0.11110
0.28724,0.07517,0.12368
0.42960,0.55866,0.17661
0.54861,0.88337,0.15937
0.64076,1.08019,0.16548
0.70446,0.77142,0.14298
0.73671,0.78865,0.17192
0.73748,0.89286,0.15023
0.80012,0.52974,0.21090
0.63030,0.30642,0.18032
0.43572,0.13126,0.11928
0.22348,-0.06825,0.11223
-0.00197,-0.27851,0.14305
-0.12281,-0.34591,0.16512
-0.44442,-0.82652,0.25721
-0.76291,-0.84866,0.26722
-1.07154,-1.15566,0.25443
-1.36100,-1.41754,0.33953
-1.61959,-1.55296,0.32549
-1.63116,-2.15504,0.25133
-1.92480,-2.47912,0.33217
-2.19566,-2.48664,0.23279
-2.44241,-2.53790,0.38985
-2.66387,-2.90885,0.37253
-2.85899,-2.88362,0.37705
-3.02685,-2.97943,0.40055
-2.90364,-3.25089,0.38107
-3.11881,-3.20449,0.53731
-3.30762,-3.37960,0.54610
-3.46921,-3.42216,0.43348
-3.60283,-3.57001,0.47027
-3.70789,-3.89387,0.54804
-3.78393,-3.80226,0.46252
-3.83066,-3.84626,0.53303
-3.64977,-3.82886,0.49551
-3.74918,-4.05520,0.58173
-3.81970,-4.28341,0.58918
-3.86104,-3.91580,0.64233
-3.87308,-3.59835,0.42355
-3.85581,-3.51730,0.90803
-3.80940,-3.87956,0.58463
-3.50194,-4.09375,0.66207
-3.50916,-3.33075,0.99685
-3.48727,-3.57111,0.50831
-3.43643,-3.41182,0.46510
-3.35695,-3.24876,0.46276
-3.24928,-3.09746,0.45519
-3.11402,-3.09875,0.57835
-2.70166,-2.83775,0.54048
-2.61830,-2.89967,0.57287
-2.50696,-2.57207,0.48980
-2.36825,-2.75565,0.74804
-2.20290,-2.04463,0.34078
-2.01174,-1.82866,0.35750
-1.79577,-1.34680,0.28203
-1.55608,-1.43285,0.31605
-1.14605,-0.98103,0.20908
-0.95248,-0.51587,0.25450
-0.74452,-0.16591,0.16342
-0.52756,0.13324,0.14544
-0.30590,0.27157,0.12481
-0.08217,0.38042,0.12059
0.28912,0.67310,0.17487
0.38999,0.74976,0.15291
0.46446,0.77670,0.16381
0.51727,0.39753,0.13760
0.54660,0.50176,0.17977
0.55090,0.34018,0.17826
0.53059,0.61227,0.19389
0.48642,0.63624,0.13329
0.41959,0.89462,0.18902
0.33296,0.86873,0.16278
0.22813,0.36400,0.16730
0.10762,-0.25393,0.21578
-0.02512,-0.22147,0.14460
-0.16489,-0.31031,0.13459
-0.30757,-0.34728,0.13643
-0.44968,-0.44259,0.17538
-0.58910,-0.40171,0.12880
-0.71999,-0.04321,0.22370
-0.83763,1.45301,0.44027
-0.94056,0.63270,0.71608
-1.02552,-0.61508,0.23273
-1.08779,-0.58019,0.24082
-1.12548,-0.20241,0.20617
-1.13867,0.71845,0.44696
-1.12687,0.89748,0.32948
-1.09017,0.95793,0.39287
-1.03025,2.15733,0.34165
-0.94846,2.57299,0.45221
-0.84695,2.25304,0.41394
-0.73013,2.93704,0.80645
-0.60162,2.92788,0.57617
-0.46312,3.25834,0.57018
-0.31982,3.53788,0.59902
-0.17796,3.50418,0.49747
-0.04080,3.49621,0.48939
0.08897,3.03652,0.46706
0.20678,3.53947,0.63442
0.30745,4.42085,0.59331
0.38833,4.56579,0.72248
0.44798,3.87107,0.71699
0.48412,3.84814,0.64970
0.49530,3.58525,0.69098
0.48183,2.88492,0.40279
0.44443,2.96507,0.53257
0.38447,2.16477,0.37058
0.30462,1.11995,0.49831
0.20744,0.44286,0.49029
0.09499,0.39252,0.44514
-0.02908,1.18156,0.61866
-0.15991,0.08203,0.45168
-0.29394,-0.68816,0.27520
-0.42853,-0.71882,0.20859
-0.55926,-0.91033,0.37822
-0.57039,-1.33857,0.63294
-0.75365,-1.15602,0.89012
-0.92432,-0.46293,0.69978
-1.07621,-0.40637,0.20963
-1.20342,-0.83369,0.42400
-1.30013,-1.96541,0.37246
-1.30992,-2.82118,0.52366
-1.41683,-3.42841,0.77178
-1.49207,-2.07887,0.37884
-1.53498,-1.44777,0.37184
-1.54627,-2.07211,0.46181
-1.45123,-3.32821,0.53155
-1.47458,-1.79160,0.36305
-1.46655,-1.53445,0.25569
-1.42732,-1.98448,0.58308
-1.35724,-1.49817,0.31419
-1.16225,-1.63818,0.29264
-1.10621,-1.25550,0.28637
-1.02955,-1.34945,0.31610
-0.93172,-1.08180,0.21470
-0.81677,-0.57610,0.24948
-0.57867,-0.20175,0.13550
-0.50974,-0.33047,0.13595
-0.43800,-1.04826,0.32365
-0.36340,-0.72420,0.16424
-0.28608,-1.04652,0.33733
-0.11298,-0.37768,0.19949
-0.11568,0.07899,0.14956
-0.12735,-0.38053,0.16077
-0.14459,-0.17253,0.18911
-0.16663,-0.39198,0.24765
-0.12509,-0.23365,0.16100
-0.23219,-0.42558,0.28731
-0.34272,-0.48234,0.31414
-0.45138,-0.93147,0.19929
-0.55651,-1.17532,0.20120
-0.65436,-1.32991,0.25847
-0.73946,-1.51575,0.29544
-0.81106,-1.36615,0.31023
-0.86647,-1.36424,0.33086
-0.90299,-1.65652,0.40088
-0.91953,-1.59767,0.45723
-0.91571,-1.95957,0.37973
-0.89178,-1.65857,0.33684
-0.84865,-1.81032,0.49665
-0.81184,-1.31926,0.31304
-0.69723,-1.07824,0.22942
-0.56822,-0.68859,0.23067
-0.42973,-0.47377,0.27586
-0.33328,-0.04428,0.37641
-0.15348,-0.06817,0.33151
0.02469,0.18592,0.18757
0.19271,0.36375,0.22207
0.34466,0.32662,0.17355
0.43730,0.65640,0.17323
0.58239,0.55974,0.17880
0.69957,0.79839,0.18481
0.78350,2.37619,0.38642
0.83303,3.66914,0.52510
0.81828,3.40989,0.58357
0.83857,3.02560,0.43076
0.82607,3.51383,0.50119
0.78099,2.24203,0.36168
0.70375,1.32495,0.22292
0.57518,1.43238,0.24769
0.47732,1.58094,0.29003
0.35611,0.45143,0.21504
0.21547,0.17848,0.14479
0.00876,0.12562,0.12034
-0.12273,-0.00058,0.12398
-0.26036,0.08292,0.16295
-0.39871,-0.42630,0.19083
-0.53358,-0.61409,0.23950
-0.70074,-0.87868,0.21593
-0.78068,-0.92825,0.11658
-0.84479,-1.02717,0.15403
-0.89027,-1.13370,0.21349
-0.91587,-1.04581,0.20557
-0.93732,-1.04305,0.22822
-0.88370,-0.88945,0.15880
-0.81013,-0.65269,0.14609
-0.71919,-0.56059,0.17363
-0.64573,0.25742,0.22058
-0.49254,0.97395,0.22563
-0.33250,1.52757,0.26205
-0.17121,1.43438,0.27760
-0.01159,0.97876,0.21971
0.11931,1.05115,0.18795
0.29360,0.66552,0.23677
0.44780,0.03235,0.10438
0.57818,-0.00847,0.14473
0.67941,1.92136,0.59398
0.73391,2.40853,0.40491
0.80571,2.11712,0.37587
0.84359,1.89426,0.32308
0.84800,1.75994,0.31863
0.77827,1.64211,0.25642
0.75541,1.74946,0.26179
0.70010,2.13687,0.30051
0.61366,2.27708,0.41641
0.49972,1.60621,0.36191
0.33008,1.44339,0.31293
0.21269,1.19148,0.40939
0.08068,0.55603,0.23774
-0.06277,2.25828,0.39442
-0.21204,1.29126,0.51012
-0.38801,-0.21033,0.19580
-0.50018,-0.60630,0.20354
-0.60504,-0.50117,0.19474
-0.69886,-0.77762,0.15947
-0.82286,-0.73877,0.19706
-0.84807,-0.69298,0.26384
-0.85323,-0.66324,0.23073
-0.84002,-0.70692,0.23058
-0.80900,-0.37915,0.16729
-0.76103,-0.54811,0.17001
-0.69855,-0.52382,0.18968
-0.62248,-0.64218,0.16791
-0.53525,-0.73841,0.12314
-0.44118,-0.50793,0.21682
-0.34319,-0.51189,0.18265
-0.24254,-0.21046,0.15581
-0.14265,-0.25338,0.15334
-0.04887,-0.15055,0.15381
0.03759,-0.25640,0.18890
0.11356,-0.38343,0.21582
0.17458,-0.32796,0.15997
0.21889,-0.30204,0.13123
0.24615,-0.02312,0.13879
0.25505,-0.08064,0.18686
0.24488,0.08054,0.18880
0.21633,0.02874,0.14171
0.17008,0.45898,0.49383
0.10763,-0.19971,0.28581
0.03215,0.10280,0.37050
-0.05387,-0.08469,0.25350
-0.14765,-0.08139,0.25912
-0.11518,0.76716,0.41788
-0.33078,0.77474,0.50154
-0.54729,0.07486,0.71636
-0.75519,0.02750,0.50774
-0.95120,-0.12944,0.13917
-0.96233,-0.37820,0.21364
-1.21896,-0.36001,0.45450
-1.44893,-2.38424,0.42319
-1.64630,-2.60427,0.48745
-1.80844,-2.62469,0.65284
-1.93764,-2.84726,0.78340
-1.88278,-2.52872,0.45535
-2.05752,-4.07358,0.65054
-2.20052,-3.31281,0.50067
-2.31116,-3.13129,0.60338
-2.38900,-2.37516,0.61629
-2.43382,-2.95968,0.37479
-2.29614,-2.47841,0.38893
-2.38938,-2.01937,0.24068
-2.45009,-2.06216,0.47911
-2.47813,-2.11056,0.31103
-2.47350,-1.93330,0.87200
-2.43639,-2.72538,0.58853
-2.21625,-2.70155,0.41706
-2.22862,-2.52497,0.48286
-2.20878,-2.31501,0.31153
-2.15697,-1.93350,0.31191
-2.07364,-1.85260,0.31893
-1.95936,-1.84414,0.32389
-1.66962,-1.45954,0.33115
-1.60412,-1.15724,0.22509
-1.50766,-1.02022,0.17855
-1.38088,-0.89748,0.16559
-1.22459,-1.16865,0.19464
-1.04151,-1.40517,0.26646
-0.71858,-1.16293,0.24213
-0.60548,-0.42591,0.40313
-0.48698,-0.01844,0.20636
-0.36387,-0.03525,0.16416
-0.23907,0.10902,0.37436
0.01086,-0.01090,0.18815
0.01601,-0.32499,0.19891
0.00641,-0.26209,0.19824
-0.01355,-0.84680,0.21839
-0.04261,-0.56274,0.37341
0.00036,0.02836,0.52555
-0.15688,-0.09967,0.73661
-0.32151,-0.01581,0.61317
-0.48795,-0.32417,0.15872
-0.65127,-0.87616,0.30394
-0.80336,-1.38991,0.25463
-0.93879,-1.13193,0.23745
-1.05560,-1.04737,0.36732
-1.14973,-1.32615,0.36792
-1.21558,-2.43622,0.98225
-1.25107,-2.17723,0.47895
-1.25642,-3.42034,0.62376
-1.23147,-3.15688,0.59081
-1.17725,-3.52327,0.84608
-1.09607,-3.24692,0.58297
-0.98975,-3.47368,0.59013
-0.86134,-3.27153,0.78546
-0.71654,-1.33044,0.28213
-0.55817,-1.33572,0.27794
-0.39186,-0.37689,0.39243
-0.22337,0.22835,0.22368
-0.05881,0.16742,0.16653
0.09722,0.23858,0.13040
0.24136,0.32532,0.16062
0.36817,0.37843,0.19235
0.47176,0.57493,0.19367
0.54937,0.59311,0.14128
0.59965,0.33982,0.21073
0.62068,0.05526,0.21644
0.61179,-0.26062,0.21628
0.57411,-2.17132,0.38332
0.50909,-1.14573,0.48581
0.41919,-3.28726,0.92848
0.30840,-2.82772,0.65046
0.18016,-3.06673,0.54134
0.03721,-3.21877,0.78658
-0.11588,-4.52935,0.96839
-0.27308,-5.04851,1.15683
-0.43003,-3.34567,0.75219
-0.58356,-2.49870,0.82625
-0.72831,-0.67567,0.79925
-0.85929,-1.15814,0.21032
-0.97053,-1.08874,0.22017
-1.05888,-1.06662,0.17514
-1.12342,-1.13606,0.16731
-1.16001,-1.18356,0.22315
-1.16806,-1.20483,0.23173
-1.14806,-0.99961,0.20794
-1.10082,-0.85848,0.14166
-1.02884,-0.84774,0.12863
-0.93481,-0.69987,0.14783
-0.82022,-0.73468,0.24100
-0.63500,-0.76452,0.16531
-0.57728,-0.52231,0.15595
-0.51339,-0.48204,0.13447
-0.44195,-0.27947,0.15207
-0.36515,-0.40384,0.16458
-0.25361,-0.17476,0.14820
-0.26257,0.03617,0.07434
-0.27448,-0.06569,0.11390
-0.28722,-0.07231,0.08660
-0.21692,-0.35875,0.14488
-0.31623,-0.38850,0.13503
-0.41868,-0.41495,0.11383
-0.51674,-0.50498,0.12491
-0.60685,-0.71092,0.11483
-0.62625,-0.89722,0.16183
-0.77908,-0.97280,0.22976
-0.91694,-1.12852,0.18851
-1.03325,-0.93232,0.18136
-1.12633,-1.28536,0.22358
-1.12957,-1.37744,0.27625
-1.24976,-1.30784,0.23377
-1.33980,-1.38103,0.25617
-1.39643,-1.37574,0.23562
-1.41717,-1.44422,0.24295
-1.33361,-1.47902,0.24849
-1.37211,-1.49590,0.32122
-1.37825,-1.26556,0.21153
-1.35092,-1.16094,0.23436
-1.29082,-1.06128,0.20202
-1.11940,-0.99868,0.15046
-1.08415,-0.83493,0.16427
-1.02738,-0.79883,0.19857
-0.94899,-0.73669,0.18409
-0.85106,-0.61493,0.24304
-0.65194,-0.23020,0.25165
-0.60541,-0.76992,0.16054
-0.55267,-0.59268,0.15269
-0.49267,-0.47830,0.13841
-0.42568,-0.26466,0.15640
-0.35387,-0.03344,0.15089
-0.28090,0.05005,0.12174
-0.20773,0.73981,0.23477
-0.13678,1.09287,0.27653
-0.07119,1.15129,0.28426
-0.01324,1.13331,0.28668
0.03560,0.86735,0.17550
0.07354,1.06933,0.21080
0.09875,0.99394,0.19856
0.11035,0.67166,0.20676
0.10811,0.05937,0.15890
0.09201,0.64203,0.22208
0.06258,0.89016,0.20887
0.02061,0.11723,0.10425
-0.03259,0.07383,0.17901
-0.09530,0.05013,0.09910
-0.16502,0.07186,0.19151
-0.23994,-0.14065,0.17649
-0.31776,-0.24920,0.16408
-0.39518,-0.26634,0.18181
-0.46953,-0.54103,0.15609
-0.53890,-0.60639,0.18032
-0.60077,-0.54264,0.12068
-0.65222,-0.24566,0.15509
-0.69134,-0.46724,0.26581
-0.71714,0.41907,0.47785
-0.72858,-0.51751,0.21933
-0.72494,-0.39656,0.20483
-0.70639,-0.20888,0.21089
-0.67334,-0.34531,0.17948
-0.62669,-0.03160,0.15373
-0.56853,0.08598,0.14338
-0.50100,0.61265,0.19132
-0.42537,0.89303,0.16051
-0.34380,1.04571,0.17973
-0.26027,1.09805,0.16173
-0.17799,1.74656,0.35086
-0.09845,1.52122,0.25659
-0.02423,2.13600,0.36397
0.04044,1.80380,0.33419
0.09289,3.13761,0.40667
0.13219,3.63832,0.48146
0.15683,2.59362,0.43703
0.16544,2.10239,0.31288
0.17764,1.55275,0.26401
0.12873,1.34105,0.26012
0.06308,0.67724,0.30887
-0.01670,0.12363,0.14977
-0.10674,0.45608,0.18695
-0.20484,-0.12688,0.19479
-0.30839,-0.36167,0.11983
-0.41303,-0.34878,0.10292
-0.51284,-0.29653,0.13972
-0.60462,-0.16452,0.24451
-0.68616,-0.57016,0.14661
-0.75404,-0.36458,0.20358
-0.80483,-0.01571,0.30083
-0.83757,-0.82634,0.27513
-0.85087,-0.86882,0.30094
-0.84404,-0.30825,0.82431
-0.81765,-0.72427,0.28018
-0.77258,0.49296,0.74001
-0.71051,0.58218,0.55604
-0.63430,0.85029,0.68512
-0.54657,0.68672,0.23230
-0.44953,0.07352,0.26407
-0.34667,-0.27909,0.18306
-0.24261,-0.18140,0.21602
-0.14082,-0.32822,0.28545
-0.04384,0.31069,0.22797
0.04443,0.10842,0.19347
0.11954,0.11099,0.22961
0.17895,0.44177,0.18559
0.22122,0.55468,0.16457
0.24445,0.72335,0.11574
0.24747,0.53812,0.10091
0.23049,0.28794,0.16874
0.19417,0.59541,0.14119
0.13985,0.26097,0.15314
0.06950,0.30321,0.18751
-0.01362,0.15607,0.14864
-0.10668,0.22669,0.17663
-0.20733,0.05640,0.19076
-0.31191,0.05431,0.28184
-0.41563,-0.84412,0.20752
-0.51498,-0.81929,0.22228
-0.60819,-0.84282,0.28041
-0.68961,-0.38363,0.61078
-0.75618,-1.00013,0.26590
-0.80692,0.52862,0.88888
-0.83948,-1.27456,0.27856
-0.85597,-0.91187,0.25325
-0.76725,-0.90298,0.19181
-0.85092,-0.83240,0.17559
-0.92205,0.37914,0.66870
-0.91970,-0.80168,0.39425
-0.82010,-0.64529,0.19596
-0.70556,-0.44659,0.15444
-0.57374,-0.26823,0.15777
-0.43316,-0.04255,0.14309
-0.28859,0.24606,0.16017
-0.14215,1.09574,0.18718
-0.00186,1.64349,0.22295
0.12714,1.79671,0.26909
0.24272,1.48754,0.22029
0.33982,1.45643,0.23394
0.41212,0.84195,0.19286
0.45748,0.88321,0.11236
0.47569,0.93011,0.17108
0.46569,0.70621,0.16180
0.42791,0.85884,0.22532
0.36430,0.86997,0.18719
0.27634,0.83707,0.16037
0.16723,0.71435,0.16276
0.04274,0.09606,0.07911
-0.09293,-0.12409,0.12979
-0.23769,-0.46803,0.12949
-0.38658,-0.55367,0.15547
-0.53154,-0.73924,0.14365
-0.66768,-0.89688,0.14369
-0.79282,-1.03727,0.15378
-0.90164,-1.09238,0.20221
-0.98716,-1.05056,0.17210
-1.04674,-0.98922,0.19815
-1.07990,-0.98816,0.15977
-1.08496,-1.09425,0.15180
-1.06141,-0.93351,0.16587
-1.01079,-0.76456,0.13022
-0.93444,-0.69107,0.14770
-0.83514,-0.66251,0.14279
-0.71818,-0.66579,0.15150
-0.58755,-0.58787,0.16999
-0.44527,-0.51105,0.15302
-0.29616,-0.39208,0.13971
-0.14809,-0.08577,0.13448
-0.00595,-0.12078,0.12972
0.12541,0.26463,0.19218
0.24363,0.54887,0.14146
0.34119,0.65235,0.15239
0.41463,0.86783,0.15847
0.46318,0.59097,0.13985
0.48450,0.61796,0.17473
0.52446,0.23412,0.17728
0.36614,0.17177,0.15420
0.18165,-0.08206,0.07242
-0.01880,-0.26152,0.11559
-0.11088,-0.37580,0.10531
-0.42794,-0.74939,0.18623
-0.74697,-1.04004,0.23495
-1.05654,-1.20973,0.26557
-1.34340,-1.33483,0.22027
-1.59705,-1.55851,0.29780
-1.67462,-1.91304,0.29971
-1.96251,-2.22515,0.35611
-2.22144,-2.37487,0.28548
-2.45011,-2.45140,0.33688
-2.64739,-2.61119,0.36155
-2.81232,-2.69657,0.37463
-2.74012,-2.76487,0.28878
-2.95216,-3.01601,0.39878
-3.13284,-2.84282,0.38414
-3.28133,-3.44269,0.44915
-3.39698,-3.29509,0.55496
-3.47933,-3.44389,0.44328
-3.52810,-3.29380,0.53908
-3.37511,-3.93720,0.55853
-3.47586,-3.77984,0.57745
-3.54364,-3.74146,0.59829
-3.57827,-3.95124,0.51193
-3.57975,-3.70116,0.59364
-3.54822,-3.72938,0.53151
-3.23381,-3.57343,0.58458
-3.25548,-3.46729,0.42603
-3.24446,-3.01149,0.41206
-3.20098,-3.16776,0.56499
-3.12544,-2.46162,0.60228
-3.01841,-2.58724,0.39696
-2.88063,-3.02304,0.56769
-2.50780,-2.87380,0.65329
-2.42188,-2.48940,0.51931
-2.30504,-2.42481,0.51405
-2.15807,-2.07866,0.47843
-1.98188,-1.60611,0.25257
-1.77755,-1.64127,0.42510
-1.54629,-1.51837,0.31754
-1.14173,-1.15808,0.22410
-0.96268,-0.79469,0.18031
-0.76798,-0.17707,0.18086
-0.56219,0.12443,0.15141
-0.34898,0.26126,0.16940
-0.13642,0.22220,0.16466
0.17617,0.27671,0.15203
0.25920,0.36254,0.10211
0.32024,0.47378,0.09593
0.36118,0.33896,0.10092
0.38055,0.20883,0.15381
0.37842,0.40068,0.22780
0.35491,0.41591,0.16228
0.31086,0.82453,0.14812
0.24831,0.72539,0.19719
0.16869,0.74988,0.17536
0.07406,0.04868,0.31563
-0.03272,-0.35470,0.14070
-0.14655,-0.36596,0.13029
-0.26418,-0.20387,0.12821
-0.38419,-0.17574,0.16047
-0.50054,-0.27866,0.17793
-0.60958,0.32842,0.35438
-0.71000,1.62907,0.43387
-0.79792,2.16850,0.46770
-0.86828,0.29115,0.47276
-0.91925,-0.19595,0.33638
-0.95055,-0.12769,0.21453
-0.96073,1.15302,0.25106
-0.94903,1.15984,0.36803
-0.91633,1.92580,0.39542
-0.86343,2.46901,0.52871
-0.79205,2.33204,0.43755
-0.70577,2.73936,0.58322
-0.60580,3.12127,0.60383
-0.49525,4.90327,0.69447
-0.37955,3.44179,0.58325
-0.26216,3.86558,0.56183
-0.14450,3.28095,0.44821
-0.03067,2.84401,0.35932
0.07523,3.40625,0.58728
0.16743,3.23045,0.42714
0.24496,4.55729,0.76861
0.30484,2.36957,0.40241
0.34461,3.24659,0.40586
0.36201,2.45171,0.47482
0.35735,2.42816,0.45498
0.33071,3.14043,0.48080
0.28291,2.06601,0.32944
0.21643,1.01055,0.50050
0.13239,0.65796,0.59619
0.03354,0.95195,0.56495
-0.07691,0.67511,0.64584
-0.19358,-0.08902,0.45415
-0.31493,-0.41669,0.35885
-0.43711,-0.42503,0.73532
-0.55490,-0.76856,0.76006
-0.62752,-0.39559,0.65695
-0.80124,-0.53302,0.68499
-0.96199,-0.52058,0.40341
-1.10193,-0.79659,0.40199
-1.09914,-1.83502,0.48194
-1.25765,-3.45528,0.62745
-1.38959,-3.17304,0.63213
-1.48649,-2.64715,0.45122
-1.54693,-1.47934,0.38718
-1.57340,-1.85772,0.32070
-1.51812,-2.28973,0.49537
-1.55489,-2.13224,0.35295
-1.55833,-2.00792,0.44090
-1.52859,-3.05695,0.74716
-1.46603,-1.01336,0.20530
-1.31226,-1.71803,0.35350
-1.26146,-1.81595,0.40695
-1.18126,-1.89006,0.42500
-1.07313,-0.71859,0.24192
-0.94089,-0.38019,0.17652
-0.72128,-0.34339,0.15112
-0.63105,-0.56482,0.20944
-0.53311,-0.86610,0.22109
-0.42674,-0.88650,0.18821
-0.31452,-0.48084,0.17895
-0.14566,0.06544,0.16369
-0.11385,-0.28757,0.21604
-0.09001,0.13347,0.14038
-0.07314,0.00508,0.13210
0.03306,-0.02935,0.08705
-0.04337,-0.20361,0.18111
-0.13215,-0.34348,0.22639
-0.22804,-0.30886,0.26476
-0.32623,-0.84815,0.28741
-0.42493,-0.63663,0.23664
-0.52138,-1.29683,0.36332
-0.61195,-1.25428,0.35540
-0.69105,-1.05911,0.22368
-0.75603,-1.41678,0.40903
-0.80582,-1.09201,0.20687
-0.83839,-1.28160,0.34875
-0.85220,-1.82270,0.38170
-0.84712,-2.16283,0.33498
-0.84992,-1.95797,0.30353
-0.76918,-1.49192,0.41829
-0.67163,-0.92314,0.28519
-0.56263,-0.65423,0.22917
-0.48678,-0.75735,0.29121
-0.32543,-0.70945,0.42493
-0.16163,-0.42070,0.26695
-0.00346,0.02930,0.13059
0.14409,0.18944,0.10710
0.24834,0.18299,0.10905
0.40071,0.27796,0.16730
0.52894,0.52613,0.17525
0.62945,1.59880,0.41773
0.69813,3.21311,0.48111
0.71721,3.62257,0.47789
0.75603,3.50216,0.67813
0.76110,3.21428,0.35139
0.73140,2.36560,0.23525
0.62848,1.22878,0.22068
0.57458,1.63450,0.23780
0.49460,0.95742,0.15061
0.39021,0.74654,0.15657
0.26319,0.25927,0.15702
0.09179,0.21462,0.16130
-0.02529,0.09107,0.16034
-0.15146,0.20001,0.17548
-0.28358,0.06161,0.18307
-0.41731,-0.44532,0.31246
-0.55881,-0.89468,0.16518
-0.63972,-0.90596,0.18641
-0.70952,-1.08075,0.21274
-0.76469,-0.95500,0.23066
-0.82966,-1.07040,0.22507
-0.81218,-1.00283,0.19059
-0.77588,-0.75180,0.13800
-0.72369,-0.41060,0.21948
-0.69582,0.19954,0.15902
-0.57819,0.61902,0.24958
-0.44899,1.00302,0.19489
-0.31575,0.92109,0.21910
-0.18283,0.74036,0.18634
-0.07181,0.65047,0.17513
0.09015,0.11642,0.18982
0.23848,-0.05215,0.12663
0.37044,-0.09751,0.15079
0.43610,2.29108,0.71277
0.55907,2.47341,0.26570
0.65260,2.46138,0.33500
0.71471,2.19369,0.35533
0.74273,1.84806,0.29722
0.70563,1.61356,0.25600
0.70359,1.79848,0.25673
0.66975,2.51517,0.37611
0.60416,2.75922,0.49305
0.51043,1.71504,0.29166
0.37629,3.47504,0.52926
0.27294,0.81695,0.71591
0.15165,0.78644,0.25052
0.01758,1.95667,0.36000
-0.16884,2.02761,0.44672
-0.28309,-0.28649,0.23141
-0.39662,0.19853,0.50102
-0.50683,-0.31211,0.35597
-0.61129,-0.59279,0.24037
-0.72728,-0.69146,0.20644
-0.76890,-0.72547,0.18165
-0.79348,-0.68883,0.23887
-0.80127,-0.50775,0.19416
-0.79187,-0.60470,0.15995
-0.76563,-0.65265,0.14306
-0.72326,-0.75700,0.17399
-0.66612,-0.61526,0.12492
-0.59655,-0.72180,0.14061
-0.51689,-0.72477,0.15224
-0.42910,-0.50451,0.17985
-0.33596,-0.47874,0.15891
-0.24135,-0.34546,0.15065
-0.14721,-0.29068,0.18338
-0.05633,-0.45370,0.21824
0.02716,-0.49412,0.19892
0.09915,-0.25199,0.21070
0.15717,-0.21881,0.15397
0.20009,0.03763,0.11560
0.22627,-0.04907,0.18970
0.23387,-0.05812,0.17341
0.22257,-0.06577,0.16841
0.19283,0.15056,0.33747
0.14563,-0.01695,0.14497
0.08297,0.24323,0.29574
0.00703,0.35253,0.23990
0.04113,0.81516,0.32243
-0.16939,0.82146,0.34541
-0.38778,-0.30803,0.88963
-0.60428,0.13752,0.52235
-0.81450,-0.14531,0.10316
-0.86678,-0.32569,0.25883
-1.14284,-0.62841,0.54549
-1.39738,-2.64457,0.38579
-1.61769,-2.63836,0.34806
-1.80092,-2.98187,0.52463
-1.95108,-2.83802,0.67414
-1.93613,-2.49054,0.39578
-2.13071,-3.29851,0.55845
-2.29336,-2.99896,0.44075
-2.42333,-3.53582,0.90501
-2.52010,-2.92696,0.60763
-2.58333,-3.39845,0.61073
-2.47540,-2.99543,0.52410
-2.58643,-2.60764,0.36223
-2.66452,-2.53929,0.30448
-2.70941,-2.51739,0.50440
-2.72104,-2.33000,0.69752
-2.69952,-2.16568,0.62265
-2.49567,-2.18969,0.51180
-2.52347,-2.86827,0.47548
-2.51846,-2.83330,0.48055
-2.48085,-1.88530,0.98157
-2.41101,-2.19805,0.48575
-2.30948,-2.39595,0.37800
-2.01986,-2.03475,0.51504
-1.96728,-1.72529,0.51022
-1.88307,-1.37856,0.31897
-1.76780,-1.09346,0.19786
-1.62228,-1.15121,0.15830
-1.44742,-1.56526,0.28341
-1.09537,-1.39252,0.26431
-0.97390,-1.93636,0.35518
-0.83649,-1.05859,0.39689
-0.68250,-0.55666,0.19428
-0.51647,0.00159,0.18724
-0.34605,-0.20582,0.39523
-0.09785,-0.37141,0.21890
-0.04070,-0.10375,0.25795
0.00528,-0.54645,0.30813
0.04038,-0.53808,0.29410
0.06418,-0.11142,0.28154
0.10655,0.36489,0.18962
-0.00827,0.53464,0.28403
-0.13355,-0.04340,0.09659
-0.26536,-0.17444,0.10783
-0.39941,-0.56820,0.26610
-0.52891,-0.83434,0.34162
-0.65009,-0.99567,0.21714
-0.76147,-0.78248,0.37581
-0.85871,-2.25162,0.62772
-0.93806,-1.93272,0.63980
-0.99508,-2.57455,0.36193
-1.02855,-2.93718,0.40060
-1.03852,-3.29090,0.59866
-1.02437,-3.62860,0.54786
-0.98678,-4.31371,0.67928
-0.92742,-4.09122,0.76808
-0.84745,-1.31711,0.27888
-0.74951,-1.38815,0.34174
-0.63846,-0.96108,0.20505
-0.51767,-0.54923,0.31511
-0.38867,-0.02577,0.12057
-0.25562,0.34822,0.16197
-0.12524,-0.04167,0.10180
-0.00142,-0.16651,0.11693
0.11424,0.22936,0.15044
0.21726,-0.01401,0.14482
0.30274,0.10898,0.13137
0.36769,-0.33125,0.11312
0.41067,-1.15527,0.38246
0.43003,-1.43837,0.45815
0.42494,-1.01986,0.72585
0.39565,-1.14365,0.29424
0.34317,-1.04290,0.58699
0.26928,-1.97001,0.56412
0.17644,-2.64290,0.80077
0.06834,-3.34352,0.65782
-0.05152,-3.87101,1.11679
-0.18036,-2.27862,0.97039
-0.31426,-0.93715,0.76980
-0.44780,-0.57615,0.49806
-0.57659,-0.82943,0.19231
-0.69642,-0.52581,0.28672
-0.80406,-0.88310,0.14395
-0.89552,-0.99480,0.14064
-0.96639,-0.97536,0.14815
-1.01484,-1.10532,0.18085
-1.03921,-0.93986,0.16990
-1.03824,-0.78197,0.14811
-1.01223,-0.75316,0.14058
-0.96200,-0.69575,0.18930
-0.82322,-0.84831,0.15696
-0.81780,-0.76954,0.13431
-0.79808,-0.64581,0.14527
-0.76144,-0.67834,0.13936
-0.70858,-0.48390,0.16953
-0.59586,-0.43005,0.13730
-0.60413,-0.33593,0.12801
-0.60468,-0.42496,0.13786
-0.59496,-0.40470,0.13161
-0.47304,-0.60983,0.14453
-0.53065,-0.40640,0.13728
-0.58395,-0.30121,0.14609
-0.62917,-0.40456,0.12000
-0.66292,-0.54664,0.14422
-0.61212,-0.68623,0.11587
-0.70709,-0.75252,0.14217
-0.79215,-0.71831,0.13400
-0.86074,-0.83246,0.13599
-0.90933,-0.99030,0.22455
-0.88654,-1.34711,0.34058
-0.98023,-1.04073,0.21805
-1.05279,-1.15666,0.25248
-1.10037,-1.03698,0.15240
-1.12090,-1.32445,0.30244
-1.07500,-1.35551,0.29324
-1.12705,-1.33976,0.25325
-1.15301,-1.04630,0.23259
-1.14972,-1.07194,0.20462
-1.00303,-0.98416,0.19375
-1.03193,-0.94817,0.12774
-1.03994,-0.74999,0.13836
-1.02287,-0.81733,0.16572
-0.98144,-0.78192,0.11860
-0.81620,-0.83274,0.24637
-0.81929,-0.91060,0.17228
-0.80822,-0.88484,0.17179
-0.78013,-0.70801,0.19436
-0.73581,-0.68449,0.16706
-0.67647,-0.51591,0.22064
-0.60420,-0.24360,0.15388
-0.52217,0.17142,0.21502
-0.43300,0.65882,0.29856
-0.33878,1.34099,0.31054
-0.24282,1.73677,0.29654
-0.14939,1.06544,0.29620
-0.06149,1.21140,0.21154
0.01946,1.41574,0.22961
0.08864,0.99018,0.25879
0.14363,0.19668,0.23907
0.18271,0.52638,0.23563
0.20533,1.04377,0.17177
0.20990,1.06272,0.24331
0.19644,0.58323,0.20914
0.16568,0.29418,0.18564
0.11827,0.23241,0.15364
0.05578,0.00938,0.15784
-0.01856,0.00557,0.13044
-0.10222,0.04134,0.08438
-0.19389,-0.31773,0.18584
-0.29044,-0.17581,0.10507
-0.38672,-0.21227,0.12963
-0.47956,-0.30335,0.16494
-0.56753,-0.48363,0.18421
-0.64714,-0.43752,0.16475
-0.71358,-0.65843,0.14676
-0.76468,-0.59898,0.17117
-0.79985,-0.76080,0.15764
-0.81741,-0.56803,0.16153
-0.81607,-0.31500,0.20577
-0.79621,-0.04900,0.25311
-0.75842,0.32493,0.21473
-0.70390,0.45202,0.19833
-0.63551,0.69067,0.20685
-0.55566,0.49954,0.19996
-0.46567,0.83485,0.18923
-0.36863,1.55439,0.30132
-0.26969,2.15510,0.29773
-0.17218,2.27473,0.36596
-0.07760,3.63975,0.62812
0.00857,3.27498,0.56026
0.08314,2.47503,0.31327
0.14498,1.44507,0.26716
0.20452,1.97986,0.33936
0.20823,1.66840,0.27746
0.19258,1.25711,0.30504
0.15915,0.71852,0.21891
0.10872,0.87420,0.19448
0.04300,0.30462,0.18479
-0.03453,-0.08416,0.09581
-0.12118,0.01798,0.10859
-0.21553,0.19170,0.16779
-0.31427,0.49624,0.26411
-0.41379,0.51755,0.37419
-0.50869,0.86820,0.40862
-0.59744,-0.42813,0.39709
-0.67658,-0.83198,0.26489
-0.74116,0.07481,1.06885
-0.78904,-0.92368,0.26942
-0.81960,-0.90455,0.18815
-0.83135,-0.82099,0.17123
-0.82329,-1.08190,0.34987
-0.79604,-1.11943,0.25318
-0.75032,-1.16690,0.28965
-0.68767,-1.05448,0.22651
-0.61142,-1.21269,0.27536
-0.52429,-0.95877,0.21409
-0.42774,-0.82143,0.16371
-0.32517,-0.63214,0.18714
-0.22213,-0.15811,0.18726
-0.12219,-0.30942,0.22511
-0.02698,0.12682,0.10669
0.05963,0.27695,0.14193
0.13320,0.35277,0.13405
0.19078,0.46065,0.14732
0.23023,0.34553,0.12232
0.25037,0.57171,0.16193
0.25005,0.73580,0.22172
0.22925,0.66664,0.23222
0.18868,0.44183,0.18719
0.12969,0.33279,0.17304
0.05484,0.00262,0.08861
-0.03315,-0.07662,0.13988
-0.13192,-0.58483,0.22627
-0.23814,-0.35459,0.28203
-0.34720,-0.85164,0.36239
-0.45513,-0.62598,0.22126
-0.55960,-0.34638,0.27555
-0.65638,-0.81202,0.47387
-0.74005,-1.14934,0.16683
-0.69227,-0.86921,0.11567
-0.85426,-1.02405,0.19782
-0.99811,-1.10666,0.21722
-1.12123,-0.95754,0.18314
-1.09087,-1.08185,0.22435
-1.03151,-0.99714,0.17340
-0.94830,-0.82828,0.18647
-0.84122,-0.40692,0.16691
-0.71367,-0.08383,0.09713
-0.56914,0.07827,0.12973
-0.41270,0.56496,0.19717
-0.25152,1.69864,0.27625
-0.09171,1.12421,0.19499
0.06387,1.42948,0.27041
0.20996,1.40788,0.22287
0.33796,1.03568,0.24969
0.44228,1.10043,0.20058
0.52107,1.22067,0.18124
0.57116,0.85289,0.15640
0.58979,0.86871,0.21222
0.57581,1.05312,0.19016
0.52991,1.09786,0.17104
0.45389,1.26033,0.22436
0.35148,0.52146,0.18385
0.22676,0.02464,0.07982
0.08223,0.01110,0.06630
-0.07792,-0.15240,0.10972
-0.24822,-0.51174,0.12823
-0.42097,-0.67566,0.10632
-0.58974,-0.79004,0.19571
-0.75160,-0.97909,0.20772
-0.89849,-1.10861,0.17870
-1.02370,-1.19554,0.26176
-1.12145,-1.24454,0.19604
-1.18882,-1.23142,0.22516
-1.22457,-1.20056,0.17450
-1.22684,-1.15386,0.23775
-1.19647,-1.13338,0.20110
-1.13492,-1.00447,0.21341
-1.04478,-0.91951,0.18261
-0.93044,-0.82278,0.13693
-0.79473,-0.79156,0.20090
-0.64243,-0.79257,0.17809
-0.48000,-0.59562,0.18618
-0.31237,-0.41939,0.16880
-0.14489,-0.04507,0.14314
0.01851,0.14283,0.13859
0.16994,0.63657,0.16716
0.30421,0.64506,0.14356
0.41798,0.60272,0.15497
0.50638,0.47589,0.19602
0.60589,0.98289,0.19817
0.50970,0.30932,0.18282
0.38318,0.31111,0.18399
0.23532,0.05115,0.08010
0.15277,-0.13818,0.11189
-0.13238,-0.42180,0.14371
-0.42526,-0.89430,0.19934
-0.71282,-0.94828,0.22592
-0.98677,-1.07358,0.31540
-1.07718,-1.28107,0.25247
-1.40484,-1.65867,0.34852
-1.70324,-1.82854,0.26438
-1.96852,-2.05483,0.24116
-2.20405,-2.31195,0.30466
-2.40882,-2.40154,0.43353
-2.34606,-2.55293,0.41227
-2.59544,-2.62286,0.31263
-2.81512,-2.66372,0.34176
-3.00406,-2.73425,0.32835
-3.16134,-2.98390,0.33524
-3.28626,-3.26127,0.36405
-3.37832,-3.32036,0.52972
-3.22898,-3.37052,0.53493
-3.37175,-3.58796,0.55594
-3.48238,-3.65198,0.53325
-3.56044,-3.70470,0.47469
-3.60567,-3.90734,0.62954
-3.61802,-3.45103,0.40190
-3.59756,-3.75093,0.66546
-3.36600,-3.70954,0.58739
-3.39874,-3.64116,0.62460
-3.39901,-3.41672,0.64313
-3.36697,-3.65302,0.57212
-3.30294,-3.10380,0.45054
-3.20744,-3.17389,0.45032
-2.82230,-3.28288,0.65724
-2.77966,-3.19160,0.42063
-2.70555,-2.78571,0.48904
-2.60050,-3.21529,0.61245
-2.46522,-2.35544,0.51641
-2.30054,-2.14251,0.41663
-2.10749,-2.21026,0.36781
-1.68071,-2.38244,0.50694
-1.53725,-1.70171,0.40071
-1.36497,-1.46160,0.25578
-1.16489,-0.91432,0.12640
-0.93933,-0.60419,0.18131
-0.69675,-0.16595,0.18652
-0.44372,-0.00437,0.13374
-0.07049,0.15622,0.12926
0.07657,0.49146,0.15385
0.20930,0.57948,0.12638
0.32699,0.62969,0.15195
0.42462,0.34490,0.15392
0.49911,0.40731,0.22699
0.54900,0.79267,0.23484
0.57255,0.83897,0.22501
0.56875,0.96079,0.16064
0.53814,1.25028,0.22690
0.48189,0.78913,0.19392
0.40186,0.47811,0.35524
0.30127,0.02943,0.08605
0.18253,0.01766,0.18128
0.04901,-0.02931,0.10126
-0.09434,-0.01176,0.09064
-0.24337,0.51546,0.27284
-0.39396,0.18038,0.29066
-0.54278,0.28549,0.24791
-0.68527,-0.07944,0.33888
-0.81538,-0.49565,0.31961
-0.92882,-0.21843,0.40857
-1.02379,-0.18128,0.36378
-1.09700,-0.42498,0.28468
-1.14412,-0.03051,0.25532
-1.16374,0.32901,0.52187
-1.15621,1.16007,0.69174
-1.12177,1.98636,0.65659
-1.06182,2.94736,0.61634
-0.97871,2.37260,0.74457
-0.87407,3.66286,0.92354
-0.75078,3.11400,0.51687
-0.61424,3.96597,0.51016
-0.46713,2.71698,0.20906
-0.31284,3.13455,0.43516
-0.15625,3.32517,0.47275
-0.00424,5.24925,0.89524
0.14023,4.60153,0.86585
0.27308,3.17170,0.46491
0.38913,4.40691,0.62088
0.48233,4.83898,0.74187
0.54938,3.60513,0.45724
0.58978,3.88102,0.95527
0.60145,3.35316,0.59333
0.58395,1.94970,0.27499
0.53830,1.24038,0.66789
0.46595,1.23536,0.95850
0.36960,1.20408,0.69238
0.25425,1.20091,0.72643
0.12330,1.20883,0.77663
-0.02066,0.29415,0.50343
-0.17305,-0.20130,0.48529
-0.23903,-1.20927,0.80415
-0.46383,-0.41894,0.98365
-0.68653,-0.44297,1.02122
-0.89801,0.09804,0.30019
-1.08877,-0.81084,0.65906
-1.13728,-1.48190,0.54574
-1.34589,-0.11176,1.34898
-1.52343,-2.63502,0.98983
-1.66649,-2.02318,0.74237
-1.77815,-2.21395,0.39221
-1.85822,-2.06361,0.42029
-1.82583,-2.31022,0.97767
-1.91703,-1.78306,0.93555
-1.97665,-2.16886,0.78172
-2.00452,-2.10570,0.53492
-2.00062,-3.78916,0.97031
-1.85245,-1.96010,0.30109
-1.86056,-2.67280,0.63437
-1.83719,-2.41788,0.46684
-1.78260,-2.90279,0.45313
-1.69722,-1.95401,0.40844
-1.58161,-1.94723,0.38130
-1.36442,-0.97784,0.26309
-1.26111,-0.93290,0.27182
-1.13045,-0.83629,0.21151
-0.97552,-0.64536,0.14788
-0.80144,-0.73883,0.21407
-0.51366,-0.05736,0.12834
-0.39392,-0.14655,0.15064
-0.27272,0.18791,0.16715
-0.15155,0.15858,0.17683
-0.03633,0.19112,0.14203
0.16402,0.16977,0.12500
0.17996,-0.07529,0.11743
0.17837,0.22085,0.13835
0.16159,0.26186,0.18376
0.13046,0.03908,0.08288
0.08610,0.18079,0.15807
0.02922,0.19393,0.11798
-0.03842,0.16565,0.14656
-0.11353,-0.18680,0.25343
-0.19516,-0.60318,0.28716
-0.28082,-0.11941,0.17939
-0.36707,-0.27913,0.30188
-0.45030,-0.67201,0.24369
-0.52816,-1.02512,0.53461
-0.63762,-1.75417,0.49896
-0.66116,-1.42757,0.40869
-0.67099,-1.59312,0.47471
-0.66832,-1.76803,0.34565
-0.65356,-0.87076,0.65946
-0.64160,-0.61821,0.24213
-0.56576,-0.58290,0.18711
-0.48104,-0.63499,0.16140
-0.38942,-0.63554,0.15348
-0.32688,-0.21394,0.10996
-0.19388,-0.02696,0.10031
-0.06418,0.26044,0.18864
0.05722,0.68609,0.19564
0.16843,2.71479,0.49836
0.24540,2.70510,0.40680
0.35961,3.31805,0.42769
0.45183,2.57066,0.26943
0.52012,2.29359,0.42347
0.51723,1.30317,0.21507
0.56806,1.43338,0.20074
0.59215,1.35433,0.17713
0.58694,0.63582,0.14918
0.55250,0.31456,0.19348
0.46313,0.62559,0.14959
0.41597,0.60455,0.17046
0.34644,0.65611,0.13760
0.25576,0.45461,0.14042
0.14845,0.35080,0.16579
0.01405,0.35977,0.22449
-0.08029,-0.03854,0.13767
-0.18176,-0.38254,0.20999
-0.28600,-0.58616,0.17788
-0.42436,-0.84613,0.18830
-0.48787,-0.64987,0.13724
-0.54458,-0.61477,0.13982
-0.59224,-0.25475,0.21744
-0.63010,0.19939,0.28201
-0.66625,0.99430,0.25787
-0.64174,0.95450,0.23652
-0.60460,0.29959,0.34976
-0.55694,-0.47056,0.17740
-0.52208,-0.69355,0.16398
-0.41874,-0.71545,0.19902
-0.31019,-0.49303,0.17871
-0.20091,-0.13557,0.13888
-0.13365,0.46782,0.27736
0.00640,1.94518,0.36457
0.13761,2.04698,0.36008
0.25407,1.52904,0.26993
0.35255,1.46839,0.28956
0.40624,2.49454,0.42520
0.49697,3.04079,0.43046
0.56119,3.02672,0.60638
0.59570,2.13221,0.29745
0.55542,2.05003,0.51975
0.56907,2.97932,0.59160
0.55496,3.00272,0.72259
0.51224,2.47899,0.43443
0.44221,2.49483,0.29162
0.32094,2.35803,0.35817
0.24469,2.02484,0.39137
0.15177,1.85908,0.46282
0.04334,1.40719,0.45562
-0.12577,0.04068,0.10475
-0.21458,0.07238,0.16665
-0.30553,-0.16656,0.11857
-0.39721,-0.34318,0.19277
-0.48655,-0.52944,0.14335
-0.56969,-0.58551,0.15168
-0.64359,-0.65540,0.14745
-0.70678,-0.62855,0.14729
-0.75702,-0.74146,0.20458
-0.79119,-0.68843,0.16681
-0.80794,-0.74112,0.20263
-0.80717,-0.73541,0.37249
-0.78874,-0.83782,0.28192
-0.75322,-0.86453,0.18653
-0.70194,-0.89732,0.22617
-0.63600,-0.93908,0.21291
-0.55814,-0.97376,0.26636
-0.47140,-0.79187,0.28699
-0.37731,-0.83547,0.19751
-0.27861,-0.70080,0.18518
-0.17939,-0.57981,0.20824
-0.08421,-0.32425,0.19904
0.00505,0.05985,0.43175
0.08545,0.67737,0.44603
0.15233,0.20475,0.47452
0.20287,0.91178,0.51879
0.23631,0.68455,0.41847
0.32641,0.79418,0.31319
0.20117,0.76846,0.27090
0.05532,0.79333,0.25127
-0.10470,0.15577,0.15018
-0.13475,-0.15298,0.14943
-0.41301,-0.27250,0.11316
-0.69141,-0.88167,0.26135
-0.95892,-2.70736,0.32482
-1.21001,-2.76947,0.51082
-1.43195,-4.16903,0.59756
-1.50205,-2.77466,0.41490
-1.75587,-2.90907,0.51778
-1.97914,-2.74981,0.42121
-2.17095,-3.22720,0.57151
-2.33034,-2.95827,0.40169
-2.45662,-3.24702,0.50480
-2.42030,-2.76277,0.48249
-2.59209,-2.57952,0.50270
-2.73155,-2.45475,0.27910
-2.83808,-2.96260,0.45768
-2.91129,-3.09421,0.43206
-2.95093,-3.09366,0.54328
-2.80020,-3.15035,0.42362
-2.88825,-3.85369,0.72996
-2.94329,-3.50159,0.61468
-2.96519,-3.04308,0.56136
-2.95398,-3.11146,0.48568
-2.90995,-2.78119,0.63196
-2.64650,-2.69018,0.76742
-2.65185,-2.91943,0.50523
-2.62462,-2.69136,0.35798
-2.56513,-2.31688,0.29248
-2.47385,-2.01456,0.38592
-2.35146,-2.09829,0.26880
-1.99146,-2.11381,0.30392
-1.91761,-2.31150,0.34761
-1.81261,-2.12545,0.34030
-1.67716,-1.87360,0.23844
-1.51212,-1.46960,0.44596
-1.31852,-1.10933,0.32292
-1.09823,-0.91037,0.19129
-0.74940,-0.91828,0.17435
-0.59596,-0.89100,0.20950
-0.43881,-0.92444,0.26415
-0.27632,-0.48419,0.22274
-0.11328,-0.57247,0.20266
0.16408,-0.33721,0.24470
0.19243,-0.27804,0.21679
0.20189,-0.28824,0.23958
0.19531,0.13591,0.24548
0.17299,0.09332,0.20291
0.13585,0.22683,0.14308
0.08455,0.10658,0.11608
0.02069,-0.25871,0.09582
-0.05260,-0.34169,0.17746
-0.13437,-2.23124,0.65518
-0.22211,-3.08365,0.90759
-0.31232,-3.86107,0.56713
-0.40123,-2.77902,0.56346
-0.48636,-3.09424,0.42639
-0.56651,-3.83984,0.71211
-0.63802,-5.36274,0.90207
-0.69826,-3.74403,0.74883
-0.74578,-3.24545,0.54804
-0.77843,-2.02414,0.41714
-0.79504,-1.55435,0.33183
-0.79530,-2.07094,0.41684
-0.77910,-1.31227,0.27076
-0.74701,-0.40797,0.17945
-0.70015,-0.16182,0.10606
-0.63972,-0.13789,0.12224
-0.56760,-0.69376,0.15614
-0.48610,-1.42341,0.32338
-0.39842,-1.04543,0.27250
-0.30676,-0.92792,0.25074
-0.21389,-2.16801,0.47491
-0.12299,-1.93599,0.45713
-0.03790,-1.71907,0.52370
0.03838,0.34156,0.94295
0.10391,-0.28766,0.66381
0.15568,-1.19535,0.43465
0.19174,2.44946,1.16234
0.21094,-0.14291,0.29965
0.21290,-0.47418,0.22660
0.19739,-0.03481,0.13980
0.16484,-0.22583,0.14432
0.11645,-0.23830,0.22437
0.05324,-0.08841,0.12876
-0.02302,0.00703,0.10679
-0.10881,-0.06211,0.08724
-0.20214,-0.16358,0.15830
-0.30060,-0.51064,0.14471
-0.39940,-0.55295,0.11546
-0.49484,-0.67248,0.16305
-0.58389,-0.62893,0.11237
-0.66464,-0.67332,0.14036
-0.66120,-0.91783,0.15021
-0.80124,-0.99907,0.18859
-0.92553,-0.89516,0.13507
-1.02885,-1.09835,0.27357
-1.10560,-0.91823,0.22065
-1.09131,-1.19371,0.21491
-1.19751,-1.17469,0.22266
-1.27593,-1.34635,0.24007
-1.31988,-1.31760,0.31952
-1.32868,-1.40488,0.28883
-1.24241,-1.37461,0.20616
-1.27075,-1.37150,0.30040
-1.26939,-1.20553,0.17668
-1.23612,-1.06186,0.17296
-1.17255,-1.04557,0.17477
-1.02053,-1.03568,0.22515
-0.99130,-0.85248,0.14361
-0.94208,-0.85553,0.17003
-0.87134,-0.72860,0.20824
-0.78132,-0.65416,0.18426
-0.62610,-0.52737,0.12955
-0.59655,-0.17243,0.14396
-0.55874,-0.23523,0.13253
-0.51187,-0.26945,0.16269
-0.34947,-0.40993,0.15926
-0.38044,-0.43820,0.17550
-0.41118,-0.36976,0.11725
-0.43863,-0.31080,0.14897
-0.46110,-0.54676,0.14282
-0.40516,-0.64305,0.16926
-0.50425,-0.44719,0.13682
-0.59989,-0.59979,0.14407
-0.68634,-0.69891,0.14787
-0.75840,-0.92145,0.21464
-0.76673,-1.01859,0.16933
-0.89268,-1.13527,0.26795
-1.00070,-1.19433,0.22897
-1.08550,-1.15740,0.19676
-1.14360,-1.18945,0.25526
-1.17263,-1.00451,0.14114
-1.17103,-0.99360,0.16302
-1.13976,-0.82744,0.20635
-1.08003,-0.75132,0.15651
-0.99398,-0.58177,0.22217
-0.88620,0.12027,0.30447
-0.75842,-0.02011,0.21673
-0.61475,0.50509,0.18120
-0.45988,1.01660,0.30472
-0.30119,1.48675,0.25658
-0.14347,0.35112,0.30380
0.01126,0.29055,0.21857
0.15736,0.92043,0.17498
0.28919,1.17124,0.21828
0.40060,1.12065,0.18112
0.48757,0.92478,0.17643
0.54796,0.96024,0.15391
0.57947,0.87414,0.15381
0.58054,0.51521,0.22408
0.55155,0.77494,0.11271
0.49379,0.84501,0.15430
0.40985,0.57220,0.23211
0.30284,0.56127,0.19374
0.17555,0.54438,0.25668
0.03296,0.29260,0.16667
-0.12022,0.15378,0.23582
-0.28052,-0.44632,0.12627
-0.44303,-0.53864,0.16160
-0.60105,-0.77114,0.14906
-0.74920,-0.92693,0.16698
-0.88462,-1.05259,0.15230
-1.00041,-1.24444,0.19462
-1.09147,-1.19902,0.25700
-1.15656,-1.07892,0.23666
-1.19324,-0.96255,0.15741
-1.19896,-0.88307,0.17236
-1.17389,-0.83930,0.18115
-1.11960,0.24224,0.41190
-1.03759,0.56550,0.29054
-0.93154,0.64144,0.51332
-0.80404,0.90842,0.43487
-0.65851,2.29077,0.37759
-0.49965,1.43106,0.31838
-0.33428,2.47429,0.35679
-0.16805,2.22612,0.40461
0.01640,1.32583,0.20148
0.14903,1.98039,0.23177
0.26537,1.85328,0.23170
0.36420,1.47119,0.24610
0.44197,1.72121,0.26392
0.49382,2.39883,0.36978
0.51729,1.56984,0.22449
0.51301,0.90819,0.17366
0.48126,1.46609,0.27877
0.42339,2.11272,0.29025
0.34223,2.24685,0.38591
0.24073,2.41984,0.51798
0.12135,1.36549,0.31118
-0.01062,0.84988,0.36375
-0.15114,0.74542,0.26363
-0.29714,-0.27038,0.12359
-0.44366,-0.57368,0.13856
-0.58432,-0.63650,0.10993
-0.71472,-0.75354,0.14161
-0.83174,-0.97047,0.13121
-0.93065,-0.93949,0.23639
-1.00661,-1.19638,0.17244
-1.05754,-1.16835,0.24367
-1.08259,-1.34591,0.22033
-1.08073,-1.29057,0.19151
-1.05224,-1.25817,0.18676
-0.99866,-1.14970,0.24900
-0.92122,-1.19119,0.24264
-0.82259,-0.98882,0.15198
-0.70785,-1.07938,0.20800
-0.58066,-0.85667,0.24741
-0.44280,-0.35590,0.20054
-0.30113,-0.15527,0.16153
-0.16028,0.12052,0.13791
-0.02463,0.23437,0.15707
0.10369,0.37741,0.18275
0.21712,0.39629,0.24376
0.31177,0.30126,0.15218
0.38461,0.48374,0.19218
0.43465,0.72628,0.23426
0.45914,0.61230,0.20587
0.45690,0.56162,0.19410
0.42876,0.77898,0.14377
0.37561,0.32376,0.20473
0.29927,0.42554,0.21689
0.20376,0.09889,0.15776
0.09233,-0.45442,0.19530
-0.03336,-0.63818,0.28979
-0.16912,-0.56939,0.16791
-0.30705,-0.78913,0.14269
-0.38395,-0.73280,0.15298
-0.62375,-1.04169,0.19903
-0.85124,-1.22932,0.20120
-1.04317,-1.26456,0.19108
-1.12201,-1.11740,0.27312
-1.17290,-1.27622,0.19535
-1.19268,-0.99182,0.20317
-1.18176,-1.04265,0.22121
-1.14120,-0.95598,0.17897
-1.07207,-0.50015,0.40959
-0.97693,-0.13965,0.28722
-0.86080,1.43466,0.26773
-0.72752,0.43078,0.17336
-0.57900,0.09412,0.13999
-0.42008,0.28444,0.17572
-0.25863,0.64203,0.16392
-0.09953,0.81685,0.19289
0.05516,0.71090,0.16137
0.19968,1.15456,0.17414
0.32551,0.97535,0.14840
0.42873,0.81017,0.18090
0.50607,0.85636,0.15499
0.55660,0.81553,0.20234
0.57798,1.43498,0.18879
0.56881,0.96917,0.31869
0.53012,0.79098,0.14675
0.46342,0.37045,0.15205
0.37107,0.24749,0.15207
0.25795,0.11831,0.10612
0.12779,0.02633,0.12174
-0.01756,-0.20524,0.16534
-0.17334,-0.50998,0.17458
-0.33332,-0.56925,0.14974
-0.49080,-0.74305,0.15042
-0.64402,-0.84197,0.18789
-0.78451,-0.92204,0.16280
-0.90743,-1.05226,0.16335
-1.00874,-1.16349,0.19732
-1.08789,-1.09630,0.28486
-1.14006,-1.13131,0.19299
-1.16251,-1.13668,0.22499
-1.15543,-0.96397,0.22563
-1.11940,-0.97189,0.19270
-1.05641,-0.90147,0.13552
-0.96906,-0.91779,0.18364
-0.85968,-0.84611,0.15590
-0.73325,-0.82214,0.19099
-0.59374,-0.37178,0.25417
-0.44552,-0.00232,0.09247
-0.29191,-0.01558,0.12050
-0.13958,0.05973,0.12198
0.00675,0.16304,0.15332
0.19719,0.30904,0.21218
0.19655,0.44177,0.15784
0.17536,0.39596,0.16844
0.13779,0.03246,0.11250
0.17699,0.04488,0.09905
-0.00862,-0.24537,0.12778
-0.20539,-0.45004,0.11181
-0.40755,-0.55881,0.24026
-0.60842,-0.65229,0.18871
-0.70442,-1.04107,0.25948
-0.98760,-1.14893,0.23714
-1.25596,-1.23390,0.32289
-1.49686,-1.41099,0.26672
-1.70094,-1.67840,0.27101
-1.66292,-1.94479,0.36372
-1.90869,-2.09163,0.30406
-2.12462,-2.21116,0.37411
-2.30966,-2.41530,0.41418
-2.46292,-2.48350,0.39141
-2.58374,-2.61817,0.34634
-2.42986,-2.95752,0.31271
-2.60020,-3.05331,0.40640
-2.73891,-3.07673,0.48655
-2.84541,-3.07599,0.39287
-2.91928,-2.85548,0.48592
-2.96028,-2.63540,0.67253
-2.96838,-2.91885,0.44688
-2.77670,-2.86363,0.56552
-2.83772,-2.98681,0.36307
-2.86623,-2.06047,0.88940
-2.86229,-1.86375,0.67597
-2.82605,-2.33291,0.41474
-2.75787,-2.46034,0.42199
-2.45248,-2.68777,0.38081
-2.43748,-2.74951,0.37088
-2.39068,-2.51280,0.46356
-2.31243,-2.44945,0.35478
-2.20332,-2.39046,0.46898
-2.06406,-2.57943,0.38258
-1.66853,-2.01061,0.38138
-1.58111,-2.15487,0.37757
-1.46334,-2.01776,0.34507
-1.31596,-1.28052,0.29195
-1.14073,-1.10633,0.23376
-0.94033,-1.12442,0.26221
-0.72240,-0.75490,0.24574
-0.38950,-0.45601,0.24392
-0.26946,0.03500,0.14769
-0.15217,-0.01032,0.13722
-0.03856,0.10407,0.14023
0.06555,0.07090,0.11110
0.15724,0.14207,0.11315
0.23382,0.60105,0.18742
0.29438,0.67861,0.19675
0.33641,0.85736,0.11935
0.35743,0.87946,0.17408
0.35732,0.95913,0.20771
0.33652,1.13755,0.30531
0.29557,0.73713,0.23804
0.23649,-0.06131,0.13036
0.16131,0.06480,0.08770
0.07113,0.31871,0.21652
-0.03119,0.71685,0.28981
-0.14167,0.62413,0.22262
-0.25772,0.89109,0.36003
-0.37605,0.27981,0.26806
-0.49190,-0.08370,0.26211
-0.60154,-0.06158,0.19696
-0.70149,-0.03217,0.21744
-0.78919,0.14010,0.29738
-0.86072,0.67142,0.37413
-0.91357,-0.62596,0.30830
-0.94658,-0.44962,0.19948
-0.95852,2.13553,0.58632
-0.94873,2.46739,0.38212
-0.91766,1.49402,1.05960
-0.86638,1.83112,0.58223
-0.79652,2.11880,0.23299
-0.71089,2.14867,0.40565
-0.61224,2.25367,0.31112
-0.50363,2.80032,0.53552
-0.38763,4.24414,0.80762
-0.26710,1.99227,0.51557
-0.14725,4.38688,0.80767
-0.03256,3.42333,0.59389
0.07516,3.65639,0.55671
0.17235,2.89385,0.49200
0.25354,2.72694,0.54233
0.31690,3.46192,0.48829
0.36054,2.21070,0.43673
0.38232,1.18086,0.51563
0.38094,0.05840,0.28538
0.35662,0.50451,0.65825
0.31015,0.90884,0.73828
0.24287,0.88087,0.55458
0.15731,0.91047,0.50666
0.05705,1.18790,0.43995
-0.00053,0.47805,0.94626
-0.19547,0.73608,0.69827
-0.39843,0.36486,0.27937
-0.59906,-0.39100,0.28557
-0.78991,-0.70407,0.39375
-0.90588,-1.13627,0.48004
-1.13605,-2.68333,0.78524
-1.34523,-2.18294,0.60623
-1.52024,-0.68301,1.36971
-1.65720,-1.24495,0.62697
-1.66823,-2.00341,0.39869
-1.81404,-2.15702,0.53190
-1.92770,-2.50598,0.76122
-2.00874,-1.92309,0.59700
-2.05691,-3.28704,0.69307
-1.95009,-2.95726,0.49637
-2.00891,-2.08871,0.65971
-2.03503,-1.31800,1.78660
-2.02849,-3.10324,0.62153
-1.98948,-2.86452,0.45759
-1.91839,-3.17506,0.43434
-1.74092,-2.41443,0.46361
-1.68139,-1.75889,0.37788
-1.59036,-3.63952,0.73538
-1.46844,-2.08536,0.56707
-1.31644,-1.66047,0.42181
-1.02951,-0.60948,0.17930
-0.89572,-0.91852,0.22218
-0.74956,-0.20570,0.19228
-0.59190,-0.58575,0.15978
-0.42542,-0.08828,0.16502
-0.25679,-0.08143,0.13557
-0.04404,0.02364,0.12023
0.03991,-0.07013,0.17688
0.11228,0.06242,0.17371
0.17049,0.22958,0.20349
0.21289,0.63379,0.12589
0.23838,0.54758,0.14945
0.24675,0.37776,0.18279
0.23729,0.53623,0.19244
0.21055,0.40184,0.15584
0.16713,0.45475,0.17075
0.10841,0.19476,0.16195
0.03622,0.25263,0.14378
-0.04594,0.26446,0.16845
-0.13698,0.11493,0.20471
-0.24693,-0.70922,0.37707
-0.30862,-0.79766,0.32904
-0.36853,-0.63195,0.45219
-0.42568,0.10599,0.38747
-0.50960,-0.23697,0.31801
-0.51874,-0.53979,0.28668
-0.51925,-0.83604,0.17506
-0.51217,-0.96407,0.19972
-0.54242,-0.75981,0.17148
-0.48203,-0.56455,0.14814
-0.41399,-0.33552,0.13638
-0.34247,0.14885,0.21565
-0.26864,0.74789,0.29513
-0.21679,1.25942,0.19699
-0.10704,2.20471,0.31692
-0.00367,2.26186,0.33989
0.08910,2.64655,0.41936
0.12811,1.02130,0.19920
0.23279,1.71361,0.31140
0.32159,1.21998,0.30756
0.38800,0.43068,0.19001
0.43011,0.98999,0.40208
0.42446,0.81011,0.17764
0.45642,0.73250,0.16791
0.46343,0.76678,0.11701
0.44463,0.76219,0.16581
0.35689,0.66462,0.15671
0.32870,0.52914,0.20238
0.28141,0.25724,0.16542
0.21535,-0.02624,0.11386
0.13142,-0.10253,0.18217
0.00750,0.00061,0.08848
-0.06211,-0.24517,0.16484
-0.13893,0.13392,0.14393
-0.22138,0.32556,0.19975
-0.34939,0.75831,0.23669
-0.39646,0.80812,0.15566
-0.43898,0.65393,0.37874
-0.47660,-0.74464,0.15868
-0.50850,-0.98224,0.24889
-0.54796,-1.00983,0.23406
-0.52455,-0.84702,0.15516
-0.49222,-0.49860,0.20569
-0.45271,-0.35240,0.15886
-0.43307,1.08722,0.44681
-0.34374,1.99556,0.26853
-0.25150,1.90745,0.33078
-0.15972,1.21409,0.21559
-0.11222,1.52777,0.23208
0.00809,2.02403,0.26373
0.11922,2.88139,0.55113
0.21688,2.61374,0.42510
0.29719,2.05209,0.41459
0.33710,3.07086,0.58183
0.41276,3.36557,0.75566
0.46552,3.19142,0.65454
0.49219,3.19871,0.51368
0.45372,2.95097,0.40752
0.46493,2.41301,0.31123
0.45110,1.29281,0.29818
0.41105,0.94039,0.17988
0.34582,1.26301,0.28444
0.24300,0.60261,0.19670
0.17643,0.55002,0.16777
0.09356,0.29993,0.20088
-0.00420,0.11190,0.10778
-0.11237,-0.07721,0.09751
-0.22697,-0.13210,0.10470
-0.34446,-0.36142,0.15322
-0.46249,-0.54695,0.14479
-0.57574,-0.70720,0.14563
-0.67937,-0.78066,0.16913
-0.77141,-0.81734,0.11591
-0.84854,-0.95053,0.15171
-0.90600,-1.07500,0.17094
-0.94144,-0.99144,0.18573
-0.95452,-1.10504,0.22717
-0.94462,-1.06856,0.19844
-0.91179,-0.92392,0.20990
-0.85739,-0.88085,0.14902
-0.78273,-0.89965,0.24950
-0.69003,-0.92181,0.18869
-0.58455,-0.93347,0.26981
-0.47010,-0.60609,0.26241
-0.34910,-0.26521,0.24024
-0.22582,-0.15475,0.19107
-0.10577,-0.18948,0.32116
0.00708,-0.09280,0.30058
0.21673,0.08960,0.33586
0.18230,0.67446,0.23854
0.12678,0.45190,0.17436
0.05629,0.34440,0.15596
-0.02709,0.34557,0.16431
-0.09325,-0.12244,0.11860
-0.30733,-0.40612,0.16171
-0.52412,-0.76780,0.25586
-0.73453,-1.94310,0.49937
-0.78214,-2.43974,0.49818
-1.06469,-3.17186,0.52885
-1.32503,-2.49908,0.37315
-1.55339,-2.52343,0.42139
-1.74357,-2.72072,0.45996
-1.89935,-2.44610,0.41807
-1.89059,-2.05628,0.38751
-2.09030,-2.19707,0.32070
-2.25750,-2.19357,0.34740
-2.39143,-2.60733,0.29361
-2.49153,-2.52916,0.56498
-2.55744,-2.77251,0.34807
-2.46052,-2.96994,0.48051
-2.57399,-3.11561,0.48264
-2.65393,-3.16144,0.44798
-2.70008,-2.60844,0.37484
-2.71238,-2.76197,0.48150
-2.69096,-2.37209,0.50191
-2.50219,-2.88135,0.43493
-2.52993,-2.62171,0.40291
-2.52434,-2.51503,0.43143
-2.48563,-2.20059,0.29414
-2.41419,-1.90732,0.37558
-2.31061,-1.97229,0.19828
-2.03886,-2.09685,0.29876
-1.98411,-2.37773,0.30506
-1.89729,-2.13227,0.30478
-1.77904,-2.14170,0.27561
-1.63017,-1.51022,0.30361
-1.45164,-1.19512,0.22965
-1.11868,-1.06572,0.20589
-0.98867,-0.84448,0.21589
-0.84047,-1.10556,0.23438
-0.67890,-0.99301,0.22088
-0.50782,-0.81114,0.18467
-0.16311,-0.64026,0.14377
-0.09363,-0.44434,0.23436
-0.03683,-0.47119,0.18319
0.01039,-0.08903,0.16068
0.04817,0.03749,0.12156
0.07421,0.41146,0.21843
0.08777,0.15323,0.11732
0.08858,-0.04343,0.11249
0.07672,-0.24237,0.18772
0.05265,-1.00576,0.29149
0.01724,-2.76357,0.77046
-0.02892,-1.80133,0.76734
-0.08437,-2.41880,0.41350
-0.14732,-2.13731,0.56400
-0.21471,-2.04210,0.33975
-0.28445,-3.96551,0.62043
-0.35559,-3.84783,0.54569
-0.42444,-3.51292,0.82482
-0.48940,-1.96266,0.38323
-0.54870,-1.15232,0.29427
-0.60019,-1.21051,0.30119
-0.64146,-1.41869,0.29818
-0.67105,-0.88872,0.45776
-0.68827,-0.36352,0.19058
-0.69239,-0.38102,0.20586
-0.68308,-0.88143,0.31455
-0.66067,-1.47779,0.46058
-0.62597,-1.68058,0.37740
-0.57984,-1.71584,0.44096
-0.52375,-4.49236,0.78380
-0.45996,-2.41044,0.76947
-0.39062,-4.07825,0.90312
-0.31743,-0.38382,1.28112
-0.24275,-1.50496,0.84821
-0.16979,-1.80529,0.46062
-0.10112,-1.89910,0.57978
-0.03853,-0.42172,0.31012
0.01567,-0.01452,0.22056
0.05886,-0.01261,0.11520
0.08946,-0.23470,0.18496
0.10670,-0.23805,0.19334
0.10982,-0.06228,0.12061
0.09850,-0.25354,0.16590
0.07316,-0.05222,0.11352
0.03450,0.08520,0.10107
-0.01625,0.01452,0.16349
-0.07702,-0.02680,0.09611
-0.14569,-0.02647,0.10486
-0.22054,-0.14548,0.13050
-0.29911,-0.57510,0.16558
-0.32656,-0.52004,0.15182
-0.48944,-0.73207,0.16590
-0.64990,-0.71940,0.14518
-0.80032,-0.72659,0.16165
-0.81184,-1.05968,0.25526
-1.00924,-1.29899,0.37612
-1.18628,-1.06640,0.22884
-1.33581,-0.97914,0.26806
-1.45184,-1.49982,0.33128
-1.39583,-1.61659,0.36954
-1.52205,-1.52660,0.40200
-1.61402,-1.74065,0.32440
-1.67145,-1.78241,0.34735
-1.69423,-1.70162,0.29448
-1.68246,-1.79395,0.22534
-1.57686,-1.69935,0.35546
-1.58271,-1.52150,0.30192
-1.55451,-1.53654,0.31433
-1.49262,-1.32898,0.25129
-1.39761,-1.44385,0.22077
-1.19615,-1.22963,0.23475
-1.12184,-0.99605,0.18929
-1.02392,-0.77196,0.19095
-0.90365,-0.68112,0.13027
-0.76316,-0.45920,0.13524
-0.52638,-0.22386,0.10421
-0.44382,0.10104,0.14245
-0.35880,0.01800,0.12162
-0.27050,0.26076,0.14419
-0.18173,0.05604,0.12030
-0.04446,0.05016,0.18115
-0.05143,0.08969,0.14300
-0.06902,0.03939,0.09818
-0.09512,-0.03123,0.11252
-0.03547,-0.37433,0.12234
-0.16125,-0.30663,0.14084
-0.29477,-0.66896,0.11255
-0.42773,-0.59958,0.15626
-0.55578,-0.68767,0.16346
-0.67599,-0.82623,0.15480
-0.78369,-0.84205,0.11527
-0.87369,-0.86520,0.22067
-0.94328,-0.93584,0.13131
-0.99100,-0.96690,0.22220
-1.01489,-1.06846,0.19652
-1.01388,-0.79403,0.15839
-0.98856,-0.74091,0.16775
-0.93993,-0.70810,0.17169
-0.86981,-0.78908,0.13937
-0.78068,-0.62904,0.16255
-0.67648,-0.50446,0.14657
-0.55948,0.14620,0.15872
-0.43365,0.90532,0.14658
-0.30430,0.32369,0.19289
-0.17539,0.35047,0.16251
-0.04984,0.72125,0.13069
0.06767,0.93921,0.27313
0.17154,1.16913,0.28064
0.25843,0.21168,0.19331
0.32710,0.95353,0.14115
0.37452,1.23257,0.18469
0.39763,0.92080,0.21727
0.39625,1.24091,0.21478
0.37088,1.44604,0.24158
0.32230,1.74864,0.22134
0.25254,1.22422,0.23949
0.16484,0.25390,0.14782
0.06056,0.06791,0.11013
-0.05682,0.36250,0.27832
-0.18338,0.00411,0.12379
-0.31285,-0.40460,0.14390
-0.44116,-0.50897,0.22530
-0.56654,-0.74006,0.14356
-0.68429,-0.71701,0.14403
-0.78977,-0.75343,0.12231
-0.87896,-0.69025,0.19123
-0.94839,-0.70224,0.16608
-0.99534,-0.54540,0.20310
-1.01757,-0.60970,0.26842
-1.01421,0.79306,0.87817
-0.98607,1.21228,0.69244
-0.93397,-0.54612,0.47693
-0.85969,0.95124,0.89670
-0.76717,0.68885,0.27940
-0.64869,0.48339,0.23361
-0.54965,0.90914,0.19523
-0.44347,1.06050,0.27798
-0.33308,0.87426,0.21107
-0.22189,0.87367,0.20167
-0.11171,1.53209,0.22150
-0.00750,1.10417,0.28968
0.08753,0.86976,0.21454
0.16807,1.45362,0.30030
0.23296,2.60879,0.52495
0.27826,3.08843,0.50190
0.30254,3.38486,0.45478
0.30579,3.03160,0.60887
0.28761,3.54694,0.78870
0.24883,2.41707,0.48129
0.19112,1.91502,0.44403
0.11560,0.97641,0.21474
0.02486,1.24450,0.24414
-0.07639,0.01004,0.11915
-0.18478,-0.29820,0.15027
-0.29869,-0.51109,0.15443
-0.41419,-0.62279,0.17856
-0.52493,-0.85020,0.18092
-0.62836,-0.85232,0.21866
-0.72142,-0.90925,0.17751
-0.80040,-1.08429,0.20546
-0.86134,-0.98802,0.25052
-0.90192,-1.02222,0.21332
-0.92081,-1.13366,0.21507
-0.91753,-0.97056,0.18573
-0.89213,-1.17817,0.18430
-0.84558,-0.82217,0.24403
-0.77930,-0.83491,0.23141
-0.69550,-1.02775,0.23663
-0.59774,-0.50470,0.28296
-0.48939,-0.51260,0.29282
-0.37321,-0.50016,0.15681
-0.25297,-0.37181,0.14767
-0.13386,1.20060,0.49986
-0.02017,0.57512,0.27902
0.08501,0.25439,0.37296
0.17764,0.77422,0.28846
0.25386,0.15935,0.13272
0.30992,0.13825,0.12895
0.34371,0.93437,0.24053
0.35446,0.11439,0.13110
0.34165,0.31084,0.13572
0.31049,-0.16159,0.14325
0.30911,0.08173,0.14001
0.11833,0.16020,0.15404
-0.08431,-0.31464,0.14450
-0.25554,-0.32163,0.18245
-0.36153,-0.53378,0.24347
-0.46601,-0.71702,0.12821
-0.56165,-0.49703,0.16163
-0.64891,-0.69038,0.12461
-0.72388,-0.34838,0.19964
-0.78473,-0.69540,0.22340
-0.82914,-0.63335,0.23193
-0.85414,-1.03036,0.19215
-0.85906,-0.80412,0.21068
-0.84374,-0.76173,0.13543
-0.80857,-0.57482,0.14703
-0.75496,-0.35340,0.15985
-0.68410,-0.14528,0.13225
-0.59811,-0.03998,0.14134
-0.49992,-0.07342,0.13282
-0.39409,0.15813,0.14786
-0.28572,0.16395,0.14627
-0.17702,0.63430,0.16065
-0.07200,0.45334,0.18534
0.02423,1.13966,0.23506
0.10833,0.55147,0.21131
0.17809,0.34510,0.14262
0.23049,0.33298,0.13985
0.26282,0.34552,0.11579
0.27425,0.54788,0.16736
0.26472,0.68826,0.19155
0.23452,0.12804,0.15088
0.18513,0.03246,0.07671
0.11849,0.10417,0.17410
0.03641,-0.03427,0.09475
-0.05809,-0.19391,0.10686
-0.16309,-0.23313,0.12078
-0.27381,-0.45577,0.13183
-0.38449,-0.56478,0.16403
-0.49308,-0.69578,0.14417
-0.59423,-0.68191,0.18459
-0.68430,-0.52139,0.15053
-0.76090,-0.70263,0.10261
-0.82071,-0.79129,0.16757
-0.86062,-0.74795,0.15106
-0.87952,-0.72894,0.15170
-0.87713,-0.73970,0.13933
-0.85344,-0.54118,0.13221
-0.80964,-0.42024,0.13347
-0.74753,-0.38601,0.11291
-0.51121,-0.43263,0.13762
-0.54576,-0.45512,0.17631
-0.57576,-0.37600,0.11683
-0.59615,-0.36535,0.11158
-0.60581,-0.40109,0.13242
-0.50168,-0.56307,0.17328
-0.61801,-0.66463,0.13187
-0.72544,-0.69066,0.17090
-0.81900,-0.73290,0.13322
-0.89250,-0.87987,0.17833
-0.87300,-1.02038,0.16961
-1.02605,-1.14523,0.19354
-1.15823,-1.13277,0.18182
-1.26052,-1.10718,0.21945
-1.32598,-1.29237,0.26210
-1.27752,-1.59055,0.30147
-1.39258,-1.54074,0.27913
-1.47466,-1.47151,0.24305
-1.51899,-1.20875,0.27385
-1.52699,-1.45753,0.30682
-1.39747,-1.44810,0.26515
-1.45767,-1.51015,0.27316
-1.48242,-1.28428,0.22288
-1.47185,-1.31077,0.18688
-1.42625,-1.28165,0.24747
-1.21476,-1.49381,0.28444
-1.22314,-1.34419,0.26180
-1.20406,-1.06536,0.15824
-1.15539,-0.92683,0.14836
-1.07784,-0.86157,0.18092
-0.82713,-0.88368,0.20772
-0.82768,-0.86918,0.15235
-0.81495,-0.75282,0.12902
-0.78471,-0.57915,0.16049
-0.73759,-0.68431,0.14447
-0.54413,-0.88857,0.17147
-0.59288,-0.99227,0.21166
-0.63635,-0.74333,0.17404
-0.66843,-0.63940,0.15894
-0.68737,-0.63439,0.17272
-0.58912,-0.64021,0.13512
-0.70406,-0.82835,0.15300
-0.80802,-1.05196,0.24054
-0.89409,-0.92710,0.15050
-0.95886,-0.97045,0.13597
-1.00152,-0.90424,0.21293
-1.01921,-1.00799,0.27054
-1.01172,-0.56624,0.21424
-0.97971,-0.40022,0.42276
-0.92420,1.35257,0.55697
-0.84812,0.08505,0.50441
-0.75424,0.38060,0.53664
-0.64406,-0.13873,0.36219
-0.52130,-0.15396,0.25580
-0.39098,-0.20352,0.16094
-0.25741,0.00381,0.27026
-0.12482,1.22599,0.45739
0.00336,3.35952,0.61376
0.12151,2.56849,0.41413
0.22507,2.09459,0.32829
0.31128,2.74368,0.40025
0.37676,2.52358,0.44962
0.41817,2.32965,0.38733
0.43416,2.26033,0.31394
0.42446,3.04184,0.69501
0.38952,2.69651,0.51987
0.33084,2.33199,0.53031
0.25068,3.32253,0.73147
0.15122,1.97111,0.63263
0.03568,1.64674,0.42456
-0.09120,2.03134,1.04438
-0.22522,1.23071,0.29222
-0.36316,1.01374,0.40498
-0.50057,0.14283,0.41892
-0.63258,0.14200,0.48152
-0.75329,-0.81012,0.15748
-0.85819,-0.85507,0.23497
-0.94443,-0.87254,0.20320
-1.00785,-1.00604,0.19212
-1.04600,-0.80490,0.35559
-1.05812,0.33444,1.00444
-1.04373,-0.43286,0.75613
-1.00328,-0.71293,0.51780
-0.93859,-1.04152,0.24290
-0.85214,-1.19470,0.19637
-0.74627,-1.17412,0.19975
-0.62384,-0.80465,0.44011
-0.49009,-0.34328,0.30958
-0.35002,-0.08737,0.35400
-0.11360,-0.19057,0.23731
-0.05178,0.85884,0.63398
-0.00181,-0.16326,0.21714
0.03836,0.07639,0.11030
0.06738,0.31987,0.18462
0.12485,0.16768,0.10742
0.04651,0.02930,0.09565
-0.04638,-0.12542,0.14100
-0.14974,-0.45599,0.17558
-0.18411,-0.82596,0.19974
-0.37392,-1.34263,0.32519
-0.56216,-1.23543,0.25937
-0.74294,-1.09831,0.26707
-0.90912,-1.48666,0.31584
-0.98317,-2.07309,0.49941
-1.17771,-2.00422,0.44008
-1.34521,-2.10638,0.42345
-1.47449,-2.93791,0.67230
-1.56564,-3.57763,0.79677
-1.54503,-3.35898,0.64494
-1.64432,-2.54647,0.41761
-1.70909,-4.11458,1.01707
-1.73916,-4.95000,1.12649
-1.73462,-3.53334,0.80781
-1.61168,-2.36504,0.63762
-1.61684,-1.50399,0.38680
-1.58790,-1.95370,0.41320
-1.52521,-1.14498,0.23920
-1.42933,-1.31720,0.27830
-1.20744,-1.47297,0.31084
-1.12594,-1.47211,0.22032
-1.02068,-1.50592,0.35454
-0.89201,-1.27620,0.44907
-0.74634,-1.42628,0.37564
-0.58814,-0.78034,0.17391
-0.41940,-0.18126,0.14269
-0.24543,0.09145,0.09635
-0.07482,0.11063,0.13370
0.08741,0.44706,0.19100
0.23617,0.76785,0.13938
0.36917,0.77615,0.16169
0.47825,0.93042,0.18664
0.56004,0.78972,0.22613
0.61235,0.96797,0.20284
0.61355,0.89807,0.12936
0.64423,0.88324,0.15779
0.64443,0.74051,0.25985
0.61387,0.32152,0.17526
0.50813,0.65565,0.17306
0.46095,0.98581,0.29644
0.39130,0.38129,0.25723
0.29900,-0.05266,0.13543
0.18706,-0.42412,0.17568
0.02680,-0.11554,0.21159
-0.07262,-0.00441,0.11023
-0.17919,0.66691,0.12644
-0.29068,0.38614,0.23494
-0.40148,1.06124,0.14697
-0.52313,1.28727,0.27757
-0.58561,1.97325,0.30783
-0.63699,0.83328,0.67127
-0.67638,0.30934,0.26159
-0.73102,1.03941,0.12846
-0.70441,0.87807,0.21671
-0.66259,0.78187,0.20724
-0.60873,-0.20502,0.46236
-0.58503,0.36169,0.42365
-0.47228,-0.08975,0.30477
-0.35340,-0.04277,0.15352
-0.23325,0.42905,0.21561
-0.11580,0.73373,0.32785
-0.02469,0.43220,0.22273
0.11621,1.03057,0.44495
0.24291,0.60857,0.28262
0.35282,1.06545,0.53304
0.39683,0.64436,0.46332
0.49948,0.47873,0.33795
0.57606,0.60015,0.17016
0.62311,1.13541,0.35413
0.63883,1.56629,0.32579
0.59531,2.22780,0.30083
0.58778,1.68671,0.29779
0.55194,1.44405,0.26254
0.48776,1.67784,0.27333
0.34811,-0.16545,0.17016
0.27514,-0.52248,0.22317
0.18508,-0.18366,0.11404
0.07860,-0.02982,0.15490
-0.04030,0.56250,0.18813
-0.20118,0.82488,0.20634
-0.29425,1.00713,0.32401
-0.38729,0.48481,0.25188
-0.47761,-0.24313,0.15481
-0.56204,-0.06319,0.14966
-0.64793,-0.04746,0.12433
-0.67302,0.79335,0.57016
-0.68426,1.37418,0.57332
-0.68194,0.77669,0.68944
-0.68707,1.76875,0.47344
-0.61879,0.58575,0.67921
-0.53838,1.95215,0.39848
-0.44953,1.66641,0.35643
-0.38899,2.55575,0.38174
-0.25213,2.34929,0.34776
-0.11533,2.26132,0.36852
0.01569,2.35186,0.43778
0.13734,1.54461,0.25836
0.23008,2.13269,0.33516
0.35891,1.98163,0.27716
0.46544,1.93383,0.27542
0.54520,1.30345,0.21587
0.59653,1.89602,0.29287
0.61749,1.15600,0.18822
0.60643,0.75652,0.18118
0.56402,0.17205,0.13010
0.49194,0.17529,0.12406
0.39262,0.04944,0.14411
0.27071,-0.15799,0.21053
0.13068,0.20940,0.11744
-0.02508,0.07252,0.16651
-0.19148,-0.08636,0.20131
-0.36124,-0.36658,0.32208
-0.52915,-0.79598,0.15269
-0.69228,-0.91164,0.13838
-0.84538,-1.08517,0.25715
-0.98118,-1.19099,0.23274
-1.09127,-1.20716,0.19441
-1.17285,-1.12080,0.23520
-1.22462,-1.17558,0.27885
-1.24451,-1.13044,0.22140
-1.23189,-1.38622,0.24949
-1.18813,-1.19334,0.24256
-1.11495,-1.35258,0.26963
-1.01526,-1.21855,0.31840
-0.79466,-0.73756,0.46169
-0.77369,-0.25624,0.16205
-0.73998,-0.27733,0.15684
-0.69182,-0.11232,0.16169
-0.63071,-0.14716,0.10232
-0.47797,-0.55391,0.12001
-0.51465,-0.80841,0.14678
-0.54707,-0.96065,0.23436
-0.57126,-1.09372,0.15678
-0.58633,-1.12148,0.19822
-0.54700,-1.47976,0.29564
-0.66158,-1.54453,0.34079
-0.76760,-1.17225,0.23128
-0.85855,-0.99847,0.19752
-0.78006,-1.08219,0.16989
-0.94829,-0.96779,0.14502
-1.09754,-1.10770,0.16321
-1.22166,-1.24760,0.29598
-1.31233,-1.43049,0.19503
-1.19328,-1.80224,0.27965
-1.32999,-1.98725,0.27466
-1.43964,-1.98916,0.25832
-1.51249,-1.85191,0.28454
-1.55037,-1.80475,0.36856
-1.55419,-1.90947,0.27670
-1.42575,-1.67311,0.25088
-1.47845,-1.54352,0.23913
-1.49757,-1.16647,0.24821
-1.48319,-1.07989,0.24521
-1.43558,-1.32338,0.27612
-1.21478,-1.43495,0.37804
-1.21884,-1.62153,0.24295
-1.19706,-2.08025,0.32342
-1.14667,-1.33784,0.32637
-1.06956,-1.01993,0.29406
-0.80193,-1.32362,0.26401
-0.79739,-1.25147,0.26672
-0.78221,-0.79848,0.18239
-0.75176,-1.00021,0.18856
-0.70649,-1.33396,0.23655
-0.48658,-1.40498,0.30714
-0.53346,-1.72974,0.38412
-0.57757,-1.19511,0.32966
-0.61320,-0.56839,0.14292
-0.63883,-0.79691,0.16647
-0.65351,-0.61333,0.28602
-0.65623,-0.47750,0.22903
-0.64684,-0.52780,0.14970
-0.62562,-0.75955,0.21106
-0.59321,-2.09466,0.59298
-0.55092,-4.98869,1.12186
-0.49957,-2.98510,0.94935
-0.44055,-2.40736,0.81634
-0.37660,-1.39311,0.34273
-0.31004,-2.55775,0.65837
-0.24291,-3.69304,0.70032
-0.17654,-1.69579,0.41671
-0.11393,-1.25292,0.28470
-0.05683,-0.97666,0.33826
-0.00696,-0.14455,0.29763
0.03356,-0.73658,0.28118
0.06251,0.29414,0.21417
0.07870,0.48453,0.20895
0.08196,0.52367,0.18297
0.07201,0.07260,0.07896
0.04904,-0.26006,0.22597
0.01357,-1.06484,0.24972
-0.03344,-1.46037,0.35643
-0.08984,-0.71632,0.34709
-0.15301,-4.83407,1.23960
-0.22163,-3.29732,0.91296
-0.29330,-4.30359,0.77777
-0.36553,-2.82790,0.54006
-0.43508,-3.23492,0.72293
-0.49967,-2.13275,2.27584
-0.55702,-4.13593,1.06709
-0.60564,0.06424,1.46900
-0.64302,-1.51123,0.36143
-0.66837,-0.95024,0.20739
-0.68062,-1.03469,0.25769
-0.67913,-0.70792,0.13558
-0.66413,-0.72604,0.13385
-0.63608,-0.73647,0.15275
-0.59595,-0.52630,0.15327
-0.54556,-0.52878,0.16430
-0.48614,-0.46269,0.15881
-0.41981,-0.18712,0.11936
-0.34887,-0.12774,0.08912
-0.27649,-0.06840,0.11179
-0.11825,-0.12929,0.16702
-0.13908,0.00270,0.14318
-0.16870,-0.05323,0.07369
-0.20329,-0.03869,0.10548
-0.24184,-0.17523,0.10513
-0.25172,-0.36623,0.13145
-0.38258,-0.38954,0.14599
-0.51170,-0.54172,0.16226
-0.63541,-0.81248,0.15347
-0.66224,-0.91833,0.17435
-0.84681,-1.12596,0.18745
-1.01342,-1.07074,0.25276
-1.15373,-1.05985,0.16922
-1.26544,-1.45329,0.22025
-1.26263,-1.56398,0.28775
-1.39131,-1.52601,0.24727
-1.48446,-1.41984,0.27924
-1.54026,-1.43813,0.23320
-1.56032,-1.43318,0.26844
-1.46290,-1.61035,0.28077
-1.49955,-1.57119,0.25464
-1.50099,-1.36484,0.22761
-1.46748,-1.34947,0.21102
-1.39943,-1.32277,0.28303
-1.21206,-1.50555,0.27004
-1.16269,-1.30693,0.27408
-1.08806,-0.88259,0.20479
-0.98886,-0.58805,0.14828
-0.86640,-0.56070,0.17594
-0.64149,-0.18906,0.15595
-0.57192,-0.09889,0.13645
-0.49704,-0.09209,0.14990
-0.41486,-0.30826,0.22000
-0.32780,-0.10645,0.12788
-0.18617,-0.35725,0.20797
-0.18987,-0.28751,0.18495
-0.19928,-0.02648,0.12584
-0.21233,-0.21669,0.13143
-0.22847,-0.08337,0.13092
-0.24717,-0.06838,0.11247
-0.26794,0.10685,0.15417
-0.29012,0.18207,0.16497
-0.31275,0.61885,0.21472
-0.33503,0.12806,0.16338
-0.35636,0.02168,0.17353
-0.37600,0.30028,0.15570
-0.39303,-0.17850,0.23793
-0.40693,-0.24821,0.23646
-0.41720,-0.05979,0.11306
-0.42338,0.06788,0.14986
-0.42516,0.28518,0.19491
-0.42242,-0.05781,0.13927
-0.41526,-0.36080,0.18277
-0.40383,-0.16093,0.12983
-0.38850,0.09189,0.14788
-0.36986,0.06373,0.16681
-0.34859,-0.20445,0.18755
-0.32525,-0.16358,0.14307
-0.30062,0.05496,0.14762
-0.27578,0.07162,0.14693
-0.25166,0.03468,0.11689
-0.22892,0.52042,0.19933
-0.20859,0.69524,0.20318
-0.19149,1.52883,0.24299
-0.17810,0.92455,0.25353
-0.16898,0.18294,0.17800
-0.16464,0.16996,0.14959
-0.16526,0.37291,0.17045
-0.17087,0.52772,0.17898
-0.18136,0.85304,0.19848
-0.19632,0.76700,0.22349
-0.21520,1.18287,0.24959
-0.23761,0.56419,0.18371
-0.26288,0.63172,0.19406
-0.29011,0.81934,0.21815
-0.31833,0.56959,0.25837
-0.34652,0.87879,0.20635
-0.37365,1.24097,0.41615
-0.39827,0.86050,0.19827
-0.41965,2.17600,0.29914
-0.43679,0.72192,0.26369
-0.42782,0.31842,0.20412
-0.45984,0.61783,0.20331
-0.48670,0.32005,0.26743
-0.50710,-0.00113,0.18316
-0.52019,-0.19336,0.14717
-0.52500,-0.08136,0.12785
-0.52124,-0.23586,0.14013
-0.50900,-0.24153,0.16012
-0.48856,-0.02611,0.12168
-0.46051,0.71488,0.40909
-0.42611,2.18209,0.46101
-0.38673,2.42349,0.57288
-0.34320,2.15942,0.45993
-0.29685,2.09088,0.42528
-0.25011,1.72155,0.44342
-0.20497,1.72274,0.36721
-0.16238,1.66357,0.34719
-0.12388,1.78188,0.32331
-0.09177,1.93660,0.39228
-0.06789,0.79720,0.24758
-0.05268,0.26826,0.24104
-0.04684,0.05454,0.19518
-0.05071,0.01044,0.14131
-0.06415,-0.01345,0.14764
-0.08663,0.10198,0.13894
-0.11749,0.04821,0.09780
-0.15561,0.04877,0.09335
-0.19919,-0.00198,0.11104
-0.24708,-0.08257,0.12043
-0.29747,-0.04828,0.15392
-0.34793,-0.24003,0.21021
-0.39713,-0.15357,0.18416
-0.44308,-0.21920,0.22204
-0.48343,-0.40649,0.26810
-0.51665,-0.60785,0.19954
-0.54182,-0.55639,0.17518
-0.55778,0.46536,0.54286
-0.56361,-0.33599,0.30376
-0.55928,-0.60028,0.26142
-0.54478,-0.45536,0.20853
-0.52076,-1.12397,0.32011
-0.48819,-0.32769,0.17527
-0.44770,0.80497,0.37551
-0.40074,0.81665,0.22932
-0.34989,-0.59660,0.19163
-0.29708,-0.20762,0.17870
-0.14832,-0.49235,0.17153
-0.20814,-0.15511,0.17002
-0.28332,-0.02040,0.18305
-0.31401,0.30195,0.46252
-0.26295,0.12461,0.47615
-0.21561,-0.05108,0.10335
-0.17202,0.05366,0.11314
-0.13196,0.38261,0.17771
-0.09756,0.98856,0.22628
-0.07085,1.05027,0.21559
-0.05330,1.55878,0.35343
-0.04512,0.30520,0.16197
-0.04684,0.09657,0.13894
-0.05858,0.15021,0.12873
-0.07983,0.24632,0.19111
-0.10974,0.28360,0.15885
-0.14769,0.01847,0.08896
-0.19234,0.02576,0.07339
-0.24121,0.04201,0.16307
-0.29243,0.20005,0.16452
-0.34501,0.40105,0.22986
-0.39691,-0.04912,0.12297
-0.44500,-0.51627,0.18581
-0.48736,-0.60886,0.17449
-0.52319,-0.55637,0.16944
-0.55081,-0.52648,0.16730
-0.56833,-0.52519,0.15121
-0.57512,-0.39470,0.17302
-0.57110,-0.36506,0.15144
-0.55630,-0.44270,0.16386
-0.53131,-0.51029,0.17499
-0.49667,-0.59701,0.13335
-0.45358,-0.34181,0.17812
-0.40442,-0.37289,0.14592
-0.35109,-0.24986,0.16205
-0.29461,-0.28666,0.17170
-0.23716,-0.29559,0.17531
-0.18153,-0.44934,0.17149
-0.12959,-0.38094,0.14692
-0.08340,-0.07526,0.11798
-0.04504,-0.11713,0.11107
-0.01657,0.02277,0.09262
0.00071,0.00310,0.08780
0.00622,0.16925,0.15524
-0.00044,0.26806,0.19509
-0.01917,0.19455,0.12169
-0.04927,-0.01536,0.09512
0.00788,-0.11871,0.10334
-0.17120,-0.34904,0.14039
-0.35963,-0.48658,0.16278
-0.54765,-0.46398,0.14141
-0.72787,-0.71121,0.21723
-0.83961,-0.88649,0.27152
-1.10578,-1.13710,0.25430
-1.34673,-1.33707,0.26880
-1.55188,-1.54843,0.29571
-1.71399,-1.95245,0.32243
-1.73541,-1.85963,0.39133
-1.94285,-2.15238,0.25307
-2.11424,-2.19502,0.20815
-2.24880,-2.35562,0.32538
-2.34602,-2.21531,0.28840
-2.22252,-2.32206,0.28256
-2.36914,-2.46659,0.39577
-2.47935,-2.38848,0.28591
-2.55278,-2.38705,0.35862
-2.58928,-2.13656,0.29725
-2.58894,-2.11193,0.36461
-2.39712,-2.11912,0.29923
-2.44887,-2.28246,0.30234
-2.46439,-1.83172,0.69710
-2.44391,-2.07603,0.49441
-2.38779,-1.72558,0.58952
-2.29666,-2.21465,0.87100
-2.04307,-2.13735,0.33301
-2.00433,-2.40249,0.40031
-1.93084,-2.02489,0.34095
-1.82329,-1.49389,0.29886
-1.68254,-1.39880,0.24947
-1.30247,-1.48402,0.27285
-1.21339,-1.39855,0.29733
-1.09370,-0.78578,0.14195
-0.95038,-0.34123,0.19740
-0.78841,-0.34428,0.22072
-0.61241,-0.33616,0.25750
-0.30369,-0.19351,0.25430
-0.23231,0.19096,0.20680
-0.16788,0.29394,0.15702
-0.10844,0.43328,0.15453
-0.05512,0.29615,0.14999
0.05578,0.15434,0.15430
-0.03300,0.00101,0.12223
-0.13431,-0.04594,0.10158
-0.24167,-0.13515,0.13113
-0.35130,-0.21703,0.14504
-0.45956,-0.31146,0.16820
-0.56162,0.11488,0.17003
-0.65417,-0.43569,0.62839
-0.73573,-0.27593,0.23562
-0.80291,-0.85119,0.18581
-0.85153,-0.88629,0.18986
-0.88029,-0.88939,0.18588
-0.88910,-0.84450,0.21493
-0.87728,-0.69434,0.18654
-0.84537,-0.44553,0.16309
-0.79478,0.08844,0.43492
-0.72653,0.53069,0.37896
-0.64417,1.65127,0.39036
-0.55056,2.26365,0.43626
-0.44876,1.30699,0.41245
-0.34046,1.18742,0.28701
-0.23127,1.54647,0.26967
-0.12301,2.46916,0.36361
-0.02147,3.56625,0.49081
0.07166,2.30170,0.64739
0.15094,1.91593,0.39658
0.21515,3.50258,0.51455
0.26167,4.14134,0.73606
0.28841,2.72022,0.59931
0.29375,2.75121,0.45712
0.27791,2.99272,0.25299
0.24150,1.79988,0.34324
0.18569,1.98504,0.42510
0.11341,1.57144,0.44885
0.02722,1.34538,0.50074
-0.07148,0.28788,0.21979
-0.17929,0.61477,0.44256
-0.29059,0.67602,0.34809
-0.40172,0.40357,0.56394
-0.51101,0.09898,0.62361
-0.61231,-0.93303,0.26103
-0.70190,-0.90006,0.28134
-0.77667,-0.81976,0.25367
-0.83538,-1.02498,0.24506
-0.87419,-1.02044,0.20443
-0.89187,-1.23276,0.25493
-0.88854,-1.06750,0.34179
-0.86405,-0.40386,0.71788
-0.73263,-1.06743,0.56441
-0.75323,-0.60715,0.26718
-0.76044,-0.44603,0.15095
-0.75121,-0.80869,0.14280
-0.72571,-1.00350,0.18609
-0.63255,-0.89003,0.26166
-0.65909,-0.80539,0.23700
-0.67520,-0.77678,0.18066
-0.67817,-0.92022,0.21962
-0.57143,-0.87369,0.17808
-0.62911,-1.04245,0.21996
-0.67846,-1.02975,0.21429
-0.71402,-0.71201,0.18341
-0.73415,-1.06978,0.20873
-0.68003,-1.48094,0.27104
-0.75152,-1.16465,0.26994
-0.80827,-1.62911,0.32156
-0.84624,-1.25648,0.36111
-0.86481,-1.11198,0.22634
-0.83753,-1.21187,0.26171
-0.89719,-3.15149,0.64387
-0.93643,-1.91423,0.46320
-0.95312,-1.46459,0.24297
-0.86963,-1.09363,0.24520
-0.92273,-0.93689,0.21031
-0.95543,-1.40034,0.21591
-0.96494,-0.98532,0.18779
-0.95045,-1.05245,0.19583
-0.86515,-0.96443,0.19233
-0.88811,-1.08386,0.32546
-0.89223,-1.00837,0.19842
-0.87507,-1.04306,0.22455
-0.83730,-1.25472,0.25722
-0.78053,-1.30019,0.23109
-0.70701,-1.19799,0.27994
-0.61809,-1.12441,0.28075
-0.51841,-1.43837,0.44308
-0.41151,-0.74339,0.22679
-0.29906,-0.42541,0.20054
-0.18500,-0.23801,0.17850
-0.07567,0.02245,0.17859
-0.00757,0.25228,0.17087
0.12322,0.41617,0.24878
0.24053,0.46084,0.17485
0.33845,0.45431,0.24018
0.41320,0.14863,0.38188
0.45337,0.41268,0.34226
0.51601,0.59130,0.24958
0.54991,0.38257,0.14268
0.55338,0.80799,0.36690
0.50060,0.49197,0.20174
0.48496,0.34027,0.15670
0.44286,0.86093,0.19439
0.37440,1.40333,0.23858
0.23893,1.79596,0.23313
0.16666,2.02740,0.40097
0.07962,1.67927,0.32033
-0.02141,0.98527,0.24868
-0.13251,0.95431,0.16210
-0.26923,0.52966,0.18624
-0.34871,0.27159,0.15584
-0.42655,-0.22847,0.22470
-0.50093,-0.45483,0.20571
-0.59838,-0.72657,0.14796
-0.61511,-0.52374,0.19077
-0.61933,-0.55727,0.42119
-0.61181,-0.73670,0.36137
-0.62975,-0.37238,0.26619
-0.55900,-0.10492,0.22676
-0.47676,-0.22923,0.25091
-0.38760,-0.48550,0.19067
-0.29490,-0.22537,0.34520
-0.20899,-0.27915,0.12444
-0.07821,-0.22014,0.15211
0.04613,0.25554,0.16818
0.15843,1.41682,0.44852
0.23249,1.63479,0.38276
0.35043,2.49128,0.34413
0.44585,2.09671,0.32213
0.51398,1.61115,0.27721
0.51272,0.96365,0.22052
0.56135,0.15570,0.31699
0.58088,-0.01793,0.10904
0.56878,0.19238,0.17087
0.52566,1.01306,0.24656
0.43707,1.85953,0.24592
0.37786,1.66499,0.24907
0.29616,1.44629,0.33141
0.19400,0.79862,0.18883
0.04060,0.84006,0.29827
-0.05406,1.15762,0.32121
-0.15774,0.02356,0.27917
-0.26620,-0.50408,0.20314
-0.37766,1.01404,0.23259
-0.49796,0.52091,0.64493
-0.56284,0.77901,0.55626
-0.61732,2.41819,0.34254
-0.66042,1.83122,0.34870
-0.70808,0.17273,0.28449
-0.68368,0.11478,0.21208
-0.64404,0.99027,0.28458
-0.59174,0.22557,0.22863
-0.55233,0.23835,0.18448
-0.43939,0.46533,0.13904
-0.32012,0.93056,0.23788
-0.20059,0.75692,0.15392
-0.08366,0.91446,0.19984
0.02623,1.31131,0.19976
0.12477,0.77666,0.15191
0.20704,0.49204,0.14507
0.27120,-0.02106,0.12569
0.31450,0.04844,0.10485
0.33475,0.07547,0.09948
0.33165,0.04046,0.12487
0.30562,-0.13351,0.19223
0.25760,-0.07342,0.19447
0.18993,-0.03185,0.16337
0.10516,-0.04946,0.13496
0.00551,0.07287,0.20031
-0.10540,-0.14933,0.17040
-0.22259,-0.47313,0.22590
-0.34221,-0.56911,0.17790
-0.46133,-0.75559,0.26142
-0.57417,-0.84785,0.14086
-0.67674,-0.90203,0.16024
-0.76518,-0.95233,0.16028
-0.83712,-0.87687,0.18389
-0.88944,-0.63480,0.70953
-0.81709,-0.37585,0.78235
-0.94815,-1.29045,0.65185
-1.05998,-0.12093,0.39209
-1.14432,-0.44139,0.34519
-1.19672,-0.84020,0.28837
-1.12125,-1.28671,0.28026
-1.22952,-1.41161,0.36275
-1.30911,-2.14746,0.43094
-1.35192,-2.86086,0.58572
-1.35704,-1.80679,0.39056
-1.22166,-1.96380,0.33179
-1.27532,-1.27164,0.18990
-1.29912,-1.29694,0.21056
-1.28867,-1.19831,0.20868
-1.24429,-1.05511,0.20266
-1.05270,-1.15592,0.16873
-1.06975,-1.00851,0.17905
-1.06442,-0.78532,0.13765
-1.03299,-0.86463,0.17666
-0.97681,-0.80068,0.19303
-0.78572,-0.99923,0.28676
-0.80929,-0.90416,0.16897
-0.81927,-0.71541,0.24974
-0.81122,-0.80493,0.15858
-0.78538,-0.70661,0.23587
-0.65070,-0.82785,0.19529
-0.71472,0.15569,0.89837
-0.76720,-0.74580,0.31218
-0.80412,-0.80981,0.22197
-0.82361,-0.95857,0.20430
-0.75595,-1.35468,0.35588
-0.85963,-1.80184,0.33433
-0.94602,-1.73368,0.71786
-1.01102,-1.59626,0.39597
-1.05024,-1.43754,0.74471
-1.00038,-1.64781,0.43422
-1.10572,-1.47591,0.40182
-1.18781,-1.20025,0.28144
-1.23990,-1.27660,0.31953
-1.25843,-2.06292,0.25012
-1.17087,-1.79764,0.48955
-1.24335,-1.76337,0.69653
-1.28687,-1.71077,0.33575
-1.29694,-1.53984,0.26606
-1.27348,-1.56544,0.35966
-1.21763,-1.33517,0.39658
-1.13152,-0.83923,0.21712
-1.01986,-0.68925,0.14332
-0.88652,-1.12537,0.23009
-0.73348,-3.03267,0.61821
-0.56571,-1.27623,0.27984
-0.39129,-0.86877,0.25518
-0.21524,-0.56185,0.09732
-0.03970,-0.78982,0.15785
0.12932,-1.35683,0.25759
0.28559,-1.41002,0.26629
0.42029,0.65450,0.38111
0.53211,0.15523,0.79431
0.61654,1.10855,0.19143
0.66833,1.03959,0.28755
0.68682,0.53236,0.50646
0.67272,0.81938,0.21509
0.62652,0.91581,0.20023
0.55086,0.74114,0.24426
0.44888,0.43669,0.23389
0.32241,0.13603,0.15885
0.17575,-0.24978,0.22640
0.01603,-1.83182,0.53450
-0.15213,-2.30537,0.54740
-0.32393,0.45734,2.70278
-0.49700,-3.24570,0.64270
-0.66243,-3.87966,0.75681
-0.81484,-5.21291,1.15323
-0.95223,-6.21643,1.46091
-1.06897,-6.42668,1.60172
-1.15793,-5.40198,1.24589
-1.21797,-4.66855,1.29009
-1.24762,-3.02912,1.24207
-1.24578,-2.21505,0.46791
-1.21261,-1.38553,0.30716
-1.14981,-0.55575,0.63536
-1.05944,-0.91875,0.18427
-0.94459,-0.87962,0.14909
-0.80905,-0.83436,0.15012
-0.65804,-0.58721,0.16600
-0.49510,-0.34927,0.14718
-0.32482,-0.15684,0.16147
-0.15376,0.07094,0.11145
0.01267,0.34529,0.13686
0.16929,0.41880,0.22386
0.31196,0.72311,0.18287
0.50776,0.82791,0.14968
0.51831,0.81233,0.16502
0.49819,0.62459,0.12984
0.45152,0.49991,0.22700
0.47941,0.13320,0.12161
0.30317,0.08008,0.09001
0.10479,-0.11343,0.11614
-0.10797,-0.32373,0.15254
-0.32810,-0.51894,0.10985
-0.44466,-0.70038,0.18397
-0.72924,-0.92532,0.22589
-1.00818,-1.09836,0.23913
-1.27091,-1.22461,0.53795
-1.50323,-0.76601,0.94988
-1.69924,0.48367,1.19128
-1.76712,1.49194,0.95361
-1.97642,0.60843,1.01417
-2.15564,-0.64287,1.14318
-2.30393,-1.07817,1.10496
-2.42065,-1.47489,1.18322
-2.50531,-2.05197,0.92639
-2.47759,-2.53343,0.37436
-2.58036,-2.40932,0.40622
-2.65119,-2.39222,0.31388
-2.68988,-2.37911,0.30045
-2.69636,-2.12865,0.47201
-2.52631,-2.26217,0.44648
-2.55196,-2.34291,0.37084
-2.54570,-2.32999,0.31118
-2.50768,-2.24682,0.40350
-2.43827,-2.34348,0.47114
-2.33797,-2.20576,0.34279
-2.08136,-2.10077,0.29687
-2.00050,-1.49330,0.53680
-1.88920,-1.34917,0.21548
-1.74817,-1.28332,0.32955
-1.57827,-0.90826,0.29778
-1.38052,-0.72155,0.29630
-1.04246,-0.87030,0.20621
-0.87033,-0.59055,0.17360
-0.68653,-0.55340,0.19362
-0.49219,-0.29801,0.19163
-0.29279,0.13508,0.15986
-0.09566,1.04930,0.16624
0.09414,0.98477,0.19513
0.27440,1.25743,0.23954
0.43860,3.23315,0.63935
0.57756,2.47291,0.51232
0.68781,3.91467,0.64630
0.76874,3.15640,0.43177
0.81710,2.58142,0.44919
0.83233,2.38606,0.46044
0.81628,1.86146,0.17534
0.76936,1.10401,0.22177
0.69190,0.63062,0.18424
0.58600,0.88126,0.19670
0.45586,0.66157,0.20007
0.30371,0.09985,0.10283
0.13672,0.02466,0.12974
-0.04061,-0.20856,0.13157
-0.22656,-0.40459,0.14409
-0.41571,-0.76562,0.15759
-0.59920,-1.03925,0.25716
-0.77225,-1.08393,0.21922
-0.93302,-1.16732,0.23942
-1.07550,-1.35488,0.31303
-1.19158,-1.17961,0.19176
-1.27859,-1.26964,0.24438
-1.33625,-1.30669,0.29605
-1.36214,-1.09384,0.18767
-1.35516,-1.14803,0.23883
-1.31673,-1.12471,0.18580
-1.24795,-0.49519,0.42992
-1.15128,0.70324,0.54629
-1.02999,0.31136,0.27383
-0.88982,-0.19319,0.17865
-0.73229,0.28276,0.21626
-0.56187,0.31528,0.24540
-0.38619,1.00261,0.25000
-0.20970,1.07772,0.18253
-0.03411,1.53330,0.18468
0.13493,1.67516,0.26046
0.29034,2.79176,0.47662
0.42545,2.30226,0.40715
0.53687,2.87780,0.37257
0.62352,3.21664,0.50494
0.68176,3.48484,0.60164
0.70823,2.95127,0.65505
0.70383,3.17237,0.51095
0.66888,3.62232,0.74194
0.60534,2.70959,0.47651
0.51586,1.44349,0.30801
0.40197,1.50418,0.22712
0.27806,0.85906,0.20151
0.10791,0.06854,0.14799
-0.07244,-0.10484,0.13015
-0.26068,-0.46155,0.11959
-0.44817,-0.66302,0.15973
-0.62969,-0.85489,0.13850
-0.80015,-0.84297,0.16855
-0.95733,-0.94427,0.23295
-1.09522,-1.03839,0.27730
-1.20871,-1.12181,0.24716
-1.29158,-1.22309,0.26027
-1.34407,-1.13040,0.23679
-1.36430,-0.98596,0.33160
-1.35174,-1.09617,0.28204
-1.30767,-1.46413,0.25919
-1.23397,-0.83533,0.43370
-1.13247,-1.02982,0.37189
-1.00836,1.10499,0.92569
-0.86547,1.01430,0.38267
-0.70783,1.04175,0.40076
-0.53736,1.36613,0.24821
-0.36032,1.84133,0.32653
-0.18200,1.65130,0.31006
-0.00595,1.65330,0.31186
0.16257,1.10135,0.23428
0.31649,0.93405,0.23253
0.45082,0.81637,0.18538
0.56253,1.24741,0.19344
0.64763,0.98930,0.12941
0.70224,1.08300,0.19623
0.72505,1.03378,0.13967
0.71620,1.02453,0.14949
0.67625,1.04564,0.19642
0.60707,0.86756,0.14437
0.51134,0.62937,0.18491
0.39156,0.48019,0.16054
0.25140,0.37817,0.21273
0.09605,0.05889,0.09417
-0.07007,-0.04385,0.13205
-0.24369,-0.23302,0.20146
-0.41999,-0.72724,0.15715
-0.59235,-0.97073,0.12418
-0.75557,-1.10882,0.20496
-0.90701,-1.20483,0.18405
-1.04178,-1.46698,0.22767
-1.15240,-1.45467,0.31837
-1.23508,-1.34340,0.24794
-1.28919,-1.55656,0.35015
-1.31287,-0.95255,0.25732
-1.30455,-0.13743,0.22309
-1.26511,-1.61189,0.35453
-1.19605,-1.73502,0.27684
-1.10246,-0.91126,0.36581
-0.87743,-0.84012,0.13232
-0.83790,-0.66179,0.22923
-0.79176,-0.42416,0.11947
-0.73249,-0.39096,0.13996
-0.55877,1.05207,0.35430
-0.36784,0.89564,0.27892
-0.18282,0.78878,0.22207
0.00065,0.99935,0.16561
0.17562,1.43930,0.33945
0.33405,1.72300,0.32382
0.47304,1.92374,0.36028
0.58739,2.46225,0.34779
0.67315,2.56963,0.35819
0.72667,2.26828,0.34588
0.74730,1.94463,0.30453
0.73541,1.09905,0.23994
0.69173,1.14598,0.18476
0.61867,0.87400,0.17171
0.51911,0.69079,0.21836
0.39557,0.19914,0.15586
0.25218,0.36325,0.15332
0.09459,0.32071,0.20190
-0.07302,-0.24483,0.13199
-0.24748,-0.49285,0.15099
-0.42345,-0.75820,0.16733
-0.59398,-1.07402,0.23433
-0.75433,-1.01668,0.18213
-0.89947,-1.23520,0.23684
-1.02620,-1.29464,0.25345
-1.12966,-1.22542,0.19031
-1.20512,-1.29975,0.28080
-1.25187,-1.22577,0.23270
-1.26830,-1.19586,0.15074
-1.25420,-1.23438,0.23005
-1.21068,-0.99549,0.18810
-1.13986,-0.95240,0.18379
-1.04375,-0.88723,0.20520
-0.92574,-0.79159,0.17490
-0.79070,-0.63524,0.14538
-0.64115,-0.43450,0.13207
-0.48169,-0.22404,0.15004
-0.31701,0.07491,0.10502
-0.15342,0.11884,0.14374
0.00462,0.01461,0.08787
0.15225,0.07039,0.10689
0.28620,0.17648,0.13294
0.39993,0.31283,0.18063
0.49019,0.36760,0.13664
0.55611,0.59919,0.15725
0.59483,0.88772,0.19249
0.60406,0.85380,0.16358
0.58447,0.98479,0.24540
0.53744,0.72511,0.16252
0.46413,0.29441,0.15713
0.36836,0.25196,0.11891
0.29515,-0.02481,0.07844
0.05542,-0.38025,0.10211
-0.19729,-0.50057,0.14074
-0.45043,-0.80402,0.24797
-0.70137,-0.84818,0.25939
-0.82850,-0.99075,0.22165
-1.14645,-1.46757,0.24940
-1.44765,-1.47263,0.23118
-1.71625,-1.83151,0.30281
-1.95391,-2.39577,0.31259
-2.16373,-2.46705,0.35885
-2.14301,-2.67820,0.38652
-2.39716,-2.40374,0.30857
-2.62466,-2.78727,0.42445
-2.82437,-2.83440,0.40171
-2.99537,-3.02509,0.38465
-3.13685,-3.02318,0.47073
-3.24820,-3.14497,0.53253
-3.12447,-3.25350,0.47170
-3.28610,-3.56593,0.46098
-3.41833,-3.55914,0.47869
-3.52058,-3.58262,0.58144
-3.59241,-3.48968,0.60137
-3.63358,-3.39333,0.43313
-3.64396,-3.53487,0.51243
-3.41735,-3.95039,0.55192
-3.48097,-4.03586,0.49317
-3.51414,-3.84992,0.52998
-3.51681,-3.56555,0.60677
-3.48906,-3.30434,0.41275
-3.43113,-3.17188,0.42424
-3.34343,-2.96161,0.50285
-3.02557,-2.91517,0.65582
-2.99101,-2.95140,0.51783
-2.92657,-2.79468,0.47824
-2.83267,-3.32820,0.52475
-2.70989,-2.94523,0.55687
-2.55893,-2.61432,0.48914
-2.38064,-2.42351,0.53248
-1.99518,-2.15974,0.45852
-1.86707,-1.99365,0.34747
-1.71113,-1.52644,0.27334
-1.52821,-1.04771,0.23436
-1.31932,-0.85720,0.12714
-1.08574,-0.72754,0.21463
-0.83409,-0.52391,0.18570
-0.43980,0.12200,0.15389
-0.26768,0.62579,0.16468
-0.09975,0.62352,0.13638
0.06127,0.72382,0.11577
0.21135,0.73479,0.11946
0.49400,0.66905,0.15683
0.49710,0.60154,0.16152
0.47040,0.35623,0.16958
0.42042,0.14974,0.11262
0.34931,0.25908,0.14276
0.25923,0.23452,0.14149
0.15354,0.17149,0.13541
0.03533,0.33018,0.14339
-0.09304,0.34073,0.17084
-0.22798,0.44777,0.30406
-0.36459,-0.49713,0.20041
-0.50070,-0.76516,0.18052
-0.63279,-0.77011,0.16613
-0.75439,-0.84647,0.13898
-0.86135,-0.81018,0.17309
-0.95235,-0.81841,0.21692
-1.02438,-0.64266,0.16703
-1.07331,0.11151,0.55782
-1.09766,0.77867,0.71372
-1.09765,0.31402,0.65623
-1.07317,1.24471,0.45006
-1.02516,1.07008,0.46562
-0.95544,1.17562,0.31467
-0.86536,2.04794,0.43040
-0.75737,1.43881,0.26643
-0.63618,2.12934,0.31808
-0.50563,2.45322,0.87569
-0.36749,1.84754,0.36076
-0.22531,2.08831,0.56204
-0.08559,4.06294,0.79553
0.04707,4.25429,0.95563
0.17075,4.82469,0.87897
0.28156,4.31557,0.69845
0.37340,4.32624,0.52015
0.44206,3.48955,0.65747
0.48721,3.76034,0.73786
0.50724,3.67879,0.60293
0.50141,4.75213,0.69186
0.47055,2.98200,0.53398
0.41610,2.26215,0.40034
0.33960,1.87196,0.42493
0.24445,1.52301,0.34778
0.13363,1.88344,0.44703
0.01055,0.49980,0.48408
-0.12220,0.00976,0.23227
-0.25916,-0.20358,0.45022
-0.39641,-0.63778,0.25837
-0.53117,-0.88091,0.15332
-0.65879,-0.96740,0.17410
-0.77493,-1.04601,0.24897
-0.87436,-1.06802,0.33013
-0.95430,-1.15073,0.52493
-1.01318,-0.88456,0.80867
-1.00563,-0.79599,0.69923
-1.09378,-0.72543,0.31767
-1.15745,-0.83104,0.23261
-1.19356,-0.93676,0.24951
-1.20101,-1.15089,0.31722
-1.13493,-2.23896,0.63500
-1.16337,-1.61110,0.33354
-1.16668,-1.35867,0.29189
-1.14241,-1.17601,0.32008
-1.09130,-1.37855,0.29942
-0.97027,-1.02520,0.21309
-0.95076,-1.02074,0.22594
-0.91246,-0.72053,0.15584
-0.85453,-0.76015,0.28411
-0.77974,-0.72070,0.18005
-0.65038,-0.76288,0.17979
-0.62448,-0.94555,0.23193
-0.59042,-1.30986,0.31471
-0.54757,-0.76076,0.52211
-0.39770,-0.57967,0.27121
-0.41877,-0.40246,0.14987
-0.43878,-1.13149,0.33641
-0.45431,-0.48049,0.21199
-0.46460,-0.89617,0.23652
-0.39754,-1.14187,0.28105
-0.47628,-0.89886,0.21492
-0.55081,-1.52009,0.42580
-0.61801,-1.24228,0.16953
-0.67515,-1.27157,0.29847
-0.66797,-0.92129,0.19178
-0.77595,-0.95519,0.20303
-0.87131,-1.08513,0.19872
-0.94828,-1.19892,0.19739
-1.00209,-1.40324,0.24370
-1.03156,-1.77957,0.38828
-1.03625,-1.70269,0.34696
-1.01642,-1.81627,0.35868
-0.97301,-1.68670,0.37603
-0.90785,-2.07875,0.45240
-0.82336,-1.02659,0.24080
-0.72096,-1.36315,0.22139
-0.60409,-1.30956,0.34432
-0.47851,-0.73432,0.22479
-0.36205,-0.14254,0.22377
-0.19116,-0.06642,0.31208
-0.02114,0.30671,0.40245
0.14005,0.72004,0.33517
0.24596,1.08625,0.46439
0.41196,1.01410,0.38726
0.55713,0.30272,0.14335
0.67314,0.56448,0.30718
0.75573,0.98296,0.18667
0.77287,0.81547,0.13374
0.82275,0.97439,0.33790
0.83888,1.08835,0.17570
0.82147,1.95174,0.24240
0.77079,2.07567,0.42476
0.66998,2.14315,0.40782
0.59264,2.35003,0.38197
0.48787,1.32688,0.24118
0.36046,0.97393,0.20549
0.16575,1.16681,0.18740
0.03790,0.74896,0.28665
-0.09750,0.06075,0.08384
-0.23782,-0.04058,0.20827
-0.38169,-0.25110,0.22814
-0.55895,-0.64927,0.19562
-0.65419,-0.71706,0.28365
-0.73582,-0.91250,0.27740
-0.80393,-0.67679,0.26749
-0.85571,-0.46303,0.34649
-0.89920,-0.64534,0.61279
-0.87284,-0.87594,0.23406
-0.82624,-1.00870,0.24567
-0.76182,-0.94079,0.28835
-0.70632,-0.71135,0.18410
-0.57554,-0.64364,0.19571
-0.43377,-0.28186,0.14876
-0.28643,0.11431,0.19358
-0.18448,1.65491,0.54112
-0.00393,1.39073,0.37188
0.17001,2.27370,0.40018
0.33027,1.97882,0.37865
0.46924,1.27086,0.22531
0.54475,1.66512,0.30440
0.66640,0.86979,0.17564
0.75820,0.09203,0.18160
0.81441,-0.14931,0.16240
0.83452,1.22669,0.57136
0.79620,2.11163,0.32983
0.78795,1.99443,0.20661
0.74651,2.00982,0.37605
0.67230,1.48916,0.25638
0.51436,1.79629,0.39097
0.41795,1.29785,0.25247
0.30139,1.17819,0.24781
0.16742,0.65194,0.50633
0.01761,0.74671,0.45293
-0.18785,1.17983,0.19468
-0.31693,0.69253,0.56343
-0.44363,-0.11923,0.36548
-0.56751,1.90813,0.60836
-0.68491,0.28630,0.89340
-0.81651,-0.95416,0.20981
-0.86534,-0.83728,0.21421
-0.89387,0.40959,0.65085
-0.90281,-0.34705,0.30102
-0.93106,-0.46851,0.20983
-0.86075,-0.35220,0.23583
-0.77074,0.01944,0.22755
-0.66424,0.17506,0.28752
-0.54435,0.56360,0.16929
-0.41650,0.52561,0.16086
-0.28634,0.63598,0.16659
-0.15608,0.51873,0.17125
-0.03015,0.17914,0.13488
0.08708,-0.00060,0.09778
0.19021,0.05539,0.06502
0.27607,0.14668,0.10326
0.34276,0.17672,0.10484
0.38756,0.10473,0.13546
0.40838,-0.05641,0.10218
0.40508,-0.04746,0.10108
0.37812,-0.09927,0.11035
0.32851,-0.01117,0.08733
0.25860,0.10871,0.15723
0.17015,0.07060,0.25484
0.06623,0.04548,0.12206
-0.04972,-0.15329,0.13449
-0.17287,0.15900,0.61132
-0.30070,-0.69231,0.20042
-0.42890,-0.83285,0.22250
-0.55186,-0.85332,0.23849
-0.66571,-0.83920,0.23621
-0.60193,0.12357,0.56323
-0.80330,0.02662,0.84781
-0.99114,-0.26171,0.84146
-1.15505,-0.41480,0.37620
-1.29237,-0.39509,0.27215
-1.39419,-1.03195,0.57843
-1.36792,-3.02505,0.67490
-1.51210,-2.39722,0.45956
-1.62348,-3.05405,0.54655
-1.70163,-3.62050,0.72198
-1.74631,-3.82497,0.66868
-1.60651,-2.89140,0.43167
-1.69950,-2.70760,0.40962
-1.75957,-2.71289,0.40499
-1.78657,-2.00795,0.38116
-1.78052,-1.75858,0.27584
-1.74164,-1.53107,0.28707
-1.56892,-1.44684,0.23067
-1.57943,-1.38002,0.23287
-1.55738,-1.32562,0.23691
-1.50307,-1.18417,0.20824
-1.41693,-1.22777,0.29022
-1.14048,-1.08922,0.19623
-1.10530,-1.24776,0.21848
-1.04973,-0.84814,0.13371
-0.97192,-0.64476,0.22286
-0.87306,-0.67542,0.25529
-0.75619,-0.20595,0.32574
-0.55189,0.95394,0.71243
-0.52573,0.31013,0.49282
-0.49556,-0.10832,0.24620
-0.45913,-0.33844,0.27688
-0.41750,-0.99576,0.40828
-0.31761,-0.91638,0.52482
-0.38514,-0.99586,0.97993
-0.45339,-0.27617,0.72484
-0.51708,-0.98523,0.66190
-0.42648,-1.54402,0.63513
-0.58843,-1.16192,0.45760
-0.74683,-1.31885,0.51490
-0.89126,-1.57463,0.47621
-1.01601,-1.28853,0.44858
-0.94896,-1.47096,0.58460
-1.13742,-0.90856,1.07057
-1.30402,-0.74279,0.83268
-1.43855,-1.26626,1.00181
-1.53816,-1.80080,0.30182
-1.60395,-2.02864,0.32991
-1.63680,-1.74801,0.33819
-1.63700,-2.35445,0.57677
-1.60471,-2.84818,0.63588
-1.54026,-2.56521,0.41381
-1.44417,-4.29256,0.85667
-1.31712,-5.27530,1.21517
-1.16019,-4.88908,1.04813
-0.97788,-2.17416,0.46709
-0.77515,-1.38997,0.38710
-0.55813,-1.39500,0.34049
-0.33499,-1.89928,0.61745
-0.11336,-0.81848,0.35052
0.10345,0.20587,0.36052
0.30847,0.52825,0.13524
0.49270,0.82894,0.13136
0.65084,1.06279,0.20147
0.77963,1.14201,0.14461
0.87454,1.19998,0.15884
0.93524,0.94570,0.14459
0.96405,0.80827,0.14726
0.96111,0.79237,0.15087
0.92654,0.73852,0.16749
0.86068,0.16496,0.18768
0.76400,-0.18919,0.14253
0.63713,-0.30163,0.23540
0.48257,-1.50403,0.24940
0.30807,-2.75035,0.90834
0.11854,-3.24994,0.80263
-0.08257,-3.97038,1.47305
-0.28943,-6.97806,1.29962
-0.49446,-7.11215,1.44302
-0.69237,-5.55058,1.25760
-0.87930,-6.18299,1.17129
-1.04857,-2.69579,2.29057
-1.19253,-4.68871,0.83586
-1.30737,-2.07000,1.08632
-1.39210,-1.96565,0.55109
-1.44352,-1.40877,0.60282
-1.46205,-0.12277,0.92061
-1.44911,-1.20663,0.15801
-1.40504,-1.51083,0.24216
-1.33019,-1.25313,0.29409
-1.22564,-1.21440,0.28881
-1.09319,-0.96652,0.16834
-0.93808,-0.77731,0.25911
-0.76751,-0.47526,0.15153
-0.58578,-0.35648,0.14852
-0.39467,-0.13829,0.12855
-0.19974,0.05458,0.16266
0.04980,0.31382,0.13302
0.14903,0.61513,0.20144
0.23337,0.52450,0.16381
0.30143,0.53148,0.16908
0.34937,0.42718,0.15735
0.40144,0.43395,0.16296
0.32329,0.23850,0.16428
0.22522,0.08582,0.09472
0.11045,0.15351,0.13303
0.06263,-0.22113,0.12695
-0.14916,-0.63866,0.15272
-0.36900,-0.75092,0.14410
-0.58495,-0.77001,0.19553
-0.79080,-0.83017,0.27134
-0.87087,-1.11801,0.28231
-1.11667,-0.66766,0.79247
-1.34388,-1.22292,0.87647
-1.53661,-0.60626,0.87883
-1.69503,-0.75489,1.22788
-1.82306,-1.26994,0.78007
-1.82808,-0.26204,1.27460
-1.97429,-1.98201,0.31052
-2.09035,-2.05845,0.28236
-2.17577,-1.90679,0.38297
-2.23024,-2.05615,0.34021
-2.10391,-2.16592,0.31886
-2.17783,-2.13214,0.68085
-2.22093,-2.28669,0.36984
-2.23310,-1.82181,1.02325
-2.21438,-2.09078,0.29360
-2.16498,-2.04315,0.30811
-1.96135,-2.00236,0.31925
-1.93213,-1.76083,0.36953
-1.87253,-1.58621,0.32075
-1.78297,-0.74555,0.85253
-1.66400,-1.16039,0.27236
-1.51634,-0.93422,0.31353
-1.24081,-0.76824,0.40764
-1.11554,-0.78030,0.26048
-0.96731,-0.77632,0.17030
-0.80159,-0.57970,0.15953
-0.62311,-0.36993,0.20080
-0.43515,0.30867,0.27475
-0.24261,0.65139,0.19375
-0.05092,0.68158,0.17687
0.13308,0.98695,0.33709
0.30540,2.13567,0.35661
0.46067,3.87442,0.66723
0.59210,3.19044,0.56784
0.69564,2.93034,0.57234
0.76931,2.64851,0.34638
0.81081,2.52244,0.27837
0.81996,1.64888,0.37026
0.79840,1.00264,0.18723
0.74653,0.81774,0.19218
0.66476,1.25126,0.23995
0.55446,1.34291,0.24917
0.42093,0.17550,0.15493
0.26831,0.17442,0.12423
0.09966,-0.03008,0.07854
-0.08138,-0.19379,0.17421
-0.26809,-0.43345,0.18413
-0.45701,-0.77143,0.14154
-0.64396,-0.98879,0.17526
-0.82030,-1.09497,0.29039
-0.98027,-1.14713,0.13711
-1.12178,-1.19894,0.24752
-1.24013,-1.27851,0.21743
-1.32864,-1.23341,0.19799
-1.38464,-1.18176,0.23281
-1.40837,-1.30566,0.30122
-1.40078,-1.15739,0.24224
-1.36254,-1.11896,0.18774
-1.29409,-1.02288,0.23017
-1.19600,-0.68041,0.15484
-1.07155,-0.05700,0.30765
-0.92639,-0.27376,0.19970
-0.76502,0.00029,0.12335
-0.58948,0.57086,0.16087
-0.40396,1.09733,0.18450
-0.21617,1.38901,0.22808
-0.03166,1.70115,0.44375
0.14488,1.89515,0.33171
0.31058,2.09090,0.34421
0.45777,3.46256,0.58394
0.57921,3.35729,0.49232
0.67394,3.42984,0.61634
0.73853,3.16889,0.51091
0.77110,3.44456,0.61149
0.77128,2.66843,0.50588
0.74049,3.04135,0.41915
0.67954,2.36013,0.40000
0.61052,1.86815,0.39475
0.47539,1.06095,0.25696
0.31972,0.31142,0.22995
0.14721,-0.01965,0.08799
-0.03701,-0.24951,0.12782
-0.22795,-0.40026,0.15186
-0.41878,-0.63690,0.15628
-0.60473,-0.72542,0.16919
-0.78232,-0.80154,0.16244
-0.94543,-0.90679,0.19803
-1.08690,-1.01949,0.23622
-1.20581,-1.14608,0.28471
-1.29745,-0.85620,0.31791
-1.35653,-1.00417,0.29254
-1.38266,-1.11077,0.25373
-1.37690,-1.24077,0.24213
-1.34045,-1.41020,0.37435
-1.27396,-1.10719,0.47593
-1.17978,-1.39716,0.35537
-1.06169,0.74361,0.78663
-0.92145,1.39734,0.36376
-0.76342,1.23421,0.32140
-0.59469,1.71814,0.27384
-0.41946,1.42641,0.24040
-0.23941,1.36782,0.23993
-0.05990,0.89400,0.24195
0.11037,0.86296,0.19832
0.26684,0.74524,0.22161
0.40790,0.86600,0.23706
0.52530,0.93815,0.21842
0.61584,1.18528,0.19517
0.67910,0.99937,0.14440
0.71242,1.00646,0.18818
0.71396,1.02793,0.15401
0.68482,0.82600,0.12786
0.62624,0.82571,0.19512
0.54029,0.70722,0.14922
0.43134,0.73098,0.14329
0.30276,0.38406,0.19608
0.15826,0.27189,0.15338
-0.00034,0.19445,0.16077
-0.16832,-0.44005,0.14217
-0.33802,-0.61361,0.18805
-0.50503,-0.95343,0.17388
-0.66772,-1.08511,0.19474
-0.81749,-1.31958,0.23427
-0.94988,-1.39139,0.33830
-1.06102,-1.46191,0.34448
-1.14964,-1.64604,0.26571
-1.21027,-1.24554,0.29278
-1.24168,-0.32658,0.31044
-1.24368,-1.14725,0.26895
-1.21686,-1.81193,0.30275
-1.16376,-1.22052,0.20629
-0.98473,-0.97459,0.32334
-0.97952,-0.69479,0.34177
-0.96347,-0.42299,0.28298
-0.92964,0.08233,0.80513
-0.76384,-0.15150,0.22532
-0.58591,-0.12160,0.20706
-0.40548,0.06716,0.17072
-0.22216,0.61305,0.13719
-0.04248,0.88772,0.19525
0.13150,1.33152,0.35522
0.29364,1.47568,0.30505
0.43496,2.27208,0.41210
0.55167,2.67667,0.41192
0.64283,2.19916,0.32800
0.70457,2.10433,0.35419
0.73399,1.44548,0.23652
0.73075,1.21728,0.21204
0.69569,1.17529,0.21359
0.63024,0.83807,0.19735
0.53731,0.70659,0.20380
0.42018,0.48236,0.16158
0.28163,0.55367,0.20549
0.12574,0.39837,0.23425
-0.04183,-0.18149,0.14497
-0.21633,-0.25406,0.18348
-0.39431,-0.82539,0.17467
-0.57072,-1.02039,0.17575
-0.73860,-1.02604,0.20220
-0.89261,-1.27407,0.23912
-1.02919,-1.30405,0.24595
-1.14228,-1.35116,0.29003
-1.22800,-1.30624,0.22030
-1.28467,-1.29592,0.29616
-1.31037,-1.22791,0.21579
-1.30406,-1.14755,0.17972
-1.26659,-1.17023,0.21103
-1.19984,-1.06214,0.23385
-1.10583,-0.96270,0.16812
-0.98839,-0.73906,0.17200
-0.85133,-0.63721,0.15300
-0.69762,-0.41282,0.15297
-0.53161,-0.22067,0.13384
-0.35931,-0.02363,0.11634
-0.18563,0.00000,0.06687
-0.01412,-0.08517,0.10571
0.15001,0.04327,0.11366
0.29979,0.32047,0.19232
0.43027,0.44866,0.22252
0.53730,0.80421,0.19067
0.61899,0.81446,0.14219
0.67249,1.11204,0.24807
0.69448,0.81036,0.13076
0.68469,0.86491,0.16119
0.64422,0.68002,0.15489
0.57502,0.30440,0.14325
0.53285,0.18352,0.10701
0.30678,-0.03283,0.14521
0.06047,-0.38627,0.11984
-0.19789,-0.71222,0.19402
-0.45819,-0.80282,0.18832
-0.59569,-0.93901,0.27888
-0.93029,-1.07273,0.37447
-1.25506,-1.36688,0.25668
-1.55489,-1.61144,0.33756
-1.82367,-2.14767,0.26025
-2.06412,-2.40281,0.33847
-2.04436,-2.38279,0.30530
-2.32639,-2.47027,0.52958
-2.58372,-2.67213,0.33211
-2.81507,-2.91865,0.33762
-3.01934,-3.11713,0.50534
-3.19553,-3.20798,0.47432
-3.34284,-3.41668,0.46176
-3.18839,-3.55917,0.40743
-3.38424,-3.85913,0.63583
-3.55207,-3.51823,0.54655
-3.69110,-3.84601,0.53179
-3.80072,-4.24595,0.60569
-3.88046,-4.29028,0.60454
-3.93001,-3.94858,0.53391
-3.94919,-3.84539,0.59674
-3.74347,-3.78561,0.65196
-3.81581,-4.07534,0.70417
-3.85815,-4.17920,0.66795
-3.87039,-2.95403,1.14427
-3.85253,-4.12816,0.56283
-3.80476,-4.18266,0.55899
-3.72741,-3.45294,0.70801
-3.40209,-3.83855,0.51161
-3.37805,-3.41132,0.51301
-3.32436,-3.37160,0.41682
-3.24140,-3.20029,0.57137
-3.12964,-3.16136,0.47251
-2.98972,-2.97613,0.42841
-2.82242,-2.93133,0.57727
-2.40159,-2.63369,0.57557
-2.28495,-2.69099,0.44224
-2.14046,-2.22976,0.52824
-1.96890,-1.68521,0.23939
-1.77120,-1.19349,0.18171
-1.54840,-1.15991,0.27222
-1.30166,-0.89083,0.16565
-0.82371,-0.82394,0.21967
-0.63620,-0.02921,0.13703
-0.44321,0.21978,0.18582
-0.24598,0.39324,0.12314
-0.05283,0.60491,0.13057
0.13169,0.55845,0.14740
0.30593,0.66638,0.10077
0.51585,0.64544,0.15119
0.53589,0.67563,0.14903
0.52803,0.45479,0.14828
0.49603,0.33636,0.13249
0.44153,0.51895,0.16238
0.36646,0.49967,0.17988
0.27324,0.66433,0.15405
0.16314,0.63340,0.20473
0.03950,0.01144,0.10285
-0.09205,-0.37734,0.20715
-0.22814,-0.51276,0.12572
-0.36743,-0.65887,0.12634
-0.50567,-0.58723,0.11000
-0.63602,-0.67405,0.13982
-0.75502,-0.68769,0.16543
-0.86151,-0.55000,0.18757
-0.95053,-0.22840,0.28059
-1.01810,0.21084,0.62498
-1.06295,0.46553,0.48860
-1.08491,0.50943,0.44448
-1.08293,-0.39956,0.26091
-1.05705,1.07634,0.51322
-1.00863,0.18177,0.28593
-0.93957,1.50998,0.28814
-0.85096,1.34746,0.29906
-0.74716,2.41653,0.42413
-0.63129,2.41655,0.37256
-0.50461,1.49282,0.86731
-0.37105,4.07551,0.62605
-0.23691,2.71662,0.67701
-0.10586,4.33223,0.63943
0.02074,4.00356,0.62937
0.13839,3.90942,0.58266
0.24068,3.83326,0.55024
0.32680,2.96501,0.42574
0.39361,3.83830,0.47972
0.43793,2.76395,0.43776
0.45891,3.63814,0.54898
0.45596,1.77130,0.35364
0.42914,2.34100,0.39176
0.37961,2.04121,0.49757
0.30878,2.18416,0.42909
0.21888,1.71289,0.43036
0.11272,0.49938,0.46395
-0.00571,0.51966,0.57939
-0.13284,0.66519,0.64467
-0.26596,-0.13169,0.53656
-0.40113,-0.64035,0.25547
-0.53301,-0.82049,0.29124
-0.65739,-0.86876,0.17770
-0.77137,-1.18292,0.30740
-0.87095,-0.99104,0.56024
-0.88523,-0.32269,0.85911
-1.02038,-0.60736,0.56428
-1.13618,-0.54209,0.23495
-1.22570,-0.54236,0.27395
-1.28458,-1.34491,0.35970
-1.23736,-2.24159,0.38329
-1.30847,-2.84663,0.57096
-1.35119,-1.96881,0.43611
-1.36123,-1.20082,0.24927
-1.33793,-2.40141,0.47024
-1.19938,-3.30502,0.62943
-1.18885,-0.95842,0.18664
-1.15395,-1.14799,0.27028
-1.09374,-1.10161,0.23217
-1.00947,-0.79746,0.18495
-0.81264,-1.25027,0.31075
-0.76221,-0.98193,0.22079
-0.70106,-0.92379,0.23149
-0.62808,-0.34821,0.30102
-0.54390,-0.12375,0.23352
-0.36858,-0.27307,0.13594
-0.34801,-0.23650,0.15708
-0.32865,-0.74988,0.17386
-0.30819,-0.64537,0.23766
-0.28711,-1.30682,0.34341
-0.21020,-0.65600,0.18104
-0.26870,-0.49275,0.18137
-0.33131,-0.96734,0.20510
-0.39421,-1.05166,0.24285
-0.45412,-1.11656,0.18058
-0.47705,-0.80137,0.13926
-0.60171,-1.03256,0.15455
-0.72028,-0.99059,0.15136
-0.82638,-1.06898,0.18667
-0.91440,-1.27045,0.25050
-0.98160,-1.52401,0.28565
-1.02591,-1.47853,0.27961
-1.04539,-1.41585,0.28563
-1.04001,-1.83423,0.42684
-1.01031,-2.04630,0.41667
-0.95743,-2.06874,0.34557
-0.88386,-1.83271,0.40928
-0.79213,-1.55136,0.29291
-0.72720,-1.20624,0.33008
-0.56943,-0.81688,0.25166
-0.40334,-0.35334,0.32921
-0.23494,0.22412,0.58587
-0.06943,0.40013,0.47889
0.05711,0.99691,0.33288
0.24076,0.52616,0.23173
0.40624,0.38907,0.20545
0.54734,0.37952,0.17432
0.66087,0.80124,0.14852
0.71786,0.89652,0.18422
0.80248,0.90100,0.24475
0.85268,1.25838,0.22857
0.86891,1.83932,0.34411
0.80078,3.12439,0.49280
0.78926,2.51288,0.36951
0.74492,2.49489,0.36606
0.66838,1.75325,0.26843
0.56157,1.44079,0.25888
0.38796,1.39386,0.23623
0.27378,1.31900,0.23703
0.14434,0.29194,0.17825
0.00021,0.07153,0.13967
-0.15310,0.01828,0.16532
-0.34334,-0.05418,0.22458
-0.46036,-0.50559,0.25063
-0.57062,-0.48954,0.23622
-0.67344,-0.69961,0.25883
-0.76493,-1.06276,0.21715
-0.85459,-0.94633,0.32021
-0.87334,-0.79659,0.32461
-0.87208,-1.04549,0.24286
-0.85160,-0.94748,0.19416
-0.84074,-1.21426,0.26630
-0.74662,-0.99257,0.26164
-0.63614,-0.75232,0.20657
-0.51394,-0.21878,0.14295
-0.43063,0.46596,0.26449
-0.26036,0.71931,0.25701
-0.08996,1.82649,0.31899
0.07549,1.84939,0.29769
0.23029,1.25329,0.25020
0.32988,1.34555,0.23281
0.48251,1.02843,0.21734
0.61060,0.12571,0.16155
0.70935,-0.00127,0.11701
0.77404,0.95094,0.74546
0.77637,1.52606,0.32715
0.80948,1.88762,0.26047
0.80926,2.39827,0.35766
0.77596,1.81537,0.22724
0.70992,1.67526,0.28372
0.59691,1.48723,0.22092
0.50732,1.33372,0.25927
0.39279,1.49040,0.41893
0.25786,0.39721,0.33468
0.06162,1.45096,0.29516
-0.06692,0.31943,0.24165
-0.20345,0.18985,0.22497
-0.34257,2.51287,0.50044
-0.47998,-0.27756,0.28727
-0.64655,-0.80830,0.31333
-0.73211,-0.86055,0.19480
-0.80154,-0.65871,0.35837
-0.85339,-0.58810,0.27769
-0.88639,-0.50346,0.25026
-0.90862,-0.52983,0.19129
-0.86308,-0.54758,0.15717
-0.79874,-0.34612,0.26155
-0.71802,0.13723,0.17180
-0.62371,0.07640,0.22595
-0.51982,0.04299,0.17345
-0.40945,0.10824,0.11664
-0.29502,-0.09833,0.16350
-0.18042,-0.05543,0.13202
-0.07064,-0.09988,0.13039
0.03094,0.05518,0.11550
0.12195,-0.00559,0.11105
0.19781,0.05659,0.12720
0.25622,-0.06038,0.12426
0.29530,-0.28841,0.20915
0.31430,-0.01207,0.11917
0.31241,-0.02982,0.10202
0.28976,-0.09802,0.17410
0.24747,-0.03156,0.15354
0.18719,0.08070,0.15988
0.11048,0.10454,0.30400
0.02082,-0.01062,0.20874
-0.07892,0.01246,0.52235
-0.18647,-0.62195,0.22736
-0.29811,-0.60520,0.20219
-0.40904,-0.58691,0.29899
-0.35571,-0.29746,0.62029
-0.57031,0.43478,0.64191
-0.77873,-1.50515,0.46519
-0.97283,0.02475,0.72716
-1.14267,-0.18121,0.22419
-1.28283,-0.81781,0.58123
-1.30442,-1.62889,0.64935
-1.49009,-2.89214,0.50865
-1.64266,-2.57088,0.51486
-1.76147,-2.75669,0.64283
-1.84698,-3.26457,0.70648
-1.73979,-2.98906,0.53954
-1.87250,-3.40392,0.71930
-1.97261,-2.63144,0.42812
-2.03975,-3.17212,0.64976
-2.07373,-2.58987,0.48589
-2.07454,-2.54690,0.39200
-1.91370,-2.03857,0.36206
-1.96365,-2.23419,0.35849
-1.98084,-2.00947,0.24826
-1.96535,-1.85375,0.25093
-1.91742,-1.77741,0.21328
-1.83749,-1.80732,0.26082
-1.62842,-1.77383,0.32393
-1.59775,-1.51641,0.27944
-1.53517,-1.09751,0.14529
-1.44121,-1.12177,0.20021
-1.31650,-0.98562,0.20618
-0.99696,-0.93085,0.23859
-0.92809,-0.82631,0.19562
-0.84662,-0.56512,0.24144
-0.74834,-0.67409,0.18226
-0.63578,-0.61751,0.38000
-0.51241,-0.80031,0.26395
-0.31013,-0.67594,0.65708
-0.29067,0.36104,0.57266
-0.27460,0.47078,0.21566
-0.25979,-0.63619,0.69484
-0.24624,-0.40563,0.14959
-0.19512,-1.07591,0.40612
-0.30031,-0.72212,0.17757
-0.40820,-0.87353,0.21336
-0.51303,-0.88732,0.28234
-0.47375,-1.15733,0.40727
-0.67393,-1.29316,0.90679
-0.86655,-1.12407,0.79199
-1.04163,-1.18501,0.44066
-1.19273,-0.91417,0.38977
-1.31598,-1.52640,0.42026
-1.40681,-1.84752,0.37617
-1.46201,-1.85469,0.36467
-1.48332,-1.68700,0.42136
-1.47203,-2.26630,0.66080
-1.42841,-4.95590,1.24490
-1.35285,-4.19517,1.10687
-1.24592,-4.39208,0.71936
-1.10853,-2.56942,0.67166
-0.94800,-2.54834,0.68083
-0.76993,-2.90274,0.70767
-0.57891,-2.68420,0.62939
-0.38021,-0.97370,0.52360
-0.17690,-0.92312,0.50090
0.02315,0.13966,0.12411
0.21289,0.68190,0.16821
0.38955,0.91220,0.18109
0.54735,0.85369,0.15400
0.67738,0.96188,0.18406
0.77508,0.82474,0.15483
0.83975,0.75523,0.13634
0.87050,0.89244,0.14307
0.86875,0.82800,0.13801
0.83514,0.60293,0.17844
0.76998,0.05027,0.21665
0.67374,-0.92634,0.34199
0.54724,-0.58218,0.49083
0.39478,-3.55150,0.78528
0.22474,-4.60885,0.93945
0.04206,-5.69456,1.34689
-0.15042,-5.32155,1.18158
-0.34528,-7.04887,1.15631
-0.53739,-5.16190,1.14233
-0.72124,-4.11317,1.05731
-0.89293,-4.00911,0.99524
-1.04617,-4.01939,1.11636
-1.17397,-2.45374,0.71832
-1.27298,-1.95540,0.58418
-1.34152,-1.34061,0.23245
-1.37626,-1.31067,0.22845
-1.37787,-1.26927,0.25833
-1.34767,-1.40561,0.26095
-1.28629,-1.35527,0.25641
-1.19595,-1.02968,0.15896
-1.08042,-0.79657,0.17656
-0.94158,-0.65259,0.16048
-0.78383,-0.67761,0.15953
-0.61440,-0.55251,0.17470
-0.43496,-0.32005,0.13220
-0.19401,-0.01478,0.14857
-0.09189,0.03976,0.08425
0.00025,0.09023,0.12789
0.08179,0.20743,0.12297
0.15216,0.22654,0.16446
0.24003,0.25045,0.17600
0.19541,0.25547,0.15586
0.13329,0.11857,0.11917
0.05685,0.09771,0.08843
0.04766,-0.18722,0.11834
-0.12993,-0.45637,0.12828
-0.31340,-0.67590,0.12803
-0.49844,-0.76569,0.14976
-0.67758,-0.82217,0.26084
-0.75269,-0.92773,0.15543
-0.98010,-1.21510,0.32212
-1.19178,-1.34116,0.36816
-1.37308,-1.23372,0.65632
-1.51933,-1.29817,0.65476
-1.49729,-1.55568,0.59946
-1.65778,-1.56654,0.68205
-1.78778,-1.93324,0.29520
-1.88673,-1.98737,0.20990
-1.95423,-2.12438,0.34813
-1.99006,-1.92560,0.39034
-1.89732,-2.14235,0.35365
-1.95241,-1.95431,0.38321
-1.97604,-1.97306,0.52612
-1.96821,-1.81688,0.26434
-1.92909,-1.76483,0.28851
-1.71940,-1.71687,0.31331
-1.70012,-1.30289,0.26362
-1.64986,-1.30414,0.22535
-1.56901,-1.02120,0.18633
-1.45811,-1.05066,0.17021
-1.31786,-0.85282,0.19734
-1.04796,-0.65272,0.39660
-0.93115,-0.77568,0.21712
-0.80156,-0.70431,0.11803
-0.65972,-0.52250,0.17469
-0.50645,-0.19665,0.12669
-0.34634,0.21809,0.20256
-0.18680,0.28221,0.20910
-0.03052,0.77017,0.16519
0.11891,2.19068,0.43060
0.25655,1.64785,0.39622
0.37641,2.99670,0.41181
0.47466,2.41723,0.41718
0.54922,2.18353,0.44533
0.59746,1.90990,0.37807
0.61723,1.74610,0.28510
0.60834,0.74384,0.20355
0.57155,0.49066,0.22449
0.50850,0.91164,0.17836
0.42150,1.09730,0.14938
0.31344,0.40629,0.18338
0.18687,0.02445,0.11169
0.04640,-0.03055,0.10894
-0.10372,-0.23199,0.15951
-0.25941,-0.38347,0.16738
-0.41728,-0.64756,0.12333
-0.57155,-0.81732,0.17927
-0.71845,-1.08147,0.19105
-0.85336,-0.92835,0.15628
-0.97148,-1.04721,0.18417
-1.06767,-1.07529,0.18132
-1.13888,-1.16395,0.20880
-1.18373,-1.09922,0.18858
-1.20097,-1.13448,0.20892
-1.18966,-0.83879,0.34069
-1.15043,-0.77944,0.22823
-1.08455,-0.55762,0.16206
-0.99401,-0.19551,0.15645
-0.88290,-0.55365,0.15924
-0.75347,0.57226,0.30767
-0.60889,0.53311,0.18847
-0.45359,0.89944,0.16663
-0.29393,1.41601,0.22714
-0.13296,1.27964,0.17758
0.02546,2.67334,0.33397
0.17584,1.97684,0.32243
0.31082,2.24238,0.32460
0.42555,2.45205,0.42725
0.51852,3.17561,0.55035
0.58644,3.01121,0.44283
0.62519,3.63927,0.48341
0.63374,3.46580,0.51781
0.61276,2.97943,0.48162
0.56297,2.28868,0.40648
0.50791,1.81093,0.31730
0.38471,1.09657,0.17741
0.23899,0.29651,0.24685
0.07584,-0.01060,0.08377
-0.09792,-0.28488,0.13127
-0.27685,-0.45658,0.17304
-0.45864,-0.63120,0.12232
-0.63882,-0.73598,0.12433
-0.80981,-0.85844,0.19820
-0.96331,-0.97861,0.19641
-1.09784,-1.08550,0.18436
-1.20874,-1.21977,0.22278
-1.28950,-1.16585,0.20397
-1.33751,-0.98846,0.28801
-1.35293,-1.14156,0.19997
-1.33535,-1.51035,0.25754
-1.28522,-1.17442,0.21334
-1.20512,-0.79012,0.92535
-1.09826,-0.31644,1.29436
-0.96674,0.59022,0.50691
-0.81423,1.31433,0.52980
-0.64730,1.33529,0.42729
-0.47110,1.72097,0.32334
-0.29011,1.56601,0.32365
-0.10948,1.27085,0.22836
0.06367,0.68491,0.21268
0.22444,0.83465,0.16152
0.36936,0.87541,0.16257
0.49291,0.99196,0.18589
0.58937,1.09011,0.16830
0.65640,0.99993,0.20159
0.69308,0.96610,0.18170
0.69773,0.96949,0.20265
0.67112,0.89698,0.16840
0.61461,0.85149,0.17874
0.53103,0.73506,0.14063
0.42342,0.77290,0.14336
0.29537,0.35826,0.21132
0.14969,0.24273,0.13312
-0.00764,0.13388,0.14547
-0.17232,-0.19509,0.18440
-0.33967,-0.60813,0.13780
-0.50756,-0.87999,0.14747
-0.67052,-1.08668,0.16582
-0.81992,-1.19888,0.23612
-0.95145,-1.37164,0.25280
-1.06371,-1.30423,0.21511
-1.15208,-1.63066,0.32363
-1.21129,-1.36057,0.26568
-1.24164,-0.48348,0.32990
-1.24204,-1.26151,0.26974
-1.21251,-1.85926,0.25497
-1.15671,-1.08951,0.21323
-0.99346,-0.91972,0.34237
-0.98426,-0.44959,0.51213
-0.96567,-0.28974,0.43404
-0.92265,1.18037,0.94614
-0.72950,-0.30716,0.19238
-0.54768,0.05086,0.20761
-0.36096,0.37061,0.22532
-0.17227,0.51229,0.17321
0.01104,1.20765,0.22895
0.18703,1.30768,0.26084
0.34923,1.80484,0.29749
0.49023,2.63997,0.37570
0.60528,2.26018,0.31007
0.69183,2.19675,0.42675
0.74674,2.14529,0.43433
0.76755,1.31445,0.23001
0.75454,1.15804,0.20154
0.70924,0.86588,0.16524
0.63259,0.67757,0.21723
0.52814,0.70349,0.21491
0.39962,0.59356,0.16998
0.25005,0.61592,0.26330
0.08492,0.19051,0.20642
-0.09087,-0.24561,0.16729
-0.27472,-0.56108,0.13508
-0.46198,-0.88329,0.17342
-0.64667,-1.10992,0.20018
-0.82042,-1.10186,0.17111
-0.97721,-1.25482,0.21996
-1.11473,-1.29081,0.23776
-1.22825,-1.42058,0.22825
-1.31106,-1.39893,0.24219
-1.36054,-1.30362,0.24934
-1.37689,-1.26556,0.24366
-1.36012,-1.21853,0.13669
-1.31126,-1.11438,0.18604
-1.23167,-1.07263,0.23799
-1.12333,-0.72644,0.15501
-0.98966,-0.74970,0.18006
-0.83660,-0.62196,0.14323
-0.66897,-0.21953,0.23975
-0.49107,-0.14734,0.13676
-0.30566,0.02946,0.11733
-0.11980,-0.02650,0.07688
0.06005,-0.03820,0.11797
0.23146,0.14262,0.12622
0.38648,0.29943,0.16394
0.51899,0.25690,0.21692
0.62367,1.06152,0.20460
0.69795,1.06670,0.23464
0.74080,1.17651,0.29189
0.75072,0.92218,0.15376
0.72775,0.88605,0.13063
0.67366,0.60049,0.15460
0.59037,0.35083,0.17184
0.50599,0.16965,0.12991
0.26847,-0.08235,0.08341
0.01691,-0.39006,0.09856
-0.24291,-0.73737,0.16304
-0.32253,-0.85601,0.18742
-0.66547,-0.80197,0.23978
-1.00090,-1.08334,0.22814
-1.32085,-1.35816,0.24101
-1.61470,-1.76400,0.30786
-1.87686,-2.26252,0.26078
-2.11211,-2.49279,0.40349
-2.10748,-2.60174,0.33369
-2.38487,-2.64618,0.32354
-2.63741,-2.75446,0.37426
-2.86385,-2.93515,0.44678
-3.06312,-3.20176,0.38889
-3.23425,-3.24403,0.51248
-3.37648,-3.65182,0.65695
-3.23739,-3.57440,0.62980
-3.42842,-3.63137,0.42017
-3.59139,-3.49111,0.63445
-3.72553,-3.81858,0.50449
-3.83025,-4.15704,0.61441
-3.90510,-4.27814,0.69964
-3.94981,-3.89809,0.59509
-3.67575,-4.01058,0.63941
-3.77311,-4.21207,0.63080
-3.84079,-4.06691,0.66434
-3.87852,-4.39336,0.59048
-3.88618,-3.44318,0.74867
-3.86386,-4.02733,0.62423
-3.81173,-4.06849,0.60998
-3.73015,-3.54720,0.72627
-3.41758,-3.40854,0.53070
-3.38926,-3.49069,0.39705
-3.33139,-3.30496,0.61933
-3.24436,-3.16990,0.40327
-3.12867,-2.91665,0.44263
-2.98499,-3.23004,0.47438
-2.81409,-3.11369,0.48393
-2.40356,-2.79217,0.57068
-2.28315,-2.46732,0.42060
-2.13504,-2.20620,0.37604
-1.96004,-1.66709,0.33410
-1.75907,-1.26083,0.23996
-1.53318,-1.16398,0.18704
-1.28355,-0.93772,0.21891
-0.81292,-0.70908,0.19222
-0.62271,0.06471,0.12282
-0.43018,0.23478,0.22890
-0.23318,0.38784,0.15422
-0.03698,0.65225,0.11603
0.14935,0.56226,0.12769
0.47361,0.61097,0.15166
0.51808,0.65938,0.12145
0.53267,0.60156,0.13493
0.52171,0.43066,0.14598
0.48705,0.31293,0.12029
0.42957,0.39540,0.16193
0.35106,0.37743,0.18708
0.25530,0.57974,0.15583
0.14499,0.59943,0.17665
0.02133,0.02743,0.08953
-0.11109,-0.49877,0.18998
-0.24715,-0.54200,0.10718
-0.38576,-0.61827,0.16428
-0.52278,-0.62338,0.12904
-0.65139,-0.70878,0.16255
-0.76821,-0.74036,0.17181
-0.87208,-0.59554,0.14329
-0.95911,-0.34343,0.32327
-1.02438,-0.32254,0.70245
-1.06662,0.71193,0.63047
-1.08588,0.41302,0.38789
-1.08123,-0.39680,0.20295
-1.05286,1.21153,0.36020
-1.00216,1.01280,0.35329
-0.93109,1.52055,0.23948
-0.84076,1.21561,0.19763
-0.73561,2.65076,0.42111
-0.61873,2.21197,0.44024
-0.49146,1.45271,0.51515
-0.35769,3.85548,0.64233
-0.22249,2.70120,0.50318
-0.09119,4.99276,0.92478
0.03512,4.45486,0.61092
0.15203,4.06689,0.77858
0.25539,3.86132,0.60393
0.33962,3.02296,0.52801
0.40267,4.00238,0.65710
0.44365,3.03900,0.54934
0.46136,3.60819,0.51617
0.45496,2.06824,0.46034
0.42484,2.36027,0.45551
0.37202,2.45107,0.54174
0.29819,2.23631,0.42835
0.20629,1.95603,0.50309
0.09925,0.40113,0.42159
-0.02055,0.51117,0.51326
-0.14964,0.80612,0.76170
-0.28310,-0.47998,0.46198
-0.41788,-0.71376,0.23621
-0.55087,-0.88951,0.17049
-0.67797,-0.87569,0.15823
-0.79276,-1.05891,0.30442
-0.89108,-0.88612,0.67313
-0.90696,-0.19112,0.69022
-1.04185,-0.45413,0.59787
-1.15513,-0.54246,0.26408
-1.24056,-0.79763,0.29459
-1.29666,-1.07311,0.28235
-1.24832,-2.42172,0.51253
-1.31687,-2.86809,0.61717
-1.35603,-1.82582,0.47095
-1.36242,-1.26599,0.25882
-1.33581,-2.25619,0.45998
-1.19479,-2.89101,0.71696
-1.18335,-1.07502,0.23608
-1.14784,-1.01243,0.23968
-1.08604,-1.22667,0.25886
-1.00043,-0.67472,0.20667
-0.80445,-1.28375,0.24884
-0.75636,-0.94704,0.23106
-0.69733,-0.99773,0.25674
-0.62621,-0.50326,0.31163
-0.54559,-0.06219,0.20454
-0.37592,-0.21802,0.09328
-0.35977,-0.26832,0.14808
-0.34437,-0.75664,0.19045
-0.32786,-0.68829,0.20358
-0.31033,-1.27157,0.30173
-0.23683,-0.72602,0.12599
-0.29716,-0.61783,0.11343
-0.35929,-0.96505,0.23729
-0.41991,-1.10324,0.24760
-0.47673,-1.06821,0.16686
-0.49555,-0.87477,0.14054
-0.61546,-0.95532,0.13248
-0.72711,-0.92331,0.15148
-0.82478,-1.09180,0.27019
-0.90382,-1.62714,0.28045
-0.96206,-1.47795,0.29686
-0.99843,-1.30938,0.27295
-1.01148,-2.21562,0.39711
-1.00069,-1.67516,0.34153
-0.96684,-1.63225,0.27257
-0.91118,-1.81497,0.43180
-0.83572,-1.34926,0.35805
-0.74377,-1.38842,0.31057
-0.68034,-1.23552,0.24172
-0.52527,-0.77986,0.21263
-0.36050,-0.57946,0.47679
-0.19515,-0.06437,0.28946
-0.03428,0.43041,0.33089
0.08888,0.95828,0.47599
0.26805,0.57568,0.26788
0.42779,0.32517,0.12982
0.56534,0.43858,0.19495
0.67510,0.86930,0.22702
0.72779,0.98717,0.14372
0.80632,0.71148,0.28293
0.85052,1.06205,0.20230
0.86088,2.02002,0.36543
0.78893,2.68802,0.46892
0.77152,2.75011,0.47488
0.72129,2.79457,0.31191
0.63894,1.62458,0.26906
0.52852,1.47368,0.32678
0.35422,1.40449,0.19557
0.23809,1.18965,0.21638
0.10567,0.27155,0.16691
-0.03778,-0.01461,0.09349
-0.18805,-0.03901,0.16429
-0.37212,-0.53904,0.29111
-0.48809,-0.33682,0.22324
-0.59798,-0.60653,0.26910
-0.69670,-0.79385,0.22613
-0.78336,-1.02014,0.27982
-0.86605,-0.87156,0.28181
-0.87868,-0.94934,0.24526
-0.87101,-1.16048,0.26538
-0.84438,-1.09492,0.20278
-0.82367,-1.12294,0.18528
-0.72397,-0.94895,0.16946
-0.61046,-0.71927,0.23485
-0.48573,-0.14669,0.15219
-0.39926,0.70410,0.22094
-0.22978,0.87786,0.28055
-0.05961,2.15075,0.26382
0.10460,1.92996,0.28187
0.25554,1.05265,0.20520
0.35411,1.39150,0.24928
0.50159,0.93730,0.23559
0.62605,0.03616,0.16660
0.72161,-0.06315,0.23791
0.78226,1.90946,0.68339
0.78425,2.01445,0.34181
0.81308,1.70135,0.22779
0.80855,1.96495,0.33047
0.77089,1.67685,0.31477
0.65152,1.81019,0.25876
0.58685,1.63657,0.22673
0.49498,1.45523,0.37498
0.37931,1.64371,0.43095
0.24351,1.19564,0.53531
0.04905,1.20617,0.18687
-0.08214,0.67726,0.29158
-0.21875,0.03890,0.26830
-0.35710,2.26433,0.41246
-0.49561,-0.24484,0.52587
-0.65845,-0.62985,0.28790
-0.74220,-0.92395,0.15861
-0.80919,-0.75907,0.25851
-0.85947,-0.56209,0.24220
-0.93353,-0.41962,0.34063
-0.90485,-0.48492,0.14776
-0.85490,-0.47677,0.16090
-0.78678,-0.32234,0.25013
-0.70285,0.04042,0.16393
-0.60671,0.15963,0.24845
-0.50128,-0.02131,0.12332
-0.38888,0.08337,0.10092
-0.27439,-0.16634,0.14807
-0.16132,-0.03607,0.09494
-0.05218,-0.11531,0.14850
0.04899,0.05177,0.09945
0.13854,0.02969,0.10475
0.21228,0.07485,0.10610
0.26804,-0.13632,0.18820
0.30408,-0.37436,0.17572
0.31972,-0.04525,0.12573
0.31410,-0.10300,0.12636
0.28777,0.01666,0.16691
0.24139,0.13564,0.19015
0.17648,0.01753,0.16192
0.09637,-0.02621,0.25770
0.00373,-0.03073,0.16635
-0.10010,0.09973,0.38686
-0.21166,-0.68734,0.25054
-0.32525,-0.71243,0.17855
-0.43732,-0.73005,0.30160
-0.40037,-0.52250,0.70482
-0.61497,0.35653,0.61935
-0.82163,-0.46559,0.94284
-1.01037,0.14229,0.40543
-1.17802,-0.20490,0.24636
-1.13332,-1.54368,0.87859
-1.35138,-3.14548,0.45444
-1.54290,-3.14250,0.56445
-1.69695,-2.34471,0.75546
-1.81744,-3.40909,0.49347
-1.90466,-2.84466,0.72182
-1.80825,-2.86668,0.53116
-1.94257,-3.44995,0.57119
-2.04429,-2.57763,0.38074
-2.11300,-3.23917,0.54585
-2.14850,-2.45915,0.65052
-2.15079,-2.60090,0.54698
-1.99576,-2.06569,0.36338
-2.04716,-2.24673,0.47824
-2.06576,-1.91403,0.43995
-2.05163,-1.97874,0.27820
-2.00500,-1.89880,0.23197
-1.71472,-1.86091,0.30781
-1.71755,-1.80211,0.31930
-1.68811,-1.76185,0.37510
-1.62673,-1.22525,0.16810
-1.53390,-1.13278,0.21461
-1.41025,-1.07080,0.16152
-1.08497,-0.84007,0.41379
-1.01702,-0.82630,0.23275
-0.93179,-0.75250,0.15379
-0.82693,-0.67996,0.17809
-0.70554,-0.80443,0.24199
-0.57344,-1.05404,0.28051
-0.34512,-0.99357,0.51323
-0.31151,-0.06542,0.70020
-0.28101,0.42675,0.32850
-0.25191,0.34907,0.18666
-0.22403,-0.48714,0.30435
-0.14410,-0.33578,0.29704
-0.23878,-0.84350,0.21064
-0.33725,-0.96278,0.18123
-0.43581,-0.65073,0.18093
-0.38177,-1.11337,0.36340
-0.58044,-1.13976,0.84541
-0.77611,-1.29938,0.70543
-0.95874,-0.58103,0.43738
-1.11981,-0.92940,0.31879
-1.25385,-1.31502,0.35186
-1.35777,-1.86132,0.38516
-1.42780,-1.79559,0.44456
-1.46231,-1.81217,0.38973
-1.46388,-1.54691,0.87141
-1.43301,-5.16098,0.92491
-1.37000,-3.62659,0.72370
-1.27536,-4.15793,0.80101
-1.15034,-3.09397,0.61891
-0.99964,-2.13079,0.39467
-0.82948,-2.74898,0.66519
-0.64482,-3.17696,0.85990
-0.45062,-1.70260,0.24631
-0.25090,-1.44389,0.32249
-0.05121,0.57302,0.32285
0.14074,0.54607,0.19359
0.31894,0.77139,0.10600
0.47917,0.80454,0.13328
0.61572,1.06205,0.16261
0.72218,0.83393,0.13500
0.79526,0.76667,0.11226
0.83422,0.77497,0.16334
0.84018,0.77058,0.14744
0.81406,0.67026,0.17477
0.75625,0.14833,0.25324
0.66718,-0.73944,0.25836
0.54813,-0.52180,0.65379
0.40492,-3.48283,0.60196
0.24121,-4.27649,0.77143
0.06151,-5.93923,1.32241
-0.12781,-5.24025,0.79185
-0.32151,-7.40649,1.55836
-0.51440,-5.40732,1.22530
-0.70235,-4.53794,1.21122
-0.87794,-3.77683,0.86026
-1.03519,-3.84710,0.84487
-1.16907,-2.38129,0.83401
-1.27721,-2.05648,0.51921
-1.35579,-1.47934,0.27836
-1.40018,-1.41963,0.28971
-1.41032,-1.24706,0.18455
-1.38866,-1.29603,0.22130
-1.33557,-1.37294,0.25509
-1.25147,-1.09714,0.23786
-1.13787,-0.84287,0.17758
-0.99896,-0.71919,0.15414
-0.84085,-0.63695,0.17469
-0.66643,-0.60057,0.21869
-0.47960,-0.40049,0.16974
-0.22425,0.03741,0.14529
-0.11045,0.21856,0.13286
-0.00573,0.14446,0.14251
0.09107,0.46698,0.16799
0.17703,0.31412,0.12755
0.28518,0.32675,0.16661
0.25333,0.44743,0.13427
0.20203,0.19643,0.13363
0.13487,0.10618,0.09981
0.13532,0.01057,0.09040
-0.03775,-0.34244,0.10322
-0.22108,-0.50039,0.12946
-0.40687,-0.49957,0.14188
-0.58766,-0.83270,0.20986
-0.66809,-0.89813,0.14682
-0.90244,-1.14543,0.25503
-1.12171,-1.28050,0.43261
-1.31339,-1.04094,0.80156
-1.47183,-1.28012,0.54068
-1.46005,-1.50264,0.43911
-1.63144,-1.26806,0.84859
-1.77263,-1.75810,0.62377
-1.88302,-1.89903,0.33812
-1.96216,-2.02746,0.27283
-2.00976,-2.04182,0.36764
-1.92382,-2.13923,0.39671
-1.99061,-2.17820,0.33002
-2.02605,-2.03758,0.32416
-2.03006,-1.97519,0.30952
-2.00276,-1.79004,0.28708
-1.94442,-1.81342,0.33276
-1.79015,-1.60458,0.26772
-1.75170,-1.32043,0.25632
-1.68254,-1.24590,0.23999
-1.58317,-1.21602,0.27911
-1.45422,-0.88303,0.29841
-1.18629,-0.90431,0.24783
-1.07824,-0.73682,0.28840
-0.94952,-0.73855,0.18495
-0.80255,-0.52700,0.18230
-0.64352,-0.38552,0.16681
-0.47390,0.10678,0.14253
-0.29838,0.28981,0.18777
-0.12504,0.75188,0.21768
0.04163,1.01773,0.36895
0.19996,1.84122,0.32963
0.34421,3.92262,0.60677
0.46636,3.04020,0.49753
0.56339,2.64347,0.39915
0.63470,2.57171,0.46687
0.67729,2.14781,0.30835
0.68874,1.41364,0.34159
0.66982,0.78971,0.19319
0.62164,0.95813,0.18364
0.54588,1.04285,0.16831
0.44645,0.92899,0.20067
0.32655,0.13032,0.11815
0.18774,0.19774,0.13436
0.03429,0.06730,0.13506
-0.12680,-0.29881,0.12846
-0.29133,-0.56338,0.13538
-0.45494,-0.74286,0.14403
-0.61565,-0.89816,0.19361
-0.76509,-0.94388,0.24636
-0.89876,-0.99456,0.22035
-1.01269,-1.10230,0.23588
-1.10554,-1.07156,0.22177
-1.17346,-1.14522,0.19028
-1.21251,-1.09696,0.20885
-1.22321,-0.98950,0.16381
-1.20527,-0.97291,0.20110
-1.15932,-0.94234,0.21796
-1.08793,-0.74023,0.14586
-0.99373,-0.21771,0.31195
-0.87821,-0.38465,0.15401
-0.74702,-0.14127,0.11475
-0.60403,0.35359,0.17028
-0.45080,1.04971,0.19311
-0.29203,1.23949,0.19515
-0.13529,1.71352,0.28510
0.01515,1.45085,0.24320
0.15488,2.12496,0.32032
0.28198,2.77650,0.42302
0.39153,3.14928,0.55587
0.47717,2.86426,0.62024
0.53692,3.04183,0.46056
0.57065,3.69384,0.64829
0.57681,2.60119,0.43906
0.55503,2.26634,0.37131
0.50676,1.40606,0.24185
0.44378,1.52000,0.25526
0.32525,0.70368,0.30161
0.18787,0.11793,0.12360
0.03638,0.03726,0.10860
-0.12594,-0.28810,0.11061
-0.29448,-0.49346,0.12392
-0.46292,-0.52632,0.14796
-0.62615,-0.64074,0.11270
-0.77925,-0.78766,0.15406
-0.91837,-0.85248,0.17471
-1.03740,-1.04094,0.20355
-1.13211,-1.02942,0.19899
-1.20044,-0.95651,0.22066
-1.23997,-1.08656,0.13179
-1.24889,-1.36029,0.29242
-1.22745,-1.21772,0.29322
-1.17678,-1.34886,0.78008
-1.09875,-0.76684,0.70987
-0.99663,0.12114,0.68767
-0.87385,1.25918,0.55677
-0.73255,1.43307,0.39666
-0.57648,1.27741,0.25366
-0.41238,1.38525,0.25178
-0.24551,1.23127,0.19139
-0.07811,0.47780,0.19550
0.08520,0.57678,0.16900
0.23620,0.54340,0.13724
0.36942,0.86880,0.19642
0.48086,0.94286,0.22024
0.56848,0.96682,0.17609
0.62773,1.08453,0.19362
0.65623,0.81029,0.12616
0.65388,0.87989,0.12980
0.62118,0.81774,0.14422
0.55972,0.80105,0.15426
0.47256,0.78284,0.16134
0.36187,0.67704,0.21776
0.23144,0.22051,0.14409
0.08534,0.08644,0.11816
-0.07073,-0.21358,0.21852
-0.23252,-0.43536,0.22437
-0.39684,-0.71994,0.16003
-0.55835,-0.87797,0.21763
-0.71022,-1.15050,0.22945
-0.84955,-1.11793,0.23777
-0.97113,-1.28952,0.26583
-1.07066,-1.40112,0.31560
-1.14360,-1.27119,0.32663
-1.18916,-0.40456,0.24915
-1.20568,-1.14613,0.29950
-1.19289,-1.90899,0.28662
-1.15380,-1.24347,0.20432
-1.00888,-1.05721,0.25312
-1.02200,-0.31176,0.61015
-1.01929,-0.64897,0.15442
-0.99177,0.02326,0.67160
-0.80234,-0.30555,0.18402
-0.63332,-0.12421,0.21960
-0.45469,0.14326,0.18449
-0.27264,0.49517,0.20142
-0.09085,1.03590,0.15777
0.08476,1.10611,0.24872
0.24652,1.43045,0.24710
0.38958,2.58385,0.37770
0.51079,1.93894,0.31101
0.60530,2.02818,0.34860
0.66876,2.05612,0.38510
0.70002,1.24789,0.26289
0.69940,1.01717,0.17672
0.66683,1.15958,0.19781
0.60421,0.71399,0.17999
0.51428,0.76914,0.19126
0.39878,0.56295,0.16143
0.26160,0.72363,0.21146
0.10706,0.19282,0.13473
-0.05779,-0.23293,0.15346
-0.22843,-0.57637,0.18261
-0.40296,-0.75507,0.19097
-0.57284,-0.89732,0.11250
-0.73286,-1.07296,0.20195
-0.87808,-1.11491,0.18752
-1.00644,-1.37768,0.27920
-1.11269,-1.27263,0.26646
-1.19048,-1.14172,0.22116
-1.23819,-1.29913,0.17248
-1.25601,-1.19403,0.22013
-1.24309,-1.14966,0.18860
-1.20018,-1.03020,0.15851
-1.12949,-0.87442,0.16133
-1.03256,-0.77367,0.17709
-0.91272,-0.70899,0.17379
-0.77588,-0.65553,0.18762
-0.62371,-0.40877,0.14015
-0.46070,-0.16713,0.11220
-0.29186,-0.04440,0.11193
-0.12504,-0.08519,0.15545
0.03508,-0.01619,0.11457
0.18367,0.04010,0.09923
0.31859,0.30380,0.12812
0.43177,0.67298,0.16464
0.51978,0.68687,0.21120
0.58200,1.09626,0.29752
0.61568,0.81411,0.12692
0.61882,0.93925,0.14729
0.59234,0.74425,0.15682
0.53732,0.30989,0.14208
0.47802,0.18112,0.12058
0.26294,-0.07928,0.10672
0.03228,-0.37060,0.13075
-0.20938,-0.54472,0.17681
-0.29892,-0.61530,0.19764
-0.63088,-0.90319,0.24241
-0.96027,-1.08918,0.31267
-1.27548,-1.35782,0.25892
-1.56041,-1.47771,0.26373
-1.81293,-1.99462,0.29663
-2.03638,-2.41595,0.32075
-2.08160,-2.40945,0.37792
-2.34827,-2.46567,0.30506
-2.58845,-2.56943,0.36733
-2.80097,-2.95863,0.40736
-2.98480,-2.68954,0.36296
-3.13908,-3.01211,0.36925
-2.99760,-3.27869,0.43636
-3.19996,-3.14294,0.48476
-3.37366,-3.39321,0.41714
-3.51793,-3.73726,0.49195
-3.63209,-3.76681,0.51630
-3.71567,-3.73848,0.52872
-3.76837,-3.69831,0.60708
-3.50905,-3.74106,0.55935
-3.61408,-4.06195,0.73781
-3.68872,-3.87751,0.68448
-3.73269,-4.02155,0.92643
-3.74587,-3.99077,0.71186
-3.72834,-4.02591,0.82748
-3.68026,-3.51317,0.80620
-3.31530,-3.53338,0.63913
-3.32074,-3.57726,0.39540
-3.29574,-3.14388,0.51155
-3.24053,-3.41863,0.58016
-3.15548,-2.92581,0.62071
-3.04113,-2.98217,0.41400
-2.89816,-3.26006,0.62299
-2.72739,-2.87129,0.52274
-2.36087,-2.60559,0.51961
-2.24067,-2.49525,0.55154
-2.09221,-2.07907,0.52212
-1.91632,-1.46849,0.28592
-1.71397,-1.27642,0.20970
-1.48627,-1.06006,0.18634
-1.23443,-0.91667,0.14311
-0.81506,-0.63240,0.19732
-0.61385,0.11145,0.12537
-0.40946,0.19935,0.17376
-0.20461,0.45959,0.18030
-0.00029,0.53063,0.11691
0.19838,0.58947,0.16417
0.48404,0.64517,0.13975
0.53785,0.68513,0.16241
0.56102,0.70094,0.13647
0.55860,0.45301,0.12423
0.53090,0.29035,0.15531
0.47894,0.32551,0.18635
0.40471,0.50539,0.16217
0.30956,0.82050,0.16259
0.19605,0.75191,0.20153
0.06815,0.35611,0.21543
-0.06938,-0.29340,0.17100
-0.21292,-0.41183,0.14847
-0.35867,-0.53879,0.12837
-0.50248,-0.63203,0.11958
-0.64012,-0.63608,0.17711
-0.76592,-0.65358,0.16307
-0.87647,-0.19453,0.37805
-0.96960,-0.69755,0.23757
-1.04082,-0.88955,0.22892
-1.08846,0.82653,0.49120
-1.11194,-0.12564,0.65592
-1.11041,1.25628,0.55472
-1.08414,-0.13441,0.25234
-1.03452,1.06247,0.25498
-0.86674,2.10848,0.31480
-0.74868,2.71225,0.64194
-0.61530,1.98308,0.33950
-0.47471,2.55837,0.44542
-0.32854,3.18581,0.57274
-0.18324,3.46489,0.77680
-0.04272,4.26146,0.66862
0.09154,4.26147,0.48234
0.21471,3.32011,0.49444
0.32130,3.15605,0.47317
0.40670,3.86132,0.67804
0.47067,3.70062,0.66855
0.51061,4.96862,0.98240
0.52497,3.23009,0.57591
0.51306,3.50336,0.52877
0.47601,2.64065,0.52555
0.41483,2.29548,0.48555
0.33152,2.40909,0.40049
0.23025,1.25761,0.53527
0.11408,0.51896,0.35750
-0.01556,0.67769,0.65461
-0.15369,0.19652,0.52808
-0.29466,0.31320,0.65737
-0.43715,-0.97766,0.29586
-0.57664,-0.93471,0.13464
-0.70580,-0.96010,0.24950
-0.82089,-1.13496,0.45718
-0.80903,-1.53160,0.57339
-0.96449,-1.81035,0.48626
-1.10205,-0.19015,0.41394
-1.21511,-0.21195,0.11141
-1.29928,-0.55370,0.35813
-1.35068,-1.38357,0.28213
-1.31942,-3.00403,0.52979
-1.37943,-2.97556,0.58232
-1.40887,-2.19978,0.51488
-1.40567,-1.40410,0.43872
-1.37056,-1.96813,0.61624
-1.24218,-2.15984,0.46550
-1.22002,-1.00367,0.19335
-1.17248,-0.92470,0.21825
-1.09907,-0.98949,0.27132
-1.00136,-0.69734,0.13935
-0.80970,-0.89471,0.19734
-0.74735,-1.13447,0.20179
-0.67441,-1.49938,0.34908
-0.59004,-0.17044,0.20070
-0.49614,-0.07727,0.20418
-0.32914,-0.32365,0.14979
-0.30306,-0.34511,0.24364
-0.27911,-0.51744,0.20261
-0.25577,-0.51741,0.15490
-0.23379,-0.82459,0.16170
-0.17248,-0.59797,0.11290
-0.23200,-0.59009,0.17238
-0.29371,-0.74593,0.18133
-0.35895,-0.88345,0.22795
-0.32871,-1.04278,0.15733
-0.46464,-0.89448,0.18842
-0.60002,-1.03029,0.19364
-0.72632,-0.93469,0.23676
-0.83823,-1.07625,0.17686
-0.93404,-1.17839,0.14447
-1.01041,-1.42010,0.30151
-1.06277,-1.75139,0.36051
-1.08933,-1.34976,0.33927
-1.09021,-1.91765,0.27491
-1.06528,-1.87665,0.45263
-1.01547,-1.93752,0.44163
-0.94207,-1.90743,0.39022
-0.84721,-1.85457,0.42477
-0.77414,-1.27483,0.43555
-0.61157,-0.78176,0.16681
-0.43625,-0.54447,0.26258
-0.25389,0.17292,0.66839
-0.07295,0.25856,0.60152
0.06879,1.12547,0.49314
0.26790,0.62628,0.29514
0.45350,0.26060,0.12135
0.61447,0.41776,0.29241
0.74269,0.96386,0.18725
0.80781,0.96208,0.18303
0.90346,1.35025,0.43925
0.96622,1.69906,0.25247
0.99618,2.34218,0.45160
0.99338,3.67202,0.64201
0.93926,2.81611,0.37016
0.90957,3.01889,0.43951
0.84770,2.82120,0.39077
0.75415,2.02851,0.30205
0.57977,1.44876,0.26009
0.46367,1.34927,0.26234
0.32813,0.35849,0.21221
0.17560,0.18936,0.12479
0.00897,0.11321,0.16474
-0.21343,-0.02430,0.15971
-0.35417,-0.33335,0.23818
-0.49110,-0.53382,0.22008
-0.62361,-0.71374,0.20229
-0.74452,-0.82624,0.39183
-0.88312,-1.07642,0.20615
-0.93097,-1.06299,0.21142
-0.95765,-1.17612,0.21656
-0.96251,-1.08621,0.38568
-0.94576,-1.06969,0.19990
-0.91724,-1.15011,0.27648
-0.82200,-1.10500,0.23997
-0.70889,-0.45757,0.21946
-0.58310,-0.01157,0.15497
-0.47910,0.89033,0.38371
-0.30338,1.41043,0.33469
-0.12496,2.10992,0.30246
0.04636,1.48899,0.26366
0.20543,1.15704,0.20380
0.32730,1.32701,0.21010
0.48912,0.82082,0.23556
0.62418,0.03860,0.14543
0.72775,-0.08159,0.16759
0.79907,1.43437,0.60780
0.82060,2.47932,0.42186
0.86153,2.05762,0.26884
0.86971,1.69882,0.24624
0.84534,1.70636,0.22850
0.74555,1.74633,0.29233
0.69477,1.63896,0.20719
0.61340,1.75030,0.28344
0.50476,1.85689,0.32728
0.37174,1.18791,0.42514
0.18103,1.36946,0.28773
0.04961,1.35754,0.51101
-0.09057,0.21184,0.23612
-0.23790,2.22982,0.40605
-0.38822,-0.14457,0.35901
-0.56477,-0.46766,0.25510
-0.66706,-0.83141,0.21641
-0.75714,-0.86964,0.13837
-0.83290,-0.76582,0.18182
-0.89090,-0.82438,0.13859
-0.93721,-0.78890,0.17142
-0.91650,-0.59055,0.20138
-0.87467,-0.42911,0.14807
-0.81422,-0.59241,0.11330
-0.73739,-0.32569,0.24219
-0.64604,-0.19163,0.14326
-0.54296,-0.12256,0.14458
-0.43219,-0.24241,0.21189
-0.31723,-0.41045,0.18045
-0.20068,-0.03322,0.11643
-0.08550,0.00329,0.10301
0.02298,0.04207,0.09464
0.12209,0.05825,0.07373
0.20889,-0.09186,0.11749
0.27975,-0.00694,0.10391
0.33084,-0.33873,0.22571
0.36027,-0.18997,0.16613
0.36791,0.09641,0.12393
0.35337,-0.04349,0.15861
0.31700,0.15645,0.34115
0.26024,0.07135,0.13812
0.18431,0.15396,0.31579
0.09139,0.13471,0.23963
-0.01430,0.23324,0.50850
-0.12904,-0.54485,0.26377
-0.25099,-0.33563,0.27330
-0.37679,-0.51559,0.43646
-0.42776,-0.29195,0.80326
-0.65475,0.25205,0.66397
-0.87390,-0.45620,0.77916
-1.07840,-0.27133,0.27777
-1.25782,-1.07316,0.47858
-1.27712,-1.11880,0.53378
-1.49767,-2.75208,0.62120
-1.68912,-1.74042,0.45523
-1.84738,-2.70610,0.36768
-1.97310,-3.09851,0.64879
-2.06623,-3.15887,0.46422
-2.01354,-3.41761,0.62294
-2.15374,-3.27152,0.46603
-2.26201,-4.36847,0.85024
-2.33795,-2.52011,0.72499
-2.38127,-2.30837,0.43839
-2.16854,-2.31640,0.42489
-2.26044,-2.06546,0.29807
-2.32025,-2.09955,0.24852
-2.34781,-2.11960,0.30891
-2.34310,-1.78842,0.86105
-2.30630,-2.08616,0.77365
-2.01743,-2.21933,0.56322
-2.03020,-2.27838,0.41393
-2.01112,-2.29585,0.32806
-1.96045,-1.93101,0.33850
-1.87858,-1.47910,0.37222
-1.76608,-1.26507,0.39493
-1.41884,-1.25885,0.27606
-1.35521,-1.16569,0.25597
-1.26090,-0.98219,0.14439
-1.13886,-0.88831,0.17546
-0.99422,-1.07979,0.27107
-0.83015,-0.90452,0.16882
-0.49135,-1.13953,0.20108
-0.41564,-0.09371,0.35151
-0.33998,-0.17253,0.84642
-0.26265,-0.01570,0.20586
-0.18594,0.25501,0.18167
0.03141,0.00471,0.23445
-0.01962,-0.54745,0.35340
-0.08388,-0.82855,0.24294
-0.15554,-0.55488,0.19240
-0.23099,-0.60649,0.33381
-0.19646,-1.34999,0.31098
-0.38477,-0.04627,0.66752
-0.57535,-0.45427,0.68608
-0.75596,-0.38273,0.16015
-0.92088,-0.79348,0.26410
-1.06505,-1.38907,0.31554
-1.18373,-1.70834,0.30289
-1.27553,-1.65883,0.33039
-1.33465,-1.36775,0.48473
-1.36005,0.54456,1.73616
-1.35256,-3.93247,0.68289
-1.31270,-3.58863,0.69996
-1.24233,-4.46551,0.80501
-1.14324,-2.48000,0.53460
-1.01887,-2.39985,0.49717
-0.87415,-3.95908,0.85018
-0.71473,-3.72464,0.69748
-0.54211,-1.09471,0.27772
-0.36136,-1.48460,0.48325
-0.18085,0.19385,0.43892
-0.00539,0.62240,0.21426
0.16314,0.70256,0.11757
0.31726,0.61640,0.16333
0.44979,0.77893,0.13297
0.55999,0.70067,0.15585
0.64335,0.70832,0.17588
0.69495,0.71408,0.19464
0.71430,0.68002,0.12453
0.70213,0.12598,0.18462
0.65885,-0.06451,0.23345
0.58690,-0.67874,0.22058
0.48913,-2.60058,0.67681
0.36724,-2.58000,0.72704
0.22521,-4.20070,0.83263
0.06973,-4.68934,0.93200
-0.09502,-4.23331,0.88521
-0.26725,-6.21488,1.28876
-0.44174,-6.18628,1.27055
-0.60996,-5.78425,1.31029
-0.76724,-4.33020,0.77825
-0.91177,-2.13244,0.67993
-1.03795,-1.11423,0.63585
-1.13986,-1.39130,0.36883
-1.21423,-0.70807,0.40640
-1.25969,-1.30107,0.28321
-1.27427,-1.16948,0.16057
-1.25788,-1.28451,0.28358
-1.21155,-1.09739,0.21300
-1.13704,-0.89801,0.15410
-1.03751,-0.74100,0.14090
-0.91633,-0.66596,0.12085
-0.77631,-0.71151,0.11303
-0.62151,-0.64425,0.13445
-0.38844,-0.50656,0.17844
-0.30187,-0.39897,0.23129
-0.21719,-0.08518,0.10311
-0.13457,-0.08751,0.12862
-0.05727,-0.03998,0.10961
0.05678,0.09058,0.08795
0.03153,0.10387,0.10300
-0.00714,0.09398,0.09164
-0.05594,-0.01244,0.11150
-0.02148,-0.03678,0.12810
-0.16832,-0.33194,0.15436
-0.32328,-0.55469,0.15616
-0.47908,-0.68640,0.11746
-0.62913,-0.77644,0.17356
-0.68127,-0.88767,0.16846
-0.88667,-1.03869,0.22618
-1.07833,-1.12016,0.21517
-1.24490,-1.31730,0.30844
-1.38174,-1.36584,0.46275
-1.37003,-1.54618,0.27938
-1.51959,-1.78108,0.26353
-1.63696,-1.73147,0.29690
-1.72235,-1.72980,0.24743
-1.77544,-1.75813,0.35492
-1.79609,-1.89232,0.32832
-1.72070,-1.85390,0.18609
-1.76027,-1.77579,0.29540
-1.76766,-1.59093,0.23465
-1.74301,-1.51356,0.26193
-1.68659,-1.40908,0.29936
-1.50378,-1.37713,0.27854
-1.46680,-1.26174,0.24696
-1.39843,-1.03893,0.20692
-1.29919,-0.78188,0.17390
-1.17056,-0.90399,0.13519
-0.89052,-0.75143,0.18078
-0.79582,-0.60482,0.16455
-0.69117,-0.67299,0.18019
-0.57536,-0.42330,0.14496
-0.45140,-0.24101,0.14711
-0.32410,-0.12137,0.16898
-0.19697,0.11324,0.11503
-0.07255,0.70429,0.21998
0.04488,1.93402,0.42364
0.15014,1.95889,0.41111
0.24021,2.64997,0.36406
0.31325,2.08218,0.32036
0.36645,1.56260,0.27644
0.39742,1.45219,0.27995
0.40571,1.17739,0.21890
0.39150,0.62030,0.17363
0.35520,0.20458,0.16657
0.29862,0.72581,0.17520
0.22381,0.45550,0.17772
0.13192,0.05836,0.10197
0.02594,0.00785,0.10670
-0.08900,-0.11013,0.11079
-0.21148,-0.26588,0.17235
-0.33573,-0.52415,0.16578
-0.46003,-0.65933,0.16424
-0.58043,-0.72416,0.16823
-0.69038,-0.78700,0.16993
-0.78872,-0.77257,0.19893
-0.87179,-0.79156,0.13429
-0.93468,-0.76649,0.17196
-0.97587,-0.73017,0.22329
-0.99444,-0.84897,0.18177
-0.99041,-0.31947,0.45014
-0.96371,-0.54424,0.25424
-0.91566,0.02642,0.41369
-0.84816,-0.15641,0.19947
-0.76360,-0.47147,0.11367
-0.66332,0.16579,0.18554
-0.55061,0.58867,0.16616
-0.43101,1.21760,0.21065
-0.30809,1.30066,0.20873
-0.18340,1.40791,0.20853
-0.06340,1.97849,0.27233
0.04800,2.74697,0.39979
0.14720,1.60788,0.26043
0.23272,2.07976,0.31475
0.30102,2.45878,0.50352
0.34870,2.88116,0.47839
0.37463,3.48082,0.60105
0.37795,1.95460,0.35383
0.35839,1.68820,0.34715
0.31680,1.32013,0.17877
0.26399,1.33042,0.22852
0.15979,0.37536,0.24826
0.04018,-0.01386,0.10427
-0.09041,0.00140,0.15884
-0.22959,-0.30464,0.11589
-0.37355,-0.48790,0.11601
-0.51535,-0.54782,0.15674
-0.64987,-0.57000,0.16181
-0.77486,-0.69344,0.15664
-0.88607,-0.89346,0.19299
-0.97878,-0.90120,0.18304
-1.04786,-0.81316,0.19386
-1.09182,-0.79120,0.23233
-1.10945,-1.24983,0.24470
-1.09933,-1.40686,0.36087
-1.06211,-1.21477,0.83692
-0.99899,-1.25917,0.38307
-0.91194,0.12809,0.53556
-0.80499,1.14545,0.22389
-0.68303,1.79403,0.32181
-0.54836,1.25110,0.22383
-0.40543,1.19630,0.22830
-0.25882,0.97387,0.19716
-0.11463,0.25978,0.19509
0.02274,0.44510,0.17404
0.15009,0.36362,0.18472
0.26239,0.58997,0.13397
0.35420,0.65542,0.20550
0.42385,0.62533,0.14521
0.46854,0.89177,0.13590
0.48623,0.73997,0.15187
0.47696,0.81440,0.12516
0.44156,0.86094,0.22400
0.38128,0.76698,0.16523
0.29902,0.53766,0.16432
0.19773,0.40017,0.17944
0.07984,0.23003,0.13270
-0.05059,0.16214,0.16658
-0.18809,-0.25485,0.19565
-0.32852,-0.48600,0.25287
-0.46879,-0.75222,0.15672
-0.60502,-0.91611,0.13526
-0.72982,-1.10031,0.23157
-0.83896,-1.09638,0.21631
-0.93103,-1.60131,0.29153
-1.00205,-1.04233,0.34403
-1.04757,-0.37567,0.23688
-1.06669,-0.49934,0.81234
-1.05974,-1.81719,0.27518
-1.02852,-1.04523,0.22893
