cte_true,mc_mean,mc_std,m0,m1,m2,m3,m4,m5,m6,m7,m8,m9
0.00073,0.06383,0.11779,-0.01185,0.13634,0.07528,0.04988,-0.06903,0.11652,-0.14139,0.27541,0.14293,0.06424
0.00073,0.06171,0.11783,-0.01133,0.12702,0.07577,0.05169,-0.06741,0.11630,-0.14837,0.27667,0.13281,0.06398
0.00069,0.02247,0.10962,-0.01850,0.06983,0.04518,0.02114,-0.11724,0.05466,-0.13542,0.26224,0.00234,0.04047
0.00055,0.05119,0.10445,-0.02025,0.04588,0.07190,0.01515,-0.10514,0.08859,-0.01807,0.29484,0.08753,0.05148
0.00018,0.01905,0.14357,-0.02112,0.13192,0.10575,0.01455,-0.16954,0.09204,-0.25741,0.11464,0.20630,-0.02666
-0.00020,0.07498,0.11196,0.02527,0.01593,0.15992,0.02075,-0.08245,0.14899,-0.05409,0.24496,0.21780,0.05273
-0.00083,-0.02623,0.05701,-0.07257,-0.04747,0.05701,0.01332,-0.11018,-0.01231,-0.06633,0.05810,-0.07065,-0.01123
-0.00166,0.13414,0.22625,0.06847,-0.01680,0.17012,0.12804,-0.08341,0.19318,-0.01201,0.09368,0.72947,0.07063
-0.00265,-0.04507,0.14011,-0.00148,-0.21116,0.11563,-0.01608,-0.13826,0.02785,-0.23212,-0.06621,0.20598,-0.13483
-0.00389,0.01399,0.11777,-0.12518,0.00390,0.17984,0.01156,-0.06161,0.07791,-0.11541,0.10379,0.17841,-0.11327
-0.00557,0.02208,0.14140,0.00845,-0.05977,0.15161,-0.01204,-0.11828,0.03829,-0.18585,0.08737,0.31685,-0.00584
-0.00764,0.05749,0.13773,-0.01001,0.03273,0.15182,0.00117,-0.00278,0.02755,-0.03531,-0.00795,0.42128,-0.00362
-0.01002,-0.07894,0.08672,-0.20574,-0.09945,0.08891,-0.04913,-0.04297,-0.21400,-0.09843,-0.07706,-0.04772,-0.04382
-0.01274,-0.02472,0.05346,-0.05608,-0.06379,0.06572,-0.03325,-0.04532,0.02467,-0.09106,-0.08629,0.02478,0.01342
-0.01258,0.03175,0.06132,0.00363,-0.01936,0.06525,0.03348,0.05961,0.12464,0.11649,-0.03470,-0.05934,0.02782
-0.01653,0.03447,0.06931,0.02590,-0.00587,0.13381,-0.00719,0.01164,0.12680,0.12079,-0.05024,-0.04464,0.03373
-0.02512,0.01497,0.04801,-0.02329,-0.04007,0.08822,-0.01799,0.04658,0.08805,0.01149,-0.02539,-0.01886,0.04098
-0.02805,-0.03677,0.04913,-0.02830,-0.08579,0.04157,-0.08346,-0.01474,-0.01442,-0.09312,-0.08539,-0.03355,0.02952
-0.03306,-0.00001,0.04400,-0.02786,-0.02952,0.09186,-0.05758,0.02120,-0.02955,-0.01125,0.01579,-0.01800,0.04476
-0.03857,-0.00445,0.05490,-0.03165,-0.02497,0.08353,-0.02612,-0.01335,0.07738,-0.05595,-0.08303,-0.01169,0.04137
-0.04462,-0.01636,0.04645,-0.02979,-0.02968,0.07337,-0.04867,-0.01834,0.01709,-0.04321,-0.09380,-0.02020,0.02960
-0.05127,-0.05643,0.06347,-0.03116,-0.05779,0.05441,-0.05258,-0.07209,-0.08170,-0.06167,-0.19434,-0.06798,0.00059
-0.05853,-0.06544,0.06615,-0.04121,-0.04800,0.02129,-0.06936,-0.08890,-0.13694,-0.06092,-0.18881,-0.07579,0.03425
-0.06639,-0.08577,0.07286,-0.03725,-0.06966,0.03913,-0.09257,-0.13603,-0.17170,-0.11865,-0.17946,-0.10294,0.01145
-0.07494,-0.05309,0.06937,-0.03065,-0.03840,0.06710,-0.05567,-0.04616,-0.16286,-0.01136,-0.16592,-0.06972,-0.01723
-0.09002,-0.05432,0.06331,-0.03425,-0.04192,0.04558,-0.04340,-0.11019,-0.07739,-0.06865,-0.16815,-0.07970,0.03488
-0.09381,-0.05258,0.05596,-0.03946,-0.04138,0.03984,-0.06765,-0.10176,-0.02629,-0.02735,-0.15336,-0.10523,-0.00315
-0.10421,-0.03352,0.05105,-0.03587,-0.05628,0.02331,-0.02553,-0.08987,-0.01281,0.02485,-0.11698,-0.07521,0.02914
-0.11556,-0.07421,0.06597,-0.06134,-0.08951,0.02838,-0.05234,-0.11639,-0.15928,-0.04835,-0.16481,-0.10020,0.02170
-0.12752,-0.10831,0.07180,-0.06038,-0.13108,-0.00522,-0.06677,-0.14738,-0.16922,-0.19554,-0.19663,-0.10542,-0.00548
-0.14009,-0.06860,0.05709,-0.03728,-0.04079,0.01837,-0.04232,-0.12216,-0.15290,-0.04647,-0.14202,-0.10101,-0.01942
-0.14675,-0.08643,0.11800,-0.05002,0.16504,0.00586,-0.06143,-0.17121,-0.10903,-0.26325,-0.19844,-0.09651,-0.08529
-0.16796,-0.11738,0.09732,-0.04158,-0.03364,0.02171,-0.12075,-0.17540,-0.08730,-0.32885,-0.18036,-0.12258,-0.10509
-0.18208,-0.11914,0.10210,-0.04425,0.03414,-0.03111,-0.07238,-0.17717,-0.13434,-0.32398,-0.21485,-0.11265,-0.11486
-0.19705,-0.15186,0.09359,-0.06887,-0.04477,-0.02307,-0.12453,-0.18736,-0.25279,-0.31444,-0.21892,-0.15871,-0.12513
-0.21278,-0.26818,0.10151,-0.34796,-0.19733,-0.07224,-0.26819,-0.21249,-0.42142,-0.37965,-0.29817,-0.21310,-0.27130
-0.22903,-0.21432,0.10658,-0.18891,-0.08282,-0.05614,-0.15269,-0.20510,-0.38996,-0.35697,-0.27625,-0.20422,-0.23015
-0.25082,-0.24904,0.08428,-0.31377,-0.19883,-0.12317,-0.19069,-0.19405,-0.41745,-0.31720,-0.27737,-0.21609,-0.24176
-0.26365,-0.21918,0.07946,-0.17788,-0.11871,-0.15478,-0.14784,-0.21073,-0.37987,-0.27860,-0.29684,-0.20200,-0.22460
-0.27999,-0.20172,0.07521,-0.07856,-0.11372,-0.18652,-0.14269,-0.20229,-0.30415,-0.28415,-0.28349,-0.20222,-0.21942
-0.29759,-0.24205,0.08235,-0.12158,-0.17912,-0.18325,-0.18852,-0.21829,-0.40096,-0.28991,-0.28726,-0.23215,-0.31943
-0.31525,-0.30171,0.09306,-0.18240,-0.25310,-0.21456,-0.27428,-0.23616,-0.45781,-0.38603,-0.31306,-0.27086,-0.42879
-0.33278,-0.28987,0.10126,-0.14035,-0.22084,-0.19819,-0.31887,-0.23273,-0.44782,-0.33088,-0.29728,-0.26296,-0.44875
-0.35034,-0.29850,0.08648,-0.16553,-0.24811,-0.24575,-0.29355,-0.24022,-0.46010,-0.35021,-0.31061,-0.26754,-0.40338
-0.36775,-0.30287,0.09917,-0.14030,-0.27386,-0.25087,-0.29734,-0.22175,-0.46480,-0.34909,-0.31644,-0.26358,-0.45068
-0.38471,-0.36146,0.10169,-0.26928,-0.29121,-0.29734,-0.36013,-0.25188,-0.50995,-0.42679,-0.31718,-0.34256,-0.54823
-0.40134,-0.38371,0.09928,-0.37869,-0.32058,-0.29938,-0.35668,-0.25801,-0.52466,-0.44415,-0.33125,-0.35562,-0.56807
-0.41747,-0.38109,0.09853,-0.37208,-0.35351,-0.28761,-0.33966,-0.25407,-0.51414,-0.44679,-0.34299,-0.33392,-0.56613
-0.43285,-0.39764,0.09343,-0.37889,-0.31484,-0.44469,-0.35824,-0.27319,-0.50635,-0.47506,-0.33256,-0.33375,-0.55881
-0.44732,-0.43985,0.09718,-0.43864,-0.38437,-0.43032,-0.41040,-0.30152,-0.57871,-0.48671,-0.34774,-0.40516,-0.61495
-0.46096,-0.43842,0.08468,-0.43042,-0.40974,-0.43749,-0.38014,-0.33210,-0.55329,-0.46473,-0.34847,-0.42569,-0.60214
-0.47357,-0.48012,0.08221,-0.51883,-0.46187,-0.46506,-0.40689,-0.40928,-0.58099,-0.47600,-0.35890,-0.49028,-0.63309
-0.48487,-0.48368,0.08007,-0.45279,-0.47046,-0.48100,-0.40793,-0.46615,-0.58942,-0.48907,-0.36532,-0.47236,-0.64232
-0.49482,-0.47103,0.07919,-0.40826,-0.43562,-0.45557,-0.38520,-0.49256,-0.57473,-0.47636,-0.36943,-0.49494,-0.61764
-0.50342,-0.44625,0.08877,-0.32484,-0.38199,-0.44588,-0.38473,-0.40431,-0.57416,-0.46260,-0.38334,-0.50419,-0.59648
-0.51051,-0.53418,0.06664,-0.54050,-0.51201,-0.55499,-0.48597,-0.53302,-0.58805,-0.54673,-0.38118,-0.57105,-0.62828
-0.51590,-0.50244,0.08278,-0.53223,-0.48771,-0.46243,-0.40128,-0.42224,-0.61807,-0.52615,-0.39614,-0.55693,-0.62122
-0.51958,-0.52613,0.08557,-0.57783,-0.49532,-0.44852,-0.43336,-0.49767,-0.66201,-0.55054,-0.39686,-0.58771,-0.61146
-0.52148,-0.44873,0.09818,-0.42532,-0.40319,-0.36098,-0.39090,-0.33748,-0.60161,-0.51659,-0.36276,-0.48451,-0.60389
-0.52153,-0.41742,0.08769,-0.32613,-0.35102,-0.34489,-0.37689,-0.39376,-0.56693,-0.49026,-0.36056,-0.41191,-0.55185
-0.51968,-0.43394,0.08133,-0.43531,-0.35941,-0.36253,-0.43074,-0.36968,-0.53558,-0.48779,-0.34502,-0.42599,-0.58734
-0.51590,-0.53475,0.09399,-0.68653,-0.46176,-0.49055,-0.48149,-0.52541,-0.65361,-0.54766,-0.38557,-0.49151,-0.62337
-0.51020,-0.47138,0.09307,-0.56857,-0.40900,-0.32327,-0.48681,-0.50206,-0.59395,-0.47652,-0.35652,-0.42178,-0.57534
-0.50257,-0.48867,0.09486,-0.61304,-0.41491,-0.38200,-0.50173,-0.48966,-0.62174,-0.47726,-0.35866,-0.43471,-0.59295
-0.49309,-0.48090,0.10975,-0.68663,-0.39533,-0.41361,-0.47034,-0.50809,-0.62158,-0.41874,-0.36013,-0.38134,-0.55320
-0.48180,-0.51110,0.09950,-0.71116,-0.45419,-0.51546,-0.46950,-0.52456,-0.57596,-0.48693,-0.34518,-0.43794,-0.59011
-0.46873,-0.54264,0.12350,-0.80348,-0.53155,-0.41945,-0.51680,-0.57778,-0.64408,-0.46557,-0.37251,-0.48925,-0.60592
-0.45399,-0.46841,0.11919,-0.68311,-0.45775,-0.30280,-0.49173,-0.49542,-0.57469,-0.38361,-0.34129,-0.38158,-0.57215
-0.43779,-0.47198,0.10200,-0.61000,-0.49211,-0.31380,-0.48754,-0.53449,-0.55109,-0.43078,-0.33410,-0.38861,-0.57731
-0.42036,-0.47885,0.12306,-0.60627,-0.46453,-0.26229,-0.57355,-0.54026,-0.58834,-0.41701,-0.33071,-0.39955,-0.60598
-0.40181,-0.47905,0.11472,-0.64443,-0.42833,-0.32596,-0.55550,-0.51086,-0.55650,-0.48299,-0.34145,-0.34339,-0.60107
-0.38223,-0.41158,0.10728,-0.54901,-0.35094,-0.25875,-0.49370,-0.39406,-0.48634,-0.40722,-0.33005,-0.28484,-0.56089
-0.36180,-0.39513,0.12747,-0.57018,-0.31545,-0.20206,-0.50224,-0.31556,-0.50495,-0.38100,-0.35007,-0.26404,-0.54574
-0.34091,-0.37636,0.12986,-0.59349,-0.34303,-0.16070,-0.43003,-0.29943,-0.50814,-0.36979,-0.34131,-0.23851,-0.47916
-0.31974,-0.27173,0.09827,-0.25746,-0.23647,-0.07678,-0.32457,-0.22265,-0.40162,-0.34274,-0.29077,-0.18268,-0.38155
-0.29839,-0.27450,0.08470,-0.22679,-0.20847,-0.16198,-0.32586,-0.24107,-0.38315,-0.33260,-0.28633,-0.17591,-0.40283
-0.27715,-0.17923,0.08087,-0.08375,-0.07581,-0.10194,-0.25675,-0.18027,-0.27177,-0.28523,-0.23782,-0.11736,-0.18160
-0.25645,-0.11548,0.07344,-0.08333,-0.04200,-0.04206,-0.17107,-0.16312,-0.07620,-0.23276,-0.19971,-0.02114,-0.12346
-0.23650,-0.10997,0.06556,-0.07848,-0.06008,-0.02747,-0.13711,-0.16746,-0.04199,-0.16934,-0.21908,-0.05418,-0.14449
-0.21742,-0.08808,0.09526,-0.07859,0.00840,0.02434,-0.13463,-0.14644,-0.01323,-0.23218,-0.16175,0.03111,-0.17787
-0.19949,-0.13500,0.07824,-0.09521,-0.04376,-0.03708,-0.16806,-0.18148,-0.09353,-0.26490,-0.24455,-0.09382,-0.12766
-0.18312,-0.11236,0.06443,-0.10162,-0.05660,-0.00575,-0.14809,-0.16295,-0.06125,-0.21936,-0.17184,-0.07653,-0.11964
-0.16849,-0.09340,0.09508,-0.07417,-0.07346,-0.00319,-0.13050,-0.14894,-0.02361,-0.30027,-0.13765,0.04182,-0.08401
-0.15568,-0.01840,0.07971,-0.06021,-0.00563,0.02890,-0.10228,-0.09596,0.08712,-0.01759,-0.12733,0.11089,-0.00189
-0.14502,-0.08501,0.07247,-0.08555,-0.03687,0.00234,-0.10096,-0.12222,-0.00025,-0.21119,-0.18663,-0.04069,-0.06806
-0.13665,-0.11326,0.06858,-0.11788,-0.10490,-0.03200,-0.13561,-0.14098,-0.06504,-0.24587,-0.19121,-0.06114,-0.03798
-0.13068,-0.10197,0.08129,-0.14212,-0.06809,-0.03867,-0.10710,-0.12849,0.01200,-0.24497,-0.20534,-0.08117,-0.01580
-0.12717,-0.12047,0.08944,-0.14204,-0.10412,-0.03172,-0.12759,-0.11361,0.00105,-0.28317,-0.24911,-0.10689,-0.04754
-0.12624,-0.13023,0.07878,-0.12083,-0.10384,-0.04101,-0.16518,-0.13556,-0.05832,-0.25329,-0.26077,-0.12539,-0.03811
-0.12791,-0.10680,0.09104,-0.13445,-0.09835,-0.01130,-0.12460,-0.11100,0.03193,-0.20932,-0.25894,-0.14489,-0.00707
-0.13215,-0.10549,0.07456,-0.10379,-0.12902,0.00468,-0.10932,-0.11212,-0.03540,-0.19352,-0.22652,-0.13866,-0.01128
-0.13896,-0.13286,0.06451,-0.13102,-0.12971,-0.02089,-0.08374,-0.14034,-0.16127,-0.19108,-0.25388,-0.14289,-0.07382
-0.14819,-0.21323,0.08963,-0.19537,-0.14358,-0.08611,-0.16861,-0.17691,-0.40904,-0.22196,-0.30280,-0.18917,-0.23873
-0.15968,-0.16251,0.06427,-0.13675,-0.10814,-0.06594,-0.10242,-0.18938,-0.26482,-0.17359,-0.25891,-0.16562,-0.15949
-0.17342,-0.16682,0.06570,-0.12296,-0.11669,-0.04790,-0.16928,-0.18878,-0.29073,-0.15521,-0.23119,-0.17915,-0.16636
-0.18921,-0.16963,0.08086,-0.14258,-0.11133,-0.03093,-0.13174,-0.19854,-0.33020,-0.17760,-0.24622,-0.19024,-0.13690
-0.20667,-0.20297,0.08939,-0.14649,-0.16460,-0.04418,-0.19821,-0.21813,-0.38400,-0.23406,-0.27955,-0.20422,-0.15627
-0.22543,-0.21041,0.08383,-0.15726,-0.16999,-0.07120,-0.17961,-0.20813,-0.38457,-0.26485,-0.27875,-0.19664,-0.19310
-0.24523,-0.28230,0.10659,-0.19485,-0.25286,-0.12125,-0.31502,-0.27364,-0.52618,-0.34700,-0.29399,-0.26724,-0.23101
-0.26599,-0.25799,0.10211,-0.15489,-0.23948,-0.11640,-0.30908,-0.25104,-0.43828,-0.38849,-0.28516,-0.23609,-0.16100
-0.28734,-0.33591,0.08046,-0.26278,-0.23724,-0.37404,-0.43444,-0.28961,-0.44518,-0.41718,-0.36098,-0.29797,-0.23968
-0.30861,-0.28257,0.09255,-0.19975,-0.20881,-0.28897,-0.31408,-0.23491,-0.40703,-0.38062,-0.33455,-0.34649,-0.11054
-0.32944,-0.30259,0.10421,-0.15122,-0.18846,-0.37252,-0.34567,-0.25355,-0.41010,-0.42767,-0.37158,-0.34108,-0.16402
-0.34978,-0.30550,0.10702,-0.12126,-0.22748,-0.38062,-0.35012,-0.26257,-0.41566,-0.41265,-0.31162,-0.40734,-0.16567
-0.36925,-0.24019,0.08244,-0.12072,-0.17359,-0.25798,-0.28701,-0.22212,-0.29163,-0.32645,-0.28785,-0.33174,-0.10279
-0.38730,-0.20310,0.09578,-0.08732,-0.19524,-0.26755,-0.28634,-0.18831,-0.18638,-0.31204,-0.25017,-0.25610,-0.00155
-0.40345,-0.34319,0.10425,-0.16550,-0.23847,-0.44295,-0.40876,-0.24735,-0.40021,-0.45721,-0.31041,-0.45708,-0.30396
-0.41750,-0.32148,0.11792,-0.10364,-0.28741,-0.45779,-0.39567,-0.24135,-0.32381,-0.41200,-0.27312,-0.48753,-0.23245
-0.42935,-0.29875,0.09549,-0.08947,-0.25937,-0.40549,-0.36187,-0.23041,-0.32493,-0.34864,-0.29423,-0.40939,-0.26366
-0.43876,-0.37685,0.10744,-0.15669,-0.32658,-0.36458,-0.42936,-0.27275,-0.42999,-0.44102,-0.34874,-0.47297,-0.52577
-0.44534,-0.34349,0.10946,-0.09870,-0.28634,-0.31660,-0.39310,-0.29867,-0.42086,-0.45720,-0.31329,-0.36888,-0.48124
-0.44899,-0.23566,0.10947,-0.02743,-0.22454,-0.16493,-0.32110,-0.20210,-0.23189,-0.43189,-0.19176,-0.22357,-0.33738
-0.44971,-0.18879,0.11298,-0.05340,-0.07598,0.00129,-0.26868,-0.20311,-0.27900,-0.35286,-0.19012,-0.20029,-0.26574
-0.44747,-0.11210,0.08593,-0.02036,0.00407,0.03289,-0.18715,-0.17893,-0.18511,-0.19326,-0.12491,-0.14762,-0.12063
-0.44225,-0.21563,0.11817,-0.05671,-0.03109,-0.13530,-0.32486,-0.23742,-0.34257,-0.36571,-0.14746,-0.23879,-0.27640
-0.25963,-0.26747,0.08433,-0.13998,-0.18976,-0.22798,-0.36462,-0.23897,-0.31593,-0.40985,-0.21695,-0.24016,-0.33055
-0.34504,-0.37011,0.09616,-0.22059,-0.28867,-0.38887,-0.42560,-0.33524,-0.43368,-0.46761,-0.26289,-0.35222,-0.52572
-0.43379,-0.42995,0.09168,-0.39848,-0.27255,-0.48296,-0.42031,-0.37081,-0.50153,-0.46409,-0.31630,-0.50719,-0.56525
-0.52047,-0.38012,0.12469,-0.28924,-0.26219,-0.27542,-0.39450,-0.30166,-0.49793,-0.52803,-0.21659,-0.51611,-0.51957
-0.60174,-0.33525,0.08158,-0.24609,-0.33136,-0.27899,-0.35458,-0.29674,-0.37397,-0.43112,-0.19393,-0.44407,-0.40168
-0.67496,-0.41097,0.08323,-0.31834,-0.50585,-0.31495,-0.38985,-0.40913,-0.50689,-0.48092,-0.29311,-0.49401,-0.39662
-0.54530,-0.53826,0.10030,-0.35188,-0.65732,-0.48262,-0.44880,-0.66202,-0.61607,-0.53223,-0.50107,-0.62129,-0.50927
-0.69546,-0.70576,0.08487,-0.59598,-0.71215,-0.76258,-0.57362,-0.80684,-0.83187,-0.71558,-0.63127,-0.72249,-0.70520
-0.84036,-0.90719,0.09410,-0.81059,-0.96588,-0.87193,-0.90097,-0.92635,-1.06500,-0.99063,-0.81261,-0.76216,-0.96577
-0.97384,-0.97792,0.11234,-0.91984,-1.04872,-0.93811,-0.96225,-0.98849,-1.14336,-1.08579,-0.87462,-0.76056,-1.05747
-1.09198,-0.91237,0.13600,-0.89791,-0.96563,-0.93244,-0.99745,-0.93611,-0.91669,-1.17564,-0.82403,-0.64430,-0.83350
-1.19207,-0.97522,0.14074,-0.99458,-1.04182,-0.95346,-1.03297,-1.06332,-0.89347,-1.25409,-0.92187,-0.72083,-0.87581
-1.27084,-1.21714,0.13011,-1.13393,-1.14921,-1.07041,-1.27476,-1.39420,-1.04313,-1.39500,-1.12619,-1.33187,-1.25267
-1.16741,-1.36214,0.10124,-1.35451,-1.30139,-1.23824,-1.35776,-1.51939,-1.40098,-1.47473,-1.18424,-1.40915,-1.38105
-1.29891,-1.41583,0.11293,-1.39896,-1.35632,-1.34754,-1.35484,-1.56370,-1.53792,-1.54309,-1.19547,-1.44796,-1.41253
-1.41340,-1.40281,0.11386,-1.40444,-1.43601,-1.42680,-1.35372,-1.59150,-1.42048,-1.45982,-1.13644,-1.43446,-1.36446
-1.50330,-1.39349,0.11015,-1.33466,-1.40552,-1.42174,-1.37304,-1.57383,-1.45514,-1.49420,-1.19015,-1.41919,-1.26738
-1.57036,-1.34923,0.09794,-1.26783,-1.36411,-1.34004,-1.38850,-1.51375,-1.35912,-1.45181,-1.20679,-1.38695,-1.21340
-1.61531,-1.32128,0.11738,-1.16024,-1.32757,-1.32343,-1.38744,-1.46367,-1.22418,-1.46873,-1.24074,-1.44143,-1.17540
-1.63785,-1.46614,0.10915,-1.45170,-1.51354,-1.40219,-1.38196,-1.68836,-1.55847,-1.50006,-1.28630,-1.45907,-1.41977
-1.50423,-1.52932,0.10633,-1.48871,-1.57259,-1.45892,-1.38371,-1.74245,-1.63022,-1.57262,-1.41326,-1.53449,-1.49622
-1.57981,-1.60901,0.10897,-1.60675,-1.56260,-1.64436,-1.40292,-1.77442,-1.76770,-1.60344,-1.54684,-1.54658,-1.63447
-1.63310,-1.51640,0.10388,-1.39306,-1.47454,-1.53624,-1.38600,-1.66178,-1.70795,-1.54187,-1.48135,-1.51993,-1.46124
-1.66377,-1.46770,0.10818,-1.28303,-1.51846,-1.45002,-1.34757,-1.55080,-1.66574,-1.48145,-1.48792,-1.39019,-1.50181
-1.67163,-1.36295,0.08834,-1.14819,-1.36773,-1.35731,-1.36187,-1.34180,-1.49488,-1.34566,-1.41441,-1.38038,-1.41730
-1.65656,-1.37901,0.13124,-1.11573,-1.37489,-1.42772,-1.35487,-1.38764,-1.65438,-1.35444,-1.37379,-1.42868,-1.31792
-1.42076,-1.41442,0.14329,-1.16776,-1.47398,-1.48402,-1.31133,-1.36136,-1.69966,-1.35807,-1.53300,-1.39726,-1.35773
-1.45913,-1.30813,0.12305,-1.12647,-1.27775,-1.45345,-1.30971,-1.27617,-1.57326,-1.26353,-1.30232,-1.22720,-1.27142
-1.47448,-1.29635,0.14311,-1.28009,-1.20488,-1.46184,-1.23298,-1.12761,-1.62277,-1.26890,-1.25229,-1.21527,-1.29689
-1.46668,-1.16593,0.13075,-1.09233,-1.13233,-1.30371,-1.19985,-1.05060,-1.46398,-1.17931,-1.11202,-1.04542,-1.07970
-1.43565,-1.05111,0.09351,-0.97385,-1.03919,-1.14689,-1.05600,-0.90745,-1.23460,-1.05799,-1.10313,-1.00736,-0.98459
-1.38142,-0.97804,0.11323,-0.86191,-0.88612,-1.12909,-0.98946,-0.84565,-1.18892,-0.93102,-1.04514,-0.93742,-0.96571
-1.30416,-0.97760,0.09421,-0.86302,-0.94615,-1.12474,-1.01853,-0.87953,-1.13470,-0.93483,-0.96309,-0.90502,-1.00642
-1.06065,-0.99191,0.08916,-1.02464,-0.99790,-1.15827,-0.99478,-0.88381,-1.11929,-0.90675,-0.93737,-0.92833,-0.96792
-1.04084,-0.94879,0.10283,-0.94190,-0.98253,-1.16714,-0.90867,-0.83294,-1.04641,-0.85129,-0.86427,-0.89597,-0.99677
-1.01008,-0.83517,0.11091,-0.76733,-0.81770,-1.09862,-0.72998,-0.73389,-0.92889,-0.79375,-0.77403,-0.84558,-0.86195
-0.96414,-0.58910,0.13951,-0.42426,-0.61546,-0.83222,-0.53863,-0.49602,-0.71619,-0.56186,-0.37132,-0.68078,-0.65427
-0.90268,-0.60403,0.11654,-0.43853,-0.65609,-0.72740,-0.55236,-0.54449,-0.71786,-0.59987,-0.40544,-0.68952,-0.70877
-0.82733,-0.59621,0.11004,-0.41174,-0.68845,-0.62939,-0.54855,-0.55105,-0.66740,-0.61067,-0.42831,-0.70437,-0.72219
-0.59183,-0.59663,0.11827,-0.43947,-0.62160,-0.74492,-0.55631,-0.57683,-0.65869,-0.55564,-0.38880,-0.68740,-0.73663
-0.60151,-0.60297,0.12771,-0.53076,-0.54891,-0.66610,-0.55488,-0.61443,-0.79422,-0.52365,-0.36048,-0.67317,-0.76307
-0.60789,-0.50508,0.10478,-0.40080,-0.48761,-0.57111,-0.48971,-0.43203,-0.64409,-0.51327,-0.30915,-0.57586,-0.62716
-0.60693,-0.36046,0.11630,-0.23793,-0.34965,-0.25149,-0.39337,-0.26769,-0.50878,-0.44967,-0.24112,-0.34312,-0.56179
-0.59836,-0.37647,0.09327,-0.31569,-0.37231,-0.31704,-0.37757,-0.25527,-0.51711,-0.44353,-0.32136,-0.31100,-0.53380
-0.58248,-0.42346,0.08377,-0.34140,-0.37012,-0.47192,-0.44250,-0.33329,-0.51532,-0.44795,-0.36867,-0.35762,-0.58583
-0.45095,-0.50323,0.07150,-0.39358,-0.46776,-0.54167,-0.50126,-0.47097,-0.58043,-0.55436,-0.39938,-0.51629,-0.60655
-0.52698,-0.60546,0.09931,-0.49910,-0.61524,-0.68598,-0.56660,-0.56262,-0.72368,-0.60876,-0.40968,-0.67718,-0.70579
-0.60028,-0.55098,0.08631,-0.42806,-0.54078,-0.58109,-0.54631,-0.54702,-0.57905,-0.64867,-0.38348,-0.64686,-0.60850
-0.66559,-0.52963,0.09553,-0.40896,-0.52240,-0.50998,-0.54246,-0.56861,-0.57635,-0.67241,-0.33870,-0.54904,-0.60736
-0.72080,-0.51830,0.09718,-0.39282,-0.46595,-0.45346,-0.53074,-0.57839,-0.56422,-0.67529,-0.36264,-0.57845,-0.58103
-0.59282,-0.61818,0.08758,-0.47317,-0.58707,-0.73506,-0.61284,-0.69658,-0.57566,-0.71724,-0.50197,-0.66372,-0.61848
-0.73241,-0.80648,0.04625,-0.80298,-0.74796,-0.82598,-0.85215,-0.79116,-0.89965,-0.76030,-0.83018,-0.77332,-0.78113
-0.86368,-0.86964,0.06342,-0.85685,-0.87472,-0.91585,-1.00576,-0.82491,-0.90974,-0.87437,-0.84341,-0.79754,-0.79330
-0.97926,-1.00351,0.11558,-1.05765,-1.02048,-1.01637,-1.05902,-0.87356,-1.24616,-1.04676,-0.86554,-0.87628,-0.97331
-1.07809,-0.99635,0.09874,-0.99355,-1.09726,-1.04398,-1.06349,-0.88894,-1.15077,-1.02072,-0.86991,-0.86105,-0.97384
-1.15582,-1.12901,0.12325,-1.21318,-1.28009,-1.20286,-1.10950,-0.93264,-1.26797,-1.17588,-1.08996,-0.93628,-1.08174
-1.21100,-1.19732,0.11471,-1.25987,-1.24957,-1.39295,-1.09521,-1.04563,-1.33299,-1.20652,-1.15780,-1.05756,-1.17513
-1.24220,-1.22592,0.12638,-1.29930,-1.27569,-1.45613,-1.12119,-1.04204,-1.34906,-1.23514,-1.23515,-1.09555,-1.14993
-1.24855,-1.11759,0.12046,-1.02514,-1.14510,-1.37587,-1.07495,-1.03093,-1.17630,-1.23312,-1.05281,-0.96296,-1.09875
-1.22997,-1.16658,0.08900,-1.12158,-1.16865,-1.39955,-1.07388,-1.19201,-1.13241,-1.12894,-1.18330,-1.14993,-1.11559
-1.18772,-1.17820,0.06473,-1.17309,-1.16572,-1.33581,-1.10827,-1.16940,-1.16901,-1.23594,-1.15208,-1.12879,-1.14387
-1.12343,-1.04026,0.11590,-0.96041,-0.96735,-1.24072,-1.04944,-1.09978,-1.02749,-1.20625,-0.88334,-0.92601,-1.04179
-1.03804,-1.04619,0.11921,-1.07904,-0.91745,-1.22607,-0.99889,-1.14676,-1.10668,-1.16252,-0.85374,-0.94111,-1.02965
-0.93470,-0.90193,0.10951,-0.92333,-0.78654,-1.14937,-0.89847,-0.93676,-0.85460,-0.97254,-0.76253,-0.83088,-0.90426
-0.81718,-0.68562,0.10423,-0.68239,-0.52326,-0.80220,-0.71316,-0.64372,-0.66896,-0.90032,-0.61174,-0.62671,-0.68379
-0.68812,-0.60533,0.07353,-0.68077,-0.47036,-0.66853,-0.55215,-0.53098,-0.58188,-0.70748,-0.60869,-0.60992,-0.64258
-0.55068,-0.39261,0.10293,-0.42815,-0.22186,-0.45625,-0.35313,-0.34217,-0.44254,-0.46418,-0.51457,-0.22730,-0.47600
-0.40615,-0.23394,0.06800,-0.33192,-0.23955,-0.16468,-0.28509,-0.19058,-0.21442,-0.15638,-0.29610,-0.15156,-0.30912
-0.26079,-0.19385,0.07264,-0.30687,-0.22036,-0.13785,-0.28153,-0.12855,-0.16641,-0.18853,-0.26666,-0.15400,-0.08774
-0.11812,-0.06665,0.10210,-0.20011,-0.19236,0.00442,-0.05947,0.02275,0.04501,0.05906,-0.20024,-0.09425,-0.05133
0.01977,0.05452,0.13095,-0.06022,-0.16238,0.12523,0.03591,0.16317,0.16091,0.25108,-0.07786,-0.01425,0.12357
0.14968,0.18916,0.10756,-0.01850,0.21342,0.27960,0.25528,0.22109,0.20360,0.36593,0.10084,0.10556,0.16474
0.26661,0.41323,0.11993,0.16350,0.50322,0.38721,0.55605,0.40753,0.47280,0.52205,0.32679,0.48161,0.31153
0.36716,0.43880,0.13593,0.16054,0.50797,0.48021,0.53059,0.41805,0.47927,0.63111,0.36218,0.52575,0.29232
0.44948,0.31270,0.14027,0.09755,0.47757,0.39307,0.40672,0.36918,0.21819,0.51008,0.27795,0.23868,0.13795
0.51098,0.27930,0.09900,0.13212,0.41347,0.32109,0.33077,0.35548,0.19610,0.38100,0.29708,0.21611,0.14977
0.54916,0.55317,0.11393,0.34129,0.57992,0.66671,0.72262,0.50459,0.56291,0.52906,0.42999,0.65858,0.53604
0.56321,0.50033,0.15452,0.31345,0.67256,0.64670,0.64469,0.49572,0.37986,0.50777,0.39539,0.67484,0.27233
0.55330,0.41433,0.13202,0.29039,0.63349,0.48361,0.48617,0.42291,0.27819,0.40337,0.38676,0.55465,0.20380
0.51981,0.38235,0.12604,0.28662,0.60706,0.47842,0.32468,0.38136,0.21802,0.39275,0.41707,0.50250,0.21502
0.46404,0.39252,0.12890,0.31460,0.55999,0.42546,0.35735,0.38849,0.22455,0.38919,0.39959,0.63489,0.23111
0.38786,0.35699,0.14332,0.43188,0.62856,0.35129,0.29513,0.23153,0.24983,0.30471,0.34964,0.55283,0.17455
0.29293,0.21216,0.11656,0.08562,0.43919,0.25880,0.11115,0.13971,0.17956,0.12139,0.25062,0.36806,0.16747
0.18193,0.09504,0.09423,0.02593,0.10071,0.21586,0.03505,0.08620,0.05965,-0.08477,0.23176,0.15613,0.12384
0.05871,0.04959,0.07508,0.02989,0.09594,0.18967,0.01689,-0.07774,0.00982,-0.01316,0.12356,0.06611,0.05494
-0.07345,-0.11975,0.10452,-0.04302,-0.02698,-0.07765,-0.25646,-0.19088,-0.30667,-0.05861,0.01056,-0.16005,-0.08773
-0.21215,-0.21125,0.09730,-0.14535,-0.22227,-0.19654,-0.29915,-0.22543,-0.39850,-0.19131,-0.02054,-0.22584,-0.18757
-0.35375,-0.38863,0.11031,-0.27516,-0.32071,-0.31386,-0.43103,-0.32775,-0.56040,-0.52418,-0.28257,-0.32759,-0.52308
-0.49318,-0.52525,0.09701,-0.34562,-0.50845,-0.48655,-0.54657,-0.58136,-0.60531,-0.63552,-0.37948,-0.56145,-0.60217
-0.62766,-0.64820,0.08784,-0.46529,-0.63231,-0.70696,-0.61429,-0.73257,-0.73392,-0.71596,-0.54430,-0.65277,-0.68358
-0.75339,-0.76609,0.07687,-0.69153,-0.69528,-0.89716,-0.70149,-0.79234,-0.87726,-0.75542,-0.69340,-0.74317,-0.81387
-0.86633,-0.90669,0.10041,-0.88239,-0.84256,-1.06224,-0.86195,-0.86917,-1.06269,-0.87147,-0.80304,-0.80054,-1.01083
-0.96200,-0.95095,0.10001,-0.90995,-0.92631,-1.15219,-0.94306,-0.87233,-1.06907,-0.93044,-0.87717,-0.81830,-1.01074
-1.03844,-0.96562,0.12341,-0.92772,-0.90095,-1.19073,-0.99242,-0.87718,-1.11854,-0.87325,-0.84483,-0.85184,-1.07870
-1.09334,-1.00150,0.12807,-0.91423,-0.92975,-1.22857,-1.05779,-0.88766,-1.18308,-0.89971,-0.91251,-0.91166,-1.09000
-1.12518,-1.06176,0.14493,-0.91013,-1.06171,-1.31437,-1.07939,-0.93959,-1.24652,-0.94939,-0.97025,-0.94740,-1.19881
-1.13252,-1.07076,0.12481,-1.03755,-1.05344,-1.31796,-1.03328,-0.96744,-1.20176,-0.89396,-0.97954,-1.05854,-1.16409
-1.11538,-0.97119,0.09260,-0.91072,-0.95793,-1.17067,-0.94031,-0.94273,-0.99952,-0.92895,-0.81867,-0.99960,-1.04282
-1.07445,-0.91080,0.08819,-0.87005,-0.90836,-1.07253,-0.83146,-0.90166,-0.97243,-0.89192,-0.74921,-0.92712,-0.98331
-1.01085,-0.85502,0.07237,-0.75259,-0.82606,-0.94044,-0.81531,-0.87534,-0.95809,-0.78407,-0.79561,-0.86228,-0.94038
-0.92732,-0.79897,0.07755,-0.90360,-0.79104,-0.75540,-0.70434,-0.89327,-0.87058,-0.71964,-0.72133,-0.76339,-0.86716
-0.82657,-0.67008,0.07132,-0.77159,-0.59448,-0.57349,-0.60573,-0.66106,-0.75899,-0.72290,-0.63518,-0.64621,-0.73115
-0.71007,-0.38162,0.11185,-0.34728,-0.27970,-0.23582,-0.45714,-0.36261,-0.47894,-0.54643,-0.37042,-0.23360,-0.50425
-0.58072,-0.29196,0.14140,-0.16948,-0.24596,-0.07934,-0.32911,-0.22585,-0.52320,-0.46777,-0.27963,-0.18298,-0.41625
-0.44397,-0.12335,0.14387,-0.00458,0.11316,-0.01753,-0.22236,-0.18996,-0.13189,-0.39020,-0.22118,-0.02565,-0.14329
-0.30392,-0.07930,0.18905,-0.00532,0.14833,-0.01764,-0.18031,-0.10463,-0.06428,-0.51035,-0.19066,0.13337,-0.00151
-0.06593,-0.00645,0.20440,0.06503,0.07038,0.12286,-0.15234,-0.11388,-0.00559,-0.36519,-0.13074,0.40481,0.04018
0.00143,0.30209,0.21267,0.39486,0.31943,0.24101,0.12284,0.31045,0.34057,0.03824,0.22505,0.82661,0.20181
0.05620,0.20594,0.20637,0.17484,0.24632,0.16673,0.08945,0.14050,0.31901,-0.07109,0.18518,0.71463,0.09382
0.09900,0.28188,0.17970,0.40325,0.34377,0.24106,0.09702,0.25267,0.50314,0.01446,0.27954,0.57398,0.10991
0.12950,0.14887,0.12096,0.01837,0.32913,0.13232,0.06433,0.12246,0.30270,-0.01295,0.28853,0.16205,0.08177
0.22092,0.14982,0.11563,-0.03634,0.16120,0.14675,0.04775,0.12507,0.24388,0.05824,0.29833,0.33487,0.11850
0.14916,0.10419,0.08575,0.05824,0.04438,0.12919,0.00115,0.07165,0.21485,-0.01241,0.23787,0.16519,0.13183
0.06117,0.01931,0.12399,-0.00202,0.01894,0.14845,-0.03004,-0.00635,0.02460,-0.22303,0.23539,-0.06588,0.09300
-0.03873,-0.05334,0.13427,0.02382,-0.11796,0.11503,-0.01120,-0.13819,-0.31920,-0.06835,0.14178,-0.12668,-0.03246
-0.14776,-0.17250,0.12268,-0.06486,-0.23926,-0.09488,-0.12168,-0.19197,-0.42640,-0.24931,0.02200,-0.21199,-0.14665
-0.20182,-0.34210,0.12519,-0.14059,-0.47628,-0.18987,-0.34392,-0.25546,-0.53947,-0.43345,-0.29925,-0.35009,-0.39263
-0.38623,-0.64699,0.10119,-0.66180,-0.72072,-0.69057,-0.51551,-0.73071,-0.81469,-0.58312,-0.48086,-0.62457,-0.64736
-0.56856,-0.79736,0.10163,-0.77023,-0.92119,-0.79123,-0.67615,-0.83203,-0.92357,-0.93183,-0.75739,-0.69243,-0.67758
-0.74361,-0.84927,0.10850,-0.93642,-0.87295,-0.92212,-0.95161,-0.77681,-0.92069,-0.96958,-0.74329,-0.72374,-0.67549
-0.90340,-1.01317,0.12680,-1.17666,-1.05338,-1.04779,-1.12968,-0.85281,-1.09561,-1.12133,-0.88003,-0.82432,-0.95010
-0.96489,-1.14013,0.16748,-1.42541,-1.10616,-1.21554,-1.34886,-0.98911,-1.21167,-1.19132,-0.93108,-0.95961,-1.02256
-1.15349,-1.18713,0.13833,-1.34760,-1.14660,-1.37943,-1.39125,-1.17033,-1.11180,-1.17115,-0.99739,-1.08501,-1.07077
-1.31930,-1.28246,0.14929,-1.43093,-1.30339,-1.45112,-1.42838,-1.36330,-1.13242,-1.28508,-1.05633,-1.30904,-1.06460
-1.45183,-1.31575,0.15992,-1.34577,-1.40244,-1.46696,-1.43283,-1.47854,-1.13056,-1.40702,-1.08645,-1.34178,-1.06518
-1.55071,-1.39232,0.13672,-1.42032,-1.52522,-1.48377,-1.41557,-1.55810,-1.30519,-1.43563,-1.15104,-1.44359,-1.18472
-1.50678,-1.50886,0.13088,-1.50765,-1.57808,-1.60972,-1.43722,-1.68726,-1.62904,-1.53769,-1.31252,-1.50047,-1.28898
-1.61674,-1.59804,0.12771,-1.50845,-1.69029,-1.72535,-1.43994,-1.82344,-1.66639,-1.62094,-1.44247,-1.53006,-1.53305
-1.69639,-1.60703,0.13092,-1.42035,-1.61581,-1.75359,-1.45244,-1.84287,-1.67097,-1.65995,-1.56457,-1.51388,-1.57585
-1.74541,-1.64351,0.14827,-1.36120,-1.72965,-1.76939,-1.44268,-1.80479,-1.75673,-1.66428,-1.70251,-1.53728,-1.66661
-1.76365,-1.67183,0.17702,-1.40027,-1.84249,-1.72103,-1.45454,-1.88253,-1.78697,-1.58378,-1.88795,-1.59192,-1.56680
-1.75114,-1.70486,0.18801,-1.44520,-1.83871,-1.81883,-1.42595,-1.82982,-1.87312,-1.54182,-1.92513,-1.57204,-1.77802
-1.63941,-1.65162,0.21663,-1.43639,-1.64852,-1.90191,-1.38356,-1.67952,-1.82990,-1.54554,-2.05273,-1.49030,-1.54779
-1.63970,-1.55758,0.13587,-1.58111,-1.71401,-1.69896,-1.37236,-1.50300,-1.76111,-1.48131,-1.58633,-1.37734,-1.50026
-1.60952,-1.49577,0.14878,-1.49880,-1.65081,-1.66260,-1.35069,-1.57866,-1.54294,-1.48423,-1.63760,-1.26986,-1.28152
-1.54907,-1.36144,0.15668,-1.33979,-1.62909,-1.51173,-1.26495,-1.27070,-1.32801,-1.27696,-1.58073,-1.16061,-1.25179
-1.45880,-1.44942,0.16711,-1.50338,-1.75527,-1.49888,-1.27737,-1.52318,-1.30862,-1.22397,-1.59120,-1.29921,-1.51316
-1.23984,-1.35268,0.08839,-1.39587,-1.42719,-1.46205,-1.39129,-1.40384,-1.16099,-1.25424,-1.33722,-1.35358,-1.34055
-1.16345,-1.22952,0.11062,-1.28578,-1.29234,-1.35794,-1.09594,-1.26838,-1.25092,-1.24873,-0.97569,-1.25296,-1.26648
-1.06364,-1.07660,0.13153,-1.14744,-1.06334,-1.21756,-1.05486,-1.15554,-1.21775,-0.95259,-0.80906,-0.98162,-1.16623
-0.94407,-0.90552,0.12392,-1.06486,-0.81631,-1.09143,-0.79221,-0.92250,-0.96154,-0.90208,-0.70319,-0.81980,-0.98129
-0.80584,-0.82258,0.12281,-1.01884,-0.79929,-0.96117,-0.71453,-0.75230,-0.90682,-0.83575,-0.60069,-0.77179,-0.86462
-0.65294,-0.70691,0.12577,-0.88917,-0.71573,-0.81489,-0.54058,-0.63825,-0.76700,-0.62305,-0.52026,-0.71363,-0.84653
-0.49222,-0.47755,0.12263,-0.62968,-0.40085,-0.53743,-0.42888,-0.29621,-0.61109,-0.41014,-0.32639,-0.51213,-0.62267
-0.32771,-0.28763,0.07949,-0.31497,-0.27269,-0.22608,-0.26641,-0.16920,-0.41718,-0.28395,-0.27506,-0.23096,-0.41977
-0.16096,-0.20999,0.10598,-0.36116,-0.23344,-0.17051,-0.25146,-0.10226,-0.24759,0.00988,-0.21325,-0.20599,-0.32410
0.00289,0.04879,0.10253,-0.07722,0.08516,0.14534,0.15919,0.12819,0.09717,0.13026,-0.05984,-0.11053,-0.00980
0.15568,0.25519,0.11119,0.06009,0.33558,0.28018,0.28673,0.33384,0.24101,0.41585,0.32403,0.12364,0.15092
0.29330,0.31826,0.09060,0.21413,0.40367,0.37946,0.30262,0.37863,0.22903,0.43703,0.38535,0.27446,0.17818
0.41441,0.43283,0.09680,0.29389,0.50023,0.54950,0.53416,0.43390,0.31838,0.52291,0.46116,0.39646,0.31766
0.51426,0.43470,0.12362,0.29282,0.47640,0.58577,0.52415,0.40898,0.21393,0.61216,0.44395,0.41215,0.37669
0.58716,0.37129,0.14049,0.17533,0.51686,0.52195,0.53403,0.29055,0.27658,0.49314,0.42320,0.26955,0.21166
0.63179,0.41060,0.14377,0.19973,0.56852,0.58595,0.59287,0.38930,0.27709,0.46631,0.43846,0.33423,0.25357
0.63185,0.40676,0.19369,0.16270,0.69987,0.67325,0.50987,0.40318,0.19781,0.49687,0.44294,0.20783,0.27323
0.65647,0.41664,0.16861,0.19689,0.65154,0.71656,0.44551,0.43683,0.19883,0.34270,0.44152,0.40630,0.32974
0.65286,0.39514,0.17858,0.11926,0.52790,0.72954,0.47592,0.46467,0.29075,0.19243,0.44507,0.43056,0.27527
0.62076,0.27144,0.17771,0.08306,0.56265,0.40230,0.38369,0.43827,0.20171,0.10543,0.33636,0.17561,0.02535
0.51487,0.20153,0.17165,0.02121,0.35021,0.29908,0.33114,0.26636,0.18361,0.18586,0.28812,0.29276,-0.20301
0.46885,0.23461,0.12214,0.07938,0.49521,0.28881,0.31944,0.20594,0.21033,0.16317,0.23500,0.27021,0.07862
0.40205,0.26454,0.08590,0.23286,0.43816,0.31483,0.26612,0.30313,0.21606,0.27759,0.20115,0.28655,0.10893
0.31407,0.17579,0.09481,-0.02227,0.19818,0.19076,0.27796,0.22203,0.21200,0.24829,0.23404,0.15528,0.04167
0.20765,0.01963,0.08819,-0.07375,-0.04491,0.08570,0.19583,0.01497,0.05398,0.10169,-0.02674,-0.06957,-0.04086
0.04649,-0.08481,0.10127,-0.08218,-0.16770,0.09558,0.05641,-0.09763,-0.22239,-0.02916,-0.16330,-0.15250,-0.08518
-0.04675,-0.18281,0.12035,-0.16438,-0.22063,-0.00774,0.00024,-0.16740,-0.41803,-0.20674,-0.27142,-0.17162,-0.20035
-0.14559,-0.34354,0.12402,-0.49709,-0.35446,-0.22281,-0.19730,-0.20037,-0.51091,-0.37739,-0.31321,-0.26821,-0.49363
-0.24999,-0.47829,0.14633,-0.62987,-0.69615,-0.39105,-0.33386,-0.34710,-0.62071,-0.41512,-0.37777,-0.34055,-0.63073
-0.35672,-0.47470,0.12798,-0.49967,-0.67848,-0.32951,-0.34891,-0.40996,-0.64286,-0.45493,-0.38875,-0.38058,-0.61341
-0.49031,-0.58766,0.12694,-0.65427,-0.78598,-0.48222,-0.46870,-0.57490,-0.75018,-0.53392,-0.42038,-0.50800,-0.69804
-0.55009,-0.69692,0.09140,-0.78106,-0.82435,-0.69220,-0.54657,-0.71797,-0.76761,-0.69790,-0.54685,-0.67211,-0.72257
-0.60170,-0.71321,0.10060,-0.81552,-0.85608,-0.64209,-0.61850,-0.74227,-0.83407,-0.65038,-0.56257,-0.66079,-0.74986
-0.64408,-0.71978,0.08124,-0.72097,-0.84194,-0.64752,-0.71353,-0.74398,-0.86109,-0.61181,-0.66051,-0.66245,-0.73398
-0.67491,-0.71135,0.13115,-0.83249,-0.86452,-0.57153,-0.79582,-0.74460,-0.83552,-0.46377,-0.63344,-0.63693,-0.73485
-0.70406,-0.76723,0.09162,-0.88045,-0.84267,-0.72127,-0.73161,-0.85845,-0.75199,-0.88085,-0.68402,-0.62527,-0.69570
-0.67146,-0.77167,0.07749,-0.93065,-0.68910,-0.84259,-0.78330,-0.78997,-0.78858,-0.78668,-0.68582,-0.68794,-0.73212
-0.62599,-0.65611,0.06501,-0.77017,-0.58236,-0.68895,-0.65020,-0.66842,-0.67026,-0.71912,-0.55810,-0.58916,-0.66434
-0.57062,-0.61420,0.05152,-0.66211,-0.57352,-0.56725,-0.70512,-0.56890,-0.66143,-0.64775,-0.58720,-0.55651,-0.61224
-0.53577,-0.51031,0.08815,-0.49135,-0.30655,-0.59889,-0.54964,-0.50810,-0.52610,-0.60819,-0.52951,-0.42990,-0.55489
-0.42724,-0.38143,0.08705,-0.40812,-0.18853,-0.42537,-0.39652,-0.32300,-0.45928,-0.43876,-0.37099,-0.31696,-0.48677
-0.31269,-0.32846,0.09030,-0.36557,-0.18206,-0.43962,-0.36955,-0.23435,-0.35525,-0.37651,-0.28468,-0.23240,-0.44465
-0.19869,-0.18636,0.07359,-0.15369,-0.04483,-0.24920,-0.20091,-0.14477,-0.13795,-0.28820,-0.24931,-0.14822,-0.24652
-0.08875,-0.14754,0.08030,-0.25016,-0.11283,-0.20835,-0.08467,-0.12030,-0.02129,-0.25354,-0.21650,-0.13669,-0.07106
0.00098,-0.03087,0.11100,-0.22954,0.07691,0.04917,0.01233,-0.09328,0.07585,0.07098,-0.14547,-0.13597,0.01036
0.13373,0.23747,0.06370,0.14716,0.24351,0.30579,0.28068,0.31055,0.21836,0.29992,0.13120,0.22865,0.20887
0.25324,0.28478,0.07705,0.14963,0.36313,0.32008,0.34768,0.34152,0.22702,0.34676,0.32494,0.18475,0.24228
0.35458,0.41200,0.08616,0.21753,0.49783,0.41836,0.48064,0.37857,0.48507,0.40302,0.37842,0.36494,0.49558
0.39397,0.55781,0.12337,0.31682,0.60287,0.71401,0.63924,0.46248,0.64189,0.60079,0.46426,0.47067,0.66503
0.48903,0.47909,0.10445,0.32040,0.57190,0.63618,0.60579,0.46680,0.40969,0.47926,0.39531,0.38104,0.52451
0.55959,0.56876,0.13705,0.31697,0.63343,0.76894,0.71123,0.50898,0.59433,0.56517,0.43295,0.48231,0.67329
0.60259,0.63370,0.18236,0.36954,0.97067,0.80131,0.75310,0.52611,0.65956,0.57325,0.45843,0.49832,0.72677
0.61640,0.47987,0.14183,0.19157,0.69231,0.61057,0.53482,0.47533,0.56718,0.45799,0.42496,0.50820,0.33582
0.57168,0.41957,0.15949,0.09615,0.68932,0.40797,0.52720,0.54310,0.38728,0.37363,0.40284,0.48060,0.28757
0.56575,0.43787,0.20331,0.13022,0.85956,0.50370,0.56036,0.51502,0.50220,0.31667,0.30648,0.44190,0.24256
0.53363,0.35254,0.18481,0.10801,0.66251,0.44092,0.43535,0.40076,0.22712,0.20500,0.33118,0.57696,0.13757
0.47503,0.35431,0.16076,0.09886,0.62131,0.41683,0.34948,0.44084,0.28334,0.33842,0.34656,0.52049,0.12698
0.39185,0.29610,0.12708,0.11724,0.47193,0.36468,0.28013,0.37095,0.23069,0.18779,0.34425,0.46030,0.13301
0.27049,0.16204,0.08805,0.10307,0.29032,0.22341,0.18416,0.08407,0.18634,0.06263,0.29633,0.12686,0.06321
0.18604,0.11664,0.05495,0.07192,0.13149,0.09298,0.15499,0.04486,0.17763,0.04041,0.18182,0.17581,0.09448
0.08640,-0.00545,0.07989,-0.04565,0.00704,0.10727,0.00614,-0.02357,0.07840,-0.18397,0.01337,-0.04704,0.03350
-0.02672,-0.07213,0.10585,-0.04329,0.04919,0.05277,-0.09300,-0.13081,-0.06801,-0.32467,-0.07977,-0.03363,-0.05012
-0.19058,-0.22877,0.10962,-0.17957,-0.15761,-0.09028,-0.29191,-0.17937,-0.38154,-0.41265,-0.10672,-0.20847,-0.27963
-0.27837,-0.33328,0.12042,-0.20139,-0.28032,-0.27485,-0.36411,-0.22951,-0.51287,-0.42675,-0.24736,-0.25915,-0.53652
-0.36676,-0.45354,0.10865,-0.36880,-0.46342,-0.45616,-0.45795,-0.29382,-0.63251,-0.50771,-0.37797,-0.36549,-0.61163
-0.45447,-0.50081,0.09773,-0.47578,-0.54805,-0.48642,-0.47894,-0.36669,-0.64103,-0.55830,-0.37297,-0.43498,-0.64495
-0.53723,-0.57969,0.08671,-0.48003,-0.70617,-0.52917,-0.57669,-0.45843,-0.67438,-0.56550,-0.54500,-0.56411,-0.69740
-0.63497,-0.75811,0.11805,-0.65102,-0.96699,-0.71902,-0.76819,-0.60363,-0.77302,-0.93739,-0.72693,-0.65348,-0.78148
-0.66167,-0.76879,0.06774,-0.69119,-0.90570,-0.74557,-0.77590,-0.71348,-0.80756,-0.83610,-0.75379,-0.68742,-0.77121
-0.67535,-0.84074,0.08548,-0.76446,-0.98301,-0.75163,-0.87830,-0.82674,-0.95737,-0.84769,-0.73701,-0.77792,-0.88323
-0.67601,-0.87229,0.07901,-0.84980,-0.99199,-0.85464,-0.90870,-0.89679,-0.92417,-0.86285,-0.73227,-0.76194,-0.93976
-0.70076,-0.86192,0.06809,-0.88315,-0.83772,-0.88766,-0.92852,-0.79796,-0.95017,-0.90900,-0.74374,-0.78306,-0.89819
-0.63751,-0.80039,0.09106,-0.80524,-0.73471,-0.98095,-0.76516,-0.71836,-0.85431,-0.90447,-0.69435,-0.73289,-0.81345
-0.56127,-0.64620,0.04544,-0.59967,-0.62506,-0.68428,-0.66909,-0.57353,-0.70290,-0.68319,-0.59662,-0.64091,-0.68674
-0.47612,-0.48762,0.11074,-0.42888,-0.29725,-0.65305,-0.45527,-0.38320,-0.56541,-0.58991,-0.56155,-0.40444,-0.53728
-0.38401,-0.33971,0.09650,-0.36171,-0.18300,-0.47895,-0.35366,-0.24292,-0.44946,-0.39614,-0.36406,-0.22157,-0.34563
-0.30233,-0.19574,0.05698,-0.18574,-0.11041,-0.14747,-0.29041,-0.18455,-0.23947,-0.23980,-0.25095,-0.14785,-0.16071
-0.16762,-0.12967,0.11211,-0.21839,-0.15491,-0.11163,-0.26633,0.01170,-0.02638,-0.22054,-0.22981,-0.14184,0.06143
-0.03770,-0.02820,0.09216,-0.13601,0.01870,0.06159,-0.03991,0.01816,0.05456,-0.04042,-0.18697,-0.11524,0.08357
0.08287,0.03171,0.10126,-0.04392,-0.09417,0.19225,0.07463,0.05912,0.11830,0.07509,-0.10600,-0.06211,0.10389
0.15379,0.27231,0.11556,0.04805,0.31818,0.38758,0.46319,0.33575,0.21566,0.28367,0.24716,0.24931,0.17455
0.28453,0.34085,0.10984,0.10444,0.48437,0.33368,0.45041,0.41615,0.26576,0.35661,0.35812,0.37977,0.25921
0.39559,0.56483,0.15636,0.33287,0.63609,0.78170,0.81225,0.51895,0.52739,0.44423,0.38706,0.61413,0.59361
0.48230,0.41234,0.14996,0.24393,0.57893,0.37209,0.68743,0.48092,0.32029,0.36018,0.37800,0.49968,0.20193
0.54283,0.47333,0.20028,0.30409,0.56515,0.38767,0.94398,0.47349,0.26601,0.49159,0.37174,0.60854,0.32109
0.57473,0.56690,0.17551,0.31126,0.66694,0.56175,0.92768,0.55045,0.44233,0.47256,0.41309,0.71369,0.60926
0.57670,0.42865,0.19304,0.21805,0.67051,0.39673,0.70227,0.50637,0.24678,0.36121,0.32149,0.65684,0.20630
0.54950,0.34158,0.16441,0.09561,0.50727,0.35954,0.35959,0.43496,0.13687,0.38060,0.31557,0.62700,0.19881
0.49438,0.33777,0.17657,0.02629,0.52663,0.35966,0.41308,0.43589,0.20513,0.36077,0.27281,0.61743,0.16004
0.41408,0.27947,0.19163,0.04880,0.54656,0.33733,0.39497,0.23716,0.17500,0.13416,0.31818,0.57789,0.02470
0.31072,0.15315,0.12993,-0.01476,0.37416,0.26192,0.09585,0.07419,0.09349,0.04452,0.25427,0.29035,0.05755
0.18900,0.05350,0.10361,-0.03383,0.09188,0.18387,0.02543,0.05144,-0.06042,-0.10159,0.17189,0.18606,0.02023
0.05153,-0.01439,0.09754,-0.00451,0.03977,0.17499,0.00757,-0.11621,-0.17530,-0.04032,0.06425,-0.06941,-0.02475
-0.09584,-0.21822,0.09414,-0.10356,-0.14283,-0.14589,-0.28406,-0.23094,-0.43238,-0.25158,-0.15780,-0.19977,-0.23338
-0.24875,-0.36415,0.08773,-0.27400,-0.34418,-0.29158,-0.40141,-0.27270,-0.49334,-0.44397,-0.32458,-0.30084,-0.49488
-0.40399,-0.43770,0.09827,-0.25432,-0.43467,-0.37122,-0.47839,-0.43380,-0.50087,-0.57661,-0.32502,-0.46120,-0.54092
-0.55627,-0.59307,0.09876,-0.36129,-0.60977,-0.68988,-0.55581,-0.66493,-0.60292,-0.68625,-0.50936,-0.62371,-0.62676
-0.70043,-0.71635,0.08185,-0.54223,-0.68191,-0.83884,-0.65528,-0.75608,-0.77611,-0.76608,-0.67876,-0.72006,-0.74809
-0.82988,-0.85868,0.09744,-0.72509,-0.87036,-0.95123,-0.79928,-0.86683,-1.02101,-0.86793,-0.74880,-0.77698,-0.95931
-0.94059,-0.90889,0.10995,-0.81419,-0.85919,-1.10337,-0.93685,-0.82815,-1.06521,-0.94096,-0.81866,-0.77725,-0.94504
-1.03004,-0.98106,0.10380,-0.91483,-0.94338,-1.14140,-0.98216,-0.87111,-1.16361,-0.96472,-0.99055,-0.84170,-0.99717
-1.09457,-0.99665,0.11942,-0.87932,-0.93982,-1.23450,-1.01116,-0.88431,-1.14374,-0.99757,-0.98115,-0.86021,-1.03474
-1.13118,-1.05014,0.14249,-0.91613,-0.99498,-1.34462,-1.06003,-0.94200,-1.23614,-0.94587,-0.93839,-1.01157,-1.11168
-1.13936,-1.01606,0.15881,-0.84264,-0.92541,-1.33291,-1.03965,-0.90492,-1.17185,-0.92612,-0.86871,-0.98889,-1.15952
-1.11948,-0.93346,0.15607,-0.85343,-0.89158,-1.24650,-0.83971,-0.88861,-1.08064,-0.83936,-0.71562,-0.89476,-1.08444
-1.07239,-0.70153,0.12601,-0.60415,-0.71446,-0.96935,-0.63593,-0.66414,-0.73351,-0.73513,-0.47681,-0.74713,-0.73472
-1.00047,-0.65228,0.10701,-0.51374,-0.69245,-0.82326,-0.59476,-0.64910,-0.68453,-0.69786,-0.45140,-0.71299,-0.70274
-0.90569,-0.67201,0.10401,-0.49211,-0.72174,-0.83540,-0.62036,-0.65059,-0.70923,-0.68275,-0.52553,-0.75048,-0.73196
-0.72432,-0.69390,0.12216,-0.50516,-0.82354,-0.82807,-0.60665,-0.70432,-0.74905,-0.66901,-0.49945,-0.79825,-0.75553
-0.71139,-0.54333,0.10605,-0.38058,-0.51263,-0.65678,-0.52753,-0.54392,-0.63084,-0.56953,-0.35305,-0.60303,-0.65540
-0.68825,-0.33416,0.10089,-0.15394,-0.32337,-0.36271,-0.31875,-0.22643,-0.49332,-0.44907,-0.27580,-0.33770,-0.40053
-0.65246,-0.31551,0.11058,-0.07694,-0.32543,-0.29553,-0.34444,-0.22130,-0.47299,-0.35734,-0.28722,-0.33521,-0.43872
-0.60499,-0.36779,0.08742,-0.24545,-0.41236,-0.40358,-0.39305,-0.26447,-0.49490,-0.42935,-0.27355,-0.30958,-0.45160
-0.50098,-0.51210,0.11626,-0.31923,-0.56773,-0.49570,-0.44433,-0.47054,-0.66598,-0.48640,-0.38703,-0.66454,-0.61956
-0.55348,-0.50935,0.09803,-0.42055,-0.58244,-0.56300,-0.42934,-0.40570,-0.64594,-0.52055,-0.35949,-0.60651,-0.55996
-0.59971,-0.47224,0.10016,-0.42643,-0.51838,-0.47942,-0.40500,-0.28427,-0.59520,-0.62748,-0.39678,-0.48405,-0.50540
-0.63607,-0.48030,0.10018,-0.27737,-0.57913,-0.39162,-0.50240,-0.46040,-0.56276,-0.60622,-0.43491,-0.44150,-0.54673
-0.52515,-0.64476,0.08524,-0.56335,-0.76882,-0.70824,-0.52836,-0.66874,-0.68268,-0.76116,-0.59117,-0.56747,-0.60757
-0.65760,-0.87077,0.11590,-1.03657,-0.95908,-0.94207,-0.71348,-0.81363,-0.97409,-0.95403,-0.80480,-0.71166,-0.79831
-0.78083,-0.96561,0.19853,-1.16383,-1.08698,-1.00401,-0.75382,-0.82746,-1.07281,-1.32815,-0.90997,-0.76286,-0.74617
-0.88707,-0.90197,0.14051,-1.03108,-1.03764,-0.99014,-0.79956,-0.79021,-0.94909,-1.11753,-0.84588,-0.74308,-0.71549
-0.97451,-0.89205,0.09185,-0.94190,-0.89035,-1.04740,-0.95354,-0.81575,-0.90436,-0.98757,-0.79579,-0.81546,-0.76834
-0.90552,-1.02882,0.10177,-1.08659,-1.02731,-1.10170,-1.21380,-0.89215,-1.09306,-1.04047,-0.96998,-0.88141,-0.98177
-1.06325,-1.10737,0.10946,-1.17748,-1.08650,-1.19267,-1.33107,-1.02353,-1.13938,-1.13057,-0.99897,-0.98322,-1.01031
-1.19799,-1.17989,0.11868,-1.19910,-1.17447,-1.30918,-1.33651,-1.16337,-1.27665,-1.24854,-1.07406,-1.02895,-0.98807
-1.30136,-1.09189,0.14563,-0.99232,-1.19295,-1.10456,-1.34755,-1.20156,-1.03249,-1.21331,-1.01122,-0.95222,-0.87075
-1.36984,-1.34790,0.09397,-1.26358,-1.49606,-1.34316,-1.37549,-1.48786,-1.34996,-1.39638,-1.23229,-1.29233,-1.24190
-1.23909,-1.47779,0.09537,-1.30006,-1.63553,-1.50718,-1.40913,-1.57108,-1.50931,-1.47489,-1.53221,-1.40708,-1.43141
-1.35550,-1.44728,0.12755,-1.23441,-1.55919,-1.52758,-1.38337,-1.50334,-1.58362,-1.43538,-1.58000,-1.41177,-1.25415
-1.44311,-1.50840,0.12130,-1.31805,-1.59424,-1.61192,-1.36954,-1.60752,-1.68688,-1.48675,-1.55803,-1.40993,-1.44119
-1.49436,-1.32756,0.12860,-1.16138,-1.37808,-1.38502,-1.35784,-1.39829,-1.50808,-1.35541,-1.37783,-1.29535,-1.05827
-1.51149,-1.39736,0.10923,-1.19575,-1.49882,-1.42932,-1.37227,-1.49964,-1.45240,-1.33798,-1.55199,-1.29346,-1.34195
-1.49505,-1.34087,0.08498,-1.14444,-1.37665,-1.45111,-1.30668,-1.40513,-1.32890,-1.35146,-1.41751,-1.31823,-1.30863
-1.35730,-1.29210,0.11577,-1.12744,-1.26542,-1.47942,-1.32080,-1.18621,-1.46152,-1.27905,-1.35878,-1.25501,-1.18733
-1.39004,-1.26908,0.16254,-1.37746,-1.10152,-1.52492,-1.29796,-1.07767,-1.52441,-1.23936,-1.23102,-1.19653,-1.11995
-1.38956,-1.04801,0.12500,-1.06189,-0.91025,-1.20235,-1.13938,-0.93192,-1.22424,-1.15761,-0.97915,-0.89674,-0.97654
-1.35606,-0.99685,0.10493,-1.00440,-0.87529,-1.14608,-1.04704,-0.85734,-1.14382,-1.05720,-1.01215,-0.89970,-0.92551
-1.28989,-1.02409,0.09399,-0.99908,-0.96832,-1.19528,-1.05450,-0.86931,-1.14157,-1.00417,-1.06524,-0.98201,-0.96144
-1.06650,-0.96987,0.09267,-0.98443,-0.88531,-1.12192,-1.02593,-0.85800,-1.07292,-0.89239,-0.90917,-0.90081,-1.04780
-1.06062,-0.93411,0.10909,-0.98516,-0.89793,-1.12759,-0.90733,-0.77446,-1.04029,-0.79961,-0.88122,-0.91065,-1.01682
-1.03462,-0.71185,0.09100,-0.58207,-0.70033,-0.86145,-0.66926,-0.65759,-0.83318,-0.73656,-0.59617,-0.74024,-0.74169
-0.98511,-0.58484,0.10016,-0.40857,-0.61740,-0.63823,-0.60385,-0.53216,-0.62654,-0.63965,-0.41669,-0.68264,-0.68270
-0.91439,-0.62193,0.10927,-0.38240,-0.67694,-0.66814,-0.64338,-0.59153,-0.70044,-0.62311,-0.49006,-0.72880,-0.71445
-0.68095,-0.72355,0.13649,-0.79095,-0.89647,-0.69017,-0.61788,-0.62522,-0.92149,-0.57697,-0.52501,-0.77596,-0.81540
-0.68905,-0.68805,0.13640,-0.65662,-0.77245,-0.64577,-0.58343,-0.61923,-0.94146,-0.54465,-0.52030,-0.75013,-0.84643
-0.68951,-0.46221,0.10325,-0.41725,-0.41370,-0.37719,-0.48800,-0.37342,-0.61548,-0.49340,-0.31250,-0.50421,-0.62697
-0.67800,-0.44096,0.11289,-0.40534,-0.44148,-0.27509,-0.43663,-0.39532,-0.56470,-0.51834,-0.27088,-0.48239,-0.61945
-0.65411,-0.42599,0.11155,-0.29075,-0.38079,-0.32893,-0.46146,-0.36716,-0.53159,-0.50342,-0.30661,-0.44981,-0.63941
-0.48775,-0.64253,0.14878,-0.55708,-0.77742,-0.60133,-0.51756,-0.54949,-0.86666,-0.56443,-0.43792,-0.69436,-0.85902
-0.56144,-0.66045,0.12908,-0.59150,-0.80239,-0.62899,-0.56047,-0.57516,-0.86402,-0.57907,-0.48322,-0.69840,-0.82132
-0.63046,-0.79672,0.14695,-0.76989,-0.97999,-0.84153,-0.63738,-0.69376,-0.98621,-0.72602,-0.57202,-0.78879,-0.97162
-0.68929,-0.88093,0.15764,-0.88936,-1.09421,-0.88636,-0.73740,-0.74905,-1.08407,-0.78949,-0.65406,-0.84943,-1.07581
-0.73553,-0.85188,0.13473,-0.81720,-1.02628,-0.90621,-0.70730,-0.73386,-1.01448,-0.78416,-0.65076,-0.87911,-0.99941
-0.76700,-0.87656,0.13278,-0.80014,-1.05349,-0.88241,-0.71256,-0.75057,-1.03494,-0.83155,-0.72466,-0.94368,-1.03158
-0.78265,-0.94635,0.14542,-0.85873,-1.19017,-1.01465,-0.76355,-0.83308,-1.09869,-0.87837,-0.78395,-0.96245,-1.07987
-0.78207,-0.89674,0.16232,-0.98792,-1.20716,-0.91454,-0.63462,-0.81413,-0.91465,-0.86910,-0.70338,-0.89068,-1.03122
-0.76530,-0.87740,0.14738,-0.96177,-1.15278,-0.73705,-0.64571,-0.83630,-0.90736,-0.86014,-0.73796,-0.95040,-0.98456
-0.73280,-0.83964,0.18570,-0.83164,-1.23849,-0.62814,-0.61127,-0.84181,-0.88204,-0.90880,-0.65470,-0.84352,-0.95596
-0.68586,-0.94713,0.20570,-1.01606,-1.44598,-0.73789,-0.80552,-0.90153,-0.91250,-1.08470,-0.77099,-0.84653,-0.94957
-0.62606,-0.71391,0.15806,-0.94430,-0.91897,-0.50963,-0.59677,-0.59251,-0.74920,-0.84810,-0.56048,-0.61817,-0.80092
-0.55489,-0.85745,0.30645,-1.02194,-1.55386,-0.61186,-0.67290,-0.64828,-0.79399,-1.12307,-0.58778,-0.64644,-0.91432
-0.47457,-0.70955,0.41365,-0.88127,-1.67644,-0.39944,-0.45145,-0.34063,-0.67494,-0.96873,-0.55329,-0.30305,-0.84629
-0.38834,-0.57544,0.38115,-0.59770,-1.41646,-0.24881,-0.31777,-0.44676,-0.55496,-0.91659,-0.30796,-0.15668,-0.79067
-0.29905,-0.46735,0.28671,-0.50224,-1.06612,-0.13159,-0.34890,-0.20193,-0.65305,-0.60214,-0.31520,-0.19850,-0.65386
-0.20884,-0.31904,0.25907,-0.38466,-0.55509,-0.38106,-0.32066,-0.18509,-0.56587,0.24038,-0.18521,-0.19494,-0.65821
-0.12066,-0.27377,0.26332,-0.26405,-0.29421,-0.26778,-0.28143,-0.18310,-0.50943,0.16648,-0.12110,-0.13959,-0.84344
-0.03839,-0.41795,0.39790,-0.47413,-0.59579,-0.42580,-0.45518,-0.29320,-0.86221,0.44153,-0.32796,-0.16478,-1.02199
0.03503,0.56040,1.54376,-0.17178,-1.27662,-0.67496,0.75599,1.91970,-1.27177,2.70187,0.70857,-0.05270,2.96567
0.09769,2.79189,1.63474,2.11728,3.04935,-0.51773,4.42186,3.33754,1.96229,3.74491,4.59892,1.07122,4.13331
0.14724,3.76827,1.60793,3.06669,3.84852,0.03759,5.08751,3.19704,4.81019,4.85328,5.45800,2.75502,4.56889
0.18124,4.24789,1.51027,4.12242,4.76556,0.99375,5.30194,3.07413,6.47520,4.46643,5.24702,3.29098,4.74153
0.19850,4.07968,1.01424,4.44807,4.44831,3.11331,4.48858,2.60752,6.32789,3.75123,4.08176,3.34198,4.18812
0.19851,4.17194,1.05752,5.39812,4.41163,4.41568,4.66069,2.37532,6.02155,3.44689,3.41372,3.50373,4.07208
0.18132,4.28283,0.95869,4.37191,4.51693,4.68040,5.05531,2.45796,6.00972,4.28505,4.31192,3.32103,3.81807
0.14754,3.94717,0.90070,3.44341,4.45562,3.22978,4.01694,2.90213,5.90448,3.14431,4.75547,3.88300,3.73650
0.09839,1.85856,0.77052,0.81359,2.29458,1.35240,1.88212,0.59693,3.13394,1.74288,2.20565,2.49876,2.06474
0.03515,0.11756,0.10368,-0.03474,0.19268,0.12195,0.11758,0.26126,0.23122,-0.00677,0.13686,-0.00974,0.16527
-0.04015,0.02823,0.06368,-0.02487,0.12024,0.01144,0.02433,-0.01846,0.07618,0.01587,0.07401,-0.08983,0.09343
-0.12543,-0.17766,0.10257,-0.06819,0.00150,-0.09863,-0.21559,-0.17986,-0.28983,-0.34919,-0.18925,-0.20503,-0.18256
-0.21709,-0.26773,0.11776,-0.13763,-0.14940,-0.13510,-0.29025,-0.21409,-0.43382,-0.40338,-0.25965,-0.22742,-0.42658
-0.31162,-0.38619,0.12654,-0.27407,-0.31035,-0.23527,-0.37332,-0.28110,-0.54924,-0.45896,-0.34848,-0.40369,-0.62743
-0.40737,-0.47602,0.12200,-0.28719,-0.48387,-0.46751,-0.51515,-0.33235,-0.53813,-0.63815,-0.32805,-0.57391,-0.59587
-0.50146,-0.54371,0.12382,-0.34852,-0.61543,-0.45531,-0.54956,-0.49745,-0.66013,-0.66039,-0.35642,-0.62236,-0.67150
-0.58889,-0.60573,0.11827,-0.38369,-0.65250,-0.64247,-0.57433,-0.58955,-0.76476,-0.68955,-0.42720,-0.65691,-0.67638
-0.66614,-0.72874,0.11843,-0.53063,-0.91194,-0.76251,-0.66142,-0.69994,-0.88083,-0.77013,-0.58280,-0.75667,-0.73057
-0.73183,-0.76805,0.11792,-0.55952,-0.92722,-0.88793,-0.77485,-0.71334,-0.89404,-0.77234,-0.61644,-0.77166,-0.76315
-0.78358,-0.81321,0.11533,-0.62629,-0.93427,-0.99588,-0.84431,-0.73902,-0.86697,-0.86104,-0.65673,-0.81844,-0.78911
-0.81814,-0.90183,0.12135,-0.79939,-0.96856,-1.07777,-0.89502,-0.82720,-1.02602,-0.87256,-0.65795,-0.97140,-0.92237
-0.83411,-0.85534,0.12771,-0.71548,-0.89837,-1.05914,-0.74339,-0.80435,-0.94811,-0.86536,-0.64678,-0.89475,-0.97763
-0.83119,-0.81827,0.12303,-0.63010,-0.81768,-0.99707,-0.73506,-0.82438,-0.95461,-0.78069,-0.64921,-0.87551,-0.91839
-0.80950,-0.88083,0.10110,-0.86271,-0.86496,-1.01978,-0.78442,-0.95767,-0.97915,-0.79301,-0.69298,-0.92785,-0.92578
-0.76987,-0.82448,0.08992,-0.79185,-0.82723,-0.93095,-0.74469,-0.95838,-0.91087,-0.73254,-0.68911,-0.79981,-0.85939
-0.71377,-0.74071,0.10120,-0.80083,-0.54319,-0.82374,-0.69735,-0.88106,-0.82498,-0.73562,-0.62591,-0.71793,-0.75644
-0.64237,-0.51111,0.11158,-0.58067,-0.30485,-0.56752,-0.50033,-0.62736,-0.58135,-0.52928,-0.33384,-0.47532,-0.61060
-0.55773,-0.33323,0.12552,-0.21556,-0.22577,-0.22514,-0.49246,-0.51475,-0.48613,-0.39366,-0.29164,-0.27185,-0.21538
-0.46384,-0.28846,0.11524,-0.13816,-0.17511,-0.18962,-0.42425,-0.45086,-0.44635,-0.30076,-0.25422,-0.27109,-0.23417
-0.36419,-0.19800,0.10423,-0.10253,-0.11853,-0.14679,-0.30875,-0.24676,-0.40620,-0.19385,-0.21102,-0.19432,-0.05124
-0.15821,-0.23659,0.09541,-0.18395,-0.13614,-0.20020,-0.34116,-0.28358,-0.43503,-0.25761,-0.21820,-0.17888,-0.13119
-0.14662,-0.03446,0.07362,-0.07408,0.06163,-0.05852,-0.09763,-0.13910,0.05631,-0.09219,-0.01327,-0.05360,0.06586
-0.14364,-0.04237,0.06311,-0.02144,-0.06657,-0.03970,-0.01465,-0.06793,-0.06174,-0.15672,0.05274,-0.09531,0.04760
-0.14634,0.06139,0.09085,0.02152,0.07751,0.00507,0.01626,0.09682,0.15276,-0.09129,0.21045,-0.01532,0.14016
-0.15449,-0.07804,0.08161,-0.00873,-0.00013,-0.06821,-0.10325,-0.09751,-0.07138,-0.26064,-0.03442,-0.14702,0.01086
-0.11879,-0.19753,0.13364,-0.04406,-0.03840,-0.05927,-0.32197,-0.17285,-0.37453,-0.35757,-0.10197,-0.20458,-0.30014
-0.22635,-0.24627,0.11706,-0.07878,-0.17697,-0.14040,-0.29379,-0.22642,-0.43769,-0.38246,-0.12834,-0.26752,-0.33032
-0.33910,-0.26075,0.11001,-0.12203,-0.23682,-0.24317,-0.28451,-0.25250,-0.25033,-0.51513,-0.12453,-0.24941,-0.32909
-0.45117,-0.23269,0.14699,0.02403,-0.23745,-0.15206,-0.34654,-0.26787,-0.17255,-0.53861,-0.15918,-0.28907,-0.18763
-0.46050,-0.52933,0.08252,-0.45587,-0.50265,-0.43831,-0.53346,-0.53871,-0.49760,-0.68964,-0.43925,-0.63276,-0.56501
-0.64559,-0.78591,0.07353,-0.78716,-0.81394,-0.77029,-0.67996,-0.80230,-0.88231,-0.91829,-0.75853,-0.74183,-0.70454
-0.82043,-0.83698,0.09700,-0.89140,-0.85776,-0.86538,-0.78748,-0.82347,-0.96449,-0.97277,-0.79190,-0.76937,-0.64583
-0.97830,-0.79026,0.14605,-0.70114,-0.81977,-0.88575,-0.94249,-0.83800,-0.81982,-0.99594,-0.66760,-0.73782,-0.49427
-1.11246,-0.99467,0.10505,-0.92857,-1.08310,-1.03117,-1.14598,-0.87888,-1.02755,-1.13459,-0.96254,-0.88652,-0.86775
-1.12600,-1.19481,0.09847,-1.09139,-1.17869,-1.11837,-1.23826,-1.13362,-1.38358,-1.34361,-1.13953,-1.13174,-1.18927
-1.28556,-1.20929,0.11466,-1.08468,-1.24813,-1.16162,-1.25992,-1.29929,-1.38646,-1.34223,-1.11226,-1.15208,-1.04620
-1.41439,-1.22381,0.12454,-1.08474,-1.31267,-1.19381,-1.26773,-1.40231,-1.30496,-1.37040,-1.06611,-1.15073,-1.08461
-1.50532,-1.32097,0.13622,-1.11191,-1.28443,-1.38821,-1.31534,-1.45205,-1.53158,-1.40825,-1.11334,-1.25521,-1.34938
-1.55909,-1.44908,0.12566,-1.25135,-1.45327,-1.45242,-1.41910,-1.56776,-1.64962,-1.43471,-1.29604,-1.37884,-1.58773
-1.48083,-1.52035,0.14489,-1.30324,-1.36993,-1.59286,-1.41990,-1.69622,-1.74501,-1.48909,-1.45740,-1.48279,-1.64710
-1.55091,-1.52899,0.14260,-1.43831,-1.37321,-1.58707,-1.33977,-1.72558,-1.75758,-1.46074,-1.48827,-1.48143,-1.63790
-1.58605,-1.41222,0.15557,-1.29408,-1.32991,-1.65156,-1.29380,-1.46950,-1.69667,-1.39177,-1.22521,-1.33645,-1.43323
-1.58626,-1.42754,0.20744,-1.30250,-1.31144,-1.65082,-1.21622,-1.32274,-1.86972,-1.36003,-1.46894,-1.23240,-1.54061
-1.55180,-1.28545,0.17065,-1.11594,-1.28955,-1.52976,-1.19083,-1.11251,-1.63654,-1.28585,-1.19437,-1.23150,-1.26762
-1.37974,-1.28061,0.17287,-1.37104,-1.18731,-1.34113,-1.13930,-1.17679,-1.67610,-1.17784,-1.16492,-1.14934,-1.42226
-1.36283,-1.25958,0.17598,-1.33078,-1.08802,-1.39477,-1.13195,-1.16273,-1.56594,-1.06910,-1.09772,-1.28745,-1.46732
-1.31181,-1.06453,0.16449,-1.12241,-1.04128,-1.26226,-0.93836,-0.92137,-1.27914,-0.86749,-0.87151,-1.07221,-1.26925
-1.22829,-0.91785,0.13392,-0.95200,-1.00161,-1.14965,-0.78945,-0.85800,-0.98850,-0.76801,-0.71868,-0.92396,-1.02863
-1.11503,-0.80453,0.14922,-0.79898,-0.90634,-0.98547,-0.62001,-0.80315,-0.93430,-0.60575,-0.59294,-0.85349,-0.94485
-0.86685,-0.72939,0.13172,-0.88782,-0.81745,-0.83419,-0.55961,-0.69741,-0.84905,-0.53178,-0.57054,-0.76776,-0.77831
-0.79486,-0.56833,0.14947,-0.89579,-0.53882,-0.47660,-0.42019,-0.55718,-0.67880,-0.55297,-0.36605,-0.53800,-0.65892
-0.71047,-0.31413,0.13505,-0.53383,-0.25607,-0.06903,-0.25590,-0.21211,-0.45929,-0.37356,-0.32547,-0.24578,-0.41023
-0.61184,-0.32974,0.11875,-0.51866,-0.33216,-0.09316,-0.26742,-0.30114,-0.44762,-0.33532,-0.30669,-0.25973,-0.43554
-0.50375,-0.26701,0.08267,-0.28118,-0.23086,-0.08116,-0.33601,-0.23499,-0.33238,-0.29002,-0.29665,-0.21404,-0.37280
-0.29544,-0.25405,0.09255,-0.25666,-0.15880,-0.09594,-0.32751,-0.22780,-0.22835,-0.33272,-0.31467,-0.19325,-0.40474
-0.26720,-0.20492,0.07607,-0.18495,-0.16242,-0.06205,-0.25487,-0.20402,-0.17193,-0.32432,-0.30653,-0.16911,-0.20900
-0.24207,-0.12412,0.08479,-0.06261,-0.11175,-0.02944,-0.15772,-0.15772,-0.01039,-0.24604,-0.26672,-0.10931,-0.08954
-0.21910,-0.14653,0.08100,-0.08001,-0.14156,-0.05307,-0.19083,-0.16140,-0.02183,-0.27863,-0.24979,-0.14318,-0.14504
-0.19897,-0.17229,0.08785,-0.14229,-0.12622,0.00307,-0.20176,-0.16068,-0.15978,-0.33422,-0.26282,-0.16216,-0.17601
-0.18200,-0.22576,0.08266,-0.20376,-0.15657,-0.08048,-0.26856,-0.17789,-0.25185,-0.33488,-0.28802,-0.16545,-0.33012
-0.16889,-0.20773,0.08004,-0.18072,-0.15259,-0.04777,-0.25327,-0.16822,-0.22234,-0.33262,-0.27651,-0.17839,-0.26488
-0.16042,-0.22441,0.10066,-0.41274,-0.17142,-0.04966,-0.27392,-0.16023,-0.28575,-0.28305,-0.27110,-0.16123,-0.17502
-0.15669,-0.13720,0.06476,-0.10132,-0.13297,-0.03210,-0.12805,-0.14755,-0.16091,-0.22045,-0.24268,-0.14904,-0.05694
-0.15789,-0.11884,0.06509,-0.08657,-0.12165,-0.02919,-0.04746,-0.09337,-0.12100,-0.22395,-0.22594,-0.13930,-0.09996
-0.16406,-0.19270,0.08413,-0.18991,-0.13850,-0.02994,-0.18190,-0.16003,-0.29579,-0.19890,-0.27206,-0.14835,-0.31165
-0.17493,-0.17529,0.06479,-0.13780,-0.12228,-0.07045,-0.12057,-0.18000,-0.25145,-0.17733,-0.25510,-0.17673,-0.26122
-0.19014,-0.09096,0.05959,-0.06016,-0.12019,-0.00604,-0.06499,-0.14208,-0.05416,-0.14389,-0.18266,-0.12253,-0.01291
-0.20941,-0.12567,0.07228,-0.06838,-0.12216,0.00765,-0.07606,-0.14945,-0.21264,-0.18255,-0.21715,-0.16059,-0.07536
-0.23178,-0.20028,0.09293,-0.14923,-0.18839,-0.05330,-0.14390,-0.20440,-0.39938,-0.25337,-0.24810,-0.22992,-0.13284
-0.25645,-0.14446,0.06738,-0.09761,-0.10679,-0.04049,-0.07767,-0.16047,-0.18117,-0.23234,-0.23692,-0.19947,-0.11163
-0.28304,-0.15235,0.08407,-0.10026,-0.12287,-0.01361,-0.09900,-0.18365,-0.23011,-0.25636,-0.26483,-0.18162,-0.07122
-0.31061,-0.21960,0.09879,-0.15389,-0.16867,-0.05978,-0.17292,-0.20781,-0.41433,-0.29659,-0.30931,-0.22666,-0.18606
-0.33795,-0.24977,0.08688,-0.29150,-0.20162,-0.09843,-0.18227,-0.21270,-0.42298,-0.27142,-0.31738,-0.25126,-0.24812
-0.36379,-0.33701,0.09713,-0.52231,-0.24284,-0.23407,-0.29281,-0.26800,-0.46511,-0.38384,-0.29744,-0.28622,-0.37750
-0.38731,-0.34385,0.09324,-0.42169,-0.28511,-0.20640,-0.27775,-0.26099,-0.48120,-0.41819,-0.33930,-0.29520,-0.45264
-0.40810,-0.32674,0.09599,-0.34612,-0.24265,-0.20547,-0.24379,-0.26166,-0.44986,-0.43184,-0.32965,-0.28287,-0.47343
-0.42532,-0.29712,0.08781,-0.33641,-0.17122,-0.20771,-0.22568,-0.25130,-0.40801,-0.43485,-0.31195,-0.26273,-0.36135
-0.43825,-0.36954,0.08618,-0.47326,-0.22976,-0.30814,-0.31788,-0.33905,-0.43823,-0.46443,-0.34262,-0.30794,-0.47410
-0.44635,-0.44366,0.10824,-0.64867,-0.28522,-0.42287,-0.34975,-0.45012,-0.52657,-0.46637,-0.35292,-0.38868,-0.54546
-0.44927,-0.50719,0.10291,-0.71431,-0.40904,-0.54186,-0.48908,-0.48032,-0.54305,-0.51487,-0.35871,-0.41783,-0.60284
-0.44679,-0.42980,0.10244,-0.64202,-0.37862,-0.28761,-0.42813,-0.40375,-0.52789,-0.38964,-0.36367,-0.36710,-0.50952
-0.43899,-0.53410,0.14050,-0.86728,-0.49547,-0.45566,-0.47749,-0.56888,-0.61528,-0.47755,-0.35449,-0.43772,-0.59122
-0.42611,-0.48871,0.10926,-0.70711,-0.44279,-0.38101,-0.48022,-0.53545,-0.57594,-0.42832,-0.37463,-0.38241,-0.57926
-0.40848,-0.46167,0.11781,-0.65763,-0.42829,-0.30202,-0.49780,-0.50709,-0.54717,-0.42261,-0.34376,-0.32530,-0.58498
-0.38666,-0.38575,0.12416,-0.57681,-0.31463,-0.17633,-0.46073,-0.32728,-0.48640,-0.38140,-0.30906,-0.29661,-0.52828
-0.36156,-0.33938,0.09726,-0.43072,-0.27071,-0.19804,-0.41266,-0.24268,-0.41765,-0.29803,-0.32035,-0.29793,-0.50508
-0.33407,-0.33905,0.11292,-0.34863,-0.25980,-0.16509,-0.41492,-0.27293,-0.47053,-0.34290,-0.34795,-0.23126,-0.53652
-0.30493,-0.26690,0.08175,-0.24033,-0.24128,-0.10256,-0.31701,-0.20537,-0.34811,-0.33652,-0.32965,-0.20340,-0.34477
-0.27536,-0.23295,0.07065,-0.19857,-0.18851,-0.09194,-0.29619,-0.18958,-0.27080,-0.30611,-0.30716,-0.19794,-0.28274
-0.24649,-0.13274,0.07744,-0.09452,-0.13738,-0.00269,-0.10705,-0.13494,-0.09281,-0.26673,-0.23823,-0.17213,-0.08091
-0.21936,-0.17393,0.05777,-0.12363,-0.16802,-0.08359,-0.15703,-0.21065,-0.16307,-0.27685,-0.25076,-0.16202,-0.14365
-0.19475,-0.13341,0.06501,-0.11891,-0.13676,-0.09002,-0.10979,-0.15661,-0.04442,-0.24508,-0.23196,-0.13597,-0.06463
-0.17381,-0.07412,0.08827,-0.09382,-0.02477,-0.00443,-0.04045,-0.12008,0.05553,-0.22602,-0.17298,-0.12403,0.00986
-0.15741,-0.11151,0.07492,-0.08560,-0.11863,-0.02226,-0.15500,-0.14836,-0.06886,-0.23963,-0.18286,-0.10578,0.01187
-0.14603,-0.12500,0.08290,-0.08122,-0.13026,-0.00452,-0.12774,-0.14664,-0.13209,-0.23693,-0.23626,-0.16488,0.01050
-0.14015,-0.12197,0.07835,-0.06596,-0.11820,-0.04050,-0.12449,-0.09827,-0.14074,-0.28373,-0.20302,-0.13108,-0.01369
-0.14014,-0.11584,0.07458,-0.05822,-0.15559,-0.03071,-0.12517,-0.11853,-0.11645,-0.27426,-0.17950,-0.04850,-0.05153
-0.14607,-0.05420,0.08107,-0.06633,-0.06438,-0.00769,-0.00496,-0.13307,0.02781,-0.15906,-0.16259,-0.05401,0.08227
-0.15778,0.03049,0.06422,-0.03365,0.08305,0.02325,0.05142,-0.02388,0.13690,0.02551,-0.04472,-0.02522,0.11225
-0.17494,-0.03383,0.06464,-0.05680,-0.01547,0.00035,0.00037,-0.13565,0.03077,-0.07058,-0.08367,-0.08817,0.08053
-0.19684,-0.03492,0.07684,-0.05421,0.04360,0.01994,0.00588,-0.13882,-0.00138,-0.03986,-0.12643,-0.13271,0.07480
-0.22271,-0.13113,0.09166,-0.18072,-0.03375,-0.02737,-0.07197,-0.19591,-0.13291,-0.24981,-0.23908,-0.17952,-0.00028
-0.23676,-0.20595,0.07191,-0.12589,-0.12991,-0.11434,-0.13918,-0.21934,-0.29261,-0.28133,-0.28183,-0.25132,-0.22373
-0.29294,-0.22322,0.08477,-0.11542,-0.15323,-0.09691,-0.18864,-0.21436,-0.34023,-0.33439,-0.26909,-0.26615,-0.25379
-0.35037,-0.24948,0.08862,-0.13004,-0.19815,-0.15065,-0.22265,-0.21854,-0.43518,-0.28673,-0.27669,-0.25106,-0.32507
-0.40641,-0.32733,0.13192,-0.13083,-0.22021,-0.26827,-0.32690,-0.24520,-0.53303,-0.38901,-0.29030,-0.32132,-0.54822
-0.45967,-0.39153,0.10697,-0.27449,-0.32189,-0.33256,-0.35936,-0.27893,-0.55563,-0.41117,-0.33745,-0.48307,-0.56070
-0.50832,-0.53069,0.10184,-0.58899,-0.49521,-0.58124,-0.42003,-0.44346,-0.62133,-0.48083,-0.37049,-0.66124,-0.64412
-0.54950,-0.54988,0.10847,-0.59677,-0.56016,-0.48913,-0.48970,-0.44140,-0.73994,-0.49943,-0.38987,-0.61719,-0.67523
-0.58134,-0.55982,0.08084,-0.52185,-0.62273,-0.52453,-0.49590,-0.49511,-0.67304,-0.52495,-0.44405,-0.62681,-0.66923
-0.60320,-0.59714,0.10051,-0.60524,-0.67374,-0.50417,-0.53431,-0.56921,-0.75481,-0.54353,-0.42991,-0.64103,-0.71541
-0.61418,-0.58564,0.08111,-0.67096,-0.55424,-0.65993,-0.50892,-0.54867,-0.64221,-0.55392,-0.42533,-0.62419,-0.66800
-0.61332,-0.52350,0.06566,-0.61577,-0.50926,-0.51087,-0.44673,-0.54045,-0.54731,-0.52157,-0.39161,-0.56308,-0.58840
-0.60055,-0.51325,0.08206,-0.64160,-0.47758,-0.46523,-0.48052,-0.53770,-0.52708,-0.54100,-0.35542,-0.48311,-0.62327
-0.57618,-0.53565,0.06697,-0.56476,-0.48237,-0.45584,-0.55224,-0.60167,-0.61433,-0.57720,-0.47344,-0.43602,-0.59860
-0.54121,-0.48333,0.10403,-0.63976,-0.44058,-0.28396,-0.51835,-0.52922,-0.56066,-0.54348,-0.40066,-0.38642,-0.53024
-0.49701,-0.47222,0.12605,-0.66565,-0.49549,-0.20422,-0.53305,-0.52695,-0.53370,-0.47334,-0.39541,-0.35892,-0.53550
-0.44450,-0.50443,0.13883,-0.80466,-0.50541,-0.28745,-0.52687,-0.52436,-0.55658,-0.51228,-0.43164,-0.34558,-0.54948
-0.38527,-0.29673,0.10508,-0.24217,-0.18998,-0.12410,-0.33631,-0.32984,-0.33401,-0.38053,-0.35348,-0.20168,-0.47523
-0.32226,-0.29884,0.10588,-0.23803,-0.19230,-0.11734,-0.35449,-0.36371,-0.34125,-0.36806,-0.29492,-0.23324,-0.48511
-0.25722,-0.24753,0.11124,-0.19781,-0.12230,-0.07629,-0.32051,-0.24641,-0.24061,-0.37017,-0.29541,-0.17052,-0.43529
-0.19205,-0.21178,0.11703,-0.20887,-0.09258,0.00437,-0.16164,-0.22858,-0.28065,-0.38920,-0.24771,-0.16156,-0.35142
-0.13031,-0.15685,0.09176,-0.23665,-0.09759,0.05330,-0.13905,-0.18190,-0.27651,-0.17970,-0.21899,-0.11539,-0.17597
-0.07382,-0.03293,0.07665,-0.07101,-0.03701,0.12886,-0.04144,-0.04090,-0.05575,0.01252,-0.17528,0.00786,-0.05715
-0.02445,-0.08426,0.10063,-0.11855,-0.08425,0.13818,-0.06705,-0.07159,-0.21020,-0.01300,-0.22109,-0.09460,-0.10044
0.01477,0.01413,0.09013,-0.03046,-0.05291,0.15295,0.04463,-0.04571,-0.05756,0.14891,-0.07180,0.10358,-0.05031
0.04200,0.03833,0.09842,-0.03408,-0.00546,0.17965,0.00714,0.03890,-0.00840,0.11621,-0.01238,0.20570,-0.10395
0.05599,0.01178,0.06822,-0.01356,-0.02074,0.16057,0.04819,-0.08363,-0.02020,0.06148,0.01080,0.02575,-0.05086
0.05650,0.05511,0.08442,-0.03413,-0.00572,0.12341,0.02109,-0.03222,0.11435,0.05068,0.15655,0.18837,-0.03123
0.04342,0.03820,0.05024,-0.00937,-0.01118,0.10364,0.01869,0.09986,0.10350,-0.02001,0.06093,0.03473,0.00124
0.01715,0.05386,0.06231,0.00599,0.12820,0.11347,-0.00735,0.06125,0.15095,0.01281,-0.02445,0.01368,0.08408
-0.02107,0.01069,0.06304,-0.05113,0.00266,0.06460,0.00961,-0.01902,0.10827,-0.00067,-0.09562,-0.00544,0.09363
-0.06977,-0.10575,0.08148,-0.07367,-0.11312,0.02410,-0.06639,-0.15924,-0.15058,-0.21815,-0.19044,-0.12723,0.01722
-0.12764,-0.09015,0.07654,-0.09318,-0.09130,-0.01652,-0.05479,-0.11996,-0.11460,-0.13725,-0.20721,-0.13864,0.07197
-0.19248,-0.17174,0.09166,-0.08706,-0.12488,-0.05974,-0.06777,-0.21842,-0.35819,-0.18309,-0.24428,-0.19411,-0.17987
-0.26126,-0.21566,0.08794,-0.15581,-0.12796,-0.12420,-0.14152,-0.21551,-0.40237,-0.30838,-0.24660,-0.22217,-0.21204
-0.33151,-0.30372,0.09232,-0.24897,-0.28197,-0.28881,-0.21669,-0.23224,-0.45470,-0.26333,-0.33359,-0.23800,-0.47893
-0.40137,-0.40286,0.11277,-0.44007,-0.34115,-0.56336,-0.35495,-0.22652,-0.52521,-0.39088,-0.33891,-0.30127,-0.54632
-0.46729,-0.45501,0.10704,-0.37853,-0.52377,-0.50934,-0.39974,-0.22353,-0.56851,-0.48237,-0.47467,-0.40604,-0.58358
-0.52751,-0.49044,0.12602,-0.53500,-0.51500,-0.58303,-0.41212,-0.31592,-0.59051,-0.40879,-0.29295,-0.58692,-0.66420
-0.57883,-0.73118,0.23205,-1.15779,-0.83490,-0.65554,-0.55332,-0.70143,-0.84220,-0.53894,-0.31912,-0.80816,-0.90037
-0.61931,-0.75524,0.13474,-0.79084,-1.04461,-0.61011,-0.64971,-0.66108,-0.83617,-0.69525,-0.62037,-0.81901,-0.82530
-0.64786,-0.79060,0.34947,-0.96355,-1.43937,-0.19163,-0.48245,-0.64632,-1.02586,-0.65789,-1.04122,-0.60551,-0.85219
-0.66314,-0.42608,0.14093,-0.25938,-0.35585,-0.55587,-0.36638,-0.48868,-0.67035,-0.43322,-0.30727,-0.25785,-0.56597
-0.66427,-0.06682,0.40751,-0.40924,-0.52550,-0.63830,0.07472,-0.18911,0.65287,0.44816,-0.11437,-0.03903,0.07157
-0.65134,-0.17333,0.25781,-0.60174,0.29791,-0.26997,-0.02408,-0.24759,-0.40414,0.12916,-0.27092,-0.19498,-0.14698
-0.62468,-1.02528,0.17217,-0.78309,-0.94198,-0.81174,-1.22803,-1.29725,-1.16391,-0.98124,-0.92221,-1.00643,-1.11689
-0.58513,-0.86207,0.14923,-0.86036,-1.13818,-0.85434,-0.75935,-0.81900,-1.01099,-0.65177,-0.70157,-0.82750,-0.99761
-0.42167,-0.70479,0.07126,-0.77302,-0.78217,-0.71368,-0.70584,-0.73332,-0.73836,-0.65198,-0.54792,-0.64784,-0.75380
-0.47607,-0.78949,0.09695,-0.89963,-0.86794,-0.84313,-0.70465,-0.76190,-0.90973,-0.69412,-0.65853,-0.69254,-0.86271
-0.53571,-0.64650,0.09085,-0.77656,-0.72323,-0.60021,-0.62038,-0.61320,-0.66180,-0.67429,-0.49394,-0.54292,-0.75845
-0.58571,-0.60841,0.08539,-0.64796,-0.63016,-0.45535,-0.64580,-0.54402,-0.61232,-0.75139,-0.57300,-0.53185,-0.69228
-0.47936,-0.44563,0.11105,-0.36936,-0.43767,-0.26488,-0.52075,-0.44811,-0.52961,-0.52660,-0.49690,-0.27290,-0.58953
-0.38541,-0.35938,0.11587,-0.27713,-0.33379,-0.15985,-0.37986,-0.34626,-0.47754,-0.44875,-0.35820,-0.25342,-0.55899
-0.28991,-0.30305,0.12790,-0.29790,-0.27265,-0.08329,-0.25390,-0.23272,-0.50536,-0.43177,-0.31484,-0.19160,-0.44643
-0.19233,-0.19433,0.09406,-0.16819,-0.16784,0.00923,-0.23107,-0.19658,-0.35194,-0.16782,-0.22451,-0.16137,-0.28321
-0.09911,-0.14188,0.10262,-0.17193,-0.01983,0.04633,-0.12532,-0.15185,-0.29832,-0.10521,-0.20363,-0.13125,-0.25782
-0.01192,0.08969,0.07043,0.01766,0.20345,0.13282,-0.00862,0.09850,0.07195,0.04607,0.08078,0.19715,0.05714
0.06567,0.07409,0.08975,-0.03694,0.23879,0.18679,0.08635,0.11724,0.07405,0.01532,0.05563,0.04713,-0.04343
0.13018,0.05706,0.09953,-0.06159,0.03789,0.20308,0.20200,0.12353,0.00353,0.09048,0.07339,-0.03633,-0.06535
0.17748,0.09331,0.09093,-0.02758,0.21107,0.18084,0.10828,0.09568,0.00691,0.08968,0.09536,0.20984,-0.03698
0.20596,0.32375,0.11631,0.23946,0.53534,0.32745,0.23004,0.35663,0.26744,0.31440,0.35706,0.47053,0.13915
0.21531,0.31349,0.08735,0.31907,0.39252,0.30966,0.22374,0.33039,0.23063,0.36797,0.38490,0.42550,0.15055
0.20464,0.27895,0.10396,0.15869,0.41479,0.30726,0.17745,0.33755,0.20171,0.30923,0.36632,0.38947,0.12700
0.17453,0.13896,0.07631,0.13338,0.29901,0.14008,0.08767,0.11817,0.17479,0.06296,0.21796,0.11598,0.03960
0.12633,0.13588,0.06379,0.06715,0.11504,0.15787,0.09370,0.17090,0.15338,0.28282,0.14930,0.06722,0.10146
0.06108,0.05977,0.04460,-0.02541,0.12328,0.04549,0.02640,0.02805,0.11006,0.08385,0.07648,0.04413,0.08533
-0.01764,0.02830,0.06201,-0.03557,0.09315,0.07894,-0.01421,0.06272,0.05361,-0.03012,0.00185,-0.05277,0.12545
-0.10683,-0.05063,0.08167,-0.04994,0.09699,-0.03789,0.01411,-0.15513,-0.07706,-0.06147,-0.15205,-0.11846,0.03461
-0.20488,-0.09862,0.09984,-0.07345,0.13835,-0.03735,-0.09862,-0.15917,-0.09442,-0.22873,-0.10885,-0.17667,-0.14729
-0.30821,-0.30799,0.10107,-0.20901,-0.21642,-0.24630,-0.26301,-0.21406,-0.46283,-0.40527,-0.34069,-0.26382,-0.45846
-0.41101,-0.38445,0.08188,-0.27495,-0.35754,-0.34406,-0.37770,-0.28059,-0.48714,-0.43820,-0.32750,-0.49876,-0.45804
-0.51140,-0.47593,0.08897,-0.33977,-0.54185,-0.49622,-0.48651,-0.40588,-0.49756,-0.53344,-0.32630,-0.58282,-0.54896
-0.60549,-0.53383,0.09046,-0.36683,-0.59675,-0.62695,-0.55402,-0.48145,-0.55940,-0.52904,-0.40470,-0.63354,-0.58560
-0.68922,-0.65340,0.12735,-0.38794,-0.80859,-0.74285,-0.63130,-0.61705,-0.81370,-0.61531,-0.54366,-0.69643,-0.67721
-0.75731,-0.71471,0.13759,-0.45895,-0.88758,-0.85076,-0.66148,-0.68549,-0.88560,-0.65954,-0.58178,-0.76874,-0.70723
-0.80728,-0.75611,0.11891,-0.60492,-0.88968,-0.90197,-0.68782,-0.70742,-0.89364,-0.71022,-0.57547,-0.82307,-0.76689
-0.83841,-0.83206,0.12954,-0.70881,-0.94563,-0.96121,-0.75900,-0.74869,-1.03115,-0.73025,-0.64319,-0.90024,-0.89244
-0.84906,-0.73110,0.12100,-0.58395,-0.83836,-0.88940,-0.63114,-0.63626,-0.90365,-0.67781,-0.59905,-0.79203,-0.75930
-0.83824,-0.81280,0.11296,-0.76419,-0.86277,-0.91040,-0.75041,-0.74584,-1.03199,-0.73050,-0.62798,-0.85658,-0.84732
-0.80669,-0.73649,0.08156,-0.76782,-0.70243,-0.80304,-0.67577,-0.69358,-0.87683,-0.67245,-0.59913,-0.78438,-0.78945
-0.75526,-0.75151,0.08795,-0.79470,-0.68064,-0.72028,-0.68221,-0.77542,-0.93461,-0.70541,-0.62874,-0.76831,-0.82481
-0.68576,-0.60939,0.12732,-0.69721,-0.55874,-0.30340,-0.63217,-0.59167,-0.78034,-0.60809,-0.56623,-0.66004,-0.69605
-0.60199,-0.51454,0.10411,-0.51473,-0.44458,-0.27794,-0.57296,-0.50866,-0.62512,-0.46425,-0.51850,-0.59374,-0.62494
-0.50555,-0.39925,0.13927,-0.22100,-0.35420,-0.13757,-0.50231,-0.37453,-0.58238,-0.52028,-0.42012,-0.37252,-0.50757
-0.39981,-0.37128,0.13419,-0.33557,-0.27248,-0.18585,-0.43283,-0.33250,-0.54728,-0.60015,-0.44327,-0.22364,-0.33928
-0.29058,-0.30153,0.13796,-0.29044,-0.21282,-0.05720,-0.43847,-0.34432,-0.46352,-0.48403,-0.33229,-0.20845,-0.18381
-0.18072,-0.19607,0.15047,-0.17543,-0.06026,0.08660,-0.36984,-0.22175,-0.18969,-0.44828,-0.27698,-0.14394,-0.16110
-0.07347,-0.01096,0.09157,-0.10289,0.00074,0.16026,-0.04380,0.08918,0.05234,-0.15044,-0.05517,-0.04268,-0.01711
0.02699,-0.09129,0.12857,-0.12429,-0.24464,0.14984,-0.06474,0.02659,-0.15988,-0.25148,-0.18476,-0.07858,0.01903
0.11551,-0.08199,0.10270,-0.05587,-0.12365,0.15619,-0.11946,-0.03346,-0.12445,-0.20388,-0.17813,-0.12226,-0.01496
0.18832,0.30917,0.12443,0.40978,0.14949,0.30342,0.28476,0.12429,0.22354,0.36809,0.30317,0.38841,0.53676
0.24320,0.68464,0.17710,0.64112,0.72480,0.43625,0.57846,0.60816,0.71005,0.67985,0.51863,1.01735,0.93170
0.27771,0.77755,0.14600,0.87560,0.89496,0.77803,0.82514,0.54269,0.80434,0.71037,0.52321,0.96400,0.85715
0.28982,0.71809,0.18982,0.85597,1.04275,0.81765,0.57161,0.45309,0.65281,0.57290,0.55581,0.93385,0.72447
0.27906,0.59333,0.17356,0.50211,0.64710,0.80664,0.35261,0.45355,0.54268,0.58516,0.42671,0.89210,0.72464
0.34023,0.12755,0.11558,0.05709,0.08877,0.34089,0.04821,0.24185,0.01591,-0.00441,0.14269,0.25823,0.08631
0.15942,0.06588,0.17876,-0.03782,0.25647,0.29404,-0.03547,-0.09527,-0.06450,-0.11580,0.14629,0.35505,-0.04420
-0.04167,-0.13659,0.14928,-0.07329,-0.06456,0.17834,-0.16154,-0.20287,-0.16038,-0.31385,-0.05436,-0.15779,-0.35558
-0.25291,-0.20662,0.13620,-0.19481,-0.36659,-0.01833,-0.16785,-0.25867,0.01163,-0.33787,-0.13815,-0.21005,-0.38552
-0.30098,-0.51258,0.12412,-0.61247,-0.67106,-0.42416,-0.43316,-0.68522,-0.35914,-0.37175,-0.54274,-0.60063,-0.42543
-0.62257,-0.70492,0.17367,-0.73621,-0.93058,-0.84903,-0.92211,-0.73034,-0.46900,-0.58706,-0.47196,-0.78937,-0.56351
-0.93904,-1.04545,0.18126,-0.92114,-1.14650,-1.05364,-1.12865,-0.91863,-0.86349,-1.32925,-0.74036,-1.23086,-1.12201
-1.23672,-1.06254,0.21453,-0.94277,-1.21626,-1.16633,-1.07430,-1.00914,-0.87991,-1.56355,-0.81360,-0.94486,-1.01467
-1.50661,-1.32209,0.26719,-1.21798,-1.78484,-1.32750,-1.27841,-1.28097,-0.90488,-1.65753,-1.04950,-1.51804,-1.20124
-1.73781,-1.55570,0.27743,-1.66089,-2.07470,-1.87258,-1.37407,-1.27914,-1.48839,-1.61877,-1.20146,-1.66771,-1.31933
-1.77197,-1.84283,0.30665,-2.07038,-2.44655,-2.14936,-1.73010,-1.54497,-1.87567,-1.76470,-1.63031,-1.79801,-1.41824
-2.04203,-2.11932,0.33326,-2.18768,-2.93303,-2.30071,-2.07431,-1.68377,-2.13690,-1.87396,-2.03277,-2.03001,-1.94003
-2.27991,-2.31311,0.33290,-2.31368,-3.03353,-2.69072,-2.40628,-1.90609,-2.22325,-2.00430,-2.22447,-2.10986,-2.21894
-2.48436,-2.49138,0.33214,-2.42164,-3.15176,-3.00563,-2.50344,-2.19677,-2.44075,-2.14703,-2.45091,-2.33571,-2.26016
-2.65440,-2.79617,0.40389,-2.91351,-3.52637,-3.47366,-2.57531,-2.51684,-2.78700,-2.33189,-2.72257,-2.56691,-2.54767
-2.78927,-2.76945,0.41887,-2.65448,-3.42975,-3.50107,-2.62641,-2.27241,-2.83890,-2.24074,-2.71616,-2.58052,-2.83410
-2.70401,-2.98042,0.50031,-2.91143,-3.71526,-3.98684,-2.71296,-2.58534,-2.94445,-2.37012,-2.78700,-2.75067,-3.04009
-2.88714,-3.02379,0.50115,-2.99530,-3.48138,-4.20480,-2.83644,-2.72187,-2.99600,-2.42600,-2.70002,-2.77755,-3.09850
-3.03607,-3.08580,0.49632,-2.97908,-3.67209,-4.21586,-2.91228,-2.75359,-3.04409,-2.54007,-2.77343,-2.86885,-3.09868
-3.15016,-3.07598,0.44760,-2.99389,-3.48245,-4.16242,-2.87099,-2.82352,-3.07206,-2.58424,-2.82265,-2.87854,-3.06902
-3.22898,-3.10622,0.42280,-2.98093,-3.46279,-4.10061,-2.80166,-2.98547,-3.22666,-2.62175,-2.83455,-2.89495,-3.15283
-3.27234,-3.16097,0.49541,-2.88791,-3.66120,-4.24155,-2.78921,-3.03003,-3.35631,-2.57404,-2.85364,-2.91003,-3.30581
-3.05681,-3.23210,0.46778,-2.90986,-3.64440,-4.21337,-2.77998,-3.25440,-3.38634,-2.69590,-3.06909,-2.87958,-3.48812
-3.15182,-3.30052,0.48265,-2.88049,-3.88886,-4.30293,-2.82278,-3.29637,-3.51132,-2.89539,-3.06173,-3.02674,-3.31861
-3.21204,-3.28287,0.51128,-2.89830,-4.08382,-4.11948,-2.76384,-3.20793,-3.66354,-2.76761,-3.15779,-2.88002,-3.28643
-3.23738,-3.20220,0.49252,-2.87666,-4.02227,-3.96104,-2.78880,-3.26787,-3.54081,-2.87958,-3.07444,-2.57783,-3.03270
-3.22789,-3.19552,0.49438,-3.07949,-3.80962,-4.02535,-2.69514,-3.55853,-3.46485,-2.76775,-3.08484,-2.58302,-2.88659
-3.18389,-3.01583,0.41976,-2.96833,-3.28937,-3.59851,-2.51402,-3.60600,-3.30090,-2.76363,-2.96469,-2.44338,-2.70945
-3.10586,-2.98485,0.38393,-2.94772,-3.19064,-3.27681,-2.58699,-3.67269,-3.15728,-2.49574,-3.23495,-2.62259,-2.66312
-2.85185,-2.87663,0.39292,-2.89227,-2.55781,-3.21456,-2.57143,-3.62401,-3.03990,-2.45479,-3.24422,-2.51195,-2.65540
-2.82658,-2.70677,0.22861,-2.68643,-2.55132,-3.06046,-2.56810,-3.13310,-2.69754,-2.51448,-2.79182,-2.44715,-2.61737
-2.76750,-2.56374,0.27329,-2.52771,-2.54093,-2.95663,-2.43750,-3.00936,-2.31517,-2.68251,-2.65665,-2.37142,-2.13948
-2.67517,-2.40559,0.22611,-2.29276,-2.56901,-2.71359,-2.24311,-2.70209,-2.14416,-2.41875,-2.54585,-2.05617,-2.37042
-2.55031,-2.20188,0.23499,-2.14579,-2.14520,-2.50655,-1.77171,-2.46761,-2.28814,-2.05276,-2.38134,-1.94291,-2.31674
-2.39382,-2.11007,0.29323,-2.17019,-1.89644,-2.42166,-1.59452,-2.21006,-2.31292,-1.87284,-2.53409,-1.86265,-2.22533
-2.03313,-1.94485,0.27455,-1.93703,-1.55829,-2.21457,-1.61099,-1.87381,-2.15095,-1.73597,-2.38820,-1.82648,-2.15219
-1.92784,-1.71009,0.18704,-1.98848,-1.60083,-1.81532,-1.53442,-1.47337,-1.85091,-1.68852,-1.79742,-1.45542,-1.89626
-1.79081,-1.35855,0.15954,-1.44537,-1.23505,-1.62023,-1.20801,-1.25257,-1.38090,-1.22317,-1.17931,-1.50402,-1.53688
-1.62298,-1.03461,0.10855,-0.95815,-1.13499,-1.29676,-0.96214,-0.96281,-1.03325,-0.98120,-0.96642,-0.98445,-1.06594
-1.42546,-0.96077,0.07942,-0.87340,-0.95284,-1.11603,-0.95003,-1.00928,-1.01028,-0.89814,-0.88085,-0.88870,-1.02816
-1.19950,-0.78856,0.11627,-0.77532,-0.57737,-1.03057,-0.81083,-0.89164,-0.78624,-0.74661,-0.71961,-0.76279,-0.78459
-0.76802,-0.65715,0.09230,-0.76071,-0.48754,-0.73236,-0.59775,-0.78247,-0.69287,-0.68534,-0.63236,-0.56071,-0.63943
-0.60331,-0.15797,0.10114,-0.27050,-0.09169,-0.01516,-0.07361,-0.20943,-0.19041,-0.31126,-0.23623,-0.14129,-0.04007
-0.43550,0.00448,0.09279,-0.05783,0.11284,0.17332,0.05592,-0.06776,0.01984,0.00147,-0.12605,-0.08510,0.01813
-0.26574,0.18130,0.09829,-0.03288,0.30861,0.26342,0.18966,0.20708,0.20003,0.27620,0.11423,0.16131,0.12535
-0.09652,0.13719,0.07062,0.02467,0.20147,0.23171,0.16436,0.13139,0.07602,0.17649,0.09734,0.21006,0.05841
0.06663,0.15302,0.13619,0.03659,0.39426,0.26855,0.14422,0.09781,0.09599,0.31232,0.04724,0.17600,-0.04280
0.29215,0.25086,0.09518,0.10488,0.35192,0.31932,0.26536,0.34574,0.18830,0.32523,0.17850,0.31165,0.11769
0.30526,0.24590,0.10859,0.06372,0.45664,0.33067,0.19621,0.29534,0.20553,0.23778,0.23166,0.30217,0.13933
0.29545,0.22250,0.12092,0.04995,0.34022,0.33283,0.23033,0.12555,0.14895,0.30897,0.23824,0.38803,0.06191
0.26610,0.26054,0.12870,0.23990,0.43054,0.31681,0.17823,0.10089,0.23952,0.25858,0.24365,0.49947,0.09778
0.21869,0.14009,0.08435,0.15183,0.11522,0.20892,0.14543,0.00999,0.17517,0.03413,0.21783,0.27402,0.06836
0.15490,0.12125,0.07166,0.00425,0.14935,0.09380,0.06810,0.07557,0.16400,0.11751,0.17408,0.26608,0.09970
0.07629,0.14961,0.08924,0.07889,0.28839,0.18900,0.08375,0.05028,0.19816,0.01655,0.19636,0.24658,0.14809
-0.01447,-0.00850,0.06589,-0.02397,0.02300,0.11031,-0.01054,-0.06794,-0.06998,-0.11950,0.04755,0.01638,0.00968
-0.11443,-0.09442,0.09744,0.00170,-0.05691,0.03146,-0.10738,-0.16714,-0.14351,-0.26450,0.04031,-0.14243,-0.13578
-0.21951,-0.22199,0.11422,-0.04499,-0.13383,-0.14067,-0.24832,-0.20431,-0.35348,-0.35423,-0.15869,-0.18466,-0.39668
-0.32659,-0.32856,0.11096,-0.21659,-0.27191,-0.27343,-0.36808,-0.25660,-0.43375,-0.44245,-0.21541,-0.26745,-0.53999
-0.43331,-0.42212,0.10365,-0.30444,-0.36784,-0.34722,-0.43437,-0.37339,-0.55396,-0.47362,-0.29853,-0.45826,-0.60960
-0.53598,-0.56290,0.08073,-0.47254,-0.55035,-0.61365,-0.52626,-0.51828,-0.65689,-0.58951,-0.41702,-0.61989,-0.66465
-0.62989,-0.61252,0.07694,-0.54012,-0.66046,-0.70299,-0.56558,-0.55967,-0.64848,-0.64262,-0.46189,-0.65346,-0.68992
-0.71219,-0.68723,0.10075,-0.62977,-0.73347,-0.88947,-0.61330,-0.61490,-0.72397,-0.68141,-0.52482,-0.69321,-0.76800
-0.78097,-0.79359,0.10982,-0.71482,-0.89749,-0.98545,-0.68557,-0.71106,-0.88759,-0.74319,-0.66080,-0.77359,-0.87629
-0.83353,-0.89968,0.13658,-0.75072,-0.94194,-1.17744,-0.92136,-0.80094,-0.99213,-0.79056,-0.76199,-0.84241,-1.01733
-0.86737,-0.93907,0.11999,-0.81278,-1.04458,-1.17524,-0.92525,-0.89570,-0.96628,-0.89321,-0.81045,-0.82135,-1.04583
-0.88211,-0.87202,0.10051,-0.75429,-0.98864,-0.98564,-0.84190,-0.75605,-0.93051,-0.87258,-0.76025,-0.82422,-1.00615
-0.87729,-0.83790,0.09513,-0.67960,-0.86573,-0.95308,-0.78654,-0.80063,-0.88933,-0.91169,-0.74620,-0.77479,-0.97143
-0.85296,-0.75593,0.07774,-0.58629,-0.73082,-0.85158,-0.79720,-0.74097,-0.80063,-0.78502,-0.69643,-0.73122,-0.83910
-0.81030,-0.72402,0.05917,-0.72247,-0.69769,-0.79721,-0.72454,-0.74573,-0.74241,-0.71772,-0.59468,-0.69122,-0.80649
-0.75017,-0.73411,0.07304,-0.82939,-0.59606,-0.71891,-0.78490,-0.74121,-0.77027,-0.80662,-0.67454,-0.65617,-0.76297
-0.67562,-0.62929,0.08197,-0.66007,-0.53995,-0.59099,-0.66609,-0.63804,-0.60502,-0.80074,-0.52421,-0.57235,-0.69546
-0.58788,-0.56694,0.09501,-0.57777,-0.41080,-0.62462,-0.52445,-0.57690,-0.59619,-0.73000,-0.56989,-0.42633,-0.63248
-0.49124,-0.41317,0.11698,-0.37440,-0.40170,-0.21301,-0.41519,-0.43203,-0.49360,-0.57037,-0.39272,-0.26213,-0.57655
-0.38893,-0.30808,0.10538,-0.22812,-0.27382,-0.19439,-0.28942,-0.35346,-0.33425,-0.52612,-0.33820,-0.15916,-0.38382
-0.28234,-0.21991,0.08967,-0.19896,-0.17913,-0.07655,-0.29105,-0.26545,-0.27664,-0.38033,-0.24190,-0.11469,-0.17442
-0.17505,-0.15337,0.09211,-0.14963,-0.01367,-0.05157,-0.27804,-0.21969,-0.13555,-0.27559,-0.21976,-0.08912,-0.10107
-0.07285,-0.00161,0.10327,-0.10041,0.07927,0.03812,-0.02081,-0.00130,0.07618,-0.11570,-0.17472,0.16234,0.04099
0.02102,0.03821,0.11854,-0.06698,-0.02520,0.16562,0.10808,0.07776,0.13708,-0.17914,-0.08710,0.10900,0.14299
0.10524,0.17981,0.08217,0.08859,0.22000,0.26851,0.15192,0.17730,0.19087,0.07278,0.14534,0.34585,0.13694
0.17475,0.13161,0.07126,0.01720,0.22687,0.24624,0.16140,0.09467,0.04175,0.13017,0.13305,0.12666,0.13811
0.22723,0.17857,0.09011,0.05034,0.27449,0.30322,0.16287,0.20679,0.12149,0.12359,0.14979,0.30402,0.08912
0.26116,0.24377,0.09648,0.13004,0.40918,0.30530,0.19755,0.27122,0.17263,0.16373,0.22524,0.38668,0.17609
0.27612,0.27408,0.11530,0.16292,0.47500,0.32453,0.20619,0.36864,0.21739,0.24077,0.15356,0.42045,0.17133
0.27100,0.19901,0.09990,0.10480,0.36344,0.29490,0.16957,0.08952,0.17091,0.11344,0.19608,0.34305,0.14439
0.24623,0.19410,0.09121,0.07880,0.30918,0.24923,0.09779,0.19186,0.18575,0.11641,0.19583,0.36228,0.15391
0.20247,0.13554,0.09635,0.05398,0.31658,0.21641,0.06052,0.06111,0.17869,-0.00178,0.19787,0.16614,0.10584
0.14116,0.05955,0.08949,-0.05805,0.14007,0.17089,0.00761,0.07274,0.00040,-0.08457,0.15903,0.09280,0.09463
0.06545,-0.01063,0.09451,-0.03864,0.09476,0.12306,0.01183,-0.15006,-0.09516,-0.13363,0.05602,-0.02510,0.05063
-0.02210,-0.11428,0.12034,-0.07948,-0.06318,0.04973,-0.15866,-0.15799,-0.33336,-0.25476,0.04494,-0.12600,-0.06403
-0.11862,-0.19213,0.07262,-0.12679,-0.14994,-0.13881,-0.22304,-0.20537,-0.29234,-0.30174,-0.07040,-0.21538,-0.19748
-0.22255,-0.26883,0.09581,-0.12047,-0.21147,-0.22652,-0.33151,-0.22169,-0.43184,-0.39397,-0.21065,-0.22675,-0.31346
-0.32854,-0.38421,0.08681,-0.28989,-0.30973,-0.48644,-0.41650,-0.30042,-0.44601,-0.43034,-0.27645,-0.37118,-0.51509
-0.43301,-0.42290,0.08348,-0.30673,-0.33844,-0.44546,-0.44018,-0.38441,-0.50821,-0.44392,-0.31717,-0.49803,-0.54643
-0.53447,-0.44704,0.10073,-0.26600,-0.38523,-0.45729,-0.50073,-0.40775,-0.50468,-0.62563,-0.34193,-0.48254,-0.49862
-0.62906,-0.46254,0.09667,-0.27405,-0.44421,-0.51071,-0.51167,-0.47944,-0.51788,-0.61645,-0.33682,-0.44949,-0.48472
-0.71122,-0.56954,0.11253,-0.33611,-0.54133,-0.76086,-0.56691,-0.57670,-0.57934,-0.67779,-0.47427,-0.58103,-0.60109
-0.69460,-0.67465,0.07438,-0.55576,-0.64915,-0.74647,-0.58986,-0.74016,-0.73204,-0.76156,-0.59283,-0.67537,-0.70329
-0.82502,-0.85110,0.07679,-0.83297,-0.85379,-0.98869,-0.76237,-0.81544,-0.92491,-0.83193,-0.76406,-0.79543,-0.94145
-0.93892,-0.85561,0.08641,-0.85961,-0.79746,-0.97839,-0.80822,-0.84608,-0.98826,-0.93757,-0.74405,-0.75917,-0.83731
-1.02984,-0.83328,0.07235,-0.77698,-0.85953,-0.91040,-0.89995,-0.81453,-0.87450,-0.93787,-0.76050,-0.73411,-0.76441
-1.09451,-0.97289,0.11187,-0.89974,-0.99123,-1.07504,-1.03665,-0.86513,-1.14470,-1.06836,-0.88073,-0.78937,-0.97795
-1.06196,-1.05590,0.13685,-1.03871,-1.01419,-1.20239,-1.05330,-0.92222,-1.28653,-1.19044,-0.93739,-0.85143,-1.06239
-1.14992,-1.05352,0.14770,-1.07759,-1.01911,-1.24420,-1.04776,-0.89661,-1.25987,-1.20675,-0.95176,-0.81780,-1.01378
-1.21036,-1.03219,0.13364,-1.06674,-1.00330,-1.12074,-1.01225,-0.88010,-1.20980,-1.24609,-0.94493,-0.82739,-1.01052
-1.23890,-1.06705,0.14844,-1.05667,-1.03967,-1.16986,-1.05650,-0.93523,-1.32085,-1.24992,-0.94809,-0.82752,-1.06618
-1.23553,-1.05037,0.16563,-1.04842,-0.94613,-1.17987,-1.08571,-0.87604,-1.31774,-1.25507,-0.93134,-0.80540,-1.05802
-1.14219,-1.05427,0.13184,-1.15307,-0.99285,-1.23236,-1.10005,-0.91490,-1.23518,-1.09065,-0.99958,-0.83405,-0.99000
-1.15754,-1.02046,0.15445,-1.17122,-1.00042,-1.25496,-1.04249,-0.87293,-1.12508,-1.15321,-0.88397,-0.78265,-0.91768
-1.14636,-0.97378,0.12229,-1.16146,-0.98027,-1.14666,-0.99198,-0.80760,-1.08661,-0.91368,-0.87121,-0.87681,-0.90151
-1.10654,-0.95445,0.15536,-1.02548,-0.93155,-1.25877,-1.15455,-0.81871,-0.97183,-0.92731,-0.77419,-0.86686,-0.81522
-1.03970,-0.93229,0.12729,-0.84813,-0.90194,-1.22016,-0.83282,-0.90985,-1.01197,-0.92936,-0.74743,-0.92598,-0.99530
-0.90210,-0.87002,0.12937,-0.95070,-0.78509,-1.16846,-0.75770,-0.84611,-0.91086,-0.85447,-0.71195,-0.91844,-0.79645
-0.87023,-0.78819,0.11363,-0.79191,-0.80301,-1.00312,-0.63491,-0.75128,-0.88249,-0.80376,-0.60238,-0.82371,-0.78536
-0.82079,-0.66447,0.09436,-0.62064,-0.67800,-0.83879,-0.54363,-0.60391,-0.72435,-0.71429,-0.52056,-0.70385,-0.69670
-0.75341,-0.62086,0.07937,-0.51083,-0.63585,-0.75012,-0.52921,-0.60413,-0.63478,-0.68741,-0.52227,-0.68069,-0.65329
-0.56552,-0.65225,0.08829,-0.60408,-0.73933,-0.64714,-0.48391,-0.66613,-0.71545,-0.78168,-0.55339,-0.68576,-0.64559
-0.55318,-0.53511,0.10359,-0.51169,-0.61889,-0.54358,-0.42023,-0.61030,-0.60113,-0.68552,-0.35635,-0.43493,-0.56850
-0.53470,-0.36473,0.09977,-0.38270,-0.46404,-0.28530,-0.21002,-0.32649,-0.49900,-0.48938,-0.31418,-0.26685,-0.40937
-0.50802,-0.42186,0.10623,-0.42897,-0.44551,-0.52658,-0.30884,-0.29490,-0.48969,-0.61708,-0.32468,-0.33177,-0.45055
-0.47379,-0.52486,0.11526,-0.61989,-0.60067,-0.50017,-0.36261,-0.54535,-0.54115,-0.72056,-0.36243,-0.42365,-0.57216
-0.36087,-0.42228,0.11420,-0.50183,-0.53756,-0.26467,-0.32140,-0.41208,-0.47216,-0.57241,-0.32604,-0.28920,-0.52544
-0.39806,-0.37767,0.13340,-0.29802,-0.56474,-0.28667,-0.27024,-0.28275,-0.38412,-0.60662,-0.35664,-0.22800,-0.49892
-0.43440,-0.44204,0.13524,-0.42581,-0.57116,-0.46691,-0.34987,-0.26059,-0.56266,-0.64695,-0.29225,-0.30840,-0.53585
-0.46628,-0.51366,0.12669,-0.55348,-0.67122,-0.50217,-0.47810,-0.29420,-0.61133,-0.64454,-0.32622,-0.47159,-0.58379
-0.49234,-0.57951,0.13881,-0.50771,-0.71990,-0.62479,-0.57624,-0.36804,-0.66454,-0.76720,-0.34946,-0.56015,-0.65705
-0.47603,-0.76237,0.12145,-0.86825,-0.93049,-0.81011,-0.65315,-0.59588,-0.79050,-0.91175,-0.60774,-0.69668,-0.75915
-0.56828,-0.84373,0.15575,-1.09561,-1.03953,-0.91414,-0.74182,-0.61315,-0.89387,-0.86740,-0.63593,-0.80320,-0.83268
-0.65330,-0.92687,0.14075,-0.97179,-1.13214,-1.02441,-1.00499,-0.64800,-1.03919,-0.87549,-0.78510,-0.85365,-0.93394
-0.72620,-1.03984,0.17097,-1.10574,-1.31136,-1.24818,-1.12094,-0.73962,-1.02132,-1.07645,-0.89623,-0.90476,-0.97382
-0.78471,-1.06273,0.16294,-1.23151,-1.24123,-1.28471,-1.16288,-0.81283,-1.03868,-1.05013,-0.87832,-0.92877,-0.99826
-0.82658,-1.07717,0.12933,-1.07837,-1.29014,-1.25633,-1.18719,-0.93161,-1.04134,-1.05986,-0.96649,-0.92040,-1.04001
-0.84963,-1.07861,0.09420,-1.11800,-1.11357,-1.21976,-1.24772,-1.01904,-1.02581,-1.02734,-0.95991,-1.03927,-1.01568
-0.85307,-1.00003,0.06919,-1.01966,-1.03863,-0.97861,-1.07148,-0.97191,-0.96131,-1.11603,-0.86460,-1.01474,-0.96336
-0.83694,-1.03624,0.08810,-1.12710,-1.08167,-0.91802,-0.99795,-1.06812,-1.08901,-1.06216,-0.87027,-1.00617,-1.14191
-0.80171,-1.04611,0.08838,-1.14528,-1.04442,-1.05344,-0.96964,-1.07637,-1.08604,-1.14722,-0.84620,-1.01575,-1.07674
-0.74883,-0.91128,0.11141,-1.11436,-0.77969,-1.02617,-0.85950,-0.86998,-0.93329,-0.92912,-0.75085,-0.85913,-0.99067
-0.68020,-0.81107,0.12066,-1.01798,-0.71743,-0.88980,-0.73454,-0.75731,-0.77988,-0.98742,-0.63901,-0.76039,-0.82700
-0.59724,-0.79340,0.10579,-1.03004,-0.76148,-0.87608,-0.80444,-0.65956,-0.79640,-0.75215,-0.66820,-0.76588,-0.81975
-0.52797,-0.62264,0.11054,-0.84099,-0.48993,-0.67943,-0.53827,-0.57965,-0.64071,-0.51730,-0.54749,-0.64856,-0.74411
-0.38635,-0.51091,0.16984,-0.83152,-0.37962,-0.53832,-0.49399,-0.26513,-0.57907,-0.38676,-0.35808,-0.60459,-0.67203
-0.24056,-0.36310,0.10112,-0.46854,-0.23494,-0.33536,-0.42866,-0.19931,-0.44597,-0.37366,-0.31178,-0.32337,-0.50938
-0.09611,-0.27048,0.09038,-0.42227,-0.21919,-0.28160,-0.26249,-0.16163,-0.22889,-0.21237,-0.23891,-0.23776,-0.43969
-0.00055,-0.02830,0.12778,-0.24754,-0.08218,0.16014,0.10122,0.00764,0.04768,0.08070,-0.13631,-0.12526,-0.08903
0.16749,0.06555,0.13597,-0.08220,0.12433,0.22608,0.17118,0.05690,0.11254,0.23882,0.02452,-0.03856,-0.17810
0.32073,-0.01399,0.11013,-0.06508,0.06866,0.06747,-0.01707,-0.05522,-0.06272,0.12948,0.11243,-0.08679,-0.23107
0.45493,0.35141,0.11617,0.22956,0.47520,0.37396,0.45010,0.32145,0.14703,0.50320,0.43399,0.31122,0.26840
0.56497,0.62671,0.13595,0.38329,0.74060,0.76077,0.71434,0.53627,0.51362,0.81088,0.53027,0.59389,0.68320
0.61585,0.55655,0.10282,0.33087,0.65410,0.64414,0.64096,0.44163,0.57265,0.61268,0.54501,0.52233,0.60116
0.70081,0.60407,0.12716,0.40586,0.64556,0.75474,0.80548,0.45022,0.63666,0.56225,0.54803,0.54063,0.69128
0.75093,0.61569,0.13537,0.36777,0.67978,0.81149,0.78717,0.49090,0.61812,0.59825,0.53275,0.57171,0.69893
0.76472,0.67693,0.15221,0.45287,0.74171,0.83068,0.84102,0.55224,0.72511,0.53789,0.52588,0.67636,0.88555
0.69297,0.72680,0.15004,0.47471,0.75881,0.90151,0.86887,0.62935,0.83192,0.65947,0.55526,0.68500,0.90306
0.67662,0.59641,0.17024,0.19984,0.66506,0.81193,0.74449,0.52324,0.63815,0.55167,0.50156,0.62397,0.70416
0.62875,0.48222,0.14756,0.35750,0.62615,0.73497,0.61622,0.45950,0.40581,0.44244,0.43559,0.51941,0.22464
0.55003,0.49871,0.17112,0.16249,0.60480,0.81452,0.43508,0.48465,0.62233,0.45725,0.43874,0.56787,0.39934
0.44355,0.31491,0.13838,0.03608,0.49864,0.36884,0.28132,0.35731,0.37024,0.44158,0.36267,0.30025,0.13212
0.28096,0.21352,0.08043,0.28261,0.08125,0.28455,0.25804,0.18276,0.21209,0.32686,0.24222,0.15632,0.10850
0.17020,0.01317,0.07295,-0.05847,-0.12845,0.12542,0.05823,0.02808,0.02604,0.06795,0.00446,-0.04299,0.05140
0.04526,-0.07401,0.08468,-0.08274,-0.14638,0.09389,0.00503,-0.05847,-0.15619,-0.00450,-0.16742,-0.13815,-0.08521
-0.08979,-0.17797,0.13003,-0.07974,-0.18679,0.07163,-0.11926,-0.11939,-0.41384,-0.27091,-0.26546,-0.18178,-0.21420
-0.23100,-0.26560,0.18200,-0.14116,-0.20844,0.07542,-0.25492,-0.16321,-0.55670,-0.35533,-0.32545,-0.22696,-0.49926
-0.39233,-0.42318,0.11362,-0.38492,-0.58080,-0.33299,-0.39572,-0.26218,-0.54631,-0.48082,-0.35751,-0.32020,-0.57035
-0.49585,-0.53836,0.14071,-0.46678,-0.79876,-0.34278,-0.42700,-0.47922,-0.70778,-0.50264,-0.46146,-0.53541,-0.66173
-0.59097,-0.70373,0.11756,-0.79342,-0.95551,-0.59188,-0.58272,-0.62430,-0.79701,-0.72385,-0.64752,-0.61885,-0.70226
-0.67550,-0.71879,0.11202,-0.83679,-0.96288,-0.69135,-0.60338,-0.62252,-0.78718,-0.65164,-0.68311,-0.64521,-0.70386
-0.77870,-0.78889,0.13021,-0.80303,-1.06437,-0.79469,-0.65442,-0.70422,-0.81852,-0.94125,-0.74709,-0.64949,-0.71182
-0.79633,-0.84219,0.11229,-0.88101,-1.02837,-0.81630,-0.75883,-0.85423,-0.81789,-1.02898,-0.78504,-0.68299,-0.76832
-0.79482,-0.70314,0.08107,-0.77099,-0.76036,-0.68376,-0.68089,-0.73999,-0.77782,-0.50741,-0.75736,-0.65658,-0.69625
-0.77578,-0.78160,0.07928,-0.93846,-0.84464,-0.71597,-0.77646,-0.85190,-0.79489,-0.70607,-0.77653,-0.68065,-0.73046
-0.77950,-0.79795,0.07911,-0.88398,-0.76744,-0.84850,-0.77359,-0.82274,-0.80768,-0.93981,-0.69048,-0.74636,-0.69896
-0.68817,-0.71363,0.10602,-0.93127,-0.70951,-0.82612,-0.68258,-0.61657,-0.67130,-0.80146,-0.60114,-0.64982,-0.64648
-0.58301,-0.52793,0.06809,-0.51900,-0.35421,-0.58719,-0.55007,-0.54194,-0.55651,-0.51885,-0.58663,-0.49449,-0.57038
-0.46868,-0.37674,0.07752,-0.44479,-0.27277,-0.43102,-0.39152,-0.28846,-0.37105,-0.43500,-0.44597,-0.25055,-0.43624
-0.34907,-0.23575,0.08743,-0.25672,-0.15383,-0.24079,-0.35075,-0.19698,-0.08623,-0.37078,-0.26166,-0.16928,-0.27052
-0.24382,-0.15998,0.10138,-0.31417,-0.20368,-0.11610,-0.10678,-0.04306,-0.03572,-0.30798,-0.23795,-0.14266,-0.09173
-0.08512,-0.10038,0.10895,-0.25790,-0.25701,-0.09533,-0.07126,0.02501,0.05040,-0.06125,-0.19573,-0.12382,-0.01687
0.06623,0.13609,0.13584,-0.05995,0.05856,0.24041,0.29901,0.22227,0.18376,0.24643,-0.10446,0.09014,0.18468
0.20420,0.22281,0.09819,0.06667,0.18796,0.26519,0.41042,0.13671,0.30600,0.28617,0.21549,0.14903,0.20450
0.28658,0.30484,0.13613,0.06448,0.11425,0.32953,0.49397,0.46180,0.38895,0.35192,0.30203,0.27507,0.26643
0.42528,0.26303,0.13877,0.08439,0.12182,0.37986,0.56426,0.23869,0.19480,0.28864,0.33161,0.18588,0.24039
0.53865,0.35697,0.14762,0.21715,0.24487,0.66303,0.45754,0.43050,0.21342,0.44721,0.39902,0.26795,0.22899
0.62168,0.47171,0.23207,0.26723,0.40803,0.65945,1.03135,0.40437,0.26450,0.53019,0.45211,0.41871,0.28117
0.67182,0.49518,0.11422,0.34954,0.51184,0.62212,0.67317,0.42870,0.31897,0.58992,0.45552,0.46899,0.53301
0.66924,0.62861,0.13871,0.35234,0.71245,0.85640,0.64939,0.52483,0.62339,0.69646,0.52514,0.61174,0.73394
0.69225,0.57441,0.11600,0.35882,0.63969,0.79660,0.65942,0.54993,0.58582,0.54004,0.46837,0.55507,0.59029
0.68209,0.38494,0.16588,0.10197,0.70162,0.33778,0.55836,0.40721,0.27633,0.38751,0.32692,0.47371,0.27796
0.63877,0.31889,0.18146,0.11916,0.71861,0.33283,0.41797,0.38770,0.19848,0.15829,0.32860,0.39670,0.13051
0.52255,0.32660,0.13122,0.15341,0.57912,0.37524,0.38956,0.32936,0.22290,0.31910,0.35789,0.40498,0.13439
0.46021,0.23042,0.13458,0.15395,0.28842,0.35168,0.22685,0.17346,0.13168,0.12386,0.33153,0.48785,0.03488
0.37476,0.21354,0.14982,0.09303,0.49804,0.22409,0.18995,0.07708,0.18457,0.09882,0.29482,0.41845,0.05651
0.26633,0.25898,0.14052,0.34253,0.54855,0.21871,0.16541,0.10018,0.21068,0.18772,0.25330,0.42773,0.13503
0.13859,0.04404,0.10005,0.01543,0.16364,0.16941,0.01908,-0.07903,-0.04809,-0.11087,0.11710,0.10266,0.09112
-0.02790,-0.09458,0.12988,-0.04779,0.05403,0.03854,-0.08659,-0.16242,-0.40457,-0.13580,-0.01563,-0.11658,-0.06898
-0.13842,-0.24138,0.13482,-0.21126,-0.07548,-0.07805,-0.31499,-0.21483,-0.47918,-0.33612,-0.11909,-0.20110,-0.38373
-0.25479,-0.34506,0.11919,-0.23939,-0.21675,-0.31382,-0.35239,-0.26462,-0.55843,-0.41433,-0.28214,-0.27907,-0.52967
-0.37398,-0.48495,0.12767,-0.37697,-0.35016,-0.64012,-0.50510,-0.36061,-0.62516,-0.53021,-0.31034,-0.51076,-0.64006
-0.53623,-0.60337,0.14157,-0.40758,-0.67866,-0.78524,-0.57105,-0.54393,-0.76988,-0.54543,-0.37070,-0.65250,-0.70871
-0.60624,-0.70093,0.14478,-0.51404,-0.80617,-0.83076,-0.64624,-0.66482,-0.91035,-0.61129,-0.46859,-0.73622,-0.82079
-0.66527,-0.79568,0.12052,-0.58028,-0.88585,-0.91571,-0.72196,-0.75360,-0.97418,-0.81004,-0.67949,-0.75444,-0.88120
-0.71215,-0.83205,0.12425,-0.62301,-0.95371,-0.97498,-0.75578,-0.89674,-0.99822,-0.77391,-0.70981,-0.77458,-0.85974
-0.74404,-0.76820,0.10921,-0.64850,-0.90622,-0.85275,-0.72877,-0.74677,-0.96444,-0.62269,-0.70614,-0.73296,-0.77274
-0.77551,-0.71839,0.09515,-0.65940,-0.76154,-0.76961,-0.67908,-0.73462,-0.91243,-0.61493,-0.57229,-0.71681,-0.76320
-0.73562,-0.71903,0.11454,-0.72611,-0.65819,-0.89911,-0.73820,-0.74085,-0.82779,-0.75527,-0.46419,-0.66458,-0.71597
-0.67994,-0.61016,0.09855,-0.62839,-0.45856,-0.77606,-0.67747,-0.62863,-0.64682,-0.68436,-0.47622,-0.52805,-0.59707
-0.61136,-0.57825,0.09033,-0.56903,-0.50198,-0.55128,-0.60473,-0.66484,-0.62278,-0.73248,-0.40196,-0.53945,-0.59402
-0.53116,-0.57580,0.11986,-0.56562,-0.43170,-0.62131,-0.52631,-0.59718,-0.74649,-0.75309,-0.53908,-0.37389,-0.60334
-0.44207,-0.36897,0.14527,-0.21550,-0.44976,-0.10087,-0.44692,-0.35109,-0.52298,-0.55883,-0.40515,-0.23105,-0.40755
-0.34713,-0.35451,0.14254,-0.27068,-0.36468,-0.11737,-0.36020,-0.29216,-0.54770,-0.58463,-0.41783,-0.21071,-0.37915
-0.25116,-0.40290,0.13556,-0.41281,-0.36712,-0.23165,-0.41662,-0.46316,-0.67220,-0.53271,-0.34286,-0.20959,-0.38029
-0.15732,-0.26991,0.10789,-0.24121,-0.17376,-0.09990,-0.37636,-0.33289,-0.46782,-0.30952,-0.26457,-0.17170,-0.26141
-0.06697,-0.10347,0.11932,-0.14193,0.07443,-0.00050,-0.24572,-0.07126,-0.27282,-0.11419,-0.23054,-0.05426,0.02212
0.01638,0.01051,0.16241,-0.11197,0.24177,0.14765,-0.05818,0.22641,-0.14473,-0.13124,-0.20682,0.07363,0.06859
0.08778,0.18550,0.16014,0.00386,0.47567,0.21992,0.19051,0.42359,0.17244,0.03238,0.00925,0.17019,0.15721
0.14489,0.10658,0.18863,-0.14335,0.39936,0.22848,0.12870,0.39685,0.01846,-0.06299,-0.07661,0.11764,0.05926
0.18700,0.16046,0.14386,-0.03378,0.39727,0.20852,0.11462,0.39070,0.09663,0.08298,0.00505,0.18807,0.15449
0.21217,-0.03140,0.13743,-0.15789,0.17049,0.08579,-0.06001,-0.00523,-0.31393,0.00434,-0.11511,0.03585,0.04172
0.21897,0.06914,0.07404,-0.02377,0.07212,0.23242,0.05215,0.04990,-0.00825,0.07855,0.02570,0.14272,0.06987
0.20725,0.07997,0.09969,-0.00970,-0.04286,0.24113,0.05689,0.07151,0.14432,0.07920,-0.02047,0.23560,0.04413
0.17738,0.06360,0.08287,-0.05458,-0.04001,0.23910,0.02644,0.03700,0.10104,0.06876,0.09240,0.10759,0.05824
0.13055,0.04123,0.06264,-0.03083,-0.00390,0.08255,0.01107,0.09041,-0.05396,0.03858,0.15505,0.05176,0.07153
0.06847,-0.03128,0.05794,-0.07555,-0.03426,-0.02393,-0.02674,-0.09024,-0.00765,-0.09494,0.06685,-0.08318,0.05683
-0.00722,-0.08673,0.08763,-0.11598,-0.08353,-0.08110,-0.08125,-0.10515,-0.14070,-0.24618,0.08767,-0.10747,0.00638
-0.09403,-0.16658,0.11261,-0.06702,-0.12002,-0.12711,-0.21698,-0.17952,-0.34526,-0.34825,0.00024,-0.16612,-0.09572
-0.18833,-0.22844,0.10690,-0.07302,-0.21651,-0.21643,-0.24172,-0.19161,-0.43140,-0.33680,-0.09125,-0.19433,-0.29130
-0.28683,-0.28212,0.11203,-0.11420,-0.29465,-0.20920,-0.33387,-0.24176,-0.45006,-0.35430,-0.12180,-0.29385,-0.40748
-0.38703,-0.22488,0.12094,-0.08954,-0.30128,-0.15903,-0.17959,-0.22294,-0.45702,-0.33024,-0.03622,-0.22535,-0.24760
-0.48552,-0.35302,0.09577,-0.24069,-0.36751,-0.28594,-0.31504,-0.36301,-0.58202,-0.37252,-0.25406,-0.38237,-0.36705
-0.48301,-0.53109,0.12402,-0.33447,-0.57620,-0.48380,-0.44115,-0.71205,-0.70190,-0.58379,-0.43407,-0.60276,-0.44071
-0.68293,-0.84740,0.10884,-0.74766,-0.82137,-0.92790,-0.79141,-0.82751,-1.05698,-0.97225,-0.69389,-0.79387,-0.84113
-0.87668,-0.85648,0.10947,-0.78035,-0.81026,-0.96871,-0.91938,-0.81286,-0.96419,-1.04268,-0.70475,-0.76175,-0.79984
-1.05458,-0.90424,0.15979,-0.89089,-0.94741,-0.96252,-1.23228,-0.77446,-0.82339,-1.10192,-0.76234,-0.77748,-0.76974
-1.20585,-0.99759,0.18962,-0.97129,-1.12451,-1.03625,-1.35306,-1.01950,-0.85294,-1.19308,-0.89233,-0.79319,-0.73980
-1.20963,-1.21679,0.16921,-1.29312,-1.39644,-1.31674,-1.40334,-1.30482,-1.00679,-1.35104,-1.05402,-1.04936,-0.99228
-1.40814,-1.27365,0.19252,-1.31196,-1.50932,-1.39418,-1.39488,-1.34973,-0.99253,-1.40976,-1.04027,-1.34960,-0.98423
-1.57478,-1.34519,0.18790,-1.37800,-1.58073,-1.48124,-1.42071,-1.41800,-1.11209,-1.46130,-1.09588,-1.45735,-1.04662
-1.70393,-1.46246,0.14975,-1.47074,-1.68941,-1.57010,-1.53068,-1.52783,-1.26926,-1.51972,-1.32249,-1.51939,-1.20496
-1.79822,-1.63891,0.07996,-1.67082,-1.77923,-1.67475,-1.65367,-1.66389,-1.68886,-1.55333,-1.54127,-1.64793,-1.51532
-1.68476,-1.74625,0.07039,-1.73312,-1.87437,-1.79820,-1.78711,-1.77751,-1.76821,-1.65390,-1.72420,-1.70766,-1.63820
-1.82556,-1.75865,0.13593,-1.71499,-1.93479,-1.94630,-1.79273,-1.86438,-1.79967,-1.65663,-1.66642,-1.70062,-1.50998
-1.93247,-1.79349,0.14760,-1.75074,-1.96385,-1.98467,-1.77661,-1.97526,-1.85756,-1.71842,-1.60199,-1.72148,-1.58436
-2.00513,-1.78313,0.14544,-1.67092,-1.96669,-1.95855,-1.76399,-2.00016,-1.76478,-1.74673,-1.73024,-1.66263,-1.56662
-2.04331,-1.84105,0.14182,-1.66791,-1.98115,-1.95894,-1.79633,-2.05620,-1.83362,-1.97954,-1.70007,-1.71640,-1.72037
-2.04703,-1.87881,0.14325,-1.80261,-2.05664,-2.02233,-1.89689,-2.12315,-1.82578,-1.85674,-1.70916,-1.74741,-1.74738
-1.88927,-1.86889,0.24353,-1.67229,-1.98052,-2.00506,-1.84803,-2.42403,-1.83644,-1.88650,-1.76104,-1.77047,-1.50449
-1.94177,-1.87873,0.20562,-1.75997,-1.96846,-2.00218,-1.66920,-2.35878,-1.87386,-1.91505,-1.84625,-1.70511,-1.68842
-1.96028,-1.73148,0.17802,-1.56643,-1.81176,-1.88346,-1.45306,-2.05509,-1.79490,-1.79059,-1.76846,-1.60835,-1.58269
-1.94493,-1.73091,0.18051,-1.48692,-1.88178,-1.84529,-1.45348,-1.98358,-1.84433,-1.70291,-1.85239,-1.56606,-1.69232
-1.89599,-1.76508,0.20424,-1.61459,-1.89615,-1.84195,-1.41504,-2.11579,-1.87060,-1.63678,-1.90137,-1.57143,-1.78713
-1.61636,-1.72522,0.22439,-1.46565,-1.71714,-1.93318,-1.45009,-1.92711,-1.90780,-1.50722,-2.04359,-1.52262,-1.77780
-1.61661,-1.57663,0.14347,-1.49603,-1.54581,-1.79262,-1.42105,-1.62226,-1.71377,-1.49538,-1.77996,-1.39545,-1.50397
-1.58358,-1.42587,0.16728,-1.42384,-1.19345,-1.64447,-1.29633,-1.52845,-1.71654,-1.38141,-1.46104,-1.24925,-1.36394
-1.51763,-1.12789,0.12685,-1.15517,-1.01828,-1.37954,-1.13690,-0.94920,-1.24427,-1.14040,-1.16915,-0.98426,-1.10169
-1.41934,-1.04541,0.11616,-0.97728,-1.00815,-1.33431,-1.05700,-0.91633,-1.11025,-0.96728,-0.99425,-1.01121,-1.07803
-1.28939,-1.06221,0.14749,-0.91588,-0.98561,-1.40222,-1.05472,-0.96457,-1.08162,-0.96915,-0.94522,-1.19955,-1.10354
-0.98824,-0.96037,0.12845,-0.85097,-0.94953,-1.16091,-0.83269,-0.94371,-1.00347,-0.87409,-0.79409,-1.14843,-1.04575
-0.91520,-0.74355,0.08628,-0.68115,-0.70349,-0.86595,-0.66517,-0.83216,-0.84196,-0.66369,-0.62515,-0.77654,-0.78025
-0.82896,-0.43634,0.09654,-0.29182,-0.33781,-0.42596,-0.45990,-0.52169,-0.47464,-0.54910,-0.30581,-0.44159,-0.55502
-0.72735,-0.30909,0.11036,-0.08061,-0.17454,-0.38985,-0.40427,-0.34189,-0.33560,-0.42078,-0.23632,-0.34250,-0.36451
-0.61133,-0.38528,0.11308,-0.28855,-0.25653,-0.31857,-0.38890,-0.53307,-0.46061,-0.47038,-0.27671,-0.29898,-0.56047
-0.33250,-0.30656,0.12212,-0.29659,-0.20989,-0.12305,-0.31238,-0.35899,-0.44672,-0.42190,-0.20967,-0.19606,-0.49032
-0.31995,-0.12416,0.07391,-0.08339,-0.10742,-0.01829,-0.17652,-0.21021,-0.12353,-0.25949,-0.03993,-0.10328,-0.11952
-0.31082,0.05535,0.11596,0.01873,0.09871,0.12005,0.02673,-0.00005,0.17131,-0.20525,0.22119,0.07136,0.03071
-0.30132,0.02103,0.11722,0.01339,0.04515,0.13212,0.00087,-0.03486,0.05542,-0.23180,0.21860,-0.02998,0.04137
-0.29161,-0.07828,0.12514,0.03222,0.08051,0.02933,-0.18074,-0.16546,-0.11808,-0.26411,0.09009,-0.16479,-0.12179
-0.16855,-0.22356,0.13763,-0.01083,-0.06453,-0.11683,-0.30409,-0.23924,-0.41637,-0.36657,-0.13290,-0.23488,-0.34939
-0.27885,-0.38783,0.11832,-0.34339,-0.28468,-0.30925,-0.41779,-0.30970,-0.52838,-0.46980,-0.20267,-0.43088,-0.58174
-0.39425,-0.37742,0.11764,-0.30344,-0.31887,-0.29121,-0.43639,-0.36104,-0.52068,-0.53433,-0.16535,-0.34906,-0.49381
-0.50794,-0.37940,0.12846,-0.22911,-0.33758,-0.23777,-0.49928,-0.41702,-0.45283,-0.58588,-0.19119,-0.39595,-0.44735
-0.61361,-0.57824,0.10429,-0.55806,-0.61021,-0.40263,-0.56377,-0.70326,-0.66166,-0.68696,-0.41851,-0.64003,-0.53733
-0.61229,-0.81355,0.08388,-0.82103,-0.80045,-0.89026,-0.84571,-0.85966,-0.86458,-0.92466,-0.75097,-0.73495,-0.64326
-0.80815,-1.00204,0.10836,-0.96310,-0.97408,-1.07589,-1.03228,-1.00881,-1.26078,-0.97358,-0.95864,-0.86819,-0.90507
-0.99293,-1.13643,0.11854,-1.00488,-1.16018,-1.22364,-1.15488,-1.03078,-1.40435,-1.15511,-1.01867,-1.07742,-1.13443
-1.15315,-1.39252,0.13675,-1.20206,-1.36366,-1.46247,-1.29889,-1.40982,-1.66469,-1.24890,-1.37418,-1.36217,-1.53836
-1.28360,-1.46449,0.16255,-1.22668,-1.39177,-1.56669,-1.27745,-1.58203,-1.76824,-1.36988,-1.47690,-1.40973,-1.57557
-1.38315,-1.56896,0.18732,-1.44009,-1.38964,-1.75448,-1.33725,-1.58989,-1.82484,-1.40077,-1.61341,-1.49287,-1.84637
-1.44771,-1.51922,0.17246,-1.58510,-1.46699,-1.58756,-1.23659,-1.47451,-1.86619,-1.43666,-1.54586,-1.34622,-1.64655
-1.47681,-1.49507,0.12658,-1.53868,-1.51513,-1.52069,-1.27783,-1.51846,-1.75671,-1.39477,-1.46339,-1.39983,-1.56520
-1.47242,-1.52129,0.16497,-1.59677,-1.73713,-1.45760,-1.33883,-1.31596,-1.70983,-1.38193,-1.62452,-1.37106,-1.67924
-1.43499,-1.50621,0.23343,-1.49761,-1.96858,-1.47841,-1.22251,-1.34863,-1.37791,-1.26927,-1.57567,-1.51241,-1.81113
-1.36489,-1.42584,0.17857,-1.50479,-1.80404,-1.37956,-1.18847,-1.36381,-1.22100,-1.49271,-1.30642,-1.54380,-1.45377
-1.26270,-1.27850,0.20921,-1.40244,-1.73460,-1.12839,-1.07977,-1.17839,-1.22031,-1.50025,-1.07504,-1.24652,-1.21931
-1.13141,-1.19184,0.19218,-1.27073,-1.59075,-1.08850,-1.01669,-1.12975,-1.14453,-1.43847,-0.98322,-1.06841,-1.18739
-0.97431,-1.05820,0.19908,-1.21620,-1.29187,-1.09491,-0.95322,-0.86016,-0.93365,-1.39858,-0.85129,-0.84556,-1.13651
-0.79936,-0.81489,0.24408,-1.01955,-1.01079,-0.75638,-0.57050,-0.51098,-0.90426,-1.24551,-0.61214,-0.58660,-0.93220
-0.61159,-0.53252,0.22052,-0.84296,-0.53334,-0.53322,-0.32467,-0.28768,-0.84457,-0.32116,-0.31364,-0.57643,-0.74758
-0.41603,-0.40046,0.27206,-0.72119,-0.41406,-0.63610,0.04751,-0.17309,-0.79107,-0.17769,-0.27092,-0.30368,-0.56433
-0.21516,-0.21970,0.34978,-0.53907,-0.26360,-0.52275,0.50418,-0.17004,-0.62170,0.20687,-0.20769,-0.18007,-0.40309
-0.01513,0.00986,0.57313,-0.36494,-0.12298,-0.41336,1.50323,-0.11012,-0.52584,0.27830,0.00764,-0.06045,-0.09291
0.17403,0.35137,0.58067,-0.02485,0.25664,0.30297,1.86167,0.20710,-0.37390,0.49211,0.26793,0.33679,0.18725
0.34685,0.70102,0.67652,0.24953,1.31088,0.56800,2.36049,0.48179,0.05852,0.81443,0.34751,0.44938,0.36967
0.50124,1.15768,0.85392,0.69724,2.24695,0.86234,2.99620,1.04930,0.29996,1.50787,0.56513,0.60077,0.75106
0.63089,1.42342,0.90376,1.03004,2.02493,0.92830,3.58117,1.04220,0.84453,2.14258,0.83358,0.74989,1.05697
0.72948,1.55723,0.85240,1.29434,2.39597,1.09355,3.49430,0.84968,1.20790,1.14890,0.83086,1.14240,2.11436
0.79284,2.52995,0.59882,1.65733,2.90239,2.39871,3.74733,2.49052,2.35497,2.45881,2.33926,1.86346,3.08674
0.82203,3.21465,0.71696,2.26470,4.05286,2.69671,4.28953,3.32382,2.92617,3.01016,3.86539,2.23264,3.48453
0.81801,3.79565,0.81846,2.82873,4.16146,3.79722,5.11883,3.24729,3.86835,3.25352,5.19079,3.07639,3.41396
0.78150,4.18083,0.80722,2.85141,4.14598,4.55028,4.72296,3.40591,5.04991,4.16818,5.49138,3.43661,3.98571
0.71293,2.71969,0.83521,1.38531,2.99301,1.15211,3.19990,2.35461,3.68542,2.99424,3.30845,2.98167,3.14215
0.61316,0.94848,0.53306,0.22461,1.00117,0.68214,1.24484,0.34060,1.33172,0.59909,1.97850,1.31974,0.76234
0.48519,0.54850,0.12725,0.43128,0.70252,0.41478,0.70737,0.42976,0.58883,0.54912,0.43201,0.49831,0.73107
0.33598,0.31589,0.09302,0.21532,0.46214,0.29488,0.23708,0.31935,0.25977,0.42119,0.37103,0.39152,0.18663
0.16747,-0.00562,0.10407,-0.00851,0.08397,0.14613,0.03400,-0.07149,0.00079,-0.19342,0.10227,-0.11937,-0.03055
-0.01544,-0.11986,0.12610,-0.04590,-0.07937,-0.00919,0.02051,-0.19735,-0.21461,-0.36088,0.02363,-0.22154,-0.11386
-0.20737,-0.29855,0.10907,-0.21239,-0.25725,-0.20133,-0.35132,-0.26112,-0.35494,-0.55757,-0.18332,-0.32207,-0.28423
-0.39984,-0.42426,0.12580,-0.22442,-0.35040,-0.40504,-0.49880,-0.49772,-0.42067,-0.66784,-0.30244,-0.51234,-0.36288
-0.58774,-0.74528,0.06525,-0.66910,-0.71465,-0.82004,-0.79760,-0.79694,-0.72498,-0.77952,-0.78088,-0.75643,-0.61262
-0.76574,-0.86293,0.08986,-0.83078,-0.82409,-0.93064,-0.94505,-0.84686,-0.96570,-0.98146,-0.82047,-0.78045,-0.70380
-0.93142,-1.04944,0.10935,-1.04456,-1.07310,-1.04969,-1.10104,-0.92098,-1.31052,-1.04228,-1.04794,-0.93302,-0.97130
-1.07693,-1.15699,0.09783,-1.08483,-1.19779,-1.14828,-1.14128,-1.03646,-1.39520,-1.14934,-1.13473,-1.19849,-1.08349
-1.19538,-1.29551,0.16497,-1.16910,-1.27473,-1.47820,-1.17532,-1.16858,-1.68519,-1.25702,-1.19307,-1.28293,-1.27094
-1.28395,-1.31694,0.16949,-1.26022,-1.32872,-1.45839,-1.18194,-1.25300,-1.74333,-1.27033,-1.23568,-1.17993,-1.25785
-1.34203,-1.40039,0.15671,-1.36227,-1.36177,-1.49287,-1.23231,-1.39288,-1.79247,-1.34352,-1.42943,-1.26274,-1.33361
-1.36591,-1.35963,0.10986,-1.32850,-1.28958,-1.50186,-1.25477,-1.31675,-1.58502,-1.31428,-1.42828,-1.25681,-1.32043
-1.35621,-1.32508,0.10303,-1.32926,-1.25971,-1.47123,-1.21355,-1.18628,-1.40269,-1.30934,-1.34780,-1.24685,-1.48407
-1.31432,-1.28810,0.11895,-1.28382,-1.17505,-1.44517,-1.14839,-1.23872,-1.28363,-1.14781,-1.28485,-1.39222,-1.48137
-1.24187,-1.18225,0.11867,-1.06512,-1.18692,-1.42355,-1.06839,-1.15816,-1.19752,-1.16124,-1.06454,-1.34318,-1.15387
-1.14191,-1.03458,0.11843,-1.03996,-0.97471,-1.23816,-1.00748,-1.16580,-1.13584,-0.92028,-0.83799,-1.02513,-1.00044
-1.01634,-0.76306,0.13285,-0.86907,-0.57158,-1.02334,-0.70199,-0.84111,-0.81661,-0.71412,-0.59679,-0.74850,-0.74748
-0.86931,-0.58494,0.08113,-0.56160,-0.42311,-0.57690,-0.59045,-0.63073,-0.64598,-0.60060,-0.48408,-0.63354,-0.70245
-0.70774,-0.43270,0.12242,-0.25008,-0.33416,-0.23674,-0.46015,-0.53452,-0.57834,-0.47588,-0.43188,-0.45582,-0.56941
-0.53449,-0.36696,0.11138,-0.27430,-0.26917,-0.24539,-0.34595,-0.45429,-0.57197,-0.50068,-0.33295,-0.27480,-0.40014
-0.35332,-0.14315,0.10005,-0.17247,-0.02502,-0.01744,-0.14149,-0.17238,-0.27830,-0.21534,-0.25023,-0.16763,0.00875
-0.10566,0.20899,0.09977,0.10213,0.43542,0.30054,0.17097,0.21287,0.20006,0.10227,0.13535,0.20859,0.22175
-0.00683,0.25886,0.09874,0.07892,0.45775,0.31232,0.17999,0.25165,0.27211,0.20077,0.31481,0.25916,0.26112
0.07984,0.25084,0.13709,0.07546,0.48111,0.26502,0.22010,0.09820,0.32201,0.11733,0.28107,0.20919,0.43893
0.15412,0.28078,0.12233,0.02732,0.48375,0.29022,0.19005,0.20426,0.27290,0.29634,0.31782,0.36419,0.36095
0.21429,0.35339,0.12853,0.32358,0.57608,0.25937,0.19864,0.18613,0.48937,0.28576,0.33975,0.43958,0.43563
0.28673,0.43012,0.15873,0.65632,0.73126,0.30508,0.28972,0.27070,0.52451,0.42930,0.40480,0.34220,0.34727
0.22690,0.39163,0.08827,0.46712,0.48469,0.28604,0.27436,0.27569,0.45026,0.48037,0.35873,0.46117,0.37787
0.14817,0.18503,0.11094,0.04821,0.20328,0.21283,0.12820,0.20459,0.20525,0.00498,0.24886,0.40960,0.18456
0.05465,0.15564,0.12121,0.17456,0.38925,0.28102,0.12736,0.00191,0.10293,-0.00388,0.16137,0.22740,0.09445
0.02636,-0.05880,0.10213,-0.07249,-0.03251,0.13080,0.02686,-0.15114,-0.05186,-0.22744,-0.01679,-0.16019,-0.03326
-0.16662,-0.20500,0.13389,-0.11033,-0.15550,-0.09268,-0.09150,-0.27145,-0.17500,-0.49117,-0.06820,-0.32496,-0.26926
-0.36735,-0.42501,0.13407,-0.37366,-0.44219,-0.26302,-0.35145,-0.36895,-0.59487,-0.66339,-0.24242,-0.47369,-0.47648
-0.56781,-0.48638,0.17980,-0.37403,-0.61504,-0.38818,-0.40984,-0.64003,-0.39637,-0.88869,-0.41140,-0.47031,-0.26996
-0.75989,-0.72760,0.13147,-0.75870,-0.65802,-0.71157,-0.94631,-0.69907,-0.59872,-0.97502,-0.62620,-0.67415,-0.62821
-0.84384,-0.87465,0.18380,-0.95254,-0.90609,-0.93972,-1.21629,-0.81283,-0.74274,-1.10279,-0.66786,-0.72471,-0.68092
-1.07946,-1.14765,0.15401,-1.17102,-1.19974,-1.22495,-1.31526,-1.26895,-0.98863,-1.36749,-0.97802,-0.93851,-1.02391
-1.29634,-1.23225,0.15238,-1.29466,-1.30126,-1.28644,-1.37644,-1.32451,-0.97408,-1.43187,-1.07396,-1.21764,-1.04169
-1.48175,-1.40231,0.16063,-1.40822,-1.66106,-1.34056,-1.39284,-1.53040,-1.22712,-1.61171,-1.25929,-1.41274,-1.17913
-1.63142,-1.59263,0.11380,-1.52000,-1.80028,-1.43002,-1.48028,-1.60897,-1.73075,-1.63942,-1.50928,-1.61747,-1.58984
-1.60644,-1.70132,0.10337,-1.63529,-1.89808,-1.58693,-1.57925,-1.76528,-1.80735,-1.65534,-1.62555,-1.71867,-1.74150
-1.77157,-1.77900,0.10406,-1.81465,-1.92355,-1.84265,-1.60351,-1.88775,-1.83262,-1.67059,-1.68819,-1.81445,-1.71203
-1.90605,-1.81415,0.13660,-1.85691,-2.01268,-1.93717,-1.65461,-1.98018,-1.82038,-1.65179,-1.66478,-1.84351,-1.71953
-2.00929,-1.89290,0.16605,-1.92876,-2.07642,-2.05396,-1.64056,-2.15018,-1.92936,-1.76043,-1.76747,-1.87921,-1.74262
-2.08086,-1.93262,0.16873,-2.00319,-2.05505,-2.10424,-1.69324,-2.20388,-1.99195,-1.79821,-1.92177,-1.83201,-1.72262
-2.12053,-2.06158,0.18294,-2.14321,-2.20924,-2.15031,-1.95535,-2.37565,-2.15100,-1.92663,-2.07005,-1.88494,-1.74941
-2.02029,-2.01989,0.12006,-2.02954,-2.10615,-2.04185,-1.91898,-2.25549,-2.14144,-1.90362,-1.89367,-1.99356,-1.91456
-2.07903,-1.99101,0.14322,-1.98287,-2.00866,-2.00057,-1.82640,-2.32293,-2.11697,-1.91782,-1.85575,-1.90780,-1.97036
-2.10608,-1.80486,0.12536,-1.82158,-1.85722,-1.82287,-1.60323,-2.02779,-1.90111,-1.81570,-1.61919,-1.74844,-1.83141
-2.10142,-1.91475,0.21275,-2.06247,-1.91874,-1.97678,-1.58667,-2.24972,-2.04824,-1.75360,-1.72272,-1.71278,-2.11573
-2.06524,-1.77255,0.16991,-1.71097,-1.79963,-1.89937,-1.50925,-1.93942,-2.01072,-1.52779,-1.80901,-1.65064,-1.86864
-1.99784,-1.83987,0.24862,-1.72173,-1.83616,-1.91040,-1.40320,-1.92180,-2.19684,-1.53407,-2.01777,-1.73901,-2.11770
-1.82738,-1.57710,0.18141,-1.63602,-1.56840,-1.61523,-1.29386,-1.51903,-1.93244,-1.33507,-1.63482,-1.52842,-1.70767
-1.77968,-1.43518,0.18333,-1.70892,-1.40548,-1.48177,-1.26842,-1.35546,-1.72813,-1.17591,-1.55100,-1.38905,-1.28765
-1.70115,-1.31293,0.17280,-1.53612,-1.42562,-1.39969,-1.13717,-1.04092,-1.51235,-1.17446,-1.26563,-1.19101,-1.44629
-1.59233,-1.27410,0.17451,-1.47486,-1.40883,-1.38400,-1.06742,-1.07391,-1.25071,-1.04183,-1.28432,-1.22797,-1.52716
-1.45391,-1.23302,0.13516,-1.46473,-1.26478,-1.37493,-1.15219,-1.01656,-1.15989,-1.15159,-1.12486,-1.29374,-1.32695
-1.16835,-1.16222,0.12021,-1.26181,-1.35665,-1.19033,-1.08330,-1.03189,-1.22985,-1.25420,-0.96170,-1.09097,-1.16147
-1.05216,-1.02877,0.10325,-1.12039,-0.97184,-1.11999,-1.08605,-0.94509,-1.11435,-1.01915,-0.85669,-0.90732,-1.14681
-0.91532,-0.92394,0.10862,-1.04129,-0.88634,-0.96227,-0.85656,-0.87504,-1.00891,-1.04457,-0.74079,-0.79562,-1.02800
-0.75980,-0.72528,0.10964,-0.89216,-0.68429,-0.71469,-0.67472,-0.59038,-0.78774,-0.73419,-0.58391,-0.68584,-0.90491
-0.59004,-0.64916,0.13946,-0.91386,-0.49054,-0.58624,-0.53043,-0.66759,-0.73100,-0.53458,-0.55294,-0.65551,-0.82889
-0.41265,-0.29449,0.08607,-0.38770,-0.24775,-0.24062,-0.30254,-0.18153,-0.35978,-0.25730,-0.29013,-0.21528,-0.46224
-0.23295,-0.18882,0.10492,-0.30717,-0.32416,-0.14793,-0.19915,-0.14709,-0.12497,0.04204,-0.24786,-0.19458,-0.23729
-0.05307,-0.03606,0.12089,-0.11738,-0.10749,0.06992,-0.04296,0.10149,0.04295,0.16033,-0.18868,-0.14806,-0.13075
0.11968,0.14494,0.09626,0.04524,0.13752,0.30296,0.19954,0.10022,0.17372,0.29200,0.09834,0.06959,0.03031
0.27731,0.25439,0.12977,0.13533,0.32380,0.48731,0.35816,0.11107,0.14111,0.38654,0.19547,0.26527,0.13984
0.41766,0.25468,0.14842,0.05671,0.27544,0.34902,0.32091,0.34640,0.00612,0.47128,0.30867,0.30761,0.10461
0.53558,0.33396,0.17292,0.05749,0.27205,0.52626,0.51601,0.38922,0.08317,0.44381,0.42848,0.43560,0.18755
0.62575,0.52169,0.14913,0.18776,0.50597,0.72302,0.64991,0.54380,0.40266,0.54166,0.47997,0.64103,0.54117
0.68618,0.60893,0.11476,0.38627,0.61833,0.76922,0.72421,0.48844,0.62378,0.63652,0.52355,0.69097,0.62807
0.71551,0.63909,0.16398,0.30197,0.68258,0.85365,0.82504,0.54335,0.67031,0.65559,0.48836,0.75021,0.61987
0.71374,0.72488,0.13780,0.48749,0.74815,0.90839,0.80192,0.57522,0.76261,0.75214,0.56380,0.77969,0.86935
0.68121,0.70254,0.12814,0.58065,0.73075,0.94860,0.68839,0.55637,0.78256,0.68900,0.53191,0.82198,0.69518
0.61973,0.52634,0.08435,0.39641,0.61012,0.56166,0.39758,0.51999,0.49168,0.58012,0.47990,0.63542,0.59048
0.53123,0.51665,0.12669,0.52615,0.71260,0.53201,0.32888,0.54322,0.54343,0.57857,0.44400,0.64771,0.30988
0.41886,0.35087,0.10599,0.33420,0.53425,0.30688,0.30485,0.43070,0.34030,0.49384,0.31281,0.26597,0.18486
0.28731,0.20661,0.07822,0.12606,0.27323,0.30290,0.13175,0.29591,0.22937,0.18406,0.28010,0.10848,0.13422
0.14027,0.06572,0.09031,0.04672,0.19353,0.19503,0.05728,-0.04034,0.08888,0.07140,0.11022,-0.09076,0.02529
-0.01945,-0.10465,0.08559,-0.07616,0.03511,-0.05992,-0.08525,-0.16969,-0.18304,-0.13527,0.01879,-0.20339,-0.18774
-0.18699,-0.19925,0.07980,-0.07374,-0.13636,-0.20473,-0.30080,-0.22121,-0.24117,-0.25508,-0.06801,-0.25908,-0.23237
-0.35753,-0.38846,0.11053,-0.28860,-0.35009,-0.26265,-0.45573,-0.34806,-0.40768,-0.58821,-0.25239,-0.51963,-0.41160
-0.52463,-0.51325,0.09209,-0.39136,-0.49408,-0.41643,-0.53524,-0.55208,-0.55509,-0.63571,-0.37547,-0.62512,-0.55192
-0.68539,-0.69086,0.08385,-0.55535,-0.59972,-0.71295,-0.67081,-0.75211,-0.83471,-0.74883,-0.61204,-0.73202,-0.69009
-0.83438,-0.76227,0.10512,-0.65036,-0.60398,-0.88968,-0.86940,-0.77198,-0.88863,-0.81621,-0.70344,-0.77436,-0.65468
-0.96499,-0.94937,0.10266,-0.94955,-0.89234,-0.98196,-1.00966,-0.84921,-1.18648,-0.99175,-0.86244,-0.84608,-0.92428
-1.07362,-1.02013,0.11795,-1.06582,-0.95633,-1.08971,-1.04736,-0.90096,-1.28645,-0.96535,-0.89879,-0.92677,-1.06375
-1.15699,-1.07498,0.11813,-1.15576,-1.05372,-1.05736,-1.02942,-0.93669,-1.34381,-0.95380,-1.01296,-1.05455,-1.15171
-1.21357,-1.03817,0.11333,-1.13635,-1.04150,-1.05631,-1.02446,-0.91172,-1.26752,-0.84703,-1.02334,-1.03039,-1.04305
-1.24064,-1.19220,0.15985,-1.47117,-1.21861,-1.22139,-1.06421,-0.97663,-1.34774,-1.03154,-1.13983,-1.09740,-1.35344
-1.23815,-1.18076,0.12992,-1.36329,-1.22359,-1.33611,-1.05800,-0.95579,-1.27121,-1.07238,-1.14854,-1.13541,-1.24333
-1.20685,-1.10305,0.14482,-1.16391,-1.06431,-1.39578,-1.01642,-0.91926,-1.14009,-1.04703,-0.91245,-1.15333,-1.21796
-1.14804,-1.09090,0.11598,-1.10905,-1.08114,-1.32213,-0.99148,-0.94208,-1.19235,-1.02355,-0.96988,-1.16215,-1.11518
-1.06454,-0.97438,0.10576,-1.01957,-0.94691,-1.12795,-0.88093,-0.97794,-1.10683,-0.93073,-0.78954,-0.90479,-1.05856
-0.95920,-0.95432,0.12875,-1.06397,-0.83483,-1.09585,-0.87172,-0.99820,-1.06488,-0.92937,-0.72403,-0.86424,-1.09615
-0.83442,-0.74836,0.11585,-0.88123,-0.60753,-0.92418,-0.70989,-0.69428,-0.79261,-0.82517,-0.57027,-0.67503,-0.80345
-0.69424,-0.58075,0.07007,-0.63008,-0.53156,-0.49142,-0.59371,-0.52576,-0.64122,-0.60211,-0.53082,-0.53923,-0.72156
-0.54408,-0.44484,0.09806,-0.58051,-0.36693,-0.36099,-0.46077,-0.38143,-0.52782,-0.42386,-0.39341,-0.33705,-0.61563
-0.38796,-0.30960,0.11598,-0.46803,-0.27151,-0.09861,-0.35848,-0.22482,-0.39522,-0.31434,-0.29259,-0.21099,-0.46140
-0.22886,-0.23481,0.12223,-0.42429,-0.22850,-0.02256,-0.12619,-0.16336,-0.41244,-0.23115,-0.25425,-0.19527,-0.29004
-0.07334,-0.12361,0.09846,-0.24354,-0.14739,-0.01858,0.00065,-0.09516,-0.11400,0.00850,-0.23840,-0.14743,-0.24077
0.07418,0.12343,0.10177,-0.02300,0.19057,0.26758,0.09587,0.26020,0.14478,0.18689,0.04856,0.03099,0.03182
0.20910,0.31586,0.12477,0.10734,0.45555,0.47680,0.26724,0.36123,0.23691,0.47627,0.30195,0.27227,0.20307
0.32843,0.43368,0.13267,0.14229,0.55381,0.61985,0.36091,0.45941,0.36327,0.48811,0.38277,0.52220,0.44418
0.42763,0.48014,0.14923,0.15021,0.66799,0.59937,0.59054,0.48688,0.43474,0.47647,0.33161,0.54533,0.51824
0.50220,0.59891,0.13400,0.40893,0.60942,0.82589,0.64902,0.44751,0.62184,0.69826,0.43674,0.70642,0.58506
0.55040,0.43866,0.14526,0.22947,0.46033,0.60286,0.53331,0.43108,0.23541,0.57412,0.46946,0.58137,0.26917
0.57114,0.51389,0.13088,0.26960,0.67938,0.45968,0.54406,0.39295,0.48246,0.55438,0.49179,0.72577,0.53879
0.56442,0.66652,0.12743,0.50147,0.71958,0.66825,0.68925,0.51455,0.78585,0.62018,0.51266,0.80339,0.85003
0.53058,0.64348,0.14402,0.48819,0.68271,0.80686,0.50908,0.49271,0.66551,0.70946,0.46228,0.78559,0.83236
0.47139,0.42621,0.10775,0.39505,0.55712,0.39650,0.31012,0.40579,0.47619,0.49631,0.44269,0.56648,0.21585
0.40322,0.32995,0.09966,0.25074,0.50968,0.36011,0.29378,0.33439,0.31932,0.46688,0.32885,0.26575,0.16995
0.27771,0.20302,0.08696,0.15294,0.32283,0.35687,0.18203,0.18911,0.19427,0.16982,0.24438,0.05278,0.16521
0.13460,0.02209,0.05825,0.01049,0.06696,0.12014,0.02065,-0.06392,0.03353,0.04366,0.05661,-0.07476,0.00755
-0.01983,-0.14066,0.10425,-0.03003,-0.07774,0.03235,-0.10667,-0.19383,-0.27791,-0.17622,-0.09169,-0.19507,-0.28976
-0.18134,-0.34424,0.13597,-0.23704,-0.32491,-0.18691,-0.26667,-0.23799,-0.54608,-0.34889,-0.29371,-0.39873,-0.60149
-0.34795,-0.41043,0.13021,-0.25525,-0.38132,-0.22732,-0.46934,-0.33991,-0.49949,-0.53876,-0.27857,-0.57766,-0.53671
-0.51447,-0.56200,0.09645,-0.37444,-0.60099,-0.60497,-0.55317,-0.68570,-0.57654,-0.58366,-0.41003,-0.62859,-0.60192
-0.67250,-0.69252,0.09892,-0.55420,-0.65908,-0.71446,-0.62590,-0.79733,-0.83560,-0.66036,-0.55942,-0.71625,-0.80262
-0.81751,-0.88600,0.14909,-0.81337,-0.86132,-0.94391,-0.82174,-0.88634,-1.23255,-0.78880,-0.71249,-0.78427,-1.01515
-0.94782,-0.91654,0.12835,-0.78949,-0.85051,-1.03449,-0.96866,-0.88488,-1.21998,-0.85316,-0.82401,-0.84599,-0.89426
-1.05565,-1.07049,0.14198,-1.08175,-1.05903,-1.06669,-0.99488,-0.93132,-1.43630,-1.04078,-0.98877,-0.96887,-1.13650
-1.13784,-1.05537,0.09548,-1.20879,-1.04878,-1.02270,-0.97211,-0.93223,-1.22702,-1.00638,-1.05897,-1.00062,-1.07614
-1.19392,-1.14033,0.13203,-1.31109,-1.14129,-1.17903,-1.01069,-0.99126,-1.38177,-0.97880,-1.17939,-1.11631,-1.11369
-1.22146,-1.13503,0.13479,-1.31075,-1.24565,-1.22361,-1.03400,-0.95211,-1.26556,-0.94210,-1.07601,-1.07718,-1.22336
-1.21936,-1.17329,0.13303,-1.38381,-1.21349,-1.34686,-1.07297,-1.04192,-1.15268,-0.94046,-1.19037,-1.19663,-1.19370
-1.18798,-1.22783,0.16567,-1.44855,-1.36740,-1.37794,-1.04948,-0.98905,-1.19324,-1.09475,-1.08791,-1.28019,-1.38978
-1.12914,-1.09262,0.11372,-1.21766,-1.26138,-1.23059,-1.01444,-0.91208,-1.10169,-1.07795,-0.98065,-1.07400,-1.05578
-1.04425,-1.04731,0.11249,-1.19408,-1.14303,-1.13531,-0.97013,-1.01845,-1.11889,-1.11187,-0.84936,-0.90704,-1.02498
-0.93619,-0.94054,0.13797,-1.10635,-0.91997,-0.78707,-0.88788,-0.97409,-0.99511,-1.19368,-0.79085,-0.78046,-0.96992
-0.81034,-0.81956,0.11215,-1.01158,-0.76965,-0.71068,-0.79314,-0.92580,-0.84473,-0.93683,-0.66936,-0.70564,-0.82823
-0.67039,-0.63915,0.09289,-0.78371,-0.45126,-0.62251,-0.62155,-0.62194,-0.59686,-0.76427,-0.61483,-0.62665,-0.68791
-0.51801,-0.52633,0.13136,-0.77014,-0.35214,-0.50915,-0.53827,-0.53380,-0.57531,-0.46002,-0.47012,-0.36128,-0.69311
-0.35902,-0.43074,0.12746,-0.59597,-0.23815,-0.35651,-0.45248,-0.64417,-0.46652,-0.37798,-0.33967,-0.32418,-0.51181
-0.19994,-0.13651,0.10110,-0.29061,-0.18082,-0.12686,-0.25415,-0.06069,-0.09519,-0.00654,-0.20782,-0.15606,0.01362
-0.04497,-0.00877,0.12076,-0.19604,-0.03536,-0.00493,-0.05505,0.04849,0.11585,0.18226,-0.16774,-0.06455,0.08938
0.10390,0.06526,0.14657,-0.11866,-0.11558,0.23529,0.21598,0.10727,0.05391,0.26406,-0.08409,-0.02631,0.12075
0.24122,0.20278,0.12627,-0.01663,0.33716,0.30322,0.35992,0.15172,0.16398,0.34532,0.10506,0.12477,0.15326
0.35918,0.40712,0.09538,0.17758,0.51702,0.44564,0.50251,0.36645,0.37233,0.45197,0.38249,0.43770,0.41750
0.45451,0.29140,0.12673,0.03314,0.32802,0.35296,0.45711,0.32573,0.14643,0.39176,0.27475,0.38103,0.22305
0.52640,0.37536,0.10005,0.14804,0.45295,0.44987,0.40013,0.39665,0.27939,0.43159,0.38744,0.48008,0.32745
0.57110,0.47158,0.16117,0.17920,0.52329,0.42851,0.61749,0.43733,0.52287,0.57353,0.48204,0.70829,0.24325
0.58661,0.52862,0.16144,0.20081,0.59115,0.56650,0.62995,0.50289,0.61077,0.63857,0.48056,0.74420,0.32077
0.57345,0.54875,0.10041,0.37815,0.57146,0.53252,0.61139,0.47012,0.59195,0.56414,0.51132,0.75977,0.49668
0.53264,0.48096,0.11300,0.28288,0.54417,0.46458,0.34436,0.45006,0.49738,0.45470,0.49403,0.65997,0.61743
0.46606,0.27156,0.09622,0.14638,0.28372,0.34659,0.17432,0.28596,0.22489,0.24672,0.41615,0.41245,0.17844
0.37627,0.16374,0.04869,0.10592,0.14816,0.21657,0.09742,0.18831,0.21944,0.12338,0.22728,0.17841,0.13251
0.26482,0.15560,0.05580,0.06142,0.12868,0.19702,0.11137,0.11118,0.18908,0.22650,0.19470,0.21701,0.11908
0.13537,0.05647,0.05080,-0.00268,0.07254,0.12408,0.06662,-0.00733,0.05763,0.13005,0.09650,0.00939,0.01788
-0.00582,-0.04306,0.09973,-0.00712,0.10688,0.08399,-0.04330,-0.15013,-0.16100,0.03507,-0.03943,-0.17108,-0.08444
-0.15709,-0.28105,0.10325,-0.22931,-0.19734,-0.23524,-0.24019,-0.21043,-0.42167,-0.22414,-0.24140,-0.30048,-0.51025
-0.31397,-0.35809,0.07695,-0.27618,-0.33263,-0.41979,-0.38402,-0.27406,-0.39797,-0.28684,-0.33387,-0.35276,-0.52276
-0.47030,-0.50484,0.10498,-0.36296,-0.56221,-0.66282,-0.45129,-0.48869,-0.58652,-0.47471,-0.32598,-0.55113,-0.58211
-0.61962,-0.65385,0.09878,-0.46918,-0.70748,-0.80060,-0.57424,-0.76324,-0.62553,-0.59792,-0.61083,-0.66416,-0.72529
-0.75776,-0.84908,0.08100,-0.82762,-0.92118,-0.80733,-0.68290,-0.86402,-0.98590,-0.81877,-0.87403,-0.81278,-0.89625
-0.88281,-0.86005,0.04791,-0.79800,-0.86640,-0.81125,-0.82569,-0.85443,-0.92589,-0.81036,-0.90052,-0.92492,-0.88303
-0.98977,-1.01944,0.12757,-1.23452,-0.95368,-1.04617,-0.93601,-0.81128,-1.08082,-0.92432,-0.94167,-1.12200,-1.14387
-1.07228,-1.14557,0.29415,-1.60847,-1.19765,-1.26735,-0.75107,-0.95406,-1.32077,-0.88133,-1.22387,-0.77402,-1.47706
-1.12837,-0.68095,0.37704,-1.04660,-1.04377,-1.14240,-0.28305,-0.15115,-0.94646,-0.16919,-0.74254,-0.53503,-0.74935
-1.15792,-0.69651,0.24507,-0.93700,-0.91891,-0.90986,-0.42278,-0.54140,-1.04418,-0.52760,-0.73646,-0.34284,-0.58411
-1.15953,-1.21748,0.20843,-1.10164,-1.49539,-1.11914,-1.02255,-1.21824,-1.25001,-1.12057,-1.17970,-1.00687,-1.66067
-1.13305,-1.66511,0.24460,-1.75814,-2.07972,-1.64432,-1.27264,-1.51320,-1.56703,-1.41573,-1.74347,-1.67173,-1.98508
-0.91670,-1.23198,0.15314,-1.46440,-1.34015,-1.35783,-1.14108,-1.01494,-1.14726,-1.04648,-1.13216,-1.32761,-1.34790
-0.93982,-1.20905,0.16156,-1.28897,-1.50165,-1.29782,-1.09844,-1.06148,-1.26167,-1.03302,-0.97454,-1.29843,-1.27448
-0.95035,-1.02143,0.10445,-1.05249,-1.15210,-1.13690,-0.98431,-0.96253,-1.10450,-1.03302,-0.85857,-0.86000,-1.06993
-0.94574,-1.04780,0.15627,-1.07440,-1.25130,-0.95233,-1.05587,-0.91038,-1.06207,-1.31799,-0.91541,-0.81668,-1.12161
-0.86346,-0.93297,0.12798,-1.05972,-1.00487,-0.93517,-0.90045,-0.76483,-0.95386,-1.10469,-0.80166,-0.74766,-1.05677
-0.70174,-0.68177,0.12135,-0.81824,-0.47721,-0.69847,-0.62436,-0.57941,-0.81776,-0.70892,-0.61085,-0.62572,-0.85676
-0.53264,-0.45764,0.09587,-0.56402,-0.42460,-0.39862,-0.46151,-0.46432,-0.53478,-0.41069,-0.37960,-0.30747,-0.63078
-0.35726,-0.28880,0.09252,-0.46269,-0.30334,-0.13987,-0.30566,-0.19693,-0.35434,-0.24066,-0.26678,-0.24645,-0.37125
-0.17926,-0.17757,0.09023,-0.28303,-0.27307,-0.09469,-0.22679,-0.17114,-0.13330,0.01658,-0.23981,-0.17979,-0.19071
-0.00491,-0.00374,0.09573,-0.09506,-0.04749,0.12969,0.03724,0.00731,0.02355,0.17079,-0.09241,-0.09496,-0.07609
0.16169,0.24433,0.09442,0.10445,0.34837,0.23313,0.23372,0.31976,0.21428,0.37145,0.32817,0.15196,0.13805
0.31342,0.46145,0.08560,0.28374,0.59838,0.43283,0.45972,0.45021,0.49910,0.54953,0.46103,0.48782,0.39219
0.44474,0.47463,0.10834,0.28971,0.53194,0.63139,0.44677,0.45399,0.30764,0.53623,0.49611,0.57583,0.47673
0.55127,0.62542,0.10955,0.42173,0.64871,0.81523,0.73133,0.54050,0.59136,0.61087,0.55018,0.67998,0.66435
0.63027,0.72103,0.13075,0.47292,0.70968,0.83751,0.83049,0.62037,0.78325,0.78371,0.54840,0.77777,0.84619
0.67880,0.66947,0.13718,0.37931,0.64620,0.84674,0.74465,0.60408,0.73265,0.77823,0.52068,0.72195,0.72021
0.69461,0.63690,0.11001,0.44451,0.67413,0.80252,0.72274,0.50559,0.66697,0.70232,0.53169,0.68397,0.63459
0.67775,0.71947,0.13288,0.49267,0.76810,0.82424,0.79000,0.59375,0.70807,0.75533,0.54984,0.80298,0.90970
0.62935,0.62573,0.10461,0.46998,0.70781,0.67343,0.59904,0.52350,0.62075,0.64273,0.49796,0.74121,0.78090
0.55169,0.52247,0.11050,0.63792,0.59979,0.48869,0.38738,0.41508,0.46335,0.63822,0.46890,0.69808,0.42726
0.44774,0.34585,0.11322,0.38886,0.55803,0.31842,0.30610,0.27941,0.25398,0.40616,0.34265,0.45390,0.15095
0.32027,0.30117,0.11039,0.30186,0.50488,0.42979,0.15143,0.27854,0.26267,0.37566,0.27193,0.27582,0.15914
0.17325,0.12222,0.07919,0.10428,0.26082,0.11702,0.04089,0.05334,0.17702,0.05980,0.24343,0.06256,0.10305
0.01229,-0.07138,0.08773,-0.02368,0.09935,-0.00259,-0.10777,-0.14567,-0.16177,-0.06732,-0.01584,-0.19104,-0.09744
-0.15777,-0.18221,0.06876,-0.06476,-0.15925,-0.20397,-0.20880,-0.19508,-0.16003,-0.30511,-0.09175,-0.23576,-0.19759
-0.33338,-0.36197,0.10684,-0.24871,-0.35033,-0.23898,-0.43024,-0.26445,-0.43432,-0.56396,-0.26671,-0.42779,-0.39419
-0.50939,-0.48342,0.10100,-0.32471,-0.43235,-0.37700,-0.54471,-0.51191,-0.50514,-0.64375,-0.38117,-0.57594,-0.53750
-0.67875,-0.65089,0.11148,-0.39674,-0.54438,-0.75468,-0.67066,-0.70049,-0.75108,-0.72183,-0.60821,-0.72319,-0.63761
-0.83591,-0.82542,0.07528,-0.80370,-0.74769,-0.92028,-0.95862,-0.81225,-0.90182,-0.81084,-0.75427,-0.79286,-0.75191
-0.97804,-1.00667,0.10247,-0.97692,-0.96410,-1.06580,-1.05413,-0.90446,-1.26010,-0.98573,-0.96460,-0.91650,-0.97434
-1.10025,-1.03741,0.11709,-0.99845,-0.96195,-1.05048,-1.07742,-0.93704,-1.33760,-0.99931,-0.96230,-0.96647,-1.08305
-1.19535,-1.08017,0.12592,-1.08536,-1.09636,-1.07335,-1.08413,-0.94057,-1.39036,-0.97337,-0.95983,-1.09554,-1.10279
-1.26150,-1.16159,0.14027,-1.24475,-1.15561,-1.12909,-1.11492,-0.97487,-1.47768,-1.00213,-1.21312,-1.19570,-1.10804
-1.29691,-1.16082,0.12946,-1.28068,-1.28779,-1.20700,-1.07551,-0.99623,-1.32082,-0.92312,-1.18988,-1.14261,-1.18456
-1.29979,-1.22876,0.10843,-1.31041,-1.29854,-1.34342,-1.12734,-1.04276,-1.34929,-1.09101,-1.23480,-1.21200,-1.27805
-1.27010,-1.15695,0.15541,-1.22798,-1.11388,-1.39388,-1.09753,-0.90742,-1.20603,-0.94700,-1.10510,-1.34189,-1.22878
-1.20950,-1.11423,0.12965,-1.18307,-1.06820,-1.36555,-1.01878,-0.96877,-1.16465,-0.95099,-1.10391,-1.25316,-1.06528
-1.11978,-0.99953,0.10146,-1.05210,-0.89163,-1.17627,-0.97597,-0.95863,-1.10205,-0.89379,-0.86022,-1.04418,-1.04043
-1.00373,-0.90141,0.09285,-1.00101,-0.76892,-0.95442,-0.84199,-0.88897,-1.04131,-0.89627,-0.76798,-0.87687,-0.97636
-0.86513,-0.70376,0.09361,-0.78561,-0.60835,-0.67620,-0.69455,-0.60263,-0.78118,-0.84892,-0.56661,-0.69240,-0.78115
-0.70989,-0.57106,0.09414,-0.65339,-0.45355,-0.48511,-0.54788,-0.42619,-0.67745,-0.59691,-0.55189,-0.62447,-0.69376
-0.54302,-0.48220,0.13811,-0.63249,-0.38838,-0.25237,-0.47685,-0.27766,-0.62072,-0.54171,-0.46249,-0.55757,-0.61178
-0.36687,-0.22710,0.10736,-0.37331,-0.10341,-0.11128,-0.25981,-0.17092,-0.31190,-0.37194,-0.27489,-0.20176,-0.09175
-0.18821,-0.08968,0.10499,-0.21751,-0.08306,0.04001,-0.10621,0.02660,0.02572,-0.24957,-0.16586,-0.14451,-0.02247
-0.01517,-0.05723,0.11644,-0.10551,0.00603,0.16900,-0.08303,-0.18405,-0.01612,-0.11723,-0.15837,-0.16751,0.08449
0.14787,0.15240,0.11627,0.02492,0.33567,0.27751,0.07734,0.05279,0.29026,0.04134,0.20490,0.07178,0.14744
0.29733,0.29394,0.12913,0.15688,0.41887,0.37037,0.24262,0.30419,0.53834,0.10727,0.33710,0.27043,0.19339
0.42745,0.25551,0.11292,0.04938,0.07300,0.40268,0.32063,0.29589,0.24462,0.23338,0.29092,0.34008,0.30456
0.53356,0.40159,0.23372,0.38505,0.20716,0.43109,0.39785,0.05122,0.32771,0.96672,0.36218,0.44492,0.44205
0.61081,0.81706,0.32570,0.60103,0.89817,0.70770,1.10315,0.20782,0.67409,1.34873,0.59446,1.05839,0.97705
0.65747,0.95959,0.29278,0.72173,1.00426,0.87397,1.46876,0.57635,0.96258,1.03847,0.55893,1.29899,1.09184
0.67311,0.95632,0.22347,0.97572,1.16817,1.10400,1.28685,0.69863,0.93715,0.73089,0.58119,1.05928,1.02136
0.65730,0.87839,0.20352,1.14850,1.09494,1.05596,0.93087,0.52221,0.72240,0.73184,0.68673,0.93316,0.95733
0.61116,0.75451,0.18708,0.66200,0.95762,0.87308,0.79883,0.57393,0.61948,0.67364,0.47808,1.08764,0.82077
0.63406,0.67097,0.34840,0.67261,0.55975,1.24069,0.97950,0.48373,0.37008,0.63812,0.28233,1.17310,0.30980
0.42198,0.28149,0.24836,0.21014,0.14341,0.70595,0.20176,0.11017,0.10809,0.13461,0.22828,0.78357,0.18893
0.18599,0.05779,0.14467,0.11214,0.27230,0.29095,0.04939,-0.11220,-0.09050,-0.02771,0.14479,0.01166,-0.07289
-0.06423,-0.26972,0.15150,-0.40094,-0.30823,-0.00345,-0.18900,-0.26519,-0.14317,-0.35959,-0.14727,-0.35877,-0.52155
-0.31801,-0.18140,0.30035,-0.31836,-0.37196,0.38071,-0.23424,-0.62551,0.25581,-0.26086,-0.20983,-0.35688,-0.07292
-0.43605,-0.70215,0.13254,-0.73001,-0.84533,-0.82198,-0.64173,-0.72592,-0.52403,-0.78214,-0.44480,-0.81902,-0.68659
-0.77519,-0.96678,0.19465,-0.86993,-1.06940,-1.13400,-1.10130,-0.78757,-0.86127,-1.25278,-0.65284,-0.80902,-1.12966
-1.10299,-1.17669,0.16092,-1.05161,-1.29681,-1.27538,-1.25438,-1.06909,-1.16198,-1.48087,-0.97792,-0.97405,-1.22480
-1.40837,-1.33072,0.18765,-1.16894,-1.75978,-1.32663,-1.28379,-1.21899,-1.34187,-1.48013,-1.11459,-1.41010,-1.20237
-1.68782,-1.59902,0.32424,-1.50742,-2.31594,-1.80174,-1.55643,-1.27659,-1.71287,-1.61253,-1.29413,-1.71136,-1.20123
-1.93493,-1.90388,0.40917,-1.90400,-2.81474,-2.18472,-1.86826,-1.48635,-2.07595,-1.87177,-1.54728,-1.89639,-1.38931
-1.91599,-2.16410,0.45933,-2.27449,-3.32085,-2.30175,-2.29184,-1.88910,-2.15311,-1.92158,-1.93975,-1.88493,-1.66361
-2.20360,-2.32252,0.51550,-2.18058,-3.62153,-2.53707,-2.46933,-1.93801,-2.28916,-2.01315,-2.37408,-1.81730,-1.98496
-2.46593,-2.45105,0.56077,-1.95326,-3.85541,-2.71408,-2.50593,-2.04995,-2.41570,-2.05514,-2.65143,-2.11317,-2.19647
-2.70171,-2.56649,0.41117,-1.99985,-3.47083,-2.82160,-2.76547,-2.48685,-2.47353,-2.10090,-2.66725,-2.48240,-2.39620
-2.90977,-2.71705,0.32901,-2.33144,-3.13086,-3.17792,-2.94809,-3.02263,-2.55735,-2.29751,-2.66802,-2.59672,-2.44001
-3.08911,-2.81887,0.35824,-2.37013,-3.14032,-3.42512,-3.14797,-3.04709,-2.62097,-2.37259,-2.71216,-2.80252,-2.54981
-3.23890,-3.00251,0.30994,-2.68006,-3.17258,-3.54190,-3.20798,-3.11121,-2.99033,-2.44869,-2.74029,-3.10465,-3.02742
-3.09666,-3.07795,0.38889,-2.65336,-3.59390,-3.74490,-3.29447,-3.02060,-3.04756,-2.51135,-2.76552,-3.06831,-3.07954
-3.29479,-3.17941,0.42572,-2.87227,-3.57251,-4.06100,-3.34165,-2.88063,-3.26837,-2.59797,-2.82036,-3.27456,-3.10483
-3.46425,-3.33760,0.41955,-3.11202,-3.84469,-4.15129,-3.54200,-3.09197,-3.34472,-2.82629,-2.90428,-3.44663,-3.11213
-3.60426,-3.39657,0.35858,-3.21057,-3.84383,-4.11478,-3.43527,-3.35127,-3.39703,-2.97915,-2.97043,-3.47126,-3.19211
-3.71421,-3.56193,0.36565,-3.26295,-3.96299,-4.29680,-3.61830,-3.77095,-3.49748,-3.28384,-3.30333,-3.52612,-3.09660
-3.79363,-3.47365,0.34725,-3.09057,-3.59887,-4.28110,-3.62577,-3.11204,-3.56608,-3.55680,-3.37381,-3.31599,-3.21549
-3.84221,-3.44785,0.38377,-3.04792,-3.83053,-4.31538,-3.55664,-3.05471,-3.30244,-3.38286,-3.25177,-3.47680,-3.25947
-3.57715,-3.44638,0.34722,-3.19388,-3.43772,-4.23812,-3.60880,-2.90961,-3.49722,-3.24845,-3.53564,-3.50972,-3.28467
-3.67819,-3.35817,0.50647,-3.12072,-2.99616,-4.57986,-3.70138,-2.75742,-3.46799,-3.02361,-3.20110,-3.34284,-3.39067
-3.74889,-3.52414,0.38505,-3.46607,-3.51009,-4.49243,-3.57386,-3.47604,-3.67450,-3.13488,-3.11701,-3.30654,-3.49000
-3.78900,-3.49593,0.38104,-3.27352,-3.39398,-4.35269,-3.60735,-3.38242,-3.88800,-3.08190,-3.16782,-3.26706,-3.54452
-3.79842,-3.47132,0.43200,-3.02105,-3.64169,-4.44805,-3.45781,-3.32558,-3.85698,-3.04422,-3.22608,-3.18823,-3.50348
-3.77719,-3.49260,0.46782,-3.04356,-3.92364,-4.50605,-3.37520,-3.64334,-3.65994,-2.96067,-3.22244,-3.12666,-3.46447
-3.72554,-3.48365,0.53229,-3.17408,-4.09720,-4.57203,-3.13029,-3.58345,-3.78688,-2.92164,-3.27818,-2.94533,-3.34746
-3.64384,-3.27820,0.50446,-3.19725,-3.86162,-4.31350,-2.90070,-3.45760,-3.41661,-2.77281,-3.20649,-2.75272,-2.90273
-3.35226,-3.30284,0.46521,-3.33290,-3.64946,-4.16928,-2.82041,-3.71736,-3.39211,-2.96756,-3.39059,-2.67975,-2.90899
-3.32379,-3.26432,0.47357,-3.34723,-3.40544,-3.82750,-2.77113,-3.95891,-3.42610,-2.80665,-3.63968,-2.69962,-2.76098
-3.26521,-3.10461,0.43507,-3.33416,-3.04092,-3.43263,-2.75031,-3.91287,-3.07961,-2.56988,-3.50625,-2.72849,-2.69096
-3.17694,-2.96953,0.32046,-3.04305,-2.90758,-3.34312,-2.80222,-3.44787,-2.60980,-2.78297,-3.38826,-2.59191,-2.77849
-3.05950,-2.74572,0.36805,-2.68274,-2.85047,-3.40470,-2.54694,-3.25489,-2.32807,-2.64227,-2.95226,-2.41691,-2.37796
-2.91359,-2.56165,0.31741,-2.60066,-2.67963,-3.18825,-2.22681,-2.84799,-2.22500,-2.30279,-2.73770,-2.25651,-2.55117
-2.74003,-2.35767,0.28655,-2.45703,-2.21527,-2.75649,-1.77177,-2.48113,-2.39271,-2.22313,-2.66071,-2.11505,-2.50338
-2.35964,-2.15922,0.30617,-2.08964,-1.77625,-2.58652,-1.84775,-2.18368,-2.32378,-1.88128,-2.70653,-2.07993,-2.11687
-2.23651,-2.03643,0.26856,-2.39969,-1.74802,-2.35053,-1.70435,-1.87292,-2.10361,-1.97265,-2.37689,-1.76667,-2.06894
-2.08527,-1.77169,0.16808,-1.90910,-1.66570,-2.00112,-1.46913,-1.67363,-1.83282,-1.59539,-1.85227,-1.77571,-1.94208
-1.90676,-1.23761,0.11013,-1.24894,-1.14387,-1.51537,-1.16634,-1.15232,-1.24596,-1.22138,-1.26574,-1.27079,-1.14538
-1.70195,-1.11203,0.11225,-0.99192,-1.02475,-1.32676,-1.05880,-1.16055,-1.19062,-1.18940,-0.94521,-1.11143,-1.12086
-1.47196,-1.01877,0.09790,-0.97067,-0.91904,-1.20482,-0.96232,-1.15316,-1.03595,-0.96278,-0.90278,-1.02223,-1.05399
-1.21801,-0.84663,0.11913,-0.89917,-0.69372,-1.08069,-0.80534,-0.98794,-0.80180,-0.88879,-0.75595,-0.73597,-0.81694
-0.78425,-0.43287,0.13663,-0.43305,-0.26945,-0.59117,-0.36657,-0.57556,-0.48513,-0.58239,-0.47019,-0.18600,-0.36919
-0.58309,-0.06102,0.11374,-0.15352,0.06913,0.03203,-0.07455,0.01794,-0.07429,-0.23296,-0.23081,-0.02999,0.06680
-0.37687,0.18728,0.13441,0.10843,0.40062,0.24489,0.20257,0.28034,0.17769,0.25513,-0.11654,0.15179,0.16787
-0.16825,0.23894,0.10278,0.07444,0.40410,0.31546,0.26730,0.33934,0.19559,0.29411,0.13352,0.21152,0.15402
0.03740,0.31284,0.11342,0.07967,0.35631,0.33783,0.47320,0.31214,0.29845,0.37465,0.26255,0.43211,0.20149
0.23261,0.33823,0.13103,0.09496,0.43039,0.35216,0.51162,0.44719,0.21859,0.46191,0.34020,0.30543,0.21980
0.52315,0.20304,0.16581,0.00790,0.34026,0.33994,0.38776,0.28880,-0.00628,0.39332,0.17861,0.01205,0.08804
0.56909,0.41033,0.16017,0.20484,0.45978,0.54190,0.67032,0.43862,0.21699,0.48459,0.35082,0.52655,0.20893
0.58407,0.57084,0.19789,0.42271,0.68976,0.53694,1.01799,0.48182,0.32815,0.71003,0.42033,0.60316,0.49747
0.57242,0.43739,0.17040,0.26777,0.64936,0.44461,0.67621,0.46587,0.28095,0.47320,0.38290,0.57977,0.15328
0.53538,0.33233,0.11862,0.15222,0.53601,0.41284,0.37336,0.36477,0.22530,0.38231,0.32557,0.38275,0.16816
0.47434,0.29996,0.14253,0.18706,0.35006,0.35632,0.28223,0.16365,0.22105,0.31798,0.37672,0.61986,0.12470
0.39197,0.26397,0.12806,0.17941,0.44077,0.29134,0.20751,0.17835,0.20560,0.17408,0.32709,0.51354,0.12201
0.29086,0.20080,0.11252,0.04778,0.41300,0.27275,0.11729,0.14328,0.17624,0.12713,0.23955,0.33577,0.13520
0.17407,0.17904,0.09504,0.17432,0.21287,0.25916,0.07396,0.15626,0.16377,0.01482,0.22926,0.35664,0.14936
0.04391,0.00736,0.09710,0.10118,0.10461,0.12616,0.02159,-0.11118,-0.04692,-0.14372,0.09151,-0.06491,-0.00473
-0.09445,-0.15921,0.12197,0.00759,-0.05557,-0.01794,-0.22557,-0.20062,-0.38679,-0.19274,-0.08335,-0.17651,-0.26059
-0.23744,-0.29692,0.12395,-0.18823,-0.21020,-0.16521,-0.35531,-0.24020,-0.46672,-0.37794,-0.19621,-0.25410,-0.51508
-0.38242,-0.41246,0.11644,-0.24004,-0.32601,-0.29942,-0.45368,-0.36273,-0.55477,-0.55338,-0.34759,-0.42126,-0.56568
-0.52487,-0.49954,0.10321,-0.30023,-0.43547,-0.48189,-0.52942,-0.51941,-0.58844,-0.63501,-0.37530,-0.55609,-0.57408
-0.65907,-0.67745,0.05889,-0.57290,-0.62966,-0.75613,-0.64394,-0.69375,-0.76226,-0.69599,-0.63086,-0.68649,-0.70251
-0.78272,-0.78682,0.06544,-0.75612,-0.73193,-0.92983,-0.72442,-0.79894,-0.84782,-0.76807,-0.72892,-0.75482,-0.82734
-0.89150,-0.96152,0.12076,-0.99246,-0.88249,-1.08725,-0.91013,-0.86194,-1.17649,-0.90928,-0.87364,-0.82107,-1.10040
-0.98065,-1.04554,0.14548,-1.06251,-0.94156,-1.20675,-1.02234,-0.91972,-1.29563,-0.91975,-0.94944,-0.91338,-1.22429
-1.04797,-1.06057,0.13836,-1.03345,-1.00522,-1.31192,-1.07455,-0.91780,-1.21439,-1.01597,-0.93685,-0.90041,-1.19517
-1.09238,-1.07363,0.13482,-0.99937,-1.05818,-1.35695,-1.07961,-0.92502,-1.19283,-1.03073,-1.03645,-0.89828,-1.15885
-1.11264,-1.19707,0.14302,-1.22990,-1.24802,-1.42345,-1.06124,-1.03635,-1.33418,-1.11717,-1.20915,-0.98811,-1.32314
-1.10762,-1.07477,0.12095,-0.98020,-1.10823,-1.36695,-1.01952,-1.02397,-1.07949,-1.03268,-1.04039,-0.93371,-1.16260
-1.07806,-0.96238,0.10225,-0.81049,-0.99109,-1.16325,-0.94835,-0.87066,-0.98416,-1.06370,-0.89447,-0.89627,-1.00135
-1.02487,-0.89693,0.08911,-0.75096,-0.87644,-0.95894,-1.00706,-0.98753,-0.87040,-0.97876,-0.80412,-0.80505,-0.93002
-0.94976,-0.92074,0.09087,-0.89349,-0.87605,-1.03056,-0.88749,-1.01734,-0.95997,-1.03501,-0.79607,-0.78331,-0.92812
-0.85645,-0.82012,0.10966,-0.85890,-0.64057,-0.99631,-0.83671,-0.85545,-0.81783,-0.95374,-0.70403,-0.71724,-0.82048
-0.74610,-0.70493,0.10700,-0.74938,-0.53956,-0.81918,-0.71268,-0.62627,-0.71121,-0.91421,-0.65342,-0.61594,-0.70743
-0.62205,-0.56578,0.09275,-0.68200,-0.44310,-0.63210,-0.50683,-0.53484,-0.58771,-0.67441,-0.58208,-0.40573,-0.60899
-0.49006,-0.36226,0.09417,-0.37877,-0.19475,-0.34201,-0.36466,-0.40519,-0.40847,-0.41153,-0.45271,-0.20058,-0.46392
-0.35370,-0.22976,0.08024,-0.29600,-0.15601,-0.22940,-0.31970,-0.22899,-0.24220,-0.07656,-0.27519,-0.15237,-0.32115
-0.21442,-0.16167,0.07670,-0.29088,-0.17809,-0.14299,-0.23671,-0.22272,-0.12371,-0.08106,-0.19427,-0.10137,-0.04490
-0.07662,-0.05367,0.08515,-0.21619,-0.08615,-0.00513,-0.10208,0.01873,0.00682,-0.01554,-0.15191,-0.04571,0.06042
0.05519,0.09871,0.11442,-0.14044,0.14267,0.13065,0.14666,0.22159,0.12272,0.19337,-0.07356,0.11914,0.12433
0.17426,0.17681,0.09936,-0.06881,0.13050,0.28945,0.22256,0.21282,0.17537,0.27256,0.17944,0.20085,0.15331
0.27732,0.22285,0.08850,0.03155,0.28420,0.34162,0.25539,0.29463,0.17908,0.27232,0.22329,0.18935,0.15710
0.36334,0.30708,0.10314,0.11491,0.40090,0.30177,0.39572,0.36781,0.23670,0.31986,0.30087,0.44480,0.18745
0.42885,0.28530,0.11936,0.07612,0.39550,0.36161,0.31344,0.33287,0.18478,0.27313,0.32840,0.45358,0.13359
0.47073,0.44505,0.11239,0.25949,0.60356,0.41814,0.38775,0.46353,0.37465,0.48816,0.45173,0.63680,0.36665
0.48738,0.39306,0.13430,0.26363,0.60248,0.50947,0.31969,0.43547,0.25927,0.41654,0.37669,0.54903,0.19828
0.47912,0.37420,0.11472,0.23797,0.56743,0.39207,0.29241,0.42914,0.26942,0.35970,0.40198,0.53667,0.25520
0.44649,0.32750,0.10896,0.17725,0.48839,0.32828,0.26148,0.40114,0.23981,0.33191,0.34560,0.49112,0.21006
0.39050,0.27832,0.13223,0.11396,0.40830,0.28578,0.17302,0.36361,0.22445,0.19132,0.31651,0.54277,0.16350
0.31401,0.14008,0.09662,-0.01586,0.17526,0.27917,0.10168,0.13286,0.09637,0.04789,0.28831,0.19805,0.09710
0.21819,0.11143,0.08932,-0.00775,0.18157,0.23780,0.07484,0.09698,0.15025,-0.02299,0.21961,0.13155,0.05249
0.10605,0.03913,0.07999,0.00933,-0.01669,0.12806,0.03191,0.02025,-0.04271,-0.02473,0.21848,0.00006,0.06738
-0.01892,-0.17207,0.10919,-0.04786,-0.16663,-0.10661,-0.29520,-0.19268,-0.29273,-0.32717,-0.00098,-0.18200,-0.10889
-0.15097,-0.19181,0.06915,-0.07640,-0.17893,-0.15801,-0.18465,-0.22304,-0.30981,-0.23159,-0.10010,-0.20691,-0.24868
-0.28640,-0.33375,0.07723,-0.27145,-0.29232,-0.32271,-0.38246,-0.28311,-0.47874,-0.31212,-0.27458,-0.26878,-0.45127
-0.42367,-0.42906,0.11512,-0.21409,-0.36756,-0.34626,-0.48708,-0.41367,-0.52098,-0.57283,-0.32400,-0.49590,-0.54820
-0.55832,-0.53384,0.10070,-0.33172,-0.46342,-0.57464,-0.51411,-0.56172,-0.56956,-0.68420,-0.43630,-0.60871,-0.59400
-0.68325,-0.56271,0.11904,-0.36189,-0.59781,-0.69638,-0.51810,-0.63748,-0.54818,-0.69203,-0.36694,-0.63443,-0.57388
-0.79483,-0.67510,0.06970,-0.56383,-0.68351,-0.71564,-0.67799,-0.75828,-0.71202,-0.74704,-0.57032,-0.71014,-0.61224
-0.78220,-0.83660,0.06661,-0.74952,-0.83589,-0.94861,-0.88160,-0.82542,-0.87928,-0.90904,-0.76677,-0.77144,-0.79839
-0.93577,-0.96312,0.09364,-0.91598,-0.93914,-1.04040,-0.94005,-0.88873,-1.17052,-0.98490,-0.90899,-0.83712,-1.00542
-1.07058,-1.00320,0.09477,-0.96783,-0.99607,-1.09731,-0.99772,-0.92751,-1.19883,-1.04041,-0.92809,-0.86362,-1.01463
-1.17969,-0.98605,0.09854,-0.88588,-0.97997,-1.10269,-1.05170,-0.88360,-1.09914,-1.10968,-0.91210,-0.86277,-0.97294
-1.26170,-1.05478,0.13371,-1.00267,-1.06211,-1.12909,-1.19181,-0.87265,-1.25622,-1.18495,-1.00684,-0.87120,-0.97025
-1.31311,-1.14507,0.12431,-1.06989,-1.10230,-1.27492,-1.23968,-1.03886,-1.34312,-1.26504,-1.06882,-0.97024,-1.07784
-1.28698,-1.16305,0.14337,-1.12231,-1.11906,-1.36815,-1.20484,-1.05247,-1.37777,-1.29553,-1.05947,-0.95460,-1.07628
-1.34905,-1.20089,0.16887,-1.29930,-1.14325,-1.44214,-1.18314,-1.07043,-1.43474,-1.33392,-1.06932,-0.94463,-1.08802
-1.38080,-1.14590,0.15990,-1.21255,-1.13016,-1.30158,-1.15365,-0.96046,-1.37689,-1.32948,-1.06680,-0.90438,-1.02305
-1.37887,-1.08420,0.15316,-1.03982,-1.01651,-1.34944,-1.12609,-0.95024,-1.26860,-1.21613,-0.95703,-0.87071,-1.04739
-1.34469,-1.09799,0.12590,-1.16959,-1.00372,-1.27439,-1.14095,-1.01628,-1.30268,-1.07518,-1.06713,-0.89341,-1.03656
-1.22417,-1.07816,0.14633,-1.26561,-0.97091,-1.27082,-1.09894,-0.97371,-1.28334,-1.08584,-0.93693,-0.92048,-0.97498
-1.20580,-0.95067,0.14668,-1.02177,-0.88598,-1.28615,-1.04935,-0.88321,-1.00857,-0.91638,-0.82591,-0.83004,-0.79929
-1.16177,-0.88083,0.12440,-0.95643,-0.74591,-1.16192,-0.88600,-0.76003,-0.93572,-0.92816,-0.77682,-0.83899,-0.81835
-1.09126,-0.87282,0.12693,-0.78175,-0.78792,-1.14750,-0.88093,-0.90106,-0.89941,-0.99713,-0.71834,-0.85460,-0.75955
-0.99779,-0.93883,0.13969,-0.86722,-0.79372,-1.11954,-0.80403,-1.07789,-0.97959,-1.10534,-0.72239,-0.99248,-0.92613
-0.81920,-0.71638,0.09190,-0.74955,-0.57184,-0.82464,-0.64707,-0.70509,-0.76052,-0.84392,-0.58217,-0.74503,-0.73398
-0.76071,-0.48792,0.09295,-0.52049,-0.40557,-0.61072,-0.50370,-0.54151,-0.52324,-0.51343,-0.30280,-0.56657,-0.39118
-0.69048,-0.46369,0.12220,-0.51131,-0.48501,-0.62557,-0.33116,-0.56391,-0.47540,-0.61875,-0.30622,-0.42009,-0.29946
-0.60944,-0.49969,0.11536,-0.49589,-0.45790,-0.63627,-0.44505,-0.60149,-0.49303,-0.65090,-0.32646,-0.56134,-0.32858
-0.51951,-0.40934,0.11815,-0.42168,-0.41291,-0.28147,-0.37273,-0.58177,-0.42016,-0.62708,-0.27827,-0.40327,-0.29404
-0.36662,-0.39706,0.19010,-0.44932,-0.45356,-0.15445,-0.26292,-0.50395,-0.52140,-0.80663,-0.30431,-0.25548,-0.25855
-0.34181,-0.21202,0.14654,-0.16467,-0.27792,-0.03316,-0.09606,-0.25802,-0.38550,-0.48487,-0.20837,-0.18339,-0.02829
-0.31762,-0.12381,0.07921,-0.04863,-0.26419,-0.05125,-0.10135,-0.16448,-0.05881,-0.18058,-0.19523,-0.15159,-0.02203
-0.29343,-0.06026,0.09012,0.00333,-0.18591,-0.01191,0.02146,-0.16147,0.05379,-0.09071,-0.13261,-0.13472,0.03612
-0.26958,-0.22583,0.18711,-0.28412,-0.28957,0.01722,-0.01058,-0.17748,-0.29190,-0.66190,-0.20715,-0.16820,-0.18461
-0.21547,-0.38401,0.14750,-0.34035,-0.50542,-0.20055,-0.33428,-0.29634,-0.43759,-0.66948,-0.34498,-0.20091,-0.51021
-0.27119,-0.35474,0.17156,-0.38442,-0.44992,-0.13630,-0.23377,-0.18080,-0.50012,-0.66805,-0.23954,-0.25727,-0.49716
-0.32924,-0.31907,0.13593,-0.27968,-0.32056,-0.31507,-0.08126,-0.18461,-0.48987,-0.49054,-0.25228,-0.29511,-0.48176
-0.38624,-0.54162,0.17066,-0.61413,-0.74865,-0.40939,-0.47865,-0.25944,-0.68889,-0.72471,-0.31174,-0.59855,-0.58207
-0.35793,-0.68208,0.12840,-0.70240,-0.82951,-0.71589,-0.57680,-0.51000,-0.73341,-0.91907,-0.53009,-0.63370,-0.66992
-0.48463,-0.74083,0.11517,-0.88179,-0.87218,-0.75397,-0.66892,-0.55238,-0.83677,-0.83908,-0.61034,-0.66846,-0.72446
-0.60911,-0.79792,0.09234,-0.90592,-0.94420,-0.89651,-0.72408,-0.67045,-0.79994,-0.81564,-0.75014,-0.70428,-0.76806
-0.72251,-0.94939,0.11130,-1.08016,-1.11242,-1.02220,-0.98517,-0.77436,-0.96225,-0.94438,-0.90771,-0.78214,-0.92315
-0.82097,-1.05623,0.15292,-1.15594,-1.35308,-1.09507,-1.06829,-0.80865,-1.08311,-1.07587,-1.10661,-0.87799,-0.93773
-0.90340,-1.12443,0.15992,-1.13914,-1.45807,-1.25958,-1.03695,-0.88502,-1.17040,-1.17145,-1.10553,-0.96377,-1.05441
-0.96564,-1.20559,0.15897,-1.23055,-1.52938,-1.32173,-1.14622,-0.97304,-1.22748,-1.18906,-1.29486,-1.01544,-1.12814
-1.00467,-1.23719,0.14026,-1.21558,-1.53454,-1.33060,-1.18183,-1.15252,-1.16364,-1.20093,-1.38720,-1.05947,-1.14558
-1.02070,-1.34667,0.11630,-1.27223,-1.55130,-1.40428,-1.23875,-1.49435,-1.21029,-1.33263,-1.38576,-1.21623,-1.36086
-1.01294,-1.23481,0.09405,-1.29093,-1.28342,-1.33993,-1.24055,-1.25732,-1.06749,-1.29250,-1.08299,-1.30918,-1.18381
-0.98170,-1.20643,0.08915,-1.32169,-1.25370,-1.24258,-1.16605,-1.20369,-1.15693,-1.33855,-1.03139,-1.19118,-1.15852
-0.92846,-1.17785,0.12120,-1.32420,-1.13487,-1.30579,-1.04674,-1.19896,-1.20874,-1.33843,-0.99650,-1.05438,-1.16991
-0.85432,-0.97230,0.12097,-1.15078,-0.82190,-1.03590,-0.93034,-1.03591,-1.00189,-1.00589,-0.74458,-0.91977,-1.07599
-0.76176,-0.97437,0.11975,-1.18572,-0.85188,-1.06179,-1.07237,-0.85260,-0.99245,-0.98810,-0.84159,-0.85413,-1.04303
-0.68369,-0.78070,0.16491,-1.02732,-0.56575,-0.81379,-0.68687,-0.78888,-0.86098,-0.54604,-0.69709,-0.79668,-1.02359
-0.52637,-0.53489,0.19938,-0.85199,-0.22145,-0.59932,-0.53550,-0.37968,-0.62062,-0.30693,-0.42853,-0.65807,-0.74684
-0.35978,-0.52426,0.16700,-0.80767,-0.33180,-0.63980,-0.51092,-0.26673,-0.60158,-0.46990,-0.36713,-0.60836,-0.63875
-0.18989,-0.26608,0.10971,-0.40050,-0.19964,-0.31110,-0.32431,-0.14069,-0.17712,-0.17123,-0.23780,-0.22039,-0.47798
-0.02345,-0.07682,0.12457,-0.20012,0.07772,-0.20727,-0.10554,0.02746,-0.04106,0.13352,-0.15391,-0.07941,-0.21957
0.11545,0.09188,0.09674,-0.02015,0.19912,0.13560,0.08158,0.05242,0.14074,0.27551,0.06832,-0.01963,0.00529
0.29831,0.18876,0.15930,0.01185,0.31233,0.26832,0.25051,0.10246,0.14500,0.48446,0.21594,0.18015,-0.08339
0.46411,0.12594,0.17987,0.02900,0.19053,-0.03203,0.25848,0.21844,0.04431,0.37037,0.32921,0.06428,-0.21318
0.60437,0.52637,0.13941,0.35745,0.67463,0.64138,0.60110,0.44935,0.26411,0.68281,0.50253,0.59585,0.49452
0.66379,0.78712,0.14029,0.46378,0.78036,0.91216,0.96516,0.79540,0.81215,0.87489,0.66438,0.77567,0.82730
0.77891,0.77114,0.15130,0.47201,0.75419,0.85814,1.06074,0.71935,0.83584,0.80725,0.64311,0.78675,0.77405
0.86053,0.75047,0.17015,0.46482,0.66686,0.83787,1.10564,0.78046,0.81256,0.75088,0.56967,0.73995,0.77594
0.90667,0.66776,0.12174,0.42250,0.71863,0.83526,0.76484,0.64923,0.64835,0.74629,0.51983,0.64333,0.72939
0.91945,0.76148,0.19828,0.45640,0.76065,0.83285,1.17129,0.72545,0.77978,0.66937,0.54077,0.74744,0.93085
0.85955,0.76929,0.15707,0.50410,0.79241,0.96017,0.80230,0.69234,0.92461,0.72668,0.56342,0.75929,0.96756
0.84471,0.69502,0.17627,0.38766,0.66489,0.89992,0.99999,0.58120,0.76613,0.65244,0.54630,0.67375,0.77790
0.79712,0.64620,0.17812,0.28531,0.75211,0.85873,0.89134,0.55224,0.67827,0.57945,0.51087,0.63034,0.72328
0.71721,0.72842,0.15908,0.45567,0.79316,0.98300,0.85913,0.62918,0.76095,0.72633,0.51632,0.72542,0.83501
0.60588,0.55210,0.13959,0.31814,0.57570,0.84860,0.51449,0.53456,0.59839,0.61418,0.48943,0.60749,0.42001
0.43531,0.28402,0.10201,0.19946,0.24780,0.49759,0.31388,0.34676,0.26399,0.31980,0.32738,0.18735,0.13624
0.31101,0.24537,0.07209,0.31420,0.16744,0.26798,0.24071,0.28457,0.21679,0.35061,0.28195,0.22657,0.10287
0.16905,0.07537,0.07099,-0.01466,0.03465,0.23338,0.08839,0.06885,0.15299,0.04150,0.07824,0.03429,0.03605
0.01234,-0.14220,0.11503,-0.09626,-0.16721,0.12791,-0.11324,-0.10593,-0.30450,-0.25274,-0.16434,-0.16025,-0.18541
-0.15340,-0.21425,0.10560,-0.11566,-0.21544,-0.08986,-0.13445,-0.13438,-0.44361,-0.29102,-0.24544,-0.20498,-0.26767
-0.34935,-0.40039,0.11188,-0.29162,-0.54401,-0.26854,-0.40876,-0.30287,-0.51330,-0.50706,-0.35061,-0.29349,-0.52368
-0.48323,-0.62309,0.10516,-0.51333,-0.83259,-0.54076,-0.55466,-0.54546,-0.71565,-0.72765,-0.63590,-0.54287,-0.62201
-0.61135,-0.72786,0.13563,-0.76624,-1.00384,-0.64723,-0.56141,-0.62235,-0.82463,-0.85352,-0.70649,-0.60335,-0.68958
-0.72915,-0.78606,0.17591,-0.75021,-1.19803,-0.68865,-0.61620,-0.67059,-0.91109,-0.88086,-0.81150,-0.63456,-0.69892
-0.83275,-0.96033,0.15009,-0.99428,-1.23477,-1.10578,-0.89375,-0.85612,-0.98232,-1.06125,-0.91819,-0.70357,-0.85325
-0.92827,-1.08878,0.19907,-1.10374,-1.49354,-1.24470,-1.02902,-1.03319,-1.04781,-1.22407,-1.03001,-0.75348,-0.92820
-0.95668,-1.00289,0.11177,-0.96456,-1.13299,-0.99156,-1.03691,-1.05660,-0.96295,-1.18591,-0.99262,-0.78394,-0.92083
-0.96209,-0.95432,0.11901,-1.04183,-1.13087,-0.93970,-0.81543,-1.00722,-0.98089,-1.10735,-0.87430,-0.79804,-0.84757
-0.94546,-0.88062,0.07307,-0.93007,-0.95281,-0.81354,-0.84344,-0.89719,-0.96033,-0.97645,-0.81961,-0.76184,-0.85096
-0.92894,-0.94324,0.08724,-1.07518,-0.93590,-1.04686,-0.90823,-0.95166,-0.98895,-1.00771,-0.82704,-0.83772,-0.85317
-0.83251,-0.78734,0.10737,-0.89098,-0.78898,-1.01882,-0.76194,-0.76176,-0.73228,-0.85387,-0.67030,-0.71653,-0.67798
-0.71819,-0.68870,0.06691,-0.78017,-0.70489,-0.77770,-0.63397,-0.61091,-0.67817,-0.77608,-0.63875,-0.65566,-0.63071
-0.59076,-0.46045,0.08542,-0.53038,-0.34010,-0.63759,-0.41040,-0.37734,-0.44513,-0.48714,-0.49395,-0.40448,-0.47795
-0.49369,-0.27312,0.09080,-0.32325,-0.10633,-0.32328,-0.37116,-0.22542,-0.20862,-0.40462,-0.27572,-0.18906,-0.30374
-0.31203,-0.20034,0.10793,-0.36826,-0.31179,-0.10175,-0.21479,-0.15956,-0.02172,-0.30974,-0.23689,-0.13770,-0.14121
-0.12874,-0.00395,0.12290,-0.10224,-0.13059,-0.05309,-0.06906,0.02553,0.17815,0.16102,-0.16977,0.00281,0.11775
0.04918,0.14327,0.09711,0.01134,0.01904,0.06816,0.25236,0.17395,0.22490,0.29608,0.08821,0.13472,0.16392
0.21871,0.28059,0.10087,0.15326,0.16721,0.32852,0.47724,0.34280,0.22891,0.38207,0.23204,0.25266,0.24118
0.33931,0.47225,0.10605,0.31957,0.52310,0.37844,0.60208,0.53319,0.57611,0.57742,0.32216,0.45305,0.43735
0.50977,0.30071,0.13838,0.21574,0.27705,0.50683,0.47684,0.44386,0.11469,0.30230,0.30536,0.24486,0.11958
0.65445,0.50603,0.19364,0.34532,0.41548,0.76589,0.84854,0.58997,0.19970,0.52520,0.49529,0.50008,0.37485
0.76754,0.73130,0.18243,0.47264,0.64076,0.88014,1.14418,0.81955,0.61943,0.69213,0.66421,0.65802,0.72199
0.84702,0.70403,0.28313,0.44118,0.65526,0.79649,1.45825,0.58098,0.50464,0.71532,0.60608,0.63727,0.64480
0.86376,0.79469,0.20369,0.53454,0.77929,0.95118,1.22512,0.75107,0.71346,0.87503,0.52502,0.73264,0.85958
0.91247,0.75397,0.16572,0.54247,0.75166,1.00654,0.99142,0.67926,0.65480,0.89643,0.54842,0.69245,0.77627
0.92826,0.71666,0.15298,0.61570,0.76218,0.89381,1.03377,0.63175,0.63072,0.69410,0.50141,0.65405,0.74913
0.91118,0.57265,0.14286,0.29980,0.69356,0.80910,0.58568,0.48024,0.55008,0.56783,0.44275,0.67131,0.62618
0.86150,0.67110,0.13879,0.54506,0.76150,0.81067,0.90729,0.59290,0.62899,0.53654,0.46990,0.70851,0.74963
0.76220,0.43456,0.18742,0.35600,0.74259,0.37470,0.66080,0.44193,0.26517,0.33014,0.38701,0.63348,0.15377
0.68608,0.28856,0.15019,0.10240,0.51281,0.36783,0.43227,0.18185,0.17110,0.21764,0.36912,0.42861,0.10196
0.57947,0.42060,0.13389,0.35911,0.63166,0.42082,0.40563,0.42120,0.32659,0.35858,0.41968,0.65482,0.20788
0.44782,0.33632,0.14602,0.37879,0.61581,0.36112,0.30422,0.19343,0.22041,0.26044,0.37094,0.51534,0.14274
0.24629,0.11594,0.07725,0.07603,0.20915,0.21532,0.08365,0.04161,0.01486,0.03254,0.20766,0.15180,0.12679
0.11315,0.00126,0.12095,0.03569,0.11764,0.14363,-0.00592,-0.11207,-0.26628,-0.03906,0.07805,-0.00803,0.06891
-0.03076,-0.14348,0.12369,-0.03414,0.02625,-0.01602,-0.15679,-0.19832,-0.37341,-0.28177,-0.07690,-0.17616,-0.14749
-0.18120,-0.28298,0.12757,-0.20550,-0.12668,-0.16180,-0.27822,-0.24396,-0.48675,-0.39756,-0.21376,-0.23702,-0.47858
-0.33420,-0.41952,0.11000,-0.31795,-0.23531,-0.49685,-0.41766,-0.38532,-0.50348,-0.50129,-0.28333,-0.49468,-0.55938
-0.52806,-0.62231,0.09499,-0.53377,-0.67293,-0.68394,-0.55309,-0.59007,-0.77801,-0.58326,-0.45746,-0.67316,-0.69745
-0.63718,-0.69770,0.10848,-0.56425,-0.77084,-0.88520,-0.58809,-0.64675,-0.80494,-0.72156,-0.55858,-0.69962,-0.73717
-0.73402,-0.85277,0.10960,-0.81106,-0.95660,-0.96346,-0.70786,-0.80276,-1.02291,-0.82929,-0.72623,-0.76915,-0.93841
-0.81549,-0.91874,0.13398,-0.75182,-0.95992,-1.19549,-0.91285,-0.87034,-1.03545,-0.83319,-0.77859,-0.84623,-1.00350
-0.87940,-0.93658,0.10382,-0.80478,-0.97692,-1.15347,-0.95230,-0.89266,-1.00626,-0.95551,-0.80887,-0.85473,-0.96032
-0.94487,-0.95161,0.09910,-0.86036,-1.06276,-1.08490,-0.90847,-0.91078,-1.03624,-1.00604,-0.79402,-0.85495,-0.99759
-0.93029,-0.94531,0.11010,-0.78365,-1.06273,-1.09288,-0.85321,-0.87857,-1.07303,-1.01879,-0.84848,-0.88777,-0.95402
-0.89408,-0.83569,0.06684,-0.69497,-0.86244,-0.88638,-0.87429,-0.88590,-0.87203,-0.90462,-0.79614,-0.76450,-0.81562
-0.83822,-0.79579,0.06575,-0.72591,-0.83508,-0.81432,-0.79939,-0.89740,-0.88443,-0.75422,-0.69353,-0.75404,-0.79962
-0.76462,-0.75930,0.09234,-0.74112,-0.62934,-0.90165,-0.80818,-0.78937,-0.80633,-0.87129,-0.65193,-0.66610,-0.72769
-0.67565,-0.61963,0.07263,-0.57826,-0.55295,-0.64236,-0.65970,-0.62631,-0.63032,-0.79377,-0.57075,-0.54284,-0.59903
-0.57563,-0.56031,0.09549,-0.45061,-0.59116,-0.44860,-0.51914,-0.58102,-0.68717,-0.72569,-0.56947,-0.45651,-0.57370
-0.46588,-0.43415,0.12673,-0.35934,-0.46041,-0.29811,-0.41413,-0.37118,-0.59096,-0.63107,-0.50989,-0.22439,-0.48204
-0.34978,-0.38826,0.11624,-0.36808,-0.32699,-0.25557,-0.42812,-0.41607,-0.58646,-0.52083,-0.33317,-0.20276,-0.44456
-0.23314,-0.27781,0.10362,-0.27319,-0.19752,-0.15644,-0.40281,-0.24738,-0.46733,-0.31790,-0.26637,-0.13636,-0.31280
-0.11946,-0.06133,0.11304,-0.12370,0.13004,-0.06432,-0.13701,0.11605,-0.14726,-0.14651,-0.20006,-0.01622,-0.02432
-0.01222,0.00875,0.12635,-0.08710,0.17590,0.08787,-0.04042,0.19183,-0.12290,-0.00475,-0.18380,-0.02912,0.10000
0.08693,0.22490,0.13155,0.05287,0.44907,0.29864,0.22110,0.42986,0.17341,0.17073,0.09016,0.20334,0.15977
0.17220,0.16002,0.15892,-0.08685,0.37722,0.28379,0.22616,0.41145,0.09118,0.05926,0.04632,0.08595,0.10569
0.24085,0.21002,0.13761,0.00841,0.43877,0.30104,0.19980,0.39647,0.13763,0.25820,0.13247,0.08081,0.14655
0.29218,0.12744,0.15666,-0.04799,0.37239,0.22233,0.05682,0.33366,-0.07854,0.14193,0.10555,0.19965,-0.03144
0.32392,0.18436,0.12749,-0.02828,0.23137,0.31591,0.06605,0.33355,0.18892,0.28186,0.07509,0.29862,0.08056
0.33407,0.19706,0.10576,-0.00837,0.15254,0.33561,0.10884,0.35310,0.19830,0.25287,0.21065,0.21085,0.15618
0.32278,0.13939,0.11147,-0.00030,-0.00909,0.28314,0.10440,0.12553,0.10455,0.20845,0.15267,0.33760,0.08696
0.29061,0.11929,0.07969,-0.05166,0.10934,0.20078,0.09196,0.17519,0.09524,0.10633,0.18605,0.21489,0.06475
0.23881,0.09123,0.07963,-0.04236,0.06051,0.12708,0.07748,0.10695,0.10570,-0.01455,0.22501,0.17644,0.09006
0.16976,0.05072,0.06568,-0.03339,0.04600,-0.00664,0.04135,0.06713,0.11258,-0.04455,0.16700,0.08481,0.07287
0.08579,-0.07111,0.11506,-0.08594,-0.09381,-0.06764,-0.10523,-0.04684,-0.19756,-0.26206,0.14354,-0.05849,0.06292
-0.01180,-0.12970,0.13050,-0.01402,-0.09594,-0.00842,-0.12343,-0.14819,-0.34837,-0.34814,0.03223,-0.15112,-0.09157
-0.11975,-0.13735,0.13033,-0.03528,-0.18704,-0.08999,-0.09208,-0.18242,-0.35494,-0.24651,0.13318,-0.17045,-0.14794
-0.23371,-0.16160,0.12179,-0.07826,-0.21604,-0.09964,-0.10573,-0.22016,-0.37167,-0.26758,0.07590,-0.19275,-0.14010
-0.34884,-0.24644,0.10167,-0.14045,-0.26743,-0.19735,-0.21011,-0.24063,-0.48683,-0.31065,-0.12929,-0.27165,-0.21002
-0.36514,-0.50423,0.10798,-0.35253,-0.54941,-0.48798,-0.43274,-0.66177,-0.66686,-0.50136,-0.39719,-0.57256,-0.41988
-0.58521,-0.68028,0.10894,-0.52225,-0.69112,-0.76311,-0.62185,-0.70732,-0.79777,-0.84679,-0.56109,-0.72511,-0.56638
-0.80166,-0.87373,0.09519,-0.82226,-0.86291,-0.94302,-1.00256,-0.83210,-0.92118,-1.00390,-0.69453,-0.83254,-0.82228
-1.00019,-0.92379,0.10085,-0.91631,-0.97508,-1.00890,-1.04607,-0.87142,-0.81555,-1.09210,-0.85675,-0.84993,-0.80584
-1.17804,-1.05754,0.15024,-1.10221,-1.15088,-1.10788,-1.31035,-1.06873,-0.90614,-1.21896,-0.92216,-0.94452,-0.84355
-1.18210,-1.26403,0.17847,-1.32964,-1.49277,-1.32844,-1.49347,-1.36050,-1.02971,-1.31223,-1.04902,-1.22297,-1.02154
-1.40560,-1.30972,0.16353,-1.40200,-1.52613,-1.43661,-1.47140,-1.31149,-1.13889,-1.36607,-1.09268,-1.29395,-1.05798
-1.59818,-1.48414,0.22502,-1.47501,-1.77725,-1.55652,-1.67478,-1.62306,-1.23039,-1.67642,-1.17150,-1.50298,-1.15343
-1.75601,-1.64185,0.19883,-1.52233,-1.96264,-1.66549,-1.88752,-1.72666,-1.27455,-1.71626,-1.53146,-1.62197,-1.50961
-1.88149,-1.82590,0.15856,-1.73342,-2.21286,-1.74221,-1.97621,-1.76676,-1.67793,-1.83419,-1.82429,-1.74520,-1.74591
-1.97420,-1.88697,0.15944,-1.75659,-2.28483,-1.89163,-2.01744,-1.87449,-1.81370,-1.81327,-1.84512,-1.74449,-1.82815
-1.91412,-1.98194,0.17112,-1.89569,-2.37754,-2.03109,-2.04600,-2.09323,-1.91030,-1.85751,-1.98560,-1.84087,-1.78156
-2.05388,-2.00943,0.20184,-1.94509,-2.45783,-2.14597,-2.02676,-2.17791,-1.93973,-1.85158,-1.92041,-1.82920,-1.79983
-2.16151,-2.08477,0.23906,-2.05197,-2.50276,-2.25088,-2.07321,-2.44081,-2.01674,-1.86732,-1.92489,-1.80869,-1.91043
-2.23661,-2.01197,0.23731,-1.83779,-2.42932,-2.17297,-1.99677,-2.36818,-1.96779,-1.85810,-1.94187,-1.72368,-1.82325
-2.27894,-2.09874,0.20056,-2.12697,-2.39319,-2.22550,-2.06296,-2.40621,-2.09656,-1.89645,-2.01640,-1.78003,-1.98313
-2.06680,-2.14801,0.21345,-2.26962,-2.34009,-2.36746,-2.07189,-2.46452,-2.18132,-1.82849,-2.05145,-1.86500,-2.04025
-2.15768,-2.09704,0.23577,-2.10244,-2.24281,-2.48324,-2.05665,-2.46556,-2.08374,-1.85416,-1.89466,-1.82465,-1.96253
-2.21631,-2.00913,0.22088,-2.00099,-2.09963,-2.33099,-1.96217,-2.41225,-2.01586,-1.88556,-1.72072,-1.85361,-1.80950
-2.24250,-1.97486,0.17799,-2.00744,-2.04508,-2.11310,-1.79694,-2.37711,-1.95316,-1.95959,-1.77629,-1.85834,-1.86151
-2.23628,-1.89489,0.23972,-1.57407,-2.02048,-1.96311,-1.87181,-2.33262,-1.85767,-1.99938,-2.06745,-1.73236,-1.52993
-2.19784,-1.90969,0.25173,-1.56574,-2.08514,-1.94924,-1.80321,-2.41458,-1.86527,-2.07352,-1.99771,-1.71093,-1.63158
-1.91779,-1.95152,0.21401,-1.80010,-2.00085,-2.08809,-1.65825,-2.37582,-1.95582,-1.92336,-2.15088,-1.73944,-1.82257
-1.92888,-1.92705,0.23612,-1.75792,-1.97565,-2.06811,-1.54460,-2.30269,-2.08781,-1.75337,-2.13891,-1.67923,-1.96219
-1.90800,-1.88262,0.28125,-1.67823,-1.63108,-2.16282,-1.49168,-2.03691,-2.29466,-1.65827,-2.19925,-1.72020,-1.95311
-1.85540,-1.60275,0.20926,-1.62291,-1.35233,-1.88045,-1.39198,-1.55402,-1.92763,-1.52547,-1.81808,-1.38320,-1.57142
-1.77150,-1.30096,0.10192,-1.26831,-1.29618,-1.49411,-1.25005,-1.13852,-1.39036,-1.35176,-1.35220,-1.18958,-1.27851
-1.65690,-1.35942,0.11297,-1.39983,-1.27491,-1.48826,-1.19665,-1.28549,-1.44713,-1.33287,-1.42343,-1.22334,-1.52225
-1.32611,-1.17378,0.12358,-1.13143,-1.05158,-1.39580,-1.15149,-1.07651,-1.22020,-0.99433,-1.17358,-1.20804,-1.33485
-1.26052,-1.18941,0.16704,-1.12851,-1.03277,-1.46284,-1.08991,-1.01333,-1.23084,-1.06245,-1.09439,-1.40127,-1.37775
-1.16599,-0.80902,0.14597,-0.69772,-0.73345,-1.16834,-0.75527,-0.75799,-0.88135,-0.75682,-0.64196,-0.84399,-0.85335
-1.04663,-0.61632,0.11543,-0.54140,-0.47125,-0.79542,-0.58369,-0.67578,-0.69083,-0.62417,-0.41231,-0.67618,-0.69222
-0.90743,-0.50350,0.12673,-0.37799,-0.29330,-0.61219,-0.53147,-0.61877,-0.51948,-0.60970,-0.31442,-0.57298,-0.58476
-0.74988,-0.48179,0.11697,-0.60481,-0.32651,-0.56871,-0.41640,-0.59789,-0.49858,-0.59917,-0.32571,-0.34876,-0.53136
-0.44866,-0.37508,0.16652,-0.50727,-0.15469,-0.27491,-0.43626,-0.66876,-0.52113,-0.33214,-0.21182,-0.20358,-0.44028
-0.38387,-0.01170,0.13055,-0.15335,0.05340,-0.00526,0.05769,-0.22700,0.17373,-0.17343,0.02564,0.02154,0.11008
-0.32018,0.05238,0.06446,-0.00519,0.04148,0.12475,0.03623,-0.06213,0.08654,-0.00956,0.11192,0.13366,0.06613
-0.25594,0.06985,0.06923,0.01805,0.07687,0.10897,0.04041,-0.00565,0.12670,-0.00218,0.22239,0.04525,0.06770
-0.19250,0.11895,0.10734,0.01248,0.17711,0.16843,0.02784,0.06806,0.22627,-0.08379,0.24699,0.19271,0.15338
-0.02305,-0.00860,0.08806,-0.01856,0.03646,0.07784,-0.08099,0.03365,-0.00206,-0.20611,0.06054,-0.05996,0.07324
-0.08413,-0.12795,0.11192,-0.01122,-0.00626,-0.00692,-0.16472,-0.17058,-0.23765,-0.34364,-0.04452,-0.13592,-0.15803
-0.15610,-0.09344,0.13230,0.04782,0.00872,0.08394,-0.14015,-0.16220,-0.20564,-0.26411,0.07192,-0.15522,-0.21946
-0.23345,-0.12183,0.14654,0.01735,-0.05035,0.06716,-0.03592,-0.20066,-0.27206,-0.30549,0.04749,-0.19205,-0.29376
-0.31354,-0.28133,0.13336,-0.14395,-0.19872,-0.14497,-0.29463,-0.26474,-0.44028,-0.43695,-0.13487,-0.26297,-0.49118
-0.31352,-0.45158,0.13285,-0.30511,-0.46276,-0.25358,-0.47659,-0.51109,-0.55760,-0.61443,-0.25464,-0.51080,-0.56923
-0.50176,-0.64959,0.08208,-0.54038,-0.64362,-0.64302,-0.63578,-0.71013,-0.79210,-0.69602,-0.50260,-0.67490,-0.65732
-0.68687,-0.86118,0.08146,-0.85564,-0.92076,-0.89224,-0.91447,-0.86266,-0.96355,-0.93907,-0.77355,-0.76815,-0.72169
-0.86177,-0.98990,0.11605,-0.92271,-0.95763,-1.03734,-0.99270,-0.94364,-1.29500,-0.96476,-0.93782,-0.86865,-0.97876
-1.01872,-1.12173,0.15220,-1.01963,-1.05866,-1.25918,-1.14077,-0.99496,-1.49214,-1.05787,-1.02513,-1.03269,-1.13625
-1.15220,-1.25414,0.14833,-1.22592,-1.14001,-1.34581,-1.20568,-1.11270,-1.62229,-1.23892,-1.13287,-1.22039,-1.29682
-1.25912,-1.33439,0.16667,-1.39869,-1.26259,-1.41156,-1.20735,-1.12117,-1.74041,-1.27006,-1.27433,-1.31311,-1.34465
-1.33558,-1.37522,0.16032,-1.44919,-1.40231,-1.38732,-1.19605,-1.24327,-1.76286,-1.29453,-1.28519,-1.29365,-1.43782
-1.37805,-1.36722,0.10031,-1.38507,-1.37857,-1.36248,-1.23423,-1.28294,-1.60644,-1.29215,-1.35880,-1.35676,-1.41477
-1.38622,-1.37240,0.14606,-1.39197,-1.62506,-1.38151,-1.26639,-1.13263,-1.49900,-1.28201,-1.34564,-1.27231,-1.52750
-1.36168,-1.45984,0.27589,-1.42877,-2.09346,-1.41753,-1.15156,-1.21289,-1.34765,-1.28203,-1.53056,-1.40476,-1.72923
-1.30519,-1.36042,0.27359,-1.37318,-2.04254,-1.30660,-1.11864,-1.15803,-1.15876,-1.54418,-1.18328,-1.36605,-1.35295
-1.21800,-1.29575,0.21156,-1.46815,-1.74032,-1.21950,-1.14509,-1.22627,-1.13473,-1.52372,-1.06961,-1.21924,-1.21083
-1.10355,-1.18384,0.16765,-1.31342,-1.49449,-1.08305,-1.00993,-1.25342,-1.11036,-1.36571,-0.97677,-1.07227,-1.15895
-0.96590,-1.04203,0.24795,-1.12048,-1.49757,-1.00508,-0.82406,-0.89387,-1.00049,-1.34273,-0.70827,-0.83546,-1.19232
-0.80833,-0.71899,0.21908,-0.89303,-1.05922,-0.69498,-0.62987,-0.29429,-0.82991,-0.68670,-0.54562,-0.62546,-0.93085
-0.63647,-0.58404,0.27011,-0.78130,-0.63206,-0.74957,-0.34639,-0.22892,-0.89068,-0.29385,-0.33939,-0.58509,-0.99313
-0.45540,-0.40785,0.17206,-0.64882,-0.37532,-0.57073,-0.42110,-0.24381,-0.68776,-0.21177,-0.29651,-0.25711,-0.36556
-0.26775,0.43595,1.31274,-0.54701,-0.28466,-0.52793,2.78893,-0.18597,-0.63042,1.81977,-0.23143,-0.11394,2.27219
-0.07827,0.68489,1.08494,-0.21732,0.33931,0.20555,3.38154,0.46294,-0.22739,1.53371,0.09230,0.32179,0.95644
0.10429,0.78783,1.10773,0.00968,1.48900,0.21970,3.59442,0.46003,-0.06594,1.22876,0.14601,0.41436,0.38227
0.27383,0.95679,0.98476,0.20052,1.66369,0.63961,3.40129,0.89157,0.13078,1.28359,0.36050,0.42605,0.57026
0.42785,1.16021,0.98257,0.65103,1.85756,0.81483,3.69323,0.84484,0.45135,1.32077,0.56615,0.64717,0.75515
0.56116,1.47970,0.80851,1.24564,2.28370,1.38692,3.37444,0.79682,0.97431,0.92085,1.00791,1.00636,1.80003
0.66609,2.44332,0.69443,1.61021,3.01237,2.42084,3.30357,2.62935,1.29657,3.07610,2.85082,1.64119,2.59217
0.73909,2.92967,0.98871,1.68758,3.78256,2.38294,4.15404,3.08568,2.05093,3.22373,4.37883,1.60811,2.94232
0.77982,3.05413,0.66840,1.98498,3.12088,3.23760,4.22451,2.74888,3.16702,3.01508,3.95886,2.44467,2.63886
0.78703,3.02882,0.72589,1.65857,3.03273,2.81507,3.89293,2.77953,3.74120,3.12487,4.03986,2.37104,2.83235
0.76152,2.67631,0.79018,1.34150,3.11867,1.49983,2.97942,2.55882,3.51103,2.21570,3.74619,2.86301,2.92892
0.70426,1.32147,0.49684,0.65445,1.37279,1.14953,1.42830,0.77621,1.84787,0.90319,2.21527,1.71614,1.15090
0.61587,0.42139,0.08677,0.38842,0.52930,0.37216,0.47269,0.34883,0.45126,0.24714,0.48908,0.40157,0.51347
0.49925,0.41930,0.12693,0.38522,0.61010,0.48537,0.52662,0.31118,0.50129,0.34234,0.46826,0.39695,0.16569
0.35832,0.18320,0.08562,0.00548,0.19731,0.31582,0.14799,0.17805,0.18879,0.21537,0.27108,0.20642,0.10568
0.19909,0.10881,0.09502,0.08569,0.12077,0.26281,0.11554,0.01786,0.12517,0.00087,0.27529,0.04172,0.04240
0.02451,-0.12660,0.11017,-0.05491,-0.02676,-0.05814,-0.03004,-0.18622,-0.26925,-0.33693,-0.03682,-0.17716,-0.08982
-0.16153,-0.27654,0.09706,-0.15902,-0.26338,-0.20737,-0.33974,-0.25838,-0.28930,-0.49185,-0.16585,-0.26191,-0.32856
-0.35114,-0.42251,0.11372,-0.25566,-0.36334,-0.40336,-0.49002,-0.47093,-0.43339,-0.65173,-0.28450,-0.48951,-0.38266
-0.53671,-0.66083,0.06194,-0.52885,-0.61210,-0.65437,-0.66812,-0.71110,-0.71854,-0.73591,-0.61634,-0.69388,-0.66914
-0.71387,-0.83297,0.08062,-0.79341,-0.85116,-0.85655,-0.88472,-0.82280,-0.93781,-0.93937,-0.78660,-0.78791,-0.66937
-0.87902,-0.98042,0.11681,-0.96287,-0.97040,-0.99191,-1.01639,-0.89858,-1.25251,-1.01695,-0.99550,-0.89664,-0.80247
-1.02604,-1.14047,0.14725,-1.08832,-1.19869,-1.13734,-1.14268,-0.99944,-1.51507,-1.16546,-1.06330,-0.99810,-1.09631
-1.14824,-1.29440,0.15928,-1.22282,-1.37888,-1.40400,-1.20908,-1.10329,-1.67657,-1.26510,-1.23315,-1.23316,-1.21795
-1.24238,-1.32432,0.17287,-1.24244,-1.27237,-1.48423,-1.18871,-1.25493,-1.74530,-1.29426,-1.21869,-1.18215,-1.36011
-1.30687,-1.32206,0.15408,-1.26508,-1.26663,-1.48346,-1.18325,-1.19472,-1.68666,-1.31823,-1.30923,-1.21109,-1.30222
-1.33858,-1.25256,0.09497,-1.24726,-1.24551,-1.38212,-1.15177,-1.14154,-1.43870,-1.23712,-1.28355,-1.18782,-1.21021
-1.33751,-1.35727,0.13910,-1.27234,-1.36731,-1.45682,-1.16362,-1.28499,-1.50560,-1.28361,-1.40057,-1.22237,-1.61550
-1.30455,-1.31972,0.14415,-1.34279,-1.20707,-1.42931,-1.11070,-1.33788,-1.35775,-1.12709,-1.29947,-1.39503,-1.59016
-1.24120,-1.18301,0.13172,-1.11230,-1.11223,-1.42452,-1.06462,-1.18270,-1.23788,-1.10240,-1.02157,-1.37822,-1.19362
-1.15058,-0.96554,0.12882,-0.92486,-0.88035,-1.25016,-0.87973,-1.02984,-1.02725,-0.91263,-0.76586,-0.99084,-0.99393
-1.03591,-0.75876,0.09278,-0.74010,-0.72198,-0.89648,-0.67370,-0.86030,-0.80014,-0.72755,-0.57501,-0.79448,-0.79787
-0.89983,-0.65952,0.10015,-0.78435,-0.47959,-0.69155,-0.59736,-0.68966,-0.76147,-0.63633,-0.52208,-0.72705,-0.70572
-0.74674,-0.59438,0.09957,-0.69942,-0.41973,-0.48803,-0.60051,-0.65421,-0.71717,-0.62649,-0.47929,-0.60763,-0.65131
-0.58112,-0.50808,0.09745,-0.52801,-0.37327,-0.40363,-0.48697,-0.60470,-0.66837,-0.56417,-0.42256,-0.44397,-0.58518
-0.33874,-0.20858,0.09646,-0.19904,-0.12631,-0.09198,-0.22628,-0.26494,-0.33765,-0.34977,-0.25383,-0.16667,-0.06928
-0.24644,0.01387,0.08329,-0.08195,0.10522,0.12345,0.01311,-0.02938,0.00895,-0.12891,-0.00429,0.01728,0.11523
-0.15758,0.01866,0.07075,-0.03366,0.11184,0.10992,0.02231,-0.07717,0.03762,-0.06689,-0.00539,-0.01326,0.10128
-0.07317,0.07310,0.06427,-0.03332,0.15481,0.13061,0.05447,0.01138,0.15731,0.07037,0.05156,0.02179,0.11198
0.00405,0.07053,0.09270,0.02272,0.22393,0.14352,0.04272,-0.02287,0.13488,-0.07990,0.14690,0.00831,0.08510
0.11724,0.06768,0.09271,-0.05306,0.08260,0.14650,0.05993,0.03677,0.16216,-0.09710,0.20509,0.05325,0.08063
0.08595,0.21688,0.06397,0.10690,0.25916,0.18258,0.14211,0.21045,0.25083,0.26118,0.33062,0.20778,0.21725
0.04026,0.10521,0.06981,0.00449,0.10810,0.12477,0.05991,0.12755,0.07678,0.01764,0.24159,0.13087,0.16038
-0.01673,0.01032,0.09035,0.01234,0.05777,0.08371,-0.02235,0.02134,0.05133,-0.21841,0.10547,-0.02175,0.03378
0.01177,-0.10176,0.09698,-0.02433,0.00092,0.05357,-0.12930,-0.16053,-0.25646,-0.20864,-0.07059,-0.15156,-0.07064
-0.14416,-0.26698,0.09795,-0.13145,-0.15650,-0.20971,-0.34386,-0.23489,-0.42400,-0.35011,-0.18350,-0.28751,-0.34821
-0.30885,-0.35477,0.11074,-0.29623,-0.28797,-0.26959,-0.39552,-0.28018,-0.42084,-0.57853,-0.19438,-0.43716,-0.38731
-0.47199,-0.37643,0.13517,-0.40601,-0.36073,-0.17088,-0.41994,-0.34862,-0.30944,-0.62847,-0.22812,-0.54272,-0.34940
-0.62849,-0.52980,0.12802,-0.35799,-0.61625,-0.39462,-0.50347,-0.62631,-0.53934,-0.79320,-0.49316,-0.54897,-0.42469
-0.68156,-0.76011,0.10982,-0.71603,-0.80935,-0.78809,-0.75448,-0.75978,-0.82835,-0.98940,-0.67091,-0.71455,-0.57011
-0.89460,-0.99151,0.11605,-1.00528,-1.04895,-0.98824,-1.12708,-0.86475,-1.10348,-1.13337,-0.91643,-0.78530,-0.94222
-1.08983,-1.04118,0.13526,-0.98713,-1.00592,-1.05434,-1.23182,-1.14270,-1.00775,-1.25375,-1.00483,-0.83273,-0.89087
-1.25875,-1.14484,0.14837,-1.07586,-1.21675,-1.14435,-1.33539,-1.26420,-1.04008,-1.38542,-1.02592,-0.96507,-0.99540
-1.39923,-1.30730,0.12175,-1.22904,-1.39480,-1.30338,-1.39046,-1.40703,-1.30983,-1.49727,-1.11695,-1.29053,-1.13366
-1.37804,-1.44680,0.10583,-1.35222,-1.57197,-1.50291,-1.44590,-1.51825,-1.44632,-1.53100,-1.26288,-1.53097,-1.30562
-1.53054,-1.54761,0.12256,-1.51124,-1.61945,-1.53448,-1.45288,-1.71217,-1.70656,-1.58856,-1.30320,-1.57213,-1.47545
-1.65167,-1.52625,0.17682,-1.46047,-1.68439,-1.59592,-1.43526,-1.81010,-1.67331,-1.51604,-1.23761,-1.55246,-1.29688
-1.74125,-1.57316,0.15422,-1.44094,-1.69074,-1.56983,-1.44069,-1.90853,-1.67383,-1.59104,-1.39049,-1.54118,-1.48436
-1.79893,-1.63967,0.14730,-1.47569,-1.68856,-1.62484,-1.48577,-1.95386,-1.77148,-1.67881,-1.49231,-1.58732,-1.63807
-1.82453,-1.78331,0.22017,-1.75157,-1.86385,-1.76024,-1.47937,-2.24254,-1.85676,-1.71588,-1.58699,-1.59242,-1.98345
-1.73766,-1.75680,0.15707,-1.78257,-1.71849,-1.80333,-1.51440,-2.08394,-1.87847,-1.66979,-1.66562,-1.62739,-1.82402
-1.78238,-1.76343,0.17132,-1.74577,-1.69791,-1.84471,-1.46805,-2.00559,-2.02097,-1.62100,-1.68386,-1.68976,-1.85667
-1.79527,-1.65977,0.16697,-1.59719,-1.55676,-1.76890,-1.38733,-1.85599,-1.89073,-1.48609,-1.65458,-1.58834,-1.81180
-1.77641,-1.47410,0.15549,-1.37008,-1.38350,-1.64887,-1.28356,-1.49000,-1.76672,-1.27449,-1.47220,-1.50792,-1.54367
-1.72603,-1.38798,0.18907,-1.41892,-1.31505,-1.42318,-1.19463,-1.29832,-1.85638,-1.21061,-1.31293,-1.35576,-1.49405
-1.52986,-1.37647,0.16407,-1.54449,-1.31743,-1.45517,-1.21492,-1.25142,-1.71072,-1.15872,-1.36358,-1.33334,-1.41485
-1.49912,-1.17774,0.15030,-1.31204,-1.17916,-1.28161,-1.06989,-0.98567,-1.41945,-0.94373,-1.17053,-1.13373,-1.28156
-1.43722,-1.10744,0.12256,-1.25525,-1.15648,-1.24034,-1.03432,-0.93639,-1.21301,-0.91072,-1.05767,-1.08595,-1.18423
-1.34463,-1.00802,0.12007,-1.07892,-1.12992,-1.21473,-0.92914,-0.88423,-1.07885,-0.86090,-0.87378,-0.99457,-1.03512
-1.22202,-0.94259,0.14646,-0.99510,-1.07364,-1.07264,-0.79967,-0.86258,-1.13705,-0.80594,-0.69163,-0.94560,-1.04206
-1.07342,-0.87680,0.10981,-0.95566,-0.92723,-1.00855,-0.73216,-0.83732,-1.01568,-0.76798,-0.76670,-0.78706,-0.96966
-0.83709,-0.79004,0.08557,-0.94828,-0.71487,-0.83533,-0.78462,-0.72424,-0.79926,-0.79370,-0.69162,-0.70777,-0.90072
-0.73284,-0.71770,0.08102,-0.85903,-0.73826,-0.69413,-0.67889,-0.67021,-0.76517,-0.73396,-0.58968,-0.63610,-0.81154
-0.61724,-0.54165,0.06512,-0.55906,-0.49565,-0.51740,-0.52513,-0.50520,-0.58689,-0.62053,-0.50964,-0.43856,-0.65843
-0.49354,-0.42856,0.09784,-0.38476,-0.37590,-0.40483,-0.40909,-0.38112,-0.52443,-0.52175,-0.44019,-0.24832,-0.59519
-0.36520,-0.29993,0.11872,-0.35879,-0.28475,-0.08390,-0.32826,-0.22155,-0.42135,-0.30883,-0.30740,-0.18241,-0.50207
-0.23576,-0.24977,0.11893,-0.36775,-0.25986,-0.05289,-0.17869,-0.19865,-0.40576,-0.15289,-0.26524,-0.19368,-0.42225
-0.10688,-0.12656,0.09634,-0.22313,-0.16627,0.05384,-0.00897,-0.07689,-0.19381,-0.07240,-0.22829,-0.14913,-0.20051
0.01610,-0.15745,0.13610,-0.26887,-0.25292,0.05115,0.06478,-0.16385,-0.22445,-0.06682,-0.21062,-0.15393,-0.34901
0.12772,0.03488,0.14741,-0.16524,-0.12051,0.24627,0.16208,0.21794,0.00475,0.09453,0.06424,-0.02138,-0.13391
0.22497,0.16770,0.12360,-0.00032,0.18031,0.31246,0.20089,0.31655,0.06833,0.33804,0.15033,0.06908,0.04133
0.30668,0.26212,0.09065,0.08904,0.25635,0.36494,0.33506,0.35037,0.18863,0.27858,0.27299,0.32550,0.15973
0.36954,0.36652,0.14823,0.05955,0.45555,0.37517,0.36078,0.42273,0.27222,0.53312,0.35470,0.57491,0.25650
0.40988,0.34510,0.15160,0.13160,0.50353,0.34951,0.35551,0.44942,0.24598,0.40291,0.40295,0.53437,0.07526
0.42706,0.52013,0.11411,0.42399,0.64571,0.50669,0.44194,0.50090,0.62133,0.55125,0.47167,0.70857,0.32926
0.42105,0.50860,0.09392,0.38561,0.58682,0.48696,0.40249,0.46394,0.55350,0.46265,0.46085,0.67788,0.60531
0.39226,0.36787,0.09934,0.29999,0.43184,0.40011,0.29172,0.35125,0.30631,0.47164,0.41536,0.52238,0.18812
0.34209,0.25327,0.11737,0.05541,0.42112,0.22935,0.13994,0.31740,0.24316,0.28045,0.29975,0.40601,0.14007
0.27241,0.25656,0.07819,0.24631,0.40486,0.31303,0.14002,0.25194,0.27650,0.27455,0.22490,0.29173,0.14181
0.18562,0.10004,0.05828,-0.02491,0.15289,0.12518,0.05690,0.15345,0.12352,0.13974,0.14409,0.05326,0.07624
0.08303,0.05527,0.06163,-0.02318,0.16571,0.07087,0.01615,0.10824,0.04105,0.10296,0.05749,-0.03833,0.05174
-0.03130,-0.08384,0.07235,-0.06238,0.03816,0.00961,-0.06024,-0.14475,-0.15400,-0.08720,-0.07766,-0.20019,-0.09974
-0.15372,-0.19541,0.08619,-0.11023,-0.05945,-0.10575,-0.19992,-0.19469,-0.32963,-0.20886,-0.20463,-0.22854,-0.31238
-0.28154,-0.28626,0.08215,-0.20523,-0.17324,-0.24526,-0.34861,-0.21975,-0.35448,-0.34394,-0.21834,-0.34225,-0.41147
-0.41098,-0.40214,0.09368,-0.30298,-0.36490,-0.29258,-0.43593,-0.29818,-0.49915,-0.43546,-0.34360,-0.52105,-0.52754
-0.53683,-0.50224,0.10752,-0.31652,-0.41412,-0.51512,-0.51431,-0.45358,-0.57263,-0.63341,-0.38636,-0.63134,-0.58503
-0.65603,-0.62600,0.10294,-0.44931,-0.64864,-0.71258,-0.58852,-0.55380,-0.79879,-0.64382,-0.50813,-0.67892,-0.67750
-0.76471,-0.66387,0.09697,-0.44090,-0.69898,-0.76989,-0.63808,-0.68915,-0.78445,-0.61258,-0.61800,-0.68543,-0.70128
-0.85795,-0.76916,0.08174,-0.72355,-0.81222,-0.82953,-0.69180,-0.74026,-0.96091,-0.70184,-0.73305,-0.71507,-0.78334
-0.93339,-0.85454,0.11638,-0.87262,-0.91047,-1.02329,-0.75938,-0.78744,-1.03758,-0.75577,-0.70372,-0.77581,-0.91930
-0.98848,-0.95986,0.10520,-1.05203,-0.97993,-1.04966,-0.93093,-0.86115,-1.09065,-0.82503,-0.83099,-0.89306,-1.08518
-1.02106,-0.98643,0.09512,-1.02821,-1.01549,-1.09176,-0.93008,-0.89945,-1.14423,-0.92129,-0.87596,-0.89077,-1.06703
-1.02971,-1.02567,0.11870,-1.08722,-0.99492,-1.27616,-0.96896,-0.91061,-1.09891,-0.89516,-0.89552,-1.04877,-1.08044
-1.01441,-0.95086,0.14101,-1.02371,-0.98672,-1.18759,-0.88299,-0.81688,-1.05563,-0.83964,-0.71365,-0.93325,-1.06849
-0.97583,-0.96448,0.12788,-0.99485,-1.07137,-1.09090,-0.86542,-0.90786,-1.10941,-0.86175,-0.73903,-0.90056,-1.10361
-0.91558,-0.87095,0.10714,-1.01765,-0.87620,-0.99281,-0.73420,-0.84050,-0.94186,-0.83195,-0.70753,-0.80057,-0.96622
-0.83580,-0.79446,0.11998,-0.97454,-0.63381,-0.95533,-0.71566,-0.79564,-0.88211,-0.74518,-0.64240,-0.74548,-0.85444
-0.73911,-0.71377,0.10328,-0.92148,-0.59369,-0.76540,-0.68845,-0.68534,-0.76473,-0.72738,-0.56689,-0.64156,-0.78276
-0.62787,-0.52653,0.06776,-0.50727,-0.47916,-0.40895,-0.55858,-0.53429,-0.61979,-0.53935,-0.51290,-0.47061,-0.63435
-0.50546,-0.36182,0.09752,-0.40083,-0.30777,-0.23961,-0.29976,-0.27562,-0.51968,-0.38892,-0.40357,-0.27763,-0.50484
-0.37661,-0.33931,0.09919,-0.39495,-0.29231,-0.21157,-0.34837,-0.24206,-0.51990,-0.37998,-0.31023,-0.24162,-0.45213
-0.24442,-0.23634,0.10280,-0.36471,-0.24761,-0.08342,-0.08423,-0.16758,-0.32955,-0.28422,-0.27483,-0.18205,-0.34520
-0.11276,-0.13325,0.07071,-0.18754,-0.15137,0.00871,-0.04195,-0.12787,-0.14233,-0.12415,-0.21004,-0.13828,-0.21765
0.01288,0.07037,0.11305,-0.00495,0.26957,0.17368,0.05647,0.04246,-0.05921,0.19658,-0.08743,0.05080,0.06573
0.12824,0.19228,0.09824,0.02478,0.26221,0.25856,0.17780,0.33545,0.13111,0.13974,0.14000,0.31938,0.13381
0.22947,0.32855,0.10665,0.14460,0.42566,0.45321,0.34346,0.46218,0.21624,0.35155,0.26291,0.37419,0.25147
0.31454,0.32316,0.10795,0.13334,0.37985,0.36431,0.39821,0.38384,0.21935,0.36039,0.23146,0.49769,0.26314
0.38044,0.38113,0.14738,0.26507,0.56091,0.43203,0.37266,0.38845,0.17180,0.52950,0.33772,0.57559,0.17752
0.42314,0.37518,0.15335,0.22136,0.65578,0.35411,0.38830,0.36717,0.19146,0.41506,0.42027,0.55770,0.18058
0.44116,0.64573,0.12029,0.52892,0.70309,0.59191,0.63006,0.48524,0.68896,0.68667,0.50332,0.82803,0.81107
0.43467,0.55268,0.13086,0.33198,0.67940,0.60573,0.43536,0.49595,0.56230,0.54966,0.43210,0.69741,0.73696
0.40388,0.52223,0.10966,0.41071,0.56412,0.59139,0.34323,0.45755,0.56495,0.63169,0.48571,0.70822,0.46475
0.37294,0.31369,0.12432,0.21991,0.45068,0.27973,0.20453,0.20349,0.32904,0.50623,0.36893,0.43640,0.13791
0.27454,0.25023,0.09510,0.14820,0.44793,0.33522,0.20713,0.20493,0.21972,0.32949,0.27099,0.17338,0.16530
0.15571,0.10887,0.07618,0.00617,0.16433,0.18796,0.05548,0.09619,0.18008,0.04332,0.20201,0.00870,0.14446
0.02214,-0.10003,0.08161,-0.07130,-0.05950,0.06137,-0.03682,-0.17545,-0.15526,-0.07409,-0.09939,-0.19539,-0.19450
-0.12121,-0.25002,0.12633,-0.07644,-0.18333,-0.14670,-0.20773,-0.21310,-0.46263,-0.28113,-0.19621,-0.26889,-0.46405
-0.27215,-0.36033,0.10861,-0.27116,-0.34395,-0.24215,-0.29939,-0.28661,-0.51735,-0.39986,-0.30335,-0.36627,-0.57325
-0.42662,-0.47077,0.10968,-0.34554,-0.44404,-0.36078,-0.47960,-0.41074,-0.58785,-0.51791,-0.33477,-0.63616,-0.59034
-0.57716,-0.62342,0.12122,-0.41155,-0.62029,-0.75823,-0.56502,-0.74322,-0.74705,-0.59177,-0.45142,-0.65472,-0.69094
-0.71838,-0.77846,0.12320,-0.70443,-0.73206,-0.91598,-0.61586,-0.83264,-0.96568,-0.69950,-0.64487,-0.75090,-0.92267
-0.84795,-0.81861,0.15466,-0.74415,-0.75766,-0.97625,-0.64709,-0.83811,-1.12118,-0.69552,-0.67075,-0.77286,-0.96253
-0.96144,-0.95248,0.13182,-0.95822,-0.88306,-1.05124,-0.84862,-0.88711,-1.24238,-0.80015,-0.88968,-0.89914,-1.06516
-1.05219,-1.06358,0.13823,-1.25420,-0.99944,-1.07836,-0.90124,-0.91891,-1.26747,-0.87818,-1.11195,-1.09253,-1.13353
-1.11679,-1.01129,0.11611,-1.14763,-1.06935,-1.11571,-0.91810,-0.91690,-1.13985,-0.77867,-1.01028,-0.99795,-1.01843
-1.15361,-1.08931,0.11391,-1.24176,-1.15381,-1.17784,-1.02918,-0.91667,-1.22286,-0.93462,-1.05016,-1.03442,-1.13177
-1.16219,-1.18306,0.14038,-1.47966,-1.28716,-1.27873,-1.02949,-1.05775,-1.21466,-1.02657,-1.14831,-1.12449,-1.18374
-1.14202,-1.17180,0.16753,-1.37720,-1.35114,-1.36551,-1.03272,-0.96005,-1.15180,-0.97061,-1.02093,-1.20893,-1.27912
-1.09392,-1.05701,0.12932,-1.15362,-1.23801,-1.22953,-0.93996,-0.90891,-1.11137,-0.94570,-0.89542,-1.09623,-1.05137
-1.01932,-0.94076,0.09781,-1.09153,-1.01958,-1.02922,-0.93718,-0.88356,-1.00018,-0.90379,-0.78953,-0.80571,-0.94732
-0.92050,-0.96215,0.10637,-1.05560,-1.02537,-0.92763,-0.99309,-0.92776,-0.96618,-1.15403,-0.85059,-0.77152,-0.94971
-0.80069,-0.82580,0.11076,-1.00158,-0.74141,-0.78428,-0.83156,-0.83206,-0.80371,-1.02250,-0.70531,-0.69648,-0.83913
-0.66514,-0.64189,0.08862,-0.78907,-0.48350,-0.62582,-0.61520,-0.59389,-0.63204,-0.72188,-0.59384,-0.61599,-0.74764
-0.51673,-0.44510,0.09910,-0.54577,-0.36124,-0.36400,-0.46282,-0.53255,-0.47940,-0.45893,-0.42982,-0.24642,-0.57005
-0.36095,-0.26120,0.07882,-0.39468,-0.17610,-0.16317,-0.35902,-0.22926,-0.32101,-0.24808,-0.30036,-0.20114,-0.21916
-0.20351,-0.14042,0.10521,-0.32690,-0.10420,-0.06014,-0.27269,-0.05839,-0.12649,-0.09023,-0.24132,-0.12383,-0.00004
-0.04891,-0.01746,0.12298,-0.19918,-0.12257,0.06462,-0.02995,0.07704,0.07712,0.17788,-0.17634,-0.06538,0.02216
0.10001,0.10578,0.11748,-0.08372,0.08069,0.25174,0.24752,0.13572,0.06380,0.24940,-0.03371,0.04655,0.09977
0.23845,0.17527,0.12761,-0.07810,0.24070,0.32855,0.35937,0.08359,0.14882,0.25698,0.12943,0.12506,0.15835
0.35866,0.34515,0.10846,0.09847,0.34278,0.45922,0.37090,0.40135,0.24732,0.41758,0.36619,0.44897,0.29875
0.45603,0.26886,0.12148,0.03224,0.37845,0.37455,0.43177,0.18017,0.16396,0.30102,0.33799,0.26890,0.21957
0.52652,0.34744,0.10403,0.16713,0.41093,0.42611,0.40902,0.40207,0.18328,0.32482,0.40028,0.46502,0.28570
0.56846,0.52651,0.17145,0.15878,0.54693,0.45027,0.78930,0.46188,0.60201,0.55923,0.50041,0.72497,0.47136
0.58176,0.58062,0.12218,0.33902,0.69686,0.56333,0.66959,0.49870,0.64852,0.64396,0.49387,0.74291,0.50945
0.56568,0.59127,0.13971,0.37120,0.65155,0.85217,0.61303,0.48233,0.57275,0.53856,0.49751,0.76649,0.56709
0.52107,0.39678,0.12076,0.27684,0.44699,0.44713,0.32284,0.35271,0.33130,0.43478,0.43805,0.66991,0.24726
0.45013,0.37488,0.09413,0.28085,0.45186,0.34367,0.31772,0.40055,0.30870,0.34681,0.40402,0.59489,0.29970
0.35437,0.24022,0.05354,0.24588,0.25666,0.23625,0.25731,0.25623,0.20718,0.36468,0.18922,0.22225,0.16656
0.23879,0.22415,0.06885,0.10379,0.21914,0.28315,0.16560,0.22091,0.20836,0.32974,0.24837,0.29885,0.16357
0.10722,0.10000,0.07484,-0.01507,0.16072,0.18148,0.08283,0.03183,0.11726,0.16449,0.11316,0.17273,-0.00946
-0.03857,-0.06281,0.10101,-0.06967,0.17161,-0.00732,-0.05528,-0.15062,-0.08123,-0.00678,-0.14785,-0.18052,-0.10047
-0.19389,-0.24673,0.07240,-0.18231,-0.21357,-0.23185,-0.23417,-0.19967,-0.22823,-0.20951,-0.21466,-0.33924,-0.41411
-0.35112,-0.45748,0.11395,-0.30525,-0.55644,-0.57507,-0.38902,-0.39927,-0.60883,-0.37119,-0.32038,-0.48102,-0.56829
-0.50560,-0.48106,0.12306,-0.21878,-0.58669,-0.63346,-0.45275,-0.53429,-0.48922,-0.45459,-0.34206,-0.54389,-0.55483
-0.65544,-0.69589,0.09564,-0.61146,-0.84541,-0.68739,-0.58687,-0.76859,-0.66527,-0.54382,-0.75919,-0.70932,-0.78154
-0.79509,-0.86434,0.07956,-0.86589,-0.88961,-0.88476,-0.69774,-0.86889,-0.96492,-0.80051,-0.85292,-0.83902,-0.97910
-0.91643,-0.91439,0.06714,-0.95604,-0.88465,-0.82590,-0.94837,-0.82422,-0.90115,-0.84510,-1.00266,-0.97635,-0.97946
-1.01582,-1.04121,0.24049,-1.48186,-1.14767,-0.99727,-0.80730,-0.81828,-1.41057,-0.87196,-1.03104,-0.83480,-1.01140
-1.09022,-0.83447,0.28199,-1.41720,-0.99374,-1.02652,-0.51659,-0.82973,-1.03943,-0.58274,-0.67044,-0.64496,-0.62333
-1.13878,-0.67101,0.26569,-0.86589,-0.77732,-0.97693,-0.51030,-1.12041,-0.75713,-0.51681,-0.34589,-0.44679,-0.39261
-1.15830,-0.66190,0.27622,-0.21969,-0.69735,-0.97681,-0.21457,-1.03199,-0.87013,-0.72178,-0.61741,-0.59438,-0.67485
-1.14873,-1.89724,0.22114,-2.07679,-1.85889,-2.14838,-1.53436,-1.70587,-1.78879,-1.79197,-2.02386,-1.79245,-2.25106
-1.11286,-1.24140,0.15455,-1.41309,-1.30301,-1.39014,-1.16744,-0.98904,-1.12971,-1.08671,-1.18132,-1.29386,-1.45969
0.00085,0.05018,0.10729,-0.01496,0.09512,0.05518,0.04444,-0.06349,0.10061,-0.13217,0.26466,0.10079,0.05159
0.00085,0.05038,0.10681,-0.01497,0.09496,0.05543,0.04443,-0.06331,0.10083,-0.12995,0.26466,0.09996,0.05173
0.00085,0.07468,0.10598,-0.01568,0.10977,0.09045,0.04452,-0.05645,0.12696,-0.05018,0.30197,0.13162,0.06388
0.00076,0.04279,0.10367,-0.02138,0.06587,0.06897,0.00887,-0.09447,0.08134,-0.02362,0.29713,0.02384,0.02131
0.00051,0.02174,0.09060,-0.02310,0.02089,0.02280,-0.00484,-0.11742,0.03449,-0.03412,0.23958,0.05406,0.02511
0.00027,0.00581,0.11040,0.01523,0.04483,0.10675,0.01954,-0.13531,0.08489,-0.23464,0.05996,0.10827,-0.01144
-0.00036,0.09970,0.17467,0.02285,0.03951,0.12272,0.04626,-0.07732,0.17449,-0.09520,0.19104,0.51951,0.05313
-0.00117,0.12591,0.16586,0.08232,-0.02183,0.19816,0.06582,-0.05974,0.16276,0.05456,0.19135,0.53169,0.05399
-0.00241,0.13086,0.18078,0.07791,-0.07391,0.19559,0.07101,-0.03568,0.14620,0.22661,0.09758,0.57094,0.03232
-0.00349,0.10824,0.25362,0.06285,-0.02201,0.18663,0.00059,-0.03265,0.15264,-0.05716,0.05179,0.78991,-0.05025
-0.00494,0.01219,0.11205,-0.01620,-0.05827,0.16779,0.02091,-0.11737,0.06858,-0.09433,-0.06014,0.22587,-0.01496
-0.00675,0.02590,0.06078,-0.00470,-0.00962,0.12910,-0.01729,-0.01524,0.06694,0.02372,0.01401,0.12206,-0.05001
-0.00888,-0.00606,0.06797,-0.02237,-0.01834,0.06146,-0.04948,-0.04591,0.03800,-0.12138,-0.03399,0.12404,0.00740
-0.01133,-0.05049,0.05204,-0.05483,-0.07928,0.06082,-0.06479,-0.06730,-0.07063,-0.12328,-0.08654,-0.02156,0.00253
-0.01416,0.02272,0.05110,-0.02042,-0.06000,0.07234,0.01615,0.03493,0.06793,0.09918,-0.03803,0.04364,0.01154
-0.00836,-0.04640,0.04705,-0.01789,-0.09995,-0.01343,-0.04391,-0.05154,0.02748,-0.07018,-0.10877,-0.09382,0.00801
-0.02314,-0.03882,0.05386,-0.02891,-0.07238,0.07412,-0.08912,-0.04465,0.00250,-0.04712,-0.09839,-0.08805,0.00385
-0.02551,-0.02478,0.05276,-0.02824,-0.06569,0.06993,-0.06600,-0.00236,-0.00110,-0.09887,-0.07456,-0.01605,0.03517
-0.03000,-0.06531,0.04804,-0.03884,-0.09371,0.02927,-0.08923,-0.08083,-0.07715,-0.12136,-0.11301,-0.06575,-0.00250
-0.03514,-0.00084,0.04427,-0.03088,-0.02819,0.10922,-0.04906,0.00568,0.02589,-0.01253,-0.01877,-0.01726,0.00750
-0.04080,-0.02823,0.05894,-0.03074,-0.04615,0.06839,-0.05989,-0.02690,0.02593,-0.12554,-0.10149,-0.00602,0.02008
-0.04704,-0.01800,0.05822,-0.03162,-0.03454,0.09307,-0.04570,-0.01872,0.01864,-0.02659,-0.13347,-0.02861,0.02754
-0.05383,-0.06986,0.06937,-0.03356,-0.04855,0.04082,-0.06428,-0.09871,-0.13699,-0.09125,-0.21005,-0.04022,-0.01577
-0.06128,-0.03731,0.06364,-0.03175,-0.02234,0.05183,-0.02672,-0.05034,-0.09712,0.00285,-0.17940,-0.03343,0.01336
-0.06937,-0.00076,0.06194,-0.02889,0.00908,0.11361,-0.03255,-0.00245,0.01117,0.04766,-0.12404,-0.03113,0.02990
-0.08194,-0.02564,0.05772,-0.03106,-0.01649,0.07450,-0.02761,-0.04134,-0.04532,0.02037,-0.14545,-0.05883,0.01483
-0.08847,-0.06583,0.03997,-0.04730,-0.04914,-0.01587,-0.03135,-0.12045,-0.05464,-0.09572,-0.10581,-0.11616,-0.02182
-0.09716,-0.05974,0.04805,-0.05353,-0.06022,0.02336,-0.04294,-0.11889,-0.07303,-0.02174,-0.11207,-0.12169,-0.01666
-0.10810,-0.08154,0.06282,-0.06143,-0.08186,0.03586,-0.09732,-0.12615,-0.17207,-0.06993,-0.13520,-0.10987,0.00260
-0.11955,-0.09856,0.07565,-0.04509,-0.07553,0.02573,-0.06000,-0.13641,-0.23374,-0.14588,-0.16798,-0.11304,-0.03370
-0.13172,-0.06406,0.06367,-0.05358,-0.04597,0.04456,-0.04646,-0.13219,-0.13430,-0.04578,-0.13518,-0.11028,0.01859
-0.13885,-0.06588,0.15317,-0.03941,0.31242,0.01009,-0.05169,-0.16788,-0.12029,-0.25432,-0.17335,-0.09096,-0.08342
-0.15755,-0.10109,0.10827,-0.05111,0.06673,0.02873,-0.07491,-0.16238,-0.11078,-0.31514,-0.18614,-0.11712,-0.08872
-0.17256,-0.10062,0.10521,-0.03101,0.06723,0.01402,-0.05521,-0.14938,-0.14846,-0.28700,-0.20983,-0.09777,-0.10879
-0.18700,-0.14910,0.11728,-0.03724,0.00656,-0.01433,-0.11854,-0.18019,-0.23672,-0.37877,-0.22925,-0.14344,-0.15908
-0.20237,-0.23684,0.10253,-0.27783,-0.15637,-0.06019,-0.21401,-0.19988,-0.41227,-0.37183,-0.27605,-0.19244,-0.20756
-0.21818,-0.23127,0.09641,-0.23619,-0.12294,-0.08969,-0.17301,-0.20353,-0.36386,-0.38887,-0.29311,-0.19595,-0.24552
-0.23647,-0.21177,0.10106,-0.13947,-0.15885,-0.03042,-0.19298,-0.19309,-0.40558,-0.31312,-0.25593,-0.19810,-0.23017
-0.25417,-0.20134,0.08284,-0.17384,-0.14262,-0.09672,-0.09570,-0.20272,-0.36582,-0.25258,-0.27722,-0.20499,-0.20117
-0.26847,-0.16994,0.06634,-0.09998,-0.11401,-0.07932,-0.11643,-0.20324,-0.27341,-0.17708,-0.25905,-0.19178,-0.18509
-0.28576,-0.21199,0.08595,-0.09662,-0.15746,-0.08551,-0.20139,-0.21065,-0.37484,-0.27351,-0.26815,-0.21490,-0.23688
-0.30318,-0.25712,0.08136,-0.11033,-0.20127,-0.20887,-0.26451,-0.22334,-0.41709,-0.31122,-0.29521,-0.24615,-0.29315
-0.32077,-0.25140,0.07434,-0.12971,-0.19643,-0.20423,-0.26621,-0.21944,-0.40023,-0.31922,-0.29069,-0.24787,-0.23997
-0.33837,-0.28785,0.10029,-0.13631,-0.22200,-0.20147,-0.27003,-0.22971,-0.45198,-0.35687,-0.30418,-0.27681,-0.42916
-0.35572,-0.31159,0.09041,-0.20058,-0.23521,-0.28541,-0.27826,-0.22326,-0.47495,-0.37930,-0.31024,-0.29735,-0.43135
-0.37280,-0.31934,0.09409,-0.23201,-0.26509,-0.23207,-0.29653,-0.24725,-0.47942,-0.36353,-0.31299,-0.28171,-0.48283
-0.38950,-0.30772,0.11729,-0.12555,-0.24748,-0.19360,-0.32316,-0.23267,-0.48570,-0.39895,-0.33341,-0.26813,-0.46857
-0.40585,-0.36208,0.09942,-0.30671,-0.31724,-0.27626,-0.34003,-0.25796,-0.50034,-0.42541,-0.34269,-0.29816,-0.55600
-0.42158,-0.39575,0.08739,-0.41710,-0.32817,-0.39664,-0.35726,-0.26612,-0.49450,-0.44520,-0.34031,-0.34912,-0.56303
-0.43648,-0.38542,0.08670,-0.33086,-0.35811,-0.40732,-0.32899,-0.26546,-0.51349,-0.43634,-0.33713,-0.34083,-0.53562
-0.45049,-0.47088,0.09080,-0.51683,-0.46590,-0.39769,-0.40866,-0.40231,-0.59598,-0.45706,-0.35484,-0.46891,-0.64064
-0.46364,-0.46439,0.09180,-0.53227,-0.42166,-0.47351,-0.38884,-0.34052,-0.58161,-0.45953,-0.36983,-0.45229,-0.62384
-0.47565,-0.49545,0.08057,-0.53821,-0.50056,-0.49983,-0.38228,-0.44030,-0.59496,-0.48797,-0.37837,-0.50652,-0.62549
-0.48635,-0.49123,0.08133,-0.55836,-0.47503,-0.47840,-0.40202,-0.42156,-0.59094,-0.49093,-0.37582,-0.49197,-0.62731
-0.49568,-0.49860,0.08084,-0.48781,-0.41503,-0.51954,-0.42199,-0.48929,-0.60195,-0.49479,-0.37516,-0.55414,-0.62628
-0.50362,-0.49213,0.08212,-0.53796,-0.44531,-0.52239,-0.41024,-0.37200,-0.57799,-0.52902,-0.38815,-0.53080,-0.60747
-0.50994,-0.47832,0.07480,-0.45964,-0.48420,-0.44895,-0.42563,-0.39161,-0.58255,-0.52836,-0.37620,-0.48538,-0.60064
-0.51459,-0.48933,0.07867,-0.46520,-0.46882,-0.40962,-0.43767,-0.44767,-0.63278,-0.53508,-0.39563,-0.50025,-0.60055
-0.51749,-0.51930,0.10792,-0.59030,-0.48208,-0.45885,-0.39546,-0.44736,-0.72190,-0.53085,-0.37561,-0.57462,-0.61594
-0.51863,-0.50316,0.08396,-0.53056,-0.44869,-0.43058,-0.45621,-0.48884,-0.63355,-0.53347,-0.35837,-0.53919,-0.61211
-0.51791,-0.40516,0.07408,-0.36897,-0.32656,-0.36195,-0.39850,-0.33745,-0.51963,-0.46025,-0.34600,-0.40164,-0.53068
-0.51530,-0.45735,0.08646,-0.52041,-0.33696,-0.40182,-0.42944,-0.42948,-0.58562,-0.53008,-0.37876,-0.39335,-0.56757
-0.51081,-0.46942,0.09328,-0.59234,-0.37746,-0.39316,-0.43157,-0.45553,-0.59693,-0.49573,-0.35828,-0.40570,-0.58750
-0.50438,-0.50022,0.10488,-0.69092,-0.43879,-0.41019,-0.48710,-0.47263,-0.63934,-0.44743,-0.37018,-0.45302,-0.59260
-0.49612,-0.47592,0.09577,-0.65807,-0.37499,-0.44032,-0.44371,-0.51204,-0.56741,-0.46068,-0.34179,-0.41322,-0.54699
-0.48606,-0.50492,0.11717,-0.71852,-0.45738,-0.38733,-0.47398,-0.58877,-0.62102,-0.43895,-0.33833,-0.44854,-0.57634
-0.47417,-0.55020,0.11295,-0.77678,-0.53728,-0.47004,-0.49393,-0.56049,-0.68187,-0.48453,-0.37489,-0.53875,-0.58347
-0.46055,-0.46970,0.12090,-0.70122,-0.38740,-0.35286,-0.46140,-0.50961,-0.55381,-0.41319,-0.32679,-0.38613,-0.60458
-0.44541,-0.44568,0.10574,-0.62086,-0.42903,-0.28191,-0.46061,-0.50993,-0.52501,-0.36499,-0.34459,-0.37312,-0.54671
-0.42889,-0.47085,0.10713,-0.59244,-0.43959,-0.34159,-0.52511,-0.53628,-0.59033,-0.36817,-0.32803,-0.40032,-0.58665
-0.41120,-0.44746,0.12945,-0.61622,-0.42425,-0.23123,-0.53661,-0.48648,-0.56858,-0.40259,-0.30950,-0.32742,-0.57173
-0.39246,-0.48180,0.14269,-0.70063,-0.44606,-0.28364,-0.55159,-0.51752,-0.62796,-0.45067,-0.32520,-0.31486,-0.59984
-0.37287,-0.42176,0.10110,-0.57323,-0.36694,-0.27370,-0.50711,-0.39627,-0.50444,-0.40191,-0.33460,-0.32666,-0.53273
-0.35260,-0.41047,0.13950,-0.64385,-0.37712,-0.16065,-0.48017,-0.37073,-0.54065,-0.37489,-0.34418,-0.28777,-0.52467
-0.33179,-0.32680,0.09201,-0.34692,-0.28707,-0.19481,-0.41531,-0.25613,-0.45489,-0.34534,-0.30685,-0.21461,-0.44607
-0.31068,-0.25791,0.07718,-0.18050,-0.30193,-0.13532,-0.31215,-0.22248,-0.36341,-0.34139,-0.29975,-0.17776,-0.24439
-0.28959,-0.22314,0.07780,-0.12666,-0.14580,-0.14898,-0.29857,-0.20747,-0.32997,-0.31493,-0.28496,-0.15986,-0.21419
-0.26887,-0.19248,0.06942,-0.12311,-0.12512,-0.09671,-0.26204,-0.18984,-0.26923,-0.27993,-0.24679,-0.13344,-0.19857
-0.24863,-0.11970,0.07725,-0.08969,-0.04400,-0.05052,-0.19440,-0.17399,-0.07668,-0.25891,-0.16462,-0.01737,-0.12682
-0.22912,-0.10499,0.08303,-0.07177,-0.05092,-0.01013,-0.13525,-0.16557,-0.05317,-0.25256,-0.17928,0.00973,-0.14099
-0.21066,-0.12004,0.07257,-0.06929,-0.06229,-0.05148,-0.14888,-0.16708,-0.10371,-0.24073,-0.20194,-0.01200,-0.14304
-0.19359,-0.07580,0.08277,-0.09527,-0.00201,0.00638,-0.10441,-0.14202,0.01609,-0.21395,-0.16335,0.01737,-0.07684
-0.17812,-0.06877,0.06432,-0.09280,-0.03847,0.02885,-0.11259,-0.13473,-0.00145,-0.15086,-0.12547,0.00497,-0.06517
-0.16434,-0.02738,0.05638,-0.07399,-0.06189,0.02709,-0.05130,-0.10461,0.03297,-0.06620,-0.05865,0.03231,0.05043
-0.15257,-0.04325,0.06720,-0.07484,-0.02329,0.03860,-0.10637,-0.09407,0.03123,-0.03303,-0.16116,0.03684,-0.04638
-0.14299,-0.11535,0.08316,-0.11532,-0.10027,-0.01449,-0.12182,-0.14510,-0.03802,-0.28137,-0.21986,-0.06096,-0.05627
-0.13566,-0.04618,0.09098,-0.11421,0.01773,-0.00631,-0.10280,-0.08387,0.08461,-0.16011,-0.16868,0.05825,0.01355
-0.13073,-0.09205,0.08185,-0.11792,-0.05369,-0.00494,-0.11178,-0.10628,-0.00186,-0.21899,-0.22883,-0.06255,-0.01366
-0.12834,-0.09411,0.08675,-0.12059,-0.08869,-0.02050,-0.12016,-0.08763,0.03204,-0.21445,-0.22902,-0.10792,0.01578
-0.12851,-0.09564,0.08508,-0.11187,-0.08729,-0.01059,-0.10698,-0.09870,0.01633,-0.23578,-0.22243,-0.09934,0.00020
-0.13124,-0.08482,0.09087,-0.12135,-0.09951,-0.00989,-0.07387,-0.08244,0.05820,-0.19677,-0.22448,-0.12646,0.02833
-0.13653,-0.12480,0.06688,-0.12621,-0.15377,-0.02615,-0.08949,-0.13438,-0.14984,-0.18027,-0.24134,-0.12689,-0.01969
-0.14428,-0.20141,0.08822,-0.20717,-0.16058,-0.07176,-0.13873,-0.18142,-0.39367,-0.20932,-0.29642,-0.17601,-0.17898
-0.15437,-0.19666,0.08482,-0.18847,-0.13448,-0.08769,-0.11195,-0.21310,-0.37552,-0.18525,-0.29283,-0.18973,-0.18755
-0.16673,-0.22887,0.09010,-0.18661,-0.19768,-0.08207,-0.18384,-0.21993,-0.43293,-0.27337,-0.27834,-0.20496,-0.22894
-0.18122,-0.20526,0.09028,-0.17651,-0.13477,-0.06565,-0.15983,-0.21714,-0.40717,-0.21058,-0.27578,-0.19640,-0.20882
-0.19746,-0.15350,0.10130,-0.10866,-0.06201,0.00248,-0.17558,-0.20572,-0.35791,-0.12251,-0.24379,-0.16590,-0.09536
-0.21517,-0.16138,0.07083,-0.12211,-0.10093,-0.02088,-0.14343,-0.19319,-0.25780,-0.19928,-0.24585,-0.18729,-0.14300
-0.23412,-0.16860,0.08044,-0.11261,-0.16493,-0.06143,-0.14551,-0.17436,-0.33442,-0.17710,-0.25204,-0.18563,-0.07796
-0.25421,-0.27027,0.09768,-0.21962,-0.24055,-0.13889,-0.28016,-0.25397,-0.47138,-0.36699,-0.30818,-0.26910,-0.15385
-0.27486,-0.29127,0.08854,-0.21899,-0.25777,-0.21355,-0.37235,-0.26354,-0.44081,-0.40552,-0.31260,-0.25226,-0.17535
-0.29567,-0.24438,0.10062,-0.16931,-0.20979,-0.20421,-0.34389,-0.19482,-0.35144,-0.36440,-0.31296,-0.24791,-0.04506
-0.31659,-0.32226,0.07246,-0.21789,-0.21876,-0.34039,-0.37389,-0.30171,-0.41775,-0.40276,-0.34654,-0.35237,-0.25058
-0.33723,-0.29316,0.08642,-0.15891,-0.20776,-0.31528,-0.34415,-0.23890,-0.42401,-0.36151,-0.32853,-0.35456,-0.19801
-0.35691,-0.26215,0.08532,-0.12932,-0.19746,-0.26087,-0.28791,-0.24341,-0.35072,-0.35423,-0.30115,-0.35875,-0.13767
-0.37529,-0.23927,0.10656,-0.10979,-0.20229,-0.40974,-0.30880,-0.20461,-0.23268,-0.35334,-0.26933,-0.24962,-0.05247
-0.39211,-0.28939,0.10777,-0.09531,-0.25697,-0.42299,-0.36254,-0.22533,-0.33504,-0.41134,-0.29113,-0.34119,-0.15205
-0.40724,-0.30903,0.11484,-0.09321,-0.23897,-0.44203,-0.36962,-0.19691,-0.29658,-0.38003,-0.29273,-0.47574,-0.30443
-0.42031,-0.31109,0.11472,-0.09529,-0.28776,-0.45950,-0.39405,-0.22289,-0.29369,-0.41855,-0.28391,-0.43129,-0.22391
-0.43088,-0.31120,0.09390,-0.10196,-0.25303,-0.35963,-0.42793,-0.24644,-0.32568,-0.33409,-0.29334,-0.37791,-0.39194
-0.43895,-0.41370,0.13119,-0.11340,-0.33814,-0.36551,-0.44099,-0.44467,-0.48401,-0.50410,-0.35755,-0.49633,-0.59227
-0.44434,-0.19162,0.08286,-0.06418,-0.14654,-0.15389,-0.30687,-0.17879,-0.10953,-0.32419,-0.17607,-0.20135,-0.25481
-0.44680,-0.19162,0.11678,-0.06454,-0.10954,0.00423,-0.27765,-0.16614,-0.21134,-0.39179,-0.18700,-0.20811,-0.30428
-0.44631,-0.12780,0.08051,-0.04029,-0.00590,-0.02235,-0.19557,-0.16871,-0.17991,-0.24887,-0.12586,-0.16031,-0.13019
-0.44289,-0.16171,0.09493,-0.02030,-0.00364,-0.08750,-0.25908,-0.20865,-0.26403,-0.24348,-0.15031,-0.19435,-0.18576
-0.43658,-0.21882,0.10230,-0.11656,-0.05741,-0.20058,-0.33694,-0.23942,-0.25507,-0.41101,-0.15339,-0.21977,-0.19803
-0.30786,-0.33693,0.12490,-0.19400,-0.19295,-0.29458,-0.39393,-0.27787,-0.41667,-0.41532,-0.26559,-0.31221,-0.60620
-0.39191,-0.37528,0.08391,-0.30000,-0.26362,-0.36545,-0.41644,-0.30458,-0.47583,-0.45468,-0.29672,-0.37426,-0.50120
-0.47736,-0.35199,0.11478,-0.25632,-0.26300,-0.25394,-0.37123,-0.29554,-0.46694,-0.45267,-0.20501,-0.40085,-0.55443
-0.55977,-0.34530,0.09830,-0.33470,-0.28632,-0.23787,-0.37036,-0.26683,-0.38128,-0.47659,-0.19503,-0.47613,-0.42786
-0.63597,-0.36036,0.08952,-0.29670,-0.40497,-0.23815,-0.38669,-0.31315,-0.44645,-0.44147,-0.22247,-0.48336,-0.37024
-0.70343,-0.48492,0.09053,-0.35844,-0.60032,-0.39656,-0.39795,-0.61071,-0.56217,-0.49109,-0.42294,-0.54083,-0.46819
-0.62216,-0.62004,0.09942,-0.46919,-0.70562,-0.55296,-0.49449,-0.77547,-0.72718,-0.62811,-0.58449,-0.65785,-0.60509
-0.76518,-0.86219,0.10059,-0.72196,-0.86704,-0.84740,-0.82878,-0.88629,-1.06967,-0.93793,-0.77179,-0.76824,-0.92277
-0.90188,-0.93522,0.10211,-0.82287,-1.02005,-0.88865,-0.93162,-1.00416,-1.07989,-1.04754,-0.87123,-0.76411,-0.92208
-1.02372,-0.94570,0.12858,-0.85029,-1.02659,-0.93299,-0.98142,-0.95130,-1.03645,-1.16835,-0.84437,-0.69473,-0.97051
-1.12847,-0.94913,0.11774,-0.97280,-1.02510,-0.94366,-0.93389,-0.94357,-1.00924,-1.17305,-0.84844,-0.71760,-0.92391
-1.21501,-1.02324,0.13694,-1.00173,-1.05066,-0.99627,-1.09938,-1.04442,-0.95890,-1.32567,-0.96074,-0.77615,-1.01851
-1.08572,-1.28252,0.12521,-1.21672,-1.17634,-1.11110,-1.30390,-1.36555,-1.31457,-1.40179,-1.11528,-1.32914,-1.49078
-1.22771,-1.36323,0.11194,-1.31957,-1.25444,-1.31797,-1.35270,-1.50323,-1.43042,-1.49778,-1.13854,-1.40784,-1.40981
-1.35284,-1.42519,0.11178,-1.38405,-1.44494,-1.40406,-1.35843,-1.63618,-1.44857,-1.49762,-1.19173,-1.44263,-1.44367
-1.45486,-1.45508,0.10671,-1.39170,-1.48040,-1.51290,-1.38139,-1.62240,-1.53949,-1.52230,-1.23545,-1.44071,-1.42405
-1.53235,-1.37320,0.10960,-1.32672,-1.41594,-1.42426,-1.38286,-1.53757,-1.39700,-1.45873,-1.20035,-1.40430,-1.18431
-1.58774,-1.33957,0.10866,-1.20243,-1.38805,-1.26400,-1.39690,-1.48682,-1.33636,-1.48413,-1.24386,-1.39826,-1.19493
-1.62082,-1.37103,0.11371,-1.24356,-1.42810,-1.29374,-1.38539,-1.54418,-1.35362,-1.52103,-1.23610,-1.44974,-1.25481
-1.46307,-1.48661,0.10785,-1.41834,-1.55807,-1.42771,-1.38398,-1.70080,-1.59308,-1.51824,-1.36354,-1.50138,-1.40100
-1.54897,-1.55768,0.10766,-1.50765,-1.59120,-1.48896,-1.37307,-1.75136,-1.69907,-1.57676,-1.50082,-1.52965,-1.55825
-1.61271,-1.57973,0.10227,-1.54640,-1.53453,-1.55927,-1.39858,-1.68764,-1.78125,-1.61946,-1.56247,-1.52017,-1.58750
-1.65392,-1.44853,0.09910,-1.27923,-1.46356,-1.48744,-1.35569,-1.59565,-1.57006,-1.51650,-1.43194,-1.42259,-1.36263
-1.67237,-1.39099,0.10028,-1.14544,-1.47658,-1.41007,-1.34686,-1.42786,-1.52458,-1.42378,-1.39328,-1.37468,-1.38673
-1.66788,-1.38432,0.13412,-1.11982,-1.41545,-1.30077,-1.36384,-1.37179,-1.66747,-1.36946,-1.42581,-1.41993,-1.38888
-1.64039,-1.40358,0.14312,-1.08551,-1.39291,-1.47444,-1.33687,-1.40549,-1.67013,-1.39502,-1.44943,-1.42284,-1.40319
-1.45661,-1.37404,0.11882,-1.16113,-1.35610,-1.51787,-1.33459,-1.31553,-1.59913,-1.33596,-1.40959,-1.38409,-1.32639
-1.48256,-1.32613,0.13540,-1.21780,-1.28297,-1.48609,-1.29846,-1.27663,-1.64575,-1.28449,-1.23778,-1.22324,-1.30810
-1.48537,-1.19395,0.15230,-1.10590,-1.14584,-1.43958,-1.20664,-1.03898,-1.50086,-1.13432,-1.13000,-1.14118,-1.09622
-1.46492,-1.08959,0.12606,-1.00244,-1.01370,-1.25186,-1.11840,-0.94698,-1.34209,-1.09069,-1.08837,-0.95396,-1.08742
-1.42123,-1.00662,0.09173,-0.90886,-1.01490,-1.08840,-1.02720,-0.87912,-1.19433,-1.00770,-1.04116,-0.93827,-0.96622
-1.35438,-1.03816,0.09213,-1.00798,-1.05761,-1.14694,-1.02874,-0.88815,-1.19282,-0.97517,-1.11652,-0.96453,-1.00314
-1.08565,-1.00731,0.10543,-0.88457,-0.97126,-1.14127,-1.04771,-0.90026,-1.19482,-0.90666,-0.97565,-0.97210,-1.07881
-1.07406,-0.94943,0.12120,-0.88255,-0.96227,-1.22709,-0.93532,-0.83646,-1.07487,-0.85919,-0.84209,-0.90723,-0.96728
-1.05113,-0.91820,0.13811,-0.88402,-0.87527,-1.23693,-0.84309,-0.81796,-1.04694,-0.80193,-0.77918,-0.95658,-0.94008
-1.01212,-0.73584,0.09975,-0.66740,-0.78062,-0.93858,-0.62457,-0.64957,-0.83846,-0.71450,-0.64207,-0.78034,-0.72233
-0.95719,-0.60490,0.11487,-0.41530,-0.68494,-0.71933,-0.55336,-0.55378,-0.68467,-0.61682,-0.42158,-0.70035,-0.69882
-0.88690,-0.59508,0.11638,-0.39065,-0.66937,-0.68913,-0.53417,-0.55502,-0.66400,-0.60902,-0.42264,-0.71423,-0.70259
-0.61725,-0.65137,0.12133,-0.51459,-0.72869,-0.74357,-0.59001,-0.60467,-0.72147,-0.64876,-0.41418,-0.74109,-0.80671
-0.62994,-0.66326,0.14706,-0.54057,-0.69598,-0.81351,-0.57371,-0.62236,-0.85091,-0.59500,-0.38784,-0.72667,-0.82606
-0.63922,-0.57859,0.13152,-0.48231,-0.50694,-0.69917,-0.52451,-0.52307,-0.77294,-0.59516,-0.33086,-0.63981,-0.71115
-0.64030,-0.41914,0.11219,-0.30247,-0.41177,-0.33784,-0.42430,-0.32294,-0.56011,-0.51137,-0.26551,-0.46335,-0.59173
-0.63299,-0.36084,0.08960,-0.28365,-0.34482,-0.30993,-0.36242,-0.26160,-0.47109,-0.43908,-0.29994,-0.30597,-0.52994
-0.61752,-0.41636,0.07924,-0.33328,-0.38758,-0.43455,-0.41688,-0.33492,-0.52737,-0.45606,-0.36282,-0.35009,-0.56010
-0.44483,-0.50457,0.07328,-0.40745,-0.52770,-0.58796,-0.48479,-0.45168,-0.55084,-0.53978,-0.38323,-0.50712,-0.60511
-0.51979,-0.57031,0.09022,-0.46051,-0.54353,-0.58792,-0.54616,-0.54599,-0.66038,-0.60822,-0.40439,-0.65254,-0.69344
-0.59427,-0.58279,0.09471,-0.45626,-0.56971,-0.63544,-0.55186,-0.57573,-0.68453,-0.65202,-0.39547,-0.67000,-0.63691
-0.66069,-0.56431,0.07770,-0.52296,-0.55339,-0.60872,-0.52569,-0.56260,-0.60496,-0.66160,-0.38140,-0.61914,-0.60262
-0.71698,-0.53898,0.08791,-0.45880,-0.50767,-0.50246,-0.52461,-0.61406,-0.59230,-0.67120,-0.36152,-0.58038,-0.57680
-0.76190,-0.57370,0.07861,-0.45818,-0.52887,-0.56191,-0.57615,-0.63035,-0.59733,-0.67828,-0.43902,-0.64183,-0.62503
-0.68479,-0.72583,0.04770,-0.71671,-0.67100,-0.76011,-0.69085,-0.74591,-0.81065,-0.73700,-0.64350,-0.73952,-0.74307
-0.81096,-0.84781,0.05951,-0.86227,-0.84907,-0.89929,-0.90474,-0.80227,-0.96162,-0.80356,-0.81803,-0.76746,-0.80977
-0.92626,-0.94154,0.07457,-0.94771,-1.01017,-0.97352,-1.02724,-0.84386,-1.04210,-0.91842,-0.91585,-0.81659,-0.91994
-1.02428,-0.96900,0.08489,-0.95394,-1.03131,-1.03976,-1.04697,-0.88203,-1.11227,-0.93662,-0.87566,-0.86212,-0.94935
-1.10412,-1.03869,0.09211,-1.03180,-1.11262,-1.07499,-1.04015,-0.89928,-1.19909,-1.05038,-0.99227,-0.89848,-1.08781
-1.16292,-1.04432,0.10993,-1.00528,-1.07512,-1.18174,-1.03707,-0.89188,-1.22043,-1.05401,-1.00502,-0.87511,-1.09754
-1.19767,-1.18659,0.11109,-1.25076,-1.31095,-1.32146,-1.09716,-1.01996,-1.31462,-1.19039,-1.17570,-1.05197,-1.13295
-1.20904,-1.14275,0.12869,-1.07859,-1.18624,-1.40724,-1.06892,-0.99196,-1.23843,-1.21400,-1.14337,-0.96806,-1.13070
-1.19668,-1.12966,0.10323,-1.06135,-1.18701,-1.39170,-1.03849,-1.10955,-1.10737,-1.09462,-1.12428,-1.03708,-1.14514
-1.16099,-1.10061,0.07711,-1.05527,-1.14225,-1.27859,-1.08860,-1.03388,-1.07872,-1.16419,-1.07013,-1.01333,-1.08112
-1.10374,-1.03150,0.11399,-0.88452,-1.01019,-1.18468,-1.06590,-1.05387,-1.03262,-1.23003,-0.87517,-0.95532,-1.02276
-1.02679,-1.01525,0.11657,-0.92464,-0.92166,-1.07921,-1.04054,-1.12446,-1.03770,-1.23926,-0.86578,-0.89085,-1.02844
-0.93109,-0.91998,0.09844,-0.92368,-0.77838,-1.11310,-0.96243,-0.97731,-0.90864,-0.95661,-0.78514,-0.85207,-0.94242
-0.82096,-0.81823,0.11432,-0.86945,-0.67010,-1.00262,-0.78905,-0.79777,-0.78278,-1.01357,-0.69915,-0.75543,-0.80237
-0.69913,-0.60617,0.04784,-0.61974,-0.58129,-0.66722,-0.56887,-0.53831,-0.60920,-0.69685,-0.57561,-0.58134,-0.62326
-0.56851,-0.43767,0.10644,-0.47653,-0.24975,-0.53581,-0.36956,-0.46826,-0.51597,-0.45798,-0.52491,-0.26440,-0.51357
-0.43033,-0.29660,0.07257,-0.36268,-0.21644,-0.33157,-0.31398,-0.22395,-0.36136,-0.23505,-0.36574,-0.18728,-0.36797
-0.29061,-0.19557,0.05602,-0.29810,-0.21582,-0.12181,-0.21903,-0.15440,-0.18522,-0.21190,-0.25930,-0.15176,-0.13832
-0.15276,-0.02024,0.11070,-0.18758,-0.05502,-0.01169,-0.04165,0.10957,0.07539,0.08617,-0.18484,-0.08298,0.09017
-0.01776,0.06951,0.11014,-0.11509,0.04807,0.17611,0.00463,0.14770,0.13440,0.22833,-0.07646,0.04068,0.10671
0.11016,0.18968,0.10150,0.02879,0.21038,0.26559,0.27325,0.22087,0.19888,0.35313,0.03726,0.14524,0.16346
0.22471,0.24791,0.10000,0.06495,0.32146,0.31520,0.36430,0.23123,0.20761,0.39289,0.18336,0.22334,0.17476
0.32337,0.37320,0.11723,0.13923,0.48430,0.45043,0.45686,0.34644,0.38026,0.49432,0.31180,0.43756,0.23079
0.40557,0.31753,0.11542,0.13131,0.42974,0.42646,0.33601,0.37224,0.22075,0.46990,0.30216,0.32585,0.16090
0.46821,0.28207,0.11347,0.10338,0.38463,0.30871,0.43364,0.36276,0.19717,0.39595,0.27374,0.21442,0.14635
0.50797,0.43280,0.10513,0.25399,0.54195,0.43747,0.50871,0.44389,0.36737,0.44242,0.39737,0.61172,0.32307
0.52454,0.44892,0.15848,0.31662,0.69917,0.50246,0.56768,0.47928,0.26032,0.53449,0.36626,0.56745,0.19545
0.51833,0.38863,0.12246,0.29560,0.61083,0.50716,0.39838,0.39884,0.26339,0.36517,0.38350,0.47309,0.19038
0.48939,0.33497,0.12367,0.19038,0.55330,0.41377,0.28997,0.34204,0.19543,0.37567,0.36556,0.44903,0.17458
0.43879,0.37856,0.13847,0.22812,0.56918,0.44736,0.34140,0.36554,0.22913,0.39907,0.38304,0.61432,0.20840
0.36824,0.31672,0.12851,0.35752,0.58552,0.34172,0.27494,0.17604,0.22092,0.26257,0.34406,0.44205,0.16184
0.27933,0.24047,0.13038,0.08270,0.52156,0.29429,0.11853,0.18195,0.18792,0.24288,0.24991,0.37221,0.15277
0.17520,0.14416,0.11407,0.04744,0.26668,0.24842,0.06159,0.09788,0.16381,-0.07953,0.20923,0.27925,0.14682
0.05881,0.00554,0.07383,-0.01270,0.06119,0.11507,-0.03360,-0.04723,-0.07357,-0.11632,0.07886,0.03209,0.05167
-0.06764,-0.12301,0.10985,-0.03703,-0.03173,-0.03406,-0.22035,-0.18999,-0.36012,-0.04267,-0.04020,-0.16031,-0.11364
-0.20082,-0.23495,0.09055,-0.17485,-0.22863,-0.18614,-0.30601,-0.23273,-0.42635,-0.27757,-0.08185,-0.22824,-0.20708
-0.33609,-0.41206,0.07629,-0.36319,-0.37286,-0.40116,-0.43817,-0.36940,-0.52539,-0.48442,-0.33005,-0.31565,-0.52036
-0.47074,-0.48380,0.10889,-0.33676,-0.41499,-0.38097,-0.51448,-0.44944,-0.60913,-0.62374,-0.36031,-0.55398,-0.59420
-0.60121,-0.62795,0.08526,-0.43293,-0.62804,-0.66631,-0.60885,-0.68088,-0.71657,-0.69408,-0.53554,-0.64909,-0.66721
-0.72343,-0.75492,0.07382,-0.65303,-0.71240,-0.86617,-0.68682,-0.77589,-0.87529,-0.73837,-0.70752,-0.73444,-0.79929
-0.83269,-0.85260,0.08523,-0.77114,-0.82742,-0.98746,-0.81979,-0.83922,-0.96849,-0.78163,-0.77425,-0.79844,-0.95812
-0.92666,-0.94607,0.10738,-0.93646,-0.89451,-1.15313,-0.92207,-0.88955,-1.08165,-0.86207,-0.84316,-0.84353,-1.03455
-1.00247,-0.97005,0.12532,-0.95285,-0.90141,-1.20422,-0.98827,-0.88449,-1.12417,-0.86470,-0.84752,-0.85702,-1.07589
-1.05753,-1.03651,0.15416,-0.94326,-0.98144,-1.32529,-1.05724,-0.91677,-1.22573,-0.93951,-0.89014,-0.90631,-1.17937
-1.08963,-1.05897,0.13518,-0.99695,-1.02595,-1.29069,-1.06404,-0.92576,-1.23242,-0.93307,-0.94176,-0.97439,-1.20465
-1.09836,-0.99655,0.10448,-0.93578,-1.03393,-1.17974,-0.95944,-0.98222,-1.10221,-0.84098,-0.89277,-0.94550,-1.09288
-1.08365,-0.97264,0.09202,-0.91677,-0.97504,-1.13758,-0.93646,-0.93272,-1.07428,-0.92166,-0.81388,-0.97591,-1.04211
-1.04591,-0.93664,0.09896,-0.88479,-0.92968,-1.09608,-0.84448,-0.85071,-1.05206,-0.92116,-0.79079,-0.96959,-1.02710
-0.98643,-0.87778,0.06936,-0.83227,-0.83974,-0.95317,-0.81823,-0.90991,-0.98585,-0.79716,-0.80637,-0.87835,-0.95677
-0.90753,-0.80402,0.06749,-0.86195,-0.80252,-0.83823,-0.70698,-0.85929,-0.90024,-0.74304,-0.71380,-0.76924,-0.84490
-0.81165,-0.68644,0.08061,-0.80294,-0.59800,-0.58569,-0.61194,-0.68646,-0.81221,-0.70139,-0.64555,-0.67441,-0.74583
-0.70028,-0.41652,0.13082,-0.41159,-0.29109,-0.30471,-0.48259,-0.39588,-0.53844,-0.63388,-0.36922,-0.20750,-0.53028
-0.57626,-0.23696,0.12914,-0.08769,-0.17008,-0.05069,-0.25070,-0.20039,-0.42664,-0.42272,-0.25077,-0.16609,-0.34385
-0.44480,-0.20554,0.17274,-0.04093,0.05509,-0.07383,-0.29781,-0.20695,-0.38545,-0.51170,-0.22234,-0.08446,-0.28697
-0.30993,-0.11724,0.17329,-0.04657,0.08750,-0.03688,-0.20396,-0.16180,-0.16586,-0.50735,-0.16040,0.10596,-0.08300
-0.17327,0.12868,0.26102,0.13013,0.29504,0.17231,-0.10337,0.09921,0.20000,-0.24855,-0.08201,0.70915,0.11493
-0.00469,0.21509,0.26319,0.18774,0.30061,0.18404,0.11716,0.11665,0.21974,-0.11592,0.13339,0.89885,0.10863
0.04849,0.37335,0.25631,0.51706,0.40085,0.22921,0.10159,0.38696,0.60796,0.05349,0.30005,0.91199,0.22437
0.08913,0.21062,0.14502,0.29360,0.27052,0.18386,0.09098,0.16519,0.42815,-0.04664,0.25941,0.38063,0.08049
0.11826,0.16061,0.09884,0.08238,0.30404,0.17604,0.07233,0.13619,0.28770,0.02110,0.27381,0.15631,0.09618
0.21716,0.12457,0.09528,-0.01430,0.12102,0.12414,0.05787,0.10348,0.23177,0.01825,0.29361,0.20126,0.10856
0.14397,0.07550,0.10477,0.02010,0.02485,0.09387,0.00494,0.05773,0.20251,-0.13492,0.21618,0.14679,0.12294
0.05447,0.02576,0.12260,0.01684,0.02409,0.13427,-0.02505,-0.00200,0.05364,-0.23823,0.23033,-0.03013,0.09381
-0.04685,-0.03675,0.13639,0.01769,-0.12321,0.17870,-0.00663,-0.13982,-0.26192,-0.06633,0.16540,-0.11528,-0.01605
-0.15712,-0.18479,0.11186,-0.06844,-0.23163,-0.11556,-0.15660,-0.19204,-0.41309,-0.25519,-0.00260,-0.20142,-0.21133
-0.20510,-0.32112,0.11559,-0.13884,-0.44384,-0.19184,-0.30692,-0.25416,-0.51846,-0.42452,-0.29078,-0.32199,-0.31986
-0.39165,-0.62774,0.08455,-0.61426,-0.69212,-0.63491,-0.50953,-0.68973,-0.77203,-0.60018,-0.48690,-0.62327,-0.65447
-0.57997,-0.75851,0.08996,-0.68424,-0.86297,-0.75699,-0.65029,-0.80903,-0.87491,-0.87741,-0.68505,-0.68109,-0.70314
-0.76300,-0.86848,0.10889,-0.93163,-0.87703,-0.91908,-0.95029,-0.74616,-1.01152,-0.98942,-0.71998,-0.73944,-0.80029
-0.93302,-0.99921,0.14109,-1.08768,-1.04650,-1.05144,-1.21253,-0.85449,-1.04226,-1.15133,-0.83163,-0.80025,-0.91397
-0.99389,-1.21756,0.13046,-1.38758,-1.23273,-1.23267,-1.42146,-1.29418,-1.21554,-1.20035,-1.00900,-1.07430,-1.10777
-1.19022,-1.18830,0.15429,-1.32704,-1.18270,-1.39209,-1.39525,-1.20192,-1.05515,-1.25444,-0.96469,-1.09167,-1.01808
-1.36557,-1.29277,0.14884,-1.38553,-1.33131,-1.46530,-1.44099,-1.38771,-1.11343,-1.33272,-1.07076,-1.31885,-1.08110
-1.51097,-1.33760,0.17077,-1.38063,-1.42066,-1.50252,-1.45178,-1.47542,-1.14362,-1.39885,-1.10804,-1.45232,-1.04220
-1.62113,-1.45041,0.16349,-1.46128,-1.67779,-1.57565,-1.48315,-1.61286,-1.28078,-1.44850,-1.26655,-1.52535,-1.17220
-1.57465,-1.57730,0.12184,-1.57464,-1.77515,-1.71362,-1.50981,-1.68612,-1.57988,-1.54714,-1.42200,-1.57284,-1.39178
-1.69538,-1.68113,0.15840,-1.62183,-1.81910,-1.83785,-1.50651,-1.93085,-1.77189,-1.65393,-1.55149,-1.68184,-1.43605
-1.78579,-1.64826,0.16317,-1.44757,-1.77351,-1.80998,-1.57660,-1.93048,-1.73310,-1.67833,-1.48228,-1.58406,-1.46674
-1.84553,-1.67428,0.16126,-1.46390,-1.77764,-1.80069,-1.59148,-1.93469,-1.78056,-1.78016,-1.55645,-1.59797,-1.45927
-1.87437,-1.73691,0.15314,-1.52513,-1.78718,-1.81254,-1.55398,-2.02733,-1.78509,-1.79444,-1.83363,-1.61932,-1.63043
-1.87230,-1.79427,0.19578,-1.55095,-1.96793,-1.86319,-1.50422,-2.07679,-1.84540,-1.71805,-2.03188,-1.66802,-1.71625
-1.75441,-1.79198,0.19739,-1.57288,-1.98882,-1.91785,-1.43077,-1.97838,-1.89704,-1.66670,-1.98719,-1.66064,-1.81956
-1.76500,-1.73124,0.21697,-1.56193,-1.86257,-1.92820,-1.38670,-1.83115,-1.86960,-1.53720,-2.04780,-1.50587,-1.78133
-1.74489,-1.57678,0.16040,-1.51807,-1.68756,-1.79191,-1.37030,-1.51095,-1.81191,-1.51756,-1.70119,-1.38051,-1.47783
-1.69431,-1.48037,0.13653,-1.47916,-1.65383,-1.61565,-1.35611,-1.51879,-1.43574,-1.45553,-1.67690,-1.32070,-1.29133
-1.61362,-1.48081,0.15822,-1.52860,-1.65467,-1.56397,-1.34904,-1.43678,-1.40042,-1.39045,-1.80230,-1.27212,-1.40980
-1.38532,-1.43946,0.17045,-1.49213,-1.71640,-1.53771,-1.28898,-1.50704,-1.26871,-1.18512,-1.57577,-1.28658,-1.53616
-1.31755,-1.39540,0.10772,-1.52516,-1.42478,-1.45758,-1.36406,-1.45507,-1.13559,-1.38292,-1.32955,-1.40491,-1.47440
-1.22066,-1.27671,0.14183,-1.48852,-1.30934,-1.43919,-1.19344,-1.26730,-1.24487,-1.33251,-0.96981,-1.22313,-1.29895
-1.09774,-1.10700,0.11493,-1.19094,-1.05314,-1.25775,-1.13585,-1.07123,-1.23666,-0.96699,-0.90693,-1.06616,-1.18431
-0.95451,-0.92517,0.12770,-1.07088,-0.87482,-1.09883,-0.86443,-0.84688,-1.01698,-0.90123,-0.69244,-0.84448,-1.04072
-0.79354,-0.78409,0.12775,-0.94212,-0.71096,-0.89833,-0.67738,-0.60639,-0.89094,-0.72846,-0.65766,-0.77174,-0.95698
-0.61959,-0.52431,0.14526,-0.71757,-0.35121,-0.64045,-0.48085,-0.33530,-0.61506,-0.46222,-0.37613,-0.54791,-0.71636
-0.43889,-0.40935,0.12302,-0.55159,-0.30968,-0.38780,-0.34875,-0.24790,-0.58987,-0.36366,-0.30525,-0.40551,-0.58347
-0.25588,-0.26682,0.08919,-0.38633,-0.32013,-0.32914,-0.27112,-0.15607,-0.28042,-0.08551,-0.23614,-0.27102,-0.33231
-0.07546,-0.06032,0.09761,-0.18581,-0.12455,-0.02249,-0.05287,0.02812,0.05972,0.09908,-0.13195,-0.12903,-0.14340
0.10032,0.19873,0.09076,0.08449,0.28979,0.22310,0.20253,0.29750,0.18786,0.34302,0.12430,0.15417,0.08057
0.26230,0.37865,0.08970,0.26789,0.44376,0.40391,0.44388,0.40770,0.27047,0.52736,0.40471,0.36225,0.25453
0.40581,0.42731,0.11175,0.30645,0.51285,0.52009,0.53248,0.43533,0.27490,0.56763,0.45250,0.40724,0.26366
0.52951,0.53866,0.09110,0.39846,0.60479,0.64094,0.50881,0.46199,0.42803,0.66042,0.55785,0.51344,0.61186
0.62845,0.53563,0.13462,0.30962,0.59236,0.71783,0.66965,0.52191,0.33212,0.64693,0.49001,0.56600,0.50990
0.69697,0.59766,0.09101,0.41881,0.68458,0.64035,0.72086,0.54219,0.61849,0.60321,0.49924,0.58354,0.66535
0.70054,0.52904,0.17608,0.32337,0.70187,0.69622,0.70352,0.52388,0.24307,0.73581,0.46325,0.50894,0.39050
0.74421,0.46123,0.20629,0.35159,0.70750,0.84376,0.55252,0.43724,0.17152,0.50093,0.49227,0.30096,0.25398
0.75814,0.59141,0.14968,0.33133,0.76958,0.88142,0.57237,0.54096,0.58901,0.52680,0.49229,0.58447,0.62590
0.74030,0.53887,0.16340,0.18035,0.58640,0.76804,0.70802,0.57915,0.60727,0.40346,0.49138,0.50589,0.55875
0.69184,0.39446,0.16783,0.23016,0.64217,0.43487,0.68002,0.46699,0.26860,0.29113,0.41394,0.33822,0.17848
0.58543,0.38550,0.13508,0.21245,0.58053,0.41907,0.50930,0.40748,0.34483,0.39330,0.36254,0.49510,0.13044
0.51995,0.28301,0.13142,0.06412,0.53691,0.35224,0.32251,0.30796,0.24073,0.22554,0.31981,0.33985,0.12048
0.43156,0.27901,0.09590,0.20706,0.47416,0.26698,0.26971,0.27682,0.27438,0.33460,0.30924,0.28575,0.09141
0.32187,0.12679,0.08885,0.01795,0.07715,0.19870,0.23018,0.13525,0.16441,0.27695,0.06479,0.02313,0.07939
0.19415,0.02850,0.09993,-0.03632,-0.07224,0.13071,0.17803,0.01264,-0.01374,0.19372,-0.03534,-0.05772,-0.01469
0.02785,-0.13226,0.08799,-0.13501,-0.22766,0.00837,0.01615,-0.10256,-0.24139,-0.13736,-0.20345,-0.13861,-0.16112
-0.08448,-0.26285,0.13105,-0.18560,-0.26781,-0.11431,-0.17581,-0.09752,-0.51666,-0.36155,-0.29543,-0.22788,-0.38591
-0.20319,-0.36542,0.18640,-0.36001,-0.53300,-0.05215,-0.24283,-0.22164,-0.64206,-0.34757,-0.37359,-0.26392,-0.61746
-0.32551,-0.47818,0.16043,-0.45064,-0.74669,-0.30895,-0.32535,-0.35697,-0.68019,-0.42009,-0.38684,-0.43401,-0.67213
-0.44561,-0.64150,0.13281,-0.59354,-0.88560,-0.58442,-0.56238,-0.57548,-0.79802,-0.52649,-0.48544,-0.61926,-0.78440
-0.58050,-0.74551,0.12150,-0.62878,-1.00906,-0.71591,-0.83473,-0.72162,-0.84255,-0.65657,-0.62520,-0.65518,-0.76553
-0.65298,-1.02106,0.15222,-1.31387,-1.17584,-1.05419,-1.08517,-0.91553,-1.05275,-0.97129,-0.77963,-0.88340,-0.97895
-0.71363,-1.00220,0.13962,-1.19811,-1.15493,-0.96675,-1.15250,-0.97557,-1.02562,-0.84157,-0.76081,-1.01080,-0.93529
-0.76020,-0.87943,0.12414,-0.95943,-1.00208,-0.74460,-1.03374,-0.90049,-0.98948,-0.90409,-0.66757,-0.75497,-0.83790
-0.82928,-0.84050,0.08777,-1.00050,-0.91824,-0.81605,-0.89614,-0.82982,-0.89960,-0.73903,-0.71941,-0.77152,-0.81473
-0.80754,-0.87014,0.09252,-1.00327,-0.92115,-0.87080,-0.98320,-0.89446,-0.93410,-0.80523,-0.78343,-0.74935,-0.75643
-0.76825,-0.75609,0.06573,-0.80995,-0.73525,-0.82945,-0.75705,-0.79880,-0.74208,-0.85001,-0.68785,-0.64700,-0.70345
-0.71462,-0.86676,0.09754,-1.01736,-0.73356,-0.93167,-0.90141,-0.86049,-0.89760,-0.98914,-0.76499,-0.77326,-0.79807
-0.64860,-0.64952,0.05961,-0.62459,-0.64206,-0.67936,-0.77109,-0.61919,-0.67565,-0.70082,-0.55658,-0.60616,-0.61974
-0.58968,-0.58125,0.07668,-0.59883,-0.38360,-0.66903,-0.59653,-0.55370,-0.59934,-0.63723,-0.56998,-0.61599,-0.58826
-0.46605,-0.38716,0.10315,-0.36144,-0.15444,-0.47924,-0.44418,-0.34455,-0.46342,-0.47378,-0.35361,-0.31882,-0.47810
-0.33767,-0.36038,0.09877,-0.47853,-0.23217,-0.45288,-0.43560,-0.24989,-0.34424,-0.42642,-0.27530,-0.25675,-0.45197
-0.20903,-0.16443,0.06699,-0.18771,-0.06640,-0.16782,-0.12763,-0.13478,-0.09133,-0.28647,-0.25205,-0.15860,-0.17146
-0.12803,-0.08118,0.07778,-0.18969,-0.04414,-0.16827,-0.06931,-0.07221,0.07334,-0.08196,-0.15305,-0.09131,-0.01523
0.02852,0.14126,0.11310,-0.04094,0.18254,0.06918,0.26070,0.24183,0.20006,0.29472,0.01299,0.05669,0.13480
0.17755,0.25815,0.05096,0.18220,0.29958,0.24618,0.23060,0.30261,0.23492,0.33291,0.25216,0.30811,0.19219
0.30970,0.33733,0.09074,0.26693,0.37850,0.32358,0.50930,0.36909,0.22217,0.40924,0.31961,0.36791,0.20697
0.42364,0.50940,0.09374,0.35097,0.57212,0.66896,0.60981,0.41462,0.47650,0.52430,0.45852,0.48060,0.53764
0.47826,0.63608,0.13285,0.39265,0.64547,0.81076,0.81237,0.53671,0.67448,0.62728,0.49845,0.63979,0.72286
0.58042,0.46327,0.11246,0.33079,0.52839,0.64697,0.57439,0.41252,0.27805,0.54700,0.44771,0.42929,0.43764
0.65449,0.68412,0.16223,0.41809,0.63611,0.84809,0.98997,0.62534,0.68193,0.72697,0.50668,0.65024,0.75781
0.69892,0.67181,0.14513,0.43964,0.76721,0.84961,0.85989,0.54161,0.68164,0.68537,0.49918,0.62192,0.77203
0.71173,0.53669,0.14942,0.23338,0.69811,0.79548,0.49825,0.52457,0.60216,0.53211,0.44801,0.49120,0.54363
0.66528,0.58296,0.15663,0.24981,0.68713,0.79684,0.76117,0.52244,0.58654,0.52032,0.48535,0.57220,0.64782
0.65377,0.56372,0.17716,0.23137,0.87410,0.56760,0.65398,0.59983,0.61284,0.39354,0.41901,0.61512,0.66984
0.61399,0.46225,0.20813,0.24770,0.88939,0.51343,0.60037,0.46632,0.31704,0.38117,0.40180,0.62762,0.17763
0.54591,0.42911,0.17262,0.31829,0.82795,0.43522,0.39135,0.47322,0.34893,0.39729,0.34666,0.56789,0.18433
0.45307,0.37890,0.15629,0.15684,0.64181,0.38454,0.32549,0.42173,0.31458,0.36939,0.40820,0.59717,0.16920
0.32029,0.20073,0.08929,0.11271,0.34467,0.26617,0.21846,0.14271,0.19505,0.11703,0.32365,0.20088,0.08592
0.22279,0.22314,0.11349,0.13521,0.47660,0.19467,0.17348,0.15304,0.21983,0.14573,0.24086,0.36518,0.12685
0.10991,0.01479,0.09430,-0.03035,0.04867,0.13318,0.00383,-0.06031,0.12926,-0.18984,0.04385,0.01974,0.04991
-0.01492,-0.05870,0.09061,-0.04461,0.06193,0.02822,-0.03702,-0.08780,-0.04682,-0.27706,-0.02890,-0.09806,-0.05683
-0.19343,-0.26681,0.13881,-0.11185,-0.13835,-0.20069,-0.27548,-0.19336,-0.48707,-0.41741,-0.16458,-0.21560,-0.46375
-0.29407,-0.32777,0.11897,-0.22189,-0.21001,-0.28841,-0.35064,-0.21270,-0.49844,-0.45306,-0.27740,-0.25287,-0.51225
-0.39438,-0.47559,0.11873,-0.36483,-0.50763,-0.46661,-0.52666,-0.30253,-0.61985,-0.52027,-0.33207,-0.44814,-0.66735
-0.49040,-0.55928,0.13949,-0.43268,-0.84347,-0.50986,-0.52755,-0.39308,-0.67063,-0.55458,-0.41600,-0.56626,-0.67869
-0.58054,-0.66898,0.11410,-0.50564,-0.92125,-0.61826,-0.64265,-0.56157,-0.75982,-0.66345,-0.65639,-0.63946,-0.72133
-0.69149,-0.79213,0.11496,-0.61085,-0.99189,-0.82404,-0.73772,-0.68428,-0.87924,-0.90349,-0.75174,-0.70631,-0.83177
-0.72291,-0.82182,0.09620,-0.66314,-0.94547,-0.84189,-0.86004,-0.77741,-0.82854,-0.98439,-0.78342,-0.71687,-0.81701
-0.73932,-0.88061,0.09482,-0.78300,-1.00512,-0.80194,-0.90300,-0.87966,-1.00004,-0.97793,-0.80983,-0.73981,-0.90572
-0.74102,-0.94162,0.09817,-0.92190,-1.10463,-1.01677,-0.92483,-0.93403,-1.00504,-0.93897,-0.78312,-0.79346,-0.99345
-0.77274,-0.94778,0.07456,-0.95891,-1.00963,-1.01833,-0.97855,-0.95452,-1.00583,-0.91047,-0.80948,-0.83176,-1.00028
-0.70692,-0.88623,0.07667,-0.90446,-0.83179,-1.03079,-0.84400,-0.86026,-0.95530,-0.93382,-0.76185,-0.82984,-0.91015
-0.62592,-0.72313,0.08732,-0.69924,-0.67164,-0.85138,-0.73774,-0.62181,-0.76601,-0.88205,-0.63496,-0.66881,-0.69767
-0.53427,-0.60235,0.11075,-0.65471,-0.42362,-0.84564,-0.58820,-0.48636,-0.61991,-0.62157,-0.61751,-0.55844,-0.60749
-0.43514,-0.39630,0.10214,-0.43843,-0.23375,-0.51965,-0.38955,-0.25788,-0.50716,-0.45907,-0.42043,-0.28817,-0.44888
-0.35566,-0.23646,0.06366,-0.27945,-0.14024,-0.19661,-0.32657,-0.20923,-0.30368,-0.28403,-0.26995,-0.17313,-0.18167
-0.21230,-0.13224,0.11449,-0.22367,-0.14305,-0.08337,-0.26408,-0.09598,0.00963,-0.23045,-0.22640,-0.15478,0.08973
-0.07064,-0.10992,0.08570,-0.20340,-0.13624,-0.01029,-0.16996,-0.04950,0.02473,-0.18620,-0.20178,-0.13650,-0.03002
0.06391,0.15021,0.11010,0.03621,0.06427,0.29211,0.29438,0.26431,0.18396,0.15557,0.00248,0.04284,0.16601
0.13870,0.32633,0.11797,0.13435,0.37154,0.38176,0.56634,0.35330,0.27126,0.33820,0.24667,0.38377,0.21615
0.28588,0.40126,0.09390,0.26398,0.49967,0.50588,0.54667,0.39822,0.29343,0.41180,0.35770,0.40523,0.32998
0.41491,0.61274,0.12435,0.48691,0.70303,0.81774,0.76765,0.52212,0.49353,0.56296,0.47457,0.61429,0.68461
0.52017,0.59461,0.17104,0.35987,0.65897,0.82626,0.93670,0.54800,0.53504,0.51465,0.47113,0.57608,0.51936
0.59959,0.62735,0.18728,0.43117,0.64723,0.70509,1.06937,0.48709,0.58747,0.56013,0.42747,0.72522,0.63329
0.64899,0.54673,0.21498,0.32274,0.61569,0.61855,1.01889,0.53094,0.32513,0.63493,0.40889,0.65639,0.33512
0.66710,0.66141,0.18703,0.40593,0.72120,0.81118,1.01182,0.64140,0.58402,0.53952,0.41014,0.78036,0.70856
0.65376,0.48282,0.18256,0.18898,0.66544,0.47388,0.71044,0.49789,0.26385,0.56714,0.38073,0.70750,0.37241
0.60919,0.27952,0.22116,-0.02611,0.52116,0.34244,0.40237,0.39860,-0.01596,0.31675,0.13455,0.61789,0.10354
0.53564,0.34348,0.17574,0.11012,0.52654,0.33920,0.36430,0.47722,0.18818,0.29098,0.31574,0.67089,0.15161
0.43609,0.25069,0.17373,-0.00086,0.49942,0.31279,0.27408,0.25202,0.19483,0.08641,0.32341,0.51117,0.05363
0.31261,0.11467,0.10164,-0.02316,0.14820,0.29037,0.06165,0.10970,0.06184,0.01378,0.21979,0.21746,0.04708
0.16869,0.06330,0.08004,-0.00893,0.07938,0.16187,0.04682,0.03976,0.00401,-0.05844,0.15500,0.18131,0.03219
0.01074,-0.09603,0.10023,-0.01949,-0.05704,0.07167,-0.17878,-0.16163,-0.26964,-0.08903,0.00791,-0.14125,-0.12297
-0.15807,-0.24221,0.07892,-0.11887,-0.23423,-0.18125,-0.32219,-0.22977,-0.37851,-0.31836,-0.16842,-0.25242,-0.21811
-0.33383,-0.36901,0.10958,-0.18893,-0.35160,-0.25985,-0.42614,-0.34861,-0.46710,-0.54388,-0.25441,-0.41505,-0.43455
-0.50853,-0.58400,0.10030,-0.36157,-0.56843,-0.55735,-0.55784,-0.68049,-0.64495,-0.70725,-0.50210,-0.61828,-0.64177
-0.67627,-0.78871,0.08558,-0.67280,-0.80233,-0.87008,-0.72263,-0.82784,-0.92010,-0.77536,-0.66545,-0.76178,-0.86878
-0.83452,-0.86687,0.09261,-0.76346,-0.87450,-0.97604,-0.93026,-0.85484,-1.01635,-0.92064,-0.76329,-0.76371,-0.80561
-0.97806,-0.96716,0.11639,-0.87092,-0.96047,-1.09020,-1.04013,-0.91262,-1.18774,-1.00251,-0.89268,-0.78815,-0.92621
-1.09879,-1.05302,0.13499,-0.93521,-1.07121,-1.15694,-1.10625,-0.94531,-1.32039,-1.14176,-0.99508,-0.85457,-1.00348
-1.19219,-1.11595,0.12354,-1.02835,-1.08884,-1.23685,-1.16764,-0.98618,-1.37434,-1.13686,-1.10054,-0.95301,-1.08689
-1.25576,-1.11250,0.15689,-0.98311,-1.11552,-1.36101,-1.14052,-0.93323,-1.34174,-1.22323,-1.02770,-0.92031,-1.07867
-1.28857,-1.13552,0.15959,-0.99744,-1.07627,-1.36955,-1.12859,-0.99997,-1.44222,-1.12259,-1.01382,-0.99698,-1.20772
-1.28894,-1.09664,0.17010,-0.99090,-0.93081,-1.39753,-1.10818,-0.96419,-1.34043,-1.06061,-0.96039,-0.97623,-1.23710
-1.25700,-0.99633,0.15370,-0.96226,-0.92052,-1.33023,-0.94070,-0.93941,-1.10764,-0.89028,-0.80099,-0.92843,-1.14286
-1.19502,-0.79539,0.11592,-0.69225,-0.86879,-0.99939,-0.67604,-0.78273,-0.88741,-0.79084,-0.60130,-0.80943,-0.84573
-1.10504,-0.73627,0.11554,-0.59646,-0.84370,-0.96215,-0.64408,-0.72337,-0.76155,-0.74546,-0.57404,-0.78380,-0.72804
-0.81683,-0.75326,0.09761,-0.61416,-0.84388,-0.93319,-0.67784,-0.77534,-0.77131,-0.70477,-0.64299,-0.82228,-0.74684
-0.80070,-0.64471,0.12152,-0.44919,-0.72754,-0.88169,-0.60132,-0.59239,-0.64192,-0.64180,-0.50643,-0.72734,-0.67747
-0.77336,-0.53540,0.11440,-0.36368,-0.56590,-0.76405,-0.53004,-0.50291,-0.59771,-0.57114,-0.36796,-0.52789,-0.56270
-0.73081,-0.35943,0.09577,-0.21956,-0.39674,-0.39380,-0.36349,-0.22506,-0.49926,-0.49601,-0.31527,-0.31419,-0.37096
-0.67464,-0.34279,0.11856,-0.11906,-0.42214,-0.44773,-0.34157,-0.22717,-0.48661,-0.48175,-0.28339,-0.30784,-0.31065
-0.60672,-0.40074,0.10588,-0.25429,-0.34818,-0.49551,-0.37488,-0.27581,-0.55071,-0.43218,-0.31820,-0.41189,-0.54571
-0.47636,-0.40867,0.11349,-0.23826,-0.40684,-0.39690,-0.35390,-0.32766,-0.59420,-0.41302,-0.31580,-0.45184,-0.58824
-0.50782,-0.42159,0.12020,-0.31186,-0.55164,-0.47767,-0.27580,-0.25351,-0.55543,-0.46308,-0.32516,-0.44200,-0.55974
-0.53507,-0.27094,0.10932,-0.10655,-0.36296,-0.22518,-0.17453,-0.19170,-0.46213,-0.39798,-0.26374,-0.28977,-0.23488
-0.55452,-0.40409,0.11351,-0.27389,-0.47122,-0.34849,-0.37282,-0.25297,-0.52233,-0.57984,-0.34655,-0.34328,-0.52946
-0.42263,-0.58251,0.11293,-0.49400,-0.76254,-0.48365,-0.55351,-0.44013,-0.70002,-0.72780,-0.53964,-0.50690,-0.61689
-0.54290,-0.64992,0.09343,-0.50027,-0.78859,-0.62765,-0.55491,-0.65250,-0.73634,-0.77096,-0.65653,-0.57981,-0.63161
-0.65841,-0.77235,0.10771,-0.82974,-0.85697,-0.92313,-0.58863,-0.70664,-0.83871,-0.88054,-0.70573,-0.67269,-0.72069
-0.76157,-0.80959,0.14663,-0.91476,-0.90924,-0.94827,-0.65632,-0.76653,-0.79169,-1.07866,-0.71262,-0.67275,-0.64504
-0.84967,-0.81612,0.09338,-0.89418,-0.78907,-0.95853,-0.77396,-0.78645,-0.84332,-0.95358,-0.75372,-0.71201,-0.69634
-0.77844,-0.97316,0.08971,-1.04927,-0.99531,-1.06355,-1.03651,-0.85969,-1.03374,-1.03200,-0.90729,-0.80239,-0.95182
-0.94331,-1.02340,0.11303,-1.09117,-0.99299,-1.10954,-1.23818,-0.92278,-1.09930,-1.04187,-0.90909,-0.87634,-0.95272
-1.08989,-1.07158,0.12259,-1.11721,-1.08518,-1.17839,-1.29606,-1.01987,-1.11903,-1.11237,-0.97538,-0.88863,-0.92371
-1.21099,-1.06829,0.11478,-1.02126,-1.05260,-1.11424,-1.30234,-1.03777,-1.11089,-1.18688,-0.98627,-0.92254,-0.94814
-1.30012,-1.25302,0.11128,-1.21487,-1.32610,-1.26377,-1.35239,-1.38423,-1.21940,-1.40359,-1.10652,-1.15914,-1.10018
-1.18228,-1.46102,0.08864,-1.33485,-1.61087,-1.48532,-1.40220,-1.57106,-1.49703,-1.47946,-1.47146,-1.35679,-1.40121
-1.31872,-1.48319,0.09224,-1.35821,-1.57734,-1.54547,-1.40568,-1.58200,-1.53389,-1.45326,-1.58118,-1.44572,-1.34916
-1.42940,-1.50864,0.15107,-1.39633,-1.60028,-1.67337,-1.38302,-1.69497,-1.69769,-1.48864,-1.48766,-1.39515,-1.26927
-1.50502,-1.44946,0.14566,-1.30730,-1.58166,-1.53392,-1.35693,-1.67268,-1.57551,-1.48535,-1.44165,-1.32432,-1.21530
-1.54632,-1.40381,0.13214,-1.22236,-1.60240,-1.37270,-1.37439,-1.62528,-1.40600,-1.39232,-1.45698,-1.34898,-1.23667
-1.55445,-1.50439,0.12844,-1.40556,-1.66761,-1.44203,-1.41039,-1.73633,-1.65792,-1.43142,-1.43907,-1.41346,-1.44015
-1.42181,-1.47537,0.10384,-1.29571,-1.58439,-1.42075,-1.37452,-1.55354,-1.63729,-1.44599,-1.46597,-1.43239,-1.54316
-1.47904,-1.42727,0.11429,-1.25443,-1.34140,-1.50525,-1.35013,-1.42570,-1.66141,-1.38738,-1.53235,-1.40376,-1.41092
-1.50365,-1.21671,0.12394,-1.14932,-1.13125,-1.40410,-1.25815,-1.10947,-1.45010,-1.24154,-1.18707,-1.15446,-1.08166
-1.49565,-1.11752,0.10854,-1.10433,-1.08202,-1.21355,-1.20637,-0.96894,-1.31578,-1.15997,-1.10919,-1.00507,-1.00996
-1.45527,-1.15685,0.12155,-1.14950,-1.09246,-1.28937,-1.20863,-0.96208,-1.38141,-1.21404,-1.13271,-1.09069,-1.04760
-1.22475,-1.17930,0.12330,-1.22936,-1.06992,-1.38405,-1.17077,-0.98762,-1.34822,-1.16969,-1.21355,-1.06412,-1.15565
-1.23608,-1.07707,0.10782,-1.11676,-0.96123,-1.14093,-1.08884,-0.89387,-1.25904,-1.09025,-1.08996,-0.96973,-1.16007
-1.22150,-0.94812,0.09370,-1.00269,-0.88305,-1.08639,-0.95995,-0.84869,-1.09402,-0.87895,-0.96586,-0.82078,-0.94079
-1.17832,-0.82111,0.07095,-0.87310,-0.89607,-0.91017,-0.77096,-0.69910,-0.89461,-0.77932,-0.75598,-0.80571,-0.82606
-1.10772,-0.74357,0.09401,-0.59755,-0.80108,-0.87645,-0.67020,-0.69478,-0.85441,-0.75153,-0.62481,-0.78052,-0.78438
-1.01342,-0.84019,0.08907,-0.72751,-0.96100,-0.91484,-0.85719,-0.78428,-0.92373,-0.75074,-0.71331,-0.87785,-0.89143
-0.81877,-0.80320,0.13277,-0.84817,-1.00859,-0.75987,-0.73701,-0.66082,-0.97713,-0.62836,-0.66995,-0.86319,-0.87889
-0.79795,-0.66590,0.13004,-0.72126,-0.72114,-0.61153,-0.57729,-0.60024,-0.93361,-0.62796,-0.43729,-0.69328,-0.73544
-0.76501,-0.46371,0.11742,-0.35888,-0.49359,-0.40757,-0.43186,-0.38618,-0.65817,-0.48521,-0.31552,-0.43411,-0.66596
-0.71773,-0.46908,0.13403,-0.33649,-0.45589,-0.33625,-0.42362,-0.40019,-0.70964,-0.48320,-0.36308,-0.49037,-0.69203
-0.65770,-0.51082,0.11276,-0.44483,-0.50921,-0.47687,-0.44487,-0.43379,-0.71055,-0.50999,-0.36461,-0.50939,-0.70411
-0.50587,-0.61433,0.11347,-0.53118,-0.71036,-0.63914,-0.52606,-0.52740,-0.72984,-0.54950,-0.45683,-0.66045,-0.81258
-0.54076,-0.67115,0.13521,-0.65144,-0.91300,-0.63563,-0.51630,-0.54087,-0.80950,-0.61784,-0.52169,-0.69852,-0.80671
-0.57154,-0.76512,0.11634,-0.85690,-0.85937,-0.74166,-0.59287,-0.65714,-0.92029,-0.74835,-0.62682,-0.74569,-0.90208
-0.59366,-0.70430,0.12740,-0.62537,-0.77489,-0.71485,-0.59133,-0.66486,-0.94516,-0.60048,-0.55826,-0.69000,-0.87784
-0.60591,-0.67101,0.10420,-0.53355,-0.69022,-0.65886,-0.58988,-0.66829,-0.83513,-0.61747,-0.56259,-0.71518,-0.83897
-0.60803,-0.76193,0.11019,-0.69238,-0.83236,-0.71758,-0.60229,-0.76521,-0.91991,-0.73802,-0.65867,-0.74266,-0.95021
-0.60003,-0.69141,0.09854,-0.74580,-0.78835,-0.68214,-0.56240,-0.67437,-0.70989,-0.77416,-0.49772,-0.67387,-0.80542
-0.58222,-0.71780,0.10348,-0.86495,-0.65784,-0.57555,-0.60745,-0.70138,-0.70295,-0.79736,-0.66034,-0.72337,-0.88678
-0.55523,-0.66072,0.13179,-0.77288,-0.82543,-0.37996,-0.59659,-0.68597,-0.67773,-0.72912,-0.53140,-0.64250,-0.76561
-0.51950,-0.66978,0.14204,-0.85859,-0.79686,-0.43969,-0.58734,-0.56290,-0.71290,-0.79948,-0.53045,-0.60970,-0.79985
-0.47617,-0.66429,0.21147,-0.84843,-1.02847,-0.39857,-0.61464,-0.41377,-0.80392,-0.72428,-0.45470,-0.55013,-0.80594
-0.42663,-0.63035,0.27525,-0.93695,-1.11930,-0.30527,-0.60086,-0.31670,-0.65982,-0.80363,-0.44969,-0.36964,-0.74166
-0.37243,-0.64862,0.50625,-0.76062,-1.83356,-0.15747,-0.44038,-0.22324,-0.55010,-1.08340,-0.46632,-0.22167,-0.74940
-0.31532,-0.55565,0.47493,-0.66772,-1.66454,0.00811,-0.34499,-0.25335,-0.53081,-0.87375,-0.31730,-0.17692,-0.73520
-0.25812,-0.46297,0.35519,-0.42044,-1.24912,-0.00193,-0.38941,-0.40918,-0.46295,-0.67734,-0.22324,-0.09564,-0.70045
-0.20264,-0.44082,0.26196,-0.53661,-0.90700,-0.04814,-0.31260,-0.25346,-0.63442,-0.59298,-0.28732,-0.19412,-0.64156
-0.14963,-0.30158,0.23617,-0.31508,-0.58349,-0.14442,-0.27998,-0.16122,-0.52579,0.08090,-0.19914,-0.18888,-0.69872
-0.10106,-0.32138,0.26103,-0.32364,-0.43467,-0.15998,-0.34634,-0.20597,-0.53567,0.06443,-0.21247,-0.16439,-0.89509
-0.05969,-0.42266,0.38370,-0.31552,-0.58211,-0.22983,-0.40737,-0.19841,-0.88952,0.13064,-0.43081,-0.11744,-1.18628
-0.02678,0.16757,1.57714,0.88152,-1.46852,-0.82767,-1.58934,1.93778,-1.67958,2.80981,1.32355,-0.21526,0.50340
-0.00272,2.72329,1.74555,2.29545,3.20555,-1.65135,3.64976,3.43902,2.27519,3.90074,4.48988,1.87242,3.75619
0.01099,4.24591,1.60896,4.72843,3.97891,0.52156,4.69853,3.83146,6.16302,4.85620,5.30895,2.85142,5.52060
0.01394,5.01780,1.48507,5.58865,5.09711,3.23528,5.25235,3.57696,8.01975,4.75752,5.06739,3.20655,6.37643
0.00616,4.37767,1.59628,5.30648,4.57704,3.14314,4.99956,2.69518,8.10597,3.56387,3.32785,3.19783,4.85980
-0.01218,3.96654,1.33905,5.44048,3.69341,3.63205,4.51018,2.18623,6.84878,3.51074,2.89826,3.18172,3.76352
-0.04057,4.46981,1.00934,4.45289,4.78219,4.46748,4.79420,3.13900,6.87350,3.70787,4.60153,3.58115,4.29830
-0.07762,3.29821,1.00622,2.83493,3.41345,2.17680,3.28311,2.30579,5.78360,2.80509,3.35719,3.25885,3.76332
-0.12206,0.88590,0.49607,0.09060,0.89390,1.10547,0.92222,0.44934,1.63735,0.72214,1.54067,1.12561,0.37175
-0.17319,0.04411,0.08136,-0.00492,0.12975,0.04254,0.04723,0.02996,0.15661,-0.06132,0.06772,-0.09232,0.12585
-0.22930,-0.29685,0.08402,-0.19153,-0.29285,-0.21162,-0.25795,-0.25653,-0.43169,-0.41491,-0.27554,-0.25252,-0.38338
-0.28748,-0.27099,0.12663,-0.10005,-0.14891,-0.12923,-0.34230,-0.24164,-0.44829,-0.46038,-0.23703,-0.25696,-0.34509
-0.34581,-0.47810,0.12507,-0.36086,-0.45923,-0.31615,-0.51683,-0.47265,-0.69706,-0.57881,-0.32230,-0.45284,-0.60430
-0.40344,-0.44538,0.10633,-0.28600,-0.38951,-0.32885,-0.47276,-0.43845,-0.58259,-0.54588,-0.35543,-0.46212,-0.59219
-0.45825,-0.53825,0.10834,-0.36497,-0.50448,-0.52216,-0.55060,-0.52806,-0.71533,-0.59520,-0.39323,-0.53495,-0.67354
-0.50768,-0.53361,0.09886,-0.45845,-0.47001,-0.44795,-0.51230,-0.47392,-0.70797,-0.62042,-0.41702,-0.57919,-0.64893
-0.54991,-0.56199,0.07772,-0.42956,-0.58478,-0.50817,-0.56704,-0.55025,-0.64637,-0.62944,-0.45460,-0.59216,-0.65756
-0.58380,-0.58647,0.08346,-0.49464,-0.50164,-0.54977,-0.54985,-0.55700,-0.72718,-0.66144,-0.50399,-0.64262,-0.67660
-0.60805,-0.67686,0.07159,-0.67547,-0.61295,-0.67892,-0.63871,-0.68428,-0.81283,-0.66395,-0.55068,-0.70053,-0.75027
-0.62140,-0.73313,0.08341,-0.76572,-0.67356,-0.81308,-0.68322,-0.75553,-0.85432,-0.66020,-0.57959,-0.74261,-0.80346
-0.62333,-0.69152,0.07393,-0.63121,-0.66944,-0.77865,-0.66536,-0.74675,-0.78122,-0.62171,-0.57415,-0.67329,-0.77341
-0.61381,-0.69242,0.07567,-0.66743,-0.68617,-0.74642,-0.69101,-0.78385,-0.76362,-0.67094,-0.51210,-0.67504,-0.72765
-0.59306,-0.67582,0.08590,-0.72764,-0.52053,-0.74121,-0.68396,-0.76156,-0.68826,-0.71981,-0.52027,-0.67893,-0.71606
-0.56169,-0.68503,0.09208,-0.77950,-0.49453,-0.76673,-0.68698,-0.75498,-0.73678,-0.70062,-0.55784,-0.67183,-0.70052
-0.52096,-0.60716,0.10213,-0.69403,-0.43356,-0.61222,-0.59103,-0.72494,-0.71134,-0.55215,-0.46595,-0.59018,-0.69619
-0.47197,-0.34830,0.12722,-0.24677,-0.23678,-0.25064,-0.48393,-0.58049,-0.49320,-0.31906,-0.25821,-0.24494,-0.36897
-0.41628,-0.23851,0.13641,-0.08804,-0.11908,-0.12477,-0.42650,-0.46121,-0.33682,-0.32675,-0.16293,-0.17050,-0.16847
-0.35622,-0.10783,0.08259,-0.09076,-0.07570,-0.03938,-0.25700,-0.24884,-0.05507,-0.09415,-0.06076,-0.13455,-0.02212
-0.29391,-0.10268,0.09958,-0.07027,-0.06945,-0.07360,-0.28010,-0.25777,-0.05922,-0.07536,-0.03597,-0.14899,0.04388
-0.23097,-0.12538,0.08541,-0.05369,-0.09784,-0.07395,-0.21275,-0.19782,-0.20957,-0.13052,0.05642,-0.18428,-0.14977
-0.12001,-0.06381,0.08386,-0.03386,-0.12146,0.02739,-0.16061,0.00536,-0.10275,-0.18731,0.04437,-0.11774,0.00849
-0.15287,0.03491,0.09680,0.00039,-0.00404,0.02339,0.02001,0.06295,0.07706,-0.11385,0.25181,-0.05061,0.08199
-0.19349,-0.09292,0.09874,-0.01083,-0.02700,-0.04996,-0.15225,-0.11999,-0.12497,-0.29719,0.03994,-0.16473,-0.02218
-0.23857,-0.14555,0.10048,-0.00140,-0.03851,-0.05561,-0.19157,-0.18950,-0.23207,-0.30778,-0.05562,-0.17876,-0.20466
-0.20146,-0.25666,0.10593,-0.08747,-0.20654,-0.15492,-0.29016,-0.24507,-0.36215,-0.43283,-0.15992,-0.30415,-0.32342
-0.33895,-0.36154,0.10341,-0.19251,-0.29836,-0.41656,-0.40064,-0.32664,-0.39553,-0.53559,-0.24510,-0.47145,-0.33300
-0.47932,-0.42278,0.12635,-0.33676,-0.31389,-0.27545,-0.50461,-0.37952,-0.43862,-0.63860,-0.27397,-0.55327,-0.51306
-0.61546,-0.48719,0.09642,-0.41668,-0.49607,-0.44049,-0.55538,-0.48739,-0.44384,-0.64205,-0.33678,-0.62711,-0.42615
-0.74281,-0.64004,0.11681,-0.42999,-0.66082,-0.61238,-0.61614,-0.77656,-0.60518,-0.85715,-0.63536,-0.66347,-0.54337
-0.79812,-0.90168,0.09278,-0.92773,-0.94500,-0.91701,-0.90794,-0.86206,-1.00407,-1.01306,-0.92831,-0.81466,-0.69696
-0.97859,-0.95027,0.08477,-0.93415,-0.98418,-0.97247,-1.06946,-0.90791,-1.01432,-1.06359,-0.85556,-0.82863,-0.87244
-1.14058,-1.03751,0.09794,-1.00379,-1.12697,-0.98990,-1.15637,-0.97458,-1.04030,-1.21182,-0.99645,-0.88873,-0.98620
-1.27601,-1.08913,0.10838,-0.94217,-1.09399,-1.08641,-1.26324,-1.04547,-0.98801,-1.28616,-1.07189,-1.07214,-1.04188
-1.37736,-1.22408,0.10418,-1.10610,-1.28894,-1.17514,-1.31540,-1.42703,-1.18941,-1.29723,-1.12446,-1.19441,-1.12268
-1.38190,-1.37838,0.11099,-1.27659,-1.39179,-1.38338,-1.34015,-1.54510,-1.56698,-1.41067,-1.20516,-1.32401,-1.33999
-1.49322,-1.41486,0.13353,-1.26256,-1.36674,-1.45337,-1.33678,-1.59644,-1.62174,-1.46447,-1.21488,-1.34816,-1.48348
-1.56931,-1.42856,0.14659,-1.21172,-1.40583,-1.46212,-1.36976,-1.60755,-1.64518,-1.48417,-1.20243,-1.38802,-1.50886
-1.61009,-1.46614,0.15131,-1.14804,-1.47660,-1.52095,-1.36521,-1.59236,-1.66299,-1.45597,-1.42484,-1.38134,-1.63310
-1.61556,-1.47016,0.15193,-1.27828,-1.31439,-1.60222,-1.32221,-1.62777,-1.71435,-1.37794,-1.40347,-1.49429,-1.56670
-1.52282,-1.49663,0.16106,-1.28014,-1.28834,-1.65364,-1.36147,-1.55099,-1.79132,-1.46074,-1.50051,-1.48714,-1.59203
-1.54527,-1.39085,0.18601,-1.35577,-1.23511,-1.61913,-1.20494,-1.45823,-1.76405,-1.34962,-1.27494,-1.19848,-1.44821
-1.53290,-1.22085,0.13132,-1.12822,-1.22041,-1.39931,-1.14710,-1.10731,-1.47747,-1.21330,-1.11286,-1.10612,-1.29638
-1.48603,-1.15586,0.11360,-1.15929,-1.14554,-1.37101,-1.09559,-0.98010,-1.29788,-1.12543,-1.15726,-1.04084,-1.18567
-1.40516,-1.21618,0.16653,-1.14736,-1.13541,-1.38431,-1.11100,-1.09852,-1.44943,-1.05192,-1.04080,-1.26030,-1.48278
-1.21998,-1.18725,0.18567,-1.21742,-1.15271,-1.39279,-1.06476,-1.17110,-1.31213,-0.92157,-0.88844,-1.33067,-1.42093
-1.15905,-1.00961,0.17536,-1.17303,-1.06449,-1.24102,-0.79116,-0.97011,-1.13879,-0.75497,-0.78572,-1.07982,-1.09697
-1.07244,-0.72367,0.13363,-0.69762,-0.80111,-0.89606,-0.56766,-0.64553,-0.82464,-0.57637,-0.54246,-0.82222,-0.86307
-0.96010,-0.63916,0.09673,-0.73892,-0.67918,-0.73689,-0.51819,-0.62748,-0.71504,-0.51312,-0.49054,-0.67635,-0.69595
-0.82518,-0.59465,0.11919,-0.82927,-0.62371,-0.51089,-0.46292,-0.64317,-0.62423,-0.50852,-0.42777,-0.63488,-0.68115
-0.59905,-0.36230,0.12844,-0.56673,-0.30278,-0.16370,-0.27777,-0.35688,-0.47292,-0.33130,-0.31048,-0.29000,-0.55046
-0.51864,-0.12480,0.05599,-0.05743,-0.14778,-0.02757,-0.11078,-0.16183,-0.10140,-0.17636,-0.20477,-0.16518,-0.09493
-0.43315,-0.09499,0.05352,-0.08591,-0.09214,0.00459,-0.09453,-0.09625,-0.09174,-0.17721,-0.16055,-0.12354,-0.03262
-0.34186,-0.05312,0.06029,-0.03175,-0.07323,0.02939,-0.05824,-0.04775,0.03978,-0.13044,-0.15492,-0.05484,-0.04919
-0.24884,-0.06920,0.07401,-0.04752,-0.09543,0.00471,-0.08642,-0.02237,0.01878,-0.22537,-0.14676,-0.06768,-0.02399
-0.11255,-0.06537,0.06473,-0.05035,-0.07521,0.01927,-0.11455,-0.04153,0.04106,-0.12496,-0.17411,-0.08302,-0.05036
-0.11131,-0.05508,0.06889,-0.04285,-0.07726,0.01044,-0.06014,-0.06289,0.03284,-0.13661,-0.19100,-0.03481,0.01144
-0.11837,-0.05397,0.05638,-0.06239,-0.03847,0.03822,-0.03533,-0.03798,0.00652,-0.07300,-0.16663,-0.06928,-0.10139
-0.13228,-0.10899,0.05888,-0.12393,-0.07470,0.01292,-0.07753,-0.12430,-0.13268,-0.07971,-0.20799,-0.12603,-0.15596
-0.15201,-0.24390,0.07963,-0.42305,-0.15309,-0.18685,-0.29195,-0.25711,-0.22943,-0.29221,-0.24069,-0.20305,-0.16162
-0.17719,-0.13542,0.07064,-0.09776,-0.12699,-0.02442,-0.10598,-0.19291,-0.27094,-0.11174,-0.17299,-0.18172,-0.06872
-0.20714,-0.13590,0.07852,-0.12304,-0.10649,-0.02681,-0.08133,-0.16823,-0.28066,-0.12652,-0.23466,-0.15992,-0.05130
-0.24046,-0.20795,0.09025,-0.20590,-0.18667,-0.03594,-0.16404,-0.20637,-0.37142,-0.26912,-0.28805,-0.21074,-0.14129
-0.27593,-0.22943,0.10311,-0.22134,-0.18341,-0.06589,-0.18662,-0.22012,-0.41334,-0.33032,-0.32426,-0.22836,-0.12061
-0.31286,-0.27012,0.07687,-0.27135,-0.23547,-0.17033,-0.17913,-0.23315,-0.43293,-0.30525,-0.33804,-0.26982,-0.26572
-0.35018,-0.33125,0.08436,-0.41559,-0.26891,-0.26637,-0.24021,-0.21517,-0.42849,-0.38867,-0.32763,-0.31206,-0.44936
-0.38557,-0.34976,0.08759,-0.36228,-0.27973,-0.33466,-0.25694,-0.24170,-0.48817,-0.40760,-0.32370,-0.31498,-0.48788
-0.41773,-0.38264,0.09293,-0.37809,-0.36423,-0.27383,-0.29266,-0.28848,-0.52701,-0.45538,-0.34357,-0.37608,-0.52707
-0.44600,-0.42641,0.11407,-0.38510,-0.44910,-0.26427,-0.36670,-0.27335,-0.56499,-0.47318,-0.37119,-0.52298,-0.59328
-0.46924,-0.40767,0.08337,-0.42262,-0.38827,-0.34047,-0.32340,-0.27741,-0.49799,-0.49083,-0.35605,-0.45713,-0.52248
-0.48632,-0.41927,0.06432,-0.43816,-0.35873,-0.44026,-0.33350,-0.34639,-0.50929,-0.44591,-0.36322,-0.45514,-0.50209
-0.49672,-0.41683,0.05690,-0.44119,-0.34956,-0.40349,-0.35897,-0.37555,-0.47615,-0.45906,-0.34531,-0.46357,-0.49546
-0.50019,-0.45035,0.07788,-0.54369,-0.40513,-0.43290,-0.39636,-0.38350,-0.52490,-0.50165,-0.33984,-0.40733,-0.56823
-0.49654,-0.47381,0.08974,-0.64147,-0.49381,-0.36673,-0.42304,-0.43169,-0.55588,-0.46897,-0.36889,-0.42456,-0.56303
-0.48588,-0.42191,0.10601,-0.58058,-0.42755,-0.20885,-0.41816,-0.42144,-0.53425,-0.42659,-0.34336,-0.35300,-0.50531
-0.46862,-0.37231,0.09815,-0.51261,-0.35015,-0.16997,-0.35886,-0.38863,-0.47741,-0.39651,-0.33310,-0.29068,-0.44516
-0.44521,-0.37475,0.12197,-0.54316,-0.30493,-0.13234,-0.39984,-0.36988,-0.48119,-0.36227,-0.35488,-0.28092,-0.51814
-0.41646,-0.32779,0.09361,-0.30540,-0.27885,-0.16134,-0.44689,-0.29209,-0.36957,-0.32537,-0.33039,-0.27280,-0.49521
-0.38367,-0.39871,0.12088,-0.57850,-0.23610,-0.23234,-0.42790,-0.46846,-0.46122,-0.39161,-0.35651,-0.28894,-0.54555
-0.34794,-0.37330,0.09624,-0.44203,-0.25389,-0.27743,-0.44505,-0.33825,-0.42820,-0.38437,-0.37023,-0.24754,-0.54605
-0.31015,-0.31386,0.09514,-0.34413,-0.27821,-0.11217,-0.35429,-0.26755,-0.38456,-0.39799,-0.34507,-0.22388,-0.43076
-0.27210,-0.24062,0.08898,-0.12329,-0.16515,-0.12728,-0.35327,-0.20951,-0.30293,-0.30312,-0.31114,-0.17751,-0.33306
-0.23509,-0.21964,0.05454,-0.14784,-0.18417,-0.15032,-0.23683,-0.20473,-0.24925,-0.28072,-0.29047,-0.17440,-0.27765
-0.20043,-0.15942,0.06562,-0.09623,-0.14894,-0.15439,-0.15334,-0.16896,-0.06219,-0.25483,-0.28045,-0.12473,-0.15013
-0.16905,-0.16160,0.05505,-0.12886,-0.13910,-0.07152,-0.11725,-0.19112,-0.16318,-0.26222,-0.22657,-0.14444,-0.17175
-0.14220,-0.11344,0.06716,-0.10151,-0.11623,-0.01479,-0.09100,-0.17255,-0.02690,-0.22400,-0.18700,-0.12513,-0.07526
-0.12123,-0.15189,0.06187,-0.13203,-0.14221,-0.05198,-0.09196,-0.17140,-0.24383,-0.25341,-0.16970,-0.13745,-0.12493
-0.10682,-0.09538,0.04302,-0.07311,-0.12601,-0.01422,-0.06471,-0.09677,-0.11172,-0.17749,-0.09012,-0.11739,-0.08220
-0.09922,-0.07396,0.06334,-0.07522,-0.07585,0.01705,-0.07246,-0.10941,0.00274,-0.15827,-0.17741,-0.07014,-0.02060
-0.09884,-0.05962,0.08138,-0.03850,-0.05568,0.01325,-0.07945,-0.04951,0.04143,-0.23902,-0.13712,-0.06216,0.01060
-0.10585,-0.04951,0.06604,-0.05456,-0.05250,-0.00223,-0.00883,-0.03081,0.03897,-0.18713,-0.11148,-0.08953,0.00304
-0.11996,-0.07348,0.06496,-0.08329,-0.04001,-0.01751,-0.03205,-0.10652,-0.03466,-0.11621,-0.18351,-0.14724,0.02624
-0.14090,-0.05903,0.07956,-0.07761,0.00052,-0.03451,-0.03345,-0.12980,0.07701,-0.11787,-0.14730,-0.15587,0.02860
-0.16759,-0.08639,0.05837,-0.06200,-0.05524,-0.03739,-0.06123,-0.14725,-0.10135,-0.13016,-0.13125,-0.16285,0.02479
-0.19907,-0.15755,0.09186,-0.07812,-0.17035,-0.05868,-0.09214,-0.18255,-0.32237,-0.24483,-0.20837,-0.18879,-0.02931
-0.23478,-0.15821,0.09052,-0.04946,-0.17250,-0.04448,-0.14479,-0.18698,-0.23682,-0.30976,-0.20990,-0.19110,-0.03629
-0.27346,-0.20015,0.09535,-0.12031,-0.20742,-0.09267,-0.12055,-0.21149,-0.37047,-0.30492,-0.27955,-0.19930,-0.09486
-0.31301,-0.16050,0.07612,-0.06735,-0.12548,-0.10864,-0.07183,-0.19061,-0.21480,-0.27724,-0.25698,-0.19336,-0.09867
-0.35271,-0.18058,0.07704,-0.07874,-0.15050,-0.10351,-0.15896,-0.19551,-0.22643,-0.31354,-0.26493,-0.21807,-0.09566
-0.39115,-0.19968,0.08445,-0.08245,-0.16136,-0.07776,-0.16237,-0.20412,-0.25105,-0.34503,-0.26008,-0.27032,-0.18230
-0.42677,-0.30387,0.09103,-0.16064,-0.26751,-0.21924,-0.32759,-0.22012,-0.42064,-0.41942,-0.29241,-0.30300,-0.40816
-0.45755,-0.36399,0.11364,-0.20456,-0.33778,-0.24393,-0.37062,-0.26846,-0.48959,-0.41361,-0.31236,-0.43279,-0.56623
-0.45782,-0.44115,0.10400,-0.33825,-0.41910,-0.29277,-0.41508,-0.43300,-0.58256,-0.45974,-0.34288,-0.52359,-0.60456
-0.50118,-0.43550,0.10066,-0.44530,-0.33305,-0.35386,-0.39623,-0.33995,-0.54723,-0.45265,-0.33320,-0.56921,-0.58428
-0.53842,-0.46518,0.08701,-0.49554,-0.38109,-0.46156,-0.40583,-0.39125,-0.58199,-0.45893,-0.33851,-0.57321,-0.56390
-0.56661,-0.46932,0.10965,-0.43728,-0.31935,-0.39657,-0.44721,-0.46490,-0.61883,-0.43005,-0.35318,-0.60174,-0.62413
-0.58464,-0.52854,0.10515,-0.59569,-0.37535,-0.56121,-0.46419,-0.52024,-0.63449,-0.47564,-0.36965,-0.63697,-0.65198
-0.59232,-0.50539,0.08401,-0.47514,-0.40060,-0.47647,-0.45081,-0.51879,-0.60878,-0.51619,-0.38501,-0.61044,-0.61168
-0.58913,-0.48693,0.07547,-0.49107,-0.37749,-0.50186,-0.39043,-0.52142,-0.54334,-0.48884,-0.40285,-0.54130,-0.61073
-0.57505,-0.49118,0.08923,-0.57921,-0.38602,-0.37185,-0.53920,-0.56170,-0.50453,-0.50938,-0.37264,-0.46854,-0.61870
-0.55069,-0.37371,0.06741,-0.33999,-0.27573,-0.28509,-0.41708,-0.35872,-0.45513,-0.40085,-0.34824,-0.37213,-0.48411
-0.51654,-0.48918,0.11589,-0.59513,-0.53121,-0.20523,-0.48302,-0.58019,-0.59121,-0.48351,-0.45448,-0.42381,-0.54402
-0.47375,-0.42862,0.08648,-0.51245,-0.34829,-0.27926,-0.49040,-0.45094,-0.48165,-0.45408,-0.38157,-0.34113,-0.54640
-0.42461,-0.34001,0.10279,-0.38370,-0.23652,-0.16354,-0.41141,-0.25030,-0.44575,-0.38249,-0.38873,-0.26597,-0.47173
-0.37088,-0.27271,0.10056,-0.19635,-0.16349,-0.11909,-0.32018,-0.23803,-0.38595,-0.40926,-0.35578,-0.20699,-0.33197
-0.31353,-0.22253,0.13173,-0.05622,-0.13174,-0.04447,-0.30842,-0.20663,-0.34632,-0.41749,-0.36979,-0.15163,-0.19263
-0.25567,-0.12016,0.13107,0.06295,-0.09604,0.03939,-0.18440,-0.15428,-0.03660,-0.34570,-0.29529,-0.09066,-0.10098
-0.19952,-0.12499,0.12131,-0.00682,-0.09085,0.06288,-0.06562,-0.19466,-0.08518,-0.34156,-0.26861,-0.08246,-0.17706
-0.14709,-0.20184,0.12250,-0.07707,-0.13807,-0.02149,-0.30222,-0.18912,-0.24232,-0.42211,-0.27079,-0.08658,-0.26861
-0.09944,-0.15310,0.11216,-0.11147,-0.12024,0.02772,-0.21336,-0.18652,-0.20156,-0.30553,-0.22674,0.03672,-0.23003
-0.05858,-0.13514,0.10651,-0.08608,-0.10861,0.05022,-0.15126,-0.19812,-0.16487,-0.33210,-0.21605,-0.01628,-0.12829
-0.02712,0.01855,0.09347,-0.03237,0.11742,0.15969,-0.02973,-0.09416,0.03872,0.07104,-0.09711,0.11159,-0.05962
-0.00557,-0.02668,0.09359,-0.06709,-0.06593,0.11540,0.02541,-0.11292,0.02561,-0.08765,-0.17668,0.10124,-0.02417
0.00511,0.10059,0.05747,0.01255,0.05838,0.18702,0.06603,0.05846,0.15572,0.11506,0.12144,0.16863,0.06257
0.00417,-0.02936,0.04923,-0.04543,-0.05639,0.08164,-0.05103,-0.02196,-0.01386,-0.11325,-0.02702,-0.04067,-0.00557
-0.00841,-0.06463,0.06446,-0.06126,-0.10480,0.03384,-0.05919,-0.03526,-0.03104,-0.19147,-0.12878,-0.06572,-0.00259
-0.03205,-0.03019,0.05007,-0.07578,-0.05053,0.01506,-0.02215,0.00844,0.04536,-0.01556,-0.11557,-0.08284,-0.00832
-0.06625,-0.08375,0.04953,-0.09281,-0.10758,-0.01505,-0.05231,-0.11356,-0.11620,-0.04874,-0.14731,-0.13613,-0.00779
-0.10959,-0.12047,0.07057,-0.09501,-0.12646,-0.01477,-0.05256,-0.16086,-0.24854,-0.14314,-0.16497,-0.15805,-0.04038
-0.16078,-0.17072,0.07149,-0.13044,-0.20223,-0.02775,-0.09087,-0.19109,-0.21822,-0.23856,-0.26149,-0.19606,-0.15047
-0.21809,-0.17422,0.08757,-0.10818,-0.14180,-0.08456,-0.09674,-0.17571,-0.34749,-0.23686,-0.26533,-0.19442,-0.09114
-0.27942,-0.32951,0.10842,-0.30880,-0.25616,-0.16218,-0.33543,-0.21973,-0.49457,-0.48093,-0.33496,-0.28497,-0.41734
-0.34144,-0.37216,0.14075,-0.23788,-0.37668,-0.17716,-0.29099,-0.27194,-0.56432,-0.52668,-0.34131,-0.35394,-0.58074
-0.40297,-0.35932,0.13271,-0.25813,-0.31359,-0.19534,-0.30936,-0.23655,-0.56214,-0.47908,-0.36261,-0.30824,-0.56816
-0.46171,-0.44495,0.10412,-0.34874,-0.33792,-0.37484,-0.38760,-0.45382,-0.60407,-0.48979,-0.34323,-0.49643,-0.61305
-0.51521,-0.46768,0.11260,-0.33061,-0.41569,-0.47070,-0.33940,-0.48050,-0.61031,-0.49137,-0.34016,-0.55266,-0.64544
-0.56124,-0.59234,0.15285,-0.50398,-0.67917,-0.60428,-0.45549,-0.47179,-0.88460,-0.47784,-0.42806,-0.64301,-0.77522
-0.59697,-0.64695,0.16024,-0.60925,-0.87266,-0.76440,-0.47249,-0.49225,-0.85490,-0.51013,-0.46295,-0.66311,-0.76735
-0.62111,-0.60163,0.09737,-0.64456,-0.64875,-0.65581,-0.47812,-0.45687,-0.71812,-0.52168,-0.54319,-0.61098,-0.73824
-0.63329,-0.66527,0.14964,-0.88347,-0.81184,-0.60351,-0.46729,-0.64241,-0.79462,-0.58403,-0.43544,-0.65262,-0.77743
-0.63279,-0.76063,0.11189,-0.78053,-0.96192,-0.67812,-0.64630,-0.72153,-0.88615,-0.73427,-0.61187,-0.72313,-0.86245
-0.61939,-0.69204,0.23961,-1.25213,-0.65828,-0.73490,-0.53356,-0.55640,-0.76640,-0.50971,-0.39739,-0.64902,-0.86255
-0.59356,-0.67229,0.48496,-1.04193,-1.71346,0.06505,-0.46147,-0.43647,-0.63301,-0.85379,-0.66019,-0.21639,-0.77127
-0.55604,-0.34572,0.17294,-0.68666,-0.45750,-0.41609,-0.08633,-0.31947,-0.41193,-0.18752,-0.43318,-0.18848,-0.27004
-0.50839,-0.05276,0.30787,-0.46485,-0.05162,-0.01371,0.56656,-0.22205,-0.39005,0.28661,-0.23950,-0.00018,0.00118
-0.45241,0.15212,0.12399,-0.12321,0.16686,0.22833,0.24158,0.24551,0.06854,0.25503,0.16524,0.03278,0.24049
-0.39014,-0.72564,0.16278,-0.81610,-0.86026,-0.52089,-0.46889,-0.80154,-0.96536,-0.75723,-0.53415,-0.77532,-0.75666
-0.32387,-0.61026,0.14648,-0.80925,-0.52314,-0.74110,-0.44906,-0.59945,-0.66028,-0.57159,-0.35390,-0.60315,-0.79170
-0.25597,-0.47364,0.10924,-0.42453,-0.53019,-0.26737,-0.50573,-0.52349,-0.53861,-0.47734,-0.47169,-0.34028,-0.65721
-0.16480,-0.38091,0.11387,-0.25141,-0.50428,-0.20072,-0.41728,-0.41158,-0.41778,-0.47662,-0.38895,-0.23028,-0.51015
-0.21844,-0.33282,0.12662,-0.21271,-0.29856,-0.16345,-0.35756,-0.28375,-0.47975,-0.40210,-0.31620,-0.23485,-0.57926
-0.28184,-0.27355,0.11121,-0.15650,-0.22206,-0.12143,-0.35611,-0.22640,-0.35242,-0.35561,-0.30334,-0.17170,-0.46992
-0.23041,-0.29531,0.10315,-0.21062,-0.18270,-0.19368,-0.36163,-0.24545,-0.36654,-0.43769,-0.31789,-0.19243,-0.44448
-0.17280,-0.14074,0.09625,-0.06160,-0.08906,-0.01567,-0.11698,-0.16300,-0.24136,-0.15515,-0.26517,-0.02367,-0.27573
-0.11957,-0.19463,0.11344,-0.23223,-0.11882,0.03185,-0.13935,-0.19800,-0.33315,-0.27560,-0.24847,-0.10509,-0.32745
-0.07080,-0.09718,0.12381,-0.01466,-0.08633,0.03451,-0.09192,-0.13986,-0.25220,-0.20906,-0.15631,0.14839,-0.20436
-0.02953,0.00366,0.08199,-0.00816,0.09044,0.13253,-0.02396,-0.03490,-0.10375,0.05823,-0.04814,0.07724,-0.10292
0.00156,0.14161,0.05392,0.05968,0.16686,0.18396,0.07009,0.20971,0.15844,0.12119,0.13681,0.21040,0.09899
0.02091,-0.00669,0.07872,-0.06150,0.04931,0.12444,0.01978,-0.10396,0.02280,0.05002,-0.06843,0.02342,-0.12275
0.02812,-0.00518,0.05410,-0.04799,-0.05112,0.03792,0.00838,-0.05426,0.00311,0.01557,0.03182,0.09171,-0.08695
0.02272,0.01131,0.05609,-0.03423,-0.04146,0.08059,-0.01920,-0.00813,0.00424,-0.01123,0.13360,0.03391,-0.02503
0.00464,0.06432,0.03505,0.05324,0.11518,0.11783,0.03901,0.08510,0.07518,0.02047,0.04132,0.02242,0.07349
-0.02549,0.00791,0.04998,-0.04509,-0.01538,0.03566,0.00387,-0.01237,0.11882,-0.01497,-0.04937,0.00730,0.05069
-0.06695,-0.04928,0.05055,-0.06006,-0.05998,0.02475,-0.01233,-0.07602,-0.08779,-0.04111,-0.08219,-0.12833,0.03026
-0.11851,-0.08350,0.07482,-0.05918,-0.09364,-0.00476,-0.03581,-0.15454,-0.18301,0.00159,-0.16758,-0.14499,0.00694
-0.17764,-0.14738,0.09672,-0.07015,-0.09950,-0.05343,-0.11090,-0.17117,-0.34361,-0.15527,-0.25789,-0.18009,-0.03182
-0.24189,-0.15967,0.08539,-0.07992,-0.02704,-0.13625,-0.11342,-0.17669,-0.30821,-0.21100,-0.24822,-0.20220,-0.09374
-0.30901,-0.20684,0.09780,-0.09192,-0.06600,-0.18349,-0.16711,-0.19023,-0.42332,-0.23739,-0.24903,-0.22986,-0.23006
-0.37736,-0.30204,0.10819,-0.20153,-0.19281,-0.21225,-0.30415,-0.20389,-0.48120,-0.43251,-0.30526,-0.26258,-0.42423
-0.44370,-0.36113,0.09088,-0.29234,-0.29984,-0.34585,-0.32702,-0.22049,-0.50754,-0.46075,-0.33828,-0.34600,-0.47316
-0.50487,-0.46559,0.09298,-0.52306,-0.44910,-0.44439,-0.38040,-0.34136,-0.60949,-0.49680,-0.34797,-0.47321,-0.59014
-0.55857,-0.48506,0.08755,-0.39211,-0.43739,-0.46995,-0.44400,-0.41240,-0.61514,-0.52122,-0.38135,-0.57285,-0.60416
-0.60332,-0.55388,0.08212,-0.58213,-0.49213,-0.64455,-0.50890,-0.49602,-0.61171,-0.52345,-0.40090,-0.64853,-0.63045
-0.63667,-0.60923,0.09577,-0.63099,-0.66472,-0.60311,-0.55063,-0.56180,-0.79301,-0.52597,-0.44430,-0.67352,-0.64428
-0.65677,-0.56197,0.05955,-0.57667,-0.56970,-0.58526,-0.55599,-0.52073,-0.64638,-0.52316,-0.43376,-0.58461,-0.62347
-0.66321,-0.61319,0.06976,-0.54425,-0.62766,-0.69912,-0.61587,-0.60966,-0.68053,-0.59407,-0.46039,-0.66513,-0.63518
-0.65554,-0.56719,0.06472,-0.62403,-0.49859,-0.55829,-0.55877,-0.56797,-0.66110,-0.56598,-0.43501,-0.62368,-0.57844
-0.63378,-0.50551,0.06348,-0.53771,-0.39832,-0.45956,-0.48618,-0.53159,-0.54683,-0.54811,-0.41045,-0.57717,-0.55916
-0.59873,-0.52085,0.07664,-0.64608,-0.45984,-0.39325,-0.52693,-0.51344,-0.59323,-0.48267,-0.44909,-0.57233,-0.57166
-0.55173,-0.56139,0.13330,-0.75471,-0.54384,-0.27351,-0.55629,-0.54202,-0.70176,-0.53272,-0.45942,-0.62488,-0.62478
-0.49386,-0.49674,0.09967,-0.56175,-0.49603,-0.29663,-0.54326,-0.38258,-0.61131,-0.47573,-0.45270,-0.53773,-0.60969
-0.42770,-0.40986,0.10116,-0.35036,-0.30970,-0.31081,-0.39077,-0.31891,-0.58098,-0.42858,-0.46376,-0.37306,-0.57170
-0.35523,-0.29368,0.09850,-0.24034,-0.21128,-0.16596,-0.31876,-0.24759,-0.49047,-0.34641,-0.38118,-0.20390,-0.33091
-0.27858,-0.24614,0.10064,-0.24365,-0.05810,-0.12350,-0.30247,-0.20676,-0.34314,-0.33925,-0.30933,-0.18684,-0.34831
-0.20077,-0.09627,0.11277,-0.12335,0.09175,-0.00688,-0.14355,-0.15721,-0.13926,-0.28113,-0.18414,-0.06242,0.04354
-0.12674,-0.17114,0.09420,-0.18103,-0.09581,-0.00840,-0.23306,-0.21670,-0.27292,-0.26487,-0.24831,-0.14541,-0.04493
-0.05959,-0.06260,0.08685,-0.15190,0.00882,0.12937,-0.12408,-0.07229,-0.02912,-0.12408,-0.15722,-0.04875,-0.05675
-0.00183,-0.00767,0.08760,-0.12190,-0.02155,0.17131,-0.00273,0.02787,0.04047,0.02143,-0.13324,-0.06550,0.00715
0.04483,0.00840,0.10421,-0.06358,-0.09145,0.19749,-0.05736,0.10997,0.01332,-0.09089,-0.04791,0.14200,-0.02758
0.07821,0.04061,0.08756,0.12279,-0.06902,0.21589,0.00945,0.12331,0.01801,-0.01083,-0.01568,-0.03251,0.04469
0.09643,0.09718,0.06496,0.12662,-0.04729,0.14192,0.03859,0.08600,0.18465,0.09354,0.09839,0.15211,0.09726
0.09894,0.07125,0.12644,-0.00451,0.08498,0.13974,-0.00226,0.15155,0.26948,-0.19990,0.15145,0.02976,0.09215
0.08576,0.26707,0.16234,0.18801,0.31297,0.22648,0.07722,0.20415,0.51608,0.09634,0.32043,0.55713,0.17191
0.05729,0.36386,0.11920,0.25188,0.36404,0.55603,0.21070,0.32868,0.49600,0.23418,0.30640,0.48313,0.40760
0.01489,0.18952,0.11012,0.12488,0.07513,0.30910,0.10420,0.25478,0.20507,0.01676,0.21635,0.37575,0.21312
-0.03977,0.06011,0.10357,0.11477,0.11451,0.29112,0.05415,-0.09302,0.02735,-0.00720,0.06827,0.06088,-0.02976
-0.03735,-0.16745,0.05798,-0.22353,-0.05122,-0.16292,-0.18418,-0.20346,-0.21521,-0.21701,-0.08306,-0.17532,-0.15856
-0.23799,-0.30700,0.09580,-0.18629,-0.28381,-0.21890,-0.37706,-0.27320,-0.36609,-0.42375,-0.15782,-0.39308,-0.39003
-0.44313,-0.29184,0.11149,-0.27692,-0.42236,-0.16615,-0.29852,-0.41034,-0.10752,-0.38763,-0.22061,-0.22609,-0.40222
-0.64311,-0.46982,0.13927,-0.61942,-0.63800,-0.55101,-0.40668,-0.55989,-0.19396,-0.47775,-0.49786,-0.45087,-0.30275
-0.67437,-0.83851,0.14543,-0.86225,-1.08541,-0.92306,-0.99369,-0.80015,-0.70822,-0.91849,-0.60708,-0.76662,-0.72009
-0.96296,-0.94769,0.20287,-0.95136,-1.06970,-1.11220,-1.09684,-0.97697,-0.86606,-1.08940,-0.43564,-1.02945,-0.84922
-1.23428,-1.15005,0.16880,-1.20315,-1.28464,-1.17347,-1.24912,-1.14534,-0.88262,-1.33609,-0.87084,-1.31817,-1.03708
-1.47354,-1.22426,0.20371,-1.18097,-1.55843,-1.24704,-1.24494,-1.33164,-0.89643,-1.47827,-1.02361,-1.03761,-1.24364
-1.67269,-1.53453,0.17517,-1.65190,-1.86303,-1.47581,-1.36760,-1.61273,-1.23103,-1.55473,-1.40492,-1.56755,-1.61600
-1.83213,-1.82560,0.16057,-1.97789,-2.08850,-1.86734,-1.54362,-1.83583,-1.82405,-1.75296,-1.62048,-1.81519,-1.93010
-1.85011,-2.03398,0.16315,-2.06524,-2.20062,-1.89377,-1.99306,-1.88893,-2.22695,-1.81594,-1.98872,-1.95735,-2.30918
-2.05597,-2.30672,0.19801,-2.29507,-2.56981,-2.51914,-2.28365,-2.31950,-2.51613,-1.97722,-2.10391,-2.10796,-2.37483
-2.22631,-2.42634,0.25294,-2.47739,-2.80079,-2.80191,-2.18071,-2.49630,-2.49170,-2.02569,-2.25493,-2.25414,-2.47985
-2.36039,-2.44527,0.22626,-2.50327,-2.94112,-2.63074,-2.24230,-2.44231,-2.50127,-2.17552,-2.27266,-2.27323,-2.47030
-2.45766,-2.48949,0.24853,-2.58101,-2.97954,-2.77351,-2.32884,-2.43339,-2.56132,-2.16238,-2.30015,-2.26721,-2.50757
-2.31992,-2.63703,0.34850,-2.71137,-3.06629,-3.28772,-2.35364,-2.56774,-2.84067,-2.18623,-2.43146,-2.30935,-2.61584
-2.46676,-2.71157,0.38020,-2.77400,-3.15170,-3.38738,-2.41312,-2.71872,-3.03499,-2.24991,-2.51942,-2.27843,-2.58804
-2.57771,-2.66895,0.36922,-2.65816,-3.07448,-3.22714,-2.38430,-2.78038,-3.08533,-2.14508,-2.60099,-2.26120,-2.47247
-2.65240,-2.63190,0.31462,-2.61981,-2.97582,-3.04161,-2.37500,-2.80043,-2.95949,-2.15187,-2.68209,-2.26112,-2.45180
-2.69067,-2.55070,0.28027,-2.50707,-2.75138,-2.85380,-2.22317,-2.87109,-2.86026,-2.21913,-2.63148,-2.19538,-2.39430
-2.69255,-2.52933,0.27288,-2.52724,-2.75746,-2.71072,-2.23275,-2.88384,-2.80711,-2.33142,-2.65842,-2.11731,-2.26700
-2.47614,-2.58444,0.28618,-2.44588,-2.79380,-2.72287,-2.25680,-3.03361,-2.86347,-2.29397,-2.75154,-2.20460,-2.47782
-2.53020,-2.62848,0.31004,-2.55731,-2.60425,-2.81445,-2.34081,-3.22424,-2.81210,-2.25023,-2.92092,-2.35121,-2.40935
-2.54852,-2.37819,0.29719,-2.25940,-2.46110,-2.67473,-2.22525,-2.91765,-2.69376,-2.07614,-2.30084,-2.13440,-2.03857
-2.53121,-2.14494,0.12314,-2.01327,-2.22118,-2.24176,-2.17462,-2.39669,-2.18215,-2.10660,-2.04527,-2.06733,-2.00049
-2.47866,-2.02196,0.16493,-1.87109,-2.04791,-2.07041,-1.99467,-2.37002,-2.03297,-2.16722,-1.95606,-1.94283,-1.76640
-2.39143,-2.15986,0.21383,-2.04982,-2.21449,-2.28231,-1.97680,-2.64756,-2.08500,-2.22605,-2.22344,-1.89627,-1.99685
-2.10459,-2.13626,0.24990,-2.02251,-1.99930,-2.51053,-1.72076,-2.45459,-2.27597,-2.03676,-2.33461,-1.92498,-2.08260
-2.06987,-1.94847,0.27418,-1.75713,-1.78983,-2.21308,-1.46868,-2.08145,-2.35787,-1.76142,-2.16788,-1.79184,-2.09556
-2.00075,-1.73582,0.21675,-1.77538,-1.59940,-2.01642,-1.40491,-1.70322,-1.96240,-1.64402,-2.06022,-1.52782,-1.66446
-1.89784,-1.33913,0.11786,-1.34826,-1.24249,-1.51404,-1.22020,-1.21084,-1.52930,-1.34978,-1.37285,-1.21753,-1.38599
-1.76197,-1.28785,0.14691,-1.25862,-1.21487,-1.44101,-1.13035,-1.11224,-1.39779,-1.25067,-1.32585,-1.17435,-1.57273
-1.59414,-1.25415,0.13124,-1.24376,-1.18854,-1.44047,-1.07037,-1.16373,-1.34412,-1.07825,-1.34931,-1.24817,-1.41477
-1.25831,-1.03317,0.13368,-0.89518,-1.03069,-1.32973,-0.95312,-1.03934,-1.06867,-0.92510,-0.89561,-1.15772,-1.03650
-1.14371,-0.79992,0.09764,-0.81796,-0.80516,-1.00908,-0.72729,-0.89599,-0.80406,-0.66311,-0.71792,-0.75828,-0.80033
-1.00400,-0.42208,0.08150,-0.41453,-0.29259,-0.44121,-0.45072,-0.47248,-0.48313,-0.48513,-0.32865,-0.31951,-0.53289
-0.84141,-0.37312,0.09877,-0.39003,-0.28125,-0.28234,-0.42533,-0.48751,-0.51178,-0.35934,-0.27973,-0.24215,-0.47177
-0.66121,-0.32696,0.10277,-0.31642,-0.15392,-0.36202,-0.45282,-0.42649,-0.41199,-0.35751,-0.24850,-0.17719,-0.36278
-0.29734,-0.32106,0.14040,-0.27094,-0.08937,-0.35411,-0.27064,-0.50219,-0.50498,-0.35453,-0.23181,-0.17140,-0.46061
-0.22517,0.03742,0.08308,-0.04924,0.03790,0.13095,0.00204,-0.08398,0.15710,-0.03933,0.12739,0.07234,0.01901
-0.15855,0.20232,0.08898,0.08847,0.25820,0.25241,0.17277,0.09432,0.20501,0.23104,0.30965,0.32347,0.08784
-0.09657,0.27900,0.07430,0.28806,0.40714,0.32587,0.21444,0.26049,0.22291,0.29645,0.27685,0.35191,0.14594
-0.04203,0.07798,0.04446,-0.01806,0.06072,0.10731,0.07482,0.06172,0.10758,0.06191,0.15182,0.10040,0.07161
0.12461,0.07495,0.07307,-0.02288,0.11318,0.12165,0.08349,0.02562,0.11512,-0.05678,0.17373,0.13378,0.06264
0.03721,0.00101,0.07731,-0.02802,0.02085,0.09958,-0.02809,-0.02434,0.01362,-0.17309,0.09316,-0.01169,0.04814
-0.06653,-0.07898,0.09691,-0.04142,0.02915,0.03890,-0.03457,-0.13679,-0.20862,-0.22505,0.02442,-0.13092,-0.10489
-0.17774,-0.16228,0.10355,-0.06984,-0.02911,-0.05743,-0.22408,-0.20583,-0.31296,-0.29241,-0.05534,-0.16417,-0.21164
-0.29225,-0.28419,0.13562,-0.18112,-0.15249,-0.17050,-0.32576,-0.23740,-0.46543,-0.41333,-0.14799,-0.23874,-0.50909
-0.40853,-0.38206,0.09477,-0.30839,-0.28463,-0.35544,-0.41832,-0.30965,-0.47824,-0.46196,-0.28137,-0.36057,-0.56207
-0.52255,-0.47782,0.08249,-0.38484,-0.46604,-0.51274,-0.49448,-0.41863,-0.50357,-0.56224,-0.32543,-0.50775,-0.60249
-0.62801,-0.61065,0.09758,-0.43694,-0.68981,-0.71715,-0.55678,-0.54960,-0.68060,-0.63881,-0.48465,-0.65208,-0.70011
-0.72149,-0.70839,0.10162,-0.51173,-0.83094,-0.71177,-0.62422,-0.67078,-0.86677,-0.69181,-0.69595,-0.69984,-0.78014
-0.79992,-0.81538,0.09885,-0.73594,-0.96103,-0.86948,-0.67253,-0.76257,-0.94920,-0.81978,-0.75079,-0.73812,-0.89433
-0.86209,-0.80340,0.09581,-0.65851,-0.89702,-0.93584,-0.76446,-0.70041,-0.88415,-0.79536,-0.73963,-0.75448,-0.90414
-0.90404,-0.90398,0.12030,-0.83074,-0.93465,-1.17266,-0.89308,-0.78488,-0.95340,-0.90460,-0.75475,-0.82569,-0.98531
-0.92456,-0.94635,0.10779,-0.89509,-1.00981,-1.15748,-0.93244,-0.83180,-0.97742,-1.00098,-0.80655,-0.83738,-1.01458
-0.92377,-1.01520,0.10628,-0.90606,-1.12847,-1.21731,-0.97837,-0.94308,-1.04796,-1.04313,-0.89702,-0.91498,-1.07562
-0.90141,-0.93048,0.07006,-0.81010,-0.94807,-0.96879,-0.89087,-0.91103,-0.98635,-1.03012,-0.86998,-0.87826,-1.01126
-0.85859,-0.86639,0.06520,-0.89293,-0.88095,-0.86639,-0.77590,-0.92237,-0.93531,-0.83999,-0.76944,-0.81953,-0.96112
-0.79706,-0.85142,0.08726,-0.89504,-0.79255,-0.97844,-0.79041,-0.90503,-0.89976,-0.91199,-0.71492,-0.73292,-0.89319
-0.71908,-0.73602,0.09017,-0.82651,-0.58677,-0.68303,-0.71924,-0.74866,-0.74934,-0.90447,-0.67387,-0.67482,-0.79352
-0.62599,-0.52301,0.09979,-0.43719,-0.44577,-0.47806,-0.55240,-0.56170,-0.52536,-0.68331,-0.58328,-0.34162,-0.62139
-0.52260,-0.40146,0.09389,-0.28738,-0.37035,-0.34029,-0.40521,-0.42464,-0.45157,-0.52226,-0.38967,-0.26394,-0.55927
-0.41235,-0.37054,0.09945,-0.33274,-0.29142,-0.34583,-0.30186,-0.32386,-0.45159,-0.50944,-0.46844,-0.20499,-0.47523
-0.29680,-0.28656,0.09109,-0.28827,-0.17405,-0.16178,-0.32127,-0.34361,-0.41515,-0.39578,-0.30792,-0.17230,-0.28545
-0.17992,-0.15898,0.08204,-0.21165,-0.09338,-0.09007,-0.25247,-0.05853,-0.13918,-0.28803,-0.22194,-0.06519,-0.16930
-0.06801,-0.10969,0.09342,-0.23314,-0.02008,0.05674,-0.14148,-0.02942,-0.08053,-0.16219,-0.19428,-0.08839,-0.20408
0.03647,0.10091,0.10067,-0.06594,0.18618,0.28664,0.09977,0.08990,0.12973,0.12667,-0.04029,0.10221,0.09428
0.13046,0.05170,0.10238,-0.09644,0.13379,0.25818,0.08777,0.09748,0.05550,-0.01769,-0.06682,0.03042,0.03480
0.21034,0.27793,0.09181,0.15278,0.44484,0.32236,0.21794,0.32168,0.22970,0.23811,0.28056,0.38768,0.18363
0.27212,0.19414,0.07389,0.13023,0.37223,0.26068,0.13653,0.17102,0.18276,0.18290,0.16997,0.20491,0.13014
0.31358,0.26777,0.09734,0.19801,0.42406,0.31535,0.27905,0.21343,0.18840,0.23163,0.26589,0.42703,0.13487
0.33372,0.29725,0.10307,0.17750,0.45050,0.34977,0.23379,0.35882,0.21810,0.22600,0.33660,0.44102,0.18045
0.33170,0.28999,0.14939,0.10074,0.58236,0.38914,0.27364,0.23917,0.20285,0.25483,0.25919,0.46774,0.13028
0.30744,0.29153,0.13257,0.14349,0.39700,0.33830,0.22653,0.18988,0.19647,0.31858,0.34103,0.58175,0.18228
0.26197,0.22387,0.11550,0.12726,0.41546,0.25269,0.17559,0.09590,0.19481,0.11758,0.29824,0.40382,0.15733
0.19700,0.20740,0.10038,0.13802,0.39647,0.24209,0.09946,0.16134,0.19336,0.11241,0.22384,0.35694,0.15004
0.11434,0.00758,0.05418,-0.01430,0.01736,0.08817,-0.01925,-0.07091,-0.02403,-0.04438,0.02069,0.02356,0.09893
0.01669,-0.03481,0.09450,-0.06653,0.01353,0.06639,-0.07199,-0.04296,-0.07345,-0.25696,0.02855,-0.00890,0.06422
-0.09192,-0.16861,0.08634,-0.08300,-0.09531,-0.08839,-0.18871,-0.19379,-0.30719,-0.31487,-0.10081,-0.18407,-0.12998
-0.20863,-0.26727,0.09304,-0.15910,-0.15662,-0.23658,-0.29458,-0.20585,-0.44785,-0.33214,-0.25895,-0.21789,-0.36309
-0.32983,-0.41004,0.08939,-0.33683,-0.38299,-0.32357,-0.43539,-0.29631,-0.53210,-0.46304,-0.32899,-0.45534,-0.54581
-0.45040,-0.54496,0.09750,-0.38797,-0.50991,-0.59339,-0.53262,-0.52447,-0.63934,-0.59093,-0.38440,-0.62571,-0.66091
-0.56608,-0.61994,0.09910,-0.46111,-0.57409,-0.72040,-0.60318,-0.61803,-0.71702,-0.66440,-0.45469,-0.66847,-0.71798
-0.67384,-0.72807,0.10427,-0.58435,-0.76676,-0.87745,-0.64732,-0.68946,-0.85722,-0.74431,-0.57301,-0.75035,-0.79047
-0.76963,-0.76462,0.09904,-0.60210,-0.79345,-0.90825,-0.67220,-0.76712,-0.85650,-0.73100,-0.65571,-0.79908,-0.86078
-0.84873,-0.81719,0.10511,-0.63498,-0.86352,-0.96455,-0.74711,-0.79315,-0.93768,-0.75263,-0.73010,-0.82865,-0.91954
-0.90814,-0.89058,0.13505,-0.74236,-0.90874,-1.15016,-0.80815,-0.81625,-1.01154,-0.78576,-0.74429,-0.93215,-1.00637
-0.94584,-0.75881,0.14063,-0.58418,-0.71923,-1.08895,-0.74065,-0.67041,-0.82561,-0.72773,-0.62219,-0.82051,-0.78864
-0.96081,-0.73313,0.12127,-0.54814,-0.80883,-0.96050,-0.69659,-0.69473,-0.82639,-0.73504,-0.56519,-0.76451,-0.73141
-0.95226,-0.69051,0.11138,-0.50567,-0.74036,-0.88497,-0.61048,-0.67459,-0.72799,-0.76920,-0.54906,-0.74393,-0.69887
-0.92058,-0.71494,0.12402,-0.41801,-0.78195,-0.83795,-0.70214,-0.72522,-0.75583,-0.82396,-0.59731,-0.75441,-0.75261
-0.79103,-0.69923,0.10904,-0.49245,-0.76477,-0.83636,-0.67729,-0.65097,-0.76264,-0.68851,-0.55582,-0.78221,-0.78134
-0.79665,-0.60686,0.13086,-0.38359,-0.66827,-0.81151,-0.58826,-0.54590,-0.67997,-0.60814,-0.41410,-0.68808,-0.68077
-0.78728,-0.43438,0.10054,-0.27789,-0.50641,-0.50912,-0.51517,-0.27272,-0.48420,-0.49554,-0.32881,-0.44483,-0.50908
-0.76140,-0.47211,0.11343,-0.27008,-0.51462,-0.65708,-0.50953,-0.36536,-0.57103,-0.50255,-0.36366,-0.44225,-0.52493
-0.71875,-0.52848,0.11695,-0.32686,-0.55187,-0.72219,-0.51937,-0.48310,-0.63523,-0.48674,-0.38247,-0.57134,-0.60559
-0.61526,-0.52494,0.13046,-0.41090,-0.58357,-0.78613,-0.49943,-0.36550,-0.63729,-0.48942,-0.36275,-0.54795,-0.56644
-0.62531,-0.50879,0.11688,-0.49066,-0.52583,-0.73774,-0.49502,-0.36020,-0.62796,-0.52511,-0.33628,-0.45583,-0.53325
-0.62628,-0.45456,0.11045,-0.38244,-0.45317,-0.58797,-0.46206,-0.26363,-0.61305,-0.46686,-0.32581,-0.44469,-0.54593
-0.61579,-0.44055,0.11562,-0.28888,-0.40579,-0.54990,-0.48562,-0.25870,-0.59838,-0.44082,-0.33587,-0.50841,-0.53311
-0.50452,-0.49848,0.12965,-0.39218,-0.41105,-0.62290,-0.49564,-0.32746,-0.67431,-0.48126,-0.34996,-0.67484,-0.55523
-0.55408,-0.47755,0.12669,-0.37571,-0.38196,-0.63491,-0.49946,-0.35671,-0.60944,-0.43080,-0.31252,-0.67162,-0.50243
-0.59754,-0.47584,0.10787,-0.38833,-0.52764,-0.55387,-0.45597,-0.30102,-0.63230,-0.45475,-0.33481,-0.55077,-0.55899
-0.63063,-0.57126,0.10582,-0.47653,-0.64474,-0.56323,-0.47016,-0.53351,-0.77331,-0.65447,-0.41998,-0.54655,-0.63008
-0.65229,-0.66750,0.09270,-0.56383,-0.79878,-0.64140,-0.63335,-0.60541,-0.79936,-0.71227,-0.52219,-0.67536,-0.72308
-0.61000,-0.77449,0.11852,-0.73890,-0.80981,-0.98508,-0.67721,-0.65640,-0.89484,-0.77601,-0.59354,-0.74796,-0.86518
-0.68796,-0.78249,0.11226,-0.84977,-0.78830,-0.99849,-0.69123,-0.68939,-0.87751,-0.79255,-0.60079,-0.73195,-0.80497
-0.75555,-0.74172,0.09110,-0.72356,-0.77851,-0.95198,-0.72166,-0.66718,-0.79453,-0.77978,-0.63329,-0.67942,-0.68729
-0.80818,-0.73446,0.07311,-0.67241,-0.74313,-0.86819,-0.80135,-0.69006,-0.75776,-0.80996,-0.66320,-0.66538,-0.67320
-0.74260,-0.76468,0.10163,-0.80318,-0.67302,-0.94857,-0.87117,-0.73927,-0.73996,-0.85257,-0.72259,-0.65330,-0.64319
-0.84022,-0.79369,0.11034,-0.84261,-0.63710,-1.02425,-0.87180,-0.75717,-0.75656,-0.87297,-0.72524,-0.71521,-0.73396
-0.92052,-0.77630,0.11620,-0.81865,-0.66280,-1.04938,-0.82357,-0.73270,-0.71242,-0.85893,-0.69937,-0.71744,-0.68772
-0.97895,-0.80772,0.12186,-0.76927,-0.68904,-1.03140,-0.99705,-0.76434,-0.72706,-0.87047,-0.79613,-0.75499,-0.67749
-1.01282,-0.94606,0.12076,-1.05084,-0.98823,-1.09614,-1.08699,-0.81028,-0.87480,-1.03410,-0.92443,-0.80676,-0.78803
-0.94621,-1.00044,0.09961,-1.08576,-1.00083,-1.07528,-1.09312,-0.88160,-0.97705,-1.14388,-0.98343,-0.83641,-0.92701
-1.01094,-0.94706,0.11702,-1.03981,-0.91877,-1.11737,-1.06086,-0.78294,-0.90464,-1.06841,-0.91758,-0.81986,-0.84037
-1.05306,-0.97772,0.10655,-1.04038,-1.08482,-1.02662,-1.02501,-0.83177,-0.92976,-1.10302,-1.02754,-0.78407,-0.92421
-1.06825,-1.08847,0.16848,-1.18804,-1.42501,-1.07422,-1.11173,-0.85072,-1.05939,-1.16894,-1.17181,-0.88382,-0.95101
-1.05575,-1.02690,0.12577,-1.03482,-1.27172,-1.10466,-1.09178,-0.80972,-1.07849,-1.00061,-0.98236,-0.88838,-1.00644
-0.96558,-1.19671,0.16929,-1.30260,-1.52763,-1.37087,-1.13409,-0.92501,-1.19385,-1.14965,-1.20152,-1.08668,-1.07519
-0.98247,-1.18150,0.15680,-1.20879,-1.49515,-1.36801,-1.21037,-0.92273,-1.11537,-1.09115,-1.14997,-1.12318,-1.13025
-0.97775,-1.15582,0.10224,-1.27258,-1.17958,-1.34440,-1.20264,-1.08191,-1.12144,-1.14254,-0.97616,-1.10757,-1.12943
-0.94913,-0.94140,0.08801,-0.94249,-0.98210,-1.04516,-0.96248,-0.97922,-0.97397,-0.88044,-0.72236,-0.93342,-0.99236
-0.89789,-0.99862,0.10858,-1.16018,-0.96425,-0.89913,-0.95661,-1.07311,-1.10877,-1.01833,-0.82551,-0.89273,-1.08754
-0.82613,-0.91607,0.11249,-1.07738,-0.87634,-0.87900,-0.93471,-0.95392,-0.99014,-0.87705,-0.71236,-0.79908,-1.06074
-0.73579,-0.80382,0.10580,-1.03185,-0.69497,-0.82062,-0.75874,-0.77739,-0.84805,-0.84840,-0.65242,-0.74362,-0.86210
-0.63109,-0.75356,0.09973,-0.92861,-0.68689,-0.84925,-0.71436,-0.67949,-0.80629,-0.75359,-0.58596,-0.70598,-0.82515
-0.51449,-0.61750,0.06491,-0.69493,-0.52738,-0.65207,-0.57048,-0.56596,-0.68453,-0.56255,-0.56900,-0.64682,-0.70127
-0.39004,-0.48455,0.09015,-0.45323,-0.32368,-0.52217,-0.50781,-0.35592,-0.57001,-0.49956,-0.46085,-0.53795,-0.61430
-0.26197,-0.30384,0.09065,-0.37885,-0.24397,-0.19777,-0.31376,-0.21626,-0.38564,-0.29738,-0.26430,-0.25062,-0.48985
-0.13591,-0.25712,0.07853,-0.41886,-0.18519,-0.22314,-0.23957,-0.13573,-0.31721,-0.29902,-0.26126,-0.21155,-0.27964
-0.01596,-0.22081,0.12805,-0.45764,-0.19132,-0.08854,-0.12240,-0.16005,-0.23675,-0.06219,-0.24549,-0.24027,-0.40339
0.05264,-0.04358,0.11127,-0.19505,-0.11628,0.12786,0.04146,-0.01778,0.01683,0.08954,-0.10755,-0.17510,-0.09976
0.18984,0.06844,0.15025,-0.08063,0.15243,0.22552,0.17980,0.05579,0.03954,0.29136,0.09599,-0.12336,-0.15200
0.30991,0.15217,0.13802,0.03579,0.24605,0.28141,0.12482,0.25729,0.06256,0.30099,0.27603,-0.09290,0.02969
0.40993,0.27343,0.12671,0.09174,0.39773,0.43369,0.35961,0.33343,0.13850,0.37324,0.29361,0.11537,0.19743
0.48545,0.41916,0.15335,0.11972,0.52774,0.67382,0.53105,0.48410,0.31145,0.38630,0.46171,0.30344,0.39229
0.51132,0.25833,0.17257,0.03411,0.47045,0.41606,0.39038,0.32727,0.13810,0.34691,0.34362,-0.03124,0.14759
0.56856,0.30361,0.12664,0.11425,0.49441,0.35938,0.39657,0.31167,0.17466,0.40205,0.39456,0.16463,0.22394
0.59669,0.49123,0.12383,0.27411,0.63069,0.67499,0.60172,0.43019,0.54174,0.43868,0.50659,0.43773,0.37586
0.59334,0.53473,0.13908,0.23722,0.66469,0.75014,0.61180,0.50381,0.54898,0.43210,0.48183,0.53921,0.57750
0.51925,0.34122,0.14378,0.15994,0.62372,0.40378,0.47524,0.34181,0.26667,0.23593,0.40633,0.33233,0.16643
0.49610,0.29779,0.13538,0.06061,0.55453,0.34780,0.36054,0.30511,0.21689,0.32156,0.37245,0.29420,0.14419
0.44650,0.35819,0.15516,0.13128,0.60616,0.60598,0.42899,0.38849,0.31524,0.31352,0.31465,0.27140,0.20617
0.37182,0.21718,0.10428,0.04154,0.25806,0.38186,0.22376,0.30279,0.21938,0.28162,0.18046,0.22423,0.05812
0.27492,0.11530,0.07557,-0.02742,0.05264,0.19886,0.18148,0.08398,0.17577,0.17881,0.14843,0.12220,0.03829
0.13849,0.02110,0.08409,-0.06686,-0.10035,0.11744,0.14151,0.01774,0.07545,0.10355,-0.04134,-0.03605,-0.00007
0.04366,-0.07979,0.08219,-0.08907,-0.17182,0.06247,0.03149,-0.09244,-0.14203,-0.01853,-0.18155,-0.11813,-0.07826
-0.06104,-0.14278,0.10222,-0.09483,-0.22050,0.06871,-0.03710,-0.11271,-0.23858,-0.16590,-0.27205,-0.17108,-0.18378
-0.17311,-0.32165,0.11447,-0.30507,-0.36082,-0.17295,-0.26768,-0.19418,-0.54446,-0.30943,-0.30973,-0.27864,-0.47349
-0.32742,-0.36599,0.12580,-0.28106,-0.41151,-0.28298,-0.31779,-0.24586,-0.59940,-0.30777,-0.35243,-0.28372,-0.57736
-0.40751,-0.44967,0.10017,-0.47085,-0.53238,-0.49225,-0.35224,-0.30668,-0.58914,-0.45580,-0.36696,-0.35462,-0.57579
-0.48202,-0.48860,0.08674,-0.58599,-0.56292,-0.45140,-0.37469,-0.40558,-0.58463,-0.47670,-0.39041,-0.45782,-0.59588
-0.54957,-0.45907,0.09837,-0.46208,-0.56654,-0.29275,-0.46150,-0.50136,-0.55902,-0.39062,-0.39018,-0.37043,-0.59620
-0.60930,-0.63128,0.08196,-0.63645,-0.73474,-0.51631,-0.64364,-0.67763,-0.72848,-0.49761,-0.62320,-0.56905,-0.68567
-0.66580,-0.62815,0.10150,-0.72813,-0.71489,-0.47347,-0.65794,-0.68852,-0.74075,-0.46125,-0.60944,-0.55535,-0.65171
-0.66115,-0.60639,0.09160,-0.72664,-0.49877,-0.55407,-0.64673,-0.72177,-0.66990,-0.48547,-0.63990,-0.49796,-0.62270
-0.64274,-0.69615,0.07104,-0.85871,-0.64432,-0.72076,-0.68309,-0.74968,-0.72842,-0.65194,-0.61966,-0.65128,-0.65364
-0.61178,-0.58133,0.08758,-0.74649,-0.39801,-0.60356,-0.59171,-0.59837,-0.55429,-0.62060,-0.57015,-0.51856,-0.61155
-0.58444,-0.52978,0.07141,-0.50413,-0.37911,-0.61479,-0.58962,-0.53653,-0.58725,-0.50936,-0.45689,-0.53997,-0.58021
-0.49212,-0.46662,0.08521,-0.41436,-0.25935,-0.54382,-0.47112,-0.48607,-0.52257,-0.50300,-0.50647,-0.42097,-0.53846
-0.39260,-0.38424,0.08550,-0.37074,-0.22811,-0.43934,-0.39848,-0.41544,-0.42789,-0.46982,-0.40895,-0.23325,-0.45039
-0.29001,-0.22804,0.08232,-0.24470,-0.05114,-0.22255,-0.28445,-0.19520,-0.18310,-0.30700,-0.26567,-0.18271,-0.34384
-0.21406,-0.16707,0.07037,-0.17786,-0.13461,-0.10729,-0.12715,-0.15060,-0.05959,-0.29644,-0.25634,-0.15451,-0.20634
-0.07317,-0.16051,0.07775,-0.30874,-0.15121,-0.10133,-0.06440,-0.11953,-0.06299,-0.20872,-0.23515,-0.17368,-0.17937
0.05991,0.08031,0.10016,-0.05644,0.12476,0.20513,0.13206,0.11925,0.14951,0.11140,-0.10971,0.00268,0.12448
0.17961,0.19562,0.12621,0.01506,0.26103,0.32707,0.35151,0.20432,0.18119,0.34753,0.04305,0.06523,0.16018
0.23832,0.32821,0.06557,0.20816,0.43411,0.39160,0.34977,0.32777,0.27866,0.37671,0.33336,0.31307,0.26887
0.36283,0.45270,0.11258,0.25735,0.53126,0.39001,0.56072,0.44064,0.61101,0.52127,0.32907,0.37667,0.50898
0.46509,0.43452,0.13832,0.15453,0.41757,0.48249,0.70069,0.46503,0.37236,0.52171,0.35619,0.40721,0.46744
0.53975,0.55348,0.15202,0.28389,0.59772,0.79203,0.70334,0.59960,0.56317,0.51240,0.37907,0.45263,0.65092
0.58476,0.36988,0.16738,0.01224,0.51945,0.50754,0.47671,0.58078,0.23388,0.36550,0.34518,0.28129,0.37621
0.57459,0.36820,0.16412,0.06764,0.50586,0.63810,0.50539,0.42256,0.24092,0.38831,0.36877,0.31398,0.23050
0.59677,0.32348,0.15329,0.06910,0.46988,0.58802,0.31520,0.39989,0.16758,0.36791,0.35781,0.32429,0.17514
0.58842,0.50261,0.16934,0.27319,0.81134,0.70102,0.53567,0.53411,0.49343,0.43229,0.44663,0.53907,0.25934
0.54890,0.59207,0.16833,0.55267,0.79901,0.86097,0.66248,0.54505,0.54680,0.46501,0.45197,0.72144,0.31526
0.43757,0.42729,0.15991,0.32152,0.81479,0.50871,0.36373,0.44618,0.44775,0.35748,0.35015,0.44982,0.21275
0.38203,0.17704,0.16267,0.01224,0.50861,0.28436,0.16913,0.07442,0.06559,0.04688,0.24179,0.33417,0.03317
0.30424,0.17170,0.13436,0.16266,0.49218,0.21280,0.15968,0.05667,0.18149,-0.00208,0.22909,0.15679,0.06772
0.20523,0.12596,0.07559,0.18755,0.14127,0.09626,0.08640,0.07155,0.16626,-0.01325,0.19081,0.24856,0.08416
0.08823,0.03078,0.07297,-0.00899,0.09550,0.09435,0.02171,-0.10335,0.08077,-0.05276,0.02509,0.13305,0.02243
-0.06488,-0.10248,0.08529,-0.05110,0.01975,-0.02657,-0.07615,-0.14251,-0.20162,-0.27283,-0.08375,-0.07883,-0.11114
-0.16684,-0.24945,0.10310,-0.17628,-0.15619,-0.21106,-0.32412,-0.21101,-0.41758,-0.42174,-0.14467,-0.18505,-0.24683
-0.27343,-0.36633,0.12407,-0.24008,-0.27193,-0.36193,-0.41018,-0.30136,-0.57359,-0.38943,-0.25893,-0.27812,-0.57779
-0.38115,-0.43991,0.12499,-0.32157,-0.33143,-0.53909,-0.49122,-0.29854,-0.62251,-0.48562,-0.33432,-0.36231,-0.61248
-0.52423,-0.63532,0.11680,-0.50755,-0.71351,-0.63880,-0.61200,-0.54794,-0.84508,-0.67703,-0.46451,-0.58869,-0.75807
-0.58492,-0.79747,0.11083,-0.59572,-0.89970,-0.90815,-0.74637,-0.74303,-0.95460,-0.81610,-0.70480,-0.74039,-0.86586
-0.63421,-0.81443,0.09828,-0.64847,-0.87737,-0.92941,-0.82486,-0.78864,-0.92872,-0.87250,-0.71625,-0.69887,-0.85919
-0.67137,-0.75526,0.09232,-0.55012,-0.84023,-0.79150,-0.81868,-0.77879,-0.86386,-0.74299,-0.68358,-0.69643,-0.78644
-0.69578,-0.92590,0.09572,-0.88291,-0.93094,-1.00149,-0.87249,-0.95594,-1.11453,-0.90968,-0.77634,-0.82917,-0.98548
-0.71153,-0.88856,0.11518,-0.89326,-0.82617,-1.11306,-0.86352,-0.96258,-1.01160,-0.84865,-0.71530,-0.77920,-0.87225
-0.66691,-0.77711,0.08811,-0.75724,-0.65307,-0.89873,-0.75525,-0.80890,-0.86720,-0.89202,-0.67704,-0.69769,-0.76398
-0.60811,-0.65455,0.10700,-0.61940,-0.50095,-0.83027,-0.63509,-0.58676,-0.72394,-0.81423,-0.60706,-0.55693,-0.67085
-0.53728,-0.52847,0.08198,-0.40904,-0.46977,-0.54039,-0.50145,-0.54258,-0.64960,-0.63549,-0.49615,-0.43524,-0.60495
-0.47187,-0.29412,0.10848,-0.17732,-0.16872,-0.25356,-0.32801,-0.28000,-0.45579,-0.47629,-0.35491,-0.20757,-0.23904
-0.34712,-0.25107,0.10302,-0.23568,-0.14153,-0.18065,-0.35353,-0.23405,-0.38931,-0.41522,-0.25737,-0.18061,-0.12275
-0.22036,-0.04536,0.14954,-0.05888,0.21533,-0.00172,0.01989,0.07335,-0.15953,-0.27964,-0.20019,-0.13249,0.07028
-0.09535,-0.06819,0.10350,-0.11185,0.01758,0.10568,-0.05842,-0.02406,-0.20441,-0.16869,-0.16598,-0.12121,0.04949
0.02181,-0.02344,0.07640,-0.10835,0.03099,0.01861,0.01586,0.06528,-0.11920,-0.04181,-0.12598,-0.04886,0.07908
0.12705,0.18804,0.13797,0.07170,0.41277,0.28891,0.23968,0.31549,0.10967,0.08612,-0.02373,0.28161,0.09822
0.21646,0.14231,0.16135,-0.00673,0.39865,0.31920,0.25048,0.25461,0.08258,0.03190,-0.12404,0.13772,0.07872
0.28774,0.21359,0.16848,-0.01331,0.46957,0.32218,0.25069,0.39120,0.09499,0.17546,0.00054,0.35011,0.09445
0.33697,0.10650,0.17259,-0.02932,0.32209,0.30113,0.18156,0.22489,-0.11864,0.10120,-0.03618,0.24631,-0.12801
0.36274,0.21411,0.16093,0.04441,0.45848,0.30490,0.21295,0.35930,0.10408,0.14625,0.00128,0.41275,0.09668
0.36469,0.21220,0.15632,0.05118,0.50875,0.27686,0.32734,0.37249,0.03814,0.08754,0.09366,0.20891,0.15711
0.34269,0.22718,0.13713,-0.01205,0.44905,0.31325,0.22474,0.37418,0.13844,0.12630,0.18655,0.31912,0.15224
0.29786,0.13497,0.12293,-0.06044,0.30819,0.23610,0.07147,0.08957,0.07894,0.06083,0.26984,0.25794,0.03728
0.23164,0.06238,0.09200,-0.03534,0.03590,0.25279,0.01117,0.06857,-0.04436,0.00654,0.11945,0.15786,0.05122
0.14653,0.00823,0.06681,-0.03274,0.00581,0.07866,-0.01098,0.04307,-0.06690,-0.12102,0.08535,0.04469,0.05640
0.04557,-0.08336,0.10272,-0.08917,-0.10829,0.02976,-0.19797,-0.05152,-0.22366,-0.21196,0.05694,-0.05846,0.02074
-0.06675,-0.13530,0.09723,-0.09753,-0.12225,-0.00788,-0.19790,-0.16526,-0.21733,-0.30999,0.00394,-0.17085,-0.06794
-0.18872,-0.30408,0.09526,-0.20484,-0.26455,-0.29851,-0.35383,-0.24551,-0.45388,-0.44850,-0.19750,-0.21950,-0.35415
-0.31618,-0.37757,0.09285,-0.26642,-0.34931,-0.35539,-0.40282,-0.28221,-0.48111,-0.46513,-0.27405,-0.36384,-0.53545
-0.44234,-0.47551,0.08188,-0.35841,-0.41045,-0.50503,-0.46142,-0.40861,-0.58053,-0.53098,-0.39327,-0.50901,-0.59738
-0.56294,-0.52441,0.10263,-0.32116,-0.46141,-0.65879,-0.54165,-0.48686,-0.58069,-0.62652,-0.41948,-0.56227,-0.58527
-0.67613,-0.66693,0.10890,-0.45309,-0.68259,-0.85236,-0.63305,-0.65619,-0.74472,-0.72402,-0.54567,-0.68049,-0.69710
-0.77722,-0.74630,0.11319,-0.57140,-0.69430,-0.96556,-0.65881,-0.74744,-0.85316,-0.76760,-0.65158,-0.73407,-0.81904
-0.86107,-0.77219,0.10677,-0.71102,-0.70323,-0.97807,-0.67812,-0.80943,-0.85439,-0.71678,-0.62605,-0.77111,-0.87368
-0.92343,-0.69307,0.10651,-0.56148,-0.67815,-0.88508,-0.60065,-0.78099,-0.78845,-0.72600,-0.54894,-0.68924,-0.67173
-0.96391,-0.80168,0.09238,-0.70923,-0.79244,-0.93949,-0.81047,-0.83460,-0.91282,-0.86709,-0.63780,-0.74152,-0.77135
-0.88248,-0.86743,0.08083,-0.82425,-0.84428,-0.99716,-0.92528,-0.83751,-0.88932,-0.99038,-0.76187,-0.80727,-0.79695
-0.99618,-0.95852,0.11005,-0.95206,-0.89389,-1.13757,-0.95502,-0.85906,-1.11948,-1.01371,-0.85020,-0.81334,-0.99090
-1.08787,-0.89182,0.10706,-0.83487,-0.83924,-1.04756,-0.91202,-0.82337,-1.03598,-1.03032,-0.79615,-0.77125,-0.82748
-1.15084,-0.84559,0.10308,-0.75955,-0.77350,-1.00046,-0.92046,-0.77652,-0.94013,-0.98270,-0.80645,-0.73447,-0.76161
-1.18400,-0.92096,0.12494,-0.95643,-0.93103,-1.07709,-1.11133,-0.81058,-0.98839,-0.98494,-0.80418,-0.78191,-0.76376
-1.09279,-1.04598,0.13408,-1.08365,-1.08320,-1.13525,-1.17495,-0.89304,-1.24527,-1.13163,-0.94987,-0.86405,-0.89894
-1.18541,-1.06601,0.13214,-1.17129,-1.10695,-1.13223,-1.08757,-0.92077,-1.28616,-1.16041,-0.96485,-0.86401,-0.96591
-1.24964,-1.08987,0.14349,-1.28474,-1.09619,-1.23378,-1.07617,-0.92329,-1.27449,-1.13796,-1.01942,-0.88268,-0.96999
-1.28119,-1.04628,0.12363,-1.15992,-1.06565,-1.20790,-1.12422,-0.85286,-1.12502,-1.12419,-0.99094,-0.90693,-0.90519
-1.27836,-1.06813,0.10846,-1.13041,-1.06634,-1.19464,-1.16507,-0.93811,-1.18720,-1.12582,-1.01311,-0.90608,-0.95455
-1.14346,-1.10020,0.12817,-1.22984,-1.08803,-1.28420,-1.17483,-0.91078,-1.18645,-1.16940,-1.03453,-0.94177,-0.98216
-1.19681,-1.07526,0.15344,-1.25819,-1.07853,-1.26735,-1.15207,-0.88487,-1.20029,-1.15099,-0.95785,-0.85848,-0.94396
-1.22349,-1.03652,0.12811,-1.23271,-1.00954,-1.19554,-1.05136,-0.97086,-1.05372,-1.09446,-1.06750,-0.82908,-0.86038
-1.21838,-1.01408,0.10991,-1.15315,-0.98372,-1.16179,-1.07230,-0.88073,-1.06432,-1.06757,-0.98812,-0.83047,-0.93863
-1.18148,-1.00047,0.10745,-1.07485,-0.99627,-1.20649,-1.06506,-0.89964,-1.03366,-0.94390,-0.99140,-0.80820,-0.98518
-1.01102,-0.97083,0.14008,-1.00214,-0.88359,-1.29086,-1.09032,-0.86385,-0.98716,-0.97100,-0.88991,-0.79218,-0.93726
-1.03934,-0.96729,0.10352,-1.09119,-0.94124,-1.13204,-0.99710,-0.86996,-1.00891,-0.97670,-0.89530,-0.77837,-0.98212
-1.04634,-0.86618,0.08134,-0.85944,-0.90594,-1.02063,-0.92247,-0.82009,-0.81111,-0.91991,-0.87529,-0.73455,-0.79238
-1.02773,-0.90583,0.08552,-0.94254,-0.87591,-1.04764,-0.94992,-0.79273,-0.95769,-0.91282,-0.95536,-0.75764,-0.86608
-0.98421,-0.90684,0.08963,-0.92088,-0.90248,-1.09625,-0.98360,-0.80195,-0.93906,-0.86979,-0.89099,-0.77990,-0.88348
-0.81836,-0.93027,0.08450,-0.87823,-0.93979,-1.05812,-1.00453,-0.82581,-1.01231,-0.94171,-0.88959,-0.79161,-0.96100
-0.84990,-0.89089,0.11957,-0.82691,-0.77499,-1.07594,-0.90740,-0.74656,-1.09543,-0.85741,-0.85585,-0.80826,-0.96011
-0.86622,-0.68589,0.11810,-0.68691,-0.57251,-0.97397,-0.71324,-0.59127,-0.68962,-0.72193,-0.55351,-0.70054,-0.65539
-0.86336,-0.71365,0.08199,-0.62990,-0.67751,-0.88974,-0.75238,-0.66531,-0.75500,-0.73702,-0.59109,-0.71895,-0.71959
-0.84095,-0.73990,0.05214,-0.65164,-0.74799,-0.83412,-0.77933,-0.69338,-0.77821,-0.74975,-0.69273,-0.72615,-0.74565
-0.71745,-0.75012,0.08688,-0.58473,-0.71094,-0.83131,-0.82206,-0.68158,-0.89762,-0.76162,-0.74598,-0.72731,-0.73805
-0.77949,-0.68328,0.10995,-0.62398,-0.44637,-0.84087,-0.74424,-0.63473,-0.77443,-0.73940,-0.61006,-0.71507,-0.70360
-0.82801,-0.62384,0.11145,-0.60253,-0.44281,-0.84016,-0.66573,-0.61313,-0.57599,-0.71300,-0.49002,-0.66539,-0.62965
-0.85892,-0.61315,0.12078,-0.44530,-0.47838,-0.81559,-0.66466,-0.67427,-0.53215,-0.74658,-0.50475,-0.65093,-0.61885
-0.87047,-0.72159,0.09875,-0.58214,-0.62985,-0.90655,-0.79890,-0.74809,-0.68886,-0.81619,-0.63122,-0.69269,-0.72146
-0.79872,-0.88084,0.07887,-0.94587,-0.81068,-0.85596,-0.84464,-0.81571,-1.03277,-0.97743,-0.83637,-0.80186,-0.88715
-0.89162,-0.90460,0.08483,-0.92790,-0.83935,-0.98432,-0.92968,-0.80368,-1.05113,-0.91144,-0.95394,-0.77085,-0.87376
-0.96801,-0.77801,0.08919,-0.85837,-0.68599,-0.88139,-0.80766,-0.81605,-0.81240,-0.88203,-0.66841,-0.71504,-0.65278
-1.02177,-0.82520,0.10159,-0.78702,-0.73330,-0.85142,-0.95337,-0.83674,-0.87991,-1.01120,-0.73109,-0.77035,-0.69763
-0.87417,-0.94060,0.12061,-0.91426,-0.86006,-1.00967,-0.97119,-0.86543,-1.20523,-1.04240,-0.85367,-0.79196,-0.89211
-0.99825,-1.11951,0.14094,-1.17523,-1.07659,-1.10542,-1.07926,-1.03461,-1.45232,-1.16341,-1.04027,-0.90911,-1.15893
-1.10471,-1.09256,0.14536,-1.11756,-1.04433,-1.13484,-1.08428,-0.97854,-1.45946,-1.05266,-1.05462,-0.90623,-1.09310
-1.18429,-1.04650,0.11816,-1.02652,-1.00551,-1.10181,-1.03851,-1.00788,-1.34506,-1.04771,-0.98925,-0.88635,-1.01643
-1.23170,-1.01518,0.11822,-0.94132,-0.98538,-1.06508,-1.08105,-0.96831,-1.31439,-0.96270,-0.97468,-0.89961,-0.95927
-1.24732,-1.22045,0.17210,-1.17157,-1.19371,-1.30752,-1.14915,-1.08952,-1.65791,-1.17521,-1.06700,-1.10829,-1.28461
-1.16313,-1.28839,0.14917,-1.35544,-1.33582,-1.37345,-1.17203,-1.12140,-1.62881,-1.30026,-1.18259,-1.16008,-1.25402
-1.23338,-1.31218,0.13588,-1.39869,-1.38424,-1.37115,-1.18172,-1.08460,-1.56439,-1.26270,-1.25349,-1.23392,-1.38687
-1.27494,-1.36396,0.17105,-1.49177,-1.32094,-1.44253,-1.12620,-1.12984,-1.67400,-1.31524,-1.37036,-1.26552,-1.50320
-1.28430,-1.42674,0.20516,-1.44413,-1.44600,-1.45112,-1.20563,-1.17589,-1.64326,-1.28910,-1.36812,-1.37694,-1.86718
-1.26056,-1.41124,0.22908,-1.50931,-1.72541,-1.43733,-1.09287,-1.20879,-1.38467,-1.12873,-1.35141,-1.50476,-1.76918
-1.20514,-1.27865,0.13107,-1.42281,-1.44362,-1.29926,-1.06167,-1.14556,-1.23466,-1.19518,-1.19838,-1.38759,-1.39780
-1.12075,-1.16144,0.11899,-1.30705,-1.24089,-1.15172,-0.98000,-1.11076,-1.26207,-1.12096,-0.96331,-1.26457,-1.21312
-1.00923,-1.00844,0.07823,-1.02877,-0.91917,-1.00823,-0.91807,-1.05684,-1.05647,-1.00892,-0.89593,-1.04171,-1.15027
-0.87449,-0.94286,0.10728,-0.94948,-1.05834,-0.92898,-0.86651,-0.99765,-0.93945,-1.08185,-0.71389,-0.87768,-1.01472
-0.72328,-0.74031,0.12108,-0.91313,-0.82261,-0.75344,-0.61841,-0.54010,-0.72297,-0.90398,-0.63247,-0.72210,-0.77390
-0.56010,-0.63258,0.21419,-0.89521,-0.82635,-0.51194,-0.49971,-0.21772,-0.64520,-0.94066,-0.56922,-0.57864,-0.64116
-0.38700,-0.50048,0.27595,-0.95159,-0.54640,-0.28303,-0.26593,-0.24709,-0.53317,-0.99988,-0.37503,-0.28440,-0.51826
-0.20948,-0.31959,0.26595,-0.66593,-0.34373,-0.10723,0.09376,-0.16951,-0.32372,-0.79729,-0.23645,-0.17733,-0.46847
-0.03647,-0.08971,0.22174,-0.53964,-0.15148,0.15375,0.26794,-0.10020,-0.27507,-0.08920,0.02950,-0.10917,-0.08348
0.12686,0.05965,0.30064,-0.25486,-0.04847,0.19505,0.43785,0.06850,-0.38770,0.57331,0.21357,-0.13574,-0.06502
0.27834,-0.01003,0.31269,-0.05962,-0.02598,0.02280,0.34204,0.07977,-0.67054,0.42025,0.19534,-0.14412,-0.26025
0.41186,0.24147,0.22774,0.15312,0.17049,0.22279,0.59286,0.13197,-0.18851,0.51334,0.46396,0.20564,0.14903
0.52086,0.39165,0.28743,0.22795,0.28676,0.30393,0.92046,0.14291,-0.08808,0.59037,0.53898,0.34969,0.64353
0.60151,0.71749,0.73279,0.21024,0.40371,0.48482,1.93415,0.26175,-0.29540,1.62034,0.52830,0.42918,1.59785
0.65206,1.22944,1.32270,0.34532,2.01185,0.39048,2.80832,1.79990,-1.26456,2.32087,0.58046,0.50151,2.80026
0.67065,2.42151,1.42464,1.47175,3.26737,-0.14028,4.20544,3.24838,1.34390,2.76271,3.66482,0.91208,3.47895
0.65648,3.25763,1.33760,2.57279,3.76890,0.23160,4.78456,3.45291,3.06140,3.89554,4.46629,2.19026,4.15210
0.61064,4.12894,1.39975,3.87176,4.16612,1.21534,5.02538,3.20222,6.02807,4.63571,5.19960,2.88725,5.05791
0.53490,4.74378,1.39728,4.66137,5.04084,3.38231,5.36435,3.20691,7.70546,4.62853,4.58168,3.04179,5.82451
0.43200,4.66785,1.54751,5.36285,4.70110,3.56412,5.55117,2.59601,8.19215,4.09329,4.08796,3.43843,5.09146
0.30629,4.58041,1.51705,5.83779,3.75019,4.19608,5.12885,2.59067,8.06401,3.84164,3.84382,3.71630,4.83479
0.16098,4.02635,1.36189,4.51504,3.19555,2.38711,4.52084,2.83805,7.23848,3.15427,4.06902,3.78712,4.55797
0.00037,2.73580,0.96830,1.70358,1.95768,1.97748,2.87701,2.36383,5.00978,2.32076,3.44740,2.56896,3.13154
-0.16940,1.63993,0.62974,2.34742,1.76739,0.50130,2.62323,1.81904,1.96037,1.60437,0.90270,1.32082,1.55268
-0.34314,1.20963,0.43127,1.28920,1.14798,0.95082,2.19348,0.71929,1.03198,1.69605,0.92817,1.10040,1.03897
-0.51574,-0.07423,0.18639,0.36877,-0.05438,-0.14332,-0.23059,-0.13392,-0.06336,-0.35069,-0.00300,-0.03874,-0.09310
-0.68307,-0.70568,0.06235,-0.66171,-0.60638,-0.84255,-0.66749,-0.72909,-0.72324,-0.74170,-0.68449,-0.71302,-0.68708
-0.83807,-0.92260,0.06527,-0.90345,-0.87688,-0.94992,-1.01010,-0.84598,-1.04394,-0.95652,-0.86990,-0.87840,-0.89089
-0.97504,-1.06658,0.10553,-1.04159,-1.09295,-1.04306,-1.12750,-0.93860,-1.30959,-1.11987,-1.00938,-0.96101,-1.02229
-1.09052,-1.12264,0.11781,-1.15559,-1.14372,-1.11794,-1.16548,-0.97660,-1.39335,-1.14773,-1.02239,-0.99614,-1.10749
-1.18010,-1.18284,0.12098,-1.17968,-1.23213,-1.17086,-1.19172,-0.96583,-1.45520,-1.21554,-1.11507,-1.14312,-1.15927
-1.23942,-1.23789,0.07803,-1.29707,-1.33885,-1.30201,-1.16622,-1.13133,-1.34344,-1.19879,-1.24947,-1.17549,-1.17622
-1.26674,-1.32342,0.11174,-1.38523,-1.42793,-1.46762,-1.23757,-1.11778,-1.41877,-1.27505,-1.35164,-1.20383,-1.34880
-1.26218,-1.29204,0.10205,-1.31262,-1.45828,-1.38768,-1.17538,-1.13859,-1.28475,-1.17277,-1.33406,-1.30923,-1.34700
-1.22592,-1.22158,0.12002,-1.06790,-1.22105,-1.42064,-1.15793,-1.13359,-1.27475,-1.12102,-1.12930,-1.38200,-1.30767
-1.15959,-1.10700,0.08919,-0.99726,-1.15107,-1.22873,-1.07869,-1.07452,-1.21601,-1.04337,-0.96655,-1.16897,-1.14484
-1.06506,-0.94422,0.10228,-0.90043,-0.81416,-0.98300,-1.09596,-0.94718,-1.09987,-0.87396,-0.81070,-0.91735,-0.99961
-0.94523,-0.90533,0.10358,-0.95301,-0.77345,-0.98047,-0.85941,-0.92398,-1.04109,-0.85488,-0.72713,-0.90787,-1.03201
-0.80559,-0.70190,0.10879,-0.77447,-0.49420,-0.76298,-0.67656,-0.63582,-0.82361,-0.70955,-0.56599,-0.76301,-0.81281
-0.65090,-0.60089,0.10054,-0.75294,-0.47858,-0.61905,-0.46692,-0.53121,-0.69022,-0.57844,-0.51904,-0.68709,-0.68542
-0.48546,-0.26130,0.09236,-0.39144,-0.20891,-0.19959,-0.13124,-0.23869,-0.43311,-0.26925,-0.30815,-0.22037,-0.21230
-0.31213,-0.05364,0.12393,-0.17288,0.14873,0.01407,0.03382,-0.02743,-0.21233,-0.06486,-0.19147,-0.14358,0.07953
-0.13549,0.15214,0.11147,0.03578,0.39688,0.22624,0.13222,0.23999,0.16379,0.10005,0.07351,0.03003,0.12297
0.03605,0.37573,0.09697,0.20282,0.48082,0.36055,0.38914,0.42706,0.49231,0.34365,0.42682,0.40802,0.22615
0.19646,0.52249,0.12664,0.34210,0.53191,0.38505,0.60901,0.45988,0.62439,0.43864,0.46452,0.62144,0.74799
0.34312,0.65890,0.15346,0.42425,0.72852,0.56875,0.88994,0.51017,0.68636,0.67301,0.52166,0.71388,0.87244
0.53846,0.79431,0.18469,0.54810,0.97262,0.64979,0.88579,0.65585,0.86319,0.92555,0.52962,0.85232,1.06029
0.55222,0.84193,0.16658,0.74939,1.01726,0.75660,0.98788,0.60243,0.79617,0.88906,0.64002,0.85714,1.12334
0.53414,0.88811,0.25666,1.01870,1.21105,0.63371,1.10805,0.53820,0.77790,0.99681,0.57049,0.81318,1.21300
0.48816,0.70000,0.16604,0.79376,1.01478,0.73834,0.59782,0.48060,0.63259,0.60323,0.50959,0.85793,0.77137
0.50967,0.48282,0.16264,0.49127,0.53129,0.85065,0.28112,0.32536,0.41566,0.55240,0.37063,0.58223,0.42755
0.33230,0.13907,0.14658,0.12594,0.08368,0.47927,0.16080,0.11213,-0.00041,-0.06842,0.22502,0.17696,0.09577
0.13126,0.00676,0.15427,-0.06776,0.04652,0.21543,0.03636,-0.16537,-0.04127,-0.28442,0.18504,0.12511,0.01798
-0.08284,-0.13073,0.13462,-0.11775,-0.15096,0.01530,-0.13946,-0.21010,0.00681,-0.38982,0.06935,-0.20943,-0.18120
-0.30254,-0.04488,0.20040,0.04012,0.00152,0.28811,-0.00519,-0.35894,0.14515,-0.36639,-0.05713,-0.05635,-0.07970
-0.42394,-0.53288,0.13661,-0.60972,-0.52323,-0.42334,-0.40120,-0.68604,-0.36874,-0.77245,-0.55942,-0.59439,-0.39028
-0.70888,-0.77515,0.24631,-0.87221,-0.83828,-0.82839,-1.15604,-0.77726,-0.27059,-1.02920,-0.54984,-0.77617,-0.65353
-0.98515,-0.90491,0.18244,-0.97942,-0.93430,-1.01189,-1.02753,-0.86685,-0.83948,-1.23053,-0.54349,-0.75563,-0.86002
-1.23880,-1.12069,0.17337,-1.17076,-1.24419,-1.17922,-1.14862,-1.09504,-0.86328,-1.46715,-1.04895,-0.88358,-1.10607
-1.46474,-1.40674,0.18277,-1.42729,-1.58554,-1.38974,-1.34202,-1.36377,-1.19785,-1.62804,-1.29643,-1.13825,-1.69843
-1.65614,-1.69075,0.17691,-1.66369,-1.95891,-1.50773,-1.51722,-1.59556,-1.78430,-1.77579,-1.47619,-1.66586,-1.96227
-1.72772,-1.85048,0.14477,-1.72846,-2.11948,-1.78189,-1.74598,-1.80489,-1.92176,-1.79410,-1.69468,-1.83730,-2.07625
-1.93178,-2.14272,0.19517,-2.06229,-2.51453,-2.33947,-2.00932,-2.24392,-2.20517,-1.87328,-1.94517,-2.03185,-2.20216
-2.10566,-2.25511,0.22798,-2.18202,-2.70422,-2.55418,-2.13151,-2.30402,-2.28109,-1.95450,-2.06073,-2.09950,-2.27935
-2.24856,-2.38465,0.22269,-2.37854,-2.69066,-2.67609,-2.21969,-2.56581,-2.44897,-2.10627,-2.09824,-2.19274,-2.46945
-2.35985,-2.38293,0.19500,-2.31380,-2.55069,-2.66461,-2.31850,-2.53231,-2.52951,-2.10594,-2.14497,-2.18623,-2.48275
-2.28942,-2.47695,0.28798,-2.49221,-2.80705,-2.89588,-2.42011,-2.76726,-2.56101,-2.18628,-2.09065,-2.11412,-2.43495
-2.41842,-2.51826,0.24899,-2.43950,-2.75321,-2.76630,-2.32257,-2.84750,-2.71183,-2.12295,-2.51461,-2.21177,-2.49231
-2.51588,-2.43760,0.23545,-2.51858,-2.72764,-2.65827,-2.26601,-2.81307,-2.42445,-2.17886,-2.31807,-2.12139,-2.34968
-2.58141,-2.40688,0.22829,-2.48308,-2.57308,-2.64904,-2.24571,-2.80236,-2.47564,-2.20671,-2.34965,-2.08716,-2.19641
-2.61483,-2.47636,0.25982,-2.45135,-2.52804,-2.58471,-2.28607,-2.92975,-2.83822,-2.23049,-2.51607,-2.15249,-2.24639
-2.61610,-2.48052,0.23367,-2.53347,-2.49545,-2.62505,-2.37891,-2.90064,-2.65916,-2.18282,-2.60530,-2.19546,-2.22890
-2.45602,-2.41421,0.25080,-2.23425,-2.34907,-2.56858,-2.49427,-2.96015,-2.60497,-2.27171,-2.32805,-2.08377,-2.24722
-2.47654,-2.43869,0.21220,-2.51988,-2.48628,-2.57247,-2.40281,-2.90737,-2.44513,-2.25124,-2.17031,-2.21549,-2.41592
-2.46520,-2.09301,0.20758,-2.04986,-2.13646,-2.13211,-2.08623,-2.57013,-2.11262,-2.19341,-1.81969,-1.85941,-1.97012
-2.42221,-2.01394,0.20068,-2.05454,-2.04571,-2.21120,-1.77538,-2.31490,-2.10232,-1.85793,-1.82205,-1.75208,-2.20329
-2.34794,-2.02016,0.24497,-1.97884,-2.10038,-2.19283,-1.64353,-2.32246,-2.26326,-1.74186,-1.96238,-1.74500,-2.25103
-2.24291,-1.88426,0.23667,-1.78561,-1.88115,-2.01709,-1.53397,-1.90880,-2.15954,-1.57940,-2.21218,-1.68603,-2.07887
-1.99874,-1.76198,0.19771,-1.96953,-1.72302,-1.79526,-1.44196,-1.60529,-2.02661,-1.48075,-1.89163,-1.83568,-1.85005
-1.91316,-1.56110,0.18589,-1.93343,-1.55626,-1.57704,-1.41135,-1.39789,-1.74835,-1.32793,-1.64509,-1.40521,-1.60847
-1.79728,-1.42770,0.23019,-1.74372,-1.62345,-1.45280,-1.16199,-1.18817,-1.35774,-1.10926,-1.46728,-1.42515,-1.74740
-1.65183,-1.21713,0.12405,-1.42588,-1.24902,-1.36895,-1.14785,-1.01899,-1.14565,-1.15079,-1.13786,-1.32126,-1.20500
-1.47771,-1.17883,0.14393,-1.39697,-1.17373,-1.24332,-1.02528,-1.09789,-1.31900,-1.16551,-0.90025,-1.20873,-1.25767
-1.27592,-1.04756,0.10162,-1.09473,-0.96485,-1.16460,-1.06227,-0.96774,-1.17107,-1.13902,-0.86593,-0.96907,-1.07631
-0.95399,-0.91305,0.11719,-1.01649,-0.91124,-0.90763,-0.91237,-0.84523,-1.02150,-1.06747,-0.68044,-0.79221,-0.97595
-0.78283,-0.75534,0.12659,-0.92893,-0.67626,-0.74172,-0.62737,-0.62128,-0.76932,-0.94284,-0.64585,-0.69504,-0.90475
-0.59966,-0.44771,0.11181,-0.61126,-0.30740,-0.31275,-0.47922,-0.41376,-0.49467,-0.36623,-0.39324,-0.46782,-0.63076
-0.40742,-0.37858,0.10639,-0.50822,-0.30982,-0.31588,-0.40236,-0.24214,-0.34231,-0.32518,-0.35578,-0.37632,-0.60776
-0.21448,-0.24673,0.13732,-0.42809,-0.25965,-0.32106,-0.22828,-0.11290,-0.17003,-0.00402,-0.25289,-0.22554,-0.46488
-0.02573,0.08416,0.15153,-0.04077,-0.07526,0.20158,0.06265,0.22437,0.18521,0.37018,0.00157,-0.04772,-0.04026
0.15704,0.27873,0.08624,0.20138,0.40082,0.28233,0.26121,0.35741,0.19923,0.41349,0.24326,0.26618,0.16197
0.32748,0.31417,0.09875,0.21256,0.40323,0.34030,0.40016,0.34304,0.15149,0.41716,0.34423,0.35898,0.17058
0.47627,0.43453,0.12985,0.28207,0.45238,0.66720,0.56296,0.38817,0.28082,0.51949,0.41662,0.48747,0.28813
0.59956,0.54108,0.15559,0.21560,0.55556,0.80204,0.65605,0.53572,0.54791,0.55010,0.47970,0.64889,0.41920
0.69641,0.50291,0.17337,0.18378,0.60618,0.74656,0.67586,0.54094,0.29632,0.55377,0.46165,0.58067,0.38340
0.76078,0.65347,0.11989,0.39228,0.67281,0.80824,0.74299,0.66794,0.63878,0.63935,0.52194,0.70812,0.74225
0.79179,0.65139,0.14026,0.36670,0.68543,0.87396,0.69402,0.63315,0.75210,0.62882,0.50744,0.75460,0.61771
0.79058,0.54143,0.14944,0.20776,0.62998,0.70752,0.64611,0.50512,0.49244,0.50784,0.50003,0.72633,0.49122
0.75834,0.62305,0.15657,0.30974,0.68736,0.83537,0.64668,0.51786,0.63569,0.60173,0.47278,0.75925,0.76403
0.69538,0.70227,0.12621,0.58364,0.71528,0.92318,0.62520,0.59881,0.71037,0.67987,0.52757,0.81808,0.84071
0.60365,0.55422,0.08041,0.53224,0.63165,0.57098,0.39097,0.55532,0.56662,0.56797,0.47036,0.68504,0.57108
0.48531,0.34629,0.09469,0.34597,0.48108,0.34750,0.31367,0.36810,0.46389,0.42446,0.30472,0.22096,0.19261
0.34441,0.17083,0.08631,0.04465,0.25532,0.30391,0.09807,0.24980,0.18298,0.14197,0.22151,0.06945,0.14062
0.18519,0.01119,0.07969,-0.00828,0.03072,0.15239,0.02191,-0.07707,-0.00860,0.00905,0.10028,-0.13061,0.02206
0.01462,-0.05756,0.10596,-0.05470,0.12958,0.08597,-0.03325,-0.15324,-0.17201,-0.04235,-0.02786,-0.19201,-0.11570
-0.16572,-0.25505,0.06057,-0.16783,-0.25087,-0.20097,-0.29726,-0.24125,-0.29075,-0.34503,-0.16721,-0.30619,-0.28318
-0.35089,-0.33106,0.11027,-0.13629,-0.28951,-0.27365,-0.41951,-0.36823,-0.34651,-0.54202,-0.23867,-0.38941,-0.30676
-0.53407,-0.55518,0.10543,-0.42952,-0.48273,-0.58779,-0.57480,-0.60589,-0.62909,-0.65444,-0.33339,-0.63513,-0.61904
-0.70996,-0.69832,0.10339,-0.56177,-0.62813,-0.81285,-0.76946,-0.80795,-0.76213,-0.76085,-0.54767,-0.73584,-0.59661
-0.87482,-0.88183,0.10338,-0.82479,-0.79826,-0.94779,-0.95350,-0.86516,-1.12003,-0.88191,-0.84604,-0.81725,-0.76353
-1.02316,-1.00226,0.13513,-0.97477,-0.94459,-1.03888,-1.06254,-0.91949,-1.32922,-0.92930,-0.99474,-1.01647,-0.81263
-1.14972,-1.13631,0.20089,-1.15131,-1.06878,-1.13231,-1.08616,-0.91952,-1.66584,-1.00277,-1.04282,-1.11753,-1.17607
-1.24902,-1.29492,0.18793,-1.41035,-1.22670,-1.32604,-1.13856,-1.15854,-1.76125,-1.14978,-1.17585,-1.26190,-1.34028
-1.31811,-1.32430,0.21811,-1.50856,-1.25464,-1.42439,-1.16412,-1.07857,-1.79554,-1.18305,-1.13494,-1.26558,-1.43361
-1.35592,-1.26251,0.15623,-1.46367,-1.26035,-1.31026,-1.13752,-1.07484,-1.58480,-1.15207,-1.20576,-1.25530,-1.18050
-1.36137,-1.31160,0.14580,-1.55890,-1.38711,-1.38107,-1.13779,-1.13907,-1.41614,-1.20804,-1.27238,-1.17281,-1.44273
-1.33466,-1.29101,0.15027,-1.47485,-1.34602,-1.40576,-1.09855,-1.09737,-1.28921,-1.08902,-1.35827,-1.27785,-1.47322
-1.27732,-1.21175,0.12095,-1.37568,-1.17233,-1.40040,-1.06591,-1.03030,-1.24477,-1.19264,-1.12244,-1.25935,-1.25365
-1.19090,-1.16838,0.14490,-1.24796,-1.18408,-1.33322,-1.02893,-1.11525,-1.33554,-1.09207,-0.87224,-1.20572,-1.26877
-1.07916,-0.98466,0.12506,-1.03491,-0.92230,-1.15121,-0.90495,-1.00852,-1.15454,-0.91338,-0.77020,-0.89426,-1.09230
-0.94577,-0.92435,0.12115,-1.06173,-0.85168,-1.03242,-0.87509,-0.94262,-0.99193,-0.97298,-0.67511,-0.80953,-1.03046
-0.79464,-0.77968,0.10035,-0.94883,-0.79203,-0.81879,-0.72495,-0.69898,-0.85153,-0.79095,-0.61260,-0.68521,-0.87299
-0.62895,-0.59357,0.09885,-0.78546,-0.50537,-0.58082,-0.56806,-0.51090,-0.60822,-0.54548,-0.49932,-0.58301,-0.74904
-0.45237,-0.37951,0.14100,-0.62645,-0.39208,-0.22969,-0.34510,-0.22397,-0.50928,-0.30021,-0.29632,-0.30647,-0.56549
-0.27162,-0.25481,0.12173,-0.41890,-0.36244,-0.18791,-0.25861,-0.12532,-0.22085,-0.06838,-0.26420,-0.20051,-0.44096
-0.09248,-0.11536,0.12152,-0.33998,-0.15714,-0.02731,-0.02414,0.00002,-0.13454,0.07559,-0.19984,-0.15480,-0.19143
0.08282,0.11808,0.09493,0.02282,0.21441,0.24801,0.09765,0.17493,0.13926,0.22168,0.04866,-0.01967,0.03300
0.24927,0.28557,0.11512,0.10191,0.38147,0.33704,0.29526,0.37669,0.16758,0.47747,0.26874,0.28340,0.16612
0.39977,0.32003,0.11232,0.15583,0.39023,0.32425,0.42709,0.41497,0.16815,0.41517,0.40745,0.32331,0.17381
0.52753,0.56453,0.12672,0.30405,0.58608,0.75735,0.62207,0.48911,0.50121,0.62848,0.47025,0.62565,0.66101
0.63089,0.72355,0.14513,0.45806,0.74823,0.92352,0.85337,0.75502,0.66475,0.73237,0.51704,0.74056,0.84256
0.70656,0.75343,0.15915,0.51527,0.79293,0.95376,0.97475,0.71813,0.69662,0.73512,0.52437,0.72080,0.90253
0.75005,0.81127,0.15987,0.57165,0.78527,0.97054,0.85455,0.72118,0.87975,0.95473,0.52307,0.89493,0.95703
0.76038,0.65059,0.15080,0.49774,0.68701,0.85267,0.72012,0.50465,0.64729,0.63342,0.49281,0.92681,0.54335
0.73846,0.57982,0.12813,0.36320,0.69331,0.61580,0.63056,0.41586,0.58382,0.55500,0.48150,0.76147,0.69770
0.68550,0.60527,0.13573,0.36346,0.65424,0.64531,0.49976,0.55714,0.65252,0.58131,0.50341,0.76188,0.83369
0.60272,0.54867,0.10951,0.39945,0.65585,0.63230,0.45530,0.42966,0.55298,0.66408,0.46365,0.70178,0.53161
0.49408,0.44859,0.11909,0.44271,0.66516,0.53950,0.39519,0.38978,0.52401,0.52628,0.40871,0.35659,0.23798
0.38863,0.21844,0.06111,0.17443,0.29008,0.30876,0.12625,0.25081,0.21947,0.20750,0.27487,0.17149,0.16077
0.21837,0.04414,0.10617,0.02771,0.10670,0.21921,0.03577,-0.05099,-0.00519,-0.02069,0.21934,-0.09103,0.00059
0.03144,-0.12875,0.13601,-0.02466,-0.06826,0.06107,-0.05752,-0.19935,-0.29956,-0.12461,0.00656,-0.23579,-0.34542
-0.16589,-0.26605,0.10880,-0.09936,-0.22223,-0.16654,-0.28978,-0.24814,-0.39971,-0.39150,-0.14710,-0.29897,-0.39721
-0.36595,-0.48492,0.10164,-0.35230,-0.52830,-0.39130,-0.49231,-0.56322,-0.57856,-0.54293,-0.29328,-0.56582,-0.54114
-0.56357,-0.66579,0.09568,-0.47715,-0.71407,-0.69289,-0.61993,-0.80736,-0.72941,-0.67578,-0.55227,-0.73265,-0.65640
-0.75603,-0.88271,0.09519,-0.80459,-0.86413,-0.93636,-0.86553,-0.90399,-1.09583,-0.95662,-0.79324,-0.80443,-0.80235
-0.93654,-1.00208,0.10325,-0.87360,-1.02401,-1.00433,-0.98463,-0.99672,-1.26928,-0.99859,-0.98175,-0.94791,-0.93995
-1.09662,-1.17048,0.17530,-0.95515,-1.14984,-1.16817,-1.11703,-1.11892,-1.62054,-1.09922,-1.06105,-1.23844,-1.17639
-1.23400,-1.34370,0.16341,-1.20657,-1.28832,-1.44250,-1.16504,-1.28588,-1.71743,-1.26455,-1.23175,-1.37237,-1.46263
-1.34427,-1.43759,0.17294,-1.34666,-1.32102,-1.51485,-1.22826,-1.44280,-1.80366,-1.27466,-1.36860,-1.45972,-1.61563
-1.42280,-1.49359,0.21107,-1.57191,-1.33793,-1.63810,-1.18514,-1.39664,-1.88266,-1.27701,-1.54769,-1.41203,-1.68675
-1.46693,-1.42725,0.20362,-1.78753,-1.45132,-1.36662,-1.18959,-1.25116,-1.76658,-1.27825,-1.34185,-1.36118,-1.47841
-1.47902,-1.32289,0.13274,-1.61526,-1.35651,-1.37490,-1.24319,-1.19880,-1.44145,-1.21078,-1.33127,-1.26674,-1.19002
-1.46001,-1.40652,0.15592,-1.61758,-1.58354,-1.44762,-1.20715,-1.21876,-1.40997,-1.26191,-1.44040,-1.29421,-1.58409
-1.41012,-1.35900,0.18023,-1.52547,-1.50679,-1.47094,-1.16744,-1.15987,-1.23789,-1.10756,-1.40597,-1.37807,-1.63003
-1.32972,-1.27671,0.12911,-1.52984,-1.38504,-1.39578,-1.14437,-1.18595,-1.15836,-1.21336,-1.19010,-1.34819,-1.21616
-1.21939,-1.12354,0.11867,-1.26417,-1.10726,-1.26917,-1.06586,-1.12194,-1.17972,-1.25948,-0.92926,-0.99655,-1.04199
-1.08096,-1.08436,0.12071,-1.24731,-0.95713,-1.08867,-1.08227,-1.11447,-1.15338,-1.28074,-0.90627,-0.99316,-1.02023
-0.92139,-0.89550,0.14223,-1.15785,-0.84586,-0.93222,-0.89381,-0.90016,-0.84925,-1.06605,-0.65950,-0.74586,-0.90446
-0.74388,-0.70820,0.15728,-1.04677,-0.49114,-0.69190,-0.67013,-0.60281,-0.65787,-0.90940,-0.67905,-0.64742,-0.68552
-0.55234,-0.40506,0.15160,-0.69356,-0.23427,-0.58961,-0.54488,-0.30754,-0.31776,-0.26916,-0.36941,-0.35020,-0.37425
-0.35453,-0.31717,0.16167,-0.55605,-0.15833,-0.43831,-0.44410,-0.38617,-0.06465,-0.09201,-0.33040,-0.36667,-0.33501
-0.15798,-0.17807,0.16419,-0.45893,-0.17975,-0.31005,-0.25873,-0.22819,0.05116,0.04772,-0.25936,-0.17122,-0.01337
0.03304,-0.03590,0.22216,-0.20446,-0.05273,-0.50320,-0.09104,0.04806,0.19594,0.28621,-0.04697,-0.10973,0.11896
0.21492,0.28880,0.18878,0.03873,0.44677,-0.04120,0.35717,0.48558,0.28770,0.53690,0.36283,0.19119,0.22237
0.38133,0.42567,0.09382,0.19999,0.44991,0.36225,0.44267,0.41484,0.45878,0.54143,0.40913,0.47262,0.50507
0.52491,0.54347,0.15990,0.28701,0.51601,0.63153,0.90652,0.51383,0.50053,0.59315,0.47620,0.58030,0.42966
0.64346,0.65892,0.13625,0.40085,0.62442,0.70271,0.87568,0.76486,0.69305,0.67021,0.47442,0.72060,0.66243
0.73256,0.52954,0.21874,0.12134,0.54830,0.77169,0.72709,0.71199,0.20360,0.60562,0.47919,0.65237,0.47417
0.78942,0.54880,0.18946,0.22976,0.63103,0.83003,0.78062,0.51172,0.31384,0.43392,0.52427,0.64917,0.58367
0.81306,0.56051,0.12546,0.40237,0.64439,0.81482,0.53343,0.51312,0.42886,0.54478,0.48941,0.69745,0.53644
0.80526,0.72902,0.16241,0.46651,0.81949,0.80529,0.95394,0.56029,0.73412,0.69518,0.53308,0.83938,0.88290
0.76666,0.68694,0.12383,0.51585,0.71287,0.81890,0.75241,0.52540,0.69643,0.66718,0.53539,0.81582,0.82911
0.69757,0.66283,0.12815,0.51605,0.68460,0.74187,0.54018,0.59714,0.67359,0.61985,0.53566,0.81208,0.90730
0.59989,0.49145,0.12974,0.42775,0.69742,0.49714,0.24162,0.45468,0.47344,0.55522,0.47233,0.67032,0.42461
0.47657,0.35927,0.08103,0.38072,0.47769,0.43195,0.32495,0.43555,0.24508,0.39474,0.35940,0.30714,0.23551
0.33199,0.22521,0.05119,0.28324,0.19447,0.31066,0.12551,0.21892,0.20001,0.24243,0.22374,0.24943,0.20365
0.17043,0.04317,0.07953,0.08723,0.06163,0.16866,0.03495,-0.07239,0.02683,0.04279,0.11850,-0.09564,0.05912
-0.00219,-0.09811,0.09996,-0.03669,-0.01747,0.04457,-0.03462,-0.18672,-0.24127,-0.02036,-0.08989,-0.21197,-0.18665
-0.18430,-0.23687,0.05390,-0.21415,-0.17276,-0.25786,-0.22484,-0.23603,-0.29648,-0.29674,-0.13784,-0.29984,-0.23213
-0.37071,-0.38536,0.09541,-0.20906,-0.36690,-0.36854,-0.47388,-0.48270,-0.38841,-0.49425,-0.27034,-0.46056,-0.33897
-0.55278,-0.67838,0.07205,-0.63911,-0.67576,-0.80659,-0.59951,-0.73745,-0.73478,-0.63199,-0.56603,-0.71099,-0.68158
-0.72583,-0.77673,0.09540,-0.60885,-0.74563,-0.92707,-0.79347,-0.78182,-0.86211,-0.86727,-0.74844,-0.77234,-0.66034
-0.88806,-0.91543,0.10228,-0.90148,-0.98368,-1.06424,-0.90579,-0.87911,-1.09708,-0.84099,-0.78203,-0.82954,-0.87041
-1.03347,-1.13104,0.05348,-1.15863,-1.08093,-1.11817,-1.09672,-1.11027,-1.25505,-1.10676,-1.11791,-1.08527,-1.18065
-1.15391,-1.10048,0.10120,-1.25157,-1.11319,-1.03010,-1.12416,-1.02820,-1.29161,-1.02867,-0.97726,-1.09923,-1.06081
-1.24892,-1.10184,0.12466,-1.29454,-1.03609,-0.98020,-1.19350,-0.91489,-1.15432,-1.11039,-1.03018,-1.26883,-1.03548
-1.31495,-1.36647,0.22433,-1.62702,-1.30296,-1.50555,-1.03692,-1.12157,-1.78176,-1.27875,-1.36582,-1.25510,-1.38922
-1.34957,-0.85112,0.27749,-1.34172,-0.67423,-1.37812,-0.64087,-0.70810,-0.85831,-0.73309,-0.70718,-0.64300,-0.82659
-1.35123,-0.53623,0.38618,-0.75581,-0.64278,-0.47085,-0.06480,-1.29531,-0.96346,-0.09831,-0.43342,-0.33381,-0.30372
-1.32116,-0.52954,0.38701,-0.25181,-0.22507,-0.94015,0.02710,-1.30645,-0.61959,-0.62113,-0.55259,-0.24956,-0.55613
-1.26066,-1.61899,0.24265,-1.55493,-1.77913,-1.63453,-1.28144,-1.62162,-1.37636,-1.54942,-1.63176,-1.57584,-2.18490
-1.17300,-1.39435,0.14747,-1.52221,-1.58332,-1.44370,-1.25581,-1.27796,-1.30473,-1.25608,-1.20749,-1.55989,-1.53227
-0.90854,-1.24762,0.13989,-1.31373,-1.42379,-1.47954,-1.14490,-1.23144,-1.31668,-1.13635,-1.01149,-1.21999,-1.19824
-0.86961,-1.13816,0.12181,-1.15893,-1.13387,-1.21687,-1.12391,-1.14410,-1.32225,-1.13933,-0.84376,-1.09518,-1.20339
-0.81827,-1.03410,0.15022,-1.07475,-1.19371,-0.98208,-0.93807,-1.12572,-1.18838,-1.03166,-0.73243,-0.89426,-1.17996
-0.76421,-0.94578,0.20784,-0.97390,-1.26031,-0.85911,-0.75736,-0.70942,-0.90154,-1.25443,-0.79336,-0.78962,-1.15876
-0.65142,-0.68529,0.11746,-0.86605,-0.61551,-0.61608,-0.61283,-0.45579,-0.72707,-0.81435,-0.72068,-0.67484,-0.74974
-0.45682,-0.49347,0.14819,-0.78899,-0.43874,-0.53695,-0.42811,-0.25603,-0.59178,-0.40228,-0.42661,-0.43447,-0.63071
-0.26107,-0.31415,0.11503,-0.47131,-0.44647,-0.34778,-0.29570,-0.19224,-0.29242,-0.12506,-0.25863,-0.26174,-0.45013
-0.07251,-0.02226,0.12641,-0.13880,-0.08475,0.06363,-0.04179,0.01866,0.00632,0.28297,-0.10600,-0.11276,-0.11006
0.11039,0.16700,0.12286,0.04996,0.26587,0.19123,0.04299,0.28788,0.14933,0.36385,0.20681,0.14699,-0.03488
0.27979,0.27187,0.10917,0.11303,0.35460,0.32143,0.29606,0.31298,0.18118,0.46654,0.30768,0.24227,0.12292
0.43351,0.41376,0.10170,0.25125,0.52240,0.37616,0.46144,0.42982,0.34482,0.55767,0.48439,0.43712,0.27259
0.56551,0.64811,0.13336,0.42084,0.67475,0.72569,0.87266,0.51221,0.73548,0.66323,0.50566,0.65479,0.71580
0.66818,0.70233,0.15450,0.39687,0.70132,0.84040,0.93079,0.57875,0.74600,0.67628,0.58132,0.74190,0.82964
0.73936,0.79879,0.15110,0.50383,0.75071,0.93908,1.00892,0.74871,0.85896,0.83184,0.61764,0.82073,0.90746
0.77909,0.81305,0.14556,0.57623,0.80267,0.91610,0.85249,0.75818,0.99740,0.84599,0.56181,0.87510,0.94451
0.78594,0.69307,0.13423,0.44926,0.68647,0.88400,0.73985,0.58706,0.80715,0.71409,0.53549,0.81125,0.71607
0.76099,0.72361,0.16179,0.41437,0.76380,0.86675,0.85388,0.54851,0.80270,0.76209,0.53987,0.82410,0.86007
0.70503,0.67020,0.13075,0.48173,0.70012,0.89541,0.56900,0.56718,0.64926,0.70341,0.55445,0.76012,0.82133
0.61890,0.61691,0.07428,0.60049,0.68178,0.69740,0.55886,0.51708,0.54727,0.67434,0.52537,0.68702,0.67950
0.50637,0.39705,0.14913,0.46269,0.66792,0.31346,0.28458,0.30888,0.40087,0.40270,0.36886,0.59665,0.16386
0.37140,0.29007,0.07379,0.33996,0.41490,0.31138,0.22858,0.26815,0.20858,0.38107,0.26842,0.29358,0.18609
0.21698,0.16548,0.09172,0.18784,0.37115,0.21986,0.08270,0.09314,0.18371,0.10624,0.21798,0.06746,0.12472
0.04856,-0.01656,0.10764,-0.04462,0.17822,0.11273,-0.03318,-0.13035,-0.04093,-0.08343,0.09055,-0.14339,-0.07120
-0.12902,-0.21570,0.07194,-0.07668,-0.22575,-0.21940,-0.25804,-0.20494,-0.20033,-0.33505,-0.12952,-0.26849,-0.23875
-0.31236,-0.33420,0.10790,-0.18083,-0.35091,-0.30895,-0.40464,-0.29814,-0.35358,-0.55262,-0.20277,-0.40995,-0.27956
-0.49642,-0.49289,0.10973,-0.37869,-0.41596,-0.61832,-0.53710,-0.47433,-0.48691,-0.63415,-0.29940,-0.60955,-0.47452
-0.67568,-0.67439,0.08606,-0.49892,-0.62133,-0.71696,-0.72638,-0.77382,-0.72962,-0.72345,-0.59137,-0.73679,-0.62522
-0.84319,-0.79679,0.11157,-0.67252,-0.75626,-0.93200,-0.92508,-0.83337,-0.89880,-0.80088,-0.78613,-0.78562,-0.57725
-0.99503,-1.04434,0.13965,-1.04092,-0.99749,-1.06078,-1.07748,-0.92823,-1.41189,-0.95197,-1.01772,-1.03058,-0.92631
-1.12724,-1.13547,0.18920,-1.06644,-1.17154,-1.20441,-1.09972,-0.92060,-1.62141,-1.00352,-1.05371,-1.13850,-1.07488
-1.23309,-1.21198,0.18598,-1.24803,-1.16131,-1.25709,-1.12171,-1.03750,-1.68906,-1.06766,-1.07925,-1.22002,-1.23816
-1.30869,-1.24678,0.18650,-1.31562,-1.31410,-1.37776,-1.14703,-1.01602,-1.67488,-1.12751,-1.10550,-1.21083,-1.17858
-1.35366,-1.23294,0.14036,-1.30043,-1.31060,-1.20674,-1.15108,-1.05563,-1.54292,-1.08649,-1.27789,-1.25368,-1.14395
-1.36656,-1.19148,0.14795,-1.38108,-1.35579,-1.29028,-1.15116,-1.00732,-1.33951,-0.95032,-1.18789,-1.12165,-1.12976
-1.34671,-1.25264,0.13672,-1.41670,-1.23230,-1.40858,-1.14704,-1.05380,-1.35064,-1.04754,-1.22506,-1.27922,-1.36557
-1.29565,-1.16692,0.13255,-1.27939,-1.04630,-1.39974,-1.10872,-0.95747,-1.17949,-1.08220,-1.14696,-1.31386,-1.15505
-1.21432,-1.03216,0.13298,-0.97845,-1.05136,-1.29834,-1.03856,-0.96197,-1.10823,-0.82007,-0.90216,-1.14285,-1.01960
-1.10554,-1.00299,0.10568,-1.01945,-0.87029,-1.21343,-0.96977,-0.95223,-1.13514,-0.94032,-0.90192,-0.97601,-1.05134
-0.97422,-0.88394,0.10912,-0.98446,-0.77136,-0.96002,-0.72945,-0.84060,-0.98743,-1.04028,-0.76177,-0.84475,-0.91923
-0.82463,-0.74502,0.10627,-0.89870,-0.71847,-0.85689,-0.64438,-0.57062,-0.83152,-0.81680,-0.65138,-0.69576,-0.76565
-0.65884,-0.56841,0.10578,-0.69271,-0.50947,-0.46178,-0.56703,-0.35362,-0.65722,-0.61032,-0.55760,-0.58688,-0.68745
-0.48297,-0.35486,0.11631,-0.42939,-0.36709,-0.14175,-0.43243,-0.21743,-0.41974,-0.35443,-0.36725,-0.27656,-0.54257
-0.30276,-0.16538,0.11415,-0.25174,-0.19167,-0.01339,-0.13893,0.00479,-0.10259,-0.14583,-0.26993,-0.17666,-0.36783
-0.12044,-0.08977,0.10786,-0.27891,-0.03745,-0.03443,-0.06589,0.12273,-0.06864,-0.05462,-0.17850,-0.13785,-0.16412
0.05928,0.16665,0.16407,-0.03396,0.34785,0.26816,0.02626,0.37438,0.19841,0.19592,0.31618,-0.07246,0.04573
0.22593,0.25768,0.12322,0.14249,0.47585,0.30106,0.07588,0.39445,0.22562,0.29232,0.32731,0.17311,0.16872
0.37466,0.27783,0.09347,0.20138,0.44865,0.35368,0.29345,0.22816,0.25013,0.16530,0.38263,0.28062,0.17427
0.50138,0.67444,0.13204,0.51455,0.68585,0.77336,0.70377,0.63354,0.77184,0.48851,0.52046,0.87635,0.77621
0.60347,0.61555,0.12950,0.44902,0.54788,0.72972,0.48914,0.71162,0.65972,0.65814,0.48797,0.85617,0.56611
0.67589,0.50557,0.16575,0.50544,0.57437,0.60674,0.66515,0.09056,0.53916,0.60928,0.48995,0.38308,0.59195
0.71714,0.57278,0.23599,0.42872,0.54439,0.40488,0.78573,0.14769,0.63837,0.56117,0.44726,0.95730,0.81232
0.72663,0.97211,0.31009,0.71620,1.09306,0.88270,1.51188,0.61846,1.04757,0.82328,0.54359,1.28432,1.20002
0.70485,1.17417,0.23014,1.24039,1.29200,1.18910,1.53832,0.79310,1.21226,0.83711,1.01252,1.32736,1.29950
0.65309,0.95427,0.25285,1.20363,1.27171,1.08981,1.11148,0.39325,0.75755,0.84574,0.90967,0.95927,1.00058
0.57313,0.74964,0.23003,0.72340,0.95582,0.99082,0.98468,0.50265,0.52763,0.60627,0.42645,1.03982,0.73887
0.46792,0.55501,0.28088,0.46177,0.59640,0.98011,0.73264,0.39152,0.33078,0.55756,0.27821,1.01527,0.20587
0.43662,0.23603,0.22727,0.07979,0.25141,0.43700,0.15802,0.06188,0.11630,0.10132,0.23631,0.79926,0.11903
0.18771,0.13854,0.09417,0.15019,0.18957,0.34293,0.07335,0.01388,0.07544,0.08165,0.20280,0.17213,0.08343
-0.07381,-0.26064,0.13663,-0.36135,-0.31865,-0.07698,-0.08834,-0.27886,-0.11963,-0.32309,-0.17511,-0.41218,-0.45216
-0.34123,-0.30385,0.39397,-0.56598,-0.67430,-0.07634,-0.46919,-0.69604,0.63154,-0.32508,-0.05877,-0.44222,-0.36217
-0.60736,-0.75766,0.17434,-0.82443,-0.87681,-0.90261,-0.71919,-0.75070,-0.45624,-0.97425,-0.46238,-0.84326,-0.76669
-0.67860,-0.85287,0.14931,-0.79104,-0.90044,-1.06855,-0.94774,-0.78018,-0.82665,-0.95726,-0.54529,-0.73840,-0.97310
-1.00915,-1.12331,0.18185,-1.09094,-1.30246,-1.23302,-1.20104,-1.03023,-1.05423,-1.43307,-0.90252,-0.82820,-1.15743
-1.32673,-1.30624,0.19777,-1.13605,-1.69769,-1.35199,-1.24893,-1.09977,-1.33200,-1.44630,-1.02507,-1.45230,-1.27235
-1.61831,-1.46797,0.31860,-1.26099,-2.24791,-1.45935,-1.38798,-1.17974,-1.48929,-1.63699,-1.20054,-1.58905,-1.22781
-1.87854,-1.82349,0.37009,-1.67666,-2.64527,-2.07191,-1.81475,-1.46248,-2.00138,-1.81022,-1.42949,-1.88949,-1.43323
-2.11230,-2.08858,0.40101,-1.92941,-3.05644,-2.31687,-2.13076,-1.74857,-2.26869,-1.94227,-1.87627,-1.98091,-1.63560
-2.31923,-2.24908,0.44709,-2.17733,-3.33171,-2.49817,-2.49947,-1.88255,-2.23560,-1.94924,-2.13201,-1.93932,-1.84545
-2.29234,-2.41558,0.49859,-2.19779,-3.61115,-2.72926,-2.55040,-2.05920,-2.40451,-2.01743,-2.53583,-1.88559,-2.16467
-2.54378,-2.57944,0.51595,-2.19354,-3.90403,-2.81540,-2.56705,-2.30770,-2.52049,-2.13578,-2.68434,-2.21065,-2.45541
-2.76947,-2.70709,0.42037,-2.22332,-3.67403,-2.95852,-2.81907,-2.69041,-2.53841,-2.16471,-2.77702,-2.60988,-2.61553
-2.96830,-2.85159,0.35299,-2.38172,-3.35662,-3.27132,-2.97397,-3.25794,-2.65022,-2.42658,-2.81537,-2.77848,-2.60369
-3.13935,-2.88652,0.36101,-2.53653,-3.25293,-3.51102,-3.19097,-3.13441,-2.69055,-2.42296,-2.67649,-2.83016,-2.61915
-3.28183,-3.00406,0.32862,-2.66203,-3.22399,-3.66168,-3.19446,-3.03027,-2.90737,-2.47877,-2.78533,-3.05592,-3.04081
-3.39509,-3.13097,0.38172,-2.58654,-3.57365,-3.72048,-3.35781,-3.06818,-3.06264,-2.59416,-2.86313,-3.12520,-3.35794
-3.24692,-3.29890,0.41401,-3.03419,-3.76086,-4.15192,-3.38821,-3.09036,-3.32926,-2.71755,-2.94735,-3.19201,-3.37729
-3.41048,-3.40027,0.37449,-3.28424,-3.80035,-4.22061,-3.42943,-3.04366,-3.41377,-2.96710,-3.09679,-3.42970,-3.31709
-3.54554,-3.44723,0.39271,-3.22264,-4.04212,-4.19942,-3.52716,-2.98933,-3.52268,-3.15316,-3.16721,-3.34682,-3.30180
-3.65150,-3.40028,0.39827,-3.25503,-3.48128,-4.35386,-3.61286,-2.83610,-3.39480,-3.19650,-3.33056,-3.42462,-3.11719
-3.72793,-3.41856,0.37893,-3.34741,-3.41557,-4.35074,-3.69302,-2.98515,-3.48515,-3.18731,-3.24477,-3.26962,-3.20685
-3.77449,-3.37233,0.43953,-3.26187,-3.19054,-4.47484,-3.73685,-3.07127,-3.23468,-2.99316,-3.23522,-3.10641,-3.41841
-3.79107,-3.40631,0.40118,-3.17687,-3.64089,-4.39536,-3.52918,-3.20512,-3.43799,-3.07039,-3.05220,-3.14599,-3.40908
-3.52265,-3.53748,0.41673,-3.29040,-3.61591,-4.49111,-3.37260,-3.68091,-3.75815,-3.07722,-3.09422,-3.29927,-3.69503
-3.59247,-3.56131,0.42402,-3.42051,-3.69635,-4.54620,-3.46299,-3.70414,-3.76836,-3.05046,-3.19124,-3.18889,-3.58400
-3.63261,-3.54712,0.44214,-3.13744,-3.86345,-4.47334,-3.34134,-3.58383,-3.97363,-3.04362,-3.35519,-3.20878,-3.49061
-3.64295,-3.42467,0.44828,-2.86929,-3.85317,-4.32361,-3.07871,-3.42273,-3.79701,-3.04086,-3.23416,-3.16901,-3.45813
-3.62355,-3.41334,0.51782,-2.95222,-4.24493,-4.30988,-2.99208,-3.48874,-3.71088,-2.99478,-3.22364,-2.97366,-3.24256
-3.57456,-3.35422,0.48176,-3.18905,-3.92171,-4.28774,-2.88330,-3.65432,-3.51710,-2.94259,-3.19286,-2.81975,-3.13378
-3.49632,-3.34180,0.51894,-3.48100,-3.75452,-4.09467,-2.74197,-4.01176,-3.56561,-2.94123,-3.27034,-2.71479,-2.84210
-3.12217,-3.05802,0.43827,-3.07804,-3.15498,-3.54431,-2.65543,-3.68524,-3.30628,-2.54131,-3.43997,-2.65557,-2.51902
-3.09724,-3.12642,0.46723,-3.13257,-2.84686,-3.55919,-2.70767,-4.01194,-3.28273,-2.59058,-3.53193,-2.64044,-2.96030
-3.04297,-2.91737,0.31307,-2.82000,-2.70966,-3.28928,-2.70912,-3.51188,-2.75379,-2.76025,-3.26251,-2.60859,-2.74860
-2.95969,-2.83857,0.33632,-2.75685,-2.85318,-3.35065,-2.62364,-3.36301,-2.44805,-2.85075,-3.10290,-2.51723,-2.51942
-2.84792,-2.57117,0.29152,-2.46399,-2.79262,-3.09159,-2.34719,-2.92690,-2.36743,-2.38467,-2.64786,-2.15492,-2.53452
-2.70824,-2.24735,0.27309,-2.15936,-2.16082,-2.53149,-1.75569,-2.47033,-2.34480,-2.06467,-2.58401,-1.95286,-2.44945
-2.54146,-2.05225,0.29499,-1.98262,-1.72119,-2.30325,-1.67248,-2.08790,-2.20877,-1.87972,-2.67476,-1.91806,-2.07377
-2.34843,-1.93805,0.26207,-2.02713,-1.59789,-2.19533,-1.73585,-1.86471,-1.96956,-1.83117,-2.45875,-1.64636,-2.05372
-1.97353,-1.88846,0.19577,-2.08206,-1.82678,-2.03309,-1.67355,-1.69714,-1.95799,-1.70056,-2.02159,-1.68566,-2.20618
-1.82977,-1.58742,0.18153,-1.67279,-1.39398,-1.69908,-1.31176,-1.65058,-1.60412,-1.45278,-1.43541,-1.78648,-1.86724
-1.65917,-1.12982,0.11467,-1.06723,-0.97687,-1.41222,-1.10860,-1.17925,-1.10916,-1.14152,-1.09150,-1.15699,-1.05488
-1.46264,-0.78359,0.10993,-0.76230,-0.56488,-0.92408,-0.79139,-0.91200,-0.82484,-0.70672,-0.71638,-0.74645,-0.88688
-1.24116,-0.67183,0.09125,-0.67035,-0.50926,-0.83073,-0.63906,-0.71074,-0.60981,-0.79505,-0.63736,-0.66362,-0.65232
-0.99654,-0.53790,0.10219,-0.54042,-0.44149,-0.56462,-0.47255,-0.71652,-0.56192,-0.61818,-0.55742,-0.33903,-0.56682
-0.73440,-0.15070,0.09788,-0.20149,-0.11255,-0.12024,-0.23488,-0.19967,-0.13120,-0.24138,-0.23689,-0.11064,0.08198
-0.34071,0.14083,0.12692,0.01328,0.30361,0.16564,0.13409,0.29019,0.17455,0.14519,-0.13735,0.15952,0.15957
-0.16913,0.31842,0.12407,0.20326,0.53191,0.35322,0.35936,0.36144,0.23268,0.42891,0.13704,0.38989,0.18652
-0.00273,0.38399,0.12216,0.23606,0.57694,0.37475,0.49952,0.44645,0.27849,0.39282,0.31798,0.50165,0.21530
0.15618,0.43923,0.13539,0.12318,0.56090,0.41433,0.53414,0.45424,0.49652,0.51086,0.41585,0.56656,0.31575
0.29967,0.30865,0.18414,0.04830,0.49947,0.34242,0.63915,0.33339,0.16021,0.41143,0.33142,0.24071,0.08002
0.56036,0.35915,0.18635,0.13585,0.64995,0.38114,0.52615,0.40667,0.20516,0.53426,0.31974,0.37551,0.05703
0.55162,0.37973,0.11310,0.24610,0.51567,0.48788,0.42352,0.39077,0.26691,0.43665,0.38003,0.47164,0.17813
0.51258,0.35035,0.12170,0.21383,0.55253,0.41236,0.33603,0.36201,0.21576,0.46093,0.38551,0.40218,0.16236
0.45019,0.39207,0.13712,0.38529,0.60533,0.34279,0.38706,0.27700,0.27592,0.50194,0.39327,0.57844,0.17368
0.36738,0.27676,0.10662,0.36006,0.37476,0.25157,0.27041,0.14177,0.21046,0.27689,0.29144,0.47058,0.11962
0.26532,0.17963,0.09331,0.06834,0.30197,0.29116,0.08129,0.11249,0.17292,0.09732,0.23165,0.29596,0.14320
0.14712,0.11959,0.07467,0.04198,0.18996,0.22746,0.04551,0.08525,0.12035,0.00080,0.18236,0.17180,0.13049
0.01708,0.00387,0.10287,0.05262,0.13963,0.12858,0.02211,-0.14660,-0.01151,-0.13853,0.09481,-0.07409,-0.02833
-0.12215,-0.05336,0.10962,0.00712,0.16046,-0.00400,-0.07213,-0.17507,-0.12467,-0.12621,0.07488,-0.14998,-0.12400
-0.26697,-0.31024,0.10666,-0.23724,-0.25182,-0.22902,-0.34428,-0.24734,-0.46219,-0.40259,-0.20311,-0.23318,-0.49161
-0.41323,-0.41431,0.10632,-0.26232,-0.41163,-0.28153,-0.47514,-0.40039,-0.48081,-0.57718,-0.29475,-0.43897,-0.52037
-0.55571,-0.54055,0.11383,-0.31131,-0.49374,-0.54847,-0.55425,-0.63384,-0.61909,-0.65778,-0.38188,-0.59391,-0.61117
-0.69025,-0.66215,0.09154,-0.47215,-0.60220,-0.74413,-0.63887,-0.73150,-0.75424,-0.69007,-0.56871,-0.68630,-0.73335
-0.81399,-0.80921,0.07608,-0.74540,-0.73408,-0.87811,-0.73389,-0.81064,-0.96079,-0.79043,-0.78612,-0.76505,-0.88760
-0.92185,-0.91634,0.10403,-0.89743,-0.85328,-1.10521,-0.90271,-0.84767,-1.05689,-0.90174,-0.81133,-0.79243,-0.99471
-1.01032,-0.99940,0.11842,-0.97986,-0.92360,-1.17363,-1.00933,-0.87851,-1.16466,-0.96976,-0.90908,-0.85388,-1.13168
-1.07683,-1.07036,0.12631,-1.12563,-1.00002,-1.29829,-1.05903,-0.92423,-1.20912,-0.98195,-0.96415,-0.96148,-1.17967
-1.11996,-1.14735,0.13974,-1.10042,-1.12749,-1.35776,-1.09049,-1.00975,-1.33792,-1.13320,-1.04732,-0.96157,-1.30755
-1.13793,-1.19814,0.13007,-1.15298,-1.28290,-1.39278,-1.09270,-1.07691,-1.32668,-1.13081,-1.20959,-0.99229,-1.32374
-1.13034,-1.12258,0.12479,-1.02110,-1.20509,-1.40392,-1.05001,-1.05328,-1.10391,-1.06676,-1.17480,-0.96667,-1.18030
-1.09781,-1.04869,0.09399,-0.98967,-1.12350,-1.22616,-0.96390,-0.95175,-1.08136,-1.13269,-0.99519,-0.94588,-1.07679
-1.04144,-0.95376,0.10315,-0.84034,-0.93819,-1.12665,-0.95244,-0.96256,-0.97126,-1.09085,-0.81404,-0.84357,-0.99768
-0.96350,-0.94967,0.09845,-0.99150,-0.88196,-1.03181,-0.91712,-1.09238,-1.02214,-0.95801,-0.78803,-0.81302,-1.00073
-0.86653,-0.82794,0.09939,-0.93143,-0.67003,-0.85105,-0.80160,-0.88520,-0.86502,-0.97535,-0.69531,-0.74421,-0.86021
-0.75342,-0.73124,0.09977,-0.79896,-0.59251,-0.78238,-0.75865,-0.70666,-0.72740,-0.93590,-0.62712,-0.63721,-0.74561
-0.62668,-0.58799,0.06466,-0.58503,-0.51756,-0.62416,-0.57502,-0.59690,-0.58662,-0.72805,-0.56527,-0.48669,-0.61462
-0.48984,-0.35805,0.09845,-0.45422,-0.22801,-0.31989,-0.36462,-0.33543,-0.45855,-0.31422,-0.49087,-0.19721,-0.41751
-0.34789,-0.21829,0.14796,-0.46842,-0.07490,-0.19171,-0.29877,-0.20227,-0.26591,0.05819,-0.34302,-0.12261,-0.27352
-0.20492,-0.16932,0.11311,-0.36292,-0.21413,-0.13938,-0.26427,-0.13781,-0.10963,0.06572,-0.23615,-0.13152,-0.16311
-0.06383,-0.00275,0.10089,-0.11682,-0.05616,0.13711,-0.09820,0.06825,0.09961,0.04333,-0.14452,-0.04445,0.08433
0.07199,0.05063,0.10786,-0.13809,-0.11601,0.14170,-0.00773,0.12022,0.12928,0.16564,0.06578,0.02719,0.11830
0.19627,0.22136,0.08809,0.03642,0.14815,0.28265,0.30505,0.27937,0.20166,0.33284,0.23980,0.22099,0.16663
0.30449,0.28351,0.08453,0.12702,0.41134,0.29568,0.35683,0.26314,0.21428,0.33594,0.26714,0.35159,0.21213
0.39524,0.45754,0.12637,0.16460,0.54497,0.47918,0.58305,0.45911,0.48711,0.48000,0.41766,0.60249,0.35725
0.46544,0.38187,0.13365,0.11249,0.48204,0.49719,0.44148,0.44203,0.26824,0.44005,0.35004,0.53428,0.25087
0.51102,0.35852,0.13910,0.15136,0.48654,0.37101,0.38449,0.43289,0.22382,0.32702,0.38527,0.61513,0.20763
0.53132,0.39387,0.13542,0.27996,0.62760,0.36753,0.40905,0.42352,0.21764,0.46838,0.37688,0.55515,0.21297
0.52586,0.42977,0.13442,0.41248,0.58132,0.55711,0.35621,0.44817,0.25774,0.42082,0.39971,0.64039,0.22374
0.49465,0.36856,0.10307,0.31425,0.54003,0.40219,0.28526,0.42400,0.23109,0.39486,0.33832,0.50317,0.25242
0.43918,0.32550,0.11906,0.19507,0.44262,0.36275,0.23140,0.33958,0.23234,0.32067,0.37924,0.56245,0.18884
0.36067,0.23447,0.11475,0.07736,0.41792,0.29822,0.20916,0.20523,0.21129,0.09540,0.30432,0.38169,0.14411
0.26135,0.13601,0.08137,0.00178,0.27907,0.16061,0.09640,0.10863,0.15512,0.05980,0.24484,0.12818,0.12570
0.14561,-0.01671,0.10600,-0.05316,-0.02772,0.08278,0.01364,0.01798,-0.21850,-0.12353,0.17101,-0.02653,-0.00312
0.01721,-0.16138,0.11850,-0.07384,-0.12161,0.01891,-0.22471,-0.19272,-0.34964,-0.30325,-0.00872,-0.18741,-0.17082
-0.12205,-0.27329,0.09319,-0.16479,-0.23642,-0.21998,-0.36490,-0.22210,-0.43154,-0.37616,-0.17179,-0.22140,-0.32385
-0.26860,-0.37203,0.08395,-0.27875,-0.34079,-0.36817,-0.41893,-0.28641,-0.46848,-0.46963,-0.29073,-0.30621,-0.49220
-0.41589,-0.47053,0.10251,-0.29463,-0.41450,-0.43954,-0.53160,-0.44037,-0.55809,-0.60965,-0.33918,-0.51350,-0.56421
-0.56109,-0.61491,0.08285,-0.43093,-0.64835,-0.68773,-0.59557,-0.67247,-0.61399,-0.70089,-0.51966,-0.63199,-0.64751
-0.70050,-0.70580,0.09120,-0.57091,-0.65141,-0.83586,-0.62260,-0.71180,-0.82402,-0.76950,-0.62213,-0.67973,-0.77000
-0.82907,-0.79669,0.07733,-0.73911,-0.74550,-0.95589,-0.73742,-0.80719,-0.87627,-0.85584,-0.71237,-0.75437,-0.78297
-0.93893,-0.82815,0.06728,-0.81571,-0.80602,-0.95949,-0.84535,-0.83099,-0.86765,-0.89223,-0.73783,-0.75177,-0.77443
-1.02812,-0.82977,0.07702,-0.75012,-0.79040,-0.98066,-0.90965,-0.82206,-0.82699,-0.90484,-0.75956,-0.77020,-0.78326
-1.09379,-0.92626,0.09472,-0.84624,-0.90419,-1.01003,-0.98934,-0.84424,-1.10018,-1.00001,-0.85994,-0.80096,-0.90746
-1.04998,-1.01083,0.11240,-0.93824,-0.95819,-1.14836,-1.05380,-0.90078,-1.21496,-1.07895,-0.93354,-0.86765,-1.01379
-1.14022,-1.02222,0.11196,-0.99956,-0.93343,-1.20473,-1.05738,-0.91490,-1.18079,-1.08691,-0.94090,-0.87279,-1.03084
-1.20569,-0.99873,0.11451,-0.94636,-0.96097,-1.14003,-1.03589,-0.90328,-1.14621,-1.14497,-0.91443,-0.81793,-0.97718
-1.24260,-0.98982,0.11958,-0.91984,-0.99252,-1.08724,-1.03733,-0.86059,-1.12539,-1.17873,-0.90173,-0.80673,-0.98808
-1.24911,-0.99353,0.11166,-0.91761,-1.03743,-1.09259,-1.04392,-0.87889,-1.14198,-1.11416,-0.92016,-0.80113,-0.98745
-1.13617,-1.02561,0.13414,-1.00406,-0.96870,-1.26107,-1.04644,-0.91479,-1.22902,-1.01490,-0.92662,-0.83152,-1.05901
-1.16271,-0.92383,0.12906,-0.91630,-0.90564,-1.22056,-0.89443,-0.78672,-1.03412,-0.94368,-0.81945,-0.78842,-0.92897
-1.16520,-0.85626,0.11652,-0.84334,-0.86434,-1.14408,-0.87889,-0.76399,-0.89322,-0.81077,-0.70716,-0.79055,-0.86625
-1.14067,-0.83737,0.09240,-0.79509,-0.86165,-1.04805,-0.81617,-0.73033,-0.89389,-0.80761,-0.73332,-0.80390,-0.88372
-1.09034,-0.83848,0.09654,-0.76662,-0.85753,-1.06456,-0.74324,-0.79671,-0.89292,-0.84211,-0.73162,-0.81354,-0.87596
-0.92198,-0.86103,0.12618,-0.85328,-0.78956,-1.15720,-0.76152,-0.77491,-0.95005,-0.89171,-0.70893,-0.88488,-0.83827
-0.90278,-0.80140,0.15867,-0.94832,-0.67469,-1.10628,-0.63174,-0.78337,-0.87973,-0.89200,-0.60299,-0.80810,-0.68680
-0.86835,-0.59854,0.12414,-0.58628,-0.43205,-0.77217,-0.53213,-0.50973,-0.76186,-0.62484,-0.43560,-0.71798,-0.61277
-0.81672,-0.56842,0.12454,-0.49950,-0.44235,-0.78106,-0.46941,-0.53338,-0.70381,-0.55380,-0.39763,-0.67540,-0.62790
-0.74842,-0.56271,0.14751,-0.50235,-0.39504,-0.75093,-0.39409,-0.63709,-0.68661,-0.58268,-0.33596,-0.71586,-0.62649
-0.57587,-0.52688,0.13208,-0.45896,-0.34472,-0.61017,-0.39715,-0.61144,-0.63982,-0.65003,-0.33939,-0.68563,-0.53144
-0.56083,-0.57613,0.10270,-0.53571,-0.53365,-0.62030,-0.53820,-0.56726,-0.65054,-0.70416,-0.36056,-0.71135,-0.53955
-0.54024,-0.41507,0.10490,-0.40746,-0.47687,-0.44040,-0.34130,-0.26665,-0.51911,-0.48949,-0.24678,-0.56371,-0.39897
-0.51183,-0.43883,0.09438,-0.39157,-0.47862,-0.42938,-0.33607,-0.37135,-0.54240,-0.49490,-0.27759,-0.57481,-0.49160
-0.47630,-0.44254,0.11984,-0.25673,-0.45382,-0.34132,-0.31829,-0.51495,-0.57403,-0.56589,-0.32692,-0.54247,-0.53093
-0.36440,-0.42306,0.12965,-0.21237,-0.47349,-0.49071,-0.23400,-0.48449,-0.46847,-0.63312,-0.32816,-0.41247,-0.49332
-0.39829,-0.45071,0.13255,-0.38616,-0.58575,-0.43057,-0.36316,-0.33502,-0.54983,-0.71498,-0.28266,-0.37718,-0.48182
-0.43085,-0.33540,0.16438,-0.28856,-0.40335,-0.33205,-0.13396,-0.18258,-0.45479,-0.71082,-0.24989,-0.23873,-0.35924
-0.45962,-0.39878,0.13062,-0.27758,-0.52103,-0.42221,-0.22268,-0.20419,-0.51695,-0.53472,-0.32177,-0.45313,-0.51351
-0.48339,-0.49704,0.16481,-0.48264,-0.66497,-0.54378,-0.17248,-0.41074,-0.51345,-0.74176,-0.31714,-0.57177,-0.55170
-0.45387,-0.70600,0.15939,-0.94232,-0.83789,-0.47132,-0.54462,-0.51106,-0.80671,-0.84640,-0.65055,-0.76110,-0.68799
-0.54283,-0.71741,0.13559,-0.94732,-0.77428,-0.75218,-0.62329,-0.48123,-0.76716,-0.88003,-0.62817,-0.66765,-0.65283
-0.62506,-0.72961,0.11133,-0.87525,-0.77915,-0.72576,-0.72993,-0.55165,-0.76349,-0.91742,-0.62176,-0.66772,-0.66392
-0.69763,-0.69350,0.08177,-0.67573,-0.73995,-0.72035,-0.74687,-0.61890,-0.68235,-0.87447,-0.62795,-0.59426,-0.65421
-0.64957,-0.87649,0.12229,-1.04812,-1.01313,-0.89523,-0.86542,-0.72157,-0.81622,-1.02688,-0.87811,-0.70657,-0.79368
-0.77223,-0.94420,0.08530,-1.00545,-1.05710,-0.99821,-1.00497,-0.77667,-0.91237,-0.99794,-0.93837,-0.85394,-0.89698
-0.88122,-0.98971,0.09816,-0.98108,-1.10175,-1.04345,-1.07830,-0.85301,-0.98567,-1.06592,-1.01837,-0.79535,-0.97420
-0.97238,-1.11041,0.14171,-1.10276,-1.35212,-1.19578,-1.13062,-0.90510,-1.13333,-1.24464,-1.12459,-0.89867,-1.01647
-1.03993,-1.17984,0.18248,-1.16930,-1.52853,-1.31314,-1.11695,-0.95109,-1.23584,-1.32571,-1.17211,-0.92379,-1.06196
-1.08200,-1.24612,0.15120,-1.28141,-1.49088,-1.42406,-1.16463,-1.00230,-1.26412,-1.24490,-1.35343,-1.08572,-1.14975
-1.09863,-1.22255,0.11669,-1.25550,-1.41133,-1.35982,-1.14849,-1.08499,-1.17115,-1.12976,-1.36079,-1.11864,-1.18499
-1.08893,-1.30708,0.08712,-1.37603,-1.22231,-1.41097,-1.23743,-1.39684,-1.13583,-1.35386,-1.33851,-1.29483,-1.30421
-1.05333,-1.17624,0.08561,-1.29474,-1.16507,-1.22870,-1.24733,-1.13415,-1.05239,-1.26564,-1.08796,-1.20995,-1.07648
-0.99360,-1.13829,0.12267,-1.26198,-1.07436,-1.09759,-1.04869,-1.18262,-1.16380,-1.34679,-0.89857,-1.12043,-1.18804
-0.91212,-1.01898,0.10122,-1.13706,-0.88900,-1.05469,-0.99014,-1.08754,-1.11274,-0.98415,-0.85743,-0.94445,-1.13262
-0.81031,-0.89771,0.11435,-1.07021,-0.77156,-1.00043,-0.86674,-0.92906,-0.91068,-1.01338,-0.70163,-0.81112,-0.90229
-0.69333,-0.86754,0.11659,-1.09021,-0.76782,-1.00719,-0.74060,-0.85746,-0.88312,-0.79520,-0.75798,-0.82167,-0.95419
-0.56493,-0.68482,0.10782,-0.92498,-0.55880,-0.69545,-0.56815,-0.71841,-0.68159,-0.61418,-0.61099,-0.72945,-0.74623
-0.47379,-0.55313,0.17808,-0.95977,-0.33854,-0.55791,-0.51372,-0.35351,-0.58188,-0.54631,-0.42185,-0.66750,-0.59027
-0.29404,-0.41664,0.12289,-0.62730,-0.43416,-0.41296,-0.37569,-0.21230,-0.44292,-0.31852,-0.29920,-0.49332,-0.55004
-0.11311,-0.18422,0.15293,-0.33055,-0.26459,-0.35237,0.02460,-0.11797,-0.10014,0.06727,-0.20721,-0.18863,-0.37261
0.06230,-0.07673,0.17055,-0.02866,-0.04443,-0.15111,-0.10016,-0.07605,-0.05828,0.32947,-0.12455,-0.15710,-0.35647
0.22772,0.14282,0.11234,0.06660,0.11011,0.11856,0.20491,0.25599,0.08126,0.33020,0.24425,0.05293,-0.03659
0.33759,0.42768,0.15289,0.29279,0.60982,0.53248,0.47458,0.44305,0.23831,0.67471,0.40095,0.39974,0.21042
0.50211,0.48091,0.16599,0.25385,0.53659,0.58119,0.58636,0.46051,0.46760,0.81296,0.42963,0.43780,0.24258
0.64136,0.26704,0.16269,0.12216,0.34241,0.27967,0.34728,0.38278,0.11975,0.41500,0.42954,0.31065,-0.07886
0.75050,0.56748,0.13986,0.32933,0.69115,0.69460,0.68807,0.46621,0.39335,0.70868,0.61794,0.60999,0.47547
0.82532,0.81244,0.17270,0.45805,0.80966,0.90648,1.09466,0.76822,0.96085,0.87721,0.65223,0.79092,0.80613
0.83318,0.77927,0.15666,0.47207,0.76667,0.87319,0.98700,0.76911,0.82556,0.93409,0.57479,0.74094,0.84924
0.87637,0.72723,0.13471,0.47704,0.75701,0.86973,0.90295,0.71221,0.72313,0.76365,0.54241,0.68960,0.83454
0.88637,0.63562,0.13149,0.39041,0.73805,0.82766,0.73428,0.51076,0.65300,0.63877,0.52846,0.60048,0.73435
0.86332,0.69175,0.15200,0.43229,0.74725,0.88020,0.87389,0.67629,0.70635,0.55943,0.53855,0.65099,0.85224
0.80749,0.69743,0.17135,0.35912,0.71974,0.96472,0.83921,0.60534,0.74425,0.66809,0.53692,0.69642,0.84045
0.69955,0.52128,0.18147,0.24860,0.59789,0.87622,0.62214,0.47636,0.55371,0.54028,0.48716,0.56089,0.24956
0.61717,0.57716,0.12660,0.36117,0.66740,0.80848,0.60727,0.54773,0.64848,0.54627,0.44369,0.64205,0.49910
0.50582,0.37302,0.11910,0.19928,0.56776,0.37882,0.33388,0.40166,0.47480,0.43944,0.41420,0.34745,0.17291
0.37065,0.22966,0.09168,0.06426,0.27957,0.29315,0.24109,0.30512,0.21835,0.34939,0.28050,0.13781,0.12740
0.16548,0.03320,0.07630,-0.03486,-0.08281,0.17927,0.04607,0.07185,0.03862,0.08843,0.02628,-0.05484,0.05399
0.03035,-0.12727,0.11175,-0.08563,-0.18786,0.06843,-0.06646,-0.06593,-0.36688,-0.12931,-0.10385,-0.16915,-0.16605
-0.11372,-0.28459,0.13647,-0.21120,-0.28490,-0.09221,-0.20698,-0.16495,-0.50447,-0.38816,-0.29922,-0.20935,-0.48442
-0.26252,-0.42152,0.12874,-0.42098,-0.57019,-0.34412,-0.32810,-0.22472,-0.55392,-0.55033,-0.34973,-0.30640,-0.56673
-0.41249,-0.55161,0.08903,-0.49395,-0.65572,-0.64039,-0.47167,-0.45664,-0.64591,-0.63795,-0.43987,-0.48894,-0.58509
-0.60242,-0.68116,0.12110,-0.65758,-0.94106,-0.58543,-0.56858,-0.59212,-0.80368,-0.75459,-0.68476,-0.56662,-0.65716
-0.70509,-0.76012,0.12727,-0.65088,-0.99186,-0.84190,-0.69863,-0.68509,-0.82221,-0.89340,-0.77889,-0.58489,-0.65346
-0.79257,-0.87719,0.13675,-0.84518,-1.16496,-1.00174,-0.76130,-0.82794,-0.94160,-0.89197,-0.87019,-0.67269,-0.79436
-0.86496,-0.88903,0.12475,-0.95476,-1.10709,-0.91227,-0.71107,-0.84331,-0.92033,-1.02025,-0.87686,-0.70796,-0.83644
-0.91873,-0.97046,0.12511,-0.93950,-1.12147,-0.87637,-1.16000,-0.97857,-0.93504,-1.10460,-0.95330,-0.76239,-0.87332
-0.97028,-1.05747,0.17183,-1.08171,-1.07011,-1.02879,-1.27574,-1.00323,-1.02807,-1.39283,-0.98449,-0.93500,-0.77475
-0.94314,-0.88033,0.10499,-0.96860,-0.91679,-0.84711,-0.90278,-0.83942,-0.93044,-1.09058,-0.81375,-0.74208,-0.75172
-0.89353,-0.90207,0.08796,-1.05819,-0.84855,-0.95862,-0.87353,-1.00244,-0.96480,-0.87121,-0.83053,-0.80862,-0.80423
-0.82400,-0.79698,0.08684,-0.82375,-0.78598,-0.75141,-0.80776,-0.86521,-0.81181,-0.98462,-0.66734,-0.75166,-0.72024
-0.77092,-0.74650,0.09058,-0.84211,-0.76604,-0.80812,-0.74378,-0.68314,-0.72242,-0.91777,-0.60622,-0.68657,-0.68885
-0.63284,-0.57737,0.06741,-0.67427,-0.48911,-0.68478,-0.50523,-0.54369,-0.58035,-0.60056,-0.52650,-0.62067,-0.54859
-0.48139,-0.33417,0.08619,-0.43548,-0.18091,-0.39696,-0.36067,-0.26078,-0.29695,-0.42602,-0.34231,-0.24071,-0.40094
-0.32368,-0.24908,0.09429,-0.44465,-0.18185,-0.26188,-0.16434,-0.19311,-0.14489,-0.35290,-0.28968,-0.19225,-0.26524
-0.16556,-0.06754,0.11587,-0.24301,-0.10904,-0.09558,0.00799,-0.02295,0.10962,0.06420,-0.24204,-0.08976,-0.05485
-0.03430,0.12581,0.09189,0.03945,0.07808,0.13384,0.12844,0.14846,0.20293,0.31980,-0.01579,0.08282,0.14007
0.14646,0.27516,0.09286,0.17059,0.21148,0.20783,0.43091,0.31144,0.22677,0.42333,0.26626,0.31074,0.19226
0.31415,0.36442,0.09226,0.27037,0.30948,0.26944,0.53213,0.38199,0.28289,0.48389,0.31456,0.42615,0.37330
0.46184,0.54454,0.10166,0.39501,0.52391,0.68654,0.68214,0.59346,0.50787,0.61033,0.40184,0.49305,0.55132
0.53305,0.64748,0.12985,0.40553,0.59209,0.77007,0.79221,0.75114,0.64412,0.69577,0.47164,0.61081,0.74138
0.66449,0.43250,0.23218,0.24377,0.49073,0.67423,0.91439,0.49222,0.12749,0.44199,0.41559,0.27957,0.24499
0.76575,0.45109,0.23449,0.24621,0.40973,0.70991,0.87485,0.61455,0.13479,0.52292,0.44910,0.34594,0.20284
0.83089,0.68619,0.16856,0.45170,0.56283,0.89161,1.02182,0.70609,0.56929,0.74379,0.57608,0.65225,0.68643
0.86105,0.62784,0.16593,0.38920,0.64991,0.82432,0.93976,0.49771,0.49830,0.65965,0.50020,0.63318,0.68615
0.81730,0.75337,0.16415,0.52493,0.79680,1.01966,0.93089,0.60076,0.68249,0.82826,0.56650,0.70728,0.87608
0.81982,0.68583,0.12385,0.51283,0.72580,0.92473,0.83102,0.67633,0.62831,0.66036,0.53269,0.66256,0.70363
0.78950,0.56363,0.14874,0.32817,0.79797,0.50268,0.76823,0.49115,0.60491,0.45744,0.43296,0.62529,0.62748
0.72671,0.45649,0.20765,0.22547,0.78945,0.40403,0.84173,0.41101,0.33208,0.36638,0.40390,0.53103,0.25977
0.63238,0.38402,0.15955,0.24861,0.73182,0.43524,0.48539,0.42865,0.22697,0.36409,0.34643,0.40779,0.16520
0.47869,0.26645,0.16118,0.06280,0.59810,0.24901,0.27609,0.19342,0.20270,0.21693,0.38330,0.40713,0.07498
0.37129,0.34838,0.14078,0.45715,0.55210,0.28880,0.29310,0.22810,0.25605,0.31572,0.32591,0.59721,0.16963
0.24567,0.23589,0.16399,0.21962,0.62336,0.30504,0.11342,0.06711,0.19774,0.10038,0.22718,0.35955,0.14547
0.10344,0.03502,0.12092,-0.00711,0.22893,0.15532,0.04721,-0.12520,-0.10988,-0.08569,0.03739,0.16234,0.04690
-0.05086,-0.11877,0.13179,0.00173,0.09113,0.00413,-0.16004,-0.18084,-0.35282,-0.21614,-0.03854,-0.14071,-0.19562
-0.23599,-0.30716,0.12683,-0.15719,-0.18952,-0.26323,-0.33672,-0.24771,-0.48880,-0.42505,-0.21126,-0.24089,-0.51121
-0.36064,-0.47724,0.10951,-0.34866,-0.39891,-0.47696,-0.46014,-0.45335,-0.64858,-0.50690,-0.31263,-0.53491,-0.63133
-0.48303,-0.59296,0.10562,-0.43789,-0.64592,-0.68823,-0.60058,-0.56920,-0.71245,-0.58215,-0.38864,-0.63398,-0.67053
-0.59973,-0.68287,0.10348,-0.49720,-0.80203,-0.80572,-0.67745,-0.63904,-0.78312,-0.66772,-0.54930,-0.67449,-0.73258
-0.75183,-0.88448,0.12678,-0.70925,-0.96416,-1.13495,-0.90591,-0.83731,-0.95482,-0.86330,-0.71500,-0.81670,-0.94342
-0.80400,-0.92959,0.13741,-0.72423,-0.97254,-1.21883,-0.94570,-0.88000,-0.99795,-0.95985,-0.77143,-0.84803,-0.97736
-0.83839,-0.95942,0.13146,-0.78129,-1.02889,-1.25288,-0.91812,-0.87827,-1.03750,-0.97869,-0.85546,-0.87792,-0.98518
-0.85486,-0.91794,0.10346,-0.70381,-0.96394,-1.07667,-0.91020,-0.95449,-1.02659,-0.92921,-0.86999,-0.83117,-0.91331
-0.85273,-0.86467,0.07928,-0.77152,-0.92223,-0.92172,-0.83967,-0.93558,-1.00604,-0.78779,-0.77933,-0.81486,-0.86792
-0.85359,-0.76736,0.08712,-0.69758,-0.73242,-0.83179,-0.79104,-0.85478,-0.89369,-0.80672,-0.59680,-0.71092,-0.75785
-0.77687,-0.76082,0.12439,-0.75266,-0.59981,-0.99044,-0.76234,-0.71231,-0.87011,-0.89809,-0.62955,-0.66584,-0.72701
-0.68365,-0.67882,0.12306,-0.67798,-0.54305,-0.89245,-0.63708,-0.61164,-0.67200,-0.90919,-0.60861,-0.60152,-0.63465
-0.57895,-0.51263,0.10426,-0.37921,-0.48513,-0.46548,-0.47475,-0.57479,-0.63993,-0.68943,-0.49925,-0.36327,-0.55511
-0.46601,-0.37885,0.11923,-0.25309,-0.30683,-0.45483,-0.38324,-0.29571,-0.52383,-0.58093,-0.40984,-0.20160,-0.37861
-0.34727,-0.37421,0.11834,-0.38539,-0.25362,-0.29078,-0.42607,-0.46632,-0.56100,-0.51198,-0.32482,-0.18581,-0.33632
-0.22673,-0.25000,0.13236,-0.37623,-0.11297,-0.11360,-0.35200,-0.14004,-0.47406,-0.34362,-0.29118,-0.13319,-0.16310
-0.10951,-0.16931,0.10057,-0.27228,-0.12742,0.04416,-0.19316,-0.20256,-0.22642,-0.25496,-0.25954,-0.14053,-0.06039
0.00202,-0.03592,0.12923,-0.13712,-0.06235,0.21091,-0.03442,0.17701,-0.12950,-0.05519,-0.18123,-0.07279,-0.07453
0.10375,0.03237,0.11339,-0.04291,0.17220,0.19543,0.03682,0.16817,-0.03484,0.03571,-0.14157,0.00051,-0.06586
0.19200,0.18415,0.12022,0.04569,0.39765,0.25301,0.15945,0.35633,0.09213,0.17833,0.04515,0.17945,0.13431
0.26266,0.30187,0.13334,0.09198,0.55283,0.30868,0.29812,0.45029,0.21479,0.31612,0.24809,0.36388,0.17387
0.31374,0.28933,0.14603,0.08976,0.55551,0.30935,0.33072,0.48543,0.21751,0.27326,0.15098,0.31566,0.16510
0.34426,0.27897,0.14181,0.06501,0.49710,0.34128,0.27136,0.43705,0.19796,0.17971,0.20237,0.43241,0.16545
0.35295,0.20748,0.14750,-0.03184,0.45377,0.26910,0.07466,0.38283,0.14595,0.17764,0.13323,0.31846,0.15100
0.33949,0.14029,0.10837,-0.04616,0.21466,0.29721,0.08846,0.17358,0.09829,0.13310,0.03913,0.29518,0.10949
0.30448,0.21101,0.15913,0.06501,0.12444,0.34066,0.09775,0.26958,0.18970,0.19226,0.14539,0.59389,0.09140
0.24904,0.10135,0.08393,-0.00510,0.01020,0.22897,0.07180,0.09165,0.11350,0.02699,0.23269,0.15865,0.08413
0.17498,0.06956,0.06752,-0.03362,0.02112,0.09916,0.04269,0.09509,0.10342,-0.03381,0.14532,0.15421,0.10199
0.08608,0.01683,0.07627,-0.02261,0.00470,0.03608,0.02720,0.00916,0.01425,-0.14116,0.15708,-0.00416,0.08776
-0.01636,-0.08628,0.07841,-0.07286,-0.03635,0.00754,-0.12819,-0.16023,-0.16954,-0.17959,0.02447,-0.13893,-0.00914
-0.12909,-0.20208,0.07481,-0.12580,-0.12551,-0.20873,-0.26969,-0.20867,-0.36067,-0.22777,-0.11410,-0.18041,-0.19948
-0.24646,-0.32059,0.08404,-0.20753,-0.29484,-0.28538,-0.37093,-0.24277,-0.47332,-0.37124,-0.26669,-0.27540,-0.41779
-0.36483,-0.46028,0.10298,-0.29014,-0.38190,-0.48409,-0.48401,-0.43030,-0.58990,-0.43940,-0.35059,-0.54328,-0.60917
-0.48263,-0.50712,0.11251,-0.32357,-0.52356,-0.61726,-0.47556,-0.45634,-0.59287,-0.53857,-0.32504,-0.64027,-0.57814
-0.59568,-0.47763,0.09547,-0.32416,-0.51266,-0.51478,-0.44034,-0.51207,-0.64273,-0.47228,-0.32813,-0.53604,-0.49314
-0.69757,-0.61814,0.11377,-0.47790,-0.62722,-0.70478,-0.53025,-0.78695,-0.77484,-0.61377,-0.46510,-0.64709,-0.55346
-0.67779,-0.76456,0.10854,-0.60071,-0.70610,-0.88950,-0.72963,-0.80006,-0.88446,-0.93189,-0.67607,-0.74735,-0.67987
-0.86474,-0.87992,0.11340,-0.81993,-0.86504,-1.00472,-0.91356,-0.80516,-1.02905,-1.04129,-0.71261,-0.77390,-0.83391
-1.03872,-0.99631,0.11301,-0.91521,-0.98982,-1.13327,-1.11723,-0.90133,-1.11740,-1.10355,-0.82331,-0.90554,-0.95645
-1.18962,-0.97250,0.16844,-0.93727,-1.00029,-1.06857,-1.29203,-0.84602,-0.91813,-1.20140,-0.80451,-0.80746,-0.84928
-1.30800,-1.09509,0.15836,-1.13612,-1.12725,-1.16933,-1.37149,-1.10087,-1.05064,-1.27322,-0.90130,-0.88263,-0.93810
-1.24951,-1.25862,0.14379,-1.39420,-1.30264,-1.35213,-1.40906,-1.27656,-1.27341,-1.38973,-1.06522,-1.03314,-1.09011
-1.41173,-1.32151,0.13695,-1.39466,-1.36465,-1.47218,-1.38672,-1.39617,-1.32344,-1.39717,-1.07188,-1.33345,-1.07478
-1.54280,-1.32576,0.15254,-1.40499,-1.33481,-1.53893,-1.37064,-1.38474,-1.35246,-1.40988,-1.06083,-1.34608,-1.05425
-1.63904,-1.34759,0.16670,-1.34782,-1.44271,-1.55676,-1.41731,-1.49618,-1.26966,-1.37769,-1.12039,-1.42504,-1.02239
-1.70181,-1.37950,0.13165,-1.35720,-1.45165,-1.55851,-1.42015,-1.51453,-1.29224,-1.42475,-1.18292,-1.43116,-1.16186
-1.53119,-1.47262,0.14945,-1.40663,-1.59618,-1.67291,-1.46971,-1.67309,-1.35539,-1.54230,-1.31652,-1.46168,-1.23179
-1.64184,-1.62975,0.14831,-1.62990,-1.70039,-1.81318,-1.45308,-1.87580,-1.73479,-1.59463,-1.48308,-1.54701,-1.46558
-1.71969,-1.60660,0.13901,-1.48577,-1.70166,-1.77445,-1.41226,-1.86659,-1.62941,-1.57042,-1.54575,-1.50598,-1.57376
-1.76448,-1.60311,0.17007,-1.42558,-1.65198,-1.76946,-1.40047,-1.96065,-1.64655,-1.59184,-1.61334,-1.47856,-1.49269
-1.77615,-1.57911,0.14227,-1.30896,-1.68966,-1.69861,-1.43528,-1.73282,-1.59518,-1.50600,-1.68307,-1.46630,-1.67518
-1.75481,-1.62321,0.17025,-1.38791,-1.71388,-1.71662,-1.44016,-1.87480,-1.72929,-1.49778,-1.81933,-1.46507,-1.58721
-1.55181,-1.55527,0.14309,-1.30259,-1.51580,-1.71627,-1.39332,-1.68534,-1.67926,-1.48656,-1.71477,-1.49117,-1.56763
-1.57982,-1.51718,0.18578,-1.27400,-1.36261,-1.73950,-1.38681,-1.64505,-1.72587,-1.49610,-1.77318,-1.38598,-1.38271
-1.57516,-1.37983,0.14906,-1.33788,-1.28382,-1.62742,-1.33616,-1.30586,-1.61481,-1.40388,-1.46525,-1.22919,-1.19405
-1.53800,-1.31016,0.15483,-1.19953,-1.41838,-1.43954,-1.23498,-1.44962,-1.48291,-1.41622,-1.28196,-1.01688,-1.16164
-1.46874,-1.26983,0.12770,-1.24433,-1.39294,-1.38029,-1.18912,-1.12478,-1.32864,-1.38296,-1.41417,-1.05149,-1.18961
-1.36790,-1.20173,0.11474,-1.19850,-1.14699,-1.43556,-1.17003,-0.99067,-1.27470,-1.16086,-1.23378,-1.14302,-1.26315
-1.14266,-1.18446,0.10490,-1.14510,-1.13159,-1.35355,-1.10901,-1.08996,-1.31807,-1.04384,-1.15248,-1.20512,-1.29586
-1.09253,-1.00901,0.13289,-0.96978,-0.99367,-1.33162,-0.98541,-1.04133,-1.06657,-0.90012,-0.82825,-1.02298,-0.95038
-1.02270,-0.78234,0.12228,-0.66084,-0.75605,-0.99810,-0.74258,-0.77224,-0.91885,-0.75922,-0.56389,-0.81541,-0.83617
-0.93217,-0.63803,0.11168,-0.47338,-0.57704,-0.80512,-0.60914,-0.61667,-0.70508,-0.66034,-0.46772,-0.72280,-0.74307
-0.82160,-0.62549,0.10126,-0.52585,-0.53382,-0.77471,-0.60747,-0.65387,-0.68906,-0.59392,-0.45145,-0.70466,-0.72010
-0.57451,-0.56876,0.11352,-0.46148,-0.46496,-0.69937,-0.52870,-0.69488,-0.58526,-0.54110,-0.37399,-0.66283,-0.67509
-0.55445,-0.34617,0.12746,-0.09682,-0.32396,-0.30034,-0.39438,-0.51890,-0.41708,-0.42879,-0.19495,-0.32200,-0.46444
-0.52997,-0.25343,0.10591,-0.09411,-0.24722,-0.21547,-0.36531,-0.23016,-0.29317,-0.43801,-0.10894,-0.22677,-0.31512
-0.49800,-0.23953,0.10237,-0.07971,-0.16108,-0.23759,-0.40202,-0.23081,-0.29228,-0.40186,-0.18161,-0.22816,-0.18014
-0.45986,-0.28663,0.12329,-0.04732,-0.14838,-0.31225,-0.43420,-0.27420,-0.33497,-0.44466,-0.23468,-0.26354,-0.37207
-0.31192,-0.30636,0.15045,-0.04361,-0.14492,-0.23270,-0.42228,-0.25809,-0.49663,-0.40262,-0.23580,-0.32978,-0.49722
-0.38184,-0.33393,0.16300,-0.09088,-0.18385,-0.24772,-0.35218,-0.26362,-0.55061,-0.40806,-0.21030,-0.44262,-0.58945
-0.45339,-0.31122,0.13782,-0.11065,-0.23549,-0.25663,-0.35233,-0.28450,-0.51421,-0.49656,-0.14301,-0.28485,-0.43394
-0.52088,-0.22883,0.12506,-0.07517,-0.18985,-0.17288,-0.30314,-0.25392,-0.27101,-0.50320,-0.06632,-0.26429,-0.18853
-0.58103,-0.40611,0.11495,-0.24475,-0.31110,-0.33840,-0.49056,-0.44915,-0.42640,-0.58362,-0.24647,-0.49842,-0.47220
-0.54647,-0.74574,0.06721,-0.77962,-0.75467,-0.66650,-0.68520,-0.73369,-0.90083,-0.79044,-0.70415,-0.70804,-0.73426
-0.70120,-0.84278,0.09791,-0.88216,-0.84426,-0.84989,-0.75308,-0.85755,-0.95253,-1.02792,-0.78714,-0.68949,-0.78375
-0.84771,-0.88226,0.12286,-0.90724,-0.85330,-0.86559,-0.82693,-0.87045,-1.13547,-1.04287,-0.82888,-0.72397,-0.76788
-0.97654,-0.83879,0.10742,-0.79760,-0.81640,-0.91355,-0.88732,-0.91877,-0.95763,-0.97161,-0.74953,-0.71898,-0.65650
-1.08270,-1.01057,0.07542,-0.90482,-1.03918,-1.05466,-1.12921,-1.03627,-1.06118,-1.05300,-0.95208,-0.89239,-0.98287
-1.05444,-1.22387,0.10417,-0.99300,-1.25128,-1.21153,-1.31449,-1.16841,-1.38364,-1.28562,-1.17492,-1.24223,-1.21362
-1.22050,-1.50407,0.12530,-1.32921,-1.54786,-1.41958,-1.36283,-1.67315,-1.65070,-1.46140,-1.43920,-1.49306,-1.66369
-1.36117,-1.65936,0.15723,-1.44557,-1.73866,-1.64348,-1.42289,-1.86268,-1.81930,-1.52584,-1.69246,-1.61937,-1.82330
-1.46756,-1.75027,0.23076,-1.58226,-1.72599,-1.81514,-1.38779,-1.96641,-1.97032,-1.53571,-1.87030,-1.55211,-2.09663
-1.53816,-1.77216,0.25776,-1.58716,-1.71919,-1.76445,-1.40097,-1.94356,-2.11522,-1.53968,-1.93686,-1.55698,-2.15758
-1.57597,-1.62304,0.20536,-1.60803,-1.52216,-1.79239,-1.34661,-1.51553,-2.00539,-1.47669,-1.81288,-1.42652,-1.72422
-1.58114,-1.64903,0.13987,-1.71057,-1.66621,-1.68429,-1.43067,-1.69616,-1.84054,-1.53472,-1.82888,-1.45217,-1.64614
-1.55379,-1.67877,0.21193,-1.76949,-1.89369,-1.53150,-1.42317,-1.62358,-1.78816,-1.53460,-1.72798,-1.41984,-2.07566
-1.49424,-1.51742,0.23475,-1.59145,-1.99668,-1.48087,-1.20710,-1.35470,-1.35116,-1.32600,-1.54667,-1.53527,-1.78433
-1.40297,-1.41538,0.20756,-1.53650,-1.83810,-1.36255,-1.13947,-1.29954,-1.25101,-1.44594,-1.23481,-1.61871,-1.42715
-1.28063,-1.29799,0.14903,-1.38967,-1.52184,-1.18076,-1.07405,-1.31023,-1.29594,-1.42014,-1.08366,-1.42487,-1.27875
-1.12910,-1.08646,0.11385,-1.16564,-1.01933,-1.03151,-0.97076,-1.08656,-1.14139,-1.30882,-0.91188,-1.06441,-1.16429
-0.95354,-0.93571,0.16730,-1.06797,-0.97294,-1.03866,-0.86007,-0.69261,-0.85778,-1.26089,-0.77775,-0.81444,-1.01402
-0.75802,-0.68809,0.22624,-0.97193,-0.49173,-0.75602,-0.50668,-0.40365,-0.70867,-1.10119,-0.55652,-0.56055,-0.82394
-0.54982,-0.46262,0.20014,-0.84831,-0.30931,-0.45273,-0.38192,-0.23394,-0.56887,-0.71013,-0.32217,-0.27890,-0.51994
-0.33559,-0.35019,0.23699,-0.80956,-0.24779,-0.48204,-0.07422,-0.15475,-0.59034,-0.09793,-0.25114,-0.30556,-0.48852
-0.11792,-0.00806,0.25095,-0.17319,-0.05128,-0.07829,0.48325,-0.05915,-0.33277,0.37712,0.02877,-0.13325,-0.14177
0.09769,0.01230,0.23210,-0.02847,-0.05138,0.04419,0.41130,0.00077,-0.33074,0.37219,0.04468,-0.12369,-0.21582
0.30111,0.03473,0.21898,-0.01142,0.12209,-0.10730,0.25707,0.08341,-0.45120,0.21888,0.16661,0.21122,-0.14201
0.48540,0.53343,0.36170,0.25207,0.48553,0.61912,1.35737,0.65041,0.04877,0.75827,0.48616,0.46529,0.21136
0.64785,0.77101,0.40090,0.51362,0.86175,0.81005,1.74707,0.92955,0.22452,0.83127,0.59786,0.59917,0.59526
0.78019,0.91652,0.54248,0.63796,1.32544,0.86561,2.16447,1.18499,0.23595,0.94738,0.57176,0.67845,0.55317
0.87760,1.68504,0.94495,1.08594,2.49965,0.98982,3.59660,2.09708,0.84891,2.48364,0.74388,1.01821,1.48668
0.94069,2.10137,0.86139,1.53384,2.98385,0.94251,3.87191,1.93906,1.60058,2.47374,1.47175,1.71935,2.47709
0.97183,2.32243,0.97729,1.87581,2.92924,1.16023,4.15533,0.97251,2.64126,2.09923,2.13033,1.88258,3.37780
0.97113,2.94881,0.99443,2.10012,3.84482,1.78423,4.57096,2.54110,3.87502,2.06516,2.84710,2.04287,3.81673
0.93873,3.60674,0.75803,2.75690,3.92763,3.16569,4.82788,3.31877,3.91307,2.82955,4.77774,2.89521,3.65493
0.87493,4.37590,0.90438,3.40714,4.63465,4.98082,5.54641,2.81287,4.94881,4.58567,5.35530,3.59240,3.89497
0.78021,4.34936,0.91649,3.41695,4.37417,4.37675,4.76314,3.27812,5.09567,3.94591,6.41564,3.93635,3.89090
0.65520,2.64776,0.65843,1.80772,2.67922,1.49086,3.00831,2.35087,3.76306,2.50584,2.78675,2.89476,3.19022
0.50211,0.91528,0.63054,0.18392,1.41467,0.32690,1.74021,0.48444,0.92372,0.43185,2.03995,0.97392,0.63324
0.32678,0.79828,0.48638,0.28591,0.87899,0.09355,1.54487,0.52573,0.78469,1.58483,0.50276,0.95575,0.82567
0.13272,0.61184,0.24377,0.52714,0.57918,0.74863,1.07366,0.29933,0.41718,0.63138,0.45690,0.93911,0.44591
-0.07529,-0.16081,0.07124,-0.11960,-0.12380,-0.15614,-0.17887,-0.21299,-0.21457,-0.25593,-0.00162,-0.20382,-0.14081
-0.28883,-0.32092,0.12696,-0.15694,-0.29921,-0.19268,-0.42411,-0.33515,-0.39025,-0.57087,-0.18858,-0.37856,-0.27290
-0.50167,-0.60320,0.10986,-0.43700,-0.61220,-0.59444,-0.64847,-0.75756,-0.52639,-0.75853,-0.59370,-0.65080,-0.45291
-0.70856,-0.86051,0.08866,-0.81262,-0.82401,-0.93174,-0.99988,-0.85096,-0.91251,-0.91916,-0.87422,-0.79987,-0.68017
-0.90619,-1.05250,0.09706,-1.00237,-1.15449,-1.02838,-1.16798,-0.94771,-1.22976,-1.04954,-0.98111,-0.96688,-0.99678
-1.08849,-1.23722,0.08786,-1.08448,-1.30721,-1.11325,-1.28544,-1.24343,-1.35867,-1.31505,-1.20417,-1.20265,-1.25781
-1.24360,-1.48342,0.14457,-1.24390,-1.59934,-1.38091,-1.35933,-1.53963,-1.75676,-1.44919,-1.48339,-1.43722,-1.58450
-1.36726,-1.53013,0.16175,-1.26594,-1.55676,-1.46368,-1.36133,-1.64583,-1.82763,-1.42167,-1.66049,-1.53024,-1.56767
-1.45837,-1.64697,0.22102,-1.36299,-1.68613,-1.72350,-1.31719,-1.79453,-1.96143,-1.44563,-1.85553,-1.52401,-1.79875
-1.51572,-1.58624,0.22567,-1.32236,-1.59839,-1.75389,-1.34771,-1.62058,-2.00574,-1.39322,-1.83325,-1.41948,-1.56780
-1.54170,-1.58248,0.16676,-1.51611,-1.50559,-1.73180,-1.33227,-1.61684,-1.88993,-1.49843,-1.72242,-1.40345,-1.60797
-1.53643,-1.50345,0.10345,-1.47272,-1.46137,-1.62181,-1.42151,-1.53516,-1.65483,-1.48511,-1.61289,-1.31987,-1.44921
-1.50005,-1.50035,0.10887,-1.52376,-1.54004,-1.59894,-1.34835,-1.42473,-1.48082,-1.36358,-1.52446,-1.48384,-1.71497
-1.43287,-1.40205,0.16107,-1.32486,-1.36560,-1.48241,-1.22293,-1.40771,-1.35983,-1.18747,-1.35694,-1.59161,-1.72117
-1.33537,-1.28710,0.13101,-1.15278,-1.33826,-1.46401,-1.14318,-1.27717,-1.35723,-1.16135,-1.14713,-1.48089,-1.34903
-1.20861,-1.12467,0.12712,-1.09571,-1.04172,-1.33387,-1.07854,-1.27829,-1.24062,-1.03278,-0.91020,-1.10655,-1.12839
-1.05545,-0.76865,0.10189,-0.79587,-0.60497,-0.91532,-0.71437,-0.77135,-0.83661,-0.77399,-0.62301,-0.75793,-0.89303
-0.88216,-0.60713,0.08698,-0.54509,-0.46551,-0.67121,-0.53973,-0.62474,-0.76691,-0.65794,-0.53202,-0.63128,-0.63689
-0.69522,-0.48295,0.09798,-0.36704,-0.31221,-0.53630,-0.43069,-0.49870,-0.61289,-0.59788,-0.41970,-0.52513,-0.52895
-0.49920,-0.22737,0.09119,-0.19395,-0.15937,-0.10784,-0.30016,-0.29155,-0.36995,-0.28271,-0.27118,-0.21033,-0.08666
-0.29750,0.04816,0.08844,0.02326,0.15093,0.12976,0.04715,0.09140,0.03412,-0.07791,-0.09756,0.02018,0.16032
0.00641,0.28424,0.10391,0.12465,0.46486,0.31705,0.33695,0.36207,0.21337,0.18275,0.32375,0.33249,0.18446
0.11964,0.36931,0.09672,0.20092,0.56349,0.35120,0.39520,0.40106,0.43033,0.26381,0.38869,0.35576,0.34268
0.21758,0.51737,0.13217,0.40521,0.72886,0.35946,0.61775,0.37739,0.64183,0.42000,0.42992,0.60441,0.58892
0.29919,0.54172,0.15867,0.38717,0.66625,0.36883,0.48931,0.42841,0.63234,0.42984,0.46736,0.71193,0.83579
0.36184,0.52251,0.20014,0.28424,0.75141,0.35861,0.45847,0.30426,0.56877,0.47820,0.42908,0.72436,0.86771
0.47440,0.50380,0.20170,0.31614,0.93596,0.32857,0.42653,0.27938,0.57966,0.42115,0.45998,0.60953,0.68111
0.41036,0.41812,0.14480,0.39992,0.79102,0.33049,0.37887,0.28185,0.51460,0.36023,0.41381,0.37659,0.33379
0.32126,0.54191,0.13837,0.62282,0.73925,0.47789,0.37720,0.37226,0.54564,0.55836,0.42895,0.52371,0.77306
0.21278,0.24870,0.13419,0.19832,0.31070,0.31708,0.18586,0.20624,0.19030,0.03013,0.30036,0.54720,0.20081
0.09051,0.19085,0.25905,0.21860,0.15046,0.73916,0.14981,-0.08159,0.06102,-0.04830,0.12322,0.54646,0.04961
0.00077,-0.02581,0.14842,0.13103,-0.07953,0.11458,0.08212,-0.16103,-0.00397,-0.33466,0.09306,-0.12051,0.02081
-0.21853,-0.37767,0.12122,-0.37811,-0.35403,-0.28761,-0.26276,-0.29917,-0.56197,-0.52914,-0.19306,-0.47912,-0.43169
-0.43968,-0.41473,0.17923,-0.33849,-0.53609,-0.30810,-0.26336,-0.66476,-0.18175,-0.73389,-0.29420,-0.43678,-0.38992
-0.65532,-0.60166,0.14995,-0.69146,-0.62848,-0.57558,-0.59968,-0.69545,-0.46458,-0.91106,-0.56699,-0.53436,-0.34898
-0.85920,-0.72791,0.25497,-0.73354,-0.74758,-0.73117,-1.27155,-0.65847,-0.35926,-0.96916,-0.61344,-0.74420,-0.45075
-0.96773,-1.00319,0.22957,-1.15848,-1.02166,-1.12941,-1.31072,-1.06925,-0.82248,-1.22698,-0.54348,-0.81177,-0.93771
-1.20804,-1.26013,0.17283,-1.35500,-1.39773,-1.28958,-1.38101,-1.32621,-1.08064,-1.51481,-0.97594,-1.22514,-1.05521
-1.42198,-1.36637,0.14577,-1.43974,-1.46182,-1.33760,-1.35103,-1.50756,-1.22341,-1.57271,-1.14589,-1.45016,-1.17377
-1.60281,-1.56988,0.09973,-1.57129,-1.70446,-1.46570,-1.48465,-1.67247,-1.50164,-1.70882,-1.44302,-1.60993,-1.53679
-1.75135,-1.71127,0.10183,-1.57972,-1.92194,-1.58457,-1.70142,-1.74361,-1.78940,-1.74998,-1.63321,-1.72238,-1.68647
-1.72755,-1.86655,0.13091,-1.73860,-2.14125,-1.66529,-1.85955,-1.99497,-1.86201,-1.81930,-1.89122,-1.87579,-1.81755
-1.89388,-1.94782,0.13632,-1.83492,-2.15316,-2.04733,-1.98673,-2.14782,-1.96170,-1.79229,-1.84413,-1.92053,-1.78956
-2.03068,-2.00193,0.18277,-2.00290,-2.28556,-2.08992,-1.91691,-2.30872,-1.97676,-1.73828,-1.91875,-1.95902,-1.82247
-2.13733,-1.97580,0.14786,-2.05683,-2.25200,-2.06751,-1.89317,-2.12992,-1.99169,-1.80637,-1.84279,-1.88020,-1.83755
-2.21340,-2.12163,0.16367,-2.21604,-2.31713,-2.21308,-1.99178,-2.37740,-2.18328,-1.90346,-1.99326,-1.93726,-2.08357
-2.25861,-2.26853,0.19598,-2.43617,-2.31612,-2.33791,-2.04002,-2.57837,-2.42210,-2.00076,-2.34430,-2.04304,-2.16652
-2.15094,-2.25361,0.22725,-2.21222,-2.39103,-2.36754,-2.05650,-2.68218,-2.44802,-2.02204,-2.32323,-2.00946,-2.02386
-2.21581,-2.17278,0.20567,-2.22699,-2.23210,-2.30603,-1.93497,-2.56143,-2.34722,-2.03283,-1.87266,-2.09982,-2.11375
-2.24997,-1.99356,0.13364,-2.08039,-2.04507,-2.03927,-1.92875,-2.24568,-2.08961,-1.92692,-1.76981,-1.93044,-1.87969
-2.25334,-1.84996,0.15337,-1.77730,-1.93672,-1.82390,-1.66401,-2.18599,-1.94945,-1.92873,-1.75481,-1.71592,-1.76273
-2.22601,-1.97126,0.23796,-2.06156,-2.05275,-2.07701,-1.68575,-2.41933,-2.00501,-1.87701,-1.66041,-1.72198,-2.15180
-2.16824,-1.94058,0.22096,-1.99802,-2.05317,-2.12365,-1.64045,-2.20801,-2.17847,-1.62059,-1.84957,-1.70847,-2.02535
-1.98202,-1.88775,0.23523,-1.82791,-1.87733,-1.98219,-1.48374,-2.00383,-2.19696,-1.58663,-2.11710,-1.71453,-2.08725
-1.94450,-1.53201,0.16401,-1.55258,-1.57387,-1.58654,-1.31677,-1.48528,-1.92008,-1.37632,-1.56673,-1.42133,-1.52056
-1.87684,-1.45348,0.17288,-1.69477,-1.48083,-1.47493,-1.33909,-1.35676,-1.72252,-1.23758,-1.59217,-1.39624,-1.23992
-1.77948,-1.40863,0.17123,-1.71667,-1.57591,-1.48448,-1.26833,-1.21032,-1.43123,-1.26111,-1.33014,-1.24952,-1.55865
-1.65302,-1.38461,0.19865,-1.63224,-1.56742,-1.46943,-1.14467,-1.15137,-1.29537,-1.15745,-1.41706,-1.34527,-1.66584
-1.49819,-1.23608,0.13495,-1.51341,-1.23612,-1.38845,-1.13061,-1.04746,-1.16333,-1.17959,-1.15969,-1.28352,-1.25866
-1.23794,-1.17241,0.11424,-1.28612,-1.25234,-1.25536,-1.11513,-1.07968,-1.20658,-1.35337,-1.01144,-1.04193,-1.12218
-1.10353,-1.02394,0.09948,-1.10456,-0.88314,-1.06712,-1.05943,-0.95465,-1.14259,-1.08990,-0.89284,-0.92459,-1.12056
-0.94939,-0.90714,0.12478,-1.05321,-0.86158,-0.99764,-0.93164,-0.78085,-0.96057,-1.02581,-0.67974,-0.78352,-0.99686
-0.77964,-0.77543,0.14344,-0.93883,-0.62901,-0.72166,-0.65787,-0.68083,-0.83627,-0.86979,-0.61349,-0.76210,-1.04445
-0.59588,-0.41253,0.10123,-0.57713,-0.31070,-0.40195,-0.41367,-0.32422,-0.45750,-0.39109,-0.35809,-0.30543,-0.58555
-0.40619,-0.33130,0.11359,-0.47646,-0.31772,-0.16128,-0.33050,-0.20976,-0.37963,-0.25745,-0.36522,-0.28372,-0.53126
-0.21548,-0.16607,0.11796,-0.30064,-0.26416,-0.15535,-0.20915,-0.06512,-0.07329,0.08503,-0.24304,-0.18239,-0.25262
-0.02852,0.10489,0.13785,0.01290,0.03353,0.21067,0.16480,0.22383,0.14874,0.35162,-0.10828,-0.01118,0.02222
0.15256,0.08856,0.09906,0.02548,0.09227,0.22928,0.17100,0.13975,0.04120,0.20321,0.04172,0.04086,-0.09920
0.32161,0.37611,0.11475,0.28715,0.44123,0.40818,0.51253,0.35792,0.21027,0.53147,0.34705,0.45537,0.20991
0.46957,0.31274,0.14809,0.10179,0.39148,0.35621,0.41637,0.43076,0.08280,0.51216,0.32447,0.35769,0.15363
0.59562,0.39356,0.16320,0.15346,0.40128,0.63528,0.51642,0.45928,0.15544,0.49029,0.41630,0.48513,0.22271
0.69512,0.64338,0.15217,0.30816,0.57906,0.79757,0.76845,0.74080,0.63946,0.70864,0.47224,0.69196,0.72746
0.76438,0.66584,0.15003,0.37818,0.70432,0.85532,0.82631,0.69034,0.64704,0.76396,0.52531,0.74409,0.52349
0.80091,0.57059,0.17271,0.25050,0.65577,0.87577,0.59933,0.53224,0.43972,0.68475,0.48830,0.70304,0.47650
0.80527,0.73407,0.14414,0.49261,0.75444,0.91124,0.84089,0.57229,0.75818,0.80497,0.56412,0.75138,0.89058
0.77916,0.72497,0.13940,0.47639,0.74628,0.90757,0.75880,0.60059,0.75360,0.75340,0.55699,0.81222,0.88385
0.72288,0.66456,0.11737,0.51664,0.71189,0.88081,0.65585,0.52982,0.65824,0.71296,0.51530,0.75547,0.70864
0.63729,0.62374,0.07876,0.52527,0.70025,0.64459,0.62246,0.54232,0.63059,0.63357,0.50119,0.72380,0.71336
0.52511,0.48680,0.14965,0.59152,0.73054,0.41370,0.41035,0.37107,0.53493,0.52040,0.43700,0.64610,0.21240
0.38967,0.28078,0.08619,0.28959,0.34540,0.33943,0.16087,0.31404,0.25667,0.41903,0.29075,0.26503,0.12701
0.23595,0.17997,0.08127,0.15623,0.30958,0.28095,0.06591,0.16806,0.20758,0.12810,0.25643,0.09644,0.13043
0.06834,-0.02049,0.10764,-0.04098,0.15479,0.09080,-0.05390,-0.12986,-0.08116,-0.08147,0.12441,-0.15908,-0.02845
-0.10883,-0.12687,0.08383,-0.09633,0.02446,-0.14815,-0.16246,-0.19150,-0.11937,-0.21511,-0.00995,-0.23572,-0.11454
-0.29205,-0.28935,0.10726,-0.14421,-0.26834,-0.17471,-0.34674,-0.27970,-0.33127,-0.51338,-0.18526,-0.31532,-0.33460
-0.47642,-0.49872,0.09501,-0.39133,-0.47254,-0.47874,-0.53194,-0.51624,-0.51504,-0.63330,-0.30924,-0.60775,-0.53111
-0.65516,-0.67493,0.09502,-0.50873,-0.65622,-0.70733,-0.70168,-0.77695,-0.80210,-0.71456,-0.54811,-0.72658,-0.60699
-0.82443,-0.86860,0.09478,-0.86913,-0.79254,-0.88942,-0.93997,-0.86533,-1.08545,-0.85988,-0.82040,-0.83228,-0.73156
-0.97905,-1.01320,0.15370,-0.95943,-0.93906,-1.05527,-1.03680,-0.87979,-1.42052,-0.93638,-1.01435,-0.98418,-0.90617
-1.11232,-1.14163,0.18636,-1.11575,-1.09394,-1.13033,-1.08964,-0.91173,-1.63170,-1.04247,-1.08607,-1.17064,-1.14408
-1.22127,-1.18836,0.19913,-1.16332,-1.14385,-1.20483,-1.11379,-0.99203,-1.71834,-1.06780,-1.08241,-1.15964,-1.23762
-1.30239,-1.21296,0.17692,-1.34161,-1.17050,-1.23268,-1.13922,-1.03151,-1.64663,-1.13002,-1.04568,-1.21902,-1.17271
-1.35209,-1.32952,0.18115,-1.53967,-1.32058,-1.38949,-1.16156,-1.09658,-1.71095,-1.25160,-1.23384,-1.32708,-1.26385
-1.36981,-1.30694,0.17676,-1.56420,-1.33847,-1.39563,-1.12248,-1.04815,-1.55784,-1.23055,-1.37608,-1.12922,-1.30679
-1.35554,-1.34145,0.18688,-1.62363,-1.31637,-1.42701,-1.12996,-1.07718,-1.45023,-1.26087,-1.20152,-1.31507,-1.61268
-1.31065,-1.25262,0.16501,-1.37596,-1.19830,-1.42180,-1.08854,-1.01931,-1.22485,-1.13857,-1.16956,-1.33869,-1.55064
-1.23631,-1.16198,0.10226,-1.21791,-1.12109,-1.35344,-1.04068,-1.05219,-1.25653,-1.09606,-1.07353,-1.22890,-1.17949
-1.13544,-1.06062,0.12964,-1.08571,-0.98130,-1.22485,-0.96367,-1.10023,-1.23681,-1.03134,-0.85510,-0.93661,-1.19055
-1.01070,-0.89781,0.09959,-0.97915,-0.79752,-1.00463,-0.84944,-0.95742,-0.97023,-0.94123,-0.72056,-0.78947,-0.96849
-0.86580,-0.69553,0.08604,-0.77166,-0.61323,-0.80923,-0.69122,-0.63438,-0.74939,-0.74168,-0.54136,-0.63637,-0.76679
-0.70597,-0.52863,0.08056,-0.65690,-0.48854,-0.42589,-0.49015,-0.45255,-0.64016,-0.49959,-0.51726,-0.49672,-0.61858
-0.53445,-0.42422,0.13177,-0.64560,-0.37702,-0.20774,-0.39336,-0.40590,-0.52166,-0.40473,-0.36082,-0.32123,-0.60415
-0.35564,-0.34079,0.12083,-0.53159,-0.29374,-0.17779,-0.40219,-0.19962,-0.43915,-0.31203,-0.28859,-0.26765,-0.49552
-0.17455,-0.08204,0.10340,-0.22406,-0.14308,0.00686,-0.11177,-0.02290,0.07755,0.01477,-0.21702,-0.15653,-0.04424
0.00241,0.08751,0.13215,-0.00139,0.15648,0.14844,0.08867,0.07022,0.16689,0.36728,-0.09920,-0.03947,0.01716
0.17252,0.12112,0.08804,0.03401,0.16149,0.10344,0.11672,0.30375,0.05256,0.23562,0.08653,0.06126,0.05584
0.33099,0.46273,0.09481,0.30595,0.53457,0.63037,0.44118,0.43669,0.38562,0.55872,0.45423,0.49311,0.38682
0.47195,0.58247,0.13286,0.36992,0.63312,0.81972,0.55442,0.57290,0.46436,0.61736,0.44195,0.64595,0.70503
0.58833,0.63288,0.14255,0.38672,0.64083,0.81385,0.84994,0.62926,0.56417,0.62989,0.45295,0.66185,0.69931
0.67627,0.76451,0.15470,0.50701,0.70091,0.84905,0.93584,0.80888,0.79129,0.91968,0.49068,0.83542,0.80638
0.73517,0.52955,0.19292,0.29561,0.66161,0.81049,0.57395,0.55087,0.16571,0.73847,0.49119,0.53997,0.46765
0.76305,0.61466,0.12279,0.38891,0.70970,0.73541,0.63088,0.45932,0.64820,0.65812,0.50982,0.76260,0.64369
0.75833,0.75335,0.16854,0.42465,0.80827,0.87687,0.78330,0.60198,0.80194,0.83651,0.56814,0.84839,0.98340
0.72211,0.73013,0.16168,0.53901,0.70262,0.90529,0.80347,0.51888,0.80077,0.75242,0.49174,0.86551,0.92154
0.65550,0.63095,0.09593,0.63207,0.67804,0.69565,0.51569,0.50221,0.65359,0.70356,0.48714,0.76526,0.67626
0.57345,0.47117,0.13578,0.47202,0.68191,0.41197,0.35714,0.40434,0.53231,0.54082,0.45128,0.63990,0.21998
0.43391,0.36805,0.10080,0.47435,0.49523,0.48158,0.25923,0.27520,0.34289,0.44637,0.33421,0.35336,0.21808
0.27227,0.09252,0.07165,0.03459,0.09671,0.24128,0.06573,0.03205,0.12386,0.05657,0.18509,0.02336,0.06598
0.09328,-0.02565,0.10935,0.10252,-0.01799,0.15688,-0.03045,-0.16868,-0.06219,-0.04048,0.07418,-0.16547,-0.10484
-0.09570,-0.22130,0.07875,-0.10379,-0.21885,-0.14481,-0.24580,-0.22353,-0.32643,-0.31101,-0.10897,-0.26201,-0.26777
-0.28923,-0.36951,0.11694,-0.23350,-0.35398,-0.19223,-0.42575,-0.36525,-0.44527,-0.50079,-0.21936,-0.47701,-0.48199
-0.48268,-0.58355,0.11236,-0.44609,-0.62497,-0.60946,-0.56843,-0.73859,-0.64642,-0.62076,-0.34702,-0.66472,-0.56903
-0.66883,-0.77594,0.08142,-0.62494,-0.79663,-0.87526,-0.74552,-0.85489,-0.85274,-0.81808,-0.66996,-0.75651,-0.76487
-0.84273,-0.90662,0.11318,-0.74344,-0.82099,-0.95927,-0.92939,-0.94740,-1.15549,-0.96543,-0.84879,-0.82855,-0.86744
-0.99905,-1.01594,0.15918,-0.84794,-0.95633,-1.03132,-0.96104,-1.01398,-1.44364,-1.02071,-0.97100,-0.93401,-0.97940
-1.13454,-1.14984,0.18569,-1.06090,-1.05379,-1.13947,-1.06124,-1.01973,-1.65885,-1.09575,-1.08692,-1.19311,-1.12868
-1.24407,-1.26138,0.19541,-1.33741,-1.13989,-1.33720,-1.13254,-1.05984,-1.74512,-1.12309,-1.18137,-1.28096,-1.27637
-1.32404,-1.22226,0.18473,-1.42269,-1.19997,-1.21355,-1.10242,-1.03004,-1.65595,-1.10166,-1.12281,-1.18222,-1.19128
-1.37213,-1.32377,0.18260,-1.53134,-1.37952,-1.38711,-1.15846,-1.08434,-1.68874,-1.18818,-1.22108,-1.33044,-1.26845
-1.38784,-1.28074,0.15959,-1.54993,-1.49054,-1.34317,-1.12073,-1.06921,-1.37356,-1.12416,-1.26429,-1.21276,-1.25900
-1.37188,-1.34680,0.18082,-1.55891,-1.58693,-1.41179,-1.14649,-1.07458,-1.43910,-1.18974,-1.32449,-1.22905,-1.50689
-1.32518,-1.27646,0.16378,-1.44625,-1.39482,-1.41714,-1.11011,-1.08758,-1.17017,-1.07772,-1.20939,-1.33741,-1.51401
-1.24891,-1.22165,0.13106,-1.43943,-1.35464,-1.37575,-1.11651,-1.04255,-1.18571,-1.17057,-1.09439,-1.25366,-1.18333
-1.14459,-1.05924,0.10621,-1.15453,-1.14295,-1.11112,-1.02265,-1.04161,-1.15877,-1.16251,-0.87565,-0.89954,-1.02309
-1.01787,-1.03657,0.12907,-1.11783,-1.01819,-0.99046,-1.12325,-1.01020,-1.06952,-1.31068,-0.93117,-0.84032,-0.95405
-0.87255,-0.87865,0.11158,-1.05731,-0.80162,-0.79016,-0.92775,-0.96995,-0.85178,-1.02013,-0.74113,-0.75234,-0.87437
-0.71027,-0.64165,0.10822,-0.85019,-0.42249,-0.62500,-0.61443,-0.66796,-0.64666,-0.61630,-0.57974,-0.66890,-0.72484
-0.53584,-0.42617,0.12731,-0.70168,-0.28810,-0.37098,-0.47974,-0.37553,-0.48863,-0.33854,-0.35612,-0.31743,-0.54491
-0.35701,-0.29348,0.09950,-0.50441,-0.18595,-0.37855,-0.33224,-0.22815,-0.26125,-0.19698,-0.29965,-0.20717,-0.34047
-0.17827,-0.11639,0.15672,-0.31834,-0.15905,-0.23577,-0.25002,-0.11477,0.09532,0.12112,-0.21651,-0.15321,0.06729
-0.00130,0.14143,0.13476,-0.01503,0.27566,0.10339,0.08730,0.25675,0.20110,0.35635,0.06378,-0.07564,0.16067
0.16817,0.25697,0.10480,0.09247,0.34194,0.22808,0.27346,0.26215,0.23253,0.49481,0.23730,0.19457,0.21243
0.32124,0.27554,0.09119,0.11775,0.35797,0.35041,0.41438,0.24722,0.18585,0.32726,0.25991,0.29689,0.19778
0.45382,0.39521,0.12009,0.18828,0.45672,0.42669,0.54339,0.36290,0.33089,0.48190,0.38247,0.54327,0.23563
0.56209,0.32638,0.21571,0.02146,0.10215,0.44033,0.53294,0.51252,0.05339,0.53100,0.43486,0.48625,0.14889
0.64491,0.45675,0.15827,0.15839,0.51892,0.57110,0.65515,0.45910,0.19518,0.54952,0.48633,0.50119,0.47258
0.69884,0.56001,0.11012,0.34206,0.60824,0.61664,0.63844,0.55265,0.40964,0.64618,0.49378,0.66363,0.62880
0.72080,0.64518,0.12540,0.43294,0.61989,0.82637,0.75064,0.51034,0.63760,0.73025,0.52146,0.74584,0.67650
0.71175,0.71685,0.15063,0.44845,0.69766,0.81863,0.82187,0.54815,0.84605,0.74365,0.54698,0.82611,0.87097
0.67220,0.65123,0.16208,0.35468,0.62804,0.90664,0.64681,0.51997,0.67204,0.61065,0.54838,0.83214,0.79293
0.60362,0.53051,0.10837,0.39060,0.48708,0.65196,0.45273,0.45334,0.49686,0.51207,0.48271,0.73108,0.64665
0.50967,0.37038,0.08654,0.33964,0.49462,0.35036,0.30661,0.36086,0.40224,0.40185,0.36646,0.48665,0.19453
0.39352,0.32975,0.08169,0.35690,0.45083,0.36584,0.24509,0.32014,0.25476,0.38409,0.30290,0.42225,0.19469
0.25673,0.14914,0.05932,0.02147,0.14342,0.23631,0.11839,0.13940,0.15346,0.16166,0.22023,0.17562,0.12145
0.10356,0.05218,0.08273,0.03865,0.15163,0.13814,0.07383,-0.08835,0.05787,0.08321,0.10399,-0.09006,0.05284
-0.05902,-0.11613,0.06939,-0.05420,-0.00008,-0.08820,-0.08245,-0.17401,-0.17268,-0.11408,-0.06908,-0.21224,-0.19431
-0.22685,-0.31660,0.05403,-0.26233,-0.31263,-0.35168,-0.29401,-0.27405,-0.35755,-0.28803,-0.26016,-0.33119,-0.43439
-0.39827,-0.40916,0.11554,-0.16002,-0.44993,-0.55806,-0.44824,-0.41387,-0.47968,-0.44903,-0.25354,-0.44483,-0.43440
-0.56803,-0.58467,0.11975,-0.35038,-0.62963,-0.68243,-0.55176,-0.69070,-0.62171,-0.57692,-0.40075,-0.67448,-0.66795
-0.72766,-0.79964,0.07953,-0.70243,-0.95131,-0.81082,-0.73448,-0.85038,-0.75266,-0.72967,-0.89554,-0.80415,-0.76497
-0.87279,-0.86406,0.04285,-0.81730,-0.89570,-0.89297,-0.93122,-0.90875,-0.82582,-0.81916,-0.86716,-0.81418,-0.86830
-1.00191,-0.97189,0.05966,-1.02470,-0.90355,-0.88508,-1.04517,-0.90064,-0.95909,-1.04665,-0.99864,-0.98310,-0.97229
-1.10994,-1.10059,0.16593,-1.44499,-1.01338,-1.13673,-0.95759,-0.88373,-1.28018,-1.10670,-0.97572,-1.15296,-1.05397
-1.19063,-1.30393,0.28593,-1.64063,-1.08084,-1.30482,-1.15648,-1.07904,-1.67464,-1.29642,-1.31526,-0.82372,-1.66741
-1.24242,-0.83012,0.23085,-1.12298,-0.97517,-1.09027,-0.46526,-0.87480,-0.92912,-0.51246,-0.86677,-0.59292,-0.87149
-1.26548,-0.80179,0.20357,-0.89426,-0.97012,-0.92273,-0.36069,-1.02250,-0.93711,-0.66556,-0.79074,-0.60457,-0.84960
-1.25876,-1.45157,0.13916,-1.28189,-1.64579,-1.49072,-1.49063,-1.31858,-1.67501,-1.29691,-1.39313,-1.39238,-1.53069
-1.22267,-1.65411,0.27966,-1.78986,-2.25988,-1.58651,-1.32252,-1.47412,-1.50149,-1.43823,-1.56372,-1.64503,-1.95979
-1.00209,-1.29991,0.15089,-1.42643,-1.41329,-1.43048,-1.21258,-1.04796,-1.16158,-1.18715,-1.22221,-1.39510,-1.50227
-1.01475,-1.22294,0.14714,-1.28702,-1.52256,-1.38649,-1.12355,-1.05100,-1.16237,-1.11286,-1.08971,-1.23956,-1.25424
-1.01131,-1.15474,0.12487,-1.15241,-1.30413,-1.29910,-1.12653,-1.06592,-1.25096,-1.23273,-0.92595,-1.01229,-1.17735
-0.99243,-1.13114,0.14077,-1.17949,-1.26048,-1.05362,-1.03778,-1.03195,-1.19295,-1.39490,-0.96732,-0.96980,-1.22309
-0.90743,-0.96820,0.12340,-0.95244,-1.09598,-0.97022,-0.89696,-0.88177,-0.95840,-1.20698,-0.88820,-0.77615,-1.05493
-0.73196,-0.77122,0.11606,-0.90965,-0.74267,-0.71376,-0.61308,-0.73214,-0.87531,-0.79281,-0.63993,-0.72080,-0.97204
-0.55289,-0.33955,0.08476,-0.47425,-0.31989,-0.31461,-0.34405,-0.25372,-0.33112,-0.31563,-0.31401,-0.23065,-0.49756
-0.36629,-0.35066,0.11875,-0.53835,-0.34293,-0.31149,-0.35685,-0.22669,-0.42119,-0.19423,-0.27652,-0.29599,-0.54237
-0.17969,-0.16106,0.11999,-0.30072,-0.21616,-0.04021,-0.19121,-0.13947,-0.14087,0.10194,-0.22691,-0.16505,-0.29192
0.00508,0.14138,0.12507,0.01249,0.07113,0.26864,0.06974,0.24382,0.17805,0.39452,0.04207,0.08866,0.04471
0.18221,0.27767,0.10498,0.15131,0.35827,0.24324,0.24715,0.35242,0.23716,0.50919,0.27091,0.24055,0.16648
0.34412,0.35814,0.11432,0.20847,0.47705,0.35628,0.45581,0.39132,0.22355,0.47692,0.43992,0.37105,0.18104
0.48551,0.57133,0.09162,0.38261,0.65509,0.68723,0.59231,0.45576,0.57006,0.59519,0.54103,0.61281,0.62118
0.60317,0.70672,0.13766,0.48522,0.69612,0.87408,0.94431,0.61535,0.73607,0.65935,0.56224,0.72165,0.77279
0.69287,0.79564,0.15777,0.51647,0.73593,0.91603,1.02877,0.86067,0.83624,0.81773,0.54730,0.85071,0.84660
0.75048,0.72500,0.13527,0.44172,0.74190,0.88718,0.81880,0.71351,0.76112,0.81741,0.53938,0.79196,0.73701
0.77465,0.59378,0.14927,0.33853,0.59107,0.85465,0.66876,0.51367,0.67538,0.69375,0.52474,0.65647,0.42079
0.76577,0.74023,0.13647,0.51590,0.81298,0.85188,0.87371,0.57193,0.77296,0.79208,0.56823,0.76257,0.88001
0.72532,0.73242,0.12989,0.60366,0.76943,0.87201,0.85289,0.52121,0.79363,0.69793,0.55521,0.81804,0.84020
0.65400,0.54526,0.09700,0.49791,0.60549,0.49059,0.50703,0.40588,0.48252,0.64177,0.46533,0.67519,0.68094
0.55455,0.45519,0.14116,0.52112,0.63162,0.40435,0.29635,0.35539,0.44219,0.56620,0.45558,0.65534,0.22381
0.42995,0.30918,0.12664,0.28709,0.62159,0.26228,0.23046,0.27957,0.24170,0.41131,0.27787,0.31557,0.16433
0.28399,0.19747,0.08467,0.10269,0.35846,0.22372,0.09069,0.25357,0.20260,0.16909,0.28561,0.13721,0.15105
0.12210,0.05555,0.09192,0.07384,0.19879,0.12336,0.02997,-0.03809,0.06316,0.03403,0.14533,-0.12489,0.04998
-0.05117,-0.16055,0.08815,-0.06430,-0.14631,-0.11231,-0.13162,-0.19218,-0.17961,-0.29335,-0.00424,-0.26319,-0.21836
-0.23242,-0.23638,0.08571,-0.10039,-0.26290,-0.22983,-0.31187,-0.22188,-0.25411,-0.38734,-0.17772,-0.28920,-0.12852
-0.41668,-0.39506,0.11132,-0.26883,-0.34144,-0.31102,-0.48503,-0.43382,-0.43725,-0.60026,-0.29310,-0.49416,-0.28571
-0.59850,-0.64064,0.08014,-0.47752,-0.53661,-0.66864,-0.62173,-0.71725,-0.72322,-0.68815,-0.66032,-0.69767,-0.61528
-0.77095,-0.84041,0.08982,-0.82424,-0.75050,-0.93834,-0.88979,-0.84920,-1.01579,-0.85499,-0.76701,-0.78821,-0.72605
-0.93002,-0.91775,0.10671,-0.84451,-0.88125,-0.99373,-0.99654,-0.85159,-1.12372,-0.89309,-0.96399,-0.89500,-0.73406
-1.07052,-1.08639,0.15117,-1.05715,-1.07557,-1.08319,-1.08359,-0.97449,-1.49013,-0.95493,-1.02301,-1.00370,-1.11817
-1.18606,-1.23538,0.19288,-1.23241,-1.17937,-1.19029,-1.14220,-1.07752,-1.75432,-1.11988,-1.13522,-1.22958,-1.29304
-1.27300,-1.21770,0.17765,-1.23505,-1.21943,-1.26590,-1.15758,-1.06334,-1.68350,-1.10722,-1.06657,-1.20165,-1.17673
-1.32970,-1.26444,0.15654,-1.37671,-1.28186,-1.27629,-1.17736,-1.07158,-1.63404,-1.11271,-1.22567,-1.26356,-1.22460
-1.35466,-1.26689,0.14645,-1.42132,-1.36346,-1.33774,-1.17122,-1.04297,-1.46071,-1.05236,-1.36082,-1.21702,-1.24133
-1.34669,-1.25585,0.12544,-1.33499,-1.25722,-1.39686,-1.15450,-1.05070,-1.37710,-1.05730,-1.31565,-1.29827,-1.31586
-1.30654,-1.19105,0.16221,-1.30490,-1.10260,-1.42582,-1.09927,-0.94178,-1.24641,-0.98113,-1.14636,-1.36263,-1.29958
-1.23567,-1.12807,0.11805,-1.22311,-1.07735,-1.34189,-1.02709,-1.02796,-1.17869,-0.98797,-1.03936,-1.26105,-1.11626
-1.13643,-1.00630,0.10317,-1.04636,-0.88698,-1.15704,-0.98713,-1.00885,-1.15442,-0.94140,-0.85638,-0.94839,-1.07610
-1.01255,-0.89598,0.09546,-0.99456,-0.77752,-0.96273,-0.79294,-0.92290,-1.00013,-0.93377,-0.74874,-0.85035,-0.97615
-0.86905,-0.67468,0.07777,-0.72360,-0.58786,-0.69431,-0.67070,-0.55777,-0.75278,-0.75007,-0.57856,-0.66055,-0.77064
-0.70810,-0.56019,0.08939,-0.66909,-0.48804,-0.50397,-0.53236,-0.39144,-0.64445,-0.53973,-0.54653,-0.62115,-0.66516
-0.53363,-0.45354,0.13520,-0.59124,-0.40766,-0.18398,-0.45201,-0.29134,-0.57155,-0.44336,-0.44495,-0.55178,-0.59748
-0.35078,-0.28222,0.10366,-0.45993,-0.28591,-0.15434,-0.21878,-0.15161,-0.42790,-0.34495,-0.26169,-0.28060,-0.23647
-0.16689,-0.04060,0.11861,-0.19389,0.05708,0.04199,-0.05676,0.19843,0.00580,-0.14684,-0.12764,-0.13111,-0.05305
0.01478,0.13293,0.13409,-0.01702,0.29213,0.25174,-0.01106,0.32071,0.19354,0.07256,0.14072,-0.05781,0.14383
0.18979,0.24048,0.07358,0.12416,0.35424,0.30201,0.16215,0.29861,0.21540,0.25660,0.28818,0.23905,0.16438
0.35082,0.44664,0.10717,0.43317,0.52614,0.38356,0.31688,0.41502,0.54571,0.36578,0.43630,0.67563,0.36819
0.49064,0.46766,0.15910,0.45676,0.50990,0.53540,0.44269,0.49411,0.59395,0.09266,0.46730,0.70378,0.38002
0.60727,0.51673,0.13485,0.49705,0.61781,0.72602,0.48172,0.32040,0.62658,0.63755,0.35103,0.39280,0.51636
0.69696,0.95194,0.28571,0.77800,1.08448,0.82799,1.52655,0.43026,0.86525,1.19374,0.89920,0.94345,0.97051
0.75583,1.07061,0.29753,0.90652,1.02668,0.92794,1.50764,0.68739,1.06160,1.12122,0.66233,1.50281,1.30199
0.78098,1.11961,0.35720,0.94208,1.11912,0.97110,1.82434,0.79536,1.16599,1.02959,0.58369,1.55176,1.21307
0.77273,1.09082,0.25392,1.27025,1.10339,1.33687,1.39923,0.69198,1.05665,0.83392,0.75094,1.16044,1.30450
0.73307,0.86780,0.27744,0.92581,1.44647,0.93363,0.75848,0.39115,0.67685,0.76646,0.93685,1.08527,0.75700
0.66243,0.68708,0.28173,0.61905,0.96836,1.05758,0.85348,0.51599,0.40246,0.64318,0.37958,1.07418,0.35691
0.61875,0.47725,0.29892,0.40558,0.29489,1.11821,0.41237,0.34219,0.21873,0.39249,0.35796,0.93620,0.29390
0.38890,0.11789,0.13831,0.00875,0.09123,0.34387,0.09237,-0.03046,-0.00415,0.08213,0.21330,0.34886,0.03302
0.13749,-0.05462,0.13115,-0.06048,-0.01802,0.24892,-0.02562,-0.16303,-0.01506,-0.24416,-0.03110,-0.15356,-0.08410
-0.12726,-0.17851,0.28566,-0.29735,-0.45401,0.41786,-0.12321,-0.43041,0.22086,-0.24782,-0.18173,-0.30802,-0.38131
-0.39320,-0.47837,0.29744,-0.67294,-0.80743,-0.42884,-0.54454,-0.63418,0.27200,-0.54017,-0.43641,-0.65334,-0.33787
-0.52757,-0.78817,0.15728,-0.75918,-0.74980,-1.03325,-0.86481,-0.74769,-0.76696,-0.81102,-0.41682,-0.83666,-0.89553
-0.86540,-1.08258,0.19125,-1.08188,-1.26334,-1.23802,-1.21337,-0.93359,-1.05849,-1.31136,-0.81880,-0.75700,-1.14997
-1.19348,-1.22341,0.14440,-1.05805,-1.46416,-1.28901,-1.25542,-1.10717,-1.31226,-1.38946,-1.03322,-1.11525,-1.21011
-1.49987,-1.41810,0.22930,-1.33912,-1.95178,-1.33640,-1.37813,-1.21245,-1.47545,-1.49299,-1.26866,-1.58011,-1.14588
-1.77565,-1.68683,0.34700,-1.49650,-2.37526,-1.94223,-1.79474,-1.29445,-1.90985,-1.63627,-1.40774,-1.77656,-1.23465
-2.02348,-1.95816,0.41054,-1.73312,-2.90424,-2.33620,-2.05655,-1.60411,-2.04544,-1.81860,-1.72549,-1.84631,-1.51155
-2.24509,-2.15722,0.43338,-2.11039,-3.11319,-2.53203,-2.44420,-1.81656,-2.06165,-1.84010,-2.12897,-1.84429,-1.68083
-2.27976,-2.35365,0.48982,-2.17647,-3.51737,-2.69906,-2.50934,-1.94945,-2.24948,-2.01648,-2.49529,-1.87492,-2.04867
-2.54468,-2.46095,0.55037,-1.93627,-3.84923,-2.68299,-2.52846,-2.13410,-2.33045,-2.07439,-2.68560,-2.15280,-2.23521
-2.78454,-2.64237,0.42985,-1.99974,-3.52778,-2.95368,-2.79137,-2.51432,-2.46902,-2.13293,-2.75727,-2.75650,-2.52112
-2.99818,-2.82602,0.32890,-2.41363,-3.22536,-3.15922,-3.07750,-3.18619,-2.64563,-2.34215,-2.66344,-2.91745,-2.62959
-3.18460,-2.94016,0.36509,-2.54095,-3.15261,-3.54323,-3.30845,-3.22357,-2.72721,-2.49733,-2.81841,-3.03682,-2.55302
-3.34291,-3.06304,0.30727,-2.77108,-3.26080,-3.61655,-3.32981,-2.98868,-3.00296,-2.64724,-2.86458,-3.32553,-2.82320
-3.47239,-3.16950,0.38897,-2.65215,-3.66799,-3.82671,-3.35099,-2.92026,-3.17562,-2.84011,-2.96726,-3.43686,-2.85702
-3.37066,-3.32406,0.44173,-2.93939,-3.83386,-4.00839,-3.66372,-3.30046,-3.40224,-2.73479,-2.84794,-3.55020,-2.95957
-3.54966,-3.36602,0.44064,-2.98207,-3.89553,-4.08800,-3.61384,-3.25119,-3.35158,-2.93758,-2.97636,-3.71455,-2.84953
-3.70062,-3.38023,0.47956,-2.76786,-4.08699,-4.00816,-3.62509,-3.63635,-3.33377,-3.01669,-2.79319,-3.55938,-2.97478
-3.82286,-3.60292,0.42778,-3.11745,-4.11682,-4.19428,-3.70736,-3.96442,-3.65417,-3.22482,-3.12494,-3.81061,-3.11434
-3.91581,-3.74683,0.46446,-3.16237,-4.43804,-4.25483,-3.97295,-4.28793,-3.52648,-3.53930,-3.33388,-3.71246,-3.24006
-3.97912,-3.78231,0.38273,-3.20176,-4.14014,-4.24798,-4.15390,-4.14768,-3.58446,-3.78080,-3.61882,-3.70674,-3.24082
-4.01255,-3.75068,0.39035,-3.07715,-4.48206,-4.05473,-3.97645,-3.83190,-3.58469,-3.79641,-3.57031,-3.79327,-3.33986
-3.77126,-3.71106,0.31952,-3.11778,-3.80020,-4.31236,-3.83318,-3.43695,-3.80503,-3.61807,-3.86262,-3.83833,-3.48605
-3.85762,-3.48202,0.37968,-3.19943,-3.47030,-4.39139,-3.82875,-3.09838,-3.49749,-3.24041,-3.44465,-3.40694,-3.24247
-3.91450,-3.45657,0.32586,-3.13242,-3.30002,-4.20023,-3.70604,-3.16312,-3.69811,-3.36515,-3.32736,-3.41576,-3.25744
-3.94167,-3.67271,0.37645,-3.56322,-3.47745,-4.37539,-3.84036,-3.96934,-4.06086,-3.19533,-3.31328,-3.36062,-3.57122
-3.93910,-3.59166,0.40089,-3.15713,-3.63606,-4.45391,-3.73475,-3.55412,-3.96416,-3.09835,-3.38424,-3.33656,-3.59731
-3.90687,-3.54647,0.47232,-3.12978,-3.82685,-4.58578,-3.52301,-3.65997,-3.85962,-2.98330,-3.13466,-3.27536,-3.48637
-3.84523,-3.56940,0.55086,-3.38303,-4.15657,-4.76869,-3.26929,-3.76981,-3.69043,-2.92898,-3.30376,-3.08558,-3.33790
-3.47601,-3.29756,0.44357,-3.17414,-3.73086,-4.25326,-3.02323,-3.43153,-3.44721,-2.81861,-3.28434,-2.86795,-2.94444
-3.46789,-3.28991,0.46693,-3.23759,-3.64380,-4.25686,-2.88820,-3.58784,-3.38970,-2.99543,-3.34540,-2.66869,-2.88559
-3.43032,-3.16716,0.44488,-3.16916,-3.47334,-3.80953,-2.78960,-3.65450,-3.19326,-2.73392,-3.54686,-2.77062,-2.53078
-3.36358,-3.10390,0.44571,-3.25424,-3.10910,-3.43917,-2.80965,-3.96577,-2.93275,-2.58993,-3.54653,-2.71997,-2.67186
-3.26806,-2.98105,0.36512,-2.99212,-2.90364,-3.30017,-2.84845,-3.59521,-2.57500,-2.74798,-3.49642,-2.56198,-2.78952
-3.14433,-2.61065,0.34839,-2.48138,-2.61837,-3.23200,-2.54723,-3.08426,-2.21241,-2.57746,-2.83435,-2.30888,-2.21012
-2.99304,-2.57843,0.33014,-2.49713,-2.73505,-3.22398,-2.35154,-2.91600,-2.17949,-2.36931,-2.77692,-2.23269,-2.50215
-2.81504,-2.37370,0.30213,-2.45378,-2.33193,-2.77280,-1.75825,-2.56735,-2.39204,-2.21051,-2.70677,-2.07284,-2.47069
-2.42268,-2.22768,0.30209,-2.24150,-1.84508,-2.70423,-1.92860,-2.24369,-2.31927,-1.92088,-2.72472,-2.13750,-2.21134
-2.29475,-2.05829,0.26813,-2.37832,-1.78820,-2.34415,-1.66211,-1.89033,-2.09536,-2.00961,-2.46322,-1.86743,-2.08422
-2.13955,-1.86881,0.19531,-2.07163,-1.77423,-2.12752,-1.47613,-1.75299,-1.92381,-1.73340,-1.93998,-1.84204,-2.04638
-1.95790,-1.34622,0.09983,-1.38767,-1.25967,-1.57942,-1.22769,-1.32356,-1.32839,-1.28318,-1.37224,-1.40733,-1.29301
-1.75077,-1.09019,0.10063,-0.99451,-1.01811,-1.28467,-1.05602,-1.11174,-1.15486,-1.18964,-0.94706,-1.03984,-1.10540
-1.51920,-0.99457,0.10170,-0.96227,-0.90819,-1.16812,-0.96056,-1.16065,-1.00290,-0.91588,-0.86402,-0.96751,-1.03565
-1.26440,-0.83759,0.09963,-0.84678,-0.70445,-1.03525,-0.82014,-0.93668,-0.81842,-0.90469,-0.74820,-0.74194,-0.81940
-0.80501,-0.54690,0.15440,-0.65139,-0.36717,-0.74946,-0.45776,-0.75397,-0.51306,-0.62044,-0.56113,-0.27904,-0.51554
-0.60296,-0.13129,0.11556,-0.19347,-0.02115,-0.08878,-0.15836,-0.05266,-0.26797,-0.25450,-0.26522,-0.08275,0.07196
-0.39770,0.07574,0.12093,-0.08830,0.19444,0.17024,0.10468,0.18225,0.11440,0.08619,-0.17512,0.03520,0.13345
-0.19359,0.28637,0.11407,0.11492,0.43072,0.31294,0.33603,0.40773,0.21200,0.35857,0.14144,0.36675,0.18264
0.00565,0.33397,0.10398,0.13894,0.36076,0.41121,0.44115,0.37705,0.28829,0.34567,0.29199,0.47482,0.20981
0.19846,0.33524,0.12153,0.10846,0.44685,0.36843,0.49587,0.37153,0.23836,0.45032,0.33159,0.34053,0.20050
0.52350,0.26281,0.16678,0.05476,0.33656,0.37001,0.55548,0.35768,0.12121,0.38877,0.25814,0.06383,0.12165
0.56796,0.34798,0.13945,0.13225,0.42638,0.47970,0.50310,0.39279,0.21027,0.42621,0.29835,0.45986,0.15092
0.58200,0.56375,0.14437,0.41634,0.69664,0.53116,0.82118,0.50033,0.43359,0.72740,0.41698,0.62111,0.47277
0.57071,0.44767,0.18246,0.26412,0.67521,0.41348,0.71349,0.45428,0.28101,0.47599,0.38503,0.63777,0.17631
0.53468,0.31761,0.11342,0.12621,0.48801,0.42508,0.34129,0.36748,0.22038,0.33195,0.32202,0.38292,0.17077
0.47507,0.31297,0.12787,0.18064,0.33827,0.36848,0.28811,0.23058,0.21925,0.35299,0.38797,0.59742,0.16603
0.39347,0.32021,0.15136,0.33342,0.50714,0.26168,0.37435,0.11731,0.23240,0.24997,0.38673,0.59497,0.14415
0.29234,0.15304,0.10619,0.01801,0.31949,0.23384,0.09258,0.05565,0.13625,0.06389,0.20196,0.30432,0.10436
0.17539,0.17833,0.09801,0.09007,0.20876,0.28946,0.08032,0.16381,0.16438,0.04266,0.25505,0.35012,0.13862
0.04588,0.04649,0.10219,0.07493,0.21355,0.17995,0.03174,-0.10874,-0.02417,-0.06918,0.11047,0.02719,0.02913
-0.09369,-0.16401,0.11357,-0.03319,-0.03427,-0.04133,-0.18101,-0.20023,-0.38446,-0.23790,-0.10021,-0.17907,-0.24846
-0.23858,-0.31092,0.11765,-0.19622,-0.26498,-0.21750,-0.36633,-0.24928,-0.47964,-0.40935,-0.18695,-0.24034,-0.49858
-0.38462,-0.40597,0.11078,-0.23686,-0.32696,-0.30547,-0.44438,-0.36789,-0.52344,-0.56181,-0.34212,-0.40203,-0.54879
-0.52793,-0.47323,0.10885,-0.27736,-0.42028,-0.43396,-0.50815,-0.52829,-0.54972,-0.62746,-0.32184,-0.52752,-0.53773
-0.66547,-0.69716,0.07298,-0.59308,-0.60374,-0.77334,-0.66724,-0.72203,-0.80450,-0.71087,-0.62747,-0.70576,-0.76364
-0.79297,-0.77768,0.06948,-0.73512,-0.73947,-0.94648,-0.72731,-0.77281,-0.83977,-0.75616,-0.71418,-0.75375,-0.79170
-0.90510,-0.91578,0.08638,-0.90947,-0.84195,-1.02024,-0.94555,-0.83884,-1.04569,-0.88307,-0.85871,-0.80085,-1.01342
-0.99843,-0.98835,0.13498,-1.00142,-0.89481,-1.15311,-0.98408,-0.86584,-1.21951,-0.98279,-0.85212,-0.82391,-1.10588
-1.07170,-1.05827,0.10037,-1.06517,-1.04946,-1.18069,-1.06371,-0.90512,-1.22351,-0.97867,-1.00998,-0.96363,-1.14280
-1.12197,-1.13949,0.13955,-1.11302,-1.08400,-1.40889,-1.10420,-1.00059,-1.31387,-1.10411,-1.04271,-0.97795,-1.24552
-1.14661,-1.15717,0.13392,-1.06681,-1.22368,-1.39998,-1.08607,-0.97390,-1.29424,-1.09765,-1.18020,-1.01005,-1.23911
-1.14585,-1.17764,0.13934,-1.26022,-1.25884,-1.43408,-1.02615,-1.07118,-1.23797,-1.11955,-1.16530,-0.95573,-1.24742
-1.11980,-1.01999,0.09251,-0.92446,-1.01953,-1.20080,-1.01529,-0.94828,-1.04504,-1.10199,-0.94555,-0.90915,-1.08976
-1.06944,-0.94034,0.09516,-0.83218,-0.91337,-1.09882,-0.94197,-0.97511,-0.90333,-1.07828,-0.82129,-0.85908,-0.98000
-0.99671,-0.95236,0.10393,-0.82408,-0.92127,-1.04619,-0.96309,-0.99516,-1.02152,-1.12020,-0.82634,-0.81538,-0.99041
-0.90397,-0.88777,0.10982,-0.93788,-0.73563,-1.04953,-0.96773,-0.90172,-0.89804,-0.97381,-0.73751,-0.75112,-0.92478
-0.79287,-0.70357,0.09421,-0.70919,-0.55789,-0.75499,-0.77001,-0.64164,-0.66317,-0.90101,-0.66313,-0.63756,-0.73706
-0.66876,-0.55513,0.07922,-0.57309,-0.50865,-0.58068,-0.53219,-0.52571,-0.58286,-0.68595,-0.58675,-0.37821,-0.59724
-0.53556,-0.39467,0.12242,-0.49743,-0.18534,-0.43314,-0.36207,-0.38369,-0.48158,-0.32729,-0.53351,-0.22068,-0.52192
-0.39541,-0.24681,0.12984,-0.36781,-0.03489,-0.27004,-0.35271,-0.23005,-0.31526,-0.03644,-0.31896,-0.15952,-0.38239
-0.25258,-0.13216,0.06876,-0.22407,-0.12888,-0.04643,-0.19677,-0.16258,-0.06994,-0.15717,-0.21438,-0.07024,-0.05117
-0.11266,-0.10899,0.08781,-0.26436,-0.13056,-0.09469,-0.16500,-0.07214,-0.13016,0.02477,-0.18777,-0.08292,0.01292
0.02061,0.04278,0.10053,-0.14244,0.07840,0.07405,0.01328,0.11776,0.07624,0.18924,-0.11073,0.04738,0.08463
0.14455,0.19162,0.13444,-0.11113,0.07395,0.28316,0.31477,0.27467,0.17951,0.22651,0.15099,0.34502,0.17880
0.25339,0.23290,0.10729,-0.03977,0.26129,0.30537,0.30503,0.28155,0.19756,0.29011,0.24946,0.31251,0.16583
0.34409,0.26760,0.10179,0.05152,0.34158,0.35981,0.32761,0.31304,0.17878,0.35375,0.28470,0.29918,0.16604
0.41494,0.30516,0.11564,0.10467,0.40387,0.34742,0.34561,0.33587,0.20349,0.32683,0.33685,0.48716,0.15986
0.46325,0.44599,0.11494,0.38763,0.59182,0.47179,0.38433,0.46186,0.29926,0.47090,0.43748,0.65814,0.29672
0.48751,0.39508,0.14709,0.27690,0.61407,0.45030,0.32600,0.42591,0.22929,0.42809,0.39518,0.62088,0.18419
0.48688,0.40133,0.12260,0.31803,0.55999,0.47555,0.34690,0.45440,0.25445,0.38481,0.41633,0.58822,0.21458
0.46199,0.36365,0.10262,0.20637,0.51682,0.36555,0.30178,0.44422,0.24943,0.39070,0.38590,0.48985,0.28583
0.41381,0.35529,0.13298,0.19808,0.44293,0.42067,0.20455,0.42847,0.28897,0.35026,0.35628,0.62933,0.23331
0.34455,0.16284,0.11978,-0.03370,0.33472,0.24076,0.11460,0.06703,0.18532,0.04261,0.26372,0.29154,0.12181
0.25656,0.18488,0.12032,-0.00349,0.39780,0.27527,0.08172,0.20254,0.17850,0.07944,0.28874,0.23806,0.11024
0.15265,0.01614,0.09479,-0.00736,0.05385,0.10696,0.01675,0.01068,-0.03183,-0.18859,0.17647,-0.00602,0.03050
0.03430,-0.08287,0.09598,-0.04511,-0.07688,0.00530,-0.05147,-0.16600,-0.23617,-0.13988,0.10345,-0.14787,-0.07405
-0.09283,-0.20855,0.09988,-0.08812,-0.16588,-0.16894,-0.30856,-0.18907,-0.38386,-0.30072,-0.05960,-0.20363,-0.21709
-0.22500,-0.22795,0.07572,-0.14091,-0.22942,-0.19124,-0.27106,-0.22721,-0.32035,-0.34828,-0.09634,-0.24274,-0.21198
-0.36076,-0.40183,0.08704,-0.30206,-0.30555,-0.38259,-0.44609,-0.40543,-0.47803,-0.52603,-0.29210,-0.36809,-0.51233
-0.49577,-0.48329,0.11667,-0.25391,-0.42442,-0.45505,-0.52705,-0.47617,-0.53210,-0.63703,-0.35608,-0.60202,-0.56904
-0.62556,-0.64181,0.08634,-0.54168,-0.58786,-0.78874,-0.55770,-0.67039,-0.68553,-0.71586,-0.51956,-0.66886,-0.68191
-0.74350,-0.67682,0.09126,-0.61141,-0.69714,-0.84313,-0.62411,-0.76397,-0.70634,-0.69086,-0.50496,-0.68824,-0.63805
-0.84623,-0.74483,0.08822,-0.60914,-0.74791,-0.90040,-0.77851,-0.78996,-0.75601,-0.82332,-0.63177,-0.73816,-0.67313
-0.83703,-0.87818,0.07753,-0.81720,-0.87680,-0.99028,-0.91456,-0.83146,-0.96431,-0.95235,-0.76793,-0.78233,-0.88455
-0.97730,-0.96240,0.10999,-0.91125,-0.96425,-1.05057,-0.94324,-0.87812,-1.20626,-0.97472,-0.88592,-0.80757,-1.00206
-1.09774,-0.98879,0.10795,-0.91511,-0.96510,-1.08953,-1.01331,-0.89459,-1.19975,-1.07027,-0.93248,-0.83134,-0.97644
-1.19184,-0.95114,0.09949,-0.86134,-0.95382,-1.09423,-1.01837,-0.83413,-1.02077,-1.07784,-0.91269,-0.81211,-0.92607
-1.25661,-1.01969,0.11855,-0.96857,-1.03723,-1.10448,-1.15482,-0.88080,-1.17390,-1.14335,-0.92006,-0.86008,-0.95365
-1.18814,-1.12389,0.13911,-1.07351,-1.10295,-1.23787,-1.21155,-0.98199,-1.35321,-1.27946,-1.02404,-0.93135,-1.04296
-1.26971,-1.17757,0.14262,-1.13157,-1.16419,-1.37658,-1.18719,-1.04867,-1.40803,-1.30339,-1.09373,-0.97817,-1.08417
-1.32297,-1.14964,0.17614,-1.26381,-1.11469,-1.28351,-1.13428,-0.95957,-1.38973,-1.39257,-1.04140,-0.89058,-1.02630
-1.34475,-1.12016,0.13759,-1.16682,-1.13710,-1.16853,-1.12681,-0.99468,-1.30769,-1.33741,-1.05098,-0.89022,-1.02138
-1.33393,-1.02988,0.14246,-1.00652,-0.97027,-1.22765,-1.09962,-0.87528,-1.22001,-1.15231,-0.92815,-0.80898,-1.00998
-1.17681,-1.09257,0.13037,-1.17386,-1.00903,-1.29702,-1.11877,-0.94775,-1.27662,-1.12700,-1.03840,-0.90865,-1.02856
-1.18278,-1.06155,0.15777,-1.22261,-0.94724,-1.37166,-1.10351,-0.94377,-1.17172,-1.09140,-0.90813,-0.90722,-0.94821
-1.16499,-0.90420,0.14791,-0.97087,-0.84288,-1.24208,-0.96716,-0.75923,-0.96064,-0.94645,-0.77519,-0.81402,-0.76344
-1.12055,-0.89260,0.11868,-0.94911,-0.78812,-1.15816,-0.81674,-0.77426,-0.96651,-0.96597,-0.80171,-0.85872,-0.84667
-1.05116,-0.84300,0.12990,-0.74816,-0.69899,-1.12905,-0.88252,-0.84441,-0.90118,-0.90184,-0.68408,-0.87268,-0.76707
-0.96001,-0.88884,0.11324,-0.83933,-0.81360,-0.98972,-0.73631,-0.92687,-0.94358,-1.03791,-0.69763,-0.98857,-0.91490
-0.80312,-0.70824,0.06155,-0.77635,-0.69990,-0.74128,-0.58719,-0.72587,-0.79003,-0.66650,-0.65390,-0.74930,-0.69211
-0.75026,-0.60282,0.10085,-0.61835,-0.57331,-0.76949,-0.52691,-0.63327,-0.62542,-0.65819,-0.39387,-0.67970,-0.54974
-0.68541,-0.46137,0.10479,-0.42990,-0.48528,-0.64706,-0.38747,-0.50433,-0.43184,-0.56982,-0.28157,-0.50690,-0.36954
-0.60978,-0.56758,0.10121,-0.62550,-0.52337,-0.67466,-0.46773,-0.58938,-0.57139,-0.66670,-0.36780,-0.67756,-0.51175
-0.52519,-0.49077,0.11639,-0.43811,-0.43402,-0.43824,-0.40390,-0.65943,-0.50555,-0.73918,-0.37833,-0.44786,-0.46307
-0.39307,-0.23539,0.16165,-0.13137,-0.33203,-0.01046,-0.16586,-0.29979,-0.33976,-0.55874,-0.27928,-0.19128,-0.04534
-0.37176,-0.23325,0.14543,-0.11772,-0.36696,-0.01126,-0.26623,-0.20813,-0.35572,-0.49883,-0.22583,-0.19323,-0.08858
-0.35045,-0.16752,0.10286,-0.05991,-0.26957,-0.05333,-0.12277,-0.18388,-0.20639,-0.34880,-0.23136,-0.17117,-0.02805
-0.32797,-0.21159,0.12465,-0.26137,-0.32069,-0.07934,-0.03733,-0.19385,-0.24854,-0.47274,-0.20064,-0.16045,-0.14097
-0.21247,-0.28065,0.16423,-0.15211,-0.42954,-0.04468,-0.11741,-0.19299,-0.42488,-0.54345,-0.28766,-0.20026,-0.41358
-0.26638,-0.29652,0.15724,-0.27426,-0.51918,-0.08643,-0.08268,-0.17453,-0.42528,-0.41969,-0.27697,-0.23236,-0.47385
-0.32373,-0.32525,0.12029,-0.32737,-0.36624,-0.27285,-0.21234,-0.18165,-0.47053,-0.51615,-0.23797,-0.21729,-0.45016
-0.38035,-0.40484,0.11564,-0.33631,-0.44618,-0.28985,-0.37078,-0.27508,-0.51340,-0.59612,-0.28554,-0.38934,-0.54582
-0.43505,-0.50795,0.16633,-0.41472,-0.70227,-0.39408,-0.51764,-0.31428,-0.54197,-0.80107,-0.26583,-0.56132,-0.56638
-0.41755,-0.71252,0.12933,-0.87175,-0.81381,-0.79599,-0.57102,-0.49672,-0.76252,-0.86929,-0.61336,-0.66659,-0.66419
-0.53961,-0.79636,0.10828,-0.94460,-0.89722,-0.88156,-0.70467,-0.64849,-0.83057,-0.88142,-0.64260,-0.73471,-0.79776
-0.65509,-0.87617,0.10491,-1.02421,-1.01393,-0.96680,-0.81917,-0.72479,-0.92825,-0.85088,-0.82918,-0.74183,-0.86272
-0.76048,-0.94279,0.10451,-1.06141,-1.05990,-1.05519,-0.94885,-0.78801,-0.96889,-0.94310,-0.84490,-0.79096,-0.96666
-0.84951,-1.09375,0.16467,-1.18158,-1.41950,-1.15051,-1.06484,-0.86739,-1.12518,-1.15348,-1.11273,-0.83857,-1.02376
-0.91943,-1.11034,0.14868,-1.15914,-1.39773,-1.25451,-1.05276,-0.90368,-1.15531,-1.14157,-1.06418,-0.91066,-1.06390
-0.96827,-1.18721,0.13226,-1.20142,-1.43720,-1.29287,-1.20100,-1.03317,-1.17664,-1.12886,-1.30458,-1.00516,-1.09124
-0.99552,-1.28789,0.08963,-1.31482,-1.40600,-1.38156,-1.21259,-1.29153,-1.15759,-1.17408,-1.39132,-1.24155,-1.30790
-0.99991,-1.27987,0.06942,-1.38275,-1.23249,-1.36982,-1.23731,-1.33931,-1.17071,-1.27918,-1.20908,-1.29160,-1.28648
-0.98101,-1.16087,0.07158,-1.22836,-1.16834,-1.23650,-1.22033,-1.13916,-1.06185,-1.21805,-1.08249,-1.19838,-1.05527
-0.93977,-1.14552,0.13008,-1.23613,-1.13371,-1.09713,-1.03359,-1.18685,-1.21231,-1.37084,-0.87902,-1.13040,-1.17525
-0.87740,-1.02571,0.09798,-1.18235,-0.90839,-1.14387,-1.04930,-0.98752,-1.04202,-1.04226,-0.90054,-0.91489,-1.08603
-0.79644,-1.00351,0.11601,-1.12838,-0.89003,-1.03252,-0.91276,-1.07771,-1.06532,-1.10378,-0.78626,-0.92830,-1.11007
-0.69963,-0.81932,0.10889,-1.02086,-0.74609,-0.93787,-0.75763,-0.71642,-0.83070,-0.87320,-0.65136,-0.80910,-0.85002
-0.61291,-0.69315,0.10986,-0.90766,-0.65962,-0.77304,-0.59010,-0.71602,-0.69477,-0.53158,-0.58678,-0.69802,-0.77386
-0.45514,-0.48347,0.17479,-0.76825,-0.21262,-0.56723,-0.48599,-0.29223,-0.58118,-0.30755,-0.40670,-0.59510,-0.61784
-0.29034,-0.42873,0.14217,-0.67174,-0.35304,-0.55771,-0.42899,-0.21124,-0.44839,-0.34233,-0.28720,-0.40129,-0.58541
-0.12565,-0.29809,0.12675,-0.45700,-0.14052,-0.33714,-0.39351,-0.18180,-0.25894,-0.20724,-0.24567,-0.23029,-0.52878
-0.01634,-0.04508,0.12755,-0.18851,0.07629,-0.06699,-0.03605,-0.05360,-0.01372,0.22188,-0.08998,-0.06587,-0.23427
0.17037,0.18232,0.10849,-0.02104,0.27299,0.24127,0.28006,0.13867,0.18565,0.34263,0.18563,0.06940,0.12797
0.34357,0.18642,0.17138,-0.02735,0.14820,0.24510,0.39837,0.19789,0.16015,0.49001,0.21261,0.11836,-0.07911
0.49566,0.23213,0.14318,0.15224,0.26912,0.22610,0.31336,0.20696,0.08381,0.44316,0.37485,0.29904,-0.04737
0.62264,0.64391,0.10749,0.43142,0.71272,0.75575,0.76376,0.52262,0.60566,0.72910,0.58950,0.66664,0.66195
0.67701,0.78823,0.17872,0.46592,0.76852,0.83298,1.16454,0.69645,0.85384,0.87181,0.65225,0.76170,0.81427
0.77846,0.67969,0.09643,0.46579,0.70073,0.76484,0.68775,0.62283,0.78387,0.71835,0.58603,0.73881,0.72791
0.84607,0.66563,0.12549,0.43946,0.67086,0.81127,0.85634,0.62121,0.62748,0.76326,0.53255,0.63309,0.70081
0.87858,0.71900,0.17469,0.42357,0.76578,0.87025,1.05516,0.64975,0.67374,0.73335,0.54037,0.66990,0.80816
0.87777,0.74848,0.15094,0.49853,0.78321,0.88940,0.94175,0.69969,0.81313,0.68222,0.54400,0.71119,0.92172
0.81251,0.68462,0.15617,0.37321,0.73377,0.93052,0.79803,0.59914,0.72646,0.65203,0.54571,0.67156,0.81574
0.78421,0.62083,0.16146,0.25540,0.69645,0.84233,0.77241,0.51401,0.64945,0.60377,0.55475,0.61868,0.70101
0.72330,0.61600,0.13443,0.43002,0.71690,0.79131,0.81062,0.53354,0.68094,0.50303,0.49342,0.67065,0.52959
0.63054,0.60185,0.14362,0.29673,0.70995,0.80943,0.67501,0.53324,0.68096,0.55805,0.47352,0.64407,0.63759
0.50923,0.49150,0.14084,0.34164,0.53439,0.80664,0.36808,0.48337,0.58517,0.48111,0.45908,0.53155,0.32396
0.33878,0.24539,0.09030,0.25987,0.16162,0.23626,0.29315,0.33469,0.21352,0.38539,0.32060,0.13563,0.11311
0.20925,-0.01891,0.09010,-0.05926,-0.15728,0.13714,0.06246,0.03590,-0.08603,0.00725,-0.03924,-0.12032,0.03030
0.06458,-0.08430,0.08490,-0.05621,-0.15006,0.09903,-0.03352,-0.04488,-0.21071,-0.09464,-0.07952,-0.15225,-0.12023
-0.09119,-0.24051,0.13540,-0.13928,-0.19957,-0.02028,-0.19478,-0.15656,-0.46538,-0.33258,-0.27787,-0.19648,-0.42233
-0.25273,-0.30672,0.12913,-0.18911,-0.40109,-0.13943,-0.24156,-0.18590,-0.49607,-0.36869,-0.29974,-0.24622,-0.49936
-0.43479,-0.48939,0.12836,-0.44910,-0.66462,-0.36742,-0.47986,-0.31086,-0.67591,-0.57374,-0.36821,-0.42395,-0.58020
-0.56226,-0.66999,0.12716,-0.55515,-0.93180,-0.59437,-0.55749,-0.58165,-0.78168,-0.80124,-0.65110,-0.58337,-0.66203
-0.68027,-0.70451,0.15267,-0.58168,-1.02024,-0.66400,-0.55885,-0.59266,-0.81419,-0.85669,-0.73946,-0.55937,-0.65798
-0.78527,-0.89635,0.19542,-0.92755,-1.36456,-0.86427,-0.76935,-0.85728,-0.94913,-0.97291,-0.89486,-0.63659,-0.72695
-0.91054,-1.03152,0.18868,-1.01143,-1.46896,-1.09332,-0.91179,-0.93281,-1.03969,-1.15067,-1.02760,-0.75982,-0.91908
-0.94323,-1.00712,0.11934,-0.96451,-1.11958,-1.05313,-1.10127,-0.98123,-0.98319,-1.18947,-0.97892,-0.75499,-0.94487
-0.95322,-0.96663,0.12486,-1.05860,-1.07932,-0.93434,-1.01236,-0.94036,-0.92273,-1.19101,-0.94704,-0.77507,-0.80546
-0.94104,-0.90660,0.08673,-1.01044,-1.00338,-0.97379,-0.88947,-0.91209,-0.98179,-0.88942,-0.84647,-0.75869,-0.80043
-0.90784,-0.84646,0.08345,-0.98673,-0.85029,-0.86290,-0.74132,-0.95061,-0.91355,-0.80600,-0.83005,-0.76186,-0.76130
-0.86565,-0.87289,0.11016,-1.01954,-0.79680,-1.04418,-0.82019,-0.87716,-0.84687,-0.99330,-0.71239,-0.82854,-0.78992
-0.75701,-0.74612,0.09708,-0.90303,-0.77098,-0.86111,-0.77990,-0.62167,-0.69664,-0.83199,-0.65316,-0.66495,-0.67776
-0.63400,-0.51411,0.06001,-0.49605,-0.35865,-0.56665,-0.52246,-0.50524,-0.53126,-0.53075,-0.57665,-0.51639,-0.53701
-0.50008,-0.33351,0.12928,-0.42720,-0.05680,-0.52917,-0.34052,-0.26357,-0.33624,-0.38463,-0.37639,-0.21999,-0.40055
-0.39111,-0.24060,0.08739,-0.41517,-0.22776,-0.23228,-0.24627,-0.18239,-0.09695,-0.34829,-0.24200,-0.19831,-0.21658
-0.21272,-0.19431,0.08532,-0.31930,-0.32948,-0.18703,-0.20674,-0.15061,-0.03590,-0.17932,-0.22580,-0.15153,-0.15739
-0.03548,-0.01543,0.14197,-0.07612,-0.21044,-0.09577,-0.06668,0.04061,0.15876,0.23865,-0.17363,-0.03804,0.06836
0.13380,0.15206,0.07435,0.04798,0.05735,0.18432,0.18850,0.12497,0.20698,0.28639,0.14235,0.08872,0.19309
0.28921,0.35571,0.10180,0.23594,0.31729,0.37283,0.57432,0.43180,0.30996,0.42307,0.32434,0.33673,0.23083
0.39962,0.38296,0.14274,0.21575,0.41059,0.28274,0.60772,0.53053,0.36191,0.55016,0.30024,0.37948,0.19044
0.54704,0.37167,0.19653,0.26111,0.26645,0.62762,0.72411,0.54278,0.09300,0.35197,0.30494,0.31174,0.23301
0.66817,0.45546,0.18680,0.35588,0.33863,0.78746,0.69302,0.52086,0.22613,0.57250,0.41181,0.41599,0.23234
0.75712,0.71410,0.33609,0.36377,0.52830,0.81749,1.59428,0.65032,0.52638,0.77923,0.55607,0.67101,0.65420
0.80997,0.65103,0.18329,0.36426,0.56734,0.73880,1.05081,0.62559,0.56896,0.75489,0.49266,0.64779,0.69923
0.81406,0.71310,0.14485,0.54191,0.79673,0.92364,0.78874,0.60732,0.61534,0.92063,0.53400,0.64517,0.75756
0.83729,0.64852,0.11758,0.47649,0.68283,0.89217,0.68997,0.56915,0.62225,0.67047,0.51227,0.64065,0.72894
0.82752,0.55413,0.12720,0.31101,0.72336,0.70579,0.62104,0.48898,0.60585,0.50636,0.41733,0.60393,0.55762
0.78499,0.54573,0.21602,0.18159,0.76793,0.58081,0.94818,0.50411,0.37765,0.42881,0.41661,0.65479,0.59680
0.66881,0.49209,0.15599,0.50600,0.67822,0.47654,0.69350,0.43294,0.44472,0.40713,0.39658,0.68385,0.20141
0.60025,0.28665,0.17179,0.12334,0.63365,0.36992,0.34925,0.25137,0.18094,0.13056,0.34209,0.42150,0.06384
0.50588,0.34538,0.13262,0.30663,0.54580,0.35183,0.27307,0.32781,0.29374,0.23969,0.38651,0.58210,0.14667
0.38653,0.36092,0.16025,0.41749,0.66365,0.37130,0.27450,0.20798,0.25374,0.33328,0.34782,0.58506,0.15442
0.24590,0.14494,0.09755,0.05043,0.32343,0.23004,0.08600,0.04863,0.12568,0.03144,0.20294,0.23192,0.11890
0.05639,-0.03978,0.10000,-0.02770,0.09993,0.07026,-0.01944,-0.11588,-0.24785,-0.09470,0.00904,-0.07631,0.00486
-0.07175,-0.12596,0.15681,-0.02326,0.14036,0.05711,-0.18974,-0.18757,-0.40216,-0.24405,-0.06566,-0.16045,-0.18420
-0.20504,-0.30521,0.10345,-0.22285,-0.15498,-0.30953,-0.30835,-0.24688,-0.45949,-0.41478,-0.27020,-0.22066,-0.44435
-0.34265,-0.45547,0.10654,-0.33390,-0.36756,-0.47910,-0.41408,-0.40207,-0.61615,-0.49393,-0.31883,-0.51574,-0.61334
-0.47781,-0.60350,0.10522,-0.48043,-0.69080,-0.66866,-0.59721,-0.60379,-0.73686,-0.57311,-0.38443,-0.62168,-0.67805
-0.62857,-0.70419,0.13592,-0.52155,-0.81046,-0.92972,-0.67972,-0.66537,-0.84350,-0.63421,-0.49747,-0.71786,-0.74208
-0.71079,-0.85227,0.11923,-0.69503,-0.91055,-1.08794,-0.84611,-0.79301,-0.96345,-0.83993,-0.69574,-0.80294,-0.88796
-0.77906,-0.88822,0.11238,-0.74106,-1.01246,-1.05134,-0.89030,-0.82612,-0.98056,-0.92679,-0.72185,-0.80502,-0.92675
-0.83106,-0.96023,0.10027,-0.85032,-1.06072,-1.11892,-0.94179,-0.93320,-1.04876,-0.98742,-0.82319,-0.84384,-0.99414
-0.90196,-0.82554,0.10358,-0.62892,-0.86911,-0.97678,-0.75648,-0.83529,-0.96299,-0.84380,-0.73101,-0.83247,-0.81856
-0.87805,-0.83922,0.10022,-0.68553,-0.87861,-1.03811,-0.79544,-0.85817,-0.93118,-0.87649,-0.74644,-0.77866,-0.80361
-0.83346,-0.73942,0.08608,-0.68526,-0.76254,-0.80084,-0.72430,-0.76560,-0.91260,-0.66861,-0.59013,-0.71732,-0.76703
-0.77090,-0.72797,0.07558,-0.71184,-0.58921,-0.84745,-0.75143,-0.78340,-0.79483,-0.72294,-0.63755,-0.69582,-0.74518
-0.69377,-0.66805,0.08621,-0.61208,-0.56800,-0.66613,-0.68432,-0.72616,-0.69864,-0.86426,-0.58054,-0.61323,-0.66716
-0.60316,-0.58940,0.09704,-0.59823,-0.40515,-0.64733,-0.56665,-0.59383,-0.66340,-0.76782,-0.54760,-0.50208,-0.60192
-0.50195,-0.42437,0.10761,-0.31636,-0.45179,-0.23653,-0.45997,-0.40559,-0.54299,-0.57556,-0.43932,-0.31509,-0.50051
-0.39513,-0.38821,0.10850,-0.30290,-0.38989,-0.30118,-0.38022,-0.30140,-0.55398,-0.51714,-0.50210,-0.22671,-0.40654
-0.28599,-0.40550,0.13623,-0.36895,-0.31818,-0.22563,-0.44172,-0.56862,-0.60610,-0.55172,-0.33954,-0.22710,-0.40740
-0.17590,-0.21632,0.08200,-0.23436,-0.12969,-0.08722,-0.35712,-0.19217,-0.30678,-0.25818,-0.24124,-0.14545,-0.21093
-0.06866,-0.06981,0.08323,-0.12534,-0.03052,-0.01186,-0.03772,0.01964,-0.17119,-0.12078,-0.20461,-0.06534,0.04959
0.02986,0.14646,0.14257,0.06855,0.37215,0.18349,0.07587,0.33316,0.12855,0.10543,-0.13705,0.19438,0.14009
0.11656,0.15653,0.15582,-0.05031,0.40204,0.28174,0.17319,0.37510,0.03154,0.11049,-0.02431,0.12388,0.14191
0.19037,0.20651,0.14974,-0.02833,0.39791,0.30650,0.28552,0.44562,0.17002,0.06133,0.11647,0.17478,0.13533
0.24759,0.19898,0.14167,-0.04291,0.42283,0.29569,0.21087,0.40673,0.12687,0.15942,0.11541,0.15938,0.13548
0.28535,0.07294,0.15947,-0.08074,0.23114,0.21457,0.00865,0.28044,-0.23795,0.07286,0.06188,0.17783,0.00071
0.30295,0.17223,0.12229,-0.04372,0.29827,0.30075,0.08113,0.34678,0.19326,0.17538,0.04882,0.18139,0.14021
0.30038,0.06810,0.09335,-0.07254,0.04842,0.29356,0.09388,0.03209,0.00234,0.08157,0.04188,0.08063,0.07915
0.27756,0.17015,0.12762,0.08272,0.05698,0.28663,0.09108,0.13091,0.14570,0.17554,0.16169,0.48215,0.08807
0.23549,0.11309,0.06780,-0.03050,0.09189,0.20871,0.07711,0.13848,0.10612,0.12278,0.19597,0.14329,0.07705
0.17508,0.09968,0.06027,0.01839,0.03332,0.07880,0.05627,0.17280,0.16860,0.05878,0.18472,0.10937,0.11579
0.09832,0.02874,0.08146,-0.01190,0.01735,-0.06016,0.05041,-0.01171,0.12157,-0.09418,0.16395,0.00897,0.10311
0.00910,-0.06247,0.08430,-0.06316,-0.03895,-0.03671,-0.02785,-0.12799,-0.19935,-0.13969,0.07272,-0.11058,0.04686
-0.08968,-0.16600,0.12512,-0.05603,-0.11108,-0.12087,-0.14970,-0.16710,-0.41242,-0.32020,0.03087,-0.17669,-0.17674
-0.19665,-0.23010,0.12359,-0.08723,-0.24391,-0.18853,-0.25375,-0.18814,-0.45540,-0.25038,-0.02161,-0.24833,-0.36368
-0.30823,-0.22178,0.12238,-0.08047,-0.26316,-0.16888,-0.20707,-0.23215,-0.42188,-0.31334,0.00547,-0.21521,-0.32114
-0.41866,-0.25030,0.10394,-0.11996,-0.25584,-0.19470,-0.24690,-0.26010,-0.48913,-0.32797,-0.14340,-0.26315,-0.20188
-0.39383,-0.44284,0.09987,-0.29553,-0.48237,-0.37949,-0.41039,-0.60137,-0.55937,-0.46649,-0.37501,-0.52193,-0.33647
-0.60763,-0.69965,0.10182,-0.56516,-0.67467,-0.78482,-0.67565,-0.75847,-0.85557,-0.79770,-0.56222,-0.72246,-0.59980
-0.81357,-0.89618,0.10099,-0.82252,-0.88853,-0.99977,-0.92450,-0.82416,-1.04460,-1.01914,-0.73188,-0.82353,-0.88311
-1.00185,-0.92181,0.12437,-0.90450,-0.95309,-1.01310,-1.12657,-0.84719,-0.84918,-1.10917,-0.79377,-0.79248,-0.82901
-1.16937,-1.07376,0.17739,-1.12758,-1.29335,-1.06676,-1.33958,-1.13757,-0.86211,-1.21219,-0.92292,-0.91423,-0.86129
-1.13824,-1.20057,0.17475,-1.33180,-1.34907,-1.27689,-1.38519,-1.29662,-1.03473,-1.36142,-0.98726,-0.98971,-0.99300
-1.35599,-1.28310,0.19513,-1.41363,-1.51806,-1.39526,-1.49672,-1.31912,-0.96449,-1.39576,-1.06305,-1.17060,-1.09429
-1.54508,-1.42211,0.20599,-1.45201,-1.71682,-1.50802,-1.56745,-1.53502,-1.18352,-1.55556,-1.12314,-1.45373,-1.12584
-1.69716,-1.47180,0.21139,-1.44235,-1.74179,-1.55979,-1.71507,-1.55473,-1.13800,-1.59496,-1.24774,-1.52551,-1.19805
-1.81619,-1.63903,0.13316,-1.63673,-1.88821,-1.66641,-1.73085,-1.61796,-1.60700,-1.65541,-1.57162,-1.66250,-1.35358
-1.90203,-1.77949,0.10369,-1.71236,-2.04593,-1.78686,-1.83728,-1.77790,-1.77300,-1.74268,-1.69695,-1.69928,-1.72270
-1.81713,-1.86232,0.12410,-1.79249,-2.11798,-1.90785,-1.91089,-2.00792,-1.83766,-1.72773,-1.76227,-1.76933,-1.78913
-1.95016,-1.87379,0.14003,-1.81191,-2.09833,-1.99997,-1.83835,-2.06535,-1.91623,-1.68666,-1.76008,-1.75597,-1.80510
-2.05064,-1.91235,0.17222,-1.89581,-2.17061,-2.05986,-1.88044,-2.17583,-1.92691,-1.69254,-1.76094,-1.75345,-1.80711
-2.11820,-1.93378,0.18233,-1.86455,-2.16762,-2.15824,-1.92022,-2.20974,-1.88570,-1.70658,-1.82827,-1.72323,-1.87369
-2.15263,-1.92116,0.13913,-1.85614,-2.05794,-2.08456,-1.91458,-2.16549,-1.91749,-1.84813,-1.85713,-1.74455,-1.76562
-2.15394,-1.98336,0.18281,-1.94619,-2.21339,-2.09122,-2.03566,-2.31866,-1.91482,-1.92694,-1.73450,-1.81203,-1.84016
-2.00972,-2.01411,0.15086,-2.01492,-2.14519,-2.09669,-2.06581,-2.32743,-1.93270,-1.97633,-1.86488,-1.83332,-1.88381
-2.06017,-1.90140,0.24120,-1.81239,-1.95564,-2.06959,-1.81157,-2.43926,-1.88175,-1.93925,-1.81599,-1.79553,-1.49307
-2.07791,-1.82078,0.21722,-1.68905,-1.94191,-1.92131,-1.59124,-2.30979,-1.81905,-1.93918,-1.71856,-1.63491,-1.64281
-2.06298,-1.83582,0.22045,-1.52702,-2.01266,-1.93959,-1.54978,-2.22592,-1.79129,-1.90613,-1.97069,-1.63721,-1.79791
-2.01566,-1.79833,0.21299,-1.52059,-1.93570,-1.92846,-1.48828,-2.13853,-1.85900,-1.73325,-2.00193,-1.61766,-1.75992
-1.73494,-1.80153,0.21505,-1.60718,-1.91559,-1.93630,-1.42208,-1.96333,-1.97890,-1.64570,-2.06548,-1.59169,-1.88901
-1.73708,-1.79809,0.24086,-1.63614,-1.66151,-2.06705,-1.51720,-1.96712,-2.03667,-1.57129,-2.16976,-1.57307,-1.78114
-1.70704,-1.53808,0.19155,-1.56365,-1.28734,-1.79336,-1.38628,-1.55047,-1.78454,-1.46927,-1.78672,-1.35975,-1.39939
-1.64514,-1.21929,0.13013,-1.23005,-1.14913,-1.47496,-1.16364,-1.03265,-1.36534,-1.24182,-1.24668,-1.07273,-1.21592
-1.55185,-1.19327,0.12547,-1.17077,-1.16267,-1.37042,-1.13731,-1.00968,-1.28122,-1.11068,-1.30099,-1.04307,-1.34592
-1.42783,-1.04636,0.12510,-1.00131,-0.99264,-1.35299,-1.06845,-0.91746,-1.08892,-0.92422,-0.96771,-1.06357,-1.08629
-1.11026,-1.03162,0.15638,-0.90646,-0.95110,-1.34381,-1.00267,-0.95639,-1.04082,-0.89761,-0.85713,-1.20656,-1.15362
-1.03874,-0.88337,0.11478,-0.74638,-0.82899,-1.06273,-0.83085,-0.91461,-0.95993,-0.80468,-0.71541,-0.98401,-0.98605
-0.94919,-0.59675,0.10896,-0.50319,-0.51423,-0.66865,-0.56265,-0.69835,-0.69968,-0.53711,-0.39385,-0.68998,-0.69982
-0.84003,-0.38543,0.11839,-0.14239,-0.27049,-0.42215,-0.43987,-0.49356,-0.43085,-0.52947,-0.28680,-0.38045,-0.45824
-0.71415,-0.38995,0.09457,-0.24377,-0.26960,-0.43444,-0.41624,-0.51275,-0.44141,-0.49184,-0.29417,-0.34991,-0.44540
-0.57629,-0.28267,0.07628,-0.36097,-0.20610,-0.20680,-0.33037,-0.41353,-0.25209,-0.33866,-0.23129,-0.19132,-0.29558
-0.34640,-0.20666,0.11837,-0.19214,-0.14673,-0.07635,-0.22165,-0.46352,-0.14930,-0.29230,-0.07946,-0.14573,-0.29942
-0.30883,-0.04139,0.09219,-0.02061,0.03058,0.04887,-0.04135,-0.16048,-0.05570,-0.23624,0.05083,-0.03041,0.00058
-0.27434,0.07680,0.07842,0.02171,0.03471,0.12709,0.05899,0.03610,0.06419,-0.05888,0.22365,0.14032,0.12008
-0.24083,0.03472,0.11013,0.00173,0.04688,0.11436,-0.03901,-0.03677,0.06125,-0.15871,0.25532,0.00799,0.09416
-0.20918,-0.10501,0.11949,-0.02093,-0.05172,0.02656,-0.20422,-0.15447,-0.07009,-0.36078,0.02760,-0.16715,-0.07491
-0.12897,-0.25298,0.15343,-0.05142,-0.09572,-0.16651,-0.36370,-0.19504,-0.43321,-0.43886,-0.12068,-0.21766,-0.44696
-0.21918,-0.20218,0.17388,-0.00167,-0.04972,0.06519,-0.28435,-0.20965,-0.43364,-0.33876,-0.12286,-0.21701,-0.42938
-0.31490,-0.26534,0.13785,-0.13015,-0.19013,-0.17230,-0.27818,-0.24050,-0.40897,-0.46101,-0.05786,-0.26017,-0.45419
-0.41185,-0.30798,0.13650,-0.17626,-0.29255,-0.14596,-0.33930,-0.26886,-0.47641,-0.54292,-0.14106,-0.29045,-0.40600
-0.36374,-0.47961,0.11051,-0.31885,-0.43612,-0.40107,-0.53319,-0.52912,-0.63299,-0.59646,-0.30826,-0.54090,-0.49911
-0.56376,-0.79560,0.06803,-0.78117,-0.78242,-0.80574,-0.79883,-0.85415,-0.93834,-0.81499,-0.72586,-0.76449,-0.69001
-0.75950,-0.93805,0.10247,-0.90760,-0.93233,-1.00333,-0.92460,-0.92064,-1.18454,-0.94730,-0.89471,-0.78860,-0.87682
-0.94409,-1.10596,0.11690,-1.01193,-1.11285,-1.16705,-1.10737,-1.00062,-1.37967,-1.08129,-1.00781,-1.01219,-1.17884
-1.11118,-1.26509,0.14661,-1.10992,-1.15197,-1.37435,-1.24760,-1.18192,-1.56017,-1.20784,-1.15197,-1.22042,-1.44473
-1.25139,-1.40190,0.15250,-1.17990,-1.26466,-1.53097,-1.29539,-1.39983,-1.69900,-1.34476,-1.37184,-1.38747,-1.54523
-1.35964,-1.54139,0.15867,-1.41212,-1.45695,-1.61550,-1.32628,-1.57224,-1.77991,-1.40263,-1.58105,-1.46734,-1.79991
-1.43492,-1.47961,0.15806,-1.47700,-1.38789,-1.54922,-1.27915,-1.38332,-1.81433,-1.35209,-1.62113,-1.38404,-1.54791
-1.47517,-1.46327,0.15188,-1.41796,-1.52184,-1.46196,-1.24526,-1.40784,-1.79886,-1.41081,-1.38327,-1.37406,-1.61086
-1.48224,-1.45088,0.12440,-1.50479,-1.58933,-1.48564,-1.30574,-1.30997,-1.66838,-1.28661,-1.46527,-1.43009,-1.46294
-1.45689,-1.49144,0.21352,-1.45463,-1.94856,-1.48242,-1.23672,-1.26501,-1.44232,-1.40969,-1.57254,-1.37669,-1.72577
-1.39942,-1.49045,0.25912,-1.50574,-2.09217,-1.39733,-1.19171,-1.32848,-1.26130,-1.58132,-1.36843,-1.48231,-1.69572
-1.31029,-1.34641,0.21654,-1.52266,-1.81914,-1.30229,-1.15382,-1.21331,-1.24141,-1.51357,-1.11118,-1.36679,-1.21998
-1.19079,-1.21723,0.20919,-1.30826,-1.70325,-1.09961,-1.04411,-1.22948,-1.12885,-1.39300,-0.99926,-1.08283,-1.18365
-1.04477,-1.10668,0.19666,-1.08018,-1.42521,-1.06918,-0.90598,-1.07904,-1.06965,-1.44584,-0.91115,-0.89885,-1.18176
-0.87915,-0.84542,0.23953,-1.03929,-1.07659,-0.81395,-0.63526,-0.50616,-0.95300,-1.19641,-0.59653,-0.63554,-1.00142
-0.69704,-0.69771,0.23831,-0.82220,-0.89080,-0.66815,-0.36869,-0.31684,-1.03457,-0.79775,-0.51788,-0.64828,-0.91189
-0.50547,-0.49582,0.21756,-0.71898,-0.47515,-0.67306,-0.32384,-0.20504,-0.73500,-0.32642,-0.31028,-0.38297,-0.80751
-0.30945,-0.14112,0.74920,-0.69135,-0.42807,-0.61637,1.85702,-0.28940,-0.73917,0.05950,-0.27016,-0.22292,-0.07029
-0.11264,0.28396,0.93067,-0.37776,-0.10502,0.04874,2.65415,-0.08771,-0.54708,0.96821,-0.12849,0.04260,0.37201
0.07875,0.60809,0.83136,0.01615,1.02987,0.26872,2.80247,0.42855,-0.11261,0.58440,0.24963,0.40274,0.41098
0.25667,0.64380,0.71958,0.19478,0.84368,0.55469,2.59268,0.35849,0.04776,0.63206,0.35430,0.41878,0.44076
0.41596,1.13093,1.03268,0.46056,2.14222,0.74201,3.54985,0.94492,0.17605,1.59493,0.53970,0.53460,0.62448
0.55319,1.41547,0.95378,1.00925,2.12491,0.95106,3.78676,0.89117,0.81095,1.84872,0.77352,0.80673,1.15161
0.66297,1.71709,0.72860,1.38260,2.51967,1.93920,3.18558,0.76762,1.17706,1.66195,1.14027,1.32011,2.07681
0.74030,2.55351,0.81581,1.47657,3.05851,2.20681,3.69895,2.69557,1.50681,3.24123,3.23695,1.55618,2.85749
0.78371,3.14425,0.81067,2.01662,3.93422,2.94598,4.48664,3.10703,2.57216,3.20935,4.01177,2.10289,3.05584
0.79364,3.40536,0.84943,2.32932,3.23827,3.70424,4.82243,2.89458,3.78346,2.87586,4.76320,2.82144,2.82078
0.77127,3.54015,0.84679,1.76328,3.72857,3.43568,3.93704,3.25738,4.19842,3.76253,4.97687,2.86055,3.48124
0.71715,2.09936,0.70958,0.63515,2.57689,1.45316,2.57050,1.65217,2.87526,1.76261,2.80241,2.30651,2.35897
0.63268,0.73486,0.19143,0.44326,0.82136,0.42841,1.02366,0.67504,0.73527,0.65291,0.91014,0.85304,0.80546
0.52034,0.55470,0.14040,0.58418,0.73920,0.44363,0.78185,0.31847,0.61582,0.59083,0.46472,0.55171,0.45662
0.38445,0.31302,0.15467,0.13209,0.58094,0.32360,0.19126,0.14531,0.45400,0.35810,0.32720,0.45979,0.15788
0.23054,0.09654,0.09547,0.03301,0.11942,0.22768,0.08845,0.04437,0.11469,0.01430,0.29024,0.00952,0.02372
0.06282,-0.09335,0.13491,-0.04313,0.05860,0.07510,-0.01856,-0.18607,-0.29756,-0.28031,0.02345,-0.16608,-0.09897
-0.11553,-0.22692,0.09505,-0.11159,-0.17534,-0.17852,-0.21417,-0.23715,-0.24429,-0.45520,-0.13581,-0.26136,-0.25580
-0.30036,-0.35350,0.13373,-0.15384,-0.29149,-0.26209,-0.44098,-0.32230,-0.42972,-0.60273,-0.19816,-0.40766,-0.42604
-0.48332,-0.55334,0.09982,-0.39028,-0.50687,-0.66718,-0.55332,-0.52376,-0.54994,-0.72552,-0.43387,-0.60291,-0.57979
-0.65925,-0.82174,0.05799,-0.75348,-0.81683,-0.87801,-0.84397,-0.82505,-0.93372,-0.83140,-0.81544,-0.78758,-0.73193
-0.82624,-0.93712,0.09639,-0.90091,-0.94576,-0.97653,-0.97908,-0.87214,-1.13838,-0.99604,-0.93135,-0.83912,-0.79191
-0.97812,-1.06333,0.11090,-1.05632,-1.11383,-1.05640,-1.12582,-0.94360,-1.31667,-1.07541,-1.03831,-0.97221,-0.93469
-1.10624,-1.23378,0.16362,-1.11606,-1.24453,-1.38780,-1.17579,-1.08044,-1.62742,-1.24449,-1.13983,-1.13075,-1.19066
-1.20728,-1.24661,0.15528,-1.16766,-1.26265,-1.38424,-1.17997,-1.13120,-1.62904,-1.25139,-1.16854,-1.12274,-1.16861
-1.28062,-1.27615,0.17099,-1.27679,-1.22502,-1.47036,-1.19191,-1.08355,-1.66784,-1.27296,-1.18987,-1.15009,-1.23317
-1.32310,-1.29556,0.10018,-1.24117,-1.28710,-1.40817,-1.20066,-1.21764,-1.49979,-1.26819,-1.38118,-1.22944,-1.22226
-1.33230,-1.29196,0.12184,-1.27243,-1.23085,-1.47909,-1.13604,-1.20900,-1.47073,-1.19101,-1.29371,-1.21901,-1.41770
-1.30917,-1.34762,0.16871,-1.37534,-1.12865,-1.47562,-1.16015,-1.22507,-1.44044,-1.21096,-1.35899,-1.42566,-1.67535
-1.25499,-1.27831,0.13712,-1.23990,-1.21723,-1.44174,-1.10555,-1.22469,-1.31292,-1.12329,-1.18662,-1.44526,-1.48586
-1.17176,-1.06010,0.13912,-0.96615,-0.99392,-1.34038,-0.95205,-1.09972,-1.15643,-0.99779,-0.84673,-1.15811,-1.08973
-1.06384,-0.77988,0.12489,-0.81517,-0.65463,-1.00607,-0.68933,-0.91927,-0.83556,-0.71897,-0.58751,-0.80572,-0.76661
-0.93285,-0.65036,0.09704,-0.76136,-0.49820,-0.74317,-0.59150,-0.65693,-0.75261,-0.62685,-0.49778,-0.69451,-0.68063
-0.78285,-0.54637,0.08716,-0.42328,-0.40611,-0.50949,-0.59550,-0.63263,-0.64628,-0.56323,-0.47626,-0.59620,-0.61474
-0.61835,-0.47973,0.08843,-0.33473,-0.37632,-0.49234,-0.46867,-0.57840,-0.57815,-0.57824,-0.42475,-0.42712,-0.53855
-0.32554,-0.25042,0.10197,-0.17853,-0.12608,-0.16843,-0.30562,-0.28321,-0.38431,-0.39643,-0.33455,-0.18194,-0.14507
-0.23178,0.14329,0.07440,0.07190,0.20347,0.26907,0.06203,0.12862,0.11191,0.04470,0.13584,0.22065,0.18469
-0.14227,0.10083,0.07651,-0.02295,0.19990,0.21412,0.07009,0.01252,0.13516,0.04773,0.11205,0.09615,0.14358
-0.05773,0.05084,0.06660,-0.05597,0.12848,0.15095,0.06356,0.01118,-0.00349,0.01211,0.07551,0.01121,0.11489
0.01813,0.03519,0.08570,-0.04209,0.11607,0.16168,0.03044,-0.07149,-0.06382,-0.03448,0.12394,0.03607,0.09563
0.17848,0.10978,0.11216,-0.02399,0.33295,0.14674,0.07929,0.03870,0.18638,-0.04530,0.19731,0.09586,0.08986
0.14802,0.26862,0.11053,0.39066,0.49100,0.18115,0.12742,0.23633,0.27547,0.30962,0.29906,0.16292,0.21255
0.09964,0.30321,0.07057,0.37622,0.34017,0.24270,0.14772,0.24722,0.37056,0.33257,0.31838,0.33982,0.31671
0.03858,0.14357,0.08663,0.02225,0.11276,0.22837,0.07876,0.15744,0.18470,0.00799,0.20893,0.26766,0.16687
-0.03382,0.03529,0.08979,0.16632,0.11555,0.15501,0.01408,-0.02834,-0.09298,-0.03312,0.07643,-0.04989,0.02984
-0.05700,-0.13932,0.07693,-0.09466,-0.09987,-0.09396,-0.05262,-0.19108,-0.12043,-0.29877,-0.07813,-0.22830,-0.13533
-0.22605,-0.28258,0.10078,-0.17685,-0.21634,-0.20602,-0.32968,-0.27120,-0.34769,-0.49362,-0.15416,-0.30418,-0.32610
-0.39805,-0.42700,0.11696,-0.43781,-0.41756,-0.33858,-0.41557,-0.33254,-0.49386,-0.65509,-0.22002,-0.50383,-0.45515
-0.56906,-0.48036,0.12254,-0.37338,-0.46841,-0.37633,-0.46738,-0.63694,-0.49440,-0.73208,-0.38428,-0.50995,-0.36044
-0.73321,-0.72504,0.09547,-0.77928,-0.70525,-0.68740,-0.70750,-0.73915,-0.82385,-0.90721,-0.64622,-0.69237,-0.56214
-0.81693,-0.95450,0.11008,-0.95048,-1.01544,-0.92245,-1.08519,-0.81619,-1.08108,-1.07725,-0.85479,-0.78999,-0.95219
-1.02554,-1.03549,0.12420,-0.98968,-1.00524,-1.03768,-1.24629,-1.05331,-1.02033,-1.22661,-0.98967,-0.81686,-0.96921
-1.21633,-1.12153,0.14499,-1.05003,-1.12139,-1.17488,-1.33461,-1.25320,-1.02905,-1.31882,-1.04525,-0.91100,-0.97706
-1.37956,-1.28601,0.15555,-1.18385,-1.40907,-1.27866,-1.40506,-1.42611,-1.16428,-1.53521,-1.09447,-1.28877,-1.07458
-1.50615,-1.40033,0.14485,-1.32801,-1.52445,-1.39389,-1.45871,-1.49108,-1.34660,-1.61202,-1.19439,-1.49393,-1.16025
-1.49845,-1.53069,0.11522,-1.47220,-1.67336,-1.55641,-1.50026,-1.60216,-1.57887,-1.60021,-1.33597,-1.63725,-1.35019
-1.63937,-1.60181,0.15906,-1.54505,-1.73916,-1.69346,-1.48525,-1.82029,-1.76848,-1.59860,-1.34131,-1.62402,-1.40243
-1.74907,-1.60727,0.15509,-1.58605,-1.76511,-1.67663,-1.47609,-1.85259,-1.72437,-1.61347,-1.40228,-1.59917,-1.37687
-1.82707,-1.68256,0.15606,-1.53723,-1.80373,-1.70815,-1.48137,-1.99268,-1.79420,-1.71698,-1.57611,-1.67782,-1.53734
-1.87311,-1.73323,0.13203,-1.59506,-1.74972,-1.75248,-1.57464,-2.02877,-1.83423,-1.75878,-1.63729,-1.66538,-1.73598
-1.75053,-1.82749,0.19995,-1.70782,-1.90383,-1.80050,-1.60180,-2.27207,-1.91230,-1.82224,-1.64651,-1.64693,-1.96087
-1.81549,-1.84704,0.19149,-1.89336,-1.77364,-1.87028,-1.53220,-2.17310,-1.99459,-1.72980,-1.75596,-1.68496,-2.06253
-1.84868,-1.70424,0.13968,-1.69638,-1.66873,-1.81863,-1.50580,-1.92751,-1.90574,-1.63293,-1.57009,-1.61320,-1.70337
-1.85007,-1.63834,0.16708,-1.52610,-1.57919,-1.69171,-1.36147,-1.75581,-1.85895,-1.45027,-1.78762,-1.56173,-1.81052
-1.81980,-1.57211,0.17708,-1.51268,-1.48466,-1.69249,-1.29306,-1.59989,-1.81527,-1.34585,-1.76525,-1.48772,-1.72424
-1.75815,-1.51732,0.17730,-1.58153,-1.52526,-1.54892,-1.25081,-1.46279,-1.88593,-1.32475,-1.62786,-1.39276,-1.57261
-1.57500,-1.39917,0.18706,-1.62165,-1.28033,-1.46778,-1.20437,-1.21540,-1.75664,-1.19474,-1.46281,-1.36950,-1.41844
-1.53300,-1.24559,0.18064,-1.46939,-1.25133,-1.30140,-1.10049,-0.99694,-1.52001,-1.02034,-1.23507,-1.16010,-1.40086
-1.46001,-1.13519,0.13571,-1.36693,-1.21909,-1.23235,-1.01079,-0.94705,-1.21397,-0.95475,-1.10219,-1.10629,-1.19846
-1.35654,-1.12138,0.13770,-1.20629,-1.29749,-1.32300,-1.00182,-0.93577,-1.12787,-0.97521,-0.99634,-1.18586,-1.16420
-1.22326,-1.05840,0.15592,-1.22347,-1.24145,-1.16437,-0.89117,-0.96731,-1.16422,-0.89984,-0.80540,-1.06780,-1.15892
-0.93848,-0.86880,0.10535,-0.96484,-0.91710,-0.94803,-0.76132,-0.82923,-0.98627,-0.73452,-0.77517,-0.76791,-1.00356
-0.83573,-0.79577,0.09420,-0.97044,-0.75745,-0.78916,-0.68829,-0.78478,-0.87792,-0.76747,-0.67397,-0.74606,-0.90212
-0.72087,-0.71967,0.08328,-0.86736,-0.79539,-0.67105,-0.67587,-0.65720,-0.75635,-0.67446,-0.62969,-0.64874,-0.82055
-0.59479,-0.53487,0.08377,-0.60685,-0.50935,-0.46623,-0.51623,-0.44340,-0.58654,-0.60336,-0.51584,-0.41684,-0.68403
-0.46040,-0.45683,0.10284,-0.52459,-0.42027,-0.33329,-0.41879,-0.49065,-0.56715,-0.49205,-0.38411,-0.30679,-0.63058
-0.32043,-0.26200,0.11707,-0.35419,-0.28373,-0.02747,-0.27883,-0.17422,-0.38869,-0.23518,-0.28379,-0.17108,-0.42284
-0.17994,-0.14472,0.08150,-0.22765,-0.22367,0.00817,-0.04143,-0.11482,-0.16858,-0.12430,-0.24397,-0.13720,-0.17373
-0.04333,-0.17728,0.13618,-0.36908,-0.25944,-0.00299,0.00036,-0.13570,-0.26889,-0.01868,-0.22359,-0.16321,-0.33157
0.08536,-0.04658,0.14596,-0.17827,-0.17263,0.19417,0.13632,-0.00911,-0.05725,0.10273,-0.11774,-0.15439,-0.20964
0.20301,0.08179,0.15503,-0.16817,-0.10586,0.32219,0.23253,0.17805,0.04600,0.13213,0.18411,0.01677,-0.01989
0.30557,0.09657,0.14207,-0.09423,0.01408,0.29991,0.27288,0.06702,-0.04702,0.23056,0.19794,0.04458,-0.02003
0.38844,0.28964,0.12321,0.09392,0.24644,0.41213,0.42419,0.30111,0.18410,0.20673,0.42508,0.41667,0.18605
0.44898,0.36598,0.14562,0.07956,0.42963,0.42585,0.42767,0.38389,0.23735,0.50428,0.42019,0.54634,0.20499
0.48601,0.36827,0.16982,0.08712,0.46126,0.38207,0.39613,0.47184,0.25143,0.51595,0.41440,0.59821,0.10425
0.49824,0.56607,0.10666,0.37075,0.67422,0.59167,0.51773,0.50615,0.67440,0.57874,0.48527,0.72868,0.53312
0.48508,0.58148,0.12895,0.51275,0.61638,0.86613,0.39536,0.51535,0.57554,0.59555,0.50466,0.70338,0.52966
0.44729,0.41191,0.10379,0.38315,0.56002,0.41594,0.27120,0.38551,0.37632,0.50217,0.42157,0.54986,0.25338
0.38609,0.26272,0.10092,0.10219,0.43818,0.27165,0.14301,0.28423,0.25644,0.27916,0.30984,0.36496,0.17756
0.30349,0.21380,0.07403,0.18482,0.31767,0.26986,0.18839,0.24646,0.20477,0.31611,0.18989,0.10073,0.11930
0.20275,0.09662,0.05861,-0.00534,0.14199,0.17305,0.06842,0.07449,0.17391,0.12649,0.10035,0.03166,0.08116
0.08705,0.05147,0.06077,-0.02582,0.18376,0.09059,0.02597,0.04450,0.02603,0.08295,0.07023,-0.02178,0.03823
-0.04106,-0.04334,0.08909,-0.03977,0.09996,0.05885,-0.02696,-0.13801,-0.05967,-0.03530,0.01833,-0.18672,-0.12408
-0.17787,-0.19684,0.07876,-0.09103,-0.07314,-0.19019,-0.18300,-0.19212,-0.23336,-0.24461,-0.16061,-0.26287,-0.33751
-0.31819,-0.28605,0.09872,-0.12061,-0.21153,-0.24408,-0.39200,-0.23877,-0.38998,-0.30102,-0.23130,-0.28535,-0.44585
-0.45776,-0.41571,0.10477,-0.28369,-0.34067,-0.35346,-0.47110,-0.32323,-0.47010,-0.55016,-0.30936,-0.56529,-0.48999
-0.59354,-0.55626,0.09239,-0.34629,-0.54983,-0.63764,-0.54680,-0.58112,-0.59316,-0.63695,-0.45285,-0.63380,-0.58417
-0.72114,-0.62795,0.07286,-0.46474,-0.56189,-0.69909,-0.64881,-0.63729,-0.69721,-0.63582,-0.58472,-0.67978,-0.67014
-0.83494,-0.75176,0.09759,-0.67041,-0.64729,-0.88570,-0.69140,-0.74558,-0.91964,-0.62620,-0.76011,-0.77457,-0.79673
-0.93110,-0.81737,0.10566,-0.77560,-0.78588,-0.89268,-0.75020,-0.79579,-1.04884,-0.66345,-0.78470,-0.77551,-0.90101
-1.00741,-0.91910,0.11277,-0.97474,-0.91273,-1.06462,-0.82489,-0.83949,-1.13242,-0.77195,-0.85357,-0.86798,-0.94857
-1.06109,-1.05948,0.12515,-1.19158,-1.06818,-1.15680,-1.03447,-0.88898,-1.21859,-0.90434,-0.92970,-1.01566,-1.18648
-1.08959,-0.99782,0.09490,-1.11035,-1.00004,-1.08112,-0.99063,-0.86169,-1.13283,-0.87943,-0.92151,-0.95137,-1.04918
-1.09225,-1.06417,0.12314,-1.18378,-1.03194,-1.30865,-0.99477,-0.91247,-1.13715,-0.94023,-0.95785,-1.07213,-1.10268
-1.06940,-1.01071,0.14113,-1.04881,-1.02574,-1.25829,-0.94664,-0.85763,-1.10397,-0.92676,-0.76764,-1.04947,-1.12219
-1.02185,-0.96025,0.13836,-1.00680,-0.97998,-1.10860,-0.82164,-0.86825,-1.16919,-0.88081,-0.75475,-0.89753,-1.11494
-0.95159,-0.93272,0.12183,-1.00474,-0.90521,-1.05530,-0.80206,-0.96137,-1.10782,-0.83465,-0.75955,-0.83876,-1.05771
-0.86011,-0.79233,0.09254,-0.90684,-0.65155,-0.90874,-0.75327,-0.76376,-0.88633,-0.77210,-0.67348,-0.75553,-0.85174
-0.74996,-0.62687,0.05923,-0.64236,-0.54093,-0.68273,-0.63243,-0.62670,-0.70667,-0.58834,-0.54050,-0.60923,-0.69884
-0.62605,-0.53627,0.06964,-0.54801,-0.51622,-0.40391,-0.54888,-0.50443,-0.62048,-0.59378,-0.52263,-0.47055,-0.63376
-0.49249,-0.45972,0.09227,-0.53728,-0.41633,-0.30939,-0.42839,-0.40140,-0.60694,-0.45331,-0.42988,-0.42157,-0.59271
-0.35128,-0.30025,0.11290,-0.37124,-0.25680,-0.09136,-0.37819,-0.21809,-0.42251,-0.28987,-0.31631,-0.19797,-0.46011
-0.20612,-0.18195,0.07855,-0.30248,-0.16881,-0.03836,-0.11641,-0.16441,-0.15792,-0.18245,-0.24488,-0.15911,-0.28469
-0.06191,-0.11871,0.08197,-0.16832,-0.16476,-0.04117,-0.05069,0.00604,-0.18957,-0.04150,-0.20507,-0.10786,-0.22420
0.07469,0.14222,0.08158,0.04540,0.29612,0.20151,0.15963,0.15680,0.11226,0.21948,0.07044,0.11974,0.04082
0.19877,0.24028,0.11805,0.08130,0.43095,0.39502,0.22122,0.30748,0.15965,0.32338,0.16953,0.19409,0.12021
0.30839,0.33234,0.11616,0.12211,0.47038,0.44356,0.36523,0.41372,0.18124,0.34212,0.36244,0.39315,0.22946
0.39806,0.36555,0.12923,0.13312,0.47294,0.42326,0.56290,0.33863,0.23121,0.36955,0.40184,0.46668,0.25534
0.46396,0.49156,0.12394,0.30756,0.47659,0.63038,0.51729,0.43578,0.33785,0.55335,0.45775,0.72040,0.47861
0.50547,0.43767,0.12323,0.34577,0.57287,0.44811,0.41424,0.38944,0.25134,0.51778,0.46933,0.65791,0.30994
0.52103,0.63818,0.12413,0.49710,0.74573,0.57335,0.71169,0.46452,0.71478,0.61650,0.49616,0.77295,0.78906
0.50939,0.58864,0.13414,0.33960,0.68751,0.62729,0.50192,0.50690,0.61854,0.59097,0.48311,0.76144,0.76909
0.47127,0.53137,0.12003,0.35692,0.54960,0.57644,0.36134,0.47847,0.62456,0.60202,0.46635,0.74795,0.55006
0.43549,0.41175,0.15404,0.41681,0.57155,0.31951,0.26939,0.27236,0.53814,0.52191,0.39677,0.64152,0.16955
0.32601,0.29685,0.09204,0.28834,0.51189,0.35604,0.26005,0.26923,0.26370,0.32849,0.30509,0.20874,0.17696
0.19641,0.11730,0.05989,0.03994,0.19561,0.17762,0.06198,0.09882,0.14859,0.11183,0.17999,0.02783,0.13076
0.05007,-0.08332,0.07744,-0.03763,-0.04626,0.05921,-0.02157,-0.16090,-0.15623,-0.10717,-0.04400,-0.18567,-0.13294
-0.10914,-0.26774,0.13386,-0.06329,-0.23209,-0.12883,-0.24358,-0.22130,-0.46563,-0.32912,-0.19241,-0.32221,-0.47892
-0.27417,-0.37222,0.12219,-0.23850,-0.36498,-0.20526,-0.34386,-0.29380,-0.49396,-0.46415,-0.27565,-0.47237,-0.56968
-0.43956,-0.50837,0.11340,-0.30160,-0.54665,-0.42908,-0.49511,-0.61932,-0.59058,-0.54555,-0.34686,-0.60085,-0.60816
-0.60070,-0.64533,0.09448,-0.46939,-0.68927,-0.63969,-0.56386,-0.76540,-0.73783,-0.61906,-0.55193,-0.69358,-0.72326
-0.75469,-0.77318,0.12495,-0.65570,-0.74767,-0.85428,-0.63702,-0.85022,-0.99475,-0.71096,-0.62004,-0.75314,-0.90801
-0.89555,-0.90216,0.14767,-0.72873,-0.86356,-0.97388,-0.93075,-0.90505,-1.26391,-0.86028,-0.75966,-0.82645,-0.90932
-1.01608,-0.97605,0.12545,-0.91587,-0.92556,-1.04488,-0.96437,-0.91833,-1.30537,-0.94183,-0.89165,-0.87352,-0.97908
-1.11433,-1.11410,0.13442,-1.22724,-1.06654,-1.06868,-1.01647,-0.93457,-1.42546,-1.06184,-1.09334,-1.08185,-1.16500
-1.18700,-1.12426,0.12272,-1.33627,-1.18542,-1.07417,-0.98793,-0.96878,-1.30393,-1.04757,-1.12256,-1.06997,-1.14601
-1.22875,-1.15071,0.15338,-1.37941,-1.21616,-1.24210,-1.03983,-0.96342,-1.32976,-0.89654,-1.18080,-1.10767,-1.15143
-1.23906,-1.24751,0.15008,-1.42448,-1.30134,-1.35341,-1.10600,-1.05051,-1.35923,-1.01728,-1.22848,-1.21025,-1.42416
-1.21885,-1.24938,0.17574,-1.43695,-1.50716,-1.39956,-1.06642,-1.07301,-1.15409,-1.00068,-1.22054,-1.25405,-1.38131
-1.16907,-1.16361,0.14182,-1.33817,-1.29969,-1.34763,-1.04981,-0.92917,-1.19291,-1.03989,-1.05797,-1.21778,-1.16309
-1.09230,-1.07767,0.11889,-1.23662,-1.19966,-1.11300,-1.00776,-0.99895,-1.18415,-1.16591,-0.88381,-0.94961,-1.03725
-0.99146,-0.91590,0.08594,-1.05180,-0.92337,-1.01419,-0.88695,-0.86940,-0.93917,-0.98648,-0.83374,-0.76701,-0.88689
-0.86905,-0.83986,0.12450,-1.00743,-0.75565,-0.79233,-0.79863,-0.89370,-0.82851,-1.08643,-0.69156,-0.72023,-0.82413
-0.72925,-0.65088,0.09437,-0.80011,-0.46118,-0.65952,-0.63218,-0.70603,-0.59105,-0.73329,-0.58987,-0.62436,-0.71121
-0.57772,-0.51000,0.10850,-0.67505,-0.29232,-0.48144,-0.49628,-0.51153,-0.57355,-0.40983,-0.53000,-0.49507,-0.63496
-0.41732,-0.42074,0.11732,-0.68400,-0.33813,-0.37972,-0.42346,-0.36441,-0.48358,-0.34433,-0.33370,-0.31529,-0.54074
-0.25461,-0.19845,0.08070,-0.35186,-0.14111,-0.19705,-0.28488,-0.19374,-0.16263,-0.14518,-0.26265,-0.17057,-0.07484
-0.09274,-0.10650,0.12944,-0.28647,-0.16837,-0.17006,-0.20767,-0.01593,-0.01889,0.15187,-0.19734,-0.13761,-0.01458
0.06125,0.05454,0.13859,-0.14674,-0.04754,0.13942,0.16209,0.10554,0.09909,0.29486,-0.10719,-0.05663,0.10252
0.20262,0.23364,0.09277,0.05765,0.29628,0.32163,0.36346,0.23765,0.18968,0.32243,0.19578,0.17171,0.18016
0.32815,0.41933,0.11600,0.13189,0.47475,0.46823,0.53051,0.41063,0.46543,0.42185,0.34085,0.53024,0.41888
0.43288,0.10909,0.14864,-0.14749,-0.03926,0.26551,0.28885,0.18058,0.02117,0.23862,0.21683,0.00618,0.05995
0.51184,0.30796,0.11901,0.06992,0.47254,0.34266,0.38034,0.31759,0.20288,0.41097,0.35324,0.33452,0.19491
0.56397,0.47076,0.14994,0.23474,0.51371,0.49367,0.62650,0.45979,0.28381,0.59328,0.46021,0.70093,0.34101
0.58731,0.62049,0.11550,0.37206,0.68028,0.67948,0.69019,0.53214,0.67419,0.62347,0.52166,0.77828,0.65315
0.58103,0.53393,0.14694,0.31513,0.57069,0.67948,0.63600,0.42705,0.65004,0.52587,0.47635,0.73570,0.32298
0.54613,0.49327,0.10511,0.30384,0.55797,0.53266,0.40290,0.44885,0.42751,0.48591,0.50100,0.67125,0.60079
0.48401,0.40407,0.12056,0.29588,0.39596,0.47968,0.33676,0.38632,0.31759,0.38715,0.46699,0.69083,0.28355
0.39652,0.33248,0.08658,0.39220,0.38519,0.33747,0.26019,0.31586,0.29609,0.35825,0.35148,0.47613,0.15191
0.28817,0.21796,0.06095,0.18423,0.26173,0.22560,0.15243,0.27783,0.20099,0.34523,0.19474,0.18433,0.15251
0.16250,0.11602,0.05496,-0.00627,0.11127,0.17783,0.09861,0.08118,0.13700,0.17192,0.17007,0.12151,0.09710
0.02123,-0.02441,0.06959,-0.02989,0.07633,0.06614,0.01080,-0.11738,-0.02333,-0.03840,0.00162,-0.14238,-0.04759
-0.12878,-0.17196,0.06635,-0.10467,-0.03822,-0.14772,-0.13621,-0.17680,-0.18712,-0.23208,-0.21402,-0.24743,-0.23532
-0.28292,-0.35310,0.10388,-0.29871,-0.30054,-0.45653,-0.39112,-0.26558,-0.46745,-0.18585,-0.31628,-0.32693,-0.52196
-0.43936,-0.49879,0.10912,-0.36868,-0.57704,-0.64327,-0.42018,-0.48954,-0.54023,-0.50356,-0.29188,-0.56552,-0.58800
-0.59293,-0.56541,0.12195,-0.29310,-0.68458,-0.68864,-0.53372,-0.68472,-0.54095,-0.55568,-0.46033,-0.60455,-0.60783
-0.73537,-0.84830,0.09865,-0.91117,-0.89273,-0.83834,-0.64329,-0.82817,-0.99018,-0.79368,-0.84154,-0.78580,-0.95811
-0.86234,-0.90810,0.06782,-0.86630,-0.93575,-0.87629,-0.80820,-0.87552,-1.00518,-0.85324,-0.90476,-0.92968,-1.02608
-0.96979,-0.97229,0.11497,-1.16323,-0.95655,-0.99096,-0.88511,-0.78766,-1.01269,-0.83935,-0.94307,-1.07951,-1.06481
-1.05623,-1.08995,0.29562,-1.47319,-1.15135,-1.32810,-0.73726,-0.98270,-1.25902,-0.64680,-1.14271,-0.76094,-1.41745
-1.11713,-0.78038,0.42490,-1.16577,-1.38856,-1.08411,-0.32156,-0.25655,-1.10870,-0.18701,-0.83988,-0.55273,-0.89892
-1.14961,-0.70845,0.23645,-0.92667,-1.01621,-0.83647,-0.41785,-0.62940,-0.96788,-0.56218,-0.82643,-0.35522,-0.54614
-1.15421,-1.21851,0.16583,-1.12945,-1.49021,-0.96512,-1.16348,-1.12998,-1.22588,-1.26953,-1.24304,-1.08573,-1.48267
-1.13061,-1.66944,0.26366,-1.80538,-2.09023,-1.65994,-1.24536,-1.48592,-1.66546,-1.39781,-1.61044,-1.69198,-2.04190
-1.08055,-1.25809,0.15674,-1.51183,-1.35112,-1.40172,-1.13999,-1.03458,-1.17387,-1.11046,-1.14052,-1.33983,-1.37698
-0.94011,-1.20037,0.16514,-1.24142,-1.51617,-1.36617,-1.08550,-1.04705,-1.19907,-1.00194,-1.02173,-1.28328,-1.24141
-0.94866,-1.03274,0.08789,-1.05156,-1.12796,-1.13158,-1.04730,-0.95655,-1.10506,-1.03425,-0.88518,-0.90940,-1.07853
-0.94396,-1.06652,0.15545,-1.09715,-1.24740,-0.98748,-1.05647,-0.93558,-1.08865,-1.34467,-0.91580,-0.83818,-1.15378
-0.86092,-0.94836,0.15014,-1.07944,-1.04679,-0.90173,-0.91405,-0.75523,-0.96313,-1.15927,-0.79972,-0.74767,-1.11656
-0.69938,-0.67680,0.12598,-0.81968,-0.44788,-0.69215,-0.62906,-0.57747,-0.81220,-0.71150,-0.60936,-0.61830,-0.85038
-0.53002,-0.41351,0.09349,-0.52395,-0.39140,-0.38747,-0.41032,-0.35788,-0.48793,-0.40487,-0.35602,-0.24454,-0.57076
-0.35289,-0.30577,0.09572,-0.49217,-0.30818,-0.19551,-0.35733,-0.19677,-0.32797,-0.25514,-0.26109,-0.24627,-0.41725
-0.17483,-0.17436,0.08364,-0.28140,-0.26415,-0.10448,-0.15826,-0.15470,-0.15085,0.00020,-0.23368,-0.16472,-0.23161
-0.00203,-0.00062,0.09874,-0.07379,-0.03331,0.12777,0.06996,0.02345,-0.00882,0.17400,-0.12332,-0.10008,-0.06208
0.16349,0.18903,0.08155,0.07574,0.26480,0.23142,0.19862,0.24830,0.17895,0.24099,0.28417,0.11368,0.05358
0.31224,0.47961,0.09359,0.29701,0.59900,0.50430,0.44501,0.43888,0.56400,0.59128,0.42185,0.51505,0.41973
0.43936,0.51668,0.08957,0.29182,0.56582,0.60513,0.51984,0.46091,0.53299,0.53187,0.51377,0.60054,0.54407
0.54338,0.68472,0.12048,0.43596,0.69105,0.82544,0.82953,0.65978,0.65041,0.72638,0.55649,0.69933,0.77283
0.61980,0.67591,0.11163,0.44747,0.70998,0.81644,0.70271,0.62748,0.72562,0.67853,0.53474,0.75164,0.76452
0.66391,0.53201,0.13707,0.25969,0.50074,0.75842,0.60863,0.52210,0.55102,0.58341,0.50023,0.64507,0.39082
0.67531,0.68996,0.12743,0.49795,0.74438,0.85600,0.81648,0.52533,0.72375,0.72425,0.52505,0.72806,0.75834
0.65482,0.74055,0.13113,0.56107,0.78549,0.88841,0.79444,0.58634,0.75166,0.73390,0.55791,0.83265,0.91363
0.60316,0.55986,0.09708,0.47947,0.68221,0.45056,0.48702,0.47083,0.58963,0.57098,0.49259,0.68753,0.68783
0.52323,0.47888,0.10965,0.51332,0.60587,0.42674,0.31092,0.38479,0.40483,0.58795,0.46048,0.65679,0.43713
0.41817,0.20638,0.10853,0.04731,0.44522,0.20974,0.21963,0.18435,0.18800,0.17505,0.29893,0.20366,0.09197
0.29167,0.27704,0.10549,0.37595,0.43239,0.40643,0.13456,0.27125,0.21814,0.33050,0.25813,0.18175,0.16131
0.14571,0.13738,0.09922,0.21356,0.32752,0.13405,0.05754,0.06929,0.18557,0.06976,0.22441,-0.00125,0.09333
-0.01256,-0.07802,0.07258,-0.03040,0.00294,0.04160,-0.08702,-0.14905,-0.11019,-0.13932,-0.02739,-0.18509,-0.09624
-0.17836,-0.18487,0.07882,-0.05784,-0.12316,-0.19919,-0.21658,-0.19331,-0.17438,-0.33864,-0.09727,-0.23314,-0.21522
-0.34696,-0.32136,0.09993,-0.20277,-0.32106,-0.23823,-0.41006,-0.25689,-0.35788,-0.52964,-0.21903,-0.36224,-0.31583
-0.51606,-0.55942,0.08051,-0.37943,-0.57724,-0.52789,-0.56467,-0.58922,-0.56161,-0.65584,-0.49392,-0.65561,-0.58879
-0.67691,-0.69736,0.09864,-0.51257,-0.60488,-0.78224,-0.67147,-0.73884,-0.87068,-0.69260,-0.64255,-0.71852,-0.73928
-0.82429,-0.79603,0.07857,-0.64094,-0.81064,-0.86110,-0.87561,-0.80158,-0.91250,-0.73350,-0.77982,-0.80255,-0.74210
-0.95345,-0.90290,0.09716,-0.89357,-0.85746,-0.97411,-0.98293,-0.85067,-1.12071,-0.78764,-0.83249,-0.86433,-0.86509
-1.06253,-1.01342,0.11431,-1.06078,-1.00611,-1.03289,-1.03435,-0.90289,-1.29363,-0.87970,-0.96217,-0.95706,-1.00463
-1.14587,-1.06771,0.12341,-1.09988,-1.07365,-1.06986,-1.04021,-0.92522,-1.35612,-0.90141,-1.02576,-1.11618,-1.06884
-1.20040,-1.09363,0.12970,-1.22295,-1.21382,-1.12901,-1.05060,-0.92780,-1.29243,-0.87500,-1.09686,-1.04776,-1.08008
-1.22517,-1.12231,0.12134,-1.16190,-1.25101,-1.19756,-1.05083,-0.95200,-1.30502,-0.93262,-1.15354,-1.06503,-1.15354
-1.21936,-1.12783,0.12563,-1.18902,-1.13345,-1.30274,-1.04603,-0.93709,-1.22699,-0.91876,-1.16005,-1.22762,-1.13658
-1.18329,-1.03166,0.13141,-0.99289,-1.00091,-1.30098,-1.02352,-0.85204,-1.10926,-0.94009,-0.89798,-1.15701,-1.04197
-1.11870,-1.00162,0.12154,-0.97861,-1.01974,-1.22858,-0.97003,-0.89288,-1.12904,-0.86436,-0.83400,-1.04697,-1.05197
-1.02763,-0.90571,0.10458,-0.93352,-0.82501,-1.04353,-0.80603,-0.92871,-1.09004,-0.85287,-0.77721,-0.83548,-0.96473
-0.91314,-0.82155,0.08598,-0.88869,-0.69315,-0.84589,-0.76970,-0.82176,-0.93422,-0.89130,-0.68198,-0.79873,-0.89008
-0.77985,-0.65456,0.09277,-0.72217,-0.57856,-0.52058,-0.63527,-0.57420,-0.77506,-0.76368,-0.56520,-0.66841,-0.74247
-0.63198,-0.49622,0.11040,-0.61583,-0.45460,-0.34017,-0.45409,-0.32144,-0.62555,-0.49416,-0.53692,-0.48712,-0.63229
-0.47280,-0.36979,0.11916,-0.49397,-0.22347,-0.18453,-0.42588,-0.23195,-0.52796,-0.41907,-0.36203,-0.37582,-0.45320
-0.30697,-0.17556,0.08726,-0.21307,-0.11969,-0.05799,-0.15394,-0.16943,-0.21268,-0.34171,-0.26007,-0.16757,-0.05946
-0.13969,-0.03916,0.09313,-0.10431,0.01291,0.10570,-0.03216,-0.08977,0.06476,-0.15383,-0.15534,-0.08800,0.04842
0.02252,-0.00580,0.08383,-0.03453,0.02833,0.16545,-0.00040,-0.09049,0.05374,-0.08226,-0.06483,-0.09273,0.05974
0.17432,0.13893,0.11825,0.02017,0.17545,0.31270,0.10028,0.01548,0.32253,-0.00537,0.22198,0.09422,0.13184
0.31197,0.34220,0.12784,0.27176,0.25408,0.41153,0.30518,0.33285,0.57489,0.14585,0.37121,0.50397,0.25066
0.42764,0.16127,0.13879,0.19878,0.03929,0.39845,0.29708,0.08673,0.17069,-0.04921,0.24092,0.01054,0.21938
0.51784,0.57356,0.54093,0.36357,0.20742,0.37523,0.54506,-0.07569,0.64144,1.96981,0.44197,0.54691,0.71994
0.58184,1.00897,0.33619,0.81150,0.95122,0.83331,1.64764,0.60921,1.10454,1.07790,0.55254,1.38704,1.11479
0.61547,0.88224,0.26633,0.78975,0.87217,0.87722,1.33577,0.60525,0.88106,0.69144,0.49604,1.26350,1.01024
0.61831,0.95155,0.24040,1.10889,1.01535,1.26714,1.07353,0.64634,0.80310,0.72973,0.66253,0.90184,1.30708
0.59116,0.76839,0.21041,0.75528,1.01771,0.86935,0.65366,0.46065,0.72291,0.64454,0.70738,1.19742,0.65499
0.53494,0.52941,0.26843,0.52098,0.67323,0.98241,0.40291,0.49167,0.21494,0.52656,0.28468,0.94249,0.25427
0.48619,0.44915,0.28469,0.33848,0.33582,1.02005,0.40469,0.28557,0.19697,0.32627,0.36342,0.93553,0.28466
0.26867,0.06560,0.14071,0.02253,0.15535,0.31189,0.03580,-0.08478,-0.09058,-0.03245,0.13135,0.24994,-0.04306
0.03483,-0.06733,0.13708,-0.06196,-0.12792,0.24996,-0.04566,-0.18092,-0.08582,-0.26907,0.02657,-0.10588,-0.07259
-0.21034,-0.18595,0.24326,-0.28019,-0.49826,0.21760,-0.15465,-0.44601,0.21946,-0.23921,-0.20778,-0.12997,-0.34052
-0.29667,-0.49906,0.25843,-0.62746,-0.74222,-0.48397,-0.59345,-0.68122,0.16203,-0.42720,-0.50333,-0.68171,-0.41209
-0.63405,-0.76706,0.15323,-0.73674,-0.87313,-1.01847,-0.82343,-0.77200,-0.67352,-0.75777,-0.41965,-0.82336,-0.77249
-0.96399,-1.03361,0.21703,-0.96752,-1.16442,-1.20056,-1.14602,-0.92057,-0.95011,-1.41269,-0.68108,-0.77472,-1.11840
-1.27530,-1.24222,0.13957,-1.12237,-1.45952,-1.33371,-1.24376,-1.19477,-1.18437,-1.44825,-1.00766,-1.23240,-1.19536
-1.56360,-1.44371,0.26426,-1.38446,-2.04140,-1.38226,-1.40646,-1.20489,-1.53292,-1.57017,-1.19034,-1.59021,-1.13400
-1.81934,-1.77228,0.34348,-1.70545,-2.48770,-1.98716,-1.69578,-1.42003,-2.00079,-1.77244,-1.45780,-1.87835,-1.31725
-2.04418,-1.97811,0.44037,-2.13630,-2.96946,-2.26726,-1.97028,-1.57149,-2.10106,-1.88428,-1.65684,-1.82815,-1.39595
-2.08810,-2.27498,0.46124,-2.21911,-3.45462,-2.45100,-2.40383,-1.98729,-2.33474,-1.93696,-2.10294,-1.88638,-1.97288
-2.35587,-2.38353,0.55165,-1.99082,-3.81797,-2.54143,-2.44387,-1.99752,-2.37176,-2.01393,-2.50473,-2.00707,-2.14622
-2.59662,-2.53271,0.40644,-2.15667,-3.50508,-2.71796,-2.68825,-2.30409,-2.46946,-2.09782,-2.68150,-2.42134,-2.28494
-2.80915,-2.65366,0.35730,-2.20005,-3.23806,-3.11807,-2.87673,-2.83309,-2.51066,-2.26848,-2.69309,-2.44490,-2.35347
-2.99242,-2.78272,0.37890,-2.27970,-3.28763,-3.40922,-3.04669,-2.95266,-2.63537,-2.36489,-2.70466,-2.61086,-2.53553
-3.14559,-2.88347,0.35189,-2.27931,-3.13727,-3.50524,-3.11126,-2.98161,-2.86083,-2.43262,-2.71104,-2.87451,-2.94104
-3.00654,-3.06933,0.41172,-2.52638,-3.77229,-3.59992,-3.24351,-3.14348,-2.99165,-2.48861,-2.80335,-3.01112,-3.11296
-3.20780,-3.13929,0.40006,-2.92034,-3.48676,-3.97599,-3.34658,-3.01090,-3.08153,-2.53899,-2.75428,-3.12603,-3.15147
-3.37986,-3.27776,0.39856,-3.04805,-3.77691,-4.06559,-3.45590,-2.96210,-3.15831,-2.76005,-3.00073,-3.36617,-3.18384
-3.52194,-3.27211,0.38653,-3.07348,-3.69226,-4.13633,-3.34030,-2.97569,-3.31609,-2.92111,-2.89194,-3.23731,-3.13660
-3.63337,-3.35409,0.36177,-3.02917,-3.66735,-4.18137,-3.43678,-3.06349,-3.41610,-3.16374,-3.10902,-3.42526,-3.04861
-3.71373,-3.48162,0.32603,-3.16154,-3.47752,-4.26742,-3.73984,-3.14109,-3.51531,-3.30288,-3.36118,-3.42612,-3.42329
-3.76269,-3.42757,0.33589,-3.08464,-3.71446,-4.20668,-3.56420,-3.05984,-3.33999,-3.29938,-3.29669,-3.31748,-3.39239
-3.51053,-3.39913,0.40491,-3.14924,-3.28801,-4.42654,-3.54796,-2.92147,-3.42288,-3.10494,-3.40769,-3.31225,-3.41036
-3.61186,-3.35682,0.48049,-3.19490,-3.09125,-4.53483,-3.61863,-3.15190,-3.53694,-2.91618,-2.85433,-3.29768,-3.37160
-3.68234,-3.43155,0.36450,-3.18140,-3.41666,-4.30259,-3.43419,-3.57076,-3.61407,-3.11466,-3.05461,-3.15348,-3.47305
-3.72169,-3.62804,0.43026,-3.35060,-3.60873,-4.51311,-3.59393,-3.86250,-4.01431,-3.09346,-3.20470,-3.28341,-3.75569
-3.72986,-3.49320,0.42298,-2.99303,-3.91398,-4.39839,-3.44211,-3.37816,-3.71952,-3.02882,-3.29890,-3.28654,-3.47254
-3.70691,-3.50434,0.51645,-3.06352,-4.06513,-4.58067,-3.19299,-3.68259,-3.71787,-2.96434,-3.27088,-3.04513,-3.46031
-3.65308,-3.50788,0.56616,-3.29118,-4.20861,-4.66823,-3.07607,-3.73887,-3.65722,-2.95451,-3.26093,-2.94264,-3.28058
-3.29973,-3.27106,0.46429,-3.20830,-3.80005,-4.16634,-2.83867,-3.40505,-3.46922,-2.83643,-3.34338,-2.74272,-2.90042
-3.29934,-3.30920,0.47962,-3.43078,-3.66314,-4.06807,-2.77256,-3.81231,-3.51651,-2.92165,-3.38023,-2.66522,-2.86156
-3.26818,-3.08636,0.42436,-3.25060,-3.02104,-3.56258,-2.72355,-3.75490,-3.20508,-2.57695,-3.45538,-2.70810,-2.60543
-3.20650,-2.97695,0.36626,-3.05240,-2.89401,-3.32019,-2.71818,-3.63186,-2.80675,-2.66774,-3.43131,-2.61453,-2.63249
-3.11476,-2.83882,0.32272,-2.82474,-2.74951,-3.32619,-2.70728,-3.29889,-2.38526,-2.79421,-3.16703,-2.56141,-2.57368
-2.99350,-2.58652,0.34019,-2.49422,-2.69068,-3.12837,-2.53068,-3.07854,-2.11113,-2.49844,-2.79882,-2.28345,-2.25083
-2.84347,-2.50061,0.26261,-2.52383,-2.50623,-3.01647,-2.14353,-2.74326,-2.30382,-2.31728,-2.68212,-2.25157,-2.51796
-2.41258,-2.23760,0.31916,-2.12384,-2.06724,-2.68458,-1.64834,-2.45835,-2.36529,-2.11239,-2.65862,-1.97687,-2.28052
-2.31401,-2.17069,0.29645,-2.19960,-1.88106,-2.66091,-1.87631,-2.13090,-2.26960,-1.83392,-2.65806,-2.04144,-2.15505
-2.18633,-1.94113,0.23845,-2.26048,-1.76735,-2.17332,-1.63215,-1.74096,-2.06946,-1.92095,-2.22159,-1.63719,-1.98787
-2.03030,-1.62700,0.11264,-1.65938,-1.55458,-1.81735,-1.39245,-1.60903,-1.67574,-1.55036,-1.69448,-1.68621,-1.63044
-1.84681,-1.21869,0.09357,-1.23378,-1.14657,-1.44241,-1.12795,-1.11210,-1.20971,-1.23228,-1.20074,-1.27357,-1.20778
-1.63687,-1.08143,0.09951,-0.96614,-1.05045,-1.28539,-1.04626,-1.13488,-1.11423,-1.17108,-0.95008,-1.03110,-1.06465
-1.40163,-0.96385,0.10739,-0.96560,-0.86247,-1.17141,-0.90361,-1.12731,-0.95280,-0.90407,-0.84905,-0.91315,-0.98907
-0.92802,-0.79524,0.13838,-0.85510,-0.64064,-1.09058,-0.73663,-0.96094,-0.79148,-0.75022,-0.71356,-0.67250,-0.74075
-0.74243,-0.31284,0.11413,-0.29580,-0.23704,-0.36336,-0.27244,-0.32994,-0.39127,-0.54682,-0.36097,-0.16458,-0.16613
-0.54948,0.04051,0.14412,-0.12624,0.28405,0.15618,0.07300,0.15440,-0.00864,-0.05441,-0.19773,0.02171,0.10272
-0.35166,0.19551,0.11358,0.10473,0.31418,0.26754,0.20657,0.23271,0.19590,0.25415,-0.06900,0.30177,0.14660
-0.15322,0.23530,0.10729,0.07401,0.42389,0.29289,0.25308,0.28855,0.24147,0.24441,0.06605,0.29252,0.17610
0.04081,0.25552,0.10763,0.04360,0.39234,0.31723,0.26162,0.36665,0.20011,0.35448,0.19660,0.25707,0.16551
0.22643,0.18662,0.12650,0.00502,0.19202,0.32939,0.28459,0.35587,0.05110,0.26514,0.23421,0.06018,0.08866
0.45431,0.30799,0.13578,0.07540,0.42725,0.33785,0.50158,0.38322,0.19728,0.40454,0.27241,0.34394,0.13643
0.48987,0.43760,0.14656,0.30753,0.64447,0.49371,0.58728,0.45284,0.26333,0.54823,0.35033,0.51708,0.21118
0.49768,0.34150,0.13011,0.18277,0.56028,0.34940,0.42055,0.37681,0.22431,0.38642,0.33871,0.44636,0.12938
0.48139,0.32438,0.13627,0.17420,0.51706,0.36709,0.37155,0.35145,0.20341,0.31278,0.29214,0.53543,0.11870
0.44186,0.25820,0.11590,0.07861,0.31048,0.34527,0.25669,0.19815,0.19684,0.26425,0.32192,0.48167,0.12812
0.37992,0.28945,0.12223,0.27323,0.52833,0.29260,0.24481,0.13654,0.23144,0.25416,0.33575,0.44851,0.14912
0.29734,0.27484,0.08929,0.22962,0.40028,0.36346,0.20454,0.19334,0.20930,0.29472,0.31320,0.38901,0.15097
0.19657,0.11154,0.07805,0.01499,0.13105,0.24550,0.06417,0.04583,0.14108,0.00483,0.17672,0.17548,0.11577
0.08178,0.09669,0.07775,0.05809,0.16271,0.19396,0.05208,0.01390,0.04668,-0.02409,0.19506,0.15250,0.11602
-0.04490,-0.03911,0.09105,0.05881,0.08608,0.04458,-0.03677,-0.15383,-0.11738,-0.16192,0.03571,-0.07814,-0.06821
-0.18061,-0.24482,0.13356,-0.09259,-0.14874,-0.10845,-0.26388,-0.23453,-0.43937,-0.38350,-0.11453,-0.23110,-0.43146
-0.31948,-0.37148,0.10426,-0.27641,-0.34119,-0.27466,-0.41027,-0.30169,-0.49750,-0.47839,-0.32522,-0.26252,-0.54697
-0.45711,-0.46971,0.11664,-0.30860,-0.38879,-0.34248,-0.50665,-0.41669,-0.57744,-0.61177,-0.36977,-0.58171,-0.59323
-0.59176,-0.58635,0.11157,-0.34591,-0.57826,-0.60058,-0.59239,-0.61896,-0.69176,-0.66184,-0.43706,-0.68051,-0.65624
-0.71956,-0.70840,0.06825,-0.57661,-0.67573,-0.82360,-0.64368,-0.74685,-0.76968,-0.72932,-0.69123,-0.71398,-0.71330
-0.83585,-0.83737,0.09067,-0.77066,-0.76826,-0.97946,-0.77674,-0.81595,-0.96442,-0.77841,-0.77611,-0.78614,-0.95758
-0.93491,-0.93641,0.11601,-0.93567,-0.86593,-1.08390,-0.91566,-0.85897,-1.10152,-0.88504,-0.79592,-0.82442,-1.09704
-1.01336,-1.00551,0.11885,-1.00326,-0.94155,-1.21714,-1.02765,-0.89053,-1.14686,-0.91702,-0.90200,-0.89052,-1.11858
-1.06917,-1.09284,0.13475,-1.04712,-1.04573,-1.37226,-1.09411,-0.96826,-1.23267,-1.04663,-0.98986,-0.93984,-1.19187
-1.10155,-1.11280,0.14894,-1.05420,-1.22695,-1.38446,-1.05117,-0.91654,-1.22358,-1.08062,-1.09457,-0.89793,-1.19793
-1.10883,-1.11282,0.12700,-1.09806,-1.16939,-1.37113,-1.00061,-0.99893,-1.15870,-1.01265,-1.11131,-0.96740,-1.24001
-1.09074,-0.93667,0.08797,-0.81527,-0.98434,-1.07064,-0.99828,-0.86031,-0.96670,-0.97919,-0.83805,-0.84809,-1.00582
-1.04836,-0.98499,0.07110,-0.87036,-0.99689,-1.08611,-1.02504,-0.90293,-1.04271,-1.05092,-0.92266,-0.94505,-1.00726
-0.98269,-0.96752,0.08158,-0.89599,-0.92245,-0.99263,-1.02279,-1.02717,-1.02088,-1.08056,-0.85906,-0.84079,-1.01286
-0.89653,-0.88749,0.10015,-0.90329,-0.74887,-1.03107,-0.95220,-0.93074,-0.91063,-0.97578,-0.76658,-0.74401,-0.91174
-0.79288,-0.75028,0.11920,-0.79853,-0.57432,-0.85169,-0.76583,-0.69223,-0.75139,-1.00429,-0.66592,-0.65539,-0.74317
-0.67339,-0.60126,0.08895,-0.59362,-0.52634,-0.50927,-0.56790,-0.62163,-0.64994,-0.80023,-0.61754,-0.49091,-0.63517
-0.54118,-0.39022,0.12094,-0.43869,-0.17897,-0.44860,-0.36179,-0.44677,-0.46372,-0.26830,-0.51766,-0.24613,-0.53160
-0.40199,-0.31215,0.06708,-0.35898,-0.25969,-0.28080,-0.34613,-0.25609,-0.34230,-0.41865,-0.30124,-0.19028,-0.36733
-0.26029,-0.12160,0.06395,-0.19897,-0.10213,-0.09966,-0.07590,-0.18667,-0.01191,-0.10874,-0.22533,-0.10105,-0.10568
-0.11799,-0.08715,0.10622,-0.31579,-0.16280,0.00452,-0.09163,0.01616,-0.06854,0.01106,-0.18236,-0.06490,-0.01719
0.02100,0.06374,0.12443,-0.14887,0.01729,0.21035,0.07878,0.12348,0.10564,0.22082,-0.13169,0.05349,0.10814
0.14975,0.15486,0.13034,-0.11513,-0.02007,0.30721,0.27975,0.17878,0.15432,0.24147,0.16322,0.20425,0.15478
0.26233,0.26347,0.09099,0.05903,0.30786,0.35812,0.30836,0.28873,0.20858,0.33772,0.27982,0.31221,0.17423
0.35729,0.28134,0.09363,0.10407,0.41560,0.31812,0.33872,0.31493,0.21037,0.35406,0.31383,0.27285,0.17081
0.43107,0.30948,0.11161,0.09489,0.40603,0.31691,0.40176,0.35529,0.20575,0.32233,0.37014,0.43626,0.18541
0.48034,0.52136,0.11364,0.30635,0.56027,0.70959,0.54797,0.48931,0.44157,0.50412,0.46385,0.66745,0.52312
0.50420,0.51691,0.11596,0.35700,0.61753,0.66905,0.43805,0.49271,0.42411,0.61152,0.43013,0.67796,0.45101
0.50231,0.39502,0.12490,0.24298,0.56746,0.43131,0.36364,0.47324,0.25118,0.40154,0.42452,0.56674,0.22759
0.47513,0.35899,0.11670,0.15982,0.52284,0.40613,0.29506,0.44502,0.26402,0.40888,0.36493,0.48566,0.23754
0.42372,0.30096,0.13522,0.11885,0.43044,0.33500,0.17887,0.31160,0.23629,0.28899,0.35327,0.57749,0.17882
0.35047,0.18865,0.13402,-0.02604,0.35649,0.30745,0.12689,0.09639,0.19485,0.05673,0.31341,0.34085,0.11946
0.25715,0.12956,0.09861,-0.02175,0.30992,0.20076,0.08043,0.07382,0.13083,0.03439,0.22190,0.17685,0.08851
0.14691,0.05132,0.07691,0.01614,0.03967,0.15431,0.03394,0.04826,-0.05766,0.00462,0.21231,0.02304,0.03857
0.02322,-0.10145,0.08796,-0.01826,-0.09788,-0.03583,-0.05194,-0.17532,-0.22540,-0.21670,0.03141,-0.15671,-0.06789
-0.10905,-0.20382,0.09034,-0.08424,-0.12081,-0.20123,-0.22345,-0.21181,-0.38184,-0.29168,-0.09788,-0.19001,-0.23521
-0.24619,-0.30192,0.07627,-0.23249,-0.28701,-0.24231,-0.34812,-0.24173,-0.44600,-0.38076,-0.22103,-0.26318,-0.35657
-0.38543,-0.40303,0.10282,-0.23704,-0.30969,-0.34704,-0.44175,-0.36342,-0.53691,-0.52583,-0.31412,-0.45781,-0.49666
-0.52083,-0.46410,0.10440,-0.27155,-0.44071,-0.41403,-0.48864,-0.46835,-0.51549,-0.66507,-0.36245,-0.51827,-0.49645
-0.64834,-0.57933,0.11626,-0.38798,-0.54826,-0.73932,-0.51668,-0.64448,-0.62301,-0.71233,-0.40977,-0.58908,-0.62241
-0.76521,-0.65113,0.07966,-0.47208,-0.66549,-0.67872,-0.64600,-0.75166,-0.68137,-0.73492,-0.59767,-0.68027,-0.60312
-0.86699,-0.80732,0.06827,-0.70902,-0.80290,-0.90358,-0.85506,-0.80738,-0.86915,-0.88298,-0.73426,-0.74361,-0.76522
-0.90019,-0.92326,0.08588,-0.88486,-0.88374,-1.01882,-0.89579,-0.87998,-1.08452,-0.97232,-0.84204,-0.80255,-0.96799
-1.03676,-1.00189,0.11614,-0.94572,-0.99599,-1.14816,-0.96918,-0.91652,-1.23666,-1.03197,-0.91045,-0.84746,-1.01675
-1.15047,-0.96697,0.08436,-0.88355,-0.96265,-1.08261,-1.02288,-0.89915,-1.04505,-1.07211,-0.90886,-0.84404,-0.94877
-1.23696,-1.06400,0.13146,-0.97924,-1.01592,-1.15204,-1.13918,-0.92412,-1.31138,-1.20073,-0.98638,-0.90328,-1.02771
-1.29275,-1.09049,0.13750,-1.03692,-1.07350,-1.18542,-1.26727,-0.94154,-1.27720,-1.22018,-1.01054,-0.89708,-0.99530
-1.25999,-1.17402,0.15719,-1.11044,-1.12043,-1.37633,-1.20450,-1.09761,-1.44397,-1.31543,-1.03827,-0.95788,-1.07535
-1.32792,-1.20790,0.18153,-1.31903,-1.13035,-1.45482,-1.19095,-1.05114,-1.51640,-1.29507,-1.05180,-0.98349,-1.08593
-1.36619,-1.15699,0.15420,-1.22109,-1.16874,-1.26813,-1.16629,-0.96555,-1.35016,-1.37562,-1.10423,-0.91782,-1.03223
-1.37088,-1.12592,0.15675,-1.13808,-1.07909,-1.31739,-1.12256,-1.00274,-1.38328,-1.26935,-0.99631,-0.88058,-1.06980
-1.34246,-1.12598,0.14984,-1.27055,-1.05116,-1.27876,-1.14624,-0.99427,-1.36060,-1.16616,-1.08162,-0.86158,-1.04891
-1.21771,-1.12224,0.16749,-1.29233,-0.95442,-1.36113,-1.13558,-1.00617,-1.36345,-1.15276,-0.91655,-0.98572,-1.05433
-1.20270,-0.98818,0.12944,-1.00723,-0.91653,-1.29639,-1.04000,-0.91052,-1.06851,-0.99483,-0.89223,-0.85030,-0.90528
-1.16267,-0.87517,0.12983,-0.93358,-0.77410,-1.17688,-0.87443,-0.71367,-0.94638,-0.90879,-0.78247,-0.83173,-0.80967
-1.09705,-0.91249,0.11914,-0.91176,-0.79319,-1.19296,-0.86787,-0.90596,-0.95507,-0.94901,-0.74680,-0.93247,-0.86981
-1.00780,-0.75673,0.15130,-0.64911,-0.51419,-1.05739,-0.65204,-0.80197,-0.80489,-0.85524,-0.64079,-0.83872,-0.75296
-0.82657,-0.73385,0.08980,-0.77452,-0.63087,-0.86024,-0.61738,-0.75262,-0.81082,-0.77633,-0.58969,-0.77340,-0.75261
-0.77286,-0.58491,0.10335,-0.57777,-0.56296,-0.67122,-0.43972,-0.62576,-0.71155,-0.62655,-0.38633,-0.67462,-0.57266
-0.70779,-0.43919,0.10872,-0.47013,-0.46700,-0.58796,-0.34817,-0.45080,-0.45719,-0.56073,-0.27534,-0.50295,-0.27158
-0.63106,-0.49497,0.10504,-0.48773,-0.51582,-0.51885,-0.45760,-0.59205,-0.51912,-0.59931,-0.30350,-0.61699,-0.33875
-0.54316,-0.40175,0.12253,-0.27679,-0.41091,-0.22490,-0.38529,-0.59854,-0.46980,-0.57647,-0.29803,-0.42626,-0.35052
-0.38356,-0.29371,0.18350,-0.14527,-0.32463,-0.07592,-0.27144,-0.42822,-0.39696,-0.70270,-0.25205,-0.21304,-0.12684
-0.36141,-0.28460,0.16462,-0.17589,-0.35862,-0.03664,-0.25091,-0.31816,-0.48000,-0.59560,-0.27914,-0.22109,-0.13002
-0.33957,-0.21287,0.11330,-0.08120,-0.30432,-0.06619,-0.20434,-0.20330,-0.33590,-0.41451,-0.22780,-0.18469,-0.10641
-0.31624,-0.13025,0.09813,-0.13437,-0.25982,-0.02684,0.01465,-0.16332,-0.12863,-0.27910,-0.15519,-0.15636,-0.01357
-0.29249,-0.26344,0.15969,-0.35578,-0.35027,-0.10206,-0.02973,-0.20674,-0.38581,-0.58518,-0.23540,-0.19080,-0.19268
-0.23217,-0.31699,0.16387,-0.29227,-0.51794,-0.08862,-0.23358,-0.20019,-0.36023,-0.60190,-0.25197,-0.16913,-0.45413
-0.28822,-0.38809,0.12977,-0.40840,-0.51246,-0.27100,-0.35949,-0.21662,-0.46851,-0.59162,-0.28738,-0.25299,-0.51245
-0.34691,-0.36697,0.18164,-0.45493,-0.46562,-0.31589,-0.08575,-0.19219,-0.43230,-0.70860,-0.20938,-0.30541,-0.49966
-0.40478,-0.54560,0.14725,-0.50861,-0.54159,-0.43799,-0.51515,-0.31683,-0.78679,-0.72591,-0.38226,-0.63371,-0.60711
-0.37069,-0.73378,0.14459,-0.90495,-0.89618,-0.74081,-0.61803,-0.53572,-0.73875,-0.96364,-0.59925,-0.65074,-0.68973
-0.49745,-0.75784,0.10622,-0.90681,-0.89329,-0.81427,-0.69237,-0.61617,-0.79091,-0.82243,-0.60216,-0.69663,-0.74341
-0.62160,-0.85383,0.10487,-1.02611,-0.98457,-0.94762,-0.77371,-0.72091,-0.87912,-0.85008,-0.79498,-0.73327,-0.82792
-0.73414,-0.97251,0.12561,-1.10041,-1.17212,-1.01412,-1.03508,-0.76111,-0.99957,-0.94877,-0.95247,-0.78994,-0.95150
-0.83130,-1.00754,0.12649,-1.04292,-1.22255,-1.12468,-1.03882,-0.82777,-1.03094,-1.07423,-0.96536,-0.81453,-0.93357
-0.91197,-1.16755,0.20867,-1.13341,-1.62596,-1.27859,-1.07757,-0.87318,-1.19780,-1.26517,-1.22653,-0.96328,-1.03400
-0.97280,-1.17298,0.12060,-1.17723,-1.36146,-1.30600,-1.16028,-0.98157,-1.19619,-1.14794,-1.28317,-1.03448,-1.08144
-1.01005,-1.25813,0.10967,-1.29950,-1.45504,-1.32530,-1.13787,-1.20336,-1.22465,-1.19667,-1.40245,-1.12408,-1.21235
-1.02313,-1.31734,0.10046,-1.26247,-1.41144,-1.39218,-1.27920,-1.42710,-1.12753,-1.31878,-1.43675,-1.22177,-1.29619
-1.01240,-1.28606,0.09693,-1.39032,-1.36040,-1.34175,-1.24637,-1.38396,-1.11152,-1.33305,-1.15121,-1.30700,-1.23503
-0.97802,-1.20743,0.10573,-1.34122,-1.22786,-1.24596,-1.04687,-1.22274,-1.20445,-1.32789,-1.01100,-1.24761,-1.19869
-0.92179,-1.08899,0.11736,-1.18929,-0.97114,-1.22383,-1.07436,-1.04115,-1.11044,-1.28591,-0.90384,-1.01391,-1.07600
-0.84584,-1.04475,0.13279,-1.15922,-0.84964,-1.11715,-0.93058,-1.10899,-1.15603,-1.14294,-0.82063,-1.00965,-1.15267
-0.75147,-0.92477,0.12088,-1.15545,-0.85101,-1.03477,-0.90085,-0.87278,-0.91199,-0.97476,-0.69870,-0.88058,-0.96676
-0.67345,-0.70159,0.12120,-0.90753,-0.49417,-0.80185,-0.64183,-0.68570,-0.76042,-0.58437,-0.63051,-0.70489,-0.80467
-0.51594,-0.49539,0.16247,-0.74341,-0.29763,-0.58852,-0.46325,-0.30466,-0.55737,-0.31707,-0.39679,-0.60970,-0.67548
-0.35183,-0.54570,0.16219,-0.83418,-0.39147,-0.61391,-0.53255,-0.29242,-0.64356,-0.46589,-0.39014,-0.63365,-0.65919
-0.18416,-0.27055,0.12692,-0.43045,-0.15943,-0.37357,-0.31259,-0.14711,-0.17488,-0.14517,-0.24790,-0.21743,-0.49692
-0.02140,-0.05923,0.11172,-0.18365,-0.02783,-0.15987,-0.05030,0.05386,0.02952,0.15426,-0.15181,-0.10256,-0.15389
0.11042,0.11803,0.09545,-0.08041,0.17724,0.11969,0.19820,0.07001,0.15804,0.27797,0.09721,0.07629,0.08607
0.28790,0.16066,0.15861,0.01809,0.21615,0.23147,0.17177,0.12266,0.16760,0.50758,0.17401,0.10668,-0.10943
0.44885,0.07781,0.17422,0.01145,0.15825,-0.08129,0.18235,0.09749,-0.02452,0.34207,0.31401,-0.01499,-0.20674
0.58462,0.51590,0.12267,0.33245,0.62693,0.50691,0.63603,0.44593,0.31605,0.67547,0.52662,0.58281,0.50979
0.63879,0.75722,0.13950,0.45647,0.76876,0.84375,0.98476,0.72330,0.78322,0.84225,0.64085,0.72833,0.80048
0.74865,0.74763,0.13943,0.45884,0.74173,0.83170,0.93991,0.72074,0.85397,0.82695,0.57898,0.74891,0.77460
0.82671,0.70665,0.15239,0.43609,0.69738,0.83147,1.00909,0.64723,0.72677,0.72342,0.56549,0.66787,0.76173
0.86869,0.68318,0.13995,0.39975,0.71600,0.83567,0.87468,0.67595,0.69776,0.71116,0.51391,0.65651,0.75041
0.87681,0.69613,0.15409,0.44353,0.72913,0.83309,0.91621,0.56534,0.68834,0.66289,0.54206,0.68582,0.89486
0.81335,0.79089,0.16715,0.53086,0.79862,0.98216,0.83977,0.73244,1.01667,0.72216,0.56553,0.74790,0.97273
0.79365,0.65152,0.17531,0.33567,0.64791,0.88923,0.90982,0.51082,0.69248,0.59938,0.52049,0.64737,0.76204
0.74109,0.61246,0.15791,0.35529,0.74494,0.82404,0.83236,0.51264,0.68110,0.53298,0.46462,0.63066,0.54595
0.65645,0.67760,0.14043,0.43460,0.72725,0.93391,0.69939,0.60323,0.72005,0.67637,0.50338,0.69096,0.78689
0.54276,0.51262,0.17964,0.31829,0.54106,0.91522,0.40107,0.50192,0.57790,0.54745,0.44711,0.60594,0.27022
0.37318,0.28200,0.10397,0.27612,0.23230,0.49197,0.30205,0.33634,0.22668,0.36435,0.29903,0.14469,0.14650
0.24959,0.14075,0.08375,0.04884,-0.03349,0.19214,0.14925,0.23312,0.18051,0.17786,0.23119,0.13006,0.09807
0.11102,0.03247,0.07034,-0.04226,0.01563,0.19504,0.09080,0.04658,0.00547,0.03036,0.04288,-0.02781,-0.03204
-0.03978,-0.16890,0.10954,-0.09613,-0.15897,0.05729,-0.16489,-0.11986,-0.36866,-0.19555,-0.24464,-0.17786,-0.21976
-0.19952,-0.29345,0.10879,-0.24270,-0.29023,-0.16384,-0.23491,-0.17183,-0.48258,-0.40242,-0.29651,-0.22652,-0.42296
-0.38575,-0.42226,0.11046,-0.41998,-0.58469,-0.30688,-0.40697,-0.26514,-0.53811,-0.52128,-0.37574,-0.30450,-0.49933
-0.51056,-0.62098,0.11459,-0.56714,-0.87120,-0.52541,-0.56960,-0.47914,-0.69096,-0.72198,-0.58128,-0.56069,-0.64240
-0.62748,-0.70857,0.13202,-0.65138,-1.02512,-0.62932,-0.56151,-0.65341,-0.77694,-0.77914,-0.73004,-0.60226,-0.67662
-0.73470,-0.80115,0.15226,-0.84688,-1.14003,-0.70358,-0.60896,-0.71829,-0.87278,-0.89701,-0.82263,-0.65932,-0.74200
-0.86992,-0.92041,0.14657,-0.87719,-1.25811,-0.92437,-0.72424,-0.92383,-0.92543,-1.01363,-0.92805,-0.75224,-0.87704
-0.90653,-1.03606,0.13606,-1.03026,-1.23588,-1.01959,-1.10157,-1.01811,-1.00660,-1.24689,-0.95046,-0.78174,-0.96949
-0.92109,-0.87511,0.11029,-0.89173,-1.04762,-0.94867,-0.92811,-0.82390,-0.83777,-0.97034,-0.89265,-0.71034,-0.69997
-0.91500,-0.88232,0.09473,-0.99854,-1.03147,-0.88277,-0.83563,-0.86783,-0.91945,-0.94132,-0.80524,-0.71216,-0.82880
-0.88860,-0.84159,0.06787,-0.96793,-0.84499,-0.87545,-0.75114,-0.87012,-0.90021,-0.86133,-0.79994,-0.76226,-0.78253
-0.85814,-0.87901,0.10487,-1.03370,-0.82599,-1.00116,-0.90240,-0.86787,-0.86439,-1.00291,-0.73639,-0.78721,-0.76804
-0.75570,-0.68924,0.06129,-0.66634,-0.77418,-0.75541,-0.71765,-0.61386,-0.68253,-0.76149,-0.59757,-0.65984,-0.66350
-0.63702,-0.54560,0.03554,-0.57087,-0.47260,-0.59732,-0.53744,-0.52799,-0.56507,-0.51019,-0.56785,-0.56048,-0.54620
-0.50756,-0.35042,0.11688,-0.46799,-0.11692,-0.49569,-0.33278,-0.27092,-0.35650,-0.43779,-0.39945,-0.22943,-0.39677
-0.40595,-0.23399,0.08590,-0.34960,-0.20481,-0.18286,-0.31213,-0.17706,-0.09902,-0.37362,-0.24089,-0.19094,-0.20899
-0.22861,-0.17529,0.09488,-0.34750,-0.30279,-0.12189,-0.15695,-0.13052,-0.01227,-0.17546,-0.21430,-0.13979,-0.15146
-0.05226,-0.01337,0.14624,-0.09522,-0.22979,-0.08136,-0.05657,0.05816,0.16289,0.22086,-0.18635,-0.01998,0.09363
0.11643,0.18081,0.08999,0.04171,0.11017,0.18366,0.34555,0.20945,0.17610,0.29533,0.10211,0.14856,0.19548
0.27426,0.34644,0.11757,0.21360,0.24282,0.41242,0.58630,0.39055,0.26955,0.45400,0.32310,0.34456,0.22746
0.38857,0.35198,0.13736,0.13824,0.29658,0.30011,0.54352,0.44614,0.34063,0.58155,0.28733,0.35922,0.22645
0.54376,0.34868,0.18656,0.23516,0.26113,0.40358,0.75444,0.49654,0.07223,0.38948,0.36168,0.31890,0.19370
0.67158,0.49226,0.18105,0.33129,0.38715,0.75650,0.80310,0.57846,0.23582,0.51254,0.44380,0.50602,0.36786
0.76897,0.66024,0.36462,0.36855,0.53449,0.74263,1.64765,0.62373,0.41238,0.67973,0.55278,0.51835,0.52215
0.83234,0.68266,0.22251,0.37012,0.57104,0.73076,1.21825,0.70105,0.61323,0.73685,0.48857,0.69531,0.70145
0.84240,0.69690,0.18557,0.40346,0.74206,0.91698,1.01470,0.57086,0.61918,0.80335,0.50803,0.65389,0.73650
0.87454,0.73628,0.17321,0.50351,0.71185,0.98750,1.03182,0.66172,0.64424,0.78530,0.53144,0.69862,0.80684
0.87348,0.64079,0.11402,0.47073,0.74034,0.80349,0.69168,0.54452,0.64367,0.62047,0.47471,0.67379,0.74451
0.83942,0.45060,0.20498,0.09215,0.66112,0.37471,0.83888,0.45286,0.28594,0.43213,0.40575,0.57474,0.38772
0.72814,0.52666,0.17473,0.39196,0.81263,0.50465,0.68482,0.55451,0.51702,0.40197,0.41492,0.73505,0.24911
0.66743,0.37003,0.14301,0.24097,0.62369,0.38680,0.42606,0.39589,0.20868,0.34302,0.35694,0.54860,0.16967
0.57597,0.35856,0.15548,0.23255,0.55208,0.39404,0.37334,0.35631,0.22323,0.23419,0.37888,0.66635,0.17462
0.45798,0.38122,0.14260,0.41056,0.65014,0.39341,0.36927,0.25264,0.27992,0.31784,0.41636,0.55680,0.16521
0.31782,0.24004,0.15582,0.19243,0.56157,0.30848,0.11888,0.10534,0.18068,0.11186,0.25262,0.44451,0.12406
0.12179,0.02966,0.10941,-0.01782,0.17355,0.10427,0.02098,-0.03357,-0.17090,-0.09080,0.13742,0.12036,0.05315
-0.01307,-0.07782,0.14976,0.01869,0.17640,0.07469,-0.12193,-0.16955,-0.35562,-0.15353,0.00100,-0.14500,-0.10333
-0.15530,-0.29405,0.12184,-0.21839,-0.13305,-0.22395,-0.28755,-0.24307,-0.50503,-0.38519,-0.24246,-0.22350,-0.47830
-0.30052,-0.41637,0.10392,-0.31294,-0.29718,-0.44239,-0.40291,-0.37464,-0.55508,-0.47817,-0.28809,-0.42232,-0.58999
-0.44616,-0.53140,0.09311,-0.41389,-0.47538,-0.63255,-0.54101,-0.51594,-0.63409,-0.54092,-0.35935,-0.58114,-0.61975
-0.61469,-0.66407,0.10178,-0.49589,-0.69751,-0.82182,-0.60623,-0.62683,-0.78577,-0.63644,-0.54635,-0.70188,-0.72196
-0.71021,-0.83442,0.12192,-0.69573,-0.90355,-1.06987,-0.74115,-0.81993,-0.98494,-0.81550,-0.70332,-0.76326,-0.84698
-0.79179,-0.90767,0.12753,-0.76151,-0.97815,-1.18673,-0.87739,-0.83729,-0.98886,-0.88805,-0.75901,-0.84025,-0.95942
-0.85735,-0.92393,0.13200,-0.75018,-1.00705,-1.16608,-0.93636,-0.92758,-1.01212,-0.91517,-0.73136,-0.81158,-0.98182
-0.94745,-0.94898,0.10911,-0.79936,-1.02678,-1.15376,-0.94374,-0.92578,-1.03394,-0.95531,-0.80472,-0.86489,-0.98153
-0.93384,-0.99259,0.10495,-0.81023,-1.13344,-1.12414,-0.92530,-0.94110,-1.11724,-1.01003,-0.92812,-0.95457,-0.98172
-0.89809,-0.87073,0.08658,-0.69526,-0.85361,-1.02112,-0.89856,-0.87853,-0.95906,-0.89374,-0.83021,-0.81738,-0.85986
-0.84312,-0.80482,0.07844,-0.76539,-0.74245,-0.92333,-0.80495,-0.89491,-0.89252,-0.83186,-0.69838,-0.72099,-0.77341
-0.76998,-0.69789,0.09199,-0.64654,-0.55921,-0.83215,-0.79958,-0.74543,-0.70775,-0.79164,-0.60840,-0.62182,-0.66641
-0.68239,-0.64162,0.07941,-0.63097,-0.55013,-0.68452,-0.65859,-0.65551,-0.66332,-0.81245,-0.52997,-0.58034,-0.65040
-0.58168,-0.52066,0.09510,-0.33408,-0.52231,-0.46767,-0.53251,-0.56735,-0.58248,-0.68939,-0.54994,-0.43010,-0.53078
-0.47099,-0.45946,0.11722,-0.48977,-0.47113,-0.33421,-0.41260,-0.34351,-0.59646,-0.57954,-0.58534,-0.26278,-0.51922
-0.35392,-0.39255,0.11672,-0.44312,-0.38109,-0.20766,-0.42096,-0.44146,-0.57292,-0.51604,-0.37957,-0.21117,-0.35154
-0.23615,-0.26447,0.12485,-0.24077,-0.17533,-0.06236,-0.41646,-0.22259,-0.47966,-0.33514,-0.26634,-0.14771,-0.29836
-0.12125,-0.16580,0.06779,-0.18465,-0.13201,-0.06519,-0.25050,-0.09003,-0.24334,-0.19118,-0.23802,-0.09541,-0.16767
-0.01066,0.02760,0.12872,-0.03067,0.16657,0.10556,-0.08172,0.24480,-0.02363,-0.02799,-0.17756,-0.02836,0.12898
0.08937,0.16719,0.13401,0.00565,0.37765,0.26565,0.11368,0.38052,0.09545,0.15617,0.01077,0.10935,0.15705
0.17553,0.28367,0.13668,0.11225,0.54516,0.32058,0.26266,0.48763,0.21244,0.25609,0.20806,0.27176,0.16007
0.24676,0.25252,0.14558,0.03331,0.51671,0.31412,0.29860,0.44158,0.20170,0.25294,0.17057,0.14855,0.14711
0.30007,0.21843,0.12549,0.03969,0.42506,0.28011,0.15592,0.39086,0.09349,0.24010,0.17749,0.26281,0.11879
0.33215,0.18790,0.11163,-0.00563,0.28222,0.30255,0.04710,0.30821,0.19447,0.19745,0.13670,0.29399,0.12197
0.34245,0.16950,0.08661,-0.00322,0.20808,0.31032,0.09536,0.22862,0.14080,0.24336,0.17510,0.13962,0.15693
0.33124,0.11597,0.09639,-0.04530,0.03106,0.28139,0.09592,0.15386,0.08604,0.18323,0.06201,0.22539,0.08614
0.29870,0.13676,0.08120,-0.01985,0.15418,0.17906,0.08602,0.15767,0.09652,0.16682,0.19474,0.27798,0.07447
0.24648,0.13728,0.07797,0.00203,0.16813,0.15095,0.11888,0.16914,0.19875,0.02750,0.26409,0.16848,0.10488
0.17557,0.08804,0.06348,-0.01291,0.10579,0.05024,0.06019,0.10920,0.16679,0.06541,0.20594,0.03818,0.09153
0.08832,-0.00634,0.09921,-0.08112,-0.01667,-0.04825,-0.01841,0.00210,0.01513,-0.19739,0.17917,0.01253,0.08948
-0.01238,-0.12822,0.14010,-0.03340,-0.08997,0.01735,-0.11141,-0.15216,-0.40652,-0.31462,0.04311,-0.15172,-0.08287
-0.12159,-0.22576,0.12473,-0.08324,-0.21917,-0.16670,-0.29240,-0.17843,-0.45455,-0.28509,-0.03301,-0.19467,-0.35030
-0.23593,-0.18998,0.12166,-0.08084,-0.21911,-0.12639,-0.19703,-0.22406,-0.39599,-0.26023,0.06392,-0.22156,-0.23854
-0.35386,-0.22636,0.10489,-0.14355,-0.26266,-0.15034,-0.23099,-0.23784,-0.45069,-0.30310,-0.06728,-0.24569,-0.17147
-0.31480,-0.38875,0.10063,-0.27832,-0.45022,-0.32466,-0.35555,-0.44102,-0.55656,-0.44258,-0.34105,-0.47263,-0.22489
-0.53795,-0.68034,0.10837,-0.52238,-0.66509,-0.71840,-0.64170,-0.74855,-0.83447,-0.80987,-0.54061,-0.73903,-0.58333
-0.75590,-0.87772,0.07214,-0.84097,-0.87110,-0.95265,-0.92028,-0.82902,-0.96882,-0.96919,-0.75320,-0.83624,-0.83577
-0.96235,-0.93814,0.09469,-0.91196,-0.96023,-1.04898,-1.03241,-0.86428,-0.88582,-1.10756,-0.82734,-0.85979,-0.88302
-1.14498,-0.97630,0.16141,-1.03006,-1.07303,-1.05259,-1.27943,-0.96578,-0.83767,-1.10657,-0.80236,-0.83197,-0.78356
-1.29777,-1.15362,0.17032,-1.27957,-1.32421,-1.18143,-1.38058,-1.24502,-0.98757,-1.25998,-0.98883,-0.91304,-0.97600
-1.32866,-1.28478,0.18502,-1.35825,-1.50994,-1.37437,-1.53021,-1.36480,-1.00905,-1.34164,-1.06940,-1.22458,-1.06556
-1.52508,-1.44798,0.20808,-1.49864,-1.71237,-1.53478,-1.64671,-1.54435,-1.22280,-1.56063,-1.14526,-1.48902,-1.12520
-1.68868,-1.56602,0.18445,-1.56087,-1.78585,-1.65545,-1.79920,-1.63222,-1.44913,-1.61594,-1.35951,-1.59825,-1.20374
-1.81941,-1.62244,0.14502,-1.54679,-1.84493,-1.65821,-1.85037,-1.56648,-1.41527,-1.67139,-1.55230,-1.65808,-1.46063
-1.91728,-1.77620,0.14265,-1.76765,-2.07212,-1.75680,-1.93036,-1.70370,-1.76744,-1.75288,-1.73531,-1.75087,-1.52486
-1.80965,-1.88586,0.14339,-1.80715,-2.18242,-1.91149,-1.98130,-2.04077,-1.86194,-1.77336,-1.79559,-1.75828,-1.74630
-1.95432,-1.94022,0.16738,-1.89796,-2.26676,-1.97918,-1.97432,-2.17473,-1.92060,-1.75568,-1.78032,-1.81910,-1.83349
-2.06683,-1.98690,0.19333,-1.94434,-2.26047,-2.10088,-1.98439,-2.29790,-2.05236,-1.72991,-1.78347,-1.80812,-1.90719
-2.14673,-1.92362,0.19614,-1.88690,-2.22935,-2.12473,-1.88390,-2.18978,-1.93878,-1.69086,-1.83118,-1.70897,-1.75180
-2.19373,-1.99235,0.15364,-1.98047,-2.17236,-2.12130,-1.93471,-2.26210,-1.96403,-1.85245,-1.90415,-1.74962,-1.98233
-2.20775,-2.00549,0.19597,-1.92198,-2.12672,-2.34451,-1.92539,-2.29452,-2.05561,-1.82717,-1.94284,-1.76986,-1.84633
-2.03547,-2.02494,0.20170,-2.02566,-2.21106,-2.22258,-2.05217,-2.40475,-1.95151,-1.91241,-1.75455,-1.84992,-1.86480
-2.09853,-2.05742,0.19503,-2.12831,-2.12798,-2.18486,-1.99347,-2.52083,-1.99236,-1.94514,-1.89340,-1.89763,-1.89022
-2.12905,-1.87805,0.22909,-1.75528,-1.95099,-2.01540,-1.69493,-2.37776,-1.85682,-1.97471,-1.84623,-1.79349,-1.51488
-2.12703,-1.83355,0.21917,-1.58252,-1.99039,-1.94125,-1.61555,-2.27071,-1.82416,-1.98826,-1.83095,-1.64564,-1.64609
-2.09264,-1.87148,0.24538,-1.54462,-2.05118,-1.95763,-1.59710,-2.30098,-1.80188,-1.87074,-2.14876,-1.65557,-1.78638
-2.02622,-1.88472,0.24622,-1.64286,-2.02076,-1.98678,-1.52668,-2.30902,-1.96363,-1.74172,-2.16513,-1.69146,-1.79917
-1.79445,-1.84011,0.24158,-1.62999,-1.81539,-2.02147,-1.45507,-2.05102,-2.05936,-1.60838,-2.14176,-1.63584,-1.98281
-1.77746,-1.75442,0.23023,-1.63369,-1.53751,-2.03694,-1.50570,-1.81525,-2.04662,-1.57682,-2.09036,-1.55386,-1.74744
-1.72859,-1.40583,0.16603,-1.38244,-1.25992,-1.66189,-1.32111,-1.39726,-1.70299,-1.39331,-1.47418,-1.24472,-1.22048
-1.64826,-1.20083,0.12426,-1.21502,-1.12187,-1.39283,-1.13789,-1.05854,-1.32627,-1.28080,-1.27071,-0.99043,-1.21393
-1.53705,-1.15222,0.12588,-1.13888,-1.04464,-1.41693,-1.12318,-0.99724,-1.25148,-1.02907,-1.14954,-1.11979,-1.25147
-1.39568,-1.18063,0.13447,-1.11422,-1.07431,-1.38195,-1.07751,-1.03857,-1.27297,-1.03865,-1.16186,-1.26816,-1.37809
-1.12081,-0.97615,0.14587,-0.85025,-0.96258,-1.31128,-0.94107,-0.90948,-0.97940,-0.91662,-0.78749,-1.11051,-0.99284
-1.02938,-0.75786,0.10435,-0.68330,-0.68529,-0.94586,-0.66465,-0.80436,-0.90441,-0.68695,-0.64292,-0.76927,-0.79158
-0.92013,-0.47579,0.12753,-0.24995,-0.34874,-0.54204,-0.52681,-0.55314,-0.53901,-0.58408,-0.30279,-0.49305,-0.61827
-0.79365,-0.42565,0.11318,-0.29729,-0.24253,-0.38949,-0.48532,-0.53968,-0.53620,-0.53626,-0.31598,-0.38984,-0.52388
-0.65202,-0.32329,0.09594,-0.23668,-0.23043,-0.32206,-0.36877,-0.50068,-0.41943,-0.39537,-0.24740,-0.21167,-0.30038
-0.35838,-0.29459,0.15703,-0.44337,-0.11998,-0.18158,-0.36857,-0.60905,-0.16793,-0.38745,-0.16401,-0.19350,-0.31050
-0.31313,-0.06165,0.11432,-0.08997,-0.00957,0.00348,0.02087,-0.30426,0.00409,-0.23147,0.01457,-0.02468,0.00041
-0.27185,0.06342,0.07202,0.00843,0.03586,0.12554,0.06725,-0.04335,0.15691,-0.03233,0.15943,0.07278,0.08364
-0.23139,0.10588,0.10218,0.04523,0.04758,0.12663,0.04196,0.04585,0.18679,-0.06921,0.25706,0.23885,0.13804
-0.19308,-0.00182,0.10773,-0.01922,0.02371,0.07067,-0.08505,-0.06033,-0.00605,-0.21043,0.19963,0.01055,0.05830
-0.04609,-0.08755,0.11289,0.00774,-0.01067,0.00711,-0.10754,-0.11940,-0.12654,-0.33647,0.05675,-0.15851,-0.08799
-0.13214,-0.24491,0.17435,-0.01172,-0.07140,-0.11181,-0.38719,-0.20216,-0.46513,-0.45262,-0.11100,-0.19749,-0.43856
-0.22857,-0.17016,0.15747,0.02825,-0.07203,0.06494,-0.25403,-0.20845,-0.35749,-0.26929,-0.03380,-0.21847,-0.38121
-0.32912,-0.25964,0.13064,-0.14794,-0.18163,-0.18032,-0.24318,-0.25297,-0.36863,-0.47428,-0.07550,-0.22436,-0.44762
-0.42878,-0.34137,0.13017,-0.21047,-0.30773,-0.16253,-0.47267,-0.32009,-0.44810,-0.54442,-0.17585,-0.36905,-0.40276
-0.43173,-0.57210,0.11067,-0.42090,-0.56330,-0.49679,-0.59996,-0.72157,-0.67478,-0.67010,-0.39172,-0.64147,-0.54038
-0.63049,-0.88246,0.10453,-0.86182,-0.90305,-0.93280,-0.87944,-0.88820,-1.08276,-0.98871,-0.77645,-0.76400,-0.74740
-0.82250,-0.99075,0.10311,-0.91503,-1.02914,-1.02568,-1.00339,-0.93635,-1.24646,-0.98216,-0.95331,-0.86571,-0.95030
-0.99840,-1.13126,0.14367,-0.98639,-1.10146,-1.25794,-1.14225,-0.99936,-1.45757,-1.07882,-1.00752,-1.08765,-1.19369
-1.15193,-1.26554,0.15179,-1.08443,-1.15975,-1.39840,-1.24182,-1.15333,-1.61059,-1.22143,-1.18178,-1.27114,-1.33276
-1.28025,-1.46828,0.15330,-1.32897,-1.31191,-1.52516,-1.31320,-1.52332,-1.78070,-1.40503,-1.41393,-1.43445,-1.64611
-1.37878,-1.49118,0.14392,-1.41476,-1.31190,-1.62959,-1.30646,-1.46786,-1.77055,-1.43384,-1.49188,-1.47915,-1.60583
-1.44208,-1.43661,0.15468,-1.50045,-1.41457,-1.44278,-1.25516,-1.36085,-1.81025,-1.37007,-1.36580,-1.31662,-1.52954
-1.47052,-1.50216,0.12916,-1.49613,-1.49335,-1.54231,-1.28653,-1.44340,-1.75596,-1.40808,-1.56675,-1.41277,-1.61631
-1.46652,-1.43369,0.17987,-1.39484,-1.76547,-1.41451,-1.29335,-1.17512,-1.62000,-1.33917,-1.43746,-1.29266,-1.60435
-1.43037,-1.48124,0.25585,-1.44655,-2.06891,-1.45974,-1.15778,-1.30962,-1.29660,-1.37812,-1.56886,-1.41785,-1.70842
-1.36239,-1.43489,0.22611,-1.45847,-1.98699,-1.40074,-1.19265,-1.29081,-1.25076,-1.58226,-1.30259,-1.46360,-1.42000
-1.26312,-1.34720,0.21080,-1.49295,-1.79766,-1.22709,-1.08916,-1.32364,-1.31947,-1.51888,-1.10765,-1.32685,-1.26869
-1.13548,-1.21474,0.21451,-1.31193,-1.66565,-1.05873,-1.00176,-1.24666,-1.15503,-1.44379,-0.96749,-1.10009,-1.19631
-0.98479,-1.15734,0.25740,-1.21508,-1.60302,-1.13560,-0.89632,-1.07393,-1.22329,-1.49259,-0.85275,-0.83806,-1.24277
-0.81594,-0.78019,0.23350,-0.96343,-0.98459,-0.76316,-0.59066,-0.36399,-0.88633,-1.06404,-0.55993,-0.63483,-0.99097
-0.63228,-0.52313,0.27399,-0.78479,-0.58582,-0.62274,-0.16512,-0.22580,-0.84756,-0.18863,-0.33747,-0.60655,-0.86687
-0.43936,-0.44450,0.17443,-0.68436,-0.43203,-0.63163,-0.40049,-0.24705,-0.71794,-0.30629,-0.32861,-0.26350,-0.43315
-0.24436,0.06928,0.89338,-0.62846,-0.35386,-0.51765,2.22388,-0.19538,-0.72245,0.60294,-0.24781,-0.16493,0.69650
-0.05057,0.44750,0.85058,-0.16332,0.36773,0.24544,2.64334,0.22226,-0.39134,0.92601,-0.03262,0.21195,0.44557
0.13592,0.66926,0.90579,0.08757,1.26719,0.27192,3.01596,0.41687,-0.14273,0.69860,0.27864,0.42307,0.37552
0.30903,0.90587,0.84500,0.26326,1.71140,0.76156,2.92540,0.66179,0.14195,1.14367,0.37883,0.45427,0.61654
0.46111,1.23419,1.04282,0.58251,2.05361,0.82851,3.74967,0.93800,0.33915,1.83002,0.60772,0.65415,0.75859
0.58784,1.39215,0.84361,1.25831,1.97251,1.07112,3.53454,0.78313,1.02092,0.86746,0.82013,0.95901,1.63439
0.68671,2.39619,0.59439,1.77717,2.88788,2.42707,3.39214,2.23490,1.50964,2.62417,2.23955,1.85568,3.01367
0.75387,2.84000,0.82062,1.89496,3.66940,2.15303,3.97324,3.06712,2.14244,3.18023,3.50824,1.61641,3.19490
0.78655,3.37043,0.86522,2.11641,3.80205,3.25468,4.78156,3.04455,3.21995,3.32097,4.73906,2.48471,2.94038
0.78589,3.29188,0.81220,1.97884,3.18793,3.54793,4.51185,3.08632,3.79737,2.90442,4.50247,2.56645,2.83524
0.75338,3.16540,0.90476,1.52459,3.70554,1.95998,3.55925,2.93564,4.11454,3.05667,4.50696,3.07772,3.21315
0.68938,1.61624,0.70070,0.58246,1.88520,1.14495,2.00343,0.53442,2.40223,1.26040,2.44286,2.15394,1.75255
0.59601,0.48090,0.09831,0.47802,0.64930,0.44359,0.43484,0.45642,0.55227,0.32539,0.43220,0.41839,0.61857
0.47730,0.41952,0.13501,0.34453,0.66544,0.39030,0.59925,0.35202,0.52244,0.37114,0.39464,0.33461,0.22083
0.33521,0.16573,0.09983,0.03418,0.15723,0.31877,0.14068,0.22452,0.21585,0.02672,0.30190,0.12130,0.11613
0.17427,0.01494,0.10645,0.02874,0.06422,0.18980,0.07142,-0.09141,-0.05898,-0.10833,0.16719,-0.06652,-0.04677
0.00186,-0.09747,0.12410,-0.03265,-0.01375,0.04866,-0.02335,-0.18907,-0.21709,-0.30829,0.06109,-0.18700,-0.11325
-0.17754,-0.31290,0.11097,-0.17673,-0.25756,-0.22656,-0.36161,-0.28754,-0.38953,-0.53640,-0.19820,-0.28671,-0.40819
-0.36209,-0.41045,0.12863,-0.20781,-0.38903,-0.45827,-0.48645,-0.46087,-0.42181,-0.65131,-0.26364,-0.47084,-0.29450
-0.54619,-0.59434,0.08851,-0.39183,-0.57686,-0.58973,-0.60933,-0.61100,-0.60406,-0.74230,-0.60860,-0.66077,-0.54886
-0.72072,-0.85258,0.07935,-0.80282,-0.86418,-0.83868,-0.92988,-0.83662,-0.99866,-0.91504,-0.82399,-0.80078,-0.71514
-0.88081,-0.97127,0.11932,-0.96617,-0.94478,-1.01108,-1.03912,-0.88605,-1.22672,-1.01734,-0.96878,-0.87410,-0.77858
-1.02470,-1.13114,0.11932,-1.05088,-1.16235,-1.21004,-1.14636,-1.01158,-1.42162,-1.11936,-1.09494,-1.05148,-1.04281
-1.14666,-1.23642,0.15442,-1.16834,-1.24490,-1.39826,-1.15159,-1.10063,-1.59896,-1.24818,-1.13440,-1.11341,-1.20555
-1.23954,-1.36348,0.16443,-1.28038,-1.34249,-1.46191,-1.21483,-1.38635,-1.78375,-1.34165,-1.27352,-1.23739,-1.31257
-1.30142,-1.34273,0.14135,-1.27736,-1.26679,-1.49323,-1.21615,-1.27955,-1.67954,-1.29619,-1.36328,-1.24161,-1.31358
-1.33240,-1.23220,0.10351,-1.22709,-1.18284,-1.37451,-1.16432,-1.06405,-1.41291,-1.21565,-1.29875,-1.18555,-1.19627
-1.33114,-1.26836,0.12960,-1.27274,-1.14790,-1.47416,-1.14276,-1.07523,-1.38594,-1.21265,-1.31401,-1.24303,-1.41520
-1.29781,-1.22491,0.11828,-1.24889,-1.09681,-1.42445,-1.10818,-1.13780,-1.20716,-1.10971,-1.22636,-1.29234,-1.39743
-1.23451,-1.20776,0.12064,-1.12625,-1.16117,-1.42330,-1.07559,-1.22922,-1.24564,-1.13000,-1.07356,-1.38652,-1.22639
-1.14281,-1.00542,0.12869,-0.96845,-0.91148,-1.26165,-0.94648,-1.08575,-1.08858,-0.93381,-0.78468,-1.02010,-1.05320
-1.02589,-0.70131,0.10133,-0.77308,-0.55823,-0.85829,-0.63993,-0.78767,-0.71171,-0.68880,-0.53173,-0.73543,-0.72824
-0.88951,-0.64164,0.09329,-0.72420,-0.43162,-0.67809,-0.58390,-0.68407,-0.72966,-0.63732,-0.55647,-0.70293,-0.68813
-0.73525,-0.61341,0.07664,-0.70660,-0.47410,-0.56447,-0.61395,-0.63284,-0.71596,-0.65222,-0.51919,-0.60860,-0.64613
-0.56761,-0.47034,0.09009,-0.42246,-0.32758,-0.41505,-0.43517,-0.58013,-0.55395,-0.60012,-0.40777,-0.42554,-0.53566
-0.30277,-0.09574,0.08593,-0.10818,-0.05757,-0.00776,-0.07218,-0.11632,-0.11306,-0.20797,-0.23297,-0.10170,0.06035
-0.20529,0.10255,0.07740,-0.01024,0.19523,0.20595,0.06928,0.08702,0.06517,-0.00883,0.17168,0.10321,0.14702
-0.11324,0.03701,0.07205,-0.04735,0.11394,0.13187,0.09124,-0.05010,-0.01829,-0.02886,0.05040,0.01277,0.11443
-0.02651,0.04340,0.06598,-0.06505,0.09906,0.14151,0.04412,-0.04538,0.05403,0.00130,0.07190,0.02715,0.10541
0.05209,0.10718,0.09220,-0.03317,0.25159,0.18533,0.08615,0.00286,0.10098,0.01601,0.19730,0.15216,0.11263
0.18225,0.20182,0.09908,0.15152,0.41470,0.19393,0.12185,0.11902,0.30620,0.09346,0.26024,0.18414,0.17313
0.14845,0.27578,0.12551,0.25095,0.55643,0.21807,0.17087,0.22404,0.32401,0.31760,0.37812,0.11713,0.20057
0.09836,0.29942,0.06412,0.29673,0.30397,0.27374,0.14438,0.28254,0.30237,0.30697,0.37792,0.34702,0.35854
0.03506,0.09288,0.07580,0.02192,0.08031,0.20869,0.03220,0.09850,0.11560,-0.03706,0.20046,0.11326,0.09493
-0.03824,-0.02821,0.11514,0.06646,0.10902,0.09881,0.02879,-0.11757,-0.14273,-0.23278,0.03512,-0.10013,-0.02709
-0.09029,-0.14375,0.08865,-0.04374,-0.10081,-0.09757,-0.17106,-0.19969,-0.12100,-0.32308,-0.02456,-0.22070,-0.13525
-0.25832,-0.29491,0.12305,-0.20067,-0.20066,-0.18301,-0.38007,-0.26389,-0.33911,-0.55688,-0.14349,-0.33464,-0.34673
-0.43085,-0.44077,0.11937,-0.47188,-0.46669,-0.31187,-0.41186,-0.34134,-0.50723,-0.66249,-0.25575,-0.54743,-0.43119
-0.59796,-0.46649,0.14444,-0.33519,-0.50540,-0.31673,-0.43619,-0.55733,-0.40500,-0.79890,-0.44328,-0.53446,-0.33244
-0.64159,-0.74430,0.13185,-0.77385,-0.73738,-0.76389,-0.74580,-0.78915,-0.81900,-0.99529,-0.67196,-0.67555,-0.47117
-0.86382,-0.89221,0.13936,-0.88911,-0.92370,-0.91821,-1.16118,-0.80730,-0.88753,-1.07739,-0.74570,-0.77437,-0.73762
-1.07402,-1.04974,0.14162,-0.99109,-1.04729,-1.07872,-1.28215,-1.14824,-0.97011,-1.22425,-1.02368,-0.80484,-0.92703
-1.25758,-1.12095,0.16380,-1.05364,-1.18609,-1.18762,-1.31638,-1.26714,-0.97212,-1.36223,-0.99342,-0.89522,-0.97562
-1.40890,-1.31721,0.15738,-1.20946,-1.40361,-1.28428,-1.40494,-1.42549,-1.26516,-1.61858,-1.12966,-1.34564,-1.08523
-1.52729,-1.44979,0.14258,-1.35692,-1.60483,-1.43065,-1.46211,-1.51794,-1.39544,-1.67900,-1.26157,-1.54987,-1.23955
-1.54135,-1.58541,0.13938,-1.46196,-1.71451,-1.66949,-1.50577,-1.69348,-1.66195,-1.72803,-1.35492,-1.66011,-1.40390
-1.67470,-1.61246,0.15197,-1.60747,-1.74696,-1.71137,-1.48296,-1.83435,-1.71979,-1.59965,-1.34333,-1.63715,-1.44151
-1.77676,-1.61833,0.16969,-1.58039,-1.77624,-1.66462,-1.44999,-1.86808,-1.74598,-1.68852,-1.42541,-1.64952,-1.33458
-1.84712,-1.70414,0.13902,-1.60178,-1.80482,-1.74490,-1.52891,-1.98483,-1.80111,-1.72736,-1.59404,-1.69063,-1.56303
-1.88553,-1.74832,0.15437,-1.61153,-1.83607,-1.78056,-1.54298,-2.08504,-1.83187,-1.80368,-1.66534,-1.66403,-1.66214
-1.78449,-1.86279,0.20971,-1.77991,-1.93538,-1.83168,-1.58900,-2.28396,-1.93218,-1.84554,-1.67021,-1.67077,-2.08928
-1.84196,-1.79752,0.17603,-1.88973,-1.70848,-1.93953,-1.49286,-2.07260,-1.95488,-1.70245,-1.67937,-1.65750,-1.87778
-1.86771,-1.66589,0.13806,-1.63615,-1.59858,-1.72726,-1.48078,-1.92203,-1.84389,-1.58957,-1.54233,-1.58979,-1.72857
-1.86173,-1.58862,0.15227,-1.51971,-1.51453,-1.66326,-1.32161,-1.70372,-1.83984,-1.43409,-1.63181,-1.53869,-1.71891
-1.82420,-1.65094,0.22627,-1.53429,-1.53564,-1.77762,-1.31221,-1.66287,-1.96363,-1.37582,-1.99549,-1.60694,-1.74487
-1.75546,-1.49785,0.18173,-1.64521,-1.49704,-1.56745,-1.25736,-1.38432,-1.86985,-1.27623,-1.49021,-1.41673,-1.57405
-1.59305,-1.35636,0.19060,-1.64608,-1.30939,-1.44562,-1.12584,-1.19173,-1.70234,-1.20856,-1.36660,-1.26942,-1.29805
-1.54398,-1.25626,0.18466,-1.50730,-1.25206,-1.35926,-1.10324,-0.98188,-1.47551,-1.03807,-1.16371,-1.25134,-1.43024
-1.46407,-1.12399,0.13902,-1.34796,-1.22557,-1.26261,-1.00413,-0.95941,-1.22809,-0.94409,-1.05435,-1.06132,-1.15241
-1.35387,-1.05956,0.12548,-1.18982,-1.10140,-1.29441,-1.01419,-0.85309,-1.07174,-0.94946,-0.96086,-1.09209,-1.06856
-1.21408,-1.00063,0.12432,-1.14984,-1.12031,-1.04924,-0.95142,-0.90095,-1.15741,-0.94780,-0.77088,-0.92124,-1.03719
-0.94734,-0.91501,0.09393,-1.01863,-0.92863,-0.98741,-0.84747,-0.87162,-1.01943,-0.82676,-0.80083,-0.81314,-1.03618
-0.83967,-0.81445,0.10179,-0.97007,-0.74714,-0.81379,-0.70199,-0.79688,-0.90729,-0.85595,-0.65575,-0.76477,-0.93084
-0.71937,-0.60205,0.04983,-0.64342,-0.57024,-0.60120,-0.58421,-0.55517,-0.62749,-0.61623,-0.52820,-0.58918,-0.70519
-0.58656,-0.58075,0.08494,-0.65561,-0.54544,-0.53801,-0.49640,-0.47025,-0.64156,-0.66717,-0.53934,-0.52736,-0.72637
-0.44577,-0.39312,0.11265,-0.44806,-0.35637,-0.24306,-0.37360,-0.34366,-0.53877,-0.39211,-0.36058,-0.26676,-0.60821
-0.30104,-0.20697,0.08035,-0.31444,-0.23803,-0.01952,-0.19035,-0.16236,-0.26840,-0.21167,-0.25155,-0.17204,-0.24131
-0.15639,-0.14968,0.10745,-0.27552,-0.18339,0.00390,-0.01695,-0.04062,-0.25811,-0.09556,-0.24411,-0.13644,-0.25000
-0.01502,-0.11469,0.13795,-0.23826,-0.22157,0.13972,0.02700,-0.12230,-0.16107,0.05132,-0.19766,-0.16629,-0.25775
0.11866,0.03917,0.16205,-0.15015,-0.03342,0.33430,0.22327,0.10348,-0.05146,0.18806,-0.10051,-0.05155,-0.07032
0.23892,0.10541,0.15833,-0.11962,-0.15342,0.34199,0.23289,0.19480,0.07972,0.17589,0.18983,0.12724,-0.01523
0.34184,0.20758,0.11335,-0.02172,0.24121,0.33261,0.35458,0.23134,0.10132,0.23509,0.28722,0.17476,0.13942
0.42513,0.40390,0.11922,0.14123,0.46088,0.45964,0.48438,0.41100,0.39977,0.38675,0.44569,0.57166,0.27798
0.48584,0.35275,0.14083,0.07884,0.34678,0.41252,0.47284,0.36125,0.24697,0.48965,0.43292,0.49912,0.18664
0.52116,0.43189,0.15010,0.12372,0.54047,0.42188,0.46515,0.50065,0.43563,0.47696,0.45304,0.65914,0.24229
0.53025,0.57194,0.13943,0.35773,0.68906,0.80734,0.52122,0.49838,0.63330,0.61421,0.46979,0.69808,0.43025
0.51331,0.58757,0.12865,0.53343,0.65000,0.84119,0.37716,0.50299,0.60160,0.53685,0.50695,0.71658,0.60895
0.47096,0.51980,0.08941,0.42529,0.62715,0.49720,0.37256,0.49478,0.51637,0.61219,0.45121,0.63495,0.56626
0.40499,0.31671,0.08424,0.19995,0.48841,0.31315,0.28278,0.33760,0.30310,0.37004,0.35457,0.32193,0.19561
0.31774,0.20894,0.09635,0.15333,0.39048,0.21233,0.15657,0.26137,0.19346,0.33632,0.19200,0.09022,0.10335
0.21134,0.10985,0.05536,-0.00692,0.15081,0.17757,0.06977,0.10132,0.15506,0.13568,0.14895,0.09607,0.07019
0.08899,0.05696,0.07994,-0.03694,0.21698,0.15434,0.02354,0.00830,0.06861,0.05929,0.07091,-0.04132,0.04592
-0.04559,-0.08268,0.09196,-0.07719,0.11538,-0.00227,-0.11267,-0.13831,-0.14494,-0.06445,-0.04381,-0.21100,-0.14755
-0.18751,-0.20026,0.09071,-0.09058,-0.12808,-0.11623,-0.22750,-0.19698,-0.29685,-0.18970,-0.12026,-0.26662,-0.36984
-0.33436,-0.34617,0.08419,-0.25594,-0.29393,-0.25320,-0.39760,-0.26111,-0.39098,-0.43646,-0.28540,-0.41545,-0.47165
-0.48246,-0.45049,0.09521,-0.29433,-0.44599,-0.36826,-0.49297,-0.42163,-0.48407,-0.61565,-0.34859,-0.52712,-0.50631
-0.62476,-0.58310,0.08564,-0.38132,-0.56686,-0.63049,-0.58870,-0.63052,-0.61910,-0.63013,-0.49037,-0.65886,-0.63467
-0.75837,-0.73830,0.05777,-0.70350,-0.67869,-0.78499,-0.68657,-0.75648,-0.86209,-0.68468,-0.70949,-0.74686,-0.76968
-0.87954,-0.80999,0.08469,-0.76745,-0.81409,-0.87539,-0.77420,-0.79293,-0.94611,-0.65298,-0.77955,-0.77864,-0.91856
-0.98157,-0.90114,0.10060,-0.94086,-0.88768,-1.02487,-0.87918,-0.81126,-1.07122,-0.72583,-0.84222,-0.88259,-0.94565
-1.06082,-0.98186,0.12692,-1.02804,-0.94652,-1.03925,-0.89747,-0.85926,-1.24864,-0.82321,-0.93270,-0.93747,-1.10605
-1.11521,-1.07324,0.13157,-1.27254,-1.10176,-1.17962,-0.97784,-0.91220,-1.25122,-0.94620,-0.99330,-0.96665,-1.13110
-1.14392,-1.17707,0.16773,-1.42825,-1.14163,-1.21450,-1.06641,-0.96058,-1.34270,-0.99282,-1.10407,-1.10511,-1.41468
-1.14590,-1.06821,0.12956,-1.19309,-1.04782,-1.30911,-0.99494,-0.89605,-1.17837,-0.92599,-0.97648,-1.05820,-1.10204
-1.12067,-1.08242,0.14654,-1.18508,-1.07906,-1.34425,-1.01291,-0.89728,-1.11240,-1.04811,-0.83349,-1.14481,-1.16676
-1.06945,-1.00525,0.13508,-1.01206,-1.02708,-1.24956,-0.86626,-0.86847,-1.14711,-0.95064,-0.81355,-1.04533,-1.07247
-0.99360,-0.95165,0.11328,-1.02075,-0.89427,-1.07980,-0.84522,-0.98706,-1.08493,-0.89619,-0.75733,-0.87885,-1.07211
-0.89533,-0.92668,0.12240,-1.06512,-0.81255,-1.00058,-0.83514,-0.99987,-1.04279,-0.87762,-0.71371,-0.85969,-1.05974
-0.77907,-0.66014,0.06928,-0.75897,-0.56189,-0.70761,-0.66146,-0.63380,-0.71569,-0.64857,-0.55465,-0.62582,-0.73292
-0.64871,-0.58819,0.06004,-0.62143,-0.54090,-0.52404,-0.58960,-0.55114,-0.67533,-0.62318,-0.52591,-0.54636,-0.68397
-0.50620,-0.47119,0.09452,-0.55405,-0.41692,-0.30571,-0.47559,-0.45812,-0.59447,-0.45802,-0.40517,-0.42667,-0.61715
-0.35706,-0.27647,0.11861,-0.43385,-0.23329,-0.06770,-0.29213,-0.19505,-0.37712,-0.24188,-0.27988,-0.19140,-0.45237
-0.20661,-0.16149,0.07515,-0.29133,-0.17478,-0.06307,-0.06139,-0.11424,-0.13934,-0.14234,-0.23916,-0.15750,-0.23177
-0.06046,-0.03778,0.09834,-0.07770,-0.14357,0.12830,0.03544,0.02736,-0.05879,0.07922,-0.13791,-0.09323,-0.13695
0.07723,0.10441,0.10943,-0.04767,0.27580,0.20331,0.10369,0.12959,0.05071,0.24335,-0.02966,0.06933,0.04562
0.20342,0.30342,0.12835,0.11369,0.44839,0.48128,0.21335,0.35523,0.19678,0.41830,0.28877,0.35954,0.15891
0.31331,0.29560,0.10212,0.10538,0.42102,0.39172,0.29605,0.34819,0.17165,0.33933,0.35447,0.32414,0.20404
0.40178,0.37821,0.13062,0.14397,0.44860,0.41883,0.57867,0.37628,0.21262,0.42625,0.39400,0.49524,0.28760
0.46647,0.48061,0.12282,0.32094,0.49712,0.62493,0.49812,0.43886,0.34710,0.55979,0.43644,0.70523,0.37758
0.50627,0.41952,0.12499,0.33363,0.60968,0.40098,0.37851,0.37761,0.25922,0.51067,0.48132,0.58829,0.25527
0.51917,0.64059,0.12122,0.48514,0.72062,0.57362,0.73393,0.47333,0.70286,0.62305,0.52184,0.79138,0.78017
0.50541,0.54087,0.16157,0.20331,0.68290,0.53644,0.42465,0.49318,0.57801,0.55382,0.46166,0.73741,0.73729
0.46578,0.52767,0.12144,0.37526,0.55496,0.53000,0.34906,0.47211,0.60440,0.64231,0.45277,0.74840,0.54742
0.42872,0.37802,0.12508,0.32028,0.51440,0.31790,0.28592,0.24759,0.44431,0.52185,0.42321,0.52751,0.17727
0.32013,0.24145,0.09265,0.14847,0.45607,0.29676,0.22689,0.18711,0.21729,0.29746,0.25603,0.17949,0.14896
0.19262,0.13345,0.07322,0.02447,0.20808,0.18951,0.09140,0.16529,0.17858,0.10075,0.22115,0.01498,0.14025
0.04977,-0.10036,0.06386,-0.06777,-0.07485,0.01484,-0.02870,-0.15593,-0.10414,-0.14942,-0.09613,-0.19474,-0.14671
-0.10375,-0.24185,0.12767,-0.07981,-0.18643,-0.12312,-0.16982,-0.20623,-0.42695,-0.27349,-0.18692,-0.28599,-0.47970
-0.26182,-0.40114,0.11501,-0.28799,-0.40974,-0.23538,-0.37471,-0.32917,-0.53808,-0.48230,-0.31398,-0.44383,-0.59621
-0.42006,-0.49947,0.10142,-0.34115,-0.50671,-0.38646,-0.49318,-0.49998,-0.56634,-0.54743,-0.39077,-0.65658,-0.60613
-0.57640,-0.59327,0.10777,-0.38417,-0.61280,-0.69513,-0.55585,-0.74958,-0.62060,-0.58874,-0.45288,-0.63685,-0.63606
-0.72542,-0.77670,0.12917,-0.66575,-0.71404,-0.90503,-0.64022,-0.83814,-0.97621,-0.66709,-0.65182,-0.76601,-0.94265
-0.85883,-0.89258,0.14035,-0.76796,-0.82317,-1.00042,-0.84464,-0.87658,-1.21287,-0.83926,-0.74974,-0.81455,-0.99662
-0.97268,-0.96685,0.12992,-1.00405,-0.86586,-1.08903,-0.87943,-0.90259,-1.24374,-0.83611,-0.86441,-0.92784,-1.05542
-1.06576,-1.04777,0.12857,-1.16024,-0.98928,-1.05525,-0.94363,-0.88447,-1.30564,-0.89460,-1.08100,-1.05222,-1.11137
-1.13409,-1.03090,0.13943,-1.16833,-1.00886,-1.12538,-0.92846,-0.88834,-1.26561,-0.78863,-1.05657,-1.01428,-1.06451
-1.17430,-1.09876,0.13590,-1.28518,-1.20675,-1.21343,-1.02111,-0.89188,-1.22709,-0.90258,-1.09066,-1.04592,-1.10300
-1.18490,-1.15961,0.12735,-1.39116,-1.19459,-1.22002,-1.06210,-1.03582,-1.24686,-0.95599,-1.12974,-1.10295,-1.25689
-1.16655,-1.23151,0.17488,-1.42109,-1.46503,-1.38530,-1.04530,-1.05935,-1.16370,-0.98834,-1.13397,-1.27391,-1.37908
-1.12015,-1.03919,0.11346,-1.15128,-1.12294,-1.22476,-0.96638,-0.86603,-1.06552,-0.95362,-0.91109,-1.08507,-1.04518
-1.04819,-1.00114,0.11501,-1.12813,-1.08703,-1.05434,-0.90655,-0.98925,-1.16696,-0.96992,-0.78671,-0.90657,-1.01593
-0.95336,-0.91528,0.09457,-1.02914,-1.00070,-0.92364,-0.88704,-0.84902,-0.92593,-1.06999,-0.84098,-0.76551,-0.86079
-0.83727,-0.79905,0.11920,-0.97491,-0.69429,-0.75962,-0.74192,-0.85155,-0.79417,-1.02429,-0.66241,-0.70604,-0.78126
-0.70373,-0.59275,0.09647,-0.65858,-0.43591,-0.49477,-0.62753,-0.68545,-0.59663,-0.66910,-0.58845,-0.46416,-0.70689
-0.55922,-0.52764,0.08554,-0.65261,-0.41404,-0.53881,-0.51821,-0.51027,-0.59162,-0.44067,-0.49178,-0.45460,-0.66381
-0.40788,-0.40650,0.11078,-0.53390,-0.29371,-0.35169,-0.44762,-0.33560,-0.47717,-0.38108,-0.36076,-0.26630,-0.61716
-0.25405,-0.19029,0.11185,-0.38807,-0.12277,-0.06549,-0.32070,-0.23071,-0.21440,-0.10560,-0.22838,-0.19606,-0.03074
-0.09984,-0.04302,0.12429,-0.26535,-0.07908,0.04379,-0.05434,-0.02258,0.07634,0.12230,-0.17866,-0.13670,0.06406
0.04675,-0.02668,0.13417,-0.16361,-0.16954,0.18058,-0.01649,-0.00818,-0.04868,0.17969,-0.17843,-0.10254,0.06044
0.18098,0.11580,0.13068,-0.11356,0.19035,0.31867,0.29168,0.07186,0.09749,0.14545,0.00004,0.03307,0.12296
0.30116,0.31244,0.11750,0.07904,0.40475,0.44577,0.44388,0.23519,0.21682,0.37520,0.32960,0.35363,0.24050
0.39999,0.18588,0.16409,-0.09505,0.06397,0.35726,0.38188,0.22847,0.02529,0.37454,0.26108,0.18462,0.07674
0.47445,0.28736,0.10400,0.12246,0.34960,0.40781,0.37747,0.25651,0.15261,0.37186,0.31710,0.34550,0.17271
0.52252,0.41952,0.15295,0.14136,0.50302,0.44985,0.58001,0.42651,0.24342,0.49396,0.44375,0.62924,0.28405
0.54387,0.52173,0.14422,0.28949,0.61600,0.54634,0.59324,0.52706,0.54329,0.63791,0.49732,0.70817,0.25849
0.53742,0.56889,0.10524,0.39384,0.57989,0.69613,0.63185,0.48293,0.58737,0.55127,0.50398,0.75089,0.51075
0.50347,0.46654,0.11955,0.24612,0.53408,0.48859,0.32502,0.45895,0.46888,0.42117,0.48379,0.67331,0.56549
0.44317,0.34294,0.11849,0.29038,0.33747,0.44338,0.22699,0.31404,0.25437,0.33132,0.42146,0.60167,0.20834
0.35865,0.18200,0.06053,0.06767,0.14440,0.24053,0.14161,0.21611,0.21979,0.16393,0.21473,0.27015,0.14108
0.25429,0.11540,0.04541,0.02711,0.09199,0.12927,0.08609,0.11328,0.16145,0.19849,0.12378,0.11514,0.10736
0.13346,0.10175,0.05771,-0.00918,0.14277,0.17099,0.07452,0.08345,0.09715,0.16977,0.13945,0.10985,0.03870
-0.00012,-0.04729,0.07788,-0.01184,0.00377,0.07796,-0.00554,-0.14637,-0.09823,0.01381,-0.06348,-0.17571,-0.06731
-0.14452,-0.20493,0.06481,-0.12452,-0.12078,-0.17042,-0.14395,-0.18784,-0.28370,-0.22457,-0.24864,-0.24563,-0.29926
-0.29511,-0.38313,0.08134,-0.34676,-0.33566,-0.45837,-0.39103,-0.27077,-0.45982,-0.33001,-0.33318,-0.36146,-0.54421
-0.44442,-0.47973,0.11559,-0.33969,-0.59567,-0.58667,-0.38430,-0.45108,-0.58711,-0.45319,-0.28254,-0.52470,-0.59237
-0.58803,-0.62586,0.11776,-0.45158,-0.78718,-0.81161,-0.53235,-0.66171,-0.60518,-0.62027,-0.48116,-0.63229,-0.67528
-0.72413,-0.77321,0.07277,-0.70307,-0.88508,-0.74931,-0.65216,-0.83377,-0.86006,-0.71814,-0.78510,-0.79022,-0.75518
-0.84749,-0.83510,0.03997,-0.75638,-0.81950,-0.82431,-0.80717,-0.83701,-0.87211,-0.82081,-0.87474,-0.84178,-0.89716
-0.95088,-0.91575,0.12839,-0.99001,-0.93471,-1.00014,-0.82248,-0.70503,-0.91502,-0.88034,-0.82833,-1.18585,-0.89556
-1.03135,-1.12105,0.23699,-1.45971,-1.24063,-1.16540,-0.88667,-0.99704,-1.13076,-0.89361,-1.23007,-0.75696,-1.44961
-1.08823,-0.78512,0.34366,-0.99537,-1.08504,-1.24280,-0.34842,-0.81344,-0.96062,-0.28636,-1.07609,-0.41070,-0.63237
-1.11846,-0.79593,0.22340,-0.91562,-0.93428,-0.95572,-0.44079,-1.03264,-0.97291,-0.64103,-0.95747,-0.48382,-0.62507
-1.12067,-1.33135,0.28631,-1.17305,-1.53506,-1.27185,-1.12729,-1.40240,-1.45097,-1.08043,-1.21373,-1.05427,-2.00449
-1.09571,-1.45823,0.24857,-1.69513,-1.76462,-1.49216,-1.12881,-1.23227,-1.42765,-1.16279,-1.33065,-1.51971,-1.82848
-0.89796,-1.20940,0.13526,-1.39855,-1.33601,-1.32081,-1.15232,-0.97471,-1.12392,-1.08343,-1.13550,-1.31768,-1.25110
-0.92707,-1.09173,0.13154,-1.05224,-1.30753,-1.22642,-1.09076,-0.99848,-1.17976,-0.91237,-0.89594,-1.12330,-1.13050
-0.93990,-0.98397,0.08883,-1.04234,-1.04298,-1.05500,-0.93354,-0.96531,-1.10079,-0.99695,-0.81894,-0.86578,-1.01811
-0.93898,-1.01739,0.12053,-1.10262,-1.04022,-0.96577,-0.95608,-0.92168,-1.08026,-1.24301,-0.88346,-0.86170,-1.11906
-0.83397,-0.93052,0.11788,-1.02800,-0.95245,-1.01160,-0.88453,-0.76165,-0.94781,-1.11137,-0.81922,-0.77211,-1.01650
-0.67383,-0.73030,0.11158,-0.90107,-0.64690,-0.67843,-0.61904,-0.65937,-0.86933,-0.71256,-0.65794,-0.66475,-0.89357
-0.50904,-0.42929,0.10985,-0.57115,-0.41435,-0.38030,-0.41578,-0.34723,-0.54785,-0.41443,-0.33435,-0.26695,-0.60047
-0.33501,-0.29103,0.09124,-0.42343,-0.32344,-0.12820,-0.35243,-0.20554,-0.33661,-0.25964,-0.26969,-0.21965,-0.39168
-0.15950,-0.16141,0.10938,-0.32355,-0.26699,-0.06954,-0.23016,-0.11756,-0.03400,0.01896,-0.21793,-0.15574,-0.21764
0.01157,0.08088,0.11276,-0.02810,0.05984,0.22242,0.15256,0.12897,0.08288,0.26728,-0.06894,-0.04273,0.03457
0.17284,0.23907,0.10203,0.11875,0.42907,0.27198,0.25797,0.32112,0.17847,0.31965,0.23754,0.11973,0.13644
0.32110,0.51559,0.09737,0.34217,0.63532,0.51742,0.46582,0.48264,0.59854,0.63247,0.48735,0.58464,0.40952
0.45120,0.53777,0.09677,0.33562,0.57412,0.69709,0.55542,0.46729,0.58804,0.55160,0.52841,0.60564,0.47442
0.55755,0.63134,0.13233,0.33603,0.65386,0.77200,0.80799,0.61296,0.65015,0.57031,0.53997,0.67151,0.69857
0.63599,0.74328,0.14321,0.47804,0.71392,0.88781,0.81218,0.70335,0.92685,0.74364,0.54007,0.78811,0.83883
0.68290,0.60295,0.11635,0.42512,0.61834,0.80832,0.61692,0.52041,0.72555,0.66196,0.52638,0.64470,0.48180
0.69612,0.67049,0.12435,0.45793,0.75891,0.83512,0.80832,0.52619,0.69100,0.67844,0.54347,0.71917,0.68631
0.67607,0.76172,0.13250,0.60061,0.79777,0.87115,0.80658,0.57938,0.82352,0.81640,0.54928,0.86929,0.90319
0.62387,0.58020,0.11496,0.52814,0.71808,0.47127,0.48737,0.45209,0.53999,0.68095,0.48657,0.69231,0.74519
0.54207,0.47800,0.14316,0.59331,0.67902,0.39869,0.31435,0.32268,0.37476,0.60628,0.44003,0.66774,0.38316
0.43392,0.34718,0.10800,0.40651,0.55150,0.30346,0.31043,0.36401,0.23683,0.41891,0.35088,0.37690,0.15241
0.30310,0.28381,0.09843,0.35728,0.46711,0.34813,0.14480,0.29325,0.23418,0.33662,0.27963,0.21319,0.16387
0.15215,0.10155,0.08044,0.07154,0.22712,0.13018,0.05320,0.01860,0.18214,0.03268,0.20577,0.00527,0.08905
-0.01294,-0.07229,0.05996,-0.05204,0.00178,0.00454,-0.05144,-0.15040,-0.06315,-0.07744,-0.06377,-0.18959,-0.08141
-0.18631,-0.24577,0.06829,-0.16297,-0.26341,-0.24026,-0.31881,-0.21897,-0.24203,-0.32745,-0.10996,-0.27699,-0.29686
-0.36546,-0.36421,0.10824,-0.25903,-0.34107,-0.27020,-0.44902,-0.32642,-0.38051,-0.58020,-0.22486,-0.46307,-0.34767
-0.54561,-0.55434,0.08982,-0.40185,-0.47624,-0.60836,-0.56091,-0.62378,-0.56553,-0.64942,-0.42117,-0.63303,-0.60307
-0.71802,-0.70722,0.08995,-0.57759,-0.59570,-0.80696,-0.75485,-0.76864,-0.83527,-0.72266,-0.65745,-0.73398,-0.61911
-0.87647,-0.86097,0.08584,-0.85626,-0.76713,-0.98194,-0.96356,-0.82748,-0.99456,-0.81741,-0.80241,-0.81477,-0.78414
-1.01838,-1.01835,0.10617,-1.01503,-0.97708,-1.05701,-1.03471,-0.91232,-1.28721,-0.98975,-0.97740,-0.90918,-1.02377
-1.13778,-1.13853,0.17262,-1.09401,-1.11900,-1.09575,-1.12081,-1.00602,-1.59143,-1.04939,-1.02911,-1.03728,-1.24250
-1.22678,-1.16382,0.14083,-1.22290,-1.17249,-1.14607,-1.11353,-1.00697,-1.52036,-1.09179,-1.04159,-1.17157,-1.15089
-1.28374,-1.17861,0.13038,-1.27783,-1.21210,-1.14977,-1.10965,-0.99668,-1.45727,-1.05726,-1.22500,-1.21033,-1.09024
-1.30827,-1.20818,0.13715,-1.32822,-1.27268,-1.37200,-1.08501,-1.01170,-1.35367,-1.01007,-1.22542,-1.14306,-1.27996
-1.29957,-1.19858,0.12575,-1.30567,-1.19974,-1.37732,-1.11892,-1.02051,-1.29150,-0.98408,-1.18227,-1.24829,-1.25747
-1.25843,-1.13173,0.14470,-1.05589,-1.06906,-1.37386,-1.07599,-0.91537,-1.22175,-1.00003,-1.06149,-1.28805,-1.25586
-1.18679,-1.08540,0.12269,-1.05309,-1.07635,-1.32543,-1.02767,-1.05706,-1.18919,-0.94505,-0.89671,-1.15102,-1.13241
-1.08751,-0.95398,0.09303,-0.97606,-0.86716,-1.05094,-0.93309,-1.00245,-1.11223,-0.87142,-0.82040,-0.88989,-1.01620
-0.96410,-0.91299,0.10118,-0.95967,-0.75082,-0.95788,-0.83005,-0.98658,-1.01551,-0.98438,-0.75164,-0.89455,-0.99885
-0.82183,-0.65091,0.07760,-0.69724,-0.57752,-0.55380,-0.65460,-0.57949,-0.73517,-0.75490,-0.56672,-0.65445,-0.73518
-0.66486,-0.54209,0.11227,-0.68904,-0.47801,-0.42342,-0.48881,-0.33830,-0.66553,-0.55100,-0.55964,-0.57203,-0.65508
-0.49643,-0.33959,0.11045,-0.43935,-0.24273,-0.16527,-0.42652,-0.21839,-0.46739,-0.40431,-0.33154,-0.25797,-0.44241
-0.32186,-0.17947,0.11250,-0.27587,-0.05097,-0.00834,-0.20594,-0.13432,-0.28907,-0.34517,-0.25175,-0.15839,-0.07486
-0.14814,-0.07096,0.08237,-0.16152,-0.05223,0.06530,-0.04921,-0.10466,-0.05456,-0.15819,-0.12860,-0.12849,0.06257
0.02148,-0.05724,0.11345,-0.07527,0.01859,0.18970,0.00357,-0.20993,-0.08866,-0.12353,-0.11334,-0.16261,-0.01096
0.18118,0.19709,0.13461,0.04876,0.37011,0.33408,0.13655,0.04644,0.40698,0.05320,0.21817,0.18521,0.17136
0.32533,0.35836,0.10663,0.28578,0.34342,0.45461,0.35609,0.40083,0.50234,0.12232,0.32677,0.44829,0.34311
0.44722,0.31249,0.09153,0.29779,0.33046,0.50999,0.33824,0.22679,0.35449,0.15932,0.30437,0.26768,0.33578
0.54583,0.55029,0.31553,0.56502,0.31572,0.45388,0.43360,0.04739,0.58203,1.24245,0.41003,0.76629,0.68654
0.61699,0.95606,0.25323,0.88641,0.92471,0.91681,1.31724,0.55233,1.01198,1.04300,0.56016,1.25735,1.09061
0.65635,0.97239,0.26813,0.80950,0.94985,0.92706,1.39447,0.66714,1.05373,0.94637,0.54701,1.35798,1.07079
0.66450,0.95380,0.22069,1.06682,0.99218,1.18255,1.22073,0.64955,0.89653,0.71425,0.65330,0.97016,1.19194
0.64125,0.79764,0.25462,0.80313,1.20450,0.93635,0.53646,0.40649,0.69444,0.67733,0.79176,1.18391,0.74201
0.58749,0.63133,0.28320,0.54072,0.93474,1.02926,0.82122,0.49525,0.29968,0.49442,0.35733,0.98797,0.35277
0.53166,0.50317,0.30083,0.36785,0.38007,1.14788,0.50303,0.34519,0.20701,0.38581,0.35602,0.95404,0.38480
0.31460,0.16319,0.24467,0.04914,0.15487,0.30746,0.04564,-0.06334,0.12690,0.02442,0.16941,0.79508,0.02235
0.07711,-0.09033,0.15957,-0.08819,-0.06464,0.26809,-0.00359,-0.16336,-0.22445,-0.31903,-0.01096,-0.10498,-0.19223
-0.17207,-0.10909,0.29726,-0.17783,-0.42003,0.56432,-0.09510,-0.39726,0.22075,-0.16570,-0.18093,-0.13132,-0.30776
-0.26589,-0.43321,0.26599,-0.55574,-0.70990,-0.37614,-0.53312,-0.64187,0.20045,-0.28219,-0.47272,-0.65081,-0.31012
-0.60537,-0.80356,0.16178,-0.71497,-0.90919,-1.03097,-0.89643,-0.77727,-0.75755,-0.76801,-0.42800,-0.89121,-0.86199
-0.94291,-1.06767,0.21681,-1.00829,-1.13249,-1.26952,-1.22574,-0.93163,-1.05477,-1.35519,-0.67013,-0.80884,-1.22010
-1.26691,-1.28249,0.12173,-1.20112,-1.52724,-1.31795,-1.25931,-1.20978,-1.31489,-1.38591,-1.07069,-1.30630,-1.23172
-1.56118,-1.45869,0.25924,-1.47602,-2.05178,-1.37049,-1.44442,-1.19443,-1.55261,-1.51665,-1.24177,-1.59275,-1.14598
-1.82324,-1.79141,0.35031,-1.77091,-2.51777,-2.05964,-1.76223,-1.41838,-1.98963,-1.73973,-1.46366,-1.85952,-1.33266
-2.05627,-1.97782,0.41999,-2.07306,-2.96044,-2.26562,-1.96690,-1.65718,-2.02583,-1.86774,-1.72943,-1.82713,-1.40484
-2.09982,-2.27341,0.47775,-2.14941,-3.44569,-2.52583,-2.45495,-1.96923,-2.24621,-1.93588,-2.27204,-1.74283,-1.99205
-2.37526,-2.37229,0.56398,-2.02993,-3.81568,-2.60051,-2.45614,-1.96664,-2.29666,-2.02277,-2.53404,-1.93879,-2.06172
-2.62444,-2.54876,0.48672,-1.94968,-3.68282,-2.80005,-2.71546,-2.24768,-2.46328,-2.07443,-2.72690,-2.46329,-2.36404
-2.84613,-2.69304,0.36398,-2.14330,-3.28377,-3.07017,-2.88254,-2.98134,-2.51389,-2.28889,-2.74877,-2.59118,-2.42659
-3.03925,-2.84197,0.37092,-2.38305,-3.20499,-3.45041,-3.14834,-3.14484,-2.56930,-2.39496,-2.73455,-2.76856,-2.62071
-3.20290,-2.97085,0.32352,-2.62266,-3.20978,-3.54386,-3.23942,-3.08137,-2.86150,-2.44975,-2.73490,-3.05846,-2.90682
-3.33631,-3.14703,0.34413,-2.77798,-3.62568,-3.68350,-3.32876,-3.10073,-3.19568,-2.60039,-2.87870,-3.18561,-3.09320
-3.26202,-3.18428,0.39530,-2.81811,-3.55902,-3.92592,-3.39976,-2.96220,-3.32785,-2.65816,-2.78392,-3.32140,-3.08644
-3.44463,-3.18814,0.42989,-2.92264,-3.69042,-3.96350,-3.46881,-2.81253,-3.19857,-2.70225,-2.84647,-3.42231,-2.85395
-3.59783,-3.34535,0.40853,-2.98701,-3.82079,-4.09587,-3.49493,-3.41161,-3.37319,-2.82134,-2.90246,-3.46768,-3.07865
-3.72095,-3.60592,0.38414,-3.39344,-3.97577,-4.32828,-3.74023,-3.78615,-3.45569,-3.18031,-3.21801,-3.80137,-3.17998
-3.81343,-3.57514,0.34065,-3.20767,-4.03669,-4.15982,-3.71493,-3.80675,-3.39812,-3.37286,-3.28097,-3.54732,-3.22626
-3.87494,-3.58299,0.36763,-3.05899,-4.08143,-4.28313,-3.67138,-3.49314,-3.49864,-3.55304,-3.30266,-3.61970,-3.26781
-3.90525,-3.55409,0.35304,-3.16057,-3.78871,-4.29085,-3.86547,-3.19842,-3.49482,-3.49515,-3.40366,-3.62263,-3.22059
-3.70951,-3.41645,0.43089,-3.16175,-3.24474,-4.42088,-3.70475,-2.77674,-3.48083,-3.17751,-3.38634,-3.48614,-3.32478
-3.79266,-3.47164,0.45160,-3.26291,-3.43328,-4.56034,-3.71480,-2.93289,-3.71662,-3.14451,-3.30751,-3.41369,-3.22985
-3.84505,-3.49471,0.36764,-3.27706,-3.38010,-4.37210,-3.67947,-3.27669,-3.78555,-3.16782,-3.21679,-3.30579,-3.48573
-3.86654,-3.54203,0.40476,-3.23726,-3.45194,-4.46645,-3.66218,-3.63834,-3.86759,-3.20127,-3.21530,-3.13421,-3.54572
-3.85712,-3.57185,0.43306,-3.16413,-3.67340,-4.54966,-3.54887,-3.75518,-3.83606,-3.02668,-3.25566,-3.33942,-3.56944
-3.81697,-3.47858,0.49616,-3.10001,-3.98150,-4.55305,-3.29767,-3.48084,-3.77190,-2.93232,-3.16536,-3.09903,-3.40417
-3.74639,-3.41398,0.52326,-3.13283,-4.04610,-4.52484,-3.06378,-3.53731,-3.58368,-2.83109,-3.19697,-3.02443,-3.19882
-3.43765,-3.38448,0.47592,-3.30864,-3.90186,-4.37188,-2.89998,-3.54100,-3.47493,-2.94893,-3.43018,-2.91426,-3.05313
-3.42041,-3.29116,0.44826,-3.34015,-3.69917,-4.00286,-2.90349,-3.67208,-3.36544,-2.98612,-3.52819,-2.69033,-2.72382
-3.37276,-3.21325,0.48142,-3.40261,-3.28401,-3.61638,-2.74320,-3.94320,-3.28524,-2.64200,-3.74107,-2.91880,-2.55603
-3.29504,-2.98752,0.40539,-3.09365,-2.89499,-3.29046,-2.75135,-3.76568,-2.70128,-2.79484,-3.45896,-2.59903,-2.52497
-3.18776,-2.83022,0.33906,-2.83233,-2.78528,-3.28807,-2.69128,-3.40007,-2.38910,-2.67672,-3.14625,-2.54727,-2.54583
-3.05156,-2.74300,0.36554,-2.72567,-2.92985,-3.30227,-2.54415,-3.27927,-2.24210,-2.56921,-2.97330,-2.43061,-2.43358
-2.88723,-2.47581,0.28532,-2.57320,-2.54997,-3.00882,-2.16072,-2.70051,-2.24157,-2.27654,-2.73065,-2.13670,-2.37941
-2.48702,-2.26265,0.32483,-2.13280,-2.05475,-2.77719,-1.77701,-2.47287,-2.39570,-1.97497,-2.67848,-2.01082,-2.35195
-2.37356,-2.19489,0.27326,-2.21286,-1.84968,-2.61744,-1.91956,-1.99852,-2.32656,-1.92728,-2.60080,-2.23634,-2.25986
-2.23155,-1.89509,0.23542,-2.22722,-1.75320,-2.32942,-1.61122,-1.78057,-1.91766,-1.86177,-1.94481,-1.60960,-1.91540
-2.06181,-1.48362,0.10580,-1.54294,-1.34508,-1.66501,-1.32580,-1.49907,-1.48851,-1.42194,-1.42391,-1.54929,-1.57464
-1.86529,-1.27584,0.09078,-1.35624,-1.21978,-1.46019,-1.13549,-1.20960,-1.24604,-1.27328,-1.23261,-1.33527,-1.28990
-1.64306,-1.11292,0.10483,-0.94090,-0.99824,-1.31385,-1.11136,-1.15858,-1.17915,-1.16455,-1.03541,-1.13157,-1.09564
-1.39631,-0.96020,0.12574,-0.91137,-0.84020,-1.23185,-0.93517,-1.10130,-0.93531,-1.02476,-0.84923,-0.84648,-0.92630
-0.93861,-0.74899,0.13736,-0.87385,-0.54697,-0.91947,-0.65603,-0.96314,-0.70931,-0.81640,-0.65700,-0.62924,-0.71854
-0.74037,-0.21570,0.09796,-0.17831,-0.08299,-0.25886,-0.27280,-0.20406,-0.23017,-0.38866,-0.31156,-0.14950,-0.08005
-0.53459,0.00650,0.12515,-0.14889,0.16923,0.14906,-0.01244,0.11325,0.02984,-0.07094,-0.21897,0.02543,0.02943
-0.32308,0.16578,0.13954,-0.02113,0.37609,0.24408,0.21304,0.21760,0.16247,0.31843,-0.06708,0.08973,0.12459
-0.11187,0.22059,0.09786,0.05059,0.28375,0.29531,0.29764,0.36331,0.19510,0.23658,0.08565,0.22502,0.17291
0.09357,0.28235,0.08992,0.08923,0.29921,0.34826,0.35321,0.33706,0.23298,0.38112,0.26305,0.32767,0.19172
0.44275,0.18473,0.13384,0.01467,0.18126,0.29542,0.29279,0.29501,0.06206,0.37676,0.20647,-0.02041,0.14323
0.51194,0.26901,0.12918,0.10220,0.37644,0.37876,0.38510,0.35231,0.14533,0.43664,0.23411,0.15099,0.12823
0.55008,0.39280,0.14398,0.20130,0.49339,0.46564,0.60455,0.40014,0.22426,0.45052,0.33599,0.54056,0.21170
0.56174,0.43861,0.15790,0.33087,0.66618,0.40200,0.65206,0.46218,0.27460,0.55649,0.35850,0.49571,0.18748
0.54788,0.50486,0.12666,0.50358,0.55850,0.61356,0.65376,0.45631,0.40803,0.51594,0.37478,0.67916,0.28497
0.50910,0.36630,0.10208,0.40227,0.50975,0.42854,0.32592,0.39709,0.23060,0.42062,0.36206,0.42219,0.16393
0.44687,0.35917,0.12907,0.38811,0.50037,0.37513,0.27167,0.23967,0.23335,0.37635,0.38792,0.61562,0.20347
0.36333,0.29216,0.10957,0.34095,0.43160,0.34330,0.24680,0.16852,0.22369,0.21193,0.33979,0.46940,0.14565
0.26047,0.08753,0.08009,-0.02338,0.12870,0.17923,0.06727,0.02295,0.06676,-0.01255,0.14292,0.21876,0.08459
0.14204,0.12626,0.07389,0.11397,0.20865,0.19663,0.05361,0.08019,0.04491,0.03333,0.24329,0.15556,0.13249
0.01070,-0.01039,0.08731,0.05998,0.09648,0.07909,0.00907,-0.13861,-0.04814,-0.12955,0.07588,-0.07038,-0.03771
-0.13006,-0.24485,0.15706,-0.09016,-0.13256,-0.04978,-0.25808,-0.24174,-0.48708,-0.34210,-0.12572,-0.22259,-0.49865
-0.27620,-0.31824,0.10812,-0.17871,-0.27173,-0.21085,-0.37828,-0.25761,-0.46034,-0.44658,-0.28262,-0.23589,-0.45981
-0.42256,-0.40843,0.11989,-0.26474,-0.33773,-0.23788,-0.46148,-0.35570,-0.53518,-0.57950,-0.33342,-0.43938,-0.53926
-0.56491,-0.59199,0.10448,-0.36105,-0.57068,-0.69474,-0.56609,-0.64938,-0.65226,-0.66562,-0.46906,-0.65042,-0.64060
-0.70031,-0.67003,0.08425,-0.52303,-0.57611,-0.81022,-0.62798,-0.71645,-0.73860,-0.72720,-0.62755,-0.67392,-0.67925
-0.82326,-0.83272,0.08363,-0.78706,-0.77578,-0.95798,-0.79627,-0.82125,-0.93262,-0.79901,-0.72655,-0.77597,-0.95465
-0.92971,-0.95419,0.11088,-0.99837,-0.86993,-1.09539,-0.93380,-0.86142,-1.14233,-0.88508,-0.87724,-0.82496,-1.05338
-1.01641,-1.02642,0.12265,-1.02402,-0.98326,-1.17864,-1.03327,-0.87691,-1.23026,-0.96225,-0.93425,-0.89083,-1.15047
-1.08137,-1.13396,0.13880,-1.09129,-1.07991,-1.38892,-1.09209,-1.00988,-1.32363,-1.05297,-1.01503,-1.02115,-1.26471
-1.12236,-1.10760,0.13273,-1.04155,-1.13601,-1.34698,-1.06356,-0.97375,-1.24186,-1.10783,-1.02722,-0.91256,-1.22470
-1.13753,-1.10472,0.11224,-1.05365,-1.19746,-1.32780,-1.00550,-0.98391,-1.16542,-1.04583,-1.14521,-0.97347,-1.14894
-1.12677,-1.05217,0.10881,-1.00957,-1.07154,-1.33676,-1.02759,-0.96172,-1.05290,-1.00731,-1.02012,-0.94968,-1.08449
-1.09070,-1.00899,0.10144,-0.85200,-1.02417,-1.20240,-0.99957,-0.90539,-1.04479,-1.11136,-1.01519,-0.92130,-1.01370
-1.03036,-0.93907,0.08257,-0.84694,-0.91813,-0.95006,-1.00851,-1.00806,-0.98059,-1.06719,-0.83023,-0.82712,-0.95385
-0.94841,-0.89980,0.10078,-0.89571,-0.82528,-1.08956,-0.90451,-0.99835,-0.89683,-0.95237,-0.77731,-0.75062,-0.90744
-0.84766,-0.81216,0.09030,-0.88054,-0.66971,-0.87216,-0.82310,-0.83875,-0.80669,-0.97605,-0.72563,-0.71416,-0.81484
-0.72973,-0.59838,0.07790,-0.58311,-0.51762,-0.58004,-0.61579,-0.58103,-0.61614,-0.76759,-0.62137,-0.47035,-0.63073
-0.59771,-0.52845,0.12289,-0.67751,-0.29998,-0.65449,-0.47776,-0.49737,-0.54988,-0.52934,-0.62421,-0.36656,-0.60739
-0.45559,-0.35519,0.08617,-0.41833,-0.24786,-0.32809,-0.36402,-0.31083,-0.41646,-0.48553,-0.34434,-0.20653,-0.42995
-0.30917,-0.18960,0.07188,-0.29304,-0.16475,-0.12351,-0.25495,-0.20619,-0.15452,-0.06652,-0.24333,-0.13564,-0.25360
-0.16119,-0.10681,0.07822,-0.25109,-0.11384,-0.09932,-0.14197,-0.02712,-0.11454,-0.04870,-0.20285,-0.07547,0.00684
-0.01517,0.01471,0.10461,-0.16304,0.01289,0.11377,-0.03029,0.04972,0.09729,0.13612,-0.14904,-0.00594,0.08561
0.12186,0.16809,0.13658,-0.12947,0.02707,0.28665,0.32370,0.18436,0.17657,0.27121,0.10928,0.24907,0.18245
0.24516,0.28651,0.10137,0.07222,0.28230,0.40015,0.36117,0.35267,0.23156,0.37959,0.28936,0.31527,0.18086
0.35115,0.30897,0.10491,0.09992,0.43090,0.37426,0.34663,0.36696,0.21425,0.39928,0.29080,0.36294,0.20377
0.43630,0.31734,0.10355,0.14957,0.42913,0.29566,0.35910,0.36021,0.24119,0.37035,0.34276,0.45854,0.16694
0.49916,0.38406,0.12234,0.26367,0.51177,0.41244,0.45623,0.39820,0.22914,0.37889,0.42417,0.57284,0.19322
0.53653,0.51723,0.12904,0.37375,0.58239,0.72536,0.54397,0.48243,0.30279,0.52104,0.46853,0.69080,0.48128
0.54695,0.39921,0.14672,0.26774,0.63937,0.40556,0.31226,0.44794,0.27597,0.41671,0.42009,0.61871,0.18778
0.53087,0.37664,0.10243,0.29682,0.50454,0.37635,0.29208,0.40855,0.25950,0.39431,0.42909,0.55327,0.25193
0.48878,0.39855,0.11708,0.22247,0.56183,0.37412,0.31256,0.45303,0.33169,0.35761,0.36813,0.61664,0.38746
0.42245,0.30959,0.14285,0.12251,0.49451,0.33472,0.20435,0.33562,0.28119,0.19511,0.33734,0.58596,0.20463
0.33506,0.18157,0.10065,0.00176,0.32693,0.29075,0.14216,0.17556,0.15649,0.11297,0.29132,0.21263,0.10510
0.22936,0.08572,0.06689,0.01182,0.08971,0.18217,0.06243,0.05180,0.10510,0.01420,0.21640,0.06817,0.05537
0.10764,0.02321,0.07519,-0.02006,-0.00342,0.08378,0.03058,-0.00048,-0.02505,-0.02473,0.20766,-0.04940,0.03321
-0.02616,-0.08100,0.08740,0.00620,-0.04966,-0.01627,-0.12859,-0.15921,-0.20360,-0.12041,0.08404,-0.14242,-0.08007
-0.16680,-0.18856,0.06615,-0.10104,-0.19555,-0.16245,-0.21040,-0.22756,-0.27356,-0.26678,-0.06892,-0.21551,-0.16385
-0.31171,-0.33712,0.07910,-0.25325,-0.26736,-0.26886,-0.39931,-0.31735,-0.44056,-0.45002,-0.29117,-0.27131,-0.41202
-0.45636,-0.47043,0.11864,-0.24181,-0.43164,-0.41011,-0.48225,-0.45214,-0.54476,-0.63919,-0.35528,-0.58508,-0.56205
-0.59618,-0.57649,0.10218,-0.38860,-0.55998,-0.68158,-0.51674,-0.63014,-0.63115,-0.69065,-0.43079,-0.62930,-0.60601
-0.72527,-0.65330,0.08009,-0.55760,-0.68163,-0.71109,-0.59512,-0.77612,-0.70363,-0.70975,-0.52133,-0.67285,-0.60385
-0.83984,-0.77370,0.04459,-0.70958,-0.77515,-0.77098,-0.79692,-0.80840,-0.82891,-0.83417,-0.72832,-0.76775,-0.71685
-0.86519,-0.93026,0.09090,-0.85975,-0.91607,-1.01790,-0.95056,-0.85473,-1.11965,-0.98709,-0.88334,-0.81620,-0.89728
-1.01709,-1.03040,0.12109,-0.95575,-1.03552,-1.07158,-1.05422,-0.97293,-1.31298,-1.07587,-0.92050,-0.86685,-1.03783
-1.14726,-0.97935,0.09380,-0.95826,-0.99834,-1.06099,-1.04316,-0.87222,-1.03864,-1.14116,-0.91082,-0.84052,-0.92935
-1.25078,-1.03739,0.13645,-0.93075,-1.07194,-1.12715,-1.18108,-0.87890,-1.20072,-1.21253,-0.95435,-0.86594,-0.95059
-1.32348,-1.09129,0.12660,-1.02395,-1.09719,-1.18693,-1.22361,-0.94874,-1.27999,-1.21909,-0.98637,-0.94177,-1.00529
-1.27796,-1.21773,0.13885,-1.20595,-1.13918,-1.39940,-1.24870,-1.15578,-1.37432,-1.42034,-1.11388,-1.01981,-1.09996
-1.36017,-1.23196,0.14715,-1.18090,-1.19453,-1.46641,-1.27706,-1.16176,-1.41848,-1.38242,-1.10531,-1.04855,-1.08415
-1.41237,-1.26779,0.16896,-1.39465,-1.13755,-1.41033,-1.20384,-1.36174,-1.52506,-1.38553,-1.08673,-1.00910,-1.16342
-1.43089,-1.15453,0.14540,-1.21332,-1.10534,-1.31090,-1.18459,-1.06801,-1.35036,-1.32223,-1.04443,-0.91346,-1.03269
-1.41737,-1.13003,0.14837,-1.05619,-1.03490,-1.32346,-1.18511,-1.01018,-1.37245,-1.27880,-1.00386,-0.95961,-1.07579
-1.27453,-1.12227,0.15119,-1.30087,-1.01866,-1.31019,-1.14758,-0.99394,-1.35274,-1.10365,-1.05975,-0.91526,-1.02008
-1.27428,-1.02665,0.16025,-1.15627,-0.91714,-1.36020,-1.08402,-0.90662,-1.14381,-1.03729,-0.86994,-0.87770,-0.91349
-1.24639,-1.01096,0.15034,-1.17501,-0.96411,-1.29921,-1.10660,-0.86002,-1.08317,-0.98191,-0.87836,-0.90949,-0.85173
-1.19017,-0.91597,0.12840,-0.98817,-0.87743,-1.23707,-0.89258,-0.79906,-0.91729,-0.95818,-0.83725,-0.83845,-0.81419
-1.10777,-0.96397,0.15291,-0.94924,-0.68758,-1.24660,-1.02089,-1.00644,-1.00051,-1.00323,-0.76487,-1.03426,-0.92610
-0.89253,-0.79643,0.13965,-0.84289,-0.53300,-0.95129,-0.67770,-0.94770,-0.86931,-0.85224,-0.62254,-0.86151,-0.80608
-0.84129,-0.56261,0.09575,-0.55906,-0.47358,-0.70149,-0.45896,-0.60657,-0.66026,-0.54475,-0.40680,-0.65468,-0.55999
-0.77774,-0.53952,0.10402,-0.57431,-0.48528,-0.65457,-0.54139,-0.55803,-0.55669,-0.64178,-0.29925,-0.61660,-0.46725
-0.70039,-0.49346,0.10221,-0.54459,-0.46572,-0.63064,-0.47702,-0.58113,-0.45566,-0.57997,-0.32400,-0.53812,-0.33776
-0.61056,-0.45264,0.11441,-0.41306,-0.44448,-0.48943,-0.38771,-0.62170,-0.44639,-0.64719,-0.36535,-0.44956,-0.26155
-0.40534,-0.48201,0.15535,-0.42590,-0.45202,-0.32145,-0.42425,-0.61689,-0.53530,-0.85103,-0.36000,-0.45777,-0.37551
-0.37863,-0.31395,0.20821,-0.22122,-0.37984,-0.04289,-0.20269,-0.40789,-0.45601,-0.78342,-0.28003,-0.23926,-0.12621
-0.35221,-0.20124,0.10583,-0.07123,-0.30490,-0.02104,-0.18895,-0.23533,-0.30937,-0.33317,-0.24809,-0.18800,-0.11237
-0.32392,-0.19361,0.12694,-0.05236,-0.26925,-0.04240,-0.09165,-0.23574,-0.33633,-0.42242,-0.21183,-0.18640,-0.08774
-0.29453,-0.05751,0.09275,-0.05087,-0.21974,0.03918,0.08526,-0.08237,-0.02051,-0.11944,-0.10440,-0.13245,0.03020
-0.18278,-0.21938,0.14237,-0.33082,-0.32901,0.02697,-0.07194,-0.16327,-0.38165,-0.41770,-0.20066,-0.16516,-0.16059
-0.23414,-0.43228,0.18675,-0.60379,-0.64354,-0.17049,-0.33067,-0.25234,-0.49127,-0.69255,-0.30652,-0.27260,-0.55907
-0.29042,-0.34395,0.13842,-0.38223,-0.42215,-0.22790,-0.28177,-0.16946,-0.44791,-0.58070,-0.22272,-0.21930,-0.48535
-0.34768,-0.43992,0.16658,-0.50588,-0.58689,-0.22986,-0.31792,-0.20149,-0.62395,-0.63519,-0.31413,-0.40622,-0.57768
-0.40285,-0.61427,0.18259,-0.86102,-0.83609,-0.49331,-0.49952,-0.36902,-0.69779,-0.79430,-0.36401,-0.61257,-0.61504
-0.39581,-0.75639,0.15764,-0.98553,-0.85613,-0.72033,-0.62140,-0.50576,-0.81738,-0.99931,-0.65817,-0.69257,-0.70731
-0.51928,-0.73425,0.09905,-0.82068,-0.88818,-0.78563,-0.65491,-0.61040,-0.78162,-0.80004,-0.57925,-0.68669,-0.73510
-0.63904,-0.88552,0.10482,-1.04296,-1.00987,-0.94851,-0.83332,-0.73470,-0.93731,-0.91276,-0.82611,-0.73693,-0.87273
-0.74668,-0.97747,0.11330,-1.12478,-1.10400,-1.06625,-0.99534,-0.80692,-1.03684,-0.95569,-0.90372,-0.80112,-0.98005
-0.83865,-1.05090,0.14871,-1.07672,-1.36084,-1.15971,-1.00405,-0.85382,-1.11239,-1.07210,-1.01703,-0.84574,-1.00655
-0.91215,-1.08373,0.13933,-1.13933,-1.36896,-1.18280,-1.07106,-0.88712,-1.07935,-1.13009,-1.06358,-0.89744,-1.01761
-0.96629,-1.20003,0.13400,-1.22681,-1.44410,-1.30957,-1.17298,-0.99640,-1.21502,-1.14802,-1.32135,-1.05054,-1.11554
-0.99760,-1.22989,0.11764,-1.22677,-1.41961,-1.34877,-1.15413,-1.20669,-1.17205,-1.18651,-1.36485,-1.02079,-1.19873
-1.00547,-1.29064,0.10671,-1.44042,-1.21227,-1.39269,-1.20013,-1.37705,-1.11497,-1.18732,-1.29017,-1.35679,-1.33454
-0.99027,-1.21265,0.08229,-1.29176,-1.28590,-1.25740,-1.24407,-1.19062,-1.07437,-1.24061,-1.13756,-1.30234,-1.10192
-0.95267,-1.17405,0.11602,-1.31007,-1.12246,-1.19321,-1.04218,-1.22056,-1.27393,-1.27137,-0.92877,-1.18825,-1.18969
-0.89422,-1.08490,0.10076,-1.21423,-1.07277,-1.20464,-0.99599,-1.14781,-1.12964,-1.09285,-0.90630,-0.96915,-1.11564
-0.81604,-0.98518,0.11837,-1.09792,-0.84121,-1.08857,-0.90200,-1.03048,-1.01183,-1.12908,-0.78192,-0.91276,-1.05605
-0.72132,-0.86465,0.12835,-1.07982,-0.77171,-0.99787,-0.97199,-0.71238,-0.87824,-0.78738,-0.69962,-0.81324,-0.93422
-0.63338,-0.68062,0.11778,-0.89167,-0.61093,-0.85233,-0.59717,-0.56766,-0.67104,-0.53829,-0.64029,-0.69179,-0.74499
-0.47787,-0.49879,0.18627,-0.83669,-0.25190,-0.57537,-0.45097,-0.29151,-0.59661,-0.31347,-0.41184,-0.61859,-0.64092
-0.31454,-0.35157,0.11989,-0.53180,-0.19321,-0.47188,-0.38882,-0.19367,-0.33793,-0.33611,-0.30549,-0.26215,-0.49464
-0.15215,-0.17887,0.12162,-0.39572,-0.07452,-0.13800,-0.18693,-0.07526,-0.06288,-0.08355,-0.24779,-0.15802,-0.36602
-0.04075,-0.10665,0.12770,-0.29170,-0.05982,-0.08292,-0.07378,-0.02309,-0.14266,0.15935,-0.17804,-0.11053,-0.26331
0.14479,0.14439,0.10659,-0.02933,0.23462,0.20205,0.15652,0.15190,0.18855,0.34338,0.07292,0.05628,0.06704
0.31926,0.06055,0.15333,-0.05970,0.13865,0.10399,0.11618,-0.02922,0.01627,0.39884,0.10382,-0.00991,-0.17347
0.47335,0.29522,0.14425,0.15739,0.31582,0.24188,0.44143,0.36595,0.12645,0.50551,0.38436,0.35216,0.06127
0.59977,0.59874,0.11113,0.36625,0.69254,0.69563,0.69536,0.48924,0.55319,0.72038,0.57284,0.60516,0.59683
0.65977,0.74732,0.16219,0.44389,0.76088,0.80346,1.04530,0.60968,0.77961,0.87665,0.63226,0.72732,0.79418
0.76382,0.70129,0.10704,0.47894,0.69667,0.80009,0.79634,0.62469,0.80162,0.71120,0.58919,0.75305,0.76112
0.83496,0.68972,0.12981,0.46322,0.70711,0.81182,0.92185,0.62712,0.67512,0.75367,0.54672,0.65970,0.73088
0.87043,0.72508,0.17867,0.44072,0.77677,0.80193,1.11008,0.65879,0.71512,0.72547,0.53664,0.67547,0.80978
0.87240,0.75806,0.16044,0.50728,0.77454,0.87739,0.96864,0.65198,0.88241,0.68142,0.55668,0.73217,0.94806
0.81447,0.70898,0.14879,0.41686,0.75554,0.92325,0.81638,0.65403,0.79874,0.66678,0.53692,0.70368,0.81763
0.78899,0.68112,0.16753,0.36725,0.74960,0.91232,0.89432,0.54609,0.74582,0.63285,0.53729,0.67388,0.75177
0.73092,0.60325,0.16110,0.29554,0.70009,0.76079,0.85122,0.51599,0.69161,0.54682,0.48845,0.66555,0.51645
0.64133,0.61642,0.14325,0.37983,0.70350,0.90223,0.64356,0.57976,0.65900,0.56670,0.43962,0.63519,0.65485
0.52353,0.52164,0.13590,0.31728,0.59447,0.79339,0.37098,0.53076,0.59298,0.55637,0.47363,0.57176,0.41477
0.36112,0.22973,0.10000,0.25391,0.04571,0.31226,0.25753,0.27536,0.21072,0.37664,0.29537,0.16369,0.10612
0.23628,0.05191,0.08920,-0.05582,-0.11448,0.17328,0.09394,0.09080,0.10984,0.08839,0.10065,-0.03223,0.06471
0.09747,0.00175,0.07548,-0.04568,-0.06234,0.18350,0.04975,0.01077,-0.03101,0.04049,-0.04766,-0.06224,-0.01810
-0.05230,-0.21549,0.11637,-0.10709,-0.17198,-0.02578,-0.22943,-0.14602,-0.44355,-0.28332,-0.26202,-0.18393,-0.30181
-0.26068,-0.26133,0.09824,-0.17231,-0.28184,-0.13355,-0.19847,-0.18295,-0.43972,-0.35010,-0.27441,-0.21726,-0.36266
-0.38554,-0.43479,0.12458,-0.36142,-0.62429,-0.30604,-0.42666,-0.29926,-0.57760,-0.51545,-0.36332,-0.31172,-0.56211
-0.50449,-0.61209,0.09713,-0.59247,-0.83669,-0.52738,-0.53528,-0.51587,-0.70850,-0.63038,-0.59743,-0.56856,-0.60835
-0.61613,-0.73616,0.11692,-0.74198,-1.00828,-0.72697,-0.60541,-0.65855,-0.79603,-0.81584,-0.69421,-0.62918,-0.68513
-0.71891,-0.84859,0.16971,-0.94459,-1.18941,-0.75846,-0.63660,-0.72355,-0.90496,-1.02634,-0.81193,-0.68347,-0.80656
-0.83926,-0.95539,0.13218,-0.97854,-1.21966,-0.87300,-0.88627,-0.90870,-0.96800,-1.10758,-0.91540,-0.73588,-0.96082
-0.87086,-0.90153,0.09261,-0.87948,-1.03140,-0.89888,-0.96214,-0.92122,-0.88558,-1.02950,-0.86659,-0.72875,-0.81175
-0.88280,-0.89092,0.11307,-0.96901,-1.01307,-0.94245,-0.76194,-0.89285,-0.89948,-1.07074,-0.85700,-0.71796,-0.78473
-0.87551,-0.84807,0.07992,-0.96792,-0.96689,-0.78307,-0.84356,-0.83380,-0.91955,-0.80852,-0.78784,-0.72889,-0.84072
-0.89357,-0.88235,0.08689,-1.04633,-0.85746,-0.98262,-0.85046,-0.95366,-0.89194,-0.85805,-0.80974,-0.78774,-0.78549
-0.81008,-0.83448,0.10279,-0.99785,-0.76566,-0.91536,-0.80472,-0.86614,-0.81102,-0.98178,-0.70813,-0.77673,-0.71746
-0.70805,-0.65419,0.06099,-0.68292,-0.65737,-0.74385,-0.66585,-0.58259,-0.60768,-0.76310,-0.60412,-0.61104,-0.62341
-0.59216,-0.52773,0.03111,-0.52165,-0.45045,-0.55745,-0.53982,-0.50578,-0.52373,-0.54100,-0.54301,-0.54556,-0.54888
-0.46706,-0.36162,0.12810,-0.51702,-0.09699,-0.53074,-0.37753,-0.27907,-0.34845,-0.39394,-0.40377,-0.25260,-0.41606
-0.36172,-0.22730,0.08796,-0.35265,-0.21428,-0.22932,-0.28393,-0.15621,-0.06034,-0.34545,-0.25264,-0.18231,-0.19586
-0.19106,-0.15031,0.09747,-0.29672,-0.31028,-0.10705,-0.15176,-0.06612,-0.02054,-0.13897,-0.21649,-0.13372,-0.06147
-0.02144,0.01029,0.15735,-0.08775,-0.25634,-0.01775,0.06926,0.09791,0.17063,0.22712,-0.20522,-0.00857,0.11359
0.13944,0.15834,0.10276,0.01818,0.01529,0.22132,0.37125,0.15723,0.20103,0.15414,0.10704,0.14730,0.19064
0.28592,0.35829,0.10632,0.18092,0.35755,0.45325,0.54059,0.38865,0.43030,0.38003,0.31730,0.30689,0.22742
0.39731,0.36813,0.13693,0.22572,0.38515,0.36491,0.60609,0.51825,0.22124,0.51017,0.30694,0.32046,0.22237
0.54060,0.38556,0.17499,0.26698,0.32678,0.68246,0.63228,0.51114,0.14919,0.39255,0.34995,0.34411,0.20014
0.65666,0.50046,0.21724,0.32984,0.37973,0.73747,0.90251,0.59797,0.25132,0.67407,0.34849,0.47744,0.30577
0.74052,0.68085,0.31690,0.31815,0.50660,0.68464,1.51239,0.72273,0.52105,0.72450,0.55945,0.65435,0.60464
0.74582,0.62297,0.16974,0.36356,0.59608,0.80921,0.92703,0.51848,0.51701,0.71947,0.45541,0.63332,0.69015
0.79894,0.70401,0.15531,0.52651,0.74311,0.99710,0.84902,0.53565,0.61239,0.80634,0.54622,0.66241,0.76130
0.81855,0.64900,0.14167,0.43346,0.70782,0.87172,0.84271,0.52419,0.62695,0.63165,0.50720,0.61722,0.72709
0.80491,0.52351,0.12540,0.29475,0.72122,0.61554,0.58379,0.46354,0.60094,0.43632,0.39550,0.58903,0.53450
0.75841,0.52070,0.14157,0.36645,0.77644,0.47494,0.66171,0.54906,0.37308,0.42733,0.39981,0.67255,0.50566
0.64629,0.48939,0.15964,0.55357,0.73369,0.41779,0.61986,0.41733,0.37476,0.38819,0.38788,0.72879,0.27205
0.57475,0.21374,0.15563,0.06334,0.46936,0.35743,0.32607,0.09759,0.09411,0.08477,0.29862,0.31767,0.02848
0.47714,0.35357,0.17247,0.35660,0.70440,0.30046,0.32106,0.29518,0.27639,0.17406,0.34485,0.60218,0.16054
0.35547,0.33628,0.17108,0.39912,0.64724,0.30753,0.22754,0.23161,0.24212,0.22941,0.29907,0.62602,0.15314
0.21444,0.05521,0.08825,0.02780,0.14141,0.13023,0.05163,-0.05724,-0.06867,-0.02793,0.19597,0.06580,0.09314
0.03252,-0.08205,0.13107,-0.03596,0.12528,0.05956,-0.13417,-0.16827,-0.33523,-0.17104,-0.00133,-0.09908,-0.06029
-0.09734,-0.22339,0.12613,-0.07194,-0.06264,-0.14505,-0.26167,-0.21251,-0.45842,-0.29561,-0.16134,-0.19457,-0.37014
-0.23331,-0.32548,0.12755,-0.23171,-0.15007,-0.26772,-0.36034,-0.25648,-0.50515,-0.42349,-0.25213,-0.26603,-0.54168
-0.37237,-0.46564,0.10846,-0.30949,-0.38115,-0.52732,-0.45681,-0.41638,-0.59342,-0.51034,-0.31188,-0.54130,-0.60832
-0.50910,-0.62038,0.10225,-0.53486,-0.65620,-0.73772,-0.58453,-0.60347,-0.75758,-0.57902,-0.41022,-0.65419,-0.68600
-0.65446,-0.75377,0.11338,-0.62225,-0.85023,-0.91889,-0.71040,-0.73389,-0.86065,-0.76636,-0.53840,-0.74425,-0.79235
-0.73976,-0.86845,0.11627,-0.70563,-0.95307,-1.05435,-0.82835,-0.86341,-0.99752,-0.83452,-0.70592,-0.80933,-0.93235
-0.80931,-0.91223,0.12686,-0.74187,-0.98304,-1.14861,-0.93563,-0.86122,-1.00189,-0.92814,-0.74368,-0.80543,-0.97282
-0.86125,-0.97647,0.12400,-0.87262,-1.08412,-1.17263,-0.94269,-0.94719,-1.09632,-0.96988,-0.77339,-0.85604,-1.04983
-0.92331,-0.93323,0.11518,-0.76518,-1.07688,-1.05842,-0.86489,-0.92038,-1.06153,-1.00645,-0.78497,-0.85460,-0.93903
-0.89908,-0.90578,0.09692,-0.74408,-0.96507,-1.06221,-0.83584,-0.92826,-1.01751,-0.95501,-0.84649,-0.83242,-0.87096
-0.85372,-0.82902,0.07856,-0.76194,-0.83384,-0.91575,-0.79333,-0.88991,-0.96329,-0.79579,-0.69959,-0.78367,-0.85312
-0.78995,-0.69197,0.08249,-0.66717,-0.55817,-0.82297,-0.76587,-0.72417,-0.73989,-0.71636,-0.56889,-0.66021,-0.69600
-0.71027,-0.65021,0.08457,-0.62019,-0.55096,-0.69024,-0.65841,-0.69248,-0.68365,-0.82111,-0.52011,-0.59867,-0.66633
-0.61623,-0.61641,0.08830,-0.61686,-0.47839,-0.69073,-0.59467,-0.61582,-0.68089,-0.78331,-0.56950,-0.51213,-0.62176
-0.51165,-0.39869,0.14183,-0.27698,-0.37839,-0.13246,-0.41310,-0.38417,-0.54433,-0.60546,-0.46740,-0.27885,-0.50576
-0.40041,-0.43138,0.10672,-0.47007,-0.39123,-0.36674,-0.40159,-0.36703,-0.58163,-0.58723,-0.48499,-0.23025,-0.43309
-0.28429,-0.26778,0.11855,-0.16740,-0.10949,-0.18287,-0.43274,-0.24693,-0.45164,-0.36887,-0.30496,-0.16421,-0.24864
-0.16651,-0.35276,0.11737,-0.42406,-0.26993,-0.25020,-0.46339,-0.33706,-0.58225,-0.33592,-0.28433,-0.18163,-0.39883
-0.05292,-0.04168,0.11099,-0.07037,0.07401,0.10881,-0.15277,0.11774,-0.14264,-0.04599,-0.20218,-0.05850,-0.04487
0.05231,0.11001,0.11732,0.02019,0.25106,0.21078,0.07908,0.30315,0.04609,0.09296,-0.09145,0.06223,0.12607
0.14584,0.23728,0.15538,-0.02362,0.50771,0.30076,0.27590,0.44057,0.15278,0.25339,0.12503,0.18107,0.15922
0.22577,0.21200,0.15390,-0.05178,0.43774,0.29871,0.26586,0.44594,0.19170,0.09866,0.14230,0.16115,0.12971
0.28802,0.22370,0.14732,0.00346,0.50632,0.29547,0.23409,0.37980,0.13271,0.28709,0.13302,0.14158,0.12346
0.32984,0.18182,0.13526,-0.01335,0.39352,0.27567,0.08159,0.37474,0.08216,0.13766,0.13782,0.25079,0.09761
0.35080,0.19372,0.12321,-0.05516,0.20543,0.32947,0.09315,0.34679,0.19158,0.29730,0.15998,0.25685,0.11179
0.34950,0.17848,0.09138,0.01984,0.15304,0.31952,0.11550,0.32258,0.17815,0.20094,0.12688,0.20168,0.14670
0.32614,0.19440,0.18683,0.04460,0.01788,0.32032,0.10758,0.14184,0.08782,0.30002,0.18673,0.64350,0.09372
0.28178,0.19771,0.08301,0.04364,0.26121,0.23336,0.13168,0.20404,0.17911,0.22726,0.26341,0.32234,0.11103
0.21800,0.08577,0.06027,-0.02390,0.02550,0.10266,0.07536,0.13484,0.13247,0.03196,0.17924,0.09654,0.10302
0.13770,0.02305,0.08803,-0.05011,0.00512,0.01199,0.05723,-0.02485,0.08858,-0.11793,0.20574,-0.01071,0.06543
0.04354,-0.07492,0.11825,-0.03546,-0.01797,-0.00753,-0.04238,-0.11728,-0.31235,-0.22272,0.06790,-0.10529,0.04391
-0.06139,-0.09836,0.11380,0.02427,-0.05190,-0.05966,-0.06788,-0.12485,-0.31345,-0.23678,0.07410,-0.13095,-0.09654
-0.17463,-0.21651,0.12577,-0.09035,-0.24261,-0.16276,-0.21745,-0.20810,-0.46260,-0.27917,0.01605,-0.24157,-0.27653
-0.29125,-0.25445,0.13434,-0.10340,-0.30551,-0.17118,-0.20621,-0.23440,-0.50692,-0.36402,-0.05476,-0.23685,-0.36123
-0.40759,-0.30381,0.09963,-0.21391,-0.31767,-0.20232,-0.31400,-0.28395,-0.53999,-0.36409,-0.19969,-0.30188,-0.30061
-0.41138,-0.50683,0.10280,-0.34248,-0.56309,-0.46733,-0.44684,-0.68618,-0.60081,-0.56022,-0.42655,-0.55347,-0.42133
-0.63033,-0.75414,0.11679,-0.63792,-0.74490,-0.89165,-0.68349,-0.76024,-0.89363,-0.93296,-0.59703,-0.73985,-0.65972
-0.84048,-0.88968,0.10139,-0.84171,-0.86849,-0.99970,-1.02001,-0.82561,-0.97935,-0.97741,-0.69885,-0.84629,-0.83935
-1.03204,-0.94087,0.11306,-0.92440,-0.99522,-1.02245,-1.09677,-0.89093,-0.84224,-1.12866,-0.85027,-0.82274,-0.83498
-1.20026,-1.07877,0.17012,-1.17950,-1.18707,-1.09412,-1.30597,-1.20113,-0.89588,-1.25102,-0.92094,-0.90365,-0.84843
-1.18650,-1.23505,0.18424,-1.38488,-1.43184,-1.30562,-1.44736,-1.32102,-1.00629,-1.34832,-1.03486,-1.06428,-1.00600
-1.40190,-1.31452,0.20466,-1.37659,-1.60618,-1.43354,-1.54408,-1.36677,-1.00286,-1.38071,-1.07336,-1.28756,-1.07354
-1.58608,-1.44268,0.19180,-1.45776,-1.69668,-1.55317,-1.58771,-1.49379,-1.31611,-1.58040,-1.13706,-1.47894,-1.12522
-1.73512,-1.54935,0.19661,-1.53027,-1.82604,-1.60743,-1.78300,-1.63669,-1.25865,-1.64454,-1.34615,-1.57563,-1.28511
-1.85136,-1.74140,0.11868,-1.71904,-1.97951,-1.70065,-1.90912,-1.66377,-1.67981,-1.77604,-1.70519,-1.69979,-1.58107
-1.93445,-1.83045,0.14813,-1.75691,-2.16299,-1.85546,-1.97096,-1.90461,-1.78301,-1.73447,-1.74488,-1.71060,-1.68057
-1.86364,-1.89846,0.15210,-1.86778,-2.22124,-1.90101,-1.97553,-2.07259,-1.86314,-1.76245,-1.75879,-1.78223,-1.77988
-1.99402,-1.94149,0.16550,-1.94320,-2.21352,-2.04517,-1.89979,-2.15093,-2.02211,-1.71615,-1.75146,-1.81869,-1.85389
-2.09189,-1.92617,0.18223,-1.91682,-2.20134,-2.10911,-1.92117,-2.17587,-1.91483,-1.67958,-1.78769,-1.73894,-1.81632
-2.15688,-1.94179,0.18466,-1.82142,-2.21806,-2.13770,-1.91883,-2.22748,-1.89297,-1.74544,-1.80539,-1.75863,-1.89197
-2.18883,-1.97381,0.15696,-1.89161,-2.11970,-2.19010,-1.95886,-2.23449,-1.96010,-1.84971,-1.91874,-1.75885,-1.85594
-1.97429,-2.03758,0.20085,-1.95406,-2.21144,-2.33067,-2.03283,-2.36223,-2.02685,-1.86472,-1.95883,-1.79363,-1.84050
-2.05494,-2.00438,0.17603,-2.02690,-2.13404,-2.10239,-2.03193,-2.39282,-1.91926,-1.91604,-1.78699,-1.87371,-1.85971
-2.10303,-1.94531,0.22344,-1.88105,-1.99185,-2.14044,-1.84942,-2.46131,-1.91254,-1.92795,-1.83781,-1.82492,-1.62584
-2.11845,-1.83008,0.22295,-1.68123,-1.95812,-1.96907,-1.57345,-2.28045,-1.82877,-1.99034,-1.79012,-1.63318,-1.59606
-2.10129,-1.88544,0.24854,-1.61197,-2.09938,-1.97032,-1.57385,-2.34438,-1.79595,-1.96669,-2.07293,-1.64322,-1.77572
-2.05182,-1.87249,0.24105,-1.62866,-2.00300,-1.98397,-1.53372,-2.32120,-1.90593,-1.79069,-2.11982,-1.68881,-1.74914
-1.77938,-1.85640,0.23126,-1.69239,-1.97781,-1.97942,-1.45102,-2.14274,-2.00023,-1.65847,-2.08426,-1.61956,-1.95815
-1.77939,-1.74562,0.23272,-1.55379,-1.59017,-2.04940,-1.49016,-1.88910,-1.94958,-1.57522,-2.12233,-1.57749,-1.65897
-1.74728,-1.56739,0.19073,-1.53338,-1.31449,-1.82827,-1.42021,-1.57221,-1.83711,-1.49978,-1.79678,-1.37260,-1.49907
-1.68340,-1.25117,0.12896,-1.24998,-1.16515,-1.53602,-1.20613,-1.07376,-1.36441,-1.26230,-1.28619,-1.13702,-1.23076
-1.58823,-1.19559,0.11334,-1.18638,-1.15884,-1.41368,-1.14589,-1.04248,-1.27372,-1.12911,-1.29657,-1.06344,-1.24580
-1.46241,-1.12120,0.13013,-1.16557,-1.01511,-1.38654,-1.11260,-0.95071,-1.18749,-1.03583,-0.99632,-1.12988,-1.23199
-1.14965,-1.14048,0.14807,-1.01955,-1.04416,-1.37672,-1.07100,-1.04617,-1.17102,-1.00781,-1.01460,-1.32952,-1.32428
-1.07565,-0.95403,0.13599,-0.85768,-0.89530,-1.21251,-0.87581,-0.95418,-0.99021,-0.83283,-0.77247,-1.11146,-1.03789
-0.98255,-0.55354,0.10941,-0.42320,-0.44174,-0.65023,-0.55681,-0.60181,-0.66526,-0.53088,-0.36866,-0.62220,-0.67465
-0.86939,-0.39075,0.13404,-0.10656,-0.26921,-0.44563,-0.48375,-0.46499,-0.41419,-0.52596,-0.27679,-0.39891,-0.52152
-0.73953,-0.40503,0.12422,-0.24141,-0.22533,-0.49413,-0.40219,-0.55454,-0.44825,-0.56736,-0.29870,-0.33871,-0.47973
-0.59813,-0.34830,0.11932,-0.57790,-0.25537,-0.23011,-0.31704,-0.47086,-0.34367,-0.40270,-0.23570,-0.22468,-0.42500
-0.36817,-0.19919,0.11007,-0.16270,-0.15057,-0.07227,-0.15961,-0.37736,-0.15280,-0.31371,-0.09005,-0.15108,-0.36175
-0.32509,-0.03595,0.11455,-0.00490,0.04274,0.04853,-0.03443,-0.22822,-0.00988,-0.26035,0.06250,-0.01486,0.03935
-0.28417,0.04923,0.08308,0.01404,0.02033,0.07903,0.04404,0.00681,0.07683,-0.12269,0.16198,0.16865,0.04324
-0.24466,0.09105,0.09684,0.04397,0.12529,0.13705,0.01574,0.03515,0.15983,-0.06988,0.28209,0.05208,0.12917
-0.20717,-0.12064,0.10881,-0.00150,-0.05429,0.01452,-0.17170,-0.17497,-0.19549,-0.32599,-0.00502,-0.17528,-0.11666
-0.12134,-0.23052,0.16176,-0.03077,-0.07666,-0.09507,-0.39186,-0.19848,-0.42299,-0.42121,-0.06621,-0.21101,-0.39094
-0.20703,-0.22526,0.16206,-0.03296,-0.06862,-0.05087,-0.28596,-0.21731,-0.42322,-0.36097,-0.10767,-0.21673,-0.48828
-0.29760,-0.21317,0.13346,-0.02216,-0.16094,-0.09955,-0.24272,-0.22525,-0.29575,-0.44139,-0.04568,-0.24710,-0.35118
-0.38940,-0.25254,0.12659,-0.07818,-0.23343,-0.15614,-0.30749,-0.26349,-0.36621,-0.47039,-0.06978,-0.24308,-0.33720
-0.33852,-0.49023,0.10416,-0.36655,-0.42028,-0.45584,-0.52761,-0.51862,-0.60869,-0.60129,-0.29260,-0.54705,-0.56378
-0.53484,-0.75035,0.06753,-0.71932,-0.79810,-0.73319,-0.71411,-0.83213,-0.88163,-0.72655,-0.64877,-0.73113,-0.71855
-0.72590,-0.90273,0.09571,-0.84729,-0.88497,-0.93901,-0.90940,-0.90043,-1.10592,-0.98922,-0.88471,-0.78051,-0.78587
-0.90267,-1.07047,0.11834,-0.99586,-1.10486,-1.14448,-1.06972,-0.97181,-1.35784,-1.03677,-1.01340,-0.93968,-1.07026
-1.06248,-1.21800,0.14133,-1.07865,-1.21985,-1.36856,-1.16101,-1.17583,-1.52613,-1.13110,-1.07605,-1.15074,-1.29204
-1.19749,-1.34065,0.15158,-1.20513,-1.26051,-1.46595,-1.20855,-1.26581,-1.68404,-1.31873,-1.22238,-1.33096,-1.44445
-1.30120,-1.40170,0.15845,-1.36829,-1.27147,-1.50299,-1.26795,-1.30040,-1.76958,-1.33088,-1.30938,-1.35781,-1.53830
-1.37145,-1.43802,0.14799,-1.51506,-1.46818,-1.48425,-1.22462,-1.31935,-1.77225,-1.33944,-1.47732,-1.36871,-1.41098
-1.40821,-1.42588,0.11585,-1.43199,-1.39067,-1.38007,-1.30484,-1.41592,-1.70364,-1.28116,-1.47873,-1.40772,-1.46403
-1.41109,-1.45042,0.17454,-1.44354,-1.82771,-1.44027,-1.31985,-1.25322,-1.64651,-1.33937,-1.37196,-1.33590,-1.52592
-1.38142,-1.39885,0.21111,-1.40093,-1.82544,-1.42391,-1.14958,-1.21907,-1.25148,-1.19944,-1.57424,-1.36966,-1.57476
-1.31969,-1.38884,0.24074,-1.41549,-1.96691,-1.34180,-1.09986,-1.23575,-1.22375,-1.52035,-1.21835,-1.42866,-1.43753
-1.22664,-1.22941,0.20475,-1.38926,-1.63241,-1.09793,-1.02287,-1.14911,-1.18253,-1.45460,-0.96890,-1.20924,-1.18730
-1.10662,-1.19412,0.19501,-1.32616,-1.59219,-1.07371,-0.99730,-1.18672,-1.13982,-1.39832,-0.96289,-1.07185,-1.19219
-0.96212,-1.06956,0.24800,-1.12467,-1.57693,-1.00036,-0.88866,-0.97550,-0.96267,-1.38323,-0.80690,-0.82295,-1.15369
-0.79774,-0.81557,0.25376,-1.00857,-1.06446,-0.75128,-0.60871,-0.45197,-0.85654,-1.26326,-0.59607,-0.62249,-0.93240
-0.61844,-0.58444,0.29347,-0.79909,-0.78539,-0.66013,-0.27608,-0.26181,-1.04599,-0.20343,-0.33885,-0.63995,-0.83373
-0.43204,-0.42698,0.21374,-0.67411,-0.43458,-0.64809,-0.19828,-0.19288,-0.66652,-0.26626,-0.28110,-0.24412,-0.66386
-0.24344,0.04564,0.86500,-0.60562,-0.35227,-0.55145,2.16197,-0.24526,-0.69186,0.48469,-0.22286,-0.17740,0.65647
-0.05456,0.30678,0.85993,-0.29802,-0.10287,0.17381,2.47511,-0.04967,-0.53883,0.93499,-0.03838,0.11225,0.39942
0.12851,0.67331,0.90544,0.12726,1.35601,0.25648,2.96507,0.46554,-0.27154,0.59171,0.26290,0.41913,0.56059
0.29611,0.83996,0.90902,0.16650,1.45023,0.57780,3.14652,0.66655,0.06821,1.06912,0.34176,0.43031,0.48261
0.44343,1.23911,1.08524,0.55071,2.40646,0.73723,3.69854,1.09228,0.29596,1.80207,0.51838,0.58021,0.70922
0.56597,1.47937,0.97055,1.12113,2.18967,0.77674,3.88906,0.84674,0.98536,1.77479,0.84304,0.84221,1.52494
0.66225,2.03796,0.71798,1.70393,2.61249,2.18947,3.54647,1.07151,1.63796,1.51225,1.80642,1.67503,2.62409
0.72617,2.61211,0.56376,1.90555,3.25001,2.24247,3.62365,2.67626,2.23669,2.75240,2.49516,1.93313,3.00578
0.75650,3.31979,0.75493,2.14363,4.05725,3.17943,4.41861,3.05494,2.89687,3.38301,4.32500,2.47839,3.26075
0.75393,3.62928,0.90623,2.41852,3.48568,4.20886,4.94604,2.74402,4.26350,3.10172,4.94402,2.91565,3.26483
0.71869,3.65606,0.87013,1.92872,3.90483,3.33722,3.96614,3.32328,4.19833,3.71271,5.37598,3.20635,3.60700
0.65263,1.98890,0.75825,0.43864,2.39447,1.29687,2.48960,1.32201,2.76651,1.71425,2.48896,2.52280,2.45489
0.55862,0.50233,0.15851,0.18730,0.70657,0.37061,0.55937,0.55635,0.57912,0.37550,0.45622,0.53983,0.69241
0.43848,0.46312,0.17056,0.32385,0.83594,0.31812,0.56158,0.35897,0.56148,0.59488,0.39248,0.32653,0.35734
0.29621,0.15314,0.09660,0.03151,0.21361,0.25452,0.09225,0.15860,0.14768,0.01809,0.30460,0.22704,0.08349
0.13724,-0.02188,0.11464,0.00825,0.05101,0.12135,0.04239,-0.09546,-0.10709,-0.17651,0.16137,-0.13430,-0.08979
-0.03383,-0.15728,0.13091,-0.07432,-0.07504,-0.09282,-0.04225,-0.19719,-0.32188,-0.40811,0.00967,-0.21813,-0.15276
-0.21236,-0.35093,0.08795,-0.25891,-0.28991,-0.37298,-0.35445,-0.31666,-0.37987,-0.53112,-0.23046,-0.33615,-0.43880
-0.39457,-0.44278,0.10728,-0.29440,-0.38827,-0.49911,-0.45276,-0.48749,-0.41877,-0.66220,-0.30322,-0.50808,-0.41345
-0.57526,-0.69440,0.08091,-0.53092,-0.62931,-0.75954,-0.67410,-0.69653,-0.77814,-0.79288,-0.73882,-0.71430,-0.62952
-0.74728,-0.84407,0.09944,-0.74417,-0.83695,-0.91226,-0.95263,-0.82961,-0.91377,-0.96428,-0.83174,-0.81642,-0.63891
-0.90510,-1.01700,0.11352,-1.00624,-1.03407,-1.02311,-1.05615,-0.92992,-1.27733,-1.06219,-1.01655,-0.89414,-0.87030
-1.04503,-1.15747,0.14701,-1.09525,-1.17799,-1.15511,-1.17194,-1.01757,-1.54434,-1.16410,-1.11535,-1.03186,-1.10117
-1.16081,-1.23127,0.17121,-1.14259,-1.22466,-1.35638,-1.15612,-1.08335,-1.66377,-1.23225,-1.14112,-1.10018,-1.21232
-1.24843,-1.31516,0.15588,-1.26429,-1.32937,-1.43228,-1.22335,-1.14237,-1.70159,-1.28031,-1.29799,-1.21038,-1.26965
-1.30536,-1.27616,0.13404,-1.24599,-1.24470,-1.37112,-1.20019,-1.11031,-1.60151,-1.30546,-1.27173,-1.18607,-1.22448
-1.33055,-1.27365,0.10459,-1.17259,-1.21879,-1.39678,-1.17499,-1.22553,-1.43767,-1.25183,-1.27641,-1.16842,-1.41349
-1.32308,-1.24090,0.11109,-1.22758,-1.14090,-1.42307,-1.12853,-1.06857,-1.33363,-1.21850,-1.26907,-1.23405,-1.36514
-1.28372,-1.22522,0.13585,-1.17773,-1.04092,-1.45362,-1.11926,-1.18127,-1.27178,-1.09357,-1.17411,-1.38619,-1.35379
-1.21444,-1.16586,0.13349,-1.05130,-1.14918,-1.42396,-1.01859,-1.12208,-1.22911,-1.13087,-1.03810,-1.35211,-1.14327
-1.11737,-0.99747,0.11449,-0.96622,-0.89895,-1.19536,-0.92115,-1.10647,-1.12817,-0.91602,-0.83444,-1.00836,-0.99954
-0.99647,-0.74775,0.11116,-0.82549,-0.54487,-0.90366,-0.68966,-0.80228,-0.83478,-0.74798,-0.59202,-0.75012,-0.78660
-0.85569,-0.56463,0.07017,-0.57025,-0.43304,-0.51862,-0.58081,-0.63374,-0.65299,-0.53788,-0.48709,-0.61414,-0.61775
-0.69808,-0.57393,0.07156,-0.58333,-0.44196,-0.54601,-0.54526,-0.60603,-0.70202,-0.59514,-0.49609,-0.62113,-0.60229
-0.52727,-0.44679,0.09634,-0.40274,-0.35630,-0.37990,-0.39327,-0.58985,-0.56901,-0.53053,-0.37181,-0.34278,-0.53166
-0.24815,-0.02873,0.08362,-0.06993,0.06824,0.11130,-0.05553,-0.06065,-0.13032,-0.06320,-0.12155,-0.03830,0.07260
-0.15140,0.15446,0.07311,0.09455,0.27504,0.27503,0.12979,0.11483,0.09888,0.06765,0.19785,0.12827,0.16267
-0.06118,0.08355,0.10388,0.00161,0.18372,0.23856,0.13920,-0.03644,0.03082,-0.01635,0.17314,-0.03161,0.15290
0.02150,0.15005,0.08807,-0.02336,0.15082,0.24325,0.11894,0.08323,0.18200,0.08686,0.26935,0.22916,0.16028
0.09352,0.16742,0.08931,0.05701,0.31897,0.23993,0.11104,0.06233,0.14109,0.09347,0.23589,0.24679,0.16773
0.22611,0.24980,0.13069,0.40148,0.48018,0.20085,0.12824,0.11958,0.35731,0.11231,0.25814,0.29481,0.14510
0.18692,0.24917,0.10783,0.12332,0.46642,0.22245,0.15832,0.26513,0.27012,0.30142,0.35952,0.13075,0.19423
0.12903,0.33043,0.07959,0.34057,0.37088,0.32083,0.16519,0.31146,0.29456,0.42811,0.35830,0.27209,0.44228
0.05686,0.16003,0.09060,0.03385,0.25194,0.24161,0.06592,0.14047,0.18078,0.02532,0.24610,0.24704,0.16721
-0.02749,0.02666,0.09887,0.08823,0.07162,0.19570,0.05404,-0.10864,-0.02888,-0.13028,0.10084,-0.00908,0.03303
-0.08376,-0.15422,0.08451,-0.08800,-0.11094,-0.11999,-0.25936,-0.18610,-0.11857,-0.31560,-0.03973,-0.19857,-0.10538
-0.26520,-0.33023,0.11433,-0.30898,-0.26067,-0.23575,-0.32806,-0.29064,-0.36282,-0.56342,-0.15317,-0.45182,-0.34694
-0.44937,-0.47270,0.12778,-0.42674,-0.49340,-0.29955,-0.37055,-0.47240,-0.65094,-0.68248,-0.31292,-0.51442,-0.50363
-0.63159,-0.55071,0.16217,-0.44525,-0.59194,-0.45917,-0.50944,-0.68621,-0.50175,-0.91413,-0.49870,-0.58825,-0.31228
-0.67988,-0.76358,0.11335,-0.77726,-0.75219,-0.74153,-0.93808,-0.72526,-0.77571,-0.97426,-0.65298,-0.64804,-0.65046
-0.91737,-0.99288,0.13834,-1.00250,-0.97924,-1.04291,-1.23110,-0.95305,-0.89229,-1.20091,-0.93507,-0.77115,-0.92060
-1.13674,-1.15164,0.13555,-1.15949,-1.20182,-1.21825,-1.32649,-1.23729,-1.04442,-1.33241,-1.04113,-0.93607,-1.01901
-1.32856,-1.28253,0.14273,-1.28073,-1.40045,-1.27654,-1.37347,-1.40606,-1.14583,-1.51954,-1.09890,-1.22592,-1.09788
-1.48864,-1.44115,0.11986,-1.43586,-1.57525,-1.38513,-1.47225,-1.53818,-1.34018,-1.64065,-1.27435,-1.44958,-1.30012
-1.61286,-1.51986,0.11431,-1.47236,-1.66569,-1.45188,-1.51659,-1.49642,-1.61021,-1.64803,-1.39830,-1.61864,-1.32044
-1.61399,-1.66487,0.12230,-1.59507,-1.84526,-1.70103,-1.56958,-1.76375,-1.77768,-1.68211,-1.49513,-1.73014,-1.48895
-1.75509,-1.71815,0.15002,-1.75486,-1.89590,-1.78342,-1.60442,-1.87987,-1.85001,-1.66936,-1.47626,-1.76356,-1.50382
-1.86499,-1.68944,0.17979,-1.60491,-1.85118,-1.77372,-1.60516,-1.93673,-1.80482,-1.74920,-1.49780,-1.73695,-1.33392
-1.94326,-1.78617,0.17142,-1.85553,-1.97512,-1.84766,-1.52628,-2.02727,-1.85399,-1.82787,-1.60462,-1.79203,-1.55131
-1.98960,-1.89285,0.14803,-1.91573,-1.94188,-1.98086,-1.66736,-2.20154,-1.96176,-1.90048,-1.77849,-1.81708,-1.76329
-1.87146,-1.86308,0.15235,-1.77057,-1.92561,-1.92335,-1.76688,-2.25007,-1.88514,-1.81739,-1.78099,-1.78069,-1.73009
-1.93675,-1.90503,0.20907,-1.90251,-1.99489,-1.92148,-1.68823,-2.36581,-2.00963,-1.83132,-1.63377,-1.72890,-1.97381
-1.97033,-1.84054,0.18920,-2.02503,-1.81286,-1.87485,-1.53372,-2.15102,-1.99031,-1.77064,-1.61465,-1.72636,-1.90602
-1.97214,-1.77157,0.16665,-1.73598,-1.79719,-1.85340,-1.51939,-2.02475,-1.98176,-1.60541,-1.72383,-1.60065,-1.87330
-1.94232,-1.74955,0.20462,-1.74325,-1.74321,-1.79292,-1.34525,-1.88259,-2.00424,-1.51964,-1.87782,-1.62644,-1.96018
-1.88116,-1.63314,0.21371,-1.59859,-1.53969,-1.69556,-1.29429,-1.68724,-1.90615,-1.32957,-1.92417,-1.56836,-1.78775
-1.69784,-1.52908,0.20909,-1.77313,-1.40648,-1.53209,-1.24373,-1.43748,-1.86789,-1.25142,-1.50330,-1.55717,-1.71807
-1.65635,-1.30507,0.17324,-1.49746,-1.30601,-1.38786,-1.11867,-1.09279,-1.64981,-1.19417,-1.27766,-1.18894,-1.33733
-1.58390,-1.24156,0.16509,-1.52369,-1.24752,-1.39714,-1.09605,-1.02982,-1.37485,-1.05177,-1.16962,-1.17422,-1.35089
-1.48100,-1.17946,0.14982,-1.36542,-1.32822,-1.35783,-1.04189,-1.01070,-1.16148,-0.97635,-1.07508,-1.18156,-1.29609
-1.34830,-1.05371,0.14166,-1.23883,-1.12576,-1.24871,-0.91673,-0.85264,-1.14009,-0.94172,-0.91466,-1.11974,-1.03818
-1.05551,-1.06574,0.11541,-1.15522,-1.23626,-1.11667,-1.02922,-0.95760,-1.19377,-1.01171,-0.86502,-0.98766,-1.10423
-0.95000,-0.96369,0.10060,-1.05028,-0.90610,-0.99936,-0.99929,-0.92730,-1.07807,-0.92757,-0.81120,-0.82976,-1.10801
-0.82912,-0.75915,0.07396,-0.85567,-0.76189,-0.72529,-0.76159,-0.69452,-0.78291,-0.81645,-0.63740,-0.69074,-0.86507
-0.69341,-0.64356,0.07923,-0.71202,-0.59055,-0.64638,-0.59560,-0.55433,-0.68787,-0.72918,-0.54434,-0.59902,-0.77627
-0.54788,-0.52934,0.10914,-0.59646,-0.35235,-0.45698,-0.49401,-0.51984,-0.65141,-0.58200,-0.46118,-0.45685,-0.72229
-0.39634,-0.31351,0.11894,-0.42149,-0.30882,-0.08804,-0.35329,-0.22805,-0.44016,-0.30116,-0.30136,-0.20961,-0.48312
-0.24167,-0.14837,0.08616,-0.29436,-0.22915,-0.03214,-0.08295,-0.04533,-0.13337,-0.13139,-0.24642,-0.12999,-0.15863
-0.08872,-0.13722,0.14304,-0.23783,-0.28267,0.06860,-0.00016,-0.08717,-0.17298,0.05984,-0.22197,-0.15677,-0.34106
0.05627,-0.00020,0.13433,-0.17521,-0.10545,0.26244,0.15038,-0.00517,0.03129,0.08684,-0.07595,-0.09421,-0.07691
0.18924,0.02658,0.15793,-0.09446,-0.14623,0.33472,0.21174,-0.03875,-0.04778,0.13260,0.06999,-0.02357,-0.13244
0.30742,0.17172,0.12612,-0.06202,0.25119,0.28662,0.27991,0.25914,0.08370,0.26580,0.24105,0.08268,0.02915
0.40737,0.25255,0.10303,0.03302,0.20514,0.38020,0.37497,0.26412,0.18038,0.27212,0.32790,0.27753,0.21017
0.48348,0.40316,0.13305,0.09456,0.41289,0.50340,0.49536,0.38835,0.33039,0.48342,0.43705,0.56383,0.32239
0.53390,0.45402,0.14477,0.20626,0.45640,0.50982,0.63155,0.43817,0.32714,0.57558,0.48618,0.62843,0.28073
0.55863,0.61197,0.13162,0.30645,0.67967,0.70164,0.65168,0.52783,0.72036,0.64073,0.50311,0.73519,0.65302
0.55650,0.70531,0.12374,0.54183,0.76464,0.92704,0.71437,0.57992,0.74440,0.69799,0.52997,0.78487,0.76802
0.52760,0.61490,0.13026,0.45807,0.62975,0.83505,0.43348,0.55752,0.55657,0.69328,0.52859,0.74393,0.71275
0.47352,0.56987,0.07244,0.54854,0.64133,0.51752,0.48334,0.53684,0.61787,0.61710,0.47005,0.69575,0.57035
0.39646,0.43501,0.09812,0.46098,0.58499,0.41843,0.32162,0.45468,0.53033,0.44630,0.41979,0.47523,0.23778
0.29774,0.16079,0.08992,-0.02758,0.26950,0.13527,0.13813,0.18923,0.19828,0.26788,0.22678,0.11219,0.09826
0.18231,0.19293,0.09982,0.11373,0.38447,0.28049,0.09120,0.25074,0.19654,0.20912,0.23322,0.07720,0.09259
0.05168,-0.06266,0.07813,-0.05152,0.01199,0.06267,-0.03306,-0.13719,-0.09967,0.00149,-0.06038,-0.19570,-0.12525
-0.09027,-0.11819,0.09251,-0.04982,0.08078,-0.05033,-0.12770,-0.18778,-0.19520,-0.16955,-0.08269,-0.20624,-0.19336
-0.23817,-0.26681,0.10899,-0.09983,-0.20009,-0.24063,-0.31130,-0.21999,-0.30171,-0.40870,-0.13913,-0.30501,-0.44172
-0.38874,-0.34337,0.10210,-0.23320,-0.29940,-0.23467,-0.40272,-0.27383,-0.36775,-0.51134,-0.23983,-0.47463,-0.39636
-0.53772,-0.47126,0.07894,-0.33582,-0.42247,-0.45417,-0.51339,-0.47001,-0.50199,-0.56172,-0.36255,-0.57172,-0.51875
-0.68030,-0.69722,0.05522,-0.67428,-0.62064,-0.80694,-0.65868,-0.72348,-0.73407,-0.66604,-0.64125,-0.72574,-0.72104
-0.81177,-0.76882,0.07695,-0.77212,-0.67909,-0.85819,-0.70900,-0.74612,-0.91904,-0.68864,-0.72190,-0.78366,-0.81045
-0.92507,-0.86316,0.07972,-0.87164,-0.85450,-0.88155,-0.86896,-0.81315,-1.03436,-0.70927,-0.84882,-0.85585,-0.89346
-1.01935,-0.95353,0.10627,-1.04022,-0.91128,-0.95941,-0.90495,-0.84954,-1.17415,-0.80404,-0.95696,-0.90521,-1.02949
-1.09104,-1.02413,0.12899,-1.09695,-1.04068,-1.11821,-0.96940,-0.89136,-1.26894,-0.79292,-0.99972,-1.01410,-1.04898
-1.13733,-1.08300,0.12181,-1.12575,-1.04937,-1.15837,-1.04598,-0.90172,-1.27974,-0.96482,-1.02622,-1.01971,-1.25837
-1.15575,-1.12979,0.14453,-1.32289,-1.10337,-1.26924,-1.04633,-0.95889,-1.26539,-0.93053,-1.01432,-1.10733,-1.27963
-1.14695,-1.15884,0.13278,-1.30835,-1.15388,-1.36369,-1.03989,-0.97909,-1.17872,-0.99691,-1.08268,-1.21597,-1.26925
-1.11128,-1.07194,0.12940,-1.12147,-1.07387,-1.30121,-0.94531,-0.88769,-1.16512,-1.03000,-0.91482,-1.16552,-1.11438
-1.04997,-0.98581,0.11921,-1.05250,-0.95679,-1.16723,-0.85179,-0.97478,-1.12483,-0.92702,-0.78788,-0.94169,-1.07356
-0.96562,-0.94097,0.10724,-0.99000,-0.88431,-1.07935,-0.84284,-0.95581,-1.09216,-0.86094,-0.78436,-0.87515,-1.04478
-0.86045,-0.89426,0.12652,-0.99281,-0.82244,-0.93356,-0.78479,-0.97742,-1.02364,-0.92819,-0.63989,-0.80849,-1.03141
-0.73763,-0.66842,0.08201,-0.75044,-0.57750,-0.73703,-0.68993,-0.60791,-0.69537,-0.75636,-0.53910,-0.58944,-0.74113
-0.60094,-0.54207,0.08438,-0.68793,-0.47446,-0.51523,-0.48347,-0.43703,-0.65577,-0.48399,-0.52714,-0.53332,-0.62233
-0.45540,-0.37512,0.09738,-0.46760,-0.31190,-0.21318,-0.39034,-0.33782,-0.48584,-0.38499,-0.37185,-0.26762,-0.52009
-0.30430,-0.24848,0.09704,-0.41237,-0.22877,-0.04062,-0.26083,-0.20935,-0.33235,-0.22403,-0.28265,-0.20329,-0.29055
-0.15187,-0.18979,0.13160,-0.36568,-0.18022,0.00391,-0.05970,-0.04578,-0.29120,-0.17462,-0.24619,-0.16118,-0.37724
-0.00417,-0.06571,0.09860,-0.19875,-0.00265,0.03816,-0.00168,-0.00087,-0.03939,0.04607,-0.18148,-0.11956,-0.19699
0.13406,0.22486,0.11029,0.06353,0.40395,0.32120,0.20665,0.23004,0.18342,0.38065,0.13970,0.16102,0.15839
0.25951,0.28355,0.11879,0.07628,0.45627,0.43074,0.26122,0.32786,0.16579,0.37210,0.29611,0.24963,0.19949
0.36773,0.40297,0.12795,0.12050,0.54865,0.55887,0.45988,0.40226,0.30907,0.44616,0.32567,0.44857,0.41007
0.45463,0.47299,0.11090,0.27130,0.54406,0.55146,0.55724,0.41322,0.58922,0.46516,0.38195,0.59259,0.36364
0.51633,0.44969,0.16593,0.19325,0.40376,0.65975,0.55309,0.42047,0.20085,0.54461,0.44202,0.67576,0.40332
0.55151,0.36724,0.13603,0.15867,0.55991,0.43210,0.37878,0.34700,0.20183,0.43468,0.45613,0.49459,0.20868
0.55910,0.70569,0.13011,0.51022,0.75206,0.78730,0.75572,0.54977,0.75948,0.68400,0.54263,0.82433,0.89141
0.53883,0.60616,0.13714,0.39146,0.66266,0.69995,0.51200,0.48694,0.63182,0.65019,0.46250,0.74345,0.82066
0.49172,0.49582,0.09430,0.39574,0.51807,0.58941,0.34802,0.45714,0.53258,0.54773,0.48011,0.66375,0.42564
0.43694,0.33991,0.11046,0.24478,0.52340,0.29823,0.27041,0.28872,0.34794,0.48078,0.38414,0.40061,0.16004
0.31914,0.27699,0.10317,0.29968,0.47581,0.42097,0.21614,0.21491,0.22978,0.31870,0.25389,0.17617,0.16383
0.18113,0.13789,0.06389,0.07285,0.25203,0.19629,0.08135,0.09746,0.18523,0.15418,0.16832,0.05147,0.11968
0.02882,-0.08489,0.09659,-0.00787,-0.02019,0.07959,-0.05734,-0.16326,-0.20721,-0.09686,-0.01089,-0.19443,-0.17040
-0.13418,-0.26019,0.12556,-0.12547,-0.21527,-0.10808,-0.23165,-0.21583,-0.41882,-0.32888,-0.15174,-0.32151,-0.48466
-0.30338,-0.39960,0.11345,-0.28423,-0.38470,-0.30047,-0.36797,-0.31457,-0.47816,-0.50811,-0.25702,-0.56620,-0.53457
-0.47358,-0.55437,0.10067,-0.34779,-0.62897,-0.55233,-0.53752,-0.69098,-0.60770,-0.57624,-0.42207,-0.60811,-0.57199
-0.63824,-0.66721,0.09486,-0.56859,-0.66730,-0.69177,-0.59775,-0.79512,-0.73935,-0.64281,-0.49064,-0.70724,-0.77156
-0.79338,-0.78907,0.12208,-0.67009,-0.67804,-0.91706,-0.73354,-0.83714,-1.01649,-0.72420,-0.64558,-0.78294,-0.88561
-0.93388,-0.91049,0.11393,-0.78381,-0.84286,-0.97413,-0.96957,-0.88951,-1.18084,-0.90095,-0.82740,-0.82041,-0.91537
-1.05322,-1.02986,0.11561,-1.01557,-0.95142,-1.10111,-1.00742,-0.93773,-1.32938,-0.99363,-0.94732,-0.98477,-1.03023
-1.14735,-1.09313,0.16613,-1.25434,-1.04748,-1.01029,-0.98391,-0.95123,-1.49439,-0.97675,-1.04877,-1.03405,-1.13006
-1.21486,-1.20473,0.15879,-1.43486,-1.23454,-1.15994,-1.07728,-0.99223,-1.51267,-1.09039,-1.18510,-1.17094,-1.18935
-1.25329,-1.13999,0.14307,-1.41943,-1.21352,-1.21992,-1.04261,-1.00363,-1.23545,-0.91364,-1.16041,-1.12359,-1.06774
-1.26012,-1.30821,0.18557,-1.56621,-1.49814,-1.34885,-1.12101,-1.09315,-1.42395,-1.09213,-1.24897,-1.17446,-1.51527
-1.23561,-1.17689,0.13220,-1.38069,-1.27376,-1.34929,-1.06185,-1.02441,-1.16094,-0.99152,-1.15199,-1.13873,-1.23573
-1.18102,-1.13766,0.12749,-1.31755,-1.26439,-1.32441,-1.05305,-0.94929,-1.13284,-1.07120,-1.03005,-1.15855,-1.07524
-1.09816,-1.04523,0.11234,-1.18286,-1.13967,-1.12191,-1.03132,-0.93370,-1.18773,-1.04434,-0.85459,-0.95030,-1.00587
-0.99087,-0.98257,0.10266,-1.09895,-0.95280,-0.99703,-1.01535,-0.90243,-1.01989,-1.16136,-0.84525,-0.83973,-0.99292
-0.86298,-0.88217,0.11225,-1.01238,-0.83336,-0.78236,-0.88107,-0.98090,-0.90361,-1.07058,-0.73073,-0.75863,-0.86805
-0.71661,-0.69300,0.12270,-0.83986,-0.44926,-0.65496,-0.65180,-0.67270,-0.67585,-0.89713,-0.66173,-0.65342,-0.77333
-0.55565,-0.56974,0.12896,-0.82065,-0.36780,-0.56801,-0.53194,-0.60561,-0.59818,-0.44009,-0.49400,-0.56074,-0.71037
-0.38511,-0.30658,0.09414,-0.52161,-0.25600,-0.36510,-0.37953,-0.22442,-0.29758,-0.30142,-0.27691,-0.22629,-0.21694
-0.21207,-0.17026,0.14452,-0.36884,-0.26287,-0.31494,-0.23930,-0.14955,-0.06961,0.04371,-0.22977,-0.17427,0.06289
-0.04222,0.00537,0.12841,-0.14978,0.09388,-0.04442,-0.03896,0.01820,0.15031,0.20489,-0.14589,-0.13381,0.09931
0.12207,0.17736,0.09728,0.03801,0.15016,0.25846,0.21868,0.15879,0.17439,0.38721,0.11069,0.08916,0.18804
0.27466,0.29275,0.11607,0.08843,0.42447,0.36027,0.46656,0.26920,0.21750,0.38833,0.20130,0.23429,0.27719
0.40794,0.48106,0.11228,0.24912,0.49032,0.58393,0.52625,0.50329,0.52600,0.58474,0.40219,0.58926,0.35550
0.51765,0.23195,0.18605,-0.00532,0.02112,0.37766,0.40929,0.41684,-0.01861,0.42184,0.35084,0.21757,0.12830
0.60203,0.37428,0.12894,0.09223,0.50733,0.34999,0.48465,0.38471,0.21852,0.44521,0.41866,0.46503,0.37644
0.65802,0.53068,0.11369,0.26667,0.57679,0.60486,0.54369,0.50428,0.62142,0.56942,0.48803,0.67561,0.45600
0.68209,0.51847,0.14924,0.22794,0.50424,0.71667,0.65956,0.46437,0.40853,0.54929,0.49552,0.70727,0.45133
0.67358,0.66209,0.15471,0.35006,0.66511,0.83754,0.76956,0.52746,0.69284,0.64367,0.53571,0.76367,0.83534
0.63405,0.58186,0.12857,0.38948,0.59821,0.77460,0.45944,0.48950,0.56155,0.54273,0.54732,0.77814,0.67764
0.56525,0.50937,0.09994,0.38443,0.46509,0.59886,0.44894,0.44635,0.47364,0.47250,0.50503,0.73549,0.56333
0.47053,0.40136,0.10939,0.43562,0.51797,0.42561,0.27831,0.40872,0.43747,0.39880,0.34382,0.57324,0.19405
0.35225,0.25414,0.07181,0.19193,0.34030,0.29468,0.18372,0.21944,0.21830,0.35947,0.22472,0.33828,0.17052
0.21557,0.12632,0.06241,0.00921,0.14180,0.20214,0.10573,0.11836,0.11658,0.21644,0.18261,0.07816,0.09221
0.06326,0.01939,0.10002,0.01579,0.19084,0.13102,0.05198,-0.09953,-0.03986,0.05191,0.06577,-0.12946,-0.04454
-0.09991,-0.19381,0.09518,-0.09729,-0.11786,-0.07759,-0.13963,-0.19431,-0.29167,-0.16916,-0.20819,-0.26141,-0.38100
-0.26756,-0.34055,0.08045,-0.27727,-0.25483,-0.43308,-0.34305,-0.27956,-0.40010,-0.28931,-0.26939,-0.36790,-0.49099
-0.43507,-0.45981,0.11852,-0.21936,-0.55215,-0.58377,-0.47770,-0.53127,-0.47170,-0.46407,-0.28367,-0.46475,-0.54970
-0.59905,-0.61892,0.11006,-0.45155,-0.69583,-0.80833,-0.58243,-0.69777,-0.54358,-0.58134,-0.48472,-0.64978,-0.69382
-0.75381,-0.82571,0.06299,-0.74981,-0.88975,-0.85655,-0.70240,-0.85779,-0.87579,-0.78851,-0.88550,-0.80103,-0.85000
-0.89234,-0.89399,0.05518,-0.89113,-0.90184,-0.81370,-0.93287,-0.88040,-0.94832,-0.84387,-0.87885,-0.84817,-1.00074
-1.01050,-0.96751,0.09541,-1.12294,-0.86935,-0.99860,-0.98004,-0.81838,-0.97201,-1.00500,-0.84695,-1.05058,-1.01124
-1.10580,-1.21920,0.25992,-1.46056,-1.06142,-1.22140,-0.93661,-1.13044,-1.67950,-1.16585,-1.18121,-0.84775,-1.50729
-1.17443,-0.83077,0.33421,-1.44067,-1.01880,-1.14000,-0.49399,-0.44641,-1.14104,-0.71025,-0.74875,-0.61308,-0.55466
-1.21330,-0.71839,0.20947,-0.88188,-0.73634,-0.98073,-0.52342,-0.76803,-1.09432,-0.54300,-0.59987,-0.53370,-0.52265
-1.22203,-1.10876,0.34819,-1.13243,-1.46253,-1.05294,-0.31025,-1.08900,-1.44150,-1.51469,-0.88981,-1.11410,-1.08039
-1.20098,-1.87576,0.20574,-1.92701,-2.05135,-1.95180,-1.52275,-1.78329,-1.68573,-1.85713,-2.09673,-1.70137,-2.18047
-1.15091,-1.33305,0.17143,-1.55505,-1.40967,-1.48152,-1.13741,-1.09230,-1.25544,-1.15585,-1.27012,-1.45107,-1.52211
-0.98999,-1.25540,0.15522,-1.35124,-1.51278,-1.43459,-1.15718,-1.05660,-1.15519,-1.06541,-1.18345,-1.29879,-1.33873
-0.99152,-1.19017,0.14672,-1.21707,-1.50681,-1.25842,-1.08055,-1.13964,-1.29629,-1.19011,-0.96533,-1.08570,-1.16178
-0.98204,-1.05289,0.09167,-1.08282,-1.02223,-1.12465,-1.08271,-0.98568,-1.19239,-1.07795,-0.88036,-0.95929,-1.12083
-0.94780,-1.04126,0.15845,-1.17768,-1.14223,-1.04510,-0.95289,-0.84971,-1.05764,-1.27291,-0.89079,-0.81906,-1.20462
-0.75890,-0.74472,0.11640,-0.89281,-0.62132,-0.85088,-0.69847,-0.58100,-0.83342,-0.74637,-0.66080,-0.66484,-0.89725
-0.58261,-0.59230,0.13082,-0.75877,-0.38482,-0.60765,-0.55689,-0.60284,-0.66644,-0.41421,-0.59947,-0.53648,-0.79547
-0.40260,-0.34605,0.10962,-0.54337,-0.31633,-0.25772,-0.38513,-0.20621,-0.39695,-0.31336,-0.28538,-0.25541,-0.50060
-0.21818,-0.26130,0.11379,-0.36763,-0.35074,-0.19842,-0.34275,-0.20213,-0.16291,-0.07865,-0.23933,-0.21547,-0.45496
-0.03551,-0.03931,0.11459,-0.20002,-0.08618,0.06575,-0.04074,0.02078,0.07904,0.15409,-0.13922,-0.12353,-0.12311
0.13923,0.24184,0.12405,0.04110,0.36411,0.17775,0.19795,0.34440,0.26354,0.44789,0.29797,0.12435,0.15930
0.29822,0.42754,0.10136,0.30011,0.58273,0.42816,0.47726,0.42655,0.51225,0.48653,0.36951,0.45196,0.24030
0.43669,0.53587,0.08015,0.34400,0.59511,0.60208,0.52823,0.45223,0.56972,0.55993,0.54322,0.58320,0.58101
0.55160,0.64202,0.11564,0.42524,0.63117,0.79663,0.79803,0.55344,0.64908,0.72145,0.55160,0.68261,0.61096
0.63833,0.68485,0.13282,0.43031,0.66269,0.79962,0.89884,0.64434,0.67380,0.73246,0.52826,0.74604,0.73217
0.69290,0.64023,0.13471,0.34937,0.69256,0.82398,0.62903,0.57510,0.77857,0.64244,0.52596,0.70148,0.68384
0.71452,0.57096,0.14370,0.25018,0.58310,0.79158,0.62460,0.47741,0.64256,0.65426,0.50339,0.64149,0.54099
0.70371,0.69773,0.13149,0.44708,0.75010,0.81724,0.76337,0.58268,0.70741,0.74206,0.54124,0.76266,0.86342
0.66080,0.69624,0.11587,0.61230,0.73682,0.86281,0.69267,0.52182,0.67914,0.68964,0.54597,0.76125,0.85998
0.58828,0.61047,0.08552,0.59895,0.65947,0.52654,0.67191,0.48404,0.61717,0.65502,0.48472,0.72947,0.67745
0.48912,0.49282,0.17582,0.66336,0.74606,0.44319,0.32000,0.33933,0.48756,0.58607,0.43943,0.69050,0.21270
0.36514,0.24435,0.11183,0.03239,0.46744,0.25342,0.18690,0.27399,0.23085,0.28633,0.27083,0.29080,0.15057
0.22044,0.11694,0.08259,-0.00775,0.22180,0.20896,0.03677,0.14797,0.12509,0.06586,0.22712,0.06497,0.07863
0.06197,0.03063,0.11520,0.01023,0.19201,0.05602,-0.02604,-0.05463,0.06532,-0.05234,0.21446,-0.16593,0.06722
-0.10587,-0.18739,0.08676,-0.08506,-0.17629,-0.17968,-0.11999,-0.18993,-0.15524,-0.36960,-0.09275,-0.27309,-0.23226
-0.28116,-0.32332,0.07833,-0.21519,-0.31098,-0.27355,-0.41484,-0.26445,-0.35752,-0.46438,-0.24007,-0.34976,-0.34247
-0.45850,-0.46133,0.08935,-0.30324,-0.44077,-0.43227,-0.51087,-0.46061,-0.51383,-0.59385,-0.35975,-0.56854,-0.42957
-0.62904,-0.65259,0.09437,-0.46846,-0.54449,-0.77023,-0.63351,-0.70148,-0.76575,-0.69709,-0.60372,-0.67933,-0.66186
-0.78788,-0.77037,0.07677,-0.72831,-0.68612,-0.89401,-0.82377,-0.80173,-0.85877,-0.75792,-0.72090,-0.78219,-0.64995
-0.93308,-0.93031,0.10459,-0.92537,-0.86375,-0.98848,-1.01134,-0.84213,-1.17704,-0.83498,-0.87309,-0.88069,-0.90627
-1.05598,-1.03964,0.12254,-1.03448,-1.01687,-1.06204,-1.05507,-0.90551,-1.35054,-0.92708,-0.98077,-0.99359,-1.07039
-1.15421,-1.04803,0.10274,-0.99133,-1.10954,-1.07198,-1.06407,-0.91533,-1.28164,-0.98662,-0.96935,-1.09525,-0.99517
-1.22425,-1.12649,0.12492,-1.21310,-1.15262,-1.08153,-1.09982,-0.97053,-1.40292,-0.98153,-1.11690,-1.18484,-1.06114
-1.26440,-1.13076,0.11393,-1.27305,-1.20726,-1.17909,-1.05324,-0.99721,-1.25063,-0.91886,-1.18246,-1.15807,-1.08767
-1.27295,-1.18043,0.12576,-1.20138,-1.23343,-1.33425,-1.10008,-0.97076,-1.35287,-1.01016,-1.15417,-1.19308,-1.25417
-1.25000,-1.17179,0.15123,-1.29190,-1.14200,-1.39426,-1.09567,-0.94760,-1.21315,-0.92450,-1.16707,-1.30572,-1.23608
-1.19678,-1.14990,0.12762,-1.22180,-1.11882,-1.34962,-1.06036,-0.98361,-1.18997,-1.00084,-1.07314,-1.33693,-1.16387
-1.11527,-1.04148,0.10913,-1.05368,-0.92850,-1.17936,-1.01257,-1.02164,-1.21206,-0.93609,-0.87938,-1.06681,-1.12465
-1.00831,-0.90223,0.07734,-1.00042,-0.79418,-0.97213,-0.91661,-0.84996,-1.01623,-0.88903,-0.80620,-0.85768,-0.91981
-0.88022,-0.74731,0.09608,-0.82312,-0.64543,-0.69761,-0.68137,-0.69071,-0.83931,-0.88713,-0.60780,-0.75654,-0.84412
-0.73503,-0.65651,0.09152,-0.74823,-0.57348,-0.65575,-0.62079,-0.51127,-0.76996,-0.74421,-0.55370,-0.65037,-0.73732
-0.57590,-0.47073,0.13042,-0.59267,-0.39539,-0.23807,-0.48480,-0.29236,-0.61621,-0.43825,-0.50943,-0.53172,-0.60844
-0.40742,-0.30915,0.10884,-0.46816,-0.27626,-0.14106,-0.38508,-0.19690,-0.45065,-0.38910,-0.27435,-0.26317,-0.24674
-0.23588,-0.05241,0.13572,-0.17840,0.11250,0.06573,-0.09881,0.05168,-0.01342,-0.27855,-0.17594,-0.11227,0.10337
-0.06646,0.01618,0.09825,-0.05387,-0.00868,0.14108,-0.01919,0.01857,0.16109,-0.02742,-0.08416,-0.10837,0.14271
0.09581,0.07485,0.10684,0.02600,0.17386,0.26295,0.03473,-0.03232,0.19515,-0.03136,0.02898,-0.03367,0.12422
0.24693,0.26974,0.12838,0.05652,0.43084,0.32264,0.19916,0.25534,0.50232,0.17119,0.28506,0.27440,0.19996
0.38157,0.39751,0.12846,0.30041,0.31837,0.45856,0.35616,0.42214,0.59852,0.22489,0.39440,0.61031,0.29132
0.49348,0.27633,0.10506,0.27330,0.18854,0.51801,0.30845,0.11026,0.28693,0.24463,0.31053,0.23079,0.29187
0.57990,0.67432,0.39381,0.62850,0.59349,0.48055,0.47771,0.11752,0.68529,1.63447,0.49093,0.86413,0.77060
0.63848,0.95195,0.28379,0.86173,0.90807,0.88871,1.59661,0.70675,0.87323,0.92074,0.53697,1.15575,1.07097
0.66609,0.98378,0.26664,0.84428,0.99727,0.93969,1.48654,0.77372,0.94541,0.86808,0.57106,1.34289,1.06887
0.66187,0.93199,0.23977,1.11318,1.08979,1.20850,1.04396,0.54138,0.76916,0.69738,0.71406,0.91275,1.22978
0.62676,0.77563,0.23351,0.78850,1.07696,0.92336,0.63874,0.48469,0.69148,0.63343,0.57846,1.22778,0.71293
0.56199,0.56081,0.30039,0.54609,0.60980,1.04913,0.59623,0.47126,0.21891,0.52875,0.22457,1.06999,0.29342
0.50035,0.38720,0.23740,0.33208,0.29783,0.89414,0.28943,0.25019,0.17915,0.28751,0.35122,0.75314,0.23734
0.27603,0.08103,0.12453,0.02845,0.19766,0.31641,0.08319,-0.05767,-0.06871,0.00882,0.14639,0.16904,-0.01328
0.03185,-0.15601,0.14903,-0.21104,-0.18847,0.16699,-0.08281,-0.20677,-0.06090,-0.35152,-0.07683,-0.24292,-0.30580
-0.22421,0.10775,0.48253,-0.19757,-0.24046,1.17270,0.13105,-0.47469,0.63440,0.04039,0.00119,0.22076,-0.21028
-0.30920,-0.52000,0.27860,-0.67651,-0.79537,-0.53951,-0.55063,-0.64744,0.21726,-0.48706,-0.52371,-0.70742,-0.48956
-0.65122,-0.78930,0.16820,-0.74759,-0.80587,-1.05822,-0.96606,-0.77752,-0.69471,-0.77825,-0.42857,-0.75459,-0.88158
-0.98833,-1.09915,0.19422,-1.02111,-1.18357,-1.26132,-1.23866,-0.97017,-1.11272,-1.38221,-0.78205,-0.83217,-1.20752
-1.31302,-1.33768,0.14860,-1.24382,-1.62874,-1.32975,-1.29476,-1.22474,-1.38095,-1.41620,-1.10843,-1.49138,-1.25804
-1.61107,-1.53310,0.29830,-1.49779,-2.24126,-1.44435,-1.49041,-1.23395,-1.68313,-1.56119,-1.32224,-1.66205,-1.19465
-1.87574,-1.86126,0.36721,-1.82445,-2.66683,-2.11643,-1.95792,-1.47455,-1.99362,-1.79707,-1.46622,-1.85625,-1.45930
-2.11234,-2.01765,0.40645,-1.99735,-2.95965,-2.36365,-2.15587,-1.67185,-2.03065,-1.81312,-1.83745,-1.79427,-1.55258
-2.12965,-2.31074,0.45691,-2.27082,-3.39369,-2.58839,-2.50473,-1.98648,-2.20333,-1.94351,-2.40423,-1.87382,-1.93837
-2.40833,-2.47091,0.52534,-2.18326,-3.81070,-2.69937,-2.52278,-2.10492,-2.42007,-2.04084,-2.60620,-2.06384,-2.25712
-2.66133,-2.54013,0.49510,-1.89175,-3.68750,-2.85257,-2.64906,-2.28563,-2.41845,-2.08290,-2.72505,-2.40199,-2.40640
-2.88740,-2.73712,0.40076,-2.08332,-3.39381,-3.06674,-2.95296,-3.09508,-2.54179,-2.28384,-2.71188,-2.74753,-2.49420
-3.08546,-2.89191,0.33864,-2.52180,-3.16347,-3.35684,-3.23933,-3.20574,-2.67367,-2.38459,-2.75253,-2.96603,-2.65514
-3.25456,-2.93949,0.36095,-2.51864,-3.14444,-3.64871,-3.26913,-3.00203,-2.80655,-2.49924,-2.75474,-3.08081,-2.67060
-3.39391,-3.11874,0.34241,-2.66255,-3.44925,-3.74811,-3.31742,-2.88262,-3.09275,-2.74289,-2.88544,-3.33718,-3.06916
-3.28294,-3.21985,0.36909,-2.85289,-3.58660,-3.82408,-3.51628,-3.09701,-3.32245,-2.71638,-2.82042,-3.41145,-3.05094
-3.47122,-3.19419,0.50737,-2.49706,-3.88463,-3.99297,-3.42424,-2.95544,-3.26702,-2.78927,-2.81009,-3.53942,-2.78171
-3.63059,-3.25654,0.49207,-2.62963,-3.82909,-4.08177,-3.56154,-3.27351,-3.31678,-2.81471,-2.70538,-3.46679,-2.88616
-3.76035,-3.55046,0.39164,-3.21407,-3.96962,-4.13601,-3.56032,-3.91854,-3.52034,-3.14363,-3.13188,-3.81102,-3.09919
-3.85991,-3.64837,0.42587,-3.26872,-4.07977,-4.38370,-3.73578,-4.17136,-3.51020,-3.36149,-3.24743,-3.52812,-3.19714
-3.92889,-3.70338,0.37948,-3.05914,-4.00527,-4.19192,-4.00839,-4.12806,-3.60317,-3.64515,-3.47639,-3.67326,-3.24301
-3.96701,-3.56900,0.38259,-2.89838,-4.19726,-4.06147,-3.64153,-3.50351,-3.48462,-3.69938,-3.32390,-3.66733,-3.21263
-3.72623,-3.72119,0.32698,-3.22823,-3.83537,-4.41509,-3.88653,-3.43660,-3.77289,-3.58124,-3.81107,-3.80481,-3.44007
-3.81708,-3.45065,0.42017,-3.27007,-3.26619,-4.49319,-3.81481,-3.12094,-3.54656,-3.13844,-3.24569,-3.34484,-3.26577
-3.87755,-3.46390,0.32898,-3.29127,-3.32997,-4.25429,-3.69824,-3.18643,-3.69392,-3.32854,-3.24460,-3.29095,-3.32083
-3.90741,-3.60619,0.37350,-3.33196,-3.56336,-4.38012,-3.70181,-3.80262,-3.94701,-3.10298,-3.27118,-3.38411,-3.57680
-3.90662,-3.55857,0.40638,-3.10761,-3.62997,-4.39686,-3.74228,-3.39681,-3.95522,-3.08601,-3.24379,-3.38825,-3.63894
-3.87529,-3.57253,0.49975,-3.07679,-3.86515,-4.69623,-3.50280,-3.69401,-3.84076,-2.98559,-3.24990,-3.23566,-3.57843
-3.81371,-3.51777,0.56005,-3.23890,-4.11317,-4.76790,-3.24779,-3.61999,-3.69220,-2.90473,-3.23385,-3.05954,-3.29962
-3.45453,-3.39505,0.48109,-3.27540,-3.89060,-4.41095,-3.00340,-3.51182,-3.57161,-2.85458,-3.41242,-2.96684,-3.05282
-3.44640,-3.33465,0.48604,-3.31440,-3.70640,-4.33105,-2.85415,-3.64830,-3.42363,-2.97365,-3.42248,-2.72991,-2.94254
-3.40803,-3.23001,0.45667,-3.24999,-3.52707,-3.79973,-2.78910,-3.83489,-3.24008,-2.76685,-3.64226,-2.79181,-2.65831
-3.33970,-3.13574,0.46717,-3.30298,-3.08095,-3.41634,-2.79154,-4.07352,-2.98241,-2.60966,-3.62368,-2.70571,-2.77060
-3.24187,-2.98826,0.34637,-3.05623,-2.92847,-3.33412,-2.81582,-3.62871,-2.56183,-2.76228,-3.34885,-2.65792,-2.78839
-3.11514,-2.68268,0.35469,-2.58872,-2.79065,-3.29161,-2.55832,-3.15170,-2.22479,-2.63043,-2.90740,-2.41223,-2.27097
-2.96024,-2.53535,0.30343,-2.54957,-2.62816,-3.14193,-2.22803,-2.79150,-2.21412,-2.33318,-2.75730,-2.22574,-2.48397
-2.77803,-2.33426,0.32183,-2.39045,-2.17097,-2.79129,-1.74406,-2.52851,-2.37501,-2.16277,-2.75639,-2.02715,-2.39603
-2.40403,-2.20062,0.28712,-2.19967,-1.87768,-2.64097,-1.89441,-2.23854,-2.29640,-1.91015,-2.68892,-2.07263,-2.18685
-2.27179,-2.05567,0.27876,-2.50842,-1.80740,-2.34349,-1.70572,-1.88792,-2.11722,-1.96187,-2.38473,-1.77571,-2.06419
-2.11173,-1.73287,0.16308,-1.87784,-1.53192,-1.99882,-1.45176,-1.67253,-1.79034,-1.63149,-1.80385,-1.80098,-1.76919
-1.92475,-1.28548,0.09147,-1.33643,-1.22012,-1.50244,-1.17794,-1.20816,-1.30056,-1.25281,-1.32029,-1.28676,-1.24927
-1.71185,-1.12346,0.11159,-1.00326,-1.07584,-1.35862,-1.09227,-1.17666,-1.18518,-1.20575,-0.97583,-1.09068,-1.07052
-1.47418,-0.94535,0.11356,-0.92132,-0.80915,-1.20108,-0.92038,-1.05844,-0.92733,-0.92397,-0.82037,-0.90806,-0.96338
-1.21298,-0.86311,0.12865,-0.90956,-0.75026,-1.13860,-0.80714,-1.00816,-0.84330,-0.87999,-0.74329,-0.73314,-0.81765
-0.77771,-0.37123,0.11389,-0.38131,-0.26220,-0.42114,-0.35238,-0.48742,-0.41189,-0.54274,-0.43224,-0.17937,-0.24156
-0.57173,-0.01987,0.11968,-0.08412,0.12376,0.08473,-0.02652,0.08342,-0.05644,-0.17663,-0.23157,-0.00263,0.08730
-0.36566,0.12099,0.11786,0.02859,0.28748,0.21615,0.11519,0.16500,0.15719,0.13656,-0.15410,0.11495,0.14291
-0.16068,0.25143,0.10152,0.07326,0.38316,0.31442,0.29580,0.35715,0.20328,0.32289,0.14253,0.25546,0.16633
0.03899,0.37541,0.13109,0.11827,0.43765,0.35111,0.53722,0.41347,0.40940,0.47054,0.29090,0.50204,0.22355
0.23122,0.24656,0.14087,0.01571,0.24258,0.33732,0.44096,0.37438,0.11488,0.35963,0.30988,0.09072,0.17953
0.51480,0.24341,0.15211,0.05465,0.41565,0.34236,0.38144,0.32808,0.07500,0.41292,0.24518,0.05469,0.12414
0.55595,0.49833,0.15005,0.45357,0.62097,0.49955,0.80092,0.48147,0.23802,0.51365,0.39602,0.57652,0.40267
0.56800,0.60366,0.16725,0.44411,0.70694,0.67591,0.82743,0.54404,0.45902,0.86929,0.40188,0.65314,0.45486
0.55438,0.37412,0.16383,0.22196,0.56728,0.38004,0.50556,0.40467,0.20078,0.43570,0.32122,0.60224,0.10174
0.51589,0.37065,0.11702,0.31420,0.56515,0.42455,0.40372,0.39109,0.23098,0.47189,0.33604,0.41098,0.15796
0.45426,0.30076,0.13733,0.18063,0.40686,0.37093,0.27699,0.17934,0.23274,0.24185,0.37324,0.59628,0.14871
0.37170,0.26603,0.11909,0.27616,0.41316,0.26711,0.20872,0.12724,0.21921,0.20101,0.30848,0.50586,0.13337
0.26945,0.14687,0.10623,0.01606,0.29402,0.23307,0.09108,0.06874,0.14870,0.02115,0.17280,0.31474,0.10831
0.15067,0.12934,0.06968,0.10464,0.21117,0.20015,0.05177,0.10145,0.05195,0.08974,0.25475,0.09368,0.13412
0.02084,-0.01080,0.10537,0.04300,0.04971,0.13673,0.02584,-0.13619,-0.02375,-0.19641,0.10666,-0.08750,-0.02611
-0.11669,-0.15137,0.11294,0.00737,-0.03032,-0.05777,-0.18885,-0.20518,-0.35271,-0.21569,-0.05531,-0.17890,-0.23637
-0.26055,-0.34273,0.11726,-0.25470,-0.27952,-0.22791,-0.39202,-0.26338,-0.50552,-0.44530,-0.25632,-0.26213,-0.54050
-0.40642,-0.43327,0.12370,-0.27301,-0.36623,-0.26472,-0.48598,-0.38652,-0.57446,-0.58618,-0.33505,-0.49583,-0.56474
-0.54731,-0.55101,0.09329,-0.35899,-0.48513,-0.55650,-0.55240,-0.59436,-0.63289,-0.65228,-0.44996,-0.62235,-0.60520
-0.67952,-0.68851,0.07938,-0.54857,-0.63623,-0.80912,-0.63645,-0.74343,-0.76831,-0.70583,-0.61147,-0.69981,-0.72587
-0.79928,-0.80802,0.07300,-0.77340,-0.77579,-0.94984,-0.73689,-0.80952,-0.87991,-0.76861,-0.72940,-0.77002,-0.88679
-0.90513,-0.95383,0.11303,-0.96282,-0.87835,-1.09233,-0.90567,-0.86801,-1.13547,-0.91611,-0.86199,-0.82193,-1.09557
-0.99299,-1.01304,0.12804,-1.01480,-0.92550,-1.16689,-1.01484,-0.90336,-1.22488,-0.92380,-0.90165,-0.88853,-1.16611
-1.05790,-1.00438,0.12216,-0.95032,-0.95337,-1.20766,-1.05842,-0.89264,-1.14248,-0.92976,-0.90188,-0.86779,-1.13950
-1.09862,-1.08303,0.13180,-0.98693,-1.07958,-1.34337,-1.07588,-0.94087,-1.19028,-1.05292,-1.07328,-0.89622,-1.19099
-1.11448,-1.11307,0.13441,-1.08298,-1.16618,-1.37099,-1.01821,-0.94425,-1.19159,-1.08036,-1.13060,-0.92436,-1.22122
-1.10567,-1.02491,0.13415,-0.95438,-1.01609,-1.36732,-0.99524,-0.94421,-1.00764,-1.00910,-0.95220,-0.88892,-1.11402
-1.07241,-0.96554,0.08384,-0.84084,-0.97318,-1.11907,-0.95555,-0.88490,-0.97910,-1.06797,-0.91411,-0.91511,-1.00563
-1.01630,-0.91648,0.08422,-0.80661,-0.89552,-0.91500,-1.00156,-0.97757,-0.91225,-1.04931,-0.80789,-0.82772,-0.97139
-0.93943,-0.90770,0.08824,-0.87654,-0.87186,-1.03467,-0.90734,-1.03269,-0.94841,-0.87090,-0.77263,-0.79916,-0.96283
-0.84302,-0.83010,0.11024,-0.89917,-0.66352,-0.97013,-0.78620,-0.89218,-0.84939,-0.97990,-0.70131,-0.72052,-0.83865
-0.73011,-0.69083,0.10744,-0.73376,-0.52675,-0.79053,-0.67734,-0.63117,-0.69641,-0.91201,-0.63506,-0.59575,-0.70947
-0.60602,-0.51951,0.09857,-0.63752,-0.36022,-0.56365,-0.49173,-0.47166,-0.52056,-0.56620,-0.60728,-0.36311,-0.61322
-0.47416,-0.33696,0.08054,-0.30122,-0.23164,-0.31159,-0.35034,-0.36627,-0.35552,-0.45682,-0.40796,-0.19188,-0.39633
-0.33595,-0.23232,0.06016,-0.34695,-0.19209,-0.20275,-0.29293,-0.21689,-0.23446,-0.16721,-0.26697,-0.14815,-0.25481
-0.19795,-0.14869,0.06258,-0.22390,-0.17846,-0.12906,-0.22951,-0.19175,-0.08781,-0.11723,-0.19024,-0.09139,-0.04757
-0.06424,-0.00903,0.09435,-0.19481,-0.01979,0.07743,-0.01601,0.03228,0.05954,0.00251,-0.14434,0.00882,0.10410
0.06377,0.14135,0.10815,-0.06874,0.17954,0.20120,0.16736,0.23687,0.12458,0.20183,-0.02718,0.25940,0.13869
0.18147,0.18162,0.10863,-0.07964,0.13591,0.30085,0.25027,0.21766,0.17024,0.29548,0.16593,0.21355,0.14601
0.28234,0.23174,0.08785,0.02938,0.26990,0.31190,0.27492,0.31158,0.20095,0.29285,0.26697,0.20197,0.15703
0.36373,0.24678,0.08359,0.08141,0.35729,0.28779,0.29637,0.30582,0.18311,0.23753,0.27545,0.29034,0.15273
0.42502,0.33702,0.13440,0.11213,0.44850,0.35419,0.36247,0.42230,0.22304,0.32094,0.36814,0.57102,0.18744
0.46362,0.53024,0.09854,0.33350,0.63177,0.61604,0.51003,0.49752,0.48213,0.55813,0.45199,0.67142,0.54991
0.47723,0.50520,0.09441,0.41975,0.64491,0.57795,0.46252,0.49793,0.43156,0.53208,0.44198,0.65496,0.38833
0.46641,0.35961,0.12270,0.22405,0.51423,0.41290,0.28890,0.42458,0.22967,0.36329,0.38685,0.55328,0.19836
0.43152,0.35402,0.12236,0.19397,0.51919,0.37629,0.27864,0.41999,0.25418,0.33504,0.36714,0.56665,0.22907
0.37370,0.28301,0.14818,0.10990,0.46841,0.30716,0.13659,0.35586,0.27776,0.13316,0.31555,0.54947,0.17622
0.29529,0.14890,0.09623,0.01593,0.27715,0.27127,0.10720,0.11433,0.14310,0.02679,0.26156,0.17661,0.09506
0.19891,0.03431,0.07847,-0.03779,0.12399,0.14509,0.06611,-0.00445,-0.01315,-0.10816,0.10181,0.04673,0.02297
0.08680,0.04615,0.08032,0.01321,-0.02391,0.12548,0.03085,0.01507,-0.00460,0.01185,0.23330,-0.02124,0.08148
-0.03774,-0.10414,0.08793,-0.01258,-0.11135,0.00672,-0.15453,-0.16102,-0.20281,-0.18532,0.04770,-0.16500,-0.10316
-0.16999,-0.25788,0.08079,-0.16913,-0.20590,-0.24886,-0.28552,-0.23940,-0.39175,-0.36787,-0.13457,-0.23996,-0.29580
-0.30598,-0.34526,0.08140,-0.24212,-0.29945,-0.30907,-0.39407,-0.29242,-0.48873,-0.41952,-0.28130,-0.29364,-0.43223
-0.44280,-0.45411,0.12109,-0.21395,-0.38876,-0.39958,-0.50254,-0.44212,-0.50965,-0.59870,-0.34156,-0.56795,-0.57629
-0.57628,-0.58687,0.08969,-0.41945,-0.54041,-0.66867,-0.53712,-0.61098,-0.65915,-0.68832,-0.47595,-0.62593,-0.64268
-0.70085,-0.63462,0.09496,-0.54187,-0.64651,-0.79157,-0.57254,-0.71341,-0.61725,-0.71346,-0.46158,-0.66720,-0.62077
-0.81232,-0.67423,0.10920,-0.45710,-0.68728,-0.77401,-0.74280,-0.75309,-0.69572,-0.80091,-0.58258,-0.69248,-0.55637
-0.80288,-0.85661,0.06907,-0.78779,-0.84519,-0.95661,-0.89008,-0.82781,-0.92276,-0.95212,-0.79168,-0.77304,-0.81898
-0.95381,-0.96483,0.09180,-0.90706,-0.93875,-1.05648,-0.95765,-0.89238,-1.15589,-0.98864,-0.91839,-0.83216,-1.00088
-1.08713,-1.00910,0.10047,-0.95886,-1.02021,-1.08553,-0.99188,-0.94386,-1.22848,-1.04442,-0.94945,-0.85158,-1.01671
-1.19505,-0.97759,0.09381,-0.89924,-0.97753,-1.09237,-1.02714,-0.87582,-1.05767,-1.12001,-0.91234,-0.85152,-0.96226
-1.27466,-1.04779,0.13264,-0.98339,-1.02666,-1.13852,-1.17366,-0.88857,-1.26352,-1.17738,-0.96416,-0.87303,-0.98906
-1.20910,-1.12354,0.12970,-1.05619,-1.09972,-1.27477,-1.23044,-1.00551,-1.29537,-1.26116,-1.03143,-0.93722,-1.04357
-1.30193,-1.23306,0.14481,-1.20113,-1.15455,-1.43967,-1.23923,-1.22423,-1.47847,-1.32824,-1.06687,-1.04460,-1.15360
-1.36651,-1.26829,0.17107,-1.38926,-1.14744,-1.44769,-1.21745,-1.33184,-1.54360,-1.35005,-1.09082,-1.00417,-1.16057
-1.39782,-1.17217,0.15742,-1.24354,-1.17027,-1.33747,-1.20811,-0.99258,-1.36873,-1.35116,-1.07143,-0.92103,-1.05743
-1.39556,-1.12227,0.14544,-1.09322,-1.07316,-1.36845,-1.16133,-0.99736,-1.30562,-1.24243,-1.00250,-0.91303,-1.06560
-1.36109,-1.10099,0.13338,-1.12871,-1.02309,-1.31513,-1.14939,-1.01552,-1.30573,-1.10640,-1.02039,-0.88210,-1.06350
-1.24539,-1.07693,0.15534,-1.22081,-0.93897,-1.32779,-1.11776,-0.98866,-1.25443,-1.12431,-0.91010,-0.88110,-1.00533
-1.22369,-0.98287,0.14746,-1.00184,-0.91234,-1.33142,-1.07779,-0.88848,-1.04908,-0.99047,-0.84115,-0.87454,-0.86163
-1.17621,-0.94311,0.13134,-1.06221,-0.82042,-1.23763,-0.94167,-0.81259,-0.98301,-0.96554,-0.82167,-0.90738,-0.87895
-1.10256,-0.91636,0.14187,-0.89275,-0.70299,-1.20997,-0.96363,-0.93482,-0.95211,-0.95910,-0.70919,-0.93025,-0.90874
-1.00494,-0.90451,0.14397,-0.88598,-0.72773,-1.13244,-0.72793,-1.05584,-0.97170,-0.97999,-0.71161,-0.94296,-0.90886
-0.82652,-0.62575,0.09248,-0.60267,-0.45942,-0.74303,-0.57807,-0.65017,-0.71214,-0.65190,-0.50365,-0.72057,-0.63589
-0.76371,-0.57384,0.12046,-0.63896,-0.53492,-0.64491,-0.54128,-0.59193,-0.56897,-0.76558,-0.30327,-0.63912,-0.50947
-0.68863,-0.41267,0.10152,-0.44067,-0.37841,-0.47869,-0.36975,-0.52791,-0.42923,-0.56556,-0.28861,-0.41487,-0.23303
-0.60097,-0.44116,0.09703,-0.37184,-0.40757,-0.45405,-0.41918,-0.55976,-0.44184,-0.60385,-0.32423,-0.52080,-0.30847
-0.50291,-0.38337,0.15379,-0.32647,-0.40633,-0.17338,-0.35548,-0.55308,-0.46709,-0.69512,-0.26364,-0.32655,-0.26654
-0.34387,-0.21796,0.13395,-0.23199,-0.28607,-0.07314,-0.04741,-0.32915,-0.28888,-0.47793,-0.18414,-0.18123,-0.07969
-0.31173,-0.14821,0.12596,-0.07132,-0.24188,-0.02012,-0.00512,-0.18154,-0.27614,-0.37836,-0.13901,-0.16350,-0.00515
-0.28180,-0.18632,0.13687,-0.05171,-0.25120,-0.05327,-0.08946,-0.19303,-0.30895,-0.47825,-0.21018,-0.17575,-0.05140
-0.25215,-0.13998,0.10175,-0.27905,-0.23168,-0.02771,0.03917,-0.21701,-0.17198,-0.20400,-0.08312,-0.16171,-0.06273
-0.22346,-0.09851,0.17152,0.06432,-0.33672,0.16501,0.04125,-0.14109,-0.06071,-0.39310,-0.12692,-0.12779,-0.06937
-0.17020,-0.33181,0.15061,-0.51440,-0.39752,-0.13665,-0.14336,-0.29336,-0.41520,-0.58639,-0.24183,-0.22835,-0.36102
-0.22420,-0.24913,0.13443,-0.28002,-0.38169,-0.12289,-0.03161,-0.13872,-0.31875,-0.47744,-0.23440,-0.17726,-0.32856
-0.28307,-0.29381,0.10989,-0.27339,-0.29020,-0.29887,-0.13791,-0.19495,-0.51317,-0.30329,-0.26189,-0.22738,-0.43704
-0.34389,-0.51472,0.18104,-0.53619,-0.73971,-0.35990,-0.44677,-0.25109,-0.68774,-0.74770,-0.27316,-0.53825,-0.56666
-0.32600,-0.57770,0.14205,-0.53988,-0.74177,-0.56935,-0.54053,-0.35605,-0.54212,-0.87275,-0.46617,-0.54338,-0.60505
-0.45903,-0.81307,0.15706,-1.14447,-0.91115,-0.78510,-0.70515,-0.58591,-0.89358,-0.91140,-0.69221,-0.74704,-0.75472
-0.59140,-0.84062,0.10391,-1.02704,-0.96724,-0.82976,-0.83749,-0.72483,-0.90922,-0.83733,-0.74957,-0.70081,-0.82294
-0.71684,-0.89579,0.10241,-1.02960,-0.98055,-0.95072,-0.95109,-0.73911,-0.88844,-0.95187,-0.81203,-0.72961,-0.92484
-0.82948,-0.99083,0.13078,-0.96792,-1.17573,-1.08553,-1.05440,-0.85384,-0.93403,-1.17711,-0.95137,-0.78139,-0.92695
-0.92399,-1.13529,0.14812,-1.21990,-1.36093,-1.26485,-1.08167,-0.91005,-1.17242,-1.22353,-1.17574,-0.92286,-1.02097
-0.99744,-1.20876,0.14223,-1.26012,-1.46420,-1.34142,-1.08194,-1.02739,-1.23191,-1.24584,-1.29291,-1.05354,-1.08834
-1.04865,-1.37020,0.15449,-1.36114,-1.65664,-1.34570,-1.18989,-1.32424,-1.32972,-1.35705,-1.56071,-1.13680,-1.44005
-1.07496,-1.35967,0.13952,-1.27774,-1.62145,-1.40347,-1.20340,-1.41691,-1.24252,-1.23744,-1.52415,-1.25304,-1.41655
-1.07519,-1.40876,0.10730,-1.51154,-1.41621,-1.41688,-1.27384,-1.47753,-1.19261,-1.39567,-1.39353,-1.45799,-1.55179
-1.04989,-1.32244,0.09952,-1.43146,-1.44745,-1.37479,-1.23776,-1.32694,-1.17017,-1.41415,-1.20224,-1.36130,-1.25810
-0.99982,-1.24351,0.15314,-1.41831,-1.17566,-1.32128,-1.04327,-1.26359,-1.35258,-1.39313,-0.94357,-1.21476,-1.30896
-0.92716,-1.12410,0.11794,-1.30709,-0.95421,-1.21465,-1.12759,-1.12377,-1.20225,-1.16576,-0.93205,-1.03861,-1.17500
-0.83462,-0.96724,0.09815,-1.10008,-0.88265,-1.08655,-0.95501,-0.99370,-0.93409,-1.06801,-0.79014,-0.90303,-0.95918
-0.75300,-0.82465,0.16467,-1.06733,-0.62178,-0.98604,-0.81290,-0.78603,-0.88834,-0.53722,-0.74052,-0.83160,-0.97475
-0.59034,-0.58360,0.16332,-0.84172,-0.31812,-0.67712,-0.54121,-0.45562,-0.64505,-0.46163,-0.45139,-0.69412,-0.75001
-0.41774,-0.47312,0.14920,-0.73472,-0.30633,-0.54925,-0.46613,-0.22590,-0.52597,-0.41234,-0.38424,-0.50603,-0.62033
-0.24163,-0.35437,0.15623,-0.50209,-0.24207,-0.60517,-0.38312,-0.19675,-0.34563,-0.16256,-0.26837,-0.27056,-0.56738
-0.06485,-0.11033,0.15361,-0.24805,-0.03924,-0.20170,-0.21720,0.02940,-0.11770,0.23054,-0.15160,-0.10133,-0.28645
0.08440,0.09719,0.10066,-0.00006,0.19538,0.12572,0.11717,0.11590,0.10616,0.29531,0.05476,0.01468,-0.05314
0.27584,0.22115,0.15030,0.06966,0.30764,0.22148,0.30416,0.21998,0.15175,0.52106,0.20455,0.25439,-0.04313
0.44837,0.06922,0.16010,-0.05669,0.16975,0.06534,0.06940,0.12420,0.01027,0.28291,0.28091,-0.00286,-0.25102
0.59730,0.47909,0.14188,0.35795,0.63990,0.58216,0.56348,0.41287,0.22132,0.64934,0.44568,0.56192,0.35624
0.66418,0.76908,0.12490,0.51341,0.87494,0.88214,0.90569,0.82247,0.68983,0.84819,0.64662,0.72610,0.78139
0.78819,0.80842,0.14558,0.53078,0.81992,0.89783,1.07090,0.72316,0.85639,0.88345,0.67026,0.78218,0.84935
0.87887,0.75492,0.13819,0.46890,0.74407,0.85228,1.00190,0.70999,0.83703,0.80255,0.67533,0.70963,0.74756
0.93446,0.74983,0.14380,0.45829,0.72623,0.84296,1.00789,0.78449,0.81493,0.72526,0.61520,0.74102,0.78203
0.95688,0.78324,0.19387,0.47405,0.77132,0.85720,1.15308,0.75036,0.79196,0.75665,0.54307,0.75204,0.98266
0.90349,0.79928,0.16417,0.52263,0.79354,0.93789,0.94843,0.71263,0.92636,0.86623,0.55707,0.74288,0.98517
0.89847,0.72468,0.15883,0.42099,0.75228,0.95417,0.85811,0.63446,0.78337,0.74587,0.54085,0.70083,0.85582
0.86079,0.70595,0.18575,0.35125,0.75341,0.87270,0.97468,0.54848,0.75097,0.68758,0.54285,0.70232,0.87530
0.79081,0.69219,0.15327,0.41913,0.76442,0.88311,0.89359,0.61422,0.75050,0.59522,0.51913,0.71923,0.76338
0.68910,0.63156,0.13283,0.40277,0.72980,0.85035,0.73152,0.56560,0.64437,0.58834,0.46407,0.64073,0.69804
0.52277,0.49792,0.11769,0.28667,0.54506,0.69482,0.39537,0.53096,0.56443,0.54140,0.45652,0.57917,0.38477
0.40268,0.19047,0.08786,0.10948,0.06669,0.25070,0.26076,0.27073,0.19200,0.28327,0.27290,0.11431,0.08384
0.26336,0.09835,0.10328,-0.01200,-0.07085,0.27998,0.11454,0.18143,0.16634,0.12976,0.11207,0.00444,0.07776
0.10908,-0.07977,0.09157,-0.07574,-0.10701,0.12380,-0.04456,-0.02630,-0.23071,-0.07142,-0.14681,-0.11500,-0.10392
-0.05603,-0.16431,0.12665,-0.06193,-0.11938,0.06770,-0.10753,-0.13208,-0.38268,-0.20125,-0.22859,-0.16974,-0.30765
-0.25968,-0.28811,0.10745,-0.14506,-0.29792,-0.18975,-0.27712,-0.18816,-0.45672,-0.40379,-0.28457,-0.21947,-0.41858
-0.39608,-0.47981,0.13119,-0.43245,-0.63360,-0.36195,-0.47228,-0.24535,-0.64489,-0.59705,-0.38307,-0.45276,-0.57467
-0.52762,-0.62900,0.14205,-0.62231,-0.95807,-0.47846,-0.51206,-0.55860,-0.68585,-0.74380,-0.61123,-0.50646,-0.61319
-0.65247,-0.73713,0.14343,-0.72902,-1.02158,-0.68057,-0.60986,-0.59023,-0.82650,-0.89981,-0.75689,-0.57980,-0.67707
-0.76606,-0.94190,0.16992,-1.01687,-1.30157,-0.92194,-0.82150,-0.78126,-1.01182,-1.08419,-0.90391,-0.71652,-0.85946
-0.87853,-0.96591,0.17311,-0.99205,-1.34740,-1.04975,-0.80925,-0.87988,-1.00157,-1.05346,-0.94056,-0.70647,-0.87869
-0.91888,-0.99189,0.10302,-0.93557,-1.08138,-1.08492,-0.96622,-0.99453,-0.99561,-1.15935,-0.96168,-0.77970,-0.95994
-0.93808,-0.99550,0.09904,-1.08466,-1.09438,-0.91679,-1.01074,-1.01347,-0.97998,-1.16861,-0.94409,-0.87363,-0.86866
-0.93598,-0.95813,0.10157,-1.08284,-1.08363,-0.90563,-0.89494,-0.94041,-1.02288,-1.07116,-0.86354,-0.79272,-0.92354
-0.94168,-0.92456,0.10174,-1.07955,-0.96190,-0.98336,-0.82873,-0.90514,-0.94889,-1.07341,-0.82917,-0.81255,-0.82292
-0.86011,-0.86181,0.08980,-0.97957,-0.84424,-0.91987,-0.80958,-0.95163,-0.87652,-0.95055,-0.69806,-0.80269,-0.78539
-0.75955,-0.69179,0.06635,-0.70299,-0.75666,-0.78853,-0.71757,-0.59000,-0.68087,-0.76541,-0.61592,-0.64257,-0.65740
-0.64544,-0.57504,0.05419,-0.69590,-0.52978,-0.63035,-0.57873,-0.53077,-0.54404,-0.52394,-0.59297,-0.54598,-0.57791
-0.56654,-0.39222,0.11061,-0.52864,-0.17523,-0.52886,-0.42481,-0.31272,-0.37437,-0.45019,-0.37548,-0.29269,-0.45925
-0.39556,-0.20794,0.09799,-0.30748,-0.20728,-0.14430,-0.29476,-0.15363,-0.01757,-0.35523,-0.24802,-0.16257,-0.18856
-0.21912,-0.22965,0.10914,-0.35897,-0.37514,-0.31423,-0.29179,-0.16921,-0.02288,-0.22857,-0.22645,-0.17208,-0.13714
-0.04667,0.04854,0.13855,-0.04950,-0.15249,0.04861,0.14717,0.10709,0.17761,0.22883,-0.17070,0.00014,0.14862
0.11959,0.11374,0.10291,-0.02510,0.00620,0.16643,0.31187,0.06684,0.18873,0.14876,0.09351,0.01308,0.16708
0.23400,0.35043,0.11401,0.12929,0.32889,0.33903,0.54473,0.42575,0.43916,0.41778,0.29266,0.32378,0.26319
0.40661,0.27782,0.17716,0.13972,0.27540,0.25162,0.54416,0.55081,0.01975,0.41602,0.27538,0.16313,0.14225
0.55551,0.42882,0.19001,0.34833,0.28246,0.72987,0.75939,0.50738,0.18619,0.43813,0.39389,0.38313,0.25947
0.67523,0.70675,0.18416,0.49500,0.57172,0.86175,1.12733,0.77543,0.59622,0.69662,0.55892,0.66126,0.72327
0.76440,0.63016,0.25093,0.39684,0.53762,0.66491,1.29293,0.60479,0.43697,0.68158,0.59085,0.60848,0.48662
0.78558,0.70593,0.15655,0.47332,0.71058,0.86077,0.95132,0.60632,0.63384,0.86017,0.50934,0.68316,0.77052
0.84224,0.74522,0.16386,0.53523,0.78265,0.94521,0.99870,0.63869,0.63378,0.91223,0.56701,0.65953,0.77914
0.86599,0.66225,0.13883,0.48741,0.69488,0.87187,0.88584,0.56198,0.61487,0.63822,0.48548,0.65848,0.72352
0.85690,0.58242,0.12836,0.35685,0.69754,0.79857,0.62393,0.48580,0.60428,0.52317,0.45651,0.62896,0.64856
0.81518,0.63231,0.15288,0.44304,0.74439,0.77545,0.91124,0.58334,0.51051,0.53493,0.45402,0.68112,0.68509
0.71946,0.39614,0.16073,0.31532,0.72946,0.40715,0.51423,0.41655,0.21203,0.36368,0.35469,0.48748,0.16082
0.65153,0.33947,0.15030,0.09476,0.57938,0.39329,0.42488,0.39110,0.22328,0.26985,0.37025,0.48711,0.16084
0.55413,0.41875,0.14111,0.31927,0.59909,0.43872,0.39172,0.44904,0.39811,0.34206,0.42245,0.66690,0.16018
0.43241,0.37438,0.15369,0.46126,0.62298,0.46780,0.36852,0.21877,0.24692,0.28307,0.34994,0.56817,0.15636
0.28818,0.17832,0.11626,0.05111,0.40778,0.24772,0.09727,0.08917,0.16025,0.07228,0.21103,0.31493,0.13170
0.10952,0.03475,0.09401,-0.02822,0.15498,0.13502,0.01804,-0.04793,-0.05908,-0.11705,0.11135,0.08390,0.09651
-0.03000,-0.12982,0.13875,-0.03048,0.08476,0.00074,-0.14967,-0.18359,-0.40051,-0.23674,-0.03759,-0.18157,-0.16361
-0.17510,-0.29248,0.12848,-0.21194,-0.11466,-0.17916,-0.28986,-0.25763,-0.49950,-0.40820,-0.25183,-0.23264,-0.47934
-0.32262,-0.40690,0.11148,-0.31127,-0.25091,-0.45981,-0.38348,-0.34697,-0.54610,-0.49141,-0.27986,-0.42344,-0.57573
-0.51251,-0.58892,0.09702,-0.49233,-0.60968,-0.73756,-0.55562,-0.55350,-0.67759,-0.56330,-0.40235,-0.65301,-0.64424
-0.61739,-0.69404,0.11459,-0.51533,-0.75713,-0.87539,-0.64148,-0.64925,-0.84523,-0.64856,-0.56060,-0.71615,-0.73132
-0.70952,-0.83272,0.11351,-0.71983,-0.89851,-1.02090,-0.75325,-0.79306,-0.98611,-0.80075,-0.66890,-0.79829,-0.88760
-0.78723,-0.90289,0.14074,-0.68167,-1.00804,-1.13421,-0.90945,-0.89038,-1.01232,-0.87294,-0.72734,-0.79430,-0.99822
-0.84993,-0.91708,0.11010,-0.79596,-0.99881,-1.12960,-0.93524,-0.89407,-0.97422,-0.90140,-0.74197,-0.84083,-0.95867
-0.91787,-0.89676,0.10687,-0.76948,-0.98963,-1.07676,-0.86956,-0.84424,-0.97532,-0.95279,-0.73345,-0.82621,-0.93013
-0.90395,-0.91749,0.10617,-0.76455,-1.03517,-1.04064,-0.81379,-0.90086,-1.06644,-0.94599,-0.83612,-0.82922,-0.94208
-0.86891,-0.74476,0.06608,-0.57233,-0.78149,-0.77005,-0.80518,-0.77996,-0.77365,-0.77744,-0.73332,-0.72291,-0.73126
-0.81506,-0.76307,0.07723,-0.70869,-0.76288,-0.91075,-0.79942,-0.82815,-0.80855,-0.74404,-0.63879,-0.69471,-0.73474
-0.74419,-0.69688,0.08286,-0.69227,-0.55811,-0.76136,-0.75145,-0.71640,-0.73234,-0.84516,-0.62357,-0.62399,-0.66420
-0.65912,-0.60586,0.06410,-0.59850,-0.54563,-0.60572,-0.63877,-0.62989,-0.61874,-0.75627,-0.54628,-0.53727,-0.58146
-0.56261,-0.59025,0.09693,-0.52592,-0.57069,-0.54456,-0.54557,-0.60317,-0.71921,-0.77566,-0.57557,-0.43450,-0.60764
-0.45688,-0.43905,0.11734,-0.40092,-0.45705,-0.32440,-0.42358,-0.35702,-0.56563,-0.63707,-0.49391,-0.23712,-0.49381
-0.34516,-0.33543,0.11664,-0.27742,-0.24836,-0.19146,-0.40793,-0.36721,-0.52726,-0.48534,-0.35105,-0.17806,-0.32024
-0.23190,-0.26788,0.08663,-0.25541,-0.19122,-0.15176,-0.39986,-0.21516,-0.36624,-0.29369,-0.28631,-0.16733,-0.35179
-0.12080,-0.12050,0.10344,-0.10945,0.04468,-0.05057,-0.22959,-0.01278,-0.24987,-0.18199,-0.23234,-0.03773,-0.14538
-0.01535,0.10366,0.12948,0.01931,0.27781,0.11273,0.09492,0.30904,0.07817,0.01402,-0.14033,0.11472,0.15625
0.08168,0.14248,0.16657,-0.04746,0.40783,0.24142,0.17117,0.38184,-0.05361,0.11251,-0.04345,0.10563,0.14893
0.16600,0.16007,0.16230,-0.07494,0.41214,0.27801,0.21374,0.40539,0.11924,0.03654,0.06345,0.08040,0.06669
0.23447,0.23073,0.13011,0.02925,0.45492,0.32323,0.20891,0.40087,0.17973,0.26094,0.15089,0.16293,0.13561
0.28545,0.13562,0.13259,-0.03229,0.35241,0.25021,0.04400,0.32217,0.03346,0.11642,0.06824,0.16766,0.03393
0.31654,0.15940,0.11558,-0.05366,0.18758,0.30635,0.05154,0.29957,0.19035,0.19622,0.10678,0.24419,0.06512
0.32664,0.20965,0.11137,-0.00353,0.16624,0.32888,0.12315,0.38250,0.20297,0.30875,0.20662,0.22294,0.15793
0.31576,0.13133,0.11129,-0.01310,-0.01226,0.29463,0.09754,0.11321,0.10480,0.13983,0.17918,0.32310,0.08634
0.28409,0.14488,0.07204,0.00054,0.13856,0.19884,0.09818,0.19568,0.12955,0.16265,0.19242,0.25118,0.08122
0.23289,0.08516,0.08018,-0.05550,0.03976,0.10545,0.08065,0.13357,0.12302,-0.01971,0.21545,0.14699,0.08195
0.16409,0.06259,0.07297,-0.03499,0.04582,-0.01865,0.04963,0.09879,0.16450,-0.01479,0.17558,0.06804,0.09199
0.07901,-0.04622,0.11656,-0.05566,-0.05553,0.01233,-0.05303,-0.03720,-0.24036,-0.20235,0.16072,-0.06083,0.06968
-0.01995,-0.13370,0.13383,-0.02275,-0.10706,0.02049,-0.12454,-0.16420,-0.34873,-0.35436,0.03124,-0.15862,-0.10847
-0.12953,-0.18187,0.12367,-0.06647,-0.21428,-0.14733,-0.15674,-0.19575,-0.40445,-0.29114,0.06002,-0.18505,-0.21749
-0.24493,-0.14939,0.12690,-0.07210,-0.21826,-0.09829,-0.12056,-0.21209,-0.35774,-0.24827,0.11374,-0.18627,-0.09404
-0.36354,-0.26842,0.11142,-0.17389,-0.30674,-0.16718,-0.26083,-0.25337,-0.53318,-0.34656,-0.15712,-0.26352,-0.22179
-0.38017,-0.48465,0.11153,-0.32115,-0.55262,-0.40948,-0.41963,-0.67865,-0.60739,-0.51557,-0.38240,-0.53707,-0.42257
-0.60455,-0.71296,0.10268,-0.59469,-0.73206,-0.76730,-0.67097,-0.75458,-0.83665,-0.86845,-0.57535,-0.73903,-0.59052
-0.82272,-0.88192,0.10102,-0.85080,-0.87644,-0.98500,-0.99471,-0.83529,-0.89393,-1.03292,-0.69084,-0.84373,-0.81557
-1.02786,-0.94740,0.11067,-0.93209,-1.00109,-1.05234,-1.08013,-0.85629,-0.85828,-1.12920,-0.85242,-0.89788,-0.81431
-1.21138,-1.14243,0.14910,-1.22539,-1.25559,-1.16091,-1.36065,-1.20182,-1.01363,-1.29531,-0.97678,-0.96692,-0.96727
-1.20938,-1.26623,0.16386,-1.33529,-1.46668,-1.33251,-1.46231,-1.38028,-1.02729,-1.30040,-1.04682,-1.22560,-1.08508
-1.43504,-1.37469,0.17288,-1.41587,-1.63413,-1.43087,-1.47923,-1.31851,-1.24770,-1.53126,-1.10397,-1.45909,-1.12631
-1.63165,-1.54465,0.19205,-1.52710,-1.78233,-1.62349,-1.71522,-1.62865,-1.45334,-1.68583,-1.25668,-1.57647,-1.19741
-1.79346,-1.72743,0.18151,-1.59018,-2.06544,-1.72340,-1.90978,-1.85390,-1.43658,-1.78771,-1.64795,-1.64535,-1.61399
-1.92287,-1.88591,0.15403,-1.72873,-2.27731,-1.80286,-2.00239,-1.85816,-1.81739,-1.86631,-1.82334,-1.81476,-1.86782
-2.01955,-1.98014,0.18727,-1.84075,-2.44496,-1.92467,-2.08861,-1.98107,-1.85317,-1.90680,-1.94980,-1.77963,-2.03191
-1.94960,-2.03377,0.19868,-1.91890,-2.48214,-2.10190,-2.07010,-2.18142,-2.03776,-1.88096,-1.98203,-1.76030,-1.92223
-2.09319,-2.16764,0.21935,-2.18008,-2.65704,-2.28554,-2.08766,-2.32571,-2.07805,-1.96514,-2.19120,-1.89660,-2.00935
-2.20473,-2.12844,0.21980,-2.06560,-2.52838,-2.30256,-2.08719,-2.37031,-2.01387,-1.92870,-2.21262,-1.84137,-1.93379
-2.28375,-2.14543,0.23242,-2.07359,-2.52870,-2.31781,-2.08226,-2.46415,-2.08989,-1.92315,-2.18482,-1.79663,-1.99335
-2.33001,-2.13312,0.23878,-2.08678,-2.48533,-2.22998,-2.11473,-2.47302,-2.13811,-1.96682,-2.23505,-1.76480,-1.83655
-2.34342,-2.28133,0.23314,-2.41722,-2.49007,-2.47564,-2.16454,-2.63634,-2.29083,-1.97031,-2.32168,-1.92810,-2.11859
-2.19886,-2.23076,0.22484,-2.32092,-2.36016,-2.51893,-2.11646,-2.56776,-2.29403,-1.93562,-2.18736,-1.89398,-2.11236
-2.26134,-2.07865,0.26017,-2.13362,-2.16478,-2.51545,-1.99793,-2.49039,-2.11581,-1.87112,-1.78516,-1.82226,-1.89003
-2.29140,-2.09117,0.15960,-2.21418,-2.14199,-2.19616,-2.04960,-2.44149,-1.99499,-2.01680,-1.95098,-1.91207,-1.99346
-2.28903,-1.99304,0.16590,-1.89646,-2.05255,-2.05033,-1.91322,-2.33657,-1.94667,-2.03410,-2.12283,-1.82818,-1.74948
-2.25442,-1.92243,0.27246,-1.52128,-2.10452,-2.02339,-1.88011,-2.39656,-1.90616,-2.11229,-2.02756,-1.71111,-1.54134
-2.18788,-1.98455,0.22044,-1.76004,-2.06633,-2.13276,-1.79089,-2.42611,-1.92889,-2.04144,-2.14757,-1.72234,-1.82916
-1.97208,-1.94876,0.25554,-1.78703,-2.03151,-2.11852,-1.55939,-2.38623,-2.02891,-1.78540,-2.23839,-1.72009,-1.83212
-1.95498,-1.92342,0.26722,-1.72186,-1.81048,-2.13278,-1.47409,-2.12020,-2.27762,-1.71662,-2.19989,-1.72010,-2.06062
-1.90611,-1.67035,0.24111,-1.67466,-1.35363,-2.00114,-1.41243,-1.68489,-2.01033,-1.55811,-1.93324,-1.45347,-1.62157
-1.82589,-1.36400,0.12809,-1.33138,-1.30055,-1.59543,-1.29213,-1.16860,-1.45712,-1.41581,-1.50688,-1.25654,-1.31557
-1.71486,-1.33746,0.09684,-1.35290,-1.31135,-1.48233,-1.20960,-1.25696,-1.41416,-1.31285,-1.41450,-1.19655,-1.42343
-1.57377,-1.23144,0.12581,-1.19451,-1.10392,-1.43220,-1.18285,-1.11243,-1.33383,-1.07054,-1.23922,-1.23582,-1.40905
-1.30211,-1.10558,0.16087,-1.00833,-0.96922,-1.39378,-1.06410,-0.92030,-1.12377,-0.99422,-1.01734,-1.24541,-1.31928
-1.20954,-0.93960,0.15113,-0.78196,-0.90226,-1.27744,-0.88811,-0.88442,-0.99441,-0.81515,-0.79589,-1.07632,-0.98007
-1.08986,-0.65376,0.10987,-0.58712,-0.55513,-0.85092,-0.63336,-0.67967,-0.72163,-0.60452,-0.45942,-0.71449,-0.73136
-0.94720,-0.52145,0.10988,-0.45365,-0.32958,-0.66994,-0.56538,-0.58538,-0.48482,-0.64231,-0.37602,-0.55321,-0.55424
-0.78816,-0.43370,0.09736,-0.46636,-0.29316,-0.42537,-0.45052,-0.55686,-0.48876,-0.49348,-0.31917,-0.30132,-0.54199
-0.45730,-0.35935,0.13774,-0.39535,-0.17061,-0.25923,-0.44109,-0.60438,-0.45368,-0.35611,-0.24983,-0.20001,-0.46319
-0.38301,-0.00580,0.12319,-0.17929,0.04746,-0.00187,-0.00347,-0.22079,0.20219,-0.03100,0.04117,-0.01274,0.10032
-0.31216,0.11265,0.09067,0.00552,0.15981,0.15097,0.02848,-0.03690,0.13424,0.12498,0.13370,0.27699,0.14875
-0.24225,0.02973,0.04285,-0.01016,0.03857,0.07925,0.00466,-0.05180,0.04755,0.00771,0.08814,0.03369,0.05969
-0.17452,0.09263,0.08154,0.02790,0.15085,0.07025,0.05273,-0.01179,0.18456,0.03951,0.25670,0.06011,0.09552
0.02753,0.10810,0.07491,0.01698,0.14724,0.19069,0.01804,0.11718,0.16908,0.03037,0.21388,0.04433,0.13321
-0.02881,-0.13504,0.11627,-0.02363,-0.10712,0.00622,-0.21642,-0.13759,-0.28969,-0.32843,0.00433,-0.10590,-0.15214
-0.09782,-0.05611,0.16352,-0.01360,0.06780,0.12590,-0.03887,-0.07350,-0.18934,-0.34603,0.20715,-0.12898,-0.17162
-0.17446,-0.08255,0.15373,0.09069,0.03732,0.10193,-0.10125,-0.20001,-0.28486,-0.26177,0.10613,-0.14191,-0.17183
-0.25570,-0.23386,0.11147,-0.14338,-0.19209,-0.13233,-0.24941,-0.22581,-0.29577,-0.43351,-0.06002,-0.24082,-0.36547
-0.23238,-0.31720,0.12687,-0.21682,-0.29114,-0.14440,-0.36320,-0.27893,-0.42409,-0.55507,-0.16890,-0.30921,-0.42019
-0.42477,-0.52500,0.09870,-0.33842,-0.49235,-0.49457,-0.53789,-0.61804,-0.58606,-0.65231,-0.39085,-0.57722,-0.56227
-0.61817,-0.79840,0.07932,-0.81207,-0.80809,-0.80078,-0.73789,-0.80945,-0.98560,-0.84319,-0.74785,-0.73540,-0.70364
-0.80368,-0.97181,0.11775,-0.91140,-0.93879,-1.00184,-0.96289,-0.90660,-1.28217,-0.98780,-0.93702,-0.84401,-0.94563
-0.97463,-1.07430,0.11348,-1.02367,-1.01800,-1.16103,-1.11016,-1.00866,-1.35153,-1.05484,-1.03132,-0.94505,-1.03879
-1.12174,-1.19425,0.12128,-1.09065,-1.14948,-1.31363,-1.19763,-1.00912,-1.43256,-1.17060,-1.11471,-1.18419,-1.27989
-1.24398,-1.37694,0.16414,-1.31711,-1.21343,-1.56543,-1.22558,-1.27376,-1.71879,-1.34199,-1.26060,-1.36900,-1.48370
-1.33662,-1.37945,0.16910,-1.50548,-1.25390,-1.41794,-1.23086,-1.22750,-1.76230,-1.29734,-1.30081,-1.30235,-1.49606
-1.39520,-1.34057,0.14378,-1.30193,-1.38971,-1.32205,-1.18240,-1.16693,-1.64777,-1.31646,-1.26250,-1.31710,-1.49883
-1.41896,-1.42983,0.12216,-1.42146,-1.63690,-1.44056,-1.27883,-1.33171,-1.63619,-1.31096,-1.38475,-1.42303,-1.43395
-1.41013,-1.49079,0.23240,-1.42066,-1.96945,-1.46327,-1.22091,-1.26324,-1.63734,-1.45222,-1.46089,-1.28404,-1.73587
-1.36931,-1.39814,0.25332,-1.31928,-2.02877,-1.38683,-1.15693,-1.24084,-1.21144,-1.33625,-1.33369,-1.35500,-1.61235
-1.29688,-1.32016,0.23453,-1.43821,-1.88992,-1.31336,-1.10010,-1.25316,-1.14083,-1.45703,-1.15753,-1.29027,-1.16124
-1.19482,-1.28759,0.23539,-1.58595,-1.70589,-1.16638,-1.01209,-1.34209,-1.20975,-1.46010,-0.98598,-1.21652,-1.19118
-1.06549,-1.17521,0.19451,-1.25578,-1.56883,-1.10484,-0.94836,-1.21709,-1.14135,-1.37047,-0.92303,-1.04099,-1.18134
-0.91349,-0.85377,0.22941,-0.98044,-1.21544,-0.82530,-0.70886,-0.51864,-0.98497,-1.01167,-0.57451,-0.66852,-1.04931
-0.74600,-0.74450,0.25833,-0.86230,-0.85263,-0.76847,-0.49051,-0.27430,-0.86721,-1.11789,-0.52131,-0.66589,-1.02452
-0.56742,-0.46410,0.22893,-0.66366,-0.43663,-0.62722,-0.24293,-0.20523,-0.73969,-0.31487,-0.31633,-0.26911,-0.82536
-0.38247,0.27369,1.30534,-0.73037,-0.43170,-0.72528,2.47500,-0.27968,-0.81289,1.26754,-0.30534,-0.21585,2.49547
-0.19338,0.57621,1.38340,-0.55161,-0.17059,-0.17425,3.43905,0.04994,-0.71773,2.07694,-0.11945,0.05771,1.87207
-0.00738,0.97954,1.17900,-0.01683,1.65893,0.22793,3.75965,1.18740,-0.20848,1.56554,0.18571,0.40394,1.03166
0.16768,1.04156,1.09192,0.26327,2.21934,0.41607,3.51786,1.01580,0.13171,1.52645,0.26121,0.42584,0.63802
0.33031,1.15930,1.10082,0.47349,2.00306,0.64727,3.95474,0.90449,0.40311,1.41110,0.56795,0.57883,0.64892
0.47439,1.25226,0.84418,1.06365,1.90619,1.01433,3.39904,0.75046,0.84905,0.65873,0.69698,0.81013,1.37408
0.59156,2.12611,0.64187,1.51851,2.66899,2.41245,3.00149,1.59380,1.05973,2.52892,2.58498,1.53526,2.35699
0.68136,2.75173,0.92804,1.58356,3.42143,2.26928,3.72505,3.09706,1.67194,3.32676,4.02025,1.52035,2.88159
0.74035,2.97865,0.81073,1.92975,3.45371,2.90988,4.24135,2.56382,2.60772,2.86023,4.36193,2.15584,2.70231
0.76510,3.11009,0.65820,2.01263,2.95613,3.17503,4.09638,2.73173,3.83007,2.93145,3.87216,2.46747,3.02784
0.75651,3.05152,0.81381,1.48789,3.58034,1.98026,3.43946,3.03780,3.79006,2.80152,4.18707,2.97395,3.23679
0.71592,1.64389,0.75068,0.49950,2.13672,1.23859,2.06207,0.68580,2.66425,1.00148,2.42733,2.08489,1.63826
0.64423,0.57100,0.10916,0.37458,0.68804,0.48678,0.61728,0.53076,0.62775,0.46991,0.53282,0.67697,0.70511
0.54534,0.45288,0.12172,0.43715,0.67823,0.32801,0.61461,0.37631,0.55893,0.39981,0.43061,0.35626,0.34889
0.42276,0.29668,0.18266,0.13679,0.73014,0.33608,0.19451,0.16607,0.36576,0.38758,0.31895,0.23548,0.09544
0.27830,0.09832,0.09950,-0.00098,0.07739,0.23702,0.09813,0.11154,0.09859,-0.03544,0.29067,0.03868,0.06758
0.11650,0.01583,0.12528,0.08597,0.09248,0.14044,0.04758,-0.06579,-0.12648,-0.13941,0.23629,-0.10047,-0.01228
-0.05668,-0.16182,0.12994,-0.02686,-0.08940,-0.08412,-0.04415,-0.20366,-0.29614,-0.39464,-0.00986,-0.25606,-0.21335
-0.23637,-0.30727,0.10922,-0.17345,-0.28751,-0.36909,-0.35904,-0.29343,-0.29764,-0.55077,-0.19412,-0.33685,-0.21078
-0.41901,-0.42396,0.11670,-0.24346,-0.31935,-0.48570,-0.50698,-0.42111,-0.43093,-0.64661,-0.32380,-0.49639,-0.36532
-0.59940,-0.69585,0.05467,-0.56097,-0.71636,-0.73515,-0.68809,-0.73285,-0.68866,-0.75148,-0.68655,-0.73125,-0.66714
-0.77037,-0.89058,0.09055,-0.81990,-0.89483,-0.92356,-0.94553,-0.84704,-1.03227,-0.99703,-0.89126,-0.83034,-0.72405
-0.92645,-1.06579,0.12102,-1.03386,-1.07646,-1.03844,-1.11803,-0.96445,-1.36125,-1.10364,-1.06734,-0.95384,-0.94064
-1.06399,-1.15118,0.13612,-1.06208,-1.17122,-1.22718,-1.13490,-0.99020,-1.48528,-1.15004,-1.11261,-1.03591,-1.14236
-1.17686,-1.30318,0.17800,-1.22646,-1.30177,-1.42869,-1.18399,-1.18994,-1.74438,-1.29853,-1.18286,-1.14084,-1.33432
-1.26120,-1.31319,0.18918,-1.24232,-1.26509,-1.50924,-1.20006,-1.20532,-1.77285,-1.33997,-1.18190,-1.22062,-1.19453
-1.31538,-1.34286,0.11968,-1.29484,-1.28957,-1.43015,-1.22207,-1.29847,-1.64141,-1.30727,-1.37509,-1.25832,-1.31143
-1.33710,-1.27890,0.11814,-1.30549,-1.19200,-1.41580,-1.15165,-1.11389,-1.50654,-1.27078,-1.32384,-1.24767,-1.26130
-1.32610,-1.27246,0.12467,-1.29832,-1.15422,-1.46810,-1.16240,-1.13030,-1.35227,-1.17794,-1.29680,-1.22166,-1.46264
-1.28348,-1.23260,0.13404,-1.15906,-1.08003,-1.45993,-1.08736,-1.24847,-1.25359,-1.11978,-1.17935,-1.42696,-1.31144
-1.21084,-1.11454,0.13252,-1.07890,-1.08942,-1.38867,-0.97388,-1.10947,-1.14777,-1.02977,-0.96530,-1.28546,-1.07676
-1.11077,-0.87501,0.12154,-0.87632,-0.80824,-1.11301,-0.75032,-0.93982,-0.95805,-0.77180,-0.70413,-0.88042,-0.94800
-0.98735,-0.72102,0.08867,-0.73507,-0.58409,-0.86972,-0.67744,-0.76148,-0.76655,-0.75964,-0.57561,-0.75930,-0.72133
-0.84450,-0.64961,0.08918,-0.68394,-0.50682,-0.60681,-0.60065,-0.73625,-0.77291,-0.60133,-0.54744,-0.70594,-0.73402
-0.68448,-0.52353,0.08794,-0.53950,-0.37212,-0.54068,-0.54344,-0.62742,-0.64750,-0.48139,-0.41899,-0.47419,-0.59012
-0.42200,-0.33882,0.11783,-0.26550,-0.19368,-0.13756,-0.34815,-0.48487,-0.49310,-0.45042,-0.32825,-0.33378,-0.35283
-0.32636,-0.13119,0.10550,-0.07222,-0.00960,0.01555,-0.13706,-0.22237,-0.19534,-0.32650,-0.18494,-0.13121,-0.04821
-0.23298,-0.06447,0.07718,-0.08130,0.06323,-0.00157,-0.07723,-0.13665,-0.05723,-0.22542,-0.04266,-0.05584,-0.03006
-0.14063,-0.08222,0.06451,-0.10369,-0.03342,-0.07244,-0.02500,-0.16635,-0.04083,-0.19169,-0.10860,-0.09586,0.01570
-0.05301,0.04209,0.09278,-0.03920,0.18445,0.15569,0.04499,-0.05266,0.09329,-0.06241,0.08740,-0.06713,0.07645
0.09792,0.14623,0.10596,0.08239,0.38197,0.17201,0.08905,0.07303,0.24193,0.00414,0.16743,0.15182,0.09852
0.08377,0.20499,0.08174,0.20600,0.35109,0.19069,0.12007,0.19330,0.22855,0.22874,0.29504,0.05928,0.17714
0.05441,0.23123,0.06102,0.21442,0.23594,0.18253,0.14705,0.16699,0.23359,0.28678,0.35868,0.24144,0.24486
0.01291,0.17666,0.07624,0.10766,0.14541,0.18631,0.05328,0.15214,0.21590,0.13945,0.23746,0.33010,0.19885
-0.03855,-0.00641,0.11201,0.03751,0.07571,0.18341,-0.05799,-0.05680,0.01507,-0.22315,0.07101,-0.10433,-0.00453
-0.06405,-0.14221,0.09433,-0.06155,-0.05430,-0.02074,-0.04943,-0.17794,-0.25531,-0.23799,-0.09851,-0.21328,-0.25303
-0.21389,-0.27469,0.10117,-0.13654,-0.19801,-0.20175,-0.34567,-0.26143,-0.37552,-0.43520,-0.17199,-0.24882,-0.37200
-0.36821,-0.31545,0.12944,-0.30854,-0.23752,-0.17468,-0.32814,-0.25813,-0.23107,-0.59408,-0.19577,-0.45311,-0.37348
-0.52067,-0.39230,0.12545,-0.29532,-0.38179,-0.19515,-0.42019,-0.42531,-0.42605,-0.65723,-0.30723,-0.48599,-0.32871
-0.55622,-0.62012,0.14255,-0.40717,-0.68128,-0.63623,-0.58525,-0.70375,-0.59122,-0.94002,-0.58963,-0.58877,-0.47784
-0.77291,-0.85193,0.09920,-0.81916,-0.88295,-0.86325,-0.92977,-0.81995,-0.93592,-1.04166,-0.73710,-0.73713,-0.75243
-0.98102,-0.96781,0.14497,-0.92192,-0.98310,-1.00572,-1.23043,-0.96437,-0.92953,-1.17920,-0.81314,-0.77193,-0.87871
-1.17126,-1.05596,0.14523,-0.99024,-1.03995,-1.11623,-1.27673,-1.12685,-0.97238,-1.28308,-0.98837,-0.83396,-0.93177
-1.33597,-1.28963,0.13632,-1.22628,-1.40050,-1.30163,-1.38989,-1.39386,-1.20330,-1.52847,-1.12040,-1.22158,-1.11040
-1.46784,-1.40883,0.14363,-1.35142,-1.53389,-1.40079,-1.45170,-1.50119,-1.36774,-1.62360,-1.16390,-1.48997,-1.20413
-1.49635,-1.58684,0.13093,-1.52327,-1.74835,-1.65428,-1.50670,-1.67783,-1.63848,-1.69684,-1.34609,-1.65546,-1.42107
-1.63996,-1.58773,0.13335,-1.58256,-1.73303,-1.68378,-1.49842,-1.74826,-1.66299,-1.60871,-1.34944,-1.60344,-1.40664
-1.75220,-1.65612,0.17583,-1.72222,-1.80960,-1.73523,-1.46982,-1.88031,-1.78548,-1.69117,-1.42292,-1.68179,-1.36270
-1.83268,-1.71754,0.13998,-1.72392,-1.84448,-1.77453,-1.50881,-1.94021,-1.79161,-1.77211,-1.55077,-1.71734,-1.55164
-1.88112,-1.79038,0.15859,-1.75529,-1.87779,-1.88341,-1.55892,-2.11313,-1.91852,-1.70830,-1.70391,-1.71691,-1.66765
-1.79349,-1.86297,0.20467,-1.70732,-1.97707,-1.89469,-1.59423,-2.32680,-1.92474,-1.79652,-1.72214,-1.73690,-1.94928
-1.86076,-1.75838,0.17490,-1.84765,-1.72942,-1.77196,-1.51478,-2.09542,-1.87521,-1.72274,-1.50979,-1.66710,-1.84975
-1.89619,-1.73875,0.15509,-1.83637,-1.70665,-1.76792,-1.47097,-1.98458,-1.91569,-1.66431,-1.58573,-1.64887,-1.80641
-1.89973,-1.70938,0.12912,-1.69301,-1.70260,-1.76320,-1.47291,-1.85501,-1.89670,-1.58241,-1.77277,-1.59863,-1.75651
-1.87150,-1.67224,0.18436,-1.66994,-1.65139,-1.78665,-1.33937,-1.77155,-1.94556,-1.41938,-1.79211,-1.57654,-1.76992
-1.67074,-1.58402,0.18978,-1.56310,-1.43758,-1.70389,-1.30294,-1.59496,-1.89340,-1.33488,-1.80096,-1.56492,-1.64362
-1.66206,-1.44661,0.18018,-1.63904,-1.35353,-1.46095,-1.24079,-1.32026,-1.80553,-1.21214,-1.45063,-1.48457,-1.49868
-1.62196,-1.26889,0.21072,-1.55033,-1.27685,-1.33613,-1.06146,-1.00544,-1.65284,-1.06023,-1.25903,-1.16896,-1.31763
-1.55077,-1.19516,0.16352,-1.47867,-1.27059,-1.29327,-1.08472,-0.95691,-1.32615,-1.02421,-1.10848,-1.09963,-1.30901
-1.44898,-1.17351,0.13327,-1.36497,-1.20213,-1.35460,-1.04879,-1.01279,-1.16220,-0.98005,-1.13478,-1.21519,-1.25956
-1.31728,-1.16229,0.13908,-1.41329,-1.25201,-1.28991,-1.04942,-0.91266,-1.15366,-1.10526,-1.08080,-1.20397,-1.16187
-1.06029,-1.01126,0.10944,-1.10670,-1.16791,-0.99351,-0.99428,-0.91398,-1.16800,-0.93461,-0.86296,-0.91360,-1.05706
-0.95419,-0.90126,0.07872,-0.95292,-0.83855,-1.00347,-0.92572,-0.83045,-0.96048,-0.89107,-0.80710,-0.79985,-1.00296
-0.83289,-0.77522,0.09117,-0.92203,-0.75805,-0.87078,-0.73946,-0.67341,-0.76605,-0.85683,-0.65728,-0.68122,-0.82703
-0.69795,-0.62586,0.09094,-0.77708,-0.57222,-0.66082,-0.56483,-0.53528,-0.70183,-0.67965,-0.54029,-0.51522,-0.71139
-0.55139,-0.53188,0.10356,-0.65794,-0.40937,-0.46529,-0.46943,-0.53026,-0.63419,-0.51010,-0.43468,-0.48858,-0.71900
-0.39764,-0.30825,0.10868,-0.41769,-0.34406,-0.11250,-0.31596,-0.22992,-0.40120,-0.29427,-0.28617,-0.20404,-0.47664
-0.24261,-0.21767,0.07963,-0.34682,-0.23208,-0.09056,-0.14234,-0.16671,-0.28174,-0.16422,-0.27010,-0.19135,-0.29080
-0.08896,-0.13170,0.13111,-0.27485,-0.25434,0.04176,0.01313,-0.08372,-0.17878,0.06227,-0.22756,-0.15596,-0.25900
0.05836,-0.05613,0.15726,-0.23743,-0.16845,0.24005,0.10514,-0.12030,0.00972,0.09122,-0.17987,-0.15236,-0.14897
0.19457,0.16087,0.13718,0.01626,-0.07612,0.37441,0.25256,0.26561,0.14592,0.17635,0.24908,0.18048,0.02420
0.31372,0.27342,0.12127,0.04531,0.41008,0.31841,0.39870,0.33611,0.19322,0.40179,0.25436,0.22097,0.15526
0.41485,0.35072,0.11504,0.09673,0.44577,0.43158,0.46926,0.35632,0.24411,0.32435,0.39310,0.44402,0.30199
0.49395,0.52185,0.13193,0.18618,0.53853,0.60199,0.61363,0.51315,0.59668,0.58737,0.43064,0.62461,0.52573
0.54852,0.40896,0.14331,0.18868,0.44674,0.60232,0.49187,0.47795,0.23463,0.50436,0.45088,0.48156,0.21063
0.57528,0.57958,0.13146,0.25129,0.65421,0.70571,0.65355,0.51623,0.60655,0.63198,0.52210,0.67957,0.57466
0.57447,0.66202,0.11355,0.50697,0.73726,0.86106,0.66342,0.55007,0.70459,0.63266,0.51011,0.72761,0.72641
0.54636,0.59161,0.10231,0.49406,0.68015,0.66711,0.39305,0.54740,0.58347,0.64193,0.51860,0.70899,0.68136
0.49191,0.49260,0.09410,0.37930,0.57238,0.45803,0.38332,0.44457,0.57559,0.53756,0.45667,0.67318,0.44535
0.41403,0.34206,0.10714,0.40010,0.57270,0.32960,0.25206,0.32863,0.31813,0.37404,0.38022,0.30770,0.15745
0.31544,0.25272,0.10475,0.13240,0.49192,0.25615,0.18349,0.27666,0.24191,0.33013,0.24604,0.23970,0.12881
0.19758,0.18689,0.08916,0.22219,0.34608,0.25026,0.06622,0.26434,0.17882,0.12547,0.21702,0.08757,0.11089
0.06421,0.03917,0.09150,-0.03132,0.17516,0.12002,0.02749,-0.05189,0.12216,0.06881,0.08685,-0.11797,-0.00757
-0.07838,-0.09071,0.08128,-0.04663,0.02887,0.00711,-0.07117,-0.17556,-0.17772,-0.06967,-0.04643,-0.19880,-0.15711
-0.22630,-0.23236,0.09405,-0.13362,-0.12761,-0.17969,-0.30497,-0.21855,-0.37094,-0.16924,-0.16057,-0.28710,-0.37135
-0.37789,-0.36888,0.10261,-0.24523,-0.33046,-0.24333,-0.41031,-0.27655,-0.44515,-0.51229,-0.29237,-0.48494,-0.44817
-0.52837,-0.45439,0.08912,-0.29883,-0.41225,-0.40726,-0.50864,-0.44464,-0.47208,-0.59156,-0.35933,-0.55794,-0.49138
-0.67275,-0.69846,0.05414,-0.66999,-0.62710,-0.73445,-0.66243,-0.72556,-0.79660,-0.67040,-0.63297,-0.72502,-0.74010
-0.80628,-0.78063,0.06792,-0.75618,-0.77378,-0.85710,-0.73289,-0.78356,-0.90007,-0.68420,-0.69822,-0.79231,-0.82802
-0.92181,-0.91186,0.12078,-0.96434,-0.87142,-0.94103,-0.89106,-0.86698,-1.15361,-0.75690,-0.79959,-0.82002,-1.05369
-1.01842,-0.91021,0.09081,-0.90179,-0.92886,-0.94900,-0.91456,-0.84661,-1.07600,-0.78706,-0.82027,-0.84997,-1.02794
-1.09247,-0.94465,0.11815,-0.98349,-0.88787,-1.06912,-0.88330,-0.84182,-1.17696,-0.76629,-0.88814,-0.96257,-0.98693
-1.13955,-1.11886,0.14049,-1.33695,-1.10569,-1.17049,-1.04167,-0.92584,-1.27254,-0.92005,-1.07027,-1.09270,-1.25241
-1.15901,-1.13817,0.14159,-1.33345,-1.17822,-1.25309,-1.04836,-0.92721,-1.29598,-0.98049,-1.02429,-1.09919,-1.24142
-1.15131,-1.07164,0.12437,-1.17192,-1.02453,-1.31863,-1.00130,-0.89652,-1.12487,-0.93972,-1.01386,-1.07130,-1.15371
-1.11659,-1.09744,0.12981,-1.19163,-1.05254,-1.33812,-0.99070,-0.88341,-1.16127,-1.03760,-1.00357,-1.18854,-1.12702
-1.05632,-0.98512,0.11861,-1.00412,-1.00208,-1.16218,-0.86545,-0.94597,-1.11968,-0.92452,-0.78479,-0.93678,-1.10561
-0.97337,-0.89958,0.10970,-0.92096,-0.85336,-1.09817,-0.78100,-0.92228,-1.01148,-0.83749,-0.76251,-0.81349,-0.99509
-0.87056,-0.84971,0.10431,-0.94281,-0.70494,-0.89928,-0.76929,-0.89068,-0.93251,-0.87945,-0.68399,-0.80222,-0.99194
-0.74943,-0.69870,0.09538,-0.89536,-0.61783,-0.69846,-0.67221,-0.65475,-0.76051,-0.73705,-0.55853,-0.62875,-0.76352
-0.61385,-0.53946,0.07193,-0.61352,-0.44599,-0.59124,-0.50525,-0.46209,-0.59849,-0.56188,-0.53590,-0.44391,-0.63629
-0.47027,-0.40491,0.10010,-0.49561,-0.35463,-0.27303,-0.40864,-0.34269,-0.54953,-0.42434,-0.33902,-0.30593,-0.55565
-0.32272,-0.27448,0.10308,-0.38872,-0.24853,-0.07905,-0.24716,-0.21059,-0.31397,-0.33748,-0.28764,-0.19384,-0.43780
-0.17288,-0.20074,0.08346,-0.32962,-0.19383,-0.06712,-0.14778,-0.13616,-0.20225,-0.22544,-0.25011,-0.13611,-0.31895
-0.02826,-0.02791,0.06685,-0.09230,-0.04238,0.03625,0.04162,0.03953,-0.00900,0.03325,-0.13512,-0.04189,-0.10904
0.10664,0.19138,0.13015,0.02349,0.35394,0.35629,0.12646,0.28621,0.13351,0.32729,0.04929,0.19015,0.06715
0.22905,0.27813,0.11571,0.05339,0.36959,0.45638,0.27169,0.33318,0.15666,0.35190,0.28800,0.29994,0.20059
0.33534,0.34221,0.12930,0.12286,0.48450,0.47912,0.49368,0.29776,0.20909,0.36371,0.28488,0.43534,0.25117
0.42155,0.59225,0.11079,0.36598,0.60788,0.65409,0.60718,0.54426,0.62795,0.72671,0.46336,0.72096,0.60414
0.48360,0.39153,0.13646,0.19086,0.42886,0.45963,0.47622,0.38427,0.20624,0.54265,0.46032,0.54439,0.22183
0.51960,0.54895,0.13129,0.30798,0.70413,0.46481,0.59678,0.43436,0.57652,0.60268,0.48180,0.75393,0.56647
0.52903,0.69126,0.12530,0.52084,0.72637,0.63944,0.72187,0.55005,0.78836,0.69943,0.54938,0.82724,0.88963
0.51156,0.56161,0.15320,0.21308,0.62728,0.68172,0.46601,0.51212,0.56955,0.67083,0.47379,0.67941,0.72236
0.46797,0.51514,0.09951,0.45477,0.55198,0.53892,0.29738,0.49188,0.57627,0.60542,0.47609,0.66282,0.49583
0.40665,0.33791,0.10311,0.35089,0.49003,0.34440,0.27682,0.26577,0.25868,0.50629,0.35081,0.36448,0.17088
0.29341,0.26347,0.08904,0.25877,0.45518,0.34466,0.22408,0.23044,0.24330,0.27918,0.29088,0.15533,0.15286
0.16165,0.09674,0.05676,0.03489,0.17584,0.14276,0.08085,0.01986,0.16058,0.07119,0.12503,0.03120,0.12522
0.01600,-0.10768,0.09892,-0.01317,-0.05839,0.02500,-0.03584,-0.16498,-0.24980,-0.11323,-0.03096,-0.20507,-0.23041
-0.13918,-0.27801,0.11547,-0.16301,-0.25568,-0.15586,-0.25626,-0.22162,-0.40019,-0.34053,-0.16955,-0.30153,-0.51583
-0.30043,-0.41822,0.10666,-0.31496,-0.40636,-0.29704,-0.37991,-0.34312,-0.50575,-0.43715,-0.33186,-0.58104,-0.58497
-0.46177,-0.49929,0.10362,-0.31457,-0.47996,-0.47789,-0.49793,-0.57500,-0.60491,-0.51708,-0.33689,-0.59016,-0.59855
-0.61794,-0.63358,0.12380,-0.48473,-0.63969,-0.70450,-0.57277,-0.79240,-0.73278,-0.61138,-0.39084,-0.66600,-0.74073
-0.76533,-0.79807,0.13394,-0.68228,-0.73697,-0.95817,-0.66734,-0.83442,-1.02564,-0.71888,-0.65306,-0.76430,-0.93968
-0.89885,-0.87567,0.12311,-0.80037,-0.81986,-0.99642,-0.87615,-0.87570,-1.15311,-0.78597,-0.73517,-0.79544,-0.91853
-1.01228,-0.97056,0.09776,-0.99589,-0.95210,-0.97118,-0.92907,-0.88753,-1.21498,-0.91559,-0.93398,-0.87622,-1.02901
-1.10175,-0.99826,0.09091,-1.10838,-0.97510,-1.02939,-0.90359,-0.89282,-1.18154,-0.92049,-1.00848,-0.96796,-0.99487
-1.16447,-1.08425,0.13786,-1.25605,-1.09144,-1.15306,-0.98857,-0.90489,-1.30782,-0.87844,-1.11422,-1.04263,-1.10537
-1.19899,-1.11208,0.12071,-1.25048,-1.16201,-1.23469,-1.02866,-0.94157,-1.23462,-0.92913,-1.05533,-1.09262,-1.19165
-1.20380,-1.22701,0.15023,-1.44823,-1.34873,-1.37284,-1.05665,-1.06521,-1.25307,-0.99421,-1.23009,-1.19182,-1.30926
-1.17906,-1.20280,0.13703,-1.37199,-1.31856,-1.36744,-1.10896,-1.01888,-1.11562,-1.02695,-1.14565,-1.22980,-1.32411
-1.12590,-1.06314,0.12286,-1.20704,-1.16834,-1.22230,-0.95597,-0.88389,-1.15963,-0.97064,-0.93287,-1.07723,-1.05345
-1.04627,-0.98571,0.09473,-1.09691,-1.10115,-1.02582,-0.94371,-0.92265,-1.04506,-1.05815,-0.84342,-0.84979,-0.97044
-0.94351,-0.98102,0.12162,-1.02113,-1.06520,-0.92292,-1.00202,-0.99018,-0.99135,-1.23257,-0.86011,-0.77763,-0.94709
-0.82109,-0.83432,0.09186,-0.93858,-0.82588,-0.72558,-0.85455,-0.88018,-0.83695,-0.98557,-0.73964,-0.69908,-0.85719
-0.68186,-0.66283,0.09529,-0.83840,-0.52465,-0.64223,-0.62598,-0.61636,-0.63951,-0.74171,-0.60970,-0.60484,-0.78496
-0.52997,-0.54166,0.12063,-0.73573,-0.38256,-0.53635,-0.51307,-0.58780,-0.53190,-0.65194,-0.44085,-0.37415,-0.66224
-0.37007,-0.24170,0.09756,-0.43054,-0.17529,-0.08491,-0.32912,-0.24207,-0.28702,-0.24105,-0.27535,-0.20329,-0.14840
-0.20809,-0.14203,0.11471,-0.34468,-0.15272,-0.05503,-0.25877,-0.04057,-0.15475,0.00410,-0.23349,-0.16598,-0.01839
-0.04906,-0.05676,0.12108,-0.22448,-0.12834,-0.01292,-0.09222,-0.02117,0.04378,0.18185,-0.20616,-0.10328,-0.00460
0.10219,0.11170,0.14231,-0.13589,0.11736,0.30618,0.29839,0.10481,0.11804,0.22038,-0.05736,0.02402,0.12103
0.24179,0.23762,0.10558,0.03690,0.35182,0.33865,0.34521,0.20502,0.17909,0.34877,0.22317,0.17546,0.17214
0.36354,0.25702,0.13211,-0.00151,0.09493,0.36781,0.36261,0.42480,0.18265,0.31939,0.29509,0.28937,0.23505
0.46297,0.32666,0.14012,0.02911,0.42620,0.44060,0.47504,0.30962,0.16392,0.42537,0.36273,0.36828,0.26573
0.53844,0.43125,0.12095,0.16341,0.51779,0.50689,0.44831,0.40708,0.41597,0.37861,0.42234,0.63735,0.41471
0.58721,0.39829,0.15511,0.18371,0.44180,0.43876,0.56009,0.36083,0.19792,0.49306,0.47099,0.62304,0.21270
0.60612,0.62734,0.13034,0.34938,0.65524,0.74958,0.70944,0.49936,0.68559,0.62403,0.53113,0.75742,0.71220
0.59484,0.68856,0.13822,0.47255,0.68921,0.89149,0.72482,0.53267,0.70127,0.67563,0.54728,0.84479,0.80594
0.55435,0.43326,0.13526,0.19323,0.52421,0.39415,0.38148,0.37896,0.31975,0.47055,0.45966,0.69871,0.51188
0.48656,0.33528,0.13670,0.09808,0.39779,0.32075,0.25782,0.29505,0.32192,0.37244,0.43622,0.61592,0.23687
0.39409,0.26142,0.09090,0.32481,0.27319,0.29297,0.15284,0.16919,0.26654,0.25305,0.28272,0.45021,0.14864
0.28010,0.23152,0.11488,0.06477,0.24848,0.28378,0.17760,0.16270,0.20897,0.30729,0.25223,0.48208,0.12734
0.14678,0.09567,0.06167,-0.02046,0.10343,0.18934,0.06671,0.06983,0.12903,0.16219,0.07960,0.13598,0.04108
-0.00052,-0.03618,0.09788,-0.03880,0.19349,0.02143,-0.04956,-0.11683,-0.09914,0.02132,-0.06536,-0.15407,-0.07432
-0.15656,-0.22594,0.08109,-0.13990,-0.18252,-0.21066,-0.21610,-0.19401,-0.27592,-0.11892,-0.21909,-0.31116,-0.39110
-0.31905,-0.41457,0.11223,-0.26648,-0.48853,-0.54983,-0.32342,-0.36045,-0.48594,-0.34090,-0.27660,-0.49774,-0.55583
-0.48368,-0.51372,0.11097,-0.32573,-0.61795,-0.62775,-0.47121,-0.61548,-0.55258,-0.48054,-0.33265,-0.54303,-0.57029
-0.64251,-0.68798,0.07349,-0.60420,-0.80021,-0.66498,-0.58579,-0.76426,-0.65657,-0.62721,-0.76993,-0.69038,-0.71630
-0.78992,-0.83873,0.04513,-0.76932,-0.84719,-0.87573,-0.77998,-0.84780,-0.84486,-0.82612,-0.86678,-0.80905,-0.92044
-0.92354,-0.92874,0.06055,-0.93248,-0.84515,-0.93996,-0.98162,-0.82824,-0.97501,-0.92250,-0.89331,-0.94391,-1.02519
-1.03876,-1.10295,0.24211,-1.45210,-0.95941,-1.04525,-0.91978,-0.88695,-1.58196,-1.01539,-1.03120,-0.90004,-1.23744
-1.12883,-1.02137,0.29567,-1.49506,-1.27231,-1.13989,-0.54917,-1.01010,-1.35465,-0.89332,-0.95111,-0.71278,-0.83527
-1.19047,-0.73277,0.23626,-0.86472,-0.86259,-0.90976,-0.57813,-0.90497,-1.13085,-0.57668,-0.34123,-0.58280,-0.57601
-1.22231,-0.90933,0.22945,-0.55923,-1.11241,-1.02512,-0.73801,-1.30578,-1.10017,-0.88561,-0.84278,-0.64959,-0.87456
-1.22408,-1.90586,0.23481,-1.98252,-1.84065,-1.91187,-1.58783,-1.70830,-1.88872,-1.89336,-2.43689,-1.72611,-2.08232
-1.19610,-1.42517,0.21574,-1.64443,-1.70952,-1.42073,-1.15602,-1.17175,-1.41403,-1.20162,-1.41030,-1.38037,-1.74289
-1.04917,-1.29471,0.16278,-1.47736,-1.38756,-1.40545,-1.20825,-1.06149,-1.13764,-1.13481,-1.20630,-1.40539,-1.52288
-1.06882,-1.31266,0.17212,-1.43966,-1.69036,-1.42689,-1.12507,-1.16193,-1.24494,-1.21358,-1.16640,-1.31191,-1.34582
-1.07500,-1.08350,0.09968,-1.09157,-1.14797,-1.21152,-1.05221,-1.04769,-1.21243,-1.07090,-0.88709,-0.98689,-1.12673
-1.05442,-1.09469,0.12058,-1.13497,-1.11773,-1.07602,-1.03287,-1.02708,-1.16323,-1.31767,-0.97533,-0.89693,-1.20506
-0.87995,-0.81633,0.10097,-0.96831,-0.78053,-0.89416,-0.78946,-0.73540,-0.84554,-0.87182,-0.65806,-0.69823,-0.92179
-0.70681,-0.66787,0.12634,-0.84953,-0.58257,-0.69519,-0.58234,-0.56414,-0.78264,-0.49579,-0.61722,-0.64473,-0.86452
-0.52639,-0.38594,0.09790,-0.56586,-0.37840,-0.35801,-0.39828,-0.27528,-0.41883,-0.33194,-0.29468,-0.30479,-0.53337
-0.33811,-0.36227,0.11904,-0.52350,-0.43060,-0.31155,-0.38392,-0.21415,-0.36760,-0.18495,-0.26721,-0.40508,-0.53414
-0.14666,-0.13828,0.09693,-0.28951,-0.24416,-0.09508,-0.08773,-0.07869,-0.10510,0.04938,-0.20991,-0.15809,-0.16392
0.04187,0.18742,0.10961,0.04392,0.19479,0.19231,0.20907,0.23892,0.19840,0.43177,0.20136,0.05006,0.11357
0.22107,0.25625,0.10172,0.13704,0.39760,0.28519,0.26941,0.32203,0.13939,0.38133,0.30893,0.20130,0.12024
0.38135,0.52249,0.07765,0.35087,0.62762,0.51805,0.55502,0.46749,0.57836,0.56365,0.53733,0.56038,0.46611
0.51793,0.59372,0.13479,0.34584,0.60006,0.70867,0.86245,0.49434,0.58230,0.58920,0.52325,0.63368,0.59739
0.62659,0.75170,0.14141,0.49176,0.71569,0.81143,0.97937,0.80051,0.78746,0.76315,0.54192,0.79839,0.82730
0.70603,0.76682,0.15102,0.46511,0.75431,0.91645,0.92334,0.72064,0.83661,0.87375,0.55628,0.79413,0.82757
0.75112,0.63091,0.12813,0.38876,0.67655,0.87308,0.61400,0.54003,0.69105,0.68139,0.52729,0.68515,0.63178
0.76130,0.64317,0.11671,0.40483,0.71088,0.80417,0.73589,0.51631,0.66007,0.67325,0.56486,0.66572,0.69569
0.73759,0.70628,0.11933,0.54760,0.76911,0.82592,0.80516,0.54050,0.70433,0.70858,0.54615,0.78305,0.83244
0.68127,0.68521,0.12213,0.59345,0.74436,0.82474,0.71879,0.51839,0.62109,0.66506,0.51881,0.78296,0.86446
0.59398,0.53799,0.10096,0.58807,0.66514,0.46983,0.46677,0.39842,0.47476,0.68568,0.48287,0.65289,0.49545
0.48054,0.34703,0.13251,0.35143,0.61972,0.31626,0.30175,0.31649,0.22659,0.40111,0.39827,0.42356,0.11508
0.34483,0.24353,0.07845,0.25942,0.39154,0.28634,0.12313,0.26814,0.20181,0.28826,0.27941,0.16389,0.17334
0.19105,0.09950,0.07943,-0.00733,0.26298,0.13764,0.04622,0.09288,0.13416,0.05190,0.17076,0.02623,0.07960
0.02133,-0.05861,0.06762,-0.02560,0.01833,0.03227,-0.08293,-0.15297,-0.05335,-0.04391,-0.03721,-0.18385,-0.05693
-0.15909,-0.20778,0.06142,-0.08425,-0.24285,-0.17980,-0.24253,-0.22341,-0.25208,-0.21192,-0.12154,-0.27412,-0.24528
-0.34179,-0.37551,0.10022,-0.30088,-0.35330,-0.23701,-0.45168,-0.31134,-0.43021,-0.56893,-0.27892,-0.44961,-0.37326
-0.52174,-0.56841,0.08752,-0.39671,-0.55171,-0.59851,-0.56635,-0.67990,-0.58349,-0.64839,-0.44317,-0.62209,-0.59377
-0.69698,-0.69150,0.09635,-0.52480,-0.58390,-0.84015,-0.71455,-0.75238,-0.78543,-0.72600,-0.64453,-0.72085,-0.62246
-0.85981,-0.86953,0.07752,-0.88515,-0.80000,-0.95157,-0.96618,-0.84307,-0.99465,-0.82515,-0.84744,-0.82104,-0.76105
-1.00256,-1.01232,0.09629,-1.02787,-0.95543,-1.05854,-1.04605,-0.92572,-1.24823,-0.94765,-0.99288,-0.91804,-1.00281
-1.12417,-1.11662,0.15866,-1.08422,-1.11437,-1.07463,-1.11558,-1.00995,-1.55323,-1.04115,-1.02949,-1.02476,-1.11884
-1.21965,-1.13706,0.13343,-1.23051,-1.15534,-1.07312,-1.11970,-0.98979,-1.45514,-1.05197,-1.03570,-1.18572,-1.07355
-1.28432,-1.20480,0.15242,-1.28955,-1.25260,-1.17652,-1.13812,-0.98863,-1.56144,-1.09230,-1.18560,-1.23791,-1.12531
-1.31565,-1.16250,0.13032,-1.29077,-1.23480,-1.30748,-1.09835,-0.96979,-1.31623,-0.95988,-1.19562,-1.14099,-1.11107
-1.31396,-1.26389,0.15150,-1.39631,-1.28584,-1.36888,-1.12894,-1.03217,-1.43898,-1.06925,-1.20516,-1.26607,-1.44728
-1.28011,-1.20195,0.15227,-1.26635,-1.16232,-1.42063,-1.11248,-0.97676,-1.23830,-0.98430,-1.19881,-1.41651,-1.24306
-1.21536,-1.09920,0.11562,-1.09313,-1.01301,-1.29788,-0.99899,-0.98253,-1.17840,-0.99071,-1.02748,-1.25061,-1.15923
-1.12329,-1.00962,0.09668,-1.01848,-0.90184,-1.16562,-0.98893,-1.00524,-1.15553,-0.96363,-0.85479,-1.02253,-1.01958
-1.00723,-0.90937,0.10742,-0.99561,-0.77300,-0.89212,-0.86648,-0.96962,-1.07418,-0.89103,-0.72418,-0.89759,-1.00993
-0.86897,-0.69610,0.09399,-0.75963,-0.55118,-0.62813,-0.69425,-0.63976,-0.78888,-0.83097,-0.58172,-0.70898,-0.77745
-0.71299,-0.60087,0.09398,-0.71796,-0.48031,-0.57687,-0.54494,-0.45350,-0.69083,-0.61994,-0.58204,-0.61150,-0.73086
-0.54515,-0.44022,0.13248,-0.55509,-0.32741,-0.23578,-0.47189,-0.23802,-0.58596,-0.45210,-0.43742,-0.50926,-0.58924
-0.37035,-0.23516,0.10037,-0.32960,-0.14809,-0.08104,-0.27392,-0.16393,-0.37151,-0.36056,-0.27080,-0.20129,-0.15089
-0.19221,-0.12791,0.07490,-0.18522,-0.11205,-0.00822,-0.11500,-0.17545,-0.09978,-0.21035,-0.20165,-0.16816,-0.00317
-0.01593,-0.03345,0.09972,-0.04449,-0.00170,0.15715,0.01716,-0.08739,-0.00995,-0.13097,-0.16891,-0.12797,0.06261
0.15279,0.24450,0.12995,0.04846,0.39204,0.30400,0.12575,0.31088,0.43983,0.08714,0.25622,0.29798,0.18273
0.30690,0.32093,0.12311,0.27067,0.40876,0.40543,0.26950,0.35873,0.49668,0.07015,0.30867,0.41234,0.20838
0.44248,0.19900,0.12473,0.20005,-0.01930,0.33938,0.36975,0.17519,0.19238,0.01787,0.29804,0.20126,0.21541
0.55486,0.33000,0.15506,0.43171,0.43779,0.45059,0.14704,0.01695,0.37007,0.27393,0.31773,0.31603,0.53813
0.63871,1.00219,0.44877,0.75671,0.96103,0.78183,1.59799,0.39432,0.73957,1.81039,0.59384,1.28184,1.10437
0.69146,0.92185,0.26696,0.74833,0.91441,0.91031,1.39559,0.55323,0.97808,0.85115,0.55910,1.19390,1.11438
0.71234,1.03033,0.25276,1.00575,1.28417,1.12904,1.44704,0.72393,1.06836,0.82432,0.60917,1.10027,1.11121
0.70081,0.94751,0.21410,1.25594,1.17545,1.15694,0.94625,0.57193,0.72036,0.85151,0.82173,1.00620,0.96875
0.65744,0.77696,0.21648,0.77263,0.99628,0.91438,0.79682,0.58907,0.61317,0.69415,0.44681,1.19608,0.75016
0.63836,0.51775,0.29205,0.55615,0.42248,1.00564,0.62481,0.44177,0.18842,0.49594,0.28625,0.98549,0.17058
0.42745,0.17915,0.26763,0.01797,0.11324,0.38027,0.09560,0.04711,0.06058,0.03844,0.14794,0.87708,0.01326
0.19482,-0.01770,0.14390,0.01029,0.09312,0.30162,0.01934,-0.16836,-0.11343,-0.14149,0.03649,-0.06368,-0.15087
-0.05055,-0.18678,0.22084,-0.30408,-0.32252,0.29278,-0.06235,-0.24990,0.03009,-0.32296,-0.14537,-0.33712,-0.44640
-0.12241,-0.09205,0.32369,-0.22504,-0.40646,0.56696,-0.10776,-0.51794,0.23550,-0.19461,-0.11559,-0.29192,0.13638
-0.46503,-0.77251,0.14484,-0.71931,-0.87660,-0.90799,-0.71630,-0.77321,-0.68573,-0.81735,-0.43585,-0.90104,-0.89175
-0.80676,-1.06787,0.19455,-1.06469,-1.21668,-1.19640,-1.19420,-0.87749,-0.97966,-1.28559,-0.76628,-0.82204,-1.27568
-1.13689,-1.23221,0.11789,-1.12895,-1.40687,-1.31265,-1.24821,-1.18290,-1.25769,-1.36614,-1.04717,-1.09190,-1.27960
-1.44587,-1.38549,0.20552,-1.28828,-1.87339,-1.28902,-1.31463,-1.18605,-1.45996,-1.45420,-1.25610,-1.52606,-1.20720
-1.72719,-1.66742,0.31834,-1.47943,-2.30286,-1.90054,-1.77951,-1.34683,-1.87281,-1.62594,-1.39664,-1.72909,-1.24057
-1.97719,-1.94721,0.38155,-1.99294,-2.78130,-2.30371,-1.97526,-1.57154,-2.00871,-1.83916,-1.72569,-1.84463,-1.42915
-1.99383,-2.17610,0.40971,-2.23726,-3.08354,-2.45269,-2.45710,-1.89245,-2.10334,-1.81800,-2.14332,-1.85639,-1.71691
-2.28412,-2.28837,0.51660,-2.09334,-3.52157,-2.60901,-2.45866,-1.80150,-2.20738,-1.99704,-2.45500,-1.81961,-1.92058
-2.54959,-2.45294,0.51394,-1.94610,-3.71423,-2.72438,-2.51208,-2.12502,-2.33753,-2.04835,-2.68415,-2.17076,-2.26682
-2.78890,-2.62335,0.40428,-2.01553,-3.44938,-2.90880,-2.81396,-2.61939,-2.42802,-2.15116,-2.71959,-2.67313,-2.45452
-3.00091,-2.79977,0.34232,-2.33494,-3.15849,-3.24447,-3.13243,-3.04657,-2.62701,-2.33139,-2.68708,-2.89820,-2.53712
-3.18459,-2.87803,0.36236,-2.43219,-3.12518,-3.53983,-3.19053,-2.99977,-2.66553,-2.43955,-2.74190,-3.05679,-2.58907
-3.33910,-3.06994,0.32101,-2.82810,-3.23030,-3.74277,-3.28548,-3.03389,-2.96725,-2.62012,-2.86065,-3.27285,-2.85796
-3.22013,-3.21724,0.42500,-2.59083,-3.84046,-3.88233,-3.42508,-3.10103,-3.25491,-2.79655,-2.91252,-3.37455,-2.99411
-3.42271,-3.36534,0.51491,-2.87746,-4.13383,-4.14270,-3.60163,-3.35344,-3.42722,-2.76497,-2.91653,-3.59738,-2.83828
-3.59699,-3.32746,0.47882,-2.70503,-3.96845,-3.89152,-3.59172,-3.56329,-3.34204,-2.90728,-2.85180,-3.67297,-2.78052
-3.74218,-3.39144,0.48648,-2.82489,-3.86097,-4.06355,-3.62164,-3.89188,-3.45136,-3.14005,-2.66728,-3.48462,-2.90821
-3.85760,-3.65270,0.44649,-3.09377,-4.05605,-4.12072,-3.96851,-4.27202,-3.56248,-3.40466,-3.11741,-3.77446,-3.15699
-3.94280,-3.63833,0.45994,-2.91852,-4.16917,-4.24457,-3.99215,-4.01213,-3.46678,-3.46687,-3.22479,-3.73244,-3.15583
-3.99740,-3.74314,0.47775,-3.02622,-4.48998,-4.21861,-4.01168,-4.14152,-3.64052,-3.70580,-3.34681,-3.70285,-3.14740
-3.74116,-3.89556,0.37559,-3.43668,-4.44202,-4.42751,-3.89162,-4.11602,-3.80743,-3.86732,-3.79633,-3.91540,-3.25522
-3.84810,-3.56273,0.30554,-3.10675,-3.56402,-4.14560,-3.88254,-3.49312,-3.60378,-3.42351,-3.47653,-3.72848,-3.20296
-3.92498,-3.63094,0.31043,-3.51304,-3.71713,-4.40130,-3.69815,-3.65144,-3.46175,-3.31584,-3.71728,-3.51789,-3.31564
-3.97149,-3.60250,0.40051,-3.40379,-3.23373,-4.50397,-3.99760,-3.50722,-3.87149,-3.31227,-3.32270,-3.42788,-3.44440
-3.98750,-3.52031,0.37731,-3.49112,-3.28826,-4.40409,-3.63557,-3.23554,-3.86682,-3.23214,-3.22575,-3.27459,-3.54921
-3.97304,-3.58464,0.44784,-3.14397,-3.55304,-4.49793,-3.81513,-3.90631,-3.82395,-3.08372,-3.09594,-3.31719,-3.60921
-3.92825,-3.61138,0.52852,-3.15144,-3.96131,-4.80016,-3.69815,-3.69436,-3.85874,-3.00959,-3.20340,-3.21923,-3.51742
-3.85352,-3.54545,0.49448,-3.30642,-4.05074,-4.65323,-3.31803,-3.64487,-3.67536,-2.93865,-3.39148,-3.21159,-3.26415
-3.55534,-3.42145,0.50537,-3.23505,-3.86736,-4.58793,-3.03218,-3.49010,-3.64055,-2.96612,-3.29666,-3.04160,-3.05692
-3.53392,-3.26986,0.40563,-3.14696,-3.65194,-4.08780,-2.97256,-3.50118,-3.34066,-3.09246,-3.33251,-2.76814,-2.80436
-3.48249,-3.26185,0.47906,-3.38421,-3.66374,-3.70505,-2.81334,-3.93251,-3.28087,-2.76359,-3.65518,-2.83086,-2.58915
-3.40141,-3.10582,0.41626,-3.34552,-3.12982,-3.44532,-2.79384,-3.84117,-2.89850,-2.72024,-3.53399,-2.70415,-2.64563
-3.29118,-2.88743,0.35321,-2.92479,-2.79722,-3.32388,-2.75159,-3.42268,-2.41958,-2.73142,-3.32845,-2.58943,-2.58528
-3.15246,-2.76910,0.38092,-2.62919,-2.89843,-3.33778,-2.57537,-3.32385,-2.27854,-2.61880,-3.12950,-2.49353,-2.40598
-2.98600,-2.58982,0.35844,-2.63329,-2.70316,-3.35275,-2.27003,-2.78657,-2.24084,-2.35909,-2.87940,-2.21141,-2.46165
-2.58428,-2.29263,0.31780,-2.39996,-2.15255,-2.77541,-1.73647,-2.50464,-2.33932,-2.03392,-2.68205,-2.02927,-2.27275
-2.46856,-2.28296,0.28200,-2.31385,-1.99945,-2.71834,-1.96651,-2.28332,-2.41773,-1.94982,-2.73021,-2.15861,-2.29174
-2.32467,-2.04370,0.26381,-2.44542,-1.76357,-2.41664,-1.69147,-1.92278,-2.06445,-1.96861,-2.30469,-1.86427,-1.99505
-2.15341,-1.59015,0.12171,-1.65671,-1.62319,-1.80211,-1.37519,-1.51990,-1.59057,-1.44705,-1.68899,-1.57311,-1.62467
-1.95574,-1.34300,0.08692,-1.37851,-1.28249,-1.52736,-1.19531,-1.30318,-1.34279,-1.30045,-1.32991,-1.39433,-1.37571
-1.73269,-1.19183,0.10333,-1.07883,-1.12867,-1.34413,-1.15633,-1.27175,-1.26505,-1.32581,-1.04351,-1.15542,-1.14880
-1.48544,-1.07799,0.12445,-1.02058,-0.92474,-1.32790,-1.06719,-1.24664,-1.04875,-1.07645,-0.94454,-1.02694,-1.09618
-1.01517,-0.78684,0.12457,-0.87044,-0.63086,-1.02076,-0.74616,-0.91631,-0.70264,-0.86606,-0.69577,-0.68106,-0.73839
-0.82088,-0.33770,0.10711,-0.31936,-0.21976,-0.33596,-0.34864,-0.36160,-0.40965,-0.52933,-0.44090,-0.18316,-0.22865
-0.61589,-0.05615,0.12467,-0.16971,0.10663,0.03268,-0.07555,0.06383,-0.08490,-0.22475,-0.24668,-0.00532,0.04226
-0.40534,0.15703,0.12408,0.08282,0.26895,0.30039,0.16643,0.21107,0.18076,0.18120,-0.15215,0.15866,0.17220
-0.19391,0.22987,0.09997,0.05054,0.35709,0.31433,0.26871,0.35400,0.19694,0.22732,0.11491,0.24085,0.17395
0.01497,0.25198,0.10957,0.01812,0.26936,0.31852,0.31849,0.32326,0.20778,0.42081,0.22121,0.25797,0.16425
0.21499,0.23047,0.12750,0.02650,0.21258,0.31779,0.41894,0.34315,0.12712,0.35283,0.24954,0.10004,0.15623
0.46398,0.31102,0.16010,0.10728,0.44144,0.38517,0.51866,0.38521,0.16758,0.52511,0.27365,0.14030,0.16576
0.51330,0.32521,0.13058,0.10899,0.37972,0.35643,0.55435,0.36751,0.20616,0.34616,0.29874,0.44553,0.18855
0.53553,0.44494,0.14074,0.33270,0.64468,0.38773,0.60276,0.48070,0.28769,0.57799,0.37266,0.52359,0.23886
0.53280,0.38023,0.17722,0.16989,0.57903,0.41876,0.64121,0.40331,0.21963,0.42507,0.32210,0.52160,0.10167
0.50558,0.37923,0.11521,0.37940,0.55461,0.40605,0.41966,0.33990,0.23868,0.44857,0.31827,0.50787,0.17929
0.45521,0.35034,0.12869,0.30247,0.49348,0.41458,0.35568,0.19913,0.21892,0.39202,0.37546,0.57372,0.17798
0.38306,0.24343,0.12426,0.13661,0.42330,0.29628,0.19824,0.10697,0.20166,0.21753,0.32691,0.43886,0.08798
0.29155,0.24399,0.11721,0.10632,0.47184,0.32202,0.11414,0.20146,0.18545,0.28504,0.26936,0.34763,0.13661
0.18437,0.09237,0.07618,0.01728,0.10412,0.18369,0.05445,0.07271,0.08799,-0.05502,0.19100,0.16020,0.10725
0.06447,-0.00648,0.08446,0.03898,0.04773,0.11450,0.02191,-0.08799,-0.16165,-0.10119,0.05327,-0.00610,0.01570
-0.06586,-0.06864,0.12162,0.06341,0.05877,0.07839,-0.08084,-0.18135,-0.26142,-0.16546,0.04155,-0.14302,-0.09646
-0.20267,-0.22949,0.09695,-0.09262,-0.18735,-0.12756,-0.29324,-0.23553,-0.34202,-0.34227,-0.11960,-0.21593,-0.33880
-0.34077,-0.38532,0.10049,-0.32364,-0.29692,-0.26361,-0.41539,-0.34885,-0.52729,-0.50226,-0.33641,-0.31066,-0.52820
-0.47654,-0.48477,0.11946,-0.30807,-0.37281,-0.40661,-0.52645,-0.44085,-0.58797,-0.63291,-0.36554,-0.60584,-0.60069
-0.60741,-0.61158,0.08885,-0.43136,-0.59167,-0.70034,-0.57991,-0.63860,-0.68759,-0.66825,-0.49208,-0.66079,-0.66519
-0.72893,-0.70022,0.07124,-0.56663,-0.65632,-0.82370,-0.66883,-0.69227,-0.75704,-0.71200,-0.65001,-0.71641,-0.75901
-0.83585,-0.84498,0.10446,-0.85043,-0.77665,-1.01921,-0.73543,-0.79422,-0.96169,-0.78895,-0.74149,-0.79893,-0.98278
-0.92532,-0.93798,0.09771,-0.95142,-0.91641,-1.07281,-0.95850,-0.85986,-1.05876,-0.84105,-0.83495,-0.82917,-1.05688
-0.99645,-1.00154,0.11774,-0.95524,-0.95387,-1.15581,-1.04065,-0.92408,-1.16078,-0.93950,-0.88828,-0.84534,-1.15185
-1.04633,-1.04911,0.12992,-1.00155,-1.06582,-1.28801,-1.03127,-0.89049,-1.19977,-1.00493,-1.00527,-0.86817,-1.13578
-1.07210,-1.07381,0.13680,-1.01800,-1.18583,-1.33940,-0.96040,-0.94440,-1.16602,-1.03848,-1.04770,-0.88444,-1.15339
-1.07371,-1.06897,0.08662,-1.07916,-1.14552,-1.25286,-1.09405,-0.99866,-1.05505,-1.00297,-1.03729,-0.94087,-1.08325
-1.05170,-1.01486,0.10975,-0.85047,-1.07968,-1.21963,-1.01274,-0.88391,-1.07852,-1.05214,-0.96994,-0.92917,-1.07235
-1.00668,-0.91960,0.09621,-0.81912,-0.92822,-1.05051,-0.94936,-0.93859,-0.91603,-1.01969,-0.78038,-0.78678,-1.00735
-0.94091,-0.92567,0.10656,-0.89881,-0.87231,-1.10308,-0.90633,-0.96859,-0.97102,-1.03943,-0.76209,-0.77693,-0.95809
-0.85665,-0.82127,0.08596,-0.89214,-0.68839,-0.88851,-0.88545,-0.78867,-0.88231,-0.91269,-0.72706,-0.70802,-0.83942
-0.75655,-0.73644,0.10692,-0.83481,-0.58819,-0.85516,-0.71947,-0.70769,-0.72605,-0.92287,-0.65617,-0.61516,-0.73881
-0.64201,-0.57972,0.09138,-0.60608,-0.47099,-0.51669,-0.55077,-0.63470,-0.62314,-0.73627,-0.58043,-0.42700,-0.65108
-0.51659,-0.36184,0.11014,-0.33076,-0.16403,-0.39451,-0.32734,-0.43182,-0.38638,-0.46447,-0.46066,-0.18976,-0.46868
-0.38618,-0.31293,0.07130,-0.38218,-0.27137,-0.36799,-0.30660,-0.26212,-0.36692,-0.41527,-0.29025,-0.17415,-0.29242
-0.25218,-0.16307,0.06909,-0.24959,-0.07752,-0.09201,-0.24062,-0.21770,-0.19836,-0.11926,-0.22281,-0.08460,-0.12823
-0.11854,-0.09073,0.09904,-0.26246,-0.05188,-0.04243,-0.10349,-0.18167,0.00497,-0.11303,-0.16718,-0.07476,0.08463
0.00795,0.11579,0.10137,-0.07795,0.03109,0.21309,0.11654,0.25823,0.13976,0.05789,0.05799,0.21483,0.14641
0.12375,0.21848,0.08500,0.01952,0.26353,0.28109,0.26543,0.31879,0.21153,0.23663,0.16630,0.25571,0.16621
0.22540,0.17667,0.08824,0.01203,0.24442,0.28024,0.22290,0.28441,0.12813,0.22351,0.12268,0.10252,0.14583
0.31155,0.29279,0.10221,0.10585,0.42490,0.34158,0.31912,0.35207,0.20883,0.32292,0.29586,0.39381,0.16293
0.37875,0.35775,0.12323,0.20502,0.49624,0.35009,0.34899,0.42503,0.25740,0.32947,0.37512,0.58940,0.20070
0.42305,0.41572,0.13807,0.25566,0.56768,0.46496,0.34283,0.48112,0.27332,0.47659,0.40001,0.65315,0.24184
0.44375,0.44336,0.11861,0.41948,0.63040,0.49221,0.36967,0.45772,0.30270,0.45814,0.42764,0.61490,0.26072
0.44109,0.38402,0.11629,0.35126,0.51562,0.39348,0.25365,0.43538,0.28401,0.38830,0.39229,0.60261,0.22366
0.41497,0.32489,0.10960,0.19837,0.49700,0.31358,0.25075,0.38163,0.25393,0.30326,0.31827,0.51556,0.21654
0.36668,0.26421,0.12381,0.13521,0.38562,0.29279,0.14254,0.30368,0.22327,0.15884,0.30181,0.52350,0.17484
0.29723,0.17554,0.10060,-0.00573,0.26552,0.29828,0.13719,0.15066,0.18443,0.05940,0.27997,0.25565,0.12999
0.20888,0.12034,0.08781,-0.01982,0.20641,0.23760,0.06605,0.10255,0.15113,0.07265,0.24905,0.07995,0.05783
0.10443,0.02835,0.08210,-0.02143,0.00001,0.07345,-0.01016,0.03792,0.05989,-0.09719,0.21148,-0.02465,0.05422
-0.01117,-0.05597,0.07397,0.00588,-0.05719,0.03624,-0.03072,-0.14193,-0.08107,-0.14924,0.05247,-0.14405,-0.05007
-0.13461,-0.18418,0.05646,-0.10238,-0.14284,-0.18752,-0.22679,-0.20690,-0.28634,-0.19268,-0.10169,-0.18538,-0.20930
-0.26439,-0.30570,0.08038,-0.21251,-0.25887,-0.27154,-0.36493,-0.25501,-0.41931,-0.41321,-0.21188,-0.27000,-0.37972
-0.39641,-0.34903,0.09697,-0.17474,-0.29747,-0.35953,-0.38561,-0.34415,-0.45406,-0.50213,-0.22861,-0.37851,-0.36548
-0.52399,-0.47798,0.10192,-0.31019,-0.41144,-0.51274,-0.50252,-0.47651,-0.53573,-0.67681,-0.35453,-0.49507,-0.50421
-0.64345,-0.54842,0.11853,-0.32069,-0.61269,-0.53620,-0.51880,-0.65192,-0.63651,-0.68658,-0.38482,-0.61459,-0.52143
-0.75332,-0.71861,0.06707,-0.64640,-0.70938,-0.76048,-0.70965,-0.79392,-0.81215,-0.77814,-0.61453,-0.70963,-0.65177
-0.78914,-0.85414,0.06992,-0.80387,-0.86533,-0.95290,-0.83752,-0.83609,-0.94196,-0.91994,-0.74700,-0.76885,-0.86798
-0.94202,-0.96568,0.10721,-0.90001,-0.96749,-1.05551,-0.91136,-0.92306,-1.20614,-0.96605,-0.88403,-0.82692,-1.01627
-1.07498,-0.92822,0.09533,-0.85195,-0.90469,-1.06134,-0.95321,-0.86663,-1.04728,-1.04472,-0.83680,-0.79755,-0.91804
-1.18457,-0.97284,0.13454,-0.86709,-1.02770,-1.06913,-1.11414,-0.83084,-1.13502,-1.12736,-0.88567,-0.79146,-0.87995
-1.26602,-1.06927,0.13996,-0.99064,-1.11786,-1.14476,-1.22654,-0.90774,-1.25808,-1.21162,-1.00257,-0.87090,-0.96197
-1.24586,-1.19518,0.13378,-1.13988,-1.11649,-1.34412,-1.24748,-1.12812,-1.40192,-1.35516,-1.13672,-1.00164,-1.08025
-1.33885,-1.16849,0.14051,-1.12152,-1.09829,-1.36195,-1.21993,-1.05408,-1.36582,-1.32757,-1.06470,-0.97639,-1.09461
-1.40226,-1.20916,0.12747,-1.24773,-1.15271,-1.36985,-1.27785,-1.13010,-1.37393,-1.33473,-1.09298,-1.03002,-1.08166
-1.43116,-1.19785,0.14058,-1.22093,-1.13018,-1.27418,-1.21313,-1.24124,-1.42107,-1.35116,-1.08648,-0.93100,-1.10915
-1.42707,-1.21019,0.15474,-1.25335,-1.10791,-1.42942,-1.21664,-1.11641,-1.44282,-1.32924,-1.17676,-1.00013,-1.02922
-1.31113,-1.14833,0.16385,-1.19728,-1.02509,-1.34799,-1.21183,-1.05911,-1.40467,-1.28156,-0.98500,-0.91844,-1.05236
-1.31895,-1.10955,0.16743,-1.37655,-1.03836,-1.33796,-1.09763,-0.99665,-1.27447,-1.11711,-0.97041,-0.87644,-1.00996
-1.29681,-1.00202,0.14963,-1.12763,-0.97828,-1.31520,-1.05276,-0.84926,-1.06386,-1.03590,-0.88403,-0.85568,-0.85759
-1.24414,-0.92299,0.13671,-0.88935,-0.89743,-1.22786,-1.07898,-0.84704,-0.91096,-0.94021,-0.74719,-0.84815,-0.84275
-1.16296,-1.03823,0.15719,-1.11316,-0.88394,-1.38381,-0.95488,-1.07066,-1.07948,-0.99354,-0.79952,-1.09903,-1.00426
-0.96505,-0.91339,0.13074,-0.86622,-0.73873,-1.16123,-0.91658,-0.96119,-0.93575,-0.98419,-0.73235,-1.01636,-0.82128
-0.91113,-0.74285,0.08117,-0.79754,-0.73248,-0.84618,-0.62273,-0.71875,-0.80801,-0.76680,-0.59275,-0.79900,-0.74425
-0.84202,-0.66954,0.08802,-0.68699,-0.70969,-0.75230,-0.63340,-0.66537,-0.71207,-0.73769,-0.45265,-0.72797,-0.61728
-0.75608,-0.49285,0.08481,-0.41644,-0.51349,-0.58458,-0.43738,-0.57988,-0.47955,-0.60021,-0.37783,-0.55138,-0.38778
-0.65625,-0.48700,0.12564,-0.46410,-0.47781,-0.46464,-0.43460,-0.62866,-0.44997,-0.77125,-0.36683,-0.47104,-0.34112
-0.45623,-0.46266,0.19711,-0.44622,-0.44572,-0.18309,-0.39438,-0.67173,-0.51912,-0.89298,-0.33776,-0.38558,-0.35002
-0.41480,-0.21613,0.15955,-0.17785,-0.28004,-0.01688,-0.04268,-0.25802,-0.33103,-0.56595,-0.21131,-0.18592,-0.09167
-0.37227,-0.17329,0.09466,-0.22436,-0.20603,-0.02463,-0.09828,-0.21614,-0.25423,-0.30964,-0.19950,-0.17363,-0.02642
-0.32758,-0.33947,0.17435,-0.36266,-0.35174,-0.10348,-0.22960,-0.37425,-0.50217,-0.72817,-0.24525,-0.27090,-0.22646
-0.28195,-0.21208,0.15755,-0.29131,-0.31797,-0.00550,0.02357,-0.25342,-0.29290,-0.50550,-0.20779,-0.16195,-0.10798
-0.17003,-0.15376,0.17030,-0.38322,-0.25056,0.10224,0.03596,-0.07645,-0.08571,-0.44541,-0.17195,-0.14632,-0.11617
-0.20417,-0.15008,0.13668,-0.20142,-0.29811,0.01851,-0.06566,-0.16177,-0.34281,0.10796,-0.19627,-0.17146,-0.18975
-0.24390,-0.22328,0.12471,-0.12330,-0.41928,0.01275,-0.20677,-0.18761,-0.40104,-0.24774,-0.22468,-0.18565,-0.24946
-0.28586,-0.35886,0.13859,-0.41991,-0.50522,-0.21617,-0.19957,-0.17029,-0.50498,-0.47247,-0.30857,-0.27965,-0.51172
-0.32890,-0.43259,0.14869,-0.53299,-0.47984,-0.33622,-0.36510,-0.22259,-0.59256,-0.61826,-0.24964,-0.33555,-0.59314
-0.33315,-0.64896,0.13600,-0.66725,-0.80780,-0.59952,-0.56653,-0.49666,-0.69037,-0.89985,-0.44054,-0.65389,-0.66717
-0.45081,-0.78567,0.15505,-1.07412,-0.88736,-0.88562,-0.63642,-0.57710,-0.82383,-0.87089,-0.60061,-0.72216,-0.77854
-0.56548,-0.89102,0.16873,-1.22695,-1.09251,-0.89735,-0.80605,-0.67355,-0.89400,-0.98282,-0.76584,-0.75489,-0.81625
-0.67173,-0.88020,0.10394,-0.91873,-1.05896,-0.93067,-0.91345,-0.71274,-0.92456,-0.90143,-0.76231,-0.76061,-0.91859
-0.76729,-1.06261,0.16813,-1.17957,-1.36446,-1.19998,-0.98001,-0.85919,-1.11226,-1.16325,-0.93141,-0.84413,-0.99181
-0.84749,-1.07929,0.14532,-1.14939,-1.37165,-1.20574,-1.08788,-0.85563,-1.08860,-1.07458,-1.03401,-0.91667,-1.00876
-0.90892,-1.18089,0.11526,-1.20579,-1.37602,-1.28546,-1.15805,-0.99719,-1.19859,-1.13832,-1.29232,-1.06859,-1.08859
-0.95081,-1.22172,0.10341,-1.20638,-1.35770,-1.37715,-1.16272,-1.20417,-1.14022,-1.12642,-1.36313,-1.12577,-1.15353
-0.97162,-1.24876,0.07430,-1.20640,-1.35091,-1.35355,-1.23547,-1.19425,-1.15051,-1.19807,-1.32829,-1.18813,-1.28203
-0.96981,-1.21100,0.08408,-1.22848,-1.29338,-1.30286,-1.25501,-1.19669,-1.08774,-1.24182,-1.09938,-1.29506,-1.10959
-0.94557,-1.25218,0.15132,-1.36457,-1.38925,-1.25403,-1.19245,-1.28125,-1.14440,-1.53597,-0.99050,-1.20058,-1.16885
-0.89970,-1.11251,0.11083,-1.20522,-1.13402,-1.17137,-1.11472,-1.11833,-1.06762,-1.30209,-0.91057,-0.97448,-1.12664
-0.83351,-1.02982,0.10435,-1.18422,-0.87679,-1.09307,-1.04662,-1.06102,-1.08993,-1.07786,-0.87213,-0.91855,-1.07798
-0.79343,-0.96366,0.11815,-1.12951,-0.88686,-1.04282,-0.91144,-1.01264,-0.97692,-1.07590,-0.72103,-0.87629,-1.00312
-0.65718,-0.70996,0.13202,-0.92408,-0.47464,-0.83394,-0.66537,-0.61718,-0.75922,-0.58988,-0.69348,-0.72026,-0.82156
-0.50649,-0.56863,0.18193,-0.92008,-0.27687,-0.61268,-0.57550,-0.43007,-0.61801,-0.40439,-0.47802,-0.64542,-0.72526
-0.34673,-0.39269,0.13507,-0.54224,-0.15076,-0.45613,-0.47365,-0.24016,-0.50378,-0.29265,-0.37840,-0.34080,-0.54830
-0.18535,-0.29437,0.13921,-0.51426,-0.15264,-0.42131,-0.34350,-0.15738,-0.27175,-0.12585,-0.28770,-0.19956,-0.46970
-0.05868,-0.09137,0.14739,-0.28346,-0.10433,-0.00783,0.00200,-0.08800,-0.02594,0.20986,-0.20333,-0.14026,-0.27246
0.12895,0.03500,0.12462,-0.07074,0.07358,0.13903,0.05397,0.00151,0.12107,0.26616,-0.03930,-0.01632,-0.17903
0.30715,0.00004,0.12484,-0.07326,0.11176,-0.02379,0.02144,-0.06912,-0.01332,0.23289,0.08947,-0.04785,-0.22780
0.46549,0.30967,0.12496,0.20310,0.33312,0.26831,0.34493,0.38098,0.14628,0.52290,0.40785,0.36772,0.12150
0.60016,0.69612,0.11250,0.46930,0.75949,0.83505,0.78227,0.65753,0.61571,0.80125,0.60807,0.67064,0.76186
0.68333,0.77562,0.14848,0.49278,0.78739,0.85679,1.02956,0.73293,0.79992,0.87957,0.59589,0.76605,0.81536
0.79424,0.72999,0.11860,0.47884,0.71000,0.82596,0.93212,0.64847,0.75917,0.77872,0.68105,0.72745,0.75807
0.86930,0.74763,0.13188,0.47810,0.71398,0.87830,0.99201,0.73476,0.76928,0.74883,0.67766,0.72837,0.75497
0.90962,0.68999,0.14364,0.44061,0.74331,0.72417,0.99206,0.68397,0.68087,0.67455,0.53558,0.67342,0.75131
0.86555,0.82940,0.16076,0.62448,0.81174,0.94328,1.05160,0.79586,0.96389,0.79490,0.55510,0.75850,0.99460
0.87785,0.71463,0.15412,0.41331,0.77845,0.91403,0.80639,0.60087,0.77259,0.74600,0.54338,0.70186,0.86938
0.85705,0.71975,0.19440,0.34595,0.75723,0.88700,1.03425,0.62742,0.81581,0.65107,0.54881,0.67465,0.85535
0.80345,0.68988,0.15274,0.39849,0.78102,0.85218,0.88042,0.60511,0.73934,0.62364,0.52637,0.68682,0.80537
0.71751,0.72923,0.16574,0.48154,0.81510,1.03792,0.86427,0.62983,0.74612,0.68111,0.51084,0.72707,0.79854
0.55902,0.63161,0.13507,0.42152,0.65380,0.94271,0.59700,0.58143,0.64019,0.68859,0.50739,0.64901,0.63451
0.45338,0.19243,0.08991,0.09012,0.09306,0.24214,0.27128,0.23717,0.21574,0.19059,0.34434,0.18145,0.05834
0.32722,0.23572,0.08989,0.10299,0.32005,0.23479,0.28346,0.28607,0.23107,0.37832,0.25962,0.13659,0.12427
0.18211,0.05752,0.09205,-0.03923,-0.06394,0.25019,0.08129,0.10436,0.11835,0.02853,0.08209,-0.02468,0.03823
0.02269,-0.07413,0.09412,-0.06057,-0.08623,0.16286,-0.08804,-0.04129,-0.18557,-0.07617,-0.08108,-0.14970,-0.13555
-0.18022,-0.16690,0.13860,-0.02460,-0.15370,0.07386,-0.08859,-0.13266,-0.43097,-0.24181,-0.21936,-0.19240,-0.25877
-0.31394,-0.38955,0.10447,-0.30421,-0.49344,-0.34979,-0.35229,-0.22501,-0.54084,-0.47099,-0.34511,-0.31199,-0.50180
-0.44675,-0.47187,0.12649,-0.41504,-0.64701,-0.38072,-0.47856,-0.26194,-0.60104,-0.59987,-0.38040,-0.38708,-0.56703
-0.57507,-0.64037,0.17062,-0.70666,-1.01768,-0.49906,-0.50671,-0.48670,-0.73044,-0.74821,-0.61229,-0.45799,-0.63801
-0.69328,-0.83025,0.18094,-0.82304,-1.20423,-0.76551,-0.60015,-0.71697,-0.90538,-1.03024,-0.83510,-0.63807,-0.78381
-0.81895,-0.91254,0.13649,-1.00344,-1.14806,-0.96150,-0.70839,-0.84428,-0.94225,-1.03078,-0.90213,-0.71712,-0.86743
-0.86960,-0.96655,0.10676,-0.92293,-1.16531,-1.06755,-0.94426,-0.91620,-0.96465,-1.04996,-0.91182,-0.77236,-0.95046
-0.90003,-0.85502,0.08770,-0.84585,-1.03405,-0.82353,-0.93699,-0.85081,-0.82395,-0.90585,-0.83459,-0.71436,-0.78019
-0.91006,-0.90521,0.10046,-0.98253,-1.02379,-0.93954,-0.82967,-0.91152,-0.94406,-1.02717,-0.82040,-0.70859,-0.86478
-0.93265,-0.91442,0.09958,-1.04675,-1.02269,-0.91426,-0.83733,-1.00926,-0.95898,-0.94319,-0.83034,-0.74286,-0.83858
-0.86354,-0.87549,0.09623,-1.04066,-0.87748,-1.01006,-0.84135,-0.83674,-0.86083,-0.95478,-0.77317,-0.77468,-0.78520
-0.77490,-0.69996,0.07603,-0.78843,-0.73005,-0.80499,-0.71850,-0.62167,-0.64285,-0.78790,-0.59731,-0.65712,-0.65074
-0.67188,-0.58191,0.06410,-0.62122,-0.60059,-0.66833,-0.59732,-0.54681,-0.57016,-0.43344,-0.64031,-0.55832,-0.58263
-0.55773,-0.39070,0.09694,-0.43569,-0.21567,-0.53095,-0.37569,-0.30663,-0.39065,-0.45747,-0.42823,-0.28566,-0.48041
-0.44744,-0.31793,0.09000,-0.45032,-0.25559,-0.38348,-0.37967,-0.21211,-0.23209,-0.42275,-0.28501,-0.20940,-0.34889
-0.28290,-0.23639,0.09187,-0.40940,-0.23972,-0.17955,-0.24400,-0.16408,-0.10389,-0.35348,-0.28301,-0.17988,-0.20690
-0.11942,-0.15442,0.11599,-0.35681,-0.30455,-0.11806,-0.11277,-0.10951,0.01763,-0.10413,-0.25917,-0.13797,-0.05885
0.03746,0.06973,0.14353,-0.10418,-0.04270,0.13625,0.31488,0.11968,0.15369,0.17225,-0.12952,-0.05180,0.12872
0.14621,0.24458,0.11680,0.03324,0.15324,0.27896,0.44789,0.32906,0.29096,0.32305,0.25078,0.15443,0.18423
0.31483,0.18130,0.17484,0.04648,-0.02224,0.24851,0.55233,0.35150,0.07123,0.24091,0.19929,0.05404,0.07092
0.46304,0.36619,0.15458,0.22909,0.35392,0.55970,0.64184,0.46051,0.16723,0.40036,0.34130,0.31406,0.19386
0.58797,0.53847,0.19380,0.33953,0.48279,0.57749,0.97452,0.65993,0.31082,0.65379,0.41510,0.52380,0.44698
0.68421,0.70082,0.30800,0.38770,0.60842,0.66324,1.52606,0.75044,0.55095,0.70461,0.54526,0.69574,0.57583
0.71740,0.62728,0.13938,0.39807,0.62022,0.77908,0.83961,0.53999,0.54582,0.74739,0.48203,0.62736,0.69317
0.78371,0.69201,0.15254,0.50634,0.74789,0.91330,0.91311,0.54031,0.60515,0.81295,0.55759,0.59515,0.72834
0.81600,0.64679,0.15883,0.45572,0.67092,0.88063,0.93043,0.54310,0.59042,0.60901,0.46162,0.61473,0.71131
0.81433,0.49958,0.12631,0.24311,0.68612,0.62251,0.51583,0.45742,0.58700,0.44123,0.44032,0.57630,0.42595
0.77958,0.54636,0.17571,0.30145,0.65520,0.73648,0.87540,0.52240,0.39848,0.47813,0.44069,0.63415,0.42121
0.69444,0.37284,0.15605,0.28264,0.70506,0.34857,0.50091,0.38670,0.22241,0.31329,0.35509,0.46225,0.15151
0.63415,0.33313,0.14687,0.12123,0.58306,0.38287,0.40706,0.36134,0.19675,0.28666,0.35471,0.48671,0.15087
0.54484,0.37362,0.13054,0.27193,0.49707,0.40702,0.41745,0.37449,0.24127,0.31357,0.38905,0.63623,0.18807
0.42918,0.35731,0.16276,0.42320,0.62541,0.46410,0.32930,0.17598,0.25476,0.22503,0.35010,0.57354,0.15166
0.24520,0.15910,0.09181,0.07200,0.35603,0.23322,0.08682,0.07623,0.12429,0.09386,0.22832,0.18884,0.13133
0.12974,0.04569,0.08932,-0.01606,0.16623,0.10997,0.02926,-0.01170,-0.10729,-0.04705,0.11076,0.13245,0.09031
0.00330,-0.14734,0.12885,-0.08103,-0.01964,0.03328,-0.16570,-0.18111,-0.41883,-0.26747,-0.07946,-0.17730,-0.11617
-0.13374,-0.25495,0.11657,-0.14715,-0.10022,-0.17817,-0.26281,-0.21931,-0.46823,-0.37675,-0.21104,-0.20815,-0.37766
-0.27482,-0.35347,0.11403,-0.24799,-0.19945,-0.40328,-0.34126,-0.29290,-0.48888,-0.45052,-0.26245,-0.30170,-0.54625
-0.45145,-0.49081,0.10418,-0.33868,-0.40073,-0.56633,-0.51149,-0.50003,-0.58193,-0.52387,-0.31295,-0.56323,-0.60882
-0.54928,-0.69529,0.12436,-0.57331,-0.75052,-0.91034,-0.64893,-0.64950,-0.85309,-0.58344,-0.52562,-0.69532,-0.76285
-0.63923,-0.76938,0.10165,-0.62835,-0.90261,-0.91397,-0.73784,-0.69363,-0.87061,-0.75788,-0.64390,-0.74443,-0.80056
-0.71706,-0.85868,0.12325,-0.69523,-1.01232,-1.01524,-0.86072,-0.84035,-0.96885,-0.83538,-0.66702,-0.76904,-0.92269
-0.78033,-0.77059,0.12892,-0.63759,-0.87274,-1.02473,-0.72959,-0.70570,-0.87070,-0.69666,-0.58564,-0.77646,-0.80605
-0.84216,-0.77034,0.12488,-0.54960,-0.91031,-0.95526,-0.72744,-0.72658,-0.87137,-0.81516,-0.62296,-0.76500,-0.75975
-0.83384,-0.82311,0.10794,-0.64336,-0.95092,-0.99378,-0.73688,-0.83605,-0.91037,-0.82091,-0.73597,-0.76061,-0.84226
-0.80665,-0.71302,0.05817,-0.57118,-0.73117,-0.76591,-0.71818,-0.73138,-0.79383,-0.70333,-0.70053,-0.70630,-0.70838
-0.76276,-0.71012,0.07082,-0.65341,-0.71679,-0.72688,-0.76131,-0.76838,-0.80386,-0.71997,-0.55691,-0.65891,-0.73473
-0.70317,-0.66397,0.06892,-0.62741,-0.54421,-0.72658,-0.74277,-0.66791,-0.72470,-0.74102,-0.60230,-0.60513,-0.65762
-0.63026,-0.60011,0.07928,-0.54259,-0.59765,-0.66636,-0.65384,-0.59300,-0.67855,-0.70016,-0.44154,-0.53233,-0.59509
-0.54726,-0.65782,0.09289,-0.58500,-0.66135,-0.70176,-0.60711,-0.65663,-0.82502,-0.78055,-0.58131,-0.52013,-0.65935
-0.45665,-0.49030,0.11470,-0.36087,-0.50017,-0.44239,-0.51050,-0.56659,-0.65489,-0.61185,-0.44749,-0.27283,-0.53543
-0.35977,-0.38010,0.10861,-0.36095,-0.26452,-0.42129,-0.39594,-0.30959,-0.52114,-0.53205,-0.40252,-0.17804,-0.41494
-0.26153,-0.30981,0.10816,-0.32587,-0.20244,-0.16870,-0.39251,-0.27050,-0.51003,-0.38193,-0.30566,-0.17869,-0.36178
-0.16515,-0.12448,0.12767,-0.12734,0.04600,-0.01433,-0.31241,0.02244,-0.26722,-0.14754,-0.27168,-0.12575,-0.04691
-0.07193,0.06999,0.15556,-0.08146,0.27159,0.12553,0.00162,0.33287,0.06597,-0.06262,-0.16376,0.06881,0.14138
0.01467,0.17596,0.16282,0.08600,0.41564,0.20755,0.18207,0.45067,0.16658,-0.05547,-0.03074,0.17425,0.16306
0.09060,0.10055,0.16911,-0.05282,0.30416,0.22407,0.17530,0.40487,-0.01143,-0.05528,-0.09297,0.03895,0.07062
0.15312,0.10474,0.13747,-0.03173,0.31049,0.19504,0.02946,0.34112,-0.00651,0.01581,-0.03307,0.11171,0.11507
0.20066,0.13804,0.11520,0.03718,0.28964,0.26724,0.00211,0.30566,0.07522,0.11382,0.01232,0.17522,0.10198
0.23141,0.05954,0.08772,-0.08173,0.15621,0.19635,0.05598,0.07667,0.00085,0.06975,-0.06374,0.09089,0.09417
0.24377,0.11521,0.10388,-0.04595,0.01856,0.24911,0.09316,0.15485,0.16132,0.17882,-0.01006,0.25528,0.09703
0.23739,0.13453,0.11908,-0.02819,-0.00120,0.24960,0.09710,0.15543,0.07082,0.21866,0.15747,0.36065,0.06493
0.21257,0.06020,0.05872,-0.06871,0.14007,0.12442,0.06764,0.08227,0.03474,0.02665,0.09493,0.04038,0.05965
0.17006,0.08763,0.07543,-0.02479,0.01502,0.04045,0.06934,0.13156,0.19367,0.02391,0.19586,0.12621,0.10508
0.11160,0.02575,0.09182,-0.04439,0.00362,-0.03814,0.01256,0.00634,0.14489,-0.12744,0.18341,0.03383,0.08284
0.03921,-0.07421,0.12146,-0.06125,-0.05278,-0.06480,-0.12664,-0.04338,-0.27203,-0.23950,0.14384,-0.07115,0.04559
-0.04472,-0.04302,0.10119,0.01853,-0.04846,0.07247,-0.02326,-0.07999,-0.20918,-0.15417,0.12242,-0.11432,-0.01421
-0.13806,-0.05306,0.12605,-0.01187,-0.15267,0.07230,0.00453,-0.17920,-0.20033,-0.16092,0.17068,-0.11566,0.04256
-0.23787,-0.12864,0.11961,-0.07905,-0.17900,-0.06647,-0.12288,-0.19598,-0.34191,-0.17862,0.11339,-0.18332,-0.05261
-0.19285,-0.25472,0.08254,-0.15403,-0.25794,-0.18718,-0.24438,-0.25397,-0.42850,-0.34782,-0.18452,-0.27975,-0.20908
-0.40782,-0.54103,0.10687,-0.37215,-0.57674,-0.59301,-0.46855,-0.69232,-0.64209,-0.50575,-0.41334,-0.65171,-0.49466
-0.62522,-0.74336,0.08843,-0.64525,-0.76893,-0.83945,-0.67171,-0.77320,-0.88161,-0.80155,-0.60248,-0.75471,-0.69465
-0.83478,-0.80464,0.12884,-0.78052,-0.76578,-0.90225,-0.97574,-0.79423,-0.77606,-1.02013,-0.63887,-0.76797,-0.62486
-1.02678,-0.90869,0.14461,-0.95577,-1.00708,-0.95998,-1.18924,-0.82831,-0.75739,-1.01312,-0.82023,-0.85747,-0.69830
-1.01318,-1.05249,0.16525,-1.12016,-1.15458,-1.12441,-1.32939,-1.03373,-0.94772,-1.21873,-0.91503,-0.81572,-0.86542
-1.26077,-1.24750,0.15411,-1.33967,-1.40835,-1.34508,-1.43967,-1.28824,-1.03290,-1.31655,-1.06196,-1.20549,-1.03713
-1.48563,-1.34722,0.20416,-1.34242,-1.58259,-1.41966,-1.57831,-1.33164,-1.05778,-1.54262,-1.10704,-1.43419,-1.07591
-1.67437,-1.58364,0.15858,-1.51255,-1.77686,-1.62485,-1.83413,-1.60294,-1.50849,-1.66983,-1.28521,-1.56723,-1.45430
-1.82789,-1.74619,0.15083,-1.62418,-2.04553,-1.67447,-1.97790,-1.71717,-1.62914,-1.80588,-1.62661,-1.66655,-1.69452
-1.94837,-1.88847,0.16662,-1.71460,-2.25388,-1.75733,-2.04630,-1.79212,-1.85321,-1.90742,-1.78796,-1.77874,-1.99316
-1.87453,-1.97134,0.21461,-1.74350,-2.43955,-2.05728,-2.12695,-2.07377,-1.95200,-1.87860,-1.88784,-1.70700,-1.84691
-2.04086,-2.09747,0.20633,-1.99790,-2.59786,-2.15561,-2.09428,-2.24852,-2.07963,-1.93258,-1.99679,-1.87788,-1.99362
-2.17503,-2.17590,0.22478,-2.10144,-2.66005,-2.28265,-2.11240,-2.40005,-2.17985,-1.98218,-2.13859,-1.88404,-2.01778
-2.27647,-2.18026,0.22801,-2.13347,-2.65839,-2.29153,-2.12509,-2.38087,-2.05257,-2.02063,-2.24541,-1.83136,-2.06327
-2.34476,-2.22329,0.20514,-2.19585,-2.60609,-2.30980,-2.10442,-2.42713,-2.17617,-2.06769,-2.31029,-1.85995,-2.17550
-2.37976,-2.25454,0.22268,-2.22996,-2.60394,-2.38663,-2.12417,-2.50659,-2.31610,-2.07487,-2.33638,-1.84957,-2.11725
-2.22959,-2.22392,0.26129,-2.13080,-2.62587,-2.52734,-2.16779,-2.47158,-2.24162,-1.97994,-2.25624,-1.77608,-2.06192
-2.31315,-2.31591,0.26891,-2.43739,-2.48436,-2.59288,-2.18877,-2.73689,-2.36176,-1.90194,-2.32931,-1.92887,-2.19697
-2.36392,-2.21916,0.26984,-2.27748,-2.27010,-2.57058,-2.06424,-2.69028,-2.36195,-1.89816,-2.11966,-1.86473,-2.07445
-2.38179,-2.11487,0.22092,-2.08653,-2.26836,-2.48663,-2.03538,-2.45480,-2.08908,-1.95882,-2.03087,-1.83789,-1.90037
-2.36682,-2.11156,0.14093,-2.07644,-2.22108,-2.16203,-2.14231,-2.38971,-1.97671,-2.08069,-2.11741,-1.85632,-2.09287
-2.31929,-2.14076,0.23224,-1.99882,-2.18365,-2.16284,-2.11605,-2.54244,-2.05829,-2.17559,-2.47301,-1.92502,-1.77190
-2.09478,-2.11095,0.26544,-1.93955,-2.22987,-2.29546,-1.98070,-2.67739,-1.96820,-2.08593,-2.28759,-1.81986,-1.82496
-2.09668,-2.00790,0.25251,-1.94003,-2.08430,-2.24038,-1.55846,-2.42692,-2.12787,-1.87829,-2.12923,-1.71651,-1.97699
-2.06622,-1.84787,0.22301,-1.63479,-1.78351,-2.08109,-1.47146,-1.98156,-2.08899,-1.75950,-2.10908,-1.63970,-1.92904
-2.00376,-1.64019,0.19938,-1.44554,-1.49948,-1.84583,-1.43141,-1.73150,-1.86314,-1.50583,-1.97600,-1.48212,-1.62103
-1.90976,-1.53667,0.14396,-1.45979,-1.43172,-1.65335,-1.34538,-1.49728,-1.77160,-1.48954,-1.72501,-1.39227,-1.60075
-1.78490,-1.43555,0.10258,-1.42981,-1.36678,-1.59712,-1.36630,-1.43246,-1.48470,-1.41697,-1.61029,-1.29786,-1.35324
-1.50001,-1.30714,0.14388,-1.33375,-1.23478,-1.42822,-1.20601,-1.07289,-1.39502,-1.22832,-1.34717,-1.23542,-1.58984
-1.42366,-1.20133,0.18449,-1.16299,-1.02695,-1.40592,-1.10802,-0.98263,-1.25916,-1.03991,-1.12309,-1.36709,-1.53757
-1.31639,-0.90150,0.15994,-0.80398,-0.88430,-1.28902,-0.88941,-0.79403,-0.95619,-0.79320,-0.70953,-0.98460,-0.91073
-1.17947,-0.70987,0.11207,-0.60178,-0.66367,-0.87375,-0.65685,-0.69303,-0.80932,-0.66248,-0.52568,-0.75764,-0.85451
-1.01676,-0.67170,0.10648,-0.60372,-0.49843,-0.80532,-0.65358,-0.84109,-0.64713,-0.74036,-0.55186,-0.67482,-0.70074
-0.83258,-0.59378,0.12945,-0.78655,-0.38317,-0.66078,-0.52936,-0.70990,-0.60708,-0.58952,-0.39352,-0.60161,-0.67631
-0.54017,-0.30718,0.16041,-0.45379,-0.06444,-0.23578,-0.33678,-0.62563,-0.22664,-0.36163,-0.20992,-0.17081,-0.38636
-0.43406,0.05345,0.07930,0.00264,0.06257,0.12678,0.02090,0.07098,0.14332,-0.13289,0.04683,0.11405,0.07933
-0.32778,0.10331,0.07252,0.05565,0.02939,0.19755,0.09342,0.07523,0.15731,-0.01851,0.13672,0.20786,0.09846
-0.22200,0.04906,0.06709,-0.01449,0.06448,0.10591,0.02716,-0.01880,0.03171,-0.04520,0.14372,0.14789,0.04826
-0.11720,0.15839,0.11336,0.05839,0.40933,0.09616,0.16377,-0.00136,0.20826,0.14611,0.20171,0.21649,0.08504
0.06314,0.27586,0.16223,0.04002,0.54937,0.21680,0.23453,0.18990,0.52071,0.37114,0.29449,0.20565,0.13602
0.03927,0.23372,0.06288,0.22123,0.34483,0.31992,0.14112,0.18636,0.23571,0.21302,0.26553,0.23400,0.17549
0.00024,0.06974,0.10989,0.02307,0.03121,0.23351,0.07122,0.09509,0.04311,-0.16710,0.21105,0.09610,0.06017
-0.04916,0.04429,0.12289,0.08760,0.10088,0.26941,0.07260,-0.05236,-0.08310,-0.11388,0.19151,-0.00780,-0.02191
0.03974,-0.12922,0.14237,-0.02019,-0.00596,0.05996,-0.06585,-0.19430,-0.32854,-0.29065,0.01282,-0.17897,-0.28047
-0.13653,-0.30862,0.12844,-0.21647,-0.20042,-0.19161,-0.35653,-0.26858,-0.43967,-0.46619,-0.16000,-0.26646,-0.52031
-0.32396,-0.43087,0.11891,-0.31144,-0.43823,-0.24421,-0.48528,-0.43785,-0.52551,-0.59223,-0.26431,-0.47824,-0.53143
-0.51281,-0.64454,0.06436,-0.60913,-0.64471,-0.55040,-0.59846,-0.69441,-0.73688,-0.70784,-0.55406,-0.67644,-0.67309
-0.69458,-0.89607,0.10988,-0.83472,-0.85126,-0.90284,-0.90894,-0.85914,-1.17396,-0.93392,-0.78175,-0.79982,-0.91431
-0.86385,-0.97671,0.11850,-0.93277,-0.88656,-1.04414,-0.98178,-0.92433,-1.27636,-0.98825,-0.93347,-0.84797,-0.95150
-1.01775,-1.07208,0.12828,-1.05896,-0.97734,-1.17278,-1.13495,-0.96753,-1.37967,-1.03893,-1.00852,-0.96812,-1.01404
-1.15103,-1.21885,0.11195,-1.22040,-1.18954,-1.24005,-1.15290,-1.09054,-1.51100,-1.16394,-1.19589,-1.24119,-1.18304
-1.25601,-1.25717,0.13429,-1.27993,-1.24184,-1.27223,-1.19358,-1.03629,-1.56709,-1.19295,-1.19667,-1.32483,-1.26627
-1.32906,-1.24779,0.14529,-1.25387,-1.30523,-1.22577,-1.16583,-0.97588,-1.53080,-1.23184,-1.13681,-1.30839,-1.34350
-1.36982,-1.38093,0.11719,-1.33884,-1.56181,-1.38949,-1.25062,-1.36400,-1.61394,-1.30129,-1.28549,-1.36494,-1.33889
-1.37665,-1.42501,0.17977,-1.36120,-1.72647,-1.41004,-1.25701,-1.24548,-1.65039,-1.37614,-1.34342,-1.24637,-1.63353
-1.35021,-1.36902,0.21202,-1.33616,-1.86822,-1.38875,-1.09415,-1.23073,-1.24845,-1.45942,-1.34358,-1.22676,-1.49398
-1.29178,-1.34482,0.22151,-1.41321,-1.81910,-1.30263,-1.11071,-1.24497,-1.15337,-1.62251,-1.18382,-1.32651,-1.27142
-1.20293,-1.31744,0.23693,-1.43907,-1.88570,-1.25925,-1.10315,-1.36520,-1.15140,-1.41612,-1.05706,-1.22242,-1.27498
-1.08831,-1.07382,0.22585,-1.15009,-1.44727,-1.00485,-0.80164,-0.92395,-1.05167,-1.46295,-0.90347,-0.89740,-1.09494
-0.95168,-0.99658,0.34656,-0.99963,-1.34954,-0.89021,-0.88534,-0.46612,-1.17603,-1.63629,-0.63110,-0.77293,-1.15856
-0.79728,-0.61306,0.26543,-0.60669,-0.71338,-0.75308,-0.58778,-0.24494,-0.75498,-0.31966,-0.46690,-0.49792,-1.18523
-0.62827,-0.69011,0.27539,-0.78874,-0.54543,-0.86133,-0.57666,-0.34554,-0.91865,-0.44545,-0.49843,-0.64732,-1.27350
-0.45139,0.46283,1.51790,-0.80463,-0.89996,-0.75232,2.52379,-0.17265,-0.93002,1.74160,1.07691,-0.21264,3.05818
-0.27137,1.53104,1.68818,-0.52056,1.76824,-0.50585,4.13852,1.77835,-0.19464,2.64353,3.06555,0.18985,2.94741
-0.09333,2.03442,1.28988,0.70081,2.49535,0.21833,4.53048,2.78385,0.92840,2.80930,2.29575,1.12675,2.45516
0.07911,1.60207,1.18846,0.74086,2.45953,0.32238,4.17324,1.92157,0.86638,2.58738,1.23066,0.60328,1.11542
0.23815,1.16369,0.90540,0.90187,1.83780,0.76097,3.53559,0.85965,0.84987,0.49434,0.72600,0.73384,0.93695
0.37903,1.72421,0.57123,1.06104,2.32697,1.90927,2.87913,1.60520,1.14822,1.19198,1.90953,1.41341,1.79738
0.49717,2.58623,0.80757,1.56622,3.07195,2.24016,3.61103,2.85531,1.54498,3.31357,3.48651,1.62414,2.54844
0.59009,2.84346,0.90059,1.68455,3.44374,2.49350,4.23456,2.79169,2.10447,2.90310,4.29011,1.94806,2.54086
0.65413,2.57721,0.54351,1.76492,2.80455,2.00980,3.53508,2.36204,3.20555,2.73479,2.76370,2.13995,2.45167
0.68654,2.97946,0.63074,1.71461,3.38760,2.29346,3.44058,2.88709,3.83554,2.75461,3.52439,2.83349,3.12327
0.68729,1.54804,0.65830,0.51469,2.11577,1.21536,1.81657,0.80115,2.38575,1.03455,2.33190,1.92851,1.33618
0.65714,0.62918,0.13278,0.39654,0.73462,0.71751,0.56009,0.49080,0.67866,0.65328,0.54620,0.85478,0.65934
0.59742,0.49324,0.10934,0.36054,0.62618,0.40995,0.62855,0.43351,0.54732,0.39864,0.44267,0.43247,0.65253
0.51111,0.40917,0.10749,0.44927,0.60909,0.47800,0.32853,0.42382,0.47511,0.34834,0.41109,0.36067,0.20778
0.40043,0.28476,0.16396,0.04159,0.63416,0.32821,0.29572,0.21668,0.39199,0.29551,0.32429,0.22927,0.09021
0.26914,0.16302,0.09560,0.01482,0.24818,0.25167,0.11314,0.19957,0.18890,0.09055,0.32707,0.10512,0.09113
0.12136,-0.07139,0.10711,-0.04535,0.01931,0.09421,-0.03748,-0.12845,-0.14177,-0.27346,0.02616,-0.15631,-0.07079
-0.03723,-0.15827,0.12389,-0.06634,-0.00379,-0.10384,-0.03629,-0.19957,-0.27828,-0.40567,-0.07930,-0.19781,-0.21183
-0.20493,-0.28987,0.11677,-0.15354,-0.22371,-0.23729,-0.26652,-0.26230,-0.39081,-0.50087,-0.13660,-0.30591,-0.42112
-0.37672,-0.45173,0.09874,-0.32660,-0.40945,-0.37901,-0.51356,-0.41127,-0.48014,-0.61679,-0.31600,-0.52418,-0.54027
-0.54724,-0.58177,0.08682,-0.41754,-0.54149,-0.52437,-0.59175,-0.57068,-0.53875,-0.74036,-0.62082,-0.66169,-0.61029
-0.70818,-0.85263,0.09332,-0.74541,-0.87058,-0.80765,-0.82402,-0.79800,-1.07759,-0.91977,-0.87776,-0.79990,-0.80559
-0.85494,-0.95220,0.09987,-0.90167,-0.95339,-0.95873,-0.98875,-0.85875,-1.16451,-1.05220,-0.94487,-0.82828,-0.87090
-0.98583,-1.07570,0.11761,-1.02510,-1.11207,-1.08764,-1.07668,-0.95680,-1.35105,-1.15949,-1.04220,-0.94782,-0.99818
-1.09558,-1.15530,0.13462,-1.17271,-1.15975,-1.14604,-1.12418,-1.03197,-1.48125,-1.23645,-1.08093,-0.98933,-1.13037
-1.17770,-1.19707,0.12767,-1.11962,-1.21916,-1.28262,-1.12993,-1.05391,-1.50592,-1.22879,-1.18246,-1.10632,-1.14194
-1.23046,-1.14433,0.08822,-1.14406,-1.15970,-1.17497,-1.07731,-1.02044,-1.33367,-1.13405,-1.19883,-1.04446,-1.15580
-1.25396,-1.22131,0.10741,-1.17255,-1.16396,-1.39067,-1.13710,-1.06472,-1.37831,-1.18615,-1.30912,-1.16187,-1.24864
-1.24712,-1.17095,0.13179,-1.05232,-1.03034,-1.35529,-1.11446,-1.07947,-1.34488,-1.06900,-1.12160,-1.18798,-1.35413
-1.21022,-1.11077,0.11313,-1.04020,-1.01252,-1.37537,-1.03693,-1.06459,-1.18728,-1.00165,-1.08008,-1.16907,-1.14000
-1.14474,-0.91587,0.12988,-0.87727,-0.92158,-1.21598,-0.82334,-0.79013,-0.99430,-0.89453,-0.76088,-0.98525,-0.89541
-1.05306,-0.77250,0.11543,-0.68323,-0.82917,-0.91103,-0.64771,-0.71285,-0.92035,-0.67835,-0.61862,-0.86717,-0.85648
-0.93986,-0.75219,0.10245,-0.68412,-0.73662,-0.92294,-0.64380,-0.84767,-0.78716,-0.65217,-0.62275,-0.85903,-0.76560
-0.80864,-0.72857,0.12876,-0.76998,-0.46906,-0.84761,-0.65174,-0.87021,-0.84143,-0.66786,-0.59748,-0.78391,-0.78641
-0.58851,-0.49562,0.09934,-0.47611,-0.34163,-0.43874,-0.50836,-0.62478,-0.58580,-0.45242,-0.35939,-0.57230,-0.59664
-0.51480,-0.34214,0.13124,-0.14426,-0.20897,-0.25425,-0.46990,-0.54581,-0.48768,-0.41409,-0.30369,-0.31325,-0.27950
-0.43742,-0.28492,0.11532,-0.13211,-0.15703,-0.29637,-0.37316,-0.48212,-0.42291,-0.30357,-0.25850,-0.24609,-0.17734
-0.35494,-0.31472,0.12721,-0.13429,-0.17377,-0.37724,-0.35622,-0.51054,-0.51029,-0.30810,-0.26569,-0.28327,-0.22776
-0.27129,-0.20163,0.08818,-0.09951,-0.12453,-0.13005,-0.24096,-0.37919,-0.23836,-0.29323,-0.14966,-0.21256,-0.14826
-0.13473,-0.13229,0.10714,-0.07549,-0.05247,-0.09932,-0.08788,-0.40149,-0.05241,-0.21763,-0.09315,-0.15865,-0.08437
-0.14277,0.02144,0.08020,-0.02277,0.07192,0.07825,0.00976,-0.00067,0.03205,-0.13180,0.15825,-0.04925,0.06868
-0.15798,0.07788,0.08542,0.01281,0.14464,0.04203,0.04693,0.03974,0.10950,-0.02435,0.25461,0.00368,0.14918
-0.17780,-0.08599,0.11029,-0.01400,-0.01067,-0.05064,-0.21731,-0.13068,0.02452,-0.30580,-0.03012,-0.14436,0.01921
-0.09805,-0.18301,0.10888,-0.02682,-0.02241,-0.13300,-0.30574,-0.17016,-0.29710,-0.31507,-0.11725,-0.19803,-0.24446
-0.21046,-0.31093,0.13866,-0.10628,-0.23420,-0.17440,-0.32352,-0.26720,-0.50583,-0.42715,-0.23857,-0.30267,-0.52949
-0.32985,-0.29520,0.10012,-0.14597,-0.24785,-0.21518,-0.32295,-0.25598,-0.41882,-0.42996,-0.20172,-0.29668,-0.41688
-0.44976,-0.24449,0.12768,-0.13725,-0.20775,-0.18521,-0.31440,-0.24242,-0.19982,-0.56226,-0.19398,-0.29075,-0.11111
-0.56361,-0.36977,0.14484,-0.14293,-0.36669,-0.24024,-0.40749,-0.35655,-0.33435,-0.68015,-0.29482,-0.49495,-0.37954
-0.58093,-0.74620,0.05385,-0.75269,-0.72926,-0.79268,-0.65184,-0.77788,-0.77712,-0.83616,-0.73912,-0.72278,-0.68253
-0.75669,-0.81534,0.09003,-0.78600,-0.82425,-0.88524,-0.68327,-0.81064,-0.93901,-0.95183,-0.80653,-0.70013,-0.76652
-0.92234,-0.87728,0.08414,-0.83594,-0.89136,-0.95974,-0.89369,-0.86521,-0.93826,-0.99990,-0.89772,-0.72697,-0.76402
-1.06589,-0.89950,0.08626,-0.86196,-0.94114,-0.99416,-0.94768,-0.85095,-0.89275,-1.06228,-0.85131,-0.80225,-0.79058
-1.18272,-1.05260,0.09231,-0.98898,-1.08256,-1.07720,-1.09890,-0.96955,-1.20632,-1.17727,-0.92179,-0.98393,-1.01948
-1.17353,-1.21426,0.10242,-1.07470,-1.19650,-1.26254,-1.25984,-1.20075,-1.38553,-1.30847,-1.03667,-1.21916,-1.19849
-1.31485,-1.32791,0.13211,-1.11357,-1.33538,-1.41080,-1.31810,-1.41339,-1.56133,-1.39321,-1.13817,-1.28733,-1.30783
-1.42490,-1.32413,0.13061,-1.23331,-1.34610,-1.41685,-1.31044,-1.51291,-1.50509,-1.34730,-1.10274,-1.26138,-1.20522
-1.49964,-1.32527,0.13195,-1.07006,-1.38439,-1.32679,-1.31283,-1.42560,-1.52991,-1.45897,-1.25209,-1.25532,-1.23674
-1.54071,-1.42506,0.13360,-1.16226,-1.45562,-1.56700,-1.35729,-1.48562,-1.63780,-1.42227,-1.31617,-1.37277,-1.47382
-1.43180,-1.48553,0.18536,-1.20429,-1.33970,-1.55932,-1.32249,-1.66453,-1.72615,-1.40201,-1.38445,-1.50340,-1.74897
-1.49122,-1.43724,0.17442,-1.27214,-1.23588,-1.61974,-1.28723,-1.48820,-1.79805,-1.33367,-1.39049,-1.44303,-1.50399
-1.51805,-1.29985,0.17460,-1.23489,-1.14155,-1.51081,-1.25002,-1.28665,-1.67140,-1.18357,-1.10122,-1.25123,-1.36719
-1.51228,-1.16400,0.15446,-1.16501,-1.05972,-1.20562,-1.14894,-1.01111,-1.57012,-1.12470,-1.07135,-1.10659,-1.17689
-1.47412,-1.06460,0.08981,-1.03079,-0.99204,-1.14475,-1.08531,-0.95644,-1.26838,-0.99765,-1.02784,-1.08065,-1.06213
-1.40393,-1.07863,0.12973,-1.07180,-1.04198,-1.14498,-1.04547,-0.93501,-1.33789,-0.87325,-1.04028,-1.10604,-1.18964
-1.24914,-0.98594,0.11838,-1.01188,-0.99685,-1.14712,-0.92008,-0.86566,-1.14380,-0.81269,-0.86191,-1.01725,-1.08211
-1.19895,-0.91392,0.13786,-0.97211,-0.98997,-1.20782,-0.85811,-0.82059,-1.00006,-0.76010,-0.73684,-0.87864,-0.91492
-1.12279,-0.76629,0.13908,-0.62740,-0.99194,-0.84505,-0.64180,-0.69530,-0.93734,-0.66124,-0.59965,-0.81505,-0.84812
-1.02228,-0.73625,0.10130,-0.80834,-0.85094,-0.76320,-0.63636,-0.69159,-0.85721,-0.61713,-0.57922,-0.73386,-0.82468
-0.90047,-0.66471,0.08942,-0.82124,-0.75136,-0.72047,-0.59928,-0.63277,-0.65895,-0.59683,-0.50428,-0.66309,-0.69878
-0.69338,-0.67752,0.08531,-0.86028,-0.65732,-0.57768,-0.64971,-0.66414,-0.72503,-0.64978,-0.61021,-0.61029,-0.77074
-0.62114,-0.61767,0.10099,-0.79638,-0.65526,-0.53557,-0.61956,-0.62728,-0.61179,-0.56467,-0.45891,-0.55125,-0.75602
-0.54116,-0.52674,0.06032,-0.59469,-0.49625,-0.50167,-0.49295,-0.55051,-0.54699,-0.51269,-0.47008,-0.45103,-0.65050
-0.45417,-0.43112,0.09765,-0.45679,-0.40663,-0.29628,-0.41469,-0.43493,-0.48397,-0.55533,-0.43237,-0.26125,-0.56900
-0.36240,-0.30483,0.11476,-0.24134,-0.23855,-0.14950,-0.29814,-0.21413,-0.42770,-0.42991,-0.41760,-0.18531,-0.44609
-0.26855,-0.25464,0.11097,-0.24843,-0.23749,-0.04334,-0.26338,-0.20051,-0.42354,-0.24568,-0.28718,-0.17732,-0.41957
-0.17487,-0.24038,0.09201,-0.29079,-0.20243,-0.03600,-0.23725,-0.23812,-0.37707,-0.20833,-0.28650,-0.20239,-0.32495
-0.08507,-0.18295,0.10636,-0.23681,-0.17733,0.04576,-0.12349,-0.18701,-0.24795,-0.12256,-0.27343,-0.16101,-0.34568
-0.00227,-0.16418,0.11639,-0.27513,-0.13771,0.02742,-0.04879,-0.12993,-0.28135,-0.05177,-0.25313,-0.17448,-0.31692
0.07084,-0.07543,0.11300,-0.14157,-0.10184,0.13766,0.04738,-0.04874,-0.17125,0.03020,-0.18640,-0.13053,-0.18927
0.13237,0.07731,0.09700,-0.02294,0.00082,0.26033,0.13416,0.17137,0.10385,0.13379,-0.00980,0.00003,0.00153
0.17956,-0.03648,0.12910,-0.06189,-0.02082,0.17057,0.06081,0.03368,-0.19917,0.07297,-0.17667,-0.02445,-0.21983
0.21072,0.24965,0.12906,0.02701,0.37476,0.29683,0.19414,0.33851,0.22612,0.25142,0.21532,0.46932,0.10302
0.22538,0.31656,0.08948,0.22431,0.46716,0.33199,0.24392,0.30995,0.26597,0.36094,0.36886,0.41290,0.17955
0.22292,0.31609,0.09940,0.22928,0.38864,0.39011,0.21157,0.33234,0.21897,0.41670,0.36937,0.43736,0.16659
0.20305,0.19698,0.07787,0.11054,0.29482,0.20095,0.09099,0.20380,0.22453,0.13134,0.26720,0.30911,0.13646
0.16655,0.09715,0.05905,0.01310,0.17252,0.10612,0.10069,0.12447,0.16011,0.00003,0.14914,0.05689,0.08846
0.11477,0.07018,0.05717,-0.02537,0.11133,0.08834,0.07109,0.15811,0.11745,0.05968,0.05908,-0.01895,0.08104
0.04869,0.00016,0.03913,-0.02901,0.00210,0.02468,-0.01194,0.03140,0.00586,0.03701,-0.02708,-0.08115,0.04975
-0.02985,0.00848,0.04312,-0.03004,0.03403,0.04984,-0.00151,0.01428,0.03385,-0.01266,0.02071,-0.08495,0.06126
-0.11834,-0.07519,0.06815,-0.08260,0.01838,-0.02514,-0.01932,-0.11546,-0.12599,-0.00688,-0.14329,-0.19186,-0.05974
-0.21289,-0.10558,0.06416,-0.08443,0.01490,-0.05366,-0.08230,-0.16299,-0.08619,-0.09475,-0.12449,-0.19891,-0.18297
-0.31141,-0.28383,0.09445,-0.22083,-0.16327,-0.22726,-0.24688,-0.19782,-0.42932,-0.31216,-0.31545,-0.27775,-0.44758
-0.41139,-0.41824,0.10044,-0.35167,-0.33850,-0.38803,-0.42258,-0.28228,-0.50168,-0.45517,-0.32042,-0.52994,-0.59207
-0.50928,-0.50166,0.09144,-0.44861,-0.41855,-0.56207,-0.49974,-0.41485,-0.58553,-0.52803,-0.34604,-0.59291,-0.62024
-0.60032,-0.57101,0.10003,-0.48396,-0.57775,-0.60840,-0.52491,-0.53817,-0.74175,-0.50845,-0.40312,-0.65466,-0.66891
-0.68236,-0.65556,0.09198,-0.59786,-0.75342,-0.73925,-0.57225,-0.61256,-0.77945,-0.61783,-0.49223,-0.67506,-0.71565
-0.75296,-0.74934,0.10505,-0.67710,-0.83610,-0.88698,-0.72912,-0.69602,-0.89637,-0.68215,-0.56334,-0.72261,-0.80358
-0.80800,-0.83881,0.10928,-0.87822,-0.92737,-0.97019,-0.78756,-0.78887,-0.92415,-0.78918,-0.60374,-0.78924,-0.92962
-0.84536,-0.83621,0.11284,-0.86970,-0.91264,-0.95123,-0.75296,-0.73860,-0.96081,-0.74707,-0.64908,-0.80731,-0.97267
-0.86463,-0.88542,0.14512,-0.92124,-0.98985,-1.03367,-0.74893,-0.79450,-1.05761,-0.73680,-0.65329,-0.88179,-1.03657
-0.86502,-0.85584,0.13390,-0.83505,-0.95066,-1.07784,-0.70601,-0.84634,-0.96293,-0.74671,-0.63387,-0.85676,-0.94221
-0.84606,-0.82033,0.10787,-0.87701,-0.85643,-0.93812,-0.74245,-0.78555,-0.93188,-0.69086,-0.63200,-0.80920,-0.93975
-0.80826,-0.80997,0.09458,-0.92983,-0.86244,-0.91723,-0.69021,-0.76760,-0.87566,-0.72207,-0.67006,-0.79270,-0.87188
-0.75271,-0.75889,0.11098,-0.88493,-0.66031,-0.83992,-0.69058,-0.73762,-0.90479,-0.69977,-0.58258,-0.70701,-0.88140
-0.68114,-0.65716,0.10900,-0.86993,-0.56658,-0.53288,-0.61681,-0.68305,-0.77931,-0.63113,-0.53491,-0.63233,-0.72467
-0.59671,-0.57134,0.07386,-0.70969,-0.51899,-0.48912,-0.56573,-0.56708,-0.62631,-0.56930,-0.51065,-0.49579,-0.66073
-0.50135,-0.44510,0.12068,-0.37978,-0.41554,-0.18178,-0.51451,-0.45922,-0.59811,-0.50405,-0.42062,-0.38794,-0.58940
-0.39750,-0.33668,0.09307,-0.37383,-0.31275,-0.31255,-0.22007,-0.24629,-0.49215,-0.40311,-0.35372,-0.21533,-0.43700
-0.28869,-0.25033,0.09271,-0.25117,-0.20421,-0.06450,-0.27999,-0.22860,-0.38582,-0.26328,-0.30090,-0.16761,-0.35721
-0.17992,-0.19093,0.09440,-0.23561,-0.12068,0.01466,-0.19112,-0.18262,-0.30318,-0.16752,-0.26333,-0.16108,-0.29887
-0.07370,-0.03313,0.08331,-0.13732,0.04608,0.08910,-0.00825,0.02006,-0.03782,0.02557,-0.16085,-0.05231,-0.11562
0.02698,0.08859,0.09892,0.01181,0.17442,0.20667,0.14079,0.21884,0.05537,0.01823,-0.09705,0.06343,0.09343
0.11548,0.16025,0.13088,0.01966,0.23237,0.31210,0.22871,0.24457,0.04511,0.15636,-0.01206,0.34574,0.02992
0.18872,0.25131,0.15410,0.14632,0.15653,0.35402,0.28282,0.24774,0.13811,0.39019,0.18725,0.56978,0.04029
0.24538,0.26463,0.20311,0.08349,0.28274,0.34386,0.28492,0.27711,0.10758,0.37746,0.25751,0.69571,-0.06406
0.28312,0.32157,0.14807,0.15768,0.46939,0.33213,0.29396,0.30691,0.17873,0.35305,0.37156,0.61872,0.13362
0.30052,0.43038,0.13708,0.17067,0.61390,0.35361,0.33869,0.40745,0.44748,0.42043,0.38104,0.61969,0.55080
0.29685,0.47025,0.13745,0.25524,0.51720,0.57370,0.30881,0.40178,0.52745,0.59661,0.42079,0.70145,0.39947
0.27257,0.30073,0.08680,0.15877,0.40085,0.29219,0.25879,0.32614,0.25558,0.37811,0.35782,0.39819,0.18083
0.24150,0.20886,0.07773,0.14657,0.27309,0.24414,0.21143,0.18787,0.21201,0.37466,0.20229,0.09903,0.13756
0.15591,0.16539,0.08749,0.03634,0.33573,0.25257,0.14900,0.11850,0.20137,0.19032,0.16024,0.06076,0.14912
0.05411,0.03731,0.06039,-0.01834,0.14994,0.08179,0.04044,-0.01615,0.04921,-0.00943,0.01320,-0.02683,0.10924
-0.05980,-0.14954,0.08837,-0.07672,-0.05499,0.00319,-0.08493,-0.17867,-0.24343,-0.21435,-0.18526,-0.21583,-0.24439
-0.18199,-0.25636,0.10192,-0.12668,-0.19108,-0.19699,-0.22222,-0.20711,-0.43090,-0.28266,-0.21566,-0.25372,-0.43657
-0.30849,-0.39540,0.12239,-0.27032,-0.36598,-0.28853,-0.37214,-0.32166,-0.53357,-0.44236,-0.25064,-0.49075,-0.61801
-0.43510,-0.47180,0.10378,-0.33161,-0.42067,-0.37299,-0.47384,-0.51286,-0.62074,-0.50882,-0.33991,-0.52564,-0.61096
-0.55756,-0.56189,0.12655,-0.35996,-0.53996,-0.55606,-0.52261,-0.61073,-0.76583,-0.60773,-0.36076,-0.64208,-0.65317
-0.67027,-0.70517,0.11821,-0.57016,-0.69264,-0.88996,-0.59042,-0.69829,-0.90550,-0.69249,-0.56761,-0.71222,-0.73241
-0.77071,-0.77198,0.13089,-0.74894,-0.82302,-0.95206,-0.57986,-0.76421,-0.99798,-0.70834,-0.61466,-0.73639,-0.79432
-0.85487,-0.80914,0.11907,-0.87354,-0.90182,-0.94169,-0.59312,-0.78161,-0.96879,-0.72195,-0.71958,-0.73009,-0.85926
-0.91951,-0.85654,0.10431,-0.93687,-0.93107,-1.01855,-0.68489,-0.81919,-0.94820,-0.76135,-0.76167,-0.81786,-0.88580
-0.96154,-0.87632,0.10763,-0.91948,-0.99237,-0.98145,-0.68682,-0.82332,-1.02493,-0.77244,-0.80721,-0.85018,-0.90498
-0.98044,-1.00405,0.09418,-1.12825,-1.01894,-1.18582,-0.94147,-0.92831,-1.02664,-0.88511,-0.92538,-0.98284,-1.01771
-0.97526,-0.95258,0.14158,-1.08661,-1.14151,-1.12614,-0.87900,-0.78295,-0.99339,-0.84350,-0.73531,-0.94483,-0.99260
-0.94655,-0.92035,0.13577,-0.94604,-1.07222,-1.02847,-0.76705,-0.86600,-1.09392,-0.79060,-0.70961,-0.89883,-1.03081
-0.89574,-0.88851,0.11679,-1.10114,-1.00720,-0.94662,-0.80921,-0.83023,-0.94551,-0.84082,-0.71586,-0.76963,-0.91885
-0.82486,-0.84205,0.07714,-0.97820,-0.90373,-0.85095,-0.85211,-0.81133,-0.84218,-0.87302,-0.74175,-0.70538,-0.86182
-0.73580,-0.70847,0.09078,-0.90277,-0.67449,-0.58637,-0.69141,-0.69986,-0.69807,-0.78399,-0.63248,-0.64281,-0.77243
-0.63107,-0.59175,0.07205,-0.71100,-0.53556,-0.50100,-0.60831,-0.60317,-0.59599,-0.53809,-0.57664,-0.53580,-0.71196
-0.51589,-0.52201,0.09994,-0.54585,-0.41711,-0.50577,-0.49280,-0.53638,-0.51435,-0.69544,-0.57287,-0.33047,-0.60909
-0.39409,-0.27965,0.10459,-0.30475,-0.20809,-0.04205,-0.33724,-0.33127,-0.41048,-0.34065,-0.31797,-0.19526,-0.30873
-0.26742,-0.27618,0.12824,-0.44910,-0.25491,-0.02681,-0.35975,-0.18384,-0.42028,-0.25536,-0.26831,-0.17515,-0.36833
-0.14024,-0.17489,0.09892,-0.30499,-0.20579,0.02517,-0.11231,-0.12855,-0.31028,-0.13454,-0.23698,-0.15922,-0.18147
-0.01947,-0.07056,0.12089,-0.20680,-0.09581,0.17000,0.08795,-0.05210,-0.12121,-0.03198,-0.20120,-0.10030,-0.15415
0.09315,-0.07017,0.11690,-0.18949,-0.09123,0.10602,0.08982,-0.03671,-0.17593,0.03271,-0.12483,-0.08171,-0.23036
0.19332,-0.01668,0.14865,-0.21085,-0.15928,0.20445,0.11942,0.13372,-0.08150,0.09355,-0.01966,-0.04684,-0.19977
0.27599,0.23277,0.11133,0.03735,0.31531,0.30574,0.27769,0.31808,0.17175,0.31661,0.26174,0.28467,0.03874
0.33714,0.34357,0.13542,0.16817,0.53805,0.34612,0.36067,0.35358,0.17320,0.45173,0.37592,0.49859,0.16965
0.37522,0.34170,0.16979,0.17310,0.48442,0.35841,0.28783,0.40468,0.22040,0.45347,0.37106,0.62782,0.03577
0.38992,0.37526,0.09697,0.29334,0.45984,0.41233,0.34151,0.38600,0.30101,0.41349,0.41729,0.53585,0.19194
0.38036,0.43124,0.10299,0.27982,0.51973,0.43461,0.33623,0.38935,0.39241,0.43894,0.45013,0.65847,0.41272
0.34671,0.31165,0.13724,0.18456,0.31420,0.38711,0.23924,0.19634,0.21442,0.45594,0.44436,0.53965,0.14064
0.29017,0.19400,0.07860,0.07564,0.33004,0.16354,0.21593,0.21991,0.20755,0.13690,0.28991,0.19793,0.10265
0.21271,0.10602,0.04805,0.05744,0.03802,0.09936,0.10217,0.08614,0.17448,0.19101,0.11236,0.07406,0.12516
0.11700,0.08551,0.05583,-0.01619,0.04064,0.18298,0.07800,0.09562,0.13269,0.08935,0.08429,0.12738,0.04030
0.00620,-0.03630,0.08135,-0.05485,0.10042,-0.00250,0.01661,-0.06014,-0.16794,0.06204,-0.11409,-0.05509,-0.08744
-0.11605,-0.12062,0.08026,-0.04013,-0.00001,-0.08186,-0.12639,-0.16350,-0.21439,-0.05208,-0.25643,-0.16006,-0.11138
-0.24366,-0.21769,0.12955,-0.10023,-0.02733,-0.34742,-0.28148,-0.20500,-0.42796,-0.03799,-0.26155,-0.25261,-0.23532
-0.37377,-0.49087,0.15985,-0.24946,-0.77652,-0.63516,-0.45940,-0.45889,-0.50818,-0.40458,-0.28918,-0.49944,-0.62786
-0.50064,-0.55263,0.10047,-0.48867,-0.71769,-0.48160,-0.52061,-0.57479,-0.54250,-0.52925,-0.37393,-0.61758,-0.67970
-0.62010,-0.68571,0.10836,-0.57089,-0.86594,-0.60700,-0.56659,-0.76152,-0.75056,-0.71924,-0.53555,-0.74790,-0.73187
-0.73013,-0.76950,0.10048,-0.72470,-1.00466,-0.78608,-0.68726,-0.76001,-0.75093,-0.83087,-0.68188,-0.81228,-0.65634
-0.82619,-0.75554,0.17785,-0.87297,-0.99140,-0.90742,-0.56875,-0.50036,-0.93267,-0.67671,-0.86386,-0.67743,-0.56384
-0.90232,-0.64934,0.25914,-0.97279,-0.81875,-1.03397,-0.38884,-0.61984,-0.67294,-0.15367,-0.60056,-0.65815,-0.57395
-0.95775,-0.75883,0.32938,-0.90157,-1.18729,-0.91567,-0.33866,-1.22719,-1.00222,-0.48129,-0.62170,-0.37301,-0.53969
-0.99017,-0.87886,0.39140,-0.47982,-1.06081,-0.94328,-0.18767,-1.08305,-1.38704,-0.93240,-1.13430,-0.38971,-1.19055
-0.99806,-1.75103,0.27619,-1.91516,-1.95432,-1.75451,-1.21576,-1.62196,-1.75449,-1.42440,-2.02932,-1.72824,-2.11213
-0.98121,-1.14285,0.13303,-1.29844,-1.22990,-1.30941,-1.10463,-0.97108,-1.10329,-0.94941,-1.01410,-1.22180,-1.22644
-0.87897,-1.11764,0.14354,-1.25580,-1.35778,-1.23883,-1.01695,-0.94546,-1.09203,-0.93441,-1.00297,-1.19875,-1.13341
-0.92554,-1.12489,0.14945,-1.21814,-1.44000,-1.12984,-1.04461,-1.02216,-1.21978,-1.08436,-0.88178,-1.05211,-1.15613
-0.96097,-0.92016,0.09543,-1.00608,-0.93576,-1.00453,-0.90628,-0.80850,-0.99258,-0.86449,-0.88618,-0.75003,-1.04713
-0.90057,-0.93759,0.09685,-1.01917,-1.01085,-0.83597,-0.93294,-0.86480,-0.97178,-1.09810,-0.85549,-0.79552,-0.99128
-0.76455,-0.69706,0.10582,-0.87147,-0.65255,-0.60586,-0.66752,-0.62948,-0.80589,-0.76003,-0.57007,-0.59756,-0.81014
-0.61776,-0.49384,0.08685,-0.48450,-0.47297,-0.39212,-0.44122,-0.48530,-0.60002,-0.54153,-0.47771,-0.38218,-0.66084
-0.45769,-0.41286,0.12535,-0.60847,-0.34823,-0.32682,-0.43210,-0.30963,-0.54814,-0.36474,-0.31642,-0.27977,-0.59425
-0.29317,-0.29100,0.09965,-0.45951,-0.31673,-0.13222,-0.28385,-0.19539,-0.37358,-0.29934,-0.24460,-0.21127,-0.39347
-0.12977,-0.12350,0.09703,-0.18839,-0.24561,-0.07969,-0.01726,-0.03388,-0.17274,0.05003,-0.18575,-0.15450,-0.20719
0.03029,0.07246,0.11679,-0.03476,0.25857,0.17373,0.02841,0.10824,0.09123,0.21951,-0.08132,-0.03697,-0.00210
0.18100,0.25742,0.10262,0.10531,0.39466,0.28470,0.16032,0.34293,0.20580,0.36346,0.31871,0.27281,0.12546
0.31503,0.37769,0.10615,0.15053,0.50428,0.45967,0.39053,0.42631,0.35505,0.32948,0.38995,0.48906,0.28206
0.42846,0.52534,0.11818,0.22001,0.61137,0.61294,0.57046,0.54646,0.61438,0.48135,0.47714,0.54614,0.57316
0.51698,0.62284,0.13382,0.32499,0.67117,0.78304,0.67326,0.51641,0.73649,0.61148,0.53137,0.68197,0.69820
0.57687,0.55594,0.13042,0.39478,0.56777,0.80158,0.54127,0.50767,0.66111,0.63575,0.50416,0.59538,0.35000
0.60526,0.64082,0.09894,0.45793,0.74721,0.76247,0.71342,0.52813,0.64396,0.64848,0.55312,0.66601,0.68743
0.60149,0.61224,0.09645,0.48390,0.72891,0.62299,0.69777,0.49407,0.62554,0.63373,0.49858,0.74709,0.58983
0.56626,0.58665,0.09892,0.48689,0.68252,0.60062,0.51206,0.48550,0.51813,0.62428,0.50207,0.71827,0.73615
0.50128,0.51357,0.10730,0.56246,0.60851,0.44247,0.36210,0.38849,0.52363,0.57188,0.45917,0.71824,0.49876
0.40921,0.32740,0.13837,0.30200,0.50842,0.26401,0.24297,0.25496,0.26747,0.33287,0.41316,0.57964,0.10850
0.29273,0.20902,0.09503,0.13971,0.43038,0.22192,0.09726,0.18398,0.20779,0.27393,0.24618,0.15633,0.13274
0.15574,0.11619,0.08942,-0.00301,0.30133,0.14769,0.05450,0.06150,0.13053,0.05857,0.22199,0.09112,0.09769
0.00378,-0.06437,0.07797,-0.06458,0.05926,-0.00630,-0.07076,-0.11826,-0.12302,-0.13090,0.05328,-0.17092,-0.07153
-0.15815,-0.21164,0.07949,-0.07750,-0.20236,-0.16057,-0.15854,-0.20645,-0.30531,-0.31295,-0.14154,-0.25114,-0.30008
-0.32512,-0.33094,0.07678,-0.21393,-0.30795,-0.25007,-0.40710,-0.26228,-0.37569,-0.42602,-0.28214,-0.41300,-0.37118
-0.49300,-0.49908,0.08492,-0.34716,-0.47542,-0.49694,-0.54528,-0.52811,-0.50502,-0.62979,-0.38445,-0.58820,-0.49038
-0.65635,-0.61422,0.09836,-0.41631,-0.53239,-0.73990,-0.60768,-0.65909,-0.68134,-0.66908,-0.51030,-0.67474,-0.65140
-0.80779,-0.77317,0.07631,-0.67764,-0.73061,-0.89074,-0.79847,-0.78146,-0.90550,-0.68165,-0.74789,-0.75754,-0.76014
-0.94171,-0.90960,0.08937,-0.88640,-0.92343,-0.94873,-0.96690,-0.86100,-1.11200,-0.78165,-0.88737,-0.83243,-0.89611
-1.05449,-0.97486,0.10926,-0.92963,-1.01921,-0.99896,-0.99926,-0.90341,-1.24124,-0.82849,-0.91487,-0.94088,-0.97268
-1.14062,-1.06848,0.09839,-1.09999,-1.09621,-1.05621,-1.05288,-0.93038,-1.30151,-0.96167,-1.05914,-1.06840,-1.05838
-1.19680,-1.11603,0.11398,-1.21191,-1.21303,-1.14486,-1.04179,-0.95492,-1.31560,-0.96360,-1.12646,-1.06337,-1.12472
-1.22194,-1.16051,0.13171,-1.24368,-1.19383,-1.32141,-1.05341,-0.95914,-1.36239,-1.00295,-1.10753,-1.15788,-1.20288
-1.21515,-1.09244,0.13336,-1.10687,-1.08541,-1.33321,-1.03180,-0.91655,-1.22994,-0.90370,-1.04425,-1.19335,-1.07929
-1.17680,-1.08060,0.13336,-1.07037,-1.04363,-1.33133,-1.02062,-0.89367,-1.18532,-0.94994,-0.98665,-1.22132,-1.10317
-1.10843,-1.02480,0.11659,-1.00745,-0.91434,-1.16074,-0.98921,-0.95316,-1.20210,-0.88583,-0.89682,-1.11661,-1.12179
-1.01262,-0.84422,0.08086,-0.82556,-0.72031,-0.83940,-0.85264,-0.85182,-1.03913,-0.82477,-0.78980,-0.82104,-0.87776
-0.89352,-0.72603,0.10761,-0.77307,-0.63707,-0.52726,-0.70726,-0.73517,-0.85222,-0.82924,-0.60540,-0.75805,-0.83552
-0.75526,-0.65928,0.09089,-0.77023,-0.56188,-0.58598,-0.64017,-0.57247,-0.78316,-0.69473,-0.54661,-0.68068,-0.75688
-0.60220,-0.48684,0.11852,-0.63796,-0.35007,-0.35901,-0.46255,-0.31315,-0.63951,-0.50420,-0.46345,-0.57285,-0.56570
-0.43723,-0.30153,0.12052,-0.42066,-0.26674,-0.09858,-0.37517,-0.18936,-0.43740,-0.46421,-0.30708,-0.21435,-0.24173
-0.26484,-0.17841,0.09676,-0.20532,-0.17221,-0.04890,-0.14661,-0.16766,-0.25099,-0.35564,-0.24201,-0.17403,-0.02077
-0.09318,-0.11464,0.11188,-0.12583,-0.07524,0.09767,-0.05312,-0.19854,-0.08449,-0.30683,-0.21414,-0.14944,-0.03646
0.07158,0.06988,0.12101,-0.01823,0.16321,0.27175,0.07134,-0.09408,0.21902,-0.08293,0.04367,0.03706,0.08804
0.22666,0.19400,0.15410,0.02957,-0.03433,0.33682,0.26778,0.23468,0.43431,0.00241,0.29939,0.15901,0.21035
0.36435,0.18630,0.10297,0.20610,0.13799,0.40041,0.26961,0.09020,0.17486,0.07687,0.21663,0.06073,0.22962
0.47857,0.62206,0.36876,0.63283,0.49992,0.41888,0.52214,0.07463,0.57115,1.49336,0.43728,0.85124,0.71912
0.56750,0.88717,0.27688,0.67948,0.79960,0.71765,1.40250,0.48616,0.98620,0.89824,0.66031,1.20297,1.03860
0.62780,0.84768,0.28021,0.63746,0.79331,0.75685,1.25962,0.54212,0.83951,0.84258,0.53202,1.38310,0.89028
0.65548,0.89655,0.15876,0.94812,0.98506,1.07298,1.03826,0.66735,0.87218,0.65457,0.72603,0.96334,1.03765
0.64986,0.85042,0.27692,0.83804,1.27913,0.86074,0.72023,0.33715,0.72626,0.68774,0.84461,1.26950,0.94081
0.69802,0.71469,0.25699,0.60876,0.97943,1.10687,0.88772,0.54142,0.47759,0.52141,0.43422,1.03374,0.55572
0.51173,0.39620,0.26902,0.24899,0.28961,0.94781,0.38269,0.29258,0.16967,0.25290,0.30235,0.83971,0.23570
0.29978,0.07054,0.17929,0.01946,0.13600,0.35058,0.08116,-0.11368,-0.10496,-0.04641,0.16050,0.35014,-0.12743
0.07177,0.01152,0.16027,-0.06843,-0.03417,0.31524,0.03487,-0.14779,0.11969,-0.26148,0.00273,0.14649,0.00806
-0.16755,-0.09126,0.22498,-0.28947,-0.31752,0.39291,-0.03508,-0.30063,0.15151,-0.04414,-0.21198,-0.17938,-0.07881
-0.32740,-0.45098,0.25927,-0.63660,-0.68472,-0.42520,-0.44087,-0.54839,0.21863,-0.45045,-0.50602,-0.66848,-0.36768
-0.66339,-0.86979,0.20056,-0.70768,-0.93030,-1.02953,-0.90748,-0.80664,-0.79932,-1.10217,-0.41449,-0.97882,-1.02143
-0.99009,-1.12680,0.21453,-1.07863,-1.18168,-1.32020,-1.15561,-0.98517,-1.08160,-1.51782,-0.74761,-0.94106,-1.25860
-1.29958,-1.23549,0.15024,-1.12212,-1.45897,-1.30362,-1.24863,-1.16722,-1.04506,-1.44438,-1.05431,-1.34851,-1.16208
-1.58054,-1.42343,0.24651,-1.36875,-1.94181,-1.42847,-1.43877,-1.16652,-1.46541,-1.57159,-1.13568,-1.57551,-1.14183
-1.82683,-1.77218,0.35781,-1.83195,-2.50609,-2.06530,-1.72462,-1.40275,-1.94523,-1.77679,-1.45786,-1.74487,-1.26632
-1.89152,-2.10220,0.41799,-2.38413,-3.07097,-2.24405,-2.08689,-1.82965,-2.21850,-1.91944,-1.84280,-1.85826,-1.56732
-2.17765,-2.26445,0.49583,-2.16979,-3.52914,-2.46638,-2.40762,-1.85708,-2.28171,-1.99724,-2.17662,-1.85544,-1.90349
-2.43665,-2.39526,0.49228,-1.98884,-3.59007,-2.63048,-2.57733,-1.99298,-2.33687,-1.98992,-2.57764,-2.15369,-2.11483
-2.66717,-2.58804,0.34371,-2.27423,-3.32599,-2.84442,-2.74806,-2.62955,-2.48392,-2.15906,-2.71480,-2.38913,-2.31126
-2.86810,-2.68658,0.34746,-2.27488,-3.21598,-3.22136,-2.91342,-2.81158,-2.56976,-2.30164,-2.66255,-2.50583,-2.38879
-3.03848,-2.82379,0.36084,-2.24550,-3.22382,-3.42252,-3.00831,-3.01778,-2.75283,-2.35582,-2.71648,-2.75283,-2.74205
-2.92384,-2.96021,0.44249,-2.25794,-3.61648,-3.64742,-3.18649,-2.97333,-2.89438,-2.44448,-2.78024,-2.85128,-2.95007
-3.14121,-3.07032,0.39545,-2.71784,-3.37671,-3.89163,-3.30923,-3.07012,-3.09472,-2.50732,-2.70603,-2.98984,-3.03979
-3.32899,-3.05963,0.40672,-2.82566,-3.31862,-3.90396,-3.38655,-2.63767,-3.04662,-2.54157,-2.79143,-3.19122,-2.95296
-3.48631,-3.23570,0.41289,-3.04011,-3.67638,-4.11286,-3.41109,-2.88679,-3.25560,-2.77819,-2.84551,-3.24822,-3.10224
-3.61244,-3.34824,0.38211,-3.19742,-3.71171,-4.22076,-3.39688,-3.03716,-3.31659,-2.97412,-3.09005,-3.46707,-3.07068
-3.70687,-3.39591,0.34284,-2.90401,-3.67988,-4.14866,-3.58182,-3.21009,-3.40453,-3.28897,-3.13703,-3.34297,-3.26111
-3.76922,-3.47418,0.37393,-2.94719,-3.95594,-4.19132,-3.60782,-3.11219,-3.48084,-3.38978,-3.25636,-3.49981,-3.30053
-3.54278,-3.45534,0.34106,-3.18455,-3.58698,-4.23151,-3.61010,-2.95331,-3.48322,-3.33376,-3.37913,-3.55242,-3.23843
-3.65702,-3.38203,0.43418,-3.17504,-3.26442,-4.46382,-3.70419,-2.91377,-3.34706,-3.03252,-3.25396,-3.36423,-3.30127
-3.73978,-3.45791,0.35372,-3.24427,-3.48630,-4.37367,-3.54111,-3.21969,-3.57549,-3.10796,-3.36940,-3.31050,-3.35073
-3.79078,-3.51774,0.39840,-3.34552,-3.28990,-4.41035,-3.62824,-3.58154,-3.85285,-3.05700,-3.09935,-3.34067,-3.57196
-3.80988,-3.46792,0.42924,-3.00049,-3.61364,-4.41041,-3.37526,-3.55382,-3.85862,-3.05695,-3.12606,-3.19345,-3.49047
-3.79710,-3.49674,0.44328,-3.03203,-3.70696,-4.44152,-3.49664,-3.70425,-3.80740,-2.98766,-3.13588,-3.20601,-3.44903
-3.75268,-3.47123,0.52339,-3.18428,-3.97115,-4.63280,-3.16720,-3.51382,-3.72559,-2.83801,-3.22206,-3.07998,-3.37743
-3.42432,-3.43145,0.48817,-3.20330,-4.06128,-4.43570,-3.11952,-3.46521,-3.59739,-2.83966,-3.36856,-3.07198,-3.15194
-3.43330,-3.24476,0.44917,-3.14225,-3.53237,-4.28738,-2.85823,-3.36004,-3.41025,-2.93703,-3.23173,-2.72249,-2.96584
-3.41081,-3.17308,0.35435,-3.28931,-3.54361,-3.68660,-2.80861,-3.47546,-3.26604,-2.97417,-3.27099,-2.72934,-2.68664
-3.35708,-3.13351,0.43586,-3.25403,-3.30665,-3.52563,-2.72796,-3.80851,-3.19417,-2.63553,-3.55501,-2.76596,-2.56165
-3.27256,-2.95013,0.34384,-3.13969,-2.85502,-3.25491,-2.74408,-3.58236,-2.74164,-2.74365,-3.29058,-2.58205,-2.56736
-3.15778,-2.87735,0.31329,-2.96380,-2.81044,-3.29310,-2.65130,-3.38077,-2.49343,-2.62944,-3.19480,-2.62787,-2.72848
-3.01348,-2.73497,0.33139,-2.73406,-2.80842,-3.25020,-2.57679,-3.16244,-2.26766,-2.63102,-3.05018,-2.45168,-2.41723
-2.60399,-2.41193,0.27312,-2.45585,-2.41816,-2.92947,-2.10519,-2.54704,-2.17850,-2.27930,-2.75871,-2.10986,-2.33719
-2.51137,-2.21010,0.31934,-2.17537,-2.09158,-2.67661,-1.72151,-2.33434,-2.35237,-1.86119,-2.70666,-2.00797,-2.17341
-2.38897,-2.12628,0.27636,-2.16902,-1.83147,-2.56162,-1.81307,-1.89766,-2.19757,-1.89681,-2.57134,-2.17561,-2.14867
-2.23753,-1.82252,0.19181,-2.04395,-1.73379,-2.16095,-1.62681,-1.69165,-1.95966,-1.82409,-1.63730,-1.62127,-1.92570
-2.05796,-1.36564,0.13334,-1.43829,-1.22099,-1.60510,-1.19546,-1.22143,-1.42747,-1.30185,-1.37626,-1.36709,-1.50243
-1.85129,-1.28901,0.08008,-1.30726,-1.29502,-1.45788,-1.12469,-1.27845,-1.28149,-1.28605,-1.25384,-1.30714,-1.29828
-1.61868,-1.09135,0.09446,-0.99247,-0.97934,-1.29054,-1.09928,-1.12985,-1.11904,-1.16489,-0.99311,-1.06189,-1.08307
-1.15979,-0.99274,0.13917,-0.97693,-0.86650,-1.21966,-0.93935,-1.26391,-0.97540,-1.00014,-0.87069,-0.89276,-0.92208
-0.97549,-0.70828,0.12676,-0.83720,-0.56354,-0.93453,-0.61099,-0.83945,-0.68999,-0.75992,-0.61132,-0.60296,-0.63288
-0.77646,-0.23069,0.09421,-0.22466,-0.14814,-0.13396,-0.23037,-0.20305,-0.28220,-0.42869,-0.33571,-0.15550,-0.16460
-0.56719,0.08626,0.11667,0.07799,0.22102,0.19987,0.08863,0.13710,0.14116,0.04585,-0.20350,0.07861,0.07586
-0.35255,0.03922,0.11471,-0.09861,0.07526,0.21591,0.10493,0.04604,0.12899,0.05005,-0.15293,-0.07783,0.10043
-0.13478,0.19555,0.10235,0.02235,0.19013,0.29828,0.21447,0.31410,0.20348,0.32530,0.05111,0.17182,0.16447
0.07822,0.18906,0.12011,0.01128,0.13312,0.30053,0.27442,0.36369,0.13753,0.32098,0.15522,0.03900,0.15484
0.34499,0.10720,0.14368,-0.11284,0.09263,0.29332,0.25165,0.15668,-0.01544,0.30783,0.10147,-0.01136,0.00802
0.41887,0.29533,0.10579,0.11814,0.35227,0.33436,0.44271,0.35037,0.18541,0.33533,0.28310,0.38809,0.16350
0.46711,0.41810,0.13391,0.31021,0.60805,0.38764,0.54145,0.40942,0.26747,0.53813,0.33210,0.55405,0.23246
0.49120,0.29307,0.17108,0.07364,0.62910,0.34978,0.35834,0.37487,0.14688,0.40664,0.20791,0.30607,0.07745
0.49047,0.37122,0.11216,0.38795,0.53539,0.38151,0.36929,0.36119,0.25015,0.38853,0.32936,0.53951,0.16934
0.46561,0.26920,0.10803,0.12053,0.44732,0.40080,0.28733,0.17163,0.20596,0.23840,0.30350,0.35225,0.16425
0.41746,0.32989,0.15237,0.17301,0.47941,0.36177,0.25078,0.21837,0.25914,0.34785,0.37488,0.66159,0.17213
0.34757,0.26602,0.12164,0.20995,0.49868,0.32115,0.24163,0.09598,0.21120,0.25978,0.30291,0.39884,0.12005
0.25937,0.19124,0.08903,0.04385,0.36082,0.19837,0.11856,0.18991,0.17142,0.18979,0.25055,0.27064,0.11847
0.15557,0.04960,0.09077,-0.01136,0.03710,0.13382,0.04857,0.01510,0.04937,-0.15608,0.16234,0.10444,0.11265
0.03921,-0.01679,0.09153,0.05101,0.04652,0.13522,-0.01482,-0.12279,-0.14229,-0.12127,0.04508,-0.05301,0.00845
-0.08817,-0.08829,0.09883,0.01904,0.04757,0.01461,-0.10766,-0.18274,-0.17155,-0.21478,-0.00142,-0.11491,-0.17110
-0.22056,-0.29671,0.11858,-0.20156,-0.24491,-0.16327,-0.29723,-0.23987,-0.47727,-0.40968,-0.20500,-0.23986,-0.48844
-0.35411,-0.41382,0.10311,-0.29637,-0.31443,-0.36678,-0.42781,-0.35061,-0.56263,-0.50498,-0.33186,-0.40079,-0.58192
-0.48513,-0.52904,0.09948,-0.36936,-0.46508,-0.52528,-0.54942,-0.51136,-0.62112,-0.60847,-0.37791,-0.62056,-0.64188
-0.61192,-0.62685,0.07631,-0.50493,-0.61304,-0.73252,-0.59552,-0.60600,-0.68404,-0.67148,-0.50746,-0.68839,-0.66513
-0.72767,-0.73267,0.07434,-0.63947,-0.73276,-0.82844,-0.68119,-0.72555,-0.83024,-0.72116,-0.61352,-0.75107,-0.80334
-0.82885,-0.82464,0.07356,-0.74255,-0.82663,-0.91068,-0.78561,-0.79803,-0.93012,-0.77539,-0.75628,-0.78470,-0.93642
-0.91251,-0.92419,0.10562,-0.87425,-0.89002,-1.11229,-0.90884,-0.84181,-1.02938,-0.83770,-0.84052,-0.83719,-1.06989
-0.97765,-1.00483,0.12679,-0.97737,-1.03025,-1.21063,-0.95369,-0.86219,-1.16292,-0.92466,-0.93834,-0.84939,-1.13886
-1.02099,-1.01579,0.12406,-0.96748,-1.10066,-1.26030,-0.94028,-0.89260,-1.07764,-1.01840,-0.93696,-0.84770,-1.11585
-1.04106,-1.01791,0.09483,-0.95430,-1.14045,-1.19420,-0.96262,-0.93180,-1.07002,-0.96020,-1.02194,-0.90105,-1.04247
-1.03752,-0.96603,0.14811,-0.77353,-0.99420,-1.30650,-1.02442,-0.85263,-0.99455,-0.98133,-0.84786,-0.86755,-1.01770
-1.01067,-0.93151,0.07863,-0.78316,-0.97784,-1.02015,-0.90677,-0.89018,-0.96817,-1.02238,-0.90968,-0.84459,-0.99221
-0.96164,-0.86781,0.10341,-0.68228,-0.87566,-0.98670,-0.96557,-0.90398,-0.88694,-0.95969,-0.73983,-0.76842,-0.90899
-0.89137,-0.86747,0.07919,-0.84847,-0.82358,-0.97368,-0.89495,-0.94989,-0.91430,-0.89549,-0.74544,-0.73756,-0.89137
-0.80130,-0.80096,0.11245,-0.86226,-0.65559,-0.97200,-0.75231,-0.81053,-0.77580,-0.98059,-0.69423,-0.68857,-0.81775
-0.69604,-0.60089,0.06962,-0.64301,-0.48126,-0.63209,-0.61998,-0.61513,-0.57382,-0.69518,-0.58101,-0.49600,-0.67146
-0.57996,-0.45318,0.10569,-0.45196,-0.31004,-0.50423,-0.44046,-0.48247,-0.45619,-0.52064,-0.56283,-0.23645,-0.56658
-0.45438,-0.41621,0.11119,-0.48986,-0.24794,-0.44223,-0.37499,-0.43421,-0.51674,-0.49645,-0.51517,-0.19809,-0.44640
-0.32306,-0.25651,0.10933,-0.38724,-0.12771,-0.18078,-0.34983,-0.21691,-0.33893,-0.11275,-0.36226,-0.14704,-0.34169
-0.19014,-0.05892,0.08674,-0.13367,-0.07376,-0.00880,-0.08808,-0.14532,0.04924,-0.04175,-0.18597,-0.05351,0.09246
-0.06077,-0.00438,0.10341,-0.19879,-0.09368,0.11875,0.05575,0.01535,0.08264,-0.01531,-0.09130,-0.03566,0.11842
0.06092,0.05242,0.10168,-0.17923,-0.00470,0.14816,0.09216,0.17053,0.10389,0.08351,-0.00807,0.01391,0.10406
0.17206,0.18272,0.09205,-0.00349,0.24682,0.23153,0.18202,0.30854,0.16883,0.29045,0.13956,0.14472,0.11826
0.26876,0.26951,0.09031,0.09236,0.37486,0.28764,0.25360,0.32832,0.20949,0.30702,0.30521,0.36980,0.16683
0.34738,0.30306,0.11588,0.07826,0.43876,0.34103,0.29417,0.37744,0.21047,0.34685,0.33162,0.43544,0.17652
0.40513,0.43222,0.11435,0.32201,0.53044,0.43041,0.35817,0.47257,0.28351,0.51051,0.41897,0.65867,0.33697
0.43944,0.35071,0.12478,0.18742,0.53200,0.38614,0.26469,0.41433,0.26208,0.33142,0.40133,0.53229,0.19537
0.44969,0.36577,0.10854,0.28256,0.53107,0.34997,0.26246,0.41681,0.32862,0.33653,0.38528,0.54818,0.21622
0.43553,0.42758,0.09132,0.31538,0.58255,0.40453,0.30797,0.51418,0.41651,0.45490,0.39525,0.52523,0.35932
0.39762,0.31744,0.11732,0.14866,0.45839,0.35783,0.22305,0.38933,0.25860,0.28849,0.33348,0.51938,0.19716
0.33747,0.26182,0.13584,0.07306,0.47394,0.39187,0.14934,0.26590,0.22112,0.15444,0.31526,0.42555,0.14775
0.25673,0.14766,0.10529,-0.02323,0.34015,0.24114,0.08890,0.10428,0.16330,0.11998,0.25340,0.12236,0.06632
0.15795,0.06006,0.05999,0.00256,0.05307,0.05820,0.05407,0.01159,0.13553,0.01347,0.19154,0.02140,0.05917
0.04502,-0.00179,0.06922,-0.02015,-0.01960,0.05926,0.01457,-0.03880,-0.00529,-0.04449,0.14391,-0.11945,0.01218
-0.07937,-0.10476,0.07663,-0.02473,-0.06035,-0.02433,-0.13727,-0.17118,-0.23702,-0.08669,-0.00308,-0.15396,-0.14898
-0.21163,-0.17821,0.06713,-0.08223,-0.19634,-0.14614,-0.20935,-0.21548,-0.23768,-0.20733,-0.04041,-0.21519,-0.23200
-0.34661,-0.35447,0.10322,-0.18600,-0.34310,-0.26999,-0.38997,-0.29381,-0.45672,-0.54069,-0.30202,-0.32649,-0.43588
-0.48005,-0.37389,0.11099,-0.24593,-0.33454,-0.29925,-0.42495,-0.34365,-0.46679,-0.60581,-0.23360,-0.41558,-0.36885
-0.60895,-0.49626,0.10163,-0.29613,-0.53907,-0.47219,-0.50993,-0.58476,-0.54194,-0.63103,-0.36953,-0.56306,-0.45496
-0.64324,-0.77359,0.04579,-0.68971,-0.77512,-0.81755,-0.76850,-0.80359,-0.81575,-0.82443,-0.70800,-0.75636,-0.77687
-0.82410,-0.86390,0.09581,-0.79011,-0.87034,-0.98054,-0.81096,-0.83665,-1.04349,-0.95232,-0.76104,-0.78418,-0.80932
-0.99084,-0.96691,0.10658,-0.92616,-0.99083,-1.01677,-0.96264,-0.90888,-1.16351,-1.09851,-0.86437,-0.80409,-0.93329
-1.13778,-0.93412,0.11529,-0.86344,-0.97276,-1.07124,-1.04653,-0.84893,-0.97047,-1.11236,-0.84695,-0.80838,-0.80017
-1.25952,-1.04877,0.16223,-0.94518,-1.12625,-1.10820,-1.25318,-0.90161,-1.15423,-1.30980,-0.94945,-0.87462,-0.86515
-1.25163,-1.20266,0.12401,-1.17460,-1.29571,-1.18631,-1.32848,-1.11895,-1.34169,-1.37710,-1.08494,-1.03506,-1.08373
-1.38246,-1.35238,0.14464,-1.29527,-1.37030,-1.41951,-1.38113,-1.50882,-1.56468,-1.46599,-1.17904,-1.17079,-1.16826
-1.48388,-1.37804,0.14212,-1.43203,-1.35529,-1.50754,-1.34321,-1.51852,-1.53167,-1.50408,-1.20472,-1.16297,-1.22041
-1.55045,-1.37087,0.12227,-1.37835,-1.36642,-1.41017,-1.44399,-1.55347,-1.41388,-1.49255,-1.23898,-1.15320,-1.25769
-1.58362,-1.36537,0.10716,-1.27822,-1.24166,-1.51016,-1.37936,-1.50885,-1.46726,-1.43542,-1.28803,-1.26411,-1.28060
-1.47237,-1.42793,0.11467,-1.36978,-1.24467,-1.61734,-1.36906,-1.56974,-1.47003,-1.52467,-1.36484,-1.35075,-1.39845
-1.51650,-1.34256,0.16803,-1.34826,-1.14843,-1.64700,-1.32502,-1.35452,-1.53143,-1.47866,-1.21248,-1.24256,-1.13726
-1.52814,-1.36477,0.17846,-1.46830,-1.18651,-1.61025,-1.29243,-1.48960,-1.56724,-1.49484,-1.20920,-1.18537,-1.14396
-1.50736,-1.27292,0.11297,-1.40118,-1.14826,-1.40710,-1.27001,-1.21378,-1.40782,-1.36756,-1.14562,-1.15113,-1.21671
-1.45446,-1.19922,0.13332,-1.34661,-1.13694,-1.41717,-1.23851,-1.24592,-1.29584,-1.18210,-1.04498,-1.05454,-1.02957
-1.36984,-1.15027,0.11999,-1.24138,-1.08659,-1.39091,-1.19634,-1.12875,-1.23820,-1.10824,-0.96005,-1.08067,-1.07154
-1.20282,-1.08774,0.15032,-1.23423,-0.97561,-1.41932,-1.11102,-0.99343,-1.06546,-1.04865,-0.90545,-1.14387,-0.98033
-1.13022,-0.91610,0.15087,-0.85174,-0.89468,-1.25623,-0.93704,-0.80193,-0.88790,-1.07171,-0.75187,-0.92944,-0.77846
-1.03543,-0.86322,0.14769,-0.79441,-0.85174,-1.04036,-0.71658,-0.79170,-0.86480,-1.19795,-0.72844,-0.82581,-0.82043
-0.91948,-0.65916,0.11552,-0.60784,-0.52075,-0.72708,-0.57742,-0.80909,-0.60168,-0.88527,-0.60464,-0.68039,-0.57740
-0.78536,-0.69519,0.15621,-0.87866,-0.58262,-0.63705,-0.55762,-0.93660,-0.64535,-0.90295,-0.50565,-0.71403,-0.59134
-0.57477,-0.43235,0.14810,-0.55791,-0.44408,-0.26546,-0.38928,-0.58193,-0.50278,-0.68825,-0.35314,-0.26029,-0.28039
-0.49111,-0.31634,0.12028,-0.35714,-0.31633,-0.15596,-0.37251,-0.32352,-0.43425,-0.54407,-0.28069,-0.20317,-0.17571
-0.40476,-0.38466,0.14781,-0.53305,-0.31415,-0.29895,-0.40836,-0.42960,-0.42903,-0.69254,-0.31069,-0.21592,-0.21432
-0.31588,-0.22673,0.10504,-0.27637,-0.24308,-0.09106,-0.18648,-0.37529,-0.22764,-0.38335,-0.26060,-0.14584,-0.07758
-0.22613,-0.16278,0.12638,-0.28422,-0.09468,-0.05194,-0.03424,-0.31273,-0.06671,-0.38056,-0.21788,-0.13406,-0.05079
-0.09242,0.02608,0.13174,-0.22965,0.20054,0.06145,0.09692,-0.13119,0.18783,0.04887,-0.01459,-0.00155,0.04215
-0.08875,0.04828,0.12246,-0.24468,0.21275,0.01479,0.10139,0.00031,0.14068,0.13174,0.03778,0.03400,0.05405
-0.09375,-0.06520,0.10451,-0.29169,-0.01267,0.03324,0.06084,-0.04531,-0.14974,-0.14259,-0.00746,-0.07298,-0.02360
-0.10550,-0.06195,0.15164,-0.19875,-0.17879,0.03491,0.07713,-0.00176,-0.30259,0.21999,-0.05973,-0.12862,-0.08134
-0.03433,-0.26382,0.09528,-0.33850,-0.32174,-0.11369,-0.26320,-0.15430,-0.43969,-0.29440,-0.19409,-0.23219,-0.28640
-0.13702,-0.39084,0.11375,-0.40647,-0.47471,-0.33377,-0.34681,-0.21893,-0.48693,-0.53107,-0.29164,-0.27669,-0.54138
-0.24667,-0.42011,0.12463,-0.44140,-0.57316,-0.38528,-0.28486,-0.25668,-0.58402,-0.42164,-0.31668,-0.35164,-0.58579
-0.35858,-0.55915,0.14732,-0.56921,-0.79517,-0.37713,-0.54075,-0.38427,-0.73740,-0.51962,-0.39226,-0.60694,-0.66873
-0.46882,-0.78594,0.14568,-1.02133,-0.89514,-0.88105,-0.62844,-0.59138,-0.87470,-0.80152,-0.57906,-0.77175,-0.81510
-0.57262,-0.82369,0.11817,-0.93522,-1.02487,-0.92055,-0.71469,-0.64767,-0.84232,-0.86839,-0.71630,-0.74223,-0.82466
-0.66680,-0.93002,0.12218,-1.00977,-1.10221,-1.11985,-0.87567,-0.75883,-0.98086,-0.85935,-0.81154,-0.83909,-0.94302
-0.74925,-1.01735,0.13104,-1.04676,-1.29962,-1.11864,-1.03589,-0.85715,-1.00421,-1.00908,-1.01749,-0.83646,-0.94822
-0.81675,-1.15707,0.14530,-1.19999,-1.45475,-1.27771,-1.13599,-1.01004,-1.09461,-1.12634,-1.26173,-0.98521,-1.02436
-0.86613,-1.16795,0.12813,-1.06406,-1.41187,-1.37619,-1.19441,-1.08574,-1.10433,-1.04818,-1.08629,-1.17872,-1.12973
-0.89615,-1.21782,0.07639,-1.25353,-1.17491,-1.37585,-1.22048,-1.18515,-1.15602,-1.19023,-1.10061,-1.28673,-1.23469
-0.90605,-1.09145,0.09201,-0.97554,-1.15887,-1.16931,-1.17339,-1.07516,-1.03455,-1.23012,-0.97091,-1.12068,-1.00594
-0.89580,-1.14618,0.13075,-1.14788,-1.27967,-1.05133,-1.26358,-1.16115,-1.09553,-1.39250,-0.97577,-1.02323,-1.07113
-0.86585,-1.12562,0.10297,-1.24270,-1.13636,-1.12719,-1.04425,-1.23511,-1.11259,-1.27835,-0.98313,-0.98818,-1.10831
-0.84603,-0.96406,0.10949,-1.07634,-0.84866,-1.02919,-0.92062,-1.01482,-0.98243,-1.13367,-0.77489,-0.87498,-0.98498
-0.74167,-0.89107,0.14530,-1.10124,-0.71250,-1.06270,-0.94129,-0.70197,-0.87075,-1.02826,-0.79303,-0.76610,-0.93284
-0.62186,-0.71047,0.08894,-0.86029,-0.55820,-0.73543,-0.64603,-0.63990,-0.75480,-0.78988,-0.64995,-0.69866,-0.77156
-0.49275,-0.58578,0.19209,-0.92325,-0.19904,-0.60993,-0.55805,-0.50223,-0.67785,-0.42945,-0.59411,-0.61555,-0.74840
-0.40602,-0.42689,0.14725,-0.70051,-0.20357,-0.29912,-0.48692,-0.25195,-0.54078,-0.44516,-0.43600,-0.40164,-0.50327
-0.23141,-0.27527,0.25956,-0.58605,-0.18773,-0.45841,-0.22386,-0.21524,-0.38844,0.37828,-0.36124,-0.32122,-0.38878
-0.05890,-0.16038,0.14317,-0.37025,-0.18441,-0.18997,-0.05462,-0.13501,0.01198,0.07461,-0.23837,-0.16739,-0.35034
0.10505,-0.12756,0.16590,-0.20717,-0.11169,-0.40156,-0.02819,-0.13040,-0.01543,0.15927,-0.07184,-0.10121,-0.36741
0.25485,0.28941,0.09158,0.14794,0.31254,0.31325,0.29971,0.33429,0.19285,0.47917,0.33401,0.24642,0.23395
0.34888,0.49171,0.11579,0.27832,0.55191,0.46239,0.59153,0.41444,0.36696,0.67939,0.53240,0.50143,0.53832
0.49629,0.52794,0.10679,0.28850,0.61276,0.48611,0.56739,0.41909,0.60201,0.63679,0.51099,0.56476,0.59105
0.61683,0.59833,0.11538,0.35713,0.60946,0.72335,0.74473,0.49995,0.61407,0.68639,0.51935,0.61708,0.61175
0.70568,0.59169,0.10376,0.34614,0.61739,0.70810,0.66552,0.60010,0.63026,0.60435,0.50894,0.55894,0.67712
0.76120,0.68698,0.14187,0.44777,0.67597,0.73997,0.97928,0.65189,0.66175,0.71967,0.54368,0.65705,0.79272
0.75537,0.75084,0.15121,0.49056,0.76912,0.85729,0.94455,0.71932,0.86342,0.69960,0.53990,0.71106,0.91356
0.77962,0.64576,0.14607,0.39401,0.72218,0.83802,0.79596,0.51452,0.65072,0.73284,0.49373,0.57102,0.74458
0.77036,0.68324,0.15170,0.41871,0.74500,0.83487,0.90313,0.58523,0.71928,0.63726,0.53869,0.61428,0.83591
0.72792,0.66369,0.16092,0.32501,0.77849,0.83030,0.76549,0.62877,0.77628,0.54535,0.50987,0.69272,0.78468
0.65311,0.60038,0.13562,0.36919,0.69958,0.85331,0.69098,0.51265,0.63604,0.51550,0.49928,0.65442,0.57286
0.53494,0.47929,0.14474,0.22258,0.60236,0.73854,0.50556,0.45213,0.53490,0.51148,0.43277,0.49323,0.29935
0.44393,0.33432,0.10199,0.23602,0.51841,0.28987,0.31599,0.32796,0.28419,0.43977,0.35024,0.41279,0.16799
0.32993,0.25025,0.08009,0.22566,0.22222,0.29673,0.30168,0.32937,0.21939,0.36058,0.29165,0.11449,0.14068
0.19589,0.05804,0.06854,-0.03072,-0.01409,0.18713,0.05486,0.07472,0.15078,0.04610,0.07285,0.00710,0.03172
0.00567,-0.02980,0.08923,-0.04664,-0.08999,0.21169,-0.00593,-0.02853,-0.09738,-0.04017,-0.06254,-0.06976,-0.06878
-0.11332,-0.20414,0.11001,-0.10344,-0.20156,-0.00369,-0.22635,-0.14821,-0.42308,-0.22124,-0.23843,-0.19690,-0.27847
-0.23835,-0.32547,0.11506,-0.21279,-0.35121,-0.28043,-0.28481,-0.16847,-0.52164,-0.41240,-0.30597,-0.23838,-0.47862
-0.36645,-0.37758,0.12697,-0.24833,-0.52526,-0.29517,-0.33156,-0.19998,-0.51027,-0.51750,-0.34591,-0.28505,-0.51675
-0.49119,-0.53083,0.11222,-0.50947,-0.76630,-0.47574,-0.41691,-0.38870,-0.61301,-0.58765,-0.46068,-0.49045,-0.59936
-0.63870,-0.72486,0.14454,-0.64349,-1.06243,-0.59878,-0.62442,-0.57413,-0.79550,-0.82583,-0.73759,-0.66681,-0.71959
-0.71103,-0.81110,0.10517,-0.78170,-1.05959,-0.78847,-0.71777,-0.72078,-0.85618,-0.88561,-0.80400,-0.70332,-0.79355
-0.76877,-0.84255,0.11827,-0.97131,-1.08883,-0.71113,-0.77377,-0.79194,-0.86118,-0.89299,-0.81957,-0.70184,-0.81294
-0.80976,-0.89171,0.12457,-1.02810,-1.10080,-0.89869,-0.73868,-0.93443,-0.90775,-0.97205,-0.77879,-0.71914,-0.83871
-0.87442,-0.87244,0.11945,-0.95909,-1.00940,-0.81528,-0.76955,-0.90506,-0.86076,-1.08915,-0.80982,-0.69095,-0.81532
-0.84083,-0.85902,0.08972,-0.98594,-0.92061,-0.90870,-0.75821,-0.98444,-0.89084,-0.81425,-0.79002,-0.77338,-0.76379
-0.78771,-0.87501,0.09988,-1.00087,-0.93320,-0.91844,-0.84029,-0.85875,-0.84847,-1.05080,-0.77818,-0.75675,-0.76437
-0.71883,-0.69064,0.06301,-0.72174,-0.76838,-0.68041,-0.69454,-0.63932,-0.64331,-0.82218,-0.63102,-0.65367,-0.65186
-0.63669,-0.65329,0.09021,-0.65509,-0.74784,-0.52823,-0.68624,-0.62646,-0.61124,-0.85111,-0.61022,-0.60390,-0.61253
-0.55950,-0.51385,0.07829,-0.62835,-0.41407,-0.64840,-0.48937,-0.48688,-0.48962,-0.52772,-0.55558,-0.41919,-0.47933
-0.41853,-0.36846,0.11533,-0.56962,-0.21228,-0.42248,-0.44488,-0.29323,-0.30091,-0.39358,-0.48513,-0.22464,-0.33787
-0.27404,-0.25726,0.09219,-0.41019,-0.24608,-0.18920,-0.28688,-0.14005,-0.18252,-0.39804,-0.31011,-0.20130,-0.20824
-0.13117,-0.13419,0.12936,-0.40493,-0.20727,-0.05759,-0.05002,-0.07654,-0.01755,0.02332,-0.26373,-0.15643,-0.13117
-0.03166,-0.02609,0.14229,-0.21241,-0.16233,0.16393,0.10785,-0.02689,0.12531,0.11780,-0.16090,-0.11432,-0.09895
0.13650,0.10890,0.14904,-0.03444,-0.15726,0.19854,0.40578,0.15409,0.14264,0.14367,0.06637,0.03483,0.13476
0.28982,0.20001,0.15184,0.10158,-0.02005,0.35030,0.42230,0.25087,0.15365,0.34761,0.25519,-0.01336,0.15199
0.42233,0.37106,0.14177,0.20315,0.37473,0.49206,0.62153,0.47104,0.22086,0.46881,0.30519,0.35086,0.20238
0.53227,0.40369,0.18211,0.26407,0.37890,0.31525,0.85909,0.44886,0.21936,0.49402,0.37893,0.41003,0.26836
0.58674,0.61644,0.18422,0.38374,0.55085,0.74967,1.01038,0.59638,0.45057,0.68641,0.44637,0.57195,0.71809
0.67642,0.67375,0.16088,0.49504,0.71859,0.89676,0.94089,0.48805,0.60259,0.74569,0.51890,0.59820,0.73285
0.73534,0.58259,0.11903,0.44420,0.61956,0.84773,0.65793,0.48829,0.50692,0.61473,0.48807,0.52260,0.63583
0.76000,0.62214,0.12096,0.42727,0.70593,0.68097,0.78664,0.52690,0.66111,0.57786,0.46341,0.63399,0.75736
0.74954,0.45940,0.11613,0.27730,0.65124,0.46162,0.53206,0.47352,0.37830,0.50966,0.40534,0.58253,0.32249
0.69107,0.49952,0.15165,0.28378,0.64568,0.36917,0.74741,0.48938,0.41769,0.48585,0.37973,0.69677,0.47970
0.65365,0.35503,0.18033,0.24918,0.69297,0.34675,0.51376,0.37849,0.21373,0.28539,0.32948,0.49566,0.04485
0.58708,0.33001,0.12368,0.12487,0.49654,0.35449,0.39372,0.40629,0.21519,0.29161,0.34819,0.48011,0.18906
0.49197,0.37201,0.15504,0.31075,0.55262,0.49037,0.30695,0.36538,0.22015,0.34900,0.37973,0.63527,0.10988
0.33288,0.25216,0.12770,0.32546,0.45553,0.28774,0.19970,0.10003,0.19465,0.13969,0.28198,0.43499,0.10184
0.23311,0.19431,0.12568,0.17473,0.45521,0.14754,0.10571,0.10296,0.17396,0.05266,0.20221,0.37596,0.15213
0.11858,-0.07944,0.10786,-0.09394,0.00770,0.05683,-0.05867,-0.14838,-0.29428,-0.20414,-0.02599,-0.03597,0.00243
-0.01024,-0.18709,0.11043,-0.17117,-0.01790,-0.12478,-0.22138,-0.21598,-0.41885,-0.28612,-0.09016,-0.18256,-0.14197
-0.14930,-0.28281,0.11583,-0.17110,-0.12173,-0.29091,-0.27658,-0.20786,-0.47756,-0.38663,-0.23704,-0.22575,-0.43298
-0.32001,-0.40800,0.12281,-0.29318,-0.24630,-0.52699,-0.39457,-0.34133,-0.56199,-0.46960,-0.29391,-0.35807,-0.59406
-0.42628,-0.53152,0.10638,-0.43001,-0.51939,-0.61427,-0.49680,-0.47120,-0.67845,-0.50081,-0.34237,-0.60235,-0.65949
-0.52845,-0.63962,0.12149,-0.49102,-0.81852,-0.68767,-0.58975,-0.59036,-0.80089,-0.60954,-0.44123,-0.65735,-0.70992
-0.62184,-0.72094,0.14202,-0.51306,-0.91870,-0.88351,-0.68136,-0.70116,-0.85296,-0.64858,-0.51802,-0.69253,-0.79952
-0.74940,-0.70805,0.10873,-0.58961,-0.83362,-0.87791,-0.64048,-0.68736,-0.81247,-0.65069,-0.54625,-0.68907,-0.75307
-0.77686,-0.76823,0.13450,-0.54670,-0.95574,-0.91732,-0.68028,-0.75966,-0.89341,-0.73872,-0.60210,-0.75512,-0.83325
-0.78725,-0.67996,0.11468,-0.51509,-0.85916,-0.82646,-0.61730,-0.64839,-0.75769,-0.65089,-0.52695,-0.66983,-0.72784
-0.78118,-0.71780,0.09302,-0.61219,-0.87124,-0.86620,-0.69146,-0.74373,-0.76402,-0.62790,-0.63763,-0.66521,-0.69841
-0.75885,-0.70614,0.08285,-0.56414,-0.82415,-0.73095,-0.73468,-0.73253,-0.82156,-0.67910,-0.63567,-0.62555,-0.71303
-0.72124,-0.73324,0.08304,-0.69555,-0.83638,-0.82757,-0.76225,-0.77485,-0.79855,-0.68004,-0.57446,-0.65454,-0.72825
-0.66904,-0.68672,0.06687,-0.68099,-0.71875,-0.71363,-0.72921,-0.67241,-0.83071,-0.65329,-0.59789,-0.60874,-0.66156
-0.60439,-0.58247,0.07792,-0.54596,-0.54962,-0.63561,-0.63919,-0.58692,-0.66194,-0.66089,-0.40997,-0.52556,-0.60901
-0.53014,-0.58466,0.11345,-0.60722,-0.51898,-0.72869,-0.56435,-0.59747,-0.70667,-0.67021,-0.53480,-0.32974,-0.58848
-0.44859,-0.40786,0.10231,-0.34016,-0.38050,-0.30505,-0.47239,-0.41081,-0.52483,-0.55635,-0.37785,-0.22890,-0.48180
-0.36101,-0.36390,0.13678,-0.34507,-0.27158,-0.17841,-0.39105,-0.28115,-0.55811,-0.54945,-0.38313,-0.19236,-0.48871
-0.27032,-0.22583,0.11629,-0.15877,-0.06826,-0.16966,-0.30637,-0.17464,-0.45321,-0.33440,-0.27780,-0.10948,-0.20575
-0.18131,-0.09629,0.16371,-0.20716,0.16771,0.06235,-0.23135,0.04018,-0.29712,-0.24088,-0.23945,-0.01494,-0.00223
-0.09680,-0.10587,0.22670,-0.25986,0.23057,0.09457,-0.04900,0.21161,-0.46584,-0.27088,-0.23926,-0.12407,-0.18656
-0.01800,0.00154,0.18962,-0.17400,0.27765,0.13734,-0.01280,0.33867,-0.15521,-0.12866,-0.19878,-0.03616,-0.03264
0.05050,0.00579,0.14476,-0.14609,0.17232,0.07791,-0.04468,0.27070,-0.11072,-0.10640,-0.16186,0.07666,0.03011
0.10637,-0.02694,0.13959,-0.16866,0.20747,0.06920,-0.11987,0.07265,-0.17060,-0.10576,-0.19104,0.08451,0.05266
0.14890,0.08166,0.10284,-0.05773,0.19846,0.22670,0.03593,0.10944,0.15137,0.07349,-0.09900,0.07258,0.10538
0.17623,0.05898,0.09121,-0.07198,-0.02915,0.21926,0.06053,0.10576,0.11187,0.11402,-0.06691,0.07336,0.07308
0.18657,0.06143,0.09976,-0.03084,-0.04724,0.20950,0.05335,0.06315,-0.05522,0.08448,0.05970,0.24157,0.03588
0.17988,0.02772,0.05071,-0.09081,0.02270,0.08554,0.02440,0.05235,0.06710,-0.01951,0.05792,0.04810,0.02943
0.15663,-0.01597,0.08063,-0.08527,0.00283,-0.06520,0.00337,-0.02682,0.02630,-0.18827,0.09884,0.04524,0.02924
0.11732,-0.00632,0.06742,-0.05063,0.04470,-0.11008,-0.03105,-0.04465,-0.04225,-0.05053,0.07119,0.09742,0.05265
0.06320,0.03714,0.11538,-0.03384,0.00048,0.10866,0.00803,0.04910,0.08343,-0.21941,0.22276,0.04537,0.10679
-0.00294,0.07957,0.09055,0.06572,0.09646,0.20207,0.03795,0.01792,-0.01128,-0.03877,0.25075,0.06401,0.11087
-0.08004,0.06851,0.10427,0.08432,0.00692,0.22169,0.06302,-0.11079,0.03473,0.05907,0.24359,-0.00774,0.09030
-0.16559,-0.07226,0.11599,-0.04823,-0.11274,-0.00831,-0.01163,-0.19828,-0.26111,-0.07016,0.15115,-0.15044,-0.01281
-0.16214,-0.19268,0.11533,-0.09509,-0.20337,-0.17760,-0.15429,-0.21722,-0.42039,-0.31685,-0.04046,-0.23384,-0.06768
-0.36914,-0.51499,0.09795,-0.35441,-0.57838,-0.54219,-0.41908,-0.54994,-0.65042,-0.49555,-0.41051,-0.64034,-0.50903
-0.57562,-0.67592,0.10759,-0.57296,-0.67099,-0.80030,-0.60968,-0.74346,-0.76990,-0.81174,-0.52159,-0.71202,-0.54655
-0.77614,-0.73581,0.12030,-0.73668,-0.72926,-0.82189,-0.85949,-0.71805,-0.67907,-0.93257,-0.60131,-0.75983,-0.51998
-0.95913,-0.83823,0.13232,-0.85636,-0.87520,-0.93059,-1.10297,-0.74211,-0.75483,-0.93749,-0.75664,-0.79441,-0.63171
-1.00565,-1.12728,0.16042,-1.23307,-1.21609,-1.12858,-1.33825,-1.20338,-0.99952,-1.32516,-0.89098,-0.98803,-0.94972
-1.24951,-1.18639,0.17127,-1.28491,-1.39280,-1.35415,-1.38997,-1.18290,-0.91710,-1.21281,-1.03469,-1.10707,-0.98750
-1.46921,-1.34387,0.18806,-1.35847,-1.58839,-1.43041,-1.47316,-1.38270,-1.11320,-1.52785,-1.09225,-1.40785,-1.06439
-1.65229,-1.53535,0.19304,-1.47972,-1.83854,-1.54827,-1.75471,-1.57860,-1.17469,-1.66716,-1.36038,-1.52583,-1.42564
-1.79929,-1.74286,0.17487,-1.59410,-2.10931,-1.60052,-1.94928,-1.62838,-1.58227,-1.84862,-1.72314,-1.67231,-1.72069
-1.71630,-1.89440,0.19654,-1.69489,-2.35870,-1.78620,-2.05626,-1.80407,-1.84046,-1.88178,-1.83273,-1.71341,-1.97551
-1.90770,-2.03323,0.18796,-1.89097,-2.47178,-2.10524,-2.12229,-2.11974,-2.01377,-1.89657,-1.89814,-1.81869,-1.99514
-2.06708,-2.10126,0.22459,-1.99776,-2.60221,-2.23955,-2.12385,-2.28941,-2.08687,-1.94571,-1.90164,-1.88122,-1.94443
-2.19368,-2.17461,0.22071,-2.16856,-2.65955,-2.23390,-2.15841,-2.39791,-2.14271,-1.97975,-2.07321,-1.88446,-2.04763
-2.28701,-2.17725,0.22896,-2.03965,-2.67635,-2.22284,-2.13218,-2.36570,-2.19365,-2.00188,-2.21930,-1.82382,-2.09707
-2.34673,-2.26799,0.22034,-2.21358,-2.65517,-2.32623,-2.14512,-2.42001,-2.29264,-2.02730,-2.43918,-1.87513,-2.28552
-2.18780,-2.26789,0.22492,-2.19552,-2.63722,-2.43603,-2.13909,-2.51191,-2.29249,-1.98583,-2.36772,-1.93453,-2.17855
-2.29543,-2.23335,0.28799,-2.18665,-2.64939,-2.55258,-2.12643,-2.52143,-2.33148,-1.92010,-2.28572,-1.79495,-1.96479
-2.37004,-2.27035,0.24565,-2.43207,-2.45470,-2.50873,-2.13050,-2.59750,-2.39771,-1.88396,-2.19648,-1.92392,-2.17792
-2.41141,-2.27304,0.22931,-2.35598,-2.39206,-2.55407,-2.07839,-2.64553,-2.29509,-2.07023,-2.22665,-1.88478,-2.22761
-2.41950,-2.17969,0.22557,-2.16118,-2.23798,-2.53690,-2.03411,-2.53753,-2.19819,-2.00696,-2.22920,-1.83406,-2.02074
-2.39445,-2.25761,0.21062,-2.21779,-2.25020,-2.54946,-2.22685,-2.60596,-2.17016,-2.11323,-2.41964,-1.92731,-2.09548
-2.16038,-2.30482,0.19613,-2.23273,-2.34310,-2.38686,-2.31050,-2.66435,-2.21480,-2.20412,-2.56245,-2.02258,-2.10673
-2.18466,-2.12616,0.27657,-1.91834,-2.28685,-2.34284,-2.04403,-2.65360,-2.02546,-2.20376,-2.23123,-1.87127,-1.68417
-2.17611,-1.97176,0.22605,-1.92035,-1.94422,-2.21627,-1.53343,-2.28571,-2.10312,-1.95530,-2.11332,-1.71310,-1.93273
-2.13497,-1.80277,0.18301,-1.64440,-1.81376,-2.00078,-1.49925,-1.98990,-1.93114,-1.72397,-1.99219,-1.58140,-1.85086
-2.06163,-1.68110,0.19189,-1.46712,-1.69657,-1.75124,-1.39910,-1.79999,-1.86394,-1.53300,-1.99446,-1.52700,-1.77855
-1.95665,-1.66892,0.18101,-1.66082,-1.45347,-1.80259,-1.43125,-1.65594,-1.91053,-1.57167,-1.89741,-1.48947,-1.81605
-1.65992,-1.56234,0.15761,-1.56559,-1.38511,-1.66802,-1.41293,-1.57215,-1.71277,-1.50298,-1.86086,-1.35578,-1.58719
-1.60383,-1.34648,0.13716,-1.37582,-1.17784,-1.45844,-1.22495,-1.18638,-1.48404,-1.32523,-1.38677,-1.25759,-1.58771
-1.51614,-1.18750,0.16483,-1.19555,-1.11447,-1.40679,-1.09721,-0.98816,-1.22447,-0.99412,-1.14643,-1.20012,-1.50770
-1.39748,-0.99205,0.13582,-0.97179,-0.97242,-1.31534,-0.97081,-0.87626,-1.04889,-0.92127,-0.80662,-1.05609,-0.98098
-1.24864,-0.90635,0.14386,-0.76228,-0.96973,-1.17456,-0.76585,-0.85681,-1.01541,-0.84776,-0.71285,-0.93451,-1.02377
-1.07200,-0.78567,0.09992,-0.77733,-0.75071,-0.89054,-0.66238,-0.96478,-0.76091,-0.74849,-0.65052,-0.76701,-0.88405
-0.74647,-0.67524,0.15595,-0.88626,-0.48615,-0.74516,-0.55390,-0.91984,-0.73922,-0.61023,-0.45988,-0.62862,-0.72315
-0.63627,-0.30478,0.16409,-0.39873,-0.08874,-0.09229,-0.36522,-0.59325,-0.40602,-0.33841,-0.18404,-0.17130,-0.40976
-0.51842,0.02090,0.07543,-0.02612,0.01361,0.03833,0.00004,-0.09520,0.11462,-0.01986,-0.05237,0.12350,0.11250
-0.39381,-0.09203,0.10139,-0.05558,-0.00273,0.00782,-0.05547,-0.23245,-0.23441,-0.21447,-0.12211,0.01725,-0.02811
-0.26649,-0.07352,0.16085,-0.08868,0.08082,0.00200,-0.00663,-0.17559,-0.43107,-0.20198,0.04075,0.10109,-0.05589
-0.00696,0.13909,0.08884,0.02817,0.23338,0.14174,0.10457,0.02811,0.22619,0.11670,0.27685,0.18213,0.05306
0.00404,0.26578,0.10126,0.21014,0.50386,0.28288,0.19334,0.24344,0.25128,0.27064,0.34833,0.21957,0.13429
0.00090,0.23226,0.06218,0.21582,0.24682,0.36830,0.24252,0.21691,0.18968,0.24725,0.25814,0.21679,0.12037
-0.01303,0.14609,0.07092,0.11659,0.07819,0.28317,0.10031,0.17578,0.10785,0.06154,0.24270,0.15356,0.14124
-0.03625,0.01842,0.10214,0.00032,0.03232,0.19971,0.05441,-0.01974,0.00562,-0.17616,0.13686,0.00707,-0.05622
0.01461,-0.16805,0.14916,-0.06399,0.00985,0.01187,-0.17660,-0.20023,-0.39480,-0.38607,-0.04165,-0.17443,-0.26450
-0.13818,-0.27780,0.13363,-0.17481,-0.16705,-0.12688,-0.24490,-0.24157,-0.43089,-0.42449,-0.17325,-0.27807,-0.51607
-0.29902,-0.39957,0.11497,-0.30262,-0.37850,-0.25521,-0.40361,-0.32980,-0.52233,-0.54164,-0.28610,-0.38879,-0.58705
-0.45886,-0.56646,0.12900,-0.43670,-0.60341,-0.42749,-0.52879,-0.54101,-0.80476,-0.64771,-0.39380,-0.58554,-0.69541
-0.61271,-0.75534,0.10313,-0.69845,-0.71497,-0.85688,-0.63505,-0.74074,-0.96820,-0.71587,-0.64597,-0.73951,-0.83772
-0.75729,-0.83197,0.08862,-0.78499,-0.77396,-0.90734,-0.76575,-0.80286,-1.02548,-0.77811,-0.77252,-0.78607,-0.92262
-0.88568,-0.93587,0.07918,-0.93439,-0.89846,-0.97303,-0.94168,-0.82320,-1.11566,-0.88294,-0.87608,-0.93059,-0.98268
-0.99540,-1.03570,0.08901,-1.10658,-1.07116,-0.97855,-0.96289,-0.87707,-1.20356,-1.00249,-1.07940,-1.04436,-1.03097
-1.08222,-1.14620,0.10714,-1.14659,-1.23954,-1.14285,-1.04726,-0.93448,-1.27356,-1.05395,-1.16368,-1.20912,-1.25093
-1.14313,-1.13266,0.11417,-1.13192,-1.31473,-1.07681,-0.99051,-0.97428,-1.30304,-1.08626,-1.15840,-1.10300,-1.18765
-1.17618,-1.26087,0.17513,-1.20211,-1.63143,-1.33142,-1.08551,-1.08447,-1.32888,-1.15832,-1.16507,-1.17094,-1.45060
-1.18055,-1.22690,0.16979,-1.24155,-1.63292,-1.29012,-1.06204,-1.13716,-1.14497,-1.11883,-1.22199,-1.07529,-1.34417
-1.15642,-1.29222,0.16686,-1.35421,-1.68680,-1.30384,-1.09297,-1.21718,-1.16585,-1.34559,-1.13938,-1.27014,-1.34622
-1.10524,-1.25697,0.20442,-1.38326,-1.74246,-1.23755,-1.09513,-1.19151,-1.08423,-1.36769,-1.04420,-1.24447,-1.17921
-1.02922,-1.00028,0.22767,-1.07912,-1.43230,-0.87548,-0.79139,-0.85234,-0.97761,-1.34948,-0.81358,-0.81338,-1.01813
-0.93041,-1.00588,0.28168,-1.08180,-1.38401,-0.90682,-0.81997,-0.74372,-1.14990,-1.48779,-0.66024,-0.73582,-1.08874
-0.81225,-0.81022,0.20325,-0.86338,-1.03787,-0.84317,-0.74217,-0.46825,-0.99212,-0.86002,-0.53215,-0.69261,-1.07049
-0.67852,-0.62604,0.24113,-0.63000,-0.56366,-0.77805,-0.53058,-0.27026,-0.76789,-0.49641,-0.50092,-0.54727,-1.17540
-0.53454,-0.55548,0.40154,-0.73195,-0.76360,-0.88813,-0.52159,-0.22031,-0.99838,0.41143,-0.53454,-0.62526,-0.68248
-0.38436,1.29622,2.13870,-0.70849,-0.48242,-0.84202,3.95653,2.76977,-1.27229,2.76314,3.62297,-0.13161,3.28665
-0.23104,2.65590,1.64638,1.60922,2.88118,-0.58561,5.22131,2.93405,1.77402,3.57854,4.25843,1.49631,3.39151
-0.07962,2.77450,1.22179,1.72668,3.29764,0.45663,4.63298,2.73308,2.54774,3.74210,3.87755,1.77546,2.95513
0.06345,2.45533,0.94254,1.51471,2.59091,0.59689,3.91612,2.70032,2.85682,3.08410,2.91282,1.67152,2.70908
0.19386,2.22578,0.47134,1.55349,2.88545,2.15649,2.88677,2.56530,2.38253,2.16247,1.74197,1.68496,2.23841
0.30728,2.57019,0.62480,1.48020,3.21532,2.50186,3.20330,2.83534,1.93878,2.97053,3.00743,1.77038,2.77875
0.40112,2.65039,0.77380,1.54384,3.01060,2.94562,3.91230,2.63180,2.31686,2.77522,3.64057,1.93162,1.79547
0.47059,2.80344,0.52049,1.85616,2.94480,2.74535,3.48228,2.47988,3.47916,2.95706,3.22809,2.34799,2.51359
0.51391,2.45602,0.71607,1.45262,3.03400,1.43599,2.75722,1.99087,3.48031,2.04331,3.26503,2.68189,2.41900
0.53005,1.10197,0.37396,0.43726,1.53469,1.07439,1.07156,0.73100,1.60923,0.86212,1.48492,1.22698,0.98750
0.51910,0.38469,0.12228,0.31620,0.60252,0.37741,0.36521,0.34404,0.38008,0.19354,0.45906,0.54131,0.26751
0.48164,0.54926,0.10705,0.49219,0.69187,0.37430,0.61800,0.48901,0.58387,0.53570,0.47926,0.50048,0.72793
0.41943,0.29943,0.12085,0.37689,0.52459,0.33992,0.23690,0.31557,0.20033,0.13476,0.37099,0.35066,0.14367
0.33375,0.15369,0.12486,-0.00314,0.39417,0.20017,0.21085,0.10434,0.14868,0.06159,0.30340,0.08017,0.03667
0.22817,0.10874,0.09574,-0.02103,0.17402,0.16129,0.10633,0.05341,0.23674,-0.00387,0.25469,0.08524,0.04057
0.10730,0.06013,0.09740,-0.01764,0.20575,0.16365,0.05626,0.03430,-0.06737,-0.02384,0.20389,0.02541,0.02087
-0.02538,-0.05861,0.11456,-0.01979,0.10856,0.06966,-0.01570,-0.12817,-0.17508,-0.24509,0.04290,-0.13683,-0.08650
-0.16805,-0.26975,0.12923,-0.09131,-0.15522,-0.16049,-0.23880,-0.24380,-0.48096,-0.42828,-0.21164,-0.28114,-0.40585
-0.31508,-0.40220,0.10674,-0.25854,-0.32694,-0.31317,-0.40677,-0.34637,-0.46352,-0.57163,-0.33019,-0.44157,-0.56334
-0.46018,-0.50272,0.10151,-0.30818,-0.50390,-0.50732,-0.52579,-0.46703,-0.48436,-0.66527,-0.39238,-0.59351,-0.57948
-0.60187,-0.63676,0.09814,-0.38414,-0.66731,-0.66750,-0.62328,-0.64132,-0.73095,-0.72248,-0.59125,-0.68246,-0.65687
-0.73514,-0.72099,0.09289,-0.51088,-0.65297,-0.80103,-0.67390,-0.73418,-0.85000,-0.74673,-0.75929,-0.75700,-0.72391
-0.85241,-0.91445,0.09840,-0.89526,-0.87968,-0.99640,-0.80307,-0.82455,-1.13887,-0.87819,-0.94358,-0.84314,-0.94176
-0.95019,-0.96289,0.10338,-0.93634,-0.91456,-1.06691,-0.88218,-0.86666,-1.19295,-0.92626,-0.92823,-0.88314,-1.03163
-1.02746,-1.03657,0.09887,-1.02716,-0.99252,-1.08306,-0.98119,-0.89811,-1.25398,-0.96082,-1.07605,-0.98815,-1.10469
-1.08086,-1.02427,0.08093,-1.01374,-0.97952,-1.14156,-1.03996,-0.94480,-1.17816,-0.93940,-0.97757,-0.97380,-1.05418
-1.10711,-1.06808,0.09062,-1.10627,-0.99102,-1.19912,-1.03780,-0.96164,-1.19768,-0.95211,-1.02301,-1.07503,-1.13714
-1.10613,-0.98799,0.12202,-0.88518,-0.94312,-1.25623,-0.95823,-0.90994,-1.10614,-0.91107,-0.85013,-1.02280,-1.03702
-1.07860,-0.87346,0.16805,-0.60694,-0.84897,-1.26354,-0.84396,-0.80501,-0.95078,-0.81303,-0.77169,-0.94095,-0.88974
-1.02539,-0.72195,0.13131,-0.52403,-0.73859,-0.95222,-0.62184,-0.65289,-0.84456,-0.70616,-0.59400,-0.84861,-0.73656
-0.94931,-0.76839,0.14806,-0.64411,-0.77406,-1.01150,-0.62167,-0.68689,-0.89389,-0.71895,-0.55248,-0.89519,-0.88520
-0.85313,-0.69196,0.13920,-0.49395,-0.59913,-0.84417,-0.61503,-0.75291,-0.84562,-0.55687,-0.56498,-0.84782,-0.79910
-0.66366,-0.74455,0.11973,-0.66582,-0.71834,-0.87991,-0.63600,-0.86511,-0.86376,-0.56830,-0.60384,-0.83567,-0.80876
-0.61879,-0.47951,0.10297,-0.30466,-0.39736,-0.61305,-0.50142,-0.50939,-0.45925,-0.49873,-0.35077,-0.60533,-0.55515
-0.56684,-0.42057,0.15346,-0.13339,-0.25510,-0.68908,-0.44036,-0.48562,-0.46289,-0.48118,-0.31198,-0.50930,-0.43677
-0.50694,-0.31197,0.12298,-0.10967,-0.18018,-0.53326,-0.31073,-0.35635,-0.31212,-0.40262,-0.25871,-0.41556,-0.24053
-0.43940,-0.33447,0.12700,-0.05714,-0.17853,-0.40427,-0.33804,-0.35949,-0.38150,-0.41364,-0.32763,-0.38448,-0.50000
-0.31646,-0.27589,0.12560,-0.02826,-0.14834,-0.43564,-0.37584,-0.26643,-0.37029,-0.38352,-0.18541,-0.28052,-0.28462
-0.33000,-0.08384,0.07738,-0.01840,0.00323,-0.07828,-0.11915,-0.14358,-0.04083,-0.22258,-0.04899,-0.17109,0.00131
-0.34436,-0.09828,0.09710,0.00015,-0.03186,-0.05293,-0.15894,-0.14203,-0.10443,-0.29406,0.00957,-0.18489,-0.02339
-0.35747,-0.23113,0.10611,-0.03918,-0.13138,-0.27008,-0.38776,-0.20308,-0.26967,-0.38219,-0.23465,-0.21916,-0.17416
-0.26886,-0.33512,0.12282,-0.09179,-0.23381,-0.30543,-0.36773,-0.29579,-0.45886,-0.41821,-0.28412,-0.36829,-0.52714
-0.36639,-0.36817,0.11917,-0.17067,-0.30053,-0.31534,-0.36061,-0.28627,-0.43315,-0.46027,-0.30237,-0.46443,-0.58810
-0.46373,-0.38148,0.07349,-0.27482,-0.32920,-0.39649,-0.37299,-0.34215,-0.44587,-0.52714,-0.30848,-0.39349,-0.42416
-0.55699,-0.33715,0.10741,-0.24736,-0.27118,-0.22754,-0.42153,-0.29995,-0.33638,-0.57587,-0.23572,-0.39017,-0.36575
-0.64250,-0.49654,0.10648,-0.32961,-0.45426,-0.37632,-0.51179,-0.53403,-0.49969,-0.66973,-0.40842,-0.57129,-0.61028
-0.64230,-0.74573,0.06394,-0.70298,-0.73869,-0.75715,-0.61012,-0.76341,-0.86531,-0.73242,-0.75278,-0.74946,-0.78500
-0.78846,-0.82502,0.07864,-0.86241,-0.84171,-0.87769,-0.69915,-0.80691,-0.98905,-0.84031,-0.79856,-0.75111,-0.78330
-0.92221,-0.77592,0.09252,-0.71219,-0.74369,-0.90082,-0.69588,-0.78466,-0.87807,-0.91343,-0.77027,-0.71265,-0.64757
-1.03603,-0.85664,0.08597,-0.73530,-0.83621,-0.99621,-0.83127,-0.82645,-0.99711,-0.90907,-0.84574,-0.79738,-0.79164
-1.12282,-0.93895,0.08516,-0.84298,-0.95522,-1.05723,-0.90295,-0.89852,-1.10864,-0.94437,-0.88031,-0.85766,-0.94162
-1.11055,-1.09699,0.12837,-0.97353,-1.08757,-1.23225,-1.09611,-1.01522,-1.38906,-1.08828,-0.98687,-0.99495,-1.10603
-1.22490,-1.18726,0.15714,-1.03811,-1.13841,-1.32173,-1.13787,-1.17408,-1.55291,-1.15235,-1.03771,-1.06459,-1.25482
-1.31215,-1.14270,0.14138,-0.97031,-1.09590,-1.31495,-1.12252,-1.10812,-1.42694,-1.22598,-1.06531,-0.99729,-1.09972
-1.36391,-1.12605,0.11356,-0.94779,-1.18292,-1.27555,-1.10962,-1.03174,-1.30929,-1.16936,-1.06719,-1.02438,-1.14269
-1.37951,-1.21576,0.18117,-1.06833,-1.14451,-1.49314,-1.18447,-1.05150,-1.55397,-1.22290,-1.05371,-1.08787,-1.29721
-1.28721,-1.30366,0.17960,-1.17674,-1.18306,-1.50590,-1.20308,-1.23132,-1.69296,-1.22414,-1.17419,-1.20421,-1.44096
-1.32033,-1.14804,0.16166,-1.11291,-1.05560,-1.29161,-1.15534,-1.09356,-1.53173,-1.08921,-0.99995,-0.97885,-1.17167
-1.32227,-0.95013,0.11965,-0.87093,-0.86036,-1.16033,-0.96186,-0.87663,-1.16169,-0.88369,-0.87248,-0.86156,-0.99178
-1.29118,-0.92890,0.10587,-0.89063,-0.86001,-1.12369,-0.87317,-0.84933,-1.08518,-0.82106,-0.87414,-0.89766,-1.01414
-1.22792,-0.95831,0.12472,-0.88940,-0.99850,-1.13793,-0.99822,-0.84368,-1.08949,-0.75938,-0.85161,-0.92490,-1.09003
-1.05689,-0.87120,0.11888,-0.92464,-0.95027,-1.02767,-0.69364,-0.79763,-0.98314,-0.71718,-0.76163,-0.89711,-0.95913
-1.02506,-0.77888,0.12764,-0.79698,-0.90689,-0.96736,-0.72143,-0.65563,-0.89204,-0.61188,-0.60127,-0.83575,-0.79957
-0.97305,-0.63590,0.12839,-0.54739,-0.73986,-0.73445,-0.54821,-0.53651,-0.81214,-0.57848,-0.40870,-0.72706,-0.72621
-0.89936,-0.56254,0.08729,-0.49979,-0.61509,-0.54653,-0.52421,-0.51162,-0.66283,-0.54028,-0.40543,-0.61847,-0.70111
-0.80586,-0.58017,0.09392,-0.76232,-0.58410,-0.56327,-0.52524,-0.54860,-0.58964,-0.53539,-0.40515,-0.62146,-0.66654
-0.62292,-0.57891,0.09138,-0.74579,-0.51468,-0.53545,-0.56757,-0.57602,-0.61537,-0.55178,-0.41037,-0.59050,-0.68161
-0.58488,-0.56251,0.11212,-0.81381,-0.47753,-0.55188,-0.54292,-0.57375,-0.54869,-0.55413,-0.45324,-0.43245,-0.67667
-0.53993,-0.49080,0.10968,-0.66701,-0.43297,-0.33664,-0.50605,-0.56799,-0.54914,-0.43811,-0.39727,-0.38701,-0.62578
-0.48712,-0.47268,0.11292,-0.66568,-0.44778,-0.32762,-0.51729,-0.49350,-0.49716,-0.43025,-0.38271,-0.33625,-0.62859
-0.42720,-0.32316,0.10798,-0.27818,-0.28797,-0.10790,-0.37329,-0.28635,-0.40839,-0.38592,-0.35735,-0.24254,-0.50374
-0.36284,-0.33056,0.10796,-0.24914,-0.21999,-0.21154,-0.40164,-0.26269,-0.42495,-0.39151,-0.37365,-0.24077,-0.52974
-0.29708,-0.30720,0.10891,-0.29642,-0.19442,-0.13187,-0.32001,-0.27035,-0.39196,-0.38303,-0.33898,-0.23256,-0.51245
-0.23052,-0.30103,0.10410,-0.32972,-0.19633,-0.16645,-0.31717,-0.21466,-0.40980,-0.34048,-0.31167,-0.22246,-0.50161
-0.16548,-0.21159,0.08968,-0.20591,-0.14697,-0.05219,-0.19350,-0.17590,-0.32808,-0.22527,-0.29559,-0.15154,-0.34100
-0.10551,-0.09708,0.08887,-0.05962,-0.07864,0.08426,-0.09597,-0.10232,-0.19021,-0.04892,-0.25415,-0.10090,-0.12439
-0.05144,-0.04936,0.07711,-0.07713,-0.07995,0.07645,0.00280,-0.04709,-0.11944,0.03280,-0.16799,0.00384,-0.11788
-0.00524,0.00137,0.10172,-0.03622,0.01045,0.10379,-0.00772,-0.02521,-0.11812,0.04080,-0.10850,0.22030,-0.06588
0.03120,0.17100,0.07639,0.14818,0.23206,0.26332,0.07967,0.13888,0.14824,0.14715,0.19062,0.30074,0.06113
0.05583,0.07591,0.06411,0.01325,0.11103,0.16164,0.01095,0.13355,0.07656,0.09026,0.02114,0.15303,-0.01234
0.06797,0.17499,0.07865,0.07574,0.32072,0.23333,0.08832,0.16297,0.16263,0.20283,0.22811,0.19669,0.07853
0.06763,0.07209,0.05790,0.02153,0.13490,0.11286,0.03586,0.03387,0.14451,0.02728,0.06135,0.15139,-0.00261
0.05462,0.02607,0.06536,-0.05301,-0.01660,0.11426,0.03687,0.03533,0.13345,-0.07745,0.03476,0.03257,0.02052
0.02946,0.05165,0.06588,0.00206,0.01961,0.07977,-0.01743,0.07140,0.18884,0.00143,-0.01559,0.08095,0.10551
-0.00735,0.03700,0.05214,-0.03158,0.03513,0.05565,0.03987,0.08019,0.13045,0.00086,-0.03988,0.02451,0.07485
-0.05462,-0.04650,0.04956,-0.03345,-0.05473,0.01379,-0.02317,-0.07432,-0.09873,-0.05129,-0.06373,-0.12267,0.04328
-0.11081,-0.07899,0.06580,-0.05024,-0.09141,0.01971,-0.02913,-0.13596,-0.14430,-0.04150,-0.18071,-0.12415,-0.01226
-0.17310,-0.17586,0.09261,-0.07956,-0.10549,-0.10988,-0.07921,-0.19886,-0.35290,-0.25785,-0.27120,-0.16631,-0.13732
-0.24051,-0.17417,0.07632,-0.10380,-0.14212,-0.07967,-0.11882,-0.18777,-0.31759,-0.11763,-0.26417,-0.22062,-0.18948
-0.31084,-0.23410,0.08489,-0.14038,-0.12915,-0.22820,-0.16303,-0.20132,-0.36438,-0.23257,-0.27807,-0.22854,-0.37537
-0.38105,-0.39904,0.10861,-0.47319,-0.29337,-0.37471,-0.38008,-0.23287,-0.53171,-0.44996,-0.34640,-0.32774,-0.58041
-0.44866,-0.46778,0.10619,-0.44733,-0.40506,-0.47389,-0.42998,-0.31309,-0.61059,-0.45406,-0.35027,-0.55171,-0.64184
-0.51190,-0.47955,0.10104,-0.41136,-0.38875,-0.51687,-0.47234,-0.34687,-0.59859,-0.46975,-0.37939,-0.56247,-0.64912
-0.56847,-0.55022,0.09591,-0.42611,-0.52225,-0.59476,-0.52873,-0.50476,-0.64322,-0.54722,-0.39574,-0.64727,-0.69216
-0.61611,-0.58681,0.10963,-0.47495,-0.64704,-0.58023,-0.52848,-0.53617,-0.75754,-0.54242,-0.41304,-0.66502,-0.72318
-0.65259,-0.63614,0.11238,-0.64916,-0.62452,-0.70827,-0.54729,-0.55297,-0.81788,-0.55933,-0.44523,-0.70637,-0.75034
-0.67683,-0.67007,0.11808,-0.73280,-0.63021,-0.75299,-0.55721,-0.56697,-0.87767,-0.59152,-0.50436,-0.71016,-0.77678
-0.68793,-0.69879,0.10838,-0.78013,-0.69859,-0.79975,-0.60192,-0.65586,-0.81726,-0.59379,-0.49961,-0.73390,-0.80705
-0.68520,-0.70837,0.11170,-0.85655,-0.64346,-0.86233,-0.58744,-0.65733,-0.78619,-0.62798,-0.54354,-0.74738,-0.77149
-0.66871,-0.67601,0.11056,-0.83072,-0.66780,-0.68674,-0.54214,-0.66727,-0.81207,-0.62278,-0.47908,-0.68819,-0.76336
-0.63886,-0.61183,0.12466,-0.83498,-0.55271,-0.48296,-0.56191,-0.65637,-0.75835,-0.57046,-0.41230,-0.62995,-0.65829
-0.59644,-0.57060,0.10133,-0.75003,-0.50714,-0.50646,-0.55341,-0.59894,-0.66695,-0.50387,-0.40333,-0.55102,-0.66481
-0.54335,-0.49564,0.11457,-0.59721,-0.47249,-0.23987,-0.54813,-0.57148,-0.59263,-0.49432,-0.39049,-0.45013,-0.59970
-0.48157,-0.44316,0.09913,-0.56006,-0.28382,-0.35669,-0.49521,-0.42757,-0.54716,-0.43586,-0.39859,-0.35084,-0.57577
-0.41230,-0.25762,0.09980,-0.17002,-0.17349,-0.09313,-0.24272,-0.23998,-0.33554,-0.36639,-0.36430,-0.20823,-0.38243
-0.33845,-0.26175,0.07645,-0.18184,-0.18930,-0.18233,-0.25093,-0.25188,-0.33108,-0.39993,-0.33794,-0.20000,-0.29223
-0.26306,-0.23862,0.08866,-0.22628,-0.14447,-0.09614,-0.25259,-0.20345,-0.35817,-0.34899,-0.30851,-0.15981,-0.28780
-0.18856,-0.16559,0.08267,-0.20985,-0.10487,-0.03467,-0.13018,-0.12896,-0.25892,-0.25251,-0.29215,-0.12489,-0.11886
-0.11656,-0.05200,0.08180,-0.14640,-0.01391,0.13573,-0.04711,-0.09904,-0.11990,-0.06985,-0.11662,-0.04802,0.00513
-0.04946,-0.10859,0.11142,-0.15318,-0.08470,0.17221,-0.06415,-0.11437,-0.23045,-0.17148,-0.19971,-0.09825,-0.14185
0.00891,0.04643,0.13886,-0.03145,-0.05709,0.24361,0.09548,0.00917,-0.12432,0.10405,0.00008,0.30045,-0.07571
0.05694,0.11145,0.11560,-0.02425,0.11506,0.26525,0.11267,0.03590,-0.00535,0.13912,0.19811,0.29560,-0.01759
0.09309,0.32443,0.14065,0.12315,0.41027,0.33393,0.27056,0.32885,0.21843,0.47911,0.30102,0.59318,0.18580
0.11501,0.27836,0.11189,0.12544,0.41121,0.34411,0.21853,0.21588,0.19677,0.45221,0.26743,0.38281,0.16922
0.12170,0.24409,0.13283,0.01545,0.34870,0.19831,0.16058,0.24199,0.22879,0.43410,0.23619,0.44036,0.13646
0.11971,0.10809,0.06742,-0.04056,0.08926,0.11888,0.07142,0.06681,0.18822,0.11685,0.17272,0.17442,0.12286
0.07174,0.09817,0.06334,-0.02958,0.16747,0.06628,0.11132,0.07839,0.18869,0.12043,0.09240,0.04501,0.14125
0.00966,0.04039,0.06924,-0.02352,0.12684,0.08662,0.02623,-0.02603,0.10794,0.06661,-0.03017,-0.05060,0.11996
-0.06375,-0.03898,0.07520,-0.07068,-0.01303,0.03898,-0.01684,-0.10737,-0.07849,-0.00825,-0.10252,-0.13900,0.10737
-0.14691,-0.06173,0.08364,-0.06525,0.03000,-0.03622,0.00027,-0.17064,-0.08746,-0.02790,-0.15845,-0.16655,0.06490
-0.23736,-0.30273,0.11530,-0.23935,-0.22441,-0.22952,-0.22971,-0.22072,-0.51078,-0.32355,-0.27628,-0.25685,-0.51616
-0.33064,-0.39063,0.12651,-0.29950,-0.33903,-0.30076,-0.37458,-0.22391,-0.62016,-0.42056,-0.34301,-0.39142,-0.59334
-0.42214,-0.50121,0.11564,-0.45425,-0.42983,-0.50678,-0.45609,-0.37665,-0.71892,-0.50969,-0.34757,-0.57177,-0.64054
-0.50998,-0.59335,0.11480,-0.57476,-0.59024,-0.61495,-0.50272,-0.51976,-0.79514,-0.54828,-0.39370,-0.69098,-0.70297
-0.59074,-0.65424,0.13215,-0.53818,-0.67668,-0.79236,-0.54201,-0.65073,-0.85664,-0.57768,-0.43133,-0.75888,-0.71793
-0.66036,-0.66726,0.09663,-0.61388,-0.78287,-0.83229,-0.56660,-0.64198,-0.70026,-0.63440,-0.50711,-0.70853,-0.68463
-0.71648,-0.69973,0.12660,-0.60134,-0.84722,-0.89670,-0.62045,-0.62490,-0.78531,-0.64891,-0.48133,-0.75827,-0.73283
-0.75768,-0.76764,0.13117,-0.68426,-0.93932,-0.88745,-0.63165,-0.67793,-0.92133,-0.67926,-0.58008,-0.81383,-0.86133
-0.78214,-0.81142,0.14714,-0.84718,-0.99861,-0.89818,-0.63505,-0.72606,-0.98769,-0.70336,-0.57080,-0.82772,-0.91955
-0.78888,-0.74299,0.11628,-0.79448,-0.88335,-0.82875,-0.61779,-0.63375,-0.88698,-0.65986,-0.56345,-0.75205,-0.80945
-0.77755,-0.74122,0.12351,-0.85250,-0.86063,-0.79110,-0.63942,-0.70411,-0.91979,-0.60192,-0.54432,-0.69341,-0.80497
-0.74868,-0.72089,0.08995,-0.89774,-0.74480,-0.78249,-0.65883,-0.71079,-0.75920,-0.61534,-0.59217,-0.67890,-0.76870
-0.70334,-0.71882,0.07092,-0.86108,-0.74868,-0.74888,-0.70046,-0.71465,-0.72207,-0.68704,-0.59422,-0.65086,-0.76027
-0.64364,-0.62117,0.08544,-0.80848,-0.58108,-0.49749,-0.61577,-0.63587,-0.63030,-0.54704,-0.58185,-0.61340,-0.70040
-0.57174,-0.59588,0.10489,-0.83935,-0.56100,-0.49298,-0.58362,-0.57033,-0.57772,-0.60423,-0.48146,-0.54637,-0.70170
-0.48950,-0.41693,0.12167,-0.45900,-0.39430,-0.15326,-0.50049,-0.47471,-0.48988,-0.44624,-0.37550,-0.29250,-0.58346
-0.39992,-0.39412,0.11767,-0.43252,-0.30089,-0.16020,-0.39523,-0.42646,-0.45164,-0.56312,-0.41536,-0.28316,-0.51266
-0.30709,-0.29872,0.09007,-0.27128,-0.32642,-0.12606,-0.26341,-0.26017,-0.42862,-0.35467,-0.34020,-0.21588,-0.40048
-0.21414,-0.24941,0.13467,-0.31803,-0.29776,0.07575,-0.24471,-0.20409,-0.39592,-0.23275,-0.31162,-0.18105,-0.38390
-0.12342,-0.16070,0.10754,-0.19337,-0.25437,0.09173,-0.09839,-0.19045,-0.25406,-0.07618,-0.23519,-0.17101,-0.22575
-0.03852,-0.20414,0.13401,-0.37103,-0.23598,0.04477,-0.10186,-0.19202,-0.31154,-0.09113,-0.22565,-0.16810,-0.38886
0.03630,-0.08485,0.11804,-0.25882,-0.09344,0.13366,0.00494,-0.07607,-0.17831,0.05399,-0.12913,-0.15437,-0.15099
0.09841,0.05297,0.11559,-0.08814,0.15127,0.21629,0.04606,0.10138,-0.00527,0.06069,0.00958,0.18313,-0.14535
0.14553,0.30312,0.11997,0.15368,0.37959,0.31837,0.22044,0.34502,0.22476,0.36978,0.31917,0.54674,0.15365
0.17641,0.27368,0.08597,0.17819,0.35538,0.33084,0.26330,0.27835,0.23961,0.21021,0.33466,0.41172,0.13453
0.18965,0.21080,0.09823,0.15075,0.22388,0.31705,0.19760,0.08381,0.17495,0.28739,0.32484,0.30155,0.04621
0.18453,0.09987,0.09059,0.04180,0.05846,0.19869,0.06545,0.05511,0.08715,0.10695,0.17817,0.26072,-0.05376
0.16149,0.25486,0.11173,0.11093,0.46461,0.23616,0.17015,0.22330,0.26063,0.31358,0.30169,0.36135,0.10618
0.12109,0.16106,0.07722,0.12867,0.05290,0.23976,0.06242,0.18047,0.22255,0.14293,0.14304,0.30104,0.13679
0.06546,0.00549,0.08889,-0.05435,-0.00425,0.13902,0.03447,0.04863,-0.08559,0.11270,-0.15835,0.00119,0.02144
-0.00331,-0.00602,0.04954,-0.04069,-0.03390,0.07022,0.03068,-0.01529,-0.00755,0.07257,-0.07854,-0.04275,-0.01497
-0.08397,-0.07005,0.07566,-0.03761,-0.04324,-0.01546,-0.00904,-0.10145,-0.12616,-0.06793,-0.25274,0.00094,-0.04779
-0.17368,-0.14001,0.07039,-0.00858,-0.06109,-0.17656,-0.07062,-0.15576,-0.22095,-0.18406,-0.19604,-0.19471,-0.13176
-0.26920,-0.30440,0.17500,-0.05858,-0.62156,-0.33495,-0.27554,-0.13417,-0.38459,-0.33551,-0.12394,-0.26496,-0.51016
-0.36548,-0.54628,0.15331,-0.61576,-0.78231,-0.39055,-0.43830,-0.40549,-0.64714,-0.46712,-0.34729,-0.66147,-0.70739
-0.45912,-0.55541,0.10227,-0.49178,-0.72812,-0.46446,-0.38140,-0.54488,-0.60295,-0.57606,-0.53100,-0.69020,-0.54325
-0.54858,-0.58568,0.14927,-0.38213,-0.88048,-0.46959,-0.45122,-0.72268,-0.70683,-0.50404,-0.59053,-0.58620,-0.56313
-0.63020,-0.73835,0.25158,-0.99034,-1.01795,-0.97557,-0.50172,-0.83228,-0.94242,-0.27318,-0.65263,-0.63405,-0.56334
-0.69978,-0.62147,0.45566,-0.98553,-0.90991,-1.02438,0.43953,-0.86566,-0.99550,-0.49105,-0.40909,-0.30385,-0.66929
-0.75372,-0.75482,0.48768,-0.48295,-0.58217,-0.73621,0.10560,-1.54761,-1.35420,-0.65069,-1.18179,-0.42016,-0.69804
-0.79144,-1.33094,0.18973,-1.25419,-1.45326,-1.27657,-1.06583,-1.38518,-1.24385,-1.11929,-1.33548,-1.44212,-1.73366
-0.81528,-0.97307,0.12947,-1.18624,-1.03513,-1.12814,-0.99989,-0.80555,-0.99498,-0.77206,-0.89099,-0.93991,-0.97780
-0.74012,-1.01518,0.13333,-1.07701,-1.25504,-1.07943,-1.04251,-0.86198,-1.05652,-0.81495,-0.88126,-1.10923,-0.97381
-0.83484,-0.93810,0.13181,-0.85360,-1.06511,-1.15244,-0.83549,-0.81202,-1.06100,-0.85666,-0.75715,-0.98816,-0.99934
-0.91714,-0.98973,0.13657,-1.01982,-1.26996,-1.05179,-0.88291,-0.88398,-1.11201,-0.87779,-0.80800,-0.96911,-1.02198
-0.91386,-0.87031,0.08444,-0.95996,-0.98477,-0.84982,-0.78853,-0.85672,-0.93334,-0.78647,-0.85255,-0.73781,-0.95316
-0.82547,-0.81296,0.08057,-0.87984,-0.69268,-0.86288,-0.85388,-0.74163,-0.89153,-0.82354,-0.76229,-0.70729,-0.91401
-0.72734,-0.68423,0.09266,-0.79673,-0.69580,-0.56513,-0.66239,-0.63227,-0.77771,-0.72503,-0.54147,-0.64120,-0.80458
-0.60934,-0.62581,0.09166,-0.72531,-0.60491,-0.52866,-0.57259,-0.56320,-0.74970,-0.69949,-0.49257,-0.59713,-0.72450
-0.47814,-0.48128,0.10400,-0.43061,-0.44766,-0.39502,-0.40937,-0.45605,-0.65479,-0.48521,-0.41048,-0.43469,-0.68888
-0.33992,-0.32729,0.10954,-0.40288,-0.30669,-0.20696,-0.31429,-0.23134,-0.45541,-0.33517,-0.28521,-0.19932,-0.53557
-0.20100,-0.14716,0.06924,-0.16135,-0.03056,-0.02684,-0.15019,-0.14427,-0.24670,-0.17318,-0.20160,-0.15435,-0.18262
-0.06336,-0.02616,0.06919,-0.11190,-0.06603,0.02898,-0.02551,0.11665,-0.12293,-0.00152,-0.03862,-0.03641,-0.00434
0.06783,0.12264,0.10375,-0.01953,0.25795,0.19285,0.20838,0.25197,-0.00571,0.10346,0.05059,0.14607,0.04041
0.18455,0.20177,0.10512,0.00300,0.15292,0.32541,0.27868,0.34819,0.19869,0.19536,0.15147,0.25802,0.10598
0.28259,0.21150,0.12233,0.02162,0.16153,0.34535,0.32282,0.38514,0.16275,0.21911,0.29334,0.13645,0.06689
0.36042,0.31721,0.14669,0.11209,0.45044,0.40057,0.27104,0.46212,0.19310,0.50480,0.37189,0.31278,0.09328
0.41438,0.49891,0.10902,0.29099,0.65990,0.46281,0.44599,0.49637,0.59525,0.59506,0.48721,0.56189,0.39368
0.44142,0.42653,0.13893,0.39974,0.69181,0.36127,0.37328,0.45065,0.31238,0.47452,0.42100,0.58653,0.19418
0.44033,0.42211,0.12054,0.47326,0.56707,0.38986,0.36398,0.42958,0.27634,0.46432,0.42155,0.61704,0.21804
0.41186,0.35534,0.10586,0.39385,0.47446,0.37294,0.26298,0.28680,0.28182,0.42126,0.41264,0.49151,0.15517
0.35699,0.25692,0.13290,0.09445,0.35443,0.31256,0.12670,0.18794,0.17560,0.38002,0.35535,0.47059,0.11158
0.27771,0.23915,0.09046,0.24050,0.42533,0.15974,0.14016,0.25383,0.20271,0.25660,0.30792,0.28479,0.11991
0.17834,0.12139,0.06764,-0.01376,0.12992,0.15928,0.06611,0.14858,0.18909,0.11601,0.21141,0.05749,0.14981
0.06254,0.09171,0.08716,-0.01057,0.29065,0.07190,0.04885,-0.01144,0.13538,0.05670,0.12046,0.08516,0.12999
-0.06777,-0.09856,0.05749,-0.08185,-0.03378,-0.07655,-0.05542,-0.13777,-0.02158,-0.17432,-0.16785,-0.16376,-0.07269
-0.20803,-0.23433,0.06607,-0.14053,-0.17044,-0.17015,-0.23925,-0.19525,-0.33112,-0.33187,-0.25937,-0.26932,-0.23602
-0.35082,-0.35246,0.07751,-0.25509,-0.31037,-0.26591,-0.41448,-0.28279,-0.44856,-0.35180,-0.31368,-0.43021,-0.45167
-0.49129,-0.48135,0.10284,-0.30084,-0.43021,-0.46472,-0.51306,-0.41317,-0.54290,-0.60623,-0.36936,-0.58973,-0.58324
-0.62467,-0.61797,0.11203,-0.36788,-0.72265,-0.69726,-0.58025,-0.59365,-0.74020,-0.66641,-0.50980,-0.64945,-0.65215
-0.74734,-0.72668,0.11109,-0.53767,-0.83012,-0.89446,-0.67207,-0.74945,-0.81270,-0.70162,-0.57438,-0.76862,-0.72574
-0.85272,-0.78399,0.10292,-0.57611,-0.88290,-0.94163,-0.76617,-0.80692,-0.86745,-0.71422,-0.71691,-0.79625,-0.77136
-0.93918,-0.86871,0.09031,-0.81840,-0.92859,-0.94473,-0.88810,-0.82006,-1.04259,-0.72834,-0.78823,-0.83011,-0.89792
-1.00284,-0.95412,0.09924,-0.94280,-1.03793,-1.02661,-0.96562,-0.85285,-1.14321,-0.81267,-0.89428,-0.87981,-0.98541
-1.04076,-0.96271,0.13191,-0.98685,-0.99398,-1.16650,-0.88716,-0.83169,-1.19877,-0.81992,-0.84373,-0.95169,-0.94679
-1.05057,-1.04700,0.13257,-0.97498,-1.02391,-1.32749,-1.01071,-0.93246,-1.16861,-0.91329,-0.91368,-1.13955,-1.06530
-1.03259,-0.95353,0.13466,-0.83291,-0.98408,-1.16360,-0.91779,-0.82926,-1.12773,-0.83814,-0.78479,-1.07026,-0.98672
-0.98772,-0.85695,0.10462,-0.79967,-0.82018,-0.96911,-0.80735,-0.83166,-1.03636,-0.78554,-0.68568,-0.87031,-0.96367
-0.91754,-0.77749,0.09964,-0.70372,-0.72865,-0.75486,-0.73645,-0.79735,-1.00193,-0.73205,-0.64578,-0.80505,-0.86911
-0.82590,-0.73683,0.09663,-0.79226,-0.59379,-0.65373,-0.73805,-0.75227,-0.89414,-0.77579,-0.59617,-0.75089,-0.82120
-0.71622,-0.61861,0.08366,-0.70077,-0.49360,-0.52030,-0.62503,-0.58934,-0.71211,-0.74234,-0.54350,-0.63739,-0.62171
-0.59039,-0.50732,0.09785,-0.41312,-0.40571,-0.34892,-0.55868,-0.56951,-0.54420,-0.68097,-0.52624,-0.47144,-0.55444
-0.45275,-0.44281,0.14742,-0.39843,-0.38415,-0.11532,-0.50513,-0.53724,-0.56045,-0.61613,-0.52627,-0.30814,-0.47687
-0.30919,-0.35921,0.14100,-0.38161,-0.28767,-0.11187,-0.48843,-0.28248,-0.51281,-0.57908,-0.40364,-0.25605,-0.28851
-0.16473,-0.17977,0.12845,-0.13360,-0.21699,0.01449,-0.36229,-0.15012,-0.15457,-0.38733,-0.23638,-0.15007,-0.02087
-0.02311,-0.12675,0.18802,-0.04997,-0.32014,0.18097,-0.15189,-0.24058,-0.07685,-0.43894,-0.23753,-0.00429,0.07169
0.11058,0.06829,0.14986,0.10566,-0.18485,0.34444,0.23629,0.01278,0.00030,0.01326,-0.06532,0.11660,0.10368
0.22974,0.55573,0.15360,0.56664,0.36096,0.43589,0.64456,0.37393,0.55287,0.65266,0.42838,0.79225,0.74918
0.32962,0.65638,0.22306,0.61443,0.70262,0.53635,0.79368,0.20351,0.72193,0.62259,0.49648,1.03113,0.84104
0.40738,0.64771,0.11405,0.56879,0.68649,0.72466,0.66976,0.50423,0.67445,0.57887,0.50581,0.88368,0.68032
0.45975,0.74437,0.18724,0.66996,1.06234,0.80538,0.63372,0.45429,0.69958,0.71542,0.54871,0.90712,0.94723
0.58689,0.73907,0.19139,0.80381,0.87156,1.10787,0.63632,0.55123,0.66956,0.59420,0.49087,0.93544,0.72983
0.45650,0.30809,0.17386,0.32795,0.18430,0.65777,0.22243,0.44188,0.16660,0.24190,0.12855,0.50942,0.20010
0.29502,0.25151,0.19907,0.24213,0.27832,0.54299,0.15484,0.11870,0.11432,0.02580,0.26996,0.64735,0.12066
0.11190,0.04667,0.16121,0.00606,0.07754,0.38981,0.05201,-0.16615,0.02214,-0.10384,0.09701,0.19173,-0.09962
0.06859,-0.04395,0.16915,-0.02414,-0.22569,0.32944,0.04477,-0.19968,0.05414,-0.23741,-0.07473,-0.09994,-0.00629
-0.24303,-0.33100,0.19255,-0.44518,-0.60231,-0.25151,-0.12178,-0.53155,-0.03997,-0.10928,-0.44292,-0.43256,-0.33295
-0.56207,-0.73797,0.16768,-0.73754,-0.83686,-0.79698,-0.90087,-0.74998,-0.43225,-0.85546,-0.47450,-0.91870,-0.67655
-0.87703,-1.03644,0.18949,-0.84950,-1.01276,-1.14515,-1.10446,-0.91964,-0.91710,-1.35136,-0.73835,-1.05524,-1.27081
-1.17769,-1.07149,0.21047,-0.98148,-1.14454,-1.25065,-1.13601,-1.04550,-0.95023,-1.54429,-0.83167,-0.87211,-0.95842
-1.45345,-1.38564,0.22975,-1.46111,-1.84028,-1.43341,-1.35484,-1.28296,-1.14140,-1.54564,-1.08033,-1.54388,-1.17257
-1.52833,-1.62543,0.31988,-1.82110,-2.19205,-1.98538,-1.53657,-1.28080,-1.67635,-1.58496,-1.29191,-1.69061,-1.19461
-1.83502,-1.89821,0.39900,-2.04740,-2.81204,-2.14063,-1.80046,-1.58962,-2.01835,-1.86045,-1.51233,-1.78720,-1.41359
-2.11269,-2.12637,0.43656,-2.09078,-3.26228,-2.25494,-2.16244,-1.71218,-2.19062,-1.91840,-1.93518,-1.96153,-1.77535
-2.36044,-2.32359,0.35892,-2.17207,-3.17197,-2.50758,-2.56713,-2.01741,-2.33173,-2.01105,-2.32102,-2.09401,-2.04194
-2.57697,-2.49009,0.32299,-2.34384,-3.22141,-2.73900,-2.60904,-2.33362,-2.47093,-2.11519,-2.59408,-2.26982,-2.20399
-2.76121,-2.63030,0.34231,-2.28675,-3.30829,-3.08183,-2.66330,-2.55568,-2.60029,-2.18724,-2.68716,-2.38862,-2.54381
-2.67611,-2.77583,0.37331,-2.29165,-3.47728,-3.25554,-2.83971,-2.62665,-2.80239,-2.34869,-2.75298,-2.49473,-2.86865
-2.90623,-2.82227,0.40893,-2.26883,-3.44853,-3.51392,-2.87580,-2.66858,-2.86815,-2.38013,-2.69609,-2.55378,-2.94888
-3.10513,-2.99076,0.40205,-2.66805,-3.35144,-3.85353,-3.12729,-2.88025,-2.92193,-2.43925,-2.70461,-2.81576,-3.14547
-3.27186,-3.10152,0.38763,-2.73146,-3.40044,-3.98205,-3.22844,-2.92050,-3.15907,-2.64154,-2.81030,-3.08012,-3.06126
-3.40563,-3.21526,0.36968,-2.95700,-3.47812,-4.09493,-3.32780,-2.96849,-3.25179,-2.79043,-2.97631,-3.14063,-3.16706
-3.50592,-3.23570,0.38729,-2.90788,-3.37734,-4.15074,-3.39783,-2.97779,-3.25311,-2.82436,-2.93099,-3.15056,-3.38639
-3.57233,-3.31338,0.37557,-2.77933,-3.66697,-4.14676,-3.40968,-3.16010,-3.27950,-3.02546,-3.12404,-3.20585,-3.33609
-3.40081,-3.36822,0.34263,-3.03490,-3.51753,-4.21052,-3.41958,-3.17658,-3.41488,-3.07007,-3.11393,-3.26589,-3.45827
-3.51863,-3.36628,0.46089,-3.21237,-3.14114,-4.57905,-3.46793,-3.39354,-3.28979,-2.90776,-3.06656,-3.15837,-3.44629
-3.60329,-3.37840,0.40015,-3.11939,-3.40633,-4.38999,-3.30792,-3.07630,-3.58379,-3.03648,-3.14601,-3.21782,-3.49993
-3.65449,-3.36118,0.38230,-3.11806,-3.49683,-4.27392,-3.37322,-3.26093,-3.62329,-2.98032,-2.98037,-3.17438,-3.33052
-3.67214,-3.42933,0.44785,-3.03294,-3.53532,-4.45483,-3.33163,-3.48798,-3.78578,-2.96164,-2.98888,-3.25245,-3.46187
-3.65633,-3.43457,0.53250,-3.05512,-3.93588,-4.65102,-3.10593,-3.45671,-3.53751,-2.83933,-3.14601,-3.09839,-3.51981
-3.60736,-3.44298,0.52326,-3.17987,-4.05487,-4.51602,-2.94249,-3.46606,-3.68966,-2.82473,-3.34645,-3.04306,-3.36658
-3.35597,-3.48628,0.52951,-3.25581,-4.11010,-4.54807,-3.01307,-3.65723,-3.67826,-2.87046,-3.47078,-3.00763,-3.25142
-3.36014,-3.14499,0.40924,-3.06734,-3.62113,-3.93135,-2.77259,-3.34228,-3.23711,-2.90439,-3.13776,-2.56387,-2.87206
-3.33141,-3.22528,0.38942,-3.37116,-3.60157,-3.65005,-2.75583,-3.71767,-3.35926,-2.90008,-3.35919,-2.78734,-2.75063
-3.27007,-3.07123,0.42471,-3.33710,-3.21683,-3.25664,-2.72082,-3.79345,-3.02005,-2.58825,-3.53407,-2.62675,-2.61837
-3.17666,-2.97207,0.39473,-3.12719,-2.85952,-3.29279,-2.76648,-3.72253,-2.63488,-2.55458,-3.40337,-2.60152,-2.75782
-3.05185,-2.87473,0.36931,-2.96389,-2.86949,-3.43077,-2.64268,-3.42005,-2.37260,-2.53016,-3.18981,-2.67307,-2.65482
-2.65188,-2.71032,0.37834,-2.58734,-2.83744,-3.44870,-2.54990,-3.07068,-2.24158,-2.58207,-3.02663,-2.35673,-2.40217
-2.57928,-2.37864,0.26727,-2.51481,-2.36292,-2.80102,-1.85424,-2.47519,-2.35893,-2.17032,-2.66701,-2.19336,-2.38863
-2.47520,-2.25547,0.30840,-2.35047,-2.04806,-2.62054,-1.77452,-2.37955,-2.49753,-1.91664,-2.68653,-2.00208,-2.27881
-2.34038,-2.09627,0.24817,-2.33503,-1.83263,-2.50516,-1.71643,-1.90287,-2.16832,-1.99681,-2.30777,-2.00123,-2.19648
-2.17568,-1.64724,0.16755,-1.91372,-1.59462,-1.72877,-1.44053,-1.49291,-1.80627,-1.63292,-1.55698,-1.46316,-1.84254
-1.98213,-1.48830,0.16059,-1.58548,-1.41568,-1.60252,-1.18757,-1.45078,-1.53459,-1.38875,-1.37211,-1.57554,-1.76994
-1.76090,-1.30699,0.09031,-1.28409,-1.29154,-1.48281,-1.13771,-1.31384,-1.29507,-1.28482,-1.30770,-1.40930,-1.26305
-1.32615,-1.15810,0.12571,-1.05559,-0.99988,-1.36922,-1.07760,-1.29340,-1.23581,-1.25935,-1.03510,-1.17254,-1.08256
-1.15302,-0.81743,0.15352,-0.86250,-0.60074,-1.10648,-0.77278,-0.96681,-0.74794,-0.95387,-0.69853,-0.69226,-0.77239
-0.95391,-0.44359,0.08667,-0.39507,-0.38124,-0.32176,-0.47204,-0.48452,-0.48372,-0.58578,-0.49243,-0.31606,-0.50326
-0.73803,-0.25570,0.10186,-0.28465,-0.16737,-0.07903,-0.30228,-0.21762,-0.32700,-0.39630,-0.38613,-0.17128,-0.22536
-0.50885,-0.01429,0.09303,-0.05110,0.07167,0.06248,0.02905,0.04450,0.07575,-0.08173,-0.21549,-0.08117,0.00315
-0.27138,0.03869,0.13349,-0.15727,-0.01642,0.22173,0.12599,0.11450,0.10138,0.12303,-0.15770,-0.08763,0.11932
0.13369,0.05088,0.11896,-0.07186,-0.10370,0.10661,0.10389,0.26456,0.09435,0.16201,-0.02056,-0.08128,0.05476
0.25064,0.09925,0.12520,0.01238,0.04052,0.32454,0.17280,0.19630,0.00391,0.25089,0.01681,-0.02868,0.00305
0.34664,0.21367,0.10872,0.05180,0.26942,0.29980,0.24251,0.33035,0.18415,0.36761,0.20963,0.07665,0.10482
0.42335,0.30751,0.11348,0.09316,0.33765,0.35108,0.47637,0.31206,0.21571,0.41507,0.28744,0.38762,0.19892
0.47653,0.30222,0.11756,0.07373,0.39107,0.34729,0.40365,0.38476,0.19001,0.38908,0.30368,0.37635,0.16253
0.50447,0.38798,0.12126,0.29555,0.61195,0.39084,0.41208,0.47581,0.28183,0.41646,0.33952,0.47567,0.18008
0.50687,0.33595,0.13958,0.12082,0.53330,0.34839,0.47888,0.31496,0.24144,0.37942,0.31396,0.48272,0.14557
0.48397,0.28216,0.11967,0.07829,0.47490,0.38546,0.29366,0.21156,0.21369,0.28889,0.34169,0.37996,0.15354
0.43674,0.31977,0.15377,0.13021,0.46380,0.41900,0.25255,0.16446,0.22288,0.37162,0.37962,0.60906,0.18446
0.36623,0.25106,0.11329,0.22913,0.43932,0.30353,0.20457,0.07054,0.19946,0.31898,0.33758,0.31064,0.09684
0.27547,0.18189,0.06397,0.07443,0.26277,0.20538,0.12260,0.20241,0.18195,0.13806,0.23075,0.26835,0.13218
0.16767,0.08332,0.07802,0.05126,0.05071,0.20653,0.04361,0.04256,0.07379,-0.06124,0.17173,0.15570,0.09853
0.04595,-0.02080,0.07577,0.02580,0.03131,0.11075,-0.00068,-0.10203,-0.08439,-0.14146,0.03001,-0.05679,-0.02054
-0.08606,-0.15075,0.11353,-0.01944,-0.03228,0.01676,-0.19080,-0.20172,-0.32766,-0.26320,-0.10297,-0.15669,-0.22949
-0.22319,-0.26990,0.11782,-0.13571,-0.19773,-0.18737,-0.30608,-0.23727,-0.42393,-0.38741,-0.12504,-0.24568,-0.45274
-0.36296,-0.44461,0.08164,-0.35627,-0.35032,-0.44414,-0.46483,-0.41868,-0.54021,-0.52103,-0.34979,-0.42292,-0.57790
-0.50092,-0.52803,0.10050,-0.35474,-0.48333,-0.49467,-0.53742,-0.50021,-0.62260,-0.63158,-0.39965,-0.64718,-0.60896
-0.63125,-0.66258,0.09265,-0.51425,-0.67435,-0.76716,-0.61819,-0.65115,-0.78162,-0.70130,-0.51139,-0.69209,-0.71428
-0.75014,-0.78876,0.08377,-0.70143,-0.75782,-0.89644,-0.73976,-0.76537,-0.86136,-0.75075,-0.69303,-0.77781,-0.94378
-0.85502,-0.90888,0.10374,-0.86734,-0.85394,-1.07022,-0.89833,-0.83102,-1.03219,-0.83752,-0.80297,-0.83497,-1.06030
-0.94072,-0.93351,0.09284,-0.90356,-0.91341,-1.13027,-0.93103,-0.86455,-0.98754,-0.85820,-0.87018,-0.83781,-1.03857
-1.00487,-0.97124,0.11532,-0.90876,-0.97419,-1.18971,-0.95530,-0.86121,-1.09146,-0.87470,-0.91309,-0.85254,-1.09139
-1.04632,-0.95864,0.10682,-0.89354,-1.01898,-1.20059,-0.91244,-0.85318,-0.99479,-0.95472,-0.92041,-0.82650,-1.01125
-1.06348,-0.99189,0.11643,-0.91510,-1.00910,-1.26305,-0.96039,-0.87012,-1.07552,-0.91449,-0.95409,-0.90204,-1.05498
-1.05588,-1.10622,0.10777,-1.08092,-1.07341,-1.35617,-1.06948,-1.02399,-1.13412,-1.11226,-1.06048,-0.95853,-1.19283
-1.02410,-0.96398,0.08627,-0.83840,-1.02411,-1.06548,-0.98196,-0.95222,-1.00915,-1.05959,-0.84428,-0.86406,-1.00053
-0.96965,-0.92500,0.07222,-0.84423,-0.88996,-0.94097,-1.02184,-0.99191,-0.98316,-0.95403,-0.82811,-0.82718,-0.96863
-0.89360,-0.90029,0.11210,-0.91381,-0.79761,-1.10261,-0.89199,-1.02708,-0.94925,-0.92929,-0.75365,-0.75850,-0.87907
-0.79984,-0.75759,0.09751,-0.80550,-0.60985,-0.77326,-0.74753,-0.78799,-0.74547,-0.97015,-0.66677,-0.68200,-0.78741
-0.69142,-0.67413,0.09423,-0.75538,-0.56763,-0.82310,-0.65278,-0.63341,-0.62416,-0.81463,-0.61589,-0.56541,-0.68890
-0.57161,-0.50684,0.10710,-0.60725,-0.35705,-0.56097,-0.44745,-0.52758,-0.54304,-0.58375,-0.57190,-0.28987,-0.57958
-0.44211,-0.34233,0.08636,-0.37696,-0.26135,-0.36234,-0.35521,-0.33341,-0.40414,-0.46994,-0.42048,-0.18472,-0.25472
-0.30706,-0.22841,0.06505,-0.27325,-0.20952,-0.19973,-0.28975,-0.20012,-0.22334,-0.34014,-0.27053,-0.13780,-0.13989
-0.17310,-0.13258,0.07913,-0.27478,-0.16866,-0.06027,-0.07771,-0.18206,-0.07472,-0.16921,-0.19109,-0.12082,-0.00652
-0.04418,-0.04245,0.08219,-0.16934,-0.04771,0.06807,0.05781,-0.00026,-0.05657,-0.07275,-0.15335,-0.08271,0.03228
0.07581,0.04967,0.07686,-0.05346,0.04172,0.07008,0.10922,0.12449,0.10359,0.07481,-0.08762,-0.01521,0.12911
0.18509,0.18025,0.07985,0.01854,0.21900,0.29102,0.18847,0.27487,0.14205,0.21255,0.19753,0.14394,0.11457
0.27719,0.26850,0.09466,0.10185,0.40567,0.32804,0.23200,0.34361,0.19739,0.34378,0.26497,0.30596,0.16174
0.34927,0.40463,0.10441,0.24860,0.49931,0.40460,0.34070,0.45648,0.29342,0.41749,0.42199,0.61083,0.35290
0.39930,0.41361,0.11417,0.34949,0.62135,0.43000,0.31557,0.44271,0.27995,0.45649,0.41187,0.55507,0.27361
0.42678,0.37843,0.12039,0.22490,0.56650,0.35376,0.28984,0.44258,0.30937,0.36186,0.39044,0.58041,0.26469
0.42983,0.39309,0.11509,0.27237,0.53599,0.41755,0.31306,0.44257,0.30675,0.45694,0.38334,0.57865,0.22369
0.40882,0.42073,0.10950,0.21421,0.57725,0.41060,0.32435,0.46192,0.45353,0.36596,0.37301,0.56897,0.45750
0.36492,0.34418,0.12765,0.14444,0.53385,0.40912,0.27032,0.42149,0.27855,0.35461,0.33165,0.50779,0.18995
0.29910,0.18883,0.10562,0.01943,0.33432,0.28027,0.14950,0.09242,0.19426,0.16869,0.29767,0.27263,0.07916
0.21474,0.12581,0.09320,-0.01839,0.24364,0.16353,0.07493,0.15073,0.18730,0.05802,0.27349,0.04442,0.08040
0.11470,0.06697,0.09112,-0.01346,0.02729,0.08571,0.02806,0.05707,0.15762,-0.08780,0.24546,0.08938,0.08033
0.00216,-0.02567,0.08367,0.01744,-0.03428,0.07969,-0.07062,-0.12070,-0.07406,-0.08573,0.13639,-0.10380,-0.00106
-0.12123,-0.12711,0.09959,-0.06870,-0.02622,-0.07432,-0.13198,-0.19469,-0.27849,-0.18979,0.05830,-0.16117,-0.20405
-0.25054,-0.21677,0.11973,-0.10274,-0.21939,-0.16025,-0.31262,-0.22314,-0.34200,-0.39207,0.02184,-0.22942,-0.20788
-0.38018,-0.25647,0.13100,-0.07697,-0.31624,-0.16383,-0.32312,-0.23646,-0.39299,-0.51040,-0.14084,-0.23922,-0.16460
-0.50651,-0.47855,0.08781,-0.33603,-0.54505,-0.45723,-0.46574,-0.51210,-0.54919,-0.59230,-0.34364,-0.54876,-0.43550
-0.58127,-0.70518,0.07105,-0.61649,-0.72747,-0.64045,-0.63523,-0.78342,-0.82891,-0.75431,-0.65038,-0.73125,-0.68386
-0.76593,-0.83786,0.09154,-0.76822,-0.83944,-0.97710,-0.78476,-0.82825,-0.95309,-0.95230,-0.71688,-0.76537,-0.79320
-0.93589,-0.89568,0.09358,-0.81366,-0.91606,-0.98488,-0.90509,-0.85903,-1.00367,-1.05397,-0.81450,-0.77304,-0.83289
-1.08729,-0.91380,0.12576,-0.80737,-0.93018,-1.04164,-1.04934,-0.79521,-0.99614,-1.10893,-0.81754,-0.79415,-0.79748
-1.21376,-0.99900,0.18008,-0.94750,-1.13571,-1.04130,-1.29498,-0.87264,-0.97633,-1.24293,-0.92505,-0.79772,-0.75580
-1.25276,-1.22537,0.14335,-1.27499,-1.26981,-1.23283,-1.35908,-1.32748,-1.26197,-1.42008,-1.08962,-0.98916,-1.02869
-1.38926,-1.22554,0.14940,-1.26058,-1.25373,-1.30737,-1.35282,-1.30959,-1.28882,-1.41745,-1.06295,-0.98026,-1.02187
-1.49449,-1.40392,0.13562,-1.42983,-1.33913,-1.43366,-1.37700,-1.65865,-1.53075,-1.49435,-1.19690,-1.26880,-1.31012
-1.56426,-1.39253,0.09808,-1.41422,-1.37750,-1.48137,-1.43934,-1.52361,-1.41004,-1.47815,-1.22633,-1.26254,-1.31221
-1.60056,-1.46629,0.14634,-1.45200,-1.28506,-1.61304,-1.43838,-1.69672,-1.63159,-1.49823,-1.25017,-1.39083,-1.40684
-1.53581,-1.45920,0.12876,-1.45311,-1.27683,-1.66283,-1.42302,-1.65573,-1.45102,-1.55874,-1.37786,-1.38533,-1.34751
-1.58275,-1.38656,0.16297,-1.36672,-1.19485,-1.68324,-1.36453,-1.51499,-1.46541,-1.53744,-1.20978,-1.32250,-1.20613
-1.59682,-1.45417,0.13840,-1.49682,-1.27092,-1.67212,-1.32063,-1.49701,-1.61777,-1.52102,-1.50026,-1.29241,-1.35271
-1.57811,-1.27718,0.11800,-1.34642,-1.18005,-1.45388,-1.27975,-1.22291,-1.42250,-1.39155,-1.15323,-1.15000,-1.17150
-1.52690,-1.35702,0.18207,-1.35872,-1.24208,-1.47324,-1.32055,-1.79690,-1.42461,-1.27351,-1.23670,-1.13745,-1.30640
-1.36166,-1.16901,0.11668,-1.28151,-1.09108,-1.41413,-1.20618,-1.06641,-1.24688,-1.12764,-1.04052,-1.11176,-1.10395
-1.32185,-1.17837,0.12172,-1.31099,-1.14323,-1.42213,-1.18993,-1.04771,-1.25364,-1.13703,-1.02310,-1.15379,-1.10215
-1.25057,-1.09958,0.12575,-1.21670,-1.02747,-1.32865,-1.20156,-1.02369,-1.04407,-1.07928,-0.88733,-1.14903,-1.03804
-1.14991,-0.92421,0.15196,-0.85726,-0.94361,-1.30601,-0.88488,-0.86151,-0.86975,-1.04092,-0.76201,-0.86348,-0.85267
-1.02345,-0.78355,0.10574,-0.70116,-0.68052,-0.92601,-0.75292,-0.84342,-0.76471,-0.97259,-0.67362,-0.82790,-0.69261
-0.78058,-0.65181,0.12488,-0.80516,-0.59565,-0.60203,-0.54613,-0.81090,-0.58461,-0.84477,-0.48924,-0.66723,-0.57239
-0.69156,-0.66253,0.14666,-0.81673,-0.61993,-0.61815,-0.60843,-0.82973,-0.66837,-0.92077,-0.51547,-0.54977,-0.47793
-0.59310,-0.31264,0.12433,-0.31386,-0.28505,-0.10218,-0.42540,-0.40666,-0.45380,-0.46068,-0.29460,-0.21729,-0.16689
-0.48513,-0.32215,0.11108,-0.36865,-0.27334,-0.16920,-0.37633,-0.37944,-0.38725,-0.54454,-0.28768,-0.21018,-0.22488
-0.37148,-0.24042,0.11744,-0.32113,-0.19231,-0.11711,-0.23843,-0.33181,-0.25441,-0.46574,-0.26598,-0.16049,-0.05675
-0.16776,-0.17786,0.18298,-0.41660,0.05828,0.01708,-0.03190,-0.38654,-0.15645,-0.45465,-0.17343,-0.14228,-0.09209
-0.12903,-0.01654,0.14327,-0.28876,0.11158,0.10203,0.09123,-0.17099,0.14508,-0.13098,0.04029,-0.06194,-0.00290
-0.09870,0.04315,0.10997,-0.23151,0.06405,0.05137,0.09342,-0.00701,0.17047,0.10988,0.10811,0.07424,-0.00157
-0.07536,-0.04010,0.10547,-0.30465,-0.06137,0.03048,0.06286,-0.04799,-0.06691,0.06548,-0.02426,-0.05537,0.00078
-0.05936,-0.13443,0.13722,-0.35426,-0.09626,-0.01321,0.05448,-0.11330,-0.36338,-0.18702,-0.01847,-0.11913,-0.13370
0.00313,-0.15874,0.13822,-0.35233,-0.23528,0.00965,0.07811,-0.10436,-0.32708,-0.25810,-0.12218,-0.15762,-0.11819
-0.07502,-0.30761,0.17527,-0.52928,-0.25069,-0.10395,-0.09973,-0.23026,-0.52581,-0.55623,-0.19157,-0.22291,-0.36562
-0.16288,-0.43391,0.20776,-0.84242,-0.54371,-0.26129,-0.17240,-0.23552,-0.56295,-0.46959,-0.25679,-0.41146,-0.58295
-0.25612,-0.33621,0.11097,-0.29830,-0.36909,-0.23029,-0.26979,-0.18306,-0.47248,-0.37801,-0.29124,-0.31791,-0.55197
-0.35168,-0.55387,0.13451,-0.57162,-0.74168,-0.52291,-0.44432,-0.33880,-0.68281,-0.59936,-0.36862,-0.60200,-0.66662
-0.44561,-0.58265,0.11513,-0.44001,-0.73811,-0.58797,-0.50905,-0.52239,-0.68801,-0.65295,-0.38529,-0.62605,-0.67665
-0.53479,-0.84777,0.11758,-0.99266,-1.04051,-0.92449,-0.76929,-0.74724,-0.83994,-0.84148,-0.64403,-0.80461,-0.87341
-0.61704,-0.97756,0.13432,-1.08008,-1.14152,-1.06826,-1.01795,-0.88189,-1.08313,-0.82426,-0.74462,-0.87519,-1.05874
-0.68996,-1.00476,0.11547,-1.02075,-1.14823,-1.17331,-1.07961,-0.85938,-1.02332,-0.91494,-0.84537,-0.92122,-1.06151
-0.74983,-1.03948,0.10785,-0.95226,-1.14085,-1.25271,-1.13925,-0.92340,-1.03565,-0.95929,-0.95894,-0.97217,-1.06029
-0.79420,-1.00204,0.09489,-0.91792,-1.04052,-1.12262,-1.15307,-1.02013,-0.95803,-0.99181,-0.82299,-0.97878,-1.01455
-0.82248,-1.06695,0.11837,-0.93270,-1.26732,-1.09765,-1.06685,-1.09162,-1.01938,-1.25587,-0.92953,-1.03330,-0.97525
-0.83343,-1.10775,0.11402,-1.07678,-1.24241,-1.06619,-1.16532,-1.09129,-1.04894,-1.33256,-0.92281,-1.08602,-1.04516
-0.82632,-1.06888,0.11161,-1.16140,-1.15960,-1.04537,-0.94730,-1.19052,-1.12626,-1.18366,-0.88263,-0.95465,-1.03736
-0.80878,-1.06673,0.10776,-1.12279,-1.02944,-1.11082,-0.99383,-1.17703,-1.14948,-1.18098,-0.86833,-0.92673,-1.10790
-0.72779,-0.87414,0.12709,-1.04187,-0.78611,-1.01809,-0.79661,-0.85219,-0.86067,-1.07634,-0.70656,-0.76563,-0.83731
-0.63178,-0.86166,0.13853,-1.11213,-0.79909,-1.02606,-0.90885,-0.66844,-0.85060,-0.92850,-0.75230,-0.71025,-0.86040
-0.52482,-0.71406,0.10835,-0.93856,-0.62073,-0.72819,-0.59372,-0.59597,-0.75270,-0.80055,-0.64385,-0.69264,-0.77366
-0.43421,-0.59175,0.15938,-0.91006,-0.36248,-0.55854,-0.56290,-0.43520,-0.67350,-0.45929,-0.56028,-0.67948,-0.71578
-0.27678,-0.46475,0.14096,-0.67679,-0.24751,-0.51598,-0.47409,-0.34768,-0.57731,-0.33901,-0.34848,-0.48967,-0.63101
-0.11848,-0.25163,0.10812,-0.40283,-0.23159,-0.34605,-0.13988,-0.20269,-0.08151,-0.24700,-0.25004,-0.20016,-0.41455
0.03405,-0.04727,0.12655,-0.29384,-0.08878,-0.02203,-0.00702,-0.15096,0.10407,0.15176,-0.05644,-0.10900,-0.00046
0.12945,0.35540,0.11314,0.20063,0.42524,0.31619,0.39475,0.40782,0.27452,0.57457,0.44132,0.24971,0.26929
0.29750,0.36697,0.08263,0.25361,0.43904,0.34595,0.46937,0.36969,0.25266,0.46733,0.40586,0.38563,0.28053
0.44958,0.43465,0.08578,0.29428,0.50717,0.36104,0.48801,0.39084,0.33308,0.55297,0.49209,0.49345,0.43351
0.57633,0.53028,0.08212,0.37362,0.60120,0.57570,0.58032,0.44648,0.56764,0.63755,0.51523,0.55184,0.45323
0.67456,0.66226,0.10366,0.44659,0.74209,0.71225,0.81799,0.63251,0.64824,0.70505,0.55040,0.66485,0.70267
0.70410,0.71679,0.15065,0.48929,0.72698,0.78457,1.00100,0.60789,0.71747,0.75921,0.53053,0.69868,0.85228
0.77463,0.65715,0.13713,0.37599,0.72399,0.77833,0.83353,0.53733,0.65344,0.71838,0.53071,0.69856,0.72126
0.81061,0.63711,0.15174,0.37740,0.67339,0.86287,0.86088,0.54965,0.66357,0.61754,0.51674,0.54123,0.70782
0.81157,0.71177,0.13615,0.46024,0.77168,0.90842,0.82420,0.63393,0.77145,0.68965,0.54833,0.69118,0.81864
0.77884,0.72178,0.16854,0.40340,0.75578,0.90208,0.88283,0.61714,0.86908,0.64561,0.56081,0.68833,0.89271
0.68921,0.54524,0.20635,0.09781,0.71378,0.80106,0.78961,0.55624,0.59562,0.42968,0.45905,0.46762,0.54195
0.63035,0.64006,0.13741,0.42065,0.69234,0.89499,0.72932,0.53143,0.67112,0.62515,0.47008,0.66564,0.69987
0.54269,0.41621,0.12424,0.22058,0.42755,0.52410,0.40619,0.47215,0.47133,0.52104,0.39555,0.54244,0.18113
0.42894,0.29050,0.08777,0.23150,0.38715,0.32187,0.32525,0.36070,0.25931,0.23595,0.38463,0.29920,0.09945
0.24288,0.18334,0.07140,0.03374,0.15920,0.20307,0.27005,0.23019,0.21974,0.25793,0.19871,0.13683,0.12396
0.12939,0.06295,0.07929,-0.04753,0.01467,0.20977,0.03874,0.10336,0.13572,0.04867,0.10132,-0.04322,0.06802
0.00352,-0.07729,0.08226,-0.06150,-0.10443,0.11664,-0.06717,-0.04128,-0.19949,-0.09183,-0.06476,-0.13810,-0.12099
-0.13193,-0.14731,0.13929,-0.05555,-0.11423,0.14723,-0.09587,-0.11830,-0.37049,-0.23643,-0.23377,-0.15031,-0.24537
-0.27151,-0.26934,0.13662,-0.16033,-0.33595,-0.05481,-0.20822,-0.15477,-0.50119,-0.34156,-0.27944,-0.22210,-0.43507
-0.45119,-0.49869,0.10336,-0.52597,-0.63738,-0.45093,-0.40230,-0.33431,-0.60429,-0.55373,-0.43513,-0.42569,-0.61715
-0.55042,-0.62983,0.11236,-0.56267,-0.89756,-0.53238,-0.56089,-0.61122,-0.63450,-0.70292,-0.64812,-0.50014,-0.64789
-0.63914,-0.74487,0.12654,-0.72893,-1.06223,-0.60733,-0.64558,-0.69426,-0.81204,-0.74554,-0.73415,-0.66113,-0.75752
-0.71587,-0.81166,0.10940,-0.88060,-1.04283,-0.79771,-0.72662,-0.72900,-0.88667,-0.71367,-0.74060,-0.71378,-0.88515
-0.77896,-0.89922,0.12732,-1.00458,-1.06000,-0.91128,-0.75051,-0.84517,-0.88175,-1.12609,-0.84253,-0.74803,-0.82229
-0.84109,-0.90645,0.12406,-0.99944,-1.09934,-0.92040,-0.80237,-0.87648,-0.89881,-1.09116,-0.78879,-0.73315,-0.85455
-0.82995,-0.91577,0.13994,-0.96125,-1.01467,-0.84940,-0.81832,-0.96521,-0.91667,-1.23582,-0.82651,-0.74369,-0.82614
-0.79996,-0.84592,0.09915,-0.98275,-0.96040,-0.96106,-0.71185,-0.89550,-0.82187,-0.81651,-0.81975,-0.73120,-0.75830
-0.75294,-0.77574,0.08931,-0.89011,-0.81169,-0.67034,-0.73895,-0.85377,-0.73428,-0.92253,-0.67032,-0.75238,-0.71303
-0.71882,-0.72619,0.10302,-0.88424,-0.76581,-0.72750,-0.72748,-0.63049,-0.66097,-0.91890,-0.63200,-0.66173,-0.65276
-0.60545,-0.59170,0.07312,-0.74598,-0.50842,-0.53083,-0.59187,-0.58461,-0.52817,-0.68009,-0.59415,-0.60198,-0.55087
-0.47984,-0.40047,0.10554,-0.55876,-0.32481,-0.37208,-0.42099,-0.30077,-0.35744,-0.45542,-0.57855,-0.25436,-0.38150
-0.34707,-0.32178,0.13603,-0.63862,-0.32649,-0.26122,-0.33995,-0.18108,-0.18488,-0.43912,-0.31030,-0.22379,-0.31238
-0.26098,-0.25062,0.10047,-0.42814,-0.27832,-0.10837,-0.24643,-0.17915,-0.11177,-0.35111,-0.25436,-0.23759,-0.31096
-0.09287,-0.12302,0.12734,-0.30730,-0.24601,-0.01419,0.07915,-0.00193,-0.02354,-0.14466,-0.24978,-0.16972,-0.15225
0.06886,0.02934,0.16589,-0.22934,-0.20054,0.13659,0.26278,0.08817,0.10647,0.16312,-0.05209,-0.10747,0.12566
0.22067,0.22563,0.10812,0.05124,0.11802,0.24185,0.38976,0.33111,0.21121,0.35164,0.23911,0.14865,0.17367
0.35520,0.35972,0.16667,0.22592,0.30800,0.27267,0.79506,0.38219,0.25484,0.43483,0.34076,0.34400,0.23897
0.43056,0.45855,0.14507,0.31930,0.44105,0.40615,0.83406,0.48028,0.44220,0.50397,0.32494,0.44705,0.38653
0.55354,0.57041,0.13379,0.34999,0.57121,0.75363,0.74142,0.46325,0.56152,0.61548,0.44822,0.50107,0.69833
0.65049,0.59065,0.12346,0.46319,0.56054,0.88002,0.63700,0.50413,0.55608,0.66605,0.50365,0.49318,0.64266
0.71389,0.57258,0.10921,0.43309,0.59243,0.72711,0.77244,0.50664,0.57375,0.58998,0.47686,0.47366,0.57979
0.74229,0.45766,0.10000,0.27111,0.58887,0.56112,0.48240,0.47333,0.30989,0.49550,0.45081,0.50858,0.43496
0.71505,0.46264,0.15638,0.17732,0.58387,0.65691,0.61585,0.49434,0.51100,0.43961,0.36669,0.53054,0.25033
0.71369,0.36988,0.15800,0.16364,0.47717,0.34958,0.51968,0.44351,0.22980,0.35318,0.33967,0.65433,0.16829
0.68046,0.31845,0.18228,0.09308,0.67796,0.33404,0.31000,0.44392,0.20038,0.30396,0.32737,0.44496,0.04881
0.61612,0.31036,0.15881,0.10196,0.57892,0.44886,0.33156,0.37475,0.19821,0.24411,0.31453,0.43512,0.07561
0.47622,0.30018,0.15025,0.10258,0.51926,0.38954,0.33117,0.33715,0.19260,0.17939,0.34460,0.49981,0.10569
0.39412,0.24609,0.11622,0.17521,0.46684,0.27494,0.23720,0.10461,0.19803,0.14071,0.33939,0.37212,0.15187
0.29199,0.25914,0.10916,0.33013,0.50108,0.26903,0.21053,0.15961,0.20992,0.14835,0.24306,0.35026,0.16942
0.17091,-0.02060,0.10150,-0.06204,0.09905,0.05833,0.02687,-0.13197,-0.17703,-0.15096,0.04349,0.01369,0.07460
0.03420,-0.10956,0.13109,-0.07827,0.02648,0.05107,-0.10061,-0.19220,-0.40624,-0.17572,-0.06831,-0.13111,-0.02069
-0.14820,-0.22832,0.11122,-0.10883,-0.06745,-0.19246,-0.23608,-0.20408,-0.43554,-0.35736,-0.17965,-0.19491,-0.30683
-0.26553,-0.38159,0.11196,-0.28273,-0.23962,-0.47937,-0.37473,-0.33319,-0.53125,-0.44535,-0.30381,-0.27791,-0.54791
-0.38275,-0.49804,0.10983,-0.37874,-0.52177,-0.57684,-0.48777,-0.39908,-0.66831,-0.47218,-0.32774,-0.51293,-0.63504
-0.49714,-0.57732,0.11659,-0.42401,-0.71296,-0.65139,-0.53476,-0.52712,-0.68426,-0.55173,-0.37015,-0.62339,-0.69342
-0.60523,-0.65315,0.11980,-0.53151,-0.81218,-0.80516,-0.59405,-0.60336,-0.75342,-0.57412,-0.45618,-0.68725,-0.71428
-0.71969,-0.70728,0.11357,-0.58540,-0.89208,-0.84275,-0.65526,-0.70187,-0.80837,-0.62409,-0.54663,-0.66914,-0.74718
-0.76588,-0.68523,0.10256,-0.58515,-0.91432,-0.79111,-0.64520,-0.64340,-0.70132,-0.63196,-0.56484,-0.68583,-0.68917
-0.79500,-0.73389,0.12025,-0.62097,-0.94799,-0.91060,-0.66286,-0.63190,-0.81394,-0.67288,-0.61521,-0.74919,-0.71332
-0.80742,-0.74649,0.13949,-0.55294,-0.96889,-0.94898,-0.69002,-0.65706,-0.87509,-0.66419,-0.63609,-0.74740,-0.72426
-0.80266,-0.75595,0.13587,-0.55942,-0.98866,-0.88879,-0.73828,-0.80190,-0.88964,-0.63398,-0.65594,-0.65352,-0.74940
-0.78074,-0.73856,0.09599,-0.60575,-0.88832,-0.84040,-0.73139,-0.70660,-0.87135,-0.67931,-0.66816,-0.66643,-0.72789
-0.74251,-0.71880,0.08794,-0.72210,-0.81454,-0.80348,-0.69038,-0.76279,-0.82465,-0.66115,-0.54463,-0.64363,-0.72063
-0.68933,-0.67198,0.05423,-0.72508,-0.64402,-0.70246,-0.71212,-0.67630,-0.76488,-0.63038,-0.61334,-0.59242,-0.65880
-0.62257,-0.59726,0.06520,-0.61812,-0.56488,-0.60132,-0.63035,-0.58712,-0.68379,-0.67576,-0.48803,-0.50063,-0.62263
-0.54436,-0.47268,0.10837,-0.42585,-0.39694,-0.48364,-0.55996,-0.43993,-0.57665,-0.58146,-0.46806,-0.23151,-0.56283
-0.45785,-0.39849,0.14163,-0.38488,-0.19141,-0.33694,-0.42765,-0.31518,-0.56256,-0.59173,-0.39067,-0.21662,-0.56730
-0.36525,-0.31463,0.13834,-0.31434,-0.13103,-0.20443,-0.31649,-0.17797,-0.51097,-0.46885,-0.36385,-0.18336,-0.47498
-0.26942,-0.19531,0.17888,-0.25428,0.06745,-0.01961,-0.28402,0.03041,-0.43355,-0.39205,-0.30967,-0.08750,-0.27023
-0.17437,-0.16811,0.18424,-0.29789,0.08321,-0.03971,-0.07365,0.09048,-0.48666,-0.32177,-0.24658,-0.17674,-0.21183
-0.08339,-0.18107,0.17384,-0.31211,0.05201,-0.09703,-0.26301,0.12683,-0.45252,-0.29738,-0.23403,-0.13952,-0.19392
0.00046,-0.08263,0.17293,-0.23083,0.01637,0.08379,-0.21392,0.22260,-0.36048,-0.02813,-0.20476,-0.01849,-0.09246
0.07413,0.03162,0.13219,-0.09763,0.12962,0.20291,-0.09665,0.25439,-0.02004,0.04735,-0.13400,0.06337,-0.03308
0.13604,0.13765,0.07963,0.01398,0.13079,0.26377,0.07288,0.20059,0.19303,0.20566,0.03904,0.12209,0.13469
0.18300,0.09659,0.08390,-0.00569,-0.03286,0.23418,0.06673,0.14460,0.16713,0.16418,0.04860,0.12163,0.05746
0.21285,0.17165,0.07326,0.11069,0.12785,0.21033,0.09875,0.14843,0.19363,0.31183,0.12575,0.27216,0.11711
0.22523,0.19967,0.09132,0.11804,0.22759,0.22820,0.10288,0.15267,0.19651,0.31925,0.18783,0.37096,0.09276
0.21937,0.02748,0.09082,-0.08236,0.13979,0.02128,0.05302,0.05484,0.05880,-0.16669,0.10264,0.08568,0.00782
0.19532,0.22367,0.10214,0.18129,0.38995,0.24124,0.17187,0.20518,0.33370,0.03823,0.30750,0.23091,0.13685
0.15407,0.23533,0.10806,0.09039,0.26533,0.42212,0.10433,0.23065,0.26682,0.13609,0.32256,0.33395,0.18106
0.09710,0.22292,0.07973,0.16692,0.19943,0.31473,0.11793,0.15194,0.18982,0.26499,0.37741,0.25690,0.18912
0.02558,0.14393,0.09472,0.14978,0.05667,0.27221,0.10908,-0.01634,0.10181,0.16605,0.30512,0.17450,0.12045
0.05701,-0.04959,0.12040,-0.02967,-0.03200,0.00690,-0.00232,-0.18683,-0.22900,-0.06384,0.18994,-0.15969,0.01057
-0.14923,-0.23343,0.10696,-0.11494,-0.22992,-0.17636,-0.22488,-0.24904,-0.45630,-0.32794,-0.10105,-0.29446,-0.15939
-0.36410,-0.57146,0.12004,-0.41894,-0.59341,-0.57450,-0.43402,-0.69409,-0.74614,-0.51752,-0.43439,-0.71086,-0.59073
-0.58051,-0.63523,0.10457,-0.61303,-0.64313,-0.61288,-0.64022,-0.74800,-0.67886,-0.76753,-0.52546,-0.70703,-0.41613
-0.78888,-0.74573,0.13506,-0.67846,-0.81956,-0.82381,-0.95704,-0.71424,-0.68182,-0.89895,-0.58298,-0.77303,-0.52738
-0.84767,-0.96880,0.18537,-0.95600,-1.05077,-1.02729,-1.28807,-0.90725,-0.84244,-1.24851,-0.77554,-0.82739,-0.76467
-1.12364,-1.14841,0.12857,-1.12948,-1.31893,-1.23361,-1.34541,-1.06322,-0.99414,-1.23226,-1.05160,-1.12622,-0.98928
-1.38256,-1.27544,0.16950,-1.26075,-1.51694,-1.35534,-1.36069,-1.23409,-1.20071,-1.50894,-1.08146,-1.25420,-0.98134
-1.60791,-1.50249,0.20140,-1.48043,-1.79679,-1.58375,-1.58613,-1.43862,-1.35668,-1.74152,-1.30050,-1.60056,-1.13990
-1.79488,-1.72711,0.18853,-1.61858,-2.08564,-1.65238,-1.95397,-1.49122,-1.73802,-1.85353,-1.51342,-1.70552,-1.65881
-1.94902,-1.85823,0.18676,-1.80559,-2.22189,-1.86813,-2.05921,-1.55785,-1.87085,-1.90449,-1.66988,-1.86784,-1.75661
-1.94346,-2.05571,0.22630,-1.90337,-2.36839,-2.45832,-2.25403,-1.93566,-1.95916,-1.95267,-1.75705,-1.93551,-2.03298
-2.14187,-2.29601,0.26845,-2.26499,-2.69860,-2.82296,-2.29351,-2.28022,-2.25514,-2.01013,-2.05220,-2.04948,-2.23285
-2.30863,-2.38021,0.28371,-2.32675,-2.78566,-2.89848,-2.34432,-2.54562,-2.31117,-2.09452,-2.15304,-2.03969,-2.30286
-2.44295,-2.50537,0.30582,-2.42205,-2.99054,-3.02973,-2.39855,-2.66441,-2.49245,-2.17353,-2.30717,-2.14038,-2.43487
-2.54429,-2.52338,0.34328,-2.31144,-3.14582,-3.06878,-2.48938,-2.62607,-2.49676,-2.28453,-2.25108,-2.09469,-2.46524
-2.61226,-2.58744,0.32738,-2.41219,-3.18448,-3.12242,-2.54541,-2.63455,-2.61266,-2.28555,-2.34218,-2.22862,-2.50629
-2.50978,-2.64037,0.35462,-2.41114,-3.33048,-3.13758,-2.52529,-2.77389,-2.67805,-2.29499,-2.32307,-2.32048,-2.60872
-2.62548,-2.62391,0.34948,-2.42419,-3.24259,-3.07310,-2.45618,-2.80151,-2.81264,-2.25185,-2.35335,-2.21444,-2.60930
-2.70843,-2.59849,0.31019,-2.52905,-3.10032,-2.94081,-2.37412,-2.82601,-2.83146,-2.24694,-2.49162,-2.16707,-2.47752
-2.75835,-2.58989,0.29570,-2.52419,-2.98324,-2.84150,-2.28913,-2.91387,-2.78436,-2.21684,-2.67661,-2.16983,-2.49935
-2.77513,-2.66360,0.32742,-2.65531,-2.96451,-2.99056,-2.25101,-3.01560,-2.81250,-2.35579,-2.92611,-2.14811,-2.51654
-2.75889,-2.59740,0.32750,-2.58069,-2.91163,-2.88136,-2.25289,-2.88614,-2.91556,-2.39656,-2.78770,-2.00955,-2.35188
-2.55580,-2.67901,0.34937,-2.73168,-2.76738,-2.87713,-2.29847,-3.03814,-3.07231,-2.27751,-3.08144,-2.17532,-2.47073
-2.58886,-2.66332,0.31830,-2.92592,-2.52958,-2.98891,-2.36700,-3.07700,-2.93931,-2.24118,-2.83258,-2.35901,-2.37274
-2.58923,-2.53877,0.23224,-2.73056,-2.40749,-2.75110,-2.41766,-2.94696,-2.66101,-2.20081,-2.54563,-2.27907,-2.44736
-2.55707,-2.32944,0.13713,-2.54221,-2.22602,-2.41027,-2.32711,-2.49440,-2.32793,-2.26370,-2.41054,-2.11948,-2.17278
-2.49272,-2.16234,0.20106,-2.09462,-2.21102,-2.18083,-2.03699,-2.65446,-2.04297,-2.24762,-2.18848,-1.90495,-2.06150
-2.39670,-2.20567,0.24914,-2.19019,-2.29805,-2.40239,-1.72000,-2.61680,-2.22649,-2.11470,-2.24063,-1.92012,-2.32735
-2.10272,-1.98932,0.22692,-1.76632,-1.94572,-2.15411,-1.65767,-2.19923,-2.24236,-1.79910,-2.21092,-1.75964,-2.15818
-2.05575,-1.97629,0.29027,-1.87102,-1.79725,-2.20417,-1.51731,-2.12060,-2.29056,-1.71293,-2.41379,-1.73686,-2.09845
-1.97717,-1.73980,0.19360,-1.87521,-1.47559,-1.93350,-1.47010,-1.63350,-1.88718,-1.56834,-2.00200,-1.72589,-1.82667
-1.86754,-1.38271,0.14332,-1.44134,-1.28641,-1.53929,-1.24513,-1.17226,-1.50652,-1.36459,-1.45942,-1.23031,-1.58184
-1.72760,-1.28377,0.15559,-1.28361,-1.29231,-1.44515,-1.13906,-1.05791,-1.32111,-1.17398,-1.29468,-1.22546,-1.60446
-1.55822,-1.22854,0.13934,-1.16452,-1.13153,-1.49207,-1.10566,-1.16687,-1.22544,-1.10858,-1.12622,-1.36265,-1.40184
-1.19660,-1.19242,0.13592,-1.13191,-1.40745,-1.37362,-0.95745,-1.15982,-1.22891,-1.13442,-1.09097,-1.29320,-1.14642
-1.07554,-0.86250,0.11281,-1.03557,-0.83702,-0.98933,-0.71155,-1.00758,-0.84385,-0.78061,-0.77782,-0.76463,-0.87701
-0.93495,-0.50885,0.13161,-0.76895,-0.34465,-0.43259,-0.47692,-0.62659,-0.53580,-0.49673,-0.38252,-0.40294,-0.62085
-0.77794,-0.29593,0.14171,-0.16445,-0.15128,-0.12075,-0.51714,-0.50883,-0.35127,-0.30544,-0.28670,-0.19420,-0.35918
-0.60602,-0.23522,0.09801,-0.13155,-0.11010,-0.15427,-0.23150,-0.36514,-0.28825,-0.40352,-0.26329,-0.16685,-0.23770
-0.42431,-0.20657,0.13203,-0.14933,-0.04162,-0.04683,-0.13752,-0.36334,-0.36013,-0.41608,-0.22069,-0.15062,-0.17952
-0.13616,-0.06867,0.19174,-0.19765,-0.03559,0.13616,0.08856,-0.15373,-0.51680,-0.01241,-0.01064,0.10830,-0.09288
-0.06850,0.34981,0.14165,0.38039,0.50163,0.39998,0.21718,0.24063,0.21661,0.37382,0.37795,0.62013,0.16982
-0.01162,0.25642,0.08654,0.24769,0.39513,0.31236,0.24652,0.19753,0.22169,0.23156,0.37135,0.24593,0.09442
0.03666,0.22869,0.08770,0.31965,0.16713,0.39218,0.20875,0.21032,0.18383,0.15237,0.28239,0.27227,0.09805
0.07366,0.22119,0.06735,0.16666,0.32401,0.32705,0.18280,0.23419,0.21602,0.19027,0.27429,0.14901,0.14759
0.15905,0.08494,0.08527,0.01426,0.01621,0.23389,0.08480,0.04158,0.15322,-0.04817,0.16794,0.05919,0.12646
0.05501,-0.06011,0.08042,-0.05188,-0.01988,0.04015,0.02172,-0.07459,-0.20207,-0.18174,-0.04681,-0.08697,0.00092
-0.06366,-0.17780,0.11422,-0.06672,-0.06207,-0.01570,-0.17401,-0.17229,-0.34156,-0.33499,-0.12870,-0.19948,-0.28252
-0.18975,-0.32700,0.14181,-0.17867,-0.19244,-0.21237,-0.32902,-0.22756,-0.52723,-0.42381,-0.31967,-0.27590,-0.58337
-0.31789,-0.46591,0.15400,-0.33837,-0.54726,-0.27640,-0.43759,-0.30786,-0.72420,-0.54245,-0.33929,-0.47963,-0.66608
-0.44680,-0.52355,0.10878,-0.40058,-0.50482,-0.50019,-0.48573,-0.45014,-0.66640,-0.63000,-0.35048,-0.59242,-0.65476
-0.57227,-0.63398,0.08369,-0.55128,-0.64352,-0.65100,-0.52340,-0.53430,-0.76637,-0.68432,-0.57787,-0.68541,-0.72232
-0.68760,-0.72261,0.10982,-0.55613,-0.76136,-0.69091,-0.59264,-0.67929,-0.88742,-0.70542,-0.71613,-0.73560,-0.90119
-0.78936,-0.80512,0.13324,-0.68562,-0.97026,-0.68960,-0.66272,-0.69644,-0.95379,-0.74319,-0.79129,-0.83995,-1.01832
-0.87446,-0.87592,0.14365,-0.74728,-1.14447,-0.85853,-0.75980,-0.71379,-0.97825,-0.84909,-0.73669,-0.95163,-1.01967
-0.94177,-1.00069,0.15014,-0.90994,-1.35549,-0.97543,-0.89665,-0.85718,-1.06291,-1.03698,-0.89893,-0.90405,-1.10936
-0.98712,-1.01616,0.15576,-0.94553,-1.40110,-0.98958,-0.95470,-0.94989,-1.00937,-1.09995,-0.89646,-0.83911,-1.07592
-1.00937,-1.14820,0.23571,-1.21302,-1.74275,-1.15708,-0.99487,-1.13072,-1.06628,-1.09675,-0.91917,-0.92656,-1.23480
-1.00831,-1.14076,0.17444,-1.25637,-1.51431,-1.12559,-1.04696,-0.94069,-1.05220,-1.16878,-0.90342,-1.19860,-1.20066
-0.98428,-1.08937,0.19493,-1.05086,-1.48832,-1.20941,-0.97005,-0.75464,-1.09430,-1.07686,-0.91913,-1.16123,-1.16885
-0.93797,-0.86751,0.27939,-0.93193,-1.48241,-0.60656,-0.76281,-0.62581,-1.13033,-0.85337,-0.60481,-0.69218,-0.98494
-0.87088,-0.85859,0.18841,-0.83934,-1.02440,-0.80776,-0.75070,-0.73231,-1.20294,-0.86298,-0.59794,-0.69188,-1.07566
-0.78641,-0.74551,0.23621,-0.63765,-0.78794,-0.61761,-0.64529,-0.65195,-1.06500,-0.61131,-0.51886,-0.65132,-1.26822
-0.68579,-1.03865,0.35535,-0.82051,-0.95132,-0.82564,-0.82252,-1.21002,-1.41459,-1.00300,-0.76915,-0.72659,-1.84314
-0.57218,1.30964,2.13803,0.84412,-1.33311,-1.03603,2.47495,3.58986,-0.83090,2.89734,3.48859,-0.73042,3.73199
-0.45005,3.18227,1.69668,2.73859,3.00787,-0.66377,4.77192,3.14165,2.99175,4.05799,5.34898,2.01789,4.40987
-0.32323,3.83733,1.59202,3.17044,4.15419,0.27102,5.28673,3.09525,5.09953,4.71194,5.56905,2.69485,4.32031
-0.19455,3.44431,1.04070,2.77645,3.80043,1.39515,4.69190,2.78755,4.46881,3.89228,4.59213,2.84810,3.19032
-0.06803,3.06991,0.46913,2.28494,3.54260,2.87928,3.77075,2.62978,3.27410,3.10014,3.52939,2.66495,3.02318
0.05096,3.13046,0.52643,2.16351,3.74429,3.62656,3.83220,2.83544,2.96667,3.28062,3.32292,2.71637,2.81601
0.15832,2.72751,0.58303,1.79561,3.01257,3.08324,3.59871,2.35949,2.97430,3.13561,3.05023,2.28984,1.97554
0.25046,2.64098,0.63346,1.46576,3.38033,2.20610,3.05838,2.92521,3.05226,2.73308,3.31005,2.37475,1.90386
0.32493,1.66854,0.53694,0.80123,2.08538,1.04600,1.87869,1.30786,2.41913,1.24837,2.14313,2.04237,1.71326
0.37829,0.58434,0.19065,0.37309,0.73971,0.83691,0.39268,0.52421,0.87318,0.48709,0.42849,0.72974,0.45828
0.40863,0.33917,0.12092,0.20919,0.57914,0.32309,0.37702,0.35539,0.22470,0.38090,0.39404,0.39420,0.15406
0.41543,0.48065,0.11859,0.34076,0.69483,0.37021,0.54561,0.46247,0.43615,0.42045,0.48030,0.65884,0.39685
0.39842,0.35761,0.13263,0.18959,0.62722,0.32902,0.48148,0.38854,0.41932,0.24484,0.34880,0.34276,0.20448
0.35825,0.28033,0.10983,0.13106,0.47618,0.32666,0.27281,0.33800,0.24410,0.15457,0.35281,0.34996,0.15720
0.29650,0.09929,0.14186,-0.00224,0.36502,0.16392,0.12362,0.05529,0.00697,-0.05625,0.25941,0.15642,-0.07928
0.21487,0.08260,0.08428,-0.02498,0.21212,0.12750,0.05300,0.01730,0.10577,0.04775,0.22302,0.06297,0.00155
0.11597,0.01166,0.08633,-0.01437,0.07454,0.11238,0.00307,-0.01803,-0.00995,-0.16752,0.14585,0.00598,-0.01536
0.00376,-0.02278,0.09539,-0.01515,0.13883,0.09395,-0.02481,-0.10826,-0.05739,-0.17133,0.04813,-0.10304,-0.02869
-0.11816,-0.25140,0.12366,-0.09000,-0.13617,-0.17022,-0.29140,-0.19422,-0.43810,-0.46410,-0.19773,-0.22463,-0.30744
-0.24698,-0.34815,0.13295,-0.10197,-0.25432,-0.27565,-0.39210,-0.27633,-0.46559,-0.50651,-0.26314,-0.46670,-0.47918
-0.37876,-0.42306,0.09600,-0.26887,-0.32832,-0.40840,-0.46766,-0.40347,-0.48115,-0.50740,-0.31487,-0.47757,-0.57286
-0.50809,-0.61364,0.09858,-0.46404,-0.62489,-0.69850,-0.57836,-0.56027,-0.73836,-0.66291,-0.45020,-0.69172,-0.66715
-0.63062,-0.67604,0.09081,-0.50274,-0.67364,-0.79463,-0.61162,-0.66190,-0.81760,-0.69250,-0.60935,-0.70205,-0.69432
-0.74228,-0.82666,0.08202,-0.84121,-0.83713,-0.93618,-0.71646,-0.77865,-0.96318,-0.76371,-0.73764,-0.81092,-0.88154
-0.84003,-0.81581,0.07512,-0.71130,-0.76475,-0.89388,-0.75558,-0.80716,-0.96255,-0.78621,-0.84162,-0.77077,-0.86429
-0.92021,-0.86217,0.08495,-0.75939,-0.80560,-0.93861,-0.81657,-0.82551,-1.05816,-0.87536,-0.85425,-0.80797,-0.88030
-0.97892,-0.88534,0.08615,-0.74685,-0.85433,-1.01777,-0.91030,-0.82343,-1.02991,-0.85588,-0.85108,-0.85276,-0.91109
-1.01420,-0.95524,0.09843,-0.91388,-0.93205,-1.13530,-0.89923,-0.87401,-1.11088,-0.85770,-0.91486,-0.89640,-1.01815
-1.02507,-0.79198,0.10837,-0.66645,-0.84671,-1.01089,-0.70423,-0.68241,-0.92183,-0.75059,-0.77611,-0.79052,-0.77007
-1.01150,-0.74884,0.09722,-0.61850,-0.85871,-0.89144,-0.63152,-0.67489,-0.84032,-0.73761,-0.68279,-0.80854,-0.74412
-0.97400,-0.90656,0.13358,-0.77874,-0.95345,-1.16141,-0.79816,-0.83338,-1.06810,-0.82417,-0.75370,-0.93252,-0.96198
-0.82437,-0.82755,0.14678,-0.59632,-0.85845,-1.05637,-0.81436,-0.77227,-0.94210,-0.73287,-0.63159,-0.94046,-0.93075
-0.82943,-0.75958,0.13307,-0.63103,-0.74120,-1.03290,-0.67972,-0.69174,-0.85427,-0.72901,-0.57133,-0.85369,-0.81090
-0.81959,-0.65762,0.14960,-0.46267,-0.64960,-0.90751,-0.58972,-0.55937,-0.78629,-0.67241,-0.43567,-0.77942,-0.73351
-0.79291,-0.58723,0.13626,-0.37333,-0.57876,-0.82106,-0.55908,-0.54425,-0.64105,-0.59221,-0.38890,-0.71718,-0.65654
-0.74949,-0.62309,0.14070,-0.38230,-0.58671,-0.80179,-0.57681,-0.56228,-0.76964,-0.57464,-0.47728,-0.79406,-0.70544
-0.62134,-0.57723,0.13285,-0.39630,-0.49900,-0.77062,-0.57897,-0.54013,-0.64034,-0.52173,-0.39546,-0.75482,-0.67497
-0.63546,-0.50754,0.11380,-0.31026,-0.41852,-0.64501,-0.53256,-0.48464,-0.58522,-0.49957,-0.36787,-0.63305,-0.59868
-0.64066,-0.43722,0.10831,-0.25723,-0.33702,-0.50044,-0.49261,-0.34149,-0.47700,-0.50991,-0.34250,-0.59150,-0.52246
-0.63494,-0.47154,0.12078,-0.24316,-0.40530,-0.60445,-0.48981,-0.41883,-0.46280,-0.52839,-0.36052,-0.65000,-0.55212
-0.61758,-0.51809,0.12805,-0.29160,-0.41254,-0.64697,-0.51903,-0.49271,-0.66213,-0.50262,-0.38080,-0.64373,-0.62875
-0.54838,-0.48942,0.11589,-0.25510,-0.42611,-0.47268,-0.48298,-0.49697,-0.55198,-0.51996,-0.39855,-0.65245,-0.63738
-0.59760,-0.50795,0.10258,-0.34815,-0.43633,-0.55387,-0.44367,-0.46203,-0.58260,-0.58510,-0.39839,-0.63825,-0.63114
-0.63893,-0.42910,0.08618,-0.29764,-0.35340,-0.45062,-0.43081,-0.38907,-0.40848,-0.53746,-0.35410,-0.50585,-0.56359
-0.66937,-0.50076,0.10633,-0.31068,-0.41442,-0.63479,-0.46639,-0.50496,-0.47346,-0.60647,-0.40614,-0.60800,-0.58226
-0.59078,-0.61255,0.12214,-0.36413,-0.52146,-0.72048,-0.56525,-0.60546,-0.76406,-0.68009,-0.51593,-0.68786,-0.70082
-0.68361,-0.63875,0.11855,-0.42322,-0.58185,-0.77911,-0.57196,-0.60365,-0.83875,-0.66423,-0.55716,-0.68761,-0.68000
-0.76688,-0.63432,0.10427,-0.46391,-0.53328,-0.81303,-0.56604,-0.67102,-0.74124,-0.62935,-0.56421,-0.68216,-0.67900
-0.83451,-0.59711,0.11307,-0.36890,-0.51549,-0.76115,-0.54047,-0.66517,-0.60665,-0.67444,-0.51404,-0.65594,-0.66887
-0.88433,-0.73476,0.13878,-0.52333,-0.70812,-0.98494,-0.60938,-0.76233,-0.80668,-0.71999,-0.58627,-0.76978,-0.87681
-0.83829,-0.84225,0.13040,-0.70353,-0.78840,-1.05761,-0.71441,-0.83207,-1.00546,-0.80813,-0.70790,-0.81607,-0.98897
-0.93478,-0.90880,0.11368,-0.85903,-0.89511,-1.12110,-0.76409,-0.90098,-1.02630,-0.85057,-0.82123,-0.81946,-1.03010
-1.01114,-0.89298,0.08180,-0.86329,-0.89332,-1.03737,-0.78175,-0.89732,-1.00283,-0.86254,-0.82930,-0.81482,-0.94723
-1.06328,-0.96779,0.11861,-0.85580,-0.95440,-1.15598,-0.90684,-0.88066,-1.17843,-0.93596,-0.93056,-0.84266,-1.03663
-1.08881,-1.00136,0.14348,-0.88821,-0.95409,-1.21714,-0.97918,-0.88447,-1.26995,-0.95868,-0.87667,-0.89291,-1.09228
-1.02473,-1.03126,0.15511,-0.88446,-0.96544,-1.21854,-1.00973,-0.94665,-1.29921,-0.96973,-0.89904,-0.89671,-1.22306
-1.08467,-1.00131,0.13652,-0.92540,-0.91620,-1.22476,-1.01455,-0.93456,-1.22808,-0.91530,-0.87045,-0.88223,-1.10160
-1.12032,-0.86408,0.09123,-0.76862,-0.83270,-1.00288,-0.86150,-0.84907,-1.01599,-0.85088,-0.74413,-0.79593,-0.91911
-1.12774,-0.82981,0.09238,-0.73269,-0.79167,-0.95985,-0.78096,-0.85246,-0.99546,-0.79048,-0.70987,-0.80751,-0.87712
-1.10665,-0.82454,0.08807,-0.71253,-0.83543,-0.94948,-0.80162,-0.82915,-0.92467,-0.73551,-0.70027,-0.84845,-0.90829
-1.00758,-0.80856,0.12424,-0.64366,-0.81247,-1.00692,-0.77962,-0.78071,-0.97420,-0.70173,-0.66849,-0.79879,-0.91901
-1.02127,-0.75391,0.11861,-0.67201,-0.78738,-1.02476,-0.65480,-0.69521,-0.85373,-0.70006,-0.62415,-0.79727,-0.72972
-1.01301,-0.67169,0.13495,-0.42263,-0.79062,-0.89782,-0.60214,-0.64185,-0.76088,-0.68380,-0.52481,-0.69594,-0.69637
-0.98077,-0.76386,0.09968,-0.77058,-0.88984,-0.84813,-0.64169,-0.73430,-0.90818,-0.66469,-0.63602,-0.73103,-0.81418
-0.92544,-0.73676,0.09120,-0.69395,-0.93903,-0.78103,-0.67156,-0.64766,-0.80388,-0.71517,-0.63493,-0.77619,-0.70416
-0.81298,-0.83344,0.14089,-0.89167,-1.00661,-0.95664,-0.61810,-0.68380,-1.00499,-0.73807,-0.69505,-0.84718,-0.89227
-0.80533,-0.80359,0.09682,-0.82226,-0.91540,-0.90358,-0.69428,-0.74320,-0.91192,-0.67739,-0.68100,-0.83799,-0.84885
-0.78284,-0.73625,0.10008,-0.83363,-0.86590,-0.76954,-0.66021,-0.74276,-0.80409,-0.61341,-0.56013,-0.70446,-0.80837
-0.74416,-0.74085,0.12777,-0.93194,-0.77196,-0.72713,-0.64462,-0.73468,-0.85153,-0.63040,-0.52299,-0.69218,-0.90105
-0.68983,-0.77080,0.10275,-0.92378,-0.68423,-0.82110,-0.67823,-0.69928,-0.85345,-0.77097,-0.66248,-0.69175,-0.92276
-0.62164,-0.71383,0.11524,-0.93411,-0.69076,-0.74968,-0.62809,-0.67954,-0.75313,-0.64711,-0.56613,-0.62052,-0.86922
-0.54309,-0.60016,0.09009,-0.74866,-0.55614,-0.64902,-0.60475,-0.55902,-0.62806,-0.53137,-0.45296,-0.54857,-0.72308
-0.45676,-0.47714,0.08705,-0.52208,-0.41049,-0.37469,-0.48559,-0.47130,-0.50058,-0.56073,-0.48271,-0.33406,-0.62914
-0.36392,-0.42424,0.09770,-0.51098,-0.36337,-0.33412,-0.35507,-0.32836,-0.53388,-0.52609,-0.40690,-0.32084,-0.56279
-0.26845,-0.28583,0.10491,-0.27983,-0.27421,-0.13729,-0.22791,-0.23113,-0.46875,-0.25767,-0.31120,-0.21124,-0.45905
-0.17474,-0.25024,0.10743,-0.28545,-0.25100,-0.04089,-0.22622,-0.21485,-0.34978,-0.21429,-0.27519,-0.19059,-0.45416
-0.08568,-0.12582,0.09231,-0.20071,-0.10961,0.03085,-0.05574,-0.08709,-0.23911,-0.04607,-0.21001,-0.10109,-0.23966
-0.00270,0.03975,0.09211,-0.00882,0.10492,0.15767,0.05425,0.12017,0.01847,0.05549,-0.14239,0.10377,-0.06602
0.06930,0.19400,0.07629,0.08422,0.29098,0.29630,0.14888,0.20542,0.14742,0.15473,0.23850,0.26582,0.10775
0.12780,0.24550,0.05582,0.17234,0.26090,0.30497,0.21776,0.29137,0.21198,0.28559,0.27512,0.29120,0.14378
0.17206,0.21671,0.09341,0.09074,0.36039,0.25925,0.17631,0.14732,0.14672,0.30392,0.27485,0.29748,0.11012
0.20010,0.22966,0.11200,0.06103,0.42229,0.28209,0.15115,0.23427,0.19492,0.19169,0.28748,0.36303,0.10867
0.21005,0.29974,0.07844,0.21045,0.42418,0.34135,0.22538,0.30311,0.27527,0.32313,0.32614,0.38985,0.17859
0.20189,0.19345,0.10124,0.06611,0.22795,0.30643,0.10156,0.17604,0.08965,0.33403,0.26004,0.28191,0.09080
0.17602,0.11597,0.07198,0.01779,0.18554,0.16672,0.04886,0.10157,0.11303,0.07301,0.21380,0.20157,0.03781
0.13318,0.06962,0.06481,-0.02751,0.04537,0.07821,0.02104,0.07363,0.12570,0.02197,0.09918,0.20649,0.05216
0.07558,0.04268,0.05180,-0.03013,0.07067,0.04781,0.02114,0.03349,0.11463,0.11510,-0.02862,0.00991,0.07281
0.00528,0.03396,0.06926,-0.02560,0.05913,0.11428,0.03074,-0.05264,0.14023,0.03831,-0.04099,-0.02543,0.10155
-0.07656,-0.09017,0.05395,-0.05364,-0.04232,-0.00104,-0.04717,-0.13732,-0.13391,-0.08096,-0.17128,-0.10069,-0.13342
-0.16717,-0.12284,0.09757,-0.05351,0.04810,-0.05287,-0.07035,-0.14856,-0.27291,-0.08856,-0.14960,-0.21665,-0.22349
-0.26179,-0.26443,0.11168,-0.16355,-0.17682,-0.16688,-0.25908,-0.20562,-0.46817,-0.23177,-0.26274,-0.24891,-0.46081
-0.35731,-0.36627,0.10353,-0.28594,-0.25819,-0.40436,-0.37130,-0.22791,-0.49049,-0.41791,-0.34759,-0.30450,-0.55453
-0.45231,-0.43779,0.11216,-0.28135,-0.39880,-0.46092,-0.44503,-0.27219,-0.52793,-0.46500,-0.35921,-0.55574,-0.61175
-0.54249,-0.49451,0.10700,-0.34241,-0.45326,-0.42589,-0.49225,-0.46815,-0.66055,-0.49026,-0.38179,-0.57440,-0.65615
-0.62334,-0.56269,0.10192,-0.40847,-0.56830,-0.54656,-0.58110,-0.53892,-0.70967,-0.55188,-0.40374,-0.62091,-0.69733
-0.69382,-0.66521,0.09080,-0.60855,-0.72661,-0.77200,-0.62885,-0.59138,-0.78589,-0.59061,-0.51376,-0.70034,-0.73412
-0.75102,-0.70190,0.11632,-0.63286,-0.75119,-0.91198,-0.63604,-0.62134,-0.84145,-0.62282,-0.52658,-0.71955,-0.75517
-0.79130,-0.80956,0.14053,-0.85759,-0.86767,-0.98643,-0.70136,-0.71779,-0.96292,-0.66581,-0.57077,-0.81646,-0.94884
-0.81354,-0.72101,0.10874,-0.64893,-0.82028,-0.84406,-0.62885,-0.68457,-0.83920,-0.63653,-0.53125,-0.77681,-0.79965
-0.81766,-0.75138,0.11095,-0.73500,-0.74038,-0.88172,-0.64942,-0.67677,-0.93488,-0.64188,-0.60794,-0.80080,-0.84505
-0.80314,-0.77927,0.13352,-0.84197,-0.78333,-0.89600,-0.69812,-0.73482,-0.96431,-0.62116,-0.54417,-0.78919,-0.91965
-0.77070,-0.64957,0.10487,-0.69289,-0.62507,-0.68230,-0.58353,-0.64451,-0.82230,-0.57839,-0.43293,-0.70819,-0.72559
-0.72169,-0.68006,0.12101,-0.81825,-0.51646,-0.89559,-0.62729,-0.66765,-0.69983,-0.69596,-0.49808,-0.65502,-0.72645
-0.65706,-0.59289,0.09315,-0.74980,-0.48137,-0.49940,-0.59489,-0.64157,-0.65639,-0.59911,-0.45126,-0.58638,-0.66871
-0.57905,-0.53011,0.08596,-0.67795,-0.45009,-0.43975,-0.54922,-0.53228,-0.60963,-0.56399,-0.45756,-0.42033,-0.60030
-0.49170,-0.31258,0.09499,-0.24077,-0.24702,-0.16660,-0.36299,-0.24958,-0.46135,-0.36546,-0.37521,-0.24301,-0.41381
-0.39647,-0.34557,0.14261,-0.40345,-0.18819,-0.15217,-0.35827,-0.22545,-0.44271,-0.52905,-0.46739,-0.19454,-0.49446
-0.29651,-0.26415,0.08814,-0.31279,-0.25495,-0.11937,-0.22652,-0.23188,-0.42896,-0.33602,-0.31314,-0.16879,-0.24906
-0.19540,-0.10497,0.11991,-0.08895,-0.09766,0.13520,-0.12243,-0.11680,-0.25240,0.02721,-0.26852,-0.09099,-0.17441
-0.09858,-0.10725,0.11567,-0.21994,-0.09344,0.10188,0.00155,-0.11847,-0.26544,-0.01132,-0.19179,-0.07222,-0.20336
-0.00935,0.03386,0.10264,-0.14563,0.22138,0.14434,0.05947,-0.02665,-0.00435,0.04658,0.00268,0.08343,-0.04262
0.07085,0.23616,0.12583,0.03375,0.47390,0.25835,0.19445,0.12320,0.20423,0.33622,0.24373,0.34358,0.15016
0.13865,0.27418,0.12207,0.07113,0.47820,0.32082,0.23563,0.20277,0.22272,0.36271,0.27492,0.41237,0.16054
0.20838,0.30277,0.12019,0.09555,0.48764,0.33803,0.21648,0.30538,0.30116,0.42728,0.28331,0.40426,0.16859
0.21621,0.26459,0.14225,-0.01872,0.40001,0.31768,0.23305,0.23750,0.21165,0.45821,0.26007,0.41201,0.13448
0.20474,0.29128,0.13945,-0.01380,0.42967,0.29539,0.25586,0.32611,0.26106,0.47705,0.27637,0.41299,0.19210
0.17504,0.26597,0.08943,0.15368,0.47196,0.31831,0.20964,0.24334,0.22542,0.31123,0.27715,0.26478,0.18416
0.12780,0.19862,0.07918,0.08561,0.34736,0.20795,0.09369,0.21727,0.22663,0.25416,0.24540,0.14857,0.15959
0.06460,0.09814,0.06134,0.00356,0.19055,0.08111,0.08122,0.07373,0.18177,0.12464,0.05842,0.03898,0.14741
-0.01236,0.04616,0.05619,0.00612,0.11042,0.08972,0.01733,0.05658,0.05454,0.04933,-0.03741,-0.02165,0.13661
-0.09910,-0.13614,0.08621,-0.11571,-0.08359,-0.03988,-0.06472,-0.17085,-0.33905,-0.09711,-0.18985,-0.16559,-0.09505
-0.19417,-0.24355,0.12122,-0.14409,-0.18812,-0.08937,-0.19832,-0.20418,-0.46644,-0.20028,-0.25566,-0.24502,-0.44408
-0.29436,-0.34839,0.10290,-0.28281,-0.27453,-0.38546,-0.26864,-0.21715,-0.49902,-0.42049,-0.31214,-0.30378,-0.51984
-0.39607,-0.44771,0.09941,-0.36998,-0.46574,-0.44861,-0.39497,-0.29238,-0.57147,-0.49185,-0.33352,-0.51798,-0.59063
-0.49484,-0.52786,0.10896,-0.38946,-0.54945,-0.46486,-0.47421,-0.53804,-0.70891,-0.54495,-0.36015,-0.60883,-0.63977
-0.58699,-0.57750,0.11412,-0.43702,-0.64513,-0.73003,-0.52760,-0.50339,-0.67562,-0.54261,-0.38740,-0.66564,-0.66052
-0.66987,-0.68693,0.11226,-0.67071,-0.77043,-0.79677,-0.60202,-0.62950,-0.84155,-0.62223,-0.46333,-0.75413,-0.71864
-0.73951,-0.74184,0.10394,-0.71391,-0.86757,-0.91685,-0.64151,-0.67104,-0.82112,-0.65873,-0.59925,-0.74976,-0.77867
-0.79299,-0.69901,0.09964,-0.55085,-0.87527,-0.82427,-0.62848,-0.64081,-0.74899,-0.67553,-0.60760,-0.72507,-0.71323
-0.82885,-0.84979,0.14091,-1.03556,-1.04816,-0.91856,-0.73467,-0.68738,-0.96305,-0.74785,-0.65814,-0.83608,-0.86850
-0.84554,-0.82806,0.13435,-0.85332,-1.00719,-0.96442,-0.64463,-0.67781,-0.92869,-0.71507,-0.69816,-0.95042,-0.84087
-0.84203,-0.81433,0.15867,-0.73630,-1.18154,-0.88042,-0.67585,-0.73037,-0.95532,-0.68454,-0.68150,-0.82642,-0.79102
-0.81851,-0.80961,0.11101,-0.93449,-0.92527,-0.84628,-0.66708,-0.82285,-0.90677,-0.62856,-0.70697,-0.77149,-0.88633
-0.77576,-0.72788,0.08693,-0.82665,-0.84859,-0.72475,-0.63177,-0.72465,-0.77145,-0.62982,-0.61006,-0.69427,-0.81679
-0.71521,-0.72045,0.06341,-0.84464,-0.75319,-0.68953,-0.67487,-0.71601,-0.75938,-0.64761,-0.65044,-0.68688,-0.78198
-0.63944,-0.72896,0.10174,-0.91588,-0.80535,-0.74052,-0.63048,-0.69708,-0.74527,-0.74156,-0.55842,-0.64998,-0.80503
-0.55120,-0.68592,0.09840,-0.87906,-0.82512,-0.66709,-0.60213,-0.60095,-0.69892,-0.70843,-0.58944,-0.60962,-0.67845
-0.45282,-0.50957,0.10583,-0.38998,-0.63212,-0.38492,-0.48947,-0.53078,-0.54026,-0.64002,-0.52323,-0.34928,-0.61564
-0.34759,-0.35493,0.11180,-0.40723,-0.41292,-0.17313,-0.29018,-0.28741,-0.46051,-0.41131,-0.32769,-0.23593,-0.54299
-0.24007,-0.32026,0.11683,-0.41255,-0.34525,-0.11202,-0.29617,-0.26971,-0.47179,-0.29943,-0.28267,-0.21554,-0.49751
-0.13416,-0.18114,0.11509,-0.32447,-0.16585,0.05347,-0.12415,-0.14363,-0.30039,-0.11256,-0.21239,-0.16410,-0.31731
-0.03210,-0.10368,0.09787,-0.22491,-0.13053,0.07042,0.02655,-0.05011,-0.22260,-0.07252,-0.14797,-0.12584,-0.15924
0.06107,0.12573,0.10372,0.08387,0.13289,0.28032,0.11951,0.13460,0.04453,0.18627,0.10903,0.25172,-0.08545
0.14100,0.12909,0.15061,-0.09055,0.29240,0.31224,0.18317,0.09247,0.08702,0.26006,0.20568,0.07087,-0.12241
0.20608,0.26294,0.10425,0.18164,0.35824,0.33087,0.23396,0.18964,0.19501,0.35950,0.29939,0.40646,0.07472
0.25275,0.19716,0.12656,0.15651,0.33249,0.32365,0.24137,0.17663,0.11314,0.19259,0.20596,0.32082,-0.09156
0.27863,0.22085,0.11561,0.05055,0.31501,0.33298,0.24469,0.24011,0.14756,0.26509,0.22640,0.36630,0.01985
0.28344,0.23887,0.11840,0.17873,0.23406,0.34097,0.31768,0.06406,0.18986,0.35222,0.12630,0.43677,0.14804
0.26680,0.27904,0.12337,0.21916,0.19790,0.40173,0.22447,0.23381,0.17528,0.40683,0.26278,0.52564,0.14280
0.22914,0.25341,0.12111,0.20475,0.33129,0.22497,0.13141,0.19387,0.17383,0.33868,0.30626,0.51509,0.11392
0.17198,0.10504,0.08493,0.01021,0.01639,0.12307,0.04426,0.26291,0.11900,0.12011,0.04395,0.22572,0.08480
0.09664,0.08743,0.04775,0.11190,0.18588,0.03082,0.04416,0.08357,0.10978,0.09142,0.04337,0.05011,0.12328
0.00540,-0.01227,0.18357,0.10974,-0.43798,0.01705,0.01730,0.12215,-0.04022,-0.14194,0.20194,0.12053,-0.09129
-0.09734,-0.30879,0.18435,-0.27181,-0.59509,-0.00722,-0.11511,-0.18471,-0.49089,-0.43643,-0.29391,-0.23190,-0.46080
-0.20759,-0.28801,0.10579,-0.21731,-0.26059,-0.12034,-0.28213,-0.22679,-0.32053,-0.46707,-0.32816,-0.21665,-0.44049
-0.32178,-0.37301,0.16824,-0.34394,-0.58359,-0.07059,-0.14810,-0.42073,-0.54899,-0.33533,-0.34009,-0.38826,-0.55053
-0.43590,-0.61266,0.29166,-0.68384,-0.86473,-0.85088,-0.30640,-0.54122,-1.20214,-0.28584,-0.43385,-0.57700,-0.38076
-0.54580,-0.66585,0.32371,-0.81265,-0.91294,-1.07075,-0.36412,-0.67829,-1.20573,-0.38757,-0.28091,-0.38993,-0.55561
-0.64733,-0.74219,0.33231,-0.40465,-0.60395,-0.61843,-0.38385,-0.97266,-1.45029,-0.58457,-0.99102,-0.51486,-0.89758
-0.73650,-1.19812,0.11462,-1.37472,-1.13674,-1.16552,-1.02514,-1.17861,-1.38444,-1.16060,-1.09192,-1.19814,-1.26534
-0.81065,-0.83725,0.10521,-0.69101,-1.00683,-0.81565,-0.98116,-0.76900,-0.94091,-0.73393,-0.80180,-0.82172,-0.81045
