time_s,frame,cte_true,cte_pred,u_de,certified,fail_count,pass_count,mode,steer,throttle,speed,lap,hit
0.000,0,0.00285,0.04226,0.11311,1,0,0,MODEL,-0.3252,0.100,0.0000,0,none
0.032,1,0.00285,0.04305,0.11239,1,0,0,MODEL,-0.3259,0.100,0.0000,0,none
0.084,2,0.00272,0.04347,0.10314,1,0,0,MODEL,-0.3263,0.100,0.0076,0,none
0.135,3,0.00256,0.02952,0.09945,1,0,0,MODEL,-0.3130,0.100,0.0240,0,none
0.183,4,0.00250,0.05035,0.08933,1,0,0,MODEL,-0.3328,0.100,0.0401,0,none
0.236,5,0.00189,0.09994,0.14834,1,0,0,MODEL,-0.3799,0.100,0.0469,0,none
0.284,6,0.00093,-0.06183,0.12680,1,0,0,MODEL,-0.2263,0.100,0.0634,0,none
0.333,7,-0.00034,0.02852,0.05958,1,0,0,MODEL,-0.3121,0.100,0.0773,0,none
0.388,8,-0.00147,0.17185,0.25810,0,1,0,MODEL,-0.3121,0.100,0.0870,0,none
0.434,9,-0.00340,0.01372,0.09169,1,0,0,MODEL,-0.2980,0.100,0.0991,0,none
0.485,10,-0.00572,-0.01440,0.10831,1,0,0,MODEL,-0.2713,0.100,0.1112,0,none
0.533,11,-0.00834,-0.02919,0.07452,1,0,0,MODEL,-0.2573,0.100,0.1230,0,none
0.584,12,-0.01120,-0.12720,0.11762,1,0,0,MODEL,-0.1642,0.100,0.1346,0,none
0.634,13,-0.01406,0.03135,0.05313,1,0,0,MODEL,-0.3148,0.100,0.1462,0,none
0.686,14,-0.00942,0.00034,0.04825,1,0,0,MODEL,-0.2853,0.100,0.1624,0,none
0.737,15,-0.02420,0.02363,0.05943,1,0,0,MODEL,-0.3075,0.100,0.1695,0,none
0.787,16,-0.02756,-0.03339,0.05019,1,0,0,MODEL,-0.2533,0.100,0.1798,0,none
0.836,17,-0.03272,0.03359,0.03621,1,0,0,MODEL,-0.3169,0.100,0.1912,0,none
0.885,18,-0.03855,-0.01273,0.04998,1,0,0,MODEL,-0.2729,0.100,0.2019,0,none
0.937,19,-0.04559,-0.02596,0.06488,1,0,0,MODEL,-0.2603,0.100,0.2127,0,none
0.986,20,-0.05304,-0.09461,0.06496,1,0,0,MODEL,-0.1951,0.100,0.2235,0,none
1.038,21,-0.06093,-0.08423,0.07266,1,0,0,MODEL,-0.2050,0.100,0.2341,0,none
1.087,22,-0.06888,-0.02384,0.06685,1,0,0,MODEL,-0.2624,0.100,0.2447,0,none
1.138,23,-0.07790,-0.02794,0.07881,1,0,0,MODEL,-0.2585,0.100,0.2550,0,none
1.188,24,-0.09021,-0.02268,0.07080,1,0,0,MODEL,-0.2635,0.100,0.2652,0,none
1.238,25,-0.10170,-0.07857,0.05878,1,0,0,MODEL,-0.2104,0.100,0.2747,0,none
1.288,26,-0.11095,-0.10061,0.06466,1,0,0,MODEL,-0.1894,0.100,0.2859,0,none
1.340,27,-0.12333,-0.06753,0.06069,1,0,0,MODEL,-0.2208,0.100,0.2956,0,none
1.388,28,-0.13649,-0.08630,0.06607,1,0,0,MODEL,-0.2030,0.100,0.3054,0,none
1.439,29,-0.15079,-0.09241,0.07527,1,0,0,MODEL,-0.1972,0.100,0.3152,0,none
1.490,30,-0.16284,-0.09773,0.11583,1,0,0,MODEL,-0.1922,0.100,0.3240,0,none
1.538,31,-0.17856,-0.16822,0.11208,1,0,0,MODEL,-0.1252,0.100,0.3331,0,none
1.587,32,-0.19894,-0.29248,0.10586,1,0,0,MODEL,-0.0071,0.100,0.3444,0,none
1.638,33,-0.21428,-0.21576,0.10334,1,0,0,MODEL,-0.0800,0.100,0.3532,0,none
1.694,34,-0.22990,-0.22016,0.10230,1,0,0,MODEL,-0.0758,0.100,0.3625,0,none
1.725,35,-0.24698,-0.20339,0.07982,1,0,0,MODEL,-0.0918,0.100,0.3717,0,none
1.772,36,-0.26700,-0.21155,0.08332,1,0,0,MODEL,-0.0840,0.100,0.3850,0,none
1.823,37,-0.29018,-0.26233,0.07490,1,0,0,MODEL,-0.0358,0.100,0.3897,0,none
1.875,38,-0.30316,-0.26034,0.09630,1,0,0,MODEL,-0.0377,0.100,0.3989,0,none
1.925,39,-0.32206,-0.24147,0.09393,1,0,0,MODEL,-0.0556,0.100,0.4078,0,none
1.976,40,-0.34204,-0.28685,0.11101,1,0,0,MODEL,-0.0125,0.100,0.4165,0,none
2.025,41,-0.36226,-0.37564,0.09693,1,0,0,MODEL,0.0719,0.100,0.4252,0,none
2.076,42,-0.38139,-0.35141,0.10779,1,0,0,MODEL,0.0488,0.100,0.4337,0,none
2.125,43,-0.40009,-0.34405,0.10286,1,0,0,MODEL,0.0418,0.100,0.4422,0,none
2.175,44,-0.41920,-0.40631,0.10136,1,0,0,MODEL,0.1010,0.100,0.4506,0,none
2.226,45,-0.43767,-0.45127,0.09912,1,0,0,MODEL,0.1437,0.100,0.4589,0,none
2.276,46,-0.45467,-0.42009,0.09480,1,0,0,MODEL,0.1141,0.100,0.4670,0,none
2.326,47,-0.47112,-0.44807,0.09786,1,0,0,MODEL,0.1407,0.100,0.4752,0,none
2.375,48,-0.48703,-0.47377,0.09902,1,0,0,MODEL,0.1651,0.100,0.4832,0,none
2.426,49,-0.50167,-0.45109,0.10138,1,0,0,MODEL,0.1435,0.100,0.4912,0,none
2.478,50,-0.51550,-0.49773,0.09188,1,0,0,MODEL,0.1878,0.100,0.4991,0,none
2.527,51,-0.52810,-0.54131,0.08419,1,0,0,MODEL,0.2292,0.100,0.5069,0,none
2.576,52,-0.53843,-0.54383,0.09365,1,0,0,MODEL,0.2316,0.100,0.5145,0,none
2.628,53,-0.54673,-0.55586,0.09335,1,0,0,MODEL,0.2431,0.100,0.5221,0,none
2.678,54,-0.55319,-0.53788,0.08573,1,0,0,MODEL,0.2260,0.100,0.5297,0,none
2.728,55,-0.55798,-0.59124,0.09321,1,0,0,MODEL,0.2767,0.100,0.5372,0,none
2.778,56,-0.56039,-0.58333,0.08779,1,0,0,MODEL,0.2692,0.100,0.5445,0,none
2.829,57,-0.56010,-0.56007,0.09396,1,0,0,MODEL,0.2471,0.100,0.5518,0,none
2.878,58,-0.55772,-0.51171,0.07189,1,0,0,MODEL,0.2011,0.100,0.5592,0,none
2.927,59,-0.55431,-0.51231,0.07093,1,0,0,MODEL,0.2017,0.100,0.5665,0,none
2.979,60,-0.54964,-0.51736,0.07037,1,0,0,MODEL,0.2065,0.100,0.5736,0,none
3.028,61,-0.54300,-0.49788,0.10935,1,0,0,MODEL,0.1880,0.100,0.5806,0,none
3.078,62,-0.53459,-0.52657,0.11236,1,0,0,MODEL,0.2152,0.100,0.5876,0,none
3.129,63,-0.52403,-0.51322,0.08309,1,0,0,MODEL,0.2026,0.100,0.5945,0,none
3.179,64,-0.51098,-0.55101,0.14515,1,0,0,MODEL,0.2385,0.100,0.6013,0,none
3.230,65,-0.49533,-0.54614,0.11045,1,0,0,MODEL,0.2338,0.100,0.6080,0,none
3.279,66,-0.47673,-0.46346,0.09940,1,0,0,MODEL,0.1553,0.100,0.6147,0,none
3.328,67,-0.45690,-0.50030,0.11719,1,0,0,MODEL,0.1903,0.100,0.6215,0,none
3.377,68,-0.43552,-0.49348,0.11268,1,0,0,MODEL,0.1838,0.100,0.6285,0,none
3.429,69,-0.41172,-0.47450,0.12380,1,0,0,MODEL,0.1658,0.100,0.6345,0,none
3.480,70,-0.38603,-0.34522,0.12978,1,0,0,MODEL,0.0430,0.100,0.6410,0,none
3.531,71,-0.36103,-0.37746,0.11917,1,0,0,MODEL,0.0736,0.100,0.6472,0,none
3.580,72,-0.33638,-0.32795,0.11189,1,0,0,MODEL,0.0266,0.100,0.6539,0,none
3.633,73,-0.31104,-0.28833,0.12130,1,0,0,MODEL,-0.0111,0.100,0.6597,0,none
3.679,74,-0.28569,-0.17581,0.07862,1,0,0,MODEL,-0.1180,0.100,0.6663,0,none
3.730,75,-0.26090,-0.24623,0.10107,1,0,0,MODEL,-0.0511,0.100,0.6721,0,none
3.780,76,-0.23950,-0.19230,0.09324,1,0,0,MODEL,-0.1023,0.100,0.6783,0,none
3.830,77,-0.21823,-0.18646,0.08642,1,0,0,MODEL,-0.1079,0.100,0.6840,0,none
3.881,78,-0.19846,-0.10336,0.09026,1,0,0,MODEL,-0.1868,0.100,0.6901,0,none
3.929,79,-0.18224,-0.09840,0.08237,1,0,0,MODEL,-0.1915,0.100,0.6956,0,none
3.981,80,-0.16948,-0.11195,0.09012,1,0,0,MODEL,-0.1787,0.100,0.7014,0,none
4.031,81,-0.15900,-0.07416,0.07718,1,0,0,MODEL,-0.2145,0.100,0.7072,0,none
4.081,82,-0.15149,-0.14129,0.07670,1,0,0,MODEL,-0.1508,0.100,0.7127,0,none
4.130,83,-0.14607,-0.02715,0.09163,1,0,0,MODEL,-0.2592,0.100,0.7185,0,none
4.181,84,-0.14431,-0.14231,0.06850,1,0,0,MODEL,-0.1498,0.100,0.7236,0,none
4.233,85,-0.14537,-0.18036,0.07006,1,0,0,MODEL,-0.1137,0.100,0.7293,0,none
4.284,86,-0.14628,-0.09435,0.07987,1,0,0,MODEL,-0.1954,0.100,0.7348,0,none
4.332,87,-0.15022,-0.10361,0.07729,1,0,0,MODEL,-0.1866,0.100,0.7400,0,none
4.384,88,-0.15813,-0.11631,0.06235,1,0,0,MODEL,-0.1745,0.100,0.7453,0,none
4.430,89,-0.16856,-0.14454,0.06938,1,0,0,MODEL,-0.1477,0.100,0.7507,0,none
4.484,90,-0.18100,-0.19515,0.08810,1,0,0,MODEL,-0.0996,0.100,0.7560,0,none
4.532,91,-0.19440,-0.24978,0.09082,1,0,0,MODEL,-0.0477,0.100,0.7612,0,none
4.582,92,-0.20761,-0.20802,0.09409,1,0,0,MODEL,-0.0874,0.100,0.7664,0,none
4.634,93,-0.22181,-0.20844,0.09667,1,0,0,MODEL,-0.0870,0.100,0.7714,0,none
4.682,94,-0.23810,-0.23165,0.11493,1,0,0,MODEL,-0.0649,0.100,0.7765,0,none
4.733,95,-0.25547,-0.28932,0.11465,1,0,0,MODEL,-0.0101,0.100,0.7815,0,none
4.782,96,-0.27246,-0.22841,0.10380,1,0,0,MODEL,-0.0680,0.100,0.7864,0,none
4.832,97,-0.29021,-0.25323,0.10480,1,0,0,MODEL,-0.0444,0.100,0.7912,0,none
4.882,98,-0.30958,-0.34519,0.07311,1,0,0,MODEL,0.0429,0.100,0.7961,0,none
4.932,99,-0.32747,-0.36452,0.07050,1,0,0,MODEL,0.0613,0.100,0.8008,0,none
4.984,100,-0.34296,-0.33174,0.08300,1,0,0,MODEL,0.0301,0.100,0.8055,0,none
5.033,101,-0.35785,-0.40818,0.06426,1,0,0,MODEL,0.1028,0.100,0.8102,0,none
5.083,102,-0.37105,-0.36186,0.09718,1,0,0,MODEL,0.0588,0.100,0.8148,0,none
5.134,103,-0.38234,-0.29266,0.08829,1,0,0,MODEL,-0.0070,0.100,0.8194,0,none
5.185,104,-0.39479,-0.27108,0.09337,1,0,0,MODEL,-0.0275,0.100,0.8239,0,none
5.235,105,-0.40891,-0.21751,0.10260,1,0,0,MODEL,-0.0784,0.100,0.8285,0,none
5.285,106,-0.42469,-0.32073,0.11306,1,0,0,MODEL,0.0197,0.100,0.8329,0,none
5.332,107,-0.44161,-0.36393,0.12799,1,0,0,MODEL,0.0607,0.100,0.8372,0,none
5.385,108,-0.45573,-0.35095,0.11030,1,0,0,MODEL,0.0484,0.100,0.8415,0,none
5.433,109,-0.46801,-0.37577,0.11149,1,0,0,MODEL,0.0720,0.100,0.8459,0,none
5.485,110,-0.47926,-0.34977,0.13134,1,0,0,MODEL,0.0473,0.100,0.8501,0,none
5.535,111,-0.48902,-0.29500,0.13134,1,0,0,MODEL,-0.0047,0.100,0.8544,0,none
5.585,112,-0.49908,-0.20806,0.08604,1,0,0,MODEL,-0.0873,0.100,0.8586,0,none
5.635,113,-0.51159,-0.16622,0.06385,1,0,0,MODEL,-0.1271,0.100,0.8627,0,none
5.685,114,-0.52794,-0.29348,0.08541,1,0,0,MODEL,-0.0062,0.100,0.8667,0,none
5.734,115,-0.39520,-0.33432,0.09292,1,0,0,MODEL,0.0326,0.100,0.8707,0,none
5.784,116,-0.50402,-0.54642,0.08871,1,0,0,MODEL,0.2341,0.100,0.8747,0,none
5.834,117,-0.60851,-0.64987,0.11321,1,0,0,MODEL,0.3324,0.100,0.8778,0,none
5.885,118,-0.70312,-0.69435,0.07593,1,0,0,MODEL,0.3746,0.100,0.8810,0,none
5.934,119,-0.78845,-0.43727,0.09193,1,0,0,MODEL,0.1304,0.100,0.8844,0,none
5.984,120,-0.86913,-0.57289,0.08523,1,0,0,MODEL,0.2592,0.100,0.8885,0,none
6.035,121,-0.76027,-0.79494,0.09044,1,0,0,MODEL,0.4702,0.100,0.8918,0,none
6.084,122,-0.92125,-0.94576,0.09029,1,0,0,MODEL,0.6135,0.100,0.8936,0,none
6.135,123,-1.06679,-1.03620,0.09568,1,0,0,MODEL,0.6994,0.100,0.8952,0,none
6.186,124,-1.19578,-1.12335,0.12515,1,0,0,MODEL,0.7822,0.100,0.8971,0,none
6.235,125,-1.30796,-1.09093,0.11671,1,0,0,MODEL,0.7514,0.100,0.8989,0,none
6.287,126,-1.40229,-1.19669,0.14902,1,0,0,MODEL,0.8519,0.100,0.9015,0,none
6.336,127,-1.47943,-1.38804,0.14212,1,0,0,MODEL,1.0000,0.100,0.9028,0,none
6.384,128,-1.36164,-1.58526,0.09606,1,0,0,MODEL,1.0000,0.100,0.9026,0,none
6.436,129,-1.48568,-1.55786,0.13396,1,0,0,MODEL,1.0000,0.100,0.9034,0,none
6.486,130,-1.58858,-1.56675,0.15159,1,0,0,MODEL,1.0000,0.100,0.9048,0,none
6.535,131,-1.67019,-1.53343,0.17825,1,0,0,MODEL,1.0000,0.100,0.9063,0,none
6.586,132,-1.73008,-1.46373,0.12157,1,0,0,MODEL,1.0000,0.100,0.9077,0,none
6.635,133,-1.76793,-1.49213,0.12450,1,0,0,MODEL,1.0000,0.100,0.9091,0,none
6.686,134,-1.78346,-1.52351,0.13899,1,0,0,MODEL,1.0000,0.100,0.9105,0,none
6.736,135,-1.61810,-1.60317,0.13812,1,0,0,MODEL,1.0000,0.100,0.9119,0,none
6.786,136,-1.68675,-1.65398,0.11953,1,0,0,MODEL,1.0000,0.100,0.9133,0,none
6.836,137,-1.73317,-1.61533,0.12392,1,0,0,MODEL,1.0000,0.100,0.9146,0,none
6.886,138,-1.75707,-1.53713,0.12033,1,0,0,MODEL,1.0000,0.100,0.9159,0,none
6.935,139,-1.75825,-1.46495,0.12215,1,0,0,MODEL,1.0000,0.100,0.9172,0,none
6.984,140,-1.73663,-1.39483,0.15570,1,0,0,MODEL,1.0000,0.100,0.9185,0,none
7.035,141,-1.46152,-1.45655,0.13530,1,0,0,MODEL,1.0000,0.100,0.9197,0,none
7.088,142,-1.49333,-1.35029,0.13775,1,0,0,MODEL,0.9978,0.100,0.9209,0,none
7.136,143,-1.50226,-1.32780,0.14116,1,0,0,MODEL,0.9764,0.100,0.9222,0,none
7.188,144,-1.48859,-1.22532,0.15243,1,0,0,MODEL,0.8791,0.100,0.9238,0,none
7.236,145,-1.45446,-1.02756,0.10917,1,0,0,MODEL,0.6912,0.100,0.9267,0,none
7.287,146,-1.40515,-0.97985,0.10545,1,0,0,MODEL,0.6459,0.100,0.9309,0,none
7.338,147,-1.34447,-1.01547,0.09295,1,0,0,MODEL,0.6797,0.100,0.9343,0,none
7.385,148,-1.09185,-1.02126,0.09323,1,0,0,MODEL,0.6852,0.100,0.9366,0,none
7.439,149,-1.09990,-1.00750,0.10710,1,0,0,MODEL,0.6721,0.100,0.9389,0,none
7.485,150,-1.09145,-0.92739,0.12904,1,0,0,MODEL,0.5960,0.100,0.9415,0,none
7.536,151,-1.06818,-0.72786,0.10644,1,0,0,MODEL,0.4065,0.100,0.9447,0,none
7.586,152,-1.03498,-0.65616,0.09818,1,0,0,MODEL,0.3384,0.100,0.9487,0,none
7.635,153,-0.99674,-0.68432,0.12823,1,0,0,MODEL,0.3651,0.100,0.9523,0,none
7.688,154,-0.76942,-0.71521,0.12254,1,0,0,MODEL,0.3944,0.100,0.9552,0,none
7.738,155,-0.81680,-0.75931,0.11276,1,0,0,MODEL,0.4363,0.100,0.9579,0,none
7.789,156,-0.85301,-0.73227,0.08863,1,0,0,MODEL,0.4107,0.100,0.9604,0,none
7.838,157,-0.87774,-0.66331,0.07501,1,0,0,MODEL,0.3451,0.100,0.9633,0,none
7.888,158,-0.89357,-0.61346,0.08532,1,0,0,MODEL,0.2978,0.100,0.9665,0,none
7.938,159,-0.90269,-0.69665,0.07634,1,0,0,MODEL,0.3768,0.100,0.9697,0,none
7.987,160,-0.74322,-0.80272,0.08470,1,0,0,MODEL,0.4776,0.100,0.9720,0,none
8.038,161,-0.83560,-0.91666,0.10942,1,0,0,MODEL,0.5858,0.100,0.9737,0,none
8.088,162,-0.91188,-0.92269,0.11297,1,0,0,MODEL,0.5916,0.100,0.9749,0,none
8.136,163,-0.97065,-0.85731,0.09020,1,0,0,MODEL,0.5294,0.100,0.9768,0,none
8.188,164,-1.01500,-0.76969,0.05733,1,0,0,MODEL,0.4462,0.100,0.9796,0,none
8.238,165,-1.04826,-0.81623,0.07303,1,0,0,MODEL,0.4904,0.100,0.9827,0,none
8.288,166,-0.92927,-0.94008,0.07916,1,0,0,MODEL,0.6081,0.100,0.9849,0,none
8.337,167,-1.04096,-1.05263,0.10216,1,0,0,MODEL,0.7150,0.100,0.9859,0,none
8.388,168,-1.13260,-1.14758,0.12086,1,0,0,MODEL,0.8052,0.100,0.9861,0,none
8.438,169,-1.20152,-1.11494,0.10961,1,0,0,MODEL,0.7742,0.100,0.9861,0,none
8.490,170,-1.24770,-1.18473,0.11306,1,0,0,MODEL,0.8405,0.100,0.9875,0,none
8.540,171,-1.27287,-1.21798,0.11927,1,0,0,MODEL,0.8721,0.100,0.9880,0,none
8.588,172,-1.27360,-1.30741,0.10392,1,0,0,MODEL,0.9570,0.100,0.9883,0,none
8.637,173,-1.24883,-1.20355,0.09956,1,0,0,MODEL,0.8584,0.100,0.9875,0,none
8.691,174,-1.19844,-1.15729,0.08345,1,0,0,MODEL,0.8144,0.100,0.9892,0,none
8.738,175,-1.12828,-1.06284,0.10450,1,0,0,MODEL,0.7247,0.100,0.9912,0,none
8.788,176,-1.03796,-0.96935,0.10487,1,0,0,MODEL,0.6359,0.100,0.9931,0,none
8.823,177,-0.93182,-0.91151,0.10473,1,0,0,MODEL,0.5809,0.100,0.9963,0,none
8.875,178,-0.81257,-0.78334,0.14415,1,0,0,MODEL,0.4592,0.100,0.9991,0,none
8.924,179,-0.68192,-0.57348,0.13133,1,0,0,MODEL,0.2598,0.100,1.0023,0,none
8.975,180,-0.54578,-0.36105,0.11076,1,0,0,MODEL,0.0580,0.100,1.0057,0,none
9.023,181,-0.41053,-0.25990,0.06501,1,0,0,MODEL,-0.0381,0.100,1.0085,0,none
9.074,182,-0.27876,-0.17268,0.07480,1,0,0,MODEL,-0.1210,0.100,1.0111,0,none
9.124,183,-0.15119,-0.09594,0.07145,1,0,0,MODEL,-0.1939,0.100,1.0135,0,none
9.176,184,-0.02966,-0.01842,0.08862,1,0,0,MODEL,-0.2675,0.100,1.0158,0,none
9.228,185,0.08379,0.13577,0.08136,1,0,0,MODEL,-0.4140,0.100,1.0178,0,none
9.276,186,0.18645,0.20183,0.09525,1,0,0,MODEL,-0.4767,0.100,1.0190,0,none
9.327,187,0.27298,0.33349,0.13644,1,0,0,MODEL,-0.6018,0.100,1.0202,0,none
9.376,188,0.34147,0.29545,0.11719,1,0,0,MODEL,-0.5657,0.100,1.0205,0,none
9.426,189,0.39186,0.30400,0.12773,1,0,0,MODEL,-0.5738,0.100,1.0224,0,none
9.477,190,0.42667,0.33284,0.12268,1,0,0,MODEL,-0.6012,0.100,1.0241,0,none
9.526,191,0.44411,0.44467,0.14898,1,0,0,MODEL,-0.7074,0.100,1.0254,0,none
9.577,192,0.44183,0.34376,0.12651,1,0,0,MODEL,-0.6116,0.100,1.0255,0,none
9.631,193,0.41944,0.29483,0.14223,1,0,0,MODEL,-0.5651,0.100,1.0276,0,none
9.679,194,0.38136,0.33758,0.14369,1,0,0,MODEL,-0.6057,0.100,1.0296,0,none
9.728,195,0.32684,0.28467,0.14437,1,0,0,MODEL,-0.5554,0.100,1.0309,0,none
9.777,196,0.25557,0.29394,0.12703,1,0,0,MODEL,-0.5642,0.100,1.0330,0,none
9.828,197,0.16882,0.05130,0.07467,1,0,0,MODEL,-0.3337,0.100,1.0345,0,none
9.879,198,0.06748,0.05615,0.09719,1,0,0,MODEL,-0.3383,0.100,1.0370,0,none
9.928,199,-0.03907,-0.05648,0.08313,1,0,0,MODEL,-0.2313,0.100,1.0397,0,none
9.981,200,-0.15412,-0.16233,0.10525,1,0,0,MODEL,-0.1308,0.100,1.0420,0,none
10.031,201,-0.27333,-0.22469,0.09015,1,0,0,MODEL,-0.0715,0.100,1.0445,0,none
10.079,202,-0.39299,-0.41100,0.07666,1,0,0,MODEL,0.1055,0.100,1.0469,0,none
10.130,203,-0.50919,-0.54236,0.07940,1,0,0,MODEL,0.2302,0.100,1.0486,0,none
10.181,204,-0.61660,-0.61948,0.09801,1,0,0,MODEL,0.3035,0.100,1.0500,0,none
10.231,205,-0.71343,-0.69746,0.09102,1,0,0,MODEL,0.3776,0.100,1.0515,0,none
10.281,206,-0.79814,-0.78878,0.10374,1,0,0,MODEL,0.4643,0.100,1.0527,0,none
10.332,207,-0.86791,-0.87477,0.09283,1,0,0,MODEL,0.5460,0.100,1.0535,0,none
10.381,208,-0.91985,-0.88636,0.11405,1,0,0,MODEL,0.5570,0.100,1.0539,0,none
10.430,209,-0.95350,-0.92074,0.12733,1,0,0,MODEL,0.5897,0.100,1.0550,0,none
10.481,210,-0.96898,-0.94941,0.12914,1,0,0,MODEL,0.6169,0.100,1.0559,0,none
10.530,211,-0.96507,-0.92288,0.10637,1,0,0,MODEL,0.5917,0.100,1.0566,0,none
10.582,212,-0.94246,-0.84176,0.08086,1,0,0,MODEL,0.5147,0.100,1.0580,0,none
10.632,213,-0.90422,-0.87735,0.08337,1,0,0,MODEL,0.5485,0.100,1.0601,0,none
10.682,214,-0.85051,-0.80181,0.06469,1,0,0,MODEL,0.4767,0.100,1.0612,0,none
10.731,215,-0.78130,-0.73365,0.06463,1,0,0,MODEL,0.4120,0.100,1.0632,0,none
10.780,216,-0.70027,-0.57743,0.06899,1,0,0,MODEL,0.2636,0.100,1.0654,0,none
10.832,217,-0.61142,-0.28504,0.12301,1,0,0,MODEL,-0.0142,0.100,1.0679,0,none
10.881,218,-0.52416,-0.16705,0.11241,1,0,0,MODEL,-0.1263,0.100,1.0697,0,none
10.931,219,-0.44432,-0.17120,0.11706,1,0,0,MODEL,-0.1224,0.100,1.0715,0,none
10.983,220,-0.36989,-0.26652,0.14301,1,0,0,MODEL,-0.0318,0.100,1.0734,0,none
11.030,221,-0.20142,-0.13254,0.19566,0,1,0,MODEL,-0.0318,0.100,1.0754,0,none
11.081,222,-0.20261,-0.03582,0.13436,1,0,0,MODEL,-0.2510,0.100,1.0774,0,none
11.132,223,-0.21092,0.04766,0.11279,1,0,0,MODEL,-0.3303,0.100,1.0780,0,none
11.182,224,-0.23285,0.01794,0.11121,1,0,0,MODEL,-0.3020,0.100,1.0791,0,none
11.233,225,-0.26595,-0.21416,0.12359,1,0,0,MODEL,-0.0815,0.100,1.0808,0,none
11.284,226,-0.22618,-0.29118,0.12289,1,0,0,MODEL,-0.0084,0.100,1.0828,0,none
11.331,227,-0.33460,-0.37090,0.11673,1,0,0,MODEL,0.0674,0.100,1.0847,0,none
11.383,228,-0.44036,-0.43152,0.08775,1,0,0,MODEL,0.1249,0.100,1.0864,0,none
11.431,229,-0.54157,-0.45506,0.08999,1,0,0,MODEL,0.1473,0.100,1.0880,0,none
11.481,230,-0.63751,-0.55345,0.12434,1,0,0,MODEL,0.2408,0.100,1.0897,0,none
11.534,231,-0.65543,-0.80158,0.07298,1,0,0,MODEL,0.4765,0.100,1.0908,0,none
11.585,232,-0.80392,-0.97455,0.10430,1,0,0,MODEL,0.6408,0.100,1.0899,0,none
11.634,233,-0.92988,-1.00218,0.13219,1,0,0,MODEL,0.6671,0.100,1.0882,0,none
11.684,234,-1.03146,-0.99882,0.12653,1,0,0,MODEL,0.6639,0.100,1.0878,0,none
11.734,235,-1.11125,-1.05918,0.14082,1,0,0,MODEL,0.7212,0.100,1.0882,0,none
11.784,236,-1.08928,-1.09727,0.13966,1,0,0,MODEL,0.7574,0.100,1.0878,0,none
11.832,237,-1.19636,-1.15878,0.15221,1,0,0,MODEL,0.8158,0.100,1.0872,0,none
11.884,238,-1.27751,-1.15227,0.10824,1,0,0,MODEL,0.8097,0.100,1.0860,0,none
11.934,239,-1.33139,-1.17325,0.11738,1,0,0,MODEL,0.8296,0.100,1.0856,0,none
11.984,240,-1.35904,-1.17578,0.10717,1,0,0,MODEL,0.8320,0.100,1.0850,0,none
12.034,241,-1.26786,-1.23432,0.11806,1,0,0,MODEL,0.8876,0.100,1.0845,0,none
12.085,242,-1.31605,-1.14234,0.12673,1,0,0,MODEL,0.8002,0.100,1.0830,0,none
12.136,243,-1.33622,-1.14973,0.12917,1,0,0,MODEL,0.8072,0.100,1.0836,0,none
12.185,244,-1.33261,-1.17019,0.12289,1,0,0,MODEL,0.8267,0.100,1.0836,0,none
12.236,245,-1.30279,-1.18022,0.10964,1,0,0,MODEL,0.8362,0.100,1.0830,0,none
12.283,246,-1.14317,-1.13179,0.13380,1,0,0,MODEL,0.7902,0.100,1.0824,0,none
12.336,247,-1.13559,-1.06956,0.13163,1,0,0,MODEL,0.7311,0.100,1.0828,0,none
12.384,248,-1.10485,-1.09685,0.18558,1,0,0,MODEL,0.7570,0.100,1.0838,0,none
12.434,249,-1.05165,-1.03255,0.16013,1,0,0,MODEL,0.6959,0.100,1.0838,0,none
12.487,250,-0.97497,-1.01328,0.13280,1,0,0,MODEL,0.6776,0.100,1.0846,0,none
12.535,251,-0.76911,-0.89096,0.12892,1,0,0,MODEL,0.5614,0.100,1.0854,0,none
12.586,252,-0.72751,-0.89491,0.13283,1,0,0,MODEL,0.5652,0.100,1.0873,0,none
12.636,253,-0.67018,-0.78811,0.12275,1,0,0,MODEL,0.4637,0.100,1.0885,0,none
12.687,254,-0.59490,-0.71331,0.13200,1,0,0,MODEL,0.3926,0.100,1.0898,0,none
12.736,255,-0.50636,-0.58947,0.09013,1,0,0,MODEL,0.2750,0.100,1.0916,0,none
12.788,256,-0.40617,-0.59748,0.10852,1,0,0,MODEL,0.2826,0.100,1.0935,0,none
12.839,257,-0.29840,-0.37096,0.11622,1,0,0,MODEL,0.0674,0.100,1.0957,0,none
12.889,258,-0.18600,-0.20930,0.11713,1,0,0,MODEL,-0.0862,0.100,1.0976,0,none
12.938,259,-0.07748,-0.18527,0.10935,1,0,0,MODEL,-0.1090,0.100,1.0991,0,none
12.991,260,0.02518,-0.10608,0.09707,1,0,0,MODEL,-0.1842,0.100,1.1007,0,none
13.039,261,0.12272,0.02796,0.10477,1,0,0,MODEL,-0.3116,0.100,1.1021,0,none
13.091,262,0.21079,0.07493,0.11330,1,0,0,MODEL,-0.3562,0.100,1.1028,0,none
13.126,263,0.28539,0.17657,0.13163,1,0,0,MODEL,-0.4527,0.100,1.1036,0,none
13.174,264,0.34443,0.17478,0.13747,1,0,0,MODEL,-0.4510,0.100,1.1038,0,none
13.226,265,0.38686,0.12729,0.16493,1,0,0,MODEL,-0.4059,0.100,1.1047,0,none
13.274,266,0.39367,0.16324,0.21906,0,1,0,MODEL,-0.4059,0.100,1.1062,0,none
13.326,267,0.44792,0.16905,0.17256,1,0,0,MODEL,-0.4456,0.100,1.1074,0,none
13.375,268,0.48746,0.20740,0.15923,1,0,0,MODEL,-0.4820,0.100,1.1081,0,none
13.424,269,0.51027,0.37882,0.12970,1,0,0,MODEL,-0.6449,0.100,1.1086,0,none
13.474,270,0.46558,0.16436,0.12814,1,0,0,MODEL,-0.4411,0.100,1.1068,0,none
13.524,271,0.48642,0.25596,0.14917,1,0,0,MODEL,-0.5282,0.100,1.1091,0,none
13.576,272,0.49328,0.34658,0.12965,1,0,0,MODEL,-0.6142,0.100,1.1093,0,none
13.625,273,0.47839,0.34325,0.13957,1,0,0,MODEL,-0.6111,0.100,1.1086,0,none
13.676,274,0.44138,0.35026,0.13534,1,0,0,MODEL,-0.6177,0.100,1.1089,0,none
13.726,275,0.35311,0.19671,0.11323,1,0,0,MODEL,-0.4719,0.100,1.1092,0,none
13.776,276,0.31709,0.13580,0.11164,1,0,0,MODEL,-0.4140,0.100,1.1112,0,none
13.829,277,0.26917,0.10795,0.07666,1,0,0,MODEL,-0.3876,0.100,1.1129,0,none
13.875,278,0.20897,0.03929,0.09268,1,0,0,MODEL,-0.3223,0.100,1.1142,0,none
13.925,279,0.13778,-0.01102,0.09530,1,0,0,MODEL,-0.2745,0.100,1.1158,0,none
13.977,280,0.04365,-0.12159,0.09315,1,0,0,MODEL,-0.1695,0.100,1.1174,0,none
14.026,281,-0.00353,-0.11505,0.08559,1,0,0,MODEL,-0.1757,0.100,1.1191,0,none
14.075,282,-0.05518,-0.09543,0.09226,1,0,0,MODEL,-0.1943,0.100,1.1206,0,none
14.125,283,-0.11346,-0.18463,0.07091,1,0,0,MODEL,-0.1096,0.100,1.1219,0,none
14.178,284,-0.20957,-0.18983,0.11236,1,0,0,MODEL,-0.1047,0.100,1.1235,0,none
14.225,285,-0.23621,-0.38499,0.12559,1,0,0,MODEL,0.0807,0.100,1.1250,0,none
14.276,286,-0.26127,-0.31854,0.06503,1,0,0,MODEL,0.0176,0.100,1.1260,0,none
14.325,287,-0.28262,-0.29107,0.11173,1,0,0,MODEL,-0.0085,0.100,1.1274,0,none
14.375,288,-0.30489,-0.34663,0.08330,1,0,0,MODEL,0.0443,0.100,1.1289,0,none
14.427,289,-0.33559,-0.31357,0.13203,1,0,0,MODEL,0.0129,0.100,1.1302,0,none
14.477,290,-0.31629,-0.32057,0.10379,1,0,0,MODEL,0.0195,0.100,1.1316,0,none
14.526,291,-0.29674,-0.33703,0.08667,1,0,0,MODEL,0.0352,0.100,1.1330,0,none
14.578,292,-0.27598,-0.27962,0.12185,1,0,0,MODEL,-0.0194,0.100,1.1344,0,none
14.626,293,-0.27844,-0.26615,0.11514,1,0,0,MODEL,-0.0322,0.100,1.1357,0,none
14.676,294,-0.21980,-0.27568,0.10122,1,0,0,MODEL,-0.0231,0.100,1.1371,0,none
14.726,295,-0.16220,-0.21664,0.07664,1,0,0,MODEL,-0.0792,0.100,1.1384,0,none
14.775,296,-0.10671,-0.17663,0.08692,1,0,0,MODEL,-0.1172,0.100,1.1396,0,none
14.826,297,-0.09452,-0.09189,0.10534,1,0,0,MODEL,-0.1977,0.100,1.1408,0,none
14.877,298,-0.01108,-0.07479,0.13293,1,0,0,MODEL,-0.2139,0.100,1.1417,0,none
14.928,299,0.06383,-0.03166,0.10415,1,0,0,MODEL,-0.2549,0.100,1.1427,0,none
14.977,300,0.13023,0.03395,0.14930,1,0,0,MODEL,-0.3173,0.100,1.1436,0,none
15.024,301,0.18502,0.07625,0.11754,1,0,0,MODEL,-0.3574,0.100,1.1441,0,none
15.076,302,0.20987,0.18397,0.15401,1,0,0,MODEL,-0.4598,0.100,1.1446,0,none
15.126,303,0.27430,0.13659,0.14907,1,0,0,MODEL,-0.4148,0.100,1.1442,0,none
15.176,304,0.32195,0.26503,0.14311,1,0,0,MODEL,-0.5368,0.100,1.1450,0,none
15.227,305,0.35172,0.10984,0.16855,1,0,0,MODEL,-0.3893,0.100,1.1441,0,none
15.279,306,0.33027,0.28651,0.15017,1,0,0,MODEL,-0.5572,0.100,1.1456,0,none
15.325,307,0.36960,0.24037,0.12895,1,0,0,MODEL,-0.5134,0.100,1.1448,0,none
15.377,308,0.38676,0.27936,0.11452,1,0,0,MODEL,-0.5504,0.100,1.1449,0,none
15.429,309,0.38459,0.38417,0.16504,1,0,0,MODEL,-0.6500,0.100,1.1448,0,none
15.479,310,0.35902,0.34716,0.15044,1,0,0,MODEL,-0.6148,0.100,1.1432,0,none
15.527,311,0.29763,0.23001,0.16998,1,0,0,MODEL,-0.5035,0.100,1.1433,0,none
15.578,312,0.26968,0.04758,0.16305,1,0,0,MODEL,-0.3302,0.100,1.1447,0,none
15.632,313,0.23035,0.06716,0.09966,1,0,0,MODEL,-0.3488,0.100,1.1466,0,none
15.678,314,0.18161,0.11740,0.15612,1,0,0,MODEL,-0.3965,0.100,1.1475,0,none
15.729,315,0.09105,-0.05610,0.09011,1,0,0,MODEL,-0.2317,0.100,1.1481,0,none
15.780,316,0.05432,-0.09849,0.08032,1,0,0,MODEL,-0.1914,0.100,1.1489,0,none
15.829,317,0.01132,-0.12107,0.07798,1,0,0,MODEL,-0.1700,0.100,1.1504,0,none
15.880,318,-0.03710,-0.11223,0.08414,1,0,0,MODEL,-0.1784,0.100,1.1517,0,none
15.930,319,-0.13499,-0.15649,0.08320,1,0,0,MODEL,-0.1363,0.100,1.1527,0,none
15.981,320,-0.15473,-0.28678,0.10355,1,0,0,MODEL,-0.0126,0.100,1.1539,0,none
16.032,321,-0.17556,-0.29698,0.10823,1,0,0,MODEL,-0.0029,0.100,1.1551,0,none
16.079,322,-0.19492,-0.33518,0.10217,1,0,0,MODEL,0.0334,0.100,1.1562,0,none
16.132,323,-0.21329,-0.42201,0.12198,1,0,0,MODEL,0.1159,0.100,1.1573,0,none
16.182,324,-0.24292,-0.39884,0.10978,1,0,0,MODEL,0.0939,0.100,1.1582,0,none
16.232,325,-0.21210,-0.35925,0.12727,1,0,0,MODEL,0.0563,0.100,1.1592,0,none
16.282,326,-0.17904,-0.26641,0.12003,1,0,0,MODEL,-0.0319,0.100,1.1604,0,none
16.334,327,-0.14676,-0.20691,0.12071,1,0,0,MODEL,-0.0884,0.100,1.1614,0,none
16.383,328,-0.14500,-0.06333,0.13538,1,0,0,MODEL,-0.2248,0.100,1.1624,0,none
16.432,329,-0.08411,-0.08005,0.11301,1,0,0,MODEL,-0.2089,0.100,1.1627,0,none
16.480,330,-0.03299,-0.03158,0.11900,1,0,0,MODEL,-0.2550,0.100,1.1636,0,none
16.532,331,0.00931,0.12244,0.13734,1,0,0,MODEL,-0.4013,0.100,1.1642,0,none
16.581,332,0.03710,0.13686,0.16833,1,0,0,MODEL,-0.4150,0.100,1.1635,0,none
16.632,333,0.04722,0.10205,0.11760,1,0,0,MODEL,-0.3819,0.100,1.1636,0,none
16.683,334,0.04258,-0.06446,0.11988,1,0,0,MODEL,-0.2238,0.100,1.1644,0,none
16.732,335,0.02858,-0.02547,0.09113,1,0,0,MODEL,-0.2608,0.100,1.1658,0,none
16.782,336,0.00756,-0.03252,0.10223,1,0,0,MODEL,-0.2541,0.100,1.1665,0,none
16.832,337,-0.02354,-0.05274,0.11727,1,0,0,MODEL,-0.2349,0.100,1.1673,0,none
16.883,338,-0.06361,-0.21349,0.15894,1,0,0,MODEL,-0.0822,0.100,1.1682,0,none
16.933,339,-0.10807,-0.16966,0.15833,1,0,0,MODEL,-0.1238,0.100,1.1694,0,none
16.984,340,-0.15468,-0.26307,0.11967,1,0,0,MODEL,-0.0351,0.100,1.1703,0,none
17.036,341,-0.20412,-0.33866,0.12436,1,0,0,MODEL,0.0367,0.100,1.1713,0,none
17.083,342,-0.25187,-0.35858,0.11841,1,0,0,MODEL,0.0557,0.100,1.1722,0,none
17.134,343,-0.29681,-0.34310,0.09868,1,0,0,MODEL,0.0409,0.100,1.1731,0,none
17.184,344,-0.33967,-0.35944,0.09606,1,0,0,MODEL,0.0565,0.100,1.1740,0,none
17.235,345,-0.38099,-0.38371,0.08477,1,0,0,MODEL,0.0795,0.100,1.1750,0,none
17.284,346,-0.41961,-0.37398,0.08963,1,0,0,MODEL,0.0703,0.100,1.1759,0,none
17.333,347,-0.45499,-0.39046,0.08352,1,0,0,MODEL,0.0859,0.100,1.1768,0,none
17.384,348,-0.48757,-0.51049,0.11360,1,0,0,MODEL,0.2000,0.100,1.1777,0,none
17.433,349,-0.51466,-0.55622,0.12438,1,0,0,MODEL,0.2434,0.100,1.1780,0,none
17.484,350,-0.53139,-0.53236,0.12264,1,0,0,MODEL,0.2207,0.100,1.1784,0,none
17.533,351,-0.53831,-0.31234,0.10102,1,0,0,MODEL,0.0117,0.100,1.1791,0,none
17.584,352,-0.54072,-0.30332,0.08230,1,0,0,MODEL,0.0032,0.100,1.1799,0,none
17.632,353,-0.54621,-0.35094,0.07512,1,0,0,MODEL,0.0484,0.100,1.1809,0,none
17.683,354,-0.49287,-0.49914,0.10962,1,0,0,MODEL,0.1892,0.100,1.1817,0,none
17.736,355,-0.61504,-0.60742,0.08754,1,0,0,MODEL,0.2920,0.100,1.1820,0,none
17.785,356,-0.72600,-0.66727,0.08592,1,0,0,MODEL,0.3489,0.100,1.1818,0,none
17.833,357,-0.82307,-0.65926,0.08958,1,0,0,MODEL,0.3413,0.100,1.1816,0,none
17.882,358,-0.75974,-0.78695,0.09895,1,0,0,MODEL,0.4626,0.100,1.1819,0,none
17.934,359,-0.94627,-0.88062,0.10651,1,0,0,MODEL,0.5516,0.100,1.1810,0,none
17.985,360,-1.11235,-1.06671,0.13235,1,0,0,MODEL,0.7284,0.100,1.1796,0,none
18.032,361,-1.25305,-1.05534,0.14522,1,0,0,MODEL,0.7176,0.100,1.1759,0,none
18.082,362,-1.36325,-1.21536,0.12625,1,0,0,MODEL,0.8696,0.100,1.1741,0,none
18.134,363,-1.28530,-1.27107,0.14014,1,0,0,MODEL,0.9225,0.100,1.1699,0,none
18.186,364,-1.44777,-1.33836,0.13207,1,0,0,MODEL,0.9864,0.100,1.1659,0,none
18.236,365,-1.57476,-1.41301,0.12465,1,0,0,MODEL,1.0000,0.100,1.1616,0,none
18.284,366,-1.66447,-1.42686,0.15424,1,0,0,MODEL,1.0000,0.100,1.1579,0,none
18.335,367,-1.71767,-1.54912,0.13170,1,0,0,MODEL,1.0000,0.100,1.1548,0,none
18.387,368,-1.53962,-1.61362,0.15627,1,0,0,MODEL,1.0000,0.100,1.1518,0,none
18.437,369,-1.64016,-1.69984,0.17117,1,0,0,MODEL,1.0000,0.100,1.1488,0,none
18.485,370,-1.70534,-1.61745,0.14680,1,0,0,MODEL,1.0000,0.100,1.1460,0,none
18.537,371,-1.73503,-1.56262,0.13556,1,0,0,MODEL,1.0000,0.100,1.1431,0,none
18.585,372,-1.72933,-1.59828,0.17066,1,0,0,MODEL,1.0000,0.100,1.1404,0,none
18.635,373,-1.68850,-1.64063,0.17889,1,0,0,MODEL,1.0000,0.100,1.1377,0,none
18.688,374,-1.49499,-1.50135,0.13873,1,0,0,MODEL,1.0000,0.100,1.1350,0,none
18.734,375,-1.50296,-1.39639,0.14869,1,0,0,MODEL,1.0000,0.100,1.1324,0,none
18.785,376,-1.47624,-1.13574,0.14162,1,0,0,MODEL,0.7939,0.100,1.1299,0,none
18.837,377,-1.41700,-1.03181,0.09497,1,0,0,MODEL,0.6952,0.100,1.1301,0,none
18.884,378,-1.33597,-1.07965,0.11965,1,0,0,MODEL,0.7407,0.100,1.1317,0,none
18.938,379,-1.08301,-1.00205,0.11764,1,0,0,MODEL,0.6669,0.100,1.1314,0,none
18.987,380,-1.07241,-0.91429,0.13294,1,0,0,MODEL,0.5836,0.100,1.1317,0,none
19.036,381,-1.04141,-0.77265,0.13479,1,0,0,MODEL,0.4490,0.100,1.1329,0,none
19.087,382,-0.99404,-0.69411,0.13743,1,0,0,MODEL,0.3744,0.100,1.1346,0,none
19.138,383,-0.93485,-0.67674,0.14406,1,0,0,MODEL,0.3579,0.100,1.1362,0,none
19.188,384,-0.71345,-0.65914,0.12915,1,0,0,MODEL,0.3412,0.100,1.1374,0,none
19.239,385,-0.74955,-0.75017,0.08604,1,0,0,MODEL,0.4277,0.100,1.1385,0,none
19.289,386,-0.77226,-0.55713,0.07942,1,0,0,MODEL,0.2443,0.100,1.1386,0,none
19.339,387,-0.78108,-0.46597,0.12342,1,0,0,MODEL,0.1577,0.100,1.1400,0,none
19.389,388,-0.78583,-0.53928,0.11509,1,0,0,MODEL,0.2273,0.100,1.1417,0,none
19.439,389,-0.65532,-0.66565,0.06230,1,0,0,MODEL,0.3474,0.100,1.1427,0,none
19.490,390,-0.76212,-0.81729,0.06762,1,0,0,MODEL,0.4914,0.100,1.1427,0,none
19.538,391,-0.85171,-0.71291,0.06975,1,0,0,MODEL,0.3923,0.100,1.1417,0,none
19.589,392,-0.92261,-0.73825,0.07936,1,0,0,MODEL,0.4163,0.100,1.1426,0,none
19.637,393,-0.98099,-0.87439,0.08849,1,0,0,MODEL,0.5457,0.100,1.1433,0,none
19.690,394,-0.89962,-1.06945,0.12187,1,0,0,MODEL,0.7310,0.100,1.1423,0,none
19.738,395,-1.03196,-1.16210,0.13292,1,0,0,MODEL,0.8190,0.100,1.1390,0,none
19.788,396,-1.13311,-1.16378,0.13677,1,0,0,MODEL,0.8206,0.100,1.1360,0,none
19.838,397,-1.20354,-1.29198,0.15205,1,0,0,MODEL,0.9424,0.100,1.1344,0,none
19.889,398,-1.24282,-1.39040,0.18349,1,0,0,MODEL,1.0000,0.100,1.1306,0,none
19.938,399,-1.24535,-1.32228,0.17310,1,0,0,MODEL,0.9712,0.100,1.1267,0,none
19.992,400,-1.21251,-1.29179,0.16142,1,0,0,MODEL,0.9422,0.100,1.1246,0,none
20.039,401,-1.14778,-1.15999,0.09407,1,0,0,MODEL,0.8170,0.100,1.1232,0,none
20.087,402,-1.05428,-1.05408,0.09249,1,0,0,MODEL,0.7164,0.100,1.1238,0,none
20.138,403,-0.93794,-0.99213,0.12121,1,0,0,MODEL,0.6575,0.100,1.1249,0,none
20.190,404,-0.80104,-0.79340,0.09384,1,0,0,MODEL,0.4687,0.100,1.1258,0,none
20.241,405,-0.64676,-0.61103,0.10512,1,0,0,MODEL,0.2955,0.100,1.1278,0,none
20.291,406,-0.48318,-0.50877,0.13453,1,0,0,MODEL,0.1983,0.100,1.1301,0,none
20.340,407,-0.31439,-0.32269,0.12432,1,0,0,MODEL,0.0216,0.100,1.1319,0,none
20.388,408,-0.14344,-0.18213,0.16348,1,0,0,MODEL,-0.1120,0.100,1.1334,0,none
20.440,409,0.02344,-0.04786,0.20041,0,1,0,MODEL,-0.1120,0.100,1.1345,0,none
20.491,410,0.18453,0.07221,0.11136,1,0,0,MODEL,-0.3536,0.100,1.1357,0,none
20.540,411,0.34148,0.29787,0.13480,1,0,0,MODEL,-0.5680,0.100,1.1360,0,none
20.575,412,0.47858,0.46676,0.16272,1,0,0,MODEL,-0.7284,0.100,1.1330,0,none
20.626,413,0.58584,0.63564,0.15314,1,0,0,MODEL,-0.8889,0.100,1.1295,0,none
20.673,414,0.66004,0.68890,0.14012,1,0,0,MODEL,-0.9395,0.100,1.1249,0,none
20.724,415,0.69913,0.76722,0.14228,1,0,0,MODEL,-1.0000,0.100,1.1219,0,none
20.775,416,0.70323,0.67431,0.12242,1,0,0,MODEL,-0.9256,0.100,1.1184,0,none
20.826,417,0.67453,0.69679,0.11300,1,0,0,MODEL,-0.9470,0.100,1.1178,0,none
20.873,418,0.61545,0.64956,0.09893,1,0,0,MODEL,-0.9021,0.100,1.1159,0,none
20.925,419,0.52590,0.50162,0.07993,1,0,0,MODEL,-0.7615,0.100,1.1152,0,none
20.975,420,0.41148,0.30820,0.07371,1,0,0,MODEL,-0.5778,0.100,1.1166,0,none
21.023,421,0.27953,0.13423,0.07902,1,0,0,MODEL,-0.4125,0.100,1.1189,0,none
21.073,422,0.13599,-0.07209,0.11191,1,0,0,MODEL,-0.2165,0.100,1.1212,0,none
21.123,423,-0.01349,-0.16174,0.13556,1,0,0,MODEL,-0.1313,0.100,1.1233,0,none
21.174,424,-0.16527,-0.31934,0.12246,1,0,0,MODEL,0.0184,0.100,1.1250,0,none
21.226,425,-0.31644,-0.41374,0.10739,1,0,0,MODEL,0.1081,0.100,1.1263,0,none
21.276,426,-0.46286,-0.50712,0.12111,1,0,0,MODEL,0.1968,0.100,1.1274,0,none
21.327,427,-0.60444,-0.64225,0.10719,1,0,0,MODEL,0.3251,0.100,1.1286,0,none
21.376,428,-0.73600,-0.79505,0.08100,1,0,0,MODEL,0.4703,0.100,1.1286,0,none
21.426,429,-0.85120,-0.87435,0.05668,1,0,0,MODEL,0.5456,0.100,1.1278,0,none
21.477,430,-0.94597,-0.97342,0.07675,1,0,0,MODEL,0.6397,0.100,1.1272,0,none
21.526,431,-1.01743,-1.06626,0.09473,1,0,0,MODEL,0.7279,0.100,1.1258,0,none
21.576,432,-1.06235,-1.05480,0.09041,1,0,0,MODEL,0.7171,0.100,1.1239,0,none
21.628,433,-1.08085,-1.10245,0.11090,1,0,0,MODEL,0.7623,0.100,1.1236,0,none
21.677,434,-1.07336,-1.14069,0.12133,1,0,0,MODEL,0.7987,0.100,1.1223,0,none
21.728,435,-1.03775,-1.00257,0.12537,1,0,0,MODEL,0.6674,0.100,1.1209,0,none
21.777,436,-0.97801,-1.01294,0.11447,1,0,0,MODEL,0.6773,0.100,1.1223,0,none
21.825,437,-0.89754,-0.92879,0.07608,1,0,0,MODEL,0.5974,0.100,1.1224,0,none
21.875,438,-0.79631,-0.80353,0.08886,1,0,0,MODEL,0.4784,0.100,1.1235,0,none
21.926,439,-0.67946,-0.65039,0.09640,1,0,0,MODEL,0.3329,0.100,1.1253,0,none
21.977,440,-0.55220,-0.34374,0.09644,1,0,0,MODEL,0.0415,0.100,1.1274,0,none
22.027,441,-0.42376,-0.09828,0.06018,1,0,0,MODEL,-0.1916,0.100,1.1289,0,none
22.078,442,-0.30439,-0.04800,0.07371,1,0,0,MODEL,-0.2394,0.100,1.1292,0,none
22.128,443,-0.19606,-0.02224,0.08762,1,0,0,MODEL,-0.2639,0.100,1.1301,0,none
22.177,444,-0.09719,0.03426,0.07112,1,0,0,MODEL,-0.3176,0.100,1.1311,0,none
22.228,445,0.05715,0.17957,0.13008,1,0,0,MODEL,-0.4556,0.100,1.1319,0,none
22.278,446,0.04268,0.14962,0.07254,1,0,0,MODEL,-0.4271,0.100,1.1313,0,none
22.328,447,0.01073,0.18262,0.06895,1,0,0,MODEL,-0.4585,0.100,1.1321,0,none
22.378,448,-0.03672,-0.01547,0.10081,1,0,0,MODEL,-0.2703,0.100,1.1326,0,none
22.427,449,0.00893,-0.07992,0.09882,1,0,0,MODEL,-0.2091,0.100,1.1344,0,none
22.477,450,-0.13963,-0.21770,0.09913,1,0,0,MODEL,-0.0782,0.100,1.1360,0,none
22.528,451,-0.29109,-0.22789,0.12831,1,0,0,MODEL,-0.0685,0.100,1.1374,0,none
22.579,452,-0.44337,-0.40260,0.10190,1,0,0,MODEL,0.0975,0.100,1.1388,0,none
22.626,453,-0.59359,-0.55182,0.12086,1,0,0,MODEL,0.2392,0.100,1.1396,0,none
22.679,454,-0.64543,-0.73514,0.10627,1,0,0,MODEL,0.4134,0.100,1.1399,0,none
22.729,455,-0.85238,-0.87379,0.09848,1,0,0,MODEL,0.5451,0.100,1.1389,0,none
22.778,456,-1.03967,-0.93792,0.14624,1,0,0,MODEL,0.6060,0.100,1.1375,0,none
22.828,457,-1.20511,-1.08642,0.12328,1,0,0,MODEL,0.7471,0.100,1.1366,0,none
22.880,458,-1.34487,-1.29867,0.10349,1,0,0,MODEL,0.9487,0.100,1.1337,0,none
22.929,459,-1.34437,-1.43480,0.13308,1,0,0,MODEL,1.0000,0.100,1.1275,0,none
22.978,460,-1.49529,-1.51568,0.15126,1,0,0,MODEL,1.0000,0.100,1.1236,0,none
23.031,461,-1.61213,-1.51769,0.14346,1,0,0,MODEL,1.0000,0.100,1.1211,0,none
23.080,462,-1.69558,-1.52882,0.12695,1,0,0,MODEL,1.0000,0.100,1.1188,0,none
23.129,463,-1.74537,-1.65006,0.15565,1,0,0,MODEL,1.0000,0.100,1.1165,0,none
23.178,464,-1.63341,-1.75371,0.16178,1,0,0,MODEL,1.0000,0.100,1.1143,0,none
23.228,465,-1.70089,-1.69328,0.13554,1,0,0,MODEL,1.0000,0.100,1.1121,0,none
23.278,466,-1.73500,-1.66390,0.15212,1,0,0,MODEL,1.0000,0.100,1.1100,0,none
23.328,467,-1.73574,-1.56205,0.17912,1,0,0,MODEL,1.0000,0.100,1.1079,0,none
23.379,468,-1.70329,-1.54733,0.20987,0,1,0,MODEL,1.0000,0.100,1.1058,0,none
23.429,469,-1.63801,-1.46727,0.16226,1,0,0,MODEL,1.0000,0.100,1.1038,0,none
23.480,470,-1.47431,-1.38297,0.18218,1,0,0,MODEL,1.0000,0.100,1.1018,0,none
23.530,471,-1.42772,-1.19257,0.17459,1,0,0,MODEL,0.8479,0.100,1.0999,0,none
23.581,472,-1.35310,-1.03544,0.14065,1,0,0,MODEL,0.6987,0.100,1.1013,0,none
23.630,473,-1.25797,-0.94137,0.15355,1,0,0,MODEL,0.6093,0.100,1.1034,0,none
23.679,474,-1.14531,-0.85662,0.15178,1,0,0,MODEL,0.5288,0.100,1.1052,0,none
23.729,475,-0.93337,-0.79960,0.15224,1,0,0,MODEL,0.4746,0.100,1.1068,0,none
23.782,476,-0.87298,-0.56513,0.10794,1,0,0,MODEL,0.2519,0.100,1.1084,0,none
23.830,477,-0.80363,-0.44947,0.08103,1,0,0,MODEL,0.1420,0.100,1.1107,0,none
23.882,478,-0.73206,-0.45721,0.07152,1,0,0,MODEL,0.1494,0.100,1.1127,0,none
23.930,479,-0.65715,-0.46546,0.06674,1,0,0,MODEL,0.1572,0.100,1.1143,0,none
23.981,480,-0.50277,-0.37255,0.07919,1,0,0,MODEL,0.0689,0.100,1.1157,0,none
24.030,481,-0.50438,-0.46090,0.09181,1,0,0,MODEL,0.1529,0.100,1.1174,0,none
24.082,482,-0.50258,-0.49376,0.10629,1,0,0,MODEL,0.1841,0.100,1.1186,0,none
24.130,483,-0.49430,-0.49490,0.09745,1,0,0,MODEL,0.1852,0.100,1.1200,0,none
24.181,484,-0.47942,-0.47098,0.12587,1,0,0,MODEL,0.1624,0.100,1.1213,0,none
24.233,485,-0.45778,-0.52420,0.13511,1,0,0,MODEL,0.2130,0.100,1.1226,0,none
24.280,486,-0.43010,-0.47005,0.14316,1,0,0,MODEL,0.1615,0.100,1.1239,0,none
24.331,487,-0.39470,-0.42421,0.12088,1,0,0,MODEL,0.1180,0.100,1.1253,0,none
24.381,488,-0.35549,-0.31590,0.11278,1,0,0,MODEL,0.0151,0.100,1.1269,0,none
24.433,489,-0.31562,-0.32266,0.10726,1,0,0,MODEL,0.0215,0.100,1.1283,0,none
24.483,490,-0.27643,-0.29235,0.10229,1,0,0,MODEL,-0.0073,0.100,1.1298,0,none
24.533,491,-0.23712,-0.21266,0.06451,1,0,0,MODEL,-0.0830,0.100,1.1312,0,none
24.583,492,-0.20040,-0.13177,0.07283,1,0,0,MODEL,-0.1598,0.100,1.1325,0,none
24.632,493,-0.16974,-0.09011,0.05680,1,0,0,MODEL,-0.1994,0.100,1.1335,0,none
24.682,494,-0.14693,-0.05496,0.07214,1,0,0,MODEL,-0.2328,0.100,1.1346,0,none
24.733,495,-0.13270,-0.08024,0.06816,1,0,0,MODEL,-0.2088,0.100,1.1356,0,none
24.783,496,-0.12660,-0.06506,0.07225,1,0,0,MODEL,-0.2232,0.100,1.1369,0,none
24.830,497,-0.12797,-0.09628,0.07733,1,0,0,MODEL,-0.1935,0.100,1.1380,0,none
24.882,498,-0.13673,-0.08255,0.05724,1,0,0,MODEL,-0.2066,0.100,1.1393,0,none
24.934,499,-0.15235,-0.09850,0.07380,1,0,0,MODEL,-0.1914,0.100,1.1404,0,none
24.984,500,-0.17516,-0.16529,0.08180,1,0,0,MODEL,-0.1280,0.100,1.1416,0,none
25.032,501,-0.20299,-0.18524,0.07375,1,0,0,MODEL,-0.1090,0.100,1.1430,0,none
25.083,502,-0.23402,-0.11419,0.08037,1,0,0,MODEL,-0.1765,0.100,1.1443,0,none
25.131,503,-0.27058,-0.19193,0.06684,1,0,0,MODEL,-0.1027,0.100,1.1452,0,none
25.183,504,-0.31256,-0.24020,0.06218,1,0,0,MODEL,-0.0568,0.100,1.1465,0,none
25.232,505,-0.35609,-0.35031,0.09079,1,0,0,MODEL,0.0478,0.100,1.1478,0,none
25.283,506,-0.39821,-0.35828,0.07694,1,0,0,MODEL,0.0554,0.100,1.1489,0,none
25.334,507,-0.43703,-0.35070,0.09290,1,0,0,MODEL,0.0482,0.100,1.1500,0,none
25.384,508,-0.47393,-0.46495,0.08779,1,0,0,MODEL,0.1567,0.100,1.1512,0,none
25.435,509,-0.50621,-0.46104,0.07521,1,0,0,MODEL,0.1530,0.100,1.1520,0,none
25.485,510,-0.53135,-0.55271,0.10831,1,0,0,MODEL,0.2401,0.100,1.1530,0,none
25.532,511,-0.54845,-0.52952,0.07676,1,0,0,MODEL,0.2180,0.100,1.1535,0,none
25.584,512,-0.55606,-0.51940,0.08606,1,0,0,MODEL,0.2084,0.100,1.1546,0,none
25.633,513,-0.55621,-0.55396,0.07934,1,0,0,MODEL,0.2413,0.100,1.1556,0,none
25.684,514,-0.54790,-0.55045,0.12029,1,0,0,MODEL,0.2379,0.100,1.1564,0,none
25.734,515,-0.53027,-0.51125,0.10962,1,0,0,MODEL,0.2007,0.100,1.1573,0,none
25.784,516,-0.50486,-0.56190,0.11439,1,0,0,MODEL,0.2488,0.100,1.1584,0,none
25.835,517,-0.47119,-0.47792,0.08802,1,0,0,MODEL,0.1690,0.100,1.1591,0,none
25.883,518,-0.42974,-0.38432,0.08508,1,0,0,MODEL,0.0801,0.100,1.1603,0,none
25.934,519,-0.38454,-0.25296,0.08340,1,0,0,MODEL,-0.0447,0.100,1.1615,0,none
25.985,520,-0.33988,-0.29504,0.10341,1,0,0,MODEL,-0.0047,0.100,1.1625,0,none
26.035,521,-0.29825,-0.24251,0.09664,1,0,0,MODEL,-0.0546,0.100,1.1636,0,none
26.086,522,-0.25700,-0.11736,0.07055,1,0,0,MODEL,-0.1735,0.100,1.1646,0,none
26.136,523,-0.21947,-0.10734,0.07107,1,0,0,MODEL,-0.1830,0.100,1.1653,0,none
26.183,524,-0.19057,-0.08828,0.07258,1,0,0,MODEL,-0.2011,0.100,1.1661,0,none
26.235,525,-0.16924,-0.02257,0.09028,1,0,0,MODEL,-0.2636,0.100,1.1669,0,none
26.284,526,-0.15682,0.03118,0.08170,1,0,0,MODEL,-0.3146,0.100,1.1674,0,none
26.334,527,-0.15588,-0.04238,0.07614,1,0,0,MODEL,-0.2447,0.100,1.1678,0,none
26.384,528,-0.14047,-0.16995,0.08043,1,0,0,MODEL,-0.1235,0.100,1.1687,0,none
26.434,529,-0.18172,-0.15322,0.07480,1,0,0,MODEL,-0.1394,0.100,1.1699,0,none
26.484,530,-0.22582,-0.18119,0.08513,1,0,0,MODEL,-0.1129,0.100,1.1708,0,none
26.535,531,-0.27490,-0.18979,0.07746,1,0,0,MODEL,-0.1047,0.100,1.1718,0,none
26.584,532,-0.32784,-0.26385,0.08560,1,0,0,MODEL,-0.0343,0.100,1.1728,0,none
26.635,533,-0.38349,-0.29092,0.11068,1,0,0,MODEL,-0.0086,0.100,1.1738,0,none
26.686,534,-0.43899,-0.46311,0.11283,1,0,0,MODEL,0.1550,0.100,1.1747,0,none
26.736,535,-0.49300,-0.47415,0.10221,1,0,0,MODEL,0.1654,0.100,1.1751,0,none
26.786,536,-0.53833,-0.53015,0.10712,1,0,0,MODEL,0.2186,0.100,1.1757,0,none
26.837,537,-0.57600,-0.56181,0.08315,1,0,0,MODEL,0.2487,0.100,1.1763,0,none
26.887,538,-0.60393,-0.58307,0.09790,1,0,0,MODEL,0.2689,0.100,1.1767,0,none
26.936,539,-0.62164,-0.64593,0.09617,1,0,0,MODEL,0.3286,0.100,1.1773,0,none
26.986,540,-0.62761,-0.61050,0.07613,1,0,0,MODEL,0.2950,0.100,1.1774,0,none
27.037,541,-0.62045,-0.52553,0.05780,1,0,0,MODEL,0.2143,0.100,1.1780,0,none
27.088,542,-0.60386,-0.56909,0.12740,1,0,0,MODEL,0.2556,0.100,1.1790,0,none
27.137,543,-0.57975,-0.58494,0.13363,1,0,0,MODEL,0.2707,0.100,1.1796,0,none
27.186,544,-0.54518,-0.56370,0.12031,1,0,0,MODEL,0.2505,0.100,1.1802,0,none
27.237,545,-0.50010,-0.46651,0.12461,1,0,0,MODEL,0.1582,0.100,1.1807,0,none
27.287,546,-0.44530,-0.44805,0.11062,1,0,0,MODEL,0.1406,0.100,1.1815,0,none
27.339,547,-0.38473,-0.38721,0.09644,1,0,0,MODEL,0.0828,0.100,1.1826,0,none
27.387,548,-0.32071,-0.22926,0.07897,1,0,0,MODEL,-0.0672,0.100,1.1836,0,none
27.440,549,-0.25696,-0.18353,0.09925,1,0,0,MODEL,-0.1106,0.100,1.1843,0,none
27.486,550,-0.19882,-0.24984,0.11756,1,0,0,MODEL,-0.0477,0.100,1.1850,0,none
27.539,551,-0.14460,-0.21126,0.11158,1,0,0,MODEL,-0.0843,0.100,1.1858,0,none
27.590,552,-0.09180,-0.13644,0.09055,1,0,0,MODEL,-0.1554,0.100,1.1866,0,none
27.639,553,-0.04392,-0.13969,0.10346,1,0,0,MODEL,-0.1523,0.100,1.1871,0,none
27.691,554,-0.00316,-0.01678,0.07622,1,0,0,MODEL,-0.2691,0.100,1.1878,0,none
27.739,555,0.02963,-0.01831,0.08345,1,0,0,MODEL,-0.2676,0.100,1.1879,0,none
27.789,556,0.04999,0.02342,0.07614,1,0,0,MODEL,-0.3072,0.100,1.1883,0,none
27.837,557,0.05917,0.11824,0.07964,1,0,0,MODEL,-0.3973,0.100,1.1885,0,none
27.890,558,0.05405,0.07108,0.08759,1,0,0,MODEL,-0.3525,0.100,1.1881,0,none
27.941,559,0.03255,0.02638,0.05095,1,0,0,MODEL,-0.3101,0.100,1.1884,0,none
27.992,560,-0.00118,0.05813,0.05854,1,0,0,MODEL,-0.3402,0.100,1.1891,0,none
28.023,561,-0.04668,-0.04383,0.05633,1,0,0,MODEL,-0.2434,0.100,1.1894,0,none
28.073,562,-0.10322,-0.08993,0.06979,1,0,0,MODEL,-0.1996,0.100,1.1903,0,none
28.126,563,-0.16668,-0.15842,0.10197,1,0,0,MODEL,-0.1345,0.100,1.1911,0,none
28.174,564,-0.23551,-0.20611,0.09510,1,0,0,MODEL,-0.0892,0.100,1.1920,0,none
28.224,565,-0.30754,-0.24421,0.10020,1,0,0,MODEL,-0.0530,0.100,1.1928,0,none
28.275,566,-0.38153,-0.34460,0.12026,1,0,0,MODEL,0.0424,0.100,1.1936,0,none
28.327,567,-0.45459,-0.56341,0.11450,1,0,0,MODEL,0.2502,0.100,1.1942,0,none
28.375,568,-0.51875,-0.74637,0.17986,1,0,0,MODEL,0.4241,0.100,1.1935,0,none
28.425,569,-0.56495,-0.54341,0.27008,0,1,0,MODEL,0.4241,0.100,1.1917,0,none
28.476,570,-0.59194,-0.22961,0.13449,1,0,0,MODEL,-0.0669,0.100,1.1914,0,none
28.526,571,-0.61691,-0.44722,0.46268,0,1,0,MODEL,-0.0669,0.100,1.1908,0,none
28.576,572,-0.65130,-0.63132,0.32416,0,2,0,MODEL,-0.0669,0.100,1.1916,0,none
28.627,573,-0.68829,-1.11835,0.21656,0,3,0,MODEL,-0.0669,0.100,1.1924,0,none
28.676,574,-0.72778,-1.02407,0.13154,1,0,0,MODEL,0.6879,0.100,1.1932,1,none
28.725,575,-0.64375,-0.83672,0.11570,1,0,0,MODEL,0.5099,0.100,1.1798,1,none
28.777,576,-0.74680,-0.82074,0.12618,1,0,0,MODEL,0.4947,0.100,1.1814,1,none
28.826,577,-0.82715,-0.87049,0.11819,1,0,0,MODEL,0.5420,0.100,1.1821,1,none
28.877,578,-0.89146,-0.87118,0.08560,1,0,0,MODEL,0.5426,0.100,1.1745,1,none
28.929,579,-0.79449,-0.80709,0.07636,1,0,0,MODEL,0.4817,0.100,1.1803,1,none
28.976,580,-0.70164,-0.74315,0.09712,1,0,0,MODEL,0.4210,0.100,1.1843,1,none
29.026,581,-0.59601,-0.60000,0.11459,1,0,0,MODEL,0.2850,0.100,1.1819,1,none
29.077,582,-0.47746,-0.53698,0.09210,1,0,0,MODEL,0.2251,0.100,1.1830,1,none
29.128,583,-0.35181,-0.35333,0.10487,1,0,0,MODEL,0.0507,0.100,1.1841,1,none
29.179,584,-0.22321,-0.23046,0.10492,1,0,0,MODEL,-0.0661,0.100,1.1851,1,none
29.228,585,-0.09799,-0.11403,0.05566,1,0,0,MODEL,-0.1767,0.100,1.1858,1,none
29.280,586,0.02031,0.03542,0.09601,1,0,0,MODEL,-0.3186,0.100,1.1861,1,none
29.326,587,0.12640,0.18380,0.09329,1,0,0,MODEL,-0.4596,0.100,1.1856,1,none
29.379,588,0.21410,0.09666,0.14252,1,0,0,MODEL,-0.3768,0.100,1.1841,1,none
29.429,589,0.28445,0.23656,0.16334,1,0,0,MODEL,-0.5097,0.100,1.1848,1,none
29.478,590,0.33763,0.44392,0.12131,1,0,0,MODEL,-0.7067,0.100,1.1834,1,none
29.528,591,0.36288,0.37301,0.12797,1,0,0,MODEL,-0.6394,0.100,1.1792,1,none
29.577,592,0.35979,0.35179,0.12328,1,0,0,MODEL,-0.6192,0.100,1.1789,1,none
29.631,593,0.33410,0.32993,0.15690,1,0,0,MODEL,-0.5984,0.100,1.1786,1,none
29.680,594,0.28571,0.18061,0.13427,1,0,0,MODEL,-0.4566,0.100,1.1783,1,none
29.730,595,0.21914,0.24907,0.06693,1,0,0,MODEL,-0.5216,0.100,1.1796,1,none
29.778,596,0.13574,0.11708,0.10238,1,0,0,MODEL,-0.3962,0.100,1.1790,1,none
29.828,597,0.03530,0.06701,0.07045,1,0,0,MODEL,-0.3487,0.100,1.1801,1,none
29.879,598,-0.07679,-0.06241,0.08247,1,0,0,MODEL,-0.2257,0.100,1.1810,1,none
29.930,599,-0.19790,-0.23104,0.07065,1,0,0,MODEL,-0.0655,0.100,1.1821,1,none
29.978,600,-0.32148,-0.30696,0.07268,1,0,0,MODEL,0.0066,0.100,1.1831,1,none
30.029,601,-0.44358,-0.45105,0.09553,1,0,0,MODEL,0.1435,0.100,1.1839,1,none
30.081,602,-0.56084,-0.52880,0.09480,1,0,0,MODEL,0.2174,0.100,1.1842,1,none
30.130,603,-0.66893,-0.63449,0.11045,1,0,0,MODEL,0.3178,0.100,1.1844,1,none
30.182,604,-0.76488,-0.74846,0.14034,1,0,0,MODEL,0.4260,0.100,1.1841,1,none
30.230,605,-0.84403,-0.77056,0.10821,1,0,0,MODEL,0.4470,0.100,1.1832,1,none
30.282,606,-0.90456,-0.89996,0.13234,1,0,0,MODEL,0.5700,0.100,1.1829,1,none
30.332,607,-0.94378,-0.87482,0.13284,1,0,0,MODEL,0.5461,0.100,1.1809,1,none
30.383,608,-0.95911,-0.95415,0.13928,1,0,0,MODEL,0.6214,0.100,1.1803,1,none
30.433,609,-0.95344,-0.85602,0.12757,1,0,0,MODEL,0.5282,0.100,1.1797,1,none
30.483,610,-0.92381,-0.80998,0.10346,1,0,0,MODEL,0.4845,0.100,1.1793,1,none
30.530,611,-0.87557,-0.80687,0.10962,1,0,0,MODEL,0.4815,0.100,1.1798,1,none
30.583,612,-0.80997,-0.78634,0.08259,1,0,0,MODEL,0.4620,0.100,1.1801,1,none
30.633,613,-0.72697,-0.70700,0.08073,1,0,0,MODEL,0.3867,0.100,1.1804,1,none
30.684,614,-0.62893,-0.55728,0.08449,1,0,0,MODEL,0.2444,0.100,1.1812,1,none
30.733,615,-0.52129,-0.47492,0.13904,1,0,0,MODEL,0.1662,0.100,1.1826,1,none
30.784,616,-0.40852,-0.35596,0.13857,1,0,0,MODEL,0.0532,0.100,1.1837,1,none
30.832,617,-0.29142,-0.32852,0.15406,1,0,0,MODEL,0.0271,0.100,1.1846,1,none
30.883,618,-0.17452,-0.26000,0.14644,1,0,0,MODEL,-0.0380,0.100,1.1856,1,none
30.935,619,-0.05875,0.09516,0.13973,1,0,0,MODEL,-0.3754,0.100,1.1864,1,none
30.984,620,0.04482,0.39175,0.23972,0,1,0,MODEL,-0.3754,0.100,1.1839,1,none
31.035,621,0.12931,0.58260,0.12765,1,0,0,MODEL,-0.8385,0.100,1.1839,1,none
31.084,622,0.19065,0.60746,0.11895,1,0,0,MODEL,-0.8621,0.100,1.1750,1,none
31.135,623,0.20982,0.61260,0.19767,0,1,0,MODEL,-0.8621,0.100,1.1707,1,none
31.185,624,0.31201,0.27122,0.19735,0,2,0,MODEL,-0.8621,0.100,1.1684,1,none
31.234,625,0.14375,0.01814,0.11632,1,0,0,MODEL,-0.3022,0.100,1.1664,1,none
31.284,626,-0.04451,-0.11300,0.14409,1,0,0,MODEL,-0.1777,0.100,1.1680,1,none
31.336,627,-0.23163,-0.11938,0.13168,1,0,0,MODEL,-0.1716,0.100,1.1698,1,none
31.384,628,-0.42229,-0.33694,0.10781,1,0,0,MODEL,0.0351,0.100,1.1708,1,none
31.437,629,-0.52685,-0.70095,0.11500,1,0,0,MODEL,0.3809,0.100,1.1715,1,none
31.485,630,-0.81843,-0.90451,0.19820,0,1,0,MODEL,0.3809,0.100,1.1692,1,none
31.533,631,-1.09300,-1.01865,0.21205,0,2,0,MODEL,0.3809,0.100,1.1689,1,none
31.587,632,-1.35578,-1.20052,0.18038,1,0,0,MODEL,0.8555,0.100,1.1693,1,none
31.636,633,-1.59811,-1.45845,0.27077,0,1,0,MODEL,0.8555,0.100,1.1601,1,none
31.686,634,-1.61357,-1.73652,0.28401,0,2,0,MODEL,0.8555,0.100,1.1561,1,none
31.734,635,-1.89601,-2.00545,0.32159,0,3,0,MODEL,0.8555,0.100,1.1543,1,none
31.787,636,-2.15292,-2.29304,0.34920,0,4,0,MODEL,0.8555,0.100,1.1525,1,none
31.837,637,-2.38322,-2.43275,0.32054,0,5,0,MODEL,0.8555,0.100,1.1508,1,none
31.885,638,-2.58598,-2.54259,0.31724,0,6,0,MODEL,0.8555,0.100,1.1491,1,none
31.937,639,-2.76041,-2.68678,0.35936,0,7,0,MODEL,0.8555,0.100,1.1475,1,none
31.987,640,-2.66406,-2.85716,0.40578,0,8,0,MODEL,0.8555,0.100,1.1459,1,none
32.036,641,-2.89401,-2.93814,0.41379,0,9,0,MODEL,0.8555,0.100,1.1443,1,none
32.088,642,-3.09677,-2.99282,0.37869,0,10,0,FALLBACK,1.0000,0.100,1.1427,1,none
32.137,643,-3.26873,-3.09204,0.39076,0,10,0,FALLBACK,1.0000,0.100,1.1378,1,none
32.187,644,-3.40371,-3.24078,0.38222,0,10,0,FALLBACK,1.0000,0.100,1.1345,1,none
32.237,645,-3.50454,-3.19625,0.38644,0,10,0,FALLBACK,1.0000,0.100,1.1319,1,none
32.288,646,-3.57110,-3.35019,0.36476,0,10,0,FALLBACK,1.0000,0.100,1.1293,1,none
32.336,647,-3.39949,-3.39128,0.34574,0,10,0,FALLBACK,1.0000,0.100,1.1269,1,none
32.388,648,-3.51737,-3.30661,0.47315,0,10,0,FALLBACK,1.0000,0.100,1.1244,1,none
32.437,649,-3.60166,-3.34502,0.42373,0,10,0,FALLBACK,1.0000,0.100,1.1220,1,none
32.486,650,-3.65211,-3.36875,0.38975,0,10,0,FALLBACK,1.0000,0.100,1.1197,1,none
32.538,651,-3.66864,-3.44108,0.47297,0,10,0,FALLBACK,1.0000,0.100,1.1174,1,none
32.588,652,-3.65134,-3.41083,0.53095,0,10,0,FALLBACK,1.0000,0.100,1.1152,1,none
32.637,653,-3.60054,-3.40793,0.53218,0,10,0,FALLBACK,1.0000,0.100,1.1130,1,none
32.688,654,-3.35203,-3.39466,0.49897,0,10,0,FALLBACK,1.0000,0.100,1.1108,1,none
32.739,655,-3.35430,-3.13499,0.42792,0,10,0,FALLBACK,1.0000,0.100,1.1087,1,none
32.788,656,-3.32333,-3.17542,0.37235,0,10,0,FALLBACK,1.0000,0.100,1.1066,1,none
32.837,657,-3.25948,-2.98238,0.39042,0,10,0,FALLBACK,1.0000,0.100,1.1046,1,none
32.888,658,-3.16328,-2.83927,0.38270,0,10,0,FALLBACK,1.0000,0.100,1.1026,1,none
32.938,659,-3.03544,-2.81441,0.35490,0,10,0,FALLBACK,1.0000,0.100,1.1006,1,none
32.987,660,-2.64074,-2.71312,0.35901,0,10,0,FALLBACK,1.0000,0.100,1.0987,1,none
33.041,661,-2.56500,-2.37349,0.27509,0,10,0,FALLBACK,1.0000,0.100,1.0968,1,none
33.088,662,-2.45757,-2.16925,0.31055,0,10,0,FALLBACK,1.0000,0.100,1.0950,1,none
33.139,663,-2.31918,-2.02044,0.25068,0,10,0,FALLBACK,1.0000,0.100,1.0932,1,none
33.189,664,-2.15074,-1.63453,0.15161,1,10,0,FALLBACK,1.0000,0.100,1.0914,1,none
33.225,665,-1.95331,-1.45611,0.11799,1,10,0,FALLBACK,1.0000,0.100,1.0896,1,none
33.274,666,-1.72813,-1.33979,0.09687,1,10,0,FALLBACK,1.0000,0.100,1.0879,1,none
33.324,667,-1.30051,-1.12081,0.10667,1,10,0,FALLBACK,1.0000,0.100,1.0863,1,none
33.376,668,-1.12319,-0.83106,0.15658,1,10,0,FALLBACK,1.0000,0.100,1.0846,1,none
33.426,669,-0.91758,-0.32392,0.09013,1,10,0,FALLBACK,1.0000,0.100,1.0830,1,none
33.473,670,-0.68491,-0.11105,0.08855,1,10,0,FALLBACK,0.7612,0.100,1.0814,1,none
33.524,671,-0.42953,0.10106,0.11878,1,10,0,FALLBACK,-0.6292,0.100,1.0836,1,none
33.576,672,-0.18466,0.10305,0.12727,1,10,0,FALLBACK,-1.0000,0.100,1.0627,1,none
33.626,673,0.17261,0.05766,0.11080,1,10,0,FALLBACK,-1.0000,0.100,1.0511,1,none
33.676,674,0.21920,0.15375,0.10172,1,10,0,FALLBACK,-1.0000,0.100,1.0494,1,none
33.728,675,0.23613,0.21598,0.08963,1,10,0,FALLBACK,-1.0000,0.100,1.0484,1,none
33.775,676,0.22338,0.09167,0.11850,1,10,0,FALLBACK,-1.0000,0.100,1.0475,1,none
33.826,677,0.18104,0.08626,0.09854,1,10,0,FALLBACK,-1.0000,0.100,1.0466,1,none
33.876,678,0.10941,0.17878,0.11643,1,10,0,FALLBACK,-1.0000,0.100,1.0457,1,none
33.927,679,0.00891,-0.05845,0.09678,1,10,0,FALLBACK,-1.0000,0.100,1.0448,1,none
33.976,680,-0.11988,-0.06080,0.11286,1,10,0,FALLBACK,-0.2566,0.100,1.0440,1,none
34.026,681,-0.25686,-0.12387,0.12710,1,10,0,FALLBACK,0.4692,0.100,1.0465,1,none
34.077,682,-0.36979,-0.32248,0.10285,1,10,0,FALLBACK,0.9136,0.100,1.0395,1,none
34.127,683,-0.44352,-0.41170,0.10367,1,10,0,FALLBACK,1.0000,0.100,1.0303,1,none
34.176,684,-0.48007,-0.43732,0.11242,1,10,0,FALLBACK,1.0000,0.100,1.0275,1,none
34.226,685,-0.48631,-0.43537,0.11356,1,10,0,FALLBACK,0.9627,0.100,1.0267,1,none
34.277,686,-0.46509,-0.48469,0.10988,1,10,0,FALLBACK,0.7194,0.100,1.0270,1,none
34.326,687,-0.42393,-0.42919,0.11841,1,10,0,FALLBACK,0.4138,0.100,1.0307,1,none
34.379,688,-0.37478,-0.34090,0.10573,1,10,0,FALLBACK,0.1282,0.100,1.0348,1,none
34.428,689,-0.32648,-0.30565,0.10204,1,10,0,FALLBACK,-0.1091,0.100,1.0377,1,none
34.478,690,-0.28539,-0.26029,0.12038,1,10,0,FALLBACK,-0.2785,0.100,1.0394,1,none
34.526,691,-0.25584,-0.21072,0.10443,1,10,0,FALLBACK,-0.3686,0.100,1.0406,1,none
34.577,692,-0.23975,-0.26913,0.11922,1,10,0,FALLBACK,-0.3817,0.100,1.0419,1,none
34.625,693,-0.23652,-0.17515,0.07626,1,10,0,FALLBACK,-0.3335,0.100,1.0437,1,none
34.678,694,-0.24369,-0.13900,0.05980,1,10,0,FALLBACK,-0.2457,0.100,1.0459,1,none
34.729,695,-0.25783,-0.18392,0.08575,1,10,0,FALLBACK,-0.1401,0.100,1.0484,1,none
34.781,696,-0.27525,-0.26933,0.08396,1,10,0,FALLBACK,-0.0367,0.100,1.0508,1,none
34.826,697,-0.29259,-0.32924,0.11416,1,10,0,FALLBACK,0.0496,0.100,1.0530,1,none
34.876,698,-0.30719,-0.27265,0.09441,1,10,0,FALLBACK,0.1090,0.100,1.0551,1,none
34.927,699,-0.31742,-0.30882,0.12494,1,10,0,FALLBACK,0.1383,0.100,1.0570,1,none
34.978,700,-0.32260,-0.26515,0.09635,1,10,0,FALLBACK,0.1389,0.100,1.0590,1,none
35.028,701,-0.32302,-0.28041,0.09924,1,10,0,FALLBACK,0.1172,0.100,1.0611,1,none
35.078,702,-0.31963,-0.29602,0.10432,1,10,0,FALLBACK,0.0812,0.100,1.0632,1,none
35.129,703,-0.31382,-0.32299,0.10782,1,10,0,FALLBACK,0.0401,0.100,1.0653,1,none
35.178,704,-0.30705,-0.29476,0.10089,1,10,0,FALLBACK,0.0014,0.100,1.0675,1,none
35.228,705,-0.30061,-0.31971,0.09006,1,10,0,FALLBACK,-0.0292,0.100,1.0695,1,none
35.279,706,-0.29547,-0.27203,0.08803,1,10,0,FALLBACK,-0.0484,0.100,1.0715,1,none
35.328,707,-0.29218,-0.29609,0.10245,1,10,0,FALLBACK,-0.0555,0.100,1.0735,1,none
35.378,708,-0.29089,-0.29935,0.10408,1,10,0,FALLBACK,-0.0520,0.100,1.0755,1,none
35.430,709,-0.29140,-0.28337,0.09904,1,10,0,FALLBACK,-0.0405,0.100,1.0775,1,none
35.480,710,-0.29322,-0.22197,0.10348,1,10,0,FALLBACK,-0.0248,0.100,1.0794,1,none
35.530,711,-0.29576,-0.17774,0.10769,1,10,0,FALLBACK,-0.0085,0.100,1.0813,1,none
35.580,712,-0.29846,-0.30995,0.09081,1,10,0,FALLBACK,0.0058,0.100,1.0832,1,none
35.631,713,-0.30082,-0.29428,0.10356,1,10,0,FALLBACK,0.0159,0.100,1.0851,1,none
35.681,714,-0.30252,-0.27515,0.09975,1,10,0,FALLBACK,0.0211,0.100,1.0870,1,none
35.730,715,-0.30350,-0.30764,0.10496,1,10,0,FALLBACK,0.0224,0.100,1.0888,1,none
35.778,716,-0.30366,-0.23490,0.09830,1,10,0,FALLBACK,0.0191,0.100,1.0906,1,none
35.831,717,-0.30313,-0.30674,0.09539,1,10,0,FALLBACK,0.0130,0.100,1.0924,1,none
35.880,718,-0.30215,-0.32102,0.10763,1,10,0,FALLBACK,0.0059,0.100,1.0942,1,none
35.930,719,-0.30101,-0.29960,0.11160,1,10,0,FALLBACK,-0.0007,0.100,1.0960,1,none
35.980,720,-0.29993,-0.21397,0.09933,1,10,0,FALLBACK,-0.0057,0.100,1.0978,1,none
36.028,721,-0.29909,-0.12795,0.08746,1,10,0,FALLBACK,-0.0088,0.100,1.0995,1,none
36.080,722,-0.29857,-0.05839,0.11369,1,10,0,FALLBACK,-0.0097,0.100,1.1012,1,none
36.130,723,-0.29841,0.02938,0.09189,1,10,0,FALLBACK,-0.0087,0.100,1.1030,1,none
36.182,724,-0.29856,-0.07889,0.06833,1,10,0,FALLBACK,-0.0065,0.100,1.1046,1,none
36.231,725,-0.29894,-0.18218,0.08823,1,10,0,FALLBACK,-0.0033,0.100,1.1063,1,none
36.279,726,-0.26601,-0.29163,0.10306,1,10,0,FALLBACK,-0.3346,0.100,1.1080,1,none
36.332,727,-0.35288,-0.34872,0.10375,1,10,0,FALLBACK,0.6987,0.100,1.1069,1,none
36.383,728,-0.45568,-0.28634,0.10412,1,10,0,FALLBACK,1.0000,0.100,1.1080,1,none
36.431,729,-0.52775,-0.35300,0.11516,1,10,0,FALLBACK,1.0000,0.100,1.0827,1,none
36.480,730,-0.45381,-0.52160,0.08390,1,10,0,FALLBACK,0.3993,0.100,1.0776,1,none
36.532,731,-0.51697,-0.52262,0.10961,1,10,0,FALLBACK,1.0000,0.100,1.0784,1,none
36.581,732,-0.56224,-0.47201,0.10345,1,10,0,FALLBACK,1.0000,0.100,1.0702,1,none
36.630,733,-0.56895,-0.34135,0.10505,1,10,0,FALLBACK,1.0000,0.100,1.0680,1,none
36.681,734,-0.54448,-0.37431,0.10477,1,10,0,FALLBACK,1.0000,0.100,1.0667,1,none
36.733,735,-0.40346,-0.43711,0.10837,1,10,0,FALLBACK,-0.1878,0.100,1.0654,1,none
36.783,736,-0.42171,-0.40581,0.10923,1,10,0,FALLBACK,0.6998,0.100,1.0580,1,none
36.831,737,-0.44302,-0.20190,0.11118,1,10,0,FALLBACK,0.8216,0.100,1.0463,1,none
36.883,738,-0.42487,-0.17682,0.08203,1,10,0,FALLBACK,0.5337,0.100,1.0436,1,none
36.932,739,-0.38778,-0.25031,0.10044,1,10,0,FALLBACK,0.2534,0.100,1.0472,1,none
36.982,740,-0.26632,-0.20825,0.08346,1,10,0,FALLBACK,-0.7757,0.100,1.0505,1,none
37.033,741,-0.32065,-0.42863,0.12167,1,10,0,FALLBACK,0.3749,0.100,1.0332,1,none
37.084,742,-0.38651,-0.40230,0.13627,1,10,0,FALLBACK,0.7619,0.100,1.0226,1,none
37.134,743,-0.41026,-0.44560,0.12134,1,10,0,FALLBACK,0.6700,0.100,1.0164,1,none
37.183,744,-0.40773,-0.37816,0.14158,1,10,0,FALLBACK,0.5260,0.100,1.0183,1,none
37.236,745,-0.30725,-0.38965,0.12396,1,10,0,FALLBACK,-0.4662,0.100,1.0215,1,none
37.283,746,-0.37455,-0.47745,0.11464,1,10,0,FALLBACK,0.7093,0.100,1.0118,1,none
37.335,747,-0.44310,-0.43999,0.14564,1,10,0,FALLBACK,1.0000,0.100,0.9946,1,none
37.382,748,-0.46225,-0.35793,0.14612,1,10,0,FALLBACK,0.9070,0.100,0.9874,1,none
37.435,749,-0.45163,-0.52011,0.14547,1,10,0,FALLBACK,0.7050,0.100,0.9890,1,none
37.486,750,-0.32285,-0.47171,0.17449,1,10,0,FALLBACK,-0.5296,0.100,0.9924,1,none
37.532,751,-0.36435,-0.45117,0.12498,1,10,0,FALLBACK,0.5293,0.100,0.9810,1,none
37.584,752,-0.43018,-0.45279,0.14944,1,10,0,FALLBACK,0.9800,0.100,0.9698,1,none
37.633,753,-0.45294,-0.37913,0.12762,1,10,0,FALLBACK,0.8785,0.100,0.9602,1,none
37.683,754,-0.44107,-0.47008,0.12893,1,10,0,FALLBACK,0.6460,0.100,0.9609,1,none
37.735,755,-0.41323,-0.59100,0.19525,0,10,0,FALLBACK,0.4269,0.100,0.9651,1,none
37.783,756,-0.32226,-0.57920,0.13229,1,10,0,FALLBACK,-0.3435,0.100,0.9694,1,none
37.835,757,-0.36076,-0.58831,0.14574,1,10,0,FALLBACK,0.4963,0.100,0.9670,1,none
37.884,758,-0.41073,-0.64715,0.13324,1,10,0,FALLBACK,0.8034,0.100,0.9604,1,none
37.936,759,-0.42517,-0.52414,0.15187,1,10,0,FALLBACK,0.6981,0.100,0.9559,1,none
37.990,760,-0.41365,-0.43877,0.15692,1,10,0,FALLBACK,0.5106,0.100,0.9581,1,none
38.036,761,-0.38844,-0.44276,0.14870,1,10,0,FALLBACK,0.3162,0.100,0.9615,1,none
38.085,762,-0.35780,-0.47708,0.19395,0,10,0,FALLBACK,0.1359,0.100,0.9659,1,none
38.134,763,-0.32641,-0.43650,0.13753,1,10,0,FALLBACK,-0.0249,0.100,0.9693,1,none
38.184,764,-0.29776,-0.42298,0.13012,1,10,0,FALLBACK,-0.1544,0.100,0.9723,1,none
38.236,765,-0.27507,-0.37221,0.13968,1,10,0,FALLBACK,-0.2381,0.100,0.9749,1,none
38.285,766,-0.26043,-0.35389,0.13753,1,10,0,FALLBACK,-0.2711,0.100,0.9775,1,none
38.334,767,-0.25433,-0.34784,0.13726,1,10,0,FALLBACK,-0.2588,0.100,0.9801,1,none
38.384,768,-0.25595,-0.48786,0.17262,1,10,0,FALLBACK,-0.2122,0.100,0.9829,1,none
38.435,769,-0.26354,-0.46878,0.16761,1,10,0,FALLBACK,-0.1443,0.100,0.9858,1,none
38.484,770,-0.27485,-0.54607,0.16961,1,10,0,FALLBACK,-0.0693,0.100,0.9888,1,none
38.536,771,-0.33253,-0.63979,0.15932,1,10,0,FALLBACK,0.4511,0.100,0.9917,1,none
38.587,772,-0.30207,-0.45954,0.12230,1,10,0,FALLBACK,-0.1420,0.100,0.9896,1,none
38.636,773,-0.25881,-0.53826,0.15387,1,10,0,FALLBACK,-0.4222,0.100,0.9895,1,none
38.687,774,-0.23593,-0.52159,0.14499,1,10,0,FALLBACK,-0.4348,0.100,0.9892,1,none
38.736,775,-0.23084,-0.43793,0.17211,1,10,0,FALLBACK,-0.3712,0.100,0.9911,1,none
38.786,776,-0.28180,-0.45396,0.12620,1,10,0,FALLBACK,0.1638,0.100,0.9939,1,none
38.837,777,-0.25277,-0.45739,0.11483,1,10,0,FALLBACK,-0.3813,0.100,0.9944,1,none
38.886,778,-0.21784,-0.39854,0.09642,1,10,0,FALLBACK,-0.5855,0.100,0.9928,1,none
38.936,779,-0.20762,-0.29077,0.10684,1,10,0,FALLBACK,-0.5130,0.100,0.9920,1,none
38.986,780,-0.21685,-0.40215,0.14513,1,10,0,FALLBACK,-0.3696,0.100,0.9942,1,none
39.037,781,-0.28065,-0.46026,0.12205,1,10,0,FALLBACK,0.2223,0.100,0.9974,1,none
39.086,782,-0.26216,-0.44549,0.10610,1,10,0,FALLBACK,-0.2816,0.100,0.9970,1,none
39.135,783,-0.23414,-0.33990,0.09549,1,10,0,FALLBACK,-0.4695,0.100,0.9963,1,none
39.186,784,-0.22680,-0.34632,0.10944,1,10,0,FALLBACK,-0.4026,0.100,0.9965,1,none
39.238,785,-0.23561,-0.37896,0.08683,1,10,0,FALLBACK,-0.2779,0.100,0.9989,1,none
39.287,786,-0.29518,-0.48753,0.09287,1,10,0,FALLBACK,0.2738,0.100,1.0019,1,none
39.336,787,-0.27240,-0.44840,0.06845,1,10,0,FALLBACK,-0.2519,0.100,1.0012,1,none
39.388,788,-0.23986,-0.37003,0.07316,1,10,0,FALLBACK,-0.4634,0.100,1.0006,1,none
39.438,789,-0.22817,-0.37151,0.07343,1,10,0,FALLBACK,-0.4177,0.100,1.0006,1,none
39.487,790,-0.23401,-0.26265,0.06795,1,10,0,FALLBACK,-0.3008,0.100,1.0026,1,none
39.536,791,-0.28963,-0.28041,0.09574,1,10,0,FALLBACK,0.2263,0.100,1.0056,1,none
39.586,792,-0.27381,-0.29563,0.08950,1,10,0,FALLBACK,-0.2100,0.100,1.0068,1,none
39.635,793,-0.24087,-0.27645,0.08496,1,10,0,FALLBACK,-0.4603,0.100,1.0074,1,none
39.687,794,-0.21652,-0.28131,0.09863,1,10,0,FALLBACK,-0.5392,0.100,1.0079,1,none
39.736,795,-0.21237,-0.33876,0.09697,1,10,0,FALLBACK,-0.4588,0.100,1.0075,1,none
39.785,796,-0.26457,-0.28486,0.09380,1,10,0,FALLBACK,0.0838,0.100,1.0089,1,none
39.836,797,-0.24626,-0.29877,0.09830,1,10,0,FALLBACK,-0.3602,0.100,1.0099,1,none
39.887,798,-0.22191,-0.30653,0.11366,1,10,0,FALLBACK,-0.5122,0.100,1.0092,1,none
39.938,799,-0.21887,-0.24024,0.10107,1,10,0,FALLBACK,-0.4209,0.100,1.0093,1,none
39.990,800,-0.23229,-0.21628,0.08956,1,10,0,FALLBACK,-0.2715,0.100,1.0117,1,none
40.039,801,-0.28773,-0.23060,0.09169,1,10,0,FALLBACK,0.2159,0.100,1.0147,1,none
40.092,802,-0.26952,-0.25815,0.08929,1,10,0,FALLBACK,-0.2434,0.100,1.0148,1,none
40.140,803,-0.24325,-0.26351,0.09418,1,10,0,FALLBACK,-0.4151,0.100,1.0147,1,none
40.190,804,-0.23565,-0.25909,0.12013,1,10,0,FALLBACK,-0.3598,0.100,1.0152,1,none
40.238,805,-0.24288,-0.25517,0.10096,1,10,0,FALLBACK,-0.2495,0.100,1.0174,1,none
40.289,806,-0.28729,-0.30806,0.09734,1,10,0,FALLBACK,0.1585,0.100,1.0202,1,none
40.340,807,-0.26421,-0.33896,0.09629,1,10,0,FALLBACK,-0.2943,0.100,1.0211,1,none
40.390,808,-0.23629,-0.27810,0.11566,1,10,0,FALLBACK,-0.4581,0.100,1.0207,1,none
40.440,809,-0.22838,-0.23656,0.11947,1,10,0,FALLBACK,-0.3977,0.100,1.0209,1,none
40.474,810,-0.23643,-0.39452,0.11800,1,10,0,FALLBACK,-0.2776,0.100,1.0231,1,none
40.523,811,-0.27570,-0.38809,0.13064,1,10,0,FALLBACK,0.0749,0.100,1.0259,1,none
40.572,812,-0.25135,-0.39648,0.14037,1,10,0,FALLBACK,-0.3650,0.100,1.0273,1,none
40.623,813,-0.23176,-0.42656,0.12281,1,10,0,FALLBACK,-0.4392,0.100,1.0262,1,none
40.673,814,-0.23160,-0.30697,0.10880,1,10,0,FALLBACK,-0.3428,0.100,1.0274,1,none
40.724,815,-0.24300,-0.39301,0.11140,1,10,0,FALLBACK,-0.2280,0.100,1.0300,1,none
40.773,816,-0.27713,-0.30753,0.10188,1,10,0,FALLBACK,0.0563,0.100,1.0328,1,none
40.826,817,-0.25493,-0.30172,0.10567,1,10,0,FALLBACK,-0.3364,0.100,1.0345,1,none
40.873,818,-0.23772,-0.30532,0.11642,1,10,0,FALLBACK,-0.3974,0.100,1.0339,1,none
40.925,819,-0.23812,-0.27021,0.12877,1,10,0,FALLBACK,-0.3074,0.100,1.0353,1,none
40.977,820,-0.29446,-0.35705,0.13540,1,10,0,FALLBACK,0.2540,0.100,1.0378,1,none
41.023,821,-0.26105,-0.28824,0.14142,1,10,0,FALLBACK,-0.3618,0.100,1.0360,1,none
41.074,822,-0.22870,-0.41490,0.13541,1,10,0,FALLBACK,-0.5182,0.100,1.0330,1,none
41.126,823,-0.22111,-0.34231,0.11928,1,10,0,FALLBACK,-0.4324,0.100,1.0330,1,none
41.178,824,-0.22916,-0.35501,0.12090,1,10,0,FALLBACK,-0.3140,0.100,1.0354,1,none
41.226,825,-0.28298,-0.43726,0.11810,1,10,0,FALLBACK,0.1841,0.100,1.0381,1,none
41.275,826,-0.25630,-0.45754,0.10944,1,10,0,FALLBACK,-0.3519,0.100,1.0376,1,none
41.324,827,-0.23157,-0.37875,0.12063,1,10,0,FALLBACK,-0.4658,0.100,1.0355,1,none
41.375,828,-0.22874,-0.41702,0.12419,1,10,0,FALLBACK,-0.3704,0.100,1.0362,1,none
41.428,829,-0.23915,-0.39337,0.12302,1,10,0,FALLBACK,-0.2522,0.100,1.0386,1,none
41.476,830,-0.28515,-0.44014,0.09826,1,10,0,FALLBACK,0.1557,0.100,1.0413,1,none
41.528,831,-0.25967,-0.43236,0.12080,1,10,0,FALLBACK,-0.3291,0.100,1.0416,1,none
41.578,832,-0.23696,-0.35671,0.13030,1,10,0,FALLBACK,-0.4287,0.100,1.0402,1,none
41.627,833,-0.23431,-0.38014,0.11735,1,10,0,FALLBACK,-0.3418,0.100,1.0411,1,none
41.677,834,-0.24480,-0.35562,0.13368,1,10,0,FALLBACK,-0.2235,0.100,1.0434,1,none
41.728,835,-0.28076,-0.38258,0.12737,1,10,0,FALLBACK,0.0836,0.100,1.0460,1,none
41.778,836,-0.25636,-0.39190,0.10698,1,10,0,FALLBACK,-0.3402,0.100,1.0474,1,none
41.829,837,-0.23674,-0.31503,0.13448,1,10,0,FALLBACK,-0.4143,0.100,1.0463,1,none
41.879,838,-0.23594,-0.31043,0.13327,1,10,0,FALLBACK,-0.3243,0.100,1.0474,1,none
41.927,839,-0.29307,-0.16790,0.09126,1,10,0,FALLBACK,0.2510,0.100,1.0498,1,none
41.978,840,-0.27034,-0.11536,0.08764,1,10,0,FALLBACK,-0.2620,0.100,1.0475,1,none
42.027,841,-0.24246,-0.13398,0.07479,1,10,0,FALLBACK,-0.4271,0.100,1.0477,1,none
42.078,842,-0.23386,-0.16566,0.11248,1,10,0,FALLBACK,-0.3737,0.100,1.0480,1,none
42.127,843,-0.23964,-0.18035,0.10269,1,10,0,FALLBACK,-0.2729,0.100,1.0501,1,none
42.178,844,-0.25324,-0.25416,0.13133,1,10,0,FALLBACK,-0.1658,0.100,1.0525,1,none
42.229,845,-0.27072,-0.31778,0.11026,1,10,0,FALLBACK,-0.0590,0.100,1.0549,1,none
42.277,846,-0.28878,-0.26770,0.10613,1,10,0,FALLBACK,0.0342,0.100,1.0572,1,none
42.326,847,-0.30459,-0.28318,0.12112,1,10,0,FALLBACK,0.1020,0.100,1.0592,1,none
42.378,848,-0.31616,-0.30182,0.11933,1,10,0,FALLBACK,0.1386,0.100,1.0611,1,none
42.429,849,-0.32254,-0.32169,0.11921,1,10,0,FALLBACK,0.1446,0.100,1.0630,1,none
42.480,850,-0.32386,-0.33236,0.14515,1,10,0,FALLBACK,0.1259,0.100,1.0650,1,none
42.531,851,-0.32103,-0.34782,0.14188,1,10,0,FALLBACK,0.0909,0.100,1.0671,1,none
42.579,852,-0.31539,-0.31619,0.15045,1,10,0,FALLBACK,0.0488,0.100,1.0692,1,none
42.630,853,-0.30848,-0.38443,0.16123,1,10,0,FALLBACK,0.0078,0.100,1.0713,1,none
42.679,854,-0.30095,-0.38527,0.12826,1,10,0,FALLBACK,-0.0329,0.100,1.0733,1,none
42.732,855,-0.29494,-0.40773,0.13343,1,10,0,FALLBACK,-0.0553,0.100,1.0753,1,none
42.782,856,-0.29124,-0.42846,0.11481,1,10,0,FALLBACK,-0.0623,0.100,1.0772,1,none
42.831,857,-0.28964,-0.35810,0.10948,1,10,0,FALLBACK,-0.0598,0.100,1.0791,1,none
42.879,858,-0.29006,-0.33756,0.11276,1,10,0,FALLBACK,-0.0476,0.100,1.0810,1,none
42.931,859,-0.29242,-0.31750,0.11199,1,10,0,FALLBACK,-0.0261,0.100,1.0829,1,none
42.979,860,-0.29625,-0.31364,0.10190,1,10,0,FALLBACK,0.0004,0.100,1.0848,1,none
43.030,861,-0.30003,-0.38262,0.10523,1,10,0,FALLBACK,0.0191,0.100,1.0867,1,none
43.081,862,-0.30273,-0.42152,0.11051,1,10,0,FALLBACK,0.0271,0.100,1.0885,1,none
43.131,863,-0.30431,-0.35264,0.10686,1,10,0,FALLBACK,0.0295,0.100,1.0903,1,none
43.181,864,-0.30482,-0.11108,0.09065,1,10,0,FALLBACK,0.0266,0.100,1.0922,1,none
43.231,865,-0.30438,-0.02045,0.09036,1,10,0,FALLBACK,0.0197,0.100,1.0940,1,none
43.281,866,-0.30326,-0.08907,0.09994,1,10,0,FALLBACK,0.0107,0.100,1.0957,1,none
43.331,867,-0.15522,-0.17891,0.08330,1,10,0,FALLBACK,-1.0000,0.100,1.0975,1,none
43.382,868,-0.28937,-0.37405,0.08363,1,10,0,FALLBACK,0.6177,0.100,1.0744,1,none
43.431,869,-0.43650,-0.41616,0.13365,1,10,0,FALLBACK,1.0000,0.100,1.0499,1,none
43.480,870,-0.52373,-0.39330,0.09387,1,10,0,FALLBACK,1.0000,0.100,1.0368,1,none
43.531,871,-0.57259,-0.32950,0.08252,1,10,0,FALLBACK,1.0000,0.100,1.0351,1,none
43.581,872,-0.43081,-0.45093,0.06400,1,10,0,FALLBACK,-0.0548,0.100,1.0344,1,none
43.633,873,-0.55543,-0.62950,0.07082,1,10,0,FALLBACK,1.0000,0.100,1.0310,1,none
43.684,874,-0.67313,-0.67237,0.08935,1,10,0,FALLBACK,1.0000,0.100,1.0103,1,none
43.733,875,-0.74346,-0.71841,0.07234,1,10,0,FALLBACK,1.0000,0.100,1.0079,1,none
43.783,876,-0.78592,-0.60207,0.07237,1,10,0,FALLBACK,1.0000,0.100,1.0076,1,none
43.831,877,-0.80105,-0.73511,0.07213,1,10,0,FALLBACK,1.0000,0.100,1.0074,1,none
43.882,878,-0.68451,-0.84660,0.10383,1,10,0,FALLBACK,1.0000,0.100,1.0072,1,none
43.932,879,-0.74964,-0.83171,0.11414,1,10,0,FALLBACK,1.0000,0.100,1.0069,1,none
43.983,880,-0.78751,-0.71328,0.09067,1,10,0,FALLBACK,1.0000,0.100,1.0067,1,none
44.034,881,-0.79798,-0.71111,0.08548,1,10,0,FALLBACK,1.0000,0.100,1.0065,1,none
44.084,882,-0.78100,-0.71232,0.08774,1,10,0,FALLBACK,1.0000,0.100,1.0063,1,none
44.134,883,-0.58383,-0.74274,0.10440,1,10,0,FALLBACK,0.4333,0.100,1.0061,1,none
44.181,884,-0.63323,-0.75389,0.07360,1,10,0,FALLBACK,1.0000,0.100,1.0108,1,none
44.234,885,-0.66428,-0.77064,0.07121,1,10,0,FALLBACK,1.0000,0.100,1.0007,1,none
44.286,886,-0.65786,-0.66845,0.06142,1,10,0,FALLBACK,1.0000,0.100,0.9998,1,none
44.333,887,-0.62421,-0.64309,0.09554,1,10,0,FALLBACK,1.0000,0.100,0.9997,1,none
44.382,888,-0.56373,-0.57890,0.13142,1,10,0,FALLBACK,1.0000,0.100,0.9996,1,none
44.434,889,-0.38617,-0.60351,0.13607,1,10,0,FALLBACK,-0.4570,0.100,0.9995,1,none
44.484,890,-0.39321,-0.49867,0.15809,1,10,0,FALLBACK,0.5013,0.100,0.9867,1,none
44.533,891,-0.42885,-0.35670,0.17045,1,10,0,FALLBACK,0.8224,0.100,0.9765,1,none
44.585,892,-0.42788,-0.24761,0.12002,1,10,0,FALLBACK,0.6346,0.100,0.9711,1,none
44.633,893,-0.40055,-0.23439,0.09931,1,10,0,FALLBACK,0.3661,0.100,0.9737,1,none
44.686,894,-0.23674,-0.32977,0.12395,1,10,0,FALLBACK,-1.0000,0.100,0.9779,1,none
44.737,895,-0.31378,-0.42828,0.17305,1,10,0,FALLBACK,0.4541,0.100,0.9571,1,none
44.786,896,-0.42332,-0.51571,0.12577,1,10,0,FALLBACK,1.0000,0.100,0.9383,1,none
44.834,897,-0.48350,-0.34953,0.15547,1,10,0,FALLBACK,1.0000,0.100,0.9255,1,none
44.885,898,-0.50534,-0.33754,0.14061,1,10,0,FALLBACK,1.0000,0.100,0.9245,1,none
44.936,899,-0.50392,-0.38986,0.12860,1,10,0,FALLBACK,1.0000,0.100,0.9257,1,none
44.985,900,-0.38211,-0.47116,0.12144,1,10,0,FALLBACK,-0.1985,0.100,0.9268,1,none
45.035,901,-0.43855,-0.48081,0.12058,1,10,0,FALLBACK,0.9749,0.100,0.9179,1,none
45.085,902,-0.51000,-0.51959,0.11291,1,10,0,FALLBACK,1.0000,0.100,0.9052,1,none
45.137,903,-0.53564,-0.35310,0.13210,1,10,0,FALLBACK,1.0000,0.100,0.9016,1,none
45.188,904,-0.53742,-0.36104,0.12030,1,10,0,FALLBACK,1.0000,0.100,0.9030,1,none
45.236,905,-0.33833,-0.38274,0.10729,1,10,0,FALLBACK,-0.8038,0.100,0.9045,1,none
45.286,906,-0.40552,-0.51080,0.08895,1,10,0,FALLBACK,0.8636,0.100,0.8891,1,none
45.336,907,-0.50489,-0.57498,0.10609,1,10,0,FALLBACK,1.0000,0.100,0.8574,1,none
45.385,908,-0.55259,-0.49848,0.12827,1,10,0,FALLBACK,1.0000,0.100,0.8481,1,none
45.436,909,-0.57495,-0.41135,0.12253,1,10,0,FALLBACK,1.0000,0.100,0.8501,1,none
45.486,910,-0.57806,-0.40352,0.12512,1,10,0,FALLBACK,1.0000,0.100,0.8524,1,none
45.538,911,-0.56148,-0.41610,0.10902,1,10,0,FALLBACK,1.0000,0.100,0.8546,1,none
45.588,912,-0.41475,-0.48146,0.13265,1,10,0,FALLBACK,-0.1599,0.100,0.8568,1,none
45.641,913,-0.46364,-0.53608,0.11375,1,10,0,FALLBACK,1.0000,0.100,0.8553,1,none
45.689,914,-0.52588,-0.64550,0.15244,1,10,0,FALLBACK,1.0000,0.100,0.8376,1,none
45.740,915,-0.54272,-0.59824,0.12655,1,10,0,FALLBACK,1.0000,0.100,0.8350,1,none
45.788,916,-0.53979,-0.63878,0.13786,1,10,0,FALLBACK,1.0000,0.100,0.8375,1,none
45.824,917,-0.51803,-0.52982,0.08532,1,10,0,FALLBACK,0.9813,0.100,0.8400,1,none
45.873,918,-0.47760,-0.50599,0.12353,1,10,0,FALLBACK,0.6858,0.100,0.8428,1,none
45.925,919,-0.42606,-0.48901,0.13820,1,10,0,FALLBACK,0.3726,0.100,0.8486,1,none
45.975,920,-0.37365,-0.33828,0.13002,1,10,0,FALLBACK,0.1062,0.100,0.8541,1,none
46.025,921,-0.32513,-0.35163,0.12565,1,10,0,FALLBACK,-0.1170,0.100,0.8586,1,none
46.074,922,-0.28387,-0.36102,0.13999,1,10,0,FALLBACK,-0.2869,0.100,0.8623,1,none
46.123,923,-0.25252,-0.26765,0.12671,1,10,0,FALLBACK,-0.3942,0.100,0.8655,1,none
46.173,924,-0.23231,-0.25942,0.13126,1,10,0,FALLBACK,-0.4395,0.100,0.8687,1,none
46.226,925,-0.22306,-0.32436,0.15286,1,10,0,FALLBACK,-0.4309,0.100,0.8722,1,none
46.276,926,-0.22350,-0.36292,0.17126,1,10,0,FALLBACK,-0.3803,0.100,0.8760,1,none
46.326,927,-0.23167,-0.27177,0.12267,1,10,0,FALLBACK,-0.3008,0.100,0.8800,1,none
46.373,928,-0.24522,-0.32270,0.13253,1,10,0,FALLBACK,-0.2061,0.100,0.8842,1,none
46.425,929,-0.26172,-0.28706,0.16003,1,10,0,FALLBACK,-0.1089,0.100,0.8883,1,none
46.474,930,-0.27887,-0.26791,0.12981,1,10,0,FALLBACK,-0.0198,0.100,0.8922,1,none
46.524,931,-0.29477,-0.26814,0.15272,1,10,0,FALLBACK,0.0533,0.100,0.8960,1,none
46.576,932,-0.30797,-0.28684,0.08532,1,10,0,FALLBACK,0.1058,0.100,0.8997,1,none
46.627,933,-0.31756,-0.40868,0.13087,1,10,0,FALLBACK,0.1358,0.100,0.9033,1,none
46.675,934,-0.32322,-0.42365,0.12794,1,10,0,FALLBACK,0.1444,0.100,0.9069,1,none
46.726,935,-0.32511,-0.48589,0.16251,1,10,0,FALLBACK,0.1349,0.100,0.9105,1,none
46.776,936,-0.32375,-0.41326,0.14329,1,10,0,FALLBACK,0.1120,0.100,0.9142,1,none
46.826,937,-0.31997,-0.37540,0.12954,1,10,0,FALLBACK,0.0809,0.100,0.9178,1,none
46.876,938,-0.31466,-0.39707,0.13796,1,10,0,FALLBACK,0.0468,0.100,0.9214,1,none
46.925,939,-0.30875,-0.34859,0.14078,1,10,0,FALLBACK,0.0142,0.100,0.9250,1,none
46.976,940,-0.30303,-0.33893,0.13491,1,10,0,FALLBACK,-0.0134,0.100,0.9285,1,none
47.024,941,-0.29814,-0.37297,0.11471,1,10,0,FALLBACK,-0.0338,0.100,0.9319,1,none
47.077,942,-0.29448,-0.29528,0.12049,1,10,0,FALLBACK,-0.0459,0.100,0.9353,1,none
47.126,943,-0.29224,-0.37570,0.12956,1,10,0,FALLBACK,-0.0500,0.100,0.9387,1,none
47.176,944,-0.29139,-0.34833,0.12670,1,10,0,FALLBACK,-0.0472,0.100,0.9421,1,none
47.227,945,-0.29177,-0.28182,0.12410,1,10,0,FALLBACK,-0.0393,0.100,0.9454,1,none
47.276,946,-0.29308,-0.29360,0.11194,1,10,0,FALLBACK,-0.0281,0.100,0.9487,1,none
47.325,947,-0.29496,-0.31876,0.09581,1,10,0,FALLBACK,-0.0158,0.100,0.9519,1,none
47.375,948,-0.29706,-0.34789,0.10838,1,10,0,FALLBACK,-0.0041,0.100,0.9551,1,none
47.427,949,-0.29909,-0.29927,0.08904,1,10,0,FALLBACK,0.0056,0.100,0.9583,1,none
47.478,950,-0.30079,-0.31955,0.10747,1,10,0,FALLBACK,0.0125,0.100,0.9615,1,none
47.525,951,-0.30203,-0.39565,0.11796,1,10,0,FALLBACK,0.0163,0.100,0.9646,1,none
47.578,952,-0.30273,-0.34617,0.16578,1,10,0,FALLBACK,0.0171,0.100,0.9677,1,none
47.626,953,-0.30292,-0.36176,0.13267,1,10,0,FALLBACK,0.0155,0.100,0.9708,1,none
47.676,954,-0.30267,-0.43567,0.15202,1,10,0,FALLBACK,0.0121,0.100,0.9738,1,none
47.728,955,-0.30212,-0.43295,0.15267,1,10,0,FALLBACK,0.0078,0.100,0.9768,1,none
47.775,956,-0.30139,-0.36070,0.17246,1,10,0,FALLBACK,0.0033,0.100,0.9798,1,none
47.824,957,-0.30062,-0.40723,0.16033,1,10,0,FALLBACK,-0.0007,0.100,0.9827,1,none
47.877,958,-0.29992,-0.39209,0.16198,1,10,0,FALLBACK,-0.0039,0.100,0.9856,1,none
47.929,959,-0.29937,-0.39879,0.14769,1,10,0,FALLBACK,-0.0059,0.100,0.9885,1,none
47.976,960,-0.29901,-0.41625,0.16865,1,10,0,FALLBACK,-0.0067,0.100,0.9913,1,none
48.029,961,-0.29884,-0.35926,0.13205,1,10,0,FALLBACK,-0.0066,0.100,0.9942,1,none
48.076,962,-0.29887,-0.41173,0.16228,1,10,0,FALLBACK,-0.0056,0.100,0.9970,1,none
48.126,963,-0.29906,-0.37300,0.13662,1,10,0,FALLBACK,-0.0038,0.100,0.9997,1,none
48.176,964,-0.29936,-0.44121,0.10010,1,10,0,FALLBACK,-0.0017,0.100,1.0025,1,none
48.226,965,-0.29967,-0.26380,0.10892,1,10,0,FALLBACK,-0.0001,0.100,1.0052,1,none
48.278,966,-0.29994,-0.22577,0.09720,1,10,0,FALLBACK,0.0011,0.100,1.0078,1,none
48.328,967,-0.30015,-0.12845,0.07821,1,10,0,FALLBACK,0.0018,0.100,1.0105,1,none
48.379,968,-0.30029,-0.10123,0.09704,1,10,0,FALLBACK,0.0021,0.100,1.0131,1,none
48.429,969,-0.30034,-0.15065,0.07663,1,10,0,FALLBACK,0.0020,0.100,1.0157,1,none
48.480,970,-0.30032,-0.19486,0.11577,1,10,0,FALLBACK,0.0015,0.100,1.0183,1,none
48.529,971,-0.18773,-0.28634,0.12522,1,10,0,FALLBACK,-1.0000,0.100,1.0208,1,none
48.579,972,-0.28796,-0.39160,0.14986,1,10,0,FALLBACK,0.4409,0.100,1.0000,1,none
48.631,973,-0.39988,-0.45826,0.10831,1,10,0,FALLBACK,1.0000,0.100,0.9834,1,none
48.679,974,-0.45792,-0.36388,0.10309,1,10,0,FALLBACK,1.0000,0.100,0.9707,1,none
48.729,975,-0.47883,-0.35679,0.11165,1,10,0,FALLBACK,0.9987,0.100,0.9703,1,none
48.778,976,-0.47437,-0.36742,0.10615,1,10,0,FALLBACK,0.8495,0.100,0.9707,1,none
48.827,977,-0.38491,-0.39700,0.13395,1,10,0,FALLBACK,-0.0228,0.100,0.9738,1,none
48.878,978,-0.43756,-0.36778,0.13014,1,10,0,FALLBACK,0.9511,0.100,0.9731,1,none
48.930,979,-0.48116,-0.26482,0.11685,1,10,0,FALLBACK,1.0000,0.100,0.9561,1,none
48.982,980,-0.48149,-0.31079,0.11468,1,10,0,FALLBACK,0.9091,0.100,0.9547,1,none
49.030,981,-0.45841,-0.34724,0.11450,1,10,0,FALLBACK,0.6767,0.100,0.9570,1,none
49.083,982,-0.32535,-0.32359,0.10817,1,10,0,FALLBACK,-0.5386,0.100,0.9615,1,none
49.128,983,-0.37558,-0.41188,0.12969,1,10,0,FALLBACK,0.6291,0.100,0.9476,1,none
49.181,984,-0.43299,-0.37630,0.11218,1,10,0,FALLBACK,0.9520,0.100,0.9336,1,none
49.231,985,-0.44524,-0.21897,0.10066,1,10,0,FALLBACK,0.7874,0.100,0.9285,1,none
49.279,986,-0.43354,-0.29157,0.10589,1,10,0,FALLBACK,0.6092,0.100,0.9322,1,none
49.330,987,-0.41096,-0.32633,0.10090,1,10,0,FALLBACK,0.4419,0.100,0.9366,1,none
49.382,988,-0.31838,-0.35975,0.11591,1,10,0,FALLBACK,-0.3710,0.100,0.9408,1,none
49.431,989,-0.37353,-0.35400,0.13438,1,10,0,FALLBACK,0.6434,0.100,0.9361,1,none
49.478,990,-0.42592,-0.33125,0.13462,1,10,0,FALLBACK,0.8915,0.100,0.9245,1,none
49.530,991,-0.43822,-0.30905,0.10634,1,10,0,FALLBACK,0.7526,0.100,0.9218,1,none
49.580,992,-0.42910,-0.33141,0.11014,1,10,0,FALLBACK,0.6000,0.100,0.9254,1,none
49.634,993,-0.30342,-0.40021,0.11006,1,10,0,FALLBACK,-0.6113,0.100,0.9297,1,none
49.683,994,-0.36923,-0.45605,0.11176,1,10,0,FALLBACK,0.6752,0.100,0.9148,1,none
49.732,995,-0.44136,-0.42938,0.12148,1,10,0,FALLBACK,1.0000,0.100,0.8980,1,none
49.783,996,-0.46571,-0.35412,0.13604,1,10,0,FALLBACK,0.9503,0.100,0.8932,1,none
49.832,997,-0.46371,-0.32191,0.12056,1,10,0,FALLBACK,0.8085,0.100,0.8956,1,none
49.883,998,-0.44585,-0.37338,0.11880,1,10,0,FALLBACK,0.6399,0.100,0.8997,1,none
49.932,999,-0.32653,-0.38432,0.13964,1,10,0,FALLBACK,-0.4639,0.100,0.9043,1,none
49.982,1000,-0.38076,-0.45118,0.14505,1,10,0,FALLBACK,0.6750,0.100,0.8944,1,none
50.032,1001,-0.43772,-0.40041,0.13298,1,10,0,FALLBACK,0.9734,0.100,0.8810,1,none
50.082,1002,-0.45156,-0.30599,0.13371,1,10,0,FALLBACK,0.8270,0.100,0.8777,1,none
50.133,1003,-0.44363,-0.26668,0.10840,1,10,0,FALLBACK,0.6785,0.100,0.8818,1,none
50.183,1004,-0.42474,-0.30836,0.11060,1,10,0,FALLBACK,0.5292,0.100,0.8865,1,none
50.233,1005,-0.31557,-0.29563,0.10911,1,10,0,FALLBACK,-0.4680,0.100,0.8911,1,none
50.282,1006,-0.37095,-0.31771,0.10358,1,10,0,FALLBACK,0.6316,0.100,0.8829,1,none
50.332,1007,-0.42736,-0.30573,0.09654,1,10,0,FALLBACK,0.9189,0.100,0.8710,1,none
50.383,1008,-0.44321,-0.21837,0.10266,1,10,0,FALLBACK,0.7953,0.100,0.8689,1,none
50.434,1009,-0.43850,-0.21336,0.08133,1,10,0,FALLBACK,0.6690,0.100,0.8730,1,none
50.482,1010,-0.42158,-0.29924,0.11836,1,10,0,FALLBACK,0.5232,0.100,0.8774,1,none
50.532,1011,-0.31921,-0.28302,0.08605,1,10,0,FALLBACK,-0.4157,0.100,0.8821,1,none
50.584,1012,-0.37582,-0.42476,0.10337,1,10,0,FALLBACK,0.6621,0.100,0.8757,1,none
50.634,1013,-0.43145,-0.42655,0.10461,1,10,0,FALLBACK,0.9354,0.100,0.8638,1,none
50.684,1014,-0.44977,-0.48041,0.10085,1,10,0,FALLBACK,0.8404,0.100,0.8628,1,none
50.732,1015,-0.44537,-0.43348,0.11603,1,10,0,FALLBACK,0.7049,0.100,0.8661,1,none
50.783,1016,-0.42898,-0.40979,0.11538,1,10,0,FALLBACK,0.5629,0.100,0.8707,1,none
50.834,1017,-0.40142,-0.48587,0.12704,1,10,0,FALLBACK,0.3693,0.100,0.8749,1,none
50.883,1018,-0.36529,-0.40860,0.10960,1,10,0,FALLBACK,0.1458,0.100,0.8790,1,none
50.934,1019,-0.32428,-0.32017,0.11441,1,10,0,FALLBACK,-0.0836,0.100,0.8838,1,none
50.983,1020,-0.28701,-0.28109,0.10124,1,10,0,FALLBACK,-0.2513,0.100,0.8873,1,none
51.034,1021,-0.25998,-0.22795,0.08448,1,10,0,FALLBACK,-0.3353,0.100,0.8906,1,none
51.084,1022,-0.24386,-0.22651,0.08800,1,10,0,FALLBACK,-0.3613,0.100,0.8938,1,none
51.135,1023,-0.23754,-0.23813,0.08093,1,10,0,FALLBACK,-0.3439,0.100,0.8972,1,none
51.185,1024,-0.23951,-0.24869,0.09763,1,10,0,FALLBACK,-0.2926,0.100,0.9008,1,none
51.235,1025,-0.24805,-0.24939,0.10006,1,10,0,FALLBACK,-0.2170,0.100,0.9046,1,none
51.286,1026,-0.26102,-0.21270,0.09385,1,10,0,FALLBACK,-0.1301,0.100,0.9084,1,none
51.338,1027,-0.27609,-0.27615,0.10113,1,10,0,FALLBACK,-0.0442,0.100,0.9122,1,none
51.385,1028,-0.29108,-0.24314,0.11622,1,10,0,FALLBACK,0.0303,0.100,0.9159,1,none
51.436,1029,-0.30423,-0.31138,0.11738,1,10,0,FALLBACK,0.0869,0.100,0.9194,1,none
51.485,1030,-0.31431,-0.28716,0.11114,1,10,0,FALLBACK,0.1219,0.100,0.9228,1,none
51.534,1031,-0.32064,-0.28744,0.09113,1,10,0,FALLBACK,0.1349,0.100,0.9262,1,none
51.583,1032,-0.32315,-0.22059,0.08945,1,10,0,FALLBACK,0.1283,0.100,0.9296,1,none
51.639,1033,-0.32224,-0.34459,0.09931,1,10,0,FALLBACK,0.1066,0.100,0.9330,1,none
51.687,1034,-0.31850,-0.23888,0.08446,1,10,0,FALLBACK,0.0738,0.100,0.9364,1,none
51.735,1035,-0.31310,-0.27138,0.09499,1,10,0,FALLBACK,0.0385,0.100,0.9399,1,none
51.786,1036,-0.30709,-0.30988,0.08343,1,10,0,FALLBACK,0.0054,0.100,0.9432,1,none
51.835,1037,-0.30133,-0.25778,0.07742,1,10,0,FALLBACK,-0.0222,0.100,0.9466,1,none
51.885,1038,-0.29649,-0.20392,0.08394,1,10,0,FALLBACK,-0.0417,0.100,0.9498,1,none
51.938,1039,-0.29305,-0.25297,0.08669,1,10,0,FALLBACK,-0.0520,0.100,0.9531,1,none
51.988,1040,-0.29120,-0.21472,0.07461,1,10,0,FALLBACK,-0.0533,0.100,0.9563,1,none
52.037,1041,-0.29088,-0.25100,0.07318,1,10,0,FALLBACK,-0.0472,0.100,0.9594,1,none
52.088,1042,-0.29187,-0.26385,0.09554,1,10,0,FALLBACK,-0.0357,0.100,0.9626,1,none
52.138,1043,-0.29376,-0.25832,0.10001,1,10,0,FALLBACK,-0.0217,0.100,0.9657,1,none
52.187,1044,-0.29614,-0.35927,0.10428,1,10,0,FALLBACK,-0.0074,0.100,0.9688,1,none
52.239,1045,-0.29859,-0.31806,0.08780,1,10,0,FALLBACK,0.0052,0.100,0.9718,1,none
52.290,1046,-0.30075,-0.30784,0.07302,1,10,0,FALLBACK,0.0146,0.100,0.9748,1,none
52.338,1047,-0.30237,-0.25835,0.07325,1,10,0,FALLBACK,0.0200,0.100,0.9778,1,none
52.389,1048,-0.30333,-0.27722,0.08800,1,10,0,FALLBACK,0.0215,0.100,0.9808,1,none
52.439,1049,-0.30362,-0.29099,0.07657,1,10,0,FALLBACK,0.0195,0.100,0.9837,1,none
52.487,1050,-0.30332,-0.36863,0.09229,1,10,0,FALLBACK,0.0150,0.100,0.9866,1,none
52.538,1051,-0.30258,-0.25147,0.08859,1,10,0,FALLBACK,0.0092,0.100,0.9895,1,none
52.587,1052,-0.30160,-0.26455,0.09073,1,10,0,FALLBACK,0.0031,0.100,0.9923,1,none
52.640,1053,-0.30056,-0.24780,0.07695,1,10,0,FALLBACK,-0.0024,0.100,0.9951,1,none
52.689,1054,-0.29962,-0.27845,0.10514,1,10,0,FALLBACK,-0.0066,0.100,0.9979,1,none
52.738,1055,-0.29892,-0.24030,0.08872,1,10,0,FALLBACK,-0.0089,0.100,1.0007,1,none
52.788,1056,-0.29850,-0.24532,0.06683,1,10,0,FALLBACK,-0.0096,0.100,1.0034,1,none
52.839,1057,-0.29837,-0.17153,0.05738,1,10,0,FALLBACK,-0.0088,0.100,1.0061,1,none
52.888,1058,-0.29852,-0.19814,0.06409,1,10,0,FALLBACK,-0.0067,0.100,1.0088,1,none
52.939,1059,-0.29884,-0.25754,0.06704,1,10,0,FALLBACK,-0.0042,0.100,1.0114,1,none
52.991,1060,-0.29927,-0.18390,0.09320,1,10,0,FALLBACK,-0.0015,0.100,1.0140,1,none
53.037,1061,-0.29977,-0.24503,0.09286,1,10,0,FALLBACK,0.0013,0.100,1.0166,1,none
53.091,1062,-0.30020,-0.23249,0.10256,1,10,0,FALLBACK,0.0032,0.100,1.0192,1,none
53.140,1063,-0.30050,-0.20459,0.09163,1,10,0,FALLBACK,0.0040,0.100,1.0217,1,none
53.188,1064,-0.30064,-0.15400,0.07521,1,10,0,FALLBACK,0.0039,0.100,1.0242,1,none
53.240,1065,-0.30065,-0.13311,0.06945,1,10,0,FALLBACK,0.0033,0.100,1.0267,1,none
53.291,1066,-0.30053,-0.15740,0.05885,1,10,0,FALLBACK,0.0020,0.100,1.0292,1,none
53.340,1067,-0.30031,-0.24006,0.11413,1,10,0,FALLBACK,0.0005,0.100,1.0316,1,none
53.389,1068,-0.30007,-0.14261,0.07094,1,10,0,FALLBACK,-0.0008,0.100,1.0340,1,none
53.440,1069,-0.28102,-0.15204,0.07678,1,10,0,FALLBACK,-0.1902,0.100,1.0364,1,none
53.491,1070,-0.30576,-0.24936,0.09894,1,10,0,FALLBACK,0.1525,0.100,1.0381,1,none
53.523,1071,-0.33391,-0.27891,0.11491,1,10,0,FALLBACK,0.3103,0.100,1.0391,1,none
53.575,1072,-0.34671,-0.26710,0.12489,1,10,0,FALLBACK,0.2975,0.100,1.0397,1,none
53.624,1073,-0.34780,-0.16307,0.08048,1,10,0,FALLBACK,0.2445,0.100,1.0418,1,none
53.674,1074,-0.34157,-0.27433,0.08856,1,10,0,FALLBACK,0.1767,0.100,1.0441,1,none
53.724,1075,-0.33059,-0.18358,0.08084,1,10,0,FALLBACK,0.0980,0.100,1.0466,1,none
53.775,1076,-0.31656,-0.16953,0.08669,1,10,0,FALLBACK,0.0127,0.100,1.0489,1,none
53.823,1077,-0.30323,-0.12339,0.09760,1,10,0,FALLBACK,-0.0505,0.100,1.0512,1,none
53.876,1078,-0.29249,-0.09367,0.08399,1,10,0,FALLBACK,-0.0913,0.100,1.0534,1,none
53.928,1079,-0.28529,-0.22240,0.08847,1,10,0,FALLBACK,-0.1095,0.100,1.0555,1,none
53.977,1080,-0.28180,-0.23471,0.07884,1,10,0,FALLBACK,-0.1084,0.100,1.0576,1,none
54.027,1081,-0.28201,-0.24442,0.06256,1,10,0,FALLBACK,-0.0889,0.100,1.0597,1,none
54.076,1082,-0.28555,-0.18493,0.08156,1,10,0,FALLBACK,-0.0546,0.100,1.0618,1,none
54.127,1083,-0.29101,-0.17091,0.08016,1,10,0,FALLBACK,-0.0176,0.100,1.0639,1,none
54.177,1084,-0.29690,-0.25689,0.09966,1,10,0,FALLBACK,0.0139,0.100,1.0660,1,none
54.227,1085,-0.30216,-0.24945,0.10030,1,10,0,FALLBACK,0.0371,0.100,1.0681,1,none
54.276,1086,-0.30578,-0.29100,0.10574,1,10,0,FALLBACK,0.0470,0.100,1.0701,1,none
54.328,1087,-0.30760,-0.27243,0.08481,1,10,0,FALLBACK,0.0471,0.100,1.0721,1,none
54.374,1088,-0.30777,-0.22973,0.08756,1,10,0,FALLBACK,0.0396,0.100,1.0741,1,none
54.426,1089,-0.30661,-0.17573,0.07414,1,10,0,FALLBACK,0.0273,0.100,1.0760,1,none
54.475,1090,-0.30460,-0.29419,0.09781,1,10,0,FALLBACK,0.0129,0.100,1.0780,1,none
54.526,1091,-0.30224,-0.26631,0.08883,1,10,0,FALLBACK,-0.0006,0.100,1.0799,1,none
54.580,1092,-0.30001,-0.27788,0.09874,1,10,0,FALLBACK,-0.0111,0.100,1.0819,1,none
54.629,1093,-0.29824,-0.39674,0.11677,1,10,0,FALLBACK,-0.0176,0.100,1.0838,1,none
54.680,1094,-0.29704,-0.39752,0.11252,1,10,0,FALLBACK,-0.0208,0.100,1.0857,1,none
54.728,1095,-0.29653,-0.24967,0.07681,1,10,0,FALLBACK,-0.0199,0.100,1.0875,1,none
54.780,1096,-0.29674,-0.28645,0.08894,1,10,0,FALLBACK,-0.0153,0.100,1.0894,1,none
54.827,1097,-0.29746,-0.37019,0.10787,1,10,0,FALLBACK,-0.0091,0.100,1.0912,1,none
54.878,1098,-0.29846,-0.31224,0.08097,1,10,0,FALLBACK,-0.0027,0.100,1.0930,1,none
54.928,1099,-0.29950,-0.34274,0.11394,1,10,0,FALLBACK,0.0027,0.100,1.0948,1,none
54.978,1100,-0.30039,-0.25227,0.10006,1,10,0,FALLBACK,0.0064,0.100,1.0965,1,none
55.029,1101,-0.30100,-0.29093,0.10708,1,10,0,FALLBACK,0.0081,0.100,1.0983,1,none
55.078,1102,-0.30130,-0.34026,0.13962,1,10,0,FALLBACK,0.0080,0.100,1.1000,1,none
55.130,1103,-0.30129,-0.31623,0.09111,1,10,0,FALLBACK,0.0064,0.100,1.1017,1,none
55.180,1104,-0.30105,-0.28462,0.10027,1,10,0,FALLBACK,0.0041,0.100,1.1034,1,none
55.232,1105,-0.30068,-0.23633,0.08813,1,10,0,FALLBACK,0.0015,0.100,1.1051,1,none
55.278,1106,-0.30024,-0.22939,0.10965,1,10,0,FALLBACK,-0.0009,0.100,1.1068,1,none
55.328,1107,-0.29985,-0.18999,0.10251,1,10,0,FALLBACK,-0.0027,0.100,1.1084,1,none
55.379,1108,-0.29956,-0.31657,0.12308,1,10,0,FALLBACK,-0.0037,0.100,1.1101,1,none
55.427,1109,-0.29940,-0.31062,0.14578,1,10,0,FALLBACK,-0.0039,0.100,1.1117,1,none
55.478,1110,-0.29936,-0.29246,0.14110,1,10,0,FALLBACK,-0.0034,0.100,1.1133,1,none
55.528,1111,-0.29944,-0.22077,0.23496,0,10,0,FALLBACK,-0.0024,0.100,1.1149,1,none
55.581,1112,-0.29959,-0.30468,0.35033,0,10,0,FALLBACK,-0.0013,0.100,1.1164,1,none
55.630,1113,-0.29980,-0.10214,0.43971,0,10,0,FALLBACK,0.0000,0.100,1.1180,1,none
55.680,1114,-0.29999,-0.13290,0.14034,1,10,0,FALLBACK,0.0009,0.100,1.1195,1,none
55.731,1115,-0.30012,-0.15084,0.27449,0,10,0,FALLBACK,0.0013,0.100,1.1210,1,none
55.779,1116,-0.30019,0.22792,0.27571,0,10,0,FALLBACK,0.0013,0.100,1.1225,1,none
55.834,1117,-0.30021,-0.34215,0.23122,0,10,0,FALLBACK,0.0011,0.100,1.1240,1,none
55.880,1118,-0.30016,-0.90231,0.19278,0,10,0,FALLBACK,0.0006,0.100,1.1255,1,none
55.931,1119,-0.30157,-0.51236,0.09947,1,10,0,FALLBACK,0.0149,0.100,1.1289,2,none
55.978,1120,-0.23503,-0.49439,0.09533,1,10,0,FALLBACK,-0.6576,0.100,1.1283,2,none
56.029,1121,-0.35955,-0.45124,0.07507,1,10,0,FALLBACK,0.9203,0.100,1.1193,2,none
56.079,1122,-0.49517,-0.55686,0.07898,1,10,0,FALLBACK,1.0000,0.100,1.0924,2,none
56.131,1123,-0.52903,-0.53254,0.09466,1,10,0,FALLBACK,1.0000,0.100,1.0823,2,none
56.180,1124,-0.45489,-0.51479,0.11496,1,10,0,FALLBACK,0.4037,0.100,1.0737,2,none
56.230,1125,-0.36764,-0.31415,0.11977,1,10,0,FALLBACK,-0.0981,0.100,1.0818,2,none
56.280,1126,-0.29383,-0.30724,0.13319,1,10,0,FALLBACK,-0.3998,0.100,1.0794,2,none
56.330,1127,-0.23829,-0.26434,0.12105,1,10,0,FALLBACK,-0.5863,0.100,1.0779,2,none
56.382,1128,-0.20559,-0.21478,0.08141,1,10,0,FALLBACK,-0.6356,0.100,1.0766,2,none
56.430,1129,-0.19616,-0.10174,0.06323,1,10,0,FALLBACK,-0.5663,0.100,1.0765,2,none
56.485,1130,-0.20584,-0.22898,0.09268,1,10,0,FALLBACK,-0.4224,0.100,1.0781,2,none
56.532,1131,-0.23116,-0.31022,0.11733,1,10,0,FALLBACK,-0.2176,0.100,1.0801,2,none
56.580,1132,-0.26147,-0.26106,0.10991,1,10,0,FALLBACK,-0.0411,0.100,1.0827,2,none
56.632,1133,-0.29037,-0.35122,0.09182,1,10,0,FALLBACK,0.0964,0.100,1.0846,2,none
56.683,1134,-0.31419,-0.28457,0.11522,1,10,0,FALLBACK,0.1900,0.100,1.0861,2,none
56.733,1135,-0.33027,-0.24005,0.10769,1,10,0,FALLBACK,0.2318,0.100,1.0874,2,none
56.782,1136,-0.33839,-0.26752,0.10282,1,10,0,FALLBACK,0.2325,0.100,1.0889,2,none
56.833,1137,-0.33807,-0.33813,0.09125,1,10,0,FALLBACK,0.1888,0.100,1.0905,2,none
56.883,1138,-0.33115,-0.38194,0.10365,1,10,0,FALLBACK,0.1211,0.100,1.0923,2,none
56.936,1139,-0.31919,-0.35420,0.09709,1,10,0,FALLBACK,0.0362,0.100,1.0942,2,none
56.986,1140,-0.30510,-0.32486,0.11887,1,10,0,FALLBACK,-0.0450,0.100,1.0960,2,none
57.034,1141,-0.29276,-0.29624,0.09942,1,10,0,FALLBACK,-0.0979,0.100,1.0977,2,none
57.084,1142,-0.28394,-0.23041,0.07833,1,10,0,FALLBACK,-0.1244,0.100,1.0994,2,none
57.133,1143,-0.27958,-0.31262,0.09188,1,10,0,FALLBACK,-0.1239,0.100,1.1010,2,none
57.185,1144,-0.27996,-0.17841,0.09016,1,10,0,FALLBACK,-0.0983,0.100,1.1026,2,none
57.236,1145,-0.28435,-0.21131,0.09613,1,10,0,FALLBACK,-0.0563,0.100,1.1043,2,none
57.284,1146,-0.29094,-0.15993,0.07100,1,10,0,FALLBACK,-0.0123,0.100,1.1060,2,none
57.335,1147,-0.29796,-0.21141,0.08320,1,10,0,FALLBACK,0.0249,0.100,1.1077,2,none
57.385,1148,-0.30401,-0.21395,0.07465,1,10,0,FALLBACK,0.0503,0.100,1.1093,2,none
57.438,1149,-0.30816,-0.25559,0.08766,1,10,0,FALLBACK,0.0615,0.100,1.1108,2,none
57.488,1150,-0.30994,-0.28476,0.09402,1,10,0,FALLBACK,0.0586,0.100,1.1124,2,none
57.537,1151,-0.30944,-0.23868,0.07143,1,10,0,FALLBACK,0.0447,0.100,1.1140,2,none
57.587,1152,-0.30718,-0.27229,0.09795,1,10,0,FALLBACK,0.0246,0.100,1.1156,2,none
57.634,1153,-0.30393,-0.29533,0.08556,1,10,0,FALLBACK,0.0034,0.100,1.1171,2,none
57.687,1154,-0.30049,-0.33227,0.10109,1,10,0,FALLBACK,-0.0148,0.100,1.1187,2,none
57.737,1155,-0.29757,-0.34984,0.10252,1,10,0,FALLBACK,-0.0267,0.100,1.1202,2,none
57.786,1156,-0.29565,-0.24825,0.09721,1,10,0,FALLBACK,-0.0314,0.100,1.1217,2,none
57.838,1157,-0.29493,-0.27107,0.11589,1,10,0,FALLBACK,-0.0290,0.100,1.1232,2,none
57.886,1158,-0.29534,-0.29983,0.10715,1,10,0,FALLBACK,-0.0213,0.100,1.1247,2,none
57.936,1159,-0.29659,-0.32422,0.10613,1,10,0,FALLBACK,-0.0108,0.100,1.1261,2,none
57.988,1160,-0.29829,-0.24320,0.11088,1,10,0,FALLBACK,-0.0000,0.100,1.1276,2,none
58.039,1161,-0.30002,-0.29624,0.10729,1,10,0,FALLBACK,0.0088,0.100,1.1290,2,none
58.086,1162,-0.30143,-0.27079,0.11856,1,10,0,FALLBACK,0.0142,0.100,1.1304,2,none
58.137,1163,-0.30228,-0.21657,0.10746,1,10,0,FALLBACK,0.0157,0.100,1.1318,2,none
58.188,1164,-0.30251,-0.16080,0.10350,1,10,0,FALLBACK,0.0137,0.100,1.1332,2,none
58.237,1165,-0.30217,-0.21769,0.10549,1,10,0,FALLBACK,0.0091,0.100,1.1346,2,none
58.288,1166,-0.30144,-0.13796,0.10517,1,10,0,FALLBACK,0.0035,0.100,1.1360,2,none
58.338,1167,-0.30053,-0.16089,0.09434,1,10,0,FALLBACK,-0.0019,0.100,1.1373,2,none
58.386,1168,-0.29966,-0.02418,0.06910,1,10,0,FALLBACK,-0.0060,0.100,1.1387,2,none
58.437,1169,-0.29901,0.05534,0.09132,1,10,0,FALLBACK,-0.0082,0.100,1.1400,2,none
58.491,1170,-0.29866,-0.04572,0.09321,1,10,0,FALLBACK,-0.0084,0.100,1.1413,2,none
58.537,1171,-0.29864,-0.18174,0.08420,1,10,0,FALLBACK,-0.0069,0.100,1.1426,2,none
58.587,1172,-0.26025,-0.34531,0.09866,1,10,0,FALLBACK,-0.3907,0.100,1.1439,2,none
58.637,1173,-0.38958,-0.31761,0.11910,1,10,0,FALLBACK,1.0000,0.100,1.1419,2,none
58.688,1174,-0.52262,-0.28414,0.09229,1,10,0,FALLBACK,1.0000,0.100,1.1172,2,none
58.738,1175,-0.59424,-0.30372,0.12234,1,10,0,FALLBACK,1.0000,0.100,1.1025,2,none
58.788,1176,-0.48927,-0.50479,0.12982,1,10,0,FALLBACK,0.4215,0.100,1.1000,2,none
58.841,1177,-0.61832,-0.75731,0.11994,1,10,0,FALLBACK,1.0000,0.100,1.1030,2,none
58.890,1178,-0.73572,-0.82238,0.11430,1,10,0,FALLBACK,1.0000,0.100,1.0929,2,none
58.939,1179,-0.80843,-0.73972,0.10143,1,10,0,FALLBACK,1.0000,0.100,1.0886,2,none
58.989,1180,-0.84838,-0.74252,0.09327,1,10,0,FALLBACK,1.0000,0.100,1.0868,2,none
59.039,1181,-0.70527,-0.81736,0.07103,1,10,0,FALLBACK,1.0000,0.100,1.0852,2,none
59.087,1182,-0.79780,-0.83666,0.07436,1,10,0,FALLBACK,1.0000,0.100,1.0836,2,none
59.138,1183,-0.85893,-0.83760,0.10147,1,10,0,FALLBACK,1.0000,0.100,1.0820,2,none
59.190,1184,-0.88845,-0.66441,0.06328,1,10,0,FALLBACK,1.0000,0.100,1.0804,2,none
59.240,1185,-0.88637,-0.58699,0.11294,1,10,0,FALLBACK,1.0000,0.100,1.0789,2,none
59.273,1186,-0.68273,-0.63695,0.09757,1,10,0,FALLBACK,0.8954,0.100,1.0773,2,none
59.323,1187,-0.73705,-0.63139,0.10441,1,10,0,FALLBACK,1.0000,0.100,1.0782,2,none
59.373,1188,-0.76326,-0.50760,0.12440,1,10,0,FALLBACK,1.0000,0.100,1.0755,2,none
59.424,1189,-0.75563,-0.38397,0.10382,1,10,0,FALLBACK,1.0000,0.100,1.0736,2,none
59.476,1190,-0.71671,-0.39094,0.09951,1,10,0,FALLBACK,1.0000,0.100,1.0722,2,none
59.525,1191,-0.64698,-0.42298,0.13013,1,10,0,FALLBACK,1.0000,0.100,1.0708,2,none
59.576,1192,-0.47875,-0.46362,0.11911,1,10,0,FALLBACK,0.0527,0.100,1.0694,2,none
59.626,1193,-0.48842,-0.30467,0.11563,1,10,0,FALLBACK,0.9904,0.100,1.0685,2,none
59.674,1194,-0.48840,-0.16198,0.12698,1,10,0,FALLBACK,0.9419,0.100,1.0496,2,none
59.724,1195,-0.44311,-0.18207,0.12051,1,10,0,FALLBACK,0.4891,0.100,1.0479,2,none
59.775,1196,-0.38304,-0.20197,0.12363,1,10,0,FALLBACK,0.1149,0.100,1.0523,2,none
59.824,1197,-0.25539,-0.27727,0.12654,1,10,0,FALLBACK,-0.8613,0.100,1.0551,2,none
59.874,1198,-0.33812,-0.44708,0.15154,1,10,0,FALLBACK,0.6043,0.100,1.0367,2,none
59.926,1199,-0.43036,-0.33647,0.10936,1,10,0,FALLBACK,1.0000,0.100,1.0155,2,none
59.975,1200,-0.46617,-0.21084,0.09007,1,10,0,FALLBACK,1.0000,0.100,1.0045,2,none
60.025,1201,-0.46585,-0.35677,0.11324,1,10,0,FALLBACK,0.8276,0.100,1.0036,2,none
60.076,1202,-0.34772,-0.46704,0.12292,1,10,0,FALLBACK,-0.3520,0.100,1.0062,2,none
60.127,1203,-0.42903,-0.49119,0.11801,1,10,0,FALLBACK,1.0000,0.100,0.9982,2,none
60.175,1204,-0.52760,-0.50891,0.13741,1,10,0,FALLBACK,1.0000,0.100,0.9752,2,none
60.227,1205,-0.57070,-0.40535,0.14442,1,10,0,FALLBACK,1.0000,0.100,0.9673,2,none
60.275,1206,-0.58559,-0.40349,0.11899,1,10,0,FALLBACK,1.0000,0.100,0.9676,2,none
60.326,1207,-0.42978,-0.53082,0.09654,1,10,0,FALLBACK,-0.1302,0.100,0.9680,2,none
60.376,1208,-0.52532,-0.62784,0.08510,1,10,0,FALLBACK,1.0000,0.100,0.9630,2,none
60.426,1209,-0.61693,-0.61923,0.09115,1,10,0,FALLBACK,1.0000,0.100,0.9423,2,none
60.478,1210,-0.66292,-0.58725,0.08360,1,10,0,FALLBACK,1.0000,0.100,0.9415,2,none
60.526,1211,-0.68456,-0.42617,0.10344,1,10,0,FALLBACK,1.0000,0.100,0.9423,2,none
60.579,1212,-0.68231,-0.43148,0.10854,1,10,0,FALLBACK,1.0000,0.100,0.9432,2,none
60.629,1213,-0.53581,-0.49019,0.09061,1,10,0,FALLBACK,0.4466,0.100,0.9440,2,none
60.676,1214,-0.60235,-0.55235,0.08840,1,10,0,FALLBACK,1.0000,0.100,0.9491,2,none
60.727,1215,-0.65215,-0.59845,0.09644,1,10,0,FALLBACK,1.0000,0.100,0.9406,2,none
60.776,1216,-0.66807,-0.66254,0.12588,1,10,0,FALLBACK,1.0000,0.100,0.9411,2,none
60.825,1217,-0.65990,-0.59961,0.07974,1,10,0,FALLBACK,1.0000,0.100,0.9419,2,none
60.878,1218,-0.62776,-0.64355,0.05267,1,10,0,FALLBACK,1.0000,0.100,0.9428,2,none
60.929,1219,-0.57166,-0.59588,0.09466,1,10,0,FALLBACK,1.0000,0.100,0.9437,2,none
60.980,1220,-0.49175,-0.50273,0.13297,1,10,0,FALLBACK,0.5592,0.100,0.9445,2,none
61.029,1221,-0.39970,-0.42459,0.09520,1,10,0,FALLBACK,0.0382,0.100,0.9499,2,none
61.079,1222,-0.31511,-0.29866,0.08085,1,10,0,FALLBACK,-0.3474,0.100,0.9525,2,none
61.129,1223,-0.24809,-0.22575,0.07339,1,10,0,FALLBACK,-0.5947,0.100,0.9528,2,none
61.178,1224,-0.20258,-0.24938,0.09383,1,10,0,FALLBACK,-0.7147,0.100,0.9526,2,none
61.228,1225,-0.17923,-0.17904,0.07882,1,10,0,FALLBACK,-0.7205,0.100,0.9531,2,none
61.278,1226,-0.17583,-0.13721,0.08473,1,10,0,FALLBACK,-0.6379,0.100,0.9551,2,none
61.329,1227,-0.18830,-0.15684,0.09677,1,10,0,FALLBACK,-0.4961,0.100,0.9582,2,none
61.380,1228,-0.21166,-0.27702,0.09166,1,10,0,FALLBACK,-0.3249,0.100,0.9619,2,none
61.426,1229,-0.24079,-0.27458,0.08116,1,10,0,FALLBACK,-0.1504,0.100,0.9657,2,none
61.479,1230,-0.27095,-0.29626,0.09366,1,10,0,FALLBACK,0.0055,0.100,0.9690,2,none
61.527,1231,-0.29822,-0.28904,0.08419,1,10,0,FALLBACK,0.1274,0.100,0.9719,2,none
61.579,1232,-0.31979,-0.40255,0.10351,1,10,0,FALLBACK,0.2068,0.100,0.9745,2,none
61.629,1233,-0.33404,-0.35733,0.10261,1,10,0,FALLBACK,0.2415,0.100,0.9771,2,none
61.678,1234,-0.34068,-0.28047,0.08131,1,10,0,FALLBACK,0.2366,0.100,0.9797,2,none
61.730,1235,-0.34047,-0.30718,0.09734,1,10,0,FALLBACK,0.2013,0.100,0.9825,2,none
61.779,1236,-0.33489,-0.31559,0.09826,1,10,0,FALLBACK,0.1465,0.100,0.9855,2,none
61.830,1237,-0.32582,-0.34987,0.10288,1,10,0,FALLBACK,0.0838,0.100,0.9885,2,none
61.879,1238,-0.31522,-0.20763,0.08498,1,10,0,FALLBACK,0.0231,0.100,0.9914,2,none
61.929,1239,-0.30485,-0.27978,0.10419,1,10,0,FALLBACK,-0.0276,0.100,0.9943,2,none
61.981,1240,-0.29603,-0.25563,0.12039,1,10,0,FALLBACK,-0.0639,0.100,0.9970,2,none
62.030,1241,-0.28967,-0.23998,0.11679,1,10,0,FALLBACK,-0.0835,0.100,0.9997,2,none
62.079,1242,-0.28612,-0.25408,0.10629,1,10,0,FALLBACK,-0.0871,0.100,1.0024,2,none
62.131,1243,-0.28529,-0.26850,0.09119,1,10,0,FALLBACK,-0.0777,0.100,1.0051,2,none
62.181,1244,-0.28671,-0.31422,0.09746,1,10,0,FALLBACK,-0.0594,0.100,1.0078,2,none
62.230,1245,-0.28989,-0.29218,0.09778,1,10,0,FALLBACK,-0.0347,0.100,1.0105,2,none
62.282,1246,-0.29377,-0.23313,0.10899,1,10,0,FALLBACK,-0.0117,0.100,1.0131,2,none
62.329,1247,-0.29767,-0.24721,0.08833,1,10,0,FALLBACK,0.0079,0.100,1.0157,2,none
62.380,1248,-0.30106,-0.24469,0.09645,1,10,0,FALLBACK,0.0222,0.100,1.0183,2,none
62.430,1249,-0.30354,-0.31726,0.10688,1,10,0,FALLBACK,0.0301,0.100,1.0208,2,none
62.482,1250,-0.30497,-0.25128,0.11164,1,10,0,FALLBACK,0.0319,0.100,1.0233,2,none
62.532,1251,-0.30534,-0.28849,0.09586,1,10,0,FALLBACK,0.0285,0.100,1.0258,2,none
62.581,1252,-0.30482,-0.22108,0.10291,1,10,0,FALLBACK,0.0215,0.100,1.0283,2,none
62.631,1253,-0.30368,-0.21449,0.11491,1,10,0,FALLBACK,0.0127,0.100,1.0307,2,none
62.681,1254,-0.30208,-0.29210,0.10082,1,10,0,FALLBACK,0.0025,0.100,1.0331,2,none
62.734,1255,-0.30051,-0.27264,0.09207,1,10,0,FALLBACK,-0.0054,0.100,1.0355,2,none
62.783,1256,-0.29922,-0.30113,0.09789,1,10,0,FALLBACK,-0.0104,0.100,1.0379,2,none
62.832,1257,-0.29832,-0.33301,0.09381,1,10,0,FALLBACK,-0.0129,0.100,1.0403,2,none
62.881,1258,-0.29782,-0.29080,0.10199,1,10,0,FALLBACK,-0.0134,0.100,1.0426,2,none
62.932,1259,-0.29776,-0.29198,0.08895,1,10,0,FALLBACK,-0.0115,0.100,1.0449,2,none
62.983,1260,-0.29806,-0.34046,0.10795,1,10,0,FALLBACK,-0.0082,0.100,1.0472,2,none
63.032,1261,-0.29858,-0.28894,0.11260,1,10,0,FALLBACK,-0.0045,0.100,1.0494,2,none
63.082,1262,-0.29921,-0.27209,0.09914,1,10,0,FALLBACK,-0.0008,0.100,1.0516,2,none
63.131,1263,-0.29988,-0.19227,0.09770,1,10,0,FALLBACK,0.0028,0.100,1.0539,2,none
63.182,1264,-0.30047,-0.20181,0.09938,1,10,0,FALLBACK,0.0053,0.100,1.0560,2,none
63.232,1265,-0.30089,-0.05678,0.11209,1,10,0,FALLBACK,0.0066,0.100,1.0582,2,none
63.281,1266,-0.30111,0.02500,0.09180,1,10,0,FALLBACK,0.0067,0.100,1.0603,2,none
63.332,1267,-0.30108,-0.08389,0.06727,1,10,0,FALLBACK,0.0052,0.100,1.0625,2,none
63.382,1268,-0.30085,-0.15489,0.09153,1,10,0,FALLBACK,0.0031,0.100,1.0646,2,none
63.435,1269,-0.26112,-0.28289,0.10748,1,10,0,FALLBACK,-0.3931,0.100,1.0666,2,none
63.484,1270,-0.34169,-0.30921,0.11117,1,10,0,FALLBACK,0.6114,0.100,1.0655,2,none
63.535,1271,-0.42649,-0.26201,0.09516,1,10,0,FALLBACK,1.0000,0.100,1.0536,2,none
63.584,1272,-0.46453,-0.28415,0.11229,1,10,0,FALLBACK,1.0000,0.100,1.0427,2,none
63.634,1273,-0.35412,-0.31055,0.12093,1,10,0,FALLBACK,-0.2814,0.100,1.0401,2,none
63.683,1274,-0.41243,-0.44647,0.11508,1,10,0,FALLBACK,0.8537,0.100,1.0310,2,none
63.736,1275,-0.48938,-0.42191,0.11606,1,10,0,FALLBACK,1.0000,0.100,1.0134,2,none
63.785,1276,-0.51612,-0.37555,0.10817,1,10,0,FALLBACK,1.0000,0.100,1.0061,2,none
63.834,1277,-0.51015,-0.35525,0.10537,1,10,0,FALLBACK,1.0000,0.100,1.0052,2,none
63.883,1278,-0.47685,-0.38092,0.11340,1,10,0,FALLBACK,0.7177,0.100,1.0050,2,none
63.933,1279,-0.37260,-0.30837,0.10949,1,10,0,FALLBACK,-0.1582,0.100,1.0086,2,none
63.985,1280,-0.38772,-0.25468,0.08854,1,10,0,FALLBACK,0.5142,0.100,1.0071,2,none
64.035,1281,-0.41463,-0.30662,0.08400,1,10,0,FALLBACK,0.7077,0.100,1.0022,2,none
64.086,1282,-0.41056,-0.35949,0.10650,1,10,0,FALLBACK,0.5325,0.100,0.9998,2,none
64.136,1283,-0.38509,-0.37572,0.10677,1,10,0,FALLBACK,0.2981,0.100,1.0025,2,none
64.186,1284,-0.29336,-0.45358,0.12287,1,10,0,FALLBACK,-0.4919,0.100,1.0061,2,none
64.235,1285,-0.34021,-0.48195,0.11306,1,10,0,FALLBACK,0.4353,0.100,1.0008,2,none
64.285,1286,-0.40230,-0.39330,0.13313,1,10,0,FALLBACK,0.8220,0.100,0.9932,2,none
64.335,1287,-0.42649,-0.41621,0.13670,1,10,0,FALLBACK,0.7534,0.100,0.9866,2,none
64.386,1288,-0.42025,-0.40739,0.13379,1,10,0,FALLBACK,0.5700,0.100,0.9875,2,none
64.434,1289,-0.32451,-0.38866,0.12193,1,10,0,FALLBACK,-0.3562,0.100,0.9910,2,none
64.487,1290,-0.37470,-0.45313,0.12321,1,10,0,FALLBACK,0.6244,0.100,0.9864,2,none
64.536,1291,-0.43878,-0.38722,0.15403,1,10,0,FALLBACK,1.0000,0.100,0.9756,2,none
64.587,1292,-0.45915,-0.33271,0.14390,1,10,0,FALLBACK,0.8975,0.100,0.9670,2,none
64.637,1293,-0.44591,-0.49103,0.15485,1,10,0,FALLBACK,0.6634,0.100,0.9678,2,none
64.686,1294,-0.32014,-0.50481,0.12066,1,10,0,FALLBACK,-0.5281,0.100,0.9719,2,none
64.739,1295,-0.36213,-0.48455,0.15407,1,10,0,FALLBACK,0.5206,0.100,0.9615,2,none
64.786,1296,-0.42735,-0.56834,0.18810,1,10,0,FALLBACK,0.9629,0.100,0.9510,2,none
64.836,1297,-0.45036,-0.38708,0.11683,1,10,0,FALLBACK,0.8669,0.100,0.9422,2,none
64.886,1298,-0.44029,-0.40925,0.12258,1,10,0,FALLBACK,0.6511,0.100,0.9433,2,none
64.937,1299,-0.41492,-0.48562,0.10746,1,10,0,FALLBACK,0.4478,0.100,0.9475,2,none
64.988,1300,-0.32196,-0.44039,0.09383,1,10,0,FALLBACK,-0.3550,0.100,0.9519,2,none
65.037,1301,-0.36134,-0.60432,0.11163,1,10,0,FALLBACK,0.5036,0.100,0.9494,2,none
65.088,1302,-0.41276,-0.52902,0.12294,1,10,0,FALLBACK,0.8209,0.100,0.9426,2,none
65.138,1303,-0.42832,-0.55817,0.12538,1,10,0,FALLBACK,0.7194,0.100,0.9381,2,none
65.188,1304,-0.41795,-0.50238,0.13515,1,10,0,FALLBACK,0.5379,0.100,0.9404,2,none
65.239,1305,-0.39281,-0.46177,0.16950,1,10,0,FALLBACK,0.3383,0.100,0.9437,2,none
65.287,1306,-0.35899,-0.50235,0.18220,1,10,0,FALLBACK,0.1259,0.100,0.9479,2,none
65.337,1307,-0.32530,-0.41550,0.14609,1,10,0,FALLBACK,-0.0419,0.100,0.9519,2,none
65.385,1308,-0.29633,-0.43669,0.12841,1,10,0,FALLBACK,-0.1632,0.100,0.9550,2,none
65.437,1309,-0.27374,-0.34914,0.13541,1,10,0,FALLBACK,-0.2442,0.100,0.9577,2,none
65.488,1310,-0.25907,-0.33904,0.13852,1,10,0,FALLBACK,-0.2780,0.100,0.9604,2,none
65.538,1311,-0.25284,-0.33251,0.12636,1,10,0,FALLBACK,-0.2670,0.100,0.9632,2,none
65.588,1312,-0.25445,-0.41972,0.15957,1,10,0,FALLBACK,-0.2197,0.100,0.9662,2,none
65.637,1313,-0.26203,-0.58922,0.14174,1,10,0,FALLBACK,-0.1520,0.100,0.9693,2,none
65.687,1314,-0.27329,-0.49173,0.15972,1,10,0,FALLBACK,-0.0773,0.100,0.9724,2,none
65.739,1315,-0.28600,-0.53001,0.16635,1,10,0,FALLBACK,-0.0064,0.100,0.9755,2,none
65.788,1316,-0.32031,-0.54823,0.12259,1,10,0,FALLBACK,0.2731,0.100,0.9785,2,none
65.837,1317,-0.29229,-0.50844,0.13616,1,10,0,FALLBACK,-0.1786,0.100,0.9798,2,none
65.887,1318,-0.25903,-0.46895,0.12919,1,10,0,FALLBACK,-0.3712,0.100,0.9808,2,none
65.939,1319,-0.23921,-0.55733,0.13315,1,10,0,FALLBACK,-0.4030,0.100,0.9832,2,none
65.986,1320,-0.23201,-0.55359,0.10574,1,10,0,FALLBACK,-0.3760,0.100,0.9845,2,none
66.038,1321,-0.26124,-0.44974,0.10958,1,10,0,FALLBACK,-0.0477,0.100,0.9867,2,none
66.086,1322,-0.24195,-0.39217,0.12211,1,10,0,FALLBACK,-0.3866,0.100,0.9895,2,none
66.140,1323,-0.22279,-0.35070,0.10684,1,10,0,FALLBACK,-0.4818,0.100,0.9902,2,none
66.188,1324,-0.22108,-0.31819,0.11745,1,10,0,FALLBACK,-0.4032,0.100,0.9914,2,none
66.239,1325,-0.23345,-0.42357,0.14472,1,10,0,FALLBACK,-0.2709,0.100,0.9940,2,none
66.290,1326,-0.27625,-0.43127,0.11002,1,10,0,FALLBACK,0.0953,0.100,0.9972,2,none
66.339,1327,-0.25954,-0.41816,0.09555,1,10,0,FALLBACK,-0.2858,0.100,0.9990,2,none
66.387,1328,-0.23935,-0.38085,0.13352,1,10,0,FALLBACK,-0.4042,0.100,0.9995,2,none
66.440,1329,-0.23636,-0.39057,0.10232,1,10,0,FALLBACK,-0.3332,0.100,1.0006,2,none
66.492,1330,-0.24616,-0.53006,0.09502,1,10,0,FALLBACK,-0.2202,0.100,1.0032,2,none
66.524,1331,-0.28311,-0.44058,0.07718,1,10,0,FALLBACK,0.1003,0.100,1.0062,2,none
66.576,1332,-0.25891,-0.38528,0.05665,1,10,0,FALLBACK,-0.3264,0.100,1.0077,2,none
66.626,1333,-0.23873,-0.40123,0.07679,1,10,0,FALLBACK,-0.4072,0.100,1.0072,2,none
66.673,1334,-0.23645,-0.31961,0.06657,1,10,0,FALLBACK,-0.3292,0.100,1.0088,2,none
66.725,1335,-0.24496,-0.34213,0.08161,1,10,0,FALLBACK,-0.2326,0.100,1.0116,2,none
66.775,1336,-0.27656,-0.26772,0.09903,1,10,0,FALLBACK,0.0407,0.100,1.0144,2,none
66.824,1337,-0.25274,-0.36808,0.08676,1,10,0,FALLBACK,-0.3554,0.100,1.0164,2,none
66.873,1338,-0.23462,-0.30619,0.09735,1,10,0,FALLBACK,-0.4175,0.100,1.0159,2,none
66.926,1339,-0.23441,-0.40658,0.09130,1,10,0,FALLBACK,-0.3290,0.100,1.0174,2,none
66.978,1340,-0.29314,-0.32453,0.08254,1,10,0,FALLBACK,0.2594,0.100,1.0201,2,none
67.025,1341,-0.25969,-0.36835,0.08139,1,10,0,FALLBACK,-0.3688,0.100,1.0182,2,none
67.077,1342,-0.22713,-0.23100,0.10872,1,10,0,FALLBACK,-0.5272,0.100,1.0152,2,none
67.128,1343,-0.21940,-0.26849,0.09948,1,10,0,FALLBACK,-0.4416,0.100,1.0154,2,none
67.177,1344,-0.22712,-0.23735,0.08931,1,10,0,FALLBACK,-0.3259,0.100,1.0180,2,none
67.226,1345,-0.28641,-0.18625,0.09371,1,10,0,FALLBACK,0.2286,0.100,1.0209,2,none
67.276,1346,-0.25853,-0.25616,0.10275,1,10,0,FALLBACK,-0.3468,0.100,1.0196,2,none
67.328,1347,-0.23153,-0.26843,0.12077,1,10,0,FALLBACK,-0.4774,0.100,1.0174,2,none
67.377,1348,-0.22706,-0.19979,0.12466,1,10,0,FALLBACK,-0.3871,0.100,1.0181,2,none
67.427,1349,-0.23611,-0.24447,0.10653,1,10,0,FALLBACK,-0.2742,0.100,1.0207,2,none
67.478,1350,-0.29009,-0.31012,0.11340,1,10,0,FALLBACK,0.2203,0.100,1.0236,2,none
67.526,1351,-0.26225,-0.32830,0.10778,1,10,0,FALLBACK,-0.3279,0.100,1.0229,2,none
67.578,1352,-0.23576,-0.27909,0.11529,1,10,0,FALLBACK,-0.4537,0.100,1.0211,2,none
67.627,1353,-0.23071,-0.28706,0.10184,1,10,0,FALLBACK,-0.3717,0.100,1.0219,2,none
67.678,1354,-0.23873,-0.28698,0.11592,1,10,0,FALLBACK,-0.2663,0.100,1.0245,2,none
67.728,1355,-0.28580,-0.37745,0.13197,1,10,0,FALLBACK,0.1644,0.100,1.0272,2,none
67.778,1356,-0.25856,-0.41219,0.12928,1,10,0,FALLBACK,-0.3434,0.100,1.0275,2,none
67.826,1357,-0.23418,-0.48579,0.15207,1,10,0,FALLBACK,-0.4510,0.100,1.0259,2,none
67.878,1358,-0.23059,-0.43971,0.12633,1,10,0,FALLBACK,-0.3650,0.100,1.0268,2,none
67.927,1359,-0.23972,-0.38870,0.11602,1,10,0,FALLBACK,-0.2557,0.100,1.0294,2,none
67.978,1360,-0.28095,-0.35161,0.11420,1,10,0,FALLBACK,0.1109,0.100,1.0321,2,none
68.027,1361,-0.25591,-0.34117,0.10840,1,10,0,FALLBACK,-0.3457,0.100,1.0331,2,none
68.078,1362,-0.23485,-0.30196,0.12392,1,10,0,FALLBACK,-0.4311,0.100,1.0319,2,none
68.129,1363,-0.23331,-0.29551,0.11767,1,10,0,FALLBACK,-0.3411,0.100,1.0330,2,none
68.178,1364,-0.24359,-0.31395,0.14419,1,10,0,FALLBACK,-0.2307,0.100,1.0355,2,none
68.229,1365,-0.27756,-0.38920,0.11420,1,10,0,FALLBACK,0.0576,0.100,1.0382,2,none
68.279,1366,-0.25441,-0.27024,0.16720,1,10,0,FALLBACK,-0.3437,0.100,1.0398,2,none
68.328,1367,-0.23215,-0.33904,0.11963,1,10,0,FALLBACK,-0.4505,0.100,1.0395,2,none
68.378,1368,-0.23106,-0.34305,0.10879,1,10,0,FALLBACK,-0.3502,0.100,1.0397,2,none
68.431,1369,-0.28822,-0.37245,0.12542,1,10,0,FALLBACK,0.2269,0.100,1.0422,2,none
68.478,1370,-0.25618,-0.44986,0.11462,1,10,0,FALLBACK,-0.3793,0.100,1.0405,2,none
68.528,1371,-0.22546,-0.47059,0.10168,1,10,0,FALLBACK,-0.5263,0.100,1.0373,2,none
68.580,1372,-0.21967,-0.39007,0.12777,1,10,0,FALLBACK,-0.4306,0.100,1.0373,2,none
68.627,1373,-0.22948,-0.35531,0.12980,1,10,0,FALLBACK,-0.3036,0.100,1.0397,2,none
68.678,1374,-0.28399,-0.40203,0.11517,1,10,0,FALLBACK,0.1925,0.100,1.0424,2,none
68.728,1375,-0.27103,-0.38425,0.12850,1,10,0,FALLBACK,-0.2096,0.100,1.0434,2,none
68.780,1376,-0.24624,-0.37927,0.14221,1,10,0,FALLBACK,-0.3928,0.100,1.0423,2,none
68.830,1377,-0.23417,-0.38921,0.11398,1,10,0,FALLBACK,-0.3895,0.100,1.0437,2,none
68.878,1378,-0.23855,-0.38109,0.13236,1,10,0,FALLBACK,-0.2853,0.100,1.0448,2,none
68.929,1379,-0.27998,-0.40317,0.11032,1,10,0,FALLBACK,0.1070,0.100,1.0473,2,none
68.980,1380,-0.25344,-0.37466,0.12022,1,10,0,FALLBACK,-0.3655,0.100,1.0481,2,none
69.030,1381,-0.23105,-0.31334,0.14147,1,10,0,FALLBACK,-0.4566,0.100,1.0463,2,none
69.081,1382,-0.22953,-0.30307,0.12952,1,10,0,FALLBACK,-0.3600,0.100,1.0471,2,none
69.130,1383,-0.24084,-0.21963,0.09177,1,10,0,FALLBACK,-0.2393,0.100,1.0495,2,none
69.180,1384,-0.27535,-0.19291,0.09064,1,10,0,FALLBACK,0.0493,0.100,1.0520,2,none
69.230,1385,-0.25340,-0.18881,0.07876,1,10,0,FALLBACK,-0.3427,0.100,1.0536,2,none
69.280,1386,-0.23665,-0.21393,0.08593,1,10,0,FALLBACK,-0.4005,0.100,1.0527,2,none
69.330,1387,-0.23797,-0.14328,0.10521,1,10,0,FALLBACK,-0.3036,0.100,1.0539,2,none
69.380,1388,-0.25002,-0.20820,0.11780,1,10,0,FALLBACK,-0.1896,0.100,1.0563,2,none
69.430,1389,-0.26683,-0.29292,0.12562,1,10,0,FALLBACK,-0.0818,0.100,1.0587,2,none
69.482,1390,-0.28484,-0.30905,0.10970,1,10,0,FALLBACK,0.0143,0.100,1.0609,2,none
69.530,1391,-0.30121,-0.32941,0.11428,1,10,0,FALLBACK,0.0879,0.100,1.0629,2,none
69.579,1392,-0.31375,-0.27236,0.12040,1,10,0,FALLBACK,0.1315,0.100,1.0648,2,none
69.632,1393,-0.32128,-0.28772,0.10969,1,10,0,FALLBACK,0.1440,0.100,1.0667,2,none
69.680,1394,-0.32366,-0.29736,0.13110,1,10,0,FALLBACK,0.1302,0.100,1.0686,2,none
69.731,1395,-0.32164,-0.34402,0.15565,1,10,0,FALLBACK,0.0981,0.100,1.0706,2,none
69.781,1396,-0.31652,-0.32518,0.16100,1,10,0,FALLBACK,0.0570,0.100,1.0727,2,none
69.828,1397,-0.30981,-0.38155,0.15494,1,10,0,FALLBACK,0.0155,0.100,1.0747,2,none
69.879,1398,-0.30294,-0.42242,0.15534,1,10,0,FALLBACK,-0.0197,0.100,1.0767,2,none
69.931,1399,-0.29708,-0.38361,0.13228,1,10,0,FALLBACK,-0.0439,0.100,1.0787,2,none
69.981,1400,-0.29298,-0.37843,0.10337,1,10,0,FALLBACK,-0.0556,0.100,1.0806,2,none
70.032,1401,-0.29094,-0.32913,0.11907,1,10,0,FALLBACK,-0.0555,0.100,1.0825,2,none
70.080,1402,-0.29086,-0.26499,0.12161,1,10,0,FALLBACK,-0.0461,0.100,1.0844,2,none
70.129,1403,-0.29234,-0.33130,0.11149,1,10,0,FALLBACK,-0.0309,0.100,1.0863,2,none
70.182,1404,-0.29480,-0.31736,0.10097,1,10,0,FALLBACK,-0.0137,0.100,1.0881,2,none
70.230,1405,-0.29760,-0.39524,0.09086,1,10,0,FALLBACK,0.0020,0.100,1.0899,2,none
70.282,1406,-0.30019,-0.41238,0.11192,1,10,0,FALLBACK,0.0139,0.100,1.0918,2,none
70.331,1407,-0.30218,-0.37822,0.08997,1,10,0,FALLBACK,0.0208,0.100,1.0935,2,none
70.380,1408,-0.30334,-0.11063,0.10088,1,10,0,FALLBACK,0.0226,0.100,1.0953,2,none
70.430,1409,-0.30367,-0.02613,0.08715,1,10,0,FALLBACK,0.0200,0.100,1.0971,2,none
70.480,1410,-0.30327,-0.07849,0.09684,1,10,0,FALLBACK,0.0143,0.100,1.0988,2,none
70.531,1411,-0.30238,-0.21168,0.10628,1,10,0,FALLBACK,0.0075,0.100,1.1006,2,none
70.580,1412,-0.25743,-0.29553,0.09182,1,10,0,FALLBACK,-0.4376,0.100,1.1023,2,none
70.629,1413,-0.38256,-0.39619,0.09585,1,10,0,FALLBACK,1.0000,0.100,1.0991,2,none
70.680,1414,-0.49871,-0.31015,0.10012,1,10,0,FALLBACK,1.0000,0.100,1.0677,2,none
70.731,1415,-0.55539,-0.34385,0.08856,1,10,0,FALLBACK,1.0000,0.100,1.0604,2,none
70.781,1416,-0.42474,-0.46696,0.08639,1,10,0,FALLBACK,-0.0295,0.100,1.0590,2,none
70.830,1417,-0.55454,-0.59309,0.09511,1,10,0,FALLBACK,1.0000,0.100,1.0561,2,none
70.882,1418,-0.67635,-0.68927,0.09211,1,10,0,FALLBACK,1.0000,0.100,1.0353,2,none
70.931,1419,-0.74997,-0.68622,0.07131,1,10,0,FALLBACK,1.0000,0.100,1.0324,2,none
70.982,1420,-0.79433,-0.65156,0.04796,1,10,0,FALLBACK,1.0000,0.100,1.0316,2,none
71.033,1421,-0.81003,-0.82512,0.08301,1,10,0,FALLBACK,1.0000,0.100,1.0310,2,none
71.085,1422,-0.71415,-0.83582,0.08897,1,10,0,FALLBACK,1.0000,0.100,1.0304,2,none
71.136,1423,-0.77969,-0.87852,0.13268,1,10,0,FALLBACK,1.0000,0.100,1.0297,2,none
71.185,1424,-0.81669,-0.75147,0.09149,1,10,0,FALLBACK,1.0000,0.100,1.0291,2,none
71.232,1425,-0.82503,-0.65581,0.10077,1,10,0,FALLBACK,1.0000,0.100,1.0285,2,none
71.286,1426,-0.80474,-0.75837,0.08833,1,10,0,FALLBACK,1.0000,0.100,1.0279,2,none
71.336,1427,-0.63417,-0.74797,0.07735,1,10,0,FALLBACK,0.8180,0.100,1.0274,2,none
71.386,1428,-0.66726,-0.76539,0.07765,1,10,0,FALLBACK,1.0000,0.100,1.0297,2,none
71.436,1429,-0.67778,-0.75706,0.09451,1,10,0,FALLBACK,1.0000,0.100,1.0272,2,none
71.486,1430,-0.65555,-0.63751,0.08727,1,10,0,FALLBACK,1.0000,0.100,1.0259,2,none
71.537,1431,-0.60471,-0.54432,0.11883,1,10,0,FALLBACK,1.0000,0.100,1.0254,2,none
71.587,1432,-0.37405,-0.58364,0.12958,1,10,0,FALLBACK,-0.7830,0.100,1.0248,2,none
71.637,1433,-0.38983,-0.67288,0.15294,1,10,0,FALLBACK,0.5280,0.100,1.0065,2,none
71.689,1434,-0.45842,-0.59206,0.15932,1,10,0,FALLBACK,1.0000,0.100,0.9890,2,none
71.736,1435,-0.49557,-0.42185,0.13312,1,10,0,FALLBACK,1.0000,0.100,0.9705,2,none
71.788,1436,-0.48608,-0.33495,0.11416,1,10,0,FALLBACK,0.8829,0.100,0.9646,2,none
71.837,1437,-0.45103,-0.38113,0.14210,1,10,0,FALLBACK,0.5799,0.100,0.9669,2,none
71.891,1438,-0.31100,-0.37203,0.14488,1,10,0,FALLBACK,-0.6452,0.100,0.9715,2,none
71.938,1439,-0.35489,-0.43904,0.17408,1,10,0,FALLBACK,0.4939,0.100,0.9744,2,none
71.990,1440,-0.42419,-0.36035,0.17240,1,10,0,FALLBACK,0.9675,0.100,0.9579,2,none
72.040,1441,-0.48447,-0.31795,0.12773,1,10,0,FALLBACK,1.0000,0.100,0.9471,2,none
72.090,1442,-0.50004,-0.39825,0.12725,1,10,0,FALLBACK,1.0000,0.100,0.9379,2,none
72.122,1443,-0.33919,-0.49059,0.10228,1,10,0,FALLBACK,-0.6083,0.100,0.9379,2,none
72.175,1444,-0.42739,-0.49428,0.12289,1,10,0,FALLBACK,1.0000,0.100,0.9150,2,none
72.225,1445,-0.52729,-0.57510,0.11992,1,10,0,FALLBACK,1.0000,0.100,0.8864,2,none
72.276,1446,-0.57461,-0.39194,0.13437,1,10,0,FALLBACK,1.0000,0.100,0.8859,2,none
72.326,1447,-0.59955,-0.36593,0.13070,1,10,0,FALLBACK,1.0000,0.100,0.8876,2,none
72.373,1448,-0.60341,-0.40797,0.13308,1,10,0,FALLBACK,1.0000,0.100,0.8893,2,none
72.427,1449,-0.43837,-0.51230,0.11375,1,10,0,FALLBACK,-0.1334,0.100,0.8910,2,none
72.476,1450,-0.51829,-0.59270,0.09862,1,10,0,FALLBACK,1.0000,0.100,0.8861,2,none
72.526,1451,-0.59468,-0.62233,0.09864,1,10,0,FALLBACK,1.0000,0.100,0.8674,2,none
72.576,1452,-0.62932,-0.52248,0.11358,1,10,0,FALLBACK,1.0000,0.100,0.8687,2,none
72.625,1453,-0.64349,-0.44735,0.11990,1,10,0,FALLBACK,1.0000,0.100,0.8706,2,none
72.674,1454,-0.63724,-0.49451,0.09903,1,10,0,FALLBACK,1.0000,0.100,0.8726,2,none
72.727,1455,-0.44642,-0.52411,0.09248,1,10,0,FALLBACK,-0.2220,0.100,0.8746,2,none
72.777,1456,-0.51711,-0.59924,0.08163,1,10,0,FALLBACK,1.0000,0.100,0.8670,2,none
72.825,1457,-0.58687,-0.68970,0.08450,1,10,0,FALLBACK,1.0000,0.100,0.8468,2,none
72.874,1458,-0.61387,-0.70203,0.13251,1,10,0,FALLBACK,1.0000,0.100,0.8486,2,none
72.927,1459,-0.62129,-0.67368,0.12537,1,10,0,FALLBACK,1.0000,0.100,0.8509,2,none
72.976,1460,-0.60922,-0.66856,0.10354,1,10,0,FALLBACK,1.0000,0.100,0.8532,2,none
73.024,1461,-0.57740,-0.59922,0.07872,1,10,0,FALLBACK,1.0000,0.100,0.8554,2,none
73.078,1462,-0.52577,-0.59586,0.10360,1,10,0,FALLBACK,0.8707,0.100,0.8576,2,none
73.126,1463,-0.45759,-0.50297,0.11404,1,10,0,FALLBACK,0.4470,0.100,0.8619,2,none
73.174,1464,-0.38476,-0.37159,0.12056,1,10,0,FALLBACK,0.0597,0.100,0.8675,2,none
73.226,1465,-0.31909,-0.35127,0.12611,1,10,0,FALLBACK,-0.2329,0.100,0.8715,2,none
73.276,1466,-0.26531,-0.28677,0.15196,1,10,0,FALLBACK,-0.4424,0.100,0.8743,2,none
73.326,1467,-0.22612,-0.31862,0.14871,1,10,0,FALLBACK,-0.5654,0.100,0.8765,2,none
73.376,1468,-0.20263,-0.29853,0.14040,1,10,0,FALLBACK,-0.6043,0.100,0.8788,2,none
73.428,1469,-0.19405,-0.28062,0.16077,1,10,0,FALLBACK,-0.5726,0.100,0.8818,2,none
73.479,1470,-0.19818,-0.29571,0.14694,1,10,0,FALLBACK,-0.4885,0.100,0.8854,2,none
73.527,1471,-0.21200,-0.35802,0.15153,1,10,0,FALLBACK,-0.3709,0.100,0.8895,2,none
73.578,1472,-0.23216,-0.26953,0.14477,1,10,0,FALLBACK,-0.2383,0.100,0.8938,2,none
73.626,1473,-0.25535,-0.25433,0.12486,1,10,0,FALLBACK,-0.1073,0.100,0.8979,2,none
73.677,1474,-0.27853,-0.34085,0.13039,1,10,0,FALLBACK,0.0086,0.100,0.9018,2,none
73.726,1475,-0.29926,-0.32934,0.10829,1,10,0,FALLBACK,0.0999,0.100,0.9055,2,none
73.778,1476,-0.31576,-0.37558,0.13684,1,10,0,FALLBACK,0.1613,0.100,0.9089,2,none
73.830,1477,-0.32705,-0.44237,0.13449,1,10,0,FALLBACK,0.1917,0.100,0.9123,2,none
73.877,1478,-0.33291,-0.42520,0.12551,1,10,0,FALLBACK,0.1939,0.100,0.9158,2,none
73.928,1479,-0.33379,-0.51915,0.15738,1,10,0,FALLBACK,0.1733,0.100,0.9193,2,none
73.979,1480,-0.33058,-0.48148,0.17021,1,10,0,FALLBACK,0.1369,0.100,0.9228,2,none
74.031,1481,-0.32448,-0.38129,0.12533,1,10,0,FALLBACK,0.0919,0.100,0.9264,2,none
74.079,1482,-0.31679,-0.40774,0.13453,1,10,0,FALLBACK,0.0454,0.100,0.9299,2,none
74.131,1483,-0.30871,-0.39066,0.12917,1,10,0,FALLBACK,0.0031,0.100,0.9334,2,none
74.180,1484,-0.30056,-0.33416,0.11975,1,10,0,FALLBACK,-0.0379,0.100,0.9368,2,none
74.229,1485,-0.29419,-0.40775,0.12432,1,10,0,FALLBACK,-0.0609,0.100,0.9402,2,none
74.279,1486,-0.29004,-0.24036,0.12955,1,10,0,FALLBACK,-0.0706,0.100,0.9435,2,none
74.327,1487,-0.28797,-0.31880,0.11900,1,10,0,FALLBACK,-0.0705,0.100,0.9468,2,none
74.380,1488,-0.28780,-0.25921,0.12162,1,10,0,FALLBACK,-0.0619,0.100,0.9501,2,none
74.430,1489,-0.28917,-0.31049,0.12156,1,10,0,FALLBACK,-0.0473,0.100,0.9533,2,none
74.482,1490,-0.29160,-0.27919,0.10461,1,10,0,FALLBACK,-0.0298,0.100,0.9565,2,none
74.531,1491,-0.29458,-0.32642,0.09316,1,10,0,FALLBACK,-0.0122,0.100,0.9597,2,none
74.582,1492,-0.29760,-0.36120,0.11067,1,10,0,FALLBACK,0.0031,0.100,0.9628,2,none
74.631,1493,-0.30029,-0.27154,0.10270,1,10,0,FALLBACK,0.0149,0.100,0.9659,2,none
74.680,1494,-0.30236,-0.36558,0.14160,1,10,0,FALLBACK,0.0221,0.100,0.9690,2,none
74.731,1495,-0.30379,-0.34097,0.13216,1,10,0,FALLBACK,0.0262,0.100,0.9721,2,none
74.780,1496,-0.30450,-0.34113,0.13966,1,10,0,FALLBACK,0.0260,0.100,0.9751,2,none
74.831,1497,-0.30445,-0.34074,0.14030,1,10,0,FALLBACK,0.0220,0.100,0.9780,2,none
74.881,1498,-0.30367,-0.40652,0.15230,1,10,0,FALLBACK,0.0145,0.100,0.9810,2,none
74.929,1499,-0.30248,-0.40640,0.16596,1,10,0,FALLBACK,0.0064,0.100,0.9839,2,none
74.982,1500,-0.30124,-0.38144,0.15938,1,10,0,FALLBACK,0.0000,0.100,0.9868,2,none
75.029,1501,-0.30011,-0.40568,0.17087,1,10,0,FALLBACK,-0.0051,0.100,0.9897,2,none
75.079,1502,-0.29919,-0.43085,0.14630,1,10,0,FALLBACK,-0.0086,0.100,0.9925,2,none
75.132,1503,-0.29857,-0.37911,0.14068,1,10,0,FALLBACK,-0.0103,0.100,0.9953,2,none
75.181,1504,-0.29827,-0.40341,0.16892,1,10,0,FALLBACK,-0.0102,0.100,0.9981,2,none
75.229,1505,-0.29826,-0.43509,0.13229,1,10,0,FALLBACK,-0.0087,0.100,1.0009,2,none
75.280,1506,-0.29849,-0.39827,0.11124,1,10,0,FALLBACK,-0.0064,0.100,1.0036,2,none
75.329,1507,-0.29888,-0.33938,0.12581,1,10,0,FALLBACK,-0.0037,0.100,1.0063,2,none
75.380,1508,-0.29933,-0.30732,0.11564,1,10,0,FALLBACK,-0.0011,0.100,1.0090,2,none
75.429,1509,-0.29977,-0.26813,0.10355,1,10,0,FALLBACK,0.0011,0.100,1.0116,2,none
75.481,1510,-0.30014,-0.16427,0.07394,1,10,0,FALLBACK,0.0026,0.100,1.0142,2,none
75.531,1511,-0.30040,-0.07912,0.08982,1,10,0,FALLBACK,0.0033,0.100,1.0168,2,none
75.581,1512,-0.30054,-0.07483,0.08357,1,10,0,FALLBACK,0.0034,0.100,1.0194,2,none
75.630,1513,-0.30055,-0.17495,0.11296,1,10,0,FALLBACK,0.0029,0.100,1.0219,2,none
75.681,1514,-0.30048,-0.30242,0.14075,1,10,0,FALLBACK,0.0020,0.100,1.0244,2,none
75.733,1515,-0.24806,-0.29656,0.14134,1,10,0,FALLBACK,-0.5218,0.100,1.0269,2,none
75.782,1516,-0.34048,-0.38445,0.13456,1,10,0,FALLBACK,0.6645,0.100,1.0229,2,none
75.834,1517,-0.42739,-0.35208,0.12129,1,10,0,FALLBACK,1.0000,0.100,1.0057,2,none
75.881,1518,-0.46405,-0.35714,0.10666,1,10,0,FALLBACK,1.0000,0.100,0.9972,2,none
75.932,1519,-0.46691,-0.36579,0.10738,1,10,0,FALLBACK,0.8488,0.100,0.9966,2,none
75.980,1520,-0.37986,-0.38171,0.13322,1,10,0,FALLBACK,-0.0359,0.100,0.9994,2,none
76.033,1521,-0.43992,-0.34218,0.13631,1,10,0,FALLBACK,0.9999,0.100,0.9982,2,none
76.084,1522,-0.49031,-0.31518,0.11366,1,10,0,FALLBACK,1.0000,0.100,0.9783,2,none
76.134,1523,-0.49483,-0.31172,0.10956,1,10,0,FALLBACK,0.9968,0.100,0.9768,2,none
76.187,1524,-0.47311,-0.35817,0.11947,1,10,0,FALLBACK,0.7570,0.100,0.9771,2,none
76.233,1525,-0.33883,-0.34237,0.11299,1,10,0,FALLBACK,-0.4773,0.100,0.9807,2,none
76.286,1526,-0.37267,-0.38026,0.09977,1,10,0,FALLBACK,0.5326,0.100,0.9705,2,none
76.334,1527,-0.43016,-0.29546,0.12689,1,10,0,FALLBACK,0.9383,0.100,0.9604,2,none
76.386,1528,-0.44657,-0.24903,0.09759,1,10,0,FALLBACK,0.8149,0.100,0.9524,2,none
76.434,1529,-0.43137,-0.26691,0.10083,1,10,0,FALLBACK,0.5809,0.100,0.9539,2,none
76.484,1530,-0.28118,-0.34245,0.11858,1,10,0,FALLBACK,-0.8450,0.100,0.9583,2,none
76.534,1531,-0.33167,-0.34184,0.11997,1,10,0,FALLBACK,0.4108,0.100,0.9404,2,none
76.584,1532,-0.41413,-0.38570,0.13597,1,10,0,FALLBACK,0.9829,0.100,0.9258,2,none
76.636,1533,-0.45263,-0.30358,0.11597,1,10,0,FALLBACK,0.9557,0.100,0.9145,2,none
76.685,1534,-0.45439,-0.30719,0.10259,1,10,0,FALLBACK,0.7807,0.100,0.9143,2,none
76.737,1535,-0.43790,-0.34540,0.11473,1,10,0,FALLBACK,0.6070,0.100,0.9182,2,none
76.786,1536,-0.31338,-0.36934,0.12448,1,10,0,FALLBACK,-0.5557,0.100,0.9222,2,none
76.838,1537,-0.36046,-0.35198,0.13285,1,10,0,FALLBACK,0.5377,0.100,0.9130,2,none
76.884,1538,-0.43818,-0.42426,0.12717,1,10,0,FALLBACK,1.0000,0.100,0.8993,2,none
76.934,1539,-0.47144,-0.33919,0.13016,1,10,0,FALLBACK,1.0000,0.100,0.8923,2,none
76.987,1540,-0.46924,-0.38158,0.13572,1,10,0,FALLBACK,0.8352,0.100,0.8922,2,none
77.036,1541,-0.44692,-0.38568,0.12022,1,10,0,FALLBACK,0.6230,0.100,0.8955,2,none
77.086,1542,-0.33264,-0.40058,0.14157,1,10,0,FALLBACK,-0.4082,0.100,0.9009,2,none
77.135,1543,-0.37455,-0.41315,0.12337,1,10,0,FALLBACK,0.5823,0.100,0.8961,2,none
77.188,1544,-0.43304,-0.40237,0.12776,1,10,0,FALLBACK,0.9576,0.100,0.8870,2,none
77.237,1545,-0.45453,-0.27861,0.12838,1,10,0,FALLBACK,0.8801,0.100,0.8811,2,none
77.287,1546,-0.44673,-0.28472,0.10836,1,10,0,FALLBACK,0.6946,0.100,0.8833,2,none
77.336,1547,-0.42443,-0.32514,0.11524,1,10,0,FALLBACK,0.5107,0.100,0.8880,2,none
77.385,1548,-0.32258,-0.26753,0.10783,1,10,0,FALLBACK,-0.3963,0.100,0.8928,2,none
77.435,1549,-0.36718,-0.30673,0.11534,1,10,0,FALLBACK,0.5589,0.100,0.8898,2,none
77.485,1550,-0.43272,-0.24550,0.11749,1,10,0,FALLBACK,0.9913,0.100,0.8790,2,none
77.538,1551,-0.45687,-0.23003,0.10223,1,10,0,FALLBACK,0.9051,0.100,0.8739,2,none
77.589,1552,-0.44820,-0.24188,0.09686,1,10,0,FALLBACK,0.6977,0.100,0.8743,2,none
77.638,1553,-0.42271,-0.28917,0.11009,1,10,0,FALLBACK,0.4861,0.100,0.8792,2,none
77.687,1554,-0.32317,-0.28508,0.10893,1,10,0,FALLBACK,-0.3818,0.100,0.8843,2,none
77.736,1555,-0.35411,-0.32254,0.09899,1,10,0,FALLBACK,0.4253,0.100,0.8858,2,none
77.789,1556,-0.40012,-0.34659,0.09961,1,10,0,FALLBACK,0.7306,0.100,0.8799,2,none
77.840,1557,-0.41892,-0.35067,0.09312,1,10,0,FALLBACK,0.6887,0.100,0.8777,2,none
77.890,1558,-0.41575,-0.35901,0.09776,1,10,0,FALLBACK,0.5629,0.100,0.8806,2,none
77.939,1559,-0.40085,-0.33882,0.07871,1,10,0,FALLBACK,0.4298,0.100,0.8850,2,none
77.989,1560,-0.37867,-0.41862,0.12640,1,10,0,FALLBACK,0.2824,0.100,0.8895,2,none
78.038,1561,-0.35221,-0.35088,0.09392,1,10,0,FALLBACK,0.1288,0.100,0.8938,2,none
78.089,1562,-0.32493,-0.40971,0.14778,1,10,0,FALLBACK,-0.0118,0.100,0.8979,2,none
78.139,1563,-0.30005,-0.29677,0.09909,1,10,0,FALLBACK,-0.1242,0.100,0.9017,2,none
78.188,1564,-0.27999,-0.22427,0.07491,1,10,0,FALLBACK,-0.2004,0.100,0.9052,2,none
78.239,1565,-0.26619,-0.24615,0.09432,1,10,0,FALLBACK,-0.2380,0.100,0.9085,2,none
78.289,1566,-0.25911,-0.27825,0.11296,1,10,0,FALLBACK,-0.2398,0.100,0.9119,2,none
78.339,1567,-0.25833,-0.21165,0.06788,1,10,0,FALLBACK,-0.2123,0.100,0.9154,2,none
78.390,1568,-0.26274,-0.20145,0.06508,1,10,0,FALLBACK,-0.1643,0.100,0.9190,2,none
78.441,1569,-0.27084,-0.14673,0.07269,1,10,0,FALLBACK,-0.1053,0.100,0.9226,2,none
78.490,1570,-0.28095,-0.20709,0.09725,1,10,0,FALLBACK,-0.0447,0.100,0.9262,2,none
78.540,1571,-0.29146,-0.28403,0.09696,1,10,0,FALLBACK,0.0098,0.100,0.9297,2,none
78.590,1572,-0.30099,-0.29353,0.08787,1,10,0,FALLBACK,0.0526,0.100,0.9331,2,none
78.638,1573,-0.30853,-0.24953,0.07428,1,10,0,FALLBACK,0.0804,0.100,0.9365,2,none
78.692,1574,-0.31350,-0.24706,0.07221,1,10,0,FALLBACK,0.0924,0.100,0.9398,2,none
78.722,1575,-0.31575,-0.32466,0.11084,1,10,0,FALLBACK,0.0900,0.100,0.9431,2,none
78.775,1576,-0.31551,-0.20799,0.07572,1,10,0,FALLBACK,0.0763,0.100,0.9464,2,none
78.825,1577,-0.31339,-0.24665,0.09571,1,10,0,FALLBACK,0.0564,0.100,0.9497,2,none
78.872,1578,-0.31005,-0.36589,0.11072,1,10,0,FALLBACK,0.0335,0.100,0.9529,2,none
78.925,1579,-0.30614,-0.31397,0.10233,1,10,0,FALLBACK,0.0112,0.100,0.9561,2,none
78.975,1580,-0.30228,-0.27310,0.08819,1,10,0,FALLBACK,-0.0079,0.100,0.9593,2,none
79.026,1581,-0.29893,-0.19991,0.07645,1,10,0,FALLBACK,-0.0221,0.100,0.9625,2,none
79.076,1582,-0.29642,-0.25031,0.10161,1,10,0,FALLBACK,-0.0305,0.100,0.9656,2,none
79.126,1583,-0.29489,-0.21651,0.07250,1,10,0,FALLBACK,-0.0332,0.100,0.9687,2,none
79.178,1584,-0.29434,-0.30596,0.08728,1,10,0,FALLBACK,-0.0311,0.100,0.9717,2,none
79.226,1585,-0.29464,-0.25962,0.07931,1,10,0,FALLBACK,-0.0252,0.100,0.9747,2,none
79.276,1586,-0.29558,-0.33666,0.10371,1,10,0,FALLBACK,-0.0174,0.100,0.9777,2,none
79.325,1587,-0.29690,-0.31481,0.08777,1,10,0,FALLBACK,-0.0089,0.100,0.9807,2,none
79.376,1588,-0.29835,-0.29485,0.10295,1,10,0,FALLBACK,-0.0010,0.100,0.9836,2,none
79.425,1589,-0.29969,-0.29759,0.10353,1,10,0,FALLBACK,0.0052,0.100,0.9865,2,none
79.476,1590,-0.30078,-0.30980,0.09306,1,10,0,FALLBACK,0.0094,0.100,0.9894,2,none
79.527,1591,-0.30153,-0.32231,0.09628,1,10,0,FALLBACK,0.0114,0.100,0.9922,2,none
79.573,1592,-0.30189,-0.33816,0.09434,1,10,0,FALLBACK,0.0112,0.100,0.9950,2,none
79.628,1593,-0.30190,-0.27821,0.07267,1,10,0,FALLBACK,0.0096,0.100,0.9978,2,none
79.676,1594,-0.30164,-0.26785,0.08820,1,10,0,FALLBACK,0.0069,0.100,1.0006,2,none
79.724,1595,-0.30119,-0.21858,0.08220,1,10,0,FALLBACK,0.0037,0.100,1.0033,2,none
79.774,1596,-0.30066,-0.23853,0.09818,1,10,0,FALLBACK,0.0006,0.100,1.0060,2,none
79.827,1597,-0.30014,-0.24204,0.09564,1,10,0,FALLBACK,-0.0019,0.100,1.0087,2,none
79.874,1598,-0.29970,-0.31796,0.06414,1,10,0,FALLBACK,-0.0037,0.100,1.0113,2,none
79.924,1599,-0.29939,-0.18339,0.06307,1,10,0,FALLBACK,-0.0046,0.100,1.0139,2,none
79.975,1600,-0.29923,-0.15566,0.06129,1,10,0,FALLBACK,-0.0047,0.100,1.0165,2,none
80.027,1601,-0.29920,-0.25573,0.08351,1,10,0,FALLBACK,-0.0042,0.100,1.0191,2,none
80.077,1602,-0.29928,-0.25723,0.07326,1,10,0,FALLBACK,-0.0032,0.100,1.0216,2,none
80.127,1603,-0.29945,-0.18518,0.08517,1,10,0,FALLBACK,-0.0019,0.100,1.0242,2,none
80.175,1604,-0.29966,-0.22106,0.09892,1,10,0,FALLBACK,-0.0007,0.100,1.0266,2,none
80.226,1605,-0.29986,-0.18225,0.08411,1,10,0,FALLBACK,0.0003,0.100,1.0291,2,none
80.276,1606,-0.30003,-0.15403,0.08169,1,10,0,FALLBACK,0.0009,0.100,1.0315,2,none
80.325,1607,-0.30015,-0.12527,0.08593,1,10,0,FALLBACK,0.0014,0.100,1.0340,2,none
80.374,1608,-0.30022,-0.15707,0.06645,1,10,0,FALLBACK,0.0014,0.100,1.0363,2,none
80.428,1609,-0.30022,-0.19568,0.09374,1,10,0,FALLBACK,0.0011,0.100,1.0387,2,none
80.479,1610,-0.30018,-0.14445,0.06976,1,10,0,FALLBACK,0.0007,0.100,1.0410,2,none
80.526,1611,-0.27803,-0.19634,0.07508,1,10,0,FALLBACK,-0.2206,0.100,1.0434,2,none
80.579,1612,-0.30172,-0.25736,0.09860,1,10,0,FALLBACK,0.1270,0.100,1.0447,2,none
80.627,1613,-0.33572,-0.27234,0.09482,1,10,0,FALLBACK,0.3486,0.100,1.0462,2,none
80.678,1614,-0.35955,-0.27884,0.09804,1,10,0,FALLBACK,0.4169,0.100,1.0467,2,none
80.728,1615,-0.36679,-0.22129,0.08404,1,10,0,FALLBACK,0.3702,0.100,1.0472,2,none
80.781,1616,-0.36040,-0.26993,0.09099,1,10,0,FALLBACK,0.2700,0.100,1.0491,2,none
80.828,1617,-0.34586,-0.17642,0.08228,1,10,0,FALLBACK,0.1566,0.100,1.0516,2,none
80.877,1618,-0.32768,-0.18670,0.08625,1,10,0,FALLBACK,0.0475,0.100,1.0540,2,none
80.928,1619,-0.30933,-0.13464,0.11158,1,10,0,FALLBACK,-0.0451,0.100,1.0563,2,none
80.978,1620,-0.29361,-0.12426,0.08898,1,10,0,FALLBACK,-0.1106,0.100,1.0584,2,none
81.028,1621,-0.28238,-0.19491,0.08167,1,10,0,FALLBACK,-0.1442,0.100,1.0604,2,none
81.078,1622,-0.27646,-0.15244,0.08204,1,10,0,FALLBACK,-0.1473,0.100,1.0624,2,none
81.129,1623,-0.27563,-0.18631,0.06488,1,10,0,FALLBACK,-0.1260,0.100,1.0644,2,none
81.177,1624,-0.27891,-0.18734,0.08186,1,10,0,FALLBACK,-0.0891,0.100,1.0665,2,none
81.228,1625,-0.28487,-0.20045,0.07699,1,10,0,FALLBACK,-0.0458,0.100,1.0686,2,none
81.280,1626,-0.29198,-0.22611,0.09515,1,10,0,FALLBACK,-0.0046,0.100,1.0706,2,none
81.329,1627,-0.29882,-0.21289,0.09386,1,10,0,FALLBACK,0.0283,0.100,1.0726,2,none
81.380,1628,-0.30435,-0.31286,0.11692,1,10,0,FALLBACK,0.0494,0.100,1.0746,2,none
81.430,1629,-0.30794,-0.22611,0.08390,1,10,0,FALLBACK,0.0576,0.100,1.0765,2,none
81.480,1630,-0.30941,-0.23002,0.08011,1,10,0,FALLBACK,0.0544,0.100,1.0784,2,none
81.528,1631,-0.30898,-0.21297,0.09158,1,10,0,FALLBACK,0.0427,0.100,1.0804,2,none
81.580,1632,-0.30712,-0.25909,0.08498,1,10,0,FALLBACK,0.0263,0.100,1.0823,2,none
81.629,1633,-0.30445,-0.26809,0.10338,1,10,0,FALLBACK,0.0089,0.100,1.0842,2,none
81.679,1634,-0.30160,-0.24810,0.08097,1,10,0,FALLBACK,-0.0063,0.100,1.0861,2,none
81.730,1635,-0.29909,-0.29025,0.09917,1,10,0,FALLBACK,-0.0171,0.100,1.0879,2,none
81.782,1636,-0.29727,-0.38212,0.11784,1,10,0,FALLBACK,-0.0227,0.100,1.0898,2,none
81.829,1637,-0.29630,-0.29138,0.08697,1,10,0,FALLBACK,-0.0233,0.100,1.0916,2,none
81.881,1638,-0.29617,-0.36260,0.09511,1,10,0,FALLBACK,-0.0198,0.100,1.0934,2,none
81.930,1639,-0.29672,-0.37198,0.11632,1,10,0,FALLBACK,-0.0137,0.100,1.0952,2,none
81.982,1640,-0.29770,-0.25851,0.07792,1,10,0,FALLBACK,-0.0065,0.100,1.0969,2,none
82.032,1641,-0.29887,-0.32559,0.10697,1,10,0,FALLBACK,0.0002,0.100,1.0987,2,none
82.081,1642,-0.29997,-0.24555,0.10058,1,10,0,FALLBACK,0.0054,0.100,1.1004,2,none
82.132,1643,-0.30084,-0.31161,0.10145,1,10,0,FALLBACK,0.0085,0.100,1.1021,2,none
82.182,1644,-0.30135,-0.30043,0.13311,1,10,0,FALLBACK,0.0093,0.100,1.1038,2,none
82.230,1645,-0.30150,-0.32306,0.09563,1,10,0,FALLBACK,0.0083,0.100,1.1055,2,none
82.280,1646,-0.30135,-0.30339,0.11832,1,10,0,FALLBACK,0.0060,0.100,1.1072,2,none
82.331,1647,-0.30097,-0.18980,0.08845,1,10,0,FALLBACK,0.0030,0.100,1.1088,2,none
82.383,1648,-0.30049,-0.24637,0.10261,1,10,0,FALLBACK,0.0001,0.100,1.1104,2,none
82.435,1649,-0.30002,-0.16303,0.09871,1,10,0,FALLBACK,-0.0022,0.100,1.1120,2,none
82.483,1650,-0.29963,-0.36096,0.13848,1,10,0,FALLBACK,-0.0038,0.100,1.1136,2,none
82.534,1651,-0.29938,-0.29952,0.14830,1,10,0,FALLBACK,-0.0044,0.100,1.1152,2,none
82.582,1652,-0.29929,-0.31464,0.15965,1,10,0,FALLBACK,-0.0040,0.100,1.1168,2,none
82.634,1653,-0.29933,-0.32538,0.20287,0,10,0,FALLBACK,-0.0031,0.100,1.1183,2,none
82.684,1654,-0.29948,-0.33873,0.32274,0,10,0,FALLBACK,-0.0018,0.100,1.1199,2,none
82.735,1655,-0.29969,-0.31942,0.31475,0,10,0,FALLBACK,-0.0005,0.100,1.1214,2,none
82.784,1656,-0.29993,-0.24314,0.16189,1,10,0,FALLBACK,0.0008,0.100,1.1229,2,none
82.835,1657,-0.30013,-0.22527,0.39558,0,10,0,FALLBACK,0.0016,0.100,1.1243,2,none
82.883,1658,-0.30025,0.06031,0.24683,0,10,0,FALLBACK,0.0019,0.100,1.1258,2,none
82.934,1659,-0.30029,-0.49525,0.29220,0,10,0,FALLBACK,0.0016,0.100,1.1273,2,none
82.984,1660,-0.30025,-0.79212,0.18726,1,10,0,FALLBACK,0.0010,0.100,1.1287,2,none
83.036,1661,-0.30032,-0.56443,0.10817,1,10,0,FALLBACK,0.0020,0.100,1.1334,3,none
