time_s,frame,cte_true,cte_pred,mc_std,certified,fail_count,pass_count,mode,steer,throttle,speed,lap,hit
0.000,0,-4.49680,4.17002,0.55102,0,1,0,MODEL,0.0000,0.100,0.0000,0,none
0.114,1,-4.49680,4.36473,0.68287,0,2,0,MODEL,0.0000,0.100,0.0000,0,none
0.176,2,-4.49678,4.25525,0.74859,0,3,0,MODEL,0.0000,0.100,0.0075,0,none
0.239,3,-4.49661,4.30867,0.73276,0,4,0,MODEL,0.0000,0.100,0.0223,0,none
0.266,4,-4.49642,4.03780,0.58664,0,5,0,MODEL,0.0000,0.100,0.0326,0,none
0.316,5,-4.49660,4.15314,0.69367,0,6,0,MODEL,0.0000,0.100,0.0479,0,none
0.364,6,-4.49692,3.83096,0.69810,0,7,0,MODEL,0.0000,0.100,0.0642,0,none
0.415,7,-4.49748,4.43175,0.83735,0,8,0,MODEL,0.0000,0.100,0.0702,0,none
0.468,8,-4.49773,4.08070,0.66723,0,9,0,MODEL,0.0000,0.100,0.0847,0,none
0.516,9,-4.49821,4.03749,0.57779,0,10,0,FALLBACK,1.0000,0.100,0.0969,0,none
0.566,10,-4.49709,4.05843,0.76860,0,10,0,FALLBACK,1.0000,0.100,0.1071,0,none
0.615,11,-4.49152,3.65704,0.60108,0,10,0,FALLBACK,1.0000,0.100,0.1172,0,none
0.666,12,-4.48504,3.49964,0.42815,0,10,0,FALLBACK,1.0000,0.100,0.1289,0,none
0.718,13,-4.47758,3.26734,0.71436,0,10,0,FALLBACK,1.0000,0.100,0.1399,0,none
0.766,14,-4.46898,3.42133,0.56929,0,10,0,FALLBACK,1.0000,0.100,0.1508,0,none
0.817,15,-4.45912,3.91306,0.85975,0,10,0,FALLBACK,1.0000,0.100,0.1616,0,none
0.867,16,-4.44788,3.86493,0.65225,0,10,0,FALLBACK,1.0000,0.100,0.1722,0,none
0.919,17,-4.43512,4.02317,0.59611,0,10,0,FALLBACK,1.0000,0.100,0.1827,0,none
0.967,18,-4.42070,4.33810,0.81156,0,10,0,FALLBACK,1.0000,0.100,0.1931,0,none
1.018,19,-4.40450,4.08139,0.51390,0,10,0,FALLBACK,1.0000,0.100,0.2034,0,none
1.067,20,-4.37877,4.15452,0.77522,0,10,0,FALLBACK,1.0000,0.100,0.2173,0,none
1.117,21,-4.35771,3.62791,0.70101,0,10,0,FALLBACK,1.0000,0.100,0.2238,0,none
1.167,22,-4.34468,3.85957,0.78724,0,10,0,FALLBACK,1.0000,0.100,0.2337,0,none
1.219,23,-4.31942,4.20580,0.79468,0,10,0,FALLBACK,1.0000,0.100,0.2435,0,none
1.271,24,-4.27138,4.22099,0.68490,0,10,0,FALLBACK,1.0000,0.100,0.2532,0,none
1.320,25,-4.24327,3.63217,0.80960,0,10,0,FALLBACK,1.0000,0.100,0.2628,0,none
1.370,26,-4.21228,1.25418,1.75251,0,10,0,FALLBACK,1.0000,0.100,0.2723,0,none
1.420,27,-4.17826,0.75848,1.95278,0,10,0,FALLBACK,1.0000,0.100,0.2816,0,none
1.470,28,-4.14104,2.38633,1.97195,0,10,0,FALLBACK,1.0000,0.100,0.2909,0,none
1.521,29,-4.10044,1.13849,2.01909,0,10,0,FALLBACK,1.0000,0.100,0.3000,0,none
1.569,30,-4.05629,-1.32366,1.98790,0,10,0,FALLBACK,1.0000,0.100,0.3091,0,none
1.620,31,-4.00842,0.17635,2.49083,0,10,0,FALLBACK,1.0000,0.100,0.3180,0,none
1.671,32,-3.95664,2.21847,2.35941,0,10,0,FALLBACK,1.0000,0.100,0.3269,0,none
1.719,33,-3.90079,-0.22853,2.60283,0,10,0,FALLBACK,1.0000,0.100,0.3356,0,none
1.770,34,-3.84070,-1.80527,1.91337,0,10,0,FALLBACK,1.0000,0.100,0.3442,0,none
1.819,35,-3.77622,-0.47171,1.83294,0,10,0,FALLBACK,1.0000,0.100,0.3528,0,none
1.869,36,-3.70716,0.28792,2.12051,0,10,0,FALLBACK,1.0000,0.100,0.3612,0,none
1.919,37,-3.63339,0.11197,2.27504,0,10,0,FALLBACK,1.0000,0.100,0.3696,0,none
1.972,38,-3.55474,-2.65878,0.99521,0,10,0,FALLBACK,1.0000,0.100,0.3779,0,none
2.021,39,-3.47109,-3.27213,0.81627,0,10,0,FALLBACK,1.0000,0.100,0.3860,0,none
2.071,40,-3.38228,-3.03186,0.66074,0,10,0,FALLBACK,1.0000,0.100,0.3941,0,none
2.122,41,-3.28820,-3.22697,0.87674,0,10,0,FALLBACK,1.0000,0.100,0.4021,0,none
2.173,42,-3.18357,-2.79970,0.51913,0,10,0,FALLBACK,1.0000,0.100,0.4100,0,none
2.221,43,-3.07937,-2.56870,0.59050,0,10,0,FALLBACK,1.0000,0.100,0.4178,0,none
2.273,44,-2.96956,-2.29312,0.42966,0,10,0,FALLBACK,1.0000,0.100,0.4255,0,none
2.321,45,-2.85405,-1.87542,0.40659,0,10,0,FALLBACK,1.0000,0.100,0.4331,0,none
2.372,46,-2.73279,-2.39097,0.47011,0,10,0,FALLBACK,1.0000,0.100,0.4406,0,none
2.422,47,-2.60569,-3.00964,0.53938,0,10,0,FALLBACK,1.0000,0.100,0.4481,0,none
2.472,48,-2.47271,-3.24348,0.54801,0,10,0,FALLBACK,1.0000,0.100,0.4555,0,none
2.524,49,-2.33381,-5.25076,0.85000,0,10,0,FALLBACK,1.0000,0.100,0.4627,0,none
2.574,50,-2.18899,-4.32471,0.83847,0,10,0,FALLBACK,1.0000,0.100,0.4699,0,none
2.622,51,-2.03824,-3.41432,0.71822,0,10,0,FALLBACK,1.0000,0.100,0.4770,0,none
2.671,52,-1.88157,-3.72957,0.62873,0,10,0,FALLBACK,1.0000,0.100,0.4841,0,none
2.721,53,-1.71902,-3.46038,0.58998,0,10,0,FALLBACK,1.0000,0.100,0.4910,0,none
2.775,54,-1.55064,-3.80732,0.55760,0,10,0,FALLBACK,1.0000,0.100,0.4979,0,none
2.824,55,-1.37651,-3.64577,0.69324,0,10,0,FALLBACK,1.0000,0.100,0.5047,0,none
2.872,56,-1.19671,-4.66822,0.90419,0,10,0,FALLBACK,1.0000,0.100,0.5114,0,none
2.924,57,-1.01136,-5.70562,1.21256,0,10,0,FALLBACK,1.0000,0.100,0.5180,0,none
2.974,58,-0.82059,-5.57694,1.16431,0,10,0,FALLBACK,1.0000,0.100,0.5245,0,none
3.023,59,-0.62456,-4.47504,1.29715,0,10,0,FALLBACK,0.6426,0.100,0.5310,0,none
3.073,60,-0.42093,-3.25715,0.83991,0,10,0,FALLBACK,-0.4135,0.100,0.5389,0,none
3.124,61,-0.22082,-2.81640,0.53047,0,10,0,FALLBACK,-1.0000,0.100,0.5398,0,none
3.174,62,-0.03224,-2.76623,0.63873,0,10,0,FALLBACK,-1.0000,0.100,0.5399,0,none
3.222,63,0.14591,-2.79585,0.69289,0,10,0,FALLBACK,-1.0000,0.100,0.5451,0,none
3.273,64,0.32092,-2.89759,0.68622,0,10,0,FALLBACK,-1.0000,0.100,0.5513,0,none
3.324,65,0.49291,-3.13338,0.75392,0,10,0,FALLBACK,-1.0000,0.100,0.5574,0,none
3.376,66,0.66133,-3.08971,0.74448,0,10,0,FALLBACK,-1.0000,0.100,0.5634,0,none
3.425,67,0.82575,-3.42048,1.07957,0,10,0,FALLBACK,-1.0000,0.100,0.5694,0,none
3.473,68,0.98571,-3.39896,1.06353,0,10,0,FALLBACK,-1.0000,0.100,0.5753,0,none
3.523,69,1.14074,-3.01122,1.04966,0,10,0,FALLBACK,-1.0000,0.100,0.5811,0,none
3.577,70,1.29041,-2.97311,1.07675,0,10,0,FALLBACK,-1.0000,0.100,0.5869,0,none
3.624,71,1.43424,-2.55733,0.86516,0,10,0,FALLBACK,-1.0000,0.100,0.5926,0,none
3.675,72,1.57177,-2.43094,0.72118,0,10,0,FALLBACK,-1.0000,0.100,0.5982,0,none
3.726,73,1.70254,-2.42019,0.86843,0,10,0,FALLBACK,-1.0000,0.100,0.6037,0,none
3.775,74,1.83953,-2.47449,0.92854,0,10,0,FALLBACK,-1.0000,0.100,0.6122,0,none
3.826,75,1.95617,-2.37197,0.86583,0,10,0,FALLBACK,-1.0000,0.100,0.6142,0,none
3.875,76,2.06299,-2.29799,0.64089,0,10,0,FALLBACK,-1.0000,0.100,0.6199,0,none
3.926,77,2.16174,-2.33665,0.82319,0,10,0,FALLBACK,-1.0000,0.100,0.6252,0,none
3.974,78,2.25163,-2.45694,0.77886,0,10,0,FALLBACK,-1.0000,0.100,0.6305,0,none
4.028,79,2.33185,-2.17277,0.63961,0,10,0,FALLBACK,-1.0000,0.100,0.6361,0,none
4.075,80,2.40227,-2.41037,0.64464,0,10,0,FALLBACK,-1.0000,0.100,0.6388,0,none
4.126,81,2.46558,-2.49355,0.57308,0,10,0,FALLBACK,-1.0000,0.100,0.6265,0,none
4.176,82,2.51817,-2.46508,0.58153,0,10,0,FALLBACK,-1.0000,0.100,0.6484,0,none
4.227,83,2.55247,-2.60909,0.74466,0,10,0,FALLBACK,-1.0000,0.100,0.6566,0,none
4.260,84,2.58004,-2.97124,0.85056,0,10,0,FALLBACK,-1.0000,0.100,0.6604,0,none
4.313,85,2.59609,-2.49065,0.90759,0,10,0,FALLBACK,-1.0000,0.100,0.6652,0,none
4.361,86,2.60016,-2.89180,0.74836,0,10,0,FALLBACK,-1.0000,0.100,0.6707,0,none
4.412,87,2.59211,-3.25001,0.97191,0,10,0,FALLBACK,-1.0000,0.100,0.6745,0,none
4.462,88,2.57160,-3.01384,0.87466,0,10,0,FALLBACK,-1.0000,0.100,0.6802,0,none
4.511,89,2.53850,-2.70752,0.58870,0,10,0,FALLBACK,-1.0000,0.100,0.6838,0,none
4.560,90,2.48087,-2.62657,0.70077,0,10,0,FALLBACK,-1.0000,0.100,0.6893,0,none
4.611,91,2.42628,-2.91208,0.64544,0,10,0,FALLBACK,-1.0000,0.100,0.6930,0,none
4.661,92,2.35857,-3.05775,0.59254,0,10,0,FALLBACK,-1.0000,0.100,0.6981,0,none
4.713,93,2.27312,-3.02853,0.54072,0,10,0,FALLBACK,-1.0000,0.100,0.7048,0,none
4.762,94,2.17528,-3.68747,0.58004,0,10,0,FALLBACK,-1.0000,0.100,0.7107,0,none
4.814,95,2.06746,-3.63702,0.64936,0,10,0,FALLBACK,-1.0000,0.100,0.7034,0,none
4.863,96,1.94562,-3.81529,0.64266,0,10,0,FALLBACK,-1.0000,0.100,0.7171,0,none
4.912,97,1.80921,-3.39296,0.46684,0,10,0,FALLBACK,-1.0000,0.100,0.7324,0,none
4.961,98,1.64795,-2.65612,0.44510,0,10,0,FALLBACK,-1.0000,0.100,0.7265,0,none
5.011,99,1.49201,-2.50438,0.34880,0,10,0,FALLBACK,-1.0000,0.100,0.7244,0,none
5.063,100,1.32345,-1.27633,1.18957,0,10,0,FALLBACK,-1.0000,0.100,0.7322,0,none
5.113,101,1.14250,0.84825,0.23830,1,10,0,FALLBACK,-1.0000,0.100,0.7342,0,none
5.162,102,0.94925,0.74932,0.24807,1,10,0,FALLBACK,-1.0000,0.100,0.7389,0,none
5.213,103,0.74410,1.16296,0.43539,0,10,0,FALLBACK,-1.0000,0.100,0.7424,0,none
5.262,104,0.52736,0.47744,0.71250,0,10,0,FALLBACK,-1.0000,0.100,0.7464,0,none
5.311,105,0.29945,-0.08126,0.54546,0,10,0,FALLBACK,-1.0000,0.100,0.7501,0,none
5.362,106,0.06083,-0.32151,0.32184,0,10,0,FALLBACK,-0.6111,0.100,0.7538,0,none
5.411,107,-0.19827,-0.87279,0.54249,0,10,0,FALLBACK,0.7869,0.100,0.7609,0,none
5.463,108,-0.43251,-0.57173,0.70295,0,10,0,FALLBACK,1.0000,0.100,0.7490,0,none
5.514,109,-0.63073,-1.08690,0.85989,0,10,0,FALLBACK,1.0000,0.100,0.7429,0,none
5.561,110,-0.81428,-1.04165,1.13731,0,10,0,FALLBACK,1.0000,0.100,0.7466,0,none
5.613,111,-0.98685,1.48815,1.29251,0,10,0,FALLBACK,1.0000,0.100,0.7507,0,none
5.663,112,-1.14755,2.77592,1.11247,0,10,0,FALLBACK,1.0000,0.100,0.7542,0,none
5.714,113,-1.29576,2.81183,1.11107,0,10,0,FALLBACK,1.0000,0.100,0.7579,0,none
5.766,114,-1.43086,2.84040,0.90549,0,10,0,FALLBACK,1.0000,0.100,0.7615,0,none
5.813,115,-1.55229,2.83938,1.72691,0,10,0,FALLBACK,1.0000,0.100,0.7651,0,none
5.864,116,-1.67350,3.63286,0.95726,0,10,0,FALLBACK,1.0000,0.100,0.7686,0,none
5.914,117,-1.75822,2.94276,0.81615,0,10,0,FALLBACK,1.0000,0.100,0.7720,0,none
5.964,118,-1.82763,3.05608,0.98879,0,10,0,FALLBACK,1.0000,0.100,0.7754,0,none
6.013,119,-1.88131,1.68047,1.48864,0,10,0,FALLBACK,1.0000,0.100,0.7788,0,none
6.065,120,-1.91892,-1.55732,1.44137,0,10,0,FALLBACK,1.0000,0.100,0.7821,0,none
6.115,121,-1.94011,-2.04172,0.77123,0,10,0,FALLBACK,1.0000,0.100,0.7853,0,none
6.164,122,-1.95256,-2.09405,0.48886,0,10,0,FALLBACK,1.0000,0.100,0.7886,0,none
6.215,123,-1.93640,-1.97038,0.96102,0,10,0,FALLBACK,1.0000,0.100,0.7917,0,none
6.265,124,-1.90318,-2.29619,0.77507,0,10,0,FALLBACK,1.0000,0.100,0.7949,0,none
6.314,125,-1.85280,-2.80369,0.57375,0,10,0,FALLBACK,1.0000,0.100,0.7979,0,none
6.365,126,-1.78521,-3.53652,0.67645,0,10,0,FALLBACK,1.0000,0.100,0.8010,0,none
6.415,127,-1.70044,-2.42634,0.53631,0,10,0,FALLBACK,1.0000,0.100,0.8040,0,none
6.465,128,-1.59854,-2.91037,0.50841,0,10,0,FALLBACK,1.0000,0.100,0.8069,0,none
6.515,129,-1.48839,-3.12601,0.42166,0,10,0,FALLBACK,1.0000,0.100,0.8098,0,none
6.566,130,-1.34712,-4.16951,0.65029,0,10,0,FALLBACK,1.0000,0.100,0.8127,0,none
6.615,131,-1.18942,-4.37842,0.82693,0,10,0,FALLBACK,1.0000,0.100,0.8156,0,none
6.665,132,-1.01562,-3.86992,0.86314,0,10,0,FALLBACK,1.0000,0.100,0.8183,0,none
6.715,133,-0.82610,-4.95154,0.87515,0,10,0,FALLBACK,1.0000,0.100,0.8211,0,none
6.767,134,-0.62132,-4.52649,0.85025,0,10,0,FALLBACK,0.5827,0.100,0.8238,0,none
6.814,135,-0.40420,-5.81562,1.15891,0,10,0,FALLBACK,-0.5646,0.100,0.8279,0,none
6.865,136,-0.20072,-5.29308,0.92394,0,10,0,FALLBACK,-1.0000,0.100,0.8190,0,none
6.915,137,-0.01866,-4.96886,1.22895,0,10,0,FALLBACK,-1.0000,0.100,0.8164,0,none
6.963,138,0.13567,-5.31178,1.27789,0,10,0,FALLBACK,-1.0000,0.100,0.8180,0,none
7.017,139,0.27400,-6.07950,1.19476,0,10,0,FALLBACK,-1.0000,0.100,0.8208,0,none
7.066,140,0.39614,-4.92936,1.01280,0,10,0,FALLBACK,-1.0000,0.100,0.8235,0,none
7.116,141,0.50142,-5.02426,0.78825,0,10,0,FALLBACK,-1.0000,0.100,0.8262,0,none
7.167,142,0.58935,-4.84400,0.81781,0,10,0,FALLBACK,-1.0000,0.100,0.8288,0,none
7.216,143,0.65054,-5.16534,1.04560,0,10,0,FALLBACK,-1.0000,0.100,0.8315,0,none
7.268,144,0.70886,-5.17383,0.99305,0,10,0,FALLBACK,-1.0000,0.100,0.8340,0,none
7.315,145,0.74872,-4.82102,0.84278,0,10,0,FALLBACK,-1.0000,0.100,0.8366,0,none
7.366,146,0.76979,-4.97717,1.22458,0,10,0,FALLBACK,-1.0000,0.100,0.8391,0,none
7.417,147,0.77185,-4.62122,0.74540,0,10,0,FALLBACK,-1.0000,0.100,0.8415,0,none
7.467,148,0.75471,-4.40074,0.67343,0,10,0,FALLBACK,-1.0000,0.100,0.8440,0,none
7.515,149,0.70499,-4.37205,0.85435,0,10,0,FALLBACK,-1.0000,0.100,0.8464,0,none
7.567,150,0.65861,-4.23416,0.70796,0,10,0,FALLBACK,-1.0000,0.100,0.8487,0,none
7.615,151,0.59284,-3.75672,0.47150,0,10,0,FALLBACK,-1.0000,0.100,0.8510,0,none
7.666,152,0.50775,-3.19394,0.53490,0,10,0,FALLBACK,-1.0000,0.100,0.8533,0,none
7.717,153,0.40348,-3.02474,0.55673,0,10,0,FALLBACK,-1.0000,0.100,0.8556,0,none
7.766,154,0.28023,-2.39500,0.80826,0,10,0,FALLBACK,-1.0000,0.100,0.8578,0,none
7.817,155,0.12396,-1.22729,0.90555,0,10,0,FALLBACK,-1.0000,0.100,0.8600,0,none
7.867,156,-0.02812,-1.13801,0.81931,0,10,0,FALLBACK,-0.5990,0.100,0.8622,0,none
7.918,157,-0.19556,-0.62018,0.48411,0,10,0,FALLBACK,0.3150,0.100,0.8660,0,none
7.968,158,-0.36020,-0.79972,0.44840,0,10,0,FALLBACK,1.0000,0.100,0.8618,0,none
8.017,159,-0.49303,-0.76109,0.33118,0,10,0,FALLBACK,1.0000,0.100,0.8546,0,none
8.068,160,-0.58791,-1.62603,0.56180,0,10,0,FALLBACK,1.0000,0.100,0.8551,0,none
8.119,161,-0.67900,-2.66588,0.62748,0,10,0,FALLBACK,1.0000,0.100,0.8572,0,none
8.167,162,-0.72578,-2.72665,0.64852,0,10,0,FALLBACK,1.0000,0.100,0.8594,0,none
8.220,163,-0.75273,-1.97939,0.60608,0,10,0,FALLBACK,1.0000,0.100,0.8615,0,none
8.270,164,-0.75963,-1.95301,0.57394,0,10,0,FALLBACK,1.0000,0.100,0.8637,0,none
8.320,165,-0.74629,-2.20391,0.65910,0,10,0,FALLBACK,1.0000,0.100,0.8658,0,none
8.370,166,-0.71263,-3.09806,0.49204,0,10,0,FALLBACK,1.0000,0.100,0.8678,0,none
8.418,167,-0.67122,-3.11774,0.55957,0,10,0,FALLBACK,1.0000,0.100,0.8698,0,none
8.471,168,-0.58920,-3.63185,0.56435,0,10,0,FALLBACK,1.0000,0.100,0.8718,0,none
8.522,169,-0.48708,-3.56300,0.58571,0,10,0,FALLBACK,0.4248,0.100,0.8738,0,none
8.571,170,-0.36969,-4.41012,0.66673,0,10,0,FALLBACK,-0.2386,0.100,0.8760,0,none
8.620,171,-0.26148,-4.57969,0.74196,0,10,0,FALLBACK,-0.7336,0.100,0.8771,0,none
8.670,172,-0.17836,-4.43350,0.78766,0,10,0,FALLBACK,-1.0000,0.100,0.8756,0,none
8.720,173,-0.14583,-4.51509,0.78342,0,10,0,FALLBACK,-0.9335,0.100,0.8740,0,none
8.771,174,-0.10777,-4.01524,0.75501,0,10,0,FALLBACK,-1.0000,0.100,0.8758,0,none
8.821,175,-0.08825,-3.61843,0.64262,0,10,0,FALLBACK,-1.0000,0.100,0.8775,0,none
8.870,176,-0.09107,-4.17229,0.58920,0,10,0,FALLBACK,-1.0000,0.100,0.8791,0,none
8.920,177,-0.11498,-3.54343,0.48680,0,10,0,FALLBACK,-0.8055,0.100,0.8809,0,none
8.971,178,-0.15825,-3.88041,0.64045,0,10,0,FALLBACK,-0.4924,0.100,0.8846,0,none
9.020,179,-0.22160,-2.97470,0.53156,0,10,0,FALLBACK,-0.0753,0.100,0.8893,0,none
9.071,180,-0.26541,-3.07174,0.54320,0,10,0,FALLBACK,0.0461,0.100,0.8928,0,none
9.120,181,-0.30000,-3.08256,0.62723,0,10,0,FALLBACK,0.1730,0.100,0.8974,0,none
9.169,182,-0.32922,-2.31724,0.85263,0,10,0,FALLBACK,0.2922,0.100,0.9007,0,none
9.223,183,-0.35069,-2.55042,0.67315,0,10,0,FALLBACK,0.3608,0.100,0.9037,0,none
9.272,184,-0.37206,-2.99194,0.62064,0,10,0,FALLBACK,0.4672,0.100,0.9067,0,none
9.321,185,-0.36685,-3.44100,0.49125,0,10,0,FALLBACK,0.3081,0.100,0.9093,0,none
9.372,186,-0.34960,-3.65437,0.51035,0,10,0,FALLBACK,0.1618,0.100,0.9128,0,none
9.422,187,-0.32964,-3.57961,0.50997,0,10,0,FALLBACK,0.0484,0.100,0.9168,0,none
9.474,188,-0.31034,-3.64292,0.63780,0,10,0,FALLBACK,-0.0448,0.100,0.9206,0,none
9.524,189,-0.29332,-3.46276,0.53700,0,10,0,FALLBACK,-0.1185,0.100,0.9241,0,none
9.573,190,-0.28347,-3.49880,0.51266,0,10,0,FALLBACK,-0.1319,0.100,0.9275,0,none
9.622,191,-0.27192,-3.37152,0.68271,0,10,0,FALLBACK,-0.1981,0.100,0.9309,0,none
9.675,192,-0.26448,-3.24244,0.56681,0,10,0,FALLBACK,-0.2148,0.100,0.9341,0,none
9.722,193,-0.26337,-3.15330,0.43262,0,10,0,FALLBACK,-0.1887,0.100,0.9373,0,none
9.774,194,-0.26779,-3.48683,0.46732,0,10,0,FALLBACK,-0.1389,0.100,0.9407,0,none
9.824,195,-0.27250,-3.13665,0.41981,0,10,0,FALLBACK,-0.1139,0.100,0.9441,0,none
9.872,196,-0.28520,-3.09313,0.47240,0,10,0,FALLBACK,-0.0105,0.100,0.9474,0,none
9.924,197,-0.29989,-2.55451,0.58700,0,10,0,FALLBACK,0.0729,0.100,0.9507,0,none
9.975,198,-0.31268,-2.52239,0.69861,0,10,0,FALLBACK,0.1273,0.100,0.9538,0,none
10.025,199,-0.32144,-2.79754,0.61921,0,10,0,FALLBACK,0.1510,0.100,0.9568,0,none
10.073,200,-0.32549,-2.63715,0.73834,0,10,0,FALLBACK,0.1477,0.100,0.9598,0,none
10.125,201,-0.32017,-2.96418,0.60593,0,10,0,FALLBACK,0.0742,0.100,0.9628,0,none
10.174,202,-0.32301,-3.03835,0.58689,0,10,0,FALLBACK,0.1292,0.100,0.9660,0,none
10.226,203,-0.32519,-2.95762,0.44016,0,10,0,FALLBACK,0.1369,0.100,0.9690,0,none
10.275,204,-0.32336,-3.41128,0.37252,0,10,0,FALLBACK,0.1076,0.100,0.9719,0,none
10.324,205,-0.31755,-3.56273,0.45379,0,10,0,FALLBACK,0.0588,0.100,0.9749,0,none
10.375,206,-0.30881,-3.69010,0.62702,0,10,0,FALLBACK,0.0004,0.100,0.9780,0,none
10.425,207,-0.30109,-3.61301,0.64204,0,10,0,FALLBACK,-0.0332,0.100,0.9809,0,none
10.475,208,-0.29468,-3.72683,0.44204,0,10,0,FALLBACK,-0.0586,0.100,0.9839,0,none
10.525,209,-0.29007,-3.39123,0.50493,0,10,0,FALLBACK,-0.0727,0.100,0.9868,0,none
10.573,210,-0.28767,-3.52829,0.57678,0,10,0,FALLBACK,-0.0736,0.100,0.9896,0,none
10.624,211,-0.29070,-3.49598,0.51534,0,10,0,FALLBACK,-0.0313,0.100,0.9924,0,none
10.673,212,-0.28916,-3.47138,0.56685,0,10,0,FALLBACK,-0.0619,0.100,0.9952,0,none
10.726,213,-0.28780,-3.44969,0.47865,0,10,0,FALLBACK,-0.0678,0.100,0.9980,0,none
10.777,214,-0.28844,-3.51982,0.53008,0,10,0,FALLBACK,-0.0545,0.100,1.0007,0,none
10.827,215,-0.29119,-3.51325,0.44804,0,10,0,FALLBACK,-0.0303,0.100,1.0034,0,none
10.876,216,-0.30081,-3.77798,0.64188,0,10,0,FALLBACK,0.0521,0.100,1.0061,0,none
10.927,217,-0.29864,-3.42976,0.51603,0,10,0,FALLBACK,-0.0177,0.100,1.0088,0,none
10.976,218,-0.29353,-3.32715,0.49219,0,10,0,FALLBACK,-0.0578,0.100,1.0113,0,none
11.027,219,-0.28977,-3.08009,0.52249,0,10,0,FALLBACK,-0.0700,0.100,1.0139,0,none
11.076,220,-0.28871,-3.33959,0.41876,0,10,0,FALLBACK,-0.0618,0.100,1.0164,0,none
11.126,221,-0.30042,-3.22655,0.44296,0,10,0,FALLBACK,0.0606,0.100,1.0190,0,none
11.177,222,-0.28984,-3.01912,0.61774,0,10,0,FALLBACK,-0.1037,0.100,1.0215,0,none
11.227,223,-0.27562,-3.21359,0.35993,0,10,0,FALLBACK,-0.1930,0.100,1.0236,0,none
11.276,224,-0.26690,-3.02537,0.62465,0,10,0,FALLBACK,-0.2091,0.100,1.0258,0,none
11.327,225,-0.26623,-3.22979,0.55890,0,10,0,FALLBACK,-0.1722,0.100,1.0279,0,none
11.377,226,-0.28109,-3.38336,0.62145,0,10,0,FALLBACK,-0.0202,0.100,1.0303,0,none
11.411,227,-0.27735,-3.48043,0.58888,0,10,0,FALLBACK,-0.1320,0.100,1.0327,0,none
11.460,228,-0.27313,-3.47780,0.47471,0,10,0,FALLBACK,-0.1555,0.100,1.0349,0,none
11.511,229,-0.27452,-3.71186,0.46286,0,10,0,FALLBACK,-0.1205,0.100,1.0371,0,none
11.562,230,-0.28058,-3.38703,0.55302,0,10,0,FALLBACK,-0.0668,0.100,1.0394,0,none
11.610,231,-0.29573,-3.93913,0.55647,0,10,0,FALLBACK,0.0544,0.100,1.0418,0,none
11.663,232,-0.28647,-3.74048,0.63332,0,10,0,FALLBACK,-0.1140,0.100,1.0439,0,none
11.712,233,-0.27603,-3.58315,0.52040,0,10,0,FALLBACK,-0.1720,0.100,1.0458,0,none
11.762,234,-0.27297,-3.69767,0.58188,0,10,0,FALLBACK,-0.1505,0.100,1.0478,0,none
11.812,235,-0.29766,-3.59389,0.60985,0,10,0,FALLBACK,0.1118,0.100,1.0500,0,none
11.862,236,-0.28202,-3.71103,0.40726,0,10,0,FALLBACK,-0.1681,0.100,1.0515,0,none
11.912,237,-0.26277,-3.66995,0.58355,0,10,0,FALLBACK,-0.2824,0.100,1.0526,0,none
11.961,238,-0.25563,-3.58909,0.55343,0,10,0,FALLBACK,-0.2576,0.100,1.0539,0,none
12.014,239,-0.25926,-3.57014,0.56272,0,10,0,FALLBACK,-0.1856,0.100,1.0558,0,none
12.062,240,-0.28452,-3.76904,0.43934,0,10,0,FALLBACK,0.0489,0.100,1.0581,0,none
12.111,241,-0.27756,-3.50881,0.58509,0,10,0,FALLBACK,-0.1469,0.100,1.0598,0,none
12.165,242,-0.26791,-3.47833,0.36977,0,10,0,FALLBACK,-0.2087,0.100,1.0614,0,none
12.211,243,-0.26726,-3.26919,0.39214,0,10,0,FALLBACK,-0.1670,0.100,1.0630,0,none
12.263,244,-0.27385,-3.43595,0.53174,0,10,0,FALLBACK,-0.0978,0.100,1.0651,0,none
12.312,245,-0.29236,-3.35194,0.44713,0,10,0,FALLBACK,0.0544,0.100,1.0672,0,none
12.362,246,-0.28630,-3.77686,0.54571,0,10,0,FALLBACK,-0.0988,0.100,1.0690,0,none
12.412,247,-0.27818,-3.41327,0.46750,0,10,0,FALLBACK,-0.1497,0.100,1.0707,0,none
12.462,248,-0.27664,-3.57933,0.52870,0,10,0,FALLBACK,-0.1245,0.100,1.0725,0,none
12.513,249,-0.29144,-3.45463,0.50663,0,10,0,FALLBACK,0.0312,0.100,1.0745,0,none
12.563,250,-0.28728,-3.54857,0.61995,0,10,0,FALLBACK,-0.0844,0.100,1.0763,0,none
12.614,251,-0.28116,-3.50177,0.50484,0,10,0,FALLBACK,-0.1248,0.100,1.0780,0,none
12.664,252,-0.28028,-3.78948,0.47611,0,10,0,FALLBACK,-0.1030,0.100,1.0798,0,none
12.715,253,-0.28397,-3.88155,0.59879,0,10,0,FALLBACK,-0.0618,0.100,1.0817,0,none
12.763,254,-0.29699,-3.89003,0.41935,0,10,0,FALLBACK,0.0501,0.100,1.0836,0,none
12.816,255,-0.29540,-3.91051,0.64227,0,10,0,FALLBACK,-0.0310,0.100,1.0854,0,none
12.863,256,-0.29070,-4.05889,0.83076,0,10,0,FALLBACK,-0.0700,0.100,1.0871,0,none
12.915,257,-0.28844,-3.65433,0.58306,0,10,0,FALLBACK,-0.0691,0.100,1.0889,0,none
12.965,258,-0.28938,-3.78592,0.56960,0,10,0,FALLBACK,-0.0484,0.100,1.0907,0,none
13.015,259,-0.29474,-4.00564,0.44775,0,10,0,FALLBACK,0.0005,0.100,1.0925,0,none
13.064,260,-0.29295,-3.97514,0.52811,0,10,0,FALLBACK,-0.0442,0.100,1.0943,0,none
13.117,261,-0.29060,-3.55321,0.49966,0,10,0,FALLBACK,-0.0588,0.100,1.0961,0,none
13.167,262,-0.29044,-4.02975,0.55661,0,10,0,FALLBACK,-0.0486,0.100,1.0978,0,none
13.215,263,-0.29896,-3.78108,0.60502,0,10,0,FALLBACK,0.0374,0.100,1.0995,0,none
13.265,264,-0.29497,-3.79154,0.56629,0,10,0,FALLBACK,-0.0451,0.100,1.1012,0,none
13.315,265,-0.28888,-3.42467,0.40436,0,10,0,FALLBACK,-0.0861,0.100,1.1028,0,none
13.368,266,-0.28579,-3.33863,0.53064,0,10,0,FALLBACK,-0.0865,0.100,1.1044,0,none
13.417,267,-0.28653,-3.77989,0.53271,0,10,0,FALLBACK,-0.0637,0.100,1.1060,0,none
13.465,268,-0.29115,-3.76610,0.62302,0,10,0,FALLBACK,-0.0211,0.100,1.1077,0,none
13.517,269,-0.29390,-3.50199,0.53386,0,10,0,FALLBACK,-0.0168,0.100,1.1093,0,none
13.564,270,-0.29657,-3.54645,0.57545,0,10,0,FALLBACK,-0.0038,0.100,1.1109,0,none
13.616,271,-0.29952,-3.72883,0.53590,0,10,0,FALLBACK,0.0123,0.100,1.1125,0,none
13.667,272,-0.31039,-3.28831,0.57927,0,10,0,FALLBACK,0.1063,0.100,1.1141,0,none
13.716,273,-0.30301,-3.37413,0.44319,0,10,0,FALLBACK,-0.0218,0.100,1.1155,0,none
13.767,274,-0.29135,-3.43248,0.44601,0,10,0,FALLBACK,-0.1016,0.100,1.1168,0,none
13.818,275,-0.28301,-3.52769,0.64886,0,10,0,FALLBACK,-0.1266,0.100,1.1183,0,none
13.867,276,-0.28007,-3.96800,0.69964,0,10,0,FALLBACK,-0.1143,0.100,1.1197,0,none
13.919,277,-0.28382,-4.29642,0.63072,0,10,0,FALLBACK,-0.0621,0.100,1.1211,0,none
13.968,278,-0.28467,-3.60136,0.55108,0,10,0,FALLBACK,-0.0724,0.100,1.1226,0,none
14.018,279,-0.28687,-4.08892,0.66525,0,10,0,FALLBACK,-0.0547,0.100,1.1241,0,none
14.068,280,-0.29147,-3.85618,0.67927,0,10,0,FALLBACK,-0.0197,0.100,1.1256,0,none
14.118,281,-0.30258,-3.88804,0.54847,0,10,0,FALLBACK,0.0684,0.100,1.1270,0,none
14.168,282,-0.30184,-4.05112,0.48356,0,10,0,FALLBACK,0.0055,0.100,1.1284,0,none
14.220,283,-0.29764,-3.66047,0.41852,0,10,0,FALLBACK,-0.0328,0.100,1.1297,0,none
14.271,284,-0.29434,-3.70310,0.45836,0,10,0,FALLBACK,-0.0448,0.100,1.1311,0,none
14.320,285,-0.29307,-4.13287,0.70213,0,10,0,FALLBACK,-0.0410,0.100,1.1325,0,none
14.372,286,-0.29617,-3.74801,0.44135,0,10,0,FALLBACK,-0.0036,0.100,1.1339,0,none
14.421,287,-0.28752,-3.56085,0.65088,0,10,0,FALLBACK,-0.1056,0.100,1.1353,0,none
14.471,288,-0.27923,-3.72433,0.48037,0,10,0,FALLBACK,-0.1453,0.100,1.1364,0,none
14.521,289,-0.27661,-3.69924,0.47968,0,10,0,FALLBACK,-0.1301,0.100,1.1376,0,none
14.571,290,-0.28263,-3.57994,0.55414,0,10,0,FALLBACK,-0.0567,0.100,1.1388,0,none
14.621,291,-0.28576,-3.75163,0.57135,0,10,0,FALLBACK,-0.0555,0.100,1.1402,0,none
14.671,292,-0.28969,-3.45846,0.50151,0,10,0,FALLBACK,-0.0319,0.100,1.1415,0,none
14.721,293,-0.29522,-3.84922,0.37128,0,10,0,FALLBACK,0.0038,0.100,1.1428,0,none
14.772,294,-0.30641,-3.60169,0.61122,0,10,0,FALLBACK,0.0880,0.100,1.1440,0,none
14.822,295,-0.30592,-3.79705,0.66992,0,10,0,FALLBACK,0.0271,0.100,1.1451,0,none
14.874,296,-0.30127,-3.97628,0.53114,0,10,0,FALLBACK,-0.0169,0.100,1.1463,0,none
14.922,297,-0.29673,-3.89003,0.58795,0,10,0,FALLBACK,-0.0391,0.100,1.1476,0,none
14.972,298,-0.29382,-3.59680,0.48481,0,10,0,FALLBACK,-0.0454,0.100,1.1488,0,none
15.023,299,-0.29388,-4.07394,0.52182,0,10,0,FALLBACK,-0.0303,0.100,1.1500,0,none
15.072,300,-0.29152,-3.80024,0.54141,0,10,0,FALLBACK,-0.0541,0.100,1.1512,0,none
15.122,301,-0.29023,-4.02530,0.66844,0,10,0,FALLBACK,-0.0553,0.100,1.1524,0,none
15.172,302,-0.29124,-4.18884,0.62404,0,10,0,FALLBACK,-0.0388,0.100,1.1536,0,none
15.223,303,-0.29873,-3.76166,0.65921,0,10,0,FALLBACK,0.0312,0.100,1.1547,0,none
15.273,304,-0.29571,-4.19041,0.56126,0,10,0,FALLBACK,-0.0366,0.100,1.1558,0,none
15.323,305,-0.29096,-3.69605,0.68405,0,10,0,FALLBACK,-0.0690,0.100,1.1569,0,none
15.374,306,-0.28870,-4.06093,0.75317,0,10,0,FALLBACK,-0.0678,0.100,1.1580,0,none
15.422,307,-0.28930,-3.64918,0.54771,0,10,0,FALLBACK,-0.0505,0.100,1.1591,0,none
15.476,308,-0.29301,-3.66821,0.57683,0,10,0,FALLBACK,-0.0164,0.100,1.1602,0,none
15.524,309,-0.29825,-3.60118,0.51942,0,10,0,FALLBACK,0.0174,0.100,1.1613,0,none
15.574,310,-0.30361,-3.50924,0.50463,0,10,0,FALLBACK,0.0448,0.100,1.1624,0,none
15.625,311,-0.30774,-3.50771,0.42458,0,10,0,FALLBACK,0.0593,0.100,1.1634,0,none
15.676,312,-0.31045,-3.52873,0.55769,0,10,0,FALLBACK,0.0658,0.100,1.1645,0,none
15.727,313,-0.30745,-3.31121,0.54190,0,10,0,FALLBACK,0.0223,0.100,1.1655,0,none
15.777,314,-0.30193,-3.76278,0.58751,0,10,0,FALLBACK,-0.0180,0.100,1.1665,0,none
15.827,315,-0.29608,-3.58367,0.52301,0,10,0,FALLBACK,-0.0488,0.100,1.1676,0,none
15.876,316,-0.29750,-3.45453,0.49280,0,10,0,FALLBACK,-0.0054,0.100,1.1686,0,none
15.925,317,-0.28499,-3.44777,0.45445,0,10,0,FALLBACK,-0.1376,0.100,1.1696,0,none
15.976,318,-0.27256,-3.30705,0.62341,0,10,0,FALLBACK,-0.1993,0.100,1.1704,0,none
16.027,319,-0.26697,-3.53101,0.46885,0,10,0,FALLBACK,-0.1931,0.100,1.1710,0,none
16.076,320,-0.28134,-3.94466,0.67838,0,10,0,FALLBACK,-0.0215,0.100,1.1717,0,none
16.125,321,-0.27840,-4.03648,0.55674,0,10,0,FALLBACK,-0.1227,0.100,1.1725,0,none
16.178,322,-0.27428,-4.06381,0.71111,0,10,0,FALLBACK,-0.1492,0.100,1.1734,0,none
16.227,323,-0.27538,-3.68512,0.66788,0,10,0,FALLBACK,-0.1175,0.100,1.1741,0,none
16.260,324,-0.29670,-3.52917,0.78678,0,10,0,FALLBACK,0.0901,0.100,1.1750,0,none
16.311,325,-0.29198,-3.73453,0.44789,0,10,0,FALLBACK,-0.0637,0.100,1.1754,0,none
16.362,326,-0.28291,-3.57181,0.40054,0,10,0,FALLBACK,-0.1307,0.100,1.1761,0,none
16.411,327,-0.27969,-3.55782,0.58332,0,10,0,FALLBACK,-0.1177,0.100,1.1768,0,none
16.461,328,-0.28250,-3.82794,0.46101,0,10,0,FALLBACK,-0.0734,0.100,1.1776,0,none
16.514,329,-0.29174,-3.59696,0.56960,0,10,0,FALLBACK,0.0049,0.100,1.1785,0,none
16.561,330,-0.28966,-3.48907,0.46774,0,10,0,FALLBACK,-0.0621,0.100,1.1794,0,none
16.613,331,-0.28724,-3.56758,0.52846,0,10,0,FALLBACK,-0.0759,0.100,1.1803,0,none
16.663,332,-0.28841,-3.59098,0.54570,0,10,0,FALLBACK,-0.0521,0.100,1.1811,0,none
16.713,333,-0.29666,-4.03284,0.56438,0,10,0,FALLBACK,0.0246,0.100,1.1820,0,none
16.766,334,-0.29298,-3.43973,0.33119,0,10,0,FALLBACK,-0.0535,0.100,1.1828,0,none
16.814,335,-0.28779,-3.62112,0.49382,0,10,0,FALLBACK,-0.0870,0.100,1.1836,0,none
16.864,336,-0.28603,-3.42748,0.50379,0,10,0,FALLBACK,-0.0786,0.100,1.1844,0,none
16.915,337,-0.28998,-3.14413,0.62164,0,10,0,FALLBACK,-0.0304,0.100,1.1852,0,none
16.964,338,-0.29245,-3.46383,0.50205,0,10,0,FALLBACK,-0.0254,0.100,1.1860,0,none
17.015,339,-0.29537,-3.49749,0.70767,0,10,0,FALLBACK,-0.0085,0.100,1.1869,0,none
17.065,340,-0.29894,-3.39661,0.57882,0,10,0,FALLBACK,0.0125,0.100,1.1877,0,none
17.116,341,-0.29935,-3.61110,0.46966,0,10,0,FALLBACK,-0.0012,0.100,1.1885,0,none
17.165,342,-0.30546,-3.18878,0.51863,0,10,0,FALLBACK,0.0578,0.100,1.1893,0,none
17.217,343,-0.31128,-3.13492,0.49870,0,10,0,FALLBACK,0.0855,0.100,1.1901,0,none
17.266,344,-0.31382,-3.45529,0.55269,0,10,0,FALLBACK,0.0818,0.100,1.1908,0,none
17.316,345,-0.31250,-3.62172,0.71010,0,10,0,FALLBACK,0.0559,0.100,1.1915,0,none
17.367,346,-0.30716,-3.65963,0.63225,0,10,0,FALLBACK,0.0091,0.100,1.1923,0,none
17.415,347,-0.30770,-3.25942,0.46812,0,10,0,FALLBACK,0.0412,0.100,1.1931,0,none
17.468,348,-0.30828,-3.56834,0.54725,0,10,0,FALLBACK,0.0443,0.100,1.1938,0,none
17.517,349,-0.30688,-3.21980,0.46963,0,10,0,FALLBACK,0.0274,0.100,1.1946,0,none
17.569,350,-0.30175,-3.29691,0.53641,0,10,0,FALLBACK,-0.0169,0.100,1.1953,0,none
17.619,351,-0.30361,-3.89482,0.74907,0,10,0,FALLBACK,0.0273,0.100,1.1961,0,none
17.668,352,-0.30642,-3.37830,0.45402,0,10,0,FALLBACK,0.0462,0.100,1.1968,0,none
17.718,353,-0.30748,-3.43317,0.44759,0,10,0,FALLBACK,0.0427,0.100,1.1975,0,none
17.768,354,-0.30306,-3.33633,0.47273,0,10,0,FALLBACK,-0.0068,0.100,1.1982,0,none
17.817,355,-0.30680,-3.44806,0.63330,0,10,0,FALLBACK,0.0527,0.100,1.1989,0,none
17.869,356,-0.31104,-3.42985,0.60214,0,10,0,FALLBACK,0.0764,0.100,1.1995,0,none
17.919,357,-0.31224,-3.54813,0.51528,0,10,0,FALLBACK,0.0672,0.100,1.2002,0,none
17.969,358,-0.30881,-3.77062,0.56526,0,10,0,FALLBACK,0.0269,0.100,1.2008,0,none
18.020,359,-0.30598,-3.64755,0.74597,0,10,0,FALLBACK,0.0157,0.100,1.2015,0,none
18.069,360,-0.30273,-3.34298,0.46349,0,10,0,FALLBACK,-0.0026,0.100,1.2022,0,none
18.119,361,-0.29920,-3.71186,0.40243,0,10,0,FALLBACK,-0.0217,0.100,1.2029,0,none
18.170,362,-0.30154,-3.77361,0.61919,0,10,0,FALLBACK,0.0195,0.100,1.2036,0,none
18.221,363,-0.29305,-3.65648,0.56043,0,10,0,FALLBACK,-0.0772,0.100,1.2042,0,none
18.269,364,-0.28404,-3.62198,0.48744,0,10,0,FALLBACK,-0.1249,0.100,1.2047,0,none
18.321,365,-0.27977,-3.66493,0.49150,0,10,0,FALLBACK,-0.1225,0.100,1.2052,0,none
18.369,366,-0.28722,-3.35483,0.54630,0,10,0,FALLBACK,-0.0266,0.100,1.2057,0,none
18.421,367,-0.28714,-4.18310,0.62329,0,10,0,FALLBACK,-0.0647,0.100,1.2063,0,none
18.468,368,-0.28708,-3.81978,0.68437,0,10,0,FALLBACK,-0.0649,0.100,1.2069,0,none
18.518,369,-0.28995,-3.59133,0.55800,0,10,0,FALLBACK,-0.0359,0.100,1.2075,0,none
18.569,370,-0.29529,-3.56494,0.49181,0,10,0,FALLBACK,0.0031,0.100,1.2082,0,none
18.619,371,-0.30192,-3.83144,0.57966,0,10,0,FALLBACK,0.0427,0.100,1.2088,0,none
18.672,372,-0.30333,-3.51838,0.61973,0,10,0,FALLBACK,0.0238,0.100,1.2093,0,none
18.720,373,-0.30260,-3.67248,0.61039,0,10,0,FALLBACK,0.0094,0.100,1.2099,0,none
18.770,374,-0.30119,-3.45187,0.57534,0,10,0,FALLBACK,-0.0011,0.100,1.2105,0,none
18.819,375,-0.29940,-3.39020,0.53371,0,10,0,FALLBACK,-0.0119,0.100,1.2111,0,none
18.870,376,-0.29938,-3.22890,0.65951,0,10,0,FALLBACK,-0.0033,0.100,1.2117,0,none
18.920,377,-0.29992,-3.39133,0.39625,0,10,0,FALLBACK,0.0023,0.100,1.2123,0,none
18.970,378,-0.30044,-3.37891,0.67017,0,10,0,FALLBACK,0.0048,0.100,1.2128,0,none
19.023,379,-0.29909,-3.37193,0.60618,0,10,0,FALLBACK,-0.0113,0.100,1.2134,0,none
19.073,380,-0.30348,-3.38506,0.59689,0,10,0,FALLBACK,0.0394,0.100,1.2140,0,none
19.123,381,-0.30811,-3.61561,0.60455,0,10,0,FALLBACK,0.0637,0.100,1.2145,0,none
19.173,382,-0.31030,-3.33254,0.46427,0,10,0,FALLBACK,0.0625,0.100,1.2150,0,none
19.222,383,-0.30847,-3.60275,0.59447,0,10,0,FALLBACK,0.0332,0.100,1.2155,0,none
19.270,384,-0.30726,-3.48114,0.56847,0,10,0,FALLBACK,0.0302,0.100,1.2160,0,none
19.322,385,-0.30511,-3.51494,0.46272,0,10,0,FALLBACK,0.0148,0.100,1.2166,0,none
19.372,386,-0.30194,-3.46442,0.59440,0,10,0,FALLBACK,-0.0062,0.100,1.2171,0,none
19.422,387,-0.29333,-3.48135,0.41547,0,10,0,FALLBACK,-0.0764,0.100,1.2176,0,none
19.473,388,-0.29909,-3.69875,0.45236,0,10,0,FALLBACK,0.0243,0.100,1.2180,0,none
19.522,389,-0.30814,-2.95141,0.63223,0,10,0,FALLBACK,0.0859,0.100,1.2185,0,none
19.573,390,-0.31445,-2.97609,0.59662,0,10,0,FALLBACK,0.1038,0.100,1.2188,0,none
19.624,391,-0.30560,-2.94718,0.65175,0,10,0,FALLBACK,-0.0163,0.100,1.2192,0,none
19.672,392,-0.31749,-2.97763,0.58070,0,10,0,FALLBACK,0.1469,0.100,1.2195,0,none
19.724,393,-0.33024,-2.88220,0.52473,0,10,0,FALLBACK,0.2150,0.100,1.2196,0,none
19.773,394,-0.33424,-3.12731,0.60576,0,10,0,FALLBACK,0.1912,0.100,1.2195,0,none
19.823,395,-0.32274,-3.24240,0.54703,0,10,0,FALLBACK,0.0562,0.100,1.2197,0,none
19.873,396,-0.31657,-3.48128,0.55143,0,10,0,FALLBACK,0.0520,0.100,1.2202,0,none
19.924,397,-0.31007,-3.39347,0.49089,0,10,0,FALLBACK,0.0179,0.100,1.2208,0,none
19.974,398,-0.30200,-3.84731,0.53369,0,10,0,FALLBACK,-0.0304,0.100,1.2213,0,none
20.024,399,-0.28736,-3.65843,0.57358,0,10,0,FALLBACK,-0.1364,0.100,1.2218,0,none
20.075,400,-0.28891,-3.34222,0.49700,0,10,0,FALLBACK,-0.0477,0.100,1.2220,0,none
20.122,401,-0.29693,-3.66481,0.50260,0,10,0,FALLBACK,0.0247,0.100,1.2224,0,none
20.174,402,-0.30529,-3.95469,0.45281,0,10,0,FALLBACK,0.0683,0.100,1.2228,0,none
20.223,403,-0.31111,-3.72328,0.60454,0,10,0,FALLBACK,0.0847,0.100,1.2232,0,none
20.274,404,-0.31301,-3.31309,0.54868,0,10,0,FALLBACK,0.0745,0.100,1.2235,0,none
20.324,405,-0.31624,-3.27309,0.56529,0,10,0,FALLBACK,0.0973,0.100,1.2239,0,none
20.373,406,-0.31636,-3.82204,0.59113,0,10,0,FALLBACK,0.0824,0.100,1.2243,0,none
20.422,407,-0.31227,-3.80595,0.48822,0,10,0,FALLBACK,0.0409,0.100,1.2247,0,none
20.475,408,-0.30533,-3.97287,0.70232,0,10,0,FALLBACK,-0.0080,0.100,1.2252,0,none
20.525,409,-0.29688,-3.91488,0.62132,0,10,0,FALLBACK,-0.0578,0.100,1.2256,0,none
20.574,410,-0.28985,-3.81788,0.57201,0,10,0,FALLBACK,-0.0859,0.100,1.2260,0,none
20.623,411,-0.28613,-3.89515,0.63840,0,10,0,FALLBACK,-0.0879,0.100,1.2264,0,none
20.675,412,-0.28647,-3.61870,0.57586,0,10,0,FALLBACK,-0.0660,0.100,1.2268,0,none
20.723,413,-0.29016,-3.32341,0.55165,0,10,0,FALLBACK,-0.0307,0.100,1.2272,0,none
20.773,414,-0.29629,-3.45667,0.44911,0,10,0,FALLBACK,0.0121,0.100,1.2276,0,none
20.825,415,-0.30323,-3.66366,0.58988,0,10,0,FALLBACK,0.0509,0.100,1.2280,0,none
20.875,416,-0.30982,-3.19196,0.39489,0,10,0,FALLBACK,0.0820,0.100,1.2284,0,none
20.923,417,-0.31074,-3.57352,0.70952,0,10,0,FALLBACK,0.0583,0.100,1.2287,0,none
20.975,418,-0.30791,-3.10656,0.54341,0,10,0,FALLBACK,0.0254,0.100,1.2290,0,none
21.027,419,-0.30281,-3.64783,0.50128,0,10,0,FALLBACK,-0.0114,0.100,1.2294,0,none
21.077,420,-0.29961,-3.10110,0.43171,0,10,0,FALLBACK,-0.0179,0.100,1.2299,0,none
21.125,421,-0.28777,-3.30549,0.35623,0,10,0,FALLBACK,-0.1203,0.100,1.2303,0,none
21.177,422,-0.27706,-3.59877,0.47851,0,10,0,FALLBACK,-0.1683,0.100,1.2305,0,none
21.226,423,-0.27247,-3.70395,0.72882,0,10,0,FALLBACK,-0.1606,0.100,1.2306,0,none
21.275,424,-0.27707,-4.01419,0.72362,0,10,0,FALLBACK,-0.0916,0.100,1.2307,0,none
21.325,425,-0.28382,-3.66160,0.64677,0,10,0,FALLBACK,-0.0472,0.100,1.2311,0,none
21.375,426,-0.29364,-3.75435,0.67820,0,10,0,FALLBACK,0.0173,0.100,1.2315,0,none
21.425,427,-0.30464,-3.37326,0.55671,0,10,0,FALLBACK,0.0782,0.100,1.2319,0,none
21.477,428,-0.31219,-3.27284,0.70565,0,10,0,FALLBACK,0.0987,0.100,1.2321,0,none
21.526,429,-0.32163,-3.26893,0.40972,0,10,0,FALLBACK,0.1553,0.100,1.2324,0,none
21.575,430,-0.32646,-3.41485,0.56113,0,10,0,FALLBACK,0.1564,0.100,1.2325,0,none
21.626,431,-0.32415,-3.63971,0.67761,0,10,0,FALLBACK,0.1093,0.100,1.2326,0,none
21.674,432,-0.31572,-3.75996,0.52325,0,10,0,FALLBACK,0.0364,0.100,1.2329,0,none
21.726,433,-0.30168,-3.27808,0.45227,0,10,0,FALLBACK,-0.0618,0.100,1.2333,0,none
21.777,434,-0.28709,-3.12837,0.41246,0,10,0,FALLBACK,-0.1375,0.100,1.2337,0,none
21.828,435,-0.27641,-3.34720,0.63915,0,10,0,FALLBACK,-0.1714,0.100,1.2338,0,none
21.877,436,-0.27366,-3.54051,0.73787,0,10,0,FALLBACK,-0.1454,0.100,1.2339,0,none
21.927,437,-0.27571,-3.72466,0.62275,0,10,0,FALLBACK,-0.1112,0.100,1.2340,0,none
21.978,438,-0.28364,-3.86917,0.60262,0,10,0,FALLBACK,-0.0422,0.100,1.2344,0,none
22.027,439,-0.29566,-3.76155,0.55442,0,10,0,FALLBACK,0.0385,0.100,1.2347,0,none
22.061,440,-0.31420,-3.47631,0.58201,0,10,0,FALLBACK,0.1637,0.100,1.2351,0,none
22.111,441,-0.31345,-3.52043,0.61352,0,10,0,FALLBACK,0.0635,0.100,1.2348,0,none
22.163,442,-0.30538,-3.52021,0.46050,0,10,0,FALLBACK,-0.0135,0.100,1.2350,0,none
22.213,443,-0.29736,-3.45952,0.57354,0,10,0,FALLBACK,-0.0533,0.100,1.2353,0,none
22.261,444,-0.29491,-3.51198,0.55055,0,10,0,FALLBACK,-0.0377,0.100,1.2356,0,none
22.311,445,-0.28709,-3.39388,0.55868,0,10,0,FALLBACK,-0.1036,0.100,1.2360,0,none
22.361,446,-0.28172,-3.71124,0.64194,0,10,0,FALLBACK,-0.1182,0.100,1.2362,0,none
22.414,447,-0.28185,-3.67884,0.58486,0,10,0,FALLBACK,-0.0901,0.100,1.2364,0,none
22.462,448,-0.29344,-3.43627,0.50861,0,10,0,FALLBACK,0.0252,0.100,1.2367,0,none
22.512,449,-0.29033,-3.49377,0.40469,0,10,0,FALLBACK,-0.0639,0.100,1.2369,0,none
22.564,450,-0.28602,-3.60896,0.58192,0,10,0,FALLBACK,-0.0915,0.100,1.2371,0,none
22.617,451,-0.28608,-3.71764,0.56075,0,10,0,FALLBACK,-0.0693,0.100,1.2373,0,none
22.665,452,-0.29639,-3.78371,0.52600,0,10,0,FALLBACK,0.0335,0.100,1.2376,0,none
22.716,453,-0.29412,-3.53195,0.64163,0,10,0,FALLBACK,-0.0408,0.100,1.2378,0,none
22.766,454,-0.28967,-3.42217,0.51791,0,10,0,FALLBACK,-0.0739,0.100,1.2380,0,none
22.817,455,-0.28800,-3.44930,0.55148,0,10,0,FALLBACK,-0.0684,0.100,1.2383,0,none
22.866,456,-0.29316,-3.32434,0.50609,0,10,0,FALLBACK,-0.0084,0.100,1.2386,0,none
22.916,457,-0.29343,-3.81526,0.58340,0,10,0,FALLBACK,-0.0315,0.100,1.2389,0,none
22.967,458,-0.29346,-3.24019,0.43308,0,10,0,FALLBACK,-0.0325,0.100,1.2391,0,none
23.017,459,-0.29503,-3.36912,0.46802,0,10,0,FALLBACK,-0.0171,0.100,1.2394,0,none
23.067,460,-0.30773,-3.19500,0.38155,0,10,0,FALLBACK,0.1022,0.100,1.2397,0,none
23.115,461,-0.29780,-3.32041,0.48303,0,10,0,FALLBACK,-0.0607,0.100,1.2398,0,none
23.167,462,-0.28332,-3.41402,0.55594,0,10,0,FALLBACK,-0.1558,0.100,1.2397,0,none
23.218,463,-0.27419,-3.44775,0.47470,0,10,0,FALLBACK,-0.1747,0.100,1.2397,0,none
23.266,464,-0.27792,-3.73003,0.57965,0,10,0,FALLBACK,-0.0917,0.100,1.2397,0,none
23.318,465,-0.27882,-4.12911,0.47974,0,10,0,FALLBACK,-0.1014,0.100,1.2399,0,none
23.368,466,-0.28255,-3.76054,0.56241,0,10,0,FALLBACK,-0.0686,0.100,1.2402,0,none
23.417,467,-0.29026,-3.70402,0.41711,0,10,0,FALLBACK,-0.0101,0.100,1.2405,0,none
23.466,468,-0.30255,-3.62207,0.59130,0,10,0,FALLBACK,0.0742,0.100,1.2408,0,none
23.518,469,-0.30839,-3.76510,0.49560,0,10,0,FALLBACK,0.0711,0.100,1.2409,0,none
23.567,470,-0.30994,-3.80849,0.48462,0,10,0,FALLBACK,0.0575,0.100,1.2411,0,none
23.618,471,-0.30854,-3.78099,0.55420,0,10,0,FALLBACK,0.0357,0.100,1.2413,0,none
23.669,472,-0.31133,-4.14731,0.66962,0,10,0,FALLBACK,0.0706,0.100,1.2416,0,none
23.719,473,-0.29918,-3.62966,0.53787,0,10,0,FALLBACK,-0.0649,0.100,1.2419,0,none
23.769,474,-0.28474,-3.16940,0.43971,0,10,0,FALLBACK,-0.1485,0.100,1.2419,0,none
23.817,475,-0.27544,-3.64534,0.47921,0,10,0,FALLBACK,-0.1693,0.100,1.2419,0,none
23.868,476,-0.27576,-3.42851,0.44075,0,10,0,FALLBACK,-0.1196,0.100,1.2419,0,none
23.917,477,-0.27945,-3.46446,0.57262,0,10,0,FALLBACK,-0.0842,0.100,1.2421,0,none
23.969,478,-0.28728,-3.30932,0.60793,0,10,0,FALLBACK,-0.0245,0.100,1.2424,0,none
24.019,479,-0.29765,-3.87255,0.51930,0,10,0,FALLBACK,0.0401,0.100,1.2427,0,none
24.071,480,-0.31542,-3.58076,0.54034,0,10,0,FALLBACK,0.1660,0.100,1.2429,0,none
24.119,481,-0.31343,-3.43720,0.49305,0,10,0,FALLBACK,0.0572,0.100,1.2426,0,none
24.169,482,-0.30343,-4.02824,0.67072,0,10,0,FALLBACK,-0.0329,0.100,1.2427,0,none
24.225,483,-0.29300,-4.21574,0.82799,0,10,0,FALLBACK,-0.0872,0.100,1.2429,0,none
24.269,484,-0.30067,-3.58919,0.42607,0,10,0,FALLBACK,0.0417,0.100,1.2431,0,none
24.320,485,-0.28061,-3.55418,0.59932,0,10,0,FALLBACK,-0.1972,0.100,1.2432,0,none
24.370,486,-0.25927,-3.60415,0.48698,0,10,0,FALLBACK,-0.3103,0.100,1.2424,0,none
24.420,487,-0.25056,-3.90689,0.77764,0,10,0,FALLBACK,-0.2907,0.100,1.2416,0,none
24.472,488,-0.27271,-3.81507,0.53050,0,10,0,FALLBACK,-0.0257,0.100,1.2412,0,none
24.519,489,-0.27213,-3.52842,0.53996,0,10,0,FALLBACK,-0.1423,0.100,1.2411,0,none
24.569,490,-0.26975,-3.83786,0.43969,0,10,0,FALLBACK,-0.1631,0.100,1.2412,0,none
24.621,491,-0.27472,-3.70496,0.53984,0,10,0,FALLBACK,-0.1015,0.100,1.2413,0,none
24.670,492,-0.29852,-4.01378,0.59586,0,10,0,FALLBACK,0.1116,0.100,1.2415,0,none
24.721,493,-0.29966,-3.72416,0.52265,0,10,0,FALLBACK,0.0040,0.100,1.2412,0,none
24.769,494,-0.29387,-3.42044,0.71457,0,10,0,FALLBACK,-0.0596,0.100,1.2412,0,none
24.822,495,-0.28955,-3.62763,0.51591,0,10,0,FALLBACK,-0.0739,0.100,1.2415,0,none
24.871,496,-0.30520,-3.71546,0.59617,0,10,0,FALLBACK,0.1043,0.100,1.2417,0,none
24.921,497,-0.28928,-3.16336,0.42278,0,10,0,FALLBACK,-0.1332,0.100,1.2415,0,none
24.973,498,-0.26861,-3.18510,0.37150,0,10,0,FALLBACK,-0.2602,0.100,1.2410,0,none
25.023,499,-0.25779,-3.35943,0.61480,0,10,0,FALLBACK,-0.2652,0.100,1.2404,0,none
25.071,500,-0.27644,-3.46718,0.57874,0,10,0,FALLBACK,-0.0245,0.100,1.2401,0,none
25.121,501,-0.27174,-3.54714,0.52767,0,10,0,FALLBACK,-0.1648,0.100,1.2400,0,none
25.174,502,-0.26583,-3.79718,0.55319,0,10,0,FALLBACK,-0.2005,0.100,1.2400,0,none
25.224,503,-0.26875,-3.87925,0.64172,0,10,0,FALLBACK,-0.1417,0.100,1.2399,0,none
25.273,504,-0.29058,-4.14243,0.74047,0,10,0,FALLBACK,0.0621,0.100,1.2401,0,none
25.325,505,-0.29559,-3.81208,0.60153,0,10,0,FALLBACK,0.0030,0.100,1.2400,0,none
25.377,506,-0.29552,-3.75739,0.60144,0,10,0,FALLBACK,-0.0228,0.100,1.2402,0,none
25.427,507,-0.29584,-3.75418,0.62323,0,10,0,FALLBACK,-0.0192,0.100,1.2405,0,none
25.476,508,-0.30158,-3.98344,0.61095,0,10,0,FALLBACK,0.0367,0.100,1.2408,0,none
25.528,509,-0.29998,-3.92325,0.73611,0,10,0,FALLBACK,-0.0081,0.100,1.2410,0,none
25.575,510,-0.29641,-4.21850,0.62990,0,10,0,FALLBACK,-0.0357,0.100,1.2412,0,none
25.628,511,-0.29340,-4.21737,0.69081,0,10,0,FALLBACK,-0.0481,0.100,1.2415,0,none
25.675,512,-0.29233,-3.80858,0.60507,0,10,0,FALLBACK,-0.0437,0.100,1.2418,0,none
25.727,513,-0.29347,-3.85251,0.63030,0,10,0,FALLBACK,-0.0269,0.100,1.2420,0,none
25.776,514,-0.29559,-3.67658,0.52766,0,10,0,FALLBACK,-0.0114,0.100,1.2423,0,none
25.826,515,-0.29871,-3.37029,0.53388,0,10,0,FALLBACK,0.0091,0.100,1.2426,0,none
25.878,516,-0.30208,-3.10030,0.50236,0,10,0,FALLBACK,0.0273,0.100,1.2428,0,none
25.909,517,-0.30453,-3.39756,0.63235,0,10,0,FALLBACK,0.0349,0.100,1.2431,0,none
25.961,518,-0.31167,-3.07683,0.48592,0,10,0,FALLBACK,0.0940,0.100,1.2433,0,none
26.010,519,-0.31617,-3.22234,0.47024,0,10,0,FALLBACK,0.1033,0.100,1.2434,0,none
26.061,520,-0.31568,-3.32061,0.54535,0,10,0,FALLBACK,0.0760,0.100,1.2435,0,none
26.111,521,-0.31077,-3.28908,0.60238,0,10,0,FALLBACK,0.0293,0.100,1.2438,0,none
26.159,522,-0.30813,-3.48012,0.45837,0,10,0,FALLBACK,0.0275,0.100,1.2441,0,none
26.209,523,-0.30493,-3.91930,0.61817,0,10,0,FALLBACK,0.0086,0.100,1.2443,0,none
26.261,524,-0.30087,-3.66978,0.49429,0,10,0,FALLBACK,-0.0160,0.100,1.2446,0,none
26.310,525,-0.29578,-3.36369,0.55808,0,10,0,FALLBACK,-0.0466,0.100,1.2448,0,none
26.359,526,-0.30522,-3.48286,0.54073,0,10,0,FALLBACK,0.0733,0.100,1.2450,0,none
26.411,527,-0.31499,-3.19477,0.40203,0,10,0,FALLBACK,0.1238,0.100,1.2451,0,none
26.460,528,-0.31909,-3.28232,0.54128,0,10,0,FALLBACK,0.1160,0.100,1.2450,0,none
26.509,529,-0.31560,-3.41977,0.55812,0,10,0,FALLBACK,0.0605,0.100,1.2451,0,none
26.560,530,-0.32209,-3.20035,0.47971,0,10,0,FALLBACK,0.1429,0.100,1.2454,0,none
26.613,531,-0.32535,-3.14559,0.63450,0,10,0,FALLBACK,0.1430,0.100,1.2454,0,none
26.663,532,-0.32130,-3.32898,0.46153,0,10,0,FALLBACK,0.0863,0.100,1.2454,0,none
26.713,533,-0.30946,-3.31496,0.62261,0,10,0,FALLBACK,-0.0119,0.100,1.2457,0,none
26.761,534,-0.31388,-3.22244,0.46563,0,10,0,FALLBACK,0.0915,0.100,1.2459,0,none
26.810,535,-0.31840,-2.97249,0.55625,0,10,0,FALLBACK,0.1146,0.100,1.2459,0,none
26.860,536,-0.31716,-2.94074,0.43364,0,10,0,FALLBACK,0.0796,0.100,1.2460,0,none
26.911,537,-0.30886,-3.32415,0.55844,0,10,0,FALLBACK,0.0028,0.100,1.2462,0,none
26.960,538,-0.31284,-3.24509,0.63664,0,10,0,FALLBACK,0.0841,0.100,1.2464,0,none
27.013,539,-0.31638,-3.31220,0.53543,0,10,0,FALLBACK,0.0996,0.100,1.2465,0,none
27.062,540,-0.31492,-3.50992,0.51068,0,10,0,FALLBACK,0.0673,0.100,1.2466,0,none
27.112,541,-0.30865,-3.50390,0.43833,0,10,0,FALLBACK,0.0119,0.100,1.2468,0,none
27.160,542,-0.30514,-3.89395,0.63760,0,10,0,FALLBACK,0.0081,0.100,1.2471,0,none
27.211,543,-0.30192,-3.59481,0.66805,0,10,0,FALLBACK,-0.0064,0.100,1.2473,0,none
27.260,544,-0.29862,-3.83818,0.63135,0,10,0,FALLBACK,-0.0234,0.100,1.2475,0,none
27.310,545,-0.29640,-3.85680,0.60738,0,10,0,FALLBACK,-0.0291,0.100,1.2477,0,none
27.360,546,-0.29344,-3.82714,0.55579,0,10,0,FALLBACK,-0.0476,0.100,1.2479,0,none
27.411,547,-0.29210,-3.94363,0.65062,0,10,0,FALLBACK,-0.0462,0.100,1.2481,0,none
27.461,548,-0.29302,-3.89021,0.64957,0,10,0,FALLBACK,-0.0304,0.100,1.2483,0,none
27.510,549,-0.29457,-3.74555,0.53380,0,10,0,FALLBACK,-0.0194,0.100,1.2485,0,none
27.560,550,-0.30260,-3.53933,0.51008,0,10,0,FALLBACK,0.0532,0.100,1.2487,0,none
27.612,551,-0.31014,-3.69446,0.52145,0,10,0,FALLBACK,0.0884,0.100,1.2488,0,none
27.661,552,-0.31384,-3.52641,0.44036,0,10,0,FALLBACK,0.0877,0.100,1.2489,0,none
27.712,553,-0.31423,-3.58271,0.54811,0,10,0,FALLBACK,0.0731,0.100,1.2490,0,none
27.763,554,-0.30598,-3.57660,0.49307,0,10,0,FALLBACK,-0.0114,0.100,1.2492,0,none
27.812,555,-0.29619,-3.30476,0.45310,0,10,0,FALLBACK,-0.0680,0.100,1.2494,0,none
27.865,556,-0.28898,-3.46179,0.54327,0,10,0,FALLBACK,-0.0912,0.100,1.2495,0,none
27.913,557,-0.28674,-3.59133,0.52437,0,10,0,FALLBACK,-0.0775,0.100,1.2496,0,none
27.965,558,-0.28359,-3.38486,0.44251,0,10,0,FALLBACK,-0.0978,0.100,1.2498,0,none
28.014,559,-0.28391,-3.35572,0.57710,0,10,0,FALLBACK,-0.0789,0.100,1.2499,0,none
28.062,560,-0.28838,-3.58687,0.72801,0,10,0,FALLBACK,-0.0357,0.100,1.2501,0,none
28.116,561,-0.29774,-3.61132,0.54140,0,10,0,FALLBACK,0.0355,0.100,1.2503,0,none
28.163,562,-0.29436,-3.50660,0.46907,0,10,0,FALLBACK,-0.0451,0.100,1.2504,0,none
28.216,563,-0.28925,-3.64978,0.42030,0,10,0,FALLBACK,-0.0793,0.100,1.2505,0,none
28.264,564,-0.28727,-3.93589,0.59529,0,10,0,FALLBACK,-0.0735,0.100,1.2506,0,none
28.316,565,-0.29132,-3.84102,0.68834,0,10,0,FALLBACK,-0.0232,0.100,1.2507,0,none
28.365,566,-0.28637,-3.77340,0.65463,0,10,0,FALLBACK,-0.0929,0.100,1.2509,0,none
28.415,567,-0.28235,-3.72834,0.55470,0,10,0,FALLBACK,-0.1084,0.100,1.2510,0,none
28.464,568,-0.28328,-3.59566,0.57346,0,10,0,FALLBACK,-0.0789,0.100,1.2510,0,none
28.513,569,-0.29158,-4.07116,0.62045,0,10,0,FALLBACK,-0.0006,0.100,1.2512,0,none
28.565,570,-0.28654,-3.79952,0.55051,0,10,0,FALLBACK,-0.0925,0.100,1.2513,0,none
28.617,571,-0.28128,-3.99391,0.69092,0,10,0,FALLBACK,-0.1199,0.100,1.2513,0,none
28.663,572,-0.28128,-4.02984,0.53208,0,10,0,FALLBACK,-0.0936,0.100,1.2514,0,none
28.715,573,-0.28905,-3.75991,0.47223,0,10,0,FALLBACK,-0.0159,0.100,1.2515,0,none
28.766,574,-0.28515,-3.75645,0.64112,0,10,0,FALLBACK,-0.0938,0.100,1.2516,0,none
28.817,575,-0.28161,-3.56064,0.52216,0,10,0,FALLBACK,-0.1097,0.100,1.2517,0,none
28.865,576,-0.28309,-3.53699,0.53719,0,10,0,FALLBACK,-0.0772,0.100,1.2517,0,none
28.918,577,-0.29158,-3.80543,0.54753,0,10,0,FALLBACK,0.0004,0.100,1.2519,0,none
28.967,578,-0.28681,-3.77102,0.58470,0,10,0,FALLBACK,-0.0898,0.100,1.2520,0,none
29.016,579,-0.28181,-3.67113,0.55038,0,10,0,FALLBACK,-0.1159,0.100,1.2520,0,none
29.067,580,-0.28193,-3.56592,0.45339,0,10,0,FALLBACK,-0.0898,0.100,1.2521,0,none
29.116,581,-0.28956,-3.49080,0.43802,0,10,0,FALLBACK,-0.0140,0.100,1.2522,0,none
29.165,582,-0.28202,-3.44228,0.55875,0,10,0,FALLBACK,-0.1276,0.100,1.2523,0,none
29.218,583,-0.27509,-3.60246,0.57111,0,10,0,FALLBACK,-0.1592,0.100,1.2522,0,none
29.267,584,-0.27532,-3.48290,0.56821,0,10,0,FALLBACK,-0.1223,0.100,1.2521,0,none
29.317,585,-0.28413,-4.01642,0.67145,0,10,0,FALLBACK,-0.0353,0.100,1.2522,0,none
29.365,586,-0.28394,-3.88151,0.61425,0,10,0,FALLBACK,-0.0813,0.100,1.2524,0,none
29.419,587,-0.28450,-3.83052,0.50923,0,10,0,FALLBACK,-0.0747,0.100,1.2525,0,none
29.467,588,-0.28896,-3.96261,0.60819,0,10,0,FALLBACK,-0.0329,0.100,1.2526,0,none
29.519,589,-0.29773,-3.88120,0.56058,0,10,0,FALLBACK,0.0325,0.100,1.2528,0,none
29.568,590,-0.29046,-3.68491,0.58720,0,10,0,FALLBACK,-0.0841,0.100,1.2529,0,none
29.618,591,-0.28192,-3.70449,0.61820,0,10,0,FALLBACK,-0.1331,0.100,1.2528,0,none
29.668,592,-0.27881,-3.77932,0.51611,0,10,0,FALLBACK,-0.1215,0.100,1.2528,0,none
29.718,593,-0.28348,-3.23245,0.46106,0,10,0,FALLBACK,-0.0593,0.100,1.2528,0,none
29.767,594,-0.27145,-3.73262,0.65123,0,10,0,FALLBACK,-0.2029,0.100,1.2530,0,none
29.819,595,-0.26245,-3.42388,0.49591,0,10,0,FALLBACK,-0.2328,0.100,1.2526,0,none
29.869,596,-0.26436,-3.91815,0.47501,0,10,0,FALLBACK,-0.1686,0.100,1.2522,0,none
29.920,597,-0.27710,-3.64395,0.53752,0,10,0,FALLBACK,-0.0508,0.100,1.2522,0,none
29.969,598,-0.27871,-3.95314,0.67236,0,10,0,FALLBACK,-0.0984,0.100,1.2524,0,none
30.021,599,-0.28125,-3.74959,0.76789,0,10,0,FALLBACK,-0.0810,0.100,1.2526,0,none
30.070,600,-0.28834,-4.15983,0.54879,0,10,0,FALLBACK,-0.0229,0.100,1.2527,0,none
30.120,601,-0.29855,-3.67302,0.48927,0,10,0,FALLBACK,0.0438,0.100,1.2528,0,none
30.171,602,-0.29216,-4.30158,0.76406,0,10,0,FALLBACK,-0.0711,0.100,1.2529,0,none
30.220,603,-0.28397,-4.26636,0.75440,0,10,0,FALLBACK,-0.1211,0.100,1.2529,0,none
30.270,604,-0.29232,-3.85925,0.49766,0,10,0,FALLBACK,0.0033,0.100,1.2529,0,none
30.321,605,-0.28214,-4.95743,0.62268,0,10,0,FALLBACK,-0.1402,0.100,1.2529,0,none
30.371,606,-0.27156,-4.68719,0.66971,0,10,0,FALLBACK,-0.1952,0.100,1.2527,0,none
30.421,607,-0.26917,-4.63193,0.83377,0,10,0,FALLBACK,-0.1661,0.100,1.2524,0,none
30.473,608,-0.27924,-4.61115,0.78405,0,10,0,FALLBACK,-0.0535,0.100,1.2524,0,none
30.523,609,-0.28870,-4.80263,0.68405,0,10,0,FALLBACK,-0.0092,0.100,1.2525,0,none
30.572,610,-0.29864,-4.46378,0.60635,0,10,0,FALLBACK,0.0428,0.100,1.2527,0,none
30.619,611,-0.30784,-3.73722,0.68408,0,10,0,FALLBACK,0.0852,0.100,1.2528,0,none
30.671,612,-0.31001,-4.14639,0.60599,0,10,0,FALLBACK,0.0609,0.100,1.2529,0,none
30.722,613,-0.31678,-3.94367,0.61755,0,10,0,FALLBACK,0.1177,0.100,1.2529,0,none
30.770,614,-0.32070,-3.90629,0.62893,0,10,0,FALLBACK,0.1231,0.100,1.2530,0,none
30.820,615,-0.31882,-3.73603,0.52852,0,10,0,FALLBACK,0.0847,0.100,1.2530,0,none
30.872,616,-0.29962,-3.40905,0.52576,0,10,0,FALLBACK,-0.0979,0.100,1.2531,0,none
30.922,617,-0.30350,-3.12077,0.70131,0,10,0,FALLBACK,0.0369,0.100,1.2528,0,none
30.973,618,-0.31294,-2.58719,0.81626,0,10,0,FALLBACK,0.1119,0.100,1.2529,0,none
31.023,619,-0.31865,-0.81010,0.86437,0,10,0,FALLBACK,0.1219,0.100,1.2528,0,none
31.073,620,-0.30277,-0.31819,0.70094,0,10,0,FALLBACK,-0.0656,0.100,1.2527,0,none
31.122,621,-0.31431,0.28901,0.38076,0,10,0,FALLBACK,0.1293,0.100,1.2525,0,none
31.174,622,-0.32941,0.61426,0.31100,0,10,0,FALLBACK,0.2226,0.100,1.2522,0,none
31.225,623,-0.33579,1.02281,0.35408,0,10,0,FALLBACK,0.2108,0.100,1.2516,0,none
31.273,624,-0.31420,1.36643,0.19212,1,10,0,FALLBACK,-0.0370,0.100,1.2514,0,none
31.323,625,-0.31942,2.05318,0.30908,0,10,0,FALLBACK,0.1232,0.100,1.2510,0,none
31.374,626,-0.32825,1.94358,0.27963,1,10,0,FALLBACK,0.1854,0.100,1.2510,0,none
31.424,627,-0.32946,2.04793,0.28523,0,10,0,FALLBACK,0.1534,0.100,1.2507,0,none
31.473,628,-0.29759,1.97053,0.48305,0,10,0,FALLBACK,-0.1715,0.100,1.2506,0,none
31.525,629,-0.31035,2.36038,0.99936,0,10,0,FALLBACK,0.1156,0.100,1.2494,0,none
31.573,630,-0.33264,4.06121,1.12492,0,10,0,FALLBACK,0.2746,0.100,1.2487,0,none
31.624,631,-0.34599,0.56759,0.34461,0,10,0,FALLBACK,0.2968,0.100,1.2481,0,none
31.674,632,-0.34508,1.04811,0.39251,0,10,0,FALLBACK,0.2208,0.100,1.2471,0,none
31.725,633,-0.32997,1.88894,0.37768,0,10,0,FALLBACK,0.0743,0.100,1.2469,0,none
31.777,634,-0.32619,0.53048,1.80016,0,10,0,FALLBACK,0.1120,0.100,1.2472,0,none
31.825,635,-0.32083,-3.75170,0.63216,0,10,0,FALLBACK,0.0774,0.100,1.2476,0,none
31.874,636,-0.31092,-2.95223,0.47051,0,10,0,FALLBACK,0.0050,0.100,1.2477,0,none
31.926,637,-0.29661,-2.49614,0.57788,0,10,0,FALLBACK,-0.0885,0.100,1.2479,0,none
31.976,638,-0.30020,-2.74694,0.50992,0,10,0,FALLBACK,0.0189,0.100,1.2481,0,none
32.026,639,-0.30862,-4.24706,0.91783,0,10,0,FALLBACK,0.0852,0.100,1.2482,0,none
32.075,640,-0.31656,-3.12334,0.95020,0,10,0,FALLBACK,0.1225,0.100,1.2482,0,none
32.125,641,-0.31810,-0.91636,0.46348,0,10,0,FALLBACK,0.0982,0.100,1.2482,0,none
32.176,642,-0.32721,1.03028,0.23614,1,10,0,FALLBACK,0.1816,0.100,1.2482,0,none
32.228,643,-0.33204,1.16638,0.44961,0,10,0,FALLBACK,0.1843,0.100,1.2483,0,none
32.275,644,-0.32834,-2.45685,0.45099,0,10,0,FALLBACK,0.1232,0.100,1.2480,0,none
32.325,645,-0.31389,-1.52171,0.35662,0,10,0,FALLBACK,-0.0028,0.100,1.2481,0,none
32.375,646,-0.31787,-1.74446,0.65891,0,10,0,FALLBACK,0.1092,0.100,1.2484,0,none
32.425,647,-0.32308,-2.08571,0.67729,0,10,0,FALLBACK,0.1415,0.100,1.2485,0,none
32.477,648,-0.32288,-3.59653,0.75404,0,10,0,FALLBACK,0.1134,0.100,1.2484,0,none
32.528,649,-0.31140,-1.37907,0.47101,0,10,0,FALLBACK,-0.0003,0.100,1.2484,0,none
32.577,650,-0.32724,-0.32694,0.45409,0,10,0,FALLBACK,0.2154,0.100,1.2486,0,none
32.627,651,-0.34369,0.31925,0.16684,1,10,0,FALLBACK,0.3007,0.100,1.2483,0,none
32.679,652,-0.34870,-1.17424,0.92138,0,10,0,FALLBACK,0.2686,0.100,1.2473,0,none
32.728,653,-0.33436,-3.21657,0.52950,0,10,0,FALLBACK,0.1001,0.100,1.2466,0,none
32.777,654,-0.33663,-2.75983,0.56919,0,10,0,FALLBACK,0.1945,0.100,1.2468,0,none
32.827,655,-0.33619,-2.77988,0.48273,0,10,0,FALLBACK,0.1787,0.100,1.2470,0,none
32.860,656,-0.32714,-2.84511,0.55786,0,10,0,FALLBACK,0.0905,0.100,1.2469,0,none
32.910,657,-0.30620,-2.79989,0.38716,0,10,0,FALLBACK,-0.0737,0.100,1.2472,0,none
32.961,658,-0.31301,-2.97425,0.56995,0,10,0,FALLBACK,0.0991,0.100,1.2472,0,none
33.013,659,-0.32233,-2.89711,0.49170,0,10,0,FALLBACK,0.1583,0.100,1.2470,0,none
33.062,660,-0.32390,-2.84682,0.64327,0,10,0,FALLBACK,0.1274,0.100,1.2468,0,none
33.111,661,-0.31359,-2.92042,0.49803,0,10,0,FALLBACK,0.0164,0.100,1.2469,0,none
33.164,662,-0.32128,-2.82092,0.55457,0,10,0,FALLBACK,0.1449,0.100,1.2471,0,none
33.211,663,-0.32758,-3.05453,0.51701,0,10,0,FALLBACK,0.1694,0.100,1.2469,0,none
33.261,664,-0.32542,-2.89878,0.50102,0,10,0,FALLBACK,0.1162,0.100,1.2468,0,none
33.310,665,-0.31063,-3.22016,0.74355,0,10,0,FALLBACK,-0.0208,0.100,1.2470,0,none
33.363,666,-0.31829,-3.10174,0.35558,0,10,0,FALLBACK,0.1298,0.100,1.2472,0,none
33.412,667,-0.32614,-3.28581,0.56584,0,10,0,FALLBACK,0.1700,0.100,1.2470,0,none
33.460,668,-0.32559,-3.29377,0.44487,0,10,0,FALLBACK,0.1252,0.100,1.2468,0,none
33.513,669,-0.31074,-3.34768,0.48145,0,10,0,FALLBACK,-0.0205,0.100,1.2469,0,none
33.561,670,-0.32103,-3.28546,0.51786,0,10,0,FALLBACK,0.1566,0.100,1.2471,0,none
33.613,671,-0.33112,-3.37649,0.58278,0,10,0,FALLBACK,0.2061,0.100,1.2467,0,none
33.663,672,-0.33106,-3.12594,0.54978,0,10,0,FALLBACK,0.1550,0.100,1.2463,0,none
33.713,673,-0.31726,-2.98573,0.67902,0,10,0,FALLBACK,0.0173,0.100,1.2465,0,none
33.762,674,-0.31771,-3.41240,0.62490,0,10,0,FALLBACK,0.0908,0.100,1.2467,0,none
33.812,675,-0.31814,-3.51964,0.60005,0,10,0,FALLBACK,0.0928,0.100,1.2468,0,none
33.862,676,-0.31362,-3.31328,0.55165,0,10,0,FALLBACK,0.0455,0.100,1.2470,0,none
33.912,677,-0.30307,-3.58850,0.56016,0,10,0,FALLBACK,-0.0373,0.100,1.2472,0,none
33.963,678,-0.30198,-3.45190,0.51601,0,10,0,FALLBACK,0.0045,0.100,1.2474,0,none
34.012,679,-0.30292,-3.95668,0.67920,0,10,0,FALLBACK,0.0193,0.100,1.2476,0,none
34.064,680,-0.30285,-3.60906,0.51292,0,10,0,FALLBACK,0.0139,0.100,1.2478,0,none
34.114,681,-0.30102,-3.45948,0.46770,0,10,0,FALLBACK,-0.0041,0.100,1.2480,0,none
34.163,682,-0.30160,-3.65546,0.60126,0,10,0,FALLBACK,0.0109,0.100,1.2482,0,none
34.214,683,-0.30235,-3.63374,0.50171,0,10,0,FALLBACK,0.0155,0.100,1.2484,0,none
34.265,684,-0.30237,-3.85794,0.56682,0,10,0,FALLBACK,0.0119,0.100,1.2486,0,none
34.314,685,-0.30378,-3.95097,0.63629,0,10,0,FALLBACK,0.0260,0.100,1.2488,0,none
34.365,686,-0.29738,-4.01818,0.70307,0,10,0,FALLBACK,-0.0451,0.100,1.2490,0,none
34.415,687,-0.29084,-3.90374,0.67224,0,10,0,FALLBACK,-0.0785,0.100,1.2491,0,none
34.466,688,-0.28772,-4.01812,0.65984,0,10,0,FALLBACK,-0.0770,0.100,1.2492,0,none
34.516,689,-0.28842,-3.81667,0.50249,0,10,0,FALLBACK,-0.0543,0.100,1.2494,0,none
34.566,690,-0.29217,-3.96783,0.52176,0,10,0,FALLBACK,-0.0204,0.100,1.2496,0,none
34.615,691,-0.29768,-3.73848,0.61737,0,10,0,FALLBACK,0.0159,0.100,1.2498,0,none
34.667,692,-0.30336,-3.60777,0.53231,0,10,0,FALLBACK,0.0452,0.100,1.2499,0,none
34.715,693,-0.30786,-3.32126,0.54266,0,10,0,FALLBACK,0.0618,0.100,1.2501,0,none
34.767,694,-0.30921,-3.32274,0.54390,0,10,0,FALLBACK,0.0528,0.100,1.2502,0,none
34.815,695,-0.30773,-3.42742,0.49699,0,10,0,FALLBACK,0.0313,0.100,1.2504,0,none
34.863,696,-0.30426,-3.21718,0.67978,0,10,0,FALLBACK,0.0040,0.100,1.2506,0,none
34.915,697,-0.29877,-3.63599,0.54424,0,10,0,FALLBACK,-0.0336,0.100,1.2508,0,none
34.967,698,-0.29762,-3.29121,0.62958,0,10,0,FALLBACK,-0.0177,0.100,1.2509,0,none
35.014,699,-0.29824,-3.26430,0.63628,0,10,0,FALLBACK,-0.0057,0.100,1.2511,0,none
35.066,700,-0.29935,-3.04613,0.44106,0,10,0,FALLBACK,0.0024,0.100,1.2513,0,none
35.115,701,-0.29589,-2.84439,0.46103,0,10,0,FALLBACK,-0.0379,0.100,1.2515,0,none
35.167,702,-0.30800,-3.09210,0.46434,0,10,0,FALLBACK,0.1006,0.100,1.2516,0,none
35.214,703,-0.32101,-3.35529,0.63639,0,10,0,FALLBACK,0.1701,0.100,1.2515,0,none
35.264,704,-0.32737,-3.12686,0.50151,0,10,0,FALLBACK,0.1686,0.100,1.2512,0,none
35.315,705,-0.31871,-3.08515,0.51966,0,10,0,FALLBACK,0.0502,0.100,1.2511,0,none
35.366,706,-0.32524,-3.30034,0.45156,0,10,0,FALLBACK,0.1589,0.100,1.2512,0,none
35.416,707,-0.33021,-3.45838,0.49665,0,10,0,FALLBACK,0.1758,0.100,1.2512,0,none
35.466,708,-0.32688,-3.36818,0.55080,0,10,0,FALLBACK,0.1178,0.100,1.2510,0,none
35.519,709,-0.30875,-3.21383,0.54742,0,10,0,FALLBACK,-0.0469,0.100,1.2511,0,none
35.564,710,-0.31094,-3.26316,0.47948,0,10,0,FALLBACK,0.0657,0.100,1.2511,0,none
35.615,711,-0.31649,-3.35496,0.41895,0,10,0,FALLBACK,0.1102,0.100,1.2512,0,none
35.665,712,-0.31756,-3.41536,0.61989,0,10,0,FALLBACK,0.0932,0.100,1.2512,0,none
35.714,713,-0.30163,-2.87977,0.58528,0,10,0,FALLBACK,-0.0715,0.100,1.2512,0,none
35.767,714,-0.31936,-3.17940,0.41966,0,10,0,FALLBACK,0.1855,0.100,1.2511,0,none
35.817,715,-0.33998,-2.76763,0.63878,0,10,0,FALLBACK,0.3030,0.100,1.2503,0,none
35.868,716,-0.34814,-2.69022,0.48057,0,10,0,FALLBACK,0.2815,0.100,1.2492,0,none
35.915,717,-0.32444,-2.82313,0.49967,0,10,0,FALLBACK,0.0037,0.100,1.2486,0,none
35.968,718,-0.34074,-2.69463,0.54697,0,10,0,FALLBACK,0.2852,0.100,1.2483,0,none
36.018,719,-0.35827,-1.75787,0.69163,0,10,0,FALLBACK,0.3790,0.100,1.2472,0,none
36.068,720,-0.35889,-2.66729,0.68446,0,10,0,FALLBACK,0.2975,0.100,1.2457,0,none
36.117,721,-0.31986,-3.01042,0.52855,0,10,0,FALLBACK,-0.0958,0.100,1.2453,0,none
36.167,722,-0.33324,-2.65625,0.67938,0,10,0,FALLBACK,0.2331,0.100,1.2441,0,none
36.217,723,-0.35372,-2.77651,0.83005,0,10,0,FALLBACK,0.3711,0.100,1.2431,0,none
36.267,724,-0.35863,-3.07405,0.59273,0,10,0,FALLBACK,0.3177,0.100,1.2415,0,none
36.317,725,-0.32095,-3.08106,0.58457,0,10,0,FALLBACK,-0.0837,0.100,1.2409,0,none
36.367,726,-0.33580,-3.16835,0.59109,0,10,0,FALLBACK,0.2533,0.100,1.2396,0,none
36.416,727,-0.35733,-2.92408,0.48856,0,10,0,FALLBACK,0.3943,0.100,1.2385,0,none
36.469,728,-0.36226,-3.37628,0.56961,0,10,0,FALLBACK,0.3360,0.100,1.2368,0,none
36.517,729,-0.32495,-3.55870,0.52912,0,10,0,FALLBACK,-0.0619,0.100,1.2362,0,none
36.567,730,-0.33206,-2.90371,0.39070,0,10,0,FALLBACK,0.1959,0.100,1.2351,0,none
36.618,731,-0.34571,-3.09518,0.45850,0,10,0,FALLBACK,0.2968,0.100,1.2349,0,none
36.667,732,-0.34702,-3.59338,0.47323,0,10,0,FALLBACK,0.2416,0.100,1.2341,0,none
36.719,733,-0.31047,-3.05853,0.36531,0,10,0,FALLBACK,-0.1304,0.100,1.2340,0,none
36.768,734,-0.32000,-3.10014,0.45245,0,10,0,FALLBACK,0.1477,0.100,1.2328,0,none
36.818,735,-0.33828,-3.06436,0.52539,0,10,0,FALLBACK,0.2828,0.100,1.2324,0,none
36.868,736,-0.34560,-2.88605,0.62019,0,10,0,FALLBACK,0.2646,0.100,1.2316,0,none
36.918,737,-0.31349,-3.23439,0.46262,0,10,0,FALLBACK,-0.0931,0.100,1.2313,0,none
36.968,738,-0.32558,-2.94623,0.60273,0,10,0,FALLBACK,0.1883,0.100,1.2303,0,none
37.019,739,-0.34445,-2.08020,0.85722,0,10,0,FALLBACK,0.3167,0.100,1.2299,0,none
37.070,740,-0.35066,-2.67588,0.65107,0,10,0,FALLBACK,0.2843,0.100,1.2289,0,none
37.119,741,-0.30557,-3.05303,0.69546,0,10,0,FALLBACK,-0.1976,0.100,1.2286,0,none
37.171,742,-0.32346,-2.90262,0.52190,0,10,0,FALLBACK,0.2067,0.100,1.2260,0,none
37.220,743,-0.35354,-2.32333,0.66408,0,10,0,FALLBACK,0.4181,0.100,1.2246,0,none
37.270,744,-0.36748,-2.78987,0.70242,0,10,0,FALLBACK,0.4071,0.100,1.2225,0,none
37.321,745,-0.35964,-3.41766,0.52990,0,10,0,FALLBACK,0.2591,0.100,1.2215,0,none
37.369,746,-0.33175,-3.18950,0.45479,0,10,0,FALLBACK,0.0193,0.100,1.2218,0,none
37.420,747,-0.32829,-3.17014,0.35413,0,10,0,FALLBACK,0.1242,0.100,1.2223,0,none
37.471,748,-0.32712,-3.26082,0.43159,0,10,0,FALLBACK,0.1297,0.100,1.2229,0,none
37.520,749,-0.31965,-3.17175,0.54763,0,10,0,FALLBACK,0.0609,0.100,1.2231,0,none
37.571,750,-0.29851,-3.55534,0.50995,0,10,0,FALLBACK,-0.1132,0.100,1.2236,0,none
37.621,751,-0.31442,-3.39036,0.56085,0,10,0,FALLBACK,0.1516,0.100,1.2236,0,none
37.672,752,-0.33529,-3.22639,0.45830,0,10,0,FALLBACK,0.2808,0.100,1.2231,0,none
37.721,753,-0.34505,-3.09317,0.73043,0,10,0,FALLBACK,0.2741,0.100,1.2224,0,none
37.772,754,-0.32977,-3.19672,0.53426,0,10,0,FALLBACK,0.0725,0.100,1.2222,0,none
37.822,755,-0.34154,-3.42115,0.48197,0,10,0,FALLBACK,0.2665,0.100,1.2225,0,none
37.871,756,-0.35157,-3.32017,0.59821,0,10,0,FALLBACK,0.3080,0.100,1.2222,0,none
37.923,757,-0.34760,-3.50923,0.60026,0,10,0,FALLBACK,0.2182,0.100,1.2217,0,none
37.971,758,-0.31276,-3.13186,0.46482,0,10,0,FALLBACK,-0.1104,0.100,1.2219,0,none
38.024,759,-0.32307,-3.24833,0.48087,0,10,0,FALLBACK,0.1669,0.100,1.2213,0,none
38.073,760,-0.34068,-3.35016,0.58362,0,10,0,FALLBACK,0.2914,0.100,1.2210,0,none
38.124,761,-0.34657,-3.10819,0.55624,0,10,0,FALLBACK,0.2623,0.100,1.2203,0,none
38.174,762,-0.31766,-3.21973,0.39849,0,10,0,FALLBACK,-0.0562,0.100,1.2201,0,none
38.224,763,-0.33100,-3.14590,0.58321,0,10,0,FALLBACK,0.2217,0.100,1.2197,0,none
38.272,764,-0.34907,-3.10729,0.70971,0,10,0,FALLBACK,0.3357,0.100,1.2192,0,none
38.323,765,-0.35322,-3.52947,0.53538,0,10,0,FALLBACK,0.2869,0.100,1.2183,0,none
38.374,766,-0.31861,-3.62145,0.46082,0,10,0,FALLBACK,-0.0800,0.100,1.2182,0,none
38.423,767,-0.32642,-3.68583,0.48409,0,10,0,FALLBACK,0.1711,0.100,1.2174,0,none
38.474,768,-0.34111,-3.89152,0.57044,0,10,0,FALLBACK,0.2790,0.100,1.2174,0,none
38.524,769,-0.34462,-3.41485,0.51235,0,10,0,FALLBACK,0.2406,0.100,1.2169,0,none
38.574,770,-0.30865,-3.22838,0.59732,0,10,0,FALLBACK,-0.1366,0.100,1.2168,0,none
38.625,771,-0.31606,-3.16241,0.44666,0,10,0,FALLBACK,0.1173,0.100,1.2166,0,none
38.674,772,-0.33343,-3.19888,0.46701,0,10,0,FALLBACK,0.2540,0.100,1.2160,0,none
38.726,773,-0.34401,-3.22674,0.57335,0,10,0,FALLBACK,0.2729,0.100,1.2156,0,none
38.777,774,-0.34135,-3.13562,0.49479,0,10,0,FALLBACK,0.1934,0.100,1.2152,0,none
38.825,775,-0.32389,-3.46346,0.31211,0,10,0,FALLBACK,0.0322,0.100,1.2154,0,none
38.876,776,-0.32654,-3.02560,0.54701,0,10,0,FALLBACK,0.1459,0.100,1.2161,0,none
38.926,777,-0.32971,-2.71906,0.67654,0,10,0,FALLBACK,0.1644,0.100,1.2165,0,none
38.978,778,-0.32624,-2.95899,0.50508,0,10,0,FALLBACK,0.1138,0.100,1.2167,0,none
39.026,779,-0.30864,-2.83671,0.55660,0,10,0,FALLBACK,-0.0448,0.100,1.2171,0,none
39.077,780,-0.31860,-3.15824,0.44144,0,10,0,FALLBACK,0.1428,0.100,1.2175,0,none
39.126,781,-0.33191,-3.21727,0.42118,0,10,0,FALLBACK,0.2261,0.100,1.2177,0,none
39.175,782,-0.33759,-3.26343,0.55463,0,10,0,FALLBACK,0.2164,0.100,1.2175,0,none
39.226,783,-0.32380,-3.08294,0.43624,0,10,0,FALLBACK,0.0500,0.100,1.2174,0,none
39.277,784,-0.33039,-2.96100,0.63194,0,10,0,FALLBACK,0.1849,0.100,1.2178,0,none
39.327,785,-0.33647,-3.47104,0.45374,0,10,0,FALLBACK,0.2128,0.100,1.2182,0,none
39.379,786,-0.33401,-3.34437,0.44339,0,10,0,FALLBACK,0.1577,0.100,1.2182,0,none
39.427,787,-0.31390,-3.67828,0.63796,0,10,0,FALLBACK,-0.0311,0.100,1.2184,0,none
39.476,788,-0.31132,-3.80377,0.55267,0,10,0,FALLBACK,0.0437,0.100,1.2189,0,none
39.510,789,-0.31216,-4.04115,0.65902,0,10,0,FALLBACK,0.0650,0.100,1.2193,0,none
39.561,790,-0.31077,-3.70971,0.57050,0,10,0,FALLBACK,0.0469,0.100,1.2197,0,none
39.611,791,-0.30187,-3.89703,0.53019,0,10,0,FALLBACK,-0.0352,0.100,1.2202,0,none
39.663,792,-0.30389,-3.70320,0.52822,0,10,0,FALLBACK,0.0295,0.100,1.2206,0,none
39.711,793,-0.30745,-3.52875,0.72059,0,10,0,FALLBACK,0.0551,0.100,1.2211,0,none
39.762,794,-0.30849,-3.52102,0.63279,0,10,0,FALLBACK,0.0476,0.100,1.2215,0,none
39.814,795,-0.30101,-3.88838,0.54264,0,10,0,FALLBACK,-0.0323,0.100,1.2219,0,none
39.861,796,-0.30674,-3.62904,0.53248,0,10,0,FALLBACK,0.0624,0.100,1.2224,0,none
39.912,797,-0.31335,-3.50906,0.57266,0,10,0,FALLBACK,0.0998,0.100,1.2227,0,none
39.962,798,-0.31542,-3.60257,0.49594,0,10,0,FALLBACK,0.0874,0.100,1.2230,0,none
40.013,799,-0.30530,-3.39943,0.54820,0,10,0,FALLBACK,-0.0241,0.100,1.2234,0,none
40.063,800,-0.31024,-3.61913,0.56527,0,10,0,FALLBACK,0.0759,0.100,1.2238,0,none
40.113,801,-0.31609,-3.49644,0.58975,0,10,0,FALLBACK,0.1097,0.100,1.2241,0,none
40.162,802,-0.31683,-3.49086,0.57397,0,10,0,FALLBACK,0.0879,0.100,1.2244,0,none
40.214,803,-0.30797,-3.40252,0.59018,0,10,0,FALLBACK,-0.0045,0.100,1.2248,0,none
40.263,804,-0.30724,-3.37729,0.47595,0,10,0,FALLBACK,0.0326,0.100,1.2252,0,none
40.315,805,-0.30741,-3.75910,0.54949,0,10,0,FALLBACK,0.0379,0.100,1.2256,0,none
40.364,806,-0.30568,-4.12762,0.63730,0,10,0,FALLBACK,0.0198,0.100,1.2261,0,none
40.414,807,-0.29554,-3.85118,0.61163,0,10,0,FALLBACK,-0.0730,0.100,1.2265,0,none
40.464,808,-0.29903,-3.88338,0.67294,0,10,0,FALLBACK,0.0126,0.100,1.2268,0,none
40.516,809,-0.30610,-3.34156,0.59904,0,10,0,FALLBACK,0.0659,0.100,1.2272,0,none
40.563,810,-0.31123,-3.32214,0.53362,0,10,0,FALLBACK,0.0818,0.100,1.2275,0,none
40.615,811,-0.31261,-3.43074,0.40656,0,10,0,FALLBACK,0.0699,0.100,1.2278,0,none
40.665,812,-0.30877,-3.35111,0.64345,0,10,0,FALLBACK,0.0246,0.100,1.2282,0,none
40.716,813,-0.31760,-3.22343,0.45328,0,10,0,FALLBACK,0.1322,0.100,1.2286,0,none
40.768,814,-0.32510,-3.25763,0.63558,0,10,0,FALLBACK,0.1630,0.100,1.2287,0,none
40.817,815,-0.32541,-2.98334,0.71384,0,10,0,FALLBACK,0.1286,0.100,1.2288,0,none
40.866,816,-0.31525,-3.25916,0.39091,0,10,0,FALLBACK,0.0254,0.100,1.2291,0,none
40.917,817,-0.31985,-3.25323,0.49172,0,10,0,FALLBACK,0.1222,0.100,1.2295,0,none
40.967,818,-0.32399,-3.05770,0.53177,0,10,0,FALLBACK,0.1407,0.100,1.2298,0,none
41.017,819,-0.32170,-2.99207,0.69756,0,10,0,FALLBACK,0.0971,0.100,1.2299,0,none
41.069,820,-0.30885,-3.56588,0.41485,0,10,0,FALLBACK,-0.0200,0.100,1.2302,0,none
41.117,821,-0.31336,-3.20549,0.61056,0,10,0,FALLBACK,0.0893,0.100,1.2306,0,none
41.167,822,-0.31938,-3.12912,0.49845,0,10,0,FALLBACK,0.1270,0.100,1.2308,0,none
41.217,823,-0.32004,-3.09208,0.51940,0,10,0,FALLBACK,0.1035,0.100,1.2310,0,none
41.268,824,-0.30931,-2.89634,0.61228,0,10,0,FALLBACK,-0.0071,0.100,1.2313,0,none
41.317,825,-0.31550,-3.32779,0.56904,0,10,0,FALLBACK,0.1084,0.100,1.2316,0,none
41.368,826,-0.32247,-3.44300,0.65282,0,10,0,FALLBACK,0.1472,0.100,1.2318,0,none
41.418,827,-0.32320,-3.30769,0.53442,0,10,0,FALLBACK,0.1196,0.100,1.2319,0,none
41.468,828,-0.31044,-3.23577,0.40264,0,10,0,FALLBACK,-0.0116,0.100,1.2321,0,none
41.518,829,-0.31549,-3.44858,0.56297,0,10,0,FALLBACK,0.1027,0.100,1.2324,0,none
41.571,830,-0.32186,-3.42509,0.62843,0,10,0,FALLBACK,0.1411,0.100,1.2326,0,none
41.620,831,-0.32221,-3.30768,0.45316,0,10,0,FALLBACK,0.1128,0.100,1.2327,0,none
41.669,832,-0.30560,-3.67773,0.49103,0,10,0,FALLBACK,-0.0551,0.100,1.2330,0,none
41.720,833,-0.31616,-3.09667,0.46540,0,10,0,FALLBACK,0.1336,0.100,1.2331,0,none
41.771,834,-0.32970,-3.15950,0.49833,0,10,0,FALLBACK,0.2162,0.100,1.2330,0,none
41.819,835,-0.33451,-3.30358,0.49913,0,10,0,FALLBACK,0.1966,0.100,1.2327,0,none
41.869,836,-0.32086,-3.51387,0.47424,0,10,0,FALLBACK,0.0360,0.100,1.2327,0,none
41.920,837,-0.32135,-3.78476,0.52938,0,10,0,FALLBACK,0.1092,0.100,1.2329,0,none
41.971,838,-0.32194,-3.52554,0.51346,0,10,0,FALLBACK,0.1127,0.100,1.2333,0,none
42.022,839,-0.31721,-3.55015,0.57385,0,10,0,FALLBACK,0.0624,0.100,1.2335,0,none
42.072,840,-0.30354,-3.45411,0.46889,0,10,0,FALLBACK,-0.0507,0.100,1.2339,0,none
42.120,841,-0.29962,-3.87323,0.49279,0,10,0,FALLBACK,-0.0215,0.100,1.2341,0,none
42.171,842,-0.29912,-3.29168,0.52880,0,10,0,FALLBACK,-0.0069,0.100,1.2345,0,none
42.220,843,-0.29917,-3.66120,0.51440,0,10,0,FALLBACK,-0.0039,0.100,1.2348,0,none
42.273,844,-0.28975,-3.61982,0.55665,0,10,0,FALLBACK,-0.0984,0.100,1.2352,0,none
42.323,845,-0.30343,-3.21683,0.51923,0,10,0,FALLBACK,0.0855,0.100,1.2353,0,none
42.371,846,-0.32095,-2.97533,0.67970,0,10,0,FALLBACK,0.1923,0.100,1.2352,0,none
42.422,847,-0.33154,-3.35896,0.44528,0,10,0,FALLBACK,0.2107,0.100,1.2350,0,none
42.472,848,-0.32164,-3.14116,0.51420,0,10,0,FALLBACK,0.0587,0.100,1.2348,0,none
42.523,849,-0.32698,-3.32769,0.52969,0,10,0,FALLBACK,0.1616,0.100,1.2350,0,none
42.572,850,-0.33104,-3.56268,0.43984,0,10,0,FALLBACK,0.1755,0.100,1.2352,0,none
42.624,851,-0.32706,-3.69559,0.63177,0,10,0,FALLBACK,0.1155,0.100,1.2352,0,none
42.673,852,-0.30986,-3.77112,0.64177,0,10,0,FALLBACK,-0.0367,0.100,1.2355,0,none
42.726,853,-0.30248,-3.93446,0.54935,0,10,0,FALLBACK,-0.0245,0.100,1.2357,0,none
42.774,854,-0.29871,-3.83696,0.50625,0,10,0,FALLBACK,-0.0253,0.100,1.2361,0,none
42.825,855,-0.29608,-3.76338,0.48583,0,10,0,FALLBACK,-0.0327,0.100,1.2364,0,none
42.872,856,-0.28381,-3.92480,0.52396,0,10,0,FALLBACK,-0.1423,0.100,1.2368,0,none
42.924,857,-0.29509,-3.52248,0.55575,0,10,0,FALLBACK,0.0319,0.100,1.2369,0,none
42.974,858,-0.31322,-3.37124,0.44645,0,10,0,FALLBACK,0.1567,0.100,1.2369,0,none
43.023,859,-0.32841,-3.52739,0.57705,0,10,0,FALLBACK,0.2180,0.100,1.2368,0,none
43.076,860,-0.33061,-3.41677,0.48155,0,10,0,FALLBACK,0.1640,0.100,1.2365,0,none
43.127,861,-0.33133,-3.79112,0.61934,0,10,0,FALLBACK,0.1603,0.100,1.2364,0,none
43.174,862,-0.32553,-3.44665,0.49857,0,10,0,FALLBACK,0.0986,0.100,1.2367,0,none
43.226,863,-0.31331,-3.84135,0.61108,0,10,0,FALLBACK,0.0055,0.100,1.2370,0,none
43.276,864,-0.29768,-3.71964,0.55180,0,10,0,FALLBACK,-0.0897,0.100,1.2374,0,none
43.326,865,-0.28302,-3.67891,0.59792,0,10,0,FALLBACK,-0.1583,0.100,1.2377,0,none
43.377,866,-0.27580,-3.91754,0.60988,0,10,0,FALLBACK,-0.1571,0.100,1.2377,0,none
43.426,867,-0.27622,-4.06454,0.65174,0,10,0,FALLBACK,-0.1168,0.100,1.2378,0,none
43.476,868,-0.28328,-3.89010,0.63384,0,10,0,FALLBACK,-0.0483,0.100,1.2380,0,none
43.526,869,-0.29470,-3.85470,0.51714,0,10,0,FALLBACK,0.0306,0.100,1.2383,0,none
43.579,870,-0.30786,-3.47775,0.58339,0,10,0,FALLBACK,0.1051,0.100,1.2386,0,none
43.612,871,-0.31866,-3.62960,0.52902,0,10,0,FALLBACK,0.1473,0.100,1.2387,0,none
43.660,872,-0.32337,-3.61737,0.51280,0,10,0,FALLBACK,0.1404,0.100,1.2387,0,none
43.712,873,-0.32076,-3.83835,0.54685,0,10,0,FALLBACK,0.0908,0.100,1.2388,0,none
43.762,874,-0.31693,-3.95055,0.66386,0,10,0,FALLBACK,0.0655,0.100,1.2391,0,none
43.811,875,-0.31033,-3.97518,0.59393,0,10,0,FALLBACK,0.0187,0.100,1.2395,0,none
43.863,876,-0.30211,-4.04354,0.62798,0,10,0,FALLBACK,-0.0305,0.100,1.2398,0,none
43.912,877,-0.29461,-4.12543,0.63397,0,10,0,FALLBACK,-0.0645,0.100,1.2401,0,none
43.962,878,-0.28882,-3.92530,0.61083,0,10,0,FALLBACK,-0.0849,0.100,1.2403,0,none
44.014,879,-0.28656,-3.58799,0.46524,0,10,0,FALLBACK,-0.0785,0.100,1.2405,0,none
44.063,880,-0.28807,-3.93317,0.60380,0,10,0,FALLBACK,-0.0521,0.100,1.2408,0,none
44.113,881,-0.29355,-3.81824,0.63014,0,10,0,FALLBACK,-0.0049,0.100,1.2411,0,none
44.165,882,-0.29184,-4.07267,0.56741,0,10,0,FALLBACK,-0.0494,0.100,1.2413,0,none
44.215,883,-0.29039,-3.80530,0.59265,0,10,0,FALLBACK,-0.0553,0.100,1.2416,0,none
44.262,884,-0.29178,-3.95583,0.57256,0,10,0,FALLBACK,-0.0341,0.100,1.2418,0,none
44.314,885,-0.29537,-3.43858,0.59602,0,10,0,FALLBACK,-0.0052,0.100,1.2421,0,none
44.367,886,-0.29916,-3.79923,0.63086,0,10,0,FALLBACK,0.0147,0.100,1.2424,0,none
44.417,887,-0.30268,-3.75939,0.62793,0,10,0,FALLBACK,0.0311,0.100,1.2426,0,none
44.465,888,-0.30518,-3.95290,0.64805,0,10,0,FALLBACK,0.0384,0.100,1.2429,0,none
44.516,889,-0.30679,-3.92117,0.44995,0,10,0,FALLBACK,0.0420,0.100,1.2431,0,none
44.565,890,-0.30258,-4.03808,0.53176,0,10,0,FALLBACK,-0.0082,0.100,1.2433,0,none
44.617,891,-0.29694,-4.17661,0.60672,0,10,0,FALLBACK,-0.0435,0.100,1.2436,0,none
44.666,892,-0.29250,-4.21732,0.60425,0,10,0,FALLBACK,-0.0597,0.100,1.2438,0,none
44.718,893,-0.29100,-4.17070,0.64767,0,10,0,FALLBACK,-0.0525,0.100,1.2440,0,none
44.768,894,-0.28959,-4.14524,0.71121,0,10,0,FALLBACK,-0.0591,0.100,1.2443,0,none
44.818,895,-0.29036,-3.97828,0.83504,0,10,0,FALLBACK,-0.0444,0.100,1.2445,0,none
44.866,896,-0.29360,-3.97274,0.76778,0,10,0,FALLBACK,-0.0158,0.100,1.2447,0,none
44.918,897,-0.29674,-3.59010,0.50640,0,10,0,FALLBACK,-0.0006,0.100,1.2450,0,none
44.967,898,-0.30812,-3.52653,0.57254,0,10,0,FALLBACK,0.0975,0.100,1.2452,0,none
45.019,899,-0.31847,-3.40088,0.50513,0,10,0,FALLBACK,0.1441,0.100,1.2452,0,none
45.069,900,-0.32298,-3.36879,0.56837,0,10,0,FALLBACK,0.1375,0.100,1.2452,0,none
45.118,901,-0.32015,-3.61337,0.60004,0,10,0,FALLBACK,0.0866,0.100,1.2452,0,none
45.171,902,-0.31412,-3.68439,0.62487,0,10,0,FALLBACK,0.0404,0.100,1.2455,0,none
45.218,903,-0.30545,-3.86049,0.44629,0,10,0,FALLBACK,-0.0161,0.100,1.2457,0,none
45.268,904,-0.29611,-3.93617,0.67758,0,10,0,FALLBACK,-0.0661,0.100,1.2460,0,none
45.319,905,-0.28828,-3.81384,0.41095,0,10,0,FALLBACK,-0.0978,0.100,1.2462,0,none
45.369,906,-0.28550,-4.12517,0.66237,0,10,0,FALLBACK,-0.0864,0.100,1.2463,0,none
45.420,907,-0.28721,-3.80483,0.61280,0,10,0,FALLBACK,-0.0554,0.100,1.2465,0,none
45.468,908,-0.29225,-3.88470,0.52634,0,10,0,FALLBACK,-0.0135,0.100,1.2467,0,none
45.519,909,-0.29710,-3.51177,0.51994,0,10,0,FALLBACK,0.0097,0.100,1.2469,0,none
45.569,910,-0.30975,-3.14260,0.37593,0,10,0,FALLBACK,0.1120,0.100,1.2471,0,none
45.621,911,-0.32078,-3.20523,0.50485,0,10,0,FALLBACK,0.1590,0.100,1.2471,0,none
45.669,912,-0.32527,-3.66196,0.52559,0,10,0,FALLBACK,0.1488,0.100,1.2470,0,none
45.719,913,-0.31900,-3.57315,0.61832,0,10,0,FALLBACK,0.0637,0.100,1.2470,0,none
45.770,914,-0.32036,-3.64553,0.53148,0,10,0,FALLBACK,0.1085,0.100,1.2472,0,none
45.821,915,-0.31971,-3.61570,0.57554,0,10,0,FALLBACK,0.0953,0.100,1.2474,0,none
45.871,916,-0.31406,-3.88796,0.61316,0,10,0,FALLBACK,0.0420,0.100,1.2475,0,none
45.920,917,-0.30222,-3.96525,0.52757,0,10,0,FALLBACK,-0.0481,0.100,1.2477,0,none
45.972,918,-0.30015,-3.86889,0.61496,0,10,0,FALLBACK,-0.0095,0.100,1.2479,0,none
46.022,919,-0.30101,-3.70160,0.57850,0,10,0,FALLBACK,0.0093,0.100,1.2481,0,none
46.072,920,-0.30180,-3.60143,0.53633,0,10,0,FALLBACK,0.0129,0.100,1.2483,0,none
46.124,921,-0.30113,-3.93430,0.56539,0,10,0,FALLBACK,0.0023,0.100,1.2485,0,none
46.175,922,-0.30238,-3.64196,0.49988,0,10,0,FALLBACK,0.0182,0.100,1.2487,0,none
46.225,923,-0.30352,-3.56332,0.54873,0,10,0,FALLBACK,0.0233,0.100,1.2489,0,none
46.275,924,-0.30370,-3.65977,0.57438,0,10,0,FALLBACK,0.0194,0.100,1.2491,0,none
46.325,925,-0.30176,-3.73818,0.53977,0,10,0,FALLBACK,-0.0009,0.100,1.2493,0,none
46.374,926,-0.30314,-3.93857,0.66807,0,10,0,FALLBACK,0.0226,0.100,1.2495,0,none
46.423,927,-0.30458,-3.61524,0.61560,0,10,0,FALLBACK,0.0301,0.100,1.2497,0,none
46.474,928,-0.30476,-4.08993,0.66830,0,10,0,FALLBACK,0.0247,0.100,1.2498,0,none
46.523,929,-0.30542,-4.13262,0.59049,0,10,0,FALLBACK,0.0304,0.100,1.2500,0,none
46.572,930,-0.29788,-4.08655,0.53091,0,10,0,FALLBACK,-0.0483,0.100,1.2502,0,none
46.625,931,-0.28918,-4.13938,0.62713,0,10,0,FALLBACK,-0.0976,0.100,1.2504,0,none
46.675,932,-0.28323,-4.18324,0.63146,0,10,0,FALLBACK,-0.1136,0.100,1.2504,0,none
46.725,933,-0.28129,-4.13800,0.78237,0,10,0,FALLBACK,-0.1033,0.100,1.2505,0,none
46.772,934,-0.28795,-3.67960,0.45648,0,10,0,FALLBACK,-0.0269,0.100,1.2506,0,none
46.823,935,-0.29882,-3.89826,0.58991,0,10,0,FALLBACK,0.0485,0.100,1.2508,0,none
46.876,936,-0.31006,-3.81791,0.50291,0,10,0,FALLBACK,0.1065,0.100,1.2509,0,none
46.924,937,-0.31876,-3.79977,0.60187,0,10,0,FALLBACK,0.1372,0.100,1.2509,0,none
46.973,938,-0.31995,-3.57904,0.62228,0,10,0,FALLBACK,0.1058,0.100,1.2508,0,none
47.024,939,-0.31491,-4.03584,0.48916,0,10,0,FALLBACK,0.0493,0.100,1.2509,0,none
47.075,940,-0.30560,-3.77519,0.55206,0,10,0,FALLBACK,-0.0186,0.100,1.2511,0,none
47.127,941,-0.29817,-3.37764,0.43458,0,10,0,FALLBACK,-0.0463,0.100,1.2513,0,none
47.174,942,-0.27922,-3.29578,0.45171,0,10,0,FALLBACK,-0.1986,0.100,1.2514,0,none
47.224,943,-0.26294,-3.63268,0.56492,0,10,0,FALLBACK,-0.2667,0.100,1.2512,0,none
47.273,944,-0.25706,-3.61776,0.52784,0,10,0,FALLBACK,-0.2441,0.100,1.2506,0,none
47.325,945,-0.26846,-3.82225,0.54056,0,10,0,FALLBACK,-0.1007,0.100,1.2502,0,none
47.375,946,-0.27139,-3.99230,0.67237,0,10,0,FALLBACK,-0.1284,0.100,1.2503,0,none
47.426,947,-0.27725,-3.92360,0.60967,0,10,0,FALLBACK,-0.0844,0.100,1.2506,0,none
47.474,948,-0.28829,-3.89225,0.47823,0,10,0,FALLBACK,-0.0033,0.100,1.2507,0,none
47.526,949,-0.30658,-4.05026,0.72923,0,10,0,FALLBACK,0.1243,0.100,1.2509,0,none
47.576,950,-0.30737,-4.12803,0.82340,0,10,0,FALLBACK,0.0408,0.100,1.2508,0,none
47.627,951,-0.30152,-3.82876,0.63990,0,10,0,FALLBACK,-0.0217,0.100,1.2507,0,none
47.676,952,-0.29437,-3.88049,0.80003,0,10,0,FALLBACK,-0.0638,0.100,1.2509,0,none
47.710,953,-0.29241,-4.16286,0.80721,0,10,0,FALLBACK,-0.0478,0.100,1.2510,0,none
47.761,954,-0.27891,-3.81453,0.60962,0,10,0,FALLBACK,-0.1729,0.100,1.2512,0,none
47.811,955,-0.26952,-3.75299,0.55909,0,10,0,FALLBACK,-0.1994,0.100,1.2509,0,none
47.860,956,-0.26986,-3.76170,0.61518,0,10,0,FALLBACK,-0.1490,0.100,1.2507,0,none
47.911,957,-0.28328,-3.40412,0.45212,0,10,0,FALLBACK,-0.0165,0.100,1.2508,0,none
47.961,958,-0.27747,-3.70763,0.57128,0,10,0,FALLBACK,-0.1417,0.100,1.2509,0,none
48.012,959,-0.27270,-3.61668,0.59813,0,10,0,FALLBACK,-0.1604,0.100,1.2508,0,none
48.063,960,-0.27610,-3.75595,0.49838,0,10,0,FALLBACK,-0.1025,0.100,1.2507,0,none
48.112,961,-0.29057,-3.55485,0.52124,0,10,0,FALLBACK,0.0252,0.100,1.2509,0,none
48.161,962,-0.28332,-3.63197,0.59096,0,10,0,FALLBACK,-0.1197,0.100,1.2509,0,none
48.211,963,-0.27572,-3.43116,0.64607,0,10,0,FALLBACK,-0.1593,0.100,1.2507,0,none
48.261,964,-0.27601,-3.46072,0.60935,0,10,0,FALLBACK,-0.1185,0.100,1.2506,0,none
48.313,965,-0.28652,-3.76774,0.51718,0,10,0,FALLBACK,-0.0148,0.100,1.2507,0,none
48.362,966,-0.28216,-3.79672,0.66615,0,10,0,FALLBACK,-0.1110,0.100,1.2509,0,none
48.413,967,-0.27865,-3.76072,0.60150,0,10,0,FALLBACK,-0.1243,0.100,1.2509,0,none
48.462,968,-0.28149,-3.52751,0.56135,0,10,0,FALLBACK,-0.0784,0.100,1.2509,0,none
48.511,969,-0.29290,-4.09936,0.71695,0,10,0,FALLBACK,0.0215,0.100,1.2511,0,none
48.564,970,-0.28420,-4.27323,0.57885,0,10,0,FALLBACK,-0.1225,0.100,1.2512,0,none
48.614,971,-0.27571,-4.11084,0.71663,0,10,0,FALLBACK,-0.1639,0.100,1.2510,0,none
48.662,972,-0.27524,-4.11543,0.64651,0,10,0,FALLBACK,-0.1262,0.100,1.2508,0,none
48.711,973,-0.28463,-3.98075,0.65156,0,10,0,FALLBACK,-0.0299,0.100,1.2510,0,none
48.762,974,-0.28034,-3.89696,0.44119,0,10,0,FALLBACK,-0.1198,0.100,1.2511,0,none
48.813,975,-0.27751,-3.90311,0.57973,0,10,0,FALLBACK,-0.1266,0.100,1.2511,0,none
48.862,976,-0.28121,-4.00778,0.57276,0,10,0,FALLBACK,-0.0754,0.100,1.2511,0,none
48.913,977,-0.29138,-4.35618,0.61624,0,10,0,FALLBACK,0.0077,0.100,1.2513,0,none
48.963,978,-0.29161,-4.05493,0.52283,0,10,0,FALLBACK,-0.0408,0.100,1.2514,0,none
49.011,979,-0.29119,-3.82021,0.62322,0,10,0,FALLBACK,-0.0462,0.100,1.2516,0,none
49.063,980,-0.29326,-3.74174,0.53053,0,10,0,FALLBACK,-0.0233,0.100,1.2517,0,none
49.113,981,-0.29783,-4.09020,0.66680,0,10,0,FALLBACK,0.0120,0.100,1.2519,0,none
49.165,982,-0.29701,-3.53273,0.43558,0,10,0,FALLBACK,-0.0190,0.100,1.2520,0,none
49.215,983,-0.29572,-3.53976,0.56860,0,10,0,FALLBACK,-0.0278,0.100,1.2522,0,none
49.263,984,-0.29578,-3.81414,0.82269,0,10,0,FALLBACK,-0.0208,0.100,1.2524,0,none
49.312,985,-0.29731,-3.72315,0.52227,0,10,0,FALLBACK,-0.0058,0.100,1.2525,0,none
49.364,986,-0.29738,-4.19591,0.61706,0,10,0,FALLBACK,-0.0128,0.100,1.2527,0,none
49.414,987,-0.29760,-4.00830,0.61674,0,10,0,FALLBACK,-0.0109,0.100,1.2528,0,none
49.464,988,-0.29840,-4.06416,0.64089,0,10,0,FALLBACK,-0.0040,0.100,1.2530,0,none
49.515,989,-0.30024,-4.20386,0.65341,0,10,0,FALLBACK,0.0104,0.100,1.2532,0,none
49.564,990,-0.29689,-3.92127,0.62051,0,10,0,FALLBACK,-0.0323,0.100,1.2533,0,none
49.613,991,-0.29328,-4.32340,0.56237,0,10,0,FALLBACK,-0.0516,0.100,1.2534,0,none
49.663,992,-0.29166,-4.19219,0.76375,0,10,0,FALLBACK,-0.0498,0.100,1.2536,0,none
49.715,993,-0.29245,-4.21378,0.63243,0,10,0,FALLBACK,-0.0338,0.100,1.2537,0,none
49.765,994,-0.29617,-3.76306,0.52237,0,10,0,FALLBACK,-0.0006,0.100,1.2538,0,none
49.815,995,-0.30091,-4.07305,0.76734,0,10,0,FALLBACK,0.0283,0.100,1.2540,0,none
49.865,996,-0.30502,-3.87409,0.41289,0,10,0,FALLBACK,0.0457,0.100,1.2541,0,none
49.914,997,-0.30757,-3.75346,0.54183,0,10,0,FALLBACK,0.0506,0.100,1.2542,0,none
49.965,998,-0.30600,-3.83322,0.54601,0,10,0,FALLBACK,0.0222,0.100,1.2543,0,none
50.017,999,-0.30244,-3.44773,0.36979,0,10,0,FALLBACK,-0.0057,0.100,1.2545,0,none
50.065,1000,-0.29843,-3.91805,0.57358,0,10,0,FALLBACK,-0.0279,0.100,1.2546,0,none
50.117,1001,-0.29451,-3.67332,0.63306,0,10,0,FALLBACK,-0.0471,0.100,1.2548,0,none
50.167,1002,-0.29937,-3.60179,0.65575,0,10,0,FALLBACK,0.0212,0.100,1.2549,0,none
50.217,1003,-0.30596,-3.87667,0.60474,0,10,0,FALLBACK,0.0628,0.100,1.2550,0,none
50.266,1004,-0.31049,-3.83157,0.80464,0,10,0,FALLBACK,0.0751,0.100,1.2550,0,none
50.316,1005,-0.31164,-3.67371,0.59063,0,10,0,FALLBACK,0.0639,0.100,1.2551,0,none
50.366,1006,-0.30853,-3.57685,0.51987,0,10,0,FALLBACK,0.0271,0.100,1.2552,0,none
50.416,1007,-0.30308,-4.23986,0.61350,0,10,0,FALLBACK,-0.0118,0.100,1.2553,0,none
50.467,1008,-0.29718,-3.95256,0.69563,0,10,0,FALLBACK,-0.0437,0.100,1.2555,0,none
50.518,1009,-0.29198,-3.85461,0.55198,0,10,0,FALLBACK,-0.0661,0.100,1.2556,0,none
50.565,1010,-0.29737,-3.70502,0.70030,0,10,0,FALLBACK,0.0138,0.100,1.2557,0,none
50.617,1011,-0.30523,-3.56791,0.47873,0,10,0,FALLBACK,0.0654,0.100,1.2557,0,none
50.667,1012,-0.31112,-2.99063,0.47051,0,10,0,FALLBACK,0.0851,0.100,1.2558,0,none
50.718,1013,-0.31251,-3.34781,0.47705,0,10,0,FALLBACK,0.0695,0.100,1.2558,0,none
50.768,1014,-0.32194,-3.26454,0.44583,0,10,0,FALLBACK,0.1568,0.100,1.2559,0,none
50.819,1015,-0.32775,-3.18356,0.51093,0,10,0,FALLBACK,0.1678,0.100,1.2557,0,none
50.868,1016,-0.32552,-3.46061,0.58224,0,10,0,FALLBACK,0.1165,0.100,1.2555,0,none
50.917,1017,-0.31511,-3.52495,0.47854,0,10,0,FALLBACK,0.0235,0.100,1.2556,0,none
50.970,1018,-0.31696,-3.66939,0.62174,0,10,0,FALLBACK,0.0940,0.100,1.2558,0,none
51.018,1019,-0.31841,-3.57840,0.59026,0,10,0,FALLBACK,0.0993,0.100,1.2558,0,none
51.068,1020,-0.31494,-3.71129,0.46029,0,10,0,FALLBACK,0.0574,0.100,1.2558,0,none
51.118,1021,-0.30682,-3.49404,0.53939,0,10,0,FALLBACK,-0.0065,0.100,1.2559,0,none
51.168,1022,-0.30469,-3.34631,0.44128,0,10,0,FALLBACK,0.0128,0.100,1.2561,0,none
51.218,1023,-0.30348,-3.94171,0.54496,0,10,0,FALLBACK,0.0113,0.100,1.2562,0,none
51.268,1024,-0.30156,-4.01537,0.63286,0,10,0,FALLBACK,-0.0018,0.100,1.2564,0,none
51.319,1025,-0.29921,-3.65873,0.52086,0,10,0,FALLBACK,-0.0157,0.100,1.2565,0,none
51.367,1026,-0.29674,-3.95880,0.68293,0,10,0,FALLBACK,-0.0287,0.100,1.2566,0,none
51.418,1027,-0.29523,-4.00525,0.62237,0,10,0,FALLBACK,-0.0314,0.100,1.2567,0,none
51.471,1028,-0.29512,-3.58532,0.50159,0,10,0,FALLBACK,-0.0250,0.100,1.2568,0,none
51.517,1029,-0.29619,-3.59367,0.69407,0,10,0,FALLBACK,-0.0137,0.100,1.2569,0,none
51.568,1030,-0.30447,-3.52068,0.39084,0,10,0,FALLBACK,0.0637,0.100,1.2571,0,none
51.619,1031,-0.31258,-3.23935,0.62535,0,10,0,FALLBACK,0.1034,0.100,1.2571,0,none
51.668,1032,-0.31663,-3.44801,0.49196,0,10,0,FALLBACK,0.1034,0.100,1.2570,0,none
51.718,1033,-0.31533,-2.86191,0.71855,0,10,0,FALLBACK,0.0702,0.100,1.2570,0,none
51.769,1034,-0.32359,-3.12378,0.51248,0,10,0,FALLBACK,0.1593,0.100,1.2571,0,none
51.819,1035,-0.32842,-3.13408,0.61142,0,10,0,FALLBACK,0.1663,0.100,1.2570,0,none
51.868,1036,-0.32513,-3.67774,0.39924,0,10,0,FALLBACK,0.1092,0.100,1.2568,0,none
51.918,1037,-0.31470,-3.67948,0.59794,0,10,0,FALLBACK,0.0214,0.100,1.2568,0,none
51.969,1038,-0.31048,-3.41853,0.56089,0,10,0,FALLBACK,0.0313,0.100,1.2570,0,none
52.021,1039,-0.30637,-3.61652,0.68560,0,10,0,FALLBACK,0.0113,0.100,1.2572,0,none
52.069,1040,-0.30104,-3.51697,0.51973,0,10,0,FALLBACK,-0.0215,0.100,1.2573,0,none
52.119,1041,-0.29555,-3.22740,0.43555,0,10,0,FALLBACK,-0.0497,0.100,1.2574,0,none
52.170,1042,-0.30574,-3.13361,0.49396,0,10,0,FALLBACK,0.0797,0.100,1.2575,0,none
52.220,1043,-0.31736,-3.12333,0.61840,0,10,0,FALLBACK,0.1449,0.100,1.2574,0,none
52.268,1044,-0.30600,-3.13320,0.69763,0,10,0,FALLBACK,-0.0268,0.100,1.2571,0,none
52.321,1045,-0.32347,-2.97852,0.55018,0,10,0,FALLBACK,0.2047,0.100,1.2569,0,none
52.368,1046,-0.34216,-2.75346,0.65339,0,10,0,FALLBACK,0.3042,0.100,1.2562,0,none
52.421,1047,-0.34806,-3.34295,0.44142,0,10,0,FALLBACK,0.2699,0.100,1.2551,0,none
52.469,1048,-0.33910,-3.34100,0.48242,0,10,0,FALLBACK,0.1507,0.100,1.2546,0,none
52.519,1049,-0.31975,-3.81149,0.52485,0,10,0,FALLBACK,0.0020,0.100,1.2547,0,none
52.571,1050,-0.30889,-3.70597,0.54466,0,10,0,FALLBACK,-0.0099,0.100,1.2549,0,none
52.621,1051,-0.30014,-3.64262,0.56098,0,10,0,FALLBACK,-0.0430,0.100,1.2552,0,none
52.671,1052,-0.29234,-3.59823,0.65894,0,10,0,FALLBACK,-0.0773,0.100,1.2553,0,none
52.721,1053,-0.28684,-3.31312,0.56157,0,10,0,FALLBACK,-0.0933,0.100,1.2554,0,none
52.771,1054,-0.30482,-3.22513,0.44842,0,10,0,FALLBACK,0.1140,0.100,1.2554,0,none
52.820,1055,-0.32525,-3.26519,0.57988,0,10,0,FALLBACK,0.2284,0.100,1.2550,0,none
52.869,1056,-0.33694,-3.56515,0.52658,0,10,0,FALLBACK,0.2431,0.100,1.2543,0,none
52.920,1057,-0.33646,-3.20361,0.51834,0,10,0,FALLBACK,0.1799,0.100,1.2538,0,none
52.971,1058,-0.34275,-3.23872,0.44603,0,10,0,FALLBACK,0.2452,0.100,1.2538,0,none
53.021,1059,-0.34156,-3.53611,0.45031,0,10,0,FALLBACK,0.2019,0.100,1.2536,0,none
53.070,1060,-0.32932,-3.63163,0.56023,0,10,0,FALLBACK,0.0854,0.100,1.2535,0,none
53.121,1061,-0.30953,-3.78994,0.53183,0,10,0,FALLBACK,-0.0514,0.100,1.2537,0,none
53.172,1062,-0.29835,-3.56777,0.44607,0,10,0,FALLBACK,-0.0641,0.100,1.2537,0,none
53.221,1063,-0.29141,-3.84695,0.52449,0,10,0,FALLBACK,-0.0776,0.100,1.2539,0,none
53.270,1064,-0.28755,-3.67286,0.59149,0,10,0,FALLBACK,-0.0816,0.100,1.2540,0,none
53.324,1065,-0.28695,-3.36741,0.49862,0,10,0,FALLBACK,-0.0682,0.100,1.2541,0,none
53.371,1066,-0.29870,-3.19774,0.63451,0,10,0,FALLBACK,0.0523,0.100,1.2542,0,none
53.424,1067,-0.31227,-3.42293,0.56691,0,10,0,FALLBACK,0.1292,0.100,1.2542,0,none
53.472,1068,-0.32138,-3.59125,0.38658,0,10,0,FALLBACK,0.1524,0.100,1.2541,0,none
53.521,1069,-0.32345,-3.64663,0.51618,0,10,0,FALLBACK,0.1276,0.100,1.2539,0,none
53.573,1070,-0.32245,-3.84916,0.63940,0,10,0,FALLBACK,0.1073,0.100,1.2539,0,none
53.621,1071,-0.31639,-3.86515,0.55692,0,10,0,FALLBACK,0.0517,0.100,1.2541,0,none
53.672,1072,-0.30641,-3.86568,0.53205,0,10,0,FALLBACK,-0.0178,0.100,1.2542,0,none
53.722,1073,-0.29542,-4.27690,0.53691,0,10,0,FALLBACK,-0.0778,0.100,1.2544,0,none
53.773,1074,-0.28177,-3.96710,0.55636,0,10,0,FALLBACK,-0.1594,0.100,1.2545,0,none
53.823,1075,-0.27295,-3.98685,0.75163,0,10,0,FALLBACK,-0.1793,0.100,1.2543,0,none
53.874,1076,-0.26881,-4.08465,0.67011,0,10,0,FALLBACK,-0.1767,0.100,1.2542,0,none
53.922,1077,-0.27986,-3.86857,0.52611,0,10,0,FALLBACK,-0.0454,0.100,1.2541,0,none
53.973,1078,-0.29745,-3.66018,0.45309,0,10,0,FALLBACK,0.0752,0.100,1.2542,0,none
54.021,1079,-0.31428,-3.60288,0.58064,0,10,0,FALLBACK,0.1555,0.100,1.2542,0,none
54.073,1080,-0.32686,-3.75003,0.59613,0,10,0,FALLBACK,0.1972,0.100,1.2539,0,none
54.123,1081,-0.32835,-3.61506,0.54171,0,10,0,FALLBACK,0.1492,0.100,1.2536,0,none
54.174,1082,-0.32103,-3.70556,0.62401,0,10,0,FALLBACK,0.0686,0.100,1.2536,0,none
54.222,1083,-0.30851,-3.67754,0.50753,0,10,0,FALLBACK,-0.0201,0.100,1.2538,0,none
54.274,1084,-0.29119,-3.52619,0.69247,0,10,0,FALLBACK,-0.1307,0.100,1.2540,0,none
54.324,1085,-0.28358,-3.68146,0.43196,0,10,0,FALLBACK,-0.1201,0.100,1.2540,0,none
54.376,1086,-0.28271,-3.70034,0.51251,0,10,0,FALLBACK,-0.0908,0.100,1.2539,0,none
54.424,1087,-0.28710,-3.63131,0.64529,0,10,0,FALLBACK,-0.0425,0.100,1.2540,0,none
54.474,1088,-0.28399,-2.80991,0.46342,0,10,0,FALLBACK,-0.0956,0.100,1.2541,0,none
54.526,1089,-0.30483,-3.20974,0.60654,0,10,0,FALLBACK,0.1283,0.100,1.2542,0,none
54.575,1090,-0.32957,-3.59990,0.52419,0,10,0,FALLBACK,0.2716,0.100,1.2540,0,none
54.626,1091,-0.34645,-3.42663,0.55603,0,10,0,FALLBACK,0.3166,0.100,1.2530,0,none
54.677,1092,-0.33214,-3.11998,0.48062,0,10,0,FALLBACK,0.0892,0.100,1.2519,0,none
54.727,1093,-0.33805,-3.60146,0.53496,0,10,0,FALLBACK,0.2198,0.100,1.2516,0,none
54.777,1094,-0.34199,-2.88585,0.53238,0,10,0,FALLBACK,0.2296,0.100,1.2517,0,none
54.810,1095,-0.33599,-3.43152,0.51798,0,10,0,FALLBACK,0.1500,0.100,1.2512,0,none
54.861,1096,-0.30219,-4.25235,0.62787,0,10,0,FALLBACK,-0.1581,0.100,1.2514,0,none
54.909,1097,-0.30571,-3.73582,0.58247,0,10,0,FALLBACK,0.0462,0.100,1.2504,0,none
54.961,1098,-0.31706,-3.21570,0.44457,0,10,0,FALLBACK,0.1421,0.100,1.2502,0,none
55.013,1099,-0.32184,-3.39618,0.44922,0,10,0,FALLBACK,0.1331,0.100,1.2499,0,none
55.061,1100,-0.31894,-3.49709,0.45319,0,10,0,FALLBACK,0.0803,0.100,1.2499,0,none
55.111,1101,-0.31033,-3.55615,0.66865,0,10,0,FALLBACK,0.0086,0.100,1.2500,0,none
55.162,1102,-0.31287,-3.55735,0.54049,0,10,0,FALLBACK,0.0771,0.100,1.2503,0,none
55.210,1103,-0.31467,-3.61641,0.48301,0,10,0,FALLBACK,0.0824,0.100,1.2504,0,none
55.261,1104,-0.31236,-4.01356,0.71808,0,10,0,FALLBACK,0.0502,0.100,1.2505,0,none
55.311,1105,-0.30664,-3.50872,0.63351,0,10,0,FALLBACK,0.0046,0.100,1.2507,0,none
55.363,1106,-0.30709,-3.49771,0.51076,0,10,0,FALLBACK,0.0377,0.100,1.2509,0,none
55.412,1107,-0.30739,-3.63865,0.43845,0,10,0,FALLBACK,0.0385,0.100,1.2510,0,none
55.463,1108,-0.30560,-3.80128,0.64785,0,10,0,FALLBACK,0.0191,0.100,1.2512,0,none
55.513,1109,-0.30210,-3.72875,0.55451,0,10,0,FALLBACK,-0.0070,0.100,1.2514,0,none
55.563,1110,-0.30673,-3.80534,0.59007,0,10,0,FALLBACK,0.0568,0.100,1.2515,0,none
55.611,1111,-0.31095,-4.21482,0.63191,0,10,0,FALLBACK,0.0759,0.100,1.2516,0,none
55.662,1112,-0.31151,-3.66939,0.73154,0,10,0,FALLBACK,0.0603,0.100,1.2517,0,none
55.712,1113,-0.30871,-3.90416,0.68146,0,10,0,FALLBACK,0.0296,0.100,1.2519,0,none
55.763,1114,-0.30553,-3.95500,0.59745,0,10,0,FALLBACK,0.0118,0.100,1.2520,0,none
55.815,1115,-0.30174,-4.10362,0.74529,0,10,0,FALLBACK,-0.0102,0.100,1.2522,0,none
55.861,1116,-0.29805,-4.08657,0.59866,0,10,0,FALLBACK,-0.0283,0.100,1.2524,0,none
55.914,1117,-0.29521,-3.99048,0.66754,0,10,0,FALLBACK,-0.0381,0.100,1.2526,0,none
55.965,1118,-0.29877,-3.84962,0.77042,0,10,0,FALLBACK,0.0116,0.100,1.2527,0,none
56.013,1119,-0.30325,-3.84597,0.65457,0,10,0,FALLBACK,0.0387,0.100,1.2528,0,none
56.064,1120,-0.30620,-3.76563,0.50371,0,10,0,FALLBACK,0.0457,0.100,1.2530,0,none
56.115,1121,-0.30697,-3.74900,0.55167,0,10,0,FALLBACK,0.0387,0.100,1.2531,0,none
56.165,1122,-0.30374,-3.51458,0.49851,0,10,0,FALLBACK,0.0026,0.100,1.2532,0,none
56.216,1123,-0.29920,-3.80337,0.61957,0,10,0,FALLBACK,-0.0267,0.100,1.2534,0,none
56.264,1124,-0.29520,-3.85044,0.60867,0,10,0,FALLBACK,-0.0440,0.100,1.2535,0,none
56.313,1125,-0.29289,-3.78045,0.54931,0,10,0,FALLBACK,-0.0471,0.100,1.2537,0,none
56.364,1126,-0.28480,-3.77593,0.50888,0,10,0,FALLBACK,-0.1165,0.100,1.2538,0,none
56.413,1127,-0.27937,-3.92344,0.59752,0,10,0,FALLBACK,-0.1303,0.100,1.2538,0,none
56.465,1128,-0.28212,-4.00081,0.70720,0,10,0,FALLBACK,-0.0756,0.100,1.2538,0,none
56.517,1129,-0.28600,-3.86109,0.40989,0,10,0,FALLBACK,-0.0506,0.100,1.2539,0,none
56.564,1130,-0.29228,-3.83659,0.52445,0,10,0,FALLBACK,-0.0072,0.100,1.2541,0,none
56.615,1131,-0.30002,-3.88848,0.54444,0,10,0,FALLBACK,0.0388,0.100,1.2542,0,none
56.665,1132,-0.31138,-4.00156,0.42491,0,10,0,FALLBACK,0.1138,0.100,1.2543,0,none
56.716,1133,-0.31137,-3.99630,0.58713,0,10,0,FALLBACK,0.0568,0.100,1.2543,0,none
56.766,1134,-0.30583,-3.78962,0.63716,0,10,0,FALLBACK,0.0014,0.100,1.2543,0,none
56.818,1135,-0.29887,-4.01416,0.62107,0,10,0,FALLBACK,-0.0404,0.100,1.2545,0,none
56.866,1136,-0.29193,-3.95212,0.67533,0,10,0,FALLBACK,-0.0751,0.100,1.2546,0,none
56.917,1137,-0.28974,-3.94397,0.52475,0,10,0,FALLBACK,-0.0622,0.100,1.2547,0,none
56.966,1138,-0.29112,-3.68429,0.55402,0,10,0,FALLBACK,-0.0375,0.100,1.2548,0,none
57.018,1139,-0.29483,-3.95371,0.59628,0,10,0,FALLBACK,-0.0073,0.100,1.2549,0,none
57.068,1140,-0.29806,-3.78443,0.57089,0,10,0,FALLBACK,0.0065,0.100,1.2551,0,none
57.118,1141,-0.30429,-3.91022,0.64450,0,10,0,FALLBACK,0.0526,0.100,1.2552,0,none
57.167,1142,-0.30977,-3.69556,0.66253,0,10,0,FALLBACK,0.0763,0.100,1.2553,0,none
57.217,1143,-0.31217,-3.92247,0.54132,0,10,0,FALLBACK,0.0728,0.100,1.2553,0,none
57.266,1144,-0.31669,-3.93746,0.47880,0,10,0,FALLBACK,0.1061,0.100,1.2554,0,none
57.319,1145,-0.30584,-3.96140,0.60734,0,10,0,FALLBACK,-0.0251,0.100,1.2554,0,none
57.366,1146,-0.29114,-3.94099,0.71474,0,10,0,FALLBACK,-0.1178,0.100,1.2554,0,none
57.417,1147,-0.27983,-4.09748,0.67469,0,10,0,FALLBACK,-0.1574,0.100,1.2553,0,none
57.468,1148,-0.27451,-4.05482,0.54780,0,10,0,FALLBACK,-0.1540,0.100,1.2552,0,none
57.516,1149,-0.27830,-4.21213,0.76727,0,10,0,FALLBACK,-0.0896,0.100,1.2552,0,none
57.569,1150,-0.28818,-3.69622,0.55918,0,10,0,FALLBACK,-0.0097,0.100,1.2553,0,none
57.617,1151,-0.30044,-3.96118,0.49062,0,10,0,FALLBACK,0.0635,0.100,1.2554,0,none
57.667,1152,-0.31152,-3.70057,0.58297,0,10,0,FALLBACK,0.1130,0.100,1.2554,0,none
57.717,1153,-0.31846,-3.47334,0.55055,0,10,0,FALLBACK,0.1270,0.100,1.2554,0,none
57.769,1154,-0.31969,-3.99536,0.57887,0,10,0,FALLBACK,0.1046,0.100,1.2553,0,none
57.820,1155,-0.31537,-4.03921,0.59477,0,10,0,FALLBACK,0.0552,0.100,1.2554,0,none
57.869,1156,-0.30968,-4.13061,0.59111,0,10,0,FALLBACK,0.0199,0.100,1.2555,0,none
57.918,1157,-0.29709,-3.86861,0.64791,0,10,0,FALLBACK,-0.0775,0.100,1.2557,0,none
57.968,1158,-0.28495,-3.77590,0.61385,0,10,0,FALLBACK,-0.1360,0.100,1.2557,0,none
58.019,1159,-0.27789,-3.61092,0.49150,0,10,0,FALLBACK,-0.1458,0.100,1.2556,0,none
58.068,1160,-0.28267,-3.82032,0.58467,0,10,0,FALLBACK,-0.0627,0.100,1.2556,0,none
58.118,1161,-0.28226,-4.01247,0.64841,0,10,0,FALLBACK,-0.0907,0.100,1.2557,0,none
58.167,1162,-0.28375,-3.35805,0.54954,0,10,0,FALLBACK,-0.0739,0.100,1.2558,0,none
58.218,1163,-0.28924,-3.69396,0.47997,0,10,0,FALLBACK,-0.0263,0.100,1.2559,0,none
58.271,1164,-0.30822,-3.81939,0.61992,0,10,0,FALLBACK,0.1360,0.100,1.2560,0,none
58.319,1165,-0.30238,-3.76752,0.51719,0,10,0,FALLBACK,-0.0173,0.100,1.2556,0,none
58.369,1166,-0.28973,-3.56599,0.49915,0,10,0,FALLBACK,-0.1146,0.100,1.2554,0,none
58.421,1167,-0.28040,-3.42647,0.58953,0,10,0,FALLBACK,-0.1446,0.100,1.2554,0,none
58.471,1168,-0.29460,-3.49271,0.64922,0,10,0,FALLBACK,0.0440,0.100,1.2553,0,none
58.521,1169,-0.27569,-3.59701,0.43744,0,10,0,FALLBACK,-0.2162,0.100,1.2551,0,none
58.571,1170,-0.25480,-3.66012,0.63390,0,10,0,FALLBACK,-0.3304,0.100,1.2540,0,none
58.622,1171,-0.24772,-3.95314,0.54800,0,10,0,FALLBACK,-0.2968,0.100,1.2529,0,none
58.671,1172,-0.27527,-3.72347,0.59828,0,10,0,FALLBACK,0.0141,0.100,1.2524,0,none
58.722,1173,-0.26959,-3.77957,0.69878,0,10,0,FALLBACK,-0.1804,0.100,1.2518,0,none
58.773,1174,-0.26049,-3.66516,0.63263,0,10,0,FALLBACK,-0.2431,0.100,1.2515,0,none
58.821,1175,-0.26197,-3.63910,0.58339,0,10,0,FALLBACK,-0.1827,0.100,1.2510,0,none
58.872,1176,-0.29167,-4.09640,0.48903,0,10,0,FALLBACK,0.1069,0.100,1.2510,0,none
58.921,1177,-0.28562,-3.49815,0.56482,0,10,0,FALLBACK,-0.1021,0.100,1.2502,0,none
58.972,1178,-0.27258,-3.40973,0.40021,0,10,0,FALLBACK,-0.2023,0.100,1.2498,0,none
59.022,1179,-0.26726,-3.65801,0.46634,0,10,0,FALLBACK,-0.1903,0.100,1.2495,0,none
59.072,1180,-0.28438,-3.61314,0.60873,0,10,0,FALLBACK,0.0075,0.100,1.2494,0,none
59.122,1181,-0.27883,-3.76803,0.49974,0,10,0,FALLBACK,-0.1336,0.100,1.2493,0,none
59.174,1182,-0.27149,-3.75167,0.63834,0,10,0,FALLBACK,-0.1793,0.100,1.2492,0,none
59.222,1183,-0.27187,-3.36359,0.58438,0,10,0,FALLBACK,-0.1387,0.100,1.2490,0,none
59.274,1184,-0.28732,-3.85645,0.52416,0,10,0,FALLBACK,0.0138,0.100,1.2491,0,none
59.323,1185,-0.29039,-3.57099,0.58004,0,10,0,FALLBACK,-0.0327,0.100,1.2492,0,none
59.372,1186,-0.29119,-4.00108,0.62502,0,10,0,FALLBACK,-0.0400,0.100,1.2493,0,none
59.423,1187,-0.29384,-4.06781,0.67735,0,10,0,FALLBACK,-0.0175,0.100,1.2495,0,none
59.471,1188,-0.30152,-3.84902,0.56375,0,10,0,FALLBACK,0.0460,0.100,1.2497,0,none
59.523,1189,-0.30108,-3.77104,0.53747,0,10,0,FALLBACK,0.0032,0.100,1.2498,0,none
59.573,1190,-0.29823,-3.71692,0.45826,0,10,0,FALLBACK,-0.0231,0.100,1.2500,0,none
59.623,1191,-0.29585,-3.89714,0.71792,0,10,0,FALLBACK,-0.0326,0.100,1.2502,0,none
59.672,1192,-0.29234,-3.71810,0.47888,0,10,0,FALLBACK,-0.0558,0.100,1.2503,0,none
59.725,1193,-0.29703,-3.76965,0.51219,0,10,0,FALLBACK,0.0086,0.100,1.2505,0,none
59.773,1194,-0.30388,-3.55043,0.52334,0,10,0,FALLBACK,0.0536,0.100,1.2507,0,none
59.825,1195,-0.30927,-3.19523,0.50328,0,10,0,FALLBACK,0.0733,0.100,1.2508,0,none
59.872,1196,-0.30380,-3.33927,0.53883,0,10,0,FALLBACK,-0.0083,0.100,1.2509,0,none
59.922,1197,-0.31455,-3.31576,0.65378,0,10,0,FALLBACK,0.1265,0.100,1.2510,0,none
59.975,1198,-0.32544,-3.29401,0.45479,0,10,0,FALLBACK,0.1817,0.100,1.2508,0,none
60.025,1199,-0.32910,-3.45198,0.48189,0,10,0,FALLBACK,0.1638,0.100,1.2507,0,none
60.075,1200,-0.31406,-3.15912,0.42583,0,10,0,FALLBACK,-0.0049,0.100,1.2505,0,none
60.124,1201,-0.31696,-3.44625,0.43034,0,10,0,FALLBACK,0.0993,0.100,1.2506,0,none
60.173,1202,-0.32148,-3.14657,0.40088,0,10,0,FALLBACK,0.1299,0.100,1.2507,0,none
60.226,1203,-0.32128,-3.53482,0.49330,0,10,0,FALLBACK,0.1054,0.100,1.2506,0,none
60.272,1204,-0.30699,-3.25555,0.69909,0,10,0,FALLBACK,-0.0365,0.100,1.2507,0,none
60.324,1205,-0.30730,-3.16372,0.55239,0,10,0,FALLBACK,0.0380,0.100,1.2508,0,none
60.375,1206,-0.31034,-3.39547,0.44761,0,10,0,FALLBACK,0.0669,0.100,1.2509,0,none
60.425,1207,-0.31152,-3.26749,0.47989,0,10,0,FALLBACK,0.0635,0.100,1.2510,0,none
60.475,1208,-0.29556,-2.80762,0.51935,0,10,0,FALLBACK,-0.1020,0.100,1.2511,0,none
60.523,1209,-0.30974,-3.18498,0.51425,0,10,0,FALLBACK,0.1195,0.100,1.2511,0,none
60.575,1210,-0.32934,-3.63255,0.49868,0,10,0,FALLBACK,0.2447,0.100,1.2507,0,none
60.625,1211,-0.34187,-3.29958,0.49915,0,10,0,FALLBACK,0.2721,0.100,1.2500,0,none
60.675,1212,-0.32132,-3.36619,0.47835,0,10,0,FALLBACK,0.0038,0.100,1.2492,0,none
60.726,1213,-0.33595,-3.29679,0.49956,0,10,0,FALLBACK,0.2529,0.100,1.2489,0,none
60.775,1214,-0.35255,-3.31136,0.45043,0,10,0,FALLBACK,0.3457,0.100,1.2485,0,none
60.826,1215,-0.35624,-3.28732,0.56622,0,10,0,FALLBACK,0.2997,0.100,1.2471,0,none
60.860,1216,-0.32538,-3.45823,0.48276,0,10,0,FALLBACK,-0.0274,0.100,1.2462,0,none
60.910,1217,-0.32739,-3.17638,0.45624,0,10,0,FALLBACK,0.1469,0.100,1.2461,0,none
60.960,1218,-0.33273,-3.08606,0.58562,0,10,0,FALLBACK,0.1904,0.100,1.2458,0,none
61.011,1219,-0.32853,-3.45080,0.44240,0,10,0,FALLBACK,0.1217,0.100,1.2456,0,none
61.060,1220,-0.30416,-3.34762,0.56731,0,10,0,FALLBACK,-0.1011,0.100,1.2457,0,none
61.112,1221,-0.30649,-3.83407,0.47680,0,10,0,FALLBACK,0.0441,0.100,1.2455,0,none
61.161,1222,-0.31393,-3.37823,0.55478,0,10,0,FALLBACK,0.1069,0.100,1.2455,0,none
61.212,1223,-0.31639,-3.28023,0.49731,0,10,0,FALLBACK,0.0942,0.100,1.2455,0,none
61.262,1224,-0.29683,-3.46949,0.46006,0,10,0,FALLBACK,-0.1136,0.100,1.2456,0,none
61.311,1225,-0.31274,-2.95957,0.48428,0,10,0,FALLBACK,0.1433,0.100,1.2453,0,none
61.363,1226,-0.33193,-2.51029,0.57474,0,10,0,FALLBACK,0.2556,0.100,1.2446,0,none
61.412,1227,-0.33925,-3.44273,0.45333,0,10,0,FALLBACK,0.2328,0.100,1.2438,0,none
61.462,1228,-0.32297,-3.44890,0.56096,0,10,0,FALLBACK,0.0334,0.100,1.2436,0,none
61.512,1229,-0.32386,-3.67815,0.67646,0,10,0,FALLBACK,0.1237,0.100,1.2438,0,none
61.564,1230,-0.32478,-3.61129,0.60045,0,10,0,FALLBACK,0.1285,0.100,1.2439,0,none
61.614,1231,-0.31908,-3.61482,0.54349,0,10,0,FALLBACK,0.0669,0.100,1.2440,0,none
61.664,1232,-0.29102,-3.45161,0.40964,0,10,0,FALLBACK,-0.1852,0.100,1.2443,0,none
61.712,1233,-0.30171,-3.37203,0.50586,0,10,0,FALLBACK,0.0620,0.100,1.2435,0,none
61.761,1234,-0.31975,-3.06053,0.49301,0,10,0,FALLBACK,0.1889,0.100,1.2431,0,none
61.813,1235,-0.32924,-3.37496,0.47169,0,10,0,FALLBACK,0.1937,0.100,1.2426,0,none
61.862,1236,-0.31851,-3.44260,0.74265,0,10,0,FALLBACK,0.0389,0.100,1.2425,0,none
61.913,1237,-0.32219,-3.71091,0.51880,0,10,0,FALLBACK,0.1294,0.100,1.2427,0,none
61.963,1238,-0.32489,-3.78783,0.59839,0,10,0,FALLBACK,0.1379,0.100,1.2428,0,none
62.012,1239,-0.32074,-3.68748,0.51346,0,10,0,FALLBACK,0.0830,0.100,1.2429,0,none
62.063,1240,-0.31136,-3.62351,0.61883,0,10,0,FALLBACK,0.0099,0.100,1.2431,0,none
62.113,1241,-0.30018,-3.90880,0.65353,0,10,0,FALLBACK,-0.0550,0.100,1.2434,0,none
62.165,1242,-0.29939,-3.51930,0.67535,0,10,0,FALLBACK,-0.0071,0.100,1.2436,0,none
62.213,1243,-0.30100,-3.39743,0.59904,0,10,0,FALLBACK,0.0130,0.100,1.2439,0,none
62.262,1244,-0.30192,-3.48354,0.52167,0,10,0,FALLBACK,0.0142,0.100,1.2441,0,none
62.313,1245,-0.30146,-3.47520,0.59028,0,10,0,FALLBACK,0.0050,0.100,1.2443,0,none
62.364,1246,-0.30935,-3.22928,0.51903,0,10,0,FALLBACK,0.0862,0.100,1.2446,0,none
62.413,1247,-0.31640,-3.18735,0.65163,0,10,0,FALLBACK,0.1173,0.100,1.2447,0,none
62.464,1248,-0.31852,-3.17668,0.66390,0,10,0,FALLBACK,0.1032,0.100,1.2447,0,none
62.515,1249,-0.31428,-3.41875,0.55583,0,10,0,FALLBACK,0.0502,0.100,1.2449,0,none
62.566,1250,-0.31723,-3.09984,0.49245,0,10,0,FALLBACK,0.1009,0.100,1.2451,0,none
62.614,1251,-0.31831,-3.38120,0.54920,0,10,0,FALLBACK,0.0970,0.100,1.2453,0,none
62.666,1252,-0.31454,-3.25492,0.36947,0,10,0,FALLBACK,0.0538,0.100,1.2454,0,none
62.714,1253,-0.30475,-3.56749,0.51505,0,10,0,FALLBACK,-0.0252,0.100,1.2457,0,none
62.767,1254,-0.31371,-3.25467,0.47464,0,10,0,FALLBACK,0.1133,0.100,1.2459,0,none
62.816,1255,-0.32358,-3.32598,0.42824,0,10,0,FALLBACK,0.1672,0.100,1.2458,0,none
62.867,1256,-0.32640,-3.35445,0.51324,0,10,0,FALLBACK,0.1461,0.100,1.2457,0,none
62.917,1257,-0.31928,-3.31438,0.42962,0,10,0,FALLBACK,0.0608,0.100,1.2457,0,none
62.968,1258,-0.32148,-3.56493,0.39874,0,10,0,FALLBACK,0.1184,0.100,1.2459,0,none
63.016,1259,-0.32175,-3.59546,0.53922,0,10,0,FALLBACK,0.1101,0.100,1.2461,0,none
63.069,1260,-0.31641,-3.80618,0.68467,0,10,0,FALLBACK,0.0553,0.100,1.2462,0,none
63.118,1261,-0.30533,-3.79763,0.74832,0,10,0,FALLBACK,-0.0287,0.100,1.2464,0,none
63.168,1262,-0.30208,-3.66414,0.38076,0,10,0,FALLBACK,-0.0058,0.100,1.2466,0,none
63.218,1263,-0.30104,-3.46214,0.39495,0,10,0,FALLBACK,-0.0000,0.100,1.2469,0,none
63.268,1264,-0.30000,-3.42751,0.54280,0,10,0,FALLBACK,-0.0052,0.100,1.2471,0,none
63.317,1265,-0.29698,-3.65551,0.44815,0,10,0,FALLBACK,-0.0302,0.100,1.2473,0,none
63.366,1266,-0.30546,-3.47279,0.49547,0,10,0,FALLBACK,0.0697,0.100,1.2475,0,none
63.418,1267,-0.31474,-3.36250,0.59054,0,10,0,FALLBACK,0.1201,0.100,1.2476,0,none
63.469,1268,-0.31941,-3.29859,0.50912,0,10,0,FALLBACK,0.1204,0.100,1.2476,0,none
63.518,1269,-0.31636,-3.48970,0.70661,0,10,0,FALLBACK,0.0665,0.100,1.2476,0,none
63.570,1270,-0.31795,-3.76426,0.57813,0,10,0,FALLBACK,0.0977,0.100,1.2478,0,none
63.621,1271,-0.31706,-3.67994,0.58040,0,10,0,FALLBACK,0.0809,0.100,1.2480,0,none
63.669,1272,-0.31190,-3.72942,0.58143,0,10,0,FALLBACK,0.0337,0.100,1.2482,0,none
63.717,1273,-0.30306,-3.99271,0.52320,0,10,0,FALLBACK,-0.0289,0.100,1.2484,0,none
63.768,1274,-0.29717,-3.68501,0.59652,0,10,0,FALLBACK,-0.0437,0.100,1.2486,0,none
63.819,1275,-0.29334,-3.86236,0.73780,0,10,0,FALLBACK,-0.0525,0.100,1.2488,0,none
63.867,1276,-0.29167,-3.48954,0.61376,0,10,0,FALLBACK,-0.0500,0.100,1.2489,0,none
63.920,1277,-0.28988,-3.42643,0.57070,0,10,0,FALLBACK,-0.0596,0.100,1.2491,0,none
63.969,1278,-0.30304,-2.83853,0.48691,0,10,0,FALLBACK,0.0810,0.100,1.2493,0,none
64.020,1279,-0.31762,-3.13967,0.49469,0,10,0,FALLBACK,0.1610,0.100,1.2492,0,none
64.071,1280,-0.32627,-3.09769,0.46483,0,10,0,FALLBACK,0.1746,0.100,1.2490,0,none
64.122,1281,-0.32328,-2.67705,0.64564,0,10,0,FALLBACK,0.1015,0.100,1.2489,0,none
64.170,1282,-0.32904,-3.14884,0.35357,0,10,0,FALLBACK,0.1739,0.100,1.2490,0,none
64.218,1283,-0.33079,-3.06031,0.48522,0,10,0,FALLBACK,0.1627,0.100,1.2490,0,none
64.271,1284,-0.32427,-3.27652,0.58297,0,10,0,FALLBACK,0.0888,0.100,1.2490,0,none
64.319,1285,-0.30803,-3.30504,0.45164,0,10,0,FALLBACK,-0.0411,0.100,1.2492,0,none
64.371,1286,-0.30540,-3.36155,0.57617,0,10,0,FALLBACK,0.0138,0.100,1.2493,0,none
64.421,1287,-0.30587,-3.28047,0.57811,0,10,0,FALLBACK,0.0317,0.100,1.2495,0,none
64.469,1288,-0.30507,-3.46370,0.58102,0,10,0,FALLBACK,0.0213,0.100,1.2497,0,none
64.521,1289,-0.29652,-2.84948,0.55210,0,10,0,FALLBACK,-0.0601,0.100,1.2498,0,none
64.570,1290,-0.31392,-3.20969,0.53047,0,10,0,FALLBACK,0.1566,0.100,1.2499,0,none
64.621,1291,-0.33295,-3.31951,0.56418,0,10,0,FALLBACK,0.2599,0.100,1.2494,0,none
64.671,1292,-0.34150,-3.31631,0.62922,0,10,0,FALLBACK,0.2503,0.100,1.2486,0,none
64.721,1293,-0.33260,-3.28519,0.54950,0,10,0,FALLBACK,0.1184,0.100,1.2482,0,none
64.771,1294,-0.33207,-3.18203,0.50713,0,10,0,FALLBACK,0.1577,0.100,1.2484,0,none
64.820,1295,-0.32793,-3.34551,0.50354,0,10,0,FALLBACK,0.1189,0.100,1.2486,0,none
64.873,1296,-0.31706,-3.43320,0.58484,0,10,0,FALLBACK,0.0310,0.100,1.2487,0,none
64.921,1297,-0.29595,-3.39313,0.44612,0,10,0,FALLBACK,-0.1258,0.100,1.2490,0,none
64.973,1298,-0.29981,-3.56281,0.53088,0,10,0,FALLBACK,0.0183,0.100,1.2488,0,none
65.023,1299,-0.31005,-3.03089,0.51513,0,10,0,FALLBACK,0.1015,0.100,1.2488,0,none
65.072,1300,-0.31712,-2.84865,0.50662,0,10,0,FALLBACK,0.1209,0.100,1.2488,0,none
65.124,1301,-0.31335,-3.04862,0.47647,0,10,0,FALLBACK,0.0479,0.100,1.2488,0,none
65.171,1302,-0.32272,-2.82938,0.51466,0,10,0,FALLBACK,0.1604,0.100,1.2489,0,none
65.220,1303,-0.33001,-3.01289,0.42798,0,10,0,FALLBACK,0.1865,0.100,1.2488,0,none
65.271,1304,-0.32876,-3.14100,0.60528,0,10,0,FALLBACK,0.1375,0.100,1.2486,0,none
65.322,1305,-0.31390,-2.86366,0.45321,0,10,0,FALLBACK,-0.0048,0.100,1.2487,0,none
65.374,1306,-0.31397,-3.20764,0.46057,0,10,0,FALLBACK,0.0702,0.100,1.2488,0,none
65.421,1307,-0.31551,-3.02680,0.50743,0,10,0,FALLBACK,0.0853,0.100,1.2490,0,none
65.473,1308,-0.31317,-2.93312,0.55147,0,10,0,FALLBACK,0.0542,0.100,1.2491,0,none
65.523,1309,-0.29819,-2.83168,0.44490,0,10,0,FALLBACK,-0.0839,0.100,1.2493,0,none
65.573,1310,-0.31209,-3.16516,0.51285,0,10,0,FALLBACK,0.1299,0.100,1.2492,0,none
65.625,1311,-0.32952,-3.15483,0.61689,0,10,0,FALLBACK,0.2347,0.100,1.2488,0,none
65.673,1312,-0.33768,-3.01892,0.50896,0,10,0,FALLBACK,0.2292,0.100,1.2482,0,none
65.723,1313,-0.32180,-3.13751,0.51161,0,10,0,FALLBACK,0.0296,0.100,1.2479,0,none
65.774,1314,-0.33507,-2.96275,0.45720,0,10,0,FALLBACK,0.2417,0.100,1.2479,0,none
65.822,1315,-0.34857,-2.72404,0.55035,0,10,0,FALLBACK,0.3103,0.100,1.2476,0,none
65.874,1316,-0.34992,-2.98879,0.55774,0,10,0,FALLBACK,0.2564,0.100,1.2466,0,none
65.924,1317,-0.31916,-3.35344,0.52055,0,10,0,FALLBACK,-0.0580,0.100,1.2461,0,none
65.973,1318,-0.32956,-2.93085,0.53514,0,10,0,FALLBACK,0.1998,0.100,1.2459,0,none
66.025,1319,-0.34556,-3.07189,0.56704,0,10,0,FALLBACK,0.3078,0.100,1.2454,0,none
66.076,1320,-0.35096,-3.25902,0.59594,0,10,0,FALLBACK,0.2818,0.100,1.2442,0,none
66.127,1321,-0.32536,-3.27449,0.49247,0,10,0,FALLBACK,-0.0012,0.100,1.2435,0,none
66.174,1322,-0.33103,-2.76198,0.51734,0,10,0,FALLBACK,0.1835,0.100,1.2434,0,none
66.225,1323,-0.33956,-2.79245,0.47083,0,10,0,FALLBACK,0.2405,0.100,1.2433,0,none
66.275,1324,-0.33916,-3.06177,0.52450,0,10,0,FALLBACK,0.1938,0.100,1.2428,0,none
66.327,1325,-0.31534,-2.24056,0.56074,0,10,0,FALLBACK,-0.0424,0.100,1.2426,0,none
66.375,1326,-0.31503,-2.22886,0.54822,0,10,0,FALLBACK,0.0736,0.100,1.2427,0,none
66.427,1327,-0.31885,-2.92567,0.52909,0,10,0,FALLBACK,0.1134,0.100,1.2428,0,none
66.477,1328,-0.31929,-3.09864,0.44971,0,10,0,FALLBACK,0.0986,0.100,1.2429,0,none
66.525,1329,-0.30533,-2.76427,0.41240,0,10,0,FALLBACK,-0.0432,0.100,1.2429,0,none
66.575,1330,-0.30953,-3.14784,0.50046,0,10,0,FALLBACK,0.0686,0.100,1.2432,0,none
66.626,1331,-0.31541,-2.92491,0.48041,0,10,0,FALLBACK,0.1064,0.100,1.2433,0,none
66.676,1332,-0.31957,-2.82626,0.50876,0,10,0,FALLBACK,0.1187,0.100,1.2433,0,none
66.725,1333,-0.30384,-3.27928,0.40487,0,10,0,FALLBACK,-0.0594,0.100,1.2433,0,none
66.779,1334,-0.31707,-3.03491,0.48208,0,10,0,FALLBACK,0.1515,0.100,1.2434,0,none
66.825,1335,-0.33406,-2.96055,0.56707,0,10,0,FALLBACK,0.2552,0.100,1.2432,0,none
66.876,1336,-0.34106,-2.66374,0.52136,0,10,0,FALLBACK,0.2403,0.100,1.2421,0,none
66.927,1337,-0.32311,-2.77833,0.51322,0,10,0,FALLBACK,0.0258,0.100,1.2418,0,none
66.975,1338,-0.32263,-2.46218,0.57227,0,10,0,FALLBACK,0.1107,0.100,1.2419,0,none
67.025,1339,-0.32256,-2.91456,0.51978,0,10,0,FALLBACK,0.1125,0.100,1.2421,0,none
67.076,1340,-0.31744,-3.31774,0.40110,0,10,0,FALLBACK,0.0616,0.100,1.2423,0,none
67.127,1341,-0.29888,-3.39732,0.60920,0,10,0,FALLBACK,-0.0984,0.100,1.2425,0,none
67.177,1342,-0.29743,-3.22478,0.40755,0,10,0,FALLBACK,-0.0201,0.100,1.2426,0,none
67.227,1343,-0.30170,-2.54925,0.53062,0,10,0,FALLBACK,0.0299,0.100,1.2427,0,none
67.276,1344,-0.30657,-2.38413,0.65226,0,10,0,FALLBACK,0.0572,0.100,1.2429,0,none
67.327,1345,-0.29449,-2.73792,0.51504,0,10,0,FALLBACK,-0.0880,0.100,1.2431,0,none
67.377,1346,-0.31238,-2.70243,0.44506,0,10,0,FALLBACK,0.1514,0.100,1.2432,0,none
67.427,1347,-0.33477,-2.24726,0.47967,0,10,0,FALLBACK,0.2858,0.100,1.2429,0,none
67.477,1348,-0.34837,-2.52258,0.53576,0,10,0,FALLBACK,0.3098,0.100,1.2420,0,none
67.511,1349,-0.33645,-2.64799,0.41695,0,10,0,FALLBACK,0.1226,0.100,1.2410,0,none
67.562,1350,-0.33693,-3.17932,0.67978,0,10,0,FALLBACK,0.1870,0.100,1.2413,0,none
67.611,1351,-0.33391,-3.00665,0.43466,0,10,0,FALLBACK,0.1545,0.100,1.2414,0,none
67.659,1352,-0.32269,-3.53288,0.61556,0,10,0,FALLBACK,0.0574,0.100,1.2416,0,none
67.709,1353,-0.29457,-3.69110,0.53704,0,10,0,FALLBACK,-0.1677,0.100,1.2419,0,none
67.759,1354,-0.29492,-3.66265,0.48885,0,10,0,FALLBACK,-0.0237,0.100,1.2414,0,none
67.812,1355,-0.30334,-2.86022,0.48049,0,10,0,FALLBACK,0.0588,0.100,1.2415,0,none
67.859,1356,-0.30928,-3.13770,0.53583,0,10,0,FALLBACK,0.0761,0.100,1.2416,0,none
67.911,1357,-0.29557,-3.25237,0.52473,0,10,0,FALLBACK,-0.0907,0.100,1.2418,0,none
67.961,1358,-0.31288,-3.12533,0.35150,0,10,0,FALLBACK,0.1509,0.100,1.2417,0,none
68.011,1359,-0.33208,-2.82401,0.48886,0,10,0,FALLBACK,0.2564,0.100,1.2411,0,none
68.061,1360,-0.33951,-3.13431,0.44817,0,10,0,FALLBACK,0.2347,0.100,1.2403,0,none
68.113,1361,-0.33455,-3.44940,0.59903,0,10,0,FALLBACK,0.1479,0.100,1.2402,0,none
68.161,1362,-0.32120,-3.04654,0.44411,0,10,0,FALLBACK,0.0393,0.100,1.2406,0,none
68.210,1363,-0.31610,-2.56363,0.49382,0,10,0,FALLBACK,0.0550,0.100,1.2410,0,none
68.263,1364,-0.31065,-3.56692,0.47384,0,10,0,FALLBACK,0.0260,0.100,1.2413,0,none
68.313,1365,-0.30308,-3.40409,0.37962,0,10,0,FALLBACK,-0.0225,0.100,1.2415,0,none
68.363,1366,-0.29478,-2.95640,0.49653,0,10,0,FALLBACK,-0.0676,0.100,1.2418,0,none
68.413,1367,-0.30034,-2.98006,0.54876,0,10,0,FALLBACK,0.0295,0.100,1.2420,0,none
68.464,1368,-0.30774,-3.19723,0.49208,0,10,0,FALLBACK,0.0757,0.100,1.2422,0,none
68.513,1369,-0.31182,-3.09336,0.66497,0,10,0,FALLBACK,0.0795,0.100,1.2423,0,none
68.561,1370,-0.31019,-2.86506,0.50210,0,10,0,FALLBACK,0.0429,0.100,1.2425,0,none
68.612,1371,-0.32346,-3.12507,0.41933,0,10,0,FALLBACK,0.1836,0.100,1.2428,0,none
68.663,1372,-0.33292,-3.41264,0.45577,0,10,0,FALLBACK,0.2120,0.100,1.2424,0,none
68.713,1373,-0.33199,-3.30318,0.50664,0,10,0,FALLBACK,0.1553,0.100,1.2422,0,none
68.763,1374,-0.31869,-3.43947,0.47298,0,10,0,FALLBACK,0.0269,0.100,1.2424,0,none
68.813,1375,-0.32925,-3.02569,0.39099,0,10,0,FALLBACK,0.1991,0.100,1.2427,0,none
68.863,1376,-0.33747,-3.16969,0.43240,0,10,0,FALLBACK,0.2284,0.100,1.2423,0,none
68.913,1377,-0.33408,-3.30953,0.51622,0,10,0,FALLBACK,0.1534,0.100,1.2419,0,none
68.963,1378,-0.31712,-3.17716,0.50373,0,10,0,FALLBACK,0.0008,0.100,1.2422,0,none
69.014,1379,-0.32299,-2.97405,0.59082,0,10,0,FALLBACK,0.1443,0.100,1.2425,0,none
69.065,1380,-0.32854,-2.60847,0.69780,0,10,0,FALLBACK,0.1704,0.100,1.2423,0,none
69.116,1381,-0.32542,-3.12494,0.44093,0,10,0,FALLBACK,0.1115,0.100,1.2422,0,none
69.163,1382,-0.30821,-2.57192,0.79302,0,10,0,FALLBACK,-0.0450,0.100,1.2425,0,none
69.214,1383,-0.32411,-2.92502,0.66244,0,10,0,FALLBACK,0.2001,0.100,1.2426,0,none
69.264,1384,-0.34197,-2.78382,0.57177,0,10,0,FALLBACK,0.2992,0.100,1.2418,0,none
69.314,1385,-0.34681,-2.49150,0.73900,0,10,0,FALLBACK,0.2583,0.100,1.2409,0,none
69.365,1386,-0.32727,-2.70128,0.48506,0,10,0,FALLBACK,0.0386,0.100,1.2406,0,none
69.415,1387,-0.33901,-3.21066,0.37895,0,10,0,FALLBACK,0.2538,0.100,1.2407,0,none
69.467,1388,-0.35041,-2.39371,0.49586,0,10,0,FALLBACK,0.3090,0.100,1.2402,0,none
69.513,1389,-0.34765,-2.90667,0.56058,0,10,0,FALLBACK,0.2244,0.100,1.2394,0,none
69.565,1390,-0.31999,-2.86115,0.76566,0,10,0,FALLBACK,-0.0383,0.100,1.2393,0,none
69.617,1391,-0.32477,-2.92056,0.53356,0,10,0,FALLBACK,0.1477,0.100,1.2392,0,none
69.666,1392,-0.33345,-3.26947,0.46270,0,10,0,FALLBACK,0.2106,0.100,1.2392,0,none
69.715,1393,-0.33310,-3.39649,0.62132,0,10,0,FALLBACK,0.1637,0.100,1.2389,0,none
69.767,1394,-0.30599,-3.47047,0.65222,0,10,0,FALLBACK,-0.1055,0.100,1.2389,0,none
69.815,1395,-0.32657,-2.86158,0.76272,0,10,0,FALLBACK,0.2358,0.100,1.2385,0,none
69.866,1396,-0.35242,-3.11613,0.53995,0,10,0,FALLBACK,0.3913,0.100,1.2370,0,none
69.916,1397,-0.36207,-2.91833,0.46959,0,10,0,FALLBACK,0.3586,0.100,1.2353,0,none
69.967,1398,-0.32871,-2.29251,0.77565,0,10,0,FALLBACK,-0.0232,0.100,1.2345,0,none
70.016,1399,-0.34796,-2.09429,0.64753,0,10,0,FALLBACK,0.3360,0.100,1.2337,0,none
70.069,1400,-0.37076,-2.15100,0.95092,0,10,0,FALLBACK,0.4678,0.100,1.2321,0,none
70.117,1401,-0.37311,-2.30723,0.62828,0,10,0,FALLBACK,0.3773,0.100,1.2299,0,none
70.170,1402,-0.32841,-2.57589,0.54691,0,10,0,FALLBACK,-0.0815,0.100,1.2292,0,none
70.218,1403,-0.33461,-2.73195,0.60388,0,10,0,FALLBACK,0.2041,0.100,1.2278,0,none
70.268,1404,-0.34916,-2.98245,0.55024,0,10,0,FALLBACK,0.3185,0.100,1.2276,0,none
70.319,1405,-0.35057,-1.86843,0.67055,0,10,0,FALLBACK,0.2599,0.100,1.2267,0,none
70.371,1406,-0.31430,-2.91009,0.56392,0,10,0,FALLBACK,-0.1098,0.100,1.2265,0,none
70.419,1407,-0.32101,-3.01309,0.58893,0,10,0,FALLBACK,0.1386,0.100,1.2256,0,none
70.469,1408,-0.33590,-2.86393,0.73440,0,10,0,FALLBACK,0.2540,0.100,1.2255,0,none
70.521,1409,-0.34091,-2.82349,0.51236,0,10,0,FALLBACK,0.2296,0.100,1.2250,0,none
70.569,1410,-0.30093,-3.11438,0.66269,0,10,0,FALLBACK,-0.1952,0.100,1.2249,0,none
70.620,1411,-0.32205,-2.32353,0.77046,0,10,0,FALLBACK,0.2158,0.100,1.2230,0,none
70.669,1412,-0.35418,-1.65805,0.91559,0,10,0,FALLBACK,0.4316,0.100,1.2213,0,none
70.720,1413,-0.36954,-2.23907,0.86726,0,10,0,FALLBACK,0.4245,0.100,1.2191,0,none
70.769,1414,-0.36255,-2.72639,0.83349,0,10,0,FALLBACK,0.2778,0.100,1.2180,0,none
70.821,1415,-0.33571,-2.85725,0.70368,0,10,0,FALLBACK,0.0443,0.100,1.2184,0,none
70.870,1416,-0.34258,-3.23710,0.51801,0,10,0,FALLBACK,0.2472,0.100,1.2190,0,none
70.920,1417,-0.34971,-2.95050,0.45647,0,10,0,FALLBACK,0.2843,0.100,1.2189,0,none
70.970,1418,-0.34361,-2.84224,0.69667,0,10,0,FALLBACK,0.1875,0.100,1.2185,0,none
71.020,1419,-0.31722,-2.72913,0.56289,0,10,0,FALLBACK,-0.0458,0.100,1.2188,0,none
71.071,1420,-0.32847,-2.73879,0.67061,0,10,0,FALLBACK,0.1986,0.100,1.2190,0,none
71.121,1421,-0.34309,-2.64069,0.73875,0,10,0,FALLBACK,0.2885,0.100,1.2187,0,none
71.171,1422,-0.34538,-2.04547,0.70307,0,10,0,FALLBACK,0.2384,0.100,1.2181,0,none
71.220,1423,-0.31993,-2.07804,0.75560,0,10,0,FALLBACK,-0.0277,0.100,1.2182,0,none
71.271,1424,-0.33788,-2.10725,0.77224,0,10,0,FALLBACK,0.2792,0.100,1.2182,0,none
71.320,1425,-0.35828,-0.17333,0.25230,1,10,0,FALLBACK,0.3934,0.100,1.2172,0,none
71.371,1426,-0.36172,-0.45087,0.46698,0,10,0,FALLBACK,0.3258,0.100,1.2159,0,none
71.420,1427,-0.32394,-0.98082,0.73498,0,10,0,FALLBACK,-0.0692,0.100,1.2156,0,none
71.471,1428,-0.34133,-0.78253,0.76272,0,10,0,FALLBACK,0.2936,0.100,1.2148,0,none
71.522,1429,-0.36465,-0.33862,0.35621,0,10,0,FALLBACK,0.4398,0.100,1.2135,0,none
71.570,1430,-0.36941,-1.27813,0.61904,0,10,0,FALLBACK,0.3708,0.100,1.2118,0,none
71.621,1431,-0.31741,-2.17398,0.87220,0,10,0,FALLBACK,-0.1730,0.100,1.2113,0,none
71.671,1432,-0.34023,-1.90025,0.88197,0,10,0,FALLBACK,0.3153,0.100,1.2086,0,none
71.723,1433,-0.37474,-0.53726,0.60251,0,10,0,FALLBACK,0.5463,0.100,1.2061,0,none
71.770,1434,-0.38706,-0.88757,0.81098,0,10,0,FALLBACK,0.4969,0.100,1.2029,0,none
71.822,1435,-0.33296,-2.37747,0.67644,0,10,0,FALLBACK,-0.1058,0.100,1.2016,0,none
71.870,1436,-0.34511,-3.06850,0.44747,0,10,0,FALLBACK,0.2864,0.100,1.1987,0,none
71.922,1437,-0.36849,-2.54495,0.83008,0,10,0,FALLBACK,0.4593,0.100,1.1980,0,none
71.973,1438,-0.37345,-2.52414,1.03338,0,10,0,FALLBACK,0.3921,0.100,1.1962,0,none
72.021,1439,-0.35666,-3.23441,0.48294,0,10,0,FALLBACK,0.1993,0.100,1.1958,0,none
72.072,1440,-0.31967,-3.23439,0.49104,0,10,0,FALLBACK,-0.0866,0.100,1.1966,0,none
72.123,1441,-0.32225,-3.01485,0.81854,0,10,0,FALLBACK,0.1242,0.100,1.1969,0,none
72.173,1442,-0.33148,-3.48710,0.64457,0,10,0,FALLBACK,0.2035,0.100,1.1972,0,none
72.223,1443,-0.33230,-3.12780,0.46790,0,10,0,FALLBACK,0.1657,0.100,1.1974,0,none
72.272,1444,-0.30901,-3.33010,0.59425,0,10,0,FALLBACK,-0.0715,0.100,1.1978,0,none
72.321,1445,-0.32967,-2.02443,0.84848,0,10,0,FALLBACK,0.2517,0.100,1.1980,0,none
72.373,1446,-0.35398,-1.05437,0.80787,0,10,0,FALLBACK,0.3915,0.100,1.1971,0,none
72.422,1447,-0.36212,-1.69987,0.71592,0,10,0,FALLBACK,0.3513,0.100,1.1959,0,none
72.474,1448,-0.32688,-2.66078,0.59217,0,10,0,FALLBACK,-0.0419,0.100,1.1957,0,none
72.524,1449,-0.34440,-2.14130,0.68937,0,10,0,FALLBACK,0.3096,0.100,1.1951,0,none
72.573,1450,-0.36694,-1.62760,0.83969,0,10,0,FALLBACK,0.4474,0.100,1.1942,0,none
72.622,1451,-0.37078,-2.78309,0.81427,0,10,0,FALLBACK,0.3731,0.100,1.1927,0,none
72.675,1452,-0.32043,-3.24747,0.52103,0,10,0,FALLBACK,-0.1496,0.100,1.1925,0,none
72.724,1453,-0.33221,-3.65385,0.52923,0,10,0,FALLBACK,0.2200,0.100,1.1903,0,none
72.773,1454,-0.35567,-3.39051,0.53392,0,10,0,FALLBACK,0.3956,0.100,1.1898,0,none
72.823,1455,-0.36367,-3.24801,0.66310,0,10,0,FALLBACK,0.3584,0.100,1.1886,0,none
72.872,1456,-0.35246,-3.79239,0.37741,0,10,0,FALLBACK,0.2062,0.100,1.1883,0,none
72.921,1457,-0.32368,-3.32105,0.54474,0,10,0,FALLBACK,-0.0255,0.100,1.1892,0,none
72.973,1458,-0.32699,-2.79216,0.59106,0,10,0,FALLBACK,0.1516,0.100,1.1899,0,none
73.022,1459,-0.33381,-2.98467,0.51710,0,10,0,FALLBACK,0.2031,0.100,1.1904,0,none
73.073,1460,-0.33189,-3.16257,0.44577,0,10,0,FALLBACK,0.1498,0.100,1.1906,0,none
73.124,1461,-0.31106,-2.90343,0.63054,0,10,0,FALLBACK,-0.0488,0.100,1.1913,0,none
73.175,1462,-0.32147,-2.97401,0.58009,0,10,0,FALLBACK,0.1594,0.100,1.1917,0,none
73.223,1463,-0.33513,-3.17302,0.39308,0,10,0,FALLBACK,0.2439,0.100,1.1920,0,none
73.276,1464,-0.33888,-3.25826,0.45188,0,10,0,FALLBACK,0.2132,0.100,1.1920,0,none
73.325,1465,-0.32091,-3.53235,0.52860,0,10,0,FALLBACK,0.0147,0.100,1.1923,0,none
73.374,1466,-0.32184,-3.24937,0.36462,0,10,0,FALLBACK,0.1138,0.100,1.1930,0,none
73.425,1467,-0.32455,-3.21005,0.48928,0,10,0,FALLBACK,0.1363,0.100,1.1938,0,none
73.475,1468,-0.32236,-3.26358,0.49226,0,10,0,FALLBACK,0.1008,0.100,1.1943,0,none
73.527,1469,-0.29835,-2.98183,0.54975,0,10,0,FALLBACK,-0.1283,0.100,1.1949,0,none
73.577,1470,-0.30558,-3.19225,0.50292,0,10,0,FALLBACK,0.0640,0.100,1.1954,0,none
73.624,1471,-0.32049,-3.28584,0.63635,0,10,0,FALLBACK,0.1770,0.100,1.1956,0,none
73.676,1472,-0.33117,-3.34671,0.48587,0,10,0,FALLBACK,0.2093,0.100,1.1958,0,none
73.724,1473,-0.30929,-3.45483,0.53721,0,10,0,FALLBACK,-0.0629,0.100,1.1959,0,none
73.776,1474,-0.32415,-3.42478,0.49261,0,10,0,FALLBACK,0.1950,0.100,1.1962,0,none
73.826,1475,-0.34425,-3.39847,0.39747,0,10,0,FALLBACK,0.3218,0.100,1.1962,0,none
73.876,1476,-0.35406,-3.45676,0.53928,0,10,0,FALLBACK,0.3194,0.100,1.1955,0,none
73.926,1477,-0.34828,-3.50543,0.57292,0,10,0,FALLBACK,0.2125,0.100,1.1951,0,none
73.977,1478,-0.32533,-3.72702,0.52284,0,10,0,FALLBACK,0.0119,0.100,1.1956,0,none
74.026,1479,-0.31629,-3.79159,0.50428,0,10,0,FALLBACK,0.0362,0.100,1.1965,0,none
74.077,1480,-0.30967,-3.88797,0.60887,0,10,0,FALLBACK,0.0153,0.100,1.1973,0,none
74.126,1481,-0.30213,-3.97319,0.62220,0,10,0,FALLBACK,-0.0271,0.100,1.1980,0,none
74.177,1482,-0.28802,-3.93952,0.63453,0,10,0,FALLBACK,-0.1305,0.100,1.1987,0,none
74.227,1483,-0.29475,-3.60596,0.51972,0,10,0,FALLBACK,0.0074,0.100,1.1993,0,none
74.278,1484,-0.30772,-3.02682,0.55948,0,10,0,FALLBACK,0.1035,0.100,1.1998,0,none
74.327,1485,-0.31906,-3.54279,0.49172,0,10,0,FALLBACK,0.1520,0.100,1.2003,0,none
74.377,1486,-0.31637,-3.42689,0.48212,0,10,0,FALLBACK,0.0684,0.100,1.2006,0,none
74.426,1487,-0.32765,-3.32100,0.52597,0,10,0,FALLBACK,0.1947,0.100,1.2011,0,none
74.475,1488,-0.33671,-3.33316,0.51910,0,10,0,FALLBACK,0.2289,0.100,1.2016,0,none
74.527,1489,-0.33672,-3.32532,0.47190,0,10,0,FALLBACK,0.1837,0.100,1.2017,0,none
74.578,1490,-0.31621,-3.10669,0.46877,0,10,0,FALLBACK,-0.0216,0.100,1.2021,0,none
74.611,1491,-0.31246,-3.74360,0.65381,0,10,0,FALLBACK,0.0436,0.100,1.2027,0,none
74.663,1492,-0.31113,-3.73743,0.63741,0,10,0,FALLBACK,0.0490,0.100,1.2033,0,none
74.709,1493,-0.30769,-3.32943,0.48788,0,10,0,FALLBACK,0.0213,0.100,1.2039,0,none
74.761,1494,-0.28666,-3.15578,0.52949,0,10,0,FALLBACK,-0.1719,0.100,1.2046,0,none
74.813,1495,-0.30036,-3.54374,0.47665,0,10,0,FALLBACK,0.0703,0.100,1.2045,0,none
74.862,1496,-0.31978,-3.52095,0.62859,0,10,0,FALLBACK,0.1960,0.100,1.2046,0,none
74.911,1497,-0.33048,-3.13818,0.42179,0,10,0,FALLBACK,0.2059,0.100,1.2044,0,none
74.962,1498,-0.33095,-3.36792,0.58872,0,10,0,FALLBACK,0.1571,0.100,1.2047,0,none
75.012,1499,-0.32146,-3.49362,0.49878,0,10,0,FALLBACK,0.0599,0.100,1.2053,0,none
75.063,1500,-0.32402,-3.46628,0.46251,0,10,0,FALLBACK,0.1328,0.100,1.2060,0,none
75.113,1501,-0.32450,-3.25566,0.52130,0,10,0,FALLBACK,0.1249,0.100,1.2065,0,none
75.163,1502,-0.31865,-3.60067,0.47664,0,10,0,FALLBACK,0.0640,0.100,1.2070,0,none
75.212,1503,-0.30365,-3.50424,0.53592,0,10,0,FALLBACK,-0.0567,0.100,1.2077,0,none
75.264,1504,-0.30958,-3.46182,0.44424,0,10,0,FALLBACK,0.0775,0.100,1.2082,0,none
75.315,1505,-0.31732,-3.58639,0.48421,0,10,0,FALLBACK,0.1254,0.100,1.2085,0,none
75.364,1506,-0.31918,-3.62394,0.47270,0,10,0,FALLBACK,0.1051,0.100,1.2089,0,none
75.412,1507,-0.30402,-3.49352,0.50879,0,10,0,FALLBACK,-0.0557,0.100,1.2094,0,none
75.464,1508,-0.32213,-3.42220,0.42012,0,10,0,FALLBACK,0.2012,0.100,1.2098,0,none
75.515,1509,-0.34035,-3.35135,0.41567,0,10,0,FALLBACK,0.2928,0.100,1.2092,0,none
75.563,1510,-0.34554,-3.17973,0.56588,0,10,0,FALLBACK,0.2537,0.100,1.2088,0,none
75.615,1511,-0.33191,-3.51010,0.39809,0,10,0,FALLBACK,0.0914,0.100,1.2089,0,none
75.665,1512,-0.32425,-3.66429,0.51975,0,10,0,FALLBACK,0.0829,0.100,1.2095,0,none
75.715,1513,-0.31543,-3.87694,0.66544,0,10,0,FALLBACK,0.0331,0.100,1.2103,0,none
75.764,1514,-0.30415,-3.90291,0.37299,0,10,0,FALLBACK,-0.0357,0.100,1.2110,0,none
75.816,1515,-0.29398,-4.03079,0.55975,0,10,0,FALLBACK,-0.0809,0.100,1.2115,0,none
75.865,1516,-0.28362,-3.92374,0.54089,0,10,0,FALLBACK,-0.1337,0.100,1.2120,0,none
75.915,1517,-0.27767,-4.01609,0.54348,0,10,0,FALLBACK,-0.1414,0.100,1.2124,0,none
75.965,1518,-0.27798,-4.49817,0.61600,0,10,0,FALLBACK,-0.1086,0.100,1.2129,0,none
76.015,1519,-0.28586,-4.19119,0.60492,0,10,0,FALLBACK,-0.0313,0.100,1.2134,0,none
76.066,1520,-0.29308,-4.04721,0.55851,0,10,0,FALLBACK,0.0015,0.100,1.2140,0,none
76.116,1521,-0.30022,-3.86472,0.72753,0,10,0,FALLBACK,0.0368,0.100,1.2145,0,none
76.167,1522,-0.30643,-3.71021,0.51258,0,10,0,FALLBACK,0.0632,0.100,1.2150,0,none
76.217,1523,-0.30744,-3.72015,0.67266,0,10,0,FALLBACK,0.0422,0.100,1.2155,0,none
76.268,1524,-0.31163,-3.72636,0.55683,0,10,0,FALLBACK,0.0791,0.100,1.2160,0,none
76.318,1525,-0.31403,-4.21808,0.58919,0,10,0,FALLBACK,0.0821,0.100,1.2165,0,none
76.368,1526,-0.31273,-3.89527,0.66922,0,10,0,FALLBACK,0.0571,0.100,1.2170,0,none
76.419,1527,-0.30814,-3.82660,0.48695,0,10,0,FALLBACK,0.0177,0.100,1.2175,0,none
76.467,1528,-0.30209,-3.88245,0.61013,0,10,0,FALLBACK,-0.0198,0.100,1.2180,0,none
76.519,1529,-0.29401,-3.50439,0.47517,0,10,0,FALLBACK,-0.0703,0.100,1.2185,0,none
76.568,1530,-0.28772,-3.56658,0.57768,0,10,0,FALLBACK,-0.0928,0.100,1.2190,0,none
76.618,1531,-0.28515,-4.14312,0.58847,0,10,0,FALLBACK,-0.0871,0.100,1.2194,0,none
76.670,1532,-0.28701,-3.99666,0.72369,0,10,0,FALLBACK,-0.0556,0.100,1.2199,0,none
76.719,1533,-0.29073,-3.75221,0.69002,0,10,0,FALLBACK,-0.0277,0.100,1.2203,0,none
76.769,1534,-0.29605,-3.79148,0.59660,0,10,0,FALLBACK,0.0069,0.100,1.2208,0,none
76.821,1535,-0.30186,-4.18485,0.67529,0,10,0,FALLBACK,0.0383,0.100,1.2213,0,none
76.871,1536,-0.30701,-4.00568,0.67882,0,10,0,FALLBACK,0.0608,0.100,1.2218,0,none
76.918,1537,-0.30849,-4.13497,0.55039,0,10,0,FALLBACK,0.0498,0.100,1.2222,0,none
76.969,1538,-0.30721,-4.11087,0.75557,0,10,0,FALLBACK,0.0297,0.100,1.2226,0,none
77.021,1539,-0.30410,-4.19796,0.71690,0,10,0,FALLBACK,0.0050,0.100,1.2231,0,none
77.070,1540,-0.30059,-4.33403,0.68408,0,10,0,FALLBACK,-0.0146,0.100,1.2236,0,none
77.122,1541,-0.29622,-4.17766,0.54370,0,10,0,FALLBACK,-0.0407,0.100,1.2240,0,none
77.171,1542,-0.29289,-4.49773,0.75685,0,10,0,FALLBACK,-0.0522,0.100,1.2245,0,none
77.223,1543,-0.29172,-4.32647,0.83161,0,10,0,FALLBACK,-0.0472,0.100,1.2249,0,none
77.270,1544,-0.29290,-4.13790,0.69925,0,10,0,FALLBACK,-0.0297,0.100,1.2253,0,none
77.321,1545,-0.29550,-3.90123,0.59318,0,10,0,FALLBACK,-0.0095,0.100,1.2258,0,none
77.371,1546,-0.29897,-3.64842,0.50196,0,10,0,FALLBACK,0.0122,0.100,1.2262,0,none
77.420,1547,-0.30235,-3.85582,0.58337,0,10,0,FALLBACK,0.0286,0.100,1.2266,0,none
77.471,1548,-0.30431,-4.16438,0.36302,0,10,0,FALLBACK,0.0314,0.100,1.2270,0,none
77.520,1549,-0.30620,-3.74843,0.55113,0,10,0,FALLBACK,0.0404,0.100,1.2274,0,none
77.570,1550,-0.30665,-4.20558,0.47153,0,10,0,FALLBACK,0.0355,0.100,1.2278,0,none
77.622,1551,-0.30533,-3.81301,0.64594,0,10,0,FALLBACK,0.0201,0.100,1.2282,0,none
77.672,1552,-0.30437,-3.72414,0.57020,0,10,0,FALLBACK,0.0170,0.100,1.2286,0,none
77.720,1553,-0.29852,-4.11386,0.66417,0,10,0,FALLBACK,-0.0366,0.100,1.2291,0,none
77.771,1554,-0.29245,-3.92193,0.52198,0,10,0,FALLBACK,-0.0682,0.100,1.2294,0,none
77.823,1555,-0.28882,-4.23588,0.57669,0,10,0,FALLBACK,-0.0740,0.100,1.2298,0,none
77.872,1556,-0.28739,-3.93170,0.75061,0,10,0,FALLBACK,-0.0702,0.100,1.2301,0,none
77.923,1557,-0.29186,-3.72129,0.62728,0,10,0,FALLBACK,-0.0183,0.100,1.2305,0,none
77.970,1558,-0.29881,-3.78423,0.58637,0,10,0,FALLBACK,0.0288,0.100,1.2309,0,none
78.020,1559,-0.30549,-3.60286,0.61743,0,10,0,FALLBACK,0.0608,0.100,1.2312,0,none
78.074,1560,-0.30877,-3.93807,0.45990,0,10,0,FALLBACK,0.0602,0.100,1.2315,0,none
78.123,1561,-0.31183,-3.62217,0.50199,0,10,0,FALLBACK,0.0745,0.100,1.2319,0,none
78.171,1562,-0.31223,-3.97779,0.56640,0,10,0,FALLBACK,0.0632,0.100,1.2322,0,none
78.224,1563,-0.30945,-4.03122,0.65825,0,10,0,FALLBACK,0.0334,0.100,1.2325,0,none
78.272,1564,-0.30486,-4.17658,0.52403,0,10,0,FALLBACK,0.0014,0.100,1.2329,0,none
78.321,1565,-0.29840,-4.11763,0.67147,0,10,0,FALLBACK,-0.0403,0.100,1.2333,0,none
78.371,1566,-0.29264,-3.86188,0.50164,0,10,0,FALLBACK,-0.0656,0.100,1.2336,0,none
78.423,1567,-0.28929,-3.82713,0.61286,0,10,0,FALLBACK,-0.0703,0.100,1.2339,0,none
78.470,1568,-0.28820,-4.13003,0.51760,0,10,0,FALLBACK,-0.0645,0.100,1.2343,0,none
78.521,1569,-0.29205,-3.63954,0.63466,0,10,0,FALLBACK,-0.0205,0.100,1.2346,0,none
78.573,1570,-0.29819,-3.79729,0.58059,0,10,0,FALLBACK,0.0217,0.100,1.2349,0,none
78.623,1571,-0.30429,-3.96524,0.50873,0,10,0,FALLBACK,0.0519,0.100,1.2352,0,none
78.672,1572,-0.30565,-3.81887,0.52088,0,10,0,FALLBACK,0.0350,0.100,1.2355,0,none
78.722,1573,-0.31076,-3.48239,0.60468,0,10,0,FALLBACK,0.0794,0.100,1.2358,0,none
78.772,1574,-0.31422,-3.71191,0.58574,0,10,0,FALLBACK,0.0883,0.100,1.2361,0,none
78.824,1575,-0.31373,-3.80144,0.60343,0,10,0,FALLBACK,0.0662,0.100,1.2363,0,none
78.874,1576,-0.31080,-4.01041,0.62266,0,10,0,FALLBACK,0.0394,0.100,1.2366,0,none
78.921,1577,-0.30290,-4.10538,0.67295,0,10,0,FALLBACK,-0.0250,0.100,1.2370,0,none
78.973,1578,-0.29419,-4.28414,0.63463,0,10,0,FALLBACK,-0.0726,0.100,1.2373,0,none
79.023,1579,-0.28772,-4.24117,0.71401,0,10,0,FALLBACK,-0.0938,0.100,1.2375,0,none
79.075,1580,-0.28521,-4.22090,0.58176,0,10,0,FALLBACK,-0.0865,0.100,1.2378,0,none
79.125,1581,-0.28677,-4.09131,0.53287,0,10,0,FALLBACK,-0.0584,0.100,1.2380,0,none
79.174,1582,-0.29599,-3.67797,0.63948,0,10,0,FALLBACK,0.0261,0.100,1.2384,0,none
79.222,1583,-0.30660,-3.67841,0.68866,0,10,0,FALLBACK,0.0860,0.100,1.2386,0,none
79.273,1584,-0.31449,-3.82404,0.63403,0,10,0,FALLBACK,0.1119,0.100,1.2388,0,none
79.323,1585,-0.31758,-3.55816,0.46230,0,10,0,FALLBACK,0.1034,0.100,1.2389,0,none
79.372,1586,-0.31685,-4.01905,0.61590,0,10,0,FALLBACK,0.0806,0.100,1.2391,0,none
79.424,1587,-0.31183,-3.91128,0.56132,0,10,0,FALLBACK,0.0341,0.100,1.2394,0,none
79.475,1588,-0.30371,-4.23702,0.59136,0,10,0,FALLBACK,-0.0221,0.100,1.2397,0,none
79.524,1589,-0.29450,-3.84275,0.56587,0,10,0,FALLBACK,-0.0735,0.100,1.2400,0,none
79.575,1590,-0.28925,-3.74686,0.69929,0,10,0,FALLBACK,-0.0800,0.100,1.2402,0,none
79.624,1591,-0.28771,-3.94135,0.52325,0,10,0,FALLBACK,-0.0692,0.100,1.2405,0,none
79.674,1592,-0.28975,-3.69247,0.63112,0,10,0,FALLBACK,-0.0411,0.100,1.2407,0,none
79.725,1593,-0.29515,-4.03953,0.47494,0,10,0,FALLBACK,0.0027,0.100,1.2410,0,none
79.773,1594,-0.29680,-3.79208,0.51227,0,10,0,FALLBACK,-0.0077,0.100,1.2413,0,none
79.823,1595,-0.29792,-4.06925,0.63405,0,10,0,FALLBACK,-0.0048,0.100,1.2415,0,none
79.875,1596,-0.29930,-3.80952,0.55544,0,10,0,FALLBACK,0.0034,0.100,1.2418,0,none
79.927,1597,-0.30021,-3.91427,0.75651,0,10,0,FALLBACK,0.0056,0.100,1.2421,0,none
79.976,1598,-0.30619,-3.89196,0.55163,0,10,0,FALLBACK,0.0608,0.100,1.2423,0,none
80.026,1599,-0.31177,-3.54997,0.53682,0,10,0,FALLBACK,0.0868,0.100,1.2426,0,none
80.076,1600,-0.31424,-4.08105,0.55077,0,10,0,FALLBACK,0.0835,0.100,1.2427,0,none
80.125,1601,-0.31255,-4.15651,0.70541,0,10,0,FALLBACK,0.0543,0.100,1.2429,0,none
80.176,1602,-0.30769,-4.33706,0.65378,0,10,0,FALLBACK,0.0142,0.100,1.2431,0,none
80.228,1603,-0.30084,-4.14825,0.70179,0,10,0,FALLBACK,-0.0300,0.100,1.2434,0,none
80.260,1604,-0.29390,-4.08670,0.55755,0,10,0,FALLBACK,-0.0653,0.100,1.2437,0,none
80.310,1605,-0.28856,-4.32264,0.45233,0,10,0,FALLBACK,-0.0839,0.100,1.2439,0,none
80.361,1606,-0.29093,-4.04207,0.59067,0,10,0,FALLBACK,-0.0335,0.100,1.2440,0,none
80.412,1607,-0.29633,-3.62040,0.48761,0,10,0,FALLBACK,0.0086,0.100,1.2443,0,none
80.461,1608,-0.30172,-3.80286,0.55785,0,10,0,FALLBACK,0.0355,0.100,1.2445,0,none
80.513,1609,-0.30531,-4.28638,0.67447,0,10,0,FALLBACK,0.0445,0.100,1.2447,0,none
80.563,1610,-0.30907,-3.75389,0.51271,0,10,0,FALLBACK,0.0642,0.100,1.2449,0,none
80.611,1611,-0.31054,-4.00529,0.55454,0,10,0,FALLBACK,0.0600,0.100,1.2451,0,none
80.661,1612,-0.30904,-3.96530,0.69832,0,10,0,FALLBACK,0.0377,0.100,1.2453,0,none
80.712,1613,-0.30592,-3.94943,0.50511,0,10,0,FALLBACK,0.0141,0.100,1.2456,0,none
80.763,1614,-0.29897,-3.97100,0.68974,0,10,0,FALLBACK,-0.0399,0.100,1.2458,0,none
80.815,1615,-0.29263,-3.96513,0.60743,0,10,0,FALLBACK,-0.0686,0.100,1.2460,0,none
80.863,1616,-0.28910,-4.16503,0.69798,0,10,0,FALLBACK,-0.0721,0.100,1.2462,0,none
80.914,1617,-0.28881,-4.12574,0.62727,0,10,0,FALLBACK,-0.0574,0.100,1.2464,0,none
80.964,1618,-0.29217,-3.69517,0.59617,0,10,0,FALLBACK,-0.0224,0.100,1.2466,0,none
81.013,1619,-0.29717,-4.12804,0.63810,0,10,0,FALLBACK,0.0109,0.100,1.2468,0,none
81.065,1620,-0.30212,-3.79702,0.57945,0,10,0,FALLBACK,0.0354,0.100,1.2470,0,none
81.113,1621,-0.30493,-4.02147,0.57122,0,10,0,FALLBACK,0.0386,0.100,1.2472,0,none
81.165,1622,-0.30980,-3.80206,0.57103,0,10,0,FALLBACK,0.0734,0.100,1.2474,0,none
81.216,1623,-0.31246,-3.89310,0.46983,0,10,0,FALLBACK,0.0756,0.100,1.2475,0,none
81.263,1624,-0.31145,-3.81629,0.56162,0,10,0,FALLBACK,0.0522,0.100,1.2477,0,none
81.315,1625,-0.30693,-3.75484,0.55555,0,10,0,FALLBACK,0.0121,0.100,1.2479,0,none
81.363,1626,-0.30388,-4.02434,0.62281,0,10,0,FALLBACK,0.0041,0.100,1.2481,0,none
81.414,1627,-0.30095,-4.23743,0.66651,0,10,0,FALLBACK,-0.0099,0.100,1.2483,0,none
81.464,1628,-0.29817,-3.85347,0.53293,0,10,0,FALLBACK,-0.0230,0.100,1.2486,0,none
81.515,1629,-0.29748,-3.92771,0.54791,0,10,0,FALLBACK,-0.0160,0.100,1.2488,0,none
81.563,1630,-0.29180,-4.14333,0.56056,0,10,0,FALLBACK,-0.0694,0.100,1.2490,0,none
81.615,1631,-0.28718,-3.72931,0.60458,0,10,0,FALLBACK,-0.0872,0.100,1.2491,0,none
81.664,1632,-0.28629,-4.07071,0.61937,0,10,0,FALLBACK,-0.0730,0.100,1.2492,0,none
81.715,1633,-0.28918,-3.73706,0.49870,0,10,0,FALLBACK,-0.0397,0.100,1.2494,0,none
81.762,1634,-0.29551,-3.66936,0.50842,0,10,0,FALLBACK,0.0092,0.100,1.2496,0,none
81.813,1635,-0.30277,-3.88462,0.76334,0,10,0,FALLBACK,0.0502,0.100,1.2498,0,none
81.866,1636,-0.30865,-3.90513,0.59418,0,10,0,FALLBACK,0.0726,0.100,1.2499,0,none
81.915,1637,-0.31086,-3.67431,0.72798,0,10,0,FALLBACK,0.0654,0.100,1.2500,0,none
81.964,1638,-0.31337,-3.71480,0.52491,0,10,0,FALLBACK,0.0794,0.100,1.2501,0,none
82.015,1639,-0.31300,-4.27732,0.60545,0,10,0,FALLBACK,0.0632,0.100,1.2503,0,none
82.065,1640,-0.30920,-4.26779,0.59886,0,10,0,FALLBACK,0.0270,0.100,1.2504,0,none
82.115,1641,-0.30462,-4.72122,0.66737,0,10,0,FALLBACK,0.0002,0.100,1.2506,0,none
82.165,1642,-0.29275,-4.00156,0.62543,0,10,0,FALLBACK,-0.0956,0.100,1.2508,0,none
82.215,1643,-0.28203,-3.99520,0.66328,0,10,0,FALLBACK,-0.1435,0.100,1.2508,0,none
82.266,1644,-0.27705,-4.29799,0.63041,0,10,0,FALLBACK,-0.1396,0.100,1.2508,0,none
82.315,1645,-0.27744,-4.18472,0.74777,0,10,0,FALLBACK,-0.1108,0.100,1.2508,0,none
82.364,1646,-0.29038,-3.91831,0.62338,0,10,0,FALLBACK,0.0166,0.100,1.2510,0,none
82.415,1647,-0.30663,-3.49432,0.41645,0,10,0,FALLBACK,0.1144,0.100,1.2510,0,none
82.464,1648,-0.31964,-3.43680,0.51359,0,10,0,FALLBACK,0.1633,0.100,1.2509,0,none
82.515,1649,-0.32681,-3.42567,0.56337,0,10,0,FALLBACK,0.1699,0.100,1.2508,0,none
82.565,1650,-0.32205,-3.62917,0.54699,0,10,0,FALLBACK,0.0865,0.100,1.2507,0,none
82.613,1651,-0.31050,-4.13367,0.76136,0,10,0,FALLBACK,-0.0052,0.100,1.2508,0,none
82.665,1652,-0.29705,-4.06744,0.58828,0,10,0,FALLBACK,-0.0820,0.100,1.2510,0,none
82.714,1653,-0.28530,-3.93435,0.59053,0,10,0,FALLBACK,-0.1322,0.100,1.2511,0,none
82.766,1654,-0.28055,-4.09987,0.72904,0,10,0,FALLBACK,-0.1210,0.100,1.2511,0,none
82.816,1655,-0.28210,-3.94033,0.64847,0,10,0,FALLBACK,-0.0818,0.100,1.2512,0,none
82.866,1656,-0.28843,-4.17636,0.65484,0,10,0,FALLBACK,-0.0262,0.100,1.2513,0,none
82.916,1657,-0.29863,-4.22068,0.81406,0,10,0,FALLBACK,0.0441,0.100,1.2515,0,none
82.966,1658,-0.30242,-3.86358,0.70704,0,10,0,FALLBACK,0.0311,0.100,1.2516,0,none
83.018,1659,-0.30348,-4.02208,0.48897,0,10,0,FALLBACK,0.0227,0.100,1.2517,0,none
83.065,1660,-0.30341,-4.21114,0.68320,0,10,0,FALLBACK,0.0167,0.100,1.2519,0,none
83.116,1661,-0.30292,-4.29834,0.74689,0,10,0,FALLBACK,0.0122,0.100,1.2521,0,none
83.167,1662,-0.30003,-4.25072,0.67542,0,10,0,FALLBACK,-0.0143,0.100,1.2522,0,none
83.217,1663,-0.29688,-4.17895,0.68719,0,10,0,FALLBACK,-0.0313,0.100,1.2524,0,none
83.267,1664,-0.29478,-4.35701,0.62412,0,10,0,FALLBACK,-0.0366,0.100,1.2526,0,none
83.319,1665,-0.29383,-3.93226,0.60120,0,10,0,FALLBACK,-0.0356,0.100,1.2527,0,none
83.367,1666,-0.29659,-3.92702,0.62715,0,10,0,FALLBACK,-0.0032,0.100,1.2529,0,none
83.418,1667,-0.30058,-3.55931,0.38315,0,10,0,FALLBACK,0.0229,0.100,1.2530,0,none
83.468,1668,-0.30412,-3.82473,0.68314,0,10,0,FALLBACK,0.0383,0.100,1.2532,0,none
83.520,1669,-0.30713,-3.85149,0.74932,0,10,0,FALLBACK,0.0507,0.100,1.2533,0,none
83.567,1670,-0.30375,-3.70219,0.60621,0,10,0,FALLBACK,0.0018,0.100,1.2534,0,none
83.619,1671,-0.29836,-3.76791,0.56139,0,10,0,FALLBACK,-0.0352,0.100,1.2535,0,none
83.669,1672,-0.29374,-4.15811,0.69062,0,10,0,FALLBACK,-0.0544,0.100,1.2537,0,none
83.719,1673,-0.29098,-3.71607,0.59909,0,10,0,FALLBACK,-0.0589,0.100,1.2538,0,none
83.769,1674,-0.29244,-4.06126,0.74113,0,10,0,FALLBACK,-0.0305,0.100,1.2539,0,none
83.819,1675,-0.29629,-3.96404,0.54280,0,10,0,FALLBACK,0.0007,0.100,1.2541,0,none
83.869,1676,-0.30083,-3.79960,0.70069,0,10,0,FALLBACK,0.0269,0.100,1.2542,0,none
83.918,1677,-0.30501,-4.09584,0.73629,0,10,0,FALLBACK,0.0460,0.100,1.2543,0,none
83.969,1678,-0.30640,-3.92232,0.66307,0,10,0,FALLBACK,0.0389,0.100,1.2544,0,none
84.020,1679,-0.30557,-4.13493,0.54278,0,10,0,FALLBACK,0.0237,0.100,1.2546,0,none
84.069,1680,-0.30321,-4.35857,0.59998,0,10,0,FALLBACK,0.0042,0.100,1.2547,0,none
84.121,1681,-0.29932,-4.22339,0.60253,0,10,0,FALLBACK,-0.0229,0.100,1.2549,0,none
84.169,1682,-0.30077,-4.13931,0.51310,0,10,0,FALLBACK,0.0111,0.100,1.2550,0,none
84.219,1683,-0.30325,-3.99697,0.53512,0,10,0,FALLBACK,0.0286,0.100,1.2551,0,none
84.270,1684,-0.30469,-4.07614,0.61061,0,10,0,FALLBACK,0.0306,0.100,1.2552,0,none
84.320,1685,-0.30430,-4.03726,0.66919,0,10,0,FALLBACK,0.0196,0.100,1.2553,0,none
84.368,1686,-0.30468,-4.06883,0.78317,0,10,0,FALLBACK,0.0253,0.100,1.2555,0,none
84.418,1687,-0.30430,-3.79341,0.50519,0,10,0,FALLBACK,0.0196,0.100,1.2556,0,none
84.469,1688,-0.30277,-4.07863,0.54896,0,10,0,FALLBACK,0.0062,0.100,1.2557,0,none
84.522,1689,-0.30059,-3.90638,0.51824,0,10,0,FALLBACK,-0.0080,0.100,1.2559,0,none
84.570,1690,-0.29810,-3.92655,0.62649,0,10,0,FALLBACK,-0.0220,0.100,1.2560,0,none
84.621,1691,-0.29590,-4.04176,0.55176,0,10,0,FALLBACK,-0.0315,0.100,1.2561,0,none
84.671,1692,-0.29468,-3.88272,0.56591,0,10,0,FALLBACK,-0.0327,0.100,1.2563,0,none
84.720,1693,-0.29495,-3.89273,0.71700,0,10,0,FALLBACK,-0.0239,0.100,1.2564,0,none
84.769,1694,-0.29598,-3.90784,0.52340,0,10,0,FALLBACK,-0.0149,0.100,1.2565,0,none
84.819,1695,-0.29786,-3.99859,0.53163,0,10,0,FALLBACK,-0.0013,0.100,1.2566,0,none
84.870,1696,-0.30018,-4.29525,0.66904,0,10,0,FALLBACK,0.0125,0.100,1.2567,0,none
84.919,1697,-0.30276,-4.18431,0.51433,0,10,0,FALLBACK,0.0267,0.100,1.2568,0,none
84.970,1698,-0.30051,-3.98178,0.52093,0,10,0,FALLBACK,-0.0087,0.100,1.2569,0,none
85.020,1699,-0.29721,-4.14954,0.72730,0,10,0,FALLBACK,-0.0304,0.100,1.2570,0,none
85.071,1700,-0.29486,-3.89225,0.63932,0,10,0,FALLBACK,-0.0375,0.100,1.2572,0,none
85.119,1701,-0.29373,-4.20344,0.56884,0,10,0,FALLBACK,-0.0370,0.100,1.2573,0,none
85.173,1702,-0.29850,-3.75978,0.73674,0,10,0,FALLBACK,0.0164,0.100,1.2574,0,none
85.221,1703,-0.30443,-3.85896,0.60579,0,10,0,FALLBACK,0.0518,0.100,1.2575,0,none
85.271,1704,-0.30872,-4.01453,0.62893,0,10,0,FALLBACK,0.0651,0.100,1.2575,0,none
85.321,1705,-0.31069,-4.03309,0.66672,0,10,0,FALLBACK,0.0633,0.100,1.2576,0,none
85.372,1706,-0.30338,-3.90473,0.55229,0,10,0,FALLBACK,-0.0197,0.100,1.2576,0,none
85.422,1707,-0.29399,-3.94698,0.57950,0,10,0,FALLBACK,-0.0770,0.100,1.2577,0,none
85.474,1708,-0.28685,-4.08909,0.60018,0,10,0,FALLBACK,-0.1014,0.100,1.2577,0,none
85.524,1709,-0.28411,-3.54016,0.37278,0,10,0,FALLBACK,-0.0932,0.100,1.2577,0,none
85.571,1710,-0.28563,-3.93482,0.56705,0,10,0,FALLBACK,-0.0642,0.100,1.2578,0,none
85.622,1711,-0.29087,-3.56687,0.48629,0,10,0,FALLBACK,-0.0195,0.100,1.2579,0,none
85.672,1712,-0.29812,-3.40342,0.66066,0,10,0,FALLBACK,0.0269,0.100,1.2580,0,none
85.721,1713,-0.30521,-3.69532,0.59996,0,10,0,FALLBACK,0.0615,0.100,1.2581,0,none
85.774,1714,-0.31455,-3.65605,0.66570,0,10,0,FALLBACK,0.1194,0.100,1.2581,0,none
85.821,1715,-0.32032,-3.75665,0.51114,0,10,0,FALLBACK,0.1305,0.100,1.2580,0,none
85.871,1716,-0.31999,-4.09299,0.74313,0,10,0,FALLBACK,0.0983,0.100,1.2579,0,none
85.924,1717,-0.31406,-4.37900,0.62833,0,10,0,FALLBACK,0.0406,0.100,1.2580,0,none
85.973,1718,-0.30374,-4.19706,0.59046,0,10,0,FALLBACK,-0.0329,0.100,1.2581,0,none
86.025,1719,-0.29299,-4.30732,0.65313,0,10,0,FALLBACK,-0.0888,0.100,1.2582,0,none
86.074,1720,-0.28042,-4.14157,0.65403,0,10,0,FALLBACK,-0.1607,0.100,1.2582,0,none
86.124,1721,-0.28237,-4.21354,0.73930,0,10,0,FALLBACK,-0.0784,0.100,1.2580,0,none
86.173,1722,-0.29163,-3.74354,0.53181,0,10,0,FALLBACK,0.0045,0.100,1.2580,0,none
86.225,1723,-0.30267,-3.70659,0.54584,0,10,0,FALLBACK,0.0685,0.100,1.2581,0,none
86.275,1724,-0.31033,-3.83952,0.57708,0,10,0,FALLBACK,0.0899,0.100,1.2581,0,none
86.322,1725,-0.31700,-3.71275,0.59585,0,10,0,FALLBACK,0.1184,0.100,1.2581,0,none
86.376,1726,-0.31945,-3.58695,0.57631,0,10,0,FALLBACK,0.1095,0.100,1.2581,0,none
86.424,1727,-0.31652,-3.77388,0.49681,0,10,0,FALLBACK,0.0679,0.100,1.2581,0,none
86.474,1728,-0.30949,-3.81700,0.48123,0,10,0,FALLBACK,0.0123,0.100,1.2581,0,none
86.523,1729,-0.29864,-3.84082,0.68040,0,10,0,FALLBACK,-0.0610,0.100,1.2583,0,none
86.575,1730,-0.28796,-3.72700,0.61023,0,10,0,FALLBACK,-0.1136,0.100,1.2584,0,none
86.622,1731,-0.28071,-3.89485,0.59179,0,10,0,FALLBACK,-0.1327,0.100,1.2583,0,none
86.675,1732,-0.28005,-4.26549,0.69994,0,10,0,FALLBACK,-0.1031,0.100,1.2583,0,none
86.724,1733,-0.28341,-3.69897,0.72157,0,10,0,FALLBACK,-0.0661,0.100,1.2583,0,none
86.774,1734,-0.29101,-3.43695,0.56044,0,10,0,FALLBACK,-0.0069,0.100,1.2584,0,none
86.824,1735,-0.30098,-4.04924,0.54815,0,10,0,FALLBACK,0.0547,0.100,1.2585,0,none
86.875,1736,-0.31236,-3.74334,0.62858,0,10,0,FALLBACK,0.1187,0.100,1.2585,0,none
86.925,1737,-0.31683,-4.04436,0.52233,0,10,0,FALLBACK,0.1065,0.100,1.2584,0,none
86.975,1738,-0.31547,-3.67665,0.48686,0,10,0,FALLBACK,0.0705,0.100,1.2583,0,none
87.026,1739,-0.30945,-3.90886,0.59054,0,10,0,FALLBACK,0.0172,0.100,1.2584,0,none
87.075,1740,-0.29642,-4.09464,0.63614,0,10,0,FALLBACK,-0.0831,0.100,1.2585,0,none
87.125,1741,-0.29285,-3.84260,0.64796,0,10,0,FALLBACK,-0.0536,0.100,1.2586,0,none
87.175,1742,-0.29379,-4.11328,0.67099,0,10,0,FALLBACK,-0.0263,0.100,1.2586,0,none
87.224,1743,-0.29706,-3.84926,0.64320,0,10,0,FALLBACK,0.0016,0.100,1.2587,0,none
87.273,1744,-0.29982,-3.62674,0.55096,0,10,0,FALLBACK,0.0129,0.100,1.2588,0,none
87.325,1745,-0.30478,-3.65816,0.47714,0,10,0,FALLBACK,0.0487,0.100,1.2589,0,none
87.375,1746,-0.30899,-3.55469,0.53373,0,10,0,FALLBACK,0.0660,0.100,1.2589,0,none
87.425,1747,-0.31076,-3.89443,0.53862,0,10,0,FALLBACK,0.0626,0.100,1.2590,0,none
87.476,1748,-0.30795,-3.87485,0.63367,0,10,0,FALLBACK,0.0257,0.100,1.2590,0,none
87.527,1749,-0.30573,-3.85841,0.59385,0,10,0,FALLBACK,0.0175,0.100,1.2591,0,none
87.577,1750,-0.30266,-3.67415,0.59391,0,10,0,FALLBACK,-0.0020,0.100,1.2592,0,none
87.627,1751,-0.29901,-3.99817,0.62834,0,10,0,FALLBACK,-0.0232,0.100,1.2593,0,none
87.675,1752,-0.29665,-3.87957,0.49417,0,10,0,FALLBACK,-0.0285,0.100,1.2594,0,none
87.726,1753,-0.29309,-3.80614,0.56885,0,10,0,FALLBACK,-0.0524,0.100,1.2595,0,none
87.777,1754,-0.29090,-4.00422,0.68532,0,10,0,FALLBACK,-0.0565,0.100,1.2596,0,none
87.827,1755,-0.29116,-4.01091,0.55224,0,10,0,FALLBACK,-0.0429,0.100,1.2596,0,none
87.875,1756,-0.29566,-3.78607,0.48366,0,10,0,FALLBACK,0.0008,0.100,1.2597,0,none
87.927,1757,-0.29787,-3.98623,0.59335,0,10,0,FALLBACK,0.0004,0.100,1.2598,0,none
87.979,1758,-0.29965,-4.02925,0.63114,0,10,0,FALLBACK,0.0071,0.100,1.2599,0,none
88.010,1759,-0.30133,-3.94800,0.56796,0,10,0,FALLBACK,0.0150,0.100,1.2599,0,none
88.061,1760,-0.30126,-4.05344,0.76944,0,10,0,FALLBACK,0.0060,0.100,1.2600,0,none
88.112,1761,-0.30366,-4.00354,0.68479,0,10,0,FALLBACK,0.0303,0.100,1.2601,0,none
88.161,1762,-0.30541,-3.90744,0.60622,0,10,0,FALLBACK,0.0358,0.100,1.2602,0,none
88.212,1763,-0.30551,-3.75188,0.56952,0,10,0,FALLBACK,0.0280,0.100,1.2602,0,none
88.261,1764,-0.30389,-4.35535,0.64553,0,10,0,FALLBACK,0.0113,0.100,1.2603,0,none
88.311,1765,-0.30178,-4.06584,0.68297,0,10,0,FALLBACK,-0.0016,0.100,1.2604,0,none
88.362,1766,-0.29961,-3.94224,0.49715,0,10,0,FALLBACK,-0.0128,0.100,1.2605,0,none
88.411,1767,-0.29785,-3.74829,0.57585,0,10,0,FALLBACK,-0.0196,0.100,1.2606,0,none
88.463,1768,-0.29438,-3.99622,0.60400,0,10,0,FALLBACK,-0.0454,0.100,1.2607,0,none
88.511,1769,-0.29848,-3.97527,0.54823,0,10,0,FALLBACK,0.0129,0.100,1.2607,0,none
88.563,1770,-0.30397,-3.86408,0.61759,0,10,0,FALLBACK,0.0473,0.100,1.2608,0,none
88.613,1771,-0.30753,-3.65962,0.50538,0,10,0,FALLBACK,0.0554,0.100,1.2608,0,none
88.662,1772,-0.31119,-4.01172,0.63391,0,10,0,FALLBACK,0.0743,0.100,1.2608,0,none
88.712,1773,-0.30503,-3.59750,0.54612,0,10,0,FALLBACK,-0.0057,0.100,1.2608,0,none
88.762,1774,-0.29674,-3.81214,0.61852,0,10,0,FALLBACK,-0.0578,0.100,1.2609,0,none
88.813,1775,-0.29055,-4.26576,0.64402,0,10,0,FALLBACK,-0.0782,0.100,1.2609,0,none
88.864,1776,-0.28414,-3.86146,0.55517,0,10,0,FALLBACK,-0.1113,0.100,1.2609,0,none
88.911,1777,-0.29209,-3.91156,0.52786,0,10,0,FALLBACK,0.0002,0.100,1.2609,0,none
88.964,1778,-0.30346,-3.81411,0.63118,0,10,0,FALLBACK,0.0742,0.100,1.2609,0,none
89.013,1779,-0.31213,-3.83247,0.74753,0,10,0,FALLBACK,0.1039,0.100,1.2608,0,none
89.063,1780,-0.31790,-4.01307,0.52516,0,10,0,FALLBACK,0.1183,0.100,1.2607,0,none
89.115,1781,-0.31317,-4.25638,0.68667,0,10,0,FALLBACK,0.0422,0.100,1.2606,0,none
89.164,1782,-0.30433,-4.34427,0.60417,0,10,0,FALLBACK,-0.0226,0.100,1.2607,0,none
89.214,1783,-0.29518,-4.21981,0.55771,0,10,0,FALLBACK,-0.0699,0.100,1.2608,0,none
89.263,1784,-0.28624,-4.29365,0.60296,0,10,0,FALLBACK,-0.1135,0.100,1.2608,0,none
89.315,1785,-0.28694,-4.17789,0.65806,0,10,0,FALLBACK,-0.0618,0.100,1.2608,0,none
89.363,1786,-0.29278,-3.86138,0.59596,0,10,0,FALLBACK,-0.0069,0.100,1.2608,0,none
89.415,1787,-0.30026,-3.91802,0.57544,0,10,0,FALLBACK,0.0386,0.100,1.2609,0,none
89.466,1788,-0.30845,-4.01110,0.61655,0,10,0,FALLBACK,0.0832,0.100,1.2609,0,none
89.515,1789,-0.30948,-3.67099,0.41135,0,10,0,FALLBACK,0.0525,0.100,1.2609,0,none
89.563,1790,-0.30660,-3.80394,0.54350,0,10,0,FALLBACK,0.0186,0.100,1.2609,0,none
89.613,1791,-0.30203,-4.11392,0.59798,0,10,0,FALLBACK,-0.0127,0.100,1.2610,0,none
89.663,1792,-0.29720,-3.80800,0.60127,0,10,0,FALLBACK,-0.0381,0.100,1.2611,0,none
89.716,1793,-0.29381,-3.77033,0.61516,0,10,0,FALLBACK,-0.0479,0.100,1.2611,0,none
89.767,1794,-0.29234,-3.75123,0.43761,0,10,0,FALLBACK,-0.0457,0.100,1.2612,0,none
89.816,1795,-0.29312,-4.08952,0.59326,0,10,0,FALLBACK,-0.0305,0.100,1.2612,0,none
89.864,1796,-0.29519,-4.01281,0.50054,0,10,0,FALLBACK,-0.0137,0.100,1.2613,0,none
89.915,1797,-0.30015,-3.45424,0.49859,0,10,0,FALLBACK,0.0255,0.100,1.2614,0,none
89.965,1798,-0.30522,-4.23384,0.67933,0,10,0,FALLBACK,0.0515,0.100,1.2614,0,none
90.015,1799,-0.30848,-3.68179,0.55553,0,10,0,FALLBACK,0.0587,0.100,1.2615,0,none
90.068,1800,-0.30768,-3.92070,0.46900,0,10,0,FALLBACK,0.0344,0.100,1.2615,0,none
90.116,1801,-0.30938,-3.88076,0.67922,0,10,0,FALLBACK,0.0553,0.100,1.2615,0,none
90.167,1802,-0.30970,-3.91505,0.69272,0,10,0,FALLBACK,0.0501,0.100,1.2616,0,none
90.215,1803,-0.30746,-4.15360,0.63008,0,10,0,FALLBACK,0.0261,0.100,1.2616,0,none
90.265,1804,-0.30437,-4.03756,0.68484,0,10,0,FALLBACK,0.0064,0.100,1.2617,0,none
90.315,1805,-0.29601,-4.00214,0.57381,0,10,0,FALLBACK,-0.0618,0.100,1.2618,0,none
90.366,1806,-0.28810,-3.87503,0.52900,0,10,0,FALLBACK,-0.0991,0.100,1.2618,0,none
90.418,1807,-0.28401,-3.86569,0.48520,0,10,0,FALLBACK,-0.1004,0.100,1.2617,0,none
90.467,1808,-0.28442,-3.66933,0.58442,0,10,0,FALLBACK,-0.0758,0.100,1.2617,0,none
90.518,1809,-0.29070,-3.49016,0.52114,0,10,0,FALLBACK,-0.0152,0.100,1.2618,0,none
90.567,1810,-0.29949,-3.76677,0.63964,0,10,0,FALLBACK,0.0414,0.100,1.2618,0,none
90.617,1811,-0.30777,-3.93534,0.65269,0,10,0,FALLBACK,0.0803,0.100,1.2619,0,none
90.668,1812,-0.31283,-3.68405,0.55276,0,10,0,FALLBACK,0.0894,0.100,1.2618,0,none
90.716,1813,-0.31540,-3.55782,0.58008,0,10,0,FALLBACK,0.0899,0.100,1.2618,0,none
90.767,1814,-0.31390,-4.24160,0.61131,0,10,0,FALLBACK,0.0619,0.100,1.2618,0,none
90.818,1815,-0.30869,-4.48453,0.62483,0,10,0,FALLBACK,0.0174,0.100,1.2618,0,none
90.867,1816,-0.30255,-4.39139,0.82973,0,10,0,FALLBACK,-0.0180,0.100,1.2619,0,none
90.920,1817,-0.29062,-3.82981,0.65439,0,10,0,FALLBACK,-0.1066,0.100,1.2620,0,none
90.968,1818,-0.28063,-4.08052,0.69715,0,10,0,FALLBACK,-0.1468,0.100,1.2619,0,none
91.019,1819,-0.27679,-4.14891,0.78687,0,10,0,FALLBACK,-0.1352,0.100,1.2617,0,none
91.069,1820,-0.27900,-4.31265,0.59079,0,10,0,FALLBACK,-0.0940,0.100,1.2617,0,none
91.119,1821,-0.29216,-3.92255,0.59953,0,10,0,FALLBACK,0.0266,0.100,1.2617,0,none
91.170,1822,-0.30787,-3.33563,0.50060,0,10,0,FALLBACK,0.1179,0.100,1.2617,0,none
91.221,1823,-0.32010,-3.62959,0.52779,0,10,0,FALLBACK,0.1617,0.100,1.2615,0,none
91.269,1824,-0.32612,-3.81888,0.43382,0,10,0,FALLBACK,0.1606,0.100,1.2612,0,none
91.319,1825,-0.32032,-3.88131,0.54160,0,10,0,FALLBACK,0.0726,0.100,1.2610,0,none
91.370,1826,-0.30824,-4.28139,0.69972,0,10,0,FALLBACK,-0.0192,0.100,1.2611,0,none
91.421,1827,-0.29481,-4.00052,0.60505,0,10,0,FALLBACK,-0.0931,0.100,1.2612,0,none
91.470,1828,-0.28402,-3.67388,0.54432,0,10,0,FALLBACK,-0.1339,0.100,1.2611,0,none
91.519,1829,-0.27883,-3.52917,0.42499,0,10,0,FALLBACK,-0.1318,0.100,1.2610,0,none
91.570,1830,-0.28003,-3.66319,0.41368,0,10,0,FALLBACK,-0.0939,0.100,1.2610,0,none
91.621,1831,-0.28663,-3.31582,0.61267,0,10,0,FALLBACK,-0.0338,0.100,1.2610,0,none
91.671,1832,-0.29633,-3.79193,0.54108,0,10,0,FALLBACK,0.0302,0.100,1.2611,0,none
91.720,1833,-0.30731,-3.27624,0.45014,0,10,0,FALLBACK,0.0915,0.100,1.2611,0,none
91.772,1834,-0.31565,-3.74603,0.61408,0,10,0,FALLBACK,0.1199,0.100,1.2610,0,none
91.822,1835,-0.31899,-3.91186,0.58708,0,10,0,FALLBACK,0.1117,0.100,1.2609,0,none
91.873,1836,-0.31660,-4.44829,0.56363,0,10,0,FALLBACK,0.0710,0.100,1.2609,0,none
91.924,1837,-0.31340,-3.90644,0.56080,0,10,0,FALLBACK,0.0510,0.100,1.2609,0,none
91.972,1838,-0.30780,-4.15977,0.59058,0,10,0,FALLBACK,0.0110,0.100,1.2611,0,none
92.021,1839,-0.30056,-3.94799,0.70467,0,10,0,FALLBACK,-0.0334,0.100,1.2611,0,none
92.069,1840,-0.29374,-4.17508,0.71091,0,10,0,FALLBACK,-0.0654,0.100,1.2612,0,none
92.121,1841,-0.28363,-4.19830,0.68147,0,10,0,FALLBACK,-0.1324,0.100,1.2612,0,none
92.170,1842,-0.27728,-4.28656,0.65926,0,10,0,FALLBACK,-0.1453,0.100,1.2611,0,none
92.221,1843,-0.27775,-4.22124,0.61264,0,10,0,FALLBACK,-0.1089,0.100,1.2610,0,none
92.270,1844,-0.28453,-3.80141,0.60736,0,10,0,FALLBACK,-0.0435,0.100,1.2610,0,none
92.320,1845,-0.29799,-3.76654,0.60845,0,10,0,FALLBACK,0.0573,0.100,1.2611,0,none
92.371,1846,-0.31168,-3.68565,0.55265,0,10,0,FALLBACK,0.1268,0.100,1.2611,0,none
92.420,1847,-0.31986,-3.27317,0.54183,0,10,0,FALLBACK,0.1402,0.100,1.2609,0,none
92.472,1848,-0.32373,-3.54226,0.58549,0,10,0,FALLBACK,0.1379,0.100,1.2607,0,none
92.523,1849,-0.32129,-3.68579,0.46276,0,10,0,FALLBACK,0.0942,0.100,1.2606,0,none
92.571,1850,-0.31320,-3.80479,0.50482,0,10,0,FALLBACK,0.0255,0.100,1.2607,0,none
92.621,1851,-0.29993,-4.27495,0.52935,0,10,0,FALLBACK,-0.0667,0.100,1.2608,0,none
92.673,1852,-0.29153,-3.74765,0.43234,0,10,0,FALLBACK,-0.0843,0.100,1.2608,0,none
92.723,1853,-0.28737,-4.27458,0.67074,0,10,0,FALLBACK,-0.0839,0.100,1.2608,0,none
92.772,1854,-0.28714,-3.99688,0.62462,0,10,0,FALLBACK,-0.0654,0.100,1.2608,0,none
92.822,1855,-0.29419,-4.05414,0.72461,0,10,0,FALLBACK,0.0062,0.100,1.2609,0,none
92.872,1856,-0.29516,-4.10902,0.74653,0,10,0,FALLBACK,-0.0193,0.100,1.2610,0,none
92.923,1857,-0.29520,-3.89183,0.72817,0,10,0,FALLBACK,-0.0239,0.100,1.2610,0,none
92.974,1858,-0.29630,-4.38748,0.66816,0,10,0,FALLBACK,-0.0130,0.100,1.2611,0,none
93.023,1859,-0.29911,-4.05295,0.67052,0,10,0,FALLBACK,0.0097,0.100,1.2611,0,none
93.074,1860,-0.30088,-4.06420,0.72620,0,10,0,FALLBACK,0.0132,0.100,1.2612,0,none
93.124,1861,-0.30198,-3.90954,0.57080,0,10,0,FALLBACK,0.0154,0.100,1.2613,0,none
93.174,1862,-0.30239,-4.04618,0.56731,0,10,0,FALLBACK,0.0140,0.100,1.2613,0,none
93.224,1863,-0.30372,-3.99652,0.53602,0,10,0,FALLBACK,0.0253,0.100,1.2614,0,none
93.275,1864,-0.30093,-4.13094,0.50064,0,10,0,FALLBACK,-0.0093,0.100,1.2615,0,none
93.325,1865,-0.29704,-3.87391,0.55032,0,10,0,FALLBACK,-0.0342,0.100,1.2615,0,none
93.375,1866,-0.29382,-3.82168,0.57618,0,10,0,FALLBACK,-0.0470,0.100,1.2616,0,none
93.425,1867,-0.29334,-3.96231,0.70107,0,10,0,FALLBACK,-0.0357,0.100,1.2617,0,none
93.476,1868,-0.29282,-4.02887,0.63062,0,10,0,FALLBACK,-0.0386,0.100,1.2617,0,none
93.527,1869,-0.29377,-4.01568,0.58833,0,10,0,FALLBACK,-0.0264,0.100,1.2618,0,none
93.573,1870,-0.29635,-4.03805,0.57254,0,10,0,FALLBACK,-0.0054,0.100,1.2618,0,none
93.624,1871,-0.30113,-3.65489,0.52768,0,10,0,FALLBACK,0.0295,0.100,1.2619,0,none
93.675,1872,-0.30324,-3.90583,0.61475,0,10,0,FALLBACK,0.0268,0.100,1.2620,0,none
93.726,1873,-0.30383,-3.99128,0.54321,0,10,0,FALLBACK,0.0221,0.100,1.2620,0,none
93.776,1874,-0.30315,-4.15202,0.74957,0,10,0,FALLBACK,0.0123,0.100,1.2621,0,none
93.826,1875,-0.29902,-3.85875,0.59140,0,10,0,FALLBACK,-0.0256,0.100,1.2621,0,none
93.878,1876,-0.30067,-3.96335,0.56254,0,10,0,FALLBACK,0.0116,0.100,1.2622,0,none
93.927,1877,-0.30361,-4.03460,0.66363,0,10,0,FALLBACK,0.0328,0.100,1.2622,0,none
93.975,1878,-0.30590,-4.15945,0.80038,0,10,0,FALLBACK,0.0409,0.100,1.2623,0,none
94.027,1879,-0.30561,-3.96733,0.56847,0,10,0,FALLBACK,0.0266,0.100,1.2623,0,none
94.076,1880,-0.30550,-4.28885,0.60858,0,10,0,FALLBACK,0.0269,0.100,1.2623,0,none
94.110,1881,-0.30422,-4.05138,0.80085,0,10,0,FALLBACK,0.0147,0.100,1.2624,0,none
94.159,1882,-0.30205,-4.51244,0.79835,0,10,0,FALLBACK,-0.0006,0.100,1.2625,0,none
94.212,1883,-0.30191,-4.36021,0.44630,0,10,0,FALLBACK,0.0089,0.100,1.2625,0,none
94.260,1884,-0.29578,-4.32644,0.64788,0,10,0,FALLBACK,-0.0517,0.100,1.2626,0,none
94.310,1885,-0.29018,-4.03100,0.54304,0,10,0,FALLBACK,-0.0771,0.100,1.2626,0,none
94.361,1886,-0.28800,-4.14507,0.50079,0,10,0,FALLBACK,-0.0709,0.100,1.2626,0,none
94.411,1887,-0.28973,-3.97198,0.54746,0,10,0,FALLBACK,-0.0427,0.100,1.2626,0,none
94.460,1888,-0.29322,-3.85525,0.62805,0,10,0,FALLBACK,-0.0165,0.100,1.2627,0,none
94.509,1889,-0.29772,-3.73356,0.50357,0,10,0,FALLBACK,0.0111,0.100,1.2628,0,none
94.561,1890,-0.30219,-3.85345,0.50180,0,10,0,FALLBACK,0.0333,0.100,1.2628,0,none
94.611,1891,-0.30705,-3.66446,0.59434,0,10,0,FALLBACK,0.0596,0.100,1.2628,0,none
94.662,1892,-0.30533,-3.53556,0.54325,0,10,0,FALLBACK,0.0181,0.100,1.2628,0,none
94.712,1893,-0.30134,-4.21660,0.69270,0,10,0,FALLBACK,-0.0133,0.100,1.2629,0,none
94.761,1894,-0.29758,-4.17713,0.52194,0,10,0,FALLBACK,-0.0309,0.100,1.2629,0,none
94.811,1895,-0.29415,-4.14057,0.49875,0,10,0,FALLBACK,-0.0464,0.100,1.2630,0,none
94.864,1896,-0.29540,-3.74312,0.59696,0,10,0,FALLBACK,-0.0168,0.100,1.2630,0,none
94.912,1897,-0.29832,-4.11422,0.72032,0,10,0,FALLBACK,0.0061,0.100,1.2631,0,none
94.964,1898,-0.30123,-3.83537,0.68063,0,10,0,FALLBACK,0.0208,0.100,1.2631,0,none
95.011,1899,-0.30545,-4.13685,0.59763,0,10,0,FALLBACK,0.0483,0.100,1.2631,0,none
95.062,1900,-0.30142,-4.16720,0.77660,0,10,0,FALLBACK,-0.0131,0.100,1.2632,0,none
95.113,1901,-0.29597,-3.91609,0.63545,0,10,0,FALLBACK,-0.0474,0.100,1.2632,0,none
95.163,1902,-0.29237,-4.42801,0.50246,0,10,0,FALLBACK,-0.0562,0.100,1.2632,0,none
95.212,1903,-0.29107,-4.26308,0.71216,0,10,0,FALLBACK,-0.0511,0.100,1.2632,0,none
95.263,1904,-0.29350,-3.88467,0.46694,0,10,0,FALLBACK,-0.0204,0.100,1.2633,0,none
95.313,1905,-0.29759,-3.36357,0.53579,0,10,0,FALLBACK,0.0085,0.100,1.2633,0,none
95.363,1906,-0.30170,-3.62737,0.47278,0,10,0,FALLBACK,0.0290,0.100,1.2634,0,none
95.413,1907,-0.30473,-3.76491,0.41465,0,10,0,FALLBACK,0.0388,0.100,1.2634,0,none
95.464,1908,-0.30611,-3.34924,0.42118,0,10,0,FALLBACK,0.0375,0.100,1.2634,0,none
95.514,1909,-0.30570,-3.93637,0.66192,0,10,0,FALLBACK,0.0264,0.100,1.2635,0,none
95.565,1910,-0.30379,-3.59169,0.56474,0,10,0,FALLBACK,0.0094,0.100,1.2635,0,none
95.616,1911,-0.29978,-3.76377,0.54226,0,10,0,FALLBACK,-0.0211,0.100,1.2636,0,none
95.664,1912,-0.30047,-4.00575,0.56691,0,10,0,FALLBACK,0.0058,0.100,1.2636,0,none
95.713,1913,-0.30218,-4.09126,0.60696,0,10,0,FALLBACK,0.0195,0.100,1.2637,0,none
95.763,1914,-0.30326,-4.22598,0.66834,0,10,0,FALLBACK,0.0217,0.100,1.2637,0,none
95.817,1915,-0.30265,-4.04794,0.42291,0,10,0,FALLBACK,0.0102,0.100,1.2637,0,none
95.865,1916,-0.30384,-4.13259,0.71165,0,10,0,FALLBACK,0.0251,0.100,1.2638,0,none
95.914,1917,-0.30460,-4.07608,0.65802,0,10,0,FALLBACK,0.0267,0.100,1.2638,0,none
95.964,1918,-0.30407,-4.33512,0.74249,0,10,0,FALLBACK,0.0177,0.100,1.2638,0,none
96.014,1919,-0.30271,-3.91600,0.63792,0,10,0,FALLBACK,0.0068,0.100,1.2639,0,none
96.064,1920,-0.29910,-4.29120,0.60391,0,10,0,FALLBACK,-0.0226,0.100,1.2639,0,none
96.117,1921,-0.29556,-4.30901,0.63798,0,10,0,FALLBACK,-0.0399,0.100,1.2640,0,none
96.166,1922,-0.29342,-4.40875,0.79396,0,10,0,FALLBACK,-0.0436,0.100,1.2640,0,none
96.217,1923,-0.29340,-3.77412,0.48105,0,10,0,FALLBACK,-0.0331,0.100,1.2641,0,none
96.266,1924,-0.29460,-3.97412,0.61673,0,10,0,FALLBACK,-0.0210,0.100,1.2641,0,none
96.317,1925,-0.29705,-4.01792,0.63346,0,10,0,FALLBACK,-0.0025,0.100,1.2641,0,none
96.367,1926,-0.30012,-4.07020,0.65471,0,10,0,FALLBACK,0.0160,0.100,1.2642,0,none
96.419,1927,-0.30347,-4.19812,0.60152,0,10,0,FALLBACK,0.0341,0.100,1.2642,0,none
96.465,1928,-0.30222,-3.57167,0.55721,0,10,0,FALLBACK,0.0049,0.100,1.2642,0,none
96.516,1929,-0.29954,-3.79419,0.53440,0,10,0,FALLBACK,-0.0157,0.100,1.2643,0,none
96.567,1930,-0.29707,-3.92283,0.63609,0,10,0,FALLBACK,-0.0270,0.100,1.2643,0,none
96.617,1931,-0.29575,-3.96524,0.64390,0,10,0,FALLBACK,-0.0279,0.100,1.2643,0,none
96.667,1932,-0.29460,-3.86199,0.64057,0,10,0,FALLBACK,-0.0327,0.100,1.2644,0,none
96.717,1933,-0.29471,-3.95863,0.72338,0,10,0,FALLBACK,-0.0259,0.100,1.2644,0,none
96.767,1934,-0.29624,-4.25022,0.63856,0,10,0,FALLBACK,-0.0112,0.100,1.2645,0,none
96.819,1935,-0.29875,-4.29166,0.69543,0,10,0,FALLBACK,0.0063,0.100,1.2645,0,none
96.867,1936,-0.30084,-4.02356,0.60399,0,10,0,FALLBACK,0.0146,0.100,1.2645,0,none
96.917,1937,-0.30237,-4.13965,0.51001,0,10,0,FALLBACK,0.0196,0.100,1.2646,0,none
96.967,1938,-0.30313,-4.12760,0.63934,0,10,0,FALLBACK,0.0194,0.100,1.2646,0,none
97.017,1939,-0.30293,-4.09193,0.64517,0,10,0,FALLBACK,0.0136,0.100,1.2646,0,none
97.065,1940,-0.30451,-4.11998,0.65053,0,10,0,FALLBACK,0.0305,0.100,1.2647,0,none
97.117,1941,-0.30544,-4.07776,0.58264,0,10,0,FALLBACK,0.0318,0.100,1.2647,0,none
97.168,1942,-0.30500,-4.14578,0.72100,0,10,0,FALLBACK,0.0228,0.100,1.2647,0,none
97.219,1943,-0.30278,-4.36972,0.67038,0,10,0,FALLBACK,0.0029,0.100,1.2647,0,none
97.268,1944,-0.29980,-3.80071,0.52866,0,10,0,FALLBACK,-0.0159,0.100,1.2648,0,none
97.320,1945,-0.29706,-4.14578,0.57668,0,10,0,FALLBACK,-0.0285,0.100,1.2648,0,none
97.369,1946,-0.29153,-4.02523,0.49023,0,10,0,FALLBACK,-0.0700,0.100,1.2649,0,none
97.421,1947,-0.29559,-3.67633,0.50530,0,10,0,FALLBACK,-0.0018,0.100,1.2648,0,none
97.469,1948,-0.30267,-3.72505,0.67150,0,10,0,FALLBACK,0.0488,0.100,1.2648,0,none
97.522,1949,-0.30869,-3.71469,0.53093,0,10,0,FALLBACK,0.0735,0.100,1.2648,0,none
97.570,1950,-0.31481,-3.86398,0.58747,0,10,0,FALLBACK,0.1046,0.100,1.2648,0,none
97.619,1951,-0.31039,-3.74083,0.56368,0,10,0,FALLBACK,0.0298,0.100,1.2647,0,none
97.670,1952,-0.30157,-4.02999,0.61768,0,10,0,FALLBACK,-0.0362,0.100,1.2646,0,none
97.719,1953,-0.29283,-3.99139,0.52488,0,10,0,FALLBACK,-0.0796,0.100,1.2647,0,none
97.772,1954,-0.28315,-4.16348,0.68370,0,10,0,FALLBACK,-0.1326,0.100,1.2646,0,none
97.818,1955,-0.28619,-4.27718,0.74582,0,10,0,FALLBACK,-0.0539,0.100,1.2645,0,none
97.870,1956,-0.29509,-3.89886,0.57621,0,10,0,FALLBACK,0.0200,0.100,1.2645,0,none
97.920,1957,-0.30489,-4.21980,0.74596,0,10,0,FALLBACK,0.0734,0.100,1.2645,0,none
97.968,1958,-0.31397,-3.79088,0.56331,0,10,0,FALLBACK,0.1153,0.100,1.2644,0,none
98.021,1959,-0.31514,-4.12650,0.47220,0,10,0,FALLBACK,0.0815,0.100,1.2643,0,none
98.069,1960,-0.31096,-4.01585,0.58080,0,10,0,FALLBACK,0.0340,0.100,1.2642,0,none
98.119,1961,-0.30395,-3.88961,0.66685,0,10,0,FALLBACK,-0.0153,0.100,1.2643,0,none
98.170,1962,-0.29767,-3.93302,0.60373,0,10,0,FALLBACK,-0.0431,0.100,1.2643,0,none
98.221,1963,-0.29001,-3.96135,0.56076,0,10,0,FALLBACK,-0.0883,0.100,1.2644,0,none
98.272,1964,-0.28494,-3.69945,0.51453,0,10,0,FALLBACK,-0.1006,0.100,1.2643,0,none
98.324,1965,-0.28437,-3.72417,0.57602,0,10,0,FALLBACK,-0.0810,0.100,1.2643,0,none
98.370,1966,-0.28865,-3.79956,0.44201,0,10,0,FALLBACK,-0.0354,0.100,1.2643,0,none
98.420,1967,-0.29494,-3.80598,0.47360,0,10,0,FALLBACK,0.0062,0.100,1.2643,0,none
98.471,1968,-0.30191,-3.34248,0.52301,0,10,0,FALLBACK,0.0444,0.100,1.2644,0,none
98.522,1969,-0.30779,-3.73101,0.58724,0,10,0,FALLBACK,0.0683,0.100,1.2643,0,none
98.571,1970,-0.30923,-3.82858,0.65802,0,10,0,FALLBACK,0.0534,0.100,1.2643,0,none
98.621,1971,-0.31213,-3.71195,0.65650,0,10,0,FALLBACK,0.0751,0.100,1.2643,0,none
98.671,1972,-0.31265,-3.70417,0.56446,0,10,0,FALLBACK,0.0659,0.100,1.2643,0,none
98.725,1973,-0.30973,-4.23332,0.61222,0,10,0,FALLBACK,0.0340,0.100,1.2643,0,none
98.771,1974,-0.30681,-4.20883,0.49551,0,10,0,FALLBACK,0.0195,0.100,1.2644,0,none
98.823,1975,-0.29598,-4.10206,0.74141,0,10,0,FALLBACK,-0.0743,0.100,1.2644,0,none
98.874,1976,-0.28528,-3.83027,0.49282,0,10,0,FALLBACK,-0.1271,0.100,1.2643,0,none
98.923,1977,-0.27938,-3.74179,0.70737,0,10,0,FALLBACK,-0.1326,0.100,1.2642,0,none
98.972,1978,-0.27931,-3.67475,0.60464,0,10,0,FALLBACK,-0.1038,0.100,1.2641,0,none
99.025,1979,-0.28650,-3.76741,0.55996,0,10,0,FALLBACK,-0.0316,0.100,1.2641,0,none
99.074,1980,-0.29727,-3.72752,0.65577,0,10,0,FALLBACK,0.0403,0.100,1.2641,0,none
99.124,1981,-0.30796,-3.92239,0.56308,0,10,0,FALLBACK,0.0932,0.100,1.2641,0,none
99.174,1982,-0.31521,-3.89794,0.68491,0,10,0,FALLBACK,0.1123,0.100,1.2640,0,none
99.226,1983,-0.31845,-4.24750,0.61498,0,10,0,FALLBACK,0.1085,0.100,1.2639,0,none
99.274,1984,-0.31651,-4.37487,0.75904,0,10,0,FALLBACK,0.0728,0.100,1.2638,0,none
99.323,1985,-0.30990,-4.33080,0.82728,0,10,0,FALLBACK,0.0164,0.100,1.2638,0,none
99.374,1986,-0.30039,-4.75559,0.69015,0,10,0,FALLBACK,-0.0456,0.100,1.2639,0,none
99.422,1987,-0.29098,-4.85880,0.62095,0,10,0,FALLBACK,-0.0921,0.100,1.2640,0,none
99.475,1988,-0.28427,-4.50494,0.82831,0,10,0,FALLBACK,-0.1122,0.100,1.2639,0,none
99.523,1989,-0.28215,-4.55123,0.71113,0,10,0,FALLBACK,-0.0999,0.100,1.2639,0,none
99.574,1990,-0.28419,-3.78269,0.60263,0,10,0,FALLBACK,-0.0688,0.100,1.2638,0,none
99.625,1991,-0.29377,-3.38600,0.47099,0,10,0,FALLBACK,0.0168,0.100,1.2638,0,none
99.677,1992,-0.30593,-3.59890,0.64546,0,10,0,FALLBACK,0.0905,0.100,1.2639,0,none
99.725,1993,-0.31646,-2.57197,0.46331,0,10,0,FALLBACK,0.1349,0.100,1.2638,0,none
99.775,1994,-0.32243,-0.63416,0.26187,1,10,0,FALLBACK,0.1420,0.100,1.2636,0,none
99.826,1995,-0.32077,-0.74850,0.74899,0,10,0,FALLBACK,0.0956,0.100,1.2634,0,none
99.876,1996,-0.31281,-0.00757,0.90062,0,10,0,FALLBACK,0.0242,0.100,1.2633,0,none
99.927,1997,-0.30113,0.62482,0.28305,1,10,0,FALLBACK,-0.0527,0.100,1.2634,0,none
99.976,1998,-0.28693,1.47369,0.50049,0,10,0,FALLBACK,-0.1364,0.100,1.2635,0,none
100.027,1999,-0.28488,0.98837,0.34378,0,10,0,FALLBACK,-0.0859,0.100,1.2634,0,none
100.061,2000,-0.28959,1.19607,0.45425,0,10,0,FALLBACK,-0.0284,0.100,1.2632,0,none
100.111,2001,-0.29695,0.68153,0.16542,1,10,0,FALLBACK,0.0216,0.100,1.2633,0,none
100.162,2002,-0.30339,1.16849,0.42622,0,10,0,FALLBACK,0.0491,0.100,1.2633,0,none
100.210,2003,-0.30926,-0.39357,0.41201,0,10,0,FALLBACK,0.0756,0.100,1.2633,0,none
100.261,2004,-0.31221,-0.49456,0.11781,1,10,0,FALLBACK,0.0758,0.100,1.2633,0,none
100.313,2005,-0.31153,-0.18499,0.32744,0,10,0,FALLBACK,0.0543,0.100,1.2633,0,none
100.362,2006,-0.30765,0.53252,0.55345,0,10,0,FALLBACK,0.0189,0.100,1.2633,0,none
100.411,2007,-0.30320,0.55829,0.55237,0,10,0,FALLBACK,-0.0063,0.100,1.2634,0,none
100.462,2008,-0.29875,-0.08388,0.65572,0,10,0,FALLBACK,-0.0285,0.100,1.2634,0,none
100.513,2009,-0.29525,0.09799,0.36791,0,10,0,FALLBACK,-0.0413,0.100,1.2635,0,none
100.564,2010,-0.29399,0.07571,0.39836,0,10,0,FALLBACK,-0.0363,0.100,1.2635,0,none
100.614,2011,-0.29155,0.00601,0.20529,1,10,0,FALLBACK,-0.0545,0.100,1.2636,0,none
100.662,2012,-0.29088,-2.97512,0.41201,0,10,0,FALLBACK,-0.0489,0.100,1.2636,0,none
100.711,2013,-0.29276,-3.57095,0.42527,0,10,0,FALLBACK,-0.0269,0.100,1.2636,0,none
100.762,2014,-0.29767,-4.11832,0.44742,0,10,0,FALLBACK,0.0129,0.100,1.2637,0,none
100.813,2015,-0.29418,-4.31312,0.64680,0,10,0,FALLBACK,-0.0465,0.100,1.2637,0,none
100.862,2016,-0.29062,-4.23926,0.75963,0,10,0,FALLBACK,-0.0647,0.100,1.2637,0,none
100.913,2017,-0.29018,-4.21985,0.74378,0,10,0,FALLBACK,-0.0513,0.100,1.2637,0,none
100.964,2018,-0.29243,-3.97158,0.67189,0,10,0,FALLBACK,-0.0266,0.100,1.2637,0,none
101.013,2019,-0.29790,-3.80886,0.48863,0,10,0,FALLBACK,0.0168,0.100,1.2638,0,none
101.065,2020,-0.30347,-3.90478,0.59409,0,10,0,FALLBACK,0.0453,0.100,1.2638,0,none
101.115,2021,-0.30756,-3.99124,0.64825,0,10,0,FALLBACK,0.0582,0.100,1.2638,0,none
101.164,2022,-0.30914,-3.95619,0.69361,0,10,0,FALLBACK,0.0537,0.100,1.2638,0,none
101.214,2023,-0.30926,-3.71850,0.58751,0,10,0,FALLBACK,0.0469,0.100,1.2638,0,none
101.263,2024,-0.30711,-3.80753,0.58723,0,10,0,FALLBACK,0.0248,0.100,1.2639,0,none
101.315,2025,-0.30313,-3.82305,0.58023,0,10,0,FALLBACK,-0.0042,0.100,1.2639,0,none
101.365,2026,-0.29817,-3.74095,0.66662,0,10,0,FALLBACK,-0.0340,0.100,1.2640,0,none
101.414,2027,-0.30165,-3.27173,0.47550,0,10,0,FALLBACK,0.0256,0.100,1.2640,0,none
101.466,2028,-0.30649,-3.46456,0.51106,0,10,0,FALLBACK,0.0566,0.100,1.2640,0,none
101.515,2029,-0.30927,-3.19570,0.46711,0,10,0,FALLBACK,0.0603,0.100,1.2640,0,none
101.567,2030,-0.30893,-3.21069,0.37393,0,10,0,FALLBACK,0.0429,0.100,1.2640,0,none
101.614,2031,-0.31476,-3.27862,0.65250,0,10,0,FALLBACK,0.1030,0.100,1.2640,0,none
101.665,2032,-0.31840,-3.45930,0.48140,0,10,0,FALLBACK,0.1102,0.100,1.2639,0,none
101.713,2033,-0.31673,-3.58611,0.46818,0,10,0,FALLBACK,0.0752,0.100,1.2638,0,none
101.765,2034,-0.31044,-3.64813,0.61006,0,10,0,FALLBACK,0.0208,0.100,1.2639,0,none
101.815,2035,-0.31456,-3.61889,0.43246,0,10,0,FALLBACK,0.0934,0.100,1.2639,0,none
101.865,2036,-0.31784,-3.36343,0.53936,0,10,0,FALLBACK,0.1056,0.100,1.2639,0,none
101.916,2037,-0.30308,-3.62409,0.44428,0,10,0,FALLBACK,-0.0584,0.100,1.2638,0,none
101.966,2038,-0.31127,-3.58132,0.67923,0,10,0,FALLBACK,0.0974,0.100,1.2635,0,none
102.014,2039,-0.32271,-3.30254,0.50457,0,10,0,FALLBACK,0.1708,0.100,1.2633,0,none
102.067,2040,-0.32749,-3.24898,0.48061,0,10,0,FALLBACK,0.1613,0.100,1.2629,0,none
102.116,2041,-0.31634,-3.66638,0.59550,0,10,0,FALLBACK,0.0259,0.100,1.2627,0,none
102.166,2042,-0.31421,-3.47748,0.52432,0,10,0,FALLBACK,0.0604,0.100,1.2626,0,none
102.214,2043,-0.31238,-4.02910,0.58331,0,10,0,FALLBACK,0.0528,0.100,1.2628,0,none
102.266,2044,-0.30775,-3.86171,0.63052,0,10,0,FALLBACK,0.0156,0.100,1.2628,0,none
102.316,2045,-0.29048,-3.84073,0.60203,0,10,0,FALLBACK,-0.1340,0.100,1.2629,0,none
102.366,2046,-0.29647,-3.48554,0.53619,0,10,0,FALLBACK,0.0123,0.100,1.2625,0,none
102.415,2047,-0.30906,-3.23705,0.53666,0,10,0,FALLBACK,0.1083,0.100,1.2624,0,none
102.465,2048,-0.31868,-3.25993,0.56046,0,10,0,FALLBACK,0.1415,0.100,1.2622,0,none
102.515,2049,-0.31596,-3.61898,0.52177,0,10,0,FALLBACK,0.0662,0.100,1.2620,0,none
102.567,2050,-0.31955,-3.66452,0.70419,0,10,0,FALLBACK,0.1157,0.100,1.2619,0,none
102.617,2051,-0.32069,-3.37229,0.48178,0,10,0,FALLBACK,0.1092,0.100,1.2619,0,none
102.666,2052,-0.31637,-4.03008,0.63309,0,10,0,FALLBACK,0.0602,0.100,1.2619,0,none
102.716,2053,-0.30206,-3.79585,0.48993,0,10,0,FALLBACK,-0.0613,0.100,1.2620,0,none
102.765,2054,-0.29878,-3.64112,0.48734,0,10,0,FALLBACK,-0.0225,0.100,1.2619,0,none
102.817,2055,-0.29942,-3.80312,0.63855,0,10,0,FALLBACK,0.0003,0.100,1.2620,0,none
102.866,2056,-0.30052,-3.47945,0.59124,0,10,0,FALLBACK,0.0081,0.100,1.2620,0,none
102.917,2057,-0.29039,-3.55767,0.50400,0,10,0,FALLBACK,-0.0987,0.100,1.2621,0,none
102.967,2058,-0.30454,-3.64843,0.55518,0,10,0,FALLBACK,0.0934,0.100,1.2619,0,none
103.016,2059,-0.32269,-3.38159,0.51904,0,10,0,FALLBACK,0.2042,0.100,1.2615,0,none
103.067,2060,-0.33342,-3.32105,0.60294,0,10,0,FALLBACK,0.2208,0.100,1.2609,0,none
103.117,2061,-0.31887,-3.30629,0.43754,0,10,0,FALLBACK,0.0216,0.100,1.2604,0,none
103.166,2062,-0.32825,-3.67535,0.51582,0,10,0,FALLBACK,0.1882,0.100,1.2602,0,none
103.217,2063,-0.33779,-3.61594,0.49401,0,10,0,FALLBACK,0.2367,0.100,1.2599,0,none
103.267,2064,-0.33673,-3.27413,0.41633,0,10,0,FALLBACK,0.1784,0.100,1.2593,0,none
103.317,2065,-0.31088,-3.57145,0.57019,0,10,0,FALLBACK,-0.0749,0.100,1.2591,0,none
103.367,2066,-0.30862,-3.50526,0.63447,0,10,0,FALLBACK,0.0318,0.100,1.2590,0,none
103.417,2067,-0.31215,-3.44550,0.45467,0,10,0,FALLBACK,0.0784,0.100,1.2588,0,none
103.466,2068,-0.31376,-3.48655,0.62610,0,10,0,FALLBACK,0.0768,0.100,1.2587,0,none
103.519,2069,-0.30085,-3.37896,0.51904,0,10,0,FALLBACK,-0.0603,0.100,1.2587,0,none
103.568,2070,-0.30841,-3.39768,0.61413,0,10,0,FALLBACK,0.0799,0.100,1.2586,0,none
103.617,2071,-0.31913,-3.16443,0.50587,0,10,0,FALLBACK,0.1493,0.100,1.2585,0,none
103.667,2072,-0.32418,-3.76067,0.50916,0,10,0,FALLBACK,0.1462,0.100,1.2582,0,none
103.718,2073,-0.31730,-3.65214,0.52635,0,10,0,FALLBACK,0.0521,0.100,1.2581,0,none
103.768,2074,-0.31459,-4.05481,0.49563,0,10,0,FALLBACK,0.0594,0.100,1.2582,0,none
103.818,2075,-0.31072,-4.04564,0.75142,0,10,0,FALLBACK,0.0343,0.100,1.2583,0,none
103.868,2076,-0.30452,-4.21718,0.57592,0,10,0,FALLBACK,-0.0084,0.100,1.2584,0,none
103.918,2077,-0.29781,-3.82339,0.54570,0,10,0,FALLBACK,-0.0445,0.100,1.2585,0,none
103.968,2078,-0.29117,-3.72444,0.64489,0,10,0,FALLBACK,-0.0773,0.100,1.2586,0,none
104.019,2079,-0.28720,-3.52179,0.56833,0,10,0,FALLBACK,-0.0839,0.100,1.2587,0,none
104.067,2080,-0.28702,-4.27237,0.66602,0,10,0,FALLBACK,-0.0658,0.100,1.2587,0,none
104.118,2081,-0.29635,-4.17554,0.60945,0,10,0,FALLBACK,0.0284,0.100,1.2588,0,none
104.168,2082,-0.29258,-4.03009,0.76221,0,10,0,FALLBACK,-0.0560,0.100,1.2588,0,none
104.218,2083,-0.28718,-3.83496,0.70686,0,10,0,FALLBACK,-0.0911,0.100,1.2588,0,none
104.268,2084,-0.28537,-3.98885,0.60427,0,10,0,FALLBACK,-0.0821,0.100,1.2588,0,none
104.318,2085,-0.29965,-3.79494,0.77673,0,10,0,FALLBACK,0.0696,0.100,1.2589,0,none
104.368,2086,-0.28738,-3.85759,0.56273,0,10,0,FALLBACK,-0.1244,0.100,1.2587,0,none
104.418,2087,-0.27185,-3.82137,0.50229,0,10,0,FALLBACK,-0.2185,0.100,1.2582,0,none
104.467,2088,-0.26491,-3.65543,0.51397,0,10,0,FALLBACK,-0.2102,0.100,1.2577,0,none
104.520,2089,-0.28325,-3.81682,0.59806,0,10,0,FALLBACK,0.0079,0.100,1.2575,0,none
104.569,2090,-0.27168,-3.49670,0.41810,0,10,0,FALLBACK,-0.1995,0.100,1.2572,0,none
104.617,2091,-0.25870,-3.71468,0.44481,0,10,0,FALLBACK,-0.2714,0.100,1.2566,0,none
104.669,2092,-0.25760,-3.77813,0.53964,0,10,0,FALLBACK,-0.2175,0.100,1.2559,0,none
104.717,2093,-0.28322,-4.21432,0.63979,0,10,0,FALLBACK,0.0442,0.100,1.2557,0,none
104.768,2094,-0.27761,-4.03091,0.64826,0,10,0,FALLBACK,-0.1400,0.100,1.2553,0,none
104.817,2095,-0.26799,-3.96179,0.57740,0,10,0,FALLBACK,-0.2082,0.100,1.2549,0,none
104.869,2096,-0.26717,-4.04036,0.51805,0,10,0,FALLBACK,-0.1682,0.100,1.2546,0,none
104.919,2097,-0.28522,-4.06719,0.58832,0,10,0,FALLBACK,0.0163,0.100,1.2545,0,none
104.968,2098,-0.28362,-3.87499,0.56085,0,10,0,FALLBACK,-0.0899,0.100,1.2544,0,none
105.021,2099,-0.27972,-3.77161,0.67961,0,10,0,FALLBACK,-0.1209,0.100,1.2544,0,none
105.069,2100,-0.28106,-3.76437,0.48298,0,10,0,FALLBACK,-0.0880,0.100,1.2544,0,none
105.119,2101,-0.29817,-4.03232,0.62472,0,10,0,FALLBACK,0.0764,0.100,1.2545,0,none
105.169,2102,-0.28735,-3.62449,0.50040,0,10,0,FALLBACK,-0.1174,0.100,1.2543,0,none
105.221,2103,-0.27276,-3.62801,0.45176,0,10,0,FALLBACK,-0.2091,0.100,1.2539,0,none
105.269,2104,-0.26640,-3.69906,0.47504,0,10,0,FALLBACK,-0.1998,0.100,1.2535,0,none
105.319,2105,-0.28295,-3.80369,0.69719,0,10,0,FALLBACK,-0.0025,0.100,1.2533,0,none
105.369,2106,-0.26824,-3.86470,0.79579,0,10,0,FALLBACK,-0.2324,0.100,1.2532,0,none
105.419,2107,-0.25304,-4.22983,0.79452,0,10,0,FALLBACK,-0.3108,0.100,1.2523,0,none
105.471,2108,-0.25162,-3.95204,0.68197,0,10,0,FALLBACK,-0.2490,0.100,1.2515,0,none
105.522,2109,-0.27719,-3.69500,0.60844,0,10,0,FALLBACK,0.0138,0.100,1.2512,0,none
105.570,2110,-0.26964,-3.96482,0.62260,0,10,0,FALLBACK,-0.1896,0.100,1.2510,0,none
105.619,2111,-0.25951,-3.62540,0.58787,0,10,0,FALLBACK,-0.2531,0.100,1.2505,0,none
105.671,2112,-0.26056,-3.94644,0.58942,0,10,0,FALLBACK,-0.1919,0.100,1.2500,0,none
105.721,2113,-0.28545,-3.93309,0.60045,0,10,0,FALLBACK,0.0517,0.100,1.2499,0,none
105.771,2114,-0.27414,-3.93378,0.67065,0,10,0,FALLBACK,-0.1858,0.100,1.2496,0,none
105.819,2115,-0.25925,-4.00663,0.52250,0,10,0,FALLBACK,-0.2782,0.100,1.2489,0,none
105.870,2116,-0.25622,-3.98388,0.56777,0,10,0,FALLBACK,-0.2340,0.100,1.2482,0,none
105.920,2117,-0.27794,-3.83327,0.41022,0,10,0,FALLBACK,-0.0017,0.100,1.2480,0,none
105.973,2118,-0.26618,-3.75495,0.54623,0,10,0,FALLBACK,-0.2279,0.100,1.2479,0,none
106.023,2119,-0.25318,-3.83315,0.55272,0,10,0,FALLBACK,-0.2991,0.100,1.2472,0,none
106.071,2120,-0.25357,-3.86476,0.53976,0,10,0,FALLBACK,-0.2302,0.100,1.2465,0,none
106.121,2121,-0.27901,-3.66544,0.42380,0,10,0,FALLBACK,0.0222,0.100,1.2464,0,none
106.172,2122,-0.26841,-3.58942,0.46928,0,10,0,FALLBACK,-0.2110,0.100,1.2462,0,none
106.223,2123,-0.25528,-3.46103,0.57589,0,10,0,FALLBACK,-0.2893,0.100,1.2455,0,none
106.271,2124,-0.25489,-3.51696,0.61756,0,10,0,FALLBACK,-0.2275,0.100,1.2448,0,none
106.323,2125,-0.27926,-3.71332,0.49822,0,10,0,FALLBACK,0.0181,0.100,1.2447,0,none
106.371,2126,-0.26599,-3.69396,0.46926,0,10,0,FALLBACK,-0.2363,0.100,1.2445,0,none
106.421,2127,-0.25069,-3.78691,0.48546,0,10,0,FALLBACK,-0.3231,0.100,1.2436,0,none
106.473,2128,-0.24966,-3.89129,0.60446,0,10,0,FALLBACK,-0.2569,0.100,1.2428,0,none
106.523,2129,-0.27573,-4.09534,0.67415,0,10,0,FALLBACK,0.0090,0.100,1.2426,0,none
106.573,2130,-0.26011,-3.88280,0.53060,0,10,0,FALLBACK,-0.2775,0.100,1.2424,0,none
106.624,2131,-0.24278,-4.05964,0.67693,0,10,0,FALLBACK,-0.3728,0.100,1.2412,0,none
106.672,2132,-0.24208,-3.73034,0.60588,0,10,0,FALLBACK,-0.2930,0.100,1.2400,0,none
106.723,2133,-0.26965,-3.63884,0.54953,0,10,0,FALLBACK,-0.0140,0.100,1.2397,0,none
106.773,2134,-0.26004,-3.77745,0.48297,0,10,0,FALLBACK,-0.2478,0.100,1.2396,0,none
106.825,2135,-0.24887,-3.89502,0.55094,0,10,0,FALLBACK,-0.3115,0.100,1.2390,0,none
106.874,2136,-0.25184,-3.79677,0.56621,0,10,0,FALLBACK,-0.2260,0.100,1.2383,0,none
106.925,2137,-0.27715,-3.68561,0.65554,0,10,0,FALLBACK,0.0123,0.100,1.2383,0,none
106.976,2138,-0.27560,-3.96045,0.53561,0,10,0,FALLBACK,-0.1297,0.100,1.2385,0,none
107.023,2139,-0.27111,-3.81820,0.65572,0,10,0,FALLBACK,-0.1669,0.100,1.2385,0,none
107.075,2140,-0.27280,-4.05442,0.65673,0,10,0,FALLBACK,-0.1276,0.100,1.2384,0,none
107.124,2141,-0.29034,-3.58230,0.40898,0,10,0,FALLBACK,0.0394,0.100,1.2385,0,none
107.175,2142,-0.28056,-3.63152,0.55199,0,10,0,FALLBACK,-0.1462,0.100,1.2388,0,none
107.226,2143,-0.26768,-3.76132,0.55695,0,10,0,FALLBACK,-0.2260,0.100,1.2386,0,none
107.275,2144,-0.26257,-3.40894,0.47700,0,10,0,FALLBACK,-0.2127,0.100,1.2383,0,none
107.327,2145,-0.27564,-3.87534,0.48051,0,10,0,FALLBACK,-0.0564,0.100,1.2381,0,none
107.375,2146,-0.26950,-3.37824,0.43300,0,10,0,FALLBACK,-0.1833,0.100,1.2383,0,none
107.426,2147,-0.26439,-3.10694,0.61687,0,10,0,FALLBACK,-0.2036,0.100,1.2384,0,none
107.475,2148,-0.26780,-3.52940,0.45797,0,10,0,FALLBACK,-0.1439,0.100,1.2382,0,none
107.527,2149,-0.28609,-3.86139,0.68470,0,10,0,FALLBACK,0.0219,0.100,1.2384,0,none
107.577,2150,-0.28811,-3.88416,0.69767,0,10,0,FALLBACK,-0.0493,0.100,1.2386,0,none
107.627,2151,-0.28751,-3.75660,0.63749,0,10,0,FALLBACK,-0.0655,0.100,1.2388,0,none
107.675,2152,-0.28910,-4.16240,0.70881,0,10,0,FALLBACK,-0.0466,0.100,1.2390,0,none
107.725,2153,-0.29774,-3.84010,0.45763,0,10,0,FALLBACK,0.0319,0.100,1.2393,0,none
107.777,2154,-0.29406,-4.26115,0.58963,0,10,0,FALLBACK,-0.0481,0.100,1.2396,0,none
107.828,2155,-0.28845,-3.93682,0.69870,0,10,0,FALLBACK,-0.0858,0.100,1.2397,0,none
107.875,2156,-0.28538,-3.70933,0.72566,0,10,0,FALLBACK,-0.0884,0.100,1.2400,0,none
107.911,2157,-0.29358,-3.82837,0.64719,0,10,0,FALLBACK,0.0089,0.100,1.2402,0,none
107.960,2158,-0.27915,-3.69162,0.64923,0,10,0,FALLBACK,-0.1764,0.100,1.2404,0,none
108.010,2159,-0.26630,-3.91456,0.58957,0,10,0,FALLBACK,-0.2328,0.100,1.2400,0,none
108.060,2160,-0.26462,-3.72228,0.45093,0,10,0,FALLBACK,-0.1853,0.100,1.2397,0,none
108.110,2161,-0.27885,-3.53958,0.42467,0,10,0,FALLBACK,-0.0346,0.100,1.2398,0,none
108.163,2162,-0.27728,-3.46836,0.45530,0,10,0,FALLBACK,-0.1214,0.100,1.2401,0,none
108.211,2163,-0.27644,-3.48800,0.54089,0,10,0,FALLBACK,-0.1220,0.100,1.2402,0,none
108.261,2164,-0.28198,-3.39642,0.54820,0,10,0,FALLBACK,-0.0624,0.100,1.2404,0,none
108.311,2165,-0.29821,-3.60283,0.37041,0,10,0,FALLBACK,0.0722,0.100,1.2407,0,none
108.360,2166,-0.29226,-3.16047,0.54615,0,10,0,FALLBACK,-0.0684,0.100,1.2407,0,none
108.410,2167,-0.28375,-3.49321,0.58116,0,10,0,FALLBACK,-0.1238,0.100,1.2407,0,none
108.463,2168,-0.28103,-3.77671,0.55008,0,10,0,FALLBACK,-0.1084,0.100,1.2408,0,none
108.513,2169,-0.29029,-3.70342,0.63575,0,10,0,FALLBACK,-0.0022,0.100,1.2410,0,none
108.560,2170,-0.28199,-3.67855,0.68056,0,10,0,FALLBACK,-0.1315,0.100,1.2412,0,none
108.612,2171,-0.27452,-3.50037,0.56028,0,10,0,FALLBACK,-0.1648,0.100,1.2411,0,none
108.660,2172,-0.27501,-3.47045,0.63183,0,10,0,FALLBACK,-0.1225,0.100,1.2411,0,none
108.713,2173,-0.28625,-3.99535,0.63904,0,10,0,FALLBACK,-0.0126,0.100,1.2414,0,none
108.763,2174,-0.28783,-3.97123,0.45987,0,10,0,FALLBACK,-0.0529,0.100,1.2416,0,none
108.811,2175,-0.28906,-3.96994,0.61560,0,10,0,FALLBACK,-0.0486,0.100,1.2418,0,none
108.862,2176,-0.29299,-3.52155,0.54648,0,10,0,FALLBACK,-0.0154,0.100,1.2421,0,none
108.911,2177,-0.30528,-3.43425,0.47292,0,10,0,FALLBACK,0.0878,0.100,1.2424,0,none
108.964,2178,-0.29437,-3.54849,0.43429,0,10,0,FALLBACK,-0.0826,0.100,1.2424,0,none
109.014,2179,-0.28124,-3.57766,0.51011,0,10,0,FALLBACK,-0.1595,0.100,1.2423,0,none
109.063,2180,-0.27536,-3.47465,0.54299,0,10,0,FALLBACK,-0.1526,0.100,1.2422,0,none
109.115,2181,-0.28682,-3.58328,0.66639,0,10,0,FALLBACK,-0.0085,0.100,1.2423,0,none
109.165,2182,-0.27233,-3.48545,0.49578,0,10,0,FALLBACK,-0.2108,0.100,1.2425,0,none
109.215,2183,-0.25975,-3.35688,0.39490,0,10,0,FALLBACK,-0.2642,0.100,1.2418,0,none
109.264,2184,-0.26011,-3.35556,0.44156,0,10,0,FALLBACK,-0.1976,0.100,1.2414,0,none
109.314,2185,-0.28164,-3.42507,0.48531,0,10,0,FALLBACK,0.0158,0.100,1.2414,0,none
109.362,2186,-0.27900,-3.30362,0.35528,0,10,0,FALLBACK,-0.1182,0.100,1.2414,0,none
109.415,2187,-0.27372,-3.32412,0.51049,0,10,0,FALLBACK,-0.1577,0.100,1.2415,0,none
109.465,2188,-0.27529,-3.50220,0.56807,0,10,0,FALLBACK,-0.1158,0.100,1.2415,0,none
109.515,2189,-0.29154,-3.43387,0.40160,0,10,0,FALLBACK,0.0390,0.100,1.2417,0,none
109.564,2190,-0.28787,-3.50925,0.47795,0,10,0,FALLBACK,-0.0790,0.100,1.2417,0,none
109.614,2191,-0.28140,-3.65665,0.56107,0,10,0,FALLBACK,-0.1254,0.100,1.2418,0,none
109.664,2192,-0.28001,-3.45227,0.64077,0,10,0,FALLBACK,-0.1069,0.100,1.2419,0,none
109.714,2193,-0.29131,-3.54648,0.52068,0,10,0,FALLBACK,0.0130,0.100,1.2421,0,none
109.765,2194,-0.28562,-3.89351,0.31622,0,10,0,FALLBACK,-0.1004,0.100,1.2423,0,none
109.817,2195,-0.27874,-3.61793,0.67141,0,10,0,FALLBACK,-0.1407,0.100,1.2423,0,none
109.865,2196,-0.27778,-3.17716,0.51202,0,10,0,FALLBACK,-0.1159,0.100,1.2424,0,none
109.915,2197,-0.29076,-3.76091,0.48765,0,10,0,FALLBACK,0.0187,0.100,1.2425,0,none
109.965,2198,-0.28498,-3.15015,0.53500,0,10,0,FALLBACK,-0.1041,0.100,1.2427,0,none
110.014,2199,-0.27762,-3.29041,0.50739,0,10,0,FALLBACK,-0.1487,0.100,1.2427,0,none
110.065,2200,-0.27648,-3.54885,0.60697,0,10,0,FALLBACK,-0.1233,0.100,1.2427,0,none
110.116,2201,-0.28726,-3.52495,0.52847,0,10,0,FALLBACK,-0.0098,0.100,1.2429,0,none
110.166,2202,-0.28736,-3.58447,0.63486,0,10,0,FALLBACK,-0.0627,0.100,1.2431,0,none
110.215,2203,-0.28682,-3.16779,0.62578,0,10,0,FALLBACK,-0.0686,0.100,1.2433,0,none
110.265,2204,-0.28948,-3.51979,0.48248,0,10,0,FALLBACK,-0.0393,0.100,1.2435,0,none
110.317,2205,-0.30047,-3.08998,0.45645,0,10,0,FALLBACK,0.0573,0.100,1.2437,0,none
110.367,2206,-0.29595,-3.44962,0.46907,0,10,0,FALLBACK,-0.0428,0.100,1.2439,0,none
110.416,2207,-0.28854,-3.41377,0.48402,0,10,0,FALLBACK,-0.0943,0.100,1.2440,0,none
110.467,2208,-0.28451,-3.30810,0.44750,0,10,0,FALLBACK,-0.0976,0.100,1.2441,0,none
110.518,2209,-0.29312,-3.55199,0.60369,0,10,0,FALLBACK,0.0087,0.100,1.2443,0,none
110.566,2210,-0.28235,-3.40729,0.50006,0,10,0,FALLBACK,-0.1421,0.100,1.2444,0,none
110.618,2211,-0.27118,-3.39038,0.42061,0,10,0,FALLBACK,-0.2000,0.100,1.2443,0,none
110.668,2212,-0.26843,-3.59724,0.60606,0,10,0,FALLBACK,-0.1716,0.100,1.2441,0,none
110.717,2213,-0.28250,-3.74960,0.62983,0,10,0,FALLBACK,-0.0172,0.100,1.2441,0,none
110.767,2214,-0.28058,-4.10310,0.61071,0,10,0,FALLBACK,-0.1067,0.100,1.2443,0,none
110.819,2215,-0.27804,-3.55867,0.47540,0,10,0,FALLBACK,-0.1225,0.100,1.2444,0,none
110.867,2216,-0.28111,-3.54940,0.44080,0,10,0,FALLBACK,-0.0791,0.100,1.2445,0,none
110.919,2217,-0.29969,-3.46985,0.61030,0,10,0,FALLBACK,0.0914,0.100,1.2447,0,none
110.968,2218,-0.28978,-3.46665,0.59607,0,10,0,FALLBACK,-0.1006,0.100,1.2446,0,none
111.020,2219,-0.27529,-3.43281,0.57684,0,10,0,FALLBACK,-0.1961,0.100,1.2443,0,none
111.068,2220,-0.26829,-3.73891,0.46216,0,10,0,FALLBACK,-0.1935,0.100,1.2440,0,none
111.118,2221,-0.27993,-3.43634,0.42790,0,10,0,FALLBACK,-0.0422,0.100,1.2440,0,none
111.169,2222,-0.27348,-3.26284,0.39779,0,10,0,FALLBACK,-0.1648,0.100,1.2441,0,none
111.217,2223,-0.26785,-3.07415,0.46508,0,10,0,FALLBACK,-0.1889,0.100,1.2440,0,none
111.271,2224,-0.27084,-3.38337,0.47860,0,10,0,FALLBACK,-0.1309,0.100,1.2440,0,none
111.320,2225,-0.29452,-3.38119,0.50424,0,10,0,FALLBACK,0.0910,0.100,1.2441,0,none
111.369,2226,-0.28430,-3.57396,0.55645,0,10,0,FALLBACK,-0.1296,0.100,1.2438,0,none
111.421,2227,-0.26895,-3.59304,0.46082,0,10,0,FALLBACK,-0.2320,0.100,1.2433,0,none
111.471,2228,-0.26282,-3.62593,0.71536,0,10,0,FALLBACK,-0.2166,0.100,1.2429,0,none
111.519,2229,-0.27967,-3.84531,0.51858,0,10,0,FALLBACK,-0.0174,0.100,1.2428,0,none
111.569,2230,-0.27047,-3.40525,0.49851,0,10,0,FALLBACK,-0.1936,0.100,1.2429,0,none
111.619,2231,-0.26078,-3.80784,0.44727,0,10,0,FALLBACK,-0.2446,0.100,1.2425,0,none
111.669,2232,-0.26195,-3.65484,0.66033,0,10,0,FALLBACK,-0.1844,0.100,1.2422,0,none
111.720,2233,-0.28543,-4.11066,0.50913,0,10,0,FALLBACK,0.0446,0.100,1.2423,0,none
111.771,2234,-0.28063,-3.65901,0.48343,0,10,0,FALLBACK,-0.1209,0.100,1.2421,0,none
111.820,2235,-0.27204,-4.03063,0.62866,0,10,0,FALLBACK,-0.1827,0.100,1.2420,0,none
111.870,2236,-0.27106,-3.67435,0.57083,0,10,0,FALLBACK,-0.1496,0.100,1.2419,0,none
111.920,2237,-0.28630,-3.96219,0.63505,0,10,0,FALLBACK,0.0077,0.100,1.2420,0,none
111.971,2238,-0.28423,-3.65872,0.57097,0,10,0,FALLBACK,-0.0892,0.100,1.2421,0,none
112.021,2239,-0.28046,-3.66703,0.51492,0,10,0,FALLBACK,-0.1166,0.100,1.2422,0,none
112.069,2240,-0.28174,-4.15415,0.65532,0,10,0,FALLBACK,-0.0849,0.100,1.2424,0,none
112.122,2241,-0.29217,-3.75901,0.47485,0,10,0,FALLBACK,0.0130,0.100,1.2426,0,none
112.171,2242,-0.29393,-3.42158,0.66051,0,10,0,FALLBACK,-0.0216,0.100,1.2428,0,none
112.223,2243,-0.29410,-3.54950,0.37716,0,10,0,FALLBACK,-0.0286,0.100,1.2430,0,none
112.271,2244,-0.29553,-3.49775,0.54518,0,10,0,FALLBACK,-0.0152,0.100,1.2433,0,none
112.321,2245,-0.29794,-3.52345,0.50223,0,10,0,FALLBACK,0.0017,0.100,1.2435,0,none
112.372,2246,-0.30166,-3.03411,0.54452,0,10,0,FALLBACK,0.0269,0.100,1.2438,0,none
112.421,2247,-0.30484,-3.24575,0.42881,0,10,0,FALLBACK,0.0401,0.100,1.2440,0,none
112.471,2248,-0.30645,-3.36193,0.51992,0,10,0,FALLBACK,0.0403,0.100,1.2442,0,none
112.525,2249,-0.30136,-3.13280,0.63059,0,10,0,FALLBACK,-0.0187,0.100,1.2445,0,none
112.574,2250,-0.30832,-3.12508,0.51169,0,10,0,FALLBACK,0.0764,0.100,1.2447,0,none
112.623,2251,-0.31601,-3.39293,0.41835,0,10,0,FALLBACK,0.1185,0.100,1.2448,0,none
112.673,2252,-0.31897,-3.17557,0.59301,0,10,0,FALLBACK,0.1096,0.100,1.2448,0,none
112.725,2253,-0.31065,-3.47784,0.52887,0,10,0,FALLBACK,0.0116,0.100,1.2449,0,none
112.773,2254,-0.31329,-3.56091,0.57104,0,10,0,FALLBACK,0.0797,0.100,1.2451,0,none
112.823,2255,-0.31616,-3.53201,0.44804,0,10,0,FALLBACK,0.0951,0.100,1.2453,0,none
112.874,2256,-0.31488,-3.63059,0.52555,0,10,0,FALLBACK,0.0680,0.100,1.2455,0,none
112.925,2257,-0.30775,-3.77799,0.63382,0,10,0,FALLBACK,0.0030,0.100,1.2456,0,none
112.975,2258,-0.30197,-3.79162,0.42592,0,10,0,FALLBACK,-0.0190,0.100,1.2459,0,none
113.023,2259,-0.29672,-3.72359,0.58645,0,10,0,FALLBACK,-0.0427,0.100,1.2461,0,none
113.075,2260,-0.29265,-3.91276,0.47552,0,10,0,FALLBACK,-0.0571,0.100,1.2463,0,none
113.123,2261,-0.28759,-3.55632,0.40119,0,10,0,FALLBACK,-0.0873,0.100,1.2465,0,none
113.175,2262,-0.29307,-3.62243,0.59688,0,10,0,FALLBACK,-0.0073,0.100,1.2467,0,none
113.224,2263,-0.30238,-3.19878,0.44442,0,10,0,FALLBACK,0.0585,0.100,1.2469,0,none
113.274,2264,-0.31134,-3.00115,0.41879,0,10,0,FALLBACK,0.1015,0.100,1.2470,0,none
113.326,2265,-0.31448,-3.01294,0.39460,0,10,0,FALLBACK,0.0881,0.100,1.2471,0,none
113.373,2266,-0.31881,-2.65431,0.59567,0,10,0,FALLBACK,0.1157,0.100,1.2472,0,none
113.423,2267,-0.31932,-3.45977,0.68476,0,10,0,FALLBACK,0.0991,0.100,1.2473,0,none
113.474,2268,-0.31472,-3.08185,0.46413,0,10,0,FALLBACK,0.0506,0.100,1.2474,0,none
113.524,2269,-0.30103,-3.54351,0.59410,0,10,0,FALLBACK,-0.0632,0.100,1.2476,0,none
113.573,2270,-0.29822,-3.52441,0.49553,0,10,0,FALLBACK,-0.0230,0.100,1.2478,0,none
113.624,2271,-0.29917,-3.46717,0.48374,0,10,0,FALLBACK,0.0007,0.100,1.2479,0,none
113.673,2272,-0.30109,-3.67358,0.60051,0,10,0,FALLBACK,0.0151,0.100,1.2482,0,none
113.723,2273,-0.30184,-3.36844,0.50203,0,10,0,FALLBACK,0.0130,0.100,1.2484,0,none
113.774,2274,-0.30350,-3.68960,0.60234,0,10,0,FALLBACK,0.0257,0.100,1.2485,0,none
113.826,2275,-0.30457,-3.64129,0.59714,0,10,0,FALLBACK,0.0282,0.100,1.2487,0,none
113.873,2276,-0.30445,-3.51848,0.63864,0,10,0,FALLBACK,0.0217,0.100,1.2489,0,none
113.925,2277,-0.29825,-3.58249,0.53558,0,10,0,FALLBACK,-0.0398,0.100,1.2491,0,none
113.975,2278,-0.30311,-3.17157,0.48358,0,10,0,FALLBACK,0.0398,0.100,1.2493,0,none
114.024,2279,-0.31003,-2.59661,0.75830,0,10,0,FALLBACK,0.0847,0.100,1.2494,0,none
114.077,2280,-0.31465,-2.90182,0.57535,0,10,0,FALLBACK,0.0964,0.100,1.2495,0,none
114.125,2281,-0.30519,-2.79181,0.65470,0,10,0,FALLBACK,-0.0213,0.100,1.2496,0,none
114.175,2282,-0.31531,-2.48157,0.61350,0,10,0,FALLBACK,0.1272,0.100,1.2497,0,none
114.225,2283,-0.32702,-3.01357,0.49866,0,10,0,FALLBACK,0.1936,0.100,1.2497,0,none
114.274,2284,-0.33206,-2.90370,0.50774,0,10,0,FALLBACK,0.1855,0.100,1.2493,0,none
114.324,2285,-0.31310,-2.94432,0.54022,0,10,0,FALLBACK,-0.0293,0.100,1.2491,0,none
114.375,2286,-0.32094,-2.08328,0.65237,0,10,0,FALLBACK,0.1439,0.100,1.2490,0,none
114.427,2287,-0.33180,-2.72880,0.65852,0,10,0,FALLBACK,0.2133,0.100,1.2489,0,none
114.474,2288,-0.33531,-3.32472,0.47047,0,10,0,FALLBACK,0.1941,0.100,1.2485,0,none
114.527,2289,-0.31110,-2.00981,0.78213,0,10,0,FALLBACK,-0.0656,0.100,1.2482,0,none
114.576,2290,-0.31886,-2.01704,0.66128,0,10,0,FALLBACK,0.1331,0.100,1.2481,0,none
114.624,2291,-0.33176,-2.95997,0.57390,0,10,0,FALLBACK,0.2234,0.100,1.2478,0,none
114.676,2292,-0.33757,-3.09917,0.55197,0,10,0,FALLBACK,0.2169,0.100,1.2472,0,none
114.727,2293,-0.31202,-3.20637,0.60076,0,10,0,FALLBACK,-0.0676,0.100,1.2468,0,none
114.776,2294,-0.32266,-3.37044,0.55125,0,10,0,FALLBACK,0.1665,0.100,1.2466,0,none
114.826,2295,-0.33875,-2.95847,0.45558,0,10,0,FALLBACK,0.2742,0.100,1.2462,0,none
114.875,2296,-0.34590,-3.35725,0.43520,0,10,0,FALLBACK,0.2652,0.100,1.2453,0,none
114.927,2297,-0.31538,-2.63593,0.85949,0,10,0,FALLBACK,-0.0757,0.100,1.2446,0,none
114.975,2298,-0.32580,-3.06274,0.54110,0,10,0,FALLBACK,0.1811,0.100,1.2443,0,none
115.026,2299,-0.34275,-2.49562,0.70738,0,10,0,FALLBACK,0.2985,0.100,1.2437,0,none
115.080,2300,-0.35002,-3.27682,0.53883,0,10,0,FALLBACK,0.2864,0.100,1.2426,0,none
115.127,2301,-0.31860,-2.92686,0.62610,0,10,0,FALLBACK,-0.0641,0.100,1.2418,0,none
115.161,2302,-0.32495,-1.74389,0.90548,0,10,0,FALLBACK,0.1565,0.100,1.2415,0,none
115.209,2303,-0.33426,-2.14360,0.77784,0,10,0,FALLBACK,0.2179,0.100,1.2410,0,none
115.260,2304,-0.33374,-2.79796,0.50916,0,10,0,FALLBACK,0.1660,0.100,1.2406,0,none
115.311,2305,-0.30100,-2.75352,0.52063,0,10,0,FALLBACK,-0.1587,0.100,1.2408,0,none
115.360,2306,-0.31374,-2.16018,0.76512,0,10,0,FALLBACK,0.1324,0.100,1.2399,0,none
115.411,2307,-0.33295,-2.03137,0.73799,0,10,0,FALLBACK,0.2608,0.100,1.2391,0,none
115.461,2308,-0.33985,-2.74959,0.71271,0,10,0,FALLBACK,0.2338,0.100,1.2381,0,none
115.511,2309,-0.33392,-2.75529,0.60703,0,10,0,FALLBACK,0.1399,0.100,1.2380,0,none
115.562,2310,-0.31886,-2.65026,0.66251,0,10,0,FALLBACK,0.0190,0.100,1.2384,0,none
115.610,2311,-0.33191,-2.75987,0.76384,0,10,0,FALLBACK,0.2248,0.100,1.2388,0,none
115.662,2312,-0.34219,-3.20033,0.46203,0,10,0,FALLBACK,0.2623,0.100,1.2381,0,none
115.711,2313,-0.33911,-2.85336,0.44166,0,10,0,FALLBACK,0.1802,0.100,1.2376,0,none
115.761,2314,-0.32318,-3.33493,0.42155,0,10,0,FALLBACK,0.0362,0.100,1.2379,0,none
115.811,2315,-0.32651,-3.38004,0.52333,0,10,0,FALLBACK,0.1492,0.100,1.2383,0,none
115.863,2316,-0.32850,-3.75753,0.69031,0,10,0,FALLBACK,0.1524,0.100,1.2383,0,none
115.914,2317,-0.32247,-3.13033,0.56796,0,10,0,FALLBACK,0.0822,0.100,1.2384,0,none
115.963,2318,-0.30863,-3.31882,0.54740,0,10,0,FALLBACK,-0.0261,0.100,1.2387,0,none
116.014,2319,-0.30987,-3.17867,0.58897,0,10,0,FALLBACK,0.0556,0.100,1.2390,0,none
116.063,2320,-0.31240,-2.82811,0.61509,0,10,0,FALLBACK,0.0746,0.100,1.2392,0,none
116.112,2321,-0.31111,-2.60896,0.45659,0,10,0,FALLBACK,0.0492,0.100,1.2394,0,none
116.164,2322,-0.30394,-2.81967,0.60267,0,10,0,FALLBACK,-0.0162,0.100,1.2397,0,none
116.215,2323,-0.31117,-2.52752,0.61163,0,10,0,FALLBACK,0.0920,0.100,1.2399,0,none
116.263,2324,-0.31813,-2.79838,0.53630,0,10,0,FALLBACK,0.1254,0.100,1.2400,0,none
116.312,2325,-0.31910,-2.76194,0.49697,0,10,0,FALLBACK,0.1003,0.100,1.2401,0,none
116.362,2326,-0.30905,-2.48025,0.84669,0,10,0,FALLBACK,-0.0049,0.100,1.2403,0,none
116.414,2327,-0.32224,-2.85251,0.35898,0,10,0,FALLBACK,0.1772,0.100,1.2406,0,none
116.465,2328,-0.33390,-2.43261,0.68194,0,10,0,FALLBACK,0.2278,0.100,1.2401,0,none
116.513,2329,-0.33445,-2.70766,0.76371,0,10,0,FALLBACK,0.1750,0.100,1.2398,0,none
116.564,2330,-0.31876,-3.11387,0.55231,0,10,0,FALLBACK,0.0154,0.100,1.2399,0,none
116.615,2331,-0.32510,-2.73446,0.84591,0,10,0,FALLBACK,0.1572,0.100,1.2402,0,none
116.664,2332,-0.33065,-3.39849,0.56294,0,10,0,FALLBACK,0.1810,0.100,1.2401,0,none
116.714,2333,-0.32727,-3.40930,0.42135,0,10,0,FALLBACK,0.1194,0.100,1.2400,0,none
116.763,2334,-0.30776,-3.14868,0.59593,0,10,0,FALLBACK,-0.0587,0.100,1.2402,0,none
116.815,2335,-0.31532,-3.08715,0.50520,0,10,0,FALLBACK,0.1144,0.100,1.2402,0,none
116.867,2336,-0.32639,-3.33102,0.51355,0,10,0,FALLBACK,0.1873,0.100,1.2402,0,none
116.915,2337,-0.32984,-3.16961,0.56512,0,10,0,FALLBACK,0.1664,0.100,1.2400,0,none
116.964,2338,-0.31716,-3.32453,0.46125,0,10,0,FALLBACK,0.0224,0.100,1.2400,0,none
117.013,2339,-0.32109,-3.12881,0.50648,0,10,0,FALLBACK,0.1250,0.100,1.2402,0,none
117.067,2340,-0.32426,-3.12804,0.42377,0,10,0,FALLBACK,0.1371,0.100,1.2403,0,none
117.115,2341,-0.32079,-3.52021,0.39805,0,10,0,FALLBACK,0.0866,0.100,1.2404,0,none
117.167,2342,-0.30275,-3.22755,0.58175,0,10,0,FALLBACK,-0.0764,0.100,1.2407,0,none
117.215,2343,-0.30948,-3.36587,0.44962,0,10,0,FALLBACK,0.0810,0.100,1.2407,0,none
117.264,2344,-0.32039,-2.93935,0.65541,0,10,0,FALLBACK,0.1565,0.100,1.2407,0,none
117.315,2345,-0.32529,-2.93406,0.42575,0,10,0,FALLBACK,0.1510,0.100,1.2406,0,none
117.365,2346,-0.31078,-3.23752,0.43716,0,10,0,FALLBACK,-0.0187,0.100,1.2406,0,none
117.416,2347,-0.32319,-3.32437,0.53167,0,10,0,FALLBACK,0.1780,0.100,1.2407,0,none
117.467,2348,-0.33695,-3.48053,0.58797,0,10,0,FALLBACK,0.2536,0.100,1.2404,0,none
117.517,2349,-0.33997,-3.22715,0.55062,0,10,0,FALLBACK,0.2149,0.100,1.2398,0,none
117.567,2350,-0.32207,-3.02959,0.66135,0,10,0,FALLBACK,0.0209,0.100,1.2397,0,none
117.615,2351,-0.32061,-2.77381,0.67100,0,10,0,FALLBACK,0.0957,0.100,1.2399,0,none
117.665,2352,-0.32039,-2.57012,0.59505,0,10,0,FALLBACK,0.1008,0.100,1.2402,0,none
117.716,2353,-0.31541,-3.17696,0.62191,0,10,0,FALLBACK,0.0522,0.100,1.2404,0,none
117.767,2354,-0.29405,-3.16719,0.37785,0,10,0,FALLBACK,-0.1366,0.100,1.2407,0,none
117.817,2355,-0.30317,-2.85705,0.60479,0,10,0,FALLBACK,0.0614,0.100,1.2404,0,none
117.867,2356,-0.31904,-2.91036,0.52811,0,10,0,FALLBACK,0.1746,0.100,1.2403,0,none
117.916,2357,-0.32888,-3.15860,0.59956,0,10,0,FALLBACK,0.1936,0.100,1.2400,0,none
117.967,2358,-0.31339,-3.17425,0.64759,0,10,0,FALLBACK,-0.0105,0.100,1.2399,0,none
118.019,2359,-0.32851,-3.03295,0.55088,0,10,0,FALLBACK,0.2181,0.100,1.2398,0,none
118.068,2360,-0.34481,-3.27492,0.42687,0,10,0,FALLBACK,0.3056,0.100,1.2392,0,none
118.119,2361,-0.34808,-3.32277,0.52956,0,10,0,FALLBACK,0.2568,0.100,1.2384,0,none
118.169,2362,-0.31991,-3.26843,0.74395,0,10,0,FALLBACK,-0.0414,0.100,1.2382,0,none
118.218,2363,-0.32273,-3.33944,0.45114,0,10,0,FALLBACK,0.1278,0.100,1.2378,0,none
118.269,2364,-0.33030,-3.23875,0.50330,0,10,0,FALLBACK,0.1894,0.100,1.2380,0,none
118.318,2365,-0.33002,-3.35118,0.44099,0,10,0,FALLBACK,0.1487,0.100,1.2378,0,none
118.367,2366,-0.30802,-3.31794,0.44272,0,10,0,FALLBACK,-0.0699,0.100,1.2379,0,none
118.419,2367,-0.30977,-3.44429,0.43327,0,10,0,FALLBACK,0.0576,0.100,1.2377,0,none
118.469,2368,-0.31650,-3.35541,0.63787,0,10,0,FALLBACK,0.1161,0.100,1.2380,0,none
118.519,2369,-0.31893,-3.45688,0.57000,0,10,0,FALLBACK,0.1068,0.100,1.2381,0,none
118.568,2370,-0.30197,-3.15883,0.68347,0,10,0,FALLBACK,-0.0749,0.100,1.2382,0,none
118.619,2371,-0.31028,-3.62688,0.58737,0,10,0,FALLBACK,0.0929,0.100,1.2382,0,none
118.670,2372,-0.32279,-3.17003,0.50178,0,10,0,FALLBACK,0.1766,0.100,1.2382,0,none
118.719,2373,-0.32865,-3.52982,0.52839,0,10,0,FALLBACK,0.1725,0.100,1.2380,0,none
118.769,2374,-0.31669,-3.07626,0.48500,0,10,0,FALLBACK,0.0237,0.100,1.2380,0,none
118.820,2375,-0.31661,-3.96885,0.71269,0,10,0,FALLBACK,0.0826,0.100,1.2382,0,none
118.870,2376,-0.31705,-3.68460,0.65309,0,10,0,FALLBACK,0.0875,0.100,1.2385,0,none
118.920,2377,-0.31343,-3.85011,0.53948,0,10,0,FALLBACK,0.0491,0.100,1.2387,0,none
118.969,2378,-0.29730,-3.92346,0.64619,0,10,0,FALLBACK,-0.0942,0.100,1.2390,0,none
119.019,2379,-0.29840,-3.92784,0.54379,0,10,0,FALLBACK,-0.0025,0.100,1.2390,0,none
119.071,2380,-0.30473,-3.90466,0.53677,0,10,0,FALLBACK,0.0553,0.100,1.2393,0,none
119.120,2381,-0.30970,-3.53039,0.59081,0,10,0,FALLBACK,0.0734,0.100,1.2395,0,none
119.169,2382,-0.31123,-3.64488,0.55177,0,10,0,FALLBACK,0.0638,0.100,1.2397,0,none
119.218,2383,-0.30893,-3.76485,0.65653,0,10,0,FALLBACK,0.0332,0.100,1.2400,0,none
119.269,2384,-0.31282,-3.55330,0.45840,0,10,0,FALLBACK,0.0835,0.100,1.2402,0,none
119.321,2385,-0.31528,-3.58641,0.47331,0,10,0,FALLBACK,0.0887,0.100,1.2405,0,none
119.371,2386,-0.31353,-3.50764,0.63034,0,10,0,FALLBACK,0.0589,0.100,1.2407,0,none
119.420,2387,-0.30729,-3.45802,0.63756,0,10,0,FALLBACK,0.0053,0.100,1.2409,0,none
119.471,2388,-0.30841,-3.56793,0.50467,0,10,0,FALLBACK,0.0476,0.100,1.2412,0,none
119.519,2389,-0.30967,-3.52757,0.67372,0,10,0,FALLBACK,0.0546,0.100,1.2415,0,none
119.573,2390,-0.30837,-3.74733,0.63780,0,10,0,FALLBACK,0.0354,0.100,1.2417,0,none
119.619,2391,-0.30442,-3.95929,0.50380,0,10,0,FALLBACK,0.0023,0.100,1.2420,0,none
119.671,2392,-0.30209,-4.06055,0.57466,0,10,0,FALLBACK,-0.0012,0.100,1.2423,0,none
119.721,2393,-0.30010,-3.73376,0.71667,0,10,0,FALLBACK,-0.0094,0.100,1.2425,0,none
119.773,2394,-0.29828,-4.08206,0.63916,0,10,0,FALLBACK,-0.0177,0.100,1.2428,0,none
119.823,2395,-0.29761,-3.92818,0.75429,0,10,0,FALLBACK,-0.0153,0.100,1.2431,0,none
119.870,2396,-0.29318,-4.13007,0.62622,0,10,0,FALLBACK,-0.0562,0.100,1.2433,0,none
119.922,2397,-0.28970,-3.67335,0.52505,0,10,0,FALLBACK,-0.0689,0.100,1.2435,0,none
119.970,2398,-0.28919,-3.90211,0.62229,0,10,0,FALLBACK,-0.0566,0.100,1.2438,0,none
120.023,2399,-0.29344,-3.96946,0.57486,0,10,0,FALLBACK,-0.0116,0.100,1.2440,0,none
120.073,2400,-0.28784,-3.76799,0.44130,0,10,0,FALLBACK,-0.0888,0.100,1.2442,0,none
120.122,2401,-0.28283,-3.70347,0.53941,0,10,0,FALLBACK,-0.1109,0.100,1.2444,0,none
120.174,2402,-0.28271,-4.03802,0.46027,0,10,0,FALLBACK,-0.0871,0.100,1.2445,0,none
120.223,2403,-0.28869,-3.99194,0.65102,0,10,0,FALLBACK,-0.0267,0.100,1.2447,0,none
120.273,2404,-0.29001,-3.86076,0.62111,0,10,0,FALLBACK,-0.0433,0.100,1.2449,0,none
120.324,2405,-0.29182,-3.89904,0.65224,0,10,0,FALLBACK,-0.0319,0.100,1.2452,0,none
120.372,2406,-0.29551,-3.53747,0.66090,0,10,0,FALLBACK,-0.0040,0.100,1.2454,0,none
120.425,2407,-0.29988,-3.43374,0.57908,0,10,0,FALLBACK,0.0213,0.100,1.2456,0,none
120.473,2408,-0.30622,-3.37737,0.64337,0,10,0,FALLBACK,0.0628,0.100,1.2458,0,none
120.525,2409,-0.31101,-3.65603,0.40416,0,10,0,FALLBACK,0.0790,0.100,1.2460,0,none
120.576,2410,-0.31243,-3.86723,0.50252,0,10,0,FALLBACK,0.0693,0.100,1.2461,0,none
120.623,2411,-0.31053,-3.60878,0.65434,0,10,0,FALLBACK,0.0432,0.100,1.2463,0,none
120.674,2412,-0.30391,-3.93367,0.58358,0,10,0,FALLBACK,-0.0136,0.100,1.2465,0,none
120.725,2413,-0.29577,-3.91299,0.63378,0,10,0,FALLBACK,-0.0619,0.100,1.2468,0,none
120.774,2414,-0.28872,-4.12832,0.81283,0,10,0,FALLBACK,-0.0917,0.100,1.2470,0,none
120.824,2415,-0.28326,-4.13158,0.63583,0,10,0,FALLBACK,-0.1110,0.100,1.2471,0,none
120.876,2416,-0.28816,-3.67869,0.51834,0,10,0,FALLBACK,-0.0347,0.100,1.2473,0,none
120.925,2417,-0.29796,-4.11573,0.70337,0,10,0,FALLBACK,0.0388,0.100,1.2474,0,none
120.974,2418,-0.30944,-3.90253,0.50144,0,10,0,FALLBACK,0.1046,0.100,1.2476,0,none
121.026,2419,-0.31847,-4.03765,0.57563,0,10,0,FALLBACK,0.1375,0.100,1.2476,0,none
121.075,2420,-0.31907,-4.14694,0.61333,0,10,0,FALLBACK,0.0983,0.100,1.2476,0,none
121.124,2421,-0.31336,-3.99859,0.59499,0,10,0,FALLBACK,0.0383,0.100,1.2476,0,none
121.175,2422,-0.30380,-4.09129,0.60103,0,10,0,FALLBACK,-0.0288,0.100,1.2479,0,none
121.223,2423,-0.29555,-3.60135,0.52884,0,10,0,FALLBACK,-0.0635,0.100,1.2481,0,none
121.275,2424,-0.27742,-3.94273,0.58785,0,10,0,FALLBACK,-0.2036,0.100,1.2483,0,none
121.325,2425,-0.26273,-3.41045,0.44426,0,10,0,FALLBACK,-0.2598,0.100,1.2481,0,none
121.377,2426,-0.25846,-3.38474,0.46234,0,10,0,FALLBACK,-0.2290,0.100,1.2476,0,none
121.425,2427,-0.26833,-3.81463,0.62427,0,10,0,FALLBACK,-0.1091,0.100,1.2473,0,none
121.476,2428,-0.27683,-3.59872,0.43264,0,10,0,FALLBACK,-0.0733,0.100,1.2475,0,none
121.526,2429,-0.28868,-3.54440,0.61556,0,10,0,FALLBACK,0.0027,0.100,1.2478,0,none
121.578,2430,-0.30278,-3.53821,0.54056,0,10,0,FALLBACK,0.0844,0.100,1.2480,0,none
121.625,2431,-0.31660,-3.12458,0.49378,0,10,0,FALLBACK,0.1521,0.100,1.2481,0,none
121.675,2432,-0.32216,-3.16409,0.73228,0,10,0,FALLBACK,0.1386,0.100,1.2480,0,none
121.727,2433,-0.32035,-3.96838,0.49758,0,10,0,FALLBACK,0.0927,0.100,1.2479,0,none
121.777,2434,-0.31265,-3.87873,0.51166,0,10,0,FALLBACK,0.0247,0.100,1.2481,0,none
121.829,2435,-0.30110,-4.19177,0.74354,0,10,0,FALLBACK,-0.0522,0.100,1.2483,0,none
121.876,2436,-0.29169,-3.90773,0.59932,0,10,0,FALLBACK,-0.0886,0.100,1.2485,0,none
121.927,2437,-0.28544,-4.26373,0.69641,0,10,0,FALLBACK,-0.1041,0.100,1.2487,0,none
121.961,2438,-0.28348,-4.21109,0.59309,0,10,0,FALLBACK,-0.0924,0.100,1.2488,0,none
122.013,2439,-0.28524,-4.01446,0.41972,0,10,0,FALLBACK,-0.0650,0.100,1.2489,0,none
122.062,2440,-0.29421,-3.99059,0.54120,0,10,0,FALLBACK,0.0159,0.100,1.2491,0,none
122.111,2441,-0.30425,-3.88392,0.58653,0,10,0,FALLBACK,0.0714,0.100,1.2493,0,none
122.160,2442,-0.31158,-3.61465,0.60821,0,10,0,FALLBACK,0.0945,0.100,1.2493,0,none
122.210,2443,-0.31483,-3.81055,0.57146,0,10,0,FALLBACK,0.0904,0.100,1.2494,0,none
122.262,2444,-0.31315,-3.69689,0.54274,0,10,0,FALLBACK,0.0573,0.100,1.2495,0,none
122.311,2445,-0.30821,-3.69688,0.55554,0,10,0,FALLBACK,0.0163,0.100,1.2497,0,none
122.363,2446,-0.30192,-3.74087,0.52771,0,10,0,FALLBACK,-0.0219,0.100,1.2499,0,none
122.412,2447,-0.29422,-3.65446,0.60447,0,10,0,FALLBACK,-0.0674,0.100,1.2501,0,none
122.462,2448,-0.29801,-3.37089,0.57725,0,10,0,FALLBACK,0.0090,0.100,1.2502,0,none
122.512,2449,-0.30402,-3.60832,0.52735,0,10,0,FALLBACK,0.0502,0.100,1.2504,0,none
122.563,2450,-0.30796,-3.37570,0.49949,0,10,0,FALLBACK,0.0594,0.100,1.2505,0,none
122.613,2451,-0.30800,-3.70244,0.51009,0,10,0,FALLBACK,0.0402,0.100,1.2506,0,none
122.662,2452,-0.31048,-3.52475,0.56151,0,10,0,FALLBACK,0.0649,0.100,1.2508,0,none
122.713,2453,-0.31110,-3.77343,0.62889,0,10,0,FALLBACK,0.0586,0.100,1.2509,0,none
122.763,2454,-0.30869,-4.00388,0.60164,0,10,0,FALLBACK,0.0314,0.100,1.2511,0,none
122.814,2455,-0.30397,-3.84718,0.47119,0,10,0,FALLBACK,-0.0038,0.100,1.2513,0,none
122.862,2456,-0.30022,-3.94141,0.69424,0,10,0,FALLBACK,-0.0177,0.100,1.2515,0,none
122.912,2457,-0.29729,-4.07617,0.73130,0,10,0,FALLBACK,-0.0282,0.100,1.2516,0,none
122.965,2458,-0.29546,-3.91603,0.64207,0,10,0,FALLBACK,-0.0318,0.100,1.2518,0,none
123.013,2459,-0.29305,-3.93877,0.50609,0,10,0,FALLBACK,-0.0468,0.100,1.2520,0,none
123.062,2460,-0.30191,-3.42130,0.50645,0,10,0,FALLBACK,0.0538,0.100,1.2521,0,none
123.112,2461,-0.31127,-3.59439,0.45200,0,10,0,FALLBACK,0.1032,0.100,1.2521,0,none
123.162,2462,-0.31616,-3.43157,0.48484,0,10,0,FALLBACK,0.1053,0.100,1.2521,0,none
123.213,2463,-0.31332,-3.33333,0.56368,0,10,0,FALLBACK,0.0524,0.100,1.2522,0,none
123.266,2464,-0.31903,-3.48287,0.52964,0,10,0,FALLBACK,0.1237,0.100,1.2523,0,none
123.315,2465,-0.32262,-3.23066,0.60790,0,10,0,FALLBACK,0.1311,0.100,1.2523,0,none
123.362,2466,-0.31987,-3.35307,0.41352,0,10,0,FALLBACK,0.0856,0.100,1.2523,0,none
123.413,2467,-0.30818,-3.65002,0.43038,0,10,0,FALLBACK,-0.0176,0.100,1.2524,0,none
123.466,2468,-0.31046,-3.20811,0.53314,0,10,0,FALLBACK,0.0637,0.100,1.2526,0,none
123.514,2469,-0.31418,-3.12035,0.56138,0,10,0,FALLBACK,0.0895,0.100,1.2527,0,none
123.564,2470,-0.31402,-3.36349,0.49250,0,10,0,FALLBACK,0.0694,0.100,1.2527,0,none
123.613,2471,-0.30430,-3.35813,0.56137,0,10,0,FALLBACK,-0.0271,0.100,1.2528,0,none
123.664,2472,-0.31733,-2.81560,0.60906,0,10,0,FALLBACK,0.1518,0.100,1.2529,0,none
123.716,2473,-0.33115,-3.34193,0.52953,0,10,0,FALLBACK,0.2248,0.100,1.2526,0,none
123.765,2474,-0.33548,-3.28958,0.46185,0,10,0,FALLBACK,0.1991,0.100,1.2520,0,none
123.813,2475,-0.32204,-3.12955,0.50851,0,10,0,FALLBACK,0.0430,0.100,1.2518,0,none
123.863,2476,-0.33185,-3.48935,0.49290,0,10,0,FALLBACK,0.2083,0.100,1.2519,0,none
123.913,2477,-0.34045,-3.25407,0.58755,0,10,0,FALLBACK,0.2452,0.100,1.2516,0,none
123.965,2478,-0.33763,-3.66803,0.44847,0,10,0,FALLBACK,0.1741,0.100,1.2511,0,none
124.015,2479,-0.31801,-3.43365,0.54176,0,10,0,FALLBACK,-0.0081,0.100,1.2510,0,none
124.067,2480,-0.31769,-3.36362,0.48631,0,10,0,FALLBACK,0.0869,0.100,1.2511,0,none
124.115,2481,-0.31948,-3.57254,0.51031,0,10,0,FALLBACK,0.1063,0.100,1.2513,0,none
124.166,2482,-0.31637,-3.46556,0.46649,0,10,0,FALLBACK,0.0663,0.100,1.2513,0,none
124.214,2483,-0.30132,-3.25056,0.49799,0,10,0,FALLBACK,-0.0687,0.100,1.2514,0,none
124.267,2484,-0.31318,-3.45769,0.55671,0,10,0,FALLBACK,0.1252,0.100,1.2514,0,none
124.314,2485,-0.32809,-3.20965,0.53350,0,10,0,FALLBACK,0.2150,0.100,1.2511,0,none
124.365,2486,-0.33436,-3.43978,0.49219,0,10,0,FALLBACK,0.2031,0.100,1.2506,0,none
124.415,2487,-0.32397,-3.22115,0.55546,0,10,0,FALLBACK,0.0679,0.100,1.2503,0,none
124.465,2488,-0.32802,-3.45398,0.60097,0,10,0,FALLBACK,0.1603,0.100,1.2504,0,none
124.514,2489,-0.33016,-3.14357,0.48043,0,10,0,FALLBACK,0.1615,0.100,1.2505,0,none
124.567,2490,-0.32437,-2.82354,0.59869,0,10,0,FALLBACK,0.0929,0.100,1.2504,0,none
124.614,2491,-0.30332,-3.06425,0.49945,0,10,0,FALLBACK,-0.0887,0.100,1.2506,0,none
124.667,2492,-0.31163,-3.24979,0.49516,0,10,0,FALLBACK,0.0997,0.100,1.2504,0,none
124.716,2493,-0.32464,-3.18924,0.53365,0,10,0,FALLBACK,0.1883,0.100,1.2502,0,none
124.767,2494,-0.33028,-3.45486,0.45732,0,10,0,FALLBACK,0.1796,0.100,1.2498,0,none
124.817,2495,-0.31632,-3.80062,0.54375,0,10,0,FALLBACK,0.0118,0.100,1.2496,0,none
124.868,2496,-0.32994,-3.63667,0.61511,0,10,0,FALLBACK,0.2178,0.100,1.2497,0,none
124.919,2497,-0.34346,-3.33027,0.53128,0,10,0,FALLBACK,0.2849,0.100,1.2491,0,none
124.965,2498,-0.34431,-3.67878,0.53242,0,10,0,FALLBACK,0.2258,0.100,1.2483,0,none
125.016,2499,-0.31766,-3.92007,0.61249,0,10,0,FALLBACK,-0.0449,0.100,1.2481,0,none
125.067,2500,-0.33018,-3.31537,0.51395,0,10,0,FALLBACK,0.2135,0.100,1.2478,0,none
125.116,2501,-0.34620,-3.71819,0.51615,0,10,0,FALLBACK,0.3111,0.100,1.2471,0,none
125.167,2502,-0.34881,-3.49778,0.72410,0,10,0,FALLBACK,0.2571,0.100,1.2461,0,none
125.215,2503,-0.32337,-3.53786,0.50074,0,10,0,FALLBACK,-0.0104,0.100,1.2457,0,none
125.266,2504,-0.32896,-3.22876,0.60959,0,10,0,FALLBACK,0.1727,0.100,1.2455,0,none
125.317,2505,-0.33727,-3.23670,0.39560,0,10,0,FALLBACK,0.2279,0.100,1.2454,0,none
125.367,2506,-0.33556,-3.32778,0.65892,0,10,0,FALLBACK,0.1693,0.100,1.2450,0,none
125.417,2507,-0.31226,-3.46626,0.58628,0,10,0,FALLBACK,-0.0552,0.100,1.2450,0,none
125.466,2508,-0.31558,-3.26024,0.38994,0,10,0,FALLBACK,0.0945,0.100,1.2448,0,none
125.519,2509,-0.32317,-3.27780,0.54014,0,10,0,FALLBACK,0.1539,0.100,1.2449,0,none
125.567,2510,-0.32453,-3.25554,0.64631,0,10,0,FALLBACK,0.1295,0.100,1.2448,0,none
125.619,2511,-0.31065,-2.89608,0.47737,0,10,0,FALLBACK,-0.0161,0.100,1.2449,0,none
125.668,2512,-0.31346,-3.07001,0.54375,0,10,0,FALLBACK,0.0813,0.100,1.2450,0,none
125.718,2513,-0.31809,-3.42348,0.42175,0,10,0,FALLBACK,0.1136,0.100,1.2451,0,none
125.767,2514,-0.31794,-3.39485,0.64396,0,10,0,FALLBACK,0.0890,0.100,1.2452,0,none
125.818,2515,-0.30251,-3.58544,0.59779,0,10,0,FALLBACK,-0.0646,0.100,1.2453,0,none
125.869,2516,-0.31080,-3.54870,0.55616,0,10,0,FALLBACK,0.0955,0.100,1.2453,0,none
125.919,2517,-0.32253,-3.32312,0.43571,0,10,0,FALLBACK,0.1713,0.100,1.2453,0,none
125.967,2518,-0.32761,-3.24879,0.54864,0,10,0,FALLBACK,0.1634,0.100,1.2451,0,none
126.020,2519,-0.31300,-3.46320,0.40790,0,10,0,FALLBACK,-0.0081,0.100,1.2450,0,none
126.068,2520,-0.32070,-3.36687,0.56916,0,10,0,FALLBACK,0.1420,0.100,1.2450,0,none
126.119,2521,-0.32974,-3.47467,0.47361,0,10,0,FALLBACK,0.1939,0.100,1.2450,0,none
126.170,2522,-0.33048,-3.33027,0.52959,0,10,0,FALLBACK,0.1561,0.100,1.2448,0,none
126.218,2523,-0.31082,-3.39176,0.55199,0,10,0,FALLBACK,-0.0442,0.100,1.2448,0,none
126.271,2524,-0.31433,-3.50997,0.33407,0,10,0,FALLBACK,0.0892,0.100,1.2447,0,none
126.320,2525,-0.32137,-3.46837,0.43293,0,10,0,FALLBACK,0.1421,0.100,1.2448,0,none
126.370,2526,-0.32268,-3.27733,0.56712,0,10,0,FALLBACK,0.1199,0.100,1.2448,0,none
126.419,2527,-0.30393,-3.25834,0.62792,0,10,0,FALLBACK,-0.0741,0.100,1.2448,0,none
126.470,2528,-0.31292,-3.28521,0.31583,0,10,0,FALLBACK,0.1095,0.100,1.2447,0,none
126.521,2529,-0.32613,-3.34141,0.43643,0,10,0,FALLBACK,0.1967,0.100,1.2446,0,none
126.569,2530,-0.33169,-3.59973,0.61889,0,10,0,FALLBACK,0.1862,0.100,1.2442,0,none
126.619,2531,-0.31913,-3.37861,0.48931,0,10,0,FALLBACK,0.0329,0.100,1.2441,0,none
126.670,2532,-0.31869,-3.51628,0.34580,0,10,0,FALLBACK,0.0912,0.100,1.2442,0,none
126.723,2533,-0.31841,-3.65698,0.55844,0,10,0,FALLBACK,0.0906,0.100,1.2445,0,none
126.773,2534,-0.31376,-3.69548,0.58496,0,10,0,FALLBACK,0.0456,0.100,1.2447,0,none
126.822,2535,-0.29845,-3.70246,0.59018,0,10,0,FALLBACK,-0.0843,0.100,1.2449,0,none
126.872,2536,-0.29847,-3.89718,0.65309,0,10,0,FALLBACK,-0.0075,0.100,1.2449,0,none
126.921,2537,-0.30322,-3.54806,0.43782,0,10,0,FALLBACK,0.0398,0.100,1.2451,0,none
126.973,2538,-0.30711,-3.66372,0.53226,0,10,0,FALLBACK,0.0550,0.100,1.2453,0,none
127.023,2539,-0.29600,-3.50564,0.57870,0,10,0,FALLBACK,-0.0755,0.100,1.2455,0,none
127.072,2540,-0.31071,-3.18121,0.44244,0,10,0,FALLBACK,0.1271,0.100,1.2455,0,none
127.122,2541,-0.32854,-3.38493,0.52183,0,10,0,FALLBACK,0.2319,0.100,1.2452,0,none
127.174,2542,-0.33745,-3.36188,0.54993,0,10,0,FALLBACK,0.2317,0.100,1.2446,0,none
127.222,2543,-0.32292,-3.64152,0.46792,0,10,0,FALLBACK,0.0420,0.100,1.2443,0,none
127.273,2544,-0.32500,-3.32137,0.52533,0,10,0,FALLBACK,0.1353,0.100,1.2443,0,none
127.324,2545,-0.32710,-3.30627,0.46549,0,10,0,FALLBACK,0.1460,0.100,1.2446,0,none
127.373,2546,-0.32248,-3.32481,0.58664,0,10,0,FALLBACK,0.0893,0.100,1.2446,0,none
127.425,2547,-0.29152,-3.25877,0.45794,0,10,0,FALLBACK,-0.1972,0.100,1.2448,0,none
127.477,2548,-0.29955,-2.89252,0.53399,0,10,0,FALLBACK,0.0379,0.100,1.2444,0,none
127.523,2549,-0.31890,-3.57740,0.69102,0,10,0,FALLBACK,0.1912,0.100,1.2437,0,none
127.574,2550,-0.33477,-3.07116,0.67901,0,10,0,FALLBACK,0.2532,0.100,1.2433,0,none
127.625,2551,-0.31099,-3.17067,0.67018,0,10,0,FALLBACK,-0.0639,0.100,1.2426,0,none
127.677,2552,-0.33447,-3.20242,0.38290,0,10,0,FALLBACK,0.2898,0.100,1.2421,0,none
127.725,2553,-0.36316,-2.55054,0.57255,0,10,0,FALLBACK,0.4593,0.100,1.2409,0,none
127.776,2554,-0.37595,-3.44608,0.53662,0,10,0,FALLBACK,0.4437,0.100,1.2383,0,none
127.825,2555,-0.36555,-3.82310,0.63452,0,10,0,FALLBACK,0.2758,0.100,1.2363,0,none
127.874,2556,-0.33483,-3.73240,0.50839,0,10,0,FALLBACK,0.0205,0.100,1.2363,0,none
127.925,2557,-0.32968,-3.14525,0.61551,0,10,0,FALLBACK,0.1226,0.100,1.2369,0,none
127.979,2558,-0.32708,-3.65965,0.54513,0,10,0,FALLBACK,0.1224,0.100,1.2372,0,none
128.026,2559,-0.31915,-3.69574,0.51680,0,10,0,FALLBACK,0.0561,0.100,1.2373,0,none
128.076,2560,-0.30004,-3.66379,0.60210,0,10,0,FALLBACK,-0.0954,0.100,1.2376,0,none
128.126,2561,-0.32553,-2.87371,0.52086,0,10,0,FALLBACK,0.2551,0.100,1.2378,0,none
128.176,2562,-0.35598,-2.73385,0.71911,0,10,0,FALLBACK,0.4322,0.100,1.2369,0,none
128.227,2563,-0.37147,-2.87734,0.50545,0,10,0,FALLBACK,0.4348,0.100,1.2345,0,none
128.277,2564,-0.35740,-2.95880,0.61572,0,10,0,FALLBACK,0.2167,0.100,1.2326,0,none
128.311,2565,-0.36459,-3.44582,0.66119,0,10,0,FALLBACK,0.3589,0.100,1.2326,0,none
128.362,2566,-0.36272,-3.36818,0.53363,0,10,0,FALLBACK,0.3043,0.100,1.2323,0,none
128.412,2567,-0.34546,-3.42015,0.52524,0,10,0,FALLBACK,0.1410,0.100,1.2323,0,none
128.462,2568,-0.30703,-3.06449,0.54955,0,10,0,FALLBACK,-0.1570,0.100,1.2329,0,none
128.512,2569,-0.31735,-3.37824,0.47346,0,10,0,FALLBACK,0.1383,0.100,1.2322,0,none
128.562,2570,-0.33362,-3.49413,0.60192,0,10,0,FALLBACK,0.2494,0.100,1.2315,0,none
128.612,2571,-0.33757,-3.41272,0.54049,0,10,0,FALLBACK,0.2076,0.100,1.2308,0,none
128.661,2572,-0.31787,-3.65761,0.54619,0,10,0,FALLBACK,-0.0092,0.100,1.2309,0,none
128.713,2573,-0.33266,-2.97178,0.62287,0,10,0,FALLBACK,0.2373,0.100,1.2311,0,none
128.764,2574,-0.34669,-3.55394,0.47797,0,10,0,FALLBACK,0.3036,0.100,1.2302,0,none
128.815,2575,-0.34578,-3.81117,0.52822,0,10,0,FALLBACK,0.2244,0.100,1.2295,0,none
128.865,2576,-0.31889,-3.34980,0.41666,0,10,0,FALLBACK,-0.0400,0.100,1.2297,0,none
128.915,2577,-0.32644,-3.19832,0.53215,0,10,0,FALLBACK,0.1700,0.100,1.2298,0,none
128.965,2578,-0.33787,-3.04055,0.55502,0,10,0,FALLBACK,0.2465,0.100,1.2295,0,none
129.014,2579,-0.33854,-3.48819,0.45678,0,10,0,FALLBACK,0.1960,0.100,1.2291,0,none
129.064,2580,-0.31498,-3.39994,0.48657,0,10,0,FALLBACK,-0.0429,0.100,1.2291,0,none
129.114,2581,-0.31840,-3.24460,0.55302,0,10,0,FALLBACK,0.1091,0.100,1.2291,0,none
129.165,2582,-0.32588,-3.12051,0.56718,0,10,0,FALLBACK,0.1668,0.100,1.2294,0,none
129.216,2583,-0.32656,-3.10188,0.52335,0,10,0,FALLBACK,0.1362,0.100,1.2294,0,none
129.263,2584,-0.30174,-3.51771,0.46723,0,10,0,FALLBACK,-0.1154,0.100,1.2296,0,none
129.316,2585,-0.31515,-3.44498,0.51687,0,10,0,FALLBACK,0.1428,0.100,1.2292,0,none
129.364,2586,-0.33478,-3.36185,0.50445,0,10,0,FALLBACK,0.2720,0.100,1.2288,0,none
129.414,2587,-0.34390,-3.46517,0.74009,0,10,0,FALLBACK,0.2650,0.100,1.2281,0,none
129.465,2588,-0.31496,-3.11117,0.49135,0,10,0,FALLBACK,-0.0699,0.100,1.2279,0,none
129.516,2589,-0.33074,-3.01699,0.54865,0,10,0,FALLBACK,0.2326,0.100,1.2271,0,none
129.565,2590,-0.35177,-3.25807,0.53179,0,10,0,FALLBACK,0.3639,0.100,1.2264,0,none
129.616,2591,-0.35779,-3.08831,0.61524,0,10,0,FALLBACK,0.3191,0.100,1.2251,0,none
129.667,2592,-0.32234,-3.09603,0.62229,0,10,0,FALLBACK,-0.0655,0.100,1.2247,0,none
129.715,2593,-0.32642,-2.84350,0.47032,0,10,0,FALLBACK,0.1525,0.100,1.2238,0,none
129.765,2594,-0.33739,-2.69332,0.61547,0,10,0,FALLBACK,0.2418,0.100,1.2240,0,none
129.817,2595,-0.33869,-3.24829,0.68093,0,10,0,FALLBACK,0.1999,0.100,1.2237,0,none
129.868,2596,-0.32838,-2.93936,0.73984,0,10,0,FALLBACK,0.0904,0.100,1.2238,0,none
129.916,2597,-0.30948,-3.34612,0.68937,0,10,0,FALLBACK,-0.0471,0.100,1.2243,0,none
129.965,2598,-0.31242,-3.23477,0.65366,0,10,0,FALLBACK,0.0768,0.100,1.2247,0,none
130.016,2599,-0.31838,-3.42942,0.63478,0,10,0,FALLBACK,0.1216,0.100,1.2250,0,none
130.067,2600,-0.31925,-3.49687,0.54412,0,10,0,FALLBACK,0.1006,0.100,1.2252,0,none
130.117,2601,-0.31083,-3.51324,0.50207,0,10,0,FALLBACK,0.0121,0.100,1.2255,0,none
130.169,2602,-0.32123,-3.35819,0.52012,0,10,0,FALLBACK,0.1581,0.100,1.2259,0,none
130.218,2603,-0.33110,-2.92507,0.46120,0,10,0,FALLBACK,0.2049,0.100,1.2260,0,none
130.265,2604,-0.33202,-2.99801,0.49907,0,10,0,FALLBACK,0.1647,0.100,1.2259,0,none
130.318,2605,-0.31817,-3.10500,0.46254,0,10,0,FALLBACK,0.0216,0.100,1.2261,0,none
130.369,2606,-0.32397,-2.81388,0.45229,0,10,0,FALLBACK,0.1488,0.100,1.2265,0,none
130.417,2607,-0.32980,-2.52648,0.59422,0,10,0,FALLBACK,0.1782,0.100,1.2267,0,none
130.468,2608,-0.32764,-2.74375,0.50541,0,10,0,FALLBACK,0.1274,0.100,1.2268,0,none
130.517,2609,-0.31059,-2.90396,0.53148,0,10,0,FALLBACK,-0.0323,0.100,1.2271,0,none
130.569,2610,-0.31559,-2.47420,0.52361,0,10,0,FALLBACK,0.1029,0.100,1.2273,0,none
130.616,2611,-0.32309,-3.12964,0.45183,0,10,0,FALLBACK,0.1529,0.100,1.2276,0,none
130.666,2612,-0.32420,-3.06380,0.53359,0,10,0,FALLBACK,0.1265,0.100,1.2277,0,none
130.718,2613,-0.30586,-3.12875,0.44679,0,10,0,FALLBACK,-0.0624,0.100,1.2279,0,none
130.766,2614,-0.32140,-3.01719,0.53702,0,10,0,FALLBACK,0.1847,0.100,1.2280,0,none
130.818,2615,-0.34000,-3.09641,0.36347,0,10,0,FALLBACK,0.2930,0.100,1.2275,0,none
130.868,2616,-0.34658,-2.65917,0.64043,0,10,0,FALLBACK,0.2658,0.100,1.2268,0,none
130.918,2617,-0.32131,-3.33516,0.51048,0,10,0,FALLBACK,-0.0198,0.100,1.2266,0,none
130.968,2618,-0.33452,-3.20584,0.49630,0,10,0,FALLBACK,0.2386,0.100,1.2264,0,none
131.019,2619,-0.35055,-3.18210,0.50246,0,10,0,FALLBACK,0.3329,0.100,1.2259,0,none
131.068,2620,-0.35230,-3.07357,0.48229,0,10,0,FALLBACK,0.2703,0.100,1.2250,0,none
131.119,2621,-0.32037,-3.18383,0.45384,0,10,0,FALLBACK,-0.0578,0.100,1.2249,0,none
131.169,2622,-0.32451,-3.30179,0.48227,0,10,0,FALLBACK,0.1433,0.100,1.2244,0,none
131.219,2623,-0.33451,-2.44513,0.60914,0,10,0,FALLBACK,0.2225,0.100,1.2246,0,none
131.271,2624,-0.33542,-3.12966,0.57100,0,10,0,FALLBACK,0.1816,0.100,1.2244,0,none
131.320,2625,-0.31085,-3.42745,0.43900,0,10,0,FALLBACK,-0.0686,0.100,1.2245,0,none
131.368,2626,-0.31409,-2.44721,0.76068,0,10,0,FALLBACK,0.0866,0.100,1.2244,0,none
131.419,2627,-0.32260,-3.10496,0.49522,0,10,0,FALLBACK,0.1556,0.100,1.2247,0,none
131.469,2628,-0.32517,-3.25823,0.51579,0,10,0,FALLBACK,0.1387,0.100,1.2248,0,none
131.520,2629,-0.29721,-2.53788,0.61952,0,10,0,FALLBACK,-0.1537,0.100,1.2250,0,none
131.568,2630,-0.31319,-2.82504,0.59579,0,10,0,FALLBACK,0.1459,0.100,1.2243,0,none
131.619,2631,-0.33724,-2.83422,0.53998,0,10,0,FALLBACK,0.3064,0.100,1.2237,0,none
131.671,2632,-0.34973,-2.91130,0.76367,0,10,0,FALLBACK,0.3112,0.100,1.2227,0,none
131.719,2633,-0.34627,-3.19799,0.58551,0,10,0,FALLBACK,0.2140,0.100,1.2222,0,none
131.770,2634,-0.32815,-3.42501,0.43962,0,10,0,FALLBACK,0.0502,0.100,1.2226,0,none
131.820,2635,-0.33769,-3.25096,0.51825,0,10,0,FALLBACK,0.2362,0.100,1.2231,0,none
131.871,2636,-0.34607,-3.33195,0.53231,0,10,0,FALLBACK,0.2723,0.100,1.2229,0,none
131.920,2637,-0.34180,-3.10026,0.39864,0,10,0,FALLBACK,0.1877,0.100,1.2226,0,none
131.970,2638,-0.32124,-2.98737,0.60776,0,10,0,FALLBACK,0.0034,0.100,1.2229,0,none
132.020,2639,-0.32387,-2.97678,0.47740,0,10,0,FALLBACK,0.1325,0.100,1.2233,0,none
132.070,2640,-0.32804,-3.03934,0.67574,0,10,0,FALLBACK,0.1610,0.100,1.2236,0,none
132.122,2641,-0.32500,-3.17446,0.52594,0,10,0,FALLBACK,0.1099,0.100,1.2237,0,none
132.171,2642,-0.30682,-2.99513,0.41136,0,10,0,FALLBACK,-0.0569,0.100,1.2241,0,none
132.224,2643,-0.31958,-2.85600,0.45090,0,10,0,FALLBACK,0.1617,0.100,1.2243,0,none
132.273,2644,-0.33523,-2.80680,0.74908,0,10,0,FALLBACK,0.2544,0.100,1.2241,0,none
132.324,2645,-0.34040,-2.92174,0.58282,0,10,0,FALLBACK,0.2278,0.100,1.2236,0,none
132.372,2646,-0.32256,-2.95934,0.49914,0,10,0,FALLBACK,0.0236,0.100,1.2236,0,none
132.422,2647,-0.33250,-2.84846,0.63463,0,10,0,FALLBACK,0.2122,0.100,1.2239,0,none
132.473,2648,-0.34285,-2.98156,0.52124,0,10,0,FALLBACK,0.2660,0.100,1.2238,0,none
132.523,2649,-0.34149,-3.15840,0.50722,0,10,0,FALLBACK,0.2006,0.100,1.2234,0,none
132.573,2650,-0.31857,-3.08170,0.49607,0,10,0,FALLBACK,-0.0217,0.100,1.2236,0,none
132.622,2651,-0.31756,-2.98369,0.44615,0,10,0,FALLBACK,0.0827,0.100,1.2238,0,none
132.674,2652,-0.31993,-3.04362,0.56017,0,10,0,FALLBACK,0.1116,0.100,1.2243,0,none
132.725,2653,-0.31758,-3.25821,0.52091,0,10,0,FALLBACK,0.0761,0.100,1.2246,0,none
132.772,2654,-0.30077,-2.89829,0.57176,0,10,0,FALLBACK,-0.0802,0.100,1.2249,0,none
132.824,2655,-0.30453,-2.92254,0.42254,0,10,0,FALLBACK,0.0414,0.100,1.2252,0,none
132.877,2656,-0.31310,-3.21621,0.53237,0,10,0,FALLBACK,0.1083,0.100,1.2255,0,none
132.925,2657,-0.31920,-2.93340,0.48696,0,10,0,FALLBACK,0.1265,0.100,1.2257,0,none
132.975,2658,-0.31504,-3.08130,0.48657,0,10,0,FALLBACK,0.0544,0.100,1.2259,0,none
133.025,2659,-0.31586,-3.17017,0.55256,0,10,0,FALLBACK,0.0834,0.100,1.2263,0,none
133.075,2660,-0.31499,-3.44233,0.44006,0,10,0,FALLBACK,0.0706,0.100,1.2267,0,none
133.125,2661,-0.31071,-3.47127,0.52663,0,10,0,FALLBACK,0.0322,0.100,1.2271,0,none
133.177,2662,-0.29559,-3.67894,0.52629,0,10,0,FALLBACK,-0.0976,0.100,1.2275,0,none
133.225,2663,-0.29715,-3.72625,0.64245,0,10,0,FALLBACK,-0.0065,0.100,1.2278,0,none
133.276,2664,-0.30406,-3.22646,0.58073,0,10,0,FALLBACK,0.0549,0.100,1.2281,0,none
133.324,2665,-0.31067,-3.06965,0.45516,0,10,0,FALLBACK,0.0864,0.100,1.2284,0,none
133.375,2666,-0.31000,-3.23607,0.44319,0,10,0,FALLBACK,0.0466,0.100,1.2287,0,none
133.426,2667,-0.31363,-3.48734,0.43703,0,10,0,FALLBACK,0.0863,0.100,1.2290,0,none
133.476,2668,-0.31551,-3.07915,0.55602,0,10,0,FALLBACK,0.0869,0.100,1.2294,0,none
133.525,2669,-0.31357,-3.24875,0.48861,0,10,0,FALLBACK,0.0582,0.100,1.2297,0,none
133.577,2670,-0.30394,-3.49641,0.58367,0,10,0,FALLBACK,-0.0285,0.100,1.2301,0,none
133.626,2671,-0.30030,-3.68548,0.60533,0,10,0,FALLBACK,-0.0167,0.100,1.2305,0,none
133.677,2672,-0.29867,-3.37695,0.52514,0,10,0,FALLBACK,-0.0148,0.100,1.2308,0,none
133.728,2673,-0.29791,-3.74614,0.52890,0,10,0,FALLBACK,-0.0143,0.100,1.2312,0,none
133.759,2674,-0.29762,-3.12158,0.46476,0,10,0,FALLBACK,-0.0134,0.100,1.2316,0,none
133.812,2675,-0.29799,-2.96629,0.59372,0,10,0,FALLBACK,-0.0081,0.100,1.2320,0,none
133.861,2676,-0.29703,-3.24800,0.48271,0,10,0,FALLBACK,-0.0197,0.100,1.2323,0,none
133.912,2677,-0.29652,-3.32694,0.52059,0,10,0,FALLBACK,-0.0199,0.100,1.2327,0,none
133.962,2678,-0.29696,-3.49188,0.57492,0,10,0,FALLBACK,-0.0130,0.100,1.2331,0,none
134.012,2679,-0.29755,-3.34396,0.45616,0,10,0,FALLBACK,-0.0093,0.100,1.2334,0,none
134.063,2680,-0.30498,-3.33351,0.37542,0,10,0,FALLBACK,0.0621,0.100,1.2338,0,none
134.113,2681,-0.31158,-3.15277,0.52228,0,10,0,FALLBACK,0.0909,0.100,1.2340,0,none
134.162,2682,-0.31407,-3.38696,0.44806,0,10,0,FALLBACK,0.0828,0.100,1.2342,0,none
134.213,2683,-0.31179,-3.29829,0.50163,0,10,0,FALLBACK,0.0476,0.100,1.2345,0,none
134.264,2684,-0.31143,-3.47702,0.45397,0,10,0,FALLBACK,0.0553,0.100,1.2349,0,none
134.311,2685,-0.30944,-3.49402,0.46247,0,10,0,FALLBACK,0.0372,0.100,1.2352,0,none
134.362,2686,-0.30531,-3.53882,0.49511,0,10,0,FALLBACK,0.0059,0.100,1.2356,0,none
134.413,2687,-0.29985,-3.34163,0.54819,0,10,0,FALLBACK,-0.0281,0.100,1.2359,0,none
134.462,2688,-0.29784,-3.16357,0.53067,0,10,0,FALLBACK,-0.0208,0.100,1.2362,0,none
134.513,2689,-0.29735,-3.57722,0.46256,0,10,0,FALLBACK,-0.0157,0.100,1.2366,0,none
134.563,2690,-0.29752,-3.51547,0.46267,0,10,0,FALLBACK,-0.0116,0.100,1.2369,0,none
134.615,2691,-0.29983,-3.58273,0.58827,0,10,0,FALLBACK,0.0107,0.100,1.2372,0,none
134.663,2692,-0.29438,-3.33691,0.37358,0,10,0,FALLBACK,-0.0554,0.100,1.2375,0,none
134.715,2693,-0.28928,-3.33793,0.55372,0,10,0,FALLBACK,-0.0791,0.100,1.2378,0,none
134.765,2694,-0.28778,-3.56093,0.61334,0,10,0,FALLBACK,-0.0686,0.100,1.2380,0,none
134.816,2695,-0.29342,-3.47939,0.46563,0,10,0,FALLBACK,-0.0047,0.100,1.2383,0,none
134.864,2696,-0.28511,-3.60280,0.41623,0,10,0,FALLBACK,-0.1160,0.100,1.2386,0,none
134.916,2697,-0.27713,-3.70328,0.42606,0,10,0,FALLBACK,-0.1543,0.100,1.2387,0,none
134.966,2698,-0.27571,-3.68884,0.70873,0,10,0,FALLBACK,-0.1285,0.100,1.2387,0,none
135.014,2699,-0.28298,-3.92521,0.74145,0,10,0,FALLBACK,-0.0488,0.100,1.2389,0,none
135.067,2700,-0.28901,-3.40472,0.33906,0,10,0,FALLBACK,-0.0248,0.100,1.2392,0,none
135.115,2701,-0.29577,-3.64362,0.59609,0,10,0,FALLBACK,0.0127,0.100,1.2395,0,none
135.167,2702,-0.30282,-3.24138,0.65907,0,10,0,FALLBACK,0.0494,0.100,1.2398,0,none
135.215,2703,-0.30838,-3.35342,0.38245,0,10,0,FALLBACK,0.0697,0.100,1.2400,0,none
135.267,2704,-0.31217,-3.05392,0.62145,0,10,0,FALLBACK,0.0797,0.100,1.2403,0,none
135.316,2705,-0.31263,-3.53853,0.61457,0,10,0,FALLBACK,0.0655,0.100,1.2405,0,none
135.366,2706,-0.30969,-3.30226,0.45373,0,10,0,FALLBACK,0.0337,0.100,1.2407,0,none
135.418,2707,-0.30119,-3.14652,0.46258,0,10,0,FALLBACK,-0.0366,0.100,1.2410,0,none
135.466,2708,-0.30372,-3.19665,0.44806,0,10,0,FALLBACK,0.0313,0.100,1.2413,0,none
135.517,2709,-0.30818,-3.16624,0.52632,0,10,0,FALLBACK,0.0632,0.100,1.2415,0,none
135.569,2710,-0.31030,-3.12719,0.56980,0,10,0,FALLBACK,0.0621,0.100,1.2417,0,none
135.618,2711,-0.30855,-3.24671,0.57606,0,10,0,FALLBACK,0.0340,0.100,1.2419,0,none
135.667,2712,-0.30639,-3.45592,0.45761,0,10,0,FALLBACK,0.0212,0.100,1.2422,0,none
135.719,2713,-0.30323,-3.60007,0.61749,0,10,0,FALLBACK,0.0004,0.100,1.2425,0,none
135.769,2714,-0.29951,-3.61761,0.71292,0,10,0,FALLBACK,-0.0211,0.100,1.2427,0,none
135.816,2715,-0.29366,-3.48693,0.55418,0,10,0,FALLBACK,-0.0609,0.100,1.2430,0,none
135.867,2716,-0.29741,-3.15613,0.39790,0,10,0,FALLBACK,0.0058,0.100,1.2432,0,none
135.915,2717,-0.30375,-3.41337,0.50695,0,10,0,FALLBACK,0.0504,0.100,1.2434,0,none
135.965,2718,-0.30868,-3.19125,0.50843,0,10,0,FALLBACK,0.0681,0.100,1.2436,0,none
136.018,2719,-0.30853,-3.18434,0.57528,0,10,0,FALLBACK,0.0419,0.100,1.2438,0,none
136.067,2720,-0.31209,-3.31164,0.44554,0,10,0,FALLBACK,0.0783,0.100,1.2440,0,none
136.118,2721,-0.31387,-3.39850,0.58042,0,10,0,FALLBACK,0.0783,0.100,1.2442,0,none
136.166,2722,-0.31191,-3.49663,0.53687,0,10,0,FALLBACK,0.0498,0.100,1.2444,0,none
136.217,2723,-0.30453,-3.51470,0.60960,0,10,0,FALLBACK,-0.0143,0.100,1.2447,0,none
136.267,2724,-0.30258,-3.64093,0.59894,0,10,0,FALLBACK,0.0032,0.100,1.2449,0,none
136.319,2725,-0.30188,-3.75943,0.59678,0,10,0,FALLBACK,0.0059,0.100,1.2451,0,none
136.368,2726,-0.30090,-3.65550,0.57366,0,10,0,FALLBACK,-0.0004,0.100,1.2454,0,none
136.419,2727,-0.29850,-3.68626,0.53945,0,10,0,FALLBACK,-0.0195,0.100,1.2456,0,none
136.468,2728,-0.29950,-3.43437,0.47353,0,10,0,FALLBACK,0.0025,0.100,1.2458,0,none
136.519,2729,-0.30137,-3.46474,0.54709,0,10,0,FALLBACK,0.0162,0.100,1.2461,0,none
136.568,2730,-0.30283,-3.54619,0.56506,0,10,0,FALLBACK,0.0214,0.100,1.2463,0,none
136.618,2731,-0.30387,-3.48176,0.61160,0,10,0,FALLBACK,0.0246,0.100,1.2465,0,none
136.668,2732,-0.30232,-3.41622,0.61143,0,10,0,FALLBACK,0.0038,0.100,1.2467,0,none
136.717,2733,-0.29986,-3.76813,0.55723,0,10,0,FALLBACK,-0.0130,0.100,1.2469,0,none
136.768,2734,-0.29759,-3.78315,0.47224,0,10,0,FALLBACK,-0.0234,0.100,1.2472,0,none
136.818,2735,-0.29501,-3.40046,0.52353,0,10,0,FALLBACK,-0.0378,0.100,1.2474,0,none
136.867,2736,-0.29697,-3.20182,0.66340,0,10,0,FALLBACK,-0.0054,0.100,1.2476,0,none
136.919,2737,-0.30039,-3.79745,0.51163,0,10,0,FALLBACK,0.0191,0.100,1.2478,0,none
136.969,2738,-0.30357,-3.45380,0.49937,0,10,0,FALLBACK,0.0337,0.100,1.2480,0,none
137.019,2739,-0.30503,-3.29949,0.60153,0,10,0,FALLBACK,0.0325,0.100,1.2482,0,none
137.068,2740,-0.30595,-3.40324,0.56194,0,10,0,FALLBACK,0.0343,0.100,1.2484,0,none
137.118,2741,-0.30547,-3.69645,0.51461,0,10,0,FALLBACK,0.0250,0.100,1.2486,0,none
137.170,2742,-0.30359,-3.72463,0.61760,0,10,0,FALLBACK,0.0085,0.100,1.2488,0,none
137.219,2743,-0.30422,-3.49390,0.46783,0,10,0,FALLBACK,0.0242,0.100,1.2490,0,none
137.268,2744,-0.29508,-3.36735,0.34523,0,10,0,FALLBACK,-0.0703,0.100,1.2492,0,none
137.317,2745,-0.28551,-3.28683,0.59929,0,10,0,FALLBACK,-0.1203,0.100,1.2492,0,none
137.369,2746,-0.28048,-3.76040,0.46192,0,10,0,FALLBACK,-0.1227,0.100,1.2493,0,none
137.421,2747,-0.28368,-3.54432,0.53197,0,10,0,FALLBACK,-0.0656,0.100,1.2493,0,none
137.469,2748,-0.28539,-3.62189,0.62983,0,10,0,FALLBACK,-0.0645,0.100,1.2495,0,none
137.521,2749,-0.28915,-3.36569,0.50529,0,10,0,FALLBACK,-0.0355,0.100,1.2497,0,none
137.571,2750,-0.29534,-3.07085,0.52220,0,10,0,FALLBACK,0.0077,0.100,1.2499,0,none
137.622,2751,-0.30059,-3.27219,0.49900,0,10,0,FALLBACK,0.0292,0.100,1.2501,0,none
137.669,2752,-0.31002,-3.01104,0.46012,0,10,0,FALLBACK,0.0973,0.100,1.2502,0,none
137.721,2753,-0.31733,-3.64447,0.58892,0,10,0,FALLBACK,0.1232,0.100,1.2503,0,none
137.770,2754,-0.31936,-3.67109,0.64381,0,10,0,FALLBACK,0.1069,0.100,1.2503,0,none
137.821,2755,-0.31804,-3.25793,0.45296,0,10,0,FALLBACK,0.0836,0.100,1.2503,0,none
137.869,2756,-0.30598,-3.29399,0.46166,0,10,0,FALLBACK,-0.0304,0.100,1.2505,0,none
137.921,2757,-0.29160,-3.58540,0.49651,0,10,0,FALLBACK,-0.1140,0.100,1.2506,0,none
137.971,2758,-0.28070,-3.75135,0.53867,0,10,0,FALLBACK,-0.1510,0.100,1.2506,0,none
138.022,2759,-0.27915,-3.86325,0.62269,0,10,0,FALLBACK,-0.1121,0.100,1.2506,0,none
138.073,2760,-0.27587,-3.68849,0.52497,0,10,0,FALLBACK,-0.1370,0.100,1.2507,0,none
138.121,2761,-0.27709,-3.91872,0.44413,0,10,0,FALLBACK,-0.1085,0.100,1.2508,0,none
138.171,2762,-0.28428,-3.46045,0.61919,0,10,0,FALLBACK,-0.0426,0.100,1.2509,0,none
138.223,2763,-0.29379,-2.91255,0.46146,0,10,0,FALLBACK,0.0165,0.100,1.2511,0,none
138.271,2764,-0.30809,-2.92291,0.42599,0,10,0,FALLBACK,0.1119,0.100,1.2512,0,none
138.322,2765,-0.32011,-2.76213,0.55563,0,10,0,FALLBACK,0.1607,0.100,1.2511,0,none
138.372,2766,-0.32559,-3.35946,0.47272,0,10,0,FALLBACK,0.1554,0.100,1.2510,0,none
138.423,2767,-0.32168,-3.43465,0.62568,0,10,0,FALLBACK,0.0888,0.100,1.2509,0,none
138.473,2768,-0.31675,-3.48520,0.55853,0,10,0,FALLBACK,0.0591,0.100,1.2511,0,none
138.520,2769,-0.30909,-3.30252,0.57950,0,10,0,FALLBACK,0.0072,0.100,1.2513,0,none
138.572,2770,-0.29973,-3.42257,0.45057,0,10,0,FALLBACK,-0.0482,0.100,1.2515,0,none
138.621,2771,-0.29002,-3.61201,0.48817,0,10,0,FALLBACK,-0.0984,0.100,1.2517,0,none
138.671,2772,-0.28664,-3.39843,0.46680,0,10,0,FALLBACK,-0.0837,0.100,1.2517,0,none
138.723,2773,-0.28800,-3.36266,0.51785,0,10,0,FALLBACK,-0.0532,0.100,1.2519,0,none
138.771,2774,-0.29260,-3.50541,0.59399,0,10,0,FALLBACK,-0.0140,0.100,1.2520,0,none
138.823,2775,-0.29505,-3.13800,0.49801,0,10,0,FALLBACK,-0.0125,0.100,1.2522,0,none
138.875,2776,-0.30833,-2.77298,0.64511,0,10,0,FALLBACK,0.1080,0.100,1.2523,0,none
138.923,2777,-0.32105,-2.94695,0.46062,0,10,0,FALLBACK,0.1688,0.100,1.2522,0,none
138.973,2778,-0.32708,-2.63171,0.66507,0,10,0,FALLBACK,0.1655,0.100,1.2520,0,none
139.021,2779,-0.32033,-3.41224,0.46343,0,10,0,FALLBACK,0.0679,0.100,1.2519,0,none
139.073,2780,-0.32014,-3.09351,0.47547,0,10,0,FALLBACK,0.0998,0.100,1.2520,0,none
139.125,2781,-0.31801,-3.62779,0.56835,0,10,0,FALLBACK,0.0794,0.100,1.2522,0,none
139.172,2782,-0.31141,-3.74566,0.59085,0,10,0,FALLBACK,0.0240,0.100,1.2523,0,none
139.225,2783,-0.30030,-3.60559,0.49934,0,10,0,FALLBACK,-0.0540,0.100,1.2525,0,none
139.274,2784,-0.29402,-3.75425,0.58578,0,10,0,FALLBACK,-0.0613,0.100,1.2527,0,none
139.326,2785,-0.29076,-3.68098,0.53078,0,10,0,FALLBACK,-0.0626,0.100,1.2528,0,none
139.375,2786,-0.29034,-3.50126,0.44574,0,10,0,FALLBACK,-0.0504,0.100,1.2529,0,none
139.422,2787,-0.28933,-3.41629,0.50993,0,10,0,FALLBACK,-0.0584,0.100,1.2531,0,none
139.472,2788,-0.29987,-3.13406,0.56156,0,10,0,FALLBACK,0.0521,0.100,1.2532,0,none
139.525,2789,-0.31271,-3.01148,0.53814,0,10,0,FALLBACK,0.1277,0.100,1.2533,0,none
139.574,2790,-0.32226,-2.96520,0.55595,0,10,0,FALLBACK,0.1591,0.100,1.2532,0,none
139.625,2791,-0.32381,-3.44128,0.49008,0,10,0,FALLBACK,0.1268,0.100,1.2530,0,none
139.675,2792,-0.32202,-3.47441,0.57804,0,10,0,FALLBACK,0.1012,0.100,1.2530,0,none
139.725,2793,-0.31500,-3.38878,0.51784,0,10,0,FALLBACK,0.0399,0.100,1.2531,0,none
139.776,2794,-0.30403,-3.46557,0.51019,0,10,0,FALLBACK,-0.0347,0.100,1.2533,0,none
139.828,2795,-0.29498,-3.49663,0.46559,0,10,0,FALLBACK,-0.0704,0.100,1.2535,0,none
139.876,2796,-0.27955,-3.19956,0.48484,0,10,0,FALLBACK,-0.1794,0.100,1.2536,0,none
139.926,2797,-0.26789,-3.66512,0.65807,0,10,0,FALLBACK,-0.2188,0.100,1.2535,0,none
139.975,2798,-0.26520,-3.51751,0.50696,0,10,0,FALLBACK,-0.1874,0.100,1.2531,0,none
140.027,2799,-0.27375,-3.53019,0.61227,0,10,0,FALLBACK,-0.0885,0.100,1.2529,0,none
140.077,2800,-0.28676,-3.39234,0.53524,0,10,0,FALLBACK,-0.0012,0.100,1.2531,0,none
140.125,2801,-0.30240,-3.30076,0.42378,0,10,0,FALLBACK,0.0902,0.100,1.2533,0,none
140.176,2802,-0.31687,-3.17050,0.57827,0,10,0,FALLBACK,0.1566,0.100,1.2533,0,none
140.227,2803,-0.32812,-3.04965,0.52147,0,10,0,FALLBACK,0.1968,0.100,1.2531,0,none
140.278,2804,-0.32606,-3.44706,0.49483,0,10,0,FALLBACK,0.1200,0.100,1.2528,0,none
140.326,2805,-0.31505,-3.88107,0.58617,0,10,0,FALLBACK,0.0202,0.100,1.2528,0,none
140.375,2806,-0.29959,-3.60536,0.52753,0,10,0,FALLBACK,-0.0793,0.100,1.2530,0,none
140.426,2807,-0.28379,-3.45145,0.54584,0,10,0,FALLBACK,-0.1601,0.100,1.2531,0,none
140.477,2808,-0.27525,-3.38057,0.52409,0,10,0,FALLBACK,-0.1665,0.100,1.2530,0,none
140.527,2809,-0.27460,-3.39751,0.41659,0,10,0,FALLBACK,-0.1303,0.100,1.2528,0,none
140.577,2810,-0.28139,-3.38497,0.57200,0,10,0,FALLBACK,-0.0591,0.100,1.2529,0,none
140.625,2811,-0.29184,-3.09739,0.58174,0,10,0,FALLBACK,0.0114,0.100,1.2531,0,none
140.677,2812,-0.30855,-2.87325,0.44371,0,10,0,FALLBACK,0.1263,0.100,1.2532,0,none
140.727,2813,-0.32380,-3.15702,0.58845,0,10,0,FALLBACK,0.1952,0.100,1.2532,0,none
140.778,2814,-0.33211,-3.03771,0.44645,0,10,0,FALLBACK,0.2022,0.100,1.2528,0,none
140.826,2815,-0.32942,-3.21588,0.60292,0,10,0,FALLBACK,0.1336,0.100,1.2525,0,none
140.878,2816,-0.32279,-3.33130,0.56516,0,10,0,FALLBACK,0.0808,0.100,1.2525,0,none
140.929,2817,-0.31107,-3.62678,0.58569,0,10,0,FALLBACK,-0.0032,0.100,1.2528,0,none
140.977,2818,-0.29665,-3.76840,0.48489,0,10,0,FALLBACK,-0.0888,0.100,1.2530,0,none
141.011,2819,-0.28293,-3.68476,0.55102,0,10,0,FALLBACK,-0.1540,0.100,1.2531,0,none
141.061,2820,-0.27642,-3.81236,0.69192,0,10,0,FALLBACK,-0.1504,0.100,1.2528,0,none
141.111,2821,-0.27767,-3.63289,0.50562,0,10,0,FALLBACK,-0.1054,0.100,1.2528,0,none
141.161,2822,-0.28454,-3.34211,0.59619,0,10,0,FALLBACK,-0.0430,0.100,1.2530,0,none
141.213,2823,-0.29070,-3.19397,0.54185,0,10,0,FALLBACK,-0.0157,0.100,1.2532,0,none
141.263,2824,-0.30876,-3.04384,0.58543,0,10,0,FALLBACK,0.1341,0.100,1.2533,0,none
141.311,2825,-0.32453,-2.90892,0.60600,0,10,0,FALLBACK,0.2015,0.100,1.2530,0,none
141.362,2826,-0.33119,-3.01794,0.62077,0,10,0,FALLBACK,0.1893,0.100,1.2525,0,none
141.413,2827,-0.32773,-3.29867,0.63128,0,10,0,FALLBACK,0.1213,0.100,1.2524,0,none
141.462,2828,-0.31944,-3.27683,0.57299,0,10,0,FALLBACK,0.0558,0.100,1.2526,0,none
141.514,2829,-0.30802,-3.63717,0.61461,0,10,0,FALLBACK,-0.0170,0.100,1.2529,0,none
141.564,2830,-0.29627,-3.48296,0.47738,0,10,0,FALLBACK,-0.0774,0.100,1.2530,0,none
141.614,2831,-0.28598,-3.56582,0.57560,0,10,0,FALLBACK,-0.1215,0.100,1.2531,0,none
141.663,2832,-0.28440,-3.36233,0.44147,0,10,0,FALLBACK,-0.0859,0.100,1.2531,0,none
141.714,2833,-0.28806,-3.32077,0.58266,0,10,0,FALLBACK,-0.0414,0.100,1.2532,0,none
141.762,2834,-0.29421,-2.70833,0.62142,0,10,0,FALLBACK,0.0018,0.100,1.2534,0,none
141.812,2835,-0.29586,-3.15026,0.48939,0,10,0,FALLBACK,-0.0125,0.100,1.2535,0,none
141.863,2836,-0.31299,-2.95010,0.40582,0,10,0,FALLBACK,0.1506,0.100,1.2537,0,none
141.915,2837,-0.32803,-3.29797,0.47947,0,10,0,FALLBACK,0.2154,0.100,1.2532,0,none
141.964,2838,-0.33311,-3.03770,0.53856,0,10,0,FALLBACK,0.1909,0.100,1.2527,0,none
142.014,2839,-0.32155,-2.64674,0.48133,0,10,0,FALLBACK,0.0500,0.100,1.2526,0,none
142.064,2840,-0.32589,-3.03756,0.49051,0,10,0,FALLBACK,0.1511,0.100,1.2528,0,none
142.115,2841,-0.32830,-3.28953,0.47081,0,10,0,FALLBACK,0.1535,0.100,1.2527,0,none
142.164,2842,-0.32272,-3.13221,0.64045,0,10,0,FALLBACK,0.0857,0.100,1.2527,0,none
142.214,2843,-0.30206,-3.25338,0.43901,0,10,0,FALLBACK,-0.0929,0.100,1.2528,0,none
142.264,2844,-0.31101,-3.01615,0.58175,0,10,0,FALLBACK,0.0997,0.100,1.2527,0,none
142.313,2845,-0.32308,-2.68465,0.70893,0,10,0,FALLBACK,0.1757,0.100,1.2523,0,none
142.364,2846,-0.32682,-3.11279,0.44624,0,10,0,FALLBACK,0.1528,0.100,1.2519,0,none
142.414,2847,-0.31348,-3.10457,0.51169,0,10,0,FALLBACK,0.0007,0.100,1.2519,0,none
142.465,2848,-0.32075,-3.09791,0.52057,0,10,0,FALLBACK,0.1401,0.100,1.2519,0,none
142.515,2849,-0.32884,-2.81992,0.51696,0,10,0,FALLBACK,0.1847,0.100,1.2519,0,none
142.567,2850,-0.32882,-3.09831,0.60666,0,10,0,FALLBACK,0.1440,0.100,1.2516,0,none
142.615,2851,-0.31228,-3.27701,0.52182,0,10,0,FALLBACK,-0.0213,0.100,1.2516,0,none
142.666,2852,-0.31514,-3.25302,0.32456,0,10,0,FALLBACK,0.0900,0.100,1.2516,0,none
142.715,2853,-0.32023,-3.18324,0.45089,0,10,0,FALLBACK,0.1266,0.100,1.2517,0,none
142.766,2854,-0.31995,-3.07971,0.46218,0,10,0,FALLBACK,0.0983,0.100,1.2516,0,none
142.815,2855,-0.30703,-2.40879,0.60011,0,10,0,FALLBACK,-0.0294,0.100,1.2517,0,none
142.864,2856,-0.31060,-2.48524,0.59099,0,10,0,FALLBACK,0.0708,0.100,1.2517,0,none
142.914,2857,-0.31627,-3.12220,0.63775,0,10,0,FALLBACK,0.1097,0.100,1.2518,0,none
142.966,2858,-0.31746,-2.79786,0.59923,0,10,0,FALLBACK,0.0932,0.100,1.2518,0,none
143.016,2859,-0.30520,-3.10576,0.55613,0,10,0,FALLBACK,-0.0353,0.100,1.2519,0,none
143.068,2860,-0.31356,-3.27638,0.53152,0,10,0,FALLBACK,0.1096,0.100,1.2519,0,none
143.118,2861,-0.32386,-2.83223,0.69056,0,10,0,FALLBACK,0.1709,0.100,1.2518,0,none
143.166,2862,-0.32718,-3.31270,0.53807,0,10,0,FALLBACK,0.1525,0.100,1.2516,0,none
143.216,2863,-0.31500,-3.12507,0.48228,0,10,0,FALLBACK,0.0141,0.100,1.2515,0,none
143.265,2864,-0.31798,-3.15261,0.49376,0,10,0,FALLBACK,0.1048,0.100,1.2516,0,none
143.316,2865,-0.32139,-3.62519,0.59926,0,10,0,FALLBACK,0.1240,0.100,1.2517,0,none
143.366,2866,-0.31915,-3.49149,0.60938,0,10,0,FALLBACK,0.0845,0.100,1.2517,0,none
143.416,2867,-0.30517,-3.67974,0.58611,0,10,0,FALLBACK,-0.0440,0.100,1.2518,0,none
143.467,2868,-0.30653,-3.75051,0.55741,0,10,0,FALLBACK,0.0394,0.100,1.2518,0,none
143.519,2869,-0.31076,-3.10286,0.46892,0,10,0,FALLBACK,0.0750,0.100,1.2519,0,none
143.569,2870,-0.31209,-3.70960,0.56578,0,10,0,FALLBACK,0.0671,0.100,1.2520,0,none
143.619,2871,-0.30487,-3.68531,0.53354,0,10,0,FALLBACK,-0.0118,0.100,1.2521,0,none
143.666,2872,-0.30873,-3.57277,0.50847,0,10,0,FALLBACK,0.0629,0.100,1.2522,0,none
143.716,2873,-0.31344,-3.68861,0.61212,0,10,0,FALLBACK,0.0908,0.100,1.2523,0,none
143.768,2874,-0.31443,-3.52117,0.53532,0,10,0,FALLBACK,0.0771,0.100,1.2524,0,none
143.817,2875,-0.31112,-3.99587,0.52936,0,10,0,FALLBACK,0.0391,0.100,1.2525,0,none
143.866,2876,-0.30479,-3.97741,0.58612,0,10,0,FALLBACK,-0.0077,0.100,1.2526,0,none
143.917,2877,-0.29760,-4.15324,0.71998,0,10,0,FALLBACK,-0.0479,0.100,1.2528,0,none
143.967,2878,-0.29168,-4.03534,0.57445,0,10,0,FALLBACK,-0.0713,0.100,1.2530,0,none
144.019,2879,-0.28948,-4.07395,0.58768,0,10,0,FALLBACK,-0.0636,0.100,1.2531,0,none
144.069,2880,-0.28772,-4.17673,0.70947,0,10,0,FALLBACK,-0.0702,0.100,1.2532,0,none
144.122,2881,-0.28863,-4.37580,0.63889,0,10,0,FALLBACK,-0.0523,0.100,1.2533,0,none
144.172,2882,-0.29251,-3.96423,0.54656,0,10,0,FALLBACK,-0.0181,0.100,1.2535,0,none
144.222,2883,-0.30087,-3.80777,0.59215,0,10,0,FALLBACK,0.0461,0.100,1.2536,0,none
144.272,2884,-0.30179,-4.03553,0.79523,0,10,0,FALLBACK,0.0135,0.100,1.2538,0,none
144.322,2885,-0.30084,-3.96585,0.61765,0,10,0,FALLBACK,-0.0005,0.100,1.2538,0,none
144.372,2886,-0.29886,-3.91031,0.74039,0,10,0,FALLBACK,-0.0156,0.100,1.2540,0,none
144.423,2887,-0.29950,-3.86843,0.55769,0,10,0,FALLBACK,0.0007,0.100,1.2541,0,none
144.473,2888,-0.29487,-3.89293,0.63656,0,10,0,FALLBACK,-0.0489,0.100,1.2543,0,none
144.522,2889,-0.29045,-3.53226,0.57083,0,10,0,FALLBACK,-0.0699,0.100,1.2544,0,none
144.573,2890,-0.28881,-3.59740,0.60338,0,10,0,FALLBACK,-0.0642,0.100,1.2545,0,none
144.625,2891,-0.28991,-3.92668,0.70496,0,10,0,FALLBACK,-0.0449,0.100,1.2546,0,none
144.674,2892,-0.29535,-3.83167,0.65368,0,10,0,FALLBACK,0.0040,0.100,1.2547,0,none
144.724,2893,-0.30208,-3.61872,0.50430,0,10,0,FALLBACK,0.0440,0.100,1.2549,0,none
144.774,2894,-0.30798,-3.81865,0.56786,0,10,0,FALLBACK,0.0694,0.100,1.2550,0,none
144.825,2895,-0.31315,-3.87772,0.50488,0,10,0,FALLBACK,0.0916,0.100,1.2550,0,none
144.873,2896,-0.30998,-3.95025,0.59909,0,10,0,FALLBACK,0.0340,0.100,1.2551,0,none
144.923,2897,-0.30269,-3.84133,0.64897,0,10,0,FALLBACK,-0.0230,0.100,1.2551,0,none
144.973,2898,-0.29448,-3.85984,0.64687,0,10,0,FALLBACK,-0.0687,0.100,1.2553,0,none
145.027,2899,-0.28789,-3.96526,0.65185,0,10,0,FALLBACK,-0.0935,0.100,1.2554,0,none
145.074,2900,-0.28484,-3.76188,0.54819,0,10,0,FALLBACK,-0.0910,0.100,1.2554,0,none
145.124,2901,-0.28616,-3.77870,0.66695,0,10,0,FALLBACK,-0.0626,0.100,1.2555,0,none
145.176,2902,-0.29139,-4.15928,0.48801,0,10,0,FALLBACK,-0.0169,0.100,1.2556,0,none
145.225,2903,-0.30248,-3.65564,0.57578,0,10,0,FALLBACK,0.0679,0.100,1.2557,0,none
145.276,2904,-0.30221,-3.53247,0.40245,0,10,0,FALLBACK,0.0097,0.100,1.2558,0,none
145.327,2905,-0.29828,-3.80507,0.47747,0,10,0,FALLBACK,-0.0283,0.100,1.2558,0,none
145.377,2906,-0.29422,-3.83376,0.60231,0,10,0,FALLBACK,-0.0492,0.100,1.2559,0,none
145.426,2907,-0.29519,-3.63634,0.67350,0,10,0,FALLBACK,-0.0192,0.100,1.2560,0,none
145.478,2908,-0.28725,-3.70502,0.45193,0,10,0,FALLBACK,-0.1035,0.100,1.2561,0,none
145.527,2909,-0.28016,-3.56298,0.47591,0,10,0,FALLBACK,-0.1347,0.100,1.2562,0,none
145.577,2910,-0.27819,-3.27668,0.48287,0,10,0,FALLBACK,-0.1188,0.100,1.2561,0,none
145.626,2911,-0.28808,-3.61335,0.52863,0,10,0,FALLBACK,-0.0102,0.100,1.2561,0,none
145.676,2912,-0.28295,-3.52006,0.52651,0,10,0,FALLBACK,-0.1109,0.100,1.2562,0,none
145.726,2913,-0.27754,-3.36471,0.45731,0,10,0,FALLBACK,-0.1393,0.100,1.2562,0,none
145.776,2914,-0.27745,-3.40378,0.64662,0,10,0,FALLBACK,-0.1132,0.100,1.2561,0,none
145.827,2915,-0.29084,-3.47632,0.56861,0,10,0,FALLBACK,0.0211,0.100,1.2561,0,none
145.861,2916,-0.28217,-3.47680,0.64755,0,10,0,FALLBACK,-0.1324,0.100,1.2561,0,none
145.909,2917,-0.27397,-3.27362,0.60681,0,10,0,FALLBACK,-0.1711,0.100,1.2558,0,none
145.962,2918,-0.27397,-3.85103,0.48007,0,10,0,FALLBACK,-0.1302,0.100,1.2556,0,none
146.013,2919,-0.28807,-3.42271,0.40738,0,10,0,FALLBACK,0.0109,0.100,1.2557,0,none
146.061,2920,-0.27590,-3.93913,0.51703,0,10,0,FALLBACK,-0.1814,0.100,1.2557,0,none
146.113,2921,-0.26474,-3.57351,0.62275,0,10,0,FALLBACK,-0.2321,0.100,1.2551,0,none
146.163,2922,-0.26513,-3.55745,0.55467,0,10,0,FALLBACK,-0.1724,0.100,1.2546,0,none
146.214,2923,-0.28187,-3.72602,0.61149,0,10,0,FALLBACK,-0.0070,0.100,1.2547,0,none
146.262,2924,-0.27109,-3.50577,0.49833,0,10,0,FALLBACK,-0.1984,0.100,1.2547,0,none
146.313,2925,-0.26172,-3.69008,0.64619,0,10,0,FALLBACK,-0.2383,0.100,1.2541,0,none
146.362,2926,-0.26448,-3.77834,0.49855,0,10,0,FALLBACK,-0.1638,0.100,1.2536,0,none
146.414,2927,-0.28270,-3.30059,0.51374,0,10,0,FALLBACK,0.0047,0.100,1.2537,0,none
146.463,2928,-0.27213,-3.23968,0.44818,0,10,0,FALLBACK,-0.1922,0.100,1.2537,0,none
146.514,2929,-0.26248,-3.20128,0.49489,0,10,0,FALLBACK,-0.2358,0.100,1.2531,0,none
146.565,2930,-0.26443,-3.55630,0.40780,0,10,0,FALLBACK,-0.1681,0.100,1.2527,0,none
146.616,2931,-0.28207,-3.10700,0.47095,0,10,0,FALLBACK,-0.0015,0.100,1.2527,0,none
146.664,2932,-0.26965,-3.12655,0.62785,0,10,0,FALLBACK,-0.2138,0.100,1.2527,0,none
146.715,2933,-0.25685,-3.14017,0.47608,0,10,0,FALLBACK,-0.2798,0.100,1.2520,0,none
146.765,2934,-0.25669,-3.62310,0.59185,0,10,0,FALLBACK,-0.2174,0.100,1.2514,0,none
146.815,2935,-0.27336,-3.40669,0.56710,0,10,0,FALLBACK,-0.0498,0.100,1.2512,0,none
146.865,2936,-0.26604,-3.52085,0.61254,0,10,0,FALLBACK,-0.2064,0.100,1.2514,0,none
146.917,2937,-0.25983,-3.55628,0.45701,0,10,0,FALLBACK,-0.2319,0.100,1.2510,0,none
146.963,2938,-0.26469,-3.45349,0.56731,0,10,0,FALLBACK,-0.1523,0.100,1.2507,0,none
147.014,2939,-0.28230,-3.61292,0.66893,0,10,0,FALLBACK,-0.0004,0.100,1.2507,0,none
147.065,2940,-0.27733,-3.69964,0.53031,0,10,0,FALLBACK,-0.1382,0.100,1.2508,0,none
147.115,2941,-0.27146,-3.67435,0.61749,0,10,0,FALLBACK,-0.1720,0.100,1.2507,0,none
147.166,2942,-0.27347,-3.77941,0.51897,0,10,0,FALLBACK,-0.1226,0.100,1.2506,0,none
147.216,2943,-0.28516,-3.79103,0.62247,0,10,0,FALLBACK,-0.0157,0.100,1.2507,0,none
147.266,2944,-0.27545,-3.54499,0.60619,0,10,0,FALLBACK,-0.1713,0.100,1.2508,0,none
147.318,2945,-0.26634,-3.68918,0.54159,0,10,0,FALLBACK,-0.2138,0.100,1.2505,0,none
147.364,2946,-0.26699,-3.49207,0.54488,0,10,0,FALLBACK,-0.1618,0.100,1.2502,0,none
147.417,2947,-0.27845,-3.61937,0.51380,0,10,0,FALLBACK,-0.0504,0.100,1.2502,0,none
147.466,2948,-0.27534,-3.37405,0.53119,0,10,0,FALLBACK,-0.1388,0.100,1.2504,0,none
147.517,2949,-0.27363,-3.42701,0.52375,0,10,0,FALLBACK,-0.1405,0.100,1.2504,0,none
147.568,2950,-0.27890,-3.20868,0.40798,0,10,0,FALLBACK,-0.0792,0.100,1.2504,0,none
147.618,2951,-0.29052,-3.37768,0.65866,0,10,0,FALLBACK,0.0107,0.100,1.2506,0,none
147.667,2952,-0.28734,-3.35192,0.58148,0,10,0,FALLBACK,-0.0792,0.100,1.2507,0,none
147.715,2953,-0.28328,-3.47046,0.56638,0,10,0,FALLBACK,-0.1039,0.100,1.2508,0,none
147.767,2954,-0.28386,-3.51474,0.49394,0,10,0,FALLBACK,-0.0778,0.100,1.2508,0,none
147.816,2955,-0.28946,-3.17926,0.49820,0,10,0,FALLBACK,-0.0247,0.100,1.2510,0,none
147.867,2956,-0.27578,-3.61739,0.61259,0,10,0,FALLBACK,-0.1895,0.100,1.2512,0,none
147.917,2957,-0.26396,-3.67185,0.48573,0,10,0,FALLBACK,-0.2393,0.100,1.2507,0,none
147.965,2958,-0.27931,-3.48210,0.45543,0,10,0,FALLBACK,-0.0267,0.100,1.2503,0,none
148.019,2959,-0.27126,-3.75206,0.59343,0,10,0,FALLBACK,-0.1839,0.100,1.2501,0,none
148.066,2960,-0.26292,-3.97096,0.55942,0,10,0,FALLBACK,-0.2271,0.100,1.2499,0,none
148.118,2961,-0.26465,-3.76893,0.74862,0,10,0,FALLBACK,-0.1682,0.100,1.2496,0,none
148.167,2962,-0.29428,-3.86571,0.54972,0,10,0,FALLBACK,0.1195,0.100,1.2496,0,none
148.220,2963,-0.29205,-3.42894,0.54912,0,10,0,FALLBACK,-0.0508,0.100,1.2488,0,none
148.267,2964,-0.28202,-3.72694,0.57768,0,10,0,FALLBACK,-0.1400,0.100,1.2486,0,none
148.319,2965,-0.27681,-3.82896,0.47745,0,10,0,FALLBACK,-0.1420,0.100,1.2486,0,none
148.369,2966,-0.28995,-3.66318,0.62919,0,10,0,FALLBACK,0.0155,0.100,1.2486,0,none
148.418,2967,-0.28605,-3.66463,0.58029,0,10,0,FALLBACK,-0.0892,0.100,1.2486,0,none
148.467,2968,-0.28036,-3.32633,0.40994,0,10,0,FALLBACK,-0.1267,0.100,1.2486,0,none
148.519,2969,-0.27985,-3.59034,0.42571,0,10,0,FALLBACK,-0.1033,0.100,1.2487,0,none
148.567,2970,-0.29219,-3.47662,0.54849,0,10,0,FALLBACK,0.0226,0.100,1.2488,0,none
148.618,2971,-0.29366,-3.37439,0.47605,0,10,0,FALLBACK,-0.0244,0.100,1.2489,0,none
148.668,2972,-0.29292,-3.72968,0.61756,0,10,0,FALLBACK,-0.0391,0.100,1.2490,0,none
148.719,2973,-0.29366,-3.86049,0.58849,0,10,0,FALLBACK,-0.0280,0.100,1.2492,0,none
148.769,2974,-0.30349,-3.68281,0.44534,0,10,0,FALLBACK,0.0666,0.100,1.2494,0,none
148.823,2975,-0.29891,-3.62959,0.49483,0,10,0,FALLBACK,-0.0283,0.100,1.2495,0,none
148.869,2976,-0.29107,-3.64912,0.71472,0,10,0,FALLBACK,-0.0838,0.100,1.2495,0,none
148.921,2977,-0.28589,-3.77190,0.63284,0,10,0,FALLBACK,-0.0964,0.100,1.2496,0,none
148.970,2978,-0.29343,-3.79871,0.49823,0,10,0,FALLBACK,0.0049,0.100,1.2497,0,none
149.019,2979,-0.28769,-3.85008,0.55436,0,10,0,FALLBACK,-0.0902,0.100,1.2499,0,none
149.070,2980,-0.28128,-4.02652,0.69596,0,10,0,FALLBACK,-0.1257,0.100,1.2499,0,none
149.120,2981,-0.28007,-4.35880,0.56613,0,10,0,FALLBACK,-0.1057,0.100,1.2499,0,none
149.171,2982,-0.28707,-3.68385,0.46087,0,10,0,FALLBACK,-0.0297,0.100,1.2500,0,none
149.221,2983,-0.29303,-3.88802,0.73405,0,10,0,FALLBACK,-0.0050,0.100,1.2502,0,none
149.271,2984,-0.29910,-3.71674,0.51387,0,10,0,FALLBACK,0.0258,0.100,1.2504,0,none
149.321,2985,-0.30471,-3.42564,0.47177,0,10,0,FALLBACK,0.0516,0.100,1.2505,0,none
149.370,2986,-0.30623,-3.48448,0.56028,0,10,0,FALLBACK,0.0388,0.100,1.2507,0,none
149.421,2987,-0.31114,-3.77543,0.47958,0,10,0,FALLBACK,0.0803,0.100,1.2508,0,none
149.472,2988,-0.31411,-3.51778,0.55058,0,10,0,FALLBACK,0.0854,0.100,1.2510,0,none
149.520,2989,-0.31383,-3.49601,0.47168,0,10,0,FALLBACK,0.0677,0.100,1.2511,0,none
149.572,2990,-0.30881,-3.33241,0.53089,0,10,0,FALLBACK,0.0189,0.100,1.2512,0,none
149.621,2991,-0.30307,-3.92723,0.57241,0,10,0,FALLBACK,-0.0133,0.100,1.2514,0,none
149.671,2992,-0.29739,-3.52086,0.55663,0,10,0,FALLBACK,-0.0414,0.100,1.2516,0,none
149.721,2993,-0.29293,-3.73736,0.67081,0,10,0,FALLBACK,-0.0577,0.100,1.2517,0,none
149.771,2994,-0.28961,-3.57377,0.69401,0,10,0,FALLBACK,-0.0686,0.100,1.2519,0,none
149.821,2995,-0.29128,-3.32898,0.61271,0,10,0,FALLBACK,-0.0352,0.100,1.2520,0,none
149.871,2996,-0.29578,-3.87266,0.58853,0,10,0,FALLBACK,0.0013,0.100,1.2522,0,none
149.922,2997,-0.30110,-3.91823,0.60326,0,10,0,FALLBACK,0.0322,0.100,1.2523,0,none
149.971,2998,-0.30182,-3.81170,0.57152,0,10,0,FALLBACK,0.0127,0.100,1.2525,0,none
150.021,2999,-0.30889,-3.70185,0.65253,0,10,0,FALLBACK,0.0798,0.100,1.2526,0,none
150.071,3000,-0.31504,-3.51840,0.57653,0,10,0,FALLBACK,0.1059,0.100,1.2527,0,none
150.122,3001,-0.31680,-3.84762,0.63384,0,10,0,FALLBACK,0.0928,0.100,1.2527,0,none
150.172,3002,-0.31090,-3.79430,0.55306,0,10,0,FALLBACK,0.0250,0.100,1.2528,0,none
150.223,3003,-0.30729,-4.25036,0.63980,0,10,0,FALLBACK,0.0184,0.100,1.2529,0,none
150.271,3004,-0.30352,-3.79448,0.55835,0,10,0,FALLBACK,-0.0013,0.100,1.2531,0,none
150.323,3005,-0.29925,-3.91215,0.73171,0,10,0,FALLBACK,-0.0251,0.100,1.2533,0,none
150.370,3006,-0.29155,-3.68913,0.62471,0,10,0,FALLBACK,-0.0807,0.100,1.2534,0,none
150.422,3007,-0.29372,-3.60521,0.43250,0,10,0,FALLBACK,-0.0205,0.100,1.2535,0,none
150.472,3008,-0.29958,-3.55960,0.48174,0,10,0,FALLBACK,0.0272,0.100,1.2536,0,none
150.522,3009,-0.30535,-3.69756,0.60995,0,10,0,FALLBACK,0.0556,0.100,1.2537,0,none
150.572,3010,-0.30058,-3.18884,0.55793,0,10,0,FALLBACK,-0.0210,0.100,1.2538,0,none
150.622,3011,-0.31127,-2.81959,0.66183,0,10,0,FALLBACK,0.1098,0.100,1.2539,0,none
150.675,3012,-0.32268,-3.31670,0.46780,0,10,0,FALLBACK,0.1704,0.100,1.2538,0,none
150.724,3013,-0.32725,-3.11101,0.58269,0,10,0,FALLBACK,0.1591,0.100,1.2535,0,none
150.773,3014,-0.31593,-3.29112,0.46047,0,10,0,FALLBACK,0.0231,0.100,1.2534,0,none
150.824,3015,-0.31371,-3.57915,0.56989,0,10,0,FALLBACK,0.0574,0.100,1.2535,0,none
150.873,3016,-0.31164,-3.57487,0.61099,0,10,0,FALLBACK,0.0478,0.100,1.2537,0,none
150.925,3017,-0.30730,-3.60184,0.71547,0,10,0,FALLBACK,0.0148,0.100,1.2538,0,none
150.974,3018,-0.29247,-3.53547,0.56880,0,10,0,FALLBACK,-0.1118,0.100,1.2540,0,none
151.024,3019,-0.29498,-3.65643,0.55780,0,10,0,FALLBACK,-0.0125,0.100,1.2540,0,none
151.074,3020,-0.30342,-3.10079,0.46643,0,10,0,FALLBACK,0.0593,0.100,1.2539,0,none
151.126,3021,-0.31136,-2.72021,0.74633,0,10,0,FALLBACK,0.0964,0.100,1.2539,0,none
151.176,3022,-0.30068,-3.20266,0.49116,0,10,0,FALLBACK,-0.0500,0.100,1.2539,0,none
151.226,3023,-0.31651,-3.11782,0.39937,0,10,0,FALLBACK,0.1617,0.100,1.2539,0,none
151.277,3024,-0.33522,-2.95111,0.47651,0,10,0,FALLBACK,0.2697,0.100,1.2536,0,none
151.327,3025,-0.34503,-2.46705,0.66879,0,10,0,FALLBACK,0.2742,0.100,1.2527,0,none
151.361,3026,-0.32619,-3.38882,0.57630,0,10,0,FALLBACK,0.0367,0.100,1.2520,0,none
151.409,3027,-0.33059,-2.70534,0.49639,0,10,0,FALLBACK,0.1750,0.100,1.2520,0,none
151.461,3028,-0.33445,-3.07620,0.40366,0,10,0,FALLBACK,0.1915,0.100,1.2518,0,none
151.513,3029,-0.32855,-3.30934,0.56609,0,10,0,FALLBACK,0.1133,0.100,1.2515,0,none
151.561,3030,-0.30382,-3.49148,0.61812,0,10,0,FALLBACK,-0.1046,0.100,1.2517,0,none
151.613,3031,-0.30286,-3.36621,0.45460,0,10,0,FALLBACK,0.0095,0.100,1.2514,0,none
151.661,3032,-0.30763,-3.39766,0.62651,0,10,0,FALLBACK,0.0620,0.100,1.2515,0,none
151.713,3033,-0.30957,-3.31087,0.38187,0,10,0,FALLBACK,0.0575,0.100,1.2515,0,none
151.764,3034,-0.30441,-3.35163,0.57939,0,10,0,FALLBACK,-0.0038,0.100,1.2516,0,none
151.812,3035,-0.30528,-3.47581,0.58583,0,10,0,FALLBACK,0.0307,0.100,1.2518,0,none
151.863,3036,-0.30658,-3.70287,0.59829,0,10,0,FALLBACK,0.0394,0.100,1.2520,0,none
151.915,3037,-0.30599,-3.60993,0.49456,0,10,0,FALLBACK,0.0270,0.100,1.2521,0,none
151.965,3038,-0.30784,-3.70720,0.73022,0,10,0,FALLBACK,0.0484,0.100,1.2523,0,none
152.012,3039,-0.29972,-3.99045,0.57868,0,10,0,FALLBACK,-0.0420,0.100,1.2524,0,none
152.063,3040,-0.29079,-3.82812,0.47287,0,10,0,FALLBACK,-0.0907,0.100,1.2525,0,none
152.114,3041,-0.28567,-3.69357,0.47742,0,10,0,FALLBACK,-0.0972,0.100,1.2525,0,none
152.165,3042,-0.29246,-3.89886,0.55942,0,10,0,FALLBACK,-0.0038,0.100,1.2526,0,none
152.214,3043,-0.28755,-3.71573,0.52411,0,10,0,FALLBACK,-0.0868,0.100,1.2527,0,none
152.265,3044,-0.28234,-3.66494,0.57194,0,10,0,FALLBACK,-0.1143,0.100,1.2527,0,none
152.314,3045,-0.28199,-3.70734,0.62927,0,10,0,FALLBACK,-0.0918,0.100,1.2528,0,none
152.364,3046,-0.28717,-3.95086,0.48669,0,10,0,FALLBACK,-0.0382,0.100,1.2529,0,none
152.415,3047,-0.29515,-3.67744,0.55649,0,10,0,FALLBACK,0.0156,0.100,1.2530,0,none
152.465,3048,-0.30366,-3.42426,0.65615,0,10,0,FALLBACK,0.0608,0.100,1.2532,0,none
152.515,3049,-0.31040,-3.45615,0.49797,0,10,0,FALLBACK,0.0857,0.100,1.2533,0,none
152.565,3050,-0.31895,-3.47044,0.46128,0,10,0,FALLBACK,0.1375,0.100,1.2533,0,none
152.614,3051,-0.31196,-3.85594,0.59309,0,10,0,FALLBACK,0.0249,0.100,1.2532,0,none
152.665,3052,-0.29927,-3.51874,0.47611,0,10,0,FALLBACK,-0.0672,0.100,1.2533,0,none
152.715,3053,-0.28756,-3.67480,0.46027,0,10,0,FALLBACK,-0.1208,0.100,1.2533,0,none
152.765,3054,-0.28159,-3.72463,0.60250,0,10,0,FALLBACK,-0.1218,0.100,1.2533,0,none
152.816,3055,-0.27934,-3.70893,0.58765,0,10,0,FALLBACK,-0.1145,0.100,1.2534,0,none
152.868,3056,-0.28232,-3.95349,0.76134,0,10,0,FALLBACK,-0.0736,0.100,1.2535,0,none
152.915,3057,-0.28980,-3.55771,0.43634,0,10,0,FALLBACK,-0.0136,0.100,1.2536,0,none
152.968,3058,-0.29526,-3.12944,0.85476,0,10,0,FALLBACK,0.0036,0.100,1.2538,0,none
153.016,3059,-0.30950,-3.26661,0.46813,0,10,0,FALLBACK,0.1188,0.100,1.2539,0,none
153.069,3060,-0.32230,-3.25661,0.51488,0,10,0,FALLBACK,0.1755,0.100,1.2538,0,none
153.117,3061,-0.32803,-3.27625,0.71454,0,10,0,FALLBACK,0.1688,0.100,1.2535,0,none
153.168,3062,-0.32212,-3.62924,0.60936,0,10,0,FALLBACK,0.0811,0.100,1.2534,0,none
153.218,3063,-0.31646,-3.72251,0.60723,0,10,0,FALLBACK,0.0540,0.100,1.2535,0,none
153.269,3064,-0.30856,-3.70420,0.56462,0,10,0,FALLBACK,0.0033,0.100,1.2537,0,none
153.318,3065,-0.29922,-4.00512,0.56818,0,10,0,FALLBACK,-0.0506,0.100,1.2539,0,none
153.367,3066,-0.28705,-3.91539,0.51705,0,10,0,FALLBACK,-0.1256,0.100,1.2540,0,none
153.417,3067,-0.28642,-3.56863,0.53526,0,10,0,FALLBACK,-0.0711,0.100,1.2540,0,none
153.469,3068,-0.29177,-3.36625,0.48183,0,10,0,FALLBACK,-0.0144,0.100,1.2541,0,none
153.519,3069,-0.29915,-3.50667,0.51113,0,10,0,FALLBACK,0.0326,0.100,1.2542,0,none
153.568,3070,-0.30747,-3.66099,0.44595,0,10,0,FALLBACK,0.0790,0.100,1.2543,0,none
153.617,3071,-0.31008,-3.82027,0.59695,0,10,0,FALLBACK,0.0635,0.100,1.2543,0,none
153.667,3072,-0.30885,-3.41642,0.41692,0,10,0,FALLBACK,0.0381,0.100,1.2544,0,none
153.717,3073,-0.30519,-3.62744,0.60696,0,10,0,FALLBACK,0.0076,0.100,1.2546,0,none
153.768,3074,-0.30660,-3.31069,0.50547,0,10,0,FALLBACK,0.0401,0.100,1.2547,0,none
153.818,3075,-0.29421,-3.33177,0.53355,0,10,0,FALLBACK,-0.0909,0.100,1.2549,0,none
153.868,3076,-0.28088,-3.83917,0.60551,0,10,0,FALLBACK,-0.1623,0.100,1.2547,0,none
153.919,3077,-0.27360,-3.53699,0.58909,0,10,0,FALLBACK,-0.1684,0.100,1.2546,0,none
153.969,3078,-0.27595,-3.71509,0.57162,0,10,0,FALLBACK,-0.1085,0.100,1.2545,0,none
154.018,3079,-0.28223,-3.78112,0.54590,0,10,0,FALLBACK,-0.0574,0.100,1.2546,0,none
154.068,3080,-0.29207,-3.86526,0.50669,0,10,0,FALLBACK,0.0095,0.100,1.2547,0,none
154.119,3081,-0.30308,-3.91795,0.57640,0,10,0,FALLBACK,0.0705,0.100,1.2549,0,none
154.168,3082,-0.32035,-3.80439,0.69626,0,10,0,FALLBACK,0.1881,0.100,1.2549,0,none
154.218,3083,-0.31451,-3.63280,0.55316,0,10,0,FALLBACK,0.0434,0.100,1.2545,0,none
154.268,3084,-0.30011,-3.79222,0.61166,0,10,0,FALLBACK,-0.0715,0.100,1.2543,0,none
154.317,3085,-0.28644,-3.76265,0.71437,0,10,0,FALLBACK,-0.1362,0.100,1.2544,0,none
154.369,3086,-0.28852,-3.44072,0.59219,0,10,0,FALLBACK,-0.0469,0.100,1.2543,0,none
154.420,3087,-0.27266,-3.47692,0.50822,0,10,0,FALLBACK,-0.2160,0.100,1.2544,0,none
154.469,3088,-0.25922,-3.50515,0.45953,0,10,0,FALLBACK,-0.2711,0.100,1.2538,0,none
154.519,3089,-0.25782,-3.61682,0.47148,0,10,0,FALLBACK,-0.2179,0.100,1.2532,0,none
154.569,3090,-0.28127,-3.55952,0.53362,0,10,0,FALLBACK,0.0236,0.100,1.2531,0,none
154.620,3091,-0.28183,-3.87561,0.76551,0,10,0,FALLBACK,-0.0880,0.100,1.2528,0,none
154.671,3092,-0.27902,-3.40220,0.60755,0,10,0,FALLBACK,-0.1190,0.100,1.2529,0,none
154.719,3093,-0.28131,-3.59535,0.41831,0,10,0,FALLBACK,-0.0820,0.100,1.2529,0,none
154.770,3094,-0.30216,-3.83855,0.54647,0,10,0,FALLBACK,0.1151,0.100,1.2530,0,none
154.819,3095,-0.29284,-3.53678,0.56576,0,10,0,FALLBACK,-0.0824,0.100,1.2526,0,none
154.870,3096,-0.27756,-3.71935,0.45102,0,10,0,FALLBACK,-0.1885,0.100,1.2522,0,none
154.919,3097,-0.26914,-3.78823,0.55910,0,10,0,FALLBACK,-0.1964,0.100,1.2519,0,none
154.971,3098,-0.28600,-3.94405,0.64965,0,10,0,FALLBACK,0.0143,0.100,1.2517,0,none
155.023,3099,-0.27189,-3.68727,0.56145,0,10,0,FALLBACK,-0.2111,0.100,1.2515,0,none
155.070,3100,-0.25637,-3.66153,0.53624,0,10,0,FALLBACK,-0.2958,0.100,1.2508,0,none
155.120,3101,-0.25352,-3.44428,0.61549,0,10,0,FALLBACK,-0.2466,0.100,1.2500,0,none
155.171,3102,-0.27967,-3.86740,0.54034,0,10,0,FALLBACK,0.0290,0.100,1.2498,0,none
155.221,3103,-0.27542,-3.55826,0.47505,0,10,0,FALLBACK,-0.1442,0.100,1.2494,0,none
155.271,3104,-0.26740,-3.52852,0.52402,0,10,0,FALLBACK,-0.2031,0.100,1.2492,0,none
155.323,3105,-0.26807,-3.57419,0.55243,0,10,0,FALLBACK,-0.1563,0.100,1.2489,0,none
155.373,3106,-0.29021,-3.34922,0.45611,0,10,0,FALLBACK,0.0617,0.100,1.2490,0,none
155.423,3107,-0.28589,-3.72052,0.56789,0,10,0,FALLBACK,-0.0921,0.100,1.2487,0,none
155.472,3108,-0.27710,-3.34983,0.44878,0,10,0,FALLBACK,-0.1584,0.100,1.2486,0,none
155.522,3109,-0.27462,-3.53407,0.54341,0,10,0,FALLBACK,-0.1393,0.100,1.2485,0,none
155.570,3110,-0.29581,-3.40144,0.57025,0,10,0,FALLBACK,0.0850,0.100,1.2485,0,none
155.622,3111,-0.27889,-3.38165,0.66542,0,10,0,FALLBACK,-0.1901,0.100,1.2482,0,none
155.671,3112,-0.25769,-3.13278,0.50185,0,10,0,FALLBACK,-0.3175,0.100,1.2472,0,none
155.724,3113,-0.24939,-3.31152,0.61829,0,10,0,FALLBACK,-0.2946,0.100,1.2462,0,none
155.772,3114,-0.26833,-3.52708,0.55922,0,10,0,FALLBACK,-0.0636,0.100,1.2457,0,none
155.823,3115,-0.26739,-3.38466,0.47239,0,10,0,FALLBACK,-0.1678,0.100,1.2457,0,none
155.874,3116,-0.26676,-3.89392,0.58847,0,10,0,FALLBACK,-0.1694,0.100,1.2458,0,none
155.925,3117,-0.27429,-3.70475,0.54813,0,10,0,FALLBACK,-0.0909,0.100,1.2458,0,none
155.974,3118,-0.30073,-3.66721,0.61838,0,10,0,FALLBACK,0.1359,0.100,1.2460,0,none
156.024,3119,-0.29556,-3.65803,0.43880,0,10,0,FALLBACK,-0.0481,0.100,1.2455,0,none
156.073,3120,-0.28282,-3.91782,0.56613,0,10,0,FALLBACK,-0.1496,0.100,1.2453,0,none
156.123,3121,-0.27517,-3.94556,0.58196,0,10,0,FALLBACK,-0.1624,0.100,1.2452,0,none
156.174,3122,-0.28330,-3.49818,0.44919,0,10,0,FALLBACK,-0.0429,0.100,1.2452,0,none
156.225,3123,-0.27734,-3.70383,0.53405,0,10,0,FALLBACK,-0.1431,0.100,1.2454,0,none
156.273,3124,-0.27251,-3.93199,0.63738,0,10,0,FALLBACK,-0.1616,0.100,1.2454,0,none
156.325,3125,-0.27510,-3.84577,0.49832,0,10,0,FALLBACK,-0.1115,0.100,1.2454,0,none
156.375,3126,-0.28867,-3.92297,0.67826,0,10,0,FALLBACK,0.0111,0.100,1.2455,0,none
156.424,3127,-0.29617,-3.72271,0.44577,0,10,0,FALLBACK,0.0183,0.100,1.2457,0,none
156.473,3128,-0.30193,-2.89686,0.42769,0,10,0,FALLBACK,0.0384,0.100,1.2459,0,none
156.524,3129,-0.30645,-3.46548,0.57640,0,10,0,FALLBACK,0.0548,0.100,1.2461,0,none
156.574,3130,-0.31645,-3.58496,0.44695,0,10,0,FALLBACK,0.1323,0.100,1.2463,0,none
156.624,3131,-0.30418,-3.88135,0.55115,0,10,0,FALLBACK,-0.0404,0.100,1.2463,0,none
156.676,3132,-0.28576,-3.77186,0.49322,0,10,0,FALLBACK,-0.1633,0.100,1.2462,0,none
156.727,3133,-0.27070,-3.51527,0.48946,0,10,0,FALLBACK,-0.2218,0.100,1.2461,0,none
156.775,3134,-0.27558,-3.56425,0.64536,0,10,0,FALLBACK,-0.0977,0.100,1.2458,0,none
156.826,3135,-0.26078,-3.52114,0.44290,0,10,0,FALLBACK,-0.2701,0.100,1.2457,0,none
156.875,3136,-0.24956,-3.59515,0.46270,0,10,0,FALLBACK,-0.3083,0.100,1.2455,0,none
156.925,3137,-0.25144,-3.65189,0.51297,0,10,0,FALLBACK,-0.2334,0.100,1.2447,0,none
156.975,3138,-0.27477,-4.05655,0.61995,0,10,0,FALLBACK,-0.0095,0.100,1.2445,0,none
157.026,3139,-0.28701,-3.91231,0.72768,0,10,0,FALLBACK,-0.0038,0.100,1.2447,0,none
157.076,3140,-0.29704,-4.12225,0.80355,0,10,0,FALLBACK,0.0354,0.100,1.2448,0,none
157.127,3141,-0.30638,-4.05487,0.63431,0,10,0,FALLBACK,0.0786,0.100,1.2450,0,none
157.176,3142,-0.32108,-3.86692,0.48400,0,10,0,FALLBACK,0.1789,0.100,1.2452,0,none
157.228,3143,-0.31241,-3.75926,0.63010,0,10,0,FALLBACK,0.0187,0.100,1.2451,0,none
157.278,3144,-0.29530,-3.86931,0.68704,0,10,0,FALLBACK,-0.1091,0.100,1.2449,0,none
157.327,3145,-0.27875,-3.58181,0.45630,0,10,0,FALLBACK,-0.1890,0.100,1.2451,0,none
157.377,3146,-0.27292,-3.89393,0.48045,0,10,0,FALLBACK,-0.1646,0.100,1.2449,0,none
157.412,3147,-0.26538,-3.50911,0.49619,0,10,0,FALLBACK,-0.2108,0.100,1.2448,0,none
157.461,3148,-0.26558,-3.15993,0.49292,0,10,0,FALLBACK,-0.1710,0.100,1.2447,0,none
157.511,3149,-0.27473,-3.78421,0.50965,0,10,0,FALLBACK,-0.0806,0.100,1.2448,0,none
157.562,3150,-0.29240,-3.35540,0.43892,0,10,0,FALLBACK,0.0504,0.100,1.2451,0,none
157.612,3151,-0.30110,-3.61842,0.62930,0,10,0,FALLBACK,0.0490,0.100,1.2452,0,none
157.662,3152,-0.30578,-3.44268,0.66747,0,10,0,FALLBACK,0.0522,0.100,1.2453,0,none
157.711,3153,-0.30842,-3.53088,0.46614,0,10,0,FALLBACK,0.0553,0.100,1.2456,0,none
157.763,3154,-0.31556,-3.51334,0.45475,0,10,0,FALLBACK,0.1135,0.100,1.2458,0,none
157.812,3155,-0.30139,-3.50702,0.58728,0,10,0,FALLBACK,-0.0639,0.100,1.2458,0,none
157.863,3156,-0.28462,-3.62771,0.48277,0,10,0,FALLBACK,-0.1608,0.100,1.2457,0,none
157.913,3157,-0.27471,-3.85686,0.50610,0,10,0,FALLBACK,-0.1760,0.100,1.2456,0,none
157.966,3158,-0.27604,-4.21069,0.40201,0,10,0,FALLBACK,-0.1131,0.100,1.2455,0,none
158.013,3159,-0.27754,-4.22770,0.64676,0,10,0,FALLBACK,-0.1048,0.100,1.2457,0,none
158.065,3160,-0.28298,-3.74024,0.57442,0,10,0,FALLBACK,-0.0579,0.100,1.2459,0,none
158.113,3161,-0.29226,-4.03422,0.61337,0,10,0,FALLBACK,0.0077,0.100,1.2462,0,none
158.166,3162,-0.31052,-4.11246,0.66947,0,10,0,FALLBACK,0.1439,0.100,1.2464,0,none
158.215,3163,-0.30654,-3.68828,0.60256,0,10,0,FALLBACK,0.0128,0.100,1.2462,0,none
158.267,3164,-0.29555,-3.62374,0.51224,0,10,0,FALLBACK,-0.0771,0.100,1.2461,0,none
158.316,3165,-0.28632,-3.86441,0.69654,0,10,0,FALLBACK,-0.1146,0.100,1.2463,0,none
158.365,3166,-0.29061,-3.80853,0.50568,0,10,0,FALLBACK,-0.0255,0.100,1.2464,0,none
158.419,3167,-0.27716,-4.09535,0.78699,0,10,0,FALLBACK,-0.1815,0.100,1.2465,0,none
158.466,3168,-0.26504,-3.87274,0.63885,0,10,0,FALLBACK,-0.2354,0.100,1.2462,0,none
158.517,3169,-0.26315,-3.82535,0.42365,0,10,0,FALLBACK,-0.1936,0.100,1.2459,0,none
158.569,3170,-0.27630,-3.94265,0.61915,0,10,0,FALLBACK,-0.0528,0.100,1.2459,0,none
158.618,3171,-0.28493,-3.78157,0.48106,0,10,0,FALLBACK,-0.0322,0.100,1.2461,0,none
158.668,3172,-0.29373,-3.59510,0.56384,0,10,0,FALLBACK,0.0127,0.100,1.2464,0,none
158.717,3173,-0.30308,-3.79707,0.61504,0,10,0,FALLBACK,0.0621,0.100,1.2466,0,none
158.767,3174,-0.31456,-4.08009,0.68002,0,10,0,FALLBACK,0.1302,0.100,1.2467,0,none
158.817,3175,-0.31286,-3.79136,0.60640,0,10,0,FALLBACK,0.0559,0.100,1.2467,0,none
158.868,3176,-0.30519,-4.07976,0.51924,0,10,0,FALLBACK,-0.0124,0.100,1.2468,0,none
158.918,3177,-0.29651,-4.15481,0.55542,0,10,0,FALLBACK,-0.0608,0.100,1.2470,0,none
158.967,3178,-0.29027,-4.09180,0.69745,0,10,0,FALLBACK,-0.0798,0.100,1.2472,0,none
159.018,3179,-0.28606,-4.15306,0.55514,0,10,0,FALLBACK,-0.0907,0.100,1.2474,0,none
159.068,3180,-0.28560,-3.63998,0.61509,0,10,0,FALLBACK,-0.0743,0.100,1.2475,0,none
159.118,3181,-0.28896,-3.78186,0.61141,0,10,0,FALLBACK,-0.0384,0.100,1.2477,0,none
159.168,3182,-0.29031,-3.64793,0.55278,0,10,0,FALLBACK,-0.0417,0.100,1.2479,0,none
159.220,3183,-0.30521,-3.45540,0.52330,0,10,0,FALLBACK,0.1006,0.100,1.2481,0,none
159.269,3184,-0.32068,-3.50233,0.61230,0,10,0,FALLBACK,0.1807,0.100,1.2480,0,none
159.319,3185,-0.32930,-3.24615,0.54771,0,10,0,FALLBACK,0.1896,0.100,1.2477,0,none
159.369,3186,-0.32899,-3.48468,0.60310,0,10,0,FALLBACK,0.1434,0.100,1.2476,0,none
159.419,3187,-0.32009,-3.87769,0.57709,0,10,0,FALLBACK,0.0559,0.100,1.2477,0,none
159.467,3188,-0.30636,-3.90983,0.47383,0,10,0,FALLBACK,-0.0368,0.100,1.2479,0,none
159.519,3189,-0.29223,-3.55829,0.53857,0,10,0,FALLBACK,-0.1095,0.100,1.2481,0,none
159.571,3190,-0.27921,-3.40359,0.55867,0,10,0,FALLBACK,-0.1690,0.100,1.2482,0,none
159.620,3191,-0.27813,-3.99755,0.78311,0,10,0,FALLBACK,-0.1147,0.100,1.2481,0,none
159.669,3192,-0.28477,-3.67098,0.53198,0,10,0,FALLBACK,-0.0430,0.100,1.2482,0,none
159.723,3193,-0.29505,-3.70827,0.62814,0,10,0,FALLBACK,0.0267,0.100,1.2484,0,none
159.773,3194,-0.30805,-3.74078,0.67567,0,10,0,FALLBACK,0.1053,0.100,1.2487,0,none
159.822,3195,-0.31540,-3.55165,0.47186,0,10,0,FALLBACK,0.1137,0.100,1.2488,0,none
159.870,3196,-0.31787,-4.14804,0.51083,0,10,0,FALLBACK,0.1017,0.100,1.2487,0,none
159.921,3197,-0.31496,-3.89603,0.62298,0,10,0,FALLBACK,0.0602,0.100,1.2488,0,none
159.971,3198,-0.31043,-4.24590,0.65368,0,10,0,FALLBACK,0.0295,0.100,1.2490,0,none
160.021,3199,-0.29786,-3.87829,0.59989,0,10,0,FALLBACK,-0.0736,0.100,1.2492,0,none
160.069,3200,-0.28528,-4.24667,0.52424,0,10,0,FALLBACK,-0.1365,0.100,1.2493,0,none
160.121,3201,-0.27828,-4.21135,0.55695,0,10,0,FALLBACK,-0.1436,0.100,1.2492,0,none
160.173,3202,-0.27710,-4.07524,0.61203,0,10,0,FALLBACK,-0.1204,0.100,1.2492,0,none
160.222,3203,-0.28478,-4.37443,0.76251,0,10,0,FALLBACK,-0.0377,0.100,1.2494,0,none
160.272,3204,-0.29661,-3.67355,0.58105,0,10,0,FALLBACK,0.0422,0.100,1.2496,0,none
160.321,3205,-0.30836,-3.77687,0.53096,0,10,0,FALLBACK,0.1006,0.100,1.2497,0,none
160.371,3206,-0.31900,-4.02265,0.53535,0,10,0,FALLBACK,0.1482,0.100,1.2497,0,none
160.422,3207,-0.31841,-3.75553,0.58912,0,10,0,FALLBACK,0.0891,0.100,1.2496,0,none
160.470,3208,-0.31116,-3.82764,0.64570,0,10,0,FALLBACK,0.0196,0.100,1.2497,0,none
160.522,3209,-0.30133,-3.78328,0.66907,0,10,0,FALLBACK,-0.0425,0.100,1.2499,0,none
160.571,3210,-0.29117,-3.85914,0.67423,0,10,0,FALLBACK,-0.0950,0.100,1.2501,0,none
160.623,3211,-0.28659,-3.81214,0.64861,0,10,0,FALLBACK,-0.0899,0.100,1.2502,0,none
160.674,3212,-0.28671,-3.62914,0.55912,0,10,0,FALLBACK,-0.0659,0.100,1.2503,0,none
160.722,3213,-0.29046,-4.09715,0.71819,0,10,0,FALLBACK,-0.0290,0.100,1.2505,0,none
160.773,3214,-0.29499,-3.79260,0.58085,0,10,0,FALLBACK,-0.0023,0.100,1.2507,0,none
160.821,3215,-0.30371,-3.71437,0.62310,0,10,0,FALLBACK,0.0621,0.100,1.2508,0,none
160.871,3216,-0.31161,-3.80053,0.62718,0,10,0,FALLBACK,0.0976,0.100,1.2509,0,none
160.925,3217,-0.31577,-4.14454,0.61528,0,10,0,FALLBACK,0.0997,0.100,1.2510,0,none
160.973,3218,-0.31878,-3.93742,0.61914,0,10,0,FALLBACK,0.1090,0.100,1.2510,0,none
161.023,3219,-0.30834,-3.95810,0.64821,0,10,0,FALLBACK,-0.0106,0.100,1.2511,0,none
161.073,3220,-0.29403,-4.21260,0.58783,0,10,0,FALLBACK,-0.1014,0.100,1.2512,0,none
161.124,3221,-0.28240,-3.80377,0.61946,0,10,0,FALLBACK,-0.1462,0.100,1.2512,0,none
161.171,3222,-0.28094,-3.76985,0.66773,0,10,0,FALLBACK,-0.1026,0.100,1.2512,0,none
161.223,3223,-0.27534,-4.13693,0.72143,0,10,0,FALLBACK,-0.1513,0.100,1.2513,0,none
161.273,3224,-0.27395,-4.02281,0.55319,0,10,0,FALLBACK,-0.1372,0.100,1.2513,0,none
161.322,3225,-0.27956,-4.07551,0.57646,0,10,0,FALLBACK,-0.0741,0.100,1.2514,0,none
161.375,3226,-0.29490,-4.32271,0.57323,0,10,0,FALLBACK,0.0512,0.100,1.2515,0,none
161.423,3227,-0.30035,-3.81776,0.54080,0,10,0,FALLBACK,0.0290,0.100,1.2515,0,none
161.473,3228,-0.30210,-3.99248,0.55559,0,10,0,FALLBACK,0.0193,0.100,1.2516,0,none
161.525,3229,-0.30278,-3.66901,0.50209,0,10,0,FALLBACK,0.0173,0.100,1.2518,0,none
161.575,3230,-0.30414,-3.86960,0.56932,0,10,0,FALLBACK,0.0275,0.100,1.2520,0,none
161.627,3231,-0.30134,-4.03148,0.61733,0,10,0,FALLBACK,-0.0072,0.100,1.2522,0,none
161.677,3232,-0.29730,-3.91075,0.66159,0,10,0,FALLBACK,-0.0338,0.100,1.2523,0,none
161.725,3233,-0.29384,-4.07408,0.73473,0,10,0,FALLBACK,-0.0481,0.100,1.2525,0,none
161.778,3234,-0.29452,-3.95007,0.77263,0,10,0,FALLBACK,-0.0240,0.100,1.2526,0,none
161.826,3235,-0.29110,-3.68760,0.49228,0,10,0,FALLBACK,-0.0616,0.100,1.2528,0,none
161.878,3236,-0.28861,-4.09100,0.55115,0,10,0,FALLBACK,-0.0695,0.100,1.2529,0,none
161.927,3237,-0.28903,-4.49931,0.79399,0,10,0,FALLBACK,-0.0528,0.100,1.2530,0,none
161.976,3238,-0.29666,-4.07610,0.74440,0,10,0,FALLBACK,0.0215,0.100,1.2532,0,none
162.027,3239,-0.29544,-4.00358,0.64046,0,10,0,FALLBACK,-0.0289,0.100,1.2533,0,none
162.077,3240,-0.29276,-3.81399,0.57641,0,10,0,FALLBACK,-0.0496,0.100,1.2534,0,none
162.127,3241,-0.29150,-4.08458,0.62156,0,10,0,FALLBACK,-0.0488,0.100,1.2535,0,none
162.178,3242,-0.29852,-3.99220,0.66344,0,10,0,FALLBACK,0.0277,0.100,1.2536,0,none
162.210,3243,-0.29182,-3.99627,0.60610,0,10,0,FALLBACK,-0.0745,0.100,1.2538,0,none
162.262,3244,-0.28508,-3.92606,0.67835,0,10,0,FALLBACK,-0.1083,0.100,1.2537,0,none
162.310,3245,-0.28319,-4.36305,0.52771,0,10,0,FALLBACK,-0.0935,0.100,1.2537,0,none
162.360,3246,-0.28957,-3.85966,0.49713,0,10,0,FALLBACK,-0.0203,0.100,1.2539,0,none
162.412,3247,-0.28941,-3.87012,0.58878,0,10,0,FALLBACK,-0.0537,0.100,1.2540,0,none
162.461,3248,-0.28971,-3.41654,0.46866,0,10,0,FALLBACK,-0.0499,0.100,1.2541,0,none
162.513,3249,-0.29271,-3.65181,0.56460,0,10,0,FALLBACK,-0.0215,0.100,1.2542,0,none
162.563,3250,-0.29874,-3.66925,0.37670,0,10,0,FALLBACK,0.0239,0.100,1.2544,0,none
162.613,3251,-0.30073,-3.63770,0.48030,0,10,0,FALLBACK,0.0136,0.100,1.2545,0,none
162.664,3252,-0.30129,-3.74118,0.54046,0,10,0,FALLBACK,0.0092,0.100,1.2546,0,none
162.712,3253,-0.30145,-3.70205,0.56090,0,10,0,FALLBACK,0.0081,0.100,1.2548,0,none
162.763,3254,-0.29910,-3.54390,0.52529,0,10,0,FALLBACK,-0.0162,0.100,1.2549,0,none
162.813,3255,-0.30328,-3.42445,0.53754,0,10,0,FALLBACK,0.0373,0.100,1.2550,0,none
162.863,3256,-0.30757,-3.94781,0.55865,0,10,0,FALLBACK,0.0593,0.100,1.2551,0,none
162.913,3257,-0.30921,-4.04076,0.77233,0,10,0,FALLBACK,0.0543,0.100,1.2552,0,none
162.961,3258,-0.30664,-4.26140,0.67979,0,10,0,FALLBACK,0.0204,0.100,1.2553,0,none
163.013,3259,-0.30637,-4.07504,0.58574,0,10,0,FALLBACK,0.0305,0.100,1.2554,0,none
163.063,3260,-0.30548,-4.04250,0.65493,0,10,0,FALLBACK,0.0230,0.100,1.2556,0,none
163.114,3261,-0.30330,-4.20672,0.93055,0,10,0,FALLBACK,0.0056,0.100,1.2557,0,none
163.164,3262,-0.30291,-4.15938,0.76910,0,10,0,FALLBACK,0.0126,0.100,1.2558,0,none
163.213,3263,-0.29480,-4.15480,0.85364,0,10,0,FALLBACK,-0.0666,0.100,1.2560,0,none
163.262,3264,-0.28744,-4.35175,0.55942,0,10,0,FALLBACK,-0.0996,0.100,1.2560,0,none
163.314,3265,-0.28448,-4.01788,0.66782,0,10,0,FALLBACK,-0.0924,0.100,1.2560,0,none
163.361,3266,-0.28648,-3.87358,0.47821,0,10,0,FALLBACK,-0.0576,0.100,1.2561,0,none
163.411,3267,-0.29099,-3.80928,0.73585,0,10,0,FALLBACK,-0.0225,0.100,1.2562,0,none
163.463,3268,-0.29692,-3.32570,0.55030,0,10,0,FALLBACK,0.0142,0.100,1.2563,0,none
163.515,3269,-0.30283,-3.34124,0.55157,0,10,0,FALLBACK,0.0437,0.100,1.2564,0,none
163.565,3270,-0.30360,-3.58256,0.66766,0,10,0,FALLBACK,0.0219,0.100,1.2565,0,none
163.615,3271,-0.31375,-3.27882,0.65812,0,10,0,FALLBACK,0.1195,0.100,1.2566,0,none
163.663,3272,-0.32155,-3.28989,0.55860,0,10,0,FALLBACK,0.1468,0.100,1.2565,0,none
163.713,3273,-0.32235,-3.61789,0.53833,0,10,0,FALLBACK,0.1157,0.100,1.2563,0,none
163.764,3274,-0.31458,-3.99246,0.55750,0,10,0,FALLBACK,0.0341,0.100,1.2564,0,none
163.813,3275,-0.31092,-3.59315,0.61879,0,10,0,FALLBACK,0.0363,0.100,1.2565,0,none
163.864,3276,-0.30685,-3.87595,0.56582,0,10,0,FALLBACK,0.0139,0.100,1.2567,0,none
163.914,3277,-0.30149,-4.23180,0.64049,0,10,0,FALLBACK,-0.0193,0.100,1.2568,0,none
163.966,3278,-0.29545,-4.44666,0.61910,0,10,0,FALLBACK,-0.0529,0.100,1.2569,0,none
164.016,3279,-0.29279,-3.87440,0.63694,0,10,0,FALLBACK,-0.0494,0.100,1.2570,0,none
164.064,3280,-0.29283,-3.94758,0.56433,0,10,0,FALLBACK,-0.0357,0.100,1.2571,0,none
164.114,3281,-0.29487,-3.86026,0.51882,0,10,0,FALLBACK,-0.0155,0.100,1.2572,0,none
164.164,3282,-0.29650,-3.65405,0.49090,0,10,0,FALLBACK,-0.0093,0.100,1.2573,0,none
164.213,3283,-0.30409,-3.92656,0.61322,0,10,0,FALLBACK,0.0584,0.100,1.2575,0,none
164.265,3284,-0.31146,-3.51521,0.57512,0,10,0,FALLBACK,0.0941,0.100,1.2575,0,none
164.314,3285,-0.31523,-3.30056,0.64646,0,10,0,FALLBACK,0.0950,0.100,1.2575,0,none
164.366,3286,-0.31051,-3.92448,0.59324,0,10,0,FALLBACK,0.0289,0.100,1.2575,0,none
164.416,3287,-0.31564,-3.66444,0.50263,0,10,0,FALLBACK,0.1039,0.100,1.2576,0,none
164.465,3288,-0.31969,-3.61979,0.59300,0,10,0,FALLBACK,0.1186,0.100,1.2576,0,none
164.514,3289,-0.31827,-3.72468,0.56604,0,10,0,FALLBACK,0.0843,0.100,1.2575,0,none
164.564,3290,-0.31051,-3.90248,0.71214,0,10,0,FALLBACK,0.0137,0.100,1.2576,0,none
164.615,3291,-0.30397,-3.52660,0.54947,0,10,0,FALLBACK,-0.0129,0.100,1.2577,0,none
164.663,3292,-0.29790,-3.64771,0.68731,0,10,0,FALLBACK,-0.0409,0.100,1.2578,0,none
164.715,3293,-0.29291,-3.98681,0.47309,0,10,0,FALLBACK,-0.0604,0.100,1.2579,0,none
164.765,3294,-0.28772,-3.82737,0.70936,0,10,0,FALLBACK,-0.0874,0.100,1.2580,0,none
164.814,3295,-0.29503,-4.04174,0.54447,0,10,0,FALLBACK,0.0117,0.100,1.2580,0,none
164.865,3296,-0.30568,-3.97715,0.48268,0,10,0,FALLBACK,0.0816,0.100,1.2581,0,none
164.914,3297,-0.31408,-3.77659,0.48899,0,10,0,FALLBACK,0.1124,0.100,1.2580,0,none
164.966,3298,-0.31747,-3.96326,0.56796,0,10,0,FALLBACK,0.1043,0.100,1.2579,0,none
165.016,3299,-0.31631,-4.03282,0.67028,0,10,0,FALLBACK,0.0757,0.100,1.2579,0,none
165.067,3300,-0.31094,-4.44160,0.78057,0,10,0,FALLBACK,0.0278,0.100,1.2580,0,none
165.117,3301,-0.30305,-4.12144,0.68511,0,10,0,FALLBACK,-0.0241,0.100,1.2582,0,none
165.166,3302,-0.29563,-4.22011,0.64936,0,10,0,FALLBACK,-0.0589,0.100,1.2583,0,none
165.217,3303,-0.28719,-4.13689,0.60507,0,10,0,FALLBACK,-0.1063,0.100,1.2583,0,none
165.265,3304,-0.28209,-3.93653,0.59178,0,10,0,FALLBACK,-0.1150,0.100,1.2583,0,none
165.318,3305,-0.28230,-4.04716,0.68168,0,10,0,FALLBACK,-0.0874,0.100,1.2583,0,none
165.366,3306,-0.28798,-3.90085,0.64129,0,10,0,FALLBACK,-0.0317,0.100,1.2584,0,none
165.417,3307,-0.29440,-4.09118,0.63533,0,10,0,FALLBACK,0.0041,0.100,1.2585,0,none
165.465,3308,-0.30119,-3.83837,0.59157,0,10,0,FALLBACK,0.0399,0.100,1.2586,0,none
165.518,3309,-0.30704,-3.83804,0.49435,0,10,0,FALLBACK,0.0645,0.100,1.2586,0,none
165.567,3310,-0.31128,-4.01126,0.67249,0,10,0,FALLBACK,0.0776,0.100,1.2587,0,none
165.615,3311,-0.30881,-4.06009,0.58586,0,10,0,FALLBACK,0.0317,0.100,1.2587,0,none
165.665,3312,-0.30310,-3.71802,0.51050,0,10,0,FALLBACK,-0.0131,0.100,1.2588,0,none
165.716,3313,-0.29689,-3.55951,0.45242,0,10,0,FALLBACK,-0.0466,0.100,1.2589,0,none
165.766,3314,-0.29440,-3.70877,0.52863,0,10,0,FALLBACK,-0.0405,0.100,1.2590,0,none
165.817,3315,-0.28117,-4.00132,0.61779,0,10,0,FALLBACK,-0.1603,0.100,1.2591,0,none
165.868,3316,-0.27071,-4.01115,0.35348,0,10,0,FALLBACK,-0.1988,0.100,1.2588,0,none
165.919,3317,-0.26915,-3.96457,0.66328,0,10,0,FALLBACK,-0.1620,0.100,1.2585,0,none
165.969,3318,-0.27764,-4.15036,0.59489,0,10,0,FALLBACK,-0.0693,0.100,1.2584,0,none
166.017,3319,-0.28567,-4.05116,0.69399,0,10,0,FALLBACK,-0.0315,0.100,1.2585,0,none
166.070,3320,-0.29520,-3.86727,0.62208,0,10,0,FALLBACK,0.0236,0.100,1.2587,0,none
166.117,3321,-0.30510,-4.02620,0.62736,0,10,0,FALLBACK,0.0750,0.100,1.2587,0,none
166.169,3322,-0.31467,-4.00058,0.64087,0,10,0,FALLBACK,0.1213,0.100,1.2587,0,none
166.219,3323,-0.30638,-3.78825,0.52625,0,10,0,FALLBACK,-0.0095,0.100,1.2586,0,none
166.271,3324,-0.29325,-4.19483,0.45078,0,10,0,FALLBACK,-0.0994,0.100,1.2585,0,none
166.320,3325,-0.28285,-3.81631,0.66202,0,10,0,FALLBACK,-0.1377,0.100,1.2585,0,none
166.371,3326,-0.27949,-3.93561,0.64716,0,10,0,FALLBACK,-0.1194,0.100,1.2584,0,none
166.419,3327,-0.27183,-3.67549,0.54209,0,10,0,FALLBACK,-0.1791,0.100,1.2584,0,none
166.471,3328,-0.26961,-3.81018,0.60140,0,10,0,FALLBACK,-0.1630,0.100,1.2582,0,none
166.519,3329,-0.27585,-3.91223,0.54923,0,10,0,FALLBACK,-0.0895,0.100,1.2582,0,none
166.568,3330,-0.28962,-3.88530,0.58444,0,10,0,FALLBACK,0.0169,0.100,1.2583,0,none
166.621,3331,-0.28641,-3.98404,0.55251,0,10,0,FALLBACK,-0.0840,0.100,1.2583,0,none
166.670,3332,-0.28189,-3.45480,0.54393,0,10,0,FALLBACK,-0.1132,0.100,1.2582,0,none
166.720,3333,-0.28237,-3.74468,0.52418,0,10,0,FALLBACK,-0.0857,0.100,1.2582,0,none
166.770,3334,-0.28854,-3.78702,0.77269,0,10,0,FALLBACK,-0.0265,0.100,1.2583,0,none
166.819,3335,-0.27247,-3.82453,0.58075,0,10,0,FALLBACK,-0.2180,0.100,1.2584,0,none
166.873,3336,-0.25850,-3.68093,0.53757,0,10,0,FALLBACK,-0.2774,0.100,1.2576,0,none
166.920,3337,-0.27969,-3.68588,0.58918,0,10,0,FALLBACK,0.0044,0.100,1.2569,0,none
166.971,3338,-0.26585,-3.67938,0.54521,0,10,0,FALLBACK,-0.2400,0.100,1.2563,0,none
167.022,3339,-0.25021,-4.05877,0.58650,0,10,0,FALLBACK,-0.3271,0.100,1.2554,0,none
167.071,3340,-0.24880,-3.88150,0.68582,0,10,0,FALLBACK,-0.2630,0.100,1.2544,0,none
167.121,3341,-0.29004,-3.83714,0.60091,0,10,0,FALLBACK,0.1564,0.100,1.2541,0,none
167.172,3342,-0.28147,-3.88115,0.56008,0,10,0,FALLBACK,-0.1355,0.100,1.2521,0,none
167.222,3343,-0.26249,-3.94980,0.62674,0,10,0,FALLBACK,-0.2824,0.100,1.2513,0,none
167.273,3344,-0.25426,-4.09407,0.77580,0,10,0,FALLBACK,-0.2698,0.100,1.2504,0,none
167.321,3345,-0.28043,-3.92053,0.48070,0,10,0,FALLBACK,0.0330,0.100,1.2499,0,none
167.372,3346,-0.27428,-3.56597,0.55225,0,10,0,FALLBACK,-0.1594,0.100,1.2493,0,none
167.423,3347,-0.26396,-3.43909,0.61045,0,10,0,FALLBACK,-0.2318,0.100,1.2490,0,none
167.471,3348,-0.26339,-3.59123,0.58267,0,10,0,FALLBACK,-0.1859,0.100,1.2486,0,none
167.522,3349,-0.29866,-3.68206,0.59525,0,10,0,FALLBACK,0.1696,0.100,1.2486,0,none
167.572,3350,-0.28487,-3.53706,0.58936,0,10,0,FALLBACK,-0.1446,0.100,1.2471,0,none
167.620,3351,-0.26135,-3.40407,0.43760,0,10,0,FALLBACK,-0.3108,0.100,1.2460,0,none
167.672,3352,-0.24962,-3.66530,0.54766,0,10,0,FALLBACK,-0.3106,0.100,1.2449,0,none
167.724,3353,-0.27289,-4.01335,0.59196,0,10,0,FALLBACK,-0.0192,0.100,1.2443,0,none
167.771,3354,-0.26702,-3.64717,0.70393,0,10,0,FALLBACK,-0.1942,0.100,1.2440,0,none
167.823,3355,-0.25926,-3.91177,0.72406,0,10,0,FALLBACK,-0.2425,0.100,1.2438,0,none
167.872,3356,-0.26220,-3.95191,0.57416,0,10,0,FALLBACK,-0.1743,0.100,1.2435,0,none
167.923,3357,-0.29283,-3.80543,0.69824,0,10,0,FALLBACK,0.1173,0.100,1.2435,0,none
167.973,3358,-0.29096,-4.04385,0.68714,0,10,0,FALLBACK,-0.0546,0.100,1.2428,0,none
168.023,3359,-0.28127,-4.05235,0.64463,0,10,0,FALLBACK,-0.1421,0.100,1.2427,0,none
168.072,3360,-0.27653,-4.02306,0.62600,0,10,0,FALLBACK,-0.1410,0.100,1.2427,0,none
168.122,3361,-0.29094,-4.10196,0.69568,0,10,0,FALLBACK,0.0268,0.100,1.2428,0,none
168.171,3362,-0.28521,-4.01966,0.53917,0,10,0,FALLBACK,-0.1027,0.100,1.2428,0,none
168.224,3363,-0.27713,-3.92887,0.63344,0,10,0,FALLBACK,-0.1547,0.100,1.2428,0,none
168.275,3364,-0.27495,-3.96877,0.65646,0,10,0,FALLBACK,-0.1361,0.100,1.2429,0,none
168.324,3365,-0.28801,-4.00880,0.56373,0,10,0,FALLBACK,0.0053,0.100,1.2429,0,none
168.373,3366,-0.28966,-4.18490,0.56351,0,10,0,FALLBACK,-0.0435,0.100,1.2431,0,none
168.422,3367,-0.28981,-3.94707,0.52457,0,10,0,FALLBACK,-0.0502,0.100,1.2433,0,none
168.474,3368,-0.29181,-4.04788,0.64063,0,10,0,FALLBACK,-0.0310,0.100,1.2435,0,none
168.523,3369,-0.29913,-3.60592,0.49017,0,10,0,FALLBACK,0.0323,0.100,1.2438,0,none
168.575,3370,-0.30113,-3.65028,0.55887,0,10,0,FALLBACK,0.0156,0.100,1.2440,0,none
168.625,3371,-0.30114,-3.65875,0.58637,0,10,0,FALLBACK,0.0058,0.100,1.2442,0,none
168.674,3372,-0.30050,-3.73406,0.66085,0,10,0,FALLBACK,-0.0007,0.100,1.2444,0,none
168.723,3373,-0.29563,-3.74475,0.61940,0,10,0,FALLBACK,-0.0462,0.100,1.2447,0,none
168.775,3374,-0.29966,-3.78982,0.50620,0,10,0,FALLBACK,0.0185,0.100,1.2449,0,none
168.826,3375,-0.30588,-3.59380,0.58484,0,10,0,FALLBACK,0.0604,0.100,1.2451,0,none
168.874,3376,-0.31087,-3.66600,0.52429,0,10,0,FALLBACK,0.0794,0.100,1.2453,0,none
168.925,3377,-0.30388,-3.70124,0.60279,0,10,0,FALLBACK,-0.0156,0.100,1.2454,0,none
168.975,3378,-0.31164,-3.53822,0.42595,0,10,0,FALLBACK,0.0970,0.100,1.2456,0,none
169.024,3379,-0.32055,-3.31936,0.58346,0,10,0,FALLBACK,0.1473,0.100,1.2457,0,none
169.076,3380,-0.32454,-3.31255,0.52975,0,10,0,FALLBACK,0.1427,0.100,1.2456,0,none
169.124,3381,-0.31478,-3.86940,0.57088,0,10,0,FALLBACK,0.0250,0.100,1.2456,0,none
169.175,3382,-0.31239,-3.99524,0.44770,0,10,0,FALLBACK,0.0501,0.100,1.2458,0,none
169.225,3383,-0.31003,-3.94728,0.66071,0,10,0,FALLBACK,0.0384,0.100,1.2461,0,none
169.275,3384,-0.30601,-3.79421,0.66433,0,10,0,FALLBACK,0.0099,0.100,1.2463,0,none
169.326,3385,-0.29385,-4.02075,0.54125,0,10,0,FALLBACK,-0.0915,0.100,1.2465,0,none
169.375,3386,-0.29368,-3.78414,0.59683,0,10,0,FALLBACK,-0.0325,0.100,1.2467,0,none
169.427,3387,-0.29734,-3.87804,0.53198,0,10,0,FALLBACK,0.0050,0.100,1.2467,0,none
169.475,3388,-0.30255,-3.06267,0.44201,0,10,0,FALLBACK,0.0388,0.100,1.2470,0,none
169.525,3389,-0.29151,-3.46122,0.58935,0,10,0,FALLBACK,-0.0976,0.100,1.2471,0,none
169.575,3390,-0.30845,-3.31960,0.53515,0,10,0,FALLBACK,0.1269,0.100,1.2472,0,none
169.627,3391,-0.33039,-3.33623,0.57044,0,10,0,FALLBACK,0.2616,0.100,1.2469,0,none
169.674,3392,-0.34474,-3.57966,0.45242,0,10,0,FALLBACK,0.2955,0.100,1.2461,0,none
169.727,3393,-0.34495,-3.77296,0.55718,0,10,0,FALLBACK,0.2258,0.100,1.2451,0,none
169.778,3394,-0.33151,-3.73895,0.66626,0,10,0,FALLBACK,0.0904,0.100,1.2449,0,none
169.826,3395,-0.31705,-3.97508,0.66687,0,10,0,FALLBACK,0.0129,0.100,1.2453,0,none
169.877,3396,-0.30087,-3.72893,0.60815,0,10,0,FALLBACK,-0.0765,0.100,1.2457,0,none
169.927,3397,-0.28576,-3.84049,0.60499,0,10,0,FALLBACK,-0.1468,0.100,1.2459,0,none
169.979,3398,-0.27475,-4.21146,0.71895,0,10,0,FALLBACK,-0.1813,0.100,1.2459,0,none
170.026,3399,-0.27474,-4.09319,0.56321,0,10,0,FALLBACK,-0.1263,0.100,1.2458,0,none
170.078,3400,-0.28210,-3.91519,0.76079,0,10,0,FALLBACK,-0.0527,0.100,1.2460,0,none
170.127,3401,-0.29401,-3.54849,0.49825,0,10,0,FALLBACK,0.0296,0.100,1.2462,0,none
170.177,3402,-0.30691,-3.45639,0.58235,0,10,0,FALLBACK,0.0990,0.100,1.2464,0,none
170.228,3403,-0.32514,-3.26489,0.45549,0,10,0,FALLBACK,0.2168,0.100,1.2465,0,none
170.277,3404,-0.33805,-3.43763,0.53903,0,10,0,FALLBACK,0.2548,0.100,1.2462,0,none
170.326,3405,-0.34007,-3.56162,0.62742,0,10,0,FALLBACK,0.2105,0.100,1.2456,0,none
170.378,3406,-0.33043,-4.17271,0.58034,0,10,0,FALLBACK,0.1039,0.100,1.2454,0,none
170.409,3407,-0.31325,-4.18295,0.62467,0,10,0,FALLBACK,-0.0197,0.100,1.2457,0,none
170.461,3408,-0.29490,-3.85011,0.58415,0,10,0,FALLBACK,-0.1172,0.100,1.2460,0,none
170.511,3409,-0.28113,-3.97210,0.49728,0,10,0,FALLBACK,-0.1632,0.100,1.2459,0,none
170.560,3410,-0.27422,-3.83214,0.46308,0,10,0,FALLBACK,-0.1635,0.100,1.2459,0,none
170.611,3411,-0.27797,-3.75677,0.63003,0,10,0,FALLBACK,-0.0914,0.100,1.2459,0,none
170.659,3412,-0.28746,-3.48897,0.64324,0,10,0,FALLBACK,-0.0152,0.100,1.2462,0,none
170.711,3413,-0.29863,-3.21888,0.39016,0,10,0,FALLBACK,0.0490,0.100,1.2464,0,none
170.764,3414,-0.30747,-3.47744,0.50943,0,10,0,FALLBACK,0.0815,0.100,1.2465,0,none
170.813,3415,-0.32006,-3.23643,0.49808,0,10,0,FALLBACK,0.1632,0.100,1.2466,0,none
170.861,3416,-0.32728,-3.37702,0.52862,0,10,0,FALLBACK,0.1725,0.100,1.2465,0,none
170.911,3417,-0.32623,-3.42215,0.59154,0,10,0,FALLBACK,0.1259,0.100,1.2464,0,none
170.964,3418,-0.31620,-3.48093,0.46125,0,10,0,FALLBACK,0.0309,0.100,1.2466,0,none
171.013,3419,-0.31964,-3.52253,0.40014,0,10,0,FALLBACK,0.1154,0.100,1.2469,0,none
171.061,3420,-0.32159,-3.56751,0.47139,0,10,0,FALLBACK,0.1177,0.100,1.2469,0,none
171.111,3421,-0.31738,-3.57746,0.66856,0,10,0,FALLBACK,0.0658,0.100,1.2470,0,none
171.163,3422,-0.30480,-3.35835,0.53757,0,10,0,FALLBACK,-0.0389,0.100,1.2472,0,none
171.213,3423,-0.31876,-3.40020,0.49739,0,10,0,FALLBACK,0.1636,0.100,1.2474,0,none
171.262,3424,-0.33225,-3.57551,0.48202,0,10,0,FALLBACK,0.2287,0.100,1.2468,0,none
171.313,3425,-0.33454,-3.64063,0.51027,0,10,0,FALLBACK,0.1841,0.100,1.2463,0,none
171.362,3426,-0.32073,-3.45099,0.58976,0,10,0,FALLBACK,0.0346,0.100,1.2463,0,none
171.413,3427,-0.33522,-3.59316,0.36686,0,10,0,FALLBACK,0.2486,0.100,1.2466,0,none
171.463,3428,-0.34651,-3.52052,0.52725,0,10,0,FALLBACK,0.2890,0.100,1.2457,0,none
171.513,3429,-0.34309,-3.59361,0.48748,0,10,0,FALLBACK,0.1984,0.100,1.2450,0,none
171.563,3430,-0.32033,-3.54689,0.50493,0,10,0,FALLBACK,-0.0122,0.100,1.2451,0,none
171.615,3431,-0.33026,-3.64650,0.54200,0,10,0,FALLBACK,0.2009,0.100,1.2453,0,none
171.663,3432,-0.34008,-3.27653,0.60133,0,10,0,FALLBACK,0.2495,0.100,1.2446,0,none
171.716,3433,-0.33725,-3.41918,0.55941,0,10,0,FALLBACK,0.1721,0.100,1.2441,0,none
171.765,3434,-0.31238,-3.32299,0.55529,0,10,0,FALLBACK,-0.0625,0.100,1.2442,0,none
171.815,3435,-0.32767,-3.16469,0.55944,0,10,0,FALLBACK,0.2148,0.100,1.2440,0,none
171.865,3436,-0.34655,-3.15075,0.53283,0,10,0,FALLBACK,0.3272,0.100,1.2431,0,none
171.913,3437,-0.35152,-3.42474,0.49687,0,10,0,FALLBACK,0.2824,0.100,1.2420,0,none
171.966,3438,-0.32661,-3.25357,0.42678,0,10,0,FALLBACK,0.0085,0.100,1.2415,0,none
172.015,3439,-0.34135,-3.43902,0.53239,0,10,0,FALLBACK,0.2804,0.100,1.2414,0,none
172.065,3440,-0.35731,-3.44353,0.69709,0,10,0,FALLBACK,0.3664,0.100,1.2404,0,none
172.118,3441,-0.35683,-3.42668,0.60628,0,10,0,FALLBACK,0.2817,0.100,1.2392,0,none
172.167,3442,-0.32379,-3.70990,0.43345,0,10,0,FALLBACK,-0.0462,0.100,1.2389,0,none
172.217,3443,-0.33137,-3.74724,0.49084,0,10,0,FALLBACK,0.1948,0.100,1.2384,0,none
172.266,3444,-0.34386,-3.43217,0.41041,0,10,0,FALLBACK,0.2817,0.100,1.2381,0,none
172.316,3445,-0.34426,-3.39879,0.58294,0,10,0,FALLBACK,0.2233,0.100,1.2374,0,none
172.366,3446,-0.31105,-3.61133,0.63462,0,10,0,FALLBACK,-0.1109,0.100,1.2373,0,none
172.418,3447,-0.32819,-3.28114,0.56900,0,10,0,FALLBACK,0.2267,0.100,1.2364,0,none
172.468,3448,-0.35200,-2.44375,0.70687,0,10,0,FALLBACK,0.3791,0.100,1.2352,0,none
172.515,3449,-0.36020,-2.66732,0.51673,0,10,0,FALLBACK,0.3420,0.100,1.2336,0,none
172.568,3450,-0.32407,-2.79895,0.65946,0,10,0,FALLBACK,-0.0603,0.100,1.2330,0,none
172.618,3451,-0.34116,-2.92898,0.55914,0,10,0,FALLBACK,0.2913,0.100,1.2319,0,none
172.669,3452,-0.36383,-2.75483,0.62715,0,10,0,FALLBACK,0.4325,0.100,1.2306,0,none
172.718,3453,-0.36811,-2.86932,0.57797,0,10,0,FALLBACK,0.3619,0.100,1.2287,0,none
172.770,3454,-0.32423,-3.59880,0.62976,0,10,0,FALLBACK,-0.0982,0.100,1.2281,0,none
172.818,3455,-0.33286,-3.13394,0.40621,0,10,0,FALLBACK,0.2075,0.100,1.2264,0,none
172.867,3456,-0.35026,-3.03393,0.50202,0,10,0,FALLBACK,0.3382,0.100,1.2261,0,none
172.918,3457,-0.35390,-2.50413,0.54974,0,10,0,FALLBACK,0.2877,0.100,1.2250,0,none
172.968,3458,-0.31529,-3.19034,0.41286,0,10,0,FALLBACK,-0.1166,0.100,1.2247,0,none
173.021,3459,-0.32313,-2.61923,0.76308,0,10,0,FALLBACK,0.1549,0.100,1.2234,0,none
173.069,3460,-0.33979,-3.16689,0.36248,0,10,0,FALLBACK,0.2822,0.100,1.2233,0,none
173.119,3461,-0.34546,-3.14940,0.53426,0,10,0,FALLBACK,0.2556,0.100,1.2226,0,none
173.171,3462,-0.31310,-3.09059,0.59606,0,10,0,FALLBACK,-0.0963,0.100,1.2224,0,none
173.219,3463,-0.32054,-3.22885,0.40325,0,10,0,FALLBACK,0.1399,0.100,1.2216,0,none
173.271,3464,-0.33533,-2.64069,0.51680,0,10,0,FALLBACK,0.2506,0.100,1.2216,0,none
173.320,3465,-0.34051,-2.65172,0.52670,0,10,0,FALLBACK,0.2285,0.100,1.2212,0,none
173.368,3466,-0.33323,-3.03606,0.48244,0,10,0,FALLBACK,0.1297,0.100,1.2212,0,none
173.421,3467,-0.31479,-3.09168,0.57523,0,10,0,FALLBACK,-0.0182,0.100,1.2217,0,none
173.470,3468,-0.31332,-3.05771,0.42045,0,10,0,FALLBACK,0.0593,0.100,1.2221,0,none
173.522,3469,-0.31426,-2.71073,0.54965,0,10,0,FALLBACK,0.0760,0.100,1.2226,0,none
173.571,3470,-0.31183,-2.41533,0.67283,0,10,0,FALLBACK,0.0470,0.100,1.2230,0,none
173.621,3471,-0.29965,-2.50472,0.58607,0,10,0,FALLBACK,-0.0627,0.100,1.2234,0,none
173.673,3472,-0.31600,-3.05601,0.35783,0,10,0,FALLBACK,0.1618,0.100,1.2238,0,none
173.723,3473,-0.33451,-2.77988,0.51659,0,10,0,FALLBACK,0.2651,0.100,1.2234,0,none
173.773,3474,-0.34232,-3.07212,0.61289,0,10,0,FALLBACK,0.2506,0.100,1.2229,0,none
173.822,3475,-0.32707,-2.84588,0.50006,0,10,0,FALLBACK,0.0591,0.100,1.2228,0,none
173.872,3476,-0.33872,-3.32344,0.45076,0,10,0,FALLBACK,0.2519,0.100,1.2231,0,none
173.921,3477,-0.34898,-3.40774,0.48045,0,10,0,FALLBACK,0.2962,0.100,1.2229,0,none
173.971,3478,-0.34584,-2.89290,0.60749,0,10,0,FALLBACK,0.2135,0.100,1.2225,0,none
174.023,3479,-0.31920,-3.22601,0.57764,0,10,0,FALLBACK,-0.0372,0.100,1.2227,0,none
174.073,3480,-0.31869,-3.06731,0.38500,0,10,0,FALLBACK,0.0909,0.100,1.2227,0,none
174.123,3481,-0.32250,-3.29297,0.28898,0,10,0,FALLBACK,0.1316,0.100,1.2232,0,none
174.171,3482,-0.32086,-3.34565,0.56835,0,10,0,FALLBACK,0.0961,0.100,1.2234,0,none
174.222,3483,-0.30248,-3.38413,0.44841,0,10,0,FALLBACK,-0.0795,0.100,1.2238,0,none
174.271,3484,-0.30955,-3.12015,0.51777,0,10,0,FALLBACK,0.0831,0.100,1.2239,0,none
174.322,3485,-0.32106,-3.41745,0.55308,0,10,0,FALLBACK,0.1628,0.100,1.2241,0,none
174.371,3486,-0.32647,-3.40497,0.56926,0,10,0,FALLBACK,0.1594,0.100,1.2241,0,none
174.421,3487,-0.30513,-3.11963,0.37630,0,10,0,FALLBACK,-0.0811,0.100,1.2243,0,none
174.472,3488,-0.32255,-3.02074,0.52045,0,10,0,FALLBACK,0.1998,0.100,1.2241,0,none
174.522,3489,-0.34441,-2.61452,0.62447,0,10,0,FALLBACK,0.3313,0.100,1.2234,0,none
174.573,3490,-0.35281,-3.18796,0.55259,0,10,0,FALLBACK,0.3060,0.100,1.2224,0,none
174.621,3491,-0.32241,-3.21366,0.56851,0,10,0,FALLBACK,-0.0399,0.100,1.2221,0,none
174.674,3492,-0.33144,-3.06245,0.51796,0,10,0,FALLBACK,0.2024,0.100,1.2215,0,none
174.723,3493,-0.34528,-2.84498,0.61921,0,10,0,FALLBACK,0.2956,0.100,1.2214,0,none
174.773,3494,-0.34693,-2.85118,0.52532,0,10,0,FALLBACK,0.2429,0.100,1.2208,0,none
174.824,3495,-0.31276,-3.00690,0.62900,0,10,0,FALLBACK,-0.1070,0.100,1.2208,0,none
174.872,3496,-0.31638,-2.92737,0.68176,0,10,0,FALLBACK,0.1000,0.100,1.2200,0,none
174.922,3497,-0.32799,-2.75513,0.63283,0,10,0,FALLBACK,0.1980,0.100,1.2203,0,none
174.971,3498,-0.33230,-3.22628,0.64026,0,10,0,FALLBACK,0.1830,0.100,1.2202,0,none
175.025,3499,-0.32653,-2.98704,0.49708,0,10,0,FALLBACK,0.1038,0.100,1.2203,0,none
175.072,3500,-0.31162,-3.22101,0.58152,0,10,0,FALLBACK,-0.0164,0.100,1.2208,0,none
175.129,3501,-0.31599,-2.90893,0.56535,0,10,0,FALLBACK,0.1018,0.100,1.2213,0,none
175.172,3502,-0.32175,-3.47617,0.53817,0,10,0,FALLBACK,0.1375,0.100,1.2216,0,none
175.222,3503,-0.32156,-3.42698,0.58222,0,10,0,FALLBACK,0.1069,0.100,1.2218,0,none
175.275,3504,-0.31215,-2.96575,0.47351,0,10,0,FALLBACK,0.0137,0.100,1.2222,0,none
175.323,3505,-0.31449,-3.26616,0.57457,0,10,0,FALLBACK,0.0842,0.100,1.2227,0,none
175.373,3506,-0.31720,-3.14826,0.53739,0,10,0,FALLBACK,0.0995,0.100,1.2231,0,none
188.184,3507,0.00024,-3.10154,0.40300,0,10,0,FALLBACK,-1.0000,0.100,0.0390,0,none
188.317,3508,0.00035,-3.01697,0.35147,0,10,0,FALLBACK,-1.0000,0.100,0.0040,0,none
188.343,3509,0.00057,-3.14395,0.39996,0,10,0,FALLBACK,-1.0000,0.100,0.0027,0,none
188.393,3510,0.00042,-3.12537,0.43829,0,10,0,FALLBACK,-1.0000,0.100,0.0163,0,none
188.443,3511,-0.00068,-2.92794,0.40712,0,10,0,FALLBACK,-1.0000,0.100,0.0236,0,none
188.494,3512,-0.00221,-3.05504,0.41587,0,10,0,FALLBACK,-1.0000,0.100,0.0379,0,none
188.544,3513,-0.00469,-3.00904,0.41429,0,10,0,FALLBACK,-1.0000,0.100,0.0522,0,none
188.594,3514,-0.00801,-2.95544,0.43092,0,10,0,FALLBACK,-1.0000,0.100,0.0660,0,none
188.644,3515,-0.01230,-3.21763,0.47205,0,10,0,FALLBACK,-1.0000,0.100,0.0754,0,none
188.694,3516,-0.01735,-3.07389,0.51371,0,10,0,FALLBACK,-1.0000,0.100,0.0877,0,none
188.744,3517,-0.02293,-3.39841,0.57197,0,10,0,FALLBACK,-1.0000,0.100,0.0991,0,none
188.795,3518,-0.02949,-3.39802,0.50876,0,10,0,FALLBACK,-1.0000,0.100,0.1106,0,none
188.845,3519,-0.03705,-3.41262,0.45886,0,10,0,FALLBACK,-1.0000,0.100,0.1214,0,none
188.893,3520,-0.04579,-3.86715,0.56901,0,10,0,FALLBACK,-1.0000,0.100,0.1325,0,none
188.945,3521,-0.05578,-3.66485,0.45854,0,10,0,FALLBACK,-1.0000,0.100,0.1434,0,none
188.995,3522,-0.06713,-3.41033,0.46843,0,10,0,FALLBACK,-1.0000,0.100,0.1542,0,none
189.045,3523,-0.07997,-2.91381,0.41477,0,10,0,FALLBACK,-1.0000,0.100,0.1649,0,none
189.094,3524,-0.09442,-3.01248,0.43605,0,10,0,FALLBACK,-0.9556,0.100,0.1755,0,none
189.146,3525,-0.11056,-2.73393,0.45919,0,10,0,FALLBACK,-0.8665,0.100,0.1860,0,none
189.197,3526,-0.12806,-3.02625,0.49124,0,10,0,FALLBACK,-0.7722,0.100,0.1967,0,none
189.244,3527,-0.15550,-3.03301,0.52049,0,10,0,FALLBACK,-0.5853,0.100,0.2074,0,none
189.278,3528,-0.17354,-3.28459,0.40851,0,10,0,FALLBACK,-0.5421,0.100,0.2184,0,none
189.329,3529,-0.18300,-2.53971,0.60512,0,10,0,FALLBACK,-0.5377,0.100,0.2292,0,none
189.380,3530,-0.20335,-1.91493,0.81417,0,10,0,FALLBACK,-0.3815,0.100,0.2397,0,none
189.429,3531,-0.21177,-2.28292,0.69226,0,10,0,FALLBACK,-0.3990,0.100,0.2503,0,none
189.479,3532,-0.23473,-1.15574,0.72686,0,10,0,FALLBACK,-0.2116,0.100,0.2606,0,none
189.530,3533,-0.25833,-0.13399,0.21563,1,10,0,FALLBACK,-0.0903,0.100,0.2709,0,none
189.581,3534,-0.28103,-1.69277,0.62113,0,10,0,FALLBACK,0.0186,0.100,0.2810,0,none
189.629,3535,-0.30306,-0.18209,0.21148,1,10,0,FALLBACK,0.1254,0.100,0.2911,0,none
189.681,3536,-0.32419,-2.11220,0.82029,0,10,0,FALLBACK,0.2266,0.100,0.3009,0,none
189.729,3537,-0.34406,-0.60310,0.51667,0,10,0,FALLBACK,0.3197,0.100,0.3106,0,none
189.780,3538,-0.36205,-1.03250,0.67026,0,10,0,FALLBACK,0.4002,0.100,0.3202,0,none
189.831,3539,-0.37848,-0.78836,0.51043,0,10,0,FALLBACK,0.4745,0.100,0.3296,0,none
189.880,3540,-0.39283,-1.51237,0.83896,0,10,0,FALLBACK,0.5360,0.100,0.3389,0,none
189.930,3541,-0.40485,-0.49938,0.36933,0,10,0,FALLBACK,0.5843,0.100,0.3481,0,none
189.981,3542,-0.41436,-1.75074,0.72287,0,10,0,FALLBACK,0.6193,0.100,0.3572,0,none
190.031,3543,-0.42124,-1.14342,0.68073,0,10,0,FALLBACK,0.6406,0.100,0.3661,0,none
190.081,3544,-0.42542,-1.32125,0.77799,0,10,0,FALLBACK,0.6480,0.100,0.3751,0,none
190.129,3545,-0.42691,-1.73159,0.68477,0,10,0,FALLBACK,0.6420,0.100,0.3839,0,none
190.182,3546,-0.42575,-3.39713,0.47800,0,10,0,FALLBACK,0.6229,0.100,0.3927,0,none
190.230,3547,-0.40177,-3.05852,0.59001,0,10,0,FALLBACK,0.3889,0.100,0.4015,0,none
190.283,3548,-0.40173,-2.85890,0.72729,0,10,0,FALLBACK,0.5085,0.100,0.4107,0,none
190.335,3549,-0.40162,-2.64906,0.86876,0,10,0,FALLBACK,0.5076,0.100,0.4190,0,none
190.382,3550,-0.39761,-3.07286,0.48314,0,10,0,FALLBACK,0.4680,0.100,0.4275,0,none
190.433,3551,-0.39125,-3.29906,0.45795,0,10,0,FALLBACK,0.4244,0.100,0.4361,0,none
190.483,3552,-0.38324,-2.93412,0.65533,0,10,0,FALLBACK,0.3761,0.100,0.4446,0,none
190.533,3553,-0.37377,-3.55528,0.56513,0,10,0,FALLBACK,0.3216,0.100,0.4531,0,none
190.583,3554,-0.36315,-3.64232,0.65130,0,10,0,FALLBACK,0.2627,0.100,0.4614,0,none
190.633,3555,-0.35149,-3.66497,0.57509,0,10,0,FALLBACK,0.1991,0.100,0.4697,0,none
190.684,3556,-0.33928,-3.91503,0.52999,0,10,0,FALLBACK,0.1354,0.100,0.4779,0,none
190.736,3557,-0.32704,-3.53857,0.52667,0,10,0,FALLBACK,0.0739,0.100,0.4860,0,none
190.784,3558,-0.31514,-3.52987,0.51378,0,10,0,FALLBACK,0.0162,0.100,0.4940,0,none
190.834,3559,-0.29564,-3.50677,0.61543,0,10,0,FALLBACK,-0.1193,0.100,0.5019,0,none
190.887,3560,-0.28862,-3.53815,0.54349,0,10,0,FALLBACK,-0.0920,0.100,0.5096,0,none
190.934,3561,-0.28454,-3.78208,0.55915,0,10,0,FALLBACK,-0.0977,0.100,0.5173,0,none
190.986,3562,-0.28087,-3.57775,0.41480,0,10,0,FALLBACK,-0.1140,0.100,0.5249,0,none
191.036,3563,-0.27800,-3.52383,0.67088,0,10,0,FALLBACK,-0.1243,0.100,0.5324,0,none
191.087,3564,-0.27634,-3.74787,0.46523,0,10,0,FALLBACK,-0.1266,0.100,0.5399,0,none
191.135,3565,-0.27588,-4.00649,0.56538,0,10,0,FALLBACK,-0.1229,0.100,0.5473,0,none
191.187,3566,-0.27650,-3.95811,0.62830,0,10,0,FALLBACK,-0.1144,0.100,0.5546,0,none
191.237,3567,-0.27807,-3.72768,0.49177,0,10,0,FALLBACK,-0.1018,0.100,0.5619,0,none
191.287,3568,-0.27932,-3.68582,0.62460,0,10,0,FALLBACK,-0.0971,0.100,0.5691,0,none
191.337,3569,-0.28273,-3.98898,0.60914,0,10,0,FALLBACK,-0.0693,0.100,0.5762,0,none
191.386,3570,-0.28680,-4.08293,0.64910,0,10,0,FALLBACK,-0.0456,0.100,0.5833,0,none
191.437,3571,-0.29094,-3.88047,0.72691,0,10,0,FALLBACK,-0.0246,0.100,0.5902,0,none
191.485,3572,-0.29495,-3.68769,0.63654,0,10,0,FALLBACK,-0.0051,0.100,0.5971,0,none
191.536,3573,-0.29871,-3.67281,0.46732,0,10,0,FALLBACK,0.0124,0.100,0.6040,0,none
191.588,3574,-0.30207,-3.78606,0.52574,0,10,0,FALLBACK,0.0271,0.100,0.6107,0,none
191.636,3575,-0.30488,-3.93548,0.63097,0,10,0,FALLBACK,0.0384,0.100,0.6174,0,none
191.689,3576,-0.30705,-4.13283,0.73753,0,10,0,FALLBACK,0.0461,0.100,0.6240,0,none
191.737,3577,-0.31234,-3.78184,0.69244,0,10,0,FALLBACK,0.0882,0.100,0.6305,0,none
191.787,3578,-0.31121,-3.80826,0.63818,0,10,0,FALLBACK,0.0504,0.100,0.6369,0,none
191.835,3579,-0.30847,-3.86105,0.67707,0,10,0,FALLBACK,0.0287,0.100,0.6435,0,none
191.887,3580,-0.30600,-4.04333,0.66907,0,10,0,FALLBACK,0.0176,0.100,0.6498,0,none
191.936,3581,-0.30375,-4.03178,0.69145,0,10,0,FALLBACK,0.0075,0.100,0.6561,0,none
191.988,3582,-0.30157,-3.97930,0.65902,0,10,0,FALLBACK,-0.0031,0.100,0.6624,0,none
192.038,3583,-0.29957,-4.00917,0.52331,0,10,0,FALLBACK,-0.0121,0.100,0.6684,0,none
192.089,3584,-0.29679,-4.06544,0.75782,0,10,0,FALLBACK,-0.0300,0.100,0.6746,0,none
192.137,3585,-0.29598,-3.83227,0.52176,0,10,0,FALLBACK,-0.0241,0.100,0.6806,0,none
192.186,3586,-0.29588,-4.03914,0.68477,0,10,0,FALLBACK,-0.0211,0.100,0.6866,0,none
192.238,3587,-0.29596,-3.98463,0.56664,0,10,0,FALLBACK,-0.0197,0.100,0.6925,0,none
192.287,3588,-0.29624,-3.74545,0.50945,0,10,0,FALLBACK,-0.0174,0.100,0.6984,0,none
192.338,3589,-0.29673,-3.35185,0.44637,0,10,0,FALLBACK,-0.0139,0.100,0.7041,0,none
192.389,3590,-0.29737,-3.52521,0.46037,0,10,0,FALLBACK,-0.0099,0.100,0.7099,0,none
192.439,3591,-0.29812,-3.43622,0.51517,0,10,0,FALLBACK,-0.0057,0.100,0.7155,0,none
192.489,3592,-0.29428,-3.41253,0.52077,0,10,0,FALLBACK,-0.0478,0.100,0.7212,0,none
192.540,3593,-0.29816,-3.55051,0.63377,0,10,0,FALLBACK,0.0102,0.100,0.7267,0,none
192.592,3594,-0.30325,-3.71541,0.56541,0,10,0,FALLBACK,0.0417,0.100,0.7322,0,none
192.639,3595,-0.30681,-3.48160,0.53547,0,10,0,FALLBACK,0.0519,0.100,0.7376,0,none
192.689,3596,-0.30891,-3.72667,0.73374,0,10,0,FALLBACK,0.0551,0.100,0.7430,0,none
192.740,3597,-0.30994,-3.96114,0.53954,0,10,0,FALLBACK,0.0548,0.100,0.7483,0,none
192.789,3598,-0.30652,-3.52681,0.52385,0,10,0,FALLBACK,0.0155,0.100,0.7536,0,none
192.839,3599,-0.30754,-3.63900,0.43668,0,10,0,FALLBACK,0.0428,0.100,0.7588,0,none
192.890,3600,-0.30896,-3.83022,0.64166,0,10,0,FALLBACK,0.0519,0.100,0.7640,0,none
192.939,3601,-0.30911,-3.80616,0.57758,0,10,0,FALLBACK,0.0463,0.100,0.7691,0,none
192.990,3602,-0.30819,-3.94807,0.62558,0,10,0,FALLBACK,0.0363,0.100,0.7742,0,none
193.043,3603,-0.30665,-4.10271,0.57621,0,10,0,FALLBACK,0.0256,0.100,0.7792,0,none
193.091,3604,-0.30479,-3.84022,0.66559,0,10,0,FALLBACK,0.0147,0.100,0.7842,0,none
193.141,3605,-0.30700,-3.87503,0.65769,0,10,0,FALLBACK,0.0461,0.100,0.7891,0,none
193.191,3606,-0.30230,-4.25467,0.79021,0,10,0,FALLBACK,-0.0121,0.100,0.7940,0,none
193.243,3607,-0.29653,-4.11640,0.50260,0,10,0,FALLBACK,-0.0462,0.100,0.7988,0,none
193.292,3608,-0.29235,-3.96251,0.50872,0,10,0,FALLBACK,-0.0591,0.100,0.8035,0,none
193.342,3609,-0.28993,-3.91597,0.63621,0,10,0,FALLBACK,-0.0624,0.100,0.8083,0,none
193.394,3610,-0.28894,-3.85368,0.56536,0,10,0,FALLBACK,-0.0603,0.100,0.8129,0,none
193.441,3611,-0.29457,-3.69696,0.58592,0,10,0,FALLBACK,0.0010,0.100,0.8176,0,none
193.494,3612,-0.29245,-3.84604,0.67695,0,10,0,FALLBACK,-0.0484,0.100,0.8221,0,none
193.544,3613,-0.28934,-3.64448,0.49699,0,10,0,FALLBACK,-0.0688,0.100,0.8266,0,none
193.592,3614,-0.28819,-3.81080,0.78033,0,10,0,FALLBACK,-0.0648,0.100,0.8311,0,none
193.642,3615,-0.28888,-3.60249,0.52302,0,10,0,FALLBACK,-0.0522,0.100,0.8355,0,none
193.693,3616,-0.29069,-3.65706,0.54245,0,10,0,FALLBACK,-0.0375,0.100,0.8399,0,none
193.745,3617,-0.30186,-4.11052,0.77908,0,10,0,FALLBACK,0.0652,0.100,0.8443,0,none
193.793,3618,-0.29975,-3.87125,0.48428,0,10,0,FALLBACK,-0.0118,0.100,0.8485,0,none
193.844,3619,-0.29420,-4.01902,0.67747,0,10,0,FALLBACK,-0.0567,0.100,0.8527,0,none
193.895,3620,-0.29010,-3.83853,0.51415,0,10,0,FALLBACK,-0.0700,0.100,0.8569,0,none
193.946,3621,-0.28846,-3.22097,0.55597,0,10,0,FALLBACK,-0.0659,0.100,0.8610,0,none
193.995,3622,-0.28871,-3.77344,0.37145,0,10,0,FALLBACK,-0.0552,0.100,0.8652,0,none
194.045,3623,-0.30318,-3.48695,0.42504,0,10,0,FALLBACK,0.0882,0.100,0.8693,0,none
194.094,3624,-0.29753,-3.86647,0.45743,0,10,0,FALLBACK,-0.0406,0.100,0.8733,0,none
194.146,3625,-0.28788,-4.03621,0.54698,0,10,0,FALLBACK,-0.1089,0.100,0.8770,0,none
194.194,3626,-0.27955,-3.62703,0.61168,0,10,0,FALLBACK,-0.1439,0.100,0.8808,0,none
194.244,3627,-0.27628,-3.35125,0.59090,0,10,0,FALLBACK,-0.1350,0.100,0.8846,0,none
194.297,3628,-0.27713,-3.74414,0.51911,0,10,0,FALLBACK,-0.1101,0.100,0.8885,0,none
194.348,3629,-0.29128,-3.77216,0.49671,0,10,0,FALLBACK,0.0271,0.100,0.8924,0,none
194.396,3630,-0.28776,-3.38343,0.49113,0,10,0,FALLBACK,-0.0788,0.100,0.8961,0,none
194.448,3631,-0.28087,-3.89070,0.56461,0,10,0,FALLBACK,-0.1301,0.100,0.8997,0,none
194.496,3632,-0.27733,-3.79226,0.58027,0,10,0,FALLBACK,-0.1311,0.100,0.9033,0,none
194.546,3633,-0.27828,-3.67540,0.65523,0,10,0,FALLBACK,-0.1038,0.100,0.9070,0,none
194.581,3634,-0.30598,-3.71632,0.52217,0,10,0,FALLBACK,0.1683,0.100,0.9106,0,none
194.630,3635,-0.29341,-3.77913,0.55048,0,10,0,FALLBACK,-0.0958,0.100,0.9133,0,none
194.679,3636,-0.27559,-3.65459,0.67050,0,10,0,FALLBACK,-0.2112,0.100,0.9163,0,none
194.731,3637,-0.26685,-3.89060,0.47643,0,10,0,FALLBACK,-0.2094,0.100,0.9193,0,none
194.783,3638,-0.26555,-3.69100,0.71043,0,10,0,FALLBACK,-0.1787,0.100,0.9227,0,none
194.830,3639,-0.26874,-3.62300,0.65824,0,10,0,FALLBACK,-0.1404,0.100,0.9262,0,none
194.881,3640,-0.29168,-3.83187,0.54569,0,10,0,FALLBACK,0.0731,0.100,0.9297,0,none
194.931,3641,-0.28107,-3.60200,0.52762,0,10,0,FALLBACK,-0.1477,0.100,0.9328,0,none
194.980,3642,-0.26797,-3.52166,0.59765,0,10,0,FALLBACK,-0.2257,0.100,0.9356,0,none
195.033,3643,-0.26384,-3.75109,0.61684,0,10,0,FALLBACK,-0.2014,0.100,0.9385,0,none
195.084,3644,-0.26661,-3.49342,0.46125,0,10,0,FALLBACK,-0.1531,0.100,0.9417,0,none
195.132,3645,-0.29540,-3.65475,0.52571,0,10,0,FALLBACK,0.1210,0.100,0.9451,0,none
195.183,3646,-0.28347,-3.54990,0.45015,0,10,0,FALLBACK,-0.1423,0.100,0.9476,0,none
195.235,3647,-0.26734,-3.36563,0.45727,0,10,0,FALLBACK,-0.2439,0.100,0.9501,0,none
195.283,3648,-0.26055,-3.19927,0.42919,0,10,0,FALLBACK,-0.2312,0.100,0.9527,0,none
195.334,3649,-0.26220,-3.09420,0.47048,0,10,0,FALLBACK,-0.1808,0.100,0.9557,0,none
195.385,3650,-0.29129,-3.38143,0.54046,0,10,0,FALLBACK,0.1019,0.100,0.9589,0,none
195.435,3651,-0.28504,-3.28999,0.48770,0,10,0,FALLBACK,-0.1060,0.100,0.9611,0,none
195.486,3652,-0.27178,-3.09082,0.33078,0,10,0,FALLBACK,-0.2074,0.100,0.9638,0,none
195.534,3653,-0.26571,-3.34984,0.54998,0,10,0,FALLBACK,-0.2018,0.100,0.9666,0,none
195.587,3654,-0.26764,-3.11886,0.40758,0,10,0,FALLBACK,-0.1522,0.100,0.9695,0,none
195.634,3655,-0.27456,-3.42568,0.45343,0,10,0,FALLBACK,-0.0926,0.100,0.9725,0,none
195.687,3656,-0.28826,-2.95024,0.53808,0,10,0,FALLBACK,0.0098,0.100,0.9756,0,none
195.735,3657,-0.28920,-3.28023,0.62970,0,10,0,FALLBACK,-0.0492,0.100,0.9785,0,none
195.787,3658,-0.28827,-3.37510,0.50594,0,10,0,FALLBACK,-0.0633,0.100,0.9814,0,none
195.837,3659,-0.28963,-4.05485,0.55141,0,10,0,FALLBACK,-0.0451,0.100,0.9843,0,none
195.887,3660,-0.29300,-3.76573,0.47280,0,10,0,FALLBACK,-0.0182,0.100,0.9872,0,none
195.935,3661,-0.29952,-3.85997,0.57716,0,10,0,FALLBACK,0.0302,0.100,0.9901,0,none
195.987,3662,-0.29977,-4.02128,0.68077,0,10,0,FALLBACK,0.0002,0.100,0.9929,0,none
196.037,3663,-0.29841,-3.86868,0.60350,0,10,0,FALLBACK,-0.0147,0.100,0.9957,0,none
196.085,3664,-0.29758,-3.95851,0.57047,0,10,0,FALLBACK,-0.0163,0.100,0.9984,0,none
196.138,3665,-0.29752,-3.73963,0.56273,0,10,0,FALLBACK,-0.0127,0.100,1.0012,0,none
196.187,3666,-0.30116,-3.52713,0.67611,0,10,0,FALLBACK,0.0240,0.100,1.0039,0,none
196.237,3667,-0.29719,-4.01036,0.66336,0,10,0,FALLBACK,-0.0339,0.100,1.0066,0,none
196.288,3668,-0.29227,-3.61752,0.44935,0,10,0,FALLBACK,-0.0633,0.100,1.0092,0,none
196.339,3669,-0.28950,-3.71685,0.58919,0,10,0,FALLBACK,-0.0663,0.100,1.0118,0,none
196.389,3670,-0.28927,-3.85622,0.55384,0,10,0,FALLBACK,-0.0548,0.100,1.0144,0,none
196.437,3671,-0.28971,-3.50648,0.45605,0,10,0,FALLBACK,-0.0493,0.100,1.0170,0,none
196.488,3672,-0.29463,-3.13280,0.44757,0,10,0,FALLBACK,-0.0023,0.100,1.0196,0,none
196.537,3673,-0.30048,-2.96812,0.49612,0,10,0,FALLBACK,0.0316,0.100,1.0221,0,none
196.591,3674,-0.30523,-3.08992,0.49018,0,10,0,FALLBACK,0.0499,0.100,1.0246,0,none
196.637,3675,-0.30816,-3.13895,0.52438,0,10,0,FALLBACK,0.0554,0.100,1.0270,0,none
196.691,3676,-0.30847,-3.36848,0.40557,0,10,0,FALLBACK,0.0439,0.100,1.0294,0,none
196.738,3677,-0.30901,-3.40102,0.42343,0,10,0,FALLBACK,0.0477,0.100,1.0319,0,none
196.789,3678,-0.30842,-3.50667,0.44650,0,10,0,FALLBACK,0.0391,0.100,1.0343,0,none
196.838,3679,-0.30642,-3.72204,0.60833,0,10,0,FALLBACK,0.0221,0.100,1.0367,0,none
196.889,3680,-0.30548,-3.68811,0.63087,0,10,0,FALLBACK,0.0227,0.100,1.0390,0,none
196.941,3681,-0.30081,-2.94687,0.57470,0,10,0,FALLBACK,-0.0193,0.100,1.0414,0,none
196.989,3682,-0.29581,-3.37106,0.46768,0,10,0,FALLBACK,-0.0460,0.100,1.0437,0,none
197.041,3683,-0.29234,-3.61802,0.48841,0,10,0,FALLBACK,-0.0557,0.100,1.0459,0,none
197.089,3684,-0.29092,-3.39150,0.54055,0,10,0,FALLBACK,-0.0525,0.100,1.0482,0,none
197.138,3685,-0.29729,-3.62594,0.43976,0,10,0,FALLBACK,0.0183,0.100,1.0504,0,none
197.189,3686,-0.29358,-3.86885,0.62349,0,10,0,FALLBACK,-0.0506,0.100,1.0526,0,none
197.239,3687,-0.28854,-3.58488,0.56732,0,10,0,FALLBACK,-0.0825,0.100,1.0547,0,none
197.291,3688,-0.28635,-3.54206,0.51477,0,10,0,FALLBACK,-0.0792,0.100,1.0569,0,none
197.341,3689,-0.28745,-3.41068,0.45018,0,10,0,FALLBACK,-0.0572,0.100,1.0590,0,none
197.389,3690,-0.29757,-3.27785,0.45164,0,10,0,FALLBACK,0.0385,0.100,1.0611,0,none
197.439,3691,-0.29366,-3.51244,0.48524,0,10,0,FALLBACK,-0.0513,0.100,1.0631,0,none
197.489,3692,-0.28743,-3.46701,0.50422,0,10,0,FALLBACK,-0.0940,0.100,1.0651,0,none
197.541,3693,-0.28450,-3.73947,0.42563,0,10,0,FALLBACK,-0.0921,0.100,1.0671,0,none
197.591,3694,-0.28555,-3.76671,0.51250,0,10,0,FALLBACK,-0.0670,0.100,1.0691,0,none
197.640,3695,-0.29565,-3.76223,0.55167,0,10,0,FALLBACK,0.0287,0.100,1.0711,0,none
197.689,3696,-0.28817,-3.09633,0.50606,0,10,0,FALLBACK,-0.0966,0.100,1.0731,0,none
197.740,3697,-0.27900,-3.15141,0.61259,0,10,0,FALLBACK,-0.1509,0.100,1.0748,0,none
197.790,3698,-0.27537,-3.26054,0.44051,0,10,0,FALLBACK,-0.1413,0.100,1.0766,0,none
197.840,3699,-0.29951,-3.13140,0.58327,0,10,0,FALLBACK,0.1183,0.100,1.0784,0,none
197.891,3700,-0.28511,-3.34535,0.45790,0,10,0,FALLBACK,-0.1465,0.100,1.0795,0,none
197.941,3701,-0.26424,-3.07886,0.44820,0,10,0,FALLBACK,-0.2831,0.100,1.0805,0,none
197.991,3702,-0.25367,-3.35932,0.47231,0,10,0,FALLBACK,-0.2845,0.100,1.0816,0,none
198.041,3703,-0.25563,-3.48327,0.56032,0,10,0,FALLBACK,-0.2121,0.100,1.0830,0,none
198.091,3704,-0.28312,-3.29150,0.42132,0,10,0,FALLBACK,0.0531,0.100,1.0849,0,none
198.141,3705,-0.27437,-3.38323,0.46356,0,10,0,FALLBACK,-0.1719,0.100,1.0861,0,none
198.191,3706,-0.26063,-3.43313,0.60034,0,10,0,FALLBACK,-0.2656,0.100,1.0873,0,none
198.241,3707,-0.25688,-3.79198,0.59685,0,10,0,FALLBACK,-0.2344,0.100,1.0885,0,none
198.290,3708,-0.26398,-3.48480,0.50884,0,10,0,FALLBACK,-0.1446,0.100,1.0901,0,none
198.341,3709,-0.28253,-4.07345,0.69603,0,10,0,FALLBACK,0.0054,0.100,1.0919,0,none
198.391,3710,-0.28117,-3.49870,0.63937,0,10,0,FALLBACK,-0.1009,0.100,1.0936,0,none
198.441,3711,-0.27755,-3.59421,0.51007,0,10,0,FALLBACK,-0.1304,0.100,1.0952,0,none
198.491,3712,-0.27900,-3.63081,0.53079,0,10,0,FALLBACK,-0.0977,0.100,1.0969,0,none
198.542,3713,-0.29810,-3.71134,0.45515,0,10,0,FALLBACK,0.0860,0.100,1.0986,0,none
198.592,3714,-0.29023,-3.81085,0.69200,0,10,0,FALLBACK,-0.0882,0.100,1.0999,0,none
198.641,3715,-0.27755,-3.70827,0.45153,0,10,0,FALLBACK,-0.1757,0.100,1.1012,0,none
198.692,3716,-0.27120,-3.67379,0.66488,0,10,0,FALLBACK,-0.1758,0.100,1.1026,0,none
198.743,3717,-0.27281,-3.40478,0.47545,0,10,0,FALLBACK,-0.1279,0.100,1.1041,0,none
198.792,3718,-0.28357,-3.47834,0.48889,0,10,0,FALLBACK,-0.0284,0.100,1.1058,0,none
198.845,3719,-0.28355,-3.75118,0.55293,0,10,0,FALLBACK,-0.0824,0.100,1.1074,0,none
198.893,3720,-0.28307,-3.29745,0.57775,0,10,0,FALLBACK,-0.0870,0.100,1.1090,0,none
198.942,3721,-0.28608,-3.58757,0.59029,0,10,0,FALLBACK,-0.0546,0.100,1.1106,0,none
198.992,3722,-0.29478,-3.46844,0.50182,0,10,0,FALLBACK,0.0174,0.100,1.1122,0,none
199.042,3723,-0.29824,-3.38073,0.47927,0,10,0,FALLBACK,0.0085,0.100,1.1137,0,none
199.093,3724,-0.29989,-3.52784,0.52590,0,10,0,FALLBACK,0.0077,0.100,1.1153,0,none
199.143,3725,-0.30120,-3.45595,0.45735,0,10,0,FALLBACK,0.0126,0.100,1.1168,0,none
199.192,3726,-0.30226,-3.41949,0.53849,0,10,0,FALLBACK,0.0166,0.100,1.1184,0,none
199.241,3727,-0.30226,-3.63393,0.49445,0,10,0,FALLBACK,0.0113,0.100,1.1199,0,none
199.293,3728,-0.30386,-3.29533,0.49895,0,10,0,FALLBACK,0.0273,0.100,1.1214,0,none
199.343,3729,-0.30501,-3.46001,0.62896,0,10,0,FALLBACK,0.0308,0.100,1.1229,0,none
199.393,3730,-0.30494,-4.02707,0.66328,0,10,0,FALLBACK,0.0243,0.100,1.1244,0,none
199.443,3731,-0.30492,-3.64104,0.68717,0,10,0,FALLBACK,0.0245,0.100,1.1259,0,none
199.492,3732,-0.30135,-3.60518,0.62189,0,10,0,FALLBACK,-0.0111,0.100,1.1273,0,none
199.544,3733,-0.29699,-4.03059,0.44789,0,10,0,FALLBACK,-0.0369,0.100,1.1287,0,none
199.595,3734,-0.29350,-3.81823,0.63421,0,10,0,FALLBACK,-0.0500,0.100,1.1302,0,none
199.643,3735,-0.29433,-3.86166,0.61708,0,10,0,FALLBACK,-0.0242,0.100,1.1316,0,none
199.694,3736,-0.29248,-3.38461,0.49423,0,10,0,FALLBACK,-0.0469,0.100,1.1329,0,none
199.743,3737,-0.29125,-3.43747,0.53462,0,10,0,FALLBACK,-0.0498,0.100,1.1343,0,none
199.793,3738,-0.29185,-3.49542,0.56166,0,10,0,FALLBACK,-0.0378,0.100,1.1357,0,none
199.842,3739,-0.29434,-3.53414,0.47105,0,10,0,FALLBACK,-0.0159,0.100,1.1370,0,none
199.893,3740,-0.29812,-3.42063,0.50143,0,10,0,FALLBACK,0.0095,0.100,1.1384,0,none
199.945,3741,-0.30175,-3.50203,0.53543,0,10,0,FALLBACK,0.0269,0.100,1.1397,0,none
199.994,3742,-0.30459,-3.60125,0.60351,0,10,0,FALLBACK,0.0371,0.100,1.1410,0,none
200.045,3743,-0.30612,-3.69792,0.61260,0,10,0,FALLBACK,0.0383,0.100,1.1422,0,none
200.094,3744,-0.31152,-3.33443,0.45355,0,10,0,FALLBACK,0.0846,0.100,1.1435,0,none
200.145,3745,-0.30429,-3.08555,0.45731,0,10,0,FALLBACK,-0.0147,0.100,1.1447,0,none
200.195,3746,-0.29358,-3.26936,0.61613,0,10,0,FALLBACK,-0.0857,0.100,1.1459,0,none
200.245,3747,-0.28455,-2.94002,0.45229,0,10,0,FALLBACK,-0.1224,0.100,1.1471,0,none
200.295,3748,-0.28007,-3.25028,0.53645,0,10,0,FALLBACK,-0.1220,0.100,1.1482,0,none
200.345,3749,-0.28251,-3.24098,0.51079,0,10,0,FALLBACK,-0.0752,0.100,1.1493,0,none
200.395,3750,-0.28210,-3.38948,0.45450,0,10,0,FALLBACK,-0.0916,0.100,1.1505,0,none
200.445,3751,-0.28384,-3.53598,0.58234,0,10,0,FALLBACK,-0.0721,0.100,1.1517,0,none
200.496,3752,-0.28873,-3.44532,0.49152,0,10,0,FALLBACK,-0.0319,0.100,1.1528,0,none
200.546,3753,-0.30267,-3.47340,0.45354,0,10,0,FALLBACK,0.0830,0.100,1.1540,0,none
200.597,3754,-0.30135,-3.57085,0.44024,0,10,0,FALLBACK,0.0001,0.100,1.1552,0,none
200.645,3755,-0.29642,-3.88467,0.49639,0,10,0,FALLBACK,-0.0426,0.100,1.1561,0,none
200.695,3756,-0.29216,-3.77192,0.53477,0,10,0,FALLBACK,-0.0605,0.100,1.1572,0,none
200.747,3757,-0.30502,-3.44311,0.48787,0,10,0,FALLBACK,0.0894,0.100,1.1583,0,none
200.797,3758,-0.29075,-3.65837,0.57199,0,10,0,FALLBACK,-0.1176,0.100,1.1592,0,none
200.846,3759,-0.27163,-3.78781,0.54463,0,10,0,FALLBACK,-0.2375,0.100,1.1598,0,none
200.896,3760,-0.25931,-4.22806,0.65485,0,10,0,FALLBACK,-0.2651,0.100,1.1603,0,none
200.946,3761,-0.25850,-4.07212,0.72636,0,10,0,FALLBACK,-0.2116,0.100,1.1607,0,none
200.979,3762,-0.27208,-3.20443,0.51742,0,10,0,FALLBACK,-0.0717,0.100,1.1615,0,none
201.031,3763,-0.27011,-4.71163,0.73081,0,10,0,FALLBACK,-0.1593,0.100,1.1627,0,none
201.081,3764,-0.26969,-3.68965,0.61150,0,10,0,FALLBACK,-0.1537,0.100,1.1636,0,none
201.130,3765,-0.27645,-4.23746,0.72063,0,10,0,FALLBACK,-0.0839,0.100,1.1645,0,none
201.180,3766,-0.30015,-4.26481,0.59506,0,10,0,FALLBACK,0.1192,0.100,1.1656,0,none
201.231,3767,-0.28517,-3.84691,0.46880,0,10,0,FALLBACK,-0.1491,0.100,1.1660,0,none
201.279,3768,-0.26701,-4.35505,0.73632,0,10,0,FALLBACK,-0.2557,0.100,1.1661,0,none
201.331,3769,-0.26070,-4.25443,0.80560,0,10,0,FALLBACK,-0.2280,0.100,1.1663,0,none
201.380,3770,-0.28192,-3.01268,0.37960,0,10,0,FALLBACK,0.0157,0.100,1.1670,0,none
201.431,3771,-0.26905,-2.62407,0.50791,0,10,0,FALLBACK,-0.2190,0.100,1.1678,0,none
201.484,3772,-0.25562,-3.24134,0.63913,0,10,0,FALLBACK,-0.2890,0.100,1.1678,0,none
201.530,3773,-0.25547,-1.85455,0.80180,0,10,0,FALLBACK,-0.2234,0.100,1.1679,0,none
201.583,3774,-0.28237,1.37988,0.29892,0,10,0,FALLBACK,0.0464,0.100,1.1688,0,none
201.632,3775,-0.28047,0.60026,0.87504,0,10,0,FALLBACK,-0.1071,0.100,1.1694,0,none
201.680,3776,-0.27483,0.65829,0.43893,0,10,0,FALLBACK,-0.1541,0.100,1.1700,0,none
201.733,3777,-0.27635,-0.12934,0.13872,1,10,0,FALLBACK,-0.1107,0.100,1.1707,0,none
201.783,3778,-0.28396,0.04253,0.18450,1,10,0,FALLBACK,-0.0421,0.100,1.1717,0,none
201.831,3779,-0.29612,1.73221,0.25680,1,10,0,FALLBACK,0.0414,0.100,1.1727,0,none
201.883,3780,-0.29705,1.10471,0.36469,0,10,0,FALLBACK,-0.0101,0.100,1.1736,0,none
201.931,3781,-0.29588,0.19777,0.14007,1,10,0,FALLBACK,-0.0265,0.100,1.1745,0,none
201.982,3782,-0.29610,0.61910,0.36912,0,10,0,FALLBACK,-0.0184,0.100,1.1754,0,none
202.032,3783,-0.30368,0.96801,0.35576,0,10,0,FALLBACK,0.0563,0.100,1.1764,0,none
202.083,3784,-0.29226,0.51341,1.00341,0,10,0,FALLBACK,-0.0958,0.100,1.1772,0,none
202.134,3785,-0.28010,0.37046,1.28467,0,10,0,FALLBACK,-0.1602,0.100,1.1778,0,none
202.182,3786,-0.27504,-0.04960,0.24089,1,10,0,FALLBACK,-0.1501,0.100,1.1784,0,none
202.232,3787,-0.29110,0.12860,0.16673,1,10,0,FALLBACK,0.0358,0.100,1.1792,0,none
202.281,3788,-0.27650,0.08384,0.20472,1,10,0,FALLBACK,-0.1905,0.100,1.1799,0,none
202.334,3789,-0.26150,-3.19895,0.90024,0,10,0,FALLBACK,-0.2675,0.100,1.1799,0,none
202.382,3790,-0.25880,0.00631,0.26326,1,10,0,FALLBACK,-0.2195,0.100,1.1800,0,none
202.433,3791,-0.27856,-2.95815,0.74675,0,10,0,FALLBACK,-0.0084,0.100,1.1807,0,none
202.482,3792,-0.27880,-3.01689,0.49869,0,10,0,FALLBACK,-0.1048,0.100,1.1815,0,none
202.535,3793,-0.27749,-0.45644,1.18693,0,10,0,FALLBACK,-0.1191,0.100,1.1821,0,none
202.585,3794,-0.28181,-0.16235,1.10468,0,10,0,FALLBACK,-0.0693,0.100,1.1829,0,none
202.633,3795,-0.29031,-0.29246,0.33698,0,10,0,FALLBACK,-0.0059,0.100,1.1838,0,none
202.684,3796,-0.30229,-3.18852,0.49738,0,10,0,FALLBACK,0.0713,0.100,1.1846,0,none
202.735,3797,-0.29301,-1.09489,0.36315,0,10,0,FALLBACK,-0.0813,0.100,1.1853,0,none
202.783,3798,-0.28104,-3.59890,0.61014,0,10,0,FALLBACK,-0.1547,0.100,1.1858,0,none
202.832,3799,-0.27511,-3.55296,0.53608,0,10,0,FALLBACK,-0.1541,0.100,1.1864,0,none
202.885,3800,-0.28385,-3.80384,0.51672,0,10,0,FALLBACK,-0.0371,0.100,1.1871,0,none
202.932,3801,-0.26982,-3.74530,0.59950,0,10,0,FALLBACK,-0.2211,0.100,1.1879,0,none
202.987,3802,-0.25710,-3.48120,0.47389,0,10,0,FALLBACK,-0.2781,0.100,1.1879,0,none
203.035,3803,-0.25623,-3.79812,0.55666,0,10,0,FALLBACK,-0.2232,0.100,1.1881,0,none
203.085,3804,-0.27401,-3.88788,0.63069,0,10,0,FALLBACK,-0.0410,0.100,1.1886,0,none
203.135,3805,-0.27847,-3.59227,0.44491,0,10,0,FALLBACK,-0.0853,0.100,1.1894,0,none
203.186,3806,-0.28193,-3.43652,0.53128,0,10,0,FALLBACK,-0.0730,0.100,1.1902,0,none
203.236,3807,-0.28888,-3.42344,0.45486,0,10,0,FALLBACK,-0.0208,0.100,1.1909,0,none
203.286,3808,-0.30459,-3.62670,0.49846,0,10,0,FALLBACK,0.1015,0.100,1.1917,0,none
203.337,3809,-0.30426,-3.43929,0.51845,0,10,0,FALLBACK,0.0197,0.100,1.1922,0,none
203.385,3810,-0.29867,-3.41091,0.48186,0,10,0,FALLBACK,-0.0346,0.100,1.1929,0,none
203.436,3811,-0.29368,-3.51969,0.52131,0,10,0,FALLBACK,-0.0565,0.100,1.1937,0,none
203.487,3812,-0.29546,-3.51726,0.52418,0,10,0,FALLBACK,-0.0138,0.100,1.1944,0,none
203.536,3813,-0.29055,-3.80036,0.53906,0,10,0,FALLBACK,-0.0718,0.100,1.1951,0,none
203.588,3814,-0.28608,-3.51946,0.56464,0,10,0,FALLBACK,-0.0920,0.100,1.1958,0,none
203.638,3815,-0.28531,-3.56834,0.50360,0,10,0,FALLBACK,-0.0773,0.100,1.1965,0,none
203.687,3816,-0.30220,-3.81586,0.66869,0,10,0,FALLBACK,0.0954,0.100,1.1972,0,none
203.737,3817,-0.29393,-3.82913,0.52645,0,10,0,FALLBACK,-0.0717,0.100,1.1975,0,none
203.787,3818,-0.28068,-3.80687,0.52617,0,10,0,FALLBACK,-0.1629,0.100,1.1978,0,none
203.837,3819,-0.27318,-3.59470,0.32850,0,10,0,FALLBACK,-0.1716,0.100,1.1982,0,none
203.888,3820,-0.27401,-3.68581,0.42108,0,10,0,FALLBACK,-0.1258,0.100,1.1987,0,none
203.937,3821,-0.28578,-3.84796,0.69671,0,10,0,FALLBACK,-0.0123,0.100,1.1994,0,none
203.987,3822,-0.27768,-3.90352,0.53722,0,10,0,FALLBACK,-0.1521,0.100,1.2001,0,none
204.038,3823,-0.26950,-3.65873,0.59185,0,10,0,FALLBACK,-0.1934,0.100,1.2004,0,none
204.089,3824,-0.26966,-3.86843,0.54345,0,10,0,FALLBACK,-0.1509,0.100,1.2007,0,none
204.139,3825,-0.28731,-3.81049,0.57661,0,10,0,FALLBACK,0.0248,0.100,1.2013,0,none
204.186,3826,-0.27433,-3.37046,0.58443,0,10,0,FALLBACK,-0.1933,0.100,1.2017,0,none
204.237,3827,-0.25956,-3.45934,0.54918,0,10,0,FALLBACK,-0.2760,0.100,1.2016,0,none
204.288,3828,-0.25633,-3.46232,0.39561,0,10,0,FALLBACK,-0.2345,0.100,1.2015,0,none
204.338,3829,-0.27863,-3.41746,0.50942,0,10,0,FALLBACK,0.0046,0.100,1.2018,0,none
204.387,3830,-0.26821,-3.63107,0.48430,0,10,0,FALLBACK,-0.2110,0.100,1.2021,0,none
204.437,3831,-0.25573,-3.58738,0.47035,0,10,0,FALLBACK,-0.2838,0.100,1.2020,0,none
204.488,3832,-0.25526,-3.71023,0.41980,0,10,0,FALLBACK,-0.2260,0.100,1.2019,0,none
204.537,3833,-0.28436,-3.73370,0.57365,0,10,0,FALLBACK,0.0673,0.100,1.2023,0,none
204.591,3834,-0.27464,-3.93011,0.67023,0,10,0,FALLBACK,-0.1754,0.100,1.2022,0,none
204.638,3835,-0.25968,-3.96064,0.64640,0,10,0,FALLBACK,-0.2764,0.100,1.2020,0,none
204.689,3836,-0.25585,-3.84958,0.59235,0,10,0,FALLBACK,-0.2399,0.100,1.2018,0,none
204.738,3837,-0.28665,-4.08296,0.61717,0,10,0,FALLBACK,0.0872,0.100,1.2021,0,none
204.790,3838,-0.27304,-4.23594,0.48061,0,10,0,FALLBACK,-0.2029,0.100,1.2017,0,none
204.838,3839,-0.25328,-4.13492,0.67765,0,10,0,FALLBACK,-0.3324,0.100,1.2011,0,none
204.890,3840,-0.24682,-3.99507,0.63434,0,10,0,FALLBACK,-0.2983,0.100,1.2006,0,none
204.939,3841,-0.28552,-4.08026,0.61753,0,10,0,FALLBACK,0.1211,0.100,1.2007,0,none
204.990,3842,-0.26909,-3.74445,0.66569,0,10,0,FALLBACK,-0.2367,0.100,1.1994,0,none
205.040,3843,-0.24412,-4.45435,0.70172,0,10,0,FALLBACK,-0.4043,0.100,1.1983,0,none
205.091,3844,-0.23523,-4.14714,0.81668,0,10,0,FALLBACK,-0.3683,0.100,1.1972,0,none
205.139,3845,-0.28754,-4.20857,0.65079,0,10,0,FALLBACK,0.1992,0.100,1.1970,0,none
205.190,3846,-0.26589,-3.82499,0.72075,0,10,0,FALLBACK,-0.2788,0.100,1.1938,0,none
205.241,3847,-0.23101,-3.83642,0.63584,0,10,0,FALLBACK,-0.5194,0.100,1.1914,0,none
205.288,3848,-0.21653,-4.31333,0.65899,0,10,0,FALLBACK,-0.4897,0.100,1.1890,0,none
205.341,3849,-0.22777,-4.03810,0.64396,0,10,0,FALLBACK,-0.3049,0.100,1.1881,0,none
205.389,3850,-0.26402,-3.82728,0.57302,0,10,0,FALLBACK,0.0014,0.100,1.1889,0,none
205.438,3851,-0.25240,-3.84158,0.53595,0,10,0,FALLBACK,-0.2961,0.100,1.1894,0,none
205.494,3852,-0.23786,-3.97174,0.66342,0,10,0,FALLBACK,-0.3834,0.100,1.1886,0,none
205.539,3853,-0.24018,-4.36268,0.73185,0,10,0,FALLBACK,-0.2875,0.100,1.1881,0,none
205.589,3854,-0.27335,-4.07930,0.66819,0,10,0,FALLBACK,0.0327,0.100,1.1885,0,none
205.639,3855,-0.25419,-4.03680,0.69410,0,10,0,FALLBACK,-0.3249,0.100,1.1886,0,none
205.691,3856,-0.23149,-3.93228,0.61665,0,10,0,FALLBACK,-0.4561,0.100,1.1871,0,none
205.739,3857,-0.22825,-4.29876,0.71618,0,10,0,FALLBACK,-0.3749,0.100,1.1859,0,none
205.789,3858,-0.26423,-4.13081,0.64662,0,10,0,FALLBACK,0.0011,0.100,1.1859,0,none
205.839,3859,-0.25255,-3.83892,0.53861,0,10,0,FALLBACK,-0.2957,0.100,1.1858,0,none
205.891,3860,-0.23692,-4.10211,0.56942,0,10,0,FALLBACK,-0.3935,0.100,1.1853,0,none
205.943,3861,-0.23798,-3.68466,0.69758,0,10,0,FALLBACK,-0.3048,0.100,1.1847,0,none
205.990,3862,-0.28229,-3.95470,0.60854,0,10,0,FALLBACK,0.1330,0.100,1.1850,0,none
206.039,3863,-0.26728,-3.68076,0.59979,0,10,0,FALLBACK,-0.2387,0.100,1.1838,0,none
206.089,3864,-0.24279,-3.68213,0.37287,0,10,0,FALLBACK,-0.4085,0.100,1.1828,0,none
206.141,3865,-0.23462,-4.00833,0.76032,0,10,0,FALLBACK,-0.3677,0.100,1.1818,0,none
206.190,3866,-0.27501,-4.06671,0.71471,0,10,0,FALLBACK,0.0770,0.100,1.1818,0,none
206.243,3867,-0.26165,-3.84917,0.68651,0,10,0,FALLBACK,-0.2585,0.100,1.1807,0,none
206.292,3868,-0.24061,-3.86650,0.59693,0,10,0,FALLBACK,-0.4021,0.100,1.1801,0,none
206.341,3869,-0.23570,-4.06952,0.66601,0,10,0,FALLBACK,-0.3460,0.100,1.1793,0,none
206.393,3870,-0.28989,-3.94459,0.54320,0,10,0,FALLBACK,0.2204,0.100,1.1795,0,none
206.441,3871,-0.27197,-3.83212,0.72105,0,10,0,FALLBACK,-0.2298,0.100,1.1764,0,none
206.493,3872,-0.23959,-4.09301,0.67710,0,10,0,FALLBACK,-0.4639,0.100,1.1747,0,none
206.542,3873,-0.22495,-4.10591,0.58103,0,10,0,FALLBACK,-0.4484,0.100,1.1731,0,none
206.592,3874,-0.23335,-4.00809,0.74293,0,10,0,FALLBACK,-0.2912,0.100,1.1726,0,none
206.643,3875,-0.26773,-4.17178,0.54669,0,10,0,FALLBACK,0.0105,0.100,1.1735,0,none
206.691,3876,-0.26193,-4.43412,0.62850,0,10,0,FALLBACK,-0.2193,0.100,1.1746,0,none
206.743,3877,-0.25417,-3.86379,0.61498,0,10,0,FALLBACK,-0.2680,0.100,1.1752,0,none
206.795,3878,-0.25298,-3.74076,0.53005,0,10,0,FALLBACK,-0.2411,0.100,1.1749,0,none
206.843,3879,-0.28023,-3.86592,0.61876,0,10,0,FALLBACK,0.0374,0.100,1.1753,0,none
206.894,3880,-0.26670,-3.73486,0.57217,0,10,0,FALLBACK,-0.2341,0.100,1.1760,0,none
206.943,3881,-0.24845,-3.92650,0.65079,0,10,0,FALLBACK,-0.3490,0.100,1.1759,0,none
206.993,3882,-0.24210,-4.09591,0.71500,0,10,0,FALLBACK,-0.3212,0.100,1.1754,0,none
207.043,3883,-0.27678,-3.89210,0.64414,0,10,0,FALLBACK,0.0573,0.100,1.1754,0,none
207.094,3884,-0.26217,-3.80321,0.48544,0,10,0,FALLBACK,-0.2622,0.100,1.1758,0,none
207.145,3885,-0.24053,-3.78184,0.56584,0,10,0,FALLBACK,-0.4055,0.100,1.1752,0,none
207.193,3886,-0.23232,-3.85192,0.64561,0,10,0,FALLBACK,-0.3794,0.100,1.1742,0,none
207.244,3887,-0.27002,-3.82594,0.63471,0,10,0,FALLBACK,0.0386,0.100,1.1738,0,none
207.295,3888,-0.26465,-3.43201,0.54236,0,10,0,FALLBACK,-0.2036,0.100,1.1741,0,none
207.345,3889,-0.25213,-3.66116,0.54612,0,10,0,FALLBACK,-0.3020,0.100,1.1739,0,none
207.395,3890,-0.24921,-3.61133,0.67178,0,10,0,FALLBACK,-0.2686,0.100,1.1738,0,none
207.447,3891,-0.26027,-3.71050,0.57851,0,10,0,FALLBACK,-0.1433,0.100,1.1741,0,none
207.497,3892,-0.28524,-3.18599,0.56812,0,10,0,FALLBACK,0.0510,0.100,1.1751,0,none
207.545,3893,-0.28044,-3.40381,0.48099,0,10,0,FALLBACK,-0.1218,0.100,1.1760,0,none
207.597,3894,-0.27093,-3.76832,0.64332,0,10,0,FALLBACK,-0.1928,0.100,1.1765,0,none
207.647,3895,-0.26770,-3.52515,0.44521,0,10,0,FALLBACK,-0.1777,0.100,1.1770,0,none
207.696,3896,-0.28289,-3.59522,0.51495,0,10,0,FALLBACK,-0.0095,0.100,1.1776,0,none
207.746,3897,-0.26859,-3.59815,0.53666,0,10,0,FALLBACK,-0.2286,0.100,1.1784,0,none
207.796,3898,-0.25299,-3.69230,0.52296,0,10,0,FALLBACK,-0.3131,0.100,1.1787,0,none
207.847,3899,-0.24863,-3.58777,0.54695,0,10,0,FALLBACK,-0.2787,0.100,1.1785,0,none
207.896,3900,-0.26926,-3.79793,0.61781,0,10,0,FALLBACK,-0.0506,0.100,1.1788,0,none
207.944,3901,-0.26993,-4.13665,0.60896,0,10,0,FALLBACK,-0.1470,0.100,1.1796,0,none
207.996,3902,-0.27099,-4.21940,0.54614,0,10,0,FALLBACK,-0.1398,0.100,1.1803,0,none
208.029,3903,-0.27824,-3.89574,0.53960,0,10,0,FALLBACK,-0.0726,0.100,1.1811,0,none
208.079,3904,-0.30555,-4.16445,0.74068,0,10,0,FALLBACK,0.1643,0.100,1.1820,0,none
208.131,3905,-0.29450,-3.96791,0.53156,0,10,0,FALLBACK,-0.0827,0.100,1.1820,0,none
208.181,3906,-0.27749,-4.15419,0.64940,0,10,0,FALLBACK,-0.1976,0.100,1.1822,0,none
208.234,3907,-0.26956,-3.86093,0.64755,0,10,0,FALLBACK,-0.1919,0.100,1.1824,0,none
208.281,3908,-0.29776,-3.65309,0.48717,0,10,0,FALLBACK,0.1298,0.100,1.1831,0,none
208.330,3909,-0.27396,-3.68269,0.65668,0,10,0,FALLBACK,-0.2492,0.100,1.1828,0,none
208.382,3910,-0.24667,-3.79802,0.51091,0,10,0,FALLBACK,-0.4031,0.100,1.1815,0,none
208.433,3911,-0.23811,-3.74334,0.46835,0,10,0,FALLBACK,-0.3522,0.100,1.1802,0,none
208.484,3912,-0.24729,-3.78161,0.57860,0,10,0,FALLBACK,-0.2176,0.100,1.1805,0,none
208.533,3913,-0.27262,-4.12491,0.76208,0,10,0,FALLBACK,-0.0103,0.100,1.1816,0,none
208.582,3914,-0.26195,-3.74802,0.54286,0,10,0,FALLBACK,-0.2436,0.100,1.1824,0,none
208.632,3915,-0.25229,-3.74880,0.63497,0,10,0,FALLBACK,-0.2868,0.100,1.1822,0,none
208.684,3916,-0.25664,-3.72651,0.58703,0,10,0,FALLBACK,-0.1951,0.100,1.1822,0,none
208.735,3917,-0.28405,-3.70690,0.51880,0,10,0,FALLBACK,0.0573,0.100,1.1831,0,none
208.783,3918,-0.26623,-3.66854,0.67721,0,10,0,FALLBACK,-0.2579,0.100,1.1835,0,none
208.834,3919,-0.24766,-3.69350,0.57577,0,10,0,FALLBACK,-0.3546,0.100,1.1826,0,none
208.883,3920,-0.24603,-3.47174,0.50650,0,10,0,FALLBACK,-0.2780,0.100,1.1821,0,none
208.933,3921,-0.27356,-3.79761,0.65950,0,10,0,FALLBACK,0.0055,0.100,1.1827,0,none
208.983,3922,-0.26426,-3.74836,0.62506,0,10,0,FALLBACK,-0.2252,0.100,1.1833,0,none
209.033,3923,-0.25404,-3.67498,0.58849,0,10,0,FALLBACK,-0.2809,0.100,1.1831,0,none
209.085,3924,-0.25718,-3.65069,0.53026,0,10,0,FALLBACK,-0.1984,0.100,1.1832,0,none
209.132,3925,-0.28676,-4.20083,0.56471,0,10,0,FALLBACK,0.0817,0.100,1.1840,0,none
209.184,3926,-0.28113,-3.89719,0.67308,0,10,0,FALLBACK,-0.1225,0.100,1.1842,0,none
209.233,3927,-0.27121,-3.84943,0.64903,0,10,0,FALLBACK,-0.1936,0.100,1.1844,0,none
209.282,3928,-0.27038,-3.78635,0.54708,0,10,0,FALLBACK,-0.1522,0.100,1.1848,0,none
209.333,3929,-0.30231,-3.98239,0.74136,0,10,0,FALLBACK,0.1712,0.100,1.1855,0,none
209.383,3930,-0.28324,-3.61357,0.63992,0,10,0,FALLBACK,-0.1791,0.100,1.1850,0,none
209.434,3931,-0.25533,-3.69720,0.40018,0,10,0,FALLBACK,-0.3629,0.100,1.1839,0,none
209.484,3932,-0.24172,-3.83196,0.58799,0,10,0,FALLBACK,-0.3595,0.100,1.1832,0,none
209.535,3933,-0.24616,-3.49532,0.48410,0,10,0,FALLBACK,-0.2470,0.100,1.1831,0,none
209.583,3934,-0.26720,-3.55097,0.57669,0,10,0,FALLBACK,-0.0588,0.100,1.1839,0,none
209.635,3935,-0.26731,-3.05362,0.61098,0,10,0,FALLBACK,-0.1629,0.100,1.1848,0,none
209.686,3936,-0.26728,-3.27844,0.51522,0,10,0,FALLBACK,-0.1638,0.100,1.1854,0,none
209.735,3937,-0.27481,-3.48222,0.49800,0,10,0,FALLBACK,-0.0883,0.100,1.1861,0,none
209.784,3938,-0.29774,-3.69010,0.57389,0,10,0,FALLBACK,0.1034,0.100,1.1869,0,none
209.835,3939,-0.28374,-3.61587,0.53156,0,10,0,FALLBACK,-0.1513,0.100,1.1873,0,none
209.887,3940,-0.26480,-3.50861,0.51619,0,10,0,FALLBACK,-0.2707,0.100,1.1871,0,none
209.935,3941,-0.25653,-3.39850,0.50306,0,10,0,FALLBACK,-0.2587,0.100,1.1871,0,none
209.985,3942,-0.27573,-3.76887,0.59390,0,10,0,FALLBACK,-0.0253,0.100,1.1875,0,none
210.035,3943,-0.26007,-3.85115,0.62901,0,10,0,FALLBACK,-0.2779,0.100,1.1880,0,none
210.085,3944,-0.24392,-3.78362,0.55713,0,10,0,FALLBACK,-0.3612,0.100,1.1875,0,none
210.135,3945,-0.24310,-3.66231,0.53797,0,10,0,FALLBACK,-0.2886,0.100,1.1871,0,none
210.185,3946,-0.27647,-3.88555,0.39600,0,10,0,FALLBACK,0.0492,0.100,1.1875,0,none
210.235,3947,-0.27110,-3.69323,0.53322,0,10,0,FALLBACK,-0.1714,0.100,1.1874,0,none
210.285,3948,-0.25998,-3.35946,0.63189,0,10,0,FALLBACK,-0.2557,0.100,1.1877,0,none
210.336,3949,-0.25915,-3.49505,0.42527,0,10,0,FALLBACK,-0.2084,0.100,1.1878,0,none
210.386,3950,-0.29746,-3.30385,0.53064,0,10,0,FALLBACK,0.1789,0.100,1.1884,0,none
210.438,3951,-0.28009,-3.36022,0.51359,0,10,0,FALLBACK,-0.1864,0.100,1.1872,0,none
210.487,3952,-0.25249,-3.23192,0.43479,0,10,0,FALLBACK,-0.3756,0.100,1.1862,0,none
210.536,3953,-0.23927,-3.49882,0.40823,0,10,0,FALLBACK,-0.3698,0.100,1.1853,0,none
210.587,3954,-0.25829,-3.79712,0.63997,0,10,0,FALLBACK,-0.1135,0.100,1.1851,0,none
210.638,3955,-0.26336,-3.46486,0.51334,0,10,0,FALLBACK,-0.1579,0.100,1.1857,0,none
210.687,3956,-0.26892,-2.90878,0.64735,0,10,0,FALLBACK,-0.1276,0.100,1.1867,0,none
210.739,3957,-0.28040,-1.56067,0.85711,0,10,0,FALLBACK,-0.0406,0.100,1.1875,0,none
210.787,3958,-0.29587,-2.37345,0.70409,0,10,0,FALLBACK,0.0567,0.100,1.1883,0,none
210.838,3959,-0.30857,-2.09816,0.90333,0,10,0,FALLBACK,0.1063,0.100,1.1890,0,none
210.887,3960,-0.32781,-3.02155,0.68364,0,10,0,FALLBACK,0.2352,0.100,1.1897,0,none
210.937,3961,-0.34086,-3.46195,0.48251,0,10,0,FALLBACK,0.2696,0.100,1.1897,0,none
210.986,3962,-0.34220,-2.97090,0.68985,0,10,0,FALLBACK,0.2177,0.100,1.1898,0,none
211.039,3963,-0.33082,-3.21213,0.52260,0,10,0,FALLBACK,0.0972,0.100,1.1904,0,none
211.088,3964,-0.31819,-3.58228,0.43176,0,10,0,FALLBACK,0.0278,0.100,1.1913,0,none
211.139,3965,-0.30425,-3.69860,0.58550,0,10,0,FALLBACK,-0.0484,0.100,1.1922,0,none
211.187,3966,-0.29109,-3.89001,0.55481,0,10,0,FALLBACK,-0.1104,0.100,1.1930,0,none
211.237,3967,-0.28250,-3.55060,0.49501,0,10,0,FALLBACK,-0.1304,0.100,1.1936,0,none
211.287,3968,-0.27695,-3.18438,0.45315,0,10,0,FALLBACK,-0.1430,0.100,1.1942,0,none
211.337,3969,-0.27701,-3.22388,0.63531,0,10,0,FALLBACK,-0.1146,0.100,1.1949,0,none
211.387,3970,-0.28269,-3.56440,0.51863,0,10,0,FALLBACK,-0.0582,0.100,1.1956,0,none
211.438,3971,-0.28674,-3.21550,0.56295,0,10,0,FALLBACK,-0.0460,0.100,1.1963,0,none
211.487,3972,-0.30362,-2.74964,0.65178,0,10,0,FALLBACK,0.1025,0.100,1.1971,0,none
211.538,3973,-0.32077,-2.25931,0.87270,0,10,0,FALLBACK,0.1896,0.100,1.1975,0,none
211.589,3974,-0.33090,-3.03453,0.51122,0,10,0,FALLBACK,0.2052,0.100,1.1977,0,none
211.637,3975,-0.32603,-3.11625,0.67507,0,10,0,FALLBACK,0.1058,0.100,1.1980,0,none
211.688,3976,-0.32468,-2.80065,0.67621,0,10,0,FALLBACK,0.1166,0.100,1.1986,0,none
211.739,3977,-0.32049,-2.84882,0.48220,0,10,0,FALLBACK,0.0815,0.100,1.1994,0,none
211.789,3978,-0.31203,-3.22092,0.54641,0,10,0,FALLBACK,0.0179,0.100,1.2001,0,none
211.837,3979,-0.30126,-3.58888,0.54526,0,10,0,FALLBACK,-0.0475,0.100,1.2008,0,none
211.889,3980,-0.29044,-3.44507,0.56950,0,10,0,FALLBACK,-0.1019,0.100,1.2015,0,none
211.939,3981,-0.28750,-3.57425,0.51994,0,10,0,FALLBACK,-0.0772,0.100,1.2021,0,none
211.988,3982,-0.28930,-3.57069,0.52453,0,10,0,FALLBACK,-0.0445,0.100,1.2027,0,none
212.039,3983,-0.29364,-3.60678,0.53628,0,10,0,FALLBACK,-0.0101,0.100,1.2034,0,none
212.089,3984,-0.29937,-3.79328,0.69857,0,10,0,FALLBACK,0.0255,0.100,1.2040,0,none
212.140,3985,-0.30314,-3.76521,0.50498,0,10,0,FALLBACK,0.0346,0.100,1.2047,0,none
212.189,3986,-0.30530,-3.92980,0.65760,0,10,0,FALLBACK,0.0373,0.100,1.2053,0,none
212.239,3987,-0.30588,-3.73948,0.55559,0,10,0,FALLBACK,0.0323,0.100,1.2059,0,none
212.288,3988,-0.30828,-3.46772,0.60892,0,10,0,FALLBACK,0.0534,0.100,1.2065,0,none
212.340,3989,-0.29959,-3.58001,0.55105,0,10,0,FALLBACK,-0.0455,0.100,1.2072,0,none
212.390,3990,-0.28855,-3.29013,0.40029,0,10,0,FALLBACK,-0.1125,0.100,1.2078,0,none
212.440,3991,-0.27921,-3.74401,0.70427,0,10,0,FALLBACK,-0.1506,0.100,1.2083,0,none
212.490,3992,-0.27990,-3.40029,0.52822,0,10,0,FALLBACK,-0.0970,0.100,1.2086,0,none
212.541,3993,-0.27618,-3.67641,0.52912,0,10,0,FALLBACK,-0.1377,0.100,1.2091,0,none
212.590,3994,-0.27598,-3.46972,0.38794,0,10,0,FALLBACK,-0.1211,0.100,1.2096,0,none
212.641,3995,-0.28164,-3.45424,0.56542,0,10,0,FALLBACK,-0.0635,0.100,1.2101,0,none
212.690,3996,-0.29489,-3.23393,0.54056,0,10,0,FALLBACK,0.0407,0.100,1.2107,0,none
212.741,3997,-0.30146,-3.01098,0.57497,0,10,0,FALLBACK,0.0401,0.100,1.2112,0,none
212.791,3998,-0.30483,-3.06375,0.41387,0,10,0,FALLBACK,0.0410,0.100,1.2117,0,none
212.841,3999,-0.30643,-3.01668,0.50824,0,10,0,FALLBACK,0.0402,0.100,1.2123,0,none
212.890,4000,-0.30791,-3.06338,0.49853,0,10,0,FALLBACK,0.0469,0.100,1.2129,0,none
212.940,4001,-0.30455,-3.38565,0.44197,0,10,0,FALLBACK,0.0059,0.100,1.2134,0,none
212.991,4002,-0.29950,-3.64845,0.62447,0,10,0,FALLBACK,-0.0277,0.100,1.2140,0,none
213.041,4003,-0.29498,-3.51624,0.47689,0,10,0,FALLBACK,-0.0477,0.100,1.2145,0,none
213.091,4004,-0.28549,-3.40436,0.46872,0,10,0,FALLBACK,-0.1200,0.100,1.2150,0,none
213.141,4005,-0.29230,-2.85505,0.58135,0,10,0,FALLBACK,-0.0045,0.100,1.2154,0,none
213.190,4006,-0.30409,-3.09925,0.66966,0,10,0,FALLBACK,0.0794,0.100,1.2158,0,none
213.241,4007,-0.31392,-3.38833,0.43127,0,10,0,FALLBACK,0.1187,0.100,1.2162,0,none
213.291,4008,-0.31876,-3.29855,0.38216,0,10,0,FALLBACK,0.1180,0.100,1.2165,0,none
213.343,4009,-0.31694,-3.52874,0.56893,0,10,0,FALLBACK,0.0756,0.100,1.2169,0,none
213.392,4010,-0.32057,-3.51910,0.55345,0,10,0,FALLBACK,0.1210,0.100,1.2174,0,none
213.441,4011,-0.32131,-3.20341,0.50277,0,10,0,FALLBACK,0.1103,0.100,1.2179,0,none
213.495,4012,-0.31663,-3.37689,0.53844,0,10,0,FALLBACK,0.0598,0.100,1.2183,0,none
213.541,4013,-0.30714,-3.42650,0.49272,0,10,0,FALLBACK,-0.0117,0.100,1.2188,0,none
213.593,4014,-0.30015,-3.53050,0.58874,0,10,0,FALLBACK,-0.0343,0.100,1.2193,0,none
213.641,4015,-0.29482,-3.73434,0.58204,0,10,0,FALLBACK,-0.0525,0.100,1.2198,0,none
213.694,4016,-0.29142,-3.32537,0.60445,0,10,0,FALLBACK,-0.0599,0.100,1.2203,0,none
213.742,4017,-0.29151,-3.60333,0.50082,0,10,0,FALLBACK,-0.0419,0.100,1.2208,0,none
213.793,4018,-0.28986,-3.36325,0.48704,0,10,0,FALLBACK,-0.0590,0.100,1.2213,0,none
213.843,4019,-0.28983,-3.08737,0.45803,0,10,0,FALLBACK,-0.0510,0.100,1.2217,0,none
213.894,4020,-0.29235,-3.43854,0.48809,0,10,0,FALLBACK,-0.0256,0.100,1.2222,0,none
213.942,4021,-0.29462,-2.33750,0.83191,0,10,0,FALLBACK,-0.0155,0.100,1.2227,0,none
213.994,4022,-0.30498,-2.03632,0.89317,0,10,0,FALLBACK,0.0767,0.100,1.2231,0,none
214.044,4023,-0.31556,-3.45581,0.38906,0,10,0,FALLBACK,0.1307,0.100,1.2235,0,none
214.093,4024,-0.32197,-3.07866,0.46887,0,10,0,FALLBACK,0.1419,0.100,1.2237,0,none
214.143,4025,-0.31631,-3.38704,0.52437,0,10,0,FALLBACK,0.0532,0.100,1.2239,0,none
214.192,4026,-0.32124,-2.39619,0.63309,0,10,0,FALLBACK,0.1309,0.100,1.2243,0,none
214.242,4027,-0.32461,-3.11950,0.56847,0,10,0,FALLBACK,0.1399,0.100,1.2247,0,none
214.294,4028,-0.32211,-2.93270,0.47569,0,10,0,FALLBACK,0.0980,0.100,1.2249,0,none
214.344,4029,-0.30257,-2.96706,0.74570,0,10,0,FALLBACK,-0.0849,0.100,1.2253,0,none
214.394,4030,-0.30776,-3.29102,0.37193,0,10,0,FALLBACK,0.0647,0.100,1.2256,0,none
214.444,4031,-0.31826,-2.64152,0.59739,0,10,0,FALLBACK,0.1438,0.100,1.2257,0,none
214.493,4032,-0.32499,-2.98264,0.60007,0,10,0,FALLBACK,0.1586,0.100,1.2258,0,none
214.545,4033,-0.31030,-2.38872,0.56520,0,10,0,FALLBACK,-0.0220,0.100,1.2259,0,none
214.595,4034,-0.32186,-2.21430,0.75203,0,10,0,FALLBACK,0.1671,0.100,1.2261,0,none
214.644,4035,-0.33577,-2.34567,0.70785,0,10,0,FALLBACK,0.2484,0.100,1.2262,0,none
214.693,4036,-0.34110,-2.77994,0.45138,0,10,0,FALLBACK,0.2322,0.100,1.2258,0,none
214.743,4037,-0.32138,-2.69387,0.42245,0,10,0,FALLBACK,0.0083,0.100,1.2256,0,none
214.794,4038,-0.32097,-2.53900,0.66541,0,10,0,FALLBACK,0.1028,0.100,1.2258,0,none
214.843,4039,-0.32255,-2.59825,0.61935,0,10,0,FALLBACK,0.1206,0.100,1.2262,0,none
214.895,4040,-0.31971,-1.80944,0.80189,0,10,0,FALLBACK,0.0844,0.100,1.2264,0,none
214.945,4041,-0.28975,-2.71970,0.47489,0,10,0,FALLBACK,-0.2010,0.100,1.2268,0,none
214.995,4042,-0.30155,-1.27964,0.77369,0,10,0,FALLBACK,0.0667,0.100,1.2265,0,none
215.046,4043,-0.32465,-2.26645,0.81429,0,10,0,FALLBACK,0.2387,0.100,1.2259,0,none
215.095,4044,-0.34251,-2.60570,0.46291,0,10,0,FALLBACK,0.3018,0.100,1.2254,0,none
215.145,4045,-0.32167,-2.82999,0.68857,0,10,0,FALLBACK,0.0042,0.100,1.2246,0,none
215.197,4046,-0.33719,-3.38073,0.47682,0,10,0,FALLBACK,0.2636,0.100,1.2243,0,none
215.245,4047,-0.35523,-2.82572,0.72437,0,10,0,FALLBACK,0.3664,0.100,1.2240,0,none
215.294,4048,-0.36007,-2.87475,0.56542,0,10,0,FALLBACK,0.3245,0.100,1.2227,0,none
215.346,4049,-0.34738,-2.93889,0.73919,0,10,0,FALLBACK,0.1734,0.100,1.2221,0,none
215.397,4050,-0.31845,-3.83089,0.70165,0,10,0,FALLBACK,-0.0524,0.100,1.2225,0,none
215.445,4051,-0.30666,-3.35202,0.56438,0,10,0,FALLBACK,-0.0256,0.100,1.2231,0,none
215.479,4052,-0.30020,-3.42670,0.58637,0,10,0,FALLBACK,-0.0313,0.100,1.2234,0,none
215.529,4053,-0.29529,-3.36306,0.52445,0,10,0,FALLBACK,-0.0481,0.100,1.2238,0,none
215.580,4054,-0.28778,-3.31662,0.43549,0,10,0,FALLBACK,-0.0986,0.100,1.2243,0,none
215.629,4055,-0.30120,-2.86202,0.44710,0,10,0,FALLBACK,0.0731,0.100,1.2246,0,none
215.679,4056,-0.31648,-2.32923,0.49861,0,10,0,FALLBACK,0.1588,0.100,1.2247,0,none
215.732,4057,-0.32475,-2.74435,0.53051,0,10,0,FALLBACK,0.1651,0.100,1.2247,0,none
215.782,4058,-0.31906,-3.03477,0.45784,0,10,0,FALLBACK,0.0669,0.100,1.2249,0,none
215.832,4059,-0.32917,-2.89871,0.63206,0,10,0,FALLBACK,0.1964,0.100,1.2253,0,none
215.882,4060,-0.33568,-3.20396,0.52680,0,10,0,FALLBACK,0.2110,0.100,1.2252,0,none
215.933,4061,-0.33185,-2.95832,0.57319,0,10,0,FALLBACK,0.1401,0.100,1.2252,0,none
215.983,4062,-0.31384,-3.42295,0.50583,0,10,0,FALLBACK,-0.0209,0.100,1.2257,0,none
216.033,4063,-0.31296,-3.73671,0.56456,0,10,0,FALLBACK,0.0604,0.100,1.2261,0,none
216.083,4064,-0.31468,-3.54855,0.52549,0,10,0,FALLBACK,0.0820,0.100,1.2264,0,none
216.135,4065,-0.31266,-4.25678,0.47145,0,10,0,FALLBACK,0.0532,0.100,1.2267,0,none
216.184,4066,-0.30040,-3.63491,0.50429,0,10,0,FALLBACK,-0.0594,0.100,1.2271,0,none
216.234,4067,-0.30504,-3.33731,0.63824,0,10,0,FALLBACK,0.0484,0.100,1.2274,0,none
216.285,4068,-0.31282,-3.68979,0.54226,0,10,0,FALLBACK,0.1030,0.100,1.2277,0,none
216.333,4069,-0.31687,-3.72439,0.64154,0,10,0,FALLBACK,0.1046,0.100,1.2280,0,none
216.384,4070,-0.31139,-3.52600,0.54695,0,10,0,FALLBACK,0.0295,0.100,1.2282,0,none
216.434,4071,-0.31272,-3.31956,0.69663,0,10,0,FALLBACK,0.0702,0.100,1.2286,0,none
216.484,4072,-0.31347,-3.28249,0.48532,0,10,0,FALLBACK,0.0711,0.100,1.2290,0,none
216.535,4073,-0.31089,-3.20786,0.41267,0,10,0,FALLBACK,0.0416,0.100,1.2294,0,none
216.585,4074,-0.29778,-3.94538,0.61379,0,10,0,FALLBACK,-0.0767,0.100,1.2298,0,none
216.635,4075,-0.30232,-3.92848,0.48737,0,10,0,FALLBACK,0.0343,0.100,1.2300,0,none
216.687,4076,-0.31077,-3.07215,0.57806,0,10,0,FALLBACK,0.0961,0.100,1.2303,0,none
216.736,4077,-0.31599,-2.71178,0.63636,0,10,0,FALLBACK,0.1060,0.100,1.2305,0,none
216.785,4078,-0.30811,-3.09142,0.45335,0,10,0,FALLBACK,0.0012,0.100,1.2307,0,none
216.835,4079,-0.31404,-3.30529,0.50072,0,10,0,FALLBACK,0.0999,0.100,1.2310,0,none
216.886,4080,-0.32047,-3.49257,0.46853,0,10,0,FALLBACK,0.1345,0.100,1.2313,0,none
216.937,4081,-0.32128,-2.40847,0.90736,0,10,0,FALLBACK,0.1105,0.100,1.2314,0,none
216.987,4082,-0.29980,-3.27473,0.55000,0,10,0,FALLBACK,-0.1084,0.100,1.2317,0,none
217.039,4083,-0.31008,-3.71127,0.54133,0,10,0,FALLBACK,0.1018,0.100,1.2315,0,none
217.086,4084,-0.32621,-2.71548,0.64582,0,10,0,FALLBACK,0.2117,0.100,1.2314,0,none
217.137,4085,-0.33448,-3.20053,0.60793,0,10,0,FALLBACK,0.2137,0.100,1.2310,0,none
217.190,4086,-0.31234,-3.05757,0.60069,0,10,0,FALLBACK,-0.0490,0.100,1.2309,0,none
217.237,4087,-0.32261,-3.43030,0.62131,0,10,0,FALLBACK,0.1644,0.100,1.2306,0,none
217.288,4088,-0.33686,-3.68142,0.46389,0,10,0,FALLBACK,0.2555,0.100,1.2305,0,none
217.338,4089,-0.34075,-3.95024,0.53397,0,10,0,FALLBACK,0.2232,0.100,1.2300,0,none
217.388,4090,-0.33234,-3.84526,0.57281,0,10,0,FALLBACK,0.1196,0.100,1.2300,0,none
217.439,4091,-0.31477,-3.91866,0.69343,0,10,0,FALLBACK,-0.0140,0.100,1.2304,0,none
217.488,4092,-0.31068,-3.07236,0.74442,0,10,0,FALLBACK,0.0330,0.100,1.2308,0,none
217.538,4093,-0.30881,-3.24271,0.63218,0,10,0,FALLBACK,0.0347,0.100,1.2312,0,none
217.589,4094,-0.30509,-4.33964,0.83261,0,10,0,FALLBACK,0.0069,0.100,1.2316,0,none
217.641,4095,-0.29824,-3.66213,0.80298,0,10,0,FALLBACK,-0.0430,0.100,1.2320,0,none
217.689,4096,-0.30504,-3.69250,0.69590,0,10,0,FALLBACK,0.0592,0.100,1.2323,0,none
217.739,4097,-0.31346,-2.96644,0.65639,0,10,0,FALLBACK,0.1094,0.100,1.2326,0,none
217.791,4098,-0.31771,-3.53324,0.57678,0,10,0,FALLBACK,0.1098,0.100,1.2327,0,none
217.841,4099,-0.31253,-3.08734,0.64834,0,10,0,FALLBACK,0.0367,0.100,1.2329,0,none
217.889,4100,-0.32499,-3.56355,0.76473,0,10,0,FALLBACK,0.1873,0.100,1.2333,0,none
217.939,4101,-0.33555,-2.03642,0.54784,0,10,0,FALLBACK,0.2305,0.100,1.2331,0,none
217.990,4102,-0.33581,-3.24071,0.75014,0,10,0,FALLBACK,0.1803,0.100,1.2329,0,none
218.040,4103,-0.32055,-2.74763,0.53348,0,10,0,FALLBACK,0.0265,0.100,1.2330,0,none
218.089,4104,-0.32245,-1.91704,0.44983,0,10,0,FALLBACK,0.1218,0.100,1.2333,0,none
218.140,4105,-0.32464,-2.50849,0.42509,0,10,0,FALLBACK,0.1342,0.100,1.2336,0,none
218.190,4106,-0.32056,-2.91013,0.61815,0,10,0,FALLBACK,0.0824,0.100,1.2338,0,none
218.241,4107,-0.30400,-2.91940,0.61600,0,10,0,FALLBACK,-0.0628,0.100,1.2341,0,none
218.291,4108,-0.31073,-3.12837,0.47769,0,10,0,FALLBACK,0.0873,0.100,1.2343,0,none
218.340,4109,-0.32085,-3.23622,0.50188,0,10,0,FALLBACK,0.1549,0.100,1.2344,0,none
218.391,4110,-0.32490,-3.50889,0.60584,0,10,0,FALLBACK,0.1448,0.100,1.2343,0,none
218.441,4111,-0.30981,-3.49294,0.55719,0,10,0,FALLBACK,-0.0264,0.100,1.2345,0,none
218.490,4112,-0.32512,-3.45511,0.57876,0,10,0,FALLBACK,0.2022,0.100,1.2347,0,none
218.541,4113,-0.33944,-3.12886,0.50477,0,10,0,FALLBACK,0.2688,0.100,1.2342,0,none
218.591,4114,-0.34268,-3.33931,0.63263,0,10,0,FALLBACK,0.2296,0.100,1.2336,0,none
218.643,4115,-0.32225,-3.98239,0.56127,0,10,0,FALLBACK,0.0090,0.100,1.2336,0,none
218.693,4116,-0.32650,-3.19143,0.54704,0,10,0,FALLBACK,0.1537,0.100,1.2337,0,none
218.744,4117,-0.33233,-3.18198,0.57969,0,10,0,FALLBACK,0.1908,0.100,1.2339,0,none
218.794,4118,-0.32995,-3.70165,0.73353,0,10,0,FALLBACK,0.1379,0.100,1.2338,0,none
218.844,4119,-0.30288,-3.64591,0.43476,0,10,0,FALLBACK,-0.1209,0.100,1.2340,0,none
218.894,4120,-0.31265,-3.41501,0.58841,0,10,0,FALLBACK,0.1121,0.100,1.2340,0,none
218.947,4121,-0.33008,-3.15048,0.41255,0,10,0,FALLBACK,0.2375,0.100,1.2336,0,none
218.994,4122,-0.34082,-2.73309,0.62058,0,10,0,FALLBACK,0.2578,0.100,1.2331,0,none
219.043,4123,-0.31536,-3.21592,0.57166,0,10,0,FALLBACK,-0.0505,0.100,1.2326,0,none
219.094,4124,-0.34082,-2.66162,0.68624,0,10,0,FALLBACK,0.3314,0.100,1.2323,0,none
219.144,4125,-0.37214,-1.83683,0.84622,0,10,0,FALLBACK,0.5173,0.100,1.2312,0,none
219.195,4126,-0.38113,-2.65681,0.68258,0,10,0,FALLBACK,0.4506,0.100,1.2263,0,none
219.245,4127,-0.33742,-3.77424,0.74655,0,10,0,FALLBACK,-0.0315,0.100,1.2251,0,none
219.294,4128,-0.33504,-3.31215,0.48208,0,10,0,FALLBACK,0.1633,0.100,1.2248,0,none
219.346,4129,-0.34022,-3.26773,0.47394,0,10,0,FALLBACK,0.2270,0.100,1.2246,0,none
219.397,4130,-0.33810,-3.82278,0.48827,0,10,0,FALLBACK,0.1799,0.100,1.2244,0,none
219.447,4131,-0.29529,-3.56575,0.53499,0,10,0,FALLBACK,-0.2376,0.100,1.2244,0,none
219.495,4132,-0.30664,-3.53833,0.51114,0,10,0,FALLBACK,0.0899,0.100,1.2236,0,none
219.546,4133,-0.33258,-3.08272,0.81588,0,10,0,FALLBACK,0.2926,0.100,1.2222,0,none
219.597,4134,-0.35181,-3.51223,0.66177,0,10,0,FALLBACK,0.3552,0.100,1.2213,0,none
219.646,4135,-0.35482,-2.69916,0.66795,0,10,0,FALLBACK,0.2891,0.100,1.2201,0,none
219.697,4136,-0.33780,-3.17071,0.70777,0,10,0,FALLBACK,0.1039,0.100,1.2198,0,none
219.746,4137,-0.35043,-3.24009,0.39391,0,10,0,FALLBACK,0.3153,0.100,1.2204,0,none
219.797,4138,-0.36069,-3.18925,0.57456,0,10,0,FALLBACK,0.3548,0.100,1.2204,0,none
219.829,4139,-0.35592,-3.16778,0.62420,0,10,0,FALLBACK,0.2558,0.100,1.2193,0,none
219.881,4140,-0.32910,-3.38098,0.58785,0,10,0,FALLBACK,0.0113,0.100,1.2196,0,none
219.929,4141,-0.33527,-3.44944,0.54543,0,10,0,FALLBACK,0.2072,0.100,1.2200,0,none
219.981,4142,-0.34139,-3.16269,0.50936,0,10,0,FALLBACK,0.2376,0.100,1.2197,0,none
220.031,4143,-0.33548,-3.10623,0.57729,0,10,0,FALLBACK,0.1479,0.100,1.2196,0,none
220.079,4144,-0.31045,-3.39234,0.43448,0,10,0,FALLBACK,-0.0729,0.100,1.2201,0,none
220.130,4145,-0.32044,-3.04452,0.42821,0,10,0,FALLBACK,0.1521,0.100,1.2203,0,none
220.180,4146,-0.33285,-3.42656,0.39127,0,10,0,FALLBACK,0.2263,0.100,1.2200,0,none
220.230,4147,-0.33430,-3.51805,0.54734,0,10,0,FALLBACK,0.1787,0.100,1.2197,0,none
220.282,4148,-0.31392,-3.00471,0.66739,0,10,0,FALLBACK,-0.0323,0.100,1.2200,0,none
220.331,4149,-0.32519,-3.38390,0.40156,0,10,0,FALLBACK,0.1823,0.100,1.2203,0,none
220.380,4150,-0.33723,-3.62088,0.64561,0,10,0,FALLBACK,0.2463,0.100,1.2200,0,none
220.431,4151,-0.33738,-3.31871,0.47976,0,10,0,FALLBACK,0.1876,0.100,1.2197,0,none
220.479,4152,-0.31274,-3.37010,0.53018,0,10,0,FALLBACK,-0.0595,0.100,1.2200,0,none
220.531,4153,-0.32206,-3.47223,0.53253,0,10,0,FALLBACK,0.1569,0.100,1.2202,0,none
220.580,4154,-0.33383,-3.18836,0.44437,0,10,0,FALLBACK,0.2280,0.100,1.2199,0,none
220.631,4155,-0.33464,-3.67095,0.53522,0,10,0,FALLBACK,0.1773,0.100,1.2197,0,none
220.681,4156,-0.31161,-3.22598,0.57433,0,10,0,FALLBACK,-0.0571,0.100,1.2200,0,none
220.733,4157,-0.31806,-3.27829,0.63552,0,10,0,FALLBACK,0.1225,0.100,1.2202,0,none
220.781,4158,-0.32734,-3.23683,0.49358,0,10,0,FALLBACK,0.1832,0.100,1.2202,0,none
220.831,4159,-0.32790,-3.47339,0.57559,0,10,0,FALLBACK,0.1423,0.100,1.2202,0,none
220.884,4160,-0.30308,-3.41639,0.55996,0,10,0,FALLBACK,-0.1087,0.100,1.2205,0,none
220.931,4161,-0.31409,-3.28339,0.45730,0,10,0,FALLBACK,0.1255,0.100,1.2204,0,none
220.981,4162,-0.32932,-3.30235,0.44761,0,10,0,FALLBACK,0.2227,0.100,1.2202,0,none
221.031,4163,-0.33415,-3.22897,0.51410,0,10,0,FALLBACK,0.1949,0.100,1.2198,0,none
221.082,4164,-0.30965,-3.25696,0.64822,0,10,0,FALLBACK,-0.0742,0.100,1.2200,0,none
221.132,4165,-0.31961,-3.37350,0.48546,0,10,0,FALLBACK,0.1479,0.100,1.2200,0,none
221.185,4166,-0.33288,-3.28250,0.62393,0,10,0,FALLBACK,0.2308,0.100,1.2198,0,none
221.233,4167,-0.33529,-3.74325,0.60807,0,10,0,FALLBACK,0.1885,0.100,1.2194,0,none
221.283,4168,-0.32740,-3.29383,0.54702,0,10,0,FALLBACK,0.0975,0.100,1.2197,0,none
221.333,4169,-0.31099,-3.26994,0.64564,0,10,0,FALLBACK,-0.0271,0.100,1.2203,0,none
221.383,4170,-0.31503,-3.27039,0.54076,0,10,0,FALLBACK,0.0953,0.100,1.2208,0,none
221.432,4171,-0.32089,-3.68897,0.58036,0,10,0,FALLBACK,0.1338,0.100,1.2211,0,none
221.483,4172,-0.32098,-3.26946,0.48316,0,10,0,FALLBACK,0.1053,0.100,1.2213,0,none
221.531,4173,-0.31176,-3.64362,0.62325,0,10,0,FALLBACK,0.0127,0.100,1.2217,0,none
221.582,4174,-0.31432,-3.19733,0.46269,0,10,0,FALLBACK,0.0844,0.100,1.2221,0,none
221.635,4175,-0.31706,-3.53787,0.49771,0,10,0,FALLBACK,0.0990,0.100,1.2226,0,none
221.684,4176,-0.31538,-3.40940,0.64679,0,10,0,FALLBACK,0.0685,0.100,1.2229,0,none
221.734,4177,-0.30178,-3.26389,0.48146,0,10,0,FALLBACK,-0.0592,0.100,1.2233,0,none
221.783,4178,-0.31477,-3.17445,0.61996,0,10,0,FALLBACK,0.1389,0.100,1.2236,0,none
221.835,4179,-0.33027,-3.38646,0.40511,0,10,0,FALLBACK,0.2289,0.100,1.2235,0,none
221.882,4180,-0.33657,-3.22118,0.49464,0,10,0,FALLBACK,0.2143,0.100,1.2233,0,none
221.933,4181,-0.32282,-3.41788,0.60924,0,10,0,FALLBACK,0.0453,0.100,1.2233,0,none
221.983,4182,-0.32879,-3.55056,0.67067,0,10,0,FALLBACK,0.1739,0.100,1.2236,0,none
222.034,4183,-0.33424,-3.28914,0.60672,0,10,0,FALLBACK,0.1984,0.100,1.2239,0,none
222.084,4184,-0.33074,-3.29659,0.49318,0,10,0,FALLBACK,0.1361,0.100,1.2239,0,none
222.136,4185,-0.30661,-3.14457,0.49809,0,10,0,FALLBACK,-0.0875,0.100,1.2242,0,none
222.183,4186,-0.31210,-3.07687,0.67032,0,10,0,FALLBACK,0.0880,0.100,1.2242,0,none
222.235,4187,-0.32306,-3.23847,0.65036,0,10,0,FALLBACK,0.1701,0.100,1.2244,0,none
222.284,4188,-0.32752,-3.27287,0.38010,0,10,0,FALLBACK,0.1599,0.100,1.2244,0,none
222.335,4189,-0.31477,-3.36786,0.53750,0,10,0,FALLBACK,0.0101,0.100,1.2245,0,none
222.384,4190,-0.31751,-3.46823,0.49875,0,10,0,FALLBACK,0.1013,0.100,1.2249,0,none
222.435,4191,-0.32118,-3.13201,0.39332,0,10,0,FALLBACK,0.1242,0.100,1.2253,0,none
222.483,4192,-0.31948,-3.48919,0.47335,0,10,0,FALLBACK,0.0889,0.100,1.2255,0,none
222.535,4193,-0.29642,-3.32640,0.40123,0,10,0,FALLBACK,-0.1332,0.100,1.2259,0,none
222.584,4194,-0.30767,-3.33484,0.46068,0,10,0,FALLBACK,0.0946,0.100,1.2256,0,none
222.635,4195,-0.32573,-3.28668,0.59539,0,10,0,FALLBACK,0.2190,0.100,1.2255,0,none
222.687,4196,-0.33583,-3.77342,0.47835,0,10,0,FALLBACK,0.2296,0.100,1.2252,0,none
222.736,4197,-0.31763,-3.38160,0.50349,0,10,0,FALLBACK,-0.0028,0.100,1.2250,0,none
222.786,4198,-0.32508,-3.46781,0.52481,0,10,0,FALLBACK,0.1626,0.100,1.2252,0,none
222.834,4199,-0.33485,-3.44387,0.63156,0,10,0,FALLBACK,0.2231,0.100,1.2254,0,none
