time_s,frame,cte_true,cte_pred,mc_std,certified,fail_count,pass_count,mode,steer,throttle,speed,lap,hit
0.000,0,0.00242,-2.96822,0.42949,0,1,0,MODEL,0.0000,0.100,0.0000,0,none
0.060,1,0.00242,-3.01333,0.40029,0,2,0,MODEL,0.0000,0.100,0.0000,0,none
0.074,2,0.00242,-3.20308,0.41988,0,3,0,MODEL,0.0000,0.100,0.0000,0,none
0.112,3,0.00242,-3.22002,0.42527,0,4,0,MODEL,0.0000,0.100,0.0105,0,none
0.161,4,0.00240,-3.23955,0.51132,0,5,0,MODEL,0.0000,0.100,0.0244,0,none
0.211,5,0.00262,-3.33513,0.44881,0,6,0,MODEL,0.0000,0.100,0.0312,0,none
0.262,6,0.00271,-3.28684,0.43405,0,7,0,MODEL,0.0000,0.100,0.0484,0,none
0.312,7,0.00292,-3.40324,0.56117,0,8,0,MODEL,0.0000,0.100,0.0593,0,none
0.362,8,0.00328,-3.23945,0.53874,0,9,0,MODEL,0.0000,0.100,0.0761,0,none
0.412,9,0.00346,-3.24137,0.43739,0,10,0,FALLBACK,-1.0000,0.100,0.0842,0,none
0.462,10,0.00115,-2.93719,0.38897,0,10,0,FALLBACK,-1.0000,0.100,0.0928,0,none
0.512,11,-0.00446,-3.15505,0.36930,0,10,0,FALLBACK,-1.0000,0.100,0.1069,0,none
0.563,12,-0.01091,-3.18610,0.49984,0,10,0,FALLBACK,-1.0000,0.100,0.1172,0,none
0.611,13,-0.01841,-3.52982,0.43906,0,10,0,FALLBACK,-1.0000,0.100,0.1285,0,none
0.664,14,-0.02707,-3.88042,0.51588,0,10,0,FALLBACK,-1.0000,0.100,0.1395,0,none
0.712,15,-0.03698,-3.55957,0.50683,0,10,0,FALLBACK,-1.0000,0.100,0.1504,0,none
0.764,16,-0.04827,-3.51478,0.62737,0,10,0,FALLBACK,-1.0000,0.100,0.1611,0,none
0.812,17,-0.06105,-3.27245,0.36305,0,10,0,FALLBACK,-1.0000,0.100,0.1717,0,none
0.863,18,-0.07547,-3.11611,0.45352,0,10,0,FALLBACK,-1.0000,0.100,0.1822,0,none
0.912,19,-0.09164,-3.05903,0.37505,0,10,0,FALLBACK,-0.9610,0.100,0.1925,0,none
0.964,20,-0.11716,-2.62657,0.51847,0,10,0,FALLBACK,-0.7866,0.100,0.2068,0,none
1.014,21,-0.13679,-2.91579,0.41380,0,10,0,FALLBACK,-0.7179,0.100,0.2138,0,none
1.062,22,-0.14700,-3.19345,0.52074,0,10,0,FALLBACK,-0.7140,0.100,0.2257,0,none
1.113,23,-0.16742,-2.72713,0.59976,0,10,0,FALLBACK,-0.5608,0.100,0.2350,0,none
1.164,24,-0.17639,-2.38978,0.62481,0,10,0,FALLBACK,-0.5732,0.100,0.2457,0,none
1.213,25,-0.20049,-2.20443,0.50853,0,10,0,FALLBACK,-0.3770,0.100,0.2560,0,none
1.265,26,-0.22606,-0.96359,0.64255,0,10,0,FALLBACK,-0.2419,0.100,0.2664,0,none
1.313,27,-0.25096,-0.56175,0.41620,0,10,0,FALLBACK,-0.1207,0.100,0.2767,0,none
1.363,28,-0.27546,-0.81664,0.58182,0,10,0,FALLBACK,-0.0002,0.100,0.2868,0,none
1.413,29,-0.29936,-2.38858,0.63219,0,10,0,FALLBACK,0.1163,0.100,0.2967,0,none
1.466,30,-0.32230,-0.89643,0.70411,0,10,0,FALLBACK,0.2262,0.100,0.3065,0,none
1.514,31,-0.34390,-1.77552,0.72527,0,10,0,FALLBACK,0.3275,0.100,0.3161,0,none
1.564,32,-0.36383,-1.44655,0.87239,0,10,0,FALLBACK,0.4188,0.100,0.3256,0,none
1.613,33,-0.38175,-1.05143,0.74722,0,10,0,FALLBACK,0.4983,0.100,0.3350,0,none
1.664,34,-0.39738,-0.82356,0.68246,0,10,0,FALLBACK,0.5650,0.100,0.3442,0,none
1.714,35,-0.41045,-1.42298,0.77668,0,10,0,FALLBACK,0.6176,0.100,0.3533,0,none
1.765,36,-0.42076,-1.36192,0.69569,0,10,0,FALLBACK,0.6554,0.100,0.3622,0,none
1.815,37,-0.42818,-1.67920,0.74902,0,10,0,FALLBACK,0.6780,0.100,0.3711,0,none
1.866,38,-0.43263,-0.66620,0.69489,0,10,0,FALLBACK,0.6854,0.100,0.3799,0,none
1.914,39,-0.43411,-2.21551,0.57390,0,10,0,FALLBACK,0.6779,0.100,0.3887,0,none
1.967,40,-0.43268,-3.06508,0.63782,0,10,0,FALLBACK,0.6562,0.100,0.3974,0,none
2.014,41,-0.41074,-3.16087,0.45958,0,10,0,FALLBACK,0.4440,0.100,0.4062,0,none
2.066,42,-0.40906,-2.86208,0.50758,0,10,0,FALLBACK,0.5369,0.100,0.4152,0,none
2.117,43,-0.40791,-2.58541,0.61901,0,10,0,FALLBACK,0.5338,0.100,0.4236,0,none
2.164,44,-0.40287,-3.05446,0.61381,0,10,0,FALLBACK,0.4892,0.100,0.4320,0,none
2.214,45,-0.39512,-2.65462,0.55237,0,10,0,FALLBACK,0.4368,0.100,0.4405,0,none
2.266,46,-0.38557,-3.32680,0.59444,0,10,0,FALLBACK,0.3801,0.100,0.4490,0,none
2.317,47,-0.37455,-3.70913,0.61104,0,10,0,FALLBACK,0.3177,0.100,0.4575,0,none
2.366,48,-0.36240,-3.69137,0.55507,0,10,0,FALLBACK,0.2512,0.100,0.4658,0,none
2.418,49,-0.34951,-4.06965,0.61547,0,10,0,FALLBACK,0.1831,0.100,0.4741,0,none
2.467,50,-0.33632,-3.49468,0.57940,0,10,0,FALLBACK,0.1157,0.100,0.4823,0,none
2.516,51,-0.32326,-3.62315,0.48182,0,10,0,FALLBACK,0.0510,0.100,0.4903,0,none
2.567,52,-0.30138,-3.62607,0.63857,0,10,0,FALLBACK,-0.1025,0.100,0.4983,0,none
2.619,53,-0.29297,-3.67208,0.70115,0,10,0,FALLBACK,-0.0772,0.100,0.5059,0,none
2.669,54,-0.28766,-3.63659,0.51353,0,10,0,FALLBACK,-0.0883,0.100,0.5137,0,none
2.717,55,-0.28269,-3.52139,0.54371,0,10,0,FALLBACK,-0.1113,0.100,0.5213,0,none
2.767,56,-0.27856,-3.64985,0.65096,0,10,0,FALLBACK,-0.1278,0.100,0.5289,0,none
2.816,57,-0.27575,-3.76569,0.69855,0,10,0,FALLBACK,-0.1353,0.100,0.5364,0,none
2.869,58,-0.27427,-3.78325,0.53011,0,10,0,FALLBACK,-0.1360,0.100,0.5438,0,none
2.918,59,-0.27406,-3.95827,0.71782,0,10,0,FALLBACK,-0.1308,0.100,0.5512,0,none
2.967,60,-0.27497,-3.59832,0.52331,0,10,0,FALLBACK,-0.1206,0.100,0.5585,0,none
3.016,61,-0.27689,-3.74807,0.67847,0,10,0,FALLBACK,-0.1060,0.100,0.5657,0,none
3.068,62,-0.27873,-3.83296,0.66505,0,10,0,FALLBACK,-0.0972,0.100,0.5729,0,none
3.117,63,-0.28250,-3.78108,0.64172,0,10,0,FALLBACK,-0.0687,0.100,0.5800,0,none
3.167,64,-0.28687,-4.06071,0.72521,0,10,0,FALLBACK,-0.0438,0.100,0.5870,0,none
3.218,65,-0.29128,-4.12584,0.53213,0,10,0,FALLBACK,-0.0215,0.100,0.5939,0,none
3.268,66,-0.29553,-3.80974,0.65521,0,10,0,FALLBACK,-0.0011,0.100,0.6008,0,none
3.318,67,-0.29946,-3.94548,0.60954,0,10,0,FALLBACK,0.0169,0.100,0.6076,0,none
3.368,68,-0.30292,-3.86866,0.60206,0,10,0,FALLBACK,0.0319,0.100,0.6143,0,none
3.418,69,-0.30578,-4.00175,0.60737,0,10,0,FALLBACK,0.0432,0.100,0.6209,0,none
3.468,70,-0.31233,-3.94275,0.66753,0,10,0,FALLBACK,0.0945,0.100,0.6286,0,none
3.518,71,-0.31186,-3.96472,0.48225,0,10,0,FALLBACK,0.0569,0.100,0.6343,0,none
3.569,72,-0.30944,-3.97735,0.55242,0,10,0,FALLBACK,0.0351,0.100,0.6402,0,none
3.618,73,-0.30723,-3.86945,0.49499,0,10,0,FALLBACK,0.0251,0.100,0.6470,0,none
3.669,74,-0.30519,-3.94034,0.53803,0,10,0,FALLBACK,0.0157,0.100,0.6530,0,none
3.719,75,-0.30307,-4.06851,0.69118,0,10,0,FALLBACK,0.0047,0.100,0.6596,0,none
3.771,76,-0.30106,-3.77964,0.63514,0,10,0,FALLBACK,-0.0047,0.100,0.6654,0,none
3.820,77,-0.29923,-4.26761,0.63100,0,10,0,FALLBACK,-0.0130,0.100,0.6719,0,none
3.869,78,-0.29690,-4.33819,0.64719,0,10,0,FALLBACK,-0.0271,0.100,0.6777,0,none
3.918,79,-0.29623,-4.35313,0.75659,0,10,0,FALLBACK,-0.0222,0.100,0.6838,0,none
3.968,80,-0.29619,-3.86142,0.56309,0,10,0,FALLBACK,-0.0192,0.100,0.6897,0,none
4.019,81,-0.29632,-3.81014,0.57178,0,10,0,FALLBACK,-0.0178,0.100,0.6956,0,none
4.070,82,-0.29662,-3.57232,0.52215,0,10,0,FALLBACK,-0.0154,0.100,0.7014,0,none
4.118,83,-0.29711,-3.51543,0.67716,0,10,0,FALLBACK,-0.0120,0.100,0.7072,0,none
4.169,84,-0.29773,-3.70106,0.68509,0,10,0,FALLBACK,-0.0083,0.100,0.7129,0,none
4.220,85,-0.29263,-3.58981,0.53223,0,10,0,FALLBACK,-0.0623,0.100,0.7185,0,none
4.268,86,-0.29658,-3.64670,0.42802,0,10,0,FALLBACK,0.0027,0.100,0.7241,0,none
4.320,87,-0.30214,-3.48220,0.49752,0,10,0,FALLBACK,0.0385,0.100,0.7296,0,none
4.369,88,-0.30613,-3.23789,0.53353,0,10,0,FALLBACK,0.0506,0.100,0.7350,0,none
4.418,89,-0.30859,-3.58960,0.49457,0,10,0,FALLBACK,0.0552,0.100,0.7404,0,none
4.470,90,-0.30993,-3.80180,0.53708,0,10,0,FALLBACK,0.0564,0.100,0.7458,0,none
4.520,91,-0.31031,-3.69704,0.37089,0,10,0,FALLBACK,0.0535,0.100,0.7511,0,none
4.570,92,-0.30716,-3.72034,0.49447,0,10,0,FALLBACK,0.0201,0.100,0.7563,0,none
4.618,93,-0.30761,-3.85691,0.56500,0,10,0,FALLBACK,0.0403,0.100,0.7616,0,none
4.673,94,-0.30830,-3.81641,0.54597,0,10,0,FALLBACK,0.0450,0.100,0.7667,0,none
4.719,95,-0.30797,-4.00593,0.57656,0,10,0,FALLBACK,0.0382,0.100,0.7718,0,none
4.771,96,-0.30677,-3.94598,0.73436,0,10,0,FALLBACK,0.0278,0.100,0.7768,0,none
4.821,97,-0.30496,-4.10202,0.60336,0,10,0,FALLBACK,0.0158,0.100,0.7818,0,none
4.870,98,-0.30813,-4.25132,0.91222,0,10,0,FALLBACK,0.0565,0.100,0.7868,0,none
4.919,99,-0.30327,-3.95708,0.58157,0,10,0,FALLBACK,-0.0080,0.100,0.7917,0,none
4.971,100,-0.29710,-4.17529,0.71634,0,10,0,FALLBACK,-0.0453,0.100,0.7965,0,none
5.020,101,-0.29259,-3.90051,0.62009,0,10,0,FALLBACK,-0.0596,0.100,0.8013,0,none
5.071,102,-0.28992,-4.13366,0.60519,0,10,0,FALLBACK,-0.0638,0.100,0.8060,0,none
5.121,103,-0.28870,-3.99266,0.60825,0,10,0,FALLBACK,-0.0626,0.100,0.8107,0,none
5.174,104,-0.28874,-3.70280,0.51316,0,10,0,FALLBACK,-0.0561,0.100,0.8153,0,none
5.221,105,-0.29360,-3.72349,0.63301,0,10,0,FALLBACK,-0.0077,0.100,0.8200,0,none
5.272,106,-0.29231,-3.71828,0.59488,0,10,0,FALLBACK,-0.0449,0.100,0.8245,0,none
5.322,107,-0.29038,-3.58851,0.46774,0,10,0,FALLBACK,-0.0578,0.100,0.8290,0,none
5.371,108,-0.29005,-3.92670,0.53431,0,10,0,FALLBACK,-0.0514,0.100,0.8334,0,none
5.421,109,-0.29116,-3.62731,0.50111,0,10,0,FALLBACK,-0.0387,0.100,0.8379,0,none
5.472,110,-0.29307,-3.80089,0.57989,0,10,0,FALLBACK,-0.0251,0.100,0.8423,0,none
5.523,111,-0.30125,-4.07590,0.65066,0,10,0,FALLBACK,0.0471,0.100,0.8466,0,none
5.575,112,-0.29830,-4.04853,0.61132,0,10,0,FALLBACK,-0.0232,0.100,0.8508,0,none
5.622,113,-0.29334,-3.74183,0.53075,0,10,0,FALLBACK,-0.0581,0.100,0.8550,0,none
5.672,114,-0.29041,-3.79444,0.39516,0,10,0,FALLBACK,-0.0626,0.100,0.8592,0,none
5.724,115,-0.28960,-3.90527,0.60413,0,10,0,FALLBACK,-0.0560,0.100,0.8633,0,none
5.772,116,-0.29020,-3.46641,0.61974,0,10,0,FALLBACK,-0.0460,0.100,0.8674,0,none
5.824,117,-0.29990,-3.47231,0.50004,0,10,0,FALLBACK,0.0480,0.100,0.8715,0,none
5.874,118,-0.29320,-3.67731,0.46781,0,10,0,FALLBACK,-0.0675,0.100,0.8755,0,none
5.924,119,-0.28432,-3.56526,0.68498,0,10,0,FALLBACK,-0.1228,0.100,0.8793,0,none
5.974,120,-0.27950,-3.73932,0.77627,0,10,0,FALLBACK,-0.1265,0.100,0.8831,0,none
6.024,121,-0.27883,-3.54580,0.57761,0,10,0,FALLBACK,-0.1093,0.100,0.8870,0,none
6.074,122,-0.29518,-3.64725,0.59702,0,10,0,FALLBACK,0.0576,0.100,0.8909,0,none
6.125,123,-0.28917,-3.62823,0.48145,0,10,0,FALLBACK,-0.0842,0.100,0.8944,0,none
6.174,124,-0.27936,-3.60345,0.57826,0,10,0,FALLBACK,-0.1522,0.100,0.8980,0,none
6.224,125,-0.27456,-3.85527,0.51072,0,10,0,FALLBACK,-0.1512,0.100,0.9016,0,none
6.273,126,-0.27499,-3.72670,0.53900,0,10,0,FALLBACK,-0.1229,0.100,0.9053,0,none
6.323,127,-0.27876,-3.55389,0.57224,0,10,0,FALLBACK,-0.0874,0.100,0.9090,0,none
6.373,128,-0.29997,-3.72305,0.50212,0,10,0,FALLBACK,0.1059,0.100,0.9126,0,none
6.426,129,-0.29234,-3.97537,0.63661,0,10,0,FALLBACK,-0.0765,0.100,0.9160,0,none
6.474,130,-0.27844,-3.81533,0.63255,0,10,0,FALLBACK,-0.1773,0.100,0.9191,0,none
6.524,131,-0.26939,-3.81158,0.75653,0,10,0,FALLBACK,-0.1983,0.100,0.9224,0,none
6.575,132,-0.26745,-3.56362,0.60867,0,10,0,FALLBACK,-0.1724,0.100,0.9256,0,none
6.625,133,-0.29449,-3.65184,0.65252,0,10,0,FALLBACK,0.1077,0.100,0.9290,0,none
6.677,134,-0.28521,-3.89097,0.56390,0,10,0,FALLBACK,-0.1203,0.100,0.9321,0,none
6.725,135,-0.26777,-3.50979,0.60749,0,10,0,FALLBACK,-0.2484,0.100,0.9347,0,none
6.774,136,-0.25695,-3.97715,0.59491,0,10,0,FALLBACK,-0.2694,0.100,0.9375,0,none
6.826,137,-0.25591,-3.69054,0.53935,0,10,0,FALLBACK,-0.2256,0.100,0.9404,0,none
6.877,138,-0.26238,-3.97092,0.62515,0,10,0,FALLBACK,-0.1558,0.100,0.9436,0,none
6.927,139,-0.28608,-3.47420,0.51758,0,10,0,FALLBACK,0.0489,0.100,0.9470,0,none
6.976,140,-0.28231,-3.48653,0.45214,0,10,0,FALLBACK,-0.1073,0.100,0.9502,0,none
7.026,141,-0.27311,-3.31569,0.57186,0,10,0,FALLBACK,-0.1804,0.100,0.9530,0,none
7.075,142,-0.26888,-3.20101,0.40262,0,10,0,FALLBACK,-0.1768,0.100,0.9559,0,none
7.126,143,-0.27139,-3.29837,0.53185,0,10,0,FALLBACK,-0.1305,0.100,0.9589,0,none
7.177,144,-0.29222,-3.14786,0.53661,0,10,0,FALLBACK,0.0652,0.100,0.9620,0,none
7.228,145,-0.28705,-3.17555,0.46377,0,10,0,FALLBACK,-0.0906,0.100,0.9650,0,none
7.276,146,-0.27639,-3.17058,0.42260,0,10,0,FALLBACK,-0.1714,0.100,0.9677,0,none
7.326,147,-0.27030,-3.40979,0.41513,0,10,0,FALLBACK,-0.1789,0.100,0.9705,0,none
7.376,148,-0.27102,-3.30884,0.45545,0,10,0,FALLBACK,-0.1413,0.100,0.9733,0,none
7.428,149,-0.28540,-3.49281,0.61663,0,10,0,FALLBACK,-0.0011,0.100,0.9763,0,none
7.477,150,-0.28606,-3.13595,0.46922,0,10,0,FALLBACK,-0.0664,0.100,0.9792,0,none
7.528,151,-0.28403,-3.48722,0.49752,0,10,0,FALLBACK,-0.0900,0.100,0.9820,0,none
7.577,152,-0.28430,-3.98080,0.56494,0,10,0,FALLBACK,-0.0772,0.100,0.9849,0,none
7.627,153,-0.28771,-3.79481,0.60509,0,10,0,FALLBACK,-0.0444,0.100,0.9878,0,none
7.677,154,-0.29683,-3.54406,0.50810,0,10,0,FALLBACK,0.0297,0.100,0.9906,0,none
7.710,155,-0.29925,-3.78719,0.66014,0,10,0,FALLBACK,0.0083,0.100,0.9934,0,none
7.759,156,-0.29967,-3.65757,0.53637,0,10,0,FALLBACK,0.0005,0.100,0.9962,0,none
7.811,157,-0.30001,-3.55334,0.44930,0,10,0,FALLBACK,0.0017,0.100,0.9989,0,none
7.863,158,-0.30049,-3.80440,0.53694,0,10,0,FALLBACK,0.0048,0.100,1.0017,0,none
7.910,159,-0.30575,-3.84933,0.70544,0,10,0,FALLBACK,0.0551,0.100,1.0044,0,none
7.962,160,-0.30073,-3.62248,0.54300,0,10,0,FALLBACK,-0.0215,0.100,1.0070,0,none
8.012,161,-0.29437,-3.72555,0.53772,0,10,0,FALLBACK,-0.0599,0.100,1.0097,0,none
8.061,162,-0.29056,-3.72260,0.57305,0,10,0,FALLBACK,-0.0662,0.100,1.0122,0,none
8.114,163,-0.28935,-3.63273,0.59741,0,10,0,FALLBACK,-0.0593,0.100,1.0148,0,none
8.161,164,-0.28808,-3.77430,0.62175,0,10,0,FALLBACK,-0.0660,0.100,1.0174,0,none
8.214,165,-0.29238,-3.53704,0.50261,0,10,0,FALLBACK,-0.0166,0.100,1.0200,0,none
8.262,166,-0.29793,-3.26377,0.45520,0,10,0,FALLBACK,0.0174,0.100,1.0225,0,none
8.314,167,-0.30254,-2.82437,0.32243,0,10,0,FALLBACK,0.0358,0.100,1.0250,0,none
8.362,168,-0.30568,-2.93750,0.44304,0,10,0,FALLBACK,0.0441,0.100,1.0274,0,none
8.414,169,-0.30613,-3.04667,0.42058,0,10,0,FALLBACK,0.0328,0.100,1.0298,0,none
8.466,170,-0.30757,-3.47956,0.62304,0,10,0,FALLBACK,0.0451,0.100,1.0323,0,none
8.514,171,-0.30815,-3.13885,0.48260,0,10,0,FALLBACK,0.0436,0.100,1.0347,0,none
8.563,172,-0.30720,-3.19435,0.44569,0,10,0,FALLBACK,0.0312,0.100,1.0370,0,none
8.614,173,-0.30502,-3.30151,0.45160,0,10,0,FALLBACK,0.0143,0.100,1.0394,0,none
8.665,174,-0.30331,-3.31878,0.56027,0,10,0,FALLBACK,0.0079,0.100,1.0417,0,none
8.715,175,-0.29906,-3.27759,0.51538,0,10,0,FALLBACK,-0.0259,0.100,1.0441,0,none
8.767,176,-0.29498,-3.19014,0.58658,0,10,0,FALLBACK,-0.0455,0.100,1.0463,0,none
8.816,177,-0.29245,-3.43060,0.47394,0,10,0,FALLBACK,-0.0504,0.100,1.0486,0,none
8.866,178,-0.29178,-3.77165,0.55318,0,10,0,FALLBACK,-0.0445,0.100,1.0508,0,none
8.917,179,-0.29529,-3.63967,0.50196,0,10,0,FALLBACK,-0.0060,0.100,1.0530,0,none
8.966,180,-0.29199,-3.70132,0.57056,0,10,0,FALLBACK,-0.0565,0.100,1.0552,0,none
9.014,181,-0.28856,-3.59690,0.47368,0,10,0,FALLBACK,-0.0744,0.100,1.0573,0,none
9.066,182,-0.28779,-3.48191,0.64162,0,10,0,FALLBACK,-0.0649,0.100,1.0594,0,none
9.118,183,-0.29926,-3.27959,0.29351,0,10,0,FALLBACK,0.0536,0.100,1.0616,0,none
9.167,184,-0.29419,-3.46578,0.47434,0,10,0,FALLBACK,-0.0544,0.100,1.0635,0,none
9.219,185,-0.28610,-3.56823,0.64632,0,10,0,FALLBACK,-0.1100,0.100,1.0654,0,none
9.267,186,-0.28179,-3.66509,0.58862,0,10,0,FALLBACK,-0.1126,0.100,1.0674,0,none
9.318,187,-0.28229,-3.55542,0.53714,0,10,0,FALLBACK,-0.0860,0.100,1.0694,0,none
9.366,188,-0.29688,-3.62705,0.59209,0,10,0,FALLBACK,0.0574,0.100,1.0714,0,none
9.417,189,-0.28977,-3.19836,0.51362,0,10,0,FALLBACK,-0.0867,0.100,1.0732,0,none
9.467,190,-0.27929,-3.08597,0.43616,0,10,0,FALLBACK,-0.1559,0.100,1.0749,0,none
9.518,191,-0.27440,-3.14853,0.42733,0,10,0,FALLBACK,-0.1524,0.100,1.0766,0,none
9.567,192,-0.27616,-3.15662,0.41651,0,10,0,FALLBACK,-0.1104,0.100,1.0784,0,none
9.617,193,-0.29183,-3.32950,0.45204,0,10,0,FALLBACK,0.0375,0.100,1.0804,0,none
9.669,194,-0.28069,-3.15046,0.58001,0,10,0,FALLBACK,-0.1523,0.100,1.0821,0,none
9.718,195,-0.26712,-3.18478,0.42433,0,10,0,FALLBACK,-0.2323,0.100,1.0834,0,none
9.767,196,-0.26230,-3.35008,0.43822,0,10,0,FALLBACK,-0.2126,0.100,1.0848,0,none
9.819,197,-0.29123,-3.33767,0.42424,0,10,0,FALLBACK,0.1009,0.100,1.0865,0,none
9.867,198,-0.27690,-3.36931,0.51756,0,10,0,FALLBACK,-0.1871,0.100,1.0872,0,none
9.918,199,-0.25580,-3.62877,0.67800,0,10,0,FALLBACK,-0.3265,0.100,1.0879,0,none
9.967,200,-0.24676,-3.50524,0.57871,0,10,0,FALLBACK,-0.3114,0.100,1.0887,0,none
10.018,201,-0.25181,-3.55767,0.53242,0,10,0,FALLBACK,-0.2158,0.100,1.0900,0,none
10.069,202,-0.27682,-3.72890,0.49741,0,10,0,FALLBACK,0.0092,0.100,1.0918,0,none
10.119,203,-0.27777,-3.99517,0.57498,0,10,0,FALLBACK,-0.1064,0.100,1.0934,0,none
10.170,204,-0.27495,-3.87071,0.65955,0,10,0,FALLBACK,-0.1394,0.100,1.0950,0,none
10.221,205,-0.27742,-3.45288,0.40971,0,10,0,FALLBACK,-0.1006,0.100,1.0966,0,none
10.271,206,-0.30304,-3.67434,0.42555,0,10,0,FALLBACK,0.1433,0.100,1.0984,0,none
10.319,207,-0.29598,-3.71113,0.56386,0,10,0,FALLBACK,-0.0554,0.100,1.0992,0,none
10.369,208,-0.28117,-3.60467,0.47946,0,10,0,FALLBACK,-0.1682,0.100,1.1005,0,none
10.420,209,-0.27217,-3.66272,0.57157,0,10,0,FALLBACK,-0.1841,0.100,1.1018,0,none
10.470,210,-0.27154,-3.57598,0.50483,0,10,0,FALLBACK,-0.1455,0.100,1.1033,0,none
10.519,211,-0.28410,-3.80605,0.52870,0,10,0,FALLBACK,-0.0167,0.100,1.1049,0,none
10.571,212,-0.28305,-3.67367,0.51492,0,10,0,FALLBACK,-0.0900,0.100,1.1065,0,none
10.620,213,-0.28080,-3.56756,0.43498,0,10,0,FALLBACK,-0.1073,0.100,1.1081,0,none
10.671,214,-0.28265,-3.27715,0.45107,0,10,0,FALLBACK,-0.0775,0.100,1.1097,0,none
10.721,215,-0.29227,-3.25114,0.51713,0,10,0,FALLBACK,0.0094,0.100,1.1113,0,none
10.770,216,-0.29627,-3.44040,0.47593,0,10,0,FALLBACK,0.0014,0.100,1.1128,0,none
10.820,217,-0.29847,-3.27861,0.49655,0,10,0,FALLBACK,0.0034,0.100,1.1144,0,none
10.872,218,-0.30052,-3.70726,0.63574,0,10,0,FALLBACK,0.0128,0.100,1.1160,0,none
10.924,219,-0.30238,-3.57159,0.79260,0,10,0,FALLBACK,0.0212,0.100,1.1175,0,none
10.973,220,-0.30247,-3.80271,0.51032,0,10,0,FALLBACK,0.0128,0.100,1.1190,0,none
11.023,221,-0.30454,-3.37235,0.56194,0,10,0,FALLBACK,0.0331,0.100,1.1206,0,none
11.072,222,-0.30611,-3.57273,0.55716,0,10,0,FALLBACK,0.0384,0.100,1.1221,0,none
11.122,223,-0.30619,-3.75630,0.62419,0,10,0,FALLBACK,0.0313,0.100,1.1235,0,none
11.172,224,-0.30656,-3.52180,0.47497,0,10,0,FALLBACK,0.0347,0.100,1.1250,0,none
11.224,225,-0.30259,-3.69991,0.56674,0,10,0,FALLBACK,-0.0069,0.100,1.1265,0,none
11.272,226,-0.29767,-3.84664,0.53951,0,10,0,FALLBACK,-0.0363,0.100,1.1279,0,none
11.323,227,-0.29385,-3.93822,0.52167,0,10,0,FALLBACK,-0.0498,0.100,1.1293,0,none
11.373,228,-0.29190,-3.83472,0.69733,0,10,0,FALLBACK,-0.0503,0.100,1.1307,0,none
11.424,229,-0.29305,-3.70856,0.51565,0,10,0,FALLBACK,-0.0290,0.100,1.1321,0,none
11.475,230,-0.29273,-3.63371,0.56444,0,10,0,FALLBACK,-0.0380,0.100,1.1335,0,none
11.524,231,-0.29318,-3.69168,0.49561,0,10,0,FALLBACK,-0.0318,0.100,1.1349,0,none
11.575,232,-0.29497,-3.61276,0.49046,0,10,0,FALLBACK,-0.0162,0.100,1.1362,0,none
11.624,233,-0.29804,-3.63886,0.65543,0,10,0,FALLBACK,0.0056,0.100,1.1376,0,none
11.676,234,-0.30100,-3.71354,0.57687,0,10,0,FALLBACK,0.0198,0.100,1.1389,0,none
11.726,235,-0.30340,-3.45948,0.59324,0,10,0,FALLBACK,0.0289,0.100,1.1402,0,none
11.776,236,-0.30479,-3.70655,0.62397,0,10,0,FALLBACK,0.0309,0.100,1.1415,0,none
11.826,237,-0.30495,-3.48811,0.58988,0,10,0,FALLBACK,0.0256,0.100,1.1428,0,none
11.878,238,-0.30564,-3.28651,0.52493,0,10,0,FALLBACK,0.0316,0.100,1.1441,0,none
11.928,239,-0.29805,-3.21130,0.50070,0,10,0,FALLBACK,-0.0478,0.100,1.1453,0,none
11.976,240,-0.28940,-3.07634,0.52607,0,10,0,FALLBACK,-0.0962,0.100,1.1465,0,none
12.027,241,-0.28353,-3.17292,0.50834,0,10,0,FALLBACK,-0.1117,0.100,1.1477,0,none
12.076,242,-0.28582,-3.44765,0.39633,0,10,0,FALLBACK,-0.0595,0.100,1.1488,0,none
12.111,243,-0.28285,-3.47115,0.40866,0,10,0,FALLBACK,-0.1006,0.100,1.1500,0,none
12.161,244,-0.28195,-3.37163,0.41511,0,10,0,FALLBACK,-0.0948,0.100,1.1512,0,none
12.213,245,-0.28516,-3.62520,0.50365,0,10,0,FALLBACK,-0.0581,0.100,1.1523,0,none
12.262,246,-0.30089,-3.58740,0.53708,0,10,0,FALLBACK,0.0831,0.100,1.1535,0,none
12.312,247,-0.29619,-3.75030,0.54726,0,10,0,FALLBACK,-0.0426,0.100,1.1544,0,none
12.364,248,-0.28815,-3.66846,0.56411,0,10,0,FALLBACK,-0.0994,0.100,1.1554,0,none
12.413,249,-0.28454,-3.51278,0.63535,0,10,0,FALLBACK,-0.0954,0.100,1.1564,0,none
12.462,250,-0.28558,-3.80252,0.60203,0,10,0,FALLBACK,-0.0668,0.100,1.1575,0,none
12.513,251,-0.29396,-3.60864,0.55220,0,10,0,FALLBACK,0.0116,0.100,1.1586,0,none
12.562,252,-0.28357,-3.62444,0.56841,0,10,0,FALLBACK,-0.1341,0.100,1.1597,0,none
12.613,253,-0.27395,-3.98781,0.52755,0,10,0,FALLBACK,-0.1784,0.100,1.1604,0,none
12.663,254,-0.27240,-4.11812,0.70473,0,10,0,FALLBACK,-0.1457,0.100,1.1612,0,none
12.714,255,-0.28736,-3.78448,0.55938,0,10,0,FALLBACK,0.0116,0.100,1.1622,0,none
12.763,256,-0.27832,-4.46728,0.87754,0,10,0,FALLBACK,-0.1536,0.100,1.1632,0,none
12.814,257,-0.26909,-4.01156,0.66188,0,10,0,FALLBACK,-0.2007,0.100,1.1637,0,none
12.862,258,-0.26900,-4.07890,0.62520,0,10,0,FALLBACK,-0.1554,0.100,1.1644,0,none
12.912,259,-0.29747,-3.96377,0.86406,0,10,0,FALLBACK,0.1297,0.100,1.1654,0,none
12.962,260,-0.28034,-4.41067,0.85330,0,10,0,FALLBACK,-0.1840,0.100,1.1655,0,none
13.014,261,-0.25905,-4.53479,0.80206,0,10,0,FALLBACK,-0.3112,0.100,1.1652,0,none
13.065,262,-0.25211,-3.69471,0.71229,0,10,0,FALLBACK,-0.2742,0.100,1.1649,0,none
13.113,263,-0.28257,-3.80172,0.51625,0,10,0,FALLBACK,0.0651,0.100,1.1656,0,none
13.163,264,-0.27119,-3.32990,0.57090,0,10,0,FALLBACK,-0.2010,0.100,1.1658,0,none
13.214,265,-0.25623,-3.19842,0.63278,0,10,0,FALLBACK,-0.2936,0.100,1.1657,0,none
13.264,266,-0.25474,-2.76460,0.58969,0,10,0,FALLBACK,-0.2338,0.100,1.1657,0,none
13.314,267,-0.26571,1.21492,0.61823,0,10,0,FALLBACK,-0.1166,0.100,1.1665,0,none
13.364,268,-0.28920,1.52379,0.40838,0,10,0,FALLBACK,0.0635,0.100,1.1676,0,none
13.413,269,-0.29221,1.09589,0.44394,0,10,0,FALLBACK,-0.0239,0.100,1.1684,0,none
13.464,270,-0.29034,0.03875,0.22356,1,10,0,FALLBACK,-0.0576,0.100,1.1693,0,none
13.514,271,-0.29064,0.01152,0.30162,0,10,0,FALLBACK,-0.0453,0.100,1.1703,0,none
13.566,272,-0.29886,0.14493,0.19281,1,10,0,FALLBACK,0.0354,0.100,1.1713,0,none
13.615,273,-0.29481,1.90345,0.30799,0,10,0,FALLBACK,-0.0463,0.100,1.1722,0,none
13.665,274,-0.28879,0.29034,0.18085,1,10,0,FALLBACK,-0.0861,0.100,1.1731,0,none
13.715,275,-0.28590,0.24739,0.32397,0,10,0,FALLBACK,-0.0850,0.100,1.1740,0,none
13.765,276,-0.29763,0.57931,0.35923,0,10,0,FALLBACK,0.0468,0.100,1.1749,0,none
13.817,277,-0.28882,-0.33401,1.06137,0,10,0,FALLBACK,-0.0999,0.100,1.1757,0,none
13.866,278,-0.27744,1.20678,0.32527,0,10,0,FALLBACK,-0.1697,0.100,1.1763,0,none
13.917,279,-0.27245,-0.30995,0.27603,1,10,0,FALLBACK,-0.1627,0.100,1.1769,0,none
13.966,280,-0.29633,0.01150,0.14398,1,10,0,FALLBACK,0.1010,0.100,1.1777,0,none
14.018,281,-0.28406,0.20594,0.24876,1,10,0,FALLBACK,-0.1411,0.100,1.1778,0,none
14.066,282,-0.26574,-1.71589,0.61760,0,10,0,FALLBACK,-0.2629,0.100,1.1778,0,none
14.115,283,-0.25729,-0.18315,0.23541,1,10,0,FALLBACK,-0.2557,0.100,1.1780,0,none
14.168,284,-0.26152,0.23751,1.21426,0,10,0,FALLBACK,-0.1713,0.100,1.1784,0,none
14.216,285,-0.27885,-3.96628,0.70100,0,10,0,FALLBACK,-0.0191,0.100,1.1793,0,none
14.267,286,-0.28414,-0.33948,1.47471,0,10,0,FALLBACK,-0.0529,0.100,1.1802,0,none
14.318,287,-0.28782,-1.88353,0.44142,0,10,0,FALLBACK,-0.0425,0.100,1.1811,0,none
14.366,288,-0.29367,-3.45295,0.69500,0,10,0,FALLBACK,-0.0024,0.100,1.1820,0,none
14.418,289,-0.30970,-2.50854,0.47519,0,10,0,FALLBACK,0.1287,0.100,1.1829,0,none
14.468,290,-0.29868,-3.81788,0.55281,0,10,0,FALLBACK,-0.0618,0.100,1.1834,0,none
14.516,291,-0.28216,-2.83582,0.55067,0,10,0,FALLBACK,-0.1718,0.100,1.1837,0,none
14.567,292,-0.27165,-2.99536,0.50931,0,10,0,FALLBACK,-0.1943,0.100,1.1842,0,none
14.617,293,-0.28537,-3.50773,0.69248,0,10,0,FALLBACK,-0.0045,0.100,1.1848,0,none
14.668,294,-0.26968,-3.65951,0.62417,0,10,0,FALLBACK,-0.2300,0.100,1.1854,0,none
14.717,295,-0.25327,-3.66813,0.53662,0,10,0,FALLBACK,-0.3157,0.100,1.1852,0,none
14.767,296,-0.24985,-3.77419,0.54946,0,10,0,FALLBACK,-0.2679,0.100,1.1851,0,none
14.817,297,-0.27218,-3.53164,0.42076,0,10,0,FALLBACK,-0.0274,0.100,1.1856,0,none
14.868,298,-0.27748,-3.54429,0.66786,0,10,0,FALLBACK,-0.0861,0.100,1.1861,0,none
14.918,299,-0.28034,-3.56030,0.49012,0,10,0,FALLBACK,-0.0840,0.100,1.1870,0,none
14.970,300,-0.28688,-3.33113,0.61524,0,10,0,FALLBACK,-0.0329,0.100,1.1878,0,none
15.018,301,-0.29648,-3.46225,0.54536,0,10,0,FALLBACK,0.0304,0.100,1.1886,0,none
15.070,302,-0.30728,-3.47686,0.38143,0,10,0,FALLBACK,0.0904,0.100,1.1894,0,none
15.118,303,-0.30554,-3.40654,0.35837,0,10,0,FALLBACK,0.0190,0.100,1.1901,0,none
15.169,304,-0.29983,-3.37048,0.66329,0,10,0,FALLBACK,-0.0294,0.100,1.1908,0,none
15.219,305,-0.29466,-3.60442,0.52977,0,10,0,FALLBACK,-0.0526,0.100,1.1916,0,none
15.268,306,-0.29317,-3.30374,0.58590,0,10,0,FALLBACK,-0.0416,0.100,1.1923,0,none
15.321,307,-0.28784,-3.58717,0.54285,0,10,0,FALLBACK,-0.0874,0.100,1.1931,0,none
15.368,308,-0.28438,-3.50909,0.65664,0,10,0,FALLBACK,-0.0954,0.100,1.1938,0,none
15.419,309,-0.28502,-3.53917,0.59839,0,10,0,FALLBACK,-0.0717,0.100,1.1945,0,none
15.469,310,-0.29579,-3.79619,0.48972,0,10,0,FALLBACK,0.0328,0.100,1.1952,0,none
15.522,311,-0.28905,-3.69028,0.75722,0,10,0,FALLBACK,-0.0885,0.100,1.1959,0,none
15.570,312,-0.28047,-3.90350,0.59036,0,10,0,FALLBACK,-0.1405,0.100,1.1964,0,none
15.621,313,-0.27741,-3.78716,0.58162,0,10,0,FALLBACK,-0.1283,0.100,1.1969,0,none
15.672,314,-0.29326,-3.69071,0.55134,0,10,0,FALLBACK,0.0456,0.100,1.1975,0,none
15.722,315,-0.28124,-3.88833,0.59443,0,10,0,FALLBACK,-0.1539,0.100,1.1980,0,none
15.771,316,-0.26651,-3.86015,0.60073,0,10,0,FALLBACK,-0.2410,0.100,1.1980,0,none
15.819,317,-0.26138,-4.02311,0.68183,0,10,0,FALLBACK,-0.2187,0.100,1.1981,0,none
15.869,318,-0.28774,-3.80885,0.57511,0,10,0,FALLBACK,0.0705,0.100,1.1985,0,none
15.919,319,-0.27441,-3.11839,0.45280,0,10,0,FALLBACK,-0.1946,0.100,1.1984,0,none
15.971,320,-0.25368,-3.44130,0.51288,0,10,0,FALLBACK,-0.3353,0.100,1.1991,0,none
16.021,321,-0.24083,-3.97972,0.53043,0,10,0,FALLBACK,-0.3601,0.100,1.1984,0,none
16.071,322,-0.26902,-3.59281,0.49085,0,10,0,FALLBACK,-0.0140,0.100,1.1975,0,none
16.122,323,-0.26156,-3.37119,0.40114,0,10,0,FALLBACK,-0.2294,0.100,1.1974,0,none
16.171,324,-0.25574,-3.40252,0.56577,0,10,0,FALLBACK,-0.2504,0.100,1.1972,0,none
16.220,325,-0.25951,-3.79439,0.62753,0,10,0,FALLBACK,-0.1836,0.100,1.1975,0,none
16.272,326,-0.27352,-3.76037,0.46633,0,10,0,FALLBACK,-0.0624,0.100,1.1981,0,none
16.322,327,-0.29527,-3.66578,0.59443,0,10,0,FALLBACK,0.0851,0.100,1.1988,0,none
16.372,328,-0.28653,-3.73511,0.70221,0,10,0,FALLBACK,-0.1111,0.100,1.1993,0,none
16.422,329,-0.27366,-3.73825,0.62893,0,10,0,FALLBACK,-0.1960,0.100,1.1994,0,none
16.474,330,-0.26871,-3.79945,0.61348,0,10,0,FALLBACK,-0.1813,0.100,1.1996,0,none
16.523,331,-0.27963,-3.80227,0.56361,0,10,0,FALLBACK,-0.0472,0.100,1.2001,0,none
16.570,332,-0.26121,-4.20196,0.71596,0,10,0,FALLBACK,-0.2861,0.100,1.2008,0,none
16.623,333,-0.24476,-3.94078,0.54022,0,10,0,FALLBACK,-0.3584,0.100,1.2001,0,none
16.674,334,-0.24405,-3.96575,0.72483,0,10,0,FALLBACK,-0.2833,0.100,1.1996,0,none
16.722,335,-0.27062,-3.90953,0.58450,0,10,0,FALLBACK,-0.0141,0.100,1.1999,0,none
16.771,336,-0.25958,-3.65181,0.59995,0,10,0,FALLBACK,-0.2573,0.100,1.2003,0,none
16.822,337,-0.24682,-3.86379,0.57875,0,10,0,FALLBACK,-0.3297,0.100,1.1999,0,none
16.874,338,-0.24840,-3.99599,0.64139,0,10,0,FALLBACK,-0.2501,0.100,1.1996,0,none
16.921,339,-0.28409,-3.89842,0.62626,0,10,0,FALLBACK,0.0989,0.100,1.2000,0,none
16.972,340,-0.26413,-3.72274,0.56204,0,10,0,FALLBACK,-0.2791,0.100,1.1994,0,none
17.021,341,-0.23790,-4.10501,0.79613,0,10,0,FALLBACK,-0.4416,0.100,1.1978,0,none
17.072,342,-0.22997,-4.28681,0.65793,0,10,0,FALLBACK,-0.3898,0.100,1.1964,0,none
17.121,343,-0.27095,-4.22745,0.63456,0,10,0,FALLBACK,0.0597,0.100,1.1962,0,none
17.173,344,-0.24822,-4.08132,0.68536,0,10,0,FALLBACK,-0.3725,0.100,1.1951,0,none
17.225,345,-0.21943,-4.34719,0.67640,0,10,0,FALLBACK,-0.5468,0.100,1.1927,0,none
17.273,346,-0.21365,-4.06814,0.53852,0,10,0,FALLBACK,-0.4607,0.100,1.1904,0,none
17.322,347,-0.26676,-3.66932,0.70642,0,10,0,FALLBACK,0.0994,0.100,1.1900,0,none
17.373,348,-0.25271,-3.86760,0.50467,0,10,0,FALLBACK,-0.3067,0.100,1.1877,0,none
17.423,349,-0.22845,-4.03312,0.63275,0,10,0,FALLBACK,-0.4791,0.100,1.1864,0,none
17.471,350,-0.22366,-3.99210,0.50081,0,10,0,FALLBACK,-0.4056,0.100,1.1848,0,none
17.523,351,-0.27619,-3.90886,0.70535,0,10,0,FALLBACK,0.1436,0.100,1.1848,0,none
17.573,352,-0.26392,-3.70576,0.55017,0,10,0,FALLBACK,-0.2418,0.100,1.1824,0,none
17.623,353,-0.23991,-4.30404,0.66551,0,10,0,FALLBACK,-0.4205,0.100,1.1815,0,none
17.671,354,-0.23242,-4.01405,1.00413,0,10,0,FALLBACK,-0.3753,0.100,1.1804,0,none
17.723,355,-0.24496,-4.08243,0.46746,0,10,0,FALLBACK,-0.2125,0.100,1.1803,0,none
17.774,356,-0.27576,-3.45894,0.47794,0,10,0,FALLBACK,0.0328,0.100,1.1812,0,none
17.824,357,-0.26785,-3.98515,0.73012,0,10,0,FALLBACK,-0.2003,0.100,1.1821,0,none
17.874,358,-0.25513,-3.66412,0.48527,0,10,0,FALLBACK,-0.2880,0.100,1.1822,0,none
17.925,359,-0.25250,-3.80303,0.58622,0,10,0,FALLBACK,-0.2506,0.100,1.1821,0,none
17.975,360,-0.27364,-3.50683,0.46448,0,10,0,FALLBACK,-0.0261,0.100,1.1824,0,none
18.024,361,-0.25912,-3.73269,0.60845,0,10,0,FALLBACK,-0.2770,0.100,1.1832,0,none
18.074,362,-0.24310,-3.82352,0.50138,0,10,0,FALLBACK,-0.3646,0.100,1.1832,0,none
18.126,363,-0.24059,-3.83186,0.66579,0,10,0,FALLBACK,-0.3096,0.100,1.1826,0,none
18.176,364,-0.27352,-3.65970,0.57988,0,10,0,FALLBACK,0.0323,0.100,1.1826,0,none
18.228,365,-0.25921,-3.85849,0.65169,0,10,0,FALLBACK,-0.2755,0.100,1.1832,0,none
18.277,366,-0.23934,-4.03602,0.65137,0,10,0,FALLBACK,-0.4026,0.100,1.1827,0,none
18.326,367,-0.23343,-4.07075,0.68712,0,10,0,FALLBACK,-0.3624,0.100,1.1816,0,none
18.375,368,-0.27228,-3.85383,0.53611,0,10,0,FALLBACK,0.0556,0.100,1.1813,0,none
18.427,369,-0.25964,-4.14630,0.67858,0,10,0,FALLBACK,-0.2650,0.100,1.1815,0,none
18.477,370,-0.23938,-4.00087,0.68136,0,10,0,FALLBACK,-0.4045,0.100,1.1808,0,none
18.526,371,-0.23255,-4.15044,0.71115,0,10,0,FALLBACK,-0.3714,0.100,1.1797,0,none
18.576,372,-0.27408,-3.93266,0.61842,0,10,0,FALLBACK,0.0781,0.100,1.1793,0,none
18.627,373,-0.26609,-4.10231,0.73133,0,10,0,FALLBACK,-0.2095,0.100,1.1794,0,none
18.677,374,-0.24898,-4.19103,0.69529,0,10,0,FALLBACK,-0.3406,0.100,1.1788,0,none
18.727,375,-0.24243,-3.89811,0.59254,0,10,0,FALLBACK,-0.3206,0.100,1.1783,0,none
18.776,376,-0.29090,-4.15386,0.53357,0,10,0,FALLBACK,0.1968,0.100,1.1782,0,none
18.826,377,-0.27600,-3.78206,0.62606,0,10,0,FALLBACK,-0.1945,0.100,1.1775,0,none
18.876,378,-0.24670,-3.75634,0.51740,0,10,0,FALLBACK,-0.4131,0.100,1.1757,0,none
18.926,379,-0.22897,-3.76178,0.56259,0,10,0,FALLBACK,-0.4437,0.100,1.1744,0,none
18.978,380,-0.23226,-3.87926,0.43886,0,10,0,FALLBACK,-0.3223,0.100,1.1732,0,none
19.009,381,-0.26235,-3.46584,0.56863,0,10,0,FALLBACK,-0.0378,0.100,1.1736,0,none
19.061,382,-0.25957,-3.30980,0.42533,0,10,0,FALLBACK,-0.2161,0.100,1.1746,0,none
19.110,383,-0.25581,-3.53334,0.56694,0,10,0,FALLBACK,-0.2398,0.100,1.1749,0,none
19.160,384,-0.26348,-3.34950,0.52226,0,10,0,FALLBACK,-0.1443,0.100,1.1753,0,none
19.211,385,-0.29446,-3.53135,0.47697,0,10,0,FALLBACK,0.1272,0.100,1.1763,0,none
19.261,386,-0.28034,-3.70841,0.63371,0,10,0,FALLBACK,-0.1689,0.100,1.1764,0,none
19.311,387,-0.26202,-3.67585,0.56693,0,10,0,FALLBACK,-0.2815,0.100,1.1761,0,none
19.362,388,-0.25697,-3.42750,0.55252,0,10,0,FALLBACK,-0.2404,0.100,1.1760,0,none
19.410,389,-0.28381,-3.65204,0.59718,0,10,0,FALLBACK,0.0532,0.100,1.1766,0,none
19.461,390,-0.26771,-3.57185,0.51476,0,10,0,FALLBACK,-0.2419,0.100,1.1770,0,none
19.512,391,-0.24991,-3.50488,0.52021,0,10,0,FALLBACK,-0.3394,0.100,1.1764,0,none
19.562,392,-0.24797,-3.72551,0.42355,0,10,0,FALLBACK,-0.2699,0.100,1.1760,0,none
19.613,393,-0.27817,-4.09649,0.64577,0,10,0,FALLBACK,0.0418,0.100,1.1767,0,none
19.662,394,-0.27448,-4.22682,0.75632,0,10,0,FALLBACK,-0.1461,0.100,1.1771,0,none
19.713,395,-0.26715,-4.01420,0.60157,0,10,0,FALLBACK,-0.2009,0.100,1.1774,0,none
19.762,396,-0.26920,-4.00499,0.68987,0,10,0,FALLBACK,-0.1437,0.100,1.1779,0,none
19.814,397,-0.27915,-4.03586,0.64663,0,10,0,FALLBACK,-0.0546,0.100,1.1788,0,none
19.863,398,-0.29584,-3.98957,0.50436,0,10,0,FALLBACK,0.0627,0.100,1.1797,0,none
19.912,399,-0.28743,-3.59047,0.39164,0,10,0,FALLBACK,-0.1050,0.100,1.1804,0,none
19.964,400,-0.27757,-3.77924,0.54718,0,10,0,FALLBACK,-0.1614,0.100,1.1809,0,none
20.012,401,-0.27533,-3.75625,0.52918,0,10,0,FALLBACK,-0.1346,0.100,1.1815,0,none
20.064,402,-0.29028,-3.66648,0.60051,0,10,0,FALLBACK,0.0262,0.100,1.1823,0,none
20.113,403,-0.26978,-3.73493,0.63264,0,10,0,FALLBACK,-0.2536,0.100,1.1830,0,none
20.164,404,-0.25073,-3.43951,0.56445,0,10,0,FALLBACK,-0.3416,0.100,1.1824,0,none
20.212,405,-0.24768,-4.11827,0.62548,0,10,0,FALLBACK,-0.2768,0.100,1.1820,0,none
20.263,406,-0.27727,-3.67982,0.51589,0,10,0,FALLBACK,0.0343,0.100,1.1826,0,none
20.312,407,-0.25949,-3.78976,0.35300,0,10,0,FALLBACK,-0.2914,0.100,1.1829,0,none
20.362,408,-0.24102,-3.53546,0.50234,0,10,0,FALLBACK,-0.3873,0.100,1.1818,0,none
20.413,409,-0.24097,-3.54098,0.72271,0,10,0,FALLBACK,-0.2954,0.100,1.1810,0,none
20.465,410,-0.28261,-3.78907,0.50091,0,10,0,FALLBACK,0.1212,0.100,1.1817,0,none
20.513,411,-0.26597,-3.55542,0.53895,0,10,0,FALLBACK,-0.2533,0.100,1.1811,0,none
20.563,412,-0.24424,-3.83042,0.51199,0,10,0,FALLBACK,-0.3875,0.100,1.1798,0,none
20.614,413,-0.24092,-3.84070,0.50075,0,10,0,FALLBACK,-0.3120,0.100,1.1788,0,none
20.665,414,-0.27962,-4.06539,0.66731,0,10,0,FALLBACK,0.0916,0.100,1.1793,0,none
20.713,415,-0.26965,-3.64047,0.57865,0,10,0,FALLBACK,-0.2016,0.100,1.1790,0,none
20.763,416,-0.25185,-4.03051,0.67344,0,10,0,FALLBACK,-0.3297,0.100,1.1784,0,none
20.815,417,-0.24762,-3.78497,0.52273,0,10,0,FALLBACK,-0.2831,0.100,1.1781,0,none
20.865,418,-0.25862,-4.06339,0.63009,0,10,0,FALLBACK,-0.1519,0.100,1.1785,0,none
20.914,419,-0.28270,-3.84170,0.52565,0,10,0,FALLBACK,0.0340,0.100,1.1795,0,none
20.964,420,-0.28413,-4.07859,0.48206,0,10,0,FALLBACK,-0.0722,0.100,1.1802,0,none
21.013,421,-0.28187,-4.10596,0.47634,0,10,0,FALLBACK,-0.1019,0.100,1.1810,0,none
21.066,422,-0.28390,-3.83229,0.65843,0,10,0,FALLBACK,-0.0704,0.100,1.1818,0,none
21.114,423,-0.30047,-3.53833,0.59019,0,10,0,FALLBACK,0.0853,0.100,1.1826,0,none
21.167,424,-0.28206,-3.79466,0.55524,0,10,0,FALLBACK,-0.1818,0.100,1.1832,0,none
21.216,425,-0.26026,-3.31765,0.40200,0,10,0,FALLBACK,-0.3077,0.100,1.1829,0,none
21.265,426,-0.25066,-3.53822,0.43539,0,10,0,FALLBACK,-0.2947,0.100,1.1827,0,none
21.315,427,-0.26947,-3.29619,0.50901,0,10,0,FALLBACK,-0.0586,0.100,1.1830,0,none
21.366,428,-0.26023,-3.41508,0.49506,0,10,0,FALLBACK,-0.2450,0.100,1.1836,0,none
21.415,429,-0.24981,-3.58400,0.49635,0,10,0,FALLBACK,-0.3031,0.100,1.1841,0,none
21.467,430,-0.25100,-3.43157,0.46610,0,10,0,FALLBACK,-0.2391,0.100,1.1840,0,none
21.514,431,-0.28710,-3.61124,0.52919,0,10,0,FALLBACK,0.1160,0.100,1.1845,0,none
21.566,432,-0.28059,-3.15697,0.47287,0,10,0,FALLBACK,-0.1296,0.100,1.1848,0,none
21.616,433,-0.26662,-3.42273,0.60120,0,10,0,FALLBACK,-0.2367,0.100,1.1842,0,none
21.665,434,-0.26121,-3.71725,0.56894,0,10,0,FALLBACK,-0.2210,0.100,1.1845,0,none
21.715,435,-0.29476,-3.48774,0.56222,0,10,0,FALLBACK,0.1415,0.100,1.1850,0,none
21.765,436,-0.27764,-3.52549,0.67301,0,10,0,FALLBACK,-0.1974,0.100,1.1842,0,none
21.816,437,-0.25204,-3.84567,0.42703,0,10,0,FALLBACK,-0.3678,0.100,1.1834,0,none
21.865,438,-0.24060,-3.96085,0.51472,0,10,0,FALLBACK,-0.3541,0.100,1.1827,0,none
21.918,439,-0.24712,-3.74174,0.61914,0,10,0,FALLBACK,-0.2318,0.100,1.1827,0,none
21.967,440,-0.27077,-3.76144,0.54158,0,10,0,FALLBACK,-0.0279,0.100,1.1835,0,none
22.016,441,-0.26799,-3.55579,0.49019,0,10,0,FALLBACK,-0.1740,0.100,1.1844,0,none
22.068,442,-0.26397,-3.51626,0.54007,0,10,0,FALLBACK,-0.2002,0.100,1.1849,0,none
22.117,443,-0.26883,-3.64385,0.43745,0,10,0,FALLBACK,-0.1316,0.100,1.1854,0,none
22.169,444,-0.29281,-3.32367,0.35446,0,10,0,FALLBACK,0.0840,0.100,1.1862,0,none
22.218,445,-0.27591,-3.23409,0.38166,0,10,0,FALLBACK,-0.2050,0.100,1.1865,0,none
22.267,446,-0.25478,-3.36906,0.51897,0,10,0,FALLBACK,-0.3318,0.100,1.1860,0,none
22.318,447,-0.24710,-3.38094,0.56804,0,10,0,FALLBACK,-0.3028,0.100,1.1856,0,none
22.368,448,-0.26181,-3.62432,0.58939,0,10,0,FALLBACK,-0.1174,0.100,1.1859,0,none
22.418,449,-0.26672,-3.46723,0.55613,0,10,0,FALLBACK,-0.1418,0.100,1.1866,0,none
22.467,450,-0.27335,-3.00959,0.66065,0,10,0,FALLBACK,-0.1001,0.100,1.1876,0,none
22.517,451,-0.28506,-2.65255,0.75638,0,10,0,FALLBACK,-0.0161,0.100,1.1884,0,none
22.568,452,-0.29315,-2.65543,0.72827,0,10,0,FALLBACK,0.0062,0.100,1.1892,0,none
22.616,453,-0.31529,-2.82543,0.64913,0,10,0,FALLBACK,0.1872,0.100,1.1900,0,none
22.666,454,-0.33513,-2.78186,0.74832,0,10,0,FALLBACK,0.2749,0.100,1.1901,0,none
22.717,455,-0.34396,-3.01170,0.53623,0,10,0,FALLBACK,0.2640,0.100,1.1900,0,none
22.770,456,-0.33696,-2.96942,0.59091,0,10,0,FALLBACK,0.1497,0.100,1.1903,0,none
22.817,457,-0.32786,-3.33906,0.54914,0,10,0,FALLBACK,0.0939,0.100,1.1910,0,none
22.868,458,-0.31513,-3.92939,0.66677,0,10,0,FALLBACK,0.0120,0.100,1.1920,0,none
22.920,459,-0.30048,-3.82763,0.64298,0,10,0,FALLBACK,-0.0709,0.100,1.1928,0,none
22.967,460,-0.28728,-3.69087,0.59688,0,10,0,FALLBACK,-0.1296,0.100,1.1935,0,none
23.020,461,-0.27890,-3.68793,0.64796,0,10,0,FALLBACK,-0.1474,0.100,1.1941,0,none
23.067,462,-0.27504,-3.70426,0.56652,0,10,0,FALLBACK,-0.1441,0.100,1.1947,0,none
23.120,463,-0.27724,-3.42997,0.38039,0,10,0,FALLBACK,-0.1028,0.100,1.1954,0,none
23.170,464,-0.28476,-3.14930,0.79796,0,10,0,FALLBACK,-0.0386,0.100,1.1961,0,none
23.220,465,-0.29314,-3.35522,0.58932,0,10,0,FALLBACK,0.0076,0.100,1.1968,0,none
23.270,466,-0.30996,-3.07586,0.57223,0,10,0,FALLBACK,0.1339,0.100,1.1976,0,none
23.319,467,-0.32464,-2.43863,0.76418,0,10,0,FALLBACK,0.1966,0.100,1.1979,0,none
23.370,468,-0.33151,-3.26460,0.56610,0,10,0,FALLBACK,0.1919,0.100,1.1981,0,none
23.418,469,-0.32655,-2.99310,0.72040,0,10,0,FALLBACK,0.1079,0.100,1.1986,0,none
23.469,470,-0.32299,-2.75951,0.44503,0,10,0,FALLBACK,0.0972,0.100,1.1993,0,none
23.520,471,-0.31648,-3.61262,0.56312,0,10,0,FALLBACK,0.0499,0.100,1.2000,0,none
23.570,472,-0.30683,-3.31724,0.63485,0,10,0,FALLBACK,-0.0141,0.100,1.2008,0,none
23.621,473,-0.29375,-3.71943,0.57520,0,10,0,FALLBACK,-0.0967,0.100,1.2015,0,none
23.668,474,-0.28919,-3.50505,0.60254,0,10,0,FALLBACK,-0.0769,0.100,1.2020,0,none
23.720,475,-0.28961,-3.26505,0.48705,0,10,0,FALLBACK,-0.0499,0.100,1.2026,0,none
23.770,476,-0.29271,-3.73877,0.67702,0,10,0,FALLBACK,-0.0209,0.100,1.2033,0,none
23.821,477,-0.29809,-3.68384,0.52018,0,10,0,FALLBACK,0.0173,0.100,1.2040,0,none
23.869,478,-0.30145,-3.48098,0.60684,0,10,0,FALLBACK,0.0240,0.100,1.2046,0,none
23.919,479,-0.30351,-4.12052,0.72771,0,10,0,FALLBACK,0.0279,0.100,1.2052,0,none
23.970,480,-0.30443,-3.85624,0.46940,0,10,0,FALLBACK,0.0268,0.100,1.2059,0,none
24.019,481,-0.31061,-3.96785,0.63038,0,10,0,FALLBACK,0.0840,0.100,1.2065,0,none
24.071,482,-0.30234,-3.43823,0.47603,0,10,0,FALLBACK,-0.0296,0.100,1.2070,0,none
24.121,483,-0.29082,-3.51145,0.55528,0,10,0,FALLBACK,-0.1035,0.100,1.2075,0,none
24.172,484,-0.28256,-3.63404,0.52735,0,10,0,FALLBACK,-0.1285,0.100,1.2080,0,none
24.222,485,-0.27994,-3.58036,0.63736,0,10,0,FALLBACK,-0.1134,0.100,1.2085,0,none
24.270,486,-0.28365,-3.43960,0.56566,0,10,0,FALLBACK,-0.0632,0.100,1.2090,0,none
24.322,487,-0.28372,-3.44804,0.58405,0,10,0,FALLBACK,-0.0811,0.100,1.2096,0,none
24.372,488,-0.28575,-3.30886,0.41303,0,10,0,FALLBACK,-0.0611,0.100,1.2102,0,none
24.422,489,-0.29103,-3.20837,0.42422,0,10,0,FALLBACK,-0.0184,0.100,1.2108,0,none
24.472,490,-0.29929,-3.27710,0.56376,0,10,0,FALLBACK,0.0377,0.100,1.2114,0,none
24.522,491,-0.30192,-3.07756,0.49002,0,10,0,FALLBACK,0.0227,0.100,1.2119,0,none
24.572,492,-0.30231,-3.51497,0.56036,0,10,0,FALLBACK,0.0135,0.100,1.2124,0,none
24.622,493,-0.30197,-3.42876,0.55029,0,10,0,FALLBACK,0.0082,0.100,1.2130,0,none
24.671,494,-0.30189,-3.25451,0.53342,0,10,0,FALLBACK,0.0091,0.100,1.2136,0,none
24.724,495,-0.29927,-3.36002,0.58303,0,10,0,FALLBACK,-0.0168,0.100,1.2141,0,none
24.772,496,-0.29646,-3.67592,0.50517,0,10,0,FALLBACK,-0.0318,0.100,1.2147,0,none
24.822,497,-0.29476,-3.43925,0.61104,0,10,0,FALLBACK,-0.0347,0.100,1.2152,0,none
24.871,498,-0.29137,-2.80094,0.78258,0,10,0,FALLBACK,-0.0601,0.100,1.2158,0,none
24.923,499,-0.29957,-2.79961,0.73709,0,10,0,FALLBACK,0.0389,0.100,1.2163,0,none
24.972,500,-0.30974,-3.26735,0.53037,0,10,0,FALLBACK,0.0995,0.100,1.2167,0,none
25.024,501,-0.31654,-3.39223,0.64807,0,10,0,FALLBACK,0.1167,0.100,1.2171,0,none
25.071,502,-0.31279,-3.50592,0.79437,0,10,0,FALLBACK,0.0453,0.100,1.2174,0,none
25.122,503,-0.31863,-2.83233,0.71666,0,10,0,FALLBACK,0.1224,0.100,1.2179,0,none
25.172,504,-0.32292,-3.41490,0.44471,0,10,0,FALLBACK,0.1360,0.100,1.2183,0,none
25.221,505,-0.32113,-3.46890,0.62452,0,10,0,FALLBACK,0.0967,0.100,1.2186,0,none
25.273,506,-0.31159,-3.32229,0.40015,0,10,0,FALLBACK,0.0102,0.100,1.2190,0,none
25.323,507,-0.30437,-3.53628,0.57365,0,10,0,FALLBACK,-0.0142,0.100,1.2196,0,none
25.374,508,-0.29814,-3.31641,0.53160,0,10,0,FALLBACK,-0.0405,0.100,1.2201,0,none
25.422,509,-0.29313,-3.69202,0.55268,0,10,0,FALLBACK,-0.0594,0.100,1.2206,0,none
25.472,510,-0.29277,-3.57885,0.52858,0,10,0,FALLBACK,-0.0380,0.100,1.2210,0,none
25.522,511,-0.28931,-3.28733,0.50853,0,10,0,FALLBACK,-0.0707,0.100,1.2215,0,none
25.573,512,-0.28742,-2.76664,0.53263,0,10,0,FALLBACK,-0.0723,0.100,1.2220,0,none
25.624,513,-0.28882,-3.11773,0.50050,0,10,0,FALLBACK,-0.0489,0.100,1.2224,0,none
25.674,514,-0.28865,-3.22822,0.50411,0,10,0,FALLBACK,-0.0577,0.100,1.2229,0,none
25.723,515,-0.30006,-2.69454,0.55055,0,10,0,FALLBACK,0.0573,0.100,1.2233,0,none
25.773,516,-0.31290,-2.94263,0.56550,0,10,0,FALLBACK,0.1287,0.100,1.2236,0,none
25.823,517,-0.32127,-3.19235,0.79036,0,10,0,FALLBACK,0.1482,0.100,1.2238,0,none
25.875,518,-0.31229,-2.70258,0.69965,0,10,0,FALLBACK,0.0166,0.100,1.2240,0,none
25.925,519,-0.31875,-2.64197,0.62903,0,10,0,FALLBACK,0.1261,0.100,1.2243,0,none
25.975,520,-0.32554,-3.26512,0.48869,0,10,0,FALLBACK,0.1616,0.100,1.2247,0,none
26.027,521,-0.32640,-3.20229,0.48768,0,10,0,FALLBACK,0.1363,0.100,1.2248,0,none
26.076,522,-0.31977,-3.07002,0.41191,0,10,0,FALLBACK,0.0657,0.100,1.2250,0,none
26.126,523,-0.30605,-3.03985,0.48012,0,10,0,FALLBACK,-0.0383,0.100,1.2255,0,none
26.174,524,-0.30944,-3.43284,0.59345,0,10,0,FALLBACK,0.0641,0.100,1.2259,0,none
26.226,525,-0.31546,-2.55674,0.60968,0,10,0,FALLBACK,0.1074,0.100,1.2263,0,none
26.276,526,-0.31806,-2.53884,0.62178,0,10,0,FALLBACK,0.1034,0.100,1.2265,0,none
26.326,527,-0.31158,-2.27281,0.56655,0,10,0,FALLBACK,0.0255,0.100,1.2268,0,none
26.376,528,-0.32357,-2.73940,0.64437,0,10,0,FALLBACK,0.1778,0.100,1.2272,0,none
26.426,529,-0.33522,-2.51594,0.71304,0,10,0,FALLBACK,0.2344,0.100,1.2276,0,none
26.479,530,-0.33958,-2.73196,0.64482,0,10,0,FALLBACK,0.2197,0.100,1.2271,0,none
26.526,531,-0.32760,-2.04844,0.63716,0,10,0,FALLBACK,0.0781,0.100,1.2270,0,none
26.578,532,-0.32646,-1.99601,0.73793,0,10,0,FALLBACK,0.1266,0.100,1.2272,0,none
26.610,533,-0.32202,-2.08296,0.70383,0,10,0,FALLBACK,0.0879,0.100,1.2278,0,none
26.661,534,-0.31367,-2.02136,0.63446,0,10,0,FALLBACK,0.0266,0.100,1.2282,0,none
26.712,535,-0.29393,-0.98914,0.81777,0,10,0,FALLBACK,-0.1290,0.100,1.2286,0,none
26.763,536,-0.30855,-2.43349,0.55024,0,10,0,FALLBACK,0.1159,0.100,1.2286,0,none
26.812,537,-0.32652,-2.49178,0.92489,0,10,0,FALLBACK,0.2225,0.100,1.2283,0,none
26.862,538,-0.33412,-2.98866,0.66555,0,10,0,FALLBACK,0.2085,0.100,1.2278,0,none
26.914,539,-0.31882,-2.75692,0.52799,0,10,0,FALLBACK,0.0176,0.100,1.2278,0,none
26.964,540,-0.33458,-2.45946,0.70831,0,10,0,FALLBACK,0.2518,0.100,1.2282,0,none
27.012,541,-0.34827,-2.74837,0.59325,0,10,0,FALLBACK,0.3098,0.100,1.2274,0,none
27.062,542,-0.34678,-2.63235,0.68801,0,10,0,FALLBACK,0.2265,0.100,1.2267,0,none
27.112,543,-0.32141,-3.35162,0.46459,0,10,0,FALLBACK,-0.0199,0.100,1.2269,0,none
27.164,544,-0.32231,-3.13141,0.51863,0,10,0,FALLBACK,0.1160,0.100,1.2272,0,none
27.214,545,-0.32551,-3.03711,0.45387,0,10,0,FALLBACK,0.1435,0.100,1.2273,0,none
27.264,546,-0.32147,-3.02381,0.43439,0,10,0,FALLBACK,0.0872,0.100,1.2275,0,none
27.314,547,-0.30204,-3.50984,0.44913,0,10,0,FALLBACK,-0.0869,0.100,1.2279,0,none
27.364,548,-0.30503,-3.41490,0.62668,0,10,0,FALLBACK,0.0401,0.100,1.2280,0,none
27.416,549,-0.31302,-3.02863,0.36386,0,10,0,FALLBACK,0.1051,0.100,1.2282,0,none
27.463,550,-0.31734,-3.07935,0.54125,0,10,0,FALLBACK,0.1083,0.100,1.2285,0,none
27.516,551,-0.30400,-3.30296,0.52507,0,10,0,FALLBACK,-0.0467,0.100,1.2287,0,none
27.567,552,-0.31458,-3.17598,0.57968,0,10,0,FALLBACK,0.1258,0.100,1.2289,0,none
27.616,553,-0.32773,-3.51926,0.52959,0,10,0,FALLBACK,0.2044,0.100,1.2289,0,none
27.667,554,-0.33279,-3.23162,0.51805,0,10,0,FALLBACK,0.1892,0.100,1.2287,0,none
27.715,555,-0.31664,-3.44156,0.58576,0,10,0,FALLBACK,0.0025,0.100,1.2288,0,none
27.767,556,-0.31846,-3.48629,0.61409,0,10,0,FALLBACK,0.1014,0.100,1.2289,0,none
27.816,557,-0.32202,-3.52163,0.64367,0,10,0,FALLBACK,0.1278,0.100,1.2293,0,none
27.865,558,-0.32008,-3.69639,0.65246,0,10,0,FALLBACK,0.0908,0.100,1.2295,0,none
27.918,559,-0.30164,-4.09663,0.63944,0,10,0,FALLBACK,-0.0840,0.100,1.2298,0,none
27.965,560,-0.30352,-3.87395,0.52722,0,10,0,FALLBACK,0.0270,0.100,1.2299,0,none
28.017,561,-0.31047,-3.93356,0.62655,0,10,0,FALLBACK,0.0872,0.100,1.2302,0,none
28.067,562,-0.31458,-3.82392,0.48362,0,10,0,FALLBACK,0.0934,0.100,1.2305,0,none
28.117,563,-0.30729,-3.81633,0.67937,0,10,0,FALLBACK,-0.0000,0.100,1.2307,0,none
28.168,564,-0.30973,-3.53339,0.56368,0,10,0,FALLBACK,0.0608,0.100,1.2310,0,none
28.217,565,-0.31289,-3.76194,0.54729,0,10,0,FALLBACK,0.0803,0.100,1.2314,0,none
28.266,566,-0.31273,-3.29423,0.38940,0,10,0,FALLBACK,0.0628,0.100,1.2317,0,none
28.318,567,-0.30893,-3.63847,0.45970,0,10,0,FALLBACK,0.0256,0.100,1.2320,0,none
28.367,568,-0.30192,-3.75069,0.49629,0,10,0,FALLBACK,-0.0254,0.100,1.2324,0,none
28.417,569,-0.30618,-3.28089,0.48421,0,10,0,FALLBACK,0.0522,0.100,1.2328,0,none
28.468,570,-0.31156,-2.75012,0.74467,0,10,0,FALLBACK,0.0847,0.100,1.2331,0,none
28.518,571,-0.31353,-3.16553,0.48959,0,10,0,FALLBACK,0.0775,0.100,1.2333,0,none
28.568,572,-0.30979,-3.35236,0.49819,0,10,0,FALLBACK,0.0302,0.100,1.2336,0,none
28.620,573,-0.31454,-3.54191,0.54511,0,10,0,FALLBACK,0.0965,0.100,1.2339,0,none
28.669,574,-0.31810,-3.42582,0.55702,0,10,0,FALLBACK,0.1083,0.100,1.2342,0,none
28.717,575,-0.31670,-3.33674,0.61264,0,10,0,FALLBACK,0.0765,0.100,1.2344,0,none
28.769,576,-0.30638,-2.94906,0.59424,0,10,0,FALLBACK,-0.0197,0.100,1.2347,0,none
28.820,577,-0.31642,-1.11624,0.70381,0,10,0,FALLBACK,0.1323,0.100,1.2350,0,none
28.869,578,-0.32727,-3.69494,0.71405,0,10,0,FALLBACK,0.1906,0.100,1.2350,0,none
28.919,579,-0.33007,-3.02193,0.53262,0,10,0,FALLBACK,0.1644,0.100,1.2349,0,none
28.970,580,-0.31772,-3.42304,0.71630,0,10,0,FALLBACK,0.0268,0.100,1.2350,0,none
29.018,581,-0.32592,-3.75621,0.35125,0,10,0,FALLBACK,0.1707,0.100,1.2352,0,none
29.068,582,-0.33366,-4.13496,0.74263,0,10,0,FALLBACK,0.2069,0.100,1.2352,0,none
29.118,583,-0.33206,-3.75260,0.64413,0,10,0,FALLBACK,0.1524,0.100,1.2351,0,none
29.168,584,-0.31565,-2.46587,0.82297,0,10,0,FALLBACK,-0.0038,0.100,1.2352,0,none
29.219,585,-0.31540,-3.96188,0.76003,0,10,0,FALLBACK,0.0757,0.100,1.2355,0,none
29.270,586,-0.31686,-3.39640,0.53037,0,10,0,FALLBACK,0.0916,0.100,1.2358,0,none
29.320,587,-0.31420,-4.17913,0.75314,0,10,0,FALLBACK,0.0577,0.100,1.2361,0,none
29.371,588,-0.30234,-3.13881,0.76884,0,10,0,FALLBACK,-0.0476,0.100,1.2363,0,none
29.421,589,-0.30603,-2.89941,0.68278,0,10,0,FALLBACK,0.0486,0.100,1.2366,0,none
29.471,590,-0.31235,-2.90553,0.69091,0,10,0,FALLBACK,0.0933,0.100,1.2368,0,none
29.520,591,-0.31515,-3.34561,0.63460,0,10,0,FALLBACK,0.0897,0.100,1.2370,0,none
29.571,592,-0.30421,-4.00849,0.56053,0,10,0,FALLBACK,-0.0336,0.100,1.2372,0,none
29.619,593,-0.31735,-3.34777,0.44303,0,10,0,FALLBACK,0.1524,0.100,1.2374,0,none
29.673,594,-0.33189,-3.69821,0.51644,0,10,0,FALLBACK,0.2321,0.100,1.2372,0,none
29.722,595,-0.33686,-2.80575,0.56351,0,10,0,FALLBACK,0.2092,0.100,1.2368,0,none
29.771,596,-0.32063,-2.91542,0.61124,0,10,0,FALLBACK,0.0220,0.100,1.2367,0,none
29.821,597,-0.32497,-2.94452,0.76043,0,10,0,FALLBACK,0.1465,0.100,1.2368,0,none
29.870,598,-0.32995,-2.34216,0.53492,0,10,0,FALLBACK,0.1747,0.100,1.2370,0,none
29.921,599,-0.32710,-2.42155,0.61951,0,10,0,FALLBACK,0.1212,0.100,1.2370,0,none
29.971,600,-0.30504,-2.58033,0.50534,0,10,0,FALLBACK,-0.0851,0.100,1.2372,0,none
30.022,601,-0.30997,-2.94341,0.60421,0,10,0,FALLBACK,0.0745,0.100,1.2371,0,none
30.072,602,-0.32007,-2.67965,0.57384,0,10,0,FALLBACK,0.1509,0.100,1.2372,0,none
30.124,603,-0.32452,-3.12187,0.62884,0,10,0,FALLBACK,0.1448,0.100,1.2371,0,none
30.172,604,-0.30347,-3.12390,0.48174,0,10,0,FALLBACK,-0.0878,0.100,1.2372,0,none
30.224,605,-0.32113,-3.45206,0.60985,0,10,0,FALLBACK,0.1939,0.100,1.2369,0,none
30.272,606,-0.34323,-3.27174,0.70814,0,10,0,FALLBACK,0.3267,0.100,1.2361,0,none
30.322,607,-0.35213,-3.75603,0.54358,0,10,0,FALLBACK,0.3052,0.100,1.2350,0,none
30.372,608,-0.32844,-3.31683,0.44828,0,10,0,FALLBACK,0.0237,0.100,1.2345,0,none
30.422,609,-0.33162,-3.41391,0.40456,0,10,0,FALLBACK,0.1740,0.100,1.2343,0,none
30.472,610,-0.33670,-3.38716,0.63931,0,10,0,FALLBACK,0.2089,0.100,1.2346,0,none
30.524,611,-0.33253,-3.70570,0.55976,0,10,0,FALLBACK,0.1418,0.100,1.2344,0,none
30.573,612,-0.29689,-3.33347,0.47645,0,10,0,FALLBACK,-0.1938,0.100,1.2346,0,none
30.622,613,-0.30722,-3.07394,0.53218,0,10,0,FALLBACK,0.0877,0.100,1.2334,0,none
30.674,614,-0.32834,-3.15750,0.37807,0,10,0,FALLBACK,0.2473,0.100,1.2329,0,none
30.723,615,-0.34071,-3.13084,0.50928,0,10,0,FALLBACK,0.2654,0.100,1.2323,0,none
30.774,616,-0.30754,-3.35162,0.54684,0,10,0,FALLBACK,-0.1281,0.100,1.2318,0,none
30.824,617,-0.33138,-3.10368,0.54899,0,10,0,FALLBACK,0.2760,0.100,1.2304,0,none
30.873,618,-0.36560,-2.29591,0.65863,0,10,0,FALLBACK,0.4991,0.100,1.2296,0,none
30.925,619,-0.38326,-2.41870,0.51444,0,10,0,FALLBACK,0.5046,0.100,1.2265,0,none
30.974,620,-0.37526,-3.14553,0.58134,0,10,0,FALLBACK,0.3364,0.100,1.2239,0,none
31.027,621,-0.34298,-3.40172,0.43226,0,10,0,FALLBACK,0.0535,0.100,1.2236,0,none
31.074,622,-0.33396,-3.32320,0.51717,0,10,0,FALLBACK,0.1247,0.100,1.2245,0,none
31.124,623,-0.32681,-3.29965,0.51692,0,10,0,FALLBACK,0.0983,0.100,1.2251,0,none
31.177,624,-0.31488,-3.57063,0.49378,0,10,0,FALLBACK,0.0148,0.100,1.2254,0,none
31.226,625,-0.29218,-3.56119,0.55300,0,10,0,FALLBACK,-0.1526,0.100,1.2258,0,none
31.274,626,-0.30746,-3.47617,0.42847,0,10,0,FALLBACK,0.1138,0.100,1.2260,0,none
31.326,627,-0.33063,-3.21084,0.52591,0,10,0,FALLBACK,0.2689,0.100,1.2257,0,none
31.374,628,-0.34624,-2.90634,0.80087,0,10,0,FALLBACK,0.3092,0.100,1.2250,0,none
31.425,629,-0.33502,-3.52861,0.53227,0,10,0,FALLBACK,0.1190,0.100,1.2242,0,none
31.477,630,-0.35960,-2.97588,0.77441,0,10,0,FALLBACK,0.4209,0.100,1.2242,0,none
31.526,631,-0.38053,-2.92559,0.63533,0,10,0,FALLBACK,0.5073,0.100,1.2235,0,none
31.577,632,-0.38048,-3.05641,0.48743,0,10,0,FALLBACK,0.4022,0.100,1.2208,0,none
31.626,633,-0.34254,-3.40932,0.57573,0,10,0,FALLBACK,0.0230,0.100,1.2198,0,none
31.677,634,-0.33464,-3.32915,0.48921,0,10,0,FALLBACK,0.1337,0.100,1.2202,0,none
31.711,635,-0.33094,-3.29891,0.43648,0,10,0,FALLBACK,0.1363,0.100,1.2206,0,none
31.763,636,-0.32197,-3.21991,0.58933,0,10,0,FALLBACK,0.0650,0.100,1.2208,0,none
31.811,637,-0.29188,-3.16669,0.64484,0,10,0,FALLBACK,-0.1910,0.100,1.2213,0,none
31.863,638,-0.30642,-3.13292,0.69874,0,10,0,FALLBACK,0.1048,0.100,1.2208,0,none
31.910,639,-0.32757,-3.02652,0.46500,0,10,0,FALLBACK,0.2436,0.100,1.2203,0,none
31.962,640,-0.33739,-3.33547,0.50462,0,10,0,FALLBACK,0.2361,0.100,1.2196,0,none
32.013,641,-0.31776,-3.27839,0.57298,0,10,0,FALLBACK,-0.0093,0.100,1.2196,0,none
32.064,642,-0.33261,-3.32479,0.53214,0,10,0,FALLBACK,0.2372,0.100,1.2199,0,none
32.115,643,-0.34941,-3.78203,0.49959,0,10,0,FALLBACK,0.3311,0.100,1.2192,0,none
32.162,644,-0.35189,-3.16737,0.58677,0,10,0,FALLBACK,0.2718,0.100,1.2184,0,none
32.213,645,-0.31926,-3.54795,0.54159,0,10,0,FALLBACK,-0.0668,0.100,1.2182,0,none
32.265,646,-0.32363,-3.43994,0.47724,0,10,0,FALLBACK,0.1400,0.100,1.2181,0,none
32.315,647,-0.33457,-3.23265,0.55806,0,10,0,FALLBACK,0.2276,0.100,1.2180,0,none
32.362,648,-0.33606,-3.37935,0.40896,0,10,0,FALLBACK,0.1878,0.100,1.2178,0,none
32.417,649,-0.30923,-3.47782,0.45933,0,10,0,FALLBACK,-0.0880,0.100,1.2181,0,none
32.464,650,-0.31367,-3.21041,0.50790,0,10,0,FALLBACK,0.0906,0.100,1.2178,0,none
32.513,651,-0.32433,-3.19681,0.52881,0,10,0,FALLBACK,0.1749,0.100,1.2181,0,none
32.564,652,-0.32843,-3.55485,0.46455,0,10,0,FALLBACK,0.1626,0.100,1.2181,0,none
32.616,653,-0.32376,-3.33304,0.45439,0,10,0,FALLBACK,0.0955,0.100,1.2183,0,none
32.664,654,-0.31008,-3.26175,0.57672,0,10,0,FALLBACK,-0.0180,0.100,1.2188,0,none
32.716,655,-0.31654,-3.26284,0.56545,0,10,0,FALLBACK,0.1150,0.100,1.2193,0,none
32.765,656,-0.32428,-3.42634,0.51121,0,10,0,FALLBACK,0.1601,0.100,1.2196,0,none
32.815,657,-0.32519,-3.39789,0.60146,0,10,0,FALLBACK,0.1305,0.100,1.2198,0,none
33.012,658,-0.31370,-3.43152,0.40935,0,10,0,FALLBACK,0.0111,0.100,1.2201,0,none
33.046,659,-0.32235,-3.26961,0.70278,0,10,0,FALLBACK,0.1550,0.100,1.2210,0,none
33.075,660,-0.31888,-3.36180,0.51608,0,10,0,FALLBACK,0.0771,0.100,1.2214,0,none
33.114,661,-0.30465,-3.14927,0.73876,0,10,0,FALLBACK,-0.0479,0.100,1.2215,0,none
33.163,662,-0.31431,-3.22885,0.52848,0,10,0,FALLBACK,0.1199,0.100,1.2219,0,none
33.215,663,-0.32646,-3.49235,0.47168,0,10,0,FALLBACK,0.1931,0.100,1.2220,0,none
33.263,664,-0.33084,-3.67696,0.57032,0,10,0,FALLBACK,0.1761,0.100,1.2220,0,none
33.313,665,-0.31990,-3.54613,0.54605,0,10,0,FALLBACK,0.0448,0.100,1.2221,0,none
33.365,666,-0.32081,-3.38666,0.50113,0,10,0,FALLBACK,0.1086,0.100,1.2225,0,none
33.416,667,-0.32121,-3.53097,0.59433,0,10,0,FALLBACK,0.1081,0.100,1.2230,0,none
33.466,668,-0.31651,-3.59832,0.42447,0,10,0,FALLBACK,0.0590,0.100,1.2234,0,none
33.516,669,-0.29500,-3.60253,0.55317,0,10,0,FALLBACK,-0.1325,0.100,1.2238,0,none
33.567,670,-0.30620,-3.50327,0.53801,0,10,0,FALLBACK,0.0870,0.100,1.2237,0,none
33.615,671,-0.32380,-3.19964,0.45000,0,10,0,FALLBACK,0.2070,0.100,1.2236,0,none
33.665,672,-0.33388,-3.35576,0.55585,0,10,0,FALLBACK,0.2198,0.100,1.2234,0,none
33.716,673,-0.31976,-3.08914,0.54978,0,10,0,FALLBACK,0.0282,0.100,1.2233,0,none
33.767,674,-0.32922,-3.41314,0.50124,0,10,0,FALLBACK,0.1934,0.100,1.2235,0,none
33.813,675,-0.33881,-2.90420,0.58657,0,10,0,FALLBACK,0.2420,0.100,1.2236,0,none
33.868,676,-0.33790,-3.29972,0.45336,0,10,0,FALLBACK,0.1849,0.100,1.2234,0,none
33.916,677,-0.30925,-3.46177,0.38135,0,10,0,FALLBACK,-0.0970,0.100,1.2236,0,none
33.967,678,-0.31350,-3.34172,0.53254,0,10,0,FALLBACK,0.0888,0.100,1.2233,0,none
34.015,679,-0.32449,-3.20477,0.47960,0,10,0,FALLBACK,0.1773,0.100,1.2235,0,none
34.067,680,-0.32881,-3.64053,0.61422,0,10,0,FALLBACK,0.1657,0.100,1.2234,0,none
34.117,681,-0.31253,-3.45395,0.45250,0,10,0,FALLBACK,-0.0187,0.100,1.2236,0,none
34.166,682,-0.31481,-3.41410,0.54317,0,10,0,FALLBACK,0.0854,0.100,1.2238,0,none
34.217,683,-0.31962,-3.43309,0.49177,0,10,0,FALLBACK,0.1221,0.100,1.2242,0,none
34.267,684,-0.31949,-3.28960,0.52560,0,10,0,FALLBACK,0.0968,0.100,1.2245,0,none
34.318,685,-0.31372,-3.42118,0.40507,0,10,0,FALLBACK,0.0397,0.100,1.2248,0,none
34.368,686,-0.30357,-3.36254,0.44872,0,10,0,FALLBACK,-0.0328,0.100,1.2253,0,none
34.418,687,-0.31393,-3.50345,0.52659,0,10,0,FALLBACK,0.1215,0.100,1.2257,0,none
34.466,688,-0.32535,-3.46804,0.49284,0,10,0,FALLBACK,0.1838,0.100,1.2258,0,none
34.516,689,-0.32911,-3.33098,0.39376,0,10,0,FALLBACK,0.1644,0.100,1.2257,0,none
34.567,690,-0.32125,-3.37128,0.43632,0,10,0,FALLBACK,0.0670,0.100,1.2259,0,none
34.617,691,-0.32876,-3.37891,0.59696,0,10,0,FALLBACK,0.1813,0.100,1.2263,0,none
34.667,692,-0.33387,-3.21035,0.46530,0,10,0,FALLBACK,0.1949,0.100,1.2265,0,none
34.719,693,-0.32997,-3.43867,0.46806,0,10,0,FALLBACK,0.1303,0.100,1.2266,0,none
34.769,694,-0.31274,-3.25494,0.44540,0,10,0,FALLBACK,-0.0224,0.100,1.2269,0,none
34.818,695,-0.31846,-3.56460,0.63612,0,10,0,FALLBACK,0.1209,0.100,1.2272,0,none
34.869,696,-0.32610,-3.33949,0.50706,0,10,0,FALLBACK,0.1687,0.100,1.2274,0,none
34.919,697,-0.32653,-3.20700,0.61273,0,10,0,FALLBACK,0.1348,0.100,1.2274,0,none
34.968,698,-0.31017,-3.37088,0.40229,0,10,0,FALLBACK,-0.0310,0.100,1.2277,0,none
35.019,699,-0.32360,-3.45814,0.56797,0,10,0,FALLBACK,0.1852,0.100,1.2279,0,none
35.067,700,-0.33877,-3.43918,0.57780,0,10,0,FALLBACK,0.2697,0.100,1.2276,0,none
35.119,701,-0.34254,-3.32513,0.47141,0,10,0,FALLBACK,0.2316,0.100,1.2271,0,none
35.167,702,-0.32057,-3.33614,0.49394,0,10,0,FALLBACK,-0.0070,0.100,1.2270,0,none
35.220,703,-0.33199,-3.52316,0.55588,0,10,0,FALLBACK,0.2171,0.100,1.2271,0,none
35.270,704,-0.34527,-2.85990,0.57631,0,10,0,FALLBACK,0.2927,0.100,1.2268,0,none
35.318,705,-0.34587,-3.48919,0.48639,0,10,0,FALLBACK,0.2323,0.100,1.2262,0,none
35.370,706,-0.31572,-3.45020,0.49192,0,10,0,FALLBACK,-0.0722,0.100,1.2262,0,none
35.419,707,-0.32615,-3.33631,0.42893,0,10,0,FALLBACK,0.1829,0.100,1.2258,0,none
35.470,708,-0.34200,-3.45744,0.59273,0,10,0,FALLBACK,0.2893,0.100,1.2255,0,none
35.520,709,-0.34594,-3.70358,0.50049,0,10,0,FALLBACK,0.2494,0.100,1.2249,0,none
35.570,710,-0.31753,-3.53913,0.51369,0,10,0,FALLBACK,-0.0544,0.100,1.2248,0,none
35.621,711,-0.32628,-3.18338,0.59543,0,10,0,FALLBACK,0.1751,0.100,1.2244,0,none
35.670,712,-0.33990,-3.29530,0.66738,0,10,0,FALLBACK,0.2676,0.100,1.2243,0,none
35.722,713,-0.34254,-3.33847,0.53690,0,10,0,FALLBACK,0.2259,0.100,1.2238,0,none
35.771,714,-0.31100,-3.29950,0.61898,0,10,0,FALLBACK,-0.1027,0.100,1.2238,0,none
35.821,715,-0.32081,-2.99184,0.47889,0,10,0,FALLBACK,0.1532,0.100,1.2231,0,none
35.872,716,-0.33768,-2.51609,0.62221,0,10,0,FALLBACK,0.2727,0.100,1.2229,0,none
35.922,717,-0.34385,-2.85970,0.56168,0,10,0,FALLBACK,0.2501,0.100,1.2224,0,none
35.972,718,-0.31809,-3.23541,0.37989,0,10,0,FALLBACK,-0.0384,0.100,1.2222,0,none
36.022,719,-0.32239,-2.94194,0.49881,0,10,0,FALLBACK,0.1334,0.100,1.2220,0,none
36.070,720,-0.33118,-2.84399,0.49721,0,10,0,FALLBACK,0.1998,0.100,1.2223,0,none
36.122,721,-0.33191,-3.32335,0.52555,0,10,0,FALLBACK,0.1632,0.100,1.2223,0,none
36.172,722,-0.32324,-2.98171,0.48723,0,10,0,FALLBACK,0.0728,0.100,1.2225,0,none
36.221,723,-0.30782,-3.58315,0.58399,0,10,0,FALLBACK,-0.0380,0.100,1.2230,0,none
36.272,724,-0.31005,-2.95930,0.54076,0,10,0,FALLBACK,0.0614,0.100,1.2234,0,none
36.322,725,-0.31468,-3.44334,0.48443,0,10,0,FALLBACK,0.0965,0.100,1.2238,0,none
36.372,726,-0.31528,-3.13399,0.53967,0,10,0,FALLBACK,0.0795,0.100,1.2241,0,none
36.421,727,-0.30921,-3.41929,0.58736,0,10,0,FALLBACK,0.0156,0.100,1.2245,0,none
36.472,728,-0.31480,-3.09000,0.42279,0,10,0,FALLBACK,0.1020,0.100,1.2249,0,none
36.521,729,-0.31989,-2.88132,0.52072,0,10,0,FALLBACK,0.1249,0.100,1.2252,0,none
36.572,730,-0.31949,-2.80273,0.58499,0,10,0,FALLBACK,0.0955,0.100,1.2255,0,none
36.625,731,-0.30821,-3.02689,0.58934,0,10,0,FALLBACK,-0.0154,0.100,1.2258,0,none
36.672,732,-0.31877,-3.07813,0.56704,0,10,0,FALLBACK,0.1467,0.100,1.2263,0,none
36.725,733,-0.33075,-3.03862,0.54383,0,10,0,FALLBACK,0.2136,0.100,1.2264,0,none
36.772,734,-0.33510,-3.08787,0.39172,0,10,0,FALLBACK,0.1973,0.100,1.2262,0,none
36.824,735,-0.31886,-3.01093,0.53759,0,10,0,FALLBACK,0.0131,0.100,1.2262,0,none
36.873,736,-0.33210,-3.03488,0.49948,0,10,0,FALLBACK,0.2267,0.100,1.2265,0,none
36.924,737,-0.34633,-3.22500,0.44814,0,10,0,FALLBACK,0.3028,0.100,1.2265,0,none
36.972,738,-0.34912,-3.10229,0.51395,0,10,0,FALLBACK,0.2596,0.100,1.2257,0,none
37.026,739,-0.32290,-2.92414,0.49026,0,10,0,FALLBACK,-0.0167,0.100,1.2254,0,none
37.074,740,-0.33075,-3.01549,0.49489,0,10,0,FALLBACK,0.1930,0.100,1.2256,0,none
37.124,741,-0.34222,-3.09034,0.38663,0,10,0,FALLBACK,0.2684,0.100,1.2256,0,none
37.174,742,-0.34406,-3.05271,0.45392,0,10,0,FALLBACK,0.2295,0.100,1.2250,0,none
37.224,743,-0.30974,-3.17797,0.48353,0,10,0,FALLBACK,-0.1229,0.100,1.2248,0,none
37.273,744,-0.32721,-3.05924,0.53674,0,10,0,FALLBACK,0.2234,0.100,1.2246,0,none
37.326,745,-0.35342,-3.01458,0.54712,0,10,0,FALLBACK,0.3982,0.100,1.2236,0,none
37.376,746,-0.36686,-3.07027,0.57977,0,10,0,FALLBACK,0.4015,0.100,1.2218,0,none
37.424,747,-0.33619,-3.14873,0.50964,0,10,0,FALLBACK,0.0276,0.100,1.2203,0,none
37.474,748,-0.34394,-3.42077,0.51621,0,10,0,FALLBACK,0.2585,0.100,1.2201,0,none
37.526,749,-0.35479,-3.05380,0.47941,0,10,0,FALLBACK,0.3282,0.100,1.2200,0,none
37.575,750,-0.35348,-3.44642,0.59552,0,10,0,FALLBACK,0.2608,0.100,1.2192,0,none
37.625,751,-0.31627,-3.13304,0.71234,0,10,0,FALLBACK,-0.1047,0.100,1.2189,0,none
37.675,752,-0.31295,-3.03146,0.47947,0,10,0,FALLBACK,0.0482,0.100,1.2189,0,none
37.724,753,-0.31850,-3.13463,0.37100,0,10,0,FALLBACK,0.1202,0.100,1.2188,0,none
37.776,754,-0.32153,-3.02238,0.56071,0,10,0,FALLBACK,0.1229,0.100,1.2190,0,none
37.826,755,-0.28649,-3.26406,0.41488,0,10,0,FALLBACK,-0.2428,0.100,1.2193,0,none
37.875,756,-0.30880,-3.00983,0.57556,0,10,0,FALLBACK,0.1555,0.100,1.2187,0,none
37.925,757,-0.34478,-2.87960,0.52064,0,10,0,FALLBACK,0.4038,0.100,1.2171,0,none
37.976,758,-0.37003,-2.73793,0.51661,0,10,0,FALLBACK,0.4764,0.100,1.2152,0,none
38.027,759,-0.37346,-1.78880,0.73266,0,10,0,FALLBACK,0.3845,0.100,1.2129,0,none
38.076,760,-0.34956,-2.40214,0.66154,0,10,0,FALLBACK,0.1283,0.100,1.2122,0,none
38.125,761,-0.34743,-2.85514,0.49395,0,10,0,FALLBACK,0.2265,0.100,1.2129,0,none
38.176,762,-0.34351,-3.34354,0.45898,0,10,0,FALLBACK,0.1979,0.100,1.2137,0,none
38.228,763,-0.33039,-3.14018,0.44515,0,10,0,FALLBACK,0.0863,0.100,1.2138,0,none
38.260,764,-0.29696,-2.95674,0.61436,0,10,0,FALLBACK,-0.1824,0.100,1.2144,0,none
38.309,765,-0.31118,-3.23024,0.48471,0,10,0,FALLBACK,0.1270,0.100,1.2138,0,none
38.361,766,-0.33682,-2.04710,0.88695,0,10,0,FALLBACK,0.3122,0.100,1.2136,0,none
38.410,767,-0.35001,-1.91355,0.77247,0,10,0,FALLBACK,0.3160,0.100,1.2116,0,none
38.459,768,-0.32850,-2.38647,0.66449,0,10,0,FALLBACK,0.0350,0.100,1.2113,0,none
38.510,769,-0.34907,-2.78248,0.51652,0,10,0,FALLBACK,0.3482,0.100,1.2117,0,none
38.560,770,-0.36701,-2.84238,0.54969,0,10,0,FALLBACK,0.4247,0.100,1.2099,0,none
38.612,771,-0.36428,-3.29915,0.55550,0,10,0,FALLBACK,0.3078,0.100,1.2086,0,none
38.662,772,-0.32011,-3.02295,0.57025,0,10,0,FALLBACK,-0.1203,0.100,1.2090,0,none
38.712,773,-0.33187,-2.82298,0.70213,0,10,0,FALLBACK,0.2182,0.100,1.2083,0,none
38.762,774,-0.34954,-2.30884,0.62961,0,10,0,FALLBACK,0.3360,0.100,1.2072,0,none
38.809,775,-0.35088,-3.08103,0.53750,0,10,0,FALLBACK,0.2611,0.100,1.2061,0,none
38.861,776,-0.31390,-2.65849,0.42275,0,10,0,FALLBACK,-0.1154,0.100,1.2065,0,none
38.911,777,-0.32413,-2.30519,0.71373,0,10,0,FALLBACK,0.1718,0.100,1.2060,0,none
38.960,778,-0.34009,-3.05354,0.55558,0,10,0,FALLBACK,0.2803,0.100,1.2054,0,none
39.011,779,-0.34272,-3.06415,0.51298,0,10,0,FALLBACK,0.2268,0.100,1.2049,0,none
39.062,780,-0.33292,-2.63603,0.62119,0,10,0,FALLBACK,0.1155,0.100,1.2052,0,none
39.110,781,-0.31487,-2.52000,0.65490,0,10,0,FALLBACK,-0.0159,0.100,1.2060,0,none
39.161,782,-0.31717,-2.76736,0.69435,0,10,0,FALLBACK,0.0973,0.100,1.2067,0,none
39.210,783,-0.32023,-3.14978,0.60762,0,10,0,FALLBACK,0.1165,0.100,1.2071,0,none
39.261,784,-0.31737,-3.14092,0.36290,0,10,0,FALLBACK,0.0725,0.100,1.2075,0,none
39.311,785,-0.30389,-2.67240,0.73489,0,10,0,FALLBACK,-0.0479,0.100,1.2081,0,none
39.363,786,-0.31959,-3.18818,0.57314,0,10,0,FALLBACK,0.1765,0.100,1.2086,0,none
39.411,787,-0.33507,-3.39901,0.46250,0,10,0,FALLBACK,0.2527,0.100,1.2084,0,none
39.462,788,-0.33860,-2.91405,0.59344,0,10,0,FALLBACK,0.2106,0.100,1.2081,0,none
39.510,789,-0.31909,-3.41382,0.44769,0,10,0,FALLBACK,-0.0020,0.100,1.2085,0,none
39.561,790,-0.33504,-2.99856,0.55729,0,10,0,FALLBACK,0.2549,0.100,1.2090,0,none
39.612,791,-0.34977,-3.44032,0.40351,0,10,0,FALLBACK,0.3226,0.100,1.2082,0,none
39.661,792,-0.34890,-3.22262,0.54308,0,10,0,FALLBACK,0.2401,0.100,1.2076,0,none
39.712,793,-0.31585,-3.53972,0.52806,0,10,0,FALLBACK,-0.0860,0.100,1.2081,0,none
39.760,794,-0.33039,-3.24011,0.58431,0,10,0,FALLBACK,0.2246,0.100,1.2080,0,none
39.811,795,-0.34809,-2.84323,0.62726,0,10,0,FALLBACK,0.3290,0.100,1.2070,0,none
39.861,796,-0.34991,-3.32059,0.43652,0,10,0,FALLBACK,0.2587,0.100,1.2061,0,none
39.913,797,-0.31910,-2.93457,0.53459,0,10,0,FALLBACK,-0.0586,0.100,1.2065,0,none
39.961,798,-0.32634,-2.95264,0.42461,0,10,0,FALLBACK,0.1679,0.100,1.2065,0,none
40.011,799,-0.33711,-3.14372,0.55255,0,10,0,FALLBACK,0.2394,0.100,1.2064,0,none
40.062,800,-0.33641,-2.98436,0.61575,0,10,0,FALLBACK,0.1785,0.100,1.2062,0,none
40.114,801,-0.30154,-2.75274,0.75418,0,10,0,FALLBACK,-0.1666,0.100,1.2067,0,none
40.164,802,-0.31536,-2.85220,0.48737,0,10,0,FALLBACK,0.1459,0.100,1.2060,0,none
40.214,803,-0.33592,-3.05525,0.59132,0,10,0,FALLBACK,0.2824,0.100,1.2054,0,none
40.265,804,-0.34325,-3.05656,0.53934,0,10,0,FALLBACK,0.2529,0.100,1.2047,0,none
40.313,805,-0.33693,-3.48498,0.42098,0,10,0,FALLBACK,0.1531,0.100,1.2048,0,none
40.362,806,-0.31623,-3.33651,0.48018,0,10,0,FALLBACK,-0.0223,0.100,1.2055,0,none
40.411,807,-0.32987,-3.38735,0.37460,0,10,0,FALLBACK,0.2176,0.100,1.2060,0,none
40.462,808,-0.34508,-3.67723,0.53270,0,10,0,FALLBACK,0.3015,0.100,1.2057,0,none
40.513,809,-0.34728,-3.47515,0.53336,0,10,0,FALLBACK,0.2474,0.100,1.2053,0,none
40.562,810,-0.32927,-3.83013,0.66300,0,10,0,FALLBACK,0.0563,0.100,1.2055,0,none
40.612,811,-0.32885,-4.08957,0.52783,0,10,0,FALLBACK,0.1422,0.100,1.2061,0,none
40.662,812,-0.32847,-3.99679,0.47608,0,10,0,FALLBACK,0.1404,0.100,1.2067,0,none
40.712,813,-0.32150,-4.05173,0.57453,0,10,0,FALLBACK,0.0726,0.100,1.2072,0,none
40.764,814,-0.31689,-3.76124,0.70121,0,10,0,FALLBACK,0.0614,0.100,1.2078,0,none
40.815,815,-0.28736,-3.54568,0.54024,0,10,0,FALLBACK,-0.2109,0.100,1.2085,0,none
40.863,816,-0.25811,-3.65723,0.49554,0,10,0,FALLBACK,-0.3557,0.100,1.2078,0,none
40.914,817,-0.24295,-3.61833,0.52894,0,10,0,FALLBACK,-0.3610,0.100,1.2069,0,none
40.964,818,-0.25468,-3.36947,0.50426,0,10,0,FALLBACK,-0.1680,0.100,1.2066,0,none
41.015,819,-0.25480,-3.77794,0.51206,0,10,0,FALLBACK,-0.2254,0.100,1.2071,0,none
41.064,820,-0.25908,-3.38649,0.41580,0,10,0,FALLBACK,-0.1832,0.100,1.2077,0,none
41.114,821,-0.27246,-3.85587,0.60725,0,10,0,FALLBACK,-0.0708,0.100,1.2082,0,none
41.165,822,-0.30824,-3.56553,0.52165,0,10,0,FALLBACK,0.2201,0.100,1.2088,0,none
41.217,823,-0.30423,-3.88314,0.72097,0,10,0,FALLBACK,0.0011,0.100,1.2079,0,none
41.265,824,-0.28839,-3.66791,0.61155,0,10,0,FALLBACK,-0.1373,0.100,1.2079,0,none
41.315,825,-0.27652,-3.81619,0.55082,0,10,0,FALLBACK,-0.1767,0.100,1.2082,0,none
41.364,826,-0.29335,-3.96751,0.54082,0,10,0,FALLBACK,0.0509,0.100,1.2086,0,none
41.417,827,-0.27237,-3.93749,0.75170,0,10,0,FALLBACK,-0.2431,0.100,1.2086,0,none
41.464,828,-0.24862,-4.15629,0.55089,0,10,0,FALLBACK,-0.3757,0.100,1.2077,0,none
41.516,829,-0.24015,-4.12370,0.47284,0,10,0,FALLBACK,-0.3416,0.100,1.2068,0,none
41.567,830,-0.27897,-3.76341,0.41224,0,10,0,FALLBACK,0.0890,0.100,1.2067,0,none
41.616,831,-0.26721,-3.94956,0.63207,0,10,0,FALLBACK,-0.2227,0.100,1.2054,0,none
41.667,832,-0.24758,-3.54845,0.44812,0,10,0,FALLBACK,-0.3603,0.100,1.2048,0,none
41.716,833,-0.24235,-3.35477,0.54301,0,10,0,FALLBACK,-0.3143,0.100,1.2040,0,none
41.766,834,-0.25430,-3.41827,0.45602,0,10,0,FALLBACK,-0.1688,0.100,1.2040,0,none
41.817,835,-0.28024,-3.53739,0.52607,0,10,0,FALLBACK,0.0309,0.100,1.2047,0,none
41.867,836,-0.26799,-3.57953,0.49688,0,10,0,FALLBACK,-0.2213,0.100,1.2052,0,none
41.916,837,-0.25341,-3.72206,0.69339,0,10,0,FALLBACK,-0.3059,0.100,1.2047,0,none
41.966,838,-0.25214,-3.45215,0.62758,0,10,0,FALLBACK,-0.2456,0.100,1.2044,0,none
42.016,839,-0.27178,-3.77823,0.51719,0,10,0,FALLBACK,-0.0429,0.100,1.2047,0,none
42.066,840,-0.25418,-3.37975,0.45777,0,10,0,FALLBACK,-0.3171,0.100,1.2052,0,none
42.118,841,-0.23754,-3.30020,0.52512,0,10,0,FALLBACK,-0.3955,0.100,1.2042,0,none
42.167,842,-0.23852,-3.68977,0.47270,0,10,0,FALLBACK,-0.3025,0.100,1.2034,0,none
42.219,843,-0.26701,-3.55848,0.59758,0,10,0,FALLBACK,-0.0225,0.100,1.2036,0,none
42.267,844,-0.25894,-3.33482,0.49564,0,10,0,FALLBACK,-0.2456,0.100,1.2039,0,none
42.318,845,-0.24910,-3.26108,0.43337,0,10,0,FALLBACK,-0.3038,0.100,1.2038,0,none
42.366,846,-0.25263,-3.45198,0.52964,0,10,0,FALLBACK,-0.2192,0.100,1.2036,0,none
42.418,847,-0.28296,-3.62138,0.46542,0,10,0,FALLBACK,0.0665,0.100,1.2040,0,none
42.467,848,-0.27166,-3.44853,0.50316,0,10,0,FALLBACK,-0.1982,0.100,1.2039,0,none
42.518,849,-0.25541,-3.59086,0.56324,0,10,0,FALLBACK,-0.3042,0.100,1.2035,0,none
42.570,850,-0.25172,-3.22642,0.37745,0,10,0,FALLBACK,-0.2599,0.100,1.2032,0,none
42.618,851,-0.27691,-3.46620,0.59776,0,10,0,FALLBACK,0.0105,0.100,1.2034,0,none
42.670,852,-0.26769,-3.73653,0.57107,0,10,0,FALLBACK,-0.2076,0.100,1.2035,0,none
42.717,853,-0.25565,-3.56236,0.45241,0,10,0,FALLBACK,-0.2820,0.100,1.2035,0,none
42.768,854,-0.25549,-3.42120,0.57993,0,10,0,FALLBACK,-0.2234,0.100,1.2033,0,none
42.819,855,-0.28047,-3.42378,0.58424,0,10,0,FALLBACK,0.0273,0.100,1.2037,0,none
42.868,856,-0.27995,-3.18784,0.38814,0,10,0,FALLBACK,-0.1029,0.100,1.2039,0,none
42.918,857,-0.27542,-3.22689,0.50657,0,10,0,FALLBACK,-0.1455,0.100,1.2044,0,none
42.970,858,-0.27681,-3.31138,0.53878,0,10,0,FALLBACK,-0.1090,0.100,1.2048,0,none
43.024,859,-0.30513,-3.50177,0.53287,0,10,0,FALLBACK,0.1673,0.100,1.2054,0,none
43.070,860,-0.28875,-3.36422,0.61075,0,10,0,FALLBACK,-0.1382,0.100,1.2049,0,none
43.121,861,-0.26400,-3.62813,0.55724,0,10,0,FALLBACK,-0.3038,0.100,1.2042,0,none
43.171,862,-0.25060,-3.41892,0.54402,0,10,0,FALLBACK,-0.3140,0.100,1.2037,0,none
43.222,863,-0.27438,-3.47641,0.48842,0,10,0,FALLBACK,-0.0092,0.100,1.2036,0,none
43.272,864,-0.26351,-3.45973,0.48557,0,10,0,FALLBACK,-0.2368,0.100,1.2035,0,none
43.322,865,-0.25021,-3.45082,0.53687,0,10,0,FALLBACK,-0.3155,0.100,1.2034,0,none
43.371,866,-0.25010,-3.31884,0.65356,0,10,0,FALLBACK,-0.2501,0.100,1.2031,0,none
43.422,867,-0.29410,-3.56233,0.52543,0,10,0,FALLBACK,0.1905,0.100,1.2034,0,none
43.473,868,-0.28404,-4.00651,0.61367,0,10,0,FALLBACK,-0.1301,0.100,1.2015,0,none
43.521,869,-0.26183,-3.88344,0.59288,0,10,0,FALLBACK,-0.3019,0.100,1.2010,0,none
43.570,870,-0.25072,-3.77900,0.48580,0,10,0,FALLBACK,-0.3020,0.100,1.2005,0,none
43.623,871,-0.25529,-3.89465,0.64148,0,10,0,FALLBACK,-0.2006,0.100,1.2005,0,none
43.672,872,-0.27715,-4.08117,0.53258,0,10,0,FALLBACK,-0.0050,0.100,1.2010,0,none
43.721,873,-0.26898,-3.83132,0.59496,0,10,0,FALLBACK,-0.1959,0.100,1.2016,0,none
43.772,874,-0.25802,-3.72634,0.54587,0,10,0,FALLBACK,-0.2647,0.100,1.2019,0,none
43.822,875,-0.25701,-3.51679,0.60818,0,10,0,FALLBACK,-0.2200,0.100,1.2017,0,none
43.874,876,-0.27804,-3.49558,0.45903,0,10,0,FALLBACK,-0.0046,0.100,1.2019,0,none
43.923,877,-0.26434,-3.58182,0.52038,0,10,0,FALLBACK,-0.2468,0.100,1.2025,0,none
43.975,878,-0.24858,-3.75981,0.50534,0,10,0,FALLBACK,-0.3359,0.100,1.2024,0,none
44.024,879,-0.24521,-3.51056,0.58419,0,10,0,FALLBACK,-0.2908,0.100,1.2018,0,none
44.073,880,-0.26979,-3.37582,0.46554,0,10,0,FALLBACK,-0.0282,0.100,1.2017,0,none
44.124,881,-0.26405,-3.42713,0.58424,0,10,0,FALLBACK,-0.2084,0.100,1.2021,0,none
44.174,882,-0.25871,-3.19272,0.44308,0,10,0,FALLBACK,-0.2331,0.100,1.2028,0,none
44.224,883,-0.25975,-3.50254,0.65074,0,10,0,FALLBACK,-0.1960,0.100,1.2025,0,none
44.273,884,-0.28768,-3.48592,0.59539,0,10,0,FALLBACK,0.0780,0.100,1.2028,0,none
44.324,885,-0.27811,-3.07548,0.49426,0,10,0,FALLBACK,-0.1573,0.100,1.2032,0,none
44.372,886,-0.26217,-3.73303,0.58100,0,10,0,FALLBACK,-0.2688,0.100,1.2030,0,none
44.424,887,-0.25648,-3.57676,0.48230,0,10,0,FALLBACK,-0.2460,0.100,1.2023,0,none
44.474,888,-0.27906,-3.47844,0.49948,0,10,0,FALLBACK,0.0082,0.100,1.2025,0,none
44.526,889,-0.27418,-3.54565,0.49584,0,10,0,FALLBACK,-0.1535,0.100,1.2030,0,none
44.575,890,-0.26607,-3.92471,0.73945,0,10,0,FALLBACK,-0.2102,0.100,1.2032,0,none
44.624,891,-0.26515,-3.79342,0.52533,0,10,0,FALLBACK,-0.1789,0.100,1.2034,0,none
44.672,892,-0.28563,-3.77752,0.43809,0,10,0,FALLBACK,0.0306,0.100,1.2037,0,none
44.724,893,-0.28664,-3.53337,0.37879,0,10,0,FALLBACK,-0.0617,0.100,1.2042,0,none
44.774,894,-0.28403,-3.58157,0.44318,0,10,0,FALLBACK,-0.0929,0.100,1.2046,0,none
44.824,895,-0.28412,-3.54841,0.60719,0,10,0,FALLBACK,-0.0790,0.100,1.2052,0,none
44.875,896,-0.29956,-3.60577,0.54529,0,10,0,FALLBACK,0.0751,0.100,1.2058,0,none
44.924,897,-0.29540,-3.62000,0.59612,0,10,0,FALLBACK,-0.0439,0.100,1.2063,0,none
44.976,898,-0.28666,-3.51874,0.50912,0,10,0,FALLBACK,-0.1104,0.100,1.2066,0,none
45.026,899,-0.28051,-3.18817,0.48234,0,10,0,FALLBACK,-0.1282,0.100,1.2071,0,none
45.060,900,-0.28005,-3.40497,0.49150,0,10,0,FALLBACK,-0.1020,0.100,1.2075,0,none
45.109,901,-0.28511,-3.36179,0.54417,0,10,0,FALLBACK,-0.0492,0.100,1.2081,0,none
45.160,902,-0.28811,-3.28627,0.45989,0,10,0,FALLBACK,-0.0444,0.100,1.2087,0,none
45.210,903,-0.29222,-3.24814,0.45484,0,10,0,FALLBACK,-0.0183,0.100,1.2093,0,none
45.260,904,-0.29761,-3.45563,0.53773,0,10,0,FALLBACK,0.0150,0.100,1.2099,0,none
45.312,905,-0.30495,-3.35072,0.63319,0,10,0,FALLBACK,0.0615,0.100,1.2105,0,none
45.360,906,-0.29771,-3.72393,0.68450,0,10,0,FALLBACK,-0.0476,0.100,1.2110,0,none
45.410,907,-0.28915,-3.39502,0.47278,0,10,0,FALLBACK,-0.0971,0.100,1.2115,0,none
45.461,908,-0.28489,-3.71533,0.54102,0,10,0,FALLBACK,-0.0968,0.100,1.2119,0,none
45.510,909,-0.29002,-3.56295,0.52947,0,10,0,FALLBACK,-0.0243,0.100,1.2125,0,none
45.560,910,-0.27821,-3.77981,0.57091,0,10,0,FALLBACK,-0.1680,0.100,1.2130,0,none
45.612,911,-0.26882,-4.02471,0.50002,0,10,0,FALLBACK,-0.2028,0.100,1.2131,0,none
45.663,912,-0.26905,-3.87522,0.51952,0,10,0,FALLBACK,-0.1536,0.100,1.2132,0,none
45.710,913,-0.28448,-3.74077,0.55114,0,10,0,FALLBACK,-0.0004,0.100,1.2138,0,none
45.761,914,-0.27834,-3.84267,0.61427,0,10,0,FALLBACK,-0.1390,0.100,1.2142,0,none
45.811,915,-0.27226,-3.54742,0.51183,0,10,0,FALLBACK,-0.1691,0.100,1.2144,0,none
45.864,916,-0.27439,-3.90299,0.48847,0,10,0,FALLBACK,-0.1174,0.100,1.2146,0,none
45.911,917,-0.29550,-3.57121,0.54304,0,10,0,FALLBACK,0.0830,0.100,1.2152,0,none
45.962,918,-0.28033,-3.64050,0.59003,0,10,0,FALLBACK,-0.1742,0.100,1.2153,0,none
46.014,919,-0.26100,-3.30719,0.54920,0,10,0,FALLBACK,-0.2916,0.100,1.2147,0,none
46.063,920,-0.25369,-3.61210,0.57469,0,10,0,FALLBACK,-0.2681,0.100,1.2143,0,none
46.113,921,-0.27191,-3.28229,0.55561,0,10,0,FALLBACK,-0.0494,0.100,1.2143,0,none
46.163,922,-0.26837,-3.82287,0.47721,0,10,0,FALLBACK,-0.1758,0.100,1.2146,0,none
46.215,923,-0.26458,-3.74295,0.62437,0,10,0,FALLBACK,-0.1960,0.100,1.2149,0,none
46.263,924,-0.26954,-3.70718,0.50610,0,10,0,FALLBACK,-0.1275,0.100,1.2151,0,none
46.316,925,-0.29735,-3.53091,0.41770,0,10,0,FALLBACK,0.1258,0.100,1.2156,0,none
46.364,926,-0.29092,-3.78907,0.56873,0,10,0,FALLBACK,-0.0775,0.100,1.2153,0,none
46.414,927,-0.27716,-3.80641,0.57860,0,10,0,FALLBACK,-0.1830,0.100,1.2153,0,none
46.464,928,-0.27002,-3.71529,0.63627,0,10,0,FALLBACK,-0.1856,0.100,1.2154,0,none
46.515,929,-0.28376,-3.91451,0.47548,0,10,0,FALLBACK,-0.0125,0.100,1.2157,0,none
46.564,930,-0.27794,-4.03834,0.57284,0,10,0,FALLBACK,-0.1394,0.100,1.2160,0,none
46.616,931,-0.27123,-4.01420,0.57567,0,10,0,FALLBACK,-0.1775,0.100,1.2163,0,none
46.662,932,-0.27200,-3.98695,0.47092,0,10,0,FALLBACK,-0.1362,0.100,1.2165,0,none
46.716,933,-0.30019,-4.09367,0.56357,0,10,0,FALLBACK,0.1419,0.100,1.2170,0,none
46.764,934,-0.28865,-3.83057,0.56277,0,10,0,FALLBACK,-0.1144,0.100,1.2165,0,none
46.814,935,-0.26928,-3.80144,0.66829,0,10,0,FALLBACK,-0.2505,0.100,1.2161,0,none
46.865,936,-0.25920,-3.91106,0.65965,0,10,0,FALLBACK,-0.2544,0.100,1.2158,0,none
46.914,937,-0.27598,-3.91542,0.57791,0,10,0,FALLBACK,-0.0362,0.100,1.2158,0,none
46.965,938,-0.27310,-4.07579,0.60858,0,10,0,FALLBACK,-0.1489,0.100,1.2161,0,none
47.013,939,-0.26941,-3.97346,0.70834,0,10,0,FALLBACK,-0.1714,0.100,1.2164,0,none
47.065,940,-0.27315,-3.42640,0.48167,0,10,0,FALLBACK,-0.1156,0.100,1.2167,0,none
47.115,941,-0.28410,-3.45957,0.48564,0,10,0,FALLBACK,-0.0247,0.100,1.2172,0,none
47.166,942,-0.29875,-3.82995,0.56649,0,10,0,FALLBACK,0.0670,0.100,1.2177,0,none
47.213,943,-0.30313,-3.57426,0.49758,0,10,0,FALLBACK,0.0375,0.100,1.2181,0,none
47.264,944,-0.30361,-3.36749,0.57123,0,10,0,FALLBACK,0.0205,0.100,1.2185,0,none
47.315,945,-0.30298,-4.04568,0.60815,0,10,0,FALLBACK,0.0117,0.100,1.2190,0,none
47.365,946,-0.30379,-3.46111,0.57677,0,10,0,FALLBACK,0.0230,0.100,1.2195,0,none
47.414,947,-0.28897,-3.71950,0.49401,0,10,0,FALLBACK,-0.1292,0.100,1.2200,0,none
47.466,948,-0.27436,-3.72012,0.51320,0,10,0,FALLBACK,-0.2012,0.100,1.2201,0,none
47.515,949,-0.26782,-3.78973,0.52897,0,10,0,FALLBACK,-0.1936,0.100,1.2202,0,none
47.566,950,-0.27277,-4.20595,0.66826,0,10,0,FALLBACK,-0.1114,0.100,1.2204,0,none
47.617,951,-0.27466,-3.98711,0.56317,0,10,0,FALLBACK,-0.1172,0.100,1.2209,0,none
47.665,952,-0.27998,-3.82111,0.51952,0,10,0,FALLBACK,-0.0735,0.100,1.2214,0,none
47.715,953,-0.28963,-3.81954,0.66186,0,10,0,FALLBACK,-0.0036,0.100,1.2218,0,none
47.766,954,-0.30573,-3.92724,0.43959,0,10,0,FALLBACK,0.1092,0.100,1.2223,0,none
47.816,955,-0.30106,-3.74425,0.48063,0,10,0,FALLBACK,-0.0181,0.100,1.2225,0,none
47.866,956,-0.29127,-4.02113,0.60409,0,10,0,FALLBACK,-0.0926,0.100,1.2227,0,none
47.916,957,-0.28440,-4.16776,0.68000,0,10,0,FALLBACK,-0.1123,0.100,1.2231,0,none
47.968,958,-0.28545,-4.00201,0.72647,0,10,0,FALLBACK,-0.0675,0.100,1.2234,0,none
48.016,959,-0.28170,-3.67250,0.66665,0,10,0,FALLBACK,-0.1102,0.100,1.2239,0,none
48.069,960,-0.28049,-3.72771,0.65953,0,10,0,FALLBACK,-0.1036,0.100,1.2242,0,none
48.119,961,-0.28423,-3.52468,0.53855,0,10,0,FALLBACK,-0.0602,0.100,1.2246,0,none
48.167,962,-0.29768,-3.78873,0.55988,0,10,0,FALLBACK,0.0557,0.100,1.2251,0,none
48.217,963,-0.29373,-3.85018,0.56661,0,10,0,FALLBACK,-0.0511,0.100,1.2254,0,none
48.268,964,-0.28670,-3.52260,0.54121,0,10,0,FALLBACK,-0.1016,0.100,1.2256,0,none
48.318,965,-0.28344,-3.74158,0.41148,0,10,0,FALLBACK,-0.0991,0.100,1.2259,0,none
48.368,966,-0.29298,-3.80459,0.57720,0,10,0,FALLBACK,0.0126,0.100,1.2263,0,none
48.419,967,-0.28334,-3.54859,0.57740,0,10,0,FALLBACK,-0.1315,0.100,1.2266,0,none
48.467,968,-0.27286,-3.66809,0.50705,0,10,0,FALLBACK,-0.1881,0.100,1.2267,0,none
48.518,969,-0.27016,-3.83530,0.65404,0,10,0,FALLBACK,-0.1627,0.100,1.2267,0,none
48.568,970,-0.28807,-3.82420,0.51895,0,10,0,FALLBACK,0.0299,0.100,1.2270,0,none
48.617,971,-0.27827,-3.73737,0.54812,0,10,0,FALLBACK,-0.1577,0.100,1.2271,0,none
48.668,972,-0.26609,-4.15079,0.50825,0,10,0,FALLBACK,-0.2305,0.100,1.2270,0,none
48.720,973,-0.26346,-3.82401,0.48320,0,10,0,FALLBACK,-0.1959,0.100,1.2268,0,none
48.768,974,-0.28401,-3.74770,0.54055,0,10,0,FALLBACK,0.0228,0.100,1.2270,0,none
48.818,975,-0.27834,-3.83997,0.54615,0,10,0,FALLBACK,-0.1366,0.100,1.2270,0,none
48.869,976,-0.26985,-4.27945,0.60968,0,10,0,FALLBACK,-0.1932,0.100,1.2271,0,none
48.920,977,-0.26943,-3.88228,0.53350,0,10,0,FALLBACK,-0.1549,0.100,1.2271,0,none
48.969,978,-0.28797,-4.09656,0.49404,0,10,0,FALLBACK,0.0326,0.100,1.2274,0,none
49.020,979,-0.28613,-3.77025,0.54402,0,10,0,FALLBACK,-0.0786,0.100,1.2275,0,none
49.069,980,-0.28113,-3.63869,0.57383,0,10,0,FALLBACK,-0.1194,0.100,1.2278,0,none
49.120,981,-0.28093,-3.91871,0.45656,0,10,0,FALLBACK,-0.0963,0.100,1.2280,0,none
49.169,982,-0.29191,-4.22144,0.59446,0,10,0,FALLBACK,0.0145,0.100,1.2284,0,none
49.220,983,-0.29267,-4.14357,0.49979,0,10,0,FALLBACK,-0.0329,0.100,1.2287,0,none
49.269,984,-0.29165,-3.93746,0.61197,0,10,0,FALLBACK,-0.0468,0.100,1.2290,0,none
49.320,985,-0.29253,-3.84384,0.54336,0,10,0,FALLBACK,-0.0330,0.100,1.2294,0,none
49.370,986,-0.29837,-3.73652,0.58409,0,10,0,FALLBACK,0.0210,0.100,1.2298,0,none
49.420,987,-0.29870,-3.65293,0.50757,0,10,0,FALLBACK,-0.0048,0.100,1.2302,0,none
49.471,988,-0.29766,-4.08613,0.75108,0,10,0,FALLBACK,-0.0169,0.100,1.2306,0,none
49.521,989,-0.29713,-3.99814,0.65244,0,10,0,FALLBACK,-0.0171,0.100,1.2309,0,none
49.570,990,-0.30597,-3.75290,0.61724,0,10,0,FALLBACK,0.0741,0.100,1.2313,0,none
49.621,991,-0.29641,-4.14712,0.75038,0,10,0,FALLBACK,-0.0658,0.100,1.2316,0,none
49.671,992,-0.28374,-4.35623,0.70696,0,10,0,FALLBACK,-0.1447,0.100,1.2317,0,none
49.720,993,-0.27619,-4.25716,0.56539,0,10,0,FALLBACK,-0.1568,0.100,1.2318,0,none
49.769,994,-0.28527,-4.32644,0.68005,0,10,0,FALLBACK,-0.0282,0.100,1.2320,0,none
49.820,995,-0.28090,-3.80506,0.59635,0,10,0,FALLBACK,-0.1173,0.100,1.2322,0,none
49.869,996,-0.27673,-4.06460,0.55461,0,10,0,FALLBACK,-0.1372,0.100,1.2324,0,none
49.923,997,-0.27859,-4.09325,0.70209,0,10,0,FALLBACK,-0.0977,0.100,1.2326,0,none
49.972,998,-0.29409,-4.03753,0.67025,0,10,0,FALLBACK,0.0479,0.100,1.2330,0,none
50.021,999,-0.29609,-4.13486,0.78699,0,10,0,FALLBACK,-0.0095,0.100,1.2331,0,none
50.071,1000,-0.29452,-3.86102,0.54487,0,10,0,FALLBACK,-0.0353,0.100,1.2334,0,none
50.122,1001,-0.29408,-3.83575,0.59014,0,10,0,FALLBACK,-0.0318,0.100,1.2338,0,none
50.172,1002,-0.30914,-3.71936,0.56427,0,10,0,FALLBACK,0.1210,0.100,1.2341,0,none
50.222,1003,-0.29794,-3.63672,0.52314,0,10,0,FALLBACK,-0.0664,0.100,1.2343,0,none
50.272,1004,-0.28043,-3.51935,0.42943,0,10,0,FALLBACK,-0.1854,0.100,1.2341,0,none
50.324,1005,-0.26733,-3.49391,0.52181,0,10,0,FALLBACK,-0.2288,0.100,1.2340,0,none
50.373,1006,-0.26415,-3.88064,0.52745,0,10,0,FALLBACK,-0.1951,0.100,1.2338,0,none
50.424,1007,-0.27162,-3.70089,0.61503,0,10,0,FALLBACK,-0.1046,0.100,1.2338,0,none
50.473,1008,-0.27466,-3.95701,0.59519,0,10,0,FALLBACK,-0.1115,0.100,1.2342,0,none
50.523,1009,-0.28108,-3.95683,0.55444,0,10,0,FALLBACK,-0.0625,0.100,1.2345,0,none
50.574,1010,-0.29180,-3.92085,0.62085,0,10,0,FALLBACK,0.0126,0.100,1.2349,0,none
50.624,1011,-0.30503,-3.88126,0.58612,0,10,0,FALLBACK,0.0913,0.100,1.2352,0,none
50.672,1012,-0.31110,-3.83003,0.49490,0,10,0,FALLBACK,0.0858,0.100,1.2354,0,none
50.723,1013,-0.31242,-3.89228,0.62084,0,10,0,FALLBACK,0.0688,0.100,1.2356,0,none
50.771,1014,-0.30999,-4.05353,0.50660,0,10,0,FALLBACK,0.0378,0.100,1.2359,0,none
50.822,1015,-0.30667,-4.09917,0.62522,0,10,0,FALLBACK,0.0167,0.100,1.2362,0,none
50.875,1016,-0.28811,-3.76385,0.60663,0,10,0,FALLBACK,-0.1522,0.100,1.2366,0,none
50.924,1017,-0.26937,-3.92016,0.61539,0,10,0,FALLBACK,-0.2469,0.100,1.2366,0,none
50.973,1018,-0.25908,-3.81759,0.73054,0,10,0,FALLBACK,-0.2561,0.100,1.2362,0,none
51.024,1019,-0.26254,-3.56931,0.58918,0,10,0,FALLBACK,-0.1700,0.100,1.2359,0,none
51.074,1020,-0.26238,-4.09194,0.64867,0,10,0,FALLBACK,-0.1889,0.100,1.2360,0,none
51.125,1021,-0.26856,-3.73606,0.51437,0,10,0,FALLBACK,-0.1263,0.100,1.2363,0,none
51.174,1022,-0.28237,-3.85393,0.52666,0,10,0,FALLBACK,-0.0191,0.100,1.2366,0,none
51.226,1023,-0.30337,-3.77294,0.67809,0,10,0,FALLBACK,0.1218,0.100,1.2369,0,none
51.260,1024,-0.30551,-3.82147,0.60916,0,10,0,FALLBACK,0.0383,0.100,1.2370,0,none
51.312,1025,-0.30211,-3.50614,0.47940,0,10,0,FALLBACK,-0.0065,0.100,1.2371,0,none
51.362,1026,-0.29860,-3.63987,0.55367,0,10,0,FALLBACK,-0.0246,0.100,1.2374,0,none
51.412,1027,-0.29928,-3.54834,0.46745,0,10,0,FALLBACK,-0.0002,0.100,1.2377,0,none
51.459,1028,-0.28231,-3.80507,0.55322,0,10,0,FALLBACK,-0.1733,0.100,1.2380,0,none
51.511,1029,-0.26806,-3.68805,0.45311,0,10,0,FALLBACK,-0.2310,0.100,1.2377,0,none
51.561,1030,-0.26471,-4.15917,0.63334,0,10,0,FALLBACK,-0.1931,0.100,1.2374,0,none
51.611,1031,-0.27363,-4.32546,0.74168,0,10,0,FALLBACK,-0.0873,0.100,1.2376,0,none
51.661,1032,-0.27575,-4.14102,0.71135,0,10,0,FALLBACK,-0.1107,0.100,1.2379,0,none
51.711,1033,-0.28037,-3.88368,0.67408,0,10,0,FALLBACK,-0.0750,0.100,1.2382,0,none
51.761,1034,-0.28936,-4.14351,0.51227,0,10,0,FALLBACK,-0.0082,0.100,1.2385,0,none
51.812,1035,-0.30085,-4.05304,0.64770,0,10,0,FALLBACK,0.0617,0.100,1.2388,0,none
51.862,1036,-0.30620,-3.91646,0.56092,0,10,0,FALLBACK,0.0578,0.100,1.2390,0,none
51.912,1037,-0.30806,-4.28314,0.72710,0,10,0,FALLBACK,0.0496,0.100,1.2392,0,none
51.961,1038,-0.30767,-4.20840,0.60023,0,10,0,FALLBACK,0.0364,0.100,1.2395,0,none
52.011,1039,-0.30849,-4.00735,0.57844,0,10,0,FALLBACK,0.0466,0.100,1.2398,0,none
52.060,1040,-0.29368,-3.51611,0.54772,0,10,0,FALLBACK,-0.1056,0.100,1.2401,0,none
52.111,1041,-0.27937,-3.75360,0.53232,0,10,0,FALLBACK,-0.1747,0.100,1.2400,0,none
52.161,1042,-0.27288,-3.59298,0.56144,0,10,0,FALLBACK,-0.1680,0.100,1.2399,0,none
52.210,1043,-0.27600,-3.81871,0.55738,0,10,0,FALLBACK,-0.1044,0.100,1.2400,0,none
52.262,1044,-0.27952,-3.69686,0.58863,0,10,0,FALLBACK,-0.0848,0.100,1.2403,0,none
52.311,1045,-0.28620,-3.83791,0.52906,0,10,0,FALLBACK,-0.0356,0.100,1.2406,0,none
52.360,1046,-0.29536,-4.14759,0.68148,0,10,0,FALLBACK,0.0226,0.100,1.2409,0,none
52.412,1047,-0.30572,-3.78880,0.59805,0,10,0,FALLBACK,0.0804,0.100,1.2412,0,none
52.462,1048,-0.30796,-3.71224,0.42656,0,10,0,FALLBACK,0.0511,0.100,1.2413,0,none
52.510,1049,-0.30648,-3.95499,0.76146,0,10,0,FALLBACK,0.0250,0.100,1.2415,0,none
52.561,1050,-0.30367,-4.59632,0.70037,0,10,0,FALLBACK,0.0043,0.100,1.2418,0,none
52.611,1051,-0.30371,-3.91565,0.67477,0,10,0,FALLBACK,0.0187,0.100,1.2421,0,none
52.661,1052,-0.29068,-4.29394,0.63368,0,10,0,FALLBACK,-0.1117,0.100,1.2424,0,none
52.712,1053,-0.27892,-4.24113,0.65209,0,10,0,FALLBACK,-0.1642,0.100,1.2423,0,none
52.763,1054,-0.27463,-4.21004,0.50959,0,10,0,FALLBACK,-0.1483,0.100,1.2423,0,none
52.812,1055,-0.27961,-4.12869,0.66051,0,10,0,FALLBACK,-0.0771,0.100,1.2424,0,none
52.862,1056,-0.28270,-3.89596,0.50184,0,10,0,FALLBACK,-0.0711,0.100,1.2427,0,none
52.912,1057,-0.28794,-4.09808,0.52793,0,10,0,FALLBACK,-0.0341,0.100,1.2430,0,none
52.962,1058,-0.29548,-4.29122,0.72540,0,10,0,FALLBACK,0.0151,0.100,1.2432,0,none
53.014,1059,-0.30687,-4.08588,0.53305,0,10,0,FALLBACK,0.0913,0.100,1.2435,0,none
53.063,1060,-0.30263,-3.84227,0.55349,0,10,0,FALLBACK,-0.0080,0.100,1.2436,0,none
53.112,1061,-0.29433,-3.82566,0.59721,0,10,0,FALLBACK,-0.0699,0.100,1.2437,0,none
53.164,1062,-0.28801,-3.76206,0.55726,0,10,0,FALLBACK,-0.0916,0.100,1.2439,0,none
53.216,1063,-0.29210,-3.62448,0.50208,0,10,0,FALLBACK,-0.0190,0.100,1.2440,0,none
53.264,1064,-0.27640,-3.72133,0.42287,0,10,0,FALLBACK,-0.1966,0.100,1.2443,0,none
53.314,1065,-0.26216,-3.52798,0.47478,0,10,0,FALLBACK,-0.2604,0.100,1.2438,0,none
53.364,1066,-0.25926,-3.53645,0.40077,0,10,0,FALLBACK,-0.2181,0.100,1.2434,0,none
53.414,1067,-0.27562,-3.75991,0.64501,0,10,0,FALLBACK,-0.0402,0.100,1.2433,0,none
53.464,1068,-0.27241,-3.81777,0.52213,0,10,0,FALLBACK,-0.1540,0.100,1.2435,0,none
53.515,1069,-0.26938,-3.65159,0.60658,0,10,0,FALLBACK,-0.1682,0.100,1.2435,0,none
53.567,1070,-0.27428,-3.71907,0.64882,0,10,0,FALLBACK,-0.1041,0.100,1.2435,0,none
53.615,1071,-0.29272,-4.10525,0.77860,0,10,0,FALLBACK,0.0558,0.100,1.2437,0,none
53.665,1072,-0.28959,-4.17522,0.65761,0,10,0,FALLBACK,-0.0677,0.100,1.2437,0,none
53.718,1073,-0.28289,-4.18741,0.54000,0,10,0,FALLBACK,-0.1190,0.100,1.2437,0,none
53.766,1074,-0.28090,-4.16900,0.77840,0,10,0,FALLBACK,-0.1055,0.100,1.2438,0,none
53.815,1075,-0.28917,-4.06158,0.63071,0,10,0,FALLBACK,-0.0128,0.100,1.2440,0,none
53.866,1076,-0.28501,-4.01620,0.51898,0,10,0,FALLBACK,-0.0958,0.100,1.2442,0,none
53.917,1077,-0.28086,-3.81094,0.56704,0,10,0,FALLBACK,-0.1165,0.100,1.2443,0,none
53.968,1078,-0.28188,-3.88086,0.67619,0,10,0,FALLBACK,-0.0854,0.100,1.2444,0,none
54.018,1079,-0.29534,-4.05923,0.64385,0,10,0,FALLBACK,0.0440,0.100,1.2446,0,none
54.069,1080,-0.28412,-3.68347,0.60698,0,10,0,FALLBACK,-0.1355,0.100,1.2447,0,none
54.120,1081,-0.26930,-3.36754,0.45071,0,10,0,FALLBACK,-0.2276,0.100,1.2449,0,none
54.170,1082,-0.26082,-3.79883,0.58278,0,10,0,FALLBACK,-0.2383,0.100,1.2440,0,none
54.219,1083,-0.27311,-4.08860,0.67012,0,10,0,FALLBACK,-0.0730,0.100,1.2437,0,none
54.269,1084,-0.26406,-3.57741,0.41930,0,10,0,FALLBACK,-0.2250,0.100,1.2439,0,none
54.321,1085,-0.25720,-3.38882,0.57373,0,10,0,FALLBACK,-0.2483,0.100,1.2436,0,none
54.371,1086,-0.26202,-3.65685,0.48376,0,10,0,FALLBACK,-0.1658,0.100,1.2433,0,none
54.420,1087,-0.28498,-3.78189,0.52711,0,10,0,FALLBACK,0.0397,0.100,1.2434,0,none
54.469,1088,-0.28381,-4.12492,0.71150,0,10,0,FALLBACK,-0.0868,0.100,1.2434,0,none
54.521,1089,-0.27904,-3.81943,0.56990,0,10,0,FALLBACK,-0.1287,0.100,1.2434,0,none
54.571,1090,-0.27970,-3.74582,0.48298,0,10,0,FALLBACK,-0.0982,0.100,1.2435,0,none
54.622,1091,-0.29614,-3.85163,0.55339,0,10,0,FALLBACK,0.0629,0.100,1.2437,0,none
54.672,1092,-0.27833,-3.77634,0.69146,0,10,0,FALLBACK,-0.1974,0.100,1.2436,0,none
54.721,1093,-0.25801,-3.77771,0.42457,0,10,0,FALLBACK,-0.3116,0.100,1.2427,0,none
54.772,1094,-0.25065,-3.85646,0.60338,0,10,0,FALLBACK,-0.2836,0.100,1.2419,0,none
54.822,1095,-0.26541,-4.01930,0.56624,0,10,0,FALLBACK,-0.0991,0.100,1.2415,0,none
54.871,1096,-0.26441,-4.00784,0.60080,0,10,0,FALLBACK,-0.1830,0.100,1.2417,0,none
54.921,1097,-0.26565,-4.00141,0.63302,0,10,0,FALLBACK,-0.1655,0.100,1.2419,0,none
54.970,1098,-0.27531,-3.97786,0.65413,0,10,0,FALLBACK,-0.0751,0.100,1.2419,0,none
55.022,1099,-0.29638,-4.32378,0.60781,0,10,0,FALLBACK,0.0872,0.100,1.2422,0,none
55.073,1100,-0.29904,-4.11648,0.62679,0,10,0,FALLBACK,0.0085,0.100,1.2422,0,none
55.124,1101,-0.29583,-3.96358,0.53606,0,10,0,FALLBACK,-0.0369,0.100,1.2423,0,none
55.172,1102,-0.29281,-3.95995,0.69314,0,10,0,FALLBACK,-0.0511,0.100,1.2425,0,none
55.225,1103,-0.29509,-4.06522,0.54866,0,10,0,FALLBACK,-0.0132,0.100,1.2428,0,none
55.274,1104,-0.28891,-3.78676,0.72077,0,10,0,FALLBACK,-0.0863,0.100,1.2430,0,none
55.324,1105,-0.28316,-3.99926,0.40604,0,10,0,FALLBACK,-0.1129,0.100,1.2432,0,none
55.374,1106,-0.28163,-3.93011,0.78361,0,10,0,FALLBACK,-0.0995,0.100,1.2433,0,none
55.426,1107,-0.28590,-3.68397,0.48745,0,10,0,FALLBACK,-0.0491,0.100,1.2435,0,none
55.474,1108,-0.29241,-3.68108,0.54223,0,10,0,FALLBACK,-0.0054,0.100,1.2437,0,none
55.524,1109,-0.30045,-3.88316,0.67396,0,10,0,FALLBACK,0.0425,0.100,1.2440,0,none
55.574,1110,-0.30813,-3.95705,0.77133,0,10,0,FALLBACK,0.0790,0.100,1.2442,0,none
55.624,1111,-0.31260,-3.65252,0.51085,0,10,0,FALLBACK,0.0853,0.100,1.2444,0,none
55.674,1112,-0.31599,-4.15163,0.52348,0,10,0,FALLBACK,0.0969,0.100,1.2445,0,none
55.726,1113,-0.31559,-3.96435,0.56159,0,10,0,FALLBACK,0.0759,0.100,1.2447,0,none
55.773,1114,-0.31097,-4.17378,0.69448,0,10,0,FALLBACK,0.0318,0.100,1.2449,0,none
55.825,1115,-0.30126,-4.12190,0.71570,0,10,0,FALLBACK,-0.0423,0.100,1.2451,0,none
55.872,1116,-0.29758,-4.18946,0.69355,0,10,0,FALLBACK,-0.0304,0.100,1.2454,0,none
55.925,1117,-0.29645,-4.27891,0.68264,0,10,0,FALLBACK,-0.0234,0.100,1.2456,0,none
55.974,1118,-0.29668,-4.38782,0.67953,0,10,0,FALLBACK,-0.0155,0.100,1.2458,0,none
56.024,1119,-0.29580,-3.87357,0.58614,0,10,0,FALLBACK,-0.0254,0.100,1.2460,0,none
56.078,1120,-0.30171,-3.72809,0.58899,0,10,0,FALLBACK,0.0381,0.100,1.2462,0,none
56.125,1121,-0.30864,-3.83196,0.55534,0,10,0,FALLBACK,0.0778,0.100,1.2465,0,none
56.173,1122,-0.31336,-3.98323,0.70305,0,10,0,FALLBACK,0.0904,0.100,1.2466,0,none
56.225,1123,-0.31534,-4.26614,0.48325,0,10,0,FALLBACK,0.0866,0.100,1.2467,0,none
56.277,1124,-0.30964,-3.53232,0.65040,0,10,0,FALLBACK,0.0196,0.100,1.2468,0,none
56.325,1125,-0.30034,-4.02138,0.72873,0,10,0,FALLBACK,-0.0447,0.100,1.2470,0,none
56.375,1126,-0.29088,-3.30723,0.44429,0,10,0,FALLBACK,-0.0929,0.100,1.2473,0,none
56.426,1127,-0.28757,-3.56699,0.46851,0,10,0,FALLBACK,-0.0787,0.100,1.2474,0,none
56.475,1128,-0.27809,-3.64003,0.50581,0,10,0,FALLBACK,-0.1569,0.100,1.2475,0,none
56.509,1129,-0.27214,-3.96878,0.77220,0,10,0,FALLBACK,-0.1690,0.100,1.2476,0,none
56.562,1130,-0.27379,-4.33068,0.70832,0,10,0,FALLBACK,-0.1229,0.100,1.2475,0,none
56.610,1131,-0.28360,-4.14683,0.47524,0,10,0,FALLBACK,-0.0329,0.100,1.2476,0,none
56.660,1132,-0.29272,-4.11343,0.61076,0,10,0,FALLBACK,0.0092,0.100,1.2479,0,none
56.709,1133,-0.30128,-3.91750,0.53126,0,10,0,FALLBACK,0.0492,0.100,1.2481,0,none
56.760,1134,-0.30825,-4.30089,0.75457,0,10,0,FALLBACK,0.0761,0.100,1.2482,0,none
56.812,1135,-0.31299,-4.05234,0.69059,0,10,0,FALLBACK,0.0886,0.100,1.2483,0,none
56.862,1136,-0.31138,-4.28972,0.60957,0,10,0,FALLBACK,0.0489,0.100,1.2484,0,none
56.911,1137,-0.30642,-3.99576,0.74614,0,10,0,FALLBACK,0.0073,0.100,1.2486,0,none
56.962,1138,-0.30057,-4.12681,0.73137,0,10,0,FALLBACK,-0.0264,0.100,1.2489,0,none
57.013,1139,-0.29931,-4.15708,0.67252,0,10,0,FALLBACK,-0.0098,0.100,1.2491,0,none
57.061,1140,-0.28749,-3.57628,0.46323,0,10,0,FALLBACK,-0.1217,0.100,1.2493,0,none
57.113,1141,-0.27778,-3.48989,0.61572,0,10,0,FALLBACK,-0.1596,0.100,1.2492,0,none
57.162,1142,-0.27549,-3.42548,0.50977,0,10,0,FALLBACK,-0.1340,0.100,1.2491,0,none
57.213,1143,-0.28682,-4.00745,0.52826,0,10,0,FALLBACK,-0.0093,0.100,1.2492,0,none
57.261,1144,-0.28060,-3.91746,0.48406,0,10,0,FALLBACK,-0.1281,0.100,1.2493,0,none
57.313,1145,-0.27510,-3.87463,0.63565,0,10,0,FALLBACK,-0.1521,0.100,1.2492,0,none
57.362,1146,-0.27716,-3.79048,0.58765,0,10,0,FALLBACK,-0.1038,0.100,1.2492,0,none
57.414,1147,-0.29217,-3.93266,0.58029,0,10,0,FALLBACK,0.0359,0.100,1.2494,0,none
57.462,1148,-0.28686,-3.77184,0.68081,0,10,0,FALLBACK,-0.0922,0.100,1.2494,0,none
57.514,1149,-0.28024,-3.91281,0.44501,0,10,0,FALLBACK,-0.1319,0.100,1.2493,0,none
57.564,1150,-0.27968,-3.95142,0.61517,0,10,0,FALLBACK,-0.1044,0.100,1.2493,0,none
57.614,1151,-0.28827,-4.15871,0.65768,0,10,0,FALLBACK,-0.0157,0.100,1.2495,0,none
57.665,1152,-0.29024,-4.23081,0.69300,0,10,0,FALLBACK,-0.0389,0.100,1.2496,0,none
57.714,1153,-0.29194,-4.18466,0.64595,0,10,0,FALLBACK,-0.0319,0.100,1.2498,0,none
57.763,1154,-0.29540,-4.07725,0.68166,0,10,0,FALLBACK,-0.0057,0.100,1.2500,0,none
57.814,1155,-0.30239,-4.08744,0.44923,0,10,0,FALLBACK,0.0469,0.100,1.2502,0,none
57.863,1156,-0.30107,-3.97320,0.60242,0,10,0,FALLBACK,-0.0013,0.100,1.2503,0,none
57.914,1157,-0.29743,-4.03394,0.71122,0,10,0,FALLBACK,-0.0310,0.100,1.2504,0,none
57.966,1158,-0.29460,-3.78300,0.64851,0,10,0,FALLBACK,-0.0412,0.100,1.2506,0,none
58.016,1159,-0.29842,-3.90191,0.60020,0,10,0,FALLBACK,0.0113,0.100,1.2508,0,none
58.066,1160,-0.28751,-3.51884,0.56225,0,10,0,FALLBACK,-0.1171,0.100,1.2509,0,none
58.117,1161,-0.27659,-3.58399,0.43347,0,10,0,FALLBACK,-0.1717,0.100,1.2508,0,none
58.166,1162,-0.27276,-3.50138,0.49443,0,10,0,FALLBACK,-0.1553,0.100,1.2507,0,none
58.218,1163,-0.28456,-3.63917,0.60628,0,10,0,FALLBACK,-0.0182,0.100,1.2507,0,none
58.266,1164,-0.27593,-3.61808,0.50087,0,10,0,FALLBACK,-0.1635,0.100,1.2508,0,none
58.315,1165,-0.26756,-3.61501,0.56967,0,10,0,FALLBACK,-0.2041,0.100,1.2505,0,none
58.366,1166,-0.26835,-3.62798,0.68278,0,10,0,FALLBACK,-0.1542,0.100,1.2503,0,none
58.416,1167,-0.28738,-3.83832,0.41225,0,10,0,FALLBACK,0.0320,0.100,1.2503,0,none
58.467,1168,-0.27808,-3.85141,0.53687,0,10,0,FALLBACK,-0.1561,0.100,1.2503,0,none
58.516,1169,-0.26649,-3.71462,0.50786,0,10,0,FALLBACK,-0.2255,0.100,1.2499,0,none
58.566,1170,-0.26455,-3.57826,0.46283,0,10,0,FALLBACK,-0.1870,0.100,1.2495,0,none
58.617,1171,-0.28209,-3.88141,0.53698,0,10,0,FALLBACK,-0.0018,0.100,1.2494,0,none
58.668,1172,-0.27231,-3.73466,0.54931,0,10,0,FALLBACK,-0.1873,0.100,1.2494,0,none
58.718,1173,-0.26169,-4.18930,0.70850,0,10,0,FALLBACK,-0.2446,0.100,1.2490,0,none
58.768,1174,-0.26200,-3.66361,0.62992,0,10,0,FALLBACK,-0.1885,0.100,1.2486,0,none
58.819,1175,-0.28377,-3.55558,0.46021,0,10,0,FALLBACK,0.0277,0.100,1.2485,0,none
58.867,1176,-0.26947,-3.95612,0.60334,0,10,0,FALLBACK,-0.2241,0.100,1.2484,0,none
58.919,1177,-0.25322,-3.92483,0.60220,0,10,0,FALLBACK,-0.3151,0.100,1.2475,0,none
58.970,1178,-0.25075,-3.68472,0.59479,0,10,0,FALLBACK,-0.2586,0.100,1.2466,0,none
59.019,1179,-0.27168,-3.80483,0.51319,0,10,0,FALLBACK,-0.0369,0.100,1.2461,0,none
59.070,1180,-0.26776,-3.63722,0.65382,0,10,0,FALLBACK,-0.1809,0.100,1.2463,0,none
59.121,1181,-0.26304,-3.35649,0.60002,0,10,0,FALLBACK,-0.2083,0.100,1.2461,0,none
59.169,1182,-0.26796,-3.64195,0.58069,0,10,0,FALLBACK,-0.1356,0.100,1.2460,0,none
59.219,1183,-0.28984,-3.71784,0.54157,0,10,0,FALLBACK,0.0586,0.100,1.2461,0,none
59.268,1184,-0.27952,-3.48538,0.44101,0,10,0,FALLBACK,-0.1540,0.100,1.2460,0,none
59.320,1185,-0.26577,-3.56952,0.47355,0,10,0,FALLBACK,-0.2399,0.100,1.2455,0,none
59.369,1186,-0.26208,-3.63099,0.69731,0,10,0,FALLBACK,-0.2080,0.100,1.2451,0,none
59.420,1187,-0.27941,-3.46200,0.57026,0,10,0,FALLBACK,-0.0163,0.100,1.2450,0,none
59.469,1188,-0.25960,-3.86359,0.67741,0,10,0,FALLBACK,-0.3010,0.100,1.2450,0,none
59.520,1189,-0.24044,-3.69510,0.61160,0,10,0,FALLBACK,-0.3937,0.100,1.2436,0,none
59.569,1190,-0.23904,-3.78717,0.57977,0,10,0,FALLBACK,-0.3118,0.100,1.2422,0,none
59.618,1191,-0.26482,-3.64485,0.56507,0,10,0,FALLBACK,-0.0470,0.100,1.2419,0,none
59.670,1192,-0.25569,-3.58943,0.64962,0,10,0,FALLBACK,-0.2672,0.100,1.2419,0,none
59.720,1193,-0.24647,-3.64629,0.58718,0,10,0,FALLBACK,-0.3137,0.100,1.2413,0,none
59.770,1194,-0.25186,-3.52757,0.53228,0,10,0,FALLBACK,-0.2138,0.100,1.2406,0,none
59.818,1195,-0.27972,-3.49472,0.54203,0,10,0,FALLBACK,0.0379,0.100,1.2407,0,none
59.868,1196,-0.26873,-3.38928,0.48842,0,10,0,FALLBACK,-0.2113,0.100,1.2405,0,none
59.919,1197,-0.25457,-3.57384,0.44564,0,10,0,FALLBACK,-0.2979,0.100,1.2398,0,none
59.969,1198,-0.25352,-3.74202,0.49161,0,10,0,FALLBACK,-0.2377,0.100,1.2391,0,none
60.019,1199,-0.27593,-3.64218,0.60285,0,10,0,FALLBACK,-0.0083,0.100,1.2390,0,none
60.069,1200,-0.25583,-3.44228,0.50217,0,10,0,FALLBACK,-0.3214,0.100,1.2390,0,none
60.120,1201,-0.23559,-3.60204,0.46784,0,10,0,FALLBACK,-0.4232,0.100,1.2373,0,none
60.172,1202,-0.23444,-3.82321,0.62908,0,10,0,FALLBACK,-0.3336,0.100,1.2358,0,none
60.220,1203,-0.26118,-3.53280,0.52632,0,10,0,FALLBACK,-0.0604,0.100,1.2355,0,none
60.271,1204,-0.25470,-3.36827,0.52719,0,10,0,FALLBACK,-0.2589,0.100,1.2356,0,none
60.318,1205,-0.24822,-3.26320,0.40632,0,10,0,FALLBACK,-0.2913,0.100,1.2352,0,none
60.369,1206,-0.25547,-3.96602,0.63912,0,10,0,FALLBACK,-0.1864,0.100,1.2348,0,none
60.420,1207,-0.28419,-3.42973,0.43122,0,10,0,FALLBACK,0.0645,0.100,1.2350,0,none
60.470,1208,-0.27163,-3.31776,0.42858,0,10,0,FALLBACK,-0.2046,0.100,1.2348,0,none
60.520,1209,-0.25484,-3.84682,0.38198,0,10,0,FALLBACK,-0.3097,0.100,1.2339,0,none
60.569,1210,-0.25132,-3.53686,0.46455,0,10,0,FALLBACK,-0.2610,0.100,1.2332,0,none
60.622,1211,-0.27038,-3.58109,0.52102,0,10,0,FALLBACK,-0.0528,0.100,1.2331,0,none
60.671,1212,-0.26114,-3.49382,0.49688,0,10,0,FALLBACK,-0.2405,0.100,1.2333,0,none
60.722,1213,-0.25269,-3.69521,0.65500,0,10,0,FALLBACK,-0.2788,0.100,1.2330,0,none
60.772,1214,-0.25712,-3.85205,0.50989,0,10,0,FALLBACK,-0.1922,0.100,1.2326,0,none
60.822,1215,-0.28150,-3.62905,0.48552,0,10,0,FALLBACK,0.0294,0.100,1.2328,0,none
60.872,1216,-0.27546,-3.37219,0.52301,0,10,0,FALLBACK,-0.1529,0.100,1.2328,0,none
60.921,1217,-0.26644,-3.44040,0.47950,0,10,0,FALLBACK,-0.2130,0.100,1.2327,0,none
60.972,1218,-0.26660,-3.64240,0.59013,0,10,0,FALLBACK,-0.1662,0.100,1.2326,0,none
61.021,1219,-0.28724,-3.72534,0.56333,0,10,0,FALLBACK,0.0394,0.100,1.2327,0,none
61.072,1220,-0.26814,-3.44252,0.52606,0,10,0,FALLBACK,-0.2548,0.100,1.2328,0,none
61.122,1221,-0.24711,-3.32994,0.48177,0,10,0,FALLBACK,-0.3696,0.100,1.2315,0,none
61.172,1222,-0.24197,-3.35962,0.49486,0,10,0,FALLBACK,-0.3159,0.100,1.2304,0,none
61.222,1223,-0.26435,-3.35496,0.40642,0,10,0,FALLBACK,-0.0663,0.100,1.2301,0,none
61.273,1224,-0.25742,-3.22597,0.47813,0,10,0,FALLBACK,-0.2476,0.100,1.2303,0,none
61.323,1225,-0.25099,-3.46146,0.50867,0,10,0,FALLBACK,-0.2772,0.100,1.2301,0,none
61.370,1226,-0.25747,-3.57340,0.52038,0,10,0,FALLBACK,-0.1802,0.100,1.2298,0,none
61.423,1227,-0.28809,-3.59762,0.65422,0,10,0,FALLBACK,0.0936,0.100,1.2301,0,none
61.472,1228,-0.27623,-3.68654,0.56809,0,10,0,FALLBACK,-0.1781,0.100,1.2297,0,none
61.521,1229,-0.25684,-3.70955,0.56241,0,10,0,FALLBACK,-0.3127,0.100,1.2294,0,none
61.572,1230,-0.24798,-3.95875,0.70513,0,10,0,FALLBACK,-0.3044,0.100,1.2285,0,none
61.622,1231,-0.26957,-4.00115,0.60503,0,10,0,FALLBACK,-0.0442,0.100,1.2279,0,none
61.671,1232,-0.25228,-3.76279,0.50048,0,10,0,FALLBACK,-0.3250,0.100,1.2280,0,none
61.723,1233,-0.23451,-3.97403,0.54083,0,10,0,FALLBACK,-0.4163,0.100,1.2274,0,none
61.774,1234,-0.23303,-4.08016,0.55268,0,10,0,FALLBACK,-0.3423,0.100,1.2257,0,none
61.821,1235,-0.27064,-3.70330,0.55131,0,10,0,FALLBACK,0.0412,0.100,1.2251,0,none
61.873,1236,-0.25652,-3.90069,0.52871,0,10,0,FALLBACK,-0.2880,0.100,1.2251,0,none
61.922,1237,-0.23635,-3.98113,0.63105,0,10,0,FALLBACK,-0.4191,0.100,1.2240,0,none
61.973,1238,-0.23119,-3.91447,0.52227,0,10,0,FALLBACK,-0.3698,0.100,1.2222,0,none
62.025,1239,-0.26498,-3.69553,0.48748,0,10,0,FALLBACK,-0.0061,0.100,1.2213,0,none
62.073,1240,-0.25607,-3.44738,0.52404,0,10,0,FALLBACK,-0.2642,0.100,1.2214,0,none
62.122,1241,-0.24320,-3.49871,0.62215,0,10,0,FALLBACK,-0.3484,0.100,1.2209,0,none
62.172,1242,-0.24323,-4.22438,0.66127,0,10,0,FALLBACK,-0.2837,0.100,1.2199,0,none
62.222,1243,-0.27812,-3.84259,0.55384,0,10,0,FALLBACK,0.0651,0.100,1.2196,0,none
62.274,1244,-0.27084,-3.92442,0.68796,0,10,0,FALLBACK,-0.1822,0.100,1.2197,0,none
62.324,1245,-0.25681,-3.60589,0.59568,0,10,0,FALLBACK,-0.2861,0.100,1.2191,0,none
62.373,1246,-0.25219,-3.38084,0.46228,0,10,0,FALLBACK,-0.2621,0.100,1.2186,0,none
62.424,1247,-0.28225,-4.10895,0.66999,0,10,0,FALLBACK,0.0616,0.100,1.2184,0,none
62.472,1248,-0.26773,-3.68202,0.59490,0,10,0,FALLBACK,-0.2340,0.100,1.2184,0,none
62.525,1249,-0.24729,-3.46321,0.60693,0,10,0,FALLBACK,-0.3657,0.100,1.2177,0,none
62.573,1250,-0.23927,-4.21230,0.59379,0,10,0,FALLBACK,-0.3437,0.100,1.2165,0,none
62.624,1251,-0.27336,-3.51795,0.55654,0,10,0,FALLBACK,0.0372,0.100,1.2158,0,none
62.674,1252,-0.26087,-3.51208,0.49542,0,10,0,FALLBACK,-0.2581,0.100,1.2157,0,none
62.724,1253,-0.24253,-3.32185,0.49837,0,10,0,FALLBACK,-0.3790,0.100,1.2150,0,none
62.775,1254,-0.23735,-3.69470,0.45703,0,10,0,FALLBACK,-0.3392,0.100,1.2137,0,none
62.824,1255,-0.26167,-3.54786,0.50067,0,10,0,FALLBACK,-0.0700,0.100,1.2131,0,none
62.875,1256,-0.27331,-3.65402,0.47512,0,10,0,FALLBACK,-0.0752,0.100,1.2135,0,none
62.924,1257,-0.28436,-2.93631,0.45823,0,10,0,FALLBACK,-0.0230,0.100,1.2141,0,none
62.974,1258,-0.29733,-2.92952,0.63344,0,10,0,FALLBACK,0.0515,0.100,1.2147,0,none
63.024,1259,-0.29906,-3.11877,0.45044,0,10,0,FALLBACK,0.0039,0.100,1.2152,0,none
63.076,1260,-0.32273,-3.14629,0.54234,0,10,0,FALLBACK,0.2320,0.100,1.2156,0,none
63.124,1261,-0.34597,-3.31601,0.57171,0,10,0,FALLBACK,0.3460,0.100,1.2156,0,none
63.176,1262,-0.35683,-3.15371,0.53379,0,10,0,FALLBACK,0.3385,0.100,1.2146,0,none
63.226,1263,-0.33429,-3.07269,0.46626,0,10,0,FALLBACK,0.0587,0.100,1.2139,0,none
63.276,1264,-0.33155,-3.08293,0.52129,0,10,0,FALLBACK,0.1440,0.100,1.2141,0,none
63.308,1265,-0.32971,-3.00674,0.48642,0,10,0,FALLBACK,0.1394,0.100,1.2148,0,none
63.362,1266,-0.32232,-3.28636,0.60512,0,10,0,FALLBACK,0.0746,0.100,1.2151,0,none
63.409,1267,-0.30990,-2.85485,0.41654,0,10,0,FALLBACK,-0.0126,0.100,1.2157,0,none
63.459,1268,-0.29498,-3.15093,0.52361,0,10,0,FALLBACK,-0.0997,0.100,1.2162,0,none
63.511,1269,-0.29660,-3.44106,0.60827,0,10,0,FALLBACK,-0.0089,0.100,1.2166,0,none
63.558,1270,-0.30210,-3.30565,0.63376,0,10,0,FALLBACK,0.0380,0.100,1.2170,0,none
63.609,1271,-0.30588,-3.35107,0.42090,0,10,0,FALLBACK,0.0483,0.100,1.2175,0,none
63.660,1272,-0.30331,-3.05249,0.58845,0,10,0,FALLBACK,0.0038,0.100,1.2180,0,none
63.710,1273,-0.31677,-3.07316,0.51040,0,10,0,FALLBACK,0.1511,0.100,1.2185,0,none
63.760,1274,-0.32814,-3.32815,0.50789,0,10,0,FALLBACK,0.1976,0.100,1.2185,0,none
63.810,1275,-0.33032,-3.61802,0.49166,0,10,0,FALLBACK,0.1625,0.100,1.2185,0,none
63.862,1276,-0.32182,-3.71862,0.53262,0,10,0,FALLBACK,0.0666,0.100,1.2189,0,none
63.911,1277,-0.31684,-3.38999,0.48427,0,10,0,FALLBACK,0.0593,0.100,1.2195,0,none
63.961,1278,-0.31069,-3.78636,0.69511,0,10,0,FALLBACK,0.0226,0.100,1.2200,0,none
64.011,1279,-0.30283,-3.74329,0.52654,0,10,0,FALLBACK,-0.0251,0.100,1.2205,0,none
64.061,1280,-0.29127,-3.41027,0.48503,0,10,0,FALLBACK,-0.1014,0.100,1.2210,0,none
64.110,1281,-0.29458,-3.08938,0.47914,0,10,0,FALLBACK,-0.0105,0.100,1.2213,0,none
64.161,1282,-0.30170,-3.01536,0.60704,0,10,0,FALLBACK,0.0440,0.100,1.2218,0,none
64.210,1283,-0.30704,-2.97790,0.56033,0,10,0,FALLBACK,0.0619,0.100,1.2222,0,none
64.260,1284,-0.30506,-3.25527,0.49269,0,10,0,FALLBACK,0.0154,0.100,1.2226,0,none
64.311,1285,-0.31257,-2.48710,0.59759,0,10,0,FALLBACK,0.1004,0.100,1.2230,0,none
64.360,1286,-0.31867,-3.06808,0.56242,0,10,0,FALLBACK,0.1238,0.100,1.2233,0,none
64.412,1287,-0.31900,-3.28218,0.57914,0,10,0,FALLBACK,0.0966,0.100,1.2236,0,none
64.461,1288,-0.30987,-2.77175,0.44261,0,10,0,FALLBACK,0.0038,0.100,1.2240,0,none
64.512,1289,-0.30930,-3.39834,0.54330,0,10,0,FALLBACK,0.0436,0.100,1.2244,0,none
64.562,1290,-0.30921,-3.24999,0.44020,0,10,0,FALLBACK,0.0456,0.100,1.2249,0,none
64.612,1291,-0.30677,-3.69595,0.50955,0,10,0,FALLBACK,0.0216,0.100,1.2253,0,none
64.662,1292,-0.29618,-3.51791,0.58224,0,10,0,FALLBACK,-0.0720,0.100,1.2257,0,none
64.712,1293,-0.30137,-3.53649,0.59612,0,10,0,FALLBACK,0.0328,0.100,1.2261,0,none
64.764,1294,-0.30914,-3.81555,0.49261,0,10,0,FALLBACK,0.0845,0.100,1.2264,0,none
64.812,1295,-0.31321,-3.33782,0.44675,0,10,0,FALLBACK,0.0864,0.100,1.2266,0,none
64.862,1296,-0.30745,-3.35144,0.50791,0,10,0,FALLBACK,0.0084,0.100,1.2270,0,none
64.914,1297,-0.31103,-3.49117,0.53515,0,10,0,FALLBACK,0.0731,0.100,1.2274,0,none
64.965,1298,-0.31484,-3.55606,0.41979,0,10,0,FALLBACK,0.0932,0.100,1.2277,0,none
65.014,1299,-0.31460,-3.84644,0.62354,0,10,0,FALLBACK,0.0718,0.100,1.2280,0,none
65.063,1300,-0.30572,-3.54026,0.48819,0,10,0,FALLBACK,-0.0158,0.100,1.2284,0,none
65.114,1301,-0.30406,-3.49422,0.65533,0,10,0,FALLBACK,0.0120,0.100,1.2288,0,none
65.164,1302,-0.30400,-3.34759,0.65367,0,10,0,FALLBACK,0.0197,0.100,1.2292,0,none
65.214,1303,-0.30315,-3.61929,0.55614,0,10,0,FALLBACK,0.0115,0.100,1.2296,0,none
65.264,1304,-0.29195,-2.67233,0.73590,0,10,0,FALLBACK,-0.0962,0.100,1.2300,0,none
65.315,1305,-0.29973,-2.39265,0.63985,0,10,0,FALLBACK,0.0375,0.100,1.2302,0,none
65.366,1306,-0.31187,-2.51905,0.65384,0,10,0,FALLBACK,0.1201,0.100,1.2304,0,none
65.414,1307,-0.32015,-2.69881,0.70699,0,10,0,FALLBACK,0.1421,0.100,1.2305,0,none
65.466,1308,-0.32180,-2.65783,0.68970,0,10,0,FALLBACK,0.1173,0.100,1.2306,0,none
65.515,1309,-0.31547,-2.28802,0.68885,0,10,0,FALLBACK,0.0457,0.100,1.2309,0,none
65.566,1310,-0.32316,-2.56890,0.66133,0,10,0,FALLBACK,0.1543,0.100,1.2313,0,none
65.616,1311,-0.32899,-2.96792,0.57522,0,10,0,FALLBACK,0.1741,0.100,1.2314,0,none
65.665,1312,-0.32676,-2.58617,0.72643,0,10,0,FALLBACK,0.1226,0.100,1.2315,0,none
65.715,1313,-0.31300,-2.87460,0.54193,0,10,0,FALLBACK,-0.0037,0.100,1.2318,0,none
65.767,1314,-0.32089,-2.70413,0.60830,0,10,0,FALLBACK,0.1438,0.100,1.2321,0,none
65.817,1315,-0.32944,-2.94121,0.60629,0,10,0,FALLBACK,0.1899,0.100,1.2321,0,none
65.866,1316,-0.32967,-2.72385,0.63218,0,10,0,FALLBACK,0.1495,0.100,1.2321,0,none
65.915,1317,-0.31556,-3.05777,0.46418,0,10,0,FALLBACK,0.0073,0.100,1.2322,0,none
65.967,1318,-0.32270,-2.51432,0.44133,0,10,0,FALLBACK,0.1492,0.100,1.2325,0,none
66.016,1319,-0.33030,-3.29672,0.42451,0,10,0,FALLBACK,0.1895,0.100,1.2326,0,none
66.067,1320,-0.32951,-3.27750,0.49841,0,10,0,FALLBACK,0.1436,0.100,1.2325,0,none
66.119,1321,-0.31274,-2.64838,0.60335,0,10,0,FALLBACK,-0.0201,0.100,1.2327,0,none
66.168,1322,-0.31987,-3.05176,0.42078,0,10,0,FALLBACK,0.1350,0.100,1.2330,0,none
66.215,1323,-0.32881,-3.32646,0.43411,0,10,0,FALLBACK,0.1888,0.100,1.2330,0,none
66.268,1324,-0.32970,-3.11027,0.42773,0,10,0,FALLBACK,0.1530,0.100,1.2329,0,none
66.316,1325,-0.31549,-3.26252,0.39471,0,10,0,FALLBACK,0.0064,0.100,1.2331,0,none
66.368,1326,-0.31713,-2.84048,0.80405,0,10,0,FALLBACK,0.0939,0.100,1.2333,0,none
66.417,1327,-0.31980,-2.94675,0.51619,0,10,0,FALLBACK,0.1124,0.100,1.2337,0,none
66.468,1328,-0.31747,-3.32410,0.46041,0,10,0,FALLBACK,0.0757,0.100,1.2339,0,none
66.518,1329,-0.30610,-3.10923,0.48571,0,10,0,FALLBACK,-0.0263,0.100,1.2342,0,none
66.569,1330,-0.30499,-3.09503,0.45404,0,10,0,FALLBACK,0.0193,0.100,1.2345,0,none
66.619,1331,-0.30596,-3.22741,0.58044,0,10,0,FALLBACK,0.0346,0.100,1.2348,0,none
66.668,1332,-0.30556,-3.15321,0.53666,0,10,0,FALLBACK,0.0259,0.100,1.2351,0,none
66.720,1333,-0.29473,-2.86815,0.59560,0,10,0,FALLBACK,-0.0805,0.100,1.2355,0,none
66.769,1334,-0.30766,-2.69395,0.45606,0,10,0,FALLBACK,0.1030,0.100,1.2356,0,none
66.818,1335,-0.32379,-3.13695,0.56345,0,10,0,FALLBACK,0.1996,0.100,1.2355,0,none
66.868,1336,-0.33238,-3.22777,0.68434,0,10,0,FALLBACK,0.2048,0.100,1.2352,0,none
66.919,1337,-0.31983,-2.95400,0.51928,0,10,0,FALLBACK,0.0364,0.100,1.2351,0,none
66.969,1338,-0.32779,-2.73289,0.58234,0,10,0,FALLBACK,0.1788,0.100,1.2353,0,none
67.017,1339,-0.33531,-3.19212,0.62923,0,10,0,FALLBACK,0.2141,0.100,1.2353,0,none
67.069,1340,-0.33325,-3.01356,0.65466,0,10,0,FALLBACK,0.1559,0.100,1.2352,0,none
67.118,1341,-0.31394,-3.51589,0.49108,0,10,0,FALLBACK,-0.0269,0.100,1.2353,0,none
67.170,1342,-0.30930,-3.25785,0.54141,0,10,0,FALLBACK,0.0233,0.100,1.2355,0,none
67.220,1343,-0.30800,-3.57562,0.60252,0,10,0,FALLBACK,0.0335,0.100,1.2359,0,none
67.272,1344,-0.30524,-3.08480,0.48404,0,10,0,FALLBACK,0.0125,0.100,1.2362,0,none
67.320,1345,-0.28943,-2.98754,0.54723,0,10,0,FALLBACK,-0.1319,0.100,1.2365,0,none
67.371,1346,-0.30093,-2.66457,0.53581,0,10,0,FALLBACK,0.0621,0.100,1.2365,0,none
67.420,1347,-0.31830,-2.81883,0.46919,0,10,0,FALLBACK,0.1784,0.100,1.2364,0,none
67.472,1348,-0.32964,-2.78606,0.52814,0,10,0,FALLBACK,0.2049,0.100,1.2362,0,none
67.520,1349,-0.32104,-3.11540,0.60381,0,10,0,FALLBACK,0.0622,0.100,1.2360,0,none
67.572,1350,-0.32673,-2.69446,0.65950,0,10,0,FALLBACK,0.1621,0.100,1.2362,0,none
67.620,1351,-0.33087,-2.69705,0.62792,0,10,0,FALLBACK,0.1751,0.100,1.2364,0,none
67.671,1352,-0.32696,-2.72929,0.51109,0,10,0,FALLBACK,0.1152,0.100,1.2364,0,none
67.720,1353,-0.29766,-2.84017,0.68050,0,10,0,FALLBACK,-0.1581,0.100,1.2366,0,none
67.773,1354,-0.30481,-3.03639,0.53497,0,10,0,FALLBACK,0.0598,0.100,1.2359,0,none
67.820,1355,-0.32081,-3.36652,0.48447,0,10,0,FALLBACK,0.1841,0.100,1.2358,0,none
67.871,1356,-0.33051,-3.02882,0.57062,0,10,0,FALLBACK,0.2010,0.100,1.2355,0,none
67.922,1357,-0.31043,-2.82171,0.66751,0,10,0,FALLBACK,-0.0483,0.100,1.2354,0,none
67.972,1358,-0.32340,-2.81463,0.56447,0,10,0,FALLBACK,0.1819,0.100,1.2351,0,none
68.024,1359,-0.33987,-3.11437,0.47407,0,10,0,FALLBACK,0.2817,0.100,1.2348,0,none
68.070,1360,-0.34489,-2.79245,0.52789,0,10,0,FALLBACK,0.2495,0.100,1.2341,0,none
68.124,1361,-0.33625,-2.83926,0.46700,0,10,0,FALLBACK,0.1380,0.100,1.2339,0,none
68.172,1362,-0.31750,-2.65371,0.60265,0,10,0,FALLBACK,-0.0062,0.100,1.2342,0,none
68.225,1363,-0.31474,-2.70597,0.77766,0,10,0,FALLBACK,0.0599,0.100,1.2346,0,none
68.272,1364,-0.31427,-2.84442,0.62667,0,10,0,FALLBACK,0.0690,0.100,1.2350,0,none
68.322,1365,-0.31085,-3.01891,0.50481,0,10,0,FALLBACK,0.0371,0.100,1.2353,0,none
68.373,1366,-0.30104,-2.33554,0.78059,0,10,0,FALLBACK,-0.0438,0.100,1.2356,0,none
68.423,1367,-0.31784,-1.90266,0.82955,0,10,0,FALLBACK,0.1732,0.100,1.2359,0,none
68.474,1368,-0.33686,-1.96034,0.83858,0,10,0,FALLBACK,0.2794,0.100,1.2358,0,none
68.524,1369,-0.34622,-1.84828,0.69868,0,10,0,FALLBACK,0.2779,0.100,1.2350,0,none
68.576,1370,-0.33537,-1.84445,0.77948,0,10,0,FALLBACK,0.1226,0.100,1.2344,0,none
68.624,1371,-0.34936,-1.73509,0.85942,0,10,0,FALLBACK,0.3168,0.100,1.2346,0,none
68.675,1372,-0.35634,-2.56796,0.63173,0,10,0,FALLBACK,0.3165,0.100,1.2338,0,none
68.727,1373,-0.34748,-2.99340,0.64523,0,10,0,FALLBACK,0.1931,0.100,1.2334,0,none
68.776,1374,-0.31333,-3.18643,0.58785,0,10,0,FALLBACK,-0.1041,0.100,1.2335,0,none
68.827,1375,-0.32382,-3.09975,0.61010,0,10,0,FALLBACK,0.1716,0.100,1.2337,0,none
68.876,1376,-0.34206,-3.28335,0.51469,0,10,0,FALLBACK,0.3015,0.100,1.2331,0,none
68.925,1377,-0.35053,-3.04345,0.59322,0,10,0,FALLBACK,0.2951,0.100,1.2321,0,none
68.958,1378,-0.33028,-2.93939,0.58373,0,10,0,FALLBACK,0.0501,0.100,1.2313,0,none
69.012,1379,-0.34985,-2.83563,0.59337,0,10,0,FALLBACK,0.3471,0.100,1.2318,0,none
69.061,1380,-0.36502,-3.04458,0.62994,0,10,0,FALLBACK,0.4009,0.100,1.2298,0,none
69.109,1381,-0.35975,-3.50864,0.57010,0,10,0,FALLBACK,0.2724,0.100,1.2285,0,none
69.160,1382,-0.31797,-2.72217,0.61388,0,10,0,FALLBACK,-0.1190,0.100,1.2288,0,none
69.211,1383,-0.33394,-2.75683,0.66911,0,10,0,FALLBACK,0.2496,0.100,1.2281,0,none
69.261,1384,-0.35443,-2.66245,0.67677,0,10,0,FALLBACK,0.3746,0.100,1.2263,0,none
69.311,1385,-0.35637,-3.53318,0.59441,0,10,0,FALLBACK,0.2915,0.100,1.2247,0,none
69.361,1386,-0.31921,-3.34716,0.62509,0,10,0,FALLBACK,-0.0897,0.100,1.2248,0,none
69.412,1387,-0.33475,-3.07562,0.50348,0,10,0,FALLBACK,0.2515,0.100,1.2243,0,none
69.460,1388,-0.35390,-2.34377,0.70631,0,10,0,FALLBACK,0.3652,0.100,1.2228,0,none
69.511,1389,-0.35518,-3.05190,0.62254,0,10,0,FALLBACK,0.2823,0.100,1.2214,0,none
69.563,1390,-0.31209,-3.39718,0.45026,0,10,0,FALLBACK,-0.1550,0.100,1.2215,0,none
69.611,1391,-0.33056,-3.34092,0.54022,0,10,0,FALLBACK,0.2452,0.100,1.2203,0,none
69.669,1392,-0.35520,-2.41851,0.79529,0,10,0,FALLBACK,0.3992,0.100,1.2183,0,none
69.711,1393,-0.36308,-2.92693,0.75460,0,10,0,FALLBACK,0.3548,0.100,1.2173,0,none
69.762,1394,-0.31751,-3.12344,0.55032,0,10,0,FALLBACK,-0.1403,0.100,1.2165,0,none
69.812,1395,-0.33876,-2.66637,0.76352,0,10,0,FALLBACK,0.3000,0.100,1.2151,0,none
69.861,1396,-0.36586,-1.94442,0.83300,0,10,0,FALLBACK,0.4648,0.100,1.2125,0,none
69.911,1397,-0.37045,-2.19182,0.74916,0,10,0,FALLBACK,0.3753,0.100,1.2099,0,none
69.962,1398,-0.35446,-2.90191,0.62869,0,10,0,FALLBACK,0.1923,0.100,1.2099,0,none
70.012,1399,-0.32133,-3.19736,0.50817,0,10,0,FALLBACK,-0.0590,0.100,1.2109,0,none
70.062,1400,-0.33773,-2.47270,0.89934,0,10,0,FALLBACK,0.2706,0.100,1.2112,0,none
70.113,1401,-0.35461,-2.43993,0.68361,0,10,0,FALLBACK,0.3574,0.100,1.2098,0,none
70.165,1402,-0.35354,-2.37371,0.70112,0,10,0,FALLBACK,0.2623,0.100,1.2088,0,none
70.211,1403,-0.31982,-2.40001,0.76626,0,10,0,FALLBACK,-0.0695,0.100,1.2090,0,none
70.264,1404,-0.34572,-2.47895,0.88485,0,10,0,FALLBACK,0.3581,0.100,1.2087,0,none
70.315,1405,-0.37593,-2.58328,0.51337,0,10,0,FALLBACK,0.5307,0.100,1.2063,0,none
70.364,1406,-0.38335,-1.96699,0.64115,0,10,0,FALLBACK,0.4539,0.100,1.2036,0,none
70.413,1407,-0.33863,-2.05998,0.67619,0,10,0,FALLBACK,-0.0305,0.100,1.2028,0,none
70.464,1408,-0.35605,-2.68304,0.51347,0,10,0,FALLBACK,0.3674,0.100,1.2016,0,none
70.514,1409,-0.37945,-1.45340,0.84944,0,10,0,FALLBACK,0.5142,0.100,1.2002,0,none
70.563,1410,-0.38091,-1.64833,0.92875,0,10,0,FALLBACK,0.4118,0.100,1.1979,0,none
70.614,1411,-0.31930,-2.63412,0.65064,0,10,0,FALLBACK,-0.2115,0.100,1.1975,0,none
70.663,1412,-0.33681,-2.57679,0.48941,0,10,0,FALLBACK,0.2716,0.100,1.1938,0,none
70.713,1413,-0.36929,-2.39155,0.50746,0,10,0,FALLBACK,0.5089,0.100,1.1920,0,none
70.765,1414,-0.38171,-1.92461,0.67943,0,10,0,FALLBACK,0.4706,0.100,1.1893,0,none
70.816,1415,-0.31434,-2.50180,0.83622,0,10,0,FALLBACK,-0.2651,0.100,1.1884,0,none
70.866,1416,-0.33941,-3.05491,0.53443,0,10,0,FALLBACK,0.3224,0.100,1.1827,0,none
70.915,1417,-0.38256,-2.94100,0.50828,0,10,0,FALLBACK,0.6286,0.100,1.1794,0,none
70.965,1418,-0.40137,-2.86955,0.55481,0,10,0,FALLBACK,0.6009,0.100,1.1751,0,none
71.014,1419,-0.38881,-2.76116,0.62411,0,10,0,FALLBACK,0.3813,0.100,1.1732,0,none
71.065,1420,-0.33189,-2.97207,0.48918,0,10,0,FALLBACK,-0.1251,0.100,1.1741,0,none
71.116,1421,-0.34586,-3.35881,0.66603,0,10,0,FALLBACK,0.2991,0.100,1.1729,0,none
71.164,1422,-0.37035,-3.15554,0.52607,0,10,0,FALLBACK,0.4742,0.100,1.1717,0,none
71.216,1423,-0.37528,-3.15155,0.64086,0,10,0,FALLBACK,0.4010,0.100,1.1701,0,none
71.266,1424,-0.31764,-2.63695,0.65409,0,10,0,FALLBACK,-0.2000,0.100,1.1700,0,none
71.316,1425,-0.34348,-2.15326,0.77511,0,10,0,FALLBACK,0.3466,0.100,1.1668,0,none
71.365,1426,-0.38288,-2.61482,0.76658,0,10,0,FALLBACK,0.6113,0.100,1.1639,0,none
71.417,1427,-0.39794,-2.69108,0.61059,0,10,0,FALLBACK,0.5650,0.100,1.1604,0,none
71.466,1428,-0.32468,-2.65639,0.47352,0,10,0,FALLBACK,-0.2429,0.100,1.1593,0,none
71.516,1429,-0.34692,-1.90007,0.93054,0,10,0,FALLBACK,0.3458,0.100,1.1532,0,none
71.568,1430,-0.38805,-1.88965,0.82087,0,10,0,FALLBACK,0.6459,0.100,1.1503,0,none
71.616,1431,-0.40449,-1.42677,0.72339,0,10,0,FALLBACK,0.6047,0.100,1.1463,0,none
71.668,1432,-0.39005,-1.48409,0.65818,0,10,0,FALLBACK,0.3780,0.100,1.1450,0,none
71.718,1433,-0.32038,-2.07309,0.83342,0,10,0,FALLBACK,-0.2464,0.100,1.1463,0,none
71.766,1434,-0.33827,-2.23572,0.72057,0,10,0,FALLBACK,0.2808,0.100,1.1432,0,none
71.817,1435,-0.37268,-1.65626,0.92904,0,10,0,FALLBACK,0.5355,0.100,1.1412,0,none
71.868,1436,-0.38599,-1.79635,0.83022,0,10,0,FALLBACK,0.4965,0.100,1.1389,0,none
71.916,1437,-0.31481,-1.42358,0.72385,0,10,0,FALLBACK,-0.2818,0.100,1.1385,0,none
71.966,1438,-0.34463,-1.60124,0.63975,0,10,0,FALLBACK,0.3722,0.100,1.1327,0,none
72.018,1439,-0.39356,-0.99280,0.78098,0,10,0,FALLBACK,0.7125,0.100,1.1286,0,none
72.068,1440,-0.41523,-2.65211,0.60659,0,10,0,FALLBACK,0.6845,0.100,1.1238,0,none
72.118,1441,-0.40320,-1.43671,0.87882,0,10,0,FALLBACK,0.4559,0.100,1.1221,0,none
72.168,1442,-0.33441,-2.31283,0.61948,0,10,0,FALLBACK,-0.1719,0.100,1.1235,0,none
72.218,1443,-0.34750,-2.54643,0.71554,0,10,0,FALLBACK,0.3029,0.100,1.1213,0,none
72.269,1444,-0.37518,-2.12473,0.70370,0,10,0,FALLBACK,0.5143,0.100,1.1203,0,none
72.317,1445,-0.38264,-2.46805,0.94601,0,10,0,FALLBACK,0.4505,0.100,1.1189,0,none
72.369,1446,-0.30517,-1.07024,0.81700,0,10,0,FALLBACK,-0.3615,0.100,1.1192,0,none
72.417,1447,-0.33244,-0.70363,0.60848,0,10,0,FALLBACK,0.2985,0.100,1.1124,0,none
72.468,1448,-0.38223,-2.00491,0.84005,0,10,0,FALLBACK,0.6601,0.100,1.1086,0,none
72.518,1449,-0.40736,-1.29733,0.71784,0,10,0,FALLBACK,0.6625,0.100,1.1047,0,none
72.568,1450,-0.40059,-0.94057,0.61594,0,10,0,FALLBACK,0.4690,0.100,1.1033,0,none
72.619,1451,-0.33056,-0.77189,0.62896,0,10,0,FALLBACK,-0.1973,0.100,1.1048,0,none
72.668,1452,-0.34606,-0.70530,0.70487,0,10,0,FALLBACK,0.3078,0.100,1.1019,0,none
72.719,1453,-0.38206,-0.54401,0.51491,0,10,0,FALLBACK,0.5903,0.100,1.1043,0,none
72.768,1454,-0.40241,-1.86758,0.76912,0,10,0,FALLBACK,0.6138,0.100,1.0978,0,none
72.820,1455,-0.39175,-0.24512,0.41416,0,10,0,FALLBACK,0.4054,0.100,1.0968,0,none
72.870,1456,-0.33350,-2.83283,0.67419,0,10,0,FALLBACK,-0.1237,0.100,1.0983,0,none
72.917,1457,-0.35469,-3.43358,0.45382,0,10,0,FALLBACK,0.3794,0.100,1.0976,0,none
72.971,1458,-0.37663,-3.49850,0.60187,0,10,0,FALLBACK,0.4929,0.100,1.0964,0,none
73.020,1459,-0.37843,-3.68914,0.68320,0,10,0,FALLBACK,0.4012,0.100,1.0964,0,none
73.071,1460,-0.32960,-3.63293,0.61830,0,10,0,FALLBACK,-0.0962,0.100,1.0975,0,none
73.121,1461,-0.33446,-3.56114,0.54585,0,10,0,FALLBACK,0.1966,0.100,1.0968,0,none
73.171,1462,-0.34995,-3.70061,0.67033,0,10,0,FALLBACK,0.3272,0.100,1.0982,0,none
73.222,1463,-0.35336,-3.88541,0.48833,0,10,0,FALLBACK,0.2839,0.100,1.0987,0,none
73.271,1464,-0.34281,-3.83945,0.69534,0,10,0,FALLBACK,0.1613,0.100,1.0999,0,none
73.321,1465,-0.34343,-4.04624,0.57399,0,10,0,FALLBACK,0.2203,0.100,1.1017,0,none
73.372,1466,-0.29350,-4.64983,0.89904,0,10,0,FALLBACK,-0.2821,0.100,1.1034,0,none
73.422,1467,-0.23998,-4.18564,0.55822,0,10,0,FALLBACK,-0.5678,0.100,1.1012,0,none
73.471,1468,-0.20815,-4.45262,0.62015,0,10,0,FALLBACK,-0.6184,0.100,1.0993,0,none
73.523,1469,-0.23960,-4.39656,0.69534,0,10,0,FALLBACK,-0.1447,0.100,1.0986,0,none
73.572,1470,-0.22194,-4.11038,0.68535,0,10,0,FALLBACK,-0.4786,0.100,1.0988,0,none
73.622,1471,-0.20270,-4.16623,0.73584,0,10,0,FALLBACK,-0.5827,0.100,1.0987,0,none
73.674,1472,-0.20588,-3.69403,0.41829,0,10,0,FALLBACK,-0.4547,0.100,1.0980,0,none
73.722,1473,-0.23046,-3.60176,0.54717,0,10,0,FALLBACK,-0.2248,0.100,1.0991,0,none
73.773,1474,-0.28996,-3.74537,0.51453,0,10,0,FALLBACK,0.2473,0.100,1.1012,0,none
73.824,1475,-0.29336,-3.91664,0.64031,0,10,0,FALLBACK,-0.0162,0.100,1.1018,0,none
73.873,1476,-0.28004,-3.64483,0.47699,0,10,0,FALLBACK,-0.1664,0.100,1.1013,0,none
73.925,1477,-0.26989,-3.85374,0.56777,0,10,0,FALLBACK,-0.2013,0.100,1.1026,0,none
73.974,1478,-0.30884,-3.87700,0.55125,0,10,0,FALLBACK,0.2390,0.100,1.1038,0,none
74.023,1479,-0.28213,-3.89490,0.60830,0,10,0,FALLBACK,-0.2229,0.100,1.1041,0,none
74.075,1480,-0.24103,-4.10560,0.72936,0,10,0,FALLBACK,-0.5004,0.100,1.1028,0,none
74.123,1481,-0.21419,-3.89980,0.67862,0,10,0,FALLBACK,-0.5632,0.100,1.1013,0,none
74.174,1482,-0.21159,-4.15914,0.62083,0,10,0,FALLBACK,-0.4550,0.100,1.1000,0,none
74.223,1483,-0.24864,-3.68971,0.57923,0,10,0,FALLBACK,-0.0716,0.100,1.1008,0,none
74.274,1484,-0.25349,-3.69307,0.67461,0,10,0,FALLBACK,-0.2083,0.100,1.1026,0,none
74.325,1485,-0.25377,-3.97820,0.61402,0,10,0,FALLBACK,-0.2298,0.100,1.1039,0,none
74.377,1486,-0.26146,-3.96690,0.75348,0,10,0,FALLBACK,-0.1543,0.100,1.1051,0,none
74.426,1487,-0.30687,-4.11469,0.62548,0,10,0,FALLBACK,0.2614,0.100,1.1067,0,none
74.476,1488,-0.30240,-4.07946,0.59964,0,10,0,FALLBACK,-0.0104,0.100,1.1071,0,none
74.528,1489,-0.28209,-4.09668,0.74513,0,10,0,FALLBACK,-0.1910,0.100,1.1068,0,none
74.578,1490,-0.26514,-4.10281,0.68633,0,10,0,FALLBACK,-0.2591,0.100,1.1079,0,none
74.628,1491,-0.25907,-3.79883,0.60421,0,10,0,FALLBACK,-0.2350,0.100,1.1088,0,none
74.676,1492,-0.27729,-3.77179,0.46040,0,10,0,FALLBACK,-0.0224,0.100,1.1100,0,none
74.708,1493,-0.26939,-3.72512,0.61999,0,10,0,FALLBACK,-0.1925,0.100,1.1116,0,none
74.761,1494,-0.26168,-3.45266,0.57269,0,10,0,FALLBACK,-0.2301,0.100,1.1126,0,none
74.812,1495,-0.26323,-3.47802,0.54869,0,10,0,FALLBACK,-0.1761,0.100,1.1138,0,none
74.860,1496,-0.30372,-3.88681,0.48287,0,10,0,FALLBACK,0.2210,0.100,1.1153,0,none
74.909,1497,-0.28407,-3.31176,0.44580,0,10,0,FALLBACK,-0.1779,0.100,1.1148,0,none
74.960,1498,-0.25658,-3.67276,0.55714,0,10,0,FALLBACK,-0.3546,0.100,1.1144,0,none
75.008,1499,-0.24536,-3.32628,0.42833,0,10,0,FALLBACK,-0.3293,0.100,1.1141,0,none
75.061,1500,-0.24962,-3.64200,0.42934,0,10,0,FALLBACK,-0.2306,0.100,1.1152,0,none
75.111,1501,-0.27493,-3.56500,0.46258,0,10,0,FALLBACK,0.0012,0.100,1.1168,0,none
75.160,1502,-0.27084,-3.70995,0.58057,0,10,0,FALLBACK,-0.1662,0.100,1.1182,0,none
75.210,1503,-0.26532,-3.77322,0.56832,0,10,0,FALLBACK,-0.2010,0.100,1.1192,0,none
75.260,1504,-0.26888,-3.69883,0.58572,0,10,0,FALLBACK,-0.1379,0.100,1.1204,0,none
75.312,1505,-0.29299,-3.90278,0.56352,0,10,0,FALLBACK,0.0855,0.100,1.1219,0,none
75.362,1506,-0.28994,-4.24759,0.75118,0,10,0,FALLBACK,-0.0656,0.100,1.1229,0,none
75.412,1507,-0.28244,-4.24144,0.62812,0,10,0,FALLBACK,-0.1252,0.100,1.1240,0,none
75.460,1508,-0.28061,-3.84353,0.53800,0,10,0,FALLBACK,-0.1061,0.100,1.1253,0,none
75.509,1509,-0.28408,-4.05772,0.74467,0,10,0,FALLBACK,-0.0623,0.100,1.1267,0,none
75.562,1510,-0.29471,-3.69089,0.66679,0,10,0,FALLBACK,0.0268,0.100,1.1282,0,none
75.612,1511,-0.29129,-3.89520,0.60694,0,10,0,FALLBACK,-0.0606,0.100,1.1295,0,none
75.661,1512,-0.28682,-3.91471,0.61100,0,10,0,FALLBACK,-0.0883,0.100,1.1308,0,none
75.709,1513,-0.28629,-3.91172,0.64127,0,10,0,FALLBACK,-0.0712,0.100,1.1322,0,none
75.762,1514,-0.29949,-3.94835,0.54400,0,10,0,FALLBACK,0.0635,0.100,1.1335,0,none
75.811,1515,-0.29047,-4.04436,0.56214,0,10,0,FALLBACK,-0.0927,0.100,1.1347,0,none
75.862,1516,-0.27954,-3.74699,0.59157,0,10,0,FALLBACK,-0.1570,0.100,1.1357,0,none
75.912,1517,-0.27548,-3.74068,0.46240,0,10,0,FALLBACK,-0.1429,0.100,1.1368,0,none
75.962,1518,-0.27806,-4.01051,0.60106,0,10,0,FALLBACK,-0.0968,0.100,1.1380,0,none
76.014,1519,-0.28644,-3.89760,0.53606,0,10,0,FALLBACK,-0.0258,0.100,1.1394,0,none
76.064,1520,-0.28824,-3.77071,0.68739,0,10,0,FALLBACK,-0.0499,0.100,1.1407,0,none
76.113,1521,-0.29013,-3.70197,0.52916,0,10,0,FALLBACK,-0.0399,0.100,1.1420,0,none
76.162,1522,-0.29398,-3.85751,0.62665,0,10,0,FALLBACK,-0.0109,0.100,1.1433,0,none
76.212,1523,-0.30399,-3.62220,0.56195,0,10,0,FALLBACK,0.0700,0.100,1.1445,0,none
76.261,1524,-0.29867,-3.78210,0.66178,0,10,0,FALLBACK,-0.0333,0.100,1.1457,0,none
76.312,1525,-0.29029,-3.89216,0.59539,0,10,0,FALLBACK,-0.0905,0.100,1.1468,0,none
76.363,1526,-0.28515,-3.70273,0.47246,0,10,0,FALLBACK,-0.1000,0.100,1.1479,0,none
76.412,1527,-0.29241,-3.90151,0.42650,0,10,0,FALLBACK,-0.0016,0.100,1.1491,0,none
76.461,1528,-0.28670,-4.24788,0.70953,0,10,0,FALLBACK,-0.0951,0.100,1.1502,0,none
76.514,1529,-0.28025,-4.22040,0.51456,0,10,0,FALLBACK,-0.1310,0.100,1.1513,0,none
76.564,1530,-0.27884,-4.15526,0.58596,0,10,0,FALLBACK,-0.1128,0.100,1.1523,0,none
76.613,1531,-0.28290,-3.95678,0.63173,0,10,0,FALLBACK,-0.0652,0.100,1.1534,0,none
76.662,1532,-0.29104,-4.12103,0.68184,0,10,0,FALLBACK,-0.0041,0.100,1.1546,0,none
76.714,1533,-0.29804,-4.04497,0.69699,0,10,0,FALLBACK,0.0252,0.100,1.1558,0,none
76.763,1534,-0.30393,-3.88998,0.55653,0,10,0,FALLBACK,0.0491,0.100,1.1569,0,none
76.813,1535,-0.30812,-3.86180,0.57660,0,10,0,FALLBACK,0.0616,0.100,1.1580,0,none
76.866,1536,-0.30892,-3.84558,0.61356,0,10,0,FALLBACK,0.0486,0.100,1.1591,0,none
76.913,1537,-0.31004,-3.64866,0.48086,0,10,0,FALLBACK,0.0558,0.100,1.1602,0,none
76.965,1538,-0.30941,-3.49270,0.44699,0,10,0,FALLBACK,0.0439,0.100,1.1613,0,none
77.014,1539,-0.30673,-4.07313,0.65369,0,10,0,FALLBACK,0.0202,0.100,1.1623,0,none
77.062,1540,-0.29754,-3.71644,0.47555,0,10,0,FALLBACK,-0.0583,0.100,1.1634,0,none
77.115,1541,-0.29945,-3.88831,0.70479,0,10,0,FALLBACK,0.0068,0.100,1.1644,0,none
77.166,1542,-0.30428,-3.75939,0.48078,0,10,0,FALLBACK,0.0455,0.100,1.1655,0,none
77.216,1543,-0.30772,-3.56698,0.60954,0,10,0,FALLBACK,0.0558,0.100,1.1665,0,none
77.264,1544,-0.30861,-3.41309,0.60485,0,10,0,FALLBACK,0.0475,0.100,1.1675,0,none
77.316,1545,-0.30610,-3.63894,0.51894,0,10,0,FALLBACK,0.0179,0.100,1.1685,0,none
77.366,1546,-0.30857,-3.60850,0.57932,0,10,0,FALLBACK,0.0552,0.100,1.1695,0,none
77.414,1547,-0.31051,-3.84405,0.70977,0,10,0,FALLBACK,0.0622,0.100,1.1705,0,none
77.466,1548,-0.30981,-3.88656,0.53598,0,10,0,FALLBACK,0.0456,0.100,1.1714,0,none
77.518,1549,-0.30219,-3.86597,0.53916,0,10,0,FALLBACK,-0.0271,0.100,1.1724,0,none
77.567,1550,-0.30722,-3.89861,0.55947,0,10,0,FALLBACK,0.0613,0.100,1.1733,0,none
77.617,1551,-0.31367,-3.92696,0.65191,0,10,0,FALLBACK,0.1006,0.100,1.1742,0,none
77.668,1552,-0.31628,-3.66325,0.51190,0,10,0,FALLBACK,0.0945,0.100,1.1750,0,none
77.717,1553,-0.31076,-3.88674,0.52857,0,10,0,FALLBACK,0.0262,0.100,1.1759,0,none
77.769,1554,-0.31035,-4.07559,0.81056,0,10,0,FALLBACK,0.0497,0.100,1.1768,0,none
77.818,1555,-0.30979,-4.23935,0.50622,0,10,0,FALLBACK,0.0461,0.100,1.1778,0,none
77.866,1556,-0.30714,-3.92351,0.65752,0,10,0,FALLBACK,0.0224,0.100,1.1787,0,none
77.917,1557,-0.30524,-4.42828,0.70089,0,10,0,FALLBACK,0.0167,0.100,1.1796,0,none
77.968,1558,-0.29813,-4.10880,0.65424,0,10,0,FALLBACK,-0.0449,0.100,1.1805,0,none
78.019,1559,-0.29098,-3.51301,0.47696,0,10,0,FALLBACK,-0.0808,0.100,1.1814,0,none
78.067,1560,-0.28674,-3.55619,0.48989,0,10,0,FALLBACK,-0.0875,0.100,1.1822,0,none
78.118,1561,-0.28631,-3.82749,0.55216,0,10,0,FALLBACK,-0.0706,0.100,1.1830,0,none
78.168,1562,-0.28960,-3.89114,0.54905,0,10,0,FALLBACK,-0.0355,0.100,1.1839,0,none
78.219,1563,-0.29332,-3.85864,0.60431,0,10,0,FALLBACK,-0.0148,0.100,1.1848,0,none
78.268,1564,-0.29771,-3.59825,0.72043,0,10,0,FALLBACK,0.0104,0.100,1.1856,0,none
78.319,1565,-0.30211,-3.90419,0.55996,0,10,0,FALLBACK,0.0325,0.100,1.1864,0,none
78.370,1566,-0.30845,-3.73436,0.52555,0,10,0,FALLBACK,0.0740,0.100,1.1872,0,none
78.421,1567,-0.30337,-3.97209,0.63527,0,10,0,FALLBACK,-0.0085,0.100,1.1880,0,none
78.470,1568,-0.29542,-3.85605,0.58084,0,10,0,FALLBACK,-0.0626,0.100,1.1887,0,none
78.522,1569,-0.28933,-4.21450,0.61207,0,10,0,FALLBACK,-0.0838,0.100,1.1895,0,none
78.573,1570,-0.28827,-3.98089,0.76679,0,10,0,FALLBACK,-0.0639,0.100,1.1903,0,none
78.623,1571,-0.28692,-4.66070,0.93072,0,10,0,FALLBACK,-0.0722,0.100,1.1910,0,none
78.672,1572,-0.28786,-4.12104,0.75222,0,10,0,FALLBACK,-0.0560,0.100,1.1918,0,none
78.723,1573,-0.29155,-4.18279,0.66668,0,10,0,FALLBACK,-0.0238,0.100,1.1926,0,none
78.771,1574,-0.29732,-3.92198,0.52699,0,10,0,FALLBACK,0.0154,0.100,1.1934,0,none
78.823,1575,-0.30252,-4.10009,0.62519,0,10,0,FALLBACK,0.0386,0.100,1.1941,0,none
78.873,1576,-0.30632,-3.64216,0.55592,0,10,0,FALLBACK,0.0507,0.100,1.1948,0,none
78.922,1577,-0.30814,-3.81702,0.47851,0,10,0,FALLBACK,0.0498,0.100,1.1955,0,none
78.971,1578,-0.30997,-3.87407,0.61179,0,10,0,FALLBACK,0.0590,0.100,1.1963,0,none
79.025,1579,-0.30523,-3.74020,0.50467,0,10,0,FALLBACK,0.0025,0.100,1.1970,0,none
79.074,1580,-0.29813,-3.77049,0.47705,0,10,0,FALLBACK,-0.0448,0.100,1.1977,0,none
79.124,1581,-0.29155,-3.81578,0.54010,0,10,0,FALLBACK,-0.0751,0.100,1.1984,0,none
79.173,1582,-0.28750,-3.67380,0.62322,0,10,0,FALLBACK,-0.0827,0.100,1.1991,0,none
79.223,1583,-0.28820,-3.93291,0.68726,0,10,0,FALLBACK,-0.0555,0.100,1.1997,0,none
79.272,1584,-0.28405,-3.74847,0.54495,0,10,0,FALLBACK,-0.1005,0.100,1.2004,0,none
79.323,1585,-0.28220,-3.76771,0.68027,0,10,0,FALLBACK,-0.0982,0.100,1.2010,0,none
79.374,1586,-0.28487,-3.79678,0.68849,0,10,0,FALLBACK,-0.0623,0.100,1.2016,0,none
79.424,1587,-0.29482,-3.65565,0.67642,0,10,0,FALLBACK,0.0239,0.100,1.2023,0,none
79.476,1588,-0.29314,-3.88435,0.52584,0,10,0,FALLBACK,-0.0427,0.100,1.2030,0,none
79.526,1589,-0.28958,-4.05174,0.56252,0,10,0,FALLBACK,-0.0699,0.100,1.2035,0,none
79.576,1590,-0.28813,-3.85055,0.59960,0,10,0,FALLBACK,-0.0666,0.100,1.2041,0,none
79.627,1591,-0.29627,-4.04614,0.53417,0,10,0,FALLBACK,0.0220,0.100,1.2048,0,none
79.676,1592,-0.28737,-4.05929,0.53840,0,10,0,FALLBACK,-0.1077,0.100,1.2054,0,none
79.727,1593,-0.27693,-3.94111,0.78474,0,10,0,FALLBACK,-0.1676,0.100,1.2058,0,none
79.777,1594,-0.27203,-3.91979,0.57380,0,10,0,FALLBACK,-0.1643,0.100,1.2061,0,none
79.826,1595,-0.28518,-3.77005,0.67819,0,10,0,FALLBACK,-0.0083,0.100,1.2065,0,none
79.876,1596,-0.27763,-3.60444,0.49693,0,10,0,FALLBACK,-0.1496,0.100,1.2070,0,none
79.926,1597,-0.26898,-3.98643,0.56319,0,10,0,FALLBACK,-0.1984,0.100,1.2074,0,none
79.977,1598,-0.26744,-3.96060,0.66757,0,10,0,FALLBACK,-0.1705,0.100,1.2076,0,none
80.026,1599,-0.28988,-3.71187,0.52333,0,10,0,FALLBACK,0.0616,0.100,1.2079,0,none
80.059,1600,-0.28286,-3.69032,0.62830,0,10,0,FALLBACK,-0.1208,0.100,1.2083,0,none
80.110,1601,-0.27358,-3.46446,0.59816,0,10,0,FALLBACK,-0.1785,0.100,1.2083,0,none
80.160,1602,-0.27214,-3.63326,0.49569,0,10,0,FALLBACK,-0.1465,0.100,1.2086,0,none
80.208,1603,-0.29460,-3.56438,0.51307,0,10,0,FALLBACK,0.0853,0.100,1.2091,0,none
80.260,1604,-0.28277,-3.65788,0.51812,0,10,0,FALLBACK,-0.1453,0.100,1.2091,0,none
80.310,1605,-0.26796,-3.52129,0.49643,0,10,0,FALLBACK,-0.2342,0.100,1.2090,0,none
80.360,1606,-0.26406,-3.59034,0.50858,0,10,0,FALLBACK,-0.1992,0.100,1.2088,0,none
80.409,1607,-0.29383,-3.56767,0.55587,0,10,0,FALLBACK,0.1180,0.100,1.2092,0,none
80.461,1608,-0.27748,-3.66988,0.66900,0,10,0,FALLBACK,-0.1944,0.100,1.2088,0,none
80.510,1609,-0.25693,-3.85471,0.59985,0,10,0,FALLBACK,-0.3181,0.100,1.2079,0,none
80.560,1610,-0.25135,-3.61909,0.52548,0,10,0,FALLBACK,-0.2711,0.100,1.2072,0,none
80.611,1611,-0.28439,-3.77001,0.48197,0,10,0,FALLBACK,0.0872,0.100,1.2074,0,none
80.660,1612,-0.27372,-3.63537,0.62441,0,10,0,FALLBACK,-0.1848,0.100,1.2070,0,none
80.712,1613,-0.25850,-3.78991,0.47683,0,10,0,FALLBACK,-0.2836,0.100,1.2065,0,none
80.761,1614,-0.25670,-4.03063,0.43940,0,10,0,FALLBACK,-0.2255,0.100,1.2061,0,none
80.811,1615,-0.26723,-4.20956,0.55888,0,10,0,FALLBACK,-0.1113,0.100,1.2065,0,none
80.862,1616,-0.28716,-4.32654,0.65660,0,10,0,FALLBACK,0.0355,0.100,1.2072,0,none
80.915,1617,-0.28509,-4.13339,0.67705,0,10,0,FALLBACK,-0.0849,0.100,1.2077,0,none
80.962,1618,-0.28132,-4.06242,0.60468,0,10,0,FALLBACK,-0.1123,0.100,1.2081,0,none
81.013,1619,-0.28321,-4.00338,0.69238,0,10,0,FALLBACK,-0.0745,0.100,1.2086,0,none
81.064,1620,-0.29354,-4.29699,0.64516,0,10,0,FALLBACK,0.0193,0.100,1.2092,0,none
81.114,1621,-0.28774,-3.84405,0.51423,0,10,0,FALLBACK,-0.0903,0.100,1.2097,0,none
81.164,1622,-0.28076,-3.71025,0.45538,0,10,0,FALLBACK,-0.1311,0.100,1.2101,0,none
81.214,1623,-0.27911,-3.61542,0.58926,0,10,0,FALLBACK,-0.1127,0.100,1.2105,0,none
81.263,1624,-0.28944,-3.79721,0.55635,0,10,0,FALLBACK,-0.0012,0.100,1.2110,0,none
81.314,1625,-0.28247,-3.93588,0.51807,0,10,0,FALLBACK,-0.1225,0.100,1.2115,0,none
81.365,1626,-0.27500,-3.79647,0.50398,0,10,0,FALLBACK,-0.1624,0.100,1.2118,0,none
81.415,1627,-0.27432,-3.82681,0.42292,0,10,0,FALLBACK,-0.1318,0.100,1.2122,0,none
81.466,1628,-0.28776,-3.63914,0.51760,0,10,0,FALLBACK,0.0060,0.100,1.2126,0,none
81.516,1629,-0.28457,-3.97746,0.67536,0,10,0,FALLBACK,-0.0931,0.100,1.2131,0,none
81.566,1630,-0.27997,-3.94495,0.66852,0,10,0,FALLBACK,-0.1232,0.100,1.2135,0,none
81.616,1631,-0.28052,-3.84598,0.44379,0,10,0,FALLBACK,-0.0946,0.100,1.2139,0,none
81.665,1632,-0.29840,-4.05604,0.62109,0,10,0,FALLBACK,0.0814,0.100,1.2144,0,none
81.716,1633,-0.28694,-3.86304,0.53754,0,10,0,FALLBACK,-0.1227,0.100,1.2146,0,none
81.766,1634,-0.27133,-3.87551,0.59221,0,10,0,FALLBACK,-0.2214,0.100,1.2145,0,none
81.818,1635,-0.26428,-3.66467,0.70202,0,10,0,FALLBACK,-0.2139,0.100,1.2145,0,none
81.868,1636,-0.28080,-4.11645,0.71471,0,10,0,FALLBACK,-0.0134,0.100,1.2147,0,none
81.916,1637,-0.27373,-3.56573,0.61049,0,10,0,FALLBACK,-0.1667,0.100,1.2150,0,none
81.967,1638,-0.26559,-3.76954,0.55561,0,10,0,FALLBACK,-0.2128,0.100,1.2151,0,none
82.015,1639,-0.26649,-3.59230,0.52853,0,10,0,FALLBACK,-0.1631,0.100,1.2152,0,none
82.067,1640,-0.29149,-4.13784,0.71398,0,10,0,FALLBACK,0.0824,0.100,1.2156,0,none
82.117,1641,-0.28710,-3.70398,0.53900,0,10,0,FALLBACK,-0.0864,0.100,1.2156,0,none
82.166,1642,-0.27702,-3.63260,0.47438,0,10,0,FALLBACK,-0.1653,0.100,1.2157,0,none
82.219,1643,-0.27316,-3.80480,0.48323,0,10,0,FALLBACK,-0.1535,0.100,1.2159,0,none
82.268,1644,-0.29816,-3.65246,0.58051,0,10,0,FALLBACK,0.1158,0.100,1.2163,0,none
82.320,1645,-0.28298,-3.53354,0.62395,0,10,0,FALLBACK,-0.1610,0.100,1.2159,0,none
82.370,1646,-0.26148,-3.64453,0.65550,0,10,0,FALLBACK,-0.3001,0.100,1.2153,0,none
82.418,1647,-0.25157,-3.61744,0.59598,0,10,0,FALLBACK,-0.2917,0.100,1.2148,0,none
82.470,1648,-0.28331,-3.48971,0.43663,0,10,0,FALLBACK,0.0753,0.100,1.2147,0,none
82.520,1649,-0.26967,-3.97434,0.52007,0,10,0,FALLBACK,-0.2198,0.100,1.2139,0,none
82.569,1650,-0.24977,-3.85453,0.65918,0,10,0,FALLBACK,-0.3507,0.100,1.2132,0,none
82.618,1651,-0.24401,-3.71152,0.56964,0,10,0,FALLBACK,-0.3087,0.100,1.2124,0,none
82.669,1652,-0.25506,-3.60607,0.56657,0,10,0,FALLBACK,-0.1694,0.100,1.2123,0,none
82.720,1653,-0.27844,-4.00297,0.56360,0,10,0,FALLBACK,0.0091,0.100,1.2129,0,none
82.769,1654,-0.28191,-3.97774,0.60986,0,10,0,FALLBACK,-0.0731,0.100,1.2134,0,none
82.820,1655,-0.28273,-4.01145,0.46769,0,10,0,FALLBACK,-0.0823,0.100,1.2138,0,none
82.872,1656,-0.28744,-3.79507,0.56981,0,10,0,FALLBACK,-0.0392,0.100,1.2143,0,none
82.920,1657,-0.29967,-3.57890,0.56794,0,10,0,FALLBACK,0.0595,0.100,1.2149,0,none
82.969,1658,-0.28203,-4.01269,0.52147,0,10,0,FALLBACK,-0.1781,0.100,1.2153,0,none
83.022,1659,-0.26470,-3.98577,0.60638,0,10,0,FALLBACK,-0.2631,0.100,1.2149,0,none
83.072,1660,-0.25898,-3.95156,0.53402,0,10,0,FALLBACK,-0.2337,0.100,1.2147,0,none
83.121,1661,-0.27259,-3.86721,0.59634,0,10,0,FALLBACK,-0.0690,0.100,1.2149,0,none
83.170,1662,-0.25597,-3.57315,0.49048,0,10,0,FALLBACK,-0.3033,0.100,1.2154,0,none
83.221,1663,-0.24177,-3.71103,0.61191,0,10,0,FALLBACK,-0.3621,0.100,1.2146,0,none
83.271,1664,-0.24398,-3.48156,0.68238,0,10,0,FALLBACK,-0.2691,0.100,1.2140,0,none
83.322,1665,-0.27171,-3.73405,0.51625,0,10,0,FALLBACK,-0.0027,0.100,1.2142,0,none
83.372,1666,-0.26576,-3.59995,0.58858,0,10,0,FALLBACK,-0.2010,0.100,1.2144,0,none
83.422,1667,-0.25739,-3.39661,0.48458,0,10,0,FALLBACK,-0.2549,0.100,1.2143,0,none
83.470,1668,-0.26025,-3.72542,0.61098,0,10,0,FALLBACK,-0.1845,0.100,1.2142,0,none
83.520,1669,-0.28589,-3.98243,0.57647,0,10,0,FALLBACK,0.0577,0.100,1.2146,0,none
83.571,1670,-0.27368,-3.87556,0.62734,0,10,0,FALLBACK,-0.1927,0.100,1.2147,0,none
83.622,1671,-0.25740,-3.79068,0.57225,0,10,0,FALLBACK,-0.2944,0.100,1.2141,0,none
83.672,1672,-0.25365,-3.99573,0.50921,0,10,0,FALLBACK,-0.2506,0.100,1.2137,0,none
83.720,1673,-0.27801,-3.70202,0.62201,0,10,0,FALLBACK,0.0118,0.100,1.2139,0,none
83.772,1674,-0.26423,-3.70639,0.42999,0,10,0,FALLBACK,-0.2477,0.100,1.2141,0,none
83.823,1675,-0.24804,-3.49969,0.42296,0,10,0,FALLBACK,-0.3408,0.100,1.2133,0,none
83.871,1676,-0.24680,-4.01152,0.66297,0,10,0,FALLBACK,-0.2722,0.100,1.2127,0,none
83.921,1677,-0.27891,-4.01107,0.53742,0,10,0,FALLBACK,0.0551,0.100,1.2128,0,none
83.973,1678,-0.26950,-3.57455,0.43116,0,10,0,FALLBACK,-0.1995,0.100,1.2124,0,none
84.023,1679,-0.25480,-3.51280,0.49946,0,10,0,FALLBACK,-0.2995,0.100,1.2121,0,none
84.074,1680,-0.25244,-3.52332,0.69444,0,10,0,FALLBACK,-0.2496,0.100,1.2117,0,none
84.122,1681,-0.28772,-3.59097,0.60679,0,10,0,FALLBACK,0.1150,0.100,1.2119,0,none
84.173,1682,-0.27280,-3.62781,0.43351,0,10,0,FALLBACK,-0.2106,0.100,1.2118,0,none
84.223,1683,-0.24915,-3.48991,0.54698,0,10,0,FALLBACK,-0.3725,0.100,1.2108,0,none
84.271,1684,-0.23729,-3.61592,0.48055,0,10,0,FALLBACK,-0.3728,0.100,1.2095,0,none
84.324,1685,-0.27279,-3.77736,0.60908,0,10,0,FALLBACK,0.0414,0.100,1.2087,0,none
84.374,1686,-0.25686,-3.48590,0.45953,0,10,0,FALLBACK,-0.2954,0.100,1.2084,0,none
84.423,1687,-0.23451,-3.60902,0.60287,0,10,0,FALLBACK,-0.4392,0.100,1.2074,0,none
84.474,1688,-0.22731,-3.72126,0.59418,0,10,0,FALLBACK,-0.3995,0.100,1.2056,0,none
84.524,1689,-0.27029,-3.36946,0.56284,0,10,0,FALLBACK,0.0663,0.100,1.2047,0,none
84.574,1690,-0.26591,-3.48027,0.56279,0,10,0,FALLBACK,-0.1924,0.100,1.2045,0,none
84.624,1691,-0.25283,-3.51391,0.32932,0,10,0,FALLBACK,-0.3012,0.100,1.2037,0,none
84.673,1692,-0.24922,-3.41857,0.51885,0,10,0,FALLBACK,-0.2720,0.100,1.2033,0,none
84.726,1693,-0.28884,-3.66086,0.62258,0,10,0,FALLBACK,0.1423,0.100,1.2032,0,none
84.776,1694,-0.28101,-3.76880,0.62156,0,10,0,FALLBACK,-0.1341,0.100,1.2029,0,none
84.826,1695,-0.26243,-3.56804,0.53517,0,10,0,FALLBACK,-0.2808,0.100,1.2020,0,none
84.873,1696,-0.25142,-3.70103,0.61331,0,10,0,FALLBACK,-0.2979,0.100,1.2016,0,none
84.924,1697,-0.25488,-4.00378,0.53847,0,10,0,FALLBACK,-0.2083,0.100,1.2013,0,none
84.975,1698,-0.27445,-3.37601,0.49070,0,10,0,FALLBACK,-0.0299,0.100,1.2017,0,none
85.025,1699,-0.26694,-3.58911,0.46366,0,10,0,FALLBACK,-0.2029,0.100,1.2025,0,none
85.073,1700,-0.25849,-3.19889,0.54726,0,10,0,FALLBACK,-0.2497,0.100,1.2028,0,none
85.125,1701,-0.25971,-3.43830,0.51689,0,10,0,FALLBACK,-0.1954,0.100,1.2027,0,none
85.174,1702,-0.28040,-3.39079,0.42859,0,10,0,FALLBACK,0.0055,0.100,1.2031,0,none
85.225,1703,-0.26558,-3.33087,0.45601,0,10,0,FALLBACK,-0.2462,0.100,1.2037,0,none
85.275,1704,-0.24847,-3.17097,0.44902,0,10,0,FALLBACK,-0.3432,0.100,1.2035,0,none
85.325,1705,-0.24393,-3.37804,0.42832,0,10,0,FALLBACK,-0.3030,0.100,1.2028,0,none
85.360,1706,-0.26641,-3.33835,0.50912,0,10,0,FALLBACK,-0.0555,0.100,1.2026,0,none
85.410,1707,-0.25541,-3.44748,0.62203,0,10,0,FALLBACK,-0.2780,0.100,1.2032,0,none
85.458,1708,-0.24640,-3.64353,0.57582,0,10,0,FALLBACK,-0.3131,0.100,1.2027,0,none
85.510,1709,-0.25259,-3.55074,0.54724,0,10,0,FALLBACK,-0.2061,0.100,1.2025,0,none
85.560,1710,-0.28750,-3.58363,0.62110,0,10,0,FALLBACK,0.1121,0.100,1.2032,0,none
85.610,1711,-0.27041,-3.54778,0.52767,0,10,0,FALLBACK,-0.2334,0.100,1.2028,0,none
85.661,1712,-0.24988,-3.54187,0.56796,0,10,0,FALLBACK,-0.3532,0.100,1.2016,0,none
85.710,1713,-0.24645,-3.78746,0.64924,0,10,0,FALLBACK,-0.2849,0.100,1.2007,0,none
85.762,1714,-0.28275,-4.01012,0.54611,0,10,0,FALLBACK,0.0952,0.100,1.2011,0,none
85.811,1715,-0.25712,-3.74202,0.62788,0,10,0,FALLBACK,-0.3426,0.100,1.2006,0,none
85.861,1716,-0.22940,-4.14607,0.74620,0,10,0,FALLBACK,-0.4916,0.100,1.1979,0,none
85.910,1717,-0.22550,-4.06863,0.54008,0,10,0,FALLBACK,-0.3920,0.100,1.1957,0,none
85.961,1718,-0.27312,-3.97595,0.57914,0,10,0,FALLBACK,0.1037,0.100,1.1959,0,none
86.011,1719,-0.25265,-3.82773,0.54170,0,10,0,FALLBACK,-0.3391,0.100,1.1948,0,none
86.063,1720,-0.22762,-3.93492,0.79244,0,10,0,FALLBACK,-0.4870,0.100,1.1922,0,none
86.111,1721,-0.22613,-4.11886,0.63172,0,10,0,FALLBACK,-0.3769,0.100,1.1901,0,none
86.162,1722,-0.28344,-3.92192,0.70315,0,10,0,FALLBACK,0.2037,0.100,1.1904,0,none
86.210,1723,-0.26095,-3.79892,0.63130,0,10,0,FALLBACK,-0.3077,0.100,1.1879,0,none
86.263,1724,-0.22962,-3.84965,0.66617,0,10,0,FALLBACK,-0.5086,0.100,1.1848,0,none
86.312,1725,-0.22276,-3.45305,0.56876,0,10,0,FALLBACK,-0.4205,0.100,1.1821,0,none
86.362,1726,-0.27786,-3.88836,0.46448,0,10,0,FALLBACK,0.1648,0.100,1.1822,0,none
86.412,1727,-0.26011,-3.42309,0.54466,0,10,0,FALLBACK,-0.2882,0.100,1.1802,0,none
86.463,1728,-0.22982,-3.53891,0.55989,0,10,0,FALLBACK,-0.5024,0.100,1.1774,0,none
86.513,1729,-0.22021,-3.21048,0.38730,0,10,0,FALLBACK,-0.4470,0.100,1.1754,0,none
86.564,1730,-0.23446,-3.59001,0.49912,0,10,0,FALLBACK,-0.2564,0.100,1.1751,0,none
86.611,1731,-0.27313,-3.92875,0.58924,0,10,0,FALLBACK,0.0590,0.100,1.1762,0,none
86.662,1732,-0.27138,-3.48426,0.61057,0,10,0,FALLBACK,-0.1518,0.100,1.1765,0,none
86.713,1733,-0.26335,-3.65958,0.61176,0,10,0,FALLBACK,-0.2234,0.100,1.1768,0,none
86.764,1734,-0.26458,-3.90303,0.55149,0,10,0,FALLBACK,-0.1710,0.100,1.1773,0,none
86.812,1735,-0.29450,-3.47705,0.46907,0,10,0,FALLBACK,0.1221,0.100,1.1780,0,none
86.864,1736,-0.27021,-3.96824,0.56720,0,10,0,FALLBACK,-0.2704,0.100,1.1779,0,none
86.912,1737,-0.23991,-4.14971,0.81713,0,10,0,FALLBACK,-0.4520,0.100,1.1763,0,none
86.964,1738,-0.22791,-4.37833,0.63933,0,10,0,FALLBACK,-0.4205,0.100,1.1750,0,none
87.014,1739,-0.26719,-4.59224,0.71179,0,10,0,FALLBACK,0.0323,0.100,1.1748,0,none
87.064,1740,-0.24469,-3.87658,0.78238,0,10,0,FALLBACK,-0.3891,0.100,1.1740,0,none
87.113,1741,-0.21679,-4.10906,0.70436,0,10,0,FALLBACK,-0.5556,0.100,1.1720,0,none
87.163,1742,-0.21196,-3.93981,0.73320,0,10,0,FALLBACK,-0.4643,0.100,1.1700,0,none
87.215,1743,-0.27776,-3.80776,0.62407,0,10,0,FALLBACK,0.2178,0.100,1.1698,0,none
87.265,1744,-0.25689,-3.85651,0.65759,0,10,0,FALLBACK,-0.3199,0.100,1.1655,0,none
87.317,1745,-0.22007,-3.82915,0.58276,0,10,0,FALLBACK,-0.5838,0.100,1.1627,0,none
87.365,1746,-0.20615,-4.23438,0.64668,0,10,0,FALLBACK,-0.5389,0.100,1.1599,0,none
87.414,1747,-0.22013,-4.17310,0.62274,0,10,0,FALLBACK,-0.3295,0.100,1.1592,0,none
87.465,1748,-0.26215,-4.26091,0.92042,0,10,0,FALLBACK,0.0209,0.100,1.1601,0,none
87.514,1749,-0.24559,-4.05300,0.70243,0,10,0,FALLBACK,-0.3548,0.100,1.1606,0,none
87.564,1750,-0.22436,-3.64561,0.58698,0,10,0,FALLBACK,-0.4844,0.100,1.1592,0,none
87.615,1751,-0.22368,-3.94577,0.65224,0,10,0,FALLBACK,-0.3850,0.100,1.1582,0,none
87.667,1752,-0.26477,-3.80712,0.52565,0,10,0,FALLBACK,0.0293,0.100,1.1586,0,none
87.716,1753,-0.24226,-3.78100,0.51820,0,10,0,FALLBACK,-0.4012,0.100,1.1584,0,none
87.767,1754,-0.21492,-3.79301,0.67936,0,10,0,FALLBACK,-0.5621,0.100,1.1563,0,none
87.815,1755,-0.21109,-3.35793,0.67710,0,10,0,FALLBACK,-0.4637,0.100,1.1544,0,none
87.865,1756,-0.26125,-3.38844,0.54130,0,10,0,FALLBACK,0.0570,0.100,1.1545,0,none
87.916,1757,-0.24887,-3.43724,0.68251,0,10,0,FALLBACK,-0.3175,0.100,1.1533,0,none
87.965,1758,-0.22796,-3.06506,0.50679,0,10,0,FALLBACK,-0.4648,0.100,1.1527,0,none
88.017,1759,-0.22576,-3.14496,0.46007,0,10,0,FALLBACK,-0.3822,0.100,1.1518,0,none
88.067,1760,-0.26293,-3.64202,0.44542,0,10,0,FALLBACK,0.0005,0.100,1.1522,0,none
88.117,1761,-0.27077,-3.28139,0.46662,0,10,0,FALLBACK,-0.1069,0.100,1.1524,0,none
88.168,1762,-0.27239,-3.13405,0.45348,0,10,0,FALLBACK,-0.1300,0.100,1.1538,0,none
88.218,1763,-0.27901,-3.02302,0.40023,0,10,0,FALLBACK,-0.0719,0.100,1.1548,0,none
88.267,1764,-0.29070,-3.32633,0.40608,0,10,0,FALLBACK,0.0120,0.100,1.1560,0,none
88.316,1765,-0.29512,-2.74836,0.53075,0,10,0,FALLBACK,-0.0023,0.100,1.1571,0,none
88.368,1766,-0.33182,-2.42200,0.58091,0,10,0,FALLBACK,0.3426,0.100,1.1582,0,none
88.418,1767,-0.36550,-3.01870,0.45708,0,10,0,FALLBACK,0.4959,0.100,1.1567,0,none
88.469,1768,-0.37877,-2.52269,0.44983,0,10,0,FALLBACK,0.4602,0.100,1.1552,0,none
88.519,1769,-0.35762,-3.23054,0.42338,0,10,0,FALLBACK,0.1823,0.100,1.1550,0,none
88.569,1770,-0.35336,-2.67371,0.63195,0,10,0,FALLBACK,0.2455,0.100,1.1561,0,none
88.617,1771,-0.34693,-2.82352,0.64455,0,10,0,FALLBACK,0.2025,0.100,1.1576,0,none
88.669,1772,-0.33147,-2.40805,0.64784,0,10,0,FALLBACK,0.0801,0.100,1.1586,0,none
88.721,1773,-0.28713,-3.26459,0.53050,0,10,0,FALLBACK,-0.2860,0.100,1.1597,0,none
88.769,1774,-0.29003,-2.92792,0.59259,0,10,0,FALLBACK,-0.0354,0.100,1.1584,0,none
88.818,1775,-0.30821,-2.84044,0.41686,0,10,0,FALLBACK,0.1320,0.100,1.1591,0,none
88.869,1776,-0.32272,-2.78550,0.55560,0,10,0,FALLBACK,0.1862,0.100,1.1598,0,none
88.920,1777,-0.32836,-2.68579,0.72437,0,10,0,FALLBACK,0.1699,0.100,1.1604,0,none
88.970,1778,-0.32015,-2.70385,0.56012,0,10,0,FALLBACK,0.0597,0.100,1.1613,0,none
89.018,1779,-0.32791,-2.76635,0.41678,0,10,0,FALLBACK,0.1783,0.100,1.1624,0,none
89.070,1780,-0.33323,-2.90872,0.39424,0,10,0,FALLBACK,0.1927,0.100,1.1631,0,none
89.121,1781,-0.33002,-3.12339,0.47178,0,10,0,FALLBACK,0.1340,0.100,1.1639,0,none
89.170,1782,-0.31007,-3.49048,0.36919,0,10,0,FALLBACK,-0.0494,0.100,1.1649,0,none
89.221,1783,-0.31095,-3.16821,0.43395,0,10,0,FALLBACK,0.0592,0.100,1.1657,0,none
89.270,1784,-0.31590,-3.02761,0.53826,0,10,0,FALLBACK,0.1042,0.100,1.1667,0,none
89.319,1785,-0.31693,-2.85291,0.43306,0,10,0,FALLBACK,0.0898,0.100,1.1676,0,none
89.370,1786,-0.29432,-2.77218,0.45761,0,10,0,FALLBACK,-0.1414,0.100,1.1685,0,none
89.419,1787,-0.30804,-2.25894,0.66681,0,10,0,FALLBACK,0.1088,0.100,1.1688,0,none
89.471,1788,-0.32870,-2.87336,0.39431,0,10,0,FALLBACK,0.2468,0.100,1.1691,0,none
89.521,1789,-0.34044,-3.02406,0.43067,0,10,0,FALLBACK,0.2609,0.100,1.1692,0,none
89.570,1790,-0.33975,-2.88753,0.50695,0,10,0,FALLBACK,0.1953,0.100,1.1695,0,none
89.620,1791,-0.32275,-2.48826,0.45606,0,10,0,FALLBACK,0.0288,0.100,1.1704,0,none
89.672,1792,-0.32815,-2.33786,0.48759,0,10,0,FALLBACK,0.1677,0.100,1.1714,0,none
89.722,1793,-0.33406,-1.60878,0.70598,0,10,0,FALLBACK,0.1999,0.100,1.1721,0,none
89.772,1794,-0.33144,-2.46897,0.63838,0,10,0,FALLBACK,0.1441,0.100,1.1727,0,none
89.824,1795,-0.30742,-2.93125,0.39951,0,10,0,FALLBACK,-0.0830,0.100,1.1736,0,none
89.872,1796,-0.31604,-2.91363,0.62204,0,10,0,FALLBACK,0.1233,0.100,1.1740,0,none
89.922,1797,-0.32985,-2.26355,0.78567,0,10,0,FALLBACK,0.2183,0.100,1.1745,0,none
89.972,1798,-0.33523,-3.07415,0.38741,0,10,0,FALLBACK,0.2031,0.100,1.1748,0,none
90.024,1799,-0.31163,-3.14595,0.30296,0,10,0,FALLBACK,-0.0598,0.100,1.1754,0,none
90.072,1800,-0.32055,-3.00612,0.47558,0,10,0,FALLBACK,0.1473,0.100,1.1760,0,none
90.122,1801,-0.33488,-2.85110,0.49173,0,10,0,FALLBACK,0.2460,0.100,1.1765,0,none
90.171,1802,-0.34165,-3.20809,0.50521,0,10,0,FALLBACK,0.2421,0.100,1.1766,0,none
90.223,1803,-0.33670,-3.47756,0.43160,0,10,0,FALLBACK,0.1588,0.100,1.1768,0,none
90.279,1804,-0.31981,-3.88522,0.50505,0,10,0,FALLBACK,0.0146,0.100,1.1777,0,none
90.311,1805,-0.31534,-3.13479,0.41371,0,10,0,FALLBACK,0.0543,0.100,1.1787,0,none
90.360,1806,-0.31179,-4.04705,0.52517,0,10,0,FALLBACK,0.0412,0.100,1.1796,0,none
90.412,1807,-0.30632,-3.82833,0.57987,0,10,0,FALLBACK,0.0043,0.100,1.1805,0,none
90.461,1808,-0.29461,-3.62697,0.61187,0,10,0,FALLBACK,-0.0855,0.100,1.1814,0,none
90.512,1809,-0.30257,-3.03502,0.57891,0,10,0,FALLBACK,0.0526,0.100,1.1822,0,none
90.562,1810,-0.31289,-3.45395,0.47462,0,10,0,FALLBACK,0.1161,0.100,1.1829,0,none
90.612,1811,-0.31804,-3.42428,0.43387,0,10,0,FALLBACK,0.1160,0.100,1.1835,0,none
90.664,1812,-0.31318,-3.42507,0.70770,0,10,0,FALLBACK,0.0416,0.100,1.1842,0,none
90.714,1813,-0.31543,-3.44262,0.56758,0,10,0,FALLBACK,0.0884,0.100,1.1850,0,none
90.763,1814,-0.31679,-2.94138,0.57425,0,10,0,FALLBACK,0.0908,0.100,1.1859,0,none
90.812,1815,-0.31419,-3.33683,0.47926,0,10,0,FALLBACK,0.0580,0.100,1.1866,0,none
90.864,1816,-0.30284,-2.99096,0.69089,0,10,0,FALLBACK,-0.0426,0.100,1.1875,0,none
90.912,1817,-0.30176,-3.41947,0.53268,0,10,0,FALLBACK,0.0034,0.100,1.1882,0,none
90.962,1818,-0.30347,-3.47949,0.48143,0,10,0,FALLBACK,0.0259,0.100,1.1890,0,none
91.013,1819,-0.30442,-3.61575,0.61391,0,10,0,FALLBACK,0.0269,0.100,1.1898,0,none
91.062,1820,-0.30410,-3.17408,0.56207,0,10,0,FALLBACK,0.0189,0.100,1.1906,0,none
91.114,1821,-0.30227,-3.64549,0.53413,0,10,0,FALLBACK,0.0022,0.100,1.1914,0,none
91.164,1822,-0.29998,-3.94637,0.49290,0,10,0,FALLBACK,-0.0116,0.100,1.1922,0,none
91.212,1823,-0.29790,-3.80237,0.64332,0,10,0,FALLBACK,-0.0209,0.100,1.1930,0,none
91.262,1824,-0.29656,-3.77880,0.59116,0,10,0,FALLBACK,-0.0239,0.100,1.1937,0,none
91.313,1825,-0.29497,-3.87826,0.52570,0,10,0,FALLBACK,-0.0331,0.100,1.1945,0,none
91.363,1826,-0.29985,-3.47955,0.62918,0,10,0,FALLBACK,0.0236,0.100,1.1952,0,none
91.413,1827,-0.30575,-3.73324,0.50264,0,10,0,FALLBACK,0.0583,0.100,1.1960,0,none
91.464,1828,-0.30964,-3.75007,0.65628,0,10,0,FALLBACK,0.0676,0.100,1.1966,0,none
91.513,1829,-0.31003,-3.94156,0.56858,0,10,0,FALLBACK,0.0521,0.100,1.1973,0,none
91.564,1830,-0.30928,-3.93675,0.60802,0,10,0,FALLBACK,0.0426,0.100,1.1980,0,none
91.614,1831,-0.30672,-3.51498,0.43847,0,10,0,FALLBACK,0.0208,0.100,1.1987,0,none
91.665,1832,-0.30282,-3.72254,0.47406,0,10,0,FALLBACK,-0.0054,0.100,1.1994,0,none
91.714,1833,-0.29858,-3.43432,0.63392,0,10,0,FALLBACK,-0.0283,0.100,1.2002,0,none
91.765,1834,-0.29511,-3.20264,0.43238,0,10,0,FALLBACK,-0.0418,0.100,1.2008,0,none
91.814,1835,-0.29318,-3.45546,0.43820,0,10,0,FALLBACK,-0.0437,0.100,1.2015,0,none
91.865,1836,-0.29317,-3.62293,0.53070,0,10,0,FALLBACK,-0.0342,0.100,1.2022,0,none
91.915,1837,-0.29509,-3.12996,0.62416,0,10,0,FALLBACK,-0.0150,0.100,1.2029,0,none
91.966,1838,-0.29752,-3.44454,0.44250,0,10,0,FALLBACK,-0.0002,0.100,1.2035,0,none
92.015,1839,-0.30015,-3.68444,0.47525,0,10,0,FALLBACK,0.0139,0.100,1.2042,0,none
92.065,1840,-0.30249,-3.53795,0.53598,0,10,0,FALLBACK,0.0242,0.100,1.2048,0,none
92.116,1841,-0.29693,-3.40090,0.69517,0,10,0,FALLBACK,-0.0431,0.100,1.2055,0,none
92.167,1842,-0.30520,-3.95207,0.54772,0,10,0,FALLBACK,0.0673,0.100,1.2061,0,none
92.216,1843,-0.31513,-3.66411,0.52869,0,10,0,FALLBACK,0.1253,0.100,1.2066,0,none
92.267,1844,-0.32048,-3.45311,0.55097,0,10,0,FALLBACK,0.1291,0.100,1.2069,0,none
92.316,1845,-0.31967,-3.85504,0.56277,0,10,0,FALLBACK,0.0943,0.100,1.2074,0,none
92.366,1846,-0.31348,-3.72610,0.48720,0,10,0,FALLBACK,0.0365,0.100,1.2080,0,none
92.417,1847,-0.30780,-3.64380,0.48502,0,10,0,FALLBACK,0.0106,0.100,1.2086,0,none
92.466,1848,-0.30155,-3.84150,0.65359,0,10,0,FALLBACK,-0.0235,0.100,1.2093,0,none
92.515,1849,-0.29546,-3.37635,0.46811,0,10,0,FALLBACK,-0.0532,0.100,1.2099,0,none
92.567,1850,-0.29138,-3.57839,0.49436,0,10,0,FALLBACK,-0.0635,0.100,1.2104,0,none
92.617,1851,-0.29117,-3.47752,0.39801,0,10,0,FALLBACK,-0.0452,0.100,1.2110,0,none
92.666,1852,-0.29349,-3.52729,0.40934,0,10,0,FALLBACK,-0.0210,0.100,1.2116,0,none
92.718,1853,-0.29724,-3.52250,0.51663,0,10,0,FALLBACK,0.0050,0.100,1.2122,0,none
92.770,1854,-0.30059,-3.58050,0.57783,0,10,0,FALLBACK,0.0197,0.100,1.2127,0,none
92.818,1855,-0.30578,-2.67043,0.51544,0,10,0,FALLBACK,0.0549,0.100,1.2133,0,none
92.867,1856,-0.30965,-2.98943,0.48929,0,10,0,FALLBACK,0.0675,0.100,1.2138,0,none
92.917,1857,-0.31069,-3.38619,0.51751,0,10,0,FALLBACK,0.0587,0.100,1.2143,0,none
92.969,1858,-0.30924,-3.29837,0.54103,0,10,0,FALLBACK,0.0389,0.100,1.2148,0,none
93.018,1859,-0.30440,-3.61380,0.57701,0,10,0,FALLBACK,-0.0022,0.100,1.2154,0,none
93.070,1860,-0.29852,-3.56646,0.49339,0,10,0,FALLBACK,-0.0367,0.100,1.2159,0,none
93.120,1861,-0.29358,-3.67225,0.61520,0,10,0,FALLBACK,-0.0568,0.100,1.2164,0,none
93.170,1862,-0.28796,-3.56914,0.61417,0,10,0,FALLBACK,-0.0883,0.100,1.2169,0,none
93.219,1863,-0.29277,-3.24460,0.50550,0,10,0,FALLBACK,-0.0121,0.100,1.2174,0,none
93.270,1864,-0.30107,-3.93412,0.59492,0,10,0,FALLBACK,0.0468,0.100,1.2179,0,none
93.319,1865,-0.30837,-3.65531,0.62871,0,10,0,FALLBACK,0.0784,0.100,1.2183,0,none
93.368,1866,-0.31309,-3.82109,0.72467,0,10,0,FALLBACK,0.0890,0.100,1.2187,0,none
93.420,1867,-0.31276,-3.81137,0.56359,0,10,0,FALLBACK,0.0621,0.100,1.2192,0,none
93.470,1868,-0.30883,-3.37477,0.58861,0,10,0,FALLBACK,0.0245,0.100,1.2196,0,none
93.518,1869,-0.30299,-3.43099,0.56640,0,10,0,FALLBACK,-0.0143,0.100,1.2201,0,none
93.570,1870,-0.29116,-3.10359,0.50159,0,10,0,FALLBACK,-0.1033,0.100,1.2206,0,none
93.619,1871,-0.29419,-3.41905,0.49479,0,10,0,FALLBACK,-0.0139,0.100,1.2210,0,none
93.669,1872,-0.30206,-2.57904,0.69961,0,10,0,FALLBACK,0.0496,0.100,1.2214,0,none
93.720,1873,-0.30889,-3.23489,0.67579,0,10,0,FALLBACK,0.0786,0.100,1.2218,0,none
93.770,1874,-0.30017,-3.00072,0.61031,0,10,0,FALLBACK,-0.0427,0.100,1.2222,0,none
93.820,1875,-0.31433,-2.53303,0.45716,0,10,0,FALLBACK,0.1424,0.100,1.2224,0,none
93.870,1876,-0.33021,-3.11485,0.42730,0,10,0,FALLBACK,0.2304,0.100,1.2224,0,none
93.920,1877,-0.33702,-2.86460,0.71610,0,10,0,FALLBACK,0.2191,0.100,1.2222,0,none
93.971,1878,-0.32403,-2.75986,0.55979,0,10,0,FALLBACK,0.0553,0.100,1.2222,0,none
94.021,1879,-0.32051,-2.99172,0.53288,0,10,0,FALLBACK,0.0849,0.100,1.2225,0,none
94.072,1880,-0.31683,-3.29722,0.58316,0,10,0,FALLBACK,0.0658,0.100,1.2232,0,none
94.124,1881,-0.30972,-3.52945,0.47037,0,10,0,FALLBACK,0.0131,0.100,1.2236,0,none
94.172,1882,-0.30043,-3.52974,0.51841,0,10,0,FALLBACK,-0.0443,0.100,1.2241,0,none
94.222,1883,-0.29152,-3.64705,0.62260,0,10,0,FALLBACK,-0.0870,0.100,1.2245,0,none
94.272,1884,-0.28753,-3.86521,0.58663,0,10,0,FALLBACK,-0.0823,0.100,1.2249,0,none
94.322,1885,-0.28772,-3.93190,0.56614,0,10,0,FALLBACK,-0.0605,0.100,1.2253,0,none
94.372,1886,-0.29111,-3.30699,0.50534,0,10,0,FALLBACK,-0.0274,0.100,1.2257,0,none
94.422,1887,-0.29771,-3.76903,0.46187,0,10,0,FALLBACK,0.0215,0.100,1.2261,0,none
94.472,1888,-0.29685,-3.62426,0.50463,0,10,0,FALLBACK,-0.0200,0.100,1.2265,0,none
94.523,1889,-0.29453,-3.72955,0.57922,0,10,0,FALLBACK,-0.0389,0.100,1.2269,0,none
94.573,1890,-0.29342,-3.69141,0.62365,0,10,0,FALLBACK,-0.0385,0.100,1.2273,0,none
94.623,1891,-0.29691,-3.45106,0.42845,0,10,0,FALLBACK,0.0021,0.100,1.2277,0,none
94.673,1892,-0.28880,-3.66277,0.46340,0,10,0,FALLBACK,-0.0965,0.100,1.2282,0,none
94.722,1893,-0.28042,-3.77475,0.50687,0,10,0,FALLBACK,-0.1398,0.100,1.2285,0,none
94.772,1894,-0.27699,-3.71410,0.47702,0,10,0,FALLBACK,-0.1322,0.100,1.2286,0,none
94.821,1895,-0.28193,-3.52855,0.50128,0,10,0,FALLBACK,-0.0656,0.100,1.2289,0,none
94.873,1896,-0.28477,-3.53864,0.42158,0,10,0,FALLBACK,-0.0619,0.100,1.2293,0,none
94.922,1897,-0.28972,-3.65507,0.45576,0,10,0,FALLBACK,-0.0267,0.100,1.2297,0,none
94.973,1898,-0.29685,-3.76495,0.63708,0,10,0,FALLBACK,0.0200,0.100,1.2301,0,none
95.023,1899,-0.30983,-3.53664,0.60460,0,10,0,FALLBACK,0.1140,0.100,1.2305,0,none
95.073,1900,-0.30256,-3.61486,0.67206,0,10,0,FALLBACK,-0.0236,0.100,1.2307,0,none
95.124,1901,-0.28978,-3.51413,0.63449,0,10,0,FALLBACK,-0.1150,0.100,1.2308,0,none
95.174,1902,-0.27914,-3.62630,0.50667,0,10,0,FALLBACK,-0.1575,0.100,1.2310,0,none
95.224,1903,-0.28183,-3.19495,0.56848,0,10,0,FALLBACK,-0.0774,0.100,1.2311,0,none
95.273,1904,-0.26784,-3.68335,0.58924,0,10,0,FALLBACK,-0.2308,0.100,1.2314,0,none
95.324,1905,-0.25678,-3.74679,0.55186,0,10,0,FALLBACK,-0.2714,0.100,1.2314,0,none
95.374,1906,-0.25686,-3.59922,0.53056,0,10,0,FALLBACK,-0.2153,0.100,1.2309,0,none
95.425,1907,-0.27873,-3.66498,0.59076,0,10,0,FALLBACK,0.0030,0.100,1.2309,0,none
95.473,1908,-0.27859,-3.53227,0.67474,0,10,0,FALLBACK,-0.1078,0.100,1.2313,0,none
95.524,1909,-0.27593,-3.54833,0.54698,0,10,0,FALLBACK,-0.1337,0.100,1.2314,0,none
95.574,1910,-0.27821,-3.65168,0.64400,0,10,0,FALLBACK,-0.0975,0.100,1.2315,0,none
95.624,1911,-0.29795,-3.41622,0.45436,0,10,0,FALLBACK,0.0884,0.100,1.2318,0,none
95.674,1912,-0.28734,-3.39014,0.59165,0,10,0,FALLBACK,-0.1163,0.100,1.2320,0,none
95.724,1913,-0.27135,-3.53208,0.55151,0,10,0,FALLBACK,-0.2232,0.100,1.2318,0,none
95.773,1914,-0.26206,-3.65711,0.47666,0,10,0,FALLBACK,-0.2361,0.100,1.2315,0,none
95.824,1915,-0.27641,-3.49250,0.33170,0,10,0,FALLBACK,-0.0462,0.100,1.2313,0,none
95.874,1916,-0.26522,-2.83609,0.44275,0,10,0,FALLBACK,-0.2298,0.100,1.2314,0,none
95.924,1917,-0.25441,-3.30482,0.48843,0,10,0,FALLBACK,-0.2820,0.100,1.2314,0,none
95.972,1918,-0.25475,-3.41284,0.61899,0,10,0,FALLBACK,-0.2246,0.100,1.2308,0,none
96.024,1919,-0.27832,-3.51904,0.49435,0,10,0,FALLBACK,0.0094,0.100,1.2308,0,none
96.076,1920,-0.28214,-3.40068,0.49058,0,10,0,FALLBACK,-0.0702,0.100,1.2310,0,none
96.122,1921,-0.28290,-3.52935,0.49226,0,10,0,FALLBACK,-0.0817,0.100,1.2312,0,none
96.174,1922,-0.28656,-3.78315,0.51982,0,10,0,FALLBACK,-0.0490,0.100,1.2315,0,none
96.225,1923,-0.30199,-3.58544,0.61621,0,10,0,FALLBACK,0.0871,0.100,1.2318,0,none
96.276,1924,-0.29808,-3.83405,0.54112,0,10,0,FALLBACK,-0.0291,0.100,1.2321,0,none
96.325,1925,-0.28932,-3.88839,0.57720,0,10,0,FALLBACK,-0.0972,0.100,1.2322,0,none
96.375,1926,-0.28253,-3.85727,0.57008,0,10,0,FALLBACK,-0.1214,0.100,1.2324,0,none
96.424,1927,-0.28508,-3.98223,0.53566,0,10,0,FALLBACK,-0.0619,0.100,1.2326,0,none
96.476,1928,-0.28267,-3.68946,0.65173,0,10,0,FALLBACK,-0.0987,0.100,1.2329,0,none
96.526,1929,-0.28243,-3.70465,0.65494,0,10,0,FALLBACK,-0.0890,0.100,1.2333,0,none
96.578,1930,-0.28637,-3.97343,0.59158,0,10,0,FALLBACK,-0.0485,0.100,1.2336,0,none
96.625,1931,-0.29767,-3.99805,0.57140,0,10,0,FALLBACK,0.0448,0.100,1.2339,0,none
96.676,1932,-0.30167,-3.55735,0.44496,0,10,0,FALLBACK,0.0283,0.100,1.2342,0,none
96.726,1933,-0.30286,-3.54737,0.52375,0,10,0,FALLBACK,0.0203,0.100,1.2345,0,none
96.775,1934,-0.30272,-3.81869,0.65961,0,10,0,FALLBACK,0.0129,0.100,1.2348,0,none
96.826,1935,-0.30479,-3.80485,0.49742,0,10,0,FALLBACK,0.0343,0.100,1.2351,0,none
96.875,1936,-0.29966,-3.19526,0.42227,0,10,0,FALLBACK,-0.0274,0.100,1.2355,0,none
96.909,1937,-0.29306,-3.64578,0.58930,0,10,0,FALLBACK,-0.0677,0.100,1.2358,0,none
96.958,1938,-0.28871,-3.45942,0.44172,0,10,0,FALLBACK,-0.0782,0.100,1.2360,0,none
97.012,1939,-0.28456,-3.36531,0.43555,0,10,0,FALLBACK,-0.0980,0.100,1.2363,0,none
97.060,1940,-0.29225,-3.16509,0.40666,0,10,0,FALLBACK,-0.0003,0.100,1.2366,0,none
97.110,1941,-0.30275,-2.68729,0.29284,0,10,0,FALLBACK,0.0662,0.100,1.2368,0,none
97.161,1942,-0.31077,-3.20169,0.44765,0,10,0,FALLBACK,0.0940,0.100,1.2370,0,none
97.209,1943,-0.31221,-3.06313,0.55155,0,10,0,FALLBACK,0.0682,0.100,1.2372,0,none
97.262,1944,-0.31489,-3.27289,0.41192,0,10,0,FALLBACK,0.0878,0.100,1.2375,0,none
97.312,1945,-0.31477,-3.61006,0.58169,0,10,0,FALLBACK,0.0733,0.100,1.2378,0,none
97.362,1946,-0.31092,-3.66069,0.56941,0,10,0,FALLBACK,0.0354,0.100,1.2380,0,none
97.413,1947,-0.30118,-3.77335,0.58990,0,10,0,FALLBACK,-0.0428,0.100,1.2384,0,none
97.462,1948,-0.29937,-3.85792,0.53576,0,10,0,FALLBACK,-0.0122,0.100,1.2386,0,none
97.514,1949,-0.29992,-3.89304,0.49017,0,10,0,FALLBACK,0.0024,0.100,1.2389,0,none
97.562,1950,-0.30035,-3.89557,0.54675,0,10,0,FALLBACK,0.0039,0.100,1.2392,0,none
97.612,1951,-0.30295,-4.26045,0.67963,0,10,0,FALLBACK,0.0278,0.100,1.2395,0,none
97.662,1952,-0.29960,-3.80344,0.51876,0,10,0,FALLBACK,-0.0188,0.100,1.2398,0,none
97.712,1953,-0.29552,-3.47479,0.51529,0,10,0,FALLBACK,-0.0429,0.100,1.2401,0,none
97.764,1954,-0.29322,-3.71749,0.58579,0,10,0,FALLBACK,-0.0454,0.100,1.2403,0,none
97.810,1955,-0.29743,-3.45385,0.41333,0,10,0,FALLBACK,0.0082,0.100,1.2406,0,none
97.862,1956,-0.29327,-3.04788,0.50779,0,10,0,FALLBACK,-0.0545,0.100,1.2409,0,none
97.913,1957,-0.28919,-3.46565,0.49649,0,10,0,FALLBACK,-0.0744,0.100,1.2411,0,none
97.963,1958,-0.28856,-3.54310,0.38522,0,10,0,FALLBACK,-0.0603,0.100,1.2413,0,none
98.013,1959,-0.29807,-3.74480,0.63414,0,10,0,FALLBACK,0.0379,0.100,1.2416,0,none
98.063,1960,-0.29538,-3.32261,0.42459,0,10,0,FALLBACK,-0.0365,0.100,1.2417,0,none
98.112,1961,-0.29042,-3.67611,0.53187,0,10,0,FALLBACK,-0.0727,0.100,1.2419,0,none
98.163,1962,-0.28806,-3.54785,0.42599,0,10,0,FALLBACK,-0.0715,0.100,1.2421,0,none
98.212,1963,-0.28906,-3.50748,0.44451,0,10,0,FALLBACK,-0.0497,0.100,1.2424,0,none
98.261,1964,-0.29366,-3.76667,0.51458,0,10,0,FALLBACK,-0.0087,0.100,1.2426,0,none
98.311,1965,-0.29974,-3.23456,0.45581,0,10,0,FALLBACK,0.0291,0.100,1.2429,0,none
98.363,1966,-0.30537,-3.38614,0.62225,0,10,0,FALLBACK,0.0550,0.100,1.2431,0,none
98.413,1967,-0.30952,-3.74108,0.47845,0,10,0,FALLBACK,0.0683,0.100,1.2433,0,none
98.463,1968,-0.30991,-3.65647,0.57850,0,10,0,FALLBACK,0.0515,0.100,1.2435,0,none
98.512,1969,-0.30735,-3.38437,0.63233,0,10,0,FALLBACK,0.0240,0.100,1.2437,0,none
98.562,1970,-0.30301,-4.30860,0.67669,0,10,0,FALLBACK,-0.0067,0.100,1.2440,0,none
98.614,1971,-0.29823,-3.97200,0.61693,0,10,0,FALLBACK,-0.0328,0.100,1.2443,0,none
98.664,1972,-0.29441,-3.76786,0.59339,0,10,0,FALLBACK,-0.0470,0.100,1.2445,0,none
98.713,1973,-0.28927,-3.77743,0.50785,0,10,0,FALLBACK,-0.0793,0.100,1.2447,0,none
98.766,1974,-0.28661,-3.35103,0.42153,0,10,0,FALLBACK,-0.0802,0.100,1.2449,0,none
98.813,1975,-0.28772,-3.44172,0.43008,0,10,0,FALLBACK,-0.0558,0.100,1.2451,0,none
98.864,1976,-0.29215,-3.20048,0.47834,0,10,0,FALLBACK,-0.0172,0.100,1.2453,0,none
98.916,1977,-0.29784,-2.91192,0.51216,0,10,0,FALLBACK,0.0177,0.100,1.2456,0,none
98.966,1978,-0.30351,-2.82306,0.50836,0,10,0,FALLBACK,0.0459,0.100,1.2458,0,none
99.013,1979,-0.30775,-3.13390,0.54005,0,10,0,FALLBACK,0.0600,0.100,1.2460,0,none
99.064,1980,-0.30912,-2.89166,0.36318,0,10,0,FALLBACK,0.0525,0.100,1.2461,0,none
99.114,1981,-0.31561,-3.09596,0.56468,0,10,0,FALLBACK,0.1105,0.100,1.2463,0,none
99.165,1982,-0.31947,-3.84418,0.49977,0,10,0,FALLBACK,0.1166,0.100,1.2464,0,none
99.214,1983,-0.31776,-3.35108,0.60365,0,10,0,FALLBACK,0.0803,0.100,1.2465,0,none
99.266,1984,-0.31122,-3.96990,0.52994,0,10,0,FALLBACK,0.0234,0.100,1.2467,0,none
99.314,1985,-0.30159,-3.82060,0.47110,0,10,0,FALLBACK,-0.0402,0.100,1.2469,0,none
99.365,1986,-0.29220,-3.83881,0.77532,0,10,0,FALLBACK,-0.0860,0.100,1.2471,0,none
99.415,1987,-0.28572,-3.48448,0.50373,0,10,0,FALLBACK,-0.1038,0.100,1.2473,0,none
99.466,1988,-0.28441,-3.43432,0.66328,0,10,0,FALLBACK,-0.0845,0.100,1.2474,0,none
99.514,1989,-0.27801,-3.92228,0.51850,0,10,0,FALLBACK,-0.1419,0.100,1.2476,0,none
99.566,1990,-0.27547,-3.76592,0.49204,0,10,0,FALLBACK,-0.1353,0.100,1.2476,0,none
99.615,1991,-0.27970,-3.77120,0.49842,0,10,0,FALLBACK,-0.0804,0.100,1.2477,0,none
99.666,1992,-0.29043,-3.61377,0.47772,0,10,0,FALLBACK,0.0058,0.100,1.2479,0,none
99.716,1993,-0.28671,-3.27893,0.35074,0,10,0,FALLBACK,-0.0851,0.100,1.2481,0,none
99.767,1994,-0.28233,-3.33231,0.40685,0,10,0,FALLBACK,-0.1102,0.100,1.2481,0,none
99.815,1995,-0.28288,-2.85662,0.46235,0,10,0,FALLBACK,-0.0829,0.100,1.2482,0,none
99.867,1996,-0.28964,-2.78609,0.44996,0,10,0,FALLBACK,-0.0180,0.100,1.2484,0,none
99.917,1997,-0.27714,-3.18116,0.48483,0,10,0,FALLBACK,-0.1768,0.100,1.2486,0,none
99.967,1998,-0.26596,-3.09804,0.44554,0,10,0,FALLBACK,-0.2261,0.100,1.2482,0,none
100.017,1999,-0.26490,-3.04081,0.42422,0,10,0,FALLBACK,-0.1808,0.100,1.2479,0,none
100.068,2000,-0.27524,-3.14638,0.57861,0,10,0,FALLBACK,-0.0721,0.100,1.2479,0,none
100.119,2001,-0.26165,-3.07992,0.46766,0,10,0,FALLBACK,-0.2597,0.100,1.2482,0,none
100.168,2002,-0.25130,-3.62186,0.67302,0,10,0,FALLBACK,-0.2952,0.100,1.2474,0,none
100.217,2003,-0.25504,-3.42031,0.41164,0,10,0,FALLBACK,-0.2062,0.100,1.2468,0,none
100.267,2004,-0.27202,-3.30034,0.51729,0,10,0,FALLBACK,-0.0550,0.100,1.2468,0,none
100.318,2005,-0.26225,-3.83904,0.43693,0,10,0,FALLBACK,-0.2376,0.100,1.2471,0,none
100.366,2006,-0.25427,-3.29392,0.53725,0,10,0,FALLBACK,-0.2686,0.100,1.2466,0,none
100.418,2007,-0.28784,-3.20374,0.42855,0,10,0,FALLBACK,0.1071,0.100,1.2461,0,none
100.468,2008,-0.27275,-3.31635,0.47695,0,10,0,FALLBACK,-0.2117,0.100,1.2447,0,none
100.518,2009,-0.25053,-3.14777,0.37286,0,10,0,FALLBACK,-0.3585,0.100,1.2435,0,none
100.569,2010,-0.24286,-3.35946,0.46808,0,10,0,FALLBACK,-0.3240,0.100,1.2422,0,none
100.618,2011,-0.28836,-3.53262,0.53401,0,10,0,FALLBACK,0.1693,0.100,1.2414,0,none
100.669,2012,-0.27283,-3.31267,0.40107,0,10,0,FALLBACK,-0.2135,0.100,1.2389,0,none
100.718,2013,-0.24566,-3.37251,0.56423,0,10,0,FALLBACK,-0.4075,0.100,1.2373,0,none
100.770,2014,-0.23446,-3.33131,0.50713,0,10,0,FALLBACK,-0.3837,0.100,1.2355,0,none
100.819,2015,-0.27183,-3.29000,0.55856,0,10,0,FALLBACK,0.0459,0.100,1.2346,0,none
100.869,2016,-0.26612,-2.95765,0.47258,0,10,0,FALLBACK,-0.1980,0.100,1.2333,0,none
100.919,2017,-0.25385,-2.92398,0.52309,0,10,0,FALLBACK,-0.2921,0.100,1.2331,0,none
100.970,2018,-0.25361,-3.17317,0.42299,0,10,0,FALLBACK,-0.2331,0.100,1.2325,0,none
101.019,2019,-0.26722,-3.29749,0.51784,0,10,0,FALLBACK,-0.0959,0.100,1.2325,0,none
101.071,2020,-0.28928,-3.38304,0.41310,0,10,0,FALLBACK,0.0567,0.100,1.2329,0,none
101.120,2021,-0.28374,-3.38125,0.36095,0,10,0,FALLBACK,-0.1090,0.100,1.2331,0,none
101.170,2022,-0.27491,-3.49342,0.44233,0,10,0,FALLBACK,-0.1696,0.100,1.2330,0,none
101.220,2023,-0.27329,-3.64527,0.51941,0,10,0,FALLBACK,-0.1417,0.100,1.2330,0,none
101.269,2024,-0.28095,-3.63824,0.55354,0,10,0,FALLBACK,-0.0569,0.100,1.2332,0,none
101.323,2025,-0.26585,-3.87612,0.47444,0,10,0,FALLBACK,-0.2462,0.100,1.2336,0,none
101.370,2026,-0.25364,-3.70544,0.63261,0,10,0,FALLBACK,-0.2929,0.100,1.2331,0,none
101.423,2027,-0.25489,-3.82382,0.54597,0,10,0,FALLBACK,-0.2193,0.100,1.2326,0,none
101.470,2028,-0.27104,-3.46375,0.46276,0,10,0,FALLBACK,-0.0640,0.100,1.2327,0,none
101.522,2029,-0.26111,-3.57898,0.43509,0,10,0,FALLBACK,-0.2441,0.100,1.2331,0,none
101.570,2030,-0.25312,-3.49059,0.41977,0,10,0,FALLBACK,-0.2744,0.100,1.2327,0,none
101.622,2031,-0.25811,-3.76767,0.43628,0,10,0,FALLBACK,-0.1845,0.100,1.2324,0,none
101.670,2032,-0.27801,-3.27239,0.53696,0,10,0,FALLBACK,-0.0104,0.100,1.2326,0,none
101.723,2033,-0.26180,-3.43095,0.53610,0,10,0,FALLBACK,-0.2721,0.100,1.2329,0,none
101.772,2034,-0.24578,-3.81229,0.60980,0,10,0,FALLBACK,-0.3512,0.100,1.2318,0,none
101.823,2035,-0.24568,-3.96703,0.55501,0,10,0,FALLBACK,-0.2722,0.100,1.2310,0,none
101.872,2036,-0.26587,-3.77532,0.65719,0,10,0,FALLBACK,-0.0697,0.100,1.2309,0,none
101.923,2037,-0.24702,-3.89773,0.60276,0,10,0,FALLBACK,-0.3591,0.100,1.2313,0,none
101.973,2038,-0.22862,-4.01034,0.61571,0,10,0,FALLBACK,-0.4489,0.100,1.2306,0,none
102.024,2039,-0.22870,-4.29302,0.71789,0,10,0,FALLBACK,-0.3561,0.100,1.2290,0,none
102.073,2040,-0.25456,-3.64123,0.58391,0,10,0,FALLBACK,-0.0979,0.100,1.2275,0,none
102.123,2041,-0.24398,-3.60463,0.52800,0,10,0,FALLBACK,-0.3330,0.100,1.2283,0,none
102.174,2042,-0.23407,-3.89733,0.61125,0,10,0,FALLBACK,-0.3792,0.100,1.2279,0,none
102.223,2043,-0.24006,-3.93991,0.60387,0,10,0,FALLBACK,-0.2697,0.100,1.2267,0,none
102.274,2044,-0.26937,-3.74920,0.59441,0,10,0,FALLBACK,-0.0066,0.100,1.2265,0,none
102.323,2045,-0.26241,-3.90404,0.59119,0,10,0,FALLBACK,-0.2228,0.100,1.2270,0,none
102.376,2046,-0.25263,-3.88028,0.69042,0,10,0,FALLBACK,-0.2858,0.100,1.2267,0,none
102.424,2047,-0.25389,-4.31232,0.59250,0,10,0,FALLBACK,-0.2243,0.100,1.2261,0,none
102.474,2048,-0.27620,-3.81409,0.52877,0,10,0,FALLBACK,-0.0075,0.100,1.2261,0,none
102.525,2049,-0.25837,-3.63601,0.45851,0,10,0,FALLBACK,-0.2973,0.100,1.2264,0,none
102.574,2050,-0.23886,-3.84613,0.63587,0,10,0,FALLBACK,-0.4033,0.100,1.2258,0,none
102.623,2051,-0.23483,-4.02783,0.56501,0,10,0,FALLBACK,-0.3460,0.100,1.2242,0,none
102.675,2052,-0.25788,-3.61328,0.56808,0,10,0,FALLBACK,-0.0954,0.100,1.2235,0,none
102.724,2053,-0.25214,-3.49639,0.53161,0,10,0,FALLBACK,-0.2680,0.100,1.2239,0,none
102.773,2054,-0.24748,-3.64497,0.48143,0,10,0,FALLBACK,-0.2859,0.100,1.2240,0,none
102.826,2055,-0.25503,-3.54845,0.53494,0,10,0,FALLBACK,-0.1871,0.100,1.2236,0,none
102.875,2056,-0.28408,-3.43331,0.46528,0,10,0,FALLBACK,0.0656,0.100,1.2237,0,none
102.926,2057,-0.27861,-3.58483,0.50686,0,10,0,FALLBACK,-0.1342,0.100,1.2241,0,none
102.976,2058,-0.26752,-3.61795,0.40496,0,10,0,FALLBACK,-0.2179,0.100,1.2238,0,none
103.026,2059,-0.26353,-3.56367,0.67915,0,10,0,FALLBACK,-0.2023,0.100,1.2237,0,none
103.074,2060,-0.28162,-3.31355,0.46430,0,10,0,FALLBACK,-0.0015,0.100,1.2237,0,none
103.126,2061,-0.26202,-3.51660,0.59393,0,10,0,FALLBACK,-0.2879,0.100,1.2240,0,none
103.174,2062,-0.24086,-3.91882,0.62355,0,10,0,FALLBACK,-0.4015,0.100,1.2234,0,none
103.224,2063,-0.23476,-4.36813,0.63103,0,10,0,FALLBACK,-0.3567,0.100,1.2219,0,none
103.276,2064,-0.26126,-3.86313,0.56928,0,10,0,FALLBACK,-0.0612,0.100,1.2212,0,none
103.327,2065,-0.25303,-3.76092,0.39763,0,10,0,FALLBACK,-0.2759,0.100,1.2215,0,none
103.377,2066,-0.24402,-3.85570,0.50368,0,10,0,FALLBACK,-0.3249,0.100,1.2213,0,none
103.427,2067,-0.24798,-4.21136,0.68120,0,10,0,FALLBACK,-0.2403,0.100,1.2206,0,none
103.477,2068,-0.28442,-3.77247,0.51496,0,10,0,FALLBACK,0.1042,0.100,1.2206,0,none
103.526,2069,-0.27078,-3.49390,0.51854,0,10,0,FALLBACK,-0.2143,0.100,1.2206,0,none
103.575,2070,-0.24897,-3.91816,0.57237,0,10,0,FALLBACK,-0.3642,0.100,1.2196,0,none
103.627,2071,-0.23908,-4.16033,0.61130,0,10,0,FALLBACK,-0.3541,0.100,1.2183,0,none
103.677,2072,-0.26891,-4.36774,0.63656,0,10,0,FALLBACK,-0.0063,0.100,1.2175,0,none
103.709,2073,-0.24787,-3.96891,0.59352,0,10,0,FALLBACK,-0.3659,0.100,1.2175,0,none
103.761,2074,-0.22921,-3.96289,0.59714,0,10,0,FALLBACK,-0.4473,0.100,1.2154,0,none
103.808,2075,-0.23171,-3.82932,0.52195,0,10,0,FALLBACK,-0.3289,0.100,1.2140,0,none
103.860,2076,-0.27583,-3.30561,0.40930,0,10,0,FALLBACK,0.0997,0.100,1.2143,0,none
103.910,2077,-0.25769,-3.35273,0.39399,0,10,0,FALLBACK,-0.3023,0.100,1.2135,0,none
103.962,2078,-0.23576,-3.64929,0.58925,0,10,0,FALLBACK,-0.4308,0.100,1.2113,0,none
104.011,2079,-0.23503,-3.68268,0.66414,0,10,0,FALLBACK,-0.3285,0.100,1.2095,0,none
104.059,2080,-0.26688,-3.50135,0.61392,0,10,0,FALLBACK,-0.0063,0.100,1.2098,0,none
104.110,2081,-0.26840,-3.79723,0.64506,0,10,0,FALLBACK,-0.1504,0.100,1.2101,0,none
104.162,2082,-0.26733,-3.70975,0.57274,0,10,0,FALLBACK,-0.1687,0.100,1.2102,0,none
104.211,2083,-0.27467,-3.18500,0.40330,0,10,0,FALLBACK,-0.0899,0.100,1.2106,0,none
104.261,2084,-0.27443,-2.82023,0.57148,0,10,0,FALLBACK,-0.1291,0.100,1.2112,0,none
104.310,2085,-0.30819,-3.31434,0.39539,0,10,0,FALLBACK,0.2098,0.100,1.2117,0,none
104.361,2086,-0.34153,-3.25650,0.70728,0,10,0,FALLBACK,0.3744,0.100,1.2105,0,none
104.410,2087,-0.35795,-3.46178,0.53704,0,10,0,FALLBACK,0.3718,0.100,1.2089,0,none
104.461,2088,-0.34201,-3.37666,0.51336,0,10,0,FALLBACK,0.1303,0.100,1.2085,0,none
104.511,2089,-0.34459,-3.24118,0.50471,0,10,0,FALLBACK,0.2359,0.100,1.2092,0,none
104.561,2090,-0.34409,-2.80661,0.53155,0,10,0,FALLBACK,0.2179,0.100,1.2095,0,none
104.610,2091,-0.33287,-3.54379,0.61069,0,10,0,FALLBACK,0.1082,0.100,1.2098,0,none
104.660,2092,-0.31477,-3.52352,0.41338,0,10,0,FALLBACK,-0.0167,0.100,1.2105,0,none
104.712,2093,-0.29361,-3.57187,0.65850,0,10,0,FALLBACK,-0.1378,0.100,1.2111,0,none
104.762,2094,-0.30258,-3.33581,0.57289,0,10,0,FALLBACK,0.0578,0.100,1.2113,0,none
104.809,2095,-0.31564,-3.07209,0.53517,0,10,0,FALLBACK,0.1435,0.100,1.2115,0,none
104.861,2096,-0.32190,-3.26525,0.45543,0,10,0,FALLBACK,0.1408,0.100,1.2116,0,none
104.911,2097,-0.31670,-3.51690,0.48813,0,10,0,FALLBACK,0.0575,0.100,1.2120,0,none
104.962,2098,-0.32755,-3.36971,0.62172,0,10,0,FALLBACK,0.1920,0.100,1.2126,0,none
105.010,2099,-0.33497,-3.41582,0.46000,0,10,0,FALLBACK,0.2120,0.100,1.2126,0,none
105.062,2100,-0.33216,-3.56850,0.54255,0,10,0,FALLBACK,0.1467,0.100,1.2128,0,none
105.111,2101,-0.31583,-3.48076,0.48395,0,10,0,FALLBACK,-0.0025,0.100,1.2133,0,none
105.164,2102,-0.31629,-3.61898,0.58335,0,10,0,FALLBACK,0.0838,0.100,1.2139,0,none
105.213,2103,-0.31769,-3.73377,0.58155,0,10,0,FALLBACK,0.0955,0.100,1.2143,0,none
105.264,2104,-0.31426,-4.02890,0.65198,0,10,0,FALLBACK,0.0542,0.100,1.2147,0,none
105.313,2105,-0.30262,-3.68988,0.48904,0,10,0,FALLBACK,-0.0451,0.100,1.2153,0,none
105.364,2106,-0.30356,-3.49316,0.40136,0,10,0,FALLBACK,0.0225,0.100,1.2157,0,none
105.412,2107,-0.30713,-3.69247,0.73269,0,10,0,FALLBACK,0.0534,0.100,1.2163,0,none
105.464,2108,-0.30879,-3.27553,0.34553,0,10,0,FALLBACK,0.0523,0.100,1.2167,0,none
105.514,2109,-0.30397,-3.66876,0.57598,0,10,0,FALLBACK,-0.0042,0.100,1.2172,0,none
105.564,2110,-0.30681,-3.71702,0.55401,0,10,0,FALLBACK,0.0482,0.100,1.2177,0,none
105.616,2111,-0.31013,-3.86403,0.50277,0,10,0,FALLBACK,0.0673,0.100,1.2182,0,none
105.666,2112,-0.31074,-3.75587,0.55057,0,10,0,FALLBACK,0.0567,0.100,1.2187,0,none
105.715,2113,-0.30743,-4.16954,0.68931,0,10,0,FALLBACK,0.0206,0.100,1.2191,0,none
105.764,2114,-0.30419,-3.90524,0.55434,0,10,0,FALLBACK,0.0048,0.100,1.2196,0,none
105.813,2115,-0.30069,-3.40579,0.41433,0,10,0,FALLBACK,-0.0140,0.100,1.2202,0,none
105.866,2116,-0.29739,-4.13229,0.57655,0,10,0,FALLBACK,-0.0295,0.100,1.2206,0,none
105.913,2117,-0.29147,-3.78979,0.52121,0,10,0,FALLBACK,-0.0722,0.100,1.2211,0,none
105.964,2118,-0.29498,-3.51548,0.50780,0,10,0,FALLBACK,-0.0075,0.100,1.2216,0,none
106.014,2119,-0.30155,-3.45904,0.46911,0,10,0,FALLBACK,0.0406,0.100,1.2220,0,none
106.065,2120,-0.30725,-3.73140,0.49028,0,10,0,FALLBACK,0.0648,0.100,1.2224,0,none
106.115,2121,-0.30482,-3.76394,0.62665,0,10,0,FALLBACK,0.0120,0.100,1.2228,0,none
106.165,2122,-0.31099,-3.61831,0.60031,0,10,0,FALLBACK,0.0858,0.100,1.2232,0,none
106.216,2123,-0.31669,-3.45951,0.67991,0,10,0,FALLBACK,0.1120,0.100,1.2236,0,none
106.265,2124,-0.31776,-3.90982,0.56904,0,10,0,FALLBACK,0.0941,0.100,1.2239,0,none
106.313,2125,-0.31381,-4.14252,0.51044,0,10,0,FALLBACK,0.0493,0.100,1.2243,0,none
106.364,2126,-0.30654,-4.22462,0.69003,0,10,0,FALLBACK,-0.0037,0.100,1.2248,0,none
106.415,2127,-0.29805,-3.96881,0.62376,0,10,0,FALLBACK,-0.0521,0.100,1.2252,0,none
106.466,2128,-0.29083,-3.82584,0.50770,0,10,0,FALLBACK,-0.0820,0.100,1.2256,0,none
106.514,2129,-0.28669,-4.49121,0.62626,0,10,0,FALLBACK,-0.0872,0.100,1.2260,0,none
106.564,2130,-0.28658,-4.25553,0.72638,0,10,0,FALLBACK,-0.0677,0.100,1.2264,0,none
106.613,2131,-0.28866,-3.89025,0.66742,0,10,0,FALLBACK,-0.0463,0.100,1.2268,0,none
106.663,2132,-0.29312,-3.69190,0.59926,0,10,0,FALLBACK,-0.0121,0.100,1.2272,0,none
106.715,2133,-0.29892,-3.95779,0.71632,0,10,0,FALLBACK,0.0236,0.100,1.2276,0,none
106.765,2134,-0.30405,-3.88949,0.65922,0,10,0,FALLBACK,0.0459,0.100,1.2280,0,none
106.817,2135,-0.31010,-3.63547,0.57482,0,10,0,FALLBACK,0.0807,0.100,1.2284,0,none
106.866,2136,-0.31363,-3.68261,0.51135,0,10,0,FALLBACK,0.0858,0.100,1.2287,0,none
106.917,2137,-0.31328,-3.81818,0.63916,0,10,0,FALLBACK,0.0646,0.100,1.2291,0,none
106.965,2138,-0.31037,-3.58127,0.61135,0,10,0,FALLBACK,0.0373,0.100,1.2294,0,none
107.017,2139,-0.30068,-3.78467,0.65437,0,10,0,FALLBACK,-0.0450,0.100,1.2298,0,none
107.065,2140,-0.29049,-3.54830,0.67623,0,10,0,FALLBACK,-0.0985,0.100,1.2302,0,none
107.115,2141,-0.28371,-3.65199,0.47339,0,10,0,FALLBACK,-0.1154,0.100,1.2305,0,none
107.166,2142,-0.28203,-3.86144,0.59823,0,10,0,FALLBACK,-0.0983,0.100,1.2307,0,none
107.215,2143,-0.28514,-4.13568,0.57887,0,10,0,FALLBACK,-0.0587,0.100,1.2311,0,none
107.267,2144,-0.29205,-3.79943,0.63121,0,10,0,FALLBACK,-0.0053,0.100,1.2314,0,none
107.315,2145,-0.30058,-3.93078,0.62379,0,10,0,FALLBACK,0.0456,0.100,1.2318,0,none
107.365,2146,-0.30810,-3.54792,0.58905,0,10,0,FALLBACK,0.0781,0.100,1.2321,0,none
107.414,2147,-0.31282,-3.83947,0.62829,0,10,0,FALLBACK,0.0877,0.100,1.2324,0,none
107.466,2148,-0.31373,-3.96035,0.54526,0,10,0,FALLBACK,0.0732,0.100,1.2327,0,none
107.519,2149,-0.31091,-4.08684,0.50279,0,10,0,FALLBACK,0.0404,0.100,1.2330,0,none
107.567,2150,-0.30719,-4.04677,0.79089,0,10,0,FALLBACK,0.0174,0.100,1.2334,0,none
107.618,2151,-0.29675,-4.05455,0.46542,0,10,0,FALLBACK,-0.0684,0.100,1.2338,0,none
107.666,2152,-0.28663,-4.21798,0.48045,0,10,0,FALLBACK,-0.1175,0.100,1.2340,0,none
107.716,2153,-0.28089,-4.13898,0.69354,0,10,0,FALLBACK,-0.1242,0.100,1.2342,0,none
107.768,2154,-0.27962,-4.25436,0.61303,0,10,0,FALLBACK,-0.1082,0.100,1.2344,0,none
107.818,2155,-0.28745,-3.57287,0.68705,0,10,0,FALLBACK,-0.0236,0.100,1.2347,0,none
107.866,2156,-0.29889,-3.32429,0.50011,0,10,0,FALLBACK,0.0516,0.100,1.2351,0,none
107.917,2157,-0.30895,-3.35412,0.51194,0,10,0,FALLBACK,0.0951,0.100,1.2353,0,none
107.969,2158,-0.31426,-3.65433,0.70110,0,10,0,FALLBACK,0.0979,0.100,1.2355,0,none
108.018,2159,-0.31797,-3.42676,0.59409,0,10,0,FALLBACK,0.1084,0.100,1.2357,0,none
108.068,2160,-0.31741,-3.56244,0.53197,0,10,0,FALLBACK,0.0842,0.100,1.2360,0,none
108.117,2161,-0.31234,-3.83474,0.54730,0,10,0,FALLBACK,0.0364,0.100,1.2362,0,none
108.169,2162,-0.30294,-3.71423,0.85775,0,10,0,FALLBACK,-0.0323,0.100,1.2366,0,none
108.216,2163,-0.29706,-3.83892,0.56498,0,10,0,FALLBACK,-0.0442,0.100,1.2369,0,none
108.268,2164,-0.29376,-4.09038,0.93851,0,10,0,FALLBACK,-0.0476,0.100,1.2372,0,none
108.321,2165,-0.29254,-4.14689,0.57785,0,10,0,FALLBACK,-0.0434,0.100,1.2375,0,none
108.369,2166,-0.29544,-4.30533,0.59533,0,10,0,FALLBACK,-0.0083,0.100,1.2378,0,none
108.418,2167,-0.29447,-4.29103,0.64856,0,10,0,FALLBACK,-0.0325,0.100,1.2381,0,none
108.468,2168,-0.29359,-3.78590,0.61258,0,10,0,FALLBACK,-0.0364,0.100,1.2384,0,none
108.518,2169,-0.29434,-4.12561,0.57339,0,10,0,FALLBACK,-0.0245,0.100,1.2387,0,none
108.570,2170,-0.29718,-3.82423,0.55709,0,10,0,FALLBACK,0.0000,0.100,1.2390,0,none
108.620,2171,-0.29937,-3.79522,0.56592,0,10,0,FALLBACK,0.0078,0.100,1.2393,0,none
108.670,2172,-0.30117,-3.83897,0.50492,0,10,0,FALLBACK,0.0148,0.100,1.2396,0,none
108.719,2173,-0.30245,-3.91981,0.58624,0,10,0,FALLBACK,0.0186,0.100,1.2399,0,none
108.770,2174,-0.30163,-3.93028,0.51959,0,10,0,FALLBACK,0.0041,0.100,1.2402,0,none
108.819,2175,-0.30340,-3.99255,0.62659,0,10,0,FALLBACK,0.0258,0.100,1.2405,0,none
108.868,2176,-0.30499,-3.87444,0.65585,0,10,0,FALLBACK,0.0329,0.100,1.2408,0,none
108.920,2177,-0.30518,-3.83283,0.64710,0,10,0,FALLBACK,0.0268,0.100,1.2410,0,none
108.970,2178,-0.30363,-3.80045,0.57015,0,10,0,FALLBACK,0.0105,0.100,1.2413,0,none
109.020,2179,-0.30172,-3.51358,0.61911,0,10,0,FALLBACK,-0.0010,0.100,1.2416,0,none
109.071,2180,-0.29964,-3.63023,0.47904,0,10,0,FALLBACK,-0.0122,0.100,1.2418,0,none
109.121,2181,-0.29783,-3.46670,0.44401,0,10,0,FALLBACK,-0.0199,0.100,1.2421,0,none
109.170,2182,-0.29924,-3.81298,0.61609,0,10,0,FALLBACK,0.0032,0.100,1.2424,0,none
109.221,2183,-0.29561,-3.80859,0.70221,0,10,0,FALLBACK,-0.0401,0.100,1.2427,0,none
109.269,2184,-0.29193,-4.20877,0.47533,0,10,0,FALLBACK,-0.0588,0.100,1.2429,0,none
109.320,2185,-0.29055,-3.81976,0.48213,0,10,0,FALLBACK,-0.0541,0.100,1.2431,0,none
109.371,2186,-0.29281,-3.78687,0.55716,0,10,0,FALLBACK,-0.0247,0.100,1.2434,0,none
109.421,2187,-0.29513,-3.99422,0.59536,0,10,0,FALLBACK,-0.0128,0.100,1.2436,0,none
109.472,2188,-0.29805,-3.94777,0.61161,0,10,0,FALLBACK,0.0049,0.100,1.2439,0,none
109.522,2189,-0.30118,-3.80440,0.65744,0,10,0,FALLBACK,0.0216,0.100,1.2441,0,none
109.572,2190,-0.30028,-3.92326,0.54692,0,10,0,FALLBACK,-0.0031,0.100,1.2443,0,none
109.620,2191,-0.30628,-4.06675,0.51313,0,10,0,FALLBACK,0.0614,0.100,1.2446,0,none
109.672,2192,-0.31217,-3.93425,0.61853,0,10,0,FALLBACK,0.0903,0.100,1.2447,0,none
109.723,2193,-0.31445,-3.93251,0.70616,0,10,0,FALLBACK,0.0837,0.100,1.2449,0,none
109.772,2194,-0.31647,-4.13098,0.76766,0,10,0,FALLBACK,0.0925,0.100,1.2450,0,none
109.823,2195,-0.30591,-4.15055,0.64989,0,10,0,FALLBACK,-0.0232,0.100,1.2452,0,none
109.876,2196,-0.29154,-3.49046,0.61720,0,10,0,FALLBACK,-0.1142,0.100,1.2454,0,none
109.922,2197,-0.27930,-3.71908,0.58295,0,10,0,FALLBACK,-0.1647,0.100,1.2455,0,none
109.975,2198,-0.27144,-3.93093,0.59178,0,10,0,FALLBACK,-0.1821,0.100,1.2454,0,none
110.023,2199,-0.27537,-3.93075,0.66833,0,10,0,FALLBACK,-0.1034,0.100,1.2454,0,none
110.073,2200,-0.28726,-3.37407,0.61506,0,10,0,FALLBACK,-0.0043,0.100,1.2455,0,none
110.124,2201,-0.30272,-3.52785,0.45677,0,10,0,FALLBACK,0.0909,0.100,1.2458,0,none
110.174,2202,-0.31749,-3.19373,0.63973,0,10,0,FALLBACK,0.1613,0.100,1.2458,0,none
110.222,2203,-0.32601,-3.40163,0.58810,0,10,0,FALLBACK,0.1727,0.100,1.2457,0,none
110.273,2204,-0.32665,-3.77834,0.65055,0,10,0,FALLBACK,0.1364,0.100,1.2456,0,none
110.325,2205,-0.31969,-4.33723,0.64694,0,10,0,FALLBACK,0.0637,0.100,1.2456,0,none
110.374,2206,-0.30812,-3.90855,0.49964,0,10,0,FALLBACK,-0.0172,0.100,1.2459,0,none
110.423,2207,-0.29308,-3.83349,0.54141,0,10,0,FALLBACK,-0.1098,0.100,1.2462,0,none
110.473,2208,-0.27987,-4.01233,0.63811,0,10,0,FALLBACK,-0.1667,0.100,1.2463,0,none
110.523,2209,-0.27253,-3.93084,0.50390,0,10,0,FALLBACK,-0.1741,0.100,1.2462,0,none
110.573,2210,-0.27285,-3.86006,0.56545,0,10,0,FALLBACK,-0.1342,0.100,1.2462,0,none
110.625,2211,-0.28134,-3.97103,0.55327,0,10,0,FALLBACK,-0.0508,0.100,1.2463,0,none
110.674,2212,-0.29508,-3.93909,0.50275,0,10,0,FALLBACK,0.0441,0.100,1.2465,0,none
110.722,2213,-0.30991,-3.55020,0.66243,0,10,0,FALLBACK,0.1237,0.100,1.2467,0,none
110.774,2214,-0.32099,-3.40726,0.61365,0,10,0,FALLBACK,0.1604,0.100,1.2467,0,none
110.825,2215,-0.32703,-3.64367,0.62596,0,10,0,FALLBACK,0.1653,0.100,1.2466,0,none
110.874,2216,-0.32563,-3.51445,0.53036,0,10,0,FALLBACK,0.1212,0.100,1.2465,0,none
110.924,2217,-0.31711,-3.84055,0.60052,0,10,0,FALLBACK,0.0430,0.100,1.2467,0,none
110.974,2218,-0.30346,-3.92562,0.47957,0,10,0,FALLBACK,-0.0510,0.100,1.2469,0,none
111.026,2219,-0.28995,-3.55263,0.63947,0,10,0,FALLBACK,-0.1178,0.100,1.2472,0,none
111.074,2220,-0.27980,-3.61071,0.65820,0,10,0,FALLBACK,-0.1518,0.100,1.2472,0,none
111.126,2221,-0.27561,-3.98907,0.60103,0,10,0,FALLBACK,-0.1429,0.100,1.2472,0,none
111.176,2222,-0.28186,-3.77968,0.61008,0,10,0,FALLBACK,-0.0594,0.100,1.2473,0,none
111.226,2223,-0.28670,-3.45829,0.51294,0,10,0,FALLBACK,-0.0424,0.100,1.2474,0,none
111.276,2224,-0.29330,-3.60357,0.62250,0,10,0,FALLBACK,-0.0005,0.100,1.2477,0,none
111.312,2225,-0.30120,-3.78728,0.41763,0,10,0,FALLBACK,0.0455,0.100,1.2479,0,none
111.360,2226,-0.30628,-3.67764,0.46024,0,10,0,FALLBACK,0.0568,0.100,1.2480,0,none
111.412,2227,-0.31223,-3.80079,0.65727,0,10,0,FALLBACK,0.0909,0.100,1.2482,0,none
111.460,2228,-0.31503,-3.59787,0.50593,0,10,0,FALLBACK,0.0892,0.100,1.2483,0,none
111.511,2229,-0.31352,-4.12213,0.70023,0,10,0,FALLBACK,0.0601,0.100,1.2484,0,none
111.560,2230,-0.31193,-3.96362,0.55126,0,10,0,FALLBACK,0.0517,0.100,1.2486,0,none
111.610,2231,-0.30143,-4.20938,0.65412,0,10,0,FALLBACK,-0.0453,0.100,1.2488,0,none
111.662,2232,-0.29046,-3.95508,0.66070,0,10,0,FALLBACK,-0.1026,0.100,1.2489,0,none
111.713,2233,-0.28365,-4.02430,0.51277,0,10,0,FALLBACK,-0.1158,0.100,1.2490,0,none
111.760,2234,-0.28417,-4.16910,0.67579,0,10,0,FALLBACK,-0.0766,0.100,1.2491,0,none
111.812,2235,-0.28520,-4.22237,0.62662,0,10,0,FALLBACK,-0.0688,0.100,1.2493,0,none
111.861,2236,-0.28883,-3.51302,0.57299,0,10,0,FALLBACK,-0.0377,0.100,1.2495,0,none
111.909,2237,-0.29478,-3.72366,0.53890,0,10,0,FALLBACK,0.0037,0.100,1.2496,0,none
111.961,2238,-0.30110,-3.41367,0.44718,0,10,0,FALLBACK,0.0371,0.100,1.2498,0,none
112.010,2239,-0.30658,-3.50742,0.55840,0,10,0,FALLBACK,0.0603,0.100,1.2500,0,none
112.062,2240,-0.30964,-3.68442,0.46097,0,10,0,FALLBACK,0.0636,0.100,1.2501,0,none
112.111,2241,-0.30976,-3.92631,0.49537,0,10,0,FALLBACK,0.0494,0.100,1.2502,0,none
112.164,2242,-0.30879,-3.77699,0.55484,0,10,0,FALLBACK,0.0391,0.100,1.2504,0,none
112.212,2243,-0.30302,-3.60701,0.52128,0,10,0,FALLBACK,-0.0137,0.100,1.2506,0,none
112.264,2244,-0.29654,-3.87050,0.66410,0,10,0,FALLBACK,-0.0497,0.100,1.2508,0,none
112.312,2245,-0.29191,-3.85674,0.58954,0,10,0,FALLBACK,-0.0636,0.100,1.2509,0,none
112.362,2246,-0.29230,-4.02744,0.73455,0,10,0,FALLBACK,-0.0366,0.100,1.2511,0,none
112.412,2247,-0.29076,-4.12516,0.70739,0,10,0,FALLBACK,-0.0538,0.100,1.2512,0,none
112.462,2248,-0.29062,-4.05834,0.58077,0,10,0,FALLBACK,-0.0476,0.100,1.2514,0,none
112.514,2249,-0.29290,-3.99449,0.54495,0,10,0,FALLBACK,-0.0241,0.100,1.2516,0,none
112.564,2250,-0.29433,-3.90716,0.70598,0,10,0,FALLBACK,-0.0212,0.100,1.2517,0,none
112.614,2251,-0.30213,-3.75647,0.57422,0,10,0,FALLBACK,0.0497,0.100,1.2519,0,none
112.663,2252,-0.31018,-3.75280,0.60332,0,10,0,FALLBACK,0.0911,0.100,1.2520,0,none
112.713,2253,-0.31490,-3.59577,0.54495,0,10,0,FALLBACK,0.0981,0.100,1.2520,0,none
112.764,2254,-0.31712,-3.92976,0.34788,0,10,0,FALLBACK,0.0967,0.100,1.2521,0,none
112.813,2255,-0.31059,-4.11152,0.58549,0,10,0,FALLBACK,0.0203,0.100,1.2522,0,none
112.866,2256,-0.30115,-3.67431,0.58010,0,10,0,FALLBACK,-0.0414,0.100,1.2524,0,none
112.914,2257,-0.29233,-3.82226,0.45482,0,10,0,FALLBACK,-0.0824,0.100,1.2525,0,none
112.965,2258,-0.28895,-3.72309,0.59270,0,10,0,FALLBACK,-0.0721,0.100,1.2526,0,none
113.014,2259,-0.28413,-3.82575,0.44559,0,10,0,FALLBACK,-0.1035,0.100,1.2527,0,none
113.063,2260,-0.28257,-3.76896,0.53887,0,10,0,FALLBACK,-0.0949,0.100,1.2528,0,none
113.116,2261,-0.28575,-3.97690,0.67484,0,10,0,FALLBACK,-0.0554,0.100,1.2529,0,none
113.162,2262,-0.29322,-3.76988,0.64644,0,10,0,FALLBACK,0.0034,0.100,1.2530,0,none
113.215,2263,-0.30092,-3.66536,0.47814,0,10,0,FALLBACK,0.0431,0.100,1.2532,0,none
113.265,2264,-0.30741,-3.83129,0.64275,0,10,0,FALLBACK,0.0695,0.100,1.2533,0,none
113.314,2265,-0.31131,-3.66456,0.62535,0,10,0,FALLBACK,0.0760,0.100,1.2534,0,none
113.363,2266,-0.31009,-3.46569,0.37146,0,10,0,FALLBACK,0.0444,0.100,1.2534,0,none
113.413,2267,-0.30942,-4.10849,0.63570,0,10,0,FALLBACK,0.0437,0.100,1.2536,0,none
113.464,2268,-0.30720,-3.78464,0.42502,0,10,0,FALLBACK,0.0250,0.100,1.2537,0,none
113.514,2269,-0.30329,-4.14084,0.57981,0,10,0,FALLBACK,-0.0031,0.100,1.2539,0,none
113.565,2270,-0.29961,-4.09436,0.68975,0,10,0,FALLBACK,-0.0204,0.100,1.2541,0,none
113.617,2271,-0.29451,-4.08484,0.61324,0,10,0,FALLBACK,-0.0530,0.100,1.2542,0,none
113.664,2272,-0.29075,-3.83747,0.55832,0,10,0,FALLBACK,-0.0650,0.100,1.2543,0,none
113.715,2273,-0.28977,-3.86715,0.63936,0,10,0,FALLBACK,-0.0561,0.100,1.2544,0,none
113.766,2274,-0.28904,-3.92271,0.64096,0,10,0,FALLBACK,-0.0585,0.100,1.2546,0,none
113.814,2275,-0.29643,-3.86664,0.44408,0,10,0,FALLBACK,0.0191,0.100,1.2547,0,none
113.866,2276,-0.30573,-3.55220,0.49678,0,10,0,FALLBACK,0.0751,0.100,1.2548,0,none
113.915,2277,-0.31283,-3.64547,0.65682,0,10,0,FALLBACK,0.0997,0.100,1.2548,0,none
113.967,2278,-0.31847,-3.79112,0.70316,0,10,0,FALLBACK,0.1206,0.100,1.2548,0,none
114.014,2279,-0.31309,-3.75640,0.55210,0,10,0,FALLBACK,0.0385,0.100,1.2548,0,none
114.068,2280,-0.30285,-3.86387,0.63119,0,10,0,FALLBACK,-0.0369,0.100,1.2549,0,none
114.115,2281,-0.29253,-3.85236,0.64315,0,10,0,FALLBACK,-0.0890,0.100,1.2550,0,none
114.166,2282,-0.28660,-3.84731,0.54986,0,10,0,FALLBACK,-0.0967,0.100,1.2550,0,none
114.218,2283,-0.28225,-3.89253,0.37083,0,10,0,FALLBACK,-0.1105,0.100,1.2551,0,none
114.267,2284,-0.28231,-4.02974,0.59497,0,10,0,FALLBACK,-0.0882,0.100,1.2552,0,none
114.314,2285,-0.28713,-4.15722,0.73517,0,10,0,FALLBACK,-0.0402,0.100,1.2553,0,none
114.365,2286,-0.29373,-4.05353,0.64559,0,10,0,FALLBACK,0.0016,0.100,1.2554,0,none
114.416,2287,-0.30432,-3.95447,0.64811,0,10,0,FALLBACK,0.0746,0.100,1.2555,0,none
114.467,2288,-0.31372,-3.78007,0.54912,0,10,0,FALLBACK,0.1156,0.100,1.2555,0,none
114.518,2289,-0.31861,-4.18813,0.54801,0,10,0,FALLBACK,0.1175,0.100,1.2555,0,none
114.566,2290,-0.32058,-4.17171,0.61215,0,10,0,FALLBACK,0.1128,0.100,1.2554,0,none
114.617,2291,-0.31126,-4.05777,0.63106,0,10,0,FALLBACK,0.0097,0.100,1.2555,0,none
114.665,2292,-0.29797,-3.74940,0.61723,0,10,0,FALLBACK,-0.0766,0.100,1.2556,0,none
114.716,2293,-0.28623,-4.17250,0.61748,0,10,0,FALLBACK,-0.1276,0.100,1.2556,0,none
114.768,2294,-0.27667,-3.93332,0.58126,0,10,0,FALLBACK,-0.1645,0.100,1.2556,0,none
114.818,2295,-0.28003,-3.89895,0.61637,0,10,0,FALLBACK,-0.0831,0.100,1.2555,0,none
114.868,2296,-0.29036,-3.73751,0.44546,0,10,0,FALLBACK,0.0035,0.100,1.2555,0,none
114.917,2297,-0.30263,-3.17634,0.46345,0,10,0,FALLBACK,0.0745,0.100,1.2557,0,none
114.968,2298,-0.31198,-3.34708,0.39762,0,10,0,FALLBACK,0.1067,0.100,1.2556,0,none
115.019,2299,-0.31914,-3.51990,0.43753,0,10,0,FALLBACK,0.1315,0.100,1.2556,0,none
115.069,2300,-0.32103,-3.59312,0.61389,0,10,0,FALLBACK,0.1146,0.100,1.2556,0,none
115.119,2301,-0.31701,-3.72500,0.59459,0,10,0,FALLBACK,0.0649,0.100,1.2556,0,none
115.170,2302,-0.30843,-3.44040,0.38779,0,10,0,FALLBACK,-0.0008,0.100,1.2557,0,none
115.218,2303,-0.29857,-3.60421,0.47335,0,10,0,FALLBACK,-0.0564,0.100,1.2559,0,none
115.269,2304,-0.29003,-4.25079,0.70947,0,10,0,FALLBACK,-0.0926,0.100,1.2560,0,none
115.318,2305,-0.28493,-4.39464,0.56681,0,10,0,FALLBACK,-0.1008,0.100,1.2560,0,none
115.368,2306,-0.28199,-4.06726,0.59316,0,10,0,FALLBACK,-0.1047,0.100,1.2561,0,none
115.420,2307,-0.28932,-3.94492,0.77661,0,10,0,FALLBACK,-0.0168,0.100,1.2561,0,none
115.472,2308,-0.30052,-3.93227,0.50614,0,10,0,FALLBACK,0.0586,0.100,1.2562,0,none
115.519,2309,-0.31077,-3.64364,0.61717,0,10,0,FALLBACK,0.1051,0.100,1.2562,0,none
115.570,2310,-0.31577,-3.80352,0.62098,0,10,0,FALLBACK,0.1039,0.100,1.2562,0,none
115.618,2311,-0.31871,-3.84494,0.68844,0,10,0,FALLBACK,0.1083,0.100,1.2562,0,none
115.670,2312,-0.31711,-3.84627,0.43161,0,10,0,FALLBACK,0.0775,0.100,1.2562,0,none
115.720,2313,-0.31100,-4.00238,0.61550,0,10,0,FALLBACK,0.0245,0.100,1.2563,0,none
115.770,2314,-0.30276,-4.23887,0.72758,0,10,0,FALLBACK,-0.0274,0.100,1.2565,0,none
115.818,2315,-0.29337,-4.06822,0.63313,0,10,0,FALLBACK,-0.0801,0.100,1.2566,0,none
115.872,2316,-0.28625,-3.71857,0.56784,0,10,0,FALLBACK,-0.1043,0.100,1.2566,0,none
115.922,2317,-0.28347,-4.12482,0.57477,0,10,0,FALLBACK,-0.0965,0.100,1.2566,0,none
115.970,2318,-0.28684,-4.04990,0.44476,0,10,0,FALLBACK,-0.0489,0.100,1.2567,0,none
116.022,2319,-0.29051,-3.86565,0.69777,0,10,0,FALLBACK,-0.0291,0.100,1.2568,0,none
116.072,2320,-0.29556,-3.70380,0.62226,0,10,0,FALLBACK,0.0031,0.100,1.2570,0,none
116.121,2321,-0.30133,-3.87406,0.57729,0,10,0,FALLBACK,0.0355,0.100,1.2571,0,none
116.172,2322,-0.30514,-3.55799,0.55161,0,10,0,FALLBACK,0.0448,0.100,1.2571,0,none
116.222,2323,-0.31007,-3.59496,0.56787,0,10,0,FALLBACK,0.0750,0.100,1.2572,0,none
116.274,2324,-0.31268,-3.94983,0.68133,0,10,0,FALLBACK,0.0765,0.100,1.2573,0,none
116.322,2325,-0.31166,-4.31973,0.67418,0,10,0,FALLBACK,0.0532,0.100,1.2573,0,none
116.371,2326,-0.30692,-3.88174,0.75274,0,10,0,FALLBACK,0.0109,0.100,1.2574,0,none
116.423,2327,-0.30096,-4.17902,0.70165,0,10,0,FALLBACK,-0.0250,0.100,1.2575,0,none
116.472,2328,-0.29546,-4.19144,0.79953,0,10,0,FALLBACK,-0.0502,0.100,1.2576,0,none
116.524,2329,-0.29167,-4.25959,0.61830,0,10,0,FALLBACK,-0.0606,0.100,1.2577,0,none
116.575,2330,-0.29307,-4.15251,0.58386,0,10,0,FALLBACK,-0.0277,0.100,1.2578,0,none
116.623,2331,-0.29003,-4.05758,0.54327,0,10,0,FALLBACK,-0.0651,0.100,1.2579,0,none
116.672,2332,-0.28803,-4.10824,0.65329,0,10,0,FALLBACK,-0.0699,0.100,1.2580,0,none
116.723,2333,-0.28903,-4.20420,0.68101,0,10,0,FALLBACK,-0.0499,0.100,1.2580,0,none
116.774,2334,-0.29394,-3.89725,0.59053,0,10,0,FALLBACK,-0.0058,0.100,1.2581,0,none
116.822,2335,-0.29874,-3.75733,0.69813,0,10,0,FALLBACK,0.0177,0.100,1.2582,0,none
116.876,2336,-0.30337,-3.47731,0.67473,0,10,0,FALLBACK,0.0400,0.100,1.2583,0,none
116.923,2337,-0.30689,-3.54201,0.57993,0,10,0,FALLBACK,0.0521,0.100,1.2584,0,none
116.972,2338,-0.30973,-4.11198,0.49173,0,10,0,FALLBACK,0.0628,0.100,1.2585,0,none
117.024,2339,-0.30645,-3.79276,0.55430,0,10,0,FALLBACK,0.0159,0.100,1.2585,0,none
117.074,2340,-0.30040,-3.94082,0.61360,0,10,0,FALLBACK,-0.0282,0.100,1.2586,0,none
117.123,2341,-0.29404,-3.99695,0.57206,0,10,0,FALLBACK,-0.0616,0.100,1.2587,0,none
117.173,2342,-0.28887,-3.60483,0.36282,0,10,0,FALLBACK,-0.0815,0.100,1.2587,0,none
117.224,2343,-0.29015,-3.71283,0.51002,0,10,0,FALLBACK,-0.0429,0.100,1.2588,0,none
117.275,2344,-0.29501,-3.93239,0.53695,0,10,0,FALLBACK,-0.0006,0.100,1.2589,0,none
117.325,2345,-0.30144,-4.00490,0.68427,0,10,0,FALLBACK,0.0393,0.100,1.2590,0,none
117.374,2346,-0.30909,-3.82432,0.58023,0,10,0,FALLBACK,0.0837,0.100,1.2590,0,none
117.424,2347,-0.30912,-4.10133,0.71019,0,10,0,FALLBACK,0.0457,0.100,1.2590,0,none
117.474,2348,-0.30512,-4.11559,0.52250,0,10,0,FALLBACK,0.0056,0.100,1.2590,0,none
117.525,2349,-0.29936,-4.45436,0.56207,0,10,0,FALLBACK,-0.0320,0.100,1.2591,0,none
117.576,2350,-0.29490,-4.19039,0.59589,0,10,0,FALLBACK,-0.0478,0.100,1.2592,0,none
117.626,2351,-0.28877,-4.09695,0.63763,0,10,0,FALLBACK,-0.0868,0.100,1.2593,0,none
117.676,2352,-0.28499,-3.91182,0.68969,0,10,0,FALLBACK,-0.0940,0.100,1.2594,0,none
117.727,2353,-0.28533,-4.31311,0.66932,0,10,0,FALLBACK,-0.0717,0.100,1.2594,0,none
117.775,2354,-0.28910,-3.45471,0.41407,0,10,0,FALLBACK,-0.0356,0.100,1.2594,0,none
117.826,2355,-0.29847,-3.95149,0.54571,0,10,0,FALLBACK,0.0392,0.100,1.2595,0,none
117.876,2356,-0.30892,-3.42241,0.59486,0,10,0,FALLBACK,0.0968,0.100,1.2596,0,none
117.910,2357,-0.31686,-3.49219,0.57663,0,10,0,FALLBACK,0.1240,0.100,1.2595,0,none
117.959,2358,-0.31944,-3.48818,0.42667,0,10,0,FALLBACK,0.1102,0.100,1.2593,0,none
118.011,2359,-0.31627,-3.83054,0.43484,0,10,0,FALLBACK,0.0655,0.100,1.2593,0,none
118.062,2360,-0.30925,-3.72275,0.44124,0,10,0,FALLBACK,0.0111,0.100,1.2595,0,none
118.112,2361,-0.30085,-3.84011,0.64989,0,10,0,FALLBACK,-0.0378,0.100,1.2596,0,none
118.161,2362,-0.29291,-3.89625,0.67824,0,10,0,FALLBACK,-0.0751,0.100,1.2597,0,none
118.211,2363,-0.28994,-4.02338,0.67894,0,10,0,FALLBACK,-0.0651,0.100,1.2597,0,none
118.262,2364,-0.29054,-4.17130,0.67082,0,10,0,FALLBACK,-0.0444,0.100,1.2597,0,none
118.311,2365,-0.29347,-4.18146,0.76141,0,10,0,FALLBACK,-0.0180,0.100,1.2598,0,none
118.362,2366,-0.29713,-3.75679,0.61212,0,10,0,FALLBACK,0.0040,0.100,1.2599,0,none
118.411,2367,-0.30288,-3.70008,0.62744,0,10,0,FALLBACK,0.0432,0.100,1.2600,0,none
118.462,2368,-0.30755,-3.83523,0.61335,0,10,0,FALLBACK,0.0611,0.100,1.2600,0,none
118.512,2369,-0.30954,-3.98003,0.56886,0,10,0,FALLBACK,0.0577,0.100,1.2601,0,none
118.560,2370,-0.30844,-4.32721,0.81120,0,10,0,FALLBACK,0.0367,0.100,1.2601,0,none
118.612,2371,-0.30632,-3.84542,0.53958,0,10,0,FALLBACK,0.0210,0.100,1.2602,0,none
118.662,2372,-0.30312,-4.45009,0.57021,0,10,0,FALLBACK,-0.0004,0.100,1.2603,0,none
118.714,2373,-0.29953,-4.00528,0.61025,0,10,0,FALLBACK,-0.0203,0.100,1.2604,0,none
118.762,2374,-0.29719,-4.16464,0.72549,0,10,0,FALLBACK,-0.0258,0.100,1.2605,0,none
118.813,2375,-0.29274,-3.78129,0.49779,0,10,0,FALLBACK,-0.0585,0.100,1.2605,0,none
118.864,2376,-0.29001,-3.96349,0.55268,0,10,0,FALLBACK,-0.0636,0.100,1.2606,0,none
118.914,2377,-0.29033,-3.39101,0.38741,0,10,0,FALLBACK,-0.0467,0.100,1.2606,0,none
118.964,2378,-0.29286,-3.90764,0.53843,0,10,0,FALLBACK,-0.0230,0.100,1.2607,0,none
119.013,2379,-0.29897,-3.62751,0.51549,0,10,0,FALLBACK,0.0254,0.100,1.2608,0,none
119.065,2380,-0.30541,-3.59252,0.58042,0,10,0,FALLBACK,0.0592,0.100,1.2608,0,none
119.113,2381,-0.30990,-3.76488,0.65857,0,10,0,FALLBACK,0.0720,0.100,1.2608,0,none
119.166,2382,-0.31117,-3.64748,0.51692,0,10,0,FALLBACK,0.0622,0.100,1.2608,0,none
119.215,2383,-0.30977,-3.85790,0.59823,0,10,0,FALLBACK,0.0418,0.100,1.2609,0,none
119.265,2384,-0.30591,-4.05327,0.63615,0,10,0,FALLBACK,0.0103,0.100,1.2610,0,none
119.312,2385,-0.30071,-4.08461,0.50907,0,10,0,FALLBACK,-0.0224,0.100,1.2611,0,none
119.364,2386,-0.29634,-3.89167,0.54127,0,10,0,FALLBACK,-0.0402,0.100,1.2611,0,none
119.413,2387,-0.28847,-4.23766,0.54508,0,10,0,FALLBACK,-0.0970,0.100,1.2612,0,none
119.462,2388,-0.28304,-3.98618,0.63724,0,10,0,FALLBACK,-0.1120,0.100,1.2612,0,none
119.512,2389,-0.28266,-4.29718,0.73609,0,10,0,FALLBACK,-0.0886,0.100,1.2611,0,none
119.564,2390,-0.28743,-3.90123,0.57773,0,10,0,FALLBACK,-0.0390,0.100,1.2612,0,none
119.614,2391,-0.29363,-3.89578,0.58746,0,10,0,FALLBACK,-0.0008,0.100,1.2612,0,none
119.667,2392,-0.30064,-3.89017,0.48736,0,10,0,FALLBACK,0.0382,0.100,1.2613,0,none
119.715,2393,-0.30688,-3.64745,0.57092,0,10,0,FALLBACK,0.0656,0.100,1.2613,0,none
119.764,2394,-0.31078,-3.71649,0.71674,0,10,0,FALLBACK,0.0734,0.100,1.2613,0,none
119.814,2395,-0.31135,-3.58403,0.64486,0,10,0,FALLBACK,0.0596,0.100,1.2613,0,none
119.862,2396,-0.30870,-3.70592,0.46255,0,10,0,FALLBACK,0.0303,0.100,1.2614,0,none
119.916,2397,-0.30383,-3.96350,0.50501,0,10,0,FALLBACK,-0.0052,0.100,1.2615,0,none
119.964,2398,-0.29823,-3.98642,0.58700,0,10,0,FALLBACK,-0.0369,0.100,1.2615,0,none
120.014,2399,-0.29414,-4.00079,0.61708,0,10,0,FALLBACK,-0.0497,0.100,1.2616,0,none
120.066,2400,-0.29213,-4.04002,0.62632,0,10,0,FALLBACK,-0.0494,0.100,1.2617,0,none
120.117,2401,-0.29243,-3.97344,0.60762,0,10,0,FALLBACK,-0.0364,0.100,1.2617,0,none
120.166,2402,-0.29476,-3.47400,0.52249,0,10,0,FALLBACK,-0.0145,0.100,1.2618,0,none
120.215,2403,-0.30119,-3.66765,0.61065,0,10,0,FALLBACK,0.0381,0.100,1.2618,0,none
120.265,2404,-0.30756,-4.07093,0.52129,0,10,0,FALLBACK,0.0696,0.100,1.2619,0,none
120.315,2405,-0.30953,-3.99391,0.43059,0,10,0,FALLBACK,0.0575,0.100,1.2618,0,none
120.366,2406,-0.31187,-3.77328,0.44650,0,10,0,FALLBACK,0.0710,0.100,1.2619,0,none
120.416,2407,-0.31170,-3.79936,0.53904,0,10,0,FALLBACK,0.0576,0.100,1.2619,0,none
120.464,2408,-0.30839,-4.19666,0.54976,0,10,0,FALLBACK,0.0254,0.100,1.2619,0,none
120.517,2409,-0.30740,-3.93413,0.68772,0,10,0,FALLBACK,0.0321,0.100,1.2620,0,none
120.567,2410,-0.29634,-4.09600,0.63830,0,10,0,FALLBACK,-0.0736,0.100,1.2621,0,none
120.616,2411,-0.28470,-4.23883,0.53795,0,10,0,FALLBACK,-0.1347,0.100,1.2620,0,none
120.666,2412,-0.27802,-4.10040,0.67126,0,10,0,FALLBACK,-0.1433,0.100,1.2618,0,none
120.715,2413,-0.27239,-3.98682,0.52710,0,10,0,FALLBACK,-0.1661,0.100,1.2617,0,none
120.766,2414,-0.28574,-3.75482,0.59612,0,10,0,FALLBACK,-0.0046,0.100,1.2616,0,none
120.815,2415,-0.30527,-3.42254,0.57536,0,10,0,FALLBACK,0.1241,0.100,1.2615,0,none
120.866,2416,-0.32193,-3.52524,0.54536,0,10,0,FALLBACK,0.1929,0.100,1.2612,0,none
120.915,2417,-0.33214,-3.42794,0.47723,0,10,0,FALLBACK,0.2117,0.100,1.2607,0,none
120.966,2418,-0.32951,-3.77664,0.52887,0,10,0,FALLBACK,0.1344,0.100,1.2604,0,none
121.015,2419,-0.31793,-3.49157,0.45213,0,10,0,FALLBACK,0.0318,0.100,1.2603,0,none
121.068,2420,-0.30232,-3.79648,0.59961,0,10,0,FALLBACK,-0.0665,0.100,1.2605,0,none
121.118,2421,-0.28510,-3.60652,0.49870,0,10,0,FALLBACK,-0.1605,0.100,1.2605,0,none
121.168,2422,-0.27818,-3.74775,0.49893,0,10,0,FALLBACK,-0.1437,0.100,1.2603,0,none
121.217,2423,-0.27943,-3.82685,0.47970,0,10,0,FALLBACK,-0.0966,0.100,1.2602,0,none
121.266,2424,-0.28640,-4.17063,0.52308,0,10,0,FALLBACK,-0.0331,0.100,1.2602,0,none
121.319,2425,-0.29925,-3.52880,0.55383,0,10,0,FALLBACK,0.0604,0.100,1.2603,0,none
121.367,2426,-0.30560,-3.94148,0.56187,0,10,0,FALLBACK,0.0598,0.100,1.2603,0,none
121.419,2427,-0.30814,-3.67396,0.49150,0,10,0,FALLBACK,0.0534,0.100,1.2603,0,none
121.468,2428,-0.30807,-3.72618,0.55969,0,10,0,FALLBACK,0.0400,0.100,1.2603,0,none
121.520,2429,-0.30240,-3.90075,0.48257,0,10,0,FALLBACK,-0.0163,0.100,1.2604,0,none
121.568,2430,-0.30367,-3.78034,0.56366,0,10,0,FALLBACK,0.0247,0.100,1.2605,0,none
121.618,2431,-0.30596,-3.89758,0.60589,0,10,0,FALLBACK,0.0412,0.100,1.2606,0,none
121.668,2432,-0.30662,-3.90507,0.50546,0,10,0,FALLBACK,0.0364,0.100,1.2606,0,none
121.717,2433,-0.30411,-3.94484,0.61382,0,10,0,FALLBACK,0.0080,0.100,1.2607,0,none
121.768,2434,-0.30289,-3.79350,0.51521,0,10,0,FALLBACK,0.0084,0.100,1.2607,0,none
121.819,2435,-0.30165,-4.00466,0.70098,0,10,0,FALLBACK,0.0020,0.100,1.2608,0,none
121.868,2436,-0.30009,-3.84420,0.63750,0,10,0,FALLBACK,-0.0073,0.100,1.2609,0,none
121.919,2437,-0.30163,-4.22172,0.54719,0,10,0,FALLBACK,0.0158,0.100,1.2610,0,none
121.972,2438,-0.29596,-3.78281,0.66675,0,10,0,FALLBACK,-0.0485,0.100,1.2611,0,none
122.019,2439,-0.28988,-3.82811,0.56244,0,10,0,FALLBACK,-0.0810,0.100,1.2611,0,none
122.067,2440,-0.28688,-4.13730,0.67586,0,10,0,FALLBACK,-0.0806,0.100,1.2611,0,none
122.118,2441,-0.28694,-3.69559,0.69948,0,10,0,FALLBACK,-0.0650,0.100,1.2611,0,none
122.170,2442,-0.29281,-3.90137,0.54511,0,10,0,FALLBACK,-0.0066,0.100,1.2612,0,none
122.219,2443,-0.30084,-3.46273,0.46862,0,10,0,FALLBACK,0.0443,0.100,1.2612,0,none
122.270,2444,-0.30807,-4.21589,0.73178,0,10,0,FALLBACK,0.0765,0.100,1.2612,0,none
122.320,2445,-0.31297,-3.91618,0.78535,0,10,0,FALLBACK,0.0894,0.100,1.2612,0,none
122.369,2446,-0.31261,-3.94780,0.60737,0,10,0,FALLBACK,0.0612,0.100,1.2612,0,none
122.419,2447,-0.30837,-3.83793,0.54286,0,10,0,FALLBACK,0.0207,0.100,1.2612,0,none
122.470,2448,-0.30210,-4.12679,0.68189,0,10,0,FALLBACK,-0.0209,0.100,1.2613,0,none
122.519,2449,-0.29668,-4.34758,0.52877,0,10,0,FALLBACK,-0.0437,0.100,1.2614,0,none
122.570,2450,-0.29035,-4.26604,0.66194,0,10,0,FALLBACK,-0.0799,0.100,1.2615,0,none
122.621,2451,-0.28648,-4.05075,0.54205,0,10,0,FALLBACK,-0.0870,0.100,1.2615,0,none
122.671,2452,-0.28658,-3.87899,0.75660,0,10,0,FALLBACK,-0.0666,0.100,1.2615,0,none
122.722,2453,-0.28899,-3.66137,0.66250,0,10,0,FALLBACK,-0.0430,0.100,1.2615,0,none
122.772,2454,-0.29807,-3.67125,0.45371,0,10,0,FALLBACK,0.0358,0.100,1.2616,0,none
122.821,2455,-0.30818,-3.69513,0.62705,0,10,0,FALLBACK,0.0914,0.100,1.2616,0,none
122.870,2456,-0.31575,-3.44687,0.52804,0,10,0,FALLBACK,0.1166,0.100,1.2616,0,none
122.920,2457,-0.31774,-3.59737,0.43206,0,10,0,FALLBACK,0.0986,0.100,1.2614,0,none
122.972,2458,-0.31830,-3.68543,0.61028,0,10,0,FALLBACK,0.0943,0.100,1.2614,0,none
123.024,2459,-0.31479,-3.69834,0.54424,0,10,0,FALLBACK,0.0564,0.100,1.2614,0,none
123.070,2460,-0.30753,-3.91146,0.61374,0,10,0,FALLBACK,0.0014,0.100,1.2615,0,none
123.122,2461,-0.29880,-3.90842,0.59025,0,10,0,FALLBACK,-0.0496,0.100,1.2616,0,none
123.174,2462,-0.29067,-3.75251,0.50997,0,10,0,FALLBACK,-0.0873,0.100,1.2616,0,none
123.221,2463,-0.28563,-3.69705,0.50119,0,10,0,FALLBACK,-0.0970,0.100,1.2616,0,none
123.272,2464,-0.28497,-4.20808,0.56345,0,10,0,FALLBACK,-0.0785,0.100,1.2616,0,none
123.323,2465,-0.29003,-4.07366,0.69186,0,10,0,FALLBACK,-0.0245,0.100,1.2617,0,none
123.375,2466,-0.29304,-3.75459,0.70054,0,10,0,FALLBACK,-0.0197,0.100,1.2617,0,none
123.421,2467,-0.29645,-3.86113,0.66803,0,10,0,FALLBACK,-0.0007,0.100,1.2618,0,none
123.472,2468,-0.30045,-3.88364,0.53045,0,10,0,FALLBACK,0.0223,0.100,1.2619,0,none
123.523,2469,-0.30348,-3.78598,0.54797,0,10,0,FALLBACK,0.0326,0.100,1.2619,0,none
123.571,2470,-0.30742,-3.77834,0.63373,0,10,0,FALLBACK,0.0568,0.100,1.2620,0,none
123.623,2471,-0.30959,-3.90776,0.61819,0,10,0,FALLBACK,0.0588,0.100,1.2620,0,none
123.672,2472,-0.30898,-3.98655,0.59198,0,10,0,FALLBACK,0.0419,0.100,1.2620,0,none
123.723,2473,-0.30709,-4.02921,0.67584,0,10,0,FALLBACK,0.0259,0.100,1.2621,0,none
123.772,2474,-0.29910,-3.90392,0.72373,0,10,0,FALLBACK,-0.0445,0.100,1.2621,0,none
123.825,2475,-0.29023,-3.92117,0.46093,0,10,0,FALLBACK,-0.0932,0.100,1.2622,0,none
123.871,2476,-0.28395,-4.14009,0.75147,0,10,0,FALLBACK,-0.1117,0.100,1.2621,0,none
123.924,2477,-0.28111,-3.97645,0.51961,0,10,0,FALLBACK,-0.1086,0.100,1.2621,0,none
123.973,2478,-0.28837,-3.58526,0.51865,0,10,0,FALLBACK,-0.0218,0.100,1.2621,0,none
124.025,2479,-0.30021,-3.54866,0.46328,0,10,0,FALLBACK,0.0603,0.100,1.2621,0,none
124.074,2480,-0.31217,-3.68759,0.48719,0,10,0,FALLBACK,0.1207,0.100,1.2621,0,none
124.123,2481,-0.32229,-3.69278,0.44726,0,10,0,FALLBACK,0.1620,0.100,1.2619,0,none
124.176,2482,-0.31830,-4.07372,0.64966,0,10,0,FALLBACK,0.0716,0.100,1.2617,0,none
124.224,2483,-0.30688,-3.72867,0.50710,0,10,0,FALLBACK,-0.0227,0.100,1.2616,0,none
124.274,2484,-0.29311,-4.42136,0.60984,0,10,0,FALLBACK,-0.1033,0.100,1.2617,0,none
124.324,2485,-0.27978,-4.16389,0.66857,0,10,0,FALLBACK,-0.1678,0.100,1.2617,0,none
124.375,2486,-0.28061,-4.08690,0.60165,0,10,0,FALLBACK,-0.0928,0.100,1.2614,0,none
124.426,2487,-0.28942,-3.83006,0.71120,0,10,0,FALLBACK,-0.0089,0.100,1.2613,0,none
124.474,2488,-0.30168,-4.03913,0.57632,0,10,0,FALLBACK,0.0697,0.100,1.2614,0,none
124.526,2489,-0.31423,-3.93250,0.47444,0,10,0,FALLBACK,0.1339,0.100,1.2614,0,none
124.576,2490,-0.31721,-3.45300,0.40479,0,10,0,FALLBACK,0.1010,0.100,1.2612,0,none
124.625,2491,-0.31367,-3.93065,0.57052,0,10,0,FALLBACK,0.0506,0.100,1.2610,0,none
124.677,2492,-0.30590,-3.91097,0.59406,0,10,0,FALLBACK,-0.0093,0.100,1.2611,0,none
124.725,2493,-0.29649,-4.10339,0.59912,0,10,0,FALLBACK,-0.0646,0.100,1.2612,0,none
124.777,2494,-0.28867,-3.64214,0.55580,0,10,0,FALLBACK,-0.0957,0.100,1.2613,0,none
124.827,2495,-0.28430,-3.94645,0.47501,0,10,0,FALLBACK,-0.1004,0.100,1.2613,0,none
124.876,2496,-0.28447,-3.78766,0.46480,0,10,0,FALLBACK,-0.0768,0.100,1.2612,0,none
124.926,2497,-0.28870,-3.70033,0.58243,0,10,0,FALLBACK,-0.0354,0.100,1.2613,0,none
124.958,2498,-0.29877,-3.21448,0.46877,0,10,0,FALLBACK,0.0442,0.100,1.2614,0,none
125.010,2499,-0.30867,-3.50097,0.67094,0,10,0,FALLBACK,0.0928,0.100,1.2613,0,none
125.058,2500,-0.31466,-3.38122,0.61739,0,10,0,FALLBACK,0.1033,0.100,1.2612,0,none
125.110,2501,-0.31572,-3.74883,0.53196,0,10,0,FALLBACK,0.0839,0.100,1.2612,0,none
125.161,2502,-0.31304,-3.59246,0.55772,0,10,0,FALLBACK,0.0518,0.100,1.2612,0,none
125.210,2503,-0.30749,-3.63690,0.44478,0,10,0,FALLBACK,0.0097,0.100,1.2613,0,none
125.261,2504,-0.30077,-3.66953,0.61674,0,10,0,FALLBACK,-0.0298,0.100,1.2614,0,none
125.309,2505,-0.29452,-4.16875,0.65696,0,10,0,FALLBACK,-0.0587,0.100,1.2615,0,none
125.363,2506,-0.29366,-3.83634,0.63237,0,10,0,FALLBACK,-0.0360,0.100,1.2615,0,none
125.412,2507,-0.29534,-4.00574,0.51984,0,10,0,FALLBACK,-0.0149,0.100,1.2616,0,none
125.460,2508,-0.29793,-3.78123,0.52233,0,10,0,FALLBACK,0.0026,0.100,1.2616,0,none
125.512,2509,-0.30054,-3.76516,0.57181,0,10,0,FALLBACK,0.0157,0.100,1.2617,0,none
125.560,2510,-0.30381,-3.71296,0.52042,0,10,0,FALLBACK,0.0354,0.100,1.2618,0,none
125.614,2511,-0.30592,-3.73703,0.43363,0,10,0,FALLBACK,0.0402,0.100,1.2618,0,none
125.661,2512,-0.30616,-3.75030,0.59073,0,10,0,FALLBACK,0.0320,0.100,1.2618,0,none
125.712,2513,-0.30464,-4.04634,0.66991,0,10,0,FALLBACK,0.0156,0.100,1.2619,0,none
125.761,2514,-0.30560,-3.97413,0.65359,0,10,0,FALLBACK,0.0328,0.100,1.2620,0,none
125.813,2515,-0.30579,-3.65332,0.44728,0,10,0,FALLBACK,0.0299,0.100,1.2620,0,none
125.861,2516,-0.30436,-3.77841,0.49010,0,10,0,FALLBACK,0.0147,0.100,1.2621,0,none
125.913,2517,-0.30166,-3.55567,0.50896,0,10,0,FALLBACK,-0.0052,0.100,1.2621,0,none
125.962,2518,-0.29441,-3.86308,0.67111,0,10,0,FALLBACK,-0.0642,0.100,1.2622,0,none
126.012,2519,-0.28809,-3.78552,0.54461,0,10,0,FALLBACK,-0.0912,0.100,1.2622,0,none
126.065,2520,-0.28428,-3.82486,0.53274,0,10,0,FALLBACK,-0.0977,0.100,1.2622,0,none
126.114,2521,-0.28742,-3.44636,0.53114,0,10,0,FALLBACK,-0.0472,0.100,1.2622,0,none
126.164,2522,-0.29451,-3.32614,0.44469,0,10,0,FALLBACK,0.0080,0.100,1.2622,0,none
126.214,2523,-0.30264,-3.72795,0.55783,0,10,0,FALLBACK,0.0538,0.100,1.2623,0,none
126.264,2524,-0.30666,-3.71675,0.53613,0,10,0,FALLBACK,0.0534,0.100,1.2623,0,none
126.313,2525,-0.31340,-3.63938,0.54323,0,10,0,FALLBACK,0.1007,0.100,1.2623,0,none
126.364,2526,-0.31739,-3.88186,0.61188,0,10,0,FALLBACK,0.1069,0.100,1.2622,0,none
126.414,2527,-0.31636,-4.05171,0.61795,0,10,0,FALLBACK,0.0766,0.100,1.2622,0,none
126.463,2528,-0.31068,-4.01548,0.57984,0,10,0,FALLBACK,0.0250,0.100,1.2622,0,none
126.516,2529,-0.30250,-3.82707,0.56892,0,10,0,FALLBACK,-0.0283,0.100,1.2623,0,none
126.566,2530,-0.29430,-4.08932,0.43566,0,10,0,FALLBACK,-0.0696,0.100,1.2623,0,none
126.615,2531,-0.28830,-4.16012,0.58768,0,10,0,FALLBACK,-0.0885,0.100,1.2624,0,none
126.667,2532,-0.28528,-3.95335,0.62978,0,10,0,FALLBACK,-0.0887,0.100,1.2623,0,none
126.718,2533,-0.28797,-4.13163,0.73008,0,10,0,FALLBACK,-0.0467,0.100,1.2624,0,none
126.765,2534,-0.29421,-3.70622,0.49074,0,10,0,FALLBACK,0.0022,0.100,1.2624,0,none
126.815,2535,-0.30161,-3.64763,0.56844,0,10,0,FALLBACK,0.0451,0.100,1.2625,0,none
126.866,2536,-0.30979,-3.50644,0.52988,0,10,0,FALLBACK,0.0898,0.100,1.2625,0,none
126.917,2537,-0.31095,-3.67267,0.44237,0,10,0,FALLBACK,0.0606,0.100,1.2624,0,none
126.967,2538,-0.30784,-3.72066,0.46418,0,10,0,FALLBACK,0.0237,0.100,1.2624,0,none
127.019,2539,-0.30267,-3.68946,0.51361,0,10,0,FALLBACK,-0.0125,0.100,1.2625,0,none
127.066,2540,-0.29507,-3.45220,0.46026,0,10,0,FALLBACK,-0.0627,0.100,1.2625,0,none
127.118,2541,-0.29387,-3.44807,0.52766,0,10,0,FALLBACK,-0.0367,0.100,1.2626,0,none
127.168,2542,-0.29579,-3.68281,0.56691,0,10,0,FALLBACK,-0.0114,0.100,1.2626,0,none
127.217,2543,-0.29886,-4.26451,0.77256,0,10,0,FALLBACK,0.0096,0.100,1.2627,0,none
127.268,2544,-0.30301,-3.48308,0.56057,0,10,0,FALLBACK,0.0358,0.100,1.2627,0,none
127.316,2545,-0.30360,-4.00849,0.62599,0,10,0,FALLBACK,0.0210,0.100,1.2627,0,none
127.369,2546,-0.30244,-3.69539,0.45582,0,10,0,FALLBACK,0.0064,0.100,1.2628,0,none
127.417,2547,-0.30060,-4.00013,0.53745,0,10,0,FALLBACK,-0.0062,0.100,1.2628,0,none
127.470,2548,-0.30014,-3.62431,0.55831,0,10,0,FALLBACK,-0.0016,0.100,1.2629,0,none
127.519,2549,-0.29663,-3.49461,0.60484,0,10,0,FALLBACK,-0.0344,0.100,1.2630,0,none
127.569,2550,-0.29340,-4.20374,0.56720,0,10,0,FALLBACK,-0.0492,0.100,1.2630,0,none
127.619,2551,-0.29213,-3.97163,0.62917,0,10,0,FALLBACK,-0.0457,0.100,1.2630,0,none
127.668,2552,-0.29353,-4.14678,0.63984,0,10,0,FALLBACK,-0.0253,0.100,1.2631,0,none
127.720,2553,-0.29584,-3.40742,0.41923,0,10,0,FALLBACK,-0.0092,0.100,1.2631,0,none
127.769,2554,-0.29889,-3.28773,0.43304,0,10,0,FALLBACK,0.0097,0.100,1.2632,0,none
127.819,2555,-0.30200,-2.38406,0.76124,0,10,0,FALLBACK,0.0255,0.100,1.2632,0,none
127.870,2556,-0.30603,-3.72285,0.53267,0,10,0,FALLBACK,0.0503,0.100,1.2633,0,none
127.919,2557,-0.30395,-3.91295,0.53176,0,10,0,FALLBACK,0.0094,0.100,1.2633,0,none
127.971,2558,-0.29970,-4.10293,0.61282,0,10,0,FALLBACK,-0.0228,0.100,1.2633,0,none
128.019,2559,-0.29570,-3.82215,0.53386,0,10,0,FALLBACK,-0.0415,0.100,1.2634,0,none
128.071,2560,-0.29476,-3.94068,0.49946,0,10,0,FALLBACK,-0.0309,0.100,1.2634,0,none
128.121,2561,-0.29150,-3.89800,0.67349,0,10,0,FALLBACK,-0.0588,0.100,1.2634,0,none
128.170,2562,-0.28969,-3.78431,0.57416,0,10,0,FALLBACK,-0.0606,0.100,1.2635,0,none
128.222,2563,-0.29075,-3.75482,0.48391,0,10,0,FALLBACK,-0.0409,0.100,1.2635,0,none
128.271,2564,-0.29482,-3.94882,0.63247,0,10,0,FALLBACK,-0.0056,0.100,1.2635,0,none
128.321,2565,-0.29886,-4.14015,0.68220,0,10,0,FALLBACK,0.0145,0.100,1.2636,0,none
128.370,2566,-0.30258,-3.82783,0.67518,0,10,0,FALLBACK,0.0315,0.100,1.2636,0,none
128.421,2567,-0.30526,-4.03201,0.50923,0,10,0,FALLBACK,0.0398,0.100,1.2636,0,none
128.471,2568,-0.30745,-4.00533,0.71294,0,10,0,FALLBACK,0.0482,0.100,1.2637,0,none
128.521,2569,-0.30407,-3.82537,0.68123,0,10,0,FALLBACK,0.0034,0.100,1.2637,0,none
128.570,2570,-0.29883,-3.87227,0.58428,0,10,0,FALLBACK,-0.0321,0.100,1.2637,0,none
128.622,2571,-0.29419,-3.69526,0.55731,0,10,0,FALLBACK,-0.0522,0.100,1.2638,0,none
128.672,2572,-0.29180,-3.60299,0.61095,0,10,0,FALLBACK,-0.0530,0.100,1.2638,0,none
128.720,2573,-0.29115,-3.84427,0.60775,0,10,0,FALLBACK,-0.0475,0.100,1.2638,0,none
128.771,2574,-0.29278,-3.55089,0.50499,0,10,0,FALLBACK,-0.0280,0.100,1.2639,0,none
128.821,2575,-0.29627,-3.71515,0.65391,0,10,0,FALLBACK,-0.0012,0.100,1.2639,0,none
128.873,2576,-0.30039,-3.79021,0.57484,0,10,0,FALLBACK,0.0225,0.100,1.2639,0,none
128.923,2577,-0.30462,-3.51679,0.64219,0,10,0,FALLBACK,0.0443,0.100,1.2640,0,none
128.972,2578,-0.30759,-3.76470,0.47339,0,10,0,FALLBACK,0.0528,0.100,1.2640,0,none
129.022,2579,-0.30861,-3.29474,0.53126,0,10,0,FALLBACK,0.0482,0.100,1.2640,0,none
129.072,2580,-0.30792,-3.57687,0.52785,0,10,0,FALLBACK,0.0361,0.100,1.2640,0,none
129.123,2581,-0.30185,-3.89676,0.65133,0,10,0,FALLBACK,-0.0211,0.100,1.2640,0,none
129.174,2582,-0.29444,-3.82119,0.41000,0,10,0,FALLBACK,-0.0649,0.100,1.2641,0,none
129.225,2583,-0.28844,-4.33081,0.73886,0,10,0,FALLBACK,-0.0878,0.100,1.2641,0,none
129.272,2584,-0.28446,-3.92480,0.52265,0,10,0,FALLBACK,-0.0976,0.100,1.2641,0,none
129.321,2585,-0.29097,-4.07103,0.53683,0,10,0,FALLBACK,-0.0126,0.100,1.2640,0,none
129.372,2586,-0.30171,-3.79564,0.66556,0,10,0,FALLBACK,0.0623,0.100,1.2640,0,none
129.422,2587,-0.31225,-3.86069,0.61463,0,10,0,FALLBACK,0.1139,0.100,1.2640,0,none
129.473,2588,-0.32031,-3.69022,0.64586,0,10,0,FALLBACK,0.1419,0.100,1.2639,0,none
129.525,2589,-0.31605,-3.91119,0.61057,0,10,0,FALLBACK,0.0589,0.100,1.2637,0,none
129.574,2590,-0.30536,-4.01825,0.58566,0,10,0,FALLBACK,-0.0267,0.100,1.2636,0,none
129.623,2591,-0.29280,-3.76775,0.50862,0,10,0,FALLBACK,-0.0988,0.100,1.2637,0,none
129.674,2592,-0.28207,-3.68913,0.73084,0,10,0,FALLBACK,-0.1433,0.100,1.2636,0,none
129.724,2593,-0.27938,-3.82488,0.60582,0,10,0,FALLBACK,-0.1166,0.100,1.2635,0,none
129.774,2594,-0.28345,-3.75907,0.66652,0,10,0,FALLBACK,-0.0624,0.100,1.2633,0,none
129.824,2595,-0.29241,-3.53026,0.60353,0,10,0,FALLBACK,0.0068,0.100,1.2634,0,none
129.876,2596,-0.30325,-3.31039,0.50016,0,10,0,FALLBACK,0.0705,0.100,1.2635,0,none
129.924,2597,-0.31459,-3.43889,0.51362,0,10,0,FALLBACK,0.1296,0.100,1.2634,0,none
129.974,2598,-0.32205,-3.42260,0.61658,0,10,0,FALLBACK,0.1476,0.100,1.2632,0,none
130.024,2599,-0.32313,-3.33017,0.61488,0,10,0,FALLBACK,0.1210,0.100,1.2630,0,none
130.073,2600,-0.31774,-3.62763,0.50565,0,10,0,FALLBACK,0.0617,0.100,1.2629,0,none
130.126,2601,-0.30444,-3.76026,0.67403,0,10,0,FALLBACK,-0.0443,0.100,1.2630,0,none
130.175,2602,-0.28917,-3.83199,0.49425,0,10,0,FALLBACK,-0.1305,0.100,1.2631,0,none
130.226,2603,-0.27703,-4.09071,0.50698,0,10,0,FALLBACK,-0.1756,0.100,1.2629,0,none
130.275,2604,-0.27153,-4.41664,0.62957,0,10,0,FALLBACK,-0.1699,0.100,1.2627,0,none
130.325,2605,-0.27788,-3.62602,0.48850,0,10,0,FALLBACK,-0.0789,0.100,1.2624,0,none
130.376,2606,-0.29154,-4.06366,0.65355,0,10,0,FALLBACK,0.0260,0.100,1.2625,0,none
130.425,2607,-0.30769,-3.52984,0.59824,0,10,0,FALLBACK,0.1192,0.100,1.2625,0,none
130.476,2608,-0.32137,-3.36967,0.57386,0,10,0,FALLBACK,0.1752,0.100,1.2623,0,none
130.524,2609,-0.32803,-3.77897,0.53146,0,10,0,FALLBACK,0.1735,0.100,1.2620,0,none
130.560,2610,-0.32628,-3.84167,0.64156,0,10,0,FALLBACK,0.1226,0.100,1.2617,0,none
130.608,2611,-0.31766,-4.03772,0.62647,0,10,0,FALLBACK,0.0452,0.100,1.2617,0,none
130.658,2612,-0.30567,-4.03765,0.60191,0,10,0,FALLBACK,-0.0316,0.100,1.2619,0,none
130.710,2613,-0.29260,-3.63981,0.46553,0,10,0,FALLBACK,-0.1024,0.100,1.2619,0,none
130.759,2614,-0.28308,-3.67380,0.56609,0,10,0,FALLBACK,-0.1322,0.100,1.2618,0,none
130.811,2615,-0.27724,-3.75699,0.63385,0,10,0,FALLBACK,-0.1430,0.100,1.2617,0,none
130.860,2616,-0.28229,-4.07117,0.65526,0,10,0,FALLBACK,-0.0633,0.100,1.2616,0,none
130.910,2617,-0.29243,-3.56343,0.49002,0,10,0,FALLBACK,0.0128,0.100,1.2617,0,none
130.961,2618,-0.30299,-3.51690,0.48472,0,10,0,FALLBACK,0.0677,0.100,1.2618,0,none
131.010,2619,-0.31567,-3.43621,0.54358,0,10,0,FALLBACK,0.1417,0.100,1.2617,0,none
131.061,2620,-0.31373,-3.91598,0.70656,0,10,0,FALLBACK,0.0589,0.100,1.2614,0,none
131.111,2621,-0.30594,-3.57387,0.42800,0,10,0,FALLBACK,-0.0093,0.100,1.2614,0,none
131.162,2622,-0.29780,-3.91961,0.57978,0,10,0,FALLBACK,-0.0517,0.100,1.2615,0,none
131.212,2623,-0.29219,-3.99651,0.72892,0,10,0,FALLBACK,-0.0671,0.100,1.2616,0,none
131.261,2624,-0.28857,-4.03720,0.79919,0,10,0,FALLBACK,-0.0752,0.100,1.2616,0,none
131.312,2625,-0.28817,-4.04187,0.69945,0,10,0,FALLBACK,-0.0612,0.100,1.2616,0,none
131.362,2626,-0.29090,-4.09010,0.45945,0,10,0,FALLBACK,-0.0318,0.100,1.2617,0,none
131.412,2627,-0.29361,-3.86570,0.63532,0,10,0,FALLBACK,-0.0185,0.100,1.2618,0,none
131.462,2628,-0.30160,-3.69335,0.56486,0,10,0,FALLBACK,0.0480,0.100,1.2618,0,none
131.513,2629,-0.30913,-3.75722,0.55883,0,10,0,FALLBACK,0.0833,0.100,1.2618,0,none
131.562,2630,-0.31314,-3.78063,0.63286,0,10,0,FALLBACK,0.0857,0.100,1.2617,0,none
131.612,2631,-0.31580,-3.55872,0.62029,0,10,0,FALLBACK,0.0923,0.100,1.2617,0,none
131.663,2632,-0.30822,-4.02609,0.48610,0,10,0,FALLBACK,0.0032,0.100,1.2617,0,none
131.713,2633,-0.29723,-4.12648,0.55702,0,10,0,FALLBACK,-0.0688,0.100,1.2618,0,none
131.763,2634,-0.28773,-3.80002,0.45941,0,10,0,FALLBACK,-0.1089,0.100,1.2618,0,none
131.812,2635,-0.28106,-4.00663,0.68640,0,10,0,FALLBACK,-0.1280,0.100,1.2617,0,none
131.863,2636,-0.28326,-3.90540,0.50396,0,10,0,FALLBACK,-0.0727,0.100,1.2616,0,none
131.913,2637,-0.29087,-3.65071,0.59661,0,10,0,FALLBACK,-0.0076,0.100,1.2617,0,none
131.964,2638,-0.30049,-3.79397,0.60135,0,10,0,FALLBACK,0.0505,0.100,1.2618,0,none
132.015,2639,-0.31260,-3.85903,0.56418,0,10,0,FALLBACK,0.1235,0.100,1.2617,0,none
132.065,2640,-0.31280,-3.81769,0.51523,0,10,0,FALLBACK,0.0650,0.100,1.2616,0,none
132.112,2641,-0.30710,-3.96303,0.69343,0,10,0,FALLBACK,0.0070,0.100,1.2615,0,none
132.163,2642,-0.29965,-4.23751,0.61216,0,10,0,FALLBACK,-0.0390,0.100,1.2616,0,none
132.214,2643,-0.29272,-4.08142,0.57083,0,10,0,FALLBACK,-0.0710,0.100,1.2617,0,none
132.264,2644,-0.28915,-4.06579,0.67584,0,10,0,FALLBACK,-0.0721,0.100,1.2617,0,none
132.316,2645,-0.28907,-3.95740,0.59452,0,10,0,FALLBACK,-0.0551,0.100,1.2617,0,none
132.364,2646,-0.29201,-4.17911,0.67338,0,10,0,FALLBACK,-0.0253,0.100,1.2618,0,none
132.416,2647,-0.29974,-3.88427,0.51457,0,10,0,FALLBACK,0.0374,0.100,1.2619,0,none
132.466,2648,-0.30046,-4.07045,0.63484,0,10,0,FALLBACK,0.0059,0.100,1.2619,0,none
132.516,2649,-0.29903,-4.03324,0.50688,0,10,0,FALLBACK,-0.0120,0.100,1.2619,0,none
132.567,2650,-0.29778,-4.07239,0.47664,0,10,0,FALLBACK,-0.0174,0.100,1.2620,0,none
132.615,2651,-0.29732,-3.71573,0.64344,0,10,0,FALLBACK,-0.0157,0.100,1.2620,0,none
132.665,2652,-0.29782,-4.05766,0.63477,0,10,0,FALLBACK,-0.0084,0.100,1.2621,0,none
132.714,2653,-0.29892,-3.55149,0.44610,0,10,0,FALLBACK,0.0001,0.100,1.2622,0,none
132.765,2654,-0.30023,-3.82023,0.60269,0,10,0,FALLBACK,0.0077,0.100,1.2622,0,none
132.816,2655,-0.29909,-3.36122,0.34101,0,10,0,FALLBACK,-0.0103,0.100,1.2623,0,none
132.868,2656,-0.30399,-3.91917,0.62262,0,10,0,FALLBACK,0.0444,0.100,1.2623,0,none
132.916,2657,-0.30907,-3.57993,0.42997,0,10,0,FALLBACK,0.0707,0.100,1.2624,0,none
132.964,2658,-0.31139,-3.55849,0.51333,0,10,0,FALLBACK,0.0686,0.100,1.2623,0,none
133.016,2659,-0.31196,-3.66019,0.63033,0,10,0,FALLBACK,0.0626,0.100,1.2623,0,none
133.066,2660,-0.30454,-4.08345,0.57028,0,10,0,FALLBACK,-0.0144,0.100,1.2624,0,none
133.116,2661,-0.29507,-4.39243,0.72898,0,10,0,FALLBACK,-0.0719,0.100,1.2624,0,none
133.165,2662,-0.28759,-4.18510,0.67109,0,10,0,FALLBACK,-0.0995,0.100,1.2624,0,none
133.216,2663,-0.28414,-4.18404,0.57807,0,10,0,FALLBACK,-0.0965,0.100,1.2624,0,none
133.267,2664,-0.28507,-3.73602,0.57071,0,10,0,FALLBACK,-0.0700,0.100,1.2624,0,none
133.316,2665,-0.29002,-3.93568,0.71516,0,10,0,FALLBACK,-0.0252,0.100,1.2624,0,none
133.367,2666,-0.29736,-4.03365,0.64588,0,10,0,FALLBACK,0.0235,0.100,1.2625,0,none
133.416,2667,-0.30549,-3.88561,0.52942,0,10,0,FALLBACK,0.0681,0.100,1.2625,0,none
133.467,2668,-0.30956,-3.76971,0.71796,0,10,0,FALLBACK,0.0682,0.100,1.2625,0,none
133.518,2669,-0.31009,-3.79965,0.61414,0,10,0,FALLBACK,0.0531,0.100,1.2625,0,none
133.566,2670,-0.30773,-3.86964,0.51533,0,10,0,FALLBACK,0.0268,0.100,1.2625,0,none
133.616,2671,-0.30247,-4.25136,0.68805,0,10,0,FALLBACK,-0.0139,0.100,1.2626,0,none
133.667,2672,-0.29999,-3.98380,0.72194,0,10,0,FALLBACK,-0.0125,0.100,1.2626,0,none
133.718,2673,-0.29856,-3.80579,0.48301,0,10,0,FALLBACK,-0.0144,0.100,1.2627,0,none
133.768,2674,-0.29767,-3.91445,0.62330,0,10,0,FALLBACK,-0.0160,0.100,1.2628,0,none
133.818,2675,-0.29750,-3.82080,0.73909,0,10,0,FALLBACK,-0.0133,0.100,1.2628,0,none
133.867,2676,-0.29766,-3.31980,0.46400,0,10,0,FALLBACK,-0.0109,0.100,1.2629,0,none
133.915,2677,-0.29835,-3.82068,0.67911,0,10,0,FALLBACK,-0.0049,0.100,1.2629,0,none
133.968,2678,-0.29931,-3.64606,0.45127,0,10,0,FALLBACK,0.0014,0.100,1.2630,0,none
134.018,2679,-0.29928,-3.75608,0.50891,0,10,0,FALLBACK,-0.0038,0.100,1.2631,0,none
134.066,2680,-0.30359,-3.62831,0.46555,0,10,0,FALLBACK,0.0395,0.100,1.2631,0,none
134.118,2681,-0.30775,-4.04417,0.63267,0,10,0,FALLBACK,0.0596,0.100,1.2631,0,none
134.169,2682,-0.30955,-3.82755,0.67252,0,10,0,FALLBACK,0.0567,0.100,1.2631,0,none
134.218,2683,-0.30992,-4.08810,0.59669,0,10,0,FALLBACK,0.0515,0.100,1.2631,0,none
134.270,2684,-0.30118,-4.24375,0.67607,0,10,0,FALLBACK,-0.0378,0.100,1.2632,0,none
134.318,2685,-0.29097,-4.06676,0.66826,0,10,0,FALLBACK,-0.0962,0.100,1.2631,0,none
134.367,2686,-0.28395,-4.11531,0.60475,0,10,0,FALLBACK,-0.1153,0.100,1.2631,0,none
134.419,2687,-0.28158,-4.35384,0.57965,0,10,0,FALLBACK,-0.1040,0.100,1.2630,0,none
134.468,2688,-0.28721,-4.02424,0.70694,0,10,0,FALLBACK,-0.0358,0.100,1.2630,0,none
134.518,2689,-0.29670,-3.56332,0.52517,0,10,0,FALLBACK,0.0309,0.100,1.2631,0,none
134.568,2690,-0.30639,-3.83589,0.55971,0,10,0,FALLBACK,0.0804,0.100,1.2631,0,none
134.621,2691,-0.31294,-3.70871,0.45305,0,10,0,FALLBACK,0.0975,0.100,1.2629,0,none
134.670,2692,-0.31242,-3.76131,0.55847,0,10,0,FALLBACK,0.0595,0.100,1.2629,0,none
134.719,2693,-0.30777,-3.72907,0.63973,0,10,0,FALLBACK,0.0156,0.100,1.2629,0,none
134.768,2694,-0.30128,-3.97093,0.59774,0,10,0,FALLBACK,-0.0260,0.100,1.2630,0,none
134.819,2695,-0.29519,-3.78604,0.66695,0,10,0,FALLBACK,-0.0545,0.100,1.2630,0,none
134.867,2696,-0.28953,-3.75033,0.54309,0,10,0,FALLBACK,-0.0807,0.100,1.2631,0,none
134.917,2697,-0.28730,-3.86527,0.58039,0,10,0,FALLBACK,-0.0746,0.100,1.2631,0,none
134.968,2698,-0.28882,-3.67292,0.47868,0,10,0,FALLBACK,-0.0483,0.100,1.2631,0,none
135.019,2699,-0.29355,-3.62305,0.52453,0,10,0,FALLBACK,-0.0085,0.100,1.2631,0,none
135.070,2700,-0.29714,-3.75529,0.66766,0,10,0,FALLBACK,0.0036,0.100,1.2632,0,none
135.120,2701,-0.30052,-3.85257,0.60588,0,10,0,FALLBACK,0.0196,0.100,1.2632,0,none
135.169,2702,-0.30346,-4.14690,0.72323,0,10,0,FALLBACK,0.0320,0.100,1.2633,0,none
135.220,2703,-0.30513,-4.03900,0.70085,0,10,0,FALLBACK,0.0339,0.100,1.2633,0,none
135.270,2704,-0.30765,-3.94553,0.59890,0,10,0,FALLBACK,0.0508,0.100,1.2633,0,none
135.320,2705,-0.30850,-4.11903,0.60254,0,10,0,FALLBACK,0.0468,0.100,1.2634,0,none
135.370,2706,-0.30696,-4.15698,0.64833,0,10,0,FALLBACK,0.0271,0.100,1.2634,0,none
135.420,2707,-0.30354,-4.18250,0.58958,0,10,0,FALLBACK,0.0006,0.100,1.2634,0,none
135.470,2708,-0.29887,-4.49017,0.70013,0,10,0,FALLBACK,-0.0290,0.100,1.2635,0,none
135.520,2709,-0.29469,-4.33503,0.65773,0,10,0,FALLBACK,-0.0474,0.100,1.2635,0,none
135.570,2710,-0.29227,-4.06379,0.60877,0,10,0,FALLBACK,-0.0508,0.100,1.2636,0,none
135.621,2711,-0.29216,-4.19993,0.59986,0,10,0,FALLBACK,-0.0397,0.100,1.2636,0,none
135.673,2712,-0.29350,-3.93113,0.56126,0,10,0,FALLBACK,-0.0258,0.100,1.2637,0,none
135.722,2713,-0.29635,-3.87306,0.72622,0,10,0,FALLBACK,-0.0040,0.100,1.2637,0,none
135.772,2714,-0.29548,-3.57887,0.48999,0,10,0,FALLBACK,-0.0269,0.100,1.2637,0,none
135.820,2715,-0.30397,-3.55308,0.55765,0,10,0,FALLBACK,0.0623,0.100,1.2638,0,none
135.871,2716,-0.31313,-3.17182,0.42374,0,10,0,FALLBACK,0.1114,0.100,1.2637,0,none
135.921,2717,-0.31813,-3.46507,0.53765,0,10,0,FALLBACK,0.1157,0.100,1.2636,0,none
135.972,2718,-0.31815,-3.61978,0.60963,0,10,0,FALLBACK,0.0908,0.100,1.2635,0,none
136.022,2719,-0.31177,-3.86019,0.52751,0,10,0,FALLBACK,0.0269,0.100,1.2635,0,none
136.073,2720,-0.30222,-3.69424,0.66334,0,10,0,FALLBACK,-0.0366,0.100,1.2635,0,none
136.124,2721,-0.29276,-4.04270,0.75030,0,10,0,FALLBACK,-0.0835,0.100,1.2636,0,none
136.171,2722,-0.28677,-3.68702,0.60005,0,10,0,FALLBACK,-0.0961,0.100,1.2635,0,none
136.223,2723,-0.28357,-4.47352,0.69733,0,10,0,FALLBACK,-0.0982,0.100,1.2635,0,none
136.274,2724,-0.28468,-3.91284,0.58700,0,10,0,FALLBACK,-0.0710,0.100,1.2635,0,none
136.324,2725,-0.29007,-3.64275,0.54445,0,10,0,FALLBACK,-0.0227,0.100,1.2635,0,none
136.374,2726,-0.29641,-3.70605,0.59837,0,10,0,FALLBACK,0.0138,0.100,1.2636,0,none
136.424,2727,-0.30744,-3.65099,0.46684,0,10,0,FALLBACK,0.0923,0.100,1.2636,0,none
136.474,2728,-0.31733,-3.58775,0.45667,0,10,0,FALLBACK,0.1361,0.100,1.2636,0,none
136.523,2729,-0.32236,-3.52813,0.63976,0,10,0,FALLBACK,0.1370,0.100,1.2633,0,none
136.576,2730,-0.32022,-3.77569,0.63137,0,10,0,FALLBACK,0.0904,0.100,1.2632,0,none
136.624,2731,-0.31341,-4.23310,0.63798,0,10,0,FALLBACK,0.0330,0.100,1.2631,0,none
136.673,2732,-0.30310,-3.40340,0.37504,0,10,0,FALLBACK,-0.0360,0.100,1.2633,0,none
136.724,2733,-0.29203,-3.61869,0.51661,0,10,0,FALLBACK,-0.0952,0.100,1.2633,0,none
136.773,2734,-0.28626,-3.74412,0.52311,0,10,0,FALLBACK,-0.0976,0.100,1.2633,0,none
136.825,2735,-0.27835,-3.77078,0.60945,0,10,0,FALLBACK,-0.1478,0.100,1.2632,0,none
136.875,2736,-0.27496,-3.60792,0.50207,0,10,0,FALLBACK,-0.1422,0.100,1.2631,0,none
136.925,2737,-0.27845,-3.85949,0.58803,0,10,0,FALLBACK,-0.0902,0.100,1.2630,0,none
136.974,2738,-0.28736,-3.55295,0.47445,0,10,0,FALLBACK,-0.0187,0.100,1.2630,0,none
137.024,2739,-0.30171,-3.16895,0.64104,0,10,0,FALLBACK,0.0803,0.100,1.2631,0,none
137.074,2740,-0.31598,-3.28372,0.55326,0,10,0,FALLBACK,0.1512,0.100,1.2630,0,none
137.125,2741,-0.32556,-3.65022,0.57308,0,10,0,FALLBACK,0.1757,0.100,1.2628,0,none
137.175,2742,-0.32909,-3.67753,0.56896,0,10,0,FALLBACK,0.1631,0.100,1.2624,0,none
137.226,2743,-0.32073,-3.93732,0.62195,0,10,0,FALLBACK,0.0619,0.100,1.2622,0,none
137.275,2744,-0.30550,-3.81343,0.69882,0,10,0,FALLBACK,-0.0486,0.100,1.2623,0,none
137.325,2745,-0.28861,-3.80133,0.49508,0,10,0,FALLBACK,-0.1414,0.100,1.2624,0,none
137.374,2746,-0.27558,-3.81429,0.61612,0,10,0,FALLBACK,-0.1873,0.100,1.2622,0,none
137.426,2747,-0.26910,-3.91082,0.63945,0,10,0,FALLBACK,-0.1869,0.100,1.2619,0,none
137.475,2748,-0.27146,-3.95869,0.56370,0,10,0,FALLBACK,-0.1309,0.100,1.2616,0,none
137.526,2749,-0.28198,-4.09922,0.57595,0,10,0,FALLBACK,-0.0375,0.100,1.2616,0,none
137.576,2750,-0.29538,-3.73269,0.49970,0,10,0,FALLBACK,0.0438,0.100,1.2617,0,none
137.624,2751,-0.31527,-3.65498,0.51599,0,10,0,FALLBACK,0.1759,0.100,1.2618,0,none
137.676,2752,-0.33206,-3.60627,0.55209,0,10,0,FALLBACK,0.2442,0.100,1.2614,0,none
137.711,2753,-0.33953,-4.03589,0.56740,0,10,0,FALLBACK,0.2350,0.100,1.2607,0,none
137.761,2754,-0.33419,-3.99046,0.59440,0,10,0,FALLBACK,0.1442,0.100,1.2602,0,none
137.812,2755,-0.32344,-4.50700,0.65535,0,10,0,FALLBACK,0.0634,0.100,1.2603,0,none
137.860,2756,-0.30906,-4.49167,0.66182,0,10,0,FALLBACK,-0.0266,0.100,1.2606,0,none
137.912,2757,-0.29454,-4.00099,0.54062,0,10,0,FALLBACK,-0.0999,0.100,1.2606,0,none
137.960,2758,-0.28511,-3.87858,0.64349,0,10,0,FALLBACK,-0.1216,0.100,1.2605,0,none
138.011,2759,-0.27685,-3.25451,0.46088,0,10,0,FALLBACK,-0.1571,0.100,1.2605,0,none
138.064,2760,-0.27476,-2.83433,0.31956,0,10,0,FALLBACK,-0.1366,0.100,1.2603,0,none
138.112,2761,-0.27966,-2.61942,0.32724,0,10,0,FALLBACK,-0.0772,0.100,1.2603,0,none
138.162,2762,-0.28915,0.34977,0.61093,0,10,0,FALLBACK,-0.0068,0.100,1.2604,0,none
138.211,2763,-0.30043,-0.02474,0.35195,0,10,0,FALLBACK,0.0585,0.100,1.2605,0,none
138.262,2764,-0.30999,-0.06666,0.25945,1,10,0,FALLBACK,0.0978,0.100,1.2605,0,none
138.313,2765,-0.31551,0.19058,0.28629,0,10,0,FALLBACK,0.1052,0.100,1.2604,0,none
138.364,2766,-0.31393,0.27827,0.25819,1,10,0,FALLBACK,0.0618,0.100,1.2604,0,none
138.413,2767,-0.31526,0.13936,0.17012,1,10,0,FALLBACK,0.0829,0.100,1.2604,0,none
138.462,2768,-0.31422,0.23599,0.16082,1,10,0,FALLBACK,0.0659,0.100,1.2605,0,none
138.512,2769,-0.30949,-1.36072,0.69989,0,10,0,FALLBACK,0.0238,0.100,1.2605,0,none
138.563,2770,-0.29765,-0.55344,1.09325,0,10,0,FALLBACK,-0.0710,0.100,1.2606,0,none
138.613,2771,-0.30150,-0.28656,0.41208,0,10,0,FALLBACK,0.0268,0.100,1.2606,0,none
138.662,2772,-0.30886,-1.07025,0.57900,0,10,0,FALLBACK,0.0810,0.100,1.2606,0,none
138.713,2773,-0.31349,-1.63613,0.60545,0,10,0,FALLBACK,0.0906,0.100,1.2605,0,none
138.764,2774,-0.30720,-0.82126,0.62694,0,10,0,FALLBACK,0.0045,0.100,1.2605,0,none
138.815,2775,-0.31941,-0.23018,0.18140,1,10,0,FALLBACK,0.1581,0.100,1.2605,0,none
138.863,2776,-0.33112,-0.28012,0.19956,1,10,0,FALLBACK,0.2141,0.100,1.2602,0,none
138.913,2777,-0.33352,-0.60011,0.40884,0,10,0,FALLBACK,0.1796,0.100,1.2597,0,none
138.965,2778,-0.31599,-2.08087,0.58737,0,10,0,FALLBACK,-0.0077,0.100,1.2595,0,none
139.015,2779,-0.32626,-0.29038,0.40790,0,10,0,FALLBACK,0.1826,0.100,1.2593,0,none
139.065,2780,-0.33766,-1.81254,0.61990,0,10,0,FALLBACK,0.2453,0.100,1.2589,0,none
139.115,2781,-0.33818,-3.18486,0.41444,0,10,0,FALLBACK,0.1934,0.100,1.2582,0,none
139.165,2782,-0.31586,-3.00120,0.53759,0,10,0,FALLBACK,-0.0323,0.100,1.2580,0,none
139.215,2783,-0.32600,-2.18007,0.66752,0,10,0,FALLBACK,0.1807,0.100,1.2578,0,none
139.266,2784,-0.33877,-3.25595,0.42859,0,10,0,FALLBACK,0.2577,0.100,1.2573,0,none
139.315,2785,-0.34032,-3.54452,0.38228,0,10,0,FALLBACK,0.2093,0.100,1.2565,0,none
139.365,2786,-0.31607,-3.43832,0.56685,0,10,0,FALLBACK,-0.0409,0.100,1.2562,0,none
139.416,2787,-0.33002,-3.37799,0.57960,0,10,0,FALLBACK,0.2199,0.100,1.2559,0,none
139.464,2788,-0.34691,-3.48910,0.52375,0,10,0,FALLBACK,0.3190,0.100,1.2550,0,none
139.515,2789,-0.34994,-3.09540,0.53940,0,10,0,FALLBACK,0.2649,0.100,1.2538,0,none
139.565,2790,-0.32108,-3.45272,0.44498,0,10,0,FALLBACK,-0.0389,0.100,1.2534,0,none
139.616,2791,-0.33623,-3.35759,0.55511,0,10,0,FALLBACK,0.2568,0.100,1.2528,0,none
139.665,2792,-0.35472,-3.26664,0.46154,0,10,0,FALLBACK,0.3661,0.100,1.2517,0,none
139.716,2793,-0.35717,-3.38491,0.45084,0,10,0,FALLBACK,0.2981,0.100,1.2502,0,none
139.766,2794,-0.32703,-3.56678,0.53870,0,10,0,FALLBACK,-0.0156,0.100,1.2497,0,none
139.815,2795,-0.32980,-3.13684,0.49068,0,10,0,FALLBACK,0.1629,0.100,1.2496,0,none
139.868,2796,-0.33338,-2.96505,0.65017,0,10,0,FALLBACK,0.1848,0.100,1.2496,0,none
139.916,2797,-0.33252,-2.94862,0.73361,0,10,0,FALLBACK,0.1583,0.100,1.2490,0,none
139.965,2798,-0.31066,-3.35871,0.60079,0,10,0,FALLBACK,-0.0560,0.100,1.2489,0,none
140.017,2799,-0.32076,-2.74998,0.52388,0,10,0,FALLBACK,0.1543,0.100,1.2488,0,none
140.066,2800,-0.33416,-3.42423,0.55787,0,10,0,FALLBACK,0.2378,0.100,1.2483,0,none
140.116,2801,-0.33720,-3.58764,0.56135,0,10,0,FALLBACK,0.2012,0.100,1.2477,0,none
140.166,2802,-0.31583,-3.21195,0.62596,0,10,0,FALLBACK,-0.0277,0.100,1.2475,0,none
140.217,2803,-0.32359,-3.35536,0.42948,0,10,0,FALLBACK,0.1568,0.100,1.2473,0,none
140.267,2804,-0.33415,-3.40212,0.47628,0,10,0,FALLBACK,0.2236,0.100,1.2472,0,none
140.317,2805,-0.33518,-3.56838,0.50493,0,10,0,FALLBACK,0.1810,0.100,1.2467,0,none
140.367,2806,-0.31169,-3.51171,0.51434,0,10,0,FALLBACK,-0.0590,0.100,1.2467,0,none
140.416,2807,-0.31957,-3.37368,0.48316,0,10,0,FALLBACK,0.1372,0.100,1.2464,0,none
140.465,2808,-0.33165,-3.55688,0.50970,0,10,0,FALLBACK,0.2187,0.100,1.2462,0,none
140.516,2809,-0.33305,-3.36990,0.41153,0,10,0,FALLBACK,0.1722,0.100,1.2455,0,none
140.568,2810,-0.30539,-3.79960,0.52364,0,10,0,FALLBACK,-0.1113,0.100,1.2456,0,none
140.618,2811,-0.32142,-3.39082,0.50321,0,10,0,FALLBACK,0.1872,0.100,1.2449,0,none
140.670,2812,-0.34354,-3.14958,0.45572,0,10,0,FALLBACK,0.3283,0.100,1.2440,0,none
140.716,2813,-0.35241,-3.25774,0.57531,0,10,0,FALLBACK,0.3064,0.100,1.2427,0,none
140.765,2814,-0.32425,-3.38129,0.47266,0,10,0,FALLBACK,-0.0195,0.100,1.2421,0,none
140.816,2815,-0.34141,-3.12410,0.50389,0,10,0,FALLBACK,0.2929,0.100,1.2420,0,none
140.868,2816,-0.35425,-3.54493,0.54126,0,10,0,FALLBACK,0.3355,0.100,1.2400,0,none
140.916,2817,-0.35014,-3.30941,0.48610,0,10,0,FALLBACK,0.2301,0.100,1.2393,0,none
140.968,2818,-0.31539,-2.98174,0.41784,0,10,0,FALLBACK,-0.0968,0.100,1.2393,0,none
141.018,2819,-0.31285,-3.03772,0.40401,0,10,0,FALLBACK,0.0515,0.100,1.2386,0,none
141.068,2820,-0.31819,-3.17527,0.45474,0,10,0,FALLBACK,0.1177,0.100,1.2390,0,none
141.117,2821,-0.31923,-3.70484,0.52768,0,10,0,FALLBACK,0.1014,0.100,1.2390,0,none
141.168,2822,-0.29085,-3.12984,0.43310,0,10,0,FALLBACK,-0.1877,0.100,1.2392,0,none
141.220,2823,-0.31135,-3.26042,0.43250,0,10,0,FALLBACK,0.1592,0.100,1.2382,0,none
141.266,2824,-0.34087,-3.23027,0.52893,0,10,0,FALLBACK,0.3520,0.100,1.2369,0,none
141.318,2825,-0.35716,-2.91058,0.52838,0,10,0,FALLBACK,0.3672,0.100,1.2354,0,none
141.368,2826,-0.32087,-2.75030,0.71292,0,10,0,FALLBACK,-0.0770,0.100,1.2344,0,none
141.416,2827,-0.34216,-3.15464,0.47499,0,10,0,FALLBACK,0.3172,0.100,1.2327,0,none
141.469,2828,-0.36994,-2.86547,0.56266,0,10,0,FALLBACK,0.4886,0.100,1.2309,0,none
141.518,2829,-0.37725,-2.96373,0.43432,0,10,0,FALLBACK,0.4228,0.100,1.2283,0,none
141.567,2830,-0.36081,-3.12893,0.59459,0,10,0,FALLBACK,0.2219,0.100,1.2273,0,none
141.620,2831,-0.32674,-3.11642,0.71622,0,10,0,FALLBACK,-0.0367,0.100,1.2278,0,none
141.668,2832,-0.33037,-3.32617,0.49597,0,10,0,FALLBACK,0.1701,0.100,1.2281,0,none
141.718,2833,-0.33802,-3.12945,0.61238,0,10,0,FALLBACK,0.2283,0.100,1.2281,0,none
141.767,2834,-0.33538,-2.89877,0.54198,0,10,0,FALLBACK,0.1637,0.100,1.2278,0,none
141.818,2835,-0.31480,-2.93302,0.51892,0,10,0,FALLBACK,-0.0289,0.100,1.2280,0,none
141.869,2836,-0.33636,-2.10037,0.75682,0,10,0,FALLBACK,0.2897,0.100,1.2282,0,none
141.919,2837,-0.35908,-1.45813,0.66586,0,10,0,FALLBACK,0.4089,0.100,1.2268,0,none
141.969,2838,-0.36385,-1.72138,0.68931,0,10,0,FALLBACK,0.3432,0.100,1.2252,0,none
142.019,2839,-0.33798,-2.76274,0.48492,0,10,0,FALLBACK,0.0606,0.100,1.2248,0,none
142.069,2840,-0.34851,-2.88960,0.44613,0,10,0,FALLBACK,0.2952,0.100,1.2249,0,none
142.120,2841,-0.35888,-2.71313,0.70864,0,10,0,FALLBACK,0.3462,0.100,1.2245,0,none
142.169,2842,-0.35340,-2.82333,0.64453,0,10,0,FALLBACK,0.2396,0.100,1.2237,0,none
142.221,2843,-0.31822,-3.08407,0.39763,0,10,0,FALLBACK,-0.0848,0.100,1.2238,0,none
142.270,2844,-0.32486,-2.90197,0.47781,0,10,0,FALLBACK,0.1575,0.100,1.2234,0,none
142.320,2845,-0.33806,-3.05301,0.56451,0,10,0,FALLBACK,0.2563,0.100,1.2233,0,none
142.370,2846,-0.34076,-3.35419,0.49278,0,10,0,FALLBACK,0.2173,0.100,1.2229,0,none
142.419,2847,-0.31408,-2.95156,0.44572,0,10,0,FALLBACK,-0.0630,0.100,1.2229,0,none
142.469,2848,-0.32723,-2.96617,0.38128,0,10,0,FALLBACK,0.2019,0.100,1.2226,0,none
142.520,2849,-0.34489,-3.35041,0.46438,0,10,0,FALLBACK,0.3127,0.100,1.2222,0,none
142.569,2850,-0.34965,-3.24104,0.46886,0,10,0,FALLBACK,0.2720,0.100,1.2214,0,none
142.621,2851,-0.32465,-3.01659,0.31408,0,10,0,FALLBACK,-0.0017,0.100,1.2213,0,none
142.669,2852,-0.32679,-2.81089,0.54300,0,10,0,FALLBACK,0.1447,0.100,1.2213,0,none
142.719,2853,-0.33198,-2.94460,0.43794,0,10,0,FALLBACK,0.1858,0.100,1.2217,0,none
142.770,2854,-0.32921,-2.75265,0.46226,0,10,0,FALLBACK,0.1323,0.100,1.2217,0,none
142.820,2855,-0.29715,-2.82513,0.50851,0,10,0,FALLBACK,-0.1746,0.100,1.2221,0,none
142.871,2856,-0.30925,-2.55206,0.53347,0,10,0,FALLBACK,0.1067,0.100,1.2212,0,none
142.919,2857,-0.33083,-2.85553,0.44580,0,10,0,FALLBACK,0.2621,0.100,1.2209,0,none
142.969,2858,-0.34285,-2.22620,0.67065,0,10,0,FALLBACK,0.2744,0.100,1.2203,0,none
143.021,2859,-0.31414,-2.67054,0.46439,0,10,0,FALLBACK,-0.0729,0.100,1.2200,0,none
143.070,2860,-0.33118,-2.92726,0.49333,0,10,0,FALLBACK,0.2411,0.100,1.2192,0,none
143.120,2861,-0.35371,-2.66403,0.62386,0,10,0,FALLBACK,0.3812,0.100,1.2184,0,none
143.170,2862,-0.36070,-3.07068,0.39175,0,10,0,FALLBACK,0.3385,0.100,1.2171,0,none
143.222,2863,-0.34934,-2.67574,0.41969,0,10,0,FALLBACK,0.1899,0.100,1.2167,0,none
143.271,2864,-0.32303,-3.09858,0.40692,0,10,0,FALLBACK,-0.0164,0.100,1.2172,0,none
143.322,2865,-0.32042,-2.97876,0.51676,0,10,0,FALLBACK,0.0890,0.100,1.2177,0,none
143.371,2866,-0.32096,-2.90274,0.45926,0,10,0,FALLBACK,0.1075,0.100,1.2183,0,none
143.420,2867,-0.31652,-3.06577,0.39613,0,10,0,FALLBACK,0.0604,0.100,1.2186,0,none
143.471,2868,-0.30343,-3.43055,0.53252,0,10,0,FALLBACK,-0.0483,0.100,1.2191,0,none
143.521,2869,-0.30968,-3.04517,0.62086,0,10,0,FALLBACK,0.0797,0.100,1.2195,0,none
143.571,2870,-0.31840,-2.76171,0.60018,0,10,0,FALLBACK,0.1356,0.100,1.2198,0,none
143.620,2871,-0.32179,-2.66791,0.44876,0,10,0,FALLBACK,0.1259,0.100,1.2200,0,none
143.671,2872,-0.31267,-2.90585,0.53219,0,10,0,FALLBACK,0.0178,0.100,1.2203,0,none
143.722,2873,-0.32127,-3.11272,0.52946,0,10,0,FALLBACK,0.1493,0.100,1.2208,0,none
143.771,2874,-0.32951,-2.72603,0.47714,0,10,0,FALLBACK,0.1888,0.100,1.2210,0,none
143.822,2875,-0.32955,-2.83154,0.41104,0,10,0,FALLBACK,0.1479,0.100,1.2210,0,none
143.871,2876,-0.31488,-2.67714,0.58864,0,10,0,FALLBACK,0.0011,0.100,1.2213,0,none
143.924,2877,-0.31541,-2.76245,0.56643,0,10,0,FALLBACK,0.0797,0.100,1.2217,0,none
143.973,2878,-0.31783,-3.27887,0.54970,0,10,0,FALLBACK,0.1012,0.100,1.2223,0,none
144.023,2879,-0.31641,-2.97236,0.41944,0,10,0,FALLBACK,0.0750,0.100,1.2226,0,none
144.074,2880,-0.29817,-2.41861,0.48751,0,10,0,FALLBACK,-0.1003,0.100,1.2230,0,none
144.122,2881,-0.30981,-2.83104,0.55070,0,10,0,FALLBACK,0.1072,0.100,1.2232,0,none
144.174,2882,-0.32714,-2.53880,0.55982,0,10,0,FALLBACK,0.2224,0.100,1.2232,0,none
144.223,2883,-0.33810,-3.00055,0.72146,0,10,0,FALLBACK,0.2453,0.100,1.2229,0,none
144.274,2884,-0.32376,-2.44812,0.54923,0,10,0,FALLBACK,0.0470,0.100,1.2226,0,none
144.324,2885,-0.33243,-3.25946,0.50642,0,10,0,FALLBACK,0.2055,0.100,1.2228,0,none
144.373,2886,-0.34087,-3.20668,0.45267,0,10,0,FALLBACK,0.2465,0.100,1.2231,0,none
144.423,2887,-0.33970,-3.40621,0.47904,0,10,0,FALLBACK,0.1927,0.100,1.2228,0,none
144.473,2888,-0.31525,-3.36048,0.63669,0,10,0,FALLBACK,-0.0460,0.100,1.2228,0,none
144.523,2889,-0.31042,-3.62194,0.52732,0,10,0,FALLBACK,0.0279,0.100,1.2232,0,none
144.576,2890,-0.31025,-3.44025,0.48827,0,10,0,FALLBACK,0.0504,0.100,1.2235,0,none
144.623,2891,-0.30898,-3.58907,0.49258,0,10,0,FALLBACK,0.0385,0.100,1.2239,0,none
144.674,2892,-0.29559,-3.82974,0.57359,0,10,0,FALLBACK,-0.0890,0.100,1.2243,0,none
144.723,2893,-0.30049,-3.63809,0.65712,0,10,0,FALLBACK,0.0269,0.100,1.2246,0,none
144.773,2894,-0.31017,-3.20778,0.37448,0,10,0,FALLBACK,0.0993,0.100,1.2249,0,none
144.824,2895,-0.31791,-3.49809,0.48715,0,10,0,FALLBACK,0.1282,0.100,1.2252,0,none
144.873,2896,-0.31150,-3.14958,0.46967,0,10,0,FALLBACK,0.0255,0.100,1.2254,0,none
144.924,2897,-0.31685,-3.07074,0.39989,0,10,0,FALLBACK,0.1110,0.100,1.2257,0,none
144.975,2898,-0.32185,-2.90940,0.51335,0,10,0,FALLBACK,0.1342,0.100,1.2261,0,none
145.024,2899,-0.32175,-3.30797,0.44777,0,10,0,FALLBACK,0.1083,0.100,1.2263,0,none
145.074,2900,-0.31553,-2.70367,0.61000,0,10,0,FALLBACK,0.0465,0.100,1.2266,0,none
145.126,2901,-0.30388,-3.38151,0.45182,0,10,0,FALLBACK,-0.0389,0.100,1.2270,0,none
145.176,2902,-0.30318,-3.37620,0.64528,0,10,0,FALLBACK,0.0124,0.100,1.2274,0,none
145.225,2903,-0.30499,-3.77851,0.55672,0,10,0,FALLBACK,0.0340,0.100,1.2278,0,none
145.275,2904,-0.30604,-3.12120,0.53965,0,10,0,FALLBACK,0.0354,0.100,1.2282,0,none
145.323,2905,-0.30435,-3.42102,0.45657,0,10,0,FALLBACK,0.0134,0.100,1.2286,0,none
145.375,2906,-0.30671,-3.57017,0.46261,0,10,0,FALLBACK,0.0453,0.100,1.2290,0,none
145.426,2907,-0.30871,-3.43884,0.56315,0,10,0,FALLBACK,0.0535,0.100,1.2294,0,none
145.475,2908,-0.30892,-3.88697,0.59033,0,10,0,FALLBACK,0.0456,0.100,1.2297,0,none
145.527,2909,-0.30708,-3.82406,0.71796,0,10,0,FALLBACK,0.0262,0.100,1.2301,0,none
145.574,2910,-0.30121,-3.84061,0.64396,0,10,0,FALLBACK,-0.0233,0.100,1.2305,0,none
145.610,2911,-0.29436,-3.94545,0.71992,0,10,0,FALLBACK,-0.0624,0.100,1.2309,0,none
145.659,2912,-0.28969,-4.03288,0.64073,0,10,0,FALLBACK,-0.0749,0.100,1.2312,0,none
145.710,2913,-0.28628,-3.32318,0.47254,0,10,0,FALLBACK,-0.0856,0.100,1.2315,0,none
145.760,2914,-0.29540,-3.23940,0.71033,0,10,0,FALLBACK,0.0226,0.100,1.2319,0,none
145.810,2915,-0.30641,-3.67934,0.50639,0,10,0,FALLBACK,0.0871,0.100,1.2321,0,none
145.862,2916,-0.31388,-3.20554,0.47696,0,10,0,FALLBACK,0.1067,0.100,1.2323,0,none
145.911,2917,-0.31631,-3.74055,0.58409,0,10,0,FALLBACK,0.0937,0.100,1.2325,0,none
145.962,2918,-0.31458,-2.77691,0.67515,0,10,0,FALLBACK,0.0643,0.100,1.2329,0,none
146.011,2919,-0.30960,-3.18952,0.57363,0,10,0,FALLBACK,0.0231,0.100,1.2332,0,none
146.061,2920,-0.30304,-3.15462,0.48658,0,10,0,FALLBACK,-0.0176,0.100,1.2336,0,none
146.110,2921,-0.29730,-3.75218,0.66870,0,10,0,FALLBACK,-0.0422,0.100,1.2340,0,none
146.161,2922,-0.29126,-3.32341,0.50118,0,10,0,FALLBACK,-0.0739,0.100,1.2343,0,none
146.212,2923,-0.28782,-3.62712,0.46503,0,10,0,FALLBACK,-0.0781,0.100,1.2346,0,none
146.264,2924,-0.28799,-3.47293,0.62230,0,10,0,FALLBACK,-0.0592,0.100,1.2349,0,none
146.311,2925,-0.29530,-3.45966,0.67357,0,10,0,FALLBACK,0.0130,0.100,1.2352,0,none
146.362,2926,-0.29099,-3.13041,0.45845,0,10,0,FALLBACK,-0.0666,0.100,1.2355,0,none
146.409,2927,-0.28646,-3.72659,0.65505,0,10,0,FALLBACK,-0.0904,0.100,1.2358,0,none
146.459,2928,-0.28621,-3.87346,0.61770,0,10,0,FALLBACK,-0.0702,0.100,1.2360,0,none
146.513,2929,-0.29774,-3.78711,0.49846,0,10,0,FALLBACK,0.0463,0.100,1.2363,0,none
146.560,2930,-0.28670,-3.71978,0.55000,0,10,0,FALLBACK,-0.1217,0.100,1.2365,0,none
146.612,2931,-0.27498,-3.69407,0.68592,0,10,0,FALLBACK,-0.1837,0.100,1.2364,0,none
146.663,2932,-0.27187,-3.62299,0.56388,0,10,0,FALLBACK,-0.1562,0.100,1.2363,0,none
146.712,2933,-0.28124,-3.74784,0.59441,0,10,0,FALLBACK,-0.0469,0.100,1.2365,0,none
146.764,2934,-0.28320,-3.45746,0.69043,0,10,0,FALLBACK,-0.0742,0.100,1.2368,0,none
146.812,2935,-0.28576,-3.23406,0.46619,0,10,0,FALLBACK,-0.0583,0.100,1.2371,0,none
146.863,2936,-0.29164,-3.62854,0.53736,0,10,0,FALLBACK,-0.0124,0.100,1.2374,0,none
146.915,2937,-0.30510,-3.04013,0.56777,0,10,0,FALLBACK,0.0928,0.100,1.2377,0,none
146.964,2938,-0.30301,-3.22130,0.52122,0,10,0,FALLBACK,0.0046,0.100,1.2379,0,none
147.014,2939,-0.29665,-3.30405,0.43556,0,10,0,FALLBACK,-0.0486,0.100,1.2380,0,none
147.063,2940,-0.29130,-3.27089,0.44844,0,10,0,FALLBACK,-0.0702,0.100,1.2383,0,none
147.114,2941,-0.29280,-3.29176,0.47351,0,10,0,FALLBACK,-0.0285,0.100,1.2386,0,none
147.165,2942,-0.28733,-3.00088,0.47048,0,10,0,FALLBACK,-0.0907,0.100,1.2389,0,none
147.214,2943,-0.28305,-3.85515,0.63977,0,10,0,FALLBACK,-0.1061,0.100,1.2391,0,none
147.265,2944,-0.28345,-3.80196,0.59599,0,10,0,FALLBACK,-0.0807,0.100,1.2393,0,none
147.314,2945,-0.29730,-3.63727,0.53418,0,10,0,FALLBACK,0.0557,0.100,1.2395,0,none
147.364,2946,-0.29022,-3.67944,0.44330,0,10,0,FALLBACK,-0.0843,0.100,1.2396,0,none
147.415,2947,-0.28013,-3.72650,0.41973,0,10,0,FALLBACK,-0.1498,0.100,1.2396,0,none
147.466,2948,-0.27584,-3.20014,0.45591,0,10,0,FALLBACK,-0.1423,0.100,1.2397,0,none
147.516,2949,-0.29285,-3.16250,0.44291,0,10,0,FALLBACK,0.0493,0.100,1.2398,0,none
147.564,2950,-0.27879,-3.29260,0.44958,0,10,0,FALLBACK,-0.1763,0.100,1.2397,0,none
147.616,2951,-0.26202,-3.45063,0.47245,0,10,0,FALLBACK,-0.2738,0.100,1.2392,0,none
147.665,2952,-0.25652,-3.34523,0.55375,0,10,0,FALLBACK,-0.2449,0.100,1.2386,0,none
147.716,2953,-0.28143,-3.12750,0.51827,0,10,0,FALLBACK,0.0317,0.100,1.2385,0,none
147.767,2954,-0.27053,-3.68073,0.60083,0,10,0,FALLBACK,-0.2018,0.100,1.2382,0,none
147.817,2955,-0.25633,-3.16142,0.44001,0,10,0,FALLBACK,-0.2894,0.100,1.2376,0,none
147.866,2956,-0.25442,-3.33473,0.32892,0,10,0,FALLBACK,-0.2374,0.100,1.2370,0,none
147.918,2957,-0.28173,-3.38550,0.40132,0,10,0,FALLBACK,0.0452,0.100,1.2369,0,none
147.967,2958,-0.27699,-3.28620,0.41298,0,10,0,FALLBACK,-0.1387,0.100,1.2366,0,none
148.017,2959,-0.26773,-3.31247,0.42423,0,10,0,FALLBACK,-0.2077,0.100,1.2365,0,none
148.068,2960,-0.26704,-3.27543,0.61831,0,10,0,FALLBACK,-0.1682,0.100,1.2363,0,none
148.117,2961,-0.28695,-2.96705,0.41985,0,10,0,FALLBACK,0.0343,0.100,1.2365,0,none
148.168,2962,-0.28549,-3.34597,0.51057,0,10,0,FALLBACK,-0.0799,0.100,1.2365,0,none
148.217,2963,-0.28063,-3.55497,0.58246,0,10,0,FALLBACK,-0.1212,0.100,1.2366,0,none
148.267,2964,-0.28068,-3.56906,0.64740,0,10,0,FALLBACK,-0.0963,0.100,1.2368,0,none
148.318,2965,-0.30242,-3.44532,0.61505,0,10,0,FALLBACK,0.1208,0.100,1.2370,0,none
148.368,2966,-0.28765,-3.49494,0.55770,0,10,0,FALLBACK,-0.1356,0.100,1.2367,0,none
148.418,2967,-0.26695,-3.29803,0.52185,0,10,0,FALLBACK,-0.2688,0.100,1.2361,0,none
148.469,2968,-0.25652,-3.35457,0.39852,0,10,0,FALLBACK,-0.2696,0.100,1.2355,0,none
148.516,2969,-0.28121,-3.54257,0.49573,0,10,0,FALLBACK,0.0295,0.100,1.2352,0,none
148.567,2970,-0.26427,-3.13856,0.49956,0,10,0,FALLBACK,-0.2633,0.100,1.2348,0,none
148.618,2971,-0.24436,-3.26567,0.46277,0,10,0,FALLBACK,-0.3778,0.100,1.2336,0,none
148.668,2972,-0.24056,-3.10905,0.38711,0,10,0,FALLBACK,-0.3162,0.100,1.2324,0,none
148.718,2973,-0.27361,-3.49654,0.49023,0,10,0,FALLBACK,0.0333,0.100,1.2321,0,none
148.768,2974,-0.27168,-3.26628,0.52349,0,10,0,FALLBACK,-0.1513,0.100,1.2316,0,none
148.819,2975,-0.26448,-3.00023,0.39623,0,10,0,FALLBACK,-0.2136,0.100,1.2316,0,none
148.870,2976,-0.26624,-3.27649,0.45221,0,10,0,FALLBACK,-0.1600,0.100,1.2315,0,none
148.919,2977,-0.29482,-3.10294,0.60415,0,10,0,FALLBACK,0.1170,0.100,1.2317,0,none
148.972,2978,-0.28854,-3.36396,0.46733,0,10,0,FALLBACK,-0.0887,0.100,1.2312,0,none
149.019,2979,-0.27497,-3.35424,0.56951,0,10,0,FALLBACK,-0.1930,0.100,1.2310,0,none
149.069,2980,-0.26852,-3.11957,0.53782,0,10,0,FALLBACK,-0.1896,0.100,1.2309,0,none
149.119,2981,-0.29624,-3.17383,0.55343,0,10,0,FALLBACK,0.1197,0.100,1.2310,0,none
149.170,2982,-0.27560,-3.15287,0.51157,0,10,0,FALLBACK,-0.2251,0.100,1.2302,0,none
149.220,2983,-0.24854,-3.65634,0.62562,0,10,0,FALLBACK,-0.3926,0.100,1.2287,0,none
149.276,2984,-0.23723,-3.90425,0.64771,0,10,0,FALLBACK,-0.3704,0.100,1.2273,0,none
149.320,2985,-0.27742,-3.83388,0.63706,0,10,0,FALLBACK,0.0880,0.100,1.2265,0,none
149.370,2986,-0.26047,-3.49448,0.57959,0,10,0,FALLBACK,-0.2824,0.100,1.2249,0,none
149.420,2987,-0.23577,-4.11568,0.61975,0,10,0,FALLBACK,-0.4446,0.100,1.2233,0,none
149.471,2988,-0.22941,-3.91000,0.54348,0,10,0,FALLBACK,-0.3848,0.100,1.2216,0,none
149.519,2989,-0.28045,-3.99834,0.53079,0,10,0,FALLBACK,0.1574,0.100,1.2210,0,none
149.569,2990,-0.26615,-3.86440,0.66688,0,10,0,FALLBACK,-0.2408,0.100,1.2182,0,none
149.620,2991,-0.24001,-4.19929,0.76195,0,10,0,FALLBACK,-0.4306,0.100,1.2167,0,none
149.670,2992,-0.23098,-4.29303,0.71876,0,10,0,FALLBACK,-0.3902,0.100,1.2150,0,none
149.720,2993,-0.28818,-4.14379,0.71707,0,10,0,FALLBACK,0.2269,0.100,1.2144,0,none
149.770,2994,-0.26472,-4.04453,0.70005,0,10,0,FALLBACK,-0.2937,0.100,1.2103,0,none
149.821,2995,-0.22646,-3.97807,0.56209,0,10,0,FALLBACK,-0.5590,0.100,1.2072,0,none
149.869,2996,-0.21025,-3.89857,0.55994,0,10,0,FALLBACK,-0.5298,0.100,1.2039,0,none
149.921,2997,-0.22238,-3.94906,0.60600,0,10,0,FALLBACK,-0.3274,0.100,1.2025,0,none
149.971,2998,-0.25784,-4.02955,0.60319,0,10,0,FALLBACK,-0.0335,0.100,1.2031,0,none
150.020,2999,-0.24466,-3.69588,0.57343,0,10,0,FALLBACK,-0.3427,0.100,1.2037,0,none
150.072,3000,-0.23035,-3.47466,0.53802,0,10,0,FALLBACK,-0.4198,0.100,1.2025,0,none
150.119,3001,-0.23515,-3.85356,0.70960,0,10,0,FALLBACK,-0.3003,0.100,1.2015,0,none
150.172,3002,-0.26725,-3.83874,0.65666,0,10,0,FALLBACK,-0.0032,0.100,1.2018,0,none
150.222,3003,-0.24535,-3.95209,0.78883,0,10,0,FALLBACK,-0.3827,0.100,1.2021,0,none
150.272,3004,-0.22204,-3.79243,0.75119,0,10,0,FALLBACK,-0.5063,0.100,1.1999,0,none
150.323,3005,-0.22116,-4.08539,0.70872,0,10,0,FALLBACK,-0.3986,0.100,1.1981,0,none
150.371,3006,-0.25629,-4.48261,0.76651,0,10,0,FALLBACK,-0.0429,0.100,1.1980,0,none
150.422,3007,-0.24273,-4.11910,0.82125,0,10,0,FALLBACK,-0.3541,0.100,1.1981,0,none
150.472,3008,-0.22751,-4.33822,0.77002,0,10,0,FALLBACK,-0.4385,0.100,1.1971,0,none
150.523,3009,-0.23173,-4.24860,0.77247,0,10,0,FALLBACK,-0.3203,0.100,1.1961,0,none
150.572,3010,-0.27572,-4.21812,0.77349,0,10,0,FALLBACK,0.0986,0.100,1.1963,0,none
150.623,3011,-0.25843,-3.94836,0.51381,0,10,0,FALLBACK,-0.2943,0.100,1.1965,0,none
150.672,3012,-0.23205,-4.46233,0.75327,0,10,0,FALLBACK,-0.4716,0.100,1.1950,0,none
150.721,3013,-0.22170,-4.47724,0.66887,0,10,0,FALLBACK,-0.4433,0.100,1.1929,0,none
150.774,3014,-0.26005,-4.06296,0.65807,0,10,0,FALLBACK,-0.0080,0.100,1.1917,0,none
150.824,3015,-0.24343,-3.98043,0.55310,0,10,0,FALLBACK,-0.3660,0.100,1.1918,0,none
150.871,3016,-0.22160,-4.07856,0.71634,0,10,0,FALLBACK,-0.5012,0.100,1.1907,0,none
150.924,3017,-0.21787,-4.22696,0.52550,0,10,0,FALLBACK,-0.4293,0.100,1.1886,0,none
150.972,3018,-0.27359,-4.29752,0.56339,0,10,0,FALLBACK,0.1465,0.100,1.1877,0,none
151.022,3019,-0.25717,-3.84204,0.59011,0,10,0,FALLBACK,-0.2962,0.100,1.1872,0,none
151.073,3020,-0.22727,-3.53145,0.69101,0,10,0,FALLBACK,-0.5131,0.100,1.1847,0,none
151.124,3021,-0.21356,-4.11913,0.56899,0,10,0,FALLBACK,-0.5008,0.100,1.1822,0,none
151.176,3022,-0.26840,-3.70897,0.56194,0,10,0,FALLBACK,0.1162,0.100,1.1805,0,none
151.226,3023,-0.24996,-4.20534,0.71786,0,10,0,FALLBACK,-0.3424,0.100,1.1796,0,none
151.274,3024,-0.21769,-4.44921,0.64430,0,10,0,FALLBACK,-0.5728,0.100,1.1786,0,none
151.324,3025,-0.19819,-4.80126,0.67479,0,10,0,FALLBACK,-0.6066,0.100,1.1755,0,none
151.375,3026,-0.25983,-4.12424,0.61465,0,10,0,FALLBACK,0.1073,0.100,1.1718,0,none
151.423,3027,-0.24475,-4.07598,0.65589,0,10,0,FALLBACK,-0.3516,0.100,1.1707,0,none
151.476,3028,-0.22348,-4.76863,0.79117,0,10,0,FALLBACK,-0.4890,0.100,1.1670,0,none
151.524,3029,-0.21583,-4.33937,0.76594,0,10,0,FALLBACK,-0.4591,0.100,1.1650,0,none
151.576,3030,-0.23079,-3.79207,0.67827,0,10,0,FALLBACK,-0.2712,0.100,1.1644,0,none
151.610,3031,-0.27817,-3.50518,0.43980,0,10,0,FALLBACK,0.1277,0.100,1.1653,0,none
151.659,3032,-0.26452,-3.63665,0.62461,0,10,0,FALLBACK,-0.2456,0.100,1.1650,0,none
151.708,3033,-0.24487,-4.15119,0.70445,0,10,0,FALLBACK,-0.3739,0.100,1.1638,0,none
151.758,3034,-0.24303,-4.60337,0.57820,0,10,0,FALLBACK,-0.2940,0.100,1.1631,0,none
151.810,3035,-0.28142,-4.06859,0.68473,0,10,0,FALLBACK,0.0991,0.100,1.1639,0,none
151.859,3036,-0.25494,-4.04009,0.67590,0,10,0,FALLBACK,-0.3577,0.100,1.1638,0,none
151.910,3037,-0.22616,-3.99018,0.63309,0,10,0,FALLBACK,-0.5131,0.100,1.1612,0,none
151.960,3038,-0.22163,-4.50859,0.50029,0,10,0,FALLBACK,-0.4145,0.100,1.1592,0,none
152.011,3039,-0.27355,-3.61597,0.62648,0,10,0,FALLBACK,0.1274,0.100,1.1598,0,none
152.060,3040,-0.25121,-3.80876,0.51215,0,10,0,FALLBACK,-0.3557,0.100,1.1587,0,none
152.109,3041,-0.22309,-3.74766,0.66188,0,10,0,FALLBACK,-0.5252,0.100,1.1559,0,none
152.160,3042,-0.21973,-3.79874,0.53730,0,10,0,FALLBACK,-0.4181,0.100,1.1537,0,none
152.210,3043,-0.27778,-3.86178,0.57293,0,10,0,FALLBACK,0.1792,0.100,1.1544,0,none
152.261,3044,-0.26270,-3.94840,0.45154,0,10,0,FALLBACK,-0.2620,0.100,1.1524,0,none
152.312,3045,-0.23799,-3.67219,0.61014,0,10,0,FALLBACK,-0.4336,0.100,1.1507,0,none
152.361,3046,-0.23354,-3.87681,0.80895,0,10,0,FALLBACK,-0.3545,0.100,1.1494,0,none
152.412,3047,-0.24726,-3.44032,0.51103,0,10,0,FALLBACK,-0.1951,0.100,1.1502,0,none
152.460,3048,-0.28322,-3.66598,0.48058,0,10,0,FALLBACK,0.0959,0.100,1.1517,0,none
152.513,3049,-0.27448,-3.90725,0.55196,0,10,0,FALLBACK,-0.1713,0.100,1.1521,0,none
152.561,3050,-0.26175,-4.15819,0.63889,0,10,0,FALLBACK,-0.2549,0.100,1.1522,0,none
152.610,3051,-0.26115,-3.80321,0.55532,0,10,0,FALLBACK,-0.1972,0.100,1.1526,0,none
152.661,3052,-0.29227,-3.97839,0.59492,0,10,0,FALLBACK,0.1169,0.100,1.1537,0,none
152.712,3053,-0.27354,-3.69722,0.58897,0,10,0,FALLBACK,-0.2259,0.100,1.1538,0,none
152.762,3054,-0.25118,-3.80683,0.47795,0,10,0,FALLBACK,-0.3559,0.100,1.1532,0,none
152.812,3055,-0.24527,-3.52638,0.53205,0,10,0,FALLBACK,-0.3032,0.100,1.1528,0,none
152.862,3056,-0.27990,-3.56728,0.54355,0,10,0,FALLBACK,0.0726,0.100,1.1536,0,none
152.912,3057,-0.26778,-3.45807,0.46449,0,10,0,FALLBACK,-0.2217,0.100,1.1538,0,none
152.963,3058,-0.25156,-3.33830,0.49315,0,10,0,FALLBACK,-0.3233,0.100,1.1535,0,none
153.012,3059,-0.25017,-3.67516,0.42497,0,10,0,FALLBACK,-0.2561,0.100,1.1535,0,none
153.064,3060,-0.26228,-3.39946,0.47990,0,10,0,FALLBACK,-0.1281,0.100,1.1544,0,none
153.114,3061,-0.28747,-3.55956,0.42247,0,10,0,FALLBACK,0.0633,0.100,1.1557,0,none
153.163,3062,-0.29097,-3.62007,0.52339,0,10,0,FALLBACK,-0.0276,0.100,1.1565,0,none
153.212,3063,-0.28938,-3.36939,0.56366,0,10,0,FALLBACK,-0.0611,0.100,1.1575,0,none
153.265,3064,-0.29012,-3.64205,0.56142,0,10,0,FALLBACK,-0.0457,0.100,1.1586,0,none
153.314,3065,-0.30799,-3.55592,0.63704,0,10,0,FALLBACK,0.1293,0.100,1.1597,0,none
153.363,3066,-0.28961,-3.58855,0.62665,0,10,0,FALLBACK,-0.1439,0.100,1.1603,0,none
153.413,3067,-0.26591,-3.70737,0.65377,0,10,0,FALLBACK,-0.2889,0.100,1.1603,0,none
153.464,3068,-0.25309,-3.76715,0.48233,0,10,0,FALLBACK,-0.2987,0.100,1.1605,0,none
153.513,3069,-0.27894,-3.52084,0.48124,0,10,0,FALLBACK,0.0240,0.100,1.1609,0,none
153.564,3070,-0.26210,-3.84028,0.61904,0,10,0,FALLBACK,-0.2737,0.100,1.1611,0,none
153.614,3071,-0.24152,-4.05856,0.50222,0,10,0,FALLBACK,-0.3953,0.100,1.1607,0,none
153.664,3072,-0.23678,-3.78875,0.42446,0,10,0,FALLBACK,-0.3398,0.100,1.1603,0,none
153.716,3073,-0.24928,-3.66276,0.59896,0,10,0,FALLBACK,-0.1910,0.100,1.1608,0,none
153.764,3074,-0.27903,-3.72399,0.50267,0,10,0,FALLBACK,0.0439,0.100,1.1620,0,none
153.812,3075,-0.27040,-3.90219,0.66887,0,10,0,FALLBACK,-0.1912,0.100,1.1628,0,none
153.864,3076,-0.25787,-3.52905,0.44976,0,10,0,FALLBACK,-0.2732,0.100,1.1629,0,none
153.913,3077,-0.25674,-3.55771,0.49607,0,10,0,FALLBACK,-0.2220,0.100,1.1633,0,none
153.964,3078,-0.28208,-3.68081,0.54881,0,10,0,FALLBACK,0.0371,0.100,1.1641,0,none
154.016,3079,-0.26554,-3.45458,0.53836,0,10,0,FALLBACK,-0.2551,0.100,1.1646,0,none
154.064,3080,-0.24577,-3.32931,0.49624,0,10,0,FALLBACK,-0.3700,0.100,1.1642,0,none
154.117,3081,-0.24112,-3.31536,0.46825,0,10,0,FALLBACK,-0.3177,0.100,1.1639,0,none
154.167,3082,-0.27759,-3.45611,0.59680,0,10,0,FALLBACK,0.0703,0.100,1.1645,0,none
154.218,3083,-0.26154,-3.43846,0.54886,0,10,0,FALLBACK,-0.2725,0.100,1.1641,0,none
154.266,3084,-0.23909,-3.50568,0.49291,0,10,0,FALLBACK,-0.4168,0.100,1.1634,0,none
154.317,3085,-0.23339,-3.70370,0.48697,0,10,0,FALLBACK,-0.3615,0.100,1.1627,0,none
154.366,3086,-0.27537,-3.54513,0.63865,0,10,0,FALLBACK,0.0867,0.100,1.1630,0,none
154.418,3087,-0.26693,-3.39999,0.62352,0,10,0,FALLBACK,-0.2075,0.100,1.1621,0,none
154.468,3088,-0.24981,-3.92700,0.51465,0,10,0,FALLBACK,-0.3366,0.100,1.1622,0,none
154.515,3089,-0.24572,-3.58738,0.58426,0,10,0,FALLBACK,-0.2919,0.100,1.1621,0,none
154.565,3090,-0.25694,-3.68962,0.47736,0,10,0,FALLBACK,-0.1592,0.100,1.1627,0,none
154.619,3091,-0.28564,-3.63997,0.66970,0,10,0,FALLBACK,0.0717,0.100,1.1638,0,none
154.667,3092,-0.27133,-3.96166,0.66924,0,10,0,FALLBACK,-0.2149,0.100,1.1645,0,none
154.717,3093,-0.25272,-3.78033,0.50727,0,10,0,FALLBACK,-0.3294,0.100,1.1642,0,none
154.767,3094,-0.24766,-3.98415,0.63197,0,10,0,FALLBACK,-0.2870,0.100,1.1641,0,none
154.817,3095,-0.27238,-3.50591,0.56480,0,10,0,FALLBACK,-0.0145,0.100,1.1647,0,none
154.867,3096,-0.25844,-3.65784,0.68022,0,10,0,FALLBACK,-0.2775,0.100,1.1653,0,none
154.917,3097,-0.24270,-3.65018,0.49779,0,10,0,FALLBACK,-0.3653,0.100,1.1651,0,none
154.968,3098,-0.24214,-3.83527,0.66035,0,10,0,FALLBACK,-0.2921,0.100,1.1650,0,none
155.018,3099,-0.27718,-3.61145,0.44564,0,10,0,FALLBACK,0.0611,0.100,1.1656,0,none
155.068,3100,-0.27110,-3.57027,0.54978,0,10,0,FALLBACK,-0.1749,0.100,1.1656,0,none
155.119,3101,-0.25852,-3.38347,0.50973,0,10,0,FALLBACK,-0.2704,0.100,1.1659,0,none
155.168,3102,-0.25655,-3.55936,0.56671,0,10,0,FALLBACK,-0.2271,0.100,1.1662,0,none
155.219,3103,-0.29497,-3.47336,0.49049,0,10,0,FALLBACK,0.1669,0.100,1.1670,0,none
155.267,3104,-0.28086,-3.47492,0.51667,0,10,0,FALLBACK,-0.1662,0.100,1.1660,0,none
155.318,3105,-0.25651,-3.45427,0.44790,0,10,0,FALLBACK,-0.3392,0.100,1.1656,0,none
155.368,3106,-0.24491,-3.44442,0.57782,0,10,0,FALLBACK,-0.3334,0.100,1.1653,0,none
155.418,3107,-0.24995,-3.72979,0.53580,0,10,0,FALLBACK,-0.2251,0.100,1.1656,0,none
155.469,3108,-0.27264,-3.67272,0.54911,0,10,0,FALLBACK,-0.0233,0.100,1.1666,0,none
155.520,3109,-0.27055,-3.75815,0.64081,0,10,0,FALLBACK,-0.1577,0.100,1.1675,0,none
155.570,3110,-0.26688,-3.72897,0.56594,0,10,0,FALLBACK,-0.1839,0.100,1.1683,0,none
155.619,3111,-0.27113,-3.98967,0.61053,0,10,0,FALLBACK,-0.1231,0.100,1.1690,0,none
155.669,3112,-0.28919,-3.88295,0.72496,0,10,0,FALLBACK,0.0363,0.100,1.1700,0,none
155.720,3113,-0.28996,-3.77007,0.65305,0,10,0,FALLBACK,-0.0464,0.100,1.1708,0,none
155.770,3114,-0.28733,-3.65637,0.50181,0,10,0,FALLBACK,-0.0765,0.100,1.1717,0,none
155.818,3115,-0.28763,-3.47349,0.50867,0,10,0,FALLBACK,-0.0603,0.100,1.1726,0,none
155.870,3116,-0.27655,-3.42216,0.44173,0,10,0,FALLBACK,-0.1727,0.100,1.1736,0,none
155.922,3117,-0.30267,-3.02939,0.35171,0,10,0,FALLBACK,0.1440,0.100,1.1742,0,none
155.969,3118,-0.33428,-3.19457,0.52165,0,10,0,FALLBACK,0.3295,0.100,1.1738,0,none
156.019,3119,-0.35372,-3.17209,0.50984,0,10,0,FALLBACK,0.3657,0.100,1.1732,0,none
156.071,3120,-0.33929,-3.31661,0.47583,0,10,0,FALLBACK,0.1243,0.100,1.1729,0,none
156.120,3121,-0.34510,-2.94907,0.43412,0,10,0,FALLBACK,0.2546,0.100,1.1735,0,none
156.170,3122,-0.34904,-3.20492,0.43358,0,10,0,FALLBACK,0.2649,0.100,1.1744,0,none
156.219,3123,-0.34162,-3.11821,0.60037,0,10,0,FALLBACK,0.1710,0.100,1.1748,0,none
156.271,3124,-0.32432,-3.57108,0.54724,0,10,0,FALLBACK,0.0351,0.100,1.1756,0,none
156.319,3125,-0.29847,-3.78318,0.57565,0,10,0,FALLBACK,-0.1368,0.100,1.1767,0,none
156.370,3126,-0.29336,-3.47606,0.51932,0,10,0,FALLBACK,-0.0587,0.100,1.1772,0,none
156.420,3127,-0.29589,-3.33688,0.50476,0,10,0,FALLBACK,-0.0079,0.100,1.1781,0,none
156.472,3128,-0.29936,-3.43666,0.57944,0,10,0,FALLBACK,0.0142,0.100,1.1790,0,none
156.521,3129,-0.28963,-3.17087,0.72564,0,10,0,FALLBACK,-0.1005,0.100,1.1799,0,none
156.572,3130,-0.31260,-3.28672,0.48711,0,10,0,FALLBACK,0.1778,0.100,1.1805,0,none
156.621,3131,-0.33867,-3.06754,0.66842,0,10,0,FALLBACK,0.3237,0.100,1.1803,0,none
156.670,3132,-0.35228,-2.66231,0.55702,0,10,0,FALLBACK,0.3294,0.100,1.1798,0,none
156.720,3133,-0.32597,-3.15649,0.52178,0,10,0,FALLBACK,-0.0016,0.100,1.1798,0,none
156.772,3134,-0.34140,-3.37943,0.57733,0,10,0,FALLBACK,0.2841,0.100,1.1798,0,none
156.821,3135,-0.35984,-3.21880,0.49228,0,10,0,FALLBACK,0.3914,0.100,1.1795,0,none
156.874,3136,-0.36217,-3.30118,0.54607,0,10,0,FALLBACK,0.3225,0.100,1.1788,0,none
156.925,3137,-0.34738,-3.02788,0.61384,0,10,0,FALLBACK,0.1630,0.100,1.1790,0,none
156.971,3138,-0.31740,-3.25159,0.59251,0,10,0,FALLBACK,-0.0629,0.100,1.1801,0,none
157.022,3139,-0.32240,-2.99880,0.48858,0,10,0,FALLBACK,0.1370,0.100,1.1807,0,none
157.073,3140,-0.33211,-3.30192,0.49433,0,10,0,FALLBACK,0.2091,0.100,1.1812,0,none
157.123,3141,-0.33376,-2.57779,0.61278,0,10,0,FALLBACK,0.1770,0.100,1.1818,0,none
157.173,3142,-0.31141,-3.06455,0.53505,0,10,0,FALLBACK,-0.0547,0.100,1.1821,0,none
157.224,3143,-0.33115,-2.42841,0.63137,0,10,0,FALLBACK,0.2545,0.100,1.1830,0,none
157.274,3144,-0.35324,-2.82849,0.63658,0,10,0,FALLBACK,0.3766,0.100,1.1827,0,none
157.324,3145,-0.36287,-1.44817,0.61400,0,10,0,FALLBACK,0.3625,0.100,1.1817,0,none
157.373,3146,-0.32872,-1.68685,0.83781,0,10,0,FALLBACK,-0.0272,0.100,1.1813,0,none
157.424,3147,-0.34311,-1.12452,0.76293,0,10,0,FALLBACK,0.2875,0.100,1.1815,0,none
157.474,3148,-0.36344,-2.83503,0.71252,0,10,0,FALLBACK,0.4188,0.100,1.1812,0,none
157.522,3149,-0.36942,-2.76805,0.65280,0,10,0,FALLBACK,0.3770,0.100,1.1799,0,none
157.572,3150,-0.32645,-3.16543,0.46078,0,10,0,FALLBACK,-0.0826,0.100,1.1793,0,none
157.624,3151,-0.32856,-2.62396,0.41401,0,10,0,FALLBACK,0.1533,0.100,1.1794,0,none
157.673,3152,-0.34026,-3.10267,0.57980,0,10,0,FALLBACK,0.2598,0.100,1.1793,0,none
157.722,3153,-0.34452,-2.95605,0.49348,0,10,0,FALLBACK,0.2439,0.100,1.1792,0,none
157.773,3154,-0.33621,-3.18451,0.50658,0,10,0,FALLBACK,0.1395,0.100,1.1794,0,none
157.824,3155,-0.31139,-2.58572,0.51022,0,10,0,FALLBACK,-0.0671,0.100,1.1803,0,none
157.875,3156,-0.31403,-3.30250,0.40132,0,10,0,FALLBACK,0.0834,0.100,1.1811,0,none
157.922,3157,-0.32208,-3.23444,0.61570,0,10,0,FALLBACK,0.1506,0.100,1.1817,0,none
157.973,3158,-0.32571,-3.45635,0.58902,0,10,0,FALLBACK,0.1467,0.100,1.1823,0,none
158.026,3159,-0.30532,-3.29895,0.52878,0,10,0,FALLBACK,-0.0753,0.100,1.1828,0,none
158.074,3160,-0.32568,-3.21916,0.75846,0,10,0,FALLBACK,0.2302,0.100,1.1834,0,none
158.123,3161,-0.35113,-3.55908,0.64721,0,10,0,FALLBACK,0.3829,0.100,1.1833,0,none
158.175,3162,-0.36394,-3.42995,0.59974,0,10,0,FALLBACK,0.3837,0.100,1.1822,0,none
158.225,3163,-0.33992,-3.28408,0.60477,0,10,0,FALLBACK,0.0796,0.100,1.1815,0,none
158.275,3164,-0.34163,-3.00560,0.50541,0,10,0,FALLBACK,0.2167,0.100,1.1820,0,none
158.324,3165,-0.34415,-3.32856,0.49088,0,10,0,FALLBACK,0.2333,0.100,1.1828,0,none
158.376,3166,-0.33782,-2.93762,0.52880,0,10,0,FALLBACK,0.1574,0.100,1.1831,0,none
158.424,3167,-0.30227,-3.20525,0.55785,0,10,0,FALLBACK,-0.1664,0.100,1.1838,0,none
158.474,3168,-0.29943,-3.56706,0.52247,0,10,0,FALLBACK,-0.0171,0.100,1.1841,0,none
158.526,3169,-0.30754,-2.76359,0.48953,0,10,0,FALLBACK,0.0783,0.100,1.1842,0,none
158.577,3170,-0.31550,-2.92884,0.58902,0,10,0,FALLBACK,0.1173,0.100,1.1849,0,none
158.624,3171,-0.31848,-2.68513,0.74922,0,10,0,FALLBACK,0.1072,0.100,1.1855,0,none
158.674,3172,-0.31091,-2.84836,0.67993,0,10,0,FALLBACK,0.0168,0.100,1.1862,0,none
158.726,3173,-0.32002,-2.88697,0.64311,0,10,0,FALLBACK,0.1456,0.100,1.1870,0,none
158.776,3174,-0.32924,-3.28917,0.45389,0,10,0,FALLBACK,0.1923,0.100,1.1877,0,none
158.826,3175,-0.33149,-3.33616,0.48284,0,10,0,FALLBACK,0.1687,0.100,1.1880,0,none
158.859,3176,-0.31547,-3.26655,0.41560,0,10,0,FALLBACK,-0.0027,0.100,1.1886,0,none
158.909,3177,-0.32261,-3.18351,0.55969,0,10,0,FALLBACK,0.1487,0.100,1.1893,0,none
158.960,3178,-0.33003,-3.23304,0.58912,0,10,0,FALLBACK,0.1873,0.100,1.1897,0,none
159.010,3179,-0.32868,-3.19012,0.60274,0,10,0,FALLBACK,0.1366,0.100,1.1901,0,none
159.061,3180,-0.30887,-3.82714,0.72269,0,10,0,FALLBACK,-0.0547,0.100,1.1908,0,none
159.111,3181,-0.31307,-3.56633,0.53880,0,10,0,FALLBACK,0.0864,0.100,1.1914,0,none
159.162,3182,-0.32008,-3.30506,0.74343,0,10,0,FALLBACK,0.1355,0.100,1.1919,0,none
159.212,3183,-0.32079,-3.68409,0.59728,0,10,0,FALLBACK,0.1074,0.100,1.1924,0,none
159.261,3184,-0.30428,-4.07843,0.62502,0,10,0,FALLBACK,-0.0611,0.100,1.1931,0,none
159.310,3185,-0.30967,-3.59459,0.51428,0,10,0,FALLBACK,0.0753,0.100,1.1937,0,none
159.361,3186,-0.31780,-3.30691,0.52615,0,10,0,FALLBACK,0.1296,0.100,1.1942,0,none
159.413,3187,-0.32002,-3.35471,0.46625,0,10,0,FALLBACK,0.1113,0.100,1.1946,0,none
159.462,3188,-0.31644,-3.93088,0.64413,0,10,0,FALLBACK,0.0643,0.100,1.1953,0,none
159.512,3189,-0.30843,-3.67693,0.59248,0,10,0,FALLBACK,0.0021,0.100,1.1961,0,none
159.562,3190,-0.30611,-3.46251,0.62929,0,10,0,FALLBACK,0.0190,0.100,1.1968,0,none
159.616,3191,-0.30440,-3.82267,0.67612,0,10,0,FALLBACK,0.0134,0.100,1.1976,0,none
159.664,3192,-0.30177,-3.34049,0.52007,0,10,0,FALLBACK,-0.0043,0.100,1.1983,0,none
159.713,3193,-0.29364,-3.31742,0.46244,0,10,0,FALLBACK,-0.0725,0.100,1.1990,0,none
159.763,3194,-0.30553,-2.99332,0.41018,0,10,0,FALLBACK,0.0871,0.100,1.1996,0,none
159.814,3195,-0.31992,-3.34882,0.62657,0,10,0,FALLBACK,0.1715,0.100,1.2000,0,none
159.864,3196,-0.32790,-3.18798,0.54172,0,10,0,FALLBACK,0.1794,0.100,1.2003,0,none
159.913,3197,-0.32236,-3.36451,0.56384,0,10,0,FALLBACK,0.0841,0.100,1.2006,0,none
159.964,3198,-0.32402,-3.86936,0.58735,0,10,0,FALLBACK,0.1284,0.100,1.2013,0,none
160.014,3199,-0.32335,-3.69120,0.63449,0,10,0,FALLBACK,0.1134,0.100,1.2020,0,none
160.066,3200,-0.31725,-3.78448,0.67875,0,10,0,FALLBACK,0.0557,0.100,1.2025,0,none
160.114,3201,-0.29861,-3.65427,0.66263,0,10,0,FALLBACK,-0.1002,0.100,1.2032,0,none
160.166,3202,-0.30001,-3.86403,0.67217,0,10,0,FALLBACK,0.0070,0.100,1.2036,0,none
160.216,3203,-0.30695,-3.75854,0.63941,0,10,0,FALLBACK,0.0695,0.100,1.2042,0,none
160.264,3204,-0.31181,-3.58057,0.63104,0,10,0,FALLBACK,0.0834,0.100,1.2047,0,none
160.314,3205,-0.30915,-3.73111,0.61349,0,10,0,FALLBACK,0.0324,0.100,1.2052,0,none
160.364,3206,-0.31060,-3.78044,0.55416,0,10,0,FALLBACK,0.0603,0.100,1.2059,0,none
160.415,3207,-0.31122,-3.71271,0.51737,0,10,0,FALLBACK,0.0592,0.100,1.2065,0,none
160.466,3208,-0.30915,-3.72008,0.48438,0,10,0,FALLBACK,0.0354,0.100,1.2071,0,none
160.515,3209,-0.29531,-3.45572,0.58984,0,10,0,FALLBACK,-0.0927,0.100,1.2077,0,none
160.566,3210,-0.30000,-3.30661,0.43172,0,10,0,FALLBACK,0.0234,0.100,1.2081,0,none
160.616,3211,-0.30933,-3.31310,0.48032,0,10,0,FALLBACK,0.0934,0.100,1.2086,0,none
160.664,3212,-0.31573,-3.12776,0.54736,0,10,0,FALLBACK,0.1107,0.100,1.2090,0,none
160.713,3213,-0.31695,-3.04773,0.53195,0,10,0,FALLBACK,0.0909,0.100,1.2095,0,none
160.764,3214,-0.31194,-3.46853,0.50887,0,10,0,FALLBACK,0.0346,0.100,1.2100,0,none
160.815,3215,-0.31360,-3.19900,0.59301,0,10,0,FALLBACK,0.0764,0.100,1.2106,0,none
160.864,3216,-0.31433,-3.46063,0.55960,0,10,0,FALLBACK,0.0753,0.100,1.2112,0,none
160.916,3217,-0.31150,-3.69423,0.65607,0,10,0,FALLBACK,0.0433,0.100,1.2117,0,none
160.967,3218,-0.30214,-3.77979,0.62662,0,10,0,FALLBACK,-0.0361,0.100,1.2123,0,none
161.014,3219,-0.30647,-3.46318,0.44368,0,10,0,FALLBACK,0.0541,0.100,1.2128,0,none
161.066,3220,-0.31265,-3.78788,0.73553,0,10,0,FALLBACK,0.0942,0.100,1.2133,0,none
161.115,3221,-0.31521,-3.85832,0.50556,0,10,0,FALLBACK,0.0888,0.100,1.2137,0,none
161.165,3222,-0.31074,-3.71284,0.65584,0,10,0,FALLBACK,0.0314,0.100,1.2142,0,none
161.216,3223,-0.31087,-3.68249,0.50380,0,10,0,FALLBACK,0.0550,0.100,1.2147,0,none
161.265,3224,-0.31031,-3.59488,0.56802,0,10,0,FALLBACK,0.0487,0.100,1.2153,0,none
161.317,3225,-0.30735,-3.85796,0.55948,0,10,0,FALLBACK,0.0219,0.100,1.2158,0,none
161.366,3226,-0.30052,-3.71085,0.46012,0,10,0,FALLBACK,-0.0316,0.100,1.2163,0,none
161.415,3227,-0.29920,-4.25149,0.61806,0,10,0,FALLBACK,-0.0106,0.100,1.2169,0,none
161.466,3228,-0.29974,-3.63858,0.59314,0,10,0,FALLBACK,0.0014,0.100,1.2174,0,none
161.516,3229,-0.30041,-3.59676,0.53721,0,10,0,FALLBACK,0.0054,0.100,1.2179,0,none
161.566,3230,-0.30205,-3.78315,0.58699,0,10,0,FALLBACK,0.0184,0.100,1.2184,0,none
161.616,3231,-0.30016,-3.97472,0.61789,0,10,0,FALLBACK,-0.0086,0.100,1.2189,0,none
161.667,3232,-0.29756,-3.56788,0.62208,0,10,0,FALLBACK,-0.0252,0.100,1.2194,0,none
161.717,3233,-0.29576,-3.35939,0.53895,0,10,0,FALLBACK,-0.0302,0.100,1.2199,0,none
161.765,3234,-0.30339,-3.27557,0.46611,0,10,0,FALLBACK,0.0551,0.100,1.2204,0,none
161.817,3235,-0.29317,-3.52856,0.40842,0,10,0,FALLBACK,-0.0852,0.100,1.2208,0,none
161.867,3236,-0.28074,-3.50593,0.68099,0,10,0,FALLBACK,-0.1585,0.100,1.2210,0,none
161.917,3237,-0.27420,-3.64426,0.57730,0,10,0,FALLBACK,-0.1617,0.100,1.2212,0,none
161.967,3238,-0.28286,-4.07969,0.58419,0,10,0,FALLBACK,-0.0424,0.100,1.2215,0,none
162.018,3239,-0.28163,-4.02314,0.61669,0,10,0,FALLBACK,-0.0980,0.100,1.2219,0,none
162.067,3240,-0.28094,-3.95375,0.58029,0,10,0,FALLBACK,-0.0988,0.100,1.2223,0,none
162.118,3241,-0.28479,-4.20863,0.71327,0,10,0,FALLBACK,-0.0568,0.100,1.2227,0,none
162.167,3242,-0.29897,-3.97139,0.48236,0,10,0,FALLBACK,0.0657,0.100,1.2231,0,none
162.219,3243,-0.30074,-4.05897,0.54168,0,10,0,FALLBACK,0.0125,0.100,1.2234,0,none
162.268,3244,-0.29846,-3.91376,0.63257,0,10,0,FALLBACK,-0.0190,0.100,1.2238,0,none
162.320,3245,-0.29641,-3.86355,0.45453,0,10,0,FALLBACK,-0.0282,0.100,1.2242,0,none
162.369,3246,-0.29482,-4.22166,0.62226,0,10,0,FALLBACK,-0.0338,0.100,1.2247,0,none
162.419,3247,-0.29649,-3.88263,0.69898,0,10,0,FALLBACK,-0.0092,0.100,1.2251,0,none
162.468,3248,-0.29942,-3.71159,0.62172,0,10,0,FALLBACK,0.0117,0.100,1.2256,0,none
162.517,3249,-0.30226,-3.60999,0.57640,0,10,0,FALLBACK,0.0255,0.100,1.2260,0,none
162.570,3250,-0.30420,-3.54882,0.56946,0,10,0,FALLBACK,0.0307,0.100,1.2264,0,none
162.618,3251,-0.30491,-3.54488,0.63715,0,10,0,FALLBACK,0.0282,0.100,1.2268,0,none
162.668,3252,-0.30340,-3.64851,0.58898,0,10,0,FALLBACK,0.0095,0.100,1.2273,0,none
162.721,3253,-0.30075,-3.50934,0.45019,0,10,0,FALLBACK,-0.0095,0.100,1.2277,0,none
162.770,3254,-0.29765,-3.78537,0.64840,0,10,0,FALLBACK,-0.0273,0.100,1.2281,0,none
162.822,3255,-0.29526,-3.56848,0.47330,0,10,0,FALLBACK,-0.0356,0.100,1.2285,0,none
162.870,3256,-0.29247,-3.98292,0.58466,0,10,0,FALLBACK,-0.0516,0.100,1.2289,0,none
162.921,3257,-0.29137,-3.93594,0.70356,0,10,0,FALLBACK,-0.0486,0.100,1.2293,0,none
162.971,3258,-0.29267,-3.98643,0.62631,0,10,0,FALLBACK,-0.0302,0.100,1.2297,0,none
163.021,3259,-0.29497,-3.92335,0.46799,0,10,0,FALLBACK,-0.0137,0.100,1.2301,0,none
163.071,3260,-0.30237,-3.62703,0.59538,0,10,0,FALLBACK,0.0488,0.100,1.2305,0,none
163.122,3261,-0.30961,-3.33502,0.54794,0,10,0,FALLBACK,0.0842,0.100,1.2308,0,none
163.171,3262,-0.31369,-3.46004,0.57841,0,10,0,FALLBACK,0.0889,0.100,1.2310,0,none
163.221,3263,-0.31027,-3.26131,0.43272,0,10,0,FALLBACK,0.0342,0.100,1.2313,0,none
163.272,3264,-0.31757,-3.19994,0.56402,0,10,0,FALLBACK,0.1244,0.100,1.2317,0,none
163.324,3265,-0.32337,-3.41827,0.66759,0,10,0,FALLBACK,0.1459,0.100,1.2319,0,none
163.372,3266,-0.32266,-3.38760,0.55275,0,10,0,FALLBACK,0.1097,0.100,1.2320,0,none
163.422,3267,-0.30805,-3.26633,0.52987,0,10,0,FALLBACK,-0.0328,0.100,1.2323,0,none
163.472,3268,-0.31720,-3.06514,0.56612,0,10,0,FALLBACK,0.1317,0.100,1.2325,0,none
163.522,3269,-0.32827,-3.43525,0.39388,0,10,0,FALLBACK,0.1967,0.100,1.2325,0,none
163.572,3270,-0.33114,-3.10422,0.49845,0,10,0,FALLBACK,0.1701,0.100,1.2324,0,none
163.622,3271,-0.31846,-3.24844,0.53611,0,10,0,FALLBACK,0.0289,0.100,1.2325,0,none
163.672,3272,-0.31949,-3.18941,0.47329,0,10,0,FALLBACK,0.1026,0.100,1.2328,0,none
163.722,3273,-0.32069,-3.22540,0.52936,0,10,0,FALLBACK,0.1095,0.100,1.2331,0,none
163.772,3274,-0.31679,-3.09981,0.48747,0,10,0,FALLBACK,0.0644,0.100,1.2334,0,none
163.824,3275,-0.29743,-2.69546,0.81387,0,10,0,FALLBACK,-0.1097,0.100,1.2337,0,none
163.871,3276,-0.30817,-2.76816,0.50740,0,10,0,FALLBACK,0.0946,0.100,1.2336,0,none
163.924,3277,-0.32246,-3.05028,0.55862,0,10,0,FALLBACK,0.1837,0.100,1.2336,0,none
163.972,3278,-0.32986,-3.43877,0.51247,0,10,0,FALLBACK,0.1863,0.100,1.2336,0,none
164.024,3279,-0.31217,-3.42525,0.51156,0,10,0,FALLBACK,-0.0275,0.100,1.2335,0,none
164.074,3280,-0.32869,-3.59902,0.48203,0,10,0,FALLBACK,0.2260,0.100,1.2336,0,none
164.125,3281,-0.34803,-3.48103,0.47838,0,10,0,FALLBACK,0.3368,0.100,1.2332,0,none
164.174,3282,-0.35542,-3.33799,0.57407,0,10,0,FALLBACK,0.3140,0.100,1.2320,0,none
164.226,3283,-0.32740,-3.59428,0.47429,0,10,0,FALLBACK,-0.0030,0.100,1.2313,0,none
164.272,3284,-0.33169,-3.68404,0.52983,0,10,0,FALLBACK,0.1798,0.100,1.2313,0,none
164.322,3285,-0.33677,-3.14397,0.55243,0,10,0,FALLBACK,0.2093,0.100,1.2311,0,none
164.374,3286,-0.33245,-3.47895,0.55017,0,10,0,FALLBACK,0.1406,0.100,1.2311,0,none
164.423,3287,-0.30104,-3.62335,0.51204,0,10,0,FALLBACK,-0.1518,0.100,1.2313,0,none
164.474,3288,-0.30443,-3.25950,0.46521,0,10,0,FALLBACK,0.0391,0.100,1.2312,0,none
164.524,3289,-0.31745,-3.29543,0.57860,0,10,0,FALLBACK,0.1524,0.100,1.2308,0,none
164.574,3290,-0.32753,-3.44158,0.46610,0,10,0,FALLBACK,0.1880,0.100,1.2308,0,none
164.625,3291,-0.31223,-3.28771,0.53480,0,10,0,FALLBACK,-0.0153,0.100,1.2307,0,none
164.676,3292,-0.32417,-2.99450,0.63458,0,10,0,FALLBACK,0.1805,0.100,1.2307,0,none
164.727,3293,-0.33835,-3.29580,0.46541,0,10,0,FALLBACK,0.2627,0.100,1.2307,0,none
164.775,3294,-0.34336,-3.28672,0.63218,0,10,0,FALLBACK,0.2418,0.100,1.2302,0,none
164.824,3295,-0.30914,-3.29829,0.57269,0,10,0,FALLBACK,-0.1254,0.100,1.2299,0,none
164.876,3296,-0.31846,-3.39101,0.55741,0,10,0,FALLBACK,0.1389,0.100,1.2295,0,none
164.926,3297,-0.33697,-3.01931,0.55231,0,10,0,FALLBACK,0.2774,0.100,1.2289,0,none
164.975,3298,-0.34757,-2.68167,0.62122,0,10,0,FALLBACK,0.2909,0.100,1.2281,0,none
165.026,3299,-0.34379,-2.82470,0.67379,0,10,0,FALLBACK,0.2000,0.100,1.2274,0,none
165.076,3300,-0.32343,-3.06977,0.52229,0,10,0,FALLBACK,0.0154,0.100,1.2275,0,none
165.127,3301,-0.33363,-3.27931,0.50318,0,10,0,FALLBACK,0.2191,0.100,1.2281,0,none
165.176,3302,-0.34508,-2.89719,0.69995,0,10,0,FALLBACK,0.2827,0.100,1.2281,0,none
165.228,3303,-0.34553,-2.63908,0.86188,0,10,0,FALLBACK,0.2299,0.100,1.2274,0,none
165.274,3304,-0.32249,-3.32284,0.52690,0,10,0,FALLBACK,-0.0028,0.100,1.2272,0,none
165.327,3305,-0.34288,-2.97653,0.68793,0,10,0,FALLBACK,0.3164,0.100,1.2275,0,none
165.376,3306,-0.36546,-3.00476,0.62606,0,10,0,FALLBACK,0.4402,0.100,1.2268,0,none
165.411,3307,-0.37130,-3.18786,0.61353,0,10,0,FALLBACK,0.3857,0.100,1.2247,0,none
165.460,3308,-0.34365,-3.05764,0.62664,0,10,0,FALLBACK,0.0800,0.100,1.2238,0,none
165.510,3309,-0.35395,-3.16238,0.71167,0,10,0,FALLBACK,0.3212,0.100,1.2243,0,none
165.560,3310,-0.36155,-3.37754,0.46679,0,10,0,FALLBACK,0.3457,0.100,1.2232,0,none
165.611,3311,-0.35164,-3.21216,0.53636,0,10,0,FALLBACK,0.2086,0.100,1.2226,0,none
165.660,3312,-0.31412,-2.95380,0.56209,0,10,0,FALLBACK,-0.1170,0.100,1.2231,0,none
165.710,3313,-0.32025,-3.14780,0.53345,0,10,0,FALLBACK,0.1320,0.100,1.2227,0,none
165.761,3314,-0.33204,-2.79282,0.64164,0,10,0,FALLBACK,0.2191,0.100,1.2224,0,none
165.810,3315,-0.33307,-3.20797,0.42221,0,10,0,FALLBACK,0.1705,0.100,1.2220,0,none
165.860,3316,-0.30848,-3.19514,0.53918,0,10,0,FALLBACK,-0.0806,0.100,1.2223,0,none
165.910,3317,-0.32241,-2.97432,0.52715,0,10,0,FALLBACK,0.1817,0.100,1.2223,0,none
165.962,3318,-0.33885,-3.07644,0.55800,0,10,0,FALLBACK,0.2764,0.100,1.2217,0,none
166.010,3319,-0.34205,-3.35968,0.57316,0,10,0,FALLBACK,0.2263,0.100,1.2210,0,none
166.064,3320,-0.31919,-3.06632,0.63194,0,10,0,FALLBACK,-0.0184,0.100,1.2212,0,none
166.110,3321,-0.32392,-3.49819,0.59263,0,10,0,FALLBACK,0.1433,0.100,1.2215,0,none
166.161,3322,-0.33043,-2.98120,0.45079,0,10,0,FALLBACK,0.1847,0.100,1.2215,0,none
166.212,3323,-0.32794,-3.34152,0.54361,0,10,0,FALLBACK,0.1273,0.100,1.2216,0,none
166.261,3324,-0.30466,-3.62720,0.45764,0,10,0,FALLBACK,-0.0931,0.100,1.2220,0,none
166.312,3325,-0.30929,-3.60258,0.60029,0,10,0,FALLBACK,0.0695,0.100,1.2220,0,none
166.360,3326,-0.31834,-3.62075,0.47624,0,10,0,FALLBACK,0.1370,0.100,1.2222,0,none
166.411,3327,-0.32100,-3.47678,0.64717,0,10,0,FALLBACK,0.1183,0.100,1.2223,0,none
166.462,3328,-0.30579,-3.62025,0.55733,0,10,0,FALLBACK,-0.0471,0.100,1.2227,0,none
166.514,3329,-0.31169,-3.58751,0.57062,0,10,0,FALLBACK,0.0880,0.100,1.2230,0,none
166.562,3330,-0.31965,-3.73980,0.65242,0,10,0,FALLBACK,0.1381,0.100,1.2232,0,none
166.612,3331,-0.32123,-3.90007,0.43067,0,10,0,FALLBACK,0.1140,0.100,1.2233,0,none
166.664,3332,-0.31659,-3.82843,0.45994,0,10,0,FALLBACK,0.0597,0.100,1.2237,0,none
166.711,3333,-0.30779,-3.82732,0.55610,0,10,0,FALLBACK,-0.0050,0.100,1.2241,0,none
166.762,3334,-0.30117,-3.75487,0.60768,0,10,0,FALLBACK,-0.0272,0.100,1.2246,0,none
166.813,3335,-0.29587,-3.70711,0.70409,0,10,0,FALLBACK,-0.0471,0.100,1.2251,0,none
166.862,3336,-0.29217,-4.19538,0.75480,0,10,0,FALLBACK,-0.0576,0.100,1.2255,0,none
166.912,3337,-0.29156,-3.63451,0.56661,0,10,0,FALLBACK,-0.0453,0.100,1.2259,0,none
166.962,3338,-0.28762,-3.79940,0.54044,0,10,0,FALLBACK,-0.0816,0.100,1.2264,0,none
167.015,3339,-0.28569,-3.65935,0.60723,0,10,0,FALLBACK,-0.0812,0.100,1.2267,0,none
167.061,3340,-0.28760,-4.06041,0.46401,0,10,0,FALLBACK,-0.0525,0.100,1.2271,0,none
167.113,3341,-0.29192,-3.85590,0.59519,0,10,0,FALLBACK,-0.0188,0.100,1.2275,0,none
167.163,3342,-0.30176,-3.63863,0.42092,0,10,0,FALLBACK,0.0580,0.100,1.2279,0,none
167.213,3343,-0.31133,-3.96187,0.46482,0,10,0,FALLBACK,0.1045,0.100,1.2283,0,none
167.265,3344,-0.31700,-3.61253,0.61182,0,10,0,FALLBACK,0.1134,0.100,1.2285,0,none
167.313,3345,-0.31603,-4.01760,0.67904,0,10,0,FALLBACK,0.0752,0.100,1.2288,0,none
167.363,3346,-0.31663,-3.97689,0.61690,0,10,0,FALLBACK,0.0862,0.100,1.2291,0,none
167.414,3347,-0.31450,-3.94497,0.55770,0,10,0,FALLBACK,0.0618,0.100,1.2295,0,none
167.464,3348,-0.30889,-3.82841,0.60013,0,10,0,FALLBACK,0.0164,0.100,1.2299,0,none
167.515,3349,-0.30051,-4.05449,0.65141,0,10,0,FALLBACK,-0.0394,0.100,1.2303,0,none
167.564,3350,-0.29541,-3.81871,0.53911,0,10,0,FALLBACK,-0.0484,0.100,1.2307,0,none
167.613,3351,-0.29268,-3.64858,0.64794,0,10,0,FALLBACK,-0.0502,0.100,1.2310,0,none
167.665,3352,-0.29218,-3.80359,0.53767,0,10,0,FALLBACK,-0.0416,0.100,1.2314,0,none
167.715,3353,-0.29024,-3.86419,0.62705,0,10,0,FALLBACK,-0.0585,0.100,1.2318,0,none
167.764,3354,-0.30112,-3.56112,0.54121,0,10,0,FALLBACK,0.0601,0.100,1.2321,0,none
167.814,3355,-0.31371,-3.26999,0.59612,0,10,0,FALLBACK,0.1315,0.100,1.2323,0,none
167.864,3356,-0.32166,-2.96438,0.46776,0,10,0,FALLBACK,0.1481,0.100,1.2324,0,none
167.916,3357,-0.31866,-3.33528,0.48777,0,10,0,FALLBACK,0.0783,0.100,1.2325,0,none
167.965,3358,-0.32176,-3.30031,0.56774,0,10,0,FALLBACK,0.1243,0.100,1.2328,0,none
168.015,3359,-0.32214,-3.50197,0.46276,0,10,0,FALLBACK,0.1126,0.100,1.2332,0,none
168.065,3360,-0.31687,-3.77133,0.60821,0,10,0,FALLBACK,0.0580,0.100,1.2334,0,none
168.116,3361,-0.30316,-3.87168,0.48833,0,10,0,FALLBACK,-0.0527,0.100,1.2338,0,none
168.166,3362,-0.30005,-3.82332,0.57627,0,10,0,FALLBACK,-0.0154,0.100,1.2340,0,none
168.216,3363,-0.30036,-3.70924,0.55167,0,10,0,FALLBACK,0.0034,0.100,1.2344,0,none
168.267,3364,-0.30095,-3.87445,0.62084,0,10,0,FALLBACK,0.0077,0.100,1.2347,0,none
168.314,3365,-0.29288,-3.54601,0.52438,0,10,0,FALLBACK,-0.0760,0.100,1.2351,0,none
168.364,3366,-0.30604,-3.27761,0.49947,0,10,0,FALLBACK,0.0960,0.100,1.2353,0,none
168.417,3367,-0.32192,-3.22000,0.51831,0,10,0,FALLBACK,0.1891,0.100,1.2352,0,none
168.466,3368,-0.33082,-3.43863,0.56037,0,10,0,FALLBACK,0.1986,0.100,1.2350,0,none
168.517,3369,-0.32144,-3.34524,0.57335,0,10,0,FALLBACK,0.0603,0.100,1.2349,0,none
168.567,3370,-0.32512,-3.37874,0.46705,0,10,0,FALLBACK,0.1440,0.100,1.2352,0,none
168.616,3371,-0.32749,-3.24219,0.43017,0,10,0,FALLBACK,0.1493,0.100,1.2354,0,none
168.667,3372,-0.32283,-3.70329,0.55700,0,10,0,FALLBACK,0.0909,0.100,1.2356,0,none
168.718,3373,-0.30021,-3.78491,0.50578,0,10,0,FALLBACK,-0.1121,0.100,1.2359,0,none
168.768,3374,-0.30337,-3.80937,0.66886,0,10,0,FALLBACK,0.0327,0.100,1.2357,0,none
168.819,3375,-0.31297,-3.11953,0.59576,0,10,0,FALLBACK,0.1128,0.100,1.2359,0,none
168.869,3376,-0.31886,-3.68546,0.64659,0,10,0,FALLBACK,0.1238,0.100,1.2359,0,none
168.919,3377,-0.31192,-3.40360,0.45564,0,10,0,FALLBACK,0.0249,0.100,1.2361,0,none
168.968,3378,-0.31464,-3.30082,0.55847,0,10,0,FALLBACK,0.0868,0.100,1.2363,0,none
169.018,3379,-0.31704,-3.53955,0.53112,0,10,0,FALLBACK,0.0973,0.100,1.2366,0,none
169.067,3380,-0.31507,-3.88040,0.53021,0,10,0,FALLBACK,0.0655,0.100,1.2368,0,none
169.117,3381,-0.30174,-3.58916,0.30526,0,10,0,FALLBACK,-0.0579,0.100,1.2371,0,none
169.168,3382,-0.30246,-3.61108,0.48706,0,10,0,FALLBACK,0.0159,0.100,1.2373,0,none
169.220,3383,-0.30666,-3.44722,0.41406,0,10,0,FALLBACK,0.0543,0.100,1.2376,0,none
169.268,3384,-0.30915,-4.02030,0.69382,0,10,0,FALLBACK,0.0582,0.100,1.2378,0,none
169.317,3385,-0.30599,-3.84428,0.58536,0,10,0,FALLBACK,0.0141,0.100,1.2381,0,none
169.369,3386,-0.30607,-3.56766,0.44769,0,10,0,FALLBACK,0.0308,0.100,1.2384,0,none
169.419,3387,-0.30595,-3.64268,0.47719,0,10,0,FALLBACK,0.0291,0.100,1.2387,0,none
169.469,3388,-0.30441,-3.87492,0.49010,0,10,0,FALLBACK,0.0144,0.100,1.2390,0,none
169.518,3389,-0.30014,-3.74300,0.57616,0,10,0,FALLBACK,-0.0207,0.100,1.2393,0,none
169.568,3390,-0.29916,-3.94451,0.56193,0,10,0,FALLBACK,-0.0091,0.100,1.2396,0,none
169.619,3391,-0.29942,-3.81357,0.56424,0,10,0,FALLBACK,-0.0016,0.100,1.2399,0,none
169.670,3392,-0.29986,-3.49759,0.56996,0,10,0,FALLBACK,0.0015,0.100,1.2402,0,none
169.719,3393,-0.29073,-3.58295,0.43021,0,10,0,FALLBACK,-0.0920,0.100,1.2405,0,none
169.769,3394,-0.30114,-3.31117,0.64852,0,10,0,FALLBACK,0.0577,0.100,1.2406,0,none
169.819,3395,-0.31544,-2.96931,0.61920,0,10,0,FALLBACK,0.1488,0.100,1.2406,0,none
169.871,3396,-0.32470,-3.16447,0.61429,0,10,0,FALLBACK,0.1698,0.100,1.2405,0,none
169.921,3397,-0.32597,-3.10397,0.53886,0,10,0,FALLBACK,0.1362,0.100,1.2405,0,none
169.971,3398,-0.31907,-3.49872,0.37407,0,10,0,FALLBACK,0.0608,0.100,1.2406,0,none
170.022,3399,-0.32215,-3.26692,0.55813,0,10,0,FALLBACK,0.1262,0.100,1.2409,0,none
170.072,3400,-0.32310,-3.71362,0.62266,0,10,0,FALLBACK,0.1203,0.100,1.2411,0,none
170.124,3401,-0.31800,-3.68945,0.67099,0,10,0,FALLBACK,0.0645,0.100,1.2413,0,none
170.170,3402,-0.30731,-4.00213,0.48496,0,10,0,FALLBACK,-0.0169,0.100,1.2415,0,none
170.222,3403,-0.30383,-3.84906,0.63401,0,10,0,FALLBACK,0.0018,0.100,1.2418,0,none
170.271,3404,-0.30203,-3.90448,0.68936,0,10,0,FALLBACK,0.0012,0.100,1.2421,0,none
170.323,3405,-0.29998,-3.85783,0.61192,0,10,0,FALLBACK,-0.0103,0.100,1.2424,0,none
170.371,3406,-0.29698,-3.92217,0.39203,0,10,0,FALLBACK,-0.0301,0.100,1.2426,0,none
170.422,3407,-0.30267,-3.46473,0.45896,0,10,0,FALLBACK,0.0418,0.100,1.2429,0,none
170.472,3408,-0.30923,-3.15816,0.50222,0,10,0,FALLBACK,0.0790,0.100,1.2431,0,none
170.521,3409,-0.31291,-3.33295,0.38992,0,10,0,FALLBACK,0.0829,0.100,1.2432,0,none
170.572,3410,-0.31030,-3.44992,0.55180,0,10,0,FALLBACK,0.0385,0.100,1.2434,0,none
170.621,3411,-0.32021,-3.14353,0.58743,0,10,0,FALLBACK,0.1506,0.100,1.2436,0,none
170.672,3412,-0.32812,-3.09983,0.55457,0,10,0,FALLBACK,0.1801,0.100,1.2436,0,none
170.722,3413,-0.32805,-3.35405,0.49470,0,10,0,FALLBACK,0.1399,0.100,1.2435,0,none
170.775,3414,-0.31568,-2.91086,0.39037,0,10,0,FALLBACK,0.0166,0.100,1.2436,0,none
170.822,3415,-0.32169,-3.30191,0.48033,0,10,0,FALLBACK,0.1385,0.100,1.2438,0,none
170.872,3416,-0.32794,-3.30909,0.51718,0,10,0,FALLBACK,0.1710,0.100,1.2440,0,none
170.924,3417,-0.32740,-3.39047,0.55161,0,10,0,FALLBACK,0.1343,0.100,1.2438,0,none
170.974,3418,-0.31603,-3.14941,0.44296,0,10,0,FALLBACK,0.0233,0.100,1.2438,0,none
171.025,3419,-0.31341,-3.56911,0.55177,0,10,0,FALLBACK,0.0539,0.100,1.2441,0,none
171.075,3420,-0.31083,-3.68563,0.54806,0,10,0,FALLBACK,0.0412,0.100,1.2444,0,none
171.124,3421,-0.30608,-3.89699,0.64192,0,10,0,FALLBACK,0.0067,0.100,1.2446,0,none
171.173,3422,-0.29660,-3.69203,0.63726,0,10,0,FALLBACK,-0.0644,0.100,1.2448,0,none
171.224,3423,-0.30070,-3.37662,0.48148,0,10,0,FALLBACK,0.0240,0.100,1.2451,0,none
171.274,3424,-0.30808,-3.32303,0.40907,0,10,0,FALLBACK,0.0773,0.100,1.2452,0,none
171.323,3425,-0.31378,-3.28248,0.59587,0,10,0,FALLBACK,0.0974,0.100,1.2453,0,none
171.375,3426,-0.30958,-3.40707,0.51038,0,10,0,FALLBACK,0.0269,0.100,1.2454,0,none
171.426,3427,-0.32495,-3.22219,0.54408,0,10,0,FALLBACK,0.2016,0.100,1.2456,0,none
171.475,3428,-0.33929,-3.47408,0.40195,0,10,0,FALLBACK,0.2681,0.100,1.2455,0,none
171.526,3429,-0.34329,-3.40599,0.42845,0,10,0,FALLBACK,0.2365,0.100,1.2447,0,none
171.575,3430,-0.32989,-3.03942,0.59199,0,10,0,FALLBACK,0.0825,0.100,1.2444,0,none
171.623,3431,-0.32426,-3.51266,0.59657,0,10,0,FALLBACK,0.0932,0.100,1.2446,0,none
171.676,3432,-0.31668,-3.25130,0.53211,0,10,0,FALLBACK,0.0455,0.100,1.2450,0,none
171.726,3433,-0.30569,-3.67066,0.49623,0,10,0,FALLBACK,-0.0265,0.100,1.2452,0,none
171.760,3434,-0.28908,-3.82769,0.51347,0,10,0,FALLBACK,-0.1377,0.100,1.2455,0,none
171.809,3435,-0.29079,-3.22359,0.47948,0,10,0,FALLBACK,-0.0375,0.100,1.2453,0,none
171.859,3436,-0.29852,-2.40391,0.63301,0,10,0,FALLBACK,0.0312,0.100,1.2455,0,none
171.910,3437,-0.30528,-2.89344,0.54374,0,10,0,FALLBACK,0.0602,0.100,1.2456,0,none
171.959,3438,-0.30232,-2.85111,0.69984,0,10,0,FALLBACK,-0.0032,0.100,1.2458,0,none
172.010,3439,-0.32077,-2.75045,0.58187,0,10,0,FALLBACK,0.1961,0.100,1.2460,0,none
172.062,3440,-0.33664,-3.16852,0.73487,0,10,0,FALLBACK,0.2626,0.100,1.2453,0,none
172.109,3441,-0.33999,-3.15361,0.43091,0,10,0,FALLBACK,0.2167,0.100,1.2446,0,none
172.160,3442,-0.32420,-2.63453,0.56628,0,10,0,FALLBACK,0.0421,0.100,1.2446,0,none
172.212,3443,-0.32711,-3.17921,0.44408,0,10,0,FALLBACK,0.1501,0.100,1.2449,0,none
172.262,3444,-0.32891,-2.99447,0.46338,0,10,0,FALLBACK,0.1536,0.100,1.2449,0,none
172.311,3445,-0.32275,-3.17202,0.42982,0,10,0,FALLBACK,0.0829,0.100,1.2449,0,none
172.360,3446,-0.29937,-3.24470,0.57106,0,10,0,FALLBACK,-0.1200,0.100,1.2452,0,none
172.411,3447,-0.31190,-3.05864,0.49850,0,10,0,FALLBACK,0.1221,0.100,1.2449,0,none
172.462,3448,-0.32822,-3.19531,0.50785,0,10,0,FALLBACK,0.2228,0.100,1.2444,0,none
172.512,3449,-0.33399,-3.11289,0.34830,0,10,0,FALLBACK,0.1988,0.100,1.2437,0,none
172.560,3450,-0.31355,-3.01750,0.53954,0,10,0,FALLBACK,-0.0344,0.100,1.2437,0,none
172.612,3451,-0.33256,-2.84292,0.47274,0,10,0,FALLBACK,0.2578,0.100,1.2437,0,none
172.662,3452,-0.35111,-2.39513,0.60495,0,10,0,FALLBACK,0.3483,0.100,1.2422,0,none
172.714,3453,-0.35252,-2.88340,0.49210,0,10,0,FALLBACK,0.2696,0.100,1.2409,0,none
172.761,3454,-0.31653,-2.98535,0.41656,0,10,0,FALLBACK,-0.0973,0.100,1.2409,0,none
172.814,3455,-0.33506,-3.11325,0.36924,0,10,0,FALLBACK,0.2679,0.100,1.2402,0,none
172.861,3456,-0.36000,-2.77465,0.50817,0,10,0,FALLBACK,0.4247,0.100,1.2382,0,none
172.914,3457,-0.36653,-2.71446,0.47109,0,10,0,FALLBACK,0.3653,0.100,1.2361,0,none
172.964,3458,-0.33296,-2.71332,0.50348,0,10,0,FALLBACK,-0.0031,0.100,1.2354,0,none
173.013,3459,-0.33471,-2.85103,0.44938,0,10,0,FALLBACK,0.1823,0.100,1.2347,0,none
173.063,3460,-0.34074,-2.50659,0.70909,0,10,0,FALLBACK,0.2338,0.100,1.2351,0,none
173.114,3461,-0.33660,-2.95564,0.59320,0,10,0,FALLBACK,0.1623,0.100,1.2347,0,none
173.164,3462,-0.30717,-2.86752,0.39804,0,10,0,FALLBACK,-0.1113,0.100,1.2349,0,none
173.214,3463,-0.30779,-3.33102,0.53598,0,10,0,FALLBACK,0.0420,0.100,1.2344,0,none
173.263,3464,-0.31588,-3.07035,0.32648,0,10,0,FALLBACK,0.1198,0.100,1.2346,0,none
173.314,3465,-0.31984,-3.26191,0.51184,0,10,0,FALLBACK,0.1190,0.100,1.2347,0,none
173.364,3466,-0.29594,-3.46297,0.48320,0,10,0,FALLBACK,-0.1398,0.100,1.2349,0,none
173.413,3467,-0.31533,-3.17602,0.50412,0,10,0,FALLBACK,0.1735,0.100,1.2343,0,none
173.466,3468,-0.34151,-2.64940,0.48813,0,10,0,FALLBACK,0.3384,0.100,1.2333,0,none
173.514,3469,-0.35458,-2.30967,0.55324,0,10,0,FALLBACK,0.3382,0.100,1.2320,0,none
173.563,3470,-0.31872,-2.91860,0.40625,0,10,0,FALLBACK,-0.0857,0.100,1.2313,0,none
173.614,3471,-0.33643,-2.71183,0.44031,0,10,0,FALLBACK,0.2707,0.100,1.2298,0,none
173.666,3472,-0.36104,-2.69570,0.50282,0,10,0,FALLBACK,0.4282,0.100,1.2286,0,none
173.714,3473,-0.36802,-2.54682,0.61519,0,10,0,FALLBACK,0.3750,0.100,1.2267,0,none
173.763,3474,-0.35412,-2.51944,0.45137,0,10,0,FALLBACK,0.2011,0.100,1.2260,0,none
173.813,3475,-0.32468,-2.78357,0.34553,0,10,0,FALLBACK,-0.0238,0.100,1.2265,0,none
173.867,3476,-0.32028,-2.16099,0.63752,0,10,0,FALLBACK,0.0794,0.100,1.2268,0,none
173.914,3477,-0.31971,-2.10006,0.61440,0,10,0,FALLBACK,0.0957,0.100,1.2273,0,none
173.965,3478,-0.31456,-1.72428,0.80367,0,10,0,FALLBACK,0.0471,0.100,1.2276,0,none
174.015,3479,-0.29909,-2.37174,0.54612,0,10,0,FALLBACK,-0.0819,0.100,1.2280,0,none
174.065,3480,-0.31852,-2.39454,0.56013,0,10,0,FALLBACK,0.1898,0.100,1.2283,0,none
174.115,3481,-0.34221,-2.09682,0.58926,0,10,0,FALLBACK,0.3295,0.100,1.2280,0,none
174.165,3482,-0.35397,-2.97265,0.52385,0,10,0,FALLBACK,0.3286,0.100,1.2264,0,none
174.216,3483,-0.34071,-2.76241,0.46722,0,10,0,FALLBACK,0.1373,0.100,1.2258,0,none
174.265,3484,-0.34924,-2.86051,0.61168,0,10,0,FALLBACK,0.2889,0.100,1.2261,0,none
174.316,3485,-0.35362,-3.19333,0.48997,0,10,0,FALLBACK,0.2900,0.100,1.2260,0,none
174.367,3486,-0.34407,-3.35837,0.39271,0,10,0,FALLBACK,0.1726,0.100,1.2257,0,none
174.417,3487,-0.31085,-3.25959,0.42112,0,10,0,FALLBACK,-0.1119,0.100,1.2261,0,none
174.466,3488,-0.31557,-3.18684,0.58007,0,10,0,FALLBACK,0.1014,0.100,1.2257,0,none
174.516,3489,-0.32758,-3.26999,0.47627,0,10,0,FALLBACK,0.1980,0.100,1.2257,0,none
174.568,3490,-0.33189,-3.48299,0.46620,0,10,0,FALLBACK,0.1810,0.100,1.2256,0,none
174.616,3491,-0.31287,-2.73964,0.54384,0,10,0,FALLBACK,-0.0307,0.100,1.2257,0,none
174.668,3492,-0.32614,-2.95816,0.54223,0,10,0,FALLBACK,0.1971,0.100,1.2257,0,none
174.717,3493,-0.34178,-2.99777,0.58928,0,10,0,FALLBACK,0.2871,0.100,1.2254,0,none
174.766,3494,-0.34534,-2.91769,0.64048,0,10,0,FALLBACK,0.2445,0.100,1.2248,0,none
174.816,3495,-0.32252,-3.31652,0.57468,0,10,0,FALLBACK,-0.0015,0.100,1.2248,0,none
174.868,3496,-0.32500,-2.77959,0.54344,0,10,0,FALLBACK,0.1374,0.100,1.2248,0,none
174.919,3497,-0.33005,-2.78852,0.46024,0,10,0,FALLBACK,0.1755,0.100,1.2252,0,none
174.967,3498,-0.32753,-2.45557,0.68417,0,10,0,FALLBACK,0.1251,0.100,1.2253,0,none
175.018,3499,-0.30630,-1.77228,0.80795,0,10,0,FALLBACK,-0.0746,0.100,1.2256,0,none
175.068,3500,-0.30764,-2.58751,0.58753,0,10,0,FALLBACK,0.0449,0.100,1.2256,0,none
175.118,3501,-0.31401,-3.25858,0.49435,0,10,0,FALLBACK,0.1019,0.100,1.2260,0,none
175.170,3502,-0.31670,-3.18994,0.64503,0,10,0,FALLBACK,0.0970,0.100,1.2262,0,none
175.218,3503,-0.29913,-2.98547,0.55302,0,10,0,FALLBACK,-0.0922,0.100,1.2265,0,none
175.267,3504,-0.31166,-3.21676,0.47624,0,10,0,FALLBACK,0.1210,0.100,1.2265,0,none
175.318,3505,-0.32885,-2.89793,0.56668,0,10,0,FALLBACK,0.2301,0.100,1.2264,0,none
175.368,3506,-0.33732,-3.01665,0.64245,0,10,0,FALLBACK,0.2290,0.100,1.2260,0,none
175.419,3507,-0.31791,-2.97746,0.43354,0,10,0,FALLBACK,-0.0075,0.100,1.2259,0,none
175.470,3508,-0.32407,-3.55601,0.42592,0,10,0,FALLBACK,0.1512,0.100,1.2259,0,none
175.518,3509,-0.33264,-3.05785,0.51353,0,10,0,FALLBACK,0.2060,0.100,1.2262,0,none
175.570,3510,-0.33211,-2.99289,0.70693,0,10,0,FALLBACK,0.1579,0.100,1.2260,0,none
175.620,3511,-0.32213,-3.58702,0.55917,0,10,0,FALLBACK,0.0607,0.100,1.2262,0,none
175.671,3512,-0.30643,-3.48349,0.52061,0,10,0,FALLBACK,-0.0463,0.100,1.2267,0,none
175.720,3513,-0.30261,-3.40518,0.58390,0,10,0,FALLBACK,-0.0060,0.100,1.2271,0,none
175.770,3514,-0.30199,-2.81671,0.64090,0,10,0,FALLBACK,0.0068,0.100,1.2276,0,none
175.822,3515,-0.30111,-2.36356,0.69467,0,10,0,FALLBACK,0.0012,0.100,1.2280,0,none
175.868,3516,-0.29759,-1.97691,0.82531,0,10,0,FALLBACK,-0.0297,0.100,1.2284,0,none
175.922,3517,-0.31132,-2.96279,0.47822,0,10,0,FALLBACK,0.1252,0.100,1.2288,0,none
175.969,3518,-0.32540,-2.39988,0.76221,0,10,0,FALLBACK,0.1974,0.100,1.2288,0,none
176.021,3519,-0.33147,-2.04126,0.65773,0,10,0,FALLBACK,0.1877,0.100,1.2286,0,none
176.070,3520,-0.32304,-2.66498,0.86211,0,10,0,FALLBACK,0.0730,0.100,1.2287,0,none
176.122,3521,-0.33411,-3.03585,0.58399,0,10,0,FALLBACK,0.2259,0.100,1.2291,0,none
176.171,3522,-0.34238,-3.05333,0.51771,0,10,0,FALLBACK,0.2533,0.100,1.2289,0,none
176.220,3523,-0.33889,-3.24453,0.43570,0,10,0,FALLBACK,0.1770,0.100,1.2287,0,none
176.272,3524,-0.31483,-3.24812,0.39441,0,10,0,FALLBACK,-0.0462,0.100,1.2289,0,none
176.320,3525,-0.32542,-2.85707,0.49472,0,10,0,FALLBACK,0.1800,0.100,1.2290,0,none
176.372,3526,-0.33925,-3.43159,0.48887,0,10,0,FALLBACK,0.2655,0.100,1.2287,0,none
176.421,3527,-0.34182,-3.40686,0.56141,0,10,0,FALLBACK,0.2219,0.100,1.2282,0,none
176.472,3528,-0.32210,-3.46144,0.56356,0,10,0,FALLBACK,0.0119,0.100,1.2282,0,none
176.520,3529,-0.32712,-3.06795,0.40082,0,10,0,FALLBACK,0.1607,0.100,1.2284,0,none
176.574,3530,-0.33347,-3.39599,0.44908,0,10,0,FALLBACK,0.1991,0.100,1.2286,0,none
176.624,3531,-0.33101,-3.60556,0.60546,0,10,0,FALLBACK,0.1427,0.100,1.2285,0,none
176.672,3532,-0.30516,-2.83473,0.56398,0,10,0,FALLBACK,-0.1035,0.100,1.2287,0,none
176.722,3533,-0.31763,-2.38824,0.63348,0,10,0,FALLBACK,0.1505,0.100,1.2285,0,none
176.774,3534,-0.33583,-2.97314,0.54950,0,10,0,FALLBACK,0.2702,0.100,1.2281,0,none
176.823,3535,-0.34415,-2.35841,0.73668,0,10,0,FALLBACK,0.2623,0.100,1.2278,0,none
176.873,3536,-0.31655,-1.37746,0.77465,0,10,0,FALLBACK,-0.0553,0.100,1.2273,0,none
176.924,3537,-0.33544,-1.84122,0.61460,0,10,0,FALLBACK,0.2716,0.100,1.2272,0,none
176.974,3538,-0.35965,-2.07887,0.94215,0,10,0,FALLBACK,0.4193,0.100,1.2264,0,none
177.023,3539,-0.36923,-1.26143,0.78477,0,10,0,FALLBACK,0.3941,0.100,1.2244,0,none
177.072,3540,-0.33344,-2.98896,0.68635,0,10,0,FALLBACK,-0.0117,0.100,1.2231,0,none
177.126,3541,-0.33793,-3.23691,0.38579,0,10,0,FALLBACK,0.2121,0.100,1.2229,0,none
177.174,3542,-0.34769,-2.59946,0.66957,0,10,0,FALLBACK,0.2872,0.100,1.2227,0,none
177.223,3543,-0.34740,-2.89889,0.69722,0,10,0,FALLBACK,0.2356,0.100,1.2221,0,none
177.274,3544,-0.29710,-3.30722,0.75168,0,10,0,FALLBACK,-0.2660,0.100,1.2219,0,none
177.324,3545,-0.31381,-1.73692,0.76164,0,10,0,FALLBACK,0.1526,0.100,1.2208,0,none
177.374,3546,-0.34727,-0.39936,0.49695,0,10,0,FALLBACK,0.4037,0.100,1.2184,0,none
177.423,3547,-0.37029,-0.48107,0.46989,0,10,0,FALLBACK,0.4665,0.100,1.2164,0,none
177.473,3548,-0.37129,-0.87343,0.76367,0,10,0,FALLBACK,0.3614,0.100,1.2141,0,none
177.524,3549,-0.34704,-2.39425,0.62549,0,10,0,FALLBACK,0.1140,0.100,1.2135,0,none
177.572,3550,-0.35838,-1.48631,0.80596,0,10,0,FALLBACK,0.3485,0.100,1.2144,0,none
177.626,3551,-0.36810,-1.57273,0.72979,0,10,0,FALLBACK,0.3891,0.100,1.2143,0,none
177.673,3552,-0.36140,-0.73327,0.67940,0,10,0,FALLBACK,0.2735,0.100,1.2131,0,none
177.724,3553,-0.32259,-1.70712,0.79297,0,10,0,FALLBACK,-0.0811,0.100,1.2130,0,none
177.772,3554,-0.33999,-1.22491,0.71746,0,10,0,FALLBACK,0.2869,0.100,1.2133,0,none
177.823,3555,-0.36490,-0.28873,0.25708,1,10,0,FALLBACK,0.4491,0.100,1.2123,0,none
177.876,3556,-0.37412,-0.18058,0.25453,1,10,0,FALLBACK,0.4167,0.100,1.2100,0,none
177.923,3557,-0.34053,-0.67625,0.60072,0,10,0,FALLBACK,0.0347,0.100,1.2086,0,none
177.975,3558,-0.35351,-2.57028,0.64780,0,10,0,FALLBACK,0.3325,0.100,1.2088,0,none
178.025,3559,-0.36964,-0.72124,0.63765,0,10,0,FALLBACK,0.4288,0.100,1.2084,0,none
178.076,3560,-0.36964,-2.02062,0.86717,0,10,0,FALLBACK,0.3482,0.100,1.2067,0,none
178.123,3561,-0.32097,-2.83754,0.80835,0,10,0,FALLBACK,-0.1385,0.100,1.2061,0,none
178.174,3562,-0.33012,-1.68114,0.53424,0,10,0,FALLBACK,0.1964,0.100,1.2058,0,none
178.224,3563,-0.35116,-2.24652,0.73795,0,10,0,FALLBACK,0.3610,0.100,1.2046,0,none
178.276,3564,-0.36136,-2.12971,0.83349,0,10,0,FALLBACK,0.3578,0.100,1.2034,0,none
178.327,3565,-0.31949,-2.65139,0.77582,0,10,0,FALLBACK,-0.1119,0.100,1.2025,0,none
178.375,3566,-0.33464,-3.30795,0.57095,0,10,0,FALLBACK,0.2489,0.100,1.2019,0,none
178.427,3567,-0.35991,-3.34988,0.61266,0,10,0,FALLBACK,0.4259,0.100,1.2008,0,none
178.476,3568,-0.37171,-3.34897,0.52129,0,10,0,FALLBACK,0.4176,0.100,1.1990,0,none
178.525,3569,-0.36239,-3.23029,0.63732,0,10,0,FALLBACK,0.2653,0.100,1.1977,0,none
178.578,3570,-0.33410,-3.99913,0.53828,0,10,0,FALLBACK,0.0290,0.100,1.1981,0,none
178.609,3571,-0.31735,-3.80324,0.53050,0,10,0,FALLBACK,0.0030,0.100,1.1991,0,none
178.660,3572,-0.30357,-3.59260,0.62567,0,10,0,FALLBACK,-0.0510,0.100,1.1999,0,none
178.709,3573,-0.29183,-3.36475,0.44830,0,10,0,FALLBACK,-0.0996,0.100,1.2006,0,none
178.759,3574,-0.28591,-3.37408,0.45172,0,10,0,FALLBACK,-0.1000,0.100,1.2011,0,none
178.810,3575,-0.27463,-3.28861,0.49191,0,10,0,FALLBACK,-0.1832,0.100,1.2018,0,none
178.857,3576,-0.26877,-3.43303,0.39320,0,10,0,FALLBACK,-0.1855,0.100,1.2021,0,none
178.909,3577,-0.27160,-3.66281,0.49132,0,10,0,FALLBACK,-0.1279,0.100,1.2025,0,none
178.958,3578,-0.27982,-3.33481,0.45551,0,10,0,FALLBACK,-0.0598,0.100,1.2032,0,none
179.010,3579,-0.29474,-2.69974,0.70771,0,10,0,FALLBACK,0.0483,0.100,1.2039,0,none
179.062,3580,-0.30918,-3.26385,0.47245,0,10,0,FALLBACK,0.1181,0.100,1.2044,0,none
179.109,3581,-0.31888,-3.19542,0.49766,0,10,0,FALLBACK,0.1429,0.100,1.2048,0,none
179.160,3582,-0.32554,-3.41046,0.53016,0,10,0,FALLBACK,0.1610,0.100,1.2052,0,none
179.209,3583,-0.31724,-3.63697,0.60096,0,10,0,FALLBACK,0.0447,0.100,1.2057,0,none
179.261,3584,-0.30413,-3.85681,0.52312,0,10,0,FALLBACK,-0.0449,0.100,1.2063,0,none
179.311,3585,-0.29243,-3.32485,0.44379,0,10,0,FALLBACK,-0.0963,0.100,1.2069,0,none
179.361,3586,-0.28120,-3.59040,0.46166,0,10,0,FALLBACK,-0.1501,0.100,1.2074,0,none
179.411,3587,-0.28388,-3.46249,0.48848,0,10,0,FALLBACK,-0.0672,0.100,1.2078,0,none
179.460,3588,-0.29207,-3.65935,0.55328,0,10,0,FALLBACK,0.0013,0.100,1.2084,0,none
179.511,3589,-0.30060,-3.58940,0.68466,0,10,0,FALLBACK,0.0457,0.100,1.2090,0,none
179.563,3590,-0.31147,-3.56181,0.58544,0,10,0,FALLBACK,0.1117,0.100,1.2095,0,none
179.613,3591,-0.30982,-3.82333,0.51807,0,10,0,FALLBACK,0.0409,0.100,1.2099,0,none
179.663,3592,-0.30382,-3.66661,0.65427,0,10,0,FALLBACK,-0.0109,0.100,1.2105,0,none
179.713,3593,-0.29759,-3.62657,0.56380,0,10,0,FALLBACK,-0.0432,0.100,1.2111,0,none
179.763,3594,-0.29298,-3.52328,0.34185,0,10,0,FALLBACK,-0.0582,0.100,1.2116,0,none
179.813,3595,-0.29038,-3.50838,0.67937,0,10,0,FALLBACK,-0.0610,0.100,1.2122,0,none
179.862,3596,-0.29037,-3.28672,0.57841,0,10,0,FALLBACK,-0.0483,0.100,1.2127,0,none
179.912,3597,-0.29275,-3.00578,0.48739,0,10,0,FALLBACK,-0.0244,0.100,1.2133,0,none
179.963,3598,-0.29674,-3.34182,0.53239,0,10,0,FALLBACK,0.0037,0.100,1.2139,0,none
180.012,3599,-0.30070,-3.09661,0.30634,0,10,0,FALLBACK,0.0233,0.100,1.2144,0,none
180.066,3600,-0.30787,-2.84941,0.59305,0,10,0,FALLBACK,0.0751,0.100,1.2149,0,none
180.114,3601,-0.31340,-3.00352,0.63293,0,10,0,FALLBACK,0.0946,0.100,1.2154,0,none
180.165,3602,-0.31498,-2.71615,0.81539,0,10,0,FALLBACK,0.0828,0.100,1.2158,0,none
180.213,3603,-0.31181,-3.36792,0.47422,0,10,0,FALLBACK,0.0432,0.100,1.2163,0,none
180.264,3604,-0.30802,-3.70137,0.51838,0,10,0,FALLBACK,0.0212,0.100,1.2168,0,none
180.314,3605,-0.30290,-3.78145,0.61800,0,10,0,FALLBACK,-0.0111,0.100,1.2174,0,none
180.364,3606,-0.29729,-3.77978,0.46769,0,10,0,FALLBACK,-0.0416,0.100,1.2179,0,none
180.414,3607,-0.29408,-3.56465,0.54604,0,10,0,FALLBACK,-0.0457,0.100,1.2184,0,none
180.464,3608,-0.28794,-3.58888,0.59682,0,10,0,FALLBACK,-0.0909,0.100,1.2189,0,none
180.512,3609,-0.28414,-3.97117,0.62507,0,10,0,FALLBACK,-0.0983,0.100,1.2193,0,none
180.564,3610,-0.28472,-3.81632,0.51162,0,10,0,FALLBACK,-0.0735,0.100,1.2198,0,none
180.612,3611,-0.28853,-3.60593,0.55787,0,10,0,FALLBACK,-0.0383,0.100,1.2202,0,none
180.664,3612,-0.29723,-3.15472,0.56546,0,10,0,FALLBACK,0.0296,0.100,1.2207,0,none
180.714,3613,-0.30640,-3.35490,0.40832,0,10,0,FALLBACK,0.0779,0.100,1.2212,0,none
180.766,3614,-0.31301,-3.58815,0.53835,0,10,0,FALLBACK,0.0981,0.100,1.2215,0,none
180.814,3615,-0.31666,-3.33587,0.55524,0,10,0,FALLBACK,0.1015,0.100,1.2219,0,none
180.864,3616,-0.31269,-3.49992,0.49544,0,10,0,FALLBACK,0.0436,0.100,1.2223,0,none
180.914,3617,-0.30495,-3.31499,0.51606,0,10,0,FALLBACK,-0.0140,0.100,1.2227,0,none
180.964,3618,-0.29661,-3.74861,0.43399,0,10,0,FALLBACK,-0.0586,0.100,1.2232,0,none
181.014,3619,-0.28959,-3.69580,0.51799,0,10,0,FALLBACK,-0.0872,0.100,1.2236,0,none
181.063,3620,-0.28701,-3.34961,0.54888,0,10,0,FALLBACK,-0.0778,0.100,1.2240,0,none
181.115,3621,-0.28839,-3.30337,0.51628,0,10,0,FALLBACK,-0.0512,0.100,1.2245,0,none
181.164,3622,-0.29263,-3.12150,0.64967,0,10,0,FALLBACK,-0.0156,0.100,1.2249,0,none
181.213,3623,-0.29623,-2.93376,0.60542,0,10,0,FALLBACK,-0.0008,0.100,1.2253,0,none
181.264,3624,-0.30479,-2.25080,0.84218,0,10,0,FALLBACK,0.0668,0.100,1.2258,0,none
181.315,3625,-0.31259,-3.17843,0.54421,0,10,0,FALLBACK,0.1019,0.100,1.2261,0,none
181.366,3626,-0.31646,-3.41092,0.53841,0,10,0,FALLBACK,0.1016,0.100,1.2264,0,none
181.416,3627,-0.31386,-3.25985,0.42048,0,10,0,FALLBACK,0.0563,0.100,1.2267,0,none
181.464,3628,-0.31108,-3.54518,0.43173,0,10,0,FALLBACK,0.0415,0.100,1.2271,0,none
181.519,3629,-0.30663,-3.80905,0.57761,0,10,0,FALLBACK,0.0109,0.100,1.2276,0,none
181.565,3630,-0.30097,-3.68712,0.47045,0,10,0,FALLBACK,-0.0234,0.100,1.2280,0,none
181.614,3631,-0.29352,-3.93824,0.51972,0,10,0,FALLBACK,-0.0697,0.100,1.2284,0,none
181.666,3632,-0.29206,-3.98719,0.67536,0,10,0,FALLBACK,-0.0470,0.100,1.2288,0,none
181.716,3633,-0.29395,-3.89065,0.64217,0,10,0,FALLBACK,-0.0209,0.100,1.2292,0,none
181.766,3634,-0.29732,-3.49699,0.46613,0,10,0,FALLBACK,0.0035,0.100,1.2296,0,none
181.816,3635,-0.30193,-3.34063,0.63101,0,10,0,FALLBACK,0.0327,0.100,1.2300,0,none
181.865,3636,-0.30393,-3.25454,0.54239,0,10,0,FALLBACK,0.0297,0.100,1.2303,0,none
181.915,3637,-0.30418,-3.20308,0.50341,0,10,0,FALLBACK,0.0222,0.100,1.2307,0,none
181.967,3638,-0.30327,-3.59295,0.68208,0,10,0,FALLBACK,0.0118,0.100,1.2311,0,none
182.018,3639,-0.29896,-3.82829,0.67889,0,10,0,FALLBACK,-0.0268,0.100,1.2315,0,none
182.066,3640,-0.29987,-3.32250,0.41285,0,10,0,FALLBACK,0.0039,0.100,1.2318,0,none
182.116,3641,-0.30211,-2.86551,0.54539,0,10,0,FALLBACK,0.0218,0.100,1.2322,0,none
182.166,3642,-0.30376,-3.33644,0.46719,0,10,0,FALLBACK,0.0271,0.100,1.2326,0,none
182.218,3643,-0.30414,-3.20475,0.50753,0,10,0,FALLBACK,0.0225,0.100,1.2329,0,none
182.266,3644,-0.30324,-3.13118,0.53344,0,10,0,FALLBACK,0.0117,0.100,1.2333,0,none
182.318,3645,-0.30292,-3.88014,0.50235,0,10,0,FALLBACK,0.0130,0.100,1.2336,0,none
182.368,3646,-0.30223,-3.97849,0.68105,0,10,0,FALLBACK,0.0077,0.100,1.2340,0,none
182.418,3647,-0.30101,-3.88632,0.60573,0,10,0,FALLBACK,-0.0010,0.100,1.2343,0,none
182.466,3648,-0.29931,-3.48604,0.49020,0,10,0,FALLBACK,-0.0119,0.100,1.2347,0,none
182.518,3649,-0.30033,-3.99237,0.60848,0,10,0,FALLBACK,0.0067,0.100,1.2350,0,none
182.567,3650,-0.30180,-4.04916,0.65463,0,10,0,FALLBACK,0.0163,0.100,1.2354,0,none
182.617,3651,-0.30270,-3.97602,0.75631,0,10,0,FALLBACK,0.0180,0.100,1.2357,0,none
182.668,3652,-0.30360,-3.83916,0.58901,0,10,0,FALLBACK,0.0225,0.100,1.2360,0,none
182.718,3653,-0.29760,-3.55331,0.42741,0,10,0,FALLBACK,-0.0420,0.100,1.2363,0,none
182.768,3654,-0.29109,-3.91353,0.49031,0,10,0,FALLBACK,-0.0771,0.100,1.2366,0,none
182.818,3655,-0.28745,-3.78305,0.49440,0,10,0,FALLBACK,-0.0810,0.100,1.2369,0,none
182.868,3656,-0.28755,-3.71754,0.54505,0,10,0,FALLBACK,-0.0617,0.100,1.2372,0,none
182.918,3657,-0.29132,-3.36803,0.58905,0,10,0,FALLBACK,-0.0246,0.100,1.2375,0,none
182.968,3658,-0.29715,-3.60015,0.56796,0,10,0,FALLBACK,0.0149,0.100,1.2378,0,none
183.019,3659,-0.30319,-3.24212,0.41667,0,10,0,FALLBACK,0.0461,0.100,1.2381,0,none
183.068,3660,-0.30950,-3.64211,0.58148,0,10,0,FALLBACK,0.0790,0.100,1.2383,0,none
183.119,3661,-0.30456,-2.83589,0.57376,0,10,0,FALLBACK,-0.0019,0.100,1.2386,0,none
183.168,3662,-0.29648,-3.39528,0.53272,0,10,0,FALLBACK,-0.0580,0.100,1.2388,0,none
183.218,3663,-0.28991,-3.38311,0.58741,0,10,0,FALLBACK,-0.0833,0.100,1.2390,0,none
183.269,3664,-0.29016,-3.46200,0.57730,0,10,0,FALLBACK,-0.0480,0.100,1.2393,0,none
183.319,3665,-0.27816,-3.63797,0.55986,0,10,0,FALLBACK,-0.1692,0.100,1.2396,0,none
183.369,3666,-0.26880,-3.73635,0.51811,0,10,0,FALLBACK,-0.2028,0.100,1.2395,0,none
183.419,3667,-0.26852,-3.50652,0.54940,0,10,0,FALLBACK,-0.1588,0.100,1.2394,0,none
183.469,3668,-0.28302,-3.42383,0.56074,0,10,0,FALLBACK,-0.0124,0.100,1.2395,0,none
183.520,3669,-0.27579,-3.35996,0.43297,0,10,0,FALLBACK,-0.1572,0.100,1.2397,0,none
183.569,3670,-0.26830,-3.62615,0.55436,0,10,0,FALLBACK,-0.1960,0.100,1.2396,0,none
183.617,3671,-0.26958,-3.78327,0.53868,0,10,0,FALLBACK,-0.1457,0.100,1.2395,0,none
183.668,3672,-0.28641,-3.63992,0.54229,0,10,0,FALLBACK,0.0162,0.100,1.2397,0,none
183.717,3673,-0.27725,-3.64305,0.69405,0,10,0,FALLBACK,-0.1595,0.100,1.2399,0,none
183.768,3674,-0.26667,-3.83604,0.53737,0,10,0,FALLBACK,-0.2195,0.100,1.2396,0,none
183.818,3675,-0.26561,-3.61715,0.61811,0,10,0,FALLBACK,-0.1773,0.100,1.2394,0,none
183.870,3676,-0.28163,-3.53962,0.57640,0,10,0,FALLBACK,-0.0117,0.100,1.2395,0,none
183.919,3677,-0.27319,-3.55419,0.41778,0,10,0,FALLBACK,-0.1762,0.100,1.2396,0,none
183.971,3678,-0.26436,-3.42158,0.58463,0,10,0,FALLBACK,-0.2223,0.100,1.2394,0,none
184.022,3679,-0.26547,-3.37606,0.39593,0,10,0,FALLBACK,-0.1671,0.100,1.2392,0,none
184.070,3680,-0.28563,-3.21965,0.40735,0,10,0,FALLBACK,0.0290,0.100,1.2392,0,none
184.121,3681,-0.27425,-3.21015,0.52331,0,10,0,FALLBACK,-0.1857,0.100,1.2393,0,none
184.172,3682,-0.26034,-3.33413,0.50202,0,10,0,FALLBACK,-0.2678,0.100,1.2388,0,none
184.221,3683,-0.25782,-3.45707,0.46674,0,10,0,FALLBACK,-0.2236,0.100,1.2383,0,none
184.273,3684,-0.27456,-3.60277,0.50649,0,10,0,FALLBACK,-0.0435,0.100,1.2383,0,none
184.322,3685,-0.27110,-3.58774,0.49955,0,10,0,FALLBACK,-0.1618,0.100,1.2385,0,none
184.371,3686,-0.26792,-3.48721,0.49499,0,10,0,FALLBACK,-0.1763,0.100,1.2385,0,none
184.422,3687,-0.27301,-3.56866,0.43088,0,10,0,FALLBACK,-0.1095,0.100,1.2385,0,none
184.473,3688,-0.29350,-3.80554,0.44831,0,10,0,FALLBACK,0.0699,0.100,1.2388,0,none
184.522,3689,-0.28367,-3.73211,0.62009,0,10,0,FALLBACK,-0.1308,0.100,1.2388,0,none
184.572,3690,-0.27007,-3.72854,0.54218,0,10,0,FALLBACK,-0.2176,0.100,1.2384,0,none
184.622,3691,-0.26530,-3.55599,0.51663,0,10,0,FALLBACK,-0.1973,0.100,1.2382,0,none
184.672,3692,-0.27752,-3.63479,0.51691,0,10,0,FALLBACK,-0.0513,0.100,1.2382,0,none
184.722,3693,-0.27177,-3.46284,0.54313,0,10,0,FALLBACK,-0.1700,0.100,1.2384,0,none
184.772,3694,-0.26642,-3.38969,0.46196,0,10,0,FALLBACK,-0.1946,0.100,1.2386,0,none
184.823,3695,-0.26928,-3.89200,0.45215,0,10,0,FALLBACK,-0.1393,0.100,1.2385,0,none
184.871,3696,-0.28725,-3.41927,0.47002,0,10,0,FALLBACK,0.0261,0.100,1.2386,0,none
184.922,3697,-0.28648,-3.73492,0.50744,0,10,0,FALLBACK,-0.0715,0.100,1.2388,0,none
184.974,3698,-0.28295,-3.63827,0.53406,0,10,0,FALLBACK,-0.1029,0.100,1.2389,0,none
185.023,3699,-0.28286,-3.38322,0.43523,0,10,0,FALLBACK,-0.0861,0.100,1.2391,0,none
185.072,3700,-0.29379,-3.60291,0.50484,0,10,0,FALLBACK,0.0236,0.100,1.2393,0,none
185.123,3701,-0.28595,-3.65271,0.61239,0,10,0,FALLBACK,-0.1094,0.100,1.2396,0,none
185.174,3702,-0.27633,-3.30344,0.50665,0,10,0,FALLBACK,-0.1664,0.100,1.2396,0,none
185.224,3703,-0.27240,-3.66733,0.54711,0,10,0,FALLBACK,-0.1577,0.100,1.2396,0,none
185.275,3704,-0.28583,-3.68537,0.59667,0,10,0,FALLBACK,-0.0037,0.100,1.2396,0,none
185.324,3705,-0.27243,-3.57235,0.45455,0,10,0,FALLBACK,-0.2049,0.100,1.2398,0,none
185.373,3706,-0.25974,-3.93536,0.53314,0,10,0,FALLBACK,-0.2647,0.100,1.2396,0,none
185.423,3707,-0.25685,-3.74334,0.54393,0,10,0,FALLBACK,-0.2302,0.100,1.2390,0,none
185.474,3708,-0.27326,-3.99378,0.49019,0,10,0,FALLBACK,-0.0517,0.100,1.2389,0,none
185.524,3709,-0.27515,-3.78946,0.61115,0,10,0,FALLBACK,-0.1148,0.100,1.2391,0,none
185.574,3710,-0.27743,-3.76061,0.42353,0,10,0,FALLBACK,-0.1014,0.100,1.2394,0,none
185.624,3711,-0.28450,-3.81337,0.57834,0,10,0,FALLBACK,-0.0421,0.100,1.2395,0,none
185.674,3712,-0.30533,-3.62632,0.48066,0,10,0,FALLBACK,0.1308,0.100,1.2398,0,none
185.725,3713,-0.29436,-3.51926,0.51825,0,10,0,FALLBACK,-0.0831,0.100,1.2399,0,none
185.774,3714,-0.27627,-3.52688,0.41206,0,10,0,FALLBACK,-0.2090,0.100,1.2395,0,none
185.824,3715,-0.26367,-3.50284,0.60022,0,10,0,FALLBACK,-0.2447,0.100,1.2392,0,none
185.875,3716,-0.27162,-3.52678,0.45168,0,10,0,FALLBACK,-0.1022,0.100,1.2388,0,none
185.924,3717,-0.25816,-3.85451,0.58839,0,10,0,FALLBACK,-0.2765,0.100,1.2389,0,none
185.975,3718,-0.24811,-3.73824,0.43317,0,10,0,FALLBACK,-0.3097,0.100,1.2387,0,none
186.024,3719,-0.25126,-3.28811,0.55965,0,10,0,FALLBACK,-0.2280,0.100,1.2380,0,none
186.076,3720,-0.27778,-3.41272,0.42338,0,10,0,FALLBACK,0.0215,0.100,1.2378,0,none
186.126,3721,-0.28142,-3.34619,0.49957,0,10,0,FALLBACK,-0.0747,0.100,1.2381,0,none
186.176,3722,-0.28133,-3.66558,0.45407,0,10,0,FALLBACK,-0.0938,0.100,1.2381,0,none
186.228,3723,-0.28448,-3.48691,0.48750,0,10,0,FALLBACK,-0.0618,0.100,1.2383,0,none
186.260,3724,-0.30322,-3.42743,0.58123,0,10,0,FALLBACK,0.1098,0.100,1.2385,0,none
186.310,3725,-0.28837,-3.27567,0.35008,0,10,0,FALLBACK,-0.1324,0.100,1.2386,0,none
186.360,3726,-0.26738,-3.65303,0.52411,0,10,0,FALLBACK,-0.2680,0.100,1.2382,0,none
186.411,3727,-0.25436,-3.73603,0.72528,0,10,0,FALLBACK,-0.2933,0.100,1.2376,0,none
186.461,3728,-0.26766,-3.98411,0.62523,0,10,0,FALLBACK,-0.0952,0.100,1.2368,0,none
186.510,3729,-0.25197,-4.11417,0.57876,0,10,0,FALLBACK,-0.3186,0.100,1.2371,0,none
186.560,3730,-0.24131,-3.75803,0.55138,0,10,0,FALLBACK,-0.3467,0.100,1.2359,0,none
186.610,3731,-0.24808,-3.65717,0.61928,0,10,0,FALLBACK,-0.2257,0.100,1.2352,0,none
186.661,3732,-0.28012,-3.76671,0.42917,0,10,0,FALLBACK,0.0608,0.100,1.2355,0,none
186.711,3733,-0.27669,-3.84770,0.58884,0,10,0,FALLBACK,-0.1337,0.100,1.2353,0,none
186.761,3734,-0.26966,-3.56191,0.53264,0,10,0,FALLBACK,-0.1868,0.100,1.2350,0,none
186.811,3735,-0.27204,-4.02050,0.61616,0,10,0,FALLBACK,-0.1279,0.100,1.2349,0,none
186.861,3736,-0.29593,-3.85515,0.59056,0,10,0,FALLBACK,0.0991,0.100,1.2352,0,none
186.913,3737,-0.27870,-3.54475,0.49977,0,10,0,FALLBACK,-0.1927,0.100,1.2350,0,none
186.962,3738,-0.25912,-3.98000,0.50984,0,10,0,FALLBACK,-0.3023,0.100,1.2340,0,none
187.011,3739,-0.25413,-3.69460,0.56415,0,10,0,FALLBACK,-0.2543,0.100,1.2331,0,none
187.063,3740,-0.27951,-3.58171,0.52673,0,10,0,FALLBACK,0.0244,0.100,1.2331,0,none
187.112,3741,-0.26050,-3.54915,0.55597,0,10,0,FALLBACK,-0.2926,0.100,1.2331,0,none
187.162,3742,-0.24198,-3.94603,0.68563,0,10,0,FALLBACK,-0.3827,0.100,1.2314,0,none
187.210,3743,-0.24238,-3.61319,0.51073,0,10,0,FALLBACK,-0.2861,0.100,1.2301,0,none
187.261,3744,-0.27288,-3.64002,0.62549,0,10,0,FALLBACK,0.0169,0.100,1.2303,0,none
187.312,3745,-0.26820,-3.43698,0.49947,0,10,0,FALLBACK,-0.1824,0.100,1.2303,0,none
187.362,3746,-0.26153,-3.28948,0.51234,0,10,0,FALLBACK,-0.2257,0.100,1.2299,0,none
187.414,3747,-0.26618,-3.43151,0.47449,0,10,0,FALLBACK,-0.1458,0.100,1.2297,0,none
187.462,3748,-0.29377,-3.43030,0.53062,0,10,0,FALLBACK,0.1068,0.100,1.2301,0,none
187.512,3749,-0.28347,-3.19096,0.56527,0,10,0,FALLBACK,-0.1342,0.100,1.2298,0,none
187.563,3750,-0.26914,-3.58962,0.53884,0,10,0,FALLBACK,-0.2259,0.100,1.2294,0,none
187.613,3751,-0.26559,-3.16123,0.54723,0,10,0,FALLBACK,-0.1898,0.100,1.2290,0,none
187.661,3752,-0.28836,-3.40611,0.59043,0,10,0,FALLBACK,0.0557,0.100,1.2292,0,none
187.713,3753,-0.27238,-3.27391,0.47089,0,10,0,FALLBACK,-0.2181,0.100,1.2292,0,none
187.764,3754,-0.25284,-3.48388,0.52839,0,10,0,FALLBACK,-0.3334,0.100,1.2282,0,none
187.814,3755,-0.24750,-3.48336,0.56866,0,10,0,FALLBACK,-0.2893,0.100,1.2273,0,none
187.864,3756,-0.27837,-3.50501,0.46371,0,10,0,FALLBACK,0.0462,0.100,1.2272,0,none
187.916,3757,-0.26645,-3.54289,0.54609,0,10,0,FALLBACK,-0.2274,0.100,1.2266,0,none
187.964,3758,-0.24987,-3.38232,0.55924,0,10,0,FALLBACK,-0.3336,0.100,1.2259,0,none
188.014,3759,-0.24732,-3.35241,0.54023,0,10,0,FALLBACK,-0.2761,0.100,1.2252,0,none
188.066,3760,-0.27794,-3.00077,0.54090,0,10,0,FALLBACK,0.0428,0.100,1.2251,0,none
188.116,3761,-0.27409,-3.11378,0.44176,0,10,0,FALLBACK,-0.1488,0.100,1.2247,0,none
188.165,3762,-0.26515,-3.19475,0.47588,0,10,0,FALLBACK,-0.2189,0.100,1.2247,0,none
188.216,3763,-0.26526,-3.43045,0.56795,0,10,0,FALLBACK,-0.1731,0.100,1.2246,0,none
188.266,3764,-0.29346,-2.87477,0.44310,0,10,0,FALLBACK,0.1083,0.100,1.2249,0,none
188.318,3765,-0.28433,-2.82147,0.39916,0,10,0,FALLBACK,-0.1240,0.100,1.2244,0,none
188.366,3766,-0.26847,-3.57726,0.53612,0,10,0,FALLBACK,-0.2370,0.100,1.2241,0,none
188.417,3767,-0.26170,-3.45349,0.42910,0,10,0,FALLBACK,-0.2254,0.100,1.2239,0,none
188.467,3768,-0.28691,-3.49237,0.63909,0,10,0,FALLBACK,0.0606,0.100,1.2239,0,none
188.516,3769,-0.27430,-3.53243,0.52825,0,10,0,FALLBACK,-0.1915,0.100,1.2236,0,none
188.567,3770,-0.25712,-3.64959,0.52466,0,10,0,FALLBACK,-0.3003,0.100,1.2231,0,none
188.617,3771,-0.25217,-3.45057,0.42448,0,10,0,FALLBACK,-0.2639,0.100,1.2225,0,none
188.667,3772,-0.28043,-3.48067,0.52270,0,10,0,FALLBACK,0.0435,0.100,1.2225,0,none
188.718,3773,-0.27618,-3.54058,0.49283,0,10,0,FALLBACK,-0.1404,0.100,1.2222,0,none
188.766,3774,-0.26701,-3.47874,0.46649,0,10,0,FALLBACK,-0.2108,0.100,1.2222,0,none
188.816,3775,-0.26637,-3.37684,0.48674,0,10,0,FALLBACK,-0.1713,0.100,1.2222,0,none
188.868,3776,-0.29247,-3.43446,0.51248,0,10,0,FALLBACK,0.0928,0.100,1.2225,0,none
188.917,3777,-0.28820,-3.48654,0.51739,0,10,0,FALLBACK,-0.0803,0.100,1.2222,0,none
188.967,3778,-0.27756,-3.15832,0.40365,0,10,0,FALLBACK,-0.1654,0.100,1.2223,0,none
189.017,3779,-0.27300,-3.28404,0.49499,0,10,0,FALLBACK,-0.1578,0.100,1.2224,0,none
189.067,3780,-0.28877,-3.17680,0.55468,0,10,0,FALLBACK,0.0227,0.100,1.2227,0,none
189.119,3781,-0.28594,-3.27162,0.39266,0,10,0,FALLBACK,-0.0845,0.100,1.2229,0,none
189.167,3782,-0.28046,-3.41117,0.55034,0,10,0,FALLBACK,-0.1251,0.100,1.2232,0,none
189.218,3783,-0.27997,-3.02198,0.54534,0,10,0,FALLBACK,-0.1026,0.100,1.2235,0,none
189.269,3784,-0.28530,-3.22680,0.43317,0,10,0,FALLBACK,-0.0469,0.100,1.2239,0,none
189.319,3785,-0.29511,-3.19735,0.36806,0,10,0,FALLBACK,0.0247,0.100,1.2243,0,none
189.369,3786,-0.29452,-3.78876,0.41449,0,10,0,FALLBACK,-0.0303,0.100,1.2248,0,none
189.418,3787,-0.29235,-3.04727,0.40038,0,10,0,FALLBACK,-0.0491,0.100,1.2251,0,none
189.467,3788,-0.29217,-3.65872,0.49086,0,10,0,FALLBACK,-0.0400,0.100,1.2256,0,none
189.519,3789,-0.29681,-3.39873,0.51798,0,10,0,FALLBACK,0.0073,0.100,1.2260,0,none
189.570,3790,-0.28456,-3.54842,0.48367,0,10,0,FALLBACK,-0.1385,0.100,1.2264,0,none
189.618,3791,-0.27259,-3.25740,0.46373,0,10,0,FALLBACK,-0.1968,0.100,1.2264,0,none
189.670,3792,-0.26889,-3.48173,0.51806,0,10,0,FALLBACK,-0.1741,0.100,1.2265,0,none
189.722,3793,-0.27725,-3.55420,0.41466,0,10,0,FALLBACK,-0.0720,0.100,1.2267,0,none
189.770,3794,-0.27534,-3.46354,0.51451,0,10,0,FALLBACK,-0.1328,0.100,1.2271,0,none
189.820,3795,-0.27548,-3.54895,0.56195,0,10,0,FALLBACK,-0.1219,0.100,1.2274,0,none
189.872,3796,-0.28172,-3.40260,0.57296,0,10,0,FALLBACK,-0.0602,0.100,1.2277,0,none
189.921,3797,-0.29850,-3.72476,0.57098,0,10,0,FALLBACK,0.0765,0.100,1.2281,0,none
189.968,3798,-0.28784,-3.55640,0.49518,0,10,0,FALLBACK,-0.1142,0.100,1.2283,0,none
190.019,3799,-0.27368,-3.02381,0.42003,0,10,0,FALLBACK,-0.2024,0.100,1.2282,0,none
190.070,3800,-0.26753,-3.09777,0.55641,0,10,0,FALLBACK,-0.1931,0.100,1.2281,0,none
190.120,3801,-0.27768,-3.37978,0.40364,0,10,0,FALLBACK,-0.0608,0.100,1.2282,0,none
190.171,3802,-0.26886,-3.35117,0.44529,0,10,0,FALLBACK,-0.1998,0.100,1.2286,0,none
190.221,3803,-0.26192,-3.24194,0.49720,0,10,0,FALLBACK,-0.2251,0.100,1.2285,0,none
190.271,3804,-0.26531,-3.26206,0.43415,0,10,0,FALLBACK,-0.1566,0.100,1.2285,0,none
190.321,3805,-0.28802,-3.12913,0.46562,0,10,0,FALLBACK,0.0536,0.100,1.2288,0,none
190.372,3806,-0.27759,-3.23661,0.44482,0,10,0,FALLBACK,-0.1642,0.100,1.2288,0,none
190.421,3807,-0.26373,-3.27350,0.45379,0,10,0,FALLBACK,-0.2506,0.100,1.2284,0,none
190.472,3808,-0.26035,-3.16329,0.46551,0,10,0,FALLBACK,-0.2151,0.100,1.2282,0,none
190.520,3809,-0.27911,-3.28119,0.56098,0,10,0,FALLBACK,-0.0106,0.100,1.2282,0,none
190.569,3810,-0.26909,-3.61252,0.52772,0,10,0,FALLBACK,-0.2047,0.100,1.2284,0,none
190.621,3811,-0.25822,-3.81756,0.45287,0,10,0,FALLBACK,-0.2633,0.100,1.2281,0,none
190.671,3812,-0.25889,-3.65356,0.58827,0,10,0,FALLBACK,-0.2021,0.100,1.2279,0,none
190.722,3813,-0.28236,-3.93376,0.66250,0,10,0,FALLBACK,0.0292,0.100,1.2280,0,none
190.770,3814,-0.27587,-3.64583,0.51638,0,10,0,FALLBACK,-0.1532,0.100,1.2281,0,none
190.821,3815,-0.26629,-3.83672,0.57566,0,10,0,FALLBACK,-0.2165,0.100,1.2280,0,none
190.871,3816,-0.26589,-3.60296,0.47366,0,10,0,FALLBACK,-0.1725,0.100,1.2279,0,none
190.923,3817,-0.29153,-3.60434,0.42195,0,10,0,FALLBACK,0.0858,0.100,1.2281,0,none
190.972,3818,-0.27255,-3.16684,0.53772,0,10,0,FALLBACK,-0.2321,0.100,1.2278,0,none
191.022,3819,-0.24904,-3.50242,0.44030,0,10,0,FALLBACK,-0.3723,0.100,1.2265,0,none
191.072,3820,-0.24098,-3.87416,0.62717,0,10,0,FALLBACK,-0.3354,0.100,1.2254,0,none
191.124,3821,-0.26609,-3.63558,0.63372,0,10,0,FALLBACK,-0.0441,0.100,1.2250,0,none
191.172,3822,-0.26073,-3.47253,0.44942,0,10,0,FALLBACK,-0.2232,0.100,1.2252,0,none
191.222,3823,-0.25404,-3.88696,0.58960,0,10,0,FALLBACK,-0.2632,0.100,1.2252,0,none
191.272,3824,-0.25764,-3.35792,0.43435,0,10,0,FALLBACK,-0.1938,0.100,1.2248,0,none
191.323,3825,-0.29275,-3.79371,0.61204,0,10,0,FALLBACK,0.1393,0.100,1.2249,0,none
191.373,3826,-0.28150,-3.70830,0.54386,0,10,0,FALLBACK,-0.1488,0.100,1.2248,0,none
191.422,3827,-0.26077,-3.65454,0.44474,0,10,0,FALLBACK,-0.2998,0.100,1.2239,0,none
191.472,3828,-0.24884,-3.60986,0.55596,0,10,0,FALLBACK,-0.3155,0.100,1.2231,0,none
191.522,3829,-0.27328,-3.99427,0.47455,0,10,0,FALLBACK,-0.0114,0.100,1.2225,0,none
191.572,3830,-0.25681,-3.60359,0.57245,0,10,0,FALLBACK,-0.2983,0.100,1.2224,0,none
191.623,3831,-0.23786,-3.60923,0.45399,0,10,0,FALLBACK,-0.4054,0.100,1.2218,0,none
191.673,3832,-0.23397,-3.56514,0.65027,0,10,0,FALLBACK,-0.3496,0.100,1.2203,0,none
191.723,3833,-0.27525,-3.77432,0.48767,0,10,0,FALLBACK,0.0826,0.100,1.2196,0,none
191.774,3834,-0.26601,-3.74378,0.53142,0,10,0,FALLBACK,-0.2161,0.100,1.2194,0,none
191.824,3835,-0.24820,-3.59867,0.48428,0,10,0,FALLBACK,-0.3481,0.100,1.2183,0,none
191.873,3836,-0.24169,-3.75009,0.60170,0,10,0,FALLBACK,-0.3240,0.100,1.2173,0,none
191.923,3837,-0.27881,-3.74152,0.64280,0,10,0,FALLBACK,0.0797,0.100,1.2167,0,none
191.974,3838,-0.26722,-3.67112,0.55489,0,10,0,FALLBACK,-0.2219,0.100,1.2164,0,none
192.025,3839,-0.24779,-3.56461,0.55918,0,10,0,FALLBACK,-0.3582,0.100,1.2155,0,none
192.060,3840,-0.23967,-3.64821,0.57679,0,10,0,FALLBACK,-0.3422,0.100,1.2150,0,none
192.110,3841,-0.27835,-3.50751,0.49933,0,10,0,FALLBACK,0.0851,0.100,1.2140,0,none
192.160,3842,-0.25350,-3.74001,0.59305,0,10,0,FALLBACK,-0.3568,0.100,1.2131,0,none
192.211,3843,-0.21926,-3.94108,0.53924,0,10,0,FALLBACK,-0.5749,0.100,1.2116,0,none
192.260,3844,-0.20964,-4.00092,0.59755,0,10,0,FALLBACK,-0.4999,0.100,1.2060,0,none
192.311,3845,-0.25992,-3.85278,0.50655,0,10,0,FALLBACK,0.0510,0.100,1.2053,0,none
192.360,3846,-0.25207,-3.94314,0.59718,0,10,0,FALLBACK,-0.2788,0.100,1.2043,0,none
192.410,3847,-0.23856,-3.59695,0.49226,0,10,0,FALLBACK,-0.3748,0.100,1.2030,0,none
192.461,3848,-0.24313,-3.70164,0.48879,0,10,0,FALLBACK,-0.2615,0.100,1.2020,0,none
192.512,3849,-0.30558,-3.89159,0.44840,0,10,0,FALLBACK,0.3402,0.100,1.2026,0,none
192.562,3850,-0.28223,-3.48615,0.59874,0,10,0,FALLBACK,-0.2056,0.100,1.1981,0,none
192.610,3851,-0.24493,-4.23435,0.72332,0,10,0,FALLBACK,-0.4619,0.100,1.1952,0,none
192.662,3852,-0.22970,-4.33495,0.54025,0,10,0,FALLBACK,-0.4277,0.100,1.1924,0,none
192.712,3853,-0.23718,-4.19532,0.76843,0,10,0,FALLBACK,-0.2767,0.100,1.1920,0,none
192.762,3854,-0.26649,-3.93135,0.58386,0,10,0,FALLBACK,-0.0210,0.100,1.1930,0,none
192.810,3855,-0.25029,-3.64349,0.45392,0,10,0,FALLBACK,-0.3295,0.100,1.1937,0,none
192.863,3856,-0.23618,-3.89485,0.64823,0,10,0,FALLBACK,-0.3897,0.100,1.1923,0,none
192.913,3857,-0.24131,-4.10924,0.50569,0,10,0,FALLBACK,-0.2678,0.100,1.1916,0,none
192.962,3858,-0.27353,-3.59316,0.47548,0,10,0,FALLBACK,0.0287,0.100,1.1923,0,none
193.011,3859,-0.26095,-3.61435,0.57803,0,10,0,FALLBACK,-0.2582,0.100,1.1927,0,none
193.062,3860,-0.24739,-3.97129,0.67644,0,10,0,FALLBACK,-0.3309,0.100,1.1919,0,none
193.112,3861,-0.24927,-3.77626,0.47276,0,10,0,FALLBACK,-0.2443,0.100,1.1916,0,none
193.163,3862,-0.28288,-3.67988,0.45934,0,10,0,FALLBACK,0.0824,0.100,1.1921,0,none
193.214,3863,-0.26853,-3.73793,0.54753,0,10,0,FALLBACK,-0.2291,0.100,1.1919,0,none
193.262,3864,-0.24823,-3.97608,0.62238,0,10,0,FALLBACK,-0.3604,0.100,1.1912,0,none
193.312,3865,-0.24265,-3.65110,0.53575,0,10,0,FALLBACK,-0.3146,0.100,1.1906,0,none
193.363,3866,-0.27853,-3.96502,0.63339,0,10,0,FALLBACK,0.0721,0.100,1.1908,0,none
193.414,3867,-0.25975,-3.82927,0.54406,0,10,0,FALLBACK,-0.2952,0.100,1.1901,0,none
193.464,3868,-0.23501,-3.67535,0.43717,0,10,0,FALLBACK,-0.4487,0.100,1.1888,0,none
193.514,3869,-0.22879,-4.09587,0.67872,0,10,0,FALLBACK,-0.3872,0.100,1.1875,0,none
193.564,3870,-0.26864,-3.65242,0.53387,0,10,0,FALLBACK,0.0424,0.100,1.1874,0,none
193.613,3871,-0.26286,-3.70598,0.42502,0,10,0,FALLBACK,-0.2146,0.100,1.1867,0,none
193.664,3872,-0.25021,-3.72326,0.58534,0,10,0,FALLBACK,-0.3122,0.100,1.1868,0,none
193.713,3873,-0.25015,-4.02995,0.52149,0,10,0,FALLBACK,-0.2496,0.100,1.1867,0,none
193.764,3874,-0.28991,-3.70854,0.55662,0,10,0,FALLBACK,0.1483,0.100,1.1871,0,none
193.814,3875,-0.28360,-3.92686,0.57602,0,10,0,FALLBACK,-0.1135,0.100,1.1861,0,none
193.864,3876,-0.26697,-4.07870,0.67243,0,10,0,FALLBACK,-0.2483,0.100,1.1861,0,none
193.915,3877,-0.25944,-3.64075,0.61723,0,10,0,FALLBACK,-0.2405,0.100,1.1862,0,none
193.965,3878,-0.26436,-3.87693,0.64906,0,10,0,FALLBACK,-0.1536,0.100,1.1866,0,none
194.014,3879,-0.28363,-3.69994,0.55488,0,10,0,FALLBACK,0.0145,0.100,1.1874,0,none
194.064,3880,-0.27234,-3.74896,0.57003,0,10,0,FALLBACK,-0.1947,0.100,1.1881,0,none
194.115,3881,-0.25952,-4.00892,0.65964,0,10,0,FALLBACK,-0.2665,0.100,1.1881,0,none
194.167,3882,-0.25797,-3.90688,0.55848,0,10,0,FALLBACK,-0.2179,0.100,1.1883,0,none
194.216,3883,-0.28127,-3.67500,0.56374,0,10,0,FALLBACK,0.0228,0.100,1.1888,0,none
194.266,3884,-0.26131,-3.72650,0.74695,0,10,0,FALLBACK,-0.2933,0.100,1.1892,0,none
194.316,3885,-0.23941,-3.89710,0.46917,0,10,0,FALLBACK,-0.4124,0.100,1.1881,0,none
194.365,3886,-0.23496,-4.02763,0.64662,0,10,0,FALLBACK,-0.3475,0.100,1.1873,0,none
194.416,3887,-0.26849,-3.73752,0.63274,0,10,0,FALLBACK,0.0102,0.100,1.1874,0,none
194.465,3888,-0.25508,-3.48516,0.41106,0,10,0,FALLBACK,-0.2917,0.100,1.1873,0,none
194.518,3889,-0.23788,-3.56628,0.54019,0,10,0,FALLBACK,-0.3966,0.100,1.1867,0,none
194.567,3890,-0.23739,-3.49004,0.46586,0,10,0,FALLBACK,-0.3155,0.100,1.1860,0,none
194.620,3891,-0.26550,-4.07043,0.71249,0,10,0,FALLBACK,-0.0319,0.100,1.1863,0,none
194.666,3892,-0.27534,-3.82728,0.73906,0,10,0,FALLBACK,-0.0741,0.100,1.1868,0,none
194.719,3893,-0.28194,-2.92180,0.37510,0,10,0,FALLBACK,-0.0573,0.100,1.1878,0,none
194.769,3894,-0.29123,-3.15998,0.69858,0,10,0,FALLBACK,0.0026,0.100,1.1886,0,none
194.819,3895,-0.28283,-3.46483,0.40797,0,10,0,FALLBACK,-0.1279,0.100,1.1894,0,none
194.867,3896,-0.31491,-3.12234,0.51181,0,10,0,FALLBACK,0.2350,0.100,1.1899,0,none
194.918,3897,-0.35056,-3.11665,0.50370,0,10,0,FALLBACK,0.4311,0.100,1.1886,0,none
194.968,3898,-0.36941,-3.56952,0.68493,0,10,0,FALLBACK,0.4413,0.100,1.1869,0,none
195.020,3899,-0.36700,-3.09126,0.67667,0,10,0,FALLBACK,0.3229,0.100,1.1862,0,none
195.069,3900,-0.34517,-3.56224,0.56476,0,10,0,FALLBACK,0.1167,0.100,1.1867,0,none
195.117,3901,-0.33344,-3.93513,0.42363,0,10,0,FALLBACK,0.1085,0.100,1.1878,0,none
195.168,3902,-0.32085,-3.78201,0.54929,0,10,0,FALLBACK,0.0413,0.100,1.1890,0,none
195.220,3903,-0.30511,-3.49348,0.61290,0,10,0,FALLBACK,-0.0532,0.100,1.1898,0,none
195.268,3904,-0.28525,-3.75450,0.63159,0,10,0,FALLBACK,-0.1730,0.100,1.1906,0,none
195.318,3905,-0.28481,-3.61501,0.49375,0,10,0,FALLBACK,-0.0781,0.100,1.1909,0,none
195.371,3906,-0.29242,-3.55641,0.51115,0,10,0,FALLBACK,0.0001,0.100,1.1916,0,none
195.421,3907,-0.30124,-3.43387,0.46923,0,10,0,FALLBACK,0.0503,0.100,1.1924,0,none
195.470,3908,-0.30575,-3.31487,0.58549,0,10,0,FALLBACK,0.0513,0.100,1.1931,0,none
195.520,3909,-0.31412,-3.19760,0.59761,0,10,0,FALLBACK,0.1124,0.100,1.1938,0,none
195.571,3910,-0.31990,-3.19344,0.43644,0,10,0,FALLBACK,0.1284,0.100,1.1944,0,none
195.621,3911,-0.32022,-3.60857,0.60295,0,10,0,FALLBACK,0.1027,0.100,1.1950,0,none
195.671,3912,-0.30825,-3.41530,0.45349,0,10,0,FALLBACK,-0.0186,0.100,1.1957,0,none
195.721,3913,-0.30950,-3.53446,0.54643,0,10,0,FALLBACK,0.0537,0.100,1.1963,0,none
195.771,3914,-0.31266,-3.29605,0.53827,0,10,0,FALLBACK,0.0791,0.100,1.1971,0,none
195.821,3915,-0.31271,-3.62929,0.59626,0,10,0,FALLBACK,0.0637,0.100,1.1977,0,none
195.870,3916,-0.29482,-3.29287,0.49650,0,10,0,FALLBACK,-0.1154,0.100,1.1984,0,none
195.921,3917,-0.30496,-3.32179,0.52679,0,10,0,FALLBACK,0.0755,0.100,1.1986,0,none
195.973,3918,-0.32083,-3.20941,0.48389,0,10,0,FALLBACK,0.1835,0.100,1.1989,0,none
196.024,3919,-0.33022,-3.27820,0.68946,0,10,0,FALLBACK,0.1981,0.100,1.1991,0,none
196.073,3920,-0.33004,-3.24935,0.45353,0,10,0,FALLBACK,0.1493,0.100,1.1994,0,none
196.122,3921,-0.31932,-3.04769,0.45454,0,10,0,FALLBACK,0.0430,0.100,1.2000,0,none
196.174,3922,-0.32202,-3.36945,0.53643,0,10,0,FALLBACK,0.1236,0.100,1.2007,0,none
196.223,3923,-0.32446,-3.34432,0.34931,0,10,0,FALLBACK,0.1345,0.100,1.2014,0,none
196.273,3924,-0.32124,-3.26014,0.58693,0,10,0,FALLBACK,0.0901,0.100,1.2019,0,none
196.322,3925,-0.30776,-3.04744,0.46735,0,10,0,FALLBACK,-0.0286,0.100,1.2025,0,none
196.372,3926,-0.30833,-3.11445,0.47799,0,10,0,FALLBACK,0.0445,0.100,1.2031,0,none
196.423,3927,-0.31139,-3.13454,0.60579,0,10,0,FALLBACK,0.0722,0.100,1.2037,0,none
196.472,3928,-0.31224,-2.97582,0.62667,0,10,0,FALLBACK,0.0654,0.100,1.2043,0,none
196.524,3929,-0.29946,-2.99462,0.44822,0,10,0,FALLBACK,-0.0666,0.100,1.2049,0,none
196.574,3930,-0.31349,-2.48536,0.73491,0,10,0,FALLBACK,0.1376,0.100,1.2054,0,none
196.622,3931,-0.33122,-3.32091,0.44539,0,10,0,FALLBACK,0.2448,0.100,1.2057,0,none
196.672,3932,-0.34125,-3.28181,0.46066,0,10,0,FALLBACK,0.2564,0.100,1.2055,0,none
196.724,3933,-0.32385,-3.27878,0.59123,0,10,0,FALLBACK,0.0323,0.100,1.2053,0,none
196.774,3934,-0.33317,-3.42844,0.40579,0,10,0,FALLBACK,0.2125,0.100,1.2057,0,none
196.823,3935,-0.34345,-2.86345,0.39709,0,10,0,FALLBACK,0.2686,0.100,1.2060,0,none
196.874,3936,-0.34373,-3.14448,0.49910,0,10,0,FALLBACK,0.2200,0.100,1.2058,0,none
196.925,3937,-0.31732,-3.30520,0.50444,0,10,0,FALLBACK,-0.0454,0.100,1.2059,0,none
196.974,3938,-0.31386,-3.49608,0.45824,0,10,0,FALLBACK,0.0520,0.100,1.2064,0,none
197.026,3939,-0.31547,-3.51053,0.60246,0,10,0,FALLBACK,0.0854,0.100,1.2068,0,none
197.073,3940,-0.31487,-3.10360,0.39250,0,10,0,FALLBACK,0.0714,0.100,1.2073,0,none
197.125,3941,-0.28549,-3.20811,0.48840,0,10,0,FALLBACK,-0.2194,0.100,1.2078,0,none
197.177,3942,-0.30173,-3.16587,0.45905,0,10,0,FALLBACK,0.0899,0.100,1.2077,0,none
197.226,3943,-0.32989,-3.06527,0.51535,0,10,0,FALLBACK,0.2902,0.100,1.2070,0,none
197.276,3944,-0.35114,-3.37310,0.55374,0,10,0,FALLBACK,0.3620,0.100,1.2063,0,none
197.326,3945,-0.35658,-3.23120,0.53246,0,10,0,FALLBACK,0.3101,0.100,1.2053,0,none
197.361,3946,-0.34228,-3.32954,0.47396,0,10,0,FALLBACK,0.1399,0.100,1.2050,0,none
197.411,3947,-0.33839,-3.51235,0.64193,0,10,0,FALLBACK,0.1724,0.100,1.2060,0,none
197.461,3948,-0.33138,-3.65743,0.49689,0,10,0,FALLBACK,0.1219,0.100,1.2066,0,none
197.510,3949,-0.31786,-3.74612,0.66810,0,10,0,FALLBACK,0.0217,0.100,1.2073,0,none
197.559,3950,-0.29788,-3.71037,0.53054,0,10,0,FALLBACK,-0.1105,0.100,1.2079,0,none
197.609,3951,-0.29471,-3.70454,0.64161,0,10,0,FALLBACK,-0.0423,0.100,1.2083,0,none
197.658,3952,-0.29691,-3.69045,0.57045,0,10,0,FALLBACK,-0.0045,0.100,1.2088,0,none
197.710,3953,-0.29916,-3.51917,0.51978,0,10,0,FALLBACK,0.0071,0.100,1.2094,0,none
197.760,3954,-0.29479,-3.35715,0.53071,0,10,0,FALLBACK,-0.0479,0.100,1.2100,0,none
197.810,3955,-0.30789,-3.30750,0.61640,0,10,0,FALLBACK,0.1049,0.100,1.2106,0,none
197.862,3956,-0.32114,-3.62955,0.44994,0,10,0,FALLBACK,0.1720,0.100,1.2108,0,none
197.911,3957,-0.32664,-3.46002,0.53213,0,10,0,FALLBACK,0.1607,0.100,1.2109,0,none
197.960,3958,-0.31840,-3.81612,0.57872,0,10,0,FALLBACK,0.0508,0.100,1.2113,0,none
198.011,3959,-0.32013,-3.59167,0.61760,0,10,0,FALLBACK,0.1092,0.100,1.2119,0,none
198.061,3960,-0.32045,-3.76000,0.56689,0,10,0,FALLBACK,0.1039,0.100,1.2124,0,none
198.113,3961,-0.31552,-3.81972,0.66709,0,10,0,FALLBACK,0.0529,0.100,1.2129,0,none
198.161,3962,-0.30553,-3.98048,0.65054,0,10,0,FALLBACK,-0.0223,0.100,1.2135,0,none
198.212,3963,-0.29907,-4.17858,0.63995,0,10,0,FALLBACK,-0.0370,0.100,1.2140,0,none
198.262,3964,-0.29484,-3.80110,0.52374,0,10,0,FALLBACK,-0.0469,0.100,1.2146,0,none
198.313,3965,-0.29241,-3.72230,0.59572,0,10,0,FALLBACK,-0.0501,0.100,1.2151,0,none
198.362,3966,-0.28724,-3.82447,0.56498,0,10,0,FALLBACK,-0.0896,0.100,1.2156,0,none
198.413,3967,-0.29436,-3.47880,0.47956,0,10,0,FALLBACK,0.0073,0.100,1.2161,0,none
198.463,3968,-0.30489,-3.55197,0.49285,0,10,0,FALLBACK,0.0771,0.100,1.2166,0,none
198.514,3969,-0.31326,-3.06669,0.67038,0,10,0,FALLBACK,0.1082,0.100,1.2170,0,none
198.563,3970,-0.30409,-3.61386,0.60189,0,10,0,FALLBACK,-0.0254,0.100,1.2173,0,none
198.612,3971,-0.31643,-3.38732,0.48142,0,10,0,FALLBACK,0.1438,0.100,1.2176,0,none
198.664,3972,-0.33019,-3.15003,0.65936,0,10,0,FALLBACK,0.2198,0.100,1.2177,0,none
198.714,3973,-0.33515,-3.33365,0.48979,0,10,0,FALLBACK,0.2005,0.100,1.2176,0,none
198.764,3974,-0.32978,-3.36857,0.50960,0,10,0,FALLBACK,0.1220,0.100,1.2178,0,none
198.815,3975,-0.31543,-3.50221,0.60307,0,10,0,FALLBACK,0.0054,0.100,1.2183,0,none
198.864,3976,-0.30864,-3.97398,0.68967,0,10,0,FALLBACK,0.0092,0.100,1.2189,0,none
198.913,3977,-0.30334,-3.86163,0.59400,0,10,0,FALLBACK,-0.0098,0.100,1.2194,0,none
198.964,3978,-0.29793,-3.78343,0.60656,0,10,0,FALLBACK,-0.0374,0.100,1.2199,0,none
199.013,3979,-0.28915,-3.85571,0.54618,0,10,0,FALLBACK,-0.0981,0.100,1.2204,0,none
199.065,3980,-0.30117,-3.37092,0.49707,0,10,0,FALLBACK,0.0659,0.100,1.2208,0,none
199.114,3981,-0.31673,-3.31897,0.53800,0,10,0,FALLBACK,0.1615,0.100,1.2210,0,none
199.164,3982,-0.32656,-3.48020,0.60274,0,10,0,FALLBACK,0.1820,0.100,1.2210,0,none
199.216,3983,-0.32448,-3.25273,0.44275,0,10,0,FALLBACK,0.1120,0.100,1.2211,0,none
199.265,3984,-0.32693,-3.52258,0.48310,0,10,0,FALLBACK,0.1469,0.100,1.2215,0,none
199.316,3985,-0.32565,-3.29060,0.54714,0,10,0,FALLBACK,0.1219,0.100,1.2220,0,none
199.366,3986,-0.31836,-3.65120,0.44895,0,10,0,FALLBACK,0.0553,0.100,1.2223,0,none
199.417,3987,-0.30313,-4.45359,0.75845,0,10,0,FALLBACK,-0.0605,0.100,1.2228,0,none
199.464,3988,-0.29753,-3.55719,0.50211,0,10,0,FALLBACK,-0.0403,0.100,1.2233,0,none
199.515,3989,-0.29552,-3.78738,0.61587,0,10,0,FALLBACK,-0.0324,0.100,1.2237,0,none
199.565,3990,-0.29522,-3.50179,0.51528,0,10,0,FALLBACK,-0.0255,0.100,1.2241,0,none
199.614,3991,-0.29182,-3.56210,0.61400,0,10,0,FALLBACK,-0.0579,0.100,1.2246,0,none
199.665,3992,-0.30063,-3.41866,0.54065,0,10,0,FALLBACK,0.0472,0.100,1.2250,0,none
199.716,3993,-0.31139,-3.55550,0.58607,0,10,0,FALLBACK,0.1107,0.100,1.2253,0,none
199.766,3994,-0.31833,-3.79336,0.54372,0,10,0,FALLBACK,0.1263,0.100,1.2255,0,none
199.817,3995,-0.32000,-3.74276,0.64751,0,10,0,FALLBACK,0.1083,0.100,1.2258,0,none
199.865,3996,-0.31508,-4.10192,0.67233,0,10,0,FALLBACK,0.0509,0.100,1.2261,0,none
199.915,3997,-0.30635,-4.29572,0.66794,0,10,0,FALLBACK,-0.0119,0.100,1.2266,0,none
199.965,3998,-0.29681,-4.07257,0.74658,0,10,0,FALLBACK,-0.0637,0.100,1.2270,0,none
200.015,3999,-0.28727,-3.78036,0.58331,0,10,0,FALLBACK,-0.1113,0.100,1.2274,0,none
200.066,4000,-0.28800,-4.06019,0.59491,0,10,0,FALLBACK,-0.0564,0.100,1.2277,0,none
200.115,4001,-0.29348,-3.78675,0.40270,0,10,0,FALLBACK,-0.0052,0.100,1.2281,0,none
200.166,4002,-0.30025,-3.75597,0.64971,0,10,0,FALLBACK,0.0351,0.100,1.2285,0,none
200.217,4003,-0.30209,-3.65002,0.51211,0,10,0,FALLBACK,0.0196,0.100,1.2288,0,none
200.266,4004,-0.31092,-3.68493,0.56702,0,10,0,FALLBACK,0.0987,0.100,1.2292,0,none
200.316,4005,-0.31837,-3.77672,0.53405,0,10,0,FALLBACK,0.1292,0.100,1.2295,0,none
200.367,4006,-0.32049,-3.79279,0.58655,0,10,0,FALLBACK,0.1130,0.100,1.2296,0,none
200.416,4007,-0.31880,-3.67102,0.53152,0,10,0,FALLBACK,0.0855,0.100,1.2299,0,none
200.467,4008,-0.30851,-3.77032,0.54272,0,10,0,FALLBACK,-0.0089,0.100,1.2303,0,none
200.516,4009,-0.29581,-3.87263,0.54531,0,10,0,FALLBACK,-0.0845,0.100,1.2307,0,none
200.566,4010,-0.28529,-3.80062,0.50142,0,10,0,FALLBACK,-0.1261,0.100,1.2310,0,none
200.617,4011,-0.27411,-3.80787,0.55798,0,10,0,FALLBACK,-0.1853,0.100,1.2312,0,none
200.667,4012,-0.28097,-3.32478,0.51019,0,10,0,FALLBACK,-0.0608,0.100,1.2312,0,none
200.718,4013,-0.29547,-3.54907,0.74484,0,10,0,FALLBACK,0.0499,0.100,1.2315,0,none
200.767,4014,-0.30999,-3.49093,0.54586,0,10,0,FALLBACK,0.1226,0.100,1.2318,0,none
200.820,4015,-0.31417,-3.33817,0.41113,0,10,0,FALLBACK,0.0917,0.100,1.2319,0,none
200.868,4016,-0.32396,-3.60399,0.62154,0,10,0,FALLBACK,0.1687,0.100,1.2321,0,none
200.918,4017,-0.32966,-3.59971,0.50838,0,10,0,FALLBACK,0.1768,0.100,1.2322,0,none
200.970,4018,-0.32719,-3.68639,0.69218,0,10,0,FALLBACK,0.1236,0.100,1.2323,0,none
201.018,4019,-0.31744,-3.79488,0.44684,0,10,0,FALLBACK,0.0385,0.100,1.2326,0,none
201.070,4020,-0.30362,-4.06614,0.59901,0,10,0,FALLBACK,-0.0510,0.100,1.2330,0,none
201.121,4021,-0.29347,-4.05198,0.68188,0,10,0,FALLBACK,-0.0835,0.100,1.2333,0,none
201.170,4022,-0.28695,-3.97327,0.56103,0,10,0,FALLBACK,-0.0978,0.100,1.2336,0,none
201.219,4023,-0.28453,-3.89321,0.52332,0,10,0,FALLBACK,-0.0895,0.100,1.2339,0,none
201.269,4024,-0.28501,-3.51909,0.49918,0,10,0,FALLBACK,-0.0725,0.100,1.2342,0,none
201.319,4025,-0.29873,-3.46827,0.44930,0,10,0,FALLBACK,0.0622,0.100,1.2346,0,none
201.368,4026,-0.31414,-3.05408,0.51143,0,10,0,FALLBACK,0.1478,0.100,1.2347,0,none
201.419,4027,-0.32436,-3.33979,0.47033,0,10,0,FALLBACK,0.1729,0.100,1.2347,0,none
201.467,4028,-0.32512,-3.30764,0.48684,0,10,0,FALLBACK,0.1294,0.100,1.2347,0,none
201.519,4029,-0.32793,-3.49252,0.41858,0,10,0,FALLBACK,0.1537,0.100,1.2349,0,none
201.571,4030,-0.32568,-3.41625,0.52956,0,10,0,FALLBACK,0.1171,0.100,1.2352,0,none
201.621,4031,-0.31700,-3.79083,0.56718,0,10,0,FALLBACK,0.0416,0.100,1.2354,0,none
201.668,4032,-0.30271,-3.47481,0.50900,0,10,0,FALLBACK,-0.0579,0.100,1.2358,0,none
201.718,4033,-0.29623,-4.26446,0.67139,0,10,0,FALLBACK,-0.0512,0.100,1.2361,0,none
201.768,4034,-0.29354,-4.16008,0.62617,0,10,0,FALLBACK,-0.0458,0.100,1.2364,0,none
201.818,4035,-0.29290,-4.24805,0.76445,0,10,0,FALLBACK,-0.0387,0.100,1.2367,0,none
201.870,4036,-0.29273,-3.81207,0.54000,0,10,0,FALLBACK,-0.0372,0.100,1.2370,0,none
201.918,4037,-0.29932,-3.66629,0.57049,0,10,0,FALLBACK,0.0295,0.100,1.2373,0,none
201.969,4038,-0.30688,-3.15626,0.56138,0,10,0,FALLBACK,0.0722,0.100,1.2376,0,none
202.020,4039,-0.31205,-3.50946,0.51708,0,10,0,FALLBACK,0.0861,0.100,1.2378,0,none
202.072,4040,-0.30909,-3.33541,0.40500,0,10,0,FALLBACK,0.0307,0.100,1.2380,0,none
202.120,4041,-0.31844,-3.08990,0.55684,0,10,0,FALLBACK,0.1390,0.100,1.2383,0,none
202.170,4042,-0.32624,-2.89818,0.56442,0,10,0,FALLBACK,0.1702,0.100,1.2384,0,none
202.219,4043,-0.32648,-3.39159,0.58578,0,10,0,FALLBACK,0.1336,0.100,1.2383,0,none
202.270,4044,-0.31066,-3.17601,0.34718,0,10,0,FALLBACK,-0.0258,0.100,1.2385,0,none
202.319,4045,-0.31923,-3.32129,0.49299,0,10,0,FALLBACK,0.1391,0.100,1.2386,0,none
202.369,4046,-0.32966,-3.15860,0.39793,0,10,0,FALLBACK,0.2004,0.100,1.2386,0,none
202.420,4047,-0.33162,-3.22300,0.62056,0,10,0,FALLBACK,0.1679,0.100,1.2383,0,none
202.471,4048,-0.31470,-3.43294,0.52754,0,10,0,FALLBACK,-0.0111,0.100,1.2384,0,none
202.522,4049,-0.32095,-3.44164,0.41938,0,10,0,FALLBACK,0.1360,0.100,1.2385,0,none
202.571,4050,-0.32889,-3.07304,0.61508,0,10,0,FALLBACK,0.1842,0.100,1.2386,0,none
202.621,4051,-0.32890,-3.39002,0.58339,0,10,0,FALLBACK,0.1445,0.100,1.2384,0,none
202.670,4052,-0.31222,-3.51899,0.55271,0,10,0,FALLBACK,-0.0223,0.100,1.2386,0,none
202.722,4053,-0.31418,-3.36914,0.65577,0,10,0,FALLBACK,0.0807,0.100,1.2387,0,none
202.772,4054,-0.31857,-3.54585,0.65338,0,10,0,FALLBACK,0.1149,0.100,1.2389,0,none
202.821,4055,-0.31815,-3.80019,0.51755,0,10,0,FALLBACK,0.0887,0.100,1.2391,0,none
202.871,4056,-0.30712,-3.88479,0.54491,0,10,0,FALLBACK,-0.0196,0.100,1.2393,0,none
202.922,4057,-0.30746,-3.88214,0.61650,0,10,0,FALLBACK,0.0390,0.100,1.2395,0,none
202.972,4058,-0.30953,-3.65077,0.44521,0,10,0,FALLBACK,0.0580,0.100,1.2398,0,none
203.024,4059,-0.30925,-3.26457,0.37924,0,10,0,FALLBACK,0.0449,0.100,1.2400,0,none
203.074,4060,-0.29709,-3.51280,0.49267,0,10,0,FALLBACK,-0.0754,0.100,1.2403,0,none
203.122,4061,-0.30728,-3.25333,0.48222,0,10,0,FALLBACK,0.0874,0.100,1.2404,0,none
203.172,4062,-0.32086,-2.99793,0.38020,0,10,0,FALLBACK,0.1722,0.100,1.2404,0,none
203.221,4063,-0.32799,-3.34007,0.43951,0,10,0,FALLBACK,0.1756,0.100,1.2402,0,none
203.274,4064,-0.31263,-3.24524,0.53055,0,10,0,FALLBACK,-0.0136,0.100,1.2401,0,none
203.321,4065,-0.32429,-3.17825,0.56388,0,10,0,FALLBACK,0.1798,0.100,1.2401,0,none
203.372,4066,-0.33739,-3.31874,0.40678,0,10,0,FALLBACK,0.2524,0.100,1.2399,0,none
203.422,4067,-0.33979,-3.34813,0.71141,0,10,0,FALLBACK,0.2109,0.100,1.2393,0,none
203.473,4068,-0.32074,-3.02839,0.54237,0,10,0,FALLBACK,0.0085,0.100,1.2393,0,none
203.522,4069,-0.31716,-3.34073,0.51536,0,10,0,FALLBACK,0.0679,0.100,1.2394,0,none
203.573,4070,-0.31562,-3.29737,0.44441,0,10,0,FALLBACK,0.0704,0.100,1.2398,0,none
203.624,4071,-0.31075,-3.35977,0.45059,0,10,0,FALLBACK,0.0294,0.100,1.2400,0,none
203.674,4072,-0.28867,-3.30680,0.53870,0,10,0,FALLBACK,-0.1670,0.100,1.2403,0,none
203.722,4073,-0.29744,-2.85638,0.71876,0,10,0,FALLBACK,0.0311,0.100,1.2402,0,none
203.774,4074,-0.31509,-3.01215,0.46611,0,10,0,FALLBACK,0.1637,0.100,1.2399,0,none
203.824,4075,-0.32981,-3.47869,0.44896,0,10,0,FALLBACK,0.2226,0.100,1.2398,0,none
203.874,4076,-0.31687,-3.10653,0.48046,0,10,0,FALLBACK,0.0196,0.100,1.2394,0,none
203.923,4077,-0.33340,-3.64506,0.55285,0,10,0,FALLBACK,0.2496,0.100,1.2392,0,none
203.974,4078,-0.35045,-3.26424,0.56059,0,10,0,FALLBACK,0.3376,0.100,1.2390,0,none
204.024,4079,-0.35486,-3.57457,0.55353,0,10,0,FALLBACK,0.2963,0.100,1.2378,0,none
204.073,4080,-0.32857,-3.39812,0.43454,0,10,0,FALLBACK,0.0114,0.100,1.2371,0,none
204.124,4081,-0.32054,-3.80342,0.51068,0,10,0,FALLBACK,0.0626,0.100,1.2372,0,none
204.174,4082,-0.31525,-3.80842,0.62077,0,10,0,FALLBACK,0.0498,0.100,1.2375,0,none
204.225,4083,-0.30790,-3.58704,0.52937,0,10,0,FALLBACK,0.0027,0.100,1.2378,0,none
204.273,4084,-0.28264,-3.54345,0.46825,0,10,0,FALLBACK,-0.2131,0.100,1.2381,0,none
204.324,4085,-0.28948,-3.13084,0.43322,0,10,0,FALLBACK,-0.0184,0.100,1.2379,0,none
204.374,4086,-0.30751,-3.06996,0.48254,0,10,0,FALLBACK,0.1277,0.100,1.2375,0,none
204.427,4087,-0.32476,-2.88053,0.55476,0,10,0,FALLBACK,0.2100,0.100,1.2375,0,none
204.473,4088,-0.33411,-3.36976,0.50228,0,10,0,FALLBACK,0.2173,0.100,1.2372,0,none
204.524,4089,-0.33175,-2.87855,0.56462,0,10,0,FALLBACK,0.1470,0.100,1.2369,0,none
204.577,4090,-0.34525,-2.96340,0.70306,0,10,0,FALLBACK,0.2937,0.100,1.2371,0,none
204.627,4091,-0.35293,-2.92986,0.52172,0,10,0,FALLBACK,0.3031,0.100,1.2370,0,none
204.676,4092,-0.34671,-3.04325,0.50999,0,10,0,FALLBACK,0.2024,0.100,1.2362,0,none
204.728,4093,-0.32296,-3.06567,0.47604,0,10,0,FALLBACK,-0.0039,0.100,1.2362,0,none
204.776,4094,-0.32518,-2.21163,0.62310,0,10,0,FALLBACK,0.1370,0.100,1.2367,0,none
204.810,4095,-0.32763,-3.14717,0.36848,0,10,0,FALLBACK,0.1504,0.100,1.2368,0,none
204.859,4096,-0.32449,-3.23849,0.50514,0,10,0,FALLBACK,0.1067,0.100,1.2368,0,none
204.911,4097,-0.30953,-3.26986,0.62583,0,10,0,FALLBACK,-0.0271,0.100,1.2370,0,none
204.958,4098,-0.32081,-3.20120,0.55421,0,10,0,FALLBACK,0.1604,0.100,1.2372,0,none
205.008,4099,-0.32981,-3.17625,0.44840,0,10,0,FALLBACK,0.1941,0.100,1.2368,0,none
205.060,4100,-0.32876,-3.57020,0.40346,0,10,0,FALLBACK,0.1385,0.100,1.2367,0,none
205.111,4101,-0.31311,-3.38834,0.55698,0,10,0,FALLBACK,-0.0127,0.100,1.2370,0,none
205.162,4102,-0.32519,-3.26435,0.49110,0,10,0,FALLBACK,0.1863,0.100,1.2373,0,none
205.209,4103,-0.33645,-3.35371,0.44599,0,10,0,FALLBACK,0.2386,0.100,1.2368,0,none
205.261,4104,-0.33594,-3.07148,0.60364,0,10,0,FALLBACK,0.1772,0.100,1.2364,0,none
205.311,4105,-0.31361,-3.33935,0.45922,0,10,0,FALLBACK,-0.0436,0.100,1.2366,0,none
205.362,4106,-0.33212,-3.05081,0.48074,0,10,0,FALLBACK,0.2532,0.100,1.2367,0,none
205.414,4107,-0.35038,-2.56360,0.53051,0,10,0,FALLBACK,0.3432,0.100,1.2353,0,none
205.461,4108,-0.35167,-2.66783,0.42716,0,10,0,FALLBACK,0.2648,0.100,1.2341,0,none
205.511,4109,-0.32300,-3.00489,0.42540,0,10,0,FALLBACK,-0.0284,0.100,1.2342,0,none
205.560,4110,-0.33741,-3.13852,0.41993,0,10,0,FALLBACK,0.2591,0.100,1.2342,0,none
205.617,4111,-0.35233,-1.64198,0.83127,0,10,0,FALLBACK,0.3362,0.100,1.2329,0,none
205.663,4112,-0.35048,-1.93857,0.68815,0,10,0,FALLBACK,0.2431,0.100,1.2319,0,none
205.711,4113,-0.31246,-3.01398,0.47240,0,10,0,FALLBACK,-0.1277,0.100,1.2321,0,none
205.762,4114,-0.33330,-2.32760,0.54128,0,10,0,FALLBACK,0.2707,0.100,1.2313,0,none
205.814,4115,-0.35804,-2.44422,0.52067,0,10,0,FALLBACK,0.4139,0.100,1.2291,0,none
205.862,4116,-0.36240,-0.88915,0.48789,0,10,0,FALLBACK,0.3338,0.100,1.2270,0,none
205.914,4117,-0.31767,-1.45410,0.63065,0,10,0,FALLBACK,-0.1353,0.100,1.2268,0,none
205.962,4118,-0.34305,-2.01817,0.64195,0,10,0,FALLBACK,0.3421,0.100,1.2255,0,none
206.014,4119,-0.37723,-1.00130,0.56414,0,10,0,FALLBACK,0.5570,0.100,1.2220,0,none
206.063,4120,-0.38746,-1.31613,0.60633,0,10,0,FALLBACK,0.4885,0.100,1.2185,0,none
206.112,4121,-0.33165,-2.66797,0.53013,0,10,0,FALLBACK,-0.1209,0.100,1.2171,0,none
206.165,4122,-0.34586,-2.21444,0.50694,0,10,0,FALLBACK,0.3004,0.100,1.2139,0,none
206.212,4123,-0.37162,-2.65531,0.46112,0,10,0,FALLBACK,0.4869,0.100,1.2127,0,none
206.266,4124,-0.37343,-2.19938,0.54700,0,10,0,FALLBACK,0.3762,0.100,1.2093,0,none
206.315,4125,-0.30128,-1.96068,0.62284,0,10,0,FALLBACK,-0.3544,0.100,1.2092,0,none
206.367,4126,-0.32186,-1.96185,0.59201,0,10,0,FALLBACK,0.2122,0.100,1.2028,0,none
206.416,4127,-0.36418,-1.85934,0.67501,0,10,0,FALLBACK,0.5325,0.100,1.1997,0,none
206.464,4128,-0.38673,-1.12217,0.60133,0,10,0,FALLBACK,0.5464,0.100,1.1961,0,none
206.514,4129,-0.38063,-2.07869,0.68670,0,10,0,FALLBACK,0.3727,0.100,1.1942,0,none
206.567,4130,-0.34075,-2.73262,0.45698,0,10,0,FALLBACK,0.0043,0.100,1.1946,0,none
206.615,4131,-0.34620,-2.49166,0.46955,0,10,0,FALLBACK,0.2583,0.100,1.1948,0,none
206.664,4132,-0.35584,-1.96512,0.69351,0,10,0,FALLBACK,0.3274,0.100,1.1949,0,none
206.715,4133,-0.35121,-2.53667,0.66258,0,10,0,FALLBACK,0.2330,0.100,1.1945,0,none
206.764,4134,-0.30591,-2.35491,0.60672,0,10,0,FALLBACK,-0.1970,0.100,1.1949,0,none
206.816,4135,-0.33022,-1.29988,0.66491,0,10,0,FALLBACK,0.2727,0.100,1.1933,0,none
206.865,4136,-0.36539,-0.24849,0.25419,1,10,0,FALLBACK,0.5028,0.100,1.1911,0,none
206.914,4137,-0.38035,-0.36690,0.32270,0,10,0,FALLBACK,0.4766,0.100,1.1886,0,none
206.966,4138,-0.32990,-2.22996,0.52742,0,10,0,FALLBACK,-0.1028,0.100,1.1876,0,none
207.015,4139,-0.35480,-1.94002,0.80226,0,10,0,FALLBACK,0.3985,0.100,1.1850,0,none
207.066,4140,-0.38934,-2.50834,0.54487,0,10,0,FALLBACK,0.6194,0.100,1.1825,0,none
207.116,4141,-0.39851,-2.16891,0.78727,0,10,0,FALLBACK,0.5384,0.100,1.1789,0,none
207.166,4142,-0.37898,-3.27146,0.40085,0,10,0,FALLBACK,0.2972,0.100,1.1779,0,none
207.218,4143,-0.33515,-3.58860,0.52924,0,10,0,FALLBACK,-0.0434,0.100,1.1790,0,none
207.266,4144,-0.33813,-3.19209,0.53838,0,10,0,FALLBACK,0.2055,0.100,1.1795,0,none
207.318,4145,-0.34704,-2.56792,0.70015,0,10,0,FALLBACK,0.2798,0.100,1.1799,0,none
207.368,4146,-0.34387,-2.58211,0.77926,0,10,0,FALLBACK,0.2035,0.100,1.1799,0,none
207.418,4147,-0.31083,-3.06061,0.48260,0,10,0,FALLBACK,-0.1111,0.100,1.1805,0,none
207.468,4148,-0.33038,-2.54374,0.55493,0,10,0,FALLBACK,0.2496,0.100,1.1803,0,none
207.518,4149,-0.35627,-2.16276,0.59259,0,10,0,FALLBACK,0.4108,0.100,1.1794,0,none
207.569,4150,-0.36549,-1.33897,0.79236,0,10,0,FALLBACK,0.3736,0.100,1.1782,0,none
207.617,4151,-0.32260,-1.13011,0.67259,0,10,0,FALLBACK,-0.1015,0.100,1.1781,0,none
207.670,4152,-0.34595,-1.49294,0.70995,0,10,0,FALLBACK,0.3465,0.100,1.1767,0,none
207.718,4153,-0.37745,-1.15344,0.82633,0,10,0,FALLBACK,0.5447,0.100,1.1748,0,none
207.769,4154,-0.38676,-0.09547,0.16141,1,10,0,FALLBACK,0.4803,0.100,1.1723,0,none
207.822,4155,-0.32969,-0.34473,0.36168,0,10,0,FALLBACK,-0.1369,0.100,1.1718,0,none
207.870,4156,-0.33996,-2.82633,0.81422,0,10,0,FALLBACK,0.2511,0.100,1.1688,0,none
207.917,4157,-0.36332,-1.54344,0.82635,0,10,0,FALLBACK,0.4334,0.100,1.1686,0,none
207.969,4158,-0.36994,-2.25497,0.74504,0,10,0,FALLBACK,0.3828,0.100,1.1673,0,none
208.020,4159,-0.35622,-2.89527,0.88098,0,10,0,FALLBACK,0.2125,0.100,1.1673,0,none
208.070,4160,-0.31596,-3.19847,0.55855,0,10,0,FALLBACK,-0.1215,0.100,1.1684,0,none
208.120,4161,-0.32068,-2.56880,0.76441,0,10,0,FALLBACK,0.1270,0.100,1.1684,0,none
208.170,4162,-0.33401,-2.84522,0.73048,0,10,0,FALLBACK,0.2367,0.100,1.1689,0,none
208.218,4163,-0.33808,-1.47270,0.86601,0,10,0,FALLBACK,0.2108,0.100,1.1692,0,none
208.272,4164,-0.30275,-1.41879,0.99945,0,10,0,FALLBACK,-0.1629,0.100,1.1698,0,none
208.320,4165,-0.32816,-0.90271,0.66873,0,10,0,FALLBACK,0.2679,0.100,1.1690,0,none
208.369,4166,-0.36225,-0.21467,0.34318,0,10,0,FALLBACK,0.4817,0.100,1.1674,0,none
208.420,4167,-0.37735,-0.52597,0.37483,0,10,0,FALLBACK,0.4623,0.100,1.1655,0,none
208.470,4168,-0.31923,-1.70431,0.93088,0,10,0,FALLBACK,-0.1945,0.100,1.1650,0,none
208.521,4169,-0.34476,-0.59022,0.71212,0,10,0,FALLBACK,0.3514,0.100,1.1610,0,none
208.571,4170,-0.38464,0.08661,0.36026,0,10,0,FALLBACK,0.6226,0.100,1.1584,0,none
208.618,4171,-0.40015,-2.39569,0.94223,0,10,0,FALLBACK,0.5783,0.100,1.1548,0,none
208.670,4172,-0.38617,-3.54506,0.61404,0,10,0,FALLBACK,0.3610,0.100,1.1537,0,none
208.721,4173,-0.33247,-3.21886,1.10723,0,10,0,FALLBACK,-0.1062,0.100,1.1549,0,none
208.770,4174,-0.33488,-3.92795,0.83667,0,10,0,FALLBACK,0.1864,0.100,1.1543,0,none
208.822,4175,-0.34771,-3.74716,0.71802,0,10,0,FALLBACK,0.3027,0.100,1.1549,0,none
208.871,4176,-0.34852,-2.21429,0.50668,0,10,0,FALLBACK,0.2466,0.100,1.1550,0,none
208.922,4177,-0.29768,-1.23516,0.31550,0,10,0,FALLBACK,-0.2658,0.100,1.1557,0,none
208.971,4178,-0.32291,-0.01328,0.10126,1,10,0,FALLBACK,0.2407,0.100,1.1531,0,none
209.022,4179,-0.36275,0.00204,0.11753,1,10,0,FALLBACK,0.5129,0.100,1.1511,0,none
209.072,4180,-0.38294,0.01743,0.09849,1,10,0,FALLBACK,0.5157,0.100,1.1488,0,none
209.119,4181,-0.37957,0.02256,0.10867,1,10,0,FALLBACK,0.3810,0.100,1.1622,0,none
209.170,4182,0.00242,0.00724,0.13659,1,10,0,FALLBACK,-1.0000,0.100,1.1485,0,none
209.222,4183,-0.41744,0.01470,0.14283,1,10,0,FALLBACK,1.0000,0.100,1.1336,0,none
209.272,4184,-0.84213,-0.00281,0.11837,1,10,0,FALLBACK,1.0000,0.100,1.0970,0,none
209.322,4185,-1.22972,0.03565,0.14265,1,10,0,FALLBACK,1.0000,0.100,1.0657,0,none
209.371,4186,-1.59654,-0.00729,0.14260,1,10,0,FALLBACK,1.0000,0.100,1.0630,0,none
209.422,4187,-1.94707,0.04130,0.16077,1,10,0,FALLBACK,1.0000,0.100,1.0621,0,none
209.472,4188,-2.27899,0.02697,0.10626,1,10,0,FALLBACK,1.0000,0.100,1.0608,0,none
209.521,4189,-2.59086,0.07659,0.12679,1,10,0,FALLBACK,1.0000,0.100,1.0597,0,none
209.571,4190,-2.88102,-0.00608,0.11866,1,10,0,FALLBACK,1.0000,0.100,1.0585,0,none
209.622,4191,-3.14805,0.00207,0.17669,1,10,0,FALLBACK,1.0000,0.100,1.0574,0,none
209.674,4192,-3.39070,0.04207,0.09777,1,10,0,FALLBACK,1.0000,0.100,1.0563,0,none
209.724,4193,-3.60777,0.05591,0.19887,1,10,0,FALLBACK,1.0000,0.100,1.0552,0,none
209.772,4194,-3.79826,0.07961,0.11903,1,10,0,FALLBACK,1.0000,0.100,1.0541,0,none
209.824,4195,-3.96126,0.02678,0.15995,1,10,0,FALLBACK,1.0000,0.100,1.0531,0,none
209.873,4196,-4.09602,0.07374,0.12496,1,10,0,FALLBACK,1.0000,0.100,1.0520,0,none
209.922,4197,-4.20196,0.04333,0.13713,1,10,0,FALLBACK,1.0000,0.100,1.0510,0,none
209.971,4198,-4.27862,0.04457,0.11029,1,10,0,FALLBACK,1.0000,0.100,1.0500,0,none
210.023,4199,-4.32566,0.08509,0.11677,1,10,0,FALLBACK,1.0000,0.100,1.0491,0,none
