cte_true,mc_mean,mc_std,m0,m1,m2,m3,m4,m5,m6,m7,m8,m9
0.00100,0.06285,0.11557,-0.01280,0.12084,0.07068,0.05411,-0.06155,0.11736,-0.13966,0.27536,0.14260,0.06159
0.00100,0.05992,0.11623,-0.01198,0.11520,0.07279,0.05423,-0.06080,0.11591,-0.15200,0.27350,0.13011,0.06230
0.00100,0.06002,0.11548,-0.01219,0.10939,0.07211,0.05579,-0.06033,0.11622,-0.14914,0.27366,0.13185,0.06283
0.00084,0.07636,0.11190,-0.01462,0.14128,0.08197,0.03450,-0.09530,0.11135,-0.01219,0.31210,0.14081,0.06369
0.00036,0.00534,0.09031,0.02784,0.08739,0.14406,-0.01681,-0.17278,-0.00791,-0.10094,0.04626,0.00156,0.04473
-0.00014,0.06123,0.14868,0.01966,-0.02406,0.11763,0.03756,-0.09036,0.14491,-0.18076,0.19483,0.34350,0.04943
-0.00113,0.00777,0.13650,-0.06824,-0.08989,0.09303,0.04335,-0.14640,0.03626,-0.14852,0.04079,0.31391,0.00342
-0.00255,0.08438,0.19305,-0.01305,-0.06111,0.17884,-0.00227,-0.06495,0.12352,0.03622,0.09002,0.58403,-0.02743
-0.00440,0.02187,0.12608,0.01071,-0.11153,0.18368,0.01378,-0.05763,0.08812,-0.18656,0.17497,0.15042,-0.04724
-0.00674,-0.05286,0.11743,-0.01928,-0.08205,0.10075,-0.08635,-0.10481,-0.08250,-0.29142,-0.07103,0.13689,-0.02879
-0.00966,0.04736,0.05696,0.00744,-0.01276,0.08571,0.00732,0.00345,0.13750,0.09663,-0.00646,0.12064,0.03418
-0.01003,0.01979,0.05751,-0.01708,-0.04571,0.03677,0.00689,-0.00584,0.13253,0.09738,-0.03364,-0.01259,0.03914
-0.01815,-0.01791,0.06271,-0.02706,-0.05387,0.09949,-0.05834,-0.01575,0.01901,0.03424,-0.10523,-0.09167,0.02010
-0.02311,-0.06009,0.05077,-0.03411,-0.09975,-0.00395,-0.08396,-0.04936,0.00588,-0.14954,-0.09976,-0.07933,-0.00705
-0.02893,0.04273,0.05525,-0.02866,-0.02119,0.13100,-0.00756,0.04907,0.12850,0.04464,0.02567,0.04693,0.05890
-0.03589,0.07988,0.06965,-0.00530,0.00479,0.15406,0.02258,0.10439,0.17067,0.06662,0.03235,0.18243,0.06624
-0.04391,-0.02629,0.05012,-0.03450,-0.06402,0.05919,-0.08621,-0.02546,-0.00092,-0.03989,-0.10160,0.00363,0.02689
-0.05302,-0.04285,0.05719,-0.03212,-0.05694,0.04967,-0.07528,-0.00614,-0.01144,-0.13780,-0.12519,-0.01571,-0.01751
-0.06335,-0.08455,0.05703,-0.03982,-0.05375,0.01204,-0.09703,-0.09722,-0.15323,-0.12024,-0.17879,-0.07415,-0.04336
-0.07607,-0.07930,0.05090,-0.05101,-0.11823,-0.00758,-0.04077,-0.12207,-0.11031,-0.12536,-0.13052,-0.08983,0.00269
-0.08774,-0.04123,0.04719,-0.04480,-0.05492,0.03407,-0.03282,-0.06139,-0.05821,0.01028,-0.12926,-0.07621,0.00092
-0.10205,-0.11061,0.06717,-0.04672,-0.08814,0.01281,-0.11309,-0.14965,-0.19758,-0.16802,-0.17028,-0.13852,-0.04695
-0.11779,-0.10200,0.05516,-0.04963,-0.09491,-0.01814,-0.09940,-0.12882,-0.16972,-0.17352,-0.13045,-0.12838,-0.02703
-0.13434,-0.08584,0.07204,-0.04931,-0.03777,0.02893,-0.02188,-0.14723,-0.07385,-0.21805,-0.12990,-0.13434,-0.07502
-0.15367,-0.11594,0.09116,-0.06623,0.04722,-0.00117,-0.09551,-0.14823,-0.22337,-0.23871,-0.17403,-0.11108,-0.14832
-0.17322,-0.12767,0.08912,-0.10092,-0.00968,-0.00791,-0.05539,-0.17501,-0.16974,-0.29684,-0.18791,-0.11594,-0.15736
-0.19429,-0.22827,0.10131,-0.15516,-0.13822,-0.08311,-0.27110,-0.20569,-0.38250,-0.39932,-0.24503,-0.18228,-0.22026
-0.21955,-0.16499,0.10861,-0.05620,-0.11214,-0.04047,-0.15446,-0.18849,-0.38143,-0.28158,-0.22094,-0.15756,-0.05666
-0.24035,-0.20820,0.09827,-0.11181,-0.17525,-0.07206,-0.17662,-0.20785,-0.40891,-0.29751,-0.28466,-0.18977,-0.15756
-0.26411,-0.21817,0.08828,-0.11265,-0.17576,-0.11954,-0.14673,-0.20843,-0.39667,-0.29179,-0.28339,-0.20464,-0.24208
-0.28893,-0.21897,0.07304,-0.12921,-0.14154,-0.15808,-0.19002,-0.24278,-0.37134,-0.26402,-0.27615,-0.20080,-0.21578
-0.31447,-0.31935,0.08343,-0.25318,-0.23544,-0.30378,-0.29419,-0.23674,-0.46505,-0.37325,-0.29300,-0.28672,-0.45214
-0.34003,-0.28802,0.10512,-0.14295,-0.22741,-0.17451,-0.27546,-0.22920,-0.47133,-0.38219,-0.29926,-0.26668,-0.41121
-0.36549,-0.34018,0.09246,-0.28843,-0.28616,-0.28508,-0.29056,-0.25134,-0.46576,-0.39768,-0.30892,-0.29772,-0.53016
-0.39080,-0.36796,0.08644,-0.32916,-0.32203,-0.35015,-0.33100,-0.28176,-0.49964,-0.37264,-0.32537,-0.31854,-0.54935
-0.41516,-0.40706,0.10271,-0.42037,-0.31708,-0.44992,-0.35867,-0.25384,-0.53331,-0.47264,-0.33582,-0.34801,-0.58090
-0.43833,-0.41944,0.09360,-0.42143,-0.36640,-0.45737,-0.36295,-0.28784,-0.54739,-0.46743,-0.34117,-0.36182,-0.58057
-0.46023,-0.47453,0.08309,-0.52461,-0.45331,-0.46994,-0.38500,-0.38704,-0.58159,-0.47268,-0.36909,-0.48317,-0.61883
-0.48033,-0.45876,0.09007,-0.42753,-0.46408,-0.38232,-0.37643,-0.39037,-0.59650,-0.47555,-0.36311,-0.49474,-0.61693
-0.49793,-0.50229,0.08803,-0.54398,-0.49114,-0.48251,-0.43643,-0.39268,-0.62285,-0.50680,-0.37197,-0.53648,-0.63803
-0.51276,-0.51685,0.07577,-0.55896,-0.45812,-0.54714,-0.44475,-0.45966,-0.60413,-0.51564,-0.38899,-0.57661,-0.61445
-0.52468,-0.50313,0.07492,-0.51785,-0.44411,-0.52998,-0.44400,-0.44992,-0.60439,-0.52261,-0.37197,-0.54089,-0.60560
-0.53323,-0.45463,0.10024,-0.38105,-0.39119,-0.40881,-0.36220,-0.40988,-0.62245,-0.48173,-0.35325,-0.52592,-0.60985
-0.53802,-0.49280,0.10966,-0.39316,-0.51387,-0.37828,-0.38793,-0.51011,-0.66546,-0.51220,-0.36060,-0.57679,-0.62962
-0.53875,-0.57674,0.10866,-0.72245,-0.56072,-0.53739,-0.51099,-0.56289,-0.73809,-0.54603,-0.36090,-0.57950,-0.64849
-0.53530,-0.49366,0.07020,-0.50910,-0.48777,-0.54228,-0.42871,-0.51330,-0.55768,-0.49648,-0.34329,-0.46619,-0.59185
-0.52750,-0.54102,0.13066,-0.83534,-0.44189,-0.51958,-0.50423,-0.49642,-0.62463,-0.48554,-0.36094,-0.50327,-0.63833
-0.51529,-0.49745,0.11176,-0.69518,-0.45424,-0.34296,-0.51474,-0.51098,-0.60413,-0.44776,-0.34917,-0.45893,-0.59639
-0.49886,-0.51066,0.11314,-0.72265,-0.45361,-0.40181,-0.51227,-0.55256,-0.63720,-0.43420,-0.35948,-0.45074,-0.58202
-0.47836,-0.53302,0.13321,-0.74578,-0.52878,-0.33434,-0.55034,-0.56799,-0.66850,-0.48917,-0.34862,-0.45176,-0.64495
-0.45375,-0.45770,0.11404,-0.63800,-0.42958,-0.30029,-0.52075,-0.43661,-0.56540,-0.39714,-0.34115,-0.36188,-0.58618
-0.42544,-0.41987,0.11390,-0.60269,-0.43477,-0.23384,-0.51006,-0.41790,-0.50972,-0.38722,-0.31198,-0.29938,-0.49111
-0.39430,-0.41773,0.09266,-0.50510,-0.35964,-0.30424,-0.49522,-0.42622,-0.51110,-0.40974,-0.32668,-0.29671,-0.54262
-0.36088,-0.25683,0.10171,-0.18375,-0.19152,-0.08225,-0.35391,-0.21674,-0.36905,-0.30911,-0.31514,-0.16684,-0.37999
-0.32534,-0.26880,0.09285,-0.18412,-0.19979,-0.13321,-0.32257,-0.23898,-0.38447,-0.36015,-0.31499,-0.17597,-0.37374
-0.28876,-0.20524,0.07553,-0.13946,-0.17040,-0.08061,-0.26978,-0.20785,-0.20991,-0.30256,-0.29847,-0.12658,-0.24675
-0.25233,-0.10815,0.07866,-0.10595,-0.03795,-0.02747,-0.13858,-0.16586,-0.02227,-0.21772,-0.21807,-0.01827,-0.12934
-0.21687,-0.09914,0.07889,-0.08121,-0.08193,-0.01590,-0.11807,-0.15918,-0.03923,-0.22993,-0.18890,0.02630,-0.10332
-0.18279,-0.12360,0.07517,-0.12237,-0.05499,-0.04182,-0.17317,-0.17481,-0.12033,-0.23879,-0.18824,0.00638,-0.12790
-0.15115,-0.14144,0.06914,-0.16802,-0.03052,-0.05763,-0.17584,-0.17802,-0.12785,-0.25128,-0.20192,-0.07434,-0.14900
-0.12304,-0.06062,0.07033,-0.13746,0.02926,0.00898,-0.09501,-0.11411,0.02162,-0.13051,-0.13442,0.00680,-0.06134
-0.09983,0.03439,0.10263,-0.08330,0.08352,0.06322,-0.02870,0.00789,0.15764,-0.01964,-0.12743,0.19071,0.09993
-0.08229,-0.02461,0.07549,-0.12613,0.03878,0.05738,-0.07625,-0.08130,0.09017,-0.06929,-0.10221,0.02837,-0.00558
-0.07080,-0.09519,0.05752,-0.12049,-0.07156,-0.00753,-0.12525,-0.14001,-0.04698,-0.16007,-0.17677,-0.07391,-0.02928
-0.06620,-0.09164,0.05107,-0.14554,-0.00593,-0.03811,-0.10245,-0.11702,-0.09331,-0.09076,-0.18330,-0.08135,-0.05863
-0.06886,-0.04975,0.06329,-0.08855,0.02398,-0.02117,-0.11905,-0.03045,0.04115,-0.11413,-0.14220,-0.00371,-0.04335
-0.07890,-0.07685,0.04429,-0.10472,-0.01620,-0.01257,-0.11194,-0.07105,-0.03336,-0.07821,-0.13446,-0.12775,-0.07824
-0.09636,-0.06559,0.04916,-0.08992,-0.07427,-0.01250,-0.05510,-0.05986,0.02562,-0.13989,-0.09792,-0.11485,-0.03719
-0.12103,-0.11156,0.06824,-0.12326,-0.08689,-0.07737,-0.21622,-0.14219,-0.10790,-0.09344,-0.14387,-0.16673,0.04229
-0.15200,-0.19074,0.09441,-0.11779,-0.15077,-0.09674,-0.32690,-0.18668,-0.30706,-0.26059,-0.22338,-0.20838,-0.02910
-0.18891,-0.13183,0.06970,-0.10040,-0.14418,-0.11468,-0.18614,-0.13639,-0.08780,-0.20515,-0.19970,-0.17245,0.02864
-0.23080,-0.13909,0.09142,-0.05345,-0.11630,-0.07521,-0.21818,-0.14468,-0.11911,-0.29434,-0.20643,-0.18490,0.02171
-0.27573,-0.16483,0.07686,-0.08319,-0.18190,-0.20879,-0.21881,-0.15315,-0.12261,-0.23298,-0.23112,-0.21720,0.00149
-0.32291,-0.17890,0.10655,-0.08762,-0.14159,-0.30879,-0.25008,-0.17573,-0.07223,-0.31264,-0.17243,-0.27027,0.00234
-0.37004,-0.32487,0.09373,-0.13678,-0.28977,-0.33419,-0.40522,-0.23818,-0.36204,-0.41306,-0.32819,-0.28394,-0.45737
-0.41570,-0.31551,0.11273,-0.08825,-0.26906,-0.30840,-0.36385,-0.19784,-0.44348,-0.41538,-0.31184,-0.30764,-0.44933
-0.45808,-0.28678,0.12569,-0.08933,-0.18987,-0.23240,-0.31032,-0.19533,-0.41428,-0.35671,-0.26020,-0.28748,-0.53190
-0.49531,-0.17592,0.06558,-0.08129,-0.12182,-0.18920,-0.12978,-0.20708,-0.20615,-0.31409,-0.14978,-0.21756,-0.14241
-0.52530,-0.32684,0.10412,-0.23967,-0.22987,-0.27065,-0.40818,-0.28497,-0.34834,-0.45704,-0.19781,-0.31821,-0.51365
-0.48319,-0.47165,0.09188,-0.33792,-0.54738,-0.47168,-0.50145,-0.38434,-0.51523,-0.50961,-0.32230,-0.53681,-0.58979
-0.64280,-0.64267,0.11491,-0.70079,-0.70954,-0.65838,-0.50263,-0.52801,-0.89666,-0.55395,-0.57222,-0.66721,-0.63730
-0.79433,-0.42250,0.09135,-0.26752,-0.54488,-0.46251,-0.40157,-0.51219,-0.46643,-0.46791,-0.39586,-0.42954,-0.27664
-0.92731,-0.71403,0.10548,-0.54242,-0.76077,-0.73489,-0.66688,-0.77858,-0.75666,-0.93501,-0.63552,-0.66387,-0.66570
-0.96011,-0.97229,0.08207,-0.90655,-1.04950,-0.97841,-1.04050,-0.90922,-1.02629,-1.07948,-0.87410,-0.84593,-1.01293
-1.18717,-1.04556,0.14657,-0.96561,-1.09824,-1.02425,-1.18959,-1.28716,-0.97500,-1.20302,-0.90335,-0.81826,-0.99115
-1.38452,-1.19160,0.14931,-1.17204,-1.16873,-1.24623,-1.25912,-1.35407,-0.98025,-1.37879,-0.98967,-1.33387,-1.03325
-1.53671,-1.43434,0.17265,-1.54501,-1.39227,-1.39884,-1.41637,-1.58853,-1.37036,-1.63912,-1.14949,-1.64689,-1.19654
-1.51027,-1.66466,0.13253,-1.76981,-1.75056,-1.51661,-1.68418,-1.70631,-1.78070,-1.76596,-1.41836,-1.74620,-1.50789
-1.70479,-1.70436,0.14367,-1.80667,-1.86655,-1.62880,-1.52672,-1.79870,-1.85390,-1.74323,-1.42817,-1.73098,-1.65984
-1.84840,-1.65627,0.14231,-1.61622,-1.81686,-1.65264,-1.50507,-1.78360,-1.83611,-1.70820,-1.42464,-1.71636,-1.50305
-1.93751,-1.64593,0.16077,-1.55424,-1.83079,-1.54216,-1.52095,-1.80644,-1.81989,-1.75867,-1.48107,-1.74131,-1.40379
-1.97152,-1.77967,0.12446,-1.79134,-1.88560,-1.78331,-1.63331,-1.95465,-1.87702,-1.82600,-1.53991,-1.80499,-1.70055
-1.91387,-1.86987,0.15325,-1.95947,-1.92074,-1.95261,-1.65625,-2.12348,-1.90637,-1.90310,-1.82936,-1.85993,-1.58743
-1.99186,-1.67742,0.16258,-1.52084,-1.77376,-1.75503,-1.48111,-1.96974,-1.76923,-1.76959,-1.64604,-1.64639,-1.44245
-2.01402,-1.65268,0.12715,-1.48975,-1.73783,-1.65283,-1.54287,-1.91941,-1.74122,-1.71105,-1.56703,-1.58751,-1.57730
-1.97981,-1.69170,0.13090,-1.47693,-1.73944,-1.75289,-1.51617,-1.90104,-1.84453,-1.71298,-1.66586,-1.65796,-1.64923
-1.79487,-1.67474,0.13640,-1.52158,-1.67461,-1.75527,-1.44041,-1.77674,-1.90049,-1.61263,-1.79440,-1.63712,-1.63420
-1.80409,-1.56083,0.17476,-1.34972,-1.45252,-1.72227,-1.39387,-1.57401,-1.87537,-1.42550,-1.76792,-1.49582,-1.55130
-1.75638,-1.33945,0.17040,-1.18077,-1.29528,-1.53146,-1.24285,-1.18814,-1.71635,-1.35680,-1.39775,-1.25960,-1.22554
-1.65193,-1.29791,0.10184,-1.29821,-1.29136,-1.43900,-1.19828,-1.17863,-1.47834,-1.29343,-1.35654,-1.25355,-1.19180
-1.35616,-1.26499,0.14040,-1.21486,-1.18829,-1.39898,-1.13789,-1.16151,-1.50595,-1.21541,-1.21975,-1.13243,-1.47487
-1.29549,-1.03160,0.13176,-1.01297,-0.99987,-1.36431,-0.98323,-0.90492,-1.03957,-0.88204,-1.04472,-1.08076,-1.00360
-1.18963,-0.71167,0.11187,-0.56841,-0.73785,-0.89853,-0.65394,-0.62480,-0.80772,-0.74589,-0.54226,-0.77315,-0.76418
-1.04123,-0.67187,0.12815,-0.48502,-0.67828,-0.89325,-0.60452,-0.64800,-0.70471,-0.65920,-0.48778,-0.76072,-0.79720
-0.71678,-0.60440,0.11604,-0.46592,-0.51958,-0.72775,-0.59251,-0.72561,-0.71786,-0.48369,-0.44605,-0.67767,-0.68734
-0.65976,-0.34295,0.09670,-0.23578,-0.27289,-0.30050,-0.38064,-0.36637,-0.44562,-0.41547,-0.24902,-0.24671,-0.51646
-0.58585,-0.15221,0.08308,-0.07016,-0.10986,-0.07788,-0.19892,-0.17831,-0.23496,-0.31257,-0.08327,-0.18614,-0.07008
-0.49358,-0.24022,0.09126,-0.16089,-0.12199,-0.18970,-0.33335,-0.19571,-0.36218,-0.37655,-0.17087,-0.20581,-0.28511
-0.31635,-0.34713,0.13356,-0.24212,-0.29596,-0.20906,-0.43577,-0.24788,-0.49653,-0.46511,-0.23110,-0.26797,-0.57983
-0.36549,-0.21522,0.12129,-0.05422,-0.17711,-0.09486,-0.26465,-0.19445,-0.38944,-0.36777,-0.07742,-0.19592,-0.33635
-0.41193,-0.20385,0.10841,-0.09451,-0.14822,-0.08624,-0.20616,-0.21807,-0.33632,-0.38258,-0.06503,-0.20872,-0.29268
-0.45377,-0.32758,0.10666,-0.29488,-0.22906,-0.21966,-0.35388,-0.26680,-0.41472,-0.51453,-0.24932,-0.25720,-0.47577
-0.51716,-0.52724,0.10639,-0.32932,-0.52686,-0.64938,-0.55801,-0.52174,-0.49057,-0.63943,-0.37291,-0.61006,-0.57412
-0.71218,-0.63472,0.10842,-0.37611,-0.59320,-0.75033,-0.63209,-0.68779,-0.70047,-0.71585,-0.54864,-0.67320,-0.66953
-0.89435,-0.87891,0.08056,-0.85738,-0.89792,-0.98069,-0.82101,-0.80117,-1.01727,-0.82448,-0.85417,-0.78130,-0.95367
-1.05180,-1.00411,0.07619,-0.99061,-1.05042,-1.05386,-1.03058,-0.87370,-1.11623,-0.98217,-1.00692,-0.88428,-1.05229
-1.17447,-1.09501,0.10477,-1.10287,-1.25163,-1.22153,-1.05002,-0.94535,-1.17570,-1.14483,-1.03488,-0.95138,-1.07187
-1.25533,-1.15019,0.12134,-1.14898,-1.24361,-1.36875,-1.09426,-1.00503,-1.23987,-1.19507,-1.12721,-0.94804,-1.13112
-1.28687,-1.24405,0.10660,-1.22815,-1.38558,-1.44533,-1.12813,-1.14684,-1.29053,-1.24718,-1.21813,-1.11923,-1.23135
-1.26403,-1.17760,0.10781,-1.15772,-1.16154,-1.45973,-1.10038,-1.14572,-1.16566,-1.16818,-1.13901,-1.05937,-1.21867
-1.18665,-1.06544,0.11185,-0.93600,-1.02351,-1.23483,-1.10502,-1.12821,-1.03748,-1.23255,-0.89933,-1.00769,-1.04978
-1.05749,-0.99866,0.10442,-0.99529,-0.84986,-1.15341,-1.02466,-1.06355,-0.99492,-1.13492,-0.86543,-0.89520,-1.00941
-0.88347,-0.78078,0.11473,-0.81722,-0.64932,-0.85088,-0.85063,-0.71679,-0.73427,-1.04247,-0.70607,-0.68564,-0.75449
-0.67278,-0.50717,0.11389,-0.65688,-0.35603,-0.56136,-0.38617,-0.57004,-0.57826,-0.51868,-0.59947,-0.31781,-0.52698
-0.43317,-0.24396,0.06040,-0.36594,-0.23026,-0.21126,-0.30270,-0.18606,-0.22657,-0.19218,-0.30113,-0.18376,-0.23972
-0.17551,-0.10234,0.12461,-0.36728,-0.18384,-0.04190,-0.05823,-0.02102,-0.02731,0.04425,-0.22990,-0.11957,-0.01861
0.08560,0.16086,0.12185,-0.04983,0.02387,0.19775,0.15472,0.25135,0.21530,0.38455,0.20468,0.08661,0.13959
0.33918,0.33692,0.11476,0.28046,0.31899,0.28985,0.53703,0.40112,0.23059,0.51260,0.29820,0.32060,0.17977
0.57012,0.65722,0.19304,0.48529,0.61884,0.71318,1.06425,0.57481,0.47717,0.90222,0.47003,0.64078,0.62567
0.75947,0.70221,0.19628,0.51509,0.60620,0.76511,1.16134,0.65979,0.61706,0.85700,0.46992,0.69489,0.67572
0.89303,0.79584,0.15387,0.64940,0.74220,0.93641,0.96362,0.79329,0.63457,1.04922,0.58347,0.75103,0.85516
0.96024,0.69689,0.13186,0.51979,0.69121,0.89608,0.84494,0.64807,0.56731,0.83521,0.53989,0.71194,0.71442
0.95614,0.74136,0.14941,0.54422,0.77244,0.91928,0.94392,0.61484,0.63616,0.76424,0.54843,0.78024,0.88986
0.87945,0.60425,0.17466,0.48818,0.75666,0.91662,0.67381,0.49916,0.35905,0.51771,0.43900,0.77545,0.61690
0.73372,0.51696,0.16754,0.46248,0.71165,0.67623,0.53026,0.41698,0.24246,0.62294,0.43608,0.73828,0.33229
0.52666,0.25406,0.11283,0.14330,0.25562,0.41343,0.17217,0.27395,0.14064,0.22366,0.31988,0.45334,0.14462
0.26699,0.05368,0.12097,0.03805,0.07713,0.28841,0.07698,-0.06046,-0.12688,-0.01577,0.20631,0.02163,0.03141
-0.03307,-0.15461,0.07734,-0.07695,-0.22800,-0.10845,-0.10940,-0.21617,-0.29934,-0.17289,-0.04796,-0.17134,-0.11563
-0.35718,-0.53900,0.09370,-0.39406,-0.56547,-0.56221,-0.50944,-0.60006,-0.58802,-0.68232,-0.37630,-0.58900,-0.52314
-0.69014,-0.85472,0.08388,-0.81197,-0.88657,-0.95499,-0.82309,-0.82004,-1.00366,-0.92814,-0.78680,-0.75395,-0.77801
-1.01551,-1.11039,0.10101,-0.99154,-1.12207,-1.18934,-1.23112,-1.09758,-1.23020,-1.21104,-0.97646,-1.01392,-1.04065
-1.31813,-1.38281,0.13257,-1.24224,-1.37784,-1.42217,-1.39631,-1.63762,-1.48752,-1.48044,-1.19375,-1.28810,-1.30207
-1.57727,-1.55653,0.18333,-1.44609,-1.72576,-1.58410,-1.45733,-1.94170,-1.68854,-1.53516,-1.32937,-1.44404,-1.41320
-1.77109,-1.66206,0.17026,-1.60110,-1.74545,-1.70361,-1.52314,-2.01968,-1.80654,-1.66640,-1.41778,-1.52834,-1.60856
-1.89130,-1.75031,0.14395,-1.78366,-1.70911,-1.84355,-1.57810,-2.05589,-1.84375,-1.72856,-1.73237,-1.56257,-1.66559
-1.93862,-1.56905,0.14992,-1.41516,-1.36965,-1.74065,-1.48723,-1.68908,-1.80844,-1.66574,-1.58352,-1.46683,-1.46421
-1.91261,-1.56247,0.13825,-1.41823,-1.43309,-1.74562,-1.38367,-1.65426,-1.72621,-1.62730,-1.66224,-1.42307,-1.55104
-1.75930,-1.49979,0.17759,-1.35348,-1.30470,-1.67001,-1.38237,-1.63339,-1.85479,-1.58808,-1.44177,-1.39078,-1.37851
-1.70216,-1.22323,0.16203,-1.15166,-1.11690,-1.46712,-1.33020,-1.05270,-1.44668,-1.35578,-1.18289,-1.05550,-1.07290
-1.57353,-1.24463,0.13902,-1.33734,-1.17056,-1.54112,-1.23667,-1.31453,-1.29238,-1.25805,-1.08394,-1.11594,-1.09572
-1.37545,-0.95439,0.13683,-1.09049,-0.85072,-1.21127,-0.92415,-0.93392,-0.90036,-1.06701,-0.79406,-0.98901,-0.78291
-1.10548,-0.65870,0.16700,-0.91567,-0.43079,-0.84028,-0.71451,-0.71993,-0.65061,-0.69928,-0.46690,-0.71687,-0.43217
-0.89587,-0.45345,0.15343,-0.69724,-0.24663,-0.57677,-0.59866,-0.49910,-0.42097,-0.36370,-0.42496,-0.49691,-0.20961
-0.64345,-0.17580,0.20481,-0.48922,-0.13394,-0.23566,-0.18298,-0.42914,0.19787,-0.16879,-0.27691,-0.09394,0.05471
-0.29826,0.30828,0.50373,-0.55256,0.77625,0.20402,0.49310,-0.23354,0.56519,1.14589,-0.02079,0.12314,0.58204
-0.11114,-0.41894,1.79281,-1.37596,1.24253,0.72166,1.71188,-2.87508,1.02401,0.52175,-2.58912,0.16335,-2.73442
0.07399,-1.45531,1.53037,-1.56817,-2.12497,-0.99197,-0.78969,-3.18351,1.30992,-1.30129,-3.06851,0.41249,-3.24739
0.25054,-1.34137,1.43751,-1.35229,-1.49270,-1.65012,-2.09105,-2.39891,1.11356,-1.05476,-2.86501,1.16448,-2.78688
0.36753,0.45247,0.23674,0.09626,0.54881,0.17341,0.36493,0.53970,0.73583,0.56805,0.39910,0.83203,0.26663
0.37253,0.29537,0.17826,0.25680,0.47245,0.14401,0.18179,0.05068,0.54871,0.40940,0.31716,0.48588,0.08680
0.33698,0.19595,0.09702,0.23548,0.08871,0.26854,0.16109,0.10913,0.24815,0.39450,0.22414,0.08703,0.14274
0.20817,-0.08337,0.15638,0.02695,-0.18171,0.17251,-0.02214,-0.04697,-0.35119,-0.29269,0.01668,-0.10978,-0.04537
-0.02107,-0.22810,0.17600,-0.12856,-0.36457,-0.23581,-0.02875,-0.15804,-0.36432,-0.61690,-0.11733,-0.18637,-0.08038
-0.27605,-0.64409,0.10401,-0.67448,-0.77412,-0.58851,-0.59695,-0.65005,-0.65855,-0.82970,-0.45223,-0.61628,-0.60005
-0.57396,-0.86203,0.13488,-1.00898,-0.93710,-0.92757,-0.99458,-0.80532,-0.79992,-1.02549,-0.69825,-0.77753,-0.64553
-0.94980,-1.01795,0.17113,-1.06013,-1.08292,-1.08894,-1.35856,-0.99157,-0.88313,-1.18168,-0.84175,-0.85690,-0.83397
-1.31320,-1.45712,0.14467,-1.46613,-1.57856,-1.42670,-1.40390,-1.63453,-1.36597,-1.67255,-1.31593,-1.49859,-1.20828
-1.59168,-1.97428,0.15550,-1.83845,-2.27174,-1.87051,-1.88839,-2.06187,-1.98502,-1.96601,-2.02882,-1.72246,-2.10950
-1.95333,-2.36318,0.23059,-2.26008,-2.78272,-2.50780,-2.25346,-2.54525,-2.38471,-2.07381,-2.52501,-2.03970,-2.25932
-2.24497,-2.66251,0.33248,-2.80947,-3.14357,-2.80960,-2.22190,-3.06135,-2.75177,-2.39878,-2.77730,-2.16849,-2.48288
-2.46453,-2.69775,0.33774,-2.81580,-3.13908,-2.76201,-2.31100,-3.16373,-2.83758,-2.50555,-2.87656,-2.19722,-2.36903
-2.60932,-2.94175,0.35371,-2.99372,-2.88615,-3.00998,-2.60768,-3.49730,-3.06048,-2.55087,-3.49825,-2.48917,-2.82395
-2.67796,-2.90724,0.31114,-2.73955,-2.83044,-3.24671,-2.59542,-3.33349,-2.87925,-2.75287,-3.26089,-2.38453,-3.04921
-2.67029,-2.66144,0.27660,-2.40805,-3.01462,-2.86939,-2.61914,-2.76144,-2.73653,-2.37468,-3.03806,-2.20360,-2.58885
-2.58715,-2.50645,0.42242,-2.34982,-2.79670,-2.74153,-2.15033,-2.56602,-2.75310,-1.73769,-3.05791,-2.03710,-2.87426
-2.43031,-2.31742,0.37759,-2.66929,-2.25659,-2.60632,-1.75246,-2.47504,-2.19800,-1.91304,-2.64960,-1.85796,-2.79591
-2.20246,-2.00854,0.28217,-2.43036,-1.89452,-2.26916,-1.62602,-2.01015,-2.22130,-1.51828,-2.02483,-1.93863,-2.15215
-1.90195,-1.39467,0.63440,-2.07637,-0.89579,-1.84619,0.08196,-1.50940,-1.69379,-0.97164,-1.65833,-1.70309,-1.67403
-1.49636,-0.74980,0.87551,-1.58130,1.00292,-1.34915,-1.22607,-1.32253,-0.96243,-1.37961,-0.16303,-0.94828,0.43153
-1.03677,-0.42669,0.44458,-0.99448,0.48526,-0.77423,-0.50008,-0.16579,-0.18223,-1.02065,-0.40666,-0.29457,-0.41348
-0.57256,-0.07049,0.27544,-0.41194,0.13320,-0.13767,-0.10611,0.33839,0.20698,-0.55076,0.09711,-0.07706,-0.19699
-0.01677,0.16952,0.31977,0.08228,0.39187,0.12067,-0.36933,0.22010,0.14639,0.83708,0.31444,-0.13762,0.08930
0.54867,0.43815,0.22027,0.42608,0.71058,0.32822,0.14544,0.36441,0.17957,0.70338,0.47515,0.29448,0.75420
1.10276,0.98300,0.29545,0.75263,1.43365,0.94638,1.03979,0.86053,0.62482,0.59623,1.30570,0.93309,1.33713
1.61768,1.30040,0.41552,1.14418,2.17316,0.96677,0.97827,1.02435,0.78798,1.54028,1.62301,1.52211,1.24387
2.04301,3.11235,0.96952,2.05745,4.66177,2.23980,2.80925,4.01379,2.96623,4.24213,3.71004,2.17782,2.24518
2.49411,4.21761,0.56153,3.98067,4.39041,3.56638,3.91206,3.99185,4.49571,4.29838,5.25631,4.85255,3.43179
2.88942,4.05582,0.74005,3.75236,4.54260,3.83273,3.77274,4.66964,4.00820,5.21300,4.61992,2.57159,3.57537
3.22460,4.17314,0.81452,3.16896,5.31645,4.56607,4.76653,4.55558,3.14166,4.54136,4.85736,3.69708,3.12038
3.48913,4.82786,0.86333,6.21121,5.76221,5.07852,4.92802,4.49803,3.03223,4.82042,5.15594,4.26403,4.52802
3.68908,4.88489,0.54521,5.09821,4.55632,4.33768,4.26935,4.62677,4.57516,5.81699,5.76762,5.02769,4.77315
3.87314,5.62267,0.51887,6.31674,6.02051,5.19261,5.28207,5.12842,5.49668,6.62733,5.24593,5.36724,5.54921
3.98167,5.33292,0.59296,5.56456,5.42396,4.86720,4.62357,5.41142,5.50171,5.02216,5.30855,6.75398,4.85214
3.99346,4.21676,0.70907,4.14012,3.79187,3.90620,3.31367,5.35224,3.37635,3.76011,4.87045,4.67486,4.98176
4.02859,4.00989,0.54521,4.09166,4.71244,3.69010,3.55677,4.66010,3.04651,4.16159,4.55507,3.56917,4.05545
3.99304,4.37817,0.52048,4.79370,4.81227,4.22577,3.93978,4.54600,3.70613,4.10692,5.44521,4.00778,4.19814
3.88784,4.50837,0.61326,5.77648,4.63867,4.25308,3.96186,4.27796,4.08372,3.84591,5.06989,4.14338,5.03280
3.70272,3.29721,0.80540,4.26883,3.02665,3.31951,2.72823,4.54987,2.51775,3.42056,4.22212,2.30938,2.60920
3.52024,3.57919,0.42828,3.59911,3.09779,3.56557,3.62731,3.89653,3.15504,3.40683,4.53836,3.17531,3.73008
3.27068,3.03016,0.52749,2.67238,2.59582,2.71534,3.53845,2.74303,2.47881,3.00295,3.77724,2.82866,3.94894
2.95466,2.05055,0.54211,1.91286,1.70341,2.43608,3.20421,1.52746,1.64555,2.65752,1.89020,1.64161,1.88662
2.56451,1.61130,0.69494,1.07663,1.84234,1.56608,2.85802,1.41008,0.76591,2.72030,1.59345,1.03647,1.24376
2.18021,1.62883,0.65359,1.37628,2.34688,1.64850,2.17379,1.02112,0.65372,2.72921,1.91980,1.19254,1.22651
1.73778,1.12394,0.35980,1.04089,1.23533,1.74101,1.46079,0.79227,0.75920,1.56097,0.74626,1.03878,0.86391
1.25721,1.24786,0.65585,0.62799,1.62785,1.97088,2.17924,0.68244,0.57020,1.98944,0.73256,1.42241,0.67555
0.68611,0.60653,0.51158,0.14674,0.44392,0.62095,1.63237,0.00662,0.15339,0.92399,0.37438,1.19284,0.57010
0.15861,0.22713,0.30875,0.07214,0.10432,0.74899,0.64030,-0.20637,0.14671,-0.09770,0.18278,0.49562,0.18452
-0.39505,-0.50384,0.18111,-0.52891,-0.73520,-0.63586,-0.14980,-0.61031,-0.65505,-0.60091,-0.41157,-0.32331,-0.38746
-0.95949,-0.95397,0.32000,-1.18355,-1.07917,-1.28087,-1.38826,-0.90434,-0.86325,-1.14077,-0.38942,-0.74072,-0.56932
-1.52166,-1.86716,0.33666,-2.39437,-2.13038,-2.18406,-1.79470,-1.82824,-1.94569,-1.71767,-1.38037,-1.96751,-1.32859
-2.05915,-2.48139,0.35523,-2.46762,-3.26737,-2.93013,-2.41277,-2.34797,-2.42781,-2.11840,-2.36901,-2.12113,-2.35167
-2.58513,-2.87561,0.48970,-2.05624,-3.67066,-3.61143,-2.80899,-3.10576,-2.97041,-2.67680,-2.69632,-2.59035,-2.56914
-2.98793,-3.24824,0.48499,-2.38354,-3.87989,-3.95830,-3.35730,-3.29060,-3.47073,-3.14161,-2.82798,-3.37116,-2.80124
-3.33513,-3.06731,0.73111,-2.08757,-3.05181,-3.80211,-3.85402,-2.36650,-3.30009,-3.73120,-2.24119,-3.83267,-2.40594
-3.62258,-2.70796,0.80552,-2.37381,-1.99904,-3.31840,-3.94688,-2.52006,-2.41221,-3.86632,-1.69697,-3.07326,-1.87260
-3.84011,-3.07492,0.61085,-2.86587,-2.75281,-4.18448,-3.82601,-2.24945,-2.75298,-3.67089,-2.59555,-2.90490,-2.94621
-3.94523,-2.94498,0.60260,-2.59224,-2.81818,-3.85956,-3.79130,-2.93147,-2.38200,-3.46420,-2.09321,-2.44788,-3.06975
-3.98268,-2.69916,0.42944,-1.97946,-3.26639,-3.12402,-2.30458,-2.89794,-2.56548,-3.23694,-2.40299,-2.47939,-2.73442
-3.92508,-2.70381,0.45215,-2.03263,-3.45569,-2.63541,-2.81990,-2.97549,-2.42545,-3.37195,-2.42538,-2.44887,-2.44735
-3.77336,-2.52613,0.38633,-2.31478,-2.56686,-3.17720,-2.58204,-2.69271,-2.40866,-2.39515,-2.71340,-2.73922,-1.67130
-3.57070,-1.96319,0.63991,-1.99104,-2.89152,-2.56861,-0.77518,-1.98338,-1.97198,-2.01293,-2.52889,-1.77340,-1.13497
-3.24467,-2.22227,0.43391,-2.10810,-2.53425,-2.71774,-2.33752,-2.39352,-1.91927,-2.34498,-2.75774,-1.47913,-1.63047
-2.86344,-2.00164,0.41746,-2.32074,-2.58722,-2.01904,-2.48186,-2.06272,-1.86531,-1.21363,-2.13934,-1.63523,-1.69127
-2.46566,-1.30311,0.44681,-1.98845,-1.34720,-1.52262,-1.64105,-1.34865,-1.36114,-1.59980,-0.93220,-0.82604,-0.46400
-1.95421,-0.97997,0.86617,-1.82821,-1.17246,-1.53108,-1.47428,-1.31801,-0.87671,-1.49455,-0.55044,-0.77180,1.21778
-1.40740,-0.40671,0.57275,-0.98236,0.91781,-0.63838,-0.50666,-0.54524,-0.09400,-1.21004,-0.30292,-0.24294,-0.46235
-0.83174,-0.26111,0.24599,-0.59388,-0.00005,-0.28563,-0.40247,-0.63654,0.06597,-0.42731,-0.13688,-0.11123,-0.08309
-0.23702,0.24839,0.20239,0.13856,-0.00009,0.32106,-0.09721,0.43316,0.21782,0.55556,0.37576,0.37819,0.16110
0.36712,0.17236,0.20623,0.42191,0.21654,0.11762,-0.27415,0.30766,0.14593,-0.04254,0.28778,0.36640,0.17645
0.90178,0.45318,0.36635,0.68932,0.06824,1.01814,0.20939,0.51828,0.05353,1.02037,0.44878,0.08049,0.42527
1.50218,0.91248,2.46710,3.20465,-0.42192,2.28159,-3.09328,3.06282,-1.61109,-1.95131,3.72333,1.45810,2.47196
2.07826,0.86427,3.49222,-1.85702,-2.30330,4.53993,-3.59235,3.89398,0.89309,-3.81817,5.43827,2.67325,2.77497
2.61755,3.10556,2.44864,5.32792,-1.90185,4.37247,2.14629,3.63956,3.34333,-0.13062,5.85478,3.63269,4.77101
3.11735,-0.35958,3.36948,-0.33842,-3.17750,2.77797,-2.74550,-4.10527,1.31232,-3.65856,3.39097,5.36013,-2.41198
3.56972,4.26042,1.55769,5.36560,4.81660,5.02411,2.64681,4.30284,0.51389,5.14059,5.48086,5.15827,4.15461
3.97320,1.79577,3.69331,4.39943,-2.66929,4.51703,3.76639,3.74609,-3.57518,5.31389,4.67596,-3.80734,1.59068
4.28570,3.13062,2.86340,4.24081,1.85860,4.48346,3.92794,4.81511,0.02247,4.64751,6.22240,4.46410,-3.37618
4.62764,5.11406,1.00568,4.81677,4.11502,5.09584,5.60495,4.25354,4.09601,5.95951,5.97877,7.03195,4.18828
4.91499,6.08284,0.86465,5.49527,5.88286,5.58048,6.74696,5.71449,4.69887,5.96048,7.80445,6.87021,6.07433
5.14131,6.90614,1.20161,5.66174,6.63793,5.38145,7.07241,5.96417,7.36184,6.36520,9.14231,8.52859,6.94573
5.30448,6.81938,0.95691,6.20550,6.96392,5.57339,7.02641,5.86828,7.27011,6.08170,8.91244,7.11656,7.17544
5.40266,6.85344,0.87423,7.25497,6.53650,5.78524,7.05427,5.58302,7.02886,6.37683,8.68015,6.90823,7.32631
5.43495,6.14648,0.56926,6.10001,5.98659,6.15406,6.02686,5.25866,6.55114,5.26468,7.06653,6.58768,6.46860
5.40115,5.98400,0.64702,6.15423,6.48198,5.92495,5.31551,5.06050,6.25427,5.65279,7.31561,5.53175,6.14838
5.30180,5.69734,0.64220,5.72646,6.41625,5.71670,4.71209,5.56782,5.44052,4.87754,6.69143,5.47211,6.35249
5.13817,4.85340,0.65176,5.21684,5.49282,5.43861,4.49924,5.08677,4.81921,3.91232,5.51235,3.65483,4.90099
4.91220,4.75234,0.82503,5.71079,6.24192,4.41800,4.10447,4.22056,5.05024,3.72031,4.50141,4.08645,5.46927
4.62654,4.53682,0.66339,5.47180,5.06291,4.56286,3.68402,4.47666,3.94253,3.45057,5.16178,4.63845,4.91658
4.28448,3.16973,0.60688,3.55603,3.29067,3.31546,3.48703,3.02237,2.08549,2.34447,3.99433,3.76778,2.83362
3.89429,2.71662,0.79496,2.11405,2.80413,2.99164,3.70972,1.92359,1.68685,2.62560,4.10841,3.14589,2.05629
3.45399,2.29791,0.83672,1.36744,2.89197,2.46456,3.85759,2.66206,1.16968,2.60966,2.71457,1.74029,1.50126
2.96694,2.59724,0.72590,2.29921,3.09556,2.02551,4.29637,3.02351,1.70013,2.43370,2.26685,2.37641,2.45518
2.43853,2.09268,0.69677,1.85212,2.40305,2.50454,3.22971,1.71646,0.73276,2.58513,2.46441,1.94556,1.49310
1.87684,1.09524,0.61826,1.11497,1.40316,1.83871,1.23770,0.55849,0.15346,1.67211,1.46124,1.42723,0.08530
1.29490,1.19644,0.59062,0.32555,1.99829,0.99137,1.04376,1.73995,0.32944,0.80320,1.68059,1.62409,1.42816
0.69308,0.95724,0.65224,0.59291,0.50487,1.91574,0.31944,0.11791,1.78888,0.79922,0.55236,1.56821,1.41292
0.07855,-0.12270,0.16279,-0.32433,-0.28304,0.06798,-0.16430,-0.09789,-0.11267,0.02400,-0.30546,-0.18222,0.15095
-0.54458,-0.07902,0.51860,-0.56793,-0.55840,-0.26061,-0.29690,-0.24399,0.15580,-0.64570,0.18293,0.48265,0.96196
-1.17317,-0.55594,0.43833,-0.81676,-0.74932,-0.72458,-1.10332,-0.31131,-0.63853,-1.15503,0.02531,0.01148,-0.09734
-1.80230,0.07157,0.83236,1.52337,-0.74546,-0.19825,-1.26339,-0.16402,0.56688,0.60656,0.79744,-0.61588,0.20839
-2.42262,0.13439,1.20966,0.15875,-2.65527,1.04214,0.69664,0.53245,0.33282,-1.40356,0.98135,0.81808,0.84051
-3.02473,0.51592,1.20337,0.89590,0.80817,0.47465,-1.96024,0.20929,1.61937,0.18925,1.73006,-0.77561,1.96834
-3.60514,-0.99331,1.21846,-0.39080,-0.12557,-3.01294,-2.17681,-1.71640,0.89922,-2.03134,-0.29381,-1.12883,0.04421
-4.15797,-1.45037,1.47116,-2.00523,-0.06346,-0.50856,-1.51887,-3.01758,1.25557,-2.50602,-1.89326,-3.59992,-0.64636
-4.67710,-2.10987,1.80273,-2.09154,-0.99723,-3.26381,-2.80429,-3.97524,-1.29343,-1.71464,1.58877,-4.93275,-1.61451
-5.15682,-1.04801,2.93314,-2.84040,-2.45701,-3.33903,3.10065,-3.88734,1.33962,1.79983,2.62057,-4.69239,-2.12455
-5.59190,-2.33824,2.49099,-3.70321,-3.18193,-3.59134,-2.16472,-3.47981,-3.36493,0.93390,-5.54573,2.98274,-2.26736
-5.98425,-1.96169,3.04771,-4.50004,-2.49226,-2.99210,2.03435,-3.97293,-3.18287,-3.23770,4.99546,-4.00753,-2.26128
-6.09553,-2.29356,3.63698,-5.09444,-4.55397,-4.10871,2.66265,-5.21740,0.66902,-3.92383,4.77609,-5.05806,-3.08692
-6.50670,-4.23791,0.81673,-4.78040,-3.37265,-4.48711,-4.17008,-5.51746,-3.21551,-4.66291,-5.18694,-3.59373,-3.39235
-6.86709,-3.69786,1.36869,-1.04025,-4.22252,-5.53382,-4.73418,-4.45365,-2.76249,-2.84303,-2.71422,-5.08386,-3.59060
-7.16795,-4.89562,0.76074,-4.75699,-4.82783,-5.50243,-4.74509,-4.08867,-4.06941,-4.31881,-6.42946,-5.69350,-4.52399
-7.40995,-5.39158,0.91161,-6.16806,-4.54611,-5.50623,-5.24834,-5.09453,-5.08753,-4.35501,-7.31591,-6.05594,-4.53816
-7.58985,-5.56421,0.60090,-5.66961,-5.21788,-6.03244,-4.90039,-5.36647,-6.11803,-4.69658,-6.45411,-6.12554,-5.06105
-7.35179,-5.33613,0.79297,-4.95603,-4.54236,-6.29679,-5.30015,-4.60979,-5.76243,-4.54680,-6.86195,-5.61828,-4.86670
-7.55787,-1.57249,3.88366,5.35885,-2.21013,-5.62656,-4.20097,-0.42671,-4.29943,0.99166,3.91361,-4.76247,-4.46278
-7.70898,-1.45462,3.22246,5.00486,-4.13613,-3.06409,-2.17010,-4.45060,2.02563,-3.21426,1.32711,-1.33126,-4.53733
-7.80087,-1.29733,3.51368,2.04973,-3.48932,3.32106,-4.28984,-2.34546,-2.90472,-0.67634,4.72851,-5.55259,-3.81430
-7.82828,-0.38893,2.39740,1.57060,-2.52543,-3.34714,1.52886,2.12303,-0.60618,0.08239,2.79955,-1.54744,-3.96756
-7.79112,-2.26824,3.28993,-5.25046,-4.04130,-3.81262,1.32285,-4.02549,-4.28855,-0.50385,5.21498,-3.63463,-3.66333
-7.68969,-2.65494,3.32560,-5.31418,-4.50560,-4.60023,2.93903,-4.30892,-4.51789,-2.94042,3.09130,-5.84867,-0.54387
-7.24501,0.48999,3.70971,3.84213,-4.10385,-3.01103,4.47112,-3.44508,-3.89533,0.72549,4.53988,3.49426,2.28233
-7.17980,1.51082,3.61876,4.78550,-4.95965,1.79797,4.33806,2.60435,-0.16478,1.81356,5.66163,-4.17143,3.40300
-7.04741,-2.84375,2.59467,-3.88433,-4.93324,-4.00676,3.21903,-4.11106,-4.53449,-4.09556,-2.16052,-4.08547,0.15487
-6.85390,-3.62623,2.37607,-4.34141,-4.48636,-4.19395,3.07252,-4.13319,-3.93833,-4.27761,-4.92628,-4.13011,-4.90758
-6.59855,-4.51211,0.45893,-4.37857,-4.50436,-4.52814,-4.82666,-4.64278,-4.40450,-4.03562,-5.56536,-4.34353,-3.89160
-6.27989,-4.31954,0.31041,-3.94828,-4.13420,-4.95270,-4.33086,-3.97841,-4.50177,-4.06532,-4.36203,-4.32300,-4.59879
-5.91328,-3.70114,0.50129,-3.44612,-3.70352,-4.63533,-4.41057,-3.64401,-3.70217,-3.07605,-3.87828,-3.22732,-3.28801
-5.25102,-3.94759,0.49172,-3.34554,-3.87026,-4.68320,-3.45490,-4.22946,-4.46473,-3.62593,-3.94447,-3.39358,-4.46381
-4.91288,-3.79402,0.59739,-2.77169,-4.02760,-4.49130,-3.28852,-4.15371,-4.05931,-3.16281,-3.78773,-3.55730,-4.64026
-4.52283,-3.32145,0.59450,-2.88329,-3.11269,-3.87214,-2.37965,-3.81499,-3.46411,-2.84973,-2.85282,-3.72030,-4.26480
-4.08545,-2.71040,0.55718,-2.44781,-1.95927,-3.93138,-2.49224,-3.06972,-2.76223,-2.61792,-2.44312,-3.14286,-2.23746
-3.60527,-1.94874,0.27036,-1.89366,-1.61403,-1.99238,-1.66334,-2.15296,-1.91950,-2.18569,-2.12287,-2.37730,-1.56568
-3.08761,-1.29483,1.02523,-1.71709,1.55601,-1.67389,-1.56426,-1.28101,-1.66124,-1.44366,-1.97428,-1.32957,-1.85928
-2.53808,-1.06308,1.03527,-1.79034,1.74395,-1.85724,-1.42107,-1.09264,-1.42902,-1.61876,-0.90861,-1.09063,-1.16645
-1.96267,-0.64204,0.75678,-1.65489,0.65333,-1.04191,-1.12018,-0.79310,-0.31611,-1.60028,0.31058,-0.51961,-0.33826
-1.11309,-0.14607,0.73282,-0.75457,1.52566,-0.40213,-0.35421,-0.74211,0.19235,-0.94846,-0.32831,-0.14519,0.49625
-0.55129,0.90836,0.98321,-0.25507,0.43215,0.78696,2.49217,1.40463,0.36106,0.96855,2.60378,0.20218,0.08720
0.02822,0.30814,0.56903,-0.47282,0.18160,0.64669,-0.00358,0.39415,0.09338,0.28145,1.68673,0.31453,-0.04073
0.61434,1.01481,0.70693,0.63143,1.83236,1.16401,1.88457,1.50063,0.22451,0.41539,1.81817,0.58719,0.08984
1.19131,2.34259,0.59128,2.52392,3.60597,1.85179,2.75370,2.24504,2.62306,2.17797,1.91224,1.44597,2.28622
1.74391,-0.63429,3.51623,0.55003,0.28562,3.49494,3.41276,-3.97105,1.85014,-3.95796,-5.89866,2.04219,-4.15088
2.26716,-6.38615,2.11287,-6.08923,-5.70081,-4.58250,-3.83324,-10.63779,-5.52146,-5.39747,-8.64158,-5.19141,-8.26596
2.74221,-5.30908,1.61552,-4.48907,-5.38936,-4.11779,-4.05678,-7.89538,-4.65005,-3.58565,-6.79616,-4.26580,-7.84475
3.17629,0.06973,2.79704,1.29470,3.92527,-0.63371,-2.59392,-1.96788,-2.25656,2.32934,3.21024,1.70682,-4.31698
3.48786,4.46997,0.70922,5.22803,5.13960,4.43634,3.47026,4.61512,3.34883,4.33331,4.86094,3.92643,5.34081
3.66719,4.53481,0.63022,4.98342,4.83856,4.24301,3.19381,4.88105,4.19597,4.29561,5.49911,4.89600,4.32160
3.67781,2.63605,0.75954,2.30214,2.67025,2.99633,3.67783,2.09961,1.23041,2.55050,3.87781,2.50365,2.45201
3.56930,2.75685,0.64792,2.67562,2.47315,3.15029,3.79638,2.35181,1.88588,2.70852,3.76089,2.73165,2.03436
3.26125,2.24241,0.80199,1.22581,2.31508,2.23639,3.69813,2.71409,1.43151,2.52581,3.02911,2.00285,1.24533
2.88692,2.39804,0.66304,1.67964,2.99703,1.55454,3.62021,2.75658,1.58504,2.59474,2.53432,2.22864,2.42967
2.40064,1.85639,0.69654,1.25984,2.04821,2.49716,2.87648,1.48450,0.78314,2.36677,2.32364,1.93257,0.99159
1.83876,0.23079,0.53047,0.27839,-0.10611,1.60123,0.10898,0.00367,-0.09886,-0.11058,0.18564,0.57269,-0.12715
1.25807,0.01327,0.49703,-0.70775,0.66939,0.08852,0.25796,0.23574,-0.41319,-0.71123,0.47311,0.44941,-0.20923
0.65756,0.16459,0.60519,-0.35275,-0.26990,0.96036,-0.34484,-0.51598,1.29623,-0.02560,0.56700,0.21659,0.11479
0.04454,-0.59220,0.17773,-0.94302,-0.57482,-0.43334,-0.40951,-0.57176,-0.57910,-0.86342,-0.43201,-0.56338,-0.55162
-0.57717,-0.44967,0.37274,-0.95388,-0.71459,-0.31896,-0.78627,-0.46270,0.15917,-0.87872,-0.10460,-0.13355,-0.30257
-1.20251,-0.55186,0.40791,-0.80438,-0.82879,-0.94671,-1.20976,-0.43326,-0.66826,-0.43990,-0.13878,-0.00061,-0.04819
-1.82592,0.84548,0.85463,1.86773,1.34507,0.28313,-1.27160,0.87399,1.16509,1.41794,1.02799,0.96007,0.78534
-2.43650,1.06330,0.38935,0.71158,0.37946,1.36229,0.98266,0.80261,1.48770,1.18493,1.26670,0.82821,1.62682
-3.02580,0.79597,0.98885,0.29652,0.97844,1.38631,-1.45899,0.26569,1.65450,0.75532,1.62804,0.51957,1.93425
-3.59038,-0.15033,1.51214,-0.78362,-0.13511,-1.09977,-2.59215,1.42816,1.66874,-1.00116,2.06176,-1.42372,0.37356
-4.12427,-1.25056,1.01818,-1.22704,-0.55143,-2.67528,-1.34737,-2.05637,-0.23700,0.16440,-1.21524,-2.85328,-0.50697
-4.62158,-0.71128,1.78926,-1.75728,-0.38013,-3.04924,3.18087,-2.07559,-1.01848,-0.71260,1.14689,-1.95190,-0.49531
-5.07687,0.62997,2.33491,0.47964,0.86947,-3.36650,3.33194,0.25368,-1.29961,2.13349,4.33031,-1.71027,1.27755
-5.48521,-0.50510,3.59207,-0.32145,-3.39041,-3.55108,3.77644,-5.12353,2.21965,2.64993,4.70561,-3.94850,-2.06769
-5.84221,0.47573,3.23964,4.04100,-3.32373,-2.04576,3.58886,-4.69945,2.62985,3.62546,2.87468,-0.98602,-0.94760
-6.15145,-0.86940,3.41601,0.61362,-3.82239,-1.93131,3.90490,-4.43660,1.43565,-3.52483,5.05842,-3.67029,-2.32121
-6.39285,-2.12511,3.37714,-3.16887,-4.15993,0.21629,1.38139,-5.74461,-3.38070,-3.89285,5.24925,-4.69009,-3.06093
-6.57691,-2.61559,2.95846,-3.56144,-4.33875,-2.22849,-0.48362,-4.99750,-4.01933,-3.72119,4.98891,-4.23876,-3.55578
-6.69992,-3.49514,1.52466,-4.00396,-4.18545,-4.08137,0.31947,-4.59043,-4.34637,-4.00594,-1.95325,-4.28458,-3.81948
-6.75308,-2.61452,3.15768,-3.89782,-4.11358,-4.51240,3.28548,-3.91249,-4.20499,-3.68417,3.41743,-4.62569,-3.89699
-6.74310,-2.11302,2.41069,-3.36979,-2.84391,-3.72272,2.13758,-2.76268,-3.96444,-3.08313,2.65869,-3.26562,-2.91422
-6.66826,-3.89320,0.45633,-3.54880,-4.25451,-3.86502,-4.14481,-4.38841,-3.97814,-3.45520,-2.92584,-4.11565,-4.25560
-6.53000,-4.01727,0.63364,-3.10180,-3.73570,-4.15489,-4.26180,-4.51796,-4.06473,-3.12386,-5.26661,-4.00005,-3.94533
-6.32194,-4.18685,0.44538,-3.55321,-4.54590,-4.28738,-4.15024,-4.90723,-4.22089,-3.71582,-4.63357,-3.63817,-4.21607
-6.06105,-4.29752,0.41633,-4.16303,-3.92447,-5.06889,-4.31167,-4.48291,-4.68395,-3.93967,-4.45594,-3.61235,-4.33236
-5.73623,-4.02267,0.44254,-3.63716,-3.63430,-4.83303,-4.05508,-4.40127,-4.02614,-3.68856,-4.17538,-3.39256,-4.38326
-5.36619,-4.09962,0.70371,-3.11599,-4.08915,-5.30664,-3.69108,-4.52721,-3.98556,-3.89081,-4.09579,-3.24655,-5.04740
-4.94668,-3.72678,0.71099,-3.17335,-3.59980,-3.91249,-2.89456,-4.74528,-4.03103,-3.13168,-3.35270,-3.37613,-5.05083
-4.48261,-3.71445,0.55582,-3.65355,-3.18148,-3.90853,-3.77422,-4.58374,-4.21002,-2.60164,-3.44904,-3.69245,-4.08987
-3.97883,-3.06857,0.59651,-3.21322,-3.44394,-3.25710,-2.52413,-4.06507,-2.63804,-2.08100,-2.67309,-3.69952,-3.09054
-3.44090,-0.69325,0.53797,-1.71085,-0.55529,0.05510,-1.42240,-0.60421,-0.69597,-0.33053,-0.96361,-0.27046,-0.43424
-2.87465,-1.28068,0.43404,-1.79018,-0.55091,-0.69871,-1.72997,-1.42000,-1.79688,-1.19795,-1.37923,-1.05202,-1.19093
-2.28627,-0.95608,0.74519,-2.21878,-0.97444,-1.27507,-1.64436,-1.22953,-0.02662,-1.43657,-0.02300,-0.58018,-0.15228
-1.68212,-0.67213,0.44605,-1.22883,-1.12505,-0.50691,-0.62632,-0.49419,-0.29217,-1.47629,-0.23740,-0.21149,-0.52266
-1.06878,-0.67768,0.32566,-0.97409,-0.53075,-0.64993,-0.61794,-1.34228,-0.43961,-0.76072,-0.85600,-0.19669,-0.40876
-0.45191,0.05313,0.30484,-0.51888,0.08531,0.11765,-0.40713,0.46373,0.13476,0.36460,0.00908,0.10631,0.17586
0.16883,-0.74838,0.91926,-0.38550,-0.28809,0.39759,-2.24759,-0.94155,0.68895,-1.45281,-1.62724,-1.21411,-0.41346
0.79296,0.22624,0.65365,-0.36700,-0.17829,0.01607,-0.37302,0.19125,-0.18764,1.63248,0.32939,1.09308,0.10609
1.41556,1.16540,2.36168,1.45673,-3.18014,2.84519,1.83245,3.72721,2.30934,3.05496,-1.98967,-0.97552,2.57346
2.03091,1.50730,1.24549,2.14897,0.35732,2.13265,2.76870,3.07029,1.87432,0.21073,-0.85427,1.26504,2.09923
2.64140,1.72583,1.71109,3.70848,1.99219,-1.79016,1.75247,2.88924,2.54659,-0.44180,3.27805,1.01269,2.31055
3.22063,-0.13778,1.79827,1.86684,-1.22283,-2.94549,0.82926,-2.04810,1.05181,-1.64048,1.96681,-0.80040,1.56482
3.77783,-0.49841,2.71476,-2.77786,1.76879,-3.67804,-3.60449,-2.29449,2.50493,1.33579,3.33794,-2.48234,0.90566
4.29974,-0.26094,2.35065,-1.75617,-1.63822,-3.41310,1.06501,1.03551,2.12181,-2.89915,2.12821,-2.18320,2.92989
4.79014,-2.02694,2.46328,-2.62170,-3.13736,-3.80108,-3.20414,-2.61929,2.93467,-3.65048,2.03227,-4.12590,-2.07637
5.24194,-1.53806,3.03905,-3.57916,-2.76305,-4.04526,-3.24973,-3.01658,2.95669,-3.93804,3.89135,1.36984,-3.00662
5.64767,-0.87778,2.89238,-4.28973,-2.53794,-3.53676,-2.86521,-0.15014,0.92536,-3.60417,4.27684,2.12029,0.88365
6.00257,-1.59341,2.59869,-4.42127,-2.90718,-3.11253,-3.21696,-2.53198,0.35706,-3.15133,3.91053,1.30190,-2.16235
6.30275,1.33495,2.63743,0.44601,-0.92586,2.24578,-1.65031,3.19009,2.76131,-2.64021,4.55399,5.10088,0.26782
6.54499,2.87359,2.53774,4.34612,0.19661,2.25235,-2.89379,4.93949,3.29935,3.25949,5.84771,3.84001,3.64858
6.72673,4.35623,1.43511,4.65157,2.93323,4.70165,2.55149,5.85514,4.36490,4.99728,6.39878,1.98395,5.12425
6.84608,6.04195,0.89430,5.37081,6.03957,5.40269,4.57452,6.43739,7.19968,5.38877,7.50102,6.40175,6.10325
6.90182,4.90503,1.30857,4.26871,6.80099,5.48106,3.21640,5.47278,3.19608,5.42971,6.80797,4.36391,4.01269
6.89341,1.84975,2.38491,1.68214,0.55398,5.42102,1.71556,-2.05813,1.08353,-0.92952,4.72647,4.00711,2.29535
6.82100,-3.26609,1.00450,-2.89106,-3.79323,-2.13992,-1.93149,-5.10959,-4.27799,-3.22604,-3.64930,-3.38961,-2.25265
6.68544,-4.21716,1.35448,-5.10554,-3.15222,-2.26783,-2.32873,-5.34166,-6.33079,-3.61865,-5.08358,-4.11624,-4.82642
0.00336,0.06541,0.11370,-0.01325,0.11376,0.06612,0.05585,-0.07362,0.12869,-0.11703,0.27417,0.15223,0.06720
0.00333,0.04856,0.10910,-0.01813,0.10307,0.03788,0.03778,-0.10093,0.08798,-0.10015,0.27055,0.11301,0.05452
0.00299,0.03732,0.09065,-0.02261,0.04882,0.05591,0.00567,-0.11832,0.06246,-0.00878,0.24042,0.05941,0.05024
0.00244,0.11207,0.14306,0.05150,0.02176,0.14921,0.03367,-0.06823,0.17630,0.01251,0.26717,0.41495,0.06185
0.00160,0.00403,0.09892,-0.00658,-0.08969,0.09167,0.00414,-0.10321,0.05368,-0.13066,0.10044,0.16925,-0.04880
0.00028,0.13195,0.19263,0.17247,-0.07219,0.19986,0.04922,-0.00446,0.13330,0.08861,0.08699,0.62947,0.03623
-0.00146,0.01063,0.12610,-0.07743,-0.06251,0.18196,0.02127,-0.00422,-0.04093,-0.10782,-0.06839,0.28685,-0.02247
-0.00370,0.08873,0.14852,0.05910,0.11651,0.15240,-0.00454,0.00515,0.05409,-0.03853,0.09941,0.47105,-0.02732
-0.00649,-0.07647,0.05566,-0.08775,-0.09134,0.02342,-0.06377,-0.10343,-0.16233,-0.11669,-0.11829,-0.02697,-0.01752
-0.00991,0.04558,0.04545,-0.01274,-0.02139,0.09537,-0.00496,0.06262,0.11036,0.06397,0.07223,0.05335,0.03698
-0.01141,-0.01198,0.06400,-0.00653,-0.05609,0.10368,-0.05130,-0.02071,0.03678,0.03018,-0.10834,-0.07930,0.03186
-0.01966,0.01452,0.05287,0.02686,-0.08149,0.08264,-0.02896,0.03244,0.08495,-0.04045,0.02832,0.00188,0.03905
-0.02517,0.01020,0.04308,-0.02931,-0.01576,0.09119,-0.04269,0.02621,0.05551,-0.00810,0.02843,-0.03214,0.02865
-0.03189,0.01845,0.04788,-0.02552,-0.02043,0.08390,-0.01522,0.02845,0.07570,0.00503,-0.05635,0.05792,0.05105
-0.03973,-0.01882,0.05259,-0.02675,-0.04880,0.07230,-0.04320,-0.02834,0.01976,-0.03633,-0.12176,-0.00472,0.02970
-0.04867,-0.04906,0.05535,-0.02836,-0.03646,0.03234,-0.08096,-0.09527,-0.03910,-0.05558,-0.16385,-0.03500,0.01167
-0.05878,-0.02141,0.06171,-0.02822,-0.00073,0.05868,-0.04944,-0.00725,-0.04086,0.00999,-0.17203,-0.00988,0.02566
-0.07298,-0.09506,0.06947,-0.06720,-0.08156,0.00610,-0.04513,-0.16106,-0.17161,-0.16111,-0.17078,-0.10021,0.00194
-0.08290,-0.07776,0.05503,-0.04392,-0.08881,0.03819,-0.06147,-0.12637,-0.10312,-0.07520,-0.17294,-0.08037,-0.06362
-0.09691,-0.09195,0.05747,-0.04744,-0.07539,-0.00406,-0.09343,-0.13187,-0.16240,-0.09390,-0.17695,-0.11562,-0.01845
-0.11253,-0.07100,0.05055,-0.04138,-0.08002,0.01778,-0.05162,-0.11479,-0.11548,-0.05736,-0.13891,-0.11410,-0.01414
-0.12511,-0.06119,0.11896,-0.04923,0.22020,0.04536,-0.05696,-0.13345,-0.10296,-0.20288,-0.13518,-0.12475,-0.07203
-0.14832,-0.12465,0.09251,-0.06418,-0.02055,-0.02008,-0.03122,-0.16615,-0.18685,-0.31145,-0.16788,-0.13232,-0.14585
-0.16805,-0.07910,0.09473,-0.05191,0.05738,0.02125,-0.06568,-0.15388,-0.02972,-0.26946,-0.16076,-0.06679,-0.07142
-0.18926,-0.13594,0.08786,-0.07278,-0.03796,-0.01820,-0.09647,-0.17565,-0.13882,-0.31291,-0.22066,-0.13094,-0.15507
-0.21370,-0.21007,0.09409,-0.18387,-0.20818,-0.04948,-0.12145,-0.19700,-0.39723,-0.29927,-0.25011,-0.18573,-0.20842
-0.23684,-0.18237,0.08485,-0.09501,-0.13515,-0.10862,-0.12158,-0.20709,-0.34420,-0.21289,-0.29565,-0.19269,-0.11078
-0.26076,-0.20486,0.09389,-0.14430,-0.11393,-0.10054,-0.14464,-0.19732,-0.41079,-0.27128,-0.28003,-0.19912,-0.18665
-0.28618,-0.22433,0.08165,-0.14795,-0.17877,-0.12801,-0.18815,-0.22864,-0.41086,-0.25142,-0.29526,-0.22001,-0.19422
-0.31216,-0.27034,0.08178,-0.12764,-0.21456,-0.24168,-0.25837,-0.22025,-0.42840,-0.35176,-0.29651,-0.26377,-0.30046
-0.33871,-0.28373,0.09261,-0.15933,-0.25248,-0.17507,-0.26231,-0.23090,-0.45472,-0.35289,-0.28446,-0.27386,-0.39126
-0.36542,-0.29868,0.09559,-0.14504,-0.24722,-0.22635,-0.31402,-0.23396,-0.46512,-0.36272,-0.30751,-0.26958,-0.41527
-0.39164,-0.36564,0.10067,-0.34294,-0.31203,-0.28548,-0.34632,-0.23802,-0.50080,-0.42934,-0.32743,-0.31303,-0.56103
-0.41709,-0.41428,0.09890,-0.48284,-0.35958,-0.43028,-0.38706,-0.25674,-0.53261,-0.44707,-0.32680,-0.34241,-0.57743
-0.44147,-0.42594,0.09114,-0.36295,-0.41660,-0.45213,-0.36969,-0.32856,-0.54583,-0.46791,-0.33270,-0.38209,-0.60093
-0.46460,-0.51450,0.09646,-0.56566,-0.49826,-0.45589,-0.44016,-0.45078,-0.67205,-0.48644,-0.37749,-0.53162,-0.66670
-0.48579,-0.46361,0.08112,-0.39454,-0.45473,-0.42692,-0.39354,-0.44868,-0.59687,-0.44629,-0.37464,-0.49068,-0.60919
-0.50481,-0.51505,0.09512,-0.56598,-0.49745,-0.46365,-0.43543,-0.43276,-0.66719,-0.48254,-0.38208,-0.57850,-0.64491
-0.52127,-0.55495,0.10172,-0.64252,-0.57346,-0.50767,-0.47954,-0.47025,-0.71623,-0.50826,-0.38879,-0.59583,-0.66693
-0.53469,-0.55375,0.08842,-0.60498,-0.55651,-0.48590,-0.47964,-0.53743,-0.71122,-0.53574,-0.39877,-0.59073,-0.63661
-0.54453,-0.44602,0.08975,-0.31387,-0.40983,-0.38725,-0.37794,-0.45580,-0.56975,-0.46748,-0.37231,-0.52601,-0.57997
-0.55048,-0.52289,0.09915,-0.43329,-0.52143,-0.43497,-0.45497,-0.54255,-0.70782,-0.53751,-0.38651,-0.57996,-0.62991
-0.55229,-0.57128,0.08552,-0.64238,-0.54285,-0.54591,-0.53316,-0.55800,-0.70399,-0.54639,-0.39052,-0.60183,-0.64776
-0.54977,-0.49124,0.07351,-0.51237,-0.45393,-0.55944,-0.43620,-0.48234,-0.54173,-0.50400,-0.33312,-0.49168,-0.59763
-0.54273,-0.52554,0.11612,-0.76348,-0.48466,-0.49114,-0.42046,-0.48758,-0.61830,-0.49137,-0.35208,-0.52312,-0.62326
-0.53110,-0.54991,0.13010,-0.86906,-0.47265,-0.56345,-0.52835,-0.53059,-0.57942,-0.52465,-0.35672,-0.49064,-0.58358
-0.51490,-0.53869,0.12226,-0.76594,-0.52911,-0.37445,-0.54532,-0.57980,-0.63648,-0.47193,-0.35966,-0.50330,-0.62094
-0.49411,-0.60738,0.13178,-0.83539,-0.55288,-0.48179,-0.58205,-0.63673,-0.81001,-0.52251,-0.42810,-0.56973,-0.65459
-0.46912,-0.46789,0.09312,-0.55752,-0.38850,-0.40086,-0.51964,-0.51077,-0.58039,-0.41553,-0.34666,-0.36924,-0.58982
-0.44033,-0.49012,0.10745,-0.63757,-0.50332,-0.33301,-0.55248,-0.52447,-0.57540,-0.42038,-0.34038,-0.41460,-0.59955
-0.40842,-0.42142,0.11713,-0.59592,-0.40905,-0.21807,-0.46797,-0.44882,-0.53770,-0.38219,-0.32973,-0.30064,-0.52412
-0.37363,-0.40128,0.12421,-0.60123,-0.31831,-0.21450,-0.43484,-0.40129,-0.51921,-0.37116,-0.37759,-0.24550,-0.52912
-0.33701,-0.25789,0.09078,-0.19133,-0.16969,-0.11520,-0.32090,-0.21691,-0.39412,-0.32569,-0.30731,-0.19776,-0.33996
-0.29928,-0.21727,0.09875,-0.12913,-0.13112,-0.06639,-0.34941,-0.19871,-0.23108,-0.32290,-0.29473,-0.13935,-0.30991
-0.26130,-0.20951,0.08976,-0.11332,-0.10597,-0.08454,-0.28568,-0.20484,-0.25509,-0.32104,-0.29774,-0.14724,-0.27965
-0.22371,-0.17810,0.08441,-0.14159,-0.14105,-0.07243,-0.24460,-0.18668,-0.17300,-0.31398,-0.23604,-0.03499,-0.23663
-0.18789,-0.11255,0.08868,-0.10761,-0.09742,-0.00728,-0.16543,-0.15957,-0.08712,-0.23363,-0.18150,0.06813,-0.15408
-0.15481,-0.08891,0.07665,-0.09788,-0.06889,-0.01343,-0.08343,-0.13972,-0.03357,-0.22047,-0.16151,0.04444,-0.11461
-0.12543,-0.08087,0.06615,-0.13588,-0.00425,-0.01457,-0.09458,-0.14832,-0.03788,-0.11791,-0.17948,0.01066,-0.08649
-0.10046,-0.01969,0.08003,-0.07633,0.08150,0.04809,-0.09277,-0.08678,0.08070,-0.05784,-0.13084,0.05692,-0.01958
-0.08088,-0.04758,0.09525,-0.10833,0.10810,-0.00787,-0.09908,-0.10372,0.08033,-0.14259,-0.16545,0.03333,-0.07050
-0.06764,-0.09883,0.07430,-0.11390,-0.07743,0.00381,-0.13354,-0.13222,0.03644,-0.14274,-0.22406,-0.11268,-0.09194
-0.06131,-0.09793,0.04606,-0.13538,-0.02610,-0.03495,-0.08682,-0.10583,-0.07515,-0.14125,-0.17464,-0.10646,-0.09268
-0.06221,-0.12919,0.04423,-0.14036,-0.08725,-0.07271,-0.11114,-0.14085,-0.11775,-0.21137,-0.18775,-0.13507,-0.08765
-0.07064,-0.11452,0.05013,-0.12628,-0.06374,-0.01147,-0.12791,-0.11360,-0.15306,-0.12774,-0.19964,-0.12001,-0.10178
-0.08652,-0.02750,0.04357,-0.08457,-0.03122,-0.01917,-0.03523,-0.02757,0.07964,-0.04814,-0.05417,-0.05039,-0.00421
-0.10959,-0.09292,0.05703,-0.10638,-0.10761,-0.05189,-0.05967,-0.14924,-0.10811,-0.13067,-0.11665,-0.14148,0.04249
-0.13930,-0.17280,0.08890,-0.10256,-0.14298,-0.12170,-0.29981,-0.20107,-0.25302,-0.21989,-0.21817,-0.18298,0.01416
-0.17513,-0.17899,0.08808,-0.11965,-0.17436,-0.14723,-0.29642,-0.13101,-0.25278,-0.26692,-0.20572,-0.20316,0.00731
-0.21604,-0.13669,0.07384,-0.10102,-0.13464,-0.06713,-0.21589,-0.13913,-0.12983,-0.22743,-0.18839,-0.18095,0.01747
-0.26046,-0.09744,0.06789,-0.06635,-0.09272,-0.12217,-0.13297,-0.11305,-0.02850,-0.08698,-0.19980,-0.16848,0.03667
-0.30697,-0.17297,0.10097,-0.07236,-0.13424,-0.35305,-0.20479,-0.15956,-0.13873,-0.26160,-0.18962,-0.22773,0.01197
-0.35440,-0.26580,0.08893,-0.09273,-0.22567,-0.41826,-0.33544,-0.21107,-0.23574,-0.33959,-0.27194,-0.23112,-0.29638
-0.40097,-0.32181,0.12100,-0.09791,-0.21168,-0.35644,-0.37863,-0.20804,-0.42951,-0.47032,-0.29253,-0.31853,-0.45454
-0.44485,-0.29193,0.11586,-0.08091,-0.19098,-0.24899,-0.31294,-0.21442,-0.43495,-0.39536,-0.30449,-0.28188,-0.45436
-0.48377,-0.20688,0.08320,-0.06985,-0.17032,-0.17824,-0.16135,-0.23362,-0.21830,-0.39076,-0.17019,-0.26398,-0.21219
-0.51640,-0.24473,0.07494,-0.16282,-0.15205,-0.20588,-0.33948,-0.23339,-0.21216,-0.36780,-0.19321,-0.26176,-0.31872
-0.41752,-0.33925,0.10421,-0.13742,-0.30489,-0.29470,-0.41077,-0.29966,-0.38139,-0.50122,-0.25258,-0.36622,-0.44365
-0.58099,-0.61341,0.08149,-0.71697,-0.61091,-0.69185,-0.52851,-0.57295,-0.70858,-0.55143,-0.47350,-0.63008,-0.64928
-0.73803,-0.57261,0.07162,-0.54559,-0.66198,-0.53548,-0.47446,-0.67110,-0.63345,-0.57599,-0.53203,-0.61933,-0.47673
-0.87947,-0.56935,0.11049,-0.34405,-0.65146,-0.62958,-0.50564,-0.70044,-0.61876,-0.64885,-0.53621,-0.61415,-0.44434
-0.86549,-0.90589,0.08822,-0.86622,-0.99636,-0.89213,-0.90533,-0.84458,-0.95342,-1.02472,-0.78875,-0.77984,-1.00759
-1.10750,-1.10075,0.10874,-1.03228,-1.18082,-0.98307,-1.16833,-1.27325,-1.07252,-1.23336,-0.94983,-1.02411,-1.08994
-1.32189,-1.14749,0.14094,-1.08160,-1.19389,-1.16860,-1.24439,-1.35619,-0.95868,-1.31051,-0.96321,-1.19378,-1.00408
-1.49943,-1.32483,0.18807,-1.41482,-1.28957,-1.34066,-1.28272,-1.54574,-1.07450,-1.54126,-1.08344,-1.54997,-1.12558
-1.62971,-1.63441,0.12759,-1.82994,-1.61046,-1.56623,-1.65937,-1.70988,-1.72892,-1.64395,-1.39080,-1.71698,-1.48762
-1.66380,-1.72411,0.14459,-1.77139,-1.89070,-1.59976,-1.83392,-1.81582,-1.88028,-1.68940,-1.46271,-1.74045,-1.55666
-1.83515,-1.73961,0.14570,-1.71094,-1.95495,-1.74536,-1.52637,-1.84563,-1.90527,-1.70200,-1.55955,-1.83548,-1.61060
-1.95326,-1.67892,0.12329,-1.66993,-1.86253,-1.62380,-1.55236,-1.77026,-1.81427,-1.69100,-1.57475,-1.75328,-1.47702
-2.01682,-1.76477,0.14625,-1.76431,-1.93344,-1.70697,-1.59097,-1.96891,-1.90081,-1.74959,-1.58704,-1.85510,-1.59057
-1.91713,-1.89915,0.12471,-1.99883,-2.01267,-1.96347,-1.69835,-2.03255,-1.96084,-1.95169,-1.74585,-1.88507,-1.74221
-2.02455,-1.84806,0.16034,-1.81033,-1.95883,-1.97110,-1.60420,-2.07080,-1.93140,-1.91521,-1.83151,-1.82408,-1.56315
-2.07652,-1.69143,0.16308,-1.51284,-1.81456,-1.70628,-1.55671,-1.97850,-1.79444,-1.76009,-1.71921,-1.65199,-1.41964
-2.07228,-1.70625,0.13850,-1.54912,-1.79545,-1.67596,-1.59788,-1.98109,-1.83019,-1.78191,-1.57154,-1.68274,-1.59664
-1.84012,-1.76498,0.13933,-1.62861,-1.75377,-1.82891,-1.53209,-2.00895,-1.92189,-1.74895,-1.82984,-1.70869,-1.68812
-1.87941,-1.67900,0.15592,-1.52932,-1.65376,-1.75919,-1.41433,-1.78245,-1.94990,-1.63093,-1.83662,-1.60499,-1.62849
-1.86181,-1.51869,0.16297,-1.35191,-1.39337,-1.74096,-1.37090,-1.53427,-1.81218,-1.40502,-1.65378,-1.47547,-1.44904
-1.78723,-1.34429,0.16566,-1.23942,-1.30401,-1.48033,-1.25391,-1.21108,-1.76244,-1.35490,-1.31263,-1.24665,-1.27751
-1.65613,-1.40464,0.11436,-1.34571,-1.37814,-1.55166,-1.22186,-1.45439,-1.60846,-1.43882,-1.35961,-1.29968,-1.38809
-1.40751,-1.29163,0.14631,-1.31610,-1.14503,-1.48327,-1.17628,-1.20905,-1.50438,-1.21783,-1.18056,-1.19086,-1.49290
-1.31931,-0.99170,0.13268,-0.94039,-1.01673,-1.33043,-0.96404,-0.88562,-1.02066,-0.87922,-0.87728,-1.03001,-0.97258
-1.18238,-0.75328,0.14249,-0.54843,-0.81361,-0.96155,-0.63402,-0.67479,-0.84090,-0.79256,-0.54910,-0.85069,-0.86717
-1.00318,-0.72987,0.12529,-0.65506,-0.72288,-0.88295,-0.63160,-0.79522,-0.83610,-0.59631,-0.51402,-0.80404,-0.86052
-0.71898,-0.55052,0.13447,-0.54734,-0.35513,-0.65047,-0.51295,-0.74557,-0.66407,-0.48015,-0.34159,-0.54118,-0.66680
-0.63026,-0.21210,0.07605,-0.12698,-0.20298,-0.12262,-0.28956,-0.24808,-0.29715,-0.32420,-0.21586,-0.17003,-0.12356
-0.52242,-0.19819,0.09034,-0.16759,-0.09534,-0.14925,-0.24872,-0.22894,-0.36590,-0.31540,-0.14010,-0.17340,-0.09728
-0.40035,-0.31678,0.10532,-0.36471,-0.20616,-0.20696,-0.34998,-0.26006,-0.48870,-0.43633,-0.24130,-0.20890,-0.40475
-0.26263,-0.21273,0.12203,-0.11613,-0.18343,-0.02795,-0.26243,-0.20470,-0.36243,-0.26528,-0.09240,-0.18382,-0.42873
-0.28940,-0.07074,0.11311,0.00062,-0.00207,0.11109,-0.02741,-0.14420,-0.18707,-0.24038,0.04953,-0.14569,-0.12180
-0.31732,-0.12346,0.10366,-0.04502,0.02376,0.00202,-0.17276,-0.19426,-0.25821,-0.25648,-0.03480,-0.16730,-0.13159
-0.27982,-0.30918,0.09650,-0.24244,-0.24426,-0.27286,-0.34267,-0.24310,-0.39078,-0.46087,-0.19579,-0.24334,-0.45569
-0.47324,-0.48034,0.10069,-0.29575,-0.44216,-0.50600,-0.53398,-0.43685,-0.50536,-0.61314,-0.34461,-0.56559,-0.55995
-0.66419,-0.59305,0.10951,-0.32821,-0.65005,-0.67387,-0.61338,-0.61383,-0.55758,-0.70181,-0.50157,-0.65713,-0.63307
-0.84540,-0.74578,0.07302,-0.61753,-0.71607,-0.89974,-0.70655,-0.70045,-0.77233,-0.76388,-0.73013,-0.76324,-0.78792
-1.00346,-1.00824,0.09876,-1.00816,-1.02423,-1.11506,-1.00634,-0.83220,-1.17688,-0.99124,-0.98936,-0.88875,-1.05022
-1.12783,-1.05128,0.10771,-1.07218,-1.14192,-1.15108,-1.01700,-0.90395,-1.22189,-1.00837,-1.00929,-0.88507,-1.10206
-1.21250,-1.17057,0.12907,-1.11037,-1.20268,-1.37858,-1.09530,-1.05597,-1.30788,-1.26429,-1.12049,-0.94642,-1.22367
-1.25035,-1.27860,0.10786,-1.25511,-1.41371,-1.48495,-1.12683,-1.25276,-1.30312,-1.22888,-1.27536,-1.15100,-1.29431
-1.23577,-1.21261,0.10078,-1.22159,-1.19553,-1.46093,-1.08945,-1.24103,-1.21447,-1.15372,-1.15208,-1.14445,-1.25283
-1.16826,-1.05829,0.10632,-1.00861,-1.01053,-1.25567,-1.09467,-1.07784,-1.01248,-1.20481,-0.88801,-1.01100,-1.01924
-1.05061,-0.96032,0.10468,-0.94556,-0.88080,-1.15701,-0.97911,-1.09684,-0.94802,-0.95633,-0.81188,-0.85105,-0.97658
-0.88604,-0.76357,0.12411,-0.79345,-0.58887,-0.92006,-0.83033,-0.69419,-0.68759,-0.99792,-0.71056,-0.66510,-0.74763
-0.68422,-0.56398,0.08365,-0.68035,-0.43507,-0.59368,-0.49679,-0.55836,-0.61144,-0.63500,-0.60530,-0.43142,-0.59243
-0.45499,-0.28794,0.07867,-0.41631,-0.22149,-0.21650,-0.36243,-0.20914,-0.32890,-0.26367,-0.35193,-0.18614,-0.32286
-0.20525,-0.14227,0.11360,-0.35168,-0.29168,-0.07027,-0.11880,-0.03645,-0.01650,-0.11168,-0.23052,-0.14497,-0.05012
0.05425,0.05064,0.15547,-0.13013,-0.05858,0.04683,0.18534,0.15866,0.14067,0.34853,-0.10363,-0.09447,0.01313
0.30573,0.32049,0.07711,0.32393,0.30946,0.29563,0.43597,0.32928,0.24814,0.43471,0.29880,0.34918,0.17986
0.53374,0.70063,0.18465,0.49460,0.65999,0.79857,1.09617,0.71737,0.57658,0.86289,0.47371,0.64877,0.67771
0.72245,0.75844,0.18103,0.62791,0.70877,0.84743,1.13995,0.70585,0.64240,0.95422,0.50327,0.71391,0.74071
0.86141,0.81988,0.19265,0.62037,0.77718,0.94674,1.07720,0.75703,0.65746,1.16530,0.59416,0.73519,0.86813
0.93903,0.77423,0.16211,0.58238,0.75238,0.91122,1.10970,0.73955,0.66137,0.81874,0.56327,0.74714,0.85653
0.94552,0.75864,0.15021,0.52939,0.77532,0.94951,0.94083,0.72467,0.64785,0.78076,0.53783,0.82585,0.87443
0.87900,0.56914,0.17901,0.46144,0.69769,0.86233,0.61126,0.46535,0.25293,0.64528,0.46032,0.75790,0.47684
0.74166,0.49691,0.13517,0.36654,0.64733,0.62105,0.50880,0.47851,0.26842,0.49030,0.43767,0.71823,0.43220
0.53948,0.25319,0.11983,0.09775,0.29072,0.37710,0.20914,0.23268,0.18553,0.17102,0.32571,0.49452,0.14779
0.28538,0.03936,0.13500,0.02691,0.02988,0.28153,0.03558,0.01139,-0.20967,-0.00902,0.22749,-0.02724,0.02676
-0.00774,-0.22283,0.10845,-0.11265,-0.22718,-0.11026,-0.28291,-0.23004,-0.45013,-0.19162,-0.08716,-0.23501,-0.30135
-0.33086,-0.51625,0.10126,-0.35625,-0.53409,-0.52163,-0.49318,-0.51639,-0.64102,-0.63556,-0.33874,-0.57177,-0.55389
-0.67043,-0.83555,0.08921,-0.74891,-0.87578,-0.95868,-0.77862,-0.83374,-0.97160,-0.91793,-0.75478,-0.74883,-0.76665
-1.00448,-1.10646,0.10777,-0.97293,-1.14672,-1.15673,-1.22784,-1.05992,-1.24113,-1.23923,-1.00698,-1.00308,-1.00999
-1.31350,-1.33215,0.13467,-1.17980,-1.46530,-1.28250,-1.39851,-1.55840,-1.41469,-1.40854,-1.17277,-1.19561,-1.24540
-1.58306,-1.56243,0.17483,-1.42460,-1.79936,-1.58694,-1.50534,-1.90481,-1.63108,-1.52581,-1.34911,-1.47520,-1.42206
-1.79347,-1.67895,0.18313,-1.62103,-1.81673,-1.78942,-1.53567,-2.06079,-1.77711,-1.64448,-1.55514,-1.55286,-1.43628
-1.93062,-1.63011,0.17009,-1.53896,-1.70939,-1.82998,-1.62651,-1.91674,-1.71468,-1.66270,-1.44191,-1.42442,-1.43586
-1.99436,-1.58268,0.14344,-1.55902,-1.59656,-1.65280,-1.57937,-1.86869,-1.55351,-1.72027,-1.35156,-1.48332,-1.46172
-1.98440,-1.62073,0.13817,-1.49327,-1.52164,-1.78215,-1.48144,-1.80865,-1.78007,-1.70500,-1.63745,-1.46359,-1.53404
-1.90635,-1.64299,0.18770,-1.58962,-1.38253,-1.85327,-1.43884,-1.75968,-1.94217,-1.67792,-1.76498,-1.56589,-1.45501
-1.86467,-1.40700,0.16495,-1.36714,-1.32475,-1.59248,-1.30817,-1.47594,-1.71279,-1.48016,-1.39437,-1.27283,-1.14137
-1.75080,-1.32618,0.14809,-1.31980,-1.31236,-1.56119,-1.42061,-1.45487,-1.44662,-1.31574,-1.17041,-1.14826,-1.11191
-1.50669,-1.27148,0.16132,-1.42851,-1.19136,-1.56544,-1.19983,-1.37535,-1.32427,-1.13580,-1.00889,-1.30973,-1.17560
-1.36404,-0.86480,0.17874,-0.89163,-0.57808,-1.24080,-0.90426,-0.90928,-0.85813,-0.98071,-0.71625,-0.85942,-0.70949
-1.15710,-0.70300,0.17761,-0.94739,-0.33010,-0.83361,-0.70397,-0.90474,-0.69184,-0.68373,-0.64141,-0.73805,-0.55513
-0.89485,-0.35800,0.25356,-0.83916,-0.20340,-0.47126,-0.46550,-0.63393,-0.17893,0.04642,-0.34541,-0.26822,-0.22062
-0.57243,-0.01524,0.35621,-0.78906,0.27126,-0.02290,0.14311,-0.23515,0.22040,0.53680,-0.15949,-0.09569,-0.02170
-0.34217,-0.43590,1.69544,-1.46835,1.00588,0.30797,1.84330,-2.82295,1.01808,0.61580,-2.22756,-0.03072,-2.60048
-0.09822,-1.47079,1.60420,-1.63593,-2.10858,-1.82772,0.48415,-3.30611,1.20841,-1.28924,-3.03868,0.09232,-3.28649
0.19903,-1.38481,1.51478,-1.37099,-1.80562,-0.98283,-1.43434,-2.71326,1.10739,-1.36613,-3.02418,1.05215,-3.31026
0.32577,-0.00995,1.19820,-0.53100,1.07552,0.00485,0.39122,-1.79270,0.77076,0.89796,0.38573,1.04026,-2.34204
0.42288,0.69726,0.16982,0.42951,0.67992,0.92431,0.60880,0.54769,0.76894,0.79682,0.50045,0.84594,0.87023
0.52118,0.39442,0.18763,0.25769,0.58724,0.43722,0.20028,0.11812,0.59569,0.42317,0.36852,0.68918,0.26711
0.41971,0.33048,0.10385,0.28700,0.35061,0.22928,0.38846,0.29027,0.50087,0.48130,0.33818,0.25843,0.18043
0.27102,0.01994,0.12219,0.05177,-0.15103,0.18545,0.07992,0.08212,-0.05654,-0.20984,0.10790,0.06971,0.03992
0.11566,-0.25850,0.18806,-0.15713,-0.36508,-0.04782,-0.11611,-0.15219,-0.47677,-0.66204,-0.18699,-0.19477,-0.22606
-0.21604,-0.66895,0.11737,-0.77055,-0.79967,-0.49381,-0.60052,-0.65519,-0.71591,-0.86768,-0.54989,-0.61766,-0.61866
-0.57317,-0.83384,0.13465,-0.93333,-0.91127,-0.87764,-1.00885,-0.79380,-0.77790,-1.00471,-0.62487,-0.74114,-0.66491
-0.93591,-1.02326,0.18607,-1.09634,-1.09370,-1.11307,-1.33955,-0.95423,-0.88175,-1.25723,-0.82825,-0.87988,-0.78855
-1.29148,-1.65241,0.12716,-1.55842,-1.88634,-1.58486,-1.54721,-1.83441,-1.53102,-1.75062,-1.56219,-1.62909,-1.63995
-1.70691,-2.12635,0.14703,-2.04566,-2.36527,-2.28947,-2.10096,-2.19879,-2.20932,-1.97840,-2.05929,-1.87168,-2.14463
-2.06938,-2.52313,0.27837,-2.54728,-3.00142,-2.85306,-2.30688,-2.66346,-2.67953,-2.30676,-2.37583,-2.09204,-2.40503
-2.36113,-2.66579,0.36117,-2.61561,-3.31469,-2.90596,-2.38865,-3.12246,-2.73267,-2.52046,-2.51530,-2.11695,-2.42518
-2.58128,-2.82817,0.40358,-2.83036,-3.37421,-3.12797,-2.37202,-3.27198,-3.04411,-2.59250,-3.03833,-2.31405,-2.31612
-2.72717,-3.09152,0.39938,-2.99397,-3.18898,-3.29360,-2.57285,-3.76147,-3.07408,-2.72045,-3.63364,-2.61730,-3.05890
-2.79727,-2.87657,0.28110,-2.58276,-2.73949,-3.23110,-2.73810,-3.18218,-2.87629,-2.70150,-3.30646,-2.48862,-2.91924
-2.79132,-2.89665,0.29780,-2.71916,-3.16269,-3.23339,-2.85997,-3.02695,-2.98806,-2.57382,-3.27083,-2.35055,-2.78104
-2.71014,-2.64552,0.45961,-2.42340,-3.11817,-2.88150,-2.41254,-2.89436,-2.80030,-1.81902,-3.17721,-2.01651,-2.91223
-2.55545,-2.40257,0.41605,-2.63501,-2.54890,-2.76952,-1.68459,-2.41511,-2.38151,-1.88764,-2.78270,-2.00467,-2.91608
-2.29990,-1.96639,0.36698,-2.48827,-1.59240,-2.43937,-1.57322,-1.93568,-2.25841,-1.47199,-2.16329,-1.74071,-2.00058
-1.95637,-1.37812,0.56328,-2.09202,-0.93134,-1.81352,-0.06277,-1.52813,-1.64881,-1.14469,-1.49917,-1.61782,-1.44293
-1.58817,-1.19361,0.33286,-1.61251,-1.21087,-1.49817,-1.35819,-1.37428,-0.98035,-1.47356,-0.95965,-0.91912,-0.54945
-1.09130,-0.33188,0.52126,-0.94225,0.95904,-0.63091,-0.47724,-0.18363,-0.20917,-0.80777,-0.28822,-0.25193,-0.48676
-0.55395,-0.21807,0.29707,-0.53301,0.10267,-0.40808,-0.46589,0.10146,0.02358,-0.55242,0.13395,-0.08209,-0.50087
0.00376,0.22077,0.19784,0.28116,0.44392,0.12636,-0.13057,0.26568,0.15616,0.58089,0.26413,0.06438,0.15555
0.56414,0.69390,0.19896,0.56652,0.86081,0.45560,0.61984,0.66024,0.51914,0.68295,0.64220,0.78203,1.14962
1.06601,0.66762,0.56296,0.56404,1.14485,0.74602,-0.81059,0.75460,0.47711,0.94607,1.11673,0.77209,0.96525
1.60787,2.03956,0.85891,1.06649,3.13394,1.68594,2.17191,3.22614,1.56457,2.18921,2.84395,0.61496,1.89848
2.10663,3.73042,0.73135,2.92464,4.88991,2.80175,3.19090,4.17684,3.92437,4.03212,4.62012,3.75248,2.99103
2.54779,3.60825,0.62164,3.43595,3.72214,3.72414,2.77794,4.03104,3.54921,4.66036,4.26409,2.66761,3.24999
2.93269,4.77298,0.57098,5.31014,5.75000,4.91797,4.48749,4.24487,3.94466,5.06721,5.05917,4.84595,4.10237
3.23351,4.79581,0.79467,6.50461,5.30637,4.93742,4.96018,4.48219,3.77127,4.55626,5.14611,4.52452,3.76918
3.53756,4.62516,0.68115,4.61206,4.22157,4.81743,4.39926,4.73836,3.59702,5.79725,5.65992,4.37183,4.03688
3.77816,5.44357,0.61707,6.32310,6.23389,5.88749,5.28696,4.73184,5.15122,5.99551,5.24810,4.87520,4.70239
3.94668,5.90902,0.38713,6.19717,5.94491,5.99183,5.26497,6.09346,6.03165,5.57275,6.48650,6.14008,5.36692
4.03762,4.97020,0.71056,5.36914,4.27436,4.95914,4.61940,5.72267,3.49722,4.72919,5.76218,5.30310,5.46564
4.13145,4.41224,0.84548,4.53518,4.49158,4.30513,2.97313,5.78044,3.35497,4.91641,5.39623,4.26772,4.10163
4.15638,4.36936,0.53864,4.80565,4.40080,3.88731,3.86715,4.12624,3.68405,4.26925,4.97517,5.38141,4.29659
4.11107,4.28738,0.61912,5.02481,4.32383,4.29796,3.96018,3.94656,4.67432,3.39661,5.42675,4.19184,3.63097
4.00315,3.76246,0.84930,5.17237,3.66876,3.90477,3.51621,5.01104,2.78233,3.35759,4.32719,2.76049,3.12386
3.87517,4.03589,1.07189,4.59462,3.21952,3.64393,2.20391,5.67305,3.36149,4.14828,5.55006,3.53154,4.43253
3.68454,3.99371,0.67723,4.03122,3.76402,3.51728,4.14778,4.76727,3.16172,4.28765,5.32374,3.21858,3.71786
3.39154,3.37819,0.52429,3.46345,3.19304,3.47712,3.46964,3.42743,2.62989,3.30167,4.66598,3.02231,3.13136
3.11862,2.62567,0.43928,2.19678,2.54406,2.81423,3.48903,2.93549,2.05643,2.92967,2.72537,2.22090,2.34474
2.78770,1.83183,0.80022,1.29630,1.68502,1.48591,3.15253,1.33796,0.82309,3.12230,2.46048,1.57135,1.38335
2.39277,1.79678,0.69369,1.38361,2.21954,1.67549,2.50660,1.70688,0.68466,3.08217,2.08189,1.40666,1.22033
1.90276,1.60917,0.77903,1.23226,2.08687,1.65607,2.22157,0.85133,0.60461,2.87762,2.49185,1.23860,0.83095
1.44694,1.03440,0.56012,0.71394,1.36721,1.62138,1.71119,0.51297,0.48426,1.86151,0.51689,1.05014,0.50449
0.95347,0.90923,0.65820,0.30659,1.17753,1.01951,2.05913,0.17240,0.18413,1.77178,0.57232,1.23324,0.59565
0.42050,0.55701,0.51774,0.44825,0.17832,1.50577,1.26229,0.00792,0.20360,0.44704,0.29208,1.02762,0.19717
-0.14143,-0.31255,0.15258,-0.27693,-0.50152,-0.18777,-0.12441,-0.50435,-0.12214,-0.42619,-0.45493,-0.19094,-0.33631
-0.71720,-0.76905,0.26695,-0.84299,-0.90403,-1.10744,-0.67090,-0.74777,-0.83176,-1.19770,-0.38452,-0.58713,-0.41625
-1.34403,-1.42276,0.25762,-1.87940,-1.46215,-1.59252,-1.47086,-1.41503,-1.53987,-1.45519,-0.97422,-1.38835,-1.05003
-1.87584,-2.22505,0.26512,-2.20787,-2.78942,-2.49812,-2.23948,-2.24581,-2.26645,-1.94719,-1.88548,-2.03393,-2.13676
-2.36504,-2.72928,0.42325,-2.44867,-3.62202,-3.31371,-2.60965,-2.83070,-2.71986,-2.40399,-2.51133,-2.31335,-2.51951
-2.80592,-3.24452,0.40872,-2.62901,-4.04088,-3.74118,-3.10215,-3.25070,-3.45775,-3.03038,-3.12558,-3.15461,-2.91300
-3.19507,-3.20445,0.66228,-2.33590,-2.94881,-4.26482,-3.77279,-2.64047,-3.47265,-3.57659,-2.67921,-3.83791,-2.51540
-3.53164,-2.69120,0.94834,-2.21350,-2.41805,-3.57450,-3.92915,-2.38039,-2.48834,-3.88525,-1.19908,-3.28726,-1.53650
-3.75343,-2.58623,0.67995,-2.40600,-1.69976,-3.30951,-3.43537,-2.14982,-2.40068,-3.65736,-1.80240,-2.72133,-2.28011
-3.91025,-2.91762,0.55544,-2.65880,-2.78284,-3.48131,-3.97298,-2.45735,-2.69018,-3.38602,-2.04246,-2.81650,-2.88778
-3.99018,-2.88245,0.27434,-2.31511,-3.08146,-3.29066,-2.88278,-2.90560,-2.71011,-3.20258,-2.81448,-2.78202,-2.83971
-3.95807,-2.92119,0.36750,-2.15377,-3.40994,-3.03905,-2.95635,-3.08793,-2.92450,-3.38964,-2.90539,-2.64462,-2.70075
-3.85906,-2.71173,0.27544,-2.45391,-3.13807,-2.68962,-2.77621,-3.08683,-2.55275,-2.91099,-2.33725,-2.74758,-2.42410
-3.66687,-2.16425,0.41556,-2.30604,-2.32631,-2.76604,-1.76665,-2.23813,-2.12947,-2.07036,-2.68309,-2.01761,-1.33879
-3.38854,-2.17252,0.54804,-2.08197,-2.98628,-2.64323,-1.48129,-2.11385,-1.88282,-2.40514,-2.89654,-1.77598,-1.45809
-3.07778,-2.10666,0.38228,-2.16939,-2.44476,-2.25858,-2.26047,-2.24944,-1.86801,-2.27728,-2.56889,-1.31611,-1.65372
-2.64595,-1.97415,0.33898,-2.54817,-2.39173,-1.86382,-2.16458,-1.88110,-2.03566,-1.87745,-1.98752,-1.52821,-1.46325
-2.16867,-1.03992,0.62450,-1.76294,-0.93043,-1.50969,-1.63059,-1.24615,-1.04772,-1.27640,-0.68402,-0.71083,0.39959
-1.65140,-0.86230,0.42729,-1.32331,-0.93521,-1.07591,-0.91148,-1.14335,-0.33494,-1.49597,-0.64772,-0.60410,-0.15101
-1.15192,-0.47656,0.30704,-0.88020,-0.34482,-0.56333,-0.58963,-0.80653,-0.11320,-0.81071,-0.07926,-0.10584,-0.47206
-0.55521,-0.04508,0.24631,-0.15560,-0.15821,-0.35714,-0.42480,0.18243,0.38071,0.15857,-0.06217,0.02250,-0.03706
0.05378,0.14146,0.18421,0.36639,0.19457,0.29118,-0.27082,0.24878,0.00261,0.20919,0.19262,-0.00025,0.18033
0.66856,0.42541,0.35697,0.26666,-0.09704,0.76471,0.74395,0.32498,0.12544,0.57675,1.08168,0.28224,0.18469
1.27238,2.27670,1.27965,3.70381,1.08442,2.78508,-0.00426,2.29834,2.64019,0.73774,3.78837,2.45679,3.27652
1.85051,1.55873,3.11851,4.04598,-3.96672,3.62418,-1.48980,4.04739,-1.94658,0.52720,5.44380,2.31521,2.98661
2.40226,0.89692,3.39915,3.02982,-2.80537,3.45640,-2.35152,-3.98838,1.72143,0.12712,6.58135,3.85648,-0.65811
2.91101,2.49237,3.30038,4.99693,4.05289,3.47017,1.39857,4.70706,-2.71345,-3.96418,5.00833,5.14595,2.82145
3.32074,4.15562,2.25402,5.91066,3.00589,5.81186,3.30488,5.12659,-1.34417,5.56945,6.27916,4.13262,3.75925
3.77540,3.64468,1.21484,5.04025,2.97674,4.43585,3.90469,4.28692,1.11563,3.88532,4.57389,4.08882,2.13868
4.17604,5.41963,0.92875,4.96496,4.79917,5.12451,5.57646,5.01885,4.06071,6.22252,7.30077,6.20736,4.92099
4.52785,5.25785,1.04140,5.52173,4.71398,5.60628,4.90796,4.94459,2.88932,5.80676,6.86881,5.99424,5.32480
4.82714,6.99769,1.09385,6.37054,6.09201,5.64316,7.19344,6.35015,6.78086,6.69969,9.21546,8.47519,7.15644
5.06766,7.14771,0.95131,7.37177,6.53895,5.89489,7.10547,6.18214,7.58640,6.28289,9.00325,7.97682,7.53452
5.24556,7.01059,1.12919,7.61984,6.00119,6.28792,7.10498,6.19212,7.36982,5.30285,9.34919,7.40076,7.47719
5.35904,6.76213,0.97045,6.20412,6.42518,6.73860,7.72501,5.56746,6.71469,5.32266,8.57022,7.10970,7.24367
5.40692,6.37652,0.60967,6.55010,6.29244,6.33315,6.63458,5.29320,6.32677,5.47425,7.30202,6.96428,6.59436
5.38884,7.01670,0.84917,7.41869,7.34419,6.40012,5.70390,6.66835,7.55943,5.67539,8.00465,7.65806,7.73427
5.30516,5.93818,0.98765,5.98853,5.91742,6.61165,4.24404,6.27788,6.50100,5.05082,7.59728,4.80700,6.38620
5.15695,4.75326,0.65809,4.84587,5.89271,4.74093,4.08479,4.54871,4.68430,4.03089,4.88545,4.04082,5.77815
4.94599,5.12311,0.99601,5.98536,6.38407,5.03418,4.06035,4.58670,4.08937,3.96012,5.94172,4.69072,6.49845
4.67476,4.34503,0.80963,5.51670,4.71811,4.55371,3.35337,3.93304,3.36217,3.64820,5.55122,4.03493,4.77882
4.34635,3.18919,0.60487,3.42072,3.37159,3.56705,2.95312,3.47338,2.14354,2.29983,3.72290,4.01757,2.92217
3.96994,2.75653,0.83979,2.53068,2.79578,3.10557,3.83938,1.98836,1.25605,2.66555,4.06492,3.11771,2.20136
3.53987,2.20660,0.82740,1.45682,2.60058,2.56686,3.89449,2.16576,1.11664,2.25596,2.87017,1.67103,1.46772
3.06370,2.62762,0.74744,2.15987,3.60617,2.20035,4.04915,3.02715,1.57861,2.17019,2.57191,2.69866,2.21414
2.54450,2.31844,0.67135,1.87835,2.59220,2.64375,3.50161,2.35866,0.98304,2.70739,2.54565,2.17967,1.79409
1.99647,1.24953,0.61947,1.12235,1.68533,1.84071,1.61769,0.52144,0.36818,1.83921,1.91148,1.15189,0.43701
1.41486,0.89016,0.51041,0.44760,1.72205,0.91827,0.88847,0.46083,0.29792,0.47417,1.36899,1.59245,0.73089
0.81782,1.07941,0.69215,0.54114,1.08468,1.23409,0.51141,0.11295,2.12448,0.70411,0.76436,1.54607,2.17087
0.20629,-0.00536,0.21064,-0.23813,-0.16839,0.34699,-0.16168,0.01582,0.15430,0.20088,-0.20082,-0.17913,0.17653
-0.41454,-0.16898,0.27034,-0.42418,-0.48058,-0.19207,-0.36750,-0.06309,0.10415,-0.21135,0.13957,0.26495,-0.45966
-1.04120,-0.32713,0.35714,-0.46268,-0.46227,-0.54206,-0.67234,-0.23392,-0.47229,-0.82370,0.03939,0.07359,0.28500
-1.66950,0.06753,0.73964,0.93281,0.98211,-0.49741,-1.28483,0.23704,0.03710,0.31715,0.58146,-0.83540,0.20527
-2.28890,0.60402,1.13341,0.76227,-2.52708,1.35244,0.91385,0.54770,0.97892,0.64404,1.32422,0.84394,1.19984
-2.88898,0.34931,1.48671,1.06693,0.99705,-0.96074,-1.96416,0.88835,1.58372,-0.49548,1.87966,-1.62190,2.11965
-3.46749,-0.23530,1.08614,-0.24610,-0.02655,0.81633,-2.20168,-1.10816,1.48435,-0.61221,0.36515,-1.22348,0.39933
-4.01840,-2.07673,1.20914,-1.75845,-0.29864,-2.79243,-2.29892,-4.42453,-0.86692,-2.40256,-2.34346,-2.79494,-0.78647
-4.53562,-2.37356,1.45841,-1.34775,-0.80999,-3.64093,-2.98772,-3.49470,-0.91247,-2.52178,-1.58093,-5.24307,-1.19622
-5.01346,-1.43494,1.86179,-2.22223,-1.69626,-3.04230,0.94080,-2.79670,0.25840,2.03465,-3.48299,-2.51892,-1.82387
-5.21799,-0.70193,2.58283,-2.64043,-1.00580,-3.06611,1.22844,-3.44951,-0.12150,-2.63852,4.83899,1.29003,-1.45489
-5.71521,-1.35854,2.40665,-3.25525,-2.33775,-3.44261,1.86763,-3.57991,0.78849,-2.52130,3.08126,-2.84566,-1.34034
-6.17658,-3.74661,0.99842,-3.60787,-3.92480,-4.25563,-3.27934,-4.98947,-1.75759,-4.59136,-4.74328,-3.67958,-2.63720
-6.58478,-5.00286,0.82336,-6.11623,-4.94668,-5.38840,-5.17090,-5.64988,-3.38177,-4.21149,-5.87042,-4.61374,-4.67913
-6.94485,-4.06487,1.32726,-2.68704,-4.99781,-5.55734,-4.93026,-4.87839,-1.44992,-4.24804,-2.81495,-5.07048,-4.01448
-7.24363,-5.47837,0.87699,-7.63152,-4.76816,-5.61762,-5.82301,-5.54896,-4.81408,-4.56654,-5.70011,-5.39104,-4.92261
-7.48275,-5.99069,0.64458,-7.01517,-5.17727,-6.20679,-5.97732,-6.64176,-5.76870,-5.19962,-6.56930,-6.09309,-5.25784
-7.37620,-6.00191,0.72562,-6.64099,-5.64478,-6.89458,-6.09538,-5.70153,-5.72520,-5.28067,-7.35573,-5.31364,-5.36662
-7.64187,-4.18773,2.03970,-0.83941,-1.35838,-5.88208,-5.93198,-5.29853,-5.43539,-1.94964,-6.27942,-4.45206,-4.45040
-7.85206,-4.03815,1.32723,-0.99816,-4.26136,-4.70882,-4.41796,-3.39184,-4.17891,-3.85608,-6.07724,-5.03733,-3.45381
0.00322,0.07162,0.10925,-0.01475,0.11254,0.06693,0.05361,-0.05234,0.12638,-0.09143,0.27759,0.17408,0.06364
0.00322,0.07491,0.10867,-0.01479,0.11667,0.07220,0.05555,-0.05112,0.12829,-0.08180,0.27820,0.18160,0.06426
0.00320,0.05282,0.10503,-0.01489,0.09180,0.05937,0.02103,-0.09072,0.10284,-0.08309,0.26742,0.11980,0.05469
0.00305,0.06291,0.09953,-0.01907,0.07263,0.08497,0.01305,-0.08539,0.10230,0.00796,0.28772,0.10984,0.05507
0.00245,0.05199,0.09797,0.00757,-0.00470,0.13780,0.01262,-0.09323,0.10708,-0.04386,0.22723,0.14004,0.02933
0.00137,0.07659,0.11053,-0.00408,0.00302,0.17528,0.07351,-0.09543,0.03564,0.03106,0.21280,0.26713,0.06696
0.00031,0.07729,0.15062,0.05317,-0.04863,0.18355,0.03694,-0.08152,0.06507,0.02935,0.09795,0.44963,-0.01265
-0.00109,0.03166,0.14844,0.11319,-0.07866,0.18660,-0.01226,-0.04465,0.05158,-0.09982,-0.01931,0.34994,-0.13006
-0.00294,0.01757,0.14192,0.03736,-0.06542,0.19000,-0.00162,-0.03853,-0.04122,-0.11852,-0.05265,0.34185,-0.07554
-0.00528,0.01551,0.06369,-0.02026,-0.05271,0.12107,-0.00976,-0.05395,0.06629,0.02490,-0.02600,0.11107,-0.00557
-0.00819,0.03544,0.06176,0.01322,-0.03682,0.01896,0.00916,-0.03108,0.13212,0.07412,0.01379,0.14317,0.01773
-0.00716,0.00983,0.07992,-0.01378,-0.02363,0.14467,-0.03277,-0.03497,0.10008,0.08701,-0.09406,-0.07820,0.04396
-0.01683,-0.03115,0.05393,-0.03177,-0.09673,0.08988,-0.04878,-0.00857,-0.01628,-0.04938,-0.07408,-0.08217,0.00638
-0.02164,-0.03897,0.04829,-0.02954,-0.09303,0.06805,-0.06017,-0.03440,-0.02032,-0.08856,-0.06613,-0.06769,0.00211
-0.02763,0.01556,0.04692,-0.02709,-0.04622,0.09001,-0.01400,0.02002,0.06369,0.02635,-0.04510,0.04126,0.04665
-0.03466,-0.01141,0.05557,-0.02530,-0.02917,0.08501,-0.05151,-0.01269,0.04621,0.00895,-0.12346,-0.01026,-0.00190
-0.04276,0.05141,0.08236,-0.01402,-0.00191,0.09500,0.03035,0.03222,0.15434,0.05581,-0.09246,0.19200,0.06274
-0.05204,-0.03495,0.04870,-0.03063,-0.05530,0.07112,-0.02845,-0.04952,-0.07532,-0.02535,-0.11902,-0.01228,-0.02478
-0.06618,0.04728,0.05092,-0.02700,0.02329,0.09737,0.02721,0.08619,0.12262,0.02932,-0.02795,0.06621,0.07553
-0.07452,-0.11406,0.05271,-0.05992,-0.13955,-0.03792,-0.06834,-0.14714,-0.13475,-0.20765,-0.16161,-0.09408,-0.08964
-0.08727,-0.07623,0.04433,-0.04750,-0.06971,-0.00322,-0.03595,-0.09426,-0.13822,-0.07381,-0.14916,-0.08883,-0.06163
-0.10192,-0.09612,0.05851,-0.05675,-0.08968,0.00467,-0.14913,-0.12231,-0.13022,-0.09861,-0.16665,-0.14195,-0.01056
-0.11507,-0.06033,0.09143,-0.04204,0.12931,0.02957,-0.05035,-0.16162,-0.07831,-0.15402,-0.14911,-0.10517,-0.02159
-0.13560,-0.09828,0.08666,-0.04913,0.00639,0.03374,-0.05747,-0.16459,-0.12486,-0.25927,-0.13913,-0.14526,-0.08322
-0.15419,-0.17312,0.10187,-0.12704,-0.11024,-0.02250,-0.08060,-0.18206,-0.34892,-0.32679,-0.18828,-0.14753,-0.19726
-0.17427,-0.16107,0.08580,-0.05414,-0.12126,-0.03216,-0.10304,-0.18619,-0.23809,-0.30618,-0.23394,-0.15708,-0.17860
-0.19582,-0.17393,0.09730,-0.10382,-0.04711,-0.04413,-0.11065,-0.19058,-0.30845,-0.31197,-0.23863,-0.16866,-0.21532
-0.22016,-0.19233,0.09213,-0.16112,-0.13590,-0.03986,-0.19569,-0.20538,-0.37045,-0.25643,-0.27136,-0.17489,-0.11219
-0.24264,-0.18972,0.10080,-0.10476,-0.15223,-0.05518,-0.11634,-0.20484,-0.38322,-0.28036,-0.28861,-0.18203,-0.12965
-0.26733,-0.20287,0.09421,-0.13356,-0.16456,-0.06948,-0.14439,-0.21441,-0.41119,-0.20045,-0.29467,-0.21166,-0.18432
-0.29270,-0.26524,0.07925,-0.15541,-0.20036,-0.22627,-0.22086,-0.23376,-0.40749,-0.30849,-0.28195,-0.23972,-0.37812
-0.31849,-0.27952,0.08216,-0.17960,-0.24324,-0.19411,-0.25003,-0.22875,-0.45125,-0.36394,-0.30055,-0.26588,-0.31787
-0.34441,-0.34275,0.08559,-0.35658,-0.29026,-0.24769,-0.32385,-0.24216,-0.48315,-0.39278,-0.30045,-0.31180,-0.47881
-0.37042,-0.33463,0.08871,-0.23228,-0.27005,-0.33343,-0.33289,-0.24355,-0.47706,-0.35997,-0.30977,-0.29526,-0.49208
-0.39608,-0.40789,0.09494,-0.48998,-0.33751,-0.41411,-0.36724,-0.28269,-0.52313,-0.41713,-0.33188,-0.33934,-0.57590
-0.42066,-0.40068,0.10206,-0.43445,-0.33434,-0.46634,-0.34150,-0.23866,-0.52785,-0.42866,-0.33995,-0.32685,-0.56818
-0.44395,-0.55562,0.11471,-0.65427,-0.54570,-0.49957,-0.44148,-0.49361,-0.75646,-0.52442,-0.38071,-0.57699,-0.68296
-0.46586,-0.46252,0.07861,-0.36862,-0.43919,-0.45866,-0.39363,-0.45240,-0.57135,-0.45750,-0.37917,-0.49556,-0.60911
-0.48586,-0.44658,0.09625,-0.31108,-0.38286,-0.43357,-0.37474,-0.43942,-0.59202,-0.47116,-0.37054,-0.47974,-0.61069
-0.50348,-0.50433,0.08142,-0.56659,-0.48335,-0.48360,-0.42898,-0.42285,-0.59618,-0.52397,-0.37050,-0.54303,-0.62423
-0.51808,-0.48888,0.07582,-0.48433,-0.45606,-0.54852,-0.40629,-0.44359,-0.59864,-0.49511,-0.35937,-0.51481,-0.58205
-0.52961,-0.51089,0.07995,-0.52975,-0.43791,-0.50735,-0.45654,-0.47842,-0.62002,-0.53540,-0.36475,-0.56075,-0.61797
-0.53763,-0.48920,0.11120,-0.36499,-0.49386,-0.36678,-0.41390,-0.50220,-0.68664,-0.51233,-0.37511,-0.54990,-0.62627
-0.54175,-0.50098,0.08068,-0.52267,-0.50653,-0.37929,-0.45709,-0.51210,-0.58839,-0.50053,-0.36800,-0.56647,-0.60874
-0.54172,-0.49825,0.07553,-0.59252,-0.45481,-0.48558,-0.44022,-0.49183,-0.56581,-0.50708,-0.34715,-0.50168,-0.59579
-0.53737,-0.55384,0.11083,-0.77190,-0.53078,-0.59750,-0.46524,-0.50143,-0.61465,-0.52254,-0.35565,-0.54767,-0.63109
-0.52856,-0.53352,0.10740,-0.78078,-0.48447,-0.50375,-0.46016,-0.51063,-0.58957,-0.48196,-0.38203,-0.53985,-0.60198
-0.51529,-0.56845,0.13604,-0.85297,-0.53464,-0.44044,-0.57931,-0.59274,-0.66167,-0.47037,-0.36273,-0.54311,-0.64647
-0.49764,-0.56137,0.12757,-0.76984,-0.50462,-0.39216,-0.54427,-0.60666,-0.73129,-0.51150,-0.37775,-0.55372,-0.62193
-0.47567,-0.54195,0.14354,-0.79662,-0.45890,-0.40698,-0.56204,-0.54213,-0.73351,-0.46157,-0.36943,-0.43897,-0.64932
-0.44965,-0.45561,0.13009,-0.69319,-0.47481,-0.27437,-0.48049,-0.46057,-0.58098,-0.37327,-0.29046,-0.38626,-0.54172
-0.42015,-0.39997,0.10654,-0.53802,-0.37673,-0.20423,-0.47420,-0.45264,-0.46415,-0.41384,-0.30568,-0.27947,-0.49069
-0.38766,-0.46279,0.11914,-0.67332,-0.45723,-0.31134,-0.47270,-0.49127,-0.56040,-0.45402,-0.34977,-0.29687,-0.56092
-0.35279,-0.31712,0.09759,-0.34256,-0.24954,-0.15450,-0.37776,-0.25297,-0.45153,-0.33583,-0.34529,-0.21509,-0.44611
-0.31606,-0.26213,0.10003,-0.18117,-0.16222,-0.10489,-0.32163,-0.23975,-0.37509,-0.32977,-0.32590,-0.18620,-0.39472
-0.27848,-0.21380,0.07616,-0.15729,-0.13977,-0.10534,-0.26255,-0.20984,-0.25242,-0.32753,-0.30423,-0.13664,-0.24235
-0.24102,-0.12088,0.08635,-0.10171,-0.04176,-0.04879,-0.15638,-0.17231,-0.02961,-0.25929,-0.19667,-0.00795,-0.19431
-0.20436,-0.13783,0.07035,-0.14037,-0.09524,-0.01298,-0.18020,-0.16127,-0.12619,-0.25436,-0.19912,-0.05398,-0.15460
-0.16951,-0.12316,0.07699,-0.12992,-0.04993,-0.05111,-0.12903,-0.17527,-0.08423,-0.26168,-0.20227,-0.01000,-0.13816
-0.13778,-0.10939,0.07279,-0.14363,-0.03482,-0.01921,-0.16179,-0.15217,-0.05646,-0.21388,-0.18772,-0.01785,-0.10636
-0.11020,-0.01797,0.08537,-0.08634,0.11624,0.03186,-0.09057,-0.03117,0.04871,-0.04780,-0.16679,0.06846,-0.02234
-0.08748,-0.03863,0.09131,-0.12440,0.09892,0.03394,-0.05384,-0.07077,0.05432,-0.12544,-0.18850,0.02087,-0.03142
-0.07051,-0.07423,0.06623,-0.13193,-0.01357,0.01740,-0.10607,-0.11370,0.03222,-0.12334,-0.16175,-0.07677,-0.06481
-0.06022,-0.08139,0.05755,-0.12076,-0.02573,-0.02464,-0.12865,-0.10568,-0.02481,-0.06336,-0.20036,-0.04398,-0.07591
0.00282,0.05832,0.11418,-0.01311,0.12215,0.07293,0.04825,-0.08989,0.10413,-0.11619,0.28299,0.11162,0.06029
0.00282,0.05971,0.11433,-0.01315,0.12260,0.07503,0.04911,-0.08807,0.10698,-0.11625,0.28248,0.11768,0.06073
0.00283,0.05686,0.12625,-0.00756,0.14568,0.06573,0.04737,-0.09010,0.09859,-0.17289,0.26905,0.15727,0.05551
0.00288,0.07239,0.10569,-0.01694,0.09984,0.09099,0.03497,-0.07418,0.12724,-0.03249,0.29326,0.14640,0.05481
0.00270,0.06609,0.09743,-0.01883,0.05275,0.09986,0.03197,-0.07098,0.12557,-0.01229,0.27658,0.11969,0.05660
0.00253,0.02889,0.10300,0.01906,0.02684,0.13947,0.02909,-0.11975,0.13120,-0.16482,0.08878,0.12509,0.01398
0.00217,0.00806,0.09813,-0.00697,-0.03677,0.08228,0.01813,-0.14382,0.05448,-0.15759,0.09072,0.14428,0.03585
0.00148,0.10720,0.15316,0.06483,0.00329,0.20762,0.02041,-0.06913,0.15380,0.07473,0.20910,0.44616,-0.03880
0.00047,0.13221,0.18223,0.02410,0.02369,0.17327,0.05546,-0.02393,0.14810,0.19779,0.08508,0.60797,0.03060
-0.00073,0.04036,0.23070,-0.04431,-0.04922,0.15297,0.00168,-0.06513,0.08159,-0.19502,0.02731,0.63154,-0.13776
-0.00205,0.00562,0.12055,-0.01560,-0.06037,0.14595,-0.00685,-0.11119,0.04013,-0.10613,-0.06176,0.27397,-0.04196
-0.00369,0.08157,0.11352,0.05904,0.03985,0.15755,-0.00599,-0.01284,0.09989,0.08861,0.01643,0.36645,0.00676
-0.00557,0.03573,0.10923,-0.00168,-0.00083,0.08474,-0.03055,-0.02967,0.08029,-0.07153,0.00104,0.31542,0.01011
-0.00776,-0.04030,0.05509,-0.02879,-0.08213,0.06367,-0.04283,-0.05646,-0.04799,-0.14288,-0.06370,-0.00905,0.00714
-0.01027,0.00710,0.04128,-0.01440,-0.06584,0.07091,0.00325,0.02164,0.03048,0.05996,-0.01232,-0.03204,0.00937
-0.00412,-0.04762,0.05395,-0.02212,-0.10375,-0.01307,-0.04910,-0.05554,0.03452,-0.05549,-0.14066,-0.08740,0.01636
-0.01852,0.00676,0.04857,-0.00885,-0.03978,0.09042,-0.03341,0.00626,0.07446,0.03544,-0.03963,-0.04161,0.02433
-0.02043,-0.01217,0.04996,-0.00305,-0.07410,0.07698,-0.05954,0.01623,0.03733,-0.06462,-0.04643,-0.02436,0.01987
-0.02440,-0.00162,0.05037,-0.03139,-0.03390,0.11217,-0.02547,-0.00828,0.04542,-0.03386,-0.04124,-0.03527,0.03565
-0.02896,0.00454,0.04566,-0.02894,-0.03111,0.09686,-0.05971,0.01435,0.03580,0.01890,-0.01242,-0.02695,0.03865
-0.03397,-0.00630,0.04406,-0.02919,-0.02229,0.09665,-0.04111,0.01540,-0.00885,-0.01267,-0.06978,0.01145,-0.00256
-0.03950,0.04687,0.07097,-0.02174,-0.00169,0.14012,0.00256,0.02458,0.15669,0.05142,-0.05282,0.11809,0.05147
-0.04556,-0.05192,0.05568,-0.03313,-0.05078,0.04666,-0.07114,-0.06133,-0.08281,-0.06190,-0.16490,-0.04735,0.00749
-0.05215,-0.08189,0.06212,-0.04213,-0.05195,0.02373,-0.08063,-0.08880,-0.12710,-0.15148,-0.19366,-0.05814,-0.04872
-0.05931,-0.01421,0.05626,-0.03021,-0.00426,0.09878,-0.03508,-0.02955,-0.03282,-0.01813,-0.12307,-0.00180,0.03401
-0.07096,-0.02946,0.05850,-0.03995,-0.00958,0.06895,-0.02400,-0.03589,-0.04897,0.00880,-0.16266,-0.04718,-0.00414
-0.07584,-0.04316,0.04126,-0.05301,-0.06886,0.02098,-0.01323,-0.08268,-0.02682,-0.05309,-0.09008,-0.08338,0.01856
-0.08421,-0.10044,0.05852,-0.06605,-0.08421,0.00465,-0.07211,-0.14149,-0.14305,-0.12498,-0.20966,-0.10548,-0.06205
-0.09394,-0.04023,0.05338,-0.05207,-0.04232,0.02542,-0.02805,-0.07335,-0.05692,0.02468,-0.12164,-0.10540,0.02740
-0.10427,-0.13598,0.06362,-0.05984,-0.13649,-0.02011,-0.18036,-0.16091,-0.20897,-0.18817,-0.18879,-0.14139,-0.07476
-0.11520,-0.06128,0.05089,-0.04245,-0.06919,0.02432,-0.05009,-0.10947,-0.12077,-0.03259,-0.10684,-0.11003,0.00427
-0.12109,-0.06267,0.13978,-0.04761,0.29133,0.00457,-0.04660,-0.14070,-0.13415,-0.21814,-0.13421,-0.13338,-0.06781
-0.13932,-0.12429,0.08765,-0.07144,-0.03020,-0.00017,-0.06190,-0.17065,-0.15486,-0.30274,-0.17745,-0.14485,-0.12866
-0.15242,-0.13743,0.10401,-0.03594,-0.06159,0.00995,-0.06378,-0.17423,-0.26007,-0.32203,-0.19720,-0.14168,-0.12769
-0.16568,-0.09928,0.11760,-0.05077,0.10071,0.00312,-0.04408,-0.15009,-0.13188,-0.34173,-0.17575,-0.11357,-0.08877
-0.17970,-0.09103,0.09764,-0.09900,0.05713,0.04109,-0.02818,-0.13935,-0.07989,-0.27289,-0.16734,-0.10015,-0.12172
-0.19426,-0.21690,0.10395,-0.14372,-0.16788,-0.04805,-0.17046,-0.19239,-0.37053,-0.39525,-0.26366,-0.19276,-0.22425
-0.21145,-0.20637,0.09580,-0.13360,-0.22490,-0.04248,-0.14861,-0.20323,-0.40745,-0.26722,-0.25289,-0.18849,-0.19486
-0.22800,-0.20290,0.10392,-0.17107,-0.10353,-0.06113,-0.16864,-0.21415,-0.40742,-0.31812,-0.27325,-0.17047,-0.14119
-0.24122,-0.19674,0.10246,-0.10808,-0.14853,-0.06253,-0.15785,-0.20249,-0.38002,-0.32685,-0.27951,-0.19047,-0.11108
-0.25760,-0.17724,0.08903,-0.11704,-0.12400,-0.04897,-0.11096,-0.19051,-0.35460,-0.21502,-0.27895,-0.18004,-0.15228
-0.27435,-0.25252,0.07156,-0.25390,-0.16236,-0.20911,-0.19820,-0.22452,-0.41972,-0.30411,-0.26799,-0.21724,-0.26803
-0.29120,-0.25079,0.08512,-0.14385,-0.17004,-0.22575,-0.17926,-0.23290,-0.43151,-0.27770,-0.29426,-0.22832,-0.32437
-0.30818,-0.27688,0.10268,-0.10817,-0.18988,-0.24523,-0.24876,-0.22940,-0.43439,-0.37377,-0.28191,-0.24142,-0.41589
-0.32523,-0.32359,0.08804,-0.25564,-0.24869,-0.24720,-0.30450,-0.24395,-0.46789,-0.39793,-0.30499,-0.30086,-0.46423
-0.34237,-0.27880,0.09395,-0.16127,-0.22800,-0.15989,-0.29227,-0.21175,-0.44152,-0.37433,-0.27728,-0.27042,-0.37129
-0.35943,-0.33428,0.09225,-0.25400,-0.28325,-0.23180,-0.32573,-0.24269,-0.48084,-0.42379,-0.32980,-0.30231,-0.46863
-0.37617,-0.33003,0.09884,-0.17752,-0.27563,-0.30327,-0.32805,-0.23837,-0.46438,-0.39796,-0.32698,-0.28985,-0.49824
-0.39269,-0.37562,0.08969,-0.32010,-0.31702,-0.38991,-0.33092,-0.27905,-0.50230,-0.43593,-0.32790,-0.30993,-0.54316
-0.40883,-0.32531,0.12190,-0.16591,-0.24985,-0.27089,-0.32419,-0.23696,-0.49445,-0.34043,-0.30556,-0.29153,-0.57330
-0.42445,-0.47512,0.10874,-0.63825,-0.41191,-0.46562,-0.42342,-0.32538,-0.58465,-0.46824,-0.35135,-0.45595,-0.62641
-0.43937,-0.46380,0.09380,-0.51665,-0.43223,-0.45869,-0.37843,-0.34736,-0.59408,-0.48515,-0.36115,-0.43936,-0.62490
-0.45352,-0.49316,0.09995,-0.62350,-0.49419,-0.42411,-0.40278,-0.39954,-0.59923,-0.47896,-0.36621,-0.49612,-0.64694
-0.46684,-0.46148,0.08242,-0.41060,-0.45738,-0.45853,-0.37459,-0.41966,-0.60332,-0.47098,-0.37872,-0.43332,-0.60769
-0.47915,-0.46545,0.08617,-0.41887,-0.46603,-0.36898,-0.41437,-0.43978,-0.60148,-0.48847,-0.36089,-0.48244,-0.61320
-0.49033,-0.47051,0.07952,-0.50501,-0.41584,-0.50414,-0.39937,-0.37482,-0.55597,-0.50290,-0.36476,-0.47843,-0.60386
-0.50034,-0.52078,0.08342,-0.60931,-0.47976,-0.54050,-0.40189,-0.47610,-0.58686,-0.53114,-0.38553,-0.56849,-0.62824
-0.50905,-0.51866,0.08157,-0.57721,-0.44730,-0.53894,-0.45532,-0.45106,-0.64321,-0.52256,-0.38951,-0.54576,-0.61576
-0.51631,-0.47609,0.08476,-0.49001,-0.42574,-0.45623,-0.36089,-0.41278,-0.60091,-0.52523,-0.37061,-0.53374,-0.58476
-0.52208,-0.50517,0.08923,-0.47323,-0.51401,-0.43248,-0.42638,-0.50642,-0.66595,-0.52505,-0.36768,-0.51805,-0.62246
-0.52628,-0.41755,0.09894,-0.29959,-0.35210,-0.35310,-0.35306,-0.36858,-0.57233,-0.46653,-0.35923,-0.47013,-0.58087
-0.52882,-0.47025,0.08926,-0.45738,-0.44091,-0.40537,-0.37323,-0.39905,-0.61844,-0.50029,-0.37657,-0.53284,-0.59841
-0.52964,-0.49944,0.09295,-0.49612,-0.50493,-0.36184,-0.43543,-0.49530,-0.65458,-0.53197,-0.38216,-0.50717,-0.62486
-0.52868,-0.55889,0.10384,-0.73917,-0.51604,-0.54023,-0.48262,-0.57839,-0.66741,-0.54342,-0.37042,-0.51215,-0.63909
-0.52593,-0.52978,0.08924,-0.65119,-0.51156,-0.55334,-0.44442,-0.53456,-0.60996,-0.53205,-0.35732,-0.47555,-0.62787
-0.52136,-0.51518,0.13088,-0.80342,-0.45181,-0.48238,-0.42086,-0.47572,-0.62880,-0.46632,-0.33768,-0.48222,-0.60261
-0.51497,-0.47777,0.13699,-0.79218,-0.39417,-0.36155,-0.49605,-0.37920,-0.56748,-0.43890,-0.33944,-0.43588,-0.57284
-0.50680,-0.49114,0.12989,-0.77873,-0.44079,-0.35718,-0.51663,-0.49456,-0.57942,-0.42354,-0.34371,-0.40513,-0.57170
-0.49688,-0.53177,0.14742,-0.84951,-0.50229,-0.31738,-0.51667,-0.53942,-0.65287,-0.47271,-0.37064,-0.51022,-0.58601
-0.48523,-0.50867,0.13216,-0.70499,-0.47426,-0.28496,-0.53133,-0.55629,-0.66868,-0.45354,-0.34449,-0.47174,-0.59638
-0.47215,-0.54162,0.13379,-0.77265,-0.51230,-0.42436,-0.51790,-0.57755,-0.74192,-0.42610,-0.37117,-0.47023,-0.60202
-0.45756,-0.47362,0.12866,-0.67627,-0.38131,-0.31884,-0.52176,-0.47752,-0.62470,-0.44224,-0.34412,-0.34720,-0.60227
-0.44144,-0.45269,0.12753,-0.64549,-0.46865,-0.22255,-0.52228,-0.45284,-0.56280,-0.40255,-0.33930,-0.34648,-0.56392
-0.42411,-0.47310,0.12957,-0.71993,-0.49063,-0.28197,-0.49818,-0.49000,-0.57727,-0.39056,-0.32530,-0.39842,-0.55875
-0.40569,-0.36615,0.10061,-0.50675,-0.32592,-0.19924,-0.44803,-0.37219,-0.45887,-0.37609,-0.26460,-0.26586,-0.44397
-0.38619,-0.48016,0.10772,-0.64709,-0.50236,-0.38492,-0.52131,-0.54645,-0.55354,-0.40377,-0.33749,-0.33443,-0.57021
-0.36595,-0.33131,0.08545,-0.36411,-0.30114,-0.21059,-0.38157,-0.26198,-0.40874,-0.36924,-0.33027,-0.21213,-0.47337
-0.34521,-0.33676,0.10896,-0.47379,-0.25088,-0.16969,-0.38955,-0.27453,-0.44329,-0.34520,-0.33048,-0.21374,-0.47649
-0.32393,-0.27512,0.08582,-0.25342,-0.23120,-0.11829,-0.32192,-0.25520,-0.40662,-0.34642,-0.31300,-0.17549,-0.32960
-0.30257,-0.23119,0.07637,-0.17631,-0.19785,-0.09555,-0.30735,-0.23273,-0.23006,-0.34755,-0.30392,-0.16309,-0.25747
-0.28137,-0.20548,0.07475,-0.16030,-0.16852,-0.10773,-0.26914,-0.20557,-0.22293,-0.31453,-0.32031,-0.13757,-0.14819
-0.26030,-0.16543,0.08625,-0.09682,-0.06593,-0.09520,-0.21948,-0.20235,-0.09581,-0.30659,-0.28094,-0.09962,-0.19162
-0.23966,-0.14826,0.07761,-0.10415,-0.11548,-0.08455,-0.20333,-0.17751,-0.09553,-0.28851,-0.24111,-0.03896,-0.13347
-0.21993,-0.07618,0.07629,-0.09664,-0.09515,0.00036,-0.11343,-0.14930,0.02767,-0.14596,-0.18625,0.00555,-0.00862
-0.20131,-0.09859,0.07419,-0.11462,-0.11941,-0.00637,-0.14022,-0.15438,-0.01625,-0.18452,-0.19914,-0.00920,-0.04181
-0.18396,-0.12018,0.06602,-0.12659,-0.07491,-0.05133,-0.13772,-0.15613,-0.02461,-0.21490,-0.21987,-0.06819,-0.12761
-0.16793,-0.11556,0.06800,-0.12102,-0.07021,-0.03067,-0.13469,-0.14962,-0.04939,-0.20889,-0.23564,-0.06316,-0.09235
-0.15364,-0.09281,0.07436,-0.13954,-0.04373,0.00158,-0.11091,-0.13231,-0.00821,-0.18444,-0.21444,-0.04522,-0.05086
-0.14129,-0.08974,0.09232,-0.10629,-0.01746,-0.01379,-0.10802,-0.13446,0.06630,-0.21139,-0.24022,-0.07570,-0.05632
-0.13087,-0.08892,0.07888,-0.09318,-0.01545,-0.02750,-0.12272,-0.13656,0.02432,-0.17677,-0.23202,-0.05921,-0.05012
-0.12258,-0.07740,0.08436,-0.11570,0.02322,0.00351,-0.12235,-0.11213,0.03114,-0.17271,-0.21587,-0.06580,-0.02729
-0.11666,-0.11101,0.07318,-0.10573,-0.14568,-0.00184,-0.12332,-0.13173,-0.04008,-0.18788,-0.23166,-0.12488,-0.01733
-0.11319,-0.14121,0.06627,-0.14083,-0.11422,-0.06515,-0.15896,-0.15257,-0.09848,-0.24188,-0.26187,-0.10660,-0.07156
-0.11216,-0.12980,0.05906,-0.14018,-0.11111,-0.07722,-0.09581,-0.12956,-0.06497,-0.22961,-0.23781,-0.10144,-0.11027
-0.11362,-0.16730,0.06173,-0.15454,-0.11651,-0.08175,-0.13334,-0.14741,-0.25490,-0.25826,-0.24063,-0.13395,-0.15170
-0.11759,-0.15761,0.06140,-0.13796,-0.08679,-0.04466,-0.14778,-0.14136,-0.20089,-0.23265,-0.23536,-0.14877,-0.19983
-0.12402,-0.13082,0.05380,-0.12131,-0.07011,-0.05609,-0.12032,-0.13507,-0.11579,-0.15800,-0.25479,-0.14607,-0.13064
-0.13290,-0.06982,0.04509,-0.09847,-0.04291,-0.02271,-0.06203,-0.09664,-0.01202,-0.07082,-0.14245,-0.12548,-0.02463
-0.14404,-0.12877,0.05983,-0.13411,-0.10352,-0.02102,-0.10676,-0.16715,-0.13994,-0.19510,-0.20546,-0.16501,-0.04965
-0.15727,-0.15239,0.06716,-0.12991,-0.13089,-0.07374,-0.19499,-0.19529,-0.19345,-0.19139,-0.22770,-0.17671,-0.00984
-0.17246,-0.21115,0.11829,-0.13870,-0.19036,-0.09613,-0.37879,-0.25364,-0.36785,-0.24001,-0.24797,-0.21139,0.01330
-0.18954,-0.17008,0.10077,-0.10876,-0.12413,-0.07734,-0.32593,-0.18738,-0.23687,-0.25781,-0.20888,-0.19828,0.02454
-0.20826,-0.23475,0.09663,-0.16244,-0.18647,-0.23615,-0.37236,-0.21046,-0.35841,-0.26347,-0.26303,-0.25861,-0.03611
-0.22813,-0.18352,0.09112,-0.09612,-0.16548,-0.15546,-0.30162,-0.17601,-0.18620,-0.28857,-0.24637,-0.22387,0.00450
-0.24889,-0.17318,0.07962,-0.09616,-0.12673,-0.17585,-0.26490,-0.17696,-0.16851,-0.28082,-0.23058,-0.19649,-0.01479
-0.27047,-0.13160,0.08476,-0.09297,-0.13912,-0.05872,-0.21290,-0.12318,-0.11593,-0.23031,-0.21752,-0.17278,0.04743
-0.29256,-0.18705,0.09180,-0.08518,-0.19640,-0.18760,-0.30245,-0.16536,-0.16213,-0.31063,-0.23176,-0.22212,-0.00685
-0.31453,-0.17855,0.11941,-0.05167,-0.10676,-0.40147,-0.26356,-0.17016,-0.10067,-0.22903,-0.21165,-0.25698,0.00643
-0.33603,-0.25689,0.08890,-0.12492,-0.23501,-0.31626,-0.31963,-0.20292,-0.25384,-0.37804,-0.23307,-0.37003,-0.13523
-0.35702,-0.29624,0.07210,-0.12889,-0.26870,-0.32992,-0.37764,-0.24308,-0.28891,-0.35456,-0.29368,-0.35254,-0.32451
-0.37714,-0.29887,0.09416,-0.10122,-0.23900,-0.33317,-0.37313,-0.22502,-0.38353,-0.42741,-0.29327,-0.28243,-0.33055
-0.39564,-0.27672,0.14055,-0.01113,-0.19894,-0.21808,-0.34509,-0.17715,-0.37206,-0.47405,-0.22748,-0.28589,-0.45739
-0.41231,-0.20741,0.10690,-0.05535,-0.07040,-0.08737,-0.30158,-0.19036,-0.30108,-0.33393,-0.20543,-0.20902,-0.31961
-0.42707,-0.12257,0.07358,-0.01699,-0.02848,-0.03859,-0.09003,-0.17890,-0.16455,-0.22888,-0.15382,-0.17203,-0.15340
-0.43960,-0.13871,0.07021,-0.01234,-0.06333,-0.11560,-0.14462,-0.19650,-0.15078,-0.26107,-0.13171,-0.19479,-0.11638
-0.44959,-0.28658,0.10843,-0.20311,-0.14845,-0.24611,-0.36369,-0.24807,-0.29908,-0.37626,-0.18878,-0.27588,-0.51640
-0.33928,-0.34579,0.07570,-0.29673,-0.24235,-0.34359,-0.37173,-0.29367,-0.41422,-0.43305,-0.26742,-0.32250,-0.47266
-0.43865,-0.40361,0.09989,-0.27579,-0.42063,-0.33353,-0.46255,-0.33461,-0.41930,-0.55531,-0.25950,-0.45614,-0.51869
-0.53834,-0.45749,0.09193,-0.38855,-0.40996,-0.42332,-0.47190,-0.38921,-0.55522,-0.52315,-0.29123,-0.56285,-0.55954
-0.63278,-0.48713,0.07833,-0.54231,-0.53305,-0.42047,-0.45481,-0.39460,-0.56425,-0.53244,-0.35178,-0.58547,-0.49206
-0.72048,-0.42564,0.08971,-0.30316,-0.57996,-0.40346,-0.40275,-0.50927,-0.50497,-0.44008,-0.31064,-0.44937,-0.35269
-0.79993,-0.53142,0.10110,-0.34598,-0.66206,-0.54276,-0.42181,-0.65447,-0.60652,-0.56935,-0.48221,-0.55433,-0.47470
-0.72317,-0.74640,0.09948,-0.62684,-0.78257,-0.77575,-0.61905,-0.81045,-0.83486,-0.91730,-0.62962,-0.70830,-0.75923
-0.87745,-0.90176,0.08975,-0.80284,-0.98177,-0.88807,-0.92738,-0.86733,-1.00812,-1.01262,-0.79783,-0.77283,-0.95883
-1.02332,-1.04963,0.10225,-0.98102,-1.09459,-0.96274,-1.11046,-1.04963,-1.19752,-1.15133,-0.87910,-0.95013,-1.11978
-1.15641,-1.03006,0.11644,-0.98839,-1.02922,-1.00242,-1.10739,-1.16203,-1.01176,-1.20276,-0.94321,-0.79060,-1.06280
-1.27344,-1.09305,0.12019,-1.09596,-1.09773,-1.08855,-1.20296,-1.22241,-0.91914,-1.30379,-0.98562,-0.99738,-1.01700
-1.37115,-1.19802,0.17340,-1.19513,-1.13299,-1.24758,-1.23743,-1.30938,-0.97146,-1.44693,-0.98423,-1.43879,-1.01632
-1.23057,-1.38655,0.15249,-1.45982,-1.27981,-1.39711,-1.38002,-1.50199,-1.34850,-1.59035,-1.14608,-1.57861,-1.18325
-1.38306,-1.58153,0.14471,-1.70768,-1.57184,-1.48034,-1.61584,-1.65188,-1.66519,-1.73906,-1.27953,-1.67714,-1.42681
-1.52095,-1.67552,0.15354,-1.81063,-1.82285,-1.52909,-1.67415,-1.76159,-1.81743,-1.72348,-1.36985,-1.72787,-1.51824
-1.63491,-1.64592,0.14316,-1.64992,-1.83131,-1.59374,-1.47228,-1.77644,-1.83090,-1.64940,-1.39606,-1.66803,-1.59116
-1.72540,-1.59269,0.14521,-1.56301,-1.77483,-1.55876,-1.46669,-1.68395,-1.75837,-1.67729,-1.35807,-1.67672,-1.40925
-1.79345,-1.55873,0.14139,-1.47464,-1.71635,-1.48019,-1.49825,-1.65131,-1.73232,-1.67732,-1.39330,-1.63386,-1.32980
-1.83925,-1.56141,0.15107,-1.49919,-1.72088,-1.44820,-1.51670,-1.67953,-1.65643,-1.71321,-1.40612,-1.68697,-1.28687
-1.65211,-1.66896,0.14710,-1.63863,-1.83171,-1.60926,-1.50855,-1.83531,-1.80088,-1.78158,-1.47352,-1.73532,-1.47484
-1.75044,-1.74181,0.12894,-1.79289,-1.86634,-1.74485,-1.55428,-1.90100,-1.82959,-1.83996,-1.59149,-1.73185,-1.56583
-1.82677,-1.75208,0.18097,-1.74168,-1.86668,-1.79453,-1.52762,-2.02610,-1.85256,-1.83636,-1.71596,-1.77495,-1.38438
-1.88071,-1.65104,0.16360,-1.60263,-1.76597,-1.75348,-1.43371,-1.91043,-1.78175,-1.68877,-1.57526,-1.62161,-1.37682
-1.91195,-1.61059,0.14083,-1.46947,-1.68594,-1.62377,-1.42138,-1.89762,-1.72182,-1.66009,-1.59052,-1.54954,-1.48573
-1.92027,-1.58856,0.13224,-1.41931,-1.65369,-1.59484,-1.44267,-1.82446,-1.70219,-1.69340,-1.54630,-1.56629,-1.44243
-1.90555,-1.60584,0.12914,-1.42343,-1.66929,-1.60667,-1.44013,-1.80289,-1.77225,-1.68235,-1.51798,-1.60986,-1.53356
-1.67411,-1.64780,0.12753,-1.50011,-1.71371,-1.64694,-1.46725,-1.86858,-1.82218,-1.61392,-1.63488,-1.64719,-1.56324
-1.71284,-1.61464,0.14488,-1.43152,-1.57928,-1.68052,-1.43776,-1.75361,-1.87419,-1.51362,-1.74128,-1.59057,-1.54399
-1.72847,-1.55748,0.15692,-1.34939,-1.46082,-1.62368,-1.37290,-1.54617,-1.86503,-1.50987,-1.73876,-1.53604,-1.57215
-1.72084,-1.36843,0.14939,-1.22469,-1.24915,-1.54552,-1.32135,-1.37768,-1.70668,-1.30734,-1.28200,-1.38203,-1.28782
-1.68988,-1.31887,0.16354,-1.21420,-1.27908,-1.51831,-1.22608,-1.17353,-1.69500,-1.26908,-1.30728,-1.19864,-1.30747
-1.63565,-1.22063,0.15557,-1.07497,-1.20077,-1.40414,-1.20036,-1.03119,-1.55829,-1.25230,-1.18118,-1.15915,-1.14399
-1.55828,-1.25053,0.10643,-1.20072,-1.23311,-1.36129,-1.16671,-1.13451,-1.49684,-1.25070,-1.22710,-1.17868,-1.25565
-1.30123,-1.19437,0.12544,-1.15785,-1.18102,-1.38397,-1.11075,-1.04111,-1.41489,-1.21080,-1.13596,-1.05864,-1.24866
-1.27845,-1.16210,0.14215,-1.11564,-1.03731,-1.38053,-1.12813,-1.03765,-1.40663,-1.07691,-1.06447,-1.08210,-1.29168
-1.24203,-1.01859,0.13810,-1.03976,-0.97982,-1.31139,-0.93369,-0.84805,-1.16727,-0.88099,-0.95555,-1.00197,-1.06743
-1.18852,-0.86197,0.13201,-0.80749,-0.96517,-1.12731,-0.72404,-0.73087,-0.94502,-0.74735,-0.75795,-0.93588,-0.87864
-1.11769,-0.68962,0.10888,-0.50587,-0.79203,-0.86888,-0.63456,-0.65614,-0.70830,-0.70435,-0.55179,-0.76935,-0.70490
-1.03116,-0.73279,0.11698,-0.57379,-0.82204,-0.89998,-0.64407,-0.71662,-0.79065,-0.71890,-0.53864,-0.80278,-0.82047
-0.75263,-0.71929,0.13531,-0.56858,-0.80135,-0.92688,-0.65389,-0.70695,-0.76195,-0.68550,-0.46682,-0.76321,-0.85774
-0.74749,-0.70402,0.12595,-0.61298,-0.71131,-0.79651,-0.61437,-0.73707,-0.87978,-0.60261,-0.48169,-0.74295,-0.86092
-0.73710,-0.65579,0.14049,-0.75251,-0.53700,-0.77777,-0.54847,-0.63898,-0.86561,-0.57674,-0.40046,-0.70829,-0.75210
-0.71786,-0.41538,0.09997,-0.34923,-0.38117,-0.31611,-0.42518,-0.31302,-0.57792,-0.43284,-0.33218,-0.43810,-0.58804
-0.69022,-0.39479,0.10049,-0.33194,-0.40875,-0.26535,-0.41692,-0.28350,-0.53190,-0.46636,-0.31092,-0.37674,-0.55548
-0.65478,-0.45827,0.08632,-0.38950,-0.43959,-0.56442,-0.45932,-0.32272,-0.51064,-0.49826,-0.35072,-0.46108,-0.58641
-0.46323,-0.52895,0.08607,-0.43957,-0.54235,-0.60649,-0.50560,-0.44284,-0.58860,-0.53433,-0.38124,-0.60206,-0.64634
-0.51972,-0.52282,0.09401,-0.37894,-0.58893,-0.54479,-0.50967,-0.46907,-0.56081,-0.54285,-0.36655,-0.64457,-0.62198
-0.57504,-0.57819,0.10108,-0.52343,-0.56601,-0.51654,-0.56920,-0.53198,-0.71760,-0.58433,-0.38962,-0.65968,-0.72352
-0.62451,-0.47775,0.07651,-0.40966,-0.45606,-0.46176,-0.48852,-0.42659,-0.55503,-0.57490,-0.33745,-0.49373,-0.57384
-0.66727,-0.36437,0.10435,-0.24465,-0.39114,-0.23751,-0.40465,-0.36363,-0.39201,-0.57081,-0.23065,-0.38473,-0.42394
-0.70211,-0.52780,0.08983,-0.40500,-0.52453,-0.45401,-0.53681,-0.63792,-0.56647,-0.64755,-0.38339,-0.53915,-0.58317
-0.62438,-0.58806,0.08969,-0.41058,-0.51237,-0.65987,-0.60002,-0.61849,-0.63759,-0.68750,-0.47964,-0.63724,-0.63734
-0.74750,-0.76123,0.07401,-0.64223,-0.71113,-0.87701,-0.72471,-0.76066,-0.87282,-0.73288,-0.73288,-0.73903,-0.81897
-0.86259,-0.85661,0.05684,-0.86270,-0.85991,-0.95119,-0.91858,-0.78173,-0.89433,-0.80736,-0.83314,-0.78026,-0.87693
-0.96629,-0.90998,0.08235,-0.93696,-1.01653,-0.91577,-0.98313,-0.84169,-1.03801,-0.83982,-0.85290,-0.79372,-0.88127
-1.05391,-0.98550,0.08985,-0.96155,-1.10274,-0.99709,-1.01486,-0.86959,-1.12778,-0.97215,-0.94885,-0.84068,-1.01973
-1.12385,-1.05185,0.10041,-1.05883,-1.10885,-1.16272,-1.04591,-0.91131,-1.19198,-1.08626,-0.94206,-0.90999,-1.10055
-1.17488,-1.10243,0.12066,-1.05446,-1.16460,-1.36282,-1.07322,-0.91480,-1.18480,-1.10616,-1.07552,-0.98638,-1.10150
-1.20676,-1.14534,0.12329,-1.16462,-1.23174,-1.38332,-1.07835,-0.99656,-1.22982,-1.19971,-1.08583,-0.96895,-1.11447
-1.21819,-1.14995,0.13685,-1.04872,-1.23959,-1.43007,-1.06452,-1.07180,-1.21365,-1.24725,-1.13698,-0.94379,-1.10308
-1.20899,-1.20807,0.11196,-1.22323,-1.34809,-1.43057,-1.05829,-1.18449,-1.20263,-1.19075,-1.18722,-1.06943,-1.18597
-1.17955,-1.17841,0.08428,-1.15255,-1.11091,-1.39186,-1.18394,-1.15813,-1.14287,-1.23641,-1.14626,-1.16568,-1.09549
-1.13059,-1.05504,0.08547,-0.98960,-0.99803,-1.14248,-1.06045,-1.12127,-1.00187,-1.23008,-0.95282,-1.00878,-1.04500
-1.06360,-1.10473,0.10966,-1.14297,-1.03516,-1.27392,-1.06995,-1.12803,-1.13280,-1.26870,-0.91691,-1.03402,-1.04479
-0.98021,-0.97898,0.07960,-0.99708,-0.93321,-1.10201,-0.98071,-1.09606,-0.96243,-0.96491,-0.84332,-0.90147,-1.00860
-0.88179,-0.83358,0.10202,-0.86340,-0.71334,-1.01958,-0.80361,-0.81691,-0.81260,-0.98474,-0.72106,-0.75349,-0.84707
-0.77052,-0.65650,0.08468,-0.60088,-0.53978,-0.62518,-0.72478,-0.63249,-0.66104,-0.84621,-0.63688,-0.59842,-0.69938
-0.64956,-0.60253,0.05241,-0.59464,-0.50757,-0.61544,-0.55241,-0.58545,-0.63849,-0.69971,-0.57872,-0.61593,-0.63695
-0.52151,-0.39224,0.09455,-0.39557,-0.27368,-0.43011,-0.36886,-0.39869,-0.44728,-0.47157,-0.52483,-0.19971,-0.41210
-0.38821,-0.29173,0.08918,-0.35180,-0.18939,-0.22846,-0.33845,-0.21249,-0.37493,-0.25268,-0.41176,-0.17418,-0.38314
-0.25256,-0.13818,0.09196,-0.27369,-0.19636,-0.04252,-0.19889,-0.04021,-0.07842,-0.19336,-0.23130,-0.11590,-0.01114
-0.11852,-0.03612,0.11479,-0.22018,-0.07762,0.09483,-0.14091,0.04584,0.06273,0.02245,-0.18720,-0.03505,0.07396
0.01091,0.00598,0.13499,-0.29515,-0.04287,0.11302,0.00604,0.09694,0.12742,0.13941,-0.10681,-0.04334,0.06517
0.13370,0.15698,0.11138,-0.10257,0.13828,0.30017,0.20398,0.18903,0.18766,0.27395,0.08384,0.14323,0.15225
0.24675,0.21925,0.09237,0.05788,0.18415,0.31296,0.22827,0.29074,0.20465,0.37618,0.23602,0.17399,0.12771
0.34628,0.21203,0.12591,0.06788,0.35921,0.30312,0.30506,0.22953,0.16497,0.40091,0.11876,0.03889,0.13198
0.42994,0.32790,0.09785,0.19119,0.48205,0.29150,0.37833,0.36744,0.22847,0.39272,0.33072,0.41652,0.20007
0.49639,0.38951,0.15274,0.17666,0.51434,0.56216,0.49780,0.38050,0.22476,0.54804,0.32678,0.48141,0.18261
0.54383,0.43747,0.15517,0.26208,0.52816,0.64436,0.63971,0.42829,0.25175,0.46685,0.36456,0.55187,0.23709
0.57053,0.50198,0.10849,0.33802,0.65451,0.54698,0.62876,0.45506,0.42865,0.52473,0.40952,0.61827,0.41526
0.57627,0.41536,0.15107,0.26014,0.66988,0.51981,0.41075,0.44151,0.21351,0.51885,0.42227,0.49752,0.19938
0.56098,0.42822,0.14153,0.35081,0.64997,0.44230,0.51229,0.41766,0.25221,0.38247,0.40856,0.63816,0.22773
0.52511,0.37813,0.11202,0.36233,0.61311,0.42334,0.38153,0.35190,0.22897,0.28839,0.35706,0.49649,0.27821
0.46971,0.41964,0.13949,0.27378,0.62269,0.46509,0.38931,0.44761,0.23976,0.44202,0.43858,0.63230,0.24528
0.39568,0.33325,0.18363,0.28914,0.68992,0.32287,0.28213,0.17143,0.22448,0.22973,0.31467,0.64126,0.16691
0.30460,0.21184,0.13133,0.06778,0.49755,0.29396,0.10464,0.16361,0.14317,0.12923,0.23994,0.33531,0.14324
0.19972,0.07820,0.08270,0.02563,0.08138,0.16263,0.04121,0.04960,0.06500,-0.09155,0.20759,0.13029,0.11018
0.08370,0.00674,0.08546,-0.00818,0.08011,0.15407,-0.00976,-0.08111,-0.10706,-0.09221,0.08729,0.00305,0.04123
-0.04101,-0.07375,0.09103,-0.00481,0.04572,0.03739,-0.14552,-0.15914,-0.21149,-0.11117,0.01439,-0.12468,-0.07823
-0.17286,-0.25277,0.10246,-0.13320,-0.22106,-0.17071,-0.25870,-0.23415,-0.46659,-0.28447,-0.16022,-0.22043,-0.37814
-0.30852,-0.39187,0.08697,-0.31539,-0.36833,-0.31963,-0.43212,-0.30665,-0.50001,-0.51590,-0.35344,-0.30681,-0.50041
-0.44338,-0.50928,0.09527,-0.37719,-0.41944,-0.44041,-0.55680,-0.50193,-0.58655,-0.62810,-0.39120,-0.58589,-0.60524
-0.57444,-0.64769,0.07623,-0.49106,-0.68847,-0.73489,-0.60877,-0.68981,-0.69288,-0.67447,-0.54378,-0.67819,-0.67458
-0.70011,-0.70220,0.08139,-0.52896,-0.71585,-0.85920,-0.64303,-0.71412,-0.71750,-0.72579,-0.69222,-0.71530,-0.71008
-0.81733,-0.79531,0.09586,-0.66099,-0.73326,-0.97141,-0.70592,-0.81929,-0.87949,-0.77986,-0.74014,-0.76718,-0.89562
-0.92108,-0.93609,0.11696,-0.81156,-0.90588,-1.09836,-0.91534,-0.88837,-1.12043,-0.89150,-0.83354,-0.82367,-1.07223
-1.00980,-0.98253,0.13421,-0.87873,-0.88076,-1.19710,-1.00024,-0.93694,-1.17339,-0.93568,-0.84231,-0.85942,-1.12076
-1.08148,-1.00453,0.11779,-0.92097,-0.93002,-1.20645,-1.03977,-0.94379,-1.16652,-0.92790,-0.88856,-0.90824,-1.11312
-1.13365,-1.02368,0.12580,-0.93058,-0.91620,-1.25207,-1.06062,-0.93612,-1.19450,-0.93845,-0.91011,-0.97703,-1.12114
-1.16364,-0.98914,0.13562,-0.86090,-0.91585,-1.26323,-1.04718,-0.86569,-1.11215,-0.95418,-0.87299,-0.89976,-1.09940
-1.17116,-0.97418,0.12931,-0.83023,-0.95142,-1.23288,-0.97653,-0.86108,-1.09508,-0.94605,-0.81440,-0.96748,-1.06665
-1.15660,-0.85696,0.12500,-0.66273,-0.87085,-1.12789,-0.86867,-0.82828,-0.91328,-0.82218,-0.71692,-0.83850,-0.92025
-1.12051,-0.81459,0.11989,-0.68263,-0.84380,-1.08506,-0.78186,-0.73165,-0.82917,-0.85829,-0.65308,-0.82489,-0.85552
-1.06390,-0.66034,0.10436,-0.49743,-0.67706,-0.74707,-0.60776,-0.57462,-0.75485,-0.75942,-0.50943,-0.74154,-0.73418
-0.98890,-0.65653,0.11640,-0.43649,-0.68987,-0.81432,-0.63815,-0.62311,-0.69812,-0.73264,-0.48684,-0.70128,-0.74447
-0.89681,-0.77883,0.08638,-0.79014,-0.82340,-0.90801,-0.69830,-0.68738,-0.84023,-0.82773,-0.61985,-0.76985,-0.82340
-0.72304,-0.67425,0.09867,-0.70185,-0.77820,-0.78255,-0.60265,-0.63039,-0.72472,-0.73275,-0.44812,-0.66201,-0.67929
-0.68026,-0.48260,0.09684,-0.47128,-0.44671,-0.55350,-0.58757,-0.55330,-0.47567,-0.60639,-0.31933,-0.34203,-0.47022
-0.62960,-0.32563,0.11928,-0.14148,-0.33196,-0.38342,-0.47039,-0.33177,-0.39857,-0.51083,-0.25113,-0.24653,-0.19024
-0.57058,-0.38330,0.12745,-0.21241,-0.32372,-0.50072,-0.58868,-0.43587,-0.42578,-0.50683,-0.26826,-0.33647,-0.23427
-0.50459,-0.34839,0.12409,-0.21712,-0.26698,-0.58622,-0.45854,-0.38570,-0.34214,-0.45841,-0.26400,-0.31126,-0.19349
-0.37280,-0.31040,0.09627,-0.31013,-0.28479,-0.43274,-0.34862,-0.31308,-0.44200,-0.38977,-0.20632,-0.22013,-0.15639
-0.37563,-0.22791,0.10687,-0.11526,-0.27163,-0.33981,-0.29117,-0.26532,-0.31827,-0.33264,-0.14048,-0.17938,-0.02508
-0.37810,-0.15276,0.10333,-0.08441,-0.22236,-0.23003,-0.27240,-0.14940,-0.14004,-0.28088,0.02232,-0.15559,-0.01477
-0.37857,-0.24976,0.09945,-0.12483,-0.29262,-0.37062,-0.33964,-0.17331,-0.36993,-0.29421,-0.09214,-0.21628,-0.22400
-0.37692,-0.37416,0.10745,-0.20273,-0.33171,-0.48540,-0.44052,-0.24896,-0.50326,-0.41142,-0.28341,-0.34532,-0.48883
-0.33140,-0.32644,0.08811,-0.18818,-0.29820,-0.43602,-0.35068,-0.22602,-0.47601,-0.32329,-0.26876,-0.33155,-0.36566
-0.40225,-0.37694,0.11525,-0.21576,-0.41325,-0.53623,-0.33852,-0.23394,-0.50943,-0.36346,-0.29426,-0.34786,-0.51671
-0.47210,-0.37197,0.11276,-0.22870,-0.46798,-0.33761,-0.30146,-0.24628,-0.55692,-0.42306,-0.30233,-0.34150,-0.51387
-0.53692,-0.48174,0.11424,-0.35312,-0.54158,-0.53229,-0.51059,-0.29274,-0.63016,-0.60508,-0.37132,-0.42452,-0.55597
-0.49283,-0.62545,0.09833,-0.49921,-0.67538,-0.75631,-0.58732,-0.60432,-0.71698,-0.73896,-0.46176,-0.58662,-0.62769
-0.61989,-0.78921,0.08162,-0.72239,-0.85598,-0.91698,-0.72020,-0.76484,-0.85282,-0.83404,-0.67239,-0.70802,-0.84448
-0.74097,-0.89385,0.10673,-0.96659,-0.88716,-1.11535,-0.83217,-0.81822,-0.91619,-0.89497,-0.75488,-0.78116,-0.97185
-0.84930,-0.91738,0.10452,-1.01053,-0.94254,-1.10563,-0.97242,-0.83879,-0.92748,-0.97428,-0.79929,-0.79206,-0.81075
-0.94207,-0.93443,0.09560,-1.07792,-0.93634,-1.05275,-1.02815,-0.85497,-0.92659,-0.96945,-0.82029,-0.83830,-0.83955
-0.91551,-0.97771,0.10706,-1.13327,-0.91983,-1.09928,-1.11526,-0.86095,-0.99666,-0.99846,-0.90077,-0.89884,-0.85380
-1.04745,-1.07321,0.10774,-1.19106,-1.01417,-1.19151,-1.25301,-0.93352,-1.08925,-1.08234,-0.99356,-1.01762,-0.96603
-1.16095,-1.10591,0.14058,-1.15390,-1.00680,-1.36465,-1.30919,-1.01663,-1.09500,-1.15571,-1.01913,-0.99993,-0.93817
-1.25048,-1.19232,0.11001,-1.21553,-1.23032,-1.36654,-1.35822,-1.11316,-1.13248,-1.18802,-1.20447,-1.09282,-1.02161
-1.31442,-1.27846,0.09120,-1.19654,-1.26939,-1.38493,-1.35196,-1.30091,-1.25788,-1.25913,-1.41709,-1.23943,-1.10732
-1.24115,-1.33951,0.07735,-1.24061,-1.38385,-1.41005,-1.34912,-1.25227,-1.32081,-1.38989,-1.46157,-1.35422,-1.23267
-1.32656,-1.35551,0.11769,-1.22588,-1.30791,-1.53549,-1.32419,-1.31994,-1.52582,-1.35000,-1.45697,-1.32929,-1.17965
-1.38667,-1.37621,0.14542,-1.25860,-1.33842,-1.62719,-1.27830,-1.36482,-1.58055,-1.34140,-1.50330,-1.27494,-1.19463
-1.41722,-1.33235,0.12227,-1.24904,-1.44064,-1.50866,-1.28330,-1.29660,-1.48421,-1.35764,-1.37142,-1.18260,-1.14942
-1.41814,-1.37783,0.14370,-1.28430,-1.67395,-1.49071,-1.29299,-1.39274,-1.45847,-1.37707,-1.40448,-1.19685,-1.20674
-1.27032,-1.36587,0.14626,-1.39068,-1.65057,-1.48378,-1.25951,-1.30675,-1.33488,-1.39578,-1.47408,-1.19653,-1.16612
-1.28876,-1.39662,0.15593,-1.36094,-1.66497,-1.54090,-1.25290,-1.27549,-1.34773,-1.35602,-1.62312,-1.23326,-1.31081
-1.28424,-1.46208,0.14467,-1.55708,-1.68204,-1.48941,-1.24621,-1.42998,-1.37852,-1.32856,-1.61614,-1.31692,-1.57596
-1.25436,-1.41726,0.13688,-1.46956,-1.61508,-1.47149,-1.30562,-1.45035,-1.20689,-1.20268,-1.47683,-1.42930,-1.54480
-1.19961,-1.16232,0.09854,-1.20244,-1.08952,-1.36255,-1.19906,-1.11371,-1.06623,-1.23543,-1.07151,-1.22192,-1.06080
-1.12185,-1.11513,0.10632,-1.16838,-1.03254,-1.21318,-1.04248,-1.19108,-1.20077,-1.19385,-0.87553,-1.10146,-1.13199
-1.02227,-1.00797,0.11774,-1.06188,-0.96651,-1.14226,-0.98052,-1.09223,-1.13778,-0.90730,-0.77961,-0.91890,-1.09269
-0.90365,-0.87723,0.11034,-1.03027,-0.79204,-1.01228,-0.85049,-0.89887,-0.91828,-0.90131,-0.65475,-0.79830,-0.91574
-0.77088,-0.78493,0.09146,-0.91679,-0.75708,-0.81985,-0.80894,-0.63436,-0.81859,-0.87916,-0.63777,-0.76645,-0.81028
-0.62715,-0.65823,0.08603,-0.77010,-0.60948,-0.74391,-0.57864,-0.55588,-0.74519,-0.58053,-0.57569,-0.68401,-0.73883
-0.47585,-0.45420,0.11481,-0.56323,-0.33402,-0.52370,-0.45881,-0.28900,-0.55347,-0.36890,-0.32477,-0.52727,-0.59887
-0.31874,-0.32039,0.09293,-0.49296,-0.22608,-0.34900,-0.32683,-0.17821,-0.41806,-0.29687,-0.25797,-0.28515,-0.37274
-0.16090,-0.22410,0.06134,-0.32725,-0.21116,-0.17505,-0.20723,-0.13540,-0.24456,-0.17411,-0.23793,-0.20862,-0.31974
-0.00799,-0.00411,0.11025,-0.11470,-0.10467,0.06102,-0.06887,0.07451,0.10567,0.21305,-0.06016,-0.08865,-0.05835
0.13646,0.06178,0.11980,-0.13560,0.07324,0.16526,0.08058,0.14342,0.09128,0.26028,0.06340,-0.03537,-0.08866
0.23126,0.28621,0.09011,0.23814,0.37275,0.24363,0.36633,0.30160,0.31064,0.42938,0.28619,0.16603,0.14740
0.38750,0.36870,0.14778,0.27244,0.54527,0.33387,0.62866,0.39358,0.23967,0.51061,0.28498,0.30689,0.17101
0.52481,0.25663,0.20726,0.16565,0.60610,0.32637,0.30273,0.34036,0.00168,0.47299,0.31294,0.10252,-0.06507
0.63886,0.47615,0.17512,0.33559,0.69510,0.68674,0.51630,0.46626,0.18629,0.67623,0.49773,0.40636,0.29488
0.72847,0.68432,0.13251,0.39598,0.73955,0.86258,0.68749,0.82122,0.66483,0.75175,0.56735,0.64031,0.71216
0.75737,0.70428,0.16938,0.34354,0.69946,0.85848,0.78225,0.89808,0.69096,0.84417,0.50716,0.74077,0.67796
0.82638,0.45228,0.16493,0.34206,0.58538,0.77486,0.52507,0.41564,0.14684,0.49206,0.45274,0.43012,0.35803
0.86653,0.60032,0.15027,0.39565,0.72248,0.82447,0.73501,0.46454,0.39561,0.65741,0.52435,0.59079,0.69294
0.87531,0.79779,0.15822,0.50943,0.78694,0.93910,0.94701,0.77500,0.97202,0.77462,0.58452,0.74842,0.94085
0.85241,0.77327,0.16497,0.48076,0.78842,0.91846,0.94509,0.73530,0.96868,0.70195,0.55914,0.73358,0.90131
0.77788,0.61510,0.17661,0.25152,0.70717,0.83544,0.77413,0.48817,0.69713,0.48720,0.51972,0.64493,0.74560
0.73352,0.52736,0.15576,0.23990,0.72621,0.63101,0.75039,0.46872,0.58355,0.50329,0.46075,0.53724,0.37252
0.66299,0.54512,0.12936,0.27551,0.60759,0.78863,0.61075,0.53588,0.58029,0.53871,0.45641,0.51097,0.54641
0.56786,0.51193,0.17484,0.29892,0.56092,0.90242,0.42627,0.48851,0.59009,0.48592,0.45745,0.61345,0.29534
0.40042,0.25010,0.10207,0.12605,0.36606,0.30187,0.26487,0.25125,0.26125,0.31718,0.34486,0.23723,0.03042
0.30094,0.11907,0.09968,0.00990,-0.04483,0.19476,0.20840,0.14602,0.16227,0.26162,0.16597,0.03030,0.05624
0.18679,0.08826,0.09299,-0.00646,-0.02729,0.16883,0.16059,0.07316,0.17530,0.24165,0.02205,-0.00064,0.07546
0.06047,-0.10085,0.09380,-0.08849,-0.16099,0.07689,0.01954,-0.05824,-0.23468,-0.11120,-0.18733,-0.13832,-0.12572
-0.07500,-0.23513,0.12816,-0.10309,-0.28339,-0.03693,-0.17655,-0.17759,-0.49283,-0.27447,-0.30010,-0.18538,-0.32102
-0.25811,-0.31652,0.15740,-0.20508,-0.32843,-0.14150,-0.20323,-0.17222,-0.61540,-0.35582,-0.33380,-0.26458,-0.54514
-0.36609,-0.47134,0.12257,-0.43300,-0.63775,-0.50031,-0.40602,-0.25144,-0.61097,-0.51107,-0.37176,-0.39449,-0.59658
-0.47117,-0.55359,0.09904,-0.60559,-0.71290,-0.49419,-0.39303,-0.52810,-0.65709,-0.57752,-0.44050,-0.50886,-0.61813
-0.57144,-0.65943,0.08612,-0.64430,-0.82266,-0.64366,-0.61406,-0.54971,-0.73389,-0.75260,-0.57636,-0.59325,-0.66382
-0.66439,-0.78308,0.10596,-0.84192,-0.94538,-0.91626,-0.73544,-0.69888,-0.86253,-0.67024,-0.65000,-0.70109,-0.80905
-0.77097,-0.89242,0.10133,-0.94628,-1.01334,-0.84433,-1.03859,-0.87355,-0.99008,-0.78747,-0.75113,-0.79085,-0.88855
-0.80384,-0.99153,0.09456,-1.13169,-1.09406,-0.99356,-1.05521,-0.99349,-1.01457,-1.02383,-0.86303,-0.87733,-0.86855
-0.82133,-0.89271,0.13253,-0.99578,-0.97506,-0.75131,-1.05413,-0.91398,-0.89907,-1.06394,-0.83522,-0.69325,-0.74536
-0.82437,-0.83729,0.08288,-0.93721,-0.89296,-0.80503,-0.93834,-0.83742,-0.86999,-0.88517,-0.78090,-0.70960,-0.71629
-0.84824,-0.73624,0.07777,-0.84178,-0.69726,-0.73389,-0.71667,-0.80037,-0.72693,-0.85226,-0.73517,-0.60966,-0.64845
-0.78301,-0.78418,0.08910,-0.94712,-0.66665,-0.84859,-0.79092,-0.81652,-0.72419,-0.88405,-0.73548,-0.72087,-0.70744
-0.70331,-0.65663,0.09464,-0.78270,-0.50235,-0.76215,-0.69454,-0.57308,-0.64597,-0.77060,-0.57492,-0.62103,-0.63901
-0.61242,-0.46259,0.15304,-0.45105,-0.06159,-0.60519,-0.51901,-0.51142,-0.51115,-0.40545,-0.55665,-0.44586,-0.55852
-0.51187,-0.40736,0.08780,-0.41800,-0.22178,-0.49787,-0.41901,-0.38585,-0.41701,-0.47891,-0.42104,-0.30547,-0.50865
-0.41823,-0.32534,0.08326,-0.43015,-0.17378,-0.38136,-0.33571,-0.28338,-0.28133,-0.41377,-0.33365,-0.22908,-0.39115
-0.27021,-0.14966,0.09974,-0.26523,-0.03096,-0.06574,-0.09753,-0.11750,-0.01619,-0.29036,-0.25801,-0.16354,-0.19153
-0.12214,-0.16372,0.08263,-0.33432,-0.22903,-0.15935,-0.07227,-0.11741,-0.05950,-0.15694,-0.23465,-0.14628,-0.12745
0.02147,0.09868,0.12375,-0.05316,0.12778,0.17811,0.19157,0.18767,0.13661,0.24243,-0.15822,0.04507,0.08890
0.12000,0.26906,0.05942,0.15909,0.24809,0.28401,0.29071,0.31456,0.25138,0.37432,0.27609,0.29084,0.20152
0.28230,0.31961,0.08604,0.20152,0.32356,0.34505,0.44985,0.31627,0.22885,0.43595,0.31455,0.36611,0.21433
0.42934,0.48103,0.10862,0.33797,0.41097,0.42638,0.69670,0.44593,0.45163,0.54461,0.38972,0.49652,0.60988
0.55796,0.61590,0.12742,0.45304,0.54035,0.76646,0.83171,0.62123,0.60461,0.61498,0.44930,0.55008,0.72724
0.66424,0.71860,0.17939,0.41822,0.62420,0.86538,1.00845,0.87990,0.73209,0.74539,0.49636,0.64321,0.77278
0.71537,0.47918,0.24684,0.21606,0.52915,0.69176,0.93172,0.69971,0.13043,0.48487,0.48540,0.31195,0.31079
0.80286,0.59441,0.21670,0.33850,0.61456,0.84392,0.96878,0.81646,0.34501,0.55969,0.50844,0.42246,0.52632
0.86153,0.72518,0.17425,0.48890,0.70664,0.90392,1.08591,0.75631,0.61609,0.77700,0.53517,0.66846,0.71339
0.88842,0.55287,0.15047,0.41243,0.68734,0.75905,0.70044,0.56656,0.28998,0.65061,0.45262,0.56872,0.44093
0.88208,0.73044,0.14839,0.53035,0.80906,0.95240,0.86689,0.56613,0.67496,0.84057,0.54915,0.69604,0.81884
0.82887,0.68881,0.14224,0.49749,0.76831,0.95636,0.86922,0.63923,0.61444,0.64637,0.53045,0.67564,0.69060
0.79761,0.54565,0.12821,0.32823,0.74770,0.68220,0.67163,0.48655,0.52793,0.51793,0.44176,0.59416,0.45844
0.73724,0.49313,0.18473,0.24576,0.79384,0.50937,0.76840,0.45484,0.37457,0.42230,0.44000,0.62551,0.29672
0.64924,0.44077,0.15376,0.30453,0.72751,0.57061,0.56761,0.44020,0.27678,0.36988,0.38801,0.51782,0.24476
0.49608,0.36601,0.15057,0.24210,0.59226,0.37887,0.31821,0.40585,0.26064,0.26871,0.39672,0.63272,0.16399
0.40150,0.31103,0.13760,0.40006,0.56499,0.31651,0.31869,0.16458,0.23195,0.20583,0.32483,0.46195,0.12089
0.28919,0.21771,0.14784,0.10257,0.48263,0.16898,0.15797,0.09630,0.19737,0.12361,0.24238,0.48741,0.11789
0.16226,0.12146,0.10272,0.02272,0.24008,0.25067,0.07491,0.01258,0.12031,-0.03344,0.14775,0.24646,0.13251
0.02287,-0.09147,0.12512,-0.01535,0.05593,0.07461,-0.06787,-0.15997,-0.36220,-0.14534,-0.05553,-0.14661,-0.09239
-0.15532,-0.21148,0.13437,-0.04230,-0.01988,-0.12458,-0.28913,-0.21350,-0.45570,-0.31998,-0.15896,-0.18576,-0.30505
-0.27040,-0.35047,0.12121,-0.25236,-0.24046,-0.30069,-0.34211,-0.28148,-0.56454,-0.41577,-0.28758,-0.26479,-0.55492
-0.38458,-0.50818,0.11647,-0.35696,-0.49133,-0.61822,-0.48780,-0.41433,-0.65738,-0.52421,-0.32315,-0.56942,-0.63896
-0.49591,-0.61134,0.11344,-0.48206,-0.65669,-0.71914,-0.56556,-0.55874,-0.78674,-0.58234,-0.41354,-0.64335,-0.70524
-0.60235,-0.72700,0.12530,-0.55692,-0.86716,-0.87783,-0.67220,-0.65807,-0.88232,-0.66745,-0.55368,-0.74181,-0.79254
-0.71152,-0.87922,0.12199,-0.71214,-1.00927,-1.03614,-0.85650,-0.80676,-1.00789,-0.89076,-0.70094,-0.81462,-0.95714
-0.75845,-0.88429,0.10506,-0.71477,-0.92899,-1.06833,-0.83844,-0.83986,-0.99887,-0.89699,-0.78748,-0.82136,-0.94779
-0.79137,-0.92754,0.10262,-0.76667,-1.10237,-0.98870,-0.83542,-0.95495,-1.06608,-0.90990,-0.87544,-0.88730,-0.88858
-0.81036,-0.83257,0.09538,-0.64493,-0.88561,-0.97595,-0.84890,-0.85605,-0.95206,-0.80544,-0.78399,-0.76586,-0.80696
-0.83722,-0.82391,0.09796,-0.76303,-0.90722,-0.86045,-0.76441,-0.89175,-1.00212,-0.71861,-0.68033,-0.78834,-0.86280
-0.78694,-0.75111,0.09594,-0.73043,-0.65355,-0.78693,-0.74794,-0.80838,-0.94045,-0.75181,-0.58344,-0.70749,-0.80066
-0.72236,-0.67074,0.08377,-0.67276,-0.50753,-0.78147,-0.74152,-0.68641,-0.72422,-0.74331,-0.58650,-0.61254,-0.65117
-0.64518,-0.65396,0.09483,-0.57496,-0.60589,-0.66038,-0.69102,-0.65062,-0.68829,-0.88163,-0.53736,-0.58835,-0.66109
-0.55761,-0.59937,0.10222,-0.65159,-0.46019,-0.69463,-0.55956,-0.62181,-0.69354,-0.74328,-0.50887,-0.44821,-0.61198
-0.46339,-0.42285,0.11493,-0.25986,-0.43036,-0.33942,-0.45377,-0.47963,-0.53516,-0.61374,-0.41167,-0.24749,-0.45739
-0.36502,-0.34225,0.12525,-0.23751,-0.33673,-0.19089,-0.36795,-0.25884,-0.51400,-0.52055,-0.45506,-0.18289,-0.35807
-0.26366,-0.32409,0.14496,-0.29695,-0.30722,-0.03386,-0.40453,-0.39866,-0.55286,-0.47090,-0.30704,-0.20635,-0.26257
-0.16224,-0.28053,0.13243,-0.24999,-0.15602,-0.03994,-0.39979,-0.33995,-0.50100,-0.36477,-0.28995,-0.18074,-0.28316
-0.06537,-0.09007,0.09019,-0.15339,0.00923,-0.01392,-0.17307,0.06222,-0.15146,-0.13714,-0.21398,-0.08493,-0.04423
0.02582,0.04231,0.15399,-0.00918,0.28244,0.08090,0.02727,0.27727,-0.13765,0.01047,-0.20629,0.02790,0.06996
0.10851,0.18717,0.13999,0.03898,0.37859,0.27103,0.19615,0.39918,0.11518,0.08661,-0.02621,0.25175,0.16038
0.17992,0.20660,0.13456,0.03801,0.38434,0.28736,0.24014,0.44342,0.09015,0.12206,0.08583,0.22723,0.14743
0.23660,0.17626,0.14902,-0.03984,0.36806,0.29291,0.23535,0.41042,0.02326,0.11906,0.06327,0.18409,0.10602
0.27716,0.13514,0.12366,-0.04418,0.23217,0.22948,0.05216,0.35103,0.00008,0.06924,0.11974,0.23523,0.10642
0.30127,0.20097,0.10517,0.04717,0.35344,0.28442,0.07939,0.35187,0.19532,0.22071,0.12462,0.19467,0.15804
0.30791,0.07497,0.08089,-0.05703,0.11158,0.22051,0.08845,0.11509,0.03443,0.07098,-0.03849,0.07810,0.12608
0.29659,0.14059,0.14221,-0.01693,-0.07210,0.28665,0.09027,0.14621,0.08790,0.24057,0.12192,0.41251,0.10894
0.26769,0.11382,0.07892,-0.05717,0.08812,0.19212,0.08432,0.15153,0.10829,0.10441,0.19208,0.20932,0.06512
0.22201,0.11267,0.07185,0.00049,0.07796,0.16307,0.09592,0.14622,0.17035,0.01505,0.23611,0.12846,0.09303
0.16152,0.07414,0.06358,-0.03138,0.06217,0.03600,0.08245,0.08366,0.15778,0.01940,0.18143,0.04348,0.10641
0.08801,-0.01360,0.08902,-0.05918,-0.04120,-0.07232,-0.00649,-0.07537,0.01014,-0.14236,0.17975,0.00533,0.06568
0.00249,-0.05913,0.11049,-0.01188,0.01185,0.00319,-0.04131,-0.12664,-0.18672,-0.27139,0.08149,-0.09699,0.04716
-0.09203,-0.07121,0.10923,0.03126,-0.04332,0.02674,-0.09950,-0.12872,-0.23079,-0.18412,0.13243,-0.10698,-0.10908
-0.19197,-0.17058,0.11314,-0.07116,-0.21265,-0.07718,-0.15059,-0.23920,-0.39040,-0.24138,0.01763,-0.19239,-0.14846
-0.29472,-0.19164,0.11708,-0.09419,-0.24892,-0.13075,-0.15090,-0.21080,-0.43247,-0.26684,0.00987,-0.21264,-0.17877
-0.25256,-0.32842,0.10155,-0.21595,-0.32644,-0.20245,-0.31795,-0.32009,-0.56101,-0.37948,-0.25137,-0.34838,-0.36108
-0.46899,-0.58044,0.10986,-0.37266,-0.61422,-0.59000,-0.50081,-0.72802,-0.70970,-0.61438,-0.49310,-0.66281,-0.51866
-0.68281,-0.79381,0.10506,-0.74619,-0.80311,-0.87326,-0.72495,-0.79167,-0.98353,-0.90905,-0.61648,-0.75953,-0.73027
-0.88889,-0.86286,0.11425,-0.84524,-0.86199,-0.92210,-1.03852,-0.80752,-0.83403,-1.05812,-0.73795,-0.80978,-0.71331
-1.08037,-0.96315,0.14777,-0.99563,-1.05427,-1.06176,-1.24857,-0.92195,-0.82866,-1.06931,-0.80717,-0.84212,-0.80206
-1.07124,-1.14505,0.16213,-1.24475,-1.28691,-1.17873,-1.35921,-1.23673,-1.00469,-1.28312,-0.95351,-0.93306,-0.96977
-1.32257,-1.31250,0.15586,-1.34099,-1.49462,-1.37433,-1.47519,-1.29944,-1.16765,-1.42420,-1.08072,-1.39928,-1.06861
-1.54880,-1.45955,0.18895,-1.44673,-1.68737,-1.56713,-1.59325,-1.48154,-1.37844,-1.61737,-1.18462,-1.53524,-1.10386
-1.74336,-1.67635,0.16205,-1.55518,-1.91825,-1.69837,-1.95556,-1.70784,-1.47194,-1.71433,-1.49904,-1.66034,-1.58264
-1.90018,-1.77445,0.17016,-1.59773,-2.11064,-1.65431,-2.03060,-1.72931,-1.74793,-1.83726,-1.64750,-1.67525,-1.71395
-2.02271,-1.97164,0.18852,-1.83831,-2.40753,-1.85444,-2.16491,-1.93414,-1.89606,-1.93779,-1.82799,-1.80887,-2.04639
-1.95684,-2.09878,0.22777,-1.92257,-2.55317,-2.36134,-2.18937,-2.19512,-2.10903,-1.90583,-1.91664,-1.85970,-1.97502
-2.12495,-2.17965,0.23968,-1.97503,-2.63606,-2.44010,-2.21307,-2.39139,-2.17281,-1.93478,-1.97661,-1.97357,-2.08308
-2.26021,-2.26626,0.24469,-2.23289,-2.74186,-2.49810,-2.19967,-2.46796,-2.33362,-1.98524,-2.12666,-1.98477,-2.09182
-2.36205,-2.30008,0.24982,-2.32542,-2.82109,-2.38359,-2.19109,-2.53530,-2.28774,-2.03331,-2.32789,-1.95856,-2.13676
-2.43011,-2.26945,0.20524,-2.21065,-2.67631,-2.30674,-2.15514,-2.47224,-2.33474,-2.05086,-2.32012,-1.95931,-2.20838
-2.46420,-2.34882,0.22609,-2.32120,-2.73539,-2.46433,-2.12726,-2.54936,-2.38102,-2.13267,-2.47784,-1.97150,-2.32764
-2.32015,-2.32393,0.25070,-2.26128,-2.67727,-2.56325,-2.15950,-2.63540,-2.32815,-2.14584,-2.40989,-1.88291,-2.17583
-2.40265,-2.34656,0.27820,-2.39743,-2.65881,-2.59178,-2.21005,-2.64705,-2.51545,-1.98062,-2.41026,-1.85855,-2.19562
-2.45172,-2.36133,0.25836,-2.52092,-2.44722,-2.61374,-2.22109,-2.77499,-2.49579,-2.01222,-2.33069,-1.96761,-2.22908
-2.46728,-2.24805,0.25497,-2.29521,-2.32813,-2.64055,-2.07753,-2.63102,-2.33669,-1.99691,-2.24430,-1.87691,-2.05321
-2.44945,-2.25380,0.21690,-2.23319,-2.29311,-2.53665,-2.18756,-2.61934,-2.20688,-2.03596,-2.40721,-1.93688,-2.08121
-2.39850,-2.24062,0.18882,-2.17529,-2.20694,-2.16566,-2.37974,-2.56079,-2.14654,-2.18173,-2.53011,-1.99155,-2.06786
-2.17794,-2.07211,0.27170,-1.81996,-2.13001,-2.26594,-2.01434,-2.62639,-1.93727,-2.17827,-2.21374,-1.85237,-1.68286
-2.17629,-2.01598,0.22872,-1.85403,-2.11835,-2.26375,-1.67912,-2.38549,-2.04087,-2.01279,-2.18226,-1.73791,-1.88518
-2.14179,-1.94228,0.22968,-1.83187,-1.93383,-2.18431,-1.51776,-2.16285,-2.18760,-1.82255,-2.10693,-1.67705,-1.99805
-2.07478,-1.81959,0.24778,-1.61785,-1.80784,-1.92487,-1.44098,-2.07308,-2.03249,-1.64150,-2.16558,-1.53921,-1.95249
-1.97583,-1.65446,0.16606,-1.55003,-1.58908,-1.76546,-1.41383,-1.68668,-1.90063,-1.56904,-1.86943,-1.45575,-1.74468
-1.84565,-1.52660,0.12046,-1.48588,-1.50550,-1.63451,-1.38507,-1.59508,-1.64751,-1.44968,-1.71238,-1.33432,-1.51602
-1.56218,-1.39187,0.12714,-1.43058,-1.32951,-1.52124,-1.22845,-1.20685,-1.47674,-1.33151,-1.46182,-1.33245,-1.59957
-1.48031,-1.24175,0.17373,-1.28894,-1.18155,-1.44327,-1.09278,-1.01197,-1.24038,-1.06766,-1.16246,-1.37891,-1.54962
-1.36729,-0.98980,0.16674,-1.01115,-0.96060,-1.36468,-0.94580,-0.82183,-1.02581,-0.88061,-0.76802,-1.11465,-1.00481
-1.22654,-0.81792,0.11761,-0.72517,-0.88016,-0.95729,-0.68066,-0.79927,-0.97308,-0.77176,-0.63368,-0.82535,-0.93278
-1.06220,-0.71690,0.08156,-0.66928,-0.62211,-0.82983,-0.67154,-0.85444,-0.75356,-0.70688,-0.60679,-0.70381,-0.75081
-0.88009,-0.74242,0.11597,-0.89626,-0.58659,-0.87199,-0.62346,-0.90034,-0.73094,-0.76034,-0.62902,-0.68003,-0.74521
-0.60262,-0.42486,0.18477,-0.58016,-0.20967,-0.26532,-0.50282,-0.69027,-0.51488,-0.44633,-0.20994,-0.21475,-0.61450
-0.50397,0.00410,0.10012,-0.07974,0.06111,0.03630,0.00049,-0.18852,0.14709,-0.07634,-0.01228,0.03106,0.12187
-0.40225,-0.02478,0.09652,-0.01326,0.06734,-0.00088,-0.05003,-0.19954,-0.07909,-0.12773,-0.03825,0.10604,0.08757
-0.29884,-0.03451,0.07062,-0.02301,0.02163,0.01966,-0.02624,-0.13807,-0.17283,-0.05635,0.02412,-0.02871,0.03474
-0.19535,0.08750,0.09006,-0.01522,0.27116,0.04119,0.03406,0.03727,0.20773,0.05048,0.14016,0.04079,0.06734
-0.02450,0.06443,0.08685,0.00061,0.13472,0.11093,0.09504,-0.10854,0.14302,-0.00696,0.17958,0.02822,0.06772
-0.04381,0.12424,0.08942,0.04367,0.10357,0.31877,0.09305,0.11854,0.10839,-0.01934,0.18372,0.12540,0.16660
-0.07321,0.08950,0.09564,0.01447,0.03025,0.23928,0.06961,0.16229,0.06800,-0.05438,0.23877,0.05225,0.07447
-0.10935,-0.05330,0.13985,0.01429,-0.00577,0.18427,0.03964,-0.11371,-0.19036,-0.27979,0.08094,-0.14125,-0.12128
-0.01622,-0.17822,0.11973,-0.05691,-0.08541,-0.02934,-0.19391,-0.20426,-0.34330,-0.34916,-0.05169,-0.19012,-0.27810
-0.17643,-0.34164,0.12261,-0.27411,-0.29576,-0.19930,-0.35004,-0.25325,-0.47388,-0.49303,-0.23483,-0.28687,-0.55536
-0.34504,-0.44074,0.11129,-0.34037,-0.44087,-0.30710,-0.49712,-0.36356,-0.49816,-0.62694,-0.30133,-0.46273,-0.56927
-0.51516,-0.63107,0.05902,-0.59165,-0.65036,-0.64503,-0.57038,-0.59981,-0.73198,-0.68069,-0.53601,-0.62097,-0.68382
-0.67966,-0.86592,0.09382,-0.86087,-0.85208,-0.93263,-0.76823,-0.82201,-1.06709,-0.83959,-0.79264,-0.77114,-0.95292
-0.83225,-0.99954,0.10895,-0.96894,-1.06939,-0.97969,-1.00790,-0.90654,-1.26137,-0.99376,-0.92904,-0.86486,-1.01395
-0.96954,-1.09716,0.13185,-1.08850,-1.25647,-1.03626,-1.09395,-0.95838,-1.36107,-1.10889,-1.01140,-0.92488,-1.13183
-1.08896,-1.15241,0.13031,-1.24355,-1.30057,-1.09263,-1.14174,-0.99260,-1.38196,-1.14618,-1.04813,-0.98463,-1.19210
-1.18649,-1.19111,0.11906,-1.27081,-1.24167,-1.22485,-1.15678,-0.97134,-1.41386,-1.18041,-1.09811,-1.10863,-1.24466
-1.25828,-1.27225,0.10615,-1.41457,-1.26316,-1.34395,-1.23651,-1.05062,-1.40612,-1.21911,-1.22222,-1.25120,-1.31509
-1.30358,-1.37897,0.12848,-1.53637,-1.43366,-1.41846,-1.17908,-1.24780,-1.53087,-1.35278,-1.36137,-1.22754,-1.50178
-1.32098,-1.38706,0.17019,-1.49888,-1.46718,-1.50997,-1.17097,-1.17319,-1.51234,-1.30930,-1.39773,-1.18020,-1.65082
-1.31001,-1.31225,0.15029,-1.42108,-1.43402,-1.42192,-1.13280,-1.16116,-1.25654,-1.14953,-1.35621,-1.21505,-1.57414
-1.27162,-1.29746,0.15855,-1.43516,-1.37528,-1.42249,-1.10788,-1.10982,-1.19059,-1.13320,-1.27111,-1.36579,-1.56330
-1.20736,-1.29103,0.11449,-1.51115,-1.39989,-1.38151,-1.17896,-1.15224,-1.17543,-1.28180,-1.24460,-1.26037,-1.32437
-1.11885,-1.16249,0.08991,-1.28169,-1.23066,-1.15588,-1.09072,-1.19673,-1.26040,-1.21216,-1.02763,-1.03384,-1.13519
-1.00955,-1.05276,0.09720,-1.14593,-0.96762,-1.06350,-1.07286,-1.08177,-1.19525,-0.99566,-0.90794,-0.94088,-1.15614
-0.88246,-0.87092,0.05793,-0.93101,-0.85271,-0.91512,-0.85989,-0.89667,-0.86043,-0.93499,-0.76662,-0.78599,-0.90575
-0.74097,-0.61683,0.12019,-0.68713,-0.34866,-0.67369,-0.59763,-0.54473,-0.62610,-0.56582,-0.71835,-0.61239,-0.79385
-0.58767,-0.55541,0.13768,-0.80935,-0.32528,-0.53047,-0.45710,-0.45250,-0.66029,-0.46086,-0.61625,-0.61633,-0.62566
-0.42794,-0.30375,0.09575,-0.53703,-0.28822,-0.26329,-0.26351,-0.20746,-0.29563,-0.37772,-0.32826,-0.22105,-0.25535
-0.26563,-0.12299,0.12570,-0.37565,-0.15175,-0.03417,-0.02951,-0.04817,-0.09409,-0.17081,-0.24619,-0.14747,0.06787
-0.10357,-0.05173,0.16641,-0.39344,-0.12891,0.08899,0.09157,0.08578,-0.00098,0.08967,-0.22083,-0.15342,0.02427
0.05362,0.07742,0.17407,-0.23987,0.07982,0.26273,0.18899,0.24639,0.07755,0.26856,-0.10621,-0.08509,0.08129
0.20145,0.21669,0.10757,0.03757,0.33974,0.30288,0.30930,0.30813,0.15186,0.27687,0.22077,0.07910,0.14070
0.33430,0.34950,0.12196,0.09676,0.44354,0.41033,0.42977,0.42384,0.20520,0.46754,0.41653,0.27356,0.32796
0.44876,0.60560,0.13792,0.31654,0.70276,0.77661,0.62260,0.52490,0.56306,0.66689,0.51464,0.59448,0.77354
0.54355,0.72674,0.13445,0.45842,0.75283,0.90370,0.81597,0.71312,0.71965,0.76356,0.57590,0.68143,0.88277
0.61523,0.71440,0.14219,0.44785,0.76365,0.89863,0.74557,0.59751,0.82307,0.70232,0.57472,0.70773,0.88295
0.66012,0.67328,0.10768,0.48920,0.71338,0.84634,0.73291,0.53368,0.67657,0.74027,0.58125,0.69801,0.72116
0.67762,0.64719,0.10473,0.48359,0.76510,0.75484,0.74392,0.53638,0.55623,0.71642,0.55957,0.71104,0.64479
0.66809,0.65584,0.10413,0.47754,0.76226,0.74373,0.79627,0.54466,0.62649,0.63483,0.56938,0.73072,0.67256
0.63187,0.55330,0.08395,0.44117,0.68934,0.47650,0.62130,0.50699,0.62679,0.45317,0.53063,0.60944,0.57769
0.56982,0.52280,0.12741,0.37352,0.70136,0.43024,0.58613,0.48481,0.60441,0.36470,0.45205,0.72520,0.50563
0.48383,0.39536,0.14177,0.34990,0.71824,0.39724,0.34915,0.39572,0.50085,0.32186,0.41186,0.34352,0.16524
0.37639,0.23646,0.14721,0.03229,0.52997,0.29289,0.13533,0.22177,0.35059,0.25284,0.32367,0.14426,0.08101
0.25201,0.15959,0.09973,0.01200,0.25009,0.29601,0.09159,0.19353,0.19761,0.00919,0.25405,0.17591,0.11592
0.11394,-0.04051,0.09441,-0.01978,0.00539,0.12601,0.00069,-0.08432,-0.11467,-0.21772,0.04506,-0.06975,-0.07597
-0.03434,-0.20228,0.12521,-0.06877,-0.08601,-0.08773,-0.24354,-0.19630,-0.38354,-0.43838,-0.14026,-0.22147,-0.15675
-0.19105,-0.26030,0.09706,-0.09035,-0.18972,-0.22464,-0.31243,-0.25201,-0.31722,-0.45714,-0.19746,-0.28670,-0.27532
-0.35195,-0.40741,0.11222,-0.23669,-0.33794,-0.38766,-0.47841,-0.36705,-0.46173,-0.57851,-0.26177,-0.42015,-0.54418
-0.51027,-0.50955,0.10215,-0.30059,-0.43994,-0.61106,-0.52015,-0.52071,-0.54664,-0.65293,-0.41002,-0.55795,-0.53554
-0.66440,-0.70046,0.08041,-0.57087,-0.65614,-0.84967,-0.59943,-0.68475,-0.74962,-0.76261,-0.71876,-0.71030,-0.70244
-0.80988,-0.87743,0.07897,-0.82444,-0.84602,-0.92652,-0.84270,-0.80912,-1.04205,-0.91440,-0.95087,-0.78858,-0.82958
-0.94211,-1.00589,0.09367,-0.98855,-1.02926,-0.99280,-1.01139,-0.91224,-1.22163,-1.02026,-1.01985,-0.85688,-1.00606
-1.05483,-1.04282,0.11393,-0.98546,-1.07823,-1.04755,-1.05935,-0.95025,-1.30580,-1.10248,-0.98441,-0.87774,-1.03695
-1.14527,-1.10864,0.12251,-1.04399,-1.10597,-1.16565,-1.12075,-0.97706,-1.39973,-1.15747,-1.09187,-0.96670,-1.05722
-1.21270,-1.10409,0.11119,-1.03480,-1.10854,-1.16955,-1.13981,-0.98812,-1.34978,-1.15866,-1.04693,-0.96122,-1.08352
-1.25459,-1.04608,0.10579,-0.99980,-1.01148,-1.14032,-1.06033,-0.93838,-1.24189,-1.15817,-1.02740,-0.89917,-0.98390
-1.26874,-0.99796,0.11778,-0.90365,-0.93404,-1.08385,-0.98875,-0.87081,-1.19349,-1.14583,-1.04764,-0.83988,-0.97170
-1.25565,-1.10557,0.10961,-1.10364,-1.01476,-1.23179,-1.04228,-0.93325,-1.30835,-1.06346,-1.15299,-1.05211,-1.15306
-1.09819,-1.05280,0.11549,-1.01648,-0.98160,-1.22331,-1.05681,-0.90924,-1.25637,-0.94074,-0.99950,-1.01553,-1.12843
-1.12193,-1.04127,0.14529,-0.93064,-0.95381,-1.28458,-1.04123,-0.93256,-1.26463,-0.94165,-0.88455,-1.01861,-1.16040
-1.12577,-0.97285,0.12858,-0.86328,-0.96487,-1.22429,-0.89318,-0.88420,-1.14630,-0.87770,-0.88057,-0.92466,-1.06942
-1.10648,-0.82026,0.12791,-0.62173,-0.88755,-1.08821,-0.75955,-0.79831,-0.90632,-0.75575,-0.71861,-0.88379,-0.78282
-1.06437,-0.82471,0.14226,-0.52692,-0.87874,-1.06985,-0.79068,-0.78903,-0.88992,-0.75438,-0.74289,-0.90882,-0.89589
-0.89051,-0.78866,0.13344,-0.54427,-0.80205,-1.01547,-0.75859,-0.76275,-0.88641,-0.72704,-0.66291,-0.92251,-0.80462
-0.89417,-0.74839,0.13089,-0.58207,-0.73619,-0.96940,-0.71798,-0.70840,-0.88945,-0.68658,-0.56098,-0.87520,-0.75764
-0.88421,-0.61175,0.13906,-0.40526,-0.51695,-0.85826,-0.57593,-0.57262,-0.67300,-0.63630,-0.44510,-0.76467,-0.66944
-0.85813,-0.54311,0.13128,-0.31251,-0.43526,-0.72747,-0.54061,-0.53447,-0.52588,-0.59740,-0.41286,-0.70859,-0.63607
-0.81602,-0.62205,0.13762,-0.35901,-0.58319,-0.81805,-0.58451,-0.60799,-0.71628,-0.64240,-0.45674,-0.75280,-0.69952
-0.66553,-0.59247,0.12494,-0.35219,-0.56503,-0.73934,-0.54396,-0.58350,-0.65928,-0.60096,-0.45119,-0.75740,-0.67180
-0.68513,-0.55151,0.12654,-0.34100,-0.45781,-0.71917,-0.53466,-0.52279,-0.64123,-0.54790,-0.40285,-0.70315,-0.64449
-0.69622,-0.45547,0.11266,-0.24579,-0.40305,-0.53181,-0.44453,-0.36941,-0.46788,-0.51042,-0.37843,-0.63555,-0.56783
-0.69610,-0.45386,0.11888,-0.20674,-0.40965,-0.46831,-0.46495,-0.39588,-0.46717,-0.51717,-0.38164,-0.61943,-0.60771
-0.68449,-0.51782,0.11777,-0.28979,-0.44612,-0.68521,-0.51888,-0.52319,-0.52287,-0.51091,-0.40962,-0.63869,-0.63290
-0.59363,-0.56079,0.12783,-0.34082,-0.47781,-0.63319,-0.52224,-0.51967,-0.73141,-0.57249,-0.42349,-0.70057,-0.68625
-0.64776,-0.60394,0.09752,-0.52599,-0.56470,-0.72389,-0.51625,-0.51765,-0.72971,-0.59621,-0.47756,-0.67823,-0.70921
-0.69417,-0.51706,0.11231,-0.34985,-0.43068,-0.70093,-0.46496,-0.46436,-0.55265,-0.54432,-0.40684,-0.63075,-0.62529
-0.72947,-0.54761,0.11023,-0.37159,-0.54259,-0.72801,-0.48508,-0.47182,-0.56525,-0.63398,-0.42322,-0.63765,-0.61692
-0.75250,-0.62208,0.12653,-0.34755,-0.65472,-0.81016,-0.55290,-0.60360,-0.67996,-0.66992,-0.51870,-0.71573,-0.66752
-0.72066,-0.75951,0.10195,-0.68572,-0.77467,-0.94518,-0.66519,-0.75173,-0.86605,-0.75263,-0.58616,-0.75394,-0.81388
-0.80476,-0.71311,0.10538,-0.59885,-0.64434,-0.95351,-0.62825,-0.76516,-0.75903,-0.72570,-0.60545,-0.71340,-0.73744
-0.87623,-0.67669,0.12115,-0.48332,-0.66219,-0.93695,-0.61485,-0.69133,-0.72361,-0.67172,-0.54883,-0.69589,-0.73823
-0.93156,-0.77688,0.10220,-0.60772,-0.75724,-0.98981,-0.69046,-0.77686,-0.85309,-0.74371,-0.73630,-0.77647,-0.83716
-0.85907,-0.93293,0.13690,-0.79462,-0.91448,-1.16682,-0.89866,-0.85269,-1.13731,-0.89839,-0.78428,-0.83687,-1.04521
-0.96430,-0.99936,0.15183,-0.90125,-0.92070,-1.23510,-0.95944,-0.89824,-1.28840,-0.93713,-0.91253,-0.85288,-1.08794
-1.05338,-0.98665,0.12666,-0.90498,-0.93646,-1.20087,-0.97659,-0.94291,-1.18794,-0.99379,-0.84322,-0.83552,-1.04418
-1.12080,-0.93966,0.10543,-0.85280,-0.91445,-1.04884,-1.00050,-0.91978,-1.14275,-0.93929,-0.79516,-0.82412,-0.95896
-1.16467,-0.93742,0.10062,-0.86881,-0.88218,-1.10607,-1.00606,-0.91428,-1.06365,-1.00179,-0.82485,-0.81618,-0.89029
-1.08406,-0.96538,0.09743,-0.86498,-0.89880,-1.06976,-1.03767,-0.88165,-1.14599,-1.03020,-0.93150,-0.88323,-0.90999
-1.16521,-1.00023,0.11565,-0.96510,-0.89308,-1.12222,-1.03951,-0.94135,-1.27056,-0.93345,-0.96493,-0.95528,-0.91680
-1.22507,-0.95449,0.09005,-0.95678,-0.84957,-1.03637,-1.01006,-0.91233,-1.13205,-0.97710,-0.85387,-0.86374,-0.95305
-1.25861,-0.98789,0.10374,-0.94385,-0.89833,-0.99616,-1.04042,-0.89696,-1.25275,-1.00061,-0.92773,-0.94635,-0.97579
-1.26415,-0.99973,0.10639,-1.04756,-0.97997,-1.04610,-0.98361,-0.86470,-1.25269,-0.88445,-0.98048,-0.97476,-0.98297
-1.14943,-1.07921,0.11974,-1.18669,-1.21277,-1.10590,-1.00183,-0.93309,-1.26349,-0.90294,-1.12017,-1.01606,-1.04914
-1.18764,-1.23360,0.17663,-1.48703,-1.41518,-1.27562,-1.08192,-0.98581,-1.42922,-1.04158,-1.22188,-1.09955,-1.29825
-1.20372,-1.20750,0.15024,-1.41698,-1.32402,-1.22565,-1.06825,-0.99864,-1.30308,-0.97051,-1.23775,-1.19615,-1.33399
-1.19416,-1.16483,0.14629,-1.37849,-1.19254,-1.30350,-1.04316,-0.95815,-1.14070,-0.95618,-1.13578,-1.23528,-1.30454
-1.15894,-1.12988,0.11967,-1.32011,-1.19741,-1.27942,-1.08389,-0.94009,-1.12555,-1.04285,-0.99389,-1.15846,-1.15709
-1.09938,-1.06984,0.12156,-1.16394,-1.15876,-1.15706,-0.96336,-0.97466,-1.20491,-0.96785,-0.85337,-1.07190,-1.18262
-1.01667,-1.09428,0.10993,-1.16051,-1.14532,-1.17457,-1.01725,-1.09567,-1.26556,-1.03543,-0.88004,-1.01180,-1.15665
-0.91291,-0.98962,0.12216,-1.08599,-0.86885,-1.10425,-0.89385,-1.02210,-1.13444,-0.92380,-0.79521,-0.93367,-1.13398
-0.79222,-0.69806,0.06932,-0.78958,-0.64514,-0.74477,-0.68483,-0.63891,-0.73768,-0.72995,-0.56428,-0.67518,-0.77025
-0.65821,-0.69813,0.10864,-0.90687,-0.64507,-0.68784,-0.64472,-0.58717,-0.75159,-0.76550,-0.54153,-0.65081,-0.80019
-0.51422,-0.51580,0.10180,-0.69887,-0.47663,-0.40957,-0.48566,-0.47378,-0.62028,-0.50892,-0.42739,-0.41628,-0.64065
-0.36254,-0.28494,0.09537,-0.39746,-0.32793,-0.10068,-0.27097,-0.20684,-0.30316,-0.32234,-0.31359,-0.19396,-0.41249
-0.20834,-0.21702,0.08619,-0.29737,-0.31121,-0.09595,-0.06998,-0.17577,-0.25600,-0.20352,-0.26171,-0.18699,-0.31164
-0.05667,-0.05425,0.14296,-0.19008,-0.19719,0.19669,0.05984,0.05633,-0.07362,0.07750,-0.16849,-0.09244,-0.21106
0.09039,0.04213,0.14946,-0.09989,-0.00106,0.27629,0.11489,0.17948,-0.01406,0.22536,-0.08740,-0.00368,-0.16859
0.22885,0.33023,0.12025,0.12028,0.43732,0.45380,0.33668,0.38014,0.20359,0.47480,0.37573,0.32296,0.19704
0.35222,0.37377,0.11347,0.13774,0.49434,0.49553,0.37823,0.39181,0.31037,0.43998,0.45545,0.38414,0.25015
0.45634,0.53259,0.10166,0.28907,0.59064,0.65463,0.55686,0.44740,0.59970,0.55686,0.51079,0.54372,0.57619
0.53983,0.51991,0.11785,0.27370,0.59440,0.69445,0.52732,0.42576,0.61310,0.48771,0.45816,0.52812,0.59638
0.60006,0.56919,0.08685,0.42554,0.57474,0.74158,0.60090,0.47367,0.61031,0.54899,0.51290,0.60205,0.60119
0.63371,0.66136,0.12616,0.47149,0.67789,0.77212,0.78619,0.52413,0.68184,0.62157,0.51920,0.70863,0.85054
0.63982,0.63759,0.10606,0.47845,0.69743,0.67557,0.65255,0.52769,0.68786,0.60762,0.50453,0.74681,0.79740
0.61884,0.47472,0.13780,0.38182,0.60169,0.48805,0.51805,0.43216,0.42890,0.47934,0.43778,0.75274,0.22671
0.57129,0.47378,0.08922,0.46762,0.58868,0.43882,0.40398,0.39478,0.34143,0.51666,0.45013,0.63284,0.50289
0.49900,0.46631,0.09579,0.50573,0.54974,0.48532,0.36215,0.36290,0.44058,0.53921,0.42957,0.64113,0.34682
0.40503,0.34136,0.09861,0.40634,0.44221,0.40918,0.25634,0.31847,0.23979,0.37436,0.40067,0.42287,0.14336
0.29127,0.16685,0.07633,0.04067,0.20691,0.26974,0.10460,0.16325,0.16268,0.27036,0.22332,0.13387,0.09315
0.16111,0.11125,0.07655,-0.00489,0.19142,0.19101,0.04520,0.03306,0.13049,0.15565,0.21348,0.05554,0.10153
0.01816,-0.04663,0.08142,-0.05144,0.03585,0.06266,-0.03115,-0.15890,-0.11171,0.01028,0.01865,-0.17252,-0.06805
-0.13259,-0.24984,0.10834,-0.13085,-0.14724,-0.15147,-0.22019,-0.21748,-0.42571,-0.27256,-0.21722,-0.27568,-0.44003
-0.28734,-0.33150,0.08521,-0.28514,-0.25867,-0.23274,-0.36608,-0.25673,-0.45727,-0.39101,-0.29667,-0.29883,-0.47190
-0.44321,-0.48575,0.11126,-0.33516,-0.43549,-0.41236,-0.49922,-0.41264,-0.58029,-0.57089,-0.35384,-0.64839,-0.60925
-0.59664,-0.58706,0.11456,-0.37366,-0.56176,-0.75065,-0.58512,-0.63674,-0.69016,-0.59754,-0.41841,-0.63618,-0.62038
-0.74076,-0.74666,0.08968,-0.66561,-0.67820,-0.86634,-0.67360,-0.75594,-0.89362,-0.67977,-0.69113,-0.71102,-0.85133
-0.87377,-0.86926,0.10001,-0.90748,-0.82139,-0.96556,-0.88653,-0.80582,-1.06341,-0.74605,-0.75676,-0.81002,-0.92956
-0.99137,-0.99528,0.12331,-1.04107,-0.92535,-1.04685,-0.98669,-0.89428,-1.28161,-0.88330,-0.92808,-0.88905,-1.07654
-1.08862,-1.04606,0.15358,-1.10339,-0.97223,-1.11256,-1.01726,-0.88148,-1.38710,-0.93266,-0.93785,-0.93547,-1.18062
-1.16329,-1.07143,0.12144,-1.13220,-1.07043,-1.10022,-0.99209,-0.89944,-1.32718,-1.03600,-0.99970,-0.97746,-1.17958
-1.21307,-1.10607,0.13959,-1.33425,-1.05505,-1.20700,-1.00060,-0.93552,-1.32047,-1.00417,-1.01487,-1.04264,-1.14615
-1.23622,-1.05817,0.08956,-1.12542,-1.07289,-1.17436,-1.03549,-0.92056,-1.17078,-1.04841,-0.93358,-0.99506,-1.10520
-1.23164,-1.13312,0.11186,-1.25994,-1.12578,-1.27238,-1.04804,-0.95827,-1.20543,-1.01475,-1.03729,-1.18729,-1.22207
-1.20012,-1.16705,0.15003,-1.29253,-1.08416,-1.36340,-1.05066,-0.96490,-1.21605,-1.14663,-0.96298,-1.22390,-1.36533
-1.14257,-1.02034,0.11528,-0.98115,-1.01576,-1.22318,-0.90593,-0.90766,-1.07163,-1.06998,-0.83526,-1.08655,-1.10626
-1.06073,-0.96028,0.11108,-0.95283,-0.93428,-1.07421,-0.87438,-0.93447,-1.11958,-0.95563,-0.77493,-0.87371,-1.10878
-0.95831,-0.92527,0.09632,-1.02075,-0.79869,-1.00664,-0.90724,-0.83719,-1.03419,-0.96463,-0.82751,-0.82624,-1.02957
-0.83826,-0.73337,0.10832,-0.94544,-0.65935,-0.66194,-0.68888,-0.64975,-0.77192,-0.84060,-0.62496,-0.65588,-0.83500
-0.70215,-0.59173,0.11261,-0.73335,-0.54332,-0.44074,-0.57635,-0.54971,-0.71331,-0.62451,-0.55399,-0.43345,-0.74856
-0.55381,-0.45803,0.14063,-0.50388,-0.26005,-0.35123,-0.45693,-0.39214,-0.60896,-0.48744,-0.53373,-0.28189,-0.70409
-0.39946,-0.27680,0.12130,-0.35861,-0.08423,-0.13110,-0.32382,-0.21759,-0.42123,-0.31166,-0.31564,-0.16633,-0.43776
-0.24308,-0.03741,0.10300,-0.07020,0.04834,0.08687,-0.17281,-0.06055,-0.01753,0.06162,-0.22902,-0.05714,0.03631
-0.06176,0.08915,0.12226,-0.07626,0.24342,0.19983,0.06130,0.17355,-0.01228,0.12272,-0.12073,0.16335,0.13659
0.06746,0.14433,0.15300,-0.02557,0.38275,0.22972,0.07208,0.29426,0.06306,0.28657,-0.09917,0.15631,0.08331
0.18647,0.27084,0.12991,0.05518,0.45415,0.36860,0.36463,0.36881,0.18485,0.29538,0.11923,0.32580,0.17174
0.29019,0.34034,0.14083,0.06288,0.48055,0.43094,0.46727,0.38469,0.23738,0.39045,0.29078,0.47022,0.18822
0.37591,0.29101,0.16945,-0.05583,0.39955,0.46207,0.28958,0.35829,0.20561,0.44979,0.27153,0.43545,0.09405
0.44275,0.46222,0.14018,0.10763,0.61904,0.48151,0.49090,0.48192,0.60298,0.50782,0.41339,0.47627,0.44074
0.48816,0.60879,0.14201,0.50049,0.80111,0.60873,0.41759,0.49356,0.63957,0.61979,0.46741,0.69891,0.84070
0.50969,0.66675,0.20214,0.58027,1.02015,0.74929,0.39608,0.51227,0.85230,0.54266,0.45558,0.70322,0.85569
0.50716,0.63243,0.16030,0.60294,0.74165,0.83753,0.36133,0.52848,0.77838,0.53757,0.44408,0.73127,0.76107
0.48103,0.60556,0.12356,0.65812,0.75889,0.68789,0.40556,0.53143,0.62986,0.52171,0.44384,0.66656,0.75171
0.43240,0.48908,0.12798,0.65783,0.58179,0.46782,0.25497,0.41510,0.55381,0.53041,0.41614,0.64393,0.36902
0.36296,0.36363,0.10018,0.48642,0.48633,0.31062,0.29040,0.33410,0.40367,0.31964,0.32204,0.49140,0.19173
0.27383,0.25571,0.07513,0.24232,0.40574,0.19886,0.21075,0.34554,0.26542,0.29495,0.23390,0.20371,0.15586
0.16762,0.14891,0.06481,0.10678,0.19430,0.16864,0.08738,0.26802,0.21132,0.09821,0.17396,0.06172,0.11881
0.04895,0.09283,0.06852,0.07351,0.25071,0.12601,0.05084,0.04427,0.11932,0.10986,0.08576,-0.00942,0.07744
-0.07894,-0.14442,0.07956,-0.07125,-0.05119,-0.02402,-0.11205,-0.15437,-0.25530,-0.21178,-0.13281,-0.20749,-0.22397
-0.21452,-0.24101,0.09552,-0.08009,-0.18375,-0.18095,-0.21410,-0.20646,-0.38520,-0.35790,-0.19391,-0.26617,-0.34158
-0.35198,-0.34608,0.08748,-0.26799,-0.29444,-0.24299,-0.41005,-0.27515,-0.43548,-0.44575,-0.27973,-0.32984,-0.47940
-0.48740,-0.49643,0.10034,-0.35200,-0.54408,-0.46441,-0.48782,-0.39236,-0.56467,-0.61440,-0.36023,-0.58516,-0.59920
-0.61917,-0.57565,0.09607,-0.37434,-0.64613,-0.68137,-0.56422,-0.50641,-0.62483,-0.63519,-0.47308,-0.62902,-0.62193
-0.74307,-0.62547,0.07105,-0.50005,-0.66280,-0.74464,-0.58769,-0.62036,-0.63588,-0.57802,-0.56363,-0.69396,-0.66769
-0.85292,-0.74859,0.09089,-0.62000,-0.75834,-0.88126,-0.68630,-0.73233,-0.88906,-0.64435,-0.71071,-0.75229,-0.81126
-0.94571,-0.87815,0.09237,-0.92148,-0.92843,-1.02097,-0.81342,-0.78778,-1.00847,-0.73775,-0.82607,-0.86431,-0.87277
-1.02042,-0.99023,0.11233,-1.06711,-1.04222,-1.10202,-0.94181,-0.86531,-1.15865,-0.80771,-0.92646,-0.92960,-1.06141
-1.07423,-1.04261,0.13364,-1.19263,-1.17738,-1.12338,-0.96952,-0.89356,-1.21052,-0.86349,-0.95290,-0.92984,-1.11289
-1.10422,-1.04576,0.13277,-1.07150,-1.13792,-1.22992,-0.95953,-0.86681,-1.20194,-0.87578,-0.98123,-0.97208,-1.16086
-1.10996,-1.04697,0.13490,-1.10135,-1.14867,-1.26941,-0.98481,-0.86623,-1.13404,-0.87430,-0.90085,-1.07163,-1.11841
-1.09182,-1.04390,0.12774,-1.08453,-1.16146,-1.27084,-0.97619,-0.85382,-1.04900,-1.00117,-0.86992,-1.04413,-1.12791
-1.05049,-0.96237,0.12244,-0.95621,-1.04124,-1.18720,-0.85879,-0.90634,-1.03380,-0.84372,-0.77147,-0.97002,-1.05496
-0.98712,-0.99948,0.12207,-1.03345,-1.04855,-1.11334,-0.88405,-0.96327,-1.20300,-0.93792,-0.78612,-0.93550,-1.08960
-0.90328,-0.84664,0.12743,-0.95780,-0.68009,-0.94805,-0.79302,-0.88734,-0.97670,-0.79065,-0.65605,-0.76312,-1.01364
-0.80139,-0.75961,0.07517,-0.84459,-0.72747,-0.71179,-0.71108,-0.78807,-0.83900,-0.81422,-0.62512,-0.69791,-0.83686
-0.68504,-0.60890,0.09739,-0.72367,-0.55339,-0.45997,-0.60181,-0.57343,-0.74546,-0.64204,-0.49487,-0.57672,-0.71768
-0.55756,-0.52630,0.08797,-0.55773,-0.37056,-0.48615,-0.48684,-0.46085,-0.64792,-0.60527,-0.48979,-0.51163,-0.64623
-0.42157,-0.40474,0.10127,-0.43983,-0.40727,-0.33753,-0.38419,-0.39582,-0.50143,-0.36102,-0.38118,-0.22749,-0.61163
-0.28073,-0.31399,0.12465,-0.26765,-0.37651,-0.13536,-0.30597,-0.22636,-0.47583,-0.30556,-0.32464,-0.18304,-0.53895
-0.13909,-0.16033,0.08852,-0.18944,-0.22225,0.01492,-0.08205,-0.18312,-0.22796,-0.08421,-0.24093,-0.12584,-0.26240
-0.00166,0.05491,0.13214,-0.01003,0.13446,0.22555,0.01428,0.22224,-0.10267,0.17195,-0.07935,0.09094,-0.11824
0.12836,0.00188,0.15066,-0.13522,-0.19985,0.21748,0.11656,0.22855,-0.10045,-0.00732,-0.10795,0.07825,-0.07123
0.24613,0.27025,0.21777,-0.10339,0.30081,0.55040,0.49186,0.40543,0.04280,0.22318,0.11413,0.50098,0.17626
0.34772,0.42813,0.21496,0.10223,0.45810,0.64102,0.55813,0.35188,0.64296,0.60982,0.16923,0.58453,0.16344
0.43078,0.51357,0.28633,0.28576,0.86284,0.59536,0.95427,0.43958,0.17181,0.56429,0.42233,0.74553,0.09392
0.49256,0.65443,0.28823,0.56334,1.14533,0.52738,1.14414,0.38881,0.37036,0.60343,0.50672,0.83002,0.46482
0.53031,0.64819,0.19795,0.45208,0.97447,0.89602,0.66956,0.38678,0.52143,0.73946,0.43488,0.73075,0.67650
0.54299,0.43716,0.20579,0.43426,0.62998,0.23209,0.81464,0.37152,0.27200,0.69317,0.25639,0.39789,0.26965
0.53046,0.13072,0.47234,-0.21809,0.28672,-0.62867,-0.09884,0.08479,0.93227,0.84362,-0.14374,0.07798,0.17121
0.49308,-0.15364,0.45802,-0.07879,-0.13972,-0.26943,0.67335,-0.40308,-0.97710,0.17795,-0.28979,0.28079,-0.51059
0.43230,0.48478,0.40671,0.73636,1.35031,0.26327,0.26447,0.10807,0.65510,0.18224,0.28563,0.87269,0.12966
0.35459,-0.00184,0.07735,-0.02553,0.14490,0.04078,-0.00819,-0.11744,-0.00546,0.05100,-0.07559,-0.07511,0.05223
0.32395,0.11514,0.05623,0.05134,0.21107,0.20561,0.05234,0.08558,0.08553,0.13496,0.13097,0.09629,0.09770
0.09711,0.03453,0.09967,-0.01045,0.25451,0.11698,0.03955,-0.05314,0.09965,0.00601,0.01235,-0.08281,-0.03738
-0.13848,-0.23012,0.08748,-0.10917,-0.11724,-0.17728,-0.20332,-0.19087,-0.37957,-0.26263,-0.26386,-0.26303,-0.33427
-0.36525,-0.35869,0.11731,-0.30661,-0.10338,-0.33212,-0.39373,-0.27122,-0.46319,-0.46998,-0.33333,-0.41661,-0.49677
-0.50787,-0.44142,0.10475,-0.34404,-0.30245,-0.40768,-0.46332,-0.33302,-0.51900,-0.55109,-0.36072,-0.54699,-0.58594
-0.64340,-0.62421,0.07523,-0.49769,-0.70624,-0.59408,-0.55811,-0.57048,-0.74329,-0.65228,-0.58732,-0.65716,-0.67546
-0.76032,-0.69295,0.08441,-0.66419,-0.72388,-0.86577,-0.61477,-0.69483,-0.77665,-0.62499,-0.57215,-0.70409,-0.68824
-0.86656,-0.77952,0.11237,-0.67402,-0.80028,-0.92213,-0.67637,-0.77878,-0.98232,-0.66220,-0.68300,-0.75679,-0.85936
-0.95612,-0.86119,0.08833,-0.89997,-0.84278,-0.93276,-0.84655,-0.80507,-1.03970,-0.72531,-0.81597,-0.79130,-0.91245
-1.02606,-0.97411,0.13631,-1.10586,-0.96046,-1.04958,-0.97054,-0.85008,-1.19653,-0.80116,-0.83261,-0.86701,-1.10721
-1.07345,-1.08154,0.16777,-1.32671,-1.10206,-1.19107,-0.98459,-0.88749,-1.30697,-0.91876,-0.91680,-0.96977,-1.21116
-1.09727,-1.00879,0.13342,-1.13070,-0.99993,-1.18376,-0.94360,-0.84434,-1.18667,-0.82061,-0.91355,-0.97707,-1.08770
-1.09729,-1.07188,0.15776,-1.26060,-1.07451,-1.32654,-0.98832,-0.91744,-1.14850,-0.91612,-0.84867,-1.05471,-1.18335
-1.07347,-1.05967,0.13849,-1.11861,-1.08661,-1.30737,-0.95545,-0.88365,-1.14442,-0.93750,-0.88809,-1.16525,-1.10975
-1.02665,-0.91522,0.11479,-0.94410,-0.97738,-1.02888,-0.84317,-0.88387,-1.05377,-0.77348,-0.71621,-0.89207,-1.03923
-0.95835,-0.90270,0.13151,-0.87010,-0.88622,-0.93904,-0.79017,-0.96621,-1.14729,-0.76998,-0.75808,-0.82060,-1.07933
-0.87072,-0.82620,0.09638,-0.91472,-0.73054,-0.84344,-0.76833,-0.84364,-0.97091,-0.77897,-0.68540,-0.77092,-0.95512
-0.76638,-0.70578,0.08406,-0.81489,-0.67682,-0.69053,-0.65906,-0.67637,-0.80677,-0.78373,-0.54349,-0.65335,-0.75281
-0.64921,-0.61154,0.07772,-0.55572,-0.60399,-0.49538,-0.60293,-0.60587,-0.74290,-0.70244,-0.54024,-0.57787,-0.68808
-0.52242,-0.53528,0.10381,-0.57494,-0.50761,-0.38748,-0.43225,-0.48331,-0.68180,-0.64055,-0.54909,-0.43294,-0.66285
-0.38851,-0.51093,0.13305,-0.64927,-0.42428,-0.32655,-0.52603,-0.50391,-0.71661,-0.56174,-0.43247,-0.33269,-0.63572
-0.25146,-0.33992,0.12343,-0.40074,-0.32062,-0.09558,-0.42005,-0.29411,-0.48309,-0.40251,-0.27678,-0.21854,-0.48719
-0.11525,-0.35562,0.14242,-0.55005,-0.28186,-0.09434,-0.28925,-0.41312,-0.53980,-0.40740,-0.33496,-0.21289,-0.43258
0.01498,-0.21824,0.16675,-0.42898,-0.14005,0.07938,-0.02729,-0.27266,-0.47317,-0.26967,-0.25167,-0.16574,-0.23257
0.13554,0.02851,0.13272,-0.07794,0.06863,0.25438,0.13836,0.12930,-0.20572,0.08202,-0.00394,-0.07480,-0.02519
0.24383,0.05936,0.17642,-0.01623,0.19320,0.29468,0.12448,0.19242,-0.26616,0.09636,0.17786,-0.04656,-0.15648
0.33684,0.24622,0.11568,0.08559,0.32709,0.33138,0.34923,0.35611,0.08686,0.26518,0.34937,0.20752,0.10390
0.40981,0.45912,0.13360,0.18212,0.50330,0.47729,0.55839,0.48936,0.54321,0.50903,0.44639,0.61494,0.26717
0.46072,0.47398,0.12624,0.23418,0.64207,0.40918,0.49352,0.47429,0.53200,0.50900,0.47580,0.64025,0.32958
0.48833,0.37813,0.13820,0.15541,0.60952,0.33244,0.41457,0.45469,0.36729,0.33103,0.39388,0.52905,0.19346
0.49247,0.51534,0.14990,0.22814,0.68066,0.37617,0.52321,0.50644,0.66018,0.47159,0.44374,0.72606,0.53719
0.47269,0.37741,0.16156,-0.00733,0.61099,0.33986,0.35656,0.45961,0.40071,0.32125,0.39426,0.51791,0.38027
0.42990,0.38206,0.13682,0.13395,0.51434,0.39033,0.25577,0.43862,0.41997,0.44066,0.42599,0.57760,0.22339
0.36569,0.19338,0.12062,-0.03866,0.42067,0.19456,0.15287,0.22333,0.21108,0.13968,0.30554,0.21331,0.11141
0.28119,0.16743,0.09687,-0.00669,0.33011,0.14393,0.13188,0.24843,0.16070,0.21609,0.25077,0.08057,0.11847
0.17948,0.08652,0.06070,-0.01430,0.10461,0.13621,0.03940,0.03295,0.15804,0.10219,0.16142,0.02912,0.11559
0.06454,-0.00681,0.04987,-0.03985,-0.00890,0.02183,-0.00717,-0.01650,-0.03197,0.06606,-0.02726,-0.09567,0.07137
-0.06224,-0.18884,0.06127,-0.09173,-0.18242,-0.14077,-0.16871,-0.17155,-0.32663,-0.20730,-0.18531,-0.23254,-0.18144
-0.19726,-0.33016,0.11194,-0.10465,-0.27667,-0.43882,-0.28001,-0.22187,-0.46451,-0.38542,-0.32489,-0.37554,-0.42924
-0.33460,-0.44938,0.10425,-0.30718,-0.39796,-0.53896,-0.44809,-0.30000,-0.50597,-0.49784,-0.35485,-0.55928,-0.58370
-0.47047,-0.49024,0.09260,-0.34118,-0.47068,-0.55698,-0.48184,-0.38865,-0.50399,-0.55946,-0.39367,-0.60282,-0.60317
-0.60318,-0.56496,0.10904,-0.33925,-0.53661,-0.67863,-0.54604,-0.55935,-0.62469,-0.65191,-0.43005,-0.62032,-0.66274
-0.72842,-0.62120,0.12555,-0.38624,-0.53964,-0.85866,-0.59636,-0.67999,-0.70737,-0.62612,-0.51977,-0.63740,-0.66048
-0.83989,-0.67575,0.12969,-0.40218,-0.59788,-0.92194,-0.63843,-0.72668,-0.71180,-0.67988,-0.64500,-0.72767,-0.70601
-0.93440,-0.77247,0.11711,-0.58284,-0.69822,-1.04544,-0.75721,-0.77411,-0.79637,-0.70190,-0.77138,-0.81088,-0.78636
-1.01083,-0.90327,0.09003,-0.84284,-0.85277,-1.06993,-0.86155,-0.81604,-1.05237,-0.81862,-0.91381,-0.89471,-0.91001
-1.06627,-0.86382,0.08801,-0.84674,-0.81604,-0.97350,-0.80678,-0.80933,-1.04119,-0.74943,-0.89200,-0.81133,-0.89185
-1.09763,-0.80964,0.09101,-0.88508,-0.70547,-0.93150,-0.73980,-0.77040,-0.96065,-0.72018,-0.85322,-0.77005,-0.76006
-1.10444,-0.68998,0.07653,-0.67685,-0.64462,-0.89347,-0.61594,-0.67124,-0.69140,-0.68623,-0.63705,-0.70586,-0.67711
-1.08702,-0.65993,0.06887,-0.61926,-0.63600,-0.80725,-0.56192,-0.64544,-0.59747,-0.67371,-0.64919,-0.72393,-0.68509
-0.87004,-0.72435,0.11800,-0.44369,-0.78476,-0.90326,-0.66367,-0.74886,-0.75938,-0.73932,-0.69885,-0.79022,-0.71149
-0.93625,-0.81215,0.07525,-0.78958,-0.81523,-0.95515,-0.68972,-0.73651,-0.88552,-0.78279,-0.86258,-0.79012,-0.81430
-0.98699,-0.77967,0.06992,-0.79896,-0.81821,-0.89703,-0.63798,-0.70729,-0.82778,-0.75452,-0.78695,-0.78108,-0.78691
-1.01679,-0.64268,0.11120,-0.39776,-0.71343,-0.69934,-0.58108,-0.72295,-0.68443,-0.72500,-0.51443,-0.73011,-0.65823
-1.02516,-0.68671,0.10148,-0.46220,-0.72934,-0.68671,-0.59099,-0.78764,-0.75896,-0.73054,-0.61541,-0.74293,-0.76235
-0.85236,-0.84281,0.09509,-0.66731,-0.85008,-0.89318,-0.74646,-0.83346,-1.00534,-0.84568,-0.90274,-0.77635,-0.90751
-0.94330,-0.94751,0.10710,-0.84665,-0.97885,-0.93713,-0.91032,-0.88790,-1.18455,-0.93062,-0.95809,-0.80010,-1.04088
-1.02012,-0.91473,0.09908,-0.93457,-0.92702,-1.00860,-0.80699,-0.85120,-1.11730,-0.92692,-0.88141,-0.76986,-0.92341
-1.07632,-0.87316,0.09755,-0.92721,-0.94996,-0.92369,-0.71025,-0.87391,-0.99629,-0.96474,-0.81715,-0.73313,-0.83529
-1.10823,-0.94624,0.10423,-0.92729,-0.93828,-0.98536,-0.86210,-0.87886,-1.15194,-1.06863,-0.92962,-0.78328,-0.93701
-0.96678,-1.04793,0.11041,-0.97086,-1.08394,-1.12274,-1.04009,-0.94463,-1.28623,-1.10072,-0.99841,-0.89291,-1.03880
-1.07550,-1.08293,0.11771,-1.03421,-1.05484,-1.19938,-1.05724,-0.98918,-1.31302,-1.05539,-1.04473,-0.89960,-1.18174
-1.16637,-1.09491,0.13547,-1.09623,-1.02704,-1.18286,-1.06647,-0.99466,-1.41928,-1.07785,-1.03074,-0.91950,-1.13443
-1.23078,-0.88892,0.10148,-0.74899,-0.94541,-1.01947,-0.94358,-0.85100,-0.97389,-0.96413,-0.92493,-0.77393,-0.74385
-1.26657,-0.90318,0.09533,-0.78904,-0.90113,-1.05206,-0.99989,-0.87653,-0.94443,-0.98593,-0.88844,-0.84863,-0.74570
-1.12048,-1.03981,0.08785,-0.95312,-1.02053,-1.10476,-1.15860,-0.94305,-1.19850,-1.05047,-1.00790,-0.96389,-0.99731
-1.22635,-1.14174,0.07985,-1.08617,-1.13729,-1.19177,-1.20310,-0.98649,-1.28091,-1.18111,-1.12656,-1.08981,-1.13420
-1.30805,-1.11992,0.09676,-1.13652,-1.13478,-1.17799,-1.15245,-1.01840,-1.32245,-1.16001,-1.07726,-0.99791,-1.02141
-1.35944,-1.05965,0.09161,-0.98884,-1.10503,-1.15885,-1.15226,-0.95738,-1.19451,-1.08532,-1.02914,-0.94080,-0.98432
-1.37996,-1.04274,0.09376,-0.93797,-1.12530,-1.11704,-1.12721,-0.94881,-1.16426,-1.09358,-1.01894,-0.98992,-0.90438
-1.19939,-1.12264,0.09595,-1.03476,-1.18298,-1.19809,-1.20314,-0.96930,-1.28103,-1.15746,-1.07262,-1.06088,-1.06615
-1.28273,-1.19850,0.12571,-1.17183,-1.12674,-1.27402,-1.18570,-1.09133,-1.51860,-1.20589,-1.11317,-1.10258,-1.19513
-1.34243,-1.15015,0.12821,-1.08458,-1.11688,-1.28564,-1.18464,-0.97969,-1.43949,-1.11499,-1.11907,-1.10153,-1.07502
-1.37224,-1.02352,0.10078,-0.95799,-1.00197,-1.15187,-1.09162,-0.92772,-1.20446,-1.03456,-1.03386,-0.92230,-0.90882
-1.37077,-1.03569,0.10911,-0.94477,-1.05228,-1.08849,-1.09859,-0.93573,-1.28314,-1.05067,-1.03292,-0.92548,-0.94488
-1.14969,-1.13485,0.12345,-0.99976,-1.18120,-1.17912,-1.21137,-1.01837,-1.40020,-1.17398,-1.11454,-0.99581,-1.07416
-1.21292,-1.15618,0.13523,-1.05299,-1.17032,-1.31525,-1.15820,-0.98457,-1.43954,-1.18132,-1.13237,-1.05015,-1.07709
-1.25507,-1.08224,0.15545,-1.01060,-1.06349,-1.20220,-1.10124,-0.92759,-1.45885,-1.06863,-1.03796,-0.91791,-1.03395
-1.27007,-0.96821,0.07803,-0.95179,-0.98047,-1.01132,-0.98838,-0.90845,-1.14046,-0.97094,-0.91312,-0.84253,-0.97465
-1.25683,-0.91039,0.07464,-0.77370,-0.92576,-0.98369,-0.96198,-0.86345,-0.99511,-0.94220,-0.87276,-0.81935,-0.96591
-1.21597,-0.98512,0.11700,-0.83729,-0.94824,-1.13522,-0.98925,-0.90653,-1.17784,-0.98048,-0.91673,-0.85862,-1.10097
-1.06884,-1.01013,0.13165,-0.85810,-0.99861,-1.11426,-0.97504,-0.94125,-1.28606,-1.01659,-0.90534,-0.88333,-1.12275
-1.10019,-0.98548,0.14359,-0.87839,-0.95107,-1.09066,-0.90345,-0.95250,-1.29626,-0.93502,-0.85214,-0.86199,-1.13337
-1.11192,-0.81866,0.08871,-0.74640,-0.79172,-0.97497,-0.74257,-0.83630,-0.95019,-0.77269,-0.73105,-0.76011,-0.88054
-1.10062,-0.78348,0.08027,-0.72099,-0.81570,-0.89063,-0.64758,-0.79550,-0.90472,-0.76305,-0.72372,-0.74039,-0.83258
-1.06608,-0.84422,0.08138,-0.85859,-0.85077,-0.96653,-0.70135,-0.80661,-0.93924,-0.82291,-0.79091,-0.78156,-0.92375
-0.92554,-0.92180,0.09299,-0.94255,-0.95061,-1.02165,-0.85246,-0.84391,-1.07228,-0.81402,-0.83244,-0.86504,-1.02304
-0.97245,-0.94125,0.11140,-0.93223,-0.91422,-1.07816,-0.89374,-0.84718,-1.11397,-0.81009,-0.87694,-0.85498,-1.09099
-1.00330,-0.74117,0.07953,-0.72834,-0.72101,-0.95528,-0.68277,-0.75691,-0.74176,-0.72785,-0.67220,-0.70022,-0.72542
-1.01388,-0.64701,0.09531,-0.50171,-0.62034,-0.83581,-0.61454,-0.68435,-0.67023,-0.68559,-0.51140,-0.66736,-0.67879
-1.00376,-0.72844,0.06190,-0.61058,-0.71350,-0.83617,-0.66395,-0.74185,-0.74771,-0.74614,-0.70312,-0.73814,-0.78324
-0.89347,-0.79883,0.07731,-0.68533,-0.74427,-0.90201,-0.79747,-0.75831,-0.86696,-0.79568,-0.74523,-0.76411,-0.92889
-0.96744,-0.93804,0.10117,-0.93401,-0.93511,-1.13988,-0.88983,-0.83581,-1.01539,-0.88667,-0.88695,-0.81185,-1.04490
-1.02535,-0.97326,0.09793,-0.92545,-1.08971,-1.11048,-0.99532,-0.84883,-1.03159,-0.96210,-0.93315,-0.80751,-1.02848
-1.06302,-1.03132,0.14045,-0.97133,-1.22660,-1.27899,-0.95454,-0.87635,-1.07753,-1.05358,-1.01233,-0.82750,-1.03448
-1.07842,-1.09326,0.12336,-1.04067,-1.32990,-1.26745,-1.03177,-0.98438,-1.12545,-1.10341,-1.09655,-0.93292,-1.02010
-1.07090,-1.12827,0.10826,-1.02606,-1.23099,-1.32749,-1.14427,-0.94747,-1.14514,-1.20368,-1.08715,-1.06969,-1.10078
-1.04099,-1.01640,0.08664,-0.83877,-1.06262,-1.11779,-1.00713,-0.91884,-1.05239,-1.12517,-1.03642,-0.99639,-1.00849
-0.98933,-0.96757,0.10234,-0.88969,-0.95823,-1.05658,-0.98205,-1.02243,-0.95358,-1.17824,-0.83897,-0.84246,-0.95350
-0.91723,-0.93662,0.08988,-0.94328,-0.84476,-1.07176,-0.91000,-1.07669,-0.93709,-0.94624,-0.79313,-0.87416,-0.96911
-0.82751,-0.83069,0.10776,-0.95015,-0.62451,-0.91644,-0.81375,-0.86059,-0.81713,-0.97866,-0.74492,-0.73743,-0.86329
-0.72296,-0.71642,0.09189,-0.80444,-0.56419,-0.86537,-0.69113,-0.70125,-0.68148,-0.82350,-0.66327,-0.63730,-0.73226
-0.60634,-0.57085,0.07831,-0.56209,-0.44315,-0.57074,-0.55381,-0.56606,-0.60088,-0.71639,-0.57963,-0.46844,-0.64730
-0.48086,-0.38493,0.08876,-0.32619,-0.32986,-0.36379,-0.33271,-0.39338,-0.44914,-0.50248,-0.48018,-0.21468,-0.45693
-0.34997,-0.25245,0.05613,-0.24659,-0.21389,-0.19458,-0.30605,-0.20605,-0.27522,-0.34352,-0.29563,-0.16730,-0.27564
-0.21831,-0.08930,0.08284,-0.12286,-0.11118,0.01504,-0.16858,0.02545,0.01464,-0.12602,-0.22142,-0.10247,-0.09557
-0.08934,-0.05805,0.09944,-0.24850,-0.06669,0.03522,-0.06754,-0.00930,0.03803,-0.04659,-0.18329,-0.09620,0.06434
0.03438,0.15024,0.09402,0.01886,0.19059,0.27114,0.03114,0.27962,0.18788,0.16742,0.03574,0.16788,0.15209
0.14881,0.19130,0.11250,-0.01842,0.24959,0.32587,0.14887,0.32872,0.19006,0.24229,0.05531,0.25284,0.13790
0.24932,0.23187,0.11312,-0.03854,0.24238,0.33956,0.29437,0.33242,0.19909,0.30048,0.18683,0.29632,0.16583
0.33316,0.32734,0.13035,0.07158,0.33981,0.44825,0.38304,0.44035,0.23913,0.42924,0.28008,0.45584,0.18613
0.39868,0.32458,0.11484,0.22771,0.52361,0.35415,0.32160,0.37889,0.21028,0.44596,0.27931,0.36510,0.13915
0.44354,0.48934,0.11604,0.43664,0.66622,0.62031,0.54849,0.42214,0.33608,0.46428,0.38760,0.62186,0.38976
0.46632,0.40658,0.14098,0.30417,0.67210,0.43851,0.46099,0.41196,0.26640,0.43417,0.34514,0.54845,0.18393
0.46618,0.36295,0.11242,0.24906,0.51142,0.41557,0.34491,0.40477,0.24818,0.34847,0.39693,0.52718,0.18302
0.44350,0.37635,0.12165,0.35989,0.57712,0.47937,0.31136,0.38435,0.21767,0.38573,0.41131,0.46748,0.16921
0.39902,0.36481,0.13879,0.25074,0.57461,0.36593,0.30469,0.37502,0.21234,0.33942,0.40009,0.61620,0.20903
0.33457,0.32600,0.13837,0.41436,0.58151,0.33120,0.28449,0.16056,0.22346,0.28071,0.31115,0.50527,0.16732
0.25216,0.22612,0.11015,0.11783,0.46615,0.26416,0.10367,0.17286,0.18673,0.21545,0.23015,0.34580,0.15843
0.15358,0.09492,0.09337,0.02828,0.14587,0.22305,0.03428,0.02751,0.08729,-0.07620,0.13827,0.21609,0.12476
0.04182,0.06595,0.08806,0.03336,0.20119,0.13467,-0.01054,-0.05430,-0.00440,-0.01206,0.08878,0.17656,0.10622
-0.07904,-0.04844,0.08635,-0.01010,0.07375,0.02589,-0.09844,-0.16903,-0.18153,-0.02870,0.04412,-0.08632,-0.05408
-0.20579,-0.21240,0.09544,-0.10487,-0.12588,-0.14432,-0.26761,-0.21417,-0.43619,-0.24241,-0.15115,-0.20414,-0.23326
-0.33491,-0.42830,0.09799,-0.34118,-0.42874,-0.40959,-0.48709,-0.34712,-0.56828,-0.47578,-0.32062,-0.32223,-0.58239
-0.46382,-0.49382,0.08175,-0.38071,-0.46226,-0.54015,-0.52287,-0.48170,-0.57396,-0.59294,-0.38756,-0.40960,-0.58645
-0.58743,-0.59577,0.09354,-0.42012,-0.57820,-0.57831,-0.58759,-0.59040,-0.71223,-0.67085,-0.47098,-0.67639,-0.67265
-0.70224,-0.70534,0.10108,-0.53552,-0.73655,-0.88881,-0.64184,-0.70560,-0.79370,-0.70238,-0.58257,-0.73580,-0.73059
-0.80476,-0.80511,0.10954,-0.66099,-0.86823,-1.05193,-0.75593,-0.77946,-0.88677,-0.72983,-0.74464,-0.75081,-0.82254
-0.89281,-0.84046,0.11559,-0.70540,-0.88254,-1.06223,-0.77804,-0.76815,-0.97710,-0.77664,-0.76129,-0.76643,-0.92675
-0.96323,-0.96287,0.13399,-0.83293,-0.95993,-1.20555,-0.99175,-0.87102,-1.12983,-0.85645,-0.85619,-0.84865,-1.07637
-1.01311,-0.98546,0.13758,-0.89432,-0.96684,-1.24388,-0.99436,-0.89217,-1.13245,-0.83170,-0.86387,-0.90786,-1.12715
-1.04212,-1.04094,0.13148,-0.97683,-1.01379,-1.27608,-1.01425,-0.93273,-1.20054,-0.89709,-0.89775,-1.03183,-1.16853
-1.04907,-0.96665,0.11531,-0.93502,-0.94251,-1.19459,-0.89395,-0.90425,-1.05794,-0.95328,-0.77092,-0.94844,-1.06557
-1.03345,-0.87851,0.09051,-0.78306,-0.87598,-1.06491,-0.82335,-0.83293,-0.92836,-0.87496,-0.74988,-0.90113,-0.95050
-0.99609,-0.82043,0.08519,-0.75117,-0.81066,-0.92182,-0.68691,-0.84747,-0.91916,-0.79336,-0.71110,-0.85191,-0.91074
-0.93840,-0.74632,0.06073,-0.68450,-0.75600,-0.81485,-0.67037,-0.74446,-0.83372,-0.70585,-0.68930,-0.73891,-0.82523
-0.86137,-0.50185,0.07649,-0.45878,-0.44104,-0.47297,-0.46962,-0.55891,-0.56986,-0.59292,-0.35619,-0.50797,-0.59022
-0.76846,-0.40096,0.11646,-0.36960,-0.26851,-0.29869,-0.45336,-0.42879,-0.47255,-0.65993,-0.33047,-0.29441,-0.43328
-0.66244,-0.42842,0.11398,-0.38228,-0.35701,-0.35951,-0.46258,-0.52168,-0.54752,-0.64408,-0.32827,-0.27376,-0.40754
-0.54470,-0.39208,0.13261,-0.20715,-0.33969,-0.34913,-0.58145,-0.51059,-0.48853,-0.52810,-0.29539,-0.21272,-0.40807
-0.36009,-0.25858,0.13479,-0.11643,-0.17868,-0.25540,-0.47481,-0.42172,-0.25031,-0.40566,-0.25320,-0.09947,-0.13012
-0.31048,-0.08059,0.15498,-0.00630,-0.08072,-0.06541,-0.23541,-0.18182,0.19755,-0.34903,-0.13860,0.03887,0.01503
-0.26274,-0.03493,0.10525,0.00651,-0.06058,-0.05395,-0.12016,-0.10716,0.19381,-0.19853,-0.03039,-0.01415,0.03533
-0.21554,-0.01453,0.11114,-0.01607,-0.08019,-0.10110,-0.03767,-0.10276,0.20044,-0.17206,0.10957,0.00361,0.05094
-0.07795,-0.13675,0.12848,-0.07194,-0.12387,-0.18578,-0.25295,-0.21810,-0.06015,-0.38405,0.06229,-0.11727,-0.01569
-0.12016,-0.10726,0.12720,-0.07707,-0.18724,-0.18005,-0.17931,-0.11730,-0.04595,-0.34794,0.09467,-0.08203,0.04961
-0.16971,-0.07589,0.11498,-0.02345,-0.09155,-0.13911,-0.11129,-0.14112,-0.05447,-0.25534,0.16375,-0.14079,0.03446
-0.22390,-0.16097,0.10631,-0.04477,-0.16414,-0.13284,-0.23660,-0.18051,-0.37060,-0.21598,-0.00483,-0.19298,-0.06647
-0.28105,-0.26553,0.11132,-0.06801,-0.28158,-0.24111,-0.27329,-0.19994,-0.47258,-0.31230,-0.16981,-0.25713,-0.37958
-0.29572,-0.37524,0.11495,-0.16857,-0.41012,-0.35456,-0.42744,-0.26319,-0.56864,-0.40616,-0.32400,-0.32783,-0.50190
-0.43275,-0.58092,0.06674,-0.56473,-0.67368,-0.60215,-0.51639,-0.52135,-0.65420,-0.62376,-0.45820,-0.58610,-0.60861
-0.56897,-0.59218,0.08536,-0.44142,-0.67577,-0.54388,-0.52044,-0.66188,-0.68325,-0.69524,-0.52704,-0.57427,-0.59864
-0.69884,-0.81632,0.08449,-0.87194,-0.86995,-0.86140,-0.72665,-0.77096,-0.95762,-0.84135,-0.68606,-0.72925,-0.84802
-0.72150,-0.94755,0.10881,-1.07390,-1.00875,-1.02372,-0.95565,-0.81918,-1.03200,-1.03986,-0.82679,-0.76307,-0.93253
-0.90232,-1.03804,0.13416,-1.19643,-1.04824,-1.20231,-1.01289,-0.92141,-1.22036,-1.01204,-0.85592,-0.86925,-1.04159
-1.06678,-1.04177,0.11029,-1.20873,-1.08605,-1.16901,-1.12406,-0.93893,-1.01453,-1.10287,-0.93560,-0.90932,-0.92861
-1.21054,-1.08123,0.13491,-1.17917,-1.12087,-1.20628,-1.32459,-0.99096,-1.00844,-1.14111,-0.91665,-1.01347,-0.91074
-1.32556,-1.19175,0.14078,-1.34075,-1.19101,-1.30399,-1.37210,-1.29100,-1.11299,-1.22201,-1.00848,-1.11813,-0.95709
-1.32110,-1.42450,0.10893,-1.44855,-1.47090,-1.52166,-1.43820,-1.62233,-1.34252,-1.47042,-1.24074,-1.34732,-1.34234
-1.45166,-1.42936,0.11651,-1.34003,-1.51171,-1.56899,-1.40373,-1.54985,-1.49812,-1.51293,-1.24272,-1.39414,-1.27138
-1.55201,-1.51981,0.10909,-1.36265,-1.61500,-1.61166,-1.41445,-1.65549,-1.61541,-1.59769,-1.47647,-1.43458,-1.41471
-1.61407,-1.56149,0.12158,-1.31982,-1.69455,-1.63676,-1.42437,-1.67834,-1.59435,-1.54224,-1.60281,-1.47242,-1.64926
-1.63828,-1.61528,0.15068,-1.37447,-1.76615,-1.66973,-1.42947,-1.79313,-1.76341,-1.53359,-1.73767,-1.53018,-1.55501
-1.54124,-1.60404,0.17798,-1.32657,-1.65527,-1.76214,-1.38220,-1.64226,-1.78167,-1.51162,-1.88074,-1.48952,-1.60843
-1.57409,-1.55113,0.16027,-1.41308,-1.65150,-1.70582,-1.38160,-1.49571,-1.75831,-1.44410,-1.80010,-1.40996,-1.45112
-1.57172,-1.54735,0.17475,-1.47694,-1.78334,-1.70952,-1.32489,-1.57471,-1.69569,-1.46661,-1.72578,-1.30518,-1.41082
-1.53408,-1.38516,0.16654,-1.35748,-1.67177,-1.49595,-1.27636,-1.45440,-1.33096,-1.35784,-1.57477,-1.19888,-1.13321
-1.46191,-1.47778,0.17631,-1.45808,-1.80537,-1.44654,-1.29680,-1.50413,-1.38401,-1.40378,-1.72103,-1.22953,-1.52856
-1.27124,-1.40420,0.15351,-1.46106,-1.71572,-1.51640,-1.25047,-1.28049,-1.27341,-1.23425,-1.45789,-1.35385,-1.49844
-1.21794,-1.30827,0.11070,-1.49169,-1.38030,-1.40879,-1.31655,-1.33825,-1.14050,-1.25528,-1.17184,-1.36095,-1.21857
-1.14102,-1.17854,0.11379,-1.35919,-1.17254,-1.31637,-1.13451,-1.16970,-1.18199,-1.22396,-0.93708,-1.15586,-1.13420
-1.04031,-0.99855,0.09811,-1.04573,-0.94975,-1.13457,-1.05180,-0.98373,-1.07994,-0.90632,-0.81432,-0.93496,-1.08436
-0.91861,-0.83111,0.10597,-1.00508,-0.72629,-0.89767,-0.79434,-0.85911,-0.89079,-0.85426,-0.62867,-0.76360,-0.89124
-0.78007,-0.81693,0.11122,-0.96944,-0.80283,-0.94525,-0.77267,-0.70816,-0.88635,-0.82276,-0.61977,-0.73785,-0.90426
-0.62850,-0.61351,0.09522,-0.74006,-0.61250,-0.69537,-0.54607,-0.49885,-0.70429,-0.49906,-0.51640,-0.60712,-0.71538
-0.46686,-0.41936,0.09317,-0.52346,-0.38296,-0.42008,-0.39551,-0.25620,-0.53557,-0.43683,-0.33765,-0.36303,-0.54230
-0.29932,-0.33791,0.10030,-0.50914,-0.33843,-0.24353,-0.31306,-0.18367,-0.47519,-0.32051,-0.27435,-0.31766,-0.40358
-0.13045,-0.17059,0.11460,-0.31892,-0.23920,-0.09247,-0.09844,-0.15659,-0.14114,0.07149,-0.21548,-0.21657,-0.29856
0.03407,0.09164,0.09984,0.00374,0.01283,0.21232,0.04223,0.25282,0.12059,0.19008,0.01565,-0.03633,0.10244
0.18947,0.16411,0.09849,0.00193,0.17338,0.18678,0.17618,0.21082,0.14632,0.34307,0.25812,0.06899,0.07551
0.33236,0.34479,0.10258,0.23133,0.38225,0.35198,0.42946,0.40432,0.24733,0.49791,0.44326,0.24862,0.21147
0.45719,0.34339,0.12436,0.19793,0.38899,0.40892,0.53174,0.42052,0.18803,0.46095,0.37034,0.29347,0.17295
0.51344,0.53574,0.11704,0.30125,0.61193,0.60665,0.70268,0.52040,0.60730,0.50517,0.42658,0.61319,0.46225
0.63068,0.38430,0.16980,0.21294,0.68426,0.56978,0.47138,0.39808,0.16794,0.45605,0.39836,0.29391,0.19033
0.72328,0.37922,0.20775,0.16017,0.62418,0.69275,0.43469,0.40021,0.03113,0.47643,0.48421,0.22794,0.26050
0.78677,0.62425,0.16304,0.41451,0.76041,0.91857,0.72455,0.65499,0.37798,0.62792,0.50952,0.57582,0.67821
0.81840,0.74262,0.15240,0.44372,0.72291,0.97442,0.82652,0.85648,0.71754,0.80550,0.54395,0.75635,0.77885
0.78770,0.52441,0.20087,0.28467,0.70922,0.86318,0.57555,0.56466,0.20818,0.46354,0.39471,0.69821,0.48217
0.79497,0.57694,0.11964,0.38478,0.76361,0.73169,0.64806,0.47053,0.57908,0.57139,0.49378,0.49466,0.63182
0.77240,0.65782,0.14399,0.39858,0.74133,0.83475,0.82460,0.54045,0.69059,0.58081,0.54100,0.63319,0.79293
0.71982,0.68267,0.14829,0.45731,0.82485,0.85772,0.89179,0.57439,0.71517,0.61270,0.49890,0.67857,0.71530
0.63898,0.54576,0.14899,0.25438,0.66443,0.83130,0.63877,0.48540,0.56183,0.50969,0.49846,0.51403,0.49930
0.51773,0.35558,0.14242,0.07824,0.43169,0.37531,0.32892,0.41977,0.45054,0.40393,0.38445,0.54402,0.13896
0.42587,0.24185,0.09458,0.07347,0.32530,0.28805,0.28744,0.26974,0.21628,0.32399,0.32758,0.22327,0.08339
0.31413,0.18164,0.09467,0.07820,0.14831,0.20245,0.28043,0.21290,0.19281,0.35250,0.21767,0.07276,0.05834
0.18708,-0.00072,0.10548,-0.05525,-0.15046,0.15131,0.08973,-0.01348,-0.01351,0.16641,-0.08193,-0.09324,-0.00683
0.00850,-0.10874,0.09758,-0.08282,-0.20974,0.07323,-0.01146,-0.10269,-0.24815,-0.06265,-0.20057,-0.15219,-0.09039
-0.10237,-0.29306,0.11309,-0.23758,-0.38949,-0.17874,-0.20914,-0.16983,-0.53295,-0.33454,-0.28422,-0.23356,-0.36051
-0.21705,-0.40574,0.13437,-0.45719,-0.37042,-0.27531,-0.28059,-0.27080,-0.66389,-0.40675,-0.36515,-0.36687,-0.60044
-0.33352,-0.48047,0.15747,-0.54891,-0.67449,-0.32630,-0.31028,-0.31969,-0.72339,-0.48274,-0.38212,-0.39455,-0.64228
-0.44872,-0.56949,0.13964,-0.62365,-0.77442,-0.45363,-0.38873,-0.52379,-0.75853,-0.51857,-0.41383,-0.53396,-0.70575
-0.57966,-0.66987,0.11033,-0.71624,-0.86929,-0.63099,-0.57864,-0.59915,-0.80392,-0.67899,-0.49414,-0.62019,-0.70716
-0.64479,-0.74658,0.11929,-0.77774,-0.92832,-0.85026,-0.61301,-0.74883,-0.81444,-0.83780,-0.54520,-0.64525,-0.70491
-0.69855,-0.71956,0.11985,-0.69373,-0.96435,-0.61389,-0.67162,-0.80346,-0.87195,-0.63241,-0.64137,-0.62008,-0.68277
-0.74034,-0.79071,0.09817,-0.86948,-0.87269,-0.80747,-0.98067,-0.78772,-0.78544,-0.69818,-0.75493,-0.65387,-0.69666
-0.79956,-0.86330,0.10542,-1.02957,-0.90394,-0.75327,-0.97256,-0.88706,-0.96453,-0.83302,-0.79033,-0.70665,-0.79203
-0.77457,-0.74917,0.06888,-0.89589,-0.68657,-0.76008,-0.71674,-0.78488,-0.75909,-0.79114,-0.74304,-0.64150,-0.71277
-0.73480,-0.79021,0.07758,-0.89594,-0.70199,-0.84388,-0.85732,-0.82200,-0.78389,-0.86673,-0.71335,-0.67971,-0.73734
-0.68213,-0.62757,0.10408,-0.58921,-0.43366,-0.74133,-0.70006,-0.64374,-0.58312,-0.80764,-0.59529,-0.56071,-0.62099
-0.65853,-0.58248,0.06858,-0.55195,-0.42401,-0.60800,-0.65635,-0.57175,-0.60719,-0.66873,-0.54269,-0.59508,-0.59903
-0.54553,-0.45208,0.11159,-0.40738,-0.17230,-0.57431,-0.44407,-0.48597,-0.52914,-0.45835,-0.51509,-0.41584,-0.51833
-0.42505,-0.32412,0.10197,-0.39228,-0.11258,-0.37701,-0.33653,-0.24888,-0.35584,-0.42922,-0.32041,-0.22630,-0.44216
-0.30129,-0.29985,0.09284,-0.41431,-0.15454,-0.33404,-0.38064,-0.20794,-0.23494,-0.38111,-0.28327,-0.21417,-0.39355
-0.17598,-0.14527,0.11759,-0.37852,-0.11555,-0.00603,-0.05018,-0.16620,-0.03214,-0.24895,-0.22400,-0.18183,-0.04927
-0.07318,-0.05837,0.09275,-0.21397,-0.12659,0.02122,0.01401,-0.03658,0.07380,-0.02651,-0.16916,-0.11355,-0.00632
0.07942,0.09170,0.10747,-0.00376,0.10157,0.19282,0.10372,0.18633,0.18255,0.18490,-0.12075,-0.02207,0.11168
0.22128,0.24635,0.08213,0.12246,0.26928,0.23602,0.43159,0.29309,0.22401,0.27441,0.23470,0.17840,0.19953
0.34978,0.37005,0.07079,0.25911,0.38166,0.43351,0.49879,0.36968,0.35780,0.42015,0.34064,0.36100,0.27815
0.41781,0.46641,0.09961,0.35401,0.44474,0.60798,0.65802,0.40704,0.36412,0.51844,0.43220,0.43438,0.44317
0.54424,0.61912,0.18660,0.34516,0.58196,0.73163,1.03917,0.57719,0.63127,0.63114,0.45668,0.50221,0.69480
0.64827,0.69270,0.16722,0.43057,0.74666,0.82414,1.02550,0.69927,0.63222,0.69113,0.50932,0.59884,0.76937
0.72502,0.70855,0.17695,0.42443,0.73873,0.85940,1.02183,0.82637,0.66980,0.63738,0.50257,0.61212,0.79285
0.77044,0.59682,0.21202,0.18697,0.62987,0.84160,0.88003,0.82337,0.48763,0.57636,0.47030,0.47154,0.60051
0.76146,0.45382,0.21114,0.15627,0.63226,0.83045,0.59616,0.61340,0.26759,0.45356,0.41670,0.26606,0.30570
0.78375,0.49550,0.15292,0.20835,0.62401,0.79240,0.52048,0.50241,0.42400,0.55845,0.44241,0.49069,0.39183
0.77555,0.44053,0.18068,0.18872,0.58489,0.75081,0.58427,0.42289,0.23792,0.47627,0.47837,0.46011,0.22107
0.73666,0.61540,0.15007,0.43558,0.90488,0.82739,0.62035,0.54744,0.55105,0.60055,0.50224,0.67608,0.48840
0.62451,0.53006,0.17164,0.39495,0.80440,0.69582,0.65786,0.47561,0.50519,0.41444,0.46405,0.65830,0.22998
0.56834,0.34363,0.17415,0.11428,0.75541,0.35531,0.39415,0.39705,0.24705,0.29628,0.35197,0.36342,0.16134
0.48963,0.27427,0.14430,0.13090,0.50970,0.36925,0.30762,0.15721,0.15842,0.19557,0.35860,0.45210,0.10331
0.38967,0.30130,0.14078,0.35972,0.60872,0.30051,0.30017,0.16356,0.22730,0.20658,0.35167,0.38647,0.10832
0.27116,0.18956,0.12842,0.12896,0.38119,0.14221,0.15805,0.08560,0.18248,0.10590,0.19771,0.45406,0.05947
0.10763,0.09982,0.09244,0.01967,0.29568,0.15158,0.08165,-0.04207,0.13814,0.02466,0.10090,0.14095,0.08704
-0.00001,-0.02267,0.08249,-0.02653,0.12625,0.02780,-0.00010,-0.12657,-0.04400,-0.17116,-0.03669,0.01795,0.00634
-0.11463,-0.23833,0.12317,-0.17463,-0.15384,-0.03602,-0.29696,-0.21931,-0.45567,-0.32283,-0.13473,-0.22700,-0.36230
-0.23570,-0.30948,0.12871,-0.19824,-0.15299,-0.26425,-0.32938,-0.23940,-0.50715,-0.43985,-0.24357,-0.21970,-0.50027
-0.40709,-0.42901,0.11285,-0.30073,-0.34955,-0.50496,-0.44861,-0.31781,-0.56242,-0.49767,-0.31296,-0.37956,-0.61583
-0.49132,-0.60751,0.12536,-0.40229,-0.66876,-0.69011,-0.57564,-0.49239,-0.77013,-0.65639,-0.44564,-0.62835,-0.74543
-0.56822,-0.71066,0.12607,-0.54017,-0.89226,-0.77763,-0.62099,-0.63811,-0.90641,-0.66530,-0.58160,-0.69615,-0.78793
-0.63675,-0.77513,0.11229,-0.60953,-0.92161,-0.92829,-0.71763,-0.71468,-0.91570,-0.72329,-0.69477,-0.71298,-0.81284
-0.69622,-0.88749,0.09962,-0.74165,-0.96171,-1.01304,-0.87423,-0.79705,-1.05183,-0.88981,-0.82369,-0.80652,-0.91544
-0.76362,-1.02067,0.09614,-0.90959,-1.00336,-1.18399,-1.01937,-1.00033,-1.18130,-1.02673,-0.90263,-0.95989,-1.01948
-0.75878,-0.84352,0.06724,-0.78593,-0.82054,-0.92008,-0.82111,-0.89099,-0.98225,-0.83632,-0.76977,-0.79016,-0.81805
-0.73925,-0.81989,0.08154,-0.75231,-0.76403,-0.91064,-0.82800,-0.87773,-0.95964,-0.85786,-0.71461,-0.72920,-0.80492
-0.70636,-0.80350,0.11775,-0.82545,-0.59773,-1.00706,-0.80822,-0.81642,-0.90620,-0.88872,-0.70022,-0.69555,-0.78943
-0.68886,-0.65371,0.09363,-0.60977,-0.49660,-0.72892,-0.63866,-0.63108,-0.68032,-0.85692,-0.59246,-0.64338,-0.65898
-0.59293,-0.45034,0.09479,-0.30978,-0.35620,-0.40630,-0.43941,-0.50591,-0.51487,-0.62267,-0.50123,-0.35567,-0.49139
-0.48664,-0.40804,0.13710,-0.21774,-0.37897,-0.20865,-0.42475,-0.44287,-0.55132,-0.60706,-0.47762,-0.27418,-0.49728
-0.37376,-0.33244,0.11820,-0.25152,-0.20350,-0.22561,-0.36921,-0.31997,-0.55116,-0.49731,-0.34393,-0.21324,-0.34898
-0.25930,-0.21248,0.11871,-0.14099,-0.08605,-0.10944,-0.34521,-0.18701,-0.40558,-0.36753,-0.22514,-0.15538,-0.10244
-0.14641,-0.13362,0.12895,-0.16187,-0.00847,-0.00357,-0.27438,0.07289,-0.27824,-0.26835,-0.23329,-0.11389,-0.06708
-0.03821,-0.03899,0.13714,-0.15761,0.01943,0.15904,0.12020,0.07340,-0.13868,-0.22185,-0.19559,-0.07998,0.03178
0.06373,0.01787,0.12663,-0.11021,0.09457,0.25859,0.04385,0.11410,-0.03708,-0.06968,-0.18339,-0.00091,0.06881
0.15593,0.05726,0.11480,-0.07865,0.12966,0.24597,0.09335,0.22217,-0.03490,0.02231,-0.05856,0.06140,-0.03017
0.23371,0.07901,0.15475,-0.00541,0.35268,0.22250,0.10698,0.23753,-0.02499,0.09015,-0.05652,0.02140,-0.15418
0.29494,0.26765,0.14200,0.10100,0.52178,0.32334,0.28357,0.42184,0.15485,0.26518,0.09768,0.35363,0.15366
0.33899,0.33876,0.17240,0.10814,0.63655,0.30188,0.43267,0.47048,0.21060,0.29002,0.23434,0.53593,0.16697
0.36414,0.32708,0.17088,0.05190,0.53333,0.32215,0.36278,0.48187,0.21809,0.29144,0.23975,0.59905,0.17043
0.36932,0.15112,0.16189,-0.03649,0.44888,0.29578,0.08954,0.26952,-0.11836,0.13935,0.13137,0.15136,0.14023
0.35434,0.15886,0.09715,-0.01882,0.28801,0.25015,0.09719,0.19193,0.06848,0.12765,0.17170,0.27574,0.13658
0.31961,0.20976,0.13025,0.07646,0.17202,0.33750,0.10003,0.20029,0.19630,0.16327,0.18978,0.52194,0.14007
0.26603,0.10187,0.08887,-0.02116,-0.00959,0.20460,0.04848,0.11186,0.12092,0.05914,0.18701,0.24273,0.07473
0.19555,0.04757,0.08002,-0.02550,-0.01644,0.09614,0.02965,0.12463,-0.04529,-0.03795,0.19528,0.07997,0.07524
0.11033,0.01160,0.07655,-0.02756,0.01567,0.07686,0.02533,-0.01069,0.00730,-0.15809,0.12627,-0.01181,0.07268
0.01224,-0.02853,0.07072,-0.05882,0.00570,0.06574,-0.01769,-0.09440,-0.03915,-0.14701,0.05527,-0.09233,0.03736
-0.09600,-0.14473,0.09037,-0.07669,-0.10785,-0.00963,-0.22365,-0.19130,-0.30862,-0.19715,-0.07779,-0.18285,-0.07183
-0.21058,-0.25854,0.08307,-0.13844,-0.24782,-0.23745,-0.24636,-0.22253,-0.45190,-0.33553,-0.21471,-0.25216,-0.23850
-0.32813,-0.36720,0.09047,-0.19711,-0.29324,-0.41099,-0.42659,-0.33252,-0.49323,-0.34180,-0.30924,-0.38943,-0.47782
-0.44614,-0.48662,0.10900,-0.30145,-0.46742,-0.53757,-0.44159,-0.47224,-0.61334,-0.51204,-0.32547,-0.58818,-0.60686
-0.56120,-0.49389,0.09070,-0.32654,-0.52157,-0.55072,-0.46671,-0.46965,-0.60305,-0.57208,-0.35628,-0.54530,-0.52698
-0.66883,-0.53192,0.11035,-0.37251,-0.53464,-0.60632,-0.45842,-0.71150,-0.64828,-0.51860,-0.40109,-0.60515,-0.46274
-0.62458,-0.68457,0.13269,-0.46719,-0.64501,-0.84340,-0.65971,-0.78089,-0.75292,-0.88278,-0.56888,-0.69126,-0.55365
-0.82529,-0.89332,0.10892,-0.82087,-0.88013,-0.98747,-0.96875,-0.81796,-1.05186,-1.02971,-0.72768,-0.80954,-0.83919
-1.01634,-0.97962,0.10512,-0.92147,-0.99164,-1.10580,-1.12450,-0.86919,-1.07993,-1.06048,-0.85494,-0.89981,-0.88848
-1.18705,-1.01016,0.15611,-0.98059,-1.10908,-1.08685,-1.27359,-0.90602,-0.92505,-1.23168,-0.88303,-0.83583,-0.86986
-1.33365,-1.17732,0.16233,-1.23544,-1.33455,-1.14288,-1.37699,-1.27593,-1.02335,-1.38042,-1.00283,-1.01258,-0.98827
-1.28553,-1.32966,0.16370,-1.43978,-1.54344,-1.37657,-1.46194,-1.41752,-1.21264,-1.44383,-1.07746,-1.22949,-1.09395
-1.48545,-1.34306,0.20679,-1.41487,-1.61727,-1.42017,-1.53382,-1.42903,-1.02389,-1.46631,-1.09276,-1.36271,-1.06977
-1.65565,-1.44943,0.17627,-1.47837,-1.66897,-1.58160,-1.58957,-1.49441,-1.30026,-1.52320,-1.18475,-1.52130,-1.15182
-1.78848,-1.47939,0.15437,-1.45836,-1.72171,-1.55202,-1.61262,-1.52749,-1.20803,-1.52190,-1.42552,-1.51181,-1.25449
-1.88478,-1.73069,0.08605,-1.80205,-1.87349,-1.80579,-1.71894,-1.77778,-1.73619,-1.64937,-1.63397,-1.70763,-1.60174
-1.94574,-1.78445,0.08004,-1.74723,-1.93340,-1.86081,-1.83556,-1.82395,-1.79031,-1.66608,-1.75157,-1.71213,-1.72341
-1.86090,-1.82066,0.12895,-1.77505,-1.99329,-1.97858,-1.83333,-1.96215,-1.85306,-1.70904,-1.72298,-1.77684,-1.60232
-1.96924,-1.80351,0.16874,-1.73938,-2.01300,-1.99224,-1.78646,-1.98873,-1.90492,-1.74387,-1.65292,-1.71667,-1.49694
-2.04301,-1.80695,0.15689,-1.65888,-2.01247,-2.00580,-1.74527,-2.04989,-1.81027,-1.76264,-1.68659,-1.68282,-1.65488
-2.08198,-1.86473,0.13573,-1.77433,-1.99668,-2.00297,-1.85343,-2.12211,-1.81329,-1.88326,-1.74466,-1.72202,-1.73453
-2.08618,-1.93958,0.17006,-1.83289,-2.02585,-2.02503,-1.90177,-2.35544,-1.86950,-1.88328,-1.92924,-1.83470,-1.73806
-1.87458,-1.88807,0.24640,-1.63146,-1.99585,-2.03789,-1.83243,-2.44551,-1.84370,-1.89461,-1.88959,-1.75937,-1.55032
-1.92745,-1.87297,0.18508,-1.70966,-1.98926,-2.00510,-1.68577,-2.26986,-1.93708,-1.84786,-1.85971,-1.68282,-1.74254
-1.94605,-1.80356,0.21358,-1.64125,-1.86052,-2.03529,-1.46163,-2.17471,-1.91742,-1.74813,-1.89713,-1.66550,-1.63403
-1.93048,-1.69532,0.16633,-1.51135,-1.81672,-1.77496,-1.43213,-1.95843,-1.82124,-1.63693,-1.78529,-1.52752,-1.68867
-1.88106,-1.65683,0.17204,-1.40432,-1.76339,-1.73427,-1.39497,-1.81958,-1.78553,-1.57019,-1.83591,-1.50232,-1.75781
-1.79827,-1.58515,0.17000,-1.38024,-1.50319,-1.75810,-1.46680,-1.69513,-1.76090,-1.51243,-1.86633,-1.40016,-1.50824
-1.54979,-1.53263,0.14674,-1.41219,-1.61205,-1.66121,-1.39400,-1.59639,-1.59958,-1.45230,-1.81354,-1.34754,-1.43751
-1.51594,-1.32677,0.12183,-1.25823,-1.19482,-1.51576,-1.19763,-1.28997,-1.46037,-1.34913,-1.39767,-1.17335,-1.43073
-1.44900,-1.14350,0.12688,-1.10669,-1.09770,-1.41349,-1.12407,-1.00119,-1.30121,-1.10054,-1.06792,-1.02933,-1.19288
-1.35095,-1.01947,0.13969,-0.92475,-1.01646,-1.36877,-1.02420,-0.90361,-1.08019,-0.96379,-0.86908,-0.99228,-1.05160
-1.22666,-1.00003,0.16864,-0.82465,-0.97055,-1.34431,-0.94379,-0.96398,-1.06717,-0.93340,-0.73955,-1.13727,-1.07559
-0.89800,-0.94656,0.14910,-0.82336,-0.96664,-1.21645,-0.82616,-0.86662,-0.97627,-0.88651,-0.75225,-1.16280,-0.98858
-0.84612,-0.81070,0.09696,-0.80657,-0.78029,-0.95154,-0.70988,-0.89126,-0.87503,-0.72954,-0.63526,-0.86763,-0.85997
-0.78415,-0.51707,0.09592,-0.40227,-0.49592,-0.60314,-0.52679,-0.62833,-0.49295,-0.55650,-0.31591,-0.58156,-0.56738
-0.70990,-0.26370,0.09485,-0.08896,-0.23678,-0.38439,-0.35621,-0.24831,-0.26363,-0.38622,-0.22494,-0.28142,-0.16611
-0.62423,-0.32765,0.11810,-0.09937,-0.26687,-0.43579,-0.43036,-0.29966,-0.33887,-0.47348,-0.19043,-0.33378,-0.40789
-0.52956,-0.43676,0.13219,-0.20480,-0.35301,-0.47399,-0.56086,-0.53008,-0.45760,-0.49867,-0.26341,-0.40047,-0.62468
-0.36608,-0.38717,0.16012,-0.08089,-0.32344,-0.25709,-0.49947,-0.53843,-0.50598,-0.47015,-0.25309,-0.35486,-0.58825
-0.38013,-0.14222,0.14804,-0.01781,-0.09814,-0.01232,-0.31573,-0.18329,-0.03440,-0.41982,0.04877,-0.17935,-0.21014
-0.39399,-0.11724,0.14775,0.00521,0.08862,0.03844,-0.19145,-0.18111,-0.15167,-0.41245,-0.02008,-0.19700,-0.15093
-0.40533,-0.29184,0.15554,-0.06922,-0.18660,-0.17051,-0.39112,-0.25955,-0.39329,-0.46340,-0.12107,-0.32363,-0.54001
-0.27281,-0.39640,0.10786,-0.27166,-0.42376,-0.31284,-0.45111,-0.34200,-0.45917,-0.49385,-0.24212,-0.37663,-0.59090
-0.39741,-0.55271,0.11535,-0.44486,-0.65772,-0.45702,-0.54621,-0.51266,-0.69090,-0.65162,-0.33153,-0.60875,-0.62582
-0.52170,-0.57206,0.11590,-0.40720,-0.60254,-0.44904,-0.60423,-0.52580,-0.76314,-0.65910,-0.43332,-0.60334,-0.67290
-0.63947,-0.53118,0.11999,-0.40617,-0.59693,-0.52823,-0.58664,-0.63618,-0.55070,-0.67669,-0.27202,-0.58736,-0.47085
-0.74900,-0.71323,0.07931,-0.65454,-0.76711,-0.74658,-0.69668,-0.81312,-0.72248,-0.84435,-0.62027,-0.64582,-0.62140
-0.71607,-0.89803,0.11162,-0.82009,-0.89113,-0.95080,-0.91305,-0.89400,-1.17505,-0.90775,-0.82563,-0.76800,-0.83478
-0.91206,-1.06705,0.09139,-1.03751,-1.13194,-1.09826,-1.14097,-1.02221,-1.25407,-1.04734,-0.99275,-0.93427,-1.01114
-1.09638,-1.30812,0.12603,-1.07837,-1.35524,-1.26047,-1.28729,-1.26010,-1.45733,-1.34637,-1.22668,-1.27448,-1.53493
-1.25720,-1.55344,0.14341,-1.39027,-1.66660,-1.48831,-1.39565,-1.69284,-1.74427,-1.44748,-1.50615,-1.45545,-1.74736
-1.38990,-1.63055,0.16753,-1.41490,-1.69317,-1.64352,-1.39417,-1.74835,-1.84995,-1.51012,-1.80459,-1.48330,-1.76340
-1.49341,-1.65214,0.19456,-1.51726,-1.60142,-1.75554,-1.33476,-1.73511,-1.88127,-1.46900,-1.73816,-1.53097,-1.95789
-1.56384,-1.75719,0.23175,-1.61692,-1.68913,-1.93369,-1.39821,-1.70370,-2.01649,-1.56801,-2.01951,-1.57012,-2.05612
-1.59792,-1.68571,0.19638,-1.74864,-1.69617,-1.74824,-1.38445,-1.65686,-1.91561,-1.51941,-1.81692,-1.41176,-1.95909
-1.59700,-1.60169,0.12583,-1.68762,-1.63612,-1.65408,-1.43778,-1.60421,-1.74102,-1.49201,-1.75270,-1.37993,-1.63145
-1.56245,-1.60938,0.17903,-1.67583,-1.83474,-1.57031,-1.38493,-1.44385,-1.69272,-1.48421,-1.66751,-1.42424,-1.91545
-1.49470,-1.48876,0.21111,-1.58353,-1.72149,-1.48594,-1.26040,-1.31386,-1.29911,-1.28831,-1.48555,-1.54065,-1.90871
-1.39507,-1.39437,0.15707,-1.54434,-1.68766,-1.40898,-1.16240,-1.34806,-1.27872,-1.46036,-1.20108,-1.41448,-1.43759
-1.26707,-1.23784,0.12990,-1.33695,-1.40271,-1.33958,-1.09348,-1.23466,-1.26879,-1.33014,-0.97762,-1.15740,-1.23708
-1.11392,-1.15732,0.13261,-1.12566,-1.12442,-1.18698,-1.00437,-1.23136,-1.33190,-1.28109,-0.94530,-1.03821,-1.30391
-0.94065,-0.88598,0.10870,-1.09489,-0.77826,-1.00275,-0.81400,-0.81451,-0.81878,-0.98570,-0.79598,-0.83026,-0.92470
-0.75185,-0.65942,0.19183,-0.97266,-0.24563,-0.69149,-0.48387,-0.66859,-0.66787,-0.60863,-0.73862,-0.73186,-0.78495
-0.55194,-0.38068,0.16945,-0.81090,-0.18677,-0.33810,-0.28291,-0.25669,-0.45344,-0.40449,-0.38957,-0.33737,-0.34657
-0.34457,-0.39445,0.11232,-0.65216,-0.35074,-0.42837,-0.33295,-0.21132,-0.37092,-0.36028,-0.37254,-0.40394,-0.46127
-0.13588,-0.08054,0.13998,-0.28642,-0.18312,-0.14065,0.06191,-0.09744,0.10813,0.14432,-0.16291,-0.15943,-0.08984
0.06867,0.16838,0.09132,-0.00970,0.09450,0.23153,0.25757,0.20953,0.16238,0.28024,0.23472,0.09108,0.13191
0.26391,0.42334,0.11266,0.23923,0.52712,0.49046,0.51183,0.39769,0.25007,0.56835,0.47205,0.40680,0.36982
0.44571,0.55399,0.12499,0.29787,0.54304,0.76147,0.53302,0.53423,0.47275,0.66420,0.51897,0.55538,0.65896
0.60729,0.75126,0.15289,0.41674,0.77439,0.83286,1.03134,0.80956,0.69533,0.77182,0.69625,0.70548,0.77880
0.74366,0.73775,0.12792,0.46016,0.77620,0.82727,0.95399,0.81912,0.75528,0.69235,0.70818,0.69395,0.69100
0.85207,0.76131,0.15719,0.46480,0.75781,0.68703,1.04845,0.84706,0.70783,0.92759,0.67471,0.76901,0.72882
0.92907,0.89949,0.11481,0.72372,0.86252,1.00817,1.08021,0.85147,1.01357,0.92001,0.81419,0.77149,0.94960
0.97160,0.97574,0.19425,0.62458,1.05692,1.11930,1.15678,0.87936,1.16160,1.09418,0.70064,0.87554,1.08853
0.97931,1.09759,0.21964,0.85845,1.03664,1.21714,1.13492,0.92063,1.50993,1.08089,0.86329,0.96665,1.38732
0.95347,0.92411,0.18867,0.70892,0.93476,0.95905,1.00413,0.70556,1.25704,1.02102,0.66415,0.89026,1.09619
0.89488,0.81560,0.17920,0.56596,1.07442,0.88567,0.90719,0.58361,0.86149,0.80183,0.58355,0.91194,0.98038
0.80481,0.71310,0.12302,0.58816,0.76060,0.73528,0.75280,0.56114,0.71216,0.65979,0.58083,0.81878,0.96147
0.68658,0.58510,0.09125,0.53144,0.77801,0.56010,0.64566,0.44771,0.59980,0.55907,0.49733,0.64027,0.59160
0.54378,0.29434,0.14820,0.11230,0.60622,0.37682,0.29749,0.17031,0.38827,0.28455,0.33535,0.26032,0.11182
0.37877,0.16390,0.08122,0.04193,0.16103,0.28895,0.18486,0.15952,0.17812,0.08125,0.29532,0.14522,0.10275
0.19706,0.06512,0.11470,0.07963,0.13357,0.22988,0.10019,-0.05138,0.03648,-0.08422,0.24298,-0.05669,0.02079
0.00384,-0.13684,0.12443,-0.01020,-0.14538,-0.06823,-0.03303,-0.19306,-0.21232,-0.37204,0.04535,-0.23861,-0.14083
-0.19869,-0.30359,0.11895,-0.18833,-0.27832,-0.21873,-0.30919,-0.28477,-0.36376,-0.58899,-0.16221,-0.31110,-0.33046
-0.40630,-0.51562,0.09759,-0.41110,-0.48516,-0.45658,-0.54889,-0.55865,-0.49022,-0.69963,-0.36417,-0.61489,-0.52689
-0.61121,-0.79775,0.07100,-0.85338,-0.73626,-0.78951,-0.81298,-0.82908,-0.83923,-0.89975,-0.82462,-0.73993,-0.65274
-0.81014,-0.93246,0.09545,-0.94829,-0.94558,-0.97433,-1.02006,-0.88657,-1.10549,-0.92467,-0.92627,-0.83623,-0.75713
-0.99861,-1.08139,0.07102,-1.03334,-1.07754,-1.06859,-1.16822,-0.94862,-1.20584,-1.09954,-1.05485,-1.05414,-1.10323
-1.17060,-1.35866,0.12788,-1.12926,-1.34870,-1.30150,-1.30719,-1.32990,-1.64189,-1.35432,-1.34928,-1.38371,-1.44090
-1.31862,-1.48796,0.14353,-1.23434,-1.48515,-1.43304,-1.35369,-1.60615,-1.75245,-1.45452,-1.51941,-1.44333,-1.59750
-1.43811,-1.60607,0.16278,-1.32692,-1.65120,-1.62475,-1.38819,-1.76170,-1.84096,-1.55371,-1.66161,-1.51467,-1.73695
-1.52790,-1.65072,0.19371,-1.40470,-1.62493,-1.71731,-1.36556,-1.84926,-1.91171,-1.49711,-1.80948,-1.53297,-1.79418
-1.58529,-1.76514,0.25184,-1.52394,-1.61783,-1.95793,-1.42661,-2.04846,-2.02497,-1.56768,-2.04530,-1.53262,-1.90604
-1.60781,-1.60018,0.20121,-1.43619,-1.52038,-1.79637,-1.34833,-1.60716,-1.90459,-1.49310,-1.89939,-1.41258,-1.58370
-1.59674,-1.53329,0.15937,-1.48507,-1.34333,-1.69093,-1.35233,-1.61311,-1.77407,-1.44609,-1.72997,-1.38679,-1.51122
-1.55320,-1.43631,0.13619,-1.37109,-1.33278,-1.54382,-1.24088,-1.45514,-1.62898,-1.36888,-1.43052,-1.33253,-1.65851
-1.47763,-1.18039,0.12304,-1.11937,-1.08529,-1.44855,-1.07634,-1.06139,-1.24572,-1.08181,-1.17208,-1.27763,-1.23576
-1.37218,-1.08279,0.15472,-0.97199,-1.07438,-1.39006,-0.97790,-0.95287,-1.15861,-1.02153,-0.89742,-1.27308,-1.11003
-1.24079,-0.95531,0.14307,-0.72690,-0.94728,-1.22761,-0.89482,-0.93284,-1.04720,-0.89208,-0.79926,-1.07140,-1.01368
-1.08625,-0.92310,0.11783,-0.91807,-0.86826,-1.12836,-0.84612,-1.08496,-0.96863,-0.82443,-0.73394,-0.93023,-0.92803
-0.83387,-0.74421,0.11303,-0.85354,-0.61870,-0.88804,-0.68311,-0.89833,-0.78765,-0.68923,-0.56032,-0.73742,-0.72580
-0.72905,-0.50524,0.11279,-0.40492,-0.34701,-0.35174,-0.56034,-0.63559,-0.62766,-0.51579,-0.43590,-0.55061,-0.62285
-0.61497,-0.47812,0.11537,-0.35548,-0.25362,-0.54693,-0.54005,-0.59149,-0.62798,-0.47281,-0.41583,-0.43219,-0.54487
-0.49276,-0.42955,0.11175,-0.38205,-0.24451,-0.37208,-0.46234,-0.52093,-0.63006,-0.48321,-0.36557,-0.32883,-0.50596
-0.36640,-0.32746,0.10797,-0.22363,-0.23951,-0.15086,-0.36237,-0.44480,-0.51025,-0.38111,-0.27892,-0.31725,-0.36593
-0.16229,-0.19968,0.13486,-0.07898,-0.12553,-0.01029,-0.34010,-0.30226,-0.38056,-0.33046,-0.21555,-0.17747,-0.03557
-0.12040,-0.02451,0.09605,-0.04037,-0.07548,0.16851,-0.03078,-0.07049,-0.14588,-0.06308,0.08479,-0.11467,0.04239
-0.08561,0.04341,0.04890,-0.01312,-0.00767,0.11291,0.05141,0.05182,0.06911,-0.02749,0.09448,0.01718,0.08546
-0.05712,0.01917,0.07062,0.01516,0.03991,-0.03432,-0.03264,-0.09055,0.07395,-0.06260,0.09538,0.08283,0.10461
-0.03546,-0.01307,0.09956,-0.01224,-0.04793,0.01497,-0.00377,-0.02015,0.08560,-0.22872,0.08787,-0.10426,0.09794
0.01758,-0.07767,0.10801,-0.00474,0.02931,-0.02452,-0.22988,-0.09953,-0.07287,-0.29861,0.01522,-0.07890,-0.01216
-0.06158,-0.08266,0.13878,-0.01778,0.05308,0.18350,-0.13533,-0.14742,-0.15781,-0.32990,-0.05524,-0.15401,-0.06572
-0.14917,-0.05423,0.12495,-0.00410,0.05733,0.14280,0.01788,-0.15977,-0.20325,-0.26917,-0.06999,-0.01593,-0.03806
-0.24044,-0.15864,0.07855,-0.07676,-0.09734,-0.10255,-0.14901,-0.22331,-0.16216,-0.33111,-0.09242,-0.21398,-0.13775
-0.24227,-0.31024,0.10690,-0.20902,-0.27755,-0.17907,-0.34467,-0.28756,-0.37123,-0.55879,-0.22918,-0.31130,-0.33400
-0.41849,-0.54357,0.07167,-0.47482,-0.51368,-0.51051,-0.51306,-0.52266,-0.64025,-0.63542,-0.42571,-0.59102,-0.60853
-0.59264,-0.61595,0.08431,-0.52168,-0.64289,-0.56268,-0.52767,-0.67340,-0.68359,-0.79431,-0.55803,-0.60098,-0.59427
-0.75835,-0.67321,0.13911,-0.54792,-0.69102,-0.78484,-0.65660,-0.74297,-0.71208,-0.94781,-0.52992,-0.65228,-0.46668
-0.91345,-0.84841,0.06957,-0.81643,-0.88816,-0.89636,-0.88108,-0.81974,-0.89808,-0.97401,-0.77574,-0.76103,-0.77350
-0.95462,-1.02125,0.09058,-0.97530,-1.06069,-1.09598,-1.06059,-0.94000,-1.12096,-1.16353,-0.93036,-0.89897,-0.96607
-1.15422,-1.23653,0.09820,-1.14799,-1.19392,-1.16516,-1.31322,-1.38288,-1.31221,-1.35803,-1.09299,-1.17825,-1.22071
-1.33512,-1.29702,0.11824,-1.26310,-1.36392,-1.38978,-1.36112,-1.40136,-1.32576,-1.42734,-1.08543,-1.22535,-1.12704
-1.48912,-1.34740,0.15109,-1.29146,-1.49959,-1.41611,-1.40579,-1.47822,-1.26675,-1.47873,-1.10140,-1.43684,-1.09911
-1.60969,-1.55629,0.14677,-1.50087,-1.68093,-1.60009,-1.44488,-1.69065,-1.66489,-1.66586,-1.40085,-1.65084,-1.26308
-1.56546,-1.68582,0.13386,-1.73116,-1.82507,-1.75097,-1.50564,-1.83914,-1.78208,-1.72472,-1.51188,-1.69780,-1.48978
-1.69840,-1.68605,0.15829,-1.64323,-1.81304,-1.83193,-1.52980,-1.94785,-1.78979,-1.62664,-1.50544,-1.70150,-1.47123
-1.79908,-1.64150,0.16199,-1.53952,-1.74591,-1.77207,-1.45400,-1.95158,-1.77194,-1.54623,-1.48607,-1.63345,-1.51426
-1.86714,-1.57426,0.14736,-1.45889,-1.68290,-1.55249,-1.47922,-1.84934,-1.76073,-1.51181,-1.44284,-1.59919,-1.40523
-1.90237,-1.71242,0.15604,-1.71058,-1.78164,-1.73991,-1.46870,-2.02723,-1.83885,-1.71432,-1.53891,-1.62302,-1.68100
-1.90476,-1.77784,0.15542,-1.91579,-1.79555,-1.79456,-1.52395,-2.02457,-1.92644,-1.70513,-1.62176,-1.64288,-1.82779
-1.79777,-1.79326,0.17992,-1.85323,-1.87971,-1.88957,-1.49260,-2.02679,-2.01989,-1.59258,-1.68604,-1.64997,-1.84224
-1.81891,-1.65492,0.18816,-1.64431,-1.60617,-1.72760,-1.34795,-1.80126,-1.95653,-1.38482,-1.64267,-1.61186,-1.82602
-1.80755,-1.51288,0.17395,-1.53124,-1.48332,-1.64560,-1.29483,-1.41227,-1.84307,-1.27809,-1.64139,-1.41347,-1.58551
-1.76389,-1.39963,0.19554,-1.58709,-1.45762,-1.40861,-1.17841,-1.24701,-1.82973,-1.23716,-1.27042,-1.33984,-1.44036
-1.68834,-1.42344,0.17904,-1.72536,-1.47864,-1.48835,-1.24813,-1.26128,-1.69331,-1.20557,-1.44142,-1.33036,-1.36198
-1.47291,-1.54228,0.18498,-1.88236,-1.64389,-1.58877,-1.30146,-1.33167,-1.56632,-1.43374,-1.52468,-1.39796,-1.75199
-1.41831,-1.35791,0.19358,-1.57846,-1.42240,-1.45327,-1.13630,-1.08681,-1.25452,-1.13581,-1.44220,-1.42712,-1.64223
-1.33554,-1.28401,0.13459,-1.54708,-1.37730,-1.38299,-1.11634,-1.14263,-1.17714,-1.19060,-1.23980,-1.32097,-1.34528
-1.22635,-1.12580,0.10781,-1.17608,-1.11248,-1.25393,-1.04642,-1.12166,-1.28569,-1.14188,-0.90838,-1.05440,-1.15708
-1.09379,-1.06411,0.10238,-1.08553,-0.95234,-1.09563,-1.08450,-1.06045,-1.16888,-1.13654,-0.84598,-1.02591,-1.18531
-0.94321,-0.89290,0.11933,-0.98825,-0.89067,-0.93026,-0.88180,-0.85823,-1.00281,-1.00710,-0.62666,-0.77307,-0.97012
-0.77817,-0.76449,0.13238,-0.95192,-0.71656,-0.74725,-0.64689,-0.60380,-0.80765,-0.94013,-0.61661,-0.70184,-0.91230
-0.60023,-0.53622,0.09830,-0.70753,-0.46999,-0.49014,-0.51470,-0.47363,-0.60966,-0.46310,-0.44680,-0.48973,-0.69692
-0.41631,-0.36715,0.12934,-0.56313,-0.32102,-0.18142,-0.46581,-0.20676,-0.41706,-0.30869,-0.35435,-0.31060,-0.54264
-0.23076,-0.26776,0.14687,-0.50938,-0.36035,-0.14744,-0.21578,-0.20047,-0.16432,-0.06790,-0.27979,-0.23315,-0.49905
-0.04780,-0.10974,0.12846,-0.21331,-0.27275,-0.00489,0.00396,-0.03493,0.01722,0.05070,-0.19454,-0.16810,-0.28076
0.13059,0.11064,0.11607,0.02758,0.04090,0.22355,0.20681,0.11841,0.04932,0.35851,0.05656,0.01218,0.01259
0.29918,0.19451,0.10901,0.06980,0.02279,0.28433,0.32808,0.22299,0.09359,0.30672,0.28589,0.19985,0.13106
0.45017,0.52478,0.15429,0.17446,0.51884,0.61963,0.71607,0.66536,0.45799,0.57639,0.42196,0.60903,0.48810
0.57998,0.37311,0.15575,0.17637,0.43981,0.42814,0.58256,0.46028,0.11224,0.48044,0.45261,0.40869,0.19001
0.68752,0.61206,0.19267,0.33508,0.61539,0.78026,0.91845,0.65218,0.32126,0.78874,0.49234,0.65009,0.56687
0.76896,0.73255,0.14704,0.49213,0.77184,0.91861,0.82752,0.61730,0.68050,0.94144,0.56445,0.71967,0.79202
0.82098,0.78712,0.15852,0.54634,0.77358,1.05428,0.93096,0.68351,0.75665,0.87220,0.58169,0.76513,0.90687
0.84245,0.65804,0.11341,0.46538,0.68036,0.84171,0.67137,0.53336,0.68939,0.72355,0.54280,0.67534,0.75718
0.83347,0.78058,0.18025,0.53399,0.77813,0.89763,1.01987,0.57333,0.91201,0.71111,0.57095,0.80197,1.00679
0.79445,0.77657,0.16633,0.58229,0.78951,0.91764,0.96845,0.58116,0.82247,0.72526,0.53318,0.85428,0.99144
0.72696,0.67482,0.11140,0.60043,0.70320,0.82506,0.72757,0.52048,0.62553,0.64373,0.51693,0.79920,0.78607
0.63281,0.62843,0.10844,0.66589,0.76568,0.68994,0.53721,0.49211,0.60426,0.70393,0.51055,0.78593,0.52881
0.51464,0.42528,0.12514,0.39091,0.59077,0.39236,0.32166,0.43545,0.42090,0.46233,0.45440,0.61110,0.17295
0.37569,0.29848,0.10939,0.29661,0.41318,0.51673,0.17967,0.32970,0.23002,0.34794,0.29427,0.20250,0.17421
0.22037,0.11966,0.09076,0.09612,0.24094,0.27174,0.04768,0.02230,0.11262,0.05832,0.22213,0.07244,0.05228
0.05162,-0.01668,0.09694,-0.01871,0.12348,0.12571,-0.04723,-0.11772,-0.07387,-0.05468,0.10020,-0.11905,-0.08494
-0.12672,-0.15685,0.06745,-0.14222,-0.14198,-0.04143,-0.17942,-0.20694,-0.19135,-0.20554,-0.04134,-0.23916,-0.17912
-0.30915,-0.27922,0.09686,-0.13717,-0.26565,-0.17412,-0.35081,-0.25479,-0.34436,-0.44838,-0.17820,-0.29682,-0.34191
-0.49120,-0.47874,0.08159,-0.38631,-0.35962,-0.48525,-0.53122,-0.47495,-0.50127,-0.58251,-0.36844,-0.57206,-0.52583
-0.66847,-0.73086,0.08251,-0.76579,-0.63424,-0.81998,-0.76252,-0.78090,-0.84879,-0.72639,-0.59863,-0.72917,-0.64222
-0.83747,-0.89606,0.11868,-0.90788,-0.84780,-0.99273,-0.95813,-0.88120,-1.15960,-0.87412,-0.77485,-0.79440,-0.76987
-0.99222,-1.01778,0.18595,-0.96185,-0.88635,-1.07178,-1.01530,-0.90232,-1.52266,-0.93268,-0.94502,-0.93443,-1.00542
-1.12814,-1.12260,0.19002,-1.10730,-1.01740,-1.13240,-1.11722,-0.94320,-1.63279,-1.04659,-1.00093,-1.10111,-1.12708
-1.24329,-1.28455,0.19982,-1.31181,-1.21485,-1.35926,-1.14840,-1.04589,-1.76595,-1.17268,-1.17053,-1.25177,-1.40436
-1.33427,-1.27956,0.19880,-1.38542,-1.16723,-1.38196,-1.17393,-1.05711,-1.73955,-1.20571,-1.12552,-1.17964,-1.37952
-1.39646,-1.32148,0.21255,-1.48982,-1.22753,-1.48812,-1.15761,-1.02370,-1.73308,-1.27891,-1.11371,-1.28049,-1.42186
-1.42822,-1.31733,0.19164,-1.64034,-1.22227,-1.38632,-1.13734,-1.13360,-1.66291,-1.19972,-1.23465,-1.23878,-1.31741
-1.42982,-1.30279,0.15645,-1.50870,-1.31188,-1.43306,-1.13750,-1.06488,-1.45788,-1.24867,-1.20483,-1.19091,-1.46956
-1.40127,-1.32276,0.16812,-1.52752,-1.15462,-1.46212,-1.16107,-1.11718,-1.40972,-1.20746,-1.23205,-1.38014,-1.57570
-1.34362,-1.22345,0.15778,-1.44931,-1.08590,-1.36909,-1.12895,-0.95671,-1.22551,-1.20483,-1.10530,-1.30863,-1.40025
-1.25894,-1.15611,0.11629,-1.20192,-1.12278,-1.34483,-1.03248,-0.96442,-1.21829,-1.27592,-1.04826,-1.16619,-1.18602
-1.14888,-0.98372,0.11323,-1.02427,-0.89806,-1.17085,-0.93798,-0.96537,-1.13448,-0.96120,-0.80846,-0.88298,-1.05352
-1.01616,-0.94635,0.12423,-1.04859,-0.79893,-0.97737,-0.85443,-1.05864,-1.05133,-1.04878,-0.73187,-0.85413,-1.03944
-0.86581,-0.74414,0.09514,-0.84855,-0.65654,-0.81115,-0.72170,-0.76138,-0.77461,-0.83590,-0.55661,-0.65686,-0.81811
-0.70194,-0.51937,0.09108,-0.65367,-0.41484,-0.48506,-0.49056,-0.48099,-0.60025,-0.50145,-0.47849,-0.41683,-0.67159
-0.52648,-0.32416,0.10274,-0.48669,-0.32904,-0.15598,-0.35838,-0.21556,-0.38675,-0.36868,-0.31651,-0.20936,-0.41460
-0.34318,-0.25203,0.11247,-0.47101,-0.23894,-0.09764,-0.23480,-0.09557,-0.35461,-0.27543,-0.30028,-0.19169,-0.26030
-0.15881,-0.16147,0.11769,-0.34418,-0.15912,0.06515,-0.07872,-0.11692,-0.26518,-0.07864,-0.27263,-0.17103,-0.19343
0.02158,0.07690,0.13049,-0.07707,0.06358,0.28420,0.22294,0.16721,0.02641,0.15758,-0.07659,-0.07893,0.07969
0.19591,0.15411,0.14500,0.05044,0.20247,0.28731,0.24406,0.32244,-0.04096,0.31065,0.13723,-0.08555,0.11299
0.35966,0.38000,0.15879,0.13955,0.54646,0.53523,0.50958,0.43833,0.12584,0.50571,0.39759,0.34478,0.25691
0.50753,0.58968,0.14317,0.28292,0.65882,0.74135,0.66362,0.54344,0.46449,0.74579,0.50068,0.63641,0.65926
0.63307,0.70969,0.13678,0.42896,0.77201,0.91861,0.77476,0.66317,0.68112,0.80116,0.56208,0.71741,0.77761
0.73846,0.76145,0.14488,0.48301,0.82021,0.91477,0.87860,0.70004,0.79925,0.77888,0.55192,0.78192,0.90594
0.78572,0.74418,0.16214,0.45779,0.79389,0.87250,0.78479,0.58389,0.89461,0.87940,0.51477,0.82770,0.83248
0.80277,0.63201,0.18539,0.21425,0.69112,0.81907,0.74064,0.48947,0.70895,0.62679,0.49086,0.78601,0.75292
0.78973,0.69037,0.17491,0.35985,0.80452,0.80514,0.78308,0.47648,0.74620,0.72667,0.51061,0.82774,0.86341
0.74773,0.74402,0.16202,0.71050,0.82905,0.93664,0.59450,0.55433,0.88771,0.63693,0.52573,0.79765,0.96720
0.67851,0.64293,0.13072,0.65207,0.68537,0.67913,0.43367,0.51884,0.72885,0.62016,0.48869,0.77221,0.85029
0.58379,0.53119,0.09150,0.54653,0.58973,0.60935,0.38495,0.48927,0.55494,0.48418,0.44949,0.70906,0.49442
0.46729,0.35713,0.09069,0.42528,0.51101,0.37468,0.30607,0.39395,0.32378,0.43065,0.30636,0.31787,0.18167
0.33117,0.18429,0.07791,0.24822,0.22132,0.30360,0.13811,0.23422,0.11347,0.19614,0.21578,0.03679,0.13523
0.17920,-0.01376,0.10487,0.07429,-0.02021,0.09694,0.01614,-0.07948,-0.21153,0.07360,0.08548,-0.14374,-0.02908
0.01527,-0.19273,0.10687,-0.10115,-0.14666,-0.10951,-0.16820,-0.19471,-0.44202,-0.18306,-0.07465,-0.22981,-0.27756
-0.15530,-0.31394,0.10184,-0.20492,-0.27001,-0.23679,-0.30079,-0.22251,-0.47374,-0.42072,-0.23788,-0.30882,-0.46325
-0.32863,-0.40833,0.10237,-0.30560,-0.35045,-0.28994,-0.43011,-0.36268,-0.54377,-0.53235,-0.28558,-0.46648,-0.51632
-0.50180,-0.54587,0.09155,-0.44945,-0.47863,-0.59041,-0.50165,-0.66236,-0.61397,-0.60509,-0.36923,-0.60214,-0.58574
-0.67000,-0.62266,0.08958,-0.54925,-0.55350,-0.78308,-0.57133,-0.72479,-0.61153,-0.65143,-0.48028,-0.66560,-0.63586
-0.82853,-0.83841,0.06159,-0.84651,-0.77251,-0.91631,-0.92002,-0.84184,-0.89822,-0.85128,-0.73966,-0.78538,-0.81232
-0.97289,-1.01072,0.09706,-1.06588,-0.89237,-1.04357,-1.04664,-0.91518,-1.22521,-1.03974,-0.97849,-0.97245,-0.92767
-1.09887,-1.12258,0.17821,-1.14315,-1.07764,-1.02376,-1.08191,-0.98041,-1.60679,-1.06326,-1.01056,-1.09451,-1.14382
-1.20278,-1.15424,0.16854,-1.24131,-1.11529,-1.09415,-1.11174,-0.96923,-1.59175,-1.11265,-1.04116,-1.12769,-1.13745
-1.28061,-1.26947,0.16306,-1.39305,-1.37396,-1.31618,-1.14528,-1.07825,-1.62742,-1.20700,-1.13938,-1.24027,-1.17396
-1.33079,-1.29059,0.15633,-1.48600,-1.47681,-1.24006,-1.09871,-1.17568,-1.54541,-1.13531,-1.26248,-1.25011,-1.23531
-1.35316,-1.31969,0.20101,-1.59838,-1.50712,-1.38019,-1.15046,-1.08749,-1.58286,-1.05964,-1.28274,-1.16865,-1.37938
-1.34681,-1.29180,0.13428,-1.43032,-1.41315,-1.38614,-1.11954,-1.11040,-1.36589,-1.17469,-1.29830,-1.17381,-1.44579
-1.31193,-1.33826,0.22217,-1.43485,-1.51164,-1.45390,-1.07724,-1.12785,-1.22858,-1.05003,-1.30890,-1.43432,-1.75525
-1.25026,-1.26761,0.15356,-1.50644,-1.40994,-1.36490,-1.08088,-1.08603,-1.25074,-1.11319,-1.14869,-1.39730,-1.31797
-1.16301,-1.24235,0.13471,-1.38527,-1.42881,-1.33964,-1.05802,-1.16963,-1.30798,-1.28444,-1.01511,-1.23181,-1.20278
-1.05274,-1.02510,0.11929,-1.05605,-1.06872,-1.18295,-0.94306,-1.06914,-1.13586,-0.88433,-0.83329,-0.93301,-1.14454
-0.92254,-1.01527,0.11779,-1.06959,-1.04152,-1.05209,-0.88796,-1.05873,-1.14360,-1.13552,-0.78846,-0.89307,-1.08221
-0.77765,-0.90757,0.15346,-1.10487,-0.95288,-0.95423,-0.77418,-0.81385,-0.91985,-1.12094,-0.67792,-0.73338,-1.02355
-0.61956,-0.67245,0.12436,-0.96390,-0.59754,-0.61120,-0.53113,-0.64530,-0.70304,-0.73204,-0.55997,-0.63358,-0.74680
-0.45220,-0.34557,0.12020,-0.56063,-0.27325,-0.17740,-0.38565,-0.25747,-0.40470,-0.39348,-0.29325,-0.22804,-0.48185
-0.27996,-0.23636,0.10385,-0.44420,-0.27513,-0.13127,-0.12279,-0.15631,-0.25191,-0.16050,-0.27210,-0.19792,-0.35152
-0.10961,-0.13669,0.14596,-0.35544,-0.25737,-0.04931,-0.03030,0.00217,-0.08118,0.07709,-0.22870,-0.12366,-0.32017
0.05478,0.10257,0.12174,-0.09901,0.08706,0.27163,0.23723,0.15037,0.03916,0.25200,0.02167,0.01198,0.05361
0.20901,0.27574,0.11161,0.08949,0.36656,0.35677,0.34748,0.31521,0.20206,0.41931,0.17870,0.33580,0.14595
0.35114,0.37092,0.17797,0.10825,0.37170,0.65477,0.48715,0.41862,0.16934,0.55507,0.30157,0.45453,0.18824
0.47411,0.46179,0.17915,0.20649,0.47087,0.76045,0.64649,0.45973,0.23452,0.53489,0.40494,0.59075,0.30877
0.57672,0.54957,0.16245,0.34326,0.69918,0.83035,0.62294,0.46661,0.29857,0.60913,0.44671,0.61328,0.56571
0.65558,0.75500,0.15890,0.46591,0.73640,0.94766,0.92936,0.73511,0.71391,0.87632,0.53444,0.75412,0.85672
0.70801,0.80081,0.17884,0.53738,0.74194,0.93196,1.15224,0.71518,0.79956,0.91882,0.58189,0.76593,0.86324
0.73158,0.79261,0.19533,0.65870,0.63482,1.01030,1.16540,0.69957,0.85658,0.81102,0.47534,0.80379,0.81054
0.72639,0.62180,0.29220,0.34288,0.86673,0.71978,1.18027,0.51192,0.69529,0.49327,0.34201,0.83383,0.23205
0.69317,0.72480,0.31907,0.82821,0.85425,0.90546,1.41020,0.44944,0.68901,0.53338,0.32781,0.84327,0.40696
0.63310,0.78256,0.20919,0.94768,0.90281,0.94152,1.08134,0.64119,0.64609,0.58118,0.42068,0.93802,0.72513
0.54869,0.66120,0.33054,0.64236,1.19987,0.81671,0.91813,0.32504,0.49991,0.68611,0.12420,0.99276,0.40693
0.44118,0.19176,0.15130,0.04009,0.11738,0.17664,0.30296,0.25986,0.38143,0.31724,-0.11521,0.29880,0.13839
0.31364,-0.23591,0.33488,-0.88783,-0.14384,-0.71133,-0.01330,-0.14481,-0.03012,0.21846,-0.37436,-0.18083,-0.09109
0.16958,-0.70348,0.25001,-0.75028,-0.96681,-1.07120,-0.50210,-0.58828,-1.06851,-0.39450,-0.51170,-0.51637,-0.66504
0.01467,-0.43194,0.28638,-0.16115,-0.60298,-0.23274,-0.33273,-0.98048,-0.62088,-0.28372,-0.05175,-0.34614,-0.70684
-0.14735,-0.75056,0.41644,-0.27161,-0.30806,-0.33346,-1.60366,-1.00418,-1.03776,-0.56824,-0.89977,-0.61437,-0.86445
-0.31046,-0.49125,0.13981,-0.25505,-0.33666,-0.59393,-0.52454,-0.51246,-0.53917,-0.69819,-0.34155,-0.49088,-0.62005
0.00285,0.06216,0.10998,-0.01436,0.13012,0.07294,0.05182,-0.08081,0.11252,-0.09885,0.27987,0.10531,0.06306
0.00285,0.06156,0.10933,-0.01436,0.12684,0.07054,0.05162,-0.08036,0.11268,-0.09754,0.27952,0.10392,0.06276
0.00286,0.06279,0.11989,-0.01020,0.14048,0.06566,0.04720,-0.07968,0.10035,-0.13733,0.27203,0.17308,0.05635
0.00273,0.04032,0.10238,-0.01926,0.02836,0.05339,0.02873,-0.11316,0.08772,-0.04143,0.28043,0.04469,0.05369
0.00270,0.04384,0.09482,-0.02250,0.03281,0.07235,0.01312,-0.09384,0.07678,-0.03354,0.25440,0.10786,0.03098
0.00249,0.07246,0.12092,0.02734,0.11437,0.14259,0.03164,-0.10067,0.16557,-0.07824,0.09485,0.30979,0.01733
0.00187,0.08514,0.19121,0.02780,0.04404,0.13172,0.05674,-0.13731,0.12852,-0.17808,0.18621,0.52106,0.07074
0.00092,0.03852,0.10814,0.02804,-0.07249,0.14920,-0.00018,-0.10588,0.06338,-0.00217,0.14871,0.22767,-0.05110
-0.00002,0.08913,0.15141,0.02215,-0.04601,0.13491,0.02702,-0.04344,0.13236,0.14379,0.06535,0.46872,-0.01356
-0.00114,0.09951,0.23571,0.01748,0.01863,0.16351,0.00719,-0.05592,0.11564,-0.07484,0.08564,0.73609,-0.01828
-0.00266,0.02722,0.12871,-0.01371,-0.02318,0.08748,0.02638,-0.05911,0.10796,-0.17900,-0.00425,0.31628,0.01330
-0.00462,-0.06324,0.12784,-0.17263,-0.07243,0.16086,-0.12066,-0.03874,-0.25564,-0.12201,-0.03675,0.13149,-0.10585
-0.00686,-0.04482,0.10016,-0.05466,-0.07012,0.09526,-0.06950,-0.02252,-0.12300,-0.22148,-0.09009,0.12446,-0.01658
-0.00945,-0.06351,0.05750,-0.09412,-0.07226,0.05115,-0.04957,-0.07798,-0.15491,-0.10116,-0.09971,-0.01514,-0.02143
-0.01242,0.00019,0.05207,-0.00087,-0.06389,0.05950,0.00255,0.02785,0.04641,0.05618,-0.07942,-0.06386,0.01744
-0.00679,0.02366,0.05114,-0.00394,0.00153,0.04906,0.02008,0.00576,0.13420,0.04573,-0.05003,-0.02216,0.05639
-0.02291,-0.02678,0.06063,-0.02228,-0.03368,0.08397,-0.07394,-0.04409,0.00853,-0.01174,-0.11816,-0.09300,0.03659
-0.02424,-0.05570,0.05490,-0.03488,-0.08267,0.03838,-0.10462,-0.01033,-0.09113,-0.11963,-0.11100,-0.05057,0.00942
-0.02882,-0.01602,0.04272,-0.02597,-0.02476,0.07678,-0.03681,-0.01917,-0.06476,0.00478,-0.05131,-0.04860,0.02960
-0.03412,0.01789,0.05211,-0.03028,-0.02255,0.10989,-0.04617,-0.00678,0.09325,0.02253,-0.00997,0.02275,0.04622
-0.03990,-0.03038,0.04947,-0.03074,-0.03201,0.07666,-0.06272,-0.00467,-0.02193,-0.09176,-0.09909,-0.02229,-0.01521
-0.04623,-0.06765,0.05862,-0.04502,-0.05599,0.03544,-0.10792,-0.09071,-0.05587,-0.10197,-0.17981,-0.06700,-0.00766
-0.05313,-0.07545,0.07595,-0.07010,-0.04869,0.05455,-0.08021,-0.08477,-0.16972,-0.06114,-0.22337,-0.03373,-0.03738
-0.06067,-0.07698,0.07248,-0.04179,-0.04135,0.02916,-0.06980,-0.10498,-0.18515,-0.06779,-0.20771,-0.06353,-0.01689
-0.06880,-0.06166,0.06815,-0.03297,-0.06022,0.07290,-0.07400,-0.08041,-0.16804,-0.01191,-0.15281,-0.06355,-0.04560
-0.08142,-0.04622,0.06362,-0.03398,-0.02359,0.04432,-0.03766,-0.09951,-0.06445,-0.01399,-0.18303,-0.06804,0.01771
-0.08799,-0.05268,0.04174,-0.04890,-0.03859,0.00105,-0.02060,-0.10864,-0.04230,-0.06712,-0.10312,-0.10192,0.00329
-0.09670,-0.03003,0.05062,-0.03903,-0.02912,0.03828,-0.03408,-0.09210,0.01985,0.00106,-0.10004,-0.08771,0.02254
-0.10762,-0.11234,0.08182,-0.05355,-0.10252,0.01955,-0.11650,-0.13789,-0.28108,-0.14250,-0.16569,-0.11083,-0.03238
-0.11906,-0.10400,0.07225,-0.04731,-0.08481,0.01242,-0.07330,-0.13985,-0.21250,-0.14377,-0.20150,-0.11361,-0.03573
-0.13114,-0.05390,0.06120,-0.04572,-0.02478,0.04848,-0.04256,-0.12177,-0.12984,-0.01876,-0.12126,-0.09490,0.01212
-0.13819,-0.05660,0.16468,-0.02884,0.34761,0.01245,-0.03207,-0.16998,-0.09110,-0.27531,-0.16203,-0.09152,-0.07521
-0.15683,-0.12969,0.11083,-0.05530,0.02031,0.01160,-0.09931,-0.17686,-0.18629,-0.35253,-0.20901,-0.13494,-0.11459
-0.17178,-0.09132,0.10358,-0.03850,0.07598,0.00968,-0.04455,-0.15716,-0.09255,-0.28633,-0.19580,-0.09965,-0.08437
-0.18604,-0.12883,0.10233,-0.05365,-0.00610,0.03138,-0.09414,-0.16614,-0.17659,-0.31465,-0.21742,-0.14049,-0.15050
-0.20124,-0.23632,0.11201,-0.32036,-0.14130,-0.05111,-0.18577,-0.20107,-0.41975,-0.37749,-0.27711,-0.19642,-0.19280
-0.21698,-0.22182,0.10464,-0.13895,-0.11458,-0.08273,-0.17238,-0.20236,-0.38326,-0.37995,-0.29915,-0.20045,-0.24440
-0.23516,-0.20076,0.10275,-0.09826,-0.16815,-0.02337,-0.17908,-0.18430,-0.39235,-0.30314,-0.25974,-0.18264,-0.21659
-0.25262,-0.21160,0.08055,-0.23595,-0.14369,-0.11986,-0.12614,-0.19193,-0.38452,-0.25795,-0.27303,-0.20652,-0.17644
-0.26678,-0.18046,0.07781,-0.10223,-0.15265,-0.06762,-0.11505,-0.21427,-0.32364,-0.20319,-0.26913,-0.19502,-0.16187
-0.28403,-0.21479,0.08016,-0.10552,-0.16201,-0.10878,-0.18049,-0.20981,-0.36591,-0.25423,-0.27650,-0.22046,-0.26417
-0.30137,-0.25407,0.08443,-0.09986,-0.17761,-0.22717,-0.28763,-0.21431,-0.41837,-0.28325,-0.30124,-0.24629,-0.28501
-0.31875,-0.27496,0.07806,-0.18242,-0.21390,-0.19616,-0.27320,-0.23355,-0.43813,-0.35501,-0.30649,-0.25805,-0.29265
-0.33626,-0.31245,0.10218,-0.20090,-0.23779,-0.21882,-0.28253,-0.23211,-0.47761,-0.39046,-0.31648,-0.29375,-0.47404
-0.35372,-0.32660,0.08721,-0.26285,-0.25884,-0.30979,-0.27995,-0.22541,-0.48115,-0.36120,-0.32152,-0.29408,-0.47125
-0.37086,-0.30076,0.10579,-0.15635,-0.23473,-0.21049,-0.30714,-0.22650,-0.47329,-0.35211,-0.30722,-0.27039,-0.46939
-0.38765,-0.34577,0.11112,-0.21525,-0.28223,-0.25633,-0.34768,-0.24745,-0.50978,-0.43793,-0.32982,-0.29947,-0.53175
-0.40414,-0.35074,0.09506,-0.28326,-0.28794,-0.30113,-0.33017,-0.25369,-0.48252,-0.42642,-0.32492,-0.28606,-0.53127
-0.42012,-0.38605,0.08785,-0.39190,-0.30740,-0.40673,-0.34217,-0.26082,-0.49273,-0.44322,-0.32374,-0.34715,-0.54466
-0.43531,-0.42331,0.09018,-0.47374,-0.37731,-0.43029,-0.37747,-0.27810,-0.53387,-0.44287,-0.34484,-0.39154,-0.58305
-0.44967,-0.48289,0.09505,-0.52746,-0.49187,-0.41886,-0.41232,-0.43296,-0.62248,-0.44542,-0.35090,-0.47270,-0.65395
-0.46323,-0.46985,0.08771,-0.48040,-0.45930,-0.44301,-0.40126,-0.39028,-0.61358,-0.45770,-0.36534,-0.45840,-0.62923
-0.47577,-0.50918,0.08754,-0.54441,-0.48662,-0.49450,-0.42794,-0.46839,-0.63456,-0.47947,-0.36837,-0.53052,-0.65702
-0.48704,-0.48292,0.09134,-0.50170,-0.47836,-0.41964,-0.39710,-0.41417,-0.63240,-0.47396,-0.37456,-0.49886,-0.63846
-0.49701,-0.46121,0.08368,-0.40526,-0.38568,-0.44057,-0.39033,-0.45231,-0.57123,-0.49054,-0.35742,-0.50630,-0.61250
-0.50558,-0.46347,0.08319,-0.39489,-0.42271,-0.52944,-0.41031,-0.36129,-0.55728,-0.49759,-0.36529,-0.50092,-0.59499
-0.51273,-0.55243,0.08222,-0.62043,-0.57999,-0.50647,-0.46034,-0.52214,-0.66084,-0.56840,-0.40002,-0.56028,-0.64542
-0.51830,-0.50494,0.07884,-0.51082,-0.46359,-0.48233,-0.43366,-0.46347,-0.64331,-0.53480,-0.38970,-0.50630,-0.62142
-0.52216,-0.53919,0.10217,-0.66644,-0.49193,-0.48879,-0.44759,-0.49536,-0.70746,-0.54003,-0.37391,-0.55989,-0.62051
-0.52425,-0.51178,0.08630,-0.54587,-0.46548,-0.41780,-0.47249,-0.46945,-0.64785,-0.53576,-0.37701,-0.56978,-0.61636
-0.52455,-0.40313,0.08000,-0.32823,-0.33539,-0.34610,-0.38043,-0.37842,-0.51799,-0.45569,-0.33939,-0.39508,-0.55459
-0.52300,-0.45227,0.08356,-0.45024,-0.31268,-0.41257,-0.41293,-0.44929,-0.58444,-0.51739,-0.37167,-0.44960,-0.56188
-0.51959,-0.48874,0.10696,-0.55980,-0.44718,-0.33572,-0.44373,-0.45800,-0.67353,-0.52679,-0.36037,-0.46288,-0.61939
-0.51429,-0.51268,0.11638,-0.74293,-0.45846,-0.36924,-0.49478,-0.50976,-0.62516,-0.51299,-0.36383,-0.45439,-0.59529
-0.50713,-0.50229,0.09351,-0.65228,-0.44527,-0.43296,-0.49850,-0.51859,-0.63529,-0.45395,-0.36489,-0.44414,-0.57698
-0.49809,-0.45449,0.10929,-0.69793,-0.38327,-0.44524,-0.41770,-0.40469,-0.51763,-0.41478,-0.33404,-0.36744,-0.56218
-0.48722,-0.50732,0.12276,-0.76885,-0.46348,-0.36980,-0.46445,-0.55011,-0.60838,-0.44702,-0.35462,-0.47300,-0.57354
-0.47466,-0.48942,0.14396,-0.77369,-0.52549,-0.26008,-0.46471,-0.53642,-0.59024,-0.43171,-0.34002,-0.40485,-0.56701
-0.46048,-0.51676,0.15263,-0.80039,-0.52601,-0.26405,-0.52306,-0.54663,-0.64798,-0.42738,-0.36202,-0.44984,-0.62028
-0.44474,-0.46887,0.10061,-0.57292,-0.41136,-0.37745,-0.53674,-0.54154,-0.57252,-0.35168,-0.33776,-0.40431,-0.58238
-0.42774,-0.47164,0.15278,-0.69012,-0.48915,-0.17860,-0.54620,-0.53217,-0.61428,-0.41005,-0.33808,-0.34791,-0.56990
-0.40951,-0.50496,0.13197,-0.74128,-0.46318,-0.40041,-0.58463,-0.52694,-0.59154,-0.47347,-0.32599,-0.33218,-0.60997
-0.39029,-0.50527,0.13546,-0.75255,-0.47708,-0.34087,-0.56789,-0.50032,-0.61245,-0.44271,-0.35264,-0.37362,-0.63253
-0.37009,-0.44339,0.10505,-0.61698,-0.46116,-0.27529,-0.45948,-0.46130,-0.55187,-0.40488,-0.34772,-0.33506,-0.52015
-0.34930,-0.33099,0.12313,-0.44253,-0.29814,-0.10072,-0.41770,-0.23473,-0.48486,-0.34641,-0.31883,-0.21247,-0.45352
-0.32798,-0.32122,0.09601,-0.29771,-0.34965,-0.15331,-0.36201,-0.25239,-0.46247,-0.34218,-0.32649,-0.21828,-0.44767
-0.30634,-0.25064,0.08049,-0.16663,-0.21632,-0.12892,-0.31087,-0.22083,-0.29651,-0.33756,-0.30508,-0.16733,-0.35639
-0.28479,-0.23478,0.08792,-0.18352,-0.14408,-0.10819,-0.25165,-0.20831,-0.38923,-0.29745,-0.28276,-0.16535,-0.31728
-0.26369,-0.23393,0.09884,-0.11029,-0.12008,-0.12014,-0.31007,-0.24571,-0.36089,-0.30884,-0.25513,-0.15970,-0.34841
-0.24300,-0.12884,0.07496,-0.08401,-0.06993,-0.01895,-0.16874,-0.17202,-0.07591,-0.25825,-0.20220,-0.07210,-0.16632
-0.22321,-0.13731,0.06933,-0.10285,-0.08639,-0.04557,-0.16062,-0.17522,-0.10231,-0.26376,-0.22433,-0.07179,-0.14022
-0.20460,-0.10307,0.08679,-0.10099,-0.00411,-0.01953,-0.13667,-0.16534,-0.02235,-0.25827,-0.19429,-0.01921,-0.10992
-0.18747,-0.09238,0.10207,-0.06678,-0.07189,-0.03127,-0.15578,-0.14850,0.01220,-0.27926,-0.17540,0.07787,-0.08501
-0.17196,-0.07994,0.07169,-0.07305,-0.09768,0.03145,-0.08311,-0.12984,-0.04824,-0.20821,-0.15564,-0.01803,-0.01702
-0.15815,-0.05792,0.06665,-0.09875,-0.03321,0.02108,-0.10758,-0.12421,0.02439,-0.09787,-0.15039,0.02800,-0.04070
-0.14633,-0.10962,0.07924,-0.10257,-0.07774,-0.01092,-0.13193,-0.14054,-0.03414,-0.27705,-0.19071,-0.06278,-0.06778
-0.13676,-0.14913,0.07557,-0.18071,-0.11049,-0.05645,-0.16861,-0.16958,-0.09719,-0.28093,-0.25578,-0.09112,-0.08045
-0.12950,-0.04149,0.10259,-0.11884,0.04248,0.00313,-0.07824,-0.08864,0.11555,-0.15740,-0.20242,0.01860,0.05084
-0.12466,-0.08814,0.08881,-0.12070,-0.03818,-0.03773,-0.13633,-0.12164,0.03134,-0.20254,-0.23560,-0.01790,-0.00212
-0.12228,-0.10171,0.08068,-0.11760,-0.08379,-0.01205,-0.11948,-0.09419,0.01080,-0.18383,-0.26215,-0.11786,-0.03692
-0.12247,-0.08702,0.09436,-0.10654,-0.09424,0.01352,-0.10847,-0.08228,0.01734,-0.24733,-0.21151,-0.09395,0.04327
-0.12519,-0.12605,0.07520,-0.12212,-0.14786,-0.02506,-0.09408,-0.13185,-0.09328,-0.22284,-0.25600,-0.14785,-0.01951
-0.13042,-0.15104,0.05089,-0.15226,-0.14793,-0.06910,-0.11238,-0.13260,-0.18481,-0.17968,-0.25819,-0.15788,-0.11553
-0.13812,-0.16669,0.07284,-0.14823,-0.13024,-0.07292,-0.11033,-0.14641,-0.31563,-0.16856,-0.27159,-0.14650,-0.15649
-0.14811,-0.24298,0.10186,-0.21055,-0.17963,-0.09382,-0.17969,-0.21731,-0.45734,-0.26445,-0.28674,-0.19400,-0.34629
-0.16026,-0.16403,0.07032,-0.12041,-0.09317,-0.04189,-0.13320,-0.17490,-0.26309,-0.19424,-0.25446,-0.15083,-0.21414
-0.17450,-0.13050,0.07246,-0.11034,-0.07082,-0.01769,-0.10363,-0.20433,-0.23592,-0.13761,-0.21306,-0.15670,-0.05489
-0.19065,-0.18044,0.08507,-0.13361,-0.13312,-0.04279,-0.17976,-0.21797,-0.36095,-0.15978,-0.24323,-0.20542,-0.12781
-0.20822,-0.21049,0.09480,-0.14903,-0.20285,-0.04605,-0.24076,-0.21282,-0.41129,-0.24908,-0.23853,-0.22352,-0.13100
-0.22701,-0.23434,0.09869,-0.16718,-0.20853,-0.11442,-0.31300,-0.24398,-0.39729,-0.33774,-0.23785,-0.24542,-0.07800
-0.24699,-0.28883,0.07411,-0.24291,-0.23406,-0.23543,-0.35497,-0.30231,-0.43649,-0.34860,-0.28304,-0.26659,-0.18392
-0.26777,-0.27797,0.09433,-0.17446,-0.24349,-0.12524,-0.35456,-0.26460,-0.43558,-0.37502,-0.31555,-0.26841,-0.22278
-0.28868,-0.28309,0.09705,-0.16992,-0.21486,-0.23769,-0.42477,-0.24659,-0.41772,-0.35514,-0.32380,-0.29424,-0.14621
-0.30947,-0.26476,0.09095,-0.12791,-0.19144,-0.22052,-0.31031,-0.22907,-0.40832,-0.37170,-0.32102,-0.29650,-0.17085
-0.33014,-0.23813,0.09874,-0.11199,-0.18520,-0.21141,-0.30710,-0.21044,-0.35484,-0.36493,-0.28755,-0.27979,-0.06810
-0.35022,-0.18863,0.08407,-0.12671,-0.16947,-0.19460,-0.31684,-0.19624,-0.14940,-0.21665,-0.26454,-0.24192,-0.00989
-0.36903,-0.24855,0.09364,-0.07557,-0.23163,-0.32092,-0.34232,-0.19662,-0.26199,-0.34216,-0.27061,-0.32461,-0.11909
-0.38636,-0.29987,0.12673,-0.09882,-0.22717,-0.51092,-0.36132,-0.19623,-0.24769,-0.39008,-0.26099,-0.45717,-0.24835
-0.40219,-0.30655,0.10718,-0.09679,-0.28750,-0.39693,-0.40365,-0.21664,-0.24935,-0.41300,-0.26589,-0.43701,-0.29873
-0.41603,-0.31733,0.09645,-0.09996,-0.26028,-0.34915,-0.42386,-0.23840,-0.36712,-0.38545,-0.30356,-0.34848,-0.39702
-0.42751,-0.37147,0.11605,-0.12906,-0.30696,-0.32815,-0.42560,-0.30104,-0.46210,-0.47601,-0.34496,-0.40297,-0.53787
-0.43650,-0.24141,0.09682,-0.06496,-0.23960,-0.16976,-0.28449,-0.19138,-0.26836,-0.41271,-0.21025,-0.22041,-0.35213
-0.44300,-0.19746,0.10639,-0.05142,-0.14186,-0.08415,-0.29273,-0.16177,-0.16894,-0.41516,-0.20351,-0.18160,-0.27343
-0.44680,-0.12149,0.08761,-0.02146,0.00906,-0.01463,-0.16822,-0.16335,-0.15636,-0.27681,-0.13212,-0.15164,-0.13935
-0.44774,-0.18284,0.09385,-0.04013,-0.05435,-0.13157,-0.26994,-0.20859,-0.23495,-0.34905,-0.15907,-0.20604,-0.17467
-0.44587,-0.23466,0.09293,-0.13136,-0.12001,-0.24024,-0.35672,-0.23495,-0.22504,-0.41856,-0.17988,-0.24844,-0.19139
-0.32354,-0.32016,0.10519,-0.22099,-0.19319,-0.27847,-0.40608,-0.30499,-0.35544,-0.42176,-0.22384,-0.27356,-0.52330
-0.41075,-0.42428,0.08577,-0.35738,-0.34746,-0.44770,-0.42652,-0.33590,-0.51941,-0.50121,-0.31706,-0.42099,-0.56915
-0.49835,-0.38732,0.10980,-0.25114,-0.34719,-0.32221,-0.37936,-0.32181,-0.51983,-0.46886,-0.23485,-0.50403,-0.52396
-0.58143,-0.39204,0.10448,-0.37489,-0.32547,-0.28813,-0.41137,-0.29600,-0.53386,-0.48357,-0.23077,-0.49625,-0.48013
-0.65924,-0.41907,0.10264,-0.37771,-0.50083,-0.28490,-0.41132,-0.32552,-0.54792,-0.46499,-0.27049,-0.55126,-0.45573
-0.72921,-0.47637,0.08674,-0.30476,-0.56594,-0.44269,-0.37751,-0.52845,-0.54240,-0.50373,-0.45766,-0.58076,-0.45983
-0.64981,-0.67959,0.09881,-0.53867,-0.72549,-0.69967,-0.52580,-0.80346,-0.81980,-0.69521,-0.60177,-0.68342,-0.70260
-0.79408,-0.88481,0.09206,-0.78660,-0.91020,-0.87942,-0.85408,-0.87265,-1.08119,-0.96256,-0.81530,-0.76582,-0.92029
-0.93292,-0.97144,0.10629,-0.88310,-1.05935,-0.91522,-0.95017,-1.00083,-1.12750,-1.05492,-0.88335,-0.78344,-1.05654
-1.05699,-0.93744,0.11474,-0.88226,-1.01644,-0.89144,-0.98161,-0.96420,-1.00777,-1.13939,-0.86707,-0.70645,-0.91780
-1.16405,-0.93399,0.13877,-0.98163,-1.03939,-0.92865,-0.97094,-0.98080,-0.89723,-1.18965,-0.85706,-0.66362,-0.83090
-1.25399,-1.14038,0.12686,-1.11411,-1.10380,-1.05070,-1.17108,-1.32974,-0.97275,-1.35552,-1.02632,-1.21262,-1.06713
-1.12540,-1.33962,0.10301,-1.35433,-1.27275,-1.19492,-1.35038,-1.44134,-1.32687,-1.48745,-1.16684,-1.39412,-1.40724
-1.27100,-1.36517,0.11111,-1.35897,-1.29834,-1.31300,-1.39109,-1.46358,-1.42395,-1.54588,-1.15701,-1.43248,-1.26744
-1.39982,-1.43627,0.12617,-1.42037,-1.55985,-1.41497,-1.38438,-1.57825,-1.47743,-1.54783,-1.15058,-1.47667,-1.35238
-1.50686,-1.51221,0.12893,-1.45450,-1.59798,-1.54659,-1.38527,-1.67063,-1.62343,-1.62127,-1.24778,-1.51085,-1.46380
-1.58929,-1.42592,0.11898,-1.37978,-1.52440,-1.49675,-1.39700,-1.55565,-1.42798,-1.54385,-1.19850,-1.46880,-1.26649
-1.64918,-1.39297,0.12938,-1.22990,-1.48765,-1.35446,-1.40725,-1.54102,-1.41438,-1.57169,-1.24078,-1.46496,-1.21762
-1.68673,-1.41804,0.10598,-1.35921,-1.49233,-1.41764,-1.40488,-1.56611,-1.40594,-1.52590,-1.26077,-1.49541,-1.25216
-1.52457,-1.52738,0.11920,-1.46510,-1.61054,-1.50339,-1.41157,-1.75854,-1.63233,-1.53924,-1.35530,-1.55921,-1.43863
-1.61486,-1.62518,0.15307,-1.60333,-1.68519,-1.58888,-1.42114,-1.91863,-1.76605,-1.72290,-1.43019,-1.58232,-1.53313
-1.68301,-1.61740,0.12179,-1.57050,-1.66338,-1.62711,-1.39239,-1.84027,-1.74576,-1.64542,-1.54263,-1.54138,-1.60516
-1.72866,-1.53432,0.11423,-1.46499,-1.52090,-1.59060,-1.35878,-1.70551,-1.69323,-1.57622,-1.50867,-1.53655,-1.38776
-1.75154,-1.49285,0.11614,-1.32802,-1.58782,-1.51229,-1.38256,-1.65422,-1.66907,-1.52224,-1.44078,-1.42288,-1.40864
-1.75146,-1.43168,0.09890,-1.21867,-1.50013,-1.35573,-1.38008,-1.54159,-1.53007,-1.39970,-1.44751,-1.43102,-1.51234
-1.72834,-1.50312,0.12762,-1.27676,-1.56792,-1.43233,-1.38916,-1.61643,-1.74376,-1.46197,-1.52506,-1.51756,-1.50024
-1.53443,-1.53030,0.15568,-1.22465,-1.55993,-1.57653,-1.37148,-1.58701,-1.82097,-1.48634,-1.60970,-1.51741,-1.54893
-1.56478,-1.46006,0.14791,-1.27188,-1.39705,-1.57703,-1.33170,-1.45285,-1.73859,-1.34337,-1.63957,-1.45015,-1.39846
-1.57195,-1.32091,0.14711,-1.25067,-1.27635,-1.47819,-1.24636,-1.23020,-1.68450,-1.25796,-1.22605,-1.26044,-1.29842
-1.55584,-1.13367,0.13863,-1.01577,-1.07764,-1.35152,-1.17498,-0.98788,-1.37393,-1.17008,-1.12547,-1.07850,-0.98090
-1.51645,-1.11048,0.11052,-1.03088,-1.13860,-1.16978,-1.12344,-0.95845,-1.35490,-1.15306,-1.12297,-1.01798,-1.03469
-1.45383,-1.10441,0.08910,-1.06039,-1.09425,-1.16750,-1.07933,-0.98720,-1.30778,-1.11042,-1.13114,-1.01021,-1.09591
-1.16915,-1.08836,0.11357,-1.01166,-1.05232,-1.23231,-1.09280,-0.92459,-1.31453,-1.05401,-1.05565,-1.01179,-1.13397
-1.16339,-1.07512,0.11228,-1.10739,-0.99490,-1.26423,-1.07659,-0.95073,-1.25790,-0.99270,-1.00775,-0.98356,-1.11547
-1.14415,-0.97556,0.11338,-0.96015,-0.93370,-1.19954,-0.94341,-0.84869,-1.12326,-0.83298,-0.91952,-0.98774,-1.00663
-1.10662,-0.82501,0.13044,-0.73911,-0.82539,-1.12998,-0.72362,-0.72579,-0.94657,-0.75187,-0.71703,-0.84742,-0.84328
-1.05145,-0.65115,0.11299,-0.47866,-0.71146,-0.83853,-0.59823,-0.57949,-0.73380,-0.67857,-0.49108,-0.71371,-0.68793
-0.98038,-0.63457,0.11029,-0.42347,-0.71915,-0.74394,-0.58789,-0.61515,-0.71818,-0.64820,-0.48174,-0.74320,-0.66475
-0.89506,-0.71203,0.12606,-0.59235,-0.77860,-0.88939,-0.62067,-0.65453,-0.78739,-0.69987,-0.47662,-0.79393,-0.82692
-0.68672,-0.67911,0.13409,-0.58735,-0.71643,-0.82356,-0.59666,-0.66013,-0.82776,-0.59154,-0.41856,-0.73925,-0.82981
-0.67949,-0.60560,0.12828,-0.58227,-0.50136,-0.70114,-0.53999,-0.62652,-0.80156,-0.55045,-0.35611,-0.66713,-0.72945
-0.66749,-0.45324,0.09871,-0.40445,-0.39731,-0.49515,-0.49881,-0.31439,-0.57926,-0.47599,-0.31505,-0.44544,-0.60657
-0.64812,-0.34505,0.10589,-0.23884,-0.30373,-0.22009,-0.36510,-0.24933,-0.48751,-0.39421,-0.29777,-0.35470,-0.53923
-0.62049,-0.41534,0.09832,-0.34813,-0.44643,-0.31505,-0.41243,-0.29504,-0.55138,-0.45841,-0.33737,-0.39979,-0.58942
-0.40646,-0.47588,0.08199,-0.38566,-0.51307,-0.49198,-0.46576,-0.36583,-0.56032,-0.49573,-0.36545,-0.50521,-0.60977
-0.47399,-0.50877,0.08340,-0.37281,-0.53300,-0.54604,-0.50655,-0.45950,-0.52976,-0.55056,-0.37451,-0.60911,-0.60584
-0.54076,-0.54430,0.08647,-0.45340,-0.53324,-0.58270,-0.53738,-0.50100,-0.60007,-0.53154,-0.38517,-0.64376,-0.67479
-0.60186,-0.48201,0.07801,-0.37906,-0.48251,-0.48595,-0.48185,-0.45455,-0.53138,-0.60245,-0.34729,-0.48185,-0.57319
-0.65532,-0.39458,0.10950,-0.27834,-0.41267,-0.26793,-0.39766,-0.34346,-0.49336,-0.61161,-0.27378,-0.41188,-0.45511
-0.69930,-0.53565,0.08179,-0.41896,-0.52128,-0.52321,-0.52458,-0.58225,-0.57967,-0.66444,-0.38929,-0.55815,-0.59465
-0.59812,-0.58297,0.09051,-0.41273,-0.55602,-0.57619,-0.58245,-0.60382,-0.64918,-0.69739,-0.45287,-0.63747,-0.66152
-0.72733,-0.72635,0.07290,-0.63900,-0.67267,-0.87955,-0.69686,-0.75429,-0.78267,-0.75696,-0.63684,-0.71772,-0.72698
-0.84993,-0.87415,0.06512,-0.85212,-0.92629,-0.94425,-0.95787,-0.79449,-0.93069,-0.88723,-0.86043,-0.78164,-0.80649
-0.95758,-0.98470,0.07673,-0.98799,-1.04847,-0.98503,-1.04898,-0.87475,-1.12920,-0.94773,-0.97713,-0.88528,-0.96246
-1.04781,-0.96897,0.08798,-0.97638,-1.01090,-0.95303,-1.03344,-0.85266,-1.14775,-0.97116,-0.90226,-0.85431,-0.98780
-1.11943,-1.02706,0.09832,-1.00867,-1.10490,-1.10533,-1.02105,-0.88064,-1.19665,-1.03206,-0.97849,-0.88292,-1.05990
-1.17019,-1.13957,0.11257,-1.14108,-1.16634,-1.34485,-1.06397,-0.92360,-1.24096,-1.14838,-1.17216,-1.05351,-1.14083
-1.19884,-1.11860,0.11703,-1.09205,-1.14216,-1.38934,-1.09766,-0.93665,-1.17866,-1.13449,-1.08779,-1.01729,-1.10988
-1.20457,-1.12673,0.12501,-1.09744,-1.21615,-1.39023,-1.01507,-0.98620,-1.19519,-1.16330,-1.12275,-0.97254,-1.10842
-1.18783,-1.16258,0.09145,-1.08192,-1.20477,-1.38284,-1.08024,-1.08453,-1.16848,-1.10103,-1.19706,-1.14537,-1.17957
-1.14928,-1.19362,0.07476,-1.17299,-1.21433,-1.34543,-1.08015,-1.21670,-1.22001,-1.24519,-1.13296,-1.11642,-1.19201
-1.09012,-1.01233,0.10354,-0.90294,-0.95880,-1.15217,-1.03977,-1.06752,-0.99775,-1.18519,-0.88354,-0.90592,-1.02973
-1.01160,-1.00817,0.10480,-1.01707,-0.89695,-1.14378,-0.96263,-1.10253,-1.07716,-1.10703,-0.82228,-0.92189,-1.03040
-0.91577,-0.89727,0.08500,-0.98178,-0.80602,-0.99924,-0.86870,-0.96558,-0.91365,-0.94452,-0.74843,-0.81004,-0.93477
-0.80506,-0.68261,0.08780,-0.67964,-0.55765,-0.77459,-0.71718,-0.62005,-0.64358,-0.86469,-0.62876,-0.63611,-0.70386
-0.68292,-0.55600,0.05176,-0.50088,-0.48433,-0.55423,-0.55394,-0.50999,-0.56941,-0.65316,-0.57654,-0.54178,-0.61575
-0.55327,-0.47189,0.10008,-0.59462,-0.37111,-0.50808,-0.39033,-0.44214,-0.55926,-0.49091,-0.54612,-0.27691,-0.53941
-0.41679,-0.32114,0.07247,-0.32779,-0.24813,-0.38200,-0.35085,-0.22268,-0.38023,-0.35533,-0.40447,-0.19660,-0.34336
-0.27702,-0.19537,0.06995,-0.31775,-0.23524,-0.10334,-0.21626,-0.18112,-0.12254,-0.23953,-0.26208,-0.14329,-0.13257
-0.13759,-0.00910,0.11358,-0.12881,-0.11687,0.16258,-0.06520,0.08252,0.09977,0.05013,-0.15823,-0.08441,0.06753
-0.00426,0.10203,0.09817,-0.00793,0.07301,0.18281,0.08303,0.16443,0.15525,0.22553,-0.10253,0.09036,0.15635
0.12228,0.18145,0.11182,0.01998,0.21606,0.29809,0.26789,0.19964,0.18357,0.34572,-0.00262,0.13862,0.14759
0.23830,0.28894,0.10322,0.05673,0.33957,0.35538,0.35350,0.33579,0.22559,0.41176,0.28167,0.32909,0.20029
0.34028,0.35026,0.14026,0.12940,0.40821,0.49542,0.40839,0.39168,0.24406,0.59217,0.29131,0.35131,0.19068
0.42347,0.28361,0.11686,0.13842,0.46261,0.31396,0.35609,0.35308,0.19006,0.41788,0.28476,0.18471,0.13457
0.48636,0.38663,0.12249,0.22070,0.50231,0.38984,0.55380,0.37766,0.26440,0.41549,0.36925,0.54455,0.22833
0.52766,0.40585,0.13101,0.24227,0.54867,0.48684,0.49852,0.41276,0.27141,0.51199,0.35669,0.53346,0.19587
0.54726,0.49520,0.13640,0.33537,0.63600,0.58664,0.62345,0.48313,0.45997,0.52015,0.41009,0.65317,0.24408
0.54431,0.46599,0.14147,0.41080,0.67049,0.60501,0.51734,0.41561,0.36119,0.44099,0.38971,0.63634,0.21241
0.51889,0.41433,0.14416,0.26367,0.64935,0.41651,0.39849,0.45331,0.25490,0.41602,0.41085,0.64082,0.23938
0.47218,0.42148,0.11672,0.35311,0.58783,0.42703,0.41698,0.43605,0.25973,0.38639,0.37641,0.64742,0.32388
0.40502,0.34098,0.14223,0.39970,0.57029,0.38063,0.25073,0.22069,0.24064,0.25484,0.34615,0.57590,0.17025
0.32047,0.23867,0.12713,0.08277,0.50865,0.27728,0.15231,0.17411,0.16976,0.25443,0.23398,0.38618,0.14721
0.22082,0.09824,0.09916,0.01265,0.16429,0.21494,0.03392,-0.00066,0.05166,-0.03606,0.16845,0.25189,0.12129
0.10707,0.08917,0.07390,0.04693,0.15642,0.18491,0.02453,0.03265,-0.00965,0.02324,0.18932,0.12661,0.11671
-0.01760,-0.06794,0.10134,-0.00961,0.05980,0.04581,-0.12894,-0.17507,-0.23247,-0.08916,0.04070,-0.13863,-0.05183
-0.14793,-0.24694,0.10869,-0.14011,-0.20933,-0.13755,-0.30853,-0.22187,-0.49191,-0.28237,-0.14884,-0.21151,-0.31741
-0.28089,-0.36844,0.09234,-0.32022,-0.33495,-0.34697,-0.39759,-0.30027,-0.50515,-0.43537,-0.25276,-0.27450,-0.51661
-0.41539,-0.45489,0.09911,-0.32322,-0.36260,-0.39473,-0.48943,-0.44055,-0.58711,-0.58289,-0.36284,-0.42992,-0.57558
-0.54533,-0.56253,0.09261,-0.35183,-0.58591,-0.54661,-0.57828,-0.58371,-0.64701,-0.65159,-0.45747,-0.59723,-0.62565
-0.66734,-0.69370,0.07849,-0.53578,-0.70392,-0.82546,-0.65447,-0.71544,-0.76456,-0.71497,-0.62012,-0.70544,-0.69686
-0.77828,-0.75886,0.06886,-0.65642,-0.74543,-0.89504,-0.69910,-0.79190,-0.81498,-0.74659,-0.69187,-0.75681,-0.79047
-0.87695,-0.83020,0.06421,-0.75143,-0.81942,-0.95842,-0.78779,-0.82428,-0.90879,-0.79273,-0.79567,-0.78853,-0.87499
-0.95988,-0.94524,0.12877,-0.91727,-0.88400,-1.14889,-0.87265,-0.87129,-1.14651,-0.83438,-0.84449,-0.84676,-1.08614
-1.02277,-0.99441,0.13884,-0.89452,-0.91517,-1.20900,-1.05626,-0.90647,-1.20145,-0.88009,-0.86778,-0.88973,-1.12361
-1.06448,-1.03632,0.13332,-0.91829,-0.97644,-1.24739,-1.07317,-0.96460,-1.18753,-0.89827,-0.90365,-0.98620,-1.20765
-1.08505,-1.04717,0.13892,-0.94899,-1.03928,-1.28940,-1.02012,-0.93220,-1.22723,-0.89797,-0.91217,-1.02340,-1.18093
-1.08355,-1.02948,0.11793,-0.96220,-0.98565,-1.26751,-0.99447,-0.96965,-1.10612,-0.94699,-0.86090,-1.04578,-1.15551
-1.05995,-0.89004,0.09905,-0.78438,-0.88972,-1.08258,-0.83312,-0.85223,-0.95957,-0.88706,-0.74141,-0.88838,-0.98199
-1.01501,-0.83317,0.09051,-0.78199,-0.80935,-0.94512,-0.69413,-0.83002,-0.96018,-0.79950,-0.72636,-0.85415,-0.93091
-0.95010,-0.84652,0.06763,-0.85716,-0.81556,-0.90022,-0.77649,-0.90104,-0.94738,-0.79866,-0.74529,-0.80621,-0.91723
-0.86755,-0.53734,0.09538,-0.57652,-0.37579,-0.53893,-0.55249,-0.59700,-0.58638,-0.63765,-0.36189,-0.52541,-0.62135
-0.76977,-0.43296,0.12870,-0.44825,-0.32533,-0.21216,-0.46988,-0.46703,-0.60576,-0.56796,-0.32943,-0.33690,-0.56692
-0.65871,-0.26867,0.15008,-0.10643,-0.07350,-0.13647,-0.46673,-0.29177,-0.40788,-0.50394,-0.25947,-0.19226,-0.24824
-0.53733,-0.33251,0.14416,-0.18706,-0.20149,-0.22292,-0.51112,-0.41511,-0.42590,-0.57733,-0.34667,-0.17846,-0.25904
-0.30079,-0.17369,0.16394,-0.06230,-0.13651,-0.12239,-0.36804,-0.20855,-0.07266,-0.50963,-0.24790,0.01313,-0.02201
-0.24431,-0.11146,0.19618,-0.02926,-0.11769,-0.01757,-0.35876,-0.17007,0.14513,-0.49231,-0.16132,0.09211,-0.00489
-0.19270,-0.06158,0.17665,-0.00466,-0.09857,-0.04508,-0.18787,-0.05322,0.21160,-0.47292,0.00662,0.01665,0.01161
-0.14403,0.00631,0.14403,0.12812,-0.04236,-0.02928,-0.02915,-0.01415,0.21705,-0.32866,0.09688,0.04583,0.01884
-0.09954,-0.02503,0.11306,-0.01479,-0.05814,-0.10433,-0.06856,-0.09420,0.17528,-0.23410,0.04949,0.03571,0.06332
0.02911,0.01786,0.10271,-0.02792,-0.04730,-0.02337,-0.00412,-0.08150,0.18979,-0.12918,0.15636,0.08058,0.06529
-0.01623,0.00988,0.10965,-0.04156,-0.03926,0.07105,-0.07773,-0.03847,0.12234,-0.18473,0.19479,0.01421,0.07817
-0.07330,-0.04726,0.11913,-0.03076,-0.03934,-0.05404,-0.06766,-0.08804,-0.07240,-0.27012,0.20331,-0.10207,0.04849
-0.13796,-0.13290,0.10285,-0.05009,-0.15376,-0.04135,-0.14825,-0.17428,-0.29880,-0.25947,0.01513,-0.18317,-0.03498
-0.20735,-0.21505,0.11803,-0.05628,-0.26853,-0.14609,-0.18219,-0.20145,-0.45055,-0.21502,-0.07521,-0.21255,-0.34262
-0.21017,-0.32633,0.13430,-0.11499,-0.36390,-0.20531,-0.36982,-0.23061,-0.55760,-0.37851,-0.27555,-0.27121,-0.49581
-0.35708,-0.44553,0.10785,-0.25404,-0.59292,-0.39718,-0.46968,-0.34558,-0.54893,-0.53754,-0.36090,-0.42224,-0.52626
-0.50636,-0.65825,0.08056,-0.60873,-0.75023,-0.69604,-0.52915,-0.71247,-0.77736,-0.68904,-0.55994,-0.62492,-0.63467
-0.65012,-0.77251,0.09434,-0.76961,-0.88023,-0.85339,-0.64630,-0.78247,-0.89712,-0.84577,-0.65565,-0.70259,-0.69198
-0.78309,-0.94689,0.10699,-1.01954,-1.04650,-0.96924,-0.94010,-0.81461,-1.08444,-1.03676,-0.87000,-0.75546,-0.93221
-0.82762,-1.00462,0.12422,-1.15515,-1.05713,-1.10471,-1.02383,-0.87258,-1.15421,-1.05371,-0.84447,-0.82309,-0.95731
-1.00199,-1.01186,0.11397,-1.14033,-1.02530,-1.20115,-1.06677,-0.89671,-1.05570,-1.04346,-0.86208,-0.87209,-0.95502
-1.15832,-1.08166,0.14448,-1.17654,-1.07953,-1.30444,-1.29454,-0.98177,-1.03257,-1.14460,-0.91771,-0.97347,-0.91145
-1.28890,-1.18113,0.14624,-1.29664,-1.24333,-1.35141,-1.36242,-1.18426,-1.01482,-1.27472,-1.01753,-1.08944,-0.97671
-1.38957,-1.24881,0.14508,-1.33478,-1.33540,-1.38588,-1.40828,-1.39093,-1.10097,-1.28464,-1.06888,-1.13174,-1.04655
-1.36339,-1.41172,0.11653,-1.41756,-1.44779,-1.54012,-1.42101,-1.60401,-1.32793,-1.48461,-1.22364,-1.37364,-1.27688
-1.47361,-1.42704,0.11164,-1.38548,-1.50591,-1.51907,-1.40743,-1.55555,-1.47827,-1.51924,-1.24463,-1.41279,-1.24198
-1.55321,-1.51484,0.12841,-1.32346,-1.59035,-1.69726,-1.44135,-1.64005,-1.64702,-1.56106,-1.44038,-1.43427,-1.37318
-1.60055,-1.50851,0.12746,-1.26192,-1.64860,-1.53454,-1.43032,-1.67637,-1.46739,-1.47514,-1.64322,-1.41274,-1.53483
-1.61632,-1.57667,0.15450,-1.29602,-1.73832,-1.64631,-1.39346,-1.67689,-1.68654,-1.48336,-1.75236,-1.48334,-1.61013
-1.48275,-1.53176,0.16680,-1.32042,-1.61513,-1.66829,-1.37278,-1.50236,-1.68531,-1.44631,-1.84856,-1.45871,-1.39976
-1.51067,-1.51558,0.12938,-1.48505,-1.52892,-1.69989,-1.37691,-1.47456,-1.71680,-1.47005,-1.63992,-1.36101,-1.40267
-1.50734,-1.47185,0.14149,-1.41715,-1.69974,-1.61578,-1.34947,-1.52244,-1.49347,-1.45548,-1.59680,-1.27628,-1.29188
-1.47289,-1.29661,0.15618,-1.35742,-1.47221,-1.49878,-1.21360,-1.12464,-1.30022,-1.36441,-1.44451,-1.09239,-1.09794
-1.40762,-1.30620,0.14002,-1.36857,-1.53941,-1.45331,-1.24220,-1.11160,-1.27576,-1.24888,-1.44469,-1.14636,-1.23119
-1.31205,-1.37385,0.15228,-1.40738,-1.69952,-1.48203,-1.30240,-1.33261,-1.19930,-1.17174,-1.36768,-1.31284,-1.46296
-1.12183,-1.26667,0.09762,-1.37524,-1.38667,-1.40149,-1.27431,-1.22127,-1.15031,-1.26003,-1.14352,-1.28768,-1.16618
-1.04525,-1.14047,0.12739,-1.30509,-1.10544,-1.27899,-1.06945,-1.15516,-1.20649,-1.19348,-0.85423,-1.07827,-1.15815
-0.94968,-0.99414,0.14482,-1.09470,-1.03376,-1.13683,-0.95867,-1.03442,-1.11190,-0.84301,-0.73049,-0.84459,-1.15304
-0.83727,-0.89678,0.12957,-1.03417,-0.86528,-0.95547,-0.82943,-0.87542,-1.02384,-0.90616,-0.63309,-0.78886,-1.05609
-0.71062,-0.75380,0.09249,-0.89625,-0.73599,-0.73965,-0.69338,-0.67985,-0.82346,-0.78447,-0.60143,-0.70470,-0.87884
-0.57291,-0.57314,0.10405,-0.70560,-0.52402,-0.67808,-0.50020,-0.45443,-0.63584,-0.48782,-0.44866,-0.58119,-0.71555
-0.42624,-0.39719,0.11511,-0.51889,-0.35297,-0.35830,-0.38416,-0.22721,-0.54798,-0.38195,-0.32331,-0.29704,-0.58006
-0.27586,-0.26788,0.07413,-0.39333,-0.23876,-0.18315,-0.27295,-0.17858,-0.39577,-0.25656,-0.25721,-0.23471,-0.26774
-0.12671,-0.20197,0.08561,-0.34705,-0.19710,-0.13153,-0.10903,-0.10401,-0.27128,-0.11434,-0.23109,-0.22337,-0.29092
0.01937,0.06254,0.11373,-0.10083,0.06039,0.17521,0.06549,0.14377,0.10050,0.24724,0.02943,-0.11635,0.02062
0.15835,0.11536,0.09246,0.01486,0.05172,0.28340,0.09911,0.19465,0.10788,0.21872,0.13250,0.00554,0.04524
0.28351,0.26911,0.11534,0.09109,0.39828,0.30207,0.28527,0.29956,0.20798,0.44869,0.34714,0.13091,0.18016
0.39069,0.36529,0.09847,0.26809,0.49116,0.41192,0.41219,0.39384,0.28496,0.48635,0.42570,0.22734,0.25130
0.47859,0.32296,0.14107,0.15973,0.49631,0.37822,0.51370,0.38136,0.20196,0.42168,0.35574,0.13505,0.18584
0.54380,0.49295,0.10888,0.26359,0.55723,0.64561,0.59045,0.45624,0.54763,0.50968,0.44316,0.51958,0.39631
0.55981,0.36092,0.17557,0.11769,0.60171,0.62030,0.43110,0.39855,0.19567,0.42253,0.41685,0.23540,0.16939
0.61032,0.41902,0.16639,0.23657,0.64557,0.71184,0.40480,0.44910,0.20744,0.42791,0.48091,0.25573,0.37036
0.63435,0.41754,0.16385,0.17484,0.60664,0.69538,0.56527,0.38688,0.22860,0.37199,0.42413,0.39803,0.32369
0.63085,0.47269,0.17081,0.07264,0.53454,0.73781,0.49006,0.52185,0.59625,0.40353,0.47360,0.49566,0.40096
0.54878,0.28358,0.15885,0.08718,0.52637,0.36827,0.46252,0.40045,0.21535,0.17774,0.34126,0.19666,0.06000
0.53113,0.33534,0.11212,0.24654,0.54451,0.33878,0.33939,0.38154,0.29232,0.29839,0.35609,0.43458,0.12125
0.49068,0.28094,0.12987,0.08929,0.58108,0.29858,0.32852,0.31398,0.28117,0.21750,0.22697,0.30815,0.16414
0.42739,0.28809,0.13241,0.06078,0.43078,0.31679,0.32302,0.31137,0.24905,0.24976,0.27322,0.52792,0.13824
0.34386,0.14782,0.12401,-0.05464,0.32234,0.19141,0.23220,0.10786,0.18649,0.25218,0.11545,0.18148,-0.05658
0.20077,-0.00017,0.08458,-0.07465,-0.12376,0.06915,0.10969,0.01196,0.06650,0.10424,-0.05414,-0.08842,-0.02226
0.12158,-0.00285,0.08951,-0.06039,-0.12312,0.05732,0.13620,0.01174,0.01319,0.13113,-0.06095,-0.09322,-0.04042
0.03229,-0.18551,0.12897,-0.28555,-0.24161,-0.05768,0.01291,-0.17683,-0.40706,-0.02983,-0.25400,-0.17811,-0.23733
-0.06589,-0.18265,0.11248,-0.17590,-0.23420,0.01904,-0.06286,-0.12713,-0.38926,-0.17035,-0.27174,-0.18389,-0.23027
-0.17118,-0.26025,0.10333,-0.28830,-0.32590,-0.17246,-0.17997,-0.18045,-0.48626,-0.14325,-0.28819,-0.22003,-0.31774
-0.31032,-0.45498,0.11694,-0.62773,-0.45767,-0.35683,-0.30747,-0.48090,-0.60934,-0.38567,-0.37202,-0.36480,-0.58735
-0.38210,-0.44972,0.08811,-0.46774,-0.43774,-0.43603,-0.31596,-0.50294,-0.59266,-0.41378,-0.34303,-0.41777,-0.56957
-0.44969,-0.51986,0.10165,-0.67500,-0.53308,-0.49617,-0.40405,-0.49414,-0.62690,-0.44976,-0.35887,-0.53287,-0.62780
-0.51292,-0.60588,0.13398,-0.72443,-0.76552,-0.48391,-0.55452,-0.62600,-0.75267,-0.38481,-0.45817,-0.59455,-0.71423
-0.56969,-0.61240,0.14791,-0.75162,-0.77755,-0.49082,-0.53394,-0.65959,-0.77092,-0.30907,-0.54329,-0.60355,-0.68362
-0.62813,-0.69079,0.11684,-0.77234,-0.87172,-0.60928,-0.70551,-0.76801,-0.81884,-0.54358,-0.58041,-0.54796,-0.69024
-0.62704,-0.67734,0.06498,-0.72752,-0.76601,-0.63606,-0.66417,-0.77724,-0.66800,-0.64626,-0.65085,-0.55899,-0.67832
-0.61513,-0.68577,0.08356,-0.85505,-0.67845,-0.71489,-0.63678,-0.71764,-0.69784,-0.74319,-0.63025,-0.53851,-0.64506
-0.59331,-0.62485,0.07642,-0.73611,-0.54018,-0.52226,-0.66041,-0.71939,-0.68860,-0.64053,-0.55204,-0.57420,-0.61480
-0.58853,-0.56736,0.06378,-0.59516,-0.44691,-0.53347,-0.60642,-0.58862,-0.61107,-0.66938,-0.49553,-0.54479,-0.58221
-0.51077,-0.46978,0.10613,-0.43353,-0.19689,-0.55967,-0.52323,-0.47820,-0.52594,-0.48677,-0.52025,-0.42333,-0.55002
-0.42480,-0.45322,0.10018,-0.41818,-0.19939,-0.56282,-0.45175,-0.45284,-0.53695,-0.47844,-0.47784,-0.43650,-0.51748
-0.33411,-0.31515,0.07866,-0.32879,-0.17529,-0.36660,-0.34252,-0.24764,-0.36129,-0.40476,-0.31886,-0.20927,-0.39645
-0.28783,-0.22483,0.08734,-0.27528,-0.02131,-0.22752,-0.23331,-0.20368,-0.19528,-0.33070,-0.27284,-0.17698,-0.31138
-0.16023,-0.10340,0.09239,-0.14902,0.05962,-0.01409,-0.07405,-0.12317,-0.01993,-0.20170,-0.24648,-0.12468,-0.14053
-0.03431,-0.11989,0.09268,-0.25124,-0.12175,0.03875,0.01175,-0.16549,-0.07656,-0.15096,-0.22262,-0.16089,-0.09992
0.08468,0.00382,0.09458,-0.17270,0.06877,0.01625,0.06904,0.03057,0.13200,0.02686,-0.09474,-0.09735,0.05955
0.19034,0.24061,0.10974,0.05083,0.25350,0.38041,0.43452,0.22340,0.21676,0.28140,0.21303,0.13454,0.21764
0.24944,0.32164,0.11065,0.08428,0.43518,0.40423,0.45039,0.32620,0.24907,0.40963,0.26567,0.28963,0.30215
0.36006,0.39070,0.09266,0.22975,0.51407,0.46376,0.50761,0.38987,0.29105,0.42305,0.31799,0.36475,0.40514
0.45200,0.43856,0.08669,0.28746,0.52664,0.49788,0.58662,0.40692,0.41430,0.44403,0.38300,0.36386,0.47489
0.51890,0.58469,0.13982,0.35132,0.73939,0.73606,0.70353,0.52113,0.62718,0.60467,0.42895,0.44608,0.68860
0.55911,0.56594,0.14370,0.30494,0.77142,0.68935,0.65812,0.54742,0.62890,0.47154,0.38112,0.57493,0.63169
0.55665,0.55410,0.16919,0.19528,0.73862,0.71149,0.71740,0.53432,0.61597,0.48764,0.39655,0.50365,0.64006
0.58141,0.46019,0.16316,0.17287,0.55653,0.67412,0.62920,0.54640,0.49380,0.27844,0.38762,0.54311,0.31985
0.57979,0.39857,0.19215,0.09170,0.83026,0.35915,0.45866,0.51257,0.30692,0.34925,0.32775,0.46587,0.28354
0.55082,0.45636,0.21213,0.15218,0.79712,0.68401,0.41992,0.52943,0.43808,0.36372,0.35180,0.65281,0.17457
0.45719,0.33064,0.16444,0.09949,0.68807,0.41305,0.34620,0.36990,0.21142,0.28759,0.35149,0.39131,0.14783
0.41798,0.37255,0.14085,0.21851,0.66182,0.38696,0.36490,0.41790,0.25892,0.42992,0.37219,0.45564,0.15876
0.35755,0.35163,0.15061,0.32141,0.68721,0.29807,0.30097,0.26649,0.29913,0.28488,0.34557,0.54423,0.16832
0.27767,0.22087,0.09748,0.23119,0.41811,0.23168,0.22932,0.07941,0.21411,0.17803,0.29979,0.23979,0.08729
0.18086,0.18289,0.11315,0.12721,0.44756,0.20100,0.15134,0.10362,0.19912,0.02317,0.22636,0.23250,0.11704
0.04644,-0.09228,0.07538,-0.07644,-0.02700,-0.03463,-0.06470,-0.13970,-0.18299,-0.23770,0.00843,-0.10200,-0.06610
-0.03842,-0.08837,0.07644,-0.04773,-0.04408,0.01946,-0.09933,-0.14778,-0.18398,-0.22726,-0.07380,-0.02751,-0.05173
-0.13055,-0.17582,0.08719,-0.14265,-0.06898,-0.07098,-0.19184,-0.18501,-0.32522,-0.31800,-0.13822,-0.15417,-0.16318
-0.22778,-0.30076,0.09262,-0.24541,-0.30897,-0.19093,-0.33732,-0.21433,-0.43049,-0.44780,-0.22935,-0.23200,-0.37100
-0.37114,-0.39173,0.11804,-0.32678,-0.34135,-0.36444,-0.46132,-0.27839,-0.53164,-0.55161,-0.24637,-0.27840,-0.53698
-0.43185,-0.50122,0.09664,-0.41496,-0.55695,-0.53974,-0.56749,-0.39966,-0.59686,-0.57345,-0.34485,-0.41327,-0.60500
-0.48774,-0.58745,0.09980,-0.53954,-0.70113,-0.54923,-0.66709,-0.50717,-0.67163,-0.64359,-0.39775,-0.51590,-0.68143
-0.53747,-0.62956,0.09941,-0.46059,-0.76846,-0.66505,-0.68392,-0.57720,-0.71473,-0.61922,-0.53929,-0.53711,-0.73000
-0.57994,-0.80065,0.08470,-0.71126,-0.91145,-0.79829,-0.81480,-0.76010,-0.94890,-0.81579,-0.69755,-0.71013,-0.83823
-0.63223,-0.80969,0.07300,-0.75157,-0.85134,-0.82474,-0.83472,-0.82290,-0.93001,-0.79859,-0.69313,-0.71369,-0.87615
-0.61599,-0.77651,0.08251,-0.78676,-0.68169,-0.93337,-0.81759,-0.73980,-0.85480,-0.77367,-0.67444,-0.69349,-0.80949
-0.58839,-0.71221,0.05811,-0.68309,-0.64747,-0.73272,-0.75117,-0.67891,-0.77173,-0.80332,-0.62895,-0.67036,-0.75433
-0.55113,-0.66162,0.09025,-0.51853,-0.56390,-0.74348,-0.70002,-0.61155,-0.69982,-0.82367,-0.60870,-0.64316,-0.70339
-0.53607,-0.66817,0.09399,-0.65843,-0.59607,-0.86891,-0.60017,-0.63113,-0.76251,-0.72019,-0.55406,-0.61165,-0.67858
-0.44391,-0.47817,0.10423,-0.36308,-0.40461,-0.62428,-0.43423,-0.36429,-0.59851,-0.56892,-0.53181,-0.35876,-0.53316
-0.34583,-0.36368,0.08249,-0.31320,-0.27524,-0.36641,-0.38833,-0.32535,-0.52531,-0.43586,-0.39174,-0.23558,-0.37981
-0.24516,-0.23226,0.06254,-0.19501,-0.13146,-0.26573,-0.28155,-0.18721,-0.34654,-0.23303,-0.26504,-0.17099,-0.24597
-0.19235,-0.10930,0.07463,-0.18646,-0.01425,-0.02496,-0.15545,-0.05915,-0.17331,-0.18592,-0.17963,-0.09555,-0.01836
-0.05706,-0.00702,0.10203,-0.14332,0.14992,0.10121,-0.07552,0.08513,-0.04888,-0.09736,-0.03487,-0.08951,0.08299
0.07219,0.13473,0.11638,0.00584,0.29028,0.21353,0.14495,0.29719,0.08723,-0.07465,0.13263,0.09281,0.15748
0.19140,0.16338,0.12960,0.02714,0.36507,0.21578,0.30128,0.31925,0.09601,0.08914,0.11336,-0.01412,0.12092
0.29499,0.24613,0.12637,0.08196,0.40202,0.27974,0.50320,0.27772,0.18674,0.15068,0.17496,0.23873,0.16550
0.37863,0.31588,0.12618,0.09427,0.45991,0.34530,0.38703,0.43069,0.20803,0.34042,0.27522,0.45095,0.16692
0.43984,0.41211,0.19695,0.22460,0.58880,0.42221,0.80506,0.46548,0.23913,0.31290,0.28969,0.57278,0.20045
0.47751,0.46752,0.16002,0.29080,0.69524,0.40895,0.64493,0.54800,0.38196,0.43874,0.33376,0.66636,0.26649
0.48965,0.34686,0.20035,0.00961,0.57595,0.36912,0.58771,0.45688,0.18577,0.35824,0.25254,0.54767,0.12517
0.47565,0.25700,0.16138,0.06661,0.51051,0.35932,0.30691,0.38881,0.09342,0.14837,0.10316,0.43465,0.15825
0.43624,0.31570,0.15903,0.05697,0.49994,0.35373,0.38878,0.42609,0.19432,0.21684,0.27459,0.56655,0.17915
0.37255,0.26302,0.15174,0.03299,0.48763,0.33394,0.24442,0.34608,0.16976,0.15292,0.30231,0.46534,0.09481
0.28737,0.14232,0.13848,-0.02928,0.37133,0.28837,0.08547,0.14726,-0.04055,0.07522,0.26802,0.20607,0.05125
0.18263,0.00374,0.08225,-0.04947,-0.01255,0.11623,-0.02776,0.03381,-0.13484,-0.09198,0.10788,0.04103,0.05506
0.06105,-0.06849,0.09482,-0.06224,-0.02657,0.04271,-0.09072,-0.10588,-0.25963,-0.14316,0.06874,-0.09589,-0.01226
-0.07351,-0.20647,0.10363,-0.09300,-0.13193,-0.15877,-0.30297,-0.19711,-0.40106,-0.30686,-0.07082,-0.19257,-0.20964
-0.21545,-0.31777,0.10138,-0.20776,-0.28866,-0.23762,-0.35361,-0.26680,-0.45968,-0.41148,-0.18836,-0.29424,-0.46953
-0.35998,-0.44828,0.08910,-0.35202,-0.42732,-0.34398,-0.46806,-0.42258,-0.57434,-0.53218,-0.37357,-0.40202,-0.58668
-0.50487,-0.51892,0.08442,-0.36509,-0.52586,-0.50865,-0.55605,-0.52095,-0.55084,-0.64482,-0.38991,-0.53658,-0.59042
-0.64599,-0.66727,0.07762,-0.51640,-0.64418,-0.77635,-0.61443,-0.73085,-0.71732,-0.74520,-0.61233,-0.64336,-0.67229
-0.77622,-0.76784,0.08108,-0.67290,-0.73747,-0.88526,-0.67048,-0.77842,-0.88385,-0.76207,-0.68835,-0.75504,-0.84452
-0.89061,-0.87052,0.10313,-0.73862,-0.81109,-1.03665,-0.84170,-0.82747,-1.04229,-0.82607,-0.84391,-0.79024,-0.94721
-0.98729,-0.94894,0.11690,-0.82630,-0.93558,-1.14325,-0.99706,-0.83702,-1.13412,-0.96914,-0.88429,-0.82153,-0.94117
-1.06288,-1.00863,0.15683,-0.92210,-0.91955,-1.25515,-1.01324,-0.87901,-1.28713,-0.95921,-0.87524,-0.86599,-1.10963
-1.11284,-0.99953,0.14853,-0.96095,-0.87031,-1.22765,-0.96576,-0.93259,-1.25997,-0.93038,-0.88431,-0.84721,-1.11618
-1.13542,-0.82265,0.09448,-0.76105,-0.80755,-1.04705,-0.74084,-0.81968,-0.90750,-0.78723,-0.73632,-0.77078,-0.84855
-1.13018,-0.82280,0.08088,-0.74360,-0.83682,-0.99432,-0.76279,-0.82133,-0.90791,-0.83025,-0.72351,-0.77632,-0.83117
-0.93503,-0.86256,0.07104,-0.79541,-0.83296,-1.01981,-0.83241,-0.83110,-0.95044,-0.84977,-0.82326,-0.80414,-0.88631
-1.00048,-0.80160,0.09778,-0.68977,-0.68164,-0.97934,-0.78582,-0.76718,-0.92753,-0.81900,-0.72756,-0.77506,-0.86315
-1.04703,-0.83250,0.12239,-0.82314,-0.75336,-1.10776,-0.72638,-0.79115,-0.97185,-0.84178,-0.71690,-0.75034,-0.84238
-1.06890,-0.72011,0.11389,-0.65650,-0.71130,-1.00472,-0.61306,-0.72682,-0.75171,-0.76436,-0.60054,-0.70246,-0.66959
-1.06563,-0.72773,0.07958,-0.63057,-0.69429,-0.90714,-0.67483,-0.73405,-0.74598,-0.81152,-0.68497,-0.71009,-0.68385
-0.87737,-0.83811,0.09277,-0.78137,-0.84737,-1.05137,-0.78442,-0.78522,-0.85028,-0.93631,-0.78941,-0.73566,-0.81964
-0.94852,-0.86586,0.08471,-0.86260,-0.92720,-0.99465,-0.80570,-0.78760,-0.93515,-0.97554,-0.79185,-0.77514,-0.80315
-1.00234,-0.88661,0.11004,-1.00657,-0.93120,-1.10906,-0.79334,-0.80464,-0.90738,-0.92019,-0.77300,-0.78210,-0.83859
-1.03348,-0.83535,0.10017,-0.84954,-0.94759,-0.94519,-0.73503,-0.79214,-0.84234,-0.97614,-0.85022,-0.68752,-0.72782
-1.04013,-0.87960,0.09256,-0.86700,-0.90468,-0.97039,-1.01199,-0.85142,-0.90564,-0.94749,-0.87633,-0.73180,-0.72924
-0.86716,-0.97484,0.10884,-1.12123,-1.00621,-1.11768,-1.02610,-0.85666,-1.02597,-0.99172,-0.92392,-0.78922,-0.88968
-0.94904,-1.03567,0.14465,-1.29571,-1.06700,-1.19323,-1.02429,-0.84172,-1.14042,-1.00695,-0.98770,-0.84447,-0.95519
-1.01430,-1.00229,0.15043,-1.26334,-0.99786,-1.19142,-0.97898,-0.80596,-1.08744,-1.04548,-0.94012,-0.80642,-0.90592
-1.05558,-0.94264,0.11118,-1.08615,-0.95140,-1.10872,-0.94994,-0.85245,-0.91950,-1.03299,-0.94364,-0.79203,-0.78957
-1.07171,-0.96266,0.11856,-1.10802,-1.06354,-1.07234,-1.03500,-0.85816,-0.94771,-1.01737,-0.95444,-0.76756,-0.80244
-0.90931,-1.05479,0.12774,-1.22015,-1.05286,-1.15755,-1.10388,-0.89136,-1.16841,-1.12433,-1.01791,-0.81552,-0.99590
-0.99636,-1.06072,0.11797,-1.16837,-1.03451,-1.21255,-1.09664,-0.92179,-1.13978,-1.11647,-1.08656,-0.82309,-1.00741
-1.06494,-1.03386,0.11135,-1.14718,-1.00723,-1.18189,-1.08988,-0.94103,-1.10135,-1.09331,-1.01138,-0.81176,-0.95361
-1.10837,-1.01815,0.12613,-1.09202,-1.04525,-1.09750,-1.12285,-0.92606,-1.04338,-1.19257,-1.01730,-0.78058,-0.86400
-1.12554,-1.13276,0.12787,-1.20035,-1.14306,-1.19410,-1.18310,-0.99497,-1.26807,-1.28249,-1.13938,-0.86764,-1.05440
-0.95980,-1.15476,0.12553,-1.18521,-1.16687,-1.26970,-1.15515,-0.99568,-1.31637,-1.28953,-1.14018,-0.91859,-1.11037
-1.04615,-1.15737,0.12234,-1.17266,-1.19367,-1.26127,-1.18411,-1.03610,-1.33381,-1.21022,-1.20244,-0.90377,-1.07563
-1.11207,-1.05951,0.11989,-1.05477,-1.01886,-1.17591,-1.08814,-0.96307,-1.24068,-1.17227,-1.06836,-0.83043,-0.98258
-1.15199,-1.01212,0.10049,-1.01432,-1.03775,-1.08391,-1.08902,-0.93443,-1.07872,-1.11439,-1.05108,-0.78919,-0.92839
-1.16414,-1.03575,0.10663,-1.01988,-1.12416,-1.03266,-1.12372,-0.92431,-1.17293,-1.10750,-1.07030,-0.83175,-0.95027
-0.98527,-1.02621,0.09079,-0.97411,-1.09130,-1.07741,-1.12081,-0.92437,-1.11409,-1.06920,-1.08735,-0.87937,-0.92412
-1.06459,-1.05331,0.11702,-1.02678,-1.12163,-1.13681,-1.13277,-0.88106,-1.19438,-1.09234,-1.14215,-0.91171,-0.89347
-1.12408,-1.00255,0.10584,-1.03708,-0.96036,-1.11420,-1.07683,-0.87251,-1.15598,-0.98910,-1.06441,-0.83200,-0.92305
-1.15701,-0.92206,0.09274,-0.92387,-0.94909,-1.00509,-1.01663,-0.85721,-0.97461,-1.01792,-0.92268,-0.74187,-0.81159
-1.16176,-0.91695,0.09071,-0.87666,-0.87817,-1.04971,-1.03044,-0.84099,-0.98311,-0.99338,-0.90133,-0.79399,-0.82171
-0.96761,-1.02696,0.10225,-1.01573,-1.06793,-1.15755,-1.08671,-0.88986,-1.17889,-0.99807,-1.04744,-0.87575,-0.95163
-1.04057,-1.02512,0.10672,-1.06192,-1.01926,-1.07046,-1.04560,-0.87252,-1.23040,-1.06992,-1.05978,-0.86704,-0.95430
-1.09464,-1.00139,0.10835,-1.01586,-0.94563,-1.07302,-1.01659,-0.84436,-1.21018,-1.00317,-1.05968,-0.84226,-1.00315
-1.12368,-0.84056,0.06978,-0.77904,-0.84377,-0.91572,-0.86478,-0.79023,-0.92386,-0.90466,-0.89056,-0.74758,-0.74534
-1.12629,-0.88698,0.07931,-0.82486,-0.99355,-0.87052,-0.91827,-0.81350,-0.96829,-0.87884,-0.99877,-0.82394,-0.77928
-0.92408,-0.94301,0.08896,-0.89990,-0.96208,-0.97935,-0.96860,-0.83351,-1.12110,-0.92404,-1.02199,-0.82188,-0.89764
-0.99338,-1.01910,0.09550,-1.03666,-1.02676,-1.05084,-0.99947,-0.87383,-1.22532,-1.02892,-1.00318,-0.89524,-1.05081
-1.04535,-0.94035,0.10418,-0.92183,-0.87008,-1.00245,-0.92834,-0.84889,-1.19509,-0.89219,-0.92413,-0.83696,-0.98358
-1.07374,-0.88167,0.11487,-0.91147,-0.91823,-0.88477,-0.75973,-0.86205,-1.13752,-0.79472,-0.76407,-0.80785,-0.97634
-1.07760,-0.82320,0.08572,-0.75378,-0.80860,-0.85647,-0.70776,-0.82644,-1.01626,-0.81051,-0.77343,-0.78359,-0.89517
-1.05658,-0.89465,0.07665,-0.88870,-0.88001,-0.96134,-0.85175,-0.81053,-1.05477,-0.82812,-0.87812,-0.82978,-0.96336
-0.94640,-1.01256,0.11557,-1.03099,-1.04407,-1.14872,-0.95465,-0.87875,-1.18496,-0.91190,-0.99962,-0.84878,-1.12317
-0.99865,-1.11442,0.14268,-1.25871,-1.15016,-1.26537,-0.99340,-0.92771,-1.28113,-0.99151,-1.07371,-0.95307,-1.24944
-1.03105,-1.21875,0.15576,-1.31861,-1.27682,-1.37954,-1.03720,-1.02350,-1.32940,-1.03305,-1.21612,-1.12522,-1.44806
-1.04048,-1.15380,0.14641,-1.11747,-1.28434,-1.35991,-1.03005,-1.00335,-1.21636,-0.99583,-1.10840,-1.04291,-1.37940
-1.02620,-1.13408,0.12072,-1.13316,-1.28941,-1.28907,-1.00728,-1.01245,-1.20089,-1.05849,-0.95787,-1.15598,-1.23622
-0.98885,-1.04344,0.10211,-1.07756,-1.19197,-1.14855,-0.91990,-0.99449,-1.11088,-0.93047,-0.91017,-1.02606,-1.12431
-0.93002,-0.92785,0.10039,-0.98877,-0.96184,-1.01122,-0.80344,-0.99518,-1.01856,-0.88136,-0.74553,-0.84938,-1.02322
-0.85188,-0.92502,0.07805,-0.99337,-0.87847,-0.96267,-0.94023,-0.97669,-0.95633,-0.83102,-0.81587,-0.84553,-1.04998
-0.75571,-0.78175,0.08839,-0.87877,-0.84568,-0.67464,-0.75157,-0.84742,-0.73753,-0.86086,-0.62791,-0.73410,-0.85897
-0.64458,-0.64226,0.10392,-0.86817,-0.51908,-0.53776,-0.61029,-0.62768,-0.65948,-0.67256,-0.54566,-0.64886,-0.73304
-0.52376,-0.54754,0.09394,-0.62261,-0.35926,-0.56364,-0.51216,-0.42474,-0.55294,-0.65337,-0.56665,-0.57574,-0.64425
-0.39680,-0.44050,0.11612,-0.67709,-0.30629,-0.31455,-0.39810,-0.34549,-0.49194,-0.46204,-0.39575,-0.44870,-0.56499
-0.26529,-0.39530,0.17544,-0.75909,-0.30405,-0.21567,-0.31798,-0.18589,-0.51264,-0.43776,-0.42269,-0.26094,-0.53626
-0.13342,-0.20250,0.14898,-0.46893,-0.14426,0.05030,-0.08183,-0.20240,-0.29866,-0.06995,-0.32666,-0.21250,-0.27009
-0.00785,-0.07577,0.16845,-0.30723,-0.13183,0.03320,0.13537,0.10574,-0.17876,0.16278,-0.21719,-0.17435,-0.18546
0.10765,0.00590,0.13909,-0.17534,0.14134,0.13186,0.10261,0.10904,-0.00845,0.16668,-0.14981,-0.13699,-0.12193
0.21153,0.20144,0.10169,0.06624,0.27974,0.31431,0.18322,0.31060,0.14858,0.34273,0.14478,0.08271,0.14143
0.29891,0.41795,0.11928,0.19200,0.58311,0.49400,0.36775,0.48987,0.28572,0.49202,0.41060,0.51223,0.35220
0.36653,0.41775,0.12430,0.19672,0.67933,0.39695,0.40353,0.46179,0.31603,0.44100,0.41622,0.49556,0.37035
0.41283,0.51142,0.11183,0.32205,0.71009,0.46915,0.47382,0.51910,0.59167,0.49948,0.46179,0.64294,0.42411
0.43608,0.47499,0.16253,0.44501,0.69279,0.39055,0.60180,0.48174,0.29577,0.55865,0.42167,0.67623,0.18571
0.43513,0.40328,0.12831,0.47352,0.52736,0.39660,0.33617,0.43495,0.21843,0.43328,0.45081,0.58569,0.17595
0.41019,0.38371,0.10839,0.27997,0.54651,0.41860,0.33260,0.34718,0.35261,0.40366,0.43458,0.53142,0.18996
0.36216,0.29024,0.08989,0.21978,0.43859,0.33462,0.18045,0.31925,0.22763,0.27268,0.37209,0.36620,0.17112
0.29256,0.29881,0.10519,0.38740,0.47322,0.35444,0.20076,0.25656,0.21391,0.19466,0.36057,0.38201,0.16453
0.20419,0.18319,0.10035,0.07443,0.42078,0.21171,0.15850,0.13308,0.20993,0.06858,0.24005,0.15981,0.15508
0.09927,0.03547,0.08173,0.01215,0.05447,0.14845,0.04461,0.03082,0.00018,-0.13278,0.14349,-0.02319,0.07652
-0.01910,-0.18417,0.14189,-0.05363,-0.10599,0.03712,-0.20907,-0.19686,-0.44098,-0.32377,-0.06836,-0.20020,-0.27996
-0.14724,-0.31661,0.12327,-0.13739,-0.27154,-0.22549,-0.36834,-0.23224,-0.49841,-0.49876,-0.28502,-0.23180,-0.41709
-0.28037,-0.36376,0.11358,-0.22771,-0.34538,-0.21914,-0.39676,-0.25663,-0.49104,-0.48075,-0.29391,-0.39518,-0.53113
-0.41432,-0.46646,0.08991,-0.33455,-0.48705,-0.43440,-0.47962,-0.40480,-0.49322,-0.61262,-0.35718,-0.46864,-0.59255
-0.54604,-0.58299,0.11841,-0.37529,-0.63726,-0.62285,-0.58358,-0.53254,-0.68489,-0.68931,-0.37930,-0.67172,-0.65314
-0.67025,-0.73486,0.08249,-0.66323,-0.80255,-0.84266,-0.67633,-0.68420,-0.84710,-0.73408,-0.59194,-0.76350,-0.74299
-0.78252,-0.77320,0.09597,-0.54049,-0.86989,-0.82597,-0.75998,-0.77956,-0.89842,-0.77069,-0.76203,-0.74937,-0.77557
-0.88001,-0.93717,0.06233,-0.92609,-0.97211,-0.99520,-0.99631,-0.86398,-1.00821,-0.81186,-0.91857,-0.92766,-0.95170
-0.95979,-1.00391,0.07389,-1.03666,-1.03795,-1.03035,-1.02690,-0.89369,-1.14269,-0.90980,-1.00816,-0.93234,-1.02059
-1.01770,-1.04208,0.08967,-1.06183,-1.04554,-1.18584,-1.04205,-0.91398,-1.16459,-0.95073,-0.98771,-0.96927,-1.09926
-1.05139,-1.06837,0.12572,-0.96193,-1.03395,-1.33548,-1.05247,-0.91833,-1.19156,-0.95833,-1.03953,-1.04142,-1.15067
-1.06067,-1.08648,0.12372,-0.92661,-1.07145,-1.38047,-1.07588,-0.98868,-1.15658,-1.02106,-1.01513,-1.11153,-1.11745
-1.04497,-1.09686,0.11525,-0.97987,-1.12252,-1.32657,-1.07496,-0.98325,-1.12928,-1.11214,-0.95195,-1.22249,-1.06560
-1.00479,-1.00018,0.12148,-0.86588,-1.03759,-1.20449,-0.92907,-1.01010,-1.14704,-0.91050,-0.82180,-1.00415,-1.07118
-0.94177,-0.94003,0.09871,-0.86137,-0.93133,-0.97215,-0.93384,-1.00449,-1.11474,-0.87209,-0.77727,-0.88535,-1.04764
-0.85728,-0.89990,0.06270,-0.87402,-0.90074,-0.94677,-0.89451,-0.88313,-1.03019,-0.87683,-0.82965,-0.81416,-0.94900
-0.75479,-0.80605,0.10448,-0.89546,-0.74010,-0.97853,-0.69188,-0.84442,-0.88539,-0.75466,-0.64369,-0.75731,-0.86904
-0.63803,-0.54231,0.06988,-0.48214,-0.41067,-0.64123,-0.50460,-0.60380,-0.59250,-0.54886,-0.49312,-0.54920,-0.59693
-0.50893,-0.28188,0.08219,-0.23026,-0.15842,-0.27267,-0.25825,-0.29447,-0.44819,-0.36399,-0.30435,-0.19759,-0.29056
-0.37092,-0.07847,0.06310,-0.08200,-0.05476,-0.05470,-0.02468,-0.06995,-0.17309,-0.03023,-0.20602,-0.07545,-0.01385
-0.22847,0.04540,0.06550,0.01418,0.19322,0.02800,0.03127,0.03720,0.01845,0.03250,-0.04148,0.01770,0.12293
-0.08784,0.22713,0.15956,0.09264,0.43918,0.16391,0.07944,0.13936,0.49528,0.08909,0.09984,0.30817,0.36442
0.04601,0.43406,0.16950,0.27094,0.53448,0.36242,0.22326,0.41970,0.57078,0.33060,0.32073,0.52488,0.78281
0.18873,0.52770,0.10838,0.53010,0.69051,0.48330,0.32616,0.45706,0.60335,0.51403,0.43971,0.58296,0.64983
0.20883,0.37175,0.10610,0.37322,0.47493,0.26571,0.21789,0.24065,0.39012,0.48268,0.36718,0.37237,0.53271
0.20999,0.38503,0.13242,0.53141,0.58682,0.23088,0.36795,0.22372,0.50353,0.46932,0.37743,0.31248,0.24673
0.19399,0.30495,0.06872,0.36812,0.28564,0.19604,0.23417,0.25924,0.39336,0.30393,0.36610,0.38095,0.26194
0.20588,0.19958,0.10104,0.23654,0.24934,0.30107,0.06288,0.23007,0.21594,0.00785,0.34061,0.18191,0.16956
0.07099,0.02076,0.13966,0.11837,0.14823,0.16067,0.03810,-0.04692,-0.10629,-0.22476,0.21083,-0.09014,-0.00053
-0.07806,-0.03029,0.12955,-0.01992,0.03267,0.16927,-0.05735,-0.17119,-0.00107,-0.30326,0.05033,-0.04003,0.03762
-0.23327,-0.06319,0.15590,0.04983,-0.16718,0.03580,0.01038,-0.19383,0.14055,-0.38454,0.03992,-0.13982,-0.02306
-0.29377,-0.39383,0.09056,-0.31039,-0.46852,-0.32841,-0.41332,-0.42437,-0.36928,-0.55933,-0.26076,-0.47214,-0.33179
-0.53019,-0.58627,0.16017,-0.44333,-0.69044,-0.49163,-0.48705,-0.74236,-0.50598,-0.92567,-0.52120,-0.63624,-0.41876
-0.76080,-0.77267,0.13625,-0.78442,-0.85867,-0.71494,-0.90604,-0.75165,-0.71602,-1.05371,-0.58627,-0.63931,-0.71572
-0.97639,-0.82168,0.21406,-0.85900,-0.81185,-0.83998,-1.20237,-0.82243,-0.48130,-1.13203,-0.67837,-0.71362,-0.67586
-1.17177,-1.10389,0.14644,-1.17153,-1.12992,-1.14925,-1.30330,-1.09700,-0.92205,-1.34404,-1.00451,-0.91940,-0.99789
-1.22329,-1.30362,0.17338,-1.34321,-1.45204,-1.30179,-1.41365,-1.38250,-1.07322,-1.57378,-1.08046,-1.33890,-1.07668
-1.43932,-1.50643,0.16877,-1.46649,-1.74187,-1.41027,-1.46877,-1.58696,-1.69427,-1.61601,-1.34264,-1.55562,-1.18143
-1.62405,-1.58888,0.15731,-1.63098,-1.82701,-1.48551,-1.50236,-1.71577,-1.75896,-1.57623,-1.43214,-1.64207,-1.31779
-1.77141,-1.63746,0.12419,-1.57842,-1.86739,-1.53727,-1.50845,-1.72595,-1.74843,-1.65939,-1.49797,-1.71347,-1.53790
-1.88470,-1.79825,0.08615,-1.82631,-1.94196,-1.80617,-1.63963,-1.88932,-1.82552,-1.77999,-1.69562,-1.79464,-1.78339
-1.96377,-1.88365,0.11771,-1.94656,-2.01762,-1.95266,-1.68401,-2.01825,-1.97020,-1.76763,-1.78920,-1.90532,-1.78508
-1.94431,-1.94079,0.17024,-1.97951,-2.08856,-2.13796,-1.83241,-2.19804,-2.01558,-1.79320,-1.80544,-1.88440,-1.67280
-2.04008,-1.87921,0.20449,-1.97452,-2.06780,-2.00180,-1.69219,-2.21872,-1.93441,-1.83388,-1.60831,-1.87779,-1.58268
-2.10186,-1.84005,0.14781,-1.80755,-1.95435,-1.88558,-1.70312,-2.12565,-1.86084,-1.92996,-1.65944,-1.83121,-1.64280
-2.12952,-1.98483,0.12949,-1.92276,-1.99574,-2.01621,-1.87088,-2.31935,-2.00827,-1.98761,-1.93411,-1.93139,-1.86200
-2.12311,-2.00200,0.20310,-1.89842,-2.14040,-2.02931,-1.79029,-2.47395,-2.02511,-2.01499,-1.89391,-1.75573,-1.99789
-1.98741,-1.90701,0.17801,-1.96285,-1.87602,-2.03426,-1.62491,-2.22578,-2.04015,-1.78005,-1.78375,-1.74447,-1.99787
-1.99894,-1.97167,0.23604,-2.01038,-1.89455,-2.14429,-1.56243,-2.28797,-2.27488,-1.74980,-1.94731,-1.76434,-2.08079
-1.97685,-1.74021,0.20562,-1.64253,-1.73871,-1.86038,-1.37416,-1.82844,-2.02563,-1.47192,-1.83463,-1.66823,-1.95748
-1.92145,-1.60232,0.22320,-1.67401,-1.47945,-1.69450,-1.30607,-1.49453,-2.03752,-1.31598,-1.72713,-1.52606,-1.76798
-1.83324,-1.44543,0.16789,-1.61528,-1.44657,-1.47447,-1.22249,-1.36990,-1.76936,-1.20872,-1.45659,-1.38418,-1.50673
-1.58538,-1.36429,0.21028,-1.61945,-1.42174,-1.38705,-1.13050,-1.07956,-1.66052,-1.21121,-1.24647,-1.27615,-1.61021
-1.51561,-1.18472,0.14116,-1.37128,-1.24632,-1.25144,-1.04634,-0.98312,-1.22553,-0.94554,-1.25973,-1.23680,-1.28112
-1.41362,-1.04807,0.15952,-1.22146,-1.15112,-1.25583,-0.92346,-0.85323,-1.13137,-0.86743,-0.84850,-1.07205,-1.15631
-1.28015,-0.89661,0.12341,-0.96811,-1.02605,-1.00092,-0.78346,-0.84776,-1.02942,-0.80989,-0.67566,-0.82682,-0.99804
-1.11910,-0.89311,0.10580,-1.01742,-0.94721,-0.93700,-0.81567,-0.87876,-0.99901,-0.78703,-0.74261,-0.78294,-1.02343
-0.93448,-0.74679,0.10056,-0.94536,-0.73918,-0.69975,-0.66323,-0.70491,-0.83898,-0.72535,-0.61785,-0.68237,-0.85092
-0.65377,-0.60501,0.06219,-0.67997,-0.66331,-0.55765,-0.58567,-0.56690,-0.59740,-0.66862,-0.54308,-0.51152,-0.67600
-0.52162,-0.56223,0.09041,-0.62283,-0.51699,-0.48879,-0.48715,-0.45359,-0.63953,-0.65857,-0.51845,-0.51431,-0.72207
-0.38640,-0.45710,0.15592,-0.66159,-0.41610,-0.26477,-0.42885,-0.40162,-0.59535,-0.46653,-0.35395,-0.26501,-0.71727
-0.24733,-0.25544,0.10609,-0.36642,-0.28500,-0.06798,-0.15924,-0.24264,-0.36114,-0.20037,-0.26285,-0.19372,-0.41506
-0.10853,-0.09047,0.09571,-0.22820,-0.15111,0.03000,0.02983,-0.06086,-0.15046,0.03446,-0.18794,-0.09511,-0.12527
0.02317,0.06160,0.11887,-0.04779,0.02220,0.22139,0.13934,0.16573,-0.01042,0.18220,-0.00846,0.10221,-0.15038
0.14634,0.08533,0.11746,-0.06417,0.03279,0.30179,0.19138,0.16781,0.05561,0.17040,0.04946,-0.02842,-0.02336
0.25679,0.17904,0.11372,0.02013,0.15256,0.38436,0.29049,0.18043,0.07219,0.27203,0.20128,0.16013,0.05678
0.35047,0.24264,0.13018,-0.00585,0.11435,0.39325,0.31483,0.36147,0.16976,0.27818,0.30735,0.35023,0.14278
0.42243,0.30773,0.12515,0.05918,0.31920,0.38485,0.46988,0.33616,0.23004,0.35940,0.35438,0.41210,0.15207
0.47233,0.43799,0.12833,0.13378,0.45764,0.44817,0.45974,0.49080,0.51725,0.47112,0.42495,0.62845,0.34801
0.49831,0.37436,0.13781,0.19743,0.53787,0.38416,0.42162,0.40936,0.21786,0.45877,0.42613,0.53668,0.15373
0.49931,0.42577,0.14010,0.25965,0.56750,0.35734,0.32966,0.44182,0.47578,0.44551,0.44321,0.70091,0.23629
0.47532,0.52538,0.10086,0.37278,0.59969,0.61394,0.36871,0.53195,0.59072,0.52349,0.46787,0.67528,0.50936
0.42722,0.45786,0.12168,0.44603,0.53262,0.59741,0.26075,0.43796,0.45017,0.50051,0.45715,0.63066,0.26534
0.35659,0.18314,0.06968,0.10184,0.30651,0.19458,0.13905,0.19060,0.20004,0.12773,0.28317,0.18457,0.10332
0.26687,0.24474,0.09978,0.07290,0.41977,0.22775,0.20966,0.32865,0.27592,0.34097,0.22461,0.18136,0.16580
0.16003,0.11909,0.07231,0.00302,0.14838,0.22178,0.07815,0.19574,0.14418,0.09098,0.17918,0.02180,0.10765
0.03861,-0.00202,0.06238,-0.03155,0.02732,0.08290,0.02868,-0.06110,0.05400,0.04916,-0.01537,-0.12418,-0.03003
-0.09383,-0.15783,0.09618,-0.09425,-0.06493,-0.04595,-0.13306,-0.18100,-0.31221,-0.05226,-0.18493,-0.22033,-0.28935
-0.23336,-0.26397,0.10138,-0.16337,-0.16315,-0.19004,-0.28231,-0.20509,-0.32183,-0.35832,-0.15675,-0.36411,-0.43477
-0.37491,-0.38676,0.08633,-0.30063,-0.33148,-0.33196,-0.41615,-0.28655,-0.38290,-0.50790,-0.32071,-0.48130,-0.50799
-0.51422,-0.49156,0.10663,-0.32059,-0.43463,-0.51218,-0.52302,-0.45276,-0.48456,-0.63856,-0.35143,-0.63497,-0.56288
-0.64822,-0.60642,0.07973,-0.45636,-0.61917,-0.69610,-0.58700,-0.65382,-0.64700,-0.63148,-0.47423,-0.66356,-0.63550
-0.77256,-0.73377,0.05869,-0.67493,-0.67732,-0.82722,-0.70772,-0.73630,-0.82315,-0.69877,-0.67227,-0.74338,-0.77665
-0.88184,-0.79704,0.10440,-0.69001,-0.71318,-0.88535,-0.79133,-0.74712,-0.99267,-0.64353,-0.79559,-0.83954,-0.87211
-0.97331,-0.84804,0.11604,-0.89937,-0.81067,-0.99628,-0.74091,-0.80050,-1.05871,-0.66339,-0.80245,-0.83372,-0.87436
-1.04392,-0.97510,0.11685,-1.05125,-0.97229,-1.08307,-0.94514,-0.85438,-1.21311,-0.83269,-0.90380,-0.89094,-1.00437
-1.09101,-1.03021,0.11180,-1.12001,-1.03021,-1.13181,-0.99469,-0.88351,-1.18360,-0.89862,-0.89302,-1.02847,-1.13819
-1.11256,-1.07520,0.10951,-1.19958,-1.03604,-1.16067,-1.02946,-0.90410,-1.20948,-0.93758,-1.04141,-1.04379,-1.18986
-1.10811,-1.12927,0.15719,-1.33181,-1.10754,-1.36177,-0.99608,-0.95335,-1.18494,-0.97522,-0.94511,-1.19114,-1.24579
-1.07814,-1.01982,0.13434,-1.10634,-1.04459,-1.29092,-0.88971,-0.89783,-1.09186,-0.94656,-0.82989,-1.03379,-1.06668
-1.02346,-0.97462,0.12332,-1.01295,-0.99965,-1.16693,-0.87700,-0.90344,-1.14279,-0.87615,-0.78526,-0.92463,-1.05740
-0.94639,-0.90131,0.12218,-0.95917,-0.88555,-1.05404,-0.79072,-0.90984,-1.05462,-0.81161,-0.71462,-0.79756,-1.03533
-0.84967,-0.88385,0.11401,-1.01895,-0.81586,-0.99252,-0.75750,-0.93356,-0.95995,-0.85519,-0.68213,-0.82468,-0.99814
-0.73625,-0.71205,0.08754,-0.83225,-0.62437,-0.78572,-0.68890,-0.67198,-0.78086,-0.73204,-0.55548,-0.65625,-0.79271
-0.60815,-0.54868,0.06020,-0.57767,-0.49298,-0.59691,-0.55198,-0.49332,-0.62405,-0.54092,-0.49857,-0.46877,-0.64160
-0.47143,-0.43049,0.09831,-0.53095,-0.36620,-0.29427,-0.46110,-0.37798,-0.55225,-0.43196,-0.37929,-0.32933,-0.58158
-0.33065,-0.27466,0.10360,-0.36015,-0.26401,-0.07479,-0.27887,-0.20650,-0.36849,-0.27183,-0.28444,-0.19274,-0.44479
-0.18955,-0.15209,0.08245,-0.25925,-0.19900,0.00839,-0.03573,-0.15583,-0.16639,-0.19161,-0.22745,-0.16568,-0.12832
-0.05111,-0.08313,0.09600,-0.18446,-0.10842,0.02291,0.05330,-0.01627,-0.12631,0.00019,-0.20122,-0.06665,-0.20433
0.07860,0.09077,0.09412,-0.00378,0.23982,0.21624,0.12240,0.15611,0.05884,0.10292,-0.03925,0.05377,0.00062
0.19563,0.28908,0.10802,0.12285,0.41670,0.42208,0.23976,0.34581,0.20523,0.38344,0.27482,0.33168,0.14838
0.29616,0.31879,0.13201,0.07993,0.35469,0.54578,0.30031,0.41047,0.18899,0.38030,0.34873,0.37590,0.20282
0.37795,0.42000,0.11449,0.23060,0.49710,0.54394,0.59869,0.40169,0.32590,0.36786,0.37761,0.51496,0.34167
0.43784,0.54365,0.12094,0.44611,0.60258,0.59966,0.54098,0.45377,0.34204,0.66220,0.42942,0.71563,0.64414
0.47313,0.45682,0.13069,0.33055,0.61120,0.49307,0.42270,0.42853,0.29110,0.49550,0.44937,0.71394,0.33219
0.48325,0.58875,0.12474,0.44982,0.69332,0.44400,0.64582,0.46203,0.62449,0.61900,0.48950,0.82388,0.63567
0.46837,0.56340,0.11066,0.40780,0.61029,0.62734,0.43801,0.54093,0.56599,0.56634,0.44113,0.69970,0.73644
0.42904,0.55339,0.10248,0.51506,0.53489,0.67000,0.35363,0.51647,0.56627,0.62680,0.45792,0.70053,0.59235
0.36712,0.30685,0.11977,0.21148,0.49572,0.32943,0.24794,0.22279,0.28650,0.48458,0.38260,0.28825,0.11924
0.29458,0.22840,0.08639,0.08733,0.40011,0.29580,0.21664,0.19311,0.23050,0.29255,0.23511,0.16887,0.16404
0.17155,0.10102,0.06909,0.02193,0.18896,0.20150,0.04141,0.05638,0.13979,0.05597,0.15052,0.02127,0.13242
0.03331,-0.11045,0.09186,-0.06094,-0.05707,0.07406,-0.05018,-0.16796,-0.18434,-0.14771,-0.08165,-0.20051,-0.22820
-0.11403,-0.21324,0.12984,-0.03969,-0.15881,-0.04515,-0.16860,-0.20274,-0.42738,-0.23378,-0.19996,-0.24033,-0.41597
-0.26622,-0.37205,0.10579,-0.27320,-0.35312,-0.24744,-0.34158,-0.28473,-0.52350,-0.38352,-0.32530,-0.41829,-0.56983
-0.41881,-0.48191,0.10804,-0.35813,-0.51239,-0.35869,-0.46812,-0.43191,-0.55607,-0.54721,-0.34015,-0.64715,-0.59927
-0.56853,-0.60525,0.12110,-0.38247,-0.65278,-0.71492,-0.56850,-0.73764,-0.68757,-0.58509,-0.41302,-0.64944,-0.66104
-0.71025,-0.71128,0.10997,-0.54768,-0.71876,-0.83598,-0.60165,-0.80694,-0.83339,-0.62946,-0.60239,-0.71654,-0.81996
-0.83766,-0.78817,0.12487,-0.64097,-0.76812,-0.97473,-0.63970,-0.81819,-0.95470,-0.68900,-0.70740,-0.77340,-0.91543
-0.94827,-0.92624,0.13108,-0.94033,-0.85710,-1.03822,-0.76760,-0.86198,-1.19035,-0.78735,-0.86516,-0.90690,-1.04742
-1.03883,-0.97528,0.12686,-1.10999,-0.93306,-1.06467,-0.83522,-0.86413,-1.20888,-0.81837,-0.93212,-0.95275,-1.03359
-1.10593,-0.96226,0.12871,-1.09023,-0.96028,-1.07718,-0.85680,-0.85638,-1.12629,-0.70937,-0.99052,-0.92763,-1.02791
-1.14567,-1.12380,0.12152,-1.33558,-1.19381,-1.21377,-1.02145,-0.95583,-1.18898,-0.97893,-1.09175,-1.05805,-1.19987
-1.15828,-1.13338,0.13229,-1.34639,-1.12969,-1.28827,-1.04702,-0.98220,-1.20271,-0.90475,-1.13853,-1.15989,-1.13438
-1.14329,-1.18275,0.15061,-1.39299,-1.35329,-1.35380,-1.07708,-1.00264,-1.12296,-1.01776,-1.04003,-1.20431,-1.26263
-1.10114,-0.98759,0.10473,-1.08191,-1.10014,-1.07462,-0.88375,-0.82208,-1.07099,-0.90246,-0.87602,-1.05210,-1.01179
-1.03409,-0.96333,0.11145,-1.12956,-1.12888,-1.00596,-0.91884,-0.88710,-1.04624,-0.91458,-0.80112,-0.85759,-0.94344
-0.94468,-0.89574,0.08317,-1.01495,-0.95930,-0.89847,-0.88859,-0.87415,-0.89408,-0.99945,-0.80609,-0.73913,-0.88319
-0.83440,-0.81097,0.12990,-0.97452,-0.73559,-0.66264,-0.79701,-0.89255,-0.84942,-1.03492,-0.66901,-0.67415,-0.81992
-0.70680,-0.65781,0.08556,-0.68937,-0.56177,-0.64797,-0.66292,-0.67086,-0.61589,-0.85493,-0.60996,-0.55750,-0.70690
-0.56792,-0.56125,0.09896,-0.67130,-0.41685,-0.44313,-0.49352,-0.57136,-0.60686,-0.62245,-0.58440,-0.48522,-0.71740
-0.41953,-0.42220,0.10157,-0.56447,-0.29122,-0.39240,-0.40467,-0.41405,-0.49602,-0.40439,-0.40957,-0.26726,-0.57793
-0.26600,-0.21792,0.09065,-0.40567,-0.18757,-0.09506,-0.33216,-0.20735,-0.18463,-0.18338,-0.24694,-0.19515,-0.14130
-0.11216,-0.13846,0.08282,-0.28476,-0.19854,-0.06656,-0.17398,-0.00695,-0.11845,-0.04820,-0.20453,-0.14715,-0.13546
0.03455,0.04731,0.13608,-0.13817,0.07192,0.15151,0.14025,0.11528,-0.00391,0.27562,-0.14422,-0.07530,0.08007
0.16977,0.06504,0.17805,-0.25714,0.04811,0.34580,0.31531,0.03119,-0.05861,0.15454,-0.05559,0.04358,0.08317
0.29170,0.26554,0.12335,0.04668,0.12579,0.40813,0.37172,0.24814,0.17664,0.36620,0.33713,0.36958,0.20540
0.39454,0.19932,0.12595,0.00871,0.22457,0.36560,0.35694,0.12792,0.04832,0.26210,0.30809,0.18930,0.10170
0.47333,0.32819,0.11614,0.15632,0.37573,0.40679,0.35497,0.34343,0.15776,0.32311,0.41419,0.51912,0.23046
0.52626,0.45308,0.15390,0.22783,0.52475,0.41632,0.65920,0.42964,0.32181,0.55447,0.47982,0.66421,0.25280
0.55189,0.54866,0.13368,0.23667,0.62759,0.49281,0.60410,0.49643,0.64596,0.63292,0.50016,0.71927,0.53071
0.54976,0.55796,0.10891,0.41230,0.63142,0.69698,0.52913,0.46909,0.59261,0.51949,0.46480,0.75396,0.50989
0.52038,0.42594,0.13510,0.18069,0.48344,0.44934,0.32710,0.41027,0.41361,0.49632,0.50129,0.68427,0.31307
0.46515,0.34242,0.14086,0.15402,0.34979,0.37668,0.28108,0.26422,0.33754,0.40312,0.42055,0.65372,0.18351
0.38527,0.37617,0.08339,0.37662,0.46757,0.37295,0.28002,0.31769,0.42175,0.43208,0.37537,0.49251,0.22514
0.28400,0.16344,0.06105,0.02564,0.12702,0.17211,0.15570,0.18543,0.19966,0.25453,0.17327,0.20798,0.13308
0.16571,0.13977,0.04731,0.12985,0.14601,0.22078,0.08250,0.16309,0.10168,0.19343,0.16483,0.12153,0.07400
0.03384,-0.05470,0.07325,-0.05482,0.01444,0.01695,0.00291,-0.12924,-0.02928,0.02294,-0.16707,-0.15466,-0.06915
-0.10976,-0.19291,0.08797,-0.10847,-0.07961,-0.20384,-0.17810,-0.19653,-0.35589,-0.07286,-0.25383,-0.22964,-0.25036
-0.26061,-0.33034,0.09638,-0.22146,-0.28707,-0.39428,-0.34422,-0.27827,-0.45850,-0.23894,-0.28234,-0.28441,-0.51390
-0.41151,-0.46922,0.11392,-0.27489,-0.58795,-0.53210,-0.41656,-0.44478,-0.53703,-0.46312,-0.29252,-0.55179,-0.59142
-0.55806,-0.66379,0.11314,-0.54818,-0.86688,-0.71115,-0.57534,-0.76237,-0.63535,-0.65044,-0.48132,-0.66230,-0.74459
-0.69841,-0.76106,0.08183,-0.78863,-0.90124,-0.66966,-0.62194,-0.81937,-0.75037,-0.75261,-0.70283,-0.77179,-0.83215
-0.82743,-0.80688,0.06073,-0.86885,-0.82226,-0.81983,-0.79016,-0.72742,-0.77183,-0.72885,-0.86537,-0.90706,-0.76711
-0.93785,-1.00780,0.18986,-1.38928,-1.08307,-1.01003,-0.78044,-0.91990,-1.15834,-0.77362,-1.10482,-0.84395,-1.01455
-1.02644,-0.88838,0.29150,-1.48378,-1.06814,-1.02009,-0.54187,-0.75858,-1.18282,-0.68192,-0.70392,-0.76886,-0.67384
-1.09064,-0.62820,0.21103,-0.68626,-0.70176,-0.91350,-0.43732,-0.88555,-0.85450,-0.59364,-0.35466,-0.43476,-0.42007
-1.12972,-0.92733,0.22952,-0.58957,-1.16736,-0.93719,-0.61810,-1.20922,-1.16531,-0.89776,-0.70908,-1.07440,-0.90532
-1.14193,-1.73821,0.14201,-1.84469,-1.77656,-1.77046,-1.53853,-1.53391,-1.83014,-1.77272,-1.77710,-1.57794,-1.96003
-1.12748,-1.30183,0.17389,-1.44716,-1.51386,-1.33950,-1.08065,-1.13375,-1.28818,-1.07208,-1.33279,-1.24361,-1.56671
-1.01850,-1.21029,0.15755,-1.40064,-1.34105,-1.33816,-1.14414,-0.97475,-1.09221,-1.00540,-1.13324,-1.34201,-1.33135
-1.05683,-1.24105,0.13156,-1.41954,-1.41703,-1.38952,-1.12429,-1.04128,-1.18333,-1.19895,-1.13331,-1.23697,-1.26633
-1.08195,-1.11748,0.12861,-1.16953,-1.31245,-1.18911,-1.03243,-0.99638,-1.20081,-1.25000,-0.96771,-0.93272,-1.12365
-1.01846,-1.10300,0.09840,-1.04317,-1.14465,-1.10212,-1.07852,-1.08977,-1.18280,-1.26919,-1.05370,-0.90104,-1.16501
-0.87133,-0.82148,0.11307,-0.97310,-0.77821,-0.94060,-0.78833,-0.72246,-0.88770,-0.88388,-0.61412,-0.73048,-0.89594
-0.71255,-0.64426,0.11120,-0.81253,-0.52525,-0.65997,-0.56560,-0.54106,-0.75082,-0.58244,-0.57597,-0.60957,-0.81942
-0.54311,-0.47217,0.12498,-0.68165,-0.37933,-0.38494,-0.46222,-0.37600,-0.57655,-0.37200,-0.34175,-0.49428,-0.65299
-0.36654,-0.33452,0.10340,-0.47242,-0.35810,-0.22941,-0.35621,-0.20551,-0.41716,-0.28686,-0.26066,-0.25712,-0.50170
-0.18599,-0.15209,0.08630,-0.26453,-0.19376,-0.07458,-0.13450,-0.12655,-0.12052,0.01982,-0.22765,-0.14949,-0.24911
-0.00698,-0.02641,0.08601,-0.13434,-0.03055,0.03233,-0.00758,0.06940,0.02285,0.11044,-0.12024,-0.11282,-0.09359
0.16137,0.31418,0.11605,0.11817,0.46351,0.27254,0.29118,0.35469,0.37983,0.47144,0.36860,0.25123,0.17057
0.31400,0.46820,0.07214,0.29046,0.46842,0.52755,0.43606,0.46140,0.45617,0.50643,0.47207,0.55362,0.50979
0.44889,0.56686,0.10464,0.35694,0.59856,0.74448,0.61526,0.47650,0.58679,0.62597,0.50141,0.61894,0.54374
0.56059,0.68495,0.10844,0.49938,0.67690,0.81925,0.80704,0.73281,0.65943,0.61404,0.53865,0.73890,0.76314
0.64465,0.64923,0.14113,0.34109,0.64358,0.86633,0.75350,0.57279,0.66952,0.71171,0.54242,0.68148,0.70987
0.69641,0.58077,0.13117,0.37540,0.63093,0.81833,0.67541,0.45931,0.61175,0.69855,0.52564,0.52863,0.48369
0.71519,0.67034,0.11531,0.44075,0.71889,0.80323,0.72165,0.54926,0.70390,0.72367,0.55282,0.72420,0.76507
0.70159,0.67348,0.12102,0.50132,0.73101,0.78756,0.78631,0.56841,0.63324,0.59427,0.53586,0.75364,0.84323
0.65619,0.69211,0.12855,0.64951,0.71489,0.95785,0.68464,0.52523,0.65005,0.66565,0.51772,0.76560,0.78997
0.58134,0.48529,0.09778,0.43378,0.55718,0.44571,0.44397,0.34258,0.42357,0.54174,0.47343,0.70308,0.48790
0.47869,0.49465,0.13541,0.62743,0.73129,0.37156,0.43150,0.42127,0.46004,0.52498,0.45925,0.63427,0.28489
0.35170,0.31054,0.10922,0.33909,0.53882,0.33744,0.14491,0.31797,0.23444,0.36845,0.32749,0.31570,0.18108
0.20538,0.15261,0.09686,0.02034,0.36883,0.19210,0.06492,0.12490,0.18751,0.07274,0.16450,0.19770,0.13254
0.04417,0.00049,0.09884,-0.02381,0.17232,0.06543,-0.04798,-0.07974,-0.01744,-0.02295,0.14233,-0.15014,-0.03311
-0.12848,-0.25766,0.08851,-0.12267,-0.23576,-0.19111,-0.22379,-0.21695,-0.35835,-0.39509,-0.18790,-0.28875,-0.35620
-0.30769,-0.33350,0.10307,-0.26618,-0.31152,-0.24119,-0.38195,-0.25475,-0.37807,-0.57886,-0.23400,-0.36882,-0.31962
-0.48681,-0.46258,0.09805,-0.31993,-0.37422,-0.42040,-0.53202,-0.50817,-0.46736,-0.60196,-0.36311,-0.60270,-0.43597
-0.66037,-0.58614,0.10484,-0.38969,-0.52996,-0.66950,-0.65413,-0.67042,-0.56174,-0.66612,-0.45526,-0.70340,-0.56122
-0.82440,-0.80969,0.07677,-0.76829,-0.73915,-0.93398,-0.91254,-0.80861,-0.90499,-0.75013,-0.75791,-0.77068,-0.75060
-0.97332,-0.98592,0.09023,-0.95920,-0.94531,-1.02164,-1.04839,-0.90985,-1.21105,-0.93797,-0.95530,-0.91417,-0.95629
-1.10036,-1.09118,0.15683,-1.06157,-1.06008,-1.02928,-1.09270,-0.95894,-1.51170,-1.00298,-0.99016,-1.06263,-1.14175
-1.20121,-1.18138,0.15767,-1.27947,-1.15103,-1.18553,-1.15516,-1.03929,-1.58419,-1.09400,-1.04474,-1.12720,-1.15324
-1.27359,-1.21756,0.15882,-1.36163,-1.20987,-1.18314,-1.14809,-1.03107,-1.60206,-1.11429,-1.19510,-1.18638,-1.14396
-1.31490,-1.22664,0.16501,-1.45518,-1.31378,-1.30172,-1.06398,-1.01418,-1.45516,-1.00980,-1.29229,-1.18818,-1.17213
-1.32327,-1.24161,0.12681,-1.39149,-1.33156,-1.32310,-1.10984,-1.03987,-1.39795,-1.10040,-1.20543,-1.21804,-1.29839
-1.29899,-1.20200,0.14180,-1.18185,-1.18445,-1.41873,-1.07015,-1.04579,-1.30071,-0.99251,-1.16296,-1.36900,-1.29390
-1.24331,-1.11204,0.13281,-1.12481,-1.07179,-1.34549,-1.02970,-0.91971,-1.19030,-0.97882,-1.04349,-1.28445,-1.13181
-1.15827,-0.99836,0.10512,-0.96005,-0.89462,-1.08235,-1.00448,-0.98420,-1.19227,-0.90265,-0.84268,-1.03477,-1.08554
-1.04745,-0.83000,0.07524,-0.80809,-0.72849,-0.85271,-0.85706,-0.78611,-0.98756,-0.82610,-0.73739,-0.82684,-0.88969
-0.91371,-0.76850,0.08153,-0.85692,-0.64547,-0.74748,-0.76899,-0.69763,-0.85429,-0.83169,-0.64790,-0.79800,-0.83665
-0.76099,-0.62773,0.10184,-0.75518,-0.44890,-0.65080,-0.62877,-0.48711,-0.71468,-0.71024,-0.54543,-0.65370,-0.68252
-0.59383,-0.47032,0.11056,-0.59466,-0.34991,-0.24641,-0.50435,-0.39046,-0.57735,-0.56262,-0.46742,-0.50518,-0.50482
-0.41813,-0.31256,0.12871,-0.48822,-0.31240,-0.13036,-0.36745,-0.22171,-0.43571,-0.47552,-0.29428,-0.25645,-0.14351
-0.23685,-0.14907,0.10072,-0.20712,-0.25223,0.00691,-0.09987,-0.14743,-0.09325,-0.29224,-0.22932,-0.16884,-0.00730
-0.05442,-0.04014,0.12998,-0.09225,-0.05332,0.15268,0.00233,-0.19852,0.14888,-0.17791,-0.12747,-0.13386,0.07808
0.12321,0.19200,0.12963,0.03219,0.23290,0.31681,0.24488,0.20993,0.37214,-0.07316,0.23262,0.18988,0.16185
0.29034,0.14680,0.14780,0.00352,0.22262,0.28494,0.27316,0.23013,0.16474,-0.20080,0.20539,0.09904,0.18525
0.44126,0.36510,0.22542,0.42889,0.55079,0.37205,0.15758,-0.04788,0.42394,0.78832,0.22741,0.33384,0.41610
0.56957,1.07891,0.32740,0.91529,1.22891,0.94470,1.43670,0.54459,0.79603,1.65927,0.87699,1.18557,1.20101
0.66923,0.92970,0.29659,0.73980,0.89953,0.84164,1.42093,0.59393,0.83662,0.83875,0.61485,1.43521,1.07571
0.73744,0.94401,0.25824,0.77914,1.01424,0.88747,1.32407,0.59446,0.90298,1.32297,0.60232,1.12554,0.88689
0.77345,0.96236,0.18482,0.98541,1.12535,0.88003,1.21055,0.61976,1.01433,0.75379,0.84625,1.08369,1.10444
0.87371,0.82111,0.25264,0.86968,1.17000,0.96391,0.77564,0.39060,0.70468,0.58257,0.75498,1.22762,0.77141
0.72337,0.64125,0.29907,0.64741,0.74025,1.13305,0.74247,0.53623,0.25975,0.62228,0.29845,1.07500,0.35757
0.54352,0.48854,0.26505,0.37082,0.44910,1.00291,0.45714,0.33882,0.22037,0.46783,0.35974,0.93394,0.28469
0.33956,0.22879,0.28076,0.03245,0.52657,0.64285,0.22169,-0.12260,0.03088,0.10724,0.22961,0.64143,-0.02225
0.11858,0.17076,0.25410,0.04828,0.14720,0.75110,0.43097,-0.12345,0.20683,-0.06139,0.04305,0.12895,0.13604
-0.03962,0.03202,0.31933,-0.27246,-0.12623,0.78838,0.14431,-0.32052,0.19456,0.04979,-0.18737,-0.06462,0.11438
-0.36959,-0.59809,0.25337,-0.72953,-0.91551,-0.62361,-0.59889,-0.67511,0.05049,-0.62354,-0.52368,-0.75946,-0.58201
-0.70014,-1.00462,0.22939,-0.83533,-0.97861,-1.17587,-1.05005,-0.82160,-0.93336,-1.32876,-0.57265,-1.06414,-1.28581
-1.02167,-1.15885,0.18800,-1.04972,-1.14087,-1.51653,-1.10069,-1.11938,-1.20706,-1.38908,-0.85404,-1.00794,-1.20321
-1.32238,-1.26346,0.14742,-1.30451,-1.50007,-1.28808,-1.29444,-1.14835,-1.15854,-1.38121,-1.03377,-1.41361,-1.11203
-1.59690,-1.46118,0.23693,-1.37872,-1.85531,-1.53153,-1.55428,-1.17346,-1.60816,-1.48292,-1.24207,-1.68183,-1.10355
-1.69121,-1.83655,0.36348,-2.09822,-2.52549,-2.12625,-1.81981,-1.44347,-1.92343,-1.70401,-1.64941,-1.82793,-1.24747
-1.99750,-2.05639,0.43207,-2.15559,-3.04251,-2.33123,-2.28430,-1.64856,-2.07327,-1.81569,-1.90043,-1.68042,-1.63195
-2.27856,-2.29451,0.50481,-2.03338,-3.58165,-2.50921,-2.36675,-1.88469,-2.22019,-1.98173,-2.44189,-2.00839,-1.91719
-2.53304,-2.51484,0.37949,-2.11044,-3.34827,-2.68077,-2.68962,-2.44865,-2.37450,-2.08465,-2.79502,-2.36713,-2.24939
-2.75966,-2.60739,0.31536,-2.19487,-3.06483,-3.00176,-2.86541,-2.68124,-2.39331,-2.21067,-2.76379,-2.52056,-2.37741
-2.95734,-2.69658,0.35852,-2.12875,-2.97927,-3.29492,-3.02729,-2.86737,-2.51107,-2.25227,-2.69952,-2.66775,-2.53755
-2.85245,-2.94154,0.37239,-2.45229,-3.24517,-3.61283,-3.24154,-2.99825,-2.80880,-2.40112,-2.76108,-3.07036,-2.82397
-3.09534,-3.08460,0.42707,-2.65385,-3.59530,-3.88137,-3.32211,-2.98790,-3.05557,-2.44970,-2.84605,-3.14351,-2.91069
-3.31032,-3.19075,0.46459,-2.78907,-3.72379,-4.02089,-3.52249,-2.88293,-3.20581,-2.66053,-2.90296,-3.43293,-2.76608
-3.49635,-3.23195,0.45507,-2.72050,-3.70362,-4.02425,-3.52703,-3.24748,-3.25607,-2.84415,-2.89446,-3.45983,-2.64212
-3.65258,-3.29430,0.45965,-2.87262,-3.65255,-3.96570,-3.49972,-3.60006,-3.37070,-2.81594,-2.87597,-3.67143,-2.61831
-3.77829,-3.32570,0.46924,-2.80893,-3.72503,-3.89418,-3.62133,-3.82941,-3.23725,-2.98034,-2.66936,-3.64570,-2.84551
-3.87292,-3.47538,0.47065,-2.82635,-4.08204,-3.84013,-3.72424,-4.04513,-3.41723,-3.14750,-2.87833,-3.71649,-3.07636
-3.93613,-3.68219,0.55049,-2.76561,-4.45341,-4.00859,-3.92141,-4.30211,-3.60185,-3.54624,-3.06663,-3.97730,-3.17874
-3.77771,-3.78912,0.37515,-3.09912,-4.13901,-4.13679,-3.81028,-4.24792,-3.82539,-3.63749,-3.65682,-4.03370,-3.30473
-3.89287,-3.75306,0.38261,-3.19569,-4.01492,-4.26807,-4.02081,-4.18019,-3.70614,-3.65112,-3.54932,-3.79394,-3.15044
-3.97718,-3.71362,0.26301,-3.37421,-3.95113,-4.13265,-3.96731,-3.50317,-3.66744,-3.76168,-3.77240,-3.69048,-3.31574
-4.03031,-3.69370,0.27805,-3.49541,-3.88244,-4.21624,-3.87907,-3.88989,-3.53892,-3.48361,-3.79066,-3.40409,-3.35670
-4.05212,-3.62526,0.38367,-3.24346,-3.51129,-4.52295,-3.94595,-3.50628,-3.83501,-3.27258,-3.48089,-3.51156,-3.42260
-4.04261,-3.62805,0.41154,-3.57043,-3.30661,-4.63565,-3.75249,-3.51686,-3.82253,-3.22263,-3.25275,-3.47793,-3.72262
-4.00196,-3.60282,0.47360,-3.25765,-3.68740,-4.71403,-3.76953,-3.75073,-3.82076,-3.08856,-3.21139,-3.24427,-3.48390
-3.71955,-3.58989,0.46828,-3.49729,-3.64407,-4.71041,-3.56417,-3.74739,-3.84936,-3.00333,-3.33688,-3.22406,-3.32190
-3.73238,-3.53611,0.43625,-3.33828,-3.65300,-4.63622,-3.38103,-3.48712,-3.71402,-2.99341,-3.51144,-3.26866,-3.37790
-3.71423,-3.27735,0.41232,-3.02025,-3.62993,-4.24043,-3.11444,-3.45767,-3.26384,-2.94939,-3.23888,-2.95736,-2.90129
-3.66532,-3.25436,0.38428,-3.38932,-3.76235,-3.87380,-2.97155,-3.54069,-3.09912,-3.08144,-3.25278,-2.69997,-2.87259
-3.58600,-3.25705,0.46606,-3.57870,-3.70230,-3.78568,-2.85432,-3.80440,-3.12094,-2.81736,-3.51579,-2.73128,-2.65977
-3.47678,-3.14340,0.43828,-3.32551,-3.31211,-3.42207,-2.81206,-3.95648,-2.87490,-2.72435,-3.58488,-2.68070,-2.74096
-3.33837,-2.92414,0.38058,-3.00100,-2.97403,-3.19860,-2.78161,-3.50805,-2.38912,-2.60022,-3.48511,-2.60484,-2.69882
-2.94973,-2.85000,0.42864,-2.84227,-2.82034,-3.45992,-2.73167,-3.43027,-2.21300,-2.74541,-3.32062,-2.45536,-2.48120
-2.86319,-2.51304,0.32235,-2.53619,-2.54766,-3.07728,-2.18566,-2.76598,-2.23819,-2.16149,-2.92866,-2.25711,-2.43216
-2.74717,-2.35505,0.29623,-2.49916,-2.25292,-2.79149,-1.85099,-2.58274,-2.44972,-2.11405,-2.65515,-2.03265,-2.32162
-2.60238,-2.20587,0.24671,-2.25598,-2.13087,-2.59111,-1.82337,-2.08437,-2.34730,-2.03215,-2.59819,-2.06109,-2.13423
-2.42963,-1.92017,0.22178,-2.27735,-1.71844,-2.20283,-1.56917,-1.84587,-1.94776,-1.87521,-2.10791,-1.75447,-1.90273
-2.22993,-1.69574,0.14187,-1.83588,-1.63111,-1.78882,-1.42033,-1.63841,-1.73348,-1.59193,-1.72447,-1.66194,-1.93102
-2.00435,-1.41356,0.11614,-1.31348,-1.24829,-1.60706,-1.29229,-1.45784,-1.32631,-1.47166,-1.39819,-1.50538,-1.51507
-1.54032,-1.26428,0.12368,-1.18545,-1.06706,-1.45854,-1.18171,-1.41098,-1.26745,-1.34787,-1.14384,-1.33272,-1.24717
-1.36216,-1.12091,0.14666,-1.12593,-0.92323,-1.37180,-1.08943,-1.31892,-1.18412,-1.18574,-0.99263,-0.98142,-1.03591
-1.15775,-0.69839,0.13108,-0.78366,-0.51652,-0.94288,-0.58578,-0.78796,-0.66175,-0.82463,-0.60348,-0.62465,-0.65264
-0.93209,-0.34519,0.10581,-0.35038,-0.20426,-0.35951,-0.32921,-0.27782,-0.39830,-0.47473,-0.53205,-0.20039,-0.32527
-0.69265,-0.14417,0.08759,-0.28111,-0.09212,-0.06618,-0.07000,-0.10518,-0.14489,-0.23826,-0.27384,-0.11531,-0.05478
-0.44350,-0.00772,0.10761,-0.13155,-0.05622,0.14491,0.04194,0.09086,0.05321,0.00416,-0.19902,-0.08535,0.05986
-0.19013,0.07720,0.17049,-0.16674,-0.06878,0.24543,0.25625,0.21591,0.12405,0.23079,-0.15673,-0.05080,0.14261
0.19913,0.25172,0.11674,0.02497,0.23563,0.30391,0.36032,0.42302,0.23153,0.36562,0.21435,0.14944,0.20840
0.33741,0.17694,0.13273,0.07160,0.10776,0.27679,0.28905,0.35668,0.12985,0.32276,0.13938,-0.07223,0.14773
0.45372,0.41747,0.15572,0.23670,0.42791,0.60467,0.55291,0.46108,0.23344,0.66289,0.36885,0.39027,0.23594
0.54827,0.53105,0.17252,0.36615,0.55277,0.75103,0.78560,0.55540,0.31454,0.69285,0.41963,0.54343,0.32908
0.61791,0.42679,0.16323,0.14953,0.55398,0.59060,0.47143,0.43265,0.27921,0.66048,0.36832,0.51095,0.25076
0.66082,0.39615,0.12789,0.19530,0.48838,0.49311,0.52175,0.40487,0.26751,0.53038,0.38660,0.46212,0.21148
0.67651,0.54013,0.12438,0.32305,0.60884,0.52040,0.75367,0.43974,0.56867,0.54860,0.43379,0.67779,0.52672
0.66458,0.43459,0.15329,0.24837,0.62702,0.45856,0.63874,0.42833,0.28989,0.47600,0.40106,0.57543,0.20248
0.62559,0.46546,0.12685,0.38481,0.65468,0.52435,0.51211,0.41393,0.30486,0.48882,0.37514,0.66766,0.32828
0.56079,0.43841,0.11814,0.39176,0.53696,0.53289,0.46219,0.38064,0.29896,0.46342,0.41786,0.64991,0.24956
0.47225,0.35550,0.13795,0.37098,0.57611,0.42559,0.30198,0.21770,0.23140,0.41023,0.36574,0.52199,0.13329
0.36259,0.26098,0.10999,0.22630,0.42156,0.36347,0.21957,0.23943,0.19667,0.07919,0.28394,0.41197,0.16773
0.23569,0.11136,0.10148,0.04882,0.11736,0.24160,0.06746,0.12192,0.10156,-0.11646,0.23021,0.16705,0.13407
0.09499,0.02780,0.09870,0.10202,0.05971,0.19190,0.01525,-0.10118,-0.01566,-0.11603,0.14285,-0.00395,0.00310
-0.05685,-0.11732,0.10168,-0.04897,-0.00504,0.03560,-0.09151,-0.19348,-0.24534,-0.25593,-0.04146,-0.15130,-0.17575
-0.21592,-0.28808,0.09604,-0.16743,-0.23993,-0.21320,-0.33776,-0.24210,-0.41009,-0.42449,-0.21317,-0.22897,-0.40364
-0.37680,-0.42920,0.11023,-0.28289,-0.37116,-0.30129,-0.49510,-0.42740,-0.50388,-0.59539,-0.29958,-0.47971,-0.53559
-0.53516,-0.56087,0.08846,-0.38143,-0.48517,-0.59308,-0.56081,-0.63539,-0.61854,-0.66518,-0.46842,-0.59585,-0.60487
-0.68679,-0.72767,0.08766,-0.67101,-0.62140,-0.87628,-0.66970,-0.77442,-0.81886,-0.74837,-0.60043,-0.72310,-0.77316
-0.82928,-0.88345,0.11312,-0.84854,-0.78822,-1.03610,-0.95301,-0.83672,-1.04845,-0.84271,-0.71202,-0.79417,-0.97459
-0.95645,-0.96849,0.09733,-0.94746,-0.89184,-1.06457,-1.02316,-0.91515,-1.12665,-0.96606,-0.85620,-0.83442,-1.05940
-1.06369,-1.09345,0.10478,-1.19959,-1.04872,-1.09158,-1.12929,-0.92717,-1.26863,-1.12080,-1.12397,-0.93791,-1.08682
-1.14977,-1.06118,0.08731,-1.07610,-1.00162,-1.12795,-1.11059,-0.88472,-1.17012,-1.15004,-1.01556,-0.99374,-1.08130
-1.21143,-1.13589,0.10078,-1.16539,-1.11014,-1.27397,-1.08477,-0.94610,-1.25429,-1.13069,-1.21166,-1.02632,-1.15558
-1.24557,-1.15575,0.09673,-1.15639,-1.19279,-1.31922,-1.10033,-1.00457,-1.25840,-1.16995,-1.19923,-1.02554,-1.13111
-1.25228,-1.15163,0.13063,-1.13264,-1.10316,-1.41871,-1.11131,-0.97732,-1.31794,-1.15081,-1.11924,-1.01561,-1.16953
-1.23150,-1.26929,0.10849,-1.29358,-1.40391,-1.47885,-1.13967,-1.21166,-1.29954,-1.15820,-1.23145,-1.18087,-1.29514
-1.18397,-1.06963,0.09385,-0.99249,-1.11272,-1.26498,-1.06485,-0.98702,-1.10145,-1.15656,-1.02329,-0.94634,-1.04662
-1.11153,-0.97791,0.09616,-0.86415,-0.92458,-1.08957,-1.05944,-1.03768,-1.01155,-1.10211,-0.84412,-0.87686,-0.96904
-1.01566,-1.04384,0.11944,-0.97800,-0.90268,-1.24637,-1.14398,-1.10089,-0.99709,-1.19520,-0.92384,-0.95392,-0.99643
-0.90012,-0.81899,0.13132,-0.85396,-0.66736,-1.03722,-0.81699,-0.82942,-0.77305,-1.03865,-0.70046,-0.68538,-0.78739
-0.76866,-0.69745,0.13628,-0.69602,-0.51381,-0.77940,-0.76903,-0.64811,-0.67710,-1.00049,-0.68205,-0.53606,-0.67244
-0.62463,-0.47139,0.12409,-0.57268,-0.24716,-0.57335,-0.41832,-0.47504,-0.54882,-0.46483,-0.60472,-0.27789,-0.53112
-0.47023,-0.32088,0.08466,-0.45839,-0.21372,-0.33887,-0.35089,-0.25111,-0.40583,-0.28877,-0.36091,-0.18948,-0.35084
-0.30909,-0.16433,0.09877,-0.37381,-0.21860,-0.12449,-0.12692,-0.19005,-0.15746,-0.00636,-0.23215,-0.13013,-0.08338
-0.14796,-0.09018,0.09774,-0.26603,-0.21728,-0.03284,-0.03435,-0.00319,-0.01634,-0.00319,-0.18420,-0.10700,-0.03738
0.00683,0.04429,0.11142,-0.09937,-0.10162,0.13568,0.15437,0.08168,0.09338,0.18971,-0.07480,-0.03836,0.10226
0.15320,0.28341,0.08997,0.08560,0.35858,0.32966,0.38175,0.35815,0.25841,0.31072,0.21995,0.31388,0.21744
0.28631,0.32913,0.08991,0.18211,0.39970,0.33328,0.32723,0.39772,0.24075,0.35143,0.34910,0.48025,0.22968
0.40053,0.45683,0.09615,0.28925,0.51179,0.57444,0.42666,0.42406,0.33168,0.54859,0.43783,0.56566,0.45831
0.49294,0.59559,0.11014,0.45614,0.61169,0.81547,0.56876,0.48156,0.54158,0.64790,0.49305,0.65968,0.68004
0.56090,0.63512,0.10193,0.46909,0.65612,0.84727,0.63765,0.55833,0.59048,0.65910,0.55828,0.66945,0.70539
0.60329,0.68501,0.11870,0.51320,0.66489,0.88620,0.74819,0.63193,0.65808,0.65104,0.52224,0.77375,0.80057
0.61818,0.62180,0.12771,0.36696,0.68793,0.76199,0.69504,0.54286,0.57770,0.67067,0.47285,0.72478,0.71720
0.60578,0.58331,0.11721,0.36139,0.69048,0.76855,0.60271,0.52533,0.58059,0.55827,0.45830,0.66921,0.61826
0.56701,0.35230,0.14787,0.07953,0.50011,0.40472,0.33419,0.44502,0.22624,0.43955,0.34769,0.55251,0.19339
0.50311,0.33718,0.11121,0.25833,0.49597,0.39095,0.21612,0.26367,0.23596,0.38742,0.35220,0.52568,0.24551
0.41630,0.23770,0.13126,0.02716,0.49563,0.32716,0.19041,0.22470,0.23630,0.21602,0.31628,0.26765,0.07566
0.31014,0.12807,0.08501,0.00106,0.03652,0.18997,0.10331,0.14366,0.19317,0.05180,0.27094,0.19408,0.09619
0.18767,0.11793,0.09556,0.00637,0.07971,0.26415,0.04686,0.11041,0.14902,-0.00049,0.28141,0.12650,0.11541
0.05130,0.04469,0.10991,0.06279,0.04975,0.20886,0.04377,-0.10973,-0.01593,-0.05101,0.24232,-0.03062,0.04669
-0.09486,-0.09146,0.11372,-0.08390,-0.16120,0.05746,-0.00849,-0.20127,-0.16377,-0.23882,0.10823,-0.14843,-0.07442
-0.24543,-0.15358,0.12137,-0.01803,-0.24763,-0.13820,-0.13853,-0.19853,-0.16471,-0.38972,0.04242,-0.20574,-0.07708
-0.31171,-0.48031,0.08998,-0.36440,-0.57179,-0.46305,-0.47025,-0.49552,-0.54725,-0.51833,-0.31597,-0.60859,-0.44797
-0.53123,-0.63241,0.09488,-0.51175,-0.64951,-0.55991,-0.59385,-0.72953,-0.70158,-0.79551,-0.54986,-0.69137,-0.54118
-0.74678,-0.80858,0.11769,-0.71824,-0.80423,-0.92179,-0.77788,-0.81240,-0.95947,-1.00889,-0.68737,-0.71421,-0.68129
-0.94784,-0.90248,0.12114,-0.88794,-0.94859,-0.99356,-1.06997,-0.80622,-0.88447,-1.09717,-0.78611,-0.77958,-0.77116
-1.12873,-1.05894,0.15281,-1.01746,-1.06149,-1.13416,-1.32408,-0.91154,-1.12361,-1.26439,-0.95655,-0.86563,-0.93053
-1.17053,-1.13351,0.15852,-1.14757,-1.25233,-1.24153,-1.34864,-1.06206,-1.20706,-1.27652,-0.93781,-0.89602,-0.96551
-1.37016,-1.33377,0.14148,-1.39103,-1.48512,-1.45634,-1.42330,-1.35742,-1.34182,-1.44028,-1.07612,-1.24315,-1.12313
-1.54021,-1.45189,0.13934,-1.50931,-1.64196,-1.50541,-1.46976,-1.53009,-1.38585,-1.52784,-1.21012,-1.51725,-1.22131
-1.67638,-1.50021,0.14970,-1.54473,-1.66476,-1.59941,-1.55614,-1.59980,-1.37068,-1.56709,-1.32776,-1.57638,-1.19534
-1.78083,-1.58017,0.15154,-1.66598,-1.68448,-1.68363,-1.69389,-1.70401,-1.49055,-1.62856,-1.36911,-1.60755,-1.27392
-1.85398,-1.75559,0.16400,-1.87577,-1.81626,-1.86354,-1.81723,-2.03327,-1.70148,-1.65887,-1.49382,-1.76475,-1.53089
-1.81683,-1.78278,0.17639,-1.80691,-1.87437,-1.92865,-1.75676,-2.16232,-1.71924,-1.67375,-1.57167,-1.76129,-1.57280
-1.90150,-1.73471,0.16428,-1.76055,-1.79931,-1.87453,-1.64366,-2.08926,-1.71284,-1.67937,-1.63502,-1.67834,-1.47424
-1.95490,-1.70530,0.17104,-1.53146,-1.73262,-1.86168,-1.77491,-2.06910,-1.63194,-1.76181,-1.58592,-1.53287,-1.57069
-1.97687,-1.76599,0.13217,-1.70992,-1.74071,-1.97888,-1.69054,-1.96701,-1.69577,-1.87812,-1.71221,-1.56743,-1.71931
-1.96744,-1.84365,0.15932,-1.69719,-1.82594,-2.06396,-1.67267,-2.12389,-1.90961,-1.77115,-1.88995,-1.64731,-1.83482
-1.81484,-1.81879,0.19110,-1.62886,-1.80405,-2.04078,-1.54850,-1.98345,-2.00598,-1.65706,-1.93318,-1.60954,-1.97647
-1.81772,-1.78750,0.24203,-1.61547,-1.53935,-2.07791,-1.43948,-2.04101,-2.00882,-1.61691,-2.01703,-1.62916,-1.88988
-1.78948,-1.56681,0.16251,-1.52508,-1.39229,-1.80120,-1.44818,-1.63133,-1.77810,-1.49184,-1.75187,-1.36468,-1.48349
-1.73040,-1.42880,0.11584,-1.39794,-1.51769,-1.53476,-1.40994,-1.65178,-1.38021,-1.40043,-1.43335,-1.23782,-1.32411
-1.64090,-1.33405,0.11708,-1.32663,-1.45310,-1.55926,-1.28044,-1.23207,-1.31237,-1.44191,-1.22311,-1.19063,-1.32102
-1.52156,-1.41807,0.10098,-1.46749,-1.52860,-1.50994,-1.26642,-1.56503,-1.28538,-1.41896,-1.34406,-1.38921,-1.40559
-1.30018,-1.14858,0.14253,-1.15140,-1.10500,-1.48795,-1.19171,-1.16340,-1.06733,-1.20393,-0.93657,-1.12114,-1.05738
-1.19414,-1.10031,0.14017,-1.20056,-0.99357,-1.23442,-0.96754,-1.08682,-1.16853,-1.36084,-0.89700,-1.04913,-1.04467
-1.06446,-0.82302,0.13999,-1.03219,-0.67824,-0.95981,-0.70710,-0.91840,-0.77967,-1.00695,-0.71291,-0.70505,-0.72988
-0.91440,-0.79271,0.14757,-1.07509,-0.73038,-0.85906,-0.62667,-0.94121,-0.78846,-0.88969,-0.62630,-0.66201,-0.72823
-0.75018,-0.60855,0.16226,-0.99335,-0.45686,-0.68566,-0.54068,-0.64407,-0.56237,-0.65008,-0.51499,-0.40621,-0.63125
-0.47513,-0.39845,0.13457,-0.57122,-0.16206,-0.35917,-0.30064,-0.47736,-0.48192,-0.47681,-0.38244,-0.23434,-0.53853
-0.36324,-0.22010,0.15267,-0.25781,-0.05171,0.05387,-0.24155,-0.33677,-0.43974,-0.18002,-0.23489,-0.11804,-0.39437
-0.25355,0.08441,0.09651,0.02044,0.23532,0.23427,0.03570,0.01738,0.03874,0.10140,-0.05369,0.15798,0.05660
-0.14654,0.06502,0.10476,-0.10041,0.21223,0.20158,0.12889,0.01471,-0.02737,0.09426,-0.03543,0.12824,0.03348
-0.04460,0.00721,0.13725,-0.18043,0.07141,0.28872,0.11601,-0.07217,-0.06323,0.10684,-0.06876,-0.02956,-0.09672
0.13976,0.10589,0.10752,0.07785,0.09903,0.28138,0.19721,0.00801,0.06321,0.25469,-0.01418,0.11258,-0.02090
0.14836,0.09062,0.13373,0.09066,0.00636,0.24868,0.11847,0.01339,-0.00363,0.23823,0.08045,0.26779,-0.15425
0.14043,0.09536,0.08812,-0.02369,0.12396,0.18748,0.11831,0.04045,0.13770,0.14181,0.11060,0.19262,-0.07562
0.11906,0.08718,0.09665,-0.07962,0.20655,0.17292,0.15451,-0.00340,0.12674,0.12329,0.12846,0.08690,-0.04450
0.08545,0.04256,0.07381,0.00181,-0.01850,0.16486,0.13386,0.04285,0.06702,0.10739,0.01222,-0.04538,-0.04050
0.04010,0.03106,0.06663,-0.04574,-0.05597,0.05909,0.11900,0.05067,0.04115,0.13654,0.04793,-0.03883,-0.00325
-0.01490,-0.00156,0.08910,-0.04092,-0.01780,0.00736,0.16019,-0.07846,-0.07520,0.13219,0.04117,-0.10672,-0.03743
-0.07883,-0.20037,0.12872,-0.35971,-0.21765,0.01782,-0.04576,-0.18708,-0.41337,-0.21094,-0.13939,-0.19689,-0.25074
-0.14985,-0.27031,0.16868,-0.63645,-0.27448,-0.04992,-0.08571,-0.25046,-0.37261,-0.22090,-0.17637,-0.23853,-0.39768
-0.22465,-0.41647,0.11596,-0.44587,-0.53795,-0.26237,-0.32026,-0.31876,-0.55247,-0.38960,-0.29032,-0.47459,-0.57250
-0.30118,-0.56989,0.12312,-0.73246,-0.67774,-0.51411,-0.40234,-0.60308,-0.66005,-0.49903,-0.35490,-0.62290,-0.63228
-0.37850,-0.62371,0.10282,-0.68250,-0.66224,-0.63272,-0.52706,-0.65396,-0.75836,-0.52479,-0.42269,-0.64347,-0.72929
-0.45419,-0.71374,0.09494,-0.77349,-0.78244,-0.70774,-0.67471,-0.72579,-0.83064,-0.60505,-0.51668,-0.72533,-0.79550
-0.52442,-0.77241,0.08467,-0.81280,-0.88569,-0.76088,-0.75619,-0.79758,-0.84070,-0.66776,-0.60350,-0.75817,-0.84084
-0.62313,-1.00103,0.11340,-1.16534,-1.17100,-0.93640,-1.01544,-0.99044,-1.00816,-1.04648,-0.78359,-0.95215,-0.94132
-0.63732,-0.95702,0.12100,-1.17408,-0.99503,-0.93285,-1.02736,-0.93241,-1.02920,-0.98233,-0.73420,-0.81018,-0.95258
-0.63991,-0.94629,0.10428,-1.08231,-1.07936,-0.93364,-0.92687,-0.99434,-0.98884,-0.94460,-0.73300,-0.83921,-0.94072
-0.63199,-0.98689,0.10058,-1.15617,-1.02159,-0.99989,-1.05668,-1.02319,-1.00566,-0.92210,-0.79537,-0.87364,-1.01462
-0.61375,-0.87112,0.10447,-1.05268,-0.78260,-0.92363,-0.93237,-0.86097,-0.86726,-0.94050,-0.70203,-0.74372,-0.90539
-0.59838,-0.75225,0.12637,-0.96016,-0.54579,-0.85521,-0.79986,-0.71009,-0.77214,-0.83711,-0.60471,-0.64251,-0.79490
-0.52277,-0.64132,0.06672,-0.69305,-0.55243,-0.73699,-0.67170,-0.59508,-0.67004,-0.68113,-0.55714,-0.56693,-0.68866
-0.43882,-0.51266,0.09463,-0.43617,-0.32750,-0.53226,-0.53420,-0.50041,-0.62683,-0.47628,-0.46727,-0.57426,-0.65140
-0.34976,-0.42880,0.09003,-0.49353,-0.32874,-0.34507,-0.41671,-0.36720,-0.55491,-0.46841,-0.31258,-0.44318,-0.55766
-0.29024,-0.25172,0.07463,-0.29940,-0.13124,-0.19730,-0.24831,-0.16962,-0.31295,-0.30144,-0.26018,-0.21785,-0.37894
-0.16244,-0.26829,0.07214,-0.36010,-0.14652,-0.28844,-0.25136,-0.20605,-0.23311,-0.34401,-0.25803,-0.22620,-0.36909
-0.03661,-0.18642,0.06768,-0.27644,-0.18393,-0.13045,-0.11487,-0.19890,-0.11347,-0.12333,-0.21455,-0.20192,-0.30633
0.08233,-0.05335,0.08029,-0.13171,-0.08786,-0.10254,-0.05619,-0.03620,0.07164,0.08771,-0.08914,-0.15690,-0.03234
0.18921,0.16442,0.09281,0.06227,0.21559,0.12418,0.22406,0.22740,0.11808,0.27692,0.25975,-0.01214,0.14811
0.26386,0.36936,0.10626,0.23431,0.49069,0.33937,0.52963,0.39606,0.44596,0.31013,0.41575,0.20102,0.33070
0.37585,0.39332,0.08718,0.27887,0.49383,0.38516,0.44184,0.40128,0.46446,0.40438,0.44645,0.20768,0.40930
0.46741,0.38332,0.12751,0.26893,0.44990,0.55414,0.55561,0.43323,0.23498,0.41554,0.43414,0.20693,0.27977
0.53519,0.55184,0.11498,0.32381,0.63185,0.50856,0.67453,0.50558,0.65597,0.53824,0.47767,0.50074,0.70144
0.53662,0.54661,0.13304,0.29934,0.64256,0.66430,0.62832,0.45050,0.62288,0.46984,0.47003,0.47922,0.73912
0.59037,0.61330,0.14420,0.34970,0.74430,0.78697,0.70632,0.49803,0.66562,0.57365,0.49751,0.53904,0.77190
0.61723,0.61557,0.16360,0.29072,0.64992,0.82129,0.84004,0.57102,0.66835,0.50669,0.49713,0.59344,0.71713
0.61529,0.55025,0.14960,0.22332,0.63097,0.79038,0.58910,0.54081,0.67431,0.52758,0.45032,0.50211,0.57356
0.58479,0.41847,0.16000,0.17430,0.66971,0.43703,0.54149,0.48336,0.49171,0.35767,0.38093,0.49706,0.15143
0.50115,0.53192,0.16629,0.33998,0.68384,0.84348,0.60419,0.51598,0.56420,0.47018,0.43416,0.59261,0.27056
0.45677,0.35877,0.14650,0.13378,0.64027,0.41156,0.42871,0.43451,0.28119,0.38835,0.37013,0.34714,0.15210
0.39064,0.25525,0.09230,0.09458,0.29058,0.32999,0.27812,0.23862,0.22229,0.31674,0.29864,0.37581,0.10712
0.30364,0.25398,0.10110,0.02879,0.26670,0.29912,0.27200,0.28673,0.24514,0.32702,0.30734,0.37474,0.13218
0.14771,0.09125,0.05510,0.00296,-0.00101,0.12359,0.12074,0.09072,0.16463,0.10964,0.13786,0.10425,0.05909
0.06492,0.02397,0.06294,-0.03303,-0.03985,0.09737,0.06106,-0.00940,0.11032,0.09984,0.02313,-0.04755,-0.02217
-0.02724,-0.06718,0.09935,-0.07609,-0.12752,0.18960,-0.04524,-0.08138,-0.15567,-0.03835,-0.07209,-0.10734,-0.15770
-0.12887,-0.11630,0.08511,-0.06560,-0.10980,0.08162,-0.10864,-0.13694,-0.24768,-0.12624,-0.13244,-0.12927,-0.18800
-0.23622,-0.28494,0.12556,-0.15352,-0.27909,-0.13896,-0.28091,-0.19405,-0.52984,-0.34923,-0.27001,-0.21039,-0.44336
-0.37798,-0.33032,0.14970,-0.20884,-0.27011,-0.14619,-0.31669,-0.21572,-0.60447,-0.41419,-0.32995,-0.24918,-0.54781
-0.44560,-0.51507,0.08714,-0.56923,-0.51110,-0.50273,-0.42341,-0.41001,-0.66929,-0.53110,-0.43286,-0.47144,-0.62949
-0.50802,-0.60209,0.08051,-0.66397,-0.66475,-0.63246,-0.54359,-0.53026,-0.69327,-0.61040,-0.47028,-0.51853,-0.69338
-0.56393,-0.64479,0.06201,-0.69385,-0.72974,-0.63634,-0.56384,-0.62927,-0.66960,-0.53364,-0.64263,-0.63344,-0.71557
-0.61089,-0.73742,0.09261,-0.78443,-0.90344,-0.68861,-0.65054,-0.70096,-0.85661,-0.64274,-0.66451,-0.67935,-0.80300
-0.65525,-0.81777,0.09303,-0.87314,-1.00745,-0.87556,-0.70029,-0.86579,-0.82594,-0.79073,-0.71669,-0.72985,-0.79225
-0.64080,-0.80299,0.08982,-0.96927,-0.93166,-0.80743,-0.72798,-0.82389,-0.80364,-0.75091,-0.69209,-0.71752,-0.80551
-0.61462,-0.63826,0.04842,-0.63874,-0.60678,-0.55627,-0.67681,-0.64565,-0.62101,-0.69511,-0.57598,-0.66895,-0.69735
-0.57820,-0.63195,0.06709,-0.72285,-0.66560,-0.57793,-0.61982,-0.55793,-0.59084,-0.74938,-0.55009,-0.63344,-0.65160
-0.55303,-0.60569,0.09255,-0.73293,-0.68059,-0.49187,-0.61561,-0.54963,-0.54692,-0.73798,-0.47495,-0.59166,-0.63480
-0.46098,-0.54935,0.08490,-0.74801,-0.46499,-0.61899,-0.46768,-0.49816,-0.55297,-0.51921,-0.50250,-0.54066,-0.58030
-0.36252,-0.41705,0.05541,-0.49771,-0.37680,-0.41569,-0.36642,-0.36316,-0.45751,-0.44989,-0.42978,-0.33278,-0.48078
-0.26166,-0.27910,0.06453,-0.39308,-0.19984,-0.23307,-0.29176,-0.22430,-0.32950,-0.27950,-0.30506,-0.19876,-0.33617
-0.19919,-0.12645,0.08456,-0.25552,-0.08191,0.03267,-0.15616,-0.11020,-0.03824,-0.18268,-0.21541,-0.14247,-0.11459
-0.06490,-0.01553,0.09836,-0.12925,0.00253,0.07057,0.03674,0.13490,-0.00767,-0.07949,-0.19189,-0.04591,0.05418
0.06348,-0.04553,0.11526,-0.22135,0.01690,0.03632,-0.01433,0.17791,-0.03442,-0.01232,-0.16482,-0.10045,-0.13873
0.17917,0.14052,0.11801,-0.05665,0.20630,0.18329,0.31891,0.26729,0.11089,0.19895,0.03886,0.00762,0.12971
0.27978,0.17532,0.06139,0.05842,0.21653,0.16382,0.26121,0.22441,0.18951,0.23364,0.13819,0.12383,0.14361
0.34174,0.23131,0.09821,0.08037,0.26120,0.16962,0.40774,0.34751,0.17363,0.30043,0.18229,0.22310,0.16720
0.44049,0.28843,0.11247,0.11602,0.39619,0.33616,0.47937,0.39102,0.22748,0.29445,0.25092,0.22007,0.17259
0.51610,0.17954,0.14023,0.05563,0.40217,0.27695,0.26112,0.30037,0.09074,0.24569,0.16189,-0.04749,0.04837
0.56406,0.28397,0.11084,0.13339,0.45938,0.32679,0.34334,0.35922,0.16854,0.35856,0.33737,0.20208,0.15109
0.54436,0.33712,0.12310,0.11857,0.49294,0.34862,0.44093,0.42629,0.19729,0.39840,0.34183,0.40283,0.20356
0.57570,0.32343,0.11685,0.12953,0.45621,0.37627,0.37434,0.39804,0.22207,0.26704,0.34784,0.47733,0.18567
0.57979,0.24927,0.13820,0.08080,0.53960,0.30396,0.22182,0.36889,0.17416,0.25273,0.29732,0.16636,0.08701
0.55563,0.36718,0.14153,0.29380,0.63293,0.37310,0.36030,0.41574,0.26794,0.23744,0.36150,0.55830,0.17072
0.50442,0.33289,0.10622,0.30022,0.54627,0.36141,0.26707,0.38291,0.22656,0.30922,0.33059,0.43189,0.17280
0.40667,0.18373,0.13165,0.06432,0.41619,0.31796,0.20546,0.07036,0.02095,0.10980,0.24153,0.29726,0.09346
0.34651,0.14374,0.14527,0.04953,0.35933,0.21824,0.07581,0.00157,-0.08712,0.17516,0.23618,0.33477,0.07394
0.26765,0.19662,0.09911,0.22345,0.39991,0.25617,0.07128,0.05597,0.15523,0.22351,0.22479,0.21915,0.13673
0.17023,-0.00956,0.11673,-0.07543,0.13406,0.07847,-0.10574,-0.03824,-0.22656,-0.09807,0.05038,0.10693,0.07856
0.01510,-0.00506,0.09876,-0.02763,0.14216,0.07270,-0.04318,-0.09064,-0.10534,-0.15839,0.06127,-0.00956,0.10803
-0.07099,-0.00852,0.07687,-0.00294,0.08102,0.09267,-0.07328,-0.06732,-0.05916,-0.13017,-0.00303,-0.01355,0.09057
-0.16235,-0.20262,0.10506,-0.13637,-0.13683,-0.06613,-0.26490,-0.19776,-0.36435,-0.38879,-0.13720,-0.18172,-0.15218
-0.25737,-0.25402,0.09306,-0.17882,-0.19355,-0.14926,-0.27612,-0.22274,-0.41779,-0.40987,-0.21833,-0.19678,-0.27690
-0.35500,-0.37462,0.09431,-0.29492,-0.31577,-0.39624,-0.42703,-0.26519,-0.47949,-0.48950,-0.30173,-0.27596,-0.50033
-0.45204,-0.37766,0.08765,-0.29778,-0.24378,-0.35094,-0.39887,-0.34363,-0.47164,-0.48248,-0.28070,-0.42323,-0.48359
-0.54345,-0.49970,0.09417,-0.35413,-0.46848,-0.49709,-0.53217,-0.52371,-0.55458,-0.62002,-0.32461,-0.54838,-0.57384
-0.62638,-0.55572,0.11682,-0.34876,-0.54373,-0.54255,-0.61448,-0.56933,-0.66068,-0.67447,-0.35278,-0.61975,-0.63072
-0.69969,-0.63672,0.10848,-0.44985,-0.71970,-0.67144,-0.62556,-0.60923,-0.75809,-0.71242,-0.44660,-0.67431,-0.70004
-0.75918,-0.71743,0.08448,-0.54782,-0.81342,-0.81503,-0.71649,-0.67182,-0.77113,-0.75071,-0.61811,-0.72559,-0.74420
-0.80294,-0.79174,0.09563,-0.64639,-0.89111,-0.86991,-0.78276,-0.73473,-0.90912,-0.80377,-0.63278,-0.80527,-0.84154
-0.83054,-0.82658,0.10187,-0.62469,-0.92044,-0.88381,-0.84286,-0.80619,-0.96548,-0.84678,-0.69907,-0.79554,-0.88093
-0.84074,-0.83304,0.10574,-0.69244,-0.89270,-0.92775,-0.81841,-0.79529,-0.99246,-0.82314,-0.66008,-0.79569,-0.93240
-0.83275,-0.79501,0.09120,-0.67221,-0.81220,-0.88708,-0.77013,-0.77229,-0.96126,-0.78731,-0.67290,-0.74841,-0.86630
-0.80698,-0.79123,0.07228,-0.67603,-0.82145,-0.78228,-0.83104,-0.73360,-0.91244,-0.81660,-0.71427,-0.75894,-0.86570
-0.76421,-0.77471,0.07642,-0.79003,-0.79584,-0.74459,-0.78709,-0.75042,-0.87082,-0.78070,-0.60391,-0.74466,-0.87904
-0.70575,-0.75525,0.07373,-0.81887,-0.67843,-0.75058,-0.76730,-0.76101,-0.85811,-0.76357,-0.61257,-0.71075,-0.83130
-0.63445,-0.62790,0.05469,-0.63264,-0.56750,-0.56446,-0.69848,-0.64414,-0.66044,-0.67582,-0.54172,-0.61173,-0.68209
-0.55262,-0.50976,0.08938,-0.41601,-0.41901,-0.59310,-0.60314,-0.57938,-0.55329,-0.54911,-0.50410,-0.33725,-0.54327
-0.46147,-0.46662,0.08023,-0.34204,-0.34940,-0.45709,-0.51739,-0.53143,-0.53765,-0.57222,-0.39812,-0.46400,-0.49680
-0.36460,-0.33167,0.10163,-0.20877,-0.24318,-0.39227,-0.36534,-0.46051,-0.42448,-0.46238,-0.30493,-0.24303,-0.21186
-0.26622,-0.31541,0.13149,-0.21302,-0.27396,-0.54428,-0.27042,-0.33833,-0.42399,-0.47580,-0.29322,-0.19601,-0.12510
-0.16922,0.04940,0.07604,0.08856,0.08601,0.14063,0.01399,-0.04576,0.08738,0.09264,-0.11207,0.06153,0.08109
-0.07507,0.37624,0.17049,0.19815,0.39936,0.33874,0.20663,0.33316,0.39698,0.63324,0.36698,0.69099,0.19822
0.01110,0.20411,0.13623,0.04346,0.16913,0.24629,0.13013,0.19700,0.27668,0.07073,0.32183,0.49293,0.09293
0.08636,0.30290,0.14132,0.18869,0.52326,0.28187,0.21012,0.21751,0.45320,0.11010,0.33087,0.48987,0.22351
0.14830,0.37053,0.17564,0.36316,0.56838,0.27367,0.27022,0.20891,0.56730,0.25076,0.36377,0.67934,0.15981
0.25293,0.36582,0.18539,0.19522,0.48147,0.72244,0.12564,0.21517,0.52711,0.35418,0.34376,0.47295,0.22027
0.16307,0.08340,0.13088,0.05287,0.05349,0.29900,0.08003,0.06376,0.10046,-0.21306,0.21432,0.09008,0.09302
0.05554,0.15319,0.11642,0.12480,0.11668,0.27399,0.10369,-0.06181,0.18984,0.03809,0.32442,0.26569,0.15654
-0.06340,0.03330,0.13129,-0.04241,0.01465,0.14580,0.05215,-0.11985,-0.05449,0.00229,0.31761,-0.09597,0.11320
-0.08474,-0.19837,0.08981,-0.15069,-0.26025,-0.14982,-0.24867,-0.22021,-0.29360,-0.31213,-0.06443,-0.22801,-0.05590
-0.32919,-0.36759,0.12411,-0.26796,-0.46784,-0.11597,-0.28352,-0.44053,-0.53793,-0.38263,-0.36730,-0.47941,-0.33282
-0.57420,-0.76717,0.05666,-0.79690,-0.70014,-0.77835,-0.81670,-0.76009,-0.83450,-0.83225,-0.66795,-0.76525,-0.71957
-0.81028,-0.87129,0.16274,-0.91865,-0.91393,-0.96528,-1.11543,-0.84354,-0.75696,-1.10232,-0.67044,-0.77766,-0.64871
-1.03380,-0.96282,0.17154,-1.02081,-1.10136,-1.08671,-1.21353,-0.92014,-0.77951,-1.14859,-0.79669,-0.78134,-0.77951
-1.08494,-1.13883,0.17536,-1.23100,-1.27381,-1.27247,-1.38298,-1.14714,-0.79947,-1.23415,-1.05837,-1.00145,-0.98747
-1.36078,-1.29078,0.19697,-1.24020,-1.57744,-1.40203,-1.39842,-1.24774,-0.96193,-1.55995,-1.22142,-1.23069,-1.06802
-1.61214,-1.57291,0.19310,-1.53519,-1.95853,-1.54959,-1.70683,-1.43326,-1.42422,-1.76223,-1.46684,-1.59814,-1.29427
-1.82594,-1.88773,0.19441,-1.75435,-2.28772,-1.90439,-2.14183,-1.78137,-1.81756,-1.89648,-1.62077,-1.78798,-1.88484
-2.00550,-2.00837,0.24694,-1.89336,-2.38758,-2.38233,-2.25333,-1.86230,-1.92219,-1.88743,-1.64986,-1.87103,-1.97426
-2.15173,-2.17703,0.24760,-2.00045,-2.45495,-2.69098,-2.33902,-2.05522,-2.09938,-1.89756,-2.06434,-1.97459,-2.19381
-2.11959,-2.31044,0.26580,-2.16358,-2.66286,-2.83540,-2.39515,-2.19596,-2.25470,-2.01253,-2.13022,-2.05972,-2.39432
-2.31029,-2.43501,0.32225,-2.31358,-2.94553,-3.00401,-2.45101,-2.51806,-2.38298,-2.01690,-2.20657,-2.12472,-2.38670
-2.46852,-2.51227,0.35318,-2.39303,-3.14528,-3.06195,-2.44158,-2.65289,-2.46555,-2.05948,-2.29960,-2.16085,-2.44254
-2.59355,-2.56383,0.35127,-2.47418,-3.10872,-3.20382,-2.44535,-2.68206,-2.52019,-2.16869,-2.36782,-2.15258,-2.51493
-2.68489,-2.67087,0.36394,-2.47533,-3.33108,-3.22662,-2.53074,-2.72523,-2.79511,-2.33275,-2.42979,-2.22663,-2.63540
-2.74222,-2.69605,0.37137,-2.53073,-3.34446,-3.30543,-2.54748,-2.80994,-2.72882,-2.40570,-2.38979,-2.24176,-2.65644
-2.60983,-2.83609,0.37368,-2.67482,-3.46726,-3.37660,-2.52971,-2.97915,-3.02233,-2.47024,-2.68707,-2.35243,-2.80132
-2.71502,-2.76505,0.35563,-2.55717,-3.37569,-3.19572,-2.47710,-2.78408,-3.03111,-2.39768,-2.72198,-2.27432,-2.83568
-2.78682,-2.81005,0.36092,-2.75536,-3.31210,-3.22269,-2.34637,-2.96593,-3.17879,-2.35613,-2.81579,-2.40942,-2.73793
-2.82502,-2.75886,0.34665,-2.91105,-2.98930,-3.11860,-2.24755,-2.98693,-3.10659,-2.33673,-2.99161,-2.35405,-2.54617
-2.82961,-2.76958,0.34654,-3.03382,-2.95163,-3.02065,-2.29117,-3.17990,-3.00741,-2.48972,-2.97695,-2.26276,-2.48180
-2.80075,-2.74800,0.32166,-2.97031,-2.98767,-3.02841,-2.31874,-3.04011,-3.05379,-2.39271,-2.84785,-2.29475,-2.54567
-2.56736,-2.76424,0.30934,-2.98213,-2.59321,-3.08137,-2.41498,-3.14237,-3.04513,-2.39268,-3.00131,-2.47973,-2.50954
-2.58774,-2.68814,0.30573,-2.91345,-2.50302,-3.04350,-2.49598,-3.16126,-2.93511,-2.32916,-2.63069,-2.28056,-2.58865
-2.57503,-2.34326,0.12275,-2.51265,-2.23135,-2.44863,-2.27903,-2.50038,-2.38797,-2.28940,-2.38464,-2.25581,-2.14274
-2.52944,-2.22905,0.20229,-2.09306,-2.29188,-2.30274,-2.00785,-2.68702,-2.14547,-2.31530,-2.28185,-1.97856,-2.18673
-2.45143,-2.14132,0.21807,-2.06375,-2.06940,-2.35245,-1.75753,-2.41349,-2.22302,-2.08169,-2.26313,-1.84805,-2.34073
-2.34158,-2.07685,0.22464,-1.91666,-2.10240,-2.22602,-1.71032,-2.35353,-2.24073,-1.96987,-2.27424,-1.76214,-2.21255
-2.01979,-2.04518,0.26754,-1.87022,-2.01277,-2.18878,-1.60384,-2.13280,-2.36901,-1.80928,-2.39950,-1.80577,-2.25981
-1.95870,-1.88804,0.22532,-2.02528,-1.80172,-2.02479,-1.49946,-1.76301,-2.07439,-1.65060,-2.23445,-1.77353,-2.03323
-1.86582,-1.59236,0.15172,-1.74583,-1.61721,-1.74058,-1.33027,-1.57164,-1.75200,-1.48683,-1.67777,-1.37583,-1.62565
-1.74182,-1.42050,0.20561,-1.51669,-1.81946,-1.45094,-1.15908,-1.22305,-1.39752,-1.20655,-1.41590,-1.36267,-1.65319
-1.58753,-1.21642,0.14914,-1.20810,-1.41037,-1.40499,-1.05901,-0.99731,-1.19544,-1.07037,-1.16105,-1.28371,-1.37388
-1.40393,-1.17095,0.15555,-1.06743,-1.51781,-1.32843,-0.97071,-1.05326,-1.18116,-1.09030,-1.14633,-1.19571,-1.15837
-1.01973,-0.95118,0.15111,-0.95851,-1.29050,-0.97346,-0.80432,-1.07825,-0.96356,-0.83659,-0.79251,-0.83718,-0.97697
-0.88861,-0.74968,0.11562,-0.95499,-0.81418,-0.72358,-0.66601,-0.79075,-0.85014,-0.61064,-0.65818,-0.60390,-0.82439
-0.74640,-0.45544,0.15326,-0.60577,-0.43081,-0.22316,-0.41843,-0.47046,-0.64918,-0.51871,-0.39067,-0.21762,-0.62964
-0.59076,-0.26181,0.15161,-0.17400,-0.13788,-0.01613,-0.20978,-0.28002,-0.44596,-0.40593,-0.25937,-0.18319,-0.50580
-0.42494,-0.20745,0.09847,-0.21757,-0.10288,-0.04024,-0.16427,-0.21072,-0.25652,-0.28525,-0.26213,-0.14971,-0.38523
-0.25578,-0.17226,0.09784,-0.24168,-0.09984,0.03252,-0.14042,-0.18542,-0.26968,-0.12868,-0.21647,-0.16103,-0.31190
0.00529,0.01261,0.10253,-0.02524,0.18659,0.19050,0.00206,-0.06396,-0.04966,0.04942,-0.11936,-0.01161,-0.03266
0.05718,-0.00209,0.10564,-0.15429,0.13939,0.18914,0.02946,-0.06412,-0.09268,0.00996,-0.00009,-0.08778,0.01009
0.09497,0.15970,0.09974,0.07164,0.39316,0.26220,0.11448,0.11626,0.11016,0.09358,0.20410,0.10656,0.12489
0.12011,0.25404,0.10548,0.21572,0.50418,0.34744,0.16974,0.16143,0.21250,0.20848,0.27353,0.27696,0.17041
0.13239,0.22638,0.11224,0.27503,0.40359,0.33878,0.15377,0.17243,0.15559,0.25301,0.19159,0.30675,0.01327
0.13137,0.24735,0.11784,0.14517,0.48771,0.28898,0.11683,0.17890,0.26605,0.25840,0.31380,0.32166,0.09603
0.11708,0.09124,0.11985,-0.00545,0.35971,0.14716,0.07956,-0.02456,0.13612,-0.01042,0.15891,0.09930,-0.02788
0.08990,0.04103,0.07300,-0.02191,0.07251,0.14913,0.08510,0.02663,0.15564,-0.06632,0.00878,0.00968,-0.00896
0.05035,-0.06157,0.06310,-0.06520,0.00951,0.02663,-0.02635,-0.12810,-0.15248,-0.13883,-0.00813,-0.07601,-0.05675
-0.00056,-0.08993,0.08950,-0.02646,-0.00578,0.01891,-0.07174,-0.19817,-0.27600,-0.12523,-0.06271,-0.08298,-0.06914
-0.06072,-0.00848,0.06696,-0.02254,-0.00322,0.12690,-0.00979,-0.05492,-0.00401,-0.13056,0.03214,-0.04856,0.02971
-0.12814,-0.18905,0.11493,-0.05350,-0.14061,-0.03746,-0.12555,-0.20702,-0.39497,-0.34065,-0.18741,-0.15105,-0.25224
-0.20177,-0.20210,0.12348,-0.05033,-0.09996,-0.05071,-0.17410,-0.19896,-0.41447,-0.37607,-0.19636,-0.19069,-0.26934
-0.27970,-0.25300,0.13365,-0.07965,-0.15138,-0.10215,-0.28771,-0.20623,-0.40931,-0.38237,-0.22178,-0.21184,-0.47753
-0.35842,-0.34694,0.11365,-0.25878,-0.23691,-0.27626,-0.35413,-0.24985,-0.47396,-0.48126,-0.30867,-0.27870,-0.55087
-0.43524,-0.42301,0.11647,-0.32711,-0.29152,-0.41124,-0.43719,-0.32221,-0.55207,-0.49153,-0.32026,-0.42330,-0.65363
-0.50898,-0.50591,0.12280,-0.36564,-0.52663,-0.51231,-0.52982,-0.36394,-0.71041,-0.49401,-0.34000,-0.56105,-0.65526
-0.57703,-0.59629,0.13322,-0.49342,-0.71458,-0.58823,-0.55764,-0.49614,-0.80437,-0.52762,-0.38258,-0.63320,-0.76517
-0.63544,-0.62722,0.12534,-0.53777,-0.75979,-0.62093,-0.59988,-0.58061,-0.80384,-0.60255,-0.37651,-0.62821,-0.76208
-0.68271,-0.71175,0.16334,-0.54974,-0.99429,-0.74186,-0.62095,-0.54811,-0.93556,-0.63221,-0.55410,-0.69978,-0.84094
-0.71797,-0.77139,0.13459,-0.79686,-0.94101,-0.75821,-0.66265,-0.69536,-0.97389,-0.64232,-0.58704,-0.73416,-0.92237
-0.73987,-0.70897,0.13248,-0.66107,-0.87702,-0.79208,-0.62588,-0.61284,-0.90107,-0.55803,-0.53594,-0.69605,-0.82971
-0.74743,-0.83321,0.13898,-0.87689,-0.92653,-1.01065,-0.74759,-0.79250,-1.00347,-0.64206,-0.63086,-0.76224,-0.93928
-0.74068,-0.77153,0.12161,-0.87652,-0.80154,-0.88578,-0.68431,-0.72311,-0.95194,-0.61320,-0.59113,-0.73468,-0.85314
-0.71981,-0.75515,0.09974,-0.82878,-0.81724,-0.87328,-0.68340,-0.73274,-0.88738,-0.64749,-0.58558,-0.71097,-0.78468
-0.68568,-0.80781,0.11094,-0.96114,-0.71907,-0.85059,-0.78764,-0.76731,-0.93593,-0.75953,-0.63318,-0.71977,-0.94390
-0.63947,-0.58676,0.10353,-0.73573,-0.50575,-0.46562,-0.62199,-0.61979,-0.68749,-0.56438,-0.41141,-0.57315,-0.68228
-0.58269,-0.62266,0.08865,-0.67023,-0.57827,-0.58950,-0.63293,-0.62685,-0.74424,-0.60581,-0.43018,-0.61171,-0.73684
-0.51664,-0.51900,0.06737,-0.55700,-0.48005,-0.45150,-0.51241,-0.53727,-0.62293,-0.55361,-0.40136,-0.48002,-0.59380
-0.44350,-0.50352,0.06091,-0.45325,-0.46654,-0.52191,-0.44839,-0.43613,-0.61118,-0.52452,-0.49662,-0.47890,-0.59779
-0.36624,-0.38179,0.08410,-0.34562,-0.30517,-0.25956,-0.42205,-0.30221,-0.49473,-0.46146,-0.36478,-0.36295,-0.49939
-0.28645,-0.38932,0.13114,-0.44728,-0.29652,-0.21044,-0.40805,-0.24504,-0.57741,-0.48237,-0.33880,-0.30736,-0.57995
-0.20675,-0.27503,0.09662,-0.25999,-0.19472,-0.13943,-0.34080,-0.17336,-0.42607,-0.31648,-0.29195,-0.20935,-0.39815
-0.13052,-0.21471,0.12256,-0.27790,-0.17971,-0.00053,-0.34967,-0.10352,-0.42011,-0.23586,-0.26407,-0.18944,-0.12631
-0.06007,-0.20748,0.11677,-0.28080,-0.12569,0.01381,-0.26480,-0.15672,-0.43304,-0.18487,-0.24591,-0.16100,-0.23580
0.00299,-0.14423,0.13753,-0.28733,0.07210,0.03163,-0.25211,0.02473,-0.27795,-0.15949,-0.22880,-0.13994,-0.22519
0.05629,-0.07497,0.15917,-0.19743,0.25507,0.09833,-0.22768,0.04374,-0.21860,-0.09321,-0.17747,-0.08642,-0.14598
0.09739,-0.00186,0.16119,-0.17516,0.38118,0.09535,-0.09214,0.11879,-0.07887,-0.04216,-0.09046,-0.08868,-0.04643
0.12515,0.13865,0.11166,0.02151,0.36497,0.21074,0.01138,0.25701,0.09375,0.05706,0.16387,0.10040,0.10578
0.13902,0.10336,0.11572,-0.00382,0.30618,0.26290,0.00127,0.18067,0.02950,0.11841,0.02116,0.12793,-0.01063
0.13839,0.04805,0.08065,-0.02671,0.17143,0.13699,0.04098,-0.03778,-0.00390,-0.02248,0.16412,0.01278,0.04510
0.12326,-0.04677,0.09632,-0.03974,-0.05299,0.03761,-0.01459,-0.17771,-0.06696,-0.24525,0.04292,0.03154,0.01753
0.09427,0.04812,0.05950,0.01704,0.08124,0.02754,0.01440,0.03459,0.12083,-0.08352,0.10153,0.08844,0.07909
0.05196,-0.06383,0.07040,-0.05931,-0.01160,-0.01542,-0.12170,-0.17615,-0.13161,-0.10684,-0.00414,-0.06408,0.05254
-0.00162,0.00440,0.10532,-0.04099,-0.04576,0.06016,-0.03870,0.01020,0.08938,-0.22008,0.16640,-0.01778,0.08122
-0.06470,-0.01251,0.07689,-0.02611,-0.00923,-0.01318,-0.04490,0.02000,0.01656,-0.17187,0.13031,-0.05957,0.03286
-0.13632,-0.10853,0.13298,-0.01571,-0.00699,0.09120,-0.14012,-0.13527,-0.20498,-0.36202,0.02528,-0.16683,-0.16988
-0.21417,-0.10143,0.11067,-0.02103,-0.04546,0.11113,-0.09745,-0.18863,-0.20766,-0.27268,-0.03258,-0.15062,-0.10932
-0.29512,-0.25364,0.11060,-0.11386,-0.24553,-0.16761,-0.27799,-0.23475,-0.36056,-0.41766,-0.09487,-0.23483,-0.38874
-0.28769,-0.39502,0.12927,-0.26209,-0.36526,-0.25926,-0.44507,-0.37049,-0.49208,-0.61527,-0.23330,-0.35537,-0.55200
-0.45289,-0.58774,0.07841,-0.42955,-0.62145,-0.59823,-0.53121,-0.58194,-0.68601,-0.66003,-0.51029,-0.60207,-0.65664
-0.61752,-0.75203,0.05516,-0.71497,-0.76229,-0.82320,-0.64583,-0.77668,-0.81729,-0.77869,-0.70234,-0.72210,-0.77692
-0.77099,-0.69796,0.10490,-0.58401,-0.76200,-0.79357,-0.68742,-0.79823,-0.71117,-0.85366,-0.53061,-0.65004,-0.60890
-0.90804,-0.80507,0.10447,-0.76460,-0.85896,-0.83699,-0.86733,-0.84400,-0.84677,-0.96898,-0.74919,-0.73332,-0.58059
-0.95016,-0.95506,0.08765,-0.93370,-1.01210,-0.99556,-1.12925,-0.87663,-0.95769,-1.03248,-0.86251,-0.87189,-0.87879
-1.13038,-1.16126,0.06211,-1.13753,-1.20781,-1.13281,-1.26307,-1.11208,-1.13468,-1.25899,-1.10431,-1.16951,-1.09180
-1.28453,-1.22604,0.07317,-1.16747,-1.26623,-1.16242,-1.29617,-1.26858,-1.24770,-1.34619,-1.15264,-1.23641,-1.11664
-1.40543,-1.27130,0.09158,-1.13236,-1.33012,-1.22043,-1.33617,-1.39415,-1.18163,-1.35785,-1.19615,-1.35070,-1.21344
-1.49157,-1.42712,0.11142,-1.30892,-1.50907,-1.39389,-1.34695,-1.59845,-1.55020,-1.50168,-1.25810,-1.44455,-1.35940
-1.45529,-1.50997,0.10541,-1.40735,-1.51384,-1.50772,-1.36856,-1.65563,-1.70952,-1.53915,-1.43363,-1.47236,-1.49196
-1.55430,-1.50771,0.11920,-1.32406,-1.52738,-1.46409,-1.37878,-1.62501,-1.73268,-1.55286,-1.47204,-1.43912,-1.56106
-1.61888,-1.47732,0.12011,-1.28782,-1.45781,-1.54764,-1.35567,-1.56052,-1.69638,-1.52363,-1.39623,-1.40255,-1.54496
-1.64890,-1.43644,0.13589,-1.21821,-1.37842,-1.51639,-1.31297,-1.43820,-1.72955,-1.39887,-1.45735,-1.40751,-1.50690
-1.64441,-1.42038,0.16489,-1.16580,-1.30918,-1.65309,-1.28626,-1.45498,-1.68710,-1.34838,-1.34755,-1.41893,-1.53249
-1.51005,-1.44379,0.16202,-1.29355,-1.29831,-1.69274,-1.32602,-1.44821,-1.75392,-1.36756,-1.35836,-1.38921,-1.50997
-1.52318,-1.35319,0.17340,-1.34695,-1.21974,-1.56924,-1.18522,-1.26605,-1.74497,-1.27823,-1.27114,-1.28745,-1.36293
-1.50226,-1.20377,0.14066,-1.22107,-1.16204,-1.39397,-1.02205,-1.11854,-1.43998,-1.08963,-1.18470,-1.07964,-1.32611
-1.44762,-1.11322,0.11970,-1.09798,-1.02082,-1.36268,-1.02769,-1.01980,-1.26191,-0.98131,-1.08176,-1.14488,-1.13340
-1.35978,-1.09755,0.13606,-1.07786,-1.01964,-1.33305,-1.03457,-1.04277,-1.17489,-0.89974,-0.95528,-1.18048,-1.25725
-1.13226,-1.01257,0.14376,-1.06706,-0.94025,-1.35080,-0.89488,-1.01173,-1.04335,-0.86710,-0.85465,-1.04776,-1.04811
-1.06729,-0.85347,0.16926,-0.94594,-0.78937,-1.22603,-0.72354,-0.86346,-0.83932,-0.69455,-0.62003,-0.88819,-0.94433
-0.98366,-0.68583,0.12914,-0.75435,-0.64636,-0.93754,-0.60987,-0.60274,-0.76681,-0.53509,-0.51014,-0.74888,-0.74648
-0.88083,-0.57776,0.09477,-0.55453,-0.50554,-0.79312,-0.52831,-0.57295,-0.56092,-0.53243,-0.45046,-0.63720,-0.64218
-0.75955,-0.58873,0.09502,-0.70011,-0.44539,-0.68613,-0.52333,-0.61050,-0.67430,-0.56148,-0.43594,-0.62821,-0.62194
-0.51598,-0.39980,0.12298,-0.42851,-0.31055,-0.22528,-0.38525,-0.52112,-0.59102,-0.30361,-0.30514,-0.36630,-0.56119
-0.45394,-0.14017,0.06784,-0.09443,-0.09484,-0.00818,-0.12703,-0.23181,-0.20534,-0.09929,-0.18019,-0.19671,-0.16393
-0.39029,-0.02266,0.08370,-0.03980,0.01304,0.03502,-0.01218,-0.12920,0.04804,0.04696,-0.13101,-0.14061,0.08316
-0.32425,-0.05071,0.06776,-0.05400,-0.00292,-0.02367,-0.04282,-0.15839,-0.00171,0.00562,-0.10950,-0.15323,0.03354
-0.25675,-0.02154,0.07007,-0.01667,0.03058,0.01854,-0.02865,-0.14418,0.08931,-0.00884,-0.05001,-0.12186,0.01633
-0.11239,0.05530,0.08579,-0.02131,0.15725,0.10171,0.02722,0.01807,0.17304,0.06080,0.12213,-0.10615,0.02026
-0.13662,0.10871,0.08546,0.06854,0.21801,0.17804,0.03333,0.11490,0.14205,0.08552,0.20945,-0.06387,0.10117
-0.16885,0.08752,0.06322,-0.00510,0.18186,0.17446,0.06051,0.05026,0.13774,0.08627,0.09184,0.00833,0.08909
-0.20579,0.01869,0.09206,-0.00152,0.19453,0.06105,0.01451,-0.10283,0.08787,0.01803,0.04247,-0.13240,0.00513
-0.24613,-0.18582,0.11035,-0.08898,-0.06162,-0.02728,-0.15316,-0.19092,-0.34364,-0.24783,-0.17665,-0.21185,-0.35628
-0.25247,-0.28933,0.11541,-0.24162,-0.14468,-0.18673,-0.25460,-0.21918,-0.41607,-0.39974,-0.19848,-0.34063,-0.49153
-0.38118,-0.38778,0.09599,-0.30158,-0.24772,-0.41719,-0.39988,-0.27826,-0.47427,-0.43432,-0.32226,-0.46099,-0.54134
-0.51045,-0.47443,0.11371,-0.34314,-0.35153,-0.47565,-0.47878,-0.37705,-0.59107,-0.55345,-0.34770,-0.62407,-0.60182
-0.63453,-0.60302,0.10610,-0.37118,-0.60909,-0.65666,-0.55900,-0.59493,-0.76080,-0.62314,-0.51335,-0.66536,-0.67671
-0.74794,-0.74291,0.11239,-0.58540,-0.83409,-0.88791,-0.67430,-0.72427,-0.91513,-0.68161,-0.61231,-0.71462,-0.79946
-0.84678,-0.75986,0.12484,-0.57722,-0.81540,-0.89317,-0.68759,-0.76609,-0.99255,-0.69145,-0.63587,-0.71306,-0.82623
-0.92864,-0.83459,0.11185,-0.72281,-0.87953,-0.93746,-0.75782,-0.79475,-1.06374,-0.73737,-0.75654,-0.77182,-0.92410
-0.99055,-0.99133,0.11805,-1.11178,-1.06659,-1.04315,-0.95733,-0.85183,-1.18230,-0.82610,-0.91922,-0.89815,-1.05685
-1.02956,-0.96453,0.11734,-1.08042,-1.01429,-1.11925,-0.90493,-0.84855,-1.10642,-0.85959,-0.82763,-0.85217,-1.03208
-1.04484,-1.01479,0.12944,-1.09660,-0.99892,-1.28390,-0.95781,-0.91061,-1.07783,-0.86756,-0.84587,-1.05524,-1.05352
-1.03591,-0.98541,0.13023,-1.00438,-1.07094,-1.18988,-0.90552,-0.84318,-1.09768,-0.85139,-0.79205,-1.03618,-1.06295
-1.00299,-0.93741,0.12755,-0.96598,-1.01146,-1.10996,-0.83961,-0.89319,-1.08507,-0.81524,-0.71291,-0.90133,-1.03938
-0.94745,-0.91414,0.11180,-0.98751,-0.92361,-1.01175,-0.79562,-0.89616,-1.07712,-0.82023,-0.75449,-0.83460,-1.04035
-0.87129,-0.81361,0.09758,-0.96015,-0.74357,-0.89662,-0.76715,-0.81177,-0.90797,-0.70878,-0.69011,-0.73879,-0.91116
-0.77602,-0.72414,0.06609,-0.82041,-0.68403,-0.75696,-0.66249,-0.72950,-0.76628,-0.71567,-0.59694,-0.71188,-0.79727
-0.66425,-0.61710,0.07035,-0.70858,-0.58302,-0.59379,-0.59317,-0.58231,-0.69205,-0.64181,-0.48250,-0.58959,-0.70421
-0.53949,-0.44689,0.07777,-0.35729,-0.39028,-0.42141,-0.46597,-0.37127,-0.56243,-0.50930,-0.44476,-0.37862,-0.56756
-0.40543,-0.37729,0.08574,-0.39194,-0.32944,-0.29561,-0.38466,-0.37203,-0.51743,-0.40116,-0.32855,-0.24502,-0.50702
-0.26603,-0.18562,0.08528,-0.20914,-0.16207,-0.04196,-0.16645,-0.15527,-0.34458,-0.10216,-0.24101,-0.16588,-0.26764
-0.12551,-0.02815,0.07278,-0.00456,-0.01591,0.08420,-0.01040,-0.03443,-0.05304,0.01003,-0.19901,-0.06607,0.00772
0.00985,-0.06626,0.12995,-0.20348,-0.10563,0.15266,0.04172,0.07743,-0.22077,-0.02437,-0.19237,-0.02939,-0.15836
0.13520,0.05006,0.12206,-0.11158,0.02916,0.21224,0.21676,0.20561,-0.04064,0.06910,0.01755,-0.05303,-0.04459
0.24839,0.22381,0.10798,0.05934,0.19137,0.33960,0.29599,0.23467,0.13761,0.36956,0.29981,0.23937,0.07079
0.34565,0.28043,0.11239,0.13543,0.24207,0.42119,0.30133,0.34454,0.12406,0.35440,0.37374,0.36948,0.13805
0.42140,0.39629,0.11727,0.22503,0.42502,0.50488,0.44480,0.37273,0.23691,0.47901,0.40731,0.58154,0.28568
0.47283,0.58582,0.10430,0.37378,0.62215,0.63411,0.58195,0.50350,0.62449,0.61316,0.49140,0.67470,0.73896
0.49943,0.47254,0.12205,0.35137,0.66618,0.48941,0.50889,0.42188,0.47259,0.46660,0.42860,0.65414,0.26571
0.49980,0.39734,0.14710,0.23980,0.48027,0.37353,0.49138,0.35968,0.23990,0.41228,0.39882,0.72387,0.25388
0.47380,0.36120,0.11869,0.10080,0.42387,0.41197,0.32960,0.36743,0.27651,0.41610,0.39937,0.55797,0.32840
0.42301,0.38792,0.12960,0.30215,0.46792,0.46885,0.22002,0.32680,0.30739,0.47379,0.42362,0.64112,0.24759
0.34948,0.22209,0.09674,0.05378,0.29446,0.26650,0.14660,0.18934,0.22565,0.27168,0.33685,0.33259,0.10346
0.25511,0.16532,0.06567,0.01473,0.19602,0.15897,0.11431,0.22549,0.19989,0.21466,0.23193,0.16092,0.13624
0.14406,0.07743,0.06545,-0.02912,0.14959,0.11861,0.04924,0.07469,0.11981,0.13734,0.09902,-0.03828,0.09336
0.01976,-0.04744,0.06958,-0.04964,-0.01331,0.02860,0.00466,-0.13567,-0.08189,0.03891,-0.03428,-0.17888,-0.05286
-0.11398,-0.17341,0.10199,-0.08848,-0.04309,-0.14587,-0.12548,-0.19307,-0.38624,-0.09310,-0.15470,-0.22445,-0.27956
-0.25421,-0.35277,0.12205,-0.20601,-0.29442,-0.25071,-0.33895,-0.22593,-0.51319,-0.41100,-0.28488,-0.45350,-0.54911
-0.39636,-0.41244,0.07607,-0.31613,-0.33771,-0.39696,-0.44959,-0.30522,-0.50642,-0.47865,-0.37264,-0.47687,-0.48422
-0.53457,-0.56963,0.10101,-0.39538,-0.52584,-0.69753,-0.55013,-0.52998,-0.58900,-0.63091,-0.44396,-0.70175,-0.63179
-0.66601,-0.63310,0.10602,-0.42042,-0.62479,-0.81766,-0.59355,-0.67495,-0.69030,-0.61576,-0.53157,-0.67865,-0.68333
-0.78593,-0.69345,0.11406,-0.44103,-0.64883,-0.86919,-0.67618,-0.72658,-0.75778,-0.62932,-0.67645,-0.71521,-0.79393
-0.88876,-0.69656,0.10463,-0.46895,-0.68760,-0.84390,-0.68785,-0.73460,-0.79001,-0.62390,-0.63267,-0.75079,-0.74531
-0.97143,-0.84687,0.08074,-0.74924,-0.88015,-1.01467,-0.82608,-0.80229,-0.94828,-0.78139,-0.79562,-0.83628,-0.83473
-1.03128,-0.87975,0.10791,-0.76406,-0.91006,-1.01516,-0.94330,-0.80431,-1.02243,-0.78284,-0.72128,-0.86809,-0.96601
-1.06709,-0.89916,0.07888,-0.93030,-0.97587,-0.99738,-0.90527,-0.85322,-1.00345,-0.86029,-0.76277,-0.82137,-0.88168
-1.07745,-0.93631,0.09585,-0.99379,-0.96723,-1.10509,-0.83579,-0.84888,-1.02388,-0.93920,-0.79672,-0.97540,-0.87710
-1.06200,-0.94044,0.12930,-0.97727,-0.98688,-1.19147,-0.83901,-0.76519,-1.01567,-0.98331,-0.77836,-1.00101,-0.86628
-1.02176,-0.87392,0.11015,-0.75284,-0.97386,-1.00672,-0.73236,-0.75457,-0.99216,-0.95430,-0.78526,-0.93572,-0.85135
-0.95771,-0.77192,0.08906,-0.89215,-0.83360,-0.83249,-0.67245,-0.72564,-0.88227,-0.65019,-0.67475,-0.75637,-0.79926
-0.87198,-0.74385,0.07620,-0.84846,-0.69296,-0.73301,-0.70036,-0.72429,-0.85686,-0.63937,-0.67820,-0.73079,-0.83420
-0.74954,-0.75132,0.11432,-0.96055,-0.55240,-0.75862,-0.68090,-0.67975,-0.83237,-0.76691,-0.69439,-0.72117,-0.86614
-0.65604,-0.58175,0.08077,-0.76942,-0.52318,-0.53898,-0.55507,-0.50366,-0.62859,-0.52192,-0.54011,-0.59337,-0.64322
-0.55061,-0.54489,0.10698,-0.66391,-0.42809,-0.39724,-0.51540,-0.47693,-0.67497,-0.62116,-0.59403,-0.43212,-0.64505
-0.43603,-0.38137,0.11695,-0.41383,-0.25943,-0.30728,-0.36213,-0.25544,-0.47793,-0.40160,-0.53691,-0.24011,-0.55905
-0.31783,-0.24421,0.09732,-0.29176,-0.17246,-0.07242,-0.25575,-0.20294,-0.33959,-0.20030,-0.33046,-0.17831,-0.39808
-0.19962,-0.17687,0.11430,-0.32153,-0.06670,0.02482,-0.14816,-0.07118,-0.30997,-0.18270,-0.28257,-0.17989,-0.23079
-0.08297,0.03370,0.15579,-0.12469,0.34695,0.15085,0.05034,0.05607,0.04666,-0.03865,-0.17600,-0.11072,0.13614
0.02803,-0.00067,0.14123,-0.09647,0.27732,0.21408,0.01740,-0.04018,-0.05959,-0.08768,-0.15039,-0.10538,0.02419
0.12725,0.22399,0.12145,0.00819,0.41952,0.32078,0.12143,0.35830,0.26417,0.22681,0.17920,0.18991,0.15163
0.21159,0.30450,0.15083,0.12851,0.65713,0.35708,0.25645,0.35245,0.40095,0.18949,0.28346,0.23356,0.18596
0.27995,0.38069,0.13460,0.32385,0.66938,0.38581,0.28000,0.39310,0.51453,0.26402,0.37255,0.40703,0.19663
0.32949,0.35714,0.16552,0.55293,0.59259,0.37374,0.24396,0.38921,0.50548,0.24933,0.25410,0.36016,0.04985
0.35770,0.45033,0.14183,0.64102,0.55687,0.38215,0.32208,0.41846,0.47538,0.40252,0.34333,0.69870,0.26280
0.36338,0.46571,0.11042,0.55325,0.53185,0.42906,0.31951,0.44307,0.46593,0.39916,0.35496,0.70581,0.45453
0.34688,0.44705,0.13953,0.69121,0.48589,0.47581,0.29162,0.43701,0.42698,0.39787,0.36910,0.64765,0.24735
0.30872,0.30618,0.10233,0.47318,0.40917,0.28656,0.19797,0.28694,0.23868,0.25157,0.36326,0.40135,0.15311
0.25009,0.14676,0.07351,0.03566,0.07938,0.20012,0.10886,0.13694,0.20139,0.10749,0.21316,0.27680,0.10774
0.17393,0.08554,0.05803,-0.02912,0.10657,0.09392,0.02669,0.12848,0.17757,0.06749,0.12185,0.05669,0.10526
0.08279,0.11549,0.06360,0.02058,0.19743,0.16822,0.06254,0.14303,0.18561,0.10162,0.10128,0.02632,0.14826
-0.02193,-0.04446,0.06893,-0.05224,0.03398,0.06811,-0.05265,-0.06117,-0.13755,0.02411,-0.06718,-0.14171,-0.05828
-0.13683,-0.20832,0.08382,-0.11809,-0.19197,-0.08844,-0.14728,-0.18755,-0.33189,-0.23190,-0.21138,-0.22426,-0.35044
-0.25630,-0.28232,0.09022,-0.20200,-0.22519,-0.24891,-0.28827,-0.20696,-0.44943,-0.22371,-0.27275,-0.26560,-0.44036
-0.37664,-0.42269,0.09422,-0.30760,-0.42868,-0.33497,-0.46848,-0.30037,-0.51609,-0.46589,-0.35926,-0.46277,-0.58282
-0.49620,-0.50249,0.09913,-0.34695,-0.50115,-0.54138,-0.51371,-0.38707,-0.59300,-0.53313,-0.38199,-0.58995,-0.63657
-0.61081,-0.58943,0.09742,-0.39420,-0.67203,-0.63709,-0.54206,-0.56525,-0.65613,-0.64168,-0.45911,-0.67506,-0.65173
-0.71414,-0.70130,0.10662,-0.57043,-0.77505,-0.81046,-0.60722,-0.64102,-0.90448,-0.68710,-0.59059,-0.68768,-0.73900
-0.80287,-0.74967,0.11643,-0.59297,-0.87554,-0.89812,-0.62396,-0.67259,-0.90659,-0.70382,-0.67112,-0.73392,-0.81805
-0.87583,-0.81308,0.10140,-0.81203,-0.94521,-0.91021,-0.65278,-0.74915,-0.91668,-0.72097,-0.72895,-0.78738,-0.90743
-0.92994,-0.88021,0.11635,-0.86318,-0.97936,-1.04866,-0.73607,-0.78466,-1.02905,-0.76770,-0.77908,-0.84826,-0.96612
-0.96247,-0.93129,0.14566,-0.87491,-1.00265,-1.20549,-0.82727,-0.84273,-1.06419,-0.80194,-0.72254,-0.93577,-1.03537
-0.97235,-0.96876,0.13831,-0.98771,-1.02112,-1.12913,-0.92826,-0.81033,-1.10233,-0.81014,-0.74967,-1.03405,-1.11488
-0.95952,-0.90041,0.13184,-0.85172,-1.02850,-1.02739,-0.79996,-0.77924,-1.07969,-0.81177,-0.69174,-0.92047,-1.01361
-0.92435,-0.90601,0.13031,-0.87899,-0.94529,-1.06050,-0.78557,-0.86432,-1.11202,-0.78111,-0.71813,-0.88003,-1.03417
-0.86822,-0.91388,0.14102,-0.89804,-1.04833,-1.09390,-0.78292,-0.85119,-1.10560,-0.74306,-0.74060,-0.86654,-1.00859
-0.79272,-0.76057,0.09892,-0.84568,-0.69794,-0.90734,-0.66155,-0.72241,-0.85429,-0.66902,-0.62917,-0.75941,-0.85890
-0.70023,-0.66136,0.05977,-0.59330,-0.61447,-0.70842,-0.62572,-0.70665,-0.72103,-0.73059,-0.55914,-0.66149,-0.69277
-0.59372,-0.52433,0.10852,-0.31732,-0.66231,-0.52153,-0.40685,-0.58271,-0.63738,-0.56100,-0.52011,-0.43760,-0.59649
-0.47734,-0.49031,0.11541,-0.50905,-0.60076,-0.42461,-0.40632,-0.47854,-0.54924,-0.45319,-0.60767,-0.24779,-0.62590
-0.35485,-0.45914,0.19488,-0.70164,-0.50440,-0.08878,-0.35156,-0.44360,-0.59688,-0.50177,-0.60199,-0.19563,-0.60516
-0.22914,-0.41055,0.26705,-0.96196,-0.44268,-0.03673,-0.18462,-0.22449,-0.54185,-0.56003,-0.36952,-0.20555,-0.57802
-0.10418,-0.21178,0.26325,-0.59594,-0.60443,0.18949,0.06183,-0.03754,-0.20798,-0.16875,-0.24458,-0.09835,-0.41152
0.01474,0.22866,0.25856,0.00226,0.68399,0.30599,0.46554,0.18038,-0.04594,0.39660,0.21714,0.26830,-0.18768
0.12435,0.23646,0.17970,0.17706,0.54750,0.28539,0.26253,0.13659,-0.10317,0.41766,0.25169,0.30740,0.08199
0.22082,0.21337,0.19377,0.06629,0.46202,0.45116,0.06032,0.22727,-0.12446,0.37803,0.10998,0.35019,0.15290
0.30036,0.32567,0.16616,0.11181,0.50789,0.43115,0.55900,0.16431,0.35813,0.46713,0.17396,0.34105,0.14228
0.35926,0.30426,0.19039,0.03744,0.49789,0.19159,0.13507,0.32898,0.67124,0.35349,0.42660,0.23081,0.16946
0.39544,0.18601,0.18340,0.09048,0.14100,0.11712,0.57509,0.06748,0.10002,0.15703,-0.02006,0.45181,0.18018
0.40813,0.30613,0.23467,0.30695,0.27463,0.32420,0.27346,0.00142,0.25411,0.26722,0.29492,0.91550,0.14886
0.39717,0.24127,0.09092,0.25168,0.16411,0.31357,0.15512,0.25066,0.18084,0.38790,0.27898,0.33246,0.09736
0.00288,0.05243,0.11161,-0.01559,0.11768,0.06749,0.03773,-0.07752,0.09912,-0.13219,0.26955,0.10211,0.05593
0.00288,0.05243,0.11158,-0.01559,0.11770,0.06749,0.03770,-0.07751,0.09910,-0.13212,0.26953,0.10205,0.05593
0.00286,0.02082,0.11517,-0.01680,0.05724,0.03905,0.03519,-0.11367,0.05966,-0.17811,0.25790,0.02036,0.04743
0.00291,0.05935,0.09851,-0.02104,0.05545,0.05915,0.02167,-0.06504,0.09887,-0.02348,0.27588,0.15067,0.04136
0.00248,0.00822,0.08061,0.05112,0.05036,0.13673,-0.00040,-0.14209,0.01284,-0.09799,0.06331,-0.02139,0.02975
0.00206,0.10017,0.12001,0.01781,0.07265,0.13134,0.04086,-0.07145,0.17826,0.01085,0.23959,0.32904,0.05272
0.00126,-0.00576,0.08830,-0.12122,-0.03517,0.13166,0.00085,-0.07141,0.02415,0.01308,0.08988,0.05350,-0.14296
0.00005,0.01594,0.11516,-0.00345,0.00159,0.08341,0.05088,-0.03946,-0.04105,-0.20141,-0.01298,0.25190,0.07001
-0.00117,-0.08670,0.17159,-0.31778,-0.18126,0.17854,0.02089,-0.16065,-0.09337,-0.30756,-0.01114,0.15225,-0.14688
-0.00274,0.02375,0.09941,-0.10103,-0.01066,0.18563,-0.00093,0.00127,0.09009,-0.03946,0.11855,0.11117,-0.11711
-0.00465,0.04350,0.17215,0.01000,0.00047,0.17763,-0.06969,-0.07987,0.01946,-0.13187,0.07056,0.46811,-0.02982
-0.00682,-0.01182,0.12915,-0.05750,-0.02414,0.13402,-0.03574,-0.06060,-0.07272,-0.19341,-0.07318,0.27663,-0.01155
-0.00935,-0.03364,0.05195,-0.09008,-0.08402,0.07740,-0.04375,-0.04381,-0.09717,-0.01081,-0.03087,-0.00824,-0.00507
-0.01226,0.02757,0.04287,0.02982,-0.03693,0.09108,-0.00656,0.01271,0.09623,0.05937,-0.00223,0.00981,0.02237
-0.00935,0.00817,0.04804,0.02717,-0.04357,0.01568,-0.00353,0.00993,0.09578,0.05963,-0.06538,-0.03288,0.01888
-0.01954,-0.01494,0.06198,-0.02606,-0.04612,0.09640,-0.03157,-0.01728,0.05497,-0.00620,-0.11572,-0.08034,0.02249
-0.02464,0.01291,0.05276,-0.01680,-0.02941,0.11246,-0.01241,0.03736,0.06865,0.01162,-0.06087,-0.02710,0.04564
-0.02851,0.00444,0.03823,-0.02458,-0.01894,0.08181,-0.03626,0.00454,0.05004,-0.00085,-0.02659,-0.01512,0.03039
-0.03385,0.04595,0.05129,-0.02406,-0.00141,0.12153,-0.01525,0.06319,0.09570,0.03079,0.03262,0.10831,0.04809
-0.03971,-0.00407,0.04837,-0.02978,-0.04297,0.08377,-0.03204,0.01191,0.03936,-0.05027,-0.05850,-0.01339,0.05123
-0.04612,-0.02009,0.05236,-0.03204,-0.02367,0.07289,-0.04370,-0.02612,0.03590,-0.03545,-0.12454,-0.03298,0.00876
-0.05316,-0.05382,0.05689,-0.03189,-0.05667,0.05249,-0.05518,-0.06977,-0.08540,-0.04209,-0.17725,-0.04304,-0.02941
-0.06085,-0.02336,0.06451,-0.03217,0.01495,0.06183,-0.05281,-0.04913,-0.04964,0.03647,-0.15690,-0.04889,0.04267
-0.06916,-0.07152,0.07919,-0.02929,-0.05698,0.06452,-0.05958,-0.09355,-0.18204,-0.09781,-0.19461,-0.07915,0.01333
-0.07814,-0.02516,0.07180,-0.02827,0.00084,0.09181,-0.03604,-0.06193,-0.06563,0.03416,-0.16744,-0.05790,0.03877
-0.09190,-0.07727,0.05866,-0.03388,-0.05109,-0.00372,-0.03418,-0.13562,-0.13132,-0.13909,-0.15052,-0.08986,-0.00340
-0.09796,-0.04491,0.05454,-0.04790,-0.05024,0.05611,-0.04736,-0.09124,-0.03536,-0.04481,-0.10970,-0.11009,0.03152
-0.10912,-0.13633,0.08748,-0.05360,-0.13997,0.00634,-0.14203,-0.15427,-0.32127,-0.13392,-0.19828,-0.14612,-0.08013
-0.12095,-0.08755,0.06861,-0.04600,-0.08532,0.01393,-0.05584,-0.13583,-0.18762,-0.09751,-0.18442,-0.09558,-0.00129
-0.13349,-0.06395,0.06354,-0.05146,-0.05054,0.03282,-0.03093,-0.12021,-0.12749,-0.03214,-0.16061,-0.11098,0.01205
-0.14673,-0.09499,0.06377,-0.06025,-0.08268,0.00267,-0.04104,-0.15692,-0.15404,-0.08619,-0.19930,-0.13273,-0.03941
-0.15424,-0.06332,0.13159,-0.04543,0.23983,0.01593,-0.06392,-0.16694,-0.04803,-0.24543,-0.17717,-0.07875,-0.06332
-0.17585,-0.13099,0.11134,-0.03990,0.01459,-0.00179,-0.10612,-0.17466,-0.13763,-0.35972,-0.22824,-0.11653,-0.15993
-0.19040,-0.15953,0.09363,-0.06319,-0.07711,-0.01065,-0.15119,-0.18419,-0.23894,-0.33000,-0.22421,-0.14336,-0.17247
-0.20611,-0.23308,0.10407,-0.17756,-0.17997,-0.05755,-0.20042,-0.20414,-0.39291,-0.40319,-0.28894,-0.19796,-0.22820
-0.22232,-0.17431,0.07944,-0.13466,-0.10471,-0.05277,-0.08786,-0.18909,-0.24993,-0.29742,-0.25642,-0.17913,-0.19107
-0.23896,-0.23685,0.09620,-0.19741,-0.16081,-0.11017,-0.14833,-0.21153,-0.41384,-0.36797,-0.25726,-0.21817,-0.28306
-0.26186,-0.14334,0.06940,-0.06806,-0.15934,-0.04589,-0.06499,-0.18283,-0.20747,-0.17055,-0.25838,-0.17016,-0.10568
-0.27403,-0.24317,0.07921,-0.14078,-0.16556,-0.20193,-0.20071,-0.21431,-0.41810,-0.28464,-0.29866,-0.25090,-0.25615
-0.29127,-0.22051,0.07877,-0.08210,-0.15775,-0.18323,-0.19749,-0.21822,-0.37765,-0.27177,-0.27882,-0.21208,-0.22596
-0.30904,-0.23361,0.08055,-0.12779,-0.18099,-0.14899,-0.23567,-0.22184,-0.41901,-0.24314,-0.28493,-0.23580,-0.23792
-0.32690,-0.29915,0.09528,-0.15007,-0.25085,-0.21019,-0.32120,-0.24784,-0.46937,-0.37778,-0.30702,-0.26090,-0.39630
-0.34473,-0.30478,0.09828,-0.14472,-0.24044,-0.23359,-0.31702,-0.23607,-0.46693,-0.38306,-0.31812,-0.28388,-0.42393
-0.36241,-0.27799,0.10430,-0.09730,-0.22520,-0.19159,-0.31226,-0.21926,-0.46714,-0.36698,-0.30305,-0.24748,-0.34961
-0.37965,-0.30388,0.10316,-0.13602,-0.27278,-0.21304,-0.30426,-0.23773,-0.45912,-0.37117,-0.31228,-0.27257,-0.45984
-0.39660,-0.35485,0.09524,-0.27595,-0.27914,-0.30074,-0.31090,-0.26676,-0.49281,-0.44964,-0.31845,-0.33406,-0.52001
-0.41303,-0.34725,0.09867,-0.33313,-0.28005,-0.23297,-0.31669,-0.24290,-0.49624,-0.40393,-0.32786,-0.31483,-0.52386
-0.42865,-0.39365,0.09355,-0.37412,-0.29197,-0.40678,-0.35147,-0.28904,-0.51760,-0.44525,-0.32940,-0.35888,-0.57195
-0.44342,-0.41534,0.09215,-0.43485,-0.34521,-0.36620,-0.39104,-0.30887,-0.54221,-0.46387,-0.34641,-0.36365,-0.59113
-0.45736,-0.43820,0.09465,-0.51150,-0.37262,-0.41040,-0.39237,-0.32294,-0.55697,-0.47687,-0.33461,-0.40097,-0.60272
-0.47025,-0.47646,0.09011,-0.46361,-0.46651,-0.49046,-0.40154,-0.41135,-0.61856,-0.47223,-0.34043,-0.46858,-0.63134
-0.48182,-0.51981,0.08676,-0.50567,-0.54555,-0.49388,-0.45196,-0.47347,-0.63502,-0.52036,-0.35880,-0.55583,-0.65755
-0.49213,-0.51179,0.07167,-0.52993,-0.50910,-0.50547,-0.43984,-0.49051,-0.59657,-0.50717,-0.38473,-0.51289,-0.64165
-0.50101,-0.48819,0.08627,-0.46643,-0.44407,-0.45588,-0.39452,-0.47204,-0.60847,-0.47256,-0.37358,-0.55927,-0.63510
-0.50832,-0.49121,0.07041,-0.47994,-0.45442,-0.54098,-0.39859,-0.44092,-0.56254,-0.50469,-0.39416,-0.52866,-0.60724
-0.51389,-0.48753,0.07961,-0.48634,-0.46016,-0.49929,-0.39918,-0.40102,-0.59508,-0.53733,-0.37366,-0.52372,-0.59949
-0.51768,-0.54158,0.08162,-0.59962,-0.51605,-0.51561,-0.44037,-0.53085,-0.66024,-0.54449,-0.39779,-0.57380,-0.63701
-0.51963,-0.52159,0.09056,-0.60255,-0.47552,-0.49836,-0.41555,-0.50375,-0.65947,-0.53786,-0.36300,-0.54996,-0.60992
-0.51973,-0.46369,0.07803,-0.44897,-0.40187,-0.42873,-0.40801,-0.41364,-0.58004,-0.52851,-0.36154,-0.47709,-0.58850
-0.51789,-0.43330,0.07872,-0.39543,-0.39337,-0.34830,-0.39968,-0.42029,-0.54392,-0.50214,-0.35678,-0.39787,-0.57520
-0.51410,-0.46739,0.08932,-0.54315,-0.38708,-0.37697,-0.44141,-0.42408,-0.60807,-0.50668,-0.37240,-0.41934,-0.59474
-0.50830,-0.52626,0.11197,-0.71156,-0.48580,-0.38501,-0.47879,-0.45594,-0.67638,-0.53075,-0.38793,-0.53503,-0.61541
-0.50053,-0.48278,0.12782,-0.73284,-0.41650,-0.31640,-0.46833,-0.50150,-0.61261,-0.43178,-0.36655,-0.39369,-0.58757
-0.49083,-0.45245,0.09480,-0.52602,-0.40385,-0.29629,-0.47925,-0.51051,-0.57221,-0.44346,-0.35000,-0.37401,-0.56892
-0.47937,-0.49325,0.13003,-0.74705,-0.40791,-0.36225,-0.46210,-0.53479,-0.64361,-0.44012,-0.33879,-0.42280,-0.57304
-0.46620,-0.53433,0.11429,-0.72131,-0.51783,-0.43312,-0.48506,-0.56557,-0.69118,-0.48366,-0.34998,-0.48795,-0.60759
-0.45127,-0.51945,0.09843,-0.73039,-0.52891,-0.42424,-0.52422,-0.54343,-0.56266,-0.46091,-0.40003,-0.42860,-0.59111
-0.43477,-0.52079,0.12619,-0.79279,-0.48260,-0.38518,-0.53047,-0.52998,-0.59458,-0.44814,-0.35963,-0.46587,-0.61868
-0.41687,-0.47507,0.10851,-0.63982,-0.46001,-0.33459,-0.52948,-0.52623,-0.53360,-0.43692,-0.31857,-0.37692,-0.59454
-0.39815,-0.48420,0.13384,-0.71156,-0.47992,-0.28704,-0.55911,-0.54412,-0.56166,-0.44418,-0.33851,-0.33296,-0.58291
-0.37841,-0.45083,0.11241,-0.61804,-0.35285,-0.32940,-0.51915,-0.43865,-0.54614,-0.46626,-0.34987,-0.30799,-0.58000
-0.35783,-0.35165,0.14198,-0.46025,-0.28349,-0.09152,-0.48890,-0.24735,-0.50065,-0.35759,-0.33465,-0.22794,-0.52419
-0.33681,-0.37039,0.11983,-0.46286,-0.32335,-0.17568,-0.46405,-0.25385,-0.50958,-0.37186,-0.34287,-0.26511,-0.53469
-0.31555,-0.28736,0.09853,-0.25550,-0.22351,-0.12217,-0.37399,-0.21635,-0.43157,-0.34987,-0.30512,-0.20500,-0.39054
-0.29430,-0.18397,0.07933,-0.11030,-0.09248,-0.09370,-0.28440,-0.19151,-0.21803,-0.32452,-0.21230,-0.13083,-0.18166
-0.27319,-0.21180,0.08228,-0.12468,-0.12165,-0.12423,-0.31465,-0.19831,-0.28767,-0.31272,-0.26160,-0.12681,-0.24564
-0.25266,-0.12795,0.07263,-0.09210,-0.04534,-0.05006,-0.15849,-0.18044,-0.09676,-0.25839,-0.20258,-0.05171,-0.14365
-0.23298,-0.10937,0.07295,-0.09669,-0.03485,-0.00694,-0.16341,-0.15047,-0.05258,-0.25223,-0.14971,-0.06786,-0.11893
-0.21437,-0.14598,0.08647,-0.07455,-0.09413,-0.00133,-0.24202,-0.17462,-0.15388,-0.27823,-0.20736,-0.06430,-0.16936
-0.19709,-0.09242,0.07338,-0.08042,-0.01563,0.00756,-0.12354,-0.14645,-0.01051,-0.22167,-0.15294,-0.06335,-0.11727
-0.18128,-0.10588,0.07863,-0.08725,-0.00610,-0.02601,-0.17198,-0.17710,-0.03362,-0.22808,-0.17745,-0.04092,-0.11026
-0.16732,-0.05473,0.08033,-0.08683,0.00770,-0.01829,-0.08838,-0.11797,0.02680,-0.19445,-0.11041,0.07664,-0.04207
-0.15540,-0.03957,0.07009,-0.06708,0.00142,0.00650,-0.09392,-0.12260,0.03640,-0.14171,-0.07288,0.06820,-0.01003
-0.14567,-0.09789,0.06047,-0.11119,-0.08436,-0.00098,-0.11642,-0.15233,-0.04260,-0.18048,-0.17755,-0.04663,-0.06632
-0.13823,-0.07740,0.07114,-0.09885,-0.05999,0.00773,-0.08708,-0.11321,0.00767,-0.18399,-0.18914,-0.04121,-0.01599
-0.13329,-0.07516,0.07703,-0.11461,-0.07497,-0.00720,-0.09568,-0.12061,0.04743,-0.12577,-0.21537,-0.05342,0.00864
-0.13091,-0.11145,0.07805,-0.12448,-0.08454,-0.05049,-0.13644,-0.13256,0.03217,-0.23081,-0.21604,-0.11733,-0.05398
-0.13111,-0.14023,0.07879,-0.16658,-0.11602,-0.03740,-0.13987,-0.11586,-0.13369,-0.28182,-0.25043,-0.12508,-0.03553
-0.13394,-0.17785,0.07243,-0.20286,-0.14827,-0.04979,-0.20292,-0.15274,-0.15914,-0.28019,-0.29268,-0.17567,-0.11427
-0.13934,-0.15550,0.06377,-0.16102,-0.12156,-0.05404,-0.13351,-0.15045,-0.14833,-0.27368,-0.24655,-0.15824,-0.10759
-0.14724,-0.11787,0.06527,-0.12205,-0.14410,-0.02055,-0.06403,-0.14288,-0.15381,-0.14913,-0.23167,-0.12906,-0.02147
-0.15756,-0.18261,0.09083,-0.18134,-0.18830,-0.03899,-0.11383,-0.18637,-0.37482,-0.13137,-0.27190,-0.19156,-0.14758
-0.17015,-0.20973,0.09215,-0.13617,-0.19429,-0.08535,-0.15937,-0.20805,-0.42991,-0.20693,-0.27134,-0.18889,-0.21699
-0.18472,-0.19130,0.08394,-0.15107,-0.16027,-0.05950,-0.12441,-0.20560,-0.37068,-0.21331,-0.26561,-0.19526,-0.16725
-0.20106,-0.24893,0.10687,-0.23459,-0.15944,-0.05631,-0.26742,-0.22947,-0.47007,-0.25945,-0.28223,-0.20991,-0.32045
-0.21890,-0.22528,0.11280,-0.13159,-0.14400,-0.02950,-0.22640,-0.22637,-0.45148,-0.23833,-0.30137,-0.21831,-0.28548
-0.23806,-0.24111,0.10764,-0.15867,-0.16626,-0.08062,-0.17614,-0.24364,-0.47026,-0.28460,-0.31085,-0.22911,-0.29090
-0.25807,-0.23432,0.09351,-0.15981,-0.23572,-0.06767,-0.18980,-0.22644,-0.41434,-0.30056,-0.31164,-0.21308,-0.22418
-0.27857,-0.28267,0.10087,-0.19384,-0.27030,-0.10730,-0.31418,-0.29861,-0.47188,-0.36913,-0.33502,-0.25090,-0.21555
-0.29923,-0.37693,0.07625,-0.37542,-0.31716,-0.30824,-0.45717,-0.32390,-0.50543,-0.48447,-0.35536,-0.32278,-0.31935
-0.31983,-0.35467,0.06544,-0.37224,-0.26291,-0.38844,-0.40338,-0.31254,-0.45147,-0.40602,-0.36252,-0.34357,-0.24361
-0.33995,-0.33076,0.06139,-0.28324,-0.24750,-0.30410,-0.38804,-0.28764,-0.44444,-0.37219,-0.34355,-0.36187,-0.27502
-0.35904,-0.38275,0.07184,-0.33094,-0.23597,-0.41273,-0.45175,-0.33873,-0.45248,-0.43561,-0.36877,-0.45576,-0.34476
-0.37679,-0.29528,0.08961,-0.14902,-0.22922,-0.26279,-0.33021,-0.24819,-0.40009,-0.38255,-0.30194,-0.42851,-0.22031
-0.39300,-0.25084,0.09784,-0.11490,-0.18210,-0.34016,-0.31469,-0.23499,-0.29361,-0.35250,-0.29527,-0.31076,-0.06943
-0.40722,-0.24908,0.10677,-0.10343,-0.23427,-0.32830,-0.34231,-0.20160,-0.29049,-0.36043,-0.28151,-0.31127,-0.03715
-0.41917,-0.32970,0.11210,-0.16465,-0.22120,-0.46733,-0.40716,-0.22930,-0.36774,-0.45164,-0.28828,-0.45038,-0.24936
-0.42873,-0.34474,0.10702,-0.13024,-0.29240,-0.45722,-0.40704,-0.26927,-0.37251,-0.43418,-0.30563,-0.48383,-0.29511
-0.43568,-0.33744,0.11314,-0.09994,-0.26633,-0.49851,-0.37466,-0.26583,-0.35909,-0.41555,-0.30429,-0.45416,-0.33608
-0.43979,-0.35568,0.10939,-0.10266,-0.31506,-0.39127,-0.39746,-0.28833,-0.37790,-0.41410,-0.32383,-0.44157,-0.50461
-0.44099,-0.34708,0.12071,-0.07472,-0.28598,-0.33714,-0.38279,-0.34869,-0.41305,-0.44339,-0.28258,-0.37260,-0.52989
-0.43929,-0.17461,0.11223,-0.01905,-0.14513,-0.08921,-0.27719,-0.17648,-0.07275,-0.38904,-0.12970,-0.16352,-0.28406
-0.43472,-0.12527,0.10389,-0.03078,-0.02216,0.03385,-0.16416,-0.16756,-0.11311,-0.33217,-0.10257,-0.16900,-0.18501
-0.42737,-0.15763,0.09153,-0.05858,-0.02095,-0.10624,-0.29516,-0.16958,-0.18967,-0.30675,-0.12001,-0.17062,-0.13880
-0.41730,-0.20000,0.11032,-0.04505,-0.03030,-0.15919,-0.32027,-0.22947,-0.28098,-0.37650,-0.15735,-0.19054,-0.21040
-0.24973,-0.29262,0.10319,-0.14742,-0.19121,-0.25443,-0.36760,-0.26033,-0.40886,-0.43582,-0.20166,-0.25415,-0.40475
-0.33120,-0.36891,0.11821,-0.24545,-0.22094,-0.30697,-0.42777,-0.30466,-0.44378,-0.46722,-0.27429,-0.40125,-0.59677
-0.41616,-0.40479,0.09413,-0.36122,-0.26391,-0.45424,-0.42448,-0.33260,-0.48356,-0.46672,-0.27630,-0.42896,-0.55586
-0.49813,-0.37409,0.11241,-0.35822,-0.24776,-0.30571,-0.41191,-0.28183,-0.43460,-0.49115,-0.20122,-0.47450,-0.53401
-0.57499,-0.32360,0.09029,-0.26116,-0.29111,-0.20034,-0.32343,-0.27795,-0.43915,-0.44330,-0.20953,-0.40621,-0.38383
-0.64609,-0.36954,0.09273,-0.30563,-0.44183,-0.21182,-0.34995,-0.34468,-0.47801,-0.42573,-0.26606,-0.49820,-0.37350
-0.53801,-0.55147,0.10694,-0.38211,-0.69654,-0.48384,-0.45031,-0.70796,-0.65453,-0.54173,-0.50258,-0.56719,-0.52790
-0.68654,-0.75494,0.09957,-0.62303,-0.76677,-0.78849,-0.62209,-0.82638,-0.95163,-0.79452,-0.67767,-0.72172,-0.77712
-0.83232,-0.85488,0.09697,-0.75896,-0.92038,-0.85332,-0.88848,-0.90551,-0.95163,-1.01003,-0.74820,-0.71655,-0.79571
-0.96726,-0.94805,0.12493,-0.89394,-1.01569,-0.91404,-0.92294,-0.97859,-1.11052,-1.09012,-0.76957,-0.74147,-1.04366
-1.08715,-0.89009,0.12933,-0.91901,-0.94611,-0.91842,-0.90109,-0.90851,-0.91082,-1.13409,-0.76686,-0.62598,-0.87002
-1.18718,-0.98654,0.14134,-1.00856,-1.04033,-0.96999,-1.03149,-1.11846,-0.86002,-1.25265,-0.90705,-0.73920,-0.93767
-1.26530,-1.24736,0.13612,-1.26965,-1.16005,-1.06939,-1.30900,-1.42405,-1.09883,-1.39900,-1.08200,-1.38379,-1.27783
-1.18566,-1.37629,0.09631,-1.40885,-1.31680,-1.25783,-1.35915,-1.50634,-1.43792,-1.48087,-1.19834,-1.40976,-1.38701
-1.31384,-1.39485,0.10342,-1.38438,-1.38988,-1.31886,-1.35801,-1.54863,-1.46887,-1.50321,-1.17748,-1.42009,-1.37913
-1.42314,-1.44100,0.10663,-1.43674,-1.47607,-1.46787,-1.36927,-1.60054,-1.48538,-1.50183,-1.18923,-1.46034,-1.42270
-1.50875,-1.38958,0.12562,-1.30655,-1.42741,-1.48781,-1.37285,-1.59020,-1.41822,-1.47361,-1.17500,-1.42328,-1.22086
-1.57243,-1.33957,0.09805,-1.24214,-1.37642,-1.24241,-1.38763,-1.47986,-1.35964,-1.48820,-1.24029,-1.34828,-1.23089
-1.61396,-1.33818,0.10976,-1.19461,-1.35595,-1.27948,-1.38483,-1.51407,-1.32230,-1.48444,-1.22892,-1.39698,-1.22026
-1.42674,-1.49719,0.10261,-1.46964,-1.55944,-1.43603,-1.38281,-1.69880,-1.58654,-1.51973,-1.34271,-1.47977,-1.49642
-1.52088,-1.52869,0.10749,-1.49067,-1.60708,-1.43880,-1.38336,-1.74891,-1.60765,-1.56681,-1.44118,-1.53154,-1.47088
-1.59306,-1.59651,0.10125,-1.57804,-1.55993,-1.63050,-1.39475,-1.71394,-1.74234,-1.65162,-1.52612,-1.53216,-1.63567
-1.64289,-1.49937,0.11576,-1.32745,-1.53003,-1.52807,-1.38545,-1.64296,-1.70850,-1.52637,-1.44483,-1.49109,-1.40896
-1.67009,-1.43282,0.12398,-1.20383,-1.55052,-1.42627,-1.34430,-1.50481,-1.66130,-1.46639,-1.39128,-1.37941,-1.40009
-1.67446,-1.39449,0.11003,-1.14386,-1.40949,-1.35507,-1.36627,-1.38574,-1.58096,-1.39844,-1.41961,-1.40136,-1.48413
-1.65588,-1.41680,0.13802,-1.12909,-1.45825,-1.46222,-1.36250,-1.37621,-1.69521,-1.39278,-1.40437,-1.46108,-1.42632
-1.44137,-1.46897,0.14286,-1.20127,-1.52669,-1.51049,-1.31747,-1.51366,-1.69882,-1.39138,-1.58020,-1.40165,-1.54805
-1.47624,-1.32477,0.14130,-1.14871,-1.26568,-1.52345,-1.30932,-1.28985,-1.62779,-1.26350,-1.29474,-1.26275,-1.26190
-1.48808,-1.30746,0.15283,-1.28749,-1.22372,-1.47943,-1.24402,-1.18109,-1.67398,-1.23603,-1.21977,-1.22972,-1.29933
-1.47674,-1.14848,0.15423,-1.12865,-1.08470,-1.31722,-1.15034,-1.01656,-1.50331,-1.14531,-1.09685,-0.98472,-1.05717
-1.44217,-1.07761,0.10760,-0.98817,-1.08683,-1.17263,-1.08749,-0.90092,-1.29078,-1.08205,-1.12761,-1.04346,-0.99617
-1.38443,-1.06955,0.10100,-1.04343,-1.04657,-1.15774,-1.02575,-0.93796,-1.28216,-0.97430,-1.14284,-1.00728,-1.07751
-1.30369,-1.02843,0.09095,-0.99468,-1.01655,-1.14600,-1.03692,-0.91060,-1.20692,-0.96529,-1.00353,-0.94062,-1.06319
-1.07997,-1.03784,0.09520,-1.13644,-0.99399,-1.15415,-1.01866,-0.94922,-1.20327,-0.93270,-0.96029,-0.97820,-1.05152
-1.05798,-0.97297,0.11442,-0.91956,-0.97291,-1.21413,-0.91205,-0.86526,-1.08631,-0.86781,-0.85698,-1.00704,-1.02762
-1.02174,-0.73536,0.09734,-0.61409,-0.73953,-0.95564,-0.70463,-0.63987,-0.80168,-0.75741,-0.66994,-0.77288,-0.69798
-0.96847,-0.57688,0.12548,-0.39098,-0.60435,-0.72634,-0.52642,-0.49275,-0.67002,-0.58230,-0.38513,-0.71689,-0.67356
-0.90000,-0.59559,0.11791,-0.40397,-0.65740,-0.68160,-0.55596,-0.53832,-0.69650,-0.60467,-0.40297,-0.70416,-0.71037
-0.81801,-0.62123,0.11665,-0.47489,-0.68424,-0.80029,-0.57488,-0.56720,-0.64462,-0.62509,-0.41538,-0.70237,-0.72333
-0.59734,-0.60156,0.12294,-0.44967,-0.62612,-0.64634,-0.56143,-0.59567,-0.74682,-0.55697,-0.38222,-0.66622,-0.78412
-0.59726,-0.55527,0.12977,-0.47381,-0.48250,-0.61332,-0.51899,-0.55737,-0.76068,-0.46560,-0.33158,-0.61836,-0.73046
-0.59437,-0.41513,0.10376,-0.32406,-0.33580,-0.47417,-0.45746,-0.27907,-0.52328,-0.46907,-0.30579,-0.39039,-0.59219
-0.58430,-0.31650,0.11104,-0.20022,-0.27928,-0.19593,-0.35616,-0.24251,-0.47364,-0.36729,-0.24803,-0.28216,-0.51981
-0.56678,-0.36975,0.10489,-0.29316,-0.34784,-0.26987,-0.39903,-0.25493,-0.53181,-0.42721,-0.30170,-0.32264,-0.54931
-0.54257,-0.44114,0.09162,-0.37469,-0.46346,-0.55101,-0.44401,-0.29901,-0.50730,-0.47957,-0.34922,-0.36619,-0.57690
-0.42613,-0.49537,0.08044,-0.37199,-0.50837,-0.55526,-0.47998,-0.43082,-0.51532,-0.54104,-0.37335,-0.58500,-0.59254
-0.49748,-0.53581,0.10771,-0.43236,-0.49091,-0.46937,-0.53329,-0.47157,-0.68137,-0.56809,-0.37569,-0.65232,-0.68311
-0.56706,-0.50079,0.07556,-0.41457,-0.50010,-0.49612,-0.50272,-0.47110,-0.53599,-0.60055,-0.35147,-0.54996,-0.58528
-0.62972,-0.40346,0.10958,-0.29587,-0.40687,-0.26559,-0.42417,-0.41180,-0.46056,-0.61733,-0.25308,-0.42631,-0.47306
-0.68218,-0.50265,0.09657,-0.35751,-0.47544,-0.43698,-0.52719,-0.56504,-0.54702,-0.65945,-0.35457,-0.54789,-0.55540
-0.57748,-0.59028,0.09072,-0.47536,-0.50402,-0.69245,-0.58308,-0.62002,-0.59480,-0.69716,-0.43826,-0.66672,-0.63089
-0.71300,-0.75389,0.04533,-0.70257,-0.74162,-0.83302,-0.77118,-0.76283,-0.80949,-0.74204,-0.67830,-0.75490,-0.74292
-0.84275,-0.85560,0.06787,-0.89721,-0.81027,-0.93280,-0.98275,-0.80555,-0.86638,-0.88346,-0.80423,-0.78545,-0.78787
-0.95597,-0.97048,0.08493,-1.01599,-1.01916,-1.01261,-1.04382,-0.83628,-1.10829,-0.97398,-0.91284,-0.87804,-0.90382
-1.04958,-0.99895,0.10508,-1.02012,-1.06687,-1.02309,-1.03117,-0.87812,-1.22325,-0.97858,-0.92121,-0.85301,-0.99412
-1.12145,-1.04148,0.09861,-1.02975,-1.13441,-1.12408,-1.04034,-0.89283,-1.19398,-1.07862,-0.96081,-0.90546,-1.05453
-1.17124,-1.08503,0.10084,-1.10971,-1.13529,-1.25271,-1.01809,-0.90900,-1.19650,-1.11080,-1.07015,-0.97907,-1.06897
-1.19697,-1.13147,0.10770,-1.08357,-1.18338,-1.34725,-1.08703,-0.94611,-1.21709,-1.13100,-1.15291,-1.03815,-1.12821
-1.19729,-1.12034,0.12422,-1.02197,-1.25767,-1.37822,-1.05511,-0.98171,-1.15171,-1.13342,-1.15174,-0.99142,-1.08042
-1.17312,-1.12928,0.09907,-1.07930,-1.14621,-1.39255,-1.06691,-1.05822,-1.12122,-1.14228,-1.11651,-1.04638,-1.12325
-1.12531,-1.04464,0.09457,-0.89796,-1.02486,-1.13804,-1.06261,-0.99200,-1.01745,-1.25338,-1.03600,-1.00071,-1.02336
-1.05625,-1.01593,0.09934,-0.94205,-0.94349,-1.08886,-1.03559,-1.11296,-1.02778,-1.18705,-0.84966,-0.94050,-1.03135
-0.96812,-0.95588,0.09403,-0.98130,-0.84754,-1.09712,-0.96873,-1.00902,-0.92327,-1.07957,-0.83737,-0.83981,-0.97507
-0.86192,-0.86790,0.09664,-0.92326,-0.74220,-1.05444,-0.81964,-0.93285,-0.84848,-0.94472,-0.75672,-0.79608,-0.86055
-0.74081,-0.58233,0.05697,-0.51377,-0.55658,-0.65557,-0.56215,-0.57819,-0.58273,-0.68074,-0.58682,-0.49561,-0.61118
-0.61019,-0.50689,0.09101,-0.62489,-0.37110,-0.57464,-0.39702,-0.51510,-0.52131,-0.54688,-0.58559,-0.38214,-0.55025
-0.47309,-0.30636,0.12513,-0.42439,-0.08919,-0.35480,-0.33087,-0.23912,-0.38471,-0.20663,-0.50562,-0.18349,-0.34476
-0.33055,-0.18123,0.04734,-0.25544,-0.18913,-0.12808,-0.17889,-0.14303,-0.15708,-0.21601,-0.25636,-0.13632,-0.15191
-0.18675,-0.11623,0.12429,-0.32032,-0.26365,-0.12838,-0.11576,0.04444,0.03142,-0.08779,-0.19820,-0.14711,0.02308
-0.04842,0.08407,0.10675,0.00622,0.05802,0.15103,0.02222,0.12713,0.18605,0.26485,-0.10685,0.01365,0.11835
0.08364,0.16519,0.09993,-0.00270,0.04424,0.24814,0.21647,0.24369,0.20053,0.31383,0.08327,0.12999,0.17446
0.20522,0.29555,0.11132,0.09671,0.38711,0.35173,0.43598,0.32803,0.24576,0.42134,0.20798,0.30215,0.17870
0.31123,0.37829,0.10589,0.15016,0.42989,0.36419,0.48831,0.41782,0.34834,0.51752,0.33769,0.43531,0.29368
0.39860,0.37340,0.13055,0.12499,0.43969,0.49451,0.38797,0.40406,0.29171,0.56512,0.35069,0.44935,0.22589
0.46573,0.29233,0.14277,0.10391,0.45539,0.37992,0.38526,0.37271,0.20176,0.47757,0.29517,0.10845,0.14318
0.51042,0.42017,0.14093,0.18408,0.51284,0.37330,0.63461,0.42219,0.26422,0.37609,0.35095,0.59484,0.48861
0.53076,0.45690,0.15874,0.24575,0.65940,0.53022,0.52421,0.48360,0.33619,0.56550,0.38252,0.64001,0.20164
0.52653,0.42784,0.13266,0.32253,0.60362,0.58319,0.52869,0.41943,0.30347,0.43278,0.40150,0.50124,0.18196
0.49830,0.37588,0.12454,0.25255,0.58102,0.48157,0.31465,0.39663,0.23840,0.37442,0.39836,0.51402,0.20718
0.44706,0.35521,0.15315,0.15161,0.58283,0.37885,0.33824,0.38577,0.22710,0.31158,0.37350,0.61713,0.18550
0.37485,0.26892,0.13402,0.28169,0.53243,0.31872,0.22964,0.08122,0.19883,0.19888,0.27307,0.43273,0.14194
0.28401,0.24495,0.13001,0.07779,0.48629,0.25765,0.14334,0.19785,0.20123,0.20683,0.24861,0.45650,0.17347
0.17651,0.08647,0.08819,0.02870,0.15700,0.17623,0.02434,0.03820,0.03737,-0.07133,0.21411,0.13430,0.12576
0.05539,0.01018,0.08050,-0.00019,0.03820,0.15712,-0.00514,-0.08302,-0.10572,-0.04818,0.10803,0.00807,0.03261
-0.07494,-0.14491,0.10165,-0.05447,-0.02929,-0.10867,-0.23155,-0.19342,-0.36048,-0.14311,-0.02917,-0.16304,-0.13585
-0.21187,-0.25586,0.09874,-0.10683,-0.24959,-0.18417,-0.32939,-0.23977,-0.44334,-0.34394,-0.15216,-0.23207,-0.27735
-0.35179,-0.40985,0.08610,-0.32828,-0.33681,-0.34843,-0.44286,-0.38443,-0.54809,-0.49167,-0.33311,-0.35460,-0.53018
-0.49138,-0.53099,0.09487,-0.36473,-0.52216,-0.57348,-0.54927,-0.55415,-0.62702,-0.62470,-0.36081,-0.54350,-0.59010
-0.62486,-0.66097,0.07675,-0.52154,-0.66817,-0.75060,-0.60986,-0.73443,-0.73211,-0.69515,-0.55662,-0.66134,-0.67986
-0.74765,-0.74487,0.06552,-0.65348,-0.72170,-0.80219,-0.70567,-0.81611,-0.82759,-0.74428,-0.64270,-0.73973,-0.79523
-0.85827,-0.88053,0.09916,-0.79950,-0.85581,-0.97382,-0.85483,-0.87550,-1.08456,-0.81207,-0.78119,-0.79536,-0.97267
-0.95138,-0.99555,0.10802,-1.00287,-0.93827,-1.15657,-0.97274,-0.92751,-1.18053,-0.95861,-0.89288,-0.85711,-1.06842
-1.02347,-1.03579,0.12153,-1.04212,-0.94020,-1.22344,-1.04613,-0.94521,-1.20064,-0.95533,-0.94666,-0.89029,-1.16789
-1.07399,-1.03972,0.14558,-0.98929,-0.97200,-1.26361,-1.04410,-0.93224,-1.28767,-0.97456,-0.90429,-0.87946,-1.14996
-1.10118,-1.08569,0.12605,-1.02735,-1.11753,-1.27040,-1.05547,-0.95157,-1.29579,-0.98360,-1.04267,-0.93921,-1.17334
-1.10327,-1.09016,0.12854,-1.05634,-1.05378,-1.34787,-1.02496,-1.05636,-1.23476,-0.90595,-0.97997,-1.06800,-1.17358
-1.08062,-0.99298,0.08454,-0.98239,-1.01525,-1.11871,-0.94725,-0.98080,-1.07825,-0.93501,-0.82149,-0.98325,-1.06739
-1.03412,-0.93939,0.08372,-0.89158,-0.90919,-1.06236,-0.87147,-0.97776,-1.03583,-0.88753,-0.81035,-0.91206,-1.03577
-0.96510,-0.83996,0.07618,-0.81515,-0.85082,-0.86282,-0.77644,-0.86620,-0.97710,-0.77332,-0.73606,-0.79904,-0.94261
-0.87667,-0.75564,0.07120,-0.81355,-0.66749,-0.79089,-0.64647,-0.72502,-0.87554,-0.76859,-0.71664,-0.73430,-0.81796
-0.77181,-0.62715,0.06755,-0.66859,-0.55484,-0.69178,-0.57109,-0.58526,-0.67501,-0.74622,-0.57831,-0.55153,-0.64890
-0.65205,-0.32790,0.12820,-0.16999,-0.35133,-0.14613,-0.37932,-0.28173,-0.47436,-0.51122,-0.31805,-0.20215,-0.44472
-0.52052,-0.09774,0.14493,0.00227,0.08480,-0.02357,-0.12003,-0.13138,-0.12891,-0.40684,-0.22141,0.06589,-0.09825
-0.38303,-0.12367,0.20210,-0.07108,0.12126,0.00123,-0.19631,-0.14978,-0.27552,-0.49374,-0.23032,0.20965,-0.15206
-0.24389,0.06222,0.20890,0.09462,0.40851,0.08582,0.00296,0.05517,0.00476,-0.35364,-0.09877,0.31385,0.10897
-0.10678,0.18384,0.22035,0.12731,0.53027,0.13177,0.07451,0.27992,0.22401,-0.24009,0.04621,0.48317,0.18136
0.10230,0.37296,0.20582,0.32326,0.48692,0.28613,0.19257,0.43394,0.52997,0.07596,0.24142,0.81029,0.34915
0.14634,0.37837,0.20961,0.44820,0.51680,0.30198,0.20576,0.36261,0.54625,0.06630,0.29939,0.80508,0.23131
0.17371,0.43075,0.22974,0.53045,0.54535,0.34731,0.19650,0.42148,0.61323,0.14384,0.34718,0.91443,0.24776
0.18577,0.22603,0.13833,0.27134,0.39647,0.19042,0.10002,0.21397,0.37265,-0.02037,0.33770,0.31669,0.08138
0.18224,0.18844,0.10992,0.06487,0.15416,0.17549,0.09257,0.12653,0.25937,0.17989,0.29946,0.42356,0.10849
0.21550,0.09863,0.10520,0.04054,0.02906,0.07799,-0.00096,0.06890,0.22284,-0.06075,0.23614,0.23658,0.13601
0.10709,-0.01759,0.12692,-0.00716,0.00982,0.12616,-0.08562,-0.03648,-0.05737,-0.29323,0.17522,-0.04444,0.03724
-0.01588,-0.02762,0.12999,0.03936,-0.05750,0.11232,0.02256,-0.12351,-0.26830,-0.04556,0.19120,-0.12383,-0.02292
-0.14740,-0.19931,0.10170,-0.12376,-0.25155,-0.10302,-0.16913,-0.19784,-0.40651,-0.29733,-0.07905,-0.24120,-0.12375
-0.28206,-0.31859,0.09896,-0.19102,-0.42604,-0.19766,-0.31868,-0.26277,-0.51050,-0.36154,-0.25842,-0.33403,-0.32524
-0.36947,-0.59254,0.08843,-0.50034,-0.68858,-0.58349,-0.51546,-0.72793,-0.71494,-0.55326,-0.49329,-0.59898,-0.54914
-0.57038,-0.79068,0.09346,-0.74729,-0.91615,-0.85283,-0.70507,-0.77276,-0.82001,-0.96107,-0.72233,-0.71211,-0.69717
-0.76296,-0.89343,0.09999,-0.91454,-0.91694,-0.95751,-0.93869,-0.82278,-1.03396,-1.00926,-0.75548,-0.74106,-0.84411
-0.93963,-0.95200,0.13646,-1.02004,-0.96286,-1.01106,-1.19519,-0.82644,-0.99395,-1.08821,-0.82795,-0.77721,-0.81711
-1.09807,-1.14870,0.15306,-1.37398,-1.16355,-1.24424,-1.38287,-1.05381,-1.07627,-1.22029,-0.96078,-1.01716,-0.99406
-1.15615,-1.25792,0.15715,-1.52701,-1.20856,-1.41838,-1.40525,-1.27349,-1.20790,-1.27000,-1.00738,-1.16140,-1.09984
-1.33011,-1.35733,0.15334,-1.58208,-1.36452,-1.49843,-1.42609,-1.44169,-1.31001,-1.37907,-1.06919,-1.35356,-1.14867
-1.47305,-1.36663,0.14564,-1.40356,-1.47811,-1.51975,-1.43718,-1.51950,-1.23955,-1.38173,-1.11059,-1.41274,-1.16354
-1.58337,-1.41941,0.14618,-1.43482,-1.58046,-1.57718,-1.43792,-1.58412,-1.26678,-1.45091,-1.22843,-1.44317,-1.19037
-1.66338,-1.51871,0.13068,-1.46160,-1.65778,-1.62821,-1.46053,-1.74933,-1.53300,-1.51136,-1.35674,-1.49866,-1.32991
-1.60215,-1.63048,0.13745,-1.54157,-1.69890,-1.74598,-1.53891,-1.91545,-1.70636,-1.63890,-1.47369,-1.54254,-1.50252
-1.69441,-1.64114,0.13469,-1.52658,-1.69270,-1.77762,-1.47405,-1.84712,-1.73366,-1.74675,-1.47817,-1.59335,-1.54138
-1.75641,-1.62178,0.13945,-1.36543,-1.69463,-1.76343,-1.44065,-1.78613,-1.72038,-1.68499,-1.65035,-1.53466,-1.57717
-1.78795,-1.67286,0.17269,-1.41361,-1.81666,-1.75968,-1.45304,-1.89430,-1.76992,-1.58392,-1.87332,-1.55354,-1.61059
-1.78896,-1.68928,0.19264,-1.40693,-1.85839,-1.76237,-1.42304,-1.92088,-1.84299,-1.54077,-1.88740,-1.58882,-1.66125
-1.75954,-1.65323,0.21419,-1.30852,-1.74588,-1.84693,-1.39054,-1.76268,-1.80250,-1.53741,-1.97662,-1.49066,-1.67059
-1.62966,-1.65327,0.16649,-1.62914,-1.70416,-1.82441,-1.42083,-1.65415,-1.84255,-1.54770,-1.89773,-1.42578,-1.58622
-1.61331,-1.53866,0.15277,-1.54117,-1.72466,-1.69991,-1.37864,-1.52493,-1.62826,-1.49772,-1.71731,-1.35572,-1.31831
-1.56680,-1.45467,0.21312,-1.45544,-1.70799,-1.59571,-1.27348,-1.38414,-1.37025,-1.40054,-1.88177,-1.26275,-1.21467
-1.49048,-1.33843,0.14378,-1.39379,-1.64113,-1.46043,-1.24337,-1.21336,-1.29119,-1.22670,-1.44843,-1.19604,-1.26984
-1.38482,-1.33743,0.14193,-1.33151,-1.63515,-1.46759,-1.34007,-1.31904,-1.16774,-1.13171,-1.27684,-1.34537,-1.35929
-1.14703,-1.17657,0.09512,-1.21200,-1.25628,-1.33247,-1.22614,-1.14660,-1.12885,-1.10358,-1.00060,-1.24111,-1.11811
-1.05702,-1.11709,0.10979,-1.25356,-1.08818,-1.20112,-1.06377,-1.18111,-1.20934,-1.08707,-0.87566,-1.04617,-1.16497
-0.94786,-0.96990,0.12575,-1.07410,-0.89391,-1.10495,-0.91638,-1.05973,-1.05738,-0.88189,-0.72204,-0.89818,-1.09048
-0.82109,-0.85515,0.13080,-1.03719,-0.78816,-1.04894,-0.78133,-0.77143,-0.92205,-0.86848,-0.64222,-0.75589,-0.93576
-0.67809,-0.77963,0.13820,-0.99290,-0.79203,-0.87137,-0.62982,-0.62879,-0.89380,-0.73995,-0.60851,-0.70654,-0.93263
-0.52338,-0.58449,0.14317,-0.81674,-0.48149,-0.60710,-0.47906,-0.48880,-0.69789,-0.47049,-0.40517,-0.61289,-0.78529
-0.36159,-0.36247,0.11244,-0.52467,-0.33763,-0.36279,-0.25878,-0.20910,-0.48738,-0.34473,-0.27612,-0.30139,-0.52209
-0.19737,-0.18245,0.09435,-0.29879,-0.28583,-0.19495,-0.06561,-0.05285,-0.24964,-0.04750,-0.22121,-0.19612,-0.21203
-0.03554,-0.04136,0.10026,-0.15572,-0.10570,0.01838,-0.05824,0.14089,-0.00057,0.08999,-0.09329,-0.14319,-0.10613
0.11892,0.17192,0.09880,0.01366,0.27656,0.23092,0.24720,0.21930,0.18222,0.23248,0.20718,-0.00849,0.11813
0.25789,0.29840,0.10401,0.17394,0.36354,0.29664,0.31445,0.33569,0.27855,0.50350,0.36287,0.18291,0.17185
0.37755,0.37199,0.12336,0.24286,0.49953,0.54874,0.42138,0.36934,0.21983,0.51119,0.39580,0.26362,0.24757
0.47684,0.44451,0.10391,0.29582,0.58563,0.54374,0.48244,0.42660,0.38856,0.55843,0.48039,0.39184,0.29160
0.55154,0.49306,0.12506,0.34921,0.63061,0.68258,0.56404,0.48748,0.31871,0.61732,0.44713,0.39971,0.43384
0.59717,0.50867,0.12127,0.22661,0.62531,0.64443,0.52706,0.46346,0.58941,0.45927,0.45332,0.50939,0.58842
0.61337,0.35963,0.17020,0.10587,0.60895,0.58200,0.54464,0.33854,0.19493,0.35608,0.35252,0.28397,0.22880
0.58406,0.27292,0.22109,0.07300,0.52890,0.67036,0.31775,0.32995,0.06002,0.25429,0.40554,0.00122,0.08815
0.58034,0.42596,0.15026,0.26560,0.71380,0.62047,0.46093,0.48272,0.27585,0.31541,0.40514,0.42468,0.29497
0.55020,0.28132,0.16362,0.20511,0.45567,0.49922,0.37381,0.26097,0.21174,0.18654,0.38334,0.30679,-0.06997
0.49411,0.19781,0.15725,0.00775,0.42866,0.29457,0.24188,0.33547,0.15600,0.15700,0.20807,0.25994,-0.11122
0.36548,0.22473,0.14984,0.07486,0.26011,0.27452,0.26086,0.18849,0.20287,0.30042,0.21841,0.52221,-0.05547
0.29927,0.21255,0.13437,0.06687,0.51140,0.22271,0.28167,0.24722,0.19860,0.26182,0.17412,0.13941,0.02169
0.21737,0.05476,0.09297,-0.06260,0.02648,0.09068,0.19638,0.01670,0.17052,0.14328,-0.07389,0.00942,0.03067
0.12074,-0.01226,0.08391,-0.10907,-0.04376,0.10837,0.10037,0.00568,-0.07669,0.08972,-0.02659,-0.08455,-0.08611
0.01028,-0.17422,0.11586,-0.28747,-0.17190,0.02687,-0.00907,-0.12760,-0.34288,-0.17665,-0.26083,-0.17229,-0.22037
-0.15174,-0.20598,0.08911,-0.15154,-0.24658,-0.06822,-0.14238,-0.15512,-0.39879,-0.20227,-0.24669,-0.19458,-0.25365
-0.24090,-0.48830,0.16863,-0.74564,-0.63330,-0.29073,-0.28647,-0.45374,-0.66781,-0.40950,-0.36310,-0.38983,-0.64290
-0.33020,-0.54490,0.11115,-0.70195,-0.70101,-0.51849,-0.40252,-0.49658,-0.62620,-0.46895,-0.41145,-0.49709,-0.62472
-0.41834,-0.52362,0.10825,-0.53604,-0.69297,-0.43924,-0.41156,-0.53562,-0.65295,-0.43188,-0.41133,-0.47270,-0.65194
-0.50333,-0.63041,0.12914,-0.68452,-0.87847,-0.62050,-0.48463,-0.62187,-0.73452,-0.49013,-0.46238,-0.62307,-0.70402
-0.61038,-0.71163,0.10499,-0.86157,-0.83012,-0.75558,-0.61761,-0.73089,-0.77594,-0.57902,-0.54545,-0.67679,-0.74330
-0.64160,-0.86827,0.11336,-1.06479,-1.00713,-0.86083,-0.80024,-0.88776,-0.92512,-0.88652,-0.68709,-0.75633,-0.80689
-0.65991,-0.85499,0.12240,-0.97457,-0.92275,-0.87332,-1.00759,-0.90897,-0.95926,-0.81023,-0.66922,-0.68812,-0.73589
-0.66621,-0.66838,0.06496,-0.70815,-0.69133,-0.65757,-0.66838,-0.79974,-0.69542,-0.55137,-0.62600,-0.62080,-0.66504
-0.70637,-0.68522,0.06743,-0.73674,-0.57039,-0.75600,-0.74956,-0.72124,-0.70281,-0.73881,-0.60287,-0.63744,-0.63630
-0.64964,-0.66400,0.08660,-0.73207,-0.62289,-0.50811,-0.66268,-0.74592,-0.71963,-0.79322,-0.56660,-0.65191,-0.63695
-0.57976,-0.64500,0.09923,-0.73487,-0.49869,-0.81186,-0.64219,-0.61024,-0.63575,-0.76744,-0.53754,-0.61922,-0.59218
-0.50003,-0.56177,0.07019,-0.54225,-0.43479,-0.54653,-0.59757,-0.54372,-0.57751,-0.71233,-0.51024,-0.57622,-0.57657
-0.41371,-0.47693,0.07898,-0.44474,-0.33331,-0.46003,-0.46923,-0.46952,-0.57498,-0.60301,-0.40717,-0.46995,-0.53739
-0.35256,-0.34587,0.08487,-0.42434,-0.22797,-0.36208,-0.34666,-0.25027,-0.37874,-0.42849,-0.29537,-0.26399,-0.48077
-0.22410,-0.17952,0.08261,-0.21134,-0.05427,-0.06988,-0.17253,-0.15408,-0.12601,-0.30665,-0.25001,-0.18137,-0.26902
-0.09586,-0.07693,0.08738,-0.11208,0.04907,-0.08044,0.06933,-0.11104,-0.03113,-0.08439,-0.22932,-0.11709,-0.12222
0.02574,-0.08459,0.08544,-0.18896,-0.05571,-0.17894,0.02603,-0.13891,0.03055,-0.01434,-0.16101,-0.13639,-0.02826
0.13617,0.15405,0.06992,0.04209,0.14455,0.23026,0.21009,0.20886,0.17449,0.18640,0.14409,0.02245,0.17725
0.21413,0.25100,0.09503,0.12380,0.35864,0.29592,0.30650,0.30698,0.22444,0.34762,0.26393,0.06727,0.21491
0.32920,0.36917,0.06771,0.22758,0.43793,0.36373,0.41201,0.32619,0.40694,0.40315,0.36003,0.30643,0.44772
0.42481,0.38018,0.08584,0.20896,0.47396,0.50973,0.43522,0.37145,0.35975,0.39081,0.33720,0.30785,0.40688
0.49531,0.50830,0.13458,0.22575,0.63648,0.62941,0.60588,0.43284,0.51543,0.51558,0.44363,0.41513,0.66288
0.49410,0.55981,0.14254,0.25417,0.70111,0.69117,0.70668,0.50131,0.60248,0.57017,0.44204,0.48900,0.63998
0.54719,0.47657,0.13620,0.26679,0.64982,0.71693,0.55587,0.48001,0.34524,0.49074,0.38513,0.43826,0.43696
0.57368,0.52312,0.15411,0.23356,0.69562,0.76380,0.63844,0.47426,0.53122,0.47171,0.44413,0.57663,0.40178
0.57059,0.44399,0.18231,0.15455,0.81526,0.35537,0.58091,0.45353,0.53726,0.31412,0.36037,0.52931,0.33917
0.53821,0.62205,0.21234,0.41823,1.10824,0.76871,0.66786,0.57832,0.62687,0.42427,0.39857,0.69586,0.53353
0.44639,0.42837,0.16042,0.23994,0.80829,0.42313,0.48834,0.46288,0.42039,0.30438,0.33328,0.50405,0.29899
0.39807,0.20347,0.10867,0.05247,0.18354,0.34978,0.26654,0.15544,0.18649,0.19807,0.28845,0.32935,0.02458
0.32821,0.17772,0.11022,0.00946,0.17372,0.21280,0.22389,0.13296,0.18792,0.10402,0.30246,0.37589,0.05412
0.23853,0.10951,0.06038,0.06880,0.09678,0.14023,0.10662,0.06546,0.17831,0.07754,0.20163,0.15765,0.00208
0.13153,0.11945,0.07411,0.09946,0.18741,0.17703,0.06834,0.04953,0.16416,-0.01899,0.19457,0.19220,0.08080
-0.01009,-0.17106,0.11241,-0.09606,-0.18033,0.01649,-0.17776,-0.15214,-0.35158,-0.36049,-0.12181,-0.14123,-0.14566
-0.10528,-0.13745,0.07783,-0.10406,-0.10183,-0.06890,-0.07458,-0.14304,-0.18169,-0.32785,-0.07123,-0.16657,-0.13479
-0.20629,-0.34346,0.11454,-0.38553,-0.32556,-0.21235,-0.33430,-0.21892,-0.48329,-0.46996,-0.22334,-0.27079,-0.51059
-0.30982,-0.37346,0.12672,-0.26308,-0.32402,-0.30793,-0.37272,-0.23928,-0.57312,-0.46488,-0.29010,-0.30694,-0.59253
-0.45645,-0.47228,0.10706,-0.39779,-0.36807,-0.44358,-0.52477,-0.38173,-0.62489,-0.52746,-0.33968,-0.46647,-0.64838
-0.51935,-0.55619,0.09595,-0.42782,-0.63016,-0.57130,-0.59111,-0.47700,-0.64111,-0.63664,-0.39052,-0.53284,-0.66345
-0.57356,-0.73188,0.09165,-0.67725,-0.89416,-0.71619,-0.68433,-0.63288,-0.78909,-0.83852,-0.67348,-0.62092,-0.79196
-0.61767,-0.72912,0.08090,-0.64713,-0.92500,-0.74442,-0.75820,-0.68748,-0.72570,-0.69192,-0.67367,-0.66261,-0.77504
-0.65067,-0.86936,0.07690,-0.85837,-1.03034,-0.86230,-0.89668,-0.83603,-0.90057,-0.93455,-0.77947,-0.76859,-0.82673
-0.69244,-0.92467,0.10052,-1.03396,-1.10207,-0.90712,-0.89479,-0.93820,-0.93937,-0.90264,-0.78753,-0.76861,-0.97245
-0.66207,-0.90483,0.07954,-0.96458,-0.87443,-0.94392,-0.90604,-0.86783,-0.99610,-0.92115,-0.78742,-0.77741,-1.00938
-0.61787,-0.77698,0.06960,-0.81812,-0.73862,-0.84756,-0.78324,-0.71739,-0.84299,-0.83437,-0.65421,-0.69985,-0.83340
-0.56235,-0.62538,0.06198,-0.55892,-0.60150,-0.57412,-0.68753,-0.57785,-0.68984,-0.70665,-0.56365,-0.59520,-0.69854
-0.53254,-0.65268,0.07903,-0.65695,-0.69183,-0.76708,-0.58161,-0.51620,-0.72325,-0.64420,-0.56394,-0.65878,-0.72294
-0.42071,-0.45795,0.09072,-0.53759,-0.25701,-0.54260,-0.36889,-0.42708,-0.54538,-0.47384,-0.48147,-0.43818,-0.50751
-0.30337,-0.36786,0.09714,-0.46661,-0.24803,-0.45576,-0.28927,-0.26033,-0.48317,-0.35149,-0.29600,-0.33535,-0.49260
-0.18689,-0.21252,0.04992,-0.30222,-0.18614,-0.16212,-0.17284,-0.15585,-0.28304,-0.21789,-0.23272,-0.18532,-0.22710
-0.07376,-0.11588,0.10798,-0.29503,-0.18844,-0.01946,-0.23077,-0.03310,0.01060,-0.09862,-0.19066,-0.12501,0.01163
0.01319,0.05265,0.08669,-0.05140,0.13886,0.11223,-0.02317,0.17450,0.12826,0.01727,-0.02050,-0.05031,0.10072
0.14554,0.19635,0.08319,0.03179,0.22124,0.26561,0.25371,0.32845,0.17508,0.21291,0.19665,0.10950,0.16857
0.26188,0.25818,0.11182,0.05283,0.30457,0.30057,0.45741,0.35715,0.21813,0.28233,0.25998,0.15561,0.19322
0.35881,0.39274,0.11317,0.14948,0.42608,0.41267,0.60127,0.44227,0.40777,0.41192,0.32195,0.41263,0.34132
0.39007,0.38569,0.11779,0.17972,0.52969,0.48334,0.49977,0.40421,0.28487,0.45439,0.35699,0.42505,0.23882
0.47643,0.59664,0.14070,0.34143,0.70090,0.80200,0.75399,0.51826,0.53071,0.54154,0.47292,0.64224,0.66238
0.53594,0.57532,0.20216,0.34445,0.65250,0.82628,0.96616,0.55447,0.45045,0.56103,0.39530,0.63015,0.37237
0.56617,0.58961,0.13293,0.48036,0.71119,0.63825,0.84955,0.50092,0.47014,0.51724,0.42932,0.68223,0.61685
0.56588,0.42311,0.19070,0.18815,0.70528,0.40079,0.60927,0.46809,0.22514,0.47599,0.35773,0.63270,0.16794
0.53543,0.45392,0.14706,0.24544,0.65092,0.51589,0.57712,0.48533,0.26477,0.37491,0.36361,0.65396,0.40725
0.47670,0.35088,0.16590,0.10664,0.52855,0.38127,0.33619,0.39612,0.18109,0.34766,0.33456,0.67767,0.21900
0.39164,0.25324,0.16279,0.03199,0.52202,0.31643,0.27771,0.15950,0.16841,0.15793,0.32662,0.48605,0.08569
0.28359,0.13802,0.14543,0.00081,0.44030,0.29388,0.08749,0.06617,-0.00116,0.02807,0.20408,0.20835,0.05220
0.15747,0.08462,0.11017,-0.03032,0.14945,0.20918,0.03412,0.09885,-0.06722,-0.01908,0.27411,0.14011,0.05706
0.01732,-0.01241,0.10510,-0.04204,0.10092,0.14459,-0.00099,-0.12299,-0.08807,-0.10058,0.14778,-0.07839,-0.08429
-0.13371,-0.24715,0.09823,-0.13103,-0.16911,-0.14621,-0.28498,-0.23945,-0.42905,-0.38119,-0.18552,-0.23403,-0.27090
-0.29042,-0.34300,0.09517,-0.19416,-0.29107,-0.27761,-0.44449,-0.29757,-0.45151,-0.44282,-0.29893,-0.27846,-0.45336
-0.44605,-0.45674,0.09551,-0.25141,-0.39628,-0.45835,-0.47916,-0.42872,-0.50082,-0.58675,-0.39548,-0.54163,-0.52882
-0.59579,-0.60717,0.09276,-0.36892,-0.62930,-0.66423,-0.57381,-0.64049,-0.67734,-0.68290,-0.56005,-0.63987,-0.63476
-0.73614,-0.74495,0.09515,-0.55702,-0.74034,-0.89099,-0.68089,-0.80006,-0.82124,-0.75151,-0.65458,-0.74756,-0.80530
-0.86140,-0.89117,0.10001,-0.75633,-0.86626,-0.97706,-0.89587,-0.85587,-1.07899,-0.82490,-0.86001,-0.79372,-1.00268
-0.96529,-0.92229,0.11483,-0.81176,-0.85251,-1.08845,-0.95610,-0.84582,-1.13923,-0.88192,-0.86224,-0.81210,-0.97280
-1.04464,-0.98267,0.11567,-0.87485,-0.92129,-1.18286,-0.99413,-0.92340,-1.16633,-0.97118,-0.91547,-0.84100,-1.03615
-1.09783,-0.98227,0.13120,-0.87558,-0.93359,-1.28356,-0.98641,-0.90432,-1.11673,-0.93586,-0.89147,-0.86570,-1.02950
-1.12264,-0.95287,0.11884,-0.80082,-0.93778,-1.17593,-0.93482,-0.85330,-1.10488,-0.93820,-0.88398,-0.86097,-1.03804
-1.11804,-1.00140,0.16737,-0.78406,-0.95248,-1.37787,-0.99554,-0.95386,-1.05025,-0.95056,-0.79647,-1.08711,-1.06577
-1.08504,-1.01919,0.14687,-0.81888,-1.01722,-1.33331,-0.96319,-1.01180,-1.06278,-0.98318,-0.82260,-1.07489,-1.10408
-1.02540,-0.92416,0.11273,-0.75202,-0.92141,-1.07799,-0.86006,-1.03517,-0.94346,-0.84355,-0.78587,-1.05312,-0.96892
-0.94103,-0.66644,0.12547,-0.55421,-0.66793,-0.81261,-0.65367,-0.73122,-0.68423,-0.62366,-0.40511,-0.84693,-0.68487
-0.83605,-0.45934,0.11406,-0.35470,-0.39589,-0.59112,-0.51280,-0.36972,-0.48532,-0.58719,-0.24293,-0.50589,-0.54784
-0.71408,-0.37206,0.12019,-0.24141,-0.31916,-0.61793,-0.42947,-0.34064,-0.33902,-0.52595,-0.25388,-0.36205,-0.29108
-0.57796,-0.42030,0.09063,-0.40083,-0.32061,-0.51549,-0.35533,-0.46851,-0.45398,-0.53149,-0.24497,-0.48071,-0.43111
-0.34060,-0.33914,0.13031,-0.21947,-0.35243,-0.48812,-0.35668,-0.45292,-0.17524,-0.56186,-0.19951,-0.25672,-0.32849
-0.30968,-0.06230,0.12629,-0.04897,-0.15958,-0.04695,-0.07124,-0.13476,0.17982,-0.30390,-0.02392,-0.04981,0.03627
-0.28169,0.10211,0.09198,0.04544,0.00416,0.16175,0.07482,0.04654,0.22369,-0.03117,0.25256,0.12350,0.11985
-0.25424,0.00698,0.08933,-0.01114,-0.06488,0.04978,0.02904,-0.06674,0.12765,-0.14882,0.13207,-0.03363,0.05645
-0.22822,-0.16891,0.09936,-0.11101,-0.20978,-0.17066,-0.14904,-0.16575,-0.23371,-0.37556,0.01703,-0.16579,-0.12484
-0.15987,-0.26381,0.11664,-0.11215,-0.25944,-0.17194,-0.18536,-0.21115,-0.49371,-0.41748,-0.23582,-0.22790,-0.32311
-0.25910,-0.36601,0.10118,-0.25455,-0.43346,-0.36107,-0.29706,-0.22865,-0.49718,-0.41614,-0.25345,-0.42982,-0.48869
-0.36168,-0.25929,0.10117,-0.09361,-0.35172,-0.18722,-0.18576,-0.23072,-0.43853,-0.34908,-0.20616,-0.25068,-0.29946
-0.46278,-0.28950,0.08388,-0.13963,-0.31941,-0.24532,-0.35854,-0.28537,-0.45782,-0.28585,-0.22622,-0.30938,-0.26746
-0.42849,-0.62675,0.08105,-0.54286,-0.66650,-0.70339,-0.51624,-0.69842,-0.75435,-0.63321,-0.52758,-0.59363,-0.63133
-0.62931,-0.86788,0.11547,-0.94157,-0.94488,-0.95018,-0.74104,-0.79542,-0.98139,-1.04245,-0.74751,-0.73247,-0.80189
-0.82117,-0.96163,0.11324,-1.07110,-0.98644,-1.03603,-0.94730,-0.86574,-1.08801,-1.07733,-0.79477,-0.78650,-0.96308
-0.99782,-0.95165,0.15432,-1.02323,-0.96285,-1.07747,-1.24809,-0.93501,-0.83950,-1.06057,-0.75325,-0.79892,-0.81758
-1.15150,-1.10863,0.15761,-1.27461,-1.20944,-1.11793,-1.37885,-1.12435,-0.94813,-1.17891,-0.97233,-0.88204,-0.99969
-1.11168,-1.24072,0.16918,-1.33558,-1.38273,-1.26133,-1.41480,-1.29489,-0.96842,-1.45147,-1.04582,-1.20337,-1.04881
-1.31178,-1.45307,0.13892,-1.51567,-1.64725,-1.50996,-1.43909,-1.53757,-1.35097,-1.56364,-1.29000,-1.48974,-1.18681
-1.48520,-1.42435,0.16420,-1.44606,-1.64328,-1.50363,-1.41832,-1.55329,-1.33783,-1.48825,-1.21970,-1.53409,-1.09908
-1.62147,-1.54366,0.16867,-1.60907,-1.72555,-1.63752,-1.47481,-1.77443,-1.43123,-1.59886,-1.33319,-1.60509,-1.24682
-1.72412,-1.62029,0.12613,-1.59797,-1.80156,-1.59990,-1.52311,-1.79183,-1.61999,-1.72310,-1.50877,-1.63393,-1.40270
-1.79346,-1.74725,0.08679,-1.77239,-1.86795,-1.78010,-1.65652,-1.79799,-1.78477,-1.82597,-1.72465,-1.68408,-1.57811
-1.71385,-1.75601,0.11454,-1.80713,-1.89757,-1.81498,-1.67671,-1.85806,-1.80166,-1.83578,-1.62497,-1.70382,-1.53943
-1.83090,-1.90369,0.16883,-2.11734,-2.06520,-1.94140,-1.68619,-2.15944,-1.91788,-1.87075,-1.76941,-1.81353,-1.69579
-1.91524,-1.74797,0.17702,-1.70466,-1.90880,-1.92384,-1.62942,-1.96368,-1.79193,-1.83041,-1.62566,-1.72556,-1.37572
-1.96660,-1.73381,0.15153,-1.62409,-1.88466,-1.81481,-1.61271,-2.01797,-1.75274,-1.77848,-1.69852,-1.66959,-1.48451
-1.98486,-1.73303,0.16365,-1.59452,-1.86687,-1.76594,-1.58225,-2.05338,-1.79856,-1.80826,-1.67729,-1.70215,-1.48108
-1.77629,-1.80574,0.19852,-1.60214,-1.93532,-1.81272,-1.71973,-2.23692,-1.82138,-1.94678,-1.72779,-1.70848,-1.54613
-1.84348,-1.86517,0.18295,-1.78272,-1.95212,-1.91549,-1.58116,-2.24800,-1.86058,-1.87596,-1.92507,-1.63436,-1.87630
-1.87803,-1.78576,0.15218,-1.71170,-1.79813,-1.86098,-1.45987,-1.97390,-1.95698,-1.80876,-1.87554,-1.65660,-1.75519
-1.87990,-1.63788,0.13728,-1.46995,-1.66700,-1.68484,-1.42815,-1.79129,-1.83001,-1.65478,-1.72332,-1.47633,-1.65311
-1.84927,-1.57525,0.13800,-1.35366,-1.61044,-1.57871,-1.40505,-1.67692,-1.82114,-1.52435,-1.63256,-1.48711,-1.66259
-1.78646,-1.56128,0.16931,-1.34524,-1.52171,-1.64962,-1.37705,-1.53054,-1.82916,-1.45631,-1.83058,-1.46381,-1.60875
-1.53615,-1.55112,0.13573,-1.51339,-1.55268,-1.61755,-1.35471,-1.50505,-1.76730,-1.45679,-1.72487,-1.38704,-1.63183
-1.52275,-1.36078,0.15725,-1.38734,-1.29725,-1.53120,-1.29733,-1.13840,-1.64596,-1.34528,-1.50259,-1.23448,-1.22793
-1.47734,-1.23626,0.10748,-1.34385,-1.22364,-1.36276,-1.11710,-1.09016,-1.32738,-1.10721,-1.32492,-1.17016,-1.29540
-1.40032,-0.97788,0.10718,-1.05682,-1.05755,-1.18431,-0.93924,-0.82019,-1.04618,-0.88027,-0.91905,-0.91593,-0.95929
-1.29224,-0.97236,0.12332,-0.88741,-1.06261,-1.20126,-0.93645,-0.85504,-1.09740,-0.89294,-0.83711,-0.89363,-1.05972
-1.15389,-0.93781,0.13484,-0.90410,-1.18021,-1.06307,-0.88735,-0.79278,-0.97859,-0.84048,-0.74819,-0.91556,-1.06779
-0.88076,-0.76347,0.13913,-0.67819,-0.98532,-0.69276,-0.67209,-0.83479,-0.91685,-0.54763,-0.66464,-0.74137,-0.90103
-0.80717,-0.60049,0.11771,-0.77250,-0.57770,-0.53766,-0.50101,-0.72025,-0.71616,-0.48261,-0.42060,-0.59390,-0.68251
-0.72224,-0.39977,0.10988,-0.48403,-0.27020,-0.29652,-0.36360,-0.50299,-0.49708,-0.47506,-0.28648,-0.28063,-0.54112
-0.62468,-0.38513,0.13404,-0.48462,-0.26974,-0.17053,-0.39782,-0.40063,-0.58142,-0.46958,-0.31334,-0.23827,-0.52531
-0.51565,-0.33315,0.11279,-0.33972,-0.26634,-0.16440,-0.29534,-0.33728,-0.51551,-0.39808,-0.27849,-0.23187,-0.50446
-0.28266,-0.37544,0.12470,-0.39746,-0.29045,-0.12176,-0.46253,-0.42399,-0.51210,-0.43089,-0.31306,-0.27658,-0.52556
-0.28230,-0.35863,0.11159,-0.45765,-0.25710,-0.17514,-0.42877,-0.42688,-0.48375,-0.40465,-0.28967,-0.22022,-0.44250
-0.28593,-0.30096,0.11328,-0.27203,-0.27620,-0.06144,-0.41038,-0.29223,-0.45841,-0.34482,-0.27912,-0.21434,-0.40063
-0.29012,-0.35329,0.13254,-0.42852,-0.31957,-0.07283,-0.42753,-0.37317,-0.50175,-0.41075,-0.28671,-0.22011,-0.49195
-0.29465,-0.31033,0.12683,-0.22762,-0.28035,-0.06250,-0.44029,-0.29237,-0.46195,-0.35258,-0.28529,-0.22802,-0.47228
-0.29932,-0.35889,0.13507,-0.26836,-0.30896,-0.10836,-0.47544,-0.38920,-0.52251,-0.42347,-0.28526,-0.26978,-0.53756
-0.30397,-0.37908,0.12055,-0.46628,-0.31372,-0.12971,-0.42485,-0.40487,-0.47711,-0.43782,-0.32419,-0.27114,-0.54108
-0.30854,-0.37933,0.13909,-0.57945,-0.30293,-0.12537,-0.37385,-0.39891,-0.48457,-0.39361,-0.31867,-0.25518,-0.56082
-0.31285,-0.34462,0.10024,-0.41484,-0.27539,-0.15648,-0.41279,-0.33463,-0.39181,-0.42051,-0.30580,-0.24438,-0.48959
-0.31673,-0.46694,0.16186,-0.63038,-0.34333,-0.22057,-0.47983,-0.46338,-0.70701,-0.50070,-0.32883,-0.33462,-0.66073
-0.32004,-0.42093,0.16266,-0.56047,-0.33880,-0.21511,-0.43302,-0.30163,-0.65500,-0.48531,-0.30363,-0.25853,-0.65779
-0.32271,-0.30238,0.13298,-0.23248,-0.24682,-0.08333,-0.33920,-0.26505,-0.48367,-0.37985,-0.25620,-0.20940,-0.52776
-0.32459,-0.38650,0.13504,-0.42316,-0.37785,-0.15495,-0.47595,-0.37719,-0.50601,-0.42568,-0.30685,-0.21139,-0.60596
-0.32559,-0.33706,0.12913,-0.33032,-0.27496,-0.10209,-0.40729,-0.32452,-0.45786,-0.39992,-0.31429,-0.20195,-0.55740
-0.32570,-0.35530,0.12747,-0.36761,-0.34062,-0.10382,-0.45601,-0.29470,-0.49068,-0.40116,-0.32282,-0.23743,-0.53818
-0.32490,-0.33063,0.15717,-0.16005,-0.16495,-0.16009,-0.54512,-0.45410,-0.40995,-0.34192,-0.29280,-0.21423,-0.56312
-0.32321,-0.34773,0.12022,-0.34568,-0.21668,-0.18537,-0.48628,-0.36097,-0.47318,-0.40357,-0.28429,-0.21243,-0.50888
-0.32067,-0.43668,0.14287,-0.56078,-0.32021,-0.22488,-0.53877,-0.49820,-0.57528,-0.46460,-0.28881,-0.28394,-0.61128
-0.31734,-0.36355,0.12864,-0.39368,-0.38211,-0.14798,-0.49320,-0.29357,-0.51550,-0.37652,-0.28091,-0.21930,-0.53271
-0.31337,-0.39909,0.13598,-0.51439,-0.34462,-0.19057,-0.50495,-0.40156,-0.55145,-0.40664,-0.28733,-0.22197,-0.56739
-0.30889,-0.36110,0.11556,-0.43757,-0.33616,-0.15081,-0.40931,-0.39066,-0.50729,-0.41189,-0.27247,-0.21682,-0.47800
-0.30400,-0.36969,0.13453,-0.40765,-0.31389,-0.12788,-0.41901,-0.41208,-0.55407,-0.40667,-0.29306,-0.21676,-0.54579
-0.29886,-0.30570,0.12670,-0.16477,-0.24444,-0.10982,-0.39490,-0.35508,-0.49424,-0.36832,-0.25747,-0.21415,-0.45376
-0.29371,-0.33975,0.09486,-0.30095,-0.30951,-0.19514,-0.45885,-0.33557,-0.46029,-0.41220,-0.27952,-0.22407,-0.42138
-0.28882,-0.31223,0.11490,-0.19878,-0.23536,-0.14780,-0.45678,-0.32613,-0.47330,-0.39893,-0.28100,-0.20916,-0.39503
-0.28433,-0.27102,0.12470,-0.08063,-0.25055,-0.10392,-0.38534,-0.28138,-0.47693,-0.37892,-0.25100,-0.19192,-0.30962
-0.28037,-0.24258,0.10714,-0.05979,-0.23984,-0.12064,-0.40616,-0.25927,-0.32026,-0.37535,-0.24774,-0.18462,-0.21208
-0.27708,-0.26739,0.11927,-0.09118,-0.29671,-0.07842,-0.38635,-0.29249,-0.43216,-0.37378,-0.25497,-0.18506,-0.28276
-0.27463,-0.23935,0.10134,-0.07832,-0.23969,-0.11636,-0.32958,-0.26463,-0.37816,-0.37185,-0.24304,-0.18179,-0.19004
-0.27311,-0.27010,0.07687,-0.23885,-0.22107,-0.12617,-0.37611,-0.27516,-0.35490,-0.35309,-0.27564,-0.20922,-0.27078
-0.27254,-0.27468,0.10252,-0.13537,-0.30312,-0.09570,-0.39172,-0.29667,-0.41063,-0.35008,-0.25747,-0.21588,-0.29022
-0.27296,-0.35005,0.11753,-0.26573,-0.30321,-0.14352,-0.50291,-0.30721,-0.50348,-0.42718,-0.30115,-0.28868,-0.45739
-0.27436,-0.33100,0.15419,-0.09108,-0.37161,-0.14131,-0.51135,-0.30525,-0.53724,-0.45772,-0.25322,-0.21876,-0.42245
-0.27669,-0.31318,0.14631,-0.11366,-0.26281,-0.08244,-0.47665,-0.38656,-0.52199,-0.39285,-0.28072,-0.22375,-0.39033
-0.27989,-0.40795,0.15237,-0.35201,-0.27567,-0.13917,-0.53107,-0.52769,-0.59244,-0.49634,-0.35693,-0.25896,-0.54918
-0.28384,-0.38370,0.16027,-0.29864,-0.22476,-0.11185,-0.45945,-0.50524,-0.58898,-0.52141,-0.34639,-0.24580,-0.53451
-0.28837,-0.38103,0.15343,-0.32289,-0.23057,-0.10143,-0.51379,-0.43375,-0.57560,-0.42400,-0.38311,-0.26165,-0.56351
-0.29330,-0.39350,0.16817,-0.30204,-0.17360,-0.13452,-0.55961,-0.54802,-0.50369,-0.51870,-0.36510,-0.25717,-0.57256
-0.29853,-0.41341,0.14082,-0.44830,-0.24108,-0.16873,-0.52355,-0.51462,-0.58428,-0.38627,-0.37073,-0.32350,-0.57300
-0.30378,-0.40787,0.13168,-0.34148,-0.20847,-0.24667,-0.53352,-0.54723,-0.52658,-0.43215,-0.34170,-0.33213,-0.56878
-0.30887,-0.39616,0.13933,-0.24924,-0.25456,-0.24288,-0.54898,-0.51923,-0.52735,-0.42831,-0.32670,-0.28149,-0.58289
-0.31367,-0.47381,0.11508,-0.47130,-0.26054,-0.41758,-0.54974,-0.56535,-0.61524,-0.53163,-0.34172,-0.40621,-0.57879
-0.31799,-0.36844,0.10106,-0.23938,-0.22744,-0.41388,-0.47098,-0.45291,-0.48355,-0.47422,-0.31169,-0.30582,-0.30450
-0.32165,-0.33687,0.11150,-0.16132,-0.21216,-0.32026,-0.41269,-0.48710,-0.45551,-0.42230,-0.27817,-0.23672,-0.38249
-0.32448,-0.28414,0.08211,-0.19071,-0.21041,-0.23591,-0.39942,-0.32210,-0.30427,-0.43666,-0.21386,-0.25937,-0.26867
-0.32642,-0.10148,0.07731,-0.06700,-0.08929,-0.02462,-0.14288,-0.11732,-0.08894,-0.26402,-0.03527,-0.17482,-0.01067
-0.32739,-0.13603,0.07894,-0.06757,-0.08853,-0.15274,-0.14698,-0.19384,-0.19453,-0.27974,-0.02992,-0.16613,-0.04029
-0.32730,-0.16597,0.09477,-0.04272,-0.13297,-0.24063,-0.23103,-0.19236,-0.13243,-0.34374,-0.03445,-0.19806,-0.11129
-0.32617,-0.27509,0.12254,-0.04444,-0.17440,-0.30846,-0.37343,-0.21504,-0.43057,-0.39159,-0.18424,-0.24982,-0.37886
-0.26159,-0.37868,0.16491,-0.09884,-0.23763,-0.39014,-0.47863,-0.27148,-0.60086,-0.41018,-0.28142,-0.38375,-0.63384
-0.34791,-0.38391,0.14756,-0.13845,-0.32827,-0.28663,-0.43970,-0.29527,-0.57211,-0.46838,-0.25838,-0.44376,-0.60818
-0.43597,-0.33734,0.10031,-0.18514,-0.30953,-0.33454,-0.37334,-0.27192,-0.37690,-0.50712,-0.22328,-0.32228,-0.46933
-0.51872,-0.43346,0.12291,-0.31987,-0.44136,-0.33822,-0.48980,-0.33482,-0.46558,-0.65970,-0.26660,-0.44063,-0.57806
-0.48311,-0.55564,0.09347,-0.34800,-0.56874,-0.54059,-0.56340,-0.61754,-0.51996,-0.67878,-0.47698,-0.61966,-0.62273
-0.63516,-0.70624,0.07337,-0.66609,-0.63919,-0.86560,-0.61611,-0.74538,-0.73871,-0.74719,-0.63890,-0.70341,-0.70184
-0.78000,-0.78487,0.07141,-0.79976,-0.76936,-0.93978,-0.70129,-0.81235,-0.82677,-0.81097,-0.75409,-0.74104,-0.69332
-0.90576,-0.81487,0.07601,-0.81948,-0.80942,-0.94387,-0.77474,-0.82400,-0.82160,-0.91371,-0.80951,-0.76253,-0.66986
-1.00749,-0.84094,0.13027,-0.62358,-0.89419,-0.90909,-0.91841,-0.83998,-0.90191,-0.95731,-0.92869,-0.85393,-0.58232
-0.99264,-1.01483,0.10283,-0.93987,-1.09549,-1.06895,-1.09678,-0.91969,-1.18406,-1.06072,-1.00917,-0.86706,-0.90649
-1.12803,-1.08418,0.10500,-1.02639,-1.09252,-1.09906,-1.12484,-1.01337,-1.34318,-1.09754,-1.02356,-0.95070,-1.07069
-1.23440,-1.10811,0.09725,-1.08650,-1.10928,-1.12122,-1.11374,-1.03454,-1.35335,-1.15474,-1.04231,-1.01019,-1.05520
-1.30509,-1.05266,0.07472,-0.97406,-1.08325,-1.10771,-1.11760,-0.97110,-1.19610,-1.06803,-0.98854,-0.99146,-1.02880
-1.33939,-1.06193,0.10206,-0.98725,-1.04546,-1.16818,-1.13645,-0.92155,-1.25116,-1.10457,-1.03996,-0.99934,-0.96534
-1.25270,-1.24221,0.18299,-1.18887,-1.09290,-1.45105,-1.14291,-1.16163,-1.66261,-1.21168,-1.08409,-1.13604,-1.29027
-1.30290,-1.15307,0.16461,-1.12931,-1.05286,-1.34585,-1.06463,-1.05372,-1.54329,-1.12685,-1.06359,-1.02358,-1.12701
-1.31986,-1.07093,0.12908,-1.06490,-1.01767,-1.25285,-0.96662,-0.96320,-1.34471,-1.06684,-1.02219,-0.95276,-1.05760
-1.30048,-1.03616,0.12053,-1.00436,-0.95583,-1.23905,-0.95464,-0.93967,-1.24371,-0.93619,-1.04168,-0.94349,-1.10301
-1.24611,-1.03944,0.12405,-0.95000,-0.98790,-1.24197,-0.97187,-0.97591,-1.21672,-0.89978,-0.93196,-1.05423,-1.16402
-1.08029,-0.94804,0.14190,-0.86116,-0.93166,-1.28519,-0.89802,-0.90955,-1.01289,-0.82528,-0.77269,-0.96147,-1.02248
-1.05263,-0.82728,0.14942,-0.75405,-0.85763,-1.18734,-0.72048,-0.83903,-0.85298,-0.69907,-0.64397,-0.87817,-0.84009
-1.00107,-0.68497,0.13221,-0.63556,-0.73041,-0.95784,-0.56159,-0.59758,-0.72198,-0.60816,-0.50659,-0.80734,-0.72264
-0.92453,-0.68313,0.14566,-0.67303,-0.63780,-0.96928,-0.56405,-0.55354,-0.77344,-0.57877,-0.49963,-0.79220,-0.78951
-0.82705,-0.64104,0.11571,-0.64917,-0.56172,-0.83112,-0.52660,-0.57730,-0.76999,-0.50191,-0.53966,-0.72752,-0.72540
-0.64475,-0.56021,0.09299,-0.69626,-0.51631,-0.56858,-0.49089,-0.57815,-0.63701,-0.48397,-0.38165,-0.61254,-0.63678
-0.60040,-0.29599,0.07293,-0.16495,-0.27611,-0.25505,-0.25223,-0.28555,-0.41517,-0.29694,-0.31793,-0.29093,-0.40504
-0.54757,-0.27206,0.06909,-0.18809,-0.19070,-0.29819,-0.22241,-0.25370,-0.39693,-0.24380,-0.28927,-0.27002,-0.36751
-0.48678,-0.22362,0.07852,-0.15067,-0.16918,-0.12583,-0.15292,-0.21995,-0.37141,-0.21195,-0.25348,-0.26989,-0.31092
-0.41960,-0.18635,0.06661,-0.15976,-0.10649,-0.11060,-0.11443,-0.19592,-0.27726,-0.15790,-0.22295,-0.23850,-0.27966
-0.31138,-0.16306,0.06791,-0.24375,-0.10485,-0.06408,-0.08752,-0.13416,-0.27525,-0.15004,-0.17651,-0.19849,-0.19594
-0.32409,-0.00499,0.07856,-0.07688,0.12368,0.03904,0.02728,-0.04497,0.01645,0.04757,-0.06751,-0.14850,0.03398
-0.33795,-0.08754,0.06971,-0.05201,0.02619,-0.01661,-0.01291,-0.13541,-0.11907,-0.14463,-0.10470,-0.19079,-0.12548
-0.35065,-0.17592,0.07779,-0.08736,-0.06297,-0.11483,-0.10427,-0.18034,-0.28702,-0.23778,-0.21887,-0.21756,-0.24824
-0.28185,-0.27974,0.09439,-0.17800,-0.19785,-0.28655,-0.20223,-0.18300,-0.40495,-0.41575,-0.27948,-0.25595,-0.39367
-0.37873,-0.36978,0.10175,-0.27714,-0.27358,-0.36075,-0.35006,-0.24015,-0.47859,-0.43684,-0.30291,-0.42225,-0.55554
-0.47581,-0.44185,0.12200,-0.37593,-0.31859,-0.40016,-0.45442,-0.29432,-0.57578,-0.48275,-0.30818,-0.58725,-0.62113
-0.56606,-0.53655,0.10174,-0.42801,-0.62750,-0.47120,-0.49998,-0.51225,-0.69426,-0.53370,-0.36590,-0.60731,-0.62543
-0.64598,-0.62691,0.10576,-0.50688,-0.72724,-0.74451,-0.55481,-0.58648,-0.77745,-0.56747,-0.46734,-0.68297,-0.65393
-0.71425,-0.76777,0.11424,-0.70710,-0.92777,-0.90021,-0.67363,-0.68637,-0.91856,-0.67417,-0.61867,-0.76586,-0.80532
-0.76718,-0.77544,0.11201,-0.79727,-0.93089,-0.85730,-0.69442,-0.67156,-0.91846,-0.69972,-0.58629,-0.77556,-0.82295
-0.80187,-0.78634,0.12800,-0.77974,-0.94304,-0.83917,-0.69141,-0.75525,-0.94760,-0.64118,-0.56291,-0.80364,-0.89946
-0.81753,-0.80454,0.13314,-0.77745,-0.95238,-0.95432,-0.64154,-0.73542,-0.94813,-0.68131,-0.61427,-0.83474,-0.90582
-0.81410,-0.81247,0.14027,-0.84700,-0.94887,-0.90756,-0.65045,-0.76384,-1.00990,-0.63756,-0.61903,-0.81575,-0.92480
-0.79146,-0.78173,0.12250,-0.93335,-0.86179,-0.83484,-0.67764,-0.69698,-0.92662,-0.64397,-0.59096,-0.77756,-0.87358
-0.75049,-0.67681,0.09218,-0.77779,-0.67570,-0.71810,-0.59997,-0.69079,-0.75983,-0.59396,-0.49587,-0.67012,-0.78601
-0.69243,-0.63227,0.08846,-0.77098,-0.59797,-0.59177,-0.63942,-0.67377,-0.71563,-0.59753,-0.44783,-0.59838,-0.68943
-0.61927,-0.53889,0.08610,-0.60199,-0.55248,-0.38753,-0.56026,-0.55069,-0.56306,-0.52664,-0.43544,-0.50857,-0.70227
-0.53363,-0.40463,0.10278,-0.24807,-0.38814,-0.25741,-0.42905,-0.45568,-0.49225,-0.42464,-0.39354,-0.36421,-0.59327
-0.43917,-0.37038,0.08932,-0.32159,-0.29480,-0.25875,-0.38561,-0.32371,-0.50049,-0.44308,-0.35885,-0.29988,-0.51708
-0.33934,-0.36266,0.10425,-0.35288,-0.29652,-0.22259,-0.32689,-0.31997,-0.52908,-0.38533,-0.36712,-0.27656,-0.54968
-0.23678,-0.20902,0.09226,-0.20489,-0.10838,-0.02898,-0.26679,-0.25371,-0.33227,-0.16220,-0.26011,-0.17636,-0.29647
-0.13597,-0.08827,0.08069,-0.07808,-0.04422,0.06852,-0.12344,-0.11476,-0.12084,0.00181,-0.22342,-0.12077,-0.12751
-0.04089,-0.02299,0.11169,-0.10651,0.20032,0.09950,-0.05329,0.00901,0.01193,-0.06826,-0.17975,-0.01687,-0.12594
0.04490,0.02917,0.08326,0.08426,0.08256,0.15495,0.08635,0.02490,0.03158,0.06467,-0.08464,-0.09734,-0.05557
0.11873,0.04594,0.16014,0.04230,-0.03998,0.29065,0.10896,0.24021,-0.07437,0.08691,-0.12388,0.14246,-0.21387
0.17686,0.06882,0.16092,0.04621,-0.01217,0.28467,0.10824,0.15027,-0.03884,0.13453,-0.00605,0.27799,-0.25667
0.21680,0.20449,0.11503,0.13449,0.33985,0.28809,0.17508,0.21270,0.09113,0.21286,0.25372,0.35560,-0.01858
0.23750,0.27099,0.10453,0.11157,0.44853,0.32231,0.26117,0.28419,0.21961,0.21046,0.31483,0.39164,0.14561
0.23798,0.27075,0.10528,0.16369,0.29180,0.37666,0.25176,0.15612,0.19538,0.38928,0.32331,0.42201,0.13750
0.21801,0.16575,0.07980,0.08220,0.14430,0.23642,0.08856,0.15278,0.16741,0.21846,0.24212,0.28535,0.03993
0.17846,0.05314,0.06607,-0.03948,-0.01012,0.10043,0.04641,0.00882,0.11325,0.00242,0.17721,0.08269,0.04972
0.12055,0.02871,0.03347,-0.04149,-0.00358,0.02826,0.04082,0.03081,0.04916,0.01481,0.06803,0.02912,0.07116
0.04632,0.00963,0.05545,-0.03675,0.03481,0.08333,0.03559,-0.05017,0.00424,0.07038,-0.06396,-0.04568,0.06449
-0.04156,-0.07489,0.06457,-0.07976,-0.04929,0.00207,-0.01184,-0.12594,-0.18130,-0.01797,-0.12156,-0.14291,-0.02038
-0.14000,-0.11972,0.05824,-0.08461,-0.08222,-0.07135,-0.06373,-0.18107,-0.19353,-0.06023,-0.15561,-0.20825,-0.09660
-0.24552,-0.32255,0.10468,-0.24194,-0.21492,-0.26769,-0.31844,-0.21702,-0.50191,-0.36574,-0.32984,-0.27276,-0.49522
-0.35438,-0.41485,0.10993,-0.31259,-0.33928,-0.43507,-0.40632,-0.26386,-0.57821,-0.40535,-0.32892,-0.49418,-0.58473
-0.46170,-0.49565,0.10911,-0.39226,-0.43435,-0.40287,-0.48431,-0.42340,-0.66952,-0.48971,-0.39776,-0.59824,-0.66407
-0.56339,-0.60270,0.09797,-0.52632,-0.57473,-0.71616,-0.57018,-0.55253,-0.74639,-0.55778,-0.43019,-0.67179,-0.68097
-0.65647,-0.65361,0.13348,-0.53453,-0.64591,-0.92300,-0.57697,-0.61462,-0.77982,-0.58479,-0.45607,-0.71581,-0.70455
-0.73717,-0.69200,0.07860,-0.72083,-0.73531,-0.79119,-0.59985,-0.67904,-0.77546,-0.62746,-0.54836,-0.74274,-0.69977
-0.80115,-0.75837,0.08901,-0.78359,-0.85876,-0.84630,-0.61448,-0.74178,-0.87242,-0.71842,-0.62713,-0.76466,-0.75616
-0.84582,-0.78767,0.10206,-0.70232,-0.90037,-0.98401,-0.77006,-0.74938,-0.82872,-0.72915,-0.62217,-0.77507,-0.81548
-0.86997,-0.77049,0.11488,-0.74133,-0.89048,-0.92432,-0.74076,-0.65944,-0.90184,-0.68392,-0.56958,-0.80587,-0.78733
-0.87247,-0.80948,0.13341,-0.76333,-0.96809,-1.00458,-0.62870,-0.74050,-0.84931,-0.90054,-0.59343,-0.83857,-0.80777
-0.85302,-0.78575,0.09874,-0.76777,-0.88916,-0.79393,-0.69347,-0.73289,-0.95711,-0.73585,-0.61776,-0.81951,-0.85005
-0.81246,-0.68340,0.08215,-0.78493,-0.79940,-0.73604,-0.62672,-0.64223,-0.69308,-0.63648,-0.52083,-0.70709,-0.68722
-0.75185,-0.61360,0.09123,-0.79574,-0.48480,-0.61424,-0.58664,-0.64916,-0.67620,-0.55369,-0.51091,-0.58540,-0.67925
-0.67399,-0.55882,0.08217,-0.75207,-0.45071,-0.52252,-0.56282,-0.58590,-0.56853,-0.53728,-0.52155,-0.48324,-0.60355
-0.58210,-0.48229,0.10727,-0.65258,-0.39139,-0.36245,-0.55923,-0.43111,-0.51849,-0.53991,-0.44748,-0.32490,-0.59533
-0.47938,-0.26386,0.10637,-0.18199,-0.23032,-0.04424,-0.34618,-0.22222,-0.35808,-0.31907,-0.38261,-0.20315,-0.35077
-0.34403,-0.31447,0.12195,-0.34901,-0.21461,-0.11818,-0.30797,-0.22289,-0.41576,-0.45647,-0.44752,-0.18894,-0.42330
-0.25349,-0.15629,0.07873,-0.21774,-0.09274,-0.09530,-0.08556,-0.17267,-0.24617,-0.08704,-0.31074,-0.11037,-0.14460
-0.16533,-0.19992,0.13875,-0.32416,-0.04581,0.02686,-0.20863,-0.16557,-0.37240,-0.08140,-0.33765,-0.16001,-0.33044
-0.08048,-0.05677,0.12599,-0.13910,0.08171,0.12266,-0.04507,-0.12054,-0.11989,0.12166,-0.24276,-0.07000,-0.15637
-0.00190,-0.05224,0.12405,-0.26941,0.13174,0.07902,0.02429,-0.03839,-0.08816,0.01899,-0.21270,-0.09094,-0.07684
0.06682,0.10215,0.15257,-0.15716,0.40304,0.25267,0.10461,0.09014,0.11712,0.07939,0.00955,-0.02898,0.15117
0.12156,0.19914,0.13637,-0.01634,0.48874,0.25666,0.09653,0.23156,0.24723,0.12172,0.10515,0.26954,0.19060
0.15982,0.33431,0.13981,0.21615,0.57430,0.34348,0.12407,0.39117,0.47565,0.21805,0.28927,0.45653,0.25443
0.18095,0.44910,0.11039,0.44839,0.65828,0.43451,0.23878,0.44171,0.53463,0.39460,0.36083,0.48397,0.49525
0.18359,0.34775,0.10765,0.40664,0.45406,0.43318,0.20489,0.43012,0.31094,0.32684,0.27886,0.46846,0.16354
0.16736,0.24996,0.11196,0.33889,0.46620,0.18528,0.12518,0.22149,0.33243,0.14022,0.25993,0.30497,0.12499
0.13307,0.09832,0.06453,0.05677,0.08385,0.14484,0.07164,0.18220,0.17007,-0.02861,0.15381,0.06579,0.08289
0.08205,0.12299,0.07324,0.03034,0.21690,0.11546,0.07095,0.25140,0.19078,0.07434,0.11174,0.05670,0.11131
0.01683,0.01114,0.04427,-0.02276,-0.00018,0.02410,0.01561,0.05783,0.07610,-0.04804,-0.00374,-0.04852,0.06101
-0.06015,-0.04128,0.04762,-0.04104,-0.04497,0.05341,-0.03242,-0.03958,-0.09530,-0.03038,-0.07821,-0.11011,0.00576
-0.14600,-0.09842,0.06453,-0.04218,-0.05733,-0.03386,-0.02048,-0.13640,-0.18337,-0.06885,-0.18915,-0.16547,-0.08714
-0.23840,-0.19481,0.08360,-0.09225,-0.13352,-0.07871,-0.15293,-0.18157,-0.28016,-0.33409,-0.22481,-0.20044,-0.26963
-0.33280,-0.34894,0.10508,-0.29367,-0.27869,-0.27480,-0.31739,-0.21263,-0.49219,-0.40932,-0.33619,-0.32243,-0.55211
-0.42677,-0.38089,0.10347,-0.26066,-0.33088,-0.35308,-0.33292,-0.25274,-0.45197,-0.47751,-0.31079,-0.48474,-0.55357
-0.51657,-0.51696,0.11905,-0.34483,-0.64444,-0.43852,-0.49492,-0.40928,-0.62909,-0.56039,-0.37544,-0.62129,-0.65142
-0.59853,-0.59116,0.14085,-0.43740,-0.81345,-0.48429,-0.55257,-0.52725,-0.77057,-0.54989,-0.40172,-0.67602,-0.69845
-0.66833,-0.66790,0.12418,-0.58609,-0.83930,-0.78686,-0.58900,-0.63285,-0.77587,-0.60808,-0.42187,-0.71922,-0.71991
-0.72344,-0.68532,0.12543,-0.53330,-0.86980,-0.76313,-0.61855,-0.61567,-0.79400,-0.64790,-0.47854,-0.76147,-0.77083
-0.76238,-0.78118,0.14266,-0.62293,-0.98796,-0.82473,-0.66053,-0.71702,-0.96308,-0.69079,-0.59668,-0.84048,-0.90763
-0.78333,-0.73606,0.13896,-0.60746,-0.91740,-0.83141,-0.60559,-0.67796,-0.90282,-0.62118,-0.55128,-0.77439,-0.87114
-0.78536,-0.74777,0.12653,-0.70426,-0.92055,-0.88726,-0.64208,-0.64142,-0.89087,-0.64710,-0.55931,-0.78060,-0.80421
-0.76839,-0.81667,0.13558,-0.86534,-0.93621,-0.86273,-0.69530,-0.76660,-1.00870,-0.66060,-0.62220,-0.76574,-0.98331
-0.73312,-0.70699,0.08319,-0.78909,-0.81329,-0.74455,-0.63372,-0.70161,-0.72819,-0.64121,-0.54833,-0.68052,-0.78936
-0.68063,-0.72069,0.12059,-0.89795,-0.67382,-0.75435,-0.66660,-0.69524,-0.87368,-0.63108,-0.50075,-0.68545,-0.82794
-0.61379,-0.58345,0.10074,-0.70282,-0.54505,-0.45796,-0.60172,-0.60596,-0.66261,-0.60806,-0.40013,-0.53829,-0.71192
-0.53524,-0.43847,0.10090,-0.41933,-0.40783,-0.22318,-0.49132,-0.48710,-0.53422,-0.47058,-0.40379,-0.36203,-0.58532
-0.44786,-0.37089,0.12980,-0.30582,-0.37264,-0.09106,-0.41136,-0.37140,-0.52589,-0.46336,-0.35736,-0.27780,-0.53221
-0.35333,-0.32577,0.11035,-0.28874,-0.23072,-0.16990,-0.27410,-0.28921,-0.48649,-0.48535,-0.35249,-0.24435,-0.43640
-0.25697,-0.25154,0.11348,-0.23560,-0.20891,-0.02504,-0.23014,-0.23166,-0.44903,-0.28950,-0.32443,-0.17179,-0.34933
-0.16251,-0.19130,0.11284,-0.16569,-0.13541,0.05655,-0.19324,-0.21043,-0.38182,-0.21493,-0.27783,-0.14690,-0.24333
-0.07160,-0.09189,0.12915,-0.09130,-0.02693,0.13849,-0.18539,-0.14195,-0.25168,0.02829,-0.28427,-0.02537,-0.07884
0.01008,0.14319,0.10704,0.02114,0.23045,0.19729,0.07548,0.22762,0.08547,0.22699,0.02266,0.31274,0.03210
0.07922,0.17711,0.11415,0.21799,0.05398,0.21572,0.18995,0.11281,0.15769,0.29304,0.17121,0.38035,-0.02159
0.13320,0.11792,0.18025,0.15268,0.07272,0.22998,0.10484,0.17501,-0.00935,0.28988,-0.13183,0.43333,-0.13807
0.17101,0.04668,0.24255,0.09230,0.25998,0.24080,0.02941,0.20571,-0.16121,0.02758,-0.18819,0.37457,-0.41413
0.18992,0.44300,0.15705,0.38819,0.50759,0.42851,0.35292,0.43605,0.26069,0.59777,0.38931,0.78905,0.27990
0.18971,0.39417,0.23003,0.08416,0.66968,0.57701,0.29965,0.37839,0.28492,0.36077,0.17756,0.82867,0.28091
0.17023,0.03434,0.14122,0.01502,0.11278,0.19981,0.25925,-0.15873,-0.01321,0.07837,-0.17642,-0.05084,0.07732
0.13243,-0.10259,0.36356,-0.44216,0.06475,-0.71984,-0.05833,-0.33155,0.54192,0.33402,-0.16387,-0.11998,-0.13091
0.07798,-0.40129,0.34976,-0.87634,-0.09034,-0.81500,-0.46470,-0.83182,-0.07233,0.11119,-0.39433,-0.18420,-0.39507
0.00802,-0.15826,0.11861,-0.08173,0.04280,-0.21428,-0.06727,-0.16396,-0.41054,-0.22412,-0.17088,-0.13121,-0.16139
-0.07487,-0.41403,0.13645,-0.46269,-0.23387,-0.39695,-0.34384,-0.21016,-0.58448,-0.44407,-0.32967,-0.59825,-0.53631
-0.03865,-0.32744,0.10843,-0.15484,-0.38678,-0.22495,-0.36074,-0.23153,-0.46290,-0.37375,-0.30573,-0.27762,-0.49551
-0.24895,-0.46499,0.10676,-0.30365,-0.56986,-0.41681,-0.44805,-0.37934,-0.53560,-0.49976,-0.32423,-0.57721,-0.59540
-0.46256,-0.53802,0.09123,-0.41266,-0.60165,-0.54845,-0.52220,-0.45941,-0.63041,-0.52087,-0.40215,-0.63702,-0.64535
-0.66557,-0.67280,0.08088,-0.50671,-0.65570,-0.79194,-0.62341,-0.61402,-0.76807,-0.68233,-0.68434,-0.69610,-0.70537
-0.77249,-0.79090,0.09378,-0.70490,-0.93648,-0.89809,-0.71362,-0.67302,-0.86002,-0.70105,-0.82274,-0.74858,-0.85048
-0.84091,-0.74927,0.09675,-0.68702,-0.90658,-0.85162,-0.61509,-0.63511,-0.84464,-0.70508,-0.70946,-0.75051,-0.78763
-0.88084,-0.81317,0.11098,-0.83481,-0.89167,-1.00771,-0.70030,-0.74328,-0.89451,-0.76460,-0.62348,-0.79830,-0.87299
-0.90116,-0.92514,0.13317,-0.96621,-1.04978,-1.09568,-0.83218,-0.78630,-1.05815,-0.81815,-0.70963,-0.91200,-1.02332
-0.89808,-0.84356,0.12847,-0.80072,-1.03153,-0.96258,-0.69848,-0.74022,-0.98731,-0.77183,-0.67020,-0.83182,-0.94093
-0.87142,-0.78948,0.10493,-0.79082,-0.83622,-0.89954,-0.69040,-0.74866,-0.93218,-0.68850,-0.63536,-0.75122,-0.92192
-0.82269,-0.79772,0.11515,-0.93630,-0.87573,-0.85242,-0.68298,-0.73706,-0.94453,-0.67370,-0.64086,-0.73956,-0.89404
-0.75408,-0.83680,0.11802,-0.95951,-0.80660,-0.93854,-0.71626,-0.82241,-0.95111,-0.73379,-0.67146,-0.76414,-1.00413
-0.66703,-0.73811,0.11622,-0.90914,-0.75279,-0.69192,-0.63103,-0.68364,-0.85905,-0.72214,-0.55606,-0.68136,-0.89394
-0.56480,-0.63202,0.09838,-0.77707,-0.66356,-0.53537,-0.55343,-0.56709,-0.73815,-0.65099,-0.49473,-0.59242,-0.74736
-0.45311,-0.37335,0.12768,-0.25502,-0.39581,-0.23667,-0.35340,-0.26786,-0.49649,-0.50908,-0.38995,-0.23468,-0.59451
-0.33602,-0.30981,0.13104,-0.29109,-0.29446,-0.07014,-0.33907,-0.23127,-0.51268,-0.36900,-0.27668,-0.21667,-0.49706
-0.21553,-0.12898,0.11753,-0.06757,0.03082,0.04160,-0.16050,-0.09954,-0.33329,-0.13190,-0.17006,-0.12680,-0.27256
-0.09626,-0.11364,0.09074,-0.16330,0.01698,0.02470,-0.08320,-0.02869,-0.21938,-0.21414,-0.15159,-0.14354,-0.17428
0.01450,0.00625,0.09440,0.04449,0.05380,0.15375,0.02182,0.07965,-0.16116,-0.13413,0.03055,-0.00986,-0.01638
0.11253,0.00051,0.12384,-0.09636,0.08891,0.22253,0.09756,0.05106,-0.08624,-0.17099,0.04824,-0.00773,-0.14186
0.19612,0.14073,0.13436,0.13829,0.30658,0.31871,0.21162,0.16535,-0.00498,0.01929,0.24033,0.09402,-0.08194
0.26126,0.02386,0.14551,-0.00153,0.02450,0.30751,0.05304,-0.06447,-0.16073,-0.02483,0.09837,0.17361,-0.16690
0.30339,0.21031,0.16802,0.08683,0.35454,0.32839,0.20452,0.26324,0.10081,0.08270,0.25697,0.50478,-0.07966
0.32132,0.25075,0.17089,0.14185,0.46798,0.33658,0.20619,0.25875,0.02520,0.20559,0.29296,0.54805,0.02432
0.31517,0.22498,0.15147,0.03720,0.40288,0.31423,0.21034,0.11803,0.12573,0.12179,0.29590,0.51100,0.11262
0.28490,0.29281,0.13533,0.23170,0.37523,0.26979,0.21257,0.31791,0.25988,0.14097,0.31641,0.62344,0.18018
0.23215,0.20566,0.10631,0.01031,0.35766,0.18559,0.17282,0.20537,0.21862,0.11115,0.32531,0.31806,0.15172
0.15927,0.09703,0.05519,-0.01934,0.11438,0.08567,0.08670,0.09109,0.16569,0.06032,0.17081,0.07943,0.13557
0.06777,0.04914,0.06309,-0.02449,0.04838,0.12194,0.03427,-0.01095,0.13674,0.02744,0.05709,-0.03030,0.13127
-0.03893,-0.08863,0.10401,-0.06813,-0.00078,0.02489,-0.03939,-0.14848,-0.31507,0.01674,-0.13806,-0.15743,-0.06064
-0.15487,-0.24608,0.09685,-0.13218,-0.18969,-0.14636,-0.20656,-0.21034,-0.46124,-0.27419,-0.26700,-0.23826,-0.33496
-0.27583,-0.30792,0.08237,-0.19842,-0.29145,-0.22705,-0.32868,-0.21689,-0.47219,-0.38255,-0.33749,-0.30595,-0.31855
-0.39977,-0.45886,0.10174,-0.28577,-0.43799,-0.39086,-0.46275,-0.42792,-0.58181,-0.45757,-0.36712,-0.59426,-0.58251
-0.52193,-0.60799,0.08928,-0.48088,-0.67246,-0.72680,-0.53880,-0.59305,-0.68024,-0.57674,-0.47247,-0.68022,-0.65826
-0.63482,-0.67020,0.11733,-0.46334,-0.71646,-0.85851,-0.57325,-0.64972,-0.80113,-0.67750,-0.55246,-0.71539,-0.69425
-0.73413,-0.70425,0.13795,-0.41107,-0.77071,-0.88120,-0.61562,-0.72265,-0.87694,-0.70980,-0.60151,-0.72579,-0.72725
-0.81815,-0.80688,0.12442,-0.63279,-0.85316,-1.00176,-0.69220,-0.81541,-0.96985,-0.77019,-0.65118,-0.81680,-0.86546
-0.88285,-0.88731,0.12728,-0.73804,-0.90169,-1.10994,-0.77909,-0.82068,-1.04620,-0.80292,-0.76251,-0.96654,-0.94549
-0.92447,-0.92073,0.11792,-0.81895,-0.90726,-1.15866,-0.82095,-0.87136,-1.04709,-0.90197,-0.78849,-1.01871,-0.87388
-0.94135,-0.89656,0.12131,-0.77531,-0.88855,-1.11002,-0.83650,-0.90518,-0.96397,-0.86336,-0.70168,-1.05170,-0.86929
-0.93304,-0.80685,0.15127,-0.57793,-0.85589,-1.08104,-0.74004,-0.74144,-0.85588,-0.78571,-0.63749,-0.99554,-0.79758
-0.89993,-0.72528,0.12169,-0.58151,-0.60531,-0.94001,-0.68335,-0.72348,-0.80227,-0.64376,-0.60694,-0.84900,-0.81722
-0.84353,-0.76308,0.08999,-0.68898,-0.68179,-0.98075,-0.69921,-0.78346,-0.77022,-0.72354,-0.70013,-0.81549,-0.78725
-0.76616,-0.75764,0.12303,-0.61327,-0.67459,-1.04530,-0.70533,-0.80408,-0.77090,-0.77429,-0.62335,-0.80623,-0.75904
-0.67015,-0.65263,0.10186,-0.49243,-0.56084,-0.80511,-0.59788,-0.75464,-0.71826,-0.68067,-0.55406,-0.73682,-0.62560
-0.55891,-0.43181,0.14857,-0.26551,-0.20062,-0.54726,-0.50580,-0.55092,-0.35568,-0.69503,-0.37629,-0.35803,-0.46292
-0.43746,-0.02836,0.12995,0.03651,-0.03453,0.09237,-0.05627,-0.03374,0.03565,-0.37592,0.01832,-0.00698,0.04102
-0.31031,0.00235,0.11732,-0.00900,-0.03307,0.10567,0.00924,-0.03621,0.04906,-0.29221,0.11152,0.09762,0.02091
-0.18095,0.00685,0.16123,0.00862,0.01779,0.10027,-0.00399,-0.02135,0.10118,-0.41334,0.19752,0.04586,0.03598
-0.05327,0.10646,0.22417,0.03888,0.31390,0.12375,-0.03155,0.04969,0.46794,-0.37577,0.17586,0.22202,0.07994
0.10105,0.32007,0.15676,0.26329,0.50386,0.56127,0.28454,0.14005,0.51865,0.12978,0.33587,0.25178,0.21167
0.08326,0.47505,0.10354,0.49331,0.50999,0.65415,0.33950,0.31721,0.56158,0.44001,0.40182,0.54851,0.48442
0.04714,0.22240,0.11719,0.34139,0.16903,0.35468,0.19196,0.19003,0.15543,-0.01725,0.28664,0.36358,0.18854
-0.00405,0.05973,0.13117,0.17103,0.08915,0.29289,0.00649,-0.11282,-0.09578,0.07852,0.18187,0.04884,-0.06293
-0.00508,-0.19624,0.17215,-0.03668,-0.15556,0.06084,-0.25133,-0.21650,-0.46296,-0.25266,0.00055,-0.21375,-0.43438
-0.20099,-0.34614,0.13411,-0.27092,-0.33187,-0.20202,-0.34039,-0.29692,-0.59537,-0.46643,-0.13546,-0.36987,-0.45217
-0.40693,-0.48368,0.13948,-0.48757,-0.63049,-0.38437,-0.43317,-0.58859,-0.69760,-0.55511,-0.24304,-0.33772,-0.47915
-0.61397,-0.54734,0.14903,-0.66377,-0.67856,-0.56764,-0.60297,-0.70643,-0.46709,-0.66162,-0.51798,-0.32794,-0.27938
-0.64381,-0.83599,0.14670,-0.92000,-1.00718,-0.85677,-0.96215,-0.80254,-0.66906,-1.03876,-0.61097,-0.79166,-0.70078
-0.93507,-1.10917,0.20026,-1.10397,-1.13086,-1.05771,-1.10359,-0.98298,-0.86354,-1.33776,-0.94703,-1.54965,-1.01459
-1.21018,-1.29727,0.16647,-1.30476,-1.24482,-1.26070,-1.28081,-1.14686,-1.26014,-1.54458,-1.17095,-1.63483,-1.12428
-1.45853,-1.31451,0.13721,-1.20835,-1.40427,-1.30799,-1.22106,-1.36401,-1.16874,-1.59367,-1.15747,-1.43378,-1.28572
-1.66854,-1.62042,0.17043,-1.57790,-1.90420,-1.43677,-1.36727,-1.52371,-1.73323,-1.79066,-1.48709,-1.65796,-1.72538
-1.84034,-1.74294,0.19154,-1.76976,-2.07164,-1.49411,-1.50010,-1.56269,-1.83709,-1.81221,-1.61784,-1.88856,-1.87537
-1.83657,-1.94448,0.16923,-1.94722,-2.22076,-1.89650,-1.80808,-1.66712,-1.99415,-1.88265,-1.80197,-2.10680,-2.11951
-2.05461,-2.20350,0.22424,-2.23038,-2.47547,-2.59611,-2.02997,-2.01632,-2.35532,-1.91784,-1.99114,-2.14526,-2.27717
-2.23941,-2.46627,0.30956,-2.66048,-2.80273,-3.07038,-2.30634,-2.34375,-2.45242,-1.99354,-2.38693,-2.19071,-2.45537
-2.39011,-2.56167,0.34242,-2.67530,-3.00120,-3.23563,-2.33818,-2.46583,-2.55075,-2.07803,-2.49171,-2.25224,-2.52786
-2.50605,-2.66772,0.34096,-2.71381,-3.12398,-3.32394,-2.50039,-2.52977,-2.70477,-2.22928,-2.55200,-2.28187,-2.71736
-2.58681,-2.67844,0.39441,-2.65529,-3.24014,-3.49681,-2.50639,-2.54775,-2.66774,-2.29696,-2.42749,-2.27997,-2.66590
-2.49412,-2.77375,0.43296,-2.68310,-3.40455,-3.67288,-2.55483,-2.64747,-2.80943,-2.34935,-2.54081,-2.36232,-2.71272
-2.62549,-2.88266,0.42895,-2.76383,-3.51207,-3.71047,-2.53254,-2.91085,-3.05602,-2.45474,-2.66686,-2.49082,-2.72843
-2.72246,-2.87751,0.43298,-2.76715,-3.56249,-3.60995,-2.47313,-2.92377,-3.09275,-2.42922,-2.70394,-2.40729,-2.80543
-2.78471,-2.84616,0.37582,-2.76798,-3.32370,-3.43904,-2.56104,-2.97520,-3.20970,-2.43208,-2.65890,-2.36007,-2.73393
-2.81213,-2.77179,0.33842,-2.72800,-3.11582,-3.25597,-2.45296,-3.12621,-3.02353,-2.41809,-2.68681,-2.29290,-2.61762
-2.80476,-2.72275,0.31048,-2.68299,-3.02842,-3.05034,-2.33829,-3.14670,-2.88472,-2.33251,-2.78646,-2.33785,-2.63928
-2.61606,-2.74178,0.33644,-2.64225,-3.04097,-3.08949,-2.39255,-3.26516,-2.93514,-2.41206,-2.84335,-2.32654,-2.47032
-2.66139,-2.79057,0.33958,-2.88266,-2.82543,-3.01251,-2.39243,-3.35498,-3.10768,-2.34611,-2.97735,-2.46022,-2.54630
-2.67243,-2.60039,0.29062,-2.67144,-2.40461,-2.84557,-2.40294,-3.15134,-2.81816,-2.28034,-2.75718,-2.34156,-2.33074
-2.64934,-2.43932,0.21108,-2.45461,-2.39968,-2.65036,-2.46674,-2.91464,-2.35026,-2.36182,-2.38784,-2.21514,-2.19209
-2.59246,-2.32778,0.21424,-2.23982,-2.23269,-2.58852,-2.48752,-2.70162,-2.06162,-2.27986,-2.42084,-2.18314,-2.08218
-2.50233,-2.35890,0.24583,-2.28200,-2.42499,-2.63594,-2.14884,-2.79514,-2.06536,-2.38430,-2.56555,-2.13876,-2.14808
-2.22502,-2.35369,0.27159,-2.31457,-2.33130,-2.75599,-1.81482,-2.60503,-2.26338,-2.26281,-2.60467,-2.11974,-2.46461
-2.18762,-2.06447,0.26191,-1.97854,-1.95214,-2.32541,-1.59228,-2.20729,-2.33025,-1.88131,-2.41883,-1.83502,-2.12365
-2.11710,-1.88440,0.31657,-1.94774,-1.50905,-2.17437,-1.44358,-1.81997,-2.32968,-1.65537,-2.33777,-1.74960,-1.87684
-2.01405,-1.51814,0.15000,-1.62802,-1.46371,-1.71810,-1.33851,-1.37884,-1.67453,-1.52720,-1.68257,-1.31872,-1.45120
-1.87924,-1.33345,0.16158,-1.38036,-1.28704,-1.52653,-1.22761,-1.09922,-1.53483,-1.32393,-1.32322,-1.10863,-1.52309
-1.71359,-1.36900,0.14224,-1.39509,-1.37256,-1.54156,-1.20046,-1.21818,-1.45544,-1.22231,-1.33958,-1.31555,-1.62928
-1.37007,-1.32144,0.12369,-1.29449,-1.30441,-1.53922,-1.12516,-1.28486,-1.32749,-1.20628,-1.27910,-1.34885,-1.50456
-1.25532,-1.12793,0.09675,-1.09313,-1.11079,-1.37676,-1.01716,-1.09755,-1.16493,-1.14945,-1.10715,-1.05893,-1.10349
-1.10988,-0.67758,0.09258,-0.76014,-0.56890,-0.71514,-0.63439,-0.72800,-0.76095,-0.67636,-0.49763,-0.64558,-0.78868
-0.94013,-0.52948,0.08159,-0.54295,-0.45012,-0.52526,-0.54040,-0.55022,-0.61616,-0.59526,-0.38890,-0.44053,-0.64500
-0.75269,-0.38720,0.12218,-0.20700,-0.27236,-0.31743,-0.39765,-0.50891,-0.47147,-0.48979,-0.45936,-0.22281,-0.52524
-0.55316,-0.26858,0.10237,-0.15978,-0.22550,-0.10134,-0.30903,-0.30965,-0.36393,-0.44161,-0.29436,-0.17693,-0.30367
-0.24711,-0.22100,0.08652,-0.16034,-0.16865,-0.08494,-0.27907,-0.21831,-0.33718,-0.32584,-0.30157,-0.13339,-0.20071
-0.15370,-0.23918,0.10706,-0.28167,-0.11419,-0.05493,-0.29554,-0.25216,-0.42429,-0.28575,-0.30688,-0.15493,-0.22145
-0.06759,-0.14852,0.08461,-0.15540,-0.07911,0.04755,-0.20545,-0.12199,-0.20857,-0.19858,-0.25089,-0.14113,-0.17160
0.01133,-0.05767,0.10333,-0.14454,-0.02126,0.12264,-0.12590,-0.00370,-0.07775,-0.13496,-0.18490,0.09338,-0.09973
0.08006,-0.00139,0.11511,-0.02387,0.12627,0.15398,-0.06132,0.03580,0.03494,-0.13857,-0.14900,0.12913,-0.12123
0.13601,-0.00383,0.09384,-0.06579,0.03933,0.17508,0.05902,-0.09417,0.07145,-0.08543,-0.13274,0.01305,-0.01813
0.17589,0.01494,0.10933,-0.10164,0.11607,0.16912,0.09127,-0.13155,0.12432,-0.01252,-0.12051,-0.02030,0.03510
0.19950,0.13396,0.11450,0.00849,0.24959,0.28821,0.14583,0.00767,0.18394,0.04483,0.04990,0.29706,0.06407
0.20563,0.14782,0.11749,0.05461,0.12509,0.33386,0.17719,-0.01572,0.17000,0.07868,0.15000,0.34647,0.05800
0.19394,0.20371,0.11155,0.24345,0.25480,0.30279,0.13394,0.04282,0.18455,0.14152,0.19624,0.43363,0.10331
0.16497,0.17403,0.07792,0.11679,0.29945,0.22326,0.18383,0.07631,0.19762,0.07288,0.21954,0.24846,0.10213
0.11962,0.10257,0.08355,0.04718,0.00752,0.18227,0.09622,0.05124,0.18241,-0.01989,0.16274,0.23065,0.08531
0.05978,0.02044,0.07700,-0.03208,0.03708,0.05657,0.01690,-0.09752,0.04804,-0.10940,0.08118,0.11819,0.08545
-0.01180,-0.10186,0.10657,-0.08025,-0.09418,-0.03608,-0.03473,-0.17698,-0.14070,-0.36097,-0.05711,-0.05603,0.01842
-0.09412,-0.15704,0.11010,-0.12802,-0.09930,0.01220,-0.08775,-0.21367,-0.37034,-0.29492,-0.12928,-0.15695,-0.10233
-0.18438,-0.21389,0.08739,-0.12292,-0.16266,-0.15441,-0.20123,-0.20144,-0.34902,-0.36504,-0.11673,-0.19589,-0.26960
-0.27781,-0.32517,0.10937,-0.20437,-0.24017,-0.35187,-0.30487,-0.24249,-0.45496,-0.47555,-0.28080,-0.21533,-0.48132
-0.37305,-0.39966,0.10505,-0.28184,-0.33323,-0.43328,-0.38953,-0.31409,-0.52282,-0.47986,-0.30481,-0.34137,-0.59583
-0.46685,-0.56868,0.14702,-0.46292,-0.75800,-0.52639,-0.39772,-0.51366,-0.72349,-0.59254,-0.33935,-0.62070,-0.75208
-0.55569,-0.61658,0.12637,-0.50918,-0.71993,-0.71080,-0.55757,-0.56304,-0.74315,-0.63379,-0.34065,-0.66306,-0.72461
-0.63624,-0.65246,0.11794,-0.52541,-0.80940,-0.76075,-0.60789,-0.61004,-0.71552,-0.64377,-0.41657,-0.69892,-0.73636
-0.70541,-0.67063,0.08674,-0.52245,-0.75367,-0.68518,-0.63221,-0.64726,-0.74628,-0.64837,-0.55105,-0.75087,-0.76893
-0.76050,-0.72904,0.09142,-0.58111,-0.86708,-0.85767,-0.68258,-0.65632,-0.77232,-0.71429,-0.64694,-0.75530,-0.75682
-0.79935,-0.77526,0.11762,-0.63548,-0.92515,-0.97602,-0.77233,-0.69106,-0.79490,-0.78059,-0.59264,-0.77258,-0.81182
-0.82038,-0.79556,0.11804,-0.60440,-0.95221,-0.90375,-0.70494,-0.73872,-0.91363,-0.81365,-0.65872,-0.78073,-0.88479
-0.82271,-0.77431,0.11720,-0.59887,-0.95461,-0.85997,-0.72640,-0.71526,-0.89095,-0.79605,-0.64507,-0.68736,-0.86855
-0.80620,-0.75299,0.07810,-0.70617,-0.82267,-0.83363,-0.73556,-0.70829,-0.84707,-0.70301,-0.60901,-0.73100,-0.83348
-0.77170,-0.75653,0.07888,-0.73435,-0.84380,-0.89647,-0.69921,-0.78718,-0.79599,-0.73929,-0.61796,-0.70200,-0.74908
-0.72071,-0.68612,0.08856,-0.77564,-0.60140,-0.76557,-0.77168,-0.67462,-0.72137,-0.70508,-0.49728,-0.62908,-0.71951
-0.65517,-0.67448,0.07947,-0.71831,-0.59712,-0.66542,-0.68755,-0.68795,-0.72687,-0.79395,-0.51626,-0.61893,-0.73243
-0.57624,-0.62224,0.10918,-0.69880,-0.52530,-0.74277,-0.62880,-0.60774,-0.63778,-0.78281,-0.48299,-0.44932,-0.66606
-0.48814,-0.40996,0.12138,-0.29307,-0.38306,-0.25130,-0.43954,-0.47576,-0.51433,-0.61951,-0.35953,-0.26157,-0.50190
-0.39400,-0.38521,0.12116,-0.37649,-0.27298,-0.34343,-0.32843,-0.37211,-0.50795,-0.62861,-0.33385,-0.21381,-0.47448
-0.29522,-0.26708,0.08953,-0.24388,-0.20813,-0.32423,-0.21965,-0.25159,-0.37883,-0.44333,-0.26079,-0.17120,-0.16917
-0.19532,-0.20040,0.08818,-0.21370,-0.11669,-0.13609,-0.21109,-0.22544,-0.25898,-0.39734,-0.21404,-0.13805,-0.09256
-0.09998,-0.06080,0.11996,-0.10798,0.11754,0.05355,-0.06258,-0.09293,-0.04614,-0.27843,-0.19776,-0.05497,0.06167
-0.01244,0.05821,0.09019,0.03647,0.20308,0.07514,0.05355,0.08110,0.11517,-0.02730,-0.13050,0.04894,0.12642
0.06424,0.23200,0.08492,0.20680,0.30533,0.21355,0.14331,0.32504,0.21988,0.18547,0.14365,0.40147,0.17556
0.12872,0.20874,0.08556,0.14824,0.35803,0.26191,0.13857,0.26545,0.18406,0.09818,0.14695,0.31359,0.17245
0.17815,0.26578,0.09505,0.16974,0.44611,0.30403,0.14024,0.31842,0.21682,0.24252,0.26556,0.36771,0.18670
0.20925,0.26404,0.09826,0.12477,0.46415,0.29072,0.22013,0.36026,0.22967,0.24364,0.20441,0.32233,0.18029
0.22130,0.25541,0.10776,0.05876,0.46135,0.29320,0.24038,0.30983,0.22032,0.18368,0.28616,0.32583,0.17458
0.21441,0.22900,0.10463,0.04751,0.39220,0.28496,0.17768,0.19829,0.19504,0.23216,0.20429,0.39180,0.16606
0.18861,0.17318,0.11622,0.06069,0.44979,0.17618,0.13048,0.07625,0.21573,0.14521,0.19533,0.23060,0.05154
0.14492,0.21020,0.11793,0.08307,0.45143,0.29645,0.13356,0.09666,0.24028,0.23352,0.25596,0.24238,0.06865
0.08501,0.04992,0.09378,-0.02502,0.01847,-0.00927,0.06673,0.01905,0.18401,-0.09739,0.21079,0.09543,0.03644
0.01057,0.04388,0.10632,-0.03313,0.04381,0.10850,0.04874,0.04029,0.11512,-0.16912,0.23659,-0.01607,0.06410
-0.07527,0.04622,0.07395,0.04966,0.06407,0.14939,0.02701,-0.08149,0.04734,-0.02829,0.16951,0.01784,0.04715
-0.16936,-0.00912,0.08199,0.01312,0.03687,0.09067,-0.02500,-0.15292,0.01379,-0.02905,0.11276,-0.11001,-0.04143
-0.17554,-0.23640,0.08439,-0.11563,-0.23447,-0.17313,-0.32997,-0.23205,-0.36772,-0.32135,-0.12702,-0.22000,-0.24267
-0.35412,-0.43639,0.12370,-0.28355,-0.38122,-0.25571,-0.45457,-0.42351,-0.54342,-0.60790,-0.32579,-0.51367,-0.57455
-0.53410,-0.64863,0.08814,-0.55158,-0.69000,-0.68858,-0.52032,-0.75090,-0.76387,-0.65210,-0.53206,-0.70449,-0.63242
-0.70816,-0.67508,0.08134,-0.59110,-0.68680,-0.71804,-0.62124,-0.75398,-0.68842,-0.82589,-0.64215,-0.67984,-0.54335
-0.86957,-0.77453,0.10774,-0.64496,-0.76598,-0.86569,-0.86284,-0.75028,-0.80429,-0.98571,-0.72052,-0.70173,-0.64329
-0.92586,-0.97456,0.13797,-0.91685,-1.01225,-1.04788,-1.13590,-0.82252,-1.10904,-1.17209,-0.87956,-0.80189,-0.84766
-1.11849,-1.09350,0.13925,-1.09537,-1.16681,-1.11730,-1.29847,-1.05902,-1.10121,-1.28887,-1.02703,-0.87881,-0.90213
-1.28495,-1.21721,0.12958,-1.27110,-1.25262,-1.22835,-1.35998,-1.25847,-1.27999,-1.38801,-1.07937,-1.01344,-1.04081
-1.41743,-1.23812,0.15005,-1.29744,-1.26466,-1.25306,-1.37393,-1.37055,-1.22040,-1.46107,-1.07329,-1.00897,-1.05779
-1.51142,-1.33987,0.14541,-1.40330,-1.33304,-1.44006,-1.41256,-1.49852,-1.45605,-1.43284,-1.08666,-1.15597,-1.17970
-1.47607,-1.40481,0.14398,-1.43092,-1.35593,-1.58798,-1.40877,-1.61700,-1.39505,-1.48036,-1.10736,-1.34002,-1.32467
-1.57774,-1.49095,0.13747,-1.56731,-1.40115,-1.63430,-1.45212,-1.72193,-1.53420,-1.56082,-1.26684,-1.35792,-1.41288
-1.64528,-1.47324,0.13753,-1.41020,-1.43619,-1.71331,-1.43135,-1.68949,-1.34906,-1.56730,-1.35405,-1.33314,-1.44828
-1.67854,-1.57273,0.13780,-1.56866,-1.47275,-1.73608,-1.43978,-1.84759,-1.51438,-1.62304,-1.59349,-1.38919,-1.54236
-1.67751,-1.51907,0.13671,-1.41612,-1.34019,-1.77663,-1.37313,-1.65021,-1.58820,-1.46648,-1.60368,-1.44248,-1.53358
-1.54082,-1.50332,0.17156,-1.38410,-1.24969,-1.77720,-1.38677,-1.58399,-1.68755,-1.44608,-1.69467,-1.39463,-1.42856
-1.54980,-1.31977,0.14301,-1.33516,-1.09397,-1.59405,-1.36100,-1.43425,-1.38051,-1.30483,-1.31477,-1.23942,-1.13971
-1.52498,-1.27310,0.10314,-1.35029,-1.16206,-1.43390,-1.25204,-1.43291,-1.27523,-1.26286,-1.21577,-1.13998,-1.20597
-1.46671,-1.21032,0.09424,-1.23241,-1.25113,-1.40360,-1.20106,-1.16708,-1.26505,-1.25081,-1.10890,-1.06666,-1.15646
-1.37549,-1.25091,0.08464,-1.33046,-1.23905,-1.42800,-1.24783,-1.28226,-1.18832,-1.24995,-1.13821,-1.24912,-1.15587
-1.14136,-1.11113,0.11108,-1.11045,-1.10473,-1.35817,-1.15415,-1.09086,-1.03997,-1.19335,-0.93467,-1.06515,-1.05977
-1.06220,-0.90528,0.14223,-0.80288,-0.83589,-1.09502,-0.83415,-0.82718,-0.91402,-1.22070,-0.80221,-0.80847,-0.91230
-0.95978,-0.71181,0.10339,-0.90388,-0.62532,-0.75047,-0.58169,-0.73139,-0.67514,-0.86602,-0.64813,-0.67080,-0.66524
-0.83650,-0.79432,0.15786,-1.08931,-0.66759,-0.77638,-0.63357,-0.99494,-0.74882,-0.93544,-0.65141,-0.68987,-0.75588
-0.69609,-0.57372,0.17112,-0.97649,-0.50863,-0.56578,-0.53929,-0.68013,-0.56010,-0.58241,-0.43787,-0.31725,-0.56923
-0.54107,-0.52044,0.22523,-1.00831,-0.26377,-0.44282,-0.36633,-0.67955,-0.55448,-0.62616,-0.38671,-0.27413,-0.60219
-0.33707,-0.19377,0.14527,-0.38597,-0.00029,0.04062,-0.12732,-0.35819,-0.30423,-0.28484,-0.16775,-0.11458,-0.23516
-0.24277,-0.01117,0.11950,-0.02832,0.19731,0.10762,0.00421,-0.20646,0.02605,0.07360,-0.12535,-0.05631,-0.10405
-0.15161,0.01132,0.13742,-0.24787,0.15354,0.17359,0.13471,-0.07137,0.02482,0.10965,0.01777,-0.04957,-0.13208
-0.06422,0.13059,0.13013,-0.09362,0.27259,0.20477,0.20238,0.03296,0.12823,0.23958,0.05105,0.28152,-0.01361
0.10187,-0.01411,0.08885,-0.12112,0.02812,0.11456,0.02302,-0.09337,-0.03653,0.08469,-0.02329,0.03961,-0.15683
0.09149,-0.04758,0.09925,-0.13001,0.08788,0.10305,0.05417,-0.10914,-0.17753,-0.04031,-0.09900,-0.03412,-0.13076
0.06367,0.02147,0.08231,-0.05831,0.13707,0.05920,0.08481,-0.04480,0.09507,0.02739,-0.11601,0.07423,-0.04394
0.02241,0.01152,0.08594,-0.13397,-0.02005,0.03418,0.11358,0.03829,0.05132,0.15601,-0.05142,-0.06509,-0.00765
-0.03092,-0.07030,0.09007,-0.18261,-0.11334,0.00404,0.04774,-0.11889,-0.18777,0.05954,-0.04624,-0.13362,-0.03186
-0.09383,-0.25296,0.14414,-0.43989,-0.25851,-0.01094,-0.06477,-0.21783,-0.44564,-0.31650,-0.20437,-0.21096,-0.36020
-0.16394,-0.37918,0.17028,-0.63753,-0.35804,-0.14478,-0.13177,-0.32494,-0.55903,-0.47482,-0.26786,-0.37000,-0.52301
-0.23998,-0.46941,0.16101,-0.74844,-0.55363,-0.33238,-0.22446,-0.42332,-0.57593,-0.44455,-0.27311,-0.53834,-0.57990
-0.31925,-0.48634,0.14663,-0.34926,-0.61789,-0.40817,-0.33510,-0.52718,-0.74921,-0.34800,-0.36549,-0.52768,-0.63538
-0.39787,-0.61419,0.13520,-0.68913,-0.77582,-0.50604,-0.48856,-0.57907,-0.81405,-0.49472,-0.42544,-0.63808,-0.73100
-0.47428,-0.72798,0.10077,-0.76285,-0.74879,-0.83404,-0.62349,-0.70560,-0.78049,-0.79708,-0.49880,-0.71755,-0.81112
-0.54604,-0.72231,0.08473,-0.64982,-0.79915,-0.75304,-0.67321,-0.69349,-0.72724,-0.82979,-0.54706,-0.74876,-0.80154
-0.60967,-0.88143,0.10562,-0.79964,-1.01189,-0.88240,-0.99964,-0.82263,-0.94460,-0.97832,-0.67978,-0.88602,-0.80935
-0.66188,-1.00509,0.09063,-1.02771,-1.07957,-0.98664,-1.02887,-1.02069,-1.07122,-1.06842,-0.76439,-1.01532,-0.98806
-0.71756,-1.01116,0.12431,-1.19825,-1.09548,-0.86799,-0.99483,-1.01759,-1.13288,-1.00708,-0.77030,-0.97302,-1.05415
-0.70373,-0.98992,0.10557,-1.12913,-1.07183,-1.01719,-0.98484,-1.02226,-1.04549,-1.00275,-0.75751,-0.86742,-1.00077
-0.67404,-0.98796,0.11214,-1.18353,-0.95673,-1.00786,-1.05090,-0.97118,-1.02059,-1.03631,-0.77299,-0.85301,-1.02647
-0.63044,-0.87220,0.12638,-1.02899,-0.89263,-0.97431,-0.77055,-0.91968,-0.90934,-1.01299,-0.64283,-0.72684,-0.84387
-0.60139,-0.80675,0.12268,-1.01485,-0.75460,-0.91260,-0.68620,-0.83238,-0.82934,-0.89692,-0.59023,-0.72260,-0.82779
-0.49499,-0.65145,0.12770,-0.80161,-0.41815,-0.71988,-0.59879,-0.61023,-0.75910,-0.53684,-0.56229,-0.69453,-0.81306
-0.38029,-0.45410,0.15432,-0.54976,-0.13054,-0.48201,-0.47712,-0.46866,-0.58300,-0.26698,-0.42302,-0.49423,-0.66568
-0.26238,-0.37558,0.09489,-0.51328,-0.20033,-0.34958,-0.42585,-0.33196,-0.45231,-0.35441,-0.27286,-0.38314,-0.47207
-0.18812,-0.10590,0.06594,-0.20269,-0.06478,-0.00037,-0.05711,-0.11289,-0.05838,-0.08788,-0.20037,-0.15993,-0.11462
-0.03417,-0.08270,0.07324,-0.22183,-0.06303,-0.08756,-0.02318,-0.09516,0.01251,0.01205,-0.11539,-0.15805,-0.08732
0.11437,0.11003,0.08284,0.02517,0.09083,0.22313,0.11559,0.05549,0.15371,0.21116,0.15816,-0.04470,0.11176
0.24850,0.27602,0.07300,0.23921,0.39608,0.28190,0.22493,0.34382,0.23444,0.35247,0.31356,0.19293,0.18083
0.36440,0.32874,0.10580,0.17993,0.45956,0.26752,0.37284,0.44390,0.22964,0.41275,0.41965,0.30197,0.19963
0.42985,0.44628,0.08077,0.27796,0.47497,0.45134,0.60974,0.40512,0.42222,0.46715,0.45566,0.44986,0.44880
0.53497,0.57221,0.10715,0.38494,0.59954,0.71664,0.67406,0.44819,0.61114,0.57585,0.52058,0.50721,0.68396
0.60910,0.53158,0.14163,0.34802,0.63500,0.74883,0.71599,0.48777,0.41052,0.56368,0.49734,0.34427,0.56436
0.64951,0.61621,0.11582,0.38765,0.71745,0.73174,0.69117,0.53875,0.66726,0.59880,0.50858,0.57414,0.74661
0.60585,0.63445,0.15751,0.34028,0.73678,0.81989,0.77916,0.49612,0.70714,0.55704,0.52758,0.58326,0.79721
0.61843,0.59374,0.15837,0.24842,0.68910,0.78051,0.77391,0.52348,0.65936,0.51936,0.50562,0.56286,0.67475
0.60016,0.57178,0.13269,0.28828,0.69967,0.63585,0.66143,0.51931,0.68128,0.45981,0.47725,0.61652,0.67842
0.55025,0.40387,0.13575,0.23611,0.51231,0.59935,0.53459,0.46307,0.32373,0.44679,0.40182,0.35466,0.16624
0.47051,0.51341,0.15070,0.34976,0.60467,0.78425,0.52021,0.51219,0.59100,0.45544,0.40239,0.64130,0.27294
0.33198,0.28751,0.11242,0.07154,0.41932,0.30454,0.27248,0.33168,0.36376,0.31438,0.34073,0.35258,0.10404
0.24473,0.18081,0.05078,0.16173,0.14692,0.24369,0.14963,0.21498,0.19004,0.23933,0.23175,0.13548,0.09455
0.13904,0.08015,0.07171,-0.01363,0.00574,0.20312,0.07056,0.09007,0.10642,0.14450,0.14438,-0.00342,0.05374
0.01939,-0.06217,0.07877,-0.05272,-0.08056,0.14011,-0.00348,-0.08646,-0.11213,-0.10755,-0.10855,-0.11040,-0.10001
-0.11023,-0.09339,0.07245,-0.06570,-0.12333,0.07543,-0.05678,-0.10180,-0.18148,-0.10140,-0.07108,-0.15046,-0.15732
-0.26333,-0.24799,0.11409,-0.11501,-0.17829,-0.18368,-0.16630,-0.16210,-0.46537,-0.34660,-0.31312,-0.19175,-0.35767
-0.36397,-0.40737,0.11479,-0.39425,-0.39168,-0.42563,-0.35206,-0.22714,-0.58108,-0.44786,-0.35896,-0.29765,-0.59738
-0.46267,-0.47800,0.13490,-0.42768,-0.62511,-0.32312,-0.45233,-0.29553,-0.67251,-0.44735,-0.42080,-0.44183,-0.67371
-0.55640,-0.57789,0.12899,-0.60358,-0.79205,-0.47429,-0.40283,-0.49714,-0.75639,-0.54715,-0.47591,-0.54619,-0.68334
-0.67325,-0.69843,0.10695,-0.79973,-0.86625,-0.60984,-0.52372,-0.66977,-0.76824,-0.79745,-0.63259,-0.61901,-0.69768
-0.70326,-0.71869,0.08142,-0.74281,-0.91728,-0.68595,-0.61911,-0.68564,-0.73754,-0.68001,-0.66899,-0.68500,-0.76458
-0.71780,-0.80181,0.07062,-0.88064,-0.91074,-0.85454,-0.68832,-0.78500,-0.80857,-0.82796,-0.78344,-0.70767,-0.77124
-0.71716,-0.73934,0.07489,-0.80564,-0.89245,-0.76724,-0.67469,-0.73969,-0.68454,-0.75484,-0.75257,-0.62966,-0.69207
-0.74480,-0.78503,0.07060,-0.90088,-0.83675,-0.79470,-0.73445,-0.86488,-0.75733,-0.81654,-0.67150,-0.72247,-0.75078
-0.67349,-0.71493,0.09355,-0.85331,-0.76165,-0.58932,-0.65076,-0.72454,-0.67483,-0.88616,-0.65749,-0.68347,-0.66775
-0.58791,-0.68564,0.11461,-0.80742,-0.81896,-0.67826,-0.63201,-0.56598,-0.62157,-0.90205,-0.62172,-0.61009,-0.59830
-0.49087,-0.47739,0.05278,-0.48347,-0.43035,-0.50134,-0.45253,-0.39394,-0.48959,-0.51750,-0.56823,-0.42108,-0.51591
-0.38763,-0.36817,0.08401,-0.45267,-0.26643,-0.44884,-0.36905,-0.25718,-0.31412,-0.45108,-0.40930,-0.26862,-0.44438
-0.30078,-0.29843,0.09895,-0.51676,-0.25665,-0.28162,-0.29432,-0.20075,-0.20045,-0.39234,-0.29289,-0.20628,-0.34228
-0.15696,-0.29093,0.11017,-0.54288,-0.31993,-0.22805,-0.27034,-0.18577,-0.19981,-0.41491,-0.25899,-0.22940,-0.25924
-0.01526,-0.08476,0.11334,-0.27340,-0.21230,-0.05674,0.02947,0.04127,0.03193,0.01086,-0.15895,-0.15914,-0.10056
0.11678,0.07098,0.16785,-0.16300,0.08083,0.03026,0.38520,0.03782,0.09096,0.32441,-0.07982,0.01237,-0.00926
0.19510,0.28124,0.14079,0.11973,0.28002,0.28337,0.58272,0.26308,0.20131,0.44835,0.16000,0.30070,0.17310
0.33382,0.34621,0.07578,0.27777,0.38299,0.44824,0.33221,0.34890,0.25252,0.47358,0.36982,0.32488,0.25123
0.45208,0.41687,0.12608,0.27682,0.41591,0.68944,0.46747,0.39343,0.34002,0.51942,0.46039,0.33255,0.27327
0.54363,0.47270,0.11679,0.30284,0.46885,0.70336,0.61889,0.43780,0.37469,0.49512,0.43943,0.39240,0.49365
0.60454,0.40017,0.09405,0.24082,0.52789,0.37248,0.45352,0.41099,0.47591,0.43576,0.45609,0.38208,0.24617
0.60877,0.46918,0.10223,0.25673,0.55416,0.41477,0.64469,0.47461,0.50074,0.42084,0.44527,0.52966,0.45036
0.64166,0.36733,0.09862,0.26172,0.53387,0.43233,0.42772,0.39644,0.33950,0.36624,0.36237,0.38297,0.17015
0.64160,0.37731,0.15213,0.17234,0.54964,0.36142,0.55168,0.48214,0.21771,0.42297,0.38301,0.48907,0.14309
0.60813,0.28548,0.15779,0.06827,0.57011,0.34669,0.27873,0.43635,0.18953,0.24576,0.30033,0.36246,0.05655
0.49865,0.26789,0.12179,0.08737,0.49691,0.32657,0.28872,0.33756,0.19139,0.16001,0.33893,0.30826,0.14314
0.44272,0.15408,0.16581,0.06678,0.28427,0.30821,0.19378,0.10852,-0.17075,0.09646,0.26177,0.38498,0.00677
0.36356,0.23171,0.10667,0.20170,0.46714,0.23384,0.21530,0.11695,0.19903,0.14332,0.29579,0.32067,0.12339
0.26262,0.10940,0.07188,0.07135,0.23670,0.17531,0.06983,0.05713,0.00346,0.05651,0.14875,0.17662,0.09838
0.14133,-0.05007,0.09332,-0.10987,0.08668,0.01389,-0.05608,-0.14115,-0.15354,-0.18545,0.02549,-0.02033,0.03964
-0.02441,-0.16824,0.12861,-0.21342,-0.03346,-0.00493,-0.15178,-0.20903,-0.41529,-0.31760,-0.14413,-0.15024,-0.04248
-0.13191,-0.24194,0.09533,-0.22133,-0.12054,-0.13507,-0.29133,-0.21891,-0.42222,-0.33960,-0.15988,-0.21587,-0.29466
-0.24340,-0.35160,0.10785,-0.26442,-0.23480,-0.40388,-0.34620,-0.29174,-0.52037,-0.40227,-0.27761,-0.24952,-0.52522
-0.35834,-0.41399,0.10483,-0.30385,-0.33902,-0.45993,-0.46071,-0.34713,-0.53655,-0.46621,-0.31810,-0.30888,-0.59948
-0.47266,-0.49432,0.09392,-0.39586,-0.52220,-0.55873,-0.50262,-0.40915,-0.61869,-0.47646,-0.34032,-0.49092,-0.62820
-0.58904,-0.58195,0.12038,-0.44985,-0.73890,-0.66708,-0.54092,-0.51245,-0.72480,-0.54347,-0.36975,-0.60629,-0.66597
-0.64800,-0.60223,0.11911,-0.48557,-0.75472,-0.78099,-0.56945,-0.55965,-0.65100,-0.57279,-0.37801,-0.62275,-0.64736
-0.69393,-0.63879,0.12222,-0.46844,-0.85814,-0.78657,-0.57486,-0.59941,-0.71915,-0.56694,-0.50568,-0.65241,-0.65635
-0.72578,-0.70505,0.13782,-0.49971,-0.94874,-0.84098,-0.61545,-0.63142,-0.84316,-0.66328,-0.58207,-0.68635,-0.73932
-0.74189,-0.68491,0.11421,-0.54754,-0.91599,-0.82235,-0.64895,-0.62449,-0.75966,-0.62857,-0.58310,-0.63865,-0.67979
-0.74164,-0.67210,0.10684,-0.53358,-0.84311,-0.82492,-0.65646,-0.60124,-0.76338,-0.62773,-0.63241,-0.55515,-0.68301
-0.72514,-0.65701,0.07556,-0.55667,-0.71701,-0.70933,-0.64925,-0.61289,-0.79569,-0.65779,-0.64298,-0.54396,-0.68455
-0.69303,-0.63581,0.06539,-0.64298,-0.63855,-0.74125,-0.64034,-0.62311,-0.69460,-0.65244,-0.52458,-0.53505,-0.66519
-0.64648,-0.55495,0.06488,-0.61443,-0.45702,-0.54992,-0.62323,-0.56375,-0.60934,-0.58495,-0.47271,-0.47098,-0.60314
-0.58720,-0.47384,0.09948,-0.44525,-0.34469,-0.46974,-0.59393,-0.42668,-0.54395,-0.59285,-0.38558,-0.34959,-0.58612
-0.51683,-0.41661,0.13201,-0.46195,-0.22077,-0.35524,-0.50280,-0.31328,-0.57377,-0.51939,-0.39022,-0.24317,-0.58551
-0.43773,-0.37190,0.15859,-0.39638,-0.12999,-0.16038,-0.39552,-0.29512,-0.58132,-0.51502,-0.41234,-0.26463,-0.56826
-0.35337,-0.34297,0.17728,-0.38160,-0.12944,-0.10566,-0.34119,-0.23009,-0.59246,-0.51305,-0.36026,-0.19929,-0.57664
-0.26562,-0.31310,0.17137,-0.35269,-0.07232,-0.17300,-0.31726,-0.14984,-0.56641,-0.51821,-0.31547,-0.17256,-0.49329
-0.17712,-0.22015,0.14056,-0.29771,0.01040,-0.13440,-0.29339,-0.09904,-0.45635,-0.36607,-0.24861,-0.10480,-0.21153
-0.09137,-0.10204,0.12920,-0.20359,0.08554,-0.01660,-0.24982,0.03085,-0.24003,-0.16657,-0.23507,-0.03509,0.01001
-0.01299,-0.10421,0.09134,-0.13122,-0.07653,0.05882,-0.20951,-0.09210,-0.16323,-0.02838,-0.25977,-0.06768,-0.07253
0.05466,-0.07393,0.05918,-0.11076,-0.11219,0.03425,-0.06583,-0.06242,-0.09020,-0.01984,-0.18330,-0.09167,-0.03739
0.11027,0.05409,0.08511,-0.01721,-0.04965,0.16689,0.02695,0.07083,0.10284,0.09914,-0.06543,0.18101,0.02558
0.15168,0.05681,0.05711,0.07227,0.11517,0.04269,0.02516,0.06746,0.02341,0.13968,-0.06435,0.04885,0.09773
0.17605,0.20076,0.10112,0.11762,0.29495,0.19727,0.09837,0.12694,0.21066,0.31954,0.14225,0.38751,0.11252
0.18231,0.11247,0.12808,-0.06765,0.13941,0.16297,0.06457,0.12171,0.21643,-0.08614,0.25351,0.29201,0.02785
0.17056,0.22378,0.12439,0.02923,0.35147,0.41713,0.16221,0.21566,0.28737,0.08320,0.32767,0.23556,0.12832
0.14102,0.22776,0.07990,0.06285,0.24648,0.29614,0.17290,0.23463,0.24975,0.17935,0.35173,0.28424,0.19956
0.09492,0.20372,0.08358,0.11418,0.14974,0.27989,0.12101,0.14619,0.16883,0.26222,0.37021,0.25414,0.17080
0.03411,0.11432,0.09487,0.15799,0.03366,0.22900,0.08336,-0.03825,0.10986,0.05582,0.29126,0.12459,0.09585
0.01392,-0.07946,0.12747,-0.07423,0.02114,0.00205,-0.04306,-0.20744,-0.32344,-0.04184,0.12309,-0.17808,-0.07276
-0.18651,-0.27762,0.11768,-0.14698,-0.24955,-0.17237,-0.24084,-0.29981,-0.50416,-0.34540,-0.11929,-0.38579,-0.31201
-0.39399,-0.51031,0.12857,-0.37191,-0.53560,-0.51567,-0.40244,-0.67564,-0.68347,-0.47238,-0.35070,-0.67075,-0.42457
-0.59905,-0.51146,0.12774,-0.47020,-0.58604,-0.45983,-0.53912,-0.65288,-0.45630,-0.56353,-0.54120,-0.63927,-0.20619
-0.63096,-0.78778,0.17530,-0.77336,-0.82941,-0.85442,-1.15479,-0.78910,-0.65035,-0.90641,-0.60094,-0.79126,-0.52776
-0.91945,-1.02590,0.17580,-1.04391,-1.16068,-1.11901,-1.32756,-0.95803,-0.83108,-1.22081,-0.88100,-0.89274,-0.82414
-1.18913,-1.15779,0.15812,-1.11769,-1.41463,-1.31296,-1.30440,-1.10755,-0.99229,-1.28683,-1.03775,-1.03561,-0.96816
-1.42722,-1.31619,0.18148,-1.33033,-1.56654,-1.42275,-1.35698,-1.25610,-1.20079,-1.57262,-1.10755,-1.33834,-1.00988
-1.62841,-1.52031,0.19868,-1.51983,-1.86657,-1.51859,-1.67992,-1.48351,-1.11846,-1.68759,-1.43304,-1.42602,-1.46958
-1.79442,-1.76938,0.15631,-1.72013,-2.08297,-1.69272,-1.93512,-1.51372,-1.80797,-1.83415,-1.70611,-1.67570,-1.72524
-1.77754,-1.93255,0.17488,-1.77276,-2.27240,-1.93322,-2.03157,-1.76156,-1.88711,-1.89838,-1.74351,-1.86515,-2.15988
-1.98698,-2.14114,0.24667,-2.01831,-2.51992,-2.58492,-2.21334,-2.08791,-2.12838,-1.91373,-1.87924,-1.89120,-2.17441
-2.16447,-2.31203,0.27202,-2.30208,-2.73172,-2.79816,-2.25560,-2.40148,-2.26879,-2.02305,-2.01916,-2.04850,-2.27177
-2.30917,-2.35697,0.27814,-2.34827,-2.84922,-2.76726,-2.32785,-2.47148,-2.31962,-2.10896,-2.02200,-2.05096,-2.30411
-2.42047,-2.43643,0.29939,-2.39453,-2.95808,-2.90748,-2.38227,-2.57244,-2.41304,-2.23360,-2.16585,-2.04392,-2.29305
-2.49794,-2.47658,0.28283,-2.45153,-2.99830,-2.89186,-2.40853,-2.57487,-2.46955,-2.20124,-2.25578,-2.11674,-2.39744
-2.39267,-2.58480,0.31311,-2.52484,-3.12376,-3.07105,-2.43193,-2.65488,-2.69650,-2.23481,-2.34889,-2.22325,-2.53814
-2.51745,-2.54822,0.34088,-2.40399,-3.09241,-2.93774,-2.37478,-2.83915,-2.79879,-2.13161,-2.25820,-2.18086,-2.46469
-2.60905,-2.53459,0.30864,-2.46163,-2.98354,-2.85021,-2.32557,-2.85962,-2.70624,-2.08499,-2.51072,-2.13787,-2.42548
-2.66717,-2.51808,0.28182,-2.49948,-2.89946,-2.70355,-2.22720,-2.81367,-2.65985,-2.15282,-2.66704,-2.08854,-2.46914
-2.69166,-2.57421,0.29476,-2.66391,-2.85998,-2.73156,-2.20930,-2.90061,-2.73851,-2.37061,-2.79918,-2.03732,-2.43115
-2.68259,-2.58102,0.31101,-2.62746,-2.79846,-2.84882,-2.23877,-2.87528,-2.90904,-2.36482,-2.74968,-2.01061,-2.38727
-2.48495,-2.62122,0.33928,-2.67567,-2.64278,-2.80029,-2.28628,-3.05761,-2.94417,-2.23204,-3.03259,-2.15478,-2.38601
-2.52501,-2.53130,0.30188,-2.61192,-2.40016,-2.83757,-2.36615,-2.95579,-2.79695,-2.14677,-2.76554,-2.10833,-2.32386
-2.53190,-2.44289,0.22294,-2.58167,-2.37273,-2.71866,-2.34024,-2.81368,-2.55963,-2.12335,-2.43777,-2.21353,-2.26765
-2.50577,-2.16827,0.13035,-2.20937,-2.05805,-2.24060,-2.25072,-2.37243,-2.14784,-2.18453,-2.26883,-1.97593,-1.97442
-2.44695,-2.14840,0.21587,-2.04510,-2.27219,-2.11172,-1.97909,-2.64739,-2.03288,-2.25249,-2.21399,-1.86882,-2.06029
-2.35593,-2.24202,0.25474,-2.18441,-2.35089,-2.36837,-1.78116,-2.72062,-2.17170,-2.18554,-2.29796,-1.96478,-2.39475
-2.07455,-2.01461,0.23391,-1.85308,-2.01831,-2.13666,-1.63811,-2.28898,-2.24322,-1.83309,-2.18820,-1.73279,-2.21368
-2.03258,-1.91952,0.25528,-1.73798,-1.77964,-2.04678,-1.50642,-2.06312,-2.20697,-1.73083,-2.32343,-1.75102,-2.04899
-1.95851,-1.65552,0.17038,-1.72247,-1.51614,-1.85338,-1.41359,-1.57670,-1.85645,-1.54714,-1.88541,-1.49096,-1.69295
-1.85292,-1.30729,0.13322,-1.30848,-1.28693,-1.52578,-1.19177,-1.06898,-1.44213,-1.33830,-1.36222,-1.18175,-1.36660
-1.71655,-1.30479,0.14721,-1.29901,-1.37381,-1.47533,-1.15419,-1.09782,-1.35625,-1.20686,-1.27103,-1.23151,-1.58207
-1.55026,-1.27462,0.11859,-1.33856,-1.21010,-1.50042,-1.12789,-1.22086,-1.26478,-1.17138,-1.20192,-1.27176,-1.43853
-1.20659,-1.19007,0.11798,-1.09546,-1.34328,-1.39747,-1.00641,-1.16771,-1.18531,-1.13031,-1.11795,-1.27237,-1.18443
-1.09004,-0.87902,0.11495,-1.04267,-0.88785,-1.03858,-0.72577,-1.00862,-0.87539,-0.78282,-0.78120,-0.79755,-0.84974
-0.94837,-0.42170,0.11114,-0.57397,-0.30190,-0.29649,-0.47988,-0.53912,-0.41330,-0.52445,-0.36126,-0.26411,-0.46248
-0.78637,-0.30631,0.11840,-0.29000,-0.17726,-0.14416,-0.48993,-0.48124,-0.33503,-0.35711,-0.24881,-0.20172,-0.33783
-0.61190,-0.32566,0.13418,-0.21291,-0.11573,-0.24099,-0.33262,-0.47792,-0.42613,-0.50441,-0.29881,-0.19688,-0.45019
-0.42680,-0.15846,0.12913,-0.10296,0.00674,0.03385,-0.12192,-0.22779,-0.26012,-0.41172,-0.19364,-0.13331,-0.17370
-0.14835,0.09118,0.09613,0.05763,0.07519,0.20927,0.09623,-0.02250,-0.04003,0.12637,0.11754,0.26794,0.02413
-0.07123,0.40281,0.11279,0.39938,0.55449,0.38606,0.30658,0.40736,0.27546,0.46844,0.44503,0.56498,0.22031
-0.00584,0.28601,0.08221,0.29441,0.42631,0.32828,0.21294,0.28685,0.25337,0.24268,0.36282,0.32095,0.13146
0.04937,0.27925,0.09451,0.26053,0.41000,0.39676,0.25611,0.20199,0.22506,0.20912,0.38463,0.31799,0.13034
0.09314,0.18816,0.08157,0.09480,0.22928,0.33456,0.13610,0.24266,0.16216,0.21469,0.26021,0.07633,0.13082
0.16599,0.08657,0.07440,-0.00456,0.02055,0.24728,0.07619,0.07543,0.12493,0.01931,0.14925,0.05573,0.10163
0.06661,-0.03408,0.07082,-0.03705,-0.03314,0.08407,0.00686,-0.02991,-0.11142,-0.17406,0.00378,-0.05888,0.00897
-0.04793,-0.16609,0.11950,-0.06199,-0.09524,0.00817,-0.11010,-0.18352,-0.37366,-0.33069,-0.09887,-0.18835,-0.22668
-0.17180,-0.28895,0.14134,-0.13200,-0.19205,-0.13568,-0.29576,-0.21635,-0.49165,-0.36140,-0.27538,-0.23953,-0.54972
-0.30089,-0.41282,0.13277,-0.27381,-0.42476,-0.26224,-0.43712,-0.26161,-0.55850,-0.48697,-0.30464,-0.48270,-0.63588
-0.42984,-0.50703,0.08304,-0.40455,-0.50547,-0.54495,-0.49082,-0.43262,-0.56600,-0.60586,-0.36818,-0.54199,-0.60983
-0.55436,-0.59655,0.08252,-0.46814,-0.64131,-0.59073,-0.57355,-0.51468,-0.66204,-0.67497,-0.48755,-0.66045,-0.69205
-0.67221,-0.75555,0.09631,-0.63213,-0.85739,-0.74060,-0.65459,-0.71457,-0.89396,-0.70925,-0.71942,-0.72828,-0.90531
-0.77859,-0.73868,0.08108,-0.60628,-0.84122,-0.75744,-0.66101,-0.70511,-0.85297,-0.72256,-0.72595,-0.68839,-0.82583
-0.86778,-0.85639,0.10359,-0.84664,-0.90415,-0.92247,-0.82916,-0.77685,-0.98659,-0.79642,-0.70158,-0.76879,-1.03127
-0.93686,-0.98376,0.11835,-0.99552,-0.99724,-1.05705,-0.98898,-0.82231,-1.16211,-0.86644,-0.95547,-0.84197,-1.15051
-0.98471,-0.99752,0.11709,-1.04787,-1.01766,-1.18074,-0.96612,-0.86461,-1.10748,-0.90507,-0.96385,-0.81293,-1.10885
-1.00947,-1.05838,0.13345,-1.20343,-1.21662,-1.19076,-0.96969,-0.89462,-1.11065,-0.94003,-0.99339,-0.89147,-1.17315
-1.00930,-1.17708,0.11671,-1.38658,-1.23491,-1.28449,-1.14066,-1.01737,-1.12171,-1.02783,-1.10782,-1.19079,-1.25867
-0.98442,-1.03052,0.07610,-0.99958,-1.12515,-1.10887,-0.94212,-0.98893,-1.14868,-0.98253,-0.94938,-0.98712,-1.07284
-0.93617,-0.89558,0.07699,-0.91272,-0.91917,-0.97136,-0.86376,-0.94310,-1.00249,-0.84581,-0.77527,-0.78131,-0.94077
-0.86569,-0.87893,0.09562,-0.94350,-0.75798,-0.91833,-0.84842,-0.91255,-1.01161,-0.87098,-0.77154,-0.75337,-1.00103
-0.77616,-0.79354,0.11854,-0.95775,-0.70768,-0.64187,-0.71383,-0.83405,-0.86113,-0.86144,-0.66734,-0.72128,-0.96905
-0.67101,-0.71002,0.10553,-0.92814,-0.59203,-0.69447,-0.63733,-0.64328,-0.79325,-0.72718,-0.60034,-0.68110,-0.80306
-0.55207,-0.62816,0.14066,-0.83807,-0.33417,-0.60274,-0.55486,-0.53846,-0.68041,-0.76951,-0.64536,-0.59338,-0.72464
-0.42341,-0.47933,0.11084,-0.69342,-0.35858,-0.36712,-0.44597,-0.35877,-0.58018,-0.49469,-0.48892,-0.43100,-0.57465
-0.29089,-0.38154,0.15847,-0.63612,-0.33315,-0.20566,-0.21563,-0.21353,-0.56516,-0.34952,-0.39774,-0.33124,-0.56766
-0.15871,-0.13609,0.11551,-0.38883,-0.16290,-0.00244,0.00275,-0.06131,-0.16540,-0.10984,-0.21795,-0.17414,-0.08088
-0.02920,-0.04015,0.11975,-0.19881,-0.09085,0.11033,0.05363,0.14176,-0.05672,0.04817,-0.16108,-0.12799,-0.11990
0.09149,0.21320,0.10650,0.06668,0.31984,0.30824,0.11739,0.36717,0.17279,0.32145,0.17175,0.10812,0.17853
0.19812,0.25426,0.14208,0.03827,0.40958,0.33254,0.22725,0.46080,0.17110,0.34307,0.32571,0.07297,0.16136
0.28595,0.41348,0.11048,0.19073,0.57524,0.44048,0.37770,0.52758,0.30926,0.49557,0.41074,0.42872,0.37874
0.35338,0.58635,0.10159,0.42391,0.72209,0.62994,0.50859,0.53880,0.61628,0.55963,0.50127,0.60761,0.75536
0.39761,0.43743,0.14010,0.27201,0.65876,0.42432,0.46319,0.49171,0.32962,0.59376,0.44166,0.49967,0.19962
0.41705,0.46005,0.12211,0.40818,0.62935,0.38390,0.52784,0.46956,0.35697,0.47648,0.47624,0.63605,0.23593
0.41096,0.28658,0.11470,0.13131,0.50959,0.32542,0.27361,0.34991,0.21121,0.16906,0.37909,0.32618,0.19039
0.38017,0.30591,0.15671,0.02355,0.54793,0.34806,0.35588,0.37964,0.20491,0.18643,0.31784,0.49735,0.19752
0.32584,0.18634,0.14208,-0.01931,0.46673,0.29739,0.12254,0.14851,0.16565,0.03795,0.28668,0.25037,0.10691
0.25009,0.09141,0.13043,-0.02764,0.35973,0.16758,0.05254,0.06712,0.10120,-0.03868,0.23830,0.03307,-0.03913
0.15566,-0.00040,0.08427,-0.04021,0.06369,0.15624,0.02338,-0.04939,-0.07589,-0.12778,0.08851,-0.02469,-0.01781
0.04682,-0.02323,0.10028,-0.00462,0.13294,0.09068,-0.00735,-0.08283,-0.19928,-0.13615,0.04677,-0.03821,-0.03421
-0.07292,-0.11530,0.10048,-0.03306,-0.02637,0.03464,-0.15358,-0.15749,-0.22417,-0.28804,-0.03208,-0.15830,-0.11457
-0.20082,-0.31243,0.12266,-0.09700,-0.21539,-0.21925,-0.33605,-0.29224,-0.47540,-0.49334,-0.27346,-0.31412,-0.40802
-0.33235,-0.45100,0.11602,-0.26833,-0.39478,-0.42863,-0.44736,-0.39887,-0.55807,-0.53177,-0.29809,-0.58110,-0.60297
-0.46167,-0.50198,0.10302,-0.34575,-0.41875,-0.55739,-0.53623,-0.42627,-0.55043,-0.58810,-0.36596,-0.60557,-0.62534
-0.58464,-0.66271,0.10061,-0.46524,-0.72161,-0.71558,-0.59618,-0.63160,-0.81515,-0.69953,-0.55825,-0.70516,-0.71884
-0.69831,-0.76755,0.08947,-0.66365,-0.82306,-0.84916,-0.67140,-0.72952,-0.95314,-0.71506,-0.71117,-0.77117,-0.78815
-0.79799,-0.80482,0.06714,-0.75129,-0.82016,-0.93302,-0.74372,-0.78479,-0.88871,-0.76385,-0.72091,-0.80324,-0.83851
-0.87984,-0.85313,0.06007,-0.86999,-0.87572,-0.92293,-0.77977,-0.82332,-0.96717,-0.80013,-0.82554,-0.79347,-0.87325
-0.93980,-0.95677,0.10764,-0.87567,-0.92279,-1.09873,-0.92885,-0.87795,-1.15973,-0.85059,-0.88312,-0.91480,-1.05547
-0.97626,-0.90084,0.08541,-0.86202,-0.92577,-1.05279,-0.89062,-0.83080,-1.04836,-0.81657,-0.82733,-0.88056,-0.87362
-0.98903,-0.84162,0.11761,-0.69189,-0.84728,-1.09509,-0.78623,-0.78220,-0.97560,-0.75809,-0.76660,-0.86620,-0.84701
-0.97730,-0.67361,0.12101,-0.43693,-0.65855,-0.89564,-0.62380,-0.60567,-0.70386,-0.70367,-0.61348,-0.78517,-0.70938
-0.94162,-0.76961,0.12780,-0.54057,-0.81736,-0.99373,-0.75184,-0.67553,-0.86321,-0.70950,-0.67150,-0.86753,-0.80533
-0.88375,-0.85469,0.15563,-0.64102,-0.95178,-1.04500,-0.73539,-0.79981,-1.01619,-0.77185,-0.65031,-0.90016,-1.03540
-0.73544,-0.71266,0.16081,-0.39623,-0.68884,-0.86942,-0.64358,-0.72091,-0.93266,-0.63590,-0.57390,-0.84510,-0.82010
-0.72481,-0.62025,0.14122,-0.46788,-0.54805,-0.84042,-0.55814,-0.56924,-0.77803,-0.62556,-0.38969,-0.73423,-0.69130
-0.70235,-0.50378,0.12387,-0.30765,-0.41945,-0.71143,-0.51416,-0.43368,-0.53904,-0.53335,-0.36223,-0.59564,-0.62121
-0.66626,-0.54186,0.14493,-0.35342,-0.46326,-0.83733,-0.51811,-0.49363,-0.51013,-0.57484,-0.36684,-0.67073,-0.63029
-0.61663,-0.52359,0.12934,-0.29656,-0.42715,-0.63056,-0.52876,-0.47837,-0.62456,-0.48807,-0.40037,-0.68992,-0.67153
-0.51042,-0.43811,0.12142,-0.22297,-0.31747,-0.59269,-0.49210,-0.36402,-0.48185,-0.45586,-0.34761,-0.51706,-0.58942
-0.52891,-0.34117,0.11449,-0.10533,-0.21624,-0.42844,-0.42275,-0.26288,-0.42982,-0.44988,-0.31508,-0.36736,-0.41390
-0.54110,-0.35269,0.11552,-0.09733,-0.25717,-0.40526,-0.39280,-0.27610,-0.45390,-0.44723,-0.31786,-0.44282,-0.43648
-0.54479,-0.40407,0.12568,-0.16147,-0.30141,-0.57088,-0.44864,-0.36344,-0.36247,-0.50914,-0.31579,-0.48295,-0.52453
-0.44027,-0.43586,0.12522,-0.20043,-0.31883,-0.42781,-0.48117,-0.38049,-0.49540,-0.47654,-0.36862,-0.59787,-0.61150
-0.51411,-0.48869,0.09972,-0.34888,-0.47122,-0.50215,-0.43418,-0.44690,-0.53285,-0.52956,-0.35346,-0.65254,-0.61517
-0.58416,-0.41560,0.09705,-0.28477,-0.34419,-0.34044,-0.38366,-0.37589,-0.46341,-0.58538,-0.35505,-0.48838,-0.53488
-0.64505,-0.44198,0.09952,-0.28316,-0.35453,-0.44210,-0.45830,-0.41159,-0.43521,-0.61703,-0.35587,-0.55482,-0.50715
-0.69374,-0.53891,0.09999,-0.33215,-0.47750,-0.64227,-0.52024,-0.58176,-0.53906,-0.64957,-0.44078,-0.58662,-0.61915
-0.65683,-0.62438,0.10324,-0.40279,-0.54150,-0.76134,-0.58102,-0.65600,-0.67615,-0.72692,-0.57714,-0.64835,-0.67259
-0.76241,-0.70058,0.10444,-0.55729,-0.60368,-0.88127,-0.63838,-0.69201,-0.83896,-0.72326,-0.61428,-0.68960,-0.76705
-0.85523,-0.65434,0.09827,-0.52141,-0.58572,-0.81656,-0.56478,-0.72404,-0.72164,-0.67029,-0.52983,-0.70258,-0.70654
-0.92790,-0.72534,0.08948,-0.56942,-0.75612,-0.84491,-0.61111,-0.78760,-0.78968,-0.73705,-0.63562,-0.74208,-0.77984
-0.97633,-0.85434,0.10666,-0.76316,-0.88219,-1.01509,-0.71272,-0.86915,-1.02001,-0.87290,-0.73796,-0.78460,-0.88560
-0.94679,-0.94043,0.11064,-0.85429,-0.93817,-1.13917,-0.85380,-0.89676,-1.10359,-0.94751,-0.86510,-0.80634,-0.99961
-1.03221,-0.95371,0.11793,-0.88915,-0.92947,-1.11883,-0.86453,-0.96208,-1.14629,-0.95982,-0.80137,-0.82342,-1.04209
-1.09288,-0.98507,0.10939,-0.89190,-0.96596,-1.10688,-0.92380,-0.93986,-1.21706,-1.00527,-0.90470,-0.86240,-1.03290
-1.12435,-0.96649,0.11121,-0.88569,-0.93893,-1.12157,-0.95376,-0.87232,-1.19502,-0.92838,-0.93617,-0.84121,-0.99187
-1.12640,-1.02531,0.13712,-0.90023,-1.00890,-1.22502,-0.98582,-0.91873,-1.26280,-0.95759,-0.93143,-0.90753,-1.15500
-1.05746,-0.97988,0.12904,-0.90994,-0.87004,-1.18046,-0.97251,-0.92566,-1.18892,-0.91380,-0.82669,-0.91364,-1.09714
-1.08821,-0.92032,0.11658,-0.91257,-0.88247,-1.20849,-0.86016,-0.89227,-1.00023,-0.83272,-0.80113,-0.85795,-0.95523
-1.09345,-0.80474,0.11719,-0.69566,-0.81209,-1.07243,-0.72867,-0.78917,-0.92953,-0.73837,-0.68747,-0.78963,-0.80442
-1.07064,-0.82964,0.11795,-0.69919,-0.89506,-1.04331,-0.72234,-0.80562,-0.94453,-0.76681,-0.67936,-0.83037,-0.90982
-0.90336,-0.78877,0.12297,-0.61778,-0.89002,-0.88829,-0.67670,-0.73138,-0.98217,-0.71723,-0.66169,-0.83231,-0.89013
-0.91617,-0.72160,0.11969,-0.59885,-0.78006,-0.92341,-0.63016,-0.66485,-0.88249,-0.65420,-0.56947,-0.78918,-0.72333
-0.91127,-0.60569,0.11670,-0.50533,-0.66438,-0.81297,-0.57938,-0.57017,-0.62553,-0.55317,-0.38334,-0.67435,-0.68828
-0.88475,-0.58588,0.11468,-0.42019,-0.71084,-0.70102,-0.54748,-0.56670,-0.62529,-0.59669,-0.36989,-0.67998,-0.64074
-0.83707,-0.65588,0.12388,-0.58983,-0.82125,-0.64761,-0.55060,-0.55148,-0.85066,-0.61656,-0.47154,-0.72960,-0.72968
-0.67117,-0.56922,0.08181,-0.53106,-0.60446,-0.58401,-0.48820,-0.50967,-0.66492,-0.52739,-0.44268,-0.66765,-0.67218
-0.67608,-0.62827,0.09293,-0.68386,-0.74660,-0.58767,-0.52490,-0.58480,-0.73391,-0.55665,-0.48008,-0.69195,-0.69226
-0.67104,-0.59131,0.08690,-0.73207,-0.62960,-0.56499,-0.54063,-0.59551,-0.62075,-0.53377,-0.40837,-0.63214,-0.65524
-0.65279,-0.59510,0.10386,-0.78852,-0.57586,-0.57810,-0.51282,-0.58367,-0.66031,-0.55139,-0.40383,-0.60514,-0.69138
-0.62151,-0.60640,0.10995,-0.82811,-0.60434,-0.50943,-0.57447,-0.59312,-0.68700,-0.58619,-0.42704,-0.55967,-0.69460
-0.57849,-0.65942,0.12145,-0.92577,-0.62708,-0.64953,-0.59573,-0.66025,-0.69621,-0.60825,-0.46122,-0.60751,-0.76268
-0.52494,-0.61517,0.09987,-0.80437,-0.61492,-0.56531,-0.61338,-0.60949,-0.66423,-0.57233,-0.45605,-0.52177,-0.72989
-0.46264,-0.43522,0.07733,-0.47084,-0.35719,-0.33925,-0.48398,-0.44488,-0.49064,-0.40815,-0.40736,-0.35866,-0.59121
-0.39376,-0.39321,0.08241,-0.41777,-0.33454,-0.32676,-0.37974,-0.33640,-0.48098,-0.43228,-0.39341,-0.27537,-0.55486
-0.32124,-0.32373,0.10794,-0.29947,-0.21868,-0.14563,-0.34101,-0.30623,-0.42204,-0.36238,-0.36926,-0.24515,-0.52748
-0.24715,-0.29530,0.10511,-0.27397,-0.28233,-0.13903,-0.20907,-0.23232,-0.44172,-0.36111,-0.32327,-0.21967,-0.47054
-0.17397,-0.22099,0.08943,-0.21253,-0.15820,-0.13335,-0.16369,-0.17823,-0.36907,-0.19629,-0.28578,-0.14253,-0.37024
-0.10452,-0.11078,0.09227,-0.14961,-0.05016,0.06103,-0.10949,-0.05824,-0.22980,-0.02219,-0.20041,-0.15196,-0.19696
-0.04208,0.06669,0.08363,0.01850,0.17750,0.23877,-0.01058,0.04645,-0.00274,0.08023,0.09255,-0.00859,0.03483
0.01089,0.17569,0.07447,0.14645,0.25535,0.29929,0.09549,0.11370,0.13943,0.25234,0.22565,0.11595,0.11325
0.05326,0.14779,0.09805,0.06124,0.24680,0.24669,0.10377,0.02574,0.03531,0.27376,0.14093,0.25211,0.09152
0.08337,0.14368,0.07627,0.06129,0.23221,0.20619,0.06378,0.09322,0.14638,0.12815,0.20126,0.25507,0.04921
0.09913,0.19285,0.07279,0.10828,0.27984,0.24721,0.09658,0.22959,0.17957,0.19186,0.17547,0.30575,0.11432
0.10007,0.05090,0.06120,-0.04590,0.09662,0.15926,0.03409,0.03195,0.07039,0.03839,0.04243,0.10817,-0.02639
0.08613,0.07479,0.04437,0.13970,0.05181,0.12520,0.02751,0.03345,0.10521,0.04596,0.12912,0.04523,0.04470
0.05749,0.02704,0.05786,-0.03181,-0.03265,0.06411,-0.02985,0.05359,0.09845,-0.05565,0.05927,0.09103,0.05389
0.01543,0.00965,0.04648,-0.03167,0.00136,0.02029,-0.00448,0.03687,0.09352,0.00981,-0.07955,0.00125,0.04908
-0.03839,-0.05438,0.05790,-0.04980,-0.02503,0.00960,-0.01631,-0.10517,-0.07057,-0.08472,-0.11702,-0.13121,0.04641
-0.10286,-0.03027,0.06164,-0.03035,0.00916,0.00436,-0.01186,-0.11547,0.04994,-0.04701,-0.13803,-0.06084,0.03746
-0.17512,-0.16264,0.08525,-0.07761,-0.05341,-0.11352,-0.10507,-0.19380,-0.35093,-0.14209,-0.19896,-0.20551,-0.18556
-0.25212,-0.22212,0.08525,-0.10474,-0.16585,-0.16211,-0.16669,-0.20851,-0.39510,-0.22713,-0.24369,-0.21957,-0.32784
-0.33129,-0.32704,0.10103,-0.25094,-0.23305,-0.26527,-0.33025,-0.22123,-0.47983,-0.37390,-0.33084,-0.27404,-0.51103
-0.41084,-0.39775,0.10351,-0.30943,-0.34034,-0.43089,-0.37383,-0.25385,-0.54262,-0.41784,-0.34165,-0.37468,-0.59240
-0.48816,-0.47982,0.10693,-0.32807,-0.46482,-0.53476,-0.45469,-0.34874,-0.58169,-0.49462,-0.36686,-0.59532,-0.62859
-0.55881,-0.55180,0.10151,-0.44890,-0.53820,-0.52382,-0.51282,-0.52458,-0.70757,-0.51559,-0.40119,-0.64569,-0.69964
-0.61967,-0.67044,0.12437,-0.63652,-0.69984,-0.78498,-0.54827,-0.57590,-0.85743,-0.62050,-0.45957,-0.72909,-0.79232
-0.66952,-0.66930,0.12878,-0.58250,-0.71967,-0.77930,-0.56591,-0.60826,-0.86514,-0.57633,-0.45739,-0.74948,-0.78904
-0.70640,-0.66052,0.11769,-0.55101,-0.69324,-0.78278,-0.56536,-0.59874,-0.80669,-0.58748,-0.48034,-0.75048,-0.78906
-0.72777,-0.70429,0.11807,-0.67536,-0.70576,-0.83395,-0.58427,-0.65666,-0.85518,-0.62105,-0.50849,-0.75425,-0.84787
-0.73264,-0.70636,0.09495,-0.72884,-0.71533,-0.79319,-0.62193,-0.67800,-0.85752,-0.61410,-0.54216,-0.72636,-0.78615
-0.72101,-0.64235,0.09188,-0.73691,-0.58213,-0.67321,-0.60671,-0.62271,-0.75223,-0.57440,-0.45661,-0.69126,-0.72731
-0.69332,-0.67631,0.11554,-0.78809,-0.61909,-0.82048,-0.58770,-0.66563,-0.74302,-0.68169,-0.42178,-0.67959,-0.75604
-0.65022,-0.61379,0.11734,-0.81617,-0.49478,-0.66969,-0.56343,-0.67670,-0.70508,-0.55476,-0.39828,-0.61496,-0.64404
-0.59361,-0.54653,0.08563,-0.69323,-0.43538,-0.46821,-0.59029,-0.59312,-0.56998,-0.52368,-0.42933,-0.53252,-0.62959
-0.52583,-0.47398,0.09087,-0.58202,-0.35901,-0.35325,-0.50354,-0.51138,-0.55454,-0.51405,-0.38538,-0.39827,-0.57837
-0.44828,-0.30861,0.12617,-0.17364,-0.26361,-0.10899,-0.38663,-0.26146,-0.46152,-0.35240,-0.34538,-0.22204,-0.51041
-0.36335,-0.24106,0.08199,-0.19088,-0.21153,-0.11031,-0.20411,-0.23328,-0.34033,-0.35261,-0.35540,-0.18655,-0.22558
-0.27544,-0.25115,0.11290,-0.25475,-0.14508,-0.03137,-0.24403,-0.22276,-0.36661,-0.38687,-0.31657,-0.17842,-0.36501
-0.18820,-0.15007,0.10516,-0.14945,-0.16061,0.04660,-0.10515,-0.14366,-0.26661,-0.30566,-0.23831,-0.03592,-0.14196
-0.10465,-0.03919,0.13061,-0.07458,-0.08124,0.19549,-0.02067,-0.06836,-0.24099,0.04508,-0.12054,0.12561,-0.15166
-0.02806,-0.03659,0.09923,-0.10674,-0.00140,0.17018,-0.01635,-0.07812,-0.19596,0.00533,-0.06413,0.03003,-0.10878
0.03847,0.21963,0.10615,0.09430,0.42800,0.29453,0.16207,0.08499,0.18010,0.25779,0.19988,0.31906,0.17557
0.09143,0.25792,0.11711,0.07374,0.43985,0.33582,0.20109,0.22942,0.16588,0.34823,0.27578,0.37577,0.13360
0.12961,0.28766,0.13047,0.04802,0.36367,0.32801,0.25363,0.28273,0.24447,0.42017,0.29720,0.50056,0.13818
0.15579,0.22692,0.11135,-0.03916,0.30068,0.27362,0.21275,0.29061,0.21511,0.36492,0.22182,0.28299,0.14587
0.13511,0.15727,0.08780,0.00965,0.25265,0.14570,0.12662,0.06382,0.19186,0.31648,0.14846,0.19085,0.12664
0.09736,0.20856,0.09274,0.11271,0.41597,0.20816,0.12514,0.23636,0.22659,0.29675,0.13855,0.15121,0.17416
0.04418,0.03053,0.06593,-0.06059,0.09678,0.01721,0.02795,-0.01205,0.11669,0.06475,-0.04523,-0.01844,0.11825
-0.02235,-0.00106,0.06051,-0.04379,-0.00159,0.04800,0.00768,-0.06276,0.03104,-0.00985,0.00382,-0.10004,0.11687
-0.09903,-0.14538,0.07060,-0.10293,-0.12355,-0.12451,-0.09867,-0.15562,-0.28996,-0.14762,-0.21819,-0.16290,-0.02987
-0.18310,-0.19387,0.09347,-0.09692,-0.16955,-0.12910,-0.10120,-0.17814,-0.42169,-0.24000,-0.17368,-0.20109,-0.22733
-0.27232,-0.30221,0.12465,-0.17343,-0.23283,-0.20218,-0.27107,-0.21515,-0.52392,-0.31043,-0.31686,-0.25452,-0.52172
-0.36322,-0.35571,0.10604,-0.24946,-0.31795,-0.27298,-0.30774,-0.21603,-0.53258,-0.39673,-0.35716,-0.39067,-0.51581
-0.45133,-0.48784,0.09518,-0.37145,-0.46976,-0.54208,-0.42487,-0.41713,-0.56066,-0.51052,-0.35532,-0.59206,-0.63450
-0.53346,-0.54667,0.09930,-0.43724,-0.62066,-0.61668,-0.46858,-0.49427,-0.61183,-0.54878,-0.37013,-0.67253,-0.62599
-0.60637,-0.56442,0.11388,-0.39773,-0.67753,-0.59735,-0.50860,-0.51147,-0.67977,-0.56885,-0.37485,-0.66820,-0.65982
-0.66798,-0.65192,0.12750,-0.49569,-0.82009,-0.69410,-0.58208,-0.59136,-0.78323,-0.62895,-0.43286,-0.75079,-0.74002
-0.71475,-0.72969,0.13091,-0.68302,-0.89017,-0.86568,-0.60149,-0.62049,-0.85628,-0.68425,-0.50651,-0.75487,-0.83417
-0.74503,-0.66508,0.11036,-0.54129,-0.80912,-0.72212,-0.59379,-0.59519,-0.80038,-0.61237,-0.49744,-0.73475,-0.74431
-0.75813,-0.68946,0.10541,-0.62762,-0.77418,-0.73164,-0.60822,-0.61424,-0.88351,-0.60431,-0.54417,-0.73371,-0.77304
-0.75334,-0.71204,0.08823,-0.86610,-0.80166,-0.68315,-0.60318,-0.66552,-0.78140,-0.61765,-0.62186,-0.73571,-0.74419
-0.73085,-0.66631,0.08463,-0.73620,-0.75910,-0.76548,-0.62282,-0.67783,-0.61961,-0.59493,-0.50060,-0.65508,-0.73145
-0.69150,-0.66522,0.07385,-0.75659,-0.54267,-0.65019,-0.63151,-0.68879,-0.72783,-0.64493,-0.58723,-0.64357,-0.77886
-0.63681,-0.64515,0.08672,-0.80812,-0.64614,-0.56840,-0.61136,-0.64955,-0.68682,-0.57963,-0.54161,-0.59364,-0.76624
-0.56887,-0.59275,0.11614,-0.77721,-0.71733,-0.47763,-0.62010,-0.57684,-0.59596,-0.60115,-0.40882,-0.46868,-0.68380
-0.49094,-0.60664,0.10607,-0.79181,-0.69847,-0.49375,-0.57798,-0.56984,-0.66402,-0.63676,-0.46794,-0.48531,-0.68055
-0.40442,-0.51334,0.11211,-0.62157,-0.60421,-0.32191,-0.48626,-0.49886,-0.57244,-0.59537,-0.49247,-0.32667,-0.61362
-0.31250,-0.43239,0.13562,-0.44154,-0.58665,-0.19486,-0.34510,-0.35705,-0.54743,-0.55407,-0.44948,-0.27646,-0.57127
-0.21870,-0.30453,0.12231,-0.40178,-0.37792,-0.05489,-0.26356,-0.24340,-0.44190,-0.28942,-0.29216,-0.21708,-0.46314
-0.12742,-0.20410,0.10891,-0.27008,-0.27587,0.04760,-0.13818,-0.17970,-0.33906,-0.16921,-0.25382,-0.17859,-0.28407
-0.04334,-0.09927,0.10448,-0.21623,-0.10031,0.09072,-0.01517,-0.08168,-0.20953,0.01893,-0.11951,-0.15241,-0.20750
0.03221,-0.03109,0.10581,-0.17616,0.06842,0.14969,0.02664,-0.01423,-0.09210,0.03182,-0.11137,-0.02348,-0.17014
0.09586,0.10982,0.09618,-0.03915,0.17980,0.26830,0.10122,0.07485,0.07754,0.12353,0.10828,0.22105,-0.01724
0.14327,0.20484,0.11026,0.10679,0.34425,0.29565,0.16800,0.13244,0.18194,0.22171,0.27173,0.33135,-0.00549
0.17282,0.23375,0.10457,0.16580,0.32160,0.30116,0.19369,0.11540,0.19541,0.33907,0.35417,0.30229,0.04894
0.18421,0.20387,0.11638,0.12097,0.16950,0.29862,0.20267,0.08204,0.12936,0.33961,0.25209,0.39949,0.04435
0.17642,0.27392,0.08761,0.21055,0.40349,0.29727,0.23023,0.33506,0.22855,0.26221,0.27737,0.38592,0.10858
0.14991,0.10296,0.07274,-0.01012,0.05280,0.26232,0.09186,0.10042,0.15628,0.07337,0.06742,0.14390,0.09138
0.10542,0.10649,0.11518,-0.02405,-0.02645,0.24826,0.05676,0.16506,0.12542,0.22968,-0.02915,0.25736,0.06202
0.04453,0.02554,0.06021,-0.02206,0.04537,0.02067,0.01274,0.04869,0.02689,0.05143,-0.10615,0.12891,0.04888
-0.03052,-0.02990,0.06843,-0.02702,-0.00719,0.02555,-0.00362,0.00758,-0.04236,-0.07876,-0.19628,-0.02577,0.04890
-0.11557,-0.13721,0.10260,0.03169,-0.08688,-0.19748,-0.03944,-0.13218,-0.33869,-0.10659,-0.23173,-0.13513,-0.13562
-0.20743,-0.11832,0.14352,0.05355,-0.32181,-0.01290,-0.03659,-0.11603,-0.11756,-0.18255,0.06051,-0.14715,-0.36268
-0.30447,-0.53232,0.18805,-0.61778,-0.86911,-0.35494,-0.38305,-0.27310,-0.67285,-0.52625,-0.36644,-0.55817,-0.70149
-0.40299,-0.44849,0.10169,-0.46021,-0.64727,-0.38019,-0.42811,-0.27055,-0.42391,-0.53878,-0.37734,-0.50113,-0.45738
-0.49710,-0.49003,0.21904,-0.28785,-0.88958,-0.23466,-0.29171,-0.68968,-0.66750,-0.35968,-0.34043,-0.52855,-0.61065
-0.58321,-0.68081,0.39932,-0.97972,-1.18295,-1.02900,-0.26646,-0.67821,-1.23796,-0.19906,-0.40752,-0.55626,-0.27092
-0.65976,-0.65100,0.47074,-0.94804,-0.99707,-0.95394,0.25420,-1.31412,-0.97192,-0.36169,-0.36348,-0.24561,-0.60836
-0.72371,-0.66687,0.39206,-0.32916,-0.71421,-0.73414,0.06215,-1.08570,-0.68711,-0.81183,-1.30780,-0.32276,-0.73814
-0.77040,-1.46980,0.23808,-1.62039,-1.57150,-1.50342,-1.05700,-1.49736,-1.40183,-1.17115,-1.36121,-1.62638,-1.88777
-0.79909,-0.90663,0.08538,-0.91938,-0.97444,-1.00722,-0.96363,-0.84810,-0.98415,-0.74098,-0.80789,-0.93065,-0.88987
0.00282,0.05832,0.11418,-0.01311,0.12215,0.07293,0.04825,-0.08989,0.10413,-0.11619,0.28299,0.11162,0.06029
0.00282,0.05971,0.11433,-0.01315,0.12260,0.07503,0.04911,-0.08807,0.10698,-0.11625,0.28248,0.11768,0.06073
0.00278,0.04956,0.10912,-0.01252,0.08454,0.06268,0.02974,-0.10394,0.09607,-0.10394,0.26734,0.11849,0.05715
0.00267,0.03135,0.09788,-0.02123,0.05495,0.06537,0.00055,-0.10334,0.04698,-0.04338,0.26921,0.01573,0.02870
0.00252,0.05486,0.08476,0.02702,0.09169,0.12762,0.01266,-0.09443,0.04761,0.06580,0.21146,-0.03037,0.08958
0.00218,0.02710,0.09290,0.00596,-0.00014,0.09915,0.01028,-0.12273,0.11518,-0.11504,0.15513,0.09174,0.03149
0.00150,0.08197,0.08889,0.04807,-0.02087,0.17895,0.05629,-0.04175,0.11802,0.04330,0.13446,0.24847,0.05478
0.00041,0.02658,0.13539,0.03621,-0.06007,0.14560,0.03658,-0.09359,0.06193,-0.16026,-0.06363,0.31636,0.04665
-0.00096,0.10737,0.18207,0.09150,-0.10448,0.20330,0.04721,-0.00486,0.12417,0.10521,0.03595,0.56827,0.00739
-0.00234,0.05128,0.21416,0.12621,-0.08122,0.21933,-0.01228,-0.05625,0.08588,-0.21180,0.03450,0.54209,-0.13362
-0.00386,0.03087,0.14735,0.00889,-0.11586,0.18612,-0.00297,-0.04144,0.07755,-0.21439,0.17499,0.26737,-0.03156
-0.00568,-0.01398,0.09222,-0.02750,-0.07531,0.11926,-0.00788,-0.07039,-0.09788,-0.08262,-0.05825,0.18065,-0.01989
-0.00780,-0.03946,0.04156,-0.06100,-0.08860,0.05876,-0.05941,-0.06490,-0.02216,-0.06835,-0.04482,-0.03226,-0.01186
-0.01027,-0.01640,0.03620,-0.03222,-0.06693,0.06330,-0.03019,-0.03601,-0.05166,-0.00737,-0.00491,0.00183,0.00012
-0.01310,-0.00755,0.03534,-0.01519,-0.06486,0.06433,-0.02645,0.01975,0.01406,-0.02868,-0.00082,-0.03320,-0.00440
-0.01519,0.01616,0.06963,-0.01162,-0.03897,0.12667,-0.01188,-0.03705,0.11431,0.06964,-0.06097,-0.04590,0.05743
-0.02087,-0.01481,0.04490,-0.02332,-0.08386,0.07037,-0.03814,-0.01457,0.02085,-0.00929,-0.03940,-0.05782,0.02703
-0.02429,0.02640,0.04162,-0.02528,-0.01997,0.08787,0.00157,0.03672,0.08087,0.04828,-0.00681,0.00137,0.05939
-0.02892,0.01439,0.04306,-0.02900,-0.00254,0.08882,-0.04587,0.01604,0.06576,0.00963,0.01387,-0.02301,0.05021
-0.03405,-0.03127,0.04695,-0.02825,-0.03645,0.05706,-0.06281,-0.03847,-0.00133,-0.02234,-0.12752,-0.04446,-0.00812
-0.03971,0.01889,0.05252,-0.02783,-0.02013,0.11760,-0.02739,0.03343,0.07363,-0.03655,-0.01802,0.04760,0.04653
-0.04597,-0.03270,0.04606,-0.02909,-0.04394,0.05290,-0.03427,-0.04390,0.00275,-0.02529,-0.13316,-0.04228,-0.03074
-0.05281,-0.07715,0.05828,-0.03052,-0.07767,0.00082,-0.09082,-0.06624,-0.13114,-0.09380,-0.19385,-0.08299,-0.00530
-0.06027,-0.07773,0.06868,-0.02849,-0.03496,0.03945,-0.08448,-0.10932,-0.13122,-0.15225,-0.18617,-0.06838,-0.02146
-0.06841,-0.01744,0.05992,-0.02977,0.00764,0.09089,-0.04270,-0.05047,-0.03350,0.03367,-0.12936,-0.04623,0.02541
-0.08092,-0.07435,0.05706,-0.04255,-0.06119,0.01429,-0.02677,-0.14147,-0.06646,-0.15117,-0.15222,-0.07948,-0.03646
-0.08642,-0.05956,0.05556,-0.05004,-0.03910,0.01862,-0.04080,-0.12041,-0.08714,-0.05202,-0.14773,-0.10024,0.02325
-0.09660,-0.08704,0.05616,-0.05068,-0.09695,0.02119,-0.05967,-0.10300,-0.16549,-0.09991,-0.15530,-0.12012,-0.04044
-0.10755,-0.06916,0.04294,-0.05064,-0.09105,0.00530,-0.05820,-0.11963,-0.06895,-0.10131,-0.10464,-0.09930,-0.00314
-0.11915,-0.09183,0.07151,-0.05119,-0.07688,0.03339,-0.05971,-0.15082,-0.20077,-0.08876,-0.17966,-0.11424,-0.02967
-0.13137,-0.09489,0.07303,-0.05587,-0.06305,-0.00417,-0.06177,-0.13967,-0.22730,-0.11568,-0.15264,-0.13841,0.00970
-0.13779,-0.02960,0.09464,-0.03972,0.16415,0.07940,-0.02363,-0.13987,0.00483,-0.12220,-0.11693,-0.06817,-0.03382
-0.15873,-0.12624,0.10500,-0.05761,0.00544,0.00962,-0.09403,-0.17449,-0.14524,-0.35077,-0.19302,-0.12485,-0.13743
-0.17257,-0.12991,0.09961,-0.04235,0.00660,-0.00291,-0.10418,-0.18190,-0.15616,-0.31267,-0.22587,-0.14103,-0.13862
-0.18729,-0.11730,0.09279,-0.06403,-0.02079,0.03085,-0.08908,-0.16312,-0.10529,-0.29904,-0.20030,-0.12566,-0.13648
-0.20275,-0.24151,0.09922,-0.23599,-0.20390,-0.05138,-0.21904,-0.20992,-0.42734,-0.35205,-0.27940,-0.20761,-0.22844
-0.21880,-0.19131,0.09675,-0.11299,-0.11221,-0.02287,-0.16409,-0.19313,-0.33623,-0.32471,-0.25369,-0.19612,-0.19707
-0.24037,-0.20020,0.10140,-0.10867,-0.17943,-0.05769,-0.12895,-0.19061,-0.40507,-0.30610,-0.26442,-0.18978,-0.17134
-0.25322,-0.22618,0.08128,-0.22017,-0.13826,-0.13451,-0.13296,-0.20594,-0.38086,-0.29024,-0.29513,-0.20602,-0.25773
-0.26964,-0.19465,0.08449,-0.08689,-0.13095,-0.11984,-0.11623,-0.20720,-0.34568,-0.26932,-0.28556,-0.19526,-0.18957
-0.28715,-0.20721,0.07914,-0.08837,-0.11321,-0.14305,-0.18449,-0.19432,-0.34123,-0.26675,-0.24632,-0.21267,-0.28165
-0.30482,-0.27152,0.09054,-0.10876,-0.19574,-0.23081,-0.27747,-0.24003,-0.44914,-0.31070,-0.29347,-0.26513,-0.34400
-0.32244,-0.30857,0.09362,-0.16645,-0.24242,-0.30153,-0.29630,-0.23697,-0.44405,-0.36128,-0.29795,-0.26851,-0.47021
-0.34001,-0.30290,0.09990,-0.14953,-0.22456,-0.23261,-0.31424,-0.22966,-0.46793,-0.37214,-0.29531,-0.30736,-0.43564
-0.35756,-0.30194,0.09006,-0.16830,-0.26653,-0.24724,-0.30188,-0.22310,-0.44861,-0.35051,-0.30354,-0.26763,-0.44202
-0.37473,-0.30439,0.10594,-0.13949,-0.26764,-0.21988,-0.30218,-0.22479,-0.47738,-0.37531,-0.31005,-0.27144,-0.45576
-0.39149,-0.36797,0.10106,-0.39802,-0.27972,-0.30492,-0.35151,-0.22482,-0.51981,-0.42555,-0.32261,-0.31853,-0.53417
-0.40789,-0.41785,0.08933,-0.44729,-0.37101,-0.40355,-0.36856,-0.29663,-0.53816,-0.47154,-0.35142,-0.35298,-0.57738
-0.42355,-0.38915,0.09632,-0.38580,-0.29616,-0.39838,-0.37070,-0.27084,-0.51127,-0.44394,-0.31451,-0.32845,-0.57146
-0.43840,-0.40006,0.10270,-0.40367,-0.31600,-0.35172,-0.37250,-0.25672,-0.54487,-0.45769,-0.35332,-0.35506,-0.58900
-0.45250,-0.45429,0.07780,-0.47696,-0.43345,-0.46191,-0.37925,-0.38454,-0.54751,-0.47828,-0.35231,-0.42461,-0.60405
-0.46561,-0.49771,0.09247,-0.62912,-0.48196,-0.48273,-0.41952,-0.38666,-0.57732,-0.49687,-0.36534,-0.51047,-0.62710
-0.47747,-0.49956,0.08594,-0.54635,-0.49158,-0.47045,-0.42956,-0.45233,-0.62081,-0.49163,-0.36537,-0.47652,-0.65102
-0.48803,-0.45546,0.08111,-0.41960,-0.40964,-0.40003,-0.36921,-0.45750,-0.56966,-0.46697,-0.37150,-0.47835,-0.61217
-0.49730,-0.47154,0.08399,-0.41412,-0.44599,-0.48136,-0.40467,-0.38298,-0.58821,-0.46639,-0.37853,-0.53937,-0.61380
-0.50510,-0.54089,0.07003,-0.57146,-0.50873,-0.56135,-0.50650,-0.51238,-0.60759,-0.54181,-0.38321,-0.58102,-0.63485
-0.51123,-0.50425,0.07832,-0.51969,-0.50149,-0.50402,-0.40451,-0.43287,-0.60462,-0.54035,-0.38551,-0.52718,-0.62224
-0.51565,-0.50088,0.08516,-0.52122,-0.46421,-0.48912,-0.38292,-0.45249,-0.64361,-0.52842,-0.38367,-0.53795,-0.60516
-0.51834,-0.45483,0.08981,-0.44433,-0.41977,-0.42933,-0.35367,-0.37724,-0.59540,-0.51435,-0.35352,-0.46184,-0.59881
-0.51923,-0.46646,0.07607,-0.43834,-0.43697,-0.38427,-0.40616,-0.47023,-0.59450,-0.53048,-0.37228,-0.46185,-0.56955
-0.51821,-0.40473,0.08575,-0.32935,-0.34910,-0.33304,-0.38969,-0.33538,-0.51811,-0.49714,-0.34295,-0.39960,-0.55300
-0.51529,-0.46635,0.06859,-0.50556,-0.40770,-0.41029,-0.43901,-0.44705,-0.56198,-0.52156,-0.37940,-0.41916,-0.57179
-0.51043,-0.46581,0.11190,-0.61066,-0.35797,-0.29346,-0.47438,-0.47899,-0.61217,-0.49313,-0.36180,-0.39782,-0.57772
-0.50364,-0.49745,0.08834,-0.58752,-0.46592,-0.45649,-0.48753,-0.47617,-0.65741,-0.46323,-0.34867,-0.44749,-0.58407
-0.49498,-0.45505,0.09643,-0.61621,-0.35704,-0.39831,-0.43238,-0.48050,-0.57609,-0.42350,-0.34272,-0.37419,-0.54954
-0.48454,-0.53312,0.13958,-0.85926,-0.49183,-0.48478,-0.47998,-0.53368,-0.62946,-0.46641,-0.33366,-0.46093,-0.59123
-0.47226,-0.52827,0.13406,-0.79083,-0.53915,-0.33026,-0.49016,-0.55284,-0.64411,-0.45788,-0.36342,-0.51102,-0.60302
-0.45828,-0.49132,0.13047,-0.72393,-0.48271,-0.28954,-0.52203,-0.53907,-0.59856,-0.42719,-0.34240,-0.40088,-0.58684
-0.44278,-0.52846,0.12492,-0.72205,-0.56505,-0.38848,-0.53973,-0.57313,-0.66352,-0.40547,-0.35709,-0.44259,-0.62751
-0.42599,-0.47141,0.13915,-0.65071,-0.44093,-0.26645,-0.57504,-0.51867,-0.60188,-0.37752,-0.32893,-0.33553,-0.61840
-0.40792,-0.47558,0.11008,-0.60883,-0.46126,-0.35909,-0.54059,-0.47714,-0.57944,-0.45557,-0.31502,-0.34471,-0.61419
-0.38880,-0.40159,0.12146,-0.55596,-0.37968,-0.18051,-0.50606,-0.35436,-0.48975,-0.39624,-0.31917,-0.29185,-0.54230
-0.36877,-0.41444,0.10284,-0.54098,-0.33863,-0.27799,-0.49299,-0.41848,-0.50704,-0.37830,-0.33898,-0.29747,-0.55357
-0.34819,-0.33044,0.11034,-0.44744,-0.28671,-0.13924,-0.43841,-0.23875,-0.45347,-0.34335,-0.31922,-0.21483,-0.42296
-0.32723,-0.26317,0.10148,-0.18317,-0.23456,-0.08093,-0.36469,-0.22083,-0.41326,-0.31612,-0.29961,-0.17718,-0.34133
-0.30601,-0.26676,0.07593,-0.22869,-0.19186,-0.16760,-0.33738,-0.23921,-0.36312,-0.33267,-0.28787,-0.17281,-0.34639
-0.28481,-0.19732,0.08139,-0.09483,-0.09730,-0.10944,-0.29148,-0.19057,-0.27503,-0.29717,-0.25081,-0.14325,-0.22328
-0.26406,-0.16419,0.06570,-0.10008,-0.07992,-0.07286,-0.22242,-0.18337,-0.21728,-0.25007,-0.21931,-0.11832,-0.17823
-0.24397,-0.14897,0.06401,-0.09465,-0.07464,-0.03842,-0.19463,-0.17593,-0.16482,-0.23895,-0.21294,-0.12589,-0.16878
-0.22475,-0.11080,0.08563,-0.09209,-0.03476,-0.03187,-0.14552,-0.15924,-0.03419,-0.25139,-0.19522,0.00656,-0.17028
-0.20658,-0.13432,0.09117,-0.07079,-0.03398,-0.04268,-0.18974,-0.18847,-0.04309,-0.28646,-0.24811,-0.09278,-0.14715
-0.18972,-0.09187,0.08485,-0.05607,-0.02468,-0.02026,-0.15249,-0.15465,-0.00957,-0.24342,-0.16477,0.01302,-0.10585
-0.17455,-0.07414,0.07535,-0.08124,-0.06138,0.00797,-0.10600,-0.12462,-0.00151,-0.22628,-0.12521,0.01775,-0.04090
-0.16116,-0.04631,0.09597,-0.05639,-0.00297,0.04718,-0.12984,-0.12281,0.05089,-0.14525,-0.13504,0.12642,-0.09527
-0.14976,-0.10780,0.05554,-0.10622,-0.05827,-0.01861,-0.09751,-0.14065,-0.10877,-0.16608,-0.21378,-0.06981,-0.09832
-0.14061,-0.08931,0.07920,-0.09991,-0.06716,-0.02312,-0.05593,-0.12227,-0.03794,-0.24596,-0.19705,-0.04820,0.00445
-0.13384,-0.09941,0.09335,-0.13564,-0.05797,-0.04232,-0.12305,-0.12317,0.03704,-0.25972,-0.22439,-0.06481,-0.00004
-0.12949,-0.09796,0.09386,-0.13033,-0.06524,-0.02498,-0.11846,-0.13525,0.05311,-0.22960,-0.24906,-0.05237,-0.02742
-0.12764,-0.09450,0.08520,-0.10266,-0.09122,-0.02524,-0.08978,-0.09311,0.00917,-0.18604,-0.25419,-0.13606,0.02413
-0.12838,-0.13933,0.07497,-0.13039,-0.11046,-0.03101,-0.16984,-0.11887,-0.09441,-0.27171,-0.25339,-0.13738,-0.07584
-0.13172,-0.11667,0.07369,-0.12918,-0.15160,-0.01526,-0.12308,-0.09759,-0.04061,-0.22946,-0.22720,-0.11396,-0.03875
-0.13763,-0.14338,0.05678,-0.13435,-0.14772,-0.04875,-0.09742,-0.14096,-0.14203,-0.22195,-0.24552,-0.14669,-0.10839
-0.14605,-0.17922,0.08025,-0.14022,-0.11916,-0.07768,-0.12971,-0.15537,-0.34616,-0.20707,-0.28145,-0.15940,-0.17600
-0.15678,-0.15751,0.06710,-0.13952,-0.11998,-0.07023,-0.07684,-0.19188,-0.26945,-0.17715,-0.25066,-0.16477,-0.11463
-0.16965,-0.19026,0.07504,-0.13447,-0.14257,-0.05761,-0.17211,-0.20410,-0.32940,-0.20215,-0.27562,-0.17852,-0.20608
-0.18465,-0.19749,0.09589,-0.14165,-0.13483,-0.04315,-0.14860,-0.21600,-0.41107,-0.21014,-0.25048,-0.19761,-0.22132
-0.20152,-0.21157,0.09575,-0.16257,-0.15695,-0.03184,-0.26010,-0.22827,-0.41184,-0.20706,-0.24520,-0.22679,-0.18510
-0.21979,-0.20843,0.07908,-0.14948,-0.17119,-0.06278,-0.24347,-0.20238,-0.34538,-0.26557,-0.27780,-0.20350,-0.16273
-0.23917,-0.22277,0.09706,-0.15250,-0.20358,-0.10265,-0.22127,-0.21869,-0.42264,-0.31477,-0.26296,-0.22818,-0.10044
-0.25950,-0.25012,0.09760,-0.14729,-0.23066,-0.12350,-0.32310,-0.25676,-0.42950,-0.33306,-0.28889,-0.22975,-0.13872
-0.28013,-0.30300,0.09184,-0.20874,-0.23952,-0.25584,-0.42289,-0.26093,-0.42929,-0.40443,-0.33813,-0.29811,-0.17211
-0.30110,-0.25180,0.09325,-0.18821,-0.18884,-0.22987,-0.30134,-0.23283,-0.38209,-0.35369,-0.31540,-0.26222,-0.06355
-0.32196,-0.27352,0.09842,-0.12706,-0.19753,-0.29592,-0.37710,-0.22063,-0.38417,-0.38420,-0.33360,-0.27496,-0.14002
-0.34229,-0.28621,0.09522,-0.15022,-0.22343,-0.35000,-0.32745,-0.23066,-0.39072,-0.38889,-0.30331,-0.36216,-0.13527
-0.36143,-0.23814,0.09151,-0.11047,-0.17007,-0.28841,-0.29226,-0.23725,-0.29483,-0.32790,-0.28657,-0.30949,-0.06417
-0.37915,-0.20663,0.09307,-0.10524,-0.21554,-0.23542,-0.28771,-0.19006,-0.20368,-0.27112,-0.27435,-0.28776,0.00454
-0.39545,-0.31214,0.10118,-0.13438,-0.24361,-0.40393,-0.38573,-0.23145,-0.35658,-0.42117,-0.29698,-0.42657,-0.22102
-0.40990,-0.31025,0.12150,-0.09927,-0.27257,-0.46595,-0.38203,-0.22400,-0.31300,-0.40837,-0.27372,-0.46998,-0.19359
-0.42219,-0.28183,0.09156,-0.08796,-0.25530,-0.35843,-0.35154,-0.22742,-0.29957,-0.35695,-0.28178,-0.39154,-0.20781
-0.43188,-0.37771,0.09767,-0.17552,-0.31078,-0.42007,-0.44327,-0.28403,-0.42507,-0.43777,-0.34637,-0.42959,-0.50462
-0.43887,-0.33966,0.11133,-0.10786,-0.29278,-0.27695,-0.37143,-0.29046,-0.41804,-0.47037,-0.31483,-0.35914,-0.49471
-0.44320,-0.22355,0.10625,-0.03682,-0.18856,-0.16582,-0.32394,-0.16742,-0.21528,-0.40626,-0.18630,-0.20435,-0.34074
-0.44466,-0.17966,0.10713,-0.04795,-0.04444,-0.04827,-0.28531,-0.19115,-0.21078,-0.36449,-0.16768,-0.19765,-0.23883
-0.44322,-0.15426,0.07433,-0.05703,-0.06797,-0.06961,-0.25903,-0.17876,-0.21838,-0.25161,-0.14315,-0.16085,-0.13618
-0.43894,-0.19762,0.11063,-0.06195,-0.02143,-0.17698,-0.31102,-0.22316,-0.21467,-0.40385,-0.13941,-0.22069,-0.20305
-0.25739,-0.23351,0.08375,-0.10199,-0.12508,-0.20863,-0.35651,-0.22503,-0.26471,-0.35194,-0.19695,-0.22736,-0.27689
-0.34259,-0.35588,0.09070,-0.23464,-0.25790,-0.36698,-0.40250,-0.31838,-0.42897,-0.45585,-0.26375,-0.32766,-0.50220
-0.43071,-0.40795,0.09207,-0.32279,-0.26204,-0.44405,-0.43528,-0.34826,-0.49830,-0.46424,-0.30869,-0.44908,-0.54672
-0.51555,-0.33630,0.13299,-0.16977,-0.23010,-0.23821,-0.36105,-0.28839,-0.39612,-0.50407,-0.18091,-0.49628,-0.49808
-0.59484,-0.35882,0.08470,-0.37206,-0.30723,-0.26411,-0.36110,-0.30553,-0.45073,-0.44711,-0.21049,-0.42813,-0.44172
-0.66826,-0.40316,0.09075,-0.30339,-0.47837,-0.27828,-0.39708,-0.38519,-0.50897,-0.47261,-0.27963,-0.50796,-0.42011
-0.53975,-0.51488,0.11039,-0.31338,-0.65274,-0.45194,-0.42412,-0.65615,-0.61537,-0.51890,-0.47038,-0.57622,-0.46955
-0.69124,-0.67643,0.08465,-0.57334,-0.70259,-0.72511,-0.56158,-0.80500,-0.79150,-0.65115,-0.59700,-0.69967,-0.65739
-0.83694,-0.88860,0.09071,-0.79574,-0.97309,-0.86266,-0.89908,-0.89978,-1.00871,-0.99869,-0.76952,-0.76250,-0.91627
-0.97227,-0.93597,0.11721,-0.82074,-1.02874,-0.92238,-0.94475,-0.96000,-1.06798,-1.08080,-0.79572,-0.73900,-0.99961
-1.09306,-0.93303,0.12290,-0.94933,-0.99833,-0.92739,-0.99928,-0.96975,-0.93391,-1.16044,-0.84688,-0.68601,-0.85895
-1.19405,-0.98657,0.14716,-1.03200,-1.04714,-0.95726,-1.00691,-1.11662,-0.88841,-1.24249,-0.91302,-0.68602,-0.97587
-1.27410,-1.23228,0.13209,-1.21539,-1.20297,-1.06184,-1.27015,-1.41882,-1.06281,-1.40619,-1.11367,-1.36270,-1.20829
-1.17332,-1.38619,0.11324,-1.37957,-1.31587,-1.24009,-1.36181,-1.47948,-1.51261,-1.49772,-1.18099,-1.41620,-1.47756
-1.30592,-1.42003,0.10950,-1.40925,-1.40706,-1.32275,-1.36131,-1.56436,-1.54123,-1.53753,-1.20844,-1.44140,-1.40700
-1.42136,-1.41669,0.12205,-1.40452,-1.45762,-1.44124,-1.35798,-1.62695,-1.43350,-1.47743,-1.14189,-1.46016,-1.36565
-1.51291,-1.46225,0.10573,-1.44517,-1.48621,-1.48715,-1.38288,-1.60748,-1.60950,-1.51595,-1.27038,-1.45710,-1.36065
-1.58151,-1.32396,0.11225,-1.25593,-1.35919,-1.31341,-1.37591,-1.49074,-1.26542,-1.45536,-1.16727,-1.39538,-1.16100
-1.62796,-1.33866,0.11314,-1.18050,-1.38754,-1.31943,-1.39159,-1.47057,-1.28230,-1.47330,-1.24118,-1.45377,-1.18641
-1.65202,-1.48763,0.11889,-1.41700,-1.54877,-1.45331,-1.38570,-1.73176,-1.58403,-1.51680,-1.29790,-1.48786,-1.45316
-1.51869,-1.51009,0.11061,-1.48103,-1.58904,-1.44970,-1.39608,-1.73387,-1.59643,-1.54392,-1.39423,-1.52510,-1.39148
-1.59575,-1.58912,0.10673,-1.57566,-1.60428,-1.59209,-1.38917,-1.74656,-1.73750,-1.64179,-1.49980,-1.52182,-1.58251
-1.65052,-1.56400,0.10903,-1.45904,-1.51400,-1.58973,-1.39337,-1.68663,-1.76640,-1.62593,-1.53979,-1.55799,-1.50712
-1.68270,-1.48313,0.11892,-1.28352,-1.57688,-1.46969,-1.36712,-1.61381,-1.68178,-1.52600,-1.45241,-1.43515,-1.42497
-1.69206,-1.41855,0.10155,-1.17307,-1.47899,-1.40221,-1.37117,-1.45436,-1.57127,-1.43000,-1.45853,-1.42159,-1.42433
-1.67848,-1.40127,0.11473,-1.14095,-1.42249,-1.44194,-1.35616,-1.39493,-1.61098,-1.38038,-1.41549,-1.44487,-1.40454
-1.44153,-1.47409,0.16064,-1.20340,-1.56075,-1.51796,-1.31463,-1.44367,-1.79347,-1.39744,-1.59427,-1.47061,-1.44472
-1.48139,-1.36208,0.13728,-1.12154,-1.31754,-1.45742,-1.32413,-1.33562,-1.64599,-1.28018,-1.45882,-1.36071,-1.31880
-1.49824,-1.32967,0.15260,-1.28309,-1.20582,-1.49661,-1.25065,-1.21848,-1.69512,-1.27907,-1.26693,-1.25662,-1.34435
-1.49190,-1.19495,0.15058,-1.13649,-1.10884,-1.40261,-1.20185,-1.06745,-1.52409,-1.18076,-1.14789,-1.11149,-1.06803
-1.46234,-1.07020,0.10659,-0.96741,-1.04222,-1.18582,-1.09866,-0.92729,-1.28261,-1.08902,-1.10328,-0.98468,-1.02103
-1.40958,-1.00063,0.10175,-0.85645,-0.97529,-1.07349,-1.00109,-0.88963,-1.20070,-1.02931,-1.08316,-0.92573,-0.97145
-1.33375,-1.02062,0.07874,-1.02476,-1.00935,-1.12875,-1.03439,-0.89974,-1.16365,-0.98096,-1.03428,-0.94517,-0.98521
-1.08711,-0.98573,0.10745,-0.86839,-0.95669,-1.15998,-1.04623,-0.89049,-1.15104,-0.87493,-0.94726,-0.93082,-1.03152
-1.06901,-0.98974,0.12805,-0.98361,-0.99088,-1.24226,-0.94732,-0.85487,-1.11507,-0.83367,-0.85717,-1.00628,-1.06627
-1.03884,-0.84502,0.11711,-0.79531,-0.84126,-1.13884,-0.76155,-0.78386,-0.92629,-0.81451,-0.71781,-0.83741,-0.83334
-0.99181,-0.61185,0.13392,-0.48711,-0.64199,-0.86426,-0.54538,-0.51194,-0.65604,-0.62657,-0.38969,-0.71420,-0.68138
-0.92854,-0.58655,0.11154,-0.40628,-0.63881,-0.65729,-0.54776,-0.53363,-0.70519,-0.58381,-0.40966,-0.68882,-0.69428
-0.85139,-0.62796,0.11126,-0.46140,-0.70275,-0.70714,-0.56393,-0.58667,-0.70166,-0.65488,-0.43615,-0.70814,-0.75691
-0.60763,-0.60184,0.12663,-0.44450,-0.62457,-0.77975,-0.55383,-0.57028,-0.65878,-0.54878,-0.38803,-0.69335,-0.75658
-0.61271,-0.61241,0.11571,-0.53390,-0.57793,-0.75306,-0.56484,-0.61307,-0.72821,-0.57327,-0.37342,-0.66737,-0.73899
-0.61534,-0.49307,0.10574,-0.39822,-0.42282,-0.53900,-0.49227,-0.41457,-0.63442,-0.52944,-0.31587,-0.53659,-0.64745
-0.61060,-0.35413,0.11110,-0.24766,-0.32978,-0.23012,-0.38562,-0.26617,-0.49910,-0.44121,-0.26250,-0.33131,-0.54786
-0.59816,-0.36417,0.10124,-0.30054,-0.33608,-0.24536,-0.39780,-0.26283,-0.48805,-0.45660,-0.29193,-0.32223,-0.54029
-0.57823,-0.42256,0.08035,-0.34091,-0.39626,-0.45615,-0.41561,-0.30891,-0.51371,-0.45059,-0.36387,-0.40299,-0.57661
-0.43516,-0.48657,0.07447,-0.38097,-0.46989,-0.53671,-0.48285,-0.40790,-0.51448,-0.53949,-0.38388,-0.56845,-0.58109
-0.50833,-0.53601,0.08765,-0.41351,-0.48418,-0.55648,-0.54382,-0.50146,-0.61591,-0.57889,-0.39636,-0.59904,-0.67049
-0.57941,-0.52138,0.09209,-0.38754,-0.49158,-0.49957,-0.52954,-0.53208,-0.58610,-0.62211,-0.35338,-0.60310,-0.60877
-0.64286,-0.47959,0.09562,-0.32617,-0.49039,-0.48784,-0.50536,-0.47439,-0.50985,-0.64271,-0.31602,-0.51623,-0.52698
-0.69744,-0.47765,0.10108,-0.33723,-0.42961,-0.42334,-0.50591,-0.52431,-0.52729,-0.66471,-0.32897,-0.49256,-0.54257
-0.56321,-0.61766,0.06880,-0.47607,-0.58330,-0.66655,-0.60341,-0.65696,-0.62962,-0.69501,-0.53657,-0.65643,-0.67272
-0.70285,-0.72604,0.05166,-0.63257,-0.64974,-0.77278,-0.73802,-0.74617,-0.80596,-0.73267,-0.72487,-0.74055,-0.71712
-0.83506,-0.85922,0.06655,-0.86483,-0.84282,-0.92058,-1.00252,-0.83761,-0.84101,-0.85075,-0.87107,-0.81092,-0.75006
-0.95235,-0.94948,0.09687,-0.98849,-0.97576,-0.93564,-1.03209,-0.85100,-1.12718,-1.01232,-0.83561,-0.82437,-0.91231
-1.05263,-0.99932,0.09436,-1.00046,-1.09427,-1.04266,-1.06443,-0.89795,-1.13237,-1.01477,-0.88947,-0.84280,-1.01400
-1.13267,-1.06066,0.09928,-1.04375,-1.17702,-1.06272,-1.09114,-0.91575,-1.22134,-1.11135,-0.97168,-0.93296,-1.07887
-1.19028,-1.11169,0.09888,-1.13400,-1.19868,-1.24341,-1.07084,-0.95207,-1.22712,-1.15835,-1.04536,-0.98764,-1.09942
-1.22347,-1.19225,0.11902,-1.19222,-1.24717,-1.39155,-1.09736,-1.01812,-1.35523,-1.18048,-1.20614,-1.05696,-1.17728
-1.23250,-1.16748,0.10432,-1.16392,-1.17331,-1.41406,-1.09554,-1.01473,-1.22934,-1.17721,-1.15678,-1.10334,-1.14655
-1.21713,-1.19466,0.10015,-1.17410,-1.30988,-1.39456,-1.05775,-1.24557,-1.15243,-1.10727,-1.21191,-1.12498,-1.16813
-1.17818,-1.12780,0.08457,-1.04124,-1.07594,-1.31783,-1.14261,-1.06610,-1.12303,-1.21459,-1.14903,-1.06330,-1.08437
-1.11703,-1.03178,0.12590,-0.97398,-0.96555,-1.26311,-1.03558,-1.06499,-0.99965,-1.22531,-0.86625,-0.91374,-1.00969
-1.03553,-1.01432,0.10163,-1.04019,-0.93024,-1.14438,-0.98029,-1.13981,-1.04050,-1.11869,-0.83334,-0.93921,-0.97656
-0.93679,-0.92281,0.09634,-0.97212,-0.80581,-1.07900,-0.92923,-1.01515,-0.90995,-0.98638,-0.77101,-0.83798,-0.92151
-0.82328,-0.71706,0.10397,-0.76652,-0.54485,-0.86880,-0.72273,-0.66553,-0.69684,-0.88670,-0.62574,-0.67292,-0.71998
-0.69687,-0.59196,0.04460,-0.59188,-0.53379,-0.59768,-0.56821,-0.52510,-0.61310,-0.67695,-0.57847,-0.60453,-0.62991
-0.56107,-0.40143,0.08980,-0.45568,-0.28382,-0.42349,-0.34474,-0.37565,-0.46556,-0.45040,-0.51570,-0.23453,-0.46476
-0.42052,-0.30342,0.07951,-0.38594,-0.24088,-0.34969,-0.33716,-0.21178,-0.32727,-0.22575,-0.38754,-0.18390,-0.38426
-0.27836,-0.12482,0.06985,-0.19516,-0.16713,-0.10411,-0.12343,-0.08086,-0.04867,-0.17040,-0.24157,-0.10583,-0.01104
-0.13682,-0.07602,0.09532,-0.19692,-0.18712,-0.05513,-0.08360,0.01865,0.00543,0.03990,-0.21839,-0.07777,-0.00524
-0.00003,0.00638,0.12441,-0.14796,-0.17493,0.09906,-0.03099,0.08462,0.12500,0.17857,-0.10854,-0.04848,0.08743
0.12682,0.19026,0.09163,0.04372,0.20981,0.30032,0.22382,0.18398,0.20635,0.34953,0.08204,0.14462,0.15846
0.24074,0.29844,0.11063,0.08964,0.38516,0.36303,0.40595,0.32773,0.23861,0.44941,0.23171,0.30240,0.19074
0.33862,0.39034,0.13473,0.12590,0.44573,0.44808,0.57641,0.39359,0.37438,0.52740,0.30923,0.46035,0.24237
0.41960,0.29530,0.11970,0.09461,0.45352,0.38145,0.34309,0.33827,0.21496,0.44694,0.26734,0.26142,0.15141
0.48065,0.27838,0.09299,0.13290,0.39472,0.31143,0.32039,0.35143,0.19645,0.38111,0.29194,0.25518,0.14820
0.51971,0.47028,0.10081,0.24380,0.53816,0.54222,0.52563,0.46729,0.46976,0.49349,0.41288,0.60750,0.40209
0.53567,0.51144,0.14241,0.40869,0.70700,0.55597,0.63959,0.52690,0.38299,0.58828,0.39208,0.64671,0.26623
0.52819,0.41150,0.12849,0.25755,0.63796,0.49721,0.48301,0.42882,0.28895,0.38962,0.38088,0.52010,0.23092
0.49765,0.44220,0.12168,0.35818,0.65610,0.53081,0.36355,0.43193,0.25770,0.42503,0.42294,0.60497,0.37074
0.44561,0.40034,0.12506,0.30898,0.57078,0.41400,0.34809,0.39949,0.23834,0.41276,0.41700,0.63331,0.26069
0.37390,0.30575,0.13581,0.34993,0.57060,0.33136,0.24446,0.18275,0.21293,0.21949,0.32565,0.48024,0.14005
0.28473,0.21208,0.11247,0.08245,0.46651,0.24677,0.11528,0.17303,0.18104,0.13971,0.23727,0.31649,0.16227
0.17922,0.10000,0.08779,0.02353,0.16931,0.18013,0.04364,0.07412,0.13105,-0.09114,0.16115,0.18007,0.12819
0.06126,0.08181,0.07621,0.00932,0.19868,0.14531,0.00116,-0.00623,0.08738,0.01602,0.13673,0.16735,0.06238
-0.06476,-0.12199,0.12346,-0.04233,0.00010,0.01216,-0.22634,-0.18714,-0.39174,-0.05990,-0.04987,-0.15330,-0.12158
-0.19590,-0.24964,0.08394,-0.21110,-0.23747,-0.18481,-0.30499,-0.23726,-0.43222,-0.29600,-0.11437,-0.22577,-0.25239
-0.33085,-0.40665,0.08967,-0.35377,-0.35036,-0.39284,-0.44668,-0.34867,-0.53334,-0.48307,-0.32551,-0.28846,-0.54377
-0.46561,-0.50020,0.09416,-0.37579,-0.44331,-0.43389,-0.52869,-0.50746,-0.60180,-0.63684,-0.36703,-0.51246,-0.59473
-0.59379,-0.63878,0.08732,-0.44163,-0.66895,-0.70642,-0.60228,-0.67827,-0.73274,-0.68135,-0.54325,-0.66001,-0.67290
-0.71219,-0.70575,0.06576,-0.57977,-0.68152,-0.76340,-0.67957,-0.74362,-0.79431,-0.73257,-0.62118,-0.72567,-0.73590
-0.81977,-0.80944,0.10538,-0.70190,-0.76895,-1.02057,-0.72240,-0.84236,-0.89488,-0.75859,-0.68819,-0.79395,-0.90256
-0.91262,-0.89949,0.08391,-0.91806,-0.88379,-1.08009,-0.86122,-0.85658,-0.98276,-0.82908,-0.84074,-0.80086,-0.94173
-0.98575,-0.91808,0.11067,-0.86947,-0.87759,-1.12689,-0.93267,-0.85664,-1.03736,-0.81284,-0.81524,-0.81966,-1.03241
-1.03767,-1.01603,0.13968,-0.93088,-0.98122,-1.22653,-1.04850,-0.90980,-1.21800,-0.88877,-0.87367,-0.91511,-1.16783
-1.06834,-1.08987,0.13752,-1.04576,-1.05164,-1.33265,-1.03840,-0.97274,-1.26092,-0.92444,-0.97440,-1.06352,-1.23425
-1.07643,-1.03672,0.13474,-1.02666,-1.05159,-1.30610,-0.95032,-0.97418,-1.17201,-0.85161,-0.89496,-1.02372,-1.11607
-1.06143,-0.94346,0.08726,-0.89780,-0.92868,-1.10018,-0.89532,-0.91061,-1.01826,-0.89048,-0.79108,-0.99855,-1.00361
-1.02438,-0.88111,0.08409,-0.81081,-0.87612,-1.01280,-0.79468,-0.88861,-0.95788,-0.85267,-0.75139,-0.88365,-0.98243
-0.96612,-0.86076,0.07395,-0.74559,-0.83311,-0.93467,-0.85957,-0.89891,-0.95271,-0.78574,-0.79541,-0.84309,-0.95878
-0.88847,-0.76471,0.05822,-0.82707,-0.77279,-0.75087,-0.70686,-0.79180,-0.85292,-0.69928,-0.68897,-0.73296,-0.82360
-0.79512,-0.64363,0.09136,-0.76308,-0.54037,-0.52486,-0.54332,-0.62497,-0.76335,-0.67617,-0.61447,-0.64505,-0.74070
-0.68868,-0.38129,0.13201,-0.39733,-0.20051,-0.24711,-0.44646,-0.37512,-0.52123,-0.58225,-0.33954,-0.21359,-0.48977
-0.57033,-0.21555,0.14015,-0.04246,-0.07030,-0.04568,-0.32990,-0.22305,-0.35728,-0.44739,-0.26028,-0.13236,-0.24676
-0.44362,-0.18991,0.14331,-0.08883,-0.02216,-0.04558,-0.31401,-0.21264,-0.20412,-0.50049,-0.23044,-0.08321,-0.19757
-0.31229,-0.07374,0.17653,-0.05257,0.18678,-0.04665,-0.20855,-0.14962,0.07348,-0.42178,-0.20370,0.06179,0.02337
-0.09759,0.03789,0.20060,0.00575,0.15005,0.06325,-0.08198,-0.05177,0.17929,-0.33301,-0.06580,0.43200,0.08116
-0.04357,0.18951,0.21417,0.17372,0.26542,0.17070,0.03499,0.13062,0.32657,-0.15679,0.14692,0.67417,0.12876
0.00012,0.18003,0.15355,0.27167,0.17757,0.13658,0.04863,0.13979,0.45219,-0.08261,0.23970,0.34028,0.07646
0.03355,0.09622,0.12901,0.07057,0.09282,0.10320,0.04943,0.11856,0.27277,-0.20389,0.23860,0.15750,0.06264
0.05638,0.10090,0.08358,0.02915,-0.01356,0.03000,0.05344,0.10381,0.21931,0.10079,0.23350,0.17337,0.07916
0.12967,0.04564,0.10670,-0.00905,-0.00707,0.04755,-0.01554,0.01386,0.17642,-0.15940,0.20633,0.12021,0.08305
0.05355,-0.02711,0.14832,-0.03400,-0.00700,-0.11831,-0.07979,-0.02921,0.06648,-0.35067,0.22128,-0.01880,0.07890
-0.03600,-0.02802,0.10628,0.02979,-0.03335,0.10674,-0.05246,-0.11321,-0.11040,-0.16166,0.15702,-0.12975,0.02705
-0.13267,-0.16172,0.12342,-0.07676,-0.22373,-0.06666,-0.14351,-0.18687,-0.43729,-0.18922,0.03239,-0.19144,-0.13410
-0.23349,-0.24619,0.10875,-0.09221,-0.31710,-0.19489,-0.25548,-0.20840,-0.48993,-0.28892,-0.13649,-0.22978,-0.24872
-0.29108,-0.40542,0.11594,-0.20485,-0.50442,-0.25408,-0.39902,-0.37211,-0.56109,-0.51343,-0.33993,-0.41908,-0.48616
-0.46660,-0.67992,0.08462,-0.69166,-0.73918,-0.78623,-0.56234,-0.73233,-0.77735,-0.67939,-0.53345,-0.64613,-0.65113
-0.64020,-0.81282,0.08780,-0.80407,-0.91295,-0.86213,-0.74682,-0.83035,-0.90363,-0.92930,-0.71675,-0.69617,-0.72606
-0.80344,-0.81769,0.10817,-0.77116,-0.84808,-0.88155,-0.95813,-0.74839,-0.86308,-0.99021,-0.75670,-0.68403,-0.67553
-0.95077,-1.03870,0.14292,-1.18197,-1.08790,-1.09624,-1.16350,-0.85892,-1.17962,-1.15288,-0.85965,-0.83998,-0.96636
-1.01590,-1.14461,0.15934,-1.40265,-1.12410,-1.23363,-1.34213,-0.98216,-1.18412,-1.22288,-0.94422,-0.97858,-1.03167
-1.19237,-1.13509,0.16297,-1.31184,-1.09967,-1.37682,-1.35991,-1.09066,-1.10566,-1.13180,-0.94763,-0.94557,-0.98130
-1.34358,-1.22408,0.15843,-1.30672,-1.21825,-1.43885,-1.43335,-1.31958,-1.06934,-1.27444,-1.02616,-1.15163,-1.00250
-1.46205,-1.31729,0.14856,-1.35347,-1.40089,-1.46908,-1.42441,-1.48351,-1.17079,-1.39176,-1.09836,-1.29275,-1.08784
-1.54614,-1.40407,0.13775,-1.35969,-1.53393,-1.55021,-1.43253,-1.58694,-1.27362,-1.47494,-1.21403,-1.40615,-1.20870
-1.50737,-1.55643,0.11959,-1.52993,-1.61163,-1.67129,-1.41914,-1.78450,-1.58667,-1.59709,-1.38503,-1.48787,-1.49114
-1.60277,-1.56620,0.10911,-1.44065,-1.64008,-1.66940,-1.42045,-1.73647,-1.62995,-1.63174,-1.47193,-1.48218,-1.53917
-1.66742,-1.57127,0.10953,-1.40216,-1.66283,-1.67256,-1.43832,-1.71273,-1.66838,-1.61390,-1.54938,-1.49072,-1.50173
-1.70110,-1.62720,0.16129,-1.36937,-1.79050,-1.68091,-1.44370,-1.81445,-1.75219,-1.52998,-1.78788,-1.49232,-1.61064
-1.70375,-1.64392,0.17577,-1.33898,-1.76865,-1.76335,-1.40731,-1.81018,-1.79982,-1.54891,-1.80361,-1.53293,-1.66547
-1.55659,-1.63916,0.18259,-1.42428,-1.68820,-1.82145,-1.40211,-1.63663,-1.82307,-1.54215,-1.95060,-1.49467,-1.60849
-1.57180,-1.57967,0.13600,-1.61665,-1.63903,-1.72194,-1.38483,-1.57090,-1.77826,-1.51401,-1.68916,-1.37363,-1.50823
-1.55620,-1.41975,0.13140,-1.46898,-1.57451,-1.63274,-1.34358,-1.32224,-1.48213,-1.47095,-1.41428,-1.23946,-1.24859
-1.50998,-1.32732,0.17711,-1.41323,-1.59087,-1.54703,-1.16717,-1.09253,-1.32955,-1.36453,-1.45364,-1.13195,-1.18268
-1.43351,-1.30072,0.14633,-1.33425,-1.60853,-1.44649,-1.25206,-1.16322,-1.20775,-1.16045,-1.38296,-1.16249,-1.28897
-1.32726,-1.33981,0.10455,-1.41420,-1.52776,-1.46240,-1.32080,-1.33571,-1.20408,-1.21207,-1.27559,-1.28631,-1.35919
-1.11894,-1.22432,0.12747,-1.28175,-1.41349,-1.36724,-1.10721,-1.23543,-1.21466,-1.14586,-0.97539,-1.29136,-1.21084
-1.02750,-1.11797,0.11875,-1.22527,-1.10831,-1.22902,-1.07662,-1.16148,-1.24388,-1.10929,-0.85162,-1.01431,-1.15987
-0.91699,-0.95884,0.14417,-1.12070,-0.84941,-1.11063,-0.83384,-1.04397,-1.09471,-0.86191,-0.72874,-0.86780,-1.07666
-0.79032,-0.80525,0.12004,-0.98952,-0.78997,-0.95226,-0.72252,-0.73784,-0.86353,-0.84250,-0.58182,-0.72677,-0.84571
-0.65053,-0.69653,0.12667,-0.86525,-0.62572,-0.85024,-0.55788,-0.59499,-0.78891,-0.58108,-0.57970,-0.67711,-0.84442
-0.49940,-0.46309,0.11771,-0.58586,-0.38433,-0.48101,-0.40185,-0.32476,-0.59931,-0.44351,-0.35066,-0.38884,-0.67075
-0.34144,-0.36546,0.11227,-0.50650,-0.32785,-0.23401,-0.35730,-0.21709,-0.50708,-0.33969,-0.29096,-0.34689,-0.52723
-0.18306,-0.24344,0.07296,-0.39100,-0.20965,-0.22529,-0.21360,-0.13661,-0.27607,-0.16245,-0.24285,-0.26994,-0.30695
-0.02852,0.02111,0.09324,-0.14282,0.01467,0.06684,0.03621,0.14688,0.07033,0.09746,-0.02580,-0.12183,0.06918
0.11994,0.18338,0.11484,0.03545,0.28413,0.25449,0.24001,0.24524,0.18517,0.28593,0.24151,-0.05330,0.11515
0.25570,0.31714,0.10206,0.12559,0.43482,0.40260,0.30686,0.36393,0.27205,0.42665,0.37599,0.25816,0.20473
0.37359,0.38728,0.10968,0.22613,0.50221,0.47447,0.44386,0.39519,0.34863,0.53589,0.42768,0.24733,0.27144
0.47213,0.42215,0.11179,0.25086,0.54315,0.49160,0.49606,0.41301,0.25867,0.57405,0.46340,0.35623,0.37446
0.54798,0.42523,0.15292,0.24730,0.55574,0.63305,0.62185,0.42524,0.26869,0.51374,0.44312,0.28084,0.26272
0.59794,0.51854,0.10438,0.30747,0.63082,0.67789,0.55964,0.43832,0.56737,0.51226,0.45832,0.54240,0.49089
0.58629,0.32141,0.18871,0.02991,0.57315,0.58282,0.47532,0.35604,0.19589,0.33541,0.36718,0.12134,0.17702
0.61706,0.40228,0.16753,0.26137,0.66503,0.66881,0.43043,0.42777,0.18226,0.35779,0.48416,0.28825,0.25695
0.62151,0.32236,0.17875,0.00577,0.48860,0.59705,0.45689,0.44206,0.20506,0.21849,0.37633,0.24851,0.18484
0.59796,0.35972,0.14504,0.09851,0.57643,0.47806,0.43003,0.47521,0.41369,0.26978,0.37071,0.28240,0.20239
0.54723,0.14797,0.16684,-0.04074,0.24518,0.31194,0.26042,0.22634,0.11795,0.11134,0.22606,0.24903,-0.22783
0.44586,0.19672,0.11308,0.06952,0.42694,0.26657,0.27808,0.19167,0.18275,0.13694,0.20641,0.18589,0.02238
0.38327,0.25989,0.09080,0.20890,0.43815,0.30722,0.25724,0.28913,0.24292,0.27984,0.21458,0.28387,0.07711
0.30069,0.12926,0.10053,-0.01920,0.23511,0.15054,0.22254,0.07517,0.19164,0.18404,0.23164,0.00421,0.01691
0.20089,0.02152,0.07661,-0.06131,-0.05435,0.05333,0.17109,-0.01703,0.05406,0.11696,0.00534,-0.03870,-0.01424
0.08678,-0.12087,0.10844,-0.13961,-0.23440,0.01052,0.04491,-0.11435,-0.27589,0.00710,-0.18613,-0.16326,-0.15761
-0.05870,-0.14611,0.09831,-0.10558,-0.19425,0.00686,-0.00829,-0.10568,-0.30751,-0.15238,-0.24972,-0.15216,-0.19239
-0.15851,-0.33140,0.13586,-0.53674,-0.31843,-0.19115,-0.20375,-0.18893,-0.51343,-0.33692,-0.31165,-0.22865,-0.48440
-0.26149,-0.48287,0.14294,-0.64499,-0.65722,-0.32934,-0.35926,-0.38378,-0.65147,-0.40933,-0.37383,-0.38449,-0.63496
-0.36497,-0.49639,0.12531,-0.53071,-0.64579,-0.44556,-0.34320,-0.44339,-0.69113,-0.41258,-0.37314,-0.42701,-0.65133
-0.51150,-0.61016,0.15453,-0.73250,-0.81511,-0.45937,-0.43443,-0.54143,-0.81675,-0.54166,-0.43381,-0.57530,-0.75124
-0.57323,-0.82846,0.15339,-1.05591,-1.00339,-0.83935,-0.66139,-0.80623,-0.91311,-0.88141,-0.54942,-0.71768,-0.85672
-0.62470,-0.82054,0.10853,-0.90599,-1.00795,-0.79094,-0.74436,-0.89211,-0.88986,-0.83543,-0.62906,-0.72782,-0.78189
-0.66457,-0.76187,0.12568,-0.99238,-0.88716,-0.74742,-0.69695,-0.79402,-0.83599,-0.58798,-0.60821,-0.67510,-0.79349
-0.69244,-0.75290,0.10351,-0.85117,-0.87499,-0.66248,-0.81256,-0.76353,-0.84964,-0.55365,-0.67888,-0.69012,-0.79199
-0.73147,-0.70062,0.05531,-0.78296,-0.67103,-0.71061,-0.68589,-0.75017,-0.71277,-0.77333,-0.65440,-0.62116,-0.64384
-0.69506,-0.81985,0.08776,-0.99633,-0.74881,-0.91538,-0.80329,-0.80999,-0.83947,-0.86867,-0.71164,-0.74662,-0.75826
-0.64524,-0.73987,0.08417,-0.88896,-0.68105,-0.67226,-0.69117,-0.78096,-0.80436,-0.83946,-0.62443,-0.70859,-0.70743
-0.58426,-0.68007,0.06429,-0.80850,-0.64727,-0.68105,-0.72277,-0.64827,-0.71950,-0.70148,-0.56444,-0.65094,-0.65649
-0.55546,-0.64716,0.08044,-0.78126,-0.62988,-0.80161,-0.61632,-0.56296,-0.62633,-0.64182,-0.56766,-0.62137,-0.62241
-0.44037,-0.35815,0.09241,-0.37847,-0.19282,-0.40478,-0.35959,-0.28402,-0.40858,-0.46521,-0.35968,-0.24725,-0.48114
-0.31949,-0.30906,0.09250,-0.32692,-0.14041,-0.40944,-0.37440,-0.22314,-0.31030,-0.39920,-0.26392,-0.23191,-0.41100
-0.19776,-0.19240,0.08458,-0.19218,-0.05407,-0.23380,-0.14435,-0.16033,-0.10340,-0.32632,-0.27167,-0.16133,-0.27658
-0.07915,-0.20246,0.05964,-0.26116,-0.13399,-0.22308,-0.20103,-0.19434,-0.09077,-0.29309,-0.23033,-0.16768,-0.22912
0.00482,0.20281,0.14753,0.04228,0.36149,0.21217,0.50807,0.17982,0.19030,0.15920,-0.00937,0.23578,0.14837
0.14262,0.18942,0.07893,0.09155,0.21389,0.24722,0.21435,0.24087,0.19701,0.33214,0.09516,0.09130,0.17072
0.26613,0.25271,0.06499,0.16827,0.37236,0.28078,0.29538,0.25148,0.21972,0.28933,0.28391,0.16279,0.20305
0.37168,0.37219,0.08106,0.25522,0.43522,0.32049,0.40317,0.36485,0.35433,0.42176,0.33406,0.29460,0.53817
0.45510,0.50171,0.11832,0.24847,0.50960,0.59317,0.60491,0.44450,0.56650,0.56643,0.39538,0.45399,0.63414
0.49640,0.50661,0.11753,0.28206,0.52642,0.63868,0.64566,0.48874,0.54474,0.53707,0.40173,0.39339,0.60767
0.56549,0.55700,0.12844,0.33248,0.64472,0.77935,0.63815,0.50301,0.61315,0.56655,0.43980,0.44712,0.60563
0.60669,0.58600,0.17167,0.29974,0.83992,0.75305,0.77569,0.50198,0.63382,0.56394,0.42670,0.44891,0.61627
0.61857,0.51989,0.14292,0.22155,0.70944,0.69894,0.63320,0.48702,0.55794,0.45844,0.45980,0.51663,0.45598
0.55918,0.51119,0.19461,0.17348,0.91852,0.49391,0.55807,0.56129,0.60358,0.38052,0.38681,0.60364,0.43205
0.55226,0.43246,0.17032,0.21053,0.78373,0.50463,0.52231,0.48548,0.45506,0.30966,0.34661,0.48901,0.21758
0.51961,0.39609,0.18190,0.27874,0.78216,0.38293,0.45774,0.41436,0.26365,0.27376,0.32767,0.60606,0.17389
0.46137,0.34897,0.14012,0.12746,0.51921,0.47689,0.36393,0.44691,0.23073,0.37111,0.35805,0.45997,0.13540
0.37918,0.23658,0.14055,0.03079,0.33272,0.31117,0.19911,0.27692,0.19424,0.17563,0.32755,0.48561,0.03211
0.24684,0.21268,0.08793,0.16348,0.30498,0.34524,0.21346,0.15833,0.20947,0.09956,0.32318,0.21083,0.09827
0.16530,0.14427,0.12117,0.08397,0.39989,0.10122,0.10483,0.04552,0.19442,-0.02766,0.18134,0.26342,0.09572
0.07007,-0.03921,0.08316,-0.03646,0.01634,0.04046,0.00534,-0.12242,-0.12538,-0.17738,0.05165,-0.08750,0.04322
-0.03679,-0.13824,0.07987,-0.14412,-0.07276,0.00199,-0.12999,-0.16938,-0.22379,-0.29021,-0.13720,-0.11859,-0.09837
-0.15094,-0.26910,0.11298,-0.24348,-0.19263,-0.10105,-0.33017,-0.22682,-0.42643,-0.43353,-0.15990,-0.21728,-0.35973
-0.28461,-0.35897,0.11438,-0.29146,-0.25674,-0.36078,-0.42776,-0.24250,-0.49729,-0.45665,-0.23952,-0.27325,-0.54372
-0.36478,-0.47211,0.10832,-0.42767,-0.50409,-0.46784,-0.40084,-0.38815,-0.65085,-0.56605,-0.31082,-0.39790,-0.60687
-0.44251,-0.53775,0.10095,-0.44116,-0.64451,-0.48318,-0.58270,-0.43415,-0.67501,-0.57268,-0.40058,-0.48791,-0.65566
-0.51493,-0.58083,0.09252,-0.47563,-0.70385,-0.57223,-0.63832,-0.47170,-0.67990,-0.57314,-0.46005,-0.55158,-0.68196
-0.61286,-0.76676,0.09353,-0.66032,-0.92995,-0.65596,-0.77018,-0.71752,-0.86597,-0.80822,-0.70434,-0.70557,-0.84954
-0.63003,-0.76691,0.08670,-0.60314,-0.89897,-0.77261,-0.84977,-0.72131,-0.80102,-0.83816,-0.70367,-0.70315,-0.77733
-0.63499,-0.86252,0.06849,-0.88971,-0.93594,-0.90001,-0.88188,-0.81501,-0.90169,-0.86515,-0.72254,-0.78301,-0.93032
-0.62839,-0.86660,0.09156,-0.87884,-1.00016,-0.83273,-0.91924,-0.76509,-0.96602,-0.86601,-0.75167,-0.74553,-0.94068
-0.61081,-0.80945,0.07769,-0.86831,-0.78314,-0.85871,-0.74634,-0.76005,-0.93820,-0.86247,-0.67551,-0.75705,-0.84473
-0.59018,-0.72071,0.08948,-0.78123,-0.60299,-0.89169,-0.71264,-0.65966,-0.76190,-0.77387,-0.59750,-0.68382,-0.74182
-0.51321,-0.57308,0.08832,-0.43488,-0.56147,-0.76333,-0.55345,-0.49650,-0.62255,-0.59731,-0.52721,-0.54832,-0.62573
-0.42763,-0.49197,0.09456,-0.47012,-0.32926,-0.66666,-0.40923,-0.41755,-0.55557,-0.51497,-0.51562,-0.47629,-0.56438
-0.33838,-0.33880,0.08688,-0.32179,-0.20950,-0.45628,-0.34297,-0.25031,-0.46558,-0.37142,-0.28868,-0.27137,-0.41010
-0.27283,-0.20257,0.05804,-0.21588,-0.09852,-0.15510,-0.23149,-0.18919,-0.29893,-0.25388,-0.24488,-0.16312,-0.17470
-0.14483,-0.21612,0.07177,-0.31315,-0.17471,-0.14308,-0.27620,-0.16854,-0.30465,-0.26775,-0.23012,-0.17458,-0.10843
-0.01953,-0.02956,0.09503,-0.14190,-0.09203,0.03193,-0.00695,0.09540,0.04475,-0.02664,-0.18754,-0.08781,0.07516
0.09532,0.03265,0.08818,-0.04789,-0.07581,0.14214,0.05468,0.10805,0.07525,0.10797,-0.03690,-0.09810,0.09708
0.14987,0.28048,0.10423,0.06471,0.35324,0.34496,0.40849,0.36167,0.23178,0.32127,0.23478,0.31156,0.17229
0.27383,0.34909,0.12328,0.17408,0.46729,0.37361,0.59529,0.37897,0.24490,0.31552,0.35014,0.37417,0.21694
0.38109,0.48541,0.17135,0.24239,0.59275,0.74392,0.73563,0.47927,0.32730,0.45208,0.38240,0.56067,0.33769
0.46597,0.44254,0.14667,0.27821,0.61037,0.49755,0.69468,0.46673,0.43672,0.32194,0.36121,0.52387,0.23409
0.52327,0.41553,0.20806,0.14558,0.53022,0.36136,0.87268,0.42846,0.24942,0.39283,0.34494,0.58574,0.24404
0.55303,0.43088,0.19829,0.13601,0.67421,0.37963,0.67463,0.50222,0.30128,0.42802,0.34098,0.67635,0.19544
0.55407,0.47651,0.19216,0.30107,0.68586,0.39315,0.81427,0.52849,0.32112,0.35960,0.37611,0.69956,0.28588
0.52629,0.35504,0.17276,0.08252,0.57589,0.38754,0.31569,0.45005,0.18822,0.39712,0.31995,0.63524,0.19819
0.47133,0.28167,0.16810,0.00322,0.45713,0.34948,0.28593,0.38249,0.12957,0.25295,0.25985,0.56938,0.12671
0.39161,0.22703,0.19742,-0.00179,0.54379,0.25447,0.28341,0.16001,0.17632,0.08102,0.28183,0.53028,-0.03903
0.28867,0.17153,0.15273,-0.00309,0.51028,0.28223,0.07903,0.09180,0.15828,0.06698,0.26711,0.21515,0.04755
0.16603,0.01818,0.10825,-0.04649,0.08093,0.13459,-0.01827,0.01923,-0.13276,-0.14390,0.12263,0.16691,-0.00106
0.02983,-0.08045,0.09137,-0.03203,-0.04563,0.08371,-0.08164,-0.13892,-0.23349,-0.14764,0.02119,-0.13156,-0.09852
-0.11812,-0.27293,0.09207,-0.13915,-0.20804,-0.20560,-0.35324,-0.24365,-0.44543,-0.33843,-0.21717,-0.24105,-0.33751
-0.27328,-0.34244,0.08245,-0.23105,-0.28925,-0.33803,-0.39566,-0.27626,-0.45039,-0.44741,-0.28530,-0.27663,-0.43436
-0.43059,-0.48471,0.10544,-0.28742,-0.48002,-0.40469,-0.53079,-0.49368,-0.52651,-0.62521,-0.36054,-0.54315,-0.59508
-0.58219,-0.58173,0.09441,-0.35299,-0.59703,-0.65378,-0.56155,-0.60883,-0.60656,-0.69471,-0.50957,-0.60253,-0.62974
-0.72345,-0.78170,0.08840,-0.65229,-0.74601,-0.89236,-0.66443,-0.82462,-0.90416,-0.77978,-0.73299,-0.75783,-0.86253
-0.85245,-0.89515,0.09426,-0.77025,-0.87335,-1.02147,-0.88323,-0.86353,-1.05776,-0.90458,-0.82673,-0.78932,-0.96133
-0.96394,-0.93993,0.09684,-0.87346,-0.91772,-1.03550,-0.96215,-0.85992,-1.10453,-1.01375,-0.87758,-0.77937,-0.97529
-1.05111,-0.98849,0.10682,-0.91579,-0.95303,-1.15815,-0.99941,-0.88750,-1.14215,-1.02451,-0.96498,-0.81453,-1.02489
-1.11164,-1.00511,0.11862,-0.90321,-0.97625,-1.26223,-1.03120,-0.87879,-1.11186,-1.02088,-0.95284,-0.87429,-1.03955
-1.14528,-1.02634,0.13866,-0.87580,-1.00797,-1.31775,-1.05527,-0.91853,-1.18659,-0.95604,-0.89935,-0.96872,-1.07733
-1.15010,-1.01554,0.14973,-0.85340,-0.94069,-1.31863,-1.06053,-0.91008,-1.13462,-0.92969,-0.85669,-1.00175,-1.14929
-1.12605,-0.88716,0.13940,-0.73316,-0.88958,-1.19437,-0.84047,-0.81693,-0.99201,-0.82973,-0.73984,-0.84097,-0.99459
-1.07477,-0.71928,0.11719,-0.62041,-0.73000,-0.93521,-0.64350,-0.66041,-0.81951,-0.74172,-0.51163,-0.76522,-0.76517
-0.99752,-0.64827,0.11150,-0.48684,-0.66852,-0.80767,-0.59850,-0.61017,-0.73322,-0.67771,-0.45845,-0.74770,-0.69392
-0.89841,-0.61693,0.10090,-0.40763,-0.69992,-0.67373,-0.58439,-0.59413,-0.70119,-0.62243,-0.49488,-0.72516,-0.66582
-0.69705,-0.58445,0.12725,-0.40342,-0.63347,-0.81369,-0.56584,-0.54145,-0.57269,-0.61433,-0.37919,-0.68440,-0.63599
-0.67803,-0.51130,0.11199,-0.34192,-0.55326,-0.68707,-0.50972,-0.43227,-0.58263,-0.54993,-0.33590,-0.52041,-0.59989
-0.64994,-0.35142,0.08369,-0.22964,-0.37961,-0.34807,-0.37021,-0.25465,-0.47535,-0.47279,-0.30140,-0.29178,-0.39066
-0.61063,-0.32250,0.10555,-0.11025,-0.33944,-0.40380,-0.29444,-0.22316,-0.47284,-0.43286,-0.29094,-0.29857,-0.35866
-0.56071,-0.33218,0.10473,-0.13620,-0.32718,-0.33361,-0.33860,-0.24128,-0.49872,-0.39552,-0.28116,-0.30701,-0.46251
-0.44381,-0.39496,0.10487,-0.20303,-0.46513,-0.39686,-0.36210,-0.29392,-0.55667,-0.38599,-0.33342,-0.43941,-0.51304
-0.49604,-0.53252,0.10980,-0.49331,-0.63332,-0.60653,-0.42028,-0.36078,-0.66066,-0.56301,-0.38377,-0.61121,-0.59231
-0.54467,-0.33638,0.10149,-0.20956,-0.45919,-0.28802,-0.24653,-0.22504,-0.47302,-0.47671,-0.31780,-0.33188,-0.33604
-0.58536,-0.39341,0.09664,-0.27992,-0.49384,-0.33349,-0.40670,-0.26940,-0.50990,-0.54235,-0.31667,-0.37899,-0.40288
-0.47357,-0.55218,0.10611,-0.30702,-0.66784,-0.56562,-0.49606,-0.59637,-0.63406,-0.66301,-0.49695,-0.53182,-0.56305
-0.61280,-0.79587,0.10024,-0.87403,-0.88256,-0.89344,-0.62588,-0.73333,-0.88975,-0.88097,-0.73188,-0.67968,-0.76715
-0.74602,-1.01739,0.20574,-1.17868,-1.10630,-1.04245,-0.78192,-0.85237,-1.24232,-1.37567,-0.91227,-0.76522,-0.91672
-0.86451,-0.80612,0.10866,-0.85839,-0.89198,-0.99455,-0.75958,-0.78382,-0.79679,-0.90424,-0.76281,-0.66933,-0.63975
-0.96460,-0.84224,0.09767,-0.87873,-0.81432,-1.00283,-0.89180,-0.80319,-0.86819,-0.96472,-0.76136,-0.74295,-0.69426
-0.90119,-0.99939,0.13002,-1.05698,-1.04626,-1.07839,-1.25431,-0.91797,-1.01809,-1.05013,-0.91597,-0.83473,-0.82109
-1.07055,-1.12247,0.10697,-1.18789,-1.08319,-1.23160,-1.33247,-1.07658,-1.15201,-1.12991,-0.99973,-1.02623,-1.00506
-1.21884,-1.18826,0.10889,-1.27493,-1.16646,-1.26471,-1.33532,-1.19497,-1.26527,-1.23378,-1.10717,-1.02234,-1.01768
-1.33743,-1.25270,0.10529,-1.33232,-1.25743,-1.23190,-1.36835,-1.36369,-1.21833,-1.37118,-1.14416,-1.16971,-1.06996
-1.42132,-1.38464,0.11131,-1.32869,-1.49943,-1.40135,-1.39348,-1.59444,-1.33239,-1.44166,-1.25837,-1.38193,-1.21463
-1.29245,-1.53309,0.11391,-1.38087,-1.65565,-1.56093,-1.39028,-1.71493,-1.60262,-1.61088,-1.50528,-1.44042,-1.46907
-1.42061,-1.60126,0.12809,-1.47854,-1.69676,-1.70521,-1.39635,-1.75905,-1.69888,-1.53537,-1.72380,-1.50769,-1.51094
-1.51860,-1.53222,0.15630,-1.39721,-1.55129,-1.70425,-1.41368,-1.74679,-1.72984,-1.54775,-1.50024,-1.45429,-1.27690
-1.58168,-1.46091,0.14019,-1.26189,-1.61695,-1.53411,-1.35677,-1.70032,-1.54215,-1.47315,-1.45369,-1.35639,-1.31367
-1.61059,-1.44043,0.12694,-1.23536,-1.61186,-1.36082,-1.39213,-1.64960,-1.52316,-1.41428,-1.48585,-1.37952,-1.35171
-1.60577,-1.52085,0.12383,-1.39417,-1.66696,-1.49099,-1.42009,-1.73253,-1.68131,-1.45092,-1.46651,-1.42232,-1.48268
-1.46084,-1.45088,0.10513,-1.21027,-1.51080,-1.52142,-1.34818,-1.55805,-1.48160,-1.43287,-1.54382,-1.42766,-1.47416
-1.50508,-1.35053,0.13617,-1.21463,-1.23123,-1.54904,-1.34312,-1.33264,-1.60459,-1.31745,-1.42216,-1.27209,-1.21834
-1.51600,-1.24963,0.14267,-1.25820,-1.19721,-1.42179,-1.23158,-1.12380,-1.56240,-1.25221,-1.16417,-1.08559,-1.19937
-1.49373,-1.13499,0.10473,-1.09298,-1.12809,-1.23354,-1.21960,-1.02277,-1.31526,-1.18397,-1.11679,-0.96820,-1.06872
-1.43858,-1.15840,0.10124,-1.13005,-1.18051,-1.22504,-1.14915,-0.96340,-1.32911,-1.21127,-1.18490,-1.03418,-1.17636
-1.19847,-1.06938,0.09790,-1.02938,-1.08561,-1.17022,-1.07972,-0.92691,-1.22553,-1.09429,-1.14213,-0.92652,-1.01350
-1.19297,-1.09374,0.08271,-1.09879,-1.12257,-1.17201,-1.08713,-0.93970,-1.20237,-0.99775,-1.16755,-1.03212,-1.11742
-1.16261,-0.93066,0.10178,-0.92387,-0.97496,-1.13940,-0.89407,-0.77462,-1.00339,-0.81789,-0.88937,-0.91395,-0.97503
-1.10600,-0.71640,0.11370,-0.53813,-0.85793,-0.77499,-0.65411,-0.62500,-0.88152,-0.72359,-0.58793,-0.73596,-0.78481
-1.02424,-0.69916,0.12496,-0.46947,-0.89731,-0.84894,-0.70285,-0.62975,-0.67124,-0.73193,-0.56974,-0.73050,-0.73988
-0.92016,-0.69380,0.13856,-0.46482,-0.89224,-0.77803,-0.66489,-0.60469,-0.83953,-0.62911,-0.52978,-0.73623,-0.79864
-0.73257,-0.71265,0.15686,-0.69515,-0.93518,-0.67966,-0.60055,-0.63166,-0.94183,-0.53967,-0.51022,-0.71260,-0.87997
-0.71162,-0.47943,0.10714,-0.43049,-0.51985,-0.40734,-0.48167,-0.38128,-0.64489,-0.46104,-0.35952,-0.42923,-0.67901
-0.68019,-0.37970,0.11392,-0.29561,-0.33692,-0.29489,-0.35660,-0.29282,-0.52947,-0.44978,-0.32503,-0.29975,-0.61613
-0.63683,-0.40457,0.12620,-0.31308,-0.37693,-0.30225,-0.35211,-0.26492,-0.58973,-0.45858,-0.35398,-0.38215,-0.65198
-0.58281,-0.46737,0.10473,-0.41346,-0.45350,-0.41134,-0.43160,-0.35934,-0.63702,-0.46984,-0.37226,-0.45421,-0.67112
-0.46456,-0.54510,0.09933,-0.49105,-0.52642,-0.54787,-0.50753,-0.46366,-0.70093,-0.51305,-0.39586,-0.59359,-0.71105
-0.51101,-0.58944,0.11926,-0.58253,-0.60410,-0.54868,-0.53709,-0.48309,-0.78221,-0.49849,-0.44160,-0.61746,-0.79912
-0.55306,-0.56689,0.09222,-0.52494,-0.57519,-0.53863,-0.54129,-0.49396,-0.70828,-0.51924,-0.44479,-0.58082,-0.74174
-0.58663,-0.69105,0.11370,-0.73966,-0.76617,-0.66562,-0.57640,-0.62609,-0.86870,-0.60683,-0.54742,-0.65097,-0.86265
-0.61075,-0.65293,0.09392,-0.54994,-0.73236,-0.70155,-0.58856,-0.59967,-0.80688,-0.61079,-0.53781,-0.63082,-0.77091
-0.62422,-0.71218,0.09068,-0.72758,-0.78686,-0.71842,-0.60527,-0.69543,-0.82415,-0.65441,-0.58484,-0.66413,-0.86067
-0.62671,-0.72978,0.08839,-0.86721,-0.74274,-0.76565,-0.59242,-0.74513,-0.81003,-0.64364,-0.62415,-0.70474,-0.80208
-0.61825,-0.70872,0.08315,-0.81415,-0.76017,-0.67601,-0.60386,-0.75747,-0.77444,-0.64269,-0.57940,-0.68150,-0.79750
-0.59908,-0.77625,0.10845,-0.92770,-0.79284,-0.70708,-0.68238,-0.76255,-0.87075,-0.72190,-0.63539,-0.70615,-0.95574
-0.56982,-0.70220,0.11929,-0.86500,-0.65423,-0.53993,-0.63625,-0.72063,-0.85566,-0.64681,-0.57728,-0.66661,-0.85955
-0.53172,-0.71992,0.11847,-0.95499,-0.67524,-0.62907,-0.62153,-0.67400,-0.83043,-0.75439,-0.61064,-0.61574,-0.83316
-0.48605,-0.60934,0.13161,-0.78150,-0.70822,-0.41776,-0.59925,-0.56017,-0.68275,-0.63430,-0.43658,-0.49516,-0.77771
-0.43352,-0.54615,0.18478,-0.89556,-0.55951,-0.30390,-0.52439,-0.52435,-0.61968,-0.51667,-0.54022,-0.25148,-0.72572
-0.37680,-0.44617,0.16891,-0.56201,-0.21154,-0.21607,-0.41954,-0.49899,-0.50950,-0.56710,-0.57048,-0.23224,-0.67424
-0.31779,-0.37369,0.17068,-0.27132,-0.20922,-0.08391,-0.39501,-0.44113,-0.46846,-0.52352,-0.51635,-0.21321,-0.61478
-0.25836,-0.30351,0.14582,-0.21199,-0.15887,-0.08507,-0.31395,-0.31018,-0.39668,-0.50827,-0.32128,-0.19731,-0.53155
-0.19948,-0.29336,0.13613,-0.27930,-0.16888,-0.09986,-0.28276,-0.24701,-0.43537,-0.49727,-0.28423,-0.16425,-0.47473
-0.14373,-0.24591,0.15241,-0.27093,-0.14005,0.04612,-0.22022,-0.21367,-0.44998,-0.43044,-0.26075,-0.12927,-0.38990
-0.09380,-0.16573,0.13239,-0.11733,-0.11722,0.08143,-0.20810,-0.15062,-0.27192,-0.33734,-0.18953,-0.01754,-0.32909
-0.05120,-0.24870,0.16516,-0.41509,-0.16687,0.00560,-0.11595,-0.16777,-0.52200,-0.21072,-0.24194,-0.19553,-0.45669
-0.01658,-0.05977,0.10685,-0.06487,0.00901,0.10869,-0.03573,-0.13390,-0.24405,0.01982,-0.10502,0.02590,-0.17753
0.00861,-0.03316,0.08686,-0.02768,0.01313,0.12631,-0.01665,-0.09842,-0.12800,0.03319,-0.03333,-0.01821,-0.18200
0.02279,-0.01396,0.09075,-0.03364,0.11555,0.07566,0.03762,-0.15461,-0.10593,-0.00922,0.00178,0.05881,-0.12562
0.02562,-0.00149,0.09041,0.01334,0.18939,0.04415,-0.01432,-0.11552,-0.05436,-0.03251,0.08436,-0.02902,-0.10036
0.01719,-0.02166,0.05822,-0.03178,0.01967,0.07646,-0.03018,-0.11132,-0.02032,-0.09992,0.04600,-0.03506,-0.03009
-0.00236,-0.08572,0.08215,-0.03816,-0.04656,0.03561,-0.11737,-0.10829,-0.16964,-0.23135,-0.13168,-0.06330,0.01350
-0.03234,-0.06735,0.07696,-0.02663,-0.05389,-0.01112,-0.05211,-0.13063,-0.07171,-0.25726,-0.04725,-0.03727,0.01439
-0.07139,-0.06878,0.07168,-0.06717,-0.00631,0.00183,-0.03928,-0.18262,-0.05713,-0.15428,-0.07913,-0.13957,0.03590
-0.11891,-0.14380,0.09006,-0.09293,-0.11777,-0.01697,-0.10558,-0.20563,-0.27822,-0.21206,-0.21468,-0.18716,-0.00697
-0.17330,-0.19183,0.11157,-0.07872,-0.12836,-0.04761,-0.13325,-0.22158,-0.37818,-0.36068,-0.24515,-0.19624,-0.12857
-0.23177,-0.25349,0.11543,-0.11089,-0.09378,-0.11793,-0.32236,-0.28144,-0.42099,-0.39533,-0.29045,-0.23327,-0.26850
-0.29337,-0.34985,0.10863,-0.16627,-0.31614,-0.23509,-0.45415,-0.31460,-0.49765,-0.48431,-0.28155,-0.36263,-0.38611
-0.35606,-0.41850,0.10710,-0.22368,-0.34321,-0.37863,-0.46466,-0.37435,-0.57102,-0.52736,-0.33812,-0.43566,-0.52835
-0.41753,-0.41943,0.11254,-0.24142,-0.34199,-0.32517,-0.45725,-0.41688,-0.59016,-0.48583,-0.37224,-0.37574,-0.58761
-0.47561,-0.48566,0.10583,-0.33836,-0.41308,-0.37775,-0.48698,-0.47084,-0.64844,-0.54442,-0.42309,-0.50110,-0.65258
-0.52704,-0.59262,0.08517,-0.58395,-0.57433,-0.48621,-0.55602,-0.55927,-0.70225,-0.64793,-0.46320,-0.62546,-0.72753
-0.57012,-0.64051,0.08837,-0.58275,-0.59556,-0.61248,-0.60013,-0.61631,-0.80496,-0.66313,-0.49956,-0.67409,-0.75617
-0.60342,-0.70079,0.10276,-0.62203,-0.73747,-0.76718,-0.62451,-0.67128,-0.90702,-0.69340,-0.52235,-0.72444,-0.73821
-0.62639,-0.68619,0.09413,-0.66647,-0.70433,-0.70801,-0.62365,-0.70368,-0.84467,-0.65202,-0.48827,-0.69050,-0.78029
-0.63749,-0.72632,0.10751,-0.66560,-0.75486,-0.77741,-0.63482,-0.77525,-0.91616,-0.64102,-0.55302,-0.70718,-0.83784
-0.63641,-0.67985,0.09370,-0.57243,-0.60063,-0.77336,-0.65515,-0.73341,-0.81265,-0.67466,-0.52374,-0.68990,-0.76257
-0.62331,-0.67964,0.09809,-0.66554,-0.52229,-0.80481,-0.71414,-0.77238,-0.70581,-0.68130,-0.49885,-0.70514,-0.72614
-0.59848,-0.68456,0.10911,-0.74508,-0.50744,-0.81447,-0.66934,-0.77971,-0.74053,-0.66952,-0.48664,-0.69003,-0.74283
-0.56265,-0.52549,0.09265,-0.57815,-0.36278,-0.65246,-0.52045,-0.56950,-0.57503,-0.55064,-0.36452,-0.52550,-0.55585
-0.51767,-0.44186,0.11347,-0.48719,-0.26950,-0.44963,-0.47951,-0.57087,-0.51660,-0.52044,-0.29056,-0.29445,-0.53985
-0.46512,-0.15460,0.09195,-0.08704,-0.12693,-0.07470,-0.30848,-0.21048,-0.08731,-0.30163,-0.12286,-0.17247,-0.05412
-0.40680,-0.14507,0.08757,-0.10919,-0.14139,-0.11200,-0.18150,-0.21743,-0.13543,-0.31058,-0.09632,-0.17326,0.02640
-0.34375,-0.30227,0.12200,-0.07798,-0.22477,-0.29650,-0.35841,-0.28908,-0.50892,-0.39743,-0.17290,-0.32071,-0.37605
-0.18880,-0.23914,0.12587,-0.07534,-0.18449,-0.16423,-0.31612,-0.21748,-0.47244,-0.39848,-0.09589,-0.22016,-0.24673
-0.21712,-0.13525,0.10875,-0.06951,-0.14784,-0.09225,-0.20916,-0.08708,-0.26267,-0.27280,0.09753,-0.18798,-0.12071
-0.25065,-0.13761,0.09934,-0.00237,-0.11352,-0.08923,-0.16110,-0.16647,-0.22819,-0.33284,-0.02422,-0.18783,-0.07034
-0.28653,-0.18264,0.11811,-0.02893,-0.07358,-0.05851,-0.29623,-0.19722,-0.32761,-0.35791,-0.08781,-0.20981,-0.18884
-0.32314,-0.29457,0.11601,-0.09445,-0.21826,-0.21165,-0.33493,-0.25534,-0.44174,-0.44541,-0.22875,-0.29228,-0.42285
-0.32165,-0.32005,0.11380,-0.11813,-0.20480,-0.33571,-0.38875,-0.27137,-0.40455,-0.47762,-0.21942,-0.34960,-0.43052
-0.44481,-0.38275,0.12168,-0.22835,-0.31351,-0.27848,-0.47431,-0.34412,-0.42179,-0.61507,-0.24976,-0.42498,-0.47710
-0.56635,-0.39285,0.11932,-0.23028,-0.32912,-0.34053,-0.48391,-0.40832,-0.41183,-0.63991,-0.24828,-0.45558,-0.38070
-0.68008,-0.56783,0.08873,-0.40980,-0.58427,-0.54923,-0.59089,-0.59986,-0.49168,-0.71396,-0.49552,-0.67426,-0.56880
-0.68789,-0.79590,0.07007,-0.74707,-0.75744,-0.83192,-0.73928,-0.81166,-0.79867,-0.96281,-0.83143,-0.74430,-0.73443
-0.85874,-0.90147,0.07958,-0.88675,-0.88921,-0.95228,-0.87482,-0.86443,-1.06105,-0.96024,-0.93038,-0.81669,-0.77891
-1.01484,-0.93680,0.09875,-0.90879,-1.01064,-1.00479,-1.01578,-0.92749,-0.99268,-1.04086,-0.92427,-0.80065,-0.74205
-1.14566,-0.97024,0.07476,-0.92019,-1.02509,-0.98281,-1.10482,-0.92705,-0.96477,-1.05706,-0.96205,-0.86390,-0.89471
-1.24566,-1.07242,0.07621,-0.98059,-1.14011,-1.08235,-1.18758,-1.00545,-1.05656,-1.18824,-1.05895,-1.02448,-0.99986
-1.22835,-1.26397,0.12152,-1.06785,-1.26382,-1.26187,-1.23363,-1.33015,-1.52266,-1.34604,-1.14752,-1.23017,-1.23603
-1.34643,-1.27834,0.12941,-1.12202,-1.24674,-1.39074,-1.23240,-1.25423,-1.57215,-1.32994,-1.14058,-1.24139,-1.25316
-1.43293,-1.27932,0.13663,-1.14189,-1.25032,-1.42030,-1.22462,-1.35968,-1.56861,-1.27690,-1.12256,-1.24731,-1.18103
-1.48122,-1.23954,0.13210,-1.00600,-1.22222,-1.36412,-1.23715,-1.24545,-1.51652,-1.21935,-1.14662,-1.22434,-1.21358
-1.49279,-1.31319,0.16444,-1.13000,-1.22782,-1.52534,-1.26029,-1.41025,-1.62333,-1.21599,-1.12749,-1.25545,-1.35594
-1.38817,-1.39017,0.17160,-1.23312,-1.21914,-1.57965,-1.24857,-1.39816,-1.75820,-1.32258,-1.35226,-1.31264,-1.47742
-1.41632,-1.28353,0.18259,-1.16768,-1.17826,-1.48371,-1.18248,-1.32162,-1.70338,-1.27670,-1.12922,-1.13125,-1.26099
-1.40919,-1.19494,0.12855,-1.15303,-1.16084,-1.33611,-1.05946,-1.07322,-1.43204,-1.17115,-1.20446,-1.04660,-1.31249
-1.36707,-1.06366,0.12256,-1.01424,-0.99016,-1.28180,-1.04985,-0.93933,-1.22853,-0.91280,-1.01052,-1.04151,-1.16788
-1.29045,-1.14113,0.15986,-1.15211,-1.06279,-1.33352,-1.04902,-1.04963,-1.33175,-0.92800,-0.96454,-1.16112,-1.37885
-1.09939,-1.02656,0.15805,-1.02084,-1.02273,-1.32992,-0.95230,-1.01353,-1.11927,-0.78421,-0.81047,-1.09281,-1.11952
-1.04386,-0.86927,0.16575,-1.00514,-0.95448,-1.09687,-0.68460,-0.84250,-0.97893,-0.65647,-0.60840,-0.96022,-0.90505
-0.96690,-0.63677,0.11505,-0.65818,-0.64328,-0.80002,-0.52741,-0.52853,-0.77176,-0.53533,-0.47498,-0.68548,-0.74276
-0.86911,-0.55733,0.08779,-0.59999,-0.58613,-0.65663,-0.40604,-0.57058,-0.59864,-0.48834,-0.42123,-0.61266,-0.63307
-0.75135,-0.53163,0.11962,-0.71041,-0.49154,-0.47760,-0.31280,-0.57281,-0.62147,-0.50443,-0.39775,-0.57853,-0.64897
-0.54599,-0.29022,0.13111,-0.46421,-0.26276,-0.07163,-0.12355,-0.25169,-0.40814,-0.32689,-0.26577,-0.26383,-0.46369
-0.48923,-0.08394,0.05710,-0.06889,-0.07131,0.01760,-0.03756,-0.13426,-0.08741,-0.10090,-0.15943,-0.15999,-0.03728
-0.42864,-0.11363,0.08503,-0.05533,-0.14303,0.01175,-0.09038,-0.16099,-0.27941,-0.11483,-0.13369,-0.16521,-0.00523
-0.36287,-0.13183,0.06597,-0.05838,-0.13805,-0.00986,-0.09183,-0.14252,-0.22968,-0.16701,-0.20387,-0.16147,-0.11566
-0.29353,-0.09578,0.05592,-0.05228,-0.09101,-0.01609,-0.05458,-0.14699,-0.12506,-0.10098,-0.18488,-0.15093,-0.03499
-0.18684,-0.12295,0.07052,-0.07343,-0.13086,-0.00158,-0.08442,-0.18142,-0.21125,-0.16012,-0.19217,-0.15756,-0.03669
-0.20673,-0.12331,0.06929,-0.06099,-0.13548,-0.00765,-0.06654,-0.17146,-0.20219,-0.18897,-0.18750,-0.15624,-0.05603
-0.23189,-0.22578,0.09295,-0.22313,-0.18581,-0.04822,-0.18296,-0.21527,-0.40539,-0.20453,-0.24665,-0.22239,-0.32340
-0.26039,-0.18201,0.07470,-0.10407,-0.15529,-0.03630,-0.18436,-0.18983,-0.29587,-0.21994,-0.26184,-0.21193,-0.16071
-0.29044,-0.29234,0.09201,-0.29616,-0.22960,-0.12750,-0.24828,-0.26816,-0.44878,-0.32690,-0.33244,-0.24088,-0.40472
-0.32088,-0.32132,0.09587,-0.41859,-0.26354,-0.17675,-0.25534,-0.26868,-0.48252,-0.38073,-0.33017,-0.24011,-0.39681
-0.35116,-0.35726,0.11898,-0.54188,-0.27705,-0.23898,-0.25254,-0.23809,-0.45549,-0.47632,-0.32106,-0.28313,-0.48804
-0.38032,-0.34921,0.08072,-0.46214,-0.30011,-0.25665,-0.26554,-0.28099,-0.45491,-0.39692,-0.34117,-0.29931,-0.43438
-0.40680,-0.39712,0.08866,-0.55897,-0.33481,-0.31768,-0.36239,-0.29967,-0.50394,-0.41770,-0.35302,-0.34274,-0.48028
-0.42954,-0.41769,0.08449,-0.53782,-0.32248,-0.41654,-0.32268,-0.34082,-0.50264,-0.48196,-0.35039,-0.38853,-0.51302
-0.44774,-0.47143,0.09329,-0.60470,-0.40048,-0.44844,-0.37168,-0.37146,-0.56786,-0.51987,-0.36243,-0.49019,-0.57715
-0.46100,-0.38746,0.08852,-0.42843,-0.35201,-0.25707,-0.30562,-0.32930,-0.49812,-0.48290,-0.35063,-0.35392,-0.51659
-0.46862,-0.44421,0.10963,-0.59753,-0.40877,-0.26318,-0.43673,-0.35942,-0.56560,-0.52712,-0.37399,-0.36373,-0.54607
-0.47017,-0.44990,0.14568,-0.74075,-0.35088,-0.22873,-0.41594,-0.34530,-0.59770,-0.46616,-0.38993,-0.41917,-0.54445
-0.46561,-0.44101,0.09018,-0.59750,-0.36104,-0.32353,-0.44625,-0.40339,-0.56045,-0.45923,-0.37189,-0.38149,-0.50537
-0.45501,-0.36664,0.09096,-0.48767,-0.28447,-0.20376,-0.32217,-0.33622,-0.45133,-0.43599,-0.35205,-0.32682,-0.46590
-0.43861,-0.33757,0.08824,-0.43181,-0.24985,-0.15310,-0.33119,-0.33636,-0.44131,-0.38291,-0.33447,-0.30339,-0.41129
-0.41709,-0.36692,0.08704,-0.44018,-0.32984,-0.20688,-0.42001,-0.35665,-0.41130,-0.36542,-0.33760,-0.28278,-0.51855
-0.39125,-0.31786,0.08587,-0.23270,-0.33839,-0.20186,-0.43210,-0.27224,-0.36755,-0.32380,-0.29205,-0.25043,-0.46749
-0.36161,-0.29869,0.09033,-0.32688,-0.22865,-0.11246,-0.39736,-0.27212,-0.34408,-0.37582,-0.32870,-0.21766,-0.38320
-0.32903,-0.33264,0.12215,-0.38487,-0.25365,-0.10518,-0.37256,-0.29490,-0.47070,-0.38183,-0.34140,-0.20664,-0.51467
-0.29545,-0.29294,0.10361,-0.28943,-0.21517,-0.14928,-0.31997,-0.22290,-0.36144,-0.33247,-0.32510,-0.20058,-0.51309
-0.26216,-0.24179,0.08613,-0.17570,-0.18098,-0.08921,-0.29593,-0.25105,-0.24320,-0.33130,-0.29917,-0.17872,-0.37263
-0.22990,-0.11938,0.07669,-0.09124,-0.07727,-0.02215,-0.13914,-0.18089,-0.02857,-0.18300,-0.27098,-0.11930,-0.08122
-0.19993,-0.11933,0.07305,-0.07690,-0.09836,0.00178,-0.12234,-0.14535,-0.05147,-0.21940,-0.24502,-0.11529,-0.12094
-0.17371,-0.05184,0.07007,-0.04196,-0.04748,0.07500,-0.07205,-0.08914,0.00996,-0.04634,-0.19026,-0.09743,-0.01872
-0.15213,-0.23925,0.08032,-0.18706,-0.18742,-0.10583,-0.24564,-0.21225,-0.33675,-0.34421,-0.28254,-0.16922,-0.32160
-0.13576,-0.11817,0.05462,-0.09969,-0.12114,-0.06018,-0.09480,-0.14769,-0.04533,-0.21382,-0.19541,-0.12136,-0.08226
-0.12531,-0.13230,0.05559,-0.11254,-0.15137,-0.07946,-0.19169,-0.13902,-0.06022,-0.20562,-0.19543,-0.13374,-0.05397
-0.12132,-0.12917,0.06194,-0.11456,-0.14607,-0.02864,-0.14347,-0.12063,-0.11547,-0.25763,-0.17285,-0.13401,-0.05832
-0.12392,-0.11832,0.05523,-0.10255,-0.12730,-0.06074,-0.06164,-0.11450,-0.05428,-0.19448,-0.21858,-0.14118,-0.10799
-0.13297,-0.12553,0.04637,-0.12808,-0.12885,-0.03882,-0.06069,-0.13180,-0.14147,-0.17421,-0.18902,-0.15186,-0.11051
-0.14824,-0.11025,0.05106,-0.09093,-0.09024,-0.01958,-0.07579,-0.13046,-0.18359,-0.10952,-0.17684,-0.15184,-0.07373
-0.16921,-0.08671,0.04891,-0.05532,-0.08263,-0.01861,-0.05764,-0.15136,-0.07563,-0.12158,-0.13236,-0.14697,-0.02497
-0.19514,-0.18900,0.07665,-0.12274,-0.16184,-0.05589,-0.15608,-0.18925,-0.34006,-0.25998,-0.21781,-0.20388,-0.18245
-0.22486,-0.18022,0.08447,-0.12758,-0.14934,-0.06108,-0.10090,-0.19339,-0.34870,-0.23399,-0.23638,-0.22718,-0.12362
-0.25762,-0.16170,0.06757,-0.11756,-0.10320,-0.06392,-0.09112,-0.20427,-0.19968,-0.21904,-0.27127,-0.20777,-0.13916
-0.29222,-0.19003,0.08372,-0.10979,-0.12610,-0.08123,-0.15168,-0.20524,-0.30631,-0.25607,-0.28996,-0.26156,-0.11241
-0.32703,-0.26526,0.06604,-0.22049,-0.18575,-0.21905,-0.20841,-0.21498,-0.38427,-0.31858,-0.30100,-0.26591,-0.33418
-0.36119,-0.27665,0.06017,-0.24765,-0.20031,-0.26501,-0.29106,-0.21941,-0.36987,-0.38735,-0.28345,-0.24973,-0.25269
-0.39337,-0.29452,0.07957,-0.14712,-0.25407,-0.30888,-0.27668,-0.23257,-0.43606,-0.38592,-0.32324,-0.29143,-0.28919
-0.42231,-0.27900,0.08795,-0.14585,-0.24094,-0.21636,-0.29329,-0.22039,-0.42783,-0.41285,-0.31686,-0.27329,-0.24236
-0.44657,-0.32809,0.06389,-0.36303,-0.31058,-0.27691,-0.26637,-0.23257,-0.41694,-0.43462,-0.31711,-0.31971,-0.34306
-0.46532,-0.24394,0.07485,-0.10167,-0.18170,-0.19835,-0.24884,-0.21220,-0.30642,-0.36447,-0.30302,-0.27961,-0.24309
-0.47804,-0.27069,0.08612,-0.10705,-0.22346,-0.21696,-0.28170,-0.22455,-0.36339,-0.41477,-0.26053,-0.32270,-0.29175
-0.48403,-0.33653,0.09198,-0.36524,-0.23176,-0.20951,-0.30657,-0.23537,-0.45601,-0.43531,-0.30249,-0.39351,-0.42950
-0.48307,-0.38584,0.09459,-0.55529,-0.33807,-0.25360,-0.29782,-0.32075,-0.46338,-0.43929,-0.33266,-0.38042,-0.47712
-0.46053,-0.42905,0.10363,-0.63816,-0.32009,-0.34790,-0.38399,-0.37868,-0.52483,-0.43500,-0.31800,-0.42349,-0.52033
-0.47096,-0.38828,0.09836,-0.56871,-0.25156,-0.29435,-0.35670,-0.31281,-0.46750,-0.43638,-0.32021,-0.40341,-0.47114
-0.47548,-0.36581,0.13049,-0.61896,-0.18382,-0.20383,-0.36655,-0.27213,-0.45802,-0.38827,-0.36061,-0.33500,-0.47091
-0.47341,-0.37091,0.10412,-0.60418,-0.19228,-0.32999,-0.38008,-0.36760,-0.43910,-0.36910,-0.33937,-0.30941,-0.37798
-0.46475,-0.38450,0.10381,-0.52765,-0.25092,-0.21537,-0.42146,-0.37155,-0.54091,-0.35995,-0.35667,-0.36721,-0.43330
-0.44970,-0.36283,0.07531,-0.36169,-0.24382,-0.25483,-0.36907,-0.42815,-0.46459,-0.38153,-0.32892,-0.34038,-0.45531
-0.42900,-0.30371,0.10589,-0.15102,-0.26232,-0.13813,-0.45573,-0.31275,-0.39298,-0.36885,-0.36155,-0.22751,-0.36626
-0.40343,-0.34830,0.09004,-0.31638,-0.31026,-0.16437,-0.45294,-0.46107,-0.40199,-0.38299,-0.33014,-0.26815,-0.39472
-0.37392,-0.22795,0.08234,-0.15642,-0.15528,-0.09899,-0.37374,-0.23372,-0.18693,-0.30155,-0.27100,-0.21425,-0.28766
-0.34106,-0.23701,0.10098,-0.11997,-0.14148,-0.09412,-0.35121,-0.19220,-0.29939,-0.34672,-0.35322,-0.19094,-0.28083
-0.30603,-0.19950,0.09824,-0.11104,-0.11408,-0.09144,-0.31830,-0.17321,-0.22430,-0.34090,-0.33079,-0.17355,-0.11739
-0.27078,-0.15353,0.10798,-0.05622,-0.11650,-0.02004,-0.30079,-0.13688,-0.08472,-0.31797,-0.28652,-0.12634,-0.08933
-0.23663,-0.15496,0.10343,-0.07844,-0.09900,0.03376,-0.26910,-0.13659,-0.18182,-0.30046,-0.27350,-0.13290,-0.11159
-0.20420,-0.03098,0.10437,0.04830,-0.07287,0.07947,-0.11140,0.01396,0.09795,-0.20932,-0.16323,-0.01855,0.02588
-0.17481,-0.07371,0.09056,-0.05494,-0.08692,0.09818,-0.12377,-0.04317,-0.00474,-0.21707,-0.19075,-0.07609,-0.03787
-0.15028,-0.13141,0.10852,-0.03870,-0.10051,0.01885,-0.21014,-0.08605,-0.15857,-0.34812,-0.23204,-0.04496,-0.11390
-0.13150,-0.07757,0.07076,-0.07071,-0.08807,0.04804,-0.07894,-0.06709,-0.05460,-0.23365,-0.12935,-0.04896,-0.05238
-0.11882,-0.10474,0.08891,-0.06659,-0.08418,0.03161,-0.22313,-0.10760,-0.04444,-0.26591,-0.16021,-0.04679,-0.08017
-0.11287,-0.02411,0.08197,-0.05302,-0.03856,0.05038,-0.03909,-0.07229,0.12766,-0.08893,-0.16068,-0.01577,0.04919
-0.11415,-0.05960,0.07572,-0.03474,-0.10891,0.02330,-0.09621,-0.04275,0.06550,-0.16225,-0.17132,-0.04163,-0.02700
-0.12258,-0.12766,0.06888,-0.06681,-0.10250,0.01432,-0.14456,-0.14846,-0.11014,-0.20238,-0.23218,-0.13038,-0.15354
-0.13798,-0.09596,0.05301,-0.08239,-0.08131,-0.02258,-0.11181,-0.14807,-0.09845,0.00425,-0.15516,-0.14590,-0.11820
-0.15987,-0.14630,0.07829,-0.05969,-0.14392,-0.01240,-0.21067,-0.18486,-0.22827,-0.20616,-0.20946,-0.15942,-0.04816
-0.18711,-0.14278,0.05972,-0.09853,-0.15519,-0.00004,-0.15543,-0.16518,-0.22113,-0.12793,-0.18883,-0.16099,-0.15455
-0.21869,-0.22329,0.08246,-0.18665,-0.19551,-0.06664,-0.21818,-0.20521,-0.40214,-0.24162,-0.26494,-0.21868,-0.23333
-0.25343,-0.23825,0.09061,-0.24167,-0.21206,-0.06469,-0.19911,-0.21023,-0.40565,-0.30859,-0.31740,-0.21856,-0.20450
-0.29064,-0.25573,0.07626,-0.24126,-0.22003,-0.11954,-0.20340,-0.23763,-0.39399,-0.30845,-0.33829,-0.23328,-0.26146
-0.32827,-0.25174,0.09752,-0.13432,-0.19056,-0.13077,-0.22119,-0.22650,-0.41148,-0.40121,-0.31232,-0.23379,-0.25524
-0.36482,-0.36571,0.09639,-0.39394,-0.29927,-0.22762,-0.34226,-0.28178,-0.48590,-0.45545,-0.33448,-0.31150,-0.52486
-0.39962,-0.40913,0.12046,-0.31009,-0.39230,-0.20551,-0.37948,-0.36674,-0.59178,-0.52318,-0.35236,-0.39750,-0.57238
-0.43123,-0.42317,0.10612,-0.46896,-0.35862,-0.26864,-0.33487,-0.32584,-0.57683,-0.55481,-0.37376,-0.44599,-0.52338
-0.45768,-0.46141,0.07767,-0.47907,-0.41983,-0.44178,-0.36028,-0.44384,-0.56657,-0.53312,-0.32913,-0.50150,-0.53899
-0.47796,-0.44556,0.08102,-0.38190,-0.38942,-0.40828,-0.33932,-0.49253,-0.53989,-0.52141,-0.35276,-0.46993,-0.56016
-0.49170,-0.49548,0.09273,-0.45482,-0.41194,-0.51915,-0.40613,-0.54323,-0.63214,-0.47369,-0.35290,-0.53555,-0.62527
-0.49821,-0.54838,0.11357,-0.57448,-0.67285,-0.62146,-0.35565,-0.57407,-0.68560,-0.50344,-0.37997,-0.49747,-0.61879
-0.49694,-0.46401,0.08937,-0.49144,-0.58706,-0.51277,-0.36844,-0.32798,-0.54114,-0.50140,-0.38788,-0.38096,-0.54107
-0.48793,-0.53446,0.13612,-0.73203,-0.67552,-0.45472,-0.41415,-0.50891,-0.65310,-0.45399,-0.50006,-0.30609,-0.64608
-0.47142,-0.41857,0.18087,-0.41903,-0.10544,-0.37048,-0.40459,-0.23833,-0.62827,-0.54696,-0.56278,-0.25809,-0.65177
-0.44823,-0.48218,0.20576,-0.74081,-0.39977,-0.12024,-0.53446,-0.38572,-0.61336,-0.65717,-0.31750,-0.31966,-0.73312
-0.41925,-0.16720,0.28246,-0.28193,-0.82544,0.21701,-0.14865,0.03810,-0.03923,-0.05574,-0.17505,-0.04174,-0.35934
-0.38505,-0.35362,0.24210,-0.49486,-0.87836,-0.19316,-0.03918,-0.21904,-0.44004,-0.25430,-0.30206,-0.17123,-0.54398
-0.34687,-0.02713,0.14384,-0.08013,-0.13135,-0.22795,0.05681,-0.06979,0.08088,0.15427,-0.22416,-0.00087,0.17099
-0.30683,0.40075,0.35681,-0.28220,1.00066,0.00783,0.41820,0.47842,0.60677,0.58591,0.42500,0.58449,0.18242
-0.26645,-0.42172,0.18235,-0.61094,-0.28340,-0.28822,-0.39565,-0.31186,-0.63529,-0.63654,-0.22283,-0.61920,-0.21333
-0.22652,-0.62837,0.25849,-1.01141,-0.67579,-0.60714,-0.25422,-0.65985,-0.84099,-0.55345,-0.26513,-0.46747,-0.94822
-0.18768,-0.50021,0.13238,-0.63976,-0.60715,-0.24588,-0.54345,-0.51243,-0.58839,-0.44301,-0.41136,-0.36194,-0.64871
-0.10792,-0.38730,0.13690,-0.47959,-0.51778,-0.10889,-0.39950,-0.31618,-0.49173,-0.36858,-0.36714,-0.25759,-0.56599
-0.19497,-0.35112,0.12711,-0.45788,-0.27895,-0.14955,-0.46449,-0.26399,-0.41432,-0.36553,-0.34162,-0.21309,-0.56181
-0.29211,-0.35072,0.12165,-0.44744,-0.30553,-0.13065,-0.43429,-0.25884,-0.41270,-0.40816,-0.34586,-0.22561,-0.53815
-0.29732,-0.29120,0.10311,-0.23789,-0.24583,-0.12361,-0.43977,-0.23809,-0.35524,-0.37874,-0.31119,-0.17763,-0.40404
-0.27239,-0.27594,0.10724,-0.23562,-0.20549,-0.09118,-0.33287,-0.24069,-0.39782,-0.32320,-0.32573,-0.16696,-0.43979
-0.24858,-0.23332,0.09905,-0.14371,-0.17833,-0.04694,-0.28986,-0.21057,-0.36864,-0.32685,-0.27511,-0.17721,-0.31598
-0.22637,-0.24883,0.09786,-0.17831,-0.19683,-0.06313,-0.28715,-0.22330,-0.33260,-0.34126,-0.30681,-0.17671,-0.38217
-0.20672,-0.16641,0.08044,-0.09734,-0.14129,-0.03316,-0.23249,-0.17045,-0.11675,-0.30299,-0.26214,-0.14690,-0.16054
-0.19049,-0.15201,0.07437,-0.08545,-0.13096,-0.02167,-0.25071,-0.15230,-0.11551,-0.21970,-0.26165,-0.14269,-0.13951
-0.17846,-0.19494,0.08782,-0.08389,-0.16762,-0.04712,-0.26295,-0.17137,-0.31647,-0.28372,-0.26447,-0.15252,-0.19929
-0.17111,-0.28397,0.11583,-0.24443,-0.20586,-0.12033,-0.30974,-0.20634,-0.46413,-0.32946,-0.30705,-0.18298,-0.46934
-0.16873,-0.19663,0.07925,-0.14732,-0.16650,-0.05551,-0.20103,-0.14304,-0.28873,-0.29518,-0.27852,-0.14294,-0.24756
-0.17153,-0.09115,0.03829,-0.09687,-0.06811,-0.02362,-0.08314,-0.09849,-0.07388,-0.09914,-0.17379,-0.11573,-0.07871
-0.17946,-0.11261,0.04927,-0.09168,-0.06505,-0.03321,-0.10659,-0.15309,-0.10742,-0.15905,-0.19855,-0.13315,-0.07828
-0.19231,-0.16663,0.06075,-0.08560,-0.17719,-0.03151,-0.18325,-0.19139,-0.23031,-0.20312,-0.20753,-0.17258,-0.18382
-0.20969,-0.24150,0.09856,-0.44389,-0.25233,-0.10005,-0.19336,-0.19938,-0.37218,-0.23928,-0.21774,-0.21940,-0.17737
-0.23084,-0.17757,0.08854,-0.10031,-0.21424,-0.03161,-0.11965,-0.20116,-0.35602,-0.16747,-0.24788,-0.19076,-0.14659
-0.25496,-0.26904,0.09949,-0.36217,-0.22718,-0.10219,-0.23172,-0.22635,-0.47196,-0.25081,-0.29494,-0.21005,-0.31308
-0.28114,-0.26043,0.11048,-0.30924,-0.20620,-0.04765,-0.26695,-0.20330,-0.47828,-0.28241,-0.25080,-0.21986,-0.33963
-0.30857,-0.25845,0.12067,-0.41033,-0.21164,-0.06043,-0.25299,-0.19701,-0.46033,-0.35908,-0.26600,-0.20020,-0.16654
-0.33603,-0.24101,0.09327,-0.30405,-0.18405,-0.09071,-0.23296,-0.21084,-0.41822,-0.31469,-0.28973,-0.20932,-0.15555
-0.36235,-0.27273,0.11124,-0.42423,-0.18130,-0.10178,-0.24666,-0.23431,-0.45210,-0.34348,-0.32389,-0.23173,-0.18786
-0.38670,-0.34754,0.11004,-0.57221,-0.27060,-0.22684,-0.33604,-0.27138,-0.49125,-0.40636,-0.32111,-0.27227,-0.30737
-0.40810,-0.32858,0.09093,-0.45372,-0.25102,-0.22452,-0.31359,-0.24440,-0.45864,-0.44703,-0.29681,-0.27833,-0.31770
-0.42540,-0.34367,0.09800,-0.45297,-0.28359,-0.17200,-0.33415,-0.27141,-0.49033,-0.45264,-0.33878,-0.29203,-0.34876
-0.43784,-0.30986,0.09188,-0.42388,-0.22018,-0.19696,-0.26980,-0.25053,-0.45137,-0.41779,-0.34178,-0.26547,-0.26087
-0.44505,-0.37506,0.08494,-0.52035,-0.24042,-0.29104,-0.35056,-0.34198,-0.47544,-0.40732,-0.35938,-0.32971,-0.43444
-0.44666,-0.38601,0.08192,-0.47453,-0.31572,-0.23780,-0.39674,-0.37840,-0.48906,-0.47819,-0.38333,-0.30730,-0.39906
-0.44240,-0.39542,0.09517,-0.45787,-0.37631,-0.17495,-0.42893,-0.34076,-0.51079,-0.46155,-0.38521,-0.35242,-0.46544
-0.43235,-0.40833,0.07716,-0.51719,-0.34437,-0.24942,-0.44172,-0.39342,-0.45780,-0.45200,-0.38105,-0.37069,-0.47567
-0.41686,-0.45637,0.10331,-0.57282,-0.46198,-0.24371,-0.43814,-0.44929,-0.60740,-0.41771,-0.39338,-0.43322,-0.54609
-0.39629,-0.40784,0.11317,-0.42814,-0.40187,-0.16951,-0.44561,-0.42219,-0.57563,-0.39483,-0.38196,-0.31428,-0.54434
-0.37154,-0.31446,0.11422,-0.22220,-0.23525,-0.12740,-0.46591,-0.27224,-0.46550,-0.34031,-0.35071,-0.23905,-0.42601
-0.34367,-0.29533,0.10711,-0.21674,-0.20456,-0.11282,-0.41669,-0.25410,-0.39923,-0.31715,-0.36139,-0.23464,-0.43600
-0.31370,-0.25340,0.10590,-0.15921,-0.12542,-0.08116,-0.38351,-0.24382,-0.39266,-0.30136,-0.32010,-0.22690,-0.29985
-0.28238,-0.25603,0.10149,-0.17130,-0.23691,-0.07123,-0.38311,-0.23715,-0.36284,-0.35042,-0.34588,-0.20055,-0.20092
-0.25121,-0.19659,0.08487,-0.16334,-0.18837,-0.06187,-0.35326,-0.18202,-0.17419,-0.22494,-0.30507,-0.20351,-0.10931
-0.22168,-0.15308,0.09136,-0.14214,-0.10395,-0.06565,-0.32220,-0.11646,-0.11478,-0.21802,-0.25044,-0.18195,-0.01523
-0.19492,-0.12563,0.10005,-0.10675,-0.12166,-0.08360,-0.31616,-0.06520,-0.05170,-0.21437,-0.20989,-0.12736,0.04037
-0.17168,-0.10602,0.14183,-0.07824,-0.06858,-0.05067,-0.37702,0.03128,0.03526,-0.25724,-0.21929,-0.13421,0.05850
-0.15322,-0.13283,0.09536,-0.10120,-0.09280,-0.10799,-0.27540,-0.13820,-0.05829,-0.26882,-0.17793,-0.15308,0.04541
-0.14056,-0.13120,0.11644,-0.14314,-0.06592,-0.20691,-0.30966,-0.11489,0.05372,-0.25402,-0.17207,-0.13752,0.03843
-0.13401,0.04651,0.10604,-0.00443,-0.00387,0.01402,-0.04928,0.11479,0.26802,-0.10612,0.04444,0.04725,0.14032
-0.13395,0.10593,0.09414,0.01886,0.03418,0.22713,0.04824,0.14039,0.22507,-0.03212,0.21290,0.05517,0.12949
-0.14060,0.14477,0.07945,0.05309,0.11966,0.21338,0.09283,0.13484,0.22665,-0.00477,0.22484,0.19731,0.18987
-0.15379,0.03365,0.08181,0.05469,0.08259,0.21298,-0.00491,-0.04117,0.02414,-0.09258,0.07027,0.00795,0.02252
-0.17321,-0.05986,0.09201,0.04678,0.06359,0.09865,-0.11843,-0.14792,-0.12315,-0.10225,-0.07722,-0.11253,-0.12617
-0.18529,-0.27742,0.08360,-0.25418,-0.13420,-0.30557,-0.31028,-0.27439,-0.36436,-0.34079,-0.15641,-0.24417,-0.38985
-0.34563,-0.30763,0.10181,-0.22218,-0.25102,-0.20193,-0.33680,-0.26966,-0.36437,-0.41455,-0.15653,-0.39740,-0.46183
-0.50765,-0.33250,0.08007,-0.31754,-0.44824,-0.23095,-0.28983,-0.34646,-0.30802,-0.46038,-0.22051,-0.32389,-0.37918
-0.66562,-0.51113,0.08752,-0.52583,-0.60618,-0.53265,-0.42462,-0.60287,-0.64778,-0.46071,-0.41584,-0.49692,-0.39789
-0.72781,-0.78438,0.08042,-0.79687,-0.84373,-0.76468,-0.81971,-0.77206,-0.83428,-0.92405,-0.62822,-0.71497,-0.74518
-0.97772,-1.01124,0.13214,-1.01853,-1.09901,-0.96055,-1.17577,-1.05355,-0.85936,-1.04698,-0.72508,-1.07403,-1.09953
-1.20445,-1.03782,0.17257,-1.03710,-1.25296,-1.10357,-1.12890,-1.22874,-0.85746,-1.19466,-0.74811,-0.93118,-0.89555
-1.39883,-1.19317,0.14316,-1.21936,-1.29838,-1.25779,-1.21360,-1.36647,-0.89805,-1.29829,-1.05100,-1.25935,-1.06936
-1.55244,-1.46431,0.14609,-1.66943,-1.42509,-1.40931,-1.36931,-1.58306,-1.40265,-1.50523,-1.28786,-1.70020,-1.29093
-1.55685,-1.70524,0.12250,-1.81137,-1.63639,-1.61201,-1.92371,-1.66265,-1.81910,-1.58354,-1.53690,-1.77294,-1.69376
-1.75317,-1.79434,0.11620,-1.75044,-1.96721,-1.72131,-1.85178,-1.90144,-1.89591,-1.70715,-1.60044,-1.85528,-1.69243
-1.91254,-1.92559,0.15406,-1.94618,-2.22546,-2.00745,-1.75185,-2.09352,-1.92492,-1.78263,-1.80827,-1.94376,-1.77183
-2.03424,-1.88116,0.16438,-1.91163,-2.23023,-1.69647,-1.73545,-2.07217,-1.90516,-1.76615,-1.87200,-1.86062,-1.76171
-2.11786,-1.95604,0.12900,-1.93833,-2.27559,-1.85426,-1.90740,-2.06950,-1.94510,-1.84971,-1.92547,-1.93311,-1.86188
-1.99969,-2.07879,0.14423,-2.04844,-2.33425,-2.11352,-2.07526,-2.21708,-2.14935,-1.86048,-2.10916,-2.00614,-1.87418
-2.13300,-2.15107,0.19967,-2.24808,-2.41067,-2.29014,-2.04843,-2.37597,-2.30245,-1.89636,-2.06926,-2.01652,-1.85281
-2.22917,-2.13075,0.19466,-2.30083,-2.34969,-2.22027,-2.01135,-2.36715,-2.31145,-1.89428,-1.93925,-1.94822,-1.96502
-2.28793,-2.08190,0.13069,-2.05028,-2.22824,-2.14513,-2.01320,-2.30529,-2.14248,-1.92590,-2.01646,-1.88277,-2.10922
-2.30924,-1.99559,0.15176,-1.87153,-2.10200,-2.18789,-1.92929,-2.28380,-2.03739,-1.84861,-1.93256,-1.84455,-1.91829
-2.29327,-2.13618,0.18660,-1.91143,-2.27172,-2.24722,-2.07787,-2.48788,-2.25986,-2.05079,-2.17971,-1.90801,-1.96729
-2.13136,-2.12981,0.15604,-2.12083,-2.14687,-2.25070,-1.98919,-2.48993,-2.21542,-2.02031,-2.01690,-2.03471,-2.01328
-2.16751,-2.00305,0.18640,-1.83286,-2.01909,-2.23493,-1.81017,-2.34547,-2.11445,-2.01877,-1.94149,-1.94586,-1.76736
-2.16700,-1.80343,0.15091,-1.80608,-1.80614,-1.93178,-1.56038,-2.05678,-1.92371,-1.89135,-1.65482,-1.71191,-1.69133
-2.13014,-1.70186,0.13418,-1.46327,-1.74005,-1.75306,-1.50141,-1.88179,-1.83943,-1.78773,-1.69678,-1.65542,-1.69964
-2.05744,-1.77459,0.18235,-1.59667,-1.72329,-1.81185,-1.49385,-2.04867,-2.00012,-1.67934,-1.89192,-1.61824,-1.88192
-1.76967,-1.85099,0.24964,-1.67058,-1.69864,-2.08724,-1.44718,-2.04091,-2.18678,-1.68974,-2.10055,-1.64806,-1.94018
-1.74941,-1.61941,0.17917,-1.46193,-1.43906,-1.85542,-1.40056,-1.61211,-1.93279,-1.57753,-1.69919,-1.50451,-1.71107
-1.69369,-1.39912,0.13687,-1.45155,-1.32603,-1.59046,-1.21807,-1.39402,-1.65390,-1.38810,-1.37126,-1.24788,-1.34997
-1.60310,-1.14202,0.12163,-1.14932,-1.08060,-1.34562,-1.09031,-0.98422,-1.30904,-1.06049,-1.08663,-1.05151,-1.26242
-1.47844,-1.06929,0.12021,-1.04367,-1.06431,-1.33145,-0.98314,-0.96904,-1.13017,-0.93698,-1.02648,-1.00965,-1.19804
-1.32069,-0.95120,0.13084,-0.75753,-0.93327,-1.20678,-0.93133,-0.98684,-0.98750,-0.88680,-0.77340,-0.99681,-1.05170
-1.01626,-0.83087,0.11130,-0.71493,-0.78515,-0.99914,-0.75184,-0.91921,-0.93218,-0.67983,-0.72843,-0.87980,-0.91815
-0.91431,-0.55499,0.11144,-0.57887,-0.41796,-0.71783,-0.52605,-0.71475,-0.56562,-0.52470,-0.37680,-0.50622,-0.62115
-0.79595,-0.35353,0.09881,-0.45162,-0.26060,-0.22614,-0.36591,-0.34173,-0.46765,-0.45159,-0.29243,-0.22419,-0.45345
-0.66348,-0.27424,0.08367,-0.25233,-0.19080,-0.19986,-0.30087,-0.35519,-0.41574,-0.38020,-0.22620,-0.18709,-0.23411
-0.52016,-0.33510,0.13737,-0.35075,-0.17774,-0.19515,-0.44090,-0.43300,-0.51620,-0.25575,-0.17532,-0.27941,-0.52674
-0.25286,-0.18958,0.11699,-0.15085,0.00520,-0.08440,-0.25860,-0.35482,-0.25293,-0.23540,-0.08871,-0.13836,-0.33689
-0.22063,0.01973,0.09691,-0.02324,0.15003,0.05538,0.03801,-0.12292,0.09320,-0.16122,0.08246,0.02532,0.06028
-0.19461,0.17012,0.06418,0.14879,0.18166,0.26862,0.08688,0.13495,0.19859,0.07598,0.22649,0.23965,0.13964
-0.17293,0.07361,0.08267,-0.01273,0.07353,0.19135,0.03196,0.04265,0.04382,-0.05975,0.17302,0.16756,0.08466
-0.15575,0.00370,0.07912,-0.01992,0.07879,0.12065,0.02652,-0.07744,0.02308,-0.14772,0.04273,-0.05167,0.04198
-0.08910,-0.02729,0.10762,-0.00633,0.11060,0.12877,-0.02962,-0.14404,-0.00401,-0.18320,0.06838,-0.11581,-0.09768
-0.20564,-0.18200,0.10122,-0.04441,-0.02201,-0.19450,-0.21857,-0.18711,-0.27399,-0.31183,-0.08824,-0.18763,-0.29168
-0.32758,-0.23933,0.12482,-0.14252,-0.03688,-0.18474,-0.33325,-0.24415,-0.31174,-0.38965,-0.10648,-0.22474,-0.41913
-0.44839,-0.43873,0.09079,-0.34720,-0.37733,-0.37050,-0.46402,-0.42276,-0.54293,-0.54829,-0.30956,-0.43579,-0.56886
-0.56368,-0.45737,0.09391,-0.33502,-0.40588,-0.43396,-0.47622,-0.42060,-0.48354,-0.62623,-0.32502,-0.50961,-0.55763
-0.67153,-0.62706,0.08445,-0.44615,-0.71544,-0.71126,-0.56545,-0.59412,-0.65401,-0.68783,-0.56352,-0.67436,-0.65844
-0.76550,-0.73363,0.09236,-0.60454,-0.84441,-0.88113,-0.62633,-0.64542,-0.81085,-0.74986,-0.72392,-0.71247,-0.73737
-0.84414,-0.79893,0.12394,-0.56512,-0.95162,-0.81135,-0.73363,-0.70949,-0.97763,-0.83876,-0.79019,-0.72160,-0.88986
-0.90426,-0.86176,0.11059,-0.73130,-0.95054,-1.02784,-0.77114,-0.75887,-0.98001,-0.90688,-0.77527,-0.77050,-0.94521
-0.94327,-0.95563,0.11393,-0.83921,-1.03598,-1.15780,-0.94467,-0.90980,-1.03320,-0.95682,-0.81212,-0.81913,-1.04762
-0.95882,-0.96387,0.10157,-0.96402,-0.98319,-1.16207,-0.96164,-0.89160,-1.00121,-1.01976,-0.80178,-0.84184,-1.01158
-0.95088,-0.90801,0.09298,-0.73653,-0.98761,-1.03143,-0.91382,-0.83840,-0.96526,-0.96093,-0.81507,-0.85583,-0.97518
-0.92019,-0.87975,0.08129,-0.75775,-0.89893,-0.97909,-0.91590,-0.88454,-0.83679,-0.99454,-0.79240,-0.79763,-0.93996
-0.86752,-0.93132,0.08978,-0.91709,-0.88873,-1.00823,-0.81646,-1.00660,-1.00227,-0.98463,-0.78810,-0.85936,-1.04171
-0.79511,-0.83786,0.08072,-0.94949,-0.74456,-0.92667,-0.80898,-0.82987,-0.87243,-0.88408,-0.74508,-0.72195,-0.89548
-0.70560,-0.74968,0.08920,-0.84141,-0.61830,-0.74104,-0.71553,-0.74777,-0.74180,-0.93310,-0.69718,-0.66921,-0.79147
-0.60200,-0.59218,0.08029,-0.65091,-0.49565,-0.59553,-0.52548,-0.58613,-0.60394,-0.74852,-0.56003,-0.49200,-0.66363
-0.48700,-0.45506,0.09862,-0.49380,-0.34800,-0.36444,-0.43903,-0.38752,-0.53170,-0.60818,-0.52411,-0.31320,-0.54066
-0.36516,-0.31543,0.07420,-0.41261,-0.23102,-0.23772,-0.33056,-0.29737,-0.36877,-0.36282,-0.37153,-0.18670,-0.35521
-0.24078,-0.19742,0.05843,-0.24231,-0.19509,-0.08999,-0.21712,-0.14429,-0.19767,-0.28875,-0.24554,-0.14184,-0.21163
-0.11693,-0.11174,0.06859,-0.19035,-0.08092,-0.00612,-0.05836,-0.02391,-0.10894,-0.15964,-0.20938,-0.13400,-0.14582
0.00216,0.03826,0.09163,-0.10613,0.08911,0.12611,0.08066,0.03253,0.11992,0.08388,-0.12231,-0.02402,0.10286
0.11194,0.16936,0.09057,0.07669,0.38184,0.18399,0.06527,0.21456,0.17473,0.18646,0.09549,0.17883,0.13573
0.20723,0.26495,0.12053,0.11238,0.41787,0.32395,0.26261,0.36029,0.21718,0.30397,0.09044,0.41601,0.14478
0.28442,0.27482,0.12494,0.10622,0.51048,0.32783,0.32323,0.32507,0.20706,0.25417,0.16085,0.39054,0.14274
0.34074,0.26856,0.13142,0.10410,0.54922,0.32752,0.23551,0.33784,0.19116,0.16971,0.27130,0.35863,0.14059
0.37461,0.34463,0.12751,0.29897,0.60073,0.32736,0.31446,0.33864,0.23537,0.34389,0.35396,0.49504,0.13786
0.38432,0.30003,0.10535,0.15061,0.48433,0.34221,0.31191,0.28953,0.20073,0.27774,0.33934,0.42368,0.18018
0.36955,0.25261,0.13078,0.08747,0.45409,0.37988,0.23335,0.14114,0.20364,0.17070,0.27467,0.43991,0.14124
0.33098,0.30027,0.14347,0.15400,0.45117,0.36113,0.21170,0.17917,0.21328,0.33660,0.34025,0.59265,0.16275
0.26990,0.23058,0.12275,0.24503,0.42579,0.27139,0.14426,0.05426,0.18734,0.12932,0.30424,0.40642,0.13774
0.18845,0.17799,0.09141,0.10323,0.34812,0.25058,0.07621,0.14473,0.16796,0.05890,0.21864,0.26262,0.14892
0.09006,0.03279,0.09443,-0.00222,0.03799,0.12703,-0.01885,-0.00904,0.04589,-0.18442,0.10102,0.12254,0.10792
-0.02261,-0.14326,0.09777,-0.09783,-0.06336,0.00254,-0.14239,-0.17400,-0.34618,-0.24392,-0.13435,-0.15234,-0.08078
-0.14603,-0.25454,0.10156,-0.15318,-0.18437,-0.14630,-0.31019,-0.20859,-0.43658,-0.40420,-0.21637,-0.20135,-0.28426
-0.27601,-0.32287,0.08855,-0.25234,-0.24868,-0.26338,-0.35111,-0.25118,-0.46737,-0.41070,-0.23873,-0.30194,-0.44327
-0.40724,-0.47484,0.07764,-0.38634,-0.43098,-0.53137,-0.49012,-0.40364,-0.54635,-0.55432,-0.36141,-0.46164,-0.58220
-0.53514,-0.57488,0.09212,-0.42808,-0.52118,-0.63422,-0.57855,-0.54996,-0.64720,-0.65443,-0.42331,-0.64852,-0.66337
-0.65640,-0.68922,0.10646,-0.50961,-0.67723,-0.86597,-0.63782,-0.66159,-0.79750,-0.71393,-0.55476,-0.73739,-0.73640
-0.76651,-0.83032,0.12542,-0.68291,-0.80665,-1.07030,-0.76884,-0.80176,-0.97455,-0.75522,-0.69750,-0.80417,-0.94133
-0.86000,-0.86417,0.12509,-0.72922,-0.87012,-1.10313,-0.77206,-0.84031,-0.99641,-0.78414,-0.73293,-0.83026,-0.98317
-0.93329,-0.88901,0.11855,-0.73815,-0.88522,-1.05720,-0.85244,-0.83183,-1.06517,-0.81008,-0.79021,-0.82876,-1.03100
-0.98448,-0.93474,0.10925,-0.80613,-0.94217,-1.15738,-0.90502,-0.86429,-1.02485,-0.88674,-0.82822,-0.88996,-1.04261
-1.01099,-0.87690,0.12055,-0.68341,-0.90693,-1.07604,-0.81530,-0.83961,-1.00025,-0.86089,-0.74117,-0.85377,-0.99165
-1.01185,-0.82593,0.12286,-0.63148,-0.86382,-1.07621,-0.79132,-0.80284,-0.93107,-0.79481,-0.68800,-0.81993,-0.85986
-0.98733,-0.72657,0.10254,-0.62512,-0.78805,-0.90010,-0.66690,-0.63967,-0.80281,-0.74717,-0.55570,-0.77784,-0.76229
-0.93812,-0.60751,0.13423,-0.32566,-0.69859,-0.68244,-0.60180,-0.56346,-0.70915,-0.69112,-0.42009,-0.67883,-0.70396
-0.86574,-0.60592,0.13222,-0.36451,-0.67432,-0.73452,-0.61542,-0.54087,-0.71151,-0.66057,-0.39587,-0.63583,-0.72584
-0.68419,-0.66324,0.10393,-0.56268,-0.76425,-0.76038,-0.62600,-0.59653,-0.68422,-0.78054,-0.45284,-0.69604,-0.70889
-0.65695,-0.55802,0.08744,-0.52175,-0.61640,-0.66182,-0.57457,-0.52161,-0.56779,-0.64829,-0.35093,-0.54152,-0.57553
-0.61966,-0.33070,0.11721,-0.14097,-0.38161,-0.34635,-0.49755,-0.24538,-0.38691,-0.50790,-0.22537,-0.27509,-0.29985
-0.57050,-0.30659,0.12461,-0.12172,-0.30155,-0.46589,-0.49058,-0.26834,-0.32232,-0.44474,-0.23009,-0.23416,-0.18651
-0.51145,-0.30179,0.11746,-0.12455,-0.32062,-0.42695,-0.43947,-0.27523,-0.37820,-0.44025,-0.20977,-0.24296,-0.15987
-0.39143,-0.31562,0.11743,-0.22087,-0.31457,-0.45882,-0.43863,-0.28187,-0.44243,-0.42463,-0.14159,-0.23051,-0.20224
-0.39941,-0.20679,0.11553,-0.10124,-0.24816,-0.29905,-0.38754,-0.21522,-0.23430,-0.31491,-0.06651,-0.17562,-0.02535
-0.40556,-0.21628,0.12175,-0.11226,-0.26902,-0.24433,-0.36720,-0.17684,-0.39144,-0.28855,-0.00485,-0.21049,-0.09780
-0.40849,-0.31689,0.12343,-0.11719,-0.25232,-0.36855,-0.36952,-0.20065,-0.52169,-0.36250,-0.24157,-0.26920,-0.46572
-0.31844,-0.33868,0.09948,-0.17955,-0.29631,-0.42262,-0.34363,-0.21477,-0.50504,-0.37562,-0.29204,-0.32795,-0.42926
-0.39601,-0.44554,0.09484,-0.35731,-0.44986,-0.49812,-0.45150,-0.33479,-0.61398,-0.43649,-0.31683,-0.43700,-0.55951
-0.47414,-0.43408,0.11026,-0.28213,-0.48420,-0.50001,-0.37690,-0.28805,-0.59757,-0.48534,-0.32766,-0.44641,-0.55255
-0.54747,-0.43769,0.12317,-0.25963,-0.50853,-0.45770,-0.44141,-0.26775,-0.58468,-0.60691,-0.33350,-0.39294,-0.52381
-0.61188,-0.68064,0.08723,-0.62092,-0.72876,-0.80411,-0.59823,-0.63100,-0.79794,-0.74539,-0.54672,-0.63647,-0.69684
-0.61538,-0.77722,0.10241,-0.70900,-0.74893,-0.97189,-0.70488,-0.76041,-0.86187,-0.84524,-0.64704,-0.67126,-0.85171
-0.73662,-0.87620,0.09386,-0.90679,-0.88691,-1.07345,-0.80089,-0.80525,-0.94333,-0.86708,-0.76707,-0.78055,-0.93071
-0.84472,-0.91475,0.10737,-1.07228,-0.91706,-1.09433,-0.95629,-0.82664,-0.91479,-0.93949,-0.78082,-0.79312,-0.85268
-0.93337,-0.91368,0.10887,-1.03543,-0.93816,-1.07066,-1.05273,-0.85010,-0.85542,-0.92439,-0.82731,-0.82524,-0.75736
-0.89662,-1.01650,0.09819,-1.11748,-1.00084,-1.10322,-1.12016,-0.88066,-1.11280,-1.06106,-0.96007,-0.90714,-0.90157
-1.01992,-1.03016,0.12061,-1.14482,-1.02568,-1.13382,-1.23818,-0.88497,-0.97191,-1.09217,-1.00697,-0.93156,-0.87156
-1.12061,-0.99945,0.12280,-1.10507,-0.95174,-1.18806,-1.15110,-0.90583,-0.97836,-1.07779,-0.93263,-0.86601,-0.83789
-1.19190,-1.03798,0.11021,-1.07747,-1.01356,-1.13780,-1.22739,-0.91511,-1.07542,-1.09720,-1.04323,-0.92039,-0.87225
-1.23200,-1.16016,0.12159,-1.17168,-1.18855,-1.26698,-1.26498,-0.97485,-1.28181,-1.24130,-1.20052,-1.05298,-0.95794
-1.15332,-1.15275,0.11471,-1.14338,-1.24214,-1.22763,-1.25326,-0.97321,-1.22964,-1.23769,-1.20889,-1.04423,-0.96743
-1.20747,-1.20999,0.12309,-1.24480,-1.34932,-1.33345,-1.21361,-0.98108,-1.30729,-1.28668,-1.21923,-1.08441,-1.08005
-1.23342,-1.14440,0.12017,-1.20473,-1.24263,-1.25764,-1.11656,-0.89410,-1.15396,-1.26748,-1.21639,-1.03213,-1.05835
-1.22706,-1.19426,0.16928,-1.33912,-1.48958,-1.24250,-1.14659,-0.96642,-1.17169,-1.30565,-1.27248,-0.97308,-1.03544
-1.18799,-1.21933,0.17271,-1.26135,-1.58056,-1.37484,-1.17323,-0.94140,-1.21563,-1.19696,-1.24195,-1.05426,-1.15316
-1.04895,-1.18669,0.15111,-1.24544,-1.49542,-1.36984,-1.15962,-0.99431,-1.17967,-1.11605,-1.15334,-1.02627,-1.12693
-1.03388,-1.27995,0.12386,-1.38813,-1.53737,-1.34979,-1.35226,-1.16908,-1.14773,-1.22689,-1.19762,-1.24909,-1.18154
-0.99583,-1.12647,0.10380,-1.24422,-1.17265,-1.28482,-1.15488,-1.12407,-1.07891,-1.13107,-0.90915,-1.11153,-1.05339
-0.93379,-0.98112,0.10210,-1.13962,-0.93782,-1.01226,-0.92852,-1.07871,-1.02788,-0.99833,-0.79057,-0.86914,-1.02838
-0.85055,-0.90150,0.11329,-1.03956,-0.82201,-1.00451,-0.94510,-0.93415,-0.98014,-0.86056,-0.70876,-0.74151,-0.97868
-0.74914,-0.76896,0.10430,-0.93981,-0.70047,-0.79389,-0.68450,-0.74073,-0.87351,-0.82947,-0.59189,-0.69867,-0.83670
-0.63307,-0.69970,0.07929,-0.86678,-0.66669,-0.72114,-0.67311,-0.60827,-0.73784,-0.75505,-0.58966,-0.66467,-0.71379
-0.50515,-0.61387,0.09076,-0.69159,-0.61304,-0.62152,-0.52650,-0.48781,-0.71835,-0.55354,-0.51073,-0.67886,-0.73673
-0.36983,-0.37912,0.11783,-0.46810,-0.24511,-0.30386,-0.38891,-0.24046,-0.53436,-0.38923,-0.31115,-0.32511,-0.58494
-0.23298,-0.25056,0.06318,-0.34001,-0.18656,-0.18956,-0.20907,-0.19738,-0.32008,-0.22602,-0.24979,-0.23687,-0.35024
-0.09889,-0.17705,0.07619,-0.28508,-0.09921,-0.09206,-0.08399,-0.14001,-0.24910,-0.12840,-0.23112,-0.20831,-0.25320
0.02923,-0.11851,0.07383,-0.18346,-0.13220,-0.03560,-0.03507,-0.06165,-0.20311,-0.01722,-0.20223,-0.16593,-0.14863
0.14498,0.00943,0.11641,-0.13543,0.05162,0.19838,0.08255,0.10265,-0.04207,0.10343,-0.02851,-0.16080,-0.07748
0.24440,0.11739,0.12536,-0.04687,0.11268,0.21456,0.27790,0.05873,0.17471,0.17027,0.22626,-0.12298,0.10864
0.30493,0.11426,0.15426,0.01267,0.26140,0.27263,0.19566,0.12819,-0.00916,0.27372,0.21934,-0.13425,-0.07763
0.40273,0.23370,0.15180,0.05137,0.39889,0.42428,0.23066,0.30071,0.14894,0.34378,0.33721,-0.01628,0.11741
0.47679,0.35168,0.13044,0.20942,0.55554,0.51653,0.39339,0.39264,0.17884,0.36928,0.37317,0.17819,0.34976
0.52237,0.29710,0.16620,-0.00416,0.46063,0.56149,0.42887,0.29431,0.21457,0.26185,0.38427,0.14677,0.22244
0.50106,0.24127,0.16234,0.02943,0.36882,0.45473,0.46256,0.23043,0.09912,0.26493,0.33936,0.07746,0.08582
0.52856,0.22028,0.11539,0.08170,0.40386,0.34506,0.23454,0.27078,0.13782,0.21177,0.32141,0.06985,0.12603
0.52827,0.33508,0.13354,0.15279,0.63514,0.36193,0.34937,0.40906,0.29267,0.27979,0.38199,0.30408,0.18404
0.49925,0.35648,0.13823,0.12449,0.53421,0.54016,0.39071,0.44408,0.34178,0.27170,0.35482,0.39384,0.16897
0.44298,0.39856,0.14529,0.11843,0.63207,0.49722,0.42754,0.43160,0.50036,0.35882,0.38182,0.41978,0.21790
0.34500,0.14387,0.11768,-0.04219,0.16897,0.24571,0.20586,0.10621,0.17977,0.22569,0.14271,0.27964,-0.07368
0.28050,0.09047,0.09425,-0.02090,0.21244,0.12528,0.23326,-0.00527,0.14850,0.11019,0.08992,0.04901,-0.03770
0.19790,-0.03269,0.08929,-0.07070,-0.12464,0.04617,0.09474,-0.08681,0.04359,0.08349,-0.12323,-0.11976,-0.06973
0.09817,-0.02896,0.08425,-0.07085,-0.15325,0.07833,0.08738,-0.07584,-0.00005,0.06095,-0.02267,-0.12197,-0.07165
-0.05031,-0.17592,0.11719,-0.08325,-0.24676,0.01966,-0.08961,-0.15960,-0.40089,-0.14533,-0.28690,-0.17785,-0.18869
-0.13246,-0.21641,0.12233,-0.18766,-0.27594,-0.01796,-0.05758,-0.15967,-0.43857,-0.25056,-0.28577,-0.19275,-0.29761
-0.21896,-0.30974,0.11566,-0.42397,-0.29059,-0.14694,-0.24907,-0.21838,-0.52145,-0.24885,-0.31394,-0.24774,-0.43645
-0.30798,-0.33703,0.11471,-0.31033,-0.35424,-0.17660,-0.26697,-0.28691,-0.53762,-0.29526,-0.34286,-0.26870,-0.53085
-0.39739,-0.48528,0.11608,-0.54832,-0.61361,-0.36488,-0.38800,-0.55032,-0.63780,-0.37513,-0.36852,-0.39593,-0.61028
-0.49270,-0.53209,0.11741,-0.67708,-0.61881,-0.55912,-0.40851,-0.60891,-0.63574,-0.39125,-0.38980,-0.41031,-0.62135
-0.53120,-0.55316,0.12149,-0.68858,-0.67722,-0.54197,-0.45824,-0.64572,-0.68779,-0.38003,-0.42407,-0.43159,-0.59633
-0.56106,-0.58826,0.07946,-0.66682,-0.68218,-0.52636,-0.54261,-0.67710,-0.63914,-0.46091,-0.56754,-0.50003,-0.61995
-0.58168,-0.59793,0.09047,-0.72033,-0.53363,-0.56332,-0.61083,-0.73458,-0.63631,-0.49518,-0.60879,-0.45092,-0.62542
-0.61095,-0.65848,0.08816,-0.76385,-0.46844,-0.64790,-0.74408,-0.70754,-0.68809,-0.72165,-0.60452,-0.58737,-0.65135
-0.56998,-0.54453,0.06514,-0.63799,-0.44078,-0.47554,-0.57900,-0.55761,-0.60347,-0.56943,-0.48981,-0.49348,-0.59814
-0.51867,-0.54784,0.07944,-0.53889,-0.36637,-0.65037,-0.57191,-0.55530,-0.60142,-0.61692,-0.48314,-0.52698,-0.56711
-0.45921,-0.43173,0.08945,-0.37430,-0.21278,-0.50578,-0.44681,-0.47962,-0.44042,-0.47146,-0.48286,-0.38956,-0.51368
-0.42218,-0.35726,0.09468,-0.32087,-0.16765,-0.42807,-0.32753,-0.33879,-0.43837,-0.41891,-0.40456,-0.25334,-0.47448
-0.31311,-0.23287,0.07890,-0.19983,-0.07433,-0.20269,-0.27290,-0.20083,-0.27367,-0.32661,-0.30339,-0.16374,-0.31067
-0.20295,-0.26162,0.07668,-0.32400,-0.12487,-0.24491,-0.24372,-0.20028,-0.25119,-0.37588,-0.28853,-0.20631,-0.35656
-0.09527,-0.05568,0.13785,-0.14020,0.25812,0.02594,-0.06580,-0.08274,0.01143,-0.19343,-0.23389,-0.10244,-0.03375
-0.03722,-0.07684,0.08043,-0.21821,-0.01818,0.02132,0.02131,-0.08745,-0.02446,-0.07432,-0.18329,-0.10361,-0.10155
0.09291,0.01855,0.11539,-0.19270,0.11400,0.09402,0.11126,0.10646,0.07850,0.03578,-0.13940,-0.09324,0.07084
0.20961,0.16398,0.10510,0.00605,0.26214,0.29188,0.26436,0.22559,0.16410,0.19235,0.03144,0.03656,0.16534
0.30879,0.27742,0.12428,0.06642,0.36609,0.37655,0.51199,0.29455,0.20671,0.32119,0.22747,0.21877,0.18449
0.38618,0.36006,0.11271,0.15833,0.57605,0.42421,0.44369,0.39278,0.26440,0.34860,0.34359,0.36139,0.28755
0.41758,0.45031,0.13018,0.14097,0.55806,0.51794,0.58519,0.44086,0.54437,0.42607,0.35380,0.42918,0.50663
0.48315,0.48443,0.15762,0.11979,0.53384,0.59478,0.71515,0.52852,0.45909,0.45640,0.38464,0.47131,0.58077
0.52191,0.46982,0.16058,0.09325,0.58275,0.59125,0.56589,0.58435,0.59657,0.37672,0.37993,0.52514,0.40238
0.53123,0.24465,0.18430,-0.12784,0.43697,0.41371,0.30395,0.50150,0.15409,0.19348,0.27659,0.16909,0.12493
0.47365,0.37377,0.19063,0.02782,0.71294,0.49846,0.52292,0.44263,0.27293,0.31828,0.36430,0.39357,0.18388
0.46619,0.31272,0.13631,0.11213,0.54305,0.34538,0.32980,0.40439,0.20894,0.28413,0.35762,0.42431,0.11750
0.43306,0.33104,0.14388,0.14917,0.64320,0.34814,0.29149,0.39334,0.23999,0.35866,0.31058,0.42365,0.15216
0.37428,0.35209,0.14381,0.22421,0.62517,0.34333,0.30547,0.38855,0.25900,0.32938,0.36526,0.54270,0.13778
0.29268,0.25395,0.15421,0.16214,0.62167,0.26515,0.20799,0.15996,0.26811,0.09640,0.31241,0.34312,0.10257
0.17499,0.08309,0.06607,0.02388,0.16527,0.13766,0.08150,0.03537,0.10189,-0.01517,0.19201,0.04359,0.06484
0.09384,0.06771,0.07664,-0.01276,0.15924,0.07596,0.01012,-0.05039,0.15645,0.01754,0.09699,0.16449,0.05948
0.00073,-0.12457,0.08239,-0.13829,-0.08325,-0.06707,-0.08674,-0.19357,-0.26083,-0.25173,-0.05611,-0.04093,-0.06722
-0.10205,-0.28410,0.11547,-0.27062,-0.21381,-0.12476,-0.30611,-0.22431,-0.48841,-0.38411,-0.23865,-0.16986,-0.42039
-0.24421,-0.35462,0.10386,-0.33154,-0.29811,-0.29986,-0.39403,-0.27550,-0.45813,-0.48137,-0.23388,-0.24706,-0.52670
-0.31985,-0.41449,0.12042,-0.32027,-0.37958,-0.46999,-0.49207,-0.28520,-0.53673,-0.54480,-0.25845,-0.29123,-0.56656
-0.39320,-0.44449,0.11469,-0.31832,-0.42476,-0.43432,-0.49130,-0.39561,-0.60461,-0.48258,-0.29017,-0.36029,-0.64297
-0.46280,-0.56745,0.11285,-0.40441,-0.64209,-0.57171,-0.63012,-0.51836,-0.72228,-0.61062,-0.43371,-0.44339,-0.69777
-0.56855,-0.64432,0.09540,-0.52407,-0.62475,-0.66225,-0.74085,-0.58454,-0.78791,-0.71128,-0.50567,-0.58225,-0.71969
-0.58415,-0.76601,0.07817,-0.74809,-0.84303,-0.79950,-0.76814,-0.75398,-0.87750,-0.74738,-0.60138,-0.69918,-0.82189
-0.58800,-0.77245,0.08214,-0.72523,-0.72929,-0.90623,-0.78818,-0.77152,-0.90453,-0.73167,-0.65422,-0.70730,-0.80635
-0.58115,-0.78646,0.08467,-0.79574,-0.69696,-0.94429,-0.86148,-0.74583,-0.83890,-0.81656,-0.68722,-0.68321,-0.79444
-0.56404,-0.74445,0.07195,-0.75379,-0.63783,-0.78369,-0.71425,-0.73622,-0.81974,-0.86518,-0.64372,-0.71166,-0.77841
-0.54618,-0.64394,0.07330,-0.62334,-0.53768,-0.76739,-0.62019,-0.61088,-0.71627,-0.73106,-0.57236,-0.60352,-0.65676
-0.46989,-0.54039,0.07341,-0.49422,-0.51278,-0.59560,-0.50892,-0.51777,-0.66358,-0.61058,-0.51382,-0.40439,-0.58225
-0.38708,-0.40931,0.11503,-0.29507,-0.26251,-0.49538,-0.39365,-0.40767,-0.58807,-0.53551,-0.40849,-0.24685,-0.45988
-0.29984,-0.25868,0.10127,-0.15127,-0.14330,-0.20937,-0.38095,-0.21446,-0.40443,-0.39671,-0.26770,-0.17146,-0.24714
-0.23123,-0.10537,0.11289,-0.08869,0.14017,-0.03049,-0.21432,-0.06986,-0.14882,-0.23425,-0.21488,-0.14496,-0.04758
-0.10465,0.04530,0.11446,-0.00291,0.16453,0.14643,0.03843,0.12588,0.09327,-0.16057,-0.10585,-0.00996,0.16373
0.01518,0.08505,0.13653,-0.07349,0.34233,0.19300,0.12604,0.18832,0.03375,-0.01154,-0.02832,-0.06842,0.14879
0.12551,0.19417,0.10424,0.05817,0.44528,0.25648,0.20961,0.21914,0.15689,0.14353,0.11507,0.16783,0.16967
0.22182,0.25209,0.12031,0.06051,0.45650,0.26637,0.19389,0.39526,0.21067,0.22600,0.20670,0.36032,0.14468
0.29997,0.32173,0.15761,0.14098,0.59143,0.33260,0.41953,0.45218,0.20094,0.32997,0.15534,0.45195,0.14240
0.35517,0.36072,0.18682,0.11782,0.65111,0.37442,0.52529,0.47060,0.22520,0.34097,0.19629,0.55952,0.14597
0.38587,0.21483,0.15630,-0.01718,0.44371,0.33548,0.28379,0.34499,0.07152,0.14257,0.12459,0.35678,0.06202
0.39205,0.24208,0.15992,0.03616,0.50958,0.32124,0.28882,0.36862,0.07784,0.23281,0.05488,0.38491,0.14599
0.37301,0.26239,0.16087,0.03117,0.49032,0.32138,0.38724,0.40401,0.17553,0.08126,0.14368,0.42085,0.16847
0.32985,0.23043,0.14996,0.01940,0.48296,0.29537,0.22442,0.29400,0.11790,0.10959,0.21648,0.43773,0.10650
0.26367,0.12526,0.16007,-0.01827,0.36620,0.26537,0.08692,0.12224,-0.13291,0.02039,0.27633,0.25608,0.01021
0.17681,-0.10173,0.14606,-0.08668,0.03916,0.04282,-0.23415,-0.20865,-0.40894,-0.13696,-0.00174,-0.01427,-0.00788
0.07233,-0.07941,0.10916,-0.10340,-0.10890,0.06315,-0.13563,-0.06377,-0.28780,-0.18213,0.04742,-0.04897,0.02590
-0.04625,-0.11282,0.08225,-0.02921,-0.09209,-0.00162,-0.14862,-0.16072,-0.25557,-0.16045,-0.00501,-0.16936,-0.10559
-0.17495,-0.27165,0.08889,-0.15961,-0.19693,-0.23310,-0.32211,-0.22588,-0.42843,-0.38059,-0.21106,-0.22185,-0.33690
-0.30947,-0.38534,0.08576,-0.29916,-0.36581,-0.29722,-0.43366,-0.29615,-0.49649,-0.45119,-0.32027,-0.36975,-0.52374
-0.44424,-0.45602,0.08567,-0.31684,-0.38926,-0.48072,-0.47998,-0.41063,-0.53113,-0.57227,-0.36457,-0.45178,-0.56302
-0.57549,-0.60359,0.07538,-0.43352,-0.63830,-0.69181,-0.58399,-0.61911,-0.62645,-0.65597,-0.52018,-0.61565,-0.65088
-0.69868,-0.64784,0.09655,-0.41224,-0.66403,-0.78883,-0.60150,-0.66188,-0.70927,-0.68859,-0.63540,-0.65126,-0.66542
-0.80777,-0.73172,0.10079,-0.56260,-0.67610,-0.93866,-0.65530,-0.74977,-0.79073,-0.78495,-0.67050,-0.73072,-0.75793
-0.89845,-0.84194,0.11773,-0.68400,-0.78936,-1.06061,-0.74724,-0.81014,-0.96952,-0.86030,-0.74946,-0.79707,-0.95171
-0.96736,-0.93264,0.14764,-0.82733,-0.83367,-1.16415,-0.85902,-0.86131,-1.17361,-0.89630,-0.79492,-0.83247,-1.08365
-1.01250,-0.80588,0.13137,-0.73333,-0.74727,-1.06131,-0.71349,-0.80610,-0.94884,-0.75755,-0.61112,-0.76975,-0.90998
-1.03198,-0.72838,0.10561,-0.60314,-0.69561,-0.92761,-0.62433,-0.77185,-0.84705,-0.74182,-0.59959,-0.72528,-0.74749
-1.02467,-0.77219,0.10362,-0.65030,-0.71154,-0.94272,-0.67371,-0.81541,-0.90141,-0.77724,-0.65013,-0.75323,-0.84617
-0.88415,-0.80596,0.08115,-0.69639,-0.73350,-0.91111,-0.76255,-0.81403,-0.93214,-0.81711,-0.71607,-0.80103,-0.87563
-0.94796,-0.79971,0.10032,-0.72916,-0.70180,-1.02505,-0.73599,-0.76159,-0.87159,-0.83648,-0.69764,-0.78692,-0.85084
-0.99344,-0.72467,0.10609,-0.63303,-0.69243,-0.99658,-0.63725,-0.75839,-0.73275,-0.75054,-0.63831,-0.71018,-0.69726
-1.01433,-0.69320,0.08675,-0.54314,-0.70671,-0.82528,-0.62967,-0.77856,-0.74866,-0.73815,-0.58966,-0.69929,-0.67286
-1.00921,-0.74280,0.08407,-0.61006,-0.76217,-0.90191,-0.72228,-0.74665,-0.74502,-0.85578,-0.70158,-0.68499,-0.69755
-0.89081,-0.85090,0.07258,-0.81701,-0.84365,-0.98536,-0.80612,-0.82114,-0.90633,-0.94166,-0.82759,-0.73917,-0.82098
-0.95760,-0.86825,0.08104,-0.86725,-0.86548,-1.05317,-0.80971,-0.81557,-0.93751,-0.88397,-0.79852,-0.77480,-0.87647
-1.00489,-0.85108,0.08689,-0.88840,-0.89550,-1.00600,-0.74656,-0.81041,-0.86958,-0.95261,-0.80119,-0.74025,-0.80031
-1.02722,-0.82842,0.07529,-0.79001,-0.87193,-0.90183,-0.89108,-0.80522,-0.84278,-0.94660,-0.78533,-0.71328,-0.73615
-1.02332,-0.99169,0.11174,-1.10030,-1.07034,-1.07545,-1.06024,-0.90790,-1.05570,-1.06652,-0.94205,-0.77447,-0.86396
-0.92250,-1.01569,0.11719,-1.21176,-1.03071,-1.13235,-1.02689,-0.91045,-1.10101,-1.02986,-0.98017,-0.80740,-0.92629
-0.98866,-0.98495,0.13310,-1.14859,-0.98808,-1.17677,-1.03938,-0.77519,-1.04736,-1.04943,-0.92899,-0.84013,-0.85557
-1.03373,-0.91062,0.13484,-1.05647,-0.91415,-1.19177,-0.93284,-0.79573,-0.86865,-0.95499,-0.86605,-0.77232,-0.75327
-1.05317,-0.97359,0.09573,-1.13135,-0.98088,-1.03529,-1.01297,-0.86424,-1.00480,-1.01708,-0.97286,-0.78500,-0.93138
-1.04563,-1.02813,0.11381,-1.14519,-1.05670,-1.14307,-1.10821,-0.89315,-1.11334,-1.04003,-0.99552,-0.79490,-0.99123
-0.95356,-1.04458,0.12198,-1.20982,-1.00967,-1.16848,-1.08244,-0.88976,-1.16024,-1.05152,-1.04233,-0.82085,-1.01066
-1.01590,-0.99232,0.11199,-1.17704,-0.93800,-1.15950,-1.00874,-0.87575,-1.04331,-0.98275,-0.97803,-0.82580,-0.93431
-1.05646,-0.97161,0.10018,-1.05123,-0.95311,-1.02928,-1.04508,-0.91810,-0.98165,-1.08294,-1.03797,-0.77782,-0.83890
-1.07091,-0.99669,0.11086,-1.01029,-1.02972,-1.05014,-1.11602,-0.90543,-1.00194,-1.11054,-1.09390,-0.79163,-0.85731
-0.89005,-1.14307,0.11812,-1.20994,-1.15009,-1.27036,-1.15414,-0.97062,-1.27671,-1.15960,-1.21280,-0.91764,-1.10878
-0.97323,-1.07484,0.11264,-1.12748,-1.03696,-1.21867,-1.10733,-0.93558,-1.23564,-1.12294,-1.04358,-0.87833,-1.04185
-1.03838,-1.02221,0.11342,-1.02438,-0.98125,-1.09796,-1.06316,-0.89451,-1.18081,-1.09587,-1.12092,-0.80910,-0.95418
-1.07875,-0.94872,0.09122,-0.99197,-0.92515,-1.08301,-0.98536,-0.86724,-1.00480,-1.00659,-0.99303,-0.78156,-0.84844
-1.09219,-0.93965,0.09485,-0.90317,-0.95601,-1.06542,-1.05922,-0.85350,-0.96394,-0.97805,-0.99626,-0.77062,-0.85028
-0.91710,-1.01539,0.09397,-0.99679,-1.02092,-1.06225,-1.08533,-0.88723,-1.16799,-1.02962,-1.05355,-0.84043,-1.00975
-0.99509,-0.98300,0.10358,-0.98323,-0.96150,-1.04885,-1.03942,-0.83602,-1.16024,-1.03665,-1.01626,-0.81154,-0.93632
-1.05489,-0.90439,0.08848,-0.92339,-0.86411,-1.04557,-1.00248,-0.80765,-0.98300,-0.85990,-0.94604,-0.79420,-0.81761
-1.08942,-0.85039,0.08013,-0.88987,-0.82739,-1.00933,-0.93346,-0.82590,-0.80388,-0.87223,-0.84220,-0.75130,-0.74836
-1.09576,-0.93707,0.08011,-0.93218,-0.93680,-0.99701,-0.98225,-0.84154,-1.07538,-0.92231,-0.98731,-0.79685,-0.89911
-0.91858,-0.99564,0.09846,-0.99948,-1.04775,-1.08001,-1.02773,-0.84651,-1.15931,-0.96286,-1.02911,-0.84039,-0.96322
-0.98962,-0.95310,0.09742,-1.01413,-0.91506,-0.94721,-0.98692,-0.81817,-1.14812,-0.96552,-1.00316,-0.81577,-0.91698
-1.04155,-0.90248,0.08512,-0.88621,-0.83590,-0.94797,-0.92519,-0.80758,-1.08007,-0.92212,-0.96255,-0.79344,-0.86377
-1.06868,-0.77341,0.09978,-0.54395,-0.77116,-0.84513,-0.77915,-0.75149,-0.81374,-0.80456,-0.93707,-0.75313,-0.73472
-1.06886,-0.79628,0.10405,-0.53113,-0.84359,-0.81590,-0.79045,-0.79946,-0.92887,-0.83611,-0.83702,-0.74792,-0.83242
-0.89142,-0.94663,0.07662,-0.93010,-1.01488,-1.00910,-0.94407,-0.84271,-1.07515,-0.95563,-0.93595,-0.81842,-0.94032
-0.95835,-0.96931,0.09032,-1.03760,-0.94670,-0.99911,-0.91691,-0.82975,-1.15154,-1.00718,-0.96593,-0.86697,-0.97144
-1.00649,-0.92448,0.08662,-1.05509,-0.93172,-0.87593,-0.86707,-0.84029,-1.09303,-0.86223,-0.92364,-0.85333,-0.94242
-1.03085,-0.74907,0.08737,-0.60453,-0.77054,-0.82075,-0.69644,-0.76940,-0.90610,-0.73224,-0.64177,-0.74921,-0.79975
-1.02991,-0.82767,0.09295,-0.83669,-0.80783,-0.86016,-0.69600,-0.77459,-1.03665,-0.80624,-0.79441,-0.75858,-0.90554
-0.85896,-0.94208,0.09092,-1.01542,-0.99827,-0.98732,-0.89895,-0.85572,-1.11282,-0.83995,-0.90519,-0.83083,-0.97634
-0.93181,-1.00155,0.11681,-1.11415,-1.00502,-1.11841,-0.91897,-0.85943,-1.17421,-0.87277,-0.96432,-0.89030,-1.09788
-0.98661,-1.09338,0.13474,-1.19137,-1.14605,-1.28498,-0.99387,-0.91454,-1.25242,-0.96397,-1.06112,-0.94556,-1.17991
-1.01731,-1.08770,0.13370,-1.11002,-1.11122,-1.31479,-0.97731,-0.96486,-1.19106,-0.92015,-1.00992,-1.01441,-1.26320
-1.02320,-1.07438,0.12509,-1.03076,-1.12627,-1.31836,-1.02709,-0.93389,-1.10930,-0.96161,-1.01421,-0.97989,-1.24248
-1.00404,-1.04457,0.10853,-0.98492,-1.22169,-1.15734,-0.93041,-0.96887,-1.11514,-0.97936,-0.89040,-1.07972,-1.11786
-0.96089,-0.97631,0.10257,-1.02324,-1.08235,-1.04710,-0.84426,-1.01652,-1.08696,-0.88675,-0.80002,-0.93525,-1.04063
-0.89563,-0.95959,0.10796,-1.03769,-1.07174,-1.01791,-0.85090,-1.01292,-1.05047,-0.87166,-0.78269,-0.84826,-1.05166
-0.81006,-0.82831,0.11512,-1.02698,-0.71677,-0.77164,-0.77488,-0.93959,-0.85253,-0.81700,-0.66050,-0.76720,-0.95597
-0.70729,-0.71121,0.08673,-0.82295,-0.62802,-0.59522,-0.71482,-0.77533,-0.71175,-0.81224,-0.59026,-0.68017,-0.78134
-0.59181,-0.61576,0.08150,-0.76916,-0.48818,-0.57294,-0.58068,-0.54297,-0.63245,-0.68208,-0.57260,-0.63135,-0.68522
-0.46724,-0.50891,0.11050,-0.67175,-0.39299,-0.41886,-0.38459,-0.39802,-0.57443,-0.50794,-0.50543,-0.56205,-0.67304
-0.33760,-0.45054,0.13192,-0.74031,-0.31712,-0.35801,-0.43047,-0.31624,-0.51852,-0.44440,-0.45096,-0.35790,-0.57148
-0.20591,-0.28765,0.18020,-0.68995,-0.24755,-0.12315,-0.08689,-0.12047,-0.46269,-0.30875,-0.28392,-0.24386,-0.30926
-0.07815,-0.18304,0.12411,-0.43178,-0.15579,-0.04762,-0.01439,-0.08984,-0.22046,-0.13048,-0.29709,-0.20669,-0.23624
0.04149,-0.03001,0.12749,-0.10317,-0.04690,0.09273,0.08690,0.05344,-0.12192,0.19669,-0.15290,-0.15432,-0.15067
0.14881,0.05538,0.15908,-0.20034,0.27516,0.17930,0.08992,0.19220,-0.00250,0.21985,-0.09471,-0.08845,-0.01664
0.24109,0.33781,0.12085,0.14206,0.49943,0.32592,0.30488,0.43851,0.22645,0.47063,0.31888,0.43732,0.21398
0.31450,0.46510,0.11652,0.27799,0.72403,0.43387,0.42263,0.50324,0.45410,0.48282,0.39015,0.54942,0.41278
0.36542,0.36558,0.14192,0.17857,0.63888,0.35312,0.39216,0.46915,0.36031,0.21347,0.40683,0.44675,0.19656
0.39311,0.34785,0.17271,0.21808,0.51791,0.33720,0.38303,0.37938,0.16931,0.45408,0.39531,0.60566,0.01850
0.39647,0.36553,0.10410,0.27787,0.52743,0.35679,0.32046,0.40966,0.23424,0.46583,0.38390,0.46321,0.21588
0.37543,0.29965,0.11565,0.20980,0.49844,0.32562,0.32911,0.15708,0.19193,0.32947,0.38089,0.41261,0.16156
0.33095,0.31554,0.09160,0.35268,0.46724,0.34472,0.24482,0.28812,0.23122,0.29108,0.42628,0.34714,0.16207
0.26475,0.20190,0.07174,0.22933,0.18675,0.32015,0.16688,0.18498,0.19100,0.08040,0.29447,0.23563,0.12939
0.17922,0.18057,0.11047,0.06038,0.45065,0.20085,0.12987,0.11664,0.20338,0.08060,0.24376,0.16110,0.15848
0.07820,0.01043,0.08488,0.01630,0.00679,0.11906,0.02402,-0.04994,-0.05387,-0.13310,0.13615,-0.04560,0.08449
-0.03499,-0.15988,0.13867,-0.03787,-0.06564,0.05085,-0.14677,-0.17895,-0.38720,-0.33271,-0.05166,-0.18728,-0.26158
-0.15771,-0.30537,0.12948,-0.11029,-0.29260,-0.19378,-0.31267,-0.22882,-0.49437,-0.47209,-0.26426,-0.22761,-0.45719
-0.28569,-0.41981,0.13362,-0.26652,-0.41413,-0.23977,-0.42868,-0.30654,-0.59347,-0.51590,-0.31788,-0.51247,-0.60274
-0.41336,-0.55059,0.09720,-0.37663,-0.59355,-0.53244,-0.52232,-0.53496,-0.65325,-0.63893,-0.40728,-0.59081,-0.65574
-0.53665,-0.53714,0.11081,-0.32907,-0.57730,-0.50764,-0.56406,-0.53456,-0.54204,-0.67308,-0.37469,-0.62533,-0.64359
-0.65363,-0.66943,0.10432,-0.45074,-0.72817,-0.79641,-0.65116,-0.65420,-0.74167,-0.71477,-0.53320,-0.72834,-0.69564
-0.75735,-0.81396,0.08739,-0.72445,-0.89755,-0.96996,-0.78849,-0.75760,-0.92677,-0.76567,-0.71489,-0.78903,-0.80519
-0.84620,-0.81511,0.10340,-0.61338,-0.91441,-0.96202,-0.87177,-0.76141,-0.90668,-0.77736,-0.73395,-0.77866,-0.83150
-0.91659,-0.87508,0.11127,-0.69593,-0.95418,-0.97761,-0.95979,-0.79516,-1.06229,-0.81906,-0.79829,-0.80535,-0.88318
-0.96549,-0.95940,0.12049,-0.81720,-0.99280,-1.19542,-0.97455,-0.86322,-1.10817,-0.93954,-0.85027,-0.86506,-0.98776
-0.98996,-1.00616,0.13414,-0.79605,-1.03347,-1.28235,-1.00388,-0.89276,-1.12116,-1.00825,-0.88636,-1.01707,-1.02027
-0.98973,-1.03900,0.14187,-0.78339,-1.08650,-1.28957,-1.11017,-0.90242,-1.10372,-1.01209,-0.93801,-1.14624,-1.01792
-0.96530,-0.99106,0.10428,-0.83621,-1.07557,-1.12301,-0.94122,-0.97038,-1.13187,-0.97959,-0.83500,-1.03608,-0.98172
-0.91787,-0.88244,0.09240,-0.80189,-0.89698,-0.95826,-0.90293,-0.90049,-1.03540,-0.80311,-0.71530,-0.85501,-0.95505
-0.84942,-0.89671,0.09366,-0.88990,-0.86456,-0.89856,-0.88892,-0.95741,-1.06502,-0.82330,-0.72291,-0.86420,-0.99232
-0.76124,-0.84962,0.08184,-0.91581,-0.79175,-0.90394,-0.75496,-0.85871,-0.93441,-0.81484,-0.74015,-0.79918,-0.98242
-0.65800,-0.67727,0.08532,-0.78207,-0.53825,-0.78470,-0.61807,-0.67080,-0.73798,-0.68439,-0.55600,-0.68266,-0.71777
-0.54324,-0.48045,0.08521,-0.42043,-0.34610,-0.50063,-0.41286,-0.60024,-0.55481,-0.55262,-0.45513,-0.40023,-0.56143
-0.41868,-0.18196,0.08135,-0.11828,-0.11519,-0.15203,-0.10287,-0.18475,-0.37362,-0.20401,-0.24932,-0.13587,-0.18363
-0.28853,0.02474,0.06286,0.02252,0.05302,0.08796,0.03427,0.10899,-0.06426,0.03980,-0.09753,0.04520,0.01738
-0.15734,0.10490,0.07297,0.03013,0.27028,0.08239,0.07652,0.15279,0.08807,0.05942,0.10954,0.02454,0.15533
-0.03199,0.14933,0.09842,0.05205,0.37245,0.18692,0.05712,0.09581,0.21400,0.11572,0.12134,0.07246,0.20545
0.08336,0.42496,0.20257,0.30607,0.58001,0.29260,0.14536,0.32769,0.61371,0.32874,0.29944,0.54145,0.81451
0.21409,0.48418,0.13637,0.64971,0.56946,0.35784,0.21737,0.38887,0.55446,0.50254,0.43584,0.51438,0.65128
0.21102,0.48155,0.15051,0.58270,0.76880,0.24823,0.41291,0.34773,0.53924,0.47291,0.40845,0.41055,0.62402
0.18749,0.33704,0.10409,0.38056,0.48528,0.19974,0.24165,0.27406,0.49354,0.38383,0.38731,0.23650,0.28796
0.14649,0.20825,0.08633,0.22044,0.15643,0.23166,0.07007,0.24150,0.27020,0.06488,0.33444,0.25791,0.23494
0.14301,0.00983,0.09511,0.05217,0.05944,0.15795,0.03135,-0.06361,-0.05000,-0.16429,0.09817,-0.06956,0.04665
-0.01449,-0.14937,0.12841,-0.08514,-0.06061,0.02029,-0.03761,-0.19834,-0.33567,-0.29656,-0.01631,-0.21413,-0.26962
-0.18429,-0.14190,0.11061,0.02952,-0.15766,-0.10401,-0.19303,-0.22436,-0.09106,-0.36311,-0.01247,-0.17573,-0.12713
-0.35702,-0.35225,0.09529,-0.35274,-0.40770,-0.33520,-0.35071,-0.29674,-0.32291,-0.50999,-0.14671,-0.43692,-0.36289
-0.41864,-0.48665,0.13034,-0.35213,-0.59936,-0.34729,-0.47794,-0.59203,-0.42285,-0.75350,-0.42193,-0.51794,-0.38156
-0.66677,-0.79599,0.09743,-0.83401,-0.79913,-0.74234,-0.85115,-0.76206,-0.86984,-0.99568,-0.65688,-0.69297,-0.75579
-0.90409,-0.89519,0.15997,-0.93173,-0.87510,-0.85430,-1.19770,-0.88354,-0.82519,-1.13196,-0.66787,-0.76545,-0.81903
-1.12031,-1.02396,0.15244,-1.06595,-0.98897,-1.09827,-1.22424,-0.98489,-0.89516,-1.31700,-0.90066,-0.85835,-0.90606
-1.30745,-1.25663,0.16649,-1.28659,-1.38574,-1.26165,-1.38692,-1.32860,-0.98220,-1.52451,-1.06555,-1.24951,-1.09507
-1.32796,-1.41351,0.14342,-1.40478,-1.59622,-1.35018,-1.45702,-1.50192,-1.43036,-1.57173,-1.21048,-1.46176,-1.15067
-1.52706,-1.57419,0.16443,-1.52779,-1.80886,-1.47883,-1.50886,-1.72162,-1.77551,-1.61403,-1.39007,-1.61319,-1.30311
-1.69246,-1.64979,0.13347,-1.68226,-1.86534,-1.55170,-1.54513,-1.77021,-1.77983,-1.63191,-1.52695,-1.70151,-1.44304
-1.82353,-1.72565,0.13428,-1.62571,-1.98496,-1.75116,-1.56145,-1.85838,-1.78704,-1.69948,-1.57585,-1.78422,-1.62823
-1.92029,-1.77109,0.10225,-1.73193,-1.90065,-1.76823,-1.63541,-1.92930,-1.82187,-1.78146,-1.67946,-1.82641,-1.63623
-1.98245,-1.90163,0.16170,-1.93027,-2.08057,-1.96762,-1.74947,-2.16629,-1.99855,-1.81618,-1.69751,-1.92297,-1.68690
-1.93169,-1.93470,0.17846,-2.07030,-2.03442,-1.97684,-1.73001,-2.25914,-2.01612,-1.88898,-1.68301,-1.94628,-1.74189
-2.01063,-1.84100,0.18811,-1.91847,-1.89605,-1.90108,-1.63417,-2.24881,-1.89224,-1.80698,-1.66434,-1.85495,-1.59293
-2.05526,-1.80938,0.18645,-1.60151,-1.88856,-1.83227,-1.68600,-2.24767,-1.85893,-1.90698,-1.67239,-1.71955,-1.67997
-2.06556,-1.88735,0.20116,-1.83940,-1.94001,-1.93144,-1.62714,-2.32300,-1.90093,-1.93880,-1.74503,-1.63250,-1.99528
-2.04168,-2.00012,0.20465,-2.04134,-1.99237,-2.17892,-1.69163,-2.35884,-2.08643,-1.80394,-2.05050,-1.74003,-2.05720
-1.87799,-1.90330,0.25352,-1.81252,-1.81935,-1.99484,-1.50937,-2.21227,-2.18631,-1.61937,-1.97038,-1.69572,-2.21292
-1.87203,-1.87819,0.28992,-1.76777,-1.56924,-1.95625,-1.44219,-1.96440,-2.31522,-1.55301,-2.13603,-1.91575,-2.16206
-1.83238,-1.44392,0.19337,-1.45521,-1.37597,-1.57229,-1.24256,-1.42922,-1.88848,-1.27120,-1.26218,-1.39170,-1.55036
-1.75948,-1.26367,0.12997,-1.38313,-1.38239,-1.25859,-1.12175,-1.11553,-1.50706,-1.13424,-1.23045,-1.20602,-1.29749
-1.65393,-1.25013,0.19887,-1.37036,-1.31702,-1.27472,-1.08246,-0.98738,-1.47408,-1.04485,-1.15308,-1.18257,-1.61480
-1.38245,-1.29273,0.19517,-1.49671,-1.30410,-1.35214,-1.08264,-1.11140,-1.33302,-0.96896,-1.23428,-1.46957,-1.57450
-1.29518,-1.05548,0.14715,-1.21913,-1.18343,-1.20925,-0.83693,-0.92819,-1.13863,-0.91791,-0.88372,-1.13805,-1.09961
-1.17681,-0.81063,0.12319,-0.84947,-0.88919,-0.88044,-0.70996,-0.78989,-0.99629,-0.65949,-0.61897,-0.76899,-0.94361
-1.03011,-0.72544,0.10865,-0.88904,-0.69376,-0.77967,-0.66725,-0.72157,-0.82236,-0.61749,-0.55926,-0.64700,-0.85701
-0.86000,-0.63214,0.08470,-0.81046,-0.65414,-0.55861,-0.62511,-0.60120,-0.65992,-0.58122,-0.52353,-0.58367,-0.72358
-0.67392,-0.48910,0.11202,-0.57842,-0.43222,-0.27714,-0.51114,-0.51042,-0.57078,-0.54131,-0.42203,-0.38313,-0.66438
-0.40138,-0.38975,0.11137,-0.39702,-0.35052,-0.20609,-0.38866,-0.31987,-0.50530,-0.46408,-0.43090,-0.26048,-0.57454
-0.27700,-0.31909,0.12811,-0.43208,-0.32020,-0.08838,-0.30712,-0.24951,-0.45001,-0.31145,-0.30142,-0.19964,-0.53111
-0.15537,-0.14609,0.09466,-0.21152,-0.14391,-0.01092,-0.03504,-0.11385,-0.23716,-0.04596,-0.24133,-0.14353,-0.27768
-0.03933,-0.09392,0.07730,-0.10932,-0.12890,0.02595,0.01931,-0.14941,-0.09260,-0.01821,-0.19766,-0.12836,-0.15997
0.07003,0.07285,0.12042,-0.04453,0.16439,0.21737,0.14242,0.17092,-0.05883,0.22149,-0.00021,-0.01281,-0.07173
0.16915,0.13243,0.12133,-0.05466,0.21718,0.25223,0.25599,0.21923,0.04423,0.21528,0.13571,0.10025,-0.06115
0.25248,0.20079,0.09702,0.02788,0.30523,0.32009,0.26377,0.21515,0.17263,0.27482,0.18863,0.17452,0.06515
0.31816,0.27496,0.11061,0.07693,0.38884,0.32978,0.31787,0.32434,0.23461,0.25405,0.32352,0.39975,0.09988
0.36323,0.27990,0.13336,0.12242,0.45234,0.32807,0.32202,0.32480,0.18731,0.27751,0.33369,0.42789,0.02292
0.38570,0.31987,0.11663,0.15677,0.33851,0.37277,0.32118,0.36412,0.23664,0.34953,0.37867,0.53854,0.14202
0.38499,0.26161,0.11801,0.02698,0.32223,0.32006,0.27097,0.28529,0.17925,0.33849,0.34765,0.40826,0.11689
0.36163,0.38828,0.12459,0.19475,0.42422,0.40052,0.30233,0.43961,0.30653,0.46297,0.44382,0.63679,0.27127
0.31652,0.33109,0.12488,0.22701,0.40515,0.31530,0.14660,0.44641,0.33908,0.35354,0.37053,0.54508,0.16218
0.25174,0.32781,0.08852,0.37046,0.40529,0.33041,0.19487,0.35720,0.30980,0.39952,0.30532,0.43851,0.16677
0.16959,0.11928,0.05731,0.01631,0.20004,0.09246,0.06546,0.14890,0.17372,0.15483,0.15774,0.07288,0.11045
0.07203,0.02345,0.05240,-0.03346,0.00553,0.06124,0.01955,0.08040,0.08373,0.01005,0.02505,-0.08150,0.06387
-0.03665,-0.11438,0.09309,-0.08511,-0.04901,-0.00341,-0.02103,-0.14313,-0.28323,-0.02020,-0.17870,-0.20098,-0.15902
-0.15312,-0.22251,0.10897,-0.11654,-0.12015,-0.10829,-0.16357,-0.19875,-0.39955,-0.24431,-0.22089,-0.24111,-0.41199
-0.27486,-0.29618,0.11265,-0.18085,-0.16359,-0.22554,-0.27910,-0.20790,-0.42621,-0.34312,-0.25560,-0.37615,-0.50378
-0.39771,-0.37045,0.10303,-0.25030,-0.25188,-0.30537,-0.43250,-0.29841,-0.45464,-0.35686,-0.31825,-0.50984,-0.52642
-0.51640,-0.46810,0.09314,-0.31338,-0.40344,-0.55830,-0.49575,-0.40476,-0.47816,-0.51391,-0.36378,-0.59934,-0.55013
-0.62727,-0.56206,0.10899,-0.34669,-0.55607,-0.67674,-0.54208,-0.58088,-0.60314,-0.62601,-0.39805,-0.64644,-0.64445
-0.72775,-0.66318,0.11901,-0.45851,-0.73713,-0.83332,-0.56527,-0.64011,-0.81997,-0.66862,-0.53917,-0.67745,-0.69226
-0.81277,-0.66815,0.11843,-0.45872,-0.74119,-0.84614,-0.59278,-0.63835,-0.80006,-0.69722,-0.52862,-0.69908,-0.67939
-0.87971,-0.81501,0.10120,-0.80418,-0.90439,-0.88207,-0.68565,-0.72050,-0.99309,-0.75378,-0.74303,-0.75199,-0.91141
-0.92643,-0.93988,0.11907,-0.98934,-0.96617,-1.08599,-0.87742,-0.83147,-1.10699,-0.77027,-0.81034,-0.90727,-1.05354
-0.95199,-0.94755,0.08507,-1.01760,-0.97493,-1.11011,-0.87334,-0.88397,-0.99248,-0.90778,-0.82119,-0.90267,-0.99141
-0.95533,-0.99527,0.13447,-1.06060,-1.15328,-1.15745,-0.86171,-0.85825,-1.09222,-0.90274,-0.77774,-1.02868,-1.06002
-0.93636,-0.92473,0.11246,-0.95632,-1.04205,-1.08166,-0.75564,-0.84287,-1.02513,-0.85199,-0.77892,-0.94039,-0.97233
-0.89594,-0.91365,0.12472,-0.99746,-0.99505,-1.04142,-0.78773,-0.86247,-1.09670,-0.78847,-0.73551,-0.84293,-0.98874
-0.83556,-0.81167,0.10972,-0.94924,-0.81541,-0.92166,-0.69765,-0.83358,-0.87723,-0.68610,-0.66208,-0.73657,-0.93715
-0.75736,-0.79854,0.11797,-0.97378,-0.67617,-0.89478,-0.70662,-0.76140,-0.91103,-0.73790,-0.62596,-0.78077,-0.91701
-0.66474,-0.69820,0.10143,-0.91894,-0.67505,-0.73498,-0.63926,-0.64581,-0.74718,-0.62069,-0.54850,-0.68436,-0.76717
-0.55905,-0.59904,0.06985,-0.59691,-0.63332,-0.48827,-0.56159,-0.58357,-0.71577,-0.61708,-0.52325,-0.57833,-0.69227
-0.44374,-0.39205,0.10971,-0.39607,-0.36455,-0.29944,-0.30305,-0.29490,-0.54039,-0.46774,-0.45961,-0.24042,-0.55432
-0.32462,-0.31536,0.09394,-0.28382,-0.29521,-0.18305,-0.32813,-0.26080,-0.45247,-0.33459,-0.31773,-0.21483,-0.48298
-0.20541,-0.12388,0.09930,-0.21121,-0.11239,0.05298,-0.07220,-0.05595,-0.21313,-0.02904,-0.23788,-0.12447,-0.23549
-0.08770,-0.10764,0.10162,-0.29626,-0.10341,0.06803,-0.02236,-0.06893,-0.18646,-0.03595,-0.16167,-0.16616,-0.10322
0.02426,-0.02227,0.09106,-0.13057,0.00583,0.15630,0.04943,-0.07351,0.03392,0.00204,-0.12151,-0.11616,-0.02844
0.12402,0.07916,0.07241,0.07539,0.17542,0.17812,0.11562,0.05481,-0.00913,0.10861,0.08454,0.06002,-0.05176
0.20844,0.29750,0.11249,0.16549,0.51911,0.31976,0.26270,0.24611,0.20610,0.38766,0.31959,0.38591,0.16255
0.27644,0.33677,0.11993,0.24577,0.59018,0.33807,0.27427,0.36043,0.24217,0.35109,0.31016,0.47350,0.18208
0.32369,0.36125,0.13473,0.32461,0.60845,0.35114,0.33038,0.37078,0.20630,0.40338,0.34288,0.52768,0.14689
0.34882,0.45917,0.11561,0.47760,0.48253,0.48752,0.37376,0.39392,0.38449,0.51927,0.39212,0.74053,0.34001
0.35136,0.31501,0.07792,0.36908,0.36536,0.32528,0.29169,0.34775,0.19500,0.29273,0.35291,0.42954,0.18079
0.33157,0.36631,0.14205,0.36349,0.32148,0.33048,0.25241,0.32974,0.25586,0.52196,0.41823,0.67502,0.19438
0.28996,0.37070,0.09026,0.30284,0.47202,0.32615,0.28154,0.32449,0.39955,0.41879,0.38353,0.54300,0.25503
0.22869,0.24637,0.07706,0.10747,0.38778,0.24304,0.24970,0.23448,0.20821,0.31638,0.29137,0.25342,0.17186
0.15003,0.07976,0.06398,-0.02146,0.04237,0.14480,0.06600,0.05199,0.18436,0.12948,0.08880,0.00393,0.10737
0.05531,0.08019,0.06864,0.00445,0.19573,0.10745,0.04200,0.01882,0.17140,0.05451,0.07743,0.00219,0.12795
-0.03535,-0.08418,0.07708,-0.02694,-0.01998,0.04862,-0.03237,-0.17942,-0.12011,-0.11184,-0.06519,-0.18229,-0.15227
-0.17234,-0.26871,0.10043,-0.13603,-0.20895,-0.19633,-0.25883,-0.21227,-0.42671,-0.32805,-0.22503,-0.25181,-0.44307
-0.31582,-0.33886,0.10717,-0.19860,-0.32550,-0.21139,-0.37726,-0.26576,-0.46278,-0.35581,-0.27580,-0.37877,-0.53693
-0.46049,-0.49945,0.11547,-0.32947,-0.51335,-0.34715,-0.49319,-0.48672,-0.58966,-0.57827,-0.37963,-0.64648,-0.63056
-0.59856,-0.64665,0.10418,-0.41736,-0.72199,-0.69412,-0.59190,-0.75217,-0.72842,-0.65858,-0.53255,-0.69701,-0.67241
-0.72560,-0.73614,0.08896,-0.64701,-0.74633,-0.86973,-0.60576,-0.79151,-0.83040,-0.64577,-0.68059,-0.73654,-0.80770
-0.83978,-0.76961,0.11801,-0.61553,-0.79985,-0.94109,-0.62000,-0.81252,-0.91920,-0.64925,-0.72174,-0.75906,-0.85787
-0.93633,-0.88350,0.12740,-0.89317,-0.84868,-0.98943,-0.74982,-0.85646,-1.15344,-0.72199,-0.82071,-0.82494,-0.97637
-1.00923,-0.95509,0.13614,-1.02085,-0.90529,-1.10776,-0.84102,-0.87606,-1.20517,-0.80280,-0.83867,-0.88381,-1.06944
-1.05654,-1.06681,0.14818,-1.20963,-1.05851,-1.21393,-0.91848,-0.92321,-1.28050,-0.91393,-0.95191,-0.97941,-1.21853
-1.07714,-1.03155,0.10626,-1.15207,-1.07377,-1.20341,-0.95338,-0.90551,-1.12604,-0.90640,-0.94078,-1.00567,-1.04846
-1.07107,-1.03515,0.08780,-1.10686,-1.06897,-1.21109,-1.04422,-0.91804,-1.02137,-0.94574,-0.94444,-1.01601,-1.07473
-1.03840,-0.87910,0.09588,-0.78056,-1.01780,-1.01805,-0.81497,-0.74975,-0.94976,-0.85580,-0.80109,-0.92402,-0.87917
-0.98084,-0.93369,0.09001,-1.01805,-1.03707,-0.94922,-0.88098,-0.88438,-1.06960,-0.86089,-0.78678,-0.87940,-0.97055
-0.90076,-0.82798,0.08342,-0.94050,-0.82448,-0.92788,-0.77194,-0.83463,-0.90391,-0.83558,-0.69724,-0.71027,-0.83338
-0.79967,-0.72964,0.11102,-0.92803,-0.64697,-0.57934,-0.70848,-0.75936,-0.78466,-0.87506,-0.61939,-0.66274,-0.73239
-0.68284,-0.62663,0.17398,-0.89601,-0.56015,-0.23119,-0.64892,-0.68504,-0.71860,-0.75432,-0.59199,-0.53301,-0.64705
-0.55418,-0.62128,0.13338,-0.83086,-0.48375,-0.49808,-0.56675,-0.58019,-0.61348,-0.87463,-0.61650,-0.50813,-0.64040
-0.41552,-0.42114,0.11673,-0.55834,-0.25767,-0.32839,-0.53897,-0.48319,-0.44450,-0.43967,-0.36426,-0.24724,-0.54912
-0.27144,-0.25742,0.07876,-0.36845,-0.16853,-0.13580,-0.26173,-0.29413,-0.25021,-0.22312,-0.30515,-0.19817,-0.36890
-0.12941,-0.22256,0.06362,-0.36319,-0.18980,-0.17202,-0.26087,-0.22301,-0.22490,-0.20901,-0.27129,-0.16151,-0.15002
0.00607,0.03439,0.10203,-0.06107,0.20202,-0.03185,-0.09646,0.05333,0.07060,0.15570,-0.05361,-0.01869,0.12394
0.13310,0.21655,0.10596,-0.04352,0.30229,0.24562,0.19982,0.28576,0.21939,0.32082,0.17036,0.29003,0.17490
0.24655,0.26787,0.11243,0.04864,0.25396,0.41650,0.35665,0.20643,0.18939,0.36408,0.27163,0.37432,0.19710
0.34080,0.25879,0.11916,0.06641,0.29293,0.40054,0.41480,0.17846,0.11933,0.31781,0.23585,0.36543,0.19633
0.41233,0.29271,0.11978,0.06223,0.32107,0.36760,0.42295,0.26273,0.20135,0.39507,0.40860,0.32786,0.15767
0.45943,0.34790,0.14821,0.03847,0.31957,0.39952,0.41230,0.39248,0.27392,0.54094,0.36878,0.52221,0.21084
0.47977,0.33312,0.11761,0.20771,0.46244,0.35278,0.32599,0.33250,0.20039,0.42570,0.38621,0.49505,0.14239
0.47274,0.39889,0.12024,0.30152,0.47876,0.38334,0.34988,0.37865,0.29292,0.49428,0.45451,0.63505,0.21998
0.43895,0.41266,0.11927,0.28869,0.48630,0.41595,0.29065,0.43422,0.40982,0.43059,0.45850,0.66292,0.24893
0.37986,0.38536,0.13006,0.25474,0.46931,0.39919,0.22142,0.44191,0.39900,0.42092,0.38839,0.64446,0.21424
0.29772,0.22887,0.07575,0.20223,0.36213,0.23245,0.18283,0.29232,0.19635,0.30275,0.25572,0.11338,0.14859
0.19549,0.10120,0.05719,0.01871,0.08643,0.18065,0.05293,0.10663,0.17261,0.14277,0.10022,0.02262,0.12841
0.07585,-0.02899,0.05703,-0.06255,0.02234,0.05555,0.01265,-0.10214,-0.04334,-0.00943,-0.11078,-0.07068,0.01851
-0.05645,-0.10568,0.08885,-0.04745,-0.03628,0.04986,-0.03235,-0.18307,-0.22682,-0.09913,-0.17472,-0.19364,-0.11325
-0.19866,-0.25446,0.10847,-0.13206,-0.16570,-0.19573,-0.17757,-0.21783,-0.44262,-0.28570,-0.19171,-0.31180,-0.42392
-0.34696,-0.32474,0.08368,-0.22609,-0.24093,-0.32878,-0.37783,-0.26337,-0.38609,-0.27008,-0.26573,-0.42342,-0.46507
-0.49415,-0.55466,0.10393,-0.36672,-0.55549,-0.69960,-0.45966,-0.53206,-0.64474,-0.50353,-0.50298,-0.68008,-0.60178
-0.63476,-0.63116,0.11770,-0.49196,-0.64664,-0.85318,-0.54335,-0.57729,-0.79738,-0.52611,-0.56105,-0.66756,-0.64704
-0.76633,-0.68895,0.09553,-0.58878,-0.78368,-0.86710,-0.57480,-0.72985,-0.72153,-0.56821,-0.65975,-0.69377,-0.70206
-0.88431,-0.83224,0.09269,-0.85669,-0.90420,-0.96848,-0.67346,-0.83549,-0.82771,-0.70235,-0.93115,-0.82219,-0.80067
-0.98356,-1.01423,0.13159,-1.14022,-1.17221,-0.97079,-0.82282,-0.98125,-1.22359,-0.87290,-0.91918,-0.98437,-1.05494
-1.05848,-1.09626,0.16549,-1.34973,-1.36515,-0.90622,-1.04098,-0.90486,-1.09215,-1.04210,-0.94407,-1.14795,-1.16942
-1.10613,-1.27262,0.23995,-1.59439,-1.29761,-1.32965,-1.04020,-0.95866,-1.56586,-1.01752,-1.25204,-1.11277,-1.55747
-1.12541,-0.76656,0.19179,-1.02608,-0.78441,-1.07300,-0.52467,-0.82585,-0.84243,-0.51983,-0.80513,-0.67201,-0.59220
-1.11617,-0.45230,0.39133,-0.80829,-0.65359,-0.49413,0.32086,-0.82311,-0.86102,-0.10911,-0.69721,-0.18182,-0.21558
-1.07878,-0.21532,0.68157,-0.19027,-0.45750,-0.74740,1.29305,-0.74000,-0.90392,0.56874,-0.64744,-0.10463,-0.22382
-1.01476,-1.46908,0.20051,-1.43839,-1.62533,-1.45905,-1.21613,-1.66981,-1.28526,-1.45012,-1.18262,-1.56981,-1.79431
-0.92665,-1.22904,0.11970,-1.15527,-1.44041,-1.18159,-1.17391,-1.23694,-1.25372,-1.09787,-1.06556,-1.38228,-1.30290
