time_s,cte_true,cte_pred,mc_std,certified,fail_count,pass_count,mode,steer,throttle,speed,lap,hit
0.000,0.00285,0.37969,0.19804,1,0,0,MODEL,-0.6457,0.100,0.0000,0,none
0.159,0.00285,0.32983,0.19903,1,0,0,MODEL,-0.5983,0.100,0.0000,0,none
0.191,0.00285,0.33453,0.13452,1,0,0,MODEL,-0.6028,0.100,0.0000,0,none
0.222,0.00273,0.43448,0.16647,1,0,0,MODEL,-0.6978,0.100,0.0109,0,none
0.263,0.00239,0.37192,0.17669,1,0,0,MODEL,-0.6383,0.100,0.0265,0,none
0.313,0.00150,0.48092,0.17741,1,0,0,MODEL,-0.7419,0.100,0.0377,0,none
0.365,0.00010,0.26006,0.15623,1,0,0,MODEL,-0.5321,0.100,0.0485,0,none
0.415,-0.00163,0.18038,0.15092,1,0,0,MODEL,-0.4564,0.100,0.0598,0,none
0.463,-0.00331,0.25342,0.19649,1,0,0,MODEL,-0.5257,0.100,0.0744,0,none
0.515,-0.00550,0.13354,0.13604,1,0,0,MODEL,-0.4119,0.100,0.0835,0,none
0.564,-0.00817,0.08917,0.14528,1,0,0,MODEL,-0.3697,0.100,0.0966,0,none
0.616,-0.01086,0.12418,0.16205,1,0,0,MODEL,-0.4030,0.100,0.1085,0,none
0.665,-0.01405,-0.02107,0.18600,1,0,0,MODEL,-0.2650,0.100,0.1203,0,none
0.716,-0.01737,-0.03719,0.11710,1,0,0,MODEL,-0.2497,0.100,0.1320,0,none
0.764,-0.02057,-0.09852,0.14076,1,0,0,MODEL,-0.1914,0.100,0.1435,0,none
0.817,-0.01774,0.05283,0.11898,1,0,0,MODEL,-0.3352,0.100,0.1652,0,none
0.866,-0.02734,-0.10338,0.16237,1,0,0,MODEL,-0.1868,0.100,0.1717,0,none
0.916,-0.03370,0.01157,0.18877,1,0,0,MODEL,-0.2960,0.100,0.1770,0,none
0.967,-0.03765,0.07954,0.14200,1,0,0,MODEL,-0.3606,0.100,0.1882,0,none
1.015,-0.04417,0.08545,0.13759,1,0,0,MODEL,-0.3662,0.100,0.1990,0,none
1.066,-0.05182,0.21061,0.13859,1,0,0,MODEL,-0.4851,0.100,0.2098,0,none
1.118,-0.06098,0.07597,0.16724,1,0,0,MODEL,-0.3572,0.100,0.2203,0,none
1.168,-0.07161,0.06891,0.15339,1,0,0,MODEL,-0.3505,0.100,0.2310,0,none
1.215,-0.08209,0.01379,0.08761,1,0,0,MODEL,-0.2981,0.100,0.2416,0,none
1.266,-0.09322,-0.03514,0.09335,1,0,0,MODEL,-0.2516,0.100,0.2520,0,none
1.317,-0.10670,0.01580,0.09908,1,0,0,MODEL,-0.3000,0.100,0.2624,0,none
1.370,-0.12339,0.18419,0.19819,1,0,0,MODEL,-0.4600,0.100,0.2728,0,none
1.416,-0.13173,0.15725,0.13783,1,0,0,MODEL,-0.4344,0.100,0.2820,0,none
1.466,-0.14937,0.16401,0.17088,1,0,0,MODEL,-0.4408,0.100,0.2921,0,none
1.517,-0.16850,0.05148,0.13928,1,0,0,MODEL,-0.3339,0.100,0.3018,0,none
1.566,-0.18858,-0.11513,0.13873,1,0,0,MODEL,-0.1756,0.100,0.3118,0,none
1.618,-0.20497,-0.13802,0.11249,1,0,0,MODEL,-0.1539,0.100,0.3207,0,none
1.667,-0.22043,-0.21070,0.17512,1,0,0,MODEL,-0.0848,0.100,0.3322,0,none
1.717,-0.24680,-0.30099,0.20363,1,0,0,MODEL,0.0009,0.100,0.3410,0,none
1.767,-0.26487,-0.45919,0.21459,1,0,0,MODEL,0.1512,0.100,0.3500,0,none
1.816,-0.28194,-0.33250,0.20679,1,0,0,MODEL,0.0309,0.100,0.3591,0,none
1.867,-0.29846,-0.26632,0.18453,1,0,0,MODEL,-0.0320,0.100,0.3683,0,none
1.917,-0.31707,-0.39069,0.19948,1,0,0,MODEL,0.0862,0.100,0.3775,0,none
1.967,-0.34270,-0.45126,0.13344,1,0,0,MODEL,0.1437,0.100,0.3869,0,none
2.015,-0.35545,-0.48290,0.16453,1,0,0,MODEL,0.1738,0.100,0.3957,0,none
2.067,-0.37088,-0.59594,0.15446,1,0,0,MODEL,0.2811,0.100,0.4041,0,none
2.117,-0.38544,-0.62144,0.15046,1,0,0,MODEL,0.3054,0.100,0.4127,0,none
2.167,-0.39735,-0.55007,0.18751,1,0,0,MODEL,0.2376,0.100,0.4214,0,none
2.218,-0.40828,-0.34008,0.16693,1,0,0,MODEL,0.0381,0.100,0.4301,0,none
2.266,-0.42094,-0.19617,0.14531,1,0,0,MODEL,-0.0986,0.100,0.4385,0,none
2.317,-0.43687,-0.26965,0.16837,1,0,0,MODEL,-0.0288,0.100,0.4469,0,none
2.369,-0.45543,-0.27518,0.21748,1,0,0,MODEL,-0.0236,0.100,0.4552,0,none
2.419,-0.47352,-0.18858,0.17285,1,0,0,MODEL,-0.1058,0.100,0.4635,0,none
2.468,-0.49231,-0.02534,0.17349,1,0,0,MODEL,-0.2609,0.100,0.4716,0,none
2.518,-0.51421,0.45567,0.30784,0,1,0,MODEL,-0.2609,0.100,0.4793,0,none
2.570,-0.54070,-0.06360,0.19868,1,0,0,MODEL,-0.2246,0.100,0.4873,0,none
2.621,-0.56945,-0.06839,0.34507,0,1,0,MODEL,-0.2246,0.100,0.4952,0,none
2.668,-0.59956,0.05428,0.40219,0,2,0,MODEL,-0.2246,0.100,0.5031,0,none
2.717,-0.63157,-0.27843,0.24793,1,0,0,MODEL,-0.0205,0.100,0.5109,0,none
2.769,-0.66453,-0.85138,0.23044,1,0,0,MODEL,0.5238,0.100,0.5184,0,none
2.818,-0.69356,-0.94014,0.19399,1,0,0,MODEL,0.6081,0.100,0.5238,0,none
2.871,-0.70839,-0.76707,0.15669,1,0,0,MODEL,0.4437,0.100,0.5294,0,none
2.920,-0.71645,-0.82679,0.17802,1,0,0,MODEL,0.5005,0.100,0.5370,0,none
2.970,-0.72364,-0.75562,0.18193,1,0,0,MODEL,0.4328,0.100,0.5443,0,none
3.022,-0.72656,-0.74838,0.12823,1,0,0,MODEL,0.4260,0.100,0.5517,0,none
3.068,-0.72694,-0.65233,0.11903,1,0,0,MODEL,0.3347,0.100,0.5590,0,none
3.121,-0.72442,-0.59734,0.12184,1,0,0,MODEL,0.2825,0.100,0.5663,0,none
3.171,-0.72084,-0.59959,0.18560,1,0,0,MODEL,0.2846,0.100,0.5736,0,none
3.222,-0.71576,-0.39687,0.19598,1,0,0,MODEL,0.0920,0.100,0.5807,0,none
3.271,-0.70917,-0.37429,0.15647,1,0,0,MODEL,0.0706,0.100,0.5877,0,none
3.322,-0.70516,-0.32373,0.16374,1,0,0,MODEL,0.0225,0.100,0.5947,0,none
3.372,-0.70151,-0.23819,0.15665,1,0,0,MODEL,-0.0587,0.100,0.6016,0,none
3.423,-0.69847,-0.33438,0.18582,1,0,0,MODEL,0.0327,0.100,0.6084,0,none
3.472,-0.69672,-0.44056,0.19574,1,0,0,MODEL,0.1335,0.100,0.6150,0,none
3.522,-0.69298,-0.59779,0.17567,1,0,0,MODEL,0.2829,0.100,0.6215,0,none
3.571,-0.68438,-0.49325,0.13379,1,0,0,MODEL,0.1836,0.100,0.6279,0,none
3.623,-0.67029,-0.54794,0.12269,1,0,0,MODEL,0.2355,0.100,0.6336,0,none
3.673,-0.65546,-0.49181,0.16947,1,0,0,MODEL,0.1822,0.100,0.6419,0,none
3.722,-0.63756,-0.03086,0.23131,1,0,0,MODEL,-0.2557,0.100,0.6408,0,none
3.772,-0.62134,0.26514,0.19577,1,0,0,MODEL,-0.5369,0.100,0.6579,0,none
3.822,-0.61855,0.48863,0.22373,1,0,0,MODEL,-0.7492,0.100,0.6559,0,none
3.874,-0.62895,0.19446,0.36314,0,1,0,MODEL,-0.7492,0.100,0.6616,0,none
3.921,-0.65520,-0.48493,0.17217,1,0,0,MODEL,0.1757,0.100,0.6641,0,none
3.971,-0.68664,-0.70424,0.15665,1,0,0,MODEL,0.3840,0.100,0.6608,0,none
4.022,-0.69418,-0.63941,0.20250,1,0,0,MODEL,0.3224,0.100,0.6707,0,none
4.071,-0.69131,-0.66832,0.12806,1,0,0,MODEL,0.3499,0.100,0.6767,0,none
4.124,-0.68680,-0.65955,0.17764,1,0,0,MODEL,0.3416,0.100,0.6793,0,none
4.172,-0.67549,-0.71727,0.16547,1,0,0,MODEL,0.3964,0.100,0.6877,0,none
4.224,-0.66045,-0.69541,0.14020,1,0,0,MODEL,0.3756,0.100,0.6900,0,none
4.273,-0.63739,-0.54351,0.14971,1,0,0,MODEL,0.2313,0.100,0.7005,0,none
4.324,-0.61190,-0.42882,0.15461,1,0,0,MODEL,0.1224,0.100,0.6993,0,none
4.372,-0.58505,-0.47053,0.15474,1,0,0,MODEL,0.1620,0.100,0.7110,0,none
4.422,-0.55988,-0.44719,0.15276,1,0,0,MODEL,0.1398,0.100,0.7134,0,none
4.473,-0.53018,-0.44744,0.15070,1,0,0,MODEL,0.1401,0.100,0.7234,0,none
4.522,-0.50001,-0.34881,0.16467,1,0,0,MODEL,0.0464,0.100,0.7240,0,none
4.574,-0.46718,-0.34174,0.18039,1,0,0,MODEL,0.0397,0.100,0.7353,0,none
4.624,-0.43682,-0.38518,0.15497,1,0,0,MODEL,0.0809,0.100,0.7354,0,none
4.673,-0.40438,-0.44413,0.11963,1,0,0,MODEL,0.1369,0.100,0.7437,0,none
4.723,-0.36985,-0.40289,0.14195,1,0,0,MODEL,0.0977,0.100,0.7461,0,none
4.777,-0.33116,-0.40783,0.17450,1,0,0,MODEL,0.1024,0.100,0.7557,0,none
4.823,-0.29223,-0.19320,0.13758,1,0,0,MODEL,-0.1015,0.100,0.7557,0,none
4.876,-0.25243,-0.17024,0.10606,1,0,0,MODEL,-0.1233,0.100,0.7651,0,none
4.924,-0.21900,-0.11559,0.16721,1,0,0,MODEL,-0.1752,0.100,0.7676,0,none
4.975,-0.18835,-0.03622,0.11734,1,0,0,MODEL,-0.2506,0.100,0.7730,0,none
5.028,-0.16166,-0.15429,0.11902,1,0,0,MODEL,-0.1384,0.100,0.7778,0,none
5.076,-0.14056,-0.12049,0.11521,1,0,0,MODEL,-0.1705,0.100,0.7827,0,none
5.126,-0.11953,-0.18516,0.15355,1,0,0,MODEL,-0.1091,0.100,0.7877,0,none
5.178,-0.10139,-0.26292,0.17303,1,0,0,MODEL,-0.0352,0.100,0.7925,0,none
5.227,-0.08372,-0.11868,0.13486,1,0,0,MODEL,-0.1723,0.100,0.7974,0,none
5.278,-0.06496,-0.11052,0.12390,1,0,0,MODEL,-0.1800,0.100,0.8020,0,none
5.329,-0.05195,-0.07885,0.10736,1,0,0,MODEL,-0.2101,0.100,0.8065,0,none
5.377,-0.04280,-0.16299,0.14025,1,0,0,MODEL,-0.1302,0.100,0.8111,0,none
5.429,-0.03788,0.00743,0.13006,1,0,0,MODEL,-0.2921,0.100,0.8157,0,none
5.476,-0.03479,0.02908,0.10150,1,0,0,MODEL,-0.3126,0.100,0.8199,0,none
5.527,-0.04005,-0.01962,0.10792,1,0,0,MODEL,-0.2664,0.100,0.8240,0,none
5.578,-0.05222,-0.03041,0.11482,1,0,0,MODEL,-0.2561,0.100,0.8285,0,none
5.627,-0.06853,0.01649,0.06578,1,0,0,MODEL,-0.3007,0.100,0.8330,0,none
5.664,-0.08938,0.01588,0.09569,1,0,0,MODEL,-0.3001,0.100,0.8373,0,none
5.714,-0.11632,0.02888,0.10253,1,0,0,MODEL,-0.3124,0.100,0.8414,0,none
5.766,-0.15012,0.07643,0.09376,1,0,0,MODEL,-0.3576,0.100,0.8456,0,none
5.816,-0.19115,0.04562,0.07916,1,0,0,MODEL,-0.3283,0.100,0.8495,0,none
5.867,-0.24033,-0.12436,0.11851,1,0,0,MODEL,-0.1669,0.100,0.8537,0,none
5.915,-0.11846,-0.16038,0.10761,1,0,0,MODEL,-0.1326,0.100,0.8579,0,none
5.965,-0.26097,-0.40866,0.13823,1,0,0,MODEL,0.1032,0.100,0.8623,0,none
6.015,-0.40221,-0.60315,0.13253,1,0,0,MODEL,0.2880,0.100,0.8659,0,none
6.066,-0.53495,-0.74950,0.16407,1,0,0,MODEL,0.4270,0.100,0.8689,0,none
6.117,-0.65782,-0.53289,0.11929,1,0,0,MODEL,0.2212,0.100,0.8717,0,none
6.167,-0.77117,-0.66994,0.15989,1,0,0,MODEL,0.3514,0.100,0.8755,0,none
6.219,-0.88367,-0.79507,0.24604,1,0,0,MODEL,0.4703,0.100,0.8793,0,none
6.268,-0.84373,-0.91155,0.27706,1,0,0,MODEL,0.5810,0.100,0.8820,0,none
6.319,-1.02165,-1.19896,0.30787,0,1,0,MODEL,0.5810,0.100,0.8847,0,none
6.369,-1.18657,-1.15185,0.24127,1,0,0,MODEL,0.8093,0.100,0.8875,0,none
6.418,-1.33839,-1.31139,0.27023,1,0,0,MODEL,0.9608,0.100,0.8879,0,none
6.470,-1.46757,-1.46382,0.19233,1,0,0,MODEL,1.0000,0.100,0.8877,0,none
6.522,-1.57279,-1.61301,0.35158,0,1,0,MODEL,1.0000,0.100,0.8884,0,none
6.570,-1.65623,-1.73448,0.29491,0,2,0,MODEL,1.0000,0.100,0.8899,0,none
6.620,-1.56427,-1.89521,0.28605,0,3,0,MODEL,1.0000,0.100,0.8915,0,none
6.671,-1.69863,-1.82166,0.33240,0,4,0,MODEL,1.0000,0.100,0.8932,0,none
6.721,-1.81295,-2.02979,0.30666,0,5,0,MODEL,1.0000,0.100,0.8949,0,none
6.772,-1.90669,-2.00032,0.25191,1,0,0,MODEL,1.0000,0.100,0.8965,0,none
6.822,-1.97938,-2.00878,0.31410,0,1,0,MODEL,1.0000,0.100,0.8981,0,none
6.872,-2.03066,-1.94923,0.40217,0,2,0,MODEL,1.0000,0.100,0.8996,0,none
6.920,-2.06020,-2.00871,0.32220,0,3,0,MODEL,1.0000,0.100,0.9012,0,none
6.973,-1.89810,-1.83767,0.37914,0,4,0,MODEL,1.0000,0.100,0.9027,0,none
7.021,-1.98043,-1.69067,0.78351,0,5,0,MODEL,1.0000,0.100,0.9042,0,none
7.072,-2.04116,-1.71811,0.82301,0,6,0,MODEL,1.0000,0.100,0.9057,0,none
7.121,-2.07996,-1.67166,0.52079,0,7,0,MODEL,1.0000,0.100,0.9071,0,none
7.171,-2.09655,-1.83309,0.38516,0,8,0,MODEL,1.0000,0.100,0.9085,0,none
7.222,-2.09077,-1.87682,0.23803,1,0,0,MODEL,1.0000,0.100,0.9099,0,none
7.272,-2.06257,-1.92392,0.30262,0,1,0,MODEL,1.0000,0.100,0.9113,0,none
7.322,-1.83763,-2.03296,0.31646,0,2,0,MODEL,1.0000,0.100,0.9127,0,none
7.373,-1.86276,-1.94425,0.25250,1,0,0,MODEL,1.0000,0.100,0.9140,0,none
7.422,-1.86529,-1.81686,0.26204,1,0,0,MODEL,1.0000,0.100,0.9153,0,none
7.473,-1.84511,-1.74424,0.36538,0,1,0,MODEL,1.0000,0.100,0.9166,0,none
7.523,-1.80218,-1.57585,0.21534,1,0,0,MODEL,1.0000,0.100,0.9179,0,none
7.573,-1.73661,-1.48259,0.32259,0,1,0,MODEL,1.0000,0.100,0.9192,0,none
7.623,-1.64854,-1.61584,0.27432,1,0,0,MODEL,1.0000,0.100,0.9204,0,none
7.673,-1.38165,-1.45777,0.24893,1,0,0,MODEL,1.0000,0.100,0.9216,0,none
7.724,-1.34609,-1.54099,0.23151,1,0,0,MODEL,1.0000,0.100,0.9228,0,none
7.772,-1.28757,-1.29412,0.31657,0,1,0,MODEL,1.0000,0.100,0.9240,0,none
7.825,-1.20624,-0.96410,0.22699,1,0,0,MODEL,0.6309,0.100,0.9252,0,none
7.875,-1.10529,-0.86750,0.14752,1,0,0,MODEL,0.5391,0.100,0.9285,0,none
7.924,-0.99886,-0.66289,0.10063,1,0,0,MODEL,0.3447,0.100,0.9337,0,none
7.973,-0.68788,-0.50423,0.14076,1,0,0,MODEL,0.1940,0.100,0.9376,0,none
8.023,-0.66870,-0.39708,0.17685,1,0,0,MODEL,0.0922,0.100,0.9414,0,none
8.074,-0.64783,-0.42630,0.16927,1,0,0,MODEL,0.1200,0.100,0.9451,0,none
8.122,-0.62803,-0.20289,0.14248,1,0,0,MODEL,-0.0923,0.100,0.9485,0,none
8.173,-0.60668,-0.29401,0.20130,1,0,0,MODEL,-0.0057,0.100,0.9512,0,none
8.225,-0.59123,-0.70235,0.14856,1,0,0,MODEL,0.3822,0.100,0.9545,0,none
8.274,-0.40458,-0.74186,0.17867,1,0,0,MODEL,0.4198,0.100,0.9560,0,none
8.327,-0.47148,-0.77390,0.16055,1,0,0,MODEL,0.4502,0.100,0.9568,0,none
8.374,-0.52539,-0.84033,0.20474,1,0,0,MODEL,0.5133,0.100,0.9593,0,none
8.423,-0.56684,-0.68143,0.20438,1,0,0,MODEL,0.3624,0.100,0.9615,0,none
8.474,-0.59505,-0.58979,0.27667,1,0,0,MODEL,0.2753,0.100,0.9645,0,none
8.524,-0.61792,-0.62082,0.20274,1,0,0,MODEL,0.3048,0.100,0.9681,0,none
8.577,-0.50766,-0.75410,0.16455,1,0,0,MODEL,0.4314,0.100,0.9711,0,none
8.625,-0.62089,-0.76912,0.19642,1,0,0,MODEL,0.4457,0.100,0.9739,0,none
8.673,-0.72166,-0.86426,0.17941,1,0,0,MODEL,0.5360,0.100,0.9753,0,none
8.723,-0.80891,-0.96169,0.20234,1,0,0,MODEL,0.6286,0.100,0.9770,0,none
8.776,-0.87958,-0.87079,0.25067,1,0,0,MODEL,0.5422,0.100,0.9781,0,none
8.825,-0.93161,-0.88990,0.13236,1,0,0,MODEL,0.5604,0.100,0.9798,0,none
8.878,-0.97022,-0.93039,0.15441,1,0,0,MODEL,0.5989,0.100,0.9828,0,none
8.927,-0.99434,-0.90878,0.24150,1,0,0,MODEL,0.5783,0.100,0.9847,0,none
8.977,-1.00177,-0.48204,0.22080,1,0,0,MODEL,0.1729,0.100,0.9868,0,none
9.028,-0.99498,-0.34648,0.26523,1,0,0,MODEL,0.0442,0.100,0.9895,0,none
9.079,-0.99196,0.00124,0.87983,0,1,0,MODEL,0.0442,0.100,0.9927,0,none
9.126,-0.99099,-0.79205,0.18862,1,0,0,MODEL,0.4674,0.100,0.9956,0,none
9.178,-0.98913,-0.88799,0.24504,1,0,0,MODEL,0.5586,0.100,0.9962,0,none
9.228,-0.96527,-1.00280,0.21109,1,0,0,MODEL,0.6677,0.100,0.9955,0,none
9.278,-0.92209,-1.15742,0.22201,1,0,0,MODEL,0.8145,0.100,0.9962,0,none
9.327,-0.85772,-0.81748,0.19946,1,0,0,MODEL,0.4916,0.100,0.9958,0,none
9.378,-0.76850,-0.62836,0.21587,1,0,0,MODEL,0.3119,0.100,0.9971,0,none
9.426,-0.67221,-0.34038,0.16226,1,0,0,MODEL,0.0384,0.100,1.0012,0,none
9.478,-0.57302,0.32834,0.53667,0,1,0,MODEL,0.0384,0.100,1.0043,0,none
9.527,-0.47860,0.70644,0.30626,0,2,0,MODEL,0.0384,0.100,1.0070,0,none
9.580,-0.38411,3.07008,0.42574,0,3,0,MODEL,0.0384,0.100,1.0097,0,none
9.629,-0.28827,2.75451,0.32645,0,4,0,MODEL,0.0384,0.100,1.0123,0,none
9.680,-0.19110,2.69117,0.44223,0,5,0,MODEL,0.0384,0.100,1.0149,0,none
9.729,-0.09262,2.50415,0.40822,0,6,0,MODEL,0.0384,0.100,1.0175,0,none
9.779,0.00720,1.64418,0.37233,0,7,0,MODEL,0.0384,0.100,1.0201,0,none
9.829,0.10834,1.85249,0.30009,0,8,0,MODEL,0.0384,0.100,1.0226,0,none
9.880,0.21081,2.87452,0.39468,0,9,0,MODEL,0.0384,0.100,1.0251,0,none
9.929,0.31462,3.90266,0.75815,0,10,0,FALLBACK,-0.5839,0.100,1.0276,0,none
9.981,0.41843,3.35492,0.57560,0,10,0,FALLBACK,-0.6825,0.100,1.0262,0,none
10.030,0.49257,3.04630,0.55069,0,10,0,FALLBACK,-0.7529,0.100,1.0224,0,none
10.079,0.54208,3.26592,0.62365,0,10,0,FALLBACK,-0.8000,0.100,1.0223,0,none
10.131,0.56810,2.98366,0.67993,0,10,0,FALLBACK,-0.8247,0.100,1.0224,0,none
10.180,0.56982,4.29886,1.04691,0,10,0,FALLBACK,-0.8263,0.100,1.0226,0,none
10.213,0.54722,3.09725,0.66367,0,10,0,FALLBACK,-0.8049,0.100,1.0230,0,none
10.265,0.50133,2.26138,0.31044,0,10,0,FALLBACK,-0.7613,0.100,1.0239,0,none
10.315,0.43385,3.91381,0.81175,0,10,0,FALLBACK,-0.6972,0.100,1.0254,0,none
10.365,0.34688,1.36748,0.27794,1,10,0,FALLBACK,-0.6145,0.100,1.0273,0,none
10.416,0.24298,2.66069,0.42770,0,10,0,FALLBACK,-0.5158,0.100,1.0296,0,none
10.465,0.12503,3.13968,0.57908,0,10,0,FALLBACK,-0.4038,0.100,1.0322,0,none
10.516,-0.00378,1.32525,0.33015,0,10,0,FALLBACK,-0.2814,0.100,1.0349,0,none
10.565,-0.14004,0.19890,0.23831,1,10,0,FALLBACK,-0.1520,0.100,1.0377,0,none
10.616,-0.28185,0.29267,0.26552,1,10,0,FALLBACK,-0.0172,0.100,1.0401,0,none
10.665,-0.42394,-0.40958,0.24151,1,10,0,FALLBACK,0.1177,0.100,1.0425,0,none
10.715,-0.56170,-0.79975,0.13332,1,10,0,FALLBACK,0.2486,0.100,1.0444,0,none
10.767,-0.69166,-0.83351,0.18885,1,10,0,FALLBACK,0.3721,0.100,1.0458,0,none
10.816,-0.81182,-1.01663,0.13911,1,10,0,FALLBACK,0.4862,0.100,1.0472,0,none
10.864,-0.91680,-1.20901,0.26266,1,10,0,FALLBACK,0.5860,0.100,1.0473,0,none
10.916,-1.00278,-1.09451,0.20734,1,10,0,FALLBACK,0.6676,0.100,1.0475,0,none
10.964,-1.06769,-1.16462,0.22916,1,10,0,FALLBACK,0.7293,0.100,1.0474,0,none
11.015,-1.10966,-1.16466,0.24338,1,10,0,FALLBACK,0.7692,0.100,1.0472,0,none
11.066,-1.12758,-1.12612,0.19893,1,10,0,FALLBACK,0.7862,0.100,1.0471,0,none
11.117,-1.12118,-1.20710,0.25978,1,10,0,FALLBACK,0.7801,0.100,1.0473,0,none
11.166,-1.09091,-1.29269,0.24748,1,10,0,FALLBACK,0.7514,0.100,1.0477,0,none
11.216,-1.03797,-1.51846,0.26840,1,10,0,FALLBACK,0.7011,0.100,1.0487,0,none
11.269,-0.96416,-1.49600,0.47178,0,10,0,FALLBACK,0.6310,0.100,1.0501,0,none
11.316,-0.87182,-0.68867,0.75386,0,10,0,FALLBACK,0.5432,0.100,1.0520,0,none
11.366,-0.70934,-0.77668,0.22440,1,10,0,FALLBACK,0.3889,0.100,1.0542,0,none
11.416,-0.65918,-0.61038,0.18748,1,10,0,FALLBACK,0.3412,0.100,1.0564,0,none
11.467,-0.60034,-0.85605,0.16976,1,10,0,FALLBACK,0.2853,0.100,1.0591,0,none
11.519,-0.53322,-0.79762,0.18896,1,10,0,FALLBACK,0.2216,0.100,1.0613,0,none
11.568,-0.45856,-0.38545,0.21431,1,10,0,FALLBACK,0.1506,0.100,1.0635,0,none
11.617,-0.32357,-0.35058,0.30238,0,10,0,FALLBACK,0.0224,0.100,1.0657,0,none
11.669,-0.31488,-0.21843,0.14527,1,10,0,FALLBACK,0.0141,0.100,1.0678,0,none
11.719,-0.30820,-0.09446,0.11285,1,10,0,FALLBACK,0.0078,0.100,1.0700,0,none
11.768,-0.30153,-0.42444,0.17825,1,10,0,FALLBACK,0.0014,0.100,1.0720,0,none
11.820,-0.29474,-0.15604,0.12795,1,10,0,FALLBACK,-0.0050,0.100,1.0740,0,none
11.870,-0.24875,-0.24970,0.18253,1,10,0,FALLBACK,-0.0487,0.100,1.0760,0,none
11.919,-0.31758,-0.59536,0.24435,1,10,0,FALLBACK,0.0167,0.100,1.0779,0,none
11.970,-0.38832,-0.87096,0.14841,1,10,0,FALLBACK,0.0839,0.100,1.0798,0,none
12.020,-0.45712,-0.53435,0.13388,1,10,0,FALLBACK,0.1493,0.100,1.0816,0,none
12.069,-0.41939,-0.95355,0.19133,1,10,0,FALLBACK,0.1134,0.100,1.0833,0,none
12.122,-0.55162,-1.13029,0.20433,1,10,0,FALLBACK,0.2390,0.100,1.0850,0,none
12.171,-0.68074,-1.41001,0.27545,1,10,0,FALLBACK,0.3617,0.100,1.0866,0,none
12.220,-0.79949,-1.47094,0.21268,1,10,0,FALLBACK,0.4745,0.100,1.0870,0,none
12.268,-0.90281,-2.29426,0.56144,0,10,0,FALLBACK,0.5727,0.100,1.0872,0,none
12.320,-0.88054,-2.22548,0.44583,0,10,0,FALLBACK,0.5515,0.100,1.0869,0,none
12.372,-1.01827,-2.15481,0.43301,0,10,0,FALLBACK,0.6824,0.100,1.0875,0,none
12.420,-1.13798,-1.90604,0.43107,0,10,0,FALLBACK,0.7961,0.100,1.0869,0,none
12.471,-1.23219,-3.75833,0.95081,0,10,0,FALLBACK,0.8856,0.100,1.0850,0,none
12.522,-1.29714,-3.63498,0.85447,0,10,0,FALLBACK,0.9473,0.100,1.0828,0,none
12.571,-1.33076,-2.78038,0.51727,0,10,0,FALLBACK,0.9792,0.100,1.0805,0,none
12.619,-1.28601,-1.87720,0.40651,0,10,0,FALLBACK,0.9367,0.100,1.0784,0,none
12.672,-1.33097,-1.25690,0.23228,1,10,0,FALLBACK,0.9794,0.100,1.0775,0,none
12.721,-1.34705,-1.84066,0.33628,0,10,0,FALLBACK,0.9947,0.100,1.0760,0,none
12.770,-1.33130,-1.17838,0.17680,1,10,0,FALLBACK,0.9797,0.100,1.0742,0,none
12.821,-1.28419,-0.93122,0.21704,1,10,0,FALLBACK,0.9350,0.100,1.0730,0,none
12.870,-1.14673,-1.28002,0.20827,1,10,0,FALLBACK,0.8044,0.100,1.0725,0,none
12.922,-1.11760,-1.22951,0.25689,1,10,0,FALLBACK,0.7767,0.100,1.0736,0,none
12.973,-1.06682,-1.30606,0.30893,0,10,0,FALLBACK,0.7285,0.100,1.0748,0,none
13.023,-0.99330,-1.38664,0.19921,1,10,0,FALLBACK,0.6586,0.100,1.0756,0,none
13.075,-0.89886,-1.09456,0.25322,1,10,0,FALLBACK,0.5689,0.100,1.0770,0,none
13.123,-0.78637,-0.83492,0.16687,1,10,0,FALLBACK,0.4621,0.100,1.0788,0,none
13.173,-0.65917,-1.14933,0.22028,1,10,0,FALLBACK,0.3412,0.100,1.0809,0,none
13.224,-0.52088,-0.57642,0.25439,1,10,0,FALLBACK,0.2098,0.100,1.0832,0,none
13.275,-0.37545,-0.25078,0.17304,1,10,0,FALLBACK,0.0717,0.100,1.0855,0,none
13.325,-0.22702,-0.05965,0.14564,1,10,0,FALLBACK,-0.0693,0.100,1.0876,0,none
13.375,-0.07996,0.08831,0.11435,1,10,0,FALLBACK,-0.2090,0.100,1.0894,0,none
13.425,0.06247,0.57584,0.19789,1,10,0,FALLBACK,-0.3443,0.100,1.0912,0,none
13.475,0.19608,0.79062,0.19445,1,10,0,FALLBACK,-0.4713,0.100,1.0913,0,none
13.523,0.31386,0.81390,0.22007,1,10,0,FALLBACK,-0.5832,0.100,1.0914,0,none
13.577,0.41268,0.80090,0.13171,1,10,0,FALLBACK,-0.6771,0.100,1.0910,0,none
13.626,0.47195,1.18616,0.19468,1,10,0,FALLBACK,-0.7334,0.100,1.0913,0,none
13.675,0.56313,0.95305,0.27075,1,10,0,FALLBACK,-0.8200,0.100,1.0896,0,none
13.726,0.62763,0.97323,0.31868,0,10,0,FALLBACK,-0.8812,0.100,1.0881,0,none
13.776,0.66293,1.24594,0.25677,1,10,0,FALLBACK,-0.9148,0.100,1.0864,0,none
13.828,0.62155,-0.12196,0.69802,0,10,0,FALLBACK,-0.8755,0.100,1.0853,0,none
13.877,0.63482,0.55003,0.18575,1,10,0,FALLBACK,-0.8881,0.100,1.0841,0,none
13.927,0.62057,0.70363,0.24210,1,10,0,FALLBACK,-0.8745,0.100,1.0837,0,none
13.975,0.57806,0.48950,0.20037,1,10,0,FALLBACK,-0.8342,0.100,1.0830,0,none
14.029,0.50815,0.38330,0.33656,0,10,0,FALLBACK,-0.7677,0.100,1.0825,0,none
14.078,0.37484,0.05098,0.15111,1,10,0,FALLBACK,-0.6411,0.100,1.0833,0,none
14.128,0.29441,0.21647,0.13239,1,10,0,FALLBACK,-0.5647,0.100,1.0848,0,none
14.182,0.19667,0.19032,0.19143,1,10,0,FALLBACK,-0.4718,0.100,1.0867,0,none
14.228,0.08320,0.74010,0.23407,1,10,0,FALLBACK,-0.3640,0.100,1.0882,0,none
14.278,-0.04389,1.20805,0.20558,1,10,0,FALLBACK,-0.2433,0.100,1.0906,0,none
14.330,-0.20962,0.83058,0.20320,1,10,0,FALLBACK,-0.0859,0.100,1.0927,0,none
14.379,-0.31418,1.87065,0.33364,0,10,0,FALLBACK,0.0135,0.100,1.0946,0,none
14.432,-0.41993,1.11780,0.26281,1,10,0,FALLBACK,0.1139,0.100,1.0965,0,none
14.463,-0.52226,0.66158,0.31850,0,10,0,FALLBACK,0.2111,0.100,1.0981,0,none
14.512,-0.61740,0.18383,0.20253,1,10,0,FALLBACK,0.3015,0.100,1.0990,0,none
14.563,-0.71648,-0.26503,0.32189,0,10,0,FALLBACK,0.3957,0.100,1.0999,0,none
14.614,-0.74964,0.45928,0.34587,0,10,0,FALLBACK,0.4272,0.100,1.1003,0,none
14.666,-0.76710,0.28390,0.39238,0,10,0,FALLBACK,0.4437,0.100,1.1010,0,none
14.715,-0.76953,-0.79086,0.46649,0,10,0,FALLBACK,0.4461,0.100,1.1020,0,none
14.765,-0.78662,-0.60932,0.26372,1,10,0,FALLBACK,0.4623,0.100,1.1030,0,none
14.816,-0.72047,-0.86200,0.20827,1,10,0,FALLBACK,0.3994,0.100,1.1039,0,none
14.865,-0.63876,-0.54809,0.18539,1,10,0,FALLBACK,0.3218,0.100,1.1051,0,none
14.915,-0.54487,-0.07177,0.20017,1,10,0,FALLBACK,0.2326,0.100,1.1068,0,none
14.964,-0.44195,0.72002,0.39851,0,10,0,FALLBACK,0.1349,0.100,1.1087,0,none
15.014,-0.34441,0.73403,0.43733,0,10,0,FALLBACK,0.0422,0.100,1.1106,0,none
15.066,-0.19708,1.02661,0.45000,0,10,0,FALLBACK,-0.0978,0.100,1.1123,0,none
15.117,-0.05240,0.24662,0.40109,0,10,0,FALLBACK,-0.2352,0.100,1.1137,0,none
15.168,0.08663,0.76490,0.60910,0,10,0,FALLBACK,-0.3673,0.100,1.1148,0,none
15.217,0.17782,0.50471,0.36631,0,10,0,FALLBACK,-0.4539,0.100,1.1153,0,none
15.267,0.32742,0.01438,0.16841,1,10,0,FALLBACK,-0.5960,0.100,1.1149,0,none
15.318,0.45970,0.35415,0.15859,1,10,0,FALLBACK,-0.7217,0.100,1.1146,0,none
15.366,0.56922,0.87864,0.24813,1,10,0,FALLBACK,-0.8258,0.100,1.1129,0,none
15.417,0.65114,1.75107,0.46356,0,10,0,FALLBACK,-0.9036,0.100,1.1107,0,none
15.467,0.67470,2.81254,0.42455,0,10,0,FALLBACK,-0.9260,0.100,1.1081,0,none
15.516,0.73142,2.12225,0.34645,0,10,0,FALLBACK,-0.9798,0.100,1.1055,0,none
15.565,0.75634,1.84070,0.20788,1,10,0,FALLBACK,-1.0000,0.100,1.1034,0,none
15.616,0.74766,1.64560,0.29315,0,10,0,FALLBACK,-0.9953,0.100,1.1008,0,none
15.667,0.70558,1.19371,0.25660,1,10,0,FALLBACK,-0.9553,0.100,1.0988,0,none
15.716,0.61578,-0.06917,0.35135,0,10,0,FALLBACK,-0.8700,0.100,1.0978,0,none
15.767,0.55173,-0.00116,0.16231,1,10,0,FALLBACK,-0.8091,0.100,1.0980,0,none
15.817,0.46177,0.04694,0.15540,1,10,0,FALLBACK,-0.7237,0.100,1.0981,0,none
15.866,0.34801,0.89285,0.10470,1,10,0,FALLBACK,-0.6156,0.100,1.0992,0,none
15.918,0.16923,1.33336,0.26420,1,10,0,FALLBACK,-0.4458,0.100,1.1007,0,none
15.969,0.05652,0.52602,0.18921,1,10,0,FALLBACK,-0.3387,0.100,1.1028,0,none
16.017,-0.06626,0.20738,0.22614,1,10,0,FALLBACK,-0.2221,0.100,1.1051,0,none
16.068,-0.19675,-0.05233,0.10065,1,10,0,FALLBACK,-0.0981,0.100,1.1070,0,none
16.120,-0.33132,0.21579,0.22393,1,10,0,FALLBACK,0.0298,0.100,1.1088,0,none
16.170,-0.50035,-0.13667,0.18655,1,10,0,FALLBACK,0.1903,0.100,1.1105,0,none
16.221,-0.59389,0.42933,0.42202,0,10,0,FALLBACK,0.2792,0.100,1.1113,0,none
16.269,-0.67691,0.46081,0.77692,0,10,0,FALLBACK,0.3581,0.100,1.1121,0,none
16.320,-0.74787,-0.72932,0.24948,1,10,0,FALLBACK,0.4255,0.100,1.1127,0,none
16.372,-0.80500,0.56157,0.54459,0,10,0,FALLBACK,0.4798,0.100,1.1136,0,none
16.419,-0.85805,1.48336,0.38845,0,10,0,FALLBACK,0.5301,0.100,1.1134,0,none
16.470,-0.84251,1.43276,0.77876,0,10,0,FALLBACK,0.5154,0.100,1.1140,0,none
16.522,-0.80843,2.13954,0.35250,0,10,0,FALLBACK,0.4830,0.100,1.1142,0,none
16.571,-0.75656,1.72542,0.25241,1,10,0,FALLBACK,0.4337,0.100,1.1149,0,none
16.620,-0.71445,1.62383,0.45571,0,10,0,FALLBACK,0.3937,0.100,1.1164,0,none
16.672,-0.59575,1.97371,0.30386,0,10,0,FALLBACK,0.2810,0.100,1.1178,0,none
16.723,-0.46565,1.50479,0.38547,0,10,0,FALLBACK,0.1574,0.100,1.1194,0,none
16.771,-0.32816,1.52751,0.27850,1,10,0,FALLBACK,0.0268,0.100,1.1210,0,none
16.821,-0.23438,0.99327,0.17778,1,10,0,FALLBACK,-0.0623,0.100,1.1228,0,none
16.873,-0.05881,1.50873,0.30387,0,10,0,FALLBACK,-0.2291,0.100,1.1244,0,none
16.923,0.11434,1.51801,0.24829,1,10,0,FALLBACK,-0.3936,0.100,1.1257,0,none
16.972,0.27898,1.86480,0.23239,1,10,0,FALLBACK,-0.5500,0.100,1.1247,0,none
17.025,0.42373,2.01149,0.45189,0,10,0,FALLBACK,-0.6875,0.100,1.1236,0,none
17.072,0.54651,1.77008,0.30349,0,10,0,FALLBACK,-0.8042,0.100,1.1235,0,none
17.124,0.64329,2.12483,0.40226,0,10,0,FALLBACK,-0.8961,0.100,1.1195,0,none
17.176,0.70832,1.34018,0.26002,1,10,0,FALLBACK,-0.9579,0.100,1.1170,0,none
17.222,0.74065,0.41824,0.19391,1,10,0,FALLBACK,-0.9886,0.100,1.1147,0,none
17.273,0.73913,0.33251,0.16756,1,10,0,FALLBACK,-0.9872,0.100,1.1111,0,none
17.322,0.70310,0.37249,0.15695,1,10,0,FALLBACK,-0.9529,0.100,1.1088,0,none
17.373,0.63475,0.13198,0.13632,1,10,0,FALLBACK,-0.8880,0.100,1.1074,0,none
17.426,0.53680,0.06043,0.17062,1,10,0,FALLBACK,-0.7950,0.100,1.1070,0,none
17.474,0.41192,0.01007,0.13071,1,10,0,FALLBACK,-0.6763,0.100,1.1063,0,none
17.524,0.26378,0.19640,0.17789,1,10,0,FALLBACK,-0.5356,0.100,1.1085,0,none
17.574,0.09773,0.34779,0.39206,0,10,0,FALLBACK,-0.3778,0.100,1.1094,0,none
17.625,-0.08270,-0.20313,0.18123,1,10,0,FALLBACK,-0.2064,0.100,1.1123,0,none
17.675,-0.26967,-0.55222,0.18498,1,10,0,FALLBACK,-0.0288,0.100,1.1144,0,none
17.724,-0.46003,-0.76100,0.14991,1,10,0,FALLBACK,0.1520,0.100,1.1161,0,none
17.775,-0.64877,-0.93268,0.12693,1,10,0,FALLBACK,0.3313,0.100,1.1169,0,none
17.824,-0.82839,-1.20730,0.26514,1,10,0,FALLBACK,0.5020,0.100,1.1181,0,none
17.874,-0.99434,-1.33864,0.25945,1,10,0,FALLBACK,0.6596,0.100,1.1161,0,none
17.923,-1.13892,-1.47134,0.32766,0,10,0,FALLBACK,0.7970,0.100,1.1161,0,none
17.977,-1.25853,-1.62205,0.27811,1,10,0,FALLBACK,0.9106,0.100,1.1117,0,none
18.025,-1.34565,-1.61524,0.27275,1,10,0,FALLBACK,0.9934,0.100,1.1082,0,none
18.076,-1.39851,-1.48027,0.21770,1,10,0,FALLBACK,1.0000,0.100,1.1046,0,none
18.126,-1.41601,-1.31239,0.23789,1,10,0,FALLBACK,1.0000,0.100,1.1019,0,none
18.176,-1.40017,-1.31083,0.27806,1,10,0,FALLBACK,1.0000,0.100,1.0999,0,none
18.227,-1.35170,-1.42027,0.41447,0,10,0,FALLBACK,0.9991,0.100,1.0980,0,none
18.278,-1.18012,-1.21767,0.53538,0,10,0,FALLBACK,0.8361,0.100,1.0961,0,none
18.327,-1.18150,-0.49441,0.23750,1,10,0,FALLBACK,0.8374,0.100,1.0958,0,none
18.377,-1.15907,-0.50660,0.17845,1,10,0,FALLBACK,0.8161,0.100,1.0967,0,none
18.427,-1.11044,-0.23681,0.13243,1,10,0,FALLBACK,0.7699,0.100,1.0964,0,none
18.477,-1.03585,-0.34831,0.11389,1,10,0,FALLBACK,0.6991,0.100,1.0965,0,none
18.530,-0.81820,-0.62692,0.14776,1,10,0,FALLBACK,0.4923,0.100,1.0972,0,none
18.580,-0.81303,-0.81932,0.24773,1,10,0,FALLBACK,0.4874,0.100,1.0991,0,none
18.628,-0.79577,-1.22262,0.25582,1,10,0,FALLBACK,0.4710,0.100,1.1013,0,none
18.678,-0.76366,-1.03205,0.19572,1,10,0,FALLBACK,0.4405,0.100,1.1024,0,none
18.729,-0.71618,-0.99099,0.25875,1,10,0,FALLBACK,0.3954,0.100,1.1037,0,none
18.780,-0.53514,-0.78036,0.13338,1,10,0,FALLBACK,0.2234,0.100,1.1051,0,none
18.828,-0.57668,-0.55788,0.18275,1,10,0,FALLBACK,0.2628,0.100,1.1065,0,none
18.878,-0.61195,-0.69282,0.18023,1,10,0,FALLBACK,0.2963,0.100,1.1087,0,none
18.927,-0.63948,-0.58691,0.16921,1,10,0,FALLBACK,0.3225,0.100,1.1099,0,none
18.978,-0.65616,-0.71787,0.15883,1,10,0,FALLBACK,0.3383,0.100,1.1110,0,none
19.031,-0.55609,-0.75343,0.20718,1,10,0,FALLBACK,0.2433,0.100,1.1121,0,none
19.079,-0.66474,-0.88907,0.21662,1,10,0,FALLBACK,0.3465,0.100,1.1135,0,none
19.128,-0.76656,-0.93116,0.17208,1,10,0,FALLBACK,0.4432,0.100,1.1148,0,none
19.180,-0.85541,-0.98926,0.25544,1,10,0,FALLBACK,0.5276,0.100,1.1150,0,none
19.228,-0.92683,-1.27267,0.28854,0,10,0,FALLBACK,0.5955,0.100,1.1148,0,none
19.280,-0.86871,-1.36334,0.17217,1,10,0,FALLBACK,0.5403,0.100,1.1144,0,none
19.331,-1.01212,-1.50314,0.26478,1,10,0,FALLBACK,0.6765,0.100,1.1146,0,none
19.379,-1.13838,-1.58274,0.29093,0,10,0,FALLBACK,0.7965,0.100,1.1145,0,none
19.430,-1.23954,-1.54578,0.28098,1,10,0,FALLBACK,0.8926,0.100,1.1122,0,none
19.479,-1.31055,-1.48433,0.34092,0,10,0,FALLBACK,0.9600,0.100,1.1094,0,none
19.531,-1.20569,-1.74673,0.34280,0,10,0,FALLBACK,0.8604,0.100,1.1071,0,none
19.580,-1.32497,-2.01743,0.29816,0,10,0,FALLBACK,0.9737,0.100,1.1049,0,none
19.630,-1.41750,-1.74460,0.31355,0,10,0,FALLBACK,1.0000,0.100,1.1037,0,none
19.680,-1.47616,-1.47865,0.23502,1,10,0,FALLBACK,1.0000,0.100,1.1004,0,none
19.714,-1.50071,-1.42037,0.26510,1,10,0,FALLBACK,1.0000,0.100,1.0981,0,none
19.763,-1.30078,-1.59798,0.29873,0,10,0,FALLBACK,0.9507,0.100,1.0962,0,none
19.813,-1.37504,-1.70817,0.33831,0,10,0,FALLBACK,1.0000,0.100,1.0954,0,none
19.866,-1.41884,-1.90231,0.30235,0,10,0,FALLBACK,1.0000,0.100,1.0931,0,none
19.913,-1.42916,-1.97157,0.26914,1,10,0,FALLBACK,1.0000,0.100,1.0911,0,none
19.963,-1.40716,-1.47319,0.28224,1,10,0,FALLBACK,1.0000,0.100,1.0894,0,none
20.015,-1.35322,-1.58255,0.35406,0,10,0,FALLBACK,1.0000,0.100,1.0877,0,none
20.066,-1.14192,-1.78888,0.41139,0,10,0,FALLBACK,0.7998,0.100,1.0860,0,none
20.117,-1.14112,-1.20586,0.28164,1,10,0,FALLBACK,0.7991,0.100,1.0877,0,none
20.164,-1.11923,-0.87146,0.19816,1,10,0,FALLBACK,0.7783,0.100,1.0883,0,none
20.217,-1.07234,-1.19063,0.22607,1,10,0,FALLBACK,0.7337,0.100,1.0884,0,none
20.266,-1.00103,-1.57264,0.28100,1,10,0,FALLBACK,0.6660,0.100,1.0887,0,none
20.317,-0.75168,-1.50958,0.27015,1,10,0,FALLBACK,0.4291,0.100,1.0897,0,none
20.367,-0.75174,-1.47667,0.49199,0,10,0,FALLBACK,0.4291,0.100,1.0917,0,none
20.416,-0.74247,-0.82110,0.17531,1,10,0,FALLBACK,0.4203,0.100,1.0941,0,none
20.467,-0.72063,-0.65932,0.15137,1,10,0,FALLBACK,0.3996,0.100,1.0955,0,none
20.515,-0.68540,-0.76690,0.21515,1,10,0,FALLBACK,0.3661,0.100,1.0969,0,none
20.567,-0.63788,-0.72329,0.24204,1,10,0,FALLBACK,0.3210,0.100,1.0985,0,none
20.615,-0.57961,-0.38675,0.17724,1,10,0,FALLBACK,0.2656,0.100,1.1001,0,none
20.667,-0.51243,-0.52061,0.16211,1,10,0,FALLBACK,0.2018,0.100,1.1019,0,none
20.717,-0.43844,-0.64372,0.15872,1,10,0,FALLBACK,0.1315,0.100,1.1038,0,none
20.765,-0.35939,-1.34581,0.34348,0,10,0,FALLBACK,0.0564,0.100,1.1055,0,none
20.816,-0.27770,-3.31795,0.91532,0,10,0,FALLBACK,-0.0212,0.100,1.1073,0,none
20.867,-0.19606,-1.94707,0.51530,0,10,0,FALLBACK,-0.0987,0.100,1.1089,0,none
20.918,-0.11711,-1.64223,0.44249,0,10,0,FALLBACK,-0.1737,0.100,1.1104,0,none
20.968,-0.04348,-0.78518,0.22489,1,10,0,FALLBACK,-0.2437,0.100,1.1117,0,none
21.019,0.02226,-1.00738,0.16344,1,10,0,FALLBACK,-0.3061,0.100,1.1129,0,none
21.069,0.07780,-2.56921,0.61592,0,10,0,FALLBACK,-0.3589,0.100,1.1138,0,none
21.119,0.12148,-2.32287,0.50069,0,10,0,FALLBACK,-0.4004,0.100,1.1148,0,none
21.169,0.15151,-0.79442,0.21405,1,10,0,FALLBACK,-0.4289,0.100,1.1154,0,none
21.219,0.16669,-1.02126,0.27762,1,10,0,FALLBACK,-0.4434,0.100,1.1162,0,none
21.270,0.16641,-0.17399,0.21800,1,10,0,FALLBACK,-0.4431,0.100,1.1169,0,none
21.322,0.15047,0.21224,0.35985,0,10,0,FALLBACK,-0.4279,0.100,1.1177,0,none
21.370,0.11938,0.31344,0.45495,0,10,0,FALLBACK,-0.3984,0.100,1.1187,0,none
21.418,0.07413,0.38627,0.31064,0,10,0,FALLBACK,-0.3554,0.100,1.1199,0,none
21.468,0.01614,0.21921,0.18840,1,10,0,FALLBACK,-0.3003,0.100,1.1212,0,none
21.520,-0.05310,-0.01315,0.12845,1,10,0,FALLBACK,-0.2346,0.100,1.1226,0,none
21.570,-0.13124,-0.20227,0.14460,1,10,0,FALLBACK,-0.1603,0.100,1.1242,0,none
21.620,-0.21551,-0.65684,0.40215,0,10,0,FALLBACK,-0.0803,0.100,1.1258,0,none
21.670,-0.30333,-2.33250,0.68606,0,10,0,FALLBACK,0.0032,0.100,1.1273,0,none
21.720,-0.39187,-1.74613,0.60789,0,10,0,FALLBACK,0.0873,0.100,1.1288,0,none
21.770,-0.47818,-2.86092,0.59179,0,10,0,FALLBACK,0.1693,0.100,1.1300,0,none
21.822,-0.55930,-3.90536,1.08881,0,10,0,FALLBACK,0.2463,0.100,1.1310,0,none
21.869,-0.63300,-3.97238,0.74537,0,10,0,FALLBACK,0.3163,0.100,1.1322,0,none
21.921,-0.69690,-4.64990,0.80352,0,10,0,FALLBACK,0.3771,0.100,1.1325,0,none
21.971,-0.74710,-3.89972,1.53774,0,10,0,FALLBACK,0.4247,0.100,1.1329,0,none
22.020,-0.78222,-3.28955,1.09477,0,10,0,FALLBACK,0.4581,0.100,1.1332,0,none
22.072,-0.80092,-3.82256,1.32877,0,10,0,FALLBACK,0.4759,0.100,1.1335,0,none
22.121,-0.80244,-2.71371,0.84247,0,10,0,FALLBACK,0.4773,0.100,1.1338,0,none
22.171,-0.78664,1.55586,1.09882,0,10,0,FALLBACK,0.4623,0.100,1.1343,0,none
22.222,-0.75399,-0.26399,0.46060,0,10,0,FALLBACK,0.4313,0.100,1.1350,0,none
22.272,-0.70553,-0.67706,0.16772,1,10,0,FALLBACK,0.3853,0.100,1.1359,0,none
22.323,-0.64285,-0.82375,0.17194,1,10,0,FALLBACK,0.3257,0.100,1.1370,0,none
22.372,-0.56749,-0.75774,0.20830,1,10,0,FALLBACK,0.2541,0.100,1.1380,0,none
22.423,-0.48156,-0.70863,0.18923,1,10,0,FALLBACK,0.1725,0.100,1.1397,0,none
22.473,-0.38905,-0.60460,0.17263,1,10,0,FALLBACK,0.0846,0.100,1.1412,0,none
22.524,-0.29261,-0.46957,0.16521,1,10,0,FALLBACK,-0.0070,0.100,1.1426,0,none
22.574,-0.19538,-0.25550,0.18380,1,10,0,FALLBACK,-0.0994,0.100,1.1440,0,none
22.623,-0.09991,0.07584,0.10603,1,10,0,FALLBACK,-0.1901,0.100,1.1453,0,none
22.674,-0.00913,0.15879,0.12457,1,10,0,FALLBACK,-0.2763,0.100,1.1459,0,none
22.722,0.07183,0.31302,0.15301,1,10,0,FALLBACK,-0.3532,0.100,1.1465,0,none
22.771,0.14051,0.43344,0.17045,1,10,0,FALLBACK,-0.4185,0.100,1.1468,0,none
22.825,0.28241,0.38287,0.16368,1,10,0,FALLBACK,-0.5533,0.100,1.1469,0,none
22.873,0.23170,0.27227,0.13623,1,10,0,FALLBACK,-0.5051,0.100,1.1473,0,none
22.922,0.16046,0.18332,0.10527,1,10,0,FALLBACK,-0.4374,0.100,1.1463,0,none
22.973,0.07135,-0.00451,0.07888,1,10,0,FALLBACK,-0.3528,0.100,1.1472,0,none
23.023,-0.03121,-0.03598,0.09484,1,10,0,FALLBACK,-0.2554,0.100,1.1484,0,none
23.074,-0.10689,-0.15529,0.12479,1,10,0,FALLBACK,-0.1835,0.100,1.1495,0,none
23.123,-0.31124,-0.58925,0.18246,1,10,0,FALLBACK,0.0107,0.100,1.1509,0,none
23.172,-0.51926,-0.55720,0.15101,1,10,0,FALLBACK,0.2083,0.100,1.1521,0,none
23.224,-0.72197,-0.79962,0.18389,1,10,0,FALLBACK,0.4009,0.100,1.1523,0,none
23.274,-0.79068,-0.96696,0.22340,1,10,0,FALLBACK,0.4661,0.100,1.1514,0,none
23.323,-1.04155,-1.27345,0.38759,0,10,0,FALLBACK,0.7045,0.100,1.1508,0,none
23.373,-1.27422,-1.21983,0.50682,0,10,0,FALLBACK,0.9255,0.100,1.1476,0,none
23.424,-1.47683,-1.38394,0.63794,0,10,0,FALLBACK,1.0000,0.100,1.1417,0,none
23.473,-1.64216,-0.13038,1.06158,0,10,0,FALLBACK,1.0000,0.100,1.1367,0,none
23.524,-1.77136,-0.93209,0.93028,0,10,0,FALLBACK,1.0000,0.100,1.1334,0,none
23.574,-1.78952,-0.56355,1.15057,0,10,0,FALLBACK,1.0000,0.100,1.1308,0,none
23.626,-1.93438,-0.49176,1.27513,0,10,0,FALLBACK,1.0000,0.100,1.1283,0,none
23.676,-2.04592,-1.13199,0.95612,0,10,0,FALLBACK,1.0000,0.100,1.1258,0,none
23.725,-2.12369,-1.11409,0.95730,0,10,0,FALLBACK,1.0000,0.100,1.1234,0,none
23.774,-2.16747,-1.91213,0.43768,0,10,0,FALLBACK,1.0000,0.100,1.1210,0,none
23.824,-2.06519,-2.15111,0.49564,0,10,0,FALLBACK,1.0000,0.100,1.1187,0,none
23.877,-2.12651,-2.13771,0.22129,1,10,0,FALLBACK,1.0000,0.100,1.1164,0,none
23.925,-2.15415,-2.06673,0.29870,0,10,0,FALLBACK,1.0000,0.100,1.1142,0,none
23.975,-2.14816,-2.14700,0.36047,0,10,0,FALLBACK,1.0000,0.100,1.1120,0,none
24.027,-2.10876,-2.14844,0.38461,0,10,0,FALLBACK,1.0000,0.100,1.1099,0,none
24.076,-2.03638,-2.01981,0.37239,0,10,0,FALLBACK,1.0000,0.100,1.1078,0,none
24.127,-1.86786,-1.76577,0.30729,0,10,0,FALLBACK,1.0000,0.100,1.1057,0,none
24.176,-1.81397,-1.83938,0.44555,0,10,0,FALLBACK,1.0000,0.100,1.1037,0,none
24.225,-1.72765,-1.41200,0.20861,1,10,0,FALLBACK,1.0000,0.100,1.1017,0,none
24.276,-1.60953,-1.29598,0.26680,1,10,0,FALLBACK,1.0000,0.100,1.0998,0,none
24.327,-1.46045,-1.11401,0.26638,1,10,0,FALLBACK,1.0000,0.100,1.0979,0,none
24.378,-1.17971,-1.05280,0.20459,1,10,0,FALLBACK,0.8357,0.100,1.0960,0,none
24.428,-1.04898,-0.60694,0.19521,1,10,0,FALLBACK,0.7115,0.100,1.0942,0,none
24.476,-0.89403,-0.59735,0.20695,1,10,0,FALLBACK,0.5643,0.100,1.0963,0,none
24.527,-0.72041,-0.34776,0.15400,1,10,0,FALLBACK,0.3994,0.100,1.0992,0,none
24.579,-0.53353,-0.45890,0.19299,1,10,0,FALLBACK,0.2219,0.100,1.1016,0,none
24.630,-0.33757,-0.39476,0.15149,1,10,0,FALLBACK,0.0357,0.100,1.1037,0,none
24.679,-0.08995,-0.10354,0.13055,1,10,0,FALLBACK,-0.1996,0.100,1.1060,0,none
24.729,0.03053,0.05951,0.16002,1,10,0,FALLBACK,-0.3140,0.100,1.1072,0,none
24.780,0.13876,0.56943,0.17093,1,10,0,FALLBACK,-0.4168,0.100,1.1076,0,none
24.832,0.23385,0.91913,0.32700,0,10,0,FALLBACK,-0.5072,0.100,1.1085,0,none
24.883,0.31633,0.79687,0.20996,1,10,0,FALLBACK,-0.5855,0.100,1.1089,0,none
24.929,0.38023,1.34243,0.28197,1,10,0,FALLBACK,-0.6462,0.100,1.1086,0,none
24.978,0.42318,2.01842,0.40622,0,10,0,FALLBACK,-0.6870,0.100,1.1082,0,none
25.028,0.44233,2.07188,0.42084,0,10,0,FALLBACK,-0.7052,0.100,1.1072,0,none
25.082,0.43683,2.05358,0.30612,0,10,0,FALLBACK,-0.7000,0.100,1.1068,0,none
25.130,0.40713,1.71981,0.29087,0,10,0,FALLBACK,-0.6718,0.100,1.1066,0,none
25.179,0.35409,1.33236,0.24342,1,10,0,FALLBACK,-0.6214,0.100,1.1069,0,none
25.230,0.27946,0.99625,0.13741,1,10,0,FALLBACK,-0.5505,0.100,1.1076,0,none
25.279,0.18552,0.23591,0.14836,1,10,0,FALLBACK,-0.4612,0.100,1.1088,0,none
25.330,0.07511,0.05993,0.11206,1,10,0,FALLBACK,-0.3564,0.100,1.1103,0,none
25.379,-0.04844,0.05466,0.11528,1,10,0,FALLBACK,-0.2390,0.100,1.1121,0,none
25.429,-0.18147,-0.05251,0.15125,1,10,0,FALLBACK,-0.1126,0.100,1.1140,0,none
25.481,-0.32003,-0.60102,0.13357,1,10,0,FALLBACK,0.0190,0.100,1.1159,0,none
25.531,-0.46014,-0.62495,0.16445,1,10,0,FALLBACK,0.1521,0.100,1.1175,0,none
25.580,-0.59835,-0.80891,0.15320,1,10,0,FALLBACK,0.2834,0.100,1.1186,0,none
25.614,-0.72826,-0.92381,0.22675,1,10,0,FALLBACK,0.4068,0.100,1.1193,0,none
25.664,-0.84390,-0.95782,0.18929,1,10,0,FALLBACK,0.5167,0.100,1.1188,0,none
25.714,-0.94095,-1.06028,0.18268,1,10,0,FALLBACK,0.6089,0.100,1.1181,0,none
25.764,-1.01647,-1.09123,0.20398,1,10,0,FALLBACK,0.6806,0.100,1.1172,0,none
25.814,-1.06789,-1.02025,0.24205,1,10,0,FALLBACK,0.7295,0.100,1.1161,0,none
25.866,-1.09434,-0.90897,0.16658,1,10,0,FALLBACK,0.7546,0.100,1.1154,0,none
25.914,-1.09481,-0.92942,0.12804,1,10,0,FALLBACK,0.7551,0.100,1.1145,0,none
25.964,-1.06886,-0.89069,0.14519,1,10,0,FALLBACK,0.7304,0.100,1.1138,0,none
26.013,-1.01730,-0.76785,0.12743,1,10,0,FALLBACK,0.6814,0.100,1.1136,0,none
26.063,-0.94256,-0.61066,0.14202,1,10,0,FALLBACK,0.6104,0.100,1.1143,0,none
26.116,-0.84640,-0.41428,0.12380,1,10,0,FALLBACK,0.5191,0.100,1.1149,0,none
26.163,-0.73276,0.06888,0.23692,1,10,0,FALLBACK,0.4111,0.100,1.1168,0,none
26.215,-0.60577,0.70284,0.21123,1,10,0,FALLBACK,0.2905,0.100,1.1186,0,none
26.262,-0.46909,0.96582,0.17991,1,10,0,FALLBACK,0.1606,0.100,1.1206,0,none
26.315,-0.32693,0.77982,0.27796,1,10,0,FALLBACK,0.0256,0.100,1.1224,0,none
26.366,-0.18370,0.94391,0.13484,1,10,0,FALLBACK,-0.1105,0.100,1.1241,0,none
26.415,-0.04395,2.06410,0.33975,0,10,0,FALLBACK,-0.2432,0.100,1.1252,0,none
26.465,0.08768,1.92454,0.32634,0,10,0,FALLBACK,-0.3683,0.100,1.1259,0,none
26.517,0.20854,1.18125,0.20279,1,10,0,FALLBACK,-0.4831,0.100,1.1265,0,none
26.564,0.31452,1.80091,0.21926,1,10,0,FALLBACK,-0.5838,0.100,1.1263,0,none
26.616,0.39945,1.89319,0.37396,0,10,0,FALLBACK,-0.6645,0.100,1.1249,0,none
26.666,0.46146,2.79988,0.45023,0,10,0,FALLBACK,-0.7234,0.100,1.1243,0,none
26.715,0.49872,1.91136,0.27011,1,10,0,FALLBACK,-0.7588,0.100,1.1231,0,none
26.765,0.50874,2.02936,0.26014,1,10,0,FALLBACK,-0.7683,0.100,1.1216,0,none
26.815,0.49136,2.52683,0.45886,0,10,0,FALLBACK,-0.7518,0.100,1.1208,0,none
26.867,0.44777,2.64949,0.42047,0,10,0,FALLBACK,-0.7104,0.100,1.1205,0,none
26.915,0.37908,2.07766,0.41903,0,10,0,FALLBACK,-0.6451,0.100,1.1204,0,none
26.966,0.28736,1.64641,0.36192,0,10,0,FALLBACK,-0.5580,0.100,1.1210,0,none
27.017,0.17683,1.58602,0.29970,0,10,0,FALLBACK,-0.4530,0.100,1.1225,0,none
27.067,0.05139,1.11501,0.26148,1,10,0,FALLBACK,-0.3338,0.100,1.1242,0,none
27.116,-0.08527,0.16149,0.18462,1,10,0,FALLBACK,-0.2040,0.100,1.1260,0,none
27.167,-0.20513,0.14095,0.21343,1,10,0,FALLBACK,-0.0901,0.100,1.1276,0,none
27.217,-0.37590,-0.40588,0.10092,1,10,0,FALLBACK,0.0721,0.100,1.1293,0,none
27.267,-0.54485,-0.64484,0.14167,1,10,0,FALLBACK,0.2326,0.100,1.1304,0,none
27.318,-0.70622,-0.84496,0.17598,1,10,0,FALLBACK,0.3859,0.100,1.1308,0,none
27.367,-0.85441,-0.89101,0.21080,1,10,0,FALLBACK,0.5267,0.100,1.1304,0,none
27.417,-0.98413,-1.13285,0.20331,1,10,0,FALLBACK,0.6499,0.100,1.1292,0,none
27.466,-1.09068,-1.13635,0.18042,1,10,0,FALLBACK,0.7511,0.100,1.1274,0,none
27.517,-1.17026,-1.14354,0.20667,1,10,0,FALLBACK,0.8267,0.100,1.1252,0,none
27.567,-1.22144,-1.13665,0.23521,1,10,0,FALLBACK,0.8754,0.100,1.1236,0,none
27.616,-1.24151,-1.04000,0.11940,1,10,0,FALLBACK,0.8944,0.100,1.1208,0,none
27.667,-1.22969,-1.01791,0.20209,1,10,0,FALLBACK,0.8832,0.100,1.1189,0,none
27.717,-1.18708,-0.80187,0.24148,1,10,0,FALLBACK,0.8427,0.100,1.1175,0,none
27.770,-1.11538,-0.67851,0.30850,0,10,0,FALLBACK,0.7746,0.100,1.1169,0,none
27.819,-1.01716,1.47087,0.77818,0,10,0,FALLBACK,0.6813,0.100,1.1171,0,none
27.868,-0.89575,1.38409,0.63684,0,10,0,FALLBACK,0.5660,0.100,1.1180,0,none
27.918,-0.75507,1.14954,0.53165,0,10,0,FALLBACK,0.4323,0.100,1.1195,0,none
27.968,-0.59867,1.14395,0.54448,0,10,0,FALLBACK,0.2837,0.100,1.1212,0,none
28.019,-0.43159,2.09621,0.48149,0,10,0,FALLBACK,0.1250,0.100,1.1234,0,none
28.068,-0.25952,2.07453,0.33986,0,10,0,FALLBACK,-0.0385,0.100,1.1253,0,none
28.117,-0.08643,2.05460,0.42671,0,10,0,FALLBACK,-0.2029,0.100,1.1269,0,none
28.169,0.08272,1.89363,0.37751,0,10,0,FALLBACK,-0.3636,0.100,1.1279,0,none
28.216,0.24088,1.84427,0.34961,0,10,0,FALLBACK,-0.5138,0.100,1.1276,0,none
28.267,0.38199,1.77668,0.37163,0,10,0,FALLBACK,-0.6479,0.100,1.1267,0,none
28.320,0.50117,1.09402,0.20455,1,10,0,FALLBACK,-0.7611,0.100,1.1251,0,none
28.368,0.59482,1.03509,0.21385,1,10,0,FALLBACK,-0.8501,0.100,1.1235,0,none
28.419,0.65893,1.25270,0.21402,1,10,0,FALLBACK,-0.9110,0.100,1.1205,0,none
28.469,0.69066,1.21128,0.20332,1,10,0,FALLBACK,-0.9411,0.100,1.1179,0,none
28.519,0.68939,1.05893,0.16763,1,10,0,FALLBACK,-0.9399,0.100,1.1155,0,none
28.570,0.65548,0.91040,0.14333,1,10,0,FALLBACK,-0.9077,0.100,1.1136,0,none
28.621,0.59046,0.94744,0.16288,1,10,0,FALLBACK,-0.8459,0.100,1.1125,0,none
28.670,0.49680,0.72479,0.23917,1,10,0,FALLBACK,-0.7570,0.100,1.1122,0,none
28.720,0.37779,0.55353,0.16109,1,10,0,FALLBACK,-0.6439,0.100,1.1128,0,none
28.780,0.23731,0.22478,0.17848,1,10,0,FALLBACK,-0.5104,0.100,1.1141,0,none
28.823,0.07868,0.04665,0.11986,1,10,0,FALLBACK,-0.3597,0.100,1.1149,0,none
28.873,-0.09401,-0.33868,0.16598,1,10,0,FALLBACK,-0.1957,0.100,1.1176,0,none
28.921,-0.27311,-0.61938,0.14713,1,10,0,FALLBACK,-0.0255,0.100,1.1197,0,none
28.971,-0.45421,-0.69279,0.21396,1,10,0,FALLBACK,0.1465,0.100,1.1213,0,none
29.021,-0.63183,-0.92784,0.16351,1,10,0,FALLBACK,0.3152,0.100,1.1222,0,none
29.071,-0.80024,-1.06195,0.22015,1,10,0,FALLBACK,0.4752,0.100,1.1224,0,none
29.121,-0.95507,-1.31521,0.24901,1,10,0,FALLBACK,0.6223,0.100,1.1231,0,none
29.172,-1.09260,-1.34269,0.27664,1,10,0,FALLBACK,0.7530,0.100,1.1220,0,none
29.222,-1.20507,-1.39469,0.29282,0,10,0,FALLBACK,0.8598,0.100,1.1181,0,none
29.272,-1.28651,-1.29184,0.27897,1,10,0,FALLBACK,0.9372,0.100,1.1151,0,none
29.323,-1.33526,-1.61500,0.28984,0,10,0,FALLBACK,0.9835,0.100,1.1120,0,none
29.373,-1.35028,-1.79133,0.41422,0,10,0,FALLBACK,0.9978,0.100,1.1098,0,none
29.422,-1.33153,-1.57624,0.34584,0,10,0,FALLBACK,0.9800,0.100,1.1066,0,none
29.472,-1.27908,-0.79458,0.21205,1,10,0,FALLBACK,0.9301,0.100,1.1047,0,none
29.523,-1.19553,1.09183,0.41892,0,10,0,FALLBACK,0.8508,0.100,1.1038,0,none
29.574,-1.08332,0.63281,0.31293,0,10,0,FALLBACK,0.7442,0.100,1.1028,0,none
29.624,-0.94588,-0.87060,0.28760,0,10,0,FALLBACK,0.6136,0.100,1.1046,0,none
29.675,-0.78914,-0.69864,0.24485,1,10,0,FALLBACK,0.4647,0.100,1.1064,0,none
29.724,-0.61866,0.01503,0.31881,0,10,0,FALLBACK,0.3027,0.100,1.1078,1,none
29.775,-0.36834,-0.20291,0.25200,1,10,0,FALLBACK,0.0649,0.100,1.1066,1,none
29.826,-0.27483,-0.07434,0.16848,1,10,0,FALLBACK,-0.0239,0.100,1.1121,1,none
29.875,-0.19137,0.36521,0.41400,0,10,0,FALLBACK,-0.1032,0.100,1.1088,1,none
29.925,-0.08068,0.72119,0.26573,1,10,0,FALLBACK,-0.2084,0.100,1.1154,1,none
29.977,0.11004,1.51629,0.36593,0,10,0,FALLBACK,-0.3895,0.100,1.1188,1,none
30.025,0.28412,1.32136,0.32932,0,10,0,FALLBACK,-0.5549,0.100,1.1172,1,none
30.076,0.44082,1.28786,0.23741,1,10,0,FALLBACK,-0.7038,0.100,1.1152,1,none
30.126,0.57559,1.46112,0.36260,0,10,0,FALLBACK,-0.8318,0.100,1.1141,1,none
30.176,0.68218,1.76559,0.35277,0,10,0,FALLBACK,-0.9331,0.100,1.1112,1,none
30.227,0.75689,2.26531,0.45935,0,10,0,FALLBACK,-1.0000,0.100,1.1080,1,none
30.276,0.79702,2.26156,0.33516,0,10,0,FALLBACK,-1.0000,0.100,1.1046,1,none
30.326,0.80211,2.30224,0.31583,0,10,0,FALLBACK,-1.0000,0.100,1.1022,1,none
30.377,0.77415,1.18056,0.18016,1,10,0,FALLBACK,-1.0000,0.100,1.1002,1,none
30.426,0.71370,1.27133,0.23503,1,10,0,FALLBACK,-0.9630,0.100,1.0983,1,none
30.476,0.62156,0.73444,0.21720,1,10,0,FALLBACK,-0.8755,0.100,1.0971,1,none
30.526,0.50015,0.49263,0.19113,1,10,0,FALLBACK,-0.7601,0.100,1.0966,1,none
30.576,0.35360,0.24791,0.15124,1,10,0,FALLBACK,-0.6209,0.100,1.0976,1,none
30.629,0.18630,0.04167,0.09741,1,10,0,FALLBACK,-0.4620,0.100,1.0984,1,none
30.678,0.00198,-0.24770,0.18451,1,10,0,FALLBACK,-0.2869,0.100,1.1013,1,none
30.729,-0.19234,-0.54081,0.14411,1,10,0,FALLBACK,-0.1023,0.100,1.1037,1,none
30.777,-0.39227,-0.86136,0.13049,1,10,0,FALLBACK,0.0877,0.100,1.1057,1,none
30.826,-0.59343,-1.04122,0.16826,1,10,0,FALLBACK,0.2788,0.100,1.1073,1,none
30.878,-0.78744,-1.16626,0.19341,1,10,0,FALLBACK,0.4631,0.100,1.1079,1,none
30.928,-0.96880,-1.29661,0.26696,1,10,0,FALLBACK,0.6354,0.100,1.1075,1,none
30.978,-1.13122,-1.50129,0.23067,1,10,0,FALLBACK,0.7897,0.100,1.1059,1,none
31.027,-1.26878,-1.60399,0.36673,0,10,0,FALLBACK,0.9203,0.100,1.1034,1,none
31.076,-1.37637,-1.54075,0.33544,0,10,0,FALLBACK,1.0000,0.100,1.0999,1,none
31.128,-1.45005,-1.47240,0.22733,1,10,0,FALLBACK,1.0000,0.100,1.0963,1,none
31.178,-1.48863,-1.37246,0.25507,1,10,0,FALLBACK,1.0000,0.100,1.0934,1,none
31.229,-1.49432,-1.44846,0.30873,0,10,0,FALLBACK,1.0000,0.100,1.0916,1,none
31.278,-1.46779,-1.31321,0.21921,1,10,0,FALLBACK,1.0000,0.100,1.0898,1,none
31.329,-1.40931,-1.22551,0.25287,1,10,0,FALLBACK,1.0000,0.100,1.0881,1,none
31.377,-1.31936,-0.95510,0.33050,0,10,0,FALLBACK,0.9684,0.100,1.0864,1,none
31.428,-1.19864,-0.81536,0.22084,1,10,0,FALLBACK,0.8537,0.100,1.0851,1,none
31.477,-1.04953,-0.55863,0.18235,1,10,0,FALLBACK,0.7121,0.100,1.0851,1,none
31.528,-0.87760,-0.40445,0.18122,1,10,0,FALLBACK,0.5487,0.100,1.0868,1,none
31.579,-0.68802,-0.17362,0.17455,1,10,0,FALLBACK,0.3686,0.100,1.0891,1,none
31.627,-0.48588,-0.01853,0.14837,1,10,0,FALLBACK,0.1766,0.100,1.0918,1,none
31.679,-0.27617,-0.03317,0.10061,1,10,0,FALLBACK,-0.0226,0.100,1.0940,1,none
31.729,-0.06327,0.25852,0.18248,1,10,0,FALLBACK,-0.2249,0.100,1.0963,1,none
31.780,0.14437,0.53253,0.27644,1,10,0,FALLBACK,-0.4222,0.100,1.0974,1,none
31.830,0.34168,0.86572,0.21006,1,10,0,FALLBACK,-0.6096,0.100,1.0984,1,none
31.880,0.52396,1.25689,0.24977,1,10,0,FALLBACK,-0.7828,0.100,1.0978,1,none
31.930,0.68618,1.01468,0.21729,1,10,0,FALLBACK,-0.9369,0.100,1.0960,1,none
31.979,0.81886,0.96762,0.19513,1,10,0,FALLBACK,-1.0000,0.100,1.0926,1,none
32.030,0.91796,1.16774,0.19482,1,10,0,FALLBACK,-1.0000,0.100,1.0883,1,none
32.080,0.98269,1.35688,0.15587,1,10,0,FALLBACK,-1.0000,0.100,1.0852,1,none
32.130,1.01489,0.94749,0.15710,1,10,0,FALLBACK,-1.0000,0.100,1.0835,1,none
32.179,1.01533,0.98885,0.29454,0,10,0,FALLBACK,-1.0000,0.100,1.0819,1,none
32.229,0.98417,0.65336,0.20090,1,10,0,FALLBACK,-1.0000,0.100,1.0804,1,none
32.281,0.92168,0.65267,0.13561,1,10,0,FALLBACK,-1.0000,0.100,1.0789,1,none
32.328,0.82835,0.85253,0.24345,1,10,0,FALLBACK,-1.0000,0.100,1.0774,1,none
32.364,0.70478,0.41742,0.16104,1,10,0,FALLBACK,-0.9545,0.100,1.0759,1,none
32.413,0.55184,0.29742,0.17370,1,10,0,FALLBACK,-0.8092,0.100,1.0750,1,none
32.463,0.37451,0.13243,0.15264,1,10,0,FALLBACK,-0.6408,0.100,1.0768,1,none
32.514,0.25894,-0.13725,0.12273,1,10,0,FALLBACK,-0.5310,0.100,1.0783,1,none
32.565,-0.04479,-0.43286,0.20973,1,10,0,FALLBACK,-0.2424,0.100,1.0812,1,none
32.615,-0.35547,-0.97084,0.23953,1,10,0,FALLBACK,0.0527,0.100,1.0838,1,none
32.665,-0.66468,-1.20931,0.19089,1,10,0,FALLBACK,0.3464,0.100,1.0852,1,none
32.714,-0.96485,-1.15818,0.25009,1,10,0,FALLBACK,0.6316,0.100,1.0845,1,none
32.764,-1.24777,-1.33316,0.27975,1,10,0,FALLBACK,0.9004,0.100,1.0814,1,none
32.818,-1.35114,-1.69025,0.33736,0,10,0,FALLBACK,0.9986,0.100,1.0759,1,none
32.868,-1.66727,-1.89900,0.24737,1,10,0,FALLBACK,1.0000,0.100,1.0741,1,none
32.916,-1.96054,-2.05692,0.59944,0,10,0,FALLBACK,1.0000,0.100,1.0709,1,none
32.966,-2.22831,-2.38723,0.27515,1,10,0,FALLBACK,1.0000,0.100,1.0693,1,none
33.016,-2.47087,-2.84140,0.45724,0,10,0,FALLBACK,1.0000,0.100,1.0679,1,none
33.063,-2.68713,-2.77826,0.46643,0,10,0,FALLBACK,1.0000,0.100,1.0666,1,none
33.115,-2.87604,-2.84909,0.50074,0,10,0,FALLBACK,1.0000,0.100,1.0654,1,none
33.167,-2.83780,-3.00253,0.46687,0,10,0,FALLBACK,1.0000,0.100,1.0641,1,none
33.215,-3.07258,-3.34262,0.48555,0,10,0,FALLBACK,1.0000,0.100,1.0629,1,none
33.265,-3.28103,-3.47145,0.39999,0,10,0,FALLBACK,1.0000,0.100,1.0617,1,none
33.314,-3.46215,-3.51214,0.53597,0,10,0,FALLBACK,1.0000,0.100,1.0605,1,none
33.366,-3.61511,-3.54031,0.67699,0,10,0,FALLBACK,1.0000,0.100,1.0593,1,none
33.417,-3.73920,-3.91382,0.63017,0,10,0,FALLBACK,1.0000,0.100,1.0582,1,none
33.467,-3.83389,-4.11335,0.54716,0,10,0,FALLBACK,1.0000,0.100,1.0570,1,none
33.516,-3.65051,-3.91129,0.61376,0,10,0,FALLBACK,1.0000,0.100,1.0559,1,none
33.566,-3.79628,-3.98408,0.67446,0,10,0,FALLBACK,1.0000,0.100,1.0549,1,none
33.617,-3.91330,-4.06841,0.64634,0,10,0,FALLBACK,1.0000,0.100,1.0538,1,none
33.667,-4.00104,-4.16518,0.46392,0,10,0,FALLBACK,1.0000,0.100,1.0527,1,none
33.715,-4.05916,-4.37182,0.68197,0,10,0,FALLBACK,1.0000,0.100,1.0517,1,none
33.767,-4.08742,-3.78476,0.55952,0,10,0,FALLBACK,1.0000,0.100,1.0507,1,none
33.819,-4.08580,-3.42441,0.56377,0,10,0,FALLBACK,1.0000,0.100,1.0497,1,none
33.867,-3.76160,-4.31069,0.72905,0,10,0,FALLBACK,1.0000,0.100,1.0488,1,none
33.917,-3.81345,-4.03072,0.55416,0,10,0,FALLBACK,1.0000,0.100,1.0478,1,none
33.968,-3.83565,-3.53808,0.84408,0,10,0,FALLBACK,1.0000,0.100,1.0469,1,none
34.016,-3.82817,-3.86471,0.79511,0,10,0,FALLBACK,1.0000,0.100,1.0460,1,none
34.065,-3.79110,-3.80121,0.73676,0,10,0,FALLBACK,1.0000,0.100,1.0451,1,none
34.118,-3.72473,-3.68592,0.67129,0,10,0,FALLBACK,1.0000,0.100,1.0442,1,none
34.166,-3.62946,-3.14359,0.46545,0,10,0,FALLBACK,1.0000,0.100,1.0433,1,none
34.216,-3.50584,-3.50117,0.58542,0,10,0,FALLBACK,1.0000,0.100,1.0424,1,none
34.269,-3.14189,-3.08974,0.37586,0,10,0,FALLBACK,1.0000,0.100,1.0416,1,none
34.318,-3.07057,-2.95147,0.51696,0,10,0,FALLBACK,1.0000,0.100,1.0408,1,none
34.368,-2.97063,-3.32529,0.53942,0,10,0,FALLBACK,1.0000,0.100,1.0400,1,none
34.418,-2.84261,-2.99770,0.59090,0,10,0,FALLBACK,1.0000,0.100,1.0392,1,none
34.468,-2.68720,-2.16846,0.32574,0,10,0,FALLBACK,1.0000,0.100,1.0384,1,none
34.521,-2.50525,-2.23883,0.41888,0,10,0,FALLBACK,1.0000,0.100,1.0376,1,none
34.568,-2.29771,-2.04974,0.40644,0,10,0,FALLBACK,1.0000,0.100,1.0369,1,none
34.618,-1.84125,-2.12967,0.41644,0,10,0,FALLBACK,1.0000,0.100,1.0361,1,none
34.670,-1.68206,-1.58522,0.40512,0,10,0,FALLBACK,1.0000,0.100,1.0354,1,none
34.718,-1.49660,-1.05583,0.16999,1,10,0,FALLBACK,1.0000,0.100,1.0347,1,none
34.770,-1.28585,-0.81454,0.21085,1,10,0,FALLBACK,0.9366,0.100,1.0340,1,none
34.819,-1.05126,-0.43108,0.20054,1,10,0,FALLBACK,0.7137,0.100,1.0342,1,none
34.869,-0.79620,-0.24869,0.15808,1,10,0,FALLBACK,0.4714,0.100,1.0360,1,none
34.918,-0.52832,0.14631,0.12944,1,10,0,FALLBACK,0.2169,0.100,1.0397,1,none
34.971,-0.25510,0.49767,0.15118,1,10,0,FALLBACK,-0.0427,0.100,1.0430,1,none
35.021,0.11590,0.82770,0.19685,1,10,0,FALLBACK,-0.3951,0.100,1.0453,1,none
35.070,0.28665,0.92198,0.16263,1,10,0,FALLBACK,-0.5573,0.100,1.0461,1,none
35.120,0.43888,1.18801,0.16764,1,10,0,FALLBACK,-0.7019,0.100,1.0453,1,none
35.170,0.56929,0.66320,0.10520,1,10,0,FALLBACK,-0.8258,0.100,1.0439,1,none
35.220,0.67428,0.75557,0.14149,1,10,0,FALLBACK,-0.9256,0.100,1.0425,1,none
35.271,0.82420,0.84726,0.15427,1,10,0,FALLBACK,-1.0000,0.100,1.0422,1,none
35.321,0.76036,0.63494,0.12155,1,10,0,FALLBACK,-1.0000,0.100,1.0389,1,none
35.372,0.66497,0.42096,0.13350,1,10,0,FALLBACK,-0.9167,0.100,1.0376,1,none
35.422,0.54200,0.41666,0.14733,1,10,0,FALLBACK,-0.7999,0.100,1.0380,1,none
35.472,0.39647,0.27760,0.18307,1,10,0,FALLBACK,-0.6616,0.100,1.0398,1,none
35.523,0.23271,0.19227,0.15292,1,10,0,FALLBACK,-0.5061,0.100,1.0423,1,none
35.572,0.05503,0.18546,0.14718,1,10,0,FALLBACK,-0.3373,0.100,1.0451,1,none
35.623,-0.13213,-0.16386,0.11459,1,10,0,FALLBACK,-0.1595,0.100,1.0480,1,none
35.673,-0.32534,-0.12230,0.26237,1,10,0,FALLBACK,0.0241,0.100,1.0504,1,none
35.722,-0.52016,-0.80132,0.21752,1,10,0,FALLBACK,0.2091,0.100,1.0526,1,none
35.775,-0.70843,-0.98921,0.21924,1,10,0,FALLBACK,0.3880,0.100,1.0540,1,none
35.822,-0.88588,-1.04246,0.14699,1,10,0,FALLBACK,0.5566,0.100,1.0545,1,none
35.872,-1.04710,-1.20305,0.23166,1,10,0,FALLBACK,0.7097,0.100,1.0541,1,none
35.924,-1.18698,-1.28262,0.25338,1,10,0,FALLBACK,0.8426,0.100,1.0528,1,none
35.973,-1.30102,-1.25123,0.21017,1,10,0,FALLBACK,0.9510,0.100,1.0509,1,none
36.025,-1.38555,-1.18434,0.26207,1,10,0,FALLBACK,1.0000,0.100,1.0484,1,none
36.072,-1.43833,-0.98798,0.27249,1,10,0,FALLBACK,1.0000,0.100,1.0463,1,none
36.124,-1.45990,-0.00936,0.61059,0,10,0,FALLBACK,1.0000,0.100,1.0450,1,none
36.175,-1.45174,-0.18828,0.51715,0,10,0,FALLBACK,1.0000,0.100,1.0441,1,none
36.239,-1.41414,0.34552,1.09102,0,10,0,FALLBACK,1.0000,0.100,1.0433,1,none
36.275,-1.34733,1.96276,0.24571,1,10,0,FALLBACK,0.9950,0.100,1.0424,1,none
36.325,-1.25176,1.69602,0.20089,1,10,0,FALLBACK,0.9042,0.100,1.0416,1,none
36.375,-1.12891,1.78879,0.38820,0,10,0,FALLBACK,0.7875,0.100,1.0422,1,none
36.425,-0.98372,1.08867,0.26966,1,10,0,FALLBACK,0.6495,0.100,1.0440,1,none
36.477,-0.82042,1.16013,0.25488,1,10,0,FALLBACK,0.4944,0.100,1.0465,1,none
36.526,-0.64330,2.68184,0.47932,0,10,0,FALLBACK,0.3261,0.100,1.0494,1,none
36.575,-0.45566,3.02513,0.76574,0,10,0,FALLBACK,0.1479,0.100,1.0517,1,none
36.625,-0.26168,-2.44485,1.92559,0,10,0,FALLBACK,-0.0364,0.100,1.0548,1,none
36.673,-0.06926,2.13098,0.64852,0,10,0,FALLBACK,-0.2192,0.100,1.0570,1,none
36.727,0.11744,3.72590,1.00366,0,10,0,FALLBACK,-0.3966,0.100,1.0584,1,none
36.775,0.29458,4.01303,0.81137,0,10,0,FALLBACK,-0.5649,0.100,1.0602,1,none
36.825,0.45702,4.85427,1.01707,0,10,0,FALLBACK,-0.7192,0.100,1.0587,1,none
36.873,0.59641,5.33803,0.64997,0,10,0,FALLBACK,-0.8516,0.100,1.0573,1,none
36.925,0.70947,4.53702,0.77163,0,10,0,FALLBACK,-0.9590,0.100,1.0554,1,none
36.977,0.79363,4.01859,0.64216,0,10,0,FALLBACK,-1.0000,0.100,1.0547,1,none
37.025,0.84690,3.90739,0.61828,0,10,0,FALLBACK,-1.0000,0.100,1.0512,1,none
37.075,0.86795,4.10398,0.69953,0,10,0,FALLBACK,-1.0000,0.100,1.0499,1,none
37.124,0.85904,4.13850,0.76333,0,10,0,FALLBACK,-1.0000,0.100,1.0489,1,none
37.175,0.82046,3.46812,0.65721,0,10,0,FALLBACK,-1.0000,0.100,1.0480,1,none
37.226,0.75247,3.53160,0.58930,0,10,0,FALLBACK,-0.9998,0.100,1.0471,1,none
37.276,0.65548,1.32366,0.32029,0,10,0,FALLBACK,-0.9077,0.100,1.0462,1,none
37.327,0.53078,1.76406,0.48522,0,10,0,FALLBACK,-0.7892,0.100,1.0466,1,none
37.376,0.38354,1.34730,0.40555,0,10,0,FALLBACK,-0.6494,0.100,1.0483,1,none
37.428,0.21809,1.18360,0.41880,0,10,0,FALLBACK,-0.4922,0.100,1.0508,1,none
37.476,0.03878,0.58511,0.34300,0,10,0,FALLBACK,-0.3218,0.100,1.0535,1,none
37.527,-0.14980,-0.66195,0.22868,1,10,0,FALLBACK,-0.1427,0.100,1.0564,1,none
37.577,-0.34384,-0.83033,0.15384,1,10,0,FALLBACK,0.0416,0.100,1.0589,1,none
37.626,-0.53763,-1.04574,0.23515,1,10,0,FALLBACK,0.2258,0.100,1.0608,1,none
37.676,-0.72517,-1.16500,0.21390,1,10,0,FALLBACK,0.4039,0.100,1.0620,1,none
37.725,-0.90131,-1.44390,0.34120,0,10,0,FALLBACK,0.5712,0.100,1.0623,1,none
37.777,-1.06055,-1.43145,0.23150,1,10,0,FALLBACK,0.7225,0.100,1.0617,1,none
37.827,-1.19773,-1.29886,0.27043,1,10,0,FALLBACK,0.8528,0.100,1.0603,1,none
37.877,-1.30962,-1.16893,0.31602,0,10,0,FALLBACK,0.9591,0.100,1.0601,1,none
37.927,-1.39387,-0.89128,0.80466,0,10,0,FALLBACK,1.0000,0.100,1.0577,1,none
37.977,-1.44613,-1.33235,0.82434,0,10,0,FALLBACK,1.0000,0.100,1.0542,1,none
38.027,-1.37660,-0.95434,0.81280,0,10,0,FALLBACK,1.0000,0.100,1.0526,1,none
38.077,-1.43927,-1.04452,0.55733,0,10,0,FALLBACK,1.0000,0.100,1.0516,1,none
38.129,-1.47216,-1.26238,0.38694,0,10,0,FALLBACK,1.0000,0.100,1.0506,1,none
38.177,-1.47516,-1.48121,0.38855,0,10,0,FALLBACK,1.0000,0.100,1.0496,1,none
38.227,-1.44836,-1.14750,0.23277,1,10,0,FALLBACK,1.0000,0.100,1.0486,1,none
38.279,-1.27526,-1.82053,0.46116,0,10,0,FALLBACK,0.9265,0.100,1.0477,1,none
38.328,-1.26214,-1.91954,0.36388,0,10,0,FALLBACK,0.9140,0.100,1.0474,1,none
38.380,-1.22315,-1.17381,0.24186,1,10,0,FALLBACK,0.8770,0.100,1.0478,1,none
38.429,-1.15784,-0.97567,0.19661,1,10,0,FALLBACK,0.8149,0.100,1.0481,1,none
38.477,-1.06771,-0.97422,0.20977,1,10,0,FALLBACK,0.7293,0.100,1.0484,1,none
38.529,-0.95489,-1.22470,0.28441,1,10,0,FALLBACK,0.6221,0.100,1.0503,1,none
38.578,-0.75470,-1.08580,0.26753,1,10,0,FALLBACK,0.4320,0.100,1.0524,1,none
38.628,-0.67888,-0.53092,0.17802,1,10,0,FALLBACK,0.3599,0.100,1.0551,1,none
38.678,-0.59417,-0.33013,0.27354,1,10,0,FALLBACK,0.2795,0.100,1.0579,1,none
38.729,-0.50089,-0.40906,0.18411,1,10,0,FALLBACK,0.1908,0.100,1.0603,1,none
38.779,-0.40071,-0.22011,0.15857,1,10,0,FALLBACK,0.0957,0.100,1.0625,1,none
38.830,-0.22249,-0.41005,0.20558,1,10,0,FALLBACK,-0.0736,0.100,1.0649,1,none
38.878,-0.19041,-0.32853,0.27512,1,10,0,FALLBACK,-0.1041,0.100,1.0670,1,none
38.929,-0.16398,-0.07404,0.22873,1,10,0,FALLBACK,-0.1292,0.100,1.0688,1,none
38.980,-0.14204,0.18568,0.19593,1,10,0,FALLBACK,-0.1501,0.100,1.0708,1,none
39.031,-0.12472,0.10495,0.21234,1,10,0,FALLBACK,-0.1665,0.100,1.0727,1,none
39.081,-0.05806,-0.21652,0.14014,1,10,0,FALLBACK,-0.2298,0.100,1.0745,1,none
39.130,-0.12641,-0.56249,0.21313,1,10,0,FALLBACK,-0.1649,0.100,1.0764,1,none
39.182,-0.20252,-1.70473,0.46805,0,10,0,FALLBACK,-0.0926,0.100,1.0780,1,none
39.215,-0.28346,-1.07973,0.25028,1,10,0,FALLBACK,-0.0157,0.100,1.0800,1,none
39.264,-0.36486,-0.94621,0.21979,1,10,0,FALLBACK,0.0616,0.100,1.0820,1,none
39.315,-0.40324,-1.17639,0.22204,1,10,0,FALLBACK,0.0981,0.100,1.0837,1,none
39.364,-0.55203,-1.33749,0.26932,1,10,0,FALLBACK,0.2394,0.100,1.0855,1,none
39.415,-0.69511,-1.94483,0.57650,0,10,0,FALLBACK,0.3754,0.100,1.0865,1,none
39.464,-0.82584,-1.44360,0.30517,0,10,0,FALLBACK,0.4995,0.100,1.0869,1,none
39.512,-0.93995,-1.66989,0.33630,0,10,0,FALLBACK,0.6080,0.100,1.0867,1,none
39.563,-0.98596,-1.55464,0.29990,0,10,0,FALLBACK,0.6517,0.100,1.0867,1,none
39.613,-1.13212,-1.31399,0.30384,0,10,0,FALLBACK,0.7905,0.100,1.0860,1,none
39.663,-1.25414,-1.46891,0.30967,0,10,0,FALLBACK,0.9064,0.100,1.0840,1,none
39.714,-1.34603,-1.62958,0.29285,0,10,0,FALLBACK,0.9937,0.100,1.0810,1,none
39.764,-1.40630,-1.75949,0.27023,1,10,0,FALLBACK,1.0000,0.100,1.0787,1,none
39.816,-1.43296,-2.10061,0.30414,0,10,0,FALLBACK,1.0000,0.100,1.0761,1,none
39.866,-1.42755,-2.05933,0.36158,0,10,0,FALLBACK,1.0000,0.100,1.0746,1,none
39.915,-1.39093,-2.34647,0.51254,0,10,0,FALLBACK,1.0000,0.100,1.0732,1,none
39.966,-1.32342,-2.16561,0.43789,0,10,0,FALLBACK,0.9723,0.100,1.0718,1,none
40.015,-1.22554,-2.04849,0.36438,0,10,0,FALLBACK,0.8793,0.100,1.0707,1,none
40.069,-1.10071,-1.64818,0.37529,0,10,0,FALLBACK,0.7607,0.100,1.0715,1,none
40.117,-0.95225,-1.50221,0.32516,0,10,0,FALLBACK,0.6196,0.100,1.0724,1,none
40.166,-0.78485,-1.08416,0.30017,0,10,0,FALLBACK,0.4606,0.100,1.0749,1,none
40.217,-0.60385,-0.54820,0.27345,1,10,0,FALLBACK,0.2887,0.100,1.0776,1,none
40.267,-0.46359,-0.12527,0.44692,0,10,0,FALLBACK,0.1554,0.100,1.0802,1,none
40.319,-0.23628,0.40671,0.41872,0,10,0,FALLBACK,-0.0605,0.100,1.0826,1,none
40.368,-0.00838,1.15165,0.43500,0,10,0,FALLBACK,-0.2770,0.100,1.0843,1,none
40.418,0.21402,1.20404,0.59056,0,10,0,FALLBACK,-0.4883,0.100,1.0855,1,none
40.468,0.42309,-0.20459,0.65416,0,10,0,FALLBACK,-0.6869,0.100,1.0844,1,none
40.520,0.61123,-0.71072,0.60082,0,10,0,FALLBACK,-0.8657,0.100,1.0824,1,none
40.570,0.74609,0.13682,0.72998,0,10,0,FALLBACK,-0.9938,0.100,1.0792,1,none
40.620,0.91171,0.79841,0.30434,0,10,0,FALLBACK,-1.0000,0.100,1.0778,1,none
40.669,1.04543,0.56971,0.35892,0,10,0,FALLBACK,-1.0000,0.100,1.0737,1,none
40.722,1.14724,0.78409,0.18943,1,10,0,FALLBACK,-1.0000,0.100,1.0721,1,none
40.771,1.21847,1.31252,0.28258,1,10,0,FALLBACK,-1.0000,0.100,1.0708,1,none
40.821,1.23078,1.03548,0.24475,1,10,0,FALLBACK,-1.0000,0.100,1.0694,1,none
40.872,1.27742,1.08618,0.41345,0,10,0,FALLBACK,-1.0000,0.100,1.0681,1,none
40.920,1.29325,1.66117,0.37212,0,10,0,FALLBACK,-1.0000,0.100,1.0669,1,none
40.971,1.27831,3.27636,0.84199,0,10,0,FALLBACK,-1.0000,0.100,1.0656,1,none
41.021,1.23276,2.78978,0.54793,0,10,0,FALLBACK,-1.0000,0.100,1.0644,1,none
41.071,1.12984,3.15345,0.50154,0,10,0,FALLBACK,-1.0000,0.100,1.0632,1,none
41.122,1.06047,3.32681,0.53270,0,10,0,FALLBACK,-1.0000,0.100,1.0620,1,none
41.172,0.96131,2.96797,0.43061,0,10,0,FALLBACK,-1.0000,0.100,1.0608,1,none
41.222,0.83297,2.09054,0.32217,0,10,0,FALLBACK,-1.0000,0.100,1.0597,1,none
41.274,0.67618,1.02112,0.17830,1,10,0,FALLBACK,-0.9274,0.100,1.0585,1,none
41.323,0.45965,1.34721,0.25494,1,10,0,FALLBACK,-0.7217,0.100,1.0585,1,none
41.372,0.28529,0.49256,0.18483,1,10,0,FALLBACK,-0.5560,0.100,1.0584,1,none
41.422,0.09408,0.15159,0.15318,1,10,0,FALLBACK,-0.3744,0.100,1.0628,1,none
41.472,-0.10721,-0.29187,0.20284,1,10,0,FALLBACK,-0.1832,0.100,1.0656,1,none
41.522,-0.31447,-0.66376,0.23327,1,10,0,FALLBACK,0.0138,0.100,1.0682,1,none
41.574,-0.56411,-0.89599,0.17923,1,10,0,FALLBACK,0.2509,0.100,1.0702,1,none
41.623,-0.73390,-1.08321,0.19092,1,10,0,FALLBACK,0.4122,0.100,1.0722,1,none
41.673,-0.89373,-1.02350,0.30826,0,10,0,FALLBACK,0.5640,0.100,1.0718,1,none
41.723,-1.03485,-1.23312,0.35400,0,10,0,FALLBACK,0.6981,0.100,1.0707,1,none
41.773,-1.15371,-1.53813,0.28756,0,10,0,FALLBACK,0.8110,0.100,1.0695,1,none
41.825,-1.28022,-1.80201,0.28921,0,10,0,FALLBACK,0.9312,0.100,1.0678,1,none
41.874,-1.30827,-1.56872,0.45956,0,10,0,FALLBACK,0.9579,0.100,1.0671,1,none
41.921,-1.30534,-1.70488,0.39988,0,10,0,FALLBACK,0.9551,0.100,1.0636,1,none
41.972,-1.27093,-1.44853,0.61432,0,10,0,FALLBACK,0.9224,0.100,1.0624,1,none
42.022,-1.20777,-1.34835,0.35480,0,10,0,FALLBACK,0.8624,0.100,1.0621,1,none
42.075,-1.13316,-1.15088,0.22335,1,10,0,FALLBACK,0.7915,0.100,1.0625,1,none
42.124,-0.98465,-1.10699,0.26869,1,10,0,FALLBACK,0.6504,0.100,1.0636,1,none
42.174,-0.81611,-0.82025,0.16237,1,10,0,FALLBACK,0.4903,0.100,1.0656,1,none
42.226,-0.63307,-0.20107,0.14069,1,10,0,FALLBACK,0.3164,0.100,1.0683,1,none
42.274,-0.48711,0.10861,0.20050,1,10,0,FALLBACK,0.1778,0.100,1.0704,1,none
42.325,-0.25434,0.85741,0.40500,0,10,0,FALLBACK,-0.0434,0.100,1.0733,1,none
42.374,-0.02005,2.51500,0.47959,0,10,0,FALLBACK,-0.2660,0.100,1.0756,1,none
42.425,0.20989,3.12635,0.50191,0,10,0,FALLBACK,-0.4844,0.100,1.0759,1,none
42.474,0.42524,2.28068,0.37087,0,10,0,FALLBACK,-0.6890,0.100,1.0753,1,none
42.523,0.62047,2.14697,0.25795,1,10,0,FALLBACK,-0.8744,0.100,1.0734,1,none
42.577,0.76227,1.92405,0.24786,1,10,0,FALLBACK,-1.0000,0.100,1.0732,1,none
42.624,0.93743,1.23945,0.25417,1,10,0,FALLBACK,-1.0000,0.100,1.0671,1,none
42.675,1.07826,0.39877,0.30392,0,10,0,FALLBACK,-1.0000,0.100,1.0649,1,none
42.725,1.18925,0.12162,0.15330,1,10,0,FALLBACK,-1.0000,0.100,1.0637,1,none
42.775,1.27035,0.28483,0.28441,1,10,0,FALLBACK,-1.0000,0.100,1.0625,1,none
42.826,1.28799,0.72219,0.38419,0,10,0,FALLBACK,-1.0000,0.100,1.0613,1,none
42.874,1.34526,1.39743,0.26992,1,10,0,FALLBACK,-1.0000,0.100,1.0601,1,none
42.925,1.37223,2.09287,0.28872,0,10,0,FALLBACK,-1.0000,0.100,1.0590,1,none
42.974,1.36887,1.93960,0.26241,1,10,0,FALLBACK,-1.0000,0.100,1.0579,1,none
43.026,1.33529,1.44989,0.28250,1,10,0,FALLBACK,-1.0000,0.100,1.0568,1,none
43.076,1.23764,1.71989,0.22865,1,10,0,FALLBACK,-1.0000,0.100,1.0557,1,none
43.124,1.18072,1.74460,0.20475,1,10,0,FALLBACK,-1.0000,0.100,1.0547,1,none
43.175,1.09424,2.27219,0.33288,0,10,0,FALLBACK,-1.0000,0.100,1.0536,1,none
43.226,0.97870,2.12954,0.49993,0,10,0,FALLBACK,-1.0000,0.100,1.0526,1,none
43.276,0.83478,1.26116,0.33617,0,10,0,FALLBACK,-1.0000,0.100,1.0516,1,none
43.325,0.62289,1.65675,0.41687,0,10,0,FALLBACK,-0.8767,0.100,1.0506,1,none
43.375,0.45865,2.19003,0.54556,0,10,0,FALLBACK,-0.7207,0.100,1.0513,1,none
43.426,0.27302,2.11869,0.58277,0,10,0,FALLBACK,-0.5444,0.100,1.0520,1,none
43.475,0.07083,1.23618,0.59173,0,10,0,FALLBACK,-0.3523,0.100,1.0560,1,none
43.527,-0.14014,0.84348,0.56063,0,10,0,FALLBACK,-0.1519,0.100,1.0590,1,none
43.577,-0.41045,-0.70309,0.22979,1,10,0,FALLBACK,0.1049,0.100,1.0613,1,none
43.627,-0.59703,-0.92240,0.16499,1,10,0,FALLBACK,0.2822,0.100,1.0634,1,none
43.676,-0.77340,-1.08136,0.21404,1,10,0,FALLBACK,0.4497,0.100,1.0638,1,none
43.726,-0.93597,-1.31231,0.23024,1,10,0,FALLBACK,0.6042,0.100,1.0639,1,none
43.778,-1.08033,-1.39548,0.23368,1,10,0,FALLBACK,0.7413,0.100,1.0632,1,none
43.825,-1.20305,-1.50837,0.32284,0,10,0,FALLBACK,0.8579,0.100,1.0636,1,none
43.876,-1.31383,-1.45162,0.27049,1,10,0,FALLBACK,0.9631,0.100,1.0601,1,none
43.926,-1.34306,-1.45393,0.24910,1,10,0,FALLBACK,0.9909,0.100,1.0573,1,none
43.977,-1.33994,-1.41427,0.22988,1,10,0,FALLBACK,0.9879,0.100,1.0555,1,none
44.028,-1.30599,-1.22446,0.21821,1,10,0,FALLBACK,0.9557,0.100,1.0542,1,none
44.077,-1.24250,-1.04499,0.20567,1,10,0,FALLBACK,0.8954,0.100,1.0536,1,none
44.125,-1.15151,-0.90291,0.18487,1,10,0,FALLBACK,0.8089,0.100,1.0532,1,none
44.177,-1.03540,-0.97019,0.15078,1,10,0,FALLBACK,0.6986,0.100,1.0547,1,none
44.227,-0.89823,-0.60938,0.22342,1,10,0,FALLBACK,0.5683,0.100,1.0558,1,none
44.279,-0.74269,-0.60532,0.18467,1,10,0,FALLBACK,0.4206,0.100,1.0588,1,none
44.329,-0.57419,-0.33198,0.14345,1,10,0,FALLBACK,0.2605,0.100,1.0609,1,none
44.378,-0.39553,-0.47463,0.21241,1,10,0,FALLBACK,0.0908,0.100,1.0641,1,none
44.429,-0.21303,-0.27651,0.19335,1,10,0,FALLBACK,-0.0826,0.100,1.0666,1,none
44.479,-0.02983,0.02250,0.08855,1,10,0,FALLBACK,-0.2567,0.100,1.0687,1,none
44.531,0.14678,0.19277,0.15283,1,10,0,FALLBACK,-0.4244,0.100,1.0700,1,none
44.580,0.31251,0.31150,0.18350,1,10,0,FALLBACK,-0.5819,0.100,1.0713,1,none
44.631,0.46319,0.36193,0.21877,1,10,0,FALLBACK,-0.7250,0.100,1.0702,1,none
44.679,0.59136,0.41121,0.25612,1,10,0,FALLBACK,-0.8468,0.100,1.0690,1,none
44.730,0.69345,0.88302,0.34436,0,10,0,FALLBACK,-0.9438,0.100,1.0671,1,none
44.781,0.76593,0.38101,0.32439,0,10,0,FALLBACK,-1.0000,0.100,1.0647,1,none
44.829,0.80656,0.88419,0.30927,0,10,0,FALLBACK,-1.0000,0.100,1.0629,1,none
44.880,0.81530,0.91612,0.28600,0,10,0,FALLBACK,-1.0000,0.100,1.0606,1,none
44.929,0.79292,0.88249,0.45675,0,10,0,FALLBACK,-1.0000,0.100,1.0594,1,none
44.978,0.74034,0.50844,0.32188,0,10,0,FALLBACK,-0.9883,0.100,1.0583,1,none
45.012,0.65794,0.16671,0.40992,0,10,0,FALLBACK,-0.9100,0.100,1.0572,1,none
45.066,0.54780,0.85516,0.42759,0,10,0,FALLBACK,-0.8054,0.100,1.0578,1,none
45.115,0.41482,0.36126,0.39067,0,10,0,FALLBACK,-0.6791,0.100,1.0594,1,none
45.164,0.26285,0.03728,0.31225,0,10,0,FALLBACK,-0.5347,0.100,1.0616,1,none
45.216,0.09423,-0.05319,0.25477,1,10,0,FALLBACK,-0.3745,0.100,1.0635,1,none
45.265,-0.08490,-0.63607,0.40083,0,10,0,FALLBACK,-0.2043,0.100,1.0666,1,none
45.316,-0.16382,-0.89878,0.30253,0,10,0,FALLBACK,-0.1294,0.100,1.0691,1,none
45.367,-0.44327,-0.59809,0.44163,0,10,0,FALLBACK,0.1361,0.100,1.0713,1,none
45.416,-0.72473,-0.58834,0.55749,0,10,0,FALLBACK,0.4035,0.100,1.0729,1,none
45.466,-0.99546,-2.06695,0.38122,0,10,0,FALLBACK,0.6607,0.100,1.0716,1,none
45.514,-1.24653,-1.12855,0.30267,0,10,0,FALLBACK,0.8992,0.100,1.0688,1,none
45.567,-1.47088,-0.40727,0.23182,1,10,0,FALLBACK,1.0000,0.100,1.0640,1,none
45.616,-1.51343,-0.96572,0.64589,0,10,0,FALLBACK,1.0000,0.100,1.0604,1,none
45.664,-1.77096,-3.62954,0.47789,0,10,0,FALLBACK,1.0000,0.100,1.0588,1,none
45.715,-2.00337,-3.13224,0.47648,0,10,0,FALLBACK,1.0000,0.100,1.0576,1,none
45.766,-2.20970,-2.98187,0.43662,0,10,0,FALLBACK,1.0000,0.100,1.0565,1,none
45.818,-2.38894,-3.02258,0.47479,0,10,0,FALLBACK,1.0000,0.100,1.0554,1,none
45.867,-2.54027,-3.66530,0.56376,0,10,0,FALLBACK,1.0000,0.100,1.0543,1,none
45.915,-2.43099,-3.41496,0.56642,0,10,0,FALLBACK,1.0000,0.100,1.0533,1,none
45.966,-2.62742,-2.92343,0.86252,0,10,0,FALLBACK,1.0000,0.100,1.0522,1,none
46.017,-2.79669,-3.87194,0.81645,0,10,0,FALLBACK,1.0000,0.100,1.0512,1,none
46.067,-2.93800,-4.29031,0.62783,0,10,0,FALLBACK,1.0000,0.100,1.0502,1,none
46.117,-3.05071,-3.34758,0.57787,0,10,0,FALLBACK,1.0000,0.100,1.0493,1,none
46.168,-3.13436,-4.19783,0.80366,0,10,0,FALLBACK,1.0000,0.100,1.0483,1,none
46.218,-3.18860,-3.79795,0.82100,0,10,0,FALLBACK,1.0000,0.100,1.0473,1,none
46.267,-2.99494,-4.16233,0.59725,0,10,0,FALLBACK,1.0000,0.100,1.0464,1,none
46.318,-3.09812,-3.65742,0.59534,0,10,0,FALLBACK,1.0000,0.100,1.0455,1,none
46.369,-3.17230,-2.97316,0.41641,0,10,0,FALLBACK,1.0000,0.100,1.0446,1,none
46.421,-3.21717,-3.26916,0.42724,0,10,0,FALLBACK,1.0000,0.100,1.0437,1,none
46.467,-3.23260,-3.46899,0.57356,0,10,0,FALLBACK,1.0000,0.100,1.0429,1,none
46.520,-3.21856,-3.33558,0.64476,0,10,0,FALLBACK,1.0000,0.100,1.0420,1,none
46.568,-3.17520,-3.08856,0.69213,0,10,0,FALLBACK,1.0000,0.100,1.0412,1,none
46.619,-2.90560,-3.31796,0.62437,0,10,0,FALLBACK,1.0000,0.100,1.0404,1,none
46.670,-2.91226,-3.11806,0.46570,0,10,0,FALLBACK,1.0000,0.100,1.0396,1,none
46.720,-2.88967,-3.22679,0.57979,0,10,0,FALLBACK,1.0000,0.100,1.0388,1,none
46.769,-2.83801,-2.59576,0.47537,0,10,0,FALLBACK,1.0000,0.100,1.0380,1,none
46.819,-2.75758,-2.62544,0.58167,0,10,0,FALLBACK,1.0000,0.100,1.0373,1,none
46.870,-2.64883,-2.64069,0.95919,0,10,0,FALLBACK,1.0000,0.100,1.0365,1,none
46.919,-2.51239,-2.48024,0.38794,0,10,0,FALLBACK,1.0000,0.100,1.0358,1,none
46.971,-2.18399,-1.92752,0.56365,0,10,0,FALLBACK,1.0000,0.100,1.0351,1,none
47.021,-2.09590,-1.70678,0.38338,0,10,0,FALLBACK,1.0000,0.100,1.0344,1,none
47.069,-1.97979,-1.51388,0.25802,1,10,0,FALLBACK,1.0000,0.100,1.0337,1,none
47.120,-1.83632,-1.25195,0.25103,1,10,0,FALLBACK,1.0000,0.100,1.0330,1,none
47.171,-1.66622,-1.45593,0.31450,0,10,0,FALLBACK,1.0000,0.100,1.0323,1,none
47.220,-1.47037,-1.53581,0.26717,1,10,0,FALLBACK,1.0000,0.100,1.0317,1,none
47.272,-1.24980,-1.43160,0.32061,0,10,0,FALLBACK,0.9023,0.100,1.0310,1,none
47.321,-0.88870,-1.06331,0.20564,1,10,0,FALLBACK,0.5593,0.100,1.0317,1,none
47.369,-0.71986,-0.29885,0.25704,1,10,0,FALLBACK,0.3989,0.100,1.0346,1,none
47.423,-0.54403,-0.23626,0.19543,1,10,0,FALLBACK,0.2318,0.100,1.0388,1,none
47.473,-0.36230,0.05018,0.11040,1,10,0,FALLBACK,0.0592,0.100,1.0418,1,none
47.523,-0.17855,0.58922,0.53534,0,10,0,FALLBACK,-0.1154,0.100,1.0443,1,none
47.572,0.00245,0.67215,0.18231,1,10,0,FALLBACK,-0.2873,0.100,1.0463,1,none
47.622,0.25025,0.92413,0.20453,1,10,0,FALLBACK,-0.5227,0.100,1.0476,1,none
47.672,0.30428,0.88614,0.36902,0,10,0,FALLBACK,-0.5741,0.100,1.0471,1,none
47.721,0.33650,0.01152,0.30635,0,10,0,FALLBACK,-0.6047,0.100,1.0475,1,none
47.773,0.34947,0.00246,0.33693,0,10,0,FALLBACK,-0.6170,0.100,1.0484,1,none
47.824,0.34331,0.35690,0.33121,0,10,0,FALLBACK,-0.6111,0.100,1.0494,1,none
47.871,0.35010,0.70499,0.26867,1,10,0,FALLBACK,-0.6176,0.100,1.0506,1,none
47.925,0.19988,0.48067,0.36193,0,10,0,FALLBACK,-0.4749,0.100,1.0518,1,none
47.973,0.03307,1.07207,0.43429,0,10,0,FALLBACK,-0.3164,0.100,1.0538,1,none
48.023,-0.14345,-0.28688,0.19546,1,10,0,FALLBACK,-0.1487,0.100,1.0565,1,none
48.075,-0.32466,-0.52836,0.20948,1,10,0,FALLBACK,0.0234,0.100,1.0591,1,none
48.125,-0.50708,-0.84857,0.21606,1,10,0,FALLBACK,0.1967,0.100,1.0613,1,none
48.172,-0.68611,-0.85958,0.24518,1,10,0,FALLBACK,0.3668,0.100,1.0624,1,none
48.223,-0.85366,-0.96807,0.40147,0,10,0,FALLBACK,0.5260,0.100,1.0629,1,none
48.276,-1.00556,-1.60511,0.58643,0,10,0,FALLBACK,0.6703,0.100,1.0627,1,none
48.325,-1.13694,-1.71181,0.90061,0,10,0,FALLBACK,0.7951,0.100,1.0617,1,none
48.374,-1.24350,-2.22410,0.43668,0,10,0,FALLBACK,0.8963,0.100,1.0601,1,none
48.423,-1.32177,1.25309,1.79558,0,10,0,FALLBACK,0.9707,0.100,1.0580,1,none
48.475,-1.36933,-3.77234,0.67968,0,10,0,FALLBACK,1.0000,0.100,1.0558,1,none
48.525,-1.38507,-4.12149,0.68849,0,10,0,FALLBACK,1.0000,0.100,1.0539,1,none
48.577,-1.36973,-4.72055,0.92496,0,10,0,FALLBACK,1.0000,0.100,1.0526,1,none
48.625,-1.32440,-5.26736,0.96868,0,10,0,FALLBACK,0.9732,0.100,1.0516,1,none
48.677,-1.24972,-4.44432,0.96223,0,10,0,FALLBACK,0.9022,0.100,1.0510,1,none
48.726,-1.14784,-1.97031,0.60081,0,10,0,FALLBACK,0.8054,0.100,1.0514,1,none
48.776,-1.02235,-1.60425,0.44063,0,10,0,FALLBACK,0.6862,0.100,1.0528,1,none
48.828,-0.87699,-1.04391,0.35156,0,10,0,FALLBACK,0.5481,0.100,1.0549,1,none
48.877,-0.71476,-0.50831,0.25053,1,10,0,FALLBACK,0.3940,0.100,1.0564,1,none
48.928,-0.53859,0.04432,0.17891,1,10,0,FALLBACK,0.2267,0.100,1.0598,1,none
48.977,-0.35516,0.12183,0.13318,1,10,0,FALLBACK,0.0524,0.100,1.0626,1,none
49.028,-0.16863,-0.02386,0.09880,1,10,0,FALLBACK,-0.1248,0.100,1.0651,1,none
49.080,0.01599,0.09183,0.09198,1,10,0,FALLBACK,-0.3002,0.100,1.0670,1,none
49.128,0.19348,0.16063,0.16568,1,10,0,FALLBACK,-0.4688,0.100,1.0681,1,none
49.179,0.35837,0.13239,0.10787,1,10,0,FALLBACK,-0.6255,0.100,1.0684,1,none
49.230,0.50567,0.67860,0.18344,1,10,0,FALLBACK,-0.7654,0.100,1.0689,1,none
49.281,0.63151,0.66174,0.20284,1,10,0,FALLBACK,-0.8849,0.100,1.0665,1,none
49.331,0.72921,0.56901,0.19484,1,10,0,FALLBACK,-0.9777,0.100,1.0643,1,none
49.380,0.79626,-0.36588,0.41904,0,10,0,FALLBACK,-1.0000,0.100,1.0617,1,none
49.431,0.83061,-0.16940,0.22996,1,10,0,FALLBACK,-1.0000,0.100,1.0595,1,none
49.482,0.83350,-0.96883,0.57324,0,10,0,FALLBACK,-1.0000,0.100,1.0581,1,none
49.531,0.80601,-1.27518,0.42594,0,10,0,FALLBACK,-1.0000,0.100,1.0570,1,none
49.567,0.74850,-1.31385,0.37655,0,10,0,FALLBACK,-0.9961,0.100,1.0559,1,none
49.614,0.66137,-0.74599,0.58294,0,10,0,FALLBACK,-0.9133,0.100,1.0549,1,none
49.665,0.54548,-1.36422,0.35733,0,10,0,FALLBACK,-0.8032,0.100,1.0547,1,none
49.712,0.40677,-3.25650,0.86622,0,10,0,FALLBACK,-0.6714,0.100,1.0568,1,none
49.763,0.24989,-3.15719,0.71572,0,10,0,FALLBACK,-0.5224,0.100,1.0592,1,none
49.818,0.07878,-5.19727,1.02651,0,10,0,FALLBACK,-0.3598,0.100,1.0618,1,none
49.864,-0.10407,-3.61698,0.93952,0,10,0,FALLBACK,-0.1861,0.100,1.0641,1,none
49.914,-0.29213,-2.60865,0.65327,0,10,0,FALLBACK,-0.0075,0.100,1.0668,1,none
49.966,-0.47938,-0.25554,1.06024,0,10,0,FALLBACK,0.1704,0.100,1.0688,1,none
50.015,-0.66368,-1.30630,0.35016,0,10,0,FALLBACK,0.3455,0.100,1.0705,1,none
50.065,-0.83739,-0.28108,0.86728,0,10,0,FALLBACK,0.5105,0.100,1.0705,1,none
50.115,-0.99427,-1.16859,0.23375,1,10,0,FALLBACK,0.6596,0.100,1.0700,1,none
50.165,-1.12991,-1.26823,0.25775,1,10,0,FALLBACK,0.7884,0.100,1.0688,1,none
50.216,-1.23997,-1.33770,0.25657,1,10,0,FALLBACK,0.8930,0.100,1.0669,1,none
50.267,-1.32100,-1.53378,0.23628,1,10,0,FALLBACK,0.9699,0.100,1.0645,1,none
50.316,-1.37064,-1.43401,0.23952,1,10,0,FALLBACK,1.0000,0.100,1.0621,1,none
50.366,-1.38809,-1.34453,0.23221,1,10,0,FALLBACK,1.0000,0.100,1.0601,1,none
50.417,-1.37427,-1.29316,0.23034,1,10,0,FALLBACK,1.0000,0.100,1.0588,1,none
50.466,-1.33015,-1.17513,0.16808,1,10,0,FALLBACK,0.9786,0.100,1.0577,1,none
50.517,-1.25647,-1.06010,0.23874,1,10,0,FALLBACK,0.9086,0.100,1.0570,1,none
50.568,-1.06750,-1.27249,0.23776,1,10,0,FALLBACK,0.7291,0.100,1.0575,1,none
50.617,-1.02388,-0.97111,0.25559,1,10,0,FALLBACK,0.6877,0.100,1.0599,1,none
50.668,-0.96285,-0.83667,0.15535,1,10,0,FALLBACK,0.6297,0.100,1.0617,1,none
50.717,-0.88248,-0.72560,0.15482,1,10,0,FALLBACK,0.5534,0.100,1.0631,1,none
50.767,-0.78485,-0.79003,0.17598,1,10,0,FALLBACK,0.4606,0.100,1.0650,1,none
50.818,-0.56857,-0.74342,0.16893,1,10,0,FALLBACK,0.2551,0.100,1.0672,1,none
50.867,-0.52655,-0.46938,0.15419,1,10,0,FALLBACK,0.2152,0.100,1.0696,1,none
50.919,-0.48106,-0.29843,0.18184,1,10,0,FALLBACK,0.1720,0.100,1.0722,1,none
50.967,-0.43041,-0.20301,0.15775,1,10,0,FALLBACK,0.1239,0.100,1.0743,1,none
51.016,-0.37548,-0.22489,0.17370,1,10,0,FALLBACK,0.0717,0.100,1.0763,1,none
51.068,-0.22241,-0.24310,0.16195,1,10,0,FALLBACK,-0.0737,0.100,1.0784,1,none
51.116,-0.24737,-0.02670,0.09455,1,10,0,FALLBACK,-0.0500,0.100,1.0801,1,none
51.167,-0.27734,-0.01746,0.06885,1,10,0,FALLBACK,-0.0215,0.100,1.0820,1,none
51.218,-0.30869,-0.09179,0.11168,1,10,0,FALLBACK,0.0083,0.100,1.0839,1,none
51.268,-0.33996,-0.19111,0.07463,1,10,0,FALLBACK,0.0380,0.100,1.0858,1,none
51.319,-0.29458,-0.45238,0.12528,1,10,0,FALLBACK,-0.0052,0.100,1.0876,1,none
51.370,-0.40574,-0.36687,0.12308,1,10,0,FALLBACK,0.1005,0.100,1.0894,1,none
51.419,-0.51702,-0.54134,0.15704,1,10,0,FALLBACK,0.2062,0.100,1.0911,1,none
51.468,-0.62266,-0.57115,0.14636,1,10,0,FALLBACK,0.3065,0.100,1.0923,1,none
51.520,-0.71870,-0.88390,0.15411,1,10,0,FALLBACK,0.3978,0.100,1.0933,1,none
51.568,-0.72951,-1.03478,0.19363,1,10,0,FALLBACK,0.4080,0.100,1.0938,1,none
51.620,-0.87883,-1.17413,0.25451,1,10,0,FALLBACK,0.5499,0.100,1.0948,1,none
51.670,-1.01381,-0.97687,0.16435,1,10,0,FALLBACK,0.6781,0.100,1.0946,1,none
51.719,-1.12714,-1.22559,0.18227,1,10,0,FALLBACK,0.7858,0.100,1.0932,1,none
51.769,-1.21439,-1.17765,0.22135,1,10,0,FALLBACK,0.8687,0.100,1.0914,1,none
51.821,-1.18436,-1.41828,0.23314,1,10,0,FALLBACK,0.8401,0.100,1.0892,1,none
51.872,-1.29453,-1.50044,0.21020,1,10,0,FALLBACK,0.9448,0.100,1.0882,1,none
51.922,-1.37760,-1.45574,0.25466,1,10,0,FALLBACK,1.0000,0.100,1.0863,1,none
51.971,-1.42763,-1.21145,0.22303,1,10,0,FALLBACK,1.0000,0.100,1.0834,1,none
52.019,-1.44410,-1.43523,0.23057,1,10,0,FALLBACK,1.0000,0.100,1.0814,1,none
52.073,-1.31914,-1.33726,0.26577,1,10,0,FALLBACK,0.9682,0.100,1.0798,1,none
52.122,-1.35517,-1.25670,0.25230,1,10,0,FALLBACK,1.0000,0.100,1.0788,1,none
52.169,-1.36118,-1.17893,0.24156,1,10,0,FALLBACK,1.0000,0.100,1.0772,1,none
52.220,-1.33508,-1.12381,0.16125,1,10,0,FALLBACK,0.9833,0.100,1.0756,1,none
52.270,-1.27790,-0.96616,0.23269,1,10,0,FALLBACK,0.9290,0.100,1.0744,1,none
52.320,-1.06116,-0.85362,0.25180,1,10,0,FALLBACK,0.7231,0.100,1.0740,1,none
52.371,-1.03046,-0.94197,0.19628,1,10,0,FALLBACK,0.6939,0.100,1.0757,1,none
52.422,-0.98223,-0.86464,0.21880,1,10,0,FALLBACK,0.6481,0.100,1.0777,1,none
52.471,-0.91389,-0.80251,0.14701,1,10,0,FALLBACK,0.5832,0.100,1.0789,1,none
52.520,-0.82635,-0.64787,0.16366,1,10,0,FALLBACK,0.5000,0.100,1.0802,1,none
52.569,-0.72248,-0.46224,0.14319,1,10,0,FALLBACK,0.4014,0.100,1.0822,1,none
52.622,-0.60569,-0.32089,0.15016,1,10,0,FALLBACK,0.2904,0.100,1.0843,1,none
52.670,-0.47840,0.09680,0.13374,1,10,0,FALLBACK,0.1695,0.100,1.0861,1,none
52.719,-0.34374,0.05606,0.13151,1,10,0,FALLBACK,0.0416,0.100,1.0885,1,none
52.770,-0.20777,1.80035,0.40811,0,10,0,FALLBACK,-0.0876,0.100,1.0905,1,none
52.822,-0.07382,2.66254,0.42708,0,10,0,FALLBACK,-0.2149,0.100,1.0922,1,none
52.871,0.05398,2.80309,0.37966,0,10,0,FALLBACK,-0.3363,0.100,1.0934,1,none
52.924,0.17145,2.26064,0.34536,0,10,0,FALLBACK,-0.4479,0.100,1.0942,1,none
52.971,0.27461,2.05191,0.24121,1,10,0,FALLBACK,-0.5459,0.100,1.0945,1,none
53.020,0.35986,2.06179,0.32769,0,10,0,FALLBACK,-0.6269,0.100,1.0944,1,none
53.072,0.42427,1.50745,0.28649,0,10,0,FALLBACK,-0.6881,0.100,1.0940,1,none
53.122,0.46557,0.83098,0.19666,1,10,0,FALLBACK,-0.7273,0.100,1.0935,1,none
53.171,0.48240,0.59699,0.17343,1,10,0,FALLBACK,-0.7433,0.100,1.0930,1,none
53.222,0.47423,0.99418,0.20189,1,10,0,FALLBACK,-0.7355,0.100,1.0926,1,none
53.270,0.44143,1.03862,0.17234,1,10,0,FALLBACK,-0.7044,0.100,1.0927,1,none
53.322,0.38518,0.57094,0.19378,1,10,0,FALLBACK,-0.6509,0.100,1.0931,1,none
53.373,0.30734,0.16965,0.14727,1,10,0,FALLBACK,-0.5770,0.100,1.0941,1,none
53.424,0.21041,0.19590,0.13468,1,10,0,FALLBACK,-0.4849,0.100,1.0954,1,none
53.471,0.09738,0.01659,0.10024,1,10,0,FALLBACK,-0.3775,0.100,1.0972,1,none
53.522,-0.02837,-0.09942,0.13926,1,10,0,FALLBACK,-0.2581,0.100,1.0991,1,none
53.573,-0.16310,-0.22962,0.14520,1,10,0,FALLBACK,-0.1301,0.100,1.1012,1,none
53.623,-0.30284,-0.56197,0.14051,1,10,0,FALLBACK,0.0027,0.100,1.1031,1,none
53.674,-0.44341,-0.38152,0.15325,1,10,0,FALLBACK,0.1362,0.100,1.1048,1,none
53.720,-0.58156,-0.65697,0.14896,1,10,0,FALLBACK,0.2675,0.100,1.1064,1,none
53.772,-0.71328,-0.76286,0.13013,1,10,0,FALLBACK,0.3926,0.100,1.1068,1,none
53.822,-0.83165,-0.87916,0.21972,1,10,0,FALLBACK,0.5051,0.100,1.1070,1,none
53.875,-0.93336,-1.02063,0.20575,1,10,0,FALLBACK,0.6017,0.100,1.1067,1,none
53.922,-1.01574,-1.08009,0.15920,1,10,0,FALLBACK,0.6799,0.100,1.1070,1,none
53.973,-1.07613,-1.04439,0.20169,1,10,0,FALLBACK,0.7373,0.100,1.1053,1,none
54.023,-1.11043,-1.02397,0.14378,1,10,0,FALLBACK,0.7699,0.100,1.1041,1,none
54.073,-1.11827,-0.85437,0.24006,1,10,0,FALLBACK,0.7774,0.100,1.1032,1,none
54.125,-1.09950,-0.92096,0.24252,1,10,0,FALLBACK,0.7595,0.100,1.1026,1,none
54.173,-1.05472,-0.31683,0.32973,0,10,0,FALLBACK,0.7170,0.100,1.1022,1,none
54.225,-0.98547,-0.14101,0.28195,1,10,0,FALLBACK,0.6512,0.100,1.1027,1,none
54.275,-0.89445,0.00181,0.17481,1,10,0,FALLBACK,0.5647,0.100,1.1037,1,none
54.323,-0.78376,0.38262,0.19242,1,10,0,FALLBACK,0.4596,0.100,1.1043,1,none
54.375,-0.65640,0.78424,0.16082,1,10,0,FALLBACK,0.3386,0.100,1.1067,1,none
54.424,-0.51704,0.80853,0.16239,1,10,0,FALLBACK,0.2062,0.100,1.1082,1,none
54.475,-0.36864,1.12327,0.17795,1,10,0,FALLBACK,0.0652,0.100,1.1106,1,none
54.524,-0.21791,1.87855,0.32046,0,10,0,FALLBACK,-0.0780,0.100,1.1125,1,none
54.572,-0.06871,2.05471,0.41546,0,10,0,FALLBACK,-0.2197,0.100,1.1139,1,none
54.625,0.07429,2.06186,0.33585,0,10,0,FALLBACK,-0.3556,0.100,1.1149,1,none
54.673,0.20624,2.79611,0.37247,0,10,0,FALLBACK,-0.4809,0.100,1.1152,1,none
54.723,0.32248,3.28815,0.61764,0,10,0,FALLBACK,-0.5914,0.100,1.1150,1,none
54.775,0.41881,3.25608,0.58970,0,10,0,FALLBACK,-0.6829,0.100,1.1142,1,none
54.825,0.49261,2.85480,0.45721,0,10,0,FALLBACK,-0.7530,0.100,1.1141,1,none
54.876,0.54149,2.43916,0.39733,0,10,0,FALLBACK,-0.7994,0.100,1.1119,1,none
54.925,0.56186,1.63487,0.27207,1,10,0,FALLBACK,-0.8188,0.100,1.1104,1,none
54.974,0.55938,2.17009,0.39423,0,10,0,FALLBACK,-0.8164,0.100,1.1096,1,none
55.025,0.50074,1.47502,0.24306,1,10,0,FALLBACK,-0.7607,0.100,1.1086,1,none
55.074,0.41547,1.13268,0.24614,1,10,0,FALLBACK,-0.6797,0.100,1.1086,1,none
55.126,0.30721,0.70293,0.20433,1,10,0,FALLBACK,-0.5769,0.100,1.1095,1,none
55.177,0.17875,0.40682,0.18984,1,10,0,FALLBACK,-0.4548,0.100,1.1100,1,none
55.225,0.03263,-0.08326,0.10419,1,10,0,FALLBACK,-0.3160,0.100,1.1117,1,none
55.277,-0.12532,-0.25331,0.12491,1,10,0,FALLBACK,-0.1659,0.100,1.1143,1,none
55.326,-0.28875,-0.21716,0.16234,1,10,0,FALLBACK,-0.0107,0.100,1.1163,1,none
55.377,-0.45363,-0.46250,0.13167,1,10,0,FALLBACK,0.1460,0.100,1.1179,1,none
55.428,-0.61619,-0.65312,0.15165,1,10,0,FALLBACK,0.3004,0.100,1.1194,1,none
55.476,-0.77167,-0.71246,0.17639,1,10,0,FALLBACK,0.4481,0.100,1.1193,1,none
55.526,-0.91184,-0.78671,0.16129,1,10,0,FALLBACK,0.5812,0.100,1.1188,1,none
55.574,-1.03267,-1.03872,0.16482,1,10,0,FALLBACK,0.6960,0.100,1.1177,1,none
55.627,-1.12975,-1.10408,0.27438,1,10,0,FALLBACK,0.7883,0.100,1.1160,1,none
55.676,-1.19956,-1.18250,0.25960,1,10,0,FALLBACK,0.8546,0.100,1.1139,1,none
55.726,-1.23961,-1.29500,0.32449,0,10,0,FALLBACK,0.8926,0.100,1.1117,1,none
55.777,-1.24862,-1.39041,0.27491,1,10,0,FALLBACK,0.9012,0.100,1.1097,1,none
55.827,-1.22661,-1.45526,0.27400,1,10,0,FALLBACK,0.8803,0.100,1.1082,1,none
55.878,-1.17448,-1.53919,0.35243,0,10,0,FALLBACK,0.8308,0.100,1.1069,1,none
55.927,-1.09383,-1.57272,0.31648,0,10,0,FALLBACK,0.7541,0.100,1.1065,1,none
55.978,-0.98741,-1.29197,0.40730,0,10,0,FALLBACK,0.6530,0.100,1.1069,1,none
56.027,-0.85839,0.21053,0.39296,0,10,0,FALLBACK,0.5305,0.100,1.1073,1,none
56.077,-0.70992,-1.08668,0.62119,0,10,0,FALLBACK,0.3894,0.100,1.1096,1,none
56.128,-0.54779,-0.28720,0.23477,1,10,0,FALLBACK,0.2354,0.100,1.1117,1,none
56.179,-0.37621,0.00892,0.17288,1,10,0,FALLBACK,0.0724,0.100,1.1139,1,none
56.226,-0.19982,-0.12519,0.22773,1,10,0,FALLBACK,-0.0952,0.100,1.1158,1,none
56.279,-0.02268,-0.20604,0.28519,0,10,0,FALLBACK,-0.2634,0.100,1.1174,1,none
56.328,0.14784,0.50586,0.22589,1,10,0,FALLBACK,-0.4254,0.100,1.1187,1,none
56.377,0.30794,0.59901,0.16536,1,10,0,FALLBACK,-0.5775,0.100,1.1181,1,none
56.427,0.44990,0.56294,0.15870,1,10,0,FALLBACK,-0.7124,0.100,1.1182,1,none
56.478,0.57037,1.13933,0.26765,1,10,0,FALLBACK,-0.8269,0.100,1.1155,1,none
56.527,0.66245,1.32009,0.29353,0,10,0,FALLBACK,-0.9143,0.100,1.1130,1,none
56.578,0.72345,1.21184,0.14775,1,10,0,FALLBACK,-0.9723,0.100,1.1101,1,none
56.630,0.75114,0.96765,0.10725,1,10,0,FALLBACK,-0.9986,0.100,1.1071,1,none
56.678,0.74460,1.04199,0.11859,1,10,0,FALLBACK,-0.9924,0.100,1.1044,1,none
56.729,0.70426,1.02106,0.19242,1,10,0,FALLBACK,-0.9541,0.100,1.1022,1,none
56.780,0.63173,1.01306,0.16042,1,10,0,FALLBACK,-0.8851,0.100,1.1008,1,none
56.830,0.52959,1.00665,0.20001,1,10,0,FALLBACK,-0.7881,0.100,1.1003,1,none
56.881,0.40124,0.40989,0.20562,1,10,0,FALLBACK,-0.6662,0.100,1.1008,1,none
56.929,0.25065,0.51791,0.26702,1,10,0,FALLBACK,-0.5231,0.100,1.1022,1,none
56.979,0.08225,0.34639,0.19534,1,10,0,FALLBACK,-0.3631,0.100,1.1042,1,none
57.030,-0.09920,-0.30902,0.21245,1,10,0,FALLBACK,-0.1908,0.100,1.1064,1,none
57.078,-0.28862,-0.84725,0.17046,1,10,0,FALLBACK,-0.0108,0.100,1.1086,1,none
57.130,-0.48065,-1.04504,0.24953,1,10,0,FALLBACK,0.1716,0.100,1.1104,1,none
57.179,-0.66963,-1.14577,0.22659,1,10,0,FALLBACK,0.3511,0.100,1.1115,1,none
57.228,-0.84963,-1.24560,0.32007,0,10,0,FALLBACK,0.5221,0.100,1.1118,1,none
57.280,-1.01453,-1.87641,0.38900,0,10,0,FALLBACK,0.6788,0.100,1.1110,1,none
57.312,-1.15840,-2.21023,0.43518,0,10,0,FALLBACK,0.8155,0.100,1.1092,1,none
57.366,-1.27357,-0.63419,0.42462,0,10,0,FALLBACK,0.9249,0.100,1.1053,1,none
57.413,-1.35598,-0.85556,0.87660,0,10,0,FALLBACK,1.0000,0.100,1.1018,1,none
57.462,-1.40386,-1.87105,0.28924,0,10,0,FALLBACK,1.0000,0.100,1.0983,2,none
57.513,-1.26992,-1.43404,0.40431,0,10,0,FALLBACK,0.9214,0.100,1.0961,2,none
57.564,-1.35342,-0.86013,0.83028,0,10,0,FALLBACK,1.0000,0.100,1.0965,2,none
57.616,-1.40931,-0.66637,0.96140,0,10,0,FALLBACK,1.0000,0.100,1.0946,2,none
57.665,-1.43777,-1.14825,0.27478,1,10,0,FALLBACK,1.0000,0.100,1.0928,2,none
57.713,-1.35917,0.33013,1.11193,0,10,0,FALLBACK,1.0000,0.100,1.0935,2,none
57.765,-1.20979,-0.59536,0.24086,1,10,0,FALLBACK,0.8643,0.100,1.0972,2,none
57.817,-1.03973,-0.57159,0.15102,1,10,0,FALLBACK,0.7027,0.100,1.0944,2,none
57.864,-0.84533,-0.42932,0.15758,1,10,0,FALLBACK,0.5181,0.100,1.0935,2,none
57.916,-0.63544,-0.05987,0.09880,1,10,0,FALLBACK,0.3187,0.100,1.0966,2,none
57.965,-0.41729,0.25571,0.17652,1,10,0,FALLBACK,0.1114,0.100,1.0994,2,none
58.016,-0.19608,0.80813,0.16113,1,10,0,FALLBACK,-0.0987,0.100,1.1016,2,none
58.065,0.02488,1.72319,0.35444,0,10,0,FALLBACK,-0.3086,0.100,1.1031,2,none
58.115,0.23664,2.46500,0.29617,0,10,0,FALLBACK,-0.5098,0.100,1.1030,2,none
58.166,0.43143,2.06781,0.30290,0,10,0,FALLBACK,-0.6949,0.100,1.1018,2,none
58.213,0.60337,2.29130,0.32236,0,10,0,FALLBACK,-0.8582,0.100,1.0994,2,none
58.265,0.74653,2.07572,0.33707,0,10,0,FALLBACK,-0.9942,0.100,1.0959,2,none
58.316,0.85606,1.48975,0.24070,1,10,0,FALLBACK,-1.0000,0.100,1.0916,2,none
58.365,0.93042,1.52419,0.19885,1,10,0,FALLBACK,-1.0000,0.100,1.0892,2,none
58.416,0.97256,1.26707,0.21101,1,10,0,FALLBACK,-1.0000,0.100,1.0875,2,none
58.466,0.98275,1.61403,0.23383,1,10,0,FALLBACK,-1.0000,0.100,1.0859,2,none
58.516,0.96106,1.40986,0.30512,0,10,0,FALLBACK,-1.0000,0.100,1.0843,2,none
58.565,0.90775,0.98624,0.13388,1,10,0,FALLBACK,-1.0000,0.100,1.0827,2,none
58.618,0.82324,1.21131,0.19597,1,10,0,FALLBACK,-1.0000,0.100,1.0811,2,none
58.667,0.70812,0.90554,0.16926,1,10,0,FALLBACK,-0.9577,0.100,1.0796,2,none
58.719,0.56321,1.15285,0.13888,1,10,0,FALLBACK,-0.8200,0.100,1.0785,2,none
58.768,0.39222,0.17606,0.15718,1,10,0,FALLBACK,-0.6576,0.100,1.0796,2,none
58.818,0.20179,0.03269,0.11995,1,10,0,FALLBACK,-0.4767,0.100,1.0818,2,none
58.868,-0.00374,-0.26372,0.15519,1,10,0,FALLBACK,-0.2814,0.100,1.0841,2,none
58.917,-0.21951,-0.64344,0.17351,1,10,0,FALLBACK,-0.0765,0.100,1.0867,2,none
58.967,-0.43843,-0.89655,0.21736,1,10,0,FALLBACK,0.1315,0.100,1.0888,2,none
59.016,-0.65407,-1.07845,0.14006,1,10,0,FALLBACK,0.3364,0.100,1.0901,2,none
59.067,-0.86187,-1.24787,0.28648,0,10,0,FALLBACK,0.5338,0.100,1.0909,2,none
59.119,-1.05438,-1.38548,0.27724,1,10,0,FALLBACK,0.7167,0.100,1.0893,2,none
59.167,-1.22433,-1.55218,0.26084,1,10,0,FALLBACK,0.8781,0.100,1.0871,2,none
59.219,-1.36628,-1.62627,0.26197,1,10,0,FALLBACK,1.0000,0.100,1.0837,2,none
59.271,-1.47636,-1.83562,0.20022,1,10,0,FALLBACK,1.0000,0.100,1.0807,2,none
59.319,-1.55191,-1.60409,0.24825,1,10,0,FALLBACK,1.0000,0.100,1.0777,2,none
59.370,-1.59545,-1.55826,0.24657,1,10,0,FALLBACK,1.0000,0.100,1.0761,2,none
59.418,-1.60767,-1.48491,0.26453,1,10,0,FALLBACK,1.0000,0.100,1.0747,2,none
59.469,-1.58863,-1.31846,0.25306,1,10,0,FALLBACK,1.0000,0.100,1.0732,2,none
59.520,-1.53854,-1.47946,0.25391,1,10,0,FALLBACK,1.0000,0.100,1.0718,2,none
59.568,-1.45778,-1.21001,0.25855,1,10,0,FALLBACK,1.0000,0.100,1.0705,2,none
59.619,-1.34691,-0.95281,0.18661,1,10,0,FALLBACK,0.9946,0.100,1.0691,2,none
59.669,-1.20666,-0.82097,0.14077,1,10,0,FALLBACK,0.8613,0.100,1.0679,2,none
59.720,-1.03905,-0.78241,0.17900,1,10,0,FALLBACK,0.7021,0.100,1.0684,2,none
59.770,-0.85104,-0.85614,0.19297,1,10,0,FALLBACK,0.5235,0.100,1.0707,2,none
59.822,-0.64797,-0.45205,0.20578,1,10,0,FALLBACK,0.3306,0.100,1.0735,2,none
59.872,-0.43507,-0.22576,0.11308,1,10,0,FALLBACK,0.1283,0.100,1.0763,2,none
59.920,-0.21781,-0.17642,0.12572,1,10,0,FALLBACK,-0.0781,0.100,1.0788,2,none
59.970,-0.00189,-0.06346,0.10050,1,10,0,FALLBACK,-0.2832,0.100,1.0806,2,none
60.020,0.20665,-0.00932,0.09654,1,10,0,FALLBACK,-0.4813,0.100,1.0813,2,none
60.072,0.40149,0.74398,0.15137,1,10,0,FALLBACK,-0.6664,0.100,1.0810,2,none
60.119,0.57628,0.84076,0.16400,1,10,0,FALLBACK,-0.8325,0.100,1.0794,2,none
60.170,0.72510,1.21746,0.29298,0,10,0,FALLBACK,-0.9738,0.100,1.0767,2,none
60.220,0.84288,0.98852,0.20018,1,10,0,FALLBACK,-1.0000,0.100,1.0732,2,none
60.271,0.92654,1.19393,0.26455,1,10,0,FALLBACK,-1.0000,0.100,1.0707,2,none
60.321,0.97837,0.94470,0.14162,1,10,0,FALLBACK,-1.0000,0.100,1.0691,2,none
60.373,1.02734,1.36588,0.24891,1,10,0,FALLBACK,-1.0000,0.100,1.0678,2,none
60.421,0.90397,0.68108,0.14656,1,10,0,FALLBACK,-1.0000,0.100,1.0665,2,none
60.472,0.75165,0.46385,0.17665,1,10,0,FALLBACK,-0.9991,0.100,1.0653,2,none
60.523,0.57130,0.36967,0.15891,1,10,0,FALLBACK,-0.8277,0.100,1.0641,2,none
60.571,0.45978,-0.02282,0.11798,1,10,0,FALLBACK,-0.7218,0.100,1.0651,2,none
60.624,0.14687,-0.30587,0.16501,1,10,0,FALLBACK,-0.4245,0.100,1.0672,2,none
60.672,-0.17797,-0.71839,0.20331,1,10,0,FALLBACK,-0.1159,0.100,1.0698,2,none
60.724,-0.50648,-1.05624,0.24752,1,10,0,FALLBACK,0.1962,0.100,1.0723,2,none
60.772,-0.83159,-1.23307,0.28160,1,10,0,FALLBACK,0.5050,0.100,1.0731,2,none
60.822,-1.14584,-1.38635,0.30453,0,10,0,FALLBACK,0.8035,0.100,1.0715,2,none
60.873,-1.23666,-1.25797,0.57459,0,10,0,FALLBACK,0.8898,0.100,1.0672,2,none
60.923,-1.58346,-0.95652,0.99451,0,10,0,FALLBACK,1.0000,0.100,1.0645,2,none
60.973,-1.91017,-1.52642,0.77199,0,10,0,FALLBACK,1.0000,0.100,1.0615,2,none
61.025,-2.21344,-2.08874,0.32819,0,10,0,FALLBACK,1.0000,0.100,1.0596,2,none
61.073,-2.49411,-2.33868,0.37455,0,10,0,FALLBACK,1.0000,0.100,1.0584,2,none
61.124,-2.75112,-2.51651,0.30867,0,10,0,FALLBACK,1.0000,0.100,1.0572,2,none
61.173,-2.98320,-2.26209,0.51198,0,10,0,FALLBACK,1.0000,0.100,1.0561,2,none
61.223,-3.18924,-1.57028,1.25874,0,10,0,FALLBACK,1.0000,0.100,1.0551,2,none
61.272,-3.14772,-2.62938,0.57403,0,10,0,FALLBACK,1.0000,0.100,1.0540,2,none
61.326,-3.39829,-3.27263,0.57277,0,10,0,FALLBACK,1.0000,0.100,1.0529,2,none
61.373,-3.62389,-3.14078,0.89890,0,10,0,FALLBACK,1.0000,0.100,1.0519,2,none
61.423,-3.82345,-3.36997,0.59444,0,10,0,FALLBACK,1.0000,0.100,1.0509,2,none
61.474,-3.99603,-3.40265,0.76120,0,10,0,FALLBACK,1.0000,0.100,1.0499,2,none
61.523,-4.14082,-3.76007,0.64950,0,10,0,FALLBACK,1.0000,0.100,1.0489,2,none
61.577,-4.25719,-4.40512,0.74784,0,10,0,FALLBACK,1.0000,0.100,1.0480,2,none
61.625,-4.34461,-3.84062,0.71992,0,10,0,FALLBACK,1.0000,0.100,1.0470,2,none
61.676,-4.19111,-4.05135,0.57517,0,10,0,FALLBACK,1.0000,0.100,1.0461,2,none
61.727,-4.32996,-3.73708,0.65754,0,10,0,FALLBACK,1.0000,0.100,1.0452,2,none
61.776,-4.44046,-4.35336,0.66372,0,10,0,FALLBACK,1.0000,0.100,1.0443,2,none
61.826,-4.52214,-4.14503,0.61308,0,10,0,FALLBACK,1.0000,0.100,1.0435,2,none
61.877,-4.57466,-3.64228,0.54555,0,10,0,FALLBACK,1.0000,0.100,1.0426,2,none
61.926,-4.59783,-3.73737,0.66667,0,10,0,FALLBACK,1.0000,0.100,1.0418,2,none
61.974,-4.59159,-2.66703,0.40910,0,10,0,FALLBACK,1.0000,0.100,1.0409,2,none
62.027,-4.25673,-3.23211,0.80735,0,10,0,FALLBACK,1.0000,0.100,1.0401,2,none
62.078,-4.30407,-3.83770,0.72640,0,10,0,FALLBACK,1.0000,0.100,1.0393,2,none
62.127,-4.32221,-1.21849,1.57003,0,10,0,FALLBACK,1.0000,0.100,1.0385,2,none
62.177,-4.31115,-1.93925,1.48578,0,10,0,FALLBACK,1.0000,0.100,1.0378,2,none
62.228,-4.27099,-3.44683,0.79368,0,10,0,FALLBACK,1.0000,0.100,1.0370,2,none
62.278,-4.20200,-4.23271,0.88123,0,10,0,FALLBACK,1.0000,0.100,1.0363,2,none
62.328,-4.10457,-4.41350,0.63647,0,10,0,FALLBACK,1.0000,0.100,1.0356,2,none
62.378,-3.97926,-3.91507,0.62928,0,10,0,FALLBACK,1.0000,0.100,1.0348,2,none
62.427,-3.56487,-4.02052,0.57716,0,10,0,FALLBACK,1.0000,0.100,1.0341,2,none
62.478,-3.49179,-3.77115,0.50640,0,10,0,FALLBACK,1.0000,0.100,1.0334,2,none
62.527,-3.39049,-2.76655,0.43138,0,10,0,FALLBACK,1.0000,0.100,1.0328,2,none
62.580,-3.26153,-2.68838,0.41950,0,10,0,FALLBACK,1.0000,0.100,1.0321,2,none
62.632,-3.10560,-3.12570,0.53208,0,10,0,FALLBACK,1.0000,0.100,1.0314,2,none
62.679,-2.92349,-2.54233,0.49014,0,10,0,FALLBACK,1.0000,0.100,1.0308,2,none
62.730,-2.71616,-2.57940,0.47365,0,10,0,FALLBACK,1.0000,0.100,1.0302,2,none
62.781,-2.48466,-2.39871,0.67569,0,10,0,FALLBACK,1.0000,0.100,1.0296,2,none
62.830,-2.01546,-2.83729,0.45301,0,10,0,FALLBACK,1.0000,0.100,1.0289,2,none
62.865,-1.83047,-1.78653,0.36196,0,10,0,FALLBACK,1.0000,0.100,1.0283,2,none
62.914,-1.62050,-1.55827,0.29450,0,10,0,FALLBACK,1.0000,0.100,1.0278,2,none
62.963,-1.38657,-0.92641,0.17218,1,10,0,FALLBACK,1.0000,0.100,1.0272,2,none
63.013,-1.12991,-0.80129,0.19235,1,10,0,FALLBACK,0.7884,0.100,1.0266,2,none
63.066,-0.85404,-0.29774,0.16013,1,10,0,FALLBACK,0.5263,0.100,1.0293,2,none
63.116,-0.56725,-0.12886,0.15483,1,10,0,FALLBACK,0.2539,0.100,1.0333,2,none
63.165,-0.27584,0.07319,0.20335,1,10,0,FALLBACK,-0.0230,0.100,1.0367,2,none
63.216,0.15037,0.43638,0.18221,1,10,0,FALLBACK,-0.4279,0.100,1.0390,2,none
63.264,0.33872,0.66897,0.18844,1,10,0,FALLBACK,-0.6068,0.100,1.0376,2,none
63.315,0.50471,0.66790,0.15943,1,10,0,FALLBACK,-0.7645,0.100,1.0365,2,none
63.364,0.64738,0.71896,0.15386,1,10,0,FALLBACK,-0.9000,0.100,1.0351,2,none
63.417,0.76263,0.82506,0.17827,1,10,0,FALLBACK,-1.0000,0.100,1.0329,2,none
63.466,0.84892,0.71010,0.23615,1,10,0,FALLBACK,-1.0000,0.100,1.0314,2,none
63.515,0.90415,0.91273,0.22351,1,10,0,FALLBACK,-1.0000,0.100,1.0297,2,none
63.565,0.93022,1.33689,0.25217,1,10,0,FALLBACK,-1.0000,0.100,1.0291,2,none
63.615,0.92766,1.02170,0.18707,1,10,0,FALLBACK,-1.0000,0.100,1.0285,2,none
63.667,0.89653,1.10511,0.17606,1,10,0,FALLBACK,-1.0000,0.100,1.0280,2,none
63.715,0.83701,1.17999,0.21635,1,10,0,FALLBACK,-1.0000,0.100,1.0274,2,none
63.768,0.74945,0.70775,0.17676,1,10,0,FALLBACK,-0.9970,0.100,1.0269,2,none
63.815,0.63437,0.95703,0.38683,0,10,0,FALLBACK,-0.8876,0.100,1.0264,2,none
63.868,0.49409,0.10730,0.10636,1,10,0,FALLBACK,-0.7544,0.100,1.0278,2,none
63.916,0.33436,0.07740,0.10124,1,10,0,FALLBACK,-0.6026,0.100,1.0303,2,none
63.966,0.15949,0.09755,0.16100,1,10,0,FALLBACK,-0.4365,0.100,1.0332,2,none
64.018,-0.02619,-0.10363,0.13123,1,10,0,FALLBACK,-0.2601,0.100,1.0363,2,none
64.068,-0.21807,0.57836,0.28065,1,10,0,FALLBACK,-0.0778,0.100,1.0393,2,none
64.118,-0.41369,0.32463,0.25305,1,10,0,FALLBACK,0.1080,0.100,1.0417,2,none
64.168,-0.60593,0.48003,0.38564,0,10,0,FALLBACK,0.2906,0.100,1.0434,2,none
64.219,-0.79019,-0.93570,0.17019,1,10,0,FALLBACK,0.4657,0.100,1.0445,2,none
64.266,-0.96279,-1.04468,0.25177,1,10,0,FALLBACK,0.6296,0.100,1.0453,2,none
64.318,-1.11729,-1.19492,0.25800,1,10,0,FALLBACK,0.7764,0.100,1.0441,2,none
64.368,-1.24818,-1.17592,0.25275,1,10,0,FALLBACK,0.9008,0.100,1.0426,2,none
64.420,-1.35174,-1.10539,0.30776,0,10,0,FALLBACK,0.9992,0.100,1.0405,2,none
64.469,-1.42546,-1.04146,0.21925,1,10,0,FALLBACK,1.0000,0.100,1.0386,2,none
64.519,-1.46738,-0.38705,0.25945,1,10,0,FALLBACK,1.0000,0.100,1.0367,2,none
64.569,-1.47961,0.02675,0.29539,0,10,0,FALLBACK,1.0000,0.100,1.0359,2,none
64.619,-1.46280,0.40528,0.75590,0,10,0,FALLBACK,1.0000,0.100,1.0352,2,none
64.670,-1.41705,0.63897,0.73144,0,10,0,FALLBACK,1.0000,0.100,1.0345,2,none
64.718,-1.34268,2.93881,0.54426,0,10,0,FALLBACK,0.9906,0.100,1.0338,2,none
64.769,-1.24017,3.43179,0.70482,0,10,0,FALLBACK,0.8932,0.100,1.0333,2,none
64.820,-1.11120,2.36583,0.68954,0,10,0,FALLBACK,0.7706,0.100,1.0340,2,none
64.868,-0.96089,2.36345,0.48115,0,10,0,FALLBACK,0.6278,0.100,1.0361,2,none
64.918,-0.79348,2.75824,0.44094,0,10,0,FALLBACK,0.4688,0.100,1.0388,2,none
64.970,-0.61321,3.89673,0.65183,0,10,0,FALLBACK,0.2976,0.100,1.0419,2,none
65.019,-0.42462,4.36843,0.56454,0,10,0,FALLBACK,0.1184,0.100,1.0449,2,none
65.070,-0.23237,3.72880,0.53255,0,10,0,FALLBACK,-0.0642,0.100,1.0476,2,none
65.120,-0.04141,3.88775,0.55810,0,10,0,FALLBACK,-0.2457,0.100,1.0497,2,none
65.169,0.14312,5.39083,1.12887,0,10,0,FALLBACK,-0.4210,0.100,1.0511,2,none
65.220,0.31586,6.33217,1.28905,0,10,0,FALLBACK,-0.5851,0.100,1.0516,2,none
65.272,0.47154,3.99028,0.68025,0,10,0,FALLBACK,-0.7330,0.100,1.0513,2,none
65.320,0.60519,4.27182,0.81394,0,10,0,FALLBACK,-0.8599,0.100,1.0501,2,none
65.369,0.71253,4.85967,0.72020,0,10,0,FALLBACK,-0.9619,0.100,1.0483,2,none
65.422,0.79016,3.69912,0.70038,0,10,0,FALLBACK,-1.0000,0.100,1.0460,2,none
65.470,0.83650,4.04829,0.75651,0,10,0,FALLBACK,-1.0000,0.100,1.0448,2,none
65.522,0.85250,4.27716,0.69279,0,10,0,FALLBACK,-1.0000,0.100,1.0432,2,none
65.570,0.83860,2.38956,0.39226,0,10,0,FALLBACK,-1.0000,0.100,1.0423,2,none
65.620,0.79541,2.38948,0.46364,0,10,0,FALLBACK,-1.0000,0.100,1.0415,2,none
65.671,0.72321,1.51915,0.68162,0,10,0,FALLBACK,-0.9721,0.100,1.0407,2,none
65.723,0.62250,2.08870,0.48177,0,10,0,FALLBACK,-0.8764,0.100,1.0402,2,none
65.773,0.49579,1.42594,0.67947,0,10,0,FALLBACK,-0.7560,0.100,1.0412,2,none
65.821,0.34789,1.74884,0.58779,0,10,0,FALLBACK,-0.6155,0.100,1.0432,2,none
65.871,0.18290,0.84263,0.54888,0,10,0,FALLBACK,-0.4588,0.100,1.0457,2,none
65.921,0.00508,-0.29949,0.92417,0,10,0,FALLBACK,-0.2898,0.100,1.0486,2,none
65.971,-0.18104,-1.34771,0.59692,0,10,0,FALLBACK,-0.1130,0.100,1.0514,2,none
66.024,-0.27715,-0.89227,0.71654,0,10,0,FALLBACK,-0.0217,0.100,1.0539,2,none
66.072,-0.52949,-0.13784,0.46391,0,10,0,FALLBACK,0.2180,0.100,1.0562,2,none
66.123,-0.78198,0.85138,0.42890,0,10,0,FALLBACK,0.4579,0.100,1.0584,2,none
66.171,-1.02476,0.20355,0.26420,1,10,0,FALLBACK,0.6885,0.100,1.0567,2,none
66.221,-1.24722,0.03950,0.22118,1,10,0,FALLBACK,0.8999,0.100,1.0546,2,none
66.274,-1.44385,-0.39607,0.19514,1,10,0,FALLBACK,1.0000,0.100,1.0509,2,none
66.325,-1.51122,0.78252,0.81943,0,10,0,FALLBACK,1.0000,0.100,1.0477,2,none
66.372,-1.71199,-1.17945,1.06128,0,10,0,FALLBACK,1.0000,0.100,1.0461,2,none
66.423,-1.88581,-1.60508,1.08691,0,10,0,FALLBACK,1.0000,0.100,1.0451,2,none
66.471,-2.03222,1.76610,0.45338,0,10,0,FALLBACK,1.0000,0.100,1.0442,2,none
66.525,-2.15052,0.19139,1.08611,0,10,0,FALLBACK,1.0000,0.100,1.0434,2,none
66.575,-2.24017,1.42854,0.92852,0,10,0,FALLBACK,1.0000,0.100,1.0425,2,none
66.623,-2.20641,1.24361,1.49365,0,10,0,FALLBACK,1.0000,0.100,1.0417,2,none
66.673,-2.30929,-1.07962,1.35832,0,10,0,FALLBACK,1.0000,0.100,1.0409,2,none
66.724,-2.38344,-2.04442,1.16735,0,10,0,FALLBACK,1.0000,0.100,1.0400,2,none
66.773,-2.42854,-1.90123,1.06981,0,10,0,FALLBACK,1.0000,0.100,1.0393,2,none
66.826,-2.44445,-3.24218,0.65796,0,10,0,FALLBACK,1.0000,0.100,1.0385,2,none
66.874,-2.43115,-3.10130,1.04699,0,10,0,FALLBACK,1.0000,0.100,1.0377,2,none
66.925,-2.30520,-3.21987,0.60579,0,10,0,FALLBACK,1.0000,0.100,1.0370,2,none
66.974,-2.30587,-0.91103,1.72578,0,10,0,FALLBACK,1.0000,0.100,1.0362,2,none
67.025,-2.27748,-1.94947,0.85311,0,10,0,FALLBACK,1.0000,0.100,1.0355,2,none
67.077,-2.22025,-3.34283,0.72875,0,10,0,FALLBACK,1.0000,0.100,1.0348,2,none
67.124,-2.13450,-3.10279,0.50454,0,10,0,FALLBACK,1.0000,0.100,1.0341,2,none
67.173,-2.02072,-3.09803,0.60520,0,10,0,FALLBACK,1.0000,0.100,1.0334,2,none
67.224,-1.80588,-2.36855,0.49877,0,10,0,FALLBACK,1.0000,0.100,1.0327,2,none
67.275,-1.70591,-1.73522,0.36152,0,10,0,FALLBACK,1.0000,0.100,1.0320,2,none
67.324,-1.57828,-2.49154,0.42628,0,10,0,FALLBACK,1.0000,0.100,1.0314,2,none
67.373,-1.42367,-1.50266,0.44604,0,10,0,FALLBACK,1.0000,0.100,1.0307,2,none
67.425,-1.24288,-1.08552,0.23664,1,10,0,FALLBACK,0.8957,0.100,1.0301,2,none
67.476,-1.03755,-0.76047,0.20022,1,10,0,FALLBACK,0.7007,0.100,1.0309,2,none
67.524,-0.74238,-0.65078,0.19672,1,10,0,FALLBACK,0.4203,0.100,1.0336,2,none
67.578,-0.56910,-0.23011,0.18184,1,10,0,FALLBACK,0.2556,0.100,1.0370,2,none
67.626,-0.39005,-0.10355,0.12547,1,10,0,FALLBACK,0.0855,0.100,1.0402,2,none
67.676,-0.20701,0.06450,0.12485,1,10,0,FALLBACK,-0.0883,0.100,1.0431,2,none
67.726,-0.02605,0.45632,0.17513,1,10,0,FALLBACK,-0.2603,0.100,1.0454,2,none
67.776,0.24861,0.52635,0.15535,1,10,0,FALLBACK,-0.5212,0.100,1.0466,2,none
67.827,0.34007,0.72206,0.14209,1,10,0,FALLBACK,-0.6081,0.100,1.0459,2,none
67.876,0.40915,0.44644,0.13377,1,10,0,FALLBACK,-0.6737,0.100,1.0459,2,none
67.926,0.45760,0.61080,0.15913,1,10,0,FALLBACK,-0.7197,0.100,1.0468,2,none
67.977,0.48451,0.65025,0.11893,1,10,0,FALLBACK,-0.7453,0.100,1.0464,2,none
68.026,0.48784,0.71602,0.16732,1,10,0,FALLBACK,-0.7485,0.100,1.0467,2,none
68.079,0.46812,0.75829,0.15393,1,10,0,FALLBACK,-0.7297,0.100,1.0472,2,none
68.127,0.42588,0.56492,0.18201,1,10,0,FALLBACK,-0.6896,0.100,1.0478,2,none
68.177,0.36210,0.39524,0.23603,1,10,0,FALLBACK,-0.6290,0.100,1.0488,2,none
68.228,0.27859,0.29219,0.17543,1,10,0,FALLBACK,-0.5497,0.100,1.0507,2,none
68.277,0.17821,0.18088,0.14697,1,10,0,FALLBACK,-0.4543,0.100,1.0527,2,none
68.329,0.06350,0.10674,0.11452,1,10,0,FALLBACK,-0.3453,0.100,1.0549,2,none
68.377,-0.06262,0.05644,0.17183,1,10,0,FALLBACK,-0.2255,0.100,1.0570,2,none
68.429,-0.19757,-0.52346,0.38098,0,10,0,FALLBACK,-0.0973,0.100,1.0598,2,none
68.476,-0.33640,-1.07148,0.37984,0,10,0,FALLBACK,0.0346,0.100,1.0620,2,none
68.527,-0.51005,-1.12165,0.28517,0,10,0,FALLBACK,0.1995,0.100,1.0642,2,none
68.580,-0.61016,-1.54412,0.47242,0,10,0,FALLBACK,0.2947,0.100,1.0658,2,none
68.630,-0.70064,-1.59470,0.42301,0,10,0,FALLBACK,0.3806,0.100,1.0669,2,none
68.679,-0.77953,-0.99531,0.55279,0,10,0,FALLBACK,0.4556,0.100,1.0679,2,none
68.730,-0.84445,-0.00464,0.78165,0,10,0,FALLBACK,0.5172,0.100,1.0688,2,none
68.779,-0.91290,0.04702,0.72034,0,10,0,FALLBACK,0.5823,0.100,1.0697,2,none
68.830,-0.90712,-0.89759,0.31787,0,10,0,FALLBACK,0.5768,0.100,1.0699,2,none
68.877,-0.88105,-1.15935,0.30612,0,10,0,FALLBACK,0.5520,0.100,1.0704,2,none
68.929,-0.83663,-1.25410,0.29228,0,10,0,FALLBACK,0.5098,0.100,1.0716,2,none
68.980,-0.81434,-1.09813,0.20874,1,10,0,FALLBACK,0.4886,0.100,1.0731,2,none
69.030,-0.70159,-0.72863,0.14904,1,10,0,FALLBACK,0.3815,0.100,1.0748,2,none
69.080,-0.57455,-0.35245,0.18794,1,10,0,FALLBACK,0.2608,0.100,1.0766,2,none
69.134,-0.43777,-0.10660,0.16494,1,10,0,FALLBACK,0.1309,0.100,1.0789,2,none
69.179,-0.29522,0.54185,0.24387,1,10,0,FALLBACK,-0.0045,0.100,1.0811,2,none
69.231,-0.18065,2.06623,0.45396,0,10,0,FALLBACK,-0.1134,0.100,1.0833,2,none
69.280,-0.00220,2.73781,0.32076,0,10,0,FALLBACK,-0.2829,0.100,1.0850,2,none
69.314,0.16998,3.21606,0.52507,0,10,0,FALLBACK,-0.4465,0.100,1.0861,2,none
69.363,0.33018,2.60577,0.36082,0,10,0,FALLBACK,-0.5987,0.100,1.0863,2,none
69.413,0.47271,3.08447,0.47258,0,10,0,FALLBACK,-0.7341,0.100,1.0857,2,none
69.464,0.56012,2.78782,0.52552,0,10,0,FALLBACK,-0.8171,0.100,1.0832,2,none
69.517,0.68598,1.83348,0.25202,1,10,0,FALLBACK,-0.9367,0.100,1.0815,2,none
69.566,0.78430,3.18342,0.58270,0,10,0,FALLBACK,-1.0000,0.100,1.0797,2,none
69.616,0.84988,0.63031,0.31594,0,10,0,FALLBACK,-1.0000,0.100,1.0763,2,none
69.666,0.88185,1.91975,0.35923,0,10,0,FALLBACK,-1.0000,0.100,1.0745,2,none
69.716,0.85678,1.22514,0.22130,1,10,0,FALLBACK,-1.0000,0.100,1.0730,2,none
69.768,0.86355,1.30481,0.32565,0,10,0,FALLBACK,-1.0000,0.100,1.0717,2,none
69.820,0.83927,1.02230,0.19112,1,10,0,FALLBACK,-1.0000,0.100,1.0703,2,none
69.867,0.78420,0.91363,0.16880,1,10,0,FALLBACK,-1.0000,0.100,1.0690,2,none
69.920,0.69872,0.95340,0.14541,1,10,0,FALLBACK,-0.9488,0.100,1.0677,2,none
69.968,0.56167,0.75609,0.14807,1,10,0,FALLBACK,-0.8186,0.100,1.0669,2,none
70.018,0.45548,0.37668,0.26051,1,10,0,FALLBACK,-0.7177,0.100,1.0677,2,none
70.068,0.32853,0.06589,0.11935,1,10,0,FALLBACK,-0.5971,0.100,1.0699,2,none
70.118,0.18335,-0.05860,0.09711,1,10,0,FALLBACK,-0.4592,0.100,1.0717,2,none
70.167,0.02311,-0.34005,0.18785,1,10,0,FALLBACK,-0.3070,0.100,1.0740,2,none
70.219,-0.16890,-0.28902,0.13719,1,10,0,FALLBACK,-0.1245,0.100,1.0767,2,none
70.268,-0.30830,-0.37716,0.17354,1,10,0,FALLBACK,0.0079,0.100,1.0789,2,none
70.319,-0.44703,-0.62002,0.21183,1,10,0,FALLBACK,0.1397,0.100,1.0809,2,none
70.369,-0.58273,-0.36422,0.23305,1,10,0,FALLBACK,0.2686,0.100,1.0826,2,none
70.419,-0.71167,-0.63797,0.24948,1,10,0,FALLBACK,0.3911,0.100,1.0837,2,none
70.468,-0.84159,-1.08056,0.23794,1,10,0,FALLBACK,0.5145,0.100,1.0840,2,none
70.519,-0.90488,-1.21521,0.23002,1,10,0,FALLBACK,0.5746,0.100,1.0839,2,none
70.569,-0.94853,-1.08850,0.16495,1,10,0,FALLBACK,0.6161,0.100,1.0841,2,none
70.619,-0.97206,-1.14568,0.21048,1,10,0,FALLBACK,0.6385,0.100,1.0842,2,none
70.670,-1.00437,-1.24403,0.30801,0,10,0,FALLBACK,0.6692,0.100,1.0844,2,none
70.721,-0.94738,-1.18416,0.27523,1,10,0,FALLBACK,0.6150,0.100,1.0845,2,none
70.770,-0.86831,-0.95663,0.20453,1,10,0,FALLBACK,0.5399,0.100,1.0848,2,none
70.820,-0.77073,-0.63830,0.15619,1,10,0,FALLBACK,0.4472,0.100,1.0868,2,none
70.869,-0.65816,-0.55473,0.15352,1,10,0,FALLBACK,0.3403,0.100,1.0882,2,none
70.921,-0.54715,1.78343,0.50258,0,10,0,FALLBACK,0.2348,0.100,1.0907,2,none
70.971,-0.37843,2.52191,0.38431,0,10,0,FALLBACK,0.0745,0.100,1.0926,2,none
71.021,-0.20441,2.56403,0.40039,0,10,0,FALLBACK,-0.0908,0.100,1.0948,2,none
71.071,-0.03276,1.21142,0.31501,0,10,0,FALLBACK,-0.2539,0.100,1.0964,2,none
71.120,0.08573,2.38685,0.53339,0,10,0,FALLBACK,-0.3664,0.100,1.0973,2,none
71.170,0.27359,2.88215,0.49667,0,10,0,FALLBACK,-0.5449,0.100,1.0979,2,none
71.220,0.44642,3.12662,0.61488,0,10,0,FALLBACK,-0.7091,0.100,1.0971,2,none
71.271,0.59694,2.84632,0.51532,0,10,0,FALLBACK,-0.8521,0.100,1.0952,2,none
71.320,0.72103,3.18791,0.55454,0,10,0,FALLBACK,-0.9700,0.100,1.0946,2,none
71.372,0.77109,3.36410,0.54209,0,10,0,FALLBACK,-1.0000,0.100,1.0901,2,none
71.421,0.86722,3.71486,0.70006,0,10,0,FALLBACK,-1.0000,0.100,1.0867,2,none
71.470,0.93026,4.09636,0.80783,0,10,0,FALLBACK,-1.0000,0.100,1.0848,2,none
71.523,0.96150,4.93725,0.92245,0,10,0,FALLBACK,-1.0000,0.100,1.0832,2,none
71.573,0.96102,3.21431,0.59604,0,10,0,FALLBACK,-1.0000,0.100,1.0816,2,none
71.621,0.89072,3.88779,0.60441,0,10,0,FALLBACK,-1.0000,0.100,1.0801,2,none
71.671,0.86474,2.32698,0.40293,0,10,0,FALLBACK,-1.0000,0.100,1.0786,2,none
71.724,0.80749,2.30597,0.35040,0,10,0,FALLBACK,-1.0000,0.100,1.0771,2,none
71.770,0.71941,1.58166,0.35139,0,10,0,FALLBACK,-0.9684,0.100,1.0757,2,none
71.821,0.60135,1.89624,0.32847,0,10,0,FALLBACK,-0.8563,0.100,1.0748,2,none
71.874,0.42007,0.35509,0.19158,1,10,0,FALLBACK,-0.6841,0.100,1.0738,2,none
71.922,0.28527,0.46149,0.20598,1,10,0,FALLBACK,-0.5560,0.100,1.0753,2,none
71.973,0.13374,0.04447,0.07599,1,10,0,FALLBACK,-0.4121,0.100,1.0790,2,none
72.022,-0.03013,-0.31326,0.11859,1,10,0,FALLBACK,-0.2564,0.100,1.0807,2,none
72.072,-0.20391,-0.40717,0.12365,1,10,0,FALLBACK,-0.0913,0.100,1.0837,2,none
72.123,-0.38024,-0.64347,0.14081,1,10,0,FALLBACK,0.0762,0.100,1.0858,2,none
72.171,-0.55504,-0.87598,0.17000,1,10,0,FALLBACK,0.2423,0.100,1.0874,2,none
72.223,-0.72319,-0.96803,0.14843,1,10,0,FALLBACK,0.4020,0.100,1.0883,2,none
72.274,-0.87936,-1.22678,0.22350,1,10,0,FALLBACK,0.5504,0.100,1.0885,2,none
72.324,-1.01971,-1.31269,0.21571,1,10,0,FALLBACK,0.6837,0.100,1.0893,2,none
72.374,-1.13978,-1.36004,0.19067,1,10,0,FALLBACK,0.7978,0.100,1.0867,2,none
72.422,-1.23255,-1.45249,0.20882,1,10,0,FALLBACK,0.8859,0.100,1.0847,2,none
72.473,-1.29603,-1.27670,0.21199,1,10,0,FALLBACK,0.9462,0.100,1.0824,2,none
72.523,-1.32882,-1.34380,0.27864,1,10,0,FALLBACK,0.9774,0.100,1.0811,2,none
72.573,-1.33025,-1.27340,0.27076,1,10,0,FALLBACK,0.9787,0.100,1.0783,2,none
72.624,-1.29935,-1.32277,0.25220,1,10,0,FALLBACK,0.9494,0.100,1.0767,2,none
72.673,-1.23805,-1.18033,0.27384,1,10,0,FALLBACK,0.8911,0.100,1.0758,2,none
72.724,-1.14818,-1.21391,0.24561,1,10,0,FALLBACK,0.8058,0.100,1.0750,2,none
72.777,-1.03256,-1.06657,0.21009,1,10,0,FALLBACK,0.6959,0.100,1.0765,2,none
72.824,-0.89514,-1.12831,0.26733,1,10,0,FALLBACK,0.5654,0.100,1.0770,2,none
72.874,-0.73809,-0.94389,0.23144,1,10,0,FALLBACK,0.4162,0.100,1.0790,2,none
72.924,-0.56738,-0.80827,0.21178,1,10,0,FALLBACK,0.2540,0.100,1.0823,2,none
72.975,-0.38935,-0.38238,0.13484,1,10,0,FALLBACK,0.0849,0.100,1.0848,2,none
73.025,-0.20800,-0.41272,0.19217,1,10,0,FALLBACK,-0.0874,0.100,1.0870,2,none
73.077,-0.02703,0.01387,0.12010,1,10,0,FALLBACK,-0.2593,0.100,1.0891,2,none
73.126,0.14979,0.43409,0.17002,1,10,0,FALLBACK,-0.4273,0.100,1.0901,2,none
73.175,0.31315,0.60759,0.16038,1,10,0,FALLBACK,-0.5825,0.100,1.0897,2,none
73.225,0.45796,0.75987,0.18815,1,10,0,FALLBACK,-0.7201,0.100,1.0889,2,none
73.276,0.57965,0.31217,0.33017,0,10,0,FALLBACK,-0.8357,0.100,1.0873,2,none
73.326,0.78951,-0.06079,0.52763,0,10,0,FALLBACK,-1.0000,0.100,1.0852,2,none
73.376,0.74076,1.01797,0.28113,1,10,0,FALLBACK,-0.9887,0.100,1.0823,2,none
73.428,0.65684,0.91640,0.14587,1,10,0,FALLBACK,-0.9090,0.100,1.0790,2,none
73.477,0.54220,0.61002,0.19066,1,10,0,FALLBACK,-0.8001,0.100,1.0784,2,none
73.528,0.40190,0.55877,0.16387,1,10,0,FALLBACK,-0.6668,0.100,1.0784,2,none
73.579,0.30059,0.13795,0.15849,1,10,0,FALLBACK,-0.5706,0.100,1.0809,2,none
73.630,0.02629,-0.01446,0.13630,1,10,0,FALLBACK,-0.3100,0.100,1.0831,2,none
73.677,-0.26010,-0.17530,0.11722,1,10,0,FALLBACK,-0.0379,0.100,1.0854,2,none
73.728,-0.55091,-1.18519,0.31663,0,10,0,FALLBACK,0.2384,0.100,1.0877,2,none
73.780,-0.84007,-2.34804,0.62933,0,10,0,FALLBACK,0.5131,0.100,1.0886,2,none
73.831,-0.93605,-3.71069,0.64750,0,10,0,FALLBACK,0.6043,0.100,1.0874,2,none
73.881,-1.27576,-3.04627,0.50574,0,10,0,FALLBACK,0.9270,0.100,1.0865,2,none
73.931,-1.60053,-2.28795,0.41507,0,10,0,FALLBACK,1.0000,0.100,1.0825,2,none
73.980,-1.89671,-0.88950,1.25772,0,10,0,FALLBACK,1.0000,0.100,1.0769,2,none
74.032,-2.16548,-2.44557,0.88179,0,10,0,FALLBACK,1.0000,0.100,1.0744,2,none
74.063,-2.40841,-2.41726,0.31891,0,10,0,FALLBACK,1.0000,0.100,1.0730,2,none
74.115,-2.62473,-3.46437,0.46501,0,10,0,FALLBACK,1.0000,0.100,1.0716,2,none
74.163,-2.58539,-3.86251,0.58342,0,10,0,FALLBACK,1.0000,0.100,1.0702,2,none
74.217,-2.84251,-3.38549,1.00642,0,10,0,FALLBACK,1.0000,0.100,1.0689,2,none
74.264,-3.07397,-3.66370,0.58840,0,10,0,FALLBACK,1.0000,0.100,1.0675,2,none
74.314,-3.27864,-3.83325,0.66649,0,10,0,FALLBACK,1.0000,0.100,1.0662,2,none
74.365,-3.45558,-3.46288,0.47210,0,10,0,FALLBACK,1.0000,0.100,1.0650,2,none
74.416,-3.60396,-3.84815,0.75006,0,10,0,FALLBACK,1.0000,0.100,1.0637,2,none
74.465,-3.72309,-3.29236,0.39122,0,10,0,FALLBACK,1.0000,0.100,1.0625,2,none
74.518,-3.54211,-3.40799,0.50308,0,10,0,FALLBACK,1.0000,0.100,1.0613,2,none
74.567,-3.70785,-3.61736,0.56337,0,10,0,FALLBACK,1.0000,0.100,1.0601,2,none
74.616,-3.84500,-4.18714,0.54147,0,10,0,FALLBACK,1.0000,0.100,1.0590,2,none
74.666,-3.95296,-4.14697,0.72143,0,10,0,FALLBACK,1.0000,0.100,1.0578,2,none
74.715,-4.03126,-4.79345,0.78051,0,10,0,FALLBACK,1.0000,0.100,1.0567,2,none
74.767,-4.07960,-4.47077,0.72274,0,10,0,FALLBACK,1.0000,0.100,1.0556,2,none
74.818,-4.09783,-4.56206,0.82770,0,10,0,FALLBACK,1.0000,0.100,1.0545,2,none
74.867,-4.08594,-4.24568,0.84064,0,10,0,FALLBACK,1.0000,0.100,1.0535,2,none
74.917,-3.84938,-4.07412,0.78115,0,10,0,FALLBACK,1.0000,0.100,1.0524,2,none
74.968,-3.88737,-4.06441,0.55100,0,10,0,FALLBACK,1.0000,0.100,1.0514,2,none
75.019,-3.89545,-3.55854,0.48239,0,10,0,FALLBACK,1.0000,0.100,1.0504,2,none
75.067,-3.87364,-3.53875,0.50029,0,10,0,FALLBACK,1.0000,0.100,1.0494,2,none
75.118,-3.82216,-3.74561,0.52008,0,10,0,FALLBACK,1.0000,0.100,1.0485,2,none
75.169,-3.74134,-3.35149,0.53531,0,10,0,FALLBACK,1.0000,0.100,1.0475,2,none
75.217,-3.63168,-2.84859,0.48477,0,10,0,FALLBACK,1.0000,0.100,1.0466,2,none
75.269,-3.27652,-2.45047,0.39642,0,10,0,FALLBACK,1.0000,0.100,1.0457,2,none
75.317,-3.21595,-2.37956,0.35221,0,10,0,FALLBACK,1.0000,0.100,1.0448,2,none
75.369,-3.12636,-2.54409,0.40993,0,10,0,FALLBACK,1.0000,0.100,1.0439,2,none
75.418,-3.00827,-2.78826,0.44631,0,10,0,FALLBACK,1.0000,0.100,1.0430,2,none
75.468,-2.86235,-3.14423,0.51752,0,10,0,FALLBACK,1.0000,0.100,1.0422,2,none
75.520,-2.68940,-2.11177,0.22849,1,10,0,FALLBACK,1.0000,0.100,1.0413,2,none
75.570,-2.49032,-2.41498,0.38120,0,10,0,FALLBACK,1.0000,0.100,1.0405,2,none
75.619,-2.04160,-2.00716,0.33174,0,10,0,FALLBACK,1.0000,0.100,1.0397,2,none
75.670,-1.88810,-1.85782,0.38775,0,10,0,FALLBACK,1.0000,0.100,1.0389,2,none
75.720,-1.70795,-1.36051,0.30429,0,10,0,FALLBACK,1.0000,0.100,1.0382,2,none
75.768,-1.50213,-1.27330,0.22697,1,10,0,FALLBACK,1.0000,0.100,1.0374,2,none
75.823,-1.27169,-1.31725,0.32050,0,10,0,FALLBACK,0.9231,0.100,1.0366,2,none
75.871,-1.01783,-1.00798,0.26073,1,10,0,FALLBACK,0.6819,0.100,1.0359,2,none
75.921,-0.74515,-1.01271,0.27097,1,10,0,FALLBACK,0.4229,0.100,1.0392,2,none
75.972,-0.46290,-0.93299,0.31602,0,10,0,FALLBACK,0.1548,0.100,1.0429,2,none
76.021,-0.06067,0.22575,0.24782,1,10,0,FALLBACK,-0.2274,0.100,1.0460,2,none
76.072,0.13295,0.45901,0.18940,1,10,0,FALLBACK,-0.4113,0.100,1.0465,2,none
76.120,0.31129,0.67481,0.15283,1,10,0,FALLBACK,-0.5807,0.100,1.0472,2,none
76.173,0.47247,0.84675,0.18706,1,10,0,FALLBACK,-0.7338,0.100,1.0469,2,none
76.221,0.61188,1.09451,0.16503,1,10,0,FALLBACK,-0.8663,0.100,1.0457,2,none
76.275,0.72506,0.94435,0.18686,1,10,0,FALLBACK,-0.9738,0.100,1.0439,2,none
76.323,0.80844,1.19943,0.23076,1,10,0,FALLBACK,-1.0000,0.100,1.0415,2,none
76.370,0.86007,0.85933,0.16900,1,10,0,FALLBACK,-1.0000,0.100,1.0398,2,none
76.423,0.88151,0.43421,0.12957,1,10,0,FALLBACK,-1.0000,0.100,1.0389,2,none
76.473,0.87370,0.07520,0.17537,1,10,0,FALLBACK,-1.0000,0.100,1.0381,2,none
76.522,0.83680,-0.23931,0.40635,0,10,0,FALLBACK,-1.0000,0.100,1.0374,2,none
76.573,0.77106,-2.42035,0.56138,0,10,0,FALLBACK,-1.0000,0.100,1.0366,2,none
76.622,0.67686,-0.51653,0.43362,0,10,0,FALLBACK,-0.9280,0.100,1.0359,2,none
76.674,0.55529,-1.84190,0.45314,0,10,0,FALLBACK,-0.8125,0.100,1.0363,2,none
76.725,0.41064,-1.82045,0.49914,0,10,0,FALLBACK,-0.6751,0.100,1.0379,2,none
76.773,0.24746,-1.62027,0.48447,0,10,0,FALLBACK,-0.5201,0.100,1.0404,2,none
76.825,0.07004,-4.14229,0.80956,0,10,0,FALLBACK,-0.3515,0.100,1.0432,2,none
76.873,-0.11835,-4.16983,0.91473,0,10,0,FALLBACK,-0.1726,0.100,1.0454,2,none
76.923,-0.31357,-5.41789,1.01269,0,10,0,FALLBACK,0.0129,0.100,1.0486,2,none
76.972,-0.50778,-3.31062,0.64942,0,10,0,FALLBACK,0.1974,0.100,1.0508,2,none
77.023,-0.69689,-1.69306,0.44151,0,10,0,FALLBACK,0.3770,0.100,1.0522,2,none
77.075,-0.87558,-1.23784,0.32096,0,10,0,FALLBACK,0.5468,0.100,1.0528,2,none
77.125,-1.03841,-1.52646,0.32865,0,10,0,FALLBACK,0.7015,0.100,1.0525,2,none
77.173,-1.18170,-1.48530,0.25847,1,10,0,FALLBACK,0.8376,0.100,1.0532,2,none
77.223,-1.30106,-2.44208,0.57708,0,10,0,FALLBACK,0.9510,0.100,1.0496,2,none
77.272,-1.38974,-2.13530,0.32658,0,10,0,FALLBACK,1.0000,0.100,1.0470,2,none
77.324,-1.44663,-1.21483,0.33676,0,10,0,FALLBACK,1.0000,0.100,1.0449,2,none
77.374,-1.47241,-2.20510,0.50191,0,10,0,FALLBACK,1.0000,0.100,1.0437,2,none
77.424,-1.46855,-2.61018,0.50923,0,10,0,FALLBACK,1.0000,0.100,1.0428,2,none
77.473,-1.43528,-2.80256,0.48847,0,10,0,FALLBACK,1.0000,0.100,1.0419,2,none
77.524,-1.37285,-2.65034,0.45950,0,10,0,FALLBACK,1.0000,0.100,1.0411,2,none
77.576,-1.28162,-3.05584,0.63545,0,10,0,FALLBACK,0.9325,0.100,1.0403,2,none
77.625,-1.16266,-4.78087,0.70454,0,10,0,FALLBACK,0.8195,0.100,1.0405,2,none
77.674,-1.01924,-2.86034,0.57835,0,10,0,FALLBACK,0.6833,0.100,1.0406,2,none
77.726,-0.85561,-2.75456,0.58125,0,10,0,FALLBACK,0.5278,0.100,1.0440,2,none
77.775,-0.67822,-2.69776,0.98306,0,10,0,FALLBACK,0.3593,0.100,1.0470,2,none
77.826,-0.49073,-0.02734,1.14364,0,10,0,FALLBACK,0.1812,0.100,1.0500,2,none
77.875,-0.29686,2.06548,0.93303,0,10,0,FALLBACK,-0.0030,0.100,1.0528,2,none
77.925,-0.10219,1.79747,1.11659,0,10,0,FALLBACK,-0.1879,0.100,1.0550,2,none
77.977,0.08740,0.85912,0.26302,1,10,0,FALLBACK,-0.3680,0.100,1.0566,2,none
78.026,0.26836,0.62734,0.14658,1,10,0,FALLBACK,-0.5399,0.100,1.0585,2,none
78.077,0.43551,0.76611,0.30064,0,10,0,FALLBACK,-0.6987,0.100,1.0572,2,none
78.126,0.58040,0.53371,0.20298,1,10,0,FALLBACK,-0.8364,0.100,1.0560,2,none
78.177,0.69960,0.70740,0.14791,1,10,0,FALLBACK,-0.9496,0.100,1.0541,2,none
78.226,0.78928,0.98153,0.17052,1,10,0,FALLBACK,-1.0000,0.100,1.0516,2,none
78.277,0.84704,0.94083,0.17892,1,10,0,FALLBACK,-1.0000,0.100,1.0495,2,none
78.327,0.87343,1.12398,0.18696,1,10,0,FALLBACK,-1.0000,0.100,1.0482,2,none
78.376,0.86996,1.05080,0.22448,1,10,0,FALLBACK,-1.0000,0.100,1.0473,2,none
78.425,0.83688,0.74664,0.13895,1,10,0,FALLBACK,-1.0000,0.100,1.0464,2,none
78.476,0.77442,0.87183,0.16437,1,10,0,FALLBACK,-1.0000,0.100,1.0455,2,none
78.526,0.68297,0.59374,0.20459,1,10,0,FALLBACK,-0.9338,0.100,1.0446,2,none
78.579,0.56318,0.45215,0.19525,1,10,0,FALLBACK,-0.8200,0.100,1.0444,2,none
78.627,0.41879,0.02861,0.09153,1,10,0,FALLBACK,-0.6829,0.100,1.0456,2,none
78.677,0.25445,-0.03955,0.12792,1,10,0,FALLBACK,-0.5267,0.100,1.0478,2,none
78.726,0.07458,-0.23818,0.13425,1,10,0,FALLBACK,-0.3558,0.100,1.0506,2,none
78.778,-0.11633,-0.53671,0.15437,1,10,0,FALLBACK,-0.1745,0.100,1.0535,2,none
78.832,-0.24284,-0.84190,0.14391,1,10,0,FALLBACK,-0.0543,0.100,1.0562,2,none
78.880,-0.50902,-0.97238,0.20501,1,10,0,FALLBACK,0.1986,0.100,1.0586,2,none
78.927,-0.77435,-1.15911,0.22005,1,10,0,FALLBACK,0.4506,0.100,1.0601,2,none
78.978,-1.03043,-1.15018,0.25955,1,10,0,FALLBACK,0.6939,0.100,1.0600,2,none
79.029,-1.26942,-1.44331,0.23805,1,10,0,FALLBACK,0.9209,0.100,1.0581,2,none
79.065,-1.48376,-1.38562,0.24901,1,10,0,FALLBACK,1.0000,0.100,1.0543,2,none
79.113,-1.57785,-1.99155,0.26110,1,10,0,FALLBACK,1.0000,0.100,1.0505,2,none
79.162,-1.80155,-2.72302,0.35069,0,10,0,FALLBACK,1.0000,0.100,1.0485,2,none
79.213,-1.99889,-2.23277,0.36453,0,10,0,FALLBACK,1.0000,0.100,1.0475,2,none
79.263,-2.16938,-2.23121,0.86795,0,10,0,FALLBACK,1.0000,0.100,1.0466,2,none
79.315,-2.31224,-1.45434,1.38335,0,10,0,FALLBACK,1.0000,0.100,1.0457,2,none
79.364,-2.42682,-1.17636,1.37507,0,10,0,FALLBACK,1.0000,0.100,1.0448,2,none
79.414,-2.40708,-0.89007,1.48357,0,10,0,FALLBACK,1.0000,0.100,1.0439,2,none
79.464,-2.54144,-1.16590,1.32974,0,10,0,FALLBACK,1.0000,0.100,1.0430,2,none
79.515,-2.64749,-1.44604,1.10750,0,10,0,FALLBACK,1.0000,0.100,1.0422,2,none
79.565,-2.72477,-2.04584,0.79629,0,10,0,FALLBACK,1.0000,0.100,1.0414,2,none
79.616,-2.77296,-2.23043,0.73878,0,10,0,FALLBACK,1.0000,0.100,1.0405,2,none
79.665,-2.79190,-2.14783,0.74732,0,10,0,FALLBACK,1.0000,0.100,1.0397,2,none
79.715,-2.66608,-1.62618,1.06544,0,10,0,FALLBACK,1.0000,0.100,1.0389,2,none
79.766,-2.70604,-1.72987,0.89488,0,10,0,FALLBACK,1.0000,0.100,1.0382,2,none
79.816,-2.71685,-2.39495,0.29089,0,10,0,FALLBACK,1.0000,0.100,1.0374,2,none
79.868,-2.69851,-2.14565,0.38366,0,10,0,FALLBACK,1.0000,0.100,1.0367,2,none
79.915,-2.65118,-2.72234,0.29522,0,10,0,FALLBACK,1.0000,0.100,1.0359,2,none
79.966,-2.57515,-2.31517,0.52822,0,10,0,FALLBACK,1.0000,0.100,1.0352,2,none
80.016,-2.34823,-2.32834,0.36087,0,10,0,FALLBACK,1.0000,0.100,1.0345,2,none
80.066,-2.29331,-2.42116,0.33867,0,10,0,FALLBACK,1.0000,0.100,1.0338,2,none
80.115,-2.20989,-1.89201,0.35742,0,10,0,FALLBACK,1.0000,0.100,1.0331,2,none
80.166,-2.09845,-1.94763,0.42092,0,10,0,FALLBACK,1.0000,0.100,1.0324,2,none
80.216,-1.95958,-1.84130,0.33905,0,10,0,FALLBACK,1.0000,0.100,1.0318,2,none
80.266,-1.79402,-1.72104,0.32390,0,10,0,FALLBACK,1.0000,0.100,1.0311,2,none
80.317,-1.47212,-1.21643,0.25370,1,10,0,FALLBACK,1.0000,0.100,1.0305,2,none
80.368,-1.32658,-1.08141,0.16813,1,10,0,FALLBACK,0.9752,0.100,1.0299,2,none
80.416,-1.15500,-0.75891,0.22049,1,10,0,FALLBACK,0.8122,0.100,1.0297,2,none
80.467,-0.96118,-0.44525,0.18215,1,10,0,FALLBACK,0.6281,0.100,1.0320,2,none
80.518,-0.75222,-0.19135,0.14653,1,10,0,FALLBACK,0.4296,0.100,1.0353,2,none
80.568,-0.53324,0.01768,0.10211,1,10,0,FALLBACK,0.2216,0.100,1.0387,2,none
80.618,-0.17901,0.27371,0.22473,1,10,0,FALLBACK,-0.1149,0.100,1.0415,2,none
80.667,-0.02498,0.43827,0.17793,1,10,0,FALLBACK,-0.2613,0.100,1.0428,2,none
80.718,0.11792,0.47016,0.19709,1,10,0,FALLBACK,-0.3970,0.100,1.0446,2,none
80.769,0.24889,0.54141,0.24110,1,10,0,FALLBACK,-0.5214,0.100,1.0456,2,none
80.819,0.36433,0.68782,0.17627,1,10,0,FALLBACK,-0.6311,0.100,1.0460,2,none
80.869,0.46138,0.52204,0.19758,1,10,0,FALLBACK,-0.7233,0.100,1.0464,2,none
80.920,0.58294,0.29393,0.18141,1,10,0,FALLBACK,-0.8388,0.100,1.0457,2,none
80.968,0.55264,0.15813,0.15133,1,10,0,FALLBACK,-0.8100,0.100,1.0445,2,none
81.019,0.49476,0.59283,0.18926,1,10,0,FALLBACK,-0.7550,0.100,1.0445,2,none
81.070,0.41394,0.20065,0.15224,1,10,0,FALLBACK,-0.6782,0.100,1.0456,2,none
81.124,0.31304,0.24858,0.18279,1,10,0,FALLBACK,-0.5824,0.100,1.0474,2,none
81.169,0.19441,0.15643,0.15194,1,10,0,FALLBACK,-0.4697,0.100,1.0493,2,none
81.221,0.06167,0.10207,0.08687,1,10,0,FALLBACK,-0.3436,0.100,1.0519,2,none
81.272,-0.08183,0.07603,0.14975,1,10,0,FALLBACK,-0.2073,0.100,1.0543,2,none
81.322,-0.23207,-0.54701,0.16985,1,10,0,FALLBACK,-0.0645,0.100,1.0569,2,none
81.372,-0.38440,-0.76509,0.14830,1,10,0,FALLBACK,0.0802,0.100,1.0592,2,none
81.421,-0.53486,-0.79933,0.17046,1,10,0,FALLBACK,0.2231,0.100,1.0611,2,none
81.471,-0.67915,-0.94098,0.19061,1,10,0,FALLBACK,0.3602,0.100,1.0625,2,none
81.520,-0.81284,-1.12815,0.18171,1,10,0,FALLBACK,0.4872,0.100,1.0633,2,none
81.572,-0.93167,-1.12068,0.18618,1,10,0,FALLBACK,0.6001,0.100,1.0636,2,none
81.623,-1.03179,-1.25341,0.29951,0,10,0,FALLBACK,0.6952,0.100,1.0634,2,none
81.669,-1.11083,-1.41927,0.22114,1,10,0,FALLBACK,0.7703,0.100,1.0639,2,none
81.720,-1.16716,-1.16577,0.25410,1,10,0,FALLBACK,0.8238,0.100,1.0632,2,none
81.771,-1.19726,-1.17766,0.25113,1,10,0,FALLBACK,0.8524,0.100,1.0614,2,none
81.823,-1.19957,-0.99799,0.15435,1,10,0,FALLBACK,0.8546,0.100,1.0607,2,none
81.874,-1.17490,-0.97069,0.19056,1,10,0,FALLBACK,0.8312,0.100,1.0604,2,none
81.921,-1.12425,-1.08262,0.19786,1,10,0,FALLBACK,0.7830,0.100,1.0605,2,none
81.972,-1.04935,-0.94159,0.18030,1,10,0,FALLBACK,0.7119,0.100,1.0612,2,none
82.022,-0.95201,-0.59896,0.24563,1,10,0,FALLBACK,0.6194,0.100,1.0618,2,none
82.073,-0.83493,-0.41937,0.51736,0,10,0,FALLBACK,0.5082,0.100,1.0643,2,none
82.124,-0.70287,-0.24722,0.19130,1,10,0,FALLBACK,0.3827,0.100,1.0666,2,none
82.172,-0.55900,-0.17802,0.18085,1,10,0,FALLBACK,0.2460,0.100,1.0691,2,none
82.224,-0.40725,-0.03781,0.14015,1,10,0,FALLBACK,0.1019,0.100,1.0716,2,none
82.273,-0.25180,0.62159,0.32848,0,10,0,FALLBACK,-0.0458,0.100,1.0739,2,none
82.323,-0.09703,0.59939,0.23139,1,10,0,FALLBACK,-0.1928,0.100,1.0758,2,none
82.375,0.05252,1.26755,0.21237,1,10,0,FALLBACK,-0.3349,0.100,1.0773,2,none
82.421,0.19223,1.13455,0.24220,1,10,0,FALLBACK,-0.4676,0.100,1.0781,2,none
82.472,0.31844,1.64667,0.27108,1,10,0,FALLBACK,-0.5875,0.100,1.0788,2,none
82.524,0.42632,2.04908,0.24927,1,10,0,FALLBACK,-0.6900,0.100,1.0781,2,none
82.574,0.51165,2.17489,0.30879,0,10,0,FALLBACK,-0.7711,0.100,1.0773,2,none
82.624,0.57188,2.04267,0.33559,0,10,0,FALLBACK,-0.8283,0.100,1.0763,2,none
82.675,0.60506,1.58207,0.27901,1,10,0,FALLBACK,-0.8598,0.100,1.0752,2,none
82.724,0.61025,1.53654,0.25100,1,10,0,FALLBACK,-0.8647,0.100,1.0742,2,none
82.773,0.58746,1.71675,0.27227,1,10,0,FALLBACK,-0.8431,0.100,1.0736,2,none
82.823,0.53746,1.35425,0.26610,1,10,0,FALLBACK,-0.7956,0.100,1.0731,2,none
82.875,0.46198,1.76470,0.39393,0,10,0,FALLBACK,-0.7239,0.100,1.0738,2,none
82.926,0.36394,1.28279,0.19666,1,10,0,FALLBACK,-0.6307,0.100,1.0749,2,none
82.975,0.24619,1.18263,0.27915,1,10,0,FALLBACK,-0.5189,0.100,1.0766,2,none
83.027,0.11219,0.22270,0.11817,1,10,0,FALLBACK,-0.3916,0.100,1.0787,2,none
83.075,-0.03423,0.43845,0.22152,1,10,0,FALLBACK,-0.2525,0.100,1.0810,2,none
83.127,-0.18895,0.00912,0.11813,1,10,0,FALLBACK,-0.1055,0.100,1.0833,2,none
83.176,-0.34874,-0.04563,0.12952,1,10,0,FALLBACK,0.0463,0.100,1.0853,2,none
83.225,-0.51077,-0.13519,0.20739,1,10,0,FALLBACK,0.2002,0.100,1.0873,2,none
83.276,-0.66809,-0.71240,0.13102,1,10,0,FALLBACK,0.3497,0.100,1.0882,2,none
83.324,-0.81397,-0.80660,0.18787,1,10,0,FALLBACK,0.4883,0.100,1.0886,2,none
83.377,-0.94457,-0.85403,0.21771,1,10,0,FALLBACK,0.6123,0.100,1.0884,2,none
83.425,-1.05665,0.26135,0.70614,0,10,0,FALLBACK,0.7188,0.100,1.0890,2,none
83.474,-1.14663,1.00432,0.53053,0,10,0,FALLBACK,0.8043,0.100,1.0866,2,none
83.523,-1.20899,-1.04310,0.23372,1,10,0,FALLBACK,0.8635,0.100,1.0850,2,none
83.575,-1.22320,-0.72394,0.31369,0,10,0,FALLBACK,0.8770,0.100,1.0833,2,none
83.626,-1.25015,-0.79850,0.40263,0,10,0,FALLBACK,0.9026,0.100,1.0823,2,none
83.674,-1.24856,-0.92408,0.15283,1,10,0,FALLBACK,0.9011,0.100,1.0810,2,none
83.725,-1.21753,-0.90624,0.22961,1,10,0,FALLBACK,0.8717,0.100,1.0801,2,none
83.775,-1.15832,-0.70835,0.26812,1,10,0,FALLBACK,0.8154,0.100,1.0797,2,none
83.827,-1.07306,-0.77500,0.16030,1,10,0,FALLBACK,0.7344,0.100,1.0801,2,none
83.877,-0.96455,-0.16040,0.22673,1,10,0,FALLBACK,0.6313,0.100,1.0812,2,none
83.926,-0.83616,-0.22482,0.18800,1,10,0,FALLBACK,0.5093,0.100,1.0829,2,none
83.975,-0.69168,-0.00653,0.09845,1,10,0,FALLBACK,0.3721,0.100,1.0851,2,none
84.024,-0.53522,0.44831,0.22781,1,10,0,FALLBACK,0.2235,0.100,1.0875,2,none
84.076,-0.37118,0.99995,0.12983,1,10,0,FALLBACK,0.0676,0.100,1.0898,2,none
84.127,-0.20420,2.32484,0.33993,0,10,0,FALLBACK,-0.0910,0.100,1.0919,2,none
84.176,-0.03912,3.07811,0.41713,0,10,0,FALLBACK,-0.2478,0.100,1.0935,2,none
84.227,0.11902,5.31044,0.93593,0,10,0,FALLBACK,-0.3981,0.100,1.0945,2,none
84.276,0.26513,3.37109,0.56608,0,10,0,FALLBACK,-0.5369,0.100,1.0948,2,none
84.326,0.39423,5.09026,0.82648,0,10,0,FALLBACK,-0.6595,0.100,1.0943,2,none
84.377,0.50185,4.34442,0.69949,0,10,0,FALLBACK,-0.7618,0.100,1.0933,2,none
84.427,0.58520,2.11046,0.53910,0,10,0,FALLBACK,-0.8409,0.100,1.0932,2,none
84.477,0.64226,2.42667,0.58238,0,10,0,FALLBACK,-0.8952,0.100,1.0907,2,none
84.527,0.66906,2.24898,0.46014,0,10,0,FALLBACK,-0.9206,0.100,1.0888,2,none
84.575,0.66524,2.38206,0.42023,0,10,0,FALLBACK,-0.9170,0.100,1.0871,2,none
84.628,0.63106,1.61487,0.38320,0,10,0,FALLBACK,-0.8845,0.100,1.0859,2,none
84.677,0.56775,0.80288,0.19843,1,10,0,FALLBACK,-0.8244,0.100,1.0852,2,none
84.728,0.47747,0.52805,0.19949,1,10,0,FALLBACK,-0.7386,0.100,1.0854,2,none
84.776,0.36308,0.30938,0.16003,1,10,0,FALLBACK,-0.6299,0.100,1.0862,2,none
84.833,0.22804,0.06680,0.09604,1,10,0,FALLBACK,-0.5016,0.100,1.0878,2,none
84.879,0.07602,-0.03090,0.08912,1,10,0,FALLBACK,-0.3572,0.100,1.0892,2,none
84.930,-0.08966,-0.30188,0.11303,1,10,0,FALLBACK,-0.1998,0.100,1.0920,2,none
84.979,-0.26263,-0.54641,0.18320,1,10,0,FALLBACK,-0.0355,0.100,1.0943,2,none
85.027,-0.43861,-0.74510,0.12340,1,10,0,FALLBACK,0.1317,0.100,1.0963,2,none
85.081,-0.61252,-0.99581,0.12414,1,10,0,FALLBACK,0.2969,0.100,1.0977,2,none
85.130,-0.77903,-1.10205,0.18237,1,10,0,FALLBACK,0.4551,0.100,1.0984,2,none
85.178,-0.93302,-1.19713,0.13756,1,10,0,FALLBACK,0.6014,0.100,1.0992,2,none
85.229,-1.07028,-1.40614,0.27835,1,10,0,FALLBACK,0.7318,0.100,1.0975,2,none
85.280,-1.18353,-1.47135,0.22505,1,10,0,FALLBACK,0.8394,0.100,1.0958,2,none
85.329,-1.26945,-1.44890,0.21568,1,10,0,FALLBACK,0.9210,0.100,1.0935,2,none
85.379,-1.32492,-1.47975,0.34637,0,10,0,FALLBACK,0.9737,0.100,1.0909,2,none
85.430,-1.34800,-1.41805,0.29938,0,10,0,FALLBACK,0.9956,0.100,1.0883,2,none
85.480,-1.33802,-1.38038,0.28365,1,10,0,FALLBACK,0.9861,0.100,1.0860,2,none
85.529,-1.29552,-1.38328,0.38736,0,10,0,FALLBACK,0.9457,0.100,1.0842,2,none
85.578,-1.22206,-1.01096,0.29239,0,10,0,FALLBACK,0.8760,0.100,1.0828,2,none
85.628,-1.11986,-0.62952,0.91874,0,10,0,FALLBACK,0.7789,0.100,1.0830,2,none
85.678,-0.99282,-1.03395,0.20749,1,10,0,FALLBACK,0.6582,0.100,1.0839,2,none
85.730,-0.84454,-0.19389,0.47372,0,10,0,FALLBACK,0.5173,0.100,1.0856,2,none
85.781,-0.67901,0.50135,0.74339,0,10,0,FALLBACK,0.3601,0.100,1.0871,2,none
85.832,-0.49973,0.94817,0.73503,0,10,0,FALLBACK,0.1897,0.100,1.0901,2,none
85.881,-0.31323,-0.08669,0.49810,0,10,0,FALLBACK,0.0126,0.100,1.0923,2,none
85.913,-0.12284,0.23617,0.19863,1,10,0,FALLBACK,-0.1683,0.100,1.0946,2,none
85.963,0.06120,0.97962,0.46297,0,10,0,FALLBACK,-0.3431,0.100,1.0957,2,none
86.013,0.23363,0.45499,0.20778,1,10,0,FALLBACK,-0.5069,0.100,1.0959,2,none
86.065,0.38944,0.88320,0.22133,1,10,0,FALLBACK,-0.6550,0.100,1.0952,2,none
86.115,0.52338,0.66561,0.17627,1,10,0,FALLBACK,-0.7822,0.100,1.0938,2,none
86.164,0.63083,0.78872,0.22545,1,10,0,FALLBACK,-0.8843,0.100,1.0929,3,none
