time_s,cte_true,cte_pred,mc_std,certified,fail_count,pass_count,mode,steer,throttle,speed,lap,hit
0.000,0.00237,-3.41801,0.34136,0,1,0,MODEL,0.0000,0.100,0.0000,0,none
0.083,0.00237,-3.41875,0.51691,0,2,0,MODEL,0.0000,0.100,0.0000,0,none
0.127,0.00238,-3.37923,0.54745,0,3,0,MODEL,0.0000,0.100,0.0105,0,none
0.177,0.00264,-3.24583,0.37842,0,4,0,MODEL,0.0000,0.100,0.0213,0,none
0.228,0.00294,-3.49280,0.48436,0,5,0,MODEL,0.0000,0.100,0.0351,0,none
0.279,0.00315,-3.19900,0.47536,0,6,0,MODEL,0.0000,0.100,0.0427,0,none
0.329,0.00354,-3.33255,0.37473,0,7,0,MODEL,0.0000,0.100,0.0552,0,none
0.381,0.00382,-3.29030,0.47701,0,8,0,MODEL,0.0000,0.100,0.0729,0,none
0.413,0.00438,-3.42083,0.31809,0,9,0,MODEL,0.0000,0.100,0.0823,0,none
0.465,0.00468,-3.45497,0.52455,0,10,0,FALLBACK,-0.2894,0.100,0.0936,0,none
0.515,0.00415,-3.68181,0.41988,0,10,0,FALLBACK,-0.2889,0.100,0.1072,0,none
0.565,0.00256,-3.07807,0.51503,0,10,0,FALLBACK,-0.2874,0.100,0.1182,0,none
0.612,0.00072,-3.66681,0.39979,0,10,0,FALLBACK,-0.2857,0.100,0.1299,0,none
0.663,-0.00142,-3.37130,0.29229,0,10,0,FALLBACK,-0.2836,0.100,0.1414,0,none
0.715,-0.00392,-3.28634,0.64687,0,10,0,FALLBACK,-0.2813,0.100,0.1529,0,none
0.764,-0.00680,-3.15875,0.56200,0,10,0,FALLBACK,-0.2785,0.100,0.1642,0,none
0.814,-0.01009,-3.39393,0.40574,0,10,0,FALLBACK,-0.2754,0.100,0.1754,0,none
0.865,-0.01382,-3.55520,0.53520,0,10,0,FALLBACK,-0.2719,0.100,0.1865,0,none
0.913,-0.01804,-3.37269,0.31563,0,10,0,FALLBACK,-0.2679,0.100,0.1975,0,none
0.964,-0.02605,-3.28862,0.43832,0,10,0,FALLBACK,-0.2603,0.100,0.2186,0,none
1.014,-0.02964,-3.31943,0.49430,0,10,0,FALLBACK,-0.2568,0.100,0.2216,0,none
1.065,-0.03352,-3.63130,0.48611,0,10,0,FALLBACK,-0.2532,0.100,0.2299,0,none
1.114,-0.04019,-3.63357,0.50054,0,10,0,FALLBACK,-0.2468,0.100,0.2406,0,none
1.164,-0.04198,-3.92808,0.61356,0,10,0,FALLBACK,-0.2451,0.100,0.2510,0,none
1.215,-0.05035,-3.89247,0.43205,0,10,0,FALLBACK,-0.2372,0.100,0.2613,0,none
1.265,-0.05947,-3.46761,0.54236,0,10,0,FALLBACK,-0.2285,0.100,0.2716,0,none
1.313,-0.06931,-3.54675,0.60726,0,10,0,FALLBACK,-0.2192,0.100,0.2817,0,none
1.366,-0.07989,-3.74676,0.63034,0,10,0,FALLBACK,-0.2091,0.100,0.2917,0,none
1.416,-0.09121,-3.62639,0.54423,0,10,0,FALLBACK,-0.1983,0.100,0.3017,0,none
1.466,-0.10328,-3.65510,0.53987,0,10,0,FALLBACK,-0.1869,0.100,0.3115,0,none
1.517,-0.11610,-3.48440,0.36791,0,10,0,FALLBACK,-0.1747,0.100,0.3212,0,none
1.566,-0.12965,-3.00358,0.66569,0,10,0,FALLBACK,-0.1618,0.100,0.3309,0,none
1.616,-0.14393,-3.11461,0.44792,0,10,0,FALLBACK,-0.1483,0.100,0.3404,0,none
1.666,-0.15889,-2.58983,0.64094,0,10,0,FALLBACK,-0.1341,0.100,0.3499,0,none
1.717,-0.17453,-2.85093,0.55749,0,10,0,FALLBACK,-0.1192,0.100,0.3592,0,none
1.767,-0.19078,-3.07514,0.41629,0,10,0,FALLBACK,-0.1038,0.100,0.3685,0,none
1.816,-0.20761,-2.71057,0.47899,0,10,0,FALLBACK,-0.0878,0.100,0.3776,0,none
1.867,-0.22496,-2.98342,0.73601,0,10,0,FALLBACK,-0.0713,0.100,0.3867,0,none
1.916,-0.24277,-2.60294,0.97301,0,10,0,FALLBACK,-0.0544,0.100,0.3957,0,none
1.966,-0.26681,-2.86960,0.63882,0,10,0,FALLBACK,-0.0315,0.100,0.4045,0,none
2.015,-0.28400,-3.24494,0.37717,0,10,0,FALLBACK,-0.0152,0.100,0.4133,0,none
2.067,-0.30129,-2.86772,0.40510,0,10,0,FALLBACK,0.0012,0.100,0.4220,0,none
2.115,-0.31866,-2.95668,0.75083,0,10,0,FALLBACK,0.0177,0.100,0.4306,0,none
2.167,-0.33608,-3.11107,0.55680,0,10,0,FALLBACK,0.0343,0.100,0.4392,0,none
2.217,-0.35341,-3.08181,0.47051,0,10,0,FALLBACK,0.0507,0.100,0.4476,0,none
2.269,-0.37053,-3.25038,0.72911,0,10,0,FALLBACK,0.0670,0.100,0.4559,0,none
2.316,-0.38731,-2.99658,0.65695,0,10,0,FALLBACK,0.0829,0.100,0.4642,0,none
2.367,-0.40363,-2.82312,0.70221,0,10,0,FALLBACK,0.0984,0.100,0.4723,0,none
2.417,-0.41921,-3.06840,0.52089,0,10,0,FALLBACK,0.1133,0.100,0.4804,0,none
2.470,-0.43418,-2.63690,0.71815,0,10,0,FALLBACK,0.1275,0.100,0.4884,0,none
2.518,-0.44373,-2.82367,0.70918,0,10,0,FALLBACK,0.1365,0.100,0.4963,0,none
2.570,-0.45809,-1.81538,0.71391,0,10,0,FALLBACK,0.1502,0.100,0.5042,0,none
2.621,-0.47146,-2.55512,0.86457,0,10,0,FALLBACK,0.1629,0.100,0.5119,0,none
2.672,-0.48363,-2.77937,0.63448,0,10,0,FALLBACK,0.1745,0.100,0.5196,0,none
2.721,-0.49446,-3.14702,0.60204,0,10,0,FALLBACK,0.1847,0.100,0.5272,0,none
2.769,-0.50382,-3.04010,0.58068,0,10,0,FALLBACK,0.1936,0.100,0.5347,0,none
2.821,-0.51160,-2.91088,0.61046,0,10,0,FALLBACK,0.2010,0.100,0.5421,0,none
2.871,-0.51768,-3.32463,0.46445,0,10,0,FALLBACK,0.2068,0.100,0.5495,0,none
2.920,-0.52198,-3.47348,0.65053,0,10,0,FALLBACK,0.2109,0.100,0.5568,0,none
2.970,-0.52440,-3.22695,0.23865,1,10,1,FALLBACK,0.2132,0.100,0.5640,0,none
3.020,-0.51655,-3.43945,0.47362,0,10,0,FALLBACK,0.2057,0.100,0.5711,0,none
3.071,-0.51807,-2.85215,0.87543,0,10,0,FALLBACK,0.2072,0.100,0.5782,0,none
3.121,-0.51781,-3.10938,0.59211,0,10,0,FALLBACK,0.2069,0.100,0.5852,0,none
3.170,-0.51556,-3.46669,0.52369,0,10,0,FALLBACK,0.2048,0.100,0.5922,0,none
3.219,-0.51128,-3.24110,0.68308,0,10,0,FALLBACK,0.2007,0.100,0.5990,0,none
3.270,-0.50497,-3.06486,0.62256,0,10,0,FALLBACK,0.1947,0.100,0.6058,0,none
3.319,-0.49672,-3.67944,0.56232,0,10,0,FALLBACK,0.1869,0.100,0.6126,0,none
3.371,-0.48647,-3.00850,0.69551,0,10,0,FALLBACK,0.1771,0.100,0.6193,0,none
3.419,-0.45919,-3.59416,0.40545,0,10,0,FALLBACK,0.1512,0.100,0.6259,0,none
3.471,-0.45058,-3.42851,0.36283,0,10,0,FALLBACK,0.1431,0.100,0.6323,0,none
3.519,-0.44083,-3.82861,0.37134,0,10,0,FALLBACK,0.1338,0.100,0.6391,0,none
3.570,-0.42965,-3.72630,0.54003,0,10,0,FALLBACK,0.1232,0.100,0.6452,0,none
3.622,-0.41704,-3.68835,0.61075,0,10,0,FALLBACK,0.1112,0.100,0.6518,0,none
3.671,-0.40319,-4.10995,0.72561,0,10,0,FALLBACK,0.0980,0.100,0.6578,0,none
3.719,-0.38820,-3.83817,0.48025,0,10,0,FALLBACK,0.0838,0.100,0.6643,0,none
3.773,-0.37226,-4.49066,0.49657,0,10,0,FALLBACK,0.0687,0.100,0.6702,0,none
3.820,-0.33899,-4.11181,0.51213,0,10,0,FALLBACK,0.0370,0.100,0.6765,0,none
3.871,-0.32855,-3.73495,0.63075,0,10,0,FALLBACK,0.0271,0.100,0.6824,0,none
3.921,-0.31827,-3.70476,0.55433,0,10,0,FALLBACK,0.0174,0.100,0.6884,0,none
3.971,-0.30787,-3.93755,0.45428,0,10,0,FALLBACK,0.0075,0.100,0.6943,0,none
4.023,-0.29742,-3.74095,0.39973,0,10,0,FALLBACK,-0.0025,0.100,0.7001,0,none
4.073,-0.28706,-3.39637,0.46672,0,10,0,FALLBACK,-0.0123,0.100,0.7059,0,none
4.121,-0.27694,-3.85617,0.61731,0,10,0,FALLBACK,-0.0219,0.100,0.7116,0,none
4.171,-0.26719,-3.50119,0.38523,0,10,0,FALLBACK,-0.0312,0.100,0.7173,0,none
4.221,-0.25409,-3.84373,0.45399,0,10,0,FALLBACK,-0.0436,0.100,0.7229,0,none
4.272,-0.24813,-3.69000,0.45097,0,10,0,FALLBACK,-0.0493,0.100,0.7284,0,none
4.321,-0.24309,-3.54815,0.54542,0,10,0,FALLBACK,-0.0541,0.100,0.7339,0,none
4.372,-0.23892,-3.90748,0.83141,0,10,0,FALLBACK,-0.0580,0.100,0.7393,0,none
4.424,-0.23566,-3.77249,0.42345,0,10,0,FALLBACK,-0.0611,0.100,0.7447,0,none
4.474,-0.23339,-3.58587,0.57898,0,10,0,FALLBACK,-0.0633,0.100,0.7500,0,none
4.522,-0.21763,-4.09609,0.57584,0,10,0,FALLBACK,-0.0783,0.100,0.7553,0,none
4.571,-0.22418,-3.57558,0.74146,0,10,0,FALLBACK,-0.0720,0.100,0.7605,0,none
4.623,-0.23232,-3.38830,0.36203,0,10,0,FALLBACK,-0.0643,0.100,0.7656,0,none
4.674,-0.24152,-3.20400,0.47909,0,10,0,FALLBACK,-0.0556,0.100,0.7708,0,none
4.723,-0.25158,-3.14814,0.63763,0,10,0,FALLBACK,-0.0460,0.100,0.7758,0,none
4.772,-0.26235,-3.26039,0.37731,0,10,0,FALLBACK,-0.0358,0.100,0.7808,0,none
4.820,-0.27367,-3.50479,0.56845,0,10,0,FALLBACK,-0.0250,0.100,0.7858,0,none
4.872,-0.27429,-3.04945,0.50654,0,10,0,FALLBACK,-0.0244,0.100,0.7907,0,none
4.924,-0.29323,-3.46877,0.48374,0,10,0,FALLBACK,-0.0064,0.100,0.7955,0,none
4.974,-0.31253,-3.15502,0.49413,0,10,0,FALLBACK,0.0119,0.100,0.8004,0,none
5.023,-0.33154,-3.43853,0.54962,0,10,0,FALLBACK,0.0300,0.100,0.8051,0,none
5.073,-0.34988,-3.46675,0.51119,0,10,0,FALLBACK,0.0474,0.100,0.8098,0,none
5.123,-0.36721,-3.42166,0.42131,0,10,0,FALLBACK,0.0639,0.100,0.8144,0,none
5.172,-0.36506,-3.58008,0.60005,0,10,0,FALLBACK,0.0618,0.100,0.8190,0,none
5.223,-0.38990,-3.30043,0.51866,0,10,0,FALLBACK,0.0854,0.100,0.8236,0,none
5.273,-0.41354,-3.46703,0.61680,0,10,0,FALLBACK,0.1079,0.100,0.8281,0,none
5.326,-0.43501,-3.17576,0.46107,0,10,0,FALLBACK,0.1283,0.100,0.8325,0,none
5.372,-0.45382,-3.27541,0.54209,0,10,0,FALLBACK,0.1461,0.100,0.8369,0,none
5.421,-0.46961,-3.71332,0.33707,0,10,0,FALLBACK,0.1611,0.100,0.8412,0,none
5.471,-0.47332,-3.13506,0.69332,0,10,0,FALLBACK,0.1647,0.100,0.8455,0,none
5.522,-0.48724,-3.57136,0.60691,0,10,0,FALLBACK,0.1779,0.100,0.8497,0,none
5.573,-0.49771,-3.39155,0.80027,0,10,0,FALLBACK,0.1878,0.100,0.8539,0,none
5.623,-0.50426,-3.22176,0.34259,0,10,0,FALLBACK,0.1940,0.100,0.8580,0,none
5.673,-0.50670,-3.27995,0.75619,0,10,0,FALLBACK,0.1964,0.100,0.8621,0,none
5.724,-0.50497,-3.59583,0.54625,0,10,0,FALLBACK,0.1947,0.100,0.8662,0,none
5.776,-0.48762,-2.99788,0.55163,0,10,0,FALLBACK,0.1782,0.100,0.8702,0,none
5.822,-0.48517,-3.54114,0.57912,0,10,0,FALLBACK,0.1759,0.100,0.8743,0,none
5.875,-0.47930,-3.23118,0.48537,0,10,0,FALLBACK,0.1703,0.100,0.8783,0,none
5.924,-0.46977,-3.13009,0.52073,0,10,0,FALLBACK,0.1613,0.100,0.8822,0,none
5.974,-0.45671,-3.62700,0.74663,0,10,0,FALLBACK,0.1489,0.100,0.8861,0,none
6.024,-0.44047,-3.56471,0.63368,0,10,0,FALLBACK,0.1335,0.100,0.8900,0,none
6.075,-0.41812,-3.94676,0.57564,0,10,0,FALLBACK,0.1122,0.100,0.8939,0,none
6.124,-0.39900,-3.55864,0.47154,0,10,0,FALLBACK,0.0940,0.100,0.8977,0,none
6.175,-0.37791,-3.71173,0.42502,0,10,0,FALLBACK,0.0740,0.100,0.9015,0,none
6.225,-0.35521,-3.79141,0.65621,0,10,0,FALLBACK,0.0524,0.100,0.9052,0,none
6.274,-0.33135,-3.85571,0.42391,0,10,0,FALLBACK,0.0298,0.100,0.9089,0,none
6.324,-0.30411,-3.50543,0.55867,0,10,0,FALLBACK,0.0039,0.100,0.9126,0,none
6.375,-0.28112,-3.93774,0.53756,0,10,0,FALLBACK,-0.0179,0.100,0.9163,0,none
6.426,-0.25870,-3.50637,0.44043,0,10,0,FALLBACK,-0.0392,0.100,0.9198,0,none
6.475,-0.23728,-3.69591,0.60643,0,10,0,FALLBACK,-0.0596,0.100,0.9234,0,none
6.525,-0.21719,-3.70561,0.57588,0,10,0,FALLBACK,-0.0787,0.100,0.9269,0,none
6.574,-0.19885,-3.25049,0.57588,0,10,0,FALLBACK,-0.0961,0.100,0.9303,0,none
6.624,-0.17476,-3.79519,0.59378,0,10,0,FALLBACK,-0.1190,0.100,0.9337,0,none
6.677,-0.16921,-3.61272,0.67874,0,10,0,FALLBACK,-0.1242,0.100,0.9371,0,none
6.725,-0.16709,-3.82009,0.53420,0,10,0,FALLBACK,-0.1263,0.100,0.9404,0,none
6.776,-0.16819,-3.93234,0.77411,0,10,0,FALLBACK,-0.1252,0.100,0.9437,0,none
6.826,-0.17244,-4.15775,0.55875,0,10,0,FALLBACK,-0.1212,0.100,0.9470,0,none
6.875,-0.17032,-3.60666,0.57196,0,10,0,FALLBACK,-0.1232,0.100,0.9502,0,none
6.925,-0.18728,-3.79245,0.59672,0,10,0,FALLBACK,-0.1071,0.100,0.9534,0,none
6.976,-0.20729,-3.63024,0.50435,0,10,0,FALLBACK,-0.0881,0.100,0.9566,0,none
7.025,-0.22960,-3.07661,0.34656,0,10,0,FALLBACK,-0.0669,0.100,0.9598,0,none
7.076,-0.25364,-3.26311,0.64885,0,10,0,FALLBACK,-0.0440,0.100,0.9630,0,none
7.126,-0.27880,-3.21881,0.42363,0,10,0,FALLBACK,-0.0201,0.100,0.9661,0,none
7.176,-0.29953,-3.23043,0.51978,0,10,0,FALLBACK,-0.0004,0.100,0.9692,0,none
7.229,-0.33301,-3.50425,0.56700,0,10,0,FALLBACK,0.0314,0.100,0.9722,0,none
7.277,-0.36590,-3.18845,0.64545,0,10,0,FALLBACK,0.0626,0.100,0.9752,0,none
7.325,-0.39732,-2.98031,0.41691,0,10,0,FALLBACK,0.0925,0.100,0.9781,0,none
7.377,-0.42646,-2.29506,0.71020,0,10,0,FALLBACK,0.1201,0.100,0.9810,0,none
7.427,-0.44699,-1.87913,0.81353,0,10,0,FALLBACK,0.1396,0.100,0.9839,0,none
7.477,-0.47628,-2.34811,0.73390,0,10,0,FALLBACK,0.1675,0.100,0.9867,0,none
7.527,-0.50133,-2.40436,0.83395,0,10,0,FALLBACK,0.1913,0.100,0.9894,0,none
7.577,-0.52125,-3.08792,0.37067,0,10,0,FALLBACK,0.2102,0.100,0.9921,0,none
7.627,-0.53537,-3.65935,0.46670,0,10,0,FALLBACK,0.2236,0.100,0.9947,0,none
7.679,-0.54137,-2.81486,0.62154,0,10,0,FALLBACK,0.2293,0.100,0.9973,0,none
7.727,-0.54499,-3.44679,0.45529,0,10,0,FALLBACK,0.2327,0.100,0.9999,0,none
7.778,-0.54209,-3.15922,0.53313,0,10,0,FALLBACK,0.2300,0.100,1.0025,0,none
7.828,-0.53263,-3.48758,0.47952,0,10,0,FALLBACK,0.2210,0.100,1.0051,0,none
7.879,-0.51676,-3.72421,0.52062,0,10,0,FALLBACK,0.2059,0.100,1.0077,0,none
7.929,-0.49644,-4.17970,0.61991,0,10,0,FALLBACK,0.1866,0.100,1.0103,0,none
7.981,-0.46751,-4.19254,0.58658,0,10,0,FALLBACK,0.1591,0.100,1.0129,0,none
8.027,-0.43365,-3.52244,0.43231,0,10,0,FALLBACK,0.1270,0.100,1.0155,0,none
8.077,-0.39581,-3.78264,0.73258,0,10,0,FALLBACK,0.0910,0.100,1.0181,0,none
8.130,-0.35498,-3.24613,0.35506,0,10,0,FALLBACK,0.0522,0.100,1.0207,0,none
8.178,-0.31297,-3.67692,0.61516,0,10,0,FALLBACK,0.0123,0.100,1.0233,0,none
8.229,-0.26860,-3.79189,0.64450,0,10,0,FALLBACK,-0.0298,0.100,1.0258,0,none
8.278,-0.22469,-3.96893,0.57459,0,10,0,FALLBACK,-0.0715,0.100,1.0283,0,none
8.330,-0.18251,-4.13516,0.54031,0,10,0,FALLBACK,-0.1116,0.100,1.0307,0,none
8.380,-0.14354,-3.88520,0.53968,0,10,0,FALLBACK,-0.1486,0.100,1.0330,0,none
8.412,-0.10576,-3.85922,0.54988,0,10,0,FALLBACK,-0.1845,0.100,1.0353,0,none
8.462,-0.08178,-3.93112,0.69782,0,10,0,FALLBACK,-0.2073,0.100,1.0374,0,none
8.515,-0.06448,-3.35210,0.45309,0,10,0,FALLBACK,-0.2237,0.100,1.0396,0,none
8.564,-0.05407,-3.33487,0.51931,0,10,0,FALLBACK,-0.2336,0.100,1.0417,0,none
8.615,-0.05085,-3.57386,0.62863,0,10,0,FALLBACK,-0.2367,0.100,1.0438,0,none
8.665,-0.05058,-3.44159,0.47222,0,10,0,FALLBACK,-0.2369,0.100,1.0460,0,none
8.714,-0.07269,-3.80802,0.57857,0,10,0,FALLBACK,-0.2159,0.100,1.0481,0,none
8.766,-0.10169,-3.47673,0.46405,0,10,0,FALLBACK,-0.1884,0.100,1.0503,0,none
8.815,-0.13647,-2.96751,0.32078,0,10,0,FALLBACK,-0.1554,0.100,1.0525,0,none
8.868,-0.16332,-3.22264,0.38011,0,10,0,FALLBACK,-0.1298,0.100,1.0547,0,none
8.914,-0.21738,-3.71971,0.46767,0,10,0,FALLBACK,-0.0785,0.100,1.0569,0,none
8.967,-0.27422,-2.80172,0.83567,0,10,0,FALLBACK,-0.0245,0.100,1.0591,0,none
9.017,-0.33178,-1.69246,0.96376,0,10,0,FALLBACK,0.0302,0.100,1.0612,0,none
9.068,-0.38833,-0.48778,0.60710,0,10,0,FALLBACK,0.0839,0.100,1.0633,0,none
9.118,-0.43730,-2.14755,0.56649,0,10,0,FALLBACK,0.1304,0.100,1.0653,0,none
9.168,-0.49406,-2.90785,0.43057,0,10,0,FALLBACK,0.1844,0.100,1.0671,0,none
9.219,-0.54526,-2.86709,0.56742,0,10,0,FALLBACK,0.2330,0.100,1.0689,0,none
9.272,-0.58919,-2.98124,0.58152,0,10,0,FALLBACK,0.2747,0.100,1.0706,0,none
9.323,-0.62438,-3.17328,0.39846,0,10,0,FALLBACK,0.3082,0.100,1.0721,0,none
9.371,-0.65014,-2.45330,0.78104,0,10,0,FALLBACK,0.3326,0.100,1.0736,0,none
9.421,-0.66391,-2.28162,0.74326,0,10,0,FALLBACK,0.3457,0.100,1.0751,0,none
9.471,-0.66637,-3.05429,0.59214,0,10,0,FALLBACK,0.3480,0.100,1.0766,0,none
9.523,-0.65741,-3.05048,0.60753,0,10,0,FALLBACK,0.3395,0.100,1.0782,0,none
9.571,-0.64250,-3.11518,0.46695,0,10,0,FALLBACK,0.3254,0.100,1.0798,0,none
9.620,-0.60753,-3.32960,0.42100,0,10,0,FALLBACK,0.2922,0.100,1.0815,0,none
9.672,-0.56261,-3.58462,0.64167,0,10,0,FALLBACK,0.2495,0.100,1.0833,0,none
9.722,-0.50922,-3.82196,0.39919,0,10,0,FALLBACK,0.1988,0.100,1.0851,0,none
9.772,-0.44899,-4.26152,0.52439,0,10,0,FALLBACK,0.1415,0.100,1.0871,0,none
9.822,-0.38802,-3.81526,0.61415,0,10,0,FALLBACK,0.0836,0.100,1.0890,0,none
9.871,-0.31487,-4.75042,0.66546,0,10,0,FALLBACK,0.0141,0.100,1.0910,0,none
9.921,-0.24182,-4.35644,0.68119,0,10,0,FALLBACK,-0.0553,0.100,1.0928,0,none
9.971,-0.16987,-4.29522,0.73235,0,10,0,FALLBACK,-0.1236,0.100,1.0946,0,none
10.020,-0.10137,-4.08947,0.74164,0,10,0,FALLBACK,-0.1887,0.100,1.0962,0,none
10.071,-0.04147,-4.59378,0.65378,0,10,0,FALLBACK,-0.2456,0.100,1.0976,0,none
10.121,0.01727,-4.51017,0.60551,0,10,0,FALLBACK,-0.3014,0.100,1.0988,0,none
10.173,0.06645,-4.67694,0.77451,0,10,0,FALLBACK,-0.3481,0.100,1.1001,0,none
10.224,0.10417,-4.11948,0.65846,0,10,0,FALLBACK,-0.3840,0.100,1.1011,0,none
10.273,0.12737,-4.32061,0.66304,0,10,0,FALLBACK,-0.4060,0.100,1.1021,0,none
10.323,0.13967,-4.15095,0.65543,0,10,0,FALLBACK,-0.4177,0.100,1.1031,0,none
10.373,0.13773,-4.26577,0.66167,0,10,0,FALLBACK,-0.4158,0.100,1.1041,0,none
10.421,0.12147,-3.57353,0.39012,0,10,0,FALLBACK,-0.4004,0.100,1.1052,0,none
10.472,0.09136,-3.66313,0.65064,0,10,0,FALLBACK,-0.3718,0.100,1.1064,0,none
10.523,0.04709,-3.85362,0.34039,0,10,0,FALLBACK,-0.3297,0.100,1.1078,0,none
10.575,-0.00558,-3.37963,0.52330,0,10,0,FALLBACK,-0.2797,0.100,1.1093,0,none
10.625,-0.06813,-2.96466,0.55331,0,10,0,FALLBACK,-0.2203,0.100,1.1109,0,none
10.674,-0.13902,-2.97692,0.61485,0,10,0,FALLBACK,-0.1529,0.100,1.1125,0,none
10.724,-0.21243,-1.36242,1.24405,0,10,0,FALLBACK,-0.0832,0.100,1.1142,0,none
10.775,-0.29552,-0.21975,0.37922,0,10,0,FALLBACK,-0.0043,0.100,1.1159,0,none
10.826,-0.37957,-1.03935,0.71834,0,10,0,FALLBACK,0.0756,0.100,1.1174,0,none
10.877,-0.46176,-2.61979,0.77128,0,10,0,FALLBACK,0.1537,0.100,1.1188,0,none
10.925,-0.53931,-1.46290,0.55829,0,10,0,FALLBACK,0.2273,0.100,1.1200,0,none
10.976,-0.60792,-2.09966,0.57097,0,10,0,FALLBACK,0.2925,0.100,1.1210,0,none
11.027,-0.67051,-1.49810,0.39909,0,10,0,FALLBACK,0.3520,0.100,1.1218,0,none
11.076,-0.72112,-1.76592,0.74037,0,10,0,FALLBACK,0.4001,0.100,1.1225,0,none
11.125,-0.75782,-2.36014,0.53431,0,10,0,FALLBACK,0.4349,0.100,1.1230,0,none
11.175,-0.78475,-2.01451,0.58303,0,10,0,FALLBACK,0.4605,0.100,1.1235,0,none
11.227,-0.78521,-2.40187,0.53826,0,10,0,FALLBACK,0.4609,0.100,1.1240,0,none
11.274,-0.76902,-3.32136,0.44831,0,10,0,FALLBACK,0.4456,0.100,1.1247,0,none
11.324,-0.73681,-3.55798,0.64552,0,10,0,FALLBACK,0.4150,0.100,1.1255,0,none
11.375,-0.68966,-3.40487,0.54475,0,10,0,FALLBACK,0.3702,0.100,1.1266,0,none
11.425,-0.63523,-3.85000,0.45723,0,10,0,FALLBACK,0.3185,0.100,1.1278,0,none
11.475,-0.55276,-3.62936,0.62195,0,10,0,FALLBACK,0.2401,0.100,1.1291,0,none
11.526,-0.46025,-4.43031,0.78683,0,10,0,FALLBACK,0.1522,0.100,1.1306,0,none
11.578,-0.36086,-4.45255,0.64101,0,10,0,FALLBACK,0.0578,0.100,1.1322,0,none
11.627,-0.27626,-4.34805,0.53733,0,10,0,FALLBACK,-0.0226,0.100,1.1338,0,none
11.677,-0.15644,-4.51949,0.41154,0,10,0,FALLBACK,-0.1364,0.100,1.1352,0,none
11.727,-0.03892,-4.42502,0.84084,0,10,0,FALLBACK,-0.2480,0.100,1.1364,0,none
11.778,0.07187,-4.97993,0.93279,0,10,0,FALLBACK,-0.3533,0.100,1.1372,0,none
11.829,0.17173,-5.32928,0.89494,0,10,0,FALLBACK,-0.4481,0.100,1.1375,0,none
11.877,0.24743,-5.99313,1.07597,0,10,0,FALLBACK,-0.5201,0.100,1.1374,0,none
11.927,0.32933,-5.77276,0.60795,0,10,0,FALLBACK,-0.5979,0.100,1.1371,0,none
11.978,0.39100,-5.53149,1.02165,0,10,0,FALLBACK,-0.6565,0.100,1.1365,0,none
12.031,0.42863,-5.04064,1.11099,0,10,0,FALLBACK,-0.6922,0.100,1.1351,0,none
12.079,0.42365,-4.32414,0.78315,0,10,0,FALLBACK,-0.6875,0.100,1.1345,0,none
12.128,0.42745,-4.41978,0.81653,0,10,0,FALLBACK,-0.6911,0.100,1.1339,0,none
12.179,0.40695,-4.33050,0.59204,0,10,0,FALLBACK,-0.6716,0.100,1.1335,0,none
12.229,0.36223,-4.32569,0.57267,0,10,0,FALLBACK,-0.6291,0.100,1.1333,0,none
12.279,0.29452,-3.28902,0.42252,0,10,0,FALLBACK,-0.5648,0.100,1.1336,0,none
12.328,0.19270,-3.44966,0.53654,0,10,0,FALLBACK,-0.4681,0.100,1.1343,0,none
12.381,0.10916,-3.23392,0.41916,0,10,0,FALLBACK,-0.3887,0.100,1.1354,0,none
12.414,0.01139,-2.67470,0.56036,0,10,0,FALLBACK,-0.2958,0.100,1.1369,0,none
12.464,-0.09673,-2.58528,0.79425,0,10,0,FALLBACK,-0.1931,0.100,1.1386,0,none
12.515,-0.23324,-0.32478,0.54193,0,10,0,FALLBACK,-0.0634,0.100,1.1402,0,none
12.565,-0.33108,-2.28219,0.77367,0,10,0,FALLBACK,0.0295,0.100,1.1416,0,none
12.615,-0.42751,-2.01986,0.75240,0,10,0,FALLBACK,0.1211,0.100,1.1428,0,none
12.665,-0.51988,-2.17863,0.94199,0,10,0,FALLBACK,0.2089,0.100,1.1438,0,none
12.715,-0.60496,-2.70838,0.59062,0,10,0,FALLBACK,0.2897,0.100,1.1445,0,none
12.765,-0.68737,-2.20777,0.50440,0,10,0,FALLBACK,0.3680,0.100,1.1449,0,none
12.816,-0.73321,-2.43690,0.62830,0,10,0,FALLBACK,0.4115,0.100,1.1450,0,none
12.864,-0.76343,-2.96397,0.54962,0,10,0,FALLBACK,0.4403,0.100,1.1452,0,none
12.917,-0.77736,-2.63486,0.42484,0,10,0,FALLBACK,0.4535,0.100,1.1455,0,none
12.965,-0.78969,-3.17186,0.52816,0,10,0,FALLBACK,0.4652,0.100,1.1458,0,none
13.017,-0.75106,-3.10593,0.34189,0,10,0,FALLBACK,0.4285,0.100,1.1461,0,none
13.067,-0.69609,-3.13257,0.52747,0,10,0,FALLBACK,0.3763,0.100,1.1469,0,none
13.117,-0.62727,-3.72578,0.53195,0,10,0,FALLBACK,0.3109,0.100,1.1480,0,none
13.167,-0.56926,-3.59694,0.67350,0,10,0,FALLBACK,0.2558,0.100,1.1493,0,none
13.216,-0.46082,-3.89194,0.67033,0,10,0,FALLBACK,0.1528,0.100,1.1506,0,none
13.267,-0.34586,-3.90782,0.62349,0,10,0,FALLBACK,0.0436,0.100,1.1520,0,none
13.317,-0.22881,-5.04972,0.79169,0,10,0,FALLBACK,-0.0676,0.100,1.1533,0,none
13.366,-0.11282,-5.34647,0.95535,0,10,0,FALLBACK,-0.1778,0.100,1.1544,0,none
13.416,-0.01526,-4.98598,1.12237,0,10,0,FALLBACK,-0.2705,0.100,1.1551,0,none
13.465,0.10819,-5.21258,0.69025,0,10,0,FALLBACK,-0.3878,0.100,1.1556,0,none
13.517,0.21918,-5.28560,1.00056,0,10,0,FALLBACK,-0.4932,0.100,1.1554,0,none
13.567,0.31284,-5.27685,1.29759,0,10,0,FALLBACK,-0.5822,0.100,1.1547,0,none
13.619,0.35922,-5.96332,0.95754,0,10,0,FALLBACK,-0.6263,0.100,1.1536,0,none
13.669,0.43275,-5.49236,0.97530,0,10,0,FALLBACK,-0.6961,0.100,1.1527,0,none
13.719,0.48178,-5.11573,0.94129,0,10,0,FALLBACK,-0.7427,0.100,1.1513,0,none
13.768,0.50346,-4.59097,0.72359,0,10,0,FALLBACK,-0.7633,0.100,1.1497,0,none
13.821,0.49684,-4.39912,0.96453,0,10,0,FALLBACK,-0.7570,0.100,1.1482,0,none
13.869,0.45233,-3.85302,0.73426,0,10,0,FALLBACK,-0.7147,0.100,1.1472,0,none
13.919,0.41190,-4.16622,0.76066,0,10,0,FALLBACK,-0.6763,0.100,1.1469,0,none
13.969,0.34760,-3.34876,0.46864,0,10,0,FALLBACK,-0.6152,0.100,1.1470,0,none
14.021,0.26078,-3.09023,0.40100,0,10,0,FALLBACK,-0.5327,0.100,1.1473,0,none
14.070,0.13093,-2.97142,0.49962,0,10,0,FALLBACK,-0.4094,0.100,1.1482,0,none
14.122,0.03278,-1.96408,0.80671,0,10,0,FALLBACK,-0.3161,0.100,1.1496,0,none
14.171,-0.07670,-0.93008,0.57302,0,10,0,FALLBACK,-0.2121,0.100,1.1511,0,none
14.220,-0.19468,-0.83464,0.66761,0,10,0,FALLBACK,-0.1001,0.100,1.1525,0,none
14.272,-0.31745,-0.31370,0.37485,0,10,0,FALLBACK,0.0166,0.100,1.1538,0,none
14.321,-0.44968,-1.09688,0.43685,0,10,0,FALLBACK,0.1422,0.100,1.1550,0,none
14.370,-0.54882,-1.98744,0.77500,0,10,0,FALLBACK,0.2364,0.100,1.1557,0,none
14.420,-0.63979,-1.48852,0.73873,0,10,0,FALLBACK,0.3228,0.100,1.1562,0,none
14.470,-0.71959,-1.60230,0.69265,0,10,0,FALLBACK,0.3986,0.100,1.1564,0,none
14.521,-0.80264,-2.02730,0.52941,0,10,0,FALLBACK,0.4775,0.100,1.1563,0,none
14.570,-0.82753,-1.78672,0.80076,0,10,0,FALLBACK,0.5012,0.100,1.1559,0,none
14.621,-0.83286,-2.51544,0.57406,0,10,0,FALLBACK,0.5062,0.100,1.1556,0,none
14.671,-0.81903,-3.01576,0.47344,0,10,0,FALLBACK,0.4931,0.100,1.1556,0,none
14.723,-0.81266,-3.17596,0.55347,0,10,0,FALLBACK,0.4870,0.100,1.1559,0,none
14.772,-0.73586,-3.74185,0.50830,0,10,0,FALLBACK,0.4141,0.100,1.1563,0,none
14.820,-0.64216,-3.41109,0.71891,0,10,0,FALLBACK,0.3251,0.100,1.1570,0,none
14.871,-0.53555,-4.29001,0.59724,0,10,0,FALLBACK,0.2238,0.100,1.1583,0,none
14.920,-0.41970,-4.40101,0.87624,0,10,0,FALLBACK,0.1137,0.100,1.1597,0,none
14.971,-0.30598,-4.48185,0.61424,0,10,0,FALLBACK,0.0057,0.100,1.1610,0,none
15.023,-0.16278,-4.63095,0.69727,0,10,0,FALLBACK,-0.1304,0.100,1.1622,0,none
15.072,-0.02220,-4.91554,0.87039,0,10,0,FALLBACK,-0.2639,0.100,1.1630,0,none
15.124,0.11035,-4.92980,0.80782,0,10,0,FALLBACK,-0.3898,0.100,1.1632,0,none
15.175,0.20906,-5.47237,0.91860,0,10,0,FALLBACK,-0.4836,0.100,1.1629,0,none
15.222,0.33535,-4.79700,1.25934,0,10,0,FALLBACK,-0.6036,0.100,1.1622,0,none
15.274,0.44092,-4.83446,0.72707,0,10,0,FALLBACK,-0.7039,0.100,1.1607,0,none
15.323,0.52080,-5.12145,0.84242,0,10,0,FALLBACK,-0.7798,0.100,1.1585,0,none
15.375,0.57168,-5.58959,1.08630,0,10,0,FALLBACK,-0.8281,0.100,1.1561,0,none
15.425,0.58580,-5.01795,0.97354,0,10,0,FALLBACK,-0.8415,0.100,1.1537,0,none
15.473,0.59589,-4.67922,0.56769,0,10,0,FALLBACK,-0.8511,0.100,1.1517,0,none
15.524,0.57503,-4.86088,0.80346,0,10,0,FALLBACK,-0.8313,0.100,1.1498,0,none
15.575,0.52362,-4.46978,1.02193,0,10,0,FALLBACK,-0.7824,0.100,1.1485,0,none
15.627,0.42543,-4.36076,0.63897,0,10,0,FALLBACK,-0.6892,0.100,1.1478,0,none
15.675,0.34504,-3.48276,0.50797,0,10,0,FALLBACK,-0.6128,0.100,1.1481,0,none
15.723,0.24309,-3.67052,0.53423,0,10,0,FALLBACK,-0.5159,0.100,1.1489,0,none
15.774,0.12303,-3.00346,0.46083,0,10,0,FALLBACK,-0.4019,0.100,1.1502,0,none
15.826,-0.05232,-3.24499,0.44101,0,10,0,FALLBACK,-0.2353,0.100,1.1515,0,none
15.877,-0.16593,-0.90176,0.81049,0,10,0,FALLBACK,-0.1274,0.100,1.1530,0,none
15.925,-0.28403,-1.81737,0.82081,0,10,0,FALLBACK,-0.0152,0.100,1.1545,0,none
15.975,-0.40374,-1.16062,0.71662,0,10,0,FALLBACK,0.0986,0.100,1.1557,0,none
16.027,-0.52121,-1.59796,0.54302,0,10,0,FALLBACK,0.2101,0.100,1.1566,0,none
16.076,-0.65362,-1.29493,0.63464,0,10,0,FALLBACK,0.3359,0.100,1.1571,0,none
16.127,-0.72063,-1.62161,0.59331,0,10,0,FALLBACK,0.3996,0.100,1.1570,0,none
16.175,-0.77216,-1.93617,0.41842,0,10,0,FALLBACK,0.4486,0.100,1.1569,0,none
16.227,-0.80706,-2.68542,0.48084,0,10,0,FALLBACK,0.4817,0.100,1.1568,0,none
16.274,-0.85224,-2.79476,0.31646,0,10,0,FALLBACK,0.5246,0.100,1.1566,0,none
16.325,-0.81743,-2.50070,0.36427,0,10,0,FALLBACK,0.4916,0.100,1.1564,0,none
16.377,-0.76273,-2.96442,0.61159,0,10,0,FALLBACK,0.4396,0.100,1.1565,0,none
16.426,-0.69107,-4.03075,0.58216,0,10,0,FALLBACK,0.3715,0.100,1.1573,0,none
16.477,-0.64966,-4.31801,0.64146,0,10,0,FALLBACK,0.3322,0.100,1.1583,0,none
16.528,-0.51237,-4.45141,0.78154,0,10,0,FALLBACK,0.2017,0.100,1.1594,0,none
16.575,-0.36507,-4.56908,0.89189,0,10,0,FALLBACK,0.0618,0.100,1.1607,0,none
16.626,-0.21293,-4.55227,1.16536,0,10,0,FALLBACK,-0.0827,0.100,1.1620,0,none
16.678,-0.06074,-5.04323,0.95275,0,10,0,FALLBACK,-0.2273,0.100,1.1631,0,none
16.727,0.06322,-5.29019,1.28219,0,10,0,FALLBACK,-0.3451,0.100,1.1636,0,none
16.777,0.23482,-5.32953,0.95647,0,10,0,FALLBACK,-0.5081,0.100,1.1635,0,none
16.826,0.39172,-5.06502,0.99212,0,10,0,FALLBACK,-0.6571,0.100,1.1626,0,none
16.877,0.52438,-5.14705,0.97007,0,10,0,FALLBACK,-0.7832,0.100,1.1593,0,none
16.926,0.59140,-4.49435,0.88663,0,10,0,FALLBACK,-0.8468,0.100,1.1571,0,none
16.979,0.69699,-4.97375,0.79500,0,10,0,FALLBACK,-0.9471,0.100,1.1540,0,none
17.027,0.76997,-5.24566,0.88884,0,10,0,FALLBACK,-1.0000,0.100,1.1505,0,none
17.078,0.80633,-4.95094,1.03614,0,10,0,FALLBACK,-1.0000,0.100,1.1463,0,none
17.127,0.80526,-5.70881,1.20139,0,10,0,FALLBACK,-1.0000,0.100,1.1428,0,none
17.179,0.74957,-5.25211,0.94150,0,10,0,FALLBACK,-0.9971,0.100,1.1400,0,none
17.229,0.70570,-4.70339,0.95426,0,10,0,FALLBACK,-0.9554,0.100,1.1374,0,none
17.277,0.62745,-4.17755,0.79392,0,10,0,FALLBACK,-0.8811,0.100,1.1348,0,none
17.330,0.51734,-3.36257,0.49543,0,10,0,FALLBACK,-0.7765,0.100,1.1342,0,none
17.378,0.33608,-3.55476,0.49873,0,10,0,FALLBACK,-0.6043,0.100,1.1344,0,none
17.429,0.20804,-2.91909,0.55898,0,10,0,FALLBACK,-0.4826,0.100,1.1356,0,none
17.478,0.06329,-1.23131,0.75366,0,10,0,FALLBACK,-0.3451,0.100,1.1375,0,none
17.529,-0.09467,-1.24093,0.78794,0,10,0,FALLBACK,-0.1951,0.100,1.1393,0,none
17.563,-0.26150,-2.00251,0.74834,0,10,0,FALLBACK,-0.0366,0.100,1.1410,0,none
17.616,-0.46174,-1.36667,0.69565,0,10,0,FALLBACK,0.1536,0.100,1.1424,0,none
17.664,-0.59342,-2.23863,0.41323,0,10,0,FALLBACK,0.2788,0.100,1.1430,0,none
17.715,-0.71437,-2.41456,1.11955,0,10,0,FALLBACK,0.3936,0.100,1.1431,0,none
17.763,-0.82129,-2.89312,0.76047,0,10,0,FALLBACK,0.4952,0.100,1.1429,0,none
17.814,-0.91020,-2.93554,0.38194,0,10,0,FALLBACK,0.5797,0.100,1.1422,0,none
17.872,-0.98842,-2.83531,0.62991,0,10,0,FALLBACK,0.6540,0.100,1.1411,0,none
17.915,-1.00396,-2.39491,0.33687,0,10,0,FALLBACK,0.6688,0.100,1.1404,0,none
17.966,-0.99435,-3.42318,0.51686,0,10,0,FALLBACK,0.6596,0.100,1.1393,0,none
18.016,-0.96042,-3.38481,0.44352,0,10,0,FALLBACK,0.6274,0.100,1.1390,0,none
18.066,-0.91844,-3.60460,0.69720,0,10,0,FALLBACK,0.5875,0.100,1.1392,0,none
18.117,-0.81895,-3.99680,0.53802,0,10,0,FALLBACK,0.4930,0.100,1.1397,0,none
18.170,-0.70066,-4.81161,0.72205,0,10,0,FALLBACK,0.3806,0.100,1.1407,0,none
18.219,-0.56803,-4.34997,0.50225,0,10,0,FALLBACK,0.2546,0.100,1.1423,0,none
18.268,-0.44972,-4.87530,0.85449,0,10,0,FALLBACK,0.1422,0.100,1.1439,0,none
18.321,-0.28081,-5.31450,0.97315,0,10,0,FALLBACK,-0.0182,0.100,1.1456,0,none
18.371,-0.11022,-4.82052,0.87433,0,10,0,FALLBACK,-0.1803,0.100,1.1468,0,none
18.418,0.05587,-4.97443,1.13105,0,10,0,FALLBACK,-0.3381,0.100,1.1475,0,none
18.469,0.21160,-5.25357,0.91072,0,10,0,FALLBACK,-0.4860,0.100,1.1474,0,none
18.517,0.33634,-5.27613,0.73670,0,10,0,FALLBACK,-0.6045,0.100,1.1465,0,none
18.569,0.47326,-5.33141,1.00817,0,10,0,FALLBACK,-0.7346,0.100,1.1451,0,none
18.618,0.58501,-5.12946,0.99447,0,10,0,FALLBACK,-0.8408,0.100,1.1427,0,none
18.669,0.66667,-4.87367,0.98581,0,10,0,FALLBACK,-0.9183,0.100,1.1396,0,none
18.720,0.71338,-4.91827,0.94650,0,10,0,FALLBACK,-0.9627,0.100,1.1357,0,none
18.772,0.71753,-5.04420,0.85668,0,10,0,FALLBACK,-0.9666,0.100,1.1328,0,none
18.819,0.72061,-5.82598,1.19159,0,10,0,FALLBACK,-0.9696,0.100,1.1303,0,none
18.871,0.69005,-4.53867,0.77671,0,10,0,FALLBACK,-0.9405,0.100,1.1280,0,none
18.919,0.62651,-4.10790,0.71164,0,10,0,FALLBACK,-0.8802,0.100,1.1263,0,none
18.969,0.51554,-3.54440,0.47558,0,10,0,FALLBACK,-0.7748,0.100,1.1255,0,none
19.019,0.41329,-3.81155,0.76765,0,10,0,FALLBACK,-0.6776,0.100,1.1259,0,none
19.071,0.28843,-2.66578,0.61217,0,10,0,FALLBACK,-0.5590,0.100,1.1270,0,none
19.121,0.14434,-3.19589,0.61750,0,10,0,FALLBACK,-0.4221,0.100,1.1284,0,none
19.170,-0.01462,-1.65613,0.96781,0,10,0,FALLBACK,-0.2711,0.100,1.1302,0,none
19.223,-0.19920,-2.90567,0.68755,0,10,0,FALLBACK,-0.0958,0.100,1.1320,0,none
19.272,-0.34746,-0.92493,0.49014,0,10,0,FALLBACK,0.0451,0.100,1.1337,0,none
19.324,-0.49471,-1.53966,0.67549,0,10,0,FALLBACK,0.1850,0.100,1.1350,0,none
19.371,-0.63676,-2.21292,0.73303,0,10,0,FALLBACK,0.3199,0.100,1.1357,0,none
19.421,-0.79389,-1.95227,0.71796,0,10,0,FALLBACK,0.4692,0.100,1.1359,0,none
19.472,-0.88906,-2.59493,0.60212,0,10,0,FALLBACK,0.5596,0.100,1.1351,0,none
19.522,-0.96363,-2.49928,0.35398,0,10,0,FALLBACK,0.6304,0.100,1.1342,0,none
19.572,-1.01560,-2.03939,0.90231,0,10,0,FALLBACK,0.6798,0.100,1.1332,0,none
19.622,-1.04315,-1.58822,0.68471,0,10,0,FALLBACK,0.7060,0.100,1.1322,0,none
19.675,-1.05857,-2.79530,0.57117,0,10,0,FALLBACK,0.7206,0.100,1.1313,0,none
19.725,-1.00640,-3.26373,0.41749,0,10,0,FALLBACK,0.6711,0.100,1.1306,0,none
19.773,-0.92937,-3.17901,0.40997,0,10,0,FALLBACK,0.5979,0.100,1.1306,0,none
19.823,-0.83089,-4.21138,0.68934,0,10,0,FALLBACK,0.5043,0.100,1.1314,0,none
19.874,-0.73448,-4.27379,0.86914,0,10,0,FALLBACK,0.4128,0.100,1.1327,0,none
19.922,-0.58097,-4.25799,0.96175,0,10,0,FALLBACK,0.2669,0.100,1.1342,0,none
19.975,-0.41659,-5.17753,0.82233,0,10,0,FALLBACK,0.1108,0.100,1.1359,0,none
20.023,-0.24701,-5.14485,0.70250,0,10,0,FALLBACK,-0.0503,0.100,1.1377,0,none
20.074,-0.07764,-4.65399,1.00505,0,10,0,FALLBACK,-0.2112,0.100,1.1390,0,none
20.127,0.07329,-5.26830,1.32610,0,10,0,FALLBACK,-0.3546,0.100,1.1396,0,none
20.175,0.24743,-5.69526,1.22496,0,10,0,FALLBACK,-0.5201,0.100,1.1396,0,none
20.225,0.40534,-5.13830,0.98443,0,10,0,FALLBACK,-0.6701,0.100,1.1385,0,none
20.276,0.54055,-5.16680,1.33076,0,10,0,FALLBACK,-0.7985,0.100,1.1364,0,none
20.324,0.61119,-6.08276,1.17824,0,10,0,FALLBACK,-0.8656,0.100,1.1335,0,none
20.376,0.71640,-5.04777,1.32802,0,10,0,FALLBACK,-0.9656,0.100,1.1307,0,none
20.427,0.78893,-4.91774,0.98236,0,10,0,FALLBACK,-1.0000,0.100,1.1271,0,none
20.477,0.82551,-5.17129,0.51960,0,10,0,FALLBACK,-1.0000,0.100,1.1240,0,none
20.529,0.82678,-4.90419,1.06988,0,10,0,FALLBACK,-1.0000,0.100,1.1212,0,none
20.577,0.76354,-4.96929,0.94168,0,10,0,FALLBACK,-1.0000,0.100,1.1189,0,none
20.629,0.73315,-4.90721,1.03970,0,10,0,FALLBACK,-0.9815,0.100,1.1166,0,none
20.678,0.66933,-4.36422,0.65763,0,10,0,FALLBACK,-0.9209,0.100,1.1144,0,none
20.728,0.57442,-4.31807,0.44286,0,10,0,FALLBACK,-0.8307,0.100,1.1140,0,none
20.778,0.45134,-3.48217,0.44544,0,10,0,FALLBACK,-0.7138,0.100,1.1136,0,none
20.827,0.28580,-2.59314,0.54252,0,10,0,FALLBACK,-0.5565,0.100,1.1145,0,none
20.880,0.14827,-1.78721,0.63644,0,10,0,FALLBACK,-0.4259,0.100,1.1162,0,none
20.929,-0.00387,-0.48291,0.64169,0,10,0,FALLBACK,-0.2813,0.100,1.1183,0,none
20.979,-0.16679,-2.11714,1.08191,0,10,0,FALLBACK,-0.1266,0.100,1.1203,0,none
21.029,-0.36836,-0.46625,0.39598,0,10,0,FALLBACK,0.0649,0.100,1.1222,0,none
21.079,-0.51487,-0.76780,0.87011,0,10,0,FALLBACK,0.2041,0.100,1.1237,0,none
21.128,-0.65564,-1.08959,0.68569,0,10,0,FALLBACK,0.3379,0.100,1.1245,0,none
21.180,-0.78657,-0.12810,0.45973,0,10,0,FALLBACK,0.4622,0.100,1.1248,0,none
21.227,-0.90313,-1.27727,0.81361,0,10,0,FALLBACK,0.5730,0.100,1.1245,0,none
21.277,-1.02035,-1.52629,0.89163,0,10,0,FALLBACK,0.6843,0.100,1.1237,0,none
21.330,-1.07299,-2.97917,0.52075,0,10,0,FALLBACK,0.7343,0.100,1.1223,0,none
21.380,-1.09909,-2.22445,1.29248,0,10,0,FALLBACK,0.7591,0.100,1.1207,0,none
21.430,-1.09823,-1.38043,1.16653,0,10,0,FALLBACK,0.7583,0.100,1.1196,0,none
21.463,-1.07060,-3.58152,0.61730,0,10,0,FALLBACK,0.7321,0.100,1.1188,0,none
21.514,-1.02264,-3.69581,0.44408,0,10,0,FALLBACK,0.6865,0.100,1.1188,0,none
21.563,-0.92298,-3.72233,0.65980,0,10,0,FALLBACK,0.5918,0.100,1.1192,0,none
21.614,-0.80402,-4.75870,1.01315,0,10,0,FALLBACK,0.4788,0.100,1.1207,0,none
21.664,-0.66886,-4.30247,0.68080,0,10,0,FALLBACK,0.3504,0.100,1.1223,0,none
21.714,-0.53859,-4.61662,0.80958,0,10,0,FALLBACK,0.2267,0.100,1.1243,0,none
21.763,-0.36375,-4.43998,0.69975,0,10,0,FALLBACK,0.0606,0.100,1.1262,0,none
21.814,-0.18611,-5.28900,0.88504,0,10,0,FALLBACK,-0.1082,0.100,1.1278,0,none
21.863,-0.01174,-5.74089,0.74766,0,10,0,FALLBACK,-0.2738,0.100,1.1289,0,none
21.914,0.15367,-5.70156,1.03169,0,10,0,FALLBACK,-0.4310,0.100,1.1292,0,none
21.967,0.29058,-5.42311,0.93044,0,10,0,FALLBACK,-0.5611,0.100,1.1287,0,none
22.015,0.44575,-5.06534,0.95391,0,10,0,FALLBACK,-0.7085,0.100,1.1276,0,none
22.064,0.57677,-5.44433,0.85450,0,10,0,FALLBACK,-0.8329,0.100,1.1252,0,none
22.114,0.67822,-5.08953,0.70540,0,10,0,FALLBACK,-0.9293,0.100,1.1222,0,none
22.165,0.71565,-5.22622,1.05366,0,10,0,FALLBACK,-0.9649,0.100,1.1187,0,none
22.216,0.77446,-5.31623,0.94288,0,10,0,FALLBACK,-1.0000,0.100,1.1157,0,none
22.265,0.79932,-4.76941,0.83565,0,10,0,FALLBACK,-1.0000,0.100,1.1130,0,none
22.315,0.78980,-5.41597,0.78478,0,10,0,FALLBACK,-1.0000,0.100,1.1107,0,none
22.366,0.74696,-4.27689,0.89824,0,10,0,FALLBACK,-0.9946,0.100,1.1086,0,none
22.416,0.65610,-4.23278,0.60298,0,10,0,FALLBACK,-0.9083,0.100,1.1066,0,none
22.466,0.56799,-3.69446,0.62030,0,10,0,FALLBACK,-0.8246,0.100,1.1064,0,none
22.513,0.45393,-3.40708,0.49531,0,10,0,FALLBACK,-0.7162,0.100,1.1069,0,none
22.566,0.31722,-3.26307,0.46297,0,10,0,FALLBACK,-0.5864,0.100,1.1082,0,none
22.616,0.16212,-0.07482,0.43070,0,10,0,FALLBACK,-0.4390,0.100,1.1100,0,none
22.665,-0.01969,-2.10160,0.57110,0,10,0,FALLBACK,-0.2663,0.100,1.1122,0,none
22.717,-0.17738,-0.68167,1.09859,0,10,0,FALLBACK,-0.1165,0.100,1.1143,0,none
22.766,-0.33948,-2.70847,0.90323,0,10,0,FALLBACK,0.0375,0.100,1.1161,0,none
22.820,-0.50167,-1.22777,0.67435,0,10,0,FALLBACK,0.1916,0.100,1.1175,0,none
22.867,-0.65968,-1.38661,0.64987,0,10,0,FALLBACK,0.3417,0.100,1.1187,0,none
22.919,-0.81393,-0.75305,0.61333,0,10,0,FALLBACK,0.4882,0.100,1.1186,0,none
22.967,-0.92989,-0.38810,0.64842,0,10,0,FALLBACK,0.5984,0.100,1.1179,0,none
23.019,-1.02509,-1.19097,0.99697,0,10,0,FALLBACK,0.6888,0.100,1.1169,0,none
23.066,-1.09645,-2.17240,0.55890,0,10,0,FALLBACK,0.7566,0.100,1.1155,0,none
23.119,-1.16141,-2.91751,0.68043,0,10,0,FALLBACK,0.8183,0.100,1.1140,0,none
23.168,-1.15441,-2.46293,0.65911,0,10,0,FALLBACK,0.8117,0.100,1.1123,0,none
23.215,-1.11824,-2.70848,0.41793,0,10,0,FALLBACK,0.7773,0.100,1.1112,0,none
23.269,-1.05518,-3.59047,0.45585,0,10,0,FALLBACK,0.7174,0.100,1.1110,0,none
23.317,-0.96764,-3.29815,0.44576,0,10,0,FALLBACK,0.6343,0.100,1.1115,0,none
23.369,-0.86442,-4.56335,0.79485,0,10,0,FALLBACK,0.5362,0.100,1.1125,0,none
23.420,-0.71943,-4.26566,0.94838,0,10,0,FALLBACK,0.3985,0.100,1.1145,0,none
23.468,-0.55995,-4.14924,0.63373,0,10,0,FALLBACK,0.2470,0.100,1.1161,0,none
23.519,-0.39118,-4.79264,0.77373,0,10,0,FALLBACK,0.0866,0.100,1.1182,0,none
23.571,-0.23302,-4.94656,0.88988,0,10,0,FALLBACK,-0.0636,0.100,1.1201,0,none
23.618,-0.04775,-5.41278,1.15251,0,10,0,FALLBACK,-0.2396,0.100,1.1215,0,none
23.670,0.13151,-6.22122,0.84010,0,10,0,FALLBACK,-0.4099,0.100,1.1222,0,none
23.718,0.29838,-5.33221,0.76614,0,10,0,FALLBACK,-0.5685,0.100,1.1219,0,none
23.770,0.44684,-5.22233,0.74811,0,10,0,FALLBACK,-0.7095,0.100,1.1207,0,none
23.819,0.56337,-5.23299,0.81963,0,10,0,FALLBACK,-0.8202,0.100,1.1187,0,none
23.871,0.66966,-5.14964,0.93964,0,10,0,FALLBACK,-0.9212,0.100,1.1161,0,none
23.919,0.74448,-4.60861,0.83099,0,10,0,FALLBACK,-0.9923,0.100,1.1130,0,none
23.971,0.78494,-5.29273,1.00278,0,10,0,FALLBACK,-1.0000,0.100,1.1096,0,none
24.022,0.79009,-4.63287,0.81914,0,10,0,FALLBACK,-1.0000,0.100,1.1069,0,none
24.069,0.75629,-5.06323,1.20567,0,10,0,FALLBACK,-1.0000,0.100,1.1049,0,none
24.120,0.70877,-4.57045,0.74886,0,10,0,FALLBACK,-0.9583,0.100,1.1029,0,none
24.172,0.62917,-3.97653,0.47129,0,10,0,FALLBACK,-0.8827,0.100,1.1016,0,none
24.221,0.52051,-2.99235,0.46880,0,10,0,FALLBACK,-0.7795,0.100,1.1015,0,none
24.270,0.37487,-2.12410,0.53439,0,10,0,FALLBACK,-0.6411,0.100,1.1023,0,none
24.319,0.23037,0.36920,0.17840,1,10,1,FALLBACK,-0.5039,0.100,1.1039,0,none
24.371,0.06983,0.30235,0.16140,1,10,2,FALLBACK,-0.3513,0.100,1.1060,0,none
24.421,-0.10248,-0.75874,0.53456,0,10,0,FALLBACK,-0.1876,0.100,1.1082,0,none
24.472,-0.28165,-0.54082,0.22718,1,10,1,FALLBACK,-0.0174,0.100,1.1102,0,none
24.521,-0.46734,-0.63989,0.27822,1,10,2,FALLBACK,0.1590,0.100,1.1119,0,none
24.572,-0.63974,-1.03357,0.42450,0,10,0,FALLBACK,0.3228,0.100,1.1129,0,none
24.620,-0.80392,-1.13248,0.33767,0,10,0,FALLBACK,0.4787,0.100,1.1142,0,none
24.672,-0.95489,-1.23954,0.78492,0,10,0,FALLBACK,0.6221,0.100,1.1126,0,none
24.723,-1.08423,-0.99678,0.62358,0,10,0,FALLBACK,0.7450,0.100,1.1112,0,none
24.773,-1.18190,-1.29718,0.20370,1,10,1,FALLBACK,0.8378,0.100,1.1091,0,none
24.822,-1.26567,-0.38376,1.14916,0,10,0,FALLBACK,0.9174,0.100,1.1067,0,none
24.870,-1.31830,-0.38787,0.97758,0,10,0,FALLBACK,0.9674,0.100,1.1040,0,none
24.922,-1.33782,-1.06550,0.98408,0,10,0,FALLBACK,0.9859,0.100,1.1012,0,none
24.973,-1.32381,-3.21027,0.47641,0,10,0,FALLBACK,0.9726,0.100,1.0989,0,none
25.022,-1.27227,-2.53509,0.37941,0,10,0,FALLBACK,0.9237,0.100,1.0972,0,none
25.071,-1.20712,-3.04081,0.47312,0,10,0,FALLBACK,0.8618,0.100,1.0964,0,none
25.122,-1.11409,-4.18596,0.62614,0,10,0,FALLBACK,0.7734,0.100,1.0965,0,none
25.173,-0.99604,-3.44695,0.56511,0,10,0,FALLBACK,0.6612,0.100,1.0972,0,none
25.223,-0.83767,-4.28823,0.66636,0,10,0,FALLBACK,0.5108,0.100,1.0987,0,none
25.274,-0.69656,-4.02077,0.77004,0,10,0,FALLBACK,0.3767,0.100,1.1008,0,none
25.326,-0.54350,-4.48734,0.74869,0,10,0,FALLBACK,0.2313,0.100,1.1032,0,none
25.372,-0.38234,-5.15743,0.67530,0,10,0,FALLBACK,0.0782,0.100,1.1054,0,none
25.424,-0.21771,-4.51358,1.13752,0,10,0,FALLBACK,-0.0782,0.100,1.1073,0,none
25.474,-0.04288,-5.82686,1.05868,0,10,0,FALLBACK,-0.2443,0.100,1.1088,0,none
25.524,0.10336,-5.29183,1.02083,0,10,0,FALLBACK,-0.3832,0.100,1.1096,0,none
25.573,0.23729,-5.09183,0.83275,0,10,0,FALLBACK,-0.5104,0.100,1.1099,0,none
25.624,0.35455,-5.47041,0.94992,0,10,0,FALLBACK,-0.6218,0.100,1.1095,0,none
25.674,0.45099,-5.80335,1.06737,0,10,0,FALLBACK,-0.7134,0.100,1.1086,0,none
25.725,0.52691,-5.69547,1.19592,0,10,0,FALLBACK,-0.7856,0.100,1.1073,0,none
25.777,0.56710,-5.07517,0.87005,0,10,0,FALLBACK,-0.8237,0.100,1.1058,0,none
25.827,0.57875,-4.54785,0.83907,0,10,0,FALLBACK,-0.8348,0.100,1.1044,0,none
25.874,0.56181,-4.34211,0.79617,0,10,0,FALLBACK,-0.8187,0.100,1.1034,0,none
25.923,0.52944,-4.12026,0.64282,0,10,0,FALLBACK,-0.7880,0.100,1.1028,0,none
25.975,0.44871,-3.07289,0.47787,0,10,0,FALLBACK,-0.7113,0.100,1.1027,0,none
26.025,0.34387,-2.48465,0.64486,0,10,0,FALLBACK,-0.6117,0.100,1.1034,0,none
26.076,0.21866,0.17144,0.14286,1,10,1,FALLBACK,-0.4927,0.100,1.1048,0,none
26.126,0.07705,0.01056,0.52470,0,10,0,FALLBACK,-0.3582,0.100,1.1066,0,none
26.175,-0.06689,-2.10767,0.64096,0,10,0,FALLBACK,-0.2215,0.100,1.1087,0,none
26.226,-0.23690,-0.44568,0.51066,0,10,0,FALLBACK,-0.0599,0.100,1.1108,0,none
26.276,-0.41017,-0.78730,0.48670,0,10,0,FALLBACK,0.1047,0.100,1.1125,0,none
26.326,-0.58151,-0.50611,0.80173,0,10,0,FALLBACK,0.2674,0.100,1.1137,0,none
26.377,-0.74523,0.00358,0.85381,0,10,0,FALLBACK,0.4230,0.100,1.1142,0,none
26.427,-0.88667,-1.06171,0.91942,0,10,0,FALLBACK,0.5573,0.100,1.1140,0,none
26.478,-1.03005,-0.37221,0.79909,0,10,0,FALLBACK,0.6935,0.100,1.1136,0,none
26.525,-1.15198,-0.82927,0.94702,0,10,0,FALLBACK,0.8094,0.100,1.1120,0,none
26.579,-1.24722,-0.33886,1.52847,0,10,0,FALLBACK,0.8999,0.100,1.1096,0,none
26.627,-1.31207,-1.36585,0.85561,0,10,0,FALLBACK,0.9615,0.100,1.1068,0,none
26.677,-1.34031,-1.35346,0.76583,0,10,0,FALLBACK,0.9883,0.100,1.1039,0,none
26.729,-1.34566,-2.37110,0.50437,0,10,0,FALLBACK,0.9934,0.100,1.1011,0,none
26.778,-1.31754,-3.21486,0.27043,1,10,1,FALLBACK,0.9667,0.100,1.0989,0,none
26.828,-1.25737,-2.73904,0.64719,0,10,0,FALLBACK,0.9095,0.100,1.0976,0,none
26.877,-1.16498,-3.32432,0.52260,0,10,0,FALLBACK,0.8217,0.100,1.0967,0,none
26.929,-1.04870,-3.17068,0.63719,0,10,0,FALLBACK,0.7113,0.100,1.0969,0,none
26.979,-0.90890,-4.16162,0.85631,0,10,0,FALLBACK,0.5785,0.100,1.0981,0,none
27.027,-0.74972,-4.08651,0.54500,0,10,0,FALLBACK,0.4272,0.100,1.0999,0,none
27.079,-0.57566,-4.90172,0.68027,0,10,0,FALLBACK,0.2619,0.100,1.1022,0,none
27.127,-0.39039,-4.97622,0.91248,0,10,0,FALLBACK,0.0859,0.100,1.1046,0,none
27.178,-0.20251,-5.05706,0.74870,0,10,0,FALLBACK,-0.0926,0.100,1.1067,0,none
27.228,-0.01778,-5.54676,1.21438,0,10,0,FALLBACK,-0.2681,0.100,1.1081,0,none
27.280,0.16032,-5.36084,1.00676,0,10,0,FALLBACK,-0.4373,0.100,1.1091,0,none
27.326,0.32691,-5.54599,1.16112,0,10,0,FALLBACK,-0.5956,0.100,1.1090,0,none
27.379,0.47554,-5.64649,0.59929,0,10,0,FALLBACK,-0.7368,0.100,1.1080,0,none
27.429,0.60084,-5.53145,0.96161,0,10,0,FALLBACK,-0.8558,0.100,1.1062,0,none
27.478,0.69808,-5.12661,0.88465,0,10,0,FALLBACK,-0.9482,0.100,1.1036,0,none
27.529,0.76363,-4.80487,1.19561,0,10,0,FALLBACK,-1.0000,0.100,1.1005,0,none
27.579,0.79517,-5.24015,0.75129,0,10,0,FALLBACK,-1.0000,0.100,1.0974,0,none
27.631,0.78975,-4.68295,1.04615,0,10,0,FALLBACK,-1.0000,0.100,1.0950,0,none
27.679,0.75853,-4.53614,0.87388,0,10,0,FALLBACK,-1.0000,0.100,1.0932,0,none
27.729,0.69527,-4.17080,0.64529,0,10,0,FALLBACK,-0.9455,0.100,1.0914,0,none
27.779,0.60056,-3.16403,0.35118,0,10,0,FALLBACK,-0.8555,0.100,1.0902,0,none
27.814,0.46340,-3.28632,0.38056,0,10,0,FALLBACK,-0.7252,0.100,1.0904,0,none
27.865,0.32901,-2.96003,0.64427,0,10,0,FALLBACK,-0.5976,0.100,1.0925,0,none
27.912,0.17743,0.11529,0.37852,0,10,0,FALLBACK,-0.4536,0.100,1.0946,0,none
27.964,0.01224,0.04191,0.40490,0,10,0,FALLBACK,-0.2966,0.100,1.0969,0,none
28.015,-0.16186,-1.21859,0.78478,0,10,0,FALLBACK,-0.1312,0.100,1.0992,0,none
28.064,-0.35312,0.15400,0.23495,1,10,1,FALLBACK,0.0505,0.100,1.1011,0,none
28.114,-0.52381,-0.21234,0.16797,1,10,2,FALLBACK,0.2126,0.100,1.1025,0,none
28.164,-0.68675,-0.26483,0.56413,0,10,0,FALLBACK,0.3674,0.100,1.1032,0,none
28.214,-0.83753,-0.57229,0.51652,0,10,0,FALLBACK,0.5107,0.100,1.1033,0,none
28.264,-0.97110,-0.24872,0.66606,0,10,0,FALLBACK,0.6375,0.100,1.1026,0,none
28.315,-1.09906,-0.67030,0.72544,0,10,0,FALLBACK,0.7591,0.100,1.1013,0,none
28.364,-1.16860,0.24960,1.09176,0,10,0,FALLBACK,0.8252,0.100,1.0992,0,none
28.416,-1.20904,-1.70569,1.41669,0,10,0,FALLBACK,0.8636,0.100,1.0973,0,none
28.466,-1.22001,-0.61204,1.45150,0,10,0,FALLBACK,0.8740,0.100,1.0958,0,none
28.514,-1.20157,-2.40706,1.00858,0,10,0,FALLBACK,0.8565,0.100,1.0946,0,none
28.565,-1.16492,-3.43189,0.64482,0,10,0,FALLBACK,0.8217,0.100,1.0941,0,none
28.617,-1.06936,-3.56579,0.61195,0,10,0,FALLBACK,0.7309,0.100,1.0941,0,none
28.666,-0.95012,-4.26699,0.67265,0,10,0,FALLBACK,0.6176,0.100,1.0951,0,none
28.716,-0.81167,-4.45694,0.80588,0,10,0,FALLBACK,0.4861,0.100,1.0969,0,none
28.766,-0.68755,-4.86167,0.57121,0,10,0,FALLBACK,0.3682,0.100,1.0991,0,none
28.816,-0.49831,-5.27695,0.91796,0,10,0,FALLBACK,0.1884,0.100,1.1013,0,none
28.866,-0.30254,-5.67244,1.07609,0,10,0,FALLBACK,0.0024,0.100,1.1036,0,none
28.917,-0.10846,-5.87302,1.10800,0,10,0,FALLBACK,-0.1820,0.100,1.1052,0,none
28.967,0.08046,-5.41452,1.36805,0,10,0,FALLBACK,-0.3614,0.100,1.1062,0,none
29.017,0.22807,-5.98873,1.27170,0,10,0,FALLBACK,-0.5017,0.100,1.1062,0,none
29.067,0.41449,-5.02852,1.07947,0,10,0,FALLBACK,-0.6788,0.100,1.1057,0,none
29.119,0.58097,-5.09827,0.96585,0,10,0,FALLBACK,-0.8369,0.100,1.1040,0,none
29.167,0.72050,-4.78332,1.14049,0,10,0,FALLBACK,-0.9695,0.100,1.1010,0,none
29.219,0.82769,-5.14107,1.07405,0,10,0,FALLBACK,-1.0000,0.100,1.0971,0,none
29.267,0.86545,-4.50285,1.27011,0,10,0,FALLBACK,-1.0000,0.100,1.0941,0,none
29.319,0.93880,-5.09302,1.04928,0,10,0,FALLBACK,-1.0000,0.100,1.0921,0,none
29.368,0.97999,-5.33462,0.87374,0,10,0,FALLBACK,-1.0000,0.100,1.0904,0,none
29.419,0.98905,-5.13811,1.07549,0,10,0,FALLBACK,-1.0000,0.100,1.0887,0,none
29.468,0.96607,-5.63388,1.27765,0,10,0,FALLBACK,-1.0000,0.100,1.0870,0,none
29.521,0.89008,-5.24684,0.81564,0,10,0,FALLBACK,-1.0000,0.100,1.0854,0,none
29.570,0.83185,-5.02939,1.27124,0,10,0,FALLBACK,-1.0000,0.100,1.0838,0,none
29.620,0.74244,-3.81660,0.57517,0,10,0,FALLBACK,-0.9903,0.100,1.0822,0,none
29.670,0.62271,-3.13855,0.51871,0,10,0,FALLBACK,-0.8766,0.100,1.0809,0,none
29.721,0.47446,-2.66132,0.70916,0,10,0,FALLBACK,-0.7357,0.100,1.0811,0,none
29.771,0.28638,-0.83507,1.01166,0,10,0,FALLBACK,-0.5571,0.100,1.0828,0,none
29.821,0.12220,-1.09343,0.97159,0,10,0,FALLBACK,-0.4011,0.100,1.0852,0,none
29.872,-0.05109,0.05487,0.26159,1,10,1,FALLBACK,-0.2365,0.100,1.0882,0,none
29.922,-0.23250,-0.74999,0.29620,0,10,0,FALLBACK,-0.0641,0.100,1.0903,0,none
29.972,-0.41709,-1.20256,0.30854,0,10,0,FALLBACK,0.1112,0.100,1.0922,0,none
30.020,-0.61888,-0.94357,0.29469,0,10,0,FALLBACK,0.3029,0.100,1.0936,0,none
30.071,-0.76575,-1.23482,0.28699,0,10,0,FALLBACK,0.4425,0.100,1.0940,0,none
30.122,-0.89794,-1.57602,0.43437,0,10,0,FALLBACK,0.5680,0.100,1.0940,0,none
30.171,-1.01172,-1.75951,0.34203,0,10,0,FALLBACK,0.6761,0.100,1.0934,0,none
30.223,-1.10323,-1.65320,0.52330,0,10,0,FALLBACK,0.7631,0.100,1.0923,0,none
30.271,-1.17505,-2.21771,0.29532,0,10,0,FALLBACK,0.8313,0.100,1.0909,0,none
30.323,-1.19547,-3.21290,0.64186,0,10,0,FALLBACK,0.8507,0.100,1.0893,0,none
30.372,-1.18690,-2.47523,0.40978,0,10,0,FALLBACK,0.8426,0.100,1.0881,0,none
30.423,-1.15032,-2.37326,0.45344,0,10,0,FALLBACK,0.8078,0.100,1.0875,0,none
30.472,-1.07738,-3.44812,0.59467,0,10,0,FALLBACK,0.7385,0.100,1.0875,0,none
30.522,-1.00065,-3.37651,0.39763,0,10,0,FALLBACK,0.6656,0.100,1.0883,0,none
30.575,-0.90273,-3.19669,0.45125,0,10,0,FALLBACK,0.5726,0.100,1.0895,0,none
30.624,-0.78628,-4.11153,0.66090,0,10,0,FALLBACK,0.4620,0.100,1.0912,0,none
30.673,-0.65472,-3.91802,0.94718,0,10,0,FALLBACK,0.3370,0.100,1.0932,0,none
30.724,-0.50601,-4.64406,0.66286,0,10,0,FALLBACK,0.1957,0.100,1.0955,0,none
30.773,-0.36386,-4.26899,0.91600,0,10,0,FALLBACK,0.0607,0.100,1.0976,0,none
30.825,-0.21915,-4.88790,0.91013,0,10,0,FALLBACK,-0.0768,0.100,1.0996,0,none
30.875,-0.07713,-5.14677,1.21590,0,10,0,FALLBACK,-0.2117,0.100,1.1012,0,none
30.923,0.05891,-5.76819,0.93628,0,10,0,FALLBACK,-0.3410,0.100,1.1023,0,none
30.979,0.18870,-5.78563,0.87099,0,10,0,FALLBACK,-0.4643,0.100,1.1029,0,none
31.026,0.29283,-5.03948,1.02909,0,10,0,FALLBACK,-0.5632,0.100,1.1033,0,none
31.075,0.37828,-5.29233,0.73619,0,10,0,FALLBACK,-0.6444,0.100,1.1027,0,none
31.124,0.44164,-4.88365,0.87042,0,10,0,FALLBACK,-0.7046,0.100,1.1020,0,none
31.176,0.49632,-4.33514,0.87877,0,10,0,FALLBACK,-0.7565,0.100,1.1013,0,none
31.226,0.49628,-4.18421,0.62792,0,10,0,FALLBACK,-0.7565,0.100,1.1004,0,none
31.276,0.46986,-3.84389,0.73189,0,10,0,FALLBACK,-0.7314,0.100,1.0999,0,none
31.327,0.41846,-3.11725,0.44526,0,10,0,FALLBACK,-0.6825,0.100,1.0999,0,none
31.378,0.34375,-2.86941,0.44512,0,10,0,FALLBACK,-0.6116,0.100,1.1005,0,none
31.426,0.25790,-2.92573,0.39921,0,10,0,FALLBACK,-0.5300,0.100,1.1015,0,none
31.478,0.12981,0.18774,0.19221,1,10,1,FALLBACK,-0.4083,0.100,1.1030,0,none
31.527,-0.01327,0.17350,0.14215,1,10,2,FALLBACK,-0.2724,0.100,1.1048,0,none
31.577,-0.16689,-0.51368,0.36504,0,10,0,FALLBACK,-0.1265,0.100,1.1069,0,none
31.627,-0.32448,-0.46450,0.21496,1,10,1,FALLBACK,0.0233,0.100,1.1089,0,none
31.678,-0.47869,-0.65754,0.17704,1,10,2,FALLBACK,0.1698,0.100,1.1105,0,none
31.731,-0.64239,-1.19385,0.42191,0,10,0,FALLBACK,0.3253,0.100,1.1117,0,none
31.781,-0.79771,-1.30851,0.46860,0,10,0,FALLBACK,0.4728,0.100,1.1122,0,none
31.827,-0.93910,-1.21452,0.23471,1,10,1,FALLBACK,0.6071,0.100,1.1119,0,none
31.865,-1.05297,-1.53840,0.78296,0,10,0,FALLBACK,0.7153,0.100,1.1108,0,none
31.912,-1.15830,-1.45778,0.84499,0,10,0,FALLBACK,0.8154,0.100,1.1092,0,none
31.965,-1.23506,-1.23061,0.65950,0,10,0,FALLBACK,0.8883,0.100,1.1062,0,none
32.012,-1.27957,-0.82470,1.08571,0,10,0,FALLBACK,0.9306,0.100,1.1034,0,none
32.062,-1.29235,-2.71280,0.52936,0,10,0,FALLBACK,0.9427,0.100,1.1013,0,none
32.113,-1.27204,-2.59841,1.39660,0,10,0,FALLBACK,0.9234,0.100,1.0995,0,none
32.163,-1.22350,-2.50618,0.57763,0,10,0,FALLBACK,0.8773,0.100,1.0984,0,none
32.215,-1.14632,-3.41128,0.46126,0,10,0,FALLBACK,0.8040,0.100,1.0981,0,none
32.264,-1.04334,-3.18814,0.56651,0,10,0,FALLBACK,0.7062,0.100,1.0986,0,none
32.313,-0.91805,-4.26495,0.40042,0,10,0,FALLBACK,0.5871,0.100,1.0999,0,none
32.363,-0.77080,-4.52777,0.75883,0,10,0,FALLBACK,0.4473,0.100,1.1018,0,none
32.412,-0.61938,-4.53038,0.69457,0,10,0,FALLBACK,0.3034,0.100,1.1041,0,none
32.467,-0.45865,-4.44015,0.85813,0,10,0,FALLBACK,0.1507,0.100,1.1063,0,none
32.516,-0.29317,-4.40484,0.80057,0,10,0,FALLBACK,-0.0065,0.100,1.1084,0,none
32.567,-0.12782,-4.23676,0.79209,0,10,0,FALLBACK,-0.1636,0.100,1.1101,0,none
32.617,0.03540,-5.49752,1.22173,0,10,0,FALLBACK,-0.3186,0.100,1.1111,0,none
32.665,0.17816,-4.73881,0.86645,0,10,0,FALLBACK,-0.4543,0.100,1.1115,0,none
32.716,0.30530,-5.04396,1.08738,0,10,0,FALLBACK,-0.5750,0.100,1.1112,0,none
32.766,0.41256,-6.15700,1.17867,0,10,0,FALLBACK,-0.6769,0.100,1.1104,0,none
32.816,0.50512,-5.12509,0.81456,0,10,0,FALLBACK,-0.7649,0.100,1.1091,0,none
32.866,0.55393,-5.54760,0.97365,0,10,0,FALLBACK,-0.8112,0.100,1.1074,0,none
32.918,0.57419,-4.69539,0.82543,0,10,0,FALLBACK,-0.8305,0.100,1.1060,0,none
32.968,0.56588,-4.44016,0.73493,0,10,0,FALLBACK,-0.8226,0.100,1.1048,0,none
33.018,0.52966,-3.64561,0.48622,0,10,0,FALLBACK,-0.7882,0.100,1.1042,0,none
33.067,0.47277,-3.07203,0.48542,0,10,0,FALLBACK,-0.7341,0.100,1.1042,0,none
33.116,0.37669,-2.62942,0.47275,0,10,0,FALLBACK,-0.6429,0.100,1.1047,0,none
33.166,0.26052,-1.18617,0.83469,0,10,0,FALLBACK,-0.5325,0.100,1.1062,0,none
33.216,0.12699,0.16914,0.47880,0,10,0,FALLBACK,-0.4056,0.100,1.1079,0,none
33.266,0.00153,-0.56043,0.88351,0,10,0,FALLBACK,-0.2864,0.100,1.1099,0,none
33.317,-0.17034,-0.83873,0.53356,0,10,0,FALLBACK,-0.1232,0.100,1.1117,0,none
33.366,-0.34801,-1.22330,0.70980,0,10,0,FALLBACK,0.0456,0.100,1.1135,0,none
33.419,-0.52554,-1.10062,0.41394,0,10,0,FALLBACK,0.2143,0.100,1.1150,0,none
33.466,-0.69730,-1.79552,0.60469,0,10,0,FALLBACK,0.3774,0.100,1.1157,0,none
33.518,-0.83487,-1.99548,0.34969,0,10,0,FALLBACK,0.5081,0.100,1.1156,0,none
33.567,-0.99548,-1.79801,0.49490,0,10,0,FALLBACK,0.6607,0.100,1.1147,0,none
33.617,-1.13531,-1.60998,0.92229,0,10,0,FALLBACK,0.7935,0.100,1.1131,0,none
33.668,-1.24871,-1.46761,0.92133,0,10,0,FALLBACK,0.9013,0.100,1.1106,0,none
33.719,-1.33125,-1.40169,0.82578,0,10,0,FALLBACK,0.9797,0.100,1.1074,0,none
33.769,-1.36794,-2.26233,0.74842,0,10,0,FALLBACK,1.0000,0.100,1.1040,0,none
33.817,-1.39461,-1.81795,0.84542,0,10,0,FALLBACK,1.0000,0.100,1.1012,0,none
33.868,-1.38764,-2.52763,0.61960,0,10,0,FALLBACK,1.0000,0.100,1.0991,0,none
33.921,-1.34798,-2.88644,0.58313,0,10,0,FALLBACK,0.9956,0.100,1.0972,0,none
33.967,-1.27612,-2.19845,0.71960,0,10,0,FALLBACK,0.9273,0.100,1.0954,0,none
34.017,-1.16122,-3.44029,0.43868,0,10,0,FALLBACK,0.8182,0.100,1.0948,0,none
34.069,-1.04948,-3.13975,0.45682,0,10,0,FALLBACK,0.7120,0.100,1.0955,0,none
34.120,-0.91554,-4.11061,0.59627,0,10,0,FALLBACK,0.5848,0.100,1.0969,0,none
34.171,-0.76292,-4.07747,0.65165,0,10,0,FALLBACK,0.4398,0.100,1.0988,0,none
34.218,-0.59597,-4.61800,1.08839,0,10,0,FALLBACK,0.2812,0.100,1.1011,0,none
34.268,-0.40919,-4.86854,0.83923,0,10,0,FALLBACK,0.1037,0.100,1.1034,0,none
34.319,-0.24553,-4.78157,0.90528,0,10,0,FALLBACK,-0.0517,0.100,1.1056,0,none
34.371,-0.08296,-4.83892,0.88875,0,10,0,FALLBACK,-0.2062,0.100,1.1071,0,none
34.419,0.07421,-5.73955,1.30393,0,10,0,FALLBACK,-0.3555,0.100,1.1082,0,none
34.472,0.22062,-5.60986,1.26859,0,10,0,FALLBACK,-0.4946,0.100,1.1085,0,none
34.521,0.35906,-4.87273,0.94100,0,10,0,FALLBACK,-0.6261,0.100,1.1079,0,none
34.571,0.44624,-5.40943,0.92751,0,10,0,FALLBACK,-0.7089,0.100,1.1069,0,none
34.619,0.50880,-5.18934,0.91367,0,10,0,FALLBACK,-0.7684,0.100,1.1057,0,none
34.670,0.54493,-4.47330,0.93856,0,10,0,FALLBACK,-0.8027,0.100,1.1045,0,none
34.722,0.57491,-4.44435,0.81835,0,10,0,FALLBACK,-0.8312,0.100,1.1034,0,none
34.771,0.53238,-3.90206,0.69103,0,10,0,FALLBACK,-0.7908,0.100,1.1023,0,none
34.822,0.46219,-2.70968,0.50384,0,10,0,FALLBACK,-0.7241,0.100,1.1020,0,none
34.871,0.36769,-2.49651,0.56826,0,10,0,FALLBACK,-0.6343,0.100,1.1026,0,none
34.922,0.25213,-0.84017,0.86593,0,10,0,FALLBACK,-0.5245,0.100,1.1039,0,none
34.972,0.13001,0.03851,0.31604,0,10,0,FALLBACK,-0.4085,0.100,1.1056,0,none
35.022,-0.03559,-0.24007,0.52705,0,10,0,FALLBACK,-0.2512,0.100,1.1075,0,none
35.071,-0.21057,-0.99693,0.43761,0,10,0,FALLBACK,-0.0850,0.100,1.1095,0,none
35.123,-0.38940,-1.07218,0.63367,0,10,0,FALLBACK,0.0849,0.100,1.1114,0,none
35.170,-0.56669,-1.01226,0.43152,0,10,0,FALLBACK,0.2534,0.100,1.1127,0,none
35.221,-0.72431,-1.22100,0.79771,0,10,0,FALLBACK,0.4031,0.100,1.1133,0,none
35.272,-0.90634,-1.71823,0.44500,0,10,0,FALLBACK,0.5760,0.100,1.1131,0,none
35.323,-1.07092,-1.69704,0.28061,1,10,1,FALLBACK,0.7324,0.100,1.1118,0,none
35.372,-1.21150,-1.60020,0.79629,0,10,0,FALLBACK,0.8659,0.100,1.1094,0,none
35.423,-1.29317,-1.31690,0.93688,0,10,0,FALLBACK,0.9435,0.100,1.1062,0,none
35.472,-1.39155,-1.79148,1.12259,0,10,0,FALLBACK,1.0000,0.100,1.1024,0,none
35.523,-1.45672,-1.68776,1.35855,0,10,0,FALLBACK,1.0000,0.100,1.0997,0,none
35.573,-1.48775,-2.47844,0.80942,0,10,0,FALLBACK,1.0000,0.100,1.0973,0,none
35.623,-1.48596,-2.28780,0.40379,0,10,0,FALLBACK,1.0000,0.100,1.0955,0,none
35.672,-1.42864,-3.28181,0.65686,0,10,0,FALLBACK,1.0000,0.100,1.0936,0,none
35.723,-1.38276,-3.42281,0.68549,0,10,0,FALLBACK,1.0000,0.100,1.0919,0,none
35.775,-1.30503,-2.57600,0.58719,0,10,0,FALLBACK,0.9548,0.100,1.0901,0,none
35.825,-1.19638,-3.54173,0.66662,0,10,0,FALLBACK,0.8516,0.100,1.0891,0,none
35.873,-1.06024,-3.53038,0.61475,0,10,0,FALLBACK,0.7222,0.100,1.0895,0,none
35.922,-0.88123,-4.51140,0.70809,0,10,0,FALLBACK,0.5522,0.100,1.0911,0,none
35.975,-0.72358,-4.02912,0.62425,0,10,0,FALLBACK,0.4024,0.100,1.0934,0,none
36.023,-0.55369,-4.40196,0.91391,0,10,0,FALLBACK,0.2410,0.100,1.0960,0,none
36.074,-0.37570,-4.54762,1.17405,0,10,0,FALLBACK,0.0719,0.100,1.0983,0,none
36.126,-0.19451,-5.36198,0.91491,0,10,0,FALLBACK,-0.1002,0.100,1.1004,0,none
36.177,0.00192,-5.19308,1.04673,0,10,0,FALLBACK,-0.2868,0.100,1.1019,0,none
36.226,0.15753,-5.69860,1.05019,0,10,0,FALLBACK,-0.4347,0.100,1.1025,0,none
36.277,0.29907,-5.48449,0.72095,0,10,0,FALLBACK,-0.5691,0.100,1.1024,0,none
36.327,0.42214,-4.87559,0.82297,0,10,0,FALLBACK,-0.6860,0.100,1.1017,0,none
36.377,0.52248,-5.70172,0.77232,0,10,0,FALLBACK,-0.7814,0.100,1.1004,0,none
36.427,0.61135,-4.98102,0.90348,0,10,0,FALLBACK,-0.8658,0.100,1.0988,0,none
36.476,0.63602,-5.00736,0.74828,0,10,0,FALLBACK,-0.8892,0.100,1.0967,0,none
36.525,0.62977,-4.60677,0.92303,0,10,0,FALLBACK,-0.8833,0.100,1.0950,0,none
36.578,0.59382,-3.92592,0.55301,0,10,0,FALLBACK,-0.8491,0.100,1.0940,0,none
36.626,0.55250,-3.20355,0.42533,0,10,0,FALLBACK,-0.8099,0.100,1.0935,0,none
36.677,0.44467,-2.84582,0.40965,0,10,0,FALLBACK,-0.7074,0.100,1.0939,0,none
36.727,0.31273,-0.88402,1.08332,0,10,0,FALLBACK,-0.5821,0.100,1.0944,0,none
36.776,0.16095,0.06543,0.79616,0,10,0,FALLBACK,-0.4379,0.100,1.0961,0,none
36.826,-0.00614,-1.82157,0.73477,0,10,0,FALLBACK,-0.2792,0.100,1.0977,0,none
36.876,-0.16211,-1.33495,0.77835,0,10,0,FALLBACK,-0.1310,0.100,1.1004,0,none
36.927,-0.36437,-1.17113,0.97453,0,10,0,FALLBACK,0.0611,0.100,1.1026,0,none
36.976,-0.56770,-0.46065,0.73364,0,10,0,FALLBACK,0.2543,0.100,1.1042,0,none
37.026,-0.76569,-2.15854,0.54646,0,10,0,FALLBACK,0.4424,0.100,1.1050,0,none
37.079,-0.95190,-2.10142,0.59890,0,10,0,FALLBACK,0.6193,0.100,1.1047,0,none
37.127,-1.09052,-0.84283,1.66698,0,10,0,FALLBACK,0.7510,0.100,1.1033,0,none
37.178,-1.25719,-2.91640,0.88350,0,10,0,FALLBACK,0.9093,0.100,1.1011,0,none
37.228,-1.39626,-2.56665,1.30525,0,10,0,FALLBACK,1.0000,0.100,1.0979,0,none
37.278,-1.50186,-2.83669,0.68847,0,10,0,FALLBACK,1.0000,0.100,1.0940,0,none
37.328,-1.57236,-2.32918,0.44034,0,10,0,FALLBACK,1.0000,0.100,1.0910,0,none
37.379,-1.57355,-3.05587,0.43329,0,10,0,FALLBACK,1.0000,0.100,1.0892,0,none
37.413,-1.61064,-2.74012,0.70839,0,10,0,FALLBACK,1.0000,0.100,1.0875,0,none
37.463,-1.61571,-2.74384,0.52630,0,10,0,FALLBACK,1.0000,0.100,1.0858,0,none
37.515,-1.58887,-2.75788,0.38800,0,10,0,FALLBACK,1.0000,0.100,1.0842,0,none
37.563,-1.53042,-2.97683,0.56287,0,10,0,FALLBACK,1.0000,0.100,1.0826,0,none
37.614,-1.41119,-2.52466,0.61231,0,10,0,FALLBACK,1.0000,0.100,1.0810,0,none
37.667,-1.31785,-2.89517,0.50735,0,10,0,FALLBACK,0.9670,0.100,1.0795,0,none
37.714,-1.19467,-3.63354,0.60900,0,10,0,FALLBACK,0.8499,0.100,1.0786,0,none
37.766,-1.04643,-3.74587,0.57418,0,10,0,FALLBACK,0.7091,0.100,1.0800,0,none
37.815,-0.87729,-4.70776,0.71544,0,10,0,FALLBACK,0.5484,0.100,1.0819,0,none
37.866,-0.66873,-4.31052,0.86993,0,10,0,FALLBACK,0.3503,0.100,1.0845,0,none
37.917,-0.49255,-4.68777,0.70152,0,10,0,FALLBACK,0.1829,0.100,1.0873,0,none
37.967,-0.31185,-4.78350,0.98536,0,10,0,FALLBACK,0.0113,0.100,1.0897,0,none
38.017,-0.13102,-5.15020,0.90629,0,10,0,FALLBACK,-0.1605,0.100,1.0916,0,none
38.067,0.04473,-4.99393,0.92235,0,10,0,FALLBACK,-0.3275,0.100,1.0929,0,none
38.117,0.23785,-5.99225,1.43920,0,10,0,FALLBACK,-0.5110,0.100,1.0933,0,none
38.165,0.36413,-5.05009,1.11985,0,10,0,FALLBACK,-0.6309,0.100,1.0925,0,none
38.215,0.46817,-4.72901,1.01590,0,10,0,FALLBACK,-0.7298,0.100,1.0915,0,none
38.266,0.54746,-5.02695,1.07352,0,10,0,FALLBACK,-0.8051,0.100,1.0902,0,none
38.315,0.59953,-4.97544,0.81461,0,10,0,FALLBACK,-0.8546,0.100,1.0887,0,none
38.365,0.64631,-4.04866,0.87813,0,10,0,FALLBACK,-0.8990,0.100,1.0872,0,none
38.415,0.61077,-4.25566,0.92189,0,10,0,FALLBACK,-0.8652,0.100,1.0856,0,none
38.465,0.54620,-2.85193,0.25632,1,10,1,FALLBACK,-0.8039,0.100,1.0852,0,none
38.515,0.45614,-2.75603,0.47006,0,10,0,FALLBACK,-0.7183,0.100,1.0858,0,none
38.567,0.34379,-0.61875,0.73796,0,10,0,FALLBACK,-0.6116,0.100,1.0870,0,none
38.616,0.22716,-2.48643,0.56834,0,10,0,FALLBACK,-0.5008,0.100,1.0886,0,none
38.667,0.04813,-0.39328,0.41647,0,10,0,FALLBACK,-0.3307,0.100,1.0906,0,none
38.717,-0.14237,-0.86939,0.44489,0,10,0,FALLBACK,-0.1498,0.100,1.0928,0,none
38.767,-0.33839,-1.00488,0.44616,0,10,0,FALLBACK,0.0365,0.100,1.0950,0,none
38.815,-0.53430,-0.97018,0.21163,1,10,1,FALLBACK,0.2226,0.100,1.0966,0,none
38.866,-0.70352,-1.58198,0.59199,0,10,0,FALLBACK,0.3833,0.100,1.0975,0,none
38.918,-0.91483,-2.84189,0.56756,0,10,0,FALLBACK,0.5841,0.100,1.0976,0,none
38.967,-1.10976,-2.54988,1.15456,0,10,0,FALLBACK,0.7693,0.100,1.0961,0,none
39.017,-1.27685,-2.36010,1.25214,0,10,0,FALLBACK,0.9280,0.100,1.0921,0,none
39.066,-1.41501,-1.30550,1.35520,0,10,0,FALLBACK,1.0000,0.100,1.0890,0,none
39.119,-1.49650,-1.73565,1.35851,0,10,0,FALLBACK,1.0000,0.100,1.0855,0,none
39.169,-1.59775,-3.20980,0.64308,0,10,0,FALLBACK,1.0000,0.100,1.0833,0,none
39.218,-1.66747,-2.65442,0.30193,0,10,0,FALLBACK,1.0000,0.100,1.0817,0,none
39.266,-1.70570,-2.67372,0.40905,0,10,0,FALLBACK,1.0000,0.100,1.0802,0,none
39.319,-1.71234,-3.48967,0.85425,0,10,0,FALLBACK,1.0000,0.100,1.0786,0,none
39.368,-1.67033,-2.67973,0.48948,0,10,0,FALLBACK,1.0000,0.100,1.0771,0,none
39.419,-1.63992,-2.96799,0.56187,0,10,0,FALLBACK,1.0000,0.100,1.0756,0,none
39.469,-1.57841,-3.98820,0.86420,0,10,0,FALLBACK,1.0000,0.100,1.0742,0,none
39.519,-1.48627,-2.90411,0.47376,0,10,0,FALLBACK,1.0000,0.100,1.0728,0,none
39.569,-1.36409,-3.81714,0.54303,0,10,0,FALLBACK,1.0000,0.100,1.0714,0,none
39.617,-1.20031,-3.86210,0.51117,0,10,0,FALLBACK,0.8553,0.100,1.0700,0,none
39.669,-1.03871,-5.08003,0.61442,0,10,0,FALLBACK,0.7018,0.100,1.0706,0,none
39.721,-0.85680,-4.07773,0.71514,0,10,0,FALLBACK,0.5290,0.100,1.0729,0,none
39.769,-0.65956,-3.97479,0.60663,0,10,0,FALLBACK,0.3416,0.100,1.0756,0,none
39.821,-0.45206,-4.82670,1.05323,0,10,0,FALLBACK,0.1445,0.100,1.0784,0,none
39.870,-0.21754,-4.97699,0.80269,0,10,0,FALLBACK,-0.0783,0.100,1.0809,0,none
39.923,-0.02754,-4.86333,1.04410,0,10,0,FALLBACK,-0.2588,0.100,1.0826,0,none
39.969,0.15321,-5.68530,0.62852,0,10,0,FALLBACK,-0.4306,0.100,1.0835,0,none
40.022,0.32136,-4.99450,0.88751,0,10,0,FALLBACK,-0.5903,0.100,1.0836,0,none
40.072,0.47163,-4.57119,0.97429,0,10,0,FALLBACK,-0.7330,0.100,1.0828,0,none
40.122,0.62438,-5.15284,0.93290,0,10,0,FALLBACK,-0.8782,0.100,1.0812,0,none
40.174,0.69486,-5.16126,1.14516,0,10,0,FALLBACK,-0.9451,0.100,1.0785,0,none
40.223,0.73305,-4.58301,0.71023,0,10,0,FALLBACK,-0.9814,0.100,1.0760,0,none
40.273,0.73831,-4.88408,0.57220,0,10,0,FALLBACK,-0.9864,0.100,1.0737,0,none
40.322,0.71201,-3.98029,0.69689,0,10,0,FALLBACK,-0.9614,0.100,1.0723,0,none
40.374,0.66657,-3.51064,0.57254,0,10,0,FALLBACK,-0.9182,0.100,1.0714,0,none
40.424,0.55866,-3.30476,0.44573,0,10,0,FALLBACK,-0.8157,0.100,1.0711,0,none
40.475,0.42526,-2.34910,0.51183,0,10,0,FALLBACK,-0.6890,0.100,1.0720,0,none
40.524,0.27110,-2.64149,0.59396,0,10,0,FALLBACK,-0.5425,0.100,1.0739,0,none
40.575,0.13377,-1.62461,0.74109,0,10,0,FALLBACK,-0.4121,0.100,1.0766,0,none
40.624,-0.06917,-1.56468,0.66057,0,10,0,FALLBACK,-0.2193,0.100,1.0788,0,none
40.673,-0.28021,-1.07383,0.56748,0,10,0,FALLBACK,-0.0188,0.100,1.0812,0,none
40.725,-0.49282,-1.01592,0.28865,0,10,0,FALLBACK,0.1832,0.100,1.0831,0,none
40.774,-0.70096,-1.84761,0.49255,0,10,0,FALLBACK,0.3809,0.100,1.0842,0,none
40.824,-0.89851,-3.10063,0.59461,0,10,0,FALLBACK,0.5686,0.100,1.0843,0,none
40.874,-1.05737,-3.79179,0.70255,0,10,0,FALLBACK,0.7195,0.100,1.0832,0,none
40.925,-1.24325,-2.81486,0.81805,0,10,0,FALLBACK,0.8961,0.100,1.0813,0,none
40.975,-1.40233,-1.92395,1.44874,0,10,0,FALLBACK,1.0000,0.100,1.0779,0,none
41.026,-1.52861,0.35768,1.95687,0,10,0,FALLBACK,1.0000,0.100,1.0743,0,none
41.077,-1.62120,-2.90980,0.66391,0,10,0,FALLBACK,1.0000,0.100,1.0721,0,none
41.125,-1.65937,-2.68113,0.41731,0,10,0,FALLBACK,1.0000,0.100,1.0707,0,none
41.175,-1.71776,-2.64240,0.51292,0,10,0,FALLBACK,1.0000,0.100,1.0693,0,none
41.224,-1.74528,-2.65753,0.43554,0,10,0,FALLBACK,1.0000,0.100,1.0680,0,none
41.276,-1.74191,-2.04995,1.15432,0,10,0,FALLBACK,1.0000,0.100,1.0667,0,none
41.326,-1.70777,-2.97933,0.35596,0,10,0,FALLBACK,1.0000,0.100,1.0654,0,none
41.374,-1.62488,-2.51724,0.40275,0,10,0,FALLBACK,1.0000,0.100,1.0642,0,none
41.424,-1.55280,-2.84690,0.65687,0,10,0,FALLBACK,1.0000,0.100,1.0629,0,none
41.475,-1.45087,-2.11654,0.43392,0,10,0,FALLBACK,1.0000,0.100,1.0617,0,none
41.525,-1.31972,-3.39082,0.42586,0,10,0,FALLBACK,0.9687,0.100,1.0605,0,none
41.575,-1.16037,-3.36100,0.70706,0,10,0,FALLBACK,0.8173,0.100,1.0599,0,none
41.625,-0.94726,-4.07133,0.55341,0,10,0,FALLBACK,0.6149,0.100,1.0611,0,none
41.676,-0.77156,-4.10572,0.68995,0,10,0,FALLBACK,0.4480,0.100,1.0638,0,none
41.725,-0.58394,-4.51877,0.73677,0,10,0,FALLBACK,0.2697,0.100,1.0670,0,none
41.775,-0.38833,-5.21574,1.36311,0,10,0,FALLBACK,0.0839,0.100,1.0697,0,none
41.826,-0.18963,-5.11690,0.82809,0,10,0,FALLBACK,-0.1049,0.100,1.0721,0,none
41.876,0.04469,-4.91568,1.08911,0,10,0,FALLBACK,-0.3275,0.100,1.0739,0,none
41.928,0.20500,-4.59187,0.66793,0,10,0,FALLBACK,-0.4797,0.100,1.0743,0,none
41.978,0.35064,-4.68517,0.98798,0,10,0,FALLBACK,-0.6181,0.100,1.0749,0,none
42.027,0.47815,-4.67338,1.05196,0,10,0,FALLBACK,-0.7392,0.100,1.0744,0,none
42.077,0.58293,-5.08989,1.06225,0,10,0,FALLBACK,-0.8388,0.100,1.0732,0,none
42.128,0.68927,-4.40603,0.83647,0,10,0,FALLBACK,-0.9398,0.100,1.0716,0,none
42.177,0.71255,-5.03058,0.93295,0,10,0,FALLBACK,-0.9619,0.100,1.0694,0,none
42.232,0.70367,-3.70498,0.66839,0,10,0,FALLBACK,-0.9535,0.100,1.0672,0,none
42.280,0.66408,-3.67009,0.54822,0,10,0,FALLBACK,-0.9159,0.100,1.0661,0,none
42.329,0.59556,-3.01345,0.44584,0,10,0,FALLBACK,-0.8508,0.100,1.0656,0,none
42.380,0.51907,-2.70544,0.57144,0,10,0,FALLBACK,-0.7781,0.100,1.0660,0,none
42.431,0.37581,-1.01979,1.02938,0,10,0,FALLBACK,-0.6420,0.100,1.0670,0,none
42.465,0.21192,-0.19287,0.30971,0,10,0,FALLBACK,-0.4863,0.100,1.0687,0,none
42.514,0.03449,-2.30748,0.66519,0,10,0,FALLBACK,-0.3178,0.100,1.0718,0,none
42.563,-0.15110,-1.79878,0.77651,0,10,0,FALLBACK,-0.1415,0.100,1.0745,0,none
42.612,-0.31872,-0.96104,0.56082,0,10,0,FALLBACK,0.0178,0.100,1.0768,0,none
42.662,-0.53065,-1.35535,0.33211,0,10,0,FALLBACK,0.2191,0.100,1.0786,0,none
42.713,-0.73660,-2.16673,0.54878,0,10,0,FALLBACK,0.4148,0.100,1.0795,0,none
42.766,-0.92971,-2.35659,0.47418,0,10,0,FALLBACK,0.5982,0.100,1.0792,0,none
42.816,-1.10380,-2.76192,0.74185,0,10,0,FALLBACK,0.7636,0.100,1.0778,0,none
42.865,-1.23059,-2.55293,0.84738,0,10,0,FALLBACK,0.8841,0.100,1.0754,0,none
42.915,-1.37127,-2.96659,0.44768,0,10,0,FALLBACK,1.0000,0.100,1.0726,0,none
42.967,-1.48008,-2.63791,0.42496,0,10,0,FALLBACK,1.0000,0.100,1.0691,0,none
43.016,-1.55550,-2.35653,0.39392,0,10,0,FALLBACK,1.0000,0.100,1.0673,0,none
43.067,-1.60015,-2.93643,0.57300,0,10,0,FALLBACK,1.0000,0.100,1.0659,0,none
43.117,-1.59969,-2.81650,0.37678,0,10,0,FALLBACK,1.0000,0.100,1.0647,0,none
43.167,-1.59739,-2.46424,0.33312,0,10,0,FALLBACK,1.0000,0.100,1.0634,0,none
43.216,-1.56449,-3.25568,0.63225,0,10,0,FALLBACK,1.0000,0.100,1.0622,0,none
43.266,-1.50129,-3.15194,0.52265,0,10,0,FALLBACK,1.0000,0.100,1.0610,0,none
43.318,-1.40822,-2.05470,0.51753,0,10,0,FALLBACK,1.0000,0.100,1.0598,0,none
43.367,-1.27179,-3.41149,0.45232,0,10,0,FALLBACK,0.9232,0.100,1.0587,0,none
43.417,-1.13578,-2.75799,0.54407,0,10,0,FALLBACK,0.7940,0.100,1.0587,0,none
43.467,-0.97615,-3.93415,0.44706,0,10,0,FALLBACK,0.6423,0.100,1.0602,0,none
43.518,-0.79812,-3.49118,0.31221,0,10,0,FALLBACK,0.4732,0.100,1.0627,0,none
43.566,-0.60648,-4.20488,0.73153,0,10,0,FALLBACK,0.2912,0.100,1.0655,0,none
43.619,-0.38499,-4.20026,0.73897,0,10,0,FALLBACK,0.0807,0.100,1.0683,0,none
43.669,-0.19783,-4.26594,0.87728,0,10,0,FALLBACK,-0.0971,0.100,1.0707,0,none
43.719,-0.01346,-5.06771,1.04461,0,10,0,FALLBACK,-0.2722,0.100,1.0726,0,none
43.769,0.16450,-5.15982,1.13288,0,10,0,FALLBACK,-0.4413,0.100,1.0740,0,none
43.819,0.32992,-4.69828,0.76048,0,10,0,FALLBACK,-0.5984,0.100,1.0738,0,none
43.868,0.50429,-4.82280,1.20606,0,10,0,FALLBACK,-0.7641,0.100,1.0731,0,none
43.918,0.60582,-4.79889,0.94017,0,10,0,FALLBACK,-0.8605,0.100,1.0712,0,none
43.970,0.67644,-4.85605,1.00347,0,10,0,FALLBACK,-0.9276,0.100,1.0686,0,none
44.021,0.71761,-4.82324,0.74488,0,10,0,FALLBACK,-0.9667,0.100,1.0670,0,none
44.071,0.72807,-4.15570,0.72780,0,10,0,FALLBACK,-0.9767,0.100,1.0653,0,none
44.120,0.72473,-3.95183,0.73644,0,10,0,FALLBACK,-0.9735,0.100,1.0639,0,none
44.169,0.65498,-3.77258,0.71320,0,10,0,FALLBACK,-0.9072,0.100,1.0629,0,none
44.218,0.55669,-2.89565,0.34634,0,10,0,FALLBACK,-0.8139,0.100,1.0629,0,none
44.269,0.43386,-2.86816,0.49004,0,10,0,FALLBACK,-0.6972,0.100,1.0640,0,none
44.319,0.29032,-1.06338,0.70302,0,10,0,FALLBACK,-0.5608,0.100,1.0658,0,none
44.370,0.14313,-2.18198,0.99734,0,10,0,FALLBACK,-0.4210,0.100,1.0682,0,none
44.421,-0.04487,-1.36761,0.79835,0,10,0,FALLBACK,-0.2424,0.100,1.0707,0,none
44.471,-0.24089,-1.37800,0.58326,0,10,0,FALLBACK,-0.0562,0.100,1.0732,0,none
44.522,-0.43932,-0.93325,0.25776,1,10,1,FALLBACK,0.1324,0.100,1.0753,0,none
44.570,-0.63467,-1.93798,0.45061,0,10,0,FALLBACK,0.3179,0.100,1.0768,0,none
44.621,-0.80824,-2.19989,0.45118,0,10,0,FALLBACK,0.4828,0.100,1.0774,0,none
44.670,-0.99267,-2.18856,0.54229,0,10,0,FALLBACK,0.6580,0.100,1.0771,0,none
44.720,-1.15766,-2.90251,0.59084,0,10,0,FALLBACK,0.8148,0.100,1.0757,0,none
44.770,-1.29722,-2.84627,0.39139,0,10,0,FALLBACK,0.9474,0.100,1.0732,0,none
44.821,-1.40655,-3.02529,0.45757,0,10,0,FALLBACK,1.0000,0.100,1.0700,0,none
44.873,-1.46190,-2.95664,0.49763,0,10,0,FALLBACK,1.0000,0.100,1.0672,0,none
44.921,-1.52549,-3.06300,0.81923,0,10,0,FALLBACK,1.0000,0.100,1.0655,0,none
44.971,-1.55833,-2.63217,0.28953,0,10,0,FALLBACK,1.0000,0.100,1.0643,0,none
45.021,-1.56049,-1.78649,0.61565,0,10,0,FALLBACK,1.0000,0.100,1.0630,0,none
45.072,-1.53208,-2.19350,0.58763,0,10,0,FALLBACK,1.0000,0.100,1.0618,0,none
45.122,-1.44727,-3.61058,0.45941,0,10,0,FALLBACK,1.0000,0.100,1.0606,0,none
45.173,-1.38525,-2.32478,0.61909,0,10,0,FALLBACK,1.0000,0.100,1.0594,0,none
45.223,-1.29344,-2.94671,0.43801,0,10,0,FALLBACK,0.9438,0.100,1.0583,0,none
45.273,-1.17281,-3.14921,0.46319,0,10,0,FALLBACK,0.8292,0.100,1.0580,0,none
45.324,-1.02721,-3.23730,0.74480,0,10,0,FALLBACK,0.6909,0.100,1.0592,0,none
45.374,-0.83850,-4.42307,0.84604,0,10,0,FALLBACK,0.5116,0.100,1.0614,0,none
45.425,-0.67754,-4.45774,0.96453,0,10,0,FALLBACK,0.3587,0.100,1.0642,0,none
45.475,-0.50661,-4.99846,1.12933,0,10,0,FALLBACK,0.1963,0.100,1.0671,0,none
45.525,-0.32956,-4.98394,0.86444,0,10,0,FALLBACK,0.0281,0.100,1.0697,0,none
45.575,-0.15100,-5.29081,1.00027,0,10,0,FALLBACK,-0.1415,0.100,1.0719,0,none
45.627,0.04766,-5.09812,0.91338,0,10,0,FALLBACK,-0.3303,0.100,1.0735,0,none
45.677,0.19582,-4.66059,1.13876,0,10,0,FALLBACK,-0.4710,0.100,1.0742,0,none
45.726,0.32979,-4.90480,1.10790,0,10,0,FALLBACK,-0.5983,0.100,1.0748,0,none
45.777,0.44610,-4.85071,0.95643,0,10,0,FALLBACK,-0.7088,0.100,1.0745,0,none
45.826,0.54046,-5.31436,1.00372,0,10,0,FALLBACK,-0.7984,0.100,1.0737,0,none
45.877,0.62555,-4.52721,0.70251,0,10,0,FALLBACK,-0.8793,0.100,1.0724,0,none
45.927,0.65153,-4.15708,0.82554,0,10,0,FALLBACK,-0.9040,0.100,1.0709,0,none
45.978,0.64766,-4.35637,0.84140,0,10,0,FALLBACK,-0.9003,0.100,1.0694,0,none
46.027,0.61479,-3.53558,0.43545,0,10,0,FALLBACK,-0.8690,0.100,1.0686,0,none
46.077,0.55419,-3.05177,0.55166,0,10,0,FALLBACK,-0.8115,0.100,1.0683,0,none
46.129,0.47937,-2.78621,0.48462,0,10,0,FALLBACK,-0.7404,0.100,1.0688,0,none
46.181,0.35419,-1.37637,1.09318,0,10,0,FALLBACK,-0.6215,0.100,1.0698,0,none
46.231,0.20890,-1.31475,0.69081,0,10,0,FALLBACK,-0.4835,0.100,1.0715,0,none
46.264,0.04792,-0.04490,0.39601,0,10,0,FALLBACK,-0.3305,0.100,1.0739,0,none
46.314,-0.12227,-1.72350,0.83888,0,10,0,FALLBACK,-0.1688,0.100,1.0767,0,none
46.364,-0.28834,-0.61832,0.40016,0,10,0,FALLBACK,-0.0111,0.100,1.0791,0,none
46.413,-0.47348,-1.21322,0.47076,0,10,0,FALLBACK,0.1648,0.100,1.0810,0,none
46.465,-0.65374,-1.71899,0.43840,0,10,0,FALLBACK,0.3361,0.100,1.0822,0,none
46.513,-0.82335,-2.06901,0.59548,0,10,0,FALLBACK,0.4972,0.100,1.0825,0,none
46.564,-0.97688,-1.58708,0.51236,0,10,0,FALLBACK,0.6430,0.100,1.0820,0,none
46.614,-1.09451,-2.39118,0.33588,0,10,0,FALLBACK,0.7548,0.100,1.0807,0,none
46.665,-1.22043,-1.30717,1.25802,0,10,0,FALLBACK,0.8744,0.100,1.0791,0,none
46.716,-1.31813,-1.67269,0.44182,0,10,0,FALLBACK,0.9672,0.100,1.0765,0,none
46.766,-1.38390,-1.72319,1.16756,0,10,0,FALLBACK,1.0000,0.100,1.0736,0,none
46.815,-1.41653,-2.17738,0.67691,0,10,0,FALLBACK,1.0000,0.100,1.0713,0,none
46.865,-1.40359,-1.59539,0.33834,0,10,0,FALLBACK,1.0000,0.100,1.0698,0,none
46.916,-1.39402,-2.21044,0.54424,0,10,0,FALLBACK,1.0000,0.100,1.0684,0,none
46.965,-1.35363,-2.86385,0.42958,0,10,0,FALLBACK,1.0000,0.100,1.0671,0,none
47.013,-1.28273,-2.28523,0.41568,0,10,0,FALLBACK,0.9336,0.100,1.0658,0,none
47.067,-1.18290,-2.91955,0.34906,0,10,0,FALLBACK,0.8388,0.100,1.0659,0,none
47.117,-1.04585,-3.26868,0.50142,0,10,0,FALLBACK,0.7086,0.100,1.0670,0,none
47.167,-0.92130,-3.61615,0.67673,0,10,0,FALLBACK,0.5902,0.100,1.0691,0,none
47.215,-0.78026,-4.28583,0.87898,0,10,0,FALLBACK,0.4562,0.100,1.0715,0,none
47.265,-0.62610,-4.04712,0.77831,0,10,0,FALLBACK,0.3098,0.100,1.0740,0,none
47.315,-0.46306,-4.21990,0.67323,0,10,0,FALLBACK,0.1549,0.100,1.0766,0,none
47.367,-0.28213,-4.92224,1.11123,0,10,0,FALLBACK,-0.0170,0.100,1.0790,0,none
47.417,-0.13518,-4.86514,0.96563,0,10,0,FALLBACK,-0.1566,0.100,1.0809,0,none
47.467,0.00615,-4.91169,0.87813,0,10,0,FALLBACK,-0.2908,0.100,1.0824,0,none
47.516,0.13803,-5.02290,0.98456,0,10,0,FALLBACK,-0.4161,0.100,1.0833,0,none
47.567,0.25624,-5.74239,1.05586,0,10,0,FALLBACK,-0.5284,0.100,1.0837,0,none
47.619,0.36462,-5.36507,1.11328,0,10,0,FALLBACK,-0.6314,0.100,1.0838,0,none
47.669,0.43236,-5.48199,1.33655,0,10,0,FALLBACK,-0.6957,0.100,1.0833,0,none
47.717,0.47671,-4.55816,0.97238,0,10,0,FALLBACK,-0.7379,0.100,1.0828,0,none
47.767,0.49663,-5.29143,0.92055,0,10,0,FALLBACK,-0.7568,0.100,1.0824,0,none
47.818,0.48079,-4.51315,0.71766,0,10,0,FALLBACK,-0.7417,0.100,1.0821,0,none
47.869,0.46071,-4.15079,0.81743,0,10,0,FALLBACK,-0.7227,0.100,1.0823,0,none
47.917,0.41744,-4.61210,0.78298,0,10,0,FALLBACK,-0.6816,0.100,1.0828,0,none
47.966,0.35202,-3.18162,0.44310,0,10,0,FALLBACK,-0.6194,0.100,1.0836,0,none
48.019,0.26649,-3.33948,0.45540,0,10,0,FALLBACK,-0.5382,0.100,1.0848,0,none
48.069,0.15160,-2.92125,0.46828,0,10,0,FALLBACK,-0.4290,0.100,1.0863,0,none
48.120,0.04706,-2.71341,0.70865,0,10,0,FALLBACK,-0.3297,0.100,1.0884,0,none
48.167,-0.06782,0.26567,0.47084,0,10,0,FALLBACK,-0.2206,0.100,1.0906,0,none
48.218,-0.19026,-0.52211,0.56136,0,10,0,FALLBACK,-0.1043,0.100,1.0926,0,none
48.269,-0.31674,-2.17098,0.82051,0,10,0,FALLBACK,0.0159,0.100,1.0946,0,none
48.320,-0.45128,-1.64477,0.34329,0,10,0,FALLBACK,0.1437,0.100,1.0963,0,none
48.370,-0.56125,-2.26708,0.73585,0,10,0,FALLBACK,0.2482,0.100,1.0977,0,none
48.419,-0.66326,-2.33884,0.59225,0,10,0,FALLBACK,0.3451,0.100,1.0987,0,none
48.471,-0.75419,-2.88535,0.65394,0,10,0,FALLBACK,0.4315,0.100,1.0994,0,none
48.519,-0.85117,-2.30429,0.59901,0,10,0,FALLBACK,0.5236,0.100,1.0998,0,none
48.572,-0.89362,-2.00652,0.48677,0,10,0,FALLBACK,0.5639,0.100,1.0998,0,none
48.619,-0.91609,-2.25210,0.62959,0,10,0,FALLBACK,0.5853,0.100,1.0998,0,none
48.669,-0.91848,-2.28678,0.73074,0,10,0,FALLBACK,0.5876,0.100,1.1001,0,none
48.720,-0.90082,-2.79585,0.52661,0,10,0,FALLBACK,0.5708,0.100,1.1006,0,none
48.772,-0.87170,-3.27441,0.57496,0,10,0,FALLBACK,0.5431,0.100,1.1014,0,none
48.819,-0.80446,-3.25745,0.49037,0,10,0,FALLBACK,0.4792,0.100,1.1023,0,none
48.871,-0.72040,-4.00635,0.69999,0,10,0,FALLBACK,0.3994,0.100,1.1037,0,none
48.923,-0.62251,-4.42304,0.74809,0,10,0,FALLBACK,0.3064,0.100,1.1054,0,none
48.971,-0.53330,-4.52604,0.76319,0,10,0,FALLBACK,0.2216,0.100,1.1073,0,none
49.022,-0.40174,-4.37526,0.69061,0,10,0,FALLBACK,0.0967,0.100,1.1092,0,none
49.072,-0.26548,-4.91892,0.67420,0,10,0,FALLBACK,-0.0328,0.100,1.1110,0,none
49.122,-0.12918,-4.54905,0.62366,0,10,0,FALLBACK,-0.1623,0.100,1.1126,0,none
49.172,0.00164,-6.11298,1.38954,0,10,0,FALLBACK,-0.2866,0.100,1.1138,0,none
49.222,0.10218,-5.86970,1.00476,0,10,0,FALLBACK,-0.3821,0.100,1.1145,0,none
49.272,0.23412,-5.50803,0.92927,0,10,0,FALLBACK,-0.5074,0.100,1.1149,0,none
49.321,0.35027,-5.23851,0.86923,0,10,0,FALLBACK,-0.6178,0.100,1.1146,0,none
49.375,0.44566,-4.97857,0.92025,0,10,0,FALLBACK,-0.7084,0.100,1.1137,0,none
49.422,0.51675,-4.94986,1.18961,0,10,0,FALLBACK,-0.7759,0.100,1.1124,0,none
49.471,0.54797,-4.80467,1.23667,0,10,0,FALLBACK,-0.8056,0.100,1.1109,0,none
49.524,0.58650,-5.20691,0.98350,0,10,0,FALLBACK,-0.8422,0.100,1.1096,0,none
49.575,0.59675,-5.32738,0.90806,0,10,0,FALLBACK,-0.8519,0.100,1.1083,0,none
49.623,0.57776,-5.04875,0.48862,0,10,0,FALLBACK,-0.8339,0.100,1.1071,0,none
49.675,0.50177,-4.13201,0.73280,0,10,0,FALLBACK,-0.7617,0.100,1.1064,0,none
49.723,0.45194,-4.10641,0.79367,0,10,0,FALLBACK,-0.7143,0.100,1.1067,0,none
49.776,0.37902,-2.97879,0.39565,0,10,0,FALLBACK,-0.6451,0.100,1.1074,0,none
49.825,0.28444,-3.11888,0.62972,0,10,0,FALLBACK,-0.5552,0.100,1.1083,0,none
49.877,0.17105,-2.67964,0.34944,0,10,0,FALLBACK,-0.4475,0.100,1.1097,0,none
49.925,0.01545,-2.56029,0.72887,0,10,0,FALLBACK,-0.2997,0.100,1.1115,0,none
49.976,-0.09349,-1.65908,0.94328,0,10,0,FALLBACK,-0.1962,0.100,1.1134,0,none
50.025,-0.20867,-1.14310,0.72430,0,10,0,FALLBACK,-0.0868,0.100,1.1154,0,none
50.075,-0.32746,-0.89520,0.62968,0,10,0,FALLBACK,0.0261,0.100,1.1171,0,none
50.124,-0.44631,-1.60522,0.78985,0,10,0,FALLBACK,0.1390,0.100,1.1186,0,none
50.174,-0.57429,-1.64879,0.51592,0,10,0,FALLBACK,0.2606,0.100,1.1197,0,none
50.227,-0.65296,-1.68843,0.62410,0,10,0,FALLBACK,0.3353,0.100,1.1204,0,none
50.277,-0.71959,-1.37076,0.89109,0,10,0,FALLBACK,0.3986,0.100,1.1210,0,none
50.326,-0.77245,-1.95230,0.83608,0,10,0,FALLBACK,0.4488,0.100,1.1214,0,none
50.376,-0.83788,-3.04449,0.56494,0,10,0,FALLBACK,0.5110,0.100,1.1217,0,none
50.424,-0.82367,-2.66850,0.52320,0,10,0,FALLBACK,0.4975,0.100,1.1218,0,none
50.476,-0.79044,-2.96232,0.46732,0,10,0,FALLBACK,0.4659,0.100,1.1222,0,none
50.526,-0.74039,-2.82523,0.55801,0,10,0,FALLBACK,0.4184,0.100,1.1232,0,none
50.576,-0.71520,-3.91622,0.84215,0,10,0,FALLBACK,0.3944,0.100,1.1244,0,none
50.625,-0.60363,-4.25306,0.73694,0,10,0,FALLBACK,0.2884,0.100,1.1256,0,none
50.676,-0.48004,-3.94697,0.54458,0,10,0,FALLBACK,0.1710,0.100,1.1271,0,none
50.727,-0.34870,-4.24045,0.64628,0,10,0,FALLBACK,0.0463,0.100,1.1288,0,none
50.778,-0.21355,-4.54131,0.76221,0,10,0,FALLBACK,-0.0821,0.100,1.1304,0,none
50.828,-0.10336,-5.01567,0.62753,0,10,0,FALLBACK,-0.1868,0.100,1.1318,0,none
50.877,0.05721,-4.89796,0.81823,0,10,0,FALLBACK,-0.3393,0.100,1.1328,0,none
50.927,0.20940,-5.86041,1.30762,0,10,0,FALLBACK,-0.4839,0.100,1.1332,0,none
50.979,0.34703,-5.22241,1.09396,0,10,0,FALLBACK,-0.6147,0.100,1.1327,0,none
51.029,0.46465,-5.36595,0.92791,0,10,0,FALLBACK,-0.7264,0.100,1.1315,0,none
51.080,0.54055,-5.41854,1.13074,0,10,0,FALLBACK,-0.7985,0.100,1.1296,0,none
51.129,0.64481,-4.78445,0.91673,0,10,0,FALLBACK,-0.8976,0.100,1.1275,0,none
51.181,0.71941,-4.96276,0.86189,0,10,0,FALLBACK,-0.9684,0.100,1.1248,0,none
51.214,0.76049,-4.94073,0.85518,0,10,0,FALLBACK,-1.0000,0.100,1.1215,0,none
51.264,0.72039,-5.05799,0.96867,0,10,0,FALLBACK,-0.9694,0.100,1.1179,0,none
51.314,0.73359,-4.89459,1.27054,0,10,0,FALLBACK,-0.9819,0.100,1.1161,0,none
51.365,0.71458,-4.30409,0.56178,0,10,0,FALLBACK,-0.9639,0.100,1.1141,0,none
51.416,0.66283,-4.28991,0.73648,0,10,0,FALLBACK,-0.9147,0.100,1.1124,0,none
51.465,0.58051,-4.22668,0.86878,0,10,0,FALLBACK,-0.8365,0.100,1.1116,0,none
51.514,0.44430,-3.81625,0.49412,0,10,0,FALLBACK,-0.7071,0.100,1.1119,0,none
51.564,0.34568,-3.42910,0.57176,0,10,0,FALLBACK,-0.6134,0.100,1.1132,0,none
51.614,0.22819,-2.74511,0.82749,0,10,0,FALLBACK,-0.5018,0.100,1.1147,0,none
51.664,0.09442,-2.34020,0.68084,0,10,0,FALLBACK,-0.3747,0.100,1.1165,0,none
51.714,-0.05156,-1.97989,0.81578,0,10,0,FALLBACK,-0.2360,0.100,1.1184,0,none
51.765,-0.21914,-2.21072,0.66513,0,10,0,FALLBACK,-0.0768,0.100,1.1203,0,none
51.815,-0.34806,-2.41412,0.69499,0,10,0,FALLBACK,0.0457,0.100,1.1220,0,none
51.864,-0.47495,-1.56861,0.57601,0,10,0,FALLBACK,0.1662,0.100,1.1233,0,none
51.917,-0.59629,-2.00019,0.57544,0,10,0,FALLBACK,0.2815,0.100,1.1243,0,none
51.966,-0.74037,-2.49330,0.49514,0,10,0,FALLBACK,0.4184,0.100,1.1248,0,none
52.017,-0.80612,-2.23721,0.54519,0,10,0,FALLBACK,0.4808,0.100,1.1245,0,none
52.067,-0.85346,-1.83398,0.50079,0,10,0,FALLBACK,0.5258,0.100,1.1243,0,none
52.117,-0.88191,-2.34268,0.64143,0,10,0,FALLBACK,0.5528,0.100,1.1243,0,none
52.167,-0.89087,-2.60524,0.28691,0,10,0,FALLBACK,0.5613,0.100,1.1244,0,none
52.219,-0.89031,-2.89432,0.39578,0,10,0,FALLBACK,0.5608,0.100,1.1246,0,none
52.267,-0.82951,-2.90792,0.42955,0,10,0,FALLBACK,0.5030,0.100,1.1250,0,none
52.318,-0.74989,-3.54755,0.46136,0,10,0,FALLBACK,0.4274,0.100,1.1258,0,none
52.369,-0.65477,-4.31461,0.77345,0,10,0,FALLBACK,0.3370,0.100,1.1272,0,none
52.417,-0.56641,-4.25312,0.65429,0,10,0,FALLBACK,0.2531,0.100,1.1288,0,none
52.468,-0.42568,-4.86341,0.79325,0,10,0,FALLBACK,0.1194,0.100,1.1305,0,none
52.519,-0.27898,-5.03812,0.87834,0,10,0,FALLBACK,-0.0200,0.100,1.1321,0,none
52.568,-0.13155,-5.07589,0.78566,0,10,0,FALLBACK,-0.1600,0.100,1.1335,0,none
52.619,0.01169,-5.26149,0.88917,0,10,0,FALLBACK,-0.2961,0.100,1.1345,0,none
52.669,0.13593,-5.44968,0.88842,0,10,0,FALLBACK,-0.4141,0.100,1.1349,0,none
52.720,0.28005,-5.54149,0.89439,0,10,0,FALLBACK,-0.5511,0.100,1.1348,0,none
52.769,0.40634,-5.30995,0.86308,0,10,0,FALLBACK,-0.6710,0.100,1.1338,0,none
52.820,0.50942,-5.87368,1.04263,0,10,0,FALLBACK,-0.7690,0.100,1.1321,0,none
52.871,0.56492,-5.41480,0.73664,0,10,0,FALLBACK,-0.8217,0.100,1.1299,0,none
52.920,0.63158,-4.95930,0.56059,0,10,0,FALLBACK,-0.8850,0.100,1.1279,0,none
52.972,0.66772,-4.88187,0.79164,0,10,0,FALLBACK,-0.9193,0.100,1.1255,0,none
53.018,0.67134,-5.11348,0.84463,0,10,0,FALLBACK,-0.9228,0.100,1.1231,0,none
53.069,0.64235,-4.34841,0.83277,0,10,0,FALLBACK,-0.8952,0.100,1.1212,0,none
53.121,0.57498,-4.03701,0.50510,0,10,0,FALLBACK,-0.8312,0.100,1.1199,0,none
53.171,0.49959,-3.49521,0.64527,0,10,0,FALLBACK,-0.7596,0.100,1.1196,0,none
53.222,0.39859,-3.47451,0.57369,0,10,0,FALLBACK,-0.6637,0.100,1.1200,0,none
53.271,0.27497,-2.20932,0.51304,0,10,0,FALLBACK,-0.5462,0.100,1.1210,0,none
53.320,0.11242,-2.92010,0.85129,0,10,0,FALLBACK,-0.3918,0.100,1.1225,0,none
53.370,-0.02738,-1.57495,0.75762,0,10,0,FALLBACK,-0.2590,0.100,1.1244,0,none
53.420,-0.17614,-1.69109,1.10266,0,10,0,FALLBACK,-0.1177,0.100,1.1263,0,none
53.471,-0.32982,-1.78617,0.77789,0,10,0,FALLBACK,0.0283,0.100,1.1280,0,none
53.518,-0.48379,-2.34691,0.63436,0,10,0,FALLBACK,0.1746,0.100,1.1294,0,none
53.570,-0.65144,-1.69775,0.55832,0,10,0,FALLBACK,0.3339,0.100,1.1302,0,none
53.621,-0.76951,-2.15984,0.88267,0,10,0,FALLBACK,0.4460,0.100,1.1302,0,none
53.670,-0.87185,-2.50046,0.62141,0,10,0,FALLBACK,0.5433,0.100,1.1299,0,none
53.720,-0.95533,-3.01089,0.57728,0,10,0,FALLBACK,0.6226,0.100,1.1292,0,none
53.772,-1.01688,-3.63645,0.55561,0,10,0,FALLBACK,0.6810,0.100,1.1283,0,none
53.820,-1.05943,-1.85835,0.87195,0,10,0,FALLBACK,0.7215,0.100,1.1272,0,none
53.871,-1.05087,-2.05254,0.48761,0,10,0,FALLBACK,0.7133,0.100,1.1261,0,none
53.922,-1.01633,-2.90267,0.55274,0,10,0,FALLBACK,0.6805,0.100,1.1256,0,none
53.972,-0.95753,-3.23944,0.50495,0,10,0,FALLBACK,0.6247,0.100,1.1257,0,none
54.024,-0.89067,-3.89664,0.71951,0,10,0,FALLBACK,0.5611,0.100,1.1263,0,none
54.074,-0.76864,-4.35064,0.98824,0,10,0,FALLBACK,0.4452,0.100,1.1272,0,none
54.122,-0.63008,-3.87920,0.56233,0,10,0,FALLBACK,0.3136,0.100,1.1287,0,none
54.173,-0.47989,-4.90062,0.82642,0,10,0,FALLBACK,0.1709,0.100,1.1306,0,none
54.224,-0.34091,-5.22369,0.98995,0,10,0,FALLBACK,0.0389,0.100,1.1324,0,none
54.275,-0.16755,-5.23065,1.03374,0,10,0,FALLBACK,-0.1258,0.100,1.1340,0,none
54.323,0.00357,-5.50900,1.01328,0,10,0,FALLBACK,-0.2884,0.100,1.1350,0,none
54.373,0.16637,-5.36024,1.06790,0,10,0,FALLBACK,-0.4431,0.100,1.1353,0,none
54.425,0.31502,-5.35384,1.18013,0,10,0,FALLBACK,-0.5843,0.100,1.1348,0,none
54.476,0.42831,-4.91835,1.28821,0,10,0,FALLBACK,-0.6919,0.100,1.1335,0,none
54.525,0.54934,-5.10084,0.93621,0,10,0,FALLBACK,-0.8069,0.100,1.1317,0,none
54.575,0.64278,-5.02167,0.90935,0,10,0,FALLBACK,-0.8956,0.100,1.1292,0,none
54.625,0.70458,-5.40275,0.84290,0,10,0,FALLBACK,-0.9544,0.100,1.1261,0,none
54.674,0.73246,-5.05869,0.71615,0,10,0,FALLBACK,-0.9808,0.100,1.1230,0,none
54.725,0.71546,-4.67453,0.73953,0,10,0,FALLBACK,-0.9647,0.100,1.1202,0,none
54.775,0.69530,-4.66349,0.66734,0,10,0,FALLBACK,-0.9455,0.100,1.1182,0,none
54.824,0.64308,-4.59304,0.57650,0,10,0,FALLBACK,-0.8959,0.100,1.1167,0,none
54.877,0.56035,-3.87968,0.48122,0,10,0,FALLBACK,-0.8173,0.100,1.1158,0,none
54.926,0.43196,-3.42616,0.65298,0,10,0,FALLBACK,-0.6954,0.100,1.1159,0,none
54.976,0.31366,-2.93826,0.43413,0,10,0,FALLBACK,-0.5830,0.100,1.1170,0,none
55.026,0.17628,-0.86070,0.79264,0,10,0,FALLBACK,-0.4525,0.100,1.1186,0,none
55.075,0.02346,-2.10576,0.73201,0,10,0,FALLBACK,-0.3073,0.100,1.1204,0,none
55.125,-0.14113,-0.99087,0.61405,0,10,0,FALLBACK,-0.1509,0.100,1.1222,0,none
55.176,-0.32243,-2.89909,0.43448,0,10,0,FALLBACK,0.0213,0.100,1.1241,0,none
55.229,-0.48626,-1.87569,0.61086,0,10,0,FALLBACK,0.1770,0.100,1.1256,0,none
55.278,-0.64618,-1.74432,0.34898,0,10,0,FALLBACK,0.3289,0.100,1.1266,0,none
55.328,-0.79711,-1.61822,0.53719,0,10,0,FALLBACK,0.4723,0.100,1.1269,0,none
55.377,-0.93374,-1.68300,0.39566,0,10,0,FALLBACK,0.6021,0.100,1.1264,0,none
55.429,-1.05416,-1.92146,0.37788,0,10,0,FALLBACK,0.7165,0.100,1.1252,0,none
55.478,-1.14171,-2.16493,0.58483,0,10,0,FALLBACK,0.7996,0.100,1.1233,0,none
55.529,-1.20149,-2.35644,0.44446,0,10,0,FALLBACK,0.8564,0.100,1.1211,0,none
55.581,-1.23133,-3.14883,0.61434,0,10,0,FALLBACK,0.8848,0.100,1.1189,0,none
55.614,-1.24148,-2.82314,0.54447,0,10,0,FALLBACK,0.8944,0.100,1.1169,0,none
55.663,-1.19787,-2.83607,0.30309,0,10,0,FALLBACK,0.8530,0.100,1.1150,0,none
55.714,-1.12469,-3.39784,0.71060,0,10,0,FALLBACK,0.7835,0.100,1.1144,0,none
55.765,-1.02537,-3.17143,0.72394,0,10,0,FALLBACK,0.6891,0.100,1.1147,0,none
55.815,-0.90443,-4.46911,0.74611,0,10,0,FALLBACK,0.5742,0.100,1.1161,0,none
55.867,-0.76918,-4.10770,0.73572,0,10,0,FALLBACK,0.4457,0.100,1.1176,0,none
55.915,-0.60716,-4.56949,0.76161,0,10,0,FALLBACK,0.2918,0.100,1.1196,0,none
55.965,-0.43548,-5.30989,0.94630,0,10,0,FALLBACK,0.1287,0.100,1.1217,0,none
56.016,-0.25948,-4.99406,1.13539,0,10,0,FALLBACK,-0.0385,0.100,1.1236,0,none
56.065,-0.08453,-5.16269,1.06938,0,10,0,FALLBACK,-0.2047,0.100,1.1250,0,none
56.114,0.08296,-5.05212,1.12648,0,10,0,FALLBACK,-0.3638,0.100,1.1257,0,none
56.167,0.24133,-5.25591,0.98147,0,10,0,FALLBACK,-0.5143,0.100,1.1256,0,none
56.214,0.38202,-5.07099,1.12307,0,10,0,FALLBACK,-0.6479,0.100,1.1247,0,none
56.263,0.49994,-5.28502,0.75772,0,10,0,FALLBACK,-0.7599,0.100,1.1230,0,none
56.314,0.58406,-5.19151,1.20548,0,10,0,FALLBACK,-0.8399,0.100,1.1207,0,none
56.366,0.65170,-5.32202,0.99261,0,10,0,FALLBACK,-0.9041,0.100,1.1183,0,none
56.414,0.68764,-5.33409,1.25832,0,10,0,FALLBACK,-0.9383,0.100,1.1157,0,none
56.466,0.69073,-4.59916,0.60524,0,10,0,FALLBACK,-0.9412,0.100,1.1134,0,none
56.515,0.66137,-4.36803,0.74381,0,10,0,FALLBACK,-0.9133,0.100,1.1115,0,none
56.566,0.59797,-4.09716,0.50105,0,10,0,FALLBACK,-0.8531,0.100,1.1105,0,none
56.617,0.51481,-3.21433,0.45819,0,10,0,FALLBACK,-0.7741,0.100,1.1103,0,none
56.667,0.40583,-3.22823,0.42834,0,10,0,FALLBACK,-0.6705,0.100,1.1106,0,none
56.717,0.27444,-2.47881,0.83430,0,10,0,FALLBACK,-0.5457,0.100,1.1118,0,none
56.768,0.11945,-1.11305,0.69159,0,10,0,FALLBACK,-0.3985,0.100,1.1135,0,none
56.816,-0.03985,-0.32025,0.73568,0,10,0,FALLBACK,-0.2471,0.100,1.1155,0,none
56.867,-0.20790,-1.67442,0.55887,0,10,0,FALLBACK,-0.0875,0.100,1.1175,0,none
56.916,-0.37989,-1.12852,0.66945,0,10,0,FALLBACK,0.0759,0.100,1.1193,0,none
56.967,-0.55061,-1.72308,0.46260,0,10,0,FALLBACK,0.2381,0.100,1.1206,0,none
57.019,-0.72119,-1.04407,0.30416,0,10,0,FALLBACK,0.4001,0.100,1.1212,0,none
57.071,-0.86710,-1.23870,0.75060,0,10,0,FALLBACK,0.5387,0.100,1.1209,0,none
57.117,-0.99504,-1.76306,0.59483,0,10,0,FALLBACK,0.6603,0.100,1.1199,0,none
57.169,-1.10054,-1.41294,1.07256,0,10,0,FALLBACK,0.7605,0.100,1.1184,0,none
57.218,-1.17973,-1.94075,0.50403,0,10,0,FALLBACK,0.8357,0.100,1.1164,0,none
57.268,-1.23058,-2.46345,0.54174,0,10,0,FALLBACK,0.8840,0.100,1.1142,0,none
57.319,-1.24852,-3.26554,0.61782,0,10,0,FALLBACK,0.9011,0.100,1.1120,0,none
57.367,-1.23514,-3.15435,0.47208,0,10,0,FALLBACK,0.8884,0.100,1.1102,0,none
57.419,-1.19119,-3.02430,0.50272,0,10,0,FALLBACK,0.8466,0.100,1.1089,0,none
57.467,-1.12404,-3.51755,0.58158,0,10,0,FALLBACK,0.7828,0.100,1.1084,0,none
57.520,-1.02044,-3.34688,0.48277,0,10,0,FALLBACK,0.6844,0.100,1.1087,0,none
57.568,-0.89382,-4.32842,0.77286,0,10,0,FALLBACK,0.5641,0.100,1.1097,0,none
57.619,-0.74835,-4.14157,0.72750,0,10,0,FALLBACK,0.4259,0.100,1.1114,0,none
57.671,-0.58844,-4.32755,0.72075,0,10,0,FALLBACK,0.2740,0.100,1.1134,0,none
57.719,-0.42150,-4.83739,0.80772,0,10,0,FALLBACK,0.1154,0.100,1.1156,0,none
57.769,-0.24433,-5.13902,0.86737,0,10,0,FALLBACK,-0.0529,0.100,1.1175,0,none
57.819,-0.06751,-4.72379,0.80818,0,10,0,FALLBACK,-0.2209,0.100,1.1190,0,none
57.869,0.10336,-5.19781,1.03820,0,10,0,FALLBACK,-0.3832,0.100,1.1198,0,none
57.918,0.26259,-5.66926,1.19289,0,10,0,FALLBACK,-0.5345,0.100,1.1198,0,none
57.969,0.39931,-5.59718,1.32142,0,10,0,FALLBACK,-0.6643,0.100,1.1189,0,none
58.019,0.52576,-5.33800,1.15671,0,10,0,FALLBACK,-0.7845,0.100,1.1174,0,none
58.069,0.62572,-5.57627,1.03712,0,10,0,FALLBACK,-0.8794,0.100,1.1151,0,none
58.119,0.69531,-4.64355,0.88483,0,10,0,FALLBACK,-0.9455,0.100,1.1124,0,none
58.172,0.73208,-5.05197,1.06170,0,10,0,FALLBACK,-0.9805,0.100,1.1095,0,none
58.222,0.73410,-4.78343,1.08452,0,10,0,FALLBACK,-0.9824,0.100,1.1065,0,none
58.271,0.70331,-4.28258,0.72783,0,10,0,FALLBACK,-0.9531,0.100,1.1046,0,none
58.318,0.64056,-4.22690,0.89378,0,10,0,FALLBACK,-0.8935,0.100,1.1032,0,none
58.371,0.54818,-2.99255,0.41596,0,10,0,FALLBACK,-0.8058,0.100,1.1028,0,none
58.421,0.43310,-3.17441,0.40962,0,10,0,FALLBACK,-0.6964,0.100,1.1021,0,none
58.471,0.28552,-0.99639,0.77099,0,10,0,FALLBACK,-0.5562,0.100,1.1041,0,none
58.519,0.12043,-2.52313,0.59159,0,10,0,FALLBACK,-0.3994,0.100,1.1061,0,none
58.571,-0.05786,-1.51653,0.73301,0,10,0,FALLBACK,-0.2300,0.100,1.1083,0,none
58.619,-0.24428,-2.91019,0.62191,0,10,0,FALLBACK,-0.0529,0.100,1.1104,0,none
58.670,-0.42701,-2.25593,0.59340,0,10,0,FALLBACK,0.1207,0.100,1.1122,0,none
58.721,-0.62039,-1.61824,0.41179,0,10,0,FALLBACK,0.3044,0.100,1.1133,0,none
58.770,-0.80545,-1.75036,0.30073,0,10,0,FALLBACK,0.4802,0.100,1.1136,0,none
58.821,-0.97581,-2.60920,0.48439,0,10,0,FALLBACK,0.6420,0.100,1.1128,0,none
58.871,-1.12538,-2.43900,0.31246,0,10,0,FALLBACK,0.7841,0.100,1.1110,0,none
58.921,-1.24156,-1.72711,0.56950,0,10,0,FALLBACK,0.8945,0.100,1.1084,0,none
58.973,-1.34378,-2.72027,0.39961,0,10,0,FALLBACK,0.9916,0.100,1.1052,0,none
59.023,-1.41162,-2.85024,0.76164,0,10,0,FALLBACK,1.0000,0.100,1.1011,0,none
59.072,-1.44416,-1.86008,0.58084,0,10,0,FALLBACK,1.0000,0.100,1.0986,0,none
59.121,-1.44366,-2.20335,0.62602,0,10,0,FALLBACK,1.0000,0.100,1.0967,0,none
59.174,-1.40599,-3.09790,0.59860,0,10,0,FALLBACK,1.0000,0.100,1.0948,0,none
59.222,-1.35154,-2.17386,0.46455,0,10,0,FALLBACK,0.9990,0.100,1.0930,0,none
59.270,-1.26529,-3.10170,0.57765,0,10,0,FALLBACK,0.9170,0.100,1.0913,0,none
59.323,-1.14857,-3.53577,0.59780,0,10,0,FALLBACK,0.8061,0.100,1.0908,0,none
59.374,-0.98783,-3.40717,0.61998,0,10,0,FALLBACK,0.6534,0.100,1.0917,0,none
59.420,-0.83911,-4.71816,0.74517,0,10,0,FALLBACK,0.5122,0.100,1.0936,0,none
59.471,-0.67474,-4.83303,1.07235,0,10,0,FALLBACK,0.3560,0.100,1.0960,0,none
59.523,-0.49881,-5.34191,1.22903,0,10,0,FALLBACK,0.1889,0.100,1.0984,0,none
59.574,-0.31619,-5.11300,0.93627,0,10,0,FALLBACK,0.0154,0.100,1.1007,0,none
59.624,-0.12168,-5.19920,0.82175,0,10,0,FALLBACK,-0.1694,0.100,1.1027,0,none
59.674,0.05273,-5.52093,0.98705,0,10,0,FALLBACK,-0.3351,0.100,1.1037,0,none
59.722,0.21676,-5.82922,0.81578,0,10,0,FALLBACK,-0.4909,0.100,1.1041,0,none
59.775,0.36544,-5.49488,0.95986,0,10,0,FALLBACK,-0.6322,0.100,1.1037,0,none
59.825,0.49362,-5.17739,1.16019,0,10,0,FALLBACK,-0.7539,0.100,1.1025,0,none
59.872,0.60266,-5.06288,1.00816,0,10,0,FALLBACK,-0.8575,0.100,1.1006,0,none
59.924,0.67117,-5.41884,0.88412,0,10,0,FALLBACK,-0.9226,0.100,1.0983,0,none
59.975,0.70812,-5.00124,0.90003,0,10,0,FALLBACK,-0.9577,0.100,1.0958,0,none
60.025,0.71273,-4.84352,0.72557,0,10,0,FALLBACK,-0.9621,0.100,1.0936,0,none
60.076,0.68519,-4.23158,0.98618,0,10,0,FALLBACK,-0.9359,0.100,1.0919,0,none
60.125,0.63227,-3.73968,0.53676,0,10,0,FALLBACK,-0.8857,0.100,1.0909,0,none
60.176,0.53625,-3.03055,0.27382,1,10,1,FALLBACK,-0.7944,0.100,1.0906,0,none
60.226,0.41456,-2.65916,0.34631,0,10,0,FALLBACK,-0.6788,0.100,1.0913,0,none
60.277,0.27132,-0.21259,0.69059,0,10,0,FALLBACK,-0.5428,0.100,1.0928,0,none
60.326,0.11965,-0.33536,0.41568,0,10,0,FALLBACK,-0.3987,0.100,1.0945,0,none
60.377,-0.06186,-0.69924,0.45648,0,10,0,FALLBACK,-0.2262,0.100,1.0967,0,none
60.427,-0.25243,-3.22120,0.68188,0,10,0,FALLBACK,-0.0452,0.100,1.0990,0,none
60.476,-0.44415,-1.98800,0.77230,0,10,0,FALLBACK,0.1369,0.100,1.1009,0,none
60.527,-0.63341,-1.16945,0.57328,0,10,0,FALLBACK,0.3167,0.100,1.1023,0,none
60.578,-0.81552,-1.90460,0.64345,0,10,0,FALLBACK,0.4897,0.100,1.1028,0,none
60.627,-0.98092,-2.38162,0.39417,0,10,0,FALLBACK,0.6469,0.100,1.1024,0,none
60.677,-1.13572,-2.43618,0.45737,0,10,0,FALLBACK,0.7939,0.100,1.1009,0,none
60.728,-1.26569,-2.28042,0.61374,0,10,0,FALLBACK,0.9174,0.100,1.0986,0,none
60.777,-1.36588,-2.31013,0.35660,0,10,0,FALLBACK,1.0000,0.100,1.0954,0,none
60.826,-1.41904,-2.56551,0.56298,0,10,0,FALLBACK,1.0000,0.100,1.0919,0,none
60.878,-1.46190,-2.41434,0.41107,0,10,0,FALLBACK,1.0000,0.100,1.0891,0,none
60.926,-1.47213,-2.48096,0.78757,0,10,0,FALLBACK,1.0000,0.100,1.0873,0,none
60.979,-1.45036,-3.45961,0.64096,0,10,0,FALLBACK,1.0000,0.100,1.0857,0,none
61.031,-1.39687,-2.60909,0.42923,0,10,0,FALLBACK,1.0000,0.100,1.0840,0,none
61.077,-1.30387,-2.85085,0.49894,0,10,0,FALLBACK,0.9537,0.100,1.0824,0,none
61.128,-1.19673,-3.63755,0.74678,0,10,0,FALLBACK,0.8519,0.100,1.0813,0,none
61.181,-1.06180,-3.31163,0.34867,0,10,0,FALLBACK,0.7237,0.100,1.0816,0,none
61.215,-0.90383,-4.76109,0.72061,0,10,0,FALLBACK,0.5736,0.100,1.0831,0,none
61.263,-0.72942,-4.41924,0.85779,0,10,0,FALLBACK,0.4080,0.100,1.0861,0,none
61.315,-0.53024,-4.16262,0.75014,0,10,0,FALLBACK,0.2187,0.100,1.0888,0,none
61.365,-0.35129,-4.93366,0.49343,0,10,0,FALLBACK,0.0487,0.100,1.0913,0,none
61.414,-0.17143,-5.00280,0.81729,0,10,0,FALLBACK,-0.1221,0.100,1.0933,0,none
61.464,0.00453,-5.12939,1.00429,0,10,0,FALLBACK,-0.2893,0.100,1.0947,0,none
61.513,0.17125,-5.21577,1.28279,0,10,0,FALLBACK,-0.4477,0.100,1.0953,0,none
61.564,0.33086,-5.19855,0.83961,0,10,0,FALLBACK,-0.5993,0.100,1.0951,0,none
61.615,0.45521,-4.92614,0.76136,0,10,0,FALLBACK,-0.7174,0.100,1.0940,0,none
61.667,0.55497,-5.13988,0.96255,0,10,0,FALLBACK,-0.8122,0.100,1.0924,0,none
61.714,0.62715,-5.64505,1.23477,0,10,0,FALLBACK,-0.8808,0.100,1.0905,0,none
61.764,0.66956,-5.45698,0.90321,0,10,0,FALLBACK,-0.9211,0.100,1.0886,0,none
61.816,0.68882,-4.73275,1.14152,0,10,0,FALLBACK,-0.9394,0.100,1.0867,0,none
61.867,0.65619,-4.74859,0.71102,0,10,0,FALLBACK,-0.9084,0.100,1.0852,0,none
61.916,0.59387,-3.59236,0.33151,0,10,0,FALLBACK,-0.8492,0.100,1.0846,0,none
61.965,0.50474,-3.59822,0.46219,0,10,0,FALLBACK,-0.7645,0.100,1.0849,0,none
62.014,0.40487,-3.46082,0.45396,0,10,0,FALLBACK,-0.6696,0.100,1.0860,0,none
62.064,0.26183,-1.73462,0.62363,0,10,0,FALLBACK,-0.5337,0.100,1.0875,0,none
62.117,0.10248,-2.11070,0.58255,0,10,0,FALLBACK,-0.3824,0.100,1.0897,0,none
62.165,-0.06822,-1.66326,0.84348,0,10,0,FALLBACK,-0.2202,0.100,1.0921,0,none
62.214,-0.24542,-2.56390,0.66317,0,10,0,FALLBACK,-0.0518,0.100,1.0943,0,none
62.267,-0.41133,-2.13269,0.45235,0,10,0,FALLBACK,0.1058,0.100,1.0962,0,none
62.316,-0.59631,-1.62801,0.48174,0,10,0,FALLBACK,0.2815,0.100,1.0975,0,none
62.365,-0.77269,-1.84208,0.38607,0,10,0,FALLBACK,0.4491,0.100,1.0980,0,none
62.415,-0.93439,-2.45130,0.43369,0,10,0,FALLBACK,0.6027,0.100,1.0975,0,none
62.464,-1.07595,-2.27240,0.36501,0,10,0,FALLBACK,0.7372,0.100,1.0962,0,none
62.515,-1.18474,-2.22586,0.49668,0,10,0,FALLBACK,0.8405,0.100,1.0941,0,none
62.567,-1.27959,-2.05910,0.30389,0,10,0,FALLBACK,0.9306,0.100,1.0917,0,none
62.614,-1.34320,-2.15930,0.43627,0,10,0,FALLBACK,0.9910,0.100,1.0889,0,none
62.665,-1.37348,-2.01888,0.52349,0,10,0,FALLBACK,1.0000,0.100,1.0860,0,none
62.715,-1.37030,-2.47341,0.40605,0,10,0,FALLBACK,1.0000,0.100,1.0840,0,none
62.765,-1.32297,-3.46242,0.47496,0,10,0,FALLBACK,0.9718,0.100,1.0823,0,none
62.817,-1.27111,-2.25136,0.34045,0,10,0,FALLBACK,0.9226,0.100,1.0813,0,none
62.866,-1.19037,-3.22817,0.61824,0,10,0,FALLBACK,0.8459,0.100,1.0811,0,none
62.915,-1.08356,-3.31474,0.35716,0,10,0,FALLBACK,0.7444,0.100,1.0818,0,none
62.966,-0.95422,-3.05811,0.63229,0,10,0,FALLBACK,0.6215,0.100,1.0832,0,none
63.018,-0.79729,-4.91232,0.54785,0,10,0,FALLBACK,0.4724,0.100,1.0853,0,none
63.069,-0.64528,-4.25726,0.66227,0,10,0,FALLBACK,0.3280,0.100,1.0871,0,none
63.119,-0.48156,-5.09633,0.80877,0,10,0,FALLBACK,0.1725,0.100,1.0895,0,none
63.168,-0.31175,-5.03745,1.01975,0,10,0,FALLBACK,0.0112,0.100,1.0919,0,none
63.218,-0.14106,-5.24939,0.72573,0,10,0,FALLBACK,-0.1510,0.100,1.0939,0,none
63.266,0.03828,-5.46876,0.85305,0,10,0,FALLBACK,-0.3214,0.100,1.0952,0,none
63.317,0.17896,-5.32719,1.21582,0,10,0,FALLBACK,-0.4550,0.100,1.0958,0,none
63.366,0.30480,-5.75982,1.33728,0,10,0,FALLBACK,-0.5746,0.100,1.0958,0,none
63.417,0.41193,-5.41598,1.08749,0,10,0,FALLBACK,-0.6763,0.100,1.0953,0,none
63.468,0.49667,-5.60738,0.83746,0,10,0,FALLBACK,-0.7568,0.100,1.0944,0,none
63.519,0.56102,-4.90463,0.92024,0,10,0,FALLBACK,-0.8180,0.100,1.0932,0,none
63.568,0.58008,-4.56152,0.96951,0,10,0,FALLBACK,-0.8361,0.100,1.0918,0,none
63.618,0.57068,-3.88074,0.55229,0,10,0,FALLBACK,-0.8271,0.100,1.0908,0,none
63.669,0.53372,-3.98819,0.63494,0,10,0,FALLBACK,-0.7920,0.100,1.0903,0,none
63.719,0.47923,-3.12105,0.39719,0,10,0,FALLBACK,-0.7403,0.100,1.0905,0,none
63.769,0.38390,-3.09954,0.43422,0,10,0,FALLBACK,-0.6497,0.100,1.0911,0,none
63.820,0.26714,-2.55783,0.52257,0,10,0,FALLBACK,-0.5388,0.100,1.0923,0,none
63.869,0.13285,-1.44304,0.60805,0,10,0,FALLBACK,-0.4112,0.100,1.0941,0,none
63.920,-0.01491,0.04560,0.12476,1,10,1,FALLBACK,-0.2708,0.100,1.0963,0,none
63.969,-0.16429,-2.13799,0.95564,0,10,0,FALLBACK,-0.1289,0.100,1.0984,0,none
64.021,-0.33543,-2.02423,0.89918,0,10,0,FALLBACK,0.0337,0.100,1.1004,0,none
64.070,-0.50682,-0.91520,0.36022,0,10,0,FALLBACK,0.1965,0.100,1.1020,0,none
64.119,-0.67303,-1.62725,0.44091,0,10,0,FALLBACK,0.3544,0.100,1.1030,0,none
64.170,-0.82865,-1.59283,0.33222,0,10,0,FALLBACK,0.5022,0.100,1.1032,0,none
64.221,-0.96402,-1.59624,0.67794,0,10,0,FALLBACK,0.6308,0.100,1.1027,0,none
64.271,-1.08949,-2.05016,0.77036,0,10,0,FALLBACK,0.7500,0.100,1.1015,0,none
64.321,-1.19022,-1.95681,0.59874,0,10,0,FALLBACK,0.8457,0.100,1.0997,0,none
64.371,-1.26245,-2.44182,0.38560,0,10,0,FALLBACK,0.9143,0.100,1.0974,0,none
64.421,-1.30371,-2.10009,0.67603,0,10,0,FALLBACK,0.9535,0.100,1.0950,0,none
64.471,-1.31184,-2.95439,0.45257,0,10,0,FALLBACK,0.9613,0.100,1.0927,0,none
64.520,-1.29157,-3.31071,0.46327,0,10,0,FALLBACK,0.9420,0.100,1.0909,0,none
64.572,-1.24031,-2.65728,0.45413,0,10,0,FALLBACK,0.8933,0.100,1.0897,0,none
64.621,-1.15992,-3.47614,0.70536,0,10,0,FALLBACK,0.8169,0.100,1.0893,0,none
64.673,-1.05644,-3.17570,0.46098,0,10,0,FALLBACK,0.7186,0.100,1.0898,0,none
64.721,-0.92397,-3.47579,0.67533,0,10,0,FALLBACK,0.5928,0.100,1.0911,0,none
64.772,-0.77252,-4.26047,0.45765,0,10,0,FALLBACK,0.4489,0.100,1.0929,0,none
64.823,-0.60667,-4.25253,0.97302,0,10,0,FALLBACK,0.2913,0.100,1.0952,0,none
64.871,-0.43109,-5.09808,1.14478,0,10,0,FALLBACK,0.1245,0.100,1.0976,0,none
64.923,-0.25483,-4.97855,0.77847,0,10,0,FALLBACK,-0.0429,0.100,1.1000,0,none
64.972,-0.07598,-5.30936,0.73910,0,10,0,FALLBACK,-0.2128,0.100,1.1015,0,none
65.021,0.09765,-5.29517,0.88268,0,10,0,FALLBACK,-0.3778,0.100,1.1025,0,none
65.073,0.26005,-4.98607,0.83641,0,10,0,FALLBACK,-0.5321,0.100,1.1027,0,none
65.122,0.40573,-4.71146,1.07227,0,10,0,FALLBACK,-0.6704,0.100,1.1021,0,none
65.173,0.53148,-5.22107,0.68707,0,10,0,FALLBACK,-0.7899,0.100,1.1006,0,none
65.224,0.62647,-4.91729,0.94779,0,10,0,FALLBACK,-0.8801,0.100,1.0986,0,none
65.276,0.69169,-4.85364,1.02458,0,10,0,FALLBACK,-0.9421,0.100,1.0962,0,none
65.323,0.72507,-4.90954,0.86963,0,10,0,FALLBACK,-0.9738,0.100,1.0937,0,none
65.375,0.72573,-4.85815,1.14794,0,10,0,FALLBACK,-0.9744,0.100,1.0915,0,none
65.423,0.69361,-4.76188,0.78429,0,10,0,FALLBACK,-0.9439,0.100,1.0898,0,none
65.474,0.63232,-4.15410,0.83296,0,10,0,FALLBACK,-0.8857,0.100,1.0889,0,none
65.525,0.54244,-3.31012,0.46068,0,10,0,FALLBACK,-0.8003,0.100,1.0887,0,none
65.575,0.42695,-2.83212,0.42915,0,10,0,FALLBACK,-0.6906,0.100,1.0893,0,none
65.624,0.28653,-2.65715,0.54945,0,10,0,FALLBACK,-0.5572,0.100,1.0908,0,none
65.673,0.13417,-2.28630,0.65164,0,10,0,FALLBACK,-0.4125,0.100,1.0928,0,none
65.726,-0.03136,-2.42067,0.64946,0,10,0,FALLBACK,-0.2552,0.100,1.0951,0,none
65.775,-0.20552,-0.88412,0.78068,0,10,0,FALLBACK,-0.0898,0.100,1.0973,0,none
65.824,-0.38336,-1.97889,0.57680,0,10,0,FALLBACK,0.0792,0.100,1.0993,0,none
65.874,-0.56334,-1.63332,0.50252,0,10,0,FALLBACK,0.2502,0.100,1.1007,0,none
65.924,-0.72965,-1.37896,0.63987,0,10,0,FALLBACK,0.4082,0.100,1.1015,0,none
65.976,-0.88344,-1.54288,0.73858,0,10,0,FALLBACK,0.5543,0.100,1.1014,0,none
66.026,-1.01950,-1.86052,0.64388,0,10,0,FALLBACK,0.6835,0.100,1.1006,0,none
66.075,-1.13309,-2.41274,0.42107,0,10,0,FALLBACK,0.7914,0.100,1.0991,0,none
66.127,-1.22785,-1.93697,0.44501,0,10,0,FALLBACK,0.8815,0.100,1.0976,0,none
66.177,-1.27836,-2.25937,0.54679,0,10,0,FALLBACK,0.9294,0.100,1.0953,0,none
66.229,-1.29735,-2.94072,0.59554,0,10,0,FALLBACK,0.9475,0.100,1.0929,0,none
66.277,-1.28450,-2.72148,0.58074,0,10,0,FALLBACK,0.9353,0.100,1.0909,0,none
66.327,-1.24045,-2.78561,0.42183,0,10,0,FALLBACK,0.8934,0.100,1.0895,0,none
66.377,-1.17085,-3.12436,0.67400,0,10,0,FALLBACK,0.8273,0.100,1.0888,0,none
66.427,-1.05875,-2.69095,0.51394,0,10,0,FALLBACK,0.7208,0.100,1.0890,0,none
66.477,-0.92430,-3.80601,0.48829,0,10,0,FALLBACK,0.5931,0.100,1.0908,0,none
66.529,-0.77043,-3.85607,0.55785,0,10,0,FALLBACK,0.4469,0.100,1.0921,0,none
66.578,-0.61142,-4.14095,0.55287,0,10,0,FALLBACK,0.2959,0.100,1.0944,0,none
66.629,-0.42268,-5.14868,0.94640,0,10,0,FALLBACK,0.1165,0.100,1.0968,0,none
66.679,-0.22804,-5.06263,0.66288,0,10,0,FALLBACK,-0.0684,0.100,1.0991,0,none
66.730,-0.03314,-5.16180,1.36007,0,10,0,FALLBACK,-0.2535,0.100,1.1009,0,none
66.778,0.15617,-5.34493,0.97095,0,10,0,FALLBACK,-0.4334,0.100,1.1018,0,none
66.829,0.32172,-5.23133,0.83027,0,10,0,FALLBACK,-0.5906,0.100,1.1018,0,none
66.879,0.49181,-5.44663,1.37547,0,10,0,FALLBACK,-0.7522,0.100,1.1009,0,none
66.929,0.63927,-4.98973,0.78970,0,10,0,FALLBACK,-0.8923,0.100,1.0990,0,none
66.979,0.75833,-4.75967,0.98405,0,10,0,FALLBACK,-1.0000,0.100,1.0959,0,none
67.032,0.84453,-5.18664,0.89988,0,10,0,FALLBACK,-1.0000,0.100,1.0923,0,none
67.062,0.89092,-4.95006,1.20248,0,10,0,FALLBACK,-1.0000,0.100,1.0893,0,none
67.115,0.91370,-4.72564,0.78775,0,10,0,FALLBACK,-1.0000,0.100,1.0876,0,none
67.163,0.90452,-5.31847,0.84902,0,10,0,FALLBACK,-1.0000,0.100,1.0859,0,none
67.214,0.86356,-4.71893,0.48185,0,10,0,FALLBACK,-1.0000,0.100,1.0843,0,none
67.263,0.79112,-3.62631,0.44394,0,10,0,FALLBACK,-1.0000,0.100,1.0827,0,none
67.312,0.68575,-3.49195,0.63761,0,10,0,FALLBACK,-0.9365,0.100,1.0812,0,none
67.364,0.55648,-3.00454,0.43175,0,10,0,FALLBACK,-0.8137,0.100,1.0809,0,none
67.412,0.40257,-1.89038,1.09569,0,10,0,FALLBACK,-0.6674,0.100,1.0822,0,none
67.463,0.22946,-0.92999,0.61287,0,10,0,FALLBACK,-0.5030,0.100,1.0843,0,none
67.512,0.04202,-1.00947,0.64071,0,10,0,FALLBACK,-0.3249,0.100,1.0869,0,none
67.566,-0.16110,-0.36601,0.33143,0,10,0,FALLBACK,-0.1320,0.100,1.0894,0,none
67.614,-0.35194,-0.81281,0.36546,0,10,0,FALLBACK,0.0493,0.100,1.0916,0,none
67.663,-0.54086,-0.18046,0.36451,0,10,0,FALLBACK,0.2288,0.100,1.0931,0,none
67.713,-0.72251,-0.50365,0.63231,0,10,0,FALLBACK,0.4014,0.100,1.0938,0,none
67.764,-0.89120,0.07735,1.25522,0,10,0,FALLBACK,0.5616,0.100,1.0937,0,none
67.813,-1.05053,-1.07595,1.22959,0,10,0,FALLBACK,0.7130,0.100,1.0926,0,none
67.865,-1.16155,-1.66166,1.09720,0,10,0,FALLBACK,0.8185,0.100,1.0905,0,none
67.916,-1.24434,-0.63104,1.14306,0,10,0,FALLBACK,0.8971,0.100,1.0883,0,none
67.965,-1.29681,-1.48375,1.37315,0,10,0,FALLBACK,0.9470,0.100,1.0860,0,none
68.015,-1.33146,-3.07546,0.57952,0,10,0,FALLBACK,0.9799,0.100,1.0838,0,none
68.065,-1.30820,-2.31292,0.61612,0,10,0,FALLBACK,0.9578,0.100,1.0817,0,none
68.115,-1.25356,-2.91373,0.45789,0,10,0,FALLBACK,0.9059,0.100,1.0806,0,none
68.168,-1.16997,-3.56257,0.68409,0,10,0,FALLBACK,0.8265,0.100,1.0802,0,none
68.218,-1.06098,-3.68169,0.51833,0,10,0,FALLBACK,0.7229,0.100,1.0812,0,none
68.267,-0.94417,-4.27496,0.69624,0,10,0,FALLBACK,0.6120,0.100,1.0824,0,none
68.318,-0.77680,-4.53579,0.85167,0,10,0,FALLBACK,0.4530,0.100,1.0843,0,none
68.370,-0.59479,-4.75174,1.14491,0,10,0,FALLBACK,0.2801,0.100,1.0866,0,none
68.417,-0.40362,-5.63504,1.07613,0,10,0,FALLBACK,0.0984,0.100,1.0892,0,none
68.471,-0.20864,-5.54810,1.32312,0,10,0,FALLBACK,-0.0868,0.100,1.0914,0,none
68.518,-0.03231,-5.24142,1.31395,0,10,0,FALLBACK,-0.2543,0.100,1.0930,0,none
68.570,0.17222,-5.25698,0.94144,0,10,0,FALLBACK,-0.4486,0.100,1.0940,0,none
68.618,0.36449,-5.71825,0.99970,0,10,0,FALLBACK,-0.6313,0.100,1.0937,0,none
68.670,0.53752,-5.00229,0.96047,0,10,0,FALLBACK,-0.7956,0.100,1.0922,0,none
68.722,0.68524,-5.46801,1.26355,0,10,0,FALLBACK,-0.9360,0.100,1.0896,0,none
68.772,0.78114,-5.56754,0.95500,0,10,0,FALLBACK,-1.0000,0.100,1.0862,0,none
68.820,0.88849,-4.66640,0.62477,0,10,0,FALLBACK,-1.0000,0.100,1.0831,0,none
68.871,0.96254,-4.84750,0.75798,0,10,0,FALLBACK,-1.0000,0.100,1.0811,0,none
68.922,1.00498,-4.85185,1.01986,0,10,0,FALLBACK,-1.0000,0.100,1.0796,0,none
68.971,1.01594,-5.00115,1.11692,0,10,0,FALLBACK,-1.0000,0.100,1.0781,0,none
69.021,0.97475,-5.12960,0.62703,0,10,0,FALLBACK,-1.0000,0.100,1.0766,0,none
69.072,0.95286,-5.25282,1.02762,0,10,0,FALLBACK,-1.0000,0.100,1.0752,0,none
69.121,0.89989,-4.66704,0.84228,0,10,0,FALLBACK,-1.0000,0.100,1.0737,0,none
69.172,0.81621,-4.14196,0.74150,0,10,0,FALLBACK,-1.0000,0.100,1.0724,0,none
69.220,0.70240,-3.89531,0.44757,0,10,0,FALLBACK,-0.9523,0.100,1.0710,0,none
69.271,0.54402,-3.45259,0.44838,0,10,0,FALLBACK,-0.8018,0.100,1.0704,0,none
69.321,0.39977,-2.77767,0.54990,0,10,0,FALLBACK,-0.6648,0.100,1.0716,0,none
69.373,0.23645,0.29149,0.48696,0,10,0,FALLBACK,-0.5096,0.100,1.0739,0,none
69.423,0.05805,-1.86240,0.90722,0,10,0,FALLBACK,-0.3401,0.100,1.0764,0,none
69.473,-0.13079,-0.54498,0.54536,0,10,0,FALLBACK,-0.1607,0.100,1.0790,0,none
69.522,-0.34325,-1.15322,0.67174,0,10,0,FALLBACK,0.0411,0.100,1.0813,0,none
69.573,-0.51377,-0.07327,0.31798,0,10,0,FALLBACK,0.2031,0.100,1.0830,0,none
69.623,-0.67808,-0.78938,0.39139,0,10,0,FALLBACK,0.3592,0.100,1.0842,0,none
69.674,-0.83174,-0.70896,0.72451,0,10,0,FALLBACK,0.5052,0.100,1.0846,0,none
69.723,-0.96979,-0.99787,0.49261,0,10,0,FALLBACK,0.6363,0.100,1.0843,0,none
69.774,-1.10040,-1.82070,0.47536,0,10,0,FALLBACK,0.7604,0.100,1.0834,0,none
69.824,-1.16973,-0.33785,1.31210,0,10,0,FALLBACK,0.8262,0.100,1.0817,0,none
69.874,-1.21095,-2.12909,1.31140,0,10,0,FALLBACK,0.8654,0.100,1.0801,0,none
69.926,-1.22353,-2.44133,1.08430,0,10,0,FALLBACK,0.8774,0.100,1.0788,0,none
69.974,-1.23720,-2.87599,0.44634,0,10,0,FALLBACK,0.8903,0.100,1.0779,0,none
70.024,-1.16387,-3.45626,0.51174,0,10,0,FALLBACK,0.8207,0.100,1.0770,0,none
70.076,-1.06334,-3.12414,0.42822,0,10,0,FALLBACK,0.7252,0.100,1.0772,0,none
70.124,-0.94000,-4.56385,0.72233,0,10,0,FALLBACK,0.6080,0.100,1.0785,0,none
70.176,-0.79779,-3.96377,0.76336,0,10,0,FALLBACK,0.4729,0.100,1.0805,0,none
70.225,-0.66143,-4.93024,0.50911,0,10,0,FALLBACK,0.3434,0.100,1.0828,0,none
70.277,-0.46761,-4.92777,0.78438,0,10,0,FALLBACK,0.1592,0.100,1.0853,0,none
70.328,-0.26747,-5.41536,1.18248,0,10,0,FALLBACK,-0.0309,0.100,1.0875,0,none
70.376,-0.06714,-5.87721,1.34390,0,10,0,FALLBACK,-0.2212,0.100,1.0894,0,none
70.426,0.12863,-5.65443,0.96840,0,10,0,FALLBACK,-0.4072,0.100,1.0909,0,none
70.476,0.28826,-5.95206,1.27716,0,10,0,FALLBACK,-0.5588,0.100,1.0911,0,none
70.526,0.48664,-4.96380,1.23106,0,10,0,FALLBACK,-0.7473,0.100,1.0905,0,none
70.577,0.66442,-4.72986,1.20697,0,10,0,FALLBACK,-0.9162,0.100,1.0887,0,none
70.626,0.81443,-4.99301,1.01141,0,10,0,FALLBACK,-1.0000,0.100,1.0854,0,none
70.677,0.93115,-4.48684,1.01254,0,10,0,FALLBACK,-1.0000,0.100,1.0817,0,none
70.727,0.98206,-4.08753,1.07194,0,10,0,FALLBACK,-1.0000,0.100,1.0791,0,none
70.779,1.06924,-4.73826,0.72212,0,10,0,FALLBACK,-1.0000,0.100,1.0776,0,none
70.828,1.12537,-4.83380,0.62206,0,10,0,FALLBACK,-1.0000,0.100,1.0762,0,none
70.879,1.15027,-4.70761,0.63464,0,10,0,FALLBACK,-1.0000,0.100,1.0747,0,none
70.927,1.14392,-4.84863,1.11727,0,10,0,FALLBACK,-1.0000,0.100,1.0733,0,none
70.977,1.08343,-4.81238,1.04605,0,10,0,FALLBACK,-1.0000,0.100,1.0719,0,none
71.029,1.04546,-5.07281,1.27624,0,10,0,FALLBACK,-1.0000,0.100,1.0706,0,none
71.063,0.97678,-5.03259,0.73646,0,10,0,FALLBACK,-1.0000,0.100,1.0693,0,none
71.114,0.87788,-4.25347,0.64568,0,10,0,FALLBACK,-1.0000,0.100,1.0680,0,none
71.165,0.74942,-3.37554,0.57095,0,10,0,FALLBACK,-0.9969,0.100,1.0667,0,none
71.215,0.57064,-3.25512,0.44251,0,10,0,FALLBACK,-0.8271,0.100,1.0655,0,none
71.266,0.41444,-2.05601,0.80436,0,10,0,FALLBACK,-0.6787,0.100,1.0671,0,none
71.314,0.24030,0.00239,0.52813,0,10,0,FALLBACK,-0.5133,0.100,1.0696,0,none
71.365,0.05221,-0.55606,1.13132,0,10,0,FALLBACK,-0.3346,0.100,1.0723,0,none
71.415,-0.14489,-1.27450,0.75898,0,10,0,FALLBACK,-0.1474,0.100,1.0750,0,none
71.466,-0.37644,0.47200,0.61986,0,10,0,FALLBACK,0.0726,0.100,1.0774,0,none
71.514,-0.54469,0.55014,0.51538,0,10,0,FALLBACK,0.2325,0.100,1.0789,0,none
71.565,-0.70447,1.25555,0.62983,0,10,0,FALLBACK,0.3842,0.100,1.0798,0,none
71.615,-0.85181,1.33529,1.07300,0,10,0,FALLBACK,0.5242,0.100,1.0801,0,none
71.665,-0.98201,0.66556,0.78086,0,10,0,FALLBACK,0.6479,0.100,1.0796,0,none
71.717,-1.11720,-1.47523,1.02868,0,10,0,FALLBACK,0.7763,0.100,1.0786,0,none
71.767,-1.16437,-2.95756,0.51079,0,10,0,FALLBACK,0.8211,0.100,1.0778,0,none
71.818,-1.18355,-2.70136,0.82059,0,10,0,FALLBACK,0.8394,0.100,1.0760,0,none
71.868,-1.17484,-2.49106,0.51100,0,10,0,FALLBACK,0.8311,0.100,1.0752,0,none
71.917,-1.18529,-3.50639,0.58926,0,10,0,FALLBACK,0.8410,0.100,1.0749,0,none
71.969,-1.08252,-3.52972,0.70432,0,10,0,FALLBACK,0.7434,0.100,1.0746,0,none
72.019,-0.95488,-4.26574,0.72392,0,10,0,FALLBACK,0.6221,0.100,1.0754,0,none
72.069,-0.80790,-3.97253,0.66327,0,10,0,FALLBACK,0.4825,0.100,1.0774,0,none
72.117,-0.64602,-4.88418,0.95156,0,10,0,FALLBACK,0.3287,0.100,1.0798,0,none
72.169,-0.50954,-4.82170,0.53086,0,10,0,FALLBACK,0.1991,0.100,1.0827,0,none
72.218,-0.29811,-5.54488,1.00953,0,10,0,FALLBACK,-0.0018,0.100,1.0848,0,none
72.268,-0.08424,-5.63363,1.19334,0,10,0,FALLBACK,-0.2050,0.100,1.0867,0,none
72.319,0.12475,-5.00225,1.33992,0,10,0,FALLBACK,-0.4035,0.100,1.0878,0,none
72.368,0.32248,-5.26924,1.21945,0,10,0,FALLBACK,-0.5914,0.100,1.0878,0,none
72.419,0.46904,-4.91494,0.89011,0,10,0,FALLBACK,-0.7306,0.100,1.0866,0,none
72.468,0.65597,-5.42728,1.46194,0,10,0,FALLBACK,-0.9082,0.100,1.0849,0,none
72.519,0.81593,-4.27426,0.96069,0,10,0,FALLBACK,-1.0000,0.100,1.0815,0,none
72.570,0.94075,-4.81890,1.09973,0,10,0,FALLBACK,-1.0000,0.100,1.0773,0,none
72.622,1.03264,-4.25883,1.17893,0,10,0,FALLBACK,-1.0000,0.100,1.0757,0,none
72.670,1.06413,-4.64206,0.65353,0,10,0,FALLBACK,-1.0000,0.100,1.0742,0,none
72.721,1.12245,-5.08983,0.64760,0,10,0,FALLBACK,-1.0000,0.100,1.0728,0,none
72.768,1.14979,-4.55229,1.00426,0,10,0,FALLBACK,-1.0000,0.100,1.0715,0,none
72.820,1.14605,-4.76575,1.07532,0,10,0,FALLBACK,-1.0000,0.100,1.0701,0,none
72.869,1.11141,-5.28381,0.98808,0,10,0,FALLBACK,-1.0000,0.100,1.0688,0,none
72.917,1.01999,-5.16109,1.11615,0,10,0,FALLBACK,-1.0000,0.100,1.0675,0,none
72.969,0.95278,-4.77061,0.79457,0,10,0,FALLBACK,-1.0000,0.100,1.0662,0,none
73.019,0.85555,-4.09675,0.51530,0,10,0,FALLBACK,-1.0000,0.100,1.0650,0,none
73.070,0.72882,-3.17985,0.45722,0,10,0,FALLBACK,-0.9774,0.100,1.0638,0,none
73.121,0.57353,-3.05862,0.41858,0,10,0,FALLBACK,-0.8299,0.100,1.0629,0,none
73.171,0.36438,-1.29925,1.13742,0,10,0,FALLBACK,-0.6312,0.100,1.0640,0,none
73.219,0.19080,-0.07467,0.43478,0,10,0,FALLBACK,-0.4663,0.100,1.0666,0,none
73.271,0.00474,-0.67253,0.41756,0,10,0,FALLBACK,-0.2895,0.100,1.0695,0,none
73.318,-0.18996,-0.55288,0.23625,1,10,1,FALLBACK,-0.1045,0.100,1.0721,0,none
73.371,-0.38827,-0.59436,0.31407,0,10,0,FALLBACK,0.0839,0.100,1.0744,0,none
73.422,-0.62367,-0.81517,0.18534,1,10,1,FALLBACK,0.3075,0.100,1.0761,0,none
73.471,-0.78140,-1.13781,0.35164,0,10,0,FALLBACK,0.4573,0.100,1.0765,0,none
73.520,-0.92399,-1.03335,0.36962,0,10,0,FALLBACK,0.5928,0.100,1.0765,0,none
73.571,-1.04509,-1.48478,0.74093,0,10,0,FALLBACK,0.7078,0.100,1.0752,0,none
73.623,-1.14429,-1.52738,0.51401,0,10,0,FALLBACK,0.8021,0.100,1.0745,0,none
73.670,-1.24649,-1.54308,0.54613,0,10,0,FALLBACK,0.8992,0.100,1.0730,0,none
73.720,-1.25690,-2.80136,0.57090,0,10,0,FALLBACK,0.9091,0.100,1.0709,0,none
73.771,-1.23642,-2.78049,0.49630,0,10,0,FALLBACK,0.8896,0.100,1.0695,0,none
73.820,-1.18739,-3.30469,0.53924,0,10,0,FALLBACK,0.8430,0.100,1.0691,0,none
73.873,-1.11190,-3.04357,0.53401,0,10,0,FALLBACK,0.7713,0.100,1.0693,0,none
73.921,-1.02594,-4.20481,0.84672,0,10,0,FALLBACK,0.6896,0.100,1.0703,0,none
73.974,-0.86569,-4.62701,0.77752,0,10,0,FALLBACK,0.5374,0.100,1.0718,0,none
74.024,-0.68837,-4.97189,1.03772,0,10,0,FALLBACK,0.3690,0.100,1.0740,0,none
74.073,-0.49962,-5.03977,1.20319,0,10,0,FALLBACK,0.1896,0.100,1.0767,0,none
74.126,-0.35502,-5.69160,1.45955,0,10,0,FALLBACK,0.0523,0.100,1.0793,0,none
74.172,-0.12194,-5.24830,0.93133,0,10,0,FALLBACK,-0.1692,0.100,1.0815,0,none
74.224,0.10879,-5.78442,0.72391,0,10,0,FALLBACK,-0.3884,0.100,1.0827,0,none
74.274,0.32930,-5.94415,1.15260,0,10,0,FALLBACK,-0.5978,0.100,1.0827,0,none
74.323,0.53272,-5.40514,0.86549,0,10,0,FALLBACK,-0.7911,0.100,1.0814,0,none
74.372,0.71212,-4.52695,1.32572,0,10,0,FALLBACK,-0.9615,0.100,1.0787,0,none
74.424,0.84063,-4.24423,1.05843,0,10,0,FALLBACK,-1.0000,0.100,1.0748,0,none
74.475,0.98972,-4.14924,0.86947,0,10,0,FALLBACK,-1.0000,0.100,1.0720,0,none
74.525,1.10752,-4.26465,0.80914,0,10,0,FALLBACK,-1.0000,0.100,1.0704,0,none
74.574,1.19502,-4.50702,0.81402,0,10,0,FALLBACK,-1.0000,0.100,1.0690,0,none
74.627,1.25199,-4.27625,1.03227,0,10,0,FALLBACK,-1.0000,0.100,1.0677,0,none
74.676,1.25200,-4.16075,0.97808,0,10,0,FALLBACK,-1.0000,0.100,1.0664,0,none
74.725,1.28892,-4.01823,0.67670,0,10,0,FALLBACK,-1.0000,0.100,1.0652,0,none
74.775,1.29515,-4.50922,0.97449,0,10,0,FALLBACK,-1.0000,0.100,1.0640,0,none
74.823,1.27077,-4.25079,0.77342,0,10,0,FALLBACK,-1.0000,0.100,1.0628,0,none
74.875,1.21600,-4.16531,0.75852,0,10,0,FALLBACK,-1.0000,0.100,1.0616,0,none
74.925,1.10272,-4.17175,0.77473,0,10,0,FALLBACK,-1.0000,0.100,1.0604,0,none
74.976,1.03070,-4.37858,0.81524,0,10,0,FALLBACK,-1.0000,0.100,1.0593,0,none
75.025,0.92901,-4.26599,0.75990,0,10,0,FALLBACK,-1.0000,0.100,1.0582,0,none
75.076,0.79840,-3.79326,0.56104,0,10,0,FALLBACK,-1.0000,0.100,1.0571,0,none
75.127,0.63948,-3.28059,0.52954,0,10,0,FALLBACK,-0.8925,0.100,1.0560,0,none
75.175,0.41603,-2.74618,0.61399,0,10,0,FALLBACK,-0.6802,0.100,1.0559,0,none
75.226,0.24736,-1.46495,1.11554,0,10,0,FALLBACK,-0.5200,0.100,1.0581,0,none
75.276,0.06426,-1.61542,0.94290,0,10,0,FALLBACK,-0.3460,0.100,1.0611,0,none
75.326,-0.12952,-1.39785,0.76889,0,10,0,FALLBACK,-0.1620,0.100,1.0640,0,none
75.377,-0.32945,-1.53311,0.52209,0,10,0,FALLBACK,0.0280,0.100,1.0666,0,none
75.427,-0.57339,-2.24178,0.73038,0,10,0,FALLBACK,0.2597,0.100,1.0687,0,none
75.477,-0.73311,-2.26517,0.53790,0,10,0,FALLBACK,0.4115,0.100,1.0698,0,none
75.527,-0.88013,-1.87087,0.56002,0,10,0,FALLBACK,0.5511,0.100,1.0700,0,none
75.577,-1.01085,-2.26898,0.45468,0,10,0,FALLBACK,0.6753,0.100,1.0698,0,none
75.626,-1.12111,-2.13610,0.49215,0,10,0,FALLBACK,0.7801,0.100,1.0690,0,none
75.677,-1.24225,-2.73799,0.74818,0,10,0,FALLBACK,0.8951,0.100,1.0677,0,none
75.729,-1.25572,-3.41685,0.56130,0,10,0,FALLBACK,0.9079,0.100,1.0658,0,none
75.779,-1.23825,-2.55106,0.45150,0,10,0,FALLBACK,0.8913,0.100,1.0639,0,none
75.827,-1.19199,-2.87980,0.51272,0,10,0,FALLBACK,0.8474,0.100,1.0633,0,none
75.880,-1.17474,-3.04941,0.49950,0,10,0,FALLBACK,0.8310,0.100,1.0635,0,none
75.913,-1.03272,-3.90268,0.65099,0,10,0,FALLBACK,0.6961,0.100,1.0639,0,none
75.964,-0.86939,-4.03276,0.67061,0,10,0,FALLBACK,0.5409,0.100,1.0659,0,none
76.015,-0.69110,-4.32050,0.84653,0,10,0,FALLBACK,0.3715,0.100,1.0686,0,none
76.065,-0.50271,-4.10974,0.86687,0,10,0,FALLBACK,0.1926,0.100,1.0715,0,none
76.117,-0.33994,-3.43304,0.64993,0,10,0,FALLBACK,0.0379,0.100,1.0741,0,none
76.165,-0.12220,-4.04378,0.48330,0,10,0,FALLBACK,-0.1689,0.100,1.0762,0,none
76.215,0.09122,-4.33757,0.89025,0,10,0,FALLBACK,-0.3717,0.100,1.0775,0,none
76.265,0.29334,-4.55141,0.66544,0,10,0,FALLBACK,-0.5637,0.100,1.0776,0,none
76.316,0.47785,-4.56469,0.95486,0,10,0,FALLBACK,-0.7390,0.100,1.0765,0,none
76.366,0.67108,-3.77851,0.56951,0,10,0,FALLBACK,-0.9225,0.100,1.0743,0,none
76.415,0.77981,-3.49129,0.94990,0,10,0,FALLBACK,-1.0000,0.100,1.0710,0,none
76.468,0.85475,-4.21221,0.75204,0,10,0,FALLBACK,-1.0000,0.100,1.0680,0,none
76.516,0.89640,-3.71724,0.64303,0,10,0,FALLBACK,-1.0000,0.100,1.0661,0,none
76.567,0.90709,-4.43959,0.89418,0,10,0,FALLBACK,-1.0000,0.100,1.0649,0,none
76.618,0.90548,-3.63641,0.60795,0,10,0,FALLBACK,-1.0000,0.100,1.0637,0,none
76.667,0.83566,-3.22190,0.56676,0,10,0,FALLBACK,-1.0000,0.100,1.0625,0,none
76.716,0.73602,-3.05755,0.47411,0,10,0,FALLBACK,-0.9842,0.100,1.0613,0,none
76.767,0.60730,-2.64755,0.51574,0,10,0,FALLBACK,-0.8619,0.100,1.0604,0,none
76.818,0.45179,0.09632,0.41207,0,10,0,FALLBACK,-0.7142,0.100,1.0611,0,none
76.867,0.29549,0.01793,0.31894,0,10,0,FALLBACK,-0.5657,0.100,1.0632,0,none
76.917,0.08283,-0.19879,0.29067,0,10,0,FALLBACK,-0.3637,0.100,1.0658,0,none
76.967,-0.14086,-0.60364,0.35558,0,10,0,FALLBACK,-0.1512,0.100,1.0685,0,none
77.020,-0.36942,-0.74311,0.21763,1,10,1,FALLBACK,0.0660,0.100,1.0711,0,none
77.071,-0.59692,-1.09426,0.34414,0,10,0,FALLBACK,0.2821,0.100,1.0728,0,none
77.119,-0.77923,-2.51325,0.68069,0,10,0,FALLBACK,0.4553,0.100,1.0733,0,none
77.170,-1.00917,-2.40763,0.60740,0,10,0,FALLBACK,0.6737,0.100,1.0732,0,none
77.221,-1.22143,-1.91829,0.76558,0,10,0,FALLBACK,0.8754,0.100,1.0713,0,none
77.270,-1.40777,-2.08574,1.35993,0,10,0,FALLBACK,1.0000,0.100,1.0677,0,none
77.320,-1.56223,1.56842,1.20548,0,10,0,FALLBACK,1.0000,0.100,1.0639,0,none
77.371,-1.68363,0.88445,1.70013,0,10,0,FALLBACK,1.0000,0.100,1.0618,0,none
77.419,-1.75716,1.12515,2.37177,0,10,0,FALLBACK,1.0000,0.100,1.0606,0,none
77.471,-1.84395,0.51784,1.97176,0,10,0,FALLBACK,1.0000,0.100,1.0594,0,none
77.522,-1.90073,-2.25766,1.40322,0,10,0,FALLBACK,1.0000,0.100,1.0583,0,none
77.571,-1.92726,-2.36248,0.42790,0,10,0,FALLBACK,1.0000,0.100,1.0571,0,none
77.620,-1.92354,-2.54696,0.60345,0,10,0,FALLBACK,1.0000,0.100,1.0560,0,none
77.671,-1.87098,-2.71359,0.52251,0,10,0,FALLBACK,1.0000,0.100,1.0550,0,none
77.720,-1.83273,-1.89365,0.34810,0,10,0,FALLBACK,1.0000,0.100,1.0539,0,none
77.771,-1.76468,-1.96719,0.30706,0,10,0,FALLBACK,1.0000,0.100,1.0528,0,none
77.821,-1.66733,-2.15234,0.54004,0,10,0,FALLBACK,1.0000,0.100,1.0518,0,none
77.871,-1.54117,-2.38251,0.54512,0,10,0,FALLBACK,1.0000,0.100,1.0508,0,none
77.920,-1.36374,-3.22351,0.51567,0,10,0,FALLBACK,1.0000,0.100,1.0498,0,none
77.971,-1.20619,-3.19234,0.62401,0,10,0,FALLBACK,0.8609,0.100,1.0488,0,none
78.022,-1.02261,-4.66326,0.87291,0,10,0,FALLBACK,0.6865,0.100,1.0497,0,none
78.070,-0.82003,-3.92027,0.66875,0,10,0,FALLBACK,0.4940,0.100,1.0523,0,none
78.121,-0.60413,-4.84974,0.71868,0,10,0,FALLBACK,0.2889,0.100,1.0555,0,none
78.170,-0.33434,-5.24029,1.05804,0,10,0,FALLBACK,0.0326,0.100,1.0585,0,none
78.220,-0.13714,-5.47181,0.82542,0,10,0,FALLBACK,-0.1547,0.100,1.0608,0,none
78.271,0.05498,-5.26098,0.71664,0,10,0,FALLBACK,-0.3372,0.100,1.0626,0,none
78.321,0.23763,-5.16153,1.13696,0,10,0,FALLBACK,-0.5107,0.100,1.0634,0,none
78.372,0.40548,-5.18921,0.98509,0,10,0,FALLBACK,-0.6702,0.100,1.0632,0,none
78.423,0.55311,-5.01838,0.64598,0,10,0,FALLBACK,-0.8105,0.100,1.0622,0,none
78.472,0.69561,-5.36459,0.90660,0,10,0,FALLBACK,-0.9458,0.100,1.0603,0,none
78.524,0.75263,-4.96484,1.16612,0,10,0,FALLBACK,-1.0000,0.100,1.0576,0,none
78.570,0.77664,-4.91966,0.86619,0,10,0,FALLBACK,-1.0000,0.100,1.0552,0,none
78.622,0.76873,-3.73476,0.54202,0,10,0,FALLBACK,-1.0000,0.100,1.0538,0,none
78.673,0.77964,-3.17534,0.41730,0,10,0,FALLBACK,-1.0000,0.100,1.0527,0,none
78.723,0.67007,-2.65851,0.18004,1,10,1,FALLBACK,-0.9216,0.100,1.0517,0,none
78.773,0.53265,0.36038,0.36523,0,10,0,FALLBACK,-0.7910,0.100,1.0519,0,none
78.823,0.37207,0.48657,0.14338,1,10,1,FALLBACK,-0.6385,0.100,1.0535,0,none
78.871,0.19362,0.20697,0.20885,1,10,2,FALLBACK,-0.4689,0.100,1.0560,0,none
78.923,0.04476,-0.17960,0.21556,1,10,3,FALLBACK,-0.3275,0.100,1.0588,0,none
78.975,-0.18737,-0.34560,0.22026,1,10,4,FALLBACK,-0.1070,0.100,1.0616,0,none
79.023,-0.42420,-0.77323,0.19604,1,10,5,FALLBACK,0.1180,0.100,1.0639,0,none
79.074,-0.65875,-1.32353,0.71531,0,10,0,FALLBACK,0.3408,0.100,1.0654,0,none
79.123,-0.88452,-1.97020,0.92048,0,10,0,FALLBACK,0.5553,0.100,1.0658,0,none
79.174,-1.09487,-2.06776,0.76906,0,10,0,FALLBACK,0.7551,0.100,1.0648,0,none
79.223,-1.25138,0.52575,1.51486,0,10,0,FALLBACK,0.9038,0.100,1.0624,0,none
79.275,-1.44505,1.09515,1.34581,0,10,0,FALLBACK,1.0000,0.100,1.0594,0,none
79.324,-1.60836,0.74481,0.92228,0,10,0,FALLBACK,1.0000,0.100,1.0564,0,none
79.375,-1.74021,1.39853,0.71672,0,10,0,FALLBACK,1.0000,0.100,1.0546,0,none
79.426,-1.84269,2.08285,0.46936,0,10,0,FALLBACK,1.0000,0.100,1.0535,0,none
79.477,-1.87611,2.59419,0.58306,0,10,0,FALLBACK,1.0000,0.100,1.0524,0,none
79.525,-1.95174,1.91384,0.82962,0,10,0,FALLBACK,1.0000,0.100,1.0514,0,none
79.575,-1.99768,-1.26449,1.01688,0,10,0,FALLBACK,1.0000,0.100,1.0504,0,none
79.625,-2.01379,-2.33562,0.34610,0,10,0,FALLBACK,1.0000,0.100,1.0494,0,none
79.674,-2.00006,-2.52237,0.47484,0,10,0,FALLBACK,1.0000,0.100,1.0485,0,none
79.726,-1.90639,-2.00519,0.97343,0,10,0,FALLBACK,1.0000,0.100,1.0475,0,none
79.775,-1.86940,-1.76959,0.51101,0,10,0,FALLBACK,1.0000,0.100,1.0466,0,none
79.826,-1.80299,-2.54019,0.60874,0,10,0,FALLBACK,1.0000,0.100,1.0457,0,none
79.877,-1.70761,-3.31740,0.66350,0,10,0,FALLBACK,1.0000,0.100,1.0448,0,none
79.929,-1.58380,-2.76560,0.69078,0,10,0,FALLBACK,1.0000,0.100,1.0439,0,none
79.979,-1.43225,-3.23764,0.46776,0,10,0,FALLBACK,1.0000,0.100,1.0430,0,none
80.027,-1.22955,-3.11477,0.51143,0,10,0,FALLBACK,0.8831,0.100,1.0422,0,none
80.079,-1.05362,-4.15541,0.68884,0,10,0,FALLBACK,0.7159,0.100,1.0424,0,none
80.127,-0.85669,-3.89465,0.91417,0,10,0,FALLBACK,0.5289,0.100,1.0447,0,none
80.178,-0.64470,-4.33811,1.03727,0,10,0,FALLBACK,0.3275,0.100,1.0478,0,none
80.228,-0.42274,-4.88874,1.04275,0,10,0,FALLBACK,0.1166,0.100,1.0510,0,none
80.278,-0.15048,-4.68660,0.52590,0,10,0,FALLBACK,-0.1420,0.100,1.0539,0,none
80.328,0.04517,-5.49435,1.07684,0,10,0,FALLBACK,-0.3279,0.100,1.0559,0,none
80.380,0.23166,-4.89985,1.16162,0,10,0,FALLBACK,-0.5051,0.100,1.0568,0,none
80.413,0.40455,-4.76378,0.70824,0,10,0,FALLBACK,-0.6693,0.100,1.0569,0,none
80.466,0.55591,-5.20074,1.07610,0,10,0,FALLBACK,-0.8131,0.100,1.0550,0,none
80.515,0.68099,-5.23318,1.02363,0,10,0,FALLBACK,-0.9319,0.100,1.0530,0,none
80.566,0.79040,-4.83345,1.03521,0,10,0,FALLBACK,-1.0000,0.100,1.0505,0,none
80.615,0.82403,-4.84788,1.00954,0,10,0,FALLBACK,-1.0000,0.100,1.0482,0,none
80.665,0.82617,-4.77306,1.01530,0,10,0,FALLBACK,-1.0000,0.100,1.0470,0,none
80.715,0.79862,-4.37021,0.75494,0,10,0,FALLBACK,-1.0000,0.100,1.0461,0,none
80.765,0.77043,-3.46388,0.51637,0,10,0,FALLBACK,-1.0000,0.100,1.0452,0,none
80.815,0.65968,-3.28972,0.45492,0,10,0,FALLBACK,-0.9117,0.100,1.0443,0,none
80.867,0.52228,-0.67171,1.13559,0,10,0,FALLBACK,-0.7812,0.100,1.0451,0,none
80.917,0.36351,0.32217,0.25216,1,10,1,FALLBACK,-0.6303,0.100,1.0472,0,none
80.965,0.18812,0.00920,0.13325,1,10,2,FALLBACK,-0.4637,0.100,1.0499,0,none
81.017,0.03492,-0.17589,0.30448,0,10,0,FALLBACK,-0.3182,0.100,1.0528,0,none
81.066,-0.18477,-0.28378,0.23870,1,10,1,FALLBACK,-0.1095,0.100,1.0556,0,none
81.116,-0.40918,-0.55196,0.23582,1,10,2,FALLBACK,0.1037,0.100,1.0578,0,none
81.167,-0.63179,-1.16110,0.75423,0,10,0,FALLBACK,0.3152,0.100,1.0595,0,none
81.216,-0.84622,-0.64912,0.80260,0,10,0,FALLBACK,0.5189,0.100,1.0601,0,none
81.266,-1.04627,-1.84817,0.85379,0,10,0,FALLBACK,0.7090,0.100,1.0596,0,none
81.317,-1.20499,-0.21620,1.74842,0,10,0,FALLBACK,0.8597,0.100,1.0578,0,none
81.368,-1.38133,1.50677,1.07610,0,10,0,FALLBACK,1.0000,0.100,1.0553,0,none
81.418,-1.52792,2.45473,0.54462,0,10,0,FALLBACK,1.0000,0.100,1.0518,0,none
81.466,-1.64165,1.78075,1.41913,0,10,0,FALLBACK,1.0000,0.100,1.0499,0,none
81.517,-1.72582,0.73145,1.67054,0,10,0,FALLBACK,1.0000,0.100,1.0489,0,none
81.570,-1.74789,-1.44331,1.54366,0,10,0,FALLBACK,1.0000,0.100,1.0479,0,none
81.618,-1.80402,-2.06311,0.70072,0,10,0,FALLBACK,1.0000,0.100,1.0470,0,none
81.670,-1.83056,-2.17756,0.95057,0,10,0,FALLBACK,1.0000,0.100,1.0460,0,none
81.719,-1.82745,-2.36951,0.70602,0,10,0,FALLBACK,1.0000,0.100,1.0451,0,none
81.767,-1.79484,-1.76518,1.42953,0,10,0,FALLBACK,1.0000,0.100,1.0443,0,none
81.817,-1.70519,-2.46267,0.77178,0,10,0,FALLBACK,1.0000,0.100,1.0434,0,none
81.868,-1.63805,-3.60818,0.73591,0,10,0,FALLBACK,1.0000,0.100,1.0425,0,none
81.919,-1.54209,-2.75868,0.41879,0,10,0,FALLBACK,1.0000,0.100,1.0417,0,none
81.967,-1.41787,-3.46123,0.47356,0,10,0,FALLBACK,1.0000,0.100,1.0409,0,none
82.017,-1.26613,-3.44719,0.72958,0,10,0,FALLBACK,0.9178,0.100,1.0401,0,none
82.068,-1.05016,-4.40787,0.66064,0,10,0,FALLBACK,0.7127,0.100,1.0404,0,none
82.118,-0.87524,-4.45249,0.63448,0,10,0,FALLBACK,0.5465,0.100,1.0428,0,none
82.168,-0.68658,-4.59504,0.81844,0,10,0,FALLBACK,0.3673,0.100,1.0461,0,none
82.220,-0.48794,-4.28288,0.66988,0,10,0,FALLBACK,0.1785,0.100,1.0492,0,none
82.270,-0.28404,-5.38864,0.70787,0,10,0,FALLBACK,-0.0152,0.100,1.0521,0,none
82.319,-0.08002,-5.22559,1.01463,0,10,0,FALLBACK,-0.2090,0.100,1.0543,0,none
82.369,0.14599,-5.27529,1.00335,0,10,0,FALLBACK,-0.4237,0.100,1.0558,0,none
82.417,0.30681,-5.08784,0.85503,0,10,0,FALLBACK,-0.5765,0.100,1.0560,0,none
82.469,0.44939,-4.89689,0.85673,0,10,0,FALLBACK,-0.7119,0.100,1.0556,0,none
82.518,0.57015,-4.99571,0.97160,0,10,0,FALLBACK,-0.8266,0.100,1.0547,0,none
82.567,0.66528,-5.04675,1.10564,0,10,0,FALLBACK,-0.9170,0.100,1.0532,0,none
82.617,0.75544,-4.86674,0.75018,0,10,0,FALLBACK,-1.0000,0.100,1.0514,0,none
82.668,0.76223,-4.73588,1.07330,0,10,0,FALLBACK,-1.0000,0.100,1.0491,0,none
82.718,0.73684,-4.44607,0.62251,0,10,0,FALLBACK,-0.9850,0.100,1.0476,0,none
82.769,0.68184,-3.86212,0.61712,0,10,0,FALLBACK,-0.9327,0.100,1.0469,0,none
82.820,0.59885,-3.42204,0.42040,0,10,0,FALLBACK,-0.8539,0.100,1.0470,0,none
82.869,0.50638,-2.96598,0.51903,0,10,0,FALLBACK,-0.7661,0.100,1.0480,0,none
82.919,0.35061,0.38132,0.15215,1,10,1,FALLBACK,-0.6181,0.100,1.0496,0,none
82.969,0.17673,-1.15969,0.76496,0,10,0,FALLBACK,-0.4529,0.100,1.0519,0,none
83.022,-0.00887,-1.63009,1.04655,0,10,0,FALLBACK,-0.2766,0.100,1.0550,0,none
83.071,-0.20252,-2.35799,0.75606,0,10,0,FALLBACK,-0.0926,0.100,1.0576,0,none
83.119,-0.38308,-1.66462,0.64072,0,10,0,FALLBACK,0.0789,0.100,1.0600,0,none
83.173,-0.59771,-1.36318,0.96373,0,10,0,FALLBACK,0.2828,0.100,1.0621,0,none
83.221,-0.80589,-1.64986,0.86075,0,10,0,FALLBACK,0.4806,0.100,1.0626,0,none
83.272,-1.00044,-1.19832,1.04388,0,10,0,FALLBACK,0.6654,0.100,1.0623,0,none
83.322,-1.17543,-1.75658,1.40092,0,10,0,FALLBACK,0.8317,0.100,1.0609,0,none
83.371,-1.30578,-1.77701,1.35780,0,10,0,FALLBACK,0.9555,0.100,1.0584,0,none
83.422,-1.44223,-0.07298,1.91205,0,10,0,FALLBACK,1.0000,0.100,1.0554,0,none
83.473,-1.54671,-2.69946,0.94357,0,10,0,FALLBACK,1.0000,0.100,1.0531,0,none
83.523,-1.62020,-2.84787,0.51054,0,10,0,FALLBACK,1.0000,0.100,1.0518,0,none
83.572,-1.66380,-2.74943,0.42416,0,10,0,FALLBACK,1.0000,0.100,1.0507,0,none
83.621,-1.65016,-2.73210,0.65454,0,10,0,FALLBACK,1.0000,0.100,1.0497,0,none
83.672,-1.65769,-2.04344,1.08203,0,10,0,FALLBACK,1.0000,0.100,1.0488,0,none
83.724,-1.63543,-2.29241,0.49129,0,10,0,FALLBACK,1.0000,0.100,1.0478,0,none
83.772,-1.58361,-3.70846,0.58784,0,10,0,FALLBACK,1.0000,0.100,1.0469,0,none
83.821,-1.50253,-2.61723,0.55351,0,10,0,FALLBACK,1.0000,0.100,1.0460,0,none
83.872,-1.36508,-3.01914,0.62393,0,10,0,FALLBACK,1.0000,0.100,1.0451,0,none
83.921,-1.24875,-3.22754,0.81844,0,10,0,FALLBACK,0.9013,0.100,1.0442,0,none
83.973,-1.10524,-3.38717,0.69509,0,10,0,FALLBACK,0.7650,0.100,1.0447,0,none
84.023,-0.94001,-4.11693,0.75447,0,10,0,FALLBACK,0.6080,0.100,1.0467,0,none
84.073,-0.75802,-4.61002,0.98966,0,10,0,FALLBACK,0.4351,0.100,1.0495,0,none
84.123,-0.52562,-4.47004,0.75942,0,10,0,FALLBACK,0.2143,0.100,1.0525,0,none
84.173,-0.34724,-4.87132,0.96021,0,10,0,FALLBACK,0.0449,0.100,1.0553,0,none
84.225,-0.16819,-5.33977,1.09669,0,10,0,FALLBACK,-0.1252,0.100,1.0579,0,none
84.275,0.00768,-4.65915,0.83244,0,10,0,FALLBACK,-0.2923,0.100,1.0597,0,none
84.324,0.17553,-4.63550,0.97479,0,10,0,FALLBACK,-0.4517,0.100,1.0608,0,none
84.374,0.33022,-5.75324,0.69622,0,10,0,FALLBACK,-0.5987,0.100,1.0612,0,none
84.424,0.48080,-5.02940,0.90598,0,10,0,FALLBACK,-0.7418,0.100,1.0608,0,none
84.474,0.57589,-5.32450,0.84219,0,10,0,FALLBACK,-0.8321,0.100,1.0595,0,none
84.527,0.64395,-5.60131,0.86170,0,10,0,FALLBACK,-0.8968,0.100,1.0581,0,none
84.575,0.68356,-4.94202,0.58821,0,10,0,FALLBACK,-0.9344,0.100,1.0567,0,none
84.625,0.69375,-4.67453,0.82176,0,10,0,FALLBACK,-0.9441,0.100,1.0554,0,none
84.676,0.68312,-4.23572,0.82003,0,10,0,FALLBACK,-0.9340,0.100,1.0544,0,none
84.725,0.61563,-3.40977,0.54978,0,10,0,FALLBACK,-0.8698,0.100,1.0539,0,none
84.777,0.52130,-3.01656,0.57493,0,10,0,FALLBACK,-0.7802,0.100,1.0543,0,none
84.825,0.40376,-2.46668,0.62949,0,10,0,FALLBACK,-0.6686,0.100,1.0557,0,none
84.875,0.28422,-1.26353,0.87281,0,10,0,FALLBACK,-0.5550,0.100,1.0573,0,none
84.927,0.11620,-1.29794,1.06681,0,10,0,FALLBACK,-0.3954,0.100,1.0596,0,none
84.977,-0.06489,-1.66998,0.80652,0,10,0,FALLBACK,-0.2234,0.100,1.0622,0,none
85.027,-0.25396,-0.82776,0.48971,0,10,0,FALLBACK,-0.0437,0.100,1.0648,0,none
85.077,-0.44595,-1.06700,0.47295,0,10,0,FALLBACK,0.1387,0.100,1.0672,0,none
85.127,-0.61012,-1.43207,0.35613,0,10,0,FALLBACK,0.2946,0.100,1.0689,0,none
85.177,-0.80787,-1.83567,0.29168,0,10,0,FALLBACK,0.4825,0.100,1.0699,0,none
85.227,-0.99376,-2.42621,0.59479,0,10,0,FALLBACK,0.6591,0.100,1.0699,0,none
85.277,-1.16118,-2.59224,0.67539,0,10,0,FALLBACK,0.8181,0.100,1.0688,0,none
85.328,-1.30434,-2.94201,0.90010,0,10,0,FALLBACK,0.9541,0.100,1.0665,0,none
85.378,-1.41827,-2.83578,0.55001,0,10,0,FALLBACK,1.0000,0.100,1.0635,0,none
85.429,-1.48902,-2.04965,0.67692,0,10,0,FALLBACK,1.0000,0.100,1.0606,0,none
85.479,-1.55322,-2.62494,0.43388,0,10,0,FALLBACK,1.0000,0.100,1.0588,0,none
85.528,-1.58693,-2.71762,0.57174,0,10,0,FALLBACK,1.0000,0.100,1.0576,0,none
85.579,-1.59036,-2.15383,0.82326,0,10,0,FALLBACK,1.0000,0.100,1.0565,0,none
85.628,-1.56359,-2.18926,0.36513,0,10,0,FALLBACK,1.0000,0.100,1.0554,0,none
85.679,-1.49765,-3.30631,0.46006,0,10,0,FALLBACK,1.0000,0.100,1.0544,0,none
85.729,-1.42736,-2.95098,0.49168,0,10,0,FALLBACK,1.0000,0.100,1.0533,0,none
85.778,-1.32772,-3.40603,0.37699,0,10,0,FALLBACK,0.9763,0.100,1.0523,0,none
85.829,-1.19970,-3.09569,0.62894,0,10,0,FALLBACK,0.8547,0.100,1.0517,0,none
85.879,-1.04496,-4.45798,0.70360,0,10,0,FALLBACK,0.7077,0.100,1.0521,0,none
85.929,-0.86273,-4.77072,0.94604,0,10,0,FALLBACK,0.5346,0.100,1.0543,0,none
85.979,-0.67941,-4.54150,0.86383,0,10,0,FALLBACK,0.3604,0.100,1.0571,0,none
86.030,-0.48503,-4.80782,0.77253,0,10,0,FALLBACK,0.1758,0.100,1.0601,0,none
86.079,-0.28425,-4.88357,0.73648,0,10,0,FALLBACK,-0.0150,0.100,1.0629,0,none
86.129,-0.08215,-5.77746,1.09227,0,10,0,FALLBACK,-0.2070,0.100,1.0652,0,none
86.178,0.11828,-5.25516,0.89513,0,10,0,FALLBACK,-0.3974,0.100,1.0668,0,none
86.229,0.30419,-5.50844,0.90230,0,10,0,FALLBACK,-0.5740,0.100,1.0674,0,none
86.263,0.47426,-5.16457,0.97760,0,10,0,FALLBACK,-0.7355,0.100,1.0669,0,none
86.315,0.62030,-4.87329,1.17126,0,10,0,FALLBACK,-0.8743,0.100,1.0643,0,none
86.365,0.73758,-4.98886,1.24653,0,10,0,FALLBACK,-0.9857,0.100,1.0617,0,none
86.414,0.82902,-4.85752,1.00939,0,10,0,FALLBACK,-1.0000,0.100,1.0586,0,none
86.464,0.87582,-4.90632,0.98607,0,10,0,FALLBACK,-1.0000,0.100,1.0569,0,none
86.517,0.89198,-4.67639,0.83294,0,10,0,FALLBACK,-1.0000,0.100,1.0557,0,none
86.563,0.87797,-4.57633,0.84983,0,10,0,FALLBACK,-1.0000,0.100,1.0547,0,none
86.613,0.83400,-4.05577,0.80296,0,10,0,FALLBACK,-1.0000,0.100,1.0537,0,none
86.663,0.76480,-3.72480,0.71584,0,10,0,FALLBACK,-1.0000,0.100,1.0526,0,none
86.715,0.65582,-3.00211,0.33352,0,10,0,FALLBACK,-0.9080,0.100,1.0516,0,none
86.766,0.51981,-3.17405,0.45868,0,10,0,FALLBACK,-0.7788,0.100,1.0523,0,none
86.815,0.36216,-0.64386,0.93779,0,10,0,FALLBACK,-0.6291,0.100,1.0543,0,none
86.866,0.18766,-1.58607,0.76334,0,10,0,FALLBACK,-0.4633,0.100,1.0569,0,none
86.915,0.01050,-2.60202,0.87138,0,10,0,FALLBACK,-0.2950,0.100,1.0600,0,none
86.965,-0.19189,-2.30783,0.54360,0,10,0,FALLBACK,-0.1027,0.100,1.0626,0,none
87.015,-0.39704,-1.13686,0.41600,0,10,0,FALLBACK,0.0922,0.100,1.0650,0,none
87.066,-0.59915,-1.64151,0.57814,0,10,0,FALLBACK,0.2842,0.100,1.0666,0,none
87.114,-0.79254,-1.90891,0.40380,0,10,0,FALLBACK,0.4679,0.100,1.0672,0,none
87.166,-0.95577,-2.22611,0.54477,0,10,0,FALLBACK,0.6230,0.100,1.0669,0,none
87.216,-1.12811,-2.55130,0.39868,0,10,0,FALLBACK,0.7867,0.100,1.0658,0,none
87.264,-1.27605,-2.97474,0.33854,0,10,0,FALLBACK,0.9272,0.100,1.0635,0,none
87.315,-1.39431,-2.83114,0.59539,0,10,0,FALLBACK,1.0000,0.100,1.0604,0,none
87.365,-1.47913,-2.70508,0.33469,0,10,0,FALLBACK,1.0000,0.100,1.0573,0,none
87.416,-1.52072,-3.18471,0.57752,0,10,0,FALLBACK,1.0000,0.100,1.0560,0,none
87.466,-1.55432,-3.00752,0.51506,0,10,0,FALLBACK,1.0000,0.100,1.0549,0,none
87.517,-1.55780,-2.27029,0.46329,0,10,0,FALLBACK,1.0000,0.100,1.0539,0,none
87.564,-1.53123,-2.79116,0.58851,0,10,0,FALLBACK,1.0000,0.100,1.0528,0,none
87.617,-1.47483,-3.04495,0.43432,0,10,0,FALLBACK,1.0000,0.100,1.0518,0,none
87.668,-1.37918,-3.01616,0.64032,0,10,0,FALLBACK,1.0000,0.100,1.0508,0,none
87.717,-1.27393,-3.11652,0.55399,0,10,0,FALLBACK,0.9252,0.100,1.0498,0,none
87.767,-1.14076,-3.32163,0.67023,0,10,0,FALLBACK,0.7987,0.100,1.0499,0,none
87.817,-0.98424,-4.73938,1.14390,0,10,0,FALLBACK,0.6500,0.100,1.0515,0,none
87.869,-0.80943,-4.44717,0.72629,0,10,0,FALLBACK,0.4840,0.100,1.0541,0,none
87.918,-0.61391,-4.69162,0.90270,0,10,0,FALLBACK,0.2982,0.100,1.0570,0,none
87.968,-0.42216,-4.80416,0.87404,0,10,0,FALLBACK,0.1161,0.100,1.0599,0,none
88.018,-0.22682,-5.04533,0.91650,0,10,0,FALLBACK,-0.0695,0.100,1.0625,0,none
88.069,-0.03284,-4.82518,0.87166,0,10,0,FALLBACK,-0.2538,0.100,1.0644,0,none
88.117,0.15445,-5.22845,1.30184,0,10,0,FALLBACK,-0.4317,0.100,1.0656,0,none
88.168,0.34651,-5.32819,1.00128,0,10,0,FALLBACK,-0.6142,0.100,1.0659,0,none
88.219,0.49178,-5.54618,1.04701,0,10,0,FALLBACK,-0.7522,0.100,1.0650,0,none
88.270,0.61408,-5.30997,1.03652,0,10,0,FALLBACK,-0.8684,0.100,1.0641,0,none
88.320,0.70920,-5.22345,0.87969,0,10,0,FALLBACK,-0.9587,0.100,1.0616,0,none
88.369,0.77354,-5.46695,0.94683,0,10,0,FALLBACK,-1.0000,0.100,1.0593,0,none
88.418,0.82886,-5.23723,0.87831,0,10,0,FALLBACK,-1.0000,0.100,1.0572,0,none
88.468,0.80973,-4.46033,1.19692,0,10,0,FALLBACK,-1.0000,0.100,1.0558,0,none
88.517,0.76046,-3.67282,0.56431,0,10,0,FALLBACK,-1.0000,0.100,1.0548,0,none
88.568,0.68153,-3.19811,0.57280,0,10,0,FALLBACK,-0.9325,0.100,1.0537,0,none
88.617,0.57396,-3.16468,0.43875,0,10,0,FALLBACK,-0.8303,0.100,1.0537,0,none
88.669,0.46475,-1.22292,1.12943,0,10,0,FALLBACK,-0.7265,0.100,1.0549,0,none
88.719,0.28998,-1.22585,0.75387,0,10,0,FALLBACK,-0.5605,0.100,1.0568,0,none
88.771,0.09862,-0.13385,0.48328,0,10,0,FALLBACK,-0.3787,0.100,1.0593,0,none
88.819,-0.10368,-1.15105,0.73241,0,10,0,FALLBACK,-0.1865,0.100,1.0621,0,none
88.868,-0.31166,-0.71526,0.41417,0,10,0,FALLBACK,0.0111,0.100,1.0647,0,none
88.921,-0.48217,-1.38853,0.38608,0,10,0,FALLBACK,0.1731,0.100,1.0668,0,none
88.970,-0.70959,-1.92183,0.48818,0,10,0,FALLBACK,0.3891,0.100,1.0682,0,none
89.021,-0.92805,-3.26384,0.54851,0,10,0,FALLBACK,0.5966,0.100,1.0683,0,none
89.069,-1.12972,-2.87995,0.60884,0,10,0,FALLBACK,0.7882,0.100,1.0670,0,none
89.118,-1.30794,-1.65792,2.30542,0,10,0,FALLBACK,0.9575,0.100,1.0645,0,none
89.171,-1.45680,1.60998,1.68494,0,10,0,FALLBACK,1.0000,0.100,1.0607,0,none
89.220,-1.55260,-0.15034,2.20302,0,10,0,FALLBACK,1.0000,0.100,1.0580,0,none
89.272,-1.66408,0.20942,1.87081,0,10,0,FALLBACK,1.0000,0.100,1.0566,0,none
89.320,-1.74589,-2.43350,0.60314,0,10,0,FALLBACK,1.0000,0.100,1.0555,0,none
89.370,-1.79783,-2.92632,0.58827,0,10,0,FALLBACK,1.0000,0.100,1.0544,0,none
89.419,-1.81976,-2.92787,0.63234,0,10,0,FALLBACK,1.0000,0.100,1.0533,0,none
89.471,-1.78482,-3.58047,0.53380,0,10,0,FALLBACK,1.0000,0.100,1.0523,0,none
89.521,-1.77954,-2.85443,0.44967,0,10,0,FALLBACK,1.0000,0.100,1.0513,0,none
89.570,-1.74441,-2.99403,0.52572,0,10,0,FALLBACK,1.0000,0.100,1.0503,0,none
89.621,-1.67965,-3.11181,0.50994,0,10,0,FALLBACK,1.0000,0.100,1.0493,0,none
89.671,-1.58567,-2.65586,0.56353,0,10,0,FALLBACK,1.0000,0.100,1.0483,0,none
89.724,-1.43301,-2.66589,0.43425,0,10,0,FALLBACK,1.0000,0.100,1.0474,0,none
89.774,-1.31158,-3.74017,0.59422,0,10,0,FALLBACK,0.9610,0.100,1.0465,0,none
89.821,-1.16253,-3.23293,0.58380,0,10,0,FALLBACK,0.8194,0.100,1.0462,0,none
89.873,-0.98915,-4.38164,0.67691,0,10,0,FALLBACK,0.6547,0.100,1.0476,0,none
89.922,-0.79773,-4.32938,0.57206,0,10,0,FALLBACK,0.4728,0.100,1.0503,0,none
89.973,-0.55719,-4.57264,0.98398,0,10,0,FALLBACK,0.2443,0.100,1.0533,0,none
90.025,-0.36889,-4.92517,0.94212,0,10,0,FALLBACK,0.0654,0.100,1.0563,0,none
90.073,-0.17928,-4.89260,0.98551,0,10,0,FALLBACK,-0.1147,0.100,1.0589,0,none
90.123,0.00751,-5.38159,1.13968,0,10,0,FALLBACK,-0.2921,0.100,1.0608,0,none
90.175,0.18637,-4.78757,1.19801,0,10,0,FALLBACK,-0.4620,0.100,1.0618,0,none
90.222,0.35195,-4.67443,0.72283,0,10,0,FALLBACK,-0.6193,0.100,1.0620,0,none
90.274,0.51898,-4.88358,1.06673,0,10,0,FALLBACK,-0.7780,0.100,1.0614,0,none
90.324,0.61019,-4.81885,1.11206,0,10,0,FALLBACK,-0.8647,0.100,1.0596,0,none
90.374,0.67279,-4.14303,0.57587,0,10,0,FALLBACK,-0.9241,0.100,1.0579,0,none
90.424,0.70600,-4.15760,0.95239,0,10,0,FALLBACK,-0.9557,0.100,1.0564,0,none
90.475,0.75450,-3.78732,0.53948,0,10,0,FALLBACK,-1.0000,0.100,1.0550,0,none
90.526,0.69171,-3.84912,0.68793,0,10,0,FALLBACK,-0.9421,0.100,1.0533,0,none
90.577,0.59877,-3.05818,0.50161,0,10,0,FALLBACK,-0.8538,0.100,1.0529,0,none
90.624,0.48042,-2.78750,0.35730,0,10,0,FALLBACK,-0.7414,0.100,1.0539,0,none
90.675,0.34058,-0.34844,0.92813,0,10,0,FALLBACK,-0.6085,0.100,1.0557,0,none
90.726,0.21648,-0.64331,0.81064,0,10,0,FALLBACK,-0.4907,0.100,1.0580,0,none
90.775,0.01844,-1.66359,0.71383,0,10,0,FALLBACK,-0.3025,0.100,1.0605,0,none
90.826,-0.18945,-0.88506,0.56093,0,10,0,FALLBACK,-0.1050,0.100,1.0631,0,none
90.874,-0.40099,-1.19347,0.54655,0,10,0,FALLBACK,0.0959,0.100,1.0655,0,none
90.925,-0.61055,-1.81902,0.48666,0,10,0,FALLBACK,0.2950,0.100,1.0672,0,none
90.976,-0.76071,-3.21276,0.58579,0,10,0,FALLBACK,0.4377,0.100,1.0679,0,none
91.027,-0.97960,-3.52324,0.83061,0,10,0,FALLBACK,0.6456,0.100,1.0682,0,none
91.074,-1.18164,-2.72493,1.18896,0,10,0,FALLBACK,0.8376,0.100,1.0667,0,none
91.126,-1.35893,0.37563,2.24481,0,10,0,FALLBACK,1.0000,0.100,1.0637,0,none
91.175,-1.50652,0.47373,2.11495,0,10,0,FALLBACK,1.0000,0.100,1.0607,0,none
91.227,-1.62037,0.59231,1.54740,0,10,0,FALLBACK,1.0000,0.100,1.0577,0,none
91.275,-1.67353,-0.51372,1.83356,0,10,0,FALLBACK,1.0000,0.100,1.0565,0,none
91.327,-1.75951,-2.65825,1.05734,0,10,0,FALLBACK,1.0000,0.100,1.0554,0,none
91.377,-1.81567,-2.30652,0.81278,0,10,0,FALLBACK,1.0000,0.100,1.0543,0,none
91.427,-1.84186,-2.97204,0.44910,0,10,0,FALLBACK,1.0000,0.100,1.0533,0,none
91.477,-1.83801,-2.62562,0.41987,0,10,0,FALLBACK,1.0000,0.100,1.0522,0,none
91.528,-1.76565,-2.55729,0.95799,0,10,0,FALLBACK,1.0000,0.100,1.0512,0,none
91.577,-1.73871,-2.09571,0.55789,0,10,0,FALLBACK,1.0000,0.100,1.0502,0,none
91.631,-1.68211,-3.10091,0.65734,0,10,0,FALLBACK,1.0000,0.100,1.0492,0,none
91.679,-1.59616,-2.56180,0.55387,0,10,0,FALLBACK,1.0000,0.100,1.0483,0,none
91.727,-1.48146,-2.81601,0.43233,0,10,0,FALLBACK,1.0000,0.100,1.0473,0,none
91.779,-1.30093,-3.59733,0.66963,0,10,0,FALLBACK,0.9509,0.100,1.0464,0,none
91.829,-1.15842,-3.11410,0.66884,0,10,0,FALLBACK,0.8155,0.100,1.0460,0,none
91.879,-0.99097,-4.01569,0.74986,0,10,0,FALLBACK,0.6564,0.100,1.0471,0,none
91.929,-0.80434,-4.24221,0.70153,0,10,0,FALLBACK,0.4791,0.100,1.0496,0,none
91.980,-0.60360,-4.92653,0.75027,0,10,0,FALLBACK,0.2884,0.100,1.0527,0,none
92.030,-0.39365,-4.97210,0.73442,0,10,0,FALLBACK,0.0890,0.100,1.0557,0,none
92.078,-0.16150,-4.93249,1.01208,0,10,0,FALLBACK,-0.1316,0.100,1.0585,0,none
92.130,0.03052,-4.58658,0.79656,0,10,0,FALLBACK,-0.3140,0.100,1.0604,0,none
92.178,0.21440,-5.08892,0.60246,0,10,0,FALLBACK,-0.4887,0.100,1.0614,0,none
92.229,0.38518,-4.84354,1.44759,0,10,0,FALLBACK,-0.6509,0.100,1.0616,0,none
92.265,0.53749,-5.09076,0.81585,0,10,0,FALLBACK,-0.7956,0.100,1.0609,0,none
92.315,0.68485,-5.03438,0.79268,0,10,0,FALLBACK,-0.9356,0.100,1.0581,0,none
92.363,0.75721,-4.96916,1.06648,0,10,0,FALLBACK,-1.0000,0.100,1.0551,0,none
92.414,0.79674,-4.65953,0.87329,0,10,0,FALLBACK,-1.0000,0.100,1.0527,0,none
92.465,0.80458,-4.24644,0.71284,0,10,0,FALLBACK,-1.0000,0.100,1.0514,0,none
92.517,0.78246,-3.96777,0.50310,0,10,0,FALLBACK,-1.0000,0.100,1.0505,0,none
92.565,0.74233,-3.27614,0.42763,0,10,0,FALLBACK,-0.9902,0.100,1.0495,0,none
92.614,0.64137,-2.80741,0.36941,0,10,0,FALLBACK,-0.8943,0.100,1.0488,0,none
92.665,0.51392,-1.36511,0.68650,0,10,0,FALLBACK,-0.7732,0.100,1.0497,0,none
92.716,0.36511,0.43456,0.20655,1,10,1,FALLBACK,-0.6319,0.100,1.0516,0,none
92.766,0.19928,0.20300,0.15918,1,10,2,FALLBACK,-0.4743,0.100,1.0542,0,none
92.819,0.03726,-0.20183,0.36702,0,10,0,FALLBACK,-0.3204,0.100,1.0570,0,none
92.867,-0.17474,-1.25964,0.57970,0,10,0,FALLBACK,-0.1190,0.100,1.0595,0,none
92.917,-0.39153,-1.15336,0.37876,0,10,0,FALLBACK,0.0870,0.100,1.0619,0,none
92.967,-0.60669,-2.06308,0.60692,0,10,0,FALLBACK,0.2914,0.100,1.0637,0,none
93.017,-0.81423,-2.21591,0.51006,0,10,0,FALLBACK,0.4885,0.100,1.0644,0,none
93.067,-0.98426,-2.11643,0.86901,0,10,0,FALLBACK,0.6501,0.100,1.0640,0,none
93.118,-1.17966,-0.63273,1.52146,0,10,0,FALLBACK,0.8357,0.100,1.0629,0,none
93.167,-1.35117,2.00971,1.54729,0,10,0,FALLBACK,0.9986,0.100,1.0602,0,none
93.217,-1.49219,1.15889,1.65989,0,10,0,FALLBACK,1.0000,0.100,1.0563,0,none
93.269,-1.59930,0.73395,1.63682,0,10,0,FALLBACK,1.0000,0.100,1.0541,0,none
93.319,-1.66348,0.77738,1.23752,0,10,0,FALLBACK,1.0000,0.100,1.0530,0,none
93.368,-1.72172,-1.82115,0.82805,0,10,0,FALLBACK,1.0000,0.100,1.0519,0,none
93.419,-1.75012,-2.26016,0.37210,0,10,0,FALLBACK,1.0000,0.100,1.0509,0,none
93.467,-1.74861,-1.96106,0.81645,0,10,0,FALLBACK,1.0000,0.100,1.0499,0,none
93.519,-1.71731,-2.53733,0.37652,0,10,0,FALLBACK,1.0000,0.100,1.0490,0,none
93.569,-1.66151,-3.06368,0.72050,0,10,0,FALLBACK,1.0000,0.100,1.0480,0,none
93.617,-1.56648,-2.67778,0.50693,0,10,0,FALLBACK,1.0000,0.100,1.0471,0,none
93.669,-1.44292,-3.28791,0.49280,0,10,0,FALLBACK,1.0000,0.100,1.0462,0,none
93.721,-1.29149,-3.35832,0.60861,0,10,0,FALLBACK,0.9419,0.100,1.0452,0,none
93.768,-1.11342,-4.79954,0.84572,0,10,0,FALLBACK,0.7728,0.100,1.0452,0,none
93.819,-0.92158,-3.74753,0.97859,0,10,0,FALLBACK,0.5905,0.100,1.0477,0,none
93.870,-0.70069,-4.11667,0.47939,0,10,0,FALLBACK,0.3807,0.100,1.0504,0,none
93.920,-0.46916,-5.12517,1.02292,0,10,0,FALLBACK,0.1607,0.100,1.0535,0,none
93.970,-0.23293,-5.12999,1.11197,0,10,0,FALLBACK,-0.0637,0.100,1.0564,0,none
94.021,0.00227,-4.97635,1.42856,0,10,0,FALLBACK,-0.2872,0.100,1.0584,0,none
94.071,0.23032,-5.25776,1.27728,0,10,0,FALLBACK,-0.5038,0.100,1.0593,0,none
94.120,0.43882,-5.28505,0.93547,0,10,0,FALLBACK,-0.7019,0.100,1.0589,0,none
94.170,0.64000,-4.44231,1.15780,0,10,0,FALLBACK,-0.8930,0.100,1.0572,0,none
94.223,0.81517,-4.98494,1.12823,0,10,0,FALLBACK,-1.0000,0.100,1.0541,0,none
94.272,0.95893,-3.96534,0.63398,0,10,0,FALLBACK,-1.0000,0.100,1.0510,0,none
94.322,1.07068,-4.80671,0.88748,0,10,0,FALLBACK,-1.0000,0.100,1.0494,0,none
94.373,1.14239,-3.89070,0.80170,0,10,0,FALLBACK,-1.0000,0.100,1.0484,0,none
94.424,1.20699,-4.73974,0.94783,0,10,0,FALLBACK,-1.0000,0.100,1.0475,0,none
94.471,1.24206,-3.85689,0.89503,0,10,0,FALLBACK,-1.0000,0.100,1.0466,0,none
94.520,1.24749,-4.02533,1.06552,0,10,0,FALLBACK,-1.0000,0.100,1.0457,0,none
94.575,1.22337,-4.57524,0.84437,0,10,0,FALLBACK,-1.0000,0.100,1.0448,0,none
94.623,1.16091,-4.91581,0.99218,0,10,0,FALLBACK,-1.0000,0.100,1.0440,0,none
94.675,1.08926,-4.05982,0.42217,0,10,0,FALLBACK,-1.0000,0.100,1.0431,0,none
94.723,0.98890,-3.91522,0.83025,0,10,0,FALLBACK,-1.0000,0.100,1.0423,0,none
94.773,0.86039,-3.11570,0.44369,0,10,0,FALLBACK,-1.0000,0.100,1.0415,0,none
94.823,0.70447,-2.71464,0.65569,0,10,0,FALLBACK,-0.9542,0.100,1.0407,0,none
94.875,0.50673,-0.40074,0.75103,0,10,0,FALLBACK,-0.7664,0.100,1.0406,0,none
94.922,0.31629,0.23237,0.36762,0,10,0,FALLBACK,-0.5855,0.100,1.0425,0,none
94.973,0.11074,-0.21129,0.68298,0,10,0,FALLBACK,-0.3902,0.100,1.0456,0,none
95.024,-0.10512,-0.93062,0.71376,0,10,0,FALLBACK,-0.1851,0.100,1.0487,0,none
95.074,-0.32627,-0.46437,0.22682,1,10,1,FALLBACK,0.0250,0.100,1.0515,0,none
95.128,-0.57235,-1.00916,0.39777,0,10,0,FALLBACK,0.2587,0.100,1.0536,0,none
95.175,-0.77148,-1.03672,0.37157,0,10,0,FALLBACK,0.4479,0.100,1.0545,0,none
95.225,-0.95738,-1.68678,0.40804,0,10,0,FALLBACK,0.6245,0.100,1.0545,0,none
95.275,-1.12498,-1.90651,0.60023,0,10,0,FALLBACK,0.7837,0.100,1.0536,0,none
95.326,-1.26909,-2.07714,0.59683,0,10,0,FALLBACK,0.9206,0.100,1.0517,0,none
95.375,-1.38492,-1.21758,1.44672,0,10,0,FALLBACK,1.0000,0.100,1.0491,0,none
95.428,-1.47873,-0.60872,1.25355,0,10,0,FALLBACK,1.0000,0.100,1.0470,0,none
95.476,-1.51256,-0.39525,1.33328,0,10,0,FALLBACK,1.0000,0.100,1.0452,0,none
95.527,-1.51631,-1.80611,0.81239,0,10,0,FALLBACK,1.0000,0.100,1.0442,0,none
95.576,-1.49052,-2.94723,0.82519,0,10,0,FALLBACK,1.0000,0.100,1.0434,0,none
95.625,-1.46046,-2.22653,0.61317,0,10,0,FALLBACK,1.0000,0.100,1.0425,0,none
95.677,-1.35434,-3.10333,0.59749,0,10,0,FALLBACK,1.0000,0.100,1.0417,0,none
95.727,-1.22021,-3.95099,0.56069,0,10,0,FALLBACK,0.8742,0.100,1.0408,0,none
95.778,-1.05900,-4.69135,0.55669,0,10,0,FALLBACK,0.7210,0.100,1.0412,0,none
95.827,-0.87684,-4.34932,1.06723,0,10,0,FALLBACK,0.5480,0.100,1.0435,0,none
95.879,-0.71054,-4.71505,0.88717,0,10,0,FALLBACK,0.3900,0.100,1.0465,0,none
95.928,-0.47826,-5.51308,1.14019,0,10,0,FALLBACK,0.1693,0.100,1.0496,0,none
95.977,-0.23917,-5.75765,0.97944,0,10,0,FALLBACK,-0.0578,0.100,1.0525,0,none
96.029,0.00055,-5.30225,0.71479,0,10,0,FALLBACK,-0.2855,0.100,1.0548,0,none
96.079,0.23446,-4.93022,0.71099,0,10,0,FALLBACK,-0.5077,0.100,1.0560,0,none
96.127,0.45624,-5.40229,0.99471,0,10,0,FALLBACK,-0.7184,0.100,1.0559,0,none
96.177,0.63561,-4.23978,0.78322,0,10,0,FALLBACK,-0.8888,0.100,1.0543,0,none
96.227,0.83806,-4.48951,0.97879,0,10,0,FALLBACK,-1.0000,0.100,1.0516,0,none
96.279,1.01120,-3.70037,0.69326,0,10,0,FALLBACK,-1.0000,0.100,1.0485,0,none
96.329,1.15290,-3.54612,0.48144,0,10,0,FALLBACK,-1.0000,0.100,1.0463,0,none
96.379,1.26563,-3.51705,0.88393,0,10,0,FALLBACK,-1.0000,0.100,1.0454,0,none
96.428,1.31928,-3.26419,0.58163,0,10,0,FALLBACK,-1.0000,0.100,1.0445,0,none
96.480,1.40109,-3.53376,0.70214,0,10,0,FALLBACK,-1.0000,0.100,1.0437,0,none
96.530,1.45374,-3.37250,0.73267,0,10,0,FALLBACK,-1.0000,0.100,1.0429,0,none
96.578,1.47708,-4.02224,0.60594,0,10,0,FALLBACK,-1.0000,0.100,1.0420,0,none
96.630,1.47103,-3.94274,0.78282,0,10,0,FALLBACK,-1.0000,0.100,1.0412,0,none
96.663,1.40694,-4.11971,0.81960,0,10,0,FALLBACK,-1.0000,0.100,1.0404,0,none
96.712,1.36728,-4.52946,0.86101,0,10,0,FALLBACK,-1.0000,0.100,1.0397,0,none
96.765,1.29865,-4.84300,1.05039,0,10,0,FALLBACK,-1.0000,0.100,1.0389,0,none
96.814,1.20150,-3.91077,0.50662,0,10,0,FALLBACK,-1.0000,0.100,1.0381,0,none
96.864,1.07636,-3.87471,0.71704,0,10,0,FALLBACK,-1.0000,0.100,1.0374,0,none
96.912,0.88543,-3.14012,0.52207,0,10,0,FALLBACK,-1.0000,0.100,1.0367,0,none
96.966,0.73295,-2.79099,0.55993,0,10,0,FALLBACK,-0.9813,0.100,1.0360,0,none
97.014,0.55426,0.10352,0.63358,0,10,0,FALLBACK,-0.8115,0.100,1.0356,0,none
97.064,0.35310,0.67375,0.28046,1,10,1,FALLBACK,-0.6204,0.100,1.0378,0,none
97.114,0.13697,-1.39339,0.96160,0,10,0,FALLBACK,-0.4151,0.100,1.0410,0,none
97.166,-0.08883,-1.21912,0.78456,0,10,0,FALLBACK,-0.2006,0.100,1.0443,0,none
97.213,-0.34054,-0.77601,0.45832,0,10,0,FALLBACK,0.0385,0.100,1.0471,0,none
97.264,-0.54763,-0.87686,0.36422,0,10,0,FALLBACK,0.2353,0.100,1.0489,0,none
97.315,-0.74768,-1.51249,0.42369,0,10,0,FALLBACK,0.4253,0.100,1.0501,0,none
97.366,-0.93501,-1.54920,0.48793,0,10,0,FALLBACK,0.6033,0.100,1.0502,0,none
97.416,-1.10390,-2.38809,0.44225,0,10,0,FALLBACK,0.7637,0.100,1.0493,0,none
97.465,-1.26799,-1.62513,0.83213,0,10,0,FALLBACK,0.9196,0.100,1.0474,0,none
97.516,-1.36883,-2.44702,0.83321,0,10,0,FALLBACK,1.0000,0.100,1.0444,0,none
97.567,-1.43743,-1.71760,1.19018,0,10,0,FALLBACK,1.0000,0.100,1.0418,0,none
97.614,-1.47464,-2.06505,0.48998,0,10,0,FALLBACK,1.0000,0.100,1.0406,0,none
97.667,-1.48246,-2.51812,0.38105,0,10,0,FALLBACK,1.0000,0.100,1.0398,0,none
97.717,-1.47659,-2.74160,0.57500,0,10,0,FALLBACK,1.0000,0.100,1.0390,0,none
97.767,-1.40845,-2.38847,0.40632,0,10,0,FALLBACK,1.0000,0.100,1.0383,0,none
97.815,-1.31179,-3.49949,0.47634,0,10,0,FALLBACK,0.9612,0.100,1.0375,0,none
97.868,-1.18773,-2.62775,0.56613,0,10,0,FALLBACK,0.8433,0.100,1.0375,0,none
97.916,-1.03983,-4.12355,0.51792,0,10,0,FALLBACK,0.7028,0.100,1.0392,0,none
97.967,-0.88449,-3.93350,0.42941,0,10,0,FALLBACK,0.5553,0.100,1.0418,0,none
98.015,-0.69196,-4.20716,0.90398,0,10,0,FALLBACK,0.3724,0.100,1.0448,0,none
98.066,-0.48983,-4.39141,0.86188,0,10,0,FALLBACK,0.1803,0.100,1.0479,0,none
98.116,-0.28345,-4.97684,1.06679,0,10,0,FALLBACK,-0.0157,0.100,1.0507,0,none
98.167,-0.07808,-5.41497,0.83214,0,10,0,FALLBACK,-0.2108,0.100,1.0529,0,none
98.216,0.10415,-5.08519,1.16007,0,10,0,FALLBACK,-0.3839,0.100,1.0542,0,none
98.267,0.30417,-5.22601,0.87580,0,10,0,FALLBACK,-0.5740,0.100,1.0548,0,none
98.315,0.48732,-5.17156,1.26127,0,10,0,FALLBACK,-0.7480,0.100,1.0540,0,none
98.367,0.64742,-4.73259,1.03206,0,10,0,FALLBACK,-0.9001,0.100,1.0522,0,none
98.417,0.78085,-4.80000,1.05315,0,10,0,FALLBACK,-1.0000,0.100,1.0499,0,none
98.469,0.85403,-4.68447,0.67192,0,10,0,FALLBACK,-1.0000,0.100,1.0471,0,none
98.517,0.94539,-4.57116,0.87269,0,10,0,FALLBACK,-1.0000,0.100,1.0456,0,none
98.568,1.00729,-4.19095,0.77794,0,10,0,FALLBACK,-1.0000,0.100,1.0447,0,none
98.617,1.03989,-4.61539,0.95457,0,10,0,FALLBACK,-1.0000,0.100,1.0438,0,none
98.668,1.04299,-4.79327,0.62641,0,10,0,FALLBACK,-1.0000,0.100,1.0430,0,none
98.718,0.98228,-4.60273,0.93107,0,10,0,FALLBACK,-1.0000,0.100,1.0422,0,none
98.770,0.95247,-4.37059,0.92224,0,10,0,FALLBACK,-1.0000,0.100,1.0414,0,none
98.819,0.89348,-4.04384,0.56902,0,10,0,FALLBACK,-1.0000,0.100,1.0406,0,none
98.870,0.80576,-4.15055,0.55000,0,10,0,FALLBACK,-1.0000,0.100,1.0398,0,none
98.920,0.68978,-3.39764,0.52381,0,10,0,FALLBACK,-0.9403,0.100,1.0390,0,none
98.969,0.51133,-3.13246,0.37234,0,10,0,FALLBACK,-0.7708,0.100,1.0392,0,none
99.019,0.36849,-2.75918,0.63500,0,10,0,FALLBACK,-0.6351,0.100,1.0411,0,none
99.070,0.20915,-1.15346,0.83736,0,10,0,FALLBACK,-0.4837,0.100,1.0439,0,none
99.118,0.03650,-1.22706,0.70641,0,10,0,FALLBACK,-0.3197,0.100,1.0467,0,none
99.170,-0.14526,-1.95858,0.78598,0,10,0,FALLBACK,-0.1470,0.100,1.0496,0,none
99.223,-0.33151,-2.27295,0.79715,0,10,0,FALLBACK,0.0299,0.100,1.0522,0,none
99.270,-0.53782,-1.16624,0.34159,0,10,0,FALLBACK,0.2259,0.100,1.0543,0,none
99.320,-0.69107,-1.57762,0.57161,0,10,0,FALLBACK,0.3715,0.100,1.0555,0,none
99.371,-0.83263,-1.27242,0.33840,0,10,0,FALLBACK,0.5060,0.100,1.0562,0,none
99.420,-0.95768,-1.51940,0.31931,0,10,0,FALLBACK,0.6248,0.100,1.0561,0,none
99.472,-1.06366,-1.90235,0.39970,0,10,0,FALLBACK,0.7255,0.100,1.0560,0,none
99.522,-1.16104,-1.84299,0.52130,0,10,0,FALLBACK,0.8180,0.100,1.0553,0,none
99.571,-1.19288,-3.24265,0.58552,0,10,0,FALLBACK,0.8482,0.100,1.0541,0,none
99.621,-1.19709,-3.16954,0.41493,0,10,0,FALLBACK,0.8522,0.100,1.0533,0,none
99.674,-1.17458,-2.88459,0.47173,0,10,0,FALLBACK,0.8309,0.100,1.0530,0,none
99.722,-1.15986,-3.94974,0.44611,0,10,0,FALLBACK,0.8169,0.100,1.0533,0,none
99.773,-1.05779,-3.23078,0.60088,0,10,0,FALLBACK,0.7199,0.100,1.0537,0,none
99.824,-0.93227,-4.46704,0.85558,0,10,0,FALLBACK,0.6007,0.100,1.0540,0,none
99.874,-0.78778,-4.28907,0.58451,0,10,0,FALLBACK,0.4634,0.100,1.0570,0,none
99.923,-0.63034,-4.52074,1.06781,0,10,0,FALLBACK,0.3138,0.100,1.0597,0,none
99.974,-0.48837,-4.93730,1.11380,0,10,0,FALLBACK,0.1790,0.100,1.0625,0,none
100.025,-0.29340,-5.42901,0.95671,0,10,0,FALLBACK,-0.0063,0.100,1.0650,0,none
100.073,-0.09708,-5.61433,0.84887,0,10,0,FALLBACK,-0.1928,0.100,1.0671,0,none
100.126,0.09449,-5.03601,0.90052,0,10,0,FALLBACK,-0.3748,0.100,1.0685,0,none
100.174,0.27560,-5.95696,0.99431,0,10,0,FALLBACK,-0.5468,0.100,1.0690,0,none
100.224,0.41690,-5.48805,1.06478,0,10,0,FALLBACK,-0.6811,0.100,1.0686,0,none
100.274,0.57973,-4.99016,1.39509,0,10,0,FALLBACK,-0.8357,0.100,1.0676,0,none
100.325,0.71772,-5.54630,1.14161,0,10,0,FALLBACK,-0.9668,0.100,1.0654,0,none
100.375,0.82541,-4.64585,0.93094,0,10,0,FALLBACK,-1.0000,0.100,1.0623,0,none
100.425,0.89993,-4.97756,0.93022,0,10,0,FALLBACK,-1.0000,0.100,1.0601,0,none
100.474,0.92758,-4.88761,1.10280,0,10,0,FALLBACK,-1.0000,0.100,1.0587,0,none
100.526,0.95403,-5.05605,1.19775,0,10,0,FALLBACK,-1.0000,0.100,1.0576,0,none
100.575,0.95022,-4.80138,0.89149,0,10,0,FALLBACK,-1.0000,0.100,1.0565,0,none
100.627,0.91631,-5.04806,0.95351,0,10,0,FALLBACK,-1.0000,0.100,1.0554,0,none
100.675,0.85249,-4.30621,0.66182,0,10,0,FALLBACK,-1.0000,0.100,1.0544,0,none
100.727,0.74132,-4.07496,0.75082,0,10,0,FALLBACK,-0.9893,0.100,1.0533,0,none
100.776,0.63674,-3.44494,0.38081,0,10,0,FALLBACK,-0.8899,0.100,1.0525,0,none
100.827,0.50423,-3.09782,0.41827,0,10,0,FALLBACK,-0.7640,0.100,1.0526,0,none
100.877,0.34879,-0.24736,0.52661,0,10,0,FALLBACK,-0.6163,0.100,1.0542,0,none
100.927,0.17507,-2.36050,0.85125,0,10,0,FALLBACK,-0.4513,0.100,1.0567,0,none
100.978,-0.02563,-1.99091,0.74802,0,10,0,FALLBACK,-0.2607,0.100,1.0594,0,none
101.026,-0.21155,-1.72537,0.97888,0,10,0,FALLBACK,-0.0840,0.100,1.0622,0,none
101.076,-0.40101,-1.64832,0.58178,0,10,0,FALLBACK,0.0960,0.100,1.0647,0,none
101.127,-0.58930,-1.41362,0.29695,0,10,0,FALLBACK,0.2748,0.100,1.0666,0,none
101.180,-0.77123,-2.16999,0.53278,0,10,0,FALLBACK,0.4477,0.100,1.0677,0,none
101.227,-0.95204,-1.66822,0.47153,0,10,0,FALLBACK,0.6194,0.100,1.0679,0,none
101.276,-1.09676,-1.84306,0.69523,0,10,0,FALLBACK,0.7569,0.100,1.0672,0,none
101.327,-1.21832,-2.43177,0.64097,0,10,0,FALLBACK,0.8724,0.100,1.0656,0,none
101.379,-1.31286,-2.50576,0.61200,0,10,0,FALLBACK,0.9622,0.100,1.0635,0,none
101.428,-1.37722,-1.87086,0.83992,0,10,0,FALLBACK,1.0000,0.100,1.0610,0,none
101.479,-1.41458,-2.18927,0.37020,0,10,0,FALLBACK,1.0000,0.100,1.0587,0,none
101.530,-1.41010,-3.43263,0.75400,0,10,0,FALLBACK,1.0000,0.100,1.0571,0,none
101.579,-1.37518,-2.64414,0.43289,0,10,0,FALLBACK,1.0000,0.100,1.0560,0,none
101.629,-1.31034,-2.93778,0.36272,0,10,0,FALLBACK,0.9598,0.100,1.0549,0,none
101.681,-1.21606,-3.32164,0.36004,0,10,0,FALLBACK,0.8703,0.100,1.0542,0,none
101.728,-1.10373,-3.37973,0.62254,0,10,0,FALLBACK,0.7635,0.100,1.0547,0,none
101.763,-0.95011,-4.40293,0.69656,0,10,0,FALLBACK,0.6176,0.100,1.0563,0,none
101.812,-0.77956,-4.33239,0.60301,0,10,0,FALLBACK,0.4556,0.100,1.0594,0,none
101.863,-0.59718,-4.91529,0.96238,0,10,0,FALLBACK,0.2823,0.100,1.0623,0,none
101.916,-0.40736,-5.08123,1.19268,0,10,0,FALLBACK,0.1020,0.100,1.0651,0,none
101.967,-0.21855,-5.40962,0.84653,0,10,0,FALLBACK,-0.0774,0.100,1.0675,0,none
102.016,-0.02572,-5.81279,1.02269,0,10,0,FALLBACK,-0.2606,0.100,1.0694,0,none
102.067,0.15914,-5.18209,1.28386,0,10,0,FALLBACK,-0.4362,0.100,1.0703,0,none
102.117,0.33039,-5.05530,0.88620,0,10,0,FALLBACK,-0.5989,0.100,1.0703,0,none
102.166,0.48514,-5.67971,1.13624,0,10,0,FALLBACK,-0.7459,0.100,1.0704,0,none
102.216,0.61394,-5.51525,1.02644,0,10,0,FALLBACK,-0.8682,0.100,1.0679,0,none
102.265,0.71774,-5.22566,0.76567,0,10,0,FALLBACK,-0.9669,0.100,1.0656,0,none
102.315,0.79033,-5.00329,0.88582,0,10,0,FALLBACK,-1.0000,0.100,1.0628,0,none
102.366,0.83032,-5.23000,1.33854,0,10,0,FALLBACK,-1.0000,0.100,1.0608,0,none
102.418,0.83896,-4.86168,0.68890,0,10,0,FALLBACK,-1.0000,0.100,1.0595,0,none
102.466,0.81816,-4.72803,1.06426,0,10,0,FALLBACK,-1.0000,0.100,1.0584,0,none
102.517,0.76519,-3.98343,0.95342,0,10,0,FALLBACK,-1.0000,0.100,1.0573,0,none
102.567,0.68247,-3.81330,0.51499,0,10,0,FALLBACK,-0.9333,0.100,1.0562,0,none
102.619,0.57100,-3.18042,0.44221,0,10,0,FALLBACK,-0.8275,0.100,1.0561,0,none
102.667,0.43498,-2.43709,0.43105,0,10,0,FALLBACK,-0.6982,0.100,1.0573,0,none
102.717,0.27494,0.03016,0.32635,0,10,0,FALLBACK,-0.5462,0.100,1.0594,0,none
102.767,0.10738,-0.92291,0.62911,0,10,0,FALLBACK,-0.3870,0.100,1.0620,0,none
102.819,-0.07139,-1.35848,0.85222,0,10,0,FALLBACK,-0.2172,0.100,1.0647,0,none
102.869,-0.25689,-1.06126,0.59758,0,10,0,FALLBACK,-0.0410,0.100,1.0673,0,none
102.917,-0.44419,-0.84535,0.36383,0,10,0,FALLBACK,0.1370,0.100,1.0694,0,none
102.971,-0.63572,-1.24374,0.41100,0,10,0,FALLBACK,0.3189,0.100,1.0709,0,none
103.019,-0.80342,-1.16465,0.48406,0,10,0,FALLBACK,0.4782,0.100,1.0716,0,none
103.068,-0.95657,-1.42137,0.44652,0,10,0,FALLBACK,0.6237,0.100,1.0715,0,none
103.119,-1.09044,-1.70340,0.58573,0,10,0,FALLBACK,0.7509,0.100,1.0706,0,none
103.171,-1.20060,-1.46448,0.44512,0,10,0,FALLBACK,0.8556,0.100,1.0692,0,none
103.221,-1.29046,-1.51612,1.21097,0,10,0,FALLBACK,0.9409,0.100,1.0672,0,none
103.270,-1.33439,-2.01397,0.58755,0,10,0,FALLBACK,0.9827,0.100,1.0649,0,none
103.323,-1.34684,-2.28520,0.72856,0,10,0,FALLBACK,0.9945,0.100,1.0635,0,none
103.369,-1.32826,-2.45239,0.57385,0,10,0,FALLBACK,0.9768,0.100,1.0614,0,none
103.420,-1.27879,-2.83881,0.68152,0,10,0,FALLBACK,0.9298,0.100,1.0604,0,none
103.472,-1.20692,-3.84167,0.61072,0,10,0,FALLBACK,0.8616,0.100,1.0603,0,none
103.521,-1.09021,-2.99056,0.38889,0,10,0,FALLBACK,0.7507,0.100,1.0609,0,none
103.570,-0.95086,-4.49386,0.73517,0,10,0,FALLBACK,0.6183,0.100,1.0625,0,none
103.620,-0.79325,-4.76009,0.82407,0,10,0,FALLBACK,0.4686,0.100,1.0647,0,none
103.671,-0.63386,-4.79392,0.99994,0,10,0,FALLBACK,0.3172,0.100,1.0674,0,none
103.721,-0.44495,-4.68524,0.75819,0,10,0,FALLBACK,0.1377,0.100,1.0701,0,none
103.774,-0.25107,-4.84843,0.79679,0,10,0,FALLBACK,-0.0465,0.100,1.0725,0,none
103.824,-0.05771,-6.16787,1.34702,0,10,0,FALLBACK,-0.2302,0.100,1.0745,0,none
103.873,0.12965,-5.62322,1.28976,0,10,0,FALLBACK,-0.4082,0.100,1.0757,0,none
103.922,0.30531,-5.46283,0.99601,0,10,0,FALLBACK,-0.5750,0.100,1.0759,0,none
103.972,0.45442,-5.30845,1.02749,0,10,0,FALLBACK,-0.7167,0.100,1.0753,0,none
104.022,0.60506,-5.67871,1.07768,0,10,0,FALLBACK,-0.8598,0.100,1.0739,0,none
104.073,0.72914,-5.15618,1.07841,0,10,0,FALLBACK,-0.9777,0.100,1.0715,0,none
104.123,0.82203,-4.72657,0.99724,0,10,0,FALLBACK,-1.0000,0.100,1.0684,0,none
104.174,0.88136,-4.64256,0.68469,0,10,0,FALLBACK,-1.0000,0.100,1.0661,0,none
104.224,0.90316,-4.69697,0.64147,0,10,0,FALLBACK,-1.0000,0.100,1.0647,0,none
104.276,0.91275,-5.22734,0.85977,0,10,0,FALLBACK,-1.0000,0.100,1.0635,0,none
104.324,0.89175,-4.96665,0.81773,0,10,0,FALLBACK,-1.0000,0.100,1.0623,0,none
104.373,0.84038,-4.94116,0.83650,0,10,0,FALLBACK,-1.0000,0.100,1.0611,0,none
104.424,0.73583,-4.26032,0.56132,0,10,0,FALLBACK,-0.9840,0.100,1.0600,0,none
104.474,0.64259,-3.68142,0.37105,0,10,0,FALLBACK,-0.8955,0.100,1.0591,0,none
104.524,0.52164,-3.63740,0.38392,0,10,0,FALLBACK,-0.7806,0.100,1.0595,0,none
104.575,0.37771,-3.31995,0.64483,0,10,0,FALLBACK,-0.6438,0.100,1.0610,0,none
104.625,0.21511,-1.90846,1.01056,0,10,0,FALLBACK,-0.4894,0.100,1.0633,0,none
104.676,0.01828,-0.64274,0.61723,0,10,0,FALLBACK,-0.3024,0.100,1.0659,0,none
104.724,-0.15446,-1.84666,0.78822,0,10,0,FALLBACK,-0.1383,0.100,1.0686,0,none
104.775,-0.33122,-2.18228,0.72959,0,10,0,FALLBACK,0.0297,0.100,1.0710,0,none
104.825,-0.50767,-1.81549,0.64284,0,10,0,FALLBACK,0.1973,0.100,1.0729,0,none
104.876,-0.67891,-1.48120,0.42523,0,10,0,FALLBACK,0.3600,0.100,1.0742,0,none
104.925,-0.83979,-1.62492,0.52293,0,10,0,FALLBACK,0.5128,0.100,1.0747,0,none
104.976,-0.98994,-2.07932,0.92199,0,10,0,FALLBACK,0.6554,0.100,1.0744,0,none
105.026,-1.10407,-2.57714,0.63693,0,10,0,FALLBACK,0.7639,0.100,1.0734,0,none
105.074,-1.19335,-1.84193,0.44991,0,10,0,FALLBACK,0.8487,0.100,1.0719,0,none
105.126,-1.25514,-1.89470,0.47707,0,10,0,FALLBACK,0.9074,0.100,1.0703,0,none
105.176,-1.30029,-2.17470,0.52503,0,10,0,FALLBACK,0.9503,0.100,1.0686,0,none
105.225,-1.29095,-3.15363,0.49203,0,10,0,FALLBACK,0.9414,0.100,1.0669,0,none
105.276,-1.25117,-2.49264,0.50910,0,10,0,FALLBACK,0.9036,0.100,1.0658,0,none
105.326,-1.18304,-3.36755,0.61798,0,10,0,FALLBACK,0.8389,0.100,1.0656,0,none
105.376,-1.08862,-2.96257,0.42512,0,10,0,FALLBACK,0.7492,0.100,1.0659,0,none
105.424,-0.97723,-3.66455,0.45195,0,10,0,FALLBACK,0.6434,0.100,1.0674,0,none
105.477,-0.83372,-4.29106,0.68568,0,10,0,FALLBACK,0.5070,0.100,1.0693,0,none
105.527,-0.67385,-4.39954,0.53771,0,10,0,FALLBACK,0.3552,0.100,1.0714,0,none
105.579,-0.50180,-4.56200,0.96543,0,10,0,FALLBACK,0.1917,0.100,1.0740,0,none
105.630,-0.32220,-5.34273,1.20879,0,10,0,FALLBACK,0.0211,0.100,1.0763,0,none
105.677,-0.14139,-4.83394,1.09876,0,10,0,FALLBACK,-0.1507,0.100,1.0788,0,none
105.728,0.04141,-5.32550,0.80304,0,10,0,FALLBACK,-0.3243,0.100,1.0804,0,none
105.778,0.21627,-5.24755,1.12908,0,10,0,FALLBACK,-0.4905,0.100,1.0813,0,none
105.829,0.37760,-4.83043,0.87918,0,10,0,FALLBACK,-0.6437,0.100,1.0813,0,none
105.878,0.51993,-5.20496,0.94681,0,10,0,FALLBACK,-0.7789,0.100,1.0804,0,none
105.928,0.63036,-5.39564,1.18415,0,10,0,FALLBACK,-0.8838,0.100,1.0787,0,none
105.979,0.72964,-4.94409,0.69139,0,10,0,FALLBACK,-0.9782,0.100,1.0765,0,none
106.027,0.79807,-4.62925,1.15880,0,10,0,FALLBACK,-1.0000,0.100,1.0738,0,none
106.079,0.83317,-4.82475,0.87924,0,10,0,FALLBACK,-1.0000,0.100,1.0713,0,none
106.128,0.83612,-5.03666,0.79177,0,10,0,FALLBACK,-1.0000,0.100,1.0697,0,none
106.179,0.80580,-4.47483,0.67364,0,10,0,FALLBACK,-1.0000,0.100,1.0684,0,none
106.228,0.75077,-4.35875,0.87101,0,10,0,FALLBACK,-0.9982,0.100,1.0671,0,none
106.279,0.66545,-3.63547,0.80446,0,10,0,FALLBACK,-0.9172,0.100,1.0659,0,none
106.329,0.55062,-3.21158,0.53672,0,10,0,FALLBACK,-0.8081,0.100,1.0654,0,none
106.379,0.41074,-3.24139,0.38085,0,10,0,FALLBACK,-0.6752,0.100,1.0665,0,none
106.413,0.24865,-1.54689,0.87154,0,10,0,FALLBACK,-0.5212,0.100,1.0684,0,none
106.465,0.07662,-0.15497,0.40691,0,10,0,FALLBACK,-0.3578,0.100,1.0716,0,none
106.513,-0.10466,-1.32538,0.61579,0,10,0,FALLBACK,-0.1856,0.100,1.0742,0,none
106.564,-0.29094,-1.05253,0.73797,0,10,0,FALLBACK,-0.0086,0.100,1.0766,0,none
106.613,-0.47713,-0.82881,0.34850,0,10,0,FALLBACK,0.1683,0.100,1.0786,0,none
106.663,-0.66354,-0.75449,0.52594,0,10,0,FALLBACK,0.3454,0.100,1.0797,0,none
106.714,-0.82305,-0.36288,0.97329,0,10,0,FALLBACK,0.4969,0.100,1.0797,0,none
106.763,-0.96689,-0.16634,1.19106,0,10,0,FALLBACK,0.6335,0.100,1.0795,0,none
106.815,-1.09220,-0.41465,1.12306,0,10,0,FALLBACK,0.7526,0.100,1.0794,0,none
106.863,-1.19273,-0.10828,1.22154,0,10,0,FALLBACK,0.8481,0.100,1.0770,0,none
106.913,-1.26579,0.88469,0.73798,0,10,0,FALLBACK,0.9175,0.100,1.0750,0,none
106.963,-1.30445,-1.23209,0.89126,0,10,0,FALLBACK,0.9542,0.100,1.0729,0,none
107.015,-1.31194,-2.46940,0.84848,0,10,0,FALLBACK,0.9613,0.100,1.0711,0,none
107.064,-1.28864,-2.25366,0.71084,0,10,0,FALLBACK,0.9392,0.100,1.0698,0,none
107.116,-1.23925,-2.87836,0.37024,0,10,0,FALLBACK,0.8923,0.100,1.0692,0,none
107.165,-1.15593,-3.51025,0.56341,0,10,0,FALLBACK,0.8131,0.100,1.0693,0,none
107.215,-1.04800,-2.86739,0.47804,0,10,0,FALLBACK,0.7106,0.100,1.0703,0,none
107.264,-0.91905,-5.12374,0.95958,0,10,0,FALLBACK,0.5881,0.100,1.0720,0,none
107.314,-0.77295,-4.48425,1.04899,0,10,0,FALLBACK,0.4493,0.100,1.0743,0,none
107.366,-0.62358,-4.42572,0.94920,0,10,0,FALLBACK,0.3074,0.100,1.0770,0,none
107.415,-0.44867,-5.22170,0.54375,0,10,0,FALLBACK,0.1412,0.100,1.0795,0,none
107.467,-0.26942,-5.04490,0.80651,0,10,0,FALLBACK,-0.0291,0.100,1.0818,0,none
107.516,-0.09123,-5.16126,0.75969,0,10,0,FALLBACK,-0.1983,0.100,1.0836,0,none
107.566,0.08207,-5.99811,1.22607,0,10,0,FALLBACK,-0.3630,0.100,1.0848,0,none
107.618,0.24115,-5.89138,1.20490,0,10,0,FALLBACK,-0.5141,0.100,1.0853,0,none
107.667,0.39209,-5.60248,1.08720,0,10,0,FALLBACK,-0.6575,0.100,1.0850,0,none
107.718,0.52239,-5.72012,1.11474,0,10,0,FALLBACK,-0.7813,0.100,1.0840,0,none
107.769,0.62746,-5.43769,0.76689,0,10,0,FALLBACK,-0.8811,0.100,1.0822,0,none
107.818,0.70374,-5.05403,0.97054,0,10,0,FALLBACK,-0.9536,0.100,1.0800,0,none
107.869,0.74630,-5.20586,0.72887,0,10,0,FALLBACK,-0.9940,0.100,1.0776,0,none
107.919,0.76186,-5.71514,1.19752,0,10,0,FALLBACK,-1.0000,0.100,1.0753,0,none
107.970,0.74500,-4.27016,0.94909,0,10,0,FALLBACK,-0.9928,0.100,1.0736,0,none
108.019,0.69686,-4.28718,0.73731,0,10,0,FALLBACK,-0.9470,0.100,1.0723,0,none
108.068,0.61885,-3.95477,0.50729,0,10,0,FALLBACK,-0.8729,0.100,1.0717,0,none
108.119,0.51226,-3.66614,0.45750,0,10,0,FALLBACK,-0.7716,0.100,1.0727,0,none
108.167,0.39012,-2.75024,0.59868,0,10,0,FALLBACK,-0.6556,0.100,1.0736,0,none
108.219,0.24798,0.00030,0.45963,0,10,0,FALLBACK,-0.5206,0.100,1.0755,0,none
108.269,0.08993,-1.42095,0.92079,0,10,0,FALLBACK,-0.3704,0.100,1.0778,0,none
108.319,-0.07713,-1.22598,1.07652,0,10,0,FALLBACK,-0.2117,0.100,1.0806,0,none
108.371,-0.25465,-0.55756,0.93131,0,10,0,FALLBACK,-0.0431,0.100,1.0827,0,none
108.418,-0.42573,-0.33142,0.48869,0,10,0,FALLBACK,0.1194,0.100,1.0847,0,none
108.471,-0.59383,-0.48444,0.43485,0,10,0,FALLBACK,0.2791,0.100,1.0862,0,none
108.520,-0.75095,-0.92524,0.37835,0,10,0,FALLBACK,0.4284,0.100,1.0865,0,none
108.569,-0.89574,-2.52408,0.75217,0,10,0,FALLBACK,0.5660,0.100,1.0869,0,none
108.619,-1.02524,-0.47649,1.20446,0,10,0,FALLBACK,0.6890,0.100,1.0863,0,none
108.670,-1.12489,-1.20484,0.81288,0,10,0,FALLBACK,0.7836,0.100,1.0850,0,none
108.721,-1.19856,-1.51023,0.51543,0,10,0,FALLBACK,0.8536,0.100,1.0835,0,none
108.772,-1.24331,-1.48456,0.69733,0,10,0,FALLBACK,0.8961,0.100,1.0815,0,none
108.821,-1.26792,-3.25060,0.49950,0,10,0,FALLBACK,0.9195,0.100,1.0801,0,none
108.871,-1.24429,-2.56495,0.45785,0,10,0,FALLBACK,0.8971,0.100,1.0787,0,none
108.920,-1.19123,-2.64426,0.52950,0,10,0,FALLBACK,0.8467,0.100,1.0780,0,none
108.970,-1.11208,-3.42671,0.47953,0,10,0,FALLBACK,0.7715,0.100,1.0785,0,none
109.019,-1.00836,-3.25847,0.74073,0,10,0,FALLBACK,0.6729,0.100,1.0791,0,none
109.071,-0.89200,-4.58701,0.87472,0,10,0,FALLBACK,0.5624,0.100,1.0807,0,none
109.119,-0.73736,-4.21747,0.70685,0,10,0,FALLBACK,0.4155,0.100,1.0818,0,none
109.171,-0.57048,-4.32421,0.53530,0,10,0,FALLBACK,0.2570,0.100,1.0852,0,none
109.221,-0.39548,-4.54134,0.95031,0,10,0,FALLBACK,0.0907,0.100,1.0873,0,none
109.271,-0.21659,-4.99858,0.73461,0,10,0,FALLBACK,-0.0792,0.100,1.0895,0,none
109.322,-0.04968,-5.25340,0.63661,0,10,0,FALLBACK,-0.2378,0.100,1.0912,0,none
109.372,0.13229,-5.63041,1.12061,0,10,0,FALLBACK,-0.4107,0.100,1.0920,0,none
109.420,0.30329,-5.07300,0.70228,0,10,0,FALLBACK,-0.5731,0.100,1.0922,0,none
109.471,0.45694,-5.07680,0.93630,0,10,0,FALLBACK,-0.7191,0.100,1.0914,0,none
109.521,0.58753,-5.46380,0.69534,0,10,0,FALLBACK,-0.8432,0.100,1.0897,0,none
109.573,0.67721,-5.16757,0.93173,0,10,0,FALLBACK,-0.9283,0.100,1.0873,0,none
109.623,0.77062,-5.36039,0.75517,0,10,0,FALLBACK,-1.0000,0.100,1.0848,0,none
109.673,0.83152,-4.84081,0.71855,0,10,0,FALLBACK,-1.0000,0.100,1.0820,0,none
109.721,0.85872,-5.21062,1.20530,0,10,0,FALLBACK,-1.0000,0.100,1.0799,0,none
109.772,0.82241,-5.61208,1.19992,0,10,0,FALLBACK,-1.0000,0.100,1.0784,0,none
109.824,0.80944,-4.86260,0.87569,0,10,0,FALLBACK,-1.0000,0.100,1.0769,0,none
109.873,0.76520,-4.99652,1.00752,0,10,0,FALLBACK,-1.0000,0.100,1.0755,0,none
109.921,0.69005,-4.41101,0.60965,0,10,0,FALLBACK,-0.9405,0.100,1.0741,0,none
109.972,0.58615,-3.38960,0.51038,0,10,0,FALLBACK,-0.8418,0.100,1.0741,0,none
110.025,0.43331,-3.25617,0.47502,0,10,0,FALLBACK,-0.6966,0.100,1.0746,0,none
110.075,0.29788,-2.67881,0.63415,0,10,0,FALLBACK,-0.5680,0.100,1.0749,0,none
110.124,0.14420,-0.88264,0.78440,0,10,0,FALLBACK,-0.4220,0.100,1.0783,0,none
110.174,-0.02134,-1.43693,0.81711,0,10,0,FALLBACK,-0.2647,0.100,1.0808,0,none
110.223,-0.19537,-0.52917,0.29750,0,10,0,FALLBACK,-0.0994,0.100,1.0832,0,none
110.275,-0.39775,0.23893,1.13088,0,10,0,FALLBACK,0.0929,0.100,1.0854,0,none
110.324,-0.55507,0.50560,0.31308,0,10,0,FALLBACK,0.2423,0.100,1.0868,0,none
110.373,-0.70481,0.76825,0.67593,0,10,0,FALLBACK,0.3846,0.100,1.0878,0,none
110.423,-0.84275,0.27774,0.75606,0,10,0,FALLBACK,0.5156,0.100,1.0882,0,none
110.476,-0.96443,-0.38114,0.47616,0,10,0,FALLBACK,0.6312,0.100,1.0879,0,none
110.526,-1.07908,-0.15514,0.82743,0,10,0,FALLBACK,0.7401,0.100,1.0871,0,none
110.574,-1.14271,0.63299,1.12347,0,10,0,FALLBACK,0.8006,0.100,1.0857,0,none
110.625,-1.17914,-1.58471,1.33181,0,10,0,FALLBACK,0.8352,0.100,1.0844,0,none
110.674,-1.18776,-2.22904,1.26753,0,10,0,FALLBACK,0.8434,0.100,1.0833,0,none
110.727,-1.16847,-1.41522,1.23715,0,10,0,FALLBACK,0.8250,0.100,1.0826,0,none
110.777,-1.13033,-3.35045,0.38362,0,10,0,FALLBACK,0.7888,0.100,1.0823,0,none
110.827,-1.04404,-3.39964,0.53776,0,10,0,FALLBACK,0.7068,0.100,1.0826,0,none
110.876,-0.93472,-3.98363,0.93671,0,10,0,FALLBACK,0.6030,0.100,1.0837,0,none
110.927,-0.80561,-4.49881,0.67416,0,10,0,FALLBACK,0.4803,0.100,1.0851,0,none
110.976,-0.68767,-4.30071,0.68692,0,10,0,FALLBACK,0.3683,0.100,1.0872,0,none
111.026,-0.50944,-5.04210,0.88367,0,10,0,FALLBACK,0.1990,0.100,1.0895,0,none
111.078,-0.32256,-4.73869,0.90261,0,10,0,FALLBACK,0.0214,0.100,1.0918,0,none
111.127,-0.13272,-5.03544,0.56454,0,10,0,FALLBACK,-0.1589,0.100,1.0939,0,none
111.177,0.05443,-6.10890,1.08371,0,10,0,FALLBACK,-0.3367,0.100,1.0954,0,none
111.228,0.21102,-5.14490,0.61449,0,10,0,FALLBACK,-0.4855,0.100,1.0960,0,none
111.279,0.39214,-4.61392,1.33764,0,10,0,FALLBACK,-0.6575,0.100,1.0959,0,none
111.328,0.55180,-5.26313,0.85922,0,10,0,FALLBACK,-0.8092,0.100,1.0935,0,none
111.378,0.68639,-5.48309,1.28474,0,10,0,FALLBACK,-0.9371,0.100,1.0920,0,none
111.428,0.79175,-5.15713,0.84447,0,10,0,FALLBACK,-1.0000,0.100,1.0889,0,none
111.478,0.84146,-5.01314,0.55249,0,10,0,FALLBACK,-1.0000,0.100,1.0856,0,none
111.528,0.89837,-4.90141,0.90574,0,10,0,FALLBACK,-1.0000,0.100,1.0832,0,none
111.578,0.92328,-4.47838,1.02305,0,10,0,FALLBACK,-1.0000,0.100,1.0816,0,none
111.631,0.91654,-5.37975,0.77198,0,10,0,FALLBACK,-1.0000,0.100,1.0801,0,none
111.664,0.87827,-5.07730,0.86018,0,10,0,FALLBACK,-1.0000,0.100,1.0786,0,none
111.715,0.78968,-4.92798,0.74556,0,10,0,FALLBACK,-1.0000,0.100,1.0771,0,none
111.764,0.71072,-4.13958,0.63634,0,10,0,FALLBACK,-0.9602,0.100,1.0757,0,none
111.814,0.60202,-3.14889,0.56333,0,10,0,FALLBACK,-0.8569,0.100,1.0751,0,none
111.864,0.46716,-2.76356,0.77415,0,10,0,FALLBACK,-0.7288,0.100,1.0759,0,none
111.915,0.31111,-3.05754,0.53654,0,10,0,FALLBACK,-0.5806,0.100,1.0778,0,none
111.966,0.11848,-0.73038,0.89879,0,10,0,FALLBACK,-0.3976,0.100,1.0802,0,none
112.015,-0.04376,-1.13520,0.87821,0,10,0,FALLBACK,-0.2434,0.100,1.0829,0,none
112.066,-0.21230,-1.50673,0.71190,0,10,0,FALLBACK,-0.0833,0.100,1.0853,0,none
112.117,-0.38305,-0.73451,0.95169,0,10,0,FALLBACK,0.0789,0.100,1.0873,0,none
112.165,-0.55123,-0.32447,0.51010,0,10,0,FALLBACK,0.2387,0.100,1.0888,0,none
112.215,-0.72937,-0.77874,0.40661,0,10,0,FALLBACK,0.4079,0.100,1.0897,0,none
112.266,-0.85568,-0.64238,0.57309,0,10,0,FALLBACK,0.5279,0.100,1.0895,0,none
112.317,-0.96354,-1.11873,0.51885,0,10,0,FALLBACK,0.6304,0.100,1.0891,0,none
112.367,-1.05010,-0.53448,0.82061,0,10,0,FALLBACK,0.7126,0.100,1.0883,0,none
112.416,-1.11260,-2.49925,0.58049,0,10,0,FALLBACK,0.7720,0.100,1.0873,0,none
112.465,-1.15722,-2.58983,0.57207,0,10,0,FALLBACK,0.8144,0.100,1.0863,0,none
112.517,-1.14611,-2.11364,0.79955,0,10,0,FALLBACK,0.8038,0.100,1.0854,0,none
112.567,-1.10800,-3.27626,0.46724,0,10,0,FALLBACK,0.7676,0.100,1.0850,0,none
112.618,-1.04469,-3.98948,0.57570,0,10,0,FALLBACK,0.7075,0.100,1.0853,0,none
112.667,-0.97250,-3.46445,0.53236,0,10,0,FALLBACK,0.6389,0.100,1.0862,0,none
112.717,-0.85126,-4.12391,0.73216,0,10,0,FALLBACK,0.5237,0.100,1.0875,0,none
112.767,-0.71262,-4.42236,0.74679,0,10,0,FALLBACK,0.3920,0.100,1.0894,0,none
112.816,-0.56115,-4.68511,0.87143,0,10,0,FALLBACK,0.2481,0.100,1.0916,0,none
112.869,-0.40122,-5.08364,1.08026,0,10,0,FALLBACK,0.0962,0.100,1.0939,0,none
112.917,-0.25074,-4.50771,0.77163,0,10,0,FALLBACK,-0.0468,0.100,1.0960,0,none
112.967,-0.07160,-5.29360,0.74733,0,10,0,FALLBACK,-0.2170,0.100,1.0978,0,none
113.018,0.10226,-5.67232,0.88084,0,10,0,FALLBACK,-0.3821,0.100,1.0988,0,none
113.070,0.26492,-5.41366,1.24228,0,10,0,FALLBACK,-0.5367,0.100,1.0990,0,none
113.119,0.41077,-6.12041,1.28327,0,10,0,FALLBACK,-0.6752,0.100,1.0984,0,none
113.169,0.52313,-5.55644,1.18325,0,10,0,FALLBACK,-0.7820,0.100,1.0970,0,none
113.218,0.63787,-5.30726,1.03877,0,10,0,FALLBACK,-0.8910,0.100,1.0952,0,none
113.270,0.72360,-5.72286,1.18545,0,10,0,FALLBACK,-0.9724,0.100,1.0926,0,none
113.319,0.77687,-4.91364,0.99717,0,10,0,FALLBACK,-1.0000,0.100,1.0897,0,none
113.369,0.79623,-4.96017,0.79822,0,10,0,FALLBACK,-1.0000,0.100,1.0872,0,none
113.420,0.77506,-5.28207,0.67499,0,10,0,FALLBACK,-1.0000,0.100,1.0854,0,none
113.471,0.74925,-4.71663,1.00684,0,10,0,FALLBACK,-0.9968,0.100,1.0838,0,none
113.519,0.69190,-4.16732,0.77057,0,10,0,FALLBACK,-0.9423,0.100,1.0822,0,none
113.571,0.60405,-3.78739,0.55772,0,10,0,FALLBACK,-0.8588,0.100,1.0816,0,none
113.619,0.46638,-2.99251,0.32782,0,10,0,FALLBACK,-0.7281,0.100,1.0820,0,none
113.669,0.34760,-1.32370,0.75368,0,10,0,FALLBACK,-0.6152,0.100,1.0835,0,none
113.721,0.21040,-0.16646,0.41089,0,10,0,FALLBACK,-0.4849,0.100,1.0856,0,none
113.771,0.05703,0.04885,0.15552,1,10,1,FALLBACK,-0.3392,0.100,1.0868,0,none
113.821,-0.10887,-0.08742,0.14264,1,10,2,FALLBACK,-0.1816,0.100,1.0898,0,none
113.869,-0.30330,-0.40422,0.18740,1,10,3,FALLBACK,0.0031,0.100,1.0920,0,none
113.921,-0.45552,-1.00577,0.40010,0,10,0,FALLBACK,0.1477,0.100,1.0938,0,none
113.971,-0.60314,-1.13479,0.38631,0,10,0,FALLBACK,0.2880,0.100,1.0951,0,none
114.022,-0.74214,-1.11876,0.31303,0,10,0,FALLBACK,0.4200,0.100,1.0958,0,none
114.071,-0.86801,-1.48630,0.41734,0,10,0,FALLBACK,0.5396,0.100,1.0960,0,none
114.121,-0.99692,-2.06981,0.89228,0,10,0,FALLBACK,0.6621,0.100,1.0956,0,none
114.171,-1.05798,-1.83702,0.76763,0,10,0,FALLBACK,0.7201,0.100,1.0945,0,none
114.220,-1.09371,-2.90424,0.48900,0,10,0,FALLBACK,0.7540,0.100,1.0935,0,none
114.270,-1.10387,-1.31397,0.82926,0,10,0,FALLBACK,0.7637,0.100,1.0928,0,none
114.323,-1.08838,-2.39692,0.67266,0,10,0,FALLBACK,0.7490,0.100,1.0924,0,none
114.372,-1.05308,-3.81868,0.66928,0,10,0,FALLBACK,0.7154,0.100,1.0924,0,none
114.425,-0.96919,-2.60608,0.53571,0,10,0,FALLBACK,0.6357,0.100,1.0929,0,none
114.471,-0.86388,-3.87354,0.66847,0,10,0,FALLBACK,0.5357,0.100,1.0940,0,none
114.523,-0.74091,-4.18327,0.64563,0,10,0,FALLBACK,0.4189,0.100,1.0958,0,none
114.573,-0.61734,-4.36462,0.65602,0,10,0,FALLBACK,0.3015,0.100,1.0978,0,none
114.621,-0.45633,-4.21566,0.91018,0,10,0,FALLBACK,0.1485,0.100,1.1000,0,none
114.674,-0.28930,-4.99632,0.71514,0,10,0,FALLBACK,-0.0102,0.100,1.1021,0,none
114.722,-0.12144,-5.29049,0.87538,0,10,0,FALLBACK,-0.1696,0.100,1.1038,0,none
114.772,0.03906,-5.43067,1.16755,0,10,0,FALLBACK,-0.3221,0.100,1.1048,0,none
114.821,0.17685,-6.09354,1.18227,0,10,0,FALLBACK,-0.4530,0.100,1.1054,0,none
114.873,0.33158,-5.83502,1.07096,0,10,0,FALLBACK,-0.6000,0.100,1.1054,0,none
114.924,0.46760,-5.75208,0.85031,0,10,0,FALLBACK,-0.7292,0.100,1.1044,0,none
114.972,0.57955,-5.46982,1.05448,0,10,0,FALLBACK,-0.8356,0.100,1.1026,0,none
115.025,0.66336,-4.79154,0.73404,0,10,0,FALLBACK,-0.9152,0.100,1.1004,0,none
115.073,0.70700,-4.94523,0.81478,0,10,0,FALLBACK,-0.9567,0.100,1.0978,0,none
115.124,0.74527,-5.55026,0.82689,0,10,0,FALLBACK,-0.9930,0.100,1.0954,0,none
115.174,0.75038,-5.49073,1.00303,0,10,0,FALLBACK,-0.9979,0.100,1.0929,0,none
115.223,0.72237,-5.05430,0.81697,0,10,0,FALLBACK,-0.9713,0.100,1.0910,0,none
115.276,0.64817,-4.47311,0.53837,0,10,0,FALLBACK,-0.9008,0.100,1.0897,0,none
115.326,0.57104,-4.04019,0.72956,0,10,0,FALLBACK,-0.8275,0.100,1.0895,0,none
115.375,0.46796,-3.79112,0.54340,0,10,0,FALLBACK,-0.7296,0.100,1.0900,0,none
115.426,0.34174,-2.63421,0.46904,0,10,0,FALLBACK,-0.6097,0.100,1.0912,0,none
115.475,0.19612,-0.82819,0.85315,0,10,0,FALLBACK,-0.4713,0.100,1.0929,0,none
115.525,0.02195,-1.03759,1.16174,0,10,0,FALLBACK,-0.3058,0.100,1.0951,0,none
115.576,-0.13642,-0.49233,0.59676,0,10,0,FALLBACK,-0.1554,0.100,1.0974,0,none
115.628,-0.29997,-0.68947,0.34113,0,10,0,FALLBACK,-0.0000,0.100,1.0995,0,none
115.676,-0.46442,-0.75453,0.30774,0,10,0,FALLBACK,0.1562,0.100,1.1012,0,none
115.727,-0.62487,-1.21644,0.34209,0,10,0,FALLBACK,0.3086,0.100,1.1024,0,none
115.774,-0.78875,-1.09124,0.25301,1,10,1,FALLBACK,0.4643,0.100,1.1029,0,none
115.826,-0.91240,-1.13233,0.28410,1,10,2,FALLBACK,0.5818,0.100,1.1031,0,none
115.877,-1.01754,-1.52355,0.33163,0,10,0,FALLBACK,0.6817,0.100,1.1023,0,none
115.929,-1.10030,-1.37632,0.31283,0,10,0,FALLBACK,0.7603,0.100,1.1012,0,none
115.977,-1.15779,-1.51692,0.53014,0,10,0,FALLBACK,0.8149,0.100,1.0998,0,none
116.027,-1.19350,-1.76510,0.51002,0,10,0,FALLBACK,0.8488,0.100,1.0983,0,none
116.076,-1.18077,-1.41791,0.42574,0,10,0,FALLBACK,0.8367,0.100,1.0973,0,none
116.128,-1.13958,-2.22634,0.56451,0,10,0,FALLBACK,0.7976,0.100,1.0960,0,none
116.176,-1.07118,-3.18241,0.55893,0,10,0,FALLBACK,0.7326,0.100,1.0959,0,none
116.227,-0.98675,-3.37665,0.51203,0,10,0,FALLBACK,0.6524,0.100,1.0969,0,none
116.277,-0.86505,-3.76642,0.49807,0,10,0,FALLBACK,0.5368,0.100,1.0977,0,none
116.328,-0.72442,-4.42293,0.61493,0,10,0,FALLBACK,0.4032,0.100,1.0993,0,none
116.379,-0.56941,-3.93949,0.60374,0,10,0,FALLBACK,0.2559,0.100,1.1015,0,none
116.429,-0.40458,-4.45334,0.73315,0,10,0,FALLBACK,0.0994,0.100,1.1037,0,none
116.476,-0.24036,-5.00353,0.93532,0,10,0,FALLBACK,-0.0567,0.100,1.1058,0,none
116.526,-0.06327,-5.28472,1.04975,0,10,0,FALLBACK,-0.2249,0.100,1.1075,0,none
116.577,0.10911,-6.01182,0.93470,0,10,0,FALLBACK,-0.3887,0.100,1.1086,0,none
116.629,0.27099,-5.37145,1.21906,0,10,0,FALLBACK,-0.5424,0.100,1.1089,0,none
116.678,0.41668,-4.98442,0.87822,0,10,0,FALLBACK,-0.6808,0.100,1.1083,0,none
116.729,0.53448,-5.51176,1.06553,0,10,0,FALLBACK,-0.7928,0.100,1.1068,0,none
116.779,0.64295,-5.30673,1.04087,0,10,0,FALLBACK,-0.8958,0.100,1.1048,0,none
116.827,0.72202,-4.72806,0.80397,0,10,0,FALLBACK,-0.9709,0.100,1.1022,0,none
116.877,0.76858,-5.05399,1.00503,0,10,0,FALLBACK,-1.0000,0.100,1.0992,0,none
116.930,0.77153,-4.78831,1.16154,0,10,0,FALLBACK,-1.0000,0.100,1.0964,0,none
116.978,0.75779,-4.69425,0.68966,0,10,0,FALLBACK,-1.0000,0.100,1.0942,0,none
117.029,0.71157,-4.11105,0.63955,0,10,0,FALLBACK,-0.9610,0.100,1.0924,0,none
117.079,0.63364,-3.93575,0.60767,0,10,0,FALLBACK,-0.8870,0.100,1.0911,0,none
117.131,0.52648,-3.10761,0.46746,0,10,0,FALLBACK,-0.7852,0.100,1.0908,0,none
117.179,0.38598,-2.02660,0.70572,0,10,0,FALLBACK,-0.6517,0.100,1.0915,0,none
117.229,0.23934,0.40604,0.32942,0,10,0,FALLBACK,-0.5124,0.100,1.0932,0,none
117.278,0.07586,-0.72836,0.69609,0,10,0,FALLBACK,-0.3571,0.100,1.0953,0,none
117.329,-0.10012,-0.31519,0.26155,1,10,1,FALLBACK,-0.1899,0.100,1.0976,0,none
117.363,-0.28384,-0.60320,0.17611,1,10,2,FALLBACK,-0.0153,0.100,1.0999,0,none
117.414,-0.47897,-0.66378,0.17309,1,10,3,FALLBACK,0.1700,0.100,1.1016,0,none
117.464,-0.64550,-0.80385,0.14891,1,10,4,FALLBACK,0.3282,0.100,1.1025,0,none
117.514,-0.80090,-0.89507,0.21057,1,10,5,FALLBACK,0.4759,0.100,1.1027,0,none
117.562,-0.94036,-0.81959,0.33092,0,10,0,FALLBACK,0.6083,0.100,1.1022,0,none
117.612,-1.05908,-1.25129,0.31662,0,10,0,FALLBACK,0.7211,0.100,1.1010,0,none
117.665,-1.15926,-1.37608,0.32894,0,10,0,FALLBACK,0.8163,0.100,1.0993,0,none
117.712,-1.21584,-1.52687,0.56253,0,10,0,FALLBACK,0.8701,0.100,1.0972,0,none
117.765,-1.24233,-2.49330,0.57309,0,10,0,FALLBACK,0.8952,0.100,1.0953,0,none
117.814,-1.23825,-1.73743,0.48083,0,10,0,FALLBACK,0.8913,0.100,1.0937,0,none
117.865,-1.21783,-2.40454,0.31847,0,10,0,FALLBACK,0.8719,0.100,1.0927,0,none
117.913,-1.14473,-3.54501,0.55669,0,10,0,FALLBACK,0.8025,0.100,1.0922,0,none
117.965,-1.04559,-3.17543,0.50563,0,10,0,FALLBACK,0.7083,0.100,1.0927,0,none
118.015,-0.92417,-3.92494,0.47611,0,10,0,FALLBACK,0.5930,0.100,1.0940,0,none
118.065,-0.78445,-4.21816,0.75237,0,10,0,FALLBACK,0.4602,0.100,1.0959,0,none
118.116,-0.64690,-4.59399,0.97847,0,10,0,FALLBACK,0.3296,0.100,1.0982,0,none
118.165,-0.46587,-5.08980,0.88119,0,10,0,FALLBACK,0.1576,0.100,1.1004,0,none
118.213,-0.27951,-5.31034,1.11913,0,10,0,FALLBACK,-0.0195,0.100,1.1026,0,none
118.266,-0.09372,-5.20219,0.84529,0,10,0,FALLBACK,-0.1960,0.100,1.1043,0,none
118.316,0.08583,-5.43940,1.26536,0,10,0,FALLBACK,-0.3665,0.100,1.1052,0,none
118.367,0.24225,-4.81367,0.72421,0,10,0,FALLBACK,-0.5151,0.100,1.1059,0,none
118.417,0.41112,-4.79659,0.58374,0,10,0,FALLBACK,-0.6756,0.100,1.1046,0,none
118.466,0.55715,-4.61555,0.71957,0,10,0,FALLBACK,-0.8143,0.100,1.1027,0,none
118.517,0.67671,-4.72476,0.59567,0,10,0,FALLBACK,-0.9279,0.100,1.1004,0,none
118.567,0.76545,-4.34129,0.84719,0,10,0,FALLBACK,-1.0000,0.100,1.0972,0,none
118.617,0.80659,-4.29036,0.59943,0,10,0,FALLBACK,-1.0000,0.100,1.0934,0,none
118.669,0.84494,-4.12833,0.57394,0,10,0,FALLBACK,-1.0000,0.100,1.0915,0,none
118.719,0.85106,-4.06813,0.90459,0,10,0,FALLBACK,-1.0000,0.100,1.0897,0,none
118.767,0.82510,-4.38074,0.87894,0,10,0,FALLBACK,-1.0000,0.100,1.0880,0,none
118.818,0.73318,-4.44941,0.62012,0,10,0,FALLBACK,-0.9815,0.100,1.0864,0,none
118.871,0.66946,-3.61917,0.66269,0,10,0,FALLBACK,-0.9210,0.100,1.0851,0,none
118.919,0.57602,-3.33175,0.42766,0,10,0,FALLBACK,-0.8322,0.100,1.0847,0,none
118.969,0.45633,-3.42944,0.55209,0,10,0,FALLBACK,-0.7185,0.100,1.0853,0,none
119.019,0.31631,-1.94224,0.82220,0,10,0,FALLBACK,-0.5855,0.100,1.0874,0,none
119.069,0.13326,0.09969,0.37570,0,10,0,FALLBACK,-0.4116,0.100,1.0890,0,none
119.119,-0.02027,-1.95976,0.75894,0,10,0,FALLBACK,-0.2657,0.100,1.0914,0,none
119.169,-0.18194,-1.42834,0.89038,0,10,0,FALLBACK,-0.1122,0.100,1.0938,0,none
119.220,-0.34893,-0.96941,0.57076,0,10,0,FALLBACK,0.0465,0.100,1.0957,0,none
119.268,-0.51715,-0.93626,0.36593,0,10,0,FALLBACK,0.2063,0.100,1.0973,0,none
119.323,-0.69467,-1.45270,0.47561,0,10,0,FALLBACK,0.3749,0.100,1.0983,0,none
119.369,-0.83159,-1.48535,0.45093,0,10,0,FALLBACK,0.5050,0.100,1.0984,0,none
119.420,-0.95176,-1.48180,0.41191,0,10,0,FALLBACK,0.6192,0.100,1.0980,0,none
119.471,-1.05150,-1.57478,0.43717,0,10,0,FALLBACK,0.7139,0.100,1.0971,0,none
119.521,-1.12736,-1.66988,0.49036,0,10,0,FALLBACK,0.7860,0.100,1.0959,0,none
119.571,-1.18671,-2.35383,0.39398,0,10,0,FALLBACK,0.8424,0.100,1.0945,0,none
119.621,-1.19405,-2.34781,0.42040,0,10,0,FALLBACK,0.8493,0.100,1.0929,0,none
119.672,-1.17226,-2.32970,0.47845,0,10,0,FALLBACK,0.8286,0.100,1.0918,0,none
119.720,-1.12285,-2.94220,0.48428,0,10,0,FALLBACK,0.7817,0.100,1.0914,0,none
119.771,-1.06693,-2.44321,0.42223,0,10,0,FALLBACK,0.7286,0.100,1.0917,0,none
119.822,-0.95344,-3.33842,0.62992,0,10,0,FALLBACK,0.6208,0.100,1.0924,0,none
119.871,-0.81928,-3.58250,0.34392,0,10,0,FALLBACK,0.4933,0.100,1.0939,0,none
119.923,-0.66903,-3.61015,0.48796,0,10,0,FALLBACK,0.3506,0.100,1.0960,0,none
119.972,-0.50715,-4.53047,0.95205,0,10,0,FALLBACK,0.1968,0.100,1.0982,0,none
120.023,-0.35425,-4.70256,0.66634,0,10,0,FALLBACK,0.0515,0.100,1.1005,0,none
120.073,-0.16899,-4.56578,0.72151,0,10,0,FALLBACK,-0.1245,0.100,1.1024,0,none
120.124,0.01397,-4.45290,0.65514,0,10,0,FALLBACK,-0.2983,0.100,1.1038,0,none
120.173,0.18867,-4.66409,1.05282,0,10,0,FALLBACK,-0.4642,0.100,1.1043,0,none
120.224,0.34917,-4.77187,0.80812,0,10,0,FALLBACK,-0.6167,0.100,1.1040,0,none
120.274,0.46957,-4.25119,0.86480,0,10,0,FALLBACK,-0.7311,0.100,1.1028,0,none
120.323,0.60592,-4.41285,0.72468,0,10,0,FALLBACK,-0.8606,0.100,1.1011,0,none
120.374,0.71457,-4.25819,0.72848,0,10,0,FALLBACK,-0.9638,0.100,1.0985,0,none
120.425,0.79096,-4.24028,1.00930,0,10,0,FALLBACK,-1.0000,0.100,1.0952,0,none
120.475,0.83281,-4.22804,0.69868,0,10,0,FALLBACK,-1.0000,0.100,1.0924,0,none
120.526,0.82816,-4.34689,0.82458,0,10,0,FALLBACK,-1.0000,0.100,1.0904,0,none
120.575,0.82251,-4.05189,0.80646,0,10,0,FALLBACK,-1.0000,0.100,1.0887,0,none
120.625,0.78493,-4.06098,0.65056,0,10,0,FALLBACK,-1.0000,0.100,1.0870,0,none
120.676,0.71569,-3.69550,0.66088,0,10,0,FALLBACK,-0.9649,0.100,1.0854,0,none
120.723,0.61563,-3.14357,0.62365,0,10,0,FALLBACK,-0.8698,0.100,1.0843,0,none
120.776,0.47583,-2.80656,0.34234,0,10,0,FALLBACK,-0.7370,0.100,1.0846,0,none
120.825,0.34803,-0.98218,0.83767,0,10,0,FALLBACK,-0.6156,0.100,1.0861,0,none
120.875,0.20169,-2.02439,0.84762,0,10,0,FALLBACK,-0.4766,0.100,1.0881,0,none
120.925,0.04041,-1.10795,0.73527,0,10,0,FALLBACK,-0.3234,0.100,1.0904,0,none
120.975,-0.15751,-0.44652,0.26755,1,10,1,FALLBACK,-0.1354,0.100,1.0927,0,none
121.027,-0.31695,-0.94717,0.40157,0,10,0,FALLBACK,0.0161,0.100,1.0948,0,none
121.076,-0.47600,-1.99340,0.73268,0,10,0,FALLBACK,0.1672,0.100,1.0966,0,none
121.126,-0.63051,-1.45107,0.27999,1,10,1,FALLBACK,0.3140,0.100,1.0978,0,none
121.175,-0.77571,-2.08706,0.66871,0,10,0,FALLBACK,0.4519,0.100,1.0983,0,none
121.227,-0.92603,-2.22780,0.53576,0,10,0,FALLBACK,0.5947,0.100,1.0982,0,none
121.277,-1.02193,-2.07473,0.52595,0,10,0,FALLBACK,0.6858,0.100,1.0973,0,none
121.326,-1.09407,-2.34222,0.55658,0,10,0,FALLBACK,0.7544,0.100,1.0961,0,none
121.376,-1.14072,-2.33876,0.60168,0,10,0,FALLBACK,0.7987,0.100,1.0950,0,none
121.427,-1.16068,-2.97325,0.70457,0,10,0,FALLBACK,0.8176,0.100,1.0940,0,none
121.477,-1.16182,-3.02578,0.66178,0,10,0,FALLBACK,0.8187,0.100,1.0931,0,none
121.527,-1.11503,-3.80992,0.39003,0,10,0,FALLBACK,0.7743,0.100,1.0924,0,none
121.578,-1.04183,-3.24608,0.54540,0,10,0,FALLBACK,0.7047,0.100,1.0924,0,none
121.629,-0.94488,-3.77294,0.59592,0,10,0,FALLBACK,0.6126,0.100,1.0931,0,none
121.679,-0.84925,-4.47546,0.56435,0,10,0,FALLBACK,0.5218,0.100,1.0945,0,none
121.731,-0.69836,-3.83847,0.79212,0,10,0,FALLBACK,0.3784,0.100,1.0963,0,none
121.780,-0.53345,-4.13195,0.70062,0,10,0,FALLBACK,0.2218,0.100,1.0983,0,none
121.829,-0.35961,-3.95394,0.64555,0,10,0,FALLBACK,0.0566,0.100,1.1007,0,none
121.863,-0.18418,-4.43592,0.82619,0,10,0,FALLBACK,-0.1100,0.100,1.1027,0,none
121.914,-0.02853,-4.29422,0.78335,0,10,0,FALLBACK,-0.2579,0.100,1.1041,0,none
121.965,0.14682,-5.12794,0.88563,0,10,0,FALLBACK,-0.4245,0.100,1.1048,0,none
122.016,0.30871,-4.53867,0.80469,0,10,0,FALLBACK,-0.5783,0.100,1.1046,0,none
122.065,0.45120,-4.55360,0.78988,0,10,0,FALLBACK,-0.7136,0.100,1.1034,0,none
122.114,0.56932,-4.48644,1.04883,0,10,0,FALLBACK,-0.8259,0.100,1.1016,0,none
122.165,0.65119,-4.41644,0.64748,0,10,0,FALLBACK,-0.9036,0.100,1.0992,0,none
122.215,0.71782,-4.54750,0.96182,0,10,0,FALLBACK,-0.9669,0.100,1.0966,0,none
122.265,0.75186,-4.59308,0.48666,0,10,0,FALLBACK,-0.9993,0.100,1.0940,0,none
122.314,0.75230,-4.23973,0.51413,0,10,0,FALLBACK,-0.9997,0.100,1.0915,0,none
122.365,0.71970,-3.68780,0.66627,0,10,0,FALLBACK,-0.9687,0.100,1.0896,0,none
122.414,0.65656,-3.32302,0.44976,0,10,0,FALLBACK,-0.9087,0.100,1.0886,0,none
122.466,0.56262,-3.12562,0.48360,0,10,0,FALLBACK,-0.8195,0.100,1.0884,0,none
122.514,0.44423,-2.53045,0.29831,0,10,0,FALLBACK,-0.7070,0.100,1.0895,0,none
122.565,0.30398,-2.48716,0.72479,0,10,0,FALLBACK,-0.5738,0.100,1.0909,0,none
122.615,0.14641,-2.79079,0.49851,0,10,0,FALLBACK,-0.4241,0.100,1.0930,0,none
122.668,-0.02480,-0.95840,0.82600,0,10,0,FALLBACK,-0.2614,0.100,1.0954,0,none
122.718,-0.20199,-1.94409,0.75160,0,10,0,FALLBACK,-0.0931,0.100,1.0975,0,none
122.767,-0.38316,-1.96840,0.53583,0,10,0,FALLBACK,0.0790,0.100,1.0995,0,none
122.819,-0.56290,-1.50648,0.55384,0,10,0,FALLBACK,0.2498,0.100,1.1009,0,none
122.867,-0.73824,-1.90532,0.40476,0,10,0,FALLBACK,0.4163,0.100,1.1016,0,none
122.917,-0.89683,-2.29981,0.42484,0,10,0,FALLBACK,0.5670,0.100,1.1015,0,none
122.968,-1.03731,-2.48402,0.30549,0,10,0,FALLBACK,0.7004,0.100,1.1005,0,none
123.019,-1.15480,-2.10753,0.53270,0,10,0,FALLBACK,0.8121,0.100,1.0988,0,none
123.069,-1.24513,-2.48407,0.24020,1,10,1,FALLBACK,0.8979,0.100,1.0966,0,none
123.118,-1.30664,-2.54450,0.40245,0,10,0,FALLBACK,0.9563,0.100,1.0934,0,none
123.170,-1.33008,-2.43171,0.35614,0,10,0,FALLBACK,0.9786,0.100,1.0912,0,none
123.219,-1.32090,-2.97666,0.56298,0,10,0,FALLBACK,0.9699,0.100,1.0891,0,none
123.269,-1.27966,-2.77242,0.52593,0,10,0,FALLBACK,0.9307,0.100,1.0875,0,none
123.321,-1.20813,-2.52140,0.53547,0,10,0,FALLBACK,0.8627,0.100,1.0867,0,none
123.371,-1.10608,-3.11124,0.44457,0,10,0,FALLBACK,0.7658,0.100,1.0869,0,none
123.418,-0.98639,-2.97338,0.56632,0,10,0,FALLBACK,0.6521,0.100,1.0879,0,none
123.469,-0.84624,-3.92468,0.60628,0,10,0,FALLBACK,0.5189,0.100,1.0896,0,none
123.519,-0.68964,-3.26590,0.56666,0,10,0,FALLBACK,0.3702,0.100,1.0918,0,none
123.569,-0.52105,-3.69251,0.51489,0,10,0,FALLBACK,0.2100,0.100,1.0942,0,none
123.620,-0.34109,-4.16843,0.56874,0,10,0,FALLBACK,0.0390,0.100,1.0965,0,none
123.673,-0.16878,-4.16572,0.56043,0,10,0,FALLBACK,-0.1247,0.100,1.0985,0,none
123.719,0.00047,-3.81995,0.65476,0,10,0,FALLBACK,-0.2854,0.100,1.0999,0,none
123.768,0.16151,-3.84818,0.72884,0,10,0,FALLBACK,-0.4384,0.100,1.1006,0,none
123.820,0.30911,-4.80420,0.88397,0,10,0,FALLBACK,-0.5786,0.100,1.1006,0,none
123.871,0.44134,-4.33720,0.80011,0,10,0,FALLBACK,-0.7043,0.100,1.0998,0,none
123.921,0.53840,-3.95701,0.82130,0,10,0,FALLBACK,-0.7965,0.100,1.0977,0,none
123.970,0.60916,-4.51789,1.01447,0,10,0,FALLBACK,-0.8637,0.100,1.0963,0,none
124.021,0.65110,-4.58370,0.77326,0,10,0,FALLBACK,-0.9035,0.100,1.0944,0,none
124.071,0.67739,-4.15536,0.67981,0,10,0,FALLBACK,-0.9285,0.100,1.0927,0,none
124.122,0.64466,-3.81309,0.49909,0,10,0,FALLBACK,-0.8974,0.100,1.0910,0,none
124.170,0.58174,-3.39995,0.52081,0,10,0,FALLBACK,-0.8377,0.100,1.0902,0,none
124.220,0.49150,-2.89064,0.36599,0,10,0,FALLBACK,-0.7519,0.100,1.0903,0,none
124.270,0.37715,-2.36285,0.29102,0,10,0,FALLBACK,-0.6433,0.100,1.0912,0,none
124.321,0.25012,-0.01325,0.32418,0,10,0,FALLBACK,-0.5226,0.100,1.0933,0,none
124.370,0.09300,-0.46119,0.46453,0,10,0,FALLBACK,-0.3733,0.100,1.0950,0,none
124.422,-0.07686,-0.26822,0.19497,1,10,1,FALLBACK,-0.2120,0.100,1.0972,0,none
124.472,-0.25412,-1.87947,0.73734,0,10,0,FALLBACK,-0.0436,0.100,1.0993,0,none
124.520,-0.43075,-1.12600,0.48782,0,10,0,FALLBACK,0.1242,0.100,1.1012,0,none
124.573,-0.60218,-1.33943,0.36620,0,10,0,FALLBACK,0.2871,0.100,1.1024,0,none
124.623,-0.77212,-1.44330,0.30460,0,10,0,FALLBACK,0.4485,0.100,1.1030,0,none
124.671,-0.92842,-1.33298,0.32038,0,10,0,FALLBACK,0.5970,0.100,1.1027,0,none
124.723,-1.06247,-1.69615,0.24465,1,10,1,FALLBACK,0.7243,0.100,1.1008,0,none
124.775,-1.17334,-2.14840,0.55892,0,10,0,FALLBACK,0.8297,0.100,1.0994,0,none
124.822,-1.25344,-2.53920,0.45872,0,10,0,FALLBACK,0.9058,0.100,1.0972,0,none
124.873,-1.31229,-1.69629,0.36344,0,10,0,FALLBACK,0.9617,0.100,1.0947,0,none
124.921,-1.33892,-2.07845,0.34052,0,10,0,FALLBACK,0.9870,0.100,1.0921,0,none
124.973,-1.33254,-2.70132,0.65131,0,10,0,FALLBACK,0.9809,0.100,1.0898,0,none
125.023,-1.28996,-3.03862,0.34888,0,10,0,FALLBACK,0.9405,0.100,1.0881,0,none
125.073,-1.22349,-3.50007,0.50120,0,10,0,FALLBACK,0.8773,0.100,1.0873,0,none
125.123,-1.12897,-3.05150,0.51668,0,10,0,FALLBACK,0.7875,0.100,1.0873,0,none
125.174,-1.00944,-3.81716,0.57756,0,10,0,FALLBACK,0.6740,0.100,1.0882,0,none
125.224,-0.86865,-3.91276,0.72026,0,10,0,FALLBACK,0.5402,0.100,1.0898,0,none
125.274,-0.70930,-4.29694,0.73166,0,10,0,FALLBACK,0.3888,0.100,1.0919,0,none
125.324,-0.54029,-4.13527,0.52080,0,10,0,FALLBACK,0.2283,0.100,1.0943,0,none
125.374,-0.36352,-4.45969,0.82058,0,10,0,FALLBACK,0.0603,0.100,1.0966,0,none
125.426,-0.18389,-4.42304,0.92314,0,10,0,FALLBACK,-0.1103,0.100,1.0987,0,none
125.476,-0.00803,-4.04716,0.72668,0,10,0,FALLBACK,-0.2774,0.100,1.1001,0,none
125.525,0.16290,-4.67880,0.68331,0,10,0,FALLBACK,-0.4398,0.100,1.1008,0,none
125.576,0.31506,-4.05163,0.63581,0,10,0,FALLBACK,-0.5843,0.100,1.1007,0,none
125.625,0.44840,-4.58118,0.68787,0,10,0,FALLBACK,-0.7110,0.100,1.0998,0,none
125.675,0.55831,-4.28347,1.12512,0,10,0,FALLBACK,-0.8154,0.100,1.0983,0,none
125.725,0.64094,-4.41062,0.71197,0,10,0,FALLBACK,-0.8939,0.100,1.0963,0,none
125.775,0.69196,-4.49927,0.90946,0,10,0,FALLBACK,-0.9424,0.100,1.0940,0,none
125.826,0.71498,-4.01841,0.68461,0,10,0,FALLBACK,-0.9642,0.100,1.0918,0,none
125.874,0.70585,-4.21797,0.70279,0,10,0,FALLBACK,-0.9556,0.100,1.0898,0,none
125.925,0.66517,-3.51795,0.59634,0,10,0,FALLBACK,-0.9169,0.100,1.0884,0,none
125.975,0.59717,-3.60236,0.62859,0,10,0,FALLBACK,-0.8523,0.100,1.0878,0,none
126.027,0.49731,-3.00396,0.41114,0,10,0,FALLBACK,-0.7574,0.100,1.0879,0,none
126.076,0.37331,-2.70517,0.53989,0,10,0,FALLBACK,-0.6396,0.100,1.0889,0,none
126.126,0.22912,-0.44263,0.62736,0,10,0,FALLBACK,-0.5027,0.100,1.0906,0,none
126.176,0.06897,-1.08811,0.97701,0,10,0,FALLBACK,-0.3505,0.100,1.0928,0,none
126.226,-0.09592,-2.09484,0.61362,0,10,0,FALLBACK,-0.1939,0.100,1.0951,0,none
126.276,-0.27946,-2.67415,0.57497,0,10,0,FALLBACK,-0.0195,0.100,1.0973,0,none
126.326,-0.46478,-0.84119,0.32453,0,10,0,FALLBACK,0.1565,0.100,1.0990,0,none
126.376,-0.64627,-1.93413,0.45101,0,10,0,FALLBACK,0.3290,0.100,1.1002,0,none
126.426,-0.81982,-1.90485,0.49132,0,10,0,FALLBACK,0.4938,0.100,1.1016,0,none
126.475,-0.97021,-2.30063,0.56097,0,10,0,FALLBACK,0.6367,0.100,1.1007,0,none
126.525,-1.12021,-2.13434,0.47412,0,10,0,FALLBACK,0.7792,0.100,1.0994,0,none
126.577,-1.24606,-2.45710,0.22268,1,10,1,FALLBACK,0.8988,0.100,1.0973,0,none
126.627,-1.34283,-2.21563,0.29942,0,10,0,FALLBACK,0.9907,0.100,1.0943,0,none
126.677,-1.40687,-2.45369,0.50958,0,10,0,FALLBACK,1.0000,0.100,1.0909,0,none
126.728,-1.42461,-1.86644,0.53169,0,10,0,FALLBACK,1.0000,0.100,1.0880,0,none
126.779,-1.43340,-2.27345,0.30712,0,10,0,FALLBACK,1.0000,0.100,1.0862,0,none
126.828,-1.41021,-3.28167,0.65467,0,10,0,FALLBACK,1.0000,0.100,1.0845,0,none
126.878,-1.35535,-3.01516,0.52663,0,10,0,FALLBACK,1.0000,0.100,1.0829,0,none
126.929,-1.26927,-3.26385,0.40689,0,10,0,FALLBACK,0.9208,0.100,1.0813,0,none
126.981,-1.14927,-2.96662,0.55157,0,10,0,FALLBACK,0.8068,0.100,1.0806,0,none
127.030,-1.01153,-3.76034,0.69446,0,10,0,FALLBACK,0.6760,0.100,1.0814,0,none
127.078,-0.85240,-4.15629,0.75798,0,10,0,FALLBACK,0.5248,0.100,1.0833,0,none
127.112,-0.67630,-4.22372,0.80426,0,10,0,FALLBACK,0.3575,0.100,1.0856,0,none
127.161,-0.49008,-3.90744,0.74651,0,10,0,FALLBACK,0.1806,0.100,1.0887,0,none
127.213,-0.29146,-3.75754,0.64563,0,10,0,FALLBACK,-0.0081,0.100,1.0911,0,none
127.262,-0.11100,-4.03884,0.45106,0,10,0,FALLBACK,-0.1795,0.100,1.0929,0,none
127.314,0.06347,-3.73079,0.82284,0,10,0,FALLBACK,-0.3453,0.100,1.0941,0,none
127.365,0.22682,-4.09425,0.66736,0,10,0,FALLBACK,-0.5005,0.100,1.0944,0,none
127.415,0.37370,-4.71640,0.88329,0,10,0,FALLBACK,-0.6400,0.100,1.0939,0,none
127.464,0.50901,-4.30869,1.13612,0,10,0,FALLBACK,-0.7686,0.100,1.0927,0,none
127.515,0.59317,-4.42673,0.91010,0,10,0,FALLBACK,-0.8485,0.100,1.0906,0,none
127.567,0.64806,-4.61651,0.88541,0,10,0,FALLBACK,-0.9007,0.100,1.0887,0,none
127.614,0.67265,-3.92472,0.71307,0,10,0,FALLBACK,-0.9240,0.100,1.0868,0,none
127.663,0.68651,-4.20565,0.52028,0,10,0,FALLBACK,-0.9372,0.100,1.0853,0,none
127.717,0.63366,-3.45507,0.61401,0,10,0,FALLBACK,-0.8870,0.100,1.0839,0,none
127.766,0.55192,-2.79550,0.41981,0,10,0,FALLBACK,-0.8093,0.100,1.0837,0,none
127.815,0.44503,-2.67927,0.36038,0,10,0,FALLBACK,-0.7078,0.100,1.0845,0,none
127.865,0.31657,-0.47478,0.85144,0,10,0,FALLBACK,-0.5857,0.100,1.0860,0,none
127.917,0.18421,0.32533,0.34849,0,10,0,FALLBACK,-0.4600,0.100,1.0883,0,none
127.964,0.01300,-0.09377,0.13135,1,10,1,FALLBACK,-0.2973,0.100,1.0904,0,none
128.017,-0.16746,-0.91733,0.51054,0,10,0,FALLBACK,-0.1259,0.100,1.0927,0,none
128.065,-0.35158,-0.85339,0.28634,0,10,0,FALLBACK,0.0490,0.100,1.0948,0,none
128.116,-0.53404,-1.02572,0.23159,1,10,1,FALLBACK,0.2223,0.100,1.0963,0,none
128.166,-0.68942,-1.44469,0.40096,0,10,0,FALLBACK,0.3700,0.100,1.0971,0,none
128.216,-0.87269,-1.46979,0.49027,0,10,0,FALLBACK,0.5441,0.100,1.0974,0,none
128.267,-1.04032,-1.49464,0.30872,0,10,0,FALLBACK,0.7033,0.100,1.0965,0,none
128.317,-1.18556,-1.97494,0.47079,0,10,0,FALLBACK,0.8413,0.100,1.0946,0,none
128.367,-1.30327,-1.99398,0.76758,0,10,0,FALLBACK,0.9531,0.100,1.0918,0,none
128.417,-1.37565,-1.96857,0.52039,0,10,0,FALLBACK,1.0000,0.100,1.0885,0,none
128.468,-1.44215,-2.01145,0.51491,0,10,0,FALLBACK,1.0000,0.100,1.0856,0,none
128.517,-1.47523,-1.69333,0.56507,0,10,0,FALLBACK,1.0000,0.100,1.0835,0,none
128.569,-1.47640,-2.29833,0.50339,0,10,0,FALLBACK,1.0000,0.100,1.0819,0,none
128.620,-1.44591,-2.56925,0.60330,0,10,0,FALLBACK,1.0000,0.100,1.0804,0,none
128.669,-1.37083,-2.66990,0.34939,0,10,0,FALLBACK,1.0000,0.100,1.0788,0,none
128.717,-1.29628,-2.25692,0.54867,0,10,0,FALLBACK,0.9465,0.100,1.0773,0,none
128.769,-1.19159,-3.35089,0.63684,0,10,0,FALLBACK,0.8470,0.100,1.0767,0,none
128.818,-1.06037,-3.36926,0.61851,0,10,0,FALLBACK,0.7224,0.100,1.0774,0,none
128.869,-0.90718,-4.08952,0.66253,0,10,0,FALLBACK,0.5768,0.100,1.0791,0,none
128.919,-0.72202,-3.97849,0.74762,0,10,0,FALLBACK,0.4009,0.100,1.0814,0,none
128.971,-0.55766,-4.09233,0.82622,0,10,0,FALLBACK,0.2448,0.100,1.0840,0,none
129.019,-0.38585,-4.17697,0.55029,0,10,0,FALLBACK,0.0816,0.100,1.0866,0,none
129.070,-0.21083,-4.36130,0.72761,0,10,0,FALLBACK,-0.0847,0.100,1.0887,0,none
129.120,-0.03749,-4.49237,0.96787,0,10,0,FALLBACK,-0.2494,0.100,1.0904,0,none
129.169,0.14798,-4.87404,1.08919,0,10,0,FALLBACK,-0.4256,0.100,1.0914,0,none
129.219,0.27724,-5.22203,1.00830,0,10,0,FALLBACK,-0.5484,0.100,1.0914,0,none
129.270,0.38799,-4.92738,0.55675,0,10,0,FALLBACK,-0.6536,0.100,1.0910,0,none
129.321,0.47727,-4.44755,1.03273,0,10,0,FALLBACK,-0.7384,0.100,1.0902,0,none
129.370,0.54200,-4.89784,0.99489,0,10,0,FALLBACK,-0.7999,0.100,1.0892,0,none
129.421,0.58696,-4.31044,0.56275,0,10,0,FALLBACK,-0.8426,0.100,1.0876,0,none
129.471,0.57510,-4.04998,0.88358,0,10,0,FALLBACK,-0.8313,0.100,1.0866,0,none
129.521,0.53526,-3.36583,0.51226,0,10,0,FALLBACK,-0.7935,0.100,1.0861,0,none
129.573,0.46943,-3.20899,0.48890,0,10,0,FALLBACK,-0.7310,0.100,1.0862,0,none
129.621,0.40482,-2.89036,0.42535,0,10,0,FALLBACK,-0.6696,0.100,1.0870,0,none
129.673,0.26975,0.45159,0.25039,1,10,1,FALLBACK,-0.5413,0.100,1.0882,0,none
129.720,0.11651,0.56679,0.32521,0,10,0,FALLBACK,-0.3957,0.100,1.0900,0,none
129.773,-0.04960,-0.32848,0.69326,0,10,0,FALLBACK,-0.2379,0.100,1.0923,0,none
129.824,-0.22370,-0.32760,0.25381,1,10,1,FALLBACK,-0.0725,0.100,1.0945,0,none
129.875,-0.37425,-0.57175,0.15314,1,10,2,FALLBACK,0.0705,0.100,1.0965,0,none
129.924,-0.57634,-0.85936,0.22103,1,10,3,FALLBACK,0.2625,0.100,1.0981,0,none
129.975,-0.77235,-1.02806,0.37542,0,10,0,FALLBACK,0.4487,0.100,1.0986,0,none
130.025,-0.95367,-1.49147,0.53880,0,10,0,FALLBACK,0.6210,0.100,1.0979,0,none
130.073,-1.11572,-2.32606,0.69795,0,10,0,FALLBACK,0.7749,0.100,1.0965,0,none
130.125,-1.23078,-2.76045,0.56648,0,10,0,FALLBACK,0.8842,0.100,1.0941,0,none
130.174,-1.35991,-1.97475,0.88379,0,10,0,FALLBACK,1.0000,0.100,1.0913,0,none
130.224,-1.45689,-2.15489,0.58759,0,10,0,FALLBACK,1.0000,0.100,1.0876,0,none
130.277,-1.51883,-2.46526,0.65944,0,10,0,FALLBACK,1.0000,0.100,1.0851,0,none
130.327,-1.54861,-2.68604,0.38042,0,10,0,FALLBACK,1.0000,0.100,1.0834,0,none
130.377,-1.52462,-1.61811,0.32579,0,10,0,FALLBACK,1.0000,0.100,1.0818,0,none
130.425,-1.51598,-1.69791,0.25554,1,10,1,FALLBACK,1.0000,0.100,1.0803,0,none
130.475,-1.47586,-2.27751,0.62533,0,10,0,FALLBACK,1.0000,0.100,1.0787,0,none
130.525,-1.40455,-2.07089,0.42252,0,10,0,FALLBACK,1.0000,0.100,1.0772,0,none
130.576,-1.30259,-2.75771,0.57296,0,10,0,FALLBACK,0.9525,0.100,1.0757,0,none
130.626,-1.15175,-3.46378,0.57353,0,10,0,FALLBACK,0.8092,0.100,1.0748,0,none
130.676,-1.01532,-3.16368,0.53841,0,10,0,FALLBACK,0.6796,0.100,1.0754,0,none
130.726,-0.85814,-3.94070,0.59264,0,10,0,FALLBACK,0.5302,0.100,1.0776,0,none
130.777,-0.68426,-4.19609,0.94444,0,10,0,FALLBACK,0.3650,0.100,1.0800,0,none
130.831,-0.49806,-4.51992,0.59907,0,10,0,FALLBACK,0.1882,0.100,1.0826,0,none
130.878,-0.27942,-4.53305,1.17315,0,10,0,FALLBACK,-0.0195,0.100,1.0852,0,none
130.928,-0.10818,-5.61016,1.05907,0,10,0,FALLBACK,-0.1822,0.100,1.0873,0,none
130.980,0.05842,-4.93527,1.06730,0,10,0,FALLBACK,-0.3405,0.100,1.0887,0,none
131.029,0.21593,-5.40373,0.62109,0,10,0,FALLBACK,-0.4901,0.100,1.0894,0,none
131.079,0.35940,-5.06407,0.66579,0,10,0,FALLBACK,-0.6264,0.100,1.0894,0,none
131.112,0.51172,-5.22251,1.01432,0,10,0,FALLBACK,-0.7711,0.100,1.0887,0,none
131.164,0.57510,-5.62733,0.73612,0,10,0,FALLBACK,-0.8313,0.100,1.0853,0,none
131.212,0.60932,-4.64012,0.80899,0,10,0,FALLBACK,-0.8639,0.100,1.0840,0,none
131.264,0.61489,-4.26711,0.58231,0,10,0,FALLBACK,-0.8691,0.100,1.0828,0,none
131.313,0.59205,-3.29722,0.53823,0,10,0,FALLBACK,-0.8474,0.100,1.0821,0,none
131.363,0.55237,-2.65013,0.49884,0,10,0,FALLBACK,-0.8098,0.100,1.0818,0,none
131.414,0.44996,-1.98110,0.71898,0,10,0,FALLBACK,-0.7125,0.100,1.0821,0,none
131.463,0.32506,0.49429,0.22517,1,10,1,FALLBACK,-0.5938,0.100,1.0835,0,none
131.513,0.18224,0.32071,0.12832,1,10,2,FALLBACK,-0.4581,0.100,1.0855,0,none
131.565,0.06491,-0.04668,0.29869,0,10,0,FALLBACK,-0.3467,0.100,1.0878,0,none
131.617,-0.13222,-0.47549,0.35549,0,10,0,FALLBACK,-0.1594,0.100,1.0900,0,none
131.665,-0.33497,-0.50575,0.14153,1,10,1,FALLBACK,0.0332,0.100,1.0922,0,none
131.715,-0.53670,-0.82248,0.19453,1,10,2,FALLBACK,0.2249,0.100,1.0938,0,none
131.768,-0.72937,-1.60099,0.42627,0,10,0,FALLBACK,0.4079,0.100,1.0942,0,none
131.815,-0.86553,-1.78409,0.38044,0,10,0,FALLBACK,0.5373,0.100,1.0941,0,none
131.864,-1.05836,-1.85533,0.93140,0,10,0,FALLBACK,0.7204,0.100,1.0934,0,none
131.917,-1.22908,-1.72785,0.82780,0,10,0,FALLBACK,0.8826,0.100,1.0910,0,none
131.966,-1.37326,-1.76739,0.76153,0,10,0,FALLBACK,1.0000,0.100,1.0889,0,none
132.015,-1.48384,-2.02906,0.67736,0,10,0,FALLBACK,1.0000,0.100,1.0837,0,none
132.066,-1.51581,-1.84984,0.21687,1,10,1,FALLBACK,1.0000,0.100,1.0815,0,none
132.118,-1.58981,-1.74132,0.48560,0,10,0,FALLBACK,1.0000,0.100,1.0799,0,none
132.166,-1.63246,-1.40330,0.92634,0,10,0,FALLBACK,1.0000,0.100,1.0784,0,none
132.216,-1.64362,-2.16528,0.59203,0,10,0,FALLBACK,1.0000,0.100,1.0769,0,none
132.267,-1.62346,-1.98170,0.78204,0,10,0,FALLBACK,1.0000,0.100,1.0754,0,none
132.317,-1.53112,-3.00512,0.48730,0,10,0,FALLBACK,1.0000,0.100,1.0740,0,none
132.366,-1.47862,-2.74382,0.33419,0,10,0,FALLBACK,1.0000,0.100,1.0725,0,none
132.417,-1.39543,-2.51680,0.88039,0,10,0,FALLBACK,1.0000,0.100,1.0712,0,none
132.467,-1.28211,-3.78100,0.55138,0,10,0,FALLBACK,0.9330,0.100,1.0698,0,none
132.517,-1.13994,-3.28469,0.40847,0,10,0,FALLBACK,0.7979,0.100,1.0695,0,none
132.567,-0.93999,-4.41771,0.87411,0,10,0,FALLBACK,0.6080,0.100,1.0708,0,none
132.617,-0.77615,-4.37798,0.53508,0,10,0,FALLBACK,0.4523,0.100,1.0733,0,none
132.668,-0.59978,-4.43300,1.02441,0,10,0,FALLBACK,0.2848,0.100,1.0762,0,none
132.720,-0.41462,-4.89321,0.65521,0,10,0,FALLBACK,0.1089,0.100,1.0789,0,none
132.769,-0.22552,-4.89298,1.10485,0,10,0,FALLBACK,-0.0708,0.100,1.0812,0,none
132.818,-0.03761,-4.58168,0.76624,0,10,0,FALLBACK,-0.2493,0.100,1.0830,0,none
132.869,0.15519,-4.94212,0.82199,0,10,0,FALLBACK,-0.4324,0.100,1.0840,0,none
132.919,0.30765,-5.72425,0.93050,0,10,0,FALLBACK,-0.5773,0.100,1.0840,0,none
132.969,0.44150,-4.86726,0.99443,0,10,0,FALLBACK,-0.7044,0.100,1.0834,0,none
133.017,0.55275,-4.79960,1.31208,0,10,0,FALLBACK,-0.8101,0.100,1.0822,0,none
133.070,0.63764,-4.63718,0.99792,0,10,0,FALLBACK,-0.8908,0.100,1.0804,0,none
133.118,0.70309,-4.94854,0.98704,0,10,0,FALLBACK,-0.9529,0.100,1.0785,0,none
133.169,0.70386,-4.33105,0.80791,0,10,0,FALLBACK,-0.9537,0.100,1.0763,0,none
133.220,0.67298,-4.20229,0.58486,0,10,0,FALLBACK,-0.9243,0.100,1.0748,0,none
133.270,0.61245,-3.07796,0.44021,0,10,0,FALLBACK,-0.8668,0.100,1.0742,0,none
133.320,0.55235,-3.03930,0.40679,0,10,0,FALLBACK,-0.8097,0.100,1.0744,0,none
133.370,0.41412,0.09530,0.31765,0,10,0,FALLBACK,-0.6784,0.100,1.0751,0,none
133.419,0.25432,0.36027,0.33670,0,10,0,FALLBACK,-0.5266,0.100,1.0767,0,none
133.469,0.07848,-0.71701,1.01953,0,10,0,FALLBACK,-0.3596,0.100,1.0791,0,none
133.519,-0.10844,-0.81525,0.71906,0,10,0,FALLBACK,-0.1820,0.100,1.0816,0,none
133.569,-0.27798,-0.19274,0.18429,1,10,1,FALLBACK,-0.0209,0.100,1.0840,0,none
133.621,-0.49181,-0.61869,0.42348,0,10,0,FALLBACK,0.1822,0.100,1.0859,0,none
133.670,-0.70202,-1.55579,0.47020,0,10,0,FALLBACK,0.3819,0.100,1.0870,0,none
133.722,-0.90172,-0.85984,1.19468,0,10,0,FALLBACK,0.5716,0.100,1.0870,0,none
133.771,-1.08436,-0.93705,1.01396,0,10,0,FALLBACK,0.7451,0.100,1.0858,0,none
133.823,-1.22422,-0.95365,1.39363,0,10,0,FALLBACK,0.8780,0.100,1.0835,0,none
133.873,-1.37008,-1.63057,0.90097,0,10,0,FALLBACK,1.0000,0.100,1.0806,0,none
133.921,-1.48422,-2.08854,0.80515,0,10,0,FALLBACK,1.0000,0.100,1.0770,0,none
133.973,-1.56393,-1.96861,1.01891,0,10,0,FALLBACK,1.0000,0.100,1.0746,0,none
134.022,-1.61220,-2.62263,0.51022,0,10,0,FALLBACK,1.0000,0.100,1.0731,0,none
134.072,-1.60840,-2.88585,0.55136,0,10,0,FALLBACK,1.0000,0.100,1.0717,0,none
134.123,-1.61250,-2.52120,0.46424,0,10,0,FALLBACK,1.0000,0.100,1.0704,0,none
134.173,-1.58556,-2.66240,0.34030,0,10,0,FALLBACK,1.0000,0.100,1.0690,0,none
134.223,-1.52791,-3.20015,0.57765,0,10,0,FALLBACK,1.0000,0.100,1.0677,0,none
134.271,-1.43993,-2.42870,0.39431,0,10,0,FALLBACK,1.0000,0.100,1.0664,0,none
134.321,-1.29600,-2.98925,0.63086,0,10,0,FALLBACK,0.9462,0.100,1.0651,0,none
134.371,-1.17224,-3.18264,0.46393,0,10,0,FALLBACK,0.8286,0.100,1.0647,0,none
134.422,-1.02309,-3.83050,0.62427,0,10,0,FALLBACK,0.6869,0.100,1.0658,0,none
134.473,-0.85380,-4.36930,0.67537,0,10,0,FALLBACK,0.5261,0.100,1.0679,0,none
134.521,-0.66917,-4.16371,0.56242,0,10,0,FALLBACK,0.3507,0.100,1.0706,0,none
134.573,-0.43527,-4.43127,0.89157,0,10,0,FALLBACK,0.1285,0.100,1.0734,0,none
134.625,-0.26582,-4.52325,0.91408,0,10,0,FALLBACK,-0.0325,0.100,1.0761,0,none
134.671,-0.09715,-5.45446,0.65609,0,10,0,FALLBACK,-0.1927,0.100,1.0779,0,none
134.722,0.06677,-5.01844,0.96399,0,10,0,FALLBACK,-0.3484,0.100,1.0793,0,none
134.773,0.22056,-5.27127,0.76403,0,10,0,FALLBACK,-0.4945,0.100,1.0800,0,none
134.822,0.40076,-5.52502,1.37951,0,10,0,FALLBACK,-0.6657,0.100,1.0799,0,none
134.874,0.48790,-4.84840,0.89753,0,10,0,FALLBACK,-0.7485,0.100,1.0786,0,none
134.923,0.54899,-5.34960,0.64949,0,10,0,FALLBACK,-0.8065,0.100,1.0774,0,none
134.974,0.58348,-4.30984,0.63934,0,10,0,FALLBACK,-0.8393,0.100,1.0764,0,none
135.026,0.59059,-4.43149,0.82881,0,10,0,FALLBACK,-0.8461,0.100,1.0756,0,none
135.077,0.60289,-3.43231,0.40465,0,10,0,FALLBACK,-0.8577,0.100,1.0750,0,none
135.124,0.51899,-3.34350,0.61549,0,10,0,FALLBACK,-0.7780,0.100,1.0745,0,none
135.175,0.40924,-3.03996,0.37470,0,10,0,FALLBACK,-0.6738,0.100,1.0751,0,none
135.225,0.27845,-0.14568,0.68273,0,10,0,FALLBACK,-0.5495,0.100,1.0767,0,none
135.276,0.13067,-0.03956,0.21162,1,10,1,FALLBACK,-0.4091,0.100,1.0788,0,none
135.328,-0.00867,-1.00035,0.64280,0,10,0,FALLBACK,-0.2768,0.100,1.0812,0,none
135.377,-0.20590,-1.08355,0.53238,0,10,0,FALLBACK,-0.0894,0.100,1.0834,0,none
135.427,-0.40883,-0.44725,0.41262,0,10,0,FALLBACK,0.1034,0.100,1.0856,0,none
135.479,-0.61101,-1.04742,0.59445,0,10,0,FALLBACK,0.2955,0.100,1.0873,0,none
135.529,-0.80357,-1.93189,0.73619,0,10,0,FALLBACK,0.4784,0.100,1.0872,0,none
135.578,-0.95166,-2.56870,0.51171,0,10,0,FALLBACK,0.6191,0.100,1.0875,0,none
135.628,-1.14398,-1.72143,1.56737,0,10,0,FALLBACK,0.8018,0.100,1.0865,0,none
135.679,-1.31392,-1.20884,1.32802,0,10,0,FALLBACK,0.9632,0.100,1.0843,0,none
135.728,-1.45327,0.84410,2.16710,0,10,0,FALLBACK,1.0000,0.100,1.0794,0,none
135.779,-1.55789,-1.89428,1.02177,0,10,0,FALLBACK,1.0000,0.100,1.0766,0,none
135.829,-1.59646,-2.39697,0.75894,0,10,0,FALLBACK,1.0000,0.100,1.0747,0,none
135.879,-1.66873,-2.41419,0.56554,0,10,0,FALLBACK,1.0000,0.100,1.0733,0,none
135.927,-1.71003,-2.88322,0.63433,0,10,0,FALLBACK,1.0000,0.100,1.0719,0,none
135.979,-1.72022,-3.09272,0.53312,0,10,0,FALLBACK,1.0000,0.100,1.0705,0,none
136.015,-1.69939,-2.66014,0.68020,0,10,0,FALLBACK,1.0000,0.100,1.0691,0,none
136.062,-1.62100,-2.97728,0.43801,0,10,0,FALLBACK,1.0000,0.100,1.0678,0,none
136.114,-1.56438,-4.20695,0.66453,0,10,0,FALLBACK,1.0000,0.100,1.0665,0,none
136.165,-1.47749,-3.33013,0.59608,0,10,0,FALLBACK,1.0000,0.100,1.0652,0,none
136.213,-1.36088,-3.12181,0.73114,0,10,0,FALLBACK,1.0000,0.100,1.0640,0,none
136.266,-1.21529,-3.68856,0.63789,0,10,0,FALLBACK,0.8695,0.100,1.0627,0,none
136.314,-1.01251,-4.41264,0.64596,0,10,0,FALLBACK,0.6769,0.100,1.0643,0,none
136.365,-0.84799,-4.28407,0.47885,0,10,0,FALLBACK,0.5206,0.100,1.0669,0,none
136.415,-0.67013,-4.44872,0.50839,0,10,0,FALLBACK,0.3516,0.100,1.0698,0,none
136.466,-0.48275,-4.59244,0.84831,0,10,0,FALLBACK,0.1736,0.100,1.0726,0,none
136.516,-0.29074,-4.85466,0.95085,0,10,0,FALLBACK,-0.0088,0.100,1.0751,0,none
136.567,-0.06395,-5.48177,0.96527,0,10,0,FALLBACK,-0.2242,0.100,1.0771,0,none
136.617,0.09733,-5.04071,0.72462,0,10,0,FALLBACK,-0.3775,0.100,1.0781,0,none
136.667,0.24550,-5.57243,0.89175,0,10,0,FALLBACK,-0.5182,0.100,1.0784,0,none
136.717,0.37801,-5.09816,1.20184,0,10,0,FALLBACK,-0.6441,0.100,1.0784,0,none
136.767,0.49037,-5.46299,1.29669,0,10,0,FALLBACK,-0.7509,0.100,1.0777,0,none
136.817,0.61270,-5.22433,0.90504,0,10,0,FALLBACK,-0.8671,0.100,1.0764,0,none
136.868,0.64542,-4.83277,0.85787,0,10,0,FALLBACK,-0.8981,0.100,1.0744,0,none
136.926,0.64743,-4.53590,0.93192,0,10,0,FALLBACK,-0.9001,0.100,1.0728,0,none
136.970,0.62023,-3.92579,0.63445,0,10,0,FALLBACK,-0.8742,0.100,1.0720,0,none
137.021,0.56519,-3.46114,0.44138,0,10,0,FALLBACK,-0.8219,0.100,1.0717,0,none
137.073,0.50882,-3.01544,0.36262,0,10,0,FALLBACK,-0.7684,0.100,1.0722,0,none
137.124,0.37606,-1.57407,0.77474,0,10,0,FALLBACK,-0.6423,0.100,1.0730,0,none
137.173,0.22276,-0.97034,0.50189,0,10,0,FALLBACK,-0.4966,0.100,1.0747,0,none
137.222,0.05531,-0.90299,0.80908,0,10,0,FALLBACK,-0.3375,0.100,1.0774,0,none
137.274,-0.12264,-2.45978,0.64806,0,10,0,FALLBACK,-0.1685,0.100,1.0797,0,none
137.324,-0.28541,-1.74467,0.53164,0,10,0,FALLBACK,-0.0139,0.100,1.0820,0,none
137.373,-0.49286,-1.90956,0.55336,0,10,0,FALLBACK,0.1832,0.100,1.0840,0,none
137.421,-0.69657,-2.21399,0.31167,0,10,0,FALLBACK,0.3767,0.100,1.0851,0,none
137.473,-0.88985,-2.58261,0.37110,0,10,0,FALLBACK,0.5604,0.100,1.0852,0,none
137.525,-1.06639,-2.97207,0.73257,0,10,0,FALLBACK,0.7281,0.100,1.0841,0,none
137.574,-1.19157,-3.56606,0.47963,0,10,0,FALLBACK,0.8470,0.100,1.0821,0,none
137.625,-1.34369,-3.20793,1.05909,0,10,0,FALLBACK,0.9915,0.100,1.0797,0,none
137.675,-1.46535,-2.97816,0.74061,0,10,0,FALLBACK,1.0000,0.100,1.0759,0,none
137.725,-1.55240,-2.89059,0.45771,0,10,0,FALLBACK,1.0000,0.100,1.0734,0,none
137.776,-1.60790,-2.66759,0.45768,0,10,0,FALLBACK,1.0000,0.100,1.0719,0,none
137.827,-1.60923,-2.88100,0.45174,0,10,0,FALLBACK,1.0000,0.100,1.0705,0,none
137.875,-1.62490,-2.51874,0.61970,0,10,0,FALLBACK,1.0000,0.100,1.0692,0,none
137.924,-1.60961,-2.27725,0.51980,0,10,0,FALLBACK,1.0000,0.100,1.0678,0,none
137.973,-1.56357,-3.45476,0.79445,0,10,0,FALLBACK,1.0000,0.100,1.0665,0,none
138.024,-1.48710,-2.51074,0.59007,0,10,0,FALLBACK,1.0000,0.100,1.0653,0,none
138.077,-1.36092,-3.14485,0.51663,0,10,0,FALLBACK,1.0000,0.100,1.0640,0,none
138.124,-1.24481,-3.21237,0.70147,0,10,0,FALLBACK,0.8976,0.100,1.0628,0,none
138.175,-1.10052,-3.54066,0.63326,0,10,0,FALLBACK,0.7605,0.100,1.0630,0,none
138.224,-0.93386,-4.37283,0.92358,0,10,0,FALLBACK,0.6022,0.100,1.0648,0,none
138.277,-0.74986,-4.38312,0.61392,0,10,0,FALLBACK,0.4274,0.100,1.0674,0,none
138.325,-0.53815,-4.86271,0.84808,0,10,0,FALLBACK,0.2262,0.100,1.0702,0,none
138.375,-0.34617,-4.77742,1.08984,0,10,0,FALLBACK,0.0439,0.100,1.0729,0,none
138.427,-0.15164,-5.10737,0.87526,0,10,0,FALLBACK,-0.1409,0.100,1.0754,0,none
138.477,0.04097,-4.56199,0.98160,0,10,0,FALLBACK,-0.3239,0.100,1.0771,0,none
138.525,0.22578,-5.59016,1.00755,0,10,0,FALLBACK,-0.4995,0.100,1.0780,0,none
138.579,0.41712,-4.78625,0.75913,0,10,0,FALLBACK,-0.6813,0.100,1.0779,0,none
138.627,0.55438,-4.44217,0.56071,0,10,0,FALLBACK,-0.8117,0.100,1.0767,0,none
138.677,0.66585,-4.75238,0.48566,0,10,0,FALLBACK,-0.9176,0.100,1.0746,0,none
138.728,0.74741,-4.53429,0.92811,0,10,0,FALLBACK,-0.9950,0.100,1.0716,0,none
138.777,0.79698,-5.17926,1.02146,0,10,0,FALLBACK,-1.0000,0.100,1.0693,0,none
138.827,0.83315,-4.45308,0.70973,0,10,0,FALLBACK,-1.0000,0.100,1.0672,0,none
138.879,0.79929,-4.32334,0.86461,0,10,0,FALLBACK,-1.0000,0.100,1.0658,0,none
138.927,0.73494,-3.79662,0.48354,0,10,0,FALLBACK,-0.9832,0.100,1.0646,0,none
138.977,0.64062,-2.96614,0.66758,0,10,0,FALLBACK,-0.8936,0.100,1.0635,0,none
139.028,0.51783,-2.72576,0.41513,0,10,0,FALLBACK,-0.7769,0.100,1.0635,0,none
139.077,0.38749,0.01026,0.57044,0,10,0,FALLBACK,-0.6531,0.100,1.0648,0,none
139.128,0.20288,-0.61521,0.62408,0,10,0,FALLBACK,-0.4777,0.100,1.0669,0,none
139.179,0.00289,-0.38787,0.34498,0,10,0,FALLBACK,-0.2877,0.100,1.0694,0,none
139.228,-0.20690,-1.12020,0.53610,0,10,0,FALLBACK,-0.0884,0.100,1.0722,0,none
139.278,-0.42105,-0.89674,0.31040,0,10,0,FALLBACK,0.1150,0.100,1.0746,0,none
139.329,-0.60624,-1.50019,0.49515,0,10,0,FALLBACK,0.2909,0.100,1.0763,0,none
139.381,-0.83364,-2.68628,0.69966,0,10,0,FALLBACK,0.5070,0.100,1.0772,0,none
139.429,-1.04919,-2.29048,1.45757,0,10,0,FALLBACK,0.7117,0.100,1.0769,0,none
139.479,-1.24528,-1.73780,1.19548,0,10,0,FALLBACK,0.8980,0.100,1.0749,0,none
139.532,-1.41376,1.96839,1.74504,0,10,0,FALLBACK,1.0000,0.100,1.0704,0,none
139.563,-1.53022,1.40285,1.34144,0,10,0,FALLBACK,1.0000,0.100,1.0675,0,none
139.614,-1.64703,-0.66189,1.48467,0,10,0,FALLBACK,1.0000,0.100,1.0650,0,none
139.666,-1.73326,-1.40794,1.30091,0,10,0,FALLBACK,1.0000,0.100,1.0637,0,none
139.714,-1.78920,-2.37677,0.50899,0,10,0,FALLBACK,1.0000,0.100,1.0624,0,none
139.764,-1.81469,-2.43204,0.50554,0,10,0,FALLBACK,1.0000,0.100,1.0612,0,none
139.814,-1.81832,-1.53410,1.28145,0,10,0,FALLBACK,1.0000,0.100,1.0601,0,none
139.863,-1.77581,-2.76035,0.56869,0,10,0,FALLBACK,1.0000,0.100,1.0589,0,none
139.916,-1.70330,-2.81626,0.63725,0,10,0,FALLBACK,1.0000,0.100,1.0578,0,none
139.963,-1.60120,-2.10950,0.51339,0,10,0,FALLBACK,1.0000,0.100,1.0566,0,none
140.016,-1.47017,-2.90970,0.39590,0,10,0,FALLBACK,1.0000,0.100,1.0556,0,none
140.067,-1.32324,-3.45075,0.60142,0,10,0,FALLBACK,0.9721,0.100,1.0545,0,none
140.117,-1.12677,-4.73680,1.20925,0,10,0,FALLBACK,0.7854,0.100,1.0540,0,none
140.166,-0.90806,-4.36623,0.78594,0,10,0,FALLBACK,0.5777,0.100,1.0562,0,none
140.216,-0.67513,-4.90895,0.88866,0,10,0,FALLBACK,0.3564,0.100,1.0595,0,none
140.265,-0.43370,-6.00332,1.11007,0,10,0,FALLBACK,0.1270,0.100,1.0627,0,none
140.316,-0.20707,-5.78056,0.94110,0,10,0,FALLBACK,-0.0883,0.100,1.0654,0,none
140.366,0.04506,-4.68793,1.02434,0,10,0,FALLBACK,-0.3278,0.100,1.0670,0,none
140.417,0.28991,-5.34854,0.85982,0,10,0,FALLBACK,-0.5604,0.100,1.0675,0,none
140.468,0.51982,-4.57081,1.01055,0,10,0,FALLBACK,-0.7788,0.100,1.0664,0,none
140.519,0.72753,-3.72852,0.66852,0,10,0,FALLBACK,-0.9762,0.100,1.0638,0,none
140.569,0.90621,-4.68772,0.69578,0,10,0,FALLBACK,-1.0000,0.100,1.0596,0,none
140.617,1.04259,-4.23122,0.85142,0,10,0,FALLBACK,-1.0000,0.100,1.0571,0,none
140.668,1.16566,-4.03340,0.90621,0,10,0,FALLBACK,-1.0000,0.100,1.0558,0,none
140.717,1.25943,-4.20988,0.91418,0,10,0,FALLBACK,-1.0000,0.100,1.0548,0,none
140.768,1.32356,-3.75797,0.67451,0,10,0,FALLBACK,-1.0000,0.100,1.0537,0,none
140.818,1.35785,-4.74026,0.74124,0,10,0,FALLBACK,-1.0000,0.100,1.0527,0,none
140.868,1.35668,-5.24370,0.67745,0,10,0,FALLBACK,-1.0000,0.100,1.0517,0,none
140.920,1.33700,-4.11816,0.69697,0,10,0,FALLBACK,-1.0000,0.100,1.0507,0,none
140.968,1.28759,-4.44910,0.79392,0,10,0,FALLBACK,-1.0000,0.100,1.0498,0,none
141.021,1.20878,-4.46232,0.66492,0,10,0,FALLBACK,-1.0000,0.100,1.0488,0,none
141.068,1.10106,-3.87721,0.58595,0,10,0,FALLBACK,-1.0000,0.100,1.0479,0,none
141.117,0.95957,-3.27471,0.49787,0,10,0,FALLBACK,-1.0000,0.100,1.0470,0,none
141.168,0.80183,-2.72722,0.59296,0,10,0,FALLBACK,-1.0000,0.100,1.0461,0,none
141.220,0.61724,-0.54338,0.75664,0,10,0,FALLBACK,-0.8714,0.100,1.0452,0,none
141.269,0.40764,-1.69232,1.00673,0,10,0,FALLBACK,-0.6723,0.100,1.0460,0,none
141.318,0.17966,-2.52367,0.90533,0,10,0,FALLBACK,-0.4557,0.100,1.0487,0,none
141.368,-0.06063,-0.67349,0.61950,0,10,0,FALLBACK,-0.2274,0.100,1.0519,0,none
141.418,-0.30629,-0.76321,0.36151,0,10,0,FALLBACK,0.0060,0.100,1.0548,0,none
141.469,-0.55235,-1.37680,0.54816,0,10,0,FALLBACK,0.2397,0.100,1.0570,0,none
141.521,-0.79270,-2.51551,0.67838,0,10,0,FALLBACK,0.4681,0.100,1.0579,0,none
141.570,-1.02079,-2.64263,0.96743,0,10,0,FALLBACK,0.6847,0.100,1.0575,0,none
141.620,-1.22977,0.79995,1.68514,0,10,0,FALLBACK,0.8833,0.100,1.0556,0,none
141.668,-1.41870,2.63175,1.24336,0,10,0,FALLBACK,1.0000,0.100,1.0523,0,none
141.721,-1.56272,2.17362,1.73916,0,10,0,FALLBACK,1.0000,0.100,1.0480,0,none
141.770,-1.67544,-0.63448,1.49569,0,10,0,FALLBACK,1.0000,0.100,1.0468,0,none
141.822,-1.75921,-1.79660,1.15061,0,10,0,FALLBACK,1.0000,0.100,1.0459,0,none
141.871,-1.81373,-2.64962,0.46000,0,10,0,FALLBACK,1.0000,0.100,1.0450,0,none
141.920,-1.84382,-2.11878,0.69095,0,10,0,FALLBACK,1.0000,0.100,1.0441,0,none
141.972,-1.83324,-2.01742,0.86621,0,10,0,FALLBACK,1.0000,0.100,1.0432,0,none
142.021,-1.79325,-2.40326,0.49244,0,10,0,FALLBACK,1.0000,0.100,1.0424,0,none
142.072,-1.72413,-3.44446,0.53428,0,10,0,FALLBACK,1.0000,0.100,1.0415,0,none
142.120,-1.62629,-2.59038,0.41250,0,10,0,FALLBACK,1.0000,0.100,1.0407,0,none
142.171,-1.50335,-3.02603,0.47902,0,10,0,FALLBACK,1.0000,0.100,1.0399,0,none
142.222,-1.34572,-3.45160,0.62192,0,10,0,FALLBACK,0.9934,0.100,1.0391,0,none
142.273,-1.16162,-4.38298,0.82247,0,10,0,FALLBACK,0.8185,0.100,1.0384,0,none
142.322,-0.95228,-3.99972,0.79590,0,10,0,FALLBACK,0.6197,0.100,1.0378,0,none
142.374,-0.72518,-4.18851,0.71859,0,10,0,FALLBACK,0.4039,0.100,1.0423,0,none
142.425,-0.49801,-5.59301,0.90066,0,10,0,FALLBACK,0.1881,0.100,1.0458,0,none
142.473,-0.25019,-5.40796,1.19125,0,10,0,FALLBACK,-0.0473,0.100,1.0488,0,none
142.524,-0.00438,-5.23424,0.87765,0,10,0,FALLBACK,-0.2808,0.100,1.0511,0,none
142.574,0.23484,-5.15139,1.01281,0,10,0,FALLBACK,-0.5081,0.100,1.0519,0,none
142.623,0.46110,-4.93073,0.85750,0,10,0,FALLBACK,-0.7230,0.100,1.0515,0,none
142.673,0.66728,-4.38695,1.14003,0,10,0,FALLBACK,-0.9189,0.100,1.0496,0,none
142.724,0.83783,-4.24458,0.89427,0,10,0,FALLBACK,-1.0000,0.100,1.0463,0,none
142.775,0.99596,-3.85633,1.00432,0,10,0,FALLBACK,-1.0000,0.100,1.0436,0,none
142.824,1.12359,-4.55979,0.67955,0,10,0,FALLBACK,-1.0000,0.100,1.0422,0,none
142.874,1.22263,-4.37583,0.76547,0,10,0,FALLBACK,-1.0000,0.100,1.0414,0,none
142.924,1.29288,-4.46733,0.82775,0,10,0,FALLBACK,-1.0000,0.100,1.0406,0,none
142.975,1.32917,-4.75495,0.89637,0,10,0,FALLBACK,-1.0000,0.100,1.0398,0,none
143.025,1.34687,-4.39266,0.92802,0,10,0,FALLBACK,-1.0000,0.100,1.0391,0,none
143.073,1.33534,-4.61261,0.58655,0,10,0,FALLBACK,-1.0000,0.100,1.0383,0,none
143.124,1.29475,-4.51699,0.90398,0,10,0,FALLBACK,-1.0000,0.100,1.0376,0,none
143.174,1.22533,-4.65032,0.87211,0,10,0,FALLBACK,-1.0000,0.100,1.0368,0,none
143.223,1.12028,-4.65975,0.65625,0,10,0,FALLBACK,-1.0000,0.100,1.0361,0,none
143.274,1.00326,-3.36132,0.63795,0,10,0,FALLBACK,-1.0000,0.100,1.0354,0,none
143.327,0.85882,-3.21055,0.49516,0,10,0,FALLBACK,-1.0000,0.100,1.0347,0,none
143.376,0.68773,-2.95539,0.47336,0,10,0,FALLBACK,-0.9383,0.100,1.0341,0,none
143.425,0.49129,0.07345,0.50422,0,10,0,FALLBACK,-0.7517,0.100,1.0343,0,none
143.474,0.25888,-0.67340,0.77675,0,10,0,FALLBACK,-0.5309,0.100,1.0364,0,none
143.525,0.04013,-1.29308,0.80685,0,10,0,FALLBACK,-0.3231,0.100,1.0403,0,none
143.575,-0.18664,-1.44347,0.71370,0,10,0,FALLBACK,-0.1077,0.100,1.0431,0,none
143.625,-0.41679,-1.31443,0.39219,0,10,0,FALLBACK,0.1110,0.100,1.0458,0,none
143.674,-0.64452,-2.05523,0.28569,0,10,0,FALLBACK,0.3273,0.100,1.0476,0,none
143.726,-0.86391,-1.98462,1.23071,0,10,0,FALLBACK,0.5357,0.100,1.0482,0,none
143.777,-1.07634,-2.30695,1.03839,0,10,0,FALLBACK,0.7375,0.100,1.0477,0,none
143.826,-1.25170,-2.68583,0.73336,0,10,0,FALLBACK,0.9041,0.100,1.0457,0,none
143.875,-1.40104,-2.78752,0.79180,0,10,0,FALLBACK,1.0000,0.100,1.0438,0,none
143.926,-1.52013,-2.47450,0.73021,0,10,0,FALLBACK,1.0000,0.100,1.0409,0,none
143.976,-1.60731,-1.88123,1.29782,0,10,0,FALLBACK,1.0000,0.100,1.0389,0,none
144.027,-1.66839,-2.51077,0.50160,0,10,0,FALLBACK,1.0000,0.100,1.0381,0,none
144.075,-1.69295,-2.51491,0.47494,0,10,0,FALLBACK,1.0000,0.100,1.0373,0,none
144.125,-1.68836,-2.40630,0.47677,0,10,0,FALLBACK,1.0000,0.100,1.0366,0,none
144.175,-1.65472,-3.41129,0.73412,0,10,0,FALLBACK,1.0000,0.100,1.0359,0,none
144.226,-1.59224,-2.89747,0.59711,0,10,0,FALLBACK,1.0000,0.100,1.0351,0,none
144.277,-1.50764,-2.53994,0.56407,0,10,0,FALLBACK,1.0000,0.100,1.0344,0,none
144.326,-1.37888,-3.00806,0.61896,0,10,0,FALLBACK,1.0000,0.100,1.0337,0,none
144.376,-1.22305,-3.75329,0.58030,0,10,0,FALLBACK,0.8769,0.100,1.0331,0,none
144.427,-1.04117,-4.64552,1.00493,0,10,0,FALLBACK,0.7041,0.100,1.0335,0,none
144.477,-0.83918,-3.76498,0.64435,0,10,0,FALLBACK,0.5122,0.100,1.0360,0,none
144.527,-0.62982,-4.82369,0.71970,0,10,0,FALLBACK,0.3133,0.100,1.0393,0,none
144.576,-0.39795,-4.64877,0.75105,0,10,0,FALLBACK,0.0930,0.100,1.0426,0,none
144.627,-0.16192,-4.49464,0.65257,0,10,0,FALLBACK,-0.1312,0.100,1.0455,0,none
144.679,0.07246,-5.14772,1.28272,0,10,0,FALLBACK,-0.3538,0.100,1.0476,0,none
144.731,0.29916,-4.52722,0.86926,0,10,0,FALLBACK,-0.5692,0.100,1.0485,0,none
144.778,0.51025,-4.60450,0.80790,0,10,0,FALLBACK,-0.7697,0.100,1.0481,0,none
144.828,0.70319,-4.61733,0.63381,0,10,0,FALLBACK,-0.9530,0.100,1.0463,0,none
144.878,0.86941,-4.19306,0.81985,0,10,0,FALLBACK,-1.0000,0.100,1.0432,0,none
144.929,1.00360,-4.58042,1.08640,0,10,0,FALLBACK,-1.0000,0.100,1.0403,0,none
144.978,1.10742,-3.94399,0.85498,0,10,0,FALLBACK,-1.0000,0.100,1.0390,0,none
145.029,1.18238,-4.14395,0.92069,0,10,0,FALLBACK,-1.0000,0.100,1.0382,0,none
145.079,1.22614,-4.23538,1.29490,0,10,0,FALLBACK,-1.0000,0.100,1.0375,0,none
145.128,1.24705,-4.36110,0.68372,0,10,0,FALLBACK,-1.0000,0.100,1.0368,0,none
145.180,1.23888,-4.38249,0.84925,0,10,0,FALLBACK,-1.0000,0.100,1.0360,0,none
145.230,1.20173,-4.64591,0.98679,0,10,0,FALLBACK,-1.0000,0.100,1.0353,0,none
145.279,1.13586,-4.25634,0.84713,0,10,0,FALLBACK,-1.0000,0.100,1.0347,0,none
145.329,1.04188,-3.57991,0.49172,0,10,0,FALLBACK,-1.0000,0.100,1.0340,0,none
145.362,0.91936,-3.15326,0.32541,0,10,0,FALLBACK,-1.0000,0.100,1.0333,0,none
145.415,0.76966,-2.62402,0.51721,0,10,0,FALLBACK,-1.0000,0.100,1.0327,0,none
145.463,0.59357,-0.45000,0.93506,0,10,0,FALLBACK,-0.8489,0.100,1.0320,0,none
145.514,0.39407,-0.62735,0.64386,0,10,0,FALLBACK,-0.6594,0.100,1.0339,0,none
145.563,0.18091,-1.56675,1.00689,0,10,0,FALLBACK,-0.4569,0.100,1.0370,0,none
145.615,-0.04763,-1.50082,0.67912,0,10,0,FALLBACK,-0.2397,0.100,1.0404,0,none
145.664,-0.28146,-0.89907,0.41438,0,10,0,FALLBACK,-0.0176,0.100,1.0434,0,none
145.713,-0.51501,-1.57275,0.54483,0,10,0,FALLBACK,0.2043,0.100,1.0456,0,none
145.764,-0.74245,-2.09939,0.56091,0,10,0,FALLBACK,0.4203,0.100,1.0468,0,none
145.815,-0.95599,-2.02145,0.83677,0,10,0,FALLBACK,0.6232,0.100,1.0467,0,none
145.864,-1.15380,-2.07237,1.79878,0,10,0,FALLBACK,0.8111,0.100,1.0454,0,none
145.913,-1.32720,-0.48917,1.94018,0,10,0,FALLBACK,0.9758,0.100,1.0428,0,none
145.964,-1.47076,-0.45840,2.03243,0,10,0,FALLBACK,1.0000,0.100,1.0391,0,none
146.013,-1.58205,-2.11868,1.13053,0,10,0,FALLBACK,1.0000,0.100,1.0373,0,none
146.064,-1.66428,-2.07587,0.79810,0,10,0,FALLBACK,1.0000,0.100,1.0364,0,none
146.115,-1.71588,-2.24111,0.93897,0,10,0,FALLBACK,1.0000,0.100,1.0357,0,none
146.163,-1.74356,-2.30376,0.79937,0,10,0,FALLBACK,1.0000,0.100,1.0350,0,none
146.215,-1.74223,-2.23018,0.65013,0,10,0,FALLBACK,1.0000,0.100,1.0343,0,none
146.264,-1.71197,-2.39263,0.27791,1,10,1,FALLBACK,1.0000,0.100,1.0336,0,none
146.314,-1.65296,-3.28901,0.63205,0,10,0,FALLBACK,1.0000,0.100,1.0329,0,none
146.365,-1.56615,-3.04610,0.48906,0,10,0,FALLBACK,1.0000,0.100,1.0322,0,none
146.414,-1.44972,-3.55274,0.59852,0,10,0,FALLBACK,1.0000,0.100,1.0316,0,none
146.465,-1.30603,-3.14425,0.33262,0,10,0,FALLBACK,0.9557,0.100,1.0309,0,none
146.518,-1.13647,-4.63437,0.95622,0,10,0,FALLBACK,0.7946,0.100,1.0312,0,none
146.567,-0.94420,-4.02847,0.63369,0,10,0,FALLBACK,0.6120,0.100,1.0329,0,none
146.617,-0.73333,-4.80232,0.85514,0,10,0,FALLBACK,0.4117,0.100,1.0360,0,none
146.666,-0.51725,-5.01346,1.20325,0,10,0,FALLBACK,0.2064,0.100,1.0394,0,none
146.719,-0.29564,-5.07641,1.12084,0,10,0,FALLBACK,-0.0041,0.100,1.0424,0,none
146.767,-0.07370,-5.30416,1.16174,0,10,0,FALLBACK,-0.2150,0.100,1.0448,0,none
146.819,0.14299,-5.89577,1.11726,0,10,0,FALLBACK,-0.4208,0.100,1.0463,0,none
146.869,0.35837,-5.01900,1.15141,0,10,0,FALLBACK,-0.6254,0.100,1.0467,0,none
146.916,0.53979,-5.00856,0.75374,0,10,0,FALLBACK,-0.7978,0.100,1.0457,0,none
146.969,0.69751,-4.44511,0.69416,0,10,0,FALLBACK,-0.9476,0.100,1.0438,0,none
147.021,0.82680,-4.84544,0.86891,0,10,0,FALLBACK,-1.0000,0.100,1.0411,0,none
147.067,0.92434,-5.07851,0.78393,0,10,0,FALLBACK,-1.0000,0.100,1.0389,0,none
147.119,0.99253,-4.67830,1.13834,0,10,0,FALLBACK,-1.0000,0.100,1.0378,0,none
147.170,1.02961,-4.82322,0.89172,0,10,0,FALLBACK,-1.0000,0.100,1.0371,0,none
147.217,1.03765,-4.56675,0.78887,0,10,0,FALLBACK,-1.0000,0.100,1.0364,0,none
147.267,1.01665,-4.88059,0.97814,0,10,0,FALLBACK,-1.0000,0.100,1.0357,0,none
147.319,0.96676,-4.39508,0.68367,0,10,0,FALLBACK,-1.0000,0.100,1.0350,0,none
147.369,0.88741,-3.98591,0.86813,0,10,0,FALLBACK,-1.0000,0.100,1.0343,0,none
147.420,0.78150,-3.44352,0.58489,0,10,0,FALLBACK,-1.0000,0.100,1.0336,0,none
147.471,0.64802,-3.10210,0.45110,0,10,0,FALLBACK,-0.9006,0.100,1.0330,0,none
147.519,0.48839,0.12086,0.63169,0,10,0,FALLBACK,-0.7490,0.100,1.0337,0,none
147.569,0.30812,0.61649,0.26326,1,10,1,FALLBACK,-0.5777,0.100,1.0360,0,none
147.620,0.11400,-1.15322,0.81208,0,10,0,FALLBACK,-0.3933,0.100,1.0389,0,none
147.670,-0.09279,-1.89435,0.77936,0,10,0,FALLBACK,-0.1969,0.100,1.0420,0,none
147.720,-0.30198,-1.26891,0.42491,0,10,0,FALLBACK,0.0019,0.100,1.0451,0,none
147.770,-0.51217,-1.46264,0.38342,0,10,0,FALLBACK,0.2016,0.100,1.0471,0,none
147.821,-0.71776,-1.72340,0.49296,0,10,0,FALLBACK,0.3969,0.100,1.0485,0,none
147.871,-0.91266,-2.26420,0.42219,0,10,0,FALLBACK,0.5820,0.100,1.0489,0,none
147.922,-1.09060,-2.28288,0.54642,0,10,0,FALLBACK,0.7511,0.100,1.0483,0,none
147.974,-1.24719,-2.52499,0.49398,0,10,0,FALLBACK,0.8998,0.100,1.0466,0,none
148.020,-1.37668,-1.78682,0.88156,0,10,0,FALLBACK,1.0000,0.100,1.0441,0,none
148.072,-1.47519,-2.01014,0.98734,0,10,0,FALLBACK,1.0000,0.100,1.0413,0,none
148.123,-1.54170,-2.29457,0.75755,0,10,0,FALLBACK,1.0000,0.100,1.0398,0,none
148.172,-1.58307,-2.24685,0.52949,0,10,0,FALLBACK,1.0000,0.100,1.0390,0,none
148.221,-1.58639,-1.94393,0.89843,0,10,0,FALLBACK,1.0000,0.100,1.0382,0,none
148.271,-1.56053,-3.27100,0.70229,0,10,0,FALLBACK,1.0000,0.100,1.0375,0,none
148.322,-1.50570,-2.30044,0.68428,0,10,0,FALLBACK,1.0000,0.100,1.0367,0,none
148.373,-1.42221,-3.22172,0.62103,0,10,0,FALLBACK,1.0000,0.100,1.0360,0,none
148.423,-1.31100,-3.61907,0.37149,0,10,0,FALLBACK,0.9605,0.100,1.0353,0,none
148.471,-1.17153,-3.59295,0.57915,0,10,0,FALLBACK,0.8280,0.100,1.0351,0,none
148.524,-1.00799,-4.11476,0.66550,0,10,0,FALLBACK,0.6726,0.100,1.0366,0,none
148.573,-0.82628,-3.99967,0.75188,0,10,0,FALLBACK,0.5000,0.100,1.0393,0,none
148.623,-0.63118,-5.01857,1.10883,0,10,0,FALLBACK,0.3146,0.100,1.0425,0,none
148.674,-0.42953,-5.03737,0.78103,0,10,0,FALLBACK,0.1231,0.100,1.0456,0,none
148.723,-0.22046,-5.55320,1.23839,0,10,0,FALLBACK,-0.0756,0.100,1.0483,0,none
148.773,-0.01285,-5.46168,1.11673,0,10,0,FALLBACK,-0.2728,0.100,1.0504,0,none
148.824,0.18773,-5.07174,0.87717,0,10,0,FALLBACK,-0.4633,0.100,1.0516,0,none
148.875,0.37550,-4.65523,1.02091,0,10,0,FALLBACK,-0.6417,0.100,1.0517,0,none
148.925,0.53308,-5.24064,1.42488,0,10,0,FALLBACK,-0.7914,0.100,1.0509,0,none
148.973,0.68603,-5.21051,1.05850,0,10,0,FALLBACK,-0.9367,0.100,1.0492,0,none
149.023,0.81106,-5.21315,1.18620,0,10,0,FALLBACK,-1.0000,0.100,1.0466,0,none
149.074,0.90433,-5.03820,0.73439,0,10,0,FALLBACK,-1.0000,0.100,1.0443,0,none
149.125,0.96643,-4.59566,0.71823,0,10,0,FALLBACK,-1.0000,0.100,1.0430,0,none
149.175,0.98506,-4.91393,0.85424,0,10,0,FALLBACK,-1.0000,0.100,1.0422,0,none
149.224,0.99814,-4.67451,0.92497,0,10,0,FALLBACK,-1.0000,0.100,1.0413,0,none
149.275,0.98188,-5.14969,0.73650,0,10,0,FALLBACK,-1.0000,0.100,1.0406,0,none
149.327,0.93644,-4.64547,0.74527,0,10,0,FALLBACK,-1.0000,0.100,1.0398,0,none
149.374,0.86213,-3.94265,0.71151,0,10,0,FALLBACK,-1.0000,0.100,1.0390,0,none
149.425,0.73714,-4.13522,0.67934,0,10,0,FALLBACK,-0.9853,0.100,1.0383,0,none
149.474,0.62204,-3.14133,0.48726,0,10,0,FALLBACK,-0.8759,0.100,1.0377,0,none
149.524,0.48088,-2.52350,0.71027,0,10,0,FALLBACK,-0.7418,0.100,1.0387,0,none
149.575,0.31920,0.28657,0.18392,1,10,1,FALLBACK,-0.5882,0.100,1.0409,0,none
149.626,0.14150,0.18807,0.17137,1,10,2,FALLBACK,-0.4194,0.100,1.0436,0,none
149.674,-0.04775,-1.82592,0.97919,0,10,0,FALLBACK,-0.2396,0.100,1.0466,0,none
149.726,-0.25203,-0.81185,0.68937,0,10,0,FALLBACK,-0.0456,0.100,1.0494,0,none
149.775,-0.44049,-0.76236,0.26589,1,10,1,FALLBACK,0.1335,0.100,1.0519,0,none
149.827,-0.62675,-0.32816,0.42179,0,10,0,FALLBACK,0.3104,0.100,1.0538,0,none
149.875,-0.80556,-1.06227,0.70258,0,10,0,FALLBACK,0.4803,0.100,1.0549,0,none
149.926,-0.97159,-0.63333,1.14959,0,10,0,FALLBACK,0.6380,0.100,1.0551,0,none
149.976,-1.13202,-0.46232,1.14938,0,10,0,FALLBACK,0.7904,0.100,1.0544,0,none
150.026,-1.24262,-1.54780,1.01116,0,10,0,FALLBACK,0.8955,0.100,1.0529,0,none
150.075,-1.32529,-0.06280,1.19874,0,10,0,FALLBACK,0.9740,0.100,1.0507,0,none
150.126,-1.37781,-1.38797,1.27346,0,10,0,FALLBACK,1.0000,0.100,1.0485,0,none
150.179,-1.39876,-2.51066,0.43380,0,10,0,FALLBACK,1.0000,0.100,1.0466,0,none
150.226,-1.39661,-3.59736,0.91779,0,10,0,FALLBACK,1.0000,0.100,1.0454,0,none
150.277,-1.34360,-2.89300,0.57026,0,10,0,FALLBACK,0.9914,0.100,1.0445,0,none
150.327,-1.26153,-3.68966,0.52040,0,10,0,FALLBACK,0.9135,0.100,1.0437,0,none
150.377,-1.15139,-3.18551,0.57826,0,10,0,FALLBACK,0.8088,0.100,1.0437,0,none
150.427,-1.04430,-4.51958,0.89613,0,10,0,FALLBACK,0.7071,0.100,1.0451,0,none
150.477,-0.87190,-4.07578,0.94331,0,10,0,FALLBACK,0.5433,0.100,1.0472,0,none
150.526,-0.68281,-5.08735,0.79860,0,10,0,FALLBACK,0.3637,0.100,1.0497,0,none
150.577,-0.48232,-4.78860,0.85118,0,10,0,FALLBACK,0.1732,0.100,1.0528,0,none
150.627,-0.27559,-5.40531,1.26047,0,10,0,FALLBACK,-0.0232,0.100,1.0557,0,none
150.679,-0.06782,-5.85445,1.18708,0,10,0,FALLBACK,-0.2206,0.100,1.0580,0,none
150.731,0.12133,-5.65367,1.11348,0,10,0,FALLBACK,-0.4003,0.100,1.0596,0,none
150.779,0.33126,-5.10269,0.92693,0,10,0,FALLBACK,-0.5997,0.100,1.0602,0,none
150.827,0.52603,-4.83703,1.25865,0,10,0,FALLBACK,-0.7847,0.100,1.0597,0,none
150.879,0.69894,-5.07907,0.96220,0,10,0,FALLBACK,-0.9490,0.100,1.0578,0,none
150.929,0.84402,-4.34080,1.01543,0,10,0,FALLBACK,-1.0000,0.100,1.0548,0,none
150.979,0.93482,-4.54072,1.06317,0,10,0,FALLBACK,-1.0000,0.100,1.0518,0,none
151.027,1.03756,-4.68239,0.58068,0,10,0,FALLBACK,-1.0000,0.100,1.0503,0,none
151.078,1.11073,-4.55405,0.87495,0,10,0,FALLBACK,-1.0000,0.100,1.0493,0,none
151.129,1.15439,-4.73381,0.75657,0,10,0,FALLBACK,-1.0000,0.100,1.0483,0,none
151.178,1.16838,-4.45646,0.65292,0,10,0,FALLBACK,-1.0000,0.100,1.0474,0,none
151.212,1.13819,-5.12371,0.79309,0,10,0,FALLBACK,-1.0000,0.100,1.0465,0,none
151.263,1.10856,-4.95689,0.61368,0,10,0,FALLBACK,-1.0000,0.100,1.0456,0,none
151.313,1.04957,-4.39360,0.61840,0,10,0,FALLBACK,-1.0000,0.100,1.0448,0,none
151.364,0.96157,-4.50533,0.85274,0,10,0,FALLBACK,-1.0000,0.100,1.0439,0,none
151.415,0.84511,-3.45487,0.73723,0,10,0,FALLBACK,-1.0000,0.100,1.0431,0,none
151.464,0.68773,-3.30522,0.51886,0,10,0,FALLBACK,-0.9383,0.100,1.0422,0,none
151.512,0.53002,-3.00878,0.42405,0,10,0,FALLBACK,-0.7885,0.100,1.0426,0,none
151.566,0.35053,-1.72769,0.91219,0,10,0,FALLBACK,-0.6180,0.100,1.0447,0,none
151.616,0.15535,0.04438,0.34863,0,10,0,FALLBACK,-0.4326,0.100,1.0477,0,none
151.663,-0.05057,-0.15740,0.29467,0,10,0,FALLBACK,-0.2370,0.100,1.0508,0,none
151.713,-0.28406,-0.45607,0.30943,0,10,0,FALLBACK,-0.0151,0.100,1.0536,0,none
151.763,-0.48061,-0.17918,0.59196,0,10,0,FALLBACK,0.1716,0.100,1.0557,0,none
151.816,-0.67118,1.16718,0.61514,0,10,0,FALLBACK,0.3526,0.100,1.0571,0,none
151.865,-0.84903,0.62558,0.85220,0,10,0,FALLBACK,0.5216,0.100,1.0573,0,none
151.916,-1.01140,0.03081,1.03985,0,10,0,FALLBACK,0.6758,0.100,1.0571,0,none
151.966,-1.15263,-0.20134,1.38031,0,10,0,FALLBACK,0.8100,0.100,1.0558,0,none
152.017,-1.27550,-0.78624,1.07396,0,10,0,FALLBACK,0.9267,0.100,1.0539,0,none
152.065,-1.34472,0.30727,1.09116,0,10,0,FALLBACK,0.9925,0.100,1.0514,0,none
152.115,-1.38203,-0.41111,1.45490,0,10,0,FALLBACK,1.0000,0.100,1.0491,0,none
152.165,-1.38789,-3.26470,0.66221,0,10,0,FALLBACK,1.0000,0.100,1.0477,0,none
152.215,-1.38626,-2.36756,0.49341,0,10,0,FALLBACK,1.0000,0.100,1.0467,0,none
152.266,-1.31206,-2.53727,0.34423,0,10,0,FALLBACK,0.9615,0.100,1.0458,0,none
152.317,-1.20956,-3.32660,0.42111,0,10,0,FALLBACK,0.8641,0.100,1.0457,0,none
152.366,-1.08216,-3.80099,0.91332,0,10,0,FALLBACK,0.7431,0.100,1.0469,0,none
152.416,-0.93439,-5.18041,0.72883,0,10,0,FALLBACK,0.6027,0.100,1.0491,0,none
152.467,-0.79586,-4.56014,0.64827,0,10,0,FALLBACK,0.4711,0.100,1.0518,0,none
152.518,-0.59559,-4.51252,0.79400,0,10,0,FALLBACK,0.2808,0.100,1.0546,0,none
152.568,-0.38745,-4.49490,0.62738,0,10,0,FALLBACK,0.0831,0.100,1.0575,0,none
152.616,-0.17756,-5.63984,1.34193,0,10,0,FALLBACK,-0.1163,0.100,1.0600,0,none
152.666,0.03011,-5.83761,0.70863,0,10,0,FALLBACK,-0.3136,0.100,1.0616,0,none
152.717,0.18921,-5.09327,1.04788,0,10,0,FALLBACK,-0.4647,0.100,1.0624,0,none
152.768,0.40363,-5.24411,1.35889,0,10,0,FALLBACK,-0.6684,0.100,1.0627,0,none
152.817,0.60037,-4.55970,0.89136,0,10,0,FALLBACK,-0.8554,0.100,1.0613,0,none
152.868,0.77188,-4.58506,1.01321,0,10,0,FALLBACK,-1.0000,0.100,1.0585,0,none
152.918,0.91253,-4.66915,1.17577,0,10,0,FALLBACK,-1.0000,0.100,1.0550,0,none
152.969,1.01988,-5.25643,0.90729,0,10,0,FALLBACK,-1.0000,0.100,1.0530,0,none
153.018,1.08152,-4.08396,0.88429,0,10,0,FALLBACK,-1.0000,0.100,1.0520,0,none
153.069,1.15835,-4.88681,0.92421,0,10,0,FALLBACK,-1.0000,0.100,1.0510,0,none
153.119,1.20563,-4.82234,0.98199,0,10,0,FALLBACK,-1.0000,0.100,1.0500,0,none
153.171,1.22304,-4.46731,0.85046,0,10,0,FALLBACK,-1.0000,0.100,1.0491,0,none
153.222,1.21077,-4.93959,1.07360,0,10,0,FALLBACK,-1.0000,0.100,1.0481,0,none
153.269,1.15448,-4.70133,0.85242,0,10,0,FALLBACK,-1.0000,0.100,1.0472,0,none
153.318,1.11005,-5.39363,1.01666,0,10,0,FALLBACK,-1.0000,0.100,1.0463,0,none
153.371,1.03628,-4.91764,0.85703,0,10,0,FALLBACK,-1.0000,0.100,1.0454,0,none
153.421,0.93374,-4.19636,0.48954,0,10,0,FALLBACK,-1.0000,0.100,1.0446,0,none
153.472,0.80298,-3.88328,0.68080,0,10,0,FALLBACK,-1.0000,0.100,1.0437,0,none
153.524,0.62344,-3.14674,0.54284,0,10,0,FALLBACK,-0.8773,0.100,1.0429,0,none
153.570,0.46893,-1.91396,0.97683,0,10,0,FALLBACK,-0.7305,0.100,1.0437,0,none
153.621,0.29437,0.08395,0.44197,0,10,0,FALLBACK,-0.5647,0.100,1.0460,0,none
153.671,0.10439,0.19156,0.29513,0,10,0,FALLBACK,-0.3842,0.100,1.0488,0,none
153.721,-0.09618,-0.00777,0.35855,0,10,0,FALLBACK,-0.1936,0.100,1.0518,0,none
153.772,-0.33657,-0.44841,0.43235,0,10,0,FALLBACK,0.0347,0.100,1.0545,0,none
153.823,-0.51154,0.35064,0.48367,0,10,0,FALLBACK,0.2010,0.100,1.0565,0,none
153.874,-0.67996,0.27194,0.49344,0,10,0,FALLBACK,0.3610,0.100,1.0579,0,none
153.922,-0.83933,0.04435,0.80217,0,10,0,FALLBACK,0.5124,0.100,1.0597,0,none
153.973,-0.98518,-0.27936,0.79573,0,10,0,FALLBACK,0.6509,0.100,1.0587,0,none
154.022,-1.14262,-0.36037,1.02735,0,10,0,FALLBACK,0.8005,0.100,1.0579,0,none
154.073,-1.20761,-1.00577,0.79679,0,10,0,FALLBACK,0.8622,0.100,1.0561,0,none
154.123,-1.24365,-2.65966,1.02356,0,10,0,FALLBACK,0.8965,0.100,1.0546,0,none
154.172,-1.25125,-1.71369,1.02188,0,10,0,FALLBACK,0.9037,0.100,1.0536,0,none
154.223,-1.23073,-2.84798,0.48368,0,10,0,FALLBACK,0.8842,0.100,1.0530,0,none
154.271,-1.19808,-3.65389,0.59966,0,10,0,FALLBACK,0.8532,0.100,1.0529,0,none
154.322,-1.09153,-3.03811,0.50288,0,10,0,FALLBACK,0.7520,0.100,1.0532,0,none
154.373,-0.96182,-4.54046,0.70353,0,10,0,FALLBACK,0.6287,0.100,1.0546,0,none
154.423,-0.81360,-3.99620,0.45040,0,10,0,FALLBACK,0.4879,0.100,1.0568,0,none
154.474,-0.69724,-4.80367,0.93009,0,10,0,FALLBACK,0.3774,0.100,1.0595,0,none
154.524,-0.49060,-4.66901,0.74171,0,10,0,FALLBACK,0.1811,0.100,1.0622,0,none
154.574,-0.27697,-5.49744,0.92149,0,10,0,FALLBACK,-0.0219,0.100,1.0646,0,none
154.623,-0.06306,-5.61654,1.27740,0,10,0,FALLBACK,-0.2251,0.100,1.0667,0,none
154.674,0.14530,-5.85620,1.13940,0,10,0,FALLBACK,-0.4230,0.100,1.0679,0,none
154.726,0.34187,-5.85763,1.20063,0,10,0,FALLBACK,-0.6098,0.100,1.0681,0,none
154.774,0.49842,-4.96739,0.67160,0,10,0,FALLBACK,-0.7585,0.100,1.0671,0,none
154.824,0.68702,-5.00193,1.23409,0,10,0,FALLBACK,-0.9377,0.100,1.0654,0,none
154.875,0.84852,-4.54191,1.00907,0,10,0,FALLBACK,-1.0000,0.100,1.0621,0,none
154.925,0.97724,-4.63472,0.93686,0,10,0,FALLBACK,-1.0000,0.100,1.0593,0,none
154.979,1.07437,-4.28967,0.91683,0,10,0,FALLBACK,-1.0000,0.100,1.0578,0,none
155.024,1.11843,-4.44382,1.18643,0,10,0,FALLBACK,-1.0000,0.100,1.0566,0,none
155.073,1.18632,-4.28779,0.77238,0,10,0,FALLBACK,-1.0000,0.100,1.0556,0,none
155.124,1.22424,-4.45048,0.77523,0,10,0,FALLBACK,-1.0000,0.100,1.0545,0,none
155.175,1.23222,-4.72967,1.05145,0,10,0,FALLBACK,-1.0000,0.100,1.0535,0,none
155.225,1.21011,-4.89244,0.99823,0,10,0,FALLBACK,-1.0000,0.100,1.0525,0,none
155.275,1.13911,-4.82433,1.17138,0,10,0,FALLBACK,-1.0000,0.100,1.0515,0,none
155.324,1.08390,-4.66418,0.96814,0,10,0,FALLBACK,-1.0000,0.100,1.0505,0,none
155.375,0.99937,-4.37141,0.74892,0,10,0,FALLBACK,-1.0000,0.100,1.0496,0,none
155.425,0.88597,-4.25888,0.72017,0,10,0,FALLBACK,-1.0000,0.100,1.0486,0,none
155.476,0.74443,-3.44468,0.64687,0,10,0,FALLBACK,-0.9922,0.100,1.0477,0,none
155.525,0.55800,-1.94269,0.70226,0,10,0,FALLBACK,-0.8151,0.100,1.0469,0,none
155.576,0.38300,0.40903,0.17521,1,10,1,FALLBACK,-0.6488,0.100,1.0483,0,none
155.626,0.19081,0.27899,0.18308,1,10,2,FALLBACK,-0.4663,0.100,1.0511,0,none
155.677,-0.01402,-0.15766,0.21456,1,10,3,FALLBACK,-0.2717,0.100,1.0541,0,none
155.726,-0.22657,-0.38281,0.13487,1,10,4,FALLBACK,-0.0698,0.100,1.0569,0,none
155.777,-0.47389,-0.92896,0.19213,1,10,5,FALLBACK,0.1652,0.100,1.0595,0,none
155.827,-0.66504,-0.84612,0.35603,0,10,0,FALLBACK,0.3468,0.100,1.0611,0,none
155.877,-0.84562,-1.17734,0.30760,0,10,0,FALLBACK,0.5183,0.100,1.0612,0,none
155.929,-1.01163,-1.15363,0.25279,1,10,1,FALLBACK,0.6760,0.100,1.0615,0,none
155.977,-1.15858,-1.45334,0.64256,0,10,0,FALLBACK,0.8157,0.100,1.0605,0,none
156.028,-1.30551,-0.49538,0.73329,0,10,0,FALLBACK,0.9552,0.100,1.0587,0,none
156.077,-1.37826,-1.49788,0.62122,0,10,0,FALLBACK,1.0000,0.100,1.0551,0,none
156.127,-1.41773,-1.44656,0.51504,0,10,0,FALLBACK,1.0000,0.100,1.0530,0,none
156.179,-1.42566,-1.47860,0.41090,0,10,0,FALLBACK,1.0000,0.100,1.0514,0,none
156.227,-1.40335,-3.22466,0.58168,0,10,0,FALLBACK,1.0000,0.100,1.0504,0,none
156.277,-1.36490,-2.48278,0.60436,0,10,0,FALLBACK,1.0000,0.100,1.0494,0,none
156.328,-1.26773,-3.73252,0.59812,0,10,0,FALLBACK,0.9193,0.100,1.0484,0,none
156.377,-1.14211,-3.31149,0.61552,0,10,0,FALLBACK,0.8000,0.100,1.0482,0,none
156.427,-0.99249,-4.30521,0.63050,0,10,0,FALLBACK,0.6579,0.100,1.0497,0,none
156.477,-0.82353,-3.77302,0.54938,0,10,0,FALLBACK,0.4974,0.100,1.0520,0,none
156.530,-0.65301,-4.69061,1.00330,0,10,0,FALLBACK,0.3354,0.100,1.0548,0,none
156.577,-0.44451,-4.94998,1.00057,0,10,0,FALLBACK,0.1373,0.100,1.0578,0,none
156.627,-0.23266,-6.32165,1.02082,0,10,0,FALLBACK,-0.0640,0.100,1.0607,0,none
156.680,-0.02096,-5.42436,1.15806,0,10,0,FALLBACK,-0.2651,0.100,1.0627,0,none
156.731,0.18560,-4.89731,1.32799,0,10,0,FALLBACK,-0.4613,0.100,1.0640,0,none
156.779,0.35710,-5.20053,1.31522,0,10,0,FALLBACK,-0.6242,0.100,1.0642,0,none
156.813,0.55028,-4.80385,1.19221,0,10,0,FALLBACK,-0.8078,0.100,1.0625,0,none
156.864,0.71844,-4.15559,1.08582,0,10,0,FALLBACK,-0.9675,0.100,1.0599,0,none
156.915,0.85612,-5.00645,0.76406,0,10,0,FALLBACK,-1.0000,0.100,1.0562,0,none
156.965,0.96091,-4.87245,0.94972,0,10,0,FALLBACK,-1.0000,0.100,1.0541,0,none
157.014,1.01684,-5.02809,1.13096,0,10,0,FALLBACK,-1.0000,0.100,1.0529,0,none
157.064,1.07585,-4.81821,0.68560,0,10,0,FALLBACK,-1.0000,0.100,1.0519,0,none
157.112,1.10519,-4.59425,1.00509,0,10,0,FALLBACK,-1.0000,0.100,1.0509,0,none
157.163,1.10457,-4.28444,1.04534,0,10,0,FALLBACK,-1.0000,0.100,1.0499,0,none
157.214,1.07418,-4.90873,1.24470,0,10,0,FALLBACK,-1.0000,0.100,1.0490,0,none
157.264,0.99854,-3.99929,0.57028,0,10,0,FALLBACK,-1.0000,0.100,1.0481,0,none
157.314,0.92304,-4.07525,0.79872,0,10,0,FALLBACK,-1.0000,0.100,1.0471,0,none
157.366,0.81866,-3.26575,0.43651,0,10,0,FALLBACK,-1.0000,0.100,1.0462,0,none
157.415,0.68592,-3.47971,0.38465,0,10,0,FALLBACK,-0.9366,0.100,1.0454,0,none
157.465,0.52660,-2.98420,0.44831,0,10,0,FALLBACK,-0.7853,0.100,1.0457,0,none
157.515,0.32278,0.70515,0.21264,1,10,1,FALLBACK,-0.5916,0.100,1.0478,0,none
157.567,0.14233,0.25106,0.26572,1,10,2,FALLBACK,-0.4202,0.100,1.0509,0,none
157.616,-0.04813,-0.63383,0.71612,0,10,0,FALLBACK,-0.2393,0.100,1.0539,0,none
157.666,-0.24451,-0.36134,0.22769,1,10,1,FALLBACK,-0.0527,0.100,1.0567,0,none
157.716,-0.44185,-0.76243,0.44646,0,10,0,FALLBACK,0.1348,0.100,1.0589,0,none
157.765,-0.63488,-0.66055,0.25165,1,10,1,FALLBACK,0.3181,0.100,1.0604,0,none
157.816,-0.82974,-0.87753,0.24102,1,10,2,FALLBACK,0.5032,0.100,1.0611,0,none
157.866,-0.97956,-1.28698,0.31831,0,10,0,FALLBACK,0.6456,0.100,1.0606,0,none
157.916,-1.10830,-1.19517,0.22481,1,10,1,FALLBACK,0.7679,0.100,1.0596,0,none
157.966,-1.21230,-1.25188,0.34163,0,10,0,FALLBACK,0.8667,0.100,1.0581,0,none
158.014,-1.28864,-1.42291,0.36854,0,10,0,FALLBACK,0.9392,0.100,1.0562,0,none
158.067,-1.34348,-1.60780,0.54753,0,10,0,FALLBACK,0.9913,0.100,1.0543,0,none
158.114,-1.33565,-2.32745,0.69713,0,10,0,FALLBACK,0.9839,0.100,1.0525,0,none
158.167,-1.29671,-1.61328,0.44909,0,10,0,FALLBACK,0.9469,0.100,1.0513,0,none
158.218,-1.22895,-2.48364,0.62634,0,10,0,FALLBACK,0.8825,0.100,1.0510,0,none
158.265,-1.15855,-2.74140,0.40966,0,10,0,FALLBACK,0.8156,0.100,1.0516,0,none
158.317,-1.01831,-4.05807,0.55071,0,10,0,FALLBACK,0.6824,0.100,1.0527,0,none
158.369,-0.85758,-4.23338,0.69129,0,10,0,FALLBACK,0.5297,0.100,1.0547,0,none
158.417,-0.68159,-4.33897,0.42574,0,10,0,FALLBACK,0.3625,0.100,1.0574,0,none
158.469,-0.49630,-4.93015,0.92762,0,10,0,FALLBACK,0.1865,0.100,1.0606,0,none
158.518,-0.33130,-4.76485,0.86043,0,10,0,FALLBACK,0.0297,0.100,1.0631,0,none
158.568,-0.11724,-5.42146,1.18967,0,10,0,FALLBACK,-0.1736,0.100,1.0654,0,none
158.619,0.09345,-4.24432,0.56975,0,10,0,FALLBACK,-0.3738,0.100,1.0668,0,none
158.669,0.29412,-4.29005,0.70401,0,10,0,FALLBACK,-0.5644,0.100,1.0672,0,none
158.720,0.47851,-4.25576,0.73872,0,10,0,FALLBACK,-0.7396,0.100,1.0665,0,none
158.769,0.61628,-4.40084,1.01193,0,10,0,FALLBACK,-0.8705,0.100,1.0647,0,none
158.821,0.76594,-4.14864,0.95761,0,10,0,FALLBACK,-1.0000,0.100,1.0615,0,none
158.871,0.88607,-4.84402,1.12295,0,10,0,FALLBACK,-1.0000,0.100,1.0588,0,none
158.919,0.97320,-4.14206,0.75250,0,10,0,FALLBACK,-1.0000,0.100,1.0569,0,none
158.971,1.03002,-4.55495,0.59802,0,10,0,FALLBACK,-1.0000,0.100,1.0558,0,none
159.021,1.04194,-4.07932,0.76072,0,10,0,FALLBACK,-1.0000,0.100,1.0548,0,none
159.071,1.05034,-4.21377,1.08294,0,10,0,FALLBACK,-1.0000,0.100,1.0537,0,none
159.121,1.02882,-4.06948,0.69829,0,10,0,FALLBACK,-1.0000,0.100,1.0527,0,none
159.172,0.97744,-4.33317,0.73751,0,10,0,FALLBACK,-1.0000,0.100,1.0517,0,none
159.221,0.89659,-3.84778,0.66046,0,10,0,FALLBACK,-1.0000,0.100,1.0507,0,none
159.271,0.77529,-3.47230,0.49031,0,10,0,FALLBACK,-1.0000,0.100,1.0498,0,none
159.321,0.64646,-2.91797,0.36565,0,10,0,FALLBACK,-0.8991,0.100,1.0488,0,none
159.371,0.49062,-0.84284,1.04701,0,10,0,FALLBACK,-0.7511,0.100,1.0493,0,none
159.420,0.31333,-0.41376,0.67786,0,10,0,FALLBACK,-0.5827,0.100,1.0514,0,none
159.471,0.11998,-0.44731,0.64362,0,10,0,FALLBACK,-0.3990,0.100,1.0541,0,none
159.523,-0.09860,-1.46282,0.87896,0,10,0,FALLBACK,-0.1913,0.100,1.0570,0,none
159.572,-0.30005,-0.45841,0.11996,1,10,1,FALLBACK,0.0000,0.100,1.0597,0,none
159.623,-0.50163,-0.93687,0.24833,1,10,2,FALLBACK,0.1915,0.100,1.0619,0,none
159.671,-0.69833,-1.01541,0.17243,1,10,3,FALLBACK,0.3784,0.100,1.0632,0,none
159.721,-0.88455,-1.12181,0.33382,0,10,0,FALLBACK,0.5553,0.100,1.0636,0,none
159.772,-1.05466,-1.19918,0.63090,0,10,0,FALLBACK,0.7169,0.100,1.0630,0,none
159.823,-1.20702,-1.52577,0.51694,0,10,0,FALLBACK,0.8617,0.100,1.0614,0,none
159.872,-1.32282,-1.54552,0.62437,0,10,0,FALLBACK,0.9717,0.100,1.0590,0,none
159.923,-1.40783,-1.20352,0.38742,0,10,0,FALLBACK,1.0000,0.100,1.0561,0,none
159.971,-1.46015,-1.47911,0.32202,0,10,0,FALLBACK,1.0000,0.100,1.0540,0,none
160.024,-1.48130,-1.58208,0.35673,0,10,0,FALLBACK,1.0000,0.100,1.0528,0,none
160.073,-1.47729,-2.28225,0.43768,0,10,0,FALLBACK,1.0000,0.100,1.0517,0,none
160.123,-1.42669,-2.43074,0.42339,0,10,0,FALLBACK,1.0000,0.100,1.0507,0,none
160.173,-1.34658,-2.80527,0.44275,0,10,0,FALLBACK,0.9943,0.100,1.0497,0,none
160.222,-1.23754,-3.09911,0.44953,0,10,0,FALLBACK,0.8907,0.100,1.0489,0,none
160.273,-1.11155,-3.96978,0.65619,0,10,0,FALLBACK,0.7710,0.100,1.0494,0,none
160.323,-0.94568,-4.54070,0.61197,0,10,0,FALLBACK,0.6134,0.100,1.0513,0,none
160.372,-0.76249,-5.12342,0.76200,0,10,0,FALLBACK,0.4394,0.100,1.0539,0,none
160.423,-0.56675,-4.77274,1.05317,0,10,0,FALLBACK,0.2534,0.100,1.0569,0,none
160.473,-0.36366,-4.97521,0.98580,0,10,0,FALLBACK,0.0605,0.100,1.0598,0,none
160.523,-0.17383,-4.97068,1.08643,0,10,0,FALLBACK,-0.1199,0.100,1.0624,0,none
160.573,0.03573,-4.84728,0.94525,0,10,0,FALLBACK,-0.3189,0.100,1.0640,0,none
160.623,0.23746,-5.33227,0.84899,0,10,0,FALLBACK,-0.5106,0.100,1.0648,0,none
160.672,0.42489,-4.93903,1.09886,0,10,0,FALLBACK,-0.6886,0.100,1.0645,0,none
160.724,0.59178,-4.77891,0.94283,0,10,0,FALLBACK,-0.8472,0.100,1.0631,0,none
160.775,0.73279,-4.54593,0.84897,0,10,0,FALLBACK,-0.9811,0.100,1.0607,0,none
160.823,0.84143,-3.87934,0.66785,0,10,0,FALLBACK,-1.0000,0.100,1.0575,0,none
160.872,0.92117,-3.59992,0.80579,0,10,0,FALLBACK,-1.0000,0.100,1.0554,0,none
160.925,0.97022,-3.78757,0.65840,0,10,0,FALLBACK,-1.0000,0.100,1.0542,0,none
160.975,0.98906,-4.25121,1.05370,0,10,0,FALLBACK,-1.0000,0.100,1.0532,0,none
161.026,0.97800,-4.34824,0.57084,0,10,0,FALLBACK,-1.0000,0.100,1.0522,0,none
161.076,0.93822,-4.12852,0.51721,0,10,0,FALLBACK,-1.0000,0.100,1.0512,0,none
161.125,0.86525,-3.41908,0.59067,0,10,0,FALLBACK,-1.0000,0.100,1.0502,0,none
161.175,0.76328,-3.37482,0.57139,0,10,0,FALLBACK,-1.0000,0.100,1.0493,0,none
161.226,0.63273,-3.18048,0.48869,0,10,0,FALLBACK,-0.8861,0.100,1.0483,0,none
161.275,0.47761,-0.36352,0.56898,0,10,0,FALLBACK,-0.7387,0.100,1.0490,0,none
161.326,0.29780,0.45193,0.31102,0,10,0,FALLBACK,-0.5679,0.100,1.0511,0,none
161.375,0.10243,0.14185,0.51837,0,10,0,FALLBACK,-0.3823,0.100,1.0539,0,none
161.424,-0.10364,-0.50556,0.21907,1,10,1,FALLBACK,-0.1865,0.100,1.0569,0,none
161.475,-0.31518,-0.53362,0.23738,1,10,2,FALLBACK,0.0144,0.100,1.0595,0,none
161.526,-0.52693,-0.87989,0.47443,0,10,0,FALLBACK,0.2156,0.100,1.0616,0,none
161.576,-0.73423,-1.22101,0.30875,0,10,0,FALLBACK,0.4125,0.100,1.0628,0,none
161.625,-0.92841,-1.66428,0.45074,0,10,0,FALLBACK,0.5970,0.100,1.0629,0,none
161.676,-1.10508,-2.03639,0.44086,0,10,0,FALLBACK,0.7648,0.100,1.0619,0,none
161.727,-1.25990,-1.96036,0.50356,0,10,0,FALLBACK,0.9119,0.100,1.0608,0,none
161.779,-1.38786,-2.25643,0.58434,0,10,0,FALLBACK,1.0000,0.100,1.0581,0,none
161.827,-1.49050,-1.95119,0.48651,0,10,0,FALLBACK,1.0000,0.100,1.0551,0,none
161.877,-1.54722,-2.13390,0.39926,0,10,0,FALLBACK,1.0000,0.100,1.0530,0,none
161.928,-1.57343,-2.01413,0.46368,0,10,0,FALLBACK,1.0000,0.100,1.0519,0,none
161.977,-1.56975,-1.73832,0.35181,0,10,0,FALLBACK,1.0000,0.100,1.0509,0,none
162.028,-1.53612,-2.07953,0.26545,1,10,1,FALLBACK,1.0000,0.100,1.0499,0,none
162.079,-1.47677,-2.18269,0.49610,0,10,0,FALLBACK,1.0000,0.100,1.0489,0,none
162.127,-1.37842,-3.07719,0.43340,0,10,0,FALLBACK,1.0000,0.100,1.0480,0,none
162.178,-1.25158,-3.03581,0.60367,0,10,0,FALLBACK,0.9040,0.100,1.0470,0,none
162.228,-1.09706,-3.47681,0.69433,0,10,0,FALLBACK,0.7572,0.100,1.0470,0,none
162.279,-0.91984,-3.73446,0.74463,0,10,0,FALLBACK,0.5888,0.100,1.0488,0,none
162.329,-0.72900,-3.82959,0.66726,0,10,0,FALLBACK,0.4076,0.100,1.0516,0,none
162.378,-0.51834,-4.86852,0.95949,0,10,0,FALLBACK,0.2074,0.100,1.0547,0,none
162.429,-0.30038,-5.17575,0.83246,0,10,0,FALLBACK,0.0004,0.100,1.0577,0,none
162.463,-0.08072,-3.45254,0.56017,0,10,0,FALLBACK,-0.2083,0.100,1.0601,0,none
162.514,0.13219,-4.25392,0.83272,0,10,0,FALLBACK,-0.4106,0.100,1.0612,0,none
162.565,0.31888,-4.17367,0.78208,0,10,0,FALLBACK,-0.5879,0.100,1.0612,0,none
162.612,0.51124,-3.95063,0.83121,0,10,0,FALLBACK,-0.7707,0.100,1.0604,0,none
162.665,0.68019,-4.49561,0.87333,0,10,0,FALLBACK,-0.9312,0.100,1.0581,0,none
162.716,0.81995,-3.22819,0.87582,0,10,0,FALLBACK,-1.0000,0.100,1.0548,0,none
162.763,0.92733,-4.02123,0.66300,0,10,0,FALLBACK,-1.0000,0.100,1.0523,0,none
162.814,0.98925,-3.89828,0.83771,0,10,0,FALLBACK,-1.0000,0.100,1.0510,0,none
162.863,1.04747,-3.87052,0.52170,0,10,0,FALLBACK,-1.0000,0.100,1.0500,0,none
162.913,1.07594,-4.04923,0.49582,0,10,0,FALLBACK,-1.0000,0.100,1.0491,0,none
162.963,1.07466,-4.36097,0.76921,0,10,0,FALLBACK,-1.0000,0.100,1.0481,0,none
163.015,1.04377,-4.12586,0.85025,0,10,0,FALLBACK,-1.0000,0.100,1.0472,0,none
163.065,0.96965,-4.69937,0.74803,0,10,0,FALLBACK,-1.0000,0.100,1.0463,0,none
163.115,0.89258,-3.74355,0.56927,0,10,0,FALLBACK,-1.0000,0.100,1.0454,0,none
163.166,0.78672,-3.05043,0.43363,0,10,0,FALLBACK,-1.0000,0.100,1.0446,0,none
163.216,0.65272,-2.44490,0.66055,0,10,0,FALLBACK,-0.9051,0.100,1.0437,0,none
163.265,0.49275,-2.72703,0.67900,0,10,0,FALLBACK,-0.7531,0.100,1.0446,0,none
163.315,0.28967,-0.85578,0.83831,0,10,0,FALLBACK,-0.5602,0.100,1.0469,0,none
163.365,0.11166,-0.31000,0.33216,0,10,0,FALLBACK,-0.3911,0.100,1.0501,0,none
163.414,-0.07408,-1.10335,0.63495,0,10,0,FALLBACK,-0.2146,0.100,1.0532,0,none
163.465,-0.26565,-0.54438,0.32412,0,10,0,FALLBACK,-0.0326,0.100,1.0558,0,none
163.515,-0.45779,-0.79889,0.28638,0,10,0,FALLBACK,0.1499,0.100,1.0580,0,none
163.567,-0.64509,-0.90131,0.18314,1,10,1,FALLBACK,0.3278,0.100,1.0595,0,none
163.615,-0.83445,-1.54855,0.44712,0,10,0,FALLBACK,0.5077,0.100,1.0602,0,none
163.669,-0.97973,-1.72944,0.50634,0,10,0,FALLBACK,0.6457,0.100,1.0600,0,none
163.717,-1.10458,-1.74015,0.44308,0,10,0,FALLBACK,0.7644,0.100,1.0592,0,none
163.767,-1.20556,-2.17370,0.65148,0,10,0,FALLBACK,0.8603,0.100,1.0579,0,none
163.819,-1.30569,-1.73887,0.43108,0,10,0,FALLBACK,0.9554,0.100,1.0562,0,none
163.868,-1.32959,-2.34031,0.50222,0,10,0,FALLBACK,0.9781,0.100,1.0540,0,none
163.919,-1.32166,-3.00175,0.60725,0,10,0,FALLBACK,0.9706,0.100,1.0523,0,none
163.967,-1.28362,-2.56335,0.67862,0,10,0,FALLBACK,0.9344,0.100,1.0514,0,none
164.017,-1.21752,-3.22323,0.52855,0,10,0,FALLBACK,0.8716,0.100,1.0513,0,none
164.069,-1.14225,-2.73112,0.43655,0,10,0,FALLBACK,0.8001,0.100,1.0518,0,none
164.118,-1.00962,-4.19899,0.75856,0,10,0,FALLBACK,0.6741,0.100,1.0530,0,none
164.171,-0.85683,-4.67766,1.16229,0,10,0,FALLBACK,0.5290,0.100,1.0550,0,none
164.219,-0.68861,-3.67196,0.56987,0,10,0,FALLBACK,0.3692,0.100,1.0577,0,none
164.269,-0.50963,-3.83534,0.57456,0,10,0,FALLBACK,0.1992,0.100,1.0605,0,none
164.317,-0.34938,-4.34751,0.67671,0,10,0,FALLBACK,0.0469,0.100,1.0632,0,none
164.367,-0.14041,-5.08719,1.14445,0,10,0,FALLBACK,-0.1516,0.100,1.0656,0,none
164.417,0.06581,-4.75156,0.83359,0,10,0,FALLBACK,-0.3475,0.100,1.0671,0,none
164.469,0.26278,-3.98675,0.75672,0,10,0,FALLBACK,-0.5346,0.100,1.0677,0,none
164.519,0.44436,-4.38782,0.91215,0,10,0,FALLBACK,-0.7071,0.100,1.0672,0,none
164.569,0.56952,-4.72573,0.89359,0,10,0,FALLBACK,-0.8260,0.100,1.0657,0,none
164.619,0.73028,-3.94905,0.88742,0,10,0,FALLBACK,-0.9788,0.100,1.0639,0,none
164.671,0.86228,-4.29179,0.74480,0,10,0,FALLBACK,-1.0000,0.100,1.0606,0,none
164.720,0.96084,-4.43432,1.11794,0,10,0,FALLBACK,-1.0000,0.100,1.0584,0,none
164.771,1.02858,-4.32189,0.57692,0,10,0,FALLBACK,-1.0000,0.100,1.0571,0,none
164.818,1.02085,-3.76404,0.60478,0,10,0,FALLBACK,-1.0000,0.100,1.0560,0,none
164.870,1.06346,-4.39851,0.96916,0,10,0,FALLBACK,-1.0000,0.100,1.0549,0,none
164.920,1.07604,-4.52260,0.77878,0,10,0,FALLBACK,-1.0000,0.100,1.0539,0,none
164.971,1.05857,-4.75622,0.90497,0,10,0,FALLBACK,-1.0000,0.100,1.0529,0,none
165.022,1.01122,-4.99235,0.56366,0,10,0,FALLBACK,-1.0000,0.100,1.0519,0,none
165.070,0.89653,-4.50782,0.88159,0,10,0,FALLBACK,-1.0000,0.100,1.0509,0,none
165.121,0.81978,-3.78375,0.58287,0,10,0,FALLBACK,-1.0000,0.100,1.0499,0,none
165.173,0.71402,-3.46415,0.43205,0,10,0,FALLBACK,-0.9633,0.100,1.0490,0,none
165.222,0.58015,-3.73808,0.44138,0,10,0,FALLBACK,-0.8361,0.100,1.0486,0,none
165.273,0.42124,-2.43699,0.61181,0,10,0,FALLBACK,-0.6852,0.100,1.0498,0,none
165.322,0.19448,-2.66501,0.80692,0,10,0,FALLBACK,-0.4698,0.100,1.0522,0,none
165.373,0.03406,-3.25467,0.56937,0,10,0,FALLBACK,-0.3174,0.100,1.0552,0,none
165.422,-0.13417,-2.12873,0.68297,0,10,0,FALLBACK,-0.1575,0.100,1.0581,0,none
165.473,-0.30713,-2.25683,0.55670,0,10,0,FALLBACK,0.0068,0.100,1.0606,0,none
165.523,-0.48047,-2.61636,0.63967,0,10,0,FALLBACK,0.1714,0.100,1.0627,0,none
165.573,-0.64936,-2.70327,0.68053,0,10,0,FALLBACK,0.3319,0.100,1.0642,0,none
165.625,-0.82991,-2.21883,0.50118,0,10,0,FALLBACK,0.5034,0.100,1.0650,0,none
165.675,-0.93621,-2.49527,0.41014,0,10,0,FALLBACK,0.6044,0.100,1.0648,0,none
165.726,-1.02219,-2.93410,0.45605,0,10,0,FALLBACK,0.6861,0.100,1.0645,0,none
165.777,-1.08676,-2.99679,0.37586,0,10,0,FALLBACK,0.7474,0.100,1.0644,0,none
165.826,-1.15172,-3.25704,0.35681,0,10,0,FALLBACK,0.8091,0.100,1.0639,0,none
165.877,-1.14700,-2.73125,0.47253,0,10,0,FALLBACK,0.8046,0.100,1.0632,0,none
165.927,-1.11564,-2.07341,0.53174,0,10,0,FALLBACK,0.7749,0.100,1.0627,0,none
165.977,-1.05989,-2.37954,0.49022,0,10,0,FALLBACK,0.7219,0.100,1.0634,0,none
166.027,-0.98129,-3.27144,0.44253,0,10,0,FALLBACK,0.6472,0.100,1.0641,0,none
166.077,-0.86960,-3.11964,0.56832,0,10,0,FALLBACK,0.5411,0.100,1.0656,0,none
166.129,-0.76654,-3.35958,0.68685,0,10,0,FALLBACK,0.4432,0.100,1.0676,0,none
166.178,-0.64948,-3.45690,0.79781,0,10,0,FALLBACK,0.3320,0.100,1.0699,0,none
166.229,-0.52131,-3.81569,0.59131,0,10,0,FALLBACK,0.2102,0.100,1.0723,0,none
166.279,-0.38541,-3.70996,0.59119,0,10,0,FALLBACK,0.0811,0.100,1.0747,0,none
166.331,-0.23416,-3.96804,0.55006,0,10,0,FALLBACK,-0.0625,0.100,1.0769,0,none
166.379,-0.11025,-4.28230,0.78443,0,10,0,FALLBACK,-0.1803,0.100,1.0789,0,none
166.413,0.00917,-4.47559,0.80938,0,10,0,FALLBACK,-0.2937,0.100,1.0805,0,none
166.462,0.11863,-4.20358,0.53203,0,10,0,FALLBACK,-0.3977,0.100,1.0814,0,none
166.515,0.21453,-3.98676,0.75574,0,10,0,FALLBACK,-0.4888,0.100,1.0820,0,none
166.565,0.30501,-4.64942,0.97249,0,10,0,FALLBACK,-0.5748,0.100,1.0823,0,none
166.614,0.34644,-4.28424,0.53614,0,10,0,FALLBACK,-0.6141,0.100,1.0823,0,none
166.664,0.36681,-3.56912,0.61314,0,10,0,FALLBACK,-0.6335,0.100,1.0825,0,none
166.713,0.36618,-3.72177,0.44992,0,10,0,FALLBACK,-0.6329,0.100,1.0829,0,none
166.766,0.37457,-2.98055,0.49186,0,10,0,FALLBACK,-0.6408,0.100,1.0835,0,none
166.814,0.30687,-2.97460,0.32756,0,10,0,FALLBACK,-0.5765,0.100,1.0841,0,none
166.864,0.21971,-2.45765,0.43167,0,10,0,FALLBACK,-0.4937,0.100,1.0854,0,none
166.917,0.11693,-1.14494,0.59545,0,10,0,FALLBACK,-0.3961,0.100,1.0873,0,none
166.965,0.00176,-0.89728,0.76249,0,10,0,FALLBACK,-0.2867,0.100,1.0893,0,none
167.017,-0.09716,-2.17837,0.61856,0,10,0,FALLBACK,-0.1927,0.100,1.0914,0,none
167.064,-0.25442,-1.45145,0.75615,0,10,0,FALLBACK,-0.0433,0.100,1.0935,0,none
167.115,-0.41383,-1.02886,0.42799,0,10,0,FALLBACK,0.1081,0.100,1.0953,0,none
167.164,-0.56987,-1.41950,0.61493,0,10,0,FALLBACK,0.2564,0.100,1.0966,0,none
167.215,-0.71756,-1.28744,0.29399,0,10,0,FALLBACK,0.3967,0.100,1.0974,0,none
167.265,-0.82345,-1.51803,0.38515,0,10,0,FALLBACK,0.4973,0.100,1.0974,0,none
167.316,-0.97410,-2.05872,0.53904,0,10,0,FALLBACK,0.6404,0.100,1.0973,0,none
167.366,-1.10444,-1.81118,0.43670,0,10,0,FALLBACK,0.7642,0.100,1.0960,0,none
167.417,-1.20886,-2.13794,0.43216,0,10,0,FALLBACK,0.8634,0.100,1.0939,0,none
167.465,-1.28387,-1.78768,0.43097,0,10,0,FALLBACK,0.9347,0.100,1.0914,0,none
167.515,-1.29581,-2.18723,0.42090,0,10,0,FALLBACK,0.9460,0.100,1.0888,0,none
167.567,-1.34759,-2.53670,0.55387,0,10,0,FALLBACK,0.9952,0.100,1.0871,0,none
167.616,-1.36778,-2.29254,0.48838,0,10,0,FALLBACK,1.0000,0.100,1.0847,0,none
167.667,-1.35499,-2.31964,0.36395,0,10,0,FALLBACK,1.0000,0.100,1.0828,0,none
167.716,-1.31033,-3.22798,0.47467,0,10,0,FALLBACK,0.9598,0.100,1.0812,0,none
167.766,-1.20775,-3.03805,0.57105,0,10,0,FALLBACK,0.8624,0.100,1.0803,0,none
167.815,-1.14239,-3.28765,0.44431,0,10,0,FALLBACK,0.8003,0.100,1.0807,0,none
167.867,-1.05301,-3.43734,0.52510,0,10,0,FALLBACK,0.7154,0.100,1.0817,0,none
167.919,-0.94122,-3.44747,0.57726,0,10,0,FALLBACK,0.6092,0.100,1.0829,0,none
167.969,-0.81016,-3.95780,0.56456,0,10,0,FALLBACK,0.4847,0.100,1.0847,0,none
168.018,-0.64014,-3.68294,0.51658,0,10,0,FALLBACK,0.3231,0.100,1.0869,0,none
168.067,-0.51565,-3.94536,0.59739,0,10,0,FALLBACK,0.2049,0.100,1.0893,0,none
168.119,-0.38513,-3.74435,0.66280,0,10,0,FALLBACK,0.0809,0.100,1.0917,0,none
168.168,-0.25145,-3.72142,0.64028,0,10,0,FALLBACK,-0.0461,0.100,1.0937,0,none
168.217,-0.11842,-4.10963,0.65425,0,10,0,FALLBACK,-0.1725,0.100,1.0955,0,none
168.267,0.02748,-3.79559,0.49231,0,10,0,FALLBACK,-0.3111,0.100,1.0968,0,none
168.320,0.11447,-3.83853,0.66235,0,10,0,FALLBACK,-0.3937,0.100,1.0976,0,none
168.371,0.18756,-3.96298,0.52521,0,10,0,FALLBACK,-0.4632,0.100,1.0982,0,none
168.421,0.24515,-3.85275,0.64455,0,10,0,FALLBACK,-0.5179,0.100,1.0987,0,none
168.468,0.31665,-3.54598,0.54259,0,10,0,FALLBACK,-0.5858,0.100,1.0990,0,none
168.519,0.30938,-3.47675,0.48679,0,10,0,FALLBACK,-0.5789,0.100,1.0990,0,none
168.570,0.28110,-3.11917,0.49364,0,10,0,FALLBACK,-0.5520,0.100,1.0995,0,none
168.621,0.23383,-3.46289,0.66935,0,10,0,FALLBACK,-0.5071,0.100,1.1004,0,none
168.671,0.16933,-2.89619,0.59209,0,10,0,FALLBACK,-0.4459,0.100,1.1016,0,none
168.723,0.10590,-2.08069,0.84129,0,10,0,FALLBACK,-0.3856,0.100,1.1031,0,none
168.771,-0.01090,-0.97755,0.62715,0,10,0,FALLBACK,-0.2746,0.100,1.1048,0,none
168.822,-0.13812,-0.91330,1.04710,0,10,0,FALLBACK,-0.1538,0.100,1.1066,0,none
168.873,-0.27136,-0.74547,0.55214,0,10,0,FALLBACK,-0.0272,0.100,1.1085,0,none
168.923,-0.40639,-2.00585,0.59274,0,10,0,FALLBACK,0.1011,0.100,1.1101,0,none
168.971,-0.52727,-1.02454,0.46805,0,10,0,FALLBACK,0.2159,0.100,1.1115,0,none
169.022,-0.68025,-1.08768,0.30605,0,10,0,FALLBACK,0.3612,0.100,1.1124,0,none
169.071,-0.82287,-1.35480,0.30435,0,10,0,FALLBACK,0.4967,0.100,1.1127,0,none
169.121,-0.94946,-1.19236,0.16836,1,10,1,FALLBACK,0.6170,0.100,1.1121,0,none
169.173,-1.01931,-1.35687,0.27192,1,10,2,FALLBACK,0.6833,0.100,1.1110,0,none
169.223,-1.13010,-1.44165,0.32181,0,10,0,FALLBACK,0.7886,0.100,1.1100,0,none
169.274,-1.21551,-1.40028,0.32457,0,10,0,FALLBACK,0.8697,0.100,1.1081,0,none
169.323,-1.27120,-1.38218,0.24511,1,10,1,FALLBACK,0.9226,0.100,1.1057,0,none
169.375,-1.29516,-2.00017,0.77308,0,10,0,FALLBACK,0.9454,0.100,1.1033,0,none
169.424,-1.25502,-1.42012,0.35567,0,10,0,FALLBACK,0.9073,0.100,1.1012,0,none
169.473,-1.24715,-1.60869,0.43572,0,10,0,FALLBACK,0.8998,0.100,1.1001,0,none
169.525,-1.21036,-1.53805,0.37299,0,10,0,FALLBACK,0.8648,0.100,1.0993,0,none
169.574,-1.14492,-2.23547,0.44301,0,10,0,FALLBACK,0.8027,0.100,1.0988,0,none
169.625,-1.05294,-2.95448,0.36834,0,10,0,FALLBACK,0.7153,0.100,1.0990,0,none
169.675,-0.91260,-2.94658,0.67920,0,10,0,FALLBACK,0.5820,0.100,1.1000,0,none
169.725,-0.80739,-3.45438,0.50590,0,10,0,FALLBACK,0.4820,0.100,1.1018,0,none
169.775,-0.68711,-4.09646,0.56061,0,10,0,FALLBACK,0.3678,0.100,1.1038,0,none
169.824,-0.55446,-3.71643,0.61239,0,10,0,FALLBACK,0.2417,0.100,1.1059,0,none
169.876,-0.41315,-4.43773,0.63129,0,10,0,FALLBACK,0.1075,0.100,1.1079,0,none
169.927,-0.24999,-4.24434,0.63234,0,10,0,FALLBACK,-0.0475,0.100,1.1099,0,none
169.976,-0.13068,-4.93446,0.73669,0,10,0,FALLBACK,-0.1609,0.100,1.1114,0,none
170.024,-0.01665,-5.05866,0.75407,0,10,0,FALLBACK,-0.2692,0.100,1.1127,0,none
170.075,0.08890,-4.92200,0.67224,0,10,0,FALLBACK,-0.3695,0.100,1.1136,0,none
170.126,0.21471,-4.47628,0.63225,0,10,0,FALLBACK,-0.4890,0.100,1.1141,0,none
170.177,0.26780,-4.41458,0.68783,0,10,0,FALLBACK,-0.5394,0.100,1.1143,0,none
170.226,0.30167,-4.28771,0.60788,0,10,0,FALLBACK,-0.5716,0.100,1.1141,0,none
170.276,0.31555,-3.88041,0.80987,0,10,0,FALLBACK,-0.5848,0.100,1.1141,0,none
170.327,0.30905,-3.53775,0.49280,0,10,0,FALLBACK,-0.5786,0.100,1.1143,0,none
170.377,0.30428,-3.01043,0.30262,0,10,0,FALLBACK,-0.5741,0.100,1.1147,0,none
170.427,0.22738,-2.16910,0.54586,0,10,0,FALLBACK,-0.5010,0.100,1.1152,0,none
170.477,0.13145,-0.42986,0.83827,0,10,0,FALLBACK,-0.4099,0.100,1.1161,0,none
170.527,0.02020,0.39824,0.16601,1,10,1,FALLBACK,-0.3042,0.100,1.1177,0,none
170.578,-0.10271,-0.01920,0.21565,1,10,2,FALLBACK,-0.1874,0.100,1.1194,0,none
170.629,-0.22058,-0.39467,0.26459,1,10,3,FALLBACK,-0.0754,0.100,1.1212,0,none
170.679,-0.39150,-0.58198,0.28872,0,10,0,FALLBACK,0.0869,0.100,1.1229,0,none
170.729,-0.56275,-0.60072,0.15821,1,10,1,FALLBACK,0.2496,0.100,1.1242,0,none
170.779,-0.72831,-1.08018,0.35325,0,10,0,FALLBACK,0.4069,0.100,1.1249,0,none
170.831,-0.83212,-1.46371,0.38750,0,10,0,FALLBACK,0.5055,0.100,1.1248,0,none
170.879,-1.00876,-1.68659,0.47748,0,10,0,FALLBACK,0.6733,0.100,1.1242,0,none
170.931,-1.16620,-1.88608,0.40053,0,10,0,FALLBACK,0.8229,0.100,1.1227,0,none
170.963,-1.29726,-1.72130,0.70145,0,10,0,FALLBACK,0.9474,0.100,1.1197,0,none
171.014,-1.39425,-1.83421,0.43288,0,10,0,FALLBACK,1.0000,0.100,1.1144,0,none
171.064,-1.39901,-1.51000,0.56616,0,10,0,FALLBACK,1.0000,0.100,1.1108,0,none
171.112,-1.47245,-1.71237,0.39467,0,10,0,FALLBACK,1.0000,0.100,1.1084,0,none
171.163,-1.51272,-1.24330,0.98551,0,10,0,FALLBACK,1.0000,0.100,1.1063,0,none
171.214,-1.51995,-1.47830,0.56159,0,10,0,FALLBACK,1.0000,0.100,1.1043,0,none
171.266,-1.49410,-1.95114,0.44506,0,10,0,FALLBACK,1.0000,0.100,1.1023,0,none
171.317,-1.38379,-2.95288,0.47015,0,10,0,FALLBACK,1.0000,0.100,1.1003,0,none
171.365,-1.34053,-3.30529,0.32589,0,10,0,FALLBACK,0.9885,0.100,1.0984,0,none
171.415,-1.26516,-3.01356,0.38350,0,10,0,FALLBACK,0.9169,0.100,1.0968,0,none
171.467,-1.15987,-3.87275,0.55896,0,10,0,FALLBACK,0.8169,0.100,1.0965,0,none
171.516,-1.02910,-3.55423,0.48808,0,10,0,FALLBACK,0.6926,0.100,1.0974,0,none
171.564,-0.82609,-4.29288,0.49638,0,10,0,FALLBACK,0.4998,0.100,1.0991,0,none
171.614,-0.70290,-3.66499,0.54305,0,10,0,FALLBACK,0.3828,0.100,1.1017,0,none
171.665,-0.56943,-4.24779,0.69417,0,10,0,FALLBACK,0.2560,0.100,1.1040,0,none
171.714,-0.42790,-4.41938,0.63362,0,10,0,FALLBACK,0.1215,0.100,1.1062,0,none
171.767,-0.28236,-3.70445,0.58496,0,10,0,FALLBACK,-0.0168,0.100,1.1081,0,none
171.816,-0.08959,-4.13508,0.67531,0,10,0,FALLBACK,-0.1999,0.100,1.1098,0,none
171.865,0.00179,-4.25720,0.49364,0,10,0,FALLBACK,-0.2867,0.100,1.1106,0,none
171.915,0.08171,-4.05119,0.59639,0,10,0,FALLBACK,-0.3626,0.100,1.1114,0,none
171.966,0.14897,-4.04656,0.67392,0,10,0,FALLBACK,-0.4265,0.100,1.1120,0,none
172.017,0.20137,-4.08749,0.72953,0,10,0,FALLBACK,-0.4763,0.100,1.1125,0,none
172.065,0.26158,-3.24770,0.44141,0,10,0,FALLBACK,-0.5335,0.100,1.1130,0,none
172.117,0.23196,-3.17684,0.33723,0,10,0,FALLBACK,-0.5054,0.100,1.1131,0,none
172.168,0.18318,-2.27644,0.77493,0,10,0,FALLBACK,-0.4590,0.100,1.1138,0,none
172.219,0.11804,-1.48750,0.74674,0,10,0,FALLBACK,-0.3971,0.100,1.1150,0,none
172.268,0.08516,-0.40798,0.88964,0,10,0,FALLBACK,-0.3659,0.100,1.1164,0,none
172.318,-0.05129,-0.07748,0.31565,0,10,0,FALLBACK,-0.2363,0.100,1.1178,0,none
172.366,-0.19813,-0.26688,0.55035,0,10,0,FALLBACK,-0.0968,0.100,1.1194,0,none
172.419,-0.34954,-1.20001,0.89806,0,10,0,FALLBACK,0.0471,0.100,1.1212,0,none
172.467,-0.50050,-1.00077,0.34421,0,10,0,FALLBACK,0.1905,0.100,1.1225,0,none
172.519,-0.60796,-1.52246,0.49887,0,10,0,FALLBACK,0.2926,0.100,1.1233,0,none
172.567,-0.78701,-1.35741,0.80422,0,10,0,FALLBACK,0.4627,0.100,1.1239,0,none
172.619,-0.95335,-1.62923,0.41585,0,10,0,FALLBACK,0.6207,0.100,1.1233,0,none
172.669,-1.09943,-1.04489,0.78238,0,10,0,FALLBACK,0.7595,0.100,1.1216,0,none
172.719,-1.21973,-2.47407,0.62672,0,10,0,FALLBACK,0.8737,0.100,1.1190,0,none
172.769,-1.27701,-2.31672,0.49987,0,10,0,FALLBACK,0.9282,0.100,1.1158,0,none
172.819,-1.37794,-2.19416,0.59012,0,10,0,FALLBACK,1.0000,0.100,1.1129,0,none
172.868,-1.44557,-2.54525,0.77459,0,10,0,FALLBACK,1.0000,0.100,1.1097,0,none
172.919,-1.47795,-2.63826,0.50945,0,10,0,FALLBACK,1.0000,0.100,1.1070,0,none
172.967,-1.47686,-2.17974,0.61695,0,10,0,FALLBACK,1.0000,0.100,1.1049,0,none
173.019,-1.41652,-2.66198,0.32178,0,10,0,FALLBACK,1.0000,0.100,1.1029,0,none
173.068,-1.39263,-2.79297,0.56322,0,10,0,FALLBACK,1.0000,0.100,1.1010,0,none
173.120,-1.33614,-3.62741,0.65645,0,10,0,FALLBACK,0.9843,0.100,1.0990,0,none
173.170,-1.24763,-2.63290,0.45224,0,10,0,FALLBACK,0.9003,0.100,1.0974,0,none
173.221,-1.12916,-3.16476,0.56369,0,10,0,FALLBACK,0.7877,0.100,1.0971,0,none
173.269,-0.95931,-2.99297,0.36549,0,10,0,FALLBACK,0.6263,0.100,1.0985,0,none
173.318,-0.84086,-3.40570,0.53567,0,10,0,FALLBACK,0.5138,0.100,1.1001,0,none
173.371,-0.70676,-3.63444,0.63701,0,10,0,FALLBACK,0.3864,0.100,1.1024,0,none
173.420,-0.55987,-4.70976,0.86677,0,10,0,FALLBACK,0.2469,0.100,1.1045,0,none
173.469,-0.40428,-4.26551,0.54284,0,10,0,FALLBACK,0.0991,0.100,1.1067,0,none
173.519,-0.22090,-3.80955,0.71104,0,10,0,FALLBACK,-0.0751,0.100,1.1088,0,none
173.573,-0.11234,-4.02812,0.73998,0,10,0,FALLBACK,-0.1783,0.100,1.1101,0,none
173.622,-0.01000,-4.59404,0.60220,0,10,0,FALLBACK,-0.2755,0.100,1.1114,0,none
173.672,0.08346,-4.14628,0.72178,0,10,0,FALLBACK,-0.3643,0.100,1.1123,0,none
173.721,0.22688,-4.29829,0.43302,0,10,0,FALLBACK,-0.5005,0.100,1.1126,0,none
173.772,0.23452,-4.19946,0.78105,0,10,0,FALLBACK,-0.5078,0.100,1.1125,0,none
173.822,0.22217,-3.17481,0.46558,0,10,0,FALLBACK,-0.4961,0.100,1.1128,0,none
173.872,0.19213,-3.23314,0.47513,0,10,0,FALLBACK,-0.4675,0.100,1.1136,0,none
173.923,0.14571,-2.74896,0.67111,0,10,0,FALLBACK,-0.4234,0.100,1.1146,0,none
173.973,0.11352,-2.16568,0.50468,0,10,0,FALLBACK,-0.3928,0.100,1.1159,0,none
174.022,-0.00909,-0.48691,0.67441,0,10,0,FALLBACK,-0.2764,0.100,1.1172,0,none
174.073,-0.14324,-0.32605,0.34056,0,10,0,FALLBACK,-0.1489,0.100,1.1188,0,none
174.123,-0.28359,-0.96232,0.52802,0,10,0,FALLBACK,-0.0156,0.100,1.1206,0,none
174.174,-0.36779,-1.41062,0.65842,0,10,0,FALLBACK,0.0644,0.100,1.1221,0,none
174.223,-0.54940,-0.98980,0.35356,0,10,0,FALLBACK,0.2369,0.100,1.1234,0,none
174.273,-0.72617,-1.26672,0.44862,0,10,0,FALLBACK,0.4049,0.100,1.1240,0,none
174.324,-0.89090,-1.32028,0.52046,0,10,0,FALLBACK,0.5614,0.100,1.1237,0,none
174.375,-1.03733,-0.98624,0.70859,0,10,0,FALLBACK,0.7005,0.100,1.1224,0,none
174.426,-1.11317,-0.05243,1.32378,0,10,0,FALLBACK,0.7725,0.100,1.1198,0,none
174.477,-1.24429,-1.28152,1.01172,0,10,0,FALLBACK,0.8971,0.100,1.1185,0,none
174.528,-1.34784,-1.63365,0.75704,0,10,0,FALLBACK,0.9954,0.100,1.1159,0,none
174.577,-1.41791,-1.31794,0.81289,0,10,0,FALLBACK,1.0000,0.100,1.1120,0,none
174.627,-1.45158,0.34759,1.17506,0,10,0,FALLBACK,1.0000,0.100,1.1085,0,none
174.678,-1.43454,-1.88028,0.72318,0,10,0,FALLBACK,1.0000,0.100,1.1064,0,none
174.726,-1.41824,-3.83624,0.60305,0,10,0,FALLBACK,1.0000,0.100,1.1043,0,none
174.777,-1.36905,-1.60509,0.56343,0,10,0,FALLBACK,1.0000,0.100,1.1023,0,none
174.826,-1.28745,-2.98952,0.60444,0,10,0,FALLBACK,0.9381,0.100,1.1004,0,none
174.877,-1.17416,-3.26076,0.56294,0,10,0,FALLBACK,0.8305,0.100,1.0991,0,none
174.928,-1.04735,-4.91702,0.64390,0,10,0,FALLBACK,0.7100,0.100,1.0993,0,none
174.978,-0.86246,-4.24664,0.65662,0,10,0,FALLBACK,0.5343,0.100,1.1007,0,none
175.029,-0.65923,-4.66968,0.90010,0,10,0,FALLBACK,0.3413,0.100,1.1028,0,none
175.079,-0.44366,-5.24052,1.10683,0,10,0,FALLBACK,0.1365,0.100,1.1054,0,none
175.129,-0.22171,-5.71292,1.45700,0,10,0,FALLBACK,-0.0744,0.100,1.1078,0,none
175.179,-0.01274,-5.84404,0.82123,0,10,0,FALLBACK,-0.2729,0.100,1.1095,0,none
175.229,0.21983,-5.44799,1.00608,0,10,0,FALLBACK,-0.4938,0.100,1.1102,0,none
175.277,0.44032,-4.83799,1.12613,0,10,0,FALLBACK,-0.7033,0.100,1.1096,0,none
175.329,0.64089,-4.54990,1.09980,0,10,0,FALLBACK,-0.8938,0.100,1.1073,0,none
175.377,0.81417,-4.75211,1.23495,0,10,0,FALLBACK,-1.0000,0.100,1.1035,0,none
175.429,0.93766,-4.33252,0.67784,0,10,0,FALLBACK,-1.0000,0.100,1.0992,0,none
175.479,1.06146,-4.38395,0.96068,0,10,0,FALLBACK,-1.0000,0.100,1.0960,0,none
175.529,1.15290,-4.29390,0.73093,0,10,0,FALLBACK,-1.0000,0.100,1.0941,0,none
175.579,1.21234,-4.90818,0.97623,0,10,0,FALLBACK,-1.0000,0.100,1.0924,0,none
175.628,1.23960,-4.83296,0.64525,0,10,0,FALLBACK,-1.0000,0.100,1.0906,0,none
175.679,1.22397,-4.76289,0.86979,0,10,0,FALLBACK,-1.0000,0.100,1.0889,0,none
175.729,1.20566,-4.35620,0.85235,0,10,0,FALLBACK,-1.0000,0.100,1.0873,0,none
175.779,1.15552,-4.80028,0.77480,0,10,0,FALLBACK,-1.0000,0.100,1.0856,0,none
175.827,1.07398,-4.34306,0.90274,0,10,0,FALLBACK,-1.0000,0.100,1.0840,0,none
175.879,0.92667,-4.36864,0.56918,0,10,0,FALLBACK,-1.0000,0.100,1.0824,0,none
175.931,0.80833,-3.52543,0.51460,0,10,0,FALLBACK,-1.0000,0.100,1.0809,0,none
175.978,0.66012,-3.15758,0.34180,0,10,0,FALLBACK,-0.9121,0.100,1.0794,0,none
176.028,0.48311,-2.51811,0.67280,0,10,0,FALLBACK,-0.7440,0.100,1.0787,0,none
176.079,0.28216,-2.62745,0.95491,0,10,0,FALLBACK,-0.5531,0.100,1.0801,0,none
176.128,0.06398,-1.09806,0.77620,0,10,0,FALLBACK,-0.3458,0.100,1.0827,0,none
176.164,-0.18592,0.36062,0.52449,0,10,0,FALLBACK,-0.1084,0.100,1.0855,0,none
176.213,-0.39114,-0.74218,0.53066,0,10,0,FALLBACK,0.0866,0.100,1.0879,0,none
176.263,-0.59194,-0.53745,0.30515,0,10,0,FALLBACK,0.2773,0.100,1.0893,0,none
176.314,-0.78400,0.77161,0.75905,0,10,0,FALLBACK,0.4598,0.100,1.0897,0,none
176.364,-0.96137,-0.62798,0.89383,0,10,0,FALLBACK,0.6283,0.100,1.0891,0,none
176.412,-1.13638,-1.11797,0.70741,0,10,0,FALLBACK,0.7946,0.100,1.0875,0,none
176.463,-1.23941,-0.37795,1.00155,0,10,0,FALLBACK,0.8924,0.100,1.0847,0,none
176.514,-1.31149,-1.51461,0.46974,0,10,0,FALLBACK,0.9609,0.100,1.0820,0,none
176.563,-1.35148,-1.79577,0.69053,0,10,0,FALLBACK,0.9989,0.100,1.0794,0,none
176.614,-1.38363,-2.86162,0.90876,0,10,0,FALLBACK,1.0000,0.100,1.0775,0,none
176.665,-1.33793,-2.85198,0.55509,0,10,0,FALLBACK,0.9860,0.100,1.0756,0,none
176.714,-1.26130,-3.41519,0.86717,0,10,0,FALLBACK,0.9132,0.100,1.0744,0,none
176.765,-1.15615,-2.99387,0.47157,0,10,0,FALLBACK,0.8133,0.100,1.0745,0,none
176.814,-1.02677,-4.55753,0.86737,0,10,0,FALLBACK,0.6904,0.100,1.0758,0,none
176.864,-0.89774,-4.20714,0.75954,0,10,0,FALLBACK,0.5679,0.100,1.0778,0,none
176.915,-0.70953,-5.06653,0.75272,0,10,0,FALLBACK,0.3891,0.100,1.0801,0,none
176.964,-0.50976,-4.91607,0.57747,0,10,0,FALLBACK,0.1993,0.100,1.0827,0,none
177.015,-0.30624,-5.74638,1.03191,0,10,0,FALLBACK,0.0059,0.100,1.0853,0,none
177.066,-0.10228,-5.81870,1.35123,0,10,0,FALLBACK,-0.1878,0.100,1.0873,0,none
177.114,0.07486,-5.85492,1.32471,0,10,0,FALLBACK,-0.3561,0.100,1.0887,0,none
177.164,0.28699,-5.71470,1.46929,0,10,0,FALLBACK,-0.5576,0.100,1.0886,0,none
177.215,0.48172,-5.57470,1.01985,0,10,0,FALLBACK,-0.7426,0.100,1.0874,0,none
177.265,0.65252,-5.08027,1.33580,0,10,0,FALLBACK,-0.9049,0.100,1.0848,0,none
177.316,0.79364,-5.30018,0.90581,0,10,0,FALLBACK,-1.0000,0.100,1.0812,0,none
177.364,0.86844,-4.89988,1.14852,0,10,0,FALLBACK,-1.0000,0.100,1.0778,0,none
177.416,0.97322,-5.42742,0.77493,0,10,0,FALLBACK,-1.0000,0.100,1.0759,0,none
177.466,1.04711,-4.43628,0.79619,0,10,0,FALLBACK,-1.0000,0.100,1.0744,0,none
177.516,1.09008,-4.95300,1.04267,0,10,0,FALLBACK,-1.0000,0.100,1.0730,0,none
177.566,1.10189,-4.87894,0.91890,0,10,0,FALLBACK,-1.0000,0.100,1.0717,0,none
177.615,1.04953,-4.68463,1.19554,0,10,0,FALLBACK,-1.0000,0.100,1.0703,0,none
177.667,1.03417,-5.60395,0.91095,0,10,0,FALLBACK,-1.0000,0.100,1.0690,0,none
177.715,0.98808,-5.22548,1.38784,0,10,0,FALLBACK,-1.0000,0.100,1.0677,0,none
177.765,0.91149,-4.42472,0.95631,0,10,0,FALLBACK,-1.0000,0.100,1.0664,0,none
177.816,0.80495,-3.81231,0.70465,0,10,0,FALLBACK,-1.0000,0.100,1.0652,0,none
177.867,0.63597,-2.96840,0.44539,0,10,0,FALLBACK,-0.8892,0.100,1.0640,0,none
177.918,0.50626,-3.01621,0.41441,0,10,0,FALLBACK,-0.7659,0.100,1.0643,0,none
177.966,0.35421,-1.98921,1.11361,0,10,0,FALLBACK,-0.6215,0.100,1.0660,0,none
178.017,0.18406,-0.15049,0.32357,0,10,0,FALLBACK,-0.4599,0.100,1.0683,0,none
178.068,0.00035,-1.01342,0.83428,0,10,0,FALLBACK,-0.2853,0.100,1.0710,0,none
178.117,-0.22308,-0.50554,0.39678,0,10,0,FALLBACK,-0.0731,0.100,1.0736,0,none
178.169,-0.39218,-0.57560,0.66313,0,10,0,FALLBACK,0.0876,0.100,1.0757,0,none
178.220,-0.55825,0.04889,0.51194,0,10,0,FALLBACK,0.2453,0.100,1.0775,0,none
178.273,-0.71606,0.50172,0.50569,0,10,0,FALLBACK,0.3953,0.100,1.0784,0,none
178.319,-0.86225,1.10222,0.85910,0,10,0,FALLBACK,0.5341,0.100,1.0788,0,none
178.367,-1.02493,0.73851,0.79026,0,10,0,FALLBACK,0.6887,0.100,1.0785,0,none
178.418,-1.09798,-0.22892,1.43141,0,10,0,FALLBACK,0.7581,0.100,1.0771,0,none
178.470,-1.14462,-2.69452,0.40947,0,10,0,FALLBACK,0.8024,0.100,1.0759,0,none
178.519,-1.16493,-1.73297,1.44731,0,10,0,FALLBACK,0.8217,0.100,1.0751,0,none
178.569,-1.15861,-2.63046,0.66472,0,10,0,FALLBACK,0.8157,0.100,1.0746,0,none
178.622,-1.13899,-4.02135,0.57472,0,10,0,FALLBACK,0.7970,0.100,1.0743,0,none
178.670,-1.04693,-3.53462,0.45670,0,10,0,FALLBACK,0.7096,0.100,1.0744,0,none
178.723,-0.93172,-4.64049,0.46138,0,10,0,FALLBACK,0.6001,0.100,1.0755,0,none
178.772,-0.79769,-4.31987,0.75372,0,10,0,FALLBACK,0.4728,0.100,1.0774,0,none
178.823,-0.68470,-4.67609,0.87597,0,10,0,FALLBACK,0.3655,0.100,1.0797,0,none
178.873,-0.49316,-5.34728,0.78236,0,10,0,FALLBACK,0.1835,0.100,1.0821,0,none
178.925,-0.29425,-5.19616,0.85180,0,10,0,FALLBACK,-0.0055,0.100,1.0844,0,none
178.976,-0.09442,-5.94501,1.20144,0,10,0,FALLBACK,-0.1953,0.100,1.0863,0,none
179.024,0.10044,-5.89058,0.92477,0,10,0,FALLBACK,-0.3804,0.100,1.0875,0,none
179.074,0.24342,-5.10421,1.12380,0,10,0,FALLBACK,-0.5162,0.100,1.0878,0,none
179.125,0.44446,-5.35787,1.16573,0,10,0,FALLBACK,-0.7072,0.100,1.0875,0,none
179.175,0.62559,-4.96387,0.65012,0,10,0,FALLBACK,-0.8793,0.100,1.0856,0,none
179.228,0.78087,-4.87723,0.90921,0,10,0,FALLBACK,-1.0000,0.100,1.0851,0,none
179.276,0.90543,-5.33467,0.86961,0,10,0,FALLBACK,-1.0000,0.100,1.0791,0,none
179.326,0.94971,-5.37279,0.86826,0,10,0,FALLBACK,-1.0000,0.100,1.0767,0,none
179.377,1.04283,-4.45201,0.95857,0,10,0,FALLBACK,-1.0000,0.100,1.0752,0,none
179.427,1.10513,-4.57688,1.01128,0,10,0,FALLBACK,-1.0000,0.100,1.0738,0,none
179.481,1.13636,-4.75219,0.76641,0,10,0,FALLBACK,-1.0000,0.100,1.0724,0,none
179.526,1.13653,-4.93373,0.99741,0,10,0,FALLBACK,-1.0000,0.100,1.0710,0,none
179.576,1.07041,-5.44545,0.90423,0,10,0,FALLBACK,-1.0000,0.100,1.0697,0,none
179.627,1.04025,-5.15796,0.87453,0,10,0,FALLBACK,-1.0000,0.100,1.0684,0,none
179.677,0.97953,-5.00025,0.67722,0,10,0,FALLBACK,-1.0000,0.100,1.0671,0,none
179.727,0.88854,-4.47844,0.81038,0,10,0,FALLBACK,-1.0000,0.100,1.0659,0,none
179.778,0.76794,-3.49662,0.52216,0,10,0,FALLBACK,-1.0000,0.100,1.0646,0,none
179.828,0.58537,-2.99060,0.40329,0,10,0,FALLBACK,-0.8411,0.100,1.0634,0,none
179.879,0.43571,-2.02491,0.91140,0,10,0,FALLBACK,-0.6989,0.100,1.0636,0,none
179.929,0.26538,0.09157,0.25016,1,10,1,FALLBACK,-0.5371,0.100,1.0659,0,none
179.980,0.07870,0.08868,0.11185,1,10,2,FALLBACK,-0.3598,0.100,1.0684,0,none
180.027,-0.11950,-0.40556,0.17328,1,10,3,FALLBACK,-0.1715,0.100,1.0712,0,none
180.079,-0.36615,-0.74802,0.20338,1,10,4,FALLBACK,0.0628,0.100,1.0738,0,none
180.128,-0.54283,-0.99645,0.33164,0,10,0,FALLBACK,0.2307,0.100,1.0757,0,none
180.178,-0.71313,-1.11132,0.38215,0,10,0,FALLBACK,0.3925,0.100,1.0768,0,none
180.230,-0.87265,-1.09080,0.30472,0,10,0,FALLBACK,0.5440,0.100,1.0773,0,none
180.278,-1.01657,-1.07249,0.50749,0,10,0,FALLBACK,0.6807,0.100,1.0770,0,none
180.329,-1.18207,-1.21145,0.17130,1,10,1,FALLBACK,0.8380,0.100,1.0749,0,none
180.378,-1.23881,-1.99286,0.68131,0,10,0,FALLBACK,0.8919,0.100,1.0735,0,none
180.429,-1.26545,-3.33052,0.68163,0,10,0,FALLBACK,0.9172,0.100,1.0711,0,none
180.479,-1.26203,-1.88256,0.42858,0,10,0,FALLBACK,0.9139,0.100,1.0697,0,none
180.531,-1.22934,-2.49066,0.48152,0,10,0,FALLBACK,0.8829,0.100,1.0687,0,none
180.563,-1.18860,-2.90436,0.40928,0,10,0,FALLBACK,0.8442,0.100,1.0684,0,none
180.613,-1.06817,-3.70416,0.59511,0,10,0,FALLBACK,0.7298,0.100,1.0689,0,none
180.666,-0.92550,-4.76646,0.97678,0,10,0,FALLBACK,0.5942,0.100,1.0706,0,none
180.714,-0.76582,-4.44073,0.78484,0,10,0,FALLBACK,0.4425,0.100,1.0730,0,none
180.764,-0.64069,-4.45709,0.73320,0,10,0,FALLBACK,0.3237,0.100,1.0757,0,none
180.813,-0.42838,-5.78367,0.91238,0,10,0,FALLBACK,0.1220,0.100,1.0782,0,none
180.865,-0.21167,-5.49627,1.02632,0,10,0,FALLBACK,-0.0839,0.100,1.0805,0,none
180.913,0.00236,-5.00917,1.35504,0,10,0,FALLBACK,-0.2872,0.100,1.0821,0,none
180.966,0.20770,-5.87049,1.54673,0,10,0,FALLBACK,-0.4823,0.100,1.0827,0,none
181.013,0.39790,-5.32635,0.78294,0,10,0,FALLBACK,-0.6630,0.100,1.0820,0,none
181.065,0.54165,-4.79201,0.89404,0,10,0,FALLBACK,-0.7996,0.100,1.0803,0,none
181.115,0.71908,-4.46608,0.71251,0,10,0,FALLBACK,-0.9681,0.100,1.0776,0,none
181.167,0.86715,-4.87545,0.82510,0,10,0,FALLBACK,-1.0000,0.100,1.0739,0,none
181.216,0.98165,-4.55156,0.81596,0,10,0,FALLBACK,-1.0000,0.100,1.0714,0,none
181.265,1.06475,-4.18378,1.10932,0,10,0,FALLBACK,-1.0000,0.100,1.0699,0,none
181.315,1.08460,-4.32550,0.81916,0,10,0,FALLBACK,-1.0000,0.100,1.0686,0,none
181.365,1.15074,-4.62270,0.88822,0,10,0,FALLBACK,-1.0000,0.100,1.0673,0,none
181.415,1.18614,-4.44060,0.94449,0,10,0,FALLBACK,-1.0000,0.100,1.0660,0,none
181.464,1.19082,-4.65930,0.90632,0,10,0,FALLBACK,-1.0000,0.100,1.0648,0,none
181.518,1.16490,-4.05460,0.79222,0,10,0,FALLBACK,-1.0000,0.100,1.0635,0,none
181.564,1.08070,-4.58906,0.86670,0,10,0,FALLBACK,-1.0000,0.100,1.0623,0,none
181.615,1.03277,-4.26349,0.93851,0,10,0,FALLBACK,-1.0000,0.100,1.0612,0,none
181.667,0.95488,-4.20081,0.56280,0,10,0,FALLBACK,-1.0000,0.100,1.0600,0,none
181.715,0.84747,-3.88672,0.50601,0,10,0,FALLBACK,-1.0000,0.100,1.0589,0,none
181.765,0.71114,-3.58530,0.34217,0,10,0,FALLBACK,-0.9606,0.100,1.0578,0,none
181.816,0.50942,-2.97520,0.28129,1,10,1,FALLBACK,-0.7689,0.100,1.0573,0,none
181.869,0.36311,-2.15688,1.02659,0,10,0,FALLBACK,-0.6300,0.100,1.0589,0,none
181.917,0.19991,-1.61932,0.90735,0,10,0,FALLBACK,-0.4749,0.100,1.0617,0,none
181.966,0.02325,-1.18594,0.73622,0,10,0,FALLBACK,-0.3071,0.100,1.0643,0,none
182.018,-0.16268,-1.58917,0.98267,0,10,0,FALLBACK,-0.1305,0.100,1.0670,0,none
182.067,-0.39815,-1.50129,0.59868,0,10,0,FALLBACK,0.0932,0.100,1.0695,0,none
182.119,-0.53870,-1.00633,0.53158,0,10,0,FALLBACK,0.2268,0.100,1.0710,0,none
182.168,-0.67145,-1.93573,0.83934,0,10,0,FALLBACK,0.3529,0.100,1.0723,0,none
182.219,-0.79335,-2.55771,0.81627,0,10,0,FALLBACK,0.4687,0.100,1.0731,0,none
182.269,-0.90069,-2.65597,0.56669,0,10,0,FALLBACK,0.5707,0.100,1.0734,0,none
182.319,-1.01701,-2.63317,1.07175,0,10,0,FALLBACK,0.6812,0.100,1.0728,0,none
182.368,-1.03843,-2.44865,0.81545,0,10,0,FALLBACK,0.7015,0.100,1.0724,0,none
182.419,-1.03571,-2.87117,0.45852,0,10,0,FALLBACK,0.6989,0.100,1.0722,0,none
182.469,-1.01005,-3.31560,0.62621,0,10,0,FALLBACK,0.6746,0.100,1.0726,0,none
182.521,-1.01123,-3.17004,0.39602,0,10,0,FALLBACK,0.6757,0.100,1.0734,0,none
182.570,-0.89939,-5.12374,0.57713,0,10,0,FALLBACK,0.5694,0.100,1.0741,0,none
182.619,-0.76706,-3.81074,0.65272,0,10,0,FALLBACK,0.4437,0.100,1.0747,0,none
182.670,-0.61841,-3.99027,0.56543,0,10,0,FALLBACK,0.3025,0.100,1.0769,0,none
182.720,-0.45926,-3.88259,0.68332,0,10,0,FALLBACK,0.1513,0.100,1.0800,0,none
182.770,-0.33658,-4.80918,0.52177,0,10,0,FALLBACK,0.0347,0.100,1.0824,0,none
182.821,-0.12851,-5.29257,0.88058,0,10,0,FALLBACK,-0.1629,0.100,1.0845,0,none
182.871,0.07720,-4.84856,0.56799,0,10,0,FALLBACK,-0.3583,0.100,1.0857,0,none
182.921,0.26948,-4.47722,0.57240,0,10,0,FALLBACK,-0.5410,0.100,1.0856,0,none
182.969,0.44660,-4.67202,0.86575,0,10,0,FALLBACK,-0.7093,0.100,1.0851,0,none
183.021,0.55116,-3.75815,0.49523,0,10,0,FALLBACK,-0.8086,0.100,1.0833,0,none
183.072,0.72780,-3.94344,0.94767,0,10,0,FALLBACK,-0.9764,0.100,1.0815,0,none
183.122,0.87595,-4.14530,0.95477,0,10,0,FALLBACK,-1.0000,0.100,1.0778,0,none
183.171,0.98980,-4.00897,0.78907,0,10,0,FALLBACK,-1.0000,0.100,1.0751,0,none
183.222,1.07192,-3.78840,0.90681,0,10,0,FALLBACK,-1.0000,0.100,1.0735,0,none
183.272,1.07151,-4.54452,0.76472,0,10,0,FALLBACK,-1.0000,0.100,1.0721,0,none
183.322,1.13878,-4.39574,1.14022,0,10,0,FALLBACK,-1.0000,0.100,1.0708,0,none
183.371,1.17523,-3.58358,0.68311,0,10,0,FALLBACK,-1.0000,0.100,1.0695,0,none
183.423,1.18067,-4.59698,0.80877,0,10,0,FALLBACK,-1.0000,0.100,1.0682,0,none
183.472,1.15534,-4.22468,0.76456,0,10,0,FALLBACK,-1.0000,0.100,1.0669,0,none
183.523,1.04792,-4.43506,0.58652,0,10,0,FALLBACK,-1.0000,0.100,1.0656,0,none
183.574,1.00844,-4.90981,0.78509,0,10,0,FALLBACK,-1.0000,0.100,1.0644,0,none
183.627,0.93869,-4.44925,0.85880,0,10,0,FALLBACK,-1.0000,0.100,1.0632,0,none
183.673,0.83905,-4.31093,0.49929,0,10,0,FALLBACK,-1.0000,0.100,1.0620,0,none
183.724,0.71013,-3.23563,0.48806,0,10,0,FALLBACK,-0.9596,0.100,1.0608,0,none
183.773,0.50561,-3.23942,0.39541,0,10,0,FALLBACK,-0.7653,0.100,1.0603,0,none
183.824,0.36145,-2.73619,0.57897,0,10,0,FALLBACK,-0.6284,0.100,1.0619,0,none
183.873,0.20050,-0.76029,0.69038,0,10,0,FALLBACK,-0.4755,0.100,1.0646,0,none
183.922,0.02586,-1.34019,0.80302,0,10,0,FALLBACK,-0.3096,0.100,1.0672,0,none
183.975,-0.15817,-2.63422,0.64955,0,10,0,FALLBACK,-0.1347,0.100,1.0699,0,none
184.025,-0.39368,-3.12731,0.67018,0,10,0,FALLBACK,0.0890,0.100,1.0723,0,none
184.074,-0.54795,-2.61240,0.45143,0,10,0,FALLBACK,0.2356,0.100,1.0738,0,none
184.125,-0.69416,-1.87919,0.45490,0,10,0,FALLBACK,0.3744,0.100,1.0750,0,none
184.173,-0.82895,-2.12331,0.59427,0,10,0,FALLBACK,0.5025,0.100,1.0755,0,none
184.223,-0.94816,-2.36365,0.57531,0,10,0,FALLBACK,0.6158,0.100,1.0756,0,none
184.275,-1.06618,-2.02053,0.57586,0,10,0,FALLBACK,0.7279,0.100,1.0751,0,none
184.324,-1.12629,-2.26968,0.46294,0,10,0,FALLBACK,0.7850,0.100,1.0739,0,none
184.374,-1.16002,-2.57155,0.61189,0,10,0,FALLBACK,0.8170,0.100,1.0729,0,none
184.425,-1.16709,-2.97587,0.41131,0,10,0,FALLBACK,0.8237,0.100,1.0722,0,none
184.476,-1.14752,-3.10576,0.45839,0,10,0,FALLBACK,0.8051,0.100,1.0718,0,none
184.525,-1.08667,-2.84868,0.60550,0,10,0,FALLBACK,0.7473,0.100,1.0719,0,none
184.576,-1.03628,-3.48416,0.48083,0,10,0,FALLBACK,0.6995,0.100,1.0726,0,none
184.625,-0.96440,-3.16808,0.40800,0,10,0,FALLBACK,0.6312,0.100,1.0738,0,none
184.674,-0.87261,-3.04725,0.59208,0,10,0,FALLBACK,0.5440,0.100,1.0752,0,none
184.727,-0.76357,-3.82617,0.47706,0,10,0,FALLBACK,0.4404,0.100,1.0771,0,none
184.775,-0.63207,-3.98008,0.89349,0,10,0,FALLBACK,0.3155,0.100,1.0793,0,none
184.826,-0.51082,-4.44631,0.84488,0,10,0,FALLBACK,0.2003,0.100,1.0816,0,none
184.877,-0.38310,-3.98699,0.71867,0,10,0,FALLBACK,0.0789,0.100,1.0839,0,none
184.926,-0.25321,-4.62199,0.78287,0,10,0,FALLBACK,-0.0444,0.100,1.0861,0,none
184.977,-0.12327,-4.51302,0.87828,0,10,0,FALLBACK,-0.1679,0.100,1.0879,0,none
185.029,0.00957,-3.70028,0.64985,0,10,0,FALLBACK,-0.2941,0.100,1.0895,0,none
185.078,0.11610,-4.17790,0.71635,0,10,0,FALLBACK,-0.3953,0.100,1.0906,0,none
