time_s,cte_true,cte_pred,mc_std,certified,fail_count,pass_count,mode,steer,throttle,speed,lap,hit
0.000,0.00064,0.31541,0.15148,1,0,0,MODEL,-0.5846,0.100,0.0000,0,none
0.118,0.00064,0.29564,0.16299,1,0,0,MODEL,-0.5659,0.100,0.0000,0,none
0.158,0.00037,0.37818,0.14883,1,0,0,MODEL,-0.6443,0.100,0.0112,0,none
0.209,-0.00020,0.38288,0.12602,1,0,0,MODEL,-0.6487,0.100,0.0229,0,none
0.258,-0.00089,0.52599,0.22830,1,0,0,MODEL,-0.7847,0.100,0.0397,0,none
0.310,-0.00218,0.22262,0.16223,1,0,0,MODEL,-0.4965,0.100,0.0462,0,none
0.369,-0.00413,0.13422,0.12863,1,0,0,MODEL,-0.4125,0.100,0.0633,0,none
0.408,-0.00594,0.25581,0.16576,1,0,0,MODEL,-0.5280,0.100,0.0738,0,none
0.459,-0.00802,0.11762,0.12789,1,0,0,MODEL,-0.3967,0.100,0.0823,0,none
0.510,-0.01088,0.17309,0.17819,1,0,0,MODEL,-0.4494,0.100,0.0965,0,none
0.558,-0.01377,0.02970,0.11259,1,0,0,MODEL,-0.3132,0.100,0.1083,0,none
0.610,-0.01717,0.03913,0.15346,1,0,0,MODEL,-0.3222,0.100,0.1203,0,none
0.658,-0.02042,-0.10289,0.14140,1,0,0,MODEL,-0.1873,0.100,0.1319,0,none
0.708,-0.02391,-0.06764,0.12188,1,0,0,MODEL,-0.2207,0.100,0.1435,0,none
0.760,-0.02095,-0.01395,0.10126,1,0,0,MODEL,-0.2717,0.100,0.1651,0,none
0.809,-0.03043,-0.01478,0.10095,1,0,0,MODEL,-0.2710,0.100,0.1718,0,none
0.859,-0.03699,-0.03211,0.15390,1,0,0,MODEL,-0.2545,0.100,0.1774,0,none
0.909,-0.04138,-0.01278,0.10371,1,0,0,MODEL,-0.2729,0.100,0.1888,0,none
0.960,-0.04730,0.14158,0.17236,1,0,0,MODEL,-0.4195,0.100,0.1995,0,none
1.010,-0.05442,0.18565,0.19542,1,0,0,MODEL,-0.4614,0.100,0.2102,0,none
1.060,-0.06374,0.05591,0.11443,1,0,0,MODEL,-0.3381,0.100,0.2208,0,none
1.110,-0.07451,0.03732,0.09998,1,0,0,MODEL,-0.3205,0.100,0.2314,0,none
1.159,-0.08502,-0.04062,0.13060,1,0,0,MODEL,-0.2464,0.100,0.2421,0,none
1.210,-0.09583,-0.02481,0.11507,1,0,0,MODEL,-0.2614,0.100,0.2525,0,none
1.261,-0.10892,0.00145,0.11714,1,0,0,MODEL,-0.2864,0.100,0.2628,0,none
1.310,-0.12541,0.14376,0.15069,1,0,0,MODEL,-0.4216,0.100,0.2732,0,none
1.360,-0.13286,0.23917,0.18333,1,0,0,MODEL,-0.5122,0.100,0.2826,0,none
1.411,-0.15018,0.06576,0.09320,1,0,0,MODEL,-0.3475,0.100,0.2924,0,none
1.461,-0.16973,-0.01528,0.11975,1,0,0,MODEL,-0.2705,0.100,0.3023,0,none
1.512,-0.18888,-0.02794,0.12180,1,0,0,MODEL,-0.2585,0.100,0.3121,0,none
1.560,-0.20526,-0.05815,0.16521,1,0,0,MODEL,-0.2298,0.100,0.3210,0,none
1.611,-0.22217,-0.22493,0.17947,1,0,0,MODEL,-0.0713,0.100,0.3326,0,none
1.662,-0.24986,-0.28593,0.14256,1,0,0,MODEL,-0.0134,0.100,0.3410,0,none
1.713,-0.26837,-0.33094,0.14359,1,0,0,MODEL,0.0294,0.100,0.3500,0,none
1.763,-0.28704,-0.32219,0.26185,1,0,0,MODEL,0.0211,0.100,0.3593,0,none
1.811,-0.30567,-0.27244,0.19172,1,0,0,MODEL,-0.0262,0.100,0.3686,0,none
1.865,-0.32485,-0.49524,0.20613,1,0,0,MODEL,0.1855,0.100,0.3777,0,none
1.910,-0.35168,-0.45491,0.17527,1,0,0,MODEL,0.1472,0.100,0.3868,0,none
1.962,-0.36390,-0.54838,0.15669,1,0,0,MODEL,0.2360,0.100,0.3958,0,none
2.014,-0.37993,-0.63371,0.16105,1,0,0,MODEL,0.3170,0.100,0.4041,0,none
2.062,-0.39471,-0.54709,0.13179,1,0,0,MODEL,0.2347,0.100,0.4127,0,none
2.115,-0.40674,-0.60163,0.15815,1,0,0,MODEL,0.2866,0.100,0.4213,0,none
2.164,-0.41871,-0.41905,0.15992,1,0,0,MODEL,0.1131,0.100,0.4300,0,none
2.214,-0.42941,-0.21558,0.12205,1,0,0,MODEL,-0.0802,0.100,0.4385,0,none
2.265,-0.44232,-0.30941,0.16980,1,0,0,MODEL,0.0089,0.100,0.4470,0,none
2.315,-0.45912,-0.26113,0.18036,1,0,0,MODEL,-0.0369,0.100,0.4551,0,none
2.364,-0.47601,-0.16442,0.15399,1,0,0,MODEL,-0.1288,0.100,0.4633,0,none
2.413,-0.49377,0.06091,0.22063,1,0,0,MODEL,-0.3429,0.100,0.4714,0,none
2.463,-0.51471,0.42701,0.24073,1,0,0,MODEL,-0.6907,0.100,0.4790,0,none
2.514,-0.54269,0.00628,0.21514,1,0,0,MODEL,-0.2910,0.100,0.4852,0,none
2.567,-0.58116,0.24728,0.44693,0,1,0,MODEL,-0.2910,0.100,0.4923,0,none
2.613,-0.61634,-0.00155,0.51582,0,2,0,MODEL,-0.2910,0.100,0.5004,0,none
2.664,-0.65275,-0.47984,0.19698,1,0,0,MODEL,0.1708,0.100,0.5082,0,none
2.714,-0.69085,-0.87007,0.18754,1,0,0,MODEL,0.5416,0.100,0.5150,0,none
2.764,-0.71945,-0.86412,0.23365,1,0,0,MODEL,0.5359,0.100,0.5206,0,none
2.815,-0.73630,-0.85266,0.17857,1,0,0,MODEL,0.5250,0.100,0.5272,0,none
2.867,-0.74828,-0.93246,0.17856,1,0,0,MODEL,0.6008,0.100,0.5346,0,none
2.914,-0.75658,-0.76061,0.14899,1,0,0,MODEL,0.4376,0.100,0.5419,0,none
2.964,-0.75935,-0.82838,0.16892,1,0,0,MODEL,0.5020,0.100,0.5490,0,none
3.015,-0.76077,-0.80096,0.16405,1,0,0,MODEL,0.4759,0.100,0.5563,0,none
3.064,-0.75746,-0.67534,0.20833,1,0,0,MODEL,0.3566,0.100,0.5633,0,none
3.114,-0.75036,-0.56709,0.15703,1,0,0,MODEL,0.2537,0.100,0.5706,0,none
3.163,-0.74240,-0.40276,0.20330,1,0,0,MODEL,0.0976,0.100,0.5780,0,none
3.216,-0.73465,-0.28293,0.20304,1,0,0,MODEL,-0.0162,0.100,0.5851,0,none
3.248,-0.72933,-0.33903,0.17050,1,0,0,MODEL,0.0371,0.100,0.5921,0,none
3.301,-0.72620,-0.33049,0.19490,1,0,0,MODEL,0.0290,0.100,0.5990,0,none
3.348,-0.72230,-0.37029,0.17708,1,0,0,MODEL,0.0668,0.100,0.6058,0,none
3.398,-0.71769,-0.47806,0.18834,1,0,0,MODEL,0.1692,0.100,0.6125,0,none
3.450,-0.71059,-0.54089,0.17474,1,0,0,MODEL,0.2288,0.100,0.6189,0,none
3.498,-0.69978,-0.51534,0.13103,1,0,0,MODEL,0.2046,0.100,0.6254,0,none
3.551,-0.68516,-0.53378,0.15467,1,0,0,MODEL,0.2221,0.100,0.6317,0,none
3.599,-0.66823,-0.45225,0.17189,1,0,0,MODEL,0.1446,0.100,0.6384,0,none
3.648,-0.64943,-0.11078,0.27979,1,0,0,MODEL,-0.1798,0.100,0.6449,0,none
3.699,-0.63477,0.33420,0.17385,1,0,0,MODEL,-0.6025,0.100,0.6507,0,none
3.750,-0.63412,0.53101,0.20972,1,0,0,MODEL,-0.7895,0.100,0.6533,0,none
3.800,-0.65081,0.27547,0.23789,1,0,0,MODEL,-0.5467,0.100,0.6569,0,none
3.851,-0.67672,-0.55279,0.13474,1,0,0,MODEL,0.2402,0.100,0.6645,0,none
3.898,-0.70310,-0.65261,0.23508,1,0,0,MODEL,0.3350,0.100,0.6673,0,none
3.949,-0.70675,-0.74918,0.18739,1,0,0,MODEL,0.4267,0.100,0.6691,0,none
3.999,-0.70163,-0.73047,0.14789,1,0,0,MODEL,0.4089,0.100,0.6766,0,none
4.052,-0.68961,-0.69732,0.25497,1,0,0,MODEL,0.3775,0.100,0.6840,0,none
4.101,-0.67344,-0.67530,0.15181,1,0,0,MODEL,0.3565,0.100,0.6837,0,none
4.151,-0.65240,-0.49447,0.16482,1,0,0,MODEL,0.1847,0.100,0.7014,0,none
4.201,-0.63057,-0.51558,0.20292,1,0,0,MODEL,0.2048,0.100,0.6941,0,none
4.251,-0.60824,-0.44886,0.16051,1,0,0,MODEL,0.1414,0.100,0.7087,0,none
4.302,-0.58438,-0.56799,0.16767,1,0,0,MODEL,0.2546,0.100,0.7095,0,none
4.352,-0.55803,-0.37631,0.15525,1,0,0,MODEL,0.0725,0.100,0.7197,0,none
4.401,-0.52881,-0.31596,0.18297,1,0,0,MODEL,0.0152,0.100,0.7204,0,none
4.450,-0.50175,-0.30209,0.15021,1,0,0,MODEL,0.0020,0.100,0.7304,0,none
4.500,-0.47648,-0.29424,0.15660,1,0,0,MODEL,-0.0055,0.100,0.7325,0,none
4.552,-0.45008,-0.46647,0.24106,1,0,0,MODEL,0.1581,0.100,0.7406,0,none
4.601,-0.42205,-0.34234,0.20573,1,0,0,MODEL,0.0402,0.100,0.7429,0,none
4.652,-0.38905,-0.53479,0.15342,1,0,0,MODEL,0.2230,0.100,0.7516,0,none
4.702,-0.35579,-0.37956,0.19893,1,0,0,MODEL,0.0756,0.100,0.7519,0,none
4.753,-0.31450,-0.20672,0.15007,1,0,0,MODEL,-0.0886,0.100,0.7610,0,none
4.804,-0.27771,-0.14486,0.13370,1,0,0,MODEL,-0.1474,0.100,0.7595,0,none
4.852,-0.24633,-0.07799,0.13040,1,0,0,MODEL,-0.2109,0.100,0.7698,0,none
4.904,-0.21874,0.08048,0.12147,1,0,0,MODEL,-0.3615,0.100,0.7730,0,none
4.953,-0.19699,-0.04802,0.17685,1,0,0,MODEL,-0.2394,0.100,0.7774,0,none
5.003,-0.18386,-0.19886,0.17927,1,0,0,MODEL,-0.0961,0.100,0.7823,0,none
5.052,-0.17108,-0.22224,0.14400,1,0,0,MODEL,-0.0739,0.100,0.7874,0,none
5.102,-0.15641,-0.25329,0.15992,1,0,0,MODEL,-0.0444,0.100,0.7923,0,none
5.151,-0.14198,-0.21568,0.13101,1,0,0,MODEL,-0.0801,0.100,0.7972,0,none
5.203,-0.12779,-0.21199,0.12296,1,0,0,MODEL,-0.0836,0.100,0.8019,0,none
5.254,-0.11567,-0.03695,0.09900,1,0,0,MODEL,-0.2499,0.100,0.8067,0,none
5.304,-0.10649,-0.13041,0.10047,1,0,0,MODEL,-0.1611,0.100,0.8107,0,none
5.353,-0.10486,0.04195,0.13140,1,0,0,MODEL,-0.3248,0.100,0.8154,0,none
5.404,-0.10587,-0.02156,0.06584,1,0,0,MODEL,-0.2645,0.100,0.8192,0,none
5.453,-0.11591,-0.13890,0.08502,1,0,0,MODEL,-0.1530,0.100,0.8237,0,none
5.503,-0.12909,0.01663,0.11540,1,0,0,MODEL,-0.3008,0.100,0.8284,0,none
5.552,-0.14383,-0.02273,0.08675,1,0,0,MODEL,-0.2634,0.100,0.8323,0,none
5.603,-0.16716,-0.03754,0.09731,1,0,0,MODEL,-0.2493,0.100,0.8366,0,none
5.653,-0.19507,-0.04706,0.07166,1,0,0,MODEL,-0.2403,0.100,0.8410,0,none
5.703,-0.22754,-0.02752,0.08388,1,0,0,MODEL,-0.2589,0.100,0.8453,0,none
5.756,-0.26480,0.02660,0.06944,1,0,0,MODEL,-0.3103,0.100,0.8495,0,none
5.804,-0.30784,-0.01903,0.09351,1,0,0,MODEL,-0.2669,0.100,0.8535,0,none
5.854,-0.17631,-0.24235,0.12877,1,0,0,MODEL,-0.0548,0.100,0.8576,0,none
5.904,-0.31982,-0.51888,0.12572,1,0,0,MODEL,0.2079,0.100,0.8618,0,none
5.952,-0.45860,-0.67824,0.13183,1,0,0,MODEL,0.3593,0.100,0.8645,0,none
6.005,-0.58644,-0.73676,0.10646,1,0,0,MODEL,0.4149,0.100,0.8677,0,none
6.056,-0.70362,-0.57658,0.13914,1,0,0,MODEL,0.2628,0.100,0.8710,0,none
6.105,-0.81187,-0.68497,0.19095,1,0,0,MODEL,0.3657,0.100,0.8750,0,none
6.155,-0.91760,-0.80914,0.24402,1,0,0,MODEL,0.4837,0.100,0.8787,0,none
6.204,-0.86455,-1.00244,0.23380,1,0,0,MODEL,0.6673,0.100,0.8815,0,none
6.256,-1.03516,-1.09669,0.34943,0,1,0,MODEL,0.6673,0.100,0.8829,0,none
6.305,-1.18916,-1.29126,0.26187,1,0,0,MODEL,0.9417,0.100,0.8855,0,none
6.356,-1.32781,-1.22298,0.21213,1,0,0,MODEL,0.8768,0.100,0.8846,0,none
6.407,-1.44146,-1.43552,0.29910,0,1,0,MODEL,0.8768,0.100,0.8864,0,none
6.456,-1.53861,-1.54071,0.29386,0,2,0,MODEL,0.8768,0.100,0.8891,0,none
6.507,-1.61796,-1.75550,0.25372,1,0,0,MODEL,1.0000,0.100,0.8915,0,none
6.555,-1.52330,-1.76213,0.40465,0,1,0,MODEL,1.0000,0.100,0.8920,0,none
6.607,-1.65193,-1.85341,0.34592,0,2,0,MODEL,1.0000,0.100,0.8931,0,none
6.659,-1.76010,-1.97456,0.31609,0,3,0,MODEL,1.0000,0.100,0.8947,0,none
6.708,-1.84761,-1.95766,0.37442,0,4,0,MODEL,1.0000,0.100,0.8963,0,none
6.760,-1.91398,-1.75834,0.51345,0,5,0,MODEL,1.0000,0.100,0.8979,0,none
6.809,-1.95887,-1.83521,0.48761,0,6,0,MODEL,1.0000,0.100,0.8995,0,none
6.860,-1.98197,-1.83074,0.49833,0,7,0,MODEL,1.0000,0.100,0.9010,0,none
6.910,-1.82018,-1.71017,0.67752,0,8,0,MODEL,1.0000,0.100,0.9025,0,none
6.960,-1.89620,-1.78296,0.54791,0,9,0,MODEL,1.0000,0.100,0.9040,0,none
7.011,-1.95054,-1.58330,0.86057,0,10,0,FALLBACK,1.0000,0.100,0.9055,0,none
7.059,-1.98287,-1.74001,0.66678,0,10,0,FALLBACK,1.0000,0.100,0.9070,0,none
7.110,-1.99299,-1.79095,0.36245,0,10,0,FALLBACK,1.0000,0.100,0.9084,0,none
7.160,-1.98073,-1.89695,0.31979,0,10,0,FALLBACK,1.0000,0.100,0.9098,0,none
7.212,-1.94606,-1.87966,0.31429,0,10,0,FALLBACK,1.0000,0.100,0.9112,0,none
7.261,-1.72911,-1.88793,0.21301,1,10,0,FALLBACK,1.0000,0.100,0.9125,0,none
7.311,-1.74774,-1.68223,0.28089,1,10,0,FALLBACK,1.0000,0.100,0.9139,0,none
7.360,-1.74376,-1.66293,0.27333,1,10,0,FALLBACK,1.0000,0.100,0.9152,0,none
7.410,-1.71707,-1.38666,0.18533,1,10,0,FALLBACK,1.0000,0.100,0.9165,0,none
7.462,-1.66767,-1.38270,0.25279,1,10,0,FALLBACK,1.0000,0.100,0.9178,0,none
7.511,-1.59569,-1.32923,0.22934,1,10,0,FALLBACK,1.0000,0.100,0.9190,0,none
7.561,-1.50129,-1.37197,0.30089,0,10,0,FALLBACK,1.0000,0.100,0.9203,0,none
7.611,-1.25049,-1.37002,0.28893,0,10,0,FALLBACK,0.9030,0.100,0.9215,0,none
7.661,-1.20922,-1.49201,0.24621,1,10,0,FALLBACK,0.8638,0.100,0.9239,0,none
7.712,-1.14984,-1.01971,0.28373,1,10,0,FALLBACK,0.8073,0.100,0.9266,0,none
7.760,-1.07180,-0.85601,0.16696,1,10,0,FALLBACK,0.7332,0.100,0.9291,0,none
7.810,-0.97658,-0.72215,0.17451,1,10,0,FALLBACK,0.6427,0.100,0.9321,0,none
7.861,-0.86638,-0.54418,0.15231,1,10,0,FALLBACK,0.5381,0.100,0.9354,0,none
7.911,-0.58038,-0.31093,0.16131,1,10,0,FALLBACK,0.2664,0.100,0.9391,0,none
7.964,-0.54694,-0.34092,0.24542,1,10,0,FALLBACK,0.2346,0.100,0.9430,0,none
8.013,-0.51315,0.03114,0.12391,1,10,0,FALLBACK,0.2025,0.100,0.9468,0,none
8.063,-0.47522,0.14560,0.12370,1,10,0,FALLBACK,0.1665,0.100,0.9502,0,none
8.112,-0.43311,0.00516,0.13118,1,10,0,FALLBACK,0.1265,0.100,0.9535,0,none
8.163,-0.38760,-0.00025,0.15619,1,10,0,FALLBACK,0.0832,0.100,0.9567,0,none
8.214,-0.21448,-0.28087,0.20484,1,10,0,FALLBACK,-0.0812,0.100,0.9600,0,none
8.264,-0.26945,-0.23989,0.20234,1,10,0,FALLBACK,-0.0290,0.100,0.9630,0,none
8.311,-0.33007,-0.29389,0.21499,1,10,0,FALLBACK,0.0286,0.100,0.9660,0,none
8.364,-0.39175,-0.15268,0.17191,1,10,0,FALLBACK,0.0872,0.100,0.9690,0,none
8.413,-0.45116,-0.42367,0.12370,1,10,0,FALLBACK,0.1436,0.100,0.9720,0,none
8.463,-0.33231,-0.50865,0.14152,1,10,0,FALLBACK,0.0307,0.100,0.9748,0,none
8.513,-0.48504,-0.76809,0.14073,1,10,0,FALLBACK,0.1758,0.100,0.9777,0,none
8.563,-0.63885,-0.97133,0.29542,0,10,0,FALLBACK,0.3219,0.100,0.9804,0,none
8.613,-0.78636,-0.97307,0.16796,1,10,0,FALLBACK,0.4620,0.100,0.9825,0,none
8.665,-0.92232,-1.07089,0.20417,1,10,0,FALLBACK,0.5912,0.100,0.9839,0,none
8.716,-1.04296,-1.13448,0.24147,1,10,0,FALLBACK,0.7058,0.100,0.9848,0,none
8.766,-1.14483,-1.18509,0.23855,1,10,0,FALLBACK,0.8026,0.100,0.9852,0,none
8.813,-1.22502,-1.28882,0.24360,1,10,0,FALLBACK,0.8788,0.100,0.9852,0,none
8.864,-1.28121,-1.05405,0.21742,1,10,0,FALLBACK,0.9321,0.100,0.9850,0,none
8.913,-1.31196,-1.24962,0.28765,0,10,0,FALLBACK,0.9614,0.100,0.9852,0,none
8.963,-1.31692,-1.34510,0.37916,0,10,0,FALLBACK,0.9661,0.100,0.9848,0,none
9.013,-1.29548,-1.07581,0.36464,0,10,0,FALLBACK,0.9457,0.100,0.9847,0,none
9.065,-1.24831,-0.88345,0.27623,1,10,0,FALLBACK,0.9009,0.100,0.9852,0,none
9.114,-1.17701,-0.93634,0.22269,1,10,0,FALLBACK,0.8332,0.100,0.9863,0,none
9.162,-1.08347,-0.52150,0.29000,0,10,0,FALLBACK,0.7443,0.100,0.9875,0,none
9.215,-0.96970,-0.92993,0.22836,1,10,0,FALLBACK,0.6362,0.100,0.9902,0,none
9.264,-0.83952,-0.88826,0.23787,1,10,0,FALLBACK,0.5125,0.100,0.9931,0,none
9.298,-0.69569,-0.20788,0.17898,1,10,0,FALLBACK,0.3759,0.100,0.9963,0,none
9.350,-0.54332,-0.24862,0.14712,1,10,0,FALLBACK,0.2312,0.100,1.0000,0,none
9.398,-0.38626,-0.33204,0.35316,0,10,0,FALLBACK,0.0820,0.100,1.0032,0,none
9.452,-0.22781,1.14780,0.50558,0,10,0,FALLBACK,-0.0686,0.100,1.0062,0,none
9.498,-0.06989,1.41259,1.14735,0,10,0,FALLBACK,-0.2186,0.100,1.0088,0,none
9.550,0.08271,2.65957,0.42075,0,10,0,FALLBACK,-0.3636,0.100,1.0106,0,none
9.600,0.22391,3.15733,0.43688,0,10,0,FALLBACK,-0.4977,0.100,1.0120,0,none
9.650,0.35018,2.85588,0.40676,0,10,0,FALLBACK,-0.6177,0.100,1.0128,0,none
9.703,0.45818,3.04835,0.57109,0,10,0,FALLBACK,-0.7203,0.100,1.0131,0,none
9.750,0.54646,2.87719,0.47770,0,10,0,FALLBACK,-0.8041,0.100,1.0137,0,none
9.802,0.61093,3.26099,0.53787,0,10,0,FALLBACK,-0.8654,0.100,1.0129,0,none
9.852,0.64950,4.18539,0.82728,0,10,0,FALLBACK,-0.9020,0.100,1.0125,0,none
9.902,0.66178,3.15509,0.68144,0,10,0,FALLBACK,-0.9137,0.100,1.0123,0,none
9.950,0.64783,3.63068,0.66735,0,10,0,FALLBACK,-0.9004,0.100,1.0123,0,none
10.001,0.60844,2.30189,0.40708,0,10,0,FALLBACK,-0.8630,0.100,1.0128,0,none
10.052,0.54508,2.64521,0.49930,0,10,0,FALLBACK,-0.8028,0.100,1.0138,0,none
10.102,0.45895,3.12225,0.77166,0,10,0,FALLBACK,-0.7210,0.100,1.0150,0,none
10.152,0.35346,2.28708,0.44361,0,10,0,FALLBACK,-0.6208,0.100,1.0174,0,none
10.200,0.23187,2.46707,0.40926,0,10,0,FALLBACK,-0.5053,0.100,1.0200,0,none
10.251,0.09715,2.50082,0.34877,0,10,0,FALLBACK,-0.3773,0.100,1.0229,0,none
10.302,-0.04724,0.76709,0.27999,1,10,0,FALLBACK,-0.2401,0.100,1.0258,0,none
10.352,-0.19936,0.17725,0.23503,1,10,0,FALLBACK,-0.0956,0.100,1.0285,0,none
10.403,-0.35378,0.25570,0.22038,1,10,0,FALLBACK,0.0511,0.100,1.0312,0,none
10.451,-0.50569,-0.32782,0.37907,0,10,0,FALLBACK,0.1954,0.100,1.0334,0,none
10.502,-0.65149,-0.73870,0.14197,1,10,0,FALLBACK,0.3339,0.100,1.0351,0,none
10.550,-0.78703,-0.89608,0.21574,1,10,0,FALLBACK,0.4627,0.100,1.0362,0,none
10.601,-0.90831,-0.94339,0.22722,1,10,0,FALLBACK,0.5779,0.100,1.0368,0,none
10.652,-1.01171,-1.07018,0.21776,1,10,0,FALLBACK,0.6761,0.100,1.0370,0,none
10.703,-1.09507,-1.16135,0.24949,1,10,0,FALLBACK,0.7553,0.100,1.0371,0,none
10.752,-1.15620,-1.27431,0.37945,0,10,0,FALLBACK,0.8134,0.100,1.0371,0,none
10.804,-1.19266,-1.20747,0.35195,0,10,0,FALLBACK,0.8480,0.100,1.0364,0,none
10.853,-1.20334,-1.10060,0.22229,1,10,0,FALLBACK,0.8582,0.100,1.0362,0,none
10.903,-1.18814,-1.23955,0.25213,1,10,0,FALLBACK,0.8437,0.100,1.0360,0,none
10.953,-1.14758,-1.04302,0.23824,1,10,0,FALLBACK,0.8052,0.100,1.0364,0,none
11.001,-1.08317,-1.25112,0.26270,1,10,0,FALLBACK,0.7440,0.100,1.0372,0,none
11.051,-0.99693,-1.28141,0.27307,1,10,0,FALLBACK,0.6621,0.100,1.0387,0,none
11.103,-0.89091,-1.16522,0.15095,1,10,0,FALLBACK,0.5614,0.100,1.0404,0,none
11.153,-0.76841,-0.83815,0.23306,1,10,0,FALLBACK,0.4450,0.100,1.0429,0,none
11.201,-0.63317,-0.70874,0.29188,0,10,0,FALLBACK,0.3165,0.100,1.0456,0,none
11.252,-0.48856,-0.42167,0.20656,1,10,0,FALLBACK,0.1791,0.100,1.0483,0,none
11.302,-0.24417,-0.33057,0.19301,1,10,0,FALLBACK,-0.0530,0.100,1.0509,0,none
11.353,-0.16268,-0.00937,0.29966,0,10,0,FALLBACK,-0.1305,0.100,1.0528,0,none
11.404,-0.08839,-0.24813,0.26621,1,10,0,FALLBACK,-0.2010,0.100,1.0549,0,none
11.452,-0.02006,-0.10189,0.13523,1,10,0,FALLBACK,-0.2659,0.100,1.0569,0,none
11.504,0.04076,0.07710,0.11830,1,10,0,FALLBACK,-0.3237,0.100,1.0586,0,none
11.554,0.17265,0.18459,0.15704,1,10,0,FALLBACK,-0.4490,0.100,1.0600,0,none
11.602,0.13694,0.17837,0.20047,1,10,0,FALLBACK,-0.4151,0.100,1.0608,0,none
11.652,0.08481,0.09192,0.18626,1,10,0,FALLBACK,-0.3656,0.100,1.0622,0,none
11.703,0.02028,-0.00536,0.08778,1,10,0,FALLBACK,-0.3043,0.100,1.0641,0,none
11.754,-0.05413,-0.23989,0.13847,1,10,0,FALLBACK,-0.2336,0.100,1.0663,0,none
11.803,-0.07331,-0.77860,0.19793,1,10,0,FALLBACK,-0.2154,0.100,1.0685,0,none
11.853,-0.23234,-1.19982,0.27954,1,10,0,FALLBACK,-0.0643,0.100,1.0705,0,none
11.904,-0.39717,-1.02495,0.21244,1,10,0,FALLBACK,0.0923,0.100,1.0725,0,none
11.953,-0.56067,-0.94118,0.17337,1,10,0,FALLBACK,0.2476,0.100,1.0741,0,none
12.005,-0.71697,-1.28364,0.26922,1,10,0,FALLBACK,0.3961,0.100,1.0752,0,none
12.053,-0.78379,-2.88710,0.59368,0,10,0,FALLBACK,0.4596,0.100,1.0756,0,none
12.104,-0.98182,-1.75765,0.36317,0,10,0,FALLBACK,0.6477,0.100,1.0762,0,none
12.154,-1.16484,-1.48073,0.30037,0,10,0,FALLBACK,0.8216,0.100,1.0759,0,none
12.206,-1.32322,-2.35627,0.45607,0,10,0,FALLBACK,0.9721,0.100,1.0724,0,none
12.256,-1.45046,-2.63490,0.59929,0,10,0,FALLBACK,1.0000,0.100,1.0687,0,none
12.306,-1.42974,-3.02130,0.54379,0,10,0,FALLBACK,1.0000,0.100,1.0661,0,none
12.355,-1.56354,-2.70893,0.46172,0,10,0,FALLBACK,1.0000,0.100,1.0646,0,none
12.404,-1.66766,-2.75606,0.54451,0,10,0,FALLBACK,1.0000,0.100,1.0633,0,none
12.454,-1.74174,-4.16935,0.69823,0,10,0,FALLBACK,1.0000,0.100,1.0621,0,none
12.504,-1.78550,-3.66765,0.95534,0,10,0,FALLBACK,1.0000,0.100,1.0609,0,none
12.554,-1.79881,-4.26455,1.08065,0,10,0,FALLBACK,1.0000,0.100,1.0597,0,none
12.605,-1.70576,-2.18369,0.46528,0,10,0,FALLBACK,1.0000,0.100,1.0586,0,none
12.657,-1.73202,-1.67503,0.40646,0,10,0,FALLBACK,1.0000,0.100,1.0574,0,none
12.706,-1.72802,-2.36327,0.41148,0,10,0,FALLBACK,1.0000,0.100,1.0563,0,none
12.756,-1.69384,-1.68448,0.29494,0,10,0,FALLBACK,1.0000,0.100,1.0552,0,none
12.806,-1.62975,-1.31284,0.32040,0,10,0,FALLBACK,1.0000,0.100,1.0542,0,none
12.856,-1.42651,-1.32261,0.30457,0,10,0,FALLBACK,1.0000,0.100,1.0531,0,none
12.905,-1.37566,-1.70138,0.29535,0,10,0,FALLBACK,1.0000,0.100,1.0521,0,none
12.955,-1.29526,-1.58368,0.27309,1,10,0,FALLBACK,0.9455,0.100,1.0511,0,none
13.007,-1.18627,-1.67459,0.32543,0,10,0,FALLBACK,0.8420,0.100,1.0509,0,none
13.056,-1.05225,-1.42991,0.28166,1,10,0,FALLBACK,0.7146,0.100,1.0520,0,none
13.107,-0.89775,-1.56005,0.27555,1,10,0,FALLBACK,0.5679,0.100,1.0542,0,none
13.157,-0.72703,-1.02829,0.21439,1,10,0,FALLBACK,0.4057,0.100,1.0568,0,none
13.205,-0.54457,-0.46807,0.22595,1,10,0,FALLBACK,0.2323,0.100,1.0597,0,none
13.257,-0.35509,-0.26668,0.19764,1,10,0,FALLBACK,0.0523,0.100,1.0624,0,none
13.305,-0.16350,0.02296,0.10152,1,10,0,FALLBACK,-0.1297,0.100,1.0648,0,none
13.356,0.02503,0.41391,0.14544,1,10,0,FALLBACK,-0.3088,0.100,1.0665,0,none
13.407,0.20513,0.61850,0.16908,1,10,0,FALLBACK,-0.4799,0.100,1.0674,0,none
13.457,0.37126,0.94616,0.15695,1,10,0,FALLBACK,-0.6377,0.100,1.0674,0,none
13.506,0.51809,1.00139,0.21180,1,10,0,FALLBACK,-0.7772,0.100,1.0665,0,none
13.556,0.64208,1.14316,0.21268,1,10,0,FALLBACK,-0.8950,0.100,1.0668,0,none
13.607,0.73940,1.10248,0.17007,1,10,0,FALLBACK,-0.9874,0.100,1.0630,0,none
13.658,0.76610,1.18021,0.17244,1,10,0,FALLBACK,-1.0000,0.100,1.0602,0,none
13.707,0.83463,1.42316,0.27054,1,10,0,FALLBACK,-1.0000,0.100,1.0584,0,none
13.757,0.87244,1.44899,0.30305,0,10,0,FALLBACK,-1.0000,0.100,1.0572,0,none
13.807,0.88001,1.42312,0.24015,1,10,0,FALLBACK,-1.0000,0.100,1.0561,0,none
13.857,0.85745,0.74693,0.23156,1,10,0,FALLBACK,-1.0000,0.100,1.0550,0,none
13.908,0.76943,0.75185,0.20124,1,10,0,FALLBACK,-1.0000,0.100,1.0540,0,none
13.958,0.72357,0.90498,0.28374,1,10,0,FALLBACK,-0.9724,0.100,1.0529,0,none
14.006,0.64834,0.74166,0.17620,1,10,0,FALLBACK,-0.9009,0.100,1.0524,0,none
14.055,0.54593,0.21331,0.18814,1,10,0,FALLBACK,-0.8036,0.100,1.0528,0,none
14.108,0.41992,-0.23185,0.17759,1,10,0,FALLBACK,-0.6839,0.100,1.0541,0,none
14.159,0.23680,-0.00185,0.12733,1,10,0,FALLBACK,-0.5100,0.100,1.0550,0,none
14.208,0.10779,0.07197,0.09703,1,10,0,FALLBACK,-0.3874,0.100,1.0585,0,none
14.258,-0.03058,0.60816,0.21257,1,10,0,FALLBACK,-0.2560,0.100,1.0613,0,none
14.307,-0.17665,0.24003,0.15885,1,10,0,FALLBACK,-0.1172,0.100,1.0638,0,none
14.357,-0.32777,1.03162,0.22186,1,10,0,FALLBACK,0.0264,0.100,1.0660,0,none
14.408,-0.51577,-0.25302,0.28154,1,10,0,FALLBACK,0.2050,0.100,1.0680,0,none
14.458,-0.62684,1.15997,0.31338,0,10,0,FALLBACK,0.3105,0.100,1.0692,0,none
14.508,-0.72709,0.80357,0.53276,0,10,0,FALLBACK,0.4057,0.100,1.0703,0,none
14.558,-0.81515,0.03123,0.40103,0,10,0,FALLBACK,0.4894,0.100,1.0713,0,none
14.610,-0.88786,0.28612,0.29190,0,10,0,FALLBACK,0.5585,0.100,1.0716,0,none
14.661,-0.96406,-0.02553,0.46551,0,10,0,FALLBACK,0.6309,0.100,1.0720,0,none
14.710,-0.96192,0.97726,0.71474,0,10,0,FALLBACK,0.6288,0.100,1.0727,0,none
14.759,-0.93887,0.55046,0.60092,0,10,0,FALLBACK,0.6069,0.100,1.0726,0,none
14.810,-0.89542,0.93494,0.71088,0,10,0,FALLBACK,0.5656,0.100,1.0736,0,none
14.860,-0.87396,-0.80246,0.33107,0,10,0,FALLBACK,0.5453,0.100,1.0749,0,none
14.911,-0.75904,-0.33501,0.42257,0,10,0,FALLBACK,0.4361,0.100,1.0764,0,none
14.959,-0.62789,-0.00547,0.32413,0,10,0,FALLBACK,0.3115,0.100,1.0775,0,none
15.011,-0.48507,0.18829,0.40024,0,10,0,FALLBACK,0.1758,0.100,1.0803,0,none
15.059,-0.33695,0.60425,0.47476,0,10,0,FALLBACK,0.0351,0.100,1.0827,0,none
15.110,-0.21828,1.41947,0.56721,0,10,0,FALLBACK,-0.0776,0.100,1.0848,0,none
15.163,-0.03219,1.80592,0.45394,0,10,0,FALLBACK,-0.2544,0.100,1.0867,0,none
15.212,0.14968,1.00124,0.62025,0,10,0,FALLBACK,-0.4272,0.100,1.0879,0,none
15.263,0.31987,0.88329,0.23664,1,10,0,FALLBACK,-0.5889,0.100,1.0881,0,none
15.312,0.47332,1.34207,0.54133,0,10,0,FALLBACK,-0.7347,0.100,1.0885,0,none
15.362,0.57321,1.69126,0.53570,0,10,0,FALLBACK,-0.8295,0.100,1.0872,0,none
15.413,0.71577,0.57073,0.19917,1,10,0,FALLBACK,-0.9650,0.100,1.0841,0,none
15.465,0.82868,0.70769,0.19196,1,10,0,FALLBACK,-1.0000,0.100,1.0813,0,none
15.515,0.90781,1.63009,0.35144,0,10,0,FALLBACK,-1.0000,0.100,1.0786,0,none
15.563,0.95441,1.84988,0.40724,0,10,0,FALLBACK,-1.0000,0.100,1.0764,0,none
15.613,0.93977,3.14916,0.55505,0,10,0,FALLBACK,-1.0000,0.100,1.0749,0,none
15.664,0.96079,2.15954,0.28388,1,10,0,FALLBACK,-1.0000,0.100,1.0735,0,none
15.716,0.95064,1.63962,0.18353,1,10,0,FALLBACK,-1.0000,0.100,1.0721,0,none
15.764,0.90950,1.47644,0.26871,1,10,0,FALLBACK,-1.0000,0.100,1.0707,0,none
15.813,0.83767,1.22700,0.28355,1,10,0,FALLBACK,-1.0000,0.100,1.0694,0,none
15.847,0.71003,0.20049,0.24752,1,10,0,FALLBACK,-0.9595,0.100,1.0681,0,none
15.899,0.61502,-0.01242,0.09957,1,10,0,FALLBACK,-0.8693,0.100,1.0676,0,none
15.948,0.49253,0.08163,0.14777,1,10,0,FALLBACK,-0.7529,0.100,1.0677,0,none
15.998,0.34655,0.81801,0.15495,1,10,0,FALLBACK,-0.6142,0.100,1.0691,0,none
16.047,0.18152,1.23474,0.22062,1,10,0,FALLBACK,-0.4574,0.100,1.0712,0,none
16.101,-0.02362,0.84461,0.24094,1,10,0,FALLBACK,-0.2626,0.100,1.0743,0,none
16.151,-0.17624,0.12273,0.24412,1,10,0,FALLBACK,-0.1176,0.100,1.0765,0,none
16.198,-0.33344,-0.21712,0.13517,1,10,0,FALLBACK,0.0318,0.100,1.0789,0,none
16.249,-0.49104,-0.20182,0.17057,1,10,0,FALLBACK,0.1815,0.100,1.0808,0,none
16.300,-0.64252,-0.47259,0.21820,1,10,0,FALLBACK,0.3254,0.100,1.0819,0,none
16.351,-0.80786,-0.46766,0.16608,1,10,0,FALLBACK,0.4825,0.100,1.0830,0,none
16.401,-0.89854,-0.98760,0.23221,1,10,0,FALLBACK,0.5686,0.100,1.0822,0,none
16.452,-0.96986,-0.47421,0.53087,0,10,0,FALLBACK,0.6364,0.100,1.0824,0,none
16.502,-1.02104,-1.01757,0.21628,1,10,0,FALLBACK,0.6850,0.100,1.0822,0,none
16.552,-1.09037,1.81319,0.35189,0,10,0,FALLBACK,0.7509,0.100,1.0818,0,none
16.602,-1.05757,0.53113,0.76062,0,10,0,FALLBACK,0.7197,0.100,1.0814,0,none
16.652,-0.99964,1.81783,0.55025,0,10,0,FALLBACK,0.6647,0.100,1.0813,0,none
16.701,-0.91941,2.10132,0.41704,0,10,0,FALLBACK,0.5884,0.100,1.0821,0,none
16.753,-0.82003,1.90239,0.33035,0,10,0,FALLBACK,0.4940,0.100,1.0838,0,none
16.803,-0.72808,2.04778,0.35166,0,10,0,FALLBACK,0.4067,0.100,1.0857,0,none
16.853,-0.56392,2.17348,0.34195,0,10,0,FALLBACK,0.2507,0.100,1.0876,0,none
16.904,-0.38919,2.14880,0.36376,0,10,0,FALLBACK,0.0847,0.100,1.0898,0,none
16.952,-0.20965,2.63529,0.42575,0,10,0,FALLBACK,-0.0858,0.100,1.0920,0,none
17.005,-0.03174,1.62943,0.34966,0,10,0,FALLBACK,-0.2548,0.100,1.0935,0,none
17.054,0.11896,4.07218,0.58925,0,10,0,FALLBACK,-0.3980,0.100,1.0948,0,none
17.106,0.31445,2.02850,0.47880,0,10,0,FALLBACK,-0.5837,0.100,1.0952,0,none
17.155,0.49459,3.48764,0.64979,0,10,0,FALLBACK,-0.7549,0.100,1.0946,0,none
17.203,0.65105,2.51311,0.31441,0,10,0,FALLBACK,-0.9035,0.100,1.0916,0,none
17.253,0.77775,1.81121,0.35905,0,10,0,FALLBACK,-1.0000,0.100,1.0883,0,none
17.305,0.87098,2.66969,0.44899,0,10,0,FALLBACK,-1.0000,0.100,1.0848,0,none
17.357,0.92976,1.53014,0.23034,1,10,0,FALLBACK,-1.0000,0.100,1.0825,0,none
17.405,0.95663,0.93995,0.18081,1,10,0,FALLBACK,-1.0000,0.100,1.0809,0,none
17.456,0.95190,0.46973,0.15648,1,10,0,FALLBACK,-1.0000,0.100,1.0794,0,none
17.506,0.91573,0.30121,0.14802,1,10,0,FALLBACK,-1.0000,0.100,1.0779,0,none
17.557,0.84844,0.40979,0.19091,1,10,0,FALLBACK,-1.0000,0.100,1.0765,0,none
17.606,0.75050,0.34101,0.21907,1,10,0,FALLBACK,-0.9980,0.100,1.0750,0,none
17.656,0.62257,0.11421,0.10838,1,10,0,FALLBACK,-0.8764,0.100,1.0737,0,none
17.705,0.46645,0.04696,0.10944,1,10,0,FALLBACK,-0.7281,0.100,1.0740,0,none
17.756,0.28764,0.22833,0.18153,1,10,0,FALLBACK,-0.5583,0.100,1.0743,0,none
17.807,0.09088,0.37316,0.24640,1,10,0,FALLBACK,-0.3713,0.100,1.0779,0,none
17.858,-0.11595,-0.31743,0.25105,1,10,0,FALLBACK,-0.1748,0.100,1.0807,0,none
17.906,-0.32984,-0.80865,0.19593,1,10,0,FALLBACK,0.0283,0.100,1.0828,0,none
17.956,-0.54701,-1.01078,0.20837,1,10,0,FALLBACK,0.2347,0.100,1.0850,0,none
18.008,-0.75736,-1.30019,0.23821,1,10,0,FALLBACK,0.4345,0.100,1.0855,0,none
18.058,-0.95499,-1.43817,0.28171,1,10,0,FALLBACK,0.6222,0.100,1.0851,0,none
18.110,-1.13392,-1.51313,0.24788,1,10,0,FALLBACK,0.7922,0.100,1.0836,0,none
18.159,-1.28811,-1.66898,0.27985,1,10,0,FALLBACK,0.9387,0.100,1.0810,0,none
18.210,-1.41222,-1.66361,0.30245,0,10,0,FALLBACK,1.0000,0.100,1.0775,0,none
18.259,-1.50266,-1.60743,0.29628,0,10,0,FALLBACK,1.0000,0.100,1.0745,0,none
18.310,-1.56008,-1.57146,0.29644,0,10,0,FALLBACK,1.0000,0.100,1.0725,0,none
18.359,-1.58626,-1.40150,0.20810,1,10,0,FALLBACK,1.0000,0.100,1.0711,0,none
18.411,-1.58138,-1.28545,0.33705,0,10,0,FALLBACK,1.0000,0.100,1.0698,0,none
18.459,-1.54557,-1.37224,0.75954,0,10,0,FALLBACK,1.0000,0.100,1.0684,0,none
18.510,-1.32301,-1.65862,0.35408,0,10,0,FALLBACK,0.9719,0.100,1.0671,0,none
18.560,-1.33699,-1.14301,0.48898,0,10,0,FALLBACK,0.9851,0.100,1.0658,0,none
18.610,-1.32137,-0.40219,0.34458,0,10,0,FALLBACK,0.9703,0.100,1.0652,0,none
18.661,-1.27576,-0.68622,0.15689,1,10,0,FALLBACK,0.9270,0.100,1.0642,0,none
18.711,-1.20137,-0.55695,0.13682,1,10,0,FALLBACK,0.8563,0.100,1.0639,0,none
18.761,-1.10078,-0.60611,0.15668,1,10,0,FALLBACK,0.7607,0.100,1.0645,0,none
18.812,-0.87445,-0.67290,0.14541,1,10,0,FALLBACK,0.5457,0.100,1.0655,0,none
18.862,-0.83900,-1.00861,0.18976,1,10,0,FALLBACK,0.5121,0.100,1.0678,0,none
18.913,-0.79135,-0.83266,0.18278,1,10,0,FALLBACK,0.4668,0.100,1.0705,0,none
18.963,-0.72966,-0.82339,0.17030,1,10,0,FALLBACK,0.4082,0.100,1.0723,0,none
19.012,-0.65430,-0.82536,0.17380,1,10,0,FALLBACK,0.3366,0.100,1.0740,0,none
19.063,-0.44587,-0.66422,0.15677,1,10,0,FALLBACK,0.1386,0.100,1.0762,0,none
19.113,-0.46198,-0.43440,0.16135,1,10,0,FALLBACK,0.1539,0.100,1.0784,0,none
19.163,-0.47739,-0.51310,0.16075,1,10,0,FALLBACK,0.1685,0.100,1.0806,0,none
19.213,-0.48874,-0.21701,0.16753,1,10,0,FALLBACK,0.1793,0.100,1.0824,0,none
19.263,-0.49424,-0.51009,0.13803,1,10,0,FALLBACK,0.1845,0.100,1.0842,0,none
19.314,-0.38265,-0.64765,0.23490,1,10,0,FALLBACK,0.0785,0.100,1.0859,0,none
19.348,-0.48886,-0.74834,0.17411,1,10,0,FALLBACK,0.1794,0.100,1.0877,0,none
19.398,-0.59407,-0.97163,0.25287,1,10,0,FALLBACK,0.2794,0.100,1.0895,0,none
19.449,-0.69244,-1.01544,0.21601,1,10,0,FALLBACK,0.3728,0.100,1.0907,0,none
19.499,-0.77806,-1.02694,0.20625,1,10,0,FALLBACK,0.4542,0.100,1.0910,0,none
19.548,-0.72790,-1.33217,0.22779,1,10,0,FALLBACK,0.4065,0.100,1.0914,0,none
19.599,-0.89239,-1.47744,0.24890,1,10,0,FALLBACK,0.5628,0.100,1.0928,0,none
19.650,-1.04511,-1.56757,0.25179,1,10,0,FALLBACK,0.7079,0.100,1.0932,0,none
19.700,-1.17459,-1.56346,0.20954,1,10,0,FALLBACK,0.8309,0.100,1.0906,0,none
19.752,-1.27535,-1.59982,0.28526,0,10,0,FALLBACK,0.9266,0.100,1.0880,0,none
19.800,-1.17720,-1.82719,0.27683,1,10,0,FALLBACK,0.8333,0.100,1.0860,0,none
19.849,-1.32693,-1.95410,0.35319,0,10,0,FALLBACK,0.9756,0.100,1.0847,0,none
19.899,-1.45006,-1.87184,0.26994,1,10,0,FALLBACK,1.0000,0.100,1.0823,0,none
19.949,-1.53966,-1.51186,0.51672,0,10,0,FALLBACK,1.0000,0.100,1.0798,0,none
19.999,-1.59721,-1.37038,0.25283,1,10,0,FALLBACK,1.0000,0.100,1.0781,0,none
20.051,-1.62335,-1.49865,0.63064,0,10,0,FALLBACK,1.0000,0.100,1.0766,0,none
20.100,-1.49047,-1.79585,0.32013,0,10,0,FALLBACK,1.0000,0.100,1.0752,0,none
20.150,-1.56582,-1.84412,0.28322,1,10,0,FALLBACK,1.0000,0.100,1.0737,0,none
20.199,-1.61016,-2.04294,0.27636,1,10,0,FALLBACK,1.0000,0.100,1.0723,0,none
20.250,-1.62340,-1.73850,0.64224,0,10,0,FALLBACK,1.0000,0.100,1.0709,0,none
20.301,-1.60559,-1.71088,0.62203,0,10,0,FALLBACK,1.0000,0.100,1.0696,0,none
20.350,-1.35819,-2.20449,0.45639,0,10,0,FALLBACK,1.0000,0.100,1.0683,0,none
20.401,-1.39013,-2.26314,0.27787,1,10,0,FALLBACK,1.0000,0.100,1.0669,0,none
20.450,-1.39123,-1.17944,0.18002,1,10,0,FALLBACK,1.0000,0.100,1.0657,0,none
20.500,-1.36161,-1.08246,0.24498,1,10,0,FALLBACK,1.0000,0.100,1.0644,0,none
20.551,-1.30153,-1.28752,0.22949,1,10,0,FALLBACK,0.9515,0.100,1.0632,0,none
20.603,-1.21181,-1.73848,0.24227,1,10,0,FALLBACK,0.8662,0.100,1.0627,0,none
20.651,-0.94740,-1.72958,0.29073,0,10,0,FALLBACK,0.6150,0.100,1.0634,0,none
20.702,-0.91871,-1.62147,0.42553,0,10,0,FALLBACK,0.5878,0.100,1.0658,0,none
20.753,-0.87715,-1.18082,0.24729,1,10,0,FALLBACK,0.5483,0.100,1.0684,0,none
20.803,-0.81906,-0.84650,0.17283,1,10,0,FALLBACK,0.4931,0.100,1.0700,0,none
20.851,-0.74519,-0.87601,0.22600,1,10,0,FALLBACK,0.4229,0.100,1.0717,0,none
20.903,-0.65772,-0.98713,0.30301,0,10,0,FALLBACK,0.3398,0.100,1.0737,0,none
20.954,-0.55920,-0.38031,0.15802,1,10,0,FALLBACK,0.2462,0.100,1.0759,0,none
21.003,-0.45248,-0.33392,0.13632,1,10,0,FALLBACK,0.1449,0.100,1.0781,0,none
21.055,-0.34065,-0.51358,0.16195,1,10,0,FALLBACK,0.0386,0.100,1.0803,0,none
21.102,-0.22635,-0.88691,0.16001,1,10,0,FALLBACK,-0.0700,0.100,1.0824,0,none
21.154,-0.11335,-1.62301,0.38268,0,10,0,FALLBACK,-0.1773,0.100,1.0841,0,none
21.205,-0.00563,-0.67537,0.20728,1,10,0,FALLBACK,-0.2796,0.100,1.0856,0,none
21.254,0.09353,-0.66258,0.21879,1,10,0,FALLBACK,-0.3739,0.100,1.0868,0,none
21.305,0.18085,-0.27909,0.13418,1,10,0,FALLBACK,-0.4568,0.100,1.0876,0,none
21.354,0.25335,-0.75786,0.20381,1,10,0,FALLBACK,-0.5257,0.100,1.0882,0,none
21.404,0.30854,-2.12427,0.49217,0,10,0,FALLBACK,-0.5781,0.100,1.0885,0,none
21.454,0.34453,-2.69184,0.67931,0,10,0,FALLBACK,-0.6123,0.100,1.0887,0,none
21.506,0.36009,-1.49899,0.42707,0,10,0,FALLBACK,-0.6271,0.100,1.0890,0,none
21.556,0.35468,-1.17659,0.31666,0,10,0,FALLBACK,-0.6219,0.100,1.0893,0,none
21.604,0.32851,-0.67621,0.26713,1,10,0,FALLBACK,-0.5971,0.100,1.0899,0,none
21.656,0.28225,0.06038,0.29158,0,10,0,FALLBACK,-0.5531,0.100,1.0907,0,none
21.705,0.21750,0.23902,0.25607,1,10,0,FALLBACK,-0.4916,0.100,1.0920,0,none
21.754,0.13641,0.38207,0.32591,0,10,0,FALLBACK,-0.4146,0.100,1.0935,0,none
21.804,0.04139,0.29579,0.28004,1,10,0,FALLBACK,-0.3243,0.100,1.0953,0,none
21.855,-0.06469,0.14818,0.18612,1,10,0,FALLBACK,-0.2235,0.100,1.0972,0,none
21.905,-0.17868,-0.11749,0.10044,1,10,0,FALLBACK,-0.1153,0.100,1.0992,0,none
21.955,-0.29715,-0.20843,0.12311,1,10,0,FALLBACK,-0.0027,0.100,1.1011,0,none
22.008,-0.41651,-1.08903,0.40001,0,10,0,FALLBACK,0.1107,0.100,1.1028,0,none
22.056,-0.53304,-3.16150,0.63004,0,10,0,FALLBACK,0.2214,0.100,1.1042,0,none
22.108,-0.64295,-2.57708,1.00383,0,10,0,FALLBACK,0.3258,0.100,1.1052,0,none
22.158,-0.74251,0.11884,2.19690,0,10,0,FALLBACK,0.4204,0.100,1.1059,0,none
22.207,-0.82909,-3.66580,0.79140,0,10,0,FALLBACK,0.5026,0.100,1.1069,0,none
22.259,-0.89995,-3.77717,0.96588,0,10,0,FALLBACK,0.5700,0.100,1.1063,0,none
22.308,-0.95066,-5.31056,1.29912,0,10,0,FALLBACK,0.6181,0.100,1.1061,0,none
22.358,-0.98013,-4.58738,0.93951,0,10,0,FALLBACK,0.6461,0.100,1.1058,0,none
22.407,-0.98733,-3.70135,0.86765,0,10,0,FALLBACK,0.6530,0.100,1.1057,0,none
22.459,-0.97204,-2.33067,1.50736,0,10,0,FALLBACK,0.6384,0.100,1.1057,0,none
22.509,-0.93478,1.59406,1.36414,0,10,0,FALLBACK,0.6030,0.100,1.1061,0,none
22.559,-0.87681,0.14245,1.51946,0,10,0,FALLBACK,0.5480,0.100,1.1068,0,none
22.609,-0.80002,0.22897,0.99253,0,10,0,FALLBACK,0.4750,0.100,1.1080,0,none
22.659,-0.70686,-0.24811,0.69653,0,10,0,FALLBACK,0.3865,0.100,1.1094,0,none
22.709,-0.60023,-0.59545,0.12655,1,10,0,FALLBACK,0.2852,0.100,1.1112,0,none
22.760,-0.48338,-0.56278,0.15408,1,10,0,FALLBACK,0.1742,0.100,1.1131,0,none
22.809,-0.35903,-0.30190,0.16463,1,10,0,FALLBACK,0.0561,0.100,1.1147,0,none
22.859,-0.23047,-0.23591,0.18168,1,10,0,FALLBACK,-0.0661,0.100,1.1166,0,none
22.909,-0.10285,-0.12966,0.13507,1,10,0,FALLBACK,-0.1873,0.100,1.1183,0,none
22.959,0.02086,0.07478,0.11168,1,10,0,FALLBACK,-0.3048,0.100,1.1191,0,none
23.010,0.13421,0.25887,0.13504,1,10,0,FALLBACK,-0.4125,0.100,1.1197,0,none
23.058,0.23493,0.59075,0.14093,1,10,0,FALLBACK,-0.5082,0.100,1.1207,0,none
23.110,0.31976,0.61549,0.16473,1,10,0,FALLBACK,-0.5888,0.100,1.1198,0,none
23.159,0.38343,0.80875,0.21726,1,10,0,FALLBACK,-0.6493,0.100,1.1192,0,none
23.209,0.42438,0.60522,0.14855,1,10,0,FALLBACK,-0.6882,0.100,1.1185,0,none
23.262,0.49425,0.54556,0.19111,1,10,0,FALLBACK,-0.7545,0.100,1.1179,0,none
23.310,0.40080,0.38866,0.18261,1,10,0,FALLBACK,-0.6658,0.100,1.1167,0,none
23.359,0.28162,0.13864,0.09832,1,10,0,FALLBACK,-0.5525,0.100,1.1169,0,none
23.410,0.14318,0.05699,0.09115,1,10,0,FALLBACK,-0.4210,0.100,1.1184,0,none
23.459,0.08934,-0.04978,0.11523,1,10,0,FALLBACK,-0.3699,0.100,1.1202,0,none
23.512,-0.15097,-0.48255,0.18738,1,10,0,FALLBACK,-0.1416,0.100,1.1219,0,none
23.567,-0.39957,-0.58988,0.18904,1,10,0,FALLBACK,0.0946,0.100,1.1234,0,none
23.613,-0.64917,-0.74867,0.20143,1,10,0,FALLBACK,0.3317,0.100,1.1252,0,none
23.664,-0.89407,-0.77840,0.21117,1,10,0,FALLBACK,0.5644,0.100,1.1249,0,none
23.713,-1.12314,-0.79445,0.16962,1,10,0,FALLBACK,0.7820,0.100,1.1231,0,none
23.763,-1.26250,-1.48877,0.22339,1,10,0,FALLBACK,0.9144,0.100,1.1196,0,none
23.813,-1.51317,-1.31430,0.54636,0,10,0,FALLBACK,1.0000,0.100,1.1153,0,none
23.864,-1.73290,-1.20069,0.89559,0,10,0,FALLBACK,1.0000,0.100,1.1112,0,none
23.913,-1.91967,0.18654,1.20513,0,10,0,FALLBACK,1.0000,0.100,1.1079,0,none
23.962,-2.07492,0.36886,1.04923,0,10,0,FALLBACK,1.0000,0.100,1.1058,0,none
24.016,-2.06703,-0.70969,1.40686,0,10,0,FALLBACK,1.0000,0.100,1.1038,0,none
24.066,-2.23890,0.30343,1.42526,0,10,0,FALLBACK,1.0000,0.100,1.1018,0,none
24.114,-2.37977,-1.34573,1.08097,0,10,0,FALLBACK,1.0000,0.100,1.0999,0,none
24.164,-2.48902,-1.56408,1.05284,0,10,0,FALLBACK,1.0000,0.100,1.0980,0,none
24.214,-2.56621,-1.82823,0.96929,0,10,0,FALLBACK,1.0000,0.100,1.0961,0,none
24.264,-2.61108,-2.13517,0.55012,0,10,0,FALLBACK,1.0000,0.100,1.0943,0,none
24.315,-2.51053,-2.29921,0.38130,0,10,0,FALLBACK,1.0000,0.100,1.0925,0,none
24.364,-2.57409,-2.07095,0.41079,0,10,0,FALLBACK,1.0000,0.100,1.0907,0,none
24.398,-2.60555,-2.24663,0.37970,0,10,0,FALLBACK,1.0000,0.100,1.0890,0,none
24.451,-2.60490,-2.08789,0.46652,0,10,0,FALLBACK,1.0000,0.100,1.0873,0,none
24.501,-2.57228,-2.42982,0.40821,0,10,0,FALLBACK,1.0000,0.100,1.0856,0,none
24.549,-2.50802,-2.34303,0.28388,1,10,0,FALLBACK,1.0000,0.100,1.0840,0,none
24.601,-2.32009,-2.58396,0.52804,0,10,0,FALLBACK,1.0000,0.100,1.0824,0,none
24.652,-2.27528,-2.54581,0.36807,0,10,0,FALLBACK,1.0000,0.100,1.0808,0,none
24.700,-2.19923,-1.96447,0.32680,0,10,0,FALLBACK,1.0000,0.100,1.0793,0,none
24.751,-2.09248,-1.74038,0.43295,0,10,0,FALLBACK,1.0000,0.100,1.0777,0,none
24.800,-1.95573,-1.72767,0.33334,0,10,0,FALLBACK,1.0000,0.100,1.0763,0,none
24.853,-1.78983,-1.48515,0.30681,0,10,0,FALLBACK,1.0000,0.100,1.0748,0,none
24.901,-1.51845,-1.10692,0.20887,1,10,0,FALLBACK,1.0000,0.100,1.0734,0,none
24.950,-1.37141,-0.75348,0.27698,1,10,0,FALLBACK,1.0000,0.100,1.0720,0,none
25.002,-1.19576,-0.75964,0.21329,1,10,0,FALLBACK,0.8510,0.100,1.0706,0,none
25.052,-0.99463,-0.41075,0.15382,1,10,0,FALLBACK,0.6599,0.100,1.0719,0,none
25.102,-0.77573,-0.40485,0.19591,1,10,0,FALLBACK,0.4519,0.100,1.0747,0,none
25.152,-0.54518,-0.44665,0.23163,1,10,0,FALLBACK,0.2329,0.100,1.0778,0,none
25.202,-0.24629,-0.18644,0.22590,1,10,0,FALLBACK,-0.0510,0.100,1.0802,0,none
25.253,-0.08068,-0.02202,0.17884,1,10,0,FALLBACK,-0.2084,0.100,1.0818,0,none
25.304,0.07673,0.12084,0.18208,1,10,0,FALLBACK,-0.3579,0.100,1.0833,0,none
25.353,0.22327,1.00341,0.16481,1,10,0,FALLBACK,-0.4971,0.100,1.0839,0,none
25.402,0.35537,1.21841,0.24182,1,10,0,FALLBACK,-0.6226,0.100,1.0843,0,none
25.452,0.46790,1.13092,0.22564,1,10,0,FALLBACK,-0.7295,0.100,1.0832,0,none
25.503,0.55638,2.04969,0.46108,0,10,0,FALLBACK,-0.8136,0.100,1.0820,0,none
25.554,0.61818,2.18863,0.36699,0,10,0,FALLBACK,-0.8723,0.100,1.0806,0,none
25.602,0.65128,2.74549,0.43088,0,10,0,FALLBACK,-0.9037,0.100,1.0790,0,none
25.652,0.65477,2.22301,0.35465,0,10,0,FALLBACK,-0.9070,0.100,1.0777,0,none
25.703,0.62878,1.89802,0.29445,0,10,0,FALLBACK,-0.8823,0.100,1.0767,0,none
25.754,0.57443,1.49093,0.25035,1,10,0,FALLBACK,-0.8307,0.100,1.0763,0,none
25.803,0.49337,1.06190,0.23202,1,10,0,FALLBACK,-0.7537,0.100,1.0763,0,none
25.854,0.38852,0.50362,0.25094,1,10,0,FALLBACK,-0.6541,0.100,1.0775,0,none
25.903,0.26338,0.22082,0.13336,1,10,0,FALLBACK,-0.5352,0.100,1.0791,0,none
25.954,0.12154,0.14647,0.15195,1,10,0,FALLBACK,-0.4005,0.100,1.0812,0,none
26.005,-0.03298,-0.12683,0.15833,1,10,0,FALLBACK,-0.2537,0.100,1.0835,0,none
26.056,-0.19587,-0.42497,0.15792,1,10,0,FALLBACK,-0.0989,0.100,1.0858,0,none
26.104,-0.36343,-0.55940,0.18793,1,10,0,FALLBACK,0.0603,0.100,1.0880,0,none
26.155,-0.53132,-0.75441,0.18569,1,10,0,FALLBACK,0.2198,0.100,1.0897,0,none
26.204,-0.69322,-0.99324,0.21473,1,10,0,FALLBACK,0.3736,0.100,1.0906,0,none
26.257,-0.84364,-1.22113,0.17743,1,10,0,FALLBACK,0.5165,0.100,1.0909,0,none
26.307,-0.97886,-1.22890,0.23884,1,10,0,FALLBACK,0.6449,0.100,1.0909,0,none
26.356,-1.09445,-1.18763,0.24603,1,10,0,FALLBACK,0.7547,0.100,1.0900,0,none
26.406,-1.18593,-1.24289,0.22425,1,10,0,FALLBACK,0.8416,0.100,1.0885,0,none
26.454,-1.25020,-1.25374,0.26296,1,10,0,FALLBACK,0.9027,0.100,1.0875,0,none
26.505,-1.28577,-1.36888,0.20904,1,10,0,FALLBACK,0.9365,0.100,1.0854,0,none
26.556,-1.29031,-1.14402,0.21016,1,10,0,FALLBACK,0.9408,0.100,1.0827,0,none
26.605,-1.26344,-1.00812,0.17477,1,10,0,FALLBACK,0.9153,0.100,1.0813,0,none
26.656,-1.20694,-1.00592,0.27021,1,10,0,FALLBACK,0.8616,0.100,1.0806,0,none
26.705,-1.12287,-0.64417,0.13382,1,10,0,FALLBACK,0.7817,0.100,1.0806,0,none
26.754,-1.01411,-0.08717,0.20904,1,10,0,FALLBACK,0.6784,0.100,1.0815,0,none
26.806,-0.88327,-0.14831,0.15615,1,10,0,FALLBACK,0.5541,0.100,1.0819,0,none
26.855,-0.73382,1.07296,0.20492,1,10,0,FALLBACK,0.4121,0.100,1.0848,0,none
26.906,-0.57206,0.88115,0.19335,1,10,0,FALLBACK,0.2585,0.100,1.0872,0,none
26.954,-0.40063,0.78209,0.26433,1,10,0,FALLBACK,0.0956,0.100,1.0892,0,none
27.007,-0.22367,1.04282,0.21277,1,10,0,FALLBACK,-0.0725,0.100,1.0916,0,none
27.057,-0.04800,2.12215,0.39325,0,10,0,FALLBACK,-0.2394,0.100,1.0935,0,none
27.106,0.12144,2.07268,0.51726,0,10,0,FALLBACK,-0.4004,0.100,1.0943,0,none
27.157,0.27860,1.26559,0.23484,1,10,0,FALLBACK,-0.5497,0.100,1.0945,0,none
27.207,0.41852,2.35811,0.30840,0,10,0,FALLBACK,-0.6826,0.100,1.0939,0,none
27.257,0.53632,2.15050,0.33173,0,10,0,FALLBACK,-0.7945,0.100,1.0926,0,none
27.310,0.62791,2.71617,0.46261,0,10,0,FALLBACK,-0.8815,0.100,1.0907,0,none
27.356,0.69098,2.50237,0.50797,0,10,0,FALLBACK,-0.9414,0.100,1.0899,0,none
27.409,0.72373,2.26731,0.29068,0,10,0,FALLBACK,-0.9725,0.100,1.0865,0,none
27.459,0.72345,2.43948,0.42171,0,10,0,FALLBACK,-0.9723,0.100,1.0844,0,none
27.507,0.69126,3.14233,0.54475,0,10,0,FALLBACK,-0.9417,0.100,1.0828,0,none
27.560,0.62862,2.07561,0.35768,0,10,0,FALLBACK,-0.8822,0.100,1.0820,0,none
27.609,0.53739,2.43634,0.50583,0,10,0,FALLBACK,-0.7955,0.100,1.0811,0,none
27.659,0.42043,1.24862,0.21516,1,10,0,FALLBACK,-0.6844,0.100,1.0825,0,none
27.708,0.28264,1.67410,0.42229,0,10,0,FALLBACK,-0.5535,0.100,1.0842,0,none
27.759,0.12760,0.66706,0.18317,1,10,0,FALLBACK,-0.4062,0.100,1.0862,0,none
27.807,-0.04136,-0.03695,0.18599,1,10,0,FALLBACK,-0.2457,0.100,1.0878,0,none
27.858,-0.20469,-0.15645,0.10946,1,10,0,FALLBACK,-0.0905,0.100,1.0906,0,none
27.909,-0.40639,-0.66497,0.14372,1,10,0,FALLBACK,0.1011,0.100,1.0927,0,none
27.956,-0.60813,-0.83101,0.16813,1,10,0,FALLBACK,0.2927,0.100,1.0946,0,none
28.008,-0.80400,-0.89095,0.18870,1,10,0,FALLBACK,0.4788,0.100,1.0945,0,none
28.056,-0.98449,-1.19102,0.21863,1,10,0,FALLBACK,0.6503,0.100,1.0938,0,none
28.108,-1.14466,-1.23251,0.33295,0,10,0,FALLBACK,0.8024,0.100,1.0922,0,none
28.158,-1.27899,-1.36897,0.25869,1,10,0,FALLBACK,0.9300,0.100,1.0896,0,none
28.208,-1.38279,-1.35714,0.25682,1,10,0,FALLBACK,1.0000,0.100,1.0863,0,none
28.257,-1.45284,-1.28754,0.27570,1,10,0,FALLBACK,1.0000,0.100,1.0831,0,none
28.308,-1.48902,-1.20217,0.22847,1,10,0,FALLBACK,1.0000,0.100,1.0809,0,none
28.360,-1.49333,-1.18671,0.27902,1,10,0,FALLBACK,1.0000,0.100,1.0794,0,none
28.409,-1.46614,-1.09177,0.15852,1,10,0,FALLBACK,1.0000,0.100,1.0779,0,none
28.460,-1.40769,-1.04168,0.23810,1,10,0,FALLBACK,1.0000,0.100,1.0764,0,none
28.510,-1.31845,0.59236,0.88267,0,10,0,FALLBACK,0.9675,0.100,1.0749,0,none
28.558,-1.19899,0.72534,0.81810,0,10,0,FALLBACK,0.8540,0.100,1.0735,0,none
28.610,-1.05128,-0.22759,0.37756,0,10,0,FALLBACK,0.7137,0.100,1.0729,0,none
28.658,-0.88119,2.72492,0.46905,0,10,0,FALLBACK,0.5521,0.100,1.0760,0,none
28.712,-0.69559,1.94204,0.44478,0,10,0,FALLBACK,0.3758,0.100,1.0786,0,none
28.761,-0.49737,2.36818,0.50620,0,10,0,FALLBACK,0.1875,0.100,1.0805,0,none
28.810,-0.29104,2.58381,0.44590,0,10,0,FALLBACK,-0.0085,0.100,1.0835,0,none
28.860,-0.08521,1.10495,1.06456,0,10,0,FALLBACK,-0.2041,0.100,1.0855,0,none
28.909,0.11546,1.94130,0.43489,0,10,0,FALLBACK,-0.3947,0.100,1.0867,0,none
28.959,0.30499,2.31191,0.35489,0,10,0,FALLBACK,-0.5747,0.100,1.0868,0,none
29.012,0.47887,1.72389,0.31341,0,10,0,FALLBACK,-0.7399,0.100,1.0878,0,none
29.060,0.63161,1.21781,0.20773,1,10,0,FALLBACK,-0.8850,0.100,1.0841,0,none
29.111,0.75452,1.20595,0.19199,1,10,0,FALLBACK,-1.0000,0.100,1.0811,0,none
29.162,0.84482,1.37141,0.24918,1,10,0,FALLBACK,-1.0000,0.100,1.0776,0,none
29.212,0.90058,1.48276,0.22127,1,10,0,FALLBACK,-1.0000,0.100,1.0754,0,none
29.260,0.92477,1.53540,0.17405,1,10,0,FALLBACK,-1.0000,0.100,1.0739,0,none
29.311,0.91778,1.14522,0.17680,1,10,0,FALLBACK,-1.0000,0.100,1.0725,0,none
29.361,0.87976,0.93513,0.13454,1,10,0,FALLBACK,-1.0000,0.100,1.0712,0,none
29.411,0.81101,1.01021,0.17021,1,10,0,FALLBACK,-1.0000,0.100,1.0698,0,none
29.461,0.71202,1.00506,0.18986,1,10,0,FALLBACK,-0.9614,0.100,1.0685,0,none
29.513,0.58372,0.77469,0.17922,1,10,0,FALLBACK,-0.8395,0.100,1.0678,0,none
29.560,0.42840,0.28307,0.16751,1,10,0,FALLBACK,-0.6920,0.100,1.0671,0,none
29.611,0.25146,0.02914,0.11392,1,10,0,FALLBACK,-0.5239,0.100,1.0703,0,none
29.662,0.05927,-0.19680,0.11520,1,10,0,FALLBACK,-0.3413,0.100,1.0726,0,none
29.710,-0.14445,-0.32979,0.22152,1,10,0,FALLBACK,-0.1478,0.100,1.0754,0,none
29.763,-0.35451,-0.77610,0.15494,1,10,0,FALLBACK,0.0518,0.100,1.0777,0,none
29.812,-0.56667,-0.97235,0.14662,1,10,0,FALLBACK,0.2533,0.100,1.0798,0,none
29.863,-0.77265,-1.17570,0.23342,1,10,0,FALLBACK,0.4490,0.100,1.0808,0,none
29.914,-0.96707,-1.39196,0.27950,1,10,0,FALLBACK,0.6337,0.100,1.0807,0,none
29.963,-1.14411,-1.64049,0.33084,0,10,0,FALLBACK,0.8019,0.100,1.0808,0,none
30.016,-1.29900,-1.53548,0.35880,0,10,0,FALLBACK,0.9491,0.100,1.0773,0,none
30.062,-1.42393,-1.76210,0.32028,0,10,0,FALLBACK,1.0000,0.100,1.0754,0,none
30.112,-1.51676,-1.70542,0.33483,0,10,0,FALLBACK,1.0000,0.100,1.0708,0,none
30.163,-1.57584,-1.81345,0.33557,0,10,0,FALLBACK,1.0000,0.100,1.0687,0,none
30.212,-1.60375,-1.98894,0.45989,0,10,0,FALLBACK,1.0000,0.100,1.0674,0,none
30.265,-1.60082,-1.02953,0.92110,0,10,0,FALLBACK,1.0000,0.100,1.0661,0,none
30.311,-1.56716,-0.67569,0.31858,0,10,0,FALLBACK,1.0000,0.100,1.0648,0,none
30.364,-1.50307,0.40661,0.23970,1,10,0,FALLBACK,1.0000,0.100,1.0636,0,none
30.415,-1.40897,-1.62208,0.45959,0,10,0,FALLBACK,1.0000,0.100,1.0623,0,none
30.462,-1.28545,-1.59507,0.34963,0,10,0,FALLBACK,0.9362,0.100,1.0611,0,none
30.513,-1.13593,-1.21789,0.35032,0,10,0,FALLBACK,0.7941,0.100,1.0656,1,none
30.564,-0.82876,-0.91364,0.21220,1,10,0,FALLBACK,0.5023,0.100,1.0626,1,none
30.614,-0.72380,-0.42338,0.23416,1,10,0,FALLBACK,0.4026,0.100,1.0639,1,none
30.663,-0.61035,-0.25103,0.12635,1,10,0,FALLBACK,0.2948,0.100,1.0692,1,none
30.715,-0.50016,0.56357,0.50912,0,10,0,FALLBACK,0.1902,0.100,1.0713,1,none
30.764,-0.33101,1.33471,0.41178,0,10,0,FALLBACK,0.0295,0.100,1.0759,1,none
30.816,-0.09714,1.10465,0.26857,1,10,0,FALLBACK,-0.1927,0.100,1.0770,1,none
30.866,0.12645,1.62549,0.27429,1,10,0,FALLBACK,-0.4051,0.100,1.0772,1,none
30.898,0.33617,1.59233,0.36869,0,10,0,FALLBACK,-0.6044,0.100,1.0773,1,none
30.948,0.53255,1.60920,0.27952,1,10,0,FALLBACK,-0.7909,0.100,1.0753,1,none
30.999,0.70101,2.56177,0.62002,0,10,0,FALLBACK,-0.9510,0.100,1.0722,1,none
31.049,0.83894,2.84575,0.48766,0,10,0,FALLBACK,-1.0000,0.100,1.0684,1,none
31.100,0.94346,2.66394,0.38565,0,10,0,FALLBACK,-1.0000,0.100,1.0658,1,none
31.150,1.01642,2.56287,0.53607,0,10,0,FALLBACK,-1.0000,0.100,1.0644,1,none
31.199,1.05891,2.73945,0.45617,0,10,0,FALLBACK,-1.0000,0.100,1.0631,1,none
31.250,1.07087,1.97598,0.22341,1,10,0,FALLBACK,-1.0000,0.100,1.0620,1,none
31.300,1.05233,2.17630,0.46859,0,10,0,FALLBACK,-1.0000,0.100,1.0608,1,none
31.350,1.00350,1.11418,0.21384,1,10,0,FALLBACK,-1.0000,0.100,1.0596,1,none
31.398,0.92472,1.07080,0.18112,1,10,0,FALLBACK,-1.0000,0.100,1.0585,1,none
31.450,0.81648,1.05190,0.19235,1,10,0,FALLBACK,-1.0000,0.100,1.0574,1,none
31.500,0.67943,0.65763,0.13963,1,10,0,FALLBACK,-0.9305,0.100,1.0563,1,none
31.551,0.51541,0.19575,0.15884,1,10,0,FALLBACK,-0.7746,0.100,1.0566,1,none
31.603,0.32752,0.22115,0.20439,1,10,0,FALLBACK,-0.5961,0.100,1.0575,1,none
31.651,0.12265,-0.05768,0.12597,1,10,0,FALLBACK,-0.4015,0.100,1.0606,1,none
31.704,-0.09309,-0.42287,0.16357,1,10,0,FALLBACK,-0.1966,0.100,1.0635,1,none
31.753,-0.31467,-0.85294,0.13085,1,10,0,FALLBACK,0.0139,0.100,1.0662,1,none
31.804,-0.53656,-1.01667,0.22508,1,10,0,FALLBACK,0.2247,0.100,1.0682,1,none
31.854,-0.75285,-1.04933,0.23243,1,10,0,FALLBACK,0.4302,0.100,1.0692,1,none
31.904,-0.95734,-1.28789,0.27781,1,10,0,FALLBACK,0.6245,0.100,1.0691,1,none
31.953,-1.14365,-1.53220,0.23495,1,10,0,FALLBACK,0.8015,0.100,1.0677,1,none
32.004,-1.30569,-1.72877,0.32585,0,10,0,FALLBACK,0.9554,0.100,1.0652,1,none
32.053,-1.43805,-1.79026,0.35147,0,10,0,FALLBACK,1.0000,0.100,1.0618,1,none
32.105,-1.53720,-1.75536,0.32614,0,10,0,FALLBACK,1.0000,0.100,1.0591,1,none
32.152,-1.60479,-1.83414,0.39867,0,10,0,FALLBACK,1.0000,0.100,1.0576,1,none
32.205,-1.64214,-1.72186,0.35753,0,10,0,FALLBACK,1.0000,0.100,1.0565,1,none
32.255,-1.64929,-1.55311,0.20542,1,10,0,FALLBACK,1.0000,0.100,1.0554,1,none
32.304,-1.62628,-1.42485,0.24132,1,10,0,FALLBACK,1.0000,0.100,1.0543,1,none
32.354,-1.57333,-1.41310,0.19456,1,10,0,FALLBACK,1.0000,0.100,1.0533,1,none
32.406,-1.49078,-1.32530,0.28121,1,10,0,FALLBACK,1.0000,0.100,1.0523,1,none
32.456,-1.37916,-1.14849,0.22581,1,10,0,FALLBACK,1.0000,0.100,1.0512,1,none
32.505,-1.23911,-0.84491,0.13753,1,10,0,FALLBACK,0.8922,0.100,1.0502,1,none
32.553,-1.07220,-0.73800,0.16834,1,10,0,FALLBACK,0.7336,0.100,1.0508,1,none
32.604,-0.88327,-0.64933,0.17912,1,10,0,FALLBACK,0.5541,0.100,1.0513,1,none
32.656,-0.67752,-0.04070,0.13975,1,10,0,FALLBACK,0.3586,0.100,1.0554,1,none
32.707,-0.46288,-0.13382,0.14706,1,10,0,FALLBACK,0.1547,0.100,1.0585,1,none
32.758,-0.24357,0.31052,0.18531,1,10,0,FALLBACK,-0.0536,0.100,1.0613,1,none
32.806,-0.02350,0.41592,0.22457,1,10,0,FALLBACK,-0.2627,0.100,1.0638,1,none
32.854,0.19191,0.57557,0.18757,1,10,0,FALLBACK,-0.4673,0.100,1.0643,1,none
32.907,0.39316,0.51713,0.18846,1,10,0,FALLBACK,-0.6585,0.100,1.0641,1,none
32.958,0.57523,0.74086,0.17274,1,10,0,FALLBACK,-0.8315,0.100,1.0628,1,none
33.007,0.73224,1.31039,0.23053,1,10,0,FALLBACK,-0.9806,0.100,1.0603,1,none
33.056,0.85899,1.13073,0.27285,1,10,0,FALLBACK,-1.0000,0.100,1.0569,1,none
33.106,0.95236,1.37116,0.30966,0,10,0,FALLBACK,-1.0000,0.100,1.0548,1,none
33.156,1.01511,1.14672,0.22042,1,10,0,FALLBACK,-1.0000,0.100,1.0536,1,none
33.209,1.04794,1.31993,0.35461,0,10,0,FALLBACK,-1.0000,0.100,1.0526,1,none
33.256,1.05082,1.04375,0.25385,1,10,0,FALLBACK,-1.0000,0.100,1.0516,1,none
33.307,1.02382,1.15815,0.20565,1,10,0,FALLBACK,-1.0000,0.100,1.0506,1,none
33.357,0.96716,0.85613,0.17525,1,10,0,FALLBACK,-1.0000,0.100,1.0496,1,none
33.406,0.88119,0.60857,0.13718,1,10,0,FALLBACK,-1.0000,0.100,1.0487,1,none
33.457,0.85181,0.47664,0.17854,1,10,0,FALLBACK,-1.0000,0.100,1.0478,1,none
33.508,0.60913,0.07033,0.12939,1,10,0,FALLBACK,-0.8637,0.100,1.0469,1,none
33.555,0.34393,-0.21493,0.11881,1,10,0,FALLBACK,-0.6117,0.100,1.0478,1,none
33.607,0.06270,-0.40560,0.16182,1,10,0,FALLBACK,-0.3446,0.100,1.0506,1,none
33.657,-0.22690,-0.86151,0.21572,1,10,0,FALLBACK,-0.0694,0.100,1.0540,1,none
33.708,-0.33444,-1.00014,0.16880,1,10,0,FALLBACK,0.0327,0.100,1.0565,1,none
33.759,-0.69541,-0.79110,0.26992,1,10,0,FALLBACK,0.3756,0.100,1.0588,1,none
33.809,-1.05517,-1.08398,0.28254,1,10,0,FALLBACK,0.7174,0.100,1.0609,1,none
33.856,-1.40390,0.32007,0.62333,0,10,0,FALLBACK,1.0000,0.100,1.0543,1,none
33.910,-1.72890,0.07524,0.81675,0,10,0,FALLBACK,1.0000,0.100,1.0482,1,none
33.957,-2.02666,-1.60521,0.88935,0,10,0,FALLBACK,1.0000,0.100,1.0455,1,none
34.008,-2.30196,-1.51100,0.82106,0,10,0,FALLBACK,1.0000,0.100,1.0445,1,none
34.058,-2.55421,-1.73313,0.59374,0,10,0,FALLBACK,1.0000,0.100,1.0436,1,none
34.110,-2.54803,-1.58521,0.77954,0,10,0,FALLBACK,1.0000,0.100,1.0428,1,none
34.160,-2.84036,-2.41920,0.43054,0,10,0,FALLBACK,1.0000,0.100,1.0419,1,none
34.211,-3.11083,-2.93194,0.40797,0,10,0,FALLBACK,1.0000,0.100,1.0411,1,none
34.260,-3.35815,-2.85999,0.54664,0,10,0,FALLBACK,1.0000,0.100,1.0403,1,none
34.311,-3.58111,-3.29099,0.58850,0,10,0,FALLBACK,1.0000,0.100,1.0395,1,none
34.359,-3.77869,-1.20767,1.88807,0,10,0,FALLBACK,1.0000,0.100,1.0387,1,none
34.409,-3.94997,-1.18346,2.32735,0,10,0,FALLBACK,1.0000,0.100,1.0379,1,none
34.461,-4.09415,-4.45302,0.74575,0,10,0,FALLBACK,1.0000,0.100,1.0372,1,none
34.510,-3.95063,-4.94498,0.83329,0,10,0,FALLBACK,1.0000,0.100,1.0364,1,none
34.559,-4.14359,-4.15948,0.75011,0,10,0,FALLBACK,1.0000,0.100,1.0357,1,none
34.610,-4.31024,-4.14132,0.67030,0,10,0,FALLBACK,1.0000,0.100,1.0350,1,none
34.661,-4.44986,-4.02026,0.70055,0,10,0,FALLBACK,1.0000,0.100,1.0343,1,none
34.713,-4.56178,-4.30845,0.58808,0,10,0,FALLBACK,1.0000,0.100,1.0336,1,none
34.762,-4.64555,-4.23106,0.72716,0,10,0,FALLBACK,1.0000,0.100,1.0329,1,none
34.810,-4.70077,-4.09612,0.55891,0,10,0,FALLBACK,1.0000,0.100,1.0322,1,none
34.862,-4.72726,-3.55679,0.64720,0,10,0,FALLBACK,1.0000,0.100,1.0316,1,none
34.911,-4.46077,-4.60103,0.71249,0,10,0,FALLBACK,1.0000,0.100,1.0309,1,none
34.962,-4.54044,-4.48736,0.69567,0,10,0,FALLBACK,1.0000,0.100,1.0303,1,none
35.011,-4.59168,-4.00745,0.87114,0,10,0,FALLBACK,1.0000,0.100,1.0297,1,none
35.062,-4.61430,-3.57793,0.90036,0,10,0,FALLBACK,1.0000,0.100,1.0291,1,none
35.111,-4.60824,-2.96644,0.57482,0,10,0,FALLBACK,1.0000,0.100,1.0285,1,none
35.161,-4.57358,-3.28381,0.82517,0,10,0,FALLBACK,1.0000,0.100,1.0279,1,none
35.214,-4.51053,-2.77798,1.13816,0,10,0,FALLBACK,1.0000,0.100,1.0273,1,none
35.262,-4.41945,-3.81810,1.12475,0,10,0,FALLBACK,1.0000,0.100,1.0267,1,none
35.313,-4.04899,-4.29552,0.75074,0,10,0,FALLBACK,1.0000,0.100,1.0262,1,none
35.365,-4.01103,-4.17261,0.67743,0,10,0,FALLBACK,1.0000,0.100,1.0256,1,none
35.413,-3.94482,-4.21910,0.73303,0,10,0,FALLBACK,1.0000,0.100,1.0251,1,none
35.465,-3.85075,-4.00656,0.55972,0,10,0,FALLBACK,1.0000,0.100,1.0246,1,none
35.515,-3.72930,-3.51277,0.54099,0,10,0,FALLBACK,1.0000,0.100,1.0240,1,none
35.565,-3.58113,-3.02523,0.40579,0,10,0,FALLBACK,1.0000,0.100,1.0235,1,none
35.613,-3.40694,-3.33424,0.51428,0,10,0,FALLBACK,1.0000,0.100,1.0230,1,none
35.663,-3.20765,-2.72217,0.43750,0,10,0,FALLBACK,1.0000,0.100,1.0225,1,none
35.715,-2.75677,-2.33839,0.36330,0,10,0,FALLBACK,1.0000,0.100,1.0221,1,none
35.764,-2.60616,-2.63437,0.54853,0,10,0,FALLBACK,1.0000,0.100,1.0216,1,none
35.814,-2.42973,-2.34409,0.37535,0,10,0,FALLBACK,1.0000,0.100,1.0211,1,none
35.866,-2.22837,-2.06305,0.37852,0,10,0,FALLBACK,1.0000,0.100,1.0206,1,none
35.899,-2.00306,-1.43353,0.29640,0,10,0,FALLBACK,1.0000,0.100,1.0202,1,none
35.950,-1.75493,-1.31651,0.30545,0,10,0,FALLBACK,1.0000,0.100,1.0198,1,none
35.999,-1.48519,-0.91714,0.17535,1,10,0,FALLBACK,1.0000,0.100,1.0193,1,none
36.050,-1.19514,-0.77417,0.13418,1,10,0,FALLBACK,0.8504,0.100,1.0189,1,none
36.100,-0.69314,-0.18537,0.12951,1,10,0,FALLBACK,0.3735,0.100,1.0210,1,none
36.150,-0.45702,-0.00216,0.09028,1,10,0,FALLBACK,0.1492,0.100,1.0251,1,none
36.202,-0.22258,0.56192,0.11815,1,10,0,FALLBACK,-0.0736,0.100,1.0283,1,none
36.250,0.01158,0.74044,0.13714,1,10,0,FALLBACK,-0.2960,0.100,1.0307,1,none
36.302,0.23742,0.80981,0.17265,1,10,0,FALLBACK,-0.5105,0.100,1.0314,1,none
36.352,0.44806,1.14406,0.20497,1,10,0,FALLBACK,-0.7107,0.100,1.0311,1,none
36.402,0.63812,0.74360,0.14044,1,10,0,FALLBACK,-0.8912,0.100,1.0295,1,none
36.451,0.87175,0.78549,0.14860,1,10,0,FALLBACK,-1.0000,0.100,1.0268,1,none
36.502,0.89705,0.89581,0.14894,1,10,0,FALLBACK,-1.0000,0.100,1.0242,1,none
36.552,0.89112,0.70381,0.12020,1,10,0,FALLBACK,-1.0000,0.100,1.0233,1,none
36.602,0.85682,0.56044,0.15026,1,10,0,FALLBACK,-1.0000,0.100,1.0228,1,none
36.653,0.79446,0.78438,0.22914,1,10,0,FALLBACK,-1.0000,0.100,1.0223,1,none
36.702,0.70437,0.64407,0.14771,1,10,0,FALLBACK,-0.9542,0.100,1.0219,1,none
36.754,0.58709,0.75412,0.18954,1,10,0,FALLBACK,-0.8427,0.100,1.0219,1,none
36.803,0.44538,0.63288,0.14336,1,10,0,FALLBACK,-0.7081,0.100,1.0231,1,none
36.854,0.28473,0.08303,0.11421,1,10,0,FALLBACK,-0.5555,0.100,1.0259,1,none
36.904,0.10970,0.03639,0.16039,1,10,0,FALLBACK,-0.3892,0.100,1.0289,1,none
36.955,-0.07655,-0.59089,0.15626,1,10,0,FALLBACK,-0.2123,0.100,1.0318,1,none
37.003,-0.26995,-0.51329,0.14158,1,10,0,FALLBACK,-0.0286,0.100,1.0348,1,none
37.055,-0.46438,-0.63778,0.09713,1,10,0,FALLBACK,0.1562,0.100,1.0372,1,none
37.104,-0.65455,-0.76153,0.15422,1,10,0,FALLBACK,0.3368,0.100,1.0389,1,none
37.153,-0.83564,-1.01860,0.20683,1,10,0,FALLBACK,0.5089,0.100,1.0399,1,none
37.205,-1.00238,-0.81519,0.19917,1,10,0,FALLBACK,0.6673,0.100,1.0399,1,none
37.254,-1.14965,-0.84562,0.23523,1,10,0,FALLBACK,0.8072,0.100,1.0391,1,none
37.305,-1.27288,-0.64847,0.44914,0,10,0,FALLBACK,0.9242,0.100,1.0376,1,none
37.354,-1.36819,1.29327,0.37514,0,10,0,FALLBACK,1.0000,0.100,1.0355,1,none
37.406,-1.43286,2.09286,0.41085,0,10,0,FALLBACK,1.0000,0.100,1.0333,1,none
37.458,-1.46638,1.08054,0.84602,0,10,0,FALLBACK,1.0000,0.100,1.0321,1,none
37.506,-1.47085,1.00592,0.70207,0,10,0,FALLBACK,1.0000,0.100,1.0314,1,none
37.557,-1.44654,0.69796,0.58073,0,10,0,FALLBACK,1.0000,0.100,1.0308,1,none
37.606,-1.39360,-0.12694,0.33537,0,10,0,FALLBACK,1.0000,0.100,1.0302,1,none
37.658,-1.31232,1.54065,0.26106,1,10,0,FALLBACK,0.9617,0.100,1.0296,1,none
37.710,-1.20349,1.79733,0.32280,0,10,0,FALLBACK,0.8583,0.100,1.0295,1,none
37.758,-1.06917,1.83730,0.29361,0,10,0,FALLBACK,0.7307,0.100,1.0295,1,none
37.808,-0.91379,2.25143,0.73458,0,10,0,FALLBACK,0.5831,0.100,1.0327,1,none
37.858,-0.74239,0.37944,1.46978,0,10,0,FALLBACK,0.4203,0.100,1.0345,1,none
37.909,-0.55806,0.43085,1.21586,0,10,0,FALLBACK,0.2452,0.100,1.0384,1,none
37.960,-0.36787,2.93046,1.72982,0,10,0,FALLBACK,0.0645,0.100,1.0415,1,none
38.010,-0.17558,4.97589,0.99131,0,10,0,FALLBACK,-0.1182,0.100,1.0441,1,none
38.060,0.01391,4.49451,0.75105,0,10,0,FALLBACK,-0.2982,0.100,1.0461,1,none
38.111,0.19544,4.39801,0.84185,0,10,0,FALLBACK,-0.4707,0.100,1.0472,1,none
38.160,0.36520,3.77098,0.50828,0,10,0,FALLBACK,-0.6319,0.100,1.0490,1,none
38.210,0.51824,4.27747,0.61180,0,10,0,FALLBACK,-0.7773,0.100,1.0471,1,none
38.262,0.64666,4.13713,0.84198,0,10,0,FALLBACK,-0.8993,0.100,1.0457,1,none
38.312,0.74762,5.49434,1.08832,0,10,0,FALLBACK,-0.9952,0.100,1.0437,1,none
38.360,0.81804,4.44712,0.69809,0,10,0,FALLBACK,-1.0000,0.100,1.0413,1,none
38.413,0.85654,4.55119,0.77963,0,10,0,FALLBACK,-1.0000,0.100,1.0399,1,none
38.462,0.86541,4.33591,0.80197,0,10,0,FALLBACK,-1.0000,0.100,1.0390,1,none
38.512,0.84509,3.65042,0.47648,0,10,0,FALLBACK,-1.0000,0.100,1.0383,1,none
38.563,0.79574,3.42127,0.52266,0,10,0,FALLBACK,-1.0000,0.100,1.0375,1,none
38.611,0.71766,2.91297,0.50705,0,10,0,FALLBACK,-0.9668,0.100,1.0368,1,none
38.663,0.61138,2.58597,0.39742,0,10,0,FALLBACK,-0.8658,0.100,1.0364,1,none
38.713,0.47892,1.03750,0.45227,0,10,0,FALLBACK,-0.7400,0.100,1.0363,1,none
38.763,0.32420,0.46427,0.25897,1,10,0,FALLBACK,-0.5930,0.100,1.0390,1,none
38.813,0.15271,0.08818,0.17304,1,10,0,FALLBACK,-0.4301,0.100,1.0408,1,none
38.863,-0.03274,-0.44698,0.35266,0,10,0,FALLBACK,-0.2539,0.100,1.0444,1,none
38.914,-0.22596,-0.82116,0.26816,1,10,0,FALLBACK,-0.0703,0.100,1.0470,1,none
38.963,-0.42398,-1.09380,0.27339,1,10,0,FALLBACK,0.1178,0.100,1.0499,1,none
39.014,-0.61950,-1.48987,0.31077,0,10,0,FALLBACK,0.3035,0.100,1.0518,1,none
39.065,-0.80834,-1.34619,0.30517,0,10,0,FALLBACK,0.4829,0.100,1.0536,1,none
39.114,-0.98618,-1.12492,0.35394,0,10,0,FALLBACK,0.6519,0.100,1.0532,1,none
39.162,-1.14496,-0.35372,0.53959,0,10,0,FALLBACK,0.8027,0.100,1.0523,1,none
39.216,-1.28074,-1.39077,0.79487,0,10,0,FALLBACK,0.9317,0.100,1.0520,1,none
39.262,-1.31885,-2.14735,0.80752,0,10,0,FALLBACK,0.9679,0.100,1.0483,1,none
39.313,-1.46613,-0.11377,0.50233,0,10,0,FALLBACK,1.0000,0.100,1.0460,1,none
39.364,-1.58433,-0.30129,0.22962,1,10,0,FALLBACK,1.0000,0.100,1.0446,1,none
39.415,-1.67278,-0.27144,0.33075,0,10,0,FALLBACK,1.0000,0.100,1.0433,1,none
39.463,-1.73196,-0.62223,0.81780,0,10,0,FALLBACK,1.0000,0.100,1.0425,1,none
39.513,-1.64827,-2.32019,0.48780,0,10,0,FALLBACK,1.0000,0.100,1.0416,1,none
39.564,-1.72093,-3.63232,0.66664,0,10,0,FALLBACK,1.0000,0.100,1.0408,1,none
39.614,-1.76451,-3.06033,0.53140,0,10,0,FALLBACK,1.0000,0.100,1.0400,1,none
39.664,-1.77884,-2.56108,0.63624,0,10,0,FALLBACK,1.0000,0.100,1.0392,1,none
39.715,-1.76392,-2.25900,0.49335,0,10,0,FALLBACK,1.0000,0.100,1.0384,1,none
39.765,-1.71988,-2.60478,0.38310,0,10,0,FALLBACK,1.0000,0.100,1.0376,1,none
39.816,-1.56516,-3.40089,0.65408,0,10,0,FALLBACK,1.0000,0.100,1.0369,1,none
39.866,-1.53510,-1.50423,0.25164,1,10,0,FALLBACK,1.0000,0.100,1.0362,1,none
39.916,-1.47615,-1.56807,0.40004,0,10,0,FALLBACK,1.0000,0.100,1.0354,1,none
39.967,-1.38869,-1.29618,0.24291,1,10,0,FALLBACK,1.0000,0.100,1.0347,1,none
39.998,-1.27317,-1.24147,0.19940,1,10,0,FALLBACK,0.9245,0.100,1.0340,1,none
40.049,-1.01030,-1.26824,0.25832,1,10,0,FALLBACK,0.6748,0.100,1.0347,1,none
40.100,-0.91753,-0.82364,0.21993,1,10,0,FALLBACK,0.5866,0.100,1.0381,1,none
40.149,-0.81217,-0.48456,0.20875,1,10,0,FALLBACK,0.4866,0.100,1.0409,1,none
40.199,-0.69357,-1.37238,0.36581,0,10,0,FALLBACK,0.3739,0.100,1.0435,1,none
40.250,-0.56309,-0.29243,0.23669,1,10,0,FALLBACK,0.2499,0.100,1.0458,1,none
40.298,-0.42554,0.02298,0.13878,1,10,0,FALLBACK,0.1193,0.100,1.0488,1,none
40.351,-0.21286,-0.10764,0.11334,1,10,0,FALLBACK,-0.0828,0.100,1.0513,1,none
40.400,-0.14574,-0.71848,0.25897,1,10,0,FALLBACK,-0.1465,0.100,1.0532,1,none
40.452,-0.08592,-0.28650,0.27406,1,10,0,FALLBACK,-0.2034,0.100,1.0551,1,none
40.500,-0.03190,0.00735,0.13374,1,10,0,FALLBACK,-0.2547,0.100,1.0571,1,none
40.552,0.01487,-0.30597,0.18522,1,10,0,FALLBACK,-0.2991,0.100,1.0589,1,none
40.601,0.11035,-0.32184,0.17066,1,10,0,FALLBACK,-0.3898,0.100,1.0604,1,none
40.652,0.06154,-0.29398,0.21591,1,10,0,FALLBACK,-0.3435,0.100,1.0615,1,none
40.702,-0.00083,-0.72881,0.19463,1,10,0,FALLBACK,-0.2842,0.100,1.0633,1,none
40.751,-0.07258,-0.75529,0.22052,1,10,0,FALLBACK,-0.2160,0.100,1.0654,1,none
40.802,-0.15140,-0.58021,0.22526,1,10,0,FALLBACK,-0.1412,0.100,1.0676,1,none
40.853,-0.19206,-0.74951,0.21393,1,10,0,FALLBACK,-0.1025,0.100,1.0698,1,none
40.903,-0.35013,-0.86493,0.18526,1,10,0,FALLBACK,0.0476,0.100,1.0718,1,none
40.951,-0.50959,-0.96329,0.16054,1,10,0,FALLBACK,0.1991,0.100,1.0736,1,none
41.004,-0.66391,-0.99076,0.17369,1,10,0,FALLBACK,0.3457,0.100,1.0749,1,none
41.052,-0.80901,-1.30889,0.20412,1,10,0,FALLBACK,0.4836,0.100,1.0760,1,none
41.102,-0.93956,-1.38649,0.24694,1,10,0,FALLBACK,0.6076,0.100,1.0757,1,none
41.153,-1.05145,-1.39576,0.19556,1,10,0,FALLBACK,0.7139,0.100,1.0756,1,none
41.201,-1.14141,-1.60030,0.21194,1,10,0,FALLBACK,0.7993,0.100,1.0747,1,none
41.252,-1.20534,-1.84478,0.29910,0,10,0,FALLBACK,0.8601,0.100,1.0729,1,none
41.302,-1.24146,-1.49545,0.25644,1,10,0,FALLBACK,0.8944,0.100,1.0718,1,none
41.354,-1.24871,-1.79875,0.32005,0,10,0,FALLBACK,0.9013,0.100,1.0703,1,none
41.403,-1.22682,-2.07529,0.41880,0,10,0,FALLBACK,0.8805,0.100,1.0694,1,none
41.453,-1.17680,-2.34089,0.39815,0,10,0,FALLBACK,0.8330,0.100,1.0689,1,none
41.503,-1.10025,-2.08680,0.50119,0,10,0,FALLBACK,0.7602,0.100,1.0691,1,none
41.554,-1.03552,-1.55558,0.36091,0,10,0,FALLBACK,0.6987,0.100,1.0703,1,none
41.603,-0.87932,-1.19633,0.34074,0,10,0,FALLBACK,0.5504,0.100,1.0717,1,none
41.656,-0.70447,-0.98345,0.21781,1,10,0,FALLBACK,0.3843,0.100,1.0734,1,none
41.704,-0.51649,-0.55603,0.30796,0,10,0,FALLBACK,0.2057,0.100,1.0761,1,none
41.754,-0.32178,0.64163,0.69597,0,10,0,FALLBACK,0.0207,0.100,1.0787,1,none
41.806,-0.16182,0.33962,0.61808,0,10,0,FALLBACK,-0.1313,0.100,1.0809,1,none
41.856,0.06326,0.72491,0.47889,0,10,0,FALLBACK,-0.3451,0.100,1.0825,1,none
41.905,0.28221,0.56495,0.24942,1,10,0,FALLBACK,-0.5531,0.100,1.0843,1,none
41.954,0.48766,0.33669,0.16347,1,10,0,FALLBACK,-0.7483,0.100,1.0819,1,none
42.004,0.66907,0.32462,0.19307,1,10,0,FALLBACK,-0.9206,0.100,1.0795,1,none
42.056,0.77643,0.93522,0.20492,1,10,0,FALLBACK,-1.0000,0.100,1.0759,1,none
42.105,0.93199,1.06202,0.26233,1,10,0,FALLBACK,-1.0000,0.100,1.0741,1,none
42.156,1.05622,2.07984,0.41721,0,10,0,FALLBACK,-1.0000,0.100,1.0711,1,none
42.206,1.14929,2.50872,0.41283,0,10,0,FALLBACK,-1.0000,0.100,1.0697,1,none
42.257,1.21184,4.26263,0.81071,0,10,0,FALLBACK,-1.0000,0.100,1.0684,1,none
42.306,1.19711,3.97617,0.61699,0,10,0,FALLBACK,-1.0000,0.100,1.0671,1,none
42.357,1.23522,3.93792,0.69913,0,10,0,FALLBACK,-1.0000,0.100,1.0658,1,none
42.407,1.24263,3.35105,0.50673,0,10,0,FALLBACK,-1.0000,0.100,1.0646,1,none
42.455,1.21941,3.69431,0.52698,0,10,0,FALLBACK,-1.0000,0.100,1.0634,1,none
42.505,1.16577,2.19222,0.34341,0,10,0,FALLBACK,-1.0000,0.100,1.0622,1,none
42.557,1.03641,1.62207,0.29937,0,10,0,FALLBACK,-1.0000,0.100,1.0610,1,none
42.606,0.95922,1.88982,0.30832,0,10,0,FALLBACK,-1.0000,0.100,1.0599,1,none
42.656,0.85246,1.56407,0.23137,1,10,0,FALLBACK,-1.0000,0.100,1.0587,1,none
42.707,0.71680,0.53430,0.17797,1,10,0,FALLBACK,-0.9660,0.100,1.0576,1,none
42.755,0.55325,0.41591,0.16762,1,10,0,FALLBACK,-0.8106,0.100,1.0571,1,none
42.806,0.31225,0.26085,0.16149,1,10,0,FALLBACK,-0.5816,0.100,1.0565,1,none
42.855,0.13713,0.25542,0.17215,1,10,0,FALLBACK,-0.4153,0.100,1.0606,1,none
42.908,-0.04719,0.08988,0.11600,1,10,0,FALLBACK,-0.2402,0.100,1.0638,1,none
42.956,-0.23969,-0.41335,0.25220,1,10,0,FALLBACK,-0.0573,0.100,1.0660,1,none
43.007,-0.43633,-0.72892,0.19255,1,10,0,FALLBACK,0.1295,0.100,1.0685,1,none
43.059,-0.63026,-1.07402,0.25197,1,10,0,FALLBACK,0.3137,0.100,1.0706,1,none
43.107,-0.84170,-1.22411,0.17702,1,10,0,FALLBACK,0.5146,0.100,1.0707,1,none
43.159,-0.97827,-1.18001,0.21776,1,10,0,FALLBACK,0.6444,0.100,1.0700,1,none
43.206,-1.09462,-1.22151,0.22321,1,10,0,FALLBACK,0.7549,0.100,1.0705,1,none
43.258,-1.18830,-1.28965,0.31048,0,10,0,FALLBACK,0.8439,0.100,1.0680,1,none
43.308,-1.25385,-1.39796,0.26247,1,10,0,FALLBACK,0.9062,0.100,1.0663,1,none
43.358,-1.30001,-1.32854,0.22788,1,10,0,FALLBACK,0.9500,0.100,1.0656,1,none
43.410,-1.27049,-1.25950,0.27851,1,10,0,FALLBACK,0.9220,0.100,1.0632,1,none
43.457,-1.21043,-0.95007,0.19186,1,10,0,FALLBACK,0.8649,0.100,1.0624,1,none
43.509,-1.12357,-0.83900,0.20587,1,10,0,FALLBACK,0.7824,0.100,1.0628,1,none
43.559,-1.04153,-0.05037,0.25334,1,10,0,FALLBACK,0.7044,0.100,1.0629,1,none
43.611,-0.87399,0.02736,0.24662,1,10,0,FALLBACK,0.5453,0.100,1.0652,1,none
43.661,-0.68996,0.62426,0.18611,1,10,0,FALLBACK,0.3705,0.100,1.0676,1,none
43.710,-0.49478,1.68622,0.32052,0,10,0,FALLBACK,0.1850,0.100,1.0704,1,none
43.760,-0.29238,1.08618,0.29148,0,10,0,FALLBACK,-0.0072,0.100,1.0727,1,none
43.810,-0.11879,1.01408,0.25380,1,10,0,FALLBACK,-0.1721,0.100,1.0752,1,none
43.860,0.11588,1.12718,0.16997,1,10,0,FALLBACK,-0.3951,0.100,1.0764,1,none
43.913,0.34145,0.85110,0.31103,0,10,0,FALLBACK,-0.6094,0.100,1.0772,1,none
43.962,0.55210,0.28134,0.19004,1,10,0,FALLBACK,-0.8095,0.100,1.0776,1,none
44.012,0.74181,-0.11191,0.20160,1,10,0,FALLBACK,-0.9897,0.100,1.0738,1,none
44.061,0.85535,0.82587,0.31558,0,10,0,FALLBACK,-1.0000,0.100,1.0697,1,none
44.111,1.01488,-1.08230,0.75404,0,10,0,FALLBACK,-1.0000,0.100,1.0663,1,none
44.162,1.14396,2.51748,0.36137,0,10,0,FALLBACK,-1.0000,0.100,1.0649,1,none
44.211,1.24333,2.95835,0.47483,0,10,0,FALLBACK,-1.0000,0.100,1.0637,1,none
44.262,1.31262,1.98582,0.35852,0,10,0,FALLBACK,-1.0000,0.100,1.0625,1,none
44.312,1.30229,2.02529,0.48049,0,10,0,FALLBACK,-1.0000,0.100,1.0613,1,none
44.364,1.34765,2.82842,0.52610,0,10,0,FALLBACK,-1.0000,0.100,1.0601,1,none
44.412,1.36267,3.29724,0.53359,0,10,0,FALLBACK,-1.0000,0.100,1.0590,1,none
44.462,1.34735,3.68043,0.58683,0,10,0,FALLBACK,-1.0000,0.100,1.0579,1,none
44.513,1.30189,2.87067,0.54153,0,10,0,FALLBACK,-1.0000,0.100,1.0568,1,none
44.561,1.17643,2.10321,0.35580,0,10,0,FALLBACK,-1.0000,0.100,1.0557,1,none
44.614,1.10773,2.75888,0.52913,0,10,0,FALLBACK,-1.0000,0.100,1.0547,1,none
44.664,1.00964,3.47778,0.51018,0,10,0,FALLBACK,-1.0000,0.100,1.0536,1,none
44.713,0.88272,3.41763,0.75743,0,10,0,FALLBACK,-1.0000,0.100,1.0526,1,none
44.763,0.72770,3.23040,0.43571,0,10,0,FALLBACK,-0.9763,0.100,1.0516,1,none
44.814,0.54550,2.35948,0.28678,0,10,0,FALLBACK,-0.8032,0.100,1.0509,1,none
44.866,0.31362,1.14083,0.33490,0,10,0,FALLBACK,-0.5829,0.100,1.0517,1,none
44.915,0.12042,0.10778,0.13869,1,10,0,FALLBACK,-0.3994,0.100,1.0535,1,none
44.964,-0.08598,-0.25203,0.14133,1,10,0,FALLBACK,-0.2033,0.100,1.0570,1,none
44.999,-0.29967,-0.72032,0.17333,1,10,0,FALLBACK,-0.0003,0.100,1.0604,1,none
45.050,-0.51423,-0.99335,0.15089,1,10,0,FALLBACK,0.2035,0.100,1.0627,1,none
45.098,-0.76160,-1.10594,0.34565,0,10,0,FALLBACK,0.4385,0.100,1.0641,1,none
45.149,-0.92524,-1.14065,0.25578,1,10,0,FALLBACK,0.5940,0.100,1.0630,1,none
45.198,-1.06798,-1.38107,0.29995,0,10,0,FALLBACK,0.7296,0.100,1.0620,1,none
45.249,-1.18732,-1.47168,0.27703,1,10,0,FALLBACK,0.8430,0.100,1.0606,1,none
45.297,-1.28146,-1.50835,0.30017,0,10,0,FALLBACK,0.9324,0.100,1.0596,1,none
45.352,-1.34721,-1.37288,0.26075,1,10,0,FALLBACK,0.9948,0.100,1.0575,1,none
45.400,-1.38078,-1.56241,0.33916,0,10,0,FALLBACK,1.0000,0.100,1.0546,1,none
45.450,-1.38220,-1.38077,0.23080,1,10,0,FALLBACK,1.0000,0.100,1.0532,1,none
45.499,-1.35341,-1.38793,0.26180,1,10,0,FALLBACK,1.0000,0.100,1.0521,1,none
45.549,-1.29484,-1.11597,0.15228,1,10,0,FALLBACK,0.9451,0.100,1.0511,1,none
45.601,-1.20781,-1.01102,0.23419,1,10,0,FALLBACK,0.8624,0.100,1.0512,1,none
45.649,-1.09587,-1.00476,0.19628,1,10,0,FALLBACK,0.7561,0.100,1.0523,1,none
45.701,-0.96261,-0.88709,0.17666,1,10,0,FALLBACK,0.6295,0.100,1.0541,1,none
45.750,-0.81187,-0.71666,0.19187,1,10,0,FALLBACK,0.4863,0.100,1.0566,1,none
45.798,-0.64779,-0.57213,0.18305,1,10,0,FALLBACK,0.3304,0.100,1.0594,1,none
45.852,-0.47477,-0.48005,0.19153,1,10,0,FALLBACK,0.1660,0.100,1.0622,1,none
45.900,-0.29529,-0.29821,0.20735,1,10,0,FALLBACK,-0.0045,0.100,1.0645,1,none
45.950,-0.11598,-0.12119,0.16710,1,10,0,FALLBACK,-0.1748,0.100,1.0667,1,none
46.002,0.05723,-0.03114,0.13778,1,10,0,FALLBACK,-0.3394,0.100,1.0681,1,none
46.053,0.21981,-0.02479,0.10963,1,10,0,FALLBACK,-0.4938,0.100,1.0688,1,none
46.102,0.36908,-0.04023,0.13839,1,10,0,FALLBACK,-0.6356,0.100,1.0694,1,none
46.149,0.50027,0.27933,0.27525,1,10,0,FALLBACK,-0.7603,0.100,1.0689,1,none
46.201,0.60627,0.23299,0.18426,1,10,0,FALLBACK,-0.8610,0.100,1.0667,1,none
46.251,0.68462,0.57137,0.40339,0,10,0,FALLBACK,-0.9354,0.100,1.0651,1,none
46.302,0.73382,1.34222,0.41736,0,10,0,FALLBACK,-0.9821,0.100,1.0635,1,none
46.352,0.75187,0.78024,0.34300,0,10,0,FALLBACK,-0.9993,0.100,1.0613,1,none
46.403,0.73816,0.74639,0.75887,0,10,0,FALLBACK,-0.9863,0.100,1.0596,1,none
46.451,0.69365,0.81626,0.52597,0,10,0,FALLBACK,-0.9440,0.100,1.0585,1,none
46.501,0.62018,0.83938,0.42897,0,10,0,FALLBACK,-0.8742,0.100,1.0583,1,none
46.553,0.65317,1.19687,0.44806,0,10,0,FALLBACK,-0.9055,0.100,1.0585,1,none
46.604,0.42826,1.26193,0.33859,0,10,0,FALLBACK,-0.6919,0.100,1.0585,1,none
46.653,0.18170,0.74977,0.41021,0,10,0,FALLBACK,-0.4576,0.100,1.0601,1,none
46.703,-0.07721,0.30283,0.57758,0,10,0,FALLBACK,-0.2116,0.100,1.0633,1,none
46.754,-0.34195,0.09794,0.53204,0,10,0,FALLBACK,0.0399,0.100,1.0661,1,none
46.804,-0.60641,-0.25089,0.09957,1,10,0,FALLBACK,0.2911,0.100,1.0680,1,none
46.854,-0.73603,-0.18499,0.08666,1,10,0,FALLBACK,0.4142,0.100,1.0684,1,none
46.901,-1.06369,0.10067,0.31005,0,10,0,FALLBACK,0.7255,0.100,1.0692,1,none
46.955,-1.37856,-3.45910,0.64531,0,10,0,FALLBACK,1.0000,0.100,1.0657,1,none
47.004,-1.66853,-2.99565,0.43827,0,10,0,FALLBACK,1.0000,0.100,1.0597,1,none
47.052,-1.92766,-4.14910,0.83603,0,10,0,FALLBACK,1.0000,0.100,1.0568,1,none
47.102,-2.16125,-2.76909,0.27312,1,10,0,FALLBACK,1.0000,0.100,1.0556,1,none
47.152,-2.36892,-2.40712,0.32004,0,10,0,FALLBACK,1.0000,0.100,1.0545,1,none
47.204,-2.38853,-2.44750,0.26294,1,10,0,FALLBACK,1.0000,0.100,1.0535,1,none
47.253,-2.63765,-1.85189,1.40124,0,10,0,FALLBACK,1.0000,0.100,1.0524,1,none
47.305,-2.86176,-0.33095,2.37757,0,10,0,FALLBACK,1.0000,0.100,1.0514,1,none
47.353,-3.05981,-1.46483,2.22433,0,10,0,FALLBACK,1.0000,0.100,1.0504,1,none
47.404,-3.23085,-1.80191,1.47611,0,10,0,FALLBACK,1.0000,0.100,1.0494,1,none
47.453,-3.37409,-3.71109,0.61188,0,10,0,FALLBACK,1.0000,0.100,1.0485,1,none
47.506,-3.48888,-3.89318,0.74102,0,10,0,FALLBACK,1.0000,0.100,1.0475,1,none
47.554,-3.37879,-3.90918,0.61791,0,10,0,FALLBACK,1.0000,0.100,1.0466,1,none
47.605,-3.54052,-4.42268,0.87435,0,10,0,FALLBACK,1.0000,0.100,1.0457,1,none
47.656,-3.67442,-5.00011,0.46741,0,10,0,FALLBACK,1.0000,0.100,1.0448,1,none
47.705,-3.77990,-4.58318,0.80510,0,10,0,FALLBACK,1.0000,0.100,1.0439,1,none
47.755,-3.85649,-3.65340,0.51779,0,10,0,FALLBACK,1.0000,0.100,1.0430,1,none
47.806,-3.90392,-3.56615,0.57176,0,10,0,FALLBACK,1.0000,0.100,1.0422,1,none
47.854,-3.92197,-3.77980,0.59117,0,10,0,FALLBACK,1.0000,0.100,1.0414,1,none
47.905,-3.68299,-3.80783,0.45984,0,10,0,FALLBACK,1.0000,0.100,1.0405,1,none
47.957,-3.75076,-3.97817,0.57786,0,10,0,FALLBACK,1.0000,0.100,1.0397,1,none
48.006,-3.78946,-4.38135,0.60695,0,10,0,FALLBACK,1.0000,0.100,1.0389,1,none
48.058,-3.79895,-4.17587,0.79026,0,10,0,FALLBACK,1.0000,0.100,1.0382,1,none
48.106,-3.77925,-4.28403,0.58281,0,10,0,FALLBACK,1.0000,0.100,1.0374,1,none
48.156,-3.73053,-4.24610,0.67372,0,10,0,FALLBACK,1.0000,0.100,1.0367,1,none
48.206,-3.65308,-4.01096,0.70676,0,10,0,FALLBACK,1.0000,0.100,1.0359,1,none
48.256,-3.29797,-3.65659,0.68849,0,10,0,FALLBACK,1.0000,0.100,1.0352,1,none
48.307,-3.27027,-3.23898,0.57830,0,10,0,FALLBACK,1.0000,0.100,1.0345,1,none
48.357,-3.21377,-3.21763,0.40899,0,10,0,FALLBACK,1.0000,0.100,1.0338,1,none
48.407,-3.12879,-2.96470,0.58485,0,10,0,FALLBACK,1.0000,0.100,1.0331,1,none
48.458,-3.01583,-2.41625,0.34007,0,10,0,FALLBACK,1.0000,0.100,1.0324,1,none
48.507,-2.87546,-2.18103,0.34899,0,10,0,FALLBACK,1.0000,0.100,1.0318,1,none
48.558,-2.70846,-2.03027,0.35938,0,10,0,FALLBACK,1.0000,0.100,1.0311,1,none
48.607,-2.51566,-2.40363,0.31946,0,10,0,FALLBACK,1.0000,0.100,1.0305,1,none
48.658,-2.14199,-2.48907,0.42609,0,10,0,FALLBACK,1.0000,0.100,1.0299,1,none
48.708,-1.99502,-2.31497,0.39616,0,10,0,FALLBACK,1.0000,0.100,1.0293,1,none
48.757,-1.82173,-1.82521,0.28465,1,10,0,FALLBACK,1.0000,0.100,1.0287,1,none
48.808,-1.62300,-1.30452,0.32600,0,10,0,FALLBACK,1.0000,0.100,1.0281,1,none
48.860,-1.39984,-0.96703,0.19287,1,10,0,FALLBACK,1.0000,0.100,1.0275,1,none
48.907,-1.15337,-1.08193,0.19729,1,10,0,FALLBACK,0.8107,0.100,1.0269,1,none
48.959,-0.88587,-0.87179,0.22842,1,10,0,FALLBACK,0.5566,0.100,1.0285,1,none
49.008,-0.45873,-0.78000,0.27880,1,10,0,FALLBACK,0.1508,0.100,1.0321,1,none
49.060,-0.25918,-0.05745,0.21447,1,10,0,FALLBACK,-0.0388,0.100,1.0347,1,none
49.109,-0.06475,0.52591,0.25853,1,10,0,FALLBACK,-0.2235,0.100,1.0379,1,none
49.160,0.12335,1.15466,0.26839,1,10,0,FALLBACK,-0.4022,0.100,1.0395,1,none
49.210,0.30046,0.76335,0.19294,1,10,0,FALLBACK,-0.5704,0.100,1.0402,1,none
49.260,0.46133,0.74863,0.48443,0,10,0,FALLBACK,-0.7233,0.100,1.0401,1,none
49.309,0.67750,0.88113,0.20291,1,10,0,FALLBACK,-0.9286,0.100,1.0391,1,none
49.361,0.68367,0.75140,0.31317,0,10,0,FALLBACK,-0.9345,0.100,1.0360,1,none
49.410,0.65715,0.83797,0.15253,1,10,0,FALLBACK,-0.9093,0.100,1.0347,1,none
49.460,0.60313,0.84250,0.20577,1,10,0,FALLBACK,-0.8580,0.100,1.0348,1,none
49.512,0.52410,0.42264,0.20992,1,10,0,FALLBACK,-0.7829,0.100,1.0355,1,none
49.561,0.42251,0.49124,0.19580,1,10,0,FALLBACK,-0.6864,0.100,1.0370,1,none
49.611,0.30133,0.15531,0.13918,1,10,0,FALLBACK,-0.5713,0.100,1.0390,1,none
49.661,0.16324,-0.19216,0.14636,1,10,0,FALLBACK,-0.4401,0.100,1.0412,1,none
49.709,0.01232,-0.19181,0.14160,1,10,0,FALLBACK,-0.2967,0.100,1.0441,1,none
49.760,-0.14696,-1.24936,0.60636,0,10,0,FALLBACK,-0.1454,0.100,1.0468,1,none
49.812,-0.31072,-1.36698,0.53840,0,10,0,FALLBACK,0.0102,0.100,1.0494,1,none
49.862,-0.47583,0.43016,1.43598,0,10,0,FALLBACK,0.1670,0.100,1.0518,1,none
49.911,-0.63817,-3.65415,0.59918,0,10,0,FALLBACK,0.3213,0.100,1.0532,1,none
49.961,-0.79043,-4.24040,0.54169,0,10,0,FALLBACK,0.4659,0.100,1.0542,1,none
50.012,-0.92986,-4.61883,0.89080,0,10,0,FALLBACK,0.5984,0.100,1.0550,1,none
50.062,-1.05232,-5.13381,1.12644,0,10,0,FALLBACK,0.7147,0.100,1.0548,1,none
50.112,-1.15340,-5.57618,0.73753,0,10,0,FALLBACK,0.8107,0.100,1.0541,1,none
50.164,-1.22971,-6.11601,1.28345,0,10,0,FALLBACK,0.8832,0.100,1.0529,1,none
50.214,-1.27871,-4.17881,0.64242,0,10,0,FALLBACK,0.9298,0.100,1.0515,1,none
50.262,-1.29883,-2.95895,0.66587,0,10,0,FALLBACK,0.9489,0.100,1.0501,1,none
50.313,-1.28951,-2.32874,0.44227,0,10,0,FALLBACK,0.9400,0.100,1.0489,1,none
50.364,-1.25121,-2.34857,0.54650,0,10,0,FALLBACK,0.9036,0.100,1.0482,1,none
50.413,-1.18527,-1.56372,0.30581,0,10,0,FALLBACK,0.8410,0.100,1.0482,1,none
50.463,-1.09369,-0.83255,0.27896,1,10,0,FALLBACK,0.7540,0.100,1.0483,1,none
50.513,-0.97876,-0.24973,0.11884,1,10,0,FALLBACK,0.6448,0.100,1.0501,1,none
50.565,-0.84466,-0.50938,0.18670,1,10,0,FALLBACK,0.5174,0.100,1.0522,1,none
50.599,-0.69470,-0.75542,0.16071,1,10,0,FALLBACK,0.3750,0.100,1.0547,1,none
50.649,-0.53282,-0.89411,0.26326,1,10,0,FALLBACK,0.2212,0.100,1.0574,1,none
50.700,-0.36521,-0.46989,0.18479,1,10,0,FALLBACK,0.0620,0.100,1.0604,1,none
50.751,-0.19675,-0.56662,0.19751,1,10,0,FALLBACK,-0.0981,0.100,1.0627,1,none
50.799,-0.03154,-0.87003,0.30369,0,10,0,FALLBACK,-0.2550,0.100,1.0646,1,none
50.851,0.12568,-0.25049,0.28290,1,10,0,FALLBACK,-0.4044,0.100,1.0657,1,none
50.900,0.27010,-0.00270,0.33867,0,10,0,FALLBACK,-0.5416,0.100,1.0662,1,none
50.952,0.39717,-0.21169,0.19475,1,10,0,FALLBACK,-0.6623,0.100,1.0660,1,none
51.001,0.50285,0.22967,0.32720,0,10,0,FALLBACK,-0.7627,0.100,1.0653,1,none
51.050,0.58381,1.85823,1.15028,0,10,0,FALLBACK,-0.8396,0.100,1.0642,1,none
51.101,0.63761,2.25484,0.73822,0,10,0,FALLBACK,-0.8907,0.100,1.0629,1,none
51.152,0.66281,0.01836,1.30813,0,10,0,FALLBACK,-0.9147,0.100,1.0616,1,none
51.202,0.65900,1.76935,0.98177,0,10,0,FALLBACK,-0.9110,0.100,1.0606,1,none
51.251,0.62667,1.52592,1.07312,0,10,0,FALLBACK,-0.8803,0.100,1.0600,1,none
51.302,0.56733,-0.34855,0.36555,0,10,0,FALLBACK,-0.8240,0.100,1.0601,1,none
51.352,0.48320,-0.35939,0.28240,1,10,0,FALLBACK,-0.7440,0.100,1.0609,1,none
51.403,0.37638,0.24437,0.14002,1,10,0,FALLBACK,-0.6426,0.100,1.0621,1,none
51.452,0.25008,0.11982,0.19266,1,10,0,FALLBACK,-0.5226,0.100,1.0639,1,none
51.501,0.10801,0.02153,0.08768,1,10,0,FALLBACK,-0.3876,0.100,1.0662,1,none
51.552,-0.04591,-0.04104,0.09555,1,10,0,FALLBACK,-0.2414,0.100,1.0687,1,none
51.602,-0.20748,-0.44343,0.15268,1,10,0,FALLBACK,-0.0879,0.100,1.0712,1,none
51.652,-0.37230,-0.73558,0.15461,1,10,0,FALLBACK,0.0687,0.100,1.0734,1,none
51.704,-0.53574,-0.95024,0.17512,1,10,0,FALLBACK,0.2240,0.100,1.0752,1,none
51.754,-0.69304,-1.10949,0.18092,1,10,0,FALLBACK,0.3734,0.100,1.0763,1,none
51.802,-0.83930,-1.22920,0.27659,1,10,0,FALLBACK,0.5123,0.100,1.0768,1,none
51.852,-0.96975,-1.21779,0.23754,1,10,0,FALLBACK,0.6363,0.100,1.0767,1,none
51.902,-1.08005,-1.10796,0.19741,1,10,0,FALLBACK,0.7410,0.100,1.0759,1,none
51.952,-1.16648,-1.25286,0.23950,1,10,0,FALLBACK,0.8232,0.100,1.0747,1,none
52.004,-1.14123,-1.36041,0.23263,1,10,0,FALLBACK,0.7992,0.100,1.0732,1,none
52.054,-1.25402,-1.50395,0.34031,0,10,0,FALLBACK,0.9063,0.100,1.0729,1,none
52.105,-1.34173,-1.41260,0.27048,1,10,0,FALLBACK,0.9896,0.100,1.0713,1,none
52.155,-1.39802,-1.27928,0.23656,1,10,0,FALLBACK,1.0000,0.100,1.0686,1,none
52.205,-1.42112,-1.46703,0.30698,0,10,0,FALLBACK,1.0000,0.100,1.0666,1,none
52.254,-1.30144,-1.46641,0.29866,0,10,0,FALLBACK,0.9514,0.100,1.0652,1,none
52.304,-1.34441,-1.29618,0.27152,1,10,0,FALLBACK,0.9922,0.100,1.0647,1,none
52.356,-1.35905,-1.20385,0.22571,1,10,0,FALLBACK,1.0000,0.100,1.0635,1,none
52.405,-1.34234,-1.23053,0.21634,1,10,0,FALLBACK,0.9902,0.100,1.0619,1,none
52.454,-1.29489,-1.11034,0.18401,1,10,0,FALLBACK,0.9451,0.100,1.0608,1,none
52.502,-1.21822,-1.21391,0.21237,1,10,0,FALLBACK,0.8723,0.100,1.0605,1,none
52.555,-1.05844,-1.12362,0.25146,1,10,0,FALLBACK,0.7205,0.100,1.0610,1,none
52.605,-1.01225,-0.78386,0.16356,1,10,0,FALLBACK,0.6766,0.100,1.0629,1,none
52.656,-0.94780,-0.73102,0.13114,1,10,0,FALLBACK,0.6154,0.100,1.0647,1,none
52.704,-0.86449,-0.57655,0.12773,1,10,0,FALLBACK,0.5363,0.100,1.0664,1,none
52.754,-0.76452,-0.65710,0.13280,1,10,0,FALLBACK,0.4413,0.100,1.0683,1,none
52.804,-0.57906,-0.54668,0.21503,1,10,0,FALLBACK,0.2651,0.100,1.0705,1,none
52.856,-0.53461,-0.32347,0.19713,1,10,0,FALLBACK,0.2229,0.100,1.0728,1,none
52.904,-0.48529,-0.11828,0.11604,1,10,0,FALLBACK,0.1760,0.100,1.0753,1,none
52.957,-0.43094,-0.11328,0.13131,1,10,0,FALLBACK,0.1244,0.100,1.0773,1,none
53.004,-0.37187,-0.19792,0.14926,1,10,0,FALLBACK,0.0683,0.100,1.0793,1,none
53.057,-0.24741,-0.07749,0.16384,1,10,0,FALLBACK,-0.0500,0.100,1.0813,1,none
53.106,-0.26814,-0.02093,0.11979,1,10,0,FALLBACK,-0.0303,0.100,1.0832,1,none
53.157,-0.29264,-0.08378,0.10202,1,10,0,FALLBACK,-0.0070,0.100,1.0851,1,none
53.207,-0.31792,-0.15739,0.14897,1,10,0,FALLBACK,0.0170,0.100,1.0869,1,none
53.257,-0.34300,-0.31955,0.14379,1,10,0,FALLBACK,0.0408,0.100,1.0888,1,none
53.307,-0.32600,-0.52237,0.21836,1,10,0,FALLBACK,0.0247,0.100,1.0906,1,none
53.357,-0.43116,-0.69472,0.18294,1,10,0,FALLBACK,0.1246,0.100,1.0924,1,none
53.406,-0.53507,-0.54351,0.14142,1,10,0,FALLBACK,0.2233,0.100,1.0939,1,none
53.458,-0.63257,-0.71076,0.12205,1,10,0,FALLBACK,0.3159,0.100,1.0951,1,none
53.508,-0.60334,-0.89422,0.15357,1,10,0,FALLBACK,0.2882,0.100,1.0960,1,none
53.559,-0.75979,-1.04473,0.19054,1,10,0,FALLBACK,0.4368,0.100,1.0973,1,none
53.608,-0.90776,-1.10380,0.14616,1,10,0,FALLBACK,0.5774,0.100,1.0989,1,none
53.658,-1.04082,-1.11645,0.19894,1,10,0,FALLBACK,0.7038,0.100,1.0986,1,none
53.708,-1.15127,-1.19695,0.18656,1,10,0,FALLBACK,0.8087,0.100,1.0957,1,none
53.759,-1.23356,-1.49120,0.20591,1,10,0,FALLBACK,0.8869,0.100,1.0935,1,none
53.807,-1.23632,-1.58696,0.27553,1,10,0,FALLBACK,0.8895,0.100,1.0925,1,none
53.858,-1.34211,-1.50239,0.24048,1,10,0,FALLBACK,0.9900,0.100,1.0901,1,none
53.909,-1.41771,-1.52567,0.26013,1,10,0,FALLBACK,1.0000,0.100,1.0874,1,none
53.957,-1.45901,-1.21334,0.30004,0,10,0,FALLBACK,1.0000,0.100,1.0849,1,none
54.007,-1.46783,-1.33687,0.25886,1,10,0,FALLBACK,1.0000,0.100,1.0832,1,none
54.060,-1.44487,-1.19194,0.22659,1,10,0,FALLBACK,1.0000,0.100,1.0816,1,none
54.109,-1.39042,-1.17758,0.27539,1,10,0,FALLBACK,1.0000,0.100,1.0800,1,none
54.160,-1.30490,-0.79887,0.25187,1,10,0,FALLBACK,0.9547,0.100,1.0785,1,none
54.207,-1.18927,-0.39174,0.43690,0,10,0,FALLBACK,0.8448,0.100,1.0777,1,none
54.257,-1.04610,-0.55501,0.23227,1,10,0,FALLBACK,0.7088,0.100,1.0769,1,none
54.310,-0.88022,1.19952,0.44436,0,10,0,FALLBACK,0.5512,0.100,1.0798,1,none
54.360,-0.69858,0.96768,0.47924,0,10,0,FALLBACK,0.3786,0.100,1.0823,1,none
54.409,-0.50531,0.28028,0.21985,1,10,0,FALLBACK,0.1950,0.100,1.0850,1,none
54.460,-0.30421,1.14199,0.26286,1,10,0,FALLBACK,0.0040,0.100,1.0871,1,none
54.510,-0.10009,2.33747,0.27925,1,10,0,FALLBACK,-0.1899,0.100,1.0892,1,none
54.559,0.09817,2.30528,0.27882,1,10,0,FALLBACK,-0.3783,0.100,1.0904,1,none
54.608,0.28731,1.29836,0.36876,0,10,0,FALLBACK,-0.5579,0.100,1.0920,1,none
54.660,0.46332,0.55712,0.26187,1,10,0,FALLBACK,-0.7252,0.100,1.0919,1,none
54.710,0.61724,1.23142,0.21351,1,10,0,FALLBACK,-0.8714,0.100,1.0881,1,none
54.761,0.74159,1.70259,0.23674,1,10,0,FALLBACK,-0.9895,0.100,1.0851,1,none
54.812,0.83352,1.60125,0.26628,1,10,0,FALLBACK,-1.0000,0.100,1.0816,1,none
54.860,0.89093,1.56240,0.32005,0,10,0,FALLBACK,-1.0000,0.100,1.0794,1,none
54.909,0.91640,1.29580,0.21303,1,10,0,FALLBACK,-1.0000,0.100,1.0777,1,none
54.960,0.91033,0.85925,0.17229,1,10,0,FALLBACK,-1.0000,0.100,1.0762,1,none
55.010,0.87301,0.63040,0.21829,1,10,0,FALLBACK,-1.0000,0.100,1.0748,1,none
55.062,0.80475,0.58036,0.18865,1,10,0,FALLBACK,-1.0000,0.100,1.0734,1,none
55.109,0.70604,0.93879,0.17237,1,10,0,FALLBACK,-0.9557,0.100,1.0720,1,none
55.161,0.57788,0.39862,0.15471,1,10,0,FALLBACK,-0.8340,0.100,1.0713,1,none
55.212,0.42369,0.52939,0.20108,1,10,0,FALLBACK,-0.6875,0.100,1.0722,1,none
55.260,0.24810,0.20506,0.17018,1,10,0,FALLBACK,-0.5207,0.100,1.0728,1,none
55.312,0.05558,0.01585,0.12809,1,10,0,FALLBACK,-0.3378,0.100,1.0764,1,none
55.361,-0.14613,-0.15455,0.14818,1,10,0,FALLBACK,-0.1462,0.100,1.0791,1,none
55.411,-0.35272,-0.66811,0.14943,1,10,0,FALLBACK,0.0501,0.100,1.0814,1,none
55.459,-0.56019,-0.98363,0.16910,1,10,0,FALLBACK,0.2472,0.100,1.0835,1,none
55.511,-0.76322,-1.05202,0.21184,1,10,0,FALLBACK,0.4401,0.100,1.0839,1,none
55.564,-0.95242,-1.17833,0.20380,1,10,0,FALLBACK,0.6198,0.100,1.0836,1,none
55.610,-1.12449,-1.40892,0.20226,1,10,0,FALLBACK,0.7833,0.100,1.0843,1,none
55.662,-1.27517,-1.46521,0.43580,0,10,0,FALLBACK,0.9264,0.100,1.0810,1,none
55.713,-1.39603,-1.55385,0.41323,0,10,0,FALLBACK,1.0000,0.100,1.0777,1,none
55.764,-1.48386,-1.62397,0.33749,0,10,0,FALLBACK,1.0000,0.100,1.0743,1,none
55.814,-1.53807,-1.15688,0.62383,0,10,0,FALLBACK,1.0000,0.100,1.0720,1,none
55.863,-1.56078,-1.25183,0.24797,1,10,0,FALLBACK,1.0000,0.100,1.0706,1,none
55.912,-1.55245,-1.00417,0.19471,1,10,0,FALLBACK,1.0000,0.100,1.0692,1,none
55.962,-1.51324,-0.94726,0.24057,1,10,0,FALLBACK,1.0000,0.100,1.0679,1,none
56.015,-1.44347,-1.02531,0.18792,1,10,0,FALLBACK,1.0000,0.100,1.0666,1,none
56.063,-1.34361,-0.03732,0.57755,0,10,0,FALLBACK,0.9914,0.100,1.0653,1,none
56.113,-1.21430,0.66652,0.34626,0,10,0,FALLBACK,0.8686,0.100,1.0642,1,none
56.165,-1.05691,1.22573,0.28868,0,10,0,FALLBACK,0.7191,0.100,1.0642,1,none
56.214,-0.87731,1.16683,0.31870,0,10,0,FALLBACK,0.5484,0.100,1.0651,1,none
56.263,-0.67976,1.61184,0.30049,0,10,0,FALLBACK,0.3608,0.100,1.0686,1,none
56.316,-0.47133,3.39619,0.63472,0,10,0,FALLBACK,0.1628,0.100,1.0716,1,none
56.364,-0.25656,2.40713,0.36850,0,10,0,FALLBACK,-0.0413,0.100,1.0744,1,none
56.415,-0.04098,3.55456,0.59358,0,10,0,FALLBACK,-0.2461,0.100,1.0765,1,none
56.464,0.16957,2.67150,0.46821,0,10,0,FALLBACK,-0.4461,0.100,1.0777,1,none
56.516,0.39599,2.29383,0.41654,0,10,0,FALLBACK,-0.6612,0.100,1.0778,1,none
56.567,0.55693,2.38357,0.44917,0,10,0,FALLBACK,-0.8141,0.100,1.0765,1,none
56.616,0.69269,2.31153,0.36816,0,10,0,FALLBACK,-0.9431,0.100,1.0755,1,none
56.663,0.80038,1.82870,0.39062,0,10,0,FALLBACK,-1.0000,0.100,1.0714,1,none
56.698,0.87422,2.19048,0.29887,0,10,0,FALLBACK,-1.0000,0.100,1.0684,1,none
56.747,0.91520,2.46986,0.39366,0,10,0,FALLBACK,-1.0000,0.100,1.0664,1,none
56.801,0.92509,2.12121,0.34195,0,10,0,FALLBACK,-1.0000,0.100,1.0651,1,none
56.850,0.90432,2.52542,0.54140,0,10,0,FALLBACK,-1.0000,0.100,1.0639,1,none
56.900,0.85310,1.10615,0.15947,1,10,0,FALLBACK,-1.0000,0.100,1.0627,1,none
56.949,0.77178,2.20324,0.42952,0,10,0,FALLBACK,-1.0000,0.100,1.0615,1,none
56.997,0.66089,2.48278,0.38888,0,10,0,FALLBACK,-0.9128,0.100,1.0604,1,none
57.049,0.52125,1.79755,0.37971,0,10,0,FALLBACK,-0.7802,0.100,1.0601,1,none
57.098,0.35936,0.85346,0.23744,1,10,0,FALLBACK,-0.6264,0.100,1.0624,1,none
57.149,0.18082,0.85367,0.31039,0,10,0,FALLBACK,-0.4568,0.100,1.0650,1,none
57.202,-0.00996,0.30234,0.18844,1,10,0,FALLBACK,-0.2755,0.100,1.0678,1,none
57.251,-0.21028,-0.42499,0.17658,1,10,0,FALLBACK,-0.0852,0.100,1.0701,1,none
57.302,-0.41296,-0.65273,0.10428,1,10,0,FALLBACK,0.1073,0.100,1.0724,1,none
57.350,-0.61149,-0.69692,0.17505,1,10,0,FALLBACK,0.2959,0.100,1.0739,1,none
57.402,-0.80084,-0.89160,0.17472,1,10,0,FALLBACK,0.4758,0.100,1.0744,1,none
57.451,-0.97796,-1.10083,0.19973,1,10,0,FALLBACK,0.6441,0.100,1.0749,1,none
57.501,-1.13457,-1.43199,0.22568,1,10,0,FALLBACK,0.7928,0.100,1.0727,1,none
57.552,-1.26475,-1.43148,0.28518,0,10,0,FALLBACK,0.9165,0.100,1.0703,1,none
57.602,-1.36505,-1.71785,0.26980,1,10,0,FALLBACK,1.0000,0.100,1.0674,1,none
57.652,-1.43409,-1.57887,0.30378,0,10,0,FALLBACK,1.0000,0.100,1.0653,1,none
57.702,-1.47037,-1.56048,0.27383,1,10,0,FALLBACK,1.0000,0.100,1.0631,1,none
57.752,-1.47553,-1.47126,0.23767,1,10,0,FALLBACK,1.0000,0.100,1.0618,1,none
57.804,-1.45018,-1.70808,0.35839,0,10,0,FALLBACK,1.0000,0.100,1.0606,1,none
57.850,-1.39455,-1.66047,0.31352,0,10,0,FALLBACK,1.0000,0.100,1.0594,1,none
57.902,-1.30902,-2.02130,0.36642,0,10,0,FALLBACK,0.9586,0.100,1.0583,1,none
57.952,-1.19448,-1.38812,0.26099,1,10,0,FALLBACK,0.8498,0.100,1.0578,1,none
58.003,-1.05407,-1.12742,0.19725,1,10,0,FALLBACK,0.7164,0.100,1.0587,1,none
58.052,-0.89288,-1.27343,0.30700,0,10,0,FALLBACK,0.5632,0.100,1.0608,1,none
58.102,-0.71463,-0.99336,0.21240,1,10,0,FALLBACK,0.3939,0.100,1.0631,1,none
58.154,-0.52449,-0.72986,0.28432,1,10,0,FALLBACK,0.2133,0.100,1.0661,1,none
58.202,-0.32809,-0.75867,0.32270,0,10,0,FALLBACK,0.0267,0.100,1.0688,1,none
58.254,-0.12918,0.17132,0.24432,1,10,0,FALLBACK,-0.1623,0.100,1.0712,1,none
58.304,0.06613,0.09336,0.12397,1,10,0,FALLBACK,-0.3478,0.100,1.0725,1,none
58.352,0.25267,0.18068,0.19547,1,10,0,FALLBACK,-0.5250,0.100,1.0736,1,none
58.403,0.42411,0.46193,0.15602,1,10,0,FALLBACK,-0.6879,0.100,1.0727,1,none
58.454,0.57525,0.87150,0.18584,1,10,0,FALLBACK,-0.8315,0.100,1.0721,1,none
58.502,0.70058,0.74376,0.14629,1,10,0,FALLBACK,-0.9506,0.100,1.0693,1,none
58.555,0.79523,1.05996,0.26797,1,10,0,FALLBACK,-1.0000,0.100,1.0664,1,none
58.605,0.85700,1.27476,0.31214,0,10,0,FALLBACK,-1.0000,0.100,1.0640,1,none
58.656,0.88658,1.78017,0.28714,0,10,0,FALLBACK,-1.0000,0.100,1.0625,1,none
58.703,0.88549,0.88485,0.24082,1,10,0,FALLBACK,-1.0000,0.100,1.0613,1,none
58.755,0.85399,0.56067,0.14805,1,10,0,FALLBACK,-1.0000,0.100,1.0601,1,none
58.806,0.79232,1.14794,0.19342,1,10,0,FALLBACK,-1.0000,0.100,1.0590,1,none
58.858,0.70091,0.71903,0.25194,1,10,0,FALLBACK,-0.9509,0.100,1.0579,1,none
58.903,0.58032,0.27408,0.14530,1,10,0,FALLBACK,-0.8363,0.100,1.0568,1,none
58.955,0.43391,0.08854,0.12904,1,10,0,FALLBACK,-0.6972,0.100,1.0584,1,none
59.006,0.26782,-0.97235,0.33372,0,10,0,FALLBACK,-0.5394,0.100,1.0606,1,none
59.057,0.08517,-0.64109,0.38312,0,10,0,FALLBACK,-0.3659,0.100,1.0620,1,none
59.106,-0.10989,-1.06606,0.23867,1,10,0,FALLBACK,-0.1806,0.100,1.0656,1,none
59.155,-0.30952,-1.02691,0.18212,1,10,0,FALLBACK,0.0090,0.100,1.0682,1,none
59.208,-0.50733,-0.92665,0.20267,1,10,0,FALLBACK,0.1970,0.100,1.0696,2,none
59.256,-0.58442,-1.34035,0.22994,1,10,0,FALLBACK,0.2702,0.100,1.0721,2,none
59.308,-0.86498,-1.49581,0.25794,1,10,0,FALLBACK,0.5367,0.100,1.0695,2,none
59.356,-1.13115,-1.50320,0.38922,0,10,0,FALLBACK,0.7896,0.100,1.0720,2,none
59.407,-1.36575,-1.45670,0.73575,0,10,0,FALLBACK,1.0000,0.100,1.0703,2,none
59.457,-1.55178,-0.27524,1.23235,0,10,0,FALLBACK,1.0000,0.100,1.0559,2,none
59.507,-1.63543,-1.77088,0.29606,0,10,0,FALLBACK,1.0000,0.100,1.0665,2,none
59.559,-1.68235,-1.73175,0.26370,1,10,0,FALLBACK,1.0000,0.100,1.0603,2,none
59.609,-1.70179,-1.49691,0.26191,1,10,0,FALLBACK,1.0000,0.100,1.0601,2,none
59.658,-1.69088,-1.55547,0.44122,0,10,0,FALLBACK,1.0000,0.100,1.0588,2,none
59.708,-1.64983,-1.35078,0.31748,0,10,0,FALLBACK,1.0000,0.100,1.0577,2,none
59.758,-1.57877,-1.37597,0.19262,1,10,0,FALLBACK,1.0000,0.100,1.0566,2,none
59.807,-1.47821,-0.94948,0.37400,0,10,0,FALLBACK,1.0000,0.100,1.0555,2,none
59.859,-1.34874,-1.03038,0.37265,0,10,0,FALLBACK,0.9963,0.100,1.0544,2,none
59.907,-1.19114,1.12075,0.45584,0,10,0,FALLBACK,0.8466,0.100,1.0534,2,none
59.958,-1.00749,0.42021,0.17381,1,10,0,FALLBACK,0.6721,0.100,1.0544,2,none
60.009,-0.80522,0.82114,0.26461,1,10,0,FALLBACK,0.4800,0.100,1.0570,2,none
60.058,-0.58981,0.99424,0.17787,1,10,0,FALLBACK,0.2753,0.100,1.0601,2,none
60.109,-0.36654,1.09320,0.18820,1,10,0,FALLBACK,0.0632,0.100,1.0631,2,none
60.161,-0.14091,0.82484,0.15911,1,10,0,FALLBACK,-0.1511,0.100,1.0655,2,none
60.210,0.08128,0.86246,0.16101,1,10,0,FALLBACK,-0.3622,0.100,1.0671,2,none
60.261,0.29393,1.41724,0.36757,0,10,0,FALLBACK,-0.5642,0.100,1.0675,2,none
60.309,0.49059,0.76257,0.24786,1,10,0,FALLBACK,-0.7511,0.100,1.0667,2,none
60.359,0.66496,1.66392,0.34502,0,10,0,FALLBACK,-0.9167,0.100,1.0647,2,none
60.411,0.81126,1.67211,0.23233,1,10,0,FALLBACK,-1.0000,0.100,1.0616,2,none
60.460,0.92520,2.01999,0.38631,0,10,0,FALLBACK,-1.0000,0.100,1.0587,2,none
60.508,1.00681,1.10346,0.22365,1,10,0,FALLBACK,-1.0000,0.100,1.0570,2,none
60.561,1.05825,1.18905,0.28018,1,10,0,FALLBACK,-1.0000,0.100,1.0559,2,none
60.612,1.07964,1.38302,0.25830,1,10,0,FALLBACK,-1.0000,0.100,1.0549,2,none
60.660,1.07093,0.83379,0.24508,1,10,0,FALLBACK,-1.0000,0.100,1.0538,2,none
60.709,1.03225,1.00955,0.18930,1,10,0,FALLBACK,-1.0000,0.100,1.0528,2,none
60.759,0.96389,0.72906,0.11284,1,10,0,FALLBACK,-1.0000,0.100,1.0518,2,none
60.811,0.86629,0.80831,0.16334,1,10,0,FALLBACK,-1.0000,0.100,1.0508,2,none
60.861,0.74001,0.86948,0.16087,1,10,0,FALLBACK,-0.9880,0.100,1.0498,2,none
60.911,0.58585,0.20631,0.13103,1,10,0,FALLBACK,-0.8416,0.100,1.0491,2,none
60.960,0.40617,-0.00047,0.07861,1,10,0,FALLBACK,-0.6709,0.100,1.0502,2,none
61.010,0.20688,-0.07167,0.10260,1,10,0,FALLBACK,-0.4815,0.100,1.0512,2,none
61.060,-0.00720,-0.37534,0.12798,1,10,0,FALLBACK,-0.2782,0.100,1.0553,2,none
61.111,-0.22897,-0.65752,0.14720,1,10,0,FALLBACK,-0.0675,0.100,1.0582,2,none
61.161,-0.45461,-0.98100,0.17383,1,10,0,FALLBACK,0.1469,0.100,1.0607,2,none
61.214,-0.67808,-1.04940,0.22154,1,10,0,FALLBACK,0.3592,0.100,1.0624,2,none
61.263,-0.89334,-1.26433,0.13340,1,10,0,FALLBACK,0.5637,0.100,1.0630,2,none
61.312,-1.09402,-1.40690,0.26407,1,10,0,FALLBACK,0.7543,0.100,1.0624,2,none
61.362,-1.27368,-1.59044,0.31109,0,10,0,FALLBACK,0.9250,0.100,1.0604,2,none
61.413,-1.42630,-1.86659,0.28336,1,10,0,FALLBACK,1.0000,0.100,1.0573,2,none
61.465,-1.54685,-1.66354,0.68308,0,10,0,FALLBACK,1.0000,0.100,1.0540,2,none
61.514,-1.63525,-1.83991,0.33069,0,10,0,FALLBACK,1.0000,0.100,1.0521,2,none
61.565,-1.69361,-1.75918,0.27697,1,10,0,FALLBACK,1.0000,0.100,1.0510,2,none
61.613,-1.72218,-1.62867,0.29854,0,10,0,FALLBACK,1.0000,0.100,1.0500,2,none
61.663,-1.72089,-1.51912,0.25782,1,10,0,FALLBACK,1.0000,0.100,1.0490,2,none
61.714,-1.68985,-1.42936,0.28131,1,10,0,FALLBACK,1.0000,0.100,1.0481,2,none
61.763,-1.62926,-1.43954,0.28656,0,10,0,FALLBACK,1.0000,0.100,1.0471,2,none
61.815,-1.53953,-1.23482,0.25411,1,10,0,FALLBACK,1.0000,0.100,1.0462,2,none
61.863,-1.42118,-1.15605,0.23617,1,10,0,FALLBACK,1.0000,0.100,1.0453,2,none
61.912,-1.27488,-0.82557,0.19626,1,10,0,FALLBACK,0.9261,0.100,1.0444,2,none
61.965,-1.10156,-0.68492,0.11334,1,10,0,FALLBACK,0.7615,0.100,1.0443,2,none
62.013,-0.90505,-0.74050,0.14130,1,10,0,FALLBACK,0.5748,0.100,1.0447,2,none
62.066,-0.69072,-0.43321,0.15060,1,10,0,FALLBACK,0.3712,0.100,1.0486,2,none
62.112,-0.46582,-0.11687,0.15450,1,10,0,FALLBACK,0.1575,0.100,1.0513,2,none
62.163,-0.09368,0.27871,0.10098,1,10,0,FALLBACK,-0.1960,0.100,1.0548,2,none
62.214,0.03459,0.52222,0.14180,1,10,0,FALLBACK,-0.3179,0.100,1.0564,2,none
62.265,0.14950,0.53131,0.12705,1,10,0,FALLBACK,-0.4270,0.100,1.0571,2,none
62.314,0.25119,0.71460,0.14099,1,10,0,FALLBACK,-0.5236,0.100,1.0580,2,none
62.349,0.33730,0.71485,0.15881,1,10,0,FALLBACK,-0.6054,0.100,1.0586,2,none
62.398,0.51836,0.61513,0.17107,1,10,0,FALLBACK,-0.7774,0.100,1.0584,2,none
62.449,0.44686,0.52511,0.17654,1,10,0,FALLBACK,-0.7095,0.100,1.0565,2,none
62.499,0.34947,0.05063,0.08260,1,10,0,FALLBACK,-0.6170,0.100,1.0573,2,none
62.549,0.23379,0.12319,0.10415,1,10,0,FALLBACK,-0.5071,0.100,1.0593,2,none
62.602,0.10353,-0.11787,0.10021,1,10,0,FALLBACK,-0.3833,0.100,1.0616,2,none
62.650,0.04928,-0.44810,0.13329,1,10,0,FALLBACK,-0.3318,0.100,1.0642,2,none
62.700,-0.20139,-0.69151,0.11657,1,10,0,FALLBACK,-0.0937,0.100,1.0664,2,none
62.752,-0.45678,-0.83798,0.17952,1,10,0,FALLBACK,0.1489,0.100,1.0685,2,none
62.800,-0.70796,-0.94998,0.17101,1,10,0,FALLBACK,0.3876,0.100,1.0697,2,none
62.851,-0.94791,-1.10633,0.28469,1,10,0,FALLBACK,0.6155,0.100,1.0693,2,none
62.901,-0.97564,-1.31347,0.29399,0,10,0,FALLBACK,0.6419,0.100,1.0674,2,none
62.950,-1.26883,-1.40209,0.22896,1,10,0,FALLBACK,0.9204,0.100,1.0673,2,none
63.001,-1.54193,-1.79531,0.28063,1,10,0,FALLBACK,1.0000,0.100,1.0625,2,none
63.052,-1.78560,-1.99224,0.27704,1,10,0,FALLBACK,1.0000,0.100,1.0594,2,none
63.101,-2.00114,-2.18734,0.28643,0,10,0,FALLBACK,1.0000,0.100,1.0577,2,none
63.151,-2.18964,-2.31760,0.28354,1,10,0,FALLBACK,1.0000,0.100,1.0566,2,none
63.202,-2.35045,-2.48597,0.33292,0,10,0,FALLBACK,1.0000,0.100,1.0555,2,none
63.252,-2.30020,-2.56471,0.35461,0,10,0,FALLBACK,1.0000,0.100,1.0544,2,none
63.302,-2.50877,-2.60820,0.45165,0,10,0,FALLBACK,1.0000,0.100,1.0533,2,none
63.353,-2.69052,-2.72225,0.34794,0,10,0,FALLBACK,1.0000,0.100,1.0523,2,none
63.402,-2.84464,-2.79798,0.35333,0,10,0,FALLBACK,1.0000,0.100,1.0513,2,none
63.454,-2.97040,-2.92692,0.44675,0,10,0,FALLBACK,1.0000,0.100,1.0503,2,none
63.502,-3.06725,-2.84554,0.37086,0,10,0,FALLBACK,1.0000,0.100,1.0493,2,none
63.553,-3.13480,-3.09041,0.33775,0,10,0,FALLBACK,1.0000,0.100,1.0484,2,none
63.604,-2.99747,-3.14448,0.29721,0,10,0,FALLBACK,1.0000,0.100,1.0474,2,none
63.654,-3.11710,-2.97260,0.82170,0,10,0,FALLBACK,1.0000,0.100,1.0465,2,none
63.704,-3.20794,-0.95214,1.49240,0,10,0,FALLBACK,1.0000,0.100,1.0456,2,none
63.755,-3.26960,-2.79968,0.74028,0,10,0,FALLBACK,1.0000,0.100,1.0447,2,none
63.806,-3.30185,-3.37287,0.56358,0,10,0,FALLBACK,1.0000,0.100,1.0438,2,none
63.854,-3.30461,-3.13477,0.41455,0,10,0,FALLBACK,1.0000,0.100,1.0429,2,none
63.904,-3.27792,-3.51999,0.68750,0,10,0,FALLBACK,1.0000,0.100,1.0421,2,none
63.955,-3.05565,-3.46593,0.44216,0,10,0,FALLBACK,1.0000,0.100,1.0413,2,none
64.006,-3.08262,-3.64381,0.64382,0,10,0,FALLBACK,1.0000,0.100,1.0404,2,none
64.054,-3.08028,-3.17225,0.51540,0,10,0,FALLBACK,1.0000,0.100,1.0396,2,none
64.106,-3.04869,-2.87755,0.46730,0,10,0,FALLBACK,1.0000,0.100,1.0388,2,none
64.157,-2.98810,-2.96473,0.36736,0,10,0,FALLBACK,1.0000,0.100,1.0381,2,none
64.208,-2.89885,-2.68773,0.44453,0,10,0,FALLBACK,1.0000,0.100,1.0373,2,none
64.255,-2.52436,-2.88492,0.54792,0,10,0,FALLBACK,1.0000,0.100,1.0366,2,none
64.306,-2.48826,-2.80302,0.45625,0,10,0,FALLBACK,1.0000,0.100,1.0358,2,none
64.357,-2.42336,-2.92588,0.43466,0,10,0,FALLBACK,1.0000,0.100,1.0351,2,none
64.408,-2.33002,-3.01580,0.57949,0,10,0,FALLBACK,1.0000,0.100,1.0344,2,none
64.457,-2.20878,-2.31691,0.54456,0,10,0,FALLBACK,1.0000,0.100,1.0337,2,none
64.507,-2.06028,-2.34841,0.48034,0,10,0,FALLBACK,1.0000,0.100,1.0330,2,none
64.558,-1.88530,-1.87811,0.40005,0,10,0,FALLBACK,1.0000,0.100,1.0324,2,none
64.608,-1.47098,-1.88564,0.32142,0,10,0,FALLBACK,1.0000,0.100,1.0317,2,none
64.658,-1.34619,-1.84779,0.36184,0,10,0,FALLBACK,0.9939,0.100,1.0311,2,none
64.707,-1.19442,-1.48229,0.29835,0,10,0,FALLBACK,0.8497,0.100,1.0305,2,none
64.759,-1.01769,-1.20917,0.25372,1,10,0,FALLBACK,0.6818,0.100,1.0318,2,none
64.809,-0.82298,-0.84034,0.18821,1,10,0,FALLBACK,0.4968,0.100,1.0347,2,none
64.859,-0.61444,-0.34752,0.17725,1,10,0,FALLBACK,0.2987,0.100,1.0376,2,none
64.907,-0.39760,-0.18698,0.14032,1,10,0,FALLBACK,0.0927,0.100,1.0409,2,none
64.958,-0.17832,0.03906,0.16494,1,10,0,FALLBACK,-0.1156,0.100,1.0437,2,none
65.008,0.03836,0.26490,0.17852,1,10,0,FALLBACK,-0.3214,0.100,1.0456,2,none
65.059,0.24674,0.34397,0.23186,1,10,0,FALLBACK,-0.5194,0.100,1.0466,2,none
65.107,0.44090,0.87630,0.18090,1,10,0,FALLBACK,-0.7039,0.100,1.0464,2,none
65.159,0.61487,1.58369,0.21943,1,10,0,FALLBACK,-0.8691,0.100,1.0451,2,none
65.209,0.76315,1.61175,0.19448,1,10,0,FALLBACK,-1.0000,0.100,1.0428,2,none
65.258,0.88113,1.18921,0.20038,1,10,0,FALLBACK,-1.0000,0.100,1.0398,2,none
65.310,0.96669,1.23842,0.35173,0,10,0,FALLBACK,-1.0000,0.100,1.0382,2,none
65.357,1.02307,1.08574,0.30802,0,10,0,FALLBACK,-1.0000,0.100,1.0374,2,none
65.407,1.05049,1.88392,0.38551,0,10,0,FALLBACK,-1.0000,0.100,1.0367,2,none
65.458,1.04884,0.59106,0.24359,1,10,0,FALLBACK,-1.0000,0.100,1.0360,2,none
65.510,1.01820,0.65316,0.27921,1,10,0,FALLBACK,-1.0000,0.100,1.0353,2,none
65.558,0.95877,2.55663,0.52333,0,10,0,FALLBACK,-1.0000,0.100,1.0346,2,none
65.608,0.87092,2.97748,0.58666,0,10,0,FALLBACK,-1.0000,0.100,1.0340,2,none
65.660,0.75511,2.90862,0.64926,0,10,0,FALLBACK,-1.0000,0.100,1.0333,2,none
65.711,0.61195,2.37958,0.54940,0,10,0,FALLBACK,-0.8663,0.100,1.0326,2,none
65.760,0.44319,1.51196,0.35073,0,10,0,FALLBACK,-0.7060,0.100,1.0337,2,none
65.808,0.25444,1.16680,0.27449,1,10,0,FALLBACK,-0.5267,0.100,1.0348,2,none
65.861,0.05031,0.01324,0.12071,1,10,0,FALLBACK,-0.3328,0.100,1.0389,2,none
65.909,-0.16157,-0.15140,0.11707,1,10,0,FALLBACK,-0.1315,0.100,1.0421,2,none
65.962,-0.37718,-0.30169,0.15178,1,10,0,FALLBACK,0.0733,0.100,1.0448,2,none
66.009,-0.59127,-0.37995,0.15601,1,10,0,FALLBACK,0.2767,0.100,1.0468,2,none
66.058,-0.79827,-0.87507,0.24731,1,10,0,FALLBACK,0.4734,0.100,1.0478,2,none
66.110,-0.99231,-1.26349,0.36425,0,10,0,FALLBACK,0.6577,0.100,1.0478,2,none
66.160,-1.16748,-1.22239,0.45968,0,10,0,FALLBACK,0.8241,0.100,1.0466,2,none
66.212,-1.31987,-0.83224,0.92936,0,10,0,FALLBACK,0.9689,0.100,1.0469,2,none
66.261,-1.44478,-0.77366,0.79172,0,10,0,FALLBACK,1.0000,0.100,1.0418,2,none
66.312,-1.53597,-1.34814,0.46243,0,10,0,FALLBACK,1.0000,0.100,1.0396,2,none
66.362,-1.59701,-0.23130,1.06083,0,10,0,FALLBACK,1.0000,0.100,1.0386,2,none
66.410,-1.62893,-0.99412,0.84899,0,10,0,FALLBACK,1.0000,0.100,1.0378,2,none
66.462,-1.63169,-0.40064,1.25309,0,10,0,FALLBACK,1.0000,0.100,1.0370,2,none
66.512,-1.60535,-1.22815,0.59074,0,10,0,FALLBACK,1.0000,0.100,1.0363,2,none
66.564,-1.55009,2.13084,0.38727,0,10,0,FALLBACK,1.0000,0.100,1.0356,2,none
66.610,-1.46625,0.34822,0.99988,0,10,0,FALLBACK,1.0000,0.100,1.0348,2,none
66.661,-1.35430,2.52089,0.37370,0,10,0,FALLBACK,1.0000,0.100,1.0341,2,none
66.713,-1.21483,1.27600,0.79886,0,10,0,FALLBACK,0.8691,0.100,1.0335,2,none
66.762,-1.04884,2.78791,0.85376,0,10,0,FALLBACK,0.7114,0.100,1.0339,2,none
66.811,-0.86239,0.70822,0.47229,0,10,0,FALLBACK,0.5343,0.100,1.0353,2,none
66.864,-0.65967,2.26245,0.42008,0,10,0,FALLBACK,0.3417,0.100,1.0393,2,none
66.913,-0.44724,3.51362,0.54371,0,10,0,FALLBACK,0.1399,0.100,1.0420,2,none
66.962,-0.22819,4.32122,0.94582,0,10,0,FALLBACK,-0.0682,0.100,1.0455,2,none
67.015,-0.00979,2.98607,0.56496,0,10,0,FALLBACK,-0.2757,0.100,1.0480,2,none
67.061,0.20440,3.56108,0.53648,0,10,0,FALLBACK,-0.4792,0.100,1.0492,2,none
67.112,0.40590,3.88119,0.46558,0,10,0,FALLBACK,-0.6706,0.100,1.0494,2,none
67.164,0.58947,3.14506,0.49589,0,10,0,FALLBACK,-0.8450,0.100,1.0484,2,none
67.214,0.74965,1.90031,0.40005,0,10,0,FALLBACK,-0.9972,0.100,1.0480,2,none
67.262,0.88234,1.46607,0.33924,0,10,0,FALLBACK,-1.0000,0.100,1.0435,2,none
67.314,0.98080,1.83593,0.27661,1,10,0,FALLBACK,-1.0000,0.100,1.0409,2,none
67.364,1.04950,1.00378,0.21007,1,10,0,FALLBACK,-1.0000,0.100,1.0400,2,none
67.414,1.08917,1.82895,0.38430,0,10,0,FALLBACK,-1.0000,0.100,1.0392,2,none
67.464,1.09966,1.76364,0.34354,0,10,0,FALLBACK,-1.0000,0.100,1.0385,2,none
67.514,1.08098,1.70643,0.40526,0,10,0,FALLBACK,-1.0000,0.100,1.0377,2,none
67.564,1.05889,1.43694,0.34927,0,10,0,FALLBACK,-1.0000,0.100,1.0370,2,none
67.613,0.91304,1.57391,0.40677,0,10,0,FALLBACK,-1.0000,0.100,1.0363,2,none
67.665,0.74050,1.43169,0.54966,0,10,0,FALLBACK,-0.9885,0.100,1.0356,2,none
67.712,0.54218,1.75024,0.40782,0,10,0,FALLBACK,-0.8001,0.100,1.0350,2,none
67.764,0.41579,0.36413,0.57183,0,10,0,FALLBACK,-0.6800,0.100,1.0361,2,none
67.813,0.12178,-0.60072,0.42543,0,10,0,FALLBACK,-0.4007,0.100,1.0381,2,none
67.864,-0.18473,-0.23918,0.18268,1,10,0,FALLBACK,-0.1095,0.100,1.0417,2,none
67.915,-0.49537,-0.66936,0.17369,1,10,0,FALLBACK,0.1856,0.100,1.0448,2,none
67.963,-0.80388,-1.28332,0.43607,0,10,0,FALLBACK,0.4787,0.100,1.0464,2,none
68.014,-1.10347,0.66948,1.44411,0,10,0,FALLBACK,0.7633,0.100,1.0460,2,none
68.064,-1.38645,0.31591,1.72681,0,10,0,FALLBACK,1.0000,0.100,1.0433,2,none
68.115,-1.54037,-1.83891,0.77140,0,10,0,FALLBACK,1.0000,0.100,1.0386,2,none
68.149,-1.82421,-2.52858,0.25867,1,10,0,FALLBACK,1.0000,0.100,1.0351,2,none
68.198,-2.08482,-2.33879,0.27834,1,10,0,FALLBACK,1.0000,0.100,1.0343,2,none
68.249,-2.32219,-2.72965,0.36827,0,10,0,FALLBACK,1.0000,0.100,1.0336,2,none
68.300,-2.53518,-3.15188,0.64086,0,10,0,FALLBACK,1.0000,0.100,1.0329,2,none
68.349,-2.72278,-2.37009,0.60690,0,10,0,FALLBACK,1.0000,0.100,1.0323,2,none
68.401,-2.88411,-0.08165,1.27871,0,10,0,FALLBACK,1.0000,0.100,1.0316,2,none
68.450,-2.92260,1.11281,1.68218,0,10,0,FALLBACK,1.0000,0.100,1.0310,2,none
68.498,-3.09671,-2.88495,0.75834,0,10,0,FALLBACK,1.0000,0.100,1.0303,2,none
68.549,-3.24428,-3.18870,0.45570,0,10,0,FALLBACK,1.0000,0.100,1.0297,2,none
68.599,-3.36460,-3.31681,0.49375,0,10,0,FALLBACK,1.0000,0.100,1.0291,2,none
68.651,-3.45717,-2.64781,1.00706,0,10,0,FALLBACK,1.0000,0.100,1.0285,2,none
68.702,-3.52157,-0.53651,1.94647,0,10,0,FALLBACK,1.0000,0.100,1.0279,2,none
68.748,-3.42633,3.42857,0.55490,0,10,0,FALLBACK,1.0000,0.100,1.0273,2,none
68.800,-3.50481,3.78487,0.64533,0,10,0,FALLBACK,1.0000,0.100,1.0268,2,none
68.852,-3.55505,0.49127,1.65314,0,10,0,FALLBACK,1.0000,0.100,1.0262,2,none
68.900,-3.57686,1.01928,2.71595,0,10,0,FALLBACK,1.0000,0.100,1.0256,2,none
68.953,-3.57016,-1.92252,1.95589,0,10,0,FALLBACK,1.0000,0.100,1.0251,2,none
69.001,-3.53506,-3.61509,1.75916,0,10,0,FALLBACK,1.0000,0.100,1.0246,2,none
69.053,-3.47175,-5.02470,0.75007,0,10,0,FALLBACK,1.0000,0.100,1.0241,2,none
69.102,-3.29134,0.55333,2.59061,0,10,0,FALLBACK,1.0000,0.100,1.0235,2,none
69.151,-3.24248,-3.15058,1.03455,0,10,0,FALLBACK,1.0000,0.100,1.0230,2,none
69.201,-3.16566,-3.36551,0.67410,0,10,0,FALLBACK,1.0000,0.100,1.0225,2,none
69.252,-3.06124,-3.05893,0.37799,0,10,0,FALLBACK,1.0000,0.100,1.0221,2,none
69.302,-2.92981,-1.32610,0.79948,0,10,0,FALLBACK,1.0000,0.100,1.0216,2,none
69.352,-2.77201,-1.98456,0.29904,0,10,0,FALLBACK,1.0000,0.100,1.0211,2,none
69.402,-2.46685,-2.50871,0.30743,0,10,0,FALLBACK,1.0000,0.100,1.0207,2,none
69.452,-2.32280,-3.13948,0.58874,0,10,0,FALLBACK,1.0000,0.100,1.0202,2,none
69.502,-2.15282,-2.94529,0.51136,0,10,0,FALLBACK,1.0000,0.100,1.0198,2,none
69.551,-1.95774,-2.15480,0.50174,0,10,0,FALLBACK,1.0000,0.100,1.0193,2,none
69.602,-1.73852,-2.19517,0.40271,0,10,0,FALLBACK,1.0000,0.100,1.0189,2,none
69.652,-1.49625,-1.90103,0.34238,0,10,0,FALLBACK,1.0000,0.100,1.0185,2,none
69.703,-1.23210,-1.17301,0.33004,0,10,0,FALLBACK,0.8855,0.100,1.0181,2,none
69.752,-0.94794,-0.61921,0.34578,0,10,0,FALLBACK,0.6155,0.100,1.0192,2,none
69.803,-0.64913,-0.30309,0.31574,0,10,0,FALLBACK,0.3317,0.100,1.0223,2,none
69.854,-0.34325,0.31468,0.43871,0,10,0,FALLBACK,0.0411,0.100,1.0261,2,none
69.906,-0.03485,0.26136,0.19096,1,10,0,FALLBACK,-0.2519,0.100,1.0294,2,none
69.953,0.26895,0.69826,0.80464,0,10,0,FALLBACK,-0.5405,0.100,1.0300,2,none
70.003,0.56070,0.87720,0.13704,1,10,0,FALLBACK,-0.8177,0.100,1.0291,2,none
70.053,0.83491,1.61747,0.23917,1,10,0,FALLBACK,-1.0000,0.100,1.0276,2,none
70.102,1.08292,2.38206,0.38982,0,10,0,FALLBACK,-1.0000,0.100,1.0226,2,none
70.152,1.30168,2.49395,0.30582,0,10,0,FALLBACK,-1.0000,0.100,1.0211,2,none
70.206,1.49557,2.89296,0.45987,0,10,0,FALLBACK,-1.0000,0.100,1.0206,2,none
70.254,1.66420,2.23002,0.33323,0,10,0,FALLBACK,-1.0000,0.100,1.0202,2,none
70.305,1.80675,2.31193,0.26527,1,10,0,FALLBACK,-1.0000,0.100,1.0198,2,none
70.352,1.92258,2.12871,0.29201,0,10,0,FALLBACK,-1.0000,0.100,1.0193,2,none
70.404,1.97958,1.90603,0.21178,1,10,0,FALLBACK,-1.0000,0.100,1.0189,2,none
70.455,2.07535,1.47559,0.25127,1,10,0,FALLBACK,-1.0000,0.100,1.0185,2,none
70.503,2.14426,1.87581,0.20848,1,10,0,FALLBACK,-1.0000,0.100,1.0285,2,none
70.554,2.19011,1.74972,0.29052,0,10,0,FALLBACK,-1.0000,0.100,1.0223,2,none
70.602,2.19201,1.36545,0.27265,1,10,0,FALLBACK,-1.0000,0.100,1.0211,2,none
70.654,2.12907,0.96869,0.33164,0,10,0,FALLBACK,-1.0000,0.100,1.0202,2,none
70.706,2.11956,0.74106,0.15047,1,10,0,FALLBACK,-1.0000,0.100,1.0197,2,none
70.753,2.08233,1.18198,0.18156,1,10,0,FALLBACK,-1.0000,0.100,1.0194,2,none
70.804,2.01716,1.40351,0.27409,1,10,0,FALLBACK,-1.0000,0.100,1.0189,2,none
70.853,1.92448,1.18226,0.25688,1,10,0,FALLBACK,-1.0000,0.100,1.0185,2,none
70.904,1.80474,1.19206,0.19476,1,10,0,FALLBACK,-1.0000,0.100,1.0182,2,none
70.955,1.63101,0.99891,0.20331,1,10,0,FALLBACK,-1.0000,0.100,1.0178,2,none
71.004,1.49185,1.20861,0.32056,0,10,0,FALLBACK,-1.0000,0.100,1.0174,2,none
71.056,1.32678,1.34871,0.30357,0,10,0,FALLBACK,-1.0000,0.100,1.0170,2,none
71.106,1.13663,1.18724,0.24178,1,10,0,FALLBACK,-1.0000,0.100,1.0167,2,none
71.155,0.92232,1.78431,0.40581,0,10,0,FALLBACK,-1.0000,0.100,1.0163,2,none
71.206,0.62974,1.33986,0.36084,0,10,0,FALLBACK,-0.8833,0.100,1.0159,2,none
71.255,0.39848,1.40853,0.34445,0,10,0,FALLBACK,-0.6636,0.100,1.0156,2,none
71.305,0.14946,0.20123,0.22254,1,10,0,FALLBACK,-0.4270,0.100,1.0196,2,none
71.354,-0.10866,-0.74508,0.14236,1,10,0,FALLBACK,-0.1818,0.100,1.0233,2,none
71.407,-0.37105,-0.97016,0.15816,1,10,0,FALLBACK,0.0675,0.100,1.0265,2,none
71.454,-0.63386,-1.05402,0.19059,1,10,0,FALLBACK,0.3172,0.100,1.0293,2,none
71.504,-0.89132,-1.26884,0.28788,0,10,0,FALLBACK,0.5618,0.100,1.0292,2,none
71.556,-1.16424,-1.43339,0.35501,0,10,0,FALLBACK,0.8210,0.100,1.0284,2,none
71.605,-1.35660,-1.52835,0.70164,0,10,0,FALLBACK,1.0000,0.100,1.0292,2,none
71.656,-1.52335,-1.67028,0.44206,0,10,0,FALLBACK,1.0000,0.100,1.0253,2,none
71.704,-1.65777,-1.74013,0.49108,0,10,0,FALLBACK,1.0000,0.100,1.0210,2,none
71.756,-1.76294,-1.99958,0.34639,0,10,0,FALLBACK,1.0000,0.100,1.0204,2,none
71.806,-1.86732,-2.21141,0.32526,0,10,0,FALLBACK,1.0000,0.100,1.0199,2,none
71.854,-1.88175,-2.15501,0.32199,0,10,0,FALLBACK,1.0000,0.100,1.0195,2,none
71.904,-1.86803,-2.40715,0.46759,0,10,0,FALLBACK,1.0000,0.100,1.0191,2,none
71.957,-1.82626,-2.33994,0.42121,0,10,0,FALLBACK,1.0000,0.100,1.0186,2,none
72.007,-1.75666,-2.51557,0.31384,0,10,0,FALLBACK,1.0000,0.100,1.0182,2,none
72.057,-1.67177,-1.56821,0.94670,0,10,0,FALLBACK,1.0000,0.100,1.0178,2,none
72.108,-1.51453,-1.62655,0.60471,0,10,0,FALLBACK,1.0000,0.100,1.0174,2,none
72.156,-1.33190,-1.02061,0.61667,0,10,0,FALLBACK,0.9803,0.100,1.0170,2,none
72.208,-1.12477,0.59032,0.86840,0,10,0,FALLBACK,0.7835,0.100,1.0166,2,none
72.258,-0.94783,0.51042,0.68246,0,10,0,FALLBACK,0.6154,0.100,1.0183,2,none
72.308,-0.67659,0.23745,0.66443,0,10,0,FALLBACK,0.3578,0.100,1.0220,2,none
72.359,-0.39665,0.48906,0.61027,0,10,0,FALLBACK,0.0918,0.100,1.0254,2,none
72.409,-0.11258,0.24978,0.18605,1,10,0,FALLBACK,-0.1780,0.100,1.0286,2,none
72.460,0.17179,0.35620,0.21745,1,10,0,FALLBACK,-0.4482,0.100,1.0313,2,none
72.509,0.44826,0.26389,0.19494,1,10,0,FALLBACK,-0.7108,0.100,1.0311,2,none
72.559,0.70611,0.69608,0.50718,0,10,0,FALLBACK,-0.9558,0.100,1.0279,2,none
72.610,0.90012,1.90563,0.41142,0,10,0,FALLBACK,-1.0000,0.100,1.0240,2,none
72.659,1.13305,3.04138,0.60320,0,10,0,FALLBACK,-1.0000,0.100,1.0226,2,none
72.711,1.34077,2.41798,0.42685,0,10,0,FALLBACK,-1.0000,0.100,1.0213,2,none
72.760,1.52316,1.80826,0.43773,0,10,0,FALLBACK,-1.0000,0.100,1.0208,2,none
72.811,1.67985,1.96806,0.29827,0,10,0,FALLBACK,-1.0000,0.100,1.0203,2,none
72.860,1.81013,1.82394,0.28460,1,10,0,FALLBACK,-1.0000,0.100,1.0199,2,none
72.912,1.88212,2.03011,0.35949,0,10,0,FALLBACK,-1.0000,0.100,1.0195,2,none
72.961,1.99250,1.71781,0.24562,1,10,0,FALLBACK,-1.0000,0.100,1.0191,2,none
73.011,2.07556,1.25535,0.30998,0,10,0,FALLBACK,-1.0000,0.100,1.0187,2,none
73.062,2.13093,0.79915,0.67998,0,10,0,FALLBACK,-1.0000,0.100,1.0183,2,none
73.110,2.15840,1.18960,0.39731,0,10,0,FALLBACK,-1.0000,0.100,1.0179,2,none
73.162,2.11154,2.05349,0.56685,0,10,0,FALLBACK,-1.0000,0.100,1.0175,2,none
73.210,2.11840,1.86706,0.53295,0,10,0,FALLBACK,-1.0000,0.100,1.0172,2,none
73.261,2.09730,2.99168,0.42729,0,10,0,FALLBACK,-1.0000,0.100,1.0168,2,none
73.312,2.04835,2.31978,0.28939,0,10,0,FALLBACK,-1.0000,0.100,1.0164,2,none
73.363,1.97183,2.80380,0.47292,0,10,0,FALLBACK,-1.0000,0.100,1.0161,2,none
73.412,1.86810,1.59885,0.22601,1,10,0,FALLBACK,-1.0000,0.100,1.0157,2,none
73.462,1.71063,2.21972,0.33386,0,10,0,FALLBACK,-1.0000,0.100,1.0154,2,none
73.513,1.58738,1.96313,0.33055,0,10,0,FALLBACK,-1.0000,0.100,1.0151,2,none
73.561,1.43793,2.42606,0.47201,0,10,0,FALLBACK,-1.0000,0.100,1.0147,2,none
73.613,1.26301,1.64927,0.42404,0,10,0,FALLBACK,-1.0000,0.100,1.0144,2,none
73.662,1.06347,0.79808,0.44133,0,10,0,FALLBACK,-1.0000,0.100,1.0141,2,none
73.714,0.78762,1.25793,0.28366,1,10,0,FALLBACK,-1.0000,0.100,1.0138,2,none
73.762,0.57081,2.38876,0.57635,0,10,0,FALLBACK,-0.8273,0.100,1.0135,2,none
73.813,0.33113,1.98380,0.60467,0,10,0,FALLBACK,-0.5996,0.100,1.0132,2,none
73.863,0.07469,0.18703,0.26392,1,10,0,FALLBACK,-0.3560,0.100,1.0176,2,none
73.911,-0.19051,0.19600,0.79998,0,10,0,FALLBACK,-0.1040,0.100,1.0206,2,none
73.961,-0.46100,-0.94126,0.13929,1,10,0,FALLBACK,0.1530,0.100,1.0244,2,none
74.012,-0.72897,-1.43245,0.26241,1,10,0,FALLBACK,0.4075,0.100,1.0269,2,none
74.063,-1.02269,-1.86294,0.30550,0,10,0,FALLBACK,0.6866,0.100,1.0269,2,none
74.114,-1.23915,-1.94668,0.33565,0,10,0,FALLBACK,0.8922,0.100,1.0275,2,none
74.163,-1.43378,-1.97331,0.35116,0,10,0,FALLBACK,1.0000,0.100,1.0246,2,none
74.214,-1.59952,-2.19012,0.36713,0,10,0,FALLBACK,1.0000,0.100,1.0209,2,none
74.262,-1.73485,-2.19904,0.29671,0,10,0,FALLBACK,1.0000,0.100,1.0182,2,none
74.314,-1.87572,-2.03504,0.35227,0,10,0,FALLBACK,1.0000,0.100,1.0176,2,none
74.366,-1.92055,-1.86812,0.23487,1,10,0,FALLBACK,1.0000,0.100,1.0172,2,none
74.412,-1.93744,-2.02827,0.31735,0,10,0,FALLBACK,1.0000,0.100,1.0168,2,none
74.462,-1.92631,-1.61448,0.32591,0,10,0,FALLBACK,1.0000,0.100,1.0165,2,none
74.512,-1.88725,-2.00965,0.37144,0,10,0,FALLBACK,1.0000,0.100,1.0161,2,none
74.563,-1.82050,-1.79235,0.30296,0,10,0,FALLBACK,1.0000,0.100,1.0157,2,none
74.614,-1.72638,-1.79957,0.31564,0,10,0,FALLBACK,1.0000,0.100,1.0153,2,none
74.663,-1.60538,-1.56177,0.25985,1,10,0,FALLBACK,1.0000,0.100,1.0150,2,none
74.714,-1.45810,-1.25337,0.21617,1,10,0,FALLBACK,1.0000,0.100,1.0146,2,none
74.746,-1.28526,-1.04784,0.16872,1,10,0,FALLBACK,0.9360,0.100,1.0143,2,none
74.798,-1.08857,-0.89075,0.22241,1,10,0,FALLBACK,0.7491,0.100,1.0151,2,none
74.849,-0.87298,-0.42171,0.19909,1,10,0,FALLBACK,0.5443,0.100,1.0181,2,none
74.898,-0.64532,-0.46608,0.16985,1,10,0,FALLBACK,0.3281,0.100,1.0218,2,none
74.947,-0.40831,-0.38831,0.16415,1,10,0,FALLBACK,0.1029,0.100,1.0248,2,none
75.000,-0.16943,-0.06514,0.09479,1,10,0,FALLBACK,-0.1240,0.100,1.0279,2,none
75.050,0.06765,0.16290,0.10836,1,10,0,FALLBACK,-0.3493,0.100,1.0301,2,none
75.097,0.29495,0.68895,0.14569,1,10,0,FALLBACK,-0.5652,0.100,1.0304,2,none
75.148,0.50866,0.67718,0.16783,1,10,0,FALLBACK,-0.7682,0.100,1.0308,2,none
75.199,0.70012,0.96726,0.24916,1,10,0,FALLBACK,-0.9501,0.100,1.0279,2,none
75.250,0.86283,0.97976,0.27245,1,10,0,FALLBACK,-1.0000,0.100,1.0246,2,none
75.300,0.99562,1.31684,0.35804,0,10,0,FALLBACK,-1.0000,0.100,1.0232,2,none
75.348,1.09982,1.42857,0.56622,0,10,0,FALLBACK,-1.0000,0.100,1.0222,2,none
75.400,1.17612,2.05743,0.34617,0,10,0,FALLBACK,-1.0000,0.100,1.0218,2,none
75.448,1.22449,1.82604,0.57092,0,10,0,FALLBACK,-1.0000,0.100,1.0213,2,none
75.499,1.24474,1.64537,0.38844,0,10,0,FALLBACK,-1.0000,0.100,1.0209,2,none
75.549,1.23681,1.83833,0.47980,0,10,0,FALLBACK,-1.0000,0.100,1.0204,2,none
75.598,1.20075,1.12690,0.50725,0,10,0,FALLBACK,-1.0000,0.100,1.0200,2,none
75.650,1.13679,1.62664,0.63974,0,10,0,FALLBACK,-1.0000,0.100,1.0196,2,none
75.698,1.04527,0.95941,0.38383,0,10,0,FALLBACK,-1.0000,0.100,1.0192,2,none
75.749,0.92665,0.72373,0.41696,0,10,0,FALLBACK,-1.0000,0.100,1.0188,2,none
75.800,0.78151,0.93837,0.41714,0,10,0,FALLBACK,-1.0000,0.100,1.0184,2,none
75.848,0.72992,1.27395,0.53345,0,10,0,FALLBACK,-0.9784,0.100,1.0180,2,none
75.899,0.44882,0.66483,0.49183,0,10,0,FALLBACK,-0.7114,0.100,1.0180,2,none
75.950,0.15149,-0.33832,0.25410,1,10,0,FALLBACK,-0.4289,0.100,1.0214,2,none
76.002,-0.15350,-1.15340,0.40761,0,10,0,FALLBACK,-0.1392,0.100,1.0253,2,none
76.050,-0.46038,-0.89587,0.34623,0,10,0,FALLBACK,0.1524,0.100,1.0283,2,none
76.100,-0.76322,-0.87758,0.43598,0,10,0,FALLBACK,0.4401,0.100,1.0296,2,none
76.151,-0.84375,-0.70869,0.34813,0,10,0,FALLBACK,0.5166,0.100,1.0290,2,none
76.201,-1.19036,0.02016,0.11086,1,10,0,FALLBACK,0.8458,0.100,1.0295,2,none
76.250,-1.52337,-0.53602,0.45416,0,10,0,FALLBACK,1.0000,0.100,1.0253,2,none
76.300,-1.83320,-1.24369,0.93182,0,10,0,FALLBACK,1.0000,0.100,1.0214,2,none
76.350,-2.12020,-3.17375,0.49683,0,10,0,FALLBACK,1.0000,0.100,1.0203,2,none
76.400,-2.38624,-3.01291,0.39364,0,10,0,FALLBACK,1.0000,0.100,1.0198,2,none
76.452,-2.63026,-3.31616,0.53384,0,10,0,FALLBACK,1.0000,0.100,1.0194,2,none
76.502,-2.85107,-3.18172,0.55775,0,10,0,FALLBACK,1.0000,0.100,1.0190,2,none
76.549,-2.79382,-2.87269,0.53572,0,10,0,FALLBACK,1.0000,0.100,1.0185,2,none
76.602,-3.05484,1.14997,1.52752,0,10,0,FALLBACK,1.0000,0.100,1.0181,2,none
76.650,-3.29360,2.12845,1.28657,0,10,0,FALLBACK,1.0000,0.100,1.0177,2,none
76.702,-3.50902,3.80375,0.83625,0,10,0,FALLBACK,1.0000,0.100,1.0173,2,none
76.752,-3.70010,-3.89013,0.92807,0,10,0,FALLBACK,1.0000,0.100,1.0169,2,none
76.804,-3.86596,-4.41442,0.72672,0,10,0,FALLBACK,1.0000,0.100,1.0165,2,none
76.852,-4.00585,-4.57414,0.59516,0,10,0,FALLBACK,1.0000,0.100,1.0162,2,none
76.902,-4.11911,-4.02213,0.90318,0,10,0,FALLBACK,1.0000,0.100,1.0158,2,none
76.953,-3.94061,-3.61461,1.24660,0,10,0,FALLBACK,1.0000,0.100,1.0154,2,none
77.002,-4.10103,-4.62783,0.91364,0,10,0,FALLBACK,1.0000,0.100,1.0151,2,none
77.054,-4.23540,-4.97314,0.67992,0,10,0,FALLBACK,1.0000,0.100,1.0147,2,none
77.103,-4.34311,-5.07047,0.79902,0,10,0,FALLBACK,1.0000,0.100,1.0144,2,none
77.154,-4.42370,-4.27370,0.70445,0,10,0,FALLBACK,1.0000,0.100,1.0140,2,none
77.203,-4.47677,-3.18213,0.57614,0,10,0,FALLBACK,1.0000,0.100,1.0137,2,none
77.253,-4.50214,-3.84448,0.66843,0,10,0,FALLBACK,1.0000,0.100,1.0134,2,none
77.306,-4.49970,-4.12195,0.85329,0,10,0,FALLBACK,1.0000,0.100,1.0130,2,none
77.354,-4.21698,-3.86081,0.50111,0,10,0,FALLBACK,1.0000,0.100,1.0127,2,none
77.403,-4.26467,-4.04075,0.70186,0,10,0,FALLBACK,1.0000,0.100,1.0124,2,none
77.452,-4.28469,-3.94529,0.65093,0,10,0,FALLBACK,1.0000,0.100,1.0121,2,none
77.504,-4.27696,-3.94959,0.68280,0,10,0,FALLBACK,1.0000,0.100,1.0118,2,none
77.552,-4.24153,-3.87651,0.58782,0,10,0,FALLBACK,1.0000,0.100,1.0115,2,none
77.606,-4.17862,-4.08830,0.65262,0,10,0,FALLBACK,1.0000,0.100,1.0112,2,none
77.654,-4.08854,-4.15614,0.78717,0,10,0,FALLBACK,1.0000,0.100,1.0109,2,none
77.704,-3.97173,-3.98829,0.67435,0,10,0,FALLBACK,1.0000,0.100,1.0106,2,none
77.754,-3.60407,-3.54593,0.66165,0,10,0,FALLBACK,1.0000,0.100,1.0104,2,none
77.803,-3.53621,-3.44283,0.58968,0,10,0,FALLBACK,1.0000,0.100,1.0101,2,none
77.856,-3.44130,-3.19563,0.56355,0,10,0,FALLBACK,1.0000,0.100,1.0098,2,none
77.905,-3.31982,-3.04525,0.55819,0,10,0,FALLBACK,1.0000,0.100,1.0096,2,none
77.955,-3.17234,-2.37273,0.37151,0,10,0,FALLBACK,1.0000,0.100,1.0093,2,none
78.006,-2.99959,-2.29732,0.41092,0,10,0,FALLBACK,1.0000,0.100,1.0090,2,none
78.055,-2.80238,-2.07511,0.38881,0,10,0,FALLBACK,1.0000,0.100,1.0088,2,none
78.107,-2.58166,-2.56409,0.42899,0,10,0,FALLBACK,1.0000,0.100,1.0086,2,none
78.157,-2.14973,-2.53782,0.65073,0,10,0,FALLBACK,1.0000,0.100,1.0083,2,none
78.206,-1.97277,-1.91295,0.38585,0,10,0,FALLBACK,1.0000,0.100,1.0081,2,none
78.255,-1.77157,-1.91636,0.31670,0,10,0,FALLBACK,1.0000,0.100,1.0078,2,none
78.308,-1.54706,-1.18728,0.17584,1,10,0,FALLBACK,1.0000,0.100,1.0076,2,none
78.357,-1.30033,-1.02451,0.26231,1,10,0,FALLBACK,0.9503,0.100,1.0074,2,none
78.408,-1.03279,-0.90386,0.26917,1,10,0,FALLBACK,0.6962,0.100,1.0079,2,none
78.457,-0.74821,-0.49115,0.18848,1,10,0,FALLBACK,0.4258,0.100,1.0106,2,none
78.506,-0.45472,-0.22947,0.29415,0,10,0,FALLBACK,0.1470,0.100,1.0146,2,none
78.557,-0.02109,0.34622,0.20275,1,10,0,FALLBACK,-0.2650,0.100,1.0180,2,none
78.610,0.18882,0.82195,0.17668,1,10,0,FALLBACK,-0.4644,0.100,1.0182,2,none
78.658,0.38405,1.38229,0.25096,1,10,0,FALLBACK,-0.6498,0.100,1.0207,2,none
78.708,0.56299,1.40341,0.21788,1,10,0,FALLBACK,-0.8198,0.100,1.0186,2,none
78.757,0.71866,1.18099,0.24671,1,10,0,FALLBACK,-0.9677,0.100,1.0179,2,none
78.808,0.84680,1.20261,0.22036,1,10,0,FALLBACK,-1.0000,0.100,1.0147,2,none
78.858,0.99027,1.29075,0.20082,1,10,0,FALLBACK,-1.0000,0.100,1.0133,2,none
78.907,0.95332,0.92391,0.21411,1,10,0,FALLBACK,-1.0000,0.100,1.0128,2,none
78.959,0.88880,1.03578,0.18282,1,10,0,FALLBACK,-1.0000,0.100,1.0125,2,none
79.008,0.79710,0.90278,0.18523,1,10,0,FALLBACK,-1.0000,0.100,1.0122,2,none
79.058,0.67868,0.57366,0.21728,1,10,0,FALLBACK,-0.9297,0.100,1.0119,2,none
79.109,0.53463,0.53974,0.19576,1,10,0,FALLBACK,-0.7929,0.100,1.0126,2,none
79.158,0.36820,-0.03508,0.08492,1,10,0,FALLBACK,-0.6348,0.100,1.0132,2,none
79.209,0.18429,-0.17910,0.15146,1,10,0,FALLBACK,-0.4601,0.100,1.0173,2,none
79.260,-0.01023,-0.42372,0.18321,1,10,0,FALLBACK,-0.2753,0.100,1.0207,2,none
79.310,-0.21177,-0.87833,0.87923,0,10,0,FALLBACK,-0.0838,0.100,1.0239,2,none
79.359,-0.41567,-0.86506,0.48513,0,10,0,FALLBACK,0.1099,0.100,1.0266,2,none
79.409,-0.61695,-2.05289,0.80382,0,10,0,FALLBACK,0.3011,0.100,1.0286,2,none
79.460,-0.81040,-3.43948,0.57994,0,10,0,FALLBACK,0.4849,0.100,1.0298,2,none
79.509,-0.99222,-4.53749,0.75530,0,10,0,FALLBACK,0.6576,0.100,1.0316,2,none
79.560,-1.15725,-4.30783,0.76984,0,10,0,FALLBACK,0.8144,0.100,1.0294,2,none
79.610,-1.29727,-4.67824,0.85476,0,10,0,FALLBACK,0.9474,0.100,1.0277,2,none
79.660,-1.40933,-4.69789,1.01257,0,10,0,FALLBACK,1.0000,0.100,1.0253,2,none
79.710,-1.49063,-6.17873,1.01208,0,10,0,FALLBACK,1.0000,0.100,1.0235,2,none
79.759,-1.54210,-5.19098,1.12739,0,10,0,FALLBACK,1.0000,0.100,1.0226,2,none
79.810,-1.56519,-4.13834,0.75063,0,10,0,FALLBACK,1.0000,0.100,1.0221,2,none
79.860,-1.56000,-2.80519,0.60715,0,10,0,FALLBACK,1.0000,0.100,1.0216,2,none
79.912,-1.52658,-2.22684,0.49075,0,10,0,FALLBACK,1.0000,0.100,1.0212,2,none
79.962,-1.46513,-2.19104,0.27736,1,10,0,FALLBACK,1.0000,0.100,1.0207,2,none
80.010,-1.37597,-1.32897,0.25764,1,10,0,FALLBACK,1.0000,0.100,1.0203,2,none
80.060,-1.25958,-0.85410,0.30282,0,10,0,FALLBACK,0.9116,0.100,1.0198,2,none
80.109,-1.11722,-0.67279,0.11175,1,10,0,FALLBACK,0.7764,0.100,1.0206,2,none
80.163,-0.95282,-0.91428,0.21216,1,10,0,FALLBACK,0.6202,0.100,1.0213,2,none
80.210,-0.77094,-1.16344,0.30042,0,10,0,FALLBACK,0.4474,0.100,1.0254,2,none
80.260,-0.57750,-0.93500,0.24512,1,10,0,FALLBACK,0.2636,0.100,1.0285,2,none
80.311,-0.37577,-0.34692,0.18191,1,10,0,FALLBACK,0.0720,0.100,1.0317,2,none
80.361,-0.17081,-0.12275,0.11992,1,10,0,FALLBACK,-0.1227,0.100,1.0346,2,none
80.412,0.03231,-0.24893,0.20773,1,10,0,FALLBACK,-0.3157,0.100,1.0368,2,none
80.463,0.22830,0.23905,0.16448,1,10,0,FALLBACK,-0.5019,0.100,1.0382,2,none
80.512,0.41158,0.24903,0.22374,1,10,0,FALLBACK,-0.6760,0.100,1.0385,2,none
80.562,0.57700,0.70386,0.20907,1,10,0,FALLBACK,-0.8331,0.100,1.0392,2,none
80.613,0.72047,1.44951,0.57573,0,10,0,FALLBACK,-0.9694,0.100,1.0364,2,none
80.663,0.83478,2.59130,0.53975,0,10,0,FALLBACK,-1.0000,0.100,1.0338,2,none
80.711,0.91742,3.48504,0.71525,0,10,0,FALLBACK,-1.0000,0.100,1.0317,2,none
80.762,0.97005,3.72396,0.71687,0,10,0,FALLBACK,-1.0000,0.100,1.0307,2,none
80.812,0.99387,2.71690,1.12843,0,10,0,FALLBACK,-1.0000,0.100,1.0301,2,none
80.862,0.98901,0.77986,0.22034,1,10,0,FALLBACK,-1.0000,0.100,1.0295,2,none
80.912,0.95552,2.04547,0.62919,0,10,0,FALLBACK,-1.0000,0.100,1.0289,2,none
80.962,0.89363,1.47961,0.29827,0,10,0,FALLBACK,-1.0000,0.100,1.0283,2,none
81.012,0.80367,0.21912,0.18181,1,10,0,FALLBACK,-1.0000,0.100,1.0278,2,none
81.062,0.68612,0.56352,0.37224,0,10,0,FALLBACK,-0.9368,0.100,1.0272,2,none
81.113,0.54172,0.45142,0.34149,0,10,0,FALLBACK,-0.7996,0.100,1.0273,2,none
81.163,0.37402,-0.07162,0.13681,1,10,0,FALLBACK,-0.6403,0.100,1.0289,2,none
81.213,0.18851,0.53950,0.65299,0,10,0,FALLBACK,-0.4641,0.100,1.0316,2,none
81.262,-0.01004,-0.05364,0.27314,1,10,0,FALLBACK,-0.2755,0.100,1.0347,2,none
81.314,-0.21728,-0.61980,0.25666,1,10,0,FALLBACK,-0.0786,0.100,1.0374,2,none
81.366,-0.42947,-0.93568,0.17047,1,10,0,FALLBACK,0.1230,0.100,1.0405,2,none
81.413,-0.63943,-0.95912,0.29858,0,10,0,FALLBACK,0.3225,0.100,1.0428,2,none
81.464,-0.84368,-1.33735,0.25738,1,10,0,FALLBACK,0.5165,0.100,1.0436,2,none
81.513,-1.03436,-1.32265,0.28008,1,10,0,FALLBACK,0.6976,0.100,1.0447,2,none
81.548,-1.20776,-1.43029,0.22303,1,10,0,FALLBACK,0.8624,0.100,1.0426,2,none
81.600,-1.35564,-1.54760,0.30287,0,10,0,FALLBACK,1.0000,0.100,1.0403,2,none
81.647,-1.47186,-1.65741,0.32880,0,10,0,FALLBACK,1.0000,0.100,1.0358,2,none
81.698,-1.48103,-1.30115,0.87638,0,10,0,FALLBACK,1.0000,0.100,1.0345,2,none
81.749,-1.61288,-1.75209,0.26702,1,10,0,FALLBACK,1.0000,0.100,1.0338,2,none
81.799,-1.71693,-1.52704,0.33458,0,10,0,FALLBACK,1.0000,0.100,1.0331,2,none
81.848,-1.79272,-2.19722,0.40730,0,10,0,FALLBACK,1.0000,0.100,1.0324,2,none
81.900,-1.83992,-2.01995,0.34638,0,10,0,FALLBACK,1.0000,0.100,1.0318,2,none
81.950,-1.72570,-2.24721,0.54752,0,10,0,FALLBACK,1.0000,0.100,1.0311,2,none
81.999,-1.79402,-1.96122,0.41659,0,10,0,FALLBACK,1.0000,0.100,1.0305,2,none
82.050,-1.83379,-1.92856,0.34780,0,10,0,FALLBACK,1.0000,0.100,1.0298,2,none
82.099,-1.84487,-1.72204,0.36031,0,10,0,FALLBACK,1.0000,0.100,1.0292,2,none
82.152,-1.82726,-1.81714,0.26119,1,10,0,FALLBACK,1.0000,0.100,1.0286,2,none
82.199,-1.78111,-1.69227,0.23294,1,10,0,FALLBACK,1.0000,0.100,1.0280,2,none
82.250,-1.59634,-1.60927,0.31003,0,10,0,FALLBACK,1.0000,0.100,1.0275,2,none
82.300,-1.57166,-1.71233,0.33221,0,10,0,FALLBACK,1.0000,0.100,1.0269,2,none
82.350,-1.51858,-1.30812,0.23021,1,10,0,FALLBACK,1.0000,0.100,1.0263,2,none
82.401,-1.43739,-1.16904,0.17730,1,10,0,FALLBACK,1.0000,0.100,1.0258,2,none
82.452,-1.32853,-1.08501,0.12489,1,10,0,FALLBACK,0.9771,0.100,1.0252,2,none
82.501,-1.19292,-1.10960,0.24252,1,10,0,FALLBACK,0.8483,0.100,1.0252,2,none
82.552,-0.94677,-0.84911,0.16557,1,10,0,FALLBACK,0.6144,0.100,1.0270,2,none
82.601,-0.84550,-0.48982,0.15506,1,10,0,FALLBACK,0.5182,0.100,1.0306,2,none
82.652,-0.73262,-0.50714,0.14586,1,10,0,FALLBACK,0.4110,0.100,1.0334,2,none
82.704,-0.60745,-0.52623,0.20607,1,10,0,FALLBACK,0.2921,0.100,1.0359,2,none
82.752,-0.47348,-0.25541,0.19901,1,10,0,FALLBACK,0.1648,0.100,1.0388,2,none
82.803,-0.21931,-0.00304,0.15268,1,10,0,FALLBACK,-0.0767,0.100,1.0415,2,none
82.854,-0.15783,0.10626,0.13298,1,10,0,FALLBACK,-0.1351,0.100,1.0434,2,none
82.903,-0.10367,0.44372,0.21702,1,10,0,FALLBACK,-0.1865,0.100,1.0457,2,none
82.953,-0.05543,0.31865,0.20772,1,10,0,FALLBACK,-0.2323,0.100,1.0477,2,none
83.004,-0.01434,0.47447,0.19634,1,10,0,FALLBACK,-0.2714,0.100,1.0496,2,none
83.055,0.12236,0.17157,0.13025,1,10,0,FALLBACK,-0.4012,0.100,1.0515,2,none
83.103,0.06508,0.02412,0.10516,1,10,0,FALLBACK,-0.3468,0.100,1.0529,2,none
83.155,-0.00653,-0.02667,0.09483,1,10,0,FALLBACK,-0.2788,0.100,1.0544,2,none
83.204,-0.08772,-0.19112,0.14681,1,10,0,FALLBACK,-0.2017,0.100,1.0566,2,none
83.254,-0.17540,-0.22233,0.13436,1,10,0,FALLBACK,-0.1184,0.100,1.0589,2,none
83.304,-0.17467,-0.41482,0.12150,1,10,0,FALLBACK,-0.1191,0.100,1.0611,2,none
83.356,-0.34577,-0.64787,0.14520,1,10,0,FALLBACK,0.0435,0.100,1.0633,2,none
83.404,-0.51912,-0.83467,0.16586,1,10,0,FALLBACK,0.2082,0.100,1.0651,2,none
83.452,-0.68744,-0.83362,0.14155,1,10,0,FALLBACK,0.3681,0.100,1.0664,2,none
83.505,-0.84515,-0.80301,0.23443,1,10,0,FALLBACK,0.5179,0.100,1.0670,2,none
83.555,-0.86751,-1.10539,0.26050,1,10,0,FALLBACK,0.5391,0.100,1.0668,2,none
83.605,-1.06614,-1.36813,0.35079,0,10,0,FALLBACK,0.7278,0.100,1.0674,2,none
83.654,-1.24730,-1.66085,0.29234,0,10,0,FALLBACK,0.8999,0.100,1.0660,2,none
83.703,-1.40152,-1.33320,0.91636,0,10,0,FALLBACK,1.0000,0.100,1.0628,2,none
83.754,-1.52356,-0.15037,1.30250,0,10,0,FALLBACK,1.0000,0.100,1.0595,2,none
83.805,-1.61283,-1.74210,0.47442,0,10,0,FALLBACK,1.0000,0.100,1.0577,2,none
83.856,-1.67188,-1.59064,0.38310,0,10,0,FALLBACK,1.0000,0.100,1.0565,2,none
83.903,-1.70084,-1.34624,0.48410,0,10,0,FALLBACK,1.0000,0.100,1.0554,2,none
83.956,-1.69963,-0.92815,0.61242,0,10,0,FALLBACK,1.0000,0.100,1.0543,2,none
84.008,-1.66836,-1.10830,0.49519,0,10,0,FALLBACK,1.0000,0.100,1.0533,2,none
84.055,-1.60727,-1.21631,0.23864,1,10,0,FALLBACK,1.0000,0.100,1.0523,2,none
84.105,-1.51675,-1.18288,0.26744,1,10,0,FALLBACK,1.0000,0.100,1.0512,2,none
84.155,-1.39736,-1.08348,0.29750,0,10,0,FALLBACK,1.0000,0.100,1.0502,2,none
84.206,-1.24978,-0.46440,0.33616,0,10,0,FALLBACK,0.9023,0.100,1.0493,2,none
84.256,-1.07553,-0.09537,0.14368,1,10,0,FALLBACK,0.7368,0.100,1.0497,2,none
84.307,-0.88021,0.27054,0.19908,1,10,0,FALLBACK,0.5512,0.100,1.0518,2,none
84.357,-0.66989,1.50984,0.34586,0,10,0,FALLBACK,0.3514,0.100,1.0549,2,none
84.408,-0.44988,2.08007,0.29034,0,10,0,FALLBACK,0.1424,0.100,1.0580,2,none
84.456,-0.22549,0.51464,0.35656,0,10,0,FALLBACK,-0.0708,0.100,1.0607,2,none
84.507,-0.00078,0.39509,0.57924,0,10,0,FALLBACK,-0.2843,0.100,1.0632,2,none
84.556,0.21874,0.94895,0.17136,1,10,0,FALLBACK,-0.4928,0.100,1.0635,2,none
84.607,0.42340,1.53746,0.27139,1,10,0,FALLBACK,-0.6872,0.100,1.0631,2,none
84.657,0.60810,1.85519,0.21242,1,10,0,FALLBACK,-0.8627,0.100,1.0616,2,none
84.706,0.76852,1.76584,0.27844,1,10,0,FALLBACK,-1.0000,0.100,1.0616,2,none
84.758,0.89979,1.92371,0.33707,0,10,0,FALLBACK,-1.0000,0.100,1.0558,2,none
84.808,0.99612,1.76174,0.35151,0,10,0,FALLBACK,-1.0000,0.100,1.0538,2,none
84.859,1.06247,2.00267,0.28773,0,10,0,FALLBACK,-1.0000,0.100,1.0527,2,none
84.907,1.09906,0.97304,0.28404,1,10,0,FALLBACK,-1.0000,0.100,1.0517,2,none
84.957,1.10574,1.44055,0.23213,1,10,0,FALLBACK,-1.0000,0.100,1.0508,2,none
85.007,1.08259,1.29966,0.20204,1,10,0,FALLBACK,-1.0000,0.100,1.0498,2,none
85.060,1.02978,1.36905,0.18316,1,10,0,FALLBACK,-1.0000,0.100,1.0489,2,none
85.110,0.94767,1.23746,0.28518,0,10,0,FALLBACK,-1.0000,0.100,1.0479,2,none
85.157,0.83674,1.23349,0.21271,1,10,0,FALLBACK,-1.0000,0.100,1.0470,2,none
85.208,0.69764,1.25036,0.20773,1,10,0,FALLBACK,-0.9478,0.100,1.0461,2,none
85.257,0.53150,1.19307,0.28011,1,10,0,FALLBACK,-0.7899,0.100,1.0460,2,none
85.310,0.34221,0.25285,0.18380,1,10,0,FALLBACK,-0.6101,0.100,1.0477,2,none
85.360,0.13644,-0.07611,0.10244,1,10,0,FALLBACK,-0.4146,0.100,1.0506,2,none
85.410,-0.08051,-0.32711,0.14806,1,10,0,FALLBACK,-0.2085,0.100,1.0536,2,none
85.458,-0.30342,-0.77535,0.12472,1,10,0,FALLBACK,0.0032,0.100,1.0564,2,none
85.509,-0.52834,-0.94187,0.14301,1,10,0,FALLBACK,0.2169,0.100,1.0588,2,none
85.559,-0.74993,-1.11513,0.24634,1,10,0,FALLBACK,0.4274,0.100,1.0596,2,none
85.611,-0.95871,-1.28974,0.33339,0,10,0,FALLBACK,0.6258,0.100,1.0595,2,none
85.660,-1.15139,-1.28929,0.57249,0,10,0,FALLBACK,0.8088,0.100,1.0605,2,none
85.709,-1.32390,-1.37237,0.60626,0,10,0,FALLBACK,0.9727,0.100,1.0588,2,none
85.761,-1.46722,-1.06705,0.87987,0,10,0,FALLBACK,1.0000,0.100,1.0528,2,none
85.811,-1.57575,-0.68049,1.22155,0,10,0,FALLBACK,1.0000,0.100,1.0503,2,none
85.862,-1.65382,-1.45159,0.40279,0,10,0,FALLBACK,1.0000,0.100,1.0491,2,none
85.909,-1.70231,-1.48701,0.35014,0,10,0,FALLBACK,1.0000,0.100,1.0481,2,none
85.960,-1.72112,-1.12955,0.45715,0,10,0,FALLBACK,1.0000,0.100,1.0472,2,none
86.012,-1.71023,-1.37576,0.33675,0,10,0,FALLBACK,1.0000,0.100,1.0462,2,none
86.061,-1.66977,-1.10961,0.34781,0,10,0,FALLBACK,1.0000,0.100,1.0453,2,none
86.114,-1.60002,-1.61712,0.31922,0,10,0,FALLBACK,1.0000,0.100,1.0445,2,none
86.162,-1.50140,1.78352,0.66544,0,10,0,FALLBACK,1.0000,0.100,1.0436,2,none
86.214,-1.37450,2.25516,0.27714,1,10,0,FALLBACK,1.0000,0.100,1.0427,2,none
86.262,-1.21999,-0.68023,0.41728,0,10,0,FALLBACK,0.8740,0.100,1.0419,2,none
86.314,-1.03892,2.10482,0.40441,0,10,0,FALLBACK,0.7020,0.100,1.0422,2,none
86.364,-0.83743,2.61120,0.30809,0,10,0,FALLBACK,0.5106,0.100,1.0446,2,none
86.412,-0.60233,2.43169,0.36814,0,10,0,FALLBACK,0.2872,0.100,1.0478,2,none
86.462,-0.39581,1.63167,0.29747,0,10,0,FALLBACK,0.0910,0.100,1.0510,2,none
86.512,-0.18595,2.04679,0.41624,0,10,0,FALLBACK,-0.1084,0.100,1.0538,2,none
86.565,0.02246,2.49080,0.33797,0,10,0,FALLBACK,-0.3063,0.100,1.0559,2,none
86.614,0.22399,1.83812,0.28543,0,10,0,FALLBACK,-0.4978,0.100,1.0571,2,none
86.664,0.41319,2.31795,0.29090,0,10,0,FALLBACK,-0.6775,0.100,1.0583,2,none
86.716,0.58581,2.11963,0.28735,0,10,0,FALLBACK,-0.8415,0.100,1.0577,2,none
86.763,0.73474,1.71277,0.26920,1,10,0,FALLBACK,-0.9830,0.100,1.0544,2,none
86.815,0.85325,1.97668,0.39883,0,10,0,FALLBACK,-1.0000,0.100,1.0513,2,none
86.867,0.93869,1.42123,0.34983,0,10,0,FALLBACK,-1.0000,0.100,1.0489,2,none
86.914,0.99362,3.62550,0.53689,0,10,0,FALLBACK,-1.0000,0.100,1.0476,2,none
86.965,1.01878,4.09798,0.58460,0,10,0,FALLBACK,-1.0000,0.100,1.0467,2,none
87.016,1.01431,3.85455,0.66636,0,10,0,FALLBACK,-1.0000,0.100,1.0458,2,none
87.048,0.98032,3.42728,0.59712,0,10,0,FALLBACK,-1.0000,0.100,1.0449,2,none
87.100,0.91704,3.25858,0.77745,0,10,0,FALLBACK,-1.0000,0.100,1.0440,2,none
87.148,0.82485,3.17279,0.81592,0,10,0,FALLBACK,-1.0000,0.100,1.0432,2,none
87.197,0.70430,2.74637,0.71665,0,10,0,FALLBACK,-0.9541,0.100,1.0424,2,none
87.249,0.55675,1.56716,0.28943,0,10,0,FALLBACK,-0.8139,0.100,1.0424,2,none
87.300,0.38451,0.26299,0.20159,1,10,0,FALLBACK,-0.6503,0.100,1.0433,2,none
87.350,0.19541,0.07507,0.11601,1,10,0,FALLBACK,-0.4706,0.100,1.0467,2,none
87.398,-0.00491,-0.10559,0.11477,1,10,0,FALLBACK,-0.2803,0.100,1.0498,2,none
87.450,-0.21204,-0.43154,0.13357,1,10,0,FALLBACK,-0.0836,0.100,1.0527,2,none
87.500,-0.42082,-0.69500,0.14633,1,10,0,FALLBACK,0.1148,0.100,1.0551,2,none
87.550,-0.62849,-0.73293,0.19730,1,10,0,FALLBACK,0.3121,0.100,1.0571,2,none
87.601,-0.82691,-0.93042,0.18265,1,10,0,FALLBACK,0.5006,0.100,1.0573,2,none
87.649,-1.00938,-1.23554,0.27182,1,10,0,FALLBACK,0.6739,0.100,1.0568,2,none
87.701,-1.17093,-1.47754,0.28549,0,10,0,FALLBACK,0.8274,0.100,1.0553,2,none
87.750,-1.30900,-1.69156,0.34382,0,10,0,FALLBACK,0.9586,0.100,1.0542,2,none
87.802,-1.41677,-1.62356,0.25439,1,10,0,FALLBACK,1.0000,0.100,1.0501,2,none
87.852,-1.49156,-1.84500,0.25227,1,10,0,FALLBACK,1.0000,0.100,1.0480,2,none
87.900,-1.53566,-1.76363,0.29617,0,10,0,FALLBACK,1.0000,0.100,1.0469,2,none
87.952,-1.55009,-1.61855,0.28745,0,10,0,FALLBACK,1.0000,0.100,1.0459,2,none
88.002,-1.53490,-1.65739,0.33673,0,10,0,FALLBACK,1.0000,0.100,1.0450,2,none
88.052,-1.49023,-1.66515,0.26247,1,10,0,FALLBACK,1.0000,0.100,1.0442,2,none
88.102,-1.41638,-1.54807,0.36916,0,10,0,FALLBACK,1.0000,0.100,1.0433,2,none
88.151,-1.31379,-1.31215,0.26709,1,10,0,FALLBACK,0.9631,0.100,1.0424,2,none
88.202,-1.18363,-1.57382,0.29698,0,10,0,FALLBACK,0.8395,0.100,1.0423,2,none
88.253,-1.02955,-1.10384,0.19527,1,10,0,FALLBACK,0.6931,0.100,1.0440,2,none
88.303,-0.85611,-0.86819,0.22240,1,10,0,FALLBACK,0.5283,0.100,1.0461,2,none
88.353,-0.66795,-0.29471,0.18933,1,10,0,FALLBACK,0.3495,0.100,1.0491,2,none
88.402,-0.46998,-0.39921,0.18285,1,10,0,FALLBACK,0.1615,0.100,1.0521,2,none
88.455,-0.26714,-0.10010,0.28572,0,10,0,FALLBACK,-0.0312,0.100,1.0549,2,none
88.503,-0.06459,0.01629,0.14892,1,10,0,FALLBACK,-0.2236,0.100,1.0570,2,none
88.553,0.13226,0.46873,0.19305,1,10,0,FALLBACK,-0.4106,0.100,1.0584,2,none
88.604,0.31776,0.92967,0.33958,0,10,0,FALLBACK,-0.5869,0.100,1.0588,2,none
88.654,0.48617,1.41438,0.42665,0,10,0,FALLBACK,-0.7469,0.100,1.0582,2,none
88.703,0.63322,1.71709,0.29032,0,10,0,FALLBACK,-0.8866,0.100,1.0575,2,none
88.755,0.75325,1.62992,0.44543,0,10,0,FALLBACK,-1.0000,0.100,1.0545,2,none
88.804,0.84171,1.14817,0.18972,1,10,0,FALLBACK,-1.0000,0.100,1.0516,2,none
88.854,0.89718,0.95979,0.21927,1,10,0,FALLBACK,-1.0000,0.100,1.0499,2,none
88.904,0.92259,0.90263,0.16527,1,10,0,FALLBACK,-1.0000,0.100,1.0489,2,none
88.956,0.91827,1.20029,0.23559,1,10,0,FALLBACK,-1.0000,0.100,1.0480,2,none
89.004,0.88430,0.10533,0.14866,1,10,0,FALLBACK,-1.0000,0.100,1.0470,2,none
89.056,0.82093,0.96346,0.31205,0,10,0,FALLBACK,-1.0000,0.100,1.0461,2,none
89.105,0.72854,1.09976,0.21436,1,10,0,FALLBACK,-0.9771,0.100,1.0453,2,none
89.156,0.61073,0.24810,0.16276,1,10,0,FALLBACK,-0.8652,0.100,1.0506,3,none
