time_s,cte_true,cte_pred,mc_std,certified,fail_count,pass_count,mode,steer,throttle,speed,lap,hit
0.000,0.00076,0.07579,0.12868,1,0,0,MODEL,-0.3570,0.100,0.0000,0,none
0.098,0.00076,0.11636,0.19579,1,0,0,MODEL,-0.3955,0.100,0.0000,0,none
0.126,0.00076,0.11764,0.15460,1,0,0,MODEL,-0.3968,0.100,0.0069,0,none
0.176,0.00056,0.08512,0.16023,1,0,0,MODEL,-0.3659,0.100,0.0218,0,none
0.225,-0.00005,0.10150,0.15406,1,0,0,MODEL,-0.3814,0.100,0.0321,0,none
0.276,-0.00068,0.11685,0.15182,1,0,0,MODEL,-0.3960,0.100,0.0407,0,none
0.325,-0.00158,0.13214,0.16190,1,0,0,MODEL,-0.4105,0.100,0.0559,0,none
0.375,-0.00284,0.10086,0.17546,1,0,0,MODEL,-0.3808,0.100,0.0722,0,none
0.428,-0.00488,0.19565,0.19698,1,0,0,MODEL,-0.4709,0.100,0.0818,0,none
0.480,-0.00706,0.10488,0.10811,1,0,0,MODEL,-0.3846,0.100,0.0938,0,none
0.527,-0.00961,0.08452,0.08356,1,0,0,MODEL,-0.3653,0.100,0.1062,0,none
0.577,-0.01222,0.14833,0.15293,1,0,0,MODEL,-0.4259,0.100,0.1182,0,none
0.629,-0.01527,0.05652,0.13328,1,0,0,MODEL,-0.3387,0.100,0.1297,0,none
0.677,-0.01895,0.06505,0.16240,1,0,0,MODEL,-0.3468,0.100,0.1413,0,none
0.727,-0.01940,0.10356,0.13725,1,0,0,MODEL,-0.3834,0.100,0.1658,0,none
0.779,-0.02416,0.13216,0.14620,1,0,0,MODEL,-0.4106,0.100,0.1723,0,none
0.828,-0.03411,0.01208,0.10516,1,0,0,MODEL,-0.2965,0.100,0.1758,0,none
0.879,-0.03854,0.13398,0.18566,1,0,0,MODEL,-0.4123,0.100,0.1868,0,none
0.927,-0.04472,0.09374,0.13190,1,0,0,MODEL,-0.3741,0.100,0.1973,0,none
0.977,-0.05246,0.06417,0.12625,1,0,0,MODEL,-0.3460,0.100,0.2082,0,none
1.028,-0.06066,0.04683,0.17247,1,0,0,MODEL,-0.3295,0.100,0.2190,0,none
1.079,-0.06944,0.03671,0.05956,1,0,0,MODEL,-0.3199,0.100,0.2297,0,none
1.128,-0.07898,0.09631,0.21065,1,0,0,MODEL,-0.3765,0.100,0.2402,0,none
1.179,-0.08945,0.10869,0.13850,1,0,0,MODEL,-0.3883,0.100,0.2506,0,none
1.229,-0.10167,0.09594,0.09113,1,0,0,MODEL,-0.3761,0.100,0.2609,0,none
1.280,-0.12150,0.07982,0.15725,1,0,0,MODEL,-0.3608,0.100,0.2710,0,none
1.328,-0.13015,0.07465,0.08697,1,0,0,MODEL,-0.3559,0.100,0.2808,0,none
1.378,-0.14560,0.01798,0.10046,1,0,0,MODEL,-0.3021,0.100,0.2913,0,none
1.430,-0.16282,0.07674,0.09943,1,0,0,MODEL,-0.3579,0.100,0.3011,0,none
1.481,-0.18081,0.04305,0.15059,1,0,0,MODEL,-0.3259,0.100,0.3109,0,none
1.527,-0.20076,0.03589,0.10269,1,0,0,MODEL,-0.3191,0.100,0.3206,0,none
1.577,-0.21494,0.21260,0.16430,1,0,0,MODEL,-0.4870,0.100,0.3315,0,none
1.631,-0.24574,0.21283,0.23765,1,0,0,MODEL,-0.4872,0.100,0.3396,0,none
1.680,-0.27297,0.18779,0.26716,1,0,0,MODEL,-0.4634,0.100,0.3491,0,none
1.730,-0.30265,0.14450,0.14443,1,0,0,MODEL,-0.4223,0.100,0.3583,0,none
1.781,-0.33458,0.16001,0.14056,1,0,0,MODEL,-0.4370,0.100,0.3675,0,none
1.828,-0.36834,0.15972,0.16210,1,0,0,MODEL,-0.4367,0.100,0.3766,0,none
1.879,-0.41089,-0.02317,0.13104,1,0,0,MODEL,-0.2630,0.100,0.3857,0,none
1.931,-0.44740,0.02747,0.12200,1,0,0,MODEL,-0.3111,0.100,0.3987,0,none
1.982,-0.48107,-0.04766,0.13171,1,0,0,MODEL,-0.2397,0.100,0.4036,0,none
2.030,-0.52133,-0.08689,0.13884,1,0,0,MODEL,-0.2025,0.100,0.4125,0,none
2.080,-0.56264,-0.04444,0.11026,1,0,0,MODEL,-0.2428,0.100,0.4212,0,none
2.130,-0.60530,-0.11053,0.18009,1,0,0,MODEL,-0.1800,0.100,0.4298,0,none
2.179,-0.65027,-0.11595,0.13022,1,0,0,MODEL,-0.1748,0.100,0.4383,0,none
2.231,-0.69616,-0.10904,0.12032,1,0,0,MODEL,-0.1814,0.100,0.4468,0,none
2.281,-0.74374,-0.06828,0.12025,1,0,0,MODEL,-0.2201,0.100,0.4551,0,none
2.331,-0.79349,-0.04934,0.13040,1,0,0,MODEL,-0.2381,0.100,0.4633,0,none
2.382,-0.84607,-0.05291,0.16593,1,0,0,MODEL,-0.2347,0.100,0.4715,0,none
2.431,-0.90128,-0.10532,0.13189,1,0,0,MODEL,-0.1849,0.100,0.4795,0,none
2.482,-0.95857,-0.08379,0.19052,1,0,0,MODEL,-0.2054,0.100,0.4876,0,none
2.532,-1.01730,-0.00012,0.10382,1,0,0,MODEL,-0.2849,0.100,0.4955,0,none
2.582,-1.07895,0.09183,0.25020,1,0,0,MODEL,-0.3722,0.100,0.5032,0,none
2.631,-1.14520,0.29107,0.25457,1,0,0,MODEL,-0.5615,0.100,0.5106,0,none
2.683,-1.21743,0.36593,0.44973,0,1,0,MODEL,-0.5615,0.100,0.5173,0,none
2.732,-1.29759,0.71733,0.49759,0,2,0,MODEL,-0.5615,0.100,0.5246,0,none
2.782,-1.38308,0.94222,0.37858,0,3,0,FALLBACK,1.0000,0.100,0.5319,0,none
2.832,-1.46648,1.00049,0.39783,0,3,0,FALLBACK,1.0000,0.100,0.5219,0,none
2.882,-1.51474,1.01327,0.40746,0,3,0,FALLBACK,1.0000,0.100,0.5230,0,none
2.933,-1.55325,1.03362,0.37987,0,3,0,FALLBACK,1.0000,0.100,0.5295,0,none
2.981,-1.58509,0.96014,0.42881,0,3,0,FALLBACK,1.0000,0.100,0.5359,0,none
3.032,-1.60958,0.28184,0.65303,0,3,0,FALLBACK,1.0000,0.100,0.5422,0,none
3.083,-1.62638,0.11711,0.64874,0,3,0,FALLBACK,1.0000,0.100,0.5485,0,none
3.134,-1.63519,0.14485,0.87151,0,3,0,FALLBACK,1.0000,0.100,0.5547,0,none
3.183,-1.63572,0.10802,0.50832,0,3,0,FALLBACK,1.0000,0.100,0.5608,0,none
3.234,-1.62769,-0.17930,0.54283,0,3,0,FALLBACK,1.0000,0.100,0.5668,0,none
3.281,-1.61084,-0.31573,0.47720,0,3,0,FALLBACK,1.0000,0.100,0.5728,0,none
3.333,-1.58492,-0.36009,0.36936,0,3,0,FALLBACK,1.0000,0.100,0.5787,0,none
3.383,-1.54970,-0.81800,0.35536,0,3,0,FALLBACK,1.0000,0.100,0.5845,0,none
3.435,-1.50496,-0.94914,0.38981,0,3,0,FALLBACK,1.0000,0.100,0.5902,0,none
3.483,-1.45052,-1.09599,0.30269,0,3,0,FALLBACK,1.0000,0.100,0.5959,0,none
3.533,-1.38619,-1.08139,0.30551,0,3,0,FALLBACK,1.0000,0.100,0.6015,0,none
3.583,-1.31183,-1.06467,0.23114,1,3,1,FALLBACK,1.0000,0.100,0.6070,0,none
3.633,-1.22732,-1.04275,0.23660,1,3,2,FALLBACK,1.0000,0.100,0.6125,0,none
3.685,-1.13256,-0.96474,0.25318,1,3,3,FALLBACK,1.0000,0.100,0.6179,0,none
3.736,-1.02746,-0.91237,0.25391,1,3,4,FALLBACK,1.0000,0.100,0.6232,0,none
3.784,-0.91199,-0.65104,0.24597,1,3,5,FALLBACK,1.0000,0.100,0.6285,0,none
3.838,-0.78592,-0.28391,0.20722,1,3,6,FALLBACK,1.0000,0.100,0.6342,0,none
3.885,-0.64965,-0.19546,0.17609,1,3,7,FALLBACK,1.0000,0.100,0.6389,0,none
3.935,-0.50280,-0.11630,0.14722,1,3,8,FALLBACK,0.2798,0.100,0.6442,0,none
3.986,-0.35027,-0.14915,0.12202,1,3,9,FALLBACK,-0.5114,0.100,0.6443,0,none
4.035,-0.21146,-0.10466,0.12205,1,3,10,FALLBACK,-1.0000,0.100,0.6615,0,none
4.085,-0.09739,-0.05077,0.14443,1,3,11,FALLBACK,-1.0000,0.100,0.6483,0,none
4.133,-0.00174,-0.01034,0.10371,1,3,12,FALLBACK,-1.0000,0.100,0.6492,0,none
4.184,0.08170,0.01657,0.06992,1,3,13,FALLBACK,-1.0000,0.100,0.6565,0,none
4.234,0.15544,0.02939,0.06759,1,3,14,FALLBACK,-1.0000,0.100,0.6582,0,none
4.285,0.21671,0.04439,0.12359,1,3,15,FALLBACK,-1.0000,0.100,0.6659,0,none
4.336,0.26757,0.14722,0.15106,1,3,16,FALLBACK,-1.0000,0.100,0.6669,0,none
4.383,0.30536,0.14289,0.14757,1,3,17,FALLBACK,-1.0000,0.100,0.6755,0,none
4.434,0.33222,0.21863,0.14633,1,3,18,FALLBACK,-1.0000,0.100,0.6752,0,none
4.487,0.34547,0.12504,0.14527,1,3,19,FALLBACK,-1.0000,0.100,0.6850,0,none
4.535,0.34734,0.08772,0.12459,1,3,20,FALLBACK,-1.0000,0.100,0.6833,0,none
4.586,0.33517,0.10644,0.15343,1,3,21,FALLBACK,-1.0000,0.100,0.6944,0,none
4.635,0.31126,0.02609,0.11958,1,3,22,FALLBACK,-1.0000,0.100,0.6912,0,none
4.686,0.27300,0.05789,0.16708,1,3,23,FALLBACK,-1.0000,0.100,0.7036,0,none
4.736,0.22277,0.00043,0.09348,1,3,24,FALLBACK,-1.0000,0.100,0.6988,0,none
4.785,0.15798,0.00557,0.11770,1,3,25,FALLBACK,-1.0000,0.100,0.7124,0,none
4.836,0.08099,0.02652,0.08375,1,3,26,FALLBACK,-1.0000,0.100,0.7064,0,none
4.887,-0.01065,0.07081,0.05782,1,3,27,FALLBACK,-0.9885,0.100,0.7211,0,none
4.937,-0.11442,0.03266,0.09234,1,3,28,FALLBACK,-0.4090,0.100,0.7139,0,none
4.986,-0.23145,-0.00425,0.11511,1,3,29,FALLBACK,0.2424,0.100,0.7266,0,none
5.036,-0.33968,0.04272,0.10807,1,0,30,MODEL,-0.3256,0.100,0.7254,0,none
5.086,-0.42991,0.01379,0.12327,1,0,30,MODEL,-0.2981,0.100,0.7317,0,none
5.137,-0.53690,0.00880,0.15605,1,0,30,MODEL,-0.2934,0.100,0.7364,0,none
5.187,-0.65005,-0.09242,0.14213,1,0,30,MODEL,-0.1972,0.100,0.7415,0,none
5.237,-0.76678,-0.00262,0.11707,1,0,30,MODEL,-0.2825,0.100,0.7446,0,none
5.288,-0.88560,0.04339,0.16097,1,0,30,MODEL,-0.3262,0.100,0.7525,0,none
5.337,-1.01049,0.25033,0.27402,1,0,30,MODEL,-0.5228,0.100,0.7555,0,none
5.388,-1.14253,0.41926,0.42206,0,1,30,MODEL,-0.5228,0.100,0.7605,0,none
5.438,-1.28672,0.67140,0.39175,0,2,30,MODEL,-0.5228,0.100,0.7643,0,none
5.488,-1.43966,1.17527,0.28108,1,0,30,MODEL,-1.0000,0.100,0.7693,0,none
5.538,-1.60151,1.38176,0.29128,0,1,30,MODEL,-1.0000,0.100,0.7695,0,none
5.589,-1.78611,1.60873,0.28860,0,2,30,MODEL,-1.0000,0.100,0.7697,0,none
5.639,-1.98520,1.40110,0.30777,0,3,0,FALLBACK,1.0000,0.100,0.7733,0,none
5.687,-2.19636,0.87416,0.26164,1,3,1,FALLBACK,1.0000,0.100,0.7812,0,none
5.736,-2.36895,0.65013,0.19080,1,3,2,FALLBACK,1.0000,0.100,0.7328,0,none
5.789,-2.50710,0.70866,0.22781,1,3,3,FALLBACK,1.0000,0.100,0.7412,0,none
5.839,-2.63337,0.73590,0.27916,1,3,4,FALLBACK,1.0000,0.100,0.7470,0,none
5.888,-2.74671,0.85171,0.23781,1,3,5,FALLBACK,1.0000,0.100,0.7487,0,none
5.938,-2.84635,0.86454,0.22833,1,3,6,FALLBACK,1.0000,0.100,0.7534,0,none
5.988,-2.93180,0.83061,0.26248,1,3,7,FALLBACK,1.0000,0.100,0.7566,0,none
6.038,-3.00260,0.85461,0.19828,1,3,8,FALLBACK,1.0000,0.100,0.7604,0,none
6.091,-3.05836,0.89277,0.16210,1,3,9,FALLBACK,1.0000,0.100,0.7639,0,none
6.123,-3.09870,0.88595,0.21327,1,3,10,FALLBACK,1.0000,0.100,0.7674,0,none
6.176,-3.12330,1.03243,0.21491,1,3,11,FALLBACK,1.0000,0.100,0.7709,0,none
6.223,-3.13187,1.18930,0.25725,1,3,12,FALLBACK,1.0000,0.100,0.7743,0,none
6.276,-2.90656,1.16384,0.24367,1,3,13,FALLBACK,1.0000,0.100,0.7777,0,none
6.325,-2.96618,0.99825,0.13939,1,3,14,FALLBACK,1.0000,0.100,0.7810,0,none
6.376,-3.00971,0.98454,0.27327,1,3,15,FALLBACK,1.0000,0.100,0.7843,0,none
6.425,-3.03679,0.97903,0.31287,0,3,0,FALLBACK,1.0000,0.100,0.7875,0,none
6.476,-3.04715,0.76580,0.39346,0,3,0,FALLBACK,1.0000,0.100,0.7907,0,none
6.523,-3.04056,1.06413,0.39395,0,3,0,FALLBACK,1.0000,0.100,0.7938,0,none
6.576,-3.01682,1.20541,0.19058,1,3,1,FALLBACK,1.0000,0.100,0.7969,0,none
6.625,-2.97582,1.30134,0.24713,1,3,2,FALLBACK,1.0000,0.100,0.8000,0,none
6.675,-2.91747,1.36262,0.33751,0,3,0,FALLBACK,1.0000,0.100,0.8030,0,none
6.726,-2.63379,0.90457,0.37541,0,3,0,FALLBACK,1.0000,0.100,0.8060,0,none
6.776,-2.62664,0.68966,0.69814,0,3,0,FALLBACK,1.0000,0.100,0.8089,0,none
6.826,-2.60171,0.86808,0.65248,0,3,0,FALLBACK,1.0000,0.100,0.8118,0,none
6.877,-2.55888,0.90060,0.84584,0,3,0,FALLBACK,1.0000,0.100,0.8146,0,none
6.927,-2.49810,0.88602,0.68771,0,3,0,FALLBACK,1.0000,0.100,0.8174,0,none
6.977,-2.41936,0.65236,0.49809,0,3,0,FALLBACK,1.0000,0.100,0.8202,0,none
7.027,-2.32275,0.68171,0.75122,0,3,0,FALLBACK,1.0000,0.100,0.8229,0,none
7.077,-2.20839,0.40264,0.70467,0,3,0,FALLBACK,1.0000,0.100,0.8256,0,none
7.128,-1.83854,-0.47681,0.56403,0,3,0,FALLBACK,1.0000,0.100,0.8283,0,none
7.178,-1.77380,-0.62923,0.32555,0,3,0,FALLBACK,1.0000,0.100,0.8309,0,none
7.227,-1.69057,-0.98174,0.23183,1,3,1,FALLBACK,1.0000,0.100,0.8334,0,none
7.279,-1.58896,-0.73712,0.35744,0,3,0,FALLBACK,1.0000,0.100,0.8360,0,none
7.327,-1.46914,-0.59292,0.23900,1,3,1,FALLBACK,1.0000,0.100,0.8385,0,none
7.378,-1.33133,-0.48685,0.20504,1,3,2,FALLBACK,1.0000,0.100,0.8409,0,none
7.428,-1.17585,-0.48158,0.22541,1,3,3,FALLBACK,1.0000,0.100,0.8434,0,none
7.477,-1.00305,-0.35741,0.14675,1,3,4,FALLBACK,1.0000,0.100,0.8458,0,none
7.529,-0.59901,-0.17565,0.14717,1,3,5,FALLBACK,-0.5251,0.100,0.8481,0,none
7.579,-0.47943,-0.08075,0.11253,1,3,6,FALLBACK,0.2992,0.100,0.8340,0,none
7.628,-0.39744,0.04983,0.11280,1,3,7,FALLBACK,0.0772,0.100,0.8268,0,none
7.679,-0.29776,0.08398,0.11892,1,3,8,FALLBACK,-0.5096,0.100,0.8336,0,none
7.729,-0.20392,0.14586,0.15547,1,3,9,FALLBACK,-0.9496,0.100,0.8309,0,none
7.779,-0.13781,0.21291,0.15065,1,3,10,FALLBACK,-1.0000,0.100,0.8291,0,none
7.830,-0.10130,0.15865,0.19683,1,3,11,FALLBACK,-1.0000,0.100,0.8306,0,none
7.879,0.08370,0.09032,0.12110,1,3,12,FALLBACK,-1.0000,0.100,0.8328,0,none
7.931,-0.00799,-0.02973,0.11458,1,3,13,FALLBACK,-1.0000,0.100,0.8354,0,none
7.978,-0.11799,-0.08440,0.14788,1,3,14,FALLBACK,-0.3601,0.100,0.8379,0,none
8.031,-0.24114,-0.01314,0.19147,1,3,15,FALLBACK,0.3215,0.100,0.8395,0,none
8.079,-0.35191,0.01943,0.17844,1,3,16,FALLBACK,0.8134,0.100,0.8402,0,none
8.130,-0.43603,0.14446,0.22872,1,3,17,FALLBACK,1.0000,0.100,0.8383,0,none
8.182,-0.49015,0.06905,0.17745,1,3,18,FALLBACK,1.0000,0.100,0.8381,0,none
8.231,-0.40353,0.05471,0.15816,1,3,19,FALLBACK,0.0846,0.100,0.8398,0,none
8.281,-0.50993,-0.02687,0.16556,1,3,20,FALLBACK,1.0000,0.100,0.8366,0,none
8.330,-0.62968,-0.07011,0.18773,1,3,21,FALLBACK,1.0000,0.100,0.8293,0,none
8.381,-0.71022,-0.03652,0.12188,1,3,22,FALLBACK,1.0000,0.100,0.8299,0,none
8.430,-0.77062,0.01475,0.14070,1,3,23,FALLBACK,1.0000,0.100,0.8324,0,none
8.481,-0.81284,0.21762,0.22725,1,3,24,FALLBACK,1.0000,0.100,0.8350,0,none
8.529,-0.65949,-0.07723,0.07923,1,3,25,FALLBACK,1.0000,0.100,0.8375,0,none
8.581,-0.75335,-0.03149,0.14074,1,3,26,FALLBACK,1.0000,0.100,0.8400,0,none
8.633,-0.82894,-0.18263,0.15004,1,3,27,FALLBACK,1.0000,0.100,0.8424,0,none
8.681,-0.88586,-0.20119,0.16099,1,3,28,FALLBACK,1.0000,0.100,0.8448,0,none
8.731,-0.92374,-0.07153,0.12235,1,3,29,FALLBACK,1.0000,0.100,0.8472,0,none
8.781,-0.94232,-0.04362,0.12854,1,0,30,MODEL,-0.2436,0.100,0.8495,0,none
8.831,-0.94883,-0.04074,0.12926,1,0,30,MODEL,-0.2463,0.100,0.8396,0,none
8.880,-0.84082,0.12876,0.22205,1,0,30,MODEL,-0.4073,0.100,0.8467,0,none
8.930,-0.97902,0.35004,0.41188,0,1,30,MODEL,-0.4073,0.100,0.8496,0,none
8.982,-1.12813,0.26015,0.54567,0,2,30,MODEL,-0.4073,0.100,0.8535,0,none
9.032,-1.28552,0.53272,0.66820,0,3,0,FALLBACK,1.0000,0.100,0.8575,0,none
9.082,-1.44433,1.03766,0.31232,0,3,0,FALLBACK,1.0000,0.100,0.8406,0,none
9.132,-1.55305,1.19540,0.27749,1,3,1,FALLBACK,1.0000,0.100,0.8333,0,none
9.182,-1.63811,1.17042,0.29472,0,3,0,FALLBACK,1.0000,0.100,0.8356,0,none
9.231,-1.51384,1.29154,0.28409,1,3,1,FALLBACK,1.0000,0.100,0.8381,0,none
9.283,-1.64939,1.34778,0.22470,1,3,2,FALLBACK,1.0000,0.100,0.8405,0,none
9.331,-1.76758,1.42550,0.26354,1,3,3,FALLBACK,1.0000,0.100,0.8430,0,none
9.383,-1.86784,1.31070,0.29578,0,3,0,FALLBACK,1.0000,0.100,0.8454,0,none
9.432,-1.94971,1.07469,0.27248,1,3,1,FALLBACK,1.0000,0.100,0.8477,0,none
9.482,-2.01274,1.32317,0.28614,0,3,0,FALLBACK,1.0000,0.100,0.8500,0,none
9.532,-2.05656,1.45424,0.30761,0,3,0,FALLBACK,1.0000,0.100,0.8523,0,none
9.584,-2.08087,0.81279,0.82497,0,3,0,FALLBACK,1.0000,0.100,0.8546,0,none
9.634,-2.08542,0.35204,0.99360,0,3,0,FALLBACK,1.0000,0.100,0.8568,0,none
9.684,-2.07006,-1.15275,0.73411,0,3,0,FALLBACK,1.0000,0.100,0.8590,0,none
9.734,-2.03467,-0.92112,0.87823,0,3,0,FALLBACK,1.0000,0.100,0.8612,0,none
9.785,-1.97924,-1.64826,0.44087,0,3,0,FALLBACK,1.0000,0.100,0.8633,0,none
9.834,-1.90381,-1.25225,0.35268,0,3,0,FALLBACK,1.0000,0.100,0.8654,0,none
9.883,-1.80849,-1.27061,0.27628,1,3,1,FALLBACK,1.0000,0.100,0.8674,0,none
9.934,-1.69349,-1.32881,0.26428,1,3,2,FALLBACK,1.0000,0.100,0.8695,0,none
9.985,-1.55908,-1.24817,0.28587,0,3,0,FALLBACK,1.0000,0.100,0.8715,0,none
10.037,-1.40559,-1.39772,0.50159,0,3,0,FALLBACK,1.0000,0.100,0.8735,0,none
10.086,-1.23344,-0.97381,0.26645,1,3,1,FALLBACK,1.0000,0.100,0.8754,0,none
10.137,-1.04313,-0.52931,0.25900,1,3,2,FALLBACK,1.0000,0.100,0.8773,0,none
10.187,-0.83523,-0.15368,0.19606,1,3,3,FALLBACK,1.0000,0.100,0.8792,0,none
10.234,-0.61036,-0.17902,0.14501,1,3,4,FALLBACK,0.4275,0.100,0.8810,0,none
10.286,-0.37001,-0.10240,0.12425,1,3,5,FALLBACK,-0.8517,0.100,0.8848,0,none
10.337,-0.13269,0.05921,0.13447,1,3,6,FALLBACK,-1.0000,0.100,0.8861,0,none
10.387,0.06518,0.01360,0.11525,1,3,7,FALLBACK,-1.0000,0.100,0.8659,0,none
10.436,0.23347,0.05004,0.09267,1,3,8,FALLBACK,-1.0000,0.100,0.8669,0,none
10.488,0.38386,0.09223,0.15719,1,3,9,FALLBACK,-1.0000,0.100,0.8689,0,none
10.536,0.51601,0.27456,0.15626,1,3,10,FALLBACK,-1.0000,0.100,0.8710,0,none
10.594,0.62923,0.50916,0.14488,1,3,11,FALLBACK,-1.0000,0.100,0.8730,0,none
10.626,0.72299,0.67773,0.19557,1,3,12,FALLBACK,-1.0000,0.100,0.8749,0,none
10.673,0.79683,0.75517,0.18760,1,3,13,FALLBACK,-1.0000,0.100,0.8769,0,none
10.725,0.85033,0.30290,0.15496,1,3,14,FALLBACK,-1.0000,0.100,0.8788,0,none
10.775,0.88320,0.35777,0.18639,1,3,15,FALLBACK,-1.0000,0.100,0.8806,0,none
10.827,0.89516,0.46938,0.20518,1,3,16,FALLBACK,-1.0000,0.100,0.8825,0,none
10.876,0.88605,0.35963,0.14449,1,3,17,FALLBACK,-1.0000,0.100,0.8843,0,none
10.925,0.85578,0.42155,0.17124,1,3,18,FALLBACK,-1.0000,0.100,0.8861,0,none
10.976,0.80431,0.31395,0.16702,1,3,19,FALLBACK,-1.0000,0.100,0.8879,0,none
11.026,0.73172,0.20305,0.16284,1,3,20,FALLBACK,-1.0000,0.100,0.8896,0,none
11.077,0.63814,0.27955,0.18019,1,3,21,FALLBACK,-1.0000,0.100,0.8913,0,none
11.127,0.52381,0.25157,0.17697,1,3,22,FALLBACK,-1.0000,0.100,0.8930,0,none
11.176,0.38902,0.24904,0.16822,1,3,23,FALLBACK,-1.0000,0.100,0.8947,0,none
11.229,0.23417,0.13985,0.15306,1,3,24,FALLBACK,-1.0000,0.100,0.8963,0,none
11.278,0.05973,0.02537,0.07911,1,3,25,FALLBACK,-0.9264,0.100,0.8979,0,none
11.328,-0.13333,0.14360,0.19053,1,3,26,FALLBACK,0.1319,0.100,0.9004,0,none
11.378,-0.33606,0.02849,0.13622,1,3,27,FALLBACK,1.0000,0.100,0.8941,0,none
11.427,-0.50886,0.07989,0.19778,1,3,28,FALLBACK,1.0000,0.100,0.8842,0,none
11.478,-0.63812,0.01300,0.09135,1,3,29,FALLBACK,1.0000,0.100,0.8823,0,none
11.528,-0.74572,0.00025,0.12410,1,0,30,MODEL,-0.2852,0.100,0.8840,0,none
11.579,-0.84056,0.01178,0.14841,1,0,30,MODEL,-0.2962,0.100,0.8734,0,none
11.628,-0.96936,0.20578,0.35390,0,1,30,MODEL,-0.2962,0.100,0.8787,0,none
11.678,-1.10810,0.23940,0.42599,0,2,30,MODEL,-0.2962,0.100,0.8823,0,none
11.729,-1.25298,0.59266,0.47306,0,3,0,FALLBACK,1.0000,0.100,0.8861,0,none
11.779,-1.39760,1.27356,0.39939,0,3,0,FALLBACK,1.0000,0.100,0.8698,0,none
11.827,-1.49209,1.16111,0.58083,0,3,0,FALLBACK,1.0000,0.100,0.8631,0,none
11.879,-1.56207,0.64374,0.58123,0,3,0,FALLBACK,1.0000,0.100,0.8650,0,none
11.937,-1.61259,0.32230,0.64664,0,3,0,FALLBACK,1.0000,0.100,0.8671,0,none
11.981,-1.64299,-0.51284,0.94755,0,3,0,FALLBACK,1.0000,0.100,0.8691,0,none
12.030,-1.65299,-1.09925,0.74882,0,3,0,FALLBACK,1.0000,0.100,0.8711,0,none
12.080,-1.64243,-0.21659,0.58279,0,3,0,FALLBACK,1.0000,0.100,0.8731,0,none
12.131,-1.61118,-0.35954,0.46551,0,3,0,FALLBACK,1.0000,0.100,0.8750,0,none
12.178,-1.55922,-0.97031,0.35779,0,3,0,FALLBACK,1.0000,0.100,0.8770,0,none
12.230,-1.48660,-1.05942,0.33455,0,3,0,FALLBACK,1.0000,0.100,0.8789,0,none
12.281,-1.39346,-1.00579,0.23335,1,3,1,FALLBACK,1.0000,0.100,0.8807,0,none
12.328,-1.28002,-0.90356,0.28451,1,3,2,FALLBACK,1.0000,0.100,0.8825,0,none
12.381,-1.14653,-0.56087,0.24081,1,3,3,FALLBACK,1.0000,0.100,0.8844,0,none
12.430,-0.99337,-0.48337,0.18253,1,3,4,FALLBACK,1.0000,0.100,0.8861,0,none
12.481,-0.82099,-0.20164,0.14518,1,3,5,FALLBACK,1.0000,0.100,0.8879,0,none
12.531,-0.62993,-0.13809,0.13459,1,3,6,FALLBACK,0.6943,0.100,0.8896,0,none
12.579,-0.42263,-0.05354,0.16232,1,3,7,FALLBACK,-0.4234,0.100,0.8934,0,none
12.632,-0.21416,-0.02090,0.12042,1,3,8,FALLBACK,-1.0000,0.100,0.8852,0,none
12.681,0.05229,0.06171,0.14374,1,3,9,FALLBACK,-1.0000,0.100,0.8786,0,none
12.730,0.13026,0.26969,0.19520,1,3,10,FALLBACK,-1.0000,0.100,0.8790,0,none
12.781,0.18694,0.14203,0.15918,1,3,11,FALLBACK,-1.0000,0.100,0.8808,0,none
12.830,0.22306,0.20595,0.15356,1,3,12,FALLBACK,-1.0000,0.100,0.8827,0,none
12.880,0.23822,0.16672,0.13185,1,3,13,FALLBACK,-1.0000,0.100,0.8845,0,none
12.931,0.23221,0.14109,0.11331,1,3,14,FALLBACK,-1.0000,0.100,0.8863,0,none
12.983,0.27847,0.01176,0.16346,1,3,15,FALLBACK,-1.0000,0.100,0.8881,0,none
13.032,0.16960,0.07373,0.12742,1,3,16,FALLBACK,-1.0000,0.100,0.8898,0,none
13.082,0.04031,0.05663,0.14203,1,3,17,FALLBACK,-1.0000,0.100,0.8915,0,none
13.132,-0.10904,0.06667,0.13047,1,3,18,FALLBACK,-0.2081,0.100,0.8932,0,none
13.184,-0.27226,0.07497,0.12736,1,3,19,FALLBACK,0.6774,0.100,0.8920,0,none
13.232,-0.41729,0.13451,0.16179,1,3,20,FALLBACK,1.0000,0.100,0.8865,0,none
13.282,-0.44131,-0.00892,0.13810,1,3,21,FALLBACK,0.8267,0.100,0.8827,0,none
13.333,-0.57649,-0.07769,0.10922,1,3,22,FALLBACK,1.0000,0.100,0.8850,0,none
13.383,-0.69962,-0.05318,0.17581,1,3,23,FALLBACK,1.0000,0.100,0.8884,0,none
13.432,-0.79992,-0.01400,0.14862,1,3,24,FALLBACK,1.0000,0.100,0.8873,0,none
13.483,-0.87781,0.01971,0.19620,1,3,25,FALLBACK,1.0000,0.100,0.8889,0,none
13.535,-0.93484,0.03782,0.25631,1,3,26,FALLBACK,1.0000,0.100,0.8906,0,none
13.584,-0.87587,0.10874,0.26415,1,3,27,FALLBACK,1.0000,0.100,0.8923,0,none
13.632,-0.95184,-0.08057,0.13686,1,3,28,FALLBACK,1.0000,0.100,0.8940,0,none
13.685,-1.00663,-0.28229,0.16418,1,3,29,FALLBACK,1.0000,0.100,0.8956,0,none
13.732,-1.03992,-0.12149,0.13566,1,0,30,MODEL,-0.1696,0.100,0.8972,0,none
13.784,-1.05903,-0.01869,0.13650,1,0,30,MODEL,-0.2672,0.100,0.8889,0,none
13.835,-1.11035,-0.14061,0.18344,1,0,30,MODEL,-0.1514,0.100,0.8948,0,none
13.885,-1.06735,0.22887,0.37922,0,1,30,MODEL,-0.1514,0.100,0.8984,0,none
13.934,-1.19071,0.20010,0.37646,0,2,30,MODEL,-0.1514,0.100,0.9023,0,none
13.985,-1.31743,0.43345,0.44386,0,3,0,FALLBACK,1.0000,0.100,0.9060,0,none
14.035,-1.44108,1.05911,0.39388,0,3,0,FALLBACK,1.0000,0.100,0.8903,0,none
14.085,-1.51570,0.98982,0.46512,0,3,0,FALLBACK,1.0000,0.100,0.8856,0,none
14.135,-1.56561,1.02977,0.35499,0,3,0,FALLBACK,1.0000,0.100,0.8872,0,none
14.185,-1.46114,1.05317,0.46128,0,3,0,FALLBACK,1.0000,0.100,0.8889,0,none
14.236,-1.53044,0.86880,0.42869,0,3,0,FALLBACK,1.0000,0.100,0.8906,0,none
14.284,-1.57865,0.53627,0.61477,0,3,0,FALLBACK,1.0000,0.100,0.8923,0,none
14.336,-1.60547,0.58939,0.61576,0,3,0,FALLBACK,1.0000,0.100,0.8939,0,none
14.385,-1.61068,0.45902,0.48167,0,3,0,FALLBACK,1.0000,0.100,0.8956,0,none
14.435,-1.59414,0.22445,0.59302,0,3,0,FALLBACK,1.0000,0.100,0.8972,0,none
14.487,-1.55578,-0.27151,0.34394,0,3,0,FALLBACK,1.0000,0.100,0.8987,0,none
14.536,-1.40082,-0.44731,0.37538,0,3,0,FALLBACK,1.0000,0.100,0.9003,0,none
14.586,-1.38112,-0.92032,0.36732,0,3,0,FALLBACK,1.0000,0.100,0.9018,0,none
14.636,-1.33939,-0.92095,0.27183,1,3,1,FALLBACK,1.0000,0.100,0.9033,0,none
14.688,-1.27570,-1.04450,0.29110,0,3,0,FALLBACK,1.0000,0.100,0.9048,0,none
14.739,-1.19017,-0.85845,0.25741,1,3,1,FALLBACK,1.0000,0.100,0.9063,0,none
14.789,-1.08302,-1.00967,0.25759,1,3,2,FALLBACK,1.0000,0.100,0.9077,0,none
14.841,-0.95458,-0.83115,0.30652,0,3,0,FALLBACK,1.0000,0.100,0.9091,0,none
14.888,-0.80522,-0.53715,0.25300,1,3,1,FALLBACK,1.0000,0.100,0.9105,0,none
14.939,-0.63542,-0.15020,0.14613,1,3,2,FALLBACK,0.8281,0.100,0.9119,0,none
14.988,-0.44601,-0.09616,0.14217,1,3,3,FALLBACK,-0.2170,0.100,0.9146,0,none
15.041,-0.24475,-0.10056,0.14333,1,3,4,FALLBACK,-1.0000,0.100,0.9167,0,none
15.091,-0.06810,-0.01084,0.09877,1,3,5,FALLBACK,-1.0000,0.100,0.9138,0,none
15.139,0.07146,0.07341,0.12540,1,3,6,FALLBACK,-1.0000,0.100,0.8998,0,none
15.171,0.18152,0.05652,0.16421,1,3,7,FALLBACK,-1.0000,0.100,0.9008,0,none
15.225,0.27093,0.19721,0.16446,1,3,8,FALLBACK,-1.0000,0.100,0.9024,0,none
15.273,0.33900,0.09764,0.09842,1,3,9,FALLBACK,-1.0000,0.100,0.9039,0,none
15.323,0.38536,0.16502,0.17585,1,3,10,FALLBACK,-1.0000,0.100,0.9054,0,none
15.373,0.40970,0.07490,0.08934,1,3,11,FALLBACK,-1.0000,0.100,0.9068,0,none
15.426,0.36558,0.07901,0.12783,1,3,12,FALLBACK,-1.0000,0.100,0.9083,0,none
15.473,0.37703,0.07676,0.18401,1,3,13,FALLBACK,-1.0000,0.100,0.9097,0,none
15.526,0.36608,0.03145,0.17761,1,3,14,FALLBACK,-1.0000,0.100,0.9111,0,none
15.574,0.33268,0.07175,0.13248,1,3,15,FALLBACK,-1.0000,0.100,0.9125,0,none
15.625,0.27685,0.06853,0.15938,1,3,16,FALLBACK,-1.0000,0.100,0.9138,0,none
15.674,0.19872,0.09367,0.12445,1,3,17,FALLBACK,-1.0000,0.100,0.9152,0,none
15.725,0.06417,0.12097,0.12074,1,3,18,FALLBACK,-1.0000,0.100,0.9165,0,none
15.775,-0.02734,-0.01019,0.10322,1,3,19,FALLBACK,-0.9057,0.100,0.9178,0,none
15.827,-0.13946,-0.01560,0.11172,1,3,20,FALLBACK,-0.2421,0.100,0.9205,0,none
15.876,-0.26818,-0.05998,0.10596,1,3,21,FALLBACK,0.4845,0.100,0.9237,0,none
15.928,-0.37685,-0.10958,0.15365,1,3,22,FALLBACK,0.9276,0.100,0.9185,0,none
15.976,-0.50604,-0.23474,0.20021,1,3,23,FALLBACK,1.0000,0.100,0.9123,0,none
16.027,-0.51600,-0.36993,0.18780,1,3,24,FALLBACK,1.0000,0.100,0.9114,0,none
16.078,-0.50089,-0.51415,0.20364,1,3,25,FALLBACK,0.9289,0.100,0.9125,0,none
16.125,-0.46342,-0.46655,0.21503,1,3,26,FALLBACK,0.6298,0.100,0.9145,0,none
16.176,-0.40917,-0.39255,0.19010,1,3,27,FALLBACK,0.2746,0.100,0.9186,0,none
16.227,-0.35085,-0.31473,0.18274,1,3,28,FALLBACK,-0.0373,0.100,0.9232,0,none
16.279,-0.33215,-0.21944,0.15609,1,3,29,FALLBACK,0.0672,0.100,0.9268,0,none
16.325,-0.25468,-0.13605,0.11742,1,0,30,MODEL,-0.1558,0.100,0.9307,0,none
16.379,-0.17581,-0.12492,0.13483,1,0,30,MODEL,-0.1663,0.100,0.9333,0,none
16.428,-0.10455,-0.07091,0.12841,1,0,30,MODEL,-0.2176,0.100,0.9367,0,none
16.479,-0.03814,0.00723,0.09324,1,0,30,MODEL,-0.2919,0.100,0.9398,0,none
16.527,-0.02590,0.02549,0.12323,1,0,30,MODEL,-0.3092,0.100,0.9428,0,none
16.579,0.05807,0.12869,0.16751,1,0,30,MODEL,-0.4073,0.100,0.9457,0,none
16.626,0.13331,-0.05800,0.15876,1,0,30,MODEL,-0.2299,0.100,0.9482,0,none
16.679,0.19796,0.02306,0.10906,1,0,30,MODEL,-0.3069,0.100,0.9513,0,none
16.729,0.26057,0.05675,0.12732,1,0,30,MODEL,-0.3389,0.100,0.9545,0,none
16.780,0.31444,0.03181,0.14571,1,0,30,MODEL,-0.3152,0.100,0.9572,0,none
16.827,0.33162,-0.01172,0.10117,1,0,30,MODEL,-0.2739,0.100,0.9602,0,none
16.881,0.40237,0.01701,0.12021,1,0,30,MODEL,-0.3012,0.100,0.9633,0,none
16.931,0.46734,0.10224,0.13839,1,0,30,MODEL,-0.3821,0.100,0.9663,0,none
16.978,0.52371,0.22493,0.17444,1,0,30,MODEL,-0.4987,0.100,0.9686,0,none
17.033,0.56745,0.37737,0.19516,1,0,30,MODEL,-0.6435,0.100,0.9703,0,none
17.081,0.55675,0.33930,0.18704,1,0,30,MODEL,-0.6073,0.100,0.9716,0,none
17.130,0.59813,0.37809,0.19500,1,0,30,MODEL,-0.6442,0.100,0.9730,0,none
17.178,0.62391,0.25787,0.15153,1,0,30,MODEL,-0.5300,0.100,0.9752,0,none
17.230,0.63332,0.29174,0.17136,1,0,30,MODEL,-0.5622,0.100,0.9779,0,none
17.280,0.63098,0.29353,0.17869,1,0,30,MODEL,-0.5639,0.100,0.9804,0,none
17.331,0.56608,0.33932,0.17517,1,0,30,MODEL,-0.6074,0.100,0.9825,0,none
17.381,0.56768,0.22190,0.15342,1,0,30,MODEL,-0.4958,0.100,0.9847,0,none
17.429,0.55345,0.10759,0.09943,1,0,30,MODEL,-0.3872,0.100,0.9871,0,none
17.480,0.52883,0.14541,0.12939,1,0,30,MODEL,-0.4231,0.100,0.9902,0,none
17.530,0.49613,0.21581,0.17797,1,0,30,MODEL,-0.4900,0.100,0.9928,0,none
17.579,0.39722,0.18495,0.16544,1,0,30,MODEL,-0.4607,0.100,0.9947,0,none
17.631,0.37157,0.09083,0.10811,1,0,30,MODEL,-0.3713,0.100,0.9968,0,none
17.681,0.33416,0.01933,0.10341,1,0,30,MODEL,-0.3034,0.100,0.9997,0,none
17.733,0.28924,0.01666,0.08159,1,0,30,MODEL,-0.3008,0.100,1.0026,0,none
17.782,0.23755,0.07350,0.14238,1,0,30,MODEL,-0.3548,0.100,1.0053,0,none
17.830,0.17765,0.03150,0.09364,1,0,30,MODEL,-0.3149,0.100,1.0078,0,none
17.883,0.08567,0.04448,0.09872,1,0,30,MODEL,-0.3273,0.100,1.0100,0,none
17.932,0.04173,0.04689,0.10266,1,0,30,MODEL,-0.3295,0.100,1.0124,0,none
17.981,-0.01165,0.06480,0.17713,1,0,30,MODEL,-0.3466,0.100,1.0147,0,none
18.033,-0.07464,0.05738,0.10363,1,0,30,MODEL,-0.3395,0.100,1.0170,0,none
18.083,-0.14783,-0.06302,0.14193,1,0,30,MODEL,-0.2251,0.100,1.0193,0,none
18.132,-0.25058,-0.04808,0.14903,1,0,30,MODEL,-0.2393,0.100,1.0219,0,none
18.183,-0.30171,-0.13365,0.18395,1,0,30,MODEL,-0.1580,0.100,1.0244,0,none
18.233,-0.35974,-0.45366,0.18326,1,0,30,MODEL,0.1460,0.100,1.0267,0,none
18.283,-0.41921,-0.34534,0.20970,1,0,30,MODEL,0.0431,0.100,1.0280,0,none
18.332,-0.46835,-0.42066,0.18636,1,0,30,MODEL,0.1146,0.100,1.0304,0,none
18.383,-0.53167,-0.67538,0.24978,1,0,30,MODEL,0.3566,0.100,1.0327,0,none
18.431,-0.54008,-0.66781,0.23447,1,0,30,MODEL,0.3494,0.100,1.0350,0,none
18.483,-0.53520,-0.63612,0.24411,1,0,30,MODEL,0.3193,0.100,1.0352,0,none
18.533,-0.51799,-0.58123,0.22697,1,0,30,MODEL,0.2672,0.100,1.0373,0,none
18.583,-0.53260,-0.64055,0.21112,1,0,30,MODEL,0.3235,0.100,1.0395,0,none
18.632,-0.46254,-0.45311,0.20958,1,0,30,MODEL,0.1455,0.100,1.0416,0,none
18.684,-0.38363,-0.35110,0.22366,1,0,30,MODEL,0.0485,0.100,1.0438,0,none
18.736,-0.30425,-0.26467,0.13868,1,0,30,MODEL,-0.0336,0.100,1.0464,0,none
18.786,-0.22618,-0.12125,0.13321,1,0,30,MODEL,-0.1698,0.100,1.0487,0,none
18.837,-0.18511,-0.09968,0.12300,1,0,30,MODEL,-0.1903,0.100,1.0505,0,none
18.884,-0.08280,0.00853,0.09485,1,0,30,MODEL,-0.2931,0.100,1.0525,0,none
18.933,0.01247,0.02233,0.11398,1,0,30,MODEL,-0.3062,0.100,1.0540,0,none
18.986,0.09688,-0.00149,0.12051,1,0,30,MODEL,-0.2836,0.100,1.0557,0,none
19.037,0.17186,0.14887,0.10161,1,0,30,MODEL,-0.4264,0.100,1.0577,0,none
19.085,0.20979,0.11853,0.15976,1,0,30,MODEL,-0.3976,0.100,1.0587,0,none
19.136,0.29616,0.24352,0.16738,1,0,30,MODEL,-0.5163,0.100,1.0601,0,none
19.188,0.36975,0.19522,0.18374,1,0,30,MODEL,-0.4705,0.100,1.0609,0,none
19.235,0.42546,0.24356,0.15463,1,0,30,MODEL,-0.5164,0.100,1.0622,0,none
19.287,0.46731,0.27558,0.20760,1,0,30,MODEL,-0.5468,0.100,1.0636,0,none
19.337,0.49238,0.14118,0.14707,1,0,30,MODEL,-0.4191,0.100,1.0645,0,none
19.387,0.49957,0.18776,0.12061,1,0,30,MODEL,-0.4634,0.100,1.0656,0,none
19.438,0.49450,0.13494,0.13086,1,0,30,MODEL,-0.4132,0.100,1.0679,0,none
19.485,0.47553,0.08143,0.10066,1,0,30,MODEL,-0.3624,0.100,1.0692,0,none
19.539,0.44384,0.08626,0.11525,1,0,30,MODEL,-0.3669,0.100,1.0713,0,none
19.587,0.40211,0.11397,0.18624,1,0,30,MODEL,-0.3933,0.100,1.0732,0,none
19.637,0.34889,0.09166,0.09482,1,0,30,MODEL,-0.3721,0.100,1.0747,0,none
19.686,0.28273,0.04764,0.10229,1,0,30,MODEL,-0.3303,0.100,1.0762,0,none
19.742,0.20506,0.10665,0.12120,1,0,30,MODEL,-0.3863,0.100,1.0780,0,none
19.787,0.11769,0.05192,0.16447,1,0,30,MODEL,-0.3343,0.100,1.0798,0,none
19.837,0.01796,0.01818,0.13169,1,0,30,MODEL,-0.3023,0.100,1.0810,0,none
19.890,-0.09203,0.03873,0.11137,1,0,30,MODEL,-0.3218,0.100,1.0829,0,none
19.941,-0.21085,-0.00323,0.10403,1,0,30,MODEL,-0.2819,0.100,1.0846,0,none
19.989,-0.33973,-0.09797,0.11797,1,0,30,MODEL,-0.1919,0.100,1.0862,0,none
20.040,-0.47697,-0.13499,0.11571,1,0,30,MODEL,-0.1568,0.100,1.0881,0,none
20.090,-0.61882,-0.02592,0.14835,1,0,30,MODEL,-0.2604,0.100,1.0900,0,none
20.139,-0.76500,-0.05378,0.12645,1,0,30,MODEL,-0.2339,0.100,1.0916,0,none
20.173,-0.92081,0.24814,0.28026,1,0,30,MODEL,-0.5207,0.100,1.0929,0,none
20.221,-1.08869,0.82454,0.54011,0,1,30,MODEL,-0.5207,0.100,1.0915,0,none
20.274,-1.27724,1.24095,0.43355,0,2,30,MODEL,-0.5207,0.100,1.0919,0,none
20.323,-1.48140,1.42545,0.36251,0,3,0,FALLBACK,1.0000,0.100,1.0928,0,none
20.373,-1.68538,1.59151,0.27834,1,3,1,FALLBACK,1.0000,0.100,1.0693,0,none
20.424,-1.82938,1.76332,0.33322,0,3,0,FALLBACK,1.0000,0.100,1.0523,0,none
20.473,-1.93854,1.76674,0.31098,0,3,0,FALLBACK,1.0000,0.100,1.0507,0,none
20.526,-1.87155,1.62903,0.36081,0,3,0,FALLBACK,1.0000,0.100,1.0497,0,none
20.575,-2.02807,1.80353,0.28723,0,3,0,FALLBACK,1.0000,0.100,1.0488,0,none
20.625,-2.15645,1.74071,0.26401,1,3,1,FALLBACK,1.0000,0.100,1.0478,0,none
20.677,-2.25613,1.65811,0.26780,1,3,2,FALLBACK,1.0000,0.100,1.0469,0,none
20.726,-2.32668,1.45913,0.34855,0,3,0,FALLBACK,1.0000,0.100,1.0459,0,none
20.777,-2.36781,1.71535,0.29159,0,3,0,FALLBACK,1.0000,0.100,1.0450,0,none
20.825,-2.20039,1.51628,0.28822,0,3,0,FALLBACK,1.0000,0.100,1.0442,0,none
20.878,-2.29080,1.40849,0.26753,1,3,1,FALLBACK,1.0000,0.100,1.0433,0,none
20.926,-2.35215,1.41121,0.29397,0,3,0,FALLBACK,1.0000,0.100,1.0424,0,none
20.978,-2.38422,1.28643,0.22168,1,3,1,FALLBACK,1.0000,0.100,1.0416,0,none
21.027,-2.38691,1.33746,0.25548,1,3,2,FALLBACK,1.0000,0.100,1.0408,0,none
21.077,-2.36028,1.26309,0.34144,0,3,0,FALLBACK,1.0000,0.100,1.0400,0,none
21.128,-2.09482,1.09983,0.59598,0,3,0,FALLBACK,1.0000,0.100,1.0392,0,none
21.178,-2.11824,1.33558,0.43918,0,3,0,FALLBACK,1.0000,0.100,1.0384,0,none
21.228,-2.11247,0.36327,0.87223,0,3,0,FALLBACK,1.0000,0.100,1.0376,0,none
21.279,-2.07759,-0.15566,0.77154,0,3,0,FALLBACK,1.0000,0.100,1.0369,0,none
21.328,-2.01383,-0.02451,0.89438,0,3,0,FALLBACK,1.0000,0.100,1.0361,0,none
21.378,-1.92156,0.01305,0.74201,0,3,0,FALLBACK,1.0000,0.100,1.0354,0,none
21.429,-1.80131,-0.32758,0.52868,0,3,0,FALLBACK,1.0000,0.100,1.0347,0,none
21.479,-1.53199,-0.52817,0.30740,0,3,0,FALLBACK,1.0000,0.100,1.0340,0,none
21.528,-1.46060,-0.68426,0.26844,1,3,1,FALLBACK,1.0000,0.100,1.0333,0,none
21.579,-1.36097,-0.39067,0.30320,0,3,0,FALLBACK,1.0000,0.100,1.0326,0,none
21.629,-1.23363,-0.28539,0.22986,1,3,1,FALLBACK,1.0000,0.100,1.0320,0,none
21.678,-1.07929,-0.33528,0.21482,1,3,2,FALLBACK,1.0000,0.100,1.0313,0,none
21.729,-0.89875,-0.46592,0.24158,1,3,3,FALLBACK,1.0000,0.100,1.0307,0,none
21.782,-0.57462,-0.23390,0.19245,1,3,4,FALLBACK,-0.2476,0.100,1.0301,0,none
21.829,-0.44219,0.01055,0.10527,1,3,5,FALLBACK,0.0488,0.100,1.0293,0,none
21.878,-0.33776,0.01524,0.06227,1,3,6,FALLBACK,-0.3333,0.100,1.0216,0,none
21.931,-0.23829,0.03303,0.08201,1,3,7,FALLBACK,-0.8059,0.100,1.0215,0,none
21.979,-0.15873,0.05667,0.13837,1,3,8,FALLBACK,-1.0000,0.100,1.0160,0,none
22.028,0.03007,-0.04225,0.10869,1,3,9,FALLBACK,-1.0000,0.100,1.0120,0,none
22.080,-0.06590,0.04083,0.18031,1,3,10,FALLBACK,-0.6907,0.100,1.0106,0,none
22.130,-0.18641,-0.12298,0.16363,1,3,11,FALLBACK,0.0346,0.100,1.0130,0,none
22.180,-0.31269,0.00477,0.16209,1,3,12,FALLBACK,0.6949,0.100,1.0119,0,none
22.229,-0.42058,0.06975,0.16269,1,3,13,FALLBACK,1.0000,0.100,1.0115,0,none
22.278,-0.49052,0.07499,0.09812,1,3,14,FALLBACK,1.0000,0.100,1.0003,0,none
22.332,-0.44889,-0.03608,0.12510,1,3,15,FALLBACK,0.5363,0.100,0.9985,0,none
22.380,-0.55572,-0.08053,0.15048,1,3,16,FALLBACK,1.0000,0.100,0.9984,0,none
22.430,-0.65079,-0.11026,0.12864,1,3,17,FALLBACK,1.0000,0.100,0.9966,0,none
22.481,-0.71283,0.06031,0.10844,1,3,18,FALLBACK,1.0000,0.100,0.9949,0,none
22.530,-0.74693,0.03061,0.10622,1,3,19,FALLBACK,1.0000,0.100,0.9948,0,none
22.579,-0.62910,-0.04055,0.12004,1,3,20,FALLBACK,1.0000,0.100,0.9948,0,none
22.630,-0.71300,-0.08028,0.12361,1,3,21,FALLBACK,1.0000,0.100,0.9948,0,none
22.680,-0.77052,-0.10870,0.17609,1,3,22,FALLBACK,1.0000,0.100,0.9948,0,none
22.731,-0.80139,-0.01547,0.11894,1,3,23,FALLBACK,1.0000,0.100,0.9948,0,none
22.782,-0.80547,0.02166,0.08862,1,3,24,FALLBACK,1.0000,0.100,0.9948,0,none
22.829,-0.60184,-0.08658,0.15885,1,3,25,FALLBACK,0.4910,0.100,0.9948,0,none
22.881,-0.66067,-0.28644,0.21559,1,3,26,FALLBACK,1.0000,0.100,0.9967,0,none
22.930,-0.71393,-0.06622,0.18210,1,3,27,FALLBACK,1.0000,0.100,0.9926,0,none
22.981,-0.72903,-0.24315,0.19787,1,3,28,FALLBACK,1.0000,0.100,0.9905,0,none
23.031,-0.71605,-0.20567,0.16566,1,3,29,FALLBACK,1.0000,0.100,0.9905,0,none
23.081,-0.67664,-0.32190,0.19404,1,0,30,MODEL,0.0208,0.100,0.9906,0,none
23.130,-0.61833,-0.11282,0.11135,1,0,30,MODEL,-0.1778,0.100,0.9856,0,none
23.183,-0.58367,-0.22102,0.14697,1,0,30,MODEL,-0.0750,0.100,0.9908,0,none
23.231,-0.55994,-0.06265,0.15478,1,0,30,MODEL,-0.2255,0.100,0.9935,0,none
23.281,-0.53770,-0.07078,0.14570,1,0,30,MODEL,-0.2178,0.100,0.9958,0,none
23.330,-0.52433,-0.05186,0.10880,1,0,30,MODEL,-0.2357,0.100,0.9983,0,none
23.381,-0.51738,-0.07930,0.17623,1,0,30,MODEL,-0.2097,0.100,1.0009,0,none
23.430,-0.51700,-0.10871,0.17978,1,0,30,MODEL,-0.1817,0.100,1.0036,0,none
23.482,-0.52175,-0.12716,0.14318,1,0,30,MODEL,-0.1642,0.100,1.0063,0,none
23.531,-0.53081,-0.09692,0.14365,1,0,30,MODEL,-0.1929,0.100,1.0090,0,none
23.583,-0.54431,-0.10124,0.12497,1,0,30,MODEL,-0.1888,0.100,1.0115,0,none
23.631,-0.56379,-0.17986,0.19080,1,0,30,MODEL,-0.1141,0.100,1.0140,0,none
23.681,-0.58809,-0.12992,0.13985,1,0,30,MODEL,-0.1616,0.100,1.0166,0,none
23.731,-0.61463,-0.13828,0.11440,1,0,30,MODEL,-0.1536,0.100,1.0191,0,none
23.782,-0.64649,-0.16207,0.17328,1,0,30,MODEL,-0.1310,0.100,1.0215,0,none
23.832,-0.68265,-0.14116,0.16041,1,0,30,MODEL,-0.1509,0.100,1.0240,0,none
23.883,-0.72238,-0.11751,0.12215,1,0,30,MODEL,-0.1734,0.100,1.0265,0,none
23.933,-0.76705,-0.39395,0.23096,1,0,30,MODEL,0.0893,0.100,1.0288,0,none
23.983,-0.81737,-0.42910,0.22747,1,0,30,MODEL,0.1226,0.100,1.0311,0,none
24.035,-0.86245,-0.22911,0.25888,1,0,30,MODEL,-0.0673,0.100,1.0327,0,none
24.085,-0.90089,-0.25215,0.25464,1,0,30,MODEL,-0.0455,0.100,1.0350,0,none
24.134,-0.94296,-0.23554,0.24252,1,0,30,MODEL,-0.0612,0.100,1.0371,0,none
24.185,-0.98825,-0.36126,0.26480,1,0,30,MODEL,0.0582,0.100,1.0394,0,none
24.234,-1.03457,-0.49050,0.32374,0,1,30,MODEL,0.0582,0.100,1.0416,0,none
24.283,-1.07703,-0.46619,0.21640,1,0,30,MODEL,0.1579,0.100,1.0438,0,none
24.335,-1.11668,-0.26090,0.26299,1,0,30,MODEL,-0.0371,0.100,1.0458,0,none
24.383,-1.15135,-0.38281,0.24079,1,0,30,MODEL,0.0787,0.100,1.0476,0,none
24.434,-1.18971,-0.17303,0.24369,1,0,30,MODEL,-0.1206,0.100,1.0498,0,none
24.485,-1.22579,-0.18474,0.21909,1,0,30,MODEL,-0.1095,0.100,1.0515,0,none
24.535,-1.26897,-0.07967,0.12303,1,0,30,MODEL,-0.2093,0.100,1.0536,0,none
24.585,-1.31669,-0.01507,0.13147,1,0,30,MODEL,-0.2707,0.100,1.0554,0,none
24.636,-1.37328,-0.14702,0.20747,1,0,30,MODEL,-0.1453,0.100,1.0571,0,none
24.687,-1.43971,-0.02871,0.19871,1,0,30,MODEL,-0.2577,0.100,1.0590,0,none
24.737,-1.51022,-0.14179,0.34855,0,1,30,MODEL,-0.2577,0.100,1.0610,0,none
24.790,-1.58938,0.41731,0.34176,0,2,30,MODEL,-0.2577,0.100,1.0627,0,none
24.839,-1.67707,0.62433,0.36271,0,3,0,FALLBACK,1.0000,0.100,1.0646,0,none
24.889,-1.77281,0.79429,0.41974,0,3,0,FALLBACK,1.0000,0.100,1.0665,0,none
24.936,-1.83432,0.49198,0.40473,0,3,0,FALLBACK,1.0000,0.100,1.0364,0,none
24.988,-1.84738,0.12249,0.40246,0,3,0,FALLBACK,1.0000,0.100,1.0333,0,none
25.038,-1.83124,-0.39789,0.44257,0,3,0,FALLBACK,1.0000,0.100,1.0326,0,none
25.089,-1.78643,-0.27246,0.22252,1,3,1,FALLBACK,1.0000,0.100,1.0319,0,none
25.140,-1.71312,-0.71273,0.31636,0,3,0,FALLBACK,1.0000,0.100,1.0313,0,none
25.192,-1.61172,-0.88972,0.25974,1,3,1,FALLBACK,1.0000,0.100,1.0306,0,none
25.238,-1.48277,-0.95096,0.23728,1,3,2,FALLBACK,1.0000,0.100,1.0300,0,none
25.289,-1.32695,-0.87210,0.19805,1,3,3,FALLBACK,1.0000,0.100,1.0294,0,none
25.339,-1.14507,-0.45408,0.28290,1,3,4,FALLBACK,1.0000,0.100,1.0288,0,none
25.389,-0.93806,-0.22072,0.19545,1,3,5,FALLBACK,1.0000,0.100,1.0282,0,none
25.439,-0.70696,-0.13259,0.17257,1,3,6,FALLBACK,0.8793,0.100,1.0276,0,none
25.488,-0.45295,-0.06381,0.11558,1,3,7,FALLBACK,-0.5054,0.100,1.0270,0,none
25.542,-0.18152,0.10115,0.11243,1,3,8,FALLBACK,-1.0000,0.100,1.0286,0,none
25.591,0.05702,0.00833,0.12630,1,3,9,FALLBACK,-1.0000,0.100,1.0065,0,none
25.639,0.33739,0.11979,0.15002,1,3,10,FALLBACK,-1.0000,0.100,0.9992,0,none
25.687,0.43133,0.24605,0.18289,1,3,11,FALLBACK,-1.0000,0.100,0.9990,0,none
25.740,0.49901,0.29999,0.18696,1,3,12,FALLBACK,-1.0000,0.100,0.9989,0,none
25.790,0.53997,0.19725,0.14545,1,3,13,FALLBACK,-1.0000,0.100,0.9989,0,none
25.823,0.55401,0.12463,0.12909,1,3,14,FALLBACK,-1.0000,0.100,0.9988,0,none
25.874,0.61719,0.16758,0.14941,1,3,15,FALLBACK,-1.0000,0.100,0.9988,0,none
25.925,0.50236,0.17869,0.13741,1,3,16,FALLBACK,-1.0000,0.100,0.9987,0,none
25.974,0.36198,0.14771,0.17172,1,3,17,FALLBACK,-1.0000,0.100,0.9987,0,none
26.024,0.19669,0.15948,0.15689,1,3,18,FALLBACK,-1.0000,0.100,0.9986,0,none
26.073,0.00726,0.18339,0.22919,1,3,19,FALLBACK,-0.5892,0.100,0.9986,0,none
26.125,-0.09514,0.24830,0.18634,1,3,20,FALLBACK,-0.5122,0.100,1.0028,0,none
26.175,-0.36917,0.19111,0.16896,1,3,21,FALLBACK,1.0000,0.100,1.0061,0,none
26.224,-0.65150,0.20775,0.25044,1,3,22,FALLBACK,1.0000,0.100,1.0064,0,none
26.274,-0.89299,0.31652,0.36450,0,3,0,FALLBACK,1.0000,0.100,0.9723,0,none
26.323,-1.09784,0.69842,0.29895,0,3,0,FALLBACK,1.0000,0.100,0.9713,0,none
26.375,-1.28066,1.23128,0.36975,0,3,0,FALLBACK,1.0000,0.100,0.9716,0,none
26.424,-1.29120,1.38362,0.31041,0,3,0,FALLBACK,1.0000,0.100,0.9720,0,none
26.475,-1.49447,1.35968,0.21940,1,3,1,FALLBACK,1.0000,0.100,0.9724,0,none
26.527,-1.67555,1.45856,0.29053,0,3,0,FALLBACK,1.0000,0.100,0.9728,0,none
26.573,-1.83363,1.49759,0.25121,1,3,1,FALLBACK,1.0000,0.100,0.9731,0,none
26.625,-1.96801,1.38755,0.28736,0,3,0,FALLBACK,1.0000,0.100,0.9735,0,none
26.677,-2.07805,1.44227,0.26316,1,3,1,FALLBACK,1.0000,0.100,0.9738,0,none
26.725,-2.16326,1.40101,0.22364,1,3,2,FALLBACK,1.0000,0.100,0.9742,0,none
26.774,-2.11027,1.46679,0.21961,1,3,3,FALLBACK,1.0000,0.100,0.9745,0,none
26.825,-2.21804,1.48501,0.23795,1,3,4,FALLBACK,1.0000,0.100,0.9749,0,none
26.874,-2.30089,1.24948,0.19820,1,3,5,FALLBACK,1.0000,0.100,0.9752,0,none
26.927,-2.35840,1.14275,0.24743,1,3,6,FALLBACK,1.0000,0.100,0.9755,0,none
26.978,-2.39032,1.24405,0.21662,1,3,7,FALLBACK,1.0000,0.100,0.9759,0,none
27.027,-2.39648,1.26979,0.29931,0,3,0,FALLBACK,1.0000,0.100,0.9762,0,none
27.077,-2.23986,1.04555,0.21523,1,3,1,FALLBACK,1.0000,0.100,0.9765,0,none
27.125,-2.26916,1.18161,0.31222,0,3,0,FALLBACK,1.0000,0.100,0.9768,0,none
27.175,-2.27265,1.43205,0.37182,0,3,0,FALLBACK,1.0000,0.100,0.9771,0,none
27.227,-2.25028,1.14322,0.45102,0,3,0,FALLBACK,1.0000,0.100,0.9774,0,none
27.278,-2.20211,0.86485,0.48678,0,3,0,FALLBACK,1.0000,0.100,0.9777,0,none
27.326,-2.12836,0.67661,0.48265,0,3,0,FALLBACK,1.0000,0.100,0.9780,0,none
27.378,-1.87427,0.34392,0.53915,0,3,0,FALLBACK,1.0000,0.100,0.9782,0,none
27.430,-1.82330,-0.06146,0.28464,1,3,1,FALLBACK,1.0000,0.100,0.9785,0,none
27.478,-1.74670,-0.28877,0.28380,1,3,2,FALLBACK,1.0000,0.100,0.9788,0,none
27.529,-1.64482,-0.72682,0.26821,1,3,3,FALLBACK,1.0000,0.100,0.9791,0,none
27.577,-1.51807,-0.85083,0.29094,0,3,0,FALLBACK,1.0000,0.100,0.9793,0,none
27.628,-1.36700,-0.86158,0.23625,1,3,1,FALLBACK,1.0000,0.100,0.9796,0,none
27.679,-1.19226,-0.89446,0.32312,0,3,0,FALLBACK,1.0000,0.100,0.9798,0,none
27.731,-0.89474,-0.87568,0.31015,0,3,0,FALLBACK,1.0000,0.100,0.9801,0,none
27.782,-0.74084,-0.43233,0.20145,1,3,1,FALLBACK,1.0000,0.100,0.9803,0,none
27.829,-0.56331,-0.13542,0.13156,1,3,2,FALLBACK,0.4289,0.100,0.9806,0,none
27.880,-0.36709,-0.09542,0.12825,1,3,3,FALLBACK,-0.6457,0.100,0.9820,0,none
27.928,-0.17803,-0.09210,0.12299,1,3,4,FALLBACK,-1.0000,0.100,0.9732,0,none
27.981,-0.03275,-0.02166,0.11296,1,3,5,FALLBACK,-1.0000,0.100,0.9653,0,none
28.030,0.07607,0.01533,0.13487,1,3,6,FALLBACK,-1.0000,0.100,0.9642,0,none
28.080,0.15995,0.09219,0.14783,1,3,7,FALLBACK,-1.0000,0.100,0.9647,0,none
28.130,0.21922,0.10093,0.11493,1,3,8,FALLBACK,-1.0000,0.100,0.9652,0,none
28.180,0.25351,0.02143,0.12111,1,3,9,FALLBACK,-1.0000,0.100,0.9657,0,none
28.231,0.26262,0.06829,0.15609,1,3,10,FALLBACK,-1.0000,0.100,0.9662,0,none
28.283,0.24647,0.01984,0.10564,1,3,11,FALLBACK,-1.0000,0.100,0.9667,0,none
28.330,0.20509,0.08700,0.16030,1,3,12,FALLBACK,-1.0000,0.100,0.9672,0,none
28.381,0.13863,0.11128,0.12686,1,3,13,FALLBACK,-1.0000,0.100,0.9677,0,none
28.431,0.04733,0.02619,0.09193,1,3,14,FALLBACK,-1.0000,0.100,0.9682,0,none
28.480,-0.06844,0.13956,0.17678,1,3,15,FALLBACK,-0.5789,0.100,0.9686,0,none
28.530,-0.20494,-0.02794,0.15038,1,3,16,FALLBACK,0.2071,0.100,0.9714,0,none
28.579,-0.34049,0.00487,0.17954,1,3,17,FALLBACK,0.8802,0.100,0.9690,0,none
28.632,-0.44730,-0.00216,0.13643,1,3,18,FALLBACK,1.0000,0.100,0.9611,0,none
28.681,-0.51378,-0.04142,0.21002,1,3,19,FALLBACK,1.0000,0.100,0.9599,0,none
28.732,-0.55192,-0.06485,0.12182,1,3,20,FALLBACK,1.0000,0.100,0.9583,0,none
28.782,-0.56397,-0.06166,0.10293,1,3,21,FALLBACK,1.0000,0.100,0.9588,0,none
28.833,-0.55116,-0.03031,0.16135,1,3,22,FALLBACK,1.0000,0.100,0.9594,0,none
28.883,-0.51345,-0.08894,0.12918,1,3,23,FALLBACK,0.8787,0.100,0.9600,0,none
28.932,-0.45196,-0.15710,0.17216,1,3,24,FALLBACK,0.4524,0.100,0.9620,0,none
28.981,-0.37518,-0.10076,0.14617,1,3,25,FALLBACK,-0.0080,0.100,0.9654,0,none
29.031,-0.30081,-0.16578,0.19053,1,3,26,FALLBACK,-0.3678,0.100,0.9683,0,none
29.084,-0.24079,-0.09712,0.19796,1,3,27,FALLBACK,-0.5962,0.100,0.9694,0,none
29.132,-0.20121,-0.09206,0.14700,1,3,28,FALLBACK,-0.6919,0.100,0.9696,0,none
29.183,-0.18389,0.02779,0.13146,1,3,29,FALLBACK,-0.6672,0.100,0.9703,0,none
29.234,-0.18694,-0.02102,0.09389,1,0,30,MODEL,-0.2650,0.100,0.9722,0,none
29.283,-0.20338,-0.00047,0.13655,1,0,30,MODEL,-0.2846,0.100,0.9747,0,none
29.335,-0.21792,-0.01903,0.07956,1,0,30,MODEL,-0.2669,0.100,0.9787,0,none
29.383,-0.23927,-0.01103,0.20372,1,0,30,MODEL,-0.2745,0.100,0.9814,0,none
29.434,-0.26773,-0.04168,0.14310,1,0,30,MODEL,-0.2454,0.100,0.9843,0,none
29.485,-0.30336,-0.06056,0.10217,1,0,30,MODEL,-0.2275,0.100,0.9871,0,none
29.535,-0.34493,-0.08017,0.12904,1,0,30,MODEL,-0.2088,0.100,0.9899,0,none
29.585,-0.39228,-0.00818,0.15310,1,0,30,MODEL,-0.2772,0.100,0.9927,0,none
29.636,-0.44573,-0.02665,0.09241,1,0,30,MODEL,-0.2597,0.100,0.9952,0,none
29.685,-0.50791,-0.07994,0.11168,1,0,30,MODEL,-0.2091,0.100,0.9978,0,none
29.736,-0.57673,-0.16955,0.13128,1,0,30,MODEL,-0.1239,0.100,1.0005,0,none
29.785,-0.65037,-0.20654,0.18128,1,0,30,MODEL,-0.0888,0.100,1.0032,0,none
29.833,-0.72643,-0.09358,0.13293,1,0,30,MODEL,-0.1961,0.100,1.0061,0,none
29.883,-0.80446,-0.23804,0.22872,1,0,30,MODEL,-0.0589,0.100,1.0084,0,none
29.935,-0.88902,-0.13333,0.19366,1,0,30,MODEL,-0.1583,0.100,1.0109,0,none
29.987,-0.97308,-0.13210,0.14651,1,0,30,MODEL,-0.1595,0.100,1.0136,0,none
30.035,-1.06223,-0.11211,0.15922,1,0,30,MODEL,-0.1785,0.100,1.0159,0,none
30.091,-1.15718,-0.01064,0.18919,1,0,30,MODEL,-0.2749,0.100,1.0183,0,none
30.138,-1.25769,0.26154,0.30149,0,1,30,MODEL,-0.2749,0.100,1.0208,0,none
30.190,-1.36595,0.38936,0.43292,0,2,30,MODEL,-0.2749,0.100,1.0226,0,none
30.239,-1.48352,0.76836,0.36698,0,3,0,FALLBACK,1.0000,0.100,1.0249,0,none
30.290,-1.60756,1.22415,0.44328,0,3,0,FALLBACK,1.0000,0.100,1.0230,0,none
30.323,-1.68419,0.89351,0.61770,0,3,0,FALLBACK,1.0000,0.100,0.9962,0,none
30.373,-1.72198,0.46602,0.65762,0,3,0,FALLBACK,1.0000,0.100,0.9953,0,none
30.424,-1.73313,-0.30488,0.83670,0,3,0,FALLBACK,1.0000,0.100,0.9953,0,none
30.473,-1.71753,-0.44021,0.49104,0,3,0,FALLBACK,1.0000,0.100,0.9953,0,none
30.526,-1.67517,-0.65434,0.51863,0,3,0,FALLBACK,1.0000,0.100,0.9953,0,none
30.573,-1.60624,-1.10139,0.30232,0,3,0,FALLBACK,1.0000,0.100,0.9952,0,none
30.626,-1.48984,-1.11481,0.26955,1,3,1,FALLBACK,1.0000,0.100,0.9952,0,none
30.675,-1.38882,-1.10910,0.27983,1,3,2,FALLBACK,1.0000,0.100,0.9952,0,none
30.727,-1.26209,-1.08654,0.29384,0,3,0,FALLBACK,1.0000,0.100,0.9952,0,none
30.773,-1.11023,-0.95987,0.29771,0,3,0,FALLBACK,1.0000,0.100,0.9952,0,none
30.825,-0.93394,-0.57181,0.25332,1,3,1,FALLBACK,1.0000,0.100,0.9952,0,none
30.875,-0.73403,-0.26384,0.19941,1,3,2,FALLBACK,1.0000,0.100,0.9952,0,none
30.927,-0.51140,-0.14336,0.15548,1,3,3,FALLBACK,-0.0562,0.100,0.9952,0,none
30.974,-0.26838,-0.10984,0.12571,1,3,4,FALLBACK,-1.0000,0.100,0.9952,0,none
31.025,-0.05543,-0.06648,0.15786,1,3,5,FALLBACK,-1.0000,0.100,0.9716,0,none
31.077,0.10657,-0.08215,0.11807,1,3,6,FALLBACK,-1.0000,0.100,0.9664,0,none
31.125,0.24371,0.01580,0.10138,1,3,7,FALLBACK,-1.0000,0.100,0.9668,0,none
31.175,0.35720,0.02747,0.15287,1,3,8,FALLBACK,-1.0000,0.100,0.9673,0,none
31.225,0.44634,0.21593,0.18734,1,3,9,FALLBACK,-1.0000,0.100,0.9677,0,none
31.275,0.51069,0.28291,0.20372,1,3,10,FALLBACK,-1.0000,0.100,0.9682,0,none
31.329,0.54993,0.25938,0.15127,1,3,11,FALLBACK,-1.0000,0.100,0.9687,0,none
31.377,0.56385,0.36076,0.14493,1,3,12,FALLBACK,-1.0000,0.100,0.9691,0,none
31.429,0.55238,0.21862,0.15437,1,3,13,FALLBACK,-1.0000,0.100,0.9696,0,none
31.476,0.51551,0.15010,0.18029,1,3,14,FALLBACK,-1.0000,0.100,0.9700,0,none
31.529,0.45336,0.14302,0.13723,1,3,15,FALLBACK,-1.0000,0.100,0.9705,0,none
31.579,0.36619,0.12364,0.12352,1,3,16,FALLBACK,-1.0000,0.100,0.9709,0,none
31.629,0.25433,0.14384,0.13189,1,3,17,FALLBACK,-1.0000,0.100,0.9713,0,none
31.677,0.11825,0.10121,0.15481,1,3,18,FALLBACK,-1.0000,0.100,0.9717,0,none
31.727,-0.04152,0.09695,0.13476,1,3,19,FALLBACK,-0.4936,0.100,0.9721,0,none
31.780,-0.22052,0.04741,0.13093,1,3,20,FALLBACK,0.4976,0.100,0.9743,0,none
31.830,-0.39980,0.07023,0.09611,1,3,21,FALLBACK,1.0000,0.100,0.9760,0,none
31.877,-0.54249,0.00050,0.10936,1,3,22,FALLBACK,1.0000,0.100,0.9581,0,none
31.928,-0.64255,-0.06935,0.10868,1,3,23,FALLBACK,1.0000,0.100,0.9564,0,none
31.977,-0.71743,-0.10603,0.12973,1,3,24,FALLBACK,1.0000,0.100,0.9569,0,none
32.028,-0.76802,-0.13668,0.15774,1,3,25,FALLBACK,1.0000,0.100,0.9575,0,none
32.079,-0.79392,-0.14118,0.16701,1,3,26,FALLBACK,1.0000,0.100,0.9582,0,none
32.126,-0.79498,-0.42380,0.23241,1,3,27,FALLBACK,1.0000,0.100,0.9588,0,none
32.178,-0.77113,-0.32078,0.22411,1,3,28,FALLBACK,1.0000,0.100,0.9594,0,none
32.229,-0.72243,-0.37389,0.17628,1,3,29,FALLBACK,1.0000,0.100,0.9600,0,none
32.281,-0.64905,-0.38553,0.23404,1,0,30,MODEL,0.0813,0.100,0.9605,0,none
32.328,-0.55827,-0.44181,0.25821,1,0,30,MODEL,0.1347,0.100,0.9568,0,none
32.379,-0.48592,-0.28712,0.19742,1,0,30,MODEL,-0.0122,0.100,0.9636,0,none
32.428,-0.41167,-0.23905,0.19259,1,0,30,MODEL,-0.0579,0.100,0.9666,0,none
32.478,-0.34033,-0.06032,0.11277,1,0,30,MODEL,-0.2277,0.100,0.9696,0,none
32.532,-0.27326,-0.12884,0.16640,1,0,30,MODEL,-0.1626,0.100,0.9719,0,none
32.579,-0.21545,0.06204,0.11803,1,0,30,MODEL,-0.3439,0.100,0.9748,0,none
32.631,-0.16246,-0.05081,0.14787,1,0,30,MODEL,-0.2367,0.100,0.9768,0,none
32.681,-0.12106,-0.06181,0.11488,1,0,30,MODEL,-0.2263,0.100,0.9796,0,none
32.730,-0.08389,0.05752,0.12511,1,0,30,MODEL,-0.3396,0.100,0.9826,0,none
32.780,-0.05301,0.01635,0.14578,1,0,30,MODEL,-0.3005,0.100,0.9848,0,none
32.832,-0.03327,0.05260,0.14315,1,0,30,MODEL,-0.3350,0.100,0.9875,0,none
32.881,-0.02102,-0.00880,0.09419,1,0,30,MODEL,-0.2766,0.100,0.9902,0,none
32.931,-0.01759,-0.01105,0.12715,1,0,30,MODEL,-0.2745,0.100,0.9928,0,none
32.982,-0.02079,0.03947,0.14989,1,0,30,MODEL,-0.3225,0.100,0.9956,0,none
33.031,-0.03170,0.04491,0.10973,1,0,30,MODEL,-0.3277,0.100,0.9980,0,none
33.081,-0.05255,-0.02942,0.20502,1,0,30,MODEL,-0.2571,0.100,1.0004,0,none
33.130,-0.08219,0.00514,0.16374,1,0,30,MODEL,-0.2899,0.100,1.0031,0,none
33.181,-0.11785,-0.01223,0.17158,1,0,30,MODEL,-0.2734,0.100,1.0056,0,none
33.233,-0.16198,-0.05530,0.13749,1,0,30,MODEL,-0.2325,0.100,1.0081,0,none
33.283,-0.21328,-0.03090,0.12753,1,0,30,MODEL,-0.2556,0.100,1.0108,0,none
33.335,-0.27052,-0.37231,0.24640,1,0,30,MODEL,0.0687,0.100,1.0133,0,none
33.383,-0.33261,-1.63193,0.48611,0,1,30,MODEL,0.0687,0.100,1.0147,0,none
33.433,-0.38642,-0.40313,0.31224,0,2,30,MODEL,0.0687,0.100,1.0174,0,none
33.483,-0.43763,-0.43146,0.22549,1,0,30,MODEL,0.1249,0.100,1.0200,0,none
33.533,-0.35261,-0.25666,0.16281,1,0,30,MODEL,-0.0412,0.100,1.0308,1,none
33.583,-0.49418,-0.18582,0.14563,1,0,30,MODEL,-0.1085,0.100,1.0243,1,none
33.633,-0.64012,-0.19658,0.20093,1,0,30,MODEL,-0.0982,0.100,1.0236,1,none
33.683,-0.79080,-0.23942,0.21011,1,0,30,MODEL,-0.0576,0.100,1.0298,1,none
33.734,-0.90753,-0.04179,0.16350,1,0,30,MODEL,-0.2453,0.100,1.0410,1,none
33.785,-0.96670,0.00238,0.23927,1,0,30,MODEL,-0.2873,0.100,1.0331,1,none
33.833,-1.03895,-0.18650,0.18716,1,0,30,MODEL,-0.1078,0.100,1.0397,1,none
33.885,-1.11651,-0.16387,0.19773,1,0,30,MODEL,-0.1293,0.100,1.0378,1,none
33.936,-1.19480,-0.20895,0.25253,1,0,30,MODEL,-0.0865,0.100,1.0401,1,none
33.985,-1.27627,-0.01402,0.28149,1,0,30,MODEL,-0.2717,0.100,1.0425,1,none
34.036,-1.36146,-0.23885,0.43242,0,1,30,MODEL,-0.2717,0.100,1.0438,1,none
34.085,-1.45831,0.35861,0.41091,0,2,30,MODEL,-0.2717,0.100,1.0457,1,none
34.138,-1.56375,0.56859,0.71391,0,3,0,FALLBACK,1.0000,0.100,1.0478,1,none
34.187,-1.67047,1.13321,0.31691,0,3,0,FALLBACK,1.0000,0.100,1.0313,1,none
34.238,-1.72215,0.71325,0.52564,0,3,0,FALLBACK,1.0000,0.100,1.0172,1,none
34.288,-1.73906,-0.08961,0.66320,0,3,0,FALLBACK,1.0000,0.100,1.0163,1,none
34.339,-1.72820,0.22707,0.41943,0,3,0,FALLBACK,1.0000,0.100,1.0159,1,none
34.385,-1.68949,-0.34715,0.50435,0,3,0,FALLBACK,1.0000,0.100,1.0155,1,none
34.436,-1.62312,-1.12020,0.32740,0,3,0,FALLBACK,1.0000,0.100,1.0151,1,none
34.488,-1.52941,-1.26742,0.30027,0,3,0,FALLBACK,1.0000,0.100,1.0148,1,none
34.537,-1.40884,-1.01808,0.24398,1,3,1,FALLBACK,1.0000,0.100,1.0144,1,none
34.586,-1.26200,-1.20736,0.31949,0,3,0,FALLBACK,1.0000,0.100,1.0141,1,none
34.637,-1.08961,-0.65050,0.22456,1,3,1,FALLBACK,1.0000,0.100,1.0138,1,none
34.691,-0.89253,-0.36583,0.26400,1,3,2,FALLBACK,1.0000,0.100,1.0134,1,none
34.736,-0.67170,-0.12993,0.14123,1,3,3,FALLBACK,0.7543,0.100,1.0131,1,none
34.789,-0.42849,-0.07276,0.11441,1,3,4,FALLBACK,-0.5735,0.100,1.0146,1,none
34.837,-0.17332,-0.02194,0.14606,1,3,5,FALLBACK,-1.0000,0.100,1.0160,1,none
34.890,0.04683,-0.03575,0.08585,1,3,6,FALLBACK,-1.0000,0.100,0.9944,1,none
34.941,0.22320,-0.00676,0.13836,1,3,7,FALLBACK,-1.0000,0.100,0.9888,1,none
34.988,0.37335,0.07550,0.13473,1,3,8,FALLBACK,-1.0000,0.100,0.9888,1,none
35.040,0.49888,0.11532,0.11116,1,3,9,FALLBACK,-1.0000,0.100,0.9889,1,none
35.073,0.59909,0.15174,0.15136,1,3,10,FALLBACK,-1.0000,0.100,0.9890,1,none
35.123,0.67352,0.36916,0.16029,1,3,11,FALLBACK,-1.0000,0.100,0.9892,1,none
35.173,0.72181,0.36589,0.15913,1,3,12,FALLBACK,-1.0000,0.100,0.9893,1,none
35.223,0.74372,0.33934,0.15566,1,3,13,FALLBACK,-1.0000,0.100,0.9894,1,none
35.274,0.73917,0.29687,0.17500,1,3,14,FALLBACK,-1.0000,0.100,0.9895,1,none
35.324,0.70816,0.18305,0.14400,1,3,15,FALLBACK,-1.0000,0.100,0.9896,1,none
35.373,0.65083,0.13023,0.13278,1,3,16,FALLBACK,-1.0000,0.100,0.9897,1,none
35.422,0.56742,0.15200,0.15773,1,3,17,FALLBACK,-1.0000,0.100,0.9898,1,none
35.473,0.45830,0.12252,0.10120,1,3,18,FALLBACK,-1.0000,0.100,0.9899,1,none
35.528,0.32395,0.10806,0.12769,1,3,19,FALLBACK,-1.0000,0.100,0.9900,1,none
35.573,0.16497,0.07858,0.12089,1,3,20,FALLBACK,-1.0000,0.100,0.9901,1,none
35.624,-0.01793,0.08621,0.13393,1,3,21,FALLBACK,-0.4958,0.100,0.9902,1,none
35.673,-0.21685,0.02070,0.12358,1,3,22,FALLBACK,0.5789,0.100,0.9945,1,none
35.724,-0.40435,-0.06203,0.10525,1,3,23,FALLBACK,1.0000,0.100,0.9836,1,none
35.774,-0.54700,-0.01487,0.11823,1,3,24,FALLBACK,1.0000,0.100,0.9735,1,none
35.824,-0.65397,-0.04623,0.11117,1,3,25,FALLBACK,1.0000,0.100,0.9722,1,none
35.875,-0.73597,-0.04693,0.07962,1,3,26,FALLBACK,1.0000,0.100,0.9725,1,none
35.925,-0.79286,-0.03542,0.11888,1,3,27,FALLBACK,1.0000,0.100,0.9729,1,none
35.977,-0.82429,-0.22480,0.21275,1,3,28,FALLBACK,1.0000,0.100,0.9733,1,none
36.026,-0.83010,-0.17314,0.19916,1,3,29,FALLBACK,1.0000,0.100,0.9736,1,none
36.075,-0.81021,-0.09919,0.13930,1,0,30,MODEL,-0.1908,0.100,0.9740,1,none
36.125,-0.78173,-0.10018,0.19467,1,0,30,MODEL,-0.1898,0.100,0.9687,1,none
36.174,-0.78471,-0.19923,0.19629,1,0,30,MODEL,-0.0957,0.100,0.9699,1,none
36.226,-0.79248,-0.24969,0.24167,1,0,30,MODEL,-0.0478,0.100,0.9730,1,none
36.276,-0.80038,-0.24966,0.14900,1,0,30,MODEL,-0.0478,0.100,0.9760,1,none
36.325,-0.80846,-0.09015,0.13333,1,0,30,MODEL,-0.1994,0.100,0.9790,1,none
36.377,-0.82016,0.04334,0.10652,1,0,30,MODEL,-0.3262,0.100,0.9814,1,none
36.425,-0.84047,-0.02758,0.12112,1,0,30,MODEL,-0.2588,0.100,0.9837,1,none
36.476,-0.87119,0.01262,0.07492,1,0,30,MODEL,-0.2970,0.100,0.9863,1,none
36.530,-0.79067,0.09699,0.29169,0,1,30,MODEL,-0.2970,0.100,0.9889,1,none
36.574,-0.94043,0.32451,0.40646,0,2,30,MODEL,-0.2970,0.100,0.9915,1,none
36.625,-1.09807,0.38808,0.49451,0,3,0,FALLBACK,1.0000,0.100,0.9942,1,none
36.675,-1.24814,0.52950,0.30133,0,3,0,FALLBACK,1.0000,0.100,0.9730,1,none
36.726,-1.34336,1.05144,0.33957,0,3,0,FALLBACK,1.0000,0.100,0.9649,1,none
36.778,-1.41113,1.38092,0.36138,0,3,0,FALLBACK,1.0000,0.100,0.9653,1,none
36.826,-1.31639,1.46376,0.52127,0,3,0,FALLBACK,1.0000,0.100,0.9657,1,none
36.876,-1.43658,1.29885,0.42237,0,3,0,FALLBACK,1.0000,0.100,0.9662,1,none
36.928,-1.53252,-0.10297,0.59454,0,3,0,FALLBACK,1.0000,0.100,0.9667,1,none
36.977,-1.60380,0.19282,0.65952,0,3,0,FALLBACK,1.0000,0.100,0.9672,1,none
37.029,-1.65005,0.47622,0.63908,0,3,0,FALLBACK,1.0000,0.100,0.9676,1,none
37.077,-1.67104,1.10494,0.46785,0,3,0,FALLBACK,1.0000,0.100,0.9681,1,none
37.128,-1.49392,1.53496,0.36610,0,3,0,FALLBACK,1.0000,0.100,0.9685,1,none
37.177,-1.56826,1.11844,0.57206,0,3,0,FALLBACK,1.0000,0.100,0.9690,1,none
37.227,-1.61752,0.76935,0.77736,0,3,0,FALLBACK,1.0000,0.100,0.9694,1,none
37.281,-1.64144,-0.04069,0.72005,0,3,0,FALLBACK,1.0000,0.100,0.9698,1,none
37.328,-1.63989,0.53143,0.69850,0,3,0,FALLBACK,1.0000,0.100,0.9702,1,none
37.378,-1.61286,0.45975,0.67962,0,3,0,FALLBACK,1.0000,0.100,0.9707,1,none
37.428,-1.35869,0.73967,0.60350,0,3,0,FALLBACK,1.0000,0.100,0.9711,1,none
37.479,-1.38538,0.07385,0.39235,0,3,0,FALLBACK,1.0000,0.100,0.9715,1,none
37.528,-1.38650,-0.19777,0.14054,1,3,1,FALLBACK,1.0000,0.100,0.9718,1,none
37.579,-1.36205,-0.12660,0.12746,1,3,2,FALLBACK,1.0000,0.100,0.9722,1,none
37.628,-1.31210,-0.13348,0.15476,1,3,3,FALLBACK,1.0000,0.100,0.9726,1,none
37.678,-1.23682,-0.08950,0.12212,1,3,4,FALLBACK,1.0000,0.100,0.9730,1,none
37.728,-1.13653,-0.33042,0.27221,1,3,5,FALLBACK,1.0000,0.100,0.9733,1,none
37.778,-0.90306,-0.32871,0.23273,1,3,6,FALLBACK,1.0000,0.100,0.9737,1,none
37.828,-0.85547,-0.34174,0.23567,1,3,7,FALLBACK,1.0000,0.100,0.9740,1,none
37.880,-0.78246,-0.01739,0.11876,1,3,8,FALLBACK,1.0000,0.100,0.9744,1,none
37.929,-0.68431,0.01973,0.11614,1,3,9,FALLBACK,1.0000,0.100,0.9747,1,none
37.978,-0.56145,-0.02457,0.13705,1,3,10,FALLBACK,0.6929,0.100,0.9751,1,none
38.028,-0.41670,-0.09116,0.11985,1,3,11,FALLBACK,-0.1402,0.100,0.9779,1,none
38.080,-0.18007,-0.02584,0.10101,1,3,12,FALLBACK,-1.0000,0.100,0.9752,1,none
38.131,-0.16256,0.11640,0.14106,1,3,13,FALLBACK,-0.7747,0.100,0.9641,1,none
38.180,-0.19261,0.11271,0.09403,1,3,14,FALLBACK,-0.3867,0.100,0.9619,1,none
38.230,-0.23609,0.03988,0.09716,1,3,15,FALLBACK,-0.1021,0.100,0.9658,1,none
38.279,-0.27866,-0.00091,0.10052,1,3,16,FALLBACK,0.1061,0.100,0.9702,1,none
38.330,-0.18997,-0.01558,0.07324,1,3,17,FALLBACK,-0.9936,0.100,0.9724,1,none
38.382,-0.32667,-0.09675,0.09564,1,3,18,FALLBACK,0.8169,0.100,0.9570,1,none
38.430,-0.50425,-0.18693,0.18442,1,3,19,FALLBACK,1.0000,0.100,0.9537,1,none
38.479,-0.64315,-0.15594,0.16286,1,3,20,FALLBACK,1.0000,0.100,0.9127,1,none
38.530,-0.73413,-0.05049,0.13537,1,3,21,FALLBACK,1.0000,0.100,0.9120,1,none
38.581,-0.80280,0.17915,0.18885,1,3,22,FALLBACK,1.0000,0.100,0.9133,1,none
38.630,-0.71661,0.33763,0.36353,0,3,0,FALLBACK,1.0000,0.100,0.9147,1,none
38.680,-0.83726,0.22358,0.35486,0,3,0,FALLBACK,1.0000,0.100,0.9160,1,none
38.731,-0.93639,-0.02044,0.28853,0,3,0,FALLBACK,1.0000,0.100,0.9173,1,none
38.781,-1.01351,-0.08703,0.14093,1,3,1,FALLBACK,1.0000,0.100,0.9185,1,none
38.830,-1.06822,0.01877,0.16995,1,3,2,FALLBACK,1.0000,0.100,0.9198,1,none
38.881,-1.10022,-0.01019,0.10836,1,3,3,FALLBACK,1.0000,0.100,0.9210,1,none
38.930,-0.95073,0.14699,0.18802,1,3,4,FALLBACK,1.0000,0.100,0.9222,1,none
38.981,-1.03564,0.02576,0.22332,1,3,5,FALLBACK,1.0000,0.100,0.9234,1,none
39.030,-1.09801,-0.06213,0.17911,1,3,6,FALLBACK,1.0000,0.100,0.9246,1,none
39.081,-1.13749,-0.27898,0.28816,0,3,0,FALLBACK,1.0000,0.100,0.9257,1,none
39.133,-1.15385,-0.51708,0.33239,0,3,0,FALLBACK,1.0000,0.100,0.9269,1,none
39.181,-1.14693,-0.77971,0.27911,1,3,1,FALLBACK,1.0000,0.100,0.9280,1,none
39.232,-1.11669,-0.94569,0.35971,0,3,0,FALLBACK,1.0000,0.100,0.9291,1,none
39.283,-1.06315,-0.99759,0.25877,1,3,1,FALLBACK,1.0000,0.100,0.9301,1,none
39.331,-0.98645,-1.04062,0.26018,1,3,2,FALLBACK,1.0000,0.100,0.9312,1,none
39.381,-0.88682,-0.94234,0.20957,1,3,3,FALLBACK,1.0000,0.100,0.9323,1,none
39.432,-0.76458,-0.74384,0.23718,1,3,4,FALLBACK,1.0000,0.100,0.9333,1,none
39.483,-0.62016,-0.38337,0.24036,1,3,5,FALLBACK,0.8787,0.100,0.9343,1,none
39.532,-0.45491,-0.14009,0.19834,1,3,6,FALLBACK,-0.0517,0.100,0.9367,1,none
39.582,-0.27962,-0.12946,0.15231,1,3,7,FALLBACK,-0.9784,0.100,0.9328,1,none
39.633,-0.12499,-0.07968,0.14437,1,3,8,FALLBACK,-1.0000,0.100,0.9392,1,none
39.683,-0.00632,-0.01026,0.10588,1,3,9,FALLBACK,-1.0000,0.100,0.9213,1,none
39.732,0.07804,0.02972,0.09531,1,3,10,FALLBACK,-1.0000,0.100,0.9217,1,none
39.782,0.14018,0.03059,0.07490,1,3,11,FALLBACK,-1.0000,0.100,0.9229,1,none
39.834,0.17962,0.05761,0.12961,1,3,12,FALLBACK,-1.0000,0.100,0.9241,1,none
39.882,0.19605,0.06355,0.10447,1,3,13,FALLBACK,-1.0000,0.100,0.9253,1,none
39.933,0.18932,-0.00058,0.12533,1,3,14,FALLBACK,-1.0000,0.100,0.9264,1,none
39.982,0.15938,0.01795,0.14609,1,3,15,FALLBACK,-1.0000,0.100,0.9276,1,none
40.032,0.10626,0.02643,0.11857,1,3,16,FALLBACK,-1.0000,0.100,0.9287,1,none
40.082,0.03009,0.00231,0.12728,1,3,17,FALLBACK,-1.0000,0.100,0.9298,1,none
40.133,-0.06892,0.03307,0.14023,1,3,18,FALLBACK,-0.6604,0.100,0.9309,1,none
40.185,-0.18779,-0.04485,0.16254,1,3,19,FALLBACK,0.0333,0.100,0.9342,1,none
40.233,-0.30865,-0.10685,0.13248,1,3,20,FALLBACK,0.6476,0.100,0.9342,1,none
40.283,-0.40780,-0.06984,0.19402,1,3,21,FALLBACK,1.0000,0.100,0.9308,1,none
40.333,-0.47250,-0.11004,0.11466,1,3,22,FALLBACK,1.0000,0.100,0.9264,1,none
40.383,-0.50363,-0.06860,0.13749,1,3,23,FALLBACK,1.0000,0.100,0.9260,1,none
40.433,-0.51089,-0.05042,0.08854,1,3,24,FALLBACK,1.0000,0.100,0.9271,1,none
40.483,-0.49494,-0.25395,0.17736,1,3,25,FALLBACK,0.8950,0.100,0.9282,1,none
40.535,-0.45655,-0.26139,0.23437,1,3,26,FALLBACK,0.5908,0.100,0.9306,1,none
40.582,-0.39980,-0.16638,0.16635,1,3,27,FALLBACK,0.2153,0.100,0.9328,1,none
40.632,-0.33685,-0.09698,0.16321,1,3,28,FALLBACK,-0.1306,0.100,0.9379,1,none
40.684,-0.28311,-0.13309,0.15819,1,3,29,FALLBACK,-0.3531,0.100,0.9408,1,none
40.735,-0.24277,-0.07476,0.16201,1,0,30,MODEL,-0.2140,0.100,0.9430,1,none
40.784,-0.21552,-0.12501,0.14786,1,0,30,MODEL,-0.1662,0.100,0.9462,1,none
40.834,-0.19053,-0.04477,0.19577,1,0,30,MODEL,-0.2425,0.100,0.9496,1,none
40.885,-0.16875,-0.05259,0.11008,1,0,30,MODEL,-0.2350,0.100,0.9526,1,none
40.933,-0.15441,-0.07550,0.10757,1,0,30,MODEL,-0.2133,0.100,0.9557,1,none
40.983,-0.14583,-0.01003,0.12350,1,0,30,MODEL,-0.2755,0.100,0.9588,1,none
41.035,-0.14266,-0.05952,0.15671,1,0,30,MODEL,-0.2285,0.100,0.9617,1,none
41.085,-0.14744,0.00277,0.11580,1,0,30,MODEL,-0.2876,0.100,0.9647,1,none
41.133,-0.15777,-0.01330,0.07717,1,0,30,MODEL,-0.2724,0.100,0.9675,1,none
41.183,-0.17664,-0.02802,0.11546,1,0,30,MODEL,-0.2584,0.100,0.9704,1,none
41.236,-0.20240,-0.01826,0.09603,1,0,30,MODEL,-0.2677,0.100,0.9733,1,none
41.285,-0.23465,-0.07993,0.12192,1,0,30,MODEL,-0.2091,0.100,0.9762,1,none
41.334,-0.27373,-0.12391,0.12111,1,0,30,MODEL,-0.1673,0.100,0.9792,1,none
41.386,-0.31695,-0.08012,0.09710,1,0,30,MODEL,-0.2089,0.100,0.9822,1,none
41.435,-0.36402,-0.09820,0.11828,1,0,30,MODEL,-0.1917,0.100,0.9850,1,none
41.485,-0.41738,-0.11221,0.10436,1,0,30,MODEL,-0.1784,0.100,0.9878,1,none
41.536,-0.47568,-0.19811,0.15301,1,0,30,MODEL,-0.0968,0.100,0.9906,1,none
41.587,-0.53798,-0.09475,0.14992,1,0,30,MODEL,-0.1950,0.100,0.9934,1,none
41.635,-0.60222,-0.20303,0.15237,1,0,30,MODEL,-0.0921,0.100,0.9960,1,none
41.686,-0.67282,-0.12946,0.14030,1,0,30,MODEL,-0.1620,0.100,0.9987,1,none
41.735,-0.74494,-0.05349,0.12879,1,0,30,MODEL,-0.2342,0.100,1.0013,1,none
41.786,-0.82329,-0.08811,0.13261,1,0,30,MODEL,-0.2013,0.100,1.0036,1,none
41.837,-0.90962,-0.01800,0.10264,1,0,30,MODEL,-0.2679,0.100,1.0062,1,none
41.886,-1.00120,0.13739,0.42700,0,1,30,MODEL,-0.2679,0.100,1.0088,1,none
41.936,-1.01588,0.38587,0.49175,0,2,30,MODEL,-0.2679,0.100,1.0110,1,none
41.987,-1.18988,0.74729,0.51856,0,3,0,FALLBACK,1.0000,0.100,1.0134,1,none
42.036,-1.36444,0.93543,0.47845,0,3,0,FALLBACK,1.0000,0.100,0.9971,1,none
42.085,-1.48578,1.29405,0.30314,0,3,0,FALLBACK,1.0000,0.100,0.9846,1,none
42.136,-1.57539,1.34123,0.26523,1,3,1,FALLBACK,1.0000,0.100,0.9844,1,none
42.186,-1.63952,1.50421,0.30789,0,3,0,FALLBACK,1.0000,0.100,0.9845,1,none
42.235,-1.59805,1.24773,0.40955,0,3,0,FALLBACK,1.0000,0.100,0.9847,1,none
42.287,-1.67804,1.14119,0.40510,0,3,0,FALLBACK,1.0000,0.100,0.9849,1,none
42.338,-1.73215,0.82311,0.64592,0,3,0,FALLBACK,1.0000,0.100,0.9850,1,none
42.387,-1.76011,0.73152,0.54241,0,3,0,FALLBACK,1.0000,0.100,0.9852,1,none
42.436,-1.76180,0.27743,0.70819,0,3,0,FALLBACK,1.0000,0.100,0.9854,1,none
42.488,-1.73720,-0.29858,0.96409,0,3,0,FALLBACK,1.0000,0.100,0.9855,1,none
42.537,-1.61640,-0.27224,0.86358,0,3,0,FALLBACK,1.0000,0.100,0.9857,1,none
42.589,-1.60780,-0.29561,0.53313,0,3,0,FALLBACK,1.0000,0.100,0.9858,1,none
42.638,-1.57289,-0.13608,0.22171,1,3,1,FALLBACK,1.0000,0.100,0.9860,1,none
42.688,-1.51186,-0.37823,0.25181,1,3,2,FALLBACK,1.0000,0.100,0.9861,1,none
42.740,-1.42493,-0.76957,0.24917,1,3,3,FALLBACK,1.0000,0.100,0.9863,1,none
42.789,-1.18680,-0.78678,0.28423,1,3,4,FALLBACK,1.0000,0.100,0.9864,1,none
42.837,-1.11553,-0.59631,0.23288,1,3,5,FALLBACK,1.0000,0.100,0.9865,1,none
42.888,-1.01847,-0.18733,0.18279,1,3,6,FALLBACK,1.0000,0.100,0.9867,1,none
42.939,-0.89608,-0.08053,0.18642,1,3,7,FALLBACK,1.0000,0.100,0.9868,1,none
42.988,-0.74888,-0.09396,0.13844,1,3,8,FALLBACK,1.0000,0.100,0.9869,1,none
43.038,-0.57753,0.02119,0.14476,1,3,9,FALLBACK,0.5309,0.100,0.9871,1,none
43.091,-0.26994,0.18227,0.14126,1,3,10,FALLBACK,-1.0000,0.100,0.9895,1,none
43.141,-0.13450,0.23165,0.15460,1,3,11,FALLBACK,-1.0000,0.100,0.9937,1,none
43.188,-0.03105,0.15132,0.16514,1,3,12,FALLBACK,-1.0000,0.100,0.9605,1,none
43.223,0.02188,0.14024,0.14395,1,3,13,FALLBACK,-1.0000,0.100,0.9580,1,none
43.273,0.04966,0.18224,0.11803,1,3,14,FALLBACK,-1.0000,0.100,0.9586,1,none
43.324,0.05276,0.13488,0.12690,1,3,15,FALLBACK,-1.0000,0.100,0.9592,1,none
43.372,0.10092,0.17861,0.19219,1,3,16,FALLBACK,-1.0000,0.100,0.9598,1,none
43.425,-0.01105,0.07957,0.11799,1,3,17,FALLBACK,-0.8849,0.100,0.9604,1,none
43.473,-0.14499,0.03904,0.10849,1,3,18,FALLBACK,-0.1053,0.100,0.9628,1,none
43.524,-0.28543,0.10354,0.12686,1,3,19,FALLBACK,0.6293,0.100,0.9649,1,none
43.575,-0.40116,0.10270,0.14299,1,3,20,FALLBACK,1.0000,0.100,0.9576,1,none
43.626,-0.37198,0.03716,0.13312,1,3,21,FALLBACK,0.2139,0.100,0.9503,1,none
43.674,-0.48182,-0.01740,0.11506,1,3,22,FALLBACK,1.0000,0.100,0.9510,1,none
43.727,-0.59087,-0.02661,0.13546,1,3,23,FALLBACK,1.0000,0.100,0.9415,1,none
43.774,-0.66237,-0.08300,0.20643,1,3,24,FALLBACK,1.0000,0.100,0.9397,1,none
43.827,-0.70953,-0.22091,0.22827,1,3,25,FALLBACK,1.0000,0.100,0.9406,1,none
43.875,-0.73294,-0.36726,0.22562,1,3,26,FALLBACK,1.0000,0.100,0.9414,1,none
43.927,-0.73237,-0.46806,0.26417,1,3,27,FALLBACK,1.0000,0.100,0.9423,1,none
43.977,-0.70773,-0.57282,0.16875,1,3,28,FALLBACK,1.0000,0.100,0.9432,1,none
44.027,-0.65907,-0.54985,0.27417,1,3,29,FALLBACK,1.0000,0.100,0.9440,1,none
44.074,-0.58652,-0.46543,0.21562,1,0,30,MODEL,0.1572,0.100,0.9449,1,none
44.126,-0.50365,-0.38444,0.24740,1,0,30,MODEL,0.0802,0.100,0.9476,1,none
44.179,-0.43598,-0.26775,0.21174,1,0,30,MODEL,-0.0306,0.100,0.9503,1,none
44.226,-0.36866,-0.20480,0.17753,1,0,30,MODEL,-0.0904,0.100,0.9535,1,none
44.277,-0.30489,-0.20112,0.16389,1,0,30,MODEL,-0.0939,0.100,0.9565,1,none
44.329,-0.24489,-0.14383,0.13498,1,0,30,MODEL,-0.1484,0.100,0.9597,1,none
44.376,-0.18760,-0.11249,0.13286,1,0,30,MODEL,-0.1781,0.100,0.9627,1,none
44.425,-0.13523,-0.10422,0.14556,1,0,30,MODEL,-0.1860,0.100,0.9656,1,none
44.477,-0.11303,-0.01747,0.12171,1,0,30,MODEL,-0.2684,0.100,0.9686,1,none
44.528,-0.03798,-0.06009,0.16313,1,0,30,MODEL,-0.2279,0.100,0.9713,1,none
44.578,0.02896,-0.12317,0.13512,1,0,30,MODEL,-0.1680,0.100,0.9742,1,none
44.627,0.09128,-0.03506,0.12533,1,0,30,MODEL,-0.2517,0.100,0.9772,1,none
44.679,0.15009,0.08253,0.13739,1,0,30,MODEL,-0.3634,0.100,0.9799,1,none
44.729,0.16887,0.05166,0.12137,1,0,30,MODEL,-0.3341,0.100,0.9822,1,none
44.777,0.24136,0.05526,0.14758,1,0,30,MODEL,-0.3375,0.100,0.9845,1,none
44.828,0.30528,-0.02247,0.10769,1,0,30,MODEL,-0.2637,0.100,0.9872,1,none
44.878,0.36107,0.16931,0.15125,1,0,30,MODEL,-0.4458,0.100,0.9901,1,none
44.928,0.40987,0.14466,0.14801,1,0,30,MODEL,-0.4224,0.100,0.9916,1,none
44.977,0.40520,0.17801,0.15140,1,0,30,MODEL,-0.4541,0.100,0.9937,1,none
45.028,0.46135,0.20667,0.17876,1,0,30,MODEL,-0.4813,0.100,0.9960,1,none
45.079,0.50447,0.16211,0.18334,1,0,30,MODEL,-0.4390,0.100,0.9980,1,none
45.131,0.53420,0.03300,0.12432,1,0,30,MODEL,-0.3164,0.100,1.0005,1,none
45.180,0.55376,0.13410,0.12732,1,0,30,MODEL,-0.4124,0.100,1.0033,1,none
45.230,0.52412,0.18795,0.16637,1,0,30,MODEL,-0.4636,0.100,1.0055,1,none
45.282,0.55832,0.19411,0.20612,1,0,30,MODEL,-0.4694,0.100,1.0072,1,none
45.329,0.57819,0.15837,0.11578,1,0,30,MODEL,-0.4354,0.100,1.0092,1,none
45.382,0.58495,0.25565,0.16527,1,0,30,MODEL,-0.5279,0.100,1.0115,1,none
45.430,0.57940,0.31440,0.15471,1,0,30,MODEL,-0.5837,0.100,1.0130,1,none
45.481,0.51194,0.23644,0.15999,1,0,30,MODEL,-0.5096,0.100,1.0147,1,none
45.530,0.50804,0.17099,0.13970,1,0,30,MODEL,-0.4474,0.100,1.0164,1,none
45.580,0.49124,0.23371,0.20445,1,0,30,MODEL,-0.5070,0.100,1.0189,1,none
45.632,0.46270,0.15200,0.14141,1,0,30,MODEL,-0.4294,0.100,1.0207,1,none
45.682,0.41851,0.06165,0.09185,1,0,30,MODEL,-0.3436,0.100,1.0225,1,none
45.732,0.31761,0.07630,0.10589,1,0,30,MODEL,-0.3575,0.100,1.0255,1,none
45.780,0.29046,0.05726,0.15245,1,0,30,MODEL,-0.3394,0.100,1.0278,1,none
45.831,0.25302,0.13071,0.15978,1,0,30,MODEL,-0.4092,0.100,1.0301,1,none
45.879,0.20534,0.12633,0.13071,1,0,30,MODEL,-0.4050,0.100,1.0318,1,none
45.931,0.14428,0.03454,0.10835,1,0,30,MODEL,-0.3178,0.100,1.0337,1,none
45.981,0.02875,0.00225,0.13726,1,0,30,MODEL,-0.2871,0.100,1.0360,1,none
46.032,-0.01525,-0.02470,0.12023,1,0,30,MODEL,-0.2615,0.100,1.0385,1,none
46.083,-0.06671,-0.04618,0.11949,1,0,30,MODEL,-0.2411,0.100,1.0408,1,none
46.133,-0.12529,0.01086,0.06215,1,0,30,MODEL,-0.2953,0.100,1.0430,1,none
46.181,-0.19113,-0.06932,0.10719,1,0,30,MODEL,-0.2191,0.100,1.0450,1,none
46.231,-0.30316,-0.24118,0.18604,1,0,30,MODEL,-0.0559,0.100,1.0471,1,none
46.280,-0.34620,-0.43279,0.30155,0,1,30,MODEL,-0.0559,0.100,1.0494,1,none
46.333,-0.38769,-0.47821,0.20889,1,0,30,MODEL,0.1693,0.100,1.0517,1,none
46.382,-0.42855,-0.42805,0.17481,1,0,30,MODEL,0.1216,0.100,1.0531,1,none
46.430,-0.46030,-0.49423,0.27066,1,0,30,MODEL,0.1845,0.100,1.0551,1,none
46.482,-0.51364,-0.62678,0.21985,1,0,30,MODEL,0.3104,0.100,1.0571,1,none
46.533,-0.49686,-0.57449,0.24839,1,0,30,MODEL,0.2608,0.100,1.0583,1,none
46.581,-0.46810,-0.57925,0.15906,1,0,30,MODEL,0.2653,0.100,1.0601,1,none
46.632,-0.43184,-0.50933,0.25266,1,0,30,MODEL,0.1989,0.100,1.0621,1,none
46.684,-0.38787,-0.38012,0.23950,1,0,30,MODEL,0.0761,0.100,1.0642,1,none
46.733,-0.35102,-0.25550,0.15757,1,0,30,MODEL,-0.0423,0.100,1.0663,1,none
46.783,-0.26474,-0.16236,0.16732,1,0,30,MODEL,-0.1308,0.100,1.0683,1,none
46.833,-0.18366,-0.07509,0.12434,1,0,30,MODEL,-0.2137,0.100,1.0702,1,none
46.881,-0.10916,-0.05084,0.13963,1,0,30,MODEL,-0.2367,0.100,1.0718,1,none
46.935,-0.08139,0.02289,0.09444,1,0,30,MODEL,-0.3067,0.100,1.0735,1,none
46.984,0.01289,0.03336,0.12038,1,0,30,MODEL,-0.3167,0.100,1.0749,1,none
47.034,0.09619,0.06799,0.13234,1,0,30,MODEL,-0.3496,0.100,1.0764,1,none
47.087,0.16898,0.14556,0.10576,1,0,30,MODEL,-0.4233,0.100,1.0779,1,none
47.135,0.22947,0.10138,0.13170,1,0,30,MODEL,-0.3813,0.100,1.0789,1,none
47.183,0.24700,0.12178,0.15824,1,0,30,MODEL,-0.4007,0.100,1.0803,1,none
47.234,0.31858,0.05677,0.08651,1,0,30,MODEL,-0.3389,0.100,1.0818,1,none
47.285,0.37771,0.02190,0.14699,1,0,30,MODEL,-0.3058,0.100,1.0835,1,none
47.333,0.42752,-0.00695,0.15132,1,0,30,MODEL,-0.2784,0.100,1.0854,1,none
47.384,0.46858,0.12174,0.13999,1,0,30,MODEL,-0.4007,0.100,1.0872,1,none
47.436,0.48241,0.11154,0.12011,1,0,30,MODEL,-0.3910,0.100,1.0880,1,none
47.486,0.53639,0.17283,0.11488,1,0,30,MODEL,-0.4492,0.100,1.0891,1,none
47.535,0.57695,0.11617,0.11807,1,0,30,MODEL,-0.3954,0.100,1.0901,1,none
47.583,0.60223,0.20032,0.18202,1,0,30,MODEL,-0.4753,0.100,1.0915,1,none
47.634,0.57000,0.21467,0.14346,1,0,30,MODEL,-0.4889,0.100,1.0923,1,none
47.686,0.60355,0.26889,0.19378,1,0,30,MODEL,-0.5404,0.100,1.0932,1,none
47.735,0.62026,0.26820,0.15606,1,0,30,MODEL,-0.5398,0.100,1.0936,1,none
47.786,0.61793,0.28926,0.13257,1,0,30,MODEL,-0.5598,0.100,1.0943,1,none
47.835,0.59755,0.27609,0.15158,1,0,30,MODEL,-0.5473,0.100,1.0950,1,none
47.886,0.52530,0.23265,0.13452,1,0,30,MODEL,-0.5060,0.100,1.0959,1,none
47.936,0.50686,0.29640,0.13602,1,0,30,MODEL,-0.5666,0.100,1.0971,1,none
47.985,0.47207,0.14451,0.19512,1,0,30,MODEL,-0.4223,0.100,1.0976,1,none
48.034,0.41861,0.29833,0.19278,1,0,30,MODEL,-0.5684,0.100,1.0990,1,none
48.086,0.35260,0.10962,0.11267,1,0,30,MODEL,-0.3891,0.100,1.0992,1,none
48.137,0.26683,0.11670,0.14678,1,0,30,MODEL,-0.3959,0.100,1.1005,1,none
48.187,0.17128,0.14295,0.16541,1,0,30,MODEL,-0.4208,0.100,1.1023,1,none
48.236,0.06300,0.05150,0.08721,1,0,30,MODEL,-0.3339,0.100,1.1033,1,none
48.286,-0.05887,0.01488,0.12936,1,0,30,MODEL,-0.2991,0.100,1.1048,1,none
48.336,-0.18988,-0.00072,0.07904,1,0,30,MODEL,-0.2843,0.100,1.1065,1,none
48.386,-0.32977,0.04740,0.10031,1,0,30,MODEL,-0.3300,0.100,1.1080,1,none
48.437,-0.47872,-0.02744,0.10256,1,0,30,MODEL,-0.2589,0.100,1.1093,1,none
48.489,-0.63885,-0.00582,0.13206,1,0,30,MODEL,-0.2795,0.100,1.1106,1,none
48.537,-0.80665,0.02532,0.11406,1,0,30,MODEL,-0.3091,0.100,1.1121,1,none
48.587,-0.98344,0.27438,0.35921,0,1,30,MODEL,-0.3091,0.100,1.1133,1,none
48.637,-1.17059,0.49030,0.32544,0,2,30,MODEL,-0.3091,0.100,1.1145,1,none
48.688,-1.36766,1.33214,0.45009,0,3,0,FALLBACK,1.0000,0.100,1.1158,1,none
48.737,-1.57299,1.22133,0.30093,0,3,0,FALLBACK,1.0000,0.100,1.1130,1,none
48.788,-1.73133,1.07124,0.37171,0,3,0,FALLBACK,1.0000,0.100,1.0821,1,none
48.835,-1.84587,1.39356,0.29472,0,3,0,FALLBACK,1.0000,0.100,1.0790,1,none
48.886,-1.92953,1.34493,0.34283,0,3,0,FALLBACK,1.0000,0.100,1.0775,1,none
48.937,-1.98212,1.38234,0.26898,1,3,1,FALLBACK,1.0000,0.100,1.0760,1,none
48.988,-2.00345,1.27495,0.64763,0,3,0,FALLBACK,1.0000,0.100,1.0745,1,none
49.039,-1.99350,0.55704,0.71231,0,3,0,FALLBACK,1.0000,0.100,1.0731,1,none
49.089,-1.95245,-0.56752,1.05240,0,3,0,FALLBACK,1.0000,0.100,1.0717,1,none
49.137,-1.88065,0.00232,0.58882,0,3,0,FALLBACK,1.0000,0.100,1.0703,1,none
49.187,-1.77858,-0.35079,0.27853,1,3,1,FALLBACK,1.0000,0.100,1.0690,1,none
49.237,-1.64690,-0.48982,0.28610,0,3,0,FALLBACK,1.0000,0.100,1.0676,1,none
49.291,-1.48640,-0.76969,0.27470,1,3,1,FALLBACK,1.0000,0.100,1.0664,1,none
49.339,-1.18165,-0.72119,0.22875,1,3,2,FALLBACK,1.0000,0.100,1.0651,1,none
49.389,-1.06863,-0.41236,0.15030,1,3,3,FALLBACK,1.0000,0.100,1.0638,1,none
49.437,-0.92653,-0.07996,0.12393,1,3,4,FALLBACK,1.0000,0.100,1.0626,1,none
49.488,-0.75618,-0.14727,0.17633,1,3,5,FALLBACK,1.0000,0.100,1.0614,1,none
49.540,-0.55855,-0.06132,0.11065,1,3,6,FALLBACK,0.3046,0.100,1.0602,1,none
49.588,-0.33592,0.02263,0.10484,1,3,7,FALLBACK,-0.9335,0.100,1.0610,1,none
49.639,-0.03410,0.29006,0.16976,1,3,8,FALLBACK,-1.0000,0.100,1.0602,1,none
49.688,0.03331,0.14747,0.15362,1,3,9,FALLBACK,-1.0000,0.100,1.0336,1,none
49.739,0.05814,0.11177,0.11687,1,3,10,FALLBACK,-1.0000,0.100,1.0314,1,none
49.789,0.05398,0.11307,0.12015,1,3,11,FALLBACK,-1.0000,0.100,1.0307,1,none
49.837,0.02121,0.03585,0.09437,1,3,12,FALLBACK,-1.0000,0.100,1.0301,1,none
49.888,0.03378,0.05575,0.11321,1,3,13,FALLBACK,-1.0000,0.100,1.0295,1,none
49.939,-0.15634,0.05039,0.18606,1,3,14,FALLBACK,0.2324,0.100,1.0289,1,none
49.987,-0.36983,-0.07445,0.12679,1,3,15,FALLBACK,1.0000,0.100,1.0282,1,none
50.040,-0.55570,0.04367,0.25489,1,3,16,FALLBACK,1.0000,0.100,1.0142,1,none
50.089,-0.69137,0.20892,0.21646,1,3,17,FALLBACK,1.0000,0.100,1.0003,1,none
50.139,-0.65438,0.37886,0.28768,0,3,0,FALLBACK,1.0000,0.100,0.9999,1,none
50.190,-0.83118,0.40441,0.47588,0,3,0,FALLBACK,1.0000,0.100,0.9998,1,none
50.240,-0.98335,0.34232,0.66705,0,3,0,FALLBACK,1.0000,0.100,0.9997,1,none
50.288,-1.11013,0.11740,0.49444,0,3,0,FALLBACK,1.0000,0.100,0.9996,1,none
50.341,-1.21096,0.49116,0.39840,0,3,0,FALLBACK,1.0000,0.100,0.9995,1,none
50.390,-1.28537,0.90799,0.46137,0,3,0,FALLBACK,1.0000,0.100,0.9994,1,none
50.438,-1.19625,0.99487,0.37774,0,3,0,FALLBACK,1.0000,0.100,0.9993,1,none
50.490,-1.31937,0.84974,0.44405,0,3,0,FALLBACK,1.0000,0.100,0.9992,1,none
50.542,-1.41649,0.30412,0.66296,0,3,0,FALLBACK,1.0000,0.100,0.9992,1,none
50.572,-1.48716,0.28147,0.41706,0,3,0,FALLBACK,1.0000,0.100,0.9991,1,none
50.624,-1.53108,0.63453,0.53108,0,3,0,FALLBACK,1.0000,0.100,0.9990,1,none
50.675,-1.54803,0.76711,0.41216,0,3,0,FALLBACK,1.0000,0.100,0.9989,1,none
50.724,-1.39914,0.79795,0.43576,0,3,0,FALLBACK,1.0000,0.100,0.9989,1,none
50.775,-1.46609,0.54232,0.67300,0,3,0,FALLBACK,1.0000,0.100,0.9988,1,none
50.827,-1.50626,-0.12958,0.51843,0,3,0,FALLBACK,1.0000,0.100,0.9987,1,none
50.873,-1.51947,0.22331,0.29938,0,3,0,FALLBACK,1.0000,0.100,0.9986,1,none
50.927,-1.50567,0.29572,0.39254,0,3,0,FALLBACK,1.0000,0.100,0.9986,1,none
50.977,-1.46492,0.28013,0.41535,0,3,0,FALLBACK,1.0000,0.100,0.9985,1,none
51.025,-1.26057,0.10867,0.32934,0,3,0,FALLBACK,1.0000,0.100,0.9984,1,none
51.074,-1.27007,-0.24706,0.23416,1,3,1,FALLBACK,1.0000,0.100,0.9984,1,none
51.124,-1.25257,-0.19468,0.12581,1,3,2,FALLBACK,1.0000,0.100,0.9983,1,none
51.179,-1.20816,-0.09262,0.16126,1,3,3,FALLBACK,1.0000,0.100,0.9982,1,none
51.226,-1.13704,-0.15743,0.17265,1,3,4,FALLBACK,1.0000,0.100,0.9982,1,none
51.279,-1.03954,-0.26038,0.17999,1,3,5,FALLBACK,1.0000,0.100,0.9981,1,none
51.331,-0.79565,-0.20094,0.15203,1,3,6,FALLBACK,1.0000,0.100,0.9981,1,none
51.378,-0.74761,-0.24877,0.16081,1,3,7,FALLBACK,1.0000,0.100,0.9980,1,none
51.429,-0.67291,0.01521,0.14338,1,3,8,FALLBACK,1.0000,0.100,0.9979,1,none
51.481,-0.57190,0.02094,0.12037,1,3,9,FALLBACK,0.8545,0.100,0.9979,1,none
51.531,-0.44532,-0.03069,0.13932,1,3,10,FALLBACK,0.0937,0.100,0.9990,1,none
51.579,-0.30583,-0.01639,0.09307,1,3,11,FALLBACK,-0.6683,0.100,0.9980,1,none
51.632,-0.11177,-0.02313,0.10708,1,3,12,FALLBACK,-1.0000,0.100,0.9925,1,none
51.679,-0.13366,0.02815,0.08935,1,3,13,FALLBACK,-0.7223,0.100,0.9889,1,none
51.730,-0.18925,0.03248,0.12915,1,3,14,FALLBACK,-0.2758,0.100,0.9884,1,none
51.781,-0.25503,-0.01129,0.11881,1,3,15,FALLBACK,0.1041,0.100,0.9916,1,none
51.829,-0.31429,-0.00208,0.11394,1,3,16,FALLBACK,0.3677,0.100,0.9939,1,none
51.878,-0.35923,0.00947,0.13680,1,3,17,FALLBACK,0.5208,0.100,0.9949,1,none
51.930,-0.38763,-0.04244,0.13458,1,3,18,FALLBACK,0.5801,0.100,0.9969,1,none
51.980,-0.39879,-0.04488,0.10682,1,3,19,FALLBACK,0.5497,0.100,0.9969,1,none
52.031,-0.39140,-0.04093,0.11952,1,3,20,FALLBACK,0.4200,0.100,0.9988,1,none
52.080,-0.37052,-0.02675,0.11160,1,3,21,FALLBACK,0.2482,0.100,1.0016,1,none
52.131,-0.34232,-0.08741,0.14498,1,3,22,FALLBACK,0.0707,0.100,1.0048,1,none
52.179,-0.31258,-0.04685,0.12932,1,3,23,FALLBACK,-0.0858,0.100,1.0078,1,none
52.231,-0.28616,-0.06350,0.13620,1,3,24,FALLBACK,-0.2013,0.100,1.0103,1,none
52.280,-0.26665,-0.01767,0.13206,1,3,25,FALLBACK,-0.2643,0.100,1.0125,1,none
52.330,-0.25606,-0.04514,0.10803,1,3,26,FALLBACK,-0.2726,0.100,1.0147,1,none
52.382,-0.25462,-0.02843,0.14734,1,3,27,FALLBACK,-0.2341,0.100,1.0170,1,none
52.432,-0.26098,0.02926,0.14048,1,3,28,FALLBACK,-0.1633,0.100,1.0195,1,none
52.482,-0.27275,0.02835,0.06911,1,3,29,FALLBACK,-0.0774,0.100,1.0221,1,none
52.531,-0.28775,0.05970,0.16380,1,0,30,MODEL,-0.3417,0.100,1.0246,1,none
52.580,-0.30643,-0.01846,0.10556,1,0,30,MODEL,-0.2675,0.100,1.0255,1,none
52.632,-0.33912,-0.08909,0.12314,1,0,30,MODEL,-0.2004,0.100,1.0277,1,none
52.682,-0.37826,-0.00862,0.09596,1,0,30,MODEL,-0.2768,0.100,1.0303,1,none
52.732,-0.42238,-0.07606,0.13704,1,0,30,MODEL,-0.2127,0.100,1.0324,1,none
52.782,-0.47552,-0.06627,0.14268,1,0,30,MODEL,-0.2220,0.100,1.0347,1,none
52.833,-0.53405,-0.10466,0.16111,1,0,30,MODEL,-0.1856,0.100,1.0370,1,none
52.883,-0.59920,-0.16506,0.21761,1,0,30,MODEL,-0.1282,0.100,1.0392,1,none
52.932,-0.66928,-0.20682,0.17979,1,0,30,MODEL,-0.0885,0.100,1.0417,1,none
52.983,-0.74156,-0.25954,0.20774,1,0,30,MODEL,-0.0384,0.100,1.0441,1,none
53.033,-0.81533,-0.17799,0.19891,1,0,30,MODEL,-0.1159,0.100,1.0464,1,none
53.084,-0.89000,-0.13984,0.17703,1,0,30,MODEL,-0.1522,0.100,1.0485,1,none
53.131,-0.96986,-0.11423,0.19205,1,0,30,MODEL,-0.1765,0.100,1.0506,1,none
53.184,-1.05552,-0.15983,0.22442,1,0,30,MODEL,-0.1332,0.100,1.0526,1,none
53.233,-1.14685,-0.06358,0.15040,1,0,30,MODEL,-0.2246,0.100,1.0548,1,none
53.283,-1.24237,-0.05166,0.20846,1,0,30,MODEL,-0.2359,0.100,1.0566,1,none
53.332,-1.34648,0.20271,0.27081,1,0,30,MODEL,-0.4776,0.100,1.0585,1,none
53.381,-1.46035,0.59408,0.49542,0,1,30,MODEL,-0.4776,0.100,1.0583,1,none
53.434,-1.59331,0.70541,0.41997,0,2,30,MODEL,-0.4776,0.100,1.0593,1,none
53.483,-1.74092,1.20461,0.33274,0,3,0,FALLBACK,1.0000,0.100,1.0608,1,none
53.533,-1.89570,0.95600,0.25610,1,3,1,FALLBACK,1.0000,0.100,1.0439,1,none
53.583,-1.99492,0.91180,0.19547,1,3,2,FALLBACK,1.0000,0.100,1.0240,1,none
53.634,-2.05596,1.14752,0.33027,0,3,0,FALLBACK,1.0000,0.100,1.0226,1,none
53.684,-2.08902,1.01133,0.34010,0,3,0,FALLBACK,1.0000,0.100,1.0221,1,none
53.732,-2.09387,0.54579,0.45040,0,3,0,FALLBACK,1.0000,0.100,1.0216,1,none
53.784,-2.07047,0.21330,0.48600,0,3,0,FALLBACK,1.0000,0.100,1.0211,1,none
53.834,-2.01896,-0.33488,0.36011,0,3,0,FALLBACK,1.0000,0.100,1.0207,1,none
53.883,-1.93963,-0.57793,0.36087,0,3,0,FALLBACK,1.0000,0.100,1.0202,1,none
53.934,-1.83289,-0.95316,0.36246,0,3,0,FALLBACK,1.0000,0.100,1.0198,1,none
53.983,-1.69930,-1.03272,0.22296,1,3,1,FALLBACK,1.0000,0.100,1.0193,1,none
54.033,-1.53951,-0.83909,0.20305,1,3,2,FALLBACK,1.0000,0.100,1.0189,1,none
54.085,-1.35434,-0.81539,0.20520,1,3,3,FALLBACK,1.0000,0.100,1.0185,1,none
54.133,-1.14469,-0.51641,0.22798,1,3,4,FALLBACK,1.0000,0.100,1.0181,1,none
54.185,-0.91159,-0.16087,0.13250,1,3,5,FALLBACK,1.0000,0.100,1.0177,1,none
54.232,-0.65617,-0.08166,0.10767,1,3,6,FALLBACK,0.5038,0.100,1.0173,1,none
54.285,-0.38261,-0.01374,0.13611,1,3,7,FALLBACK,-0.9548,0.100,1.0190,1,none
54.333,-0.11125,0.04419,0.14620,1,3,8,FALLBACK,-1.0000,0.100,1.0054,1,none
54.383,0.23342,0.00066,0.09382,1,3,9,FALLBACK,-1.0000,0.100,0.9881,1,none
54.433,0.35278,0.23429,0.21809,1,3,10,FALLBACK,-1.0000,0.100,0.9874,1,none
54.484,0.44692,0.19610,0.13580,1,3,11,FALLBACK,-1.0000,0.100,0.9875,1,none
54.536,0.51532,0.20640,0.14590,1,3,12,FALLBACK,-1.0000,0.100,0.9877,1,none
54.585,0.55760,0.19467,0.13220,1,3,13,FALLBACK,-1.0000,0.100,0.9878,1,none
54.636,0.57357,0.11656,0.14107,1,3,14,FALLBACK,-1.0000,0.100,0.9880,1,none
54.688,0.60915,0.19037,0.20119,1,3,15,FALLBACK,-1.0000,0.100,0.9881,1,none
54.737,0.49809,0.21220,0.21636,1,3,16,FALLBACK,-1.0000,0.100,0.9882,1,none
54.786,0.36193,0.17321,0.15645,1,3,17,FALLBACK,-1.0000,0.100,0.9884,1,none
54.839,0.20127,0.14473,0.15688,1,3,18,FALLBACK,-1.0000,0.100,0.9885,1,none
54.886,0.01682,0.24491,0.21391,1,3,19,FALLBACK,-0.6619,0.100,0.9886,1,none
54.937,-0.11106,0.21585,0.16761,1,3,20,FALLBACK,-0.3053,0.100,0.9913,1,none
54.986,-0.38305,0.14244,0.13605,1,3,21,FALLBACK,1.0000,0.100,0.9954,1,none
55.038,-0.64988,-0.01595,0.17628,1,3,22,FALLBACK,1.0000,0.100,0.9801,1,none
55.086,-0.86801,0.28161,0.27210,1,3,23,FALLBACK,1.0000,0.100,0.9669,1,none
55.137,-1.05824,0.59278,0.36500,0,3,0,FALLBACK,1.0000,0.100,0.9669,1,none
55.185,-1.22634,1.12412,0.42644,0,3,0,FALLBACK,1.0000,0.100,0.9673,1,none
55.238,-1.25644,1.10251,0.25037,1,3,1,FALLBACK,1.0000,0.100,0.9678,1,none
55.289,-1.44551,1.22716,0.28407,1,3,2,FALLBACK,1.0000,0.100,0.9683,1,none
55.337,-1.61212,1.19478,0.28124,1,3,3,FALLBACK,1.0000,0.100,0.9687,1,none
55.388,-1.75550,1.33737,0.31198,0,3,0,FALLBACK,1.0000,0.100,0.9691,1,none
55.440,-1.87501,1.42136,0.26046,1,3,1,FALLBACK,1.0000,0.100,0.9696,1,none
55.488,-1.97010,1.31571,0.29240,0,3,0,FALLBACK,1.0000,0.100,0.9700,1,none
55.539,-1.89711,1.28768,0.27451,1,3,1,FALLBACK,1.0000,0.100,0.9704,1,none
55.588,-2.01473,1.12554,0.26180,1,3,2,FALLBACK,1.0000,0.100,0.9708,1,none
55.639,-2.10782,1.26510,0.32191,0,3,0,FALLBACK,1.0000,0.100,0.9712,1,none
55.689,-2.17595,1.29920,0.29905,0,3,0,FALLBACK,1.0000,0.100,0.9716,1,none
55.739,-2.21879,1.25206,0.26746,1,3,1,FALLBACK,1.0000,0.100,0.9720,1,none
55.788,-2.23612,1.06526,0.23088,1,3,2,FALLBACK,1.0000,0.100,0.9724,1,none
55.840,-2.22784,1.14813,0.27096,1,3,3,FALLBACK,1.0000,0.100,0.9727,1,none
55.873,-2.10445,1.45017,0.32106,0,3,0,FALLBACK,1.0000,0.100,0.9731,1,none
55.923,-2.11942,1.13526,0.46272,0,3,0,FALLBACK,1.0000,0.100,0.9735,1,none
55.975,-2.10873,1.01232,0.44682,0,3,0,FALLBACK,1.0000,0.100,0.9738,1,none
56.023,-2.07238,0.78217,0.39477,0,3,0,FALLBACK,1.0000,0.100,0.9742,1,none
56.074,-2.01051,0.25417,0.67671,0,3,0,FALLBACK,1.0000,0.100,0.9745,1,none
56.123,-1.92335,-0.06560,0.51268,0,3,0,FALLBACK,1.0000,0.100,0.9749,1,none
56.173,-1.70704,-0.17240,0.23177,1,3,1,FALLBACK,1.0000,0.100,0.9752,1,none
56.223,-1.64260,-0.17969,0.21797,1,3,2,FALLBACK,1.0000,0.100,0.9755,1,none
56.274,-1.55285,-0.67205,0.39483,0,3,0,FALLBACK,1.0000,0.100,0.9758,1,none
56.324,-1.43817,-0.60623,0.30602,0,3,0,FALLBACK,1.0000,0.100,0.9762,1,none
56.375,-1.29904,-0.67753,0.28995,0,3,0,FALLBACK,1.0000,0.100,0.9765,1,none
56.425,-1.13606,-0.79804,0.23964,1,3,1,FALLBACK,1.0000,0.100,0.9768,1,none
56.475,-0.83430,-0.79462,0.27150,1,3,2,FALLBACK,1.0000,0.100,0.9771,1,none
56.525,-0.69253,-0.36198,0.20752,1,3,3,FALLBACK,1.0000,0.100,0.9774,1,none
56.576,-0.52692,-0.11384,0.08792,1,3,4,FALLBACK,0.3066,0.100,0.9777,1,none
56.625,-0.33940,-0.08115,0.13498,1,3,5,FALLBACK,-0.7406,0.100,0.9797,1,none
56.675,-0.17109,-0.09722,0.13680,1,3,6,FALLBACK,-1.0000,0.100,0.9654,1,none
56.723,-0.05204,-0.04869,0.19512,1,3,7,FALLBACK,-1.0000,0.100,0.9580,1,none
56.775,0.03554,0.05375,0.14180,1,3,8,FALLBACK,-1.0000,0.100,0.9577,1,none
56.827,0.09886,0.02306,0.09597,1,3,9,FALLBACK,-1.0000,0.100,0.9583,1,none
56.875,0.13765,-0.00875,0.08429,1,3,10,FALLBACK,-1.0000,0.100,0.9589,1,none
56.925,0.15163,0.06549,0.15294,1,3,11,FALLBACK,-1.0000,0.100,0.9596,1,none
56.977,0.14071,-0.00829,0.10554,1,3,12,FALLBACK,-1.0000,0.100,0.9602,1,none
57.025,0.10488,0.01971,0.09704,1,3,13,FALLBACK,-1.0000,0.100,0.9608,1,none
57.075,0.04425,0.02712,0.14939,1,3,14,FALLBACK,-1.0000,0.100,0.9614,1,none
57.126,-0.04097,0.07478,0.13275,1,3,15,FALLBACK,-0.8691,0.100,0.9619,1,none
57.175,-0.14842,0.03421,0.11311,1,3,16,FALLBACK,-0.2206,0.100,0.9645,1,none
57.226,-0.26375,-0.01149,0.09820,1,3,17,FALLBACK,0.3954,0.100,0.9681,1,none
57.277,-0.36123,-0.08055,0.14221,1,3,18,FALLBACK,0.7935,0.100,0.9654,1,none
57.326,-0.42839,-0.02494,0.13129,1,3,19,FALLBACK,0.9777,0.100,0.9605,1,none
57.377,-0.46465,-0.06628,0.10581,1,3,20,FALLBACK,1.0000,0.100,0.9581,1,none
57.428,-0.47139,-0.02572,0.16857,1,3,21,FALLBACK,0.8906,0.100,0.9576,1,none
57.477,-0.45321,0.00877,0.12159,1,3,22,FALLBACK,0.6751,0.100,0.9594,1,none
57.529,-0.41729,-0.00295,0.14826,1,3,23,FALLBACK,0.4069,0.100,0.9630,1,none
57.577,-0.37030,-0.01991,0.11206,1,3,24,FALLBACK,0.1166,0.100,0.9672,1,none
57.626,-0.32155,0.03739,0.18565,1,3,25,FALLBACK,-0.1361,0.100,0.9706,1,none
57.680,-0.27938,-0.00544,0.13499,1,3,26,FALLBACK,-0.3140,0.100,0.9733,1,none
57.727,-0.24707,-0.02882,0.13156,1,3,27,FALLBACK,-0.4261,0.100,0.9758,1,none
57.778,-0.22817,-0.09900,0.15622,1,3,28,FALLBACK,-0.4537,0.100,0.9772,1,none
57.829,-0.22398,0.00650,0.09010,1,3,29,FALLBACK,-0.4011,0.100,0.9794,1,none
57.880,-0.23220,0.05287,0.10876,1,0,30,MODEL,-0.3352,0.100,0.9821,1,none
57.928,-0.24986,0.04259,0.10620,1,0,30,MODEL,-0.3255,0.100,0.9850,1,none
57.979,-0.27501,0.00337,0.15098,1,0,30,MODEL,-0.2882,0.100,0.9879,1,none
58.031,-0.30809,-0.01562,0.11202,1,0,30,MODEL,-0.2702,0.100,0.9907,1,none
58.080,-0.34809,-0.03092,0.14663,1,0,30,MODEL,-0.2556,0.100,0.9935,1,none
58.130,-0.39492,-0.02662,0.11719,1,0,30,MODEL,-0.2597,0.100,0.9962,1,none
58.182,-0.44848,-0.06517,0.11072,1,0,30,MODEL,-0.2231,0.100,0.9989,1,none
58.231,-0.50903,-0.08404,0.10111,1,0,30,MODEL,-0.2052,0.100,1.0016,1,none
58.280,-0.57499,-0.05734,0.16071,1,0,30,MODEL,-0.2305,0.100,1.0043,1,none
58.330,-0.64648,-0.16656,0.21245,1,0,30,MODEL,-0.1268,0.100,1.0068,1,none
58.380,-0.72495,-0.18371,0.15762,1,0,30,MODEL,-0.1105,0.100,1.0093,1,none
58.429,-0.80619,-0.16099,0.19337,1,0,30,MODEL,-0.1321,0.100,1.0121,1,none
58.481,-0.88951,-0.08262,0.19359,1,0,30,MODEL,-0.2065,0.100,1.0147,1,none
58.530,-0.97764,-0.27609,0.22431,1,0,30,MODEL,-0.0227,0.100,1.0170,1,none
58.581,-1.07289,-0.18899,0.28107,1,0,30,MODEL,-0.1055,0.100,1.0194,1,none
58.631,-1.16662,-0.05850,0.25069,1,0,30,MODEL,-0.2294,0.100,1.0217,1,none
58.681,-1.26520,0.38899,0.37440,0,1,30,MODEL,-0.2294,0.100,1.0237,1,none
58.733,-1.37308,0.40336,0.36276,0,2,30,MODEL,-0.2294,0.100,1.0259,1,none
58.781,-1.48793,0.65966,0.40783,0,3,0,FALLBACK,1.0000,0.100,1.0283,1,none
58.834,-1.60261,1.11913,0.41473,0,3,0,FALLBACK,1.0000,0.100,1.0120,1,none
58.880,-1.66307,0.80500,0.58470,0,3,0,FALLBACK,1.0000,0.100,0.9997,1,none
58.932,-1.69049,0.49816,0.65889,0,3,0,FALLBACK,1.0000,0.100,0.9992,1,none
58.985,-1.69112,0.23984,0.44970,0,3,0,FALLBACK,1.0000,0.100,0.9991,1,none
59.032,-1.66476,-0.33653,0.43209,0,3,0,FALLBACK,1.0000,0.100,0.9990,1,none
59.081,-1.61150,-0.96519,0.30986,0,3,0,FALLBACK,1.0000,0.100,0.9990,1,none
59.132,-1.53160,-1.20317,0.25317,1,3,1,FALLBACK,1.0000,0.100,0.9989,1,none
59.181,-1.42542,-1.05103,0.30612,0,3,0,FALLBACK,1.0000,0.100,0.9988,1,none
59.232,-1.29345,-1.03070,0.24761,1,3,1,FALLBACK,1.0000,0.100,0.9987,1,none
59.281,-1.13632,-1.01267,0.38462,0,3,0,FALLBACK,1.0000,0.100,0.9987,1,none
59.335,-0.95474,-0.61140,0.20870,1,3,1,FALLBACK,1.0000,0.100,0.9986,1,none
59.385,-0.72592,-0.14446,0.17728,1,3,2,FALLBACK,0.9855,0.100,0.9985,1,none
59.435,-0.51550,-0.17101,0.13419,1,3,3,FALLBACK,0.0255,0.100,0.9985,1,none
59.484,-0.28922,-0.08920,0.12825,1,3,4,FALLBACK,-1.0000,0.100,0.9939,1,none
59.537,-0.08667,-0.05742,0.11577,1,3,5,FALLBACK,-1.0000,0.100,0.9820,1,none
59.586,0.06550,0.02877,0.12319,1,3,6,FALLBACK,-1.0000,0.100,0.9747,1,none
59.635,0.18974,-0.07957,0.10603,1,3,7,FALLBACK,-1.0000,0.100,0.9748,1,none
59.685,0.28964,0.04956,0.11018,1,3,8,FALLBACK,-1.0000,0.100,0.9752,1,none
59.734,0.36453,0.02994,0.14595,1,3,9,FALLBACK,-1.0000,0.100,0.9755,1,none
59.784,0.41404,0.12060,0.14271,1,3,10,FALLBACK,-1.0000,0.100,0.9759,1,none
59.836,0.43790,0.17575,0.16537,1,3,11,FALLBACK,-1.0000,0.100,0.9762,1,none
59.885,0.43601,0.08173,0.11828,1,3,12,FALLBACK,-1.0000,0.100,0.9765,1,none
59.935,0.40834,0.19409,0.15464,1,3,13,FALLBACK,-1.0000,0.100,0.9768,1,none
59.986,0.35497,0.13269,0.11612,1,3,14,FALLBACK,-1.0000,0.100,0.9772,1,none
60.036,0.27614,0.08325,0.11305,1,3,15,FALLBACK,-1.0000,0.100,0.9775,1,none
60.086,0.17214,0.15805,0.14040,1,3,16,FALLBACK,-1.0000,0.100,0.9778,1,none
60.136,0.04343,0.13811,0.11179,1,3,17,FALLBACK,-1.0000,0.100,0.9781,1,none
60.186,-0.10947,0.07448,0.10192,1,3,18,FALLBACK,-0.1882,0.100,0.9784,1,none
60.236,-0.27984,0.01466,0.13719,1,3,19,FALLBACK,0.7511,0.100,0.9764,1,none
60.287,-0.43676,0.07256,0.20520,1,3,20,FALLBACK,1.0000,0.100,0.9779,1,none
60.337,-0.55347,-0.02698,0.12611,1,3,21,FALLBACK,1.0000,0.100,0.9641,1,none
60.387,-0.63346,-0.11581,0.16166,1,3,22,FALLBACK,1.0000,0.100,0.9618,1,none
60.439,-0.68773,-0.16653,0.16858,1,3,23,FALLBACK,1.0000,0.100,0.9623,1,none
60.485,-0.71716,-0.18217,0.22839,1,3,24,FALLBACK,1.0000,0.100,0.9628,1,none
60.538,-0.72153,-0.06595,0.14715,1,3,25,FALLBACK,1.0000,0.100,0.9634,1,none
60.590,-0.70074,-0.37351,0.22783,1,3,26,FALLBACK,1.0000,0.100,0.9639,1,none
60.638,-0.65486,-0.39172,0.24655,1,3,27,FALLBACK,1.0000,0.100,0.9644,1,none
60.685,-0.58404,-0.24552,0.17093,1,3,28,FALLBACK,1.0000,0.100,0.9649,1,none
60.737,-0.48855,-0.17905,0.11499,1,3,29,FALLBACK,0.4653,0.100,0.9654,1,none
60.787,-0.36982,-0.14998,0.13852,1,0,30,MODEL,-0.1425,0.100,0.9681,1,none
60.836,-0.25206,-0.06906,0.11783,1,0,30,MODEL,-0.2194,0.100,0.9711,1,none
60.888,-0.15313,-0.06365,0.13163,1,0,30,MODEL,-0.2245,0.100,0.9722,1,none
60.936,-0.06349,-0.10673,0.15071,1,0,30,MODEL,-0.1836,0.100,0.9749,1,none
60.989,0.02042,-0.11449,0.13836,1,0,30,MODEL,-0.1762,0.100,0.9778,1,none
61.037,0.10062,-0.04079,0.11956,1,0,30,MODEL,-0.2462,0.100,0.9808,1,none
61.088,0.17669,0.00106,0.14528,1,0,30,MODEL,-0.2860,0.100,0.9835,1,none
61.138,0.24509,0.03435,0.13550,1,0,30,MODEL,-0.3176,0.100,0.9860,1,none
61.190,0.30489,0.09448,0.12231,1,0,30,MODEL,-0.3748,0.100,0.9885,1,none
61.236,0.35553,0.16870,0.13236,1,0,30,MODEL,-0.4453,0.100,0.9910,1,none
61.287,0.39522,0.23061,0.16198,1,0,30,MODEL,-0.5041,0.100,0.9929,1,none
61.337,0.42072,0.16967,0.13795,1,0,30,MODEL,-0.4462,0.100,0.9946,1,none
61.388,0.43105,0.14458,0.19457,1,0,30,MODEL,-0.4224,0.100,0.9968,1,none
61.438,0.43013,0.08652,0.08391,1,0,30,MODEL,-0.3672,0.100,0.9994,1,none
61.487,0.41852,0.17371,0.15286,1,0,30,MODEL,-0.4500,0.100,1.0021,1,none
61.540,0.39776,0.05895,0.11104,1,0,30,MODEL,-0.3410,0.100,1.0043,1,none
61.588,0.36327,0.07988,0.13908,1,0,30,MODEL,-0.3609,0.100,1.0065,1,none
61.638,0.32083,0.14528,0.16524,1,0,30,MODEL,-0.4230,0.100,1.0092,1,none
61.688,0.26834,0.12755,0.16545,1,0,30,MODEL,-0.4062,0.100,1.0112,1,none
61.740,0.20263,0.22064,0.15587,1,0,30,MODEL,-0.4946,0.100,1.0132,1,none
61.791,0.12529,0.17414,0.17873,1,0,30,MODEL,-0.4504,0.100,1.0151,1,none
61.839,0.03250,0.09268,0.16893,1,0,30,MODEL,-0.3730,0.100,1.0168,1,none
61.890,-0.07238,0.06392,0.08789,1,0,30,MODEL,-0.3457,0.100,1.0194,1,none
61.939,-0.18616,0.00937,0.15660,1,0,30,MODEL,-0.2939,0.100,1.0219,1,none
61.990,-0.30897,-0.24840,0.20082,1,0,30,MODEL,-0.0490,0.100,1.0244,1,none
62.040,-0.43852,0.04359,0.25210,1,0,30,MODEL,-0.3264,0.100,1.0269,1,none
62.088,-0.56574,-0.08629,0.22799,1,0,30,MODEL,-0.2030,0.100,1.0284,1,none
62.138,-0.70585,-0.79021,0.71603,0,1,30,MODEL,-0.2030,0.100,1.0299,1,none
62.191,-0.85102,-1.49660,0.29026,0,2,30,MODEL,-0.2030,0.100,1.0324,1,none
62.239,-0.99858,-0.87524,0.59474,0,3,0,FALLBACK,1.0000,0.100,1.0353,2,none
62.291,-1.04356,0.77111,0.36069,0,3,0,FALLBACK,1.0000,0.100,1.0363,2,none
62.339,-1.23124,0.79810,0.43086,0,3,0,FALLBACK,1.0000,0.100,1.0002,2,none
62.390,-1.38612,0.33060,0.64494,0,3,0,FALLBACK,1.0000,0.100,1.0049,2,none
62.422,-1.51458,0.82694,0.61634,0,3,0,FALLBACK,1.0000,0.100,1.0062,2,none
62.475,-1.57272,0.34092,0.59102,0,3,0,FALLBACK,1.0000,0.100,1.0065,2,none
62.525,-1.55251,0.10787,0.46560,0,3,0,FALLBACK,1.0000,0.100,1.0062,2,none
62.575,-1.50500,-1.03489,0.38450,0,3,0,FALLBACK,1.0000,0.100,1.0047,2,none
62.623,-1.43114,-1.11251,0.36196,0,3,0,FALLBACK,1.0000,0.100,1.0062,2,none
62.675,-1.33043,-1.06271,0.23623,1,3,1,FALLBACK,1.0000,0.100,1.0059,2,none
62.725,-1.20357,-1.01016,0.29654,0,3,0,FALLBACK,1.0000,0.100,1.0057,2,none
62.775,-1.05101,-0.83873,0.24970,1,3,1,FALLBACK,1.0000,0.100,1.0055,2,none
62.822,-0.87353,-0.49260,0.27935,1,3,2,FALLBACK,1.0000,0.100,1.0053,2,none
62.874,-0.67195,-0.11564,0.17306,1,3,3,FALLBACK,0.8518,0.100,1.0052,2,none
62.927,-0.44909,-0.12524,0.15546,1,3,4,FALLBACK,-0.3688,0.100,1.0074,2,none
62.975,-0.22395,-0.04954,0.09219,1,3,5,FALLBACK,-1.0000,0.100,0.9986,2,none
63.025,-0.04205,-0.01794,0.08178,1,3,6,FALLBACK,-1.0000,0.100,0.9850,2,none
63.074,0.09927,0.09433,0.10719,1,3,7,FALLBACK,-1.0000,0.100,0.9825,2,none
63.124,0.21552,0.20346,0.13216,1,3,8,FALLBACK,-1.0000,0.100,0.9827,2,none
63.173,0.30670,0.22341,0.16784,1,3,9,FALLBACK,-1.0000,0.100,0.9829,2,none
63.227,0.37231,0.16996,0.13158,1,3,10,FALLBACK,-1.0000,0.100,0.9831,2,none
63.277,0.41201,0.26135,0.15211,1,3,11,FALLBACK,-1.0000,0.100,0.9834,2,none
63.325,0.42563,0.19116,0.16281,1,3,12,FALLBACK,-1.0000,0.100,0.9836,2,none
63.377,0.41308,0.12229,0.14711,1,3,13,FALLBACK,-1.0000,0.100,0.9838,2,none
63.425,0.37440,0.06055,0.11146,1,3,14,FALLBACK,-1.0000,0.100,0.9840,2,none
63.479,0.30975,0.15131,0.14594,1,3,15,FALLBACK,-1.0000,0.100,0.9842,2,none
63.528,0.21939,0.17343,0.15699,1,3,16,FALLBACK,-1.0000,0.100,0.9844,2,none
63.575,0.10371,0.23140,0.18027,1,3,17,FALLBACK,-1.0000,0.100,0.9846,2,none
63.627,-0.03677,0.11033,0.15486,1,3,18,FALLBACK,-0.6137,0.100,0.9848,2,none
63.677,-0.19572,0.03500,0.14773,1,3,19,FALLBACK,0.2733,0.100,0.9890,2,none
63.728,-0.35589,0.03432,0.12026,1,3,20,FALLBACK,1.0000,0.100,0.9836,2,none
63.777,-0.48429,-0.00119,0.16118,1,3,21,FALLBACK,1.0000,0.100,0.9729,2,none
63.826,-0.56701,0.00050,0.13483,1,3,22,FALLBACK,1.0000,0.100,0.9694,2,none
63.876,-0.62266,-0.11586,0.15386,1,3,23,FALLBACK,1.0000,0.100,0.9697,2,none
63.928,-0.65317,-0.16855,0.15436,1,3,24,FALLBACK,1.0000,0.100,0.9701,2,none
63.978,-0.65825,-0.18992,0.16392,1,3,25,FALLBACK,1.0000,0.100,0.9705,2,none
64.030,-0.63779,-0.13890,0.14338,1,3,26,FALLBACK,1.0000,0.100,0.9709,2,none
64.078,-0.59188,-0.26030,0.26228,1,3,27,FALLBACK,1.0000,0.100,0.9713,2,none
64.127,-0.52067,-0.29394,0.15987,1,3,28,FALLBACK,0.7473,0.100,0.9717,2,none
64.180,-0.42649,-0.17162,0.15631,1,3,29,FALLBACK,0.1615,0.100,0.9745,2,none
64.228,-0.32420,-0.17459,0.14913,1,0,30,MODEL,-0.1191,0.100,0.9763,2,none
64.277,-0.23337,-0.09162,0.10424,1,0,30,MODEL,-0.1980,0.100,0.9803,2,none
64.329,-0.15332,-0.09375,0.13118,1,0,30,MODEL,-0.1959,0.100,0.9831,2,none
64.380,-0.08041,-0.06572,0.15165,1,0,30,MODEL,-0.2226,0.100,0.9859,2,none
64.428,-0.01261,-0.08519,0.12106,1,0,30,MODEL,-0.2041,0.100,0.9886,2,none
64.477,0.04911,0.06182,0.16519,1,0,30,MODEL,-0.3437,0.100,0.9914,2,none
64.528,0.10456,0.04356,0.13397,1,0,30,MODEL,-0.3264,0.100,0.9933,2,none
64.580,0.14801,0.05524,0.10887,1,0,30,MODEL,-0.3375,0.100,0.9957,2,none
64.629,0.18269,-0.00958,0.10522,1,0,30,MODEL,-0.2759,0.100,0.9983,2,none
64.679,0.20853,0.08844,0.13970,1,0,30,MODEL,-0.3690,0.100,1.0010,2,none
64.731,0.22725,0.08154,0.13814,1,0,30,MODEL,-0.3625,0.100,1.0031,2,none
64.781,0.23400,0.04877,0.09523,1,0,30,MODEL,-0.3313,0.100,1.0054,2,none
64.831,0.23060,0.07358,0.06059,1,0,30,MODEL,-0.3549,0.100,1.0078,2,none
64.879,0.21834,0.08750,0.11198,1,0,30,MODEL,-0.3681,0.100,1.0102,2,none
64.931,0.19564,0.08910,0.12807,1,0,30,MODEL,-0.3696,0.100,1.0125,2,none
64.981,0.16214,0.07350,0.12153,1,0,30,MODEL,-0.3548,0.100,1.0147,2,none
65.029,0.11803,0.16379,0.16615,1,0,30,MODEL,-0.4406,0.100,1.0170,2,none
65.083,0.06321,0.15212,0.13131,1,0,30,MODEL,-0.4295,0.100,1.0188,2,none
65.129,-0.00578,0.18400,0.21563,1,0,30,MODEL,-0.4598,0.100,1.0207,2,none
65.181,-0.08727,0.19585,0.14723,1,0,30,MODEL,-0.4711,0.100,1.0226,2,none
65.230,-0.04903,0.13964,0.18331,1,0,30,MODEL,-0.4177,0.100,1.0244,2,none
65.281,-0.25930,0.09737,0.15203,1,0,30,MODEL,-0.3775,0.100,1.0267,2,none
65.331,-0.47917,0.11044,0.20903,1,0,30,MODEL,-0.3899,0.100,1.0291,2,none
65.378,-0.70793,0.07967,0.20203,1,0,30,MODEL,-0.3607,0.100,1.0313,2,none
65.429,-0.94637,0.37609,0.31444,0,1,30,MODEL,-0.3607,0.100,1.0334,2,none
65.482,-1.19354,1.09776,0.33178,0,2,30,MODEL,-0.3607,0.100,1.0355,2,none
65.532,-1.27151,0.62938,0.36928,0,3,0,FALLBACK,1.0000,0.100,1.0376,2,none
65.581,-1.60716,0.71906,0.33921,0,3,0,FALLBACK,1.0000,0.100,1.0209,2,none
65.632,-1.89962,0.67532,0.28775,0,3,0,FALLBACK,1.0000,0.100,1.0051,2,none
65.681,-2.16564,0.62344,0.39272,0,3,0,FALLBACK,1.0000,0.100,1.0043,2,none
65.732,-2.41072,0.38259,0.49716,0,3,0,FALLBACK,1.0000,0.100,1.0041,2,none
65.781,-2.63363,0.35241,0.40177,0,3,0,FALLBACK,1.0000,0.100,1.0040,2,none
65.832,-2.83331,0.48344,0.22190,1,3,1,FALLBACK,1.0000,0.100,1.0038,2,none
65.885,-3.00885,0.42710,0.22787,1,3,2,FALLBACK,1.0000,0.100,1.0036,2,none
65.932,-2.96661,0.42377,0.22173,1,3,3,FALLBACK,1.0000,0.100,1.0035,2,none
65.985,-3.18872,0.37324,0.22319,1,3,4,FALLBACK,1.0000,0.100,1.0033,2,none
66.033,-3.38761,0.20553,0.13809,1,3,5,FALLBACK,1.0000,0.100,1.0032,2,none
66.082,-3.56236,0.27082,0.15219,1,3,6,FALLBACK,1.0000,0.100,1.0030,2,none
66.134,-3.71217,0.30840,0.18146,1,3,7,FALLBACK,1.0000,0.100,1.0029,2,none
66.182,-3.83637,0.18381,0.13477,1,3,8,FALLBACK,1.0000,0.100,1.0027,2,none
66.235,-3.93439,-0.06230,0.09977,1,3,9,FALLBACK,1.0000,0.100,1.0026,2,none
66.283,-3.71296,0.06532,0.11411,1,3,10,FALLBACK,1.0000,0.100,1.0025,2,none
66.335,-3.86207,0.07083,0.11601,1,3,11,FALLBACK,1.0000,0.100,1.0023,2,none
66.384,-3.98558,0.13783,0.11467,1,3,12,FALLBACK,1.0000,0.100,1.0022,2,none
66.433,-4.08292,0.24493,0.18071,1,3,13,FALLBACK,1.0000,0.100,1.0021,2,none
66.485,-4.15365,0.08446,0.11781,1,3,14,FALLBACK,1.0000,0.100,1.0019,2,none
66.535,-4.19746,0.10910,0.11511,1,3,15,FALLBACK,1.0000,0.100,1.0018,2,none
66.586,-4.21417,0.18966,0.17703,1,3,16,FALLBACK,1.0000,0.100,1.0017,2,none
66.636,-4.20369,0.39721,0.17923,1,3,17,FALLBACK,1.0000,0.100,1.0016,2,none
66.685,-3.88823,0.43672,0.16849,1,3,18,FALLBACK,1.0000,0.100,1.0014,2,none
66.734,-3.93146,0.37409,0.14692,1,3,19,FALLBACK,1.0000,0.100,1.0013,2,none
66.785,-3.94760,0.43903,0.15874,1,3,20,FALLBACK,1.0000,0.100,1.0012,2,none
66.835,-3.93659,0.45420,0.17169,1,3,21,FALLBACK,1.0000,0.100,1.0011,2,none
66.885,-3.89847,0.70684,0.23693,1,3,22,FALLBACK,1.0000,0.100,1.0010,2,none
66.935,-3.83346,0.64699,0.25313,1,3,23,FALLBACK,1.0000,0.100,1.0009,2,none
66.987,-3.74184,0.99706,0.30158,0,3,0,FALLBACK,1.0000,0.100,1.0008,2,none
67.034,-3.62405,0.91735,0.33177,0,3,0,FALLBACK,1.0000,0.100,1.0007,2,none
67.085,-3.23718,0.76527,0.38890,0,3,0,FALLBACK,1.0000,0.100,1.0006,2,none
67.135,-3.17174,0.55152,0.22374,1,3,1,FALLBACK,1.0000,0.100,1.0005,2,none
67.187,-3.07972,1.00078,0.27441,1,3,2,FALLBACK,1.0000,0.100,1.0004,2,none
67.235,-2.96155,0.37350,0.85782,0,3,0,FALLBACK,1.0000,0.100,1.0003,2,none
67.284,-2.81779,-1.25079,0.73267,0,3,0,FALLBACK,1.0000,0.100,1.0002,2,none
67.336,-2.64911,-0.75233,0.66088,0,3,0,FALLBACK,1.0000,0.100,1.0001,2,none
67.384,-2.45629,-1.43037,0.47326,0,3,0,FALLBACK,1.0000,0.100,1.0000,2,none
67.435,-2.24024,-1.45519,0.27057,1,3,1,FALLBACK,1.0000,0.100,0.9999,2,none
67.483,-1.80943,-1.37002,0.24854,1,3,2,FALLBACK,1.0000,0.100,0.9998,2,none
67.536,-1.64049,-1.29484,0.33487,0,3,0,FALLBACK,1.0000,0.100,0.9997,2,none
67.587,-1.44743,-0.97217,0.29541,0,3,0,FALLBACK,1.0000,0.100,0.9996,2,none
67.636,-1.23115,-0.66792,0.26752,1,3,1,FALLBACK,1.0000,0.100,0.9995,2,none
67.687,-0.99266,-0.20994,0.13991,1,3,2,FALLBACK,1.0000,0.100,0.9994,2,none
67.738,-0.73306,-0.06881,0.16255,1,3,3,FALLBACK,0.8673,0.100,0.9994,2,none
67.789,-0.45367,-0.01342,0.09457,1,3,4,FALLBACK,-0.6285,0.100,1.0004,2,none
67.839,-0.16031,0.19223,0.18131,1,3,5,FALLBACK,-1.0000,0.100,1.0021,2,none
67.889,0.21555,0.25253,0.16238,1,3,6,FALLBACK,-1.0000,0.100,0.9755,2,none
67.940,0.34051,0.52789,0.18925,1,3,7,FALLBACK,-1.0000,0.100,0.9708,2,none
67.975,0.43927,0.37391,0.19827,1,3,8,FALLBACK,-1.0000,0.100,0.9712,2,none
68.022,0.51337,0.22681,0.18229,1,3,9,FALLBACK,-1.0000,0.100,0.9716,2,none
68.076,0.56229,0.20287,0.17077,1,3,10,FALLBACK,-1.0000,0.100,0.9720,2,none
68.122,0.70055,0.24155,0.19242,1,3,11,FALLBACK,-1.0000,0.100,0.9724,2,none
68.175,0.59480,0.22954,0.18003,1,3,12,FALLBACK,-1.0000,0.100,0.9728,2,none
68.225,0.46462,0.20890,0.15067,1,3,13,FALLBACK,-1.0000,0.100,0.9732,2,none
68.275,0.31055,0.27226,0.17556,1,3,14,FALLBACK,-1.0000,0.100,0.9735,2,none
68.325,0.13323,0.06748,0.12918,1,3,15,FALLBACK,-1.0000,0.100,0.9739,2,none
68.376,-0.06661,0.09685,0.17453,1,3,16,FALLBACK,-0.1678,0.100,0.9743,2,none
68.426,-0.28683,0.06483,0.09182,1,3,17,FALLBACK,1.0000,0.100,0.9757,2,none
68.477,-0.48332,0.07743,0.12038,1,3,18,FALLBACK,1.0000,0.100,0.9533,2,none
68.526,-0.62595,0.03247,0.13342,1,3,19,FALLBACK,1.0000,0.100,0.9456,2,none
68.575,-0.74331,0.00664,0.09644,1,3,20,FALLBACK,1.0000,0.100,0.9463,2,none
68.624,-0.83772,-0.09139,0.14480,1,3,21,FALLBACK,1.0000,0.100,0.9471,2,none
68.676,-0.90850,-0.15646,0.16391,1,3,22,FALLBACK,1.0000,0.100,0.9479,2,none
68.726,-0.95529,-0.27701,0.24231,1,3,23,FALLBACK,1.0000,0.100,0.9487,2,none
68.777,-0.97781,-0.45244,0.28095,1,3,24,FALLBACK,1.0000,0.100,0.9494,2,none
68.827,-0.97592,-0.69405,0.25195,1,3,25,FALLBACK,1.0000,0.100,0.9502,2,none
68.876,-0.94958,-0.78952,0.32800,0,3,0,FALLBACK,1.0000,0.100,0.9509,2,none
68.927,-0.89882,-0.76469,0.18833,1,3,1,FALLBACK,1.0000,0.100,0.9517,2,none
68.974,-0.82382,-0.83842,0.26058,1,3,2,FALLBACK,1.0000,0.100,0.9524,2,none
69.027,-0.72483,-0.69103,0.21329,1,3,3,FALLBACK,1.0000,0.100,0.9531,2,none
69.076,-0.60222,-0.49943,0.25118,1,3,4,FALLBACK,0.8980,0.100,0.9538,2,none
69.131,-0.45792,-0.14388,0.15556,1,3,5,FALLBACK,0.0681,0.100,0.9561,2,none
69.177,-0.29649,-0.09733,0.14443,1,3,6,FALLBACK,-0.8247,0.100,0.9579,2,none
69.226,-0.15583,-0.06308,0.10181,1,3,7,FALLBACK,-1.0000,0.100,0.9445,2,none
69.278,-0.06158,0.05003,0.11351,1,3,8,FALLBACK,-1.0000,0.100,0.9401,2,none
69.328,0.00210,-0.04515,0.14992,1,3,9,FALLBACK,-1.0000,0.100,0.9401,2,none
69.377,0.04194,0.03685,0.18551,1,3,10,FALLBACK,-1.0000,0.100,0.9410,2,none
69.427,0.05797,0.08311,0.16825,1,3,11,FALLBACK,-1.0000,0.100,0.9419,2,none
69.478,0.05000,0.06330,0.12407,1,3,12,FALLBACK,-1.0000,0.100,0.9428,2,none
69.527,0.01800,0.04531,0.09315,1,3,13,FALLBACK,-1.0000,0.100,0.9437,2,none
69.579,-0.03797,0.08762,0.12274,1,3,14,FALLBACK,-1.0000,0.100,0.9446,2,none
69.627,-0.11775,0.02726,0.15084,1,3,15,FALLBACK,-0.5124,0.100,0.9454,2,none
69.691,-0.21703,-0.01375,0.06769,1,3,16,FALLBACK,0.0816,0.100,0.9480,2,none
69.744,-0.31774,-0.04939,0.14369,1,3,17,FALLBACK,0.5923,0.100,0.9531,2,none
69.789,-0.41993,-0.05694,0.10478,1,3,18,FALLBACK,1.0000,0.100,0.9544,2,none
69.841,-0.48841,-0.05079,0.11985,1,3,19,FALLBACK,1.0000,0.100,0.9486,2,none
69.889,-0.52031,-0.10579,0.14544,1,3,20,FALLBACK,1.0000,0.100,0.9412,2,none
69.958,-0.52380,-0.23214,0.15179,1,3,21,FALLBACK,1.0000,0.100,0.9417,2,none
69.989,-0.50339,-0.23270,0.21225,1,3,22,FALLBACK,0.9149,0.100,0.9426,2,none
70.040,-0.45897,-0.20630,0.19145,1,3,23,FALLBACK,0.5727,0.100,0.9435,2,none
70.090,-0.39457,-0.25200,0.18701,1,3,24,FALLBACK,0.1509,0.100,0.9479,2,none
70.139,-0.32475,-0.16949,0.12812,1,3,25,FALLBACK,-0.2253,0.100,0.9521,2,none
70.190,-0.25839,-0.12693,0.15025,1,3,26,FALLBACK,-0.5398,0.100,0.9558,2,none
70.240,-0.20660,-0.00753,0.10691,1,3,27,FALLBACK,-0.7260,0.100,0.9569,2,none
70.289,-0.17630,-0.06462,0.16569,1,3,28,FALLBACK,-0.7700,0.100,0.9560,2,none
70.340,-0.17013,-0.06845,0.13509,1,3,29,FALLBACK,-0.6802,0.100,0.9551,2,none
70.378,-0.18610,-0.02557,0.14787,1,0,30,MODEL,-0.2607,0.100,0.9566,2,none
70.423,-0.21816,-0.04603,0.12124,1,0,30,MODEL,-0.2413,0.100,0.9605,2,none
70.472,-0.24594,-0.03172,0.12383,1,0,30,MODEL,-0.2549,0.100,0.9640,2,none
70.525,-0.27766,-0.08981,0.13105,1,0,30,MODEL,-0.1997,0.100,0.9670,2,none
70.573,-0.31547,-0.04761,0.13786,1,0,30,MODEL,-0.2398,0.100,0.9701,2,none
70.625,-0.35812,-0.05166,0.13023,1,0,30,MODEL,-0.2359,0.100,0.9729,2,none
70.675,-0.40780,-0.09116,0.12051,1,0,30,MODEL,-0.1984,0.100,0.9758,2,none
70.724,-0.46345,-0.11281,0.09872,1,0,30,MODEL,-0.1778,0.100,0.9788,2,none
70.775,-0.52338,-0.18029,0.15155,1,0,30,MODEL,-0.1137,0.100,0.9817,2,none
70.825,-0.58670,-0.09582,0.19784,1,0,30,MODEL,-0.1940,0.100,0.9847,2,none
70.877,-0.65321,-0.06284,0.12984,1,0,30,MODEL,-0.2253,0.100,0.9873,2,none
70.925,-0.72700,-0.07097,0.10862,1,0,30,MODEL,-0.2176,0.100,0.9899,2,none
70.977,-0.80758,-0.08069,0.11383,1,0,30,MODEL,-0.2083,0.100,0.9927,2,none
71.024,-0.89389,-0.00235,0.17597,1,0,30,MODEL,-0.2828,0.100,0.9954,2,none
71.075,-0.90062,0.42806,0.47977,0,1,30,MODEL,-0.2828,0.100,0.9977,2,none
71.125,-1.06843,0.73071,0.62680,0,2,30,MODEL,-0.2828,0.100,1.0002,2,none
71.175,-1.24380,0.98854,0.42642,0,3,0,FALLBACK,1.0000,0.100,1.0028,2,none
71.225,-1.41138,1.22916,0.30324,0,3,0,FALLBACK,1.0000,0.100,0.9816,2,none
71.276,-1.52450,1.39230,0.34768,0,3,0,FALLBACK,1.0000,0.100,0.9735,2,none
71.327,-1.61002,1.34295,0.35257,0,3,0,FALLBACK,1.0000,0.100,0.9737,2,none
71.374,-1.58316,1.48405,0.28056,1,3,1,FALLBACK,1.0000,0.100,0.9740,2,none
71.425,-1.68497,1.34504,0.34816,0,3,0,FALLBACK,1.0000,0.100,0.9744,2,none
71.477,-1.76177,1.29943,0.31704,0,3,0,FALLBACK,1.0000,0.100,0.9747,2,none
71.526,-1.81320,1.30843,0.32281,0,3,0,FALLBACK,1.0000,0.100,0.9750,2,none
71.575,-1.83901,0.88327,0.76779,0,3,0,FALLBACK,1.0000,0.100,0.9754,2,none
71.626,-1.83908,0.85194,0.59955,0,3,0,FALLBACK,1.0000,0.100,0.9757,2,none
71.678,-1.72801,-0.19961,0.64093,0,3,0,FALLBACK,1.0000,0.100,0.9760,2,none
71.726,-1.74445,-0.95251,0.70630,0,3,0,FALLBACK,1.0000,0.100,0.9763,2,none
71.777,-1.73507,0.20595,0.62273,0,3,0,FALLBACK,1.0000,0.100,0.9766,2,none
71.827,-1.69988,0.01768,0.51708,0,3,0,FALLBACK,1.0000,0.100,0.9769,2,none
71.877,-1.63901,-0.24338,0.34178,0,3,0,FALLBACK,1.0000,0.100,0.9772,2,none
71.927,-1.55272,-0.50873,0.35098,0,3,0,FALLBACK,1.0000,0.100,0.9775,2,none
71.979,-1.36118,-0.81993,0.26512,1,3,1,FALLBACK,1.0000,0.100,0.9778,2,none
72.027,-1.29084,-0.73627,0.23319,1,3,2,FALLBACK,1.0000,0.100,0.9781,2,none
72.077,-1.19514,-0.43214,0.17077,1,3,3,FALLBACK,1.0000,0.100,0.9784,2,none
72.127,-1.07447,-0.35532,0.21428,1,3,4,FALLBACK,1.0000,0.100,0.9786,2,none
72.178,-0.92938,-0.21030,0.14798,1,3,5,FALLBACK,1.0000,0.100,0.9789,2,none
72.228,-0.76048,-0.05474,0.14546,1,3,6,FALLBACK,1.0000,0.100,0.9792,2,none
72.277,-0.49197,-0.02421,0.11693,1,3,7,FALLBACK,-0.3827,0.100,0.9794,2,none
72.329,-0.34511,0.12738,0.14735,1,3,8,FALLBACK,-0.5088,0.100,0.9675,2,none
72.379,-0.23851,0.09260,0.14288,1,3,9,FALLBACK,-0.8404,0.100,0.9663,2,none
72.430,-0.15577,0.02731,0.13756,1,3,10,FALLBACK,-1.0000,0.100,0.9634,2,none
72.481,-0.10267,0.12233,0.14571,1,3,11,FALLBACK,-1.0000,0.100,0.9621,2,none
72.530,0.02762,0.15455,0.12659,1,3,12,FALLBACK,-1.0000,0.100,0.9612,2,none
72.581,-0.04148,0.09233,0.11803,1,3,13,FALLBACK,-0.9471,0.100,0.9618,2,none
72.631,-0.13506,0.15267,0.15511,1,3,14,FALLBACK,-0.3568,0.100,0.9624,2,none
72.680,-0.24600,0.04861,0.13864,1,3,15,FALLBACK,0.2847,0.100,0.9643,2,none
72.731,-0.34696,0.05365,0.13639,1,3,16,FALLBACK,0.7396,0.100,0.9639,2,none
72.781,-0.42101,0.05217,0.13204,1,3,17,FALLBACK,0.9753,0.100,0.9606,2,none
72.830,-0.39200,-0.02902,0.10948,1,3,18,FALLBACK,0.3149,0.100,0.9574,2,none
72.881,-0.47352,-0.07195,0.12048,1,3,19,FALLBACK,1.0000,0.100,0.9567,2,none
72.929,-0.55665,-0.12994,0.15097,1,3,20,FALLBACK,1.0000,0.100,0.9507,2,none
72.978,-0.59980,-0.15520,0.15641,1,3,21,FALLBACK,1.0000,0.100,0.9491,2,none
73.032,-0.61673,-0.27514,0.16132,1,3,22,FALLBACK,1.0000,0.100,0.9497,2,none
73.083,-0.60937,-0.20494,0.20520,1,3,23,FALLBACK,1.0000,0.100,0.9505,2,none
73.133,-0.57755,-0.42434,0.18032,1,3,24,FALLBACK,1.0000,0.100,0.9512,2,none
73.180,-0.52136,-0.33191,0.19871,1,3,25,FALLBACK,0.8258,0.100,0.9519,2,none
73.233,-0.44237,-0.35001,0.26509,1,3,26,FALLBACK,0.3169,0.100,0.9545,2,none
73.281,-0.34846,-0.17704,0.16041,1,3,27,FALLBACK,-0.2272,0.100,0.9585,2,none
73.332,-0.26267,-0.05915,0.16467,1,3,28,FALLBACK,-0.6157,0.100,0.9576,2,none
73.382,-0.20032,-0.08321,0.13481,1,3,29,FALLBACK,-0.8101,0.100,0.9569,2,none
73.434,-0.16536,-0.03556,0.09579,1,0,30,MODEL,-0.2512,0.100,0.9561,2,none
73.482,-0.15123,-0.13896,0.15877,1,0,30,MODEL,-0.1530,0.100,0.9567,2,none
73.533,-0.13015,-0.03639,0.15358,1,0,30,MODEL,-0.2504,0.100,0.9619,2,none
73.582,-0.11006,-0.14894,0.11370,1,0,30,MODEL,-0.1435,0.100,0.9647,2,none
73.633,-0.13084,-0.07454,0.13832,1,0,30,MODEL,-0.2142,0.100,0.9678,2,none
73.683,-0.08671,-0.03640,0.09221,1,0,30,MODEL,-0.2504,0.100,0.9707,2,none
73.733,-0.04942,-0.03254,0.11230,1,0,30,MODEL,-0.2541,0.100,0.9734,2,none
73.781,-0.01955,0.00609,0.12662,1,0,30,MODEL,-0.2908,0.100,0.9762,2,none
73.835,0.00325,-0.16959,0.18443,1,0,30,MODEL,-0.1239,0.100,0.9789,2,none
73.885,-0.01900,-0.06996,0.17154,1,0,30,MODEL,-0.2185,0.100,0.9818,2,none
73.933,0.03100,-0.07985,0.09159,1,0,30,MODEL,-0.2091,0.100,0.9848,2,none
73.985,0.07488,-0.01272,0.15865,1,0,30,MODEL,-0.2729,0.100,0.9873,2,none
74.033,0.11198,0.01974,0.09449,1,0,30,MODEL,-0.3038,0.100,0.9898,2,none
74.083,0.14023,0.04175,0.09079,1,0,30,MODEL,-0.3247,0.100,0.9923,2,none
74.134,0.11803,0.04551,0.12519,1,0,30,MODEL,-0.3282,0.100,0.9947,2,none
74.185,0.16241,0.00113,0.08083,1,0,30,MODEL,-0.2861,0.100,0.9972,2,none
74.235,0.19779,0.01606,0.11718,1,0,30,MODEL,-0.3003,0.100,0.9997,2,none
74.284,0.22571,0.02833,0.12570,1,0,30,MODEL,-0.3119,0.100,1.0024,2,none
74.334,0.24545,0.03847,0.15496,1,0,30,MODEL,-0.3215,0.100,1.0049,2,none
74.384,0.21319,-0.01231,0.12153,1,0,30,MODEL,-0.2733,0.100,1.0073,2,none
74.435,0.25024,-0.00941,0.11871,1,0,30,MODEL,-0.2761,0.100,1.0099,2,none
74.484,0.28067,0.02569,0.10419,1,0,30,MODEL,-0.3094,0.100,1.0124,2,none
74.536,0.30320,-0.01316,0.11854,1,0,30,MODEL,-0.2725,0.100,1.0147,2,none
74.584,0.31657,0.08889,0.09664,1,0,30,MODEL,-0.3694,0.100,1.0171,2,none
74.635,0.27902,0.17097,0.18735,1,0,30,MODEL,-0.4474,0.100,1.0190,2,none
74.685,0.30683,0.08865,0.13351,1,0,30,MODEL,-0.3692,0.100,1.0205,2,none
74.734,0.32048,0.09009,0.13511,1,0,30,MODEL,-0.3706,0.100,1.0227,2,none
74.785,0.32499,0.06686,0.13135,1,0,30,MODEL,-0.3485,0.100,1.0251,2,none
74.835,0.31919,0.01337,0.14258,1,0,30,MODEL,-0.2977,0.100,1.0274,2,none
74.888,0.26291,0.08511,0.13941,1,0,30,MODEL,-0.3659,0.100,1.0298,2,none
74.937,0.27558,0.13969,0.19871,1,0,30,MODEL,-0.4177,0.100,1.0317,2,none
74.984,0.27579,0.13000,0.10670,1,0,30,MODEL,-0.4085,0.100,1.0333,2,none
75.036,0.26244,0.05272,0.15852,1,0,30,MODEL,-0.3351,0.100,1.0352,2,none
75.085,0.23766,0.03681,0.11980,1,0,30,MODEL,-0.3200,0.100,1.0375,2,none
75.134,0.16743,0.00851,0.13652,1,0,30,MODEL,-0.2931,0.100,1.0398,2,none
75.186,0.16180,-0.00191,0.13154,1,0,30,MODEL,-0.2832,0.100,1.0421,2,none
75.238,0.14797,-0.05515,0.16247,1,0,30,MODEL,-0.2326,0.100,1.0442,2,none
75.287,0.12585,0.03718,0.13269,1,0,30,MODEL,-0.3203,0.100,1.0465,2,none
75.339,0.09745,0.01070,0.10052,1,0,30,MODEL,-0.2952,0.100,1.0484,2,none
75.387,0.02752,0.00610,0.17624,1,0,30,MODEL,-0.2908,0.100,1.0501,2,none
75.437,0.01540,-0.06047,0.13361,1,0,30,MODEL,-0.2276,0.100,1.0522,2,none
75.485,-0.00517,-0.00721,0.10187,1,0,30,MODEL,-0.2781,0.100,1.0544,2,none
75.537,-0.03175,-0.02396,0.17137,1,0,30,MODEL,-0.2622,0.100,1.0564,2,none
75.588,-0.06744,-0.07337,0.12305,1,0,30,MODEL,-0.2153,0.100,1.0583,2,none
75.639,-0.13211,-0.08087,0.14341,1,0,30,MODEL,-0.2082,0.100,1.0604,2,none
75.688,-0.14475,-0.20310,0.15393,1,0,30,MODEL,-0.0921,0.100,1.0625,2,none
75.739,-0.16330,-0.20312,0.22202,1,0,30,MODEL,-0.0920,0.100,1.0646,2,none
75.788,-0.18287,-0.08513,0.14682,1,0,30,MODEL,-0.2041,0.100,1.0667,2,none
75.838,-0.25062,-0.17404,0.16681,1,0,30,MODEL,-0.1197,0.100,1.0685,2,none
75.888,-0.24366,-0.17904,0.15446,1,0,30,MODEL,-0.1149,0.100,1.0703,2,none
75.938,-0.23969,-0.08768,0.14778,1,0,30,MODEL,-0.2017,0.100,1.0724,2,none
75.989,-0.23882,-0.08031,0.12833,1,0,30,MODEL,-0.2087,0.100,1.0743,2,none
76.039,-0.24501,-0.07937,0.12949,1,0,30,MODEL,-0.2096,0.100,1.0758,2,none
76.088,-0.28982,-0.14887,0.17561,1,0,30,MODEL,-0.1436,0.100,1.0776,2,none
76.139,-0.27269,-0.15632,0.16416,1,0,30,MODEL,-0.1365,0.100,1.0795,2,none
76.189,-0.25913,-0.34225,0.30629,0,1,30,MODEL,-0.1365,0.100,1.0815,2,none
76.237,-0.24947,-0.12292,0.17242,1,0,30,MODEL,-0.1682,0.100,1.0834,2,none
76.287,-0.24425,-0.17730,0.18933,1,0,30,MODEL,-0.1166,0.100,1.0852,2,none
76.340,-0.25951,-0.26580,0.19793,1,0,30,MODEL,-0.0325,0.100,1.0869,2,none
76.387,-0.22526,-0.24918,0.14154,1,0,30,MODEL,-0.0483,0.100,1.0888,2,none
76.439,-0.19053,-0.10410,0.18019,1,0,30,MODEL,-0.1861,0.100,1.0906,2,none
76.489,-0.15740,-0.22769,0.15014,1,0,30,MODEL,-0.0687,0.100,1.0922,2,none
76.524,-0.16844,-0.07509,0.12679,1,0,30,MODEL,-0.2137,0.100,1.0936,2,none
76.574,-0.11172,-0.05635,0.12353,1,0,30,MODEL,-0.2315,0.100,1.0950,2,none
76.622,-0.06312,-0.09392,0.14740,1,0,30,MODEL,-0.1958,0.100,1.0965,2,none
76.675,-0.02193,-0.09602,0.15146,1,0,30,MODEL,-0.1938,0.100,1.0982,2,none
76.724,0.01346,0.01672,0.11863,1,0,30,MODEL,-0.3009,0.100,1.0998,2,none
76.773,0.02240,-0.00355,0.11339,1,0,30,MODEL,-0.2816,0.100,1.1009,2,none
76.824,0.07707,0.02636,0.08530,1,0,30,MODEL,-0.3100,0.100,1.1022,2,none
76.876,0.12201,-0.01713,0.13193,1,0,30,MODEL,-0.2687,0.100,1.1035,2,none
76.924,0.15621,0.06419,0.10494,1,0,30,MODEL,-0.3460,0.100,1.1050,2,none
76.974,0.14081,0.16992,0.19399,1,0,30,MODEL,-0.4464,0.100,1.1063,2,none
77.026,0.19042,0.19460,0.13735,1,0,30,MODEL,-0.4699,0.100,1.1063,2,none
77.075,0.22219,0.17089,0.14639,1,0,30,MODEL,-0.4474,0.100,1.1068,2,none
77.126,0.23764,0.19521,0.16609,1,0,30,MODEL,-0.4705,0.100,1.1078,2,none
77.175,0.23834,0.04091,0.11436,1,0,30,MODEL,-0.3239,0.100,1.1088,2,none
77.227,0.22527,0.10926,0.14407,1,0,30,MODEL,-0.3888,0.100,1.1106,2,none
77.277,0.20334,0.06581,0.13513,1,0,30,MODEL,-0.3475,0.100,1.1117,2,none
77.326,0.16744,-0.00758,0.08166,1,0,30,MODEL,-0.2778,0.100,1.1129,2,none
77.379,0.12085,0.01626,0.12552,1,0,30,MODEL,-0.3004,0.100,1.1145,2,none
77.426,0.06597,0.01464,0.08026,1,0,30,MODEL,-0.2989,0.100,1.1158,2,none
77.476,0.00061,-0.00141,0.13524,1,0,30,MODEL,-0.2837,0.100,1.1171,2,none
77.528,-0.07502,0.02196,0.17369,1,0,30,MODEL,-0.3059,0.100,1.1184,2,none
77.579,-0.16016,-0.01464,0.11653,1,0,30,MODEL,-0.2711,0.100,1.1196,2,none
77.629,-0.25576,-0.02707,0.15078,1,0,30,MODEL,-0.2593,0.100,1.1209,2,none
77.678,-0.36003,-0.13228,0.13669,1,0,30,MODEL,-0.1593,0.100,1.1223,2,none
77.729,-0.47209,-0.18331,0.14029,1,0,30,MODEL,-0.1109,0.100,1.1238,2,none
77.778,-0.58763,-0.17576,0.15175,1,0,30,MODEL,-0.1180,0.100,1.1254,2,none
77.829,-0.70605,-0.20282,0.20274,1,0,30,MODEL,-0.0923,0.100,1.1268,2,none
77.879,-0.82841,-0.13227,0.16502,1,0,30,MODEL,-0.1593,0.100,1.1283,2,none
77.929,-0.95418,-0.08259,0.16666,1,0,30,MODEL,-0.2065,0.100,1.1295,2,none
77.981,-1.08690,0.28510,0.42548,0,1,30,MODEL,-0.2065,0.100,1.1306,2,none
78.029,-1.22767,0.54216,0.66032,0,2,30,MODEL,-0.2065,0.100,1.1318,2,none
78.080,-1.37563,1.10244,0.45283,0,3,0,FALLBACK,1.0000,0.100,1.1330,2,none
78.135,-1.52380,0.88488,0.59001,0,3,0,FALLBACK,1.0000,0.100,1.1164,2,none
78.182,-1.61561,0.87236,0.61424,0,3,0,FALLBACK,1.0000,0.100,1.1000,2,none
78.235,-1.66830,0.35664,0.57526,0,3,0,FALLBACK,1.0000,0.100,1.0974,2,none
78.283,-1.68859,0.83162,0.46344,0,3,0,FALLBACK,1.0000,0.100,1.0955,2,none
78.331,-1.67643,0.84381,0.45719,0,3,0,FALLBACK,1.0000,0.100,1.0936,2,none
78.384,-1.51557,0.59584,0.45422,0,3,0,FALLBACK,1.0000,0.100,1.0919,2,none
78.433,-1.55283,0.03161,0.89571,0,3,0,FALLBACK,1.0000,0.100,1.0901,2,none
78.482,-1.55791,0.24224,0.43268,0,3,0,FALLBACK,1.0000,0.100,1.0884,2,none
78.535,-1.53093,0.08174,0.20621,1,3,1,FALLBACK,1.0000,0.100,1.0867,2,none
78.587,-1.47219,0.17863,0.43471,0,3,0,FALLBACK,1.0000,0.100,1.0850,2,none
78.633,-1.20701,-0.13400,0.18595,1,3,1,FALLBACK,1.0000,0.100,1.0834,2,none
78.685,-1.19781,-0.34301,0.19995,1,3,2,FALLBACK,1.0000,0.100,1.0818,2,none
78.734,-1.15700,-0.38345,0.16576,1,3,3,FALLBACK,1.0000,0.100,1.0803,2,none
78.784,-1.08494,-0.14843,0.10490,1,3,4,FALLBACK,1.0000,0.100,1.0787,2,none
78.834,-0.98215,-0.27838,0.15402,1,3,5,FALLBACK,1.0000,0.100,1.0772,2,none
78.886,-0.84929,-0.30190,0.23099,1,3,6,FALLBACK,1.0000,0.100,1.0758,2,none
78.934,-0.57957,-0.26955,0.16011,1,3,7,FALLBACK,0.0493,0.100,1.0743,2,none
78.985,-0.49509,0.01236,0.10313,1,3,8,FALLBACK,0.5531,0.100,1.0729,2,none
79.035,-0.41303,0.06821,0.10718,1,3,9,FALLBACK,0.1548,0.100,1.0694,2,none
79.084,-0.31796,0.06876,0.09201,1,3,10,FALLBACK,-0.3855,0.100,1.0702,2,none
79.135,-0.22934,0.01805,0.10753,1,3,11,FALLBACK,-0.7964,0.100,1.0679,2,none
79.184,-0.05762,-0.04240,0.15407,1,3,12,FALLBACK,-1.0000,0.100,1.0693,2,none
79.235,-0.13485,-0.03976,0.08819,1,3,13,FALLBACK,-0.4396,0.100,1.0623,2,none
79.285,-0.24364,-0.07703,0.10274,1,3,14,FALLBACK,0.2622,0.100,1.0592,2,none
79.336,-0.35005,0.05700,0.10484,1,3,15,FALLBACK,0.7823,0.100,1.0571,2,none
79.387,-0.42742,0.13511,0.17149,1,3,16,FALLBACK,1.0000,0.100,1.0506,2,none
79.437,-0.35951,0.05644,0.10595,1,3,17,FALLBACK,-0.0420,0.100,1.0464,2,none
79.487,-0.47218,-0.09670,0.18731,1,3,18,FALLBACK,1.0000,0.100,1.0431,2,none
79.536,-0.60214,-0.09190,0.14869,1,3,19,FALLBACK,1.0000,0.100,1.0357,2,none
79.588,-0.68996,-0.03143,0.08906,1,3,20,FALLBACK,1.0000,0.100,1.0178,2,none
79.637,-0.74216,-0.01335,0.11078,1,3,21,FALLBACK,1.0000,0.100,1.0169,2,none
79.688,-0.62145,0.00546,0.11428,1,3,22,FALLBACK,1.0000,0.100,1.0165,2,none
79.736,-0.72304,-0.02452,0.10461,1,3,23,FALLBACK,1.0000,0.100,1.0161,2,none
79.789,-0.79731,-0.15367,0.18045,1,3,24,FALLBACK,1.0000,0.100,1.0157,2,none
79.838,-0.84391,-0.08000,0.17694,1,3,25,FALLBACK,1.0000,0.100,1.0154,2,none
79.890,-0.86267,-0.02538,0.10483,1,3,26,FALLBACK,1.0000,0.100,1.0150,2,none
79.939,-0.85352,-0.06796,0.15166,1,3,27,FALLBACK,1.0000,0.100,1.0147,2,none
79.989,-0.72780,-0.16867,0.14041,1,3,28,FALLBACK,1.0000,0.100,1.0143,2,none
80.041,-0.76883,-0.27580,0.20185,1,3,29,FALLBACK,1.0000,0.100,1.0140,2,none
80.089,-0.78205,-0.12880,0.14770,1,0,30,MODEL,-0.1626,0.100,1.0136,2,none
80.139,-0.76921,-0.03823,0.14209,1,0,30,MODEL,-0.2487,0.100,1.0132,2,none
80.191,-0.78300,-0.04535,0.13951,1,0,30,MODEL,-0.2419,0.100,1.0082,2,none
80.238,-0.67626,-0.00194,0.12943,1,0,30,MODEL,-0.2832,0.100,1.0104,2,none
80.289,-0.81649,0.05389,0.11215,1,0,30,MODEL,-0.3362,0.100,1.0128,2,none
80.323,-0.96520,0.10936,0.19295,1,0,30,MODEL,-0.3889,0.100,1.0149,2,none
80.374,-1.12500,0.32165,0.36305,0,1,30,MODEL,-0.3889,0.100,1.0167,2,none
80.425,-1.29646,0.57976,0.28396,1,0,30,MODEL,-0.8358,0.100,1.0188,2,none
80.473,-1.47912,1.06984,0.27353,1,0,30,MODEL,-1.0000,0.100,1.0169,2,none
80.523,-1.52840,1.09739,0.31901,0,1,30,MODEL,-1.0000,0.100,1.0099,2,none
80.574,-1.84431,0.63425,0.16368,1,0,30,MODEL,-0.8875,0.100,1.0089,2,none
80.624,-2.17573,0.71802,0.23253,1,0,30,MODEL,-0.9671,0.100,1.0106,2,none
80.676,-2.52017,0.73956,0.29350,0,1,30,MODEL,-0.9671,0.100,1.0100,2,none
80.727,-2.87826,0.62338,0.30395,0,2,30,MODEL,-0.9671,0.100,1.0097,2,none
80.775,-3.24784,0.06069,0.20508,1,0,30,MODEL,-0.3427,0.100,1.0097,2,none
80.829,-3.62414,-0.13701,0.14808,1,0,30,MODEL,-0.1548,0.100,1.0131,2,none
80.875,-3.99972,-0.36353,0.13919,1,0,30,MODEL,0.0604,0.100,1.0162,2,none
80.926,-4.37487,-0.48682,0.22551,1,0,30,MODEL,0.1775,0.100,1.0183,2,none
80.977,-4.74805,-0.53418,0.18713,1,0,30,MODEL,0.2225,0.100,1.0204,2,none
81.027,-5.11863,-1.12439,0.21649,1,0,30,MODEL,0.7832,0.100,1.0225,2,none
81.078,-5.48352,-2.45080,0.42710,0,1,30,MODEL,0.7832,0.100,1.0159,2,none
81.127,-5.82857,-3.49662,0.58635,0,2,30,MODEL,0.7832,0.100,1.0150,2,none
81.180,-6.16776,-3.28742,0.51975,0,3,0,FALLBACK,1.0000,0.100,1.0186,2,none
81.227,-6.48564,-4.03984,0.63103,0,3,0,FALLBACK,1.0000,0.100,1.0146,2,none
81.279,-6.78326,-4.69974,0.98516,0,3,0,FALLBACK,1.0000,0.100,1.0126,2,none
81.327,-7.05731,-3.24871,0.38920,0,3,0,FALLBACK,1.0000,0.100,1.0168,2,none
81.377,-7.31083,-4.18690,0.80827,0,3,0,FALLBACK,1.0000,0.100,1.0121,2,none
81.428,-7.54141,-2.35851,1.09430,0,3,0,FALLBACK,1.0000,0.100,1.0117,2,none
81.479,-7.74829,-4.14577,0.74801,0,3,0,FALLBACK,1.0000,0.100,1.0115,2,none
81.527,-7.93045,-3.70037,0.71846,0,3,0,FALLBACK,1.0000,0.100,1.0111,2,none
