time_s,frame,cte_true,cte_pred,u_de,certified,fail_count,pass_count,mode,steer,throttle,speed,lap,hit
0.000,0,0.00285,0.16407,0.65671,0,1,0,MODEL,0.0000,0.100,0.0000,0,none
0.030,1,0.00285,0.16416,0.65621,0,2,0,MODEL,0.0000,0.100,0.0000,0,none
0.076,2,0.00290,0.11250,0.65340,0,3,0,MODEL,0.0000,0.100,0.0059,0,none
0.129,3,0.00283,0.10709,0.63871,0,4,0,MODEL,0.0000,0.100,0.0183,0,none
0.177,4,0.00302,0.12784,0.81387,0,5,0,MODEL,0.0000,0.100,0.0379,0,none
0.210,5,0.00311,0.21786,0.69619,0,6,0,MODEL,0.0000,0.100,0.0487,0,none
0.261,6,0.00337,0.24191,0.67359,0,7,0,MODEL,0.0000,0.100,0.0563,0,none
0.310,7,0.00370,0.20667,0.66508,0,8,0,MODEL,0.0000,0.100,0.0711,0,none
0.363,8,0.00391,0.19944,0.78046,0,9,0,MODEL,0.0000,0.100,0.0820,0,none
0.415,9,0.00407,0.23497,0.62541,0,10,0,FALLBACK,-1.0000,0.100,0.0945,0,none
0.462,10,0.00057,0.09054,0.52205,0,10,0,FALLBACK,-1.0000,0.100,0.1039,0,none
0.511,11,-0.00549,0.03879,0.43099,0,10,0,FALLBACK,-1.0000,0.100,0.1159,0,none
0.564,12,-0.01241,0.04320,0.36119,0,10,0,FALLBACK,-1.0000,0.100,0.1266,0,none
0.612,13,-0.02041,-0.01610,0.34420,0,10,0,FALLBACK,-1.0000,0.100,0.1376,0,none
0.664,14,-0.02633,-0.09659,0.35653,0,10,0,FALLBACK,-1.0000,0.100,0.1619,0,none
0.714,15,-0.03053,-0.11956,0.32728,0,10,0,FALLBACK,-1.0000,0.100,0.1592,0,none
0.764,16,-0.05519,-0.10504,0.30324,0,10,0,FALLBACK,-1.0000,0.100,0.1702,0,none
0.813,17,-0.06523,-0.01349,0.23430,0,10,0,FALLBACK,-1.0000,0.100,0.1805,0,none
0.864,18,-0.08049,-0.01070,0.25204,0,10,0,FALLBACK,-1.0000,0.100,0.1910,0,none
0.914,19,-0.09767,-0.03551,0.28418,0,10,0,FALLBACK,-0.9258,0.100,0.2012,0,none
0.964,20,-0.11624,-0.06353,0.30226,0,10,0,FALLBACK,-0.8260,0.100,0.2116,0,none
1.014,21,-0.13577,-0.09683,0.29202,0,10,0,FALLBACK,-0.7235,0.100,0.2222,0,none
1.064,22,-0.15611,-0.07241,0.24699,0,10,0,FALLBACK,-0.6178,0.100,0.2328,0,none
1.113,23,-0.17710,-0.08316,0.23628,0,10,0,FALLBACK,-0.5095,0.100,0.2434,0,none
1.164,24,-0.19860,-0.05733,0.23798,0,10,0,FALLBACK,-0.3995,0.100,0.2539,0,none
1.212,25,-0.22599,-0.10454,0.23611,0,10,0,FALLBACK,-0.2332,0.100,0.2640,0,none
1.263,26,-0.24821,-0.09785,0.27856,0,10,0,FALLBACK,-0.1478,0.100,0.2748,0,none
1.314,27,-0.26280,-0.17046,0.26775,0,10,0,FALLBACK,-0.1131,0.100,0.2843,0,none
1.364,28,-0.28381,-0.14624,0.24589,0,10,0,FALLBACK,0.0241,0.100,0.2949,0,none
1.415,29,-0.30464,-0.20157,0.26229,0,10,0,FALLBACK,0.1273,0.100,0.3045,0,none
1.464,30,-0.32404,-0.19849,0.26607,0,10,0,FALLBACK,0.2172,0.100,0.3142,0,none
1.514,31,-0.33422,-0.21306,0.26650,0,10,0,FALLBACK,0.2220,0.100,0.3248,0,none
1.564,32,-0.35347,-0.18404,0.25790,0,10,0,FALLBACK,0.3637,0.100,0.3334,0,none
1.615,33,-0.37500,-0.27379,0.34736,0,10,0,FALLBACK,0.4826,0.100,0.3430,0,none
1.668,34,-0.38672,-0.28589,0.33811,0,10,0,FALLBACK,0.4922,0.100,0.3514,0,none
1.720,35,-0.39673,-0.28586,0.33730,0,10,0,FALLBACK,0.5337,0.100,0.3606,0,none
1.767,36,-0.40479,-0.30456,0.32445,0,10,0,FALLBACK,0.5642,0.100,0.3696,0,none
1.816,37,-0.41031,-0.31589,0.32157,0,10,0,FALLBACK,0.5792,0.100,0.3786,0,none
1.867,38,-0.41780,-0.25023,0.22861,0,10,0,FALLBACK,0.6265,0.100,0.3915,0,none
1.918,39,-0.41372,-0.27096,0.23712,0,10,0,FALLBACK,0.5482,0.100,0.3960,0,none
1.968,40,-0.41146,-0.21128,0.21879,0,10,0,FALLBACK,0.5460,0.100,0.4052,0,none
2.018,41,-0.40744,-0.19824,0.21436,0,10,0,FALLBACK,0.5171,0.100,0.4138,0,none
2.072,42,-0.40108,-0.26094,0.26278,0,10,0,FALLBACK,0.4737,0.100,0.4225,0,none
2.119,43,-0.39252,-0.21426,0.28594,0,10,0,FALLBACK,0.4198,0.100,0.4311,0,none
2.170,44,-0.38275,-0.16909,0.23640,0,10,0,FALLBACK,0.3649,0.100,0.4398,0,none
2.221,45,-0.37187,-0.13537,0.21616,0,10,0,FALLBACK,0.3050,0.100,0.4483,0,none
2.271,46,-0.36012,-0.11810,0.21818,0,10,0,FALLBACK,0.2419,0.100,0.4567,0,none
2.319,47,-0.34787,-0.10480,0.20073,0,10,0,FALLBACK,0.1781,0.100,0.4651,0,none
2.370,48,-0.33551,-0.07252,0.18290,1,10,0,FALLBACK,0.1157,0.100,0.4733,0,none
2.422,49,-0.32337,-0.10013,0.20618,0,10,0,FALLBACK,0.0562,0.100,0.4815,0,none
2.472,50,-0.31150,-0.09023,0.21355,0,10,0,FALLBACK,-0.0019,0.100,0.4895,0,none
2.520,51,-0.30020,-0.15678,0.22632,0,10,0,FALLBACK,-0.0555,0.100,0.4974,0,none
2.570,52,-0.29000,-0.13628,0.23544,0,10,0,FALLBACK,-0.1010,0.100,0.5052,0,none
2.622,53,-0.28099,-0.12929,0.21118,0,10,0,FALLBACK,-0.1400,0.100,0.5130,0,none
2.670,54,-0.27341,-0.22118,0.23843,0,10,0,FALLBACK,-0.1709,0.100,0.5206,0,none
2.722,55,-0.26804,-0.14264,0.21418,0,10,0,FALLBACK,-0.1866,0.100,0.5281,0,none
2.774,56,-0.26468,-0.17262,0.22589,0,10,0,FALLBACK,-0.1934,0.100,0.5356,0,none
2.822,57,-0.26307,-0.10559,0.21338,0,10,0,FALLBACK,-0.1927,0.100,0.5431,0,none
2.872,58,-0.26313,-0.08953,0.19492,0,10,0,FALLBACK,-0.1841,0.100,0.5504,0,none
2.923,59,-0.26471,-0.09938,0.20220,0,10,0,FALLBACK,-0.1685,0.100,0.5577,0,none
2.974,60,-0.26760,-0.06059,0.18863,1,10,0,FALLBACK,-0.1475,0.100,0.5650,0,none
3.021,61,-0.27155,-0.09416,0.19964,0,10,0,FALLBACK,-0.1225,0.100,0.5721,0,none
3.071,62,-0.27628,-0.06295,0.20568,0,10,0,FALLBACK,-0.0950,0.100,0.5792,0,none
3.124,63,-0.28149,-0.12458,0.22378,0,10,0,FALLBACK,-0.0665,0.100,0.5862,0,none
3.174,64,-0.28690,-0.10153,0.20300,0,10,0,FALLBACK,-0.0385,0.100,0.5932,0,none
3.223,65,-0.29223,-0.15853,0.23034,0,10,0,FALLBACK,-0.0122,0.100,0.6001,0,none
3.273,66,-0.29725,-0.12079,0.21841,0,10,0,FALLBACK,0.0113,0.100,0.6069,0,none
3.322,67,-0.30172,-0.11355,0.23275,0,10,0,FALLBACK,0.0310,0.100,0.6136,0,none
3.372,68,-0.30550,-0.10732,0.24261,0,10,0,FALLBACK,0.0464,0.100,0.6202,0,none
3.424,69,-0.30838,-0.11721,0.23714,0,10,0,FALLBACK,0.0563,0.100,0.6279,0,none
3.476,70,-0.31064,-0.13193,0.23871,0,10,0,FALLBACK,0.0645,0.100,0.6336,0,none
3.525,71,-0.31195,-0.15009,0.23151,0,10,0,FALLBACK,0.0663,0.100,0.6397,0,none
3.574,72,-0.31239,-0.10990,0.22236,0,10,0,FALLBACK,0.0641,0.100,0.6463,0,none
3.622,73,-0.31205,-0.09050,0.22006,0,10,0,FALLBACK,0.0586,0.100,0.6525,0,none
3.675,74,-0.31105,-0.09745,0.20941,0,10,0,FALLBACK,0.0503,0.100,0.6588,0,none
3.724,75,-0.30954,-0.11180,0.20689,0,10,0,FALLBACK,0.0401,0.100,0.6649,0,none
3.776,76,-0.30767,-0.08071,0.20306,0,10,0,FALLBACK,0.0290,0.100,0.6711,0,none
3.824,77,-0.30561,-0.06170,0.19728,0,10,0,FALLBACK,0.0178,0.100,0.6772,0,none
3.875,78,-0.30351,-0.05320,0.20403,0,10,0,FALLBACK,0.0071,0.100,0.6832,0,none
3.924,79,-0.30151,-0.03870,0.20091,0,10,0,FALLBACK,-0.0025,0.100,0.6891,0,none
3.975,80,-0.29971,-0.01883,0.19384,0,10,0,FALLBACK,-0.0105,0.100,0.6950,0,none
4.026,81,-0.29821,-0.03891,0.19164,1,10,0,FALLBACK,-0.0165,0.100,0.7009,0,none
4.075,82,-0.29706,-0.04390,0.18383,1,10,0,FALLBACK,-0.0204,0.100,0.7066,0,none
4.126,83,-0.29630,-0.05276,0.17864,1,10,0,FALLBACK,-0.0224,0.100,0.7123,0,none
4.175,84,-0.29590,-0.03393,0.16304,1,10,0,FALLBACK,-0.0225,0.100,0.7180,0,none
4.226,85,-0.29586,-0.06086,0.18183,1,10,0,FALLBACK,-0.0209,0.100,0.7236,0,none
4.274,86,-0.29611,-0.05370,0.16121,1,10,0,FALLBACK,-0.0182,0.100,0.7291,0,none
4.326,87,-0.29660,-0.04316,0.17059,1,10,0,FALLBACK,-0.0146,0.100,0.7346,0,none
4.375,88,-0.29725,-0.06725,0.17417,1,10,0,FALLBACK,-0.0105,0.100,0.7400,0,none
4.424,89,-0.29800,-0.06237,0.18770,1,10,0,FALLBACK,-0.0062,0.100,0.7454,0,none
4.478,90,-0.29878,-0.05249,0.17507,1,10,0,FALLBACK,-0.0022,0.100,0.7507,0,none
4.525,91,-0.29951,-0.12220,0.20922,0,10,0,FALLBACK,0.0012,0.100,0.7560,0,none
4.575,92,-0.30014,-0.11426,0.19765,0,10,0,FALLBACK,0.0039,0.100,0.7612,0,none
4.626,93,-0.30065,-0.09620,0.17162,1,10,0,FALLBACK,0.0058,0.100,0.7663,0,none
4.675,94,-0.30101,-0.08887,0.18864,1,10,0,FALLBACK,0.0068,0.100,0.7714,0,none
4.728,95,-0.30122,-0.08336,0.19006,1,10,0,FALLBACK,0.0071,0.100,0.7765,0,none
4.778,96,-0.30127,-0.06857,0.19066,1,10,0,FALLBACK,0.0067,0.100,0.7815,0,none
4.827,97,-0.30120,-0.02868,0.18908,1,10,0,FALLBACK,0.0057,0.100,0.7864,0,none
4.877,98,-0.30103,-0.04974,0.20633,0,10,0,FALLBACK,0.0043,0.100,0.7913,0,none
4.927,99,-0.30079,-0.09162,0.22877,0,10,0,FALLBACK,0.0028,0.100,0.7962,0,none
4.976,100,-0.30052,-0.04270,0.21176,0,10,0,FALLBACK,0.0012,0.100,0.8010,0,none
5.028,101,-0.30024,-0.04065,0.20163,0,10,0,FALLBACK,-0.0002,0.100,0.8057,0,none
5.077,102,-0.29996,-0.06382,0.20406,0,10,0,FALLBACK,-0.0016,0.100,0.8104,0,none
5.127,103,-0.29972,-0.06821,0.21601,0,10,0,FALLBACK,-0.0026,0.100,0.8151,0,none
5.177,104,-0.29955,-0.06149,0.21204,0,10,0,FALLBACK,-0.0031,0.100,0.8197,0,none
5.210,105,-0.29944,-0.05488,0.20110,0,10,0,FALLBACK,-0.0033,0.100,0.8243,0,none
5.262,106,-0.29940,-0.06479,0.21058,0,10,0,FALLBACK,-0.0032,0.100,0.8288,0,none
5.312,107,-0.29942,-0.06402,0.23515,0,10,0,FALLBACK,-0.0028,0.100,0.8333,0,none
5.361,108,-0.29948,-0.11468,0.22441,0,10,0,FALLBACK,-0.0022,0.100,0.8377,0,none
5.412,109,-0.29958,-0.15241,0.24676,0,10,0,FALLBACK,-0.0016,0.100,0.8421,0,none
5.464,110,-0.29969,-0.09843,0.25310,0,10,0,FALLBACK,-0.0010,0.100,0.8464,0,none
5.512,111,-0.29980,-0.08110,0.31163,0,10,0,FALLBACK,-0.0004,0.100,0.8507,0,none
5.564,112,-0.29990,-0.01295,0.27823,0,10,0,FALLBACK,0.0000,0.100,0.8549,0,none
5.612,113,-0.29998,0.01346,0.26654,0,10,0,FALLBACK,0.0003,0.100,0.8591,0,none
5.662,114,-0.30004,-0.02005,0.31500,0,10,0,FALLBACK,0.0005,0.100,0.8633,0,none
5.712,115,-0.30007,-0.11743,0.36975,0,10,0,FALLBACK,0.0005,0.100,0.8674,0,none
5.763,116,-0.15872,-0.18320,0.37290,0,10,0,FALLBACK,-1.0000,0.100,0.8715,0,none
5.814,117,-0.27241,-0.34846,0.39130,0,10,0,FALLBACK,0.4305,0.100,0.8544,0,none
5.864,118,-0.39213,-0.40407,0.40536,0,10,0,FALLBACK,1.0000,0.100,0.8394,0,none
5.911,119,-0.46289,-0.42508,0.44171,0,10,0,FALLBACK,1.0000,0.100,0.8328,0,none
5.963,120,-0.50514,-0.25450,0.36051,0,10,0,FALLBACK,1.0000,0.100,0.8352,0,none
6.012,121,-0.52901,-0.25563,0.32139,0,10,0,FALLBACK,1.0000,0.100,0.8377,0,none
6.063,122,-0.35822,-0.32255,0.32572,0,10,0,FALLBACK,-0.5628,0.100,0.8402,0,none
6.111,123,-0.46089,-0.47494,0.36128,0,10,0,FALLBACK,1.0000,0.100,0.8187,0,none
6.163,124,-0.57245,-0.62187,0.39899,0,10,0,FALLBACK,1.0000,0.100,0.7932,0,none
6.214,125,-0.63665,-0.74769,0.42204,0,10,0,FALLBACK,1.0000,0.100,0.7969,0,none
6.264,126,-0.68362,-0.64971,0.39531,0,10,0,FALLBACK,1.0000,0.100,0.8002,0,none
6.315,127,-0.71374,-0.35955,0.31211,0,10,0,FALLBACK,1.0000,0.100,0.8031,0,none
6.363,128,-0.72647,-0.37449,0.29731,0,10,0,FALLBACK,1.0000,0.100,0.8061,0,none
6.411,129,-0.56204,-0.51227,0.32015,0,10,0,FALLBACK,0.4880,0.100,0.8090,0,none
6.464,130,-0.63953,-0.62381,0.36781,0,10,0,FALLBACK,1.0000,0.100,0.8147,0,none
6.514,131,-0.70334,-0.72411,0.37312,0,10,0,FALLBACK,1.0000,0.100,0.8102,0,none
6.565,132,-0.74114,-0.60886,0.32469,0,10,0,FALLBACK,1.0000,0.100,0.8131,0,none
6.612,133,-0.76128,-0.38453,0.29807,0,10,0,FALLBACK,1.0000,0.100,0.8159,0,none
6.662,134,-0.76346,-0.31589,0.28789,0,10,0,FALLBACK,1.0000,0.100,0.8187,0,none
6.714,135,-0.74744,-0.35543,0.32035,0,10,0,FALLBACK,1.0000,0.100,0.8214,0,none
6.765,136,-0.57653,-0.27837,0.30189,0,10,0,FALLBACK,0.5281,0.100,0.8241,0,none
6.814,137,-0.62490,-0.41314,0.31358,0,10,0,FALLBACK,1.0000,0.100,0.8301,0,none
6.864,138,-0.65872,-0.49106,0.34785,0,10,0,FALLBACK,1.0000,0.100,0.8258,0,none
6.916,139,-0.66614,-0.20121,0.32103,0,10,0,FALLBACK,1.0000,0.100,0.8284,0,none
6.965,140,-0.65502,-0.14731,0.29342,0,10,0,FALLBACK,1.0000,0.100,0.8310,0,none
7.014,141,-0.62518,-0.13782,0.25233,0,10,0,FALLBACK,1.0000,0.100,0.8336,0,none
7.064,142,-0.39206,-0.17516,0.25885,0,10,0,FALLBACK,-0.7053,0.100,0.8361,0,none
7.114,143,-0.44209,-0.32128,0.31384,0,10,0,FALLBACK,0.9606,0.100,0.8083,0,none
7.164,144,-0.50739,-0.26122,0.34672,0,10,0,FALLBACK,1.0000,0.100,0.7823,0,none
7.216,145,-0.52328,-0.30877,0.42039,0,10,0,FALLBACK,1.0000,0.100,0.7863,0,none
7.267,146,-0.52119,-0.13842,0.34542,0,10,0,FALLBACK,1.0000,0.100,0.7897,0,none
7.314,147,-0.50246,-0.07008,0.23606,0,10,0,FALLBACK,0.9186,0.100,0.7927,0,none
7.364,148,-0.46865,-0.15296,0.28958,0,10,0,FALLBACK,0.6742,0.100,0.7971,0,none
7.414,149,-0.26928,-0.23049,0.34206,0,10,0,FALLBACK,-1.0000,0.100,0.8031,0,none
7.466,150,-0.33054,-0.33799,0.34551,0,10,0,FALLBACK,0.4590,0.100,0.7699,0,none
7.515,151,-0.40950,-0.33296,0.34501,0,10,0,FALLBACK,0.9423,0.100,0.7569,0,none
7.564,152,-0.44419,-0.42626,0.37742,0,10,0,FALLBACK,0.8944,0.100,0.7587,0,none
7.615,153,-0.45829,-0.18602,0.29117,0,10,0,FALLBACK,0.8620,0.100,0.7632,0,none
7.665,154,-0.46035,-0.09580,0.23690,0,10,0,FALLBACK,0.8120,0.100,0.7672,0,none
7.716,155,-0.45030,-0.17437,0.27406,0,10,0,FALLBACK,0.7013,0.100,0.7721,0,none
7.766,156,-0.28344,-0.26448,0.29310,0,10,0,FALLBACK,-0.9171,0.100,0.7774,0,none
7.817,157,-0.36215,-0.44494,0.31468,0,10,0,FALLBACK,0.7043,0.100,0.7471,0,none
7.867,158,-0.45491,-0.42648,0.34133,0,10,0,FALLBACK,1.0000,0.100,0.7262,0,none
7.918,159,-0.49992,-0.49464,0.35379,0,10,0,FALLBACK,1.0000,0.100,0.7326,0,none
7.969,160,-0.52628,-0.38078,0.28615,0,10,0,FALLBACK,1.0000,0.100,0.7377,0,none
8.019,161,-0.53896,-0.24283,0.26397,0,10,0,FALLBACK,1.0000,0.100,0.7376,0,none
8.068,162,-0.53683,-0.27658,0.23594,0,10,0,FALLBACK,1.0000,0.100,0.7445,0,none
8.119,163,-0.35544,-0.29023,0.25760,0,10,0,FALLBACK,-0.6297,0.100,0.7466,0,none
8.165,164,-0.41031,-0.34106,0.26903,0,10,0,FALLBACK,0.8259,0.100,0.7311,0,none
8.218,165,-0.50736,-0.58226,0.29494,0,10,0,FALLBACK,1.0000,0.100,0.7371,0,none
8.269,166,-0.58286,-0.59992,0.32571,0,10,0,FALLBACK,1.0000,0.100,0.7177,0,none
8.317,167,-0.61986,-0.48727,0.24056,0,10,0,FALLBACK,1.0000,0.100,0.7157,0,none
8.367,168,-0.64406,-0.28661,0.25655,0,10,0,FALLBACK,1.0000,0.100,0.7092,0,none
8.417,169,-0.65459,-0.22825,0.23702,0,10,0,FALLBACK,1.0000,0.100,0.7327,0,none
8.470,170,-0.44795,-0.25528,0.24397,0,10,0,FALLBACK,-0.2934,0.100,0.7161,0,none
8.519,171,-0.53414,-0.32893,0.27638,0,10,0,FALLBACK,1.0000,0.100,0.7321,0,none
8.570,172,-0.61817,-0.42669,0.26138,0,10,0,FALLBACK,1.0000,0.100,0.7047,0,none
8.622,173,-0.66625,-0.44513,0.26043,0,10,0,FALLBACK,1.0000,0.100,0.7165,0,none
8.670,174,-0.70294,-0.60087,0.27175,0,10,0,FALLBACK,1.0000,0.100,0.7018,0,none
8.721,175,-0.72629,-0.67038,0.23956,0,10,0,FALLBACK,1.0000,0.100,0.7269,0,none
8.772,176,-0.73682,-0.72866,0.21502,0,10,0,FALLBACK,1.0000,0.100,0.7113,0,none
8.821,177,-0.73279,-0.69204,0.19807,0,10,0,FALLBACK,1.0000,0.100,0.7338,0,none
8.873,178,-0.71550,-0.67830,0.20180,0,10,0,FALLBACK,1.0000,0.100,0.7190,0,none
8.921,179,-0.68320,-0.65742,0.29786,0,10,0,FALLBACK,1.0000,0.100,0.7418,0,none
8.974,180,-0.63740,-0.61619,0.31578,0,10,0,FALLBACK,1.0000,0.100,0.7263,0,none
9.021,181,-0.57637,-0.51230,0.28156,0,10,0,FALLBACK,1.0000,0.100,0.7493,0,none
9.072,182,-0.50161,-0.38494,0.26745,0,10,0,FALLBACK,0.6343,0.100,0.7336,0,none
9.123,183,-0.41706,-0.21776,0.19999,0,10,0,FALLBACK,0.1626,0.100,0.7590,0,none
9.172,184,-0.33763,-0.10900,0.18350,1,10,0,FALLBACK,-0.2090,0.100,0.7475,0,none
9.222,185,-0.26976,-0.11585,0.18939,1,10,0,FALLBACK,-0.4906,0.100,0.7640,0,none
9.273,186,-0.21672,-0.06147,0.17002,1,10,0,FALLBACK,-0.6816,0.100,0.7601,0,none
9.322,187,-0.17900,-0.06331,0.18123,1,10,0,FALLBACK,-0.7936,0.100,0.7652,0,none
9.372,188,-0.15754,-0.06006,0.19023,1,10,0,FALLBACK,-0.8195,0.100,0.7682,0,none
9.422,189,-0.15137,-0.06738,0.17240,1,10,0,FALLBACK,-0.7740,0.100,0.7718,0,none
9.473,190,-0.15836,-0.05790,0.16833,1,10,0,FALLBACK,-0.6732,0.100,0.7765,0,none
9.525,191,-0.17562,-0.07205,0.20745,0,10,0,FALLBACK,-0.5356,0.100,0.7816,0,none
9.573,192,-0.20001,-0.13484,0.22021,0,10,0,FALLBACK,-0.3780,0.100,0.7871,0,none
9.623,193,-0.22844,-0.15095,0.21975,0,10,0,FALLBACK,-0.2157,0.100,0.7925,0,none
9.676,194,-0.25792,-0.20769,0.24456,0,10,0,FALLBACK,-0.0630,0.100,0.7977,0,none
9.723,195,-0.28580,-0.31236,0.26929,0,10,0,FALLBACK,0.0684,0.100,0.8025,0,none
9.773,196,-0.30992,-0.26958,0.24260,0,10,0,FALLBACK,0.1702,0.100,0.8070,0,none
9.824,197,-0.32878,-0.23161,0.22896,0,10,0,FALLBACK,0.2382,0.100,0.8113,0,none
9.872,198,-0.34152,-0.26577,0.25890,0,10,0,FALLBACK,0.2712,0.100,0.8156,0,none
9.924,199,-0.34804,-0.26371,0.28546,0,10,0,FALLBACK,0.2729,0.100,0.8200,0,none
9.974,200,-0.34883,-0.24280,0.25272,0,10,0,FALLBACK,0.2481,0.100,0.8244,0,none
10.024,201,-0.34480,-0.14144,0.23111,0,10,0,FALLBACK,0.2039,0.100,0.8289,0,none
10.073,202,-0.33715,-0.11468,0.21445,0,10,0,FALLBACK,0.1475,0.100,0.8335,0,none
10.125,203,-0.32728,-0.11609,0.21702,0,10,0,FALLBACK,0.0870,0.100,0.8380,0,none
10.173,204,-0.31651,-0.08531,0.18321,1,10,0,FALLBACK,0.0287,0.100,0.8425,0,none
10.225,205,-0.30607,-0.11875,0.22015,0,10,0,FALLBACK,-0.0218,0.100,0.8468,0,none
10.276,206,-0.29694,-0.14407,0.23277,0,10,0,FALLBACK,-0.0610,0.100,0.8511,0,none
10.325,207,-0.28981,-0.08589,0.18532,1,10,0,FALLBACK,-0.0866,0.100,0.8553,0,none
10.376,208,-0.28487,-0.07866,0.17855,1,10,0,FALLBACK,-0.1003,0.100,0.8595,0,none
10.426,209,-0.28246,-0.11974,0.19961,0,10,0,FALLBACK,-0.0998,0.100,0.8636,0,none
10.474,210,-0.28243,-0.07736,0.19878,0,10,0,FALLBACK,-0.0880,0.100,0.8677,0,none
10.524,211,-0.28429,-0.12114,0.20793,0,10,0,FALLBACK,-0.0692,0.100,0.8718,0,none
10.576,212,-0.28751,-0.07354,0.19144,1,10,0,FALLBACK,-0.0464,0.100,0.8758,0,none
10.624,213,-0.29148,-0.10634,0.22556,0,10,0,FALLBACK,-0.0228,0.100,0.8798,0,none
10.676,214,-0.29565,-0.12031,0.21593,0,10,0,FALLBACK,-0.0009,0.100,0.8838,0,none
10.726,215,-0.29950,-0.12657,0.19890,0,10,0,FALLBACK,0.0168,0.100,0.8877,0,none
10.776,216,-0.30267,-0.09298,0.17786,1,10,0,FALLBACK,0.0292,0.100,0.8915,0,none
10.827,217,-0.30494,-0.08176,0.21149,0,10,0,FALLBACK,0.0360,0.100,0.8954,0,none
10.878,218,-0.30618,-0.08307,0.19104,1,10,0,FALLBACK,0.0371,0.100,0.8992,0,none
10.927,219,-0.30646,-0.06047,0.16725,1,10,0,FALLBACK,0.0337,0.100,0.9029,0,none
10.976,220,-0.30586,-0.08427,0.18537,1,10,0,FALLBACK,0.0263,0.100,0.9066,0,none
11.028,221,-0.30453,-0.08278,0.18943,1,10,0,FALLBACK,0.0159,0.100,0.9103,0,none
11.077,222,-0.30268,-0.09067,0.19133,1,10,0,FALLBACK,0.0042,0.100,0.9140,0,none
11.109,223,-0.30066,-0.08350,0.16742,1,10,0,FALLBACK,-0.0068,0.100,0.9176,0,none
11.163,224,-0.29912,-0.12454,0.16527,1,10,0,FALLBACK,-0.0121,0.100,0.9211,0,none
11.213,225,-0.29809,-0.10301,0.17077,1,10,0,FALLBACK,-0.0147,0.100,0.9247,0,none
11.264,226,-0.29747,-0.08511,0.17817,1,10,0,FALLBACK,-0.0157,0.100,0.9282,0,none
11.315,227,-0.29727,-0.08476,0.17552,1,10,0,FALLBACK,-0.0147,0.100,0.9316,0,none
11.362,228,-0.29742,-0.03130,0.17154,1,10,0,FALLBACK,-0.0122,0.100,0.9351,0,none
11.413,229,-0.29785,-0.09643,0.17744,1,10,0,FALLBACK,-0.0086,0.100,0.9385,0,none
11.462,230,-0.29843,-0.07727,0.18902,1,10,0,FALLBACK,-0.0049,0.100,0.9418,0,none
11.514,231,-0.29908,0.00292,0.18990,1,10,0,FALLBACK,-0.0014,0.100,0.9451,0,none
11.563,232,-0.29970,0.03960,0.17295,1,10,0,FALLBACK,0.0016,0.100,0.9484,0,none
11.611,233,-0.30022,0.05423,0.19493,0,10,0,FALLBACK,0.0036,0.100,0.9517,0,none
11.665,234,-0.30060,0.08963,0.19724,0,10,0,FALLBACK,0.0049,0.100,0.9549,0,none
11.713,235,-0.30082,0.08745,0.17085,1,10,0,FALLBACK,0.0052,0.100,0.9581,0,none
11.764,236,-0.30088,0.00727,0.19242,0,10,0,FALLBACK,0.0047,0.100,0.9612,0,none
11.814,237,-0.20767,-0.06485,0.21556,0,10,0,FALLBACK,-0.9277,0.100,0.9644,0,none
11.865,238,-0.29595,-0.18030,0.27153,0,10,0,FALLBACK,0.4212,0.100,0.9480,0,none
11.916,239,-0.39211,-0.23582,0.33396,0,10,0,FALLBACK,0.9413,0.100,0.9341,0,none
11.963,240,-0.43902,-0.11126,0.23726,0,10,0,FALLBACK,0.9296,0.100,0.9251,0,none
12.016,241,-0.45444,-0.16218,0.22527,0,10,0,FALLBACK,0.8493,0.100,0.9264,0,none
12.065,242,-0.45077,-0.17342,0.21965,0,10,0,FALLBACK,0.7355,0.100,0.9293,0,none
12.117,243,-0.36593,-0.26023,0.22725,0,10,0,FALLBACK,-0.0945,0.100,0.9330,0,none
12.164,244,-0.41785,-0.25666,0.24405,0,10,0,FALLBACK,0.8488,0.100,0.9318,0,none
12.215,245,-0.46220,-0.19614,0.22209,0,10,0,FALLBACK,1.0000,0.100,0.9183,0,none
12.267,246,-0.46569,-0.09162,0.15918,1,10,0,FALLBACK,0.8459,0.100,0.9164,0,none
12.316,247,-0.44770,-0.04914,0.15408,1,10,0,FALLBACK,0.6485,0.100,0.9201,0,none
12.366,248,-0.31203,-0.04767,0.17237,1,10,0,FALLBACK,-0.6182,0.100,0.9247,0,none
12.417,249,-0.36227,-0.10799,0.15608,1,10,0,FALLBACK,0.5626,0.100,0.9087,0,none
12.467,250,-0.42173,-0.25722,0.23260,0,10,0,FALLBACK,0.9059,0.100,0.8964,0,none
12.515,251,-0.43832,-0.11345,0.18542,1,10,0,FALLBACK,0.7745,0.100,0.8927,0,none
12.567,252,-0.43259,-0.14207,0.18850,1,10,0,FALLBACK,0.6343,0.100,0.8966,0,none
12.616,253,-0.41598,-0.23818,0.20898,0,10,0,FALLBACK,0.4969,0.100,0.9010,0,none
12.667,254,-0.30057,-0.31433,0.24286,0,10,0,FALLBACK,-0.5742,0.100,0.9054,0,none
12.717,255,-0.35439,-0.37023,0.26869,0,10,0,FALLBACK,0.5410,0.100,0.8941,0,none
12.769,256,-0.41292,-0.32175,0.25806,0,10,0,FALLBACK,0.8573,0.100,0.8833,0,none
12.816,257,-0.43150,-0.22577,0.26592,0,10,0,FALLBACK,0.7504,0.100,0.8810,0,none
12.868,258,-0.42929,-0.25739,0.25698,0,10,0,FALLBACK,0.6353,0.100,0.8848,0,none
12.919,259,-0.41600,-0.24539,0.23831,0,10,0,FALLBACK,0.5136,0.100,0.8891,0,none
12.966,260,-0.31365,-0.31240,0.27737,0,10,0,FALLBACK,-0.4435,0.100,0.8936,0,none
13.018,261,-0.35140,-0.32294,0.26226,0,10,0,FALLBACK,0.4457,0.100,0.8860,0,none
13.068,262,-0.40645,-0.21583,0.24163,0,10,0,FALLBACK,0.8075,0.100,0.8846,0,none
13.118,263,-0.42521,-0.16661,0.22193,0,10,0,FALLBACK,0.7199,0.100,0.8792,0,none
13.168,264,-0.42263,-0.16704,0.20457,0,10,0,FALLBACK,0.6002,0.100,0.8830,0,none
13.219,265,-0.40943,-0.24744,0.27457,0,10,0,FALLBACK,0.4811,0.100,0.8874,0,none
13.268,266,-0.31763,-0.34689,0.27715,0,10,0,FALLBACK,-0.3708,0.100,0.8918,0,none
13.320,267,-0.37104,-0.33853,0.27602,0,10,0,FALLBACK,0.6223,0.100,0.8871,0,none
13.369,268,-0.42237,-0.20689,0.23252,0,10,0,FALLBACK,0.8685,0.100,0.8771,0,none
13.417,269,-0.43652,-0.17270,0.21152,0,10,0,FALLBACK,0.7534,0.100,0.8761,0,none
13.468,270,-0.43134,-0.20857,0.23071,0,10,0,FALLBACK,0.6308,0.100,0.8801,0,none
13.517,271,-0.41547,-0.26298,0.26026,0,10,0,FALLBACK,0.4980,0.100,0.8845,0,none
13.566,272,-0.32522,-0.25636,0.25592,0,10,0,FALLBACK,-0.3251,0.100,0.8879,0,none
13.619,273,-0.35722,-0.25822,0.24443,0,10,0,FALLBACK,0.4461,0.100,0.8838,0,none
13.669,274,-0.41029,-0.38282,0.26609,0,10,0,FALLBACK,0.8167,0.100,0.8804,0,none
13.719,275,-0.43672,-0.36600,0.27200,0,10,0,FALLBACK,0.8157,0.100,0.8816,0,none
13.772,276,-0.43485,-0.28007,0.18940,1,10,0,FALLBACK,0.6649,0.100,0.8815,0,none
13.821,277,-0.41821,-0.18238,0.22438,0,10,0,FALLBACK,0.5078,0.100,0.8860,0,none
13.870,278,-0.39390,-0.18423,0.24128,0,10,0,FALLBACK,0.3479,0.100,0.8907,0,none
13.921,279,-0.36510,-0.18090,0.20870,0,10,0,FALLBACK,0.1815,0.100,0.8952,0,none
13.969,280,-0.33527,-0.19212,0.24255,0,10,0,FALLBACK,0.0272,0.100,0.8994,0,none
14.020,281,-0.30777,-0.17270,0.24489,0,10,0,FALLBACK,-0.0986,0.100,0.9032,0,none
14.072,282,-0.28513,-0.12222,0.22664,0,10,0,FALLBACK,-0.1876,0.100,0.9067,0,none
14.121,283,-0.26887,-0.12874,0.23472,0,10,0,FALLBACK,-0.2370,0.100,0.9100,0,none
14.170,284,-0.25949,-0.07343,0.21851,0,10,0,FALLBACK,-0.2494,0.100,0.9134,0,none
14.223,285,-0.25664,-0.20257,0.26133,0,10,0,FALLBACK,-0.2310,0.100,0.9168,0,none
14.273,286,-0.25951,-0.27322,0.29163,0,10,0,FALLBACK,-0.1882,0.100,0.9204,0,none
14.320,287,-0.26678,-0.31139,0.29344,0,10,0,FALLBACK,-0.1298,0.100,0.9240,0,none
14.370,288,-0.27675,-0.35549,0.32877,0,10,0,FALLBACK,-0.0664,0.100,0.9275,0,none
14.422,289,-0.30998,-0.29522,0.31598,0,10,0,FALLBACK,0.2160,0.100,0.9310,0,none
14.472,290,-0.28400,-0.26221,0.26978,0,10,0,FALLBACK,-0.2099,0.100,0.9332,0,none
14.521,291,-0.25416,-0.20237,0.23402,0,10,0,FALLBACK,-0.3784,0.100,0.9348,0,none
14.571,292,-0.24055,-0.28317,0.24075,0,10,0,FALLBACK,-0.3653,0.100,0.9364,0,none
14.621,293,-0.23964,-0.29495,0.23208,0,10,0,FALLBACK,-0.3064,0.100,0.9394,0,none
14.672,294,-0.27802,-0.24171,0.18517,1,10,0,FALLBACK,0.0820,0.100,0.9428,0,none
14.723,295,-0.25170,-0.15756,0.17499,1,10,0,FALLBACK,-0.3730,0.100,0.9452,0,none
14.772,296,-0.22320,-0.12861,0.18264,1,10,0,FALLBACK,-0.5266,0.100,0.9453,0,none
14.823,297,-0.21554,-0.09952,0.16221,1,10,0,FALLBACK,-0.4606,0.100,0.9461,0,none
14.872,298,-0.22336,-0.14985,0.19795,0,10,0,FALLBACK,-0.3441,0.100,0.9490,0,none
14.923,299,-0.27853,-0.31559,0.26967,0,10,0,FALLBACK,0.1685,0.100,0.9526,0,none
14.972,300,-0.25878,-0.29430,0.25374,0,10,0,FALLBACK,-0.3048,0.100,0.9537,0,none
15.022,301,-0.23230,-0.16586,0.20442,0,10,0,FALLBACK,-0.4709,0.100,0.9538,0,none
15.074,302,-0.22559,-0.21235,0.22009,0,10,0,FALLBACK,-0.4055,0.100,0.9547,0,none
15.124,303,-0.23352,-0.21887,0.25106,0,10,0,FALLBACK,-0.2928,0.100,0.9576,0,none
15.172,304,-0.29371,-0.26365,0.27065,0,10,0,FALLBACK,0.2695,0.100,0.9611,0,none
15.222,305,-0.27084,-0.23295,0.24765,0,10,0,FALLBACK,-0.2601,0.100,0.9609,0,none
15.273,306,-0.23850,-0.15196,0.20175,0,10,0,FALLBACK,-0.4692,0.100,0.9606,0,none
15.324,307,-0.22681,-0.12904,0.20215,0,10,0,FALLBACK,-0.4244,0.100,0.9610,0,none
15.372,308,-0.23111,-0.14374,0.20781,0,10,0,FALLBACK,-0.3229,0.100,0.9637,0,none
15.425,309,-0.29373,-0.21171,0.25110,0,10,0,FALLBACK,0.2817,0.100,0.9670,0,none
15.474,310,-0.26867,-0.10735,0.20848,0,10,0,FALLBACK,-0.2820,0.100,0.9663,0,none
15.524,311,-0.23345,-0.10276,0.18615,1,10,0,FALLBACK,-0.5088,0.100,0.9655,0,none
15.574,312,-0.22055,-0.16433,0.19259,0,10,0,FALLBACK,-0.4617,0.100,0.9653,0,none
15.623,313,-0.22516,-0.20188,0.22043,0,10,0,FALLBACK,-0.3512,0.100,0.9678,0,none
15.674,314,-0.23901,-0.20652,0.24247,0,10,0,FALLBACK,-0.2357,0.100,0.9711,0,none
15.726,315,-0.27878,-0.23051,0.22776,0,10,0,FALLBACK,0.0928,0.100,0.9744,0,none
15.777,316,-0.26256,-0.21766,0.21859,0,10,0,FALLBACK,-0.2683,0.100,0.9766,0,none
15.825,317,-0.23785,-0.13511,0.17570,1,10,0,FALLBACK,-0.4344,0.100,0.9782,0,none
15.875,318,-0.23036,-0.14971,0.18155,1,10,0,FALLBACK,-0.3856,0.100,0.9784,0,none
15.926,319,-0.23860,-0.16640,0.19541,0,10,0,FALLBACK,-0.2658,0.100,0.9810,0,none
15.973,320,-0.27609,-0.27641,0.20566,0,10,0,FALLBACK,0.0680,0.100,0.9842,0,none
16.025,321,-0.25631,-0.19421,0.21522,0,10,0,FALLBACK,-0.3174,0.100,0.9864,0,none
16.074,322,-0.23454,-0.14728,0.19416,0,10,0,FALLBACK,-0.4361,0.100,0.9869,0,none
16.128,323,-0.23080,-0.16210,0.18977,1,10,0,FALLBACK,-0.3647,0.100,0.9880,0,none
16.177,324,-0.24145,-0.17493,0.25090,0,10,0,FALLBACK,-0.2396,0.100,0.9905,0,none
16.226,325,-0.28245,-0.23895,0.22327,0,10,0,FALLBACK,0.1173,0.100,0.9935,0,none
16.276,326,-0.26436,-0.25828,0.23426,0,10,0,FALLBACK,-0.2687,0.100,0.9952,0,none
16.325,327,-0.23618,-0.13069,0.17992,1,10,0,FALLBACK,-0.4599,0.100,0.9965,0,none
16.375,328,-0.22293,-0.11599,0.17979,1,10,0,FALLBACK,-0.4516,0.100,0.9979,0,none
16.427,329,-0.22635,-0.15659,0.22184,0,10,0,FALLBACK,-0.3511,0.100,0.9985,0,none
16.478,330,-0.26449,-0.30318,0.25483,0,10,0,FALLBACK,0.0132,0.100,1.0011,0,none
16.525,331,-0.25379,-0.39198,0.33942,0,10,0,FALLBACK,-0.2846,0.100,1.0037,0,none
16.577,332,-0.23553,-0.41048,0.34328,0,10,0,FALLBACK,-0.4136,0.100,1.0050,0,none
16.625,333,-0.23176,-0.22279,0.25238,0,10,0,FALLBACK,-0.3601,0.100,1.0055,0,none
16.678,334,-0.24271,-0.25460,0.25779,0,10,0,FALLBACK,-0.2317,0.100,1.0079,0,none
16.725,335,-0.28038,-0.19731,0.24249,0,10,0,FALLBACK,0.0903,0.100,1.0106,0,none
16.778,336,-0.26345,-0.17627,0.21824,0,10,0,FALLBACK,-0.2674,0.100,1.0124,0,none
16.828,337,-0.24311,-0.16563,0.21622,0,10,0,FALLBACK,-0.3861,0.100,1.0131,0,none
16.862,338,-0.23917,-0.13325,0.19453,0,10,0,FALLBACK,-0.3238,0.100,1.0142,0,none
16.910,339,-0.29627,-0.20055,0.22636,0,10,0,FALLBACK,0.2668,0.100,1.0167,0,none
16.960,340,-0.26084,-0.17985,0.19947,0,10,0,FALLBACK,-0.3729,0.100,1.0147,0,none
17.011,341,-0.22637,-0.18348,0.21971,0,10,0,FALLBACK,-0.5405,0.100,1.0116,0,none
17.064,342,-0.21724,-0.29592,0.25417,0,10,0,FALLBACK,-0.4594,0.100,1.0116,0,none
17.114,343,-0.22410,-0.28181,0.28079,0,10,0,FALLBACK,-0.3452,0.100,1.0142,0,none
17.161,344,-0.28448,-0.31229,0.31492,0,10,0,FALLBACK,0.2243,0.100,1.0171,0,none
17.211,345,-0.25649,-0.29931,0.23539,0,10,0,FALLBACK,-0.3575,0.100,1.0158,0,none
17.263,346,-0.22946,-0.29292,0.25035,0,10,0,FALLBACK,-0.4878,0.100,1.0135,0,none
17.312,347,-0.22529,-0.27995,0.24403,0,10,0,FALLBACK,-0.3944,0.100,1.0142,0,none
17.360,348,-0.23474,-0.20471,0.24025,0,10,0,FALLBACK,-0.2790,0.100,1.0169,0,none
17.411,349,-0.29125,-0.29881,0.25332,0,10,0,FALLBACK,0.2388,0.100,1.0198,0,none
17.461,350,-0.26339,-0.24974,0.22776,0,10,0,FALLBACK,-0.3224,0.100,1.0188,0,none
17.511,351,-0.23631,-0.14020,0.18957,1,10,0,FALLBACK,-0.4539,0.100,1.0170,0,none
17.561,352,-0.23081,-0.17881,0.18909,1,10,0,FALLBACK,-0.3735,0.100,1.0178,0,none
17.610,353,-0.23842,-0.23030,0.22255,0,10,0,FALLBACK,-0.2698,0.100,1.0204,0,none
17.663,354,-0.28796,-0.25651,0.23361,0,10,0,FALLBACK,0.1875,0.100,1.0232,0,none
17.714,355,-0.25982,-0.24688,0.21005,0,10,0,FALLBACK,-0.3416,0.100,1.0231,0,none
17.762,356,-0.23406,-0.14815,0.18287,1,10,0,FALLBACK,-0.4585,0.100,1.0214,0,none
17.815,357,-0.22957,-0.08292,0.17514,1,10,0,FALLBACK,-0.3746,0.100,1.0222,0,none
17.863,358,-0.23810,-0.04416,0.16704,1,10,0,FALLBACK,-0.2668,0.100,1.0248,0,none
17.913,359,-0.28259,-0.00946,0.17952,1,10,0,FALLBACK,0.1354,0.100,1.0276,0,none
17.962,360,-0.25664,-0.00180,0.18700,1,10,0,FALLBACK,-0.3466,0.100,1.0283,0,none
18.014,361,-0.23410,-0.04652,0.17371,1,10,0,FALLBACK,-0.4422,0.100,1.0268,0,none
18.064,362,-0.23173,-0.00988,0.16028,1,10,0,FALLBACK,-0.3532,0.100,1.0279,0,none
18.114,363,-0.24156,0.00954,0.16470,1,10,0,FALLBACK,-0.2431,0.100,1.0305,0,none
18.163,364,-0.25736,-0.12003,0.21039,0,10,0,FALLBACK,-0.1341,0.100,1.0332,0,none
18.211,365,-0.27569,-0.12276,0.21852,0,10,0,FALLBACK,-0.0299,0.100,1.0357,0,none
18.264,366,-0.29356,-0.10173,0.21383,0,10,0,FALLBACK,0.0571,0.100,1.0381,0,none
18.314,367,-0.30843,-0.16120,0.23311,0,10,0,FALLBACK,0.1166,0.100,1.0403,0,none
18.363,368,-0.31873,-0.11062,0.21979,0,10,0,FALLBACK,0.1451,0.100,1.0424,0,none
18.415,369,-0.32385,-0.12973,0.20705,0,10,0,FALLBACK,0.1448,0.100,1.0445,0,none
18.466,370,-0.32414,-0.09044,0.18033,1,10,0,FALLBACK,0.1221,0.100,1.0467,0,none
18.514,371,-0.32060,-0.11369,0.19825,0,10,0,FALLBACK,0.0854,0.100,1.0490,0,none
18.566,372,-0.31463,-0.13100,0.22257,0,10,0,FALLBACK,0.0432,0.100,1.0513,0,none
18.613,373,-0.30766,-0.11389,0.20297,0,10,0,FALLBACK,0.0035,0.100,1.0535,0,none
18.664,374,-0.30100,-0.13129,0.22476,0,10,0,FALLBACK,-0.0283,0.100,1.0557,0,none
18.715,375,-0.29563,-0.07945,0.19083,1,10,0,FALLBACK,-0.0487,0.100,1.0579,0,none
18.765,376,-0.29212,-0.11616,0.19969,0,10,0,FALLBACK,-0.0569,0.100,1.0600,0,none
18.815,377,-0.29048,-0.09177,0.18184,1,10,0,FALLBACK,-0.0558,0.100,1.0621,0,none
18.866,378,-0.29073,-0.06418,0.18571,1,10,0,FALLBACK,-0.0451,0.100,1.0642,0,none
18.916,379,-0.29246,-0.05711,0.18880,1,10,0,FALLBACK,-0.0291,0.100,1.0663,0,none
18.966,380,-0.29503,-0.07841,0.18196,1,10,0,FALLBACK,-0.0120,0.100,1.0684,0,none
19.016,381,-0.29783,-0.14509,0.19527,0,10,0,FALLBACK,0.0032,0.100,1.0704,0,none
19.068,382,-0.30038,-0.25112,0.23056,0,10,0,FALLBACK,0.0146,0.100,1.0724,0,none
19.120,383,-0.30230,-0.22041,0.28525,0,10,0,FALLBACK,0.0211,0.100,1.0744,0,none
19.168,384,-0.30341,-0.06346,0.25294,0,10,0,FALLBACK,0.0226,0.100,1.0764,0,none
19.219,385,-0.30370,0.00086,0.20498,0,10,0,FALLBACK,0.0199,0.100,1.0783,0,none
19.268,386,-0.30330,-0.00029,0.21570,0,10,0,FALLBACK,0.0145,0.100,1.0803,0,none
19.318,387,-0.15482,-0.16009,0.28401,0,10,0,FALLBACK,-1.0000,0.100,1.0822,0,none
19.367,388,-0.28775,-0.23144,0.34900,0,10,0,FALLBACK,0.6034,0.100,1.0594,0,none
19.417,389,-0.46544,-0.40353,0.44457,0,10,0,FALLBACK,1.0000,0.100,1.0559,0,none
19.470,390,-0.62241,-0.34027,0.37388,0,10,0,FALLBACK,1.0000,0.100,1.0225,0,none
19.518,391,-0.71732,-0.26074,0.32039,0,10,0,FALLBACK,1.0000,0.100,1.0131,0,none
19.567,392,-0.78183,-0.37088,0.37803,0,10,0,FALLBACK,1.0000,0.100,1.0126,0,none
19.618,393,-0.73348,-0.60476,0.48253,0,10,0,FALLBACK,1.0000,0.100,1.0122,0,none
19.668,394,-0.84719,-0.74340,0.56107,0,10,0,FALLBACK,1.0000,0.100,1.0119,0,none
19.716,395,-0.93400,-0.71133,0.52198,0,10,0,FALLBACK,1.0000,0.100,1.0116,0,none
19.767,396,-0.99352,-0.54379,0.52449,0,10,0,FALLBACK,1.0000,0.100,1.0113,0,none
19.820,397,-1.02552,-0.53297,0.52890,0,10,0,FALLBACK,1.0000,0.100,1.0111,0,none
19.870,398,-0.88095,-0.68190,0.54882,0,10,0,FALLBACK,1.0000,0.100,1.0108,0,none
19.918,399,-0.96264,-0.94791,0.50085,0,10,0,FALLBACK,1.0000,0.100,1.0105,0,none
19.970,400,-1.01705,-0.91703,0.47808,0,10,0,FALLBACK,1.0000,0.100,1.0102,0,none
20.020,401,-1.04394,-0.63352,0.41955,0,10,0,FALLBACK,1.0000,0.100,1.0099,0,none
20.070,402,-1.04321,-0.55727,0.41370,0,10,0,FALLBACK,1.0000,0.100,1.0097,0,none
20.119,403,-1.01490,-0.68197,0.41411,0,10,0,FALLBACK,1.0000,0.100,1.0094,0,none
20.169,404,-0.85135,-0.77882,0.36606,0,10,0,FALLBACK,1.0000,0.100,1.0092,0,none
20.220,405,-0.87327,-0.89363,0.37130,0,10,0,FALLBACK,1.0000,0.100,1.0089,0,none
20.268,406,-0.86762,-0.69148,0.28034,0,10,0,FALLBACK,1.0000,0.100,1.0087,0,none
20.319,407,-0.83446,-0.37269,0.29936,0,10,0,FALLBACK,1.0000,0.100,1.0084,0,none
20.367,408,-0.77394,-0.51972,0.26434,0,10,0,FALLBACK,1.0000,0.100,1.0082,0,none
20.419,409,-0.52535,-0.49126,0.25271,0,10,0,FALLBACK,-0.1161,0.100,1.0080,0,none
20.470,410,-0.54309,-0.71505,0.23982,0,10,0,FALLBACK,1.0000,0.100,1.0031,0,none
20.519,411,-0.55724,-0.61725,0.29279,0,10,0,FALLBACK,1.0000,0.100,0.9817,0,none
20.568,412,-0.52417,-0.18015,0.25483,0,10,0,FALLBACK,0.9556,0.100,0.9799,0,none
20.621,413,-0.46592,-0.12232,0.20011,0,10,0,FALLBACK,0.5384,0.100,0.9810,0,none
20.672,414,-0.39519,-0.10313,0.19867,0,10,0,FALLBACK,0.1223,0.100,0.9861,0,none
20.720,415,-0.22903,-0.16608,0.26144,0,10,0,FALLBACK,-1.0000,0.100,0.9893,0,none
20.769,416,-0.29307,-0.32140,0.37750,0,10,0,FALLBACK,0.2855,0.100,0.9663,0,none
20.822,417,-0.38501,-0.30124,0.40220,0,10,0,FALLBACK,0.8847,0.100,0.9571,0,none
20.870,418,-0.43179,-0.19966,0.30338,0,10,0,FALLBACK,0.8928,0.100,0.9461,0,none
20.923,419,-0.44125,-0.19718,0.25478,0,10,0,FALLBACK,0.7535,0.100,0.9452,0,none
20.971,420,-0.28049,-0.24740,0.25587,0,10,0,FALLBACK,-0.9014,0.100,0.9484,0,none
21.022,421,-0.36832,-0.29787,0.26605,0,10,0,FALLBACK,0.7807,0.100,0.9299,0,none
21.073,422,-0.48789,-0.41093,0.34623,0,10,0,FALLBACK,1.0000,0.100,0.9007,0,none
21.123,423,-0.55381,-0.39992,0.33624,0,10,0,FALLBACK,1.0000,0.100,0.8892,0,none
21.172,424,-0.58994,-0.19326,0.24036,0,10,0,FALLBACK,1.0000,0.100,0.8902,0,none
21.223,425,-0.60492,-0.22190,0.23173,0,10,0,FALLBACK,1.0000,0.100,0.8919,0,none
21.273,426,-0.45030,-0.39744,0.27025,0,10,0,FALLBACK,-0.0216,0.100,0.8936,0,none
21.323,427,-0.53009,-0.64632,0.31594,0,10,0,FALLBACK,1.0000,0.100,0.8942,0,none
21.372,428,-0.61786,-0.67837,0.35924,0,10,0,FALLBACK,1.0000,0.100,0.8787,0,none
21.423,429,-0.66170,-0.60918,0.28487,0,10,0,FALLBACK,1.0000,0.100,0.8763,0,none
21.473,430,-0.68401,-0.38516,0.27116,0,10,0,FALLBACK,1.0000,0.100,0.8782,0,none
21.523,431,-0.68563,-0.33320,0.27845,0,10,0,FALLBACK,1.0000,0.100,0.8801,0,none
21.574,432,-0.50322,-0.42108,0.21170,0,10,0,FALLBACK,0.1041,0.100,0.8819,0,none
21.623,433,-0.56855,-0.45887,0.20672,0,10,0,FALLBACK,1.0000,0.100,0.8850,0,none
21.674,434,-0.63780,-0.55368,0.21752,0,10,0,FALLBACK,1.0000,0.100,0.8722,0,none
21.723,435,-0.66621,-0.54663,0.21990,0,10,0,FALLBACK,1.0000,0.100,0.8707,0,none
21.774,436,-0.67353,-0.49355,0.28607,0,10,0,FALLBACK,1.0000,0.100,0.8726,0,none
21.824,437,-0.66035,-0.56936,0.30207,0,10,0,FALLBACK,1.0000,0.100,0.8746,0,none
21.873,438,-0.62642,-0.44124,0.29895,0,10,0,FALLBACK,1.0000,0.100,0.8765,0,none
21.925,439,-0.57174,-0.31560,0.32288,0,10,0,FALLBACK,1.0000,0.100,0.8784,0,none
21.973,440,-0.49635,-0.18885,0.26324,0,10,0,FALLBACK,0.6048,0.100,0.8803,0,none
22.026,441,-0.40657,-0.03785,0.17595,1,10,0,FALLBACK,0.0839,0.100,0.8860,0,none
22.077,442,-0.32057,-0.05101,0.17350,1,10,0,FALLBACK,-0.3271,0.100,0.8901,0,none
22.126,443,-0.25006,0.02836,0.16003,1,10,0,FALLBACK,-0.6023,0.100,0.8911,0,none
22.175,444,-0.19970,0.05472,0.17967,1,10,0,FALLBACK,-0.7532,0.100,0.8913,0,none
22.225,445,-0.17089,-0.03593,0.22508,0,10,0,FALLBACK,-0.7897,0.100,0.8921,0,none
22.275,446,-0.16242,-0.05796,0.26767,0,10,0,FALLBACK,-0.7303,0.100,0.8941,0,none
22.327,447,-0.17106,-0.01651,0.23820,0,10,0,FALLBACK,-0.6015,0.100,0.8974,0,none
22.376,448,-0.19240,-0.00265,0.20408,0,10,0,FALLBACK,-0.4312,0.100,0.9015,0,none
22.425,449,-0.22165,-0.08710,0.24996,0,10,0,FALLBACK,-0.2455,0.100,0.9059,0,none
22.476,450,-0.25410,-0.09096,0.21561,0,10,0,FALLBACK,-0.0672,0.100,0.9101,0,none
22.524,451,-0.28553,-0.15548,0.23968,0,10,0,FALLBACK,0.0848,0.100,0.9138,0,none
22.574,452,-0.31250,-0.13315,0.19299,0,10,0,FALLBACK,0.1973,0.100,0.9171,0,none
22.626,453,-0.33264,-0.13309,0.19820,0,10,0,FALLBACK,0.2639,0.100,0.9201,0,none
22.677,454,-0.34478,-0.21663,0.24039,0,10,0,FALLBACK,0.2846,0.100,0.9232,0,none
22.728,455,-0.34897,-0.20121,0.25989,0,10,0,FALLBACK,0.2658,0.100,0.9264,0,none
22.776,456,-0.34623,-0.13748,0.21338,0,10,0,FALLBACK,0.2175,0.100,0.9298,0,none
22.828,457,-0.33822,-0.12022,0.22995,0,10,0,FALLBACK,0.1511,0.100,0.9333,0,none
22.878,458,-0.32694,-0.12990,0.21427,0,10,0,FALLBACK,0.0783,0.100,0.9369,0,none
22.929,459,-0.31443,-0.08875,0.21401,0,10,0,FALLBACK,0.0096,0.100,0.9403,0,none
22.961,460,-0.30250,-0.05604,0.19933,0,10,0,FALLBACK,-0.0472,0.100,0.9437,0,none
23.012,461,-0.29311,-0.05112,0.19619,0,10,0,FALLBACK,-0.0814,0.100,0.9469,0,none
23.063,462,-0.28665,-0.04597,0.20302,0,10,0,FALLBACK,-0.0990,0.100,0.9502,0,none
23.111,463,-0.28319,-0.05159,0.21219,0,10,0,FALLBACK,-0.1014,0.100,0.9534,0,none
23.162,464,-0.28254,-0.04482,0.19611,0,10,0,FALLBACK,-0.0905,0.100,0.9565,0,none
23.213,465,-0.28423,-0.05272,0.20635,0,10,0,FALLBACK,-0.0704,0.100,0.9597,0,none
23.262,466,-0.28756,-0.06269,0.20955,0,10,0,FALLBACK,-0.0455,0.100,0.9629,0,none
23.312,467,-0.29177,-0.03015,0.19240,0,10,0,FALLBACK,-0.0201,0.100,0.9660,0,none
23.360,468,-0.29614,-0.03165,0.20329,0,10,0,FALLBACK,0.0025,0.100,0.9691,0,none
23.411,469,-0.30007,-0.05692,0.21856,0,10,0,FALLBACK,0.0200,0.100,0.9721,0,none
23.464,470,-0.30315,-0.07065,0.21618,0,10,0,FALLBACK,0.0311,0.100,0.9751,0,none
23.514,471,-0.30515,-0.11030,0.22797,0,10,0,FALLBACK,0.0357,0.100,0.9781,0,none
23.562,472,-0.30602,-0.06502,0.22072,0,10,0,FALLBACK,0.0345,0.100,0.9810,0,none
23.610,473,-0.30589,-0.07140,0.22953,0,10,0,FALLBACK,0.0288,0.100,0.9839,0,none
23.662,474,-0.30498,-0.11026,0.24105,0,10,0,FALLBACK,0.0204,0.100,0.9868,0,none
23.716,475,-0.30358,-0.12226,0.21361,0,10,0,FALLBACK,0.0109,0.100,0.9897,0,none
23.761,476,-0.30198,-0.07825,0.20154,0,10,0,FALLBACK,0.0019,0.100,0.9926,0,none
23.813,477,-0.30044,-0.10664,0.18952,1,10,0,FALLBACK,-0.0055,0.100,0.9954,0,none
23.864,478,-0.29915,-0.06763,0.19750,0,10,0,FALLBACK,-0.0107,0.100,0.9981,0,none
23.914,479,-0.29825,-0.08370,0.20677,0,10,0,FALLBACK,-0.0132,0.100,1.0009,0,none
23.963,480,-0.29778,-0.08880,0.21821,0,10,0,FALLBACK,-0.0135,0.100,1.0036,0,none
24.014,481,-0.29771,-0.10308,0.21568,0,10,0,FALLBACK,-0.0118,0.100,1.0063,0,none
24.064,482,-0.29798,-0.09435,0.21408,0,10,0,FALLBACK,-0.0088,0.100,1.0090,0,none
24.114,483,-0.29846,-0.07566,0.19436,0,10,0,FALLBACK,-0.0052,0.100,1.0116,0,none
24.165,484,-0.29906,-0.08440,0.18454,1,10,0,FALLBACK,-0.0017,0.100,1.0142,0,none
24.214,485,-0.29973,-0.03959,0.18340,1,10,0,FALLBACK,0.0020,0.100,1.0168,0,none
24.263,486,-0.30033,-0.03526,0.20421,0,10,0,FALLBACK,0.0046,0.100,1.0194,0,none
24.314,487,-0.30074,0.00268,0.19819,0,10,0,FALLBACK,0.0057,0.100,1.0219,0,none
24.364,488,-0.30093,-0.00875,0.17425,1,10,0,FALLBACK,0.0056,0.100,1.0244,0,none
24.415,489,-0.30093,-0.05473,0.17934,1,10,0,FALLBACK,0.0046,0.100,1.0269,0,none
24.466,490,-0.30078,-0.11816,0.18635,1,10,0,FALLBACK,0.0031,0.100,1.0294,0,none
24.514,491,-0.21777,-0.25048,0.26723,0,10,0,FALLBACK,-0.8262,0.100,1.0318,0,none
24.566,492,-0.31664,-0.39411,0.27923,0,10,0,FALLBACK,0.5776,0.100,1.0179,0,none
24.612,493,-0.42094,-0.32194,0.27123,0,10,0,FALLBACK,1.0000,0.100,0.9988,0,none
24.662,494,-0.47072,-0.23223,0.29298,0,10,0,FALLBACK,1.0000,0.100,0.9881,0,none
24.716,495,-0.48508,-0.24534,0.30688,0,10,0,FALLBACK,0.9972,0.100,0.9876,0,none
24.768,496,-0.37140,-0.24884,0.30907,0,10,0,FALLBACK,-0.2114,0.100,0.9877,0,none
24.813,497,-0.43760,-0.25550,0.33901,0,10,0,FALLBACK,1.0000,0.100,0.9801,0,none
24.864,498,-0.50277,-0.26806,0.33924,0,10,0,FALLBACK,1.0000,0.100,0.9572,0,none
24.917,499,-0.51959,-0.18445,0.29173,0,10,0,FALLBACK,1.0000,0.100,0.9557,0,none
24.965,500,-0.51102,-0.19715,0.29048,0,10,0,FALLBACK,1.0000,0.100,0.9563,0,none
25.016,501,-0.47785,-0.18553,0.25970,0,10,0,FALLBACK,0.7234,0.100,0.9570,0,none
25.068,502,-0.36655,-0.21571,0.31287,0,10,0,FALLBACK,-0.2237,0.100,0.9617,0,none
25.118,503,-0.40037,-0.16642,0.28065,0,10,0,FALLBACK,0.6710,0.100,0.9574,0,none
25.166,504,-0.43307,-0.09796,0.23481,0,10,0,FALLBACK,0.8288,0.100,0.9474,0,none
25.215,505,-0.42933,-0.10235,0.22079,0,10,0,FALLBACK,0.6280,0.100,0.9462,0,none
25.265,506,-0.40773,-0.16318,0.24403,0,10,0,FALLBACK,0.4307,0.100,0.9503,0,none
25.315,507,-0.28513,-0.21388,0.27582,0,10,0,FALLBACK,-0.6874,0.100,0.9546,0,none
25.364,508,-0.34761,-0.26459,0.33080,0,10,0,FALLBACK,0.5505,0.100,0.9395,0,none
25.416,509,-0.41736,-0.25055,0.33437,0,10,0,FALLBACK,0.9356,0.100,0.9255,0,none
25.468,510,-0.44089,-0.19195,0.28160,0,10,0,FALLBACK,0.8221,0.100,0.9196,0,none
25.516,511,-0.43880,-0.17032,0.28621,0,10,0,FALLBACK,0.6836,0.100,0.9227,0,none
25.567,512,-0.42350,-0.23629,0.30381,0,10,0,FALLBACK,0.5410,0.100,0.9268,0,none
25.616,513,-0.33232,-0.29026,0.34312,0,10,0,FALLBACK,-0.2943,0.100,0.9310,0,none
25.668,514,-0.38922,-0.28399,0.32568,0,10,0,FALLBACK,0.7306,0.100,0.9272,0,none
25.717,515,-0.44176,-0.30636,0.34668,0,10,0,FALLBACK,0.9715,0.100,0.9141,0,none
25.767,516,-0.45235,-0.21574,0.29678,0,10,0,FALLBACK,0.8147,0.100,0.9109,0,none
25.817,517,-0.44086,-0.27999,0.28651,0,10,0,FALLBACK,0.6468,0.100,0.9147,0,none
25.869,518,-0.30491,-0.30514,0.29219,0,10,0,FALLBACK,-0.6552,0.100,0.9192,0,none
25.918,519,-0.36739,-0.45052,0.31605,0,10,0,FALLBACK,0.6494,0.100,0.9017,0,none
25.968,520,-0.43862,-0.39909,0.32359,0,10,0,FALLBACK,1.0000,0.100,0.8857,0,none
26.018,521,-0.46234,-0.28400,0.33230,0,10,0,FALLBACK,0.9303,0.100,0.8809,0,none
26.069,522,-0.46045,-0.26090,0.26621,0,10,0,FALLBACK,0.7928,0.100,0.8838,0,none
26.118,523,-0.44387,-0.27848,0.28484,0,10,0,FALLBACK,0.6365,0.100,0.8880,0,none
26.170,524,-0.31321,-0.25100,0.29305,0,10,0,FALLBACK,-0.5872,0.100,0.8927,0,none
26.220,525,-0.36943,-0.28086,0.32334,0,10,0,FALLBACK,0.6283,0.100,0.8785,0,none
26.269,526,-0.43208,-0.29325,0.32027,0,10,0,FALLBACK,0.9736,0.100,0.8648,0,none
26.319,527,-0.45051,-0.19978,0.27336,0,10,0,FALLBACK,0.8447,0.100,0.8613,0,none
26.368,528,-0.44670,-0.20054,0.27009,0,10,0,FALLBACK,0.7145,0.100,0.8654,0,none
26.417,529,-0.43145,-0.21399,0.26838,0,10,0,FALLBACK,0.5810,0.100,0.8700,0,none
26.470,530,-0.30459,-0.22606,0.29186,0,10,0,FALLBACK,-0.6114,0.100,0.8747,0,none
26.522,531,-0.36272,-0.25740,0.27301,0,10,0,FALLBACK,0.6043,0.100,0.8608,0,none
26.567,532,-0.44671,-0.39292,0.28069,0,10,0,FALLBACK,1.0000,0.100,0.8487,0,none
26.618,533,-0.47939,-0.36421,0.27753,0,10,0,FALLBACK,1.0000,0.100,0.8408,0,none
26.672,534,-0.48268,-0.41314,0.31024,0,10,0,FALLBACK,0.9299,0.100,0.8429,0,none
26.722,535,-0.46898,-0.33152,0.27800,0,10,0,FALLBACK,0.7764,0.100,0.8465,0,none
26.773,536,-0.44087,-0.32172,0.31630,0,10,0,FALLBACK,0.5638,0.100,0.8512,0,none
26.820,537,-0.40248,-0.31731,0.28519,0,10,0,FALLBACK,0.3205,0.100,0.8558,0,none
26.874,538,-0.35970,-0.24993,0.25924,0,10,0,FALLBACK,0.0846,0.100,0.8608,0,none
26.921,539,-0.31807,-0.21472,0.26682,0,10,0,FALLBACK,-0.1178,0.100,0.8653,0,none
26.971,540,-0.28185,-0.16849,0.21132,0,10,0,FALLBACK,-0.2719,0.100,0.8692,0,none
27.021,541,-0.25531,-0.12529,0.22865,0,10,0,FALLBACK,-0.3561,0.100,0.8726,0,none
27.072,542,-0.23924,-0.13635,0.23805,0,10,0,FALLBACK,-0.3842,0.100,0.8759,0,none
27.124,543,-0.23286,-0.18045,0.23729,0,10,0,FALLBACK,-0.3676,0.100,0.8795,0,none
27.173,544,-0.23503,-0.09216,0.20902,0,10,0,FALLBACK,-0.3141,0.100,0.8833,0,none
27.224,545,-0.24395,-0.11182,0.22534,0,10,0,FALLBACK,-0.2356,0.100,0.8873,0,none
27.271,546,-0.25745,-0.08839,0.23067,0,10,0,FALLBACK,-0.1453,0.100,0.8913,0,none
27.323,547,-0.27315,-0.08804,0.22350,0,10,0,FALLBACK,-0.0558,0.100,0.8953,0,none
27.372,548,-0.28889,-0.10544,0.22184,0,10,0,FALLBACK,0.0231,0.100,0.8991,0,none
27.420,549,-0.30289,-0.12255,0.24248,0,10,0,FALLBACK,0.0844,0.100,0.9028,0,none
27.473,550,-0.31384,-0.09060,0.22181,0,10,0,FALLBACK,0.1240,0.100,0.9064,0,none
27.523,551,-0.32102,-0.06303,0.22818,0,10,0,FALLBACK,0.1410,0.100,0.9099,0,none
27.574,552,-0.32428,-0.07671,0.23798,0,10,0,FALLBACK,0.1377,0.100,0.9135,0,none
27.624,553,-0.32396,-0.11939,0.25539,0,10,0,FALLBACK,0.1182,0.100,0.9171,0,none
27.674,554,-0.32076,-0.20684,0.27683,0,10,0,FALLBACK,0.0878,0.100,0.9207,0,none
27.722,555,-0.31560,-0.15552,0.28051,0,10,0,FALLBACK,0.0522,0.100,0.9242,0,none
27.774,556,-0.30950,-0.15826,0.25690,0,10,0,FALLBACK,0.0170,0.100,0.9278,0,none
27.823,557,-0.30337,-0.11792,0.23805,0,10,0,FALLBACK,-0.0138,0.100,0.9313,0,none
27.873,558,-0.29800,-0.11010,0.23415,0,10,0,FALLBACK,-0.0369,0.100,0.9347,0,none
27.926,559,-0.29390,-0.08598,0.23567,0,10,0,FALLBACK,-0.0510,0.100,0.9381,0,none
27.972,560,-0.29137,-0.10623,0.23784,0,10,0,FALLBACK,-0.0558,0.100,0.9414,0,none
28.024,561,-0.29041,-0.08333,0.22103,0,10,0,FALLBACK,-0.0527,0.100,0.9447,0,none
28.074,562,-0.29089,-0.12484,0.21613,0,10,0,FALLBACK,-0.0432,0.100,0.9480,0,none
28.114,563,-0.29249,-0.14187,0.24242,0,10,0,FALLBACK,-0.0296,0.100,0.9513,0,none
28.161,564,-0.29476,-0.19415,0.27645,0,10,0,FALLBACK,-0.0148,0.100,0.9545,0,none
28.212,565,-0.29715,-0.18102,0.26029,0,10,0,FALLBACK,-0.0023,0.100,0.9577,0,none
28.266,566,-0.29937,-0.19958,0.25939,0,10,0,FALLBACK,0.0079,0.100,0.9609,0,none
28.316,567,-0.30129,-0.16500,0.22493,0,10,0,FALLBACK,0.0160,0.100,0.9640,0,none
28.364,568,-0.30260,-0.11463,0.20554,0,10,0,FALLBACK,0.0196,0.100,0.9671,0,none
28.414,569,-0.30327,-0.15012,0.21969,0,10,0,FALLBACK,0.0197,0.100,0.9702,0,none
28.464,570,-0.30336,-0.13370,0.21674,0,10,0,FALLBACK,0.0172,0.100,0.9732,0,none
28.513,571,-0.30298,-0.14152,0.21135,0,10,0,FALLBACK,0.0130,0.100,0.9762,0,none
28.563,572,-0.30227,-0.10626,0.21897,0,10,0,FALLBACK,0.0078,0.100,0.9792,0,none
28.612,573,-0.30140,-0.12684,0.21190,0,10,0,FALLBACK,0.0027,0.100,0.9821,0,none
28.665,574,-0.30052,-0.13594,0.21021,0,10,0,FALLBACK,-0.0018,0.100,0.9850,0,none
28.714,575,-0.29975,-0.16251,0.20593,0,10,0,FALLBACK,-0.0051,0.100,0.9879,0,none
28.764,576,-0.29916,-0.10897,0.18787,1,10,0,FALLBACK,-0.0071,0.100,0.9908,0,none
28.813,577,-0.29880,-0.05723,0.18873,1,10,0,FALLBACK,-0.0078,0.100,0.9936,0,none
28.864,578,-0.29868,-0.08794,0.19940,0,10,0,FALLBACK,-0.0072,0.100,0.9964,0,none
28.916,579,-0.29876,-0.07165,0.19232,1,10,0,FALLBACK,-0.0058,0.100,0.9992,0,none
28.964,580,-0.29900,-0.14726,0.22742,0,10,0,FALLBACK,-0.0038,0.100,1.0019,0,none
29.013,581,-0.29931,-0.13640,0.24417,0,10,0,FALLBACK,-0.0019,0.100,1.0046,0,none
29.063,582,-0.29964,-0.12611,0.19541,0,10,0,FALLBACK,-0.0001,0.100,1.0073,0,none
29.115,583,-0.29995,-0.06396,0.18669,1,10,0,FALLBACK,0.0013,0.100,1.0100,0,none
29.164,584,-0.30019,-0.04368,0.19166,1,10,0,FALLBACK,0.0021,0.100,1.0126,0,none
29.213,585,-0.30034,-0.02861,0.19091,1,10,0,FALLBACK,0.0025,0.100,1.0152,0,none
29.264,586,-0.30040,-0.01675,0.19539,0,10,0,FALLBACK,0.0023,0.100,1.0178,0,none
29.314,587,-0.30038,-0.06850,0.21550,0,10,0,FALLBACK,0.0018,0.100,1.0203,0,none
29.364,588,-0.30030,-0.06430,0.20963,0,10,0,FALLBACK,0.0011,0.100,1.0229,0,none
29.413,589,-0.27376,-0.14213,0.23171,0,10,0,FALLBACK,-0.2639,0.100,1.0254,0,none
29.464,590,-0.30241,-0.12311,0.20327,0,10,0,FALLBACK,0.1553,0.100,1.0263,0,none
29.515,591,-0.33119,-0.13048,0.17395,1,10,0,FALLBACK,0.2998,0.100,1.0268,0,none
29.564,592,-0.34516,-0.10838,0.18839,1,10,0,FALLBACK,0.2956,0.100,1.0280,0,none
29.616,593,-0.34801,-0.03897,0.18957,1,10,0,FALLBACK,0.2543,0.100,1.0301,0,none
29.665,594,-0.34258,-0.07369,0.17936,1,10,0,FALLBACK,0.1858,0.100,1.0325,0,none
29.714,595,-0.33106,-0.02475,0.17757,1,10,0,FALLBACK,0.0977,0.100,1.0350,0,none
29.764,596,-0.31616,0.00175,0.18345,1,10,0,FALLBACK,0.0063,0.100,1.0375,0,none
29.813,597,-0.30092,-0.01155,0.18472,1,10,0,FALLBACK,-0.0716,0.100,1.0399,0,none
29.866,598,-0.28948,-0.02052,0.17747,1,10,0,FALLBACK,-0.1098,0.100,1.0421,0,none
29.915,599,-0.28257,-0.02293,0.21246,0,10,0,FALLBACK,-0.1218,0.100,1.0443,0,none
29.966,600,-0.27984,-0.05120,0.21073,0,10,0,FALLBACK,-0.1144,0.100,1.0465,0,none
30.014,601,-0.28079,-0.08787,0.25700,0,10,0,FALLBACK,-0.0913,0.100,1.0488,0,none
30.064,602,-0.28452,-0.07861,0.23190,0,10,0,FALLBACK,-0.0588,0.100,1.0510,0,none
30.117,603,-0.28986,-0.14449,0.29023,0,10,0,FALLBACK,-0.0240,0.100,1.0532,0,none
30.167,604,-0.29561,-0.14680,0.26948,0,10,0,FALLBACK,0.0068,0.100,1.0554,0,none
30.216,605,-0.30080,-0.12078,0.26692,0,10,0,FALLBACK,0.0299,0.100,1.0576,0,none
30.269,606,-0.30470,-0.18848,0.29112,0,10,0,FALLBACK,0.0431,0.100,1.0597,0,none
30.317,607,-0.30700,-0.19079,0.29049,0,10,0,FALLBACK,0.0465,0.100,1.0618,0,none
30.367,608,-0.30766,-0.13859,0.25273,0,10,0,FALLBACK,0.0416,0.100,1.0639,0,none
30.419,609,-0.30692,-0.13406,0.27313,0,10,0,FALLBACK,0.0309,0.100,1.0660,0,none
30.469,610,-0.30520,-0.10349,0.23373,0,10,0,FALLBACK,0.0174,0.100,1.0681,0,none
30.517,611,-0.30300,-0.15656,0.26842,0,10,0,FALLBACK,0.0039,0.100,1.0701,0,none
30.570,612,-0.30077,-0.16301,0.25600,0,10,0,FALLBACK,-0.0073,0.100,1.0721,0,none
30.616,613,-0.29889,-0.18482,0.28740,0,10,0,FALLBACK,-0.0150,0.100,1.0741,0,none
30.669,614,-0.29759,-0.22463,0.29603,0,10,0,FALLBACK,-0.0185,0.100,1.0761,0,none
30.717,615,-0.29696,-0.23264,0.28509,0,10,0,FALLBACK,-0.0183,0.100,1.0781,0,none
30.769,616,-0.29697,-0.17123,0.25431,0,10,0,FALLBACK,-0.0151,0.100,1.0800,0,none
30.816,617,-0.29747,-0.16636,0.26706,0,10,0,FALLBACK,-0.0101,0.100,1.0819,0,none
30.868,618,-0.29828,-0.17772,0.24602,0,10,0,FALLBACK,-0.0045,0.100,1.0838,0,none
30.918,619,-0.29920,-0.12078,0.21734,0,10,0,FALLBACK,0.0006,0.100,1.0857,0,none
30.968,620,-0.30004,-0.16399,0.25641,0,10,0,FALLBACK,0.0044,0.100,1.0876,0,none
31.020,621,-0.30069,-0.14055,0.28647,0,10,0,FALLBACK,0.0067,0.100,1.0894,0,none
31.071,622,-0.30106,-0.18108,0.28458,0,10,0,FALLBACK,0.0072,0.100,1.0912,0,none
31.120,623,-0.30117,-0.20982,0.28589,0,10,0,FALLBACK,0.0064,0.100,1.0930,0,none
31.171,624,-0.30103,-0.18633,0.25937,0,10,0,FALLBACK,0.0045,0.100,1.0948,0,none
31.221,625,-0.30074,-0.12803,0.27428,0,10,0,FALLBACK,0.0023,0.100,1.0966,0,none
31.269,626,-0.30037,-0.14387,0.27464,0,10,0,FALLBACK,0.0000,0.100,1.0983,0,none
31.319,627,-0.30000,-0.10594,0.22685,0,10,0,FALLBACK,-0.0018,0.100,1.1001,0,none
31.368,628,-0.29970,-0.14888,0.27354,0,10,0,FALLBACK,-0.0030,0.100,1.1018,0,none
31.420,629,-0.29951,-0.15771,0.28445,0,10,0,FALLBACK,-0.0034,0.100,1.1035,0,none
31.471,630,-0.29944,-0.19202,0.29952,0,10,0,FALLBACK,-0.0032,0.100,1.1052,0,none
31.518,631,-0.29947,-0.14647,0.24231,0,10,0,FALLBACK,-0.0025,0.100,1.1068,0,none
31.571,632,-0.29958,-0.14852,0.27209,0,10,0,FALLBACK,-0.0015,0.100,1.1085,0,none
31.623,633,-0.29974,-0.08548,0.25241,0,10,0,FALLBACK,-0.0005,0.100,1.1101,0,none
31.671,634,-0.29991,-0.15828,0.11475,1,10,0,FALLBACK,0.0004,0.100,1.1117,0,none
31.721,635,-0.30006,-0.15917,0.23478,0,10,0,FALLBACK,0.0011,0.100,1.1133,0,none
31.770,636,-0.30016,-0.52788,0.61447,0,10,0,FALLBACK,0.0013,0.100,1.1149,0,none
31.822,637,-0.30020,0.14752,1.58158,0,10,0,FALLBACK,0.0012,0.100,1.1165,0,none
31.872,638,-0.30017,-0.29611,1.49160,0,10,0,FALLBACK,0.0008,0.100,1.1180,0,none
31.924,639,-0.30012,-0.83643,0.45764,0,10,0,FALLBACK,0.0003,0.100,1.1196,0,none
31.973,640,-0.30005,-0.36853,0.33687,0,10,0,FALLBACK,-0.0001,0.100,1.1354,1,none
32.022,641,-0.26071,-0.35491,0.32231,0,10,0,FALLBACK,-0.3932,0.100,1.1223,1,none
32.073,642,-0.37816,-0.26579,0.26127,0,10,0,FALLBACK,0.9780,0.100,1.1164,1,none
32.121,643,-0.49943,-0.37909,0.27867,0,10,0,FALLBACK,1.0000,0.100,1.0962,1,none
32.173,644,-0.49374,-0.34958,0.37186,0,10,0,FALLBACK,0.9403,0.100,1.0828,1,none
32.224,645,-0.40955,-0.22203,0.29119,0,10,0,FALLBACK,0.1268,0.100,1.0820,1,none
32.274,646,-0.31122,-0.08626,0.18094,1,10,0,FALLBACK,-0.4356,0.100,1.0793,1,none
32.324,647,-0.23107,-0.07443,0.18420,1,10,0,FALLBACK,-0.7454,0.100,1.0776,1,none
32.373,648,-0.18332,-0.00929,0.16612,1,10,0,FALLBACK,-0.8222,0.100,1.0732,1,none
32.421,649,-0.16753,-0.02555,0.15881,1,10,0,FALLBACK,-0.7413,0.100,1.0714,1,none
32.473,650,-0.17885,-0.04400,0.20780,0,10,0,FALLBACK,-0.5492,0.100,1.0718,1,none
32.522,651,-0.21004,-0.08849,0.21142,0,10,0,FALLBACK,-0.2938,0.100,1.0741,1,none
32.574,652,-0.25194,-0.16345,0.24465,0,10,0,FALLBACK,-0.0308,0.100,1.0768,1,none
32.624,653,-0.29519,-0.15670,0.20518,0,10,0,FALLBACK,0.1922,0.100,1.0789,1,none
32.674,654,-0.32979,-0.13246,0.20235,0,10,0,FALLBACK,0.3219,0.100,1.0799,1,none
32.723,655,-0.35116,-0.18655,0.21833,0,10,0,FALLBACK,0.3627,0.100,1.0804,1,none
32.774,656,-0.35880,-0.21744,0.26650,0,10,0,FALLBACK,0.3322,0.100,1.0815,1,none
32.823,657,-0.35436,-0.16198,0.22329,0,10,0,FALLBACK,0.2496,0.100,1.0831,1,none
32.876,658,-0.34106,-0.14734,0.21961,0,10,0,FALLBACK,0.1388,0.100,1.0852,1,none
32.925,659,-0.32302,-0.15361,0.24586,0,10,0,FALLBACK,0.0249,0.100,1.0873,1,none
32.978,660,-0.30440,-0.16477,0.24601,0,10,0,FALLBACK,-0.0711,0.100,1.0892,1,none
33.024,661,-0.28865,-0.14297,0.20814,0,10,0,FALLBACK,-0.1355,0.100,1.0909,1,none
33.075,662,-0.27806,-0.16078,0.22393,0,10,0,FALLBACK,-0.1626,0.100,1.0925,1,none
33.126,663,-0.27361,-0.07302,0.21541,0,10,0,FALLBACK,-0.1542,0.100,1.0941,1,none
33.176,664,-0.27493,-0.07192,0.21320,0,10,0,FALLBACK,-0.1188,0.100,1.0958,1,none
33.228,665,-0.28066,-0.03452,0.19067,1,10,0,FALLBACK,-0.0680,0.100,1.0976,1,none
33.277,666,-0.28891,-0.02922,0.18696,1,10,0,FALLBACK,-0.0143,0.100,1.0994,1,none
33.325,667,-0.29765,-0.02957,0.17799,1,10,0,FALLBACK,0.0320,0.100,1.1011,1,none
33.374,668,-0.30517,-0.03491,0.18859,1,10,0,FALLBACK,0.0634,0.100,1.1027,1,none
33.424,669,-0.31027,-0.06062,0.18284,1,10,0,FALLBACK,0.0769,0.100,1.1043,1,none
33.477,670,-0.31244,-0.04699,0.17815,1,10,0,FALLBACK,0.0730,0.100,1.1060,1,none
33.526,671,-0.31181,-0.02465,0.16753,1,10,0,FALLBACK,0.0559,0.100,1.1076,1,none
33.576,672,-0.30901,-0.05655,0.17020,1,10,0,FALLBACK,0.0311,0.100,1.1092,1,none
33.628,673,-0.30498,-0.05489,0.17676,1,10,0,FALLBACK,0.0047,0.100,1.1109,1,none
33.677,674,-0.30072,-0.09242,0.21107,0,10,0,FALLBACK,-0.0177,0.100,1.1125,1,none
33.728,675,-0.29710,-0.13199,0.20952,0,10,0,FALLBACK,-0.0326,0.100,1.1141,1,none
33.778,676,-0.29470,-0.06061,0.16313,1,10,0,FALLBACK,-0.0385,0.100,1.1157,1,none
33.826,677,-0.29376,-0.08583,0.17949,1,10,0,FALLBACK,-0.0359,0.100,1.1172,1,none
33.876,678,-0.29422,-0.05024,0.19927,0,10,0,FALLBACK,-0.0266,0.100,1.1187,1,none
33.910,679,-0.29572,-0.05576,0.21548,0,10,0,FALLBACK,-0.0139,0.100,1.1203,1,none
33.961,680,-0.29765,-0.04975,0.20959,0,10,0,FALLBACK,-0.0021,0.100,1.1218,1,none
34.012,681,-0.29957,-0.05792,0.21174,0,10,0,FALLBACK,0.0074,0.100,1.1233,1,none
34.060,682,-0.30114,-0.04935,0.20062,0,10,0,FALLBACK,0.0136,0.100,1.1247,1,none
34.113,683,-0.30216,-0.05961,0.21460,0,10,0,FALLBACK,0.0159,0.100,1.1262,1,none
34.163,684,-0.30255,-0.05588,0.20430,0,10,0,FALLBACK,0.0147,0.100,1.1276,1,none
34.211,685,-0.30237,-0.05257,0.21425,0,10,0,FALLBACK,0.0110,0.100,1.1291,1,none
34.262,686,-0.30178,-0.13906,0.23438,0,10,0,FALLBACK,0.0059,0.100,1.1305,1,none
34.313,687,-0.30096,-0.09820,0.24024,0,10,0,FALLBACK,0.0007,0.100,1.1319,1,none
34.363,688,-0.30014,-0.08233,0.29268,0,10,0,FALLBACK,-0.0035,0.100,1.1333,1,none
34.413,689,-0.29944,-0.02180,0.27893,0,10,0,FALLBACK,-0.0063,0.100,1.1347,1,none
34.463,690,-0.29900,0.02874,0.31178,0,10,0,FALLBACK,-0.0073,0.100,1.1360,1,none
34.510,691,-0.29881,-0.05211,0.33524,0,10,0,FALLBACK,-0.0069,0.100,1.1374,1,none
34.563,692,-0.14513,-0.16809,0.40534,0,10,0,FALLBACK,-1.0000,0.100,1.1387,1,none
34.612,693,-0.28912,-0.30145,0.37535,0,10,0,FALLBACK,0.6656,0.100,1.1150,1,none
34.664,694,-0.44701,-0.49340,0.45050,0,10,0,FALLBACK,1.0000,0.100,1.0883,1,none
34.713,695,-0.54303,-0.32837,0.39706,0,10,0,FALLBACK,1.0000,0.100,1.0738,1,none
34.763,696,-0.59901,-0.26707,0.38420,0,10,0,FALLBACK,1.0000,0.100,1.0713,1,none
34.813,697,-0.47114,-0.46455,0.38722,0,10,0,FALLBACK,0.2163,0.100,1.0699,1,none
34.864,698,-0.60132,-0.70190,0.44333,0,10,0,FALLBACK,1.0000,0.100,1.0720,1,none
34.911,699,-0.71628,-0.83783,0.42243,0,10,0,FALLBACK,1.0000,0.100,1.0560,1,none
34.964,700,-0.78685,-0.69920,0.41669,0,10,0,FALLBACK,1.0000,0.100,1.0534,1,none
35.016,701,-0.82713,-0.56501,0.38728,0,10,0,FALLBACK,1.0000,0.100,1.0523,1,none
35.064,702,-0.65548,-0.38135,0.29224,0,10,0,FALLBACK,0.9191,0.100,1.0513,1,none
35.114,703,-0.75105,-0.68525,0.40967,0,10,0,FALLBACK,1.0000,0.100,1.0521,1,none
35.165,704,-0.81862,-0.71719,0.42568,0,10,0,FALLBACK,1.0000,0.100,1.0499,1,none
35.215,705,-0.85496,-0.57326,0.34833,0,10,0,FALLBACK,1.0000,0.100,1.0488,1,none
35.265,706,-0.86148,-0.30523,0.27105,0,10,0,FALLBACK,1.0000,0.100,1.0478,1,none
35.312,707,-0.83827,-0.31528,0.24149,0,10,0,FALLBACK,1.0000,0.100,1.0469,1,none
35.365,708,-0.68213,-0.45084,0.30146,0,10,0,FALLBACK,1.0000,0.100,1.0460,1,none
35.413,709,-0.71256,-0.39994,0.29811,0,10,0,FALLBACK,1.0000,0.100,1.0451,1,none
35.464,710,-0.71341,-0.28586,0.32200,0,10,0,FALLBACK,1.0000,0.100,1.0442,1,none
35.514,711,-0.68477,-0.18667,0.24164,0,10,0,FALLBACK,1.0000,0.100,1.0433,1,none
35.566,712,-0.62683,-0.16674,0.21727,0,10,0,FALLBACK,1.0000,0.100,1.0425,1,none
35.613,713,-0.41025,-0.28168,0.26689,0,10,0,FALLBACK,-0.5317,0.100,1.0416,1,none
35.664,714,-0.41353,-0.35942,0.34345,0,10,0,FALLBACK,0.5840,0.100,1.0278,1,none
35.715,715,-0.45251,-0.24631,0.37427,0,10,0,FALLBACK,0.9574,0.100,1.0092,1,none
35.764,716,-0.45746,-0.03115,0.34997,0,10,0,FALLBACK,0.8121,0.100,1.0053,1,none
35.813,717,-0.42514,-0.11484,0.34856,0,10,0,FALLBACK,0.4641,0.100,1.0029,1,none
35.866,718,-0.22931,-0.21281,0.32940,0,10,0,FALLBACK,-1.0000,0.100,1.0077,1,none
35.916,719,-0.31377,-0.35896,0.33988,0,10,0,FALLBACK,0.4912,0.100,0.9775,1,none
35.965,720,-0.41621,-0.39686,0.43580,0,10,0,FALLBACK,1.0000,0.100,0.9598,1,none
36.013,721,-0.46609,-0.26327,0.34610,0,10,0,FALLBACK,1.0000,0.100,0.9492,1,none
36.066,722,-0.48123,-0.12125,0.23863,0,10,0,FALLBACK,0.9818,0.100,0.9493,1,none
36.113,723,-0.47257,-0.19672,0.29905,0,10,0,FALLBACK,0.8196,0.100,0.9504,1,none
36.165,724,-0.34116,-0.31619,0.29592,0,10,0,FALLBACK,-0.4512,0.100,0.9541,1,none
36.214,725,-0.42623,-0.49049,0.35951,0,10,0,FALLBACK,1.0000,0.100,0.9411,1,none
36.264,726,-0.51484,-0.53476,0.37597,0,10,0,FALLBACK,1.0000,0.100,0.9135,1,none
36.313,727,-0.55164,-0.32560,0.28905,0,10,0,FALLBACK,1.0000,0.100,0.9124,1,none
36.365,728,-0.56490,-0.25362,0.25434,0,10,0,FALLBACK,1.0000,0.100,0.9137,1,none
36.415,729,-0.37151,-0.33140,0.24444,0,10,0,FALLBACK,-0.6094,0.100,0.9150,1,none
36.466,730,-0.46611,-0.41756,0.26803,0,10,0,FALLBACK,1.0000,0.100,0.8921,1,none
36.515,731,-0.57197,-0.64151,0.32130,0,10,0,FALLBACK,1.0000,0.100,0.8640,1,none
36.568,732,-0.62631,-0.55610,0.27924,0,10,0,FALLBACK,1.0000,0.100,0.8644,1,none
36.616,733,-0.65951,-0.37226,0.22671,0,10,0,FALLBACK,1.0000,0.100,0.8665,1,none
36.666,734,-0.67271,-0.29586,0.27821,0,10,0,FALLBACK,1.0000,0.100,0.8685,1,none
36.718,735,-0.66546,-0.26886,0.22878,0,10,0,FALLBACK,1.0000,0.100,0.8705,1,none
36.768,736,-0.52585,-0.32878,0.24174,0,10,0,FALLBACK,0.4312,0.100,0.8725,1,none
36.815,737,-0.58659,-0.52023,0.23519,0,10,0,FALLBACK,1.0000,0.100,0.8778,1,none
36.866,738,-0.63262,-0.59064,0.22962,0,10,0,FALLBACK,1.0000,0.100,0.8707,1,none
36.919,739,-0.64828,-0.64045,0.20513,0,10,0,FALLBACK,1.0000,0.100,0.8725,1,none
36.966,740,-0.64333,-0.58649,0.25197,0,10,0,FALLBACK,1.0000,0.100,0.8744,1,none
37.018,741,-0.61767,-0.60135,0.27834,0,10,0,FALLBACK,1.0000,0.100,0.8763,1,none
37.068,742,-0.57124,-0.51922,0.31268,0,10,0,FALLBACK,1.0000,0.100,0.8782,1,none
37.118,743,-0.50405,-0.46404,0.28453,0,10,0,FALLBACK,0.6843,0.100,0.8801,1,none
37.168,744,-0.42411,-0.30713,0.24012,0,10,0,FALLBACK,0.2208,0.100,0.8857,1,none
37.218,745,-0.34662,-0.17155,0.18967,1,10,0,FALLBACK,-0.1543,0.100,0.8902,1,none
37.268,746,-0.28103,-0.13720,0.19989,0,10,0,FALLBACK,-0.4228,0.100,0.8928,1,none
37.318,747,-0.23140,-0.10406,0.17946,1,10,0,FALLBACK,-0.5912,0.100,0.8944,1,none
37.367,748,-0.19962,-0.10729,0.19249,0,10,0,FALLBACK,-0.6608,0.100,0.8959,1,none
37.418,749,-0.18536,-0.05960,0.17641,1,10,0,FALLBACK,-0.6445,0.100,0.8982,1,none
37.467,750,-0.18640,-0.07896,0.20266,0,10,0,FALLBACK,-0.5628,0.100,0.9013,1,none
37.518,751,-0.19942,-0.10133,0.18631,1,10,0,FALLBACK,-0.4378,0.100,0.9052,1,none
37.568,752,-0.22057,-0.12795,0.21945,0,10,0,FALLBACK,-0.2913,0.100,0.9093,1,none
37.616,753,-0.24599,-0.18790,0.21698,0,10,0,FALLBACK,-0.1429,0.100,0.9134,1,none
37.669,754,-0.27208,-0.29206,0.25025,0,10,0,FALLBACK,-0.0091,0.100,0.9172,1,none
37.720,755,-0.29585,-0.24477,0.24144,0,10,0,FALLBACK,0.0980,0.100,0.9207,1,none
37.770,756,-0.31508,-0.30122,0.29475,0,10,0,FALLBACK,0.1716,0.100,0.9240,1,none
37.819,757,-0.32922,-0.33202,0.28486,0,10,0,FALLBACK,0.2168,0.100,0.9272,1,none
37.868,758,-0.33666,-0.30863,0.31049,0,10,0,FALLBACK,0.2205,0.100,0.9304,1,none
37.918,759,-0.33804,-0.21529,0.24518,0,10,0,FALLBACK,0.1971,0.100,0.9337,1,none
37.969,760,-0.33461,-0.15721,0.24107,0,10,0,FALLBACK,0.1559,0.100,0.9371,1,none
38.019,761,-0.32776,-0.09735,0.21815,0,10,0,FALLBACK,0.1046,0.100,0.9405,1,none
38.072,762,-0.31899,-0.10087,0.21323,0,10,0,FALLBACK,0.0511,0.100,0.9440,1,none
38.121,763,-0.30974,-0.03740,0.19074,1,10,0,FALLBACK,0.0024,0.100,0.9473,1,none
38.167,764,-0.30042,-0.05948,0.18950,1,10,0,FALLBACK,-0.0445,0.100,0.9506,1,none
38.220,765,-0.29316,-0.10831,0.21029,0,10,0,FALLBACK,-0.0705,0.100,0.9538,1,none
38.271,766,-0.28851,-0.09452,0.19762,0,10,0,FALLBACK,-0.0807,0.100,0.9570,1,none
38.319,767,-0.28630,-0.07919,0.18216,1,10,0,FALLBACK,-0.0796,0.100,0.9601,1,none
38.371,768,-0.28626,-0.12391,0.20731,0,10,0,FALLBACK,-0.0689,0.100,0.9632,1,none
38.422,769,-0.28798,-0.08697,0.19903,0,10,0,FALLBACK,-0.0515,0.100,0.9663,1,none
38.470,770,-0.29118,-0.11187,0.21584,0,10,0,FALLBACK,-0.0280,0.100,0.9694,1,none
38.522,771,-0.29521,-0.10015,0.22122,0,10,0,FALLBACK,-0.0038,0.100,0.9725,1,none
38.571,772,-0.29927,-0.11282,0.20002,0,10,0,FALLBACK,0.0167,0.100,0.9755,1,none
38.620,773,-0.30288,-0.11365,0.19175,1,10,0,FALLBACK,0.0325,0.100,0.9784,1,none
38.673,774,-0.30556,-0.08090,0.18592,1,10,0,FALLBACK,0.0412,0.100,0.9814,1,none
38.721,775,-0.30682,-0.07413,0.19889,0,10,0,FALLBACK,0.0404,0.100,0.9843,1,none
38.775,776,-0.30678,-0.12198,0.21706,0,10,0,FALLBACK,0.0337,0.100,0.9872,1,none
38.821,777,-0.30571,-0.07451,0.17456,1,10,0,FALLBACK,0.0233,0.100,0.9900,1,none
38.872,778,-0.30402,-0.12272,0.19032,1,10,0,FALLBACK,0.0116,0.100,0.9929,1,none
38.922,779,-0.30204,-0.09008,0.18316,1,10,0,FALLBACK,0.0003,0.100,0.9957,1,none
38.972,780,-0.30014,-0.10113,0.18386,1,10,0,FALLBACK,-0.0088,0.100,0.9985,1,none
39.021,781,-0.29857,-0.07520,0.18511,1,10,0,FALLBACK,-0.0149,0.100,1.0012,1,none
39.072,782,-0.29752,-0.13210,0.18243,1,10,0,FALLBACK,-0.0177,0.100,1.0039,1,none
39.123,783,-0.29703,-0.06505,0.16492,1,10,0,FALLBACK,-0.0173,0.100,1.0066,1,none
39.174,784,-0.29707,-0.07594,0.17199,1,10,0,FALLBACK,-0.0144,0.100,1.0093,1,none
39.221,785,-0.29756,-0.07495,0.17180,1,10,0,FALLBACK,-0.0097,0.100,1.0119,1,none
39.273,786,-0.29832,-0.07233,0.15734,1,10,0,FALLBACK,-0.0046,0.100,1.0145,1,none
39.324,787,-0.29918,-0.04711,0.17685,1,10,0,FALLBACK,0.0002,0.100,1.0171,1,none
39.374,788,-0.29999,-0.03335,0.17998,1,10,0,FALLBACK,0.0040,0.100,1.0197,1,none
39.425,789,-0.30064,0.02743,0.18545,1,10,0,FALLBACK,0.0064,0.100,1.0222,1,none
39.474,790,-0.30105,0.05520,0.21296,0,10,0,FALLBACK,0.0073,0.100,1.0247,1,none
39.522,791,-0.30120,0.10606,0.21263,0,10,0,FALLBACK,0.0068,0.100,1.0272,1,none
39.574,792,-0.30112,0.09056,0.17423,1,10,0,FALLBACK,0.0052,0.100,1.0297,1,none
39.622,793,-0.30087,0.02444,0.18962,1,10,0,FALLBACK,0.0031,0.100,1.0321,1,none
39.674,794,-0.21466,-0.06037,0.23758,0,10,0,FALLBACK,-0.8577,0.100,1.0345,1,none
39.724,795,-0.29871,-0.15484,0.28480,0,10,0,FALLBACK,0.4138,0.100,1.0218,1,none
39.775,796,-0.40634,-0.21265,0.32489,0,10,0,FALLBACK,1.0000,0.100,1.0086,1,none
39.822,797,-0.46589,-0.13998,0.27317,0,10,0,FALLBACK,1.0000,0.100,0.9946,1,none
39.873,798,-0.48265,-0.26239,0.26663,0,10,0,FALLBACK,0.9971,0.100,0.9920,1,none
39.924,799,-0.37277,-0.21182,0.24036,0,10,0,FALLBACK,-0.1855,0.100,0.9920,1,none
39.974,800,-0.42210,-0.29492,0.25870,0,10,0,FALLBACK,0.8571,0.100,0.9866,1,none
40.024,801,-0.48653,-0.30727,0.28399,0,10,0,FALLBACK,1.0000,0.100,0.9715,1,none
40.075,802,-0.50403,-0.13456,0.18370,1,10,0,FALLBACK,1.0000,0.100,0.9658,1,none
40.126,803,-0.49151,-0.07516,0.14941,1,10,0,FALLBACK,0.8949,0.100,0.9657,1,none
40.174,804,-0.45557,-0.12296,0.16967,1,10,0,FALLBACK,0.5982,0.100,0.9679,1,none
40.224,805,-0.34807,-0.03001,0.15974,1,10,0,FALLBACK,-0.2971,0.100,0.9725,1,none
40.274,806,-0.36964,0.00785,0.15266,1,10,0,FALLBACK,0.4560,0.100,0.9694,1,none
40.326,807,-0.40570,-0.02723,0.17018,1,10,0,FALLBACK,0.7088,0.100,0.9643,1,none
40.376,808,-0.41041,-0.12625,0.17364,1,10,0,FALLBACK,0.5756,0.100,0.9617,1,none
40.425,809,-0.39309,-0.21702,0.20348,0,10,0,FALLBACK,0.3788,0.100,0.9644,1,none
40.476,810,-0.28728,-0.28562,0.24320,0,10,0,FALLBACK,-0.5927,0.100,0.9683,1,none
40.524,811,-0.33732,-0.38726,0.24515,0,10,0,FALLBACK,0.4368,0.100,0.9598,1,none
40.574,812,-0.40730,-0.29092,0.26331,0,10,0,FALLBACK,0.8864,0.100,0.9511,1,none
40.625,813,-0.43704,-0.16784,0.23412,0,10,0,FALLBACK,0.8339,0.100,0.9432,1,none
40.677,814,-0.43478,-0.19342,0.22007,0,10,0,FALLBACK,0.6626,0.100,0.9441,1,none
40.725,815,-0.30637,-0.31594,0.27428,0,10,0,FALLBACK,-0.6102,0.100,0.9479,1,none
40.775,816,-0.35721,-0.32857,0.25448,0,10,0,FALLBACK,0.5403,0.100,0.9356,1,none
40.826,817,-0.43334,-0.30582,0.24037,0,10,0,FALLBACK,1.0000,0.100,0.9232,1,none
40.875,818,-0.47206,-0.18162,0.23920,0,10,0,FALLBACK,1.0000,0.100,0.9180,1,none
40.926,819,-0.47504,-0.20457,0.21303,0,10,0,FALLBACK,0.8901,0.100,0.9146,1,none
40.977,820,-0.45514,-0.27017,0.24679,0,10,0,FALLBACK,0.6762,0.100,0.9176,1,none
41.026,821,-0.33468,-0.34600,0.29043,0,10,0,FALLBACK,-0.4289,0.100,0.9222,1,none
41.077,822,-0.36926,-0.29287,0.26486,0,10,0,FALLBACK,0.5192,0.100,0.9157,1,none
41.127,823,-0.42335,-0.22103,0.23060,0,10,0,FALLBACK,0.8872,0.100,0.9077,1,none
41.178,824,-0.43958,-0.22941,0.24682,0,10,0,FALLBACK,0.7790,0.100,0.9020,1,none
41.225,825,-0.42720,-0.22828,0.23952,0,10,0,FALLBACK,0.5741,0.100,0.9039,1,none
41.276,826,-0.40004,-0.22007,0.22152,0,10,0,FALLBACK,0.3644,0.100,0.9071,1,none
41.326,827,-0.29600,-0.21766,0.22606,0,10,0,FALLBACK,-0.5402,0.100,0.9120,1,none
41.377,828,-0.31984,-0.26509,0.25583,0,10,0,FALLBACK,0.2184,0.100,0.9167,1,none
41.426,829,-0.36754,-0.25006,0.21932,0,10,0,FALLBACK,0.5763,0.100,0.9076,1,none
41.477,830,-0.39685,-0.26608,0.22352,0,10,0,FALLBACK,0.6308,0.100,0.9037,1,none
41.528,831,-0.40123,-0.21805,0.20398,0,10,0,FALLBACK,0.5280,0.100,0.9055,1,none
41.578,832,-0.39186,-0.17742,0.23783,0,10,0,FALLBACK,0.4125,0.100,0.9092,1,none
41.628,833,-0.37452,-0.18281,0.23839,0,10,0,FALLBACK,0.2859,0.100,0.9133,1,none
41.660,834,-0.35214,-0.12902,0.19782,0,10,0,FALLBACK,0.1488,0.100,0.9174,1,none
41.712,835,-0.32918,-0.15727,0.22496,0,10,0,FALLBACK,0.0311,0.100,0.9213,1,none
41.760,836,-0.30786,-0.13588,0.20346,0,10,0,FALLBACK,-0.0673,0.100,0.9249,1,none
41.814,837,-0.29007,-0.12431,0.19600,0,10,0,FALLBACK,-0.1386,0.100,0.9282,1,none
41.862,838,-0.27714,-0.11507,0.21166,0,10,0,FALLBACK,-0.1790,0.100,0.9315,1,none
41.911,839,-0.26966,-0.14575,0.24876,0,10,0,FALLBACK,-0.1891,0.100,0.9348,1,none
41.960,840,-0.26738,-0.30433,0.29893,0,10,0,FALLBACK,-0.1745,0.100,0.9381,1,none
42.012,841,-0.26950,-0.24203,0.26832,0,10,0,FALLBACK,-0.1419,0.100,0.9414,1,none
42.063,842,-0.27487,-0.28191,0.29209,0,10,0,FALLBACK,-0.0989,0.100,0.9448,1,none
42.114,843,-0.32615,-0.32880,0.30577,0,10,0,FALLBACK,0.3872,0.100,0.9481,1,none
42.166,844,-0.28900,-0.21840,0.23340,0,10,0,FALLBACK,-0.2408,0.100,0.9468,1,none
42.213,845,-0.25155,-0.21297,0.22011,0,10,0,FALLBACK,-0.4295,0.100,0.9459,1,none
42.263,846,-0.23497,-0.29814,0.26097,0,10,0,FALLBACK,-0.4081,0.100,0.9475,1,none
42.314,847,-0.23156,-0.25410,0.23302,0,10,0,FALLBACK,-0.3592,0.100,0.9505,1,none
42.363,848,-0.28793,-0.26660,0.21043,0,10,0,FALLBACK,0.2215,0.100,0.9537,1,none
42.413,849,-0.25229,-0.20780,0.18209,1,10,0,FALLBACK,-0.4168,0.100,0.9530,1,none
42.462,850,-0.21927,-0.13782,0.17153,1,10,0,FALLBACK,-0.5687,0.100,0.9502,1,none
42.516,851,-0.21089,-0.09876,0.19260,0,10,0,FALLBACK,-0.4875,0.100,0.9513,1,none
42.563,852,-0.21715,-0.16019,0.18062,1,10,0,FALLBACK,-0.3829,0.100,0.9545,1,none
42.614,853,-0.23152,-0.16514,0.24286,0,10,0,FALLBACK,-0.2705,0.100,0.9581,1,none
42.665,854,-0.27531,-0.25652,0.24066,0,10,0,FALLBACK,0.0955,0.100,0.9615,1,none
42.716,855,-0.26006,-0.25081,0.20957,0,10,0,FALLBACK,-0.2759,0.100,0.9637,1,none
42.764,856,-0.24501,-0.23046,0.23920,0,10,0,FALLBACK,-0.3502,0.100,0.9645,1,none
42.815,857,-0.24451,-0.24142,0.23736,0,10,0,FALLBACK,-0.2800,0.100,0.9669,1,none
42.865,858,-0.25257,-0.30643,0.27401,0,10,0,FALLBACK,-0.1968,0.100,0.9700,1,none
42.914,859,-0.29290,-0.28524,0.25746,0,10,0,FALLBACK,0.1662,0.100,0.9732,1,none
42.964,860,-0.26496,-0.18127,0.18168,1,10,0,FALLBACK,-0.3149,0.100,0.9745,1,none
43.016,861,-0.24021,-0.15624,0.18980,1,10,0,FALLBACK,-0.4227,0.100,0.9740,1,none
43.066,862,-0.23404,-0.11435,0.16639,1,10,0,FALLBACK,-0.3606,0.100,0.9758,1,none
43.118,863,-0.23921,-0.16481,0.22175,0,10,0,FALLBACK,-0.2781,0.100,0.9788,1,none
43.166,864,-0.28128,-0.14994,0.21396,0,10,0,FALLBACK,0.1167,0.100,0.9819,1,none
43.214,865,-0.25378,-0.11996,0.21512,0,10,0,FALLBACK,-0.3685,0.100,0.9833,1,none
43.268,866,-0.23046,-0.18754,0.23005,0,10,0,FALLBACK,-0.4644,0.100,0.9821,1,none
43.317,867,-0.22707,-0.21430,0.21423,0,10,0,FALLBACK,-0.3815,0.100,0.9837,1,none
43.368,868,-0.23559,-0.15607,0.20700,0,10,0,FALLBACK,-0.2795,0.100,0.9867,1,none
43.417,869,-0.28174,-0.20427,0.25045,0,10,0,FALLBACK,0.1395,0.100,0.9899,1,none
43.467,870,-0.25627,-0.14219,0.18312,1,10,0,FALLBACK,-0.3460,0.100,0.9908,1,none
43.516,871,-0.23394,-0.16600,0.18568,1,10,0,FALLBACK,-0.4419,0.100,0.9898,1,none
43.565,872,-0.23109,-0.18874,0.19890,0,10,0,FALLBACK,-0.3588,0.100,0.9914,1,none
43.616,873,-0.23973,-0.18852,0.23395,0,10,0,FALLBACK,-0.2582,0.100,0.9943,1,none
43.664,874,-0.28513,-0.20955,0.21032,0,10,0,FALLBACK,0.1527,0.100,0.9974,1,none
43.715,875,-0.25886,-0.20759,0.20340,0,10,0,FALLBACK,-0.3371,0.100,0.9982,1,none
43.765,876,-0.23561,-0.15360,0.18815,1,10,0,FALLBACK,-0.4382,0.100,0.9972,1,none
43.816,877,-0.23194,-0.17064,0.20565,0,10,0,FALLBACK,-0.3587,0.100,0.9986,1,none
43.868,878,-0.23999,-0.13739,0.20891,0,10,0,FALLBACK,-0.2598,0.100,1.0014,1,none
43.915,879,-0.28333,-0.30534,0.26309,0,10,0,FALLBACK,0.1333,0.100,1.0044,1,none
43.968,880,-0.25711,-0.25280,0.22604,0,10,0,FALLBACK,-0.3456,0.100,1.0054,1,none
44.018,881,-0.23442,-0.13879,0.18048,1,10,0,FALLBACK,-0.4413,0.100,1.0043,1,none
44.068,882,-0.23138,-0.14595,0.19992,0,10,0,FALLBACK,-0.3583,0.100,1.0057,1,none
44.117,883,-0.24015,-0.24085,0.25962,0,10,0,FALLBACK,-0.2554,0.100,1.0084,1,none
44.167,884,-0.28118,-0.32414,0.29545,0,10,0,FALLBACK,0.1111,0.100,1.0114,1,none
44.219,885,-0.25603,-0.35924,0.30479,0,10,0,FALLBACK,-0.3457,0.100,1.0126,1,none
44.270,886,-0.23482,-0.34435,0.30982,0,10,0,FALLBACK,-0.4320,0.100,1.0116,1,none
44.318,887,-0.23112,-0.22093,0.25020,0,10,0,FALLBACK,-0.3629,0.100,1.0133,1,none
44.369,888,-0.24165,-0.24180,0.23984,0,10,0,FALLBACK,-0.2391,0.100,1.0152,1,none
44.419,889,-0.28384,-0.26986,0.27581,0,10,0,FALLBACK,0.1301,0.100,1.0182,1,none
44.468,890,-0.26193,-0.22030,0.23117,0,10,0,FALLBACK,-0.2999,0.100,1.0190,1,none
44.520,891,-0.24199,-0.17065,0.21614,0,10,0,FALLBACK,-0.3898,0.100,1.0186,1,none
44.569,892,-0.23967,-0.11359,0.19401,0,10,0,FALLBACK,-0.3132,0.100,1.0200,1,none
44.619,893,-0.24811,-0.21843,0.24406,0,10,0,FALLBACK,-0.2173,0.100,1.0226,1,none
44.668,894,-0.27842,-0.28184,0.24999,0,10,0,FALLBACK,0.0436,0.100,1.0253,1,none
44.718,895,-0.25398,-0.26126,0.25199,0,10,0,FALLBACK,-0.3523,0.100,1.0273,1,none
44.769,896,-0.23537,-0.29917,0.26320,0,10,0,FALLBACK,-0.4162,0.100,1.0266,1,none
44.820,897,-0.23483,-0.27234,0.27786,0,10,0,FALLBACK,-0.3285,0.100,1.0280,1,none
44.869,898,-0.29102,-0.25314,0.28526,0,10,0,FALLBACK,0.2360,0.100,1.0306,1,none
44.919,899,-0.25790,-0.32285,0.25864,0,10,0,FALLBACK,-0.3761,0.100,1.0291,1,none
44.970,900,-0.22625,-0.30580,0.24108,0,10,0,FALLBACK,-0.5270,0.100,1.0260,1,none
45.020,901,-0.21775,-0.25786,0.23805,0,10,0,FALLBACK,-0.4537,0.100,1.0264,1,none
45.072,902,-0.22666,-0.25752,0.26019,0,10,0,FALLBACK,-0.3222,0.100,1.0285,1,none
45.125,903,-0.28433,-0.30704,0.26250,0,10,0,FALLBACK,0.2100,0.100,1.0313,1,none
45.173,904,-0.26880,-0.32063,0.26122,0,10,0,FALLBACK,-0.2337,0.100,1.0300,1,none
45.222,905,-0.24347,-0.19847,0.22355,0,10,0,FALLBACK,-0.4093,0.100,1.0311,1,none
45.274,906,-0.23558,-0.20985,0.22935,0,10,0,FALLBACK,-0.3616,0.100,1.0314,1,none
45.322,907,-0.24296,-0.21660,0.21881,0,10,0,FALLBACK,-0.2483,0.100,1.0334,1,none
45.372,908,-0.28993,-0.26536,0.23681,0,10,0,FALLBACK,0.1845,0.100,1.0360,1,none
45.422,909,-0.26663,-0.24692,0.21437,0,10,0,FALLBACK,-0.2834,0.100,1.0365,1,none
45.472,910,-0.23745,-0.15857,0.18988,1,10,0,FALLBACK,-0.4586,0.100,1.0358,1,none
45.522,911,-0.22864,-0.08895,0.16597,1,10,0,FALLBACK,-0.4008,0.100,1.0357,1,none
45.572,912,-0.23647,-0.04334,0.18215,1,10,0,FALLBACK,-0.2785,0.100,1.0377,1,none
45.624,913,-0.27647,-0.01386,0.18765,1,10,0,FALLBACK,0.0824,0.100,1.0403,1,none
45.672,914,-0.25635,-0.06262,0.18515,1,10,0,FALLBACK,-0.3189,0.100,1.0417,1,none
45.722,915,-0.23366,-0.06269,0.16921,1,10,0,FALLBACK,-0.4451,0.100,1.0414,1,none
45.772,916,-0.23033,-0.01921,0.16603,1,10,0,FALLBACK,-0.3650,0.100,1.0417,1,none
45.823,917,-0.24194,-0.01634,0.16908,1,10,0,FALLBACK,-0.2322,0.100,1.0438,1,none
45.873,918,-0.26083,-0.14133,0.23869,0,10,0,FALLBACK,-0.1014,0.100,1.0464,1,none
45.923,919,-0.28193,-0.13377,0.23463,0,10,0,FALLBACK,0.0152,0.100,1.0489,1,none
45.972,920,-0.30164,-0.15126,0.22715,0,10,0,FALLBACK,0.1067,0.100,1.0510,1,none
46.022,921,-0.31713,-0.12303,0.21478,0,10,0,FALLBACK,0.1631,0.100,1.0530,1,none
46.073,922,-0.32664,-0.11214,0.21823,0,10,0,FALLBACK,0.1807,0.100,1.0548,1,none
46.124,923,-0.32970,-0.15022,0.19104,1,10,0,FALLBACK,0.1639,0.100,1.0568,1,none
46.172,924,-0.32707,-0.11473,0.17946,1,10,0,FALLBACK,0.1222,0.100,1.0589,1,none
46.226,925,-0.32030,-0.14047,0.20321,0,10,0,FALLBACK,0.0676,0.100,1.0611,1,none
46.275,926,-0.31134,-0.17291,0.22117,0,10,0,FALLBACK,0.0119,0.100,1.0633,1,none
46.324,927,-0.30171,-0.10953,0.20612,0,10,0,FALLBACK,-0.0395,0.100,1.0654,1,none
46.374,928,-0.29356,-0.10114,0.19761,0,10,0,FALLBACK,-0.0729,0.100,1.0674,1,none
46.424,929,-0.28824,-0.07460,0.17784,1,10,0,FALLBACK,-0.0854,0.100,1.0694,1,none
46.473,930,-0.28604,-0.08021,0.18631,1,10,0,FALLBACK,-0.0809,0.100,1.0714,1,none
46.524,931,-0.28673,-0.10640,0.19892,0,10,0,FALLBACK,-0.0629,0.100,1.0734,1,none
46.574,932,-0.28963,-0.07831,0.18547,1,10,0,FALLBACK,-0.0373,0.100,1.0754,1,none
46.627,933,-0.29382,-0.05558,0.17864,1,10,0,FALLBACK,-0.0100,0.100,1.0774,1,none
46.675,934,-0.29831,-0.18397,0.19835,0,10,0,FALLBACK,0.0140,0.100,1.0793,1,none
46.724,935,-0.30224,-0.17519,0.18876,1,10,0,FALLBACK,0.0308,0.100,1.0812,1,none
46.776,936,-0.30501,-0.24122,0.24965,0,10,0,FALLBACK,0.0389,0.100,1.0831,1,none
46.826,937,-0.30632,-0.15797,0.25443,0,10,0,FALLBACK,0.0382,0.100,1.0850,1,none
46.876,938,-0.30623,0.02682,0.19571,0,10,0,FALLBACK,0.0307,0.100,1.0868,1,none
46.927,939,-0.30499,-0.03895,0.22489,0,10,0,FALLBACK,0.0188,0.100,1.0887,1,none
46.980,940,-0.30306,-0.10286,0.29373,0,10,0,FALLBACK,0.0056,0.100,1.0905,1,none
47.028,941,-0.20561,-0.18371,0.30891,0,10,0,FALLBACK,-0.9592,0.100,1.0924,1,none
47.076,942,-0.32941,-0.23946,0.35439,0,10,0,FALLBACK,0.7660,0.100,1.0746,1,none
47.128,943,-0.49938,-0.42275,0.41508,0,10,0,FALLBACK,1.0000,0.100,1.0688,1,none
47.179,944,-0.64992,-0.23366,0.28988,0,10,0,FALLBACK,1.0000,0.100,1.0345,1,none
47.226,945,-0.73829,-0.29198,0.32515,0,10,0,FALLBACK,1.0000,0.100,1.0246,1,none
47.261,946,-0.66710,-0.49117,0.49032,0,10,0,FALLBACK,1.0000,0.100,1.0238,1,none
47.312,947,-0.80073,-0.72934,0.54539,0,10,0,FALLBACK,1.0000,0.100,1.0233,1,none
47.360,948,-0.90722,-0.77891,0.51535,0,10,0,FALLBACK,1.0000,0.100,1.0228,1,none
47.413,949,-0.98607,-0.60025,0.47556,0,10,0,FALLBACK,1.0000,0.100,1.0223,1,none
47.461,950,-1.03694,-0.52182,0.51490,0,10,0,FALLBACK,1.0000,0.100,1.0218,1,none
47.510,951,-0.87058,-0.64736,0.55137,0,10,0,FALLBACK,1.0000,0.100,1.0213,1,none
47.562,952,-0.97069,-0.83797,0.60341,0,10,0,FALLBACK,1.0000,0.100,1.0209,1,none
47.614,953,-1.04317,-0.91838,0.53317,0,10,0,FALLBACK,1.0000,0.100,1.0204,1,none
47.664,954,-1.08771,-0.70542,0.47245,0,10,0,FALLBACK,1.0000,0.100,1.0200,1,none
47.711,955,-1.10415,-0.57483,0.44487,0,10,0,FALLBACK,1.0000,0.100,1.0195,1,none
47.761,956,-1.09243,-0.66506,0.44727,0,10,0,FALLBACK,1.0000,0.100,1.0191,1,none
47.814,957,-0.90649,-0.78308,0.43042,0,10,0,FALLBACK,1.0000,0.100,1.0187,1,none
47.863,958,-0.94492,-0.87706,0.40003,0,10,0,FALLBACK,1.0000,0.100,1.0183,1,none
47.914,959,-0.95531,-0.81763,0.31507,0,10,0,FALLBACK,1.0000,0.100,1.0178,1,none
47.964,960,-0.93764,-0.61274,0.27250,0,10,0,FALLBACK,1.0000,0.100,1.0174,1,none
48.013,961,-0.89204,-0.51826,0.27445,0,10,0,FALLBACK,1.0000,0.100,1.0170,1,none
48.064,962,-0.81873,-0.57662,0.23128,0,10,0,FALLBACK,1.0000,0.100,1.0167,1,none
48.113,963,-0.62340,-0.73970,0.20294,0,10,0,FALLBACK,0.6404,0.100,1.0163,1,none
48.163,964,-0.61013,-0.63006,0.25593,0,10,0,FALLBACK,1.0000,0.100,1.0209,1,none
48.213,965,-0.57479,-0.24042,0.28445,0,10,0,FALLBACK,1.0000,0.100,1.0146,1,none
48.265,966,-0.50544,-0.12702,0.19263,0,10,0,FALLBACK,0.6805,0.100,1.0137,1,none
48.314,967,-0.41726,-0.06789,0.20360,0,10,0,FALLBACK,0.1454,0.100,1.0181,1,none
48.363,968,-0.20439,-0.08733,0.21519,0,10,0,FALLBACK,-1.0000,0.100,1.0210,1,none
48.414,969,-0.25282,-0.19668,0.31507,0,10,0,FALLBACK,0.0063,0.100,0.9965,1,none
48.464,970,-0.32317,-0.26913,0.41685,0,10,0,FALLBACK,0.4676,0.100,0.9938,1,none
48.514,971,-0.36395,-0.12047,0.31445,0,10,0,FALLBACK,0.5237,0.100,0.9912,1,none
48.563,972,-0.38253,-0.14265,0.26643,0,10,0,FALLBACK,0.5055,0.100,0.9926,1,none
48.613,973,-0.23497,-0.18629,0.24847,0,10,0,FALLBACK,-1.0000,0.100,0.9949,1,none
48.664,974,-0.35380,-0.35456,0.29212,0,10,0,FALLBACK,0.8631,0.100,0.9643,1,none
48.713,975,-0.48882,-0.34247,0.34888,0,10,0,FALLBACK,1.0000,0.100,0.9317,1,none
48.766,976,-0.56385,-0.41137,0.35924,0,10,0,FALLBACK,1.0000,0.100,0.9254,1,none
48.813,977,-0.61074,-0.16456,0.23777,0,10,0,FALLBACK,1.0000,0.100,0.9263,1,none
48.866,978,-0.63483,-0.31348,0.32008,0,10,0,FALLBACK,1.0000,0.100,0.9274,1,none
48.913,979,-0.50529,-0.47454,0.29915,0,10,0,FALLBACK,0.3788,0.100,0.9285,1,none
48.964,980,-0.59611,-0.67984,0.36359,0,10,0,FALLBACK,1.0000,0.100,0.9332,1,none
49.013,981,-0.67169,-0.71251,0.34360,0,10,0,FALLBACK,1.0000,0.100,0.9237,1,none
49.065,982,-0.71327,-0.56552,0.28059,0,10,0,FALLBACK,1.0000,0.100,0.9245,1,none
49.117,983,-0.73170,-0.40691,0.25888,0,10,0,FALLBACK,1.0000,0.100,0.9256,1,none
49.164,984,-0.72700,-0.43456,0.27669,0,10,0,FALLBACK,1.0000,0.100,0.9267,1,none
49.214,985,-0.57874,-0.50471,0.24543,0,10,0,FALLBACK,0.6524,0.100,0.9278,1,none
49.266,986,-0.63385,-0.51796,0.20994,0,10,0,FALLBACK,1.0000,0.100,0.9332,1,none
49.316,987,-0.67000,-0.55780,0.23806,0,10,0,FALLBACK,1.0000,0.100,0.9288,1,none
49.366,988,-0.67655,-0.51998,0.25818,0,10,0,FALLBACK,1.0000,0.100,0.9296,1,none
49.416,989,-0.65963,-0.47792,0.25866,0,10,0,FALLBACK,1.0000,0.100,0.9307,1,none
49.466,990,-0.61929,-0.38448,0.27161,0,10,0,FALLBACK,1.0000,0.100,0.9317,1,none
49.516,991,-0.55561,-0.28868,0.30686,0,10,0,FALLBACK,0.9596,0.100,0.9328,1,none
49.565,992,-0.46907,-0.09029,0.22257,0,10,0,FALLBACK,0.4127,0.100,0.9343,1,none
49.616,993,-0.36251,-0.04882,0.19222,1,10,0,FALLBACK,-0.2202,0.100,0.9377,1,none
49.664,994,-0.26347,-0.01549,0.15632,1,10,0,FALLBACK,-0.6778,0.100,0.9362,1,none
49.717,995,-0.19899,0.06535,0.14399,1,10,0,FALLBACK,-0.8275,0.100,0.9330,1,none
49.767,996,-0.16360,0.03877,0.19772,0,10,0,FALLBACK,-0.8590,0.100,0.9327,1,none
49.818,997,-0.15107,-0.00439,0.22603,0,10,0,FALLBACK,-0.8073,0.100,0.9340,1,none
49.866,998,-0.15806,-0.05118,0.24137,0,10,0,FALLBACK,-0.6748,0.100,0.9366,1,none
49.915,999,-0.17989,-0.03304,0.20281,0,10,0,FALLBACK,-0.4914,0.100,0.9403,1,none
49.967,1000,-0.21095,-0.07247,0.21497,0,10,0,FALLBACK,-0.2899,0.100,0.9445,1,none
50.016,1001,-0.24576,-0.07152,0.22040,0,10,0,FALLBACK,-0.0971,0.100,0.9485,1,none
50.068,1002,-0.27955,-0.10645,0.21455,0,10,0,FALLBACK,0.0667,0.100,0.9519,1,none
50.116,1003,-0.30854,-0.11547,0.21274,0,10,0,FALLBACK,0.1877,0.100,0.9547,1,none
50.169,1004,-0.33020,-0.15217,0.20727,0,10,0,FALLBACK,0.2593,0.100,0.9573,1,none
50.219,1005,-0.34335,-0.18875,0.23288,0,10,0,FALLBACK,0.2825,0.100,0.9600,1,none
50.267,1006,-0.34814,-0.23334,0.29228,0,10,0,FALLBACK,0.2647,0.100,0.9628,1,none
50.316,1007,-0.34576,-0.15425,0.24040,0,10,0,FALLBACK,0.2169,0.100,0.9658,1,none
50.367,1008,-0.33803,-0.12826,0.23066,0,10,0,FALLBACK,0.1515,0.100,0.9690,1,none
50.418,1009,-0.32705,-0.14142,0.23752,0,10,0,FALLBACK,0.0803,0.100,0.9722,1,none
50.469,1010,-0.31491,-0.09494,0.20782,0,10,0,FALLBACK,0.0139,0.100,0.9753,1,none
50.520,1011,-0.30343,-0.04265,0.19050,1,10,0,FALLBACK,-0.0403,0.100,0.9783,1,none
50.569,1012,-0.29395,-0.05919,0.19818,0,10,0,FALLBACK,-0.0776,0.100,0.9812,1,none
50.617,1013,-0.28731,-0.05154,0.20038,0,10,0,FALLBACK,-0.0966,0.100,0.9841,1,none
50.668,1014,-0.28380,-0.02484,0.19526,0,10,0,FALLBACK,-0.0985,0.100,0.9869,1,none
50.718,1015,-0.28324,-0.04422,0.19862,0,10,0,FALLBACK,-0.0866,0.100,0.9898,1,none
50.769,1016,-0.28508,-0.04149,0.19263,0,10,0,FALLBACK,-0.0654,0.100,0.9926,1,none
50.820,1017,-0.28856,-0.04931,0.20805,0,10,0,FALLBACK,-0.0398,0.100,0.9954,1,none
50.871,1018,-0.29287,-0.02215,0.19344,0,10,0,FALLBACK,-0.0141,0.100,0.9982,1,none
50.919,1019,-0.29723,-0.03857,0.21107,0,10,0,FALLBACK,0.0080,0.100,1.0010,1,none
50.970,1020,-0.30104,-0.05355,0.22568,0,10,0,FALLBACK,0.0242,0.100,1.0037,1,none
51.020,1021,-0.30386,-0.11143,0.23912,0,10,0,FALLBACK,0.0335,0.100,1.0064,1,none
51.070,1022,-0.30552,-0.12646,0.22858,0,10,0,FALLBACK,0.0359,0.100,1.0090,1,none
51.121,1023,-0.30605,-0.07712,0.23141,0,10,0,FALLBACK,0.0329,0.100,1.0117,1,none
51.172,1024,-0.30554,-0.08174,0.23972,0,10,0,FALLBACK,0.0252,0.100,1.0143,1,none
51.222,1025,-0.30426,-0.11726,0.24249,0,10,0,FALLBACK,0.0149,0.100,1.0169,1,none
51.272,1026,-0.30255,-0.08564,0.22776,0,10,0,FALLBACK,0.0041,0.100,1.0194,1,none
51.322,1027,-0.30075,-0.10677,0.19842,0,10,0,FALLBACK,-0.0052,0.100,1.0220,1,none
51.372,1028,-0.29917,-0.06413,0.19191,1,10,0,FALLBACK,-0.0121,0.100,1.0245,1,none
51.422,1029,-0.29802,-0.05143,0.20551,0,10,0,FALLBACK,-0.0157,0.100,1.0270,1,none
51.471,1030,-0.29739,-0.05608,0.21605,0,10,0,FALLBACK,-0.0162,0.100,1.0294,1,none
51.524,1031,-0.29730,-0.07432,0.20426,0,10,0,FALLBACK,-0.0140,0.100,1.0319,1,none
51.572,1032,-0.29765,-0.09855,0.21492,0,10,0,FALLBACK,-0.0100,0.100,1.0343,1,none
51.622,1033,-0.29831,-0.09834,0.19608,0,10,0,FALLBACK,-0.0052,0.100,1.0367,1,none
51.672,1034,-0.29910,-0.06959,0.19019,1,10,0,FALLBACK,-0.0005,0.100,1.0390,1,none
51.722,1035,-0.29989,-0.05143,0.18335,1,10,0,FALLBACK,0.0033,0.100,1.0413,1,none
51.772,1036,-0.30053,-0.04481,0.19240,0,10,0,FALLBACK,0.0058,0.100,1.0437,1,none
51.822,1037,-0.30095,-0.01772,0.20327,0,10,0,FALLBACK,0.0068,0.100,1.0459,1,none
51.873,1038,-0.30112,-0.00893,0.18871,1,10,0,FALLBACK,0.0064,0.100,1.0482,1,none
51.921,1039,-0.30105,-0.02264,0.18055,1,10,0,FALLBACK,0.0049,0.100,1.0505,1,none
51.972,1040,-0.30080,-0.10146,0.19211,1,10,0,FALLBACK,0.0027,0.100,1.0527,1,none
52.023,1041,-0.18876,-0.22602,0.26226,0,10,0,FALLBACK,-1.0000,0.100,1.0549,1,none
52.073,1042,-0.27488,-0.29064,0.30837,0,10,0,FALLBACK,0.3050,0.100,1.0396,1,none
52.121,1043,-0.38973,-0.34542,0.31905,0,10,0,FALLBACK,1.0000,0.100,1.0262,1,none
52.171,1044,-0.46049,-0.23630,0.26947,0,10,0,FALLBACK,1.0000,0.100,1.0104,1,none
52.223,1045,-0.48502,-0.26992,0.29996,0,10,0,FALLBACK,1.0000,0.100,1.0067,1,none
52.273,1046,-0.35953,-0.21566,0.27196,0,10,0,FALLBACK,-0.3298,0.100,1.0065,1,none
52.324,1047,-0.42288,-0.27453,0.33472,0,10,0,FALLBACK,0.9311,0.100,0.9967,1,none
52.373,1048,-0.50633,-0.32390,0.36500,0,10,0,FALLBACK,1.0000,0.100,0.9759,1,none
52.425,1049,-0.53746,-0.21694,0.30461,0,10,0,FALLBACK,1.0000,0.100,0.9691,1,none
52.474,1050,-0.53933,-0.19884,0.27220,0,10,0,FALLBACK,1.0000,0.100,0.9692,1,none
52.525,1051,-0.51591,-0.23990,0.29060,0,10,0,FALLBACK,0.9624,0.100,0.9696,1,none
52.576,1052,-0.39262,-0.18648,0.28895,0,10,0,FALLBACK,-0.1533,0.100,0.9707,1,none
52.625,1053,-0.41145,-0.16653,0.25591,0,10,0,FALLBACK,0.6514,0.100,0.9671,1,none
52.678,1054,-0.44568,-0.12453,0.25597,0,10,0,FALLBACK,0.8995,0.100,0.9593,1,none
52.726,1055,-0.44277,-0.08363,0.20433,0,10,0,FALLBACK,0.6993,0.100,0.9547,1,none
52.774,1056,-0.41442,-0.12544,0.22731,0,10,0,FALLBACK,0.4304,0.100,0.9577,1,none
52.826,1057,-0.27184,-0.16565,0.24109,0,10,0,FALLBACK,-0.8538,0.100,0.9622,1,none
52.875,1058,-0.31847,-0.19852,0.26572,0,10,0,FALLBACK,0.3255,0.100,0.9451,1,none
52.924,1059,-0.39593,-0.25520,0.32957,0,10,0,FALLBACK,0.8670,0.100,0.9340,1,none
52.975,1060,-0.43268,-0.16130,0.28456,0,10,0,FALLBACK,0.8471,0.100,0.9250,1,none
53.026,1061,-0.43581,-0.18113,0.29483,0,10,0,FALLBACK,0.6946,0.100,0.9254,1,none
53.076,1062,-0.42204,-0.21893,0.30202,0,10,0,FALLBACK,0.5414,0.100,0.9292,1,none
53.126,1063,-0.32309,-0.27529,0.35490,0,10,0,FALLBACK,-0.3793,0.100,0.9334,1,none
53.176,1064,-0.37472,-0.32647,0.33381,0,10,0,FALLBACK,0.6317,0.100,0.9297,1,none
53.228,1065,-0.43981,-0.34563,0.37127,0,10,0,FALLBACK,1.0000,0.100,0.9192,1,none
53.275,1066,-0.46205,-0.25196,0.33458,0,10,0,FALLBACK,0.9214,0.100,0.9117,1,none
53.327,1067,-0.45350,-0.28317,0.29500,0,10,0,FALLBACK,0.7248,0.100,0.9131,1,none
53.374,1068,-0.30729,-0.33623,0.27984,0,10,0,FALLBACK,-0.6946,0.100,0.9175,1,none
53.428,1069,-0.35672,-0.42276,0.29901,0,10,0,FALLBACK,0.5307,0.100,0.9032,1,none
53.476,1070,-0.43485,-0.46556,0.32024,0,10,0,FALLBACK,1.0000,0.100,0.8890,1,none
53.525,1071,-0.46853,-0.30354,0.29292,0,10,0,FALLBACK,1.0000,0.100,0.8797,1,none
53.560,1072,-0.46909,-0.21989,0.25724,0,10,0,FALLBACK,0.8483,0.100,0.8801,1,none
53.611,1073,-0.45271,-0.27809,0.28230,0,10,0,FALLBACK,0.6816,0.100,0.8844,1,none
53.663,1074,-0.31238,-0.29335,0.30735,0,10,0,FALLBACK,-0.6397,0.100,0.8891,1,none
53.712,1075,-0.36808,-0.32056,0.30234,0,10,0,FALLBACK,0.6189,0.100,0.8719,1,none
53.761,1076,-0.43273,-0.31367,0.30910,0,10,0,FALLBACK,0.9869,0.100,0.8579,1,none
53.812,1077,-0.45227,-0.22655,0.27203,0,10,0,FALLBACK,0.8591,0.100,0.8542,1,none
53.860,1078,-0.44923,-0.16149,0.24006,0,10,0,FALLBACK,0.7309,0.100,0.8583,1,none
53.911,1079,-0.43467,-0.21374,0.28230,0,10,0,FALLBACK,0.6005,0.100,0.8630,1,none
53.962,1080,-0.29569,-0.21059,0.26517,0,10,0,FALLBACK,-0.7165,0.100,0.8677,1,none
54.011,1081,-0.35418,-0.27441,0.29028,0,10,0,FALLBACK,0.5634,0.100,0.8492,1,none
54.061,1082,-0.42216,-0.32776,0.27940,0,10,0,FALLBACK,0.9507,0.100,0.8360,1,none
54.111,1083,-0.44614,-0.35593,0.30706,0,10,0,FALLBACK,0.8506,0.100,0.8333,1,none
54.161,1084,-0.44831,-0.35010,0.26843,0,10,0,FALLBACK,0.7524,0.100,0.8375,1,none
54.211,1085,-0.43868,-0.33094,0.27735,0,10,0,FALLBACK,0.6453,0.100,0.8420,1,none
54.261,1086,-0.41881,-0.33971,0.32068,0,10,0,FALLBACK,0.4947,0.100,0.8468,1,none
54.312,1087,-0.39165,-0.26482,0.28966,0,10,0,FALLBACK,0.3225,0.100,0.8517,1,none
54.361,1088,-0.36118,-0.25191,0.26101,0,10,0,FALLBACK,0.1536,0.100,0.8566,1,none
54.412,1089,-0.33092,-0.25322,0.28326,0,10,0,FALLBACK,0.0033,0.100,0.8611,1,none
54.463,1090,-0.30368,-0.19392,0.24397,0,10,0,FALLBACK,-0.1178,0.100,0.8653,1,none
54.511,1091,-0.28042,-0.12268,0.25132,0,10,0,FALLBACK,-0.2142,0.100,0.8692,1,none
54.563,1092,-0.26344,-0.19657,0.26640,0,10,0,FALLBACK,-0.2677,0.100,0.8729,1,none
54.614,1093,-0.25375,-0.24013,0.24183,0,10,0,FALLBACK,-0.2797,0.100,0.8765,1,none
54.664,1094,-0.25103,-0.13326,0.22595,0,10,0,FALLBACK,-0.2585,0.100,0.8803,1,none
54.711,1095,-0.25405,-0.07603,0.21012,0,10,0,FALLBACK,-0.2147,0.100,0.8842,1,none
54.761,1096,-0.26126,-0.08631,0.22652,0,10,0,FALLBACK,-0.1576,0.100,0.8882,1,none
54.812,1097,-0.27110,-0.10942,0.22498,0,10,0,FALLBACK,-0.0953,0.100,0.8922,1,none
54.862,1098,-0.28203,-0.13267,0.24884,0,10,0,FALLBACK,-0.0352,0.100,0.8960,1,none
54.914,1099,-0.29266,-0.16267,0.24876,0,10,0,FALLBACK,0.0164,0.100,0.8998,1,none
54.961,1100,-0.30191,-0.13910,0.23316,0,10,0,FALLBACK,0.0558,0.100,0.9035,1,none
55.013,1101,-0.30904,-0.06169,0.19805,0,10,0,FALLBACK,0.0809,0.100,0.9072,1,none
55.061,1102,-0.31368,-0.08960,0.24545,0,10,0,FALLBACK,0.0916,0.100,0.9108,1,none
55.113,1103,-0.31580,-0.11427,0.23832,0,10,0,FALLBACK,0.0896,0.100,0.9144,1,none
55.162,1104,-0.31567,-0.13879,0.23962,0,10,0,FALLBACK,0.0777,0.100,0.9180,1,none
55.213,1105,-0.31375,-0.17372,0.27637,0,10,0,FALLBACK,0.0592,0.100,0.9216,1,none
55.263,1106,-0.31063,-0.16251,0.26029,0,10,0,FALLBACK,0.0375,0.100,0.9251,1,none
55.312,1107,-0.30689,-0.14689,0.24459,0,10,0,FALLBACK,0.0158,0.100,0.9286,1,none
55.364,1108,-0.30311,-0.14812,0.23244,0,10,0,FALLBACK,-0.0033,0.100,0.9321,1,none
55.413,1109,-0.29974,-0.09896,0.22814,0,10,0,FALLBACK,-0.0181,0.100,0.9355,1,none
55.465,1110,-0.29709,-0.10223,0.23317,0,10,0,FALLBACK,-0.0278,0.100,0.9389,1,none
55.523,1111,-0.29534,-0.08825,0.21348,0,10,0,FALLBACK,-0.0321,0.100,0.9423,1,none
55.570,1112,-0.29447,-0.13672,0.23534,0,10,0,FALLBACK,-0.0320,0.100,0.9456,1,none
55.623,1113,-0.29448,-0.17505,0.24798,0,10,0,FALLBACK,-0.0276,0.100,0.9489,1,none
55.671,1114,-0.29521,-0.19264,0.29400,0,10,0,FALLBACK,-0.0203,0.100,0.9521,1,none
55.722,1115,-0.29643,-0.18273,0.26393,0,10,0,FALLBACK,-0.0118,0.100,0.9553,1,none
55.771,1116,-0.29788,-0.16909,0.26245,0,10,0,FALLBACK,-0.0033,0.100,0.9585,1,none
55.821,1117,-0.29934,-0.18963,0.22349,0,10,0,FALLBACK,0.0039,0.100,0.9617,1,none
55.872,1118,-0.30059,-0.13028,0.19942,0,10,0,FALLBACK,0.0092,0.100,0.9648,1,none
55.924,1119,-0.30151,-0.17662,0.23786,0,10,0,FALLBACK,0.0122,0.100,0.9679,1,none
55.972,1120,-0.30203,-0.17049,0.22266,0,10,0,FALLBACK,0.0127,0.100,0.9709,1,none
56.022,1121,-0.30215,-0.12251,0.19447,0,10,0,FALLBACK,0.0114,0.100,0.9740,1,none
56.073,1122,-0.30195,-0.15090,0.22643,0,10,0,FALLBACK,0.0087,0.100,0.9770,1,none
56.124,1123,-0.30149,-0.12612,0.22081,0,10,0,FALLBACK,0.0052,0.100,0.9799,1,none
56.172,1124,-0.30089,-0.15794,0.23105,0,10,0,FALLBACK,0.0015,0.100,0.9829,1,none
56.224,1125,-0.30027,-0.12948,0.20836,0,10,0,FALLBACK,-0.0018,0.100,0.9858,1,none
56.274,1126,-0.29972,-0.15236,0.21179,0,10,0,FALLBACK,-0.0041,0.100,0.9887,1,none
56.323,1127,-0.29930,-0.08330,0.18304,1,10,0,FALLBACK,-0.0056,0.100,0.9915,1,none
56.376,1128,-0.29906,-0.06804,0.19697,0,10,0,FALLBACK,-0.0059,0.100,0.9943,1,none
56.424,1129,-0.29899,-0.09489,0.20055,0,10,0,FALLBACK,-0.0053,0.100,0.9971,1,none
56.474,1130,-0.29909,-0.10794,0.20077,0,10,0,FALLBACK,-0.0041,0.100,0.9999,1,none
56.522,1131,-0.29928,-0.12426,0.21128,0,10,0,FALLBACK,-0.0027,0.100,1.0026,1,none
56.574,1132,-0.29953,-0.10090,0.19046,1,10,0,FALLBACK,-0.0011,0.100,1.0053,1,none
56.624,1133,-0.29980,-0.08538,0.19508,0,10,0,FALLBACK,0.0004,0.100,1.0080,1,none
56.673,1134,-0.30004,-0.05977,0.17828,1,10,0,FALLBACK,0.0014,0.100,1.0107,1,none
56.724,1135,-0.30021,-0.02908,0.18482,1,10,0,FALLBACK,0.0019,0.100,1.0133,1,none
56.774,1136,-0.30031,-0.05063,0.20184,0,10,0,FALLBACK,0.0020,0.100,1.0159,1,none
56.826,1137,-0.30032,-0.06995,0.21394,0,10,0,FALLBACK,0.0017,0.100,1.0184,1,none
56.875,1138,-0.30027,-0.08413,0.20480,0,10,0,FALLBACK,0.0011,0.100,1.0210,1,none
56.927,1139,-0.30017,-0.09918,0.20616,0,10,0,FALLBACK,0.0003,0.100,1.0235,1,none
56.977,1140,-0.28833,-0.11928,0.21785,0,10,0,FALLBACK,-0.1175,0.100,1.0260,1,none
57.012,1141,-0.31162,-0.14936,0.23063,0,10,0,FALLBACK,0.1745,0.100,1.0282,1,none
57.061,1142,-0.33562,-0.11147,0.18398,1,10,0,FALLBACK,0.2981,0.100,1.0295,1,none
57.111,1143,-0.34695,-0.11841,0.20447,0,10,0,FALLBACK,0.2914,0.100,1.0308,1,none
57.162,1144,-0.34682,-0.06764,0.18147,1,10,0,FALLBACK,0.2335,0.100,1.0328,1,none
57.211,1145,-0.33906,-0.02178,0.16951,1,10,0,FALLBACK,0.1565,0.100,1.0353,1,none
57.262,1146,-0.32676,0.00965,0.17615,1,10,0,FALLBACK,0.0723,0.100,1.0378,1,none
57.312,1147,-0.31264,-0.02458,0.19030,1,10,0,FALLBACK,-0.0074,0.100,1.0403,1,none
57.361,1148,-0.30004,0.01023,0.18919,1,10,0,FALLBACK,-0.0628,0.100,1.0426,1,none
57.411,1149,-0.29036,-0.01182,0.19202,1,10,0,FALLBACK,-0.0966,0.100,1.0448,1,none
57.460,1150,-0.28427,-0.05746,0.23318,0,10,0,FALLBACK,-0.1091,0.100,1.0470,1,none
57.511,1151,-0.28195,-0.04923,0.21937,0,10,0,FALLBACK,-0.1019,0.100,1.0492,1,none
57.562,1152,-0.28295,-0.05076,0.23762,0,10,0,FALLBACK,-0.0802,0.100,1.0514,1,none
57.614,1153,-0.28640,-0.08769,0.22843,0,10,0,FALLBACK,-0.0508,0.100,1.0537,1,none
57.666,1154,-0.29123,-0.08278,0.23111,0,10,0,FALLBACK,-0.0197,0.100,1.0559,1,none
57.718,1155,-0.29669,-0.14512,0.27964,0,10,0,FALLBACK,0.0107,0.100,1.0580,1,none
57.767,1156,-0.30142,-0.19977,0.28903,0,10,0,FALLBACK,0.0308,0.100,1.0602,1,none
57.814,1157,-0.30482,-0.20340,0.28887,0,10,0,FALLBACK,0.0411,0.100,1.0622,1,none
57.864,1158,-0.30669,-0.12219,0.24677,0,10,0,FALLBACK,0.0428,0.100,1.0643,1,none
57.914,1159,-0.30706,-0.11352,0.26255,0,10,0,FALLBACK,0.0372,0.100,1.0664,1,none
57.965,1160,-0.30620,-0.12724,0.26192,0,10,0,FALLBACK,0.0267,0.100,1.0685,1,none
58.016,1161,-0.30450,-0.13800,0.25939,0,10,0,FALLBACK,0.0140,0.100,1.0705,1,none
58.068,1162,-0.30241,-0.18009,0.27779,0,10,0,FALLBACK,0.0016,0.100,1.0725,1,none
58.118,1163,-0.30037,-0.14434,0.28086,0,10,0,FALLBACK,-0.0084,0.100,1.0745,1,none
58.166,1164,-0.29869,-0.20456,0.29268,0,10,0,FALLBACK,-0.0149,0.100,1.0765,1,none
58.218,1165,-0.29760,-0.23053,0.31327,0,10,0,FALLBACK,-0.0175,0.100,1.0785,1,none
58.268,1166,-0.29712,-0.20199,0.26948,0,10,0,FALLBACK,-0.0168,0.100,1.0804,1,none
58.319,1167,-0.29722,-0.12756,0.25088,0,10,0,FALLBACK,-0.0134,0.100,1.0823,1,none
58.367,1168,-0.29776,-0.18233,0.26290,0,10,0,FALLBACK,-0.0085,0.100,1.0842,1,none
58.419,1169,-0.29856,-0.16635,0.26521,0,10,0,FALLBACK,-0.0032,0.100,1.0861,1,none
58.468,1170,-0.29951,-0.18473,0.24135,0,10,0,FALLBACK,0.0023,0.100,1.0879,1,none
58.516,1171,-0.30033,-0.14166,0.27273,0,10,0,FALLBACK,0.0057,0.100,1.0898,1,none
58.568,1172,-0.30089,-0.18675,0.26670,0,10,0,FALLBACK,0.0072,0.100,1.0916,1,none
58.618,1173,-0.30116,-0.23949,0.28455,0,10,0,FALLBACK,0.0071,0.100,1.0934,1,none
58.669,1174,-0.30116,-0.16620,0.24518,0,10,0,FALLBACK,0.0058,0.100,1.0952,1,none
58.719,1175,-0.30095,-0.15186,0.27669,0,10,0,FALLBACK,0.0037,0.100,1.0969,1,none
58.770,1176,-0.30061,-0.14836,0.25586,0,10,0,FALLBACK,0.0013,0.100,1.0987,1,none
58.819,1177,-0.30022,-0.08276,0.20783,0,10,0,FALLBACK,-0.0008,0.100,1.1004,1,none
58.869,1178,-0.29987,-0.17384,0.25742,0,10,0,FALLBACK,-0.0024,0.100,1.1021,1,none
58.920,1179,-0.29961,-0.23378,0.29558,0,10,0,FALLBACK,-0.0033,0.100,1.1038,1,none
58.973,1180,-0.29945,-0.15010,0.22982,0,10,0,FALLBACK,-0.0035,0.100,1.1055,1,none
59.022,1181,-0.29941,-0.16473,0.26303,0,10,0,FALLBACK,-0.0032,0.100,1.1072,1,none
59.072,1182,-0.29948,-0.06042,0.26080,0,10,0,FALLBACK,-0.0022,0.100,1.1088,1,none
59.121,1183,-0.29963,-0.10429,0.29881,0,10,0,FALLBACK,-0.0011,0.100,1.1104,1,none
59.172,1184,-0.29982,-0.19366,0.20999,0,10,0,FALLBACK,0.0000,0.100,1.1121,1,none
59.223,1185,-0.30000,-0.23793,0.39670,0,10,0,FALLBACK,0.0009,0.100,1.1136,1,none
59.272,1186,-0.30013,-0.09475,0.63983,0,10,0,FALLBACK,0.0013,0.100,1.1152,1,none
59.324,1187,-0.30020,0.35892,1.17936,0,10,0,FALLBACK,0.0014,0.100,1.1168,1,none
59.372,1188,-0.30021,0.01157,1.28667,0,10,0,FALLBACK,0.0011,0.100,1.1183,1,none
59.422,1189,-0.30016,-1.12543,0.45572,0,10,0,FALLBACK,0.0005,0.100,1.1199,1,none
59.473,1190,-0.30011,-0.44024,0.35791,0,10,0,FALLBACK,0.0003,0.100,1.1222,2,none
59.523,1191,-0.23217,-0.37394,0.31768,0,10,0,FALLBACK,-0.6788,0.100,1.1233,2,none
59.573,1192,-0.35023,-0.29350,0.24551,0,10,0,FALLBACK,0.8415,0.100,1.1170,2,none
59.624,1193,-0.49361,-0.32196,0.30828,0,10,0,FALLBACK,1.0000,0.100,1.0952,2,none
59.675,1194,-0.54296,-0.35880,0.33617,0,10,0,FALLBACK,1.0000,0.100,1.0791,2,none
59.727,1195,-0.47633,-0.27297,0.32198,0,10,0,FALLBACK,0.5485,0.100,1.0707,2,none
59.774,1196,-0.37986,-0.08344,0.17298,1,10,0,FALLBACK,-0.0830,0.100,1.0732,2,none
59.825,1197,-0.27389,-0.03810,0.16358,1,10,0,FALLBACK,-0.6604,0.100,1.0752,2,none
59.875,1198,-0.18718,-0.05511,0.15029,1,10,0,FALLBACK,-0.9976,0.100,1.0711,2,none
59.925,1199,-0.13620,0.00907,0.14865,1,10,0,FALLBACK,-1.0000,0.100,1.0626,2,none
59.976,1200,-0.12672,0.04642,0.17039,1,10,0,FALLBACK,-0.9139,0.100,1.0573,2,none
60.023,1201,-0.14786,-0.02610,0.21074,0,10,0,FALLBACK,-0.6550,0.100,1.0577,2,none
60.076,1202,-0.19008,-0.13791,0.22403,0,10,0,FALLBACK,-0.3385,0.100,1.0608,2,none
60.125,1203,-0.24110,-0.12410,0.19126,1,10,0,FALLBACK,-0.0394,0.100,1.0642,2,none
60.175,1204,-0.29078,-0.14415,0.18905,1,10,0,FALLBACK,0.2023,0.100,1.0663,2,none
60.226,1205,-0.33150,-0.21400,0.22889,0,10,0,FALLBACK,0.3611,0.100,1.0671,2,none
60.275,1206,-0.35829,-0.21793,0.24201,0,10,0,FALLBACK,0.4254,0.100,1.0675,2,none
60.325,1207,-0.36930,-0.20328,0.24151,0,10,0,FALLBACK,0.4015,0.100,1.0683,2,none
60.378,1208,-0.36589,-0.19175,0.24723,0,10,0,FALLBACK,0.3125,0.100,1.0698,2,none
60.426,1209,-0.35171,-0.11775,0.20815,0,10,0,FALLBACK,0.1876,0.100,1.0720,2,none
60.476,1210,-0.33140,-0.12102,0.22928,0,10,0,FALLBACK,0.0554,0.100,1.0743,2,none
60.526,1211,-0.30970,-0.14782,0.22345,0,10,0,FALLBACK,-0.0600,0.100,1.0765,2,none
60.576,1212,-0.29063,-0.16595,0.21248,0,10,0,FALLBACK,-0.1422,0.100,1.0783,2,none
60.627,1213,-0.27700,-0.09975,0.21165,0,10,0,FALLBACK,-0.1831,0.100,1.0800,2,none
60.676,1214,-0.27021,-0.11620,0.22618,0,10,0,FALLBACK,-0.1829,0.100,1.0816,2,none
60.725,1215,-0.27014,-0.09988,0.20705,0,10,0,FALLBACK,-0.1496,0.100,1.0834,2,none
60.778,1216,-0.27551,-0.03613,0.18484,1,10,0,FALLBACK,-0.0957,0.100,1.0853,2,none
60.826,1217,-0.28427,-0.01432,0.19029,1,10,0,FALLBACK,-0.0348,0.100,1.0872,2,none
60.876,1218,-0.29420,-0.03853,0.17748,1,10,0,FALLBACK,0.0206,0.100,1.0891,2,none
60.927,1219,-0.30326,-0.07303,0.18049,1,10,0,FALLBACK,0.0617,0.100,1.0908,2,none
60.978,1220,-0.30999,-0.06492,0.17416,1,10,0,FALLBACK,0.0835,0.100,1.0926,2,none
61.025,1221,-0.31355,-0.02039,0.16425,1,10,0,FALLBACK,0.0856,0.100,1.0943,2,none
61.078,1222,-0.31390,-0.04848,0.16872,1,10,0,FALLBACK,0.0713,0.100,1.0960,2,none
61.127,1223,-0.31157,-0.07117,0.16323,1,10,0,FALLBACK,0.0462,0.100,1.0978,2,none
61.177,1224,-0.30749,-0.09556,0.17323,1,10,0,FALLBACK,0.0171,0.100,1.0995,2,none
61.228,1225,-0.30275,-0.13413,0.20974,0,10,0,FALLBACK,-0.0100,0.100,1.1013,2,none
61.260,1226,-0.29836,-0.10814,0.21181,0,10,0,FALLBACK,-0.0301,0.100,1.1030,2,none
61.311,1227,-0.29530,-0.09394,0.18483,1,10,0,FALLBACK,-0.0388,0.100,1.1047,2,none
61.361,1228,-0.29377,-0.06924,0.18881,1,10,0,FALLBACK,-0.0388,0.100,1.1063,2,none
61.414,1229,-0.29367,-0.06841,0.20251,0,10,0,FALLBACK,-0.0321,0.100,1.1080,2,none
61.461,1230,-0.29470,-0.07467,0.22862,0,10,0,FALLBACK,-0.0213,0.100,1.1096,2,none
61.511,1231,-0.29645,-0.03990,0.20681,0,10,0,FALLBACK,-0.0090,0.100,1.1112,2,none
61.562,1232,-0.29845,-0.07520,0.20646,0,10,0,FALLBACK,0.0022,0.100,1.1128,2,none
61.612,1233,-0.30029,-0.05500,0.21417,0,10,0,FALLBACK,0.0106,0.100,1.1144,2,none
61.661,1234,-0.30166,-0.06794,0.21452,0,10,0,FALLBACK,0.0152,0.100,1.1160,2,none
61.714,1235,-0.30243,-0.05678,0.20803,0,10,0,FALLBACK,0.0160,0.100,1.1175,2,none
61.763,1236,-0.30258,-0.05744,0.22595,0,10,0,FALLBACK,0.0136,0.100,1.1190,2,none
61.811,1237,-0.30222,-0.13007,0.22206,0,10,0,FALLBACK,0.0093,0.100,1.1206,2,none
61.862,1238,-0.30151,-0.13169,0.26369,0,10,0,FALLBACK,0.0040,0.100,1.1221,2,none
61.911,1239,-0.30067,-0.10344,0.33023,0,10,0,FALLBACK,-0.0009,0.100,1.1236,2,none
61.961,1240,-0.29987,-0.00144,0.30815,0,10,0,FALLBACK,-0.0047,0.100,1.1251,2,none
62.012,1241,-0.29926,0.03069,0.27563,0,10,0,FALLBACK,-0.0067,0.100,1.1265,2,none
62.063,1242,-0.29891,-0.09842,0.35153,0,10,0,FALLBACK,-0.0072,0.100,1.1280,2,none
62.114,1243,-0.16310,-0.18476,0.37151,0,10,0,FALLBACK,-1.0000,0.100,1.1294,2,none
62.164,1244,-0.29672,-0.30964,0.36753,0,10,0,FALLBACK,0.6517,0.100,1.1096,2,none
62.213,1245,-0.46081,-0.45823,0.48203,0,10,0,FALLBACK,1.0000,0.100,1.0865,2,none
62.263,1246,-0.56357,-0.34483,0.40254,0,10,0,FALLBACK,1.0000,0.100,1.0645,2,none
62.314,1247,-0.62343,-0.32353,0.39418,0,10,0,FALLBACK,1.0000,0.100,1.0619,2,none
62.363,1248,-0.51228,-0.51109,0.41345,0,10,0,FALLBACK,0.5056,0.100,1.0606,2,none
62.414,1249,-0.63870,-0.75048,0.43641,0,10,0,FALLBACK,1.0000,0.100,1.0651,2,none
62.466,1250,-0.74408,-0.86644,0.43891,0,10,0,FALLBACK,1.0000,0.100,1.0553,2,none
62.513,1251,-0.81060,-0.69274,0.44802,0,10,0,FALLBACK,1.0000,0.100,1.0534,2,none
62.564,1252,-0.84698,-0.52264,0.37283,0,10,0,FALLBACK,1.0000,0.100,1.0523,2,none
62.614,1253,-0.68161,-0.54202,0.35652,0,10,0,FALLBACK,1.0000,0.100,1.0513,2,none
62.665,1254,-0.77091,-0.73329,0.43178,0,10,0,FALLBACK,1.0000,0.100,1.0503,2,none
62.715,1255,-0.83075,-0.72261,0.38287,0,10,0,FALLBACK,1.0000,0.100,1.0493,2,none
62.764,1256,-0.86090,-0.56705,0.31564,0,10,0,FALLBACK,1.0000,0.100,1.0483,2,none
62.814,1257,-0.86129,-0.35640,0.29688,0,10,0,FALLBACK,1.0000,0.100,1.0474,2,none
62.864,1258,-0.83200,-0.36872,0.28766,0,10,0,FALLBACK,1.0000,0.100,1.0465,2,none
62.915,1259,-0.67962,-0.44300,0.31204,0,10,0,FALLBACK,1.0000,0.100,1.0455,2,none
62.967,1260,-0.70397,-0.51409,0.25389,0,10,0,FALLBACK,1.0000,0.100,1.0446,2,none
63.016,1261,-0.69877,-0.25984,0.33513,0,10,0,FALLBACK,1.0000,0.100,1.0438,2,none
63.066,1262,-0.66410,-0.15720,0.24453,0,10,0,FALLBACK,1.0000,0.100,1.0429,2,none
63.117,1263,-0.60023,-0.14659,0.22004,0,10,0,FALLBACK,1.0000,0.100,1.0421,2,none
63.169,1264,-0.38804,-0.30573,0.28446,0,10,0,FALLBACK,-0.6208,0.100,1.0412,2,none
63.217,1265,-0.40873,-0.27735,0.34933,0,10,0,FALLBACK,0.6471,0.100,1.0175,2,none
63.266,1266,-0.44632,-0.18417,0.40543,0,10,0,FALLBACK,0.9195,0.100,1.0015,2,none
63.316,1267,-0.43715,0.01083,0.29319,0,10,0,FALLBACK,0.6399,0.100,0.9957,2,none
63.369,1268,-0.40535,-0.05490,0.30557,0,10,0,FALLBACK,0.3678,0.100,0.9997,2,none
63.415,1269,-0.22334,-0.19668,0.33920,0,10,0,FALLBACK,-1.0000,0.100,1.0038,2,none
63.466,1270,-0.31430,-0.40042,0.36078,0,10,0,FALLBACK,0.5263,0.100,0.9753,2,none
63.517,1271,-0.42162,-0.34798,0.39901,0,10,0,FALLBACK,1.0000,0.100,0.9561,2,none
63.569,1272,-0.47483,-0.25725,0.32529,0,10,0,FALLBACK,1.0000,0.100,0.9461,2,none
63.615,1273,-0.49401,-0.12523,0.23651,0,10,0,FALLBACK,1.0000,0.100,0.9463,2,none
63.667,1274,-0.48908,-0.17973,0.26586,0,10,0,FALLBACK,0.9207,0.100,0.9471,2,none
63.719,1275,-0.36241,-0.33629,0.28515,0,10,0,FALLBACK,-0.3213,0.100,0.9494,2,none
63.768,1276,-0.44449,-0.46349,0.36001,0,10,0,FALLBACK,1.0000,0.100,0.9395,2,none
63.818,1277,-0.52743,-0.52247,0.33215,0,10,0,FALLBACK,1.0000,0.100,0.9150,2,none
63.868,1278,-0.56163,-0.32749,0.25079,0,10,0,FALLBACK,1.0000,0.100,0.9144,2,none
63.920,1279,-0.57256,-0.25350,0.25756,0,10,0,FALLBACK,1.0000,0.100,0.9156,2,none
63.970,1280,-0.38038,-0.29502,0.24808,0,10,0,FALLBACK,-0.5590,0.100,0.9169,2,none
64.019,1281,-0.47295,-0.40279,0.26009,0,10,0,FALLBACK,1.0000,0.100,0.8961,2,none
64.068,1282,-0.57537,-0.65340,0.31621,0,10,0,FALLBACK,1.0000,0.100,0.8687,2,none
64.120,1283,-0.62685,-0.60846,0.28502,0,10,0,FALLBACK,1.0000,0.100,0.8692,2,none
64.170,1284,-0.65710,-0.30415,0.25444,0,10,0,FALLBACK,1.0000,0.100,0.8711,2,none
64.222,1285,-0.66706,-0.23612,0.22988,0,10,0,FALLBACK,1.0000,0.100,0.8731,2,none
64.269,1286,-0.65636,-0.27534,0.24697,0,10,0,FALLBACK,1.0000,0.100,0.8751,2,none
64.320,1287,-0.52068,-0.34654,0.24900,0,10,0,FALLBACK,0.4250,0.100,0.8770,2,none
64.370,1288,-0.57825,-0.47107,0.25136,0,10,0,FALLBACK,1.0000,0.100,0.8822,2,none
64.419,1289,-0.62106,-0.54850,0.25807,0,10,0,FALLBACK,1.0000,0.100,0.8748,2,none
64.468,1290,-0.63314,-0.59459,0.20070,0,10,0,FALLBACK,1.0000,0.100,0.8766,2,none
64.518,1291,-0.62441,-0.59633,0.26571,0,10,0,FALLBACK,1.0000,0.100,0.8784,2,none
64.570,1292,-0.59479,-0.58651,0.31629,0,10,0,FALLBACK,1.0000,0.100,0.8803,2,none
64.619,1293,-0.54423,-0.49625,0.31204,0,10,0,FALLBACK,0.9683,0.100,0.8822,2,none
64.671,1294,-0.47354,-0.41637,0.28771,0,10,0,FALLBACK,0.5143,0.100,0.8846,2,none
64.722,1295,-0.39471,-0.33578,0.26198,0,10,0,FALLBACK,0.0794,0.100,0.8903,2,none
64.769,1296,-0.31903,-0.17527,0.19178,1,10,0,FALLBACK,-0.2833,0.100,0.8947,2,none
64.821,1297,-0.25329,-0.14165,0.19846,0,10,0,FALLBACK,-0.5622,0.100,0.8957,2,none
64.871,1298,-0.20668,-0.08151,0.18230,1,10,0,FALLBACK,-0.6997,0.100,0.8969,2,none
64.922,1299,-0.18129,-0.05650,0.19469,0,10,0,FALLBACK,-0.7205,0.100,0.8979,2,none
64.972,1300,-0.17469,-0.06472,0.18679,1,10,0,FALLBACK,-0.6595,0.100,0.9003,2,none
65.023,1301,-0.18356,-0.06485,0.19403,0,10,0,FALLBACK,-0.5378,0.100,0.9037,2,none
65.070,1302,-0.20393,-0.07406,0.19878,0,10,0,FALLBACK,-0.3785,0.100,0.9078,2,none
65.122,1303,-0.23135,-0.14530,0.22375,0,10,0,FALLBACK,-0.2062,0.100,0.9120,2,none
65.173,1304,-0.26137,-0.17410,0.21603,0,10,0,FALLBACK,-0.0431,0.100,0.9160,2,none
65.224,1305,-0.29009,-0.28556,0.24580,0,10,0,FALLBACK,0.0940,0.100,0.9196,2,none
65.273,1306,-0.31539,-0.25313,0.24554,0,10,0,FALLBACK,0.2035,0.100,0.9229,2,none
65.320,1307,-0.33376,-0.34904,0.29698,0,10,0,FALLBACK,0.2607,0.100,0.9259,2,none
65.370,1308,-0.34392,-0.31005,0.29979,0,10,0,FALLBACK,0.2704,0.100,0.9289,2,none
65.422,1309,-0.34650,-0.28434,0.26836,0,10,0,FALLBACK,0.2454,0.100,0.9321,2,none
65.472,1310,-0.34273,-0.23116,0.25048,0,10,0,FALLBACK,0.1948,0.100,0.9355,2,none
65.522,1311,-0.33425,-0.13416,0.21753,0,10,0,FALLBACK,0.1289,0.100,0.9390,2,none
65.572,1312,-0.32254,-0.08470,0.19839,0,10,0,FALLBACK,0.0542,0.100,0.9424,2,none
65.622,1313,-0.31018,-0.08448,0.18983,1,10,0,FALLBACK,-0.0109,0.100,0.9458,2,none
65.674,1314,-0.29907,-0.06532,0.19143,1,10,0,FALLBACK,-0.0602,0.100,0.9491,2,none
65.723,1315,-0.29028,-0.11136,0.19429,0,10,0,FALLBACK,-0.0926,0.100,0.9523,2,none
65.773,1316,-0.28399,-0.11766,0.21308,0,10,0,FALLBACK,-0.1115,0.100,0.9555,2,none
65.821,1317,-0.28055,-0.08685,0.19718,0,10,0,FALLBACK,-0.1144,0.100,0.9586,2,none
65.871,1318,-0.28063,-0.09165,0.18513,1,10,0,FALLBACK,-0.0964,0.100,0.9617,2,none
65.923,1319,-0.28362,-0.14493,0.21737,0,10,0,FALLBACK,-0.0669,0.100,0.9649,2,none
65.972,1320,-0.28831,-0.10855,0.20674,0,10,0,FALLBACK,-0.0351,0.100,0.9680,2,none
66.021,1321,-0.29362,-0.14021,0.22850,0,10,0,FALLBACK,-0.0053,0.100,0.9710,2,none
66.076,1322,-0.29877,-0.12864,0.22145,0,10,0,FALLBACK,0.0196,0.100,0.9740,2,none
66.124,1323,-0.30308,-0.15998,0.21776,0,10,0,FALLBACK,0.0369,0.100,0.9770,2,none
66.171,1324,-0.30610,-0.15702,0.20243,0,10,0,FALLBACK,0.0456,0.100,0.9800,2,none
66.224,1325,-0.30764,-0.09279,0.16969,1,10,0,FALLBACK,0.0459,0.100,0.9829,2,none
66.272,1326,-0.30778,-0.10927,0.22413,0,10,0,FALLBACK,0.0396,0.100,0.9858,2,none
66.324,1327,-0.30675,-0.09624,0.21359,0,10,0,FALLBACK,0.0286,0.100,0.9887,2,none
66.372,1328,-0.30492,-0.10023,0.18244,1,10,0,FALLBACK,0.0154,0.100,0.9915,2,none
66.424,1329,-0.30271,-0.09235,0.19303,0,10,0,FALLBACK,0.0025,0.100,0.9943,2,none
66.474,1330,-0.30052,-0.11559,0.18896,1,10,0,FALLBACK,-0.0084,0.100,0.9971,2,none
66.523,1331,-0.29866,-0.09632,0.16273,1,10,0,FALLBACK,-0.0160,0.100,0.9999,2,none
66.574,1332,-0.29736,-0.10030,0.18267,1,10,0,FALLBACK,-0.0197,0.100,1.0026,2,none
66.622,1333,-0.29669,-0.11687,0.17820,1,10,0,FALLBACK,-0.0199,0.100,1.0053,2,none
66.672,1334,-0.29665,-0.05347,0.16036,1,10,0,FALLBACK,-0.0170,0.100,1.0080,2,none
66.725,1335,-0.29711,-0.07015,0.16402,1,10,0,FALLBACK,-0.0121,0.100,1.0107,2,none
66.776,1336,-0.29793,-0.07003,0.17395,1,10,0,FALLBACK,-0.0063,0.100,1.0133,2,none
66.824,1337,-0.29889,-0.07115,0.16343,1,10,0,FALLBACK,-0.0007,0.100,1.0159,2,none
66.872,1338,-0.29983,-0.07670,0.18105,1,10,0,FALLBACK,0.0039,0.100,1.0185,2,none
66.926,1339,-0.30061,-0.01287,0.19167,1,10,0,FALLBACK,0.0069,0.100,1.0210,2,none
66.973,1340,-0.30114,0.04159,0.17034,1,10,0,FALLBACK,0.0083,0.100,1.0235,2,none
67.026,1341,-0.30136,0.04371,0.20272,0,10,0,FALLBACK,0.0079,0.100,1.0260,2,none
67.074,1342,-0.30132,0.08314,0.18974,1,10,0,FALLBACK,0.0064,0.100,1.0285,2,none
67.128,1343,-0.30106,0.07717,0.18620,1,10,0,FALLBACK,0.0040,0.100,1.0309,2,none
67.177,1344,-0.30067,0.00474,0.21596,0,10,0,FALLBACK,0.0014,0.100,1.0333,2,none
67.228,1345,-0.22794,-0.11118,0.23454,0,10,0,FALLBACK,-0.7240,0.100,1.0357,2,none
67.276,1346,-0.31094,-0.16548,0.28079,0,10,0,FALLBACK,0.4697,0.100,1.0274,2,none
67.324,1347,-0.41197,-0.18153,0.32681,0,10,0,FALLBACK,1.0000,0.100,1.0148,2,none
67.376,1348,-0.46536,-0.16483,0.24820,0,10,0,FALLBACK,1.0000,0.100,1.0019,2,none
67.425,1349,-0.47716,-0.23707,0.26341,0,10,0,FALLBACK,0.9448,0.100,0.9994,2,none
67.476,1350,-0.37911,-0.25420,0.25460,0,10,0,FALLBACK,-0.0947,0.100,1.0002,2,none
67.525,1351,-0.42584,-0.26991,0.24474,0,10,0,FALLBACK,0.8628,0.100,0.9978,2,none
67.578,1352,-0.48286,-0.22688,0.25251,0,10,0,FALLBACK,1.0000,0.100,0.9840,2,none
67.629,1353,-0.49403,-0.08795,0.16422,1,10,0,FALLBACK,1.0000,0.100,0.9786,2,none
67.678,1354,-0.47479,-0.08842,0.15219,1,10,0,FALLBACK,0.7778,0.100,0.9783,2,none
67.727,1355,-0.33055,-0.05853,0.16341,1,10,0,FALLBACK,-0.5685,0.100,0.9817,2,none
67.776,1356,-0.35863,-0.07768,0.16870,1,10,0,FALLBACK,0.4336,0.100,0.9687,2,none
67.809,1357,-0.41489,-0.14369,0.19387,0,10,0,FALLBACK,0.8558,0.100,0.9591,2,none
67.862,1358,-0.42888,-0.06601,0.18039,1,10,0,FALLBACK,0.7144,0.100,0.9503,2,none
67.913,1359,-0.41707,-0.11333,0.17812,1,10,0,FALLBACK,0.5263,0.100,0.9536,2,none
67.960,1360,-0.39510,-0.21348,0.20871,0,10,0,FALLBACK,0.3656,0.100,0.9578,2,none
68.013,1361,-0.30500,-0.29203,0.22860,0,10,0,FALLBACK,-0.4255,0.100,0.9617,2,none
68.062,1362,-0.35809,-0.25810,0.24834,0,10,0,FALLBACK,0.5559,0.100,0.9562,2,none
68.112,1363,-0.41011,-0.23405,0.26138,0,10,0,FALLBACK,0.8106,0.100,0.9463,2,none
68.162,1364,-0.42410,-0.21256,0.24682,0,10,0,FALLBACK,0.6904,0.100,0.9438,2,none
68.210,1365,-0.41696,-0.20779,0.24873,0,10,0,FALLBACK,0.5491,0.100,0.9471,2,none
68.264,1366,-0.30663,-0.29337,0.28038,0,10,0,FALLBACK,-0.5186,0.100,0.9510,2,none
68.313,1367,-0.36854,-0.30276,0.27565,0,10,0,FALLBACK,0.6522,0.100,0.9401,2,none
68.362,1368,-0.43370,-0.23901,0.23725,0,10,0,FALLBACK,0.9943,0.100,0.9255,2,none
68.414,1369,-0.45257,-0.17508,0.21011,0,10,0,FALLBACK,0.8572,0.100,0.9197,2,none
68.464,1370,-0.44589,-0.17341,0.18385,1,10,0,FALLBACK,0.6961,0.100,0.9230,2,none
68.512,1371,-0.42625,-0.23765,0.25536,0,10,0,FALLBACK,0.5330,0.100,0.9273,2,none
68.561,1372,-0.33166,-0.39394,0.30854,0,10,0,FALLBACK,-0.3146,0.100,0.9317,2,none
68.612,1373,-0.37923,-0.29580,0.26762,0,10,0,FALLBACK,0.6340,0.100,0.9274,2,none
68.664,1374,-0.42451,-0.25511,0.24413,0,10,0,FALLBACK,0.8490,0.100,0.9174,2,none
68.715,1375,-0.43263,-0.20834,0.24610,0,10,0,FALLBACK,0.7037,0.100,0.9159,2,none
68.762,1376,-0.41985,-0.26517,0.24871,0,10,0,FALLBACK,0.5354,0.100,0.9195,2,none
68.814,1377,-0.29130,-0.22329,0.24485,0,10,0,FALLBACK,-0.6863,0.100,0.9239,2,none
68.862,1378,-0.33916,-0.25220,0.25225,0,10,0,FALLBACK,0.4351,0.100,0.9114,2,none
68.914,1379,-0.42713,-0.34377,0.27594,0,10,0,FALLBACK,1.0000,0.100,0.9075,2,none
68.964,1380,-0.47454,-0.39777,0.25488,0,10,0,FALLBACK,1.0000,0.100,0.8873,2,none
69.014,1381,-0.48022,-0.41178,0.26638,0,10,0,FALLBACK,0.9295,0.100,0.8867,2,none
69.065,1382,-0.46645,-0.24151,0.18726,1,10,0,FALLBACK,0.7634,0.100,0.8897,2,none
69.116,1383,-0.43844,-0.24118,0.25564,0,10,0,FALLBACK,0.5522,0.100,0.8943,2,none
69.166,1384,-0.40205,-0.19683,0.23352,0,10,0,FALLBACK,0.3283,0.100,0.8992,2,none
69.214,1385,-0.36258,-0.26880,0.26835,0,10,0,FALLBACK,0.1155,0.100,0.9039,2,none
69.266,1386,-0.32462,-0.17377,0.23617,0,10,0,FALLBACK,-0.0667,0.100,0.9079,2,none
69.317,1387,-0.29189,-0.11978,0.21482,0,10,0,FALLBACK,-0.2042,0.100,0.9113,2,none
69.365,1388,-0.26691,-0.08996,0.18758,1,10,0,FALLBACK,-0.2903,0.100,0.9144,2,none
69.417,1389,-0.25095,-0.15754,0.23843,0,10,0,FALLBACK,-0.3251,0.100,0.9174,2,none
69.465,1390,-0.24395,-0.09157,0.22590,0,10,0,FALLBACK,-0.3153,0.100,0.9206,2,none
69.518,1391,-0.24486,-0.20283,0.25598,0,10,0,FALLBACK,-0.2712,0.100,0.9240,2,none
69.564,1392,-0.25270,-0.25542,0.27956,0,10,0,FALLBACK,-0.1972,0.100,0.9275,2,none
69.618,1393,-0.26425,-0.27710,0.28438,0,10,0,FALLBACK,-0.1211,0.100,0.9312,2,none
69.667,1394,-0.31806,-0.21468,0.25065,0,10,0,FALLBACK,0.3594,0.100,0.9347,2,none
69.716,1395,-0.28733,-0.35220,0.32998,0,10,0,FALLBACK,-0.2170,0.100,0.9338,2,none
69.767,1396,-0.25588,-0.22602,0.23424,0,10,0,FALLBACK,-0.3779,0.100,0.9338,2,none
69.816,1397,-0.24285,-0.29419,0.25456,0,10,0,FALLBACK,-0.3509,0.100,0.9360,2,none
69.866,1398,-0.24090,-0.35667,0.26263,0,10,0,FALLBACK,-0.3053,0.100,0.9393,2,none
69.916,1399,-0.29580,-0.28266,0.23174,0,10,0,FALLBACK,0.2535,0.100,0.9427,2,none
69.967,1400,-0.25960,-0.21852,0.17875,1,10,0,FALLBACK,-0.3830,0.100,0.9420,2,none
70.016,1401,-0.22559,-0.13892,0.17403,1,10,0,FALLBACK,-0.5420,0.100,0.9396,2,none
70.068,1402,-0.21527,-0.09637,0.17008,1,10,0,FALLBACK,-0.4752,0.100,0.9410,2,none
70.118,1403,-0.21911,-0.16016,0.18095,1,10,0,FALLBACK,-0.3853,0.100,0.9443,2,none
70.165,1404,-0.23111,-0.17184,0.24266,0,10,0,FALLBACK,-0.2844,0.100,0.9478,2,none
70.216,1405,-0.27382,-0.22761,0.23874,0,10,0,FALLBACK,0.0826,0.100,0.9514,2,none
70.265,1406,-0.25368,-0.26367,0.24358,0,10,0,FALLBACK,-0.3323,0.100,0.9534,2,none
70.318,1407,-0.23703,-0.19174,0.23659,0,10,0,FALLBACK,-0.3981,0.100,0.9537,2,none
70.366,1408,-0.23684,-0.24188,0.23517,0,10,0,FALLBACK,-0.3168,0.100,0.9561,2,none
70.418,1409,-0.24576,-0.30265,0.26363,0,10,0,FALLBACK,-0.2266,0.100,0.9594,2,none
70.469,1410,-0.29009,-0.32128,0.27636,0,10,0,FALLBACK,0.1721,0.100,0.9628,2,none
70.517,1411,-0.26334,-0.23195,0.21470,0,10,0,FALLBACK,-0.3171,0.100,0.9639,2,none
70.568,1412,-0.23934,-0.17719,0.20389,0,10,0,FALLBACK,-0.4233,0.100,0.9634,2,none
70.619,1413,-0.23186,-0.10372,0.18688,1,10,0,FALLBACK,-0.3781,0.100,0.9656,2,none
70.670,1414,-0.23656,-0.16365,0.23234,0,10,0,FALLBACK,-0.2937,0.100,0.9685,2,none
70.718,1415,-0.28345,-0.17204,0.21289,0,10,0,FALLBACK,0.1517,0.100,0.9717,2,none
70.769,1416,-0.25543,-0.07550,0.19474,0,10,0,FALLBACK,-0.3629,0.100,0.9726,2,none
70.817,1417,-0.23067,-0.14495,0.20052,0,10,0,FALLBACK,-0.4705,0.100,0.9714,2,none
70.867,1418,-0.22626,-0.24196,0.22855,0,10,0,FALLBACK,-0.3907,0.100,0.9730,2,none
70.918,1419,-0.23392,-0.13872,0.18983,1,10,0,FALLBACK,-0.2921,0.100,0.9761,2,none
70.969,1420,-0.28582,-0.23539,0.25492,0,10,0,FALLBACK,0.1886,0.100,0.9793,2,none
71.018,1421,-0.25860,-0.16063,0.18661,1,10,0,FALLBACK,-0.3431,0.100,0.9795,2,none
71.069,1422,-0.23351,-0.21781,0.20923,0,10,0,FALLBACK,-0.4579,0.100,0.9783,2,none
71.119,1423,-0.22888,-0.13837,0.18644,1,10,0,FALLBACK,-0.3787,0.100,0.9798,2,none
71.169,1424,-0.23628,-0.21625,0.23314,0,10,0,FALLBACK,-0.2816,0.100,0.9828,2,none
71.221,1425,-0.28936,-0.21544,0.23110,0,10,0,FALLBACK,0.2122,0.100,0.9860,2,none
71.270,1426,-0.26097,-0.18681,0.17975,1,10,0,FALLBACK,-0.3371,0.100,0.9858,2,none
71.320,1427,-0.23434,-0.17883,0.19994,0,10,0,FALLBACK,-0.4615,0.100,0.9843,2,none
71.369,1428,-0.22868,-0.19109,0.20631,0,10,0,FALLBACK,-0.3849,0.100,0.9857,2,none
71.419,1429,-0.23551,-0.15547,0.20361,0,10,0,FALLBACK,-0.2883,0.100,0.9886,2,none
71.471,1430,-0.28888,-0.29783,0.24120,0,10,0,FALLBACK,0.2112,0.100,0.9917,2,none
71.520,1431,-0.26013,-0.21904,0.20321,0,10,0,FALLBACK,-0.3431,0.100,0.9914,2,none
71.570,1432,-0.23320,-0.16960,0.19426,0,10,0,FALLBACK,-0.4687,0.100,0.9898,2,none
71.618,1433,-0.22762,-0.16157,0.21177,0,10,0,FALLBACK,-0.3898,0.100,0.9910,2,none
71.669,1434,-0.23484,-0.23227,0.25766,0,10,0,FALLBACK,-0.2897,0.100,0.9939,2,none
71.720,1435,-0.28827,-0.33880,0.29969,0,10,0,FALLBACK,0.2085,0.100,0.9970,2,none
71.771,1436,-0.25989,-0.22276,0.25116,0,10,0,FALLBACK,-0.3424,0.100,0.9966,2,none
71.819,1437,-0.21805,-0.34771,0.31631,0,10,0,FALLBACK,-0.6190,0.100,0.9992,2,none
71.869,1438,-0.19274,-0.24452,0.25088,0,10,0,FALLBACK,-0.6628,0.100,0.9953,2,none
71.918,1439,-0.19639,-0.20817,0.27215,0,10,0,FALLBACK,-0.4998,0.100,0.9946,2,none
71.970,1440,-0.25758,-0.19162,0.24233,0,10,0,FALLBACK,0.0939,0.100,0.9972,2,none
72.019,1441,-0.23893,-0.12209,0.22228,0,10,0,FALLBACK,-0.3986,0.100,0.9974,2,none
72.070,1442,-0.22146,-0.17983,0.22485,0,10,0,FALLBACK,-0.4800,0.100,0.9959,2,none
72.120,1443,-0.22479,-0.12375,0.19777,0,10,0,FALLBACK,-0.3594,0.100,0.9974,2,none
72.171,1444,-0.23960,-0.20002,0.25102,0,10,0,FALLBACK,-0.2279,0.100,1.0004,2,none
72.221,1445,-0.29612,-0.27075,0.26807,0,10,0,FALLBACK,0.2632,0.100,1.0035,2,none
72.271,1446,-0.27094,-0.30233,0.27463,0,10,0,FALLBACK,-0.2712,0.100,1.0026,2,none
72.323,1447,-0.24561,-0.28627,0.25883,0,10,0,FALLBACK,-0.3987,0.100,1.0017,2,none
72.372,1448,-0.23953,-0.31678,0.27499,0,10,0,FALLBACK,-0.3327,0.100,1.0031,2,none
72.421,1449,-0.24567,-0.26385,0.30949,0,10,0,FALLBACK,-0.2410,0.100,1.0057,2,none
72.471,1450,-0.29294,-0.37593,0.28689,0,10,0,FALLBACK,0.2010,0.100,1.0086,2,none
72.520,1451,-0.26757,-0.34962,0.27420,0,10,0,FALLBACK,-0.2890,0.100,1.0092,2,none
72.572,1452,-0.23618,-0.25936,0.22822,0,10,0,FALLBACK,-0.4761,0.100,1.0087,2,none
72.620,1453,-0.22565,-0.24005,0.21866,0,10,0,FALLBACK,-0.4244,0.100,1.0086,2,none
72.671,1454,-0.23192,-0.19066,0.21232,0,10,0,FALLBACK,-0.3091,0.100,1.0108,2,none
72.722,1455,-0.27846,-0.34486,0.27074,0,10,0,FALLBACK,0.1250,0.100,1.0137,2,none
72.772,1456,-0.25729,-0.29132,0.26549,0,10,0,FALLBACK,-0.3194,0.100,1.0148,2,none
72.821,1457,-0.23158,-0.14053,0.19897,0,10,0,FALLBACK,-0.4706,0.100,1.0144,2,none
72.872,1458,-0.22611,-0.15877,0.18961,1,10,0,FALLBACK,-0.3968,0.100,1.0147,2,none
72.922,1459,-0.23633,-0.20197,0.20389,0,10,0,FALLBACK,-0.2673,0.100,1.0170,2,none
72.974,1460,-0.28094,-0.30474,0.24920,0,10,0,FALLBACK,0.1277,0.100,1.0199,2,none
73.023,1461,-0.26150,-0.28744,0.25000,0,10,0,FALLBACK,-0.2897,0.100,1.0211,2,none
73.072,1462,-0.23771,-0.20269,0.21560,0,10,0,FALLBACK,-0.4304,0.100,1.0210,2,none
73.124,1463,-0.23267,-0.11568,0.18787,1,10,0,FALLBACK,-0.3619,0.100,1.0216,2,none
73.172,1464,-0.24214,-0.02762,0.18764,1,10,0,FALLBACK,-0.2419,0.100,1.0239,2,none
73.224,1465,-0.27971,-0.03610,0.20264,0,10,0,FALLBACK,0.0864,0.100,1.0266,2,none
73.273,1466,-0.25952,-0.04982,0.17419,1,10,0,FALLBACK,-0.3034,0.100,1.0283,2,none
73.326,1467,-0.23706,-0.05910,0.17454,1,10,0,FALLBACK,-0.4270,0.100,1.0283,2,none
73.372,1468,-0.23303,-0.00866,0.16375,1,10,0,FALLBACK,-0.3550,0.100,1.0290,2,none
73.424,1469,-0.24316,-0.03766,0.16901,1,10,0,FALLBACK,-0.2335,0.100,1.0312,2,none
73.474,1470,-0.26037,-0.11350,0.22054,0,10,0,FALLBACK,-0.1121,0.100,1.0339,2,none
73.523,1471,-0.28005,-0.12217,0.21869,0,10,0,FALLBACK,-0.0014,0.100,1.0364,2,none
73.573,1472,-0.29885,-0.15193,0.23700,0,10,0,FALLBACK,0.0883,0.100,1.0388,2,none
73.624,1473,-0.31408,-0.13308,0.21500,0,10,0,FALLBACK,0.1465,0.100,1.0409,2,none
73.675,1474,-0.32396,-0.11209,0.22812,0,10,0,FALLBACK,0.1693,0.100,1.0429,2,none
73.725,1475,-0.32791,-0.16959,0.20046,0,10,0,FALLBACK,0.1593,0.100,1.0450,2,none
73.776,1476,-0.32641,-0.11058,0.17627,1,10,0,FALLBACK,0.1246,0.100,1.0472,2,none
73.826,1477,-0.32078,-0.09790,0.19262,0,10,0,FALLBACK,0.0757,0.100,1.0495,2,none
73.876,1478,-0.31274,-0.14275,0.22149,0,10,0,FALLBACK,0.0236,0.100,1.0518,2,none
73.926,1479,-0.30412,-0.10347,0.20664,0,10,0,FALLBACK,-0.0225,0.100,1.0541,2,none
73.976,1480,-0.29610,-0.13082,0.22150,0,10,0,FALLBACK,-0.0596,0.100,1.0562,2,none
74.024,1481,-0.29024,-0.07469,0.18103,1,10,0,FALLBACK,-0.0782,0.100,1.0584,2,none
74.075,1482,-0.28728,-0.07590,0.18568,1,10,0,FALLBACK,-0.0784,0.100,1.0605,2,none
74.125,1483,-0.28710,-0.09994,0.17572,1,10,0,FALLBACK,-0.0654,0.100,1.0626,2,none
74.176,1484,-0.28920,-0.06711,0.18175,1,10,0,FALLBACK,-0.0436,0.100,1.0647,2,none
74.228,1485,-0.29276,-0.05288,0.17268,1,10,0,FALLBACK,-0.0184,0.100,1.0667,2,none
74.276,1486,-0.29690,-0.11573,0.18894,1,10,0,FALLBACK,0.0052,0.100,1.0688,2,none
74.324,1487,-0.30077,-0.21796,0.23840,0,10,0,FALLBACK,0.0232,0.100,1.0708,2,none
74.376,1488,-0.30376,-0.23479,0.23124,0,10,0,FALLBACK,0.0337,0.100,1.0728,2,none
74.427,1489,-0.30551,-0.14883,0.25897,0,10,0,FALLBACK,0.0363,0.100,1.0748,2,none
74.476,1490,-0.30593,-0.00578,0.22031,0,10,0,FALLBACK,0.0317,0.100,1.0767,2,none
74.528,1491,-0.30519,-0.02083,0.20648,0,10,0,FALLBACK,0.0223,0.100,1.0787,2,none
74.576,1492,-0.30364,-0.04938,0.24088,0,10,0,FALLBACK,0.0104,0.100,1.0806,2,none
74.624,1493,-0.18090,-0.15884,0.30393,0,10,0,FALLBACK,-1.0000,0.100,1.0826,2,none
74.678,1494,-0.30385,-0.26395,0.40281,0,10,0,FALLBACK,0.6340,0.100,1.0635,2,none
74.726,1495,-0.45635,-0.28631,0.40781,0,10,0,FALLBACK,1.0000,0.100,1.0416,2,none
74.774,1496,-0.55149,-0.23149,0.36833,0,10,0,FALLBACK,1.0000,0.100,1.0241,2,none
74.826,1497,-0.60476,-0.14348,0.27823,0,10,0,FALLBACK,1.0000,0.100,1.0215,2,none
74.877,1498,-0.48526,-0.30531,0.35520,0,10,0,FALLBACK,0.3289,0.100,1.0210,2,none
74.926,1499,-0.58917,-0.43955,0.39515,0,10,0,FALLBACK,1.0000,0.100,1.0225,2,none
74.974,1500,-0.69706,-0.59312,0.48811,0,10,0,FALLBACK,1.0000,0.100,1.0198,2,none
75.026,1501,-0.76553,-0.47620,0.42062,0,10,0,FALLBACK,1.0000,0.100,1.0111,2,none
75.078,1502,-0.80237,-0.29813,0.34785,0,10,0,FALLBACK,1.0000,0.100,1.0106,2,none
75.128,1503,-0.81168,-0.49344,0.44969,0,10,0,FALLBACK,1.0000,0.100,1.0103,2,none
75.176,1504,-0.70760,-0.73656,0.46891,0,10,0,FALLBACK,1.0000,0.100,1.0100,2,none
75.226,1505,-0.76696,-0.71924,0.45775,0,10,0,FALLBACK,1.0000,0.100,1.0097,2,none
75.278,1506,-0.79889,-0.56302,0.35744,0,10,0,FALLBACK,1.0000,0.100,1.0095,2,none
75.329,1507,-0.80323,-0.29548,0.28552,0,10,0,FALLBACK,1.0000,0.100,1.0092,2,none
75.377,1508,-0.77999,-0.35341,0.30341,0,10,0,FALLBACK,1.0000,0.100,1.0090,2,none
75.430,1509,-0.59587,-0.51367,0.30282,0,10,0,FALLBACK,0.5588,0.100,1.0087,2,none
75.462,1510,-0.63070,-0.68387,0.27617,0,10,0,FALLBACK,1.0000,0.100,1.0130,2,none
75.513,1511,-0.64701,-0.65476,0.32042,0,10,0,FALLBACK,1.0000,0.100,1.0058,2,none
75.562,1512,-0.62828,-0.25147,0.29123,0,10,0,FALLBACK,1.0000,0.100,1.0051,2,none
75.610,1513,-0.58211,-0.26113,0.24889,0,10,0,FALLBACK,1.0000,0.100,1.0048,2,none
75.661,1514,-0.33740,-0.38048,0.28257,0,10,0,FALLBACK,-1.0000,0.100,1.0047,2,none
75.710,1515,-0.36963,-0.47479,0.26371,0,10,0,FALLBACK,0.5093,0.100,0.9700,2,none
75.763,1516,-0.42406,-0.52718,0.33845,0,10,0,FALLBACK,0.8925,0.100,0.9526,2,none
75.811,1517,-0.43523,-0.28687,0.34784,0,10,0,FALLBACK,0.7320,0.100,0.9470,2,none
75.861,1518,-0.42155,-0.17833,0.28461,0,10,0,FALLBACK,0.5393,0.100,0.9504,2,none
75.913,1519,-0.39786,-0.16447,0.25956,0,10,0,FALLBACK,0.3709,0.100,0.9547,2,none
75.964,1520,-0.24867,-0.20204,0.28336,0,10,0,FALLBACK,-1.0000,0.100,0.9587,2,none
76.013,1521,-0.33775,-0.31134,0.35910,0,10,0,FALLBACK,0.6342,0.100,0.9311,2,none
76.063,1522,-0.44179,-0.32764,0.37396,0,10,0,FALLBACK,1.0000,0.100,0.9079,2,none
76.116,1523,-0.49027,-0.29157,0.32067,0,10,0,FALLBACK,1.0000,0.100,0.9014,2,none
76.163,1524,-0.50907,-0.16933,0.23337,0,10,0,FALLBACK,1.0000,0.100,0.9025,2,none
76.214,1525,-0.50606,-0.21170,0.24784,0,10,0,FALLBACK,1.0000,0.100,0.9040,2,none
76.264,1526,-0.37707,-0.34402,0.30006,0,10,0,FALLBACK,-0.2596,0.100,0.9055,2,none
76.314,1527,-0.45204,-0.39465,0.30035,0,10,0,FALLBACK,1.0000,0.100,0.8966,2,none
76.363,1528,-0.52733,-0.43969,0.30217,0,10,0,FALLBACK,1.0000,0.100,0.8749,2,none
76.411,1529,-0.55752,-0.31839,0.33148,0,10,0,FALLBACK,1.0000,0.100,0.8757,2,none
76.465,1530,-0.56667,-0.20126,0.22148,0,10,0,FALLBACK,1.0000,0.100,0.8776,2,none
76.513,1531,-0.55510,-0.33518,0.29814,0,10,0,FALLBACK,1.0000,0.100,0.8794,2,none
76.564,1532,-0.41283,-0.49561,0.26369,0,10,0,FALLBACK,-0.1473,0.100,0.8813,2,none
76.612,1533,-0.47758,-0.62036,0.26699,0,10,0,FALLBACK,1.0000,0.100,0.8760,2,none
76.664,1534,-0.53937,-0.62660,0.28440,0,10,0,FALLBACK,1.0000,0.100,0.8572,2,none
76.716,1535,-0.55954,-0.30214,0.24960,0,10,0,FALLBACK,1.0000,0.100,0.8588,2,none
76.763,1536,-0.55965,-0.22626,0.22579,0,10,0,FALLBACK,1.0000,0.100,0.8609,2,none
76.813,1537,-0.53979,-0.31595,0.26042,0,10,0,FALLBACK,1.0000,0.100,0.8631,2,none
76.864,1538,-0.37355,-0.31046,0.22315,0,10,0,FALLBACK,-0.4635,0.100,0.8652,2,none
76.913,1539,-0.43191,-0.34761,0.23683,0,10,0,FALLBACK,0.9513,0.100,0.8482,2,none
76.964,1540,-0.49773,-0.41795,0.23224,0,10,0,FALLBACK,1.0000,0.100,0.8260,2,none
77.013,1541,-0.51728,-0.39712,0.25595,0,10,0,FALLBACK,1.0000,0.100,0.8279,2,none
77.064,1542,-0.51712,-0.45592,0.29855,0,10,0,FALLBACK,1.0000,0.100,0.8305,2,none
77.113,1543,-0.49844,-0.33997,0.26251,0,10,0,FALLBACK,0.8988,0.100,0.8331,2,none
77.165,1544,-0.46350,-0.18144,0.26469,0,10,0,FALLBACK,0.6428,0.100,0.8372,2,none
77.216,1545,-0.41364,-0.12529,0.22838,0,10,0,FALLBACK,0.3189,0.100,0.8417,2,none
77.263,1546,-0.36002,-0.02875,0.20923,0,10,0,FALLBACK,0.0320,0.100,0.8466,2,none
77.314,1547,-0.30895,-0.05435,0.20584,0,10,0,FALLBACK,-0.2106,0.100,0.8520,2,none
77.363,1548,-0.26456,-0.00931,0.19331,0,10,0,FALLBACK,-0.3992,0.100,0.8555,2,none
77.414,1549,-0.23578,0.00293,0.20715,0,10,0,FALLBACK,-0.4650,0.100,0.8574,2,none
77.466,1550,-0.22036,-0.01219,0.22781,0,10,0,FALLBACK,-0.4753,0.100,0.8609,2,none
77.515,1551,-0.21560,-0.05884,0.25652,0,10,0,FALLBACK,-0.4458,0.100,0.8646,2,none
77.564,1552,-0.22003,-0.07943,0.26113,0,10,0,FALLBACK,-0.3777,0.100,0.8686,2,none
77.615,1553,-0.23159,-0.03285,0.19768,0,10,0,FALLBACK,-0.2842,0.100,0.8729,2,none
77.665,1554,-0.24775,-0.10873,0.24504,0,10,0,FALLBACK,-0.1805,0.100,0.8771,2,none
77.716,1555,-0.26597,-0.11201,0.24021,0,10,0,FALLBACK,-0.0790,0.100,0.8813,2,none
77.768,1556,-0.28401,-0.06162,0.23173,0,10,0,FALLBACK,0.0103,0.100,0.8853,2,none
77.817,1557,-0.30006,-0.07522,0.22074,0,10,0,FALLBACK,0.0805,0.100,0.8891,2,none
77.868,1558,-0.31281,-0.13556,0.24489,0,10,0,FALLBACK,0.1278,0.100,0.8928,2,none
77.916,1559,-0.32156,-0.16497,0.26081,0,10,0,FALLBACK,0.1515,0.100,0.8965,2,none
77.968,1560,-0.32615,-0.12010,0.25737,0,10,0,FALLBACK,0.1537,0.100,0.9002,2,none
78.016,1561,-0.32691,-0.18775,0.28296,0,10,0,FALLBACK,0.1384,0.100,0.9039,2,none
78.067,1562,-0.32452,-0.16148,0.24612,0,10,0,FALLBACK,0.1106,0.100,0.9076,2,none
78.118,1563,-0.31986,-0.12507,0.24734,0,10,0,FALLBACK,0.0760,0.100,0.9113,2,none
78.168,1564,-0.31391,-0.13312,0.21782,0,10,0,FALLBACK,0.0398,0.100,0.9150,2,none
78.221,1565,-0.30760,-0.08312,0.21306,0,10,0,FALLBACK,0.0064,0.100,0.9186,2,none
78.266,1566,-0.30171,-0.06026,0.20576,0,10,0,FALLBACK,-0.0209,0.100,0.9222,2,none
78.318,1567,-0.29683,-0.04676,0.19357,0,10,0,FALLBACK,-0.0403,0.100,0.9257,2,none
78.371,1568,-0.29332,-0.04585,0.18781,1,10,0,FALLBACK,-0.0509,0.100,0.9291,2,none
78.417,1569,-0.29133,-0.02330,0.19451,0,10,0,FALLBACK,-0.0533,0.100,0.9326,2,none
78.467,1570,-0.29078,-0.05950,0.20666,0,10,0,FALLBACK,-0.0488,0.100,0.9360,2,none
78.520,1571,-0.29145,-0.07833,0.22125,0,10,0,FALLBACK,-0.0394,0.100,0.9394,2,none
78.570,1572,-0.29301,-0.06389,0.20850,0,10,0,FALLBACK,-0.0272,0.100,0.9427,2,none
78.617,1573,-0.29508,-0.04650,0.20491,0,10,0,FALLBACK,-0.0142,0.100,0.9460,2,none
78.667,1574,-0.29732,-0.04244,0.20212,0,10,0,FALLBACK,-0.0022,0.100,0.9493,2,none
78.719,1575,-0.29942,-0.05523,0.21431,0,10,0,FALLBACK,0.0076,0.100,0.9526,2,none
78.767,1576,-0.30113,-0.04811,0.21552,0,10,0,FALLBACK,0.0143,0.100,0.9558,2,none
78.818,1577,-0.30234,-0.10502,0.24113,0,10,0,FALLBACK,0.0177,0.100,0.9590,2,none
78.869,1578,-0.30298,-0.11396,0.24024,0,10,0,FALLBACK,0.0181,0.100,0.9621,2,none
78.920,1579,-0.30309,-0.09972,0.23257,0,10,0,FALLBACK,0.0160,0.100,0.9652,2,none
78.970,1580,-0.30277,-0.09714,0.23966,0,10,0,FALLBACK,0.0123,0.100,0.9683,2,none
79.018,1581,-0.30215,-0.09891,0.24578,0,10,0,FALLBACK,0.0076,0.100,0.9714,2,none
79.068,1582,-0.30137,-0.11839,0.21904,0,10,0,FALLBACK,0.0029,0.100,0.9744,2,none
79.119,1583,-0.30056,-0.08635,0.19781,0,10,0,FALLBACK,-0.0013,0.100,0.9774,2,none
79.169,1584,-0.29984,-0.09454,0.18604,1,10,0,FALLBACK,-0.0044,0.100,0.9804,2,none
79.218,1585,-0.29928,-0.08487,0.19357,0,10,0,FALLBACK,-0.0064,0.100,0.9833,2,none
79.271,1586,-0.29893,-0.07850,0.22092,0,10,0,FALLBACK,-0.0071,0.100,0.9862,2,none
79.320,1587,-0.29879,-0.07729,0.20369,0,10,0,FALLBACK,-0.0067,0.100,0.9891,2,none
79.370,1588,-0.29884,-0.12148,0.21181,0,10,0,FALLBACK,-0.0056,0.100,0.9919,2,none
79.422,1589,-0.29904,-0.10706,0.19833,0,10,0,FALLBACK,-0.0038,0.100,0.9947,2,none
79.471,1590,-0.29933,-0.08338,0.18379,1,10,0,FALLBACK,-0.0019,0.100,0.9975,2,none
79.520,1591,-0.29966,-0.06881,0.19449,0,10,0,FALLBACK,-0.0001,0.100,1.0003,2,none
79.569,1592,-0.29996,-0.05572,0.18498,1,10,0,FALLBACK,0.0013,0.100,1.0030,2,none
79.621,1593,-0.30020,-0.01769,0.20793,0,10,0,FALLBACK,0.0022,0.100,1.0057,2,none
79.672,1594,-0.30035,0.01165,0.18468,1,10,0,FALLBACK,0.0025,0.100,1.0084,2,none
79.721,1595,-0.30041,0.00056,0.17629,1,10,0,FALLBACK,0.0024,0.100,1.0110,2,none
79.771,1596,-0.30039,-0.07853,0.17570,1,10,0,FALLBACK,0.0018,0.100,1.0136,2,none
79.821,1597,-0.30028,-0.15187,0.20637,0,10,0,FALLBACK,0.0009,0.100,1.0162,2,none
79.872,1598,-0.22721,-0.26239,0.29727,0,10,0,FALLBACK,-0.7293,0.100,1.0188,2,none
79.921,1599,-0.31047,-0.28514,0.30159,0,10,0,FALLBACK,0.4687,0.100,1.0103,2,none
79.972,1600,-0.42131,-0.27219,0.25987,0,10,0,FALLBACK,1.0000,0.100,0.9976,2,none
80.021,1601,-0.48586,-0.19447,0.24876,0,10,0,FALLBACK,1.0000,0.100,0.9850,2,none
80.073,1602,-0.50718,-0.26271,0.27915,0,10,0,FALLBACK,1.0000,0.100,0.9826,2,none
80.121,1603,-0.40811,-0.28435,0.29234,0,10,0,FALLBACK,0.0451,0.100,0.9827,2,none
80.172,1604,-0.46730,-0.29722,0.36336,0,10,0,FALLBACK,1.0000,0.100,0.9829,2,none
80.220,1605,-0.53157,-0.28369,0.31743,0,10,0,FALLBACK,1.0000,0.100,0.9674,2,none
80.272,1606,-0.54907,-0.17352,0.25755,0,10,0,FALLBACK,1.0000,0.100,0.9637,2,none
80.321,1607,-0.54022,-0.21744,0.27328,0,10,0,FALLBACK,1.0000,0.100,0.9642,2,none
80.373,1608,-0.38133,-0.23704,0.27340,0,10,0,FALLBACK,-0.3879,0.100,0.9647,2,none
80.420,1609,-0.41331,-0.19486,0.27914,0,10,0,FALLBACK,0.7264,0.100,0.9543,2,none
80.471,1610,-0.46914,-0.29578,0.31008,0,10,0,FALLBACK,1.0000,0.100,0.9396,2,none
80.522,1611,-0.47968,-0.09932,0.23253,0,10,0,FALLBACK,0.9512,0.100,0.9326,2,none
80.572,1612,-0.45974,-0.13659,0.22164,0,10,0,FALLBACK,0.6989,0.100,0.9336,2,none
80.623,1613,-0.42264,-0.13968,0.22830,0,10,0,FALLBACK,0.4277,0.100,0.9380,2,none
80.672,1614,-0.28701,-0.16349,0.24202,0,10,0,FALLBACK,-0.7431,0.100,0.9428,2,none
80.722,1615,-0.32604,-0.25551,0.30712,0,10,0,FALLBACK,0.3253,0.100,0.9294,2,none
80.772,1616,-0.39207,-0.19194,0.33143,0,10,0,FALLBACK,0.7905,0.100,0.9213,2,none
80.825,1617,-0.42057,-0.17598,0.30802,0,10,0,FALLBACK,0.7454,0.100,0.9149,2,none
80.874,1618,-0.42026,-0.19078,0.24883,0,10,0,FALLBACK,0.5997,0.100,0.9165,2,none
80.923,1619,-0.40618,-0.25588,0.33571,0,10,0,FALLBACK,0.4605,0.100,0.9205,2,none
80.974,1620,-0.31797,-0.27101,0.35681,0,10,0,FALLBACK,-0.3511,0.100,0.9247,2,none
81.025,1621,-0.37122,-0.32350,0.36581,0,10,0,FALLBACK,0.6223,0.100,0.9227,2,none
81.074,1622,-0.44266,-0.32213,0.35948,0,10,0,FALLBACK,1.0000,0.100,0.9112,2,none
81.126,1623,-0.47076,-0.26951,0.34472,0,10,0,FALLBACK,0.9943,0.100,0.9052,2,none
81.176,1624,-0.46533,-0.30623,0.33372,0,10,0,FALLBACK,0.7995,0.100,0.9054,2,none
81.225,1625,-0.32546,-0.31067,0.29312,0,10,0,FALLBACK,-0.5721,0.100,0.9095,2,none
81.275,1626,-0.37345,-0.39509,0.31984,0,10,0,FALLBACK,0.6072,0.100,0.8979,2,none
81.324,1627,-0.44734,-0.47646,0.30809,0,10,0,FALLBACK,1.0000,0.100,0.8842,2,none
81.376,1628,-0.47693,-0.30806,0.29548,0,10,0,FALLBACK,1.0000,0.100,0.8763,2,none
81.426,1629,-0.47548,-0.26951,0.27120,0,10,0,FALLBACK,0.8701,0.100,0.8770,2,none
81.475,1630,-0.45538,-0.26282,0.28383,0,10,0,FALLBACK,0.6764,0.100,0.8808,2,none
81.525,1631,-0.31401,-0.27926,0.31565,0,10,0,FALLBACK,-0.6367,0.100,0.8857,2,none
81.574,1632,-0.35492,-0.33215,0.33226,0,10,0,FALLBACK,0.4791,0.100,0.8741,2,none
81.623,1633,-0.42193,-0.24347,0.31039,0,10,0,FALLBACK,0.9447,0.100,0.8639,2,none
81.676,1634,-0.44813,-0.20276,0.28883,0,10,0,FALLBACK,0.8717,0.100,0.8562,2,none
81.726,1635,-0.44527,-0.15926,0.25139,0,10,0,FALLBACK,0.7120,0.100,0.8585,2,none
81.773,1636,-0.42924,-0.21336,0.27414,0,10,0,FALLBACK,0.5661,0.100,0.8632,2,none
81.824,1637,-0.29432,-0.23613,0.30399,0,10,0,FALLBACK,-0.7031,0.100,0.8680,2,none
81.877,1638,-0.34281,-0.27174,0.25471,0,10,0,FALLBACK,0.4565,0.100,0.8563,2,none
81.927,1639,-0.41671,-0.35665,0.32769,0,10,0,FALLBACK,0.9531,0.100,0.8463,2,none
81.975,1640,-0.44899,-0.36607,0.31628,0,10,0,FALLBACK,0.9064,0.100,0.8381,2,none
82.027,1641,-0.45183,-0.35603,0.27106,0,10,0,FALLBACK,0.7734,0.100,0.8401,2,none
82.075,1642,-0.44062,-0.28102,0.26555,0,10,0,FALLBACK,0.6470,0.100,0.8448,2,none
82.124,1643,-0.41937,-0.31201,0.33012,0,10,0,FALLBACK,0.4906,0.100,0.8496,2,none
82.178,1644,-0.39046,-0.28158,0.30764,0,10,0,FALLBACK,0.3078,0.100,0.8546,2,none
82.226,1645,-0.35534,-0.18182,0.23085,0,10,0,FALLBACK,0.1011,0.100,0.8591,2,none
82.279,1646,-0.32113,-0.22190,0.27563,0,10,0,FALLBACK,-0.0653,0.100,0.8637,2,none
82.310,1647,-0.29224,-0.21389,0.26981,0,10,0,FALLBACK,-0.1833,0.100,0.8676,2,none
82.361,1648,-0.27096,-0.14375,0.26376,0,10,0,FALLBACK,-0.2516,0.100,0.8711,2,none
82.413,1649,-0.25636,-0.17395,0.26176,0,10,0,FALLBACK,-0.2912,0.100,0.8749,2,none
82.461,1650,-0.24903,-0.21884,0.23802,0,10,0,FALLBACK,-0.2915,0.100,0.8786,2,none
82.511,1651,-0.24873,-0.11286,0.21539,0,10,0,FALLBACK,-0.2578,0.100,0.8824,2,none
82.563,1652,-0.25422,-0.09768,0.22355,0,10,0,FALLBACK,-0.2014,0.100,0.8863,2,none
82.610,1653,-0.26380,-0.09308,0.22476,0,10,0,FALLBACK,-0.1331,0.100,0.8903,2,none
82.663,1654,-0.27501,-0.09910,0.22688,0,10,0,FALLBACK,-0.0689,0.100,0.8942,2,none
82.711,1655,-0.28651,-0.12273,0.24210,0,10,0,FALLBACK,-0.0099,0.100,0.8981,2,none
82.763,1656,-0.29714,-0.12674,0.21535,0,10,0,FALLBACK,0.0389,0.100,0.9018,2,none
82.814,1657,-0.30591,-0.15455,0.24162,0,10,0,FALLBACK,0.0734,0.100,0.9055,2,none
82.863,1658,-0.31221,-0.07938,0.21769,0,10,0,FALLBACK,0.0925,0.100,0.9091,2,none
82.913,1659,-0.31582,-0.08829,0.24186,0,10,0,FALLBACK,0.0971,0.100,0.9127,2,none
82.964,1660,-0.31687,-0.15551,0.26008,0,10,0,FALLBACK,0.0896,0.100,0.9163,2,none
83.015,1661,-0.31576,-0.14630,0.24037,0,10,0,FALLBACK,0.0733,0.100,0.9199,2,none
83.067,1662,-0.31305,-0.16058,0.28009,0,10,0,FALLBACK,0.0517,0.100,0.9234,2,none
83.114,1663,-0.30937,-0.15063,0.25773,0,10,0,FALLBACK,0.0284,0.100,0.9270,2,none
83.164,1664,-0.30534,-0.13347,0.24658,0,10,0,FALLBACK,0.0065,0.100,0.9305,2,none
83.216,1665,-0.30150,-0.12493,0.23996,0,10,0,FALLBACK,-0.0117,0.100,0.9339,2,none
83.265,1666,-0.29828,-0.12245,0.23308,0,10,0,FALLBACK,-0.0247,0.100,0.9373,2,none
83.315,1667,-0.29593,-0.10517,0.23989,0,10,0,FALLBACK,-0.0321,0.100,0.9407,2,none
83.363,1668,-0.29455,-0.09818,0.23377,0,10,0,FALLBACK,-0.0341,0.100,0.9440,2,none
83.417,1669,-0.29413,-0.13767,0.21794,0,10,0,FALLBACK,-0.0315,0.100,0.9473,2,none
83.464,1670,-0.29451,-0.17341,0.24815,0,10,0,FALLBACK,-0.0256,0.100,0.9506,2,none
83.513,1671,-0.29548,-0.18479,0.27566,0,10,0,FALLBACK,-0.0177,0.100,0.9538,2,none
83.566,1672,-0.29682,-0.15827,0.25477,0,10,0,FALLBACK,-0.0093,0.100,0.9570,2,none
83.614,1673,-0.29826,-0.17266,0.24221,0,10,0,FALLBACK,-0.0015,0.100,0.9602,2,none
83.665,1674,-0.29961,-0.15065,0.21951,0,10,0,FALLBACK,0.0048,0.100,0.9633,2,none
83.716,1675,-0.30072,-0.12639,0.20211,0,10,0,FALLBACK,0.0091,0.100,0.9664,2,none
83.767,1676,-0.30149,-0.18050,0.23847,0,10,0,FALLBACK,0.0113,0.100,0.9695,2,none
83.818,1677,-0.30189,-0.13882,0.20826,0,10,0,FALLBACK,0.0115,0.100,0.9725,2,none
83.866,1678,-0.30195,-0.10894,0.19494,0,10,0,FALLBACK,0.0101,0.100,0.9756,2,none
83.918,1679,-0.30174,-0.13492,0.20893,0,10,0,FALLBACK,0.0076,0.100,0.9785,2,none
83.967,1680,-0.30132,-0.12542,0.21645,0,10,0,FALLBACK,0.0045,0.100,0.9815,2,none
84.015,1681,-0.30080,-0.13932,0.22258,0,10,0,FALLBACK,0.0014,0.100,0.9844,2,none
84.068,1682,-0.30028,-0.16444,0.20730,0,10,0,FALLBACK,-0.0012,0.100,0.9873,2,none
84.119,1683,-0.29982,-0.10538,0.18548,1,10,0,FALLBACK,-0.0032,0.100,0.9902,2,none
84.168,1684,-0.29948,-0.04412,0.19287,0,10,0,FALLBACK,-0.0043,0.100,0.9930,2,none
84.217,1685,-0.29926,-0.06879,0.19004,1,10,0,FALLBACK,-0.0048,0.100,0.9958,2,none
84.268,1686,-0.29918,-0.08418,0.18543,1,10,0,FALLBACK,-0.0044,0.100,0.9986,2,none
84.318,1687,-0.29923,-0.11949,0.19578,0,10,0,FALLBACK,-0.0037,0.100,1.0013,2,none
84.368,1688,-0.29937,-0.10223,0.20196,0,10,0,FALLBACK,-0.0025,0.100,1.0040,2,none
84.420,1689,-0.29955,-0.11302,0.20289,0,10,0,FALLBACK,-0.0013,0.100,1.0067,2,none
84.469,1690,-0.29975,-0.09886,0.20176,0,10,0,FALLBACK,-0.0002,0.100,1.0094,2,none
84.518,1691,-0.29993,-0.05236,0.19487,0,10,0,FALLBACK,0.0006,0.100,1.0120,2,none
84.568,1692,-0.30007,-0.03563,0.19697,0,10,0,FALLBACK,0.0010,0.100,1.0147,2,none
84.618,1693,-0.30016,-0.02511,0.18784,1,10,0,FALLBACK,0.0013,0.100,1.0172,2,none
84.668,1694,-0.30020,-0.03637,0.21028,0,10,0,FALLBACK,0.0012,0.100,1.0198,2,none
84.719,1695,-0.30019,-0.08961,0.21615,0,10,0,FALLBACK,0.0009,0.100,1.0223,2,none
84.771,1696,-0.27070,-0.10600,0.22346,0,10,0,FALLBACK,-0.2939,0.100,1.0248,2,none
84.820,1697,-0.30029,-0.15026,0.22095,0,10,0,FALLBACK,0.1494,0.100,1.0253,2,none
84.867,1698,-0.33064,-0.10855,0.16131,1,10,0,FALLBACK,0.3050,0.100,1.0258,2,none
84.921,1699,-0.34568,-0.11262,0.19052,1,10,0,FALLBACK,0.3036,0.100,1.0269,2,none
84.969,1700,-0.34927,-0.05038,0.19155,1,10,0,FALLBACK,0.2644,0.100,1.0290,2,none
85.021,1701,-0.34503,-0.08620,0.19023,1,10,0,FALLBACK,0.2039,0.100,1.0314,2,none
85.068,1702,-0.33366,-0.04715,0.18348,1,10,0,FALLBACK,0.1115,0.100,1.0337,2,none
85.120,1703,-0.31693,-0.01558,0.17852,1,10,0,FALLBACK,0.0009,0.100,1.0363,2,none
85.169,1704,-0.29902,0.00395,0.18470,1,10,0,FALLBACK,-0.0944,0.100,1.0388,2,none
85.218,1705,-0.28319,0.06577,0.19317,0,10,0,FALLBACK,-0.1632,0.100,1.0409,2,none
85.272,1706,-0.27363,-0.03632,0.21089,0,10,0,FALLBACK,-0.1797,0.100,1.0430,2,none
85.321,1707,-0.27099,-0.04474,0.21396,0,10,0,FALLBACK,-0.1582,0.100,1.0451,2,none
85.372,1708,-0.27384,-0.06326,0.24554,0,10,0,FALLBACK,-0.1165,0.100,1.0473,2,none
85.424,1709,-0.28043,-0.12017,0.25183,0,10,0,FALLBACK,-0.0649,0.100,1.0496,2,none
85.474,1710,-0.28896,-0.13048,0.26250,0,10,0,FALLBACK,-0.0125,0.100,1.0519,2,none
85.521,1711,-0.29767,-0.11362,0.25719,0,10,0,FALLBACK,0.0319,0.100,1.0541,2,none
85.570,1712,-0.30507,-0.15807,0.30482,0,10,0,FALLBACK,0.0623,0.100,1.0562,2,none
85.621,1713,-0.31016,-0.20846,0.28866,0,10,0,FALLBACK,0.0763,0.100,1.0583,2,none
85.673,1714,-0.31251,-0.19896,0.28328,0,10,0,FALLBACK,0.0743,0.100,1.0604,2,none
85.722,1715,-0.31222,-0.14802,0.24983,0,10,0,FALLBACK,0.0597,0.100,1.0625,2,none
85.773,1716,-0.30986,-0.11478,0.25759,0,10,0,FALLBACK,0.0374,0.100,1.0646,2,none
85.824,1717,-0.30621,-0.14276,0.26228,0,10,0,FALLBACK,0.0129,0.100,1.0667,2,none
85.873,1718,-0.30216,-0.14050,0.26857,0,10,0,FALLBACK,-0.0094,0.100,1.0688,2,none
85.924,1719,-0.29850,-0.15995,0.27431,0,10,0,FALLBACK,-0.0258,0.100,1.0708,2,none
85.970,1720,-0.29579,-0.15904,0.28513,0,10,0,FALLBACK,-0.0346,0.100,1.0728,2,none
86.024,1721,-0.29433,-0.19739,0.27981,0,10,0,FALLBACK,-0.0357,0.100,1.0748,2,none
86.074,1722,-0.29414,-0.23051,0.31105,0,10,0,FALLBACK,-0.0302,0.100,1.0768,2,none
86.124,1723,-0.29504,-0.18437,0.27109,0,10,0,FALLBACK,-0.0203,0.100,1.0787,2,none
86.174,1724,-0.29665,-0.14504,0.25027,0,10,0,FALLBACK,-0.0087,0.100,1.0806,2,none
86.224,1725,-0.29855,-0.17762,0.25861,0,10,0,FALLBACK,0.0023,0.100,1.0826,2,none
86.272,1726,-0.30035,-0.13701,0.23111,0,10,0,FALLBACK,0.0107,0.100,1.0844,2,none
86.323,1727,-0.30174,-0.16586,0.26004,0,10,0,FALLBACK,0.0156,0.100,1.0863,2,none
86.373,1728,-0.30253,-0.13198,0.25244,0,10,0,FALLBACK,0.0167,0.100,1.0882,2,none
86.424,1729,-0.30270,-0.23461,0.30965,0,10,0,FALLBACK,0.0144,0.100,1.0900,2,none
86.475,1730,-0.30233,-0.21462,0.27578,0,10,0,FALLBACK,0.0098,0.100,1.0918,2,none
86.523,1731,-0.30158,-0.21519,0.26936,0,10,0,FALLBACK,0.0042,0.100,1.0936,2,none
86.573,1732,-0.30066,-0.09191,0.25738,0,10,0,FALLBACK,-0.0013,0.100,1.0954,2,none
86.624,1733,-0.29978,-0.15033,0.25496,0,10,0,FALLBACK,-0.0055,0.100,1.0972,2,none
86.676,1734,-0.29909,-0.12238,0.22777,0,10,0,FALLBACK,-0.0080,0.100,1.0989,2,none
86.724,1735,-0.29869,-0.15583,0.26751,0,10,0,FALLBACK,-0.0086,0.100,1.1006,2,none
86.777,1736,-0.29860,-0.19709,0.28100,0,10,0,FALLBACK,-0.0075,0.100,1.1024,2,none
86.827,1737,-0.29878,-0.18360,0.31495,0,10,0,FALLBACK,-0.0052,0.100,1.1040,2,none
86.875,1738,-0.29915,-0.25535,0.33860,0,10,0,FALLBACK,-0.0024,0.100,1.1057,2,none
86.925,1739,-0.29961,-0.07272,0.22845,0,10,0,FALLBACK,0.0003,0.100,1.1074,2,none
86.977,1740,-0.30004,-0.08600,0.23421,0,10,0,FALLBACK,0.0024,0.100,1.1090,2,none
87.025,1741,-0.30038,-0.16463,0.17735,1,10,0,FALLBACK,0.0035,0.100,1.1106,2,none
87.076,1742,-0.30057,-0.23453,0.52819,0,10,0,FALLBACK,0.0038,0.100,1.1123,2,none
87.128,1743,-0.30060,-0.13225,0.86389,0,10,0,FALLBACK,0.0032,0.100,1.1138,2,none
87.176,1744,-0.30049,0.23397,1.28930,0,10,0,FALLBACK,0.0019,0.100,1.1154,2,none
87.225,1745,-0.30029,-0.40720,1.40882,0,10,0,FALLBACK,0.0005,0.100,1.1170,2,none
87.276,1746,-0.30007,-1.15815,0.41507,0,10,0,FALLBACK,-0.0008,0.100,1.1185,2,none
87.325,1747,-0.30001,-0.39629,0.34162,0,10,0,FALLBACK,-0.0002,0.100,1.1233,3,none
