cte_true,mc_mean,mc_std
0.00058,-3.34560,0.43181
0.00058,-3.05625,0.48410
0.00062,-3.35179,0.51301
0.00059,-3.17185,0.42903
0.00038,-3.15526,0.50030
0.00005,-3.16344,0.40997
-0.00078,-2.86613,0.38899
-0.00184,-2.94327,0.36814
-0.00315,-2.90877,0.40515
-0.00475,-2.86870,0.29162
-0.00662,-3.20476,0.56238
-0.00880,-2.88593,0.48468
-0.01128,-3.41774,0.57428
-0.01408,-3.17393,0.45427
-0.02310,-3.48201,0.53400
-0.02117,-3.66518,0.49716
-0.02445,-3.63293,0.55938
-0.02137,-3.51514,0.56434
-0.02724,-3.80162,0.62746
-0.03364,-3.37083,0.59999
-0.04047,-3.38482,0.59802
-0.04765,-3.69541,0.56602
-0.05518,-3.29496,0.47511
-0.06303,-3.33614,0.56867
-0.07122,-3.43307,0.43640
-0.07959,-3.38012,0.45280
-0.08808,-3.40486,0.62841
-0.09672,-3.49936,0.48727
-0.10565,-3.34161,0.51844
-0.11411,-3.44440,0.45455
-0.12234,-3.62153,0.59588
-0.13028,-3.65856,0.63475
-0.13776,-3.58459,0.44341
-0.14473,-3.64731,0.55151
-0.15100,-3.41941,0.52184
-0.15637,-3.46125,0.55311
-0.16101,-3.45496,0.46385
-0.16424,-3.57957,0.66914
-0.16623,-3.52671,0.42936
-0.16693,-3.63618,0.61424
-0.16625,-3.85939,0.56442
-0.16410,-3.43043,0.66199
-0.16781,-3.40775,0.49913
-0.15761,-3.29739,0.52296
-0.14560,-3.62511,0.45965
-0.13209,-3.31642,0.60510
-0.11738,-3.48744,0.45888
-0.10169,-3.40307,0.47808
-0.08457,-3.46891,0.65204
-0.06802,-3.53130,0.54969
-0.05128,-3.63629,0.57009
-0.03487,-3.56033,0.66279
-0.01919,-3.72883,0.56367
-0.00158,-3.52537,0.51101
0.00829,-3.45138,0.56017
0.01621,-3.70141,0.44518
0.02192,-3.11339,0.43841
0.02521,-2.91197,0.46393
0.02816,-3.39207,0.51136
0.02070,-3.03768,0.40899
0.01029,-3.31615,0.41560
-0.00269,-3.10084,0.37584
-0.01769,-3.30880,0.42723
-0.03564,-3.44077,0.48842
-0.05507,-3.78503,0.56019
-0.07537,-3.53559,0.58131
-0.10201,-3.43663,0.47228
-0.11569,-4.04498,0.62962
-0.12832,-3.69199,0.55557
-0.13930,-3.43945,0.57360
-0.16150,-3.78826,0.63737
-0.15164,-3.67100,0.53427
-0.13839,-3.70150,0.49183
-0.12248,-3.82361,0.50300
-0.11869,-4.25292,0.75938
-0.07728,-4.16560,0.87782
-0.03423,-3.86599,0.61067
0.00813,-3.65393,0.70317
0.03696,-4.14101,0.60179
0.10375,-4.50009,0.74416
0.16546,-5.03192,0.91004
0.21822,-4.41088,0.74571
0.26006,-4.81882,0.82882
0.31670,-4.39878,0.66414
0.35783,-4.60823,0.85848
0.36454,-4.62655,0.82961
0.39798,-4.77856,0.74261
0.41083,-4.97004,0.91919
0.40112,-4.75686,0.71382
0.37051,-4.33965,1.03683
0.35238,-3.87395,0.64100
0.31298,-3.94906,0.51981
0.23818,-4.05149,0.64226
0.20728,-3.79206,0.71163
0.16152,-3.67153,0.61370
0.07540,-3.83555,0.65419
0.04802,-3.55424,0.39151
0.01284,-3.57852,0.53621
-0.02844,-4.19516,0.63998
-0.06464,-3.71342,0.63577
-0.06059,-3.92090,0.66508
-0.05756,-4.18321,0.62843
-0.05194,-4.16537,0.80697
0.00794,-4.42081,0.61507
0.06656,-4.56576,0.62869
0.11814,-4.73545,0.96298
0.21275,-4.62073,0.72079
0.29646,-5.20142,0.92534
0.35777,-5.19387,1.26141
0.45341,-5.14565,1.20142
0.52119,-5.02874,1.19843
0.54743,-4.87301,1.04879
0.59918,-4.83492,0.76343
0.61159,-4.35640,0.63301
0.57260,-4.59807,0.83852
0.54588,-4.17142,0.69919
0.47912,-4.17959,0.57033
0.36611,-3.51265,0.54833
0.27131,-3.44164,0.45640
0.14885,-3.80555,0.65124
-0.00360,-3.44747,0.44271
-0.12456,-3.01681,0.52915
-0.25087,-3.36758,0.64781
-0.38106,-3.20454,0.55069
-0.44661,-3.30135,0.51991
-0.49371,-3.22265,0.49496
-0.51100,-3.62840,0.70342
-0.44845,-3.89863,0.57103
-0.35756,-4.46940,0.77886
-0.22346,-4.84808,0.95231
-0.02903,-5.47033,1.03344
0.17730,-5.60930,0.87730
0.40618,-5.26540,1.13623
0.65575,-5.83580,1.29485
0.87655,-5.06848,0.85745
1.07822,-4.93673,0.89248
1.25629,-4.52632,0.94577
1.35494,-4.25314,0.85248
1.39796,-4.26556,0.78380
1.40400,-4.47924,0.94546
1.32654,-4.70920,1.00395
1.19135,-4.70738,0.96126
1.02828,-4.33366,0.67168
0.78904,-3.17434,0.43832
0.49431,-2.22990,0.79909
0.20574,-0.62859,0.65529
-0.11453,-0.58125,0.50649
-0.45925,0.55502,0.63283
-0.72575,-0.28304,0.58466
-0.96945,0.49333,1.19189
-1.17191,-2.13764,1.04333
-1.24350,-2.77982,0.77936
-1.24269,-2.93142,0.50511
-1.14430,-3.80195,0.73646
-0.93044,-4.39753,0.73702
-0.65341,-4.46677,0.80142
-0.30848,-5.98131,0.82922
0.10359,-5.12006,0.91087
0.53166,-4.07610,1.00319
0.94666,-3.43653,0.74836
1.39716,-3.03499,0.71742
1.79522,-2.56061,0.96035
2.12872,-2.33876,0.66350
2.38981,-2.37729,0.55488
2.61872,-2.22960,0.54097
2.76149,-2.08694,0.66576
2.82192,-2.86036,0.78520
2.86226,-2.72998,0.68650
2.82476,-2.95055,0.59825
2.68518,-2.71084,0.61675
2.55326,-3.68812,0.85176
2.34806,-4.39055,0.71758
2.06508,-4.40430,0.72216
1.71633,-3.21935,0.56266
1.35580,-0.50859,1.20699
0.93700,0.62707,0.60753
0.41865,0.36994,0.31943
-0.04779,-0.10047,0.25491
-0.52846,-0.13200,0.73486
-1.00807,1.28267,0.93041
-1.46459,2.85779,0.67045
-1.87802,3.41118,0.74993
-2.17350,3.42677,0.59572
-2.40108,2.70891,0.64887
-2.55977,1.20822,1.73602
-2.59106,1.32938,1.70884
-2.54933,-1.63450,1.12710
-2.42402,-2.73326,0.52984
-2.18896,-2.10553,0.54735
-1.88889,-4.52480,0.74313
-1.52400,-3.85912,0.97144
-1.06170,-4.75660,0.81242
-0.55631,-5.81867,1.28889
-0.02009,-3.21271,0.69013
0.51489,-3.28732,0.85939
1.06930,-2.09248,0.62683
1.59567,-0.56079,0.21836
2.08398,-0.53138,0.24744
2.51037,-0.41548,0.24888
2.88789,-0.38795,0.24777
3.17047,-0.38370,0.18775
3.38635,-0.56660,0.24169
3.53817,-0.55213,0.20336
3.60030,-0.61384,0.21377
3.58661,-0.89343,0.28409
3.51874,-1.40969,0.32518
3.35675,-1.98486,0.40320
3.12419,-2.08119,0.50485
2.83591,-3.07087,0.58078
2.46216,-2.51412,0.35808
2.03690,1.72697,0.29290
1.55758,0.90491,0.17737
1.05127,1.06055,0.28387
0.49468,0.51826,0.34153
-0.08481,-0.33487,0.16739
-0.67756,-1.58813,0.50096
-1.27107,3.08198,1.03542
-1.84034,4.71687,0.93949
-2.36274,4.33635,0.79175
-2.85602,4.34953,0.78305
-3.30299,5.75790,0.91067
-3.69840,5.71145,0.89669
-4.03782,5.27773,0.85930
-4.31438,5.08374,0.83907
-4.54325,4.51816,0.72220
-4.70765,4.30130,0.82559
-4.80593,3.80811,0.51254
-4.84161,4.68536,0.94194
-4.81987,3.92687,0.63191
-4.73146,3.86354,0.67615
-4.57500,3.71239,1.10948
-4.37809,2.95387,1.07887
-4.11938,-0.23868,2.24829
-3.78446,-3.47766,0.76753
-3.42946,-2.82833,0.52330
-3.02232,-1.69626,0.42696
-2.56769,-4.02042,0.76624
-2.07075,-3.39106,0.40283
-1.52097,-3.34736,0.71475
-0.96590,-5.27746,1.02495
-0.38467,-2.82756,0.76211
0.21406,-1.85764,0.69971
0.81877,-0.21135,0.22605
1.41670,0.03708,0.09726
1.99898,0.05899,0.14816
2.54312,0.09446,0.11852
3.05408,0.10056,0.14380
3.50925,0.09602,0.15361
3.91513,0.11553,0.16815
4.26312,0.04840,0.15182
4.56970,-0.00783,0.12227
4.80328,0.00888,0.08845
4.97415,0.03402,0.15022
5.08079,-0.06005,0.11775
5.12047,-0.03654,0.18671
5.08561,-0.06317,0.13645
4.98556,-0.10926,0.11859
4.82055,-0.09191,0.14311
4.57921,-0.22360,0.11706
4.27921,-0.37416,0.19057
3.93011,-0.75942,0.23472
3.51525,-1.76949,0.37127
3.05179,-1.90668,0.45772
2.54310,1.73567,0.27688
2.01435,0.94820,0.29544
1.43219,0.79930,0.22728
0.83668,0.77229,0.39574
0.22528,-0.19126,0.15202
-0.39579,-0.22930,0.16837
-1.02209,-2.93962,0.93853
-1.64485,-4.18465,1.84661
-2.25385,3.36286,0.99260
-2.84095,3.44883,0.50589
-3.40197,4.85035,1.13348
-3.93110,4.22322,0.86648
-4.41182,4.37799,0.91438
-4.86883,4.77910,0.93664
-5.27878,4.30925,0.76279
-5.63725,3.92096,0.75125
-5.94039,3.47296,0.62409
-6.18096,3.90412,0.86451
-6.38752,4.02477,0.81199
-6.52365,4.03520,0.73953
-6.59848,4.36816,0.71092
-6.61385,4.29115,0.86676
-6.57607,4.14012,0.78727
-6.46728,3.51076,0.54913
-6.27721,4.07524,0.59689
-6.08019,3.96803,0.62919
-5.82436,3.31355,0.63524
-5.51150,-1.47917,1.77550
-5.11830,-2.35517,1.12302
-4.72777,-3.35669,0.93377
-4.28964,-3.37688,0.70412
-3.80872,-2.01427,0.55367
-3.29028,-1.67292,0.84230
-2.70938,-3.70005,0.64787
-2.14252,-2.62825,0.50201
-1.55363,-4.18519,0.77224
-0.94912,-3.45434,0.72561
-0.33426,0.69810,1.31527
0.28761,-0.66297,0.49076
0.91354,0.09991,0.10053
1.53748,0.12873,0.17293
2.15286,0.08340,0.14471
2.74384,0.06282,0.14121
3.31028,0.08553,0.17727
3.84673,0.10701,0.16123
4.34135,0.03631,0.11990
4.81683,0.07763,0.14673
5.21089,0.14233,0.14905
5.55248,0.04854,0.13964
5.83800,0.07984,0.15362
6.06090,0.04397,0.09952
6.20382,0.04662,0.10874
6.28300,0.04653,0.16270
6.29476,0.05725,0.09729
6.22961,0.00939,0.14047
6.10075,-0.08425,0.12642
5.90937,-0.06689,0.16406
5.65299,-0.09875,0.14510
5.33960,-0.06964,0.13647
4.97445,-0.02344,0.09981
4.55558,-0.13399,0.09415
4.09200,-0.74212,0.22231
3.59381,-1.43501,0.32934
3.05706,1.20659,0.27810
2.49487,1.25776,0.21924
1.90137,0.72495,0.24481
1.29149,1.03315,0.30198
0.67719,-1.06932,0.59377
0.05956,0.01034,0.11071
-0.56283,-1.32044,0.79673
-1.18818,-3.37518,1.00188
-1.81057,2.07612,1.51384
-2.42355,-0.90525,2.30194
-3.02198,2.17247,1.48900
-3.60039,4.39979,0.90215
-4.15264,3.98327,0.52558
-4.67272,5.28117,0.86682
-5.15501,4.30351,0.80847
-5.59246,3.66213,0.69844
-5.98686,3.01529,0.78181
-6.33702,2.99824,0.63042
-6.62243,2.87856,0.68371
-6.84888,3.03126,0.58244
-7.02901,2.86666,0.43694
-7.14149,2.98667,0.72285
-7.19183,3.35975,0.89193
-7.17773,3.64769,0.65871
-7.10024,3.86609,0.92261
-6.95975,4.04927,0.71633
-6.75547,3.16559,0.44381
-6.49496,3.02005,0.50599
-6.18418,2.21350,0.41910
-5.81342,-0.32008,1.75281
-5.39679,-2.97818,1.40831
-4.94674,-3.38223,0.76028
-4.45584,-3.50596,0.76277
-3.92924,-1.04163,0.35139
-3.37266,1.14159,0.57903
-2.77253,-2.42794,0.45837
-2.17824,-2.69727,0.46350
-1.57103,-2.00433,1.20712
-0.95653,0.06279,2.26278
-0.33713,-0.28523,1.26053
0.28684,0.26829,0.20139
0.91206,0.16874,0.12403
1.53151,0.09716,0.12947
2.14162,0.11166,0.14144
2.73341,0.09611,0.13729
3.29802,0.11792,0.23215
3.83413,0.12053,0.13711
4.32910,0.04687,0.14806
4.79227,0.04335,0.12595
5.21886,0.06937,0.09539
5.57511,0.07576,0.13441
5.87675,0.07764,0.18756
6.12043,0.08565,0.17532
6.30278,0.05759,0.15311
6.41429,0.06005,0.14007
6.46201,0.04815,0.10929
6.44570,0.05804,0.14465
6.35740,0.01817,0.06823
6.20621,-0.01445,0.12339
5.99639,0.05571,0.12162
5.71388,0.01083,0.14312
5.37616,-0.04779,0.20135
4.98692,-0.04789,0.13310
4.55121,-0.22848,0.16391
4.06643,-0.65294,0.22472
3.55009,-1.33041,0.24430
2.99853,1.25770,0.24744
2.42006,1.15605,0.35187
1.82089,0.79247,0.30141
1.20800,0.81356,0.34935
0.59257,-0.80649,0.46437
-0.02232,0.09712,0.20086
-0.63233,-1.99697,0.81404
-1.24358,1.81183,0.60542
-1.86010,2.51354,1.51603
-2.47878,-3.75821,0.68423
-3.09529,-0.01160,0.68980
-3.70607,4.40569,0.90822
-4.30484,-1.24063,0.87093
-4.88512,2.44094,0.59263
-5.44065,1.30131,0.30826
-5.96544,0.77877,0.24988
-6.46087,0.42323,0.22565
-6.90594,0.28866,0.21976
-7.30753,0.25926,0.17342
-7.65424,0.18140,0.17030
-7.93566,0.26188,0.14874
0.00293,-3.22116,0.45384
0.00293,-3.32234,0.38247
0.00266,-3.10594,0.48308
0.00187,-3.14267,0.35982
0.00065,-3.03815,0.35146
-0.00087,-3.02934,0.44354
-0.00297,-2.93483,0.56515
-0.00562,-3.21699,0.39859
-0.00888,-3.16159,0.36801
-0.01285,-3.17841,0.48372
-0.01757,-3.18631,0.36916
-0.02310,-3.28309,0.32571
-0.02954,-3.68714,0.49921
-0.04011,-3.40970,0.54336
-0.04649,-3.69625,0.43381
-0.05507,-3.74872,0.57584
-0.05839,-3.58692,0.62331
-0.07186,-3.44312,0.48235
-0.08684,-3.39331,0.41778
-0.10330,-3.64554,0.46789
-0.12110,-3.27020,0.43624
-0.14031,-2.44028,0.74069
-0.16106,-2.95053,0.54591
-0.18324,-3.12430,0.66214
-0.20655,-2.98380,0.58114
-0.23096,-2.78169,0.69731
-0.25658,-2.94947,0.60348
-0.28343,-2.78666,0.53844
-0.31031,-2.44657,0.51119
-0.33749,-3.18287,0.65473
-0.36482,-3.24390,0.56427
-0.39216,-2.80714,0.49213
-0.41885,-2.45562,0.93404
-0.44435,-2.96627,0.59510
-0.46841,-2.27254,0.73141
-0.49117,-2.73478,0.73667
-0.51143,-2.50131,0.54706
-0.52884,-2.61210,0.77799
-0.54313,-3.01676,0.48890
-0.55396,-3.30126,0.58051
-0.56114,-3.06393,0.46771
-0.57283,-3.15652,0.55257
-0.56636,-2.94254,0.61443
-0.55509,-3.32919,0.72208
-0.53910,-3.66492,0.60670
-0.51848,-3.86363,0.58047
-0.49354,-3.81966,0.56037
-0.46371,-3.74249,0.55486
-0.43143,-4.30190,0.53496
-0.39615,-3.87045,0.51010
-0.35847,-3.66054,0.57904
-0.31885,-3.81043,0.77239
-0.27424,-3.57276,0.51059
-0.23727,-3.85945,0.64196
-0.20155,-3.89468,0.56327
-0.16767,-3.83162,0.60506
-0.13656,-3.65357,0.63570
-0.10541,-3.73108,0.57823
-0.08851,-3.30411,0.48835
-0.07749,-3.35396,0.66088
-0.07264,-3.44617,0.57748
-0.07385,-3.40827,0.40635
-0.08286,-3.44356,0.56940
-0.09875,-3.41405,0.51311
-0.12133,-3.45979,0.51337
-0.15002,-3.73572,0.51544
-0.18565,-4.01159,0.61070
-0.21787,-3.56320,0.56019
-0.25364,-3.66274,0.56781
-0.29178,-3.44963,0.49250
-0.33360,-3.22660,0.53658
-0.35677,-3.28193,0.45496
-0.37836,-3.34899,0.54321
-0.39771,-3.86641,0.56346
-0.41292,-3.57593,0.41118
-0.40335,-3.64714,0.56798
-0.38908,-3.27935,0.41103
-0.38930,-3.30287,0.43836
-0.33661,-3.52425,0.51303
-0.28042,-3.49300,0.59579
-0.22258,-3.61443,0.60167
-0.17053,-3.94651,0.75574
-0.08790,-4.37453,0.75359
-0.01065,-4.40209,0.67553
0.03611,-4.48736,0.80847
0.12202,-4.80152,0.72893
0.19145,-4.74001,1.18363
0.23993,-4.55475,0.78661
0.25996,-4.89686,0.69273
0.29564,-4.58246,0.68993
0.30365,-4.81320,0.77610
0.25866,-3.95418,0.59097
0.25413,-3.66837,0.54601
0.22195,-4.14553,0.90039
0.16199,-3.58386,0.52191
0.08499,-3.52665,0.41918
0.02146,-3.40493,0.51345
-0.06133,-3.71003,0.46508
-0.16272,-3.72674,0.51114
-0.22019,-3.77940,0.55038
-0.28427,-3.54546,0.56914
-0.36304,-3.52402,0.48924
-0.37364,-3.73485,0.45784
-0.38117,-3.56669,0.65100
-0.39618,-3.73798,0.47318
-0.34526,-3.80431,0.62690
-0.28932,-4.38827,0.84097
-0.24396,-4.33395,0.63354
-0.13612,-4.44016,0.83499
-0.03104,-4.87129,0.82081
0.05138,-4.84748,0.92129
0.18259,-4.87378,0.81310
0.29017,-4.85572,0.86016
0.35541,-5.07214,0.97996
0.44062,-4.69376,0.81099
0.48277,-4.44879,0.85906
0.46680,-4.72107,0.87462
0.45468,-4.34953,0.64213
0.39429,-4.35314,0.61275
0.27825,-3.38460,0.51831
0.16907,-3.79138,0.52760
0.02378,-3.37409,0.59805
-0.16280,-3.41653,0.49880
-0.30688,-1.82675,0.73731
-0.45871,-1.73094,0.57490
-0.61894,-2.82015,0.52077
-0.70766,-2.81056,0.48471
-0.77633,-3.07903,0.66370
-0.81429,-3.57865,0.62697
-0.78769,-3.22253,0.47507
-0.74761,-4.20811,0.60518
-0.67225,-4.58999,0.72082
-0.55242,-4.99437,0.93847
-0.45261,-4.81505,0.84613
-0.26141,-5.13127,0.82641
-0.08422,-5.16289,1.01749
0.05768,-5.64378,0.83149
0.25096,-4.99517,0.73240
0.39266,-5.51326,1.21566
0.46926,-6.07871,1.27232
0.55318,-5.28590,0.92840
0.55845,-4.79482,1.06927
0.49165,-4.24042,0.60266
0.40456,-4.22243,0.51010
0.24291,-3.84184,0.46307
0.03159,-3.53205,0.56921
-0.17284,-1.76794,1.01071
-0.41660,-2.82147,0.74039
-0.66962,-2.67563,0.86006
-0.88730,-0.15774,0.79592
-1.10303,-0.28610,1.10301
-1.26688,-1.60582,0.84015
-1.36781,-2.93632,0.60437
-1.43344,-2.48699,0.85392
-1.36991,-3.08293,0.58819
-1.25254,-2.96883,0.42762
-1.07007,-5.09717,0.99561
-0.80167,-4.68603,0.92345
-0.50286,-4.67038,0.81359
-0.17453,-6.32802,1.26741
0.17724,-5.58536,1.22979
0.50404,-5.14081,0.98621
0.79527,-4.89949,1.07965
1.04996,-5.06776,0.97058
1.22163,-4.46964,0.71473
1.32471,-4.10681,0.88557
1.38717,-4.36122,1.07170
1.36426,-4.84181,0.83603
1.27254,-5.10094,0.90692
1.13746,-4.59655,0.81317
0.92317,-3.09321,0.49427
0.64213,-1.86443,0.95686
0.33542,0.30241,0.15608
-0.03630,-0.64280,0.57913
-0.47265,-1.16468,0.52938
-0.88329,0.22445,1.12790
-1.30440,1.81107,0.76997
-1.71158,2.82541,0.82780
-2.06408,3.28840,0.87560
-2.32068,3.19365,0.68204
-2.50350,2.32490,1.03374
-2.57829,-0.35595,2.06507
-2.54907,-2.05565,0.80390
-2.44785,-2.28261,0.49518
-2.20518,-2.17036,0.54015
-1.89326,-3.69514,0.71102
-1.52198,-3.75701,0.62501
-1.06693,-4.26887,0.79401
-0.57505,-5.21081,0.77019
-0.06770,-4.69342,1.01454
0.44203,-4.19426,0.76924
0.89060,-3.40179,0.91698
1.28400,-3.18235,1.01492
1.61260,-3.15068,0.98288
1.87205,-3.46740,1.02097
2.04928,-3.13444,0.73534
2.14645,-2.96001,0.45054
2.16789,-3.29170,0.70996
2.08333,-3.98093,0.69050
1.92269,-4.46820,0.80279
1.69888,-3.83916,0.79411
1.39293,-1.68266,1.11582
1.02623,0.85704,0.16716
0.60943,0.82962,0.39249
0.12583,-0.08161,0.13273
-0.39561,-0.29969,0.42271
-0.94131,-1.10480,1.33468
-1.49616,2.33887,1.81791
-2.02904,5.28302,0.99436
-2.53852,4.27635,0.93375
-2.99721,4.71340,0.87378
-3.40159,5.42816,1.00072
-3.73794,4.90588,0.88973
-4.03250,5.70837,0.80453
-4.26179,4.61543,0.92198
-4.42346,4.03459,0.64293
-4.51339,4.52229,0.74606
-4.55046,4.62063,0.80261
-4.51776,3.60446,0.53419
-4.40473,2.53103,1.84462
-4.25696,3.59752,1.07602
-4.04325,3.86127,1.42689
-3.76640,-0.51140,2.22840
-3.42565,-2.99907,0.62002
-3.05097,-2.11022,0.44888
-2.62398,-3.58652,0.58862
-2.14977,-4.00204,0.87324
-1.61916,-3.31270,0.59128
-1.07904,-5.52244,0.96576
-0.51271,-4.11468,0.97600
0.06615,-2.43493,0.47577
0.64318,-2.41447,0.73520
1.20004,-0.97739,0.35106
1.72490,-0.29749,0.20260
2.19637,-0.23567,0.23480
2.61068,-0.18376,0.16522
2.97578,-0.10711,0.21110
3.27741,-0.22943,0.19328
3.51603,-0.39833,0.22188
3.68447,-0.29710,0.21297
3.78087,-0.38559,0.16347
3.81894,-0.48518,0.23457
3.78250,-0.84689,0.28616
3.67948,-1.00583,0.33694
3.51876,-1.68956,0.41236
3.27534,-1.80339,0.44456
2.96746,-3.14659,0.50644
2.61401,-2.95763,0.40906
2.18293,1.49857,0.27009
1.70823,1.39461,0.26933
1.18759,1.07577,0.34032
0.63893,1.24853,0.35760
0.07592,-0.21845,0.12592
-0.52723,-1.06751,0.22132
-1.14335,-1.54393,0.70516
-1.76191,-1.15494,2.86662
-2.36990,1.70420,1.57429
-2.95427,3.71906,0.64969
-3.51007,5.07686,0.93892
-4.03176,3.94789,0.74285
-4.51385,4.53036,0.93995
-4.94467,4.58335,0.75333
-5.34205,4.67436,1.04498
-5.68631,3.93334,0.56096
-5.97375,3.41658,0.64637
-6.19258,3.98148,0.94054
-6.38118,3.86568,0.81262
-6.49842,3.99041,0.83014
-6.55360,4.23095,0.71978
-6.54507,3.96310,0.93539
-6.47944,3.87073,0.53748
-6.34947,3.88577,0.64731
-6.13786,3.77695,0.82587
-5.92148,3.40658,0.46318
-5.64602,2.49781,0.76006
-5.31408,-2.42988,1.42854
-4.92943,-3.08435,0.64329
-4.48517,-3.73103,0.83583
-4.03086,-3.00961,0.72910
-3.53536,-1.39320,0.31877
-3.00413,-2.79662,0.51311
-2.44299,-3.15471,0.62963
-1.82622,-3.25714,0.51503
-1.22992,-3.65042,0.69946
-0.62020,-2.41272,0.73766
-0.00267,-1.11364,1.04112
0.61538,0.13212,0.15961
1.21885,0.07669,0.15803
1.79726,0.04553,0.10272
2.35421,0.09296,0.11377
2.87155,0.08435,0.15169
3.34743,0.10084,0.12218
3.79846,0.06597,0.15603
4.15116,0.05502,0.13471
4.45656,0.02915,0.16181
4.70719,0.04328,0.09444
4.89642,0.02048,0.10058
5.00156,-0.07535,0.10851
5.04233,-0.04159,0.17973
5.01806,-0.10969,0.19384
4.91469,-0.11629,0.16772
4.74836,-0.24311,0.16829
4.52209,-0.20352,0.17980
4.23111,-0.33406,0.16825
3.88509,-0.62561,0.16191
3.49300,-1.67855,0.38673
3.05162,-2.31504,0.20428
2.56107,1.98193,0.32040
2.03430,1.11322,0.29140
1.47061,0.84581,0.21707
0.89042,1.63529,0.26612
0.29793,-0.19513,0.13811
-0.31480,-0.10721,0.12406
-0.93518,-0.58695,1.09920
-1.55930,-4.33497,0.84963
-2.18025,5.18422,1.10902
-2.79153,-2.87605,1.95341
-3.38309,3.83297,0.69760
-3.95107,3.53478,0.49531
-4.48982,4.51912,0.86077
-4.99346,4.61420,0.75737
-5.45651,4.13950,0.67260
-5.87109,2.96245,0.66616
-6.24740,2.47486,0.61382
-6.56357,2.28656,0.51397
-6.82355,2.59822,0.51044
-7.02128,2.71659,0.70457
-7.16491,3.25438,0.64420
-7.24726,2.81679,0.64379
-7.26496,3.47802,0.66594
-7.21852,3.56609,0.76110
-7.10874,3.92606,0.66537
-6.93652,3.43521,0.45849
-6.69517,3.26135,0.40365
-6.40957,3.07503,0.50923
-6.06316,1.83882,0.80159
-5.67365,-2.99567,0.92942
-5.22891,-0.91171,1.92751
-4.75651,-4.26641,0.82052
-4.24571,-2.67434,0.76952
-3.70210,0.50023,0.31751
-3.13157,-2.12555,0.77467
-2.54029,-1.74664,0.58018
-1.93465,-2.88513,0.69258
-1.29765,-2.16095,0.51684
-0.68082,0.72516,1.30912
-0.05896,-0.20357,1.29902
0.56646,0.17481,0.14531
1.18916,0.10987,0.12414
1.80017,0.09161,0.13783
2.40541,0.07131,0.10373
2.97768,0.07325,0.12904
3.52655,0.17310,0.18978
4.03825,0.13850,0.11869
4.51701,0.07027,0.17714
4.95603,0.05410,0.09622
5.35883,0.05785,0.11577
5.68480,0.03149,0.12384
5.95435,0.08285,0.14252
6.16459,0.03418,0.12901
6.31380,0.08832,0.15783
6.39011,0.06260,0.13659
6.40243,0.03935,0.09419
6.35197,0.02761,0.12289
6.22904,-0.02018,0.11516
6.04418,-0.02985,0.09164
5.80440,-0.03529,0.13701
5.49150,-0.03291,0.20172
5.12541,-0.07962,0.17747
4.71010,-0.12985,0.13565
4.25402,-0.45549,0.20002
3.75399,-1.41652,0.30530
3.21593,0.98272,0.52917
2.64916,1.43343,0.27071
2.05664,0.50196,0.23527
1.44860,1.07937,0.23590
0.83645,-0.09601,0.55490
0.22113,0.00283,0.14759
-0.39030,-0.07344,0.17559
-0.99865,-3.61626,0.61223
-1.60890,3.19315,0.80400
-2.22412,-5.58581,1.49783
-2.84277,-0.98312,1.63392
-3.46048,-3.12503,2.60429
-4.07276,-2.11530,0.46380
-4.67324,1.69335,0.37484
-5.25545,0.39452,0.21860
-5.81306,0.21054,0.16483
-6.34556,0.11393,0.11162
-6.83579,0.01834,0.16914
-7.28562,0.04246,0.10413
-7.68386,0.06062,0.12244
0.00297,-3.15896,0.35224
0.00296,-3.18355,0.36141
0.00297,-3.14212,0.37363
0.00236,-3.17483,0.51543
0.00142,-3.20964,0.49147
0.00024,-3.25075,0.54414
-0.00157,-3.01574,0.29849
-0.00396,-2.98929,0.29274
-0.00695,-2.82872,0.34075
-0.01059,-3.17049,0.41691
-0.01496,-2.89385,0.49985
-0.02014,-3.40849,0.56511
-0.02620,-3.40076,0.32211
-0.03319,-3.45098,0.61269
-0.04604,-3.85335,0.57616
-0.05048,-3.82421,0.47320
-0.06062,-3.76415,0.42353
-0.06512,-3.39659,0.56504
-0.07934,-3.55809,0.52442
-0.09510,-3.47380,0.45290
-0.11222,-3.36846,0.43101
-0.13074,-3.16297,0.58985
-0.15082,-3.25260,0.58490
-0.17235,-2.90477,0.59351
-0.19523,-2.69101,0.81522
-0.21928,-3.02322,0.67447
-0.24452,-2.92460,0.48790
-0.27077,-2.96652,0.73427
-0.29796,-2.78727,0.57435
-0.32527,-3.08605,0.53712
0.00257,-3.18584,0.46084
0.00257,-3.17307,0.41119
0.00257,-3.18843,0.55912
0.00232,-3.21840,0.46098
0.00221,-3.23719,0.48817
0.00177,-3.32398,0.47947
0.00103,-3.05618,0.44074
0.00018,-3.07514,0.30185
-0.00093,-2.80270,0.56956
-0.00246,-3.16532,0.46579
-0.00401,-2.94186,0.39473
-0.00587,-3.43120,0.41510
-0.00804,-3.02160,0.49711
-0.01053,-3.01637,0.53422
-0.01337,-3.06635,0.49766
-0.01658,-3.09125,0.51574
-0.02017,-3.32447,0.46820
-0.02419,-3.51408,0.28914
-0.02867,-3.75057,0.64590
-0.03360,-3.40021,0.38008
-0.04493,-3.72272,0.57179
-0.04477,-3.83095,0.49521
-0.05139,-3.48511,0.41944
-0.05850,-3.72286,0.57014
-0.05871,-3.48339,0.43629
-0.06791,-3.54964,0.50080
-0.07779,-3.38361,0.57137
-0.08837,-3.30879,0.43680
-0.09964,-3.65552,0.64129
-0.11151,-3.36279,0.42945
-0.12410,-3.25322,0.44017
-0.13736,-2.95971,0.62571
-0.15127,-2.62120,0.59037
-0.16574,-2.62891,0.75591
-0.18078,-3.12748,0.50585
-0.19647,-3.24901,0.46376
-0.21271,-3.17574,0.52651
-0.22933,-2.71509,0.62778
-0.24636,-3.33108,0.45615
-0.26421,-3.29901,0.49081
-0.28195,-2.60635,0.64101
-0.29981,-3.04670,0.63700
-0.31779,-3.20356,0.59915
-0.33593,-2.73402,0.58677
-0.35407,-2.92191,0.49398
-0.37197,-2.55038,0.66520
-0.38958,-2.24547,0.60801
-0.40683,-2.35729,0.67086
-0.42373,-2.47606,0.87788
-0.44009,-1.76785,0.80567
-0.45564,-2.40910,0.82700
-0.47075,-2.45483,0.77053
-0.48457,-2.78893,0.60978
-0.49734,-2.59625,0.92737
-0.50883,-3.02710,0.62447
-0.51900,-3.22536,0.60624
-0.52786,-3.20634,0.50989
-0.53516,-3.21600,0.51294
-0.54085,-3.43898,0.58385
-0.54491,-2.89567,0.44494
-0.55770,-3.03717,0.63350
-0.55477,-3.12364,0.66692
-0.54981,-2.92798,0.55708
-0.54291,-3.33648,0.57403
-0.53413,-3.43255,0.58709
-0.52355,-3.93461,0.53014
-0.51113,-3.85373,0.50672
-0.49693,-3.71184,0.66236
-0.48104,-4.17221,0.65180
-0.46274,-3.81258,0.54441
-0.44459,-3.54856,0.59229
-0.42514,-4.06983,0.58078
-0.40465,-3.51348,0.52003
-0.38331,-3.70760,0.61432
-0.36115,-3.38995,0.44994
-0.33846,-3.59432,0.54375
-0.31557,-3.35983,0.45741
-0.28843,-3.57902,0.62292
-0.26793,-3.42731,0.54916
-0.24797,-3.62264,0.52615
-0.22876,-3.61311,0.51171
-0.21029,-3.47699,0.57119
-0.19282,-3.31028,0.44559
-0.17659,-3.44901,0.39217
-0.15557,-3.50390,0.56792
-0.14634,-3.15507,0.45424
-0.13906,-3.21301,0.52836
-0.13372,-3.18376,0.40237
-0.13048,-3.47181,0.52761
-0.12939,-3.45680,0.58939
-0.13046,-3.81668,0.42713
-0.13324,-3.35393,0.52572
-0.13890,-3.52873,0.43399
-0.14664,-3.48941,0.51773
-0.15643,-3.61792,0.47473
-0.16816,-3.40668,0.52483
-0.18157,-3.79834,0.50718
-0.20462,-3.59800,0.52165
-0.21665,-4.06491,0.57065
-0.22966,-4.07555,0.75168
-0.24362,-3.85768,0.63171
-0.25825,-4.05866,0.59539
-0.27334,-4.00411,0.59207
-0.30907,-3.77090,0.56376
-0.31470,-4.20889,0.59551
-0.31949,-3.84876,0.58432
-0.32381,-3.81362,0.65279
-0.32776,-3.86594,0.72913
-0.33128,-3.45715,0.47689
-0.36051,-3.76240,0.59856
-0.34873,-3.93877,0.52662
-0.33569,-3.48265,0.52012
-0.32212,-3.22812,0.42198
-0.30835,-3.33299,0.42121
-0.29459,-3.47966,0.43834
-0.31322,-3.83883,0.64468
-0.28041,-3.62081,0.54585
-0.24754,-3.76234,0.66893
-0.21585,-3.88284,0.70737
-0.18571,-3.72109,0.52725
-0.15774,-3.99268,0.55456
-0.15612,-3.94705,0.61425
-0.11576,-4.09738,0.46126
-0.07859,-3.82915,0.46740
-0.04551,-4.02527,0.72476
-0.01730,-3.83674,0.51511
0.00527,-3.97385,0.62824
0.00620,-3.69273,0.48073
0.03671,-4.04696,0.66087
0.06099,-4.10176,0.74156
0.07818,-4.04166,0.62090
0.08793,-3.97178,0.80635
0.06221,-3.73304,0.71001
0.08022,-4.04338,0.79700
0.09160,-3.80463,0.48608
0.09526,-4.12461,0.67808
0.09102,-4.19577,0.64263
0.03424,-4.18432,0.47329
0.04481,-4.20339,0.62101
0.04927,-4.05303,0.61503
0.04668,-3.82363,0.76603
0.03694,-3.65067,0.49318
0.02036,-3.96951,0.58082
-0.02317,-3.83339,0.38798
-0.02491,-4.04471,0.58754
-0.03167,-4.02513,0.57849
-0.04390,-3.85735,0.62580
-0.06165,-3.80459,0.57517
-0.11283,-4.10150,0.73004
-0.10701,-3.64474,0.59595
-0.10445,-3.85860,0.66403
-0.10609,-3.86823,0.61273
-0.11200,-4.17885,0.68079
-0.15420,-4.04480,0.63251
-0.13102,-4.28666,0.76123
-0.11091,-4.25497,0.77103
-0.09487,-4.42456,0.68511
-0.08366,-4.27676,0.78913
-0.10357,-4.39446,0.83458
-0.07129,-4.15729,0.59618
-0.04322,-3.80312,0.62271
-0.02133,-4.48180,0.73272
-0.00613,-4.05809,0.57801
-0.02168,-4.30263,0.77793
0.01154,-4.28440,0.79117
0.03795,-3.98039,0.66987
0.05624,-4.01259,0.56448
0.06621,-3.85008,0.54627
0.04706,-3.96248,0.67159
0.07216,-3.81965,0.57662
0.08919,-4.11619,0.64329
0.09692,-3.72436,0.58235
0.09501,-4.31859,0.74952
0.07078,-3.91872,0.70048
0.07768,-3.84814,0.62790
0.07594,-4.36608,0.74586
0.06497,-4.43033,0.52572
0.01321,-4.07670,0.67611
0.01128,-4.11046,0.65976
0.00237,-3.82380,0.57706
-0.01409,-3.70095,0.54686
-0.03780,-3.59944,0.50826
-0.09102,-3.72786,0.48950
-0.10310,-3.52000,0.52087
-0.11938,-3.43847,0.43740
-0.13998,-3.50913,0.42359
-0.16456,-3.57487,0.54075
-0.21271,-3.64047,0.47108
-0.21167,-3.31372,0.47617
-0.21225,-3.63647,0.57657
-0.21506,-3.57107,0.55406
-0.26445,-3.69382,0.67700
-0.23545,-3.93551,0.52198
-0.20722,-3.89308,0.67004
-0.18118,-3.90356,0.58067
-0.15809,-4.30853,0.91648
-0.16863,-4.63633,0.73502
-0.11601,-4.16246,0.75953
-0.06732,-4.60553,0.75742
-0.02443,-4.86286,0.93906
0.01134,-4.83851,0.81941
0.02422,-5.05729,0.75665
0.07926,-5.41108,0.83345
0.12520,-4.99932,0.85604
0.15959,-5.00231,0.88784
0.13784,-4.99360,0.98188
0.19152,-4.97815,0.95468
0.23353,-4.97051,0.73286
0.26126,-4.74058,0.92575
0.27346,-4.93026,0.89927
0.24296,-5.31850,0.81805
0.27124,-4.49009,0.81757
0.28512,-4.85797,0.89244
0.28302,-4.77370,0.69556
0.20865,-4.61000,0.89647
0.22401,-4.72434,0.69136
0.22655,-4.08235,0.63557
0.21492,-4.17359,0.64044
0.18894,-3.87268,0.76014
0.11989,-4.51079,0.74015
0.11009,-4.52778,0.78096
0.08984,-4.41767,0.61661
0.05919,-4.26573,0.53160
-0.03933,-4.76514,0.72952
-0.03846,-4.55205,0.77247
-0.04341,-4.41066,0.69651
-0.05548,-4.27234,0.86713
-0.07443,-4.68862,0.62996
-0.12894,-4.65359,0.64319
-0.11011,-4.11043,0.65183
-0.09582,-4.25851,0.67777
-0.08740,-4.55105,0.51141
-0.12794,-4.53359,0.74677
-0.08730,-4.13724,0.78310
-0.05192,-4.18207,0.66660
-0.02379,-4.31102,0.68771
-0.00334,-4.29586,0.71317
-0.00825,-4.60239,0.78991
0.03876,-4.89399,0.88028
0.07721,-4.47947,0.73545
0.10500,-4.79939,0.74658
0.08992,-4.58492,0.59857
0.13332,-4.61315,0.89029
0.16473,-5.03130,0.81765
0.18287,-4.86568,0.96080
0.14810,-4.62069,0.74365
0.17124,-4.64249,0.69997
0.18168,-4.17822,0.72488
0.17803,-4.12211,0.66793
0.16025,-3.95740,0.56280
0.10933,-4.40587,0.72964
0.10137,-4.35899,0.65753
0.08215,-4.16775,0.53480
0.05157,-3.97548,0.68787
-0.02567,-4.16078,0.57278
-0.03480,-3.84266,0.53301
-0.05102,-4.02162,0.54417
-0.07458,-3.91359,0.55028
-0.10479,-3.59565,0.54428
-0.14931,-3.38330,0.42733
-0.15513,-3.63458,0.59567
-0.16469,-3.49042,0.50207
-0.17820,-3.49348,0.37112
-0.21591,-3.69965,0.46589
-0.19529,-3.72047,0.68930
-0.17718,-3.99942,0.61121
-0.16279,-4.01537,0.58249
-0.18242,-4.12570,0.79730
-0.13696,-4.90379,0.80482
-0.09574,-4.90805,0.88111
-0.06078,-4.59943,0.68928
-0.07209,-4.55584,0.81879
-0.01414,-4.32051,0.55141
0.03582,-4.69888,0.77233
0.07539,-5.01809,0.92398
0.10327,-4.85773,0.70505
0.10708,-4.76902,0.78794
0.14910,-4.53167,0.84641
0.17808,-4.77969,0.67767
0.19236,-4.72653,0.76142
0.16479,-4.31252,0.82317
0.19341,-3.89703,0.58952
0.20787,-3.83567,0.53549
0.20671,-3.71967,0.53433
0.17330,-3.74963,0.61421
0.15996,-2.78837,0.45982
0.13286,-3.23171,0.44216
0.09238,-2.86251,0.58620
0.03937,-2.54482,0.71721
-0.02129,-0.91376,0.70857
-0.11527,0.10858,0.21624
-0.21559,-0.72819,0.84468
-0.31903,-0.99212,0.69354
-0.41633,-0.98268,0.53428
-0.53153,-2.50377,0.46901
-0.64045,-0.90220,0.27457
-0.73923,-2.18340,0.55944
-0.80841,-1.89461,0.58798
-0.89866,-2.72760,0.59005
-0.97085,-2.97633,0.36576
-1.02208,-2.34300,0.54522
-1.05073,-2.78568,0.47129
-1.05313,-2.09267,0.71194
-1.04971,-2.54268,0.49156
-1.02326,-2.94414,0.61447
-0.97444,-3.44982,0.62525
-0.89906,-3.48721,0.48586
-0.82091,-3.08635,0.40647
-0.72703,-3.32709,0.54107
-0.61886,-4.04859,0.54295
-0.49377,-4.12258,0.55522
-0.37326,-4.54619,0.72298
-0.25039,-4.52034,1.02002
-0.12834,-4.94019,0.76432
-0.00936,-4.85450,0.79851
0.10566,-4.70576,0.92455
0.19689,-4.65217,0.77262
0.27238,-4.59767,0.82246
0.33110,-4.91076,0.90548
0.37661,-4.25559,0.67416
0.38481,-3.94418,0.58366
0.37109,-3.58793,0.48088
0.33622,-3.45394,0.53393
0.29320,-3.10155,0.50383
0.20370,-2.12644,0.79617
0.09831,0.10629,0.24461
-0.02072,-0.72605,0.83143
-0.13291,0.08127,0.13307
-0.28422,-0.75026,0.52246
-0.43690,-1.30179,0.60672
-0.58619,-0.90538,0.79029
-0.72936,-1.52817,0.67685
-0.85134,-1.11385,0.45771
-0.98055,-1.25120,0.41710
-1.08932,-0.50381,0.86380
-1.17364,-1.67483,0.55170
-1.22349,-1.66873,0.72943
-1.25879,-2.57164,0.59265
-1.26470,-3.09493,0.43387
-1.24091,-3.30114,0.53071
-1.18863,-2.75830,0.55509
-1.10799,-3.44380,0.41893
-1.01294,-3.34048,0.51579
-0.89657,-3.58399,0.64271
-0.76343,-3.96334,0.67659
-0.61187,-4.13871,0.82735
-0.46437,-4.19323,0.73521
-0.31127,-4.58974,0.78130
-0.15831,-4.48857,0.61842
0.00470,-4.97633,0.86068
0.13341,-4.92983,0.81385
0.24911,-5.23059,0.85438
0.34715,-5.18045,1.05096
0.42476,-4.74581,0.68886
0.48712,-4.53665,0.66330
0.50482,-4.98960,0.70169
0.49710,-4.26117,0.77080
0.46498,-4.09996,0.52333
0.41791,-3.29301,0.39169
0.32956,-2.91661,0.39621
0.22272,-2.88824,0.55900
0.09923,-0.81235,0.97273
-0.02658,-1.38413,0.75450
-0.17952,-1.28138,0.83015
-0.33788,-1.93427,0.69216
-0.49707,-1.10081,0.63150
-0.65214,-1.50028,0.57126
-0.78719,-1.50510,0.67109
-0.92802,-1.83778,0.53147
-1.04948,-1.65726,0.55487
-1.14954,-1.75179,0.79030
-1.20531,-1.97607,0.62841
-1.26541,-1.69793,0.55811
-1.29712,-1.67815,0.96872
-1.29861,-2.41507,0.47719
-1.26969,-2.78333,0.47688
-1.19984,-2.25157,0.80811
-1.13807,-3.37170,0.54156
-1.05166,-3.38763,0.47582
-0.94410,-3.48617,0.50820
-0.79256,-4.06225,0.58491
-0.67549,-4.21668,0.77084
-0.54698,-4.46619,0.80281
-0.41208,-4.00039,0.71131
-0.27437,-4.45781,0.77978
-0.12539,-5.16878,1.01888
-0.00788,-4.90216,1.02102
0.10087,-4.94939,0.92562
0.19843,-4.38805,0.95054
0.30130,-4.88683,0.86495
0.34246,-4.75830,1.02995
0.36324,-4.10437,0.86818
0.36326,-3.95437,0.64729
0.34300,-3.65674,0.62667
0.30547,-3.00268,0.35435
0.23018,-3.38681,0.45279
0.13920,-3.29203,0.40441
0.03546,-0.60226,0.74783
-0.07381,-0.89850,0.76185
-0.20717,-0.38362,0.73344
-0.34395,-2.34868,0.65996
-0.48009,-2.89342,0.73554
-0.60843,-1.70906,0.96045
-0.73713,-2.09290,0.89171
-0.85297,-1.82607,0.68172
-0.95200,-1.40803,0.64999
-1.03185,-1.36716,0.71044
-1.08841,-2.86000,0.41399
-1.12370,-2.90576,0.39990
-1.13363,-3.37704,0.63323
-1.11804,-2.40030,0.52011
-1.07500,-3.01487,0.50215
-1.01505,-3.42554,0.53376
-0.93323,-3.05268,0.47391
-0.83187,-3.51864,0.52472
-0.71129,-3.65787,0.48221
-0.58361,-4.15012,0.77447
-0.44735,-4.02906,0.86567
-0.30620,-5.03475,0.75067
-0.16263,-4.73179,0.68770
-0.01720,-4.85017,0.87157
0.11061,-5.04555,0.95892
0.22755,-5.47704,1.02197
0.33053,-5.42296,0.88076
0.41583,-5.36817,0.93221
0.47846,-4.90509,0.99438
0.51670,-4.51978,0.85731
0.53026,-4.58368,0.71702
0.52569,-4.13559,0.78419
0.48182,-3.76113,0.63127
0.41406,-3.10856,0.30948
0.32485,-3.24042,0.43880
0.21696,-2.43178,0.66284
0.09819,-1.23990,0.91383
-0.04361,-0.76561,0.76470
-0.19383,-1.69182,0.81053
-0.34878,-0.42995,0.37491
-0.49048,-1.00553,0.60995
-0.64911,-0.82198,0.28055
-0.79729,-0.86425,0.45056
-0.93250,-0.83342,0.43304
-1.04753,-1.71431,0.57761
-1.13573,-0.86047,0.92182
-1.21649,-0.90147,0.89750
-1.26984,-1.16592,0.82800
-1.29278,-2.57887,0.53859
-1.27980,-3.27599,0.67194
-1.24978,-2.55804,0.57847
-1.19140,-3.04681,0.48715
-1.10727,-4.02808,0.61660
-0.99327,-3.37872,0.52868
-0.87067,-4.21363,0.51374
-0.73080,-4.20202,0.72282
-0.57754,-5.00109,0.88104
-0.41507,-4.74925,0.82644
-0.24075,-4.87441,0.71472
-0.08237,-4.80651,1.01683
0.06861,-5.40119,0.95900
0.20811,-5.33701,0.95606
0.33430,-5.48561,0.94166
0.44424,-5.10163,0.80062
0.52306,-5.22064,0.97261
0.57573,-5.28438,1.10649
0.60147,-4.83030,0.78745
0.60018,-4.63287,0.84207
0.57098,-4.34192,0.83401
0.51608,-4.20945,0.81149
0.43748,-3.25029,0.39750
0.33006,-3.87943,0.58939
0.21686,-2.71834,0.78377
0.08976,-1.13095,0.84766
-0.04788,-2.53447,0.73188
-0.19238,-2.10845,0.69463
-0.34746,-2.20075,0.84189
-0.48166,-1.54407,0.61421
-0.60983,-2.55686,0.61080
-0.72849,-1.75204,0.86754
-0.84304,-1.88615,0.67621
-0.92445,-2.86642,0.45676
-0.98605,-3.42051,0.74940
-1.02748,-3.11627,0.56880
-1.06065,-2.10660,0.60010
-1.04444,-2.38898,0.47708
-1.00518,-2.87658,0.68552
-0.94439,-3.61244,0.52121
-0.86430,-3.49939,0.52542
-0.77045,-4.46745,0.70073
-0.65148,-4.62549,0.69691
-0.52097,-4.71576,0.93184
-0.38262,-4.57649,0.83031
-0.24549,-5.03515,0.80776
-0.10042,-5.10814,0.84062
0.04052,-5.33157,0.89549
0.17193,-5.39282,0.85148
0.28937,-5.51226,1.01716
0.38775,-5.54125,1.15223
0.47307,-5.85018,0.89002
0.53603,-5.29694,0.80349
0.57346,-4.67870,0.76638
0.58203,-4.66259,0.74525
0.56902,-4.07719,0.66281
0.52981,-4.04040,0.77804
0.46575,-3.28767,0.54303
0.37801,-3.32545,0.45832
0.27130,-3.12937,0.37111
0.14686,-0.61911,0.89773
0.00947,-1.41346,0.83466
-0.13708,-0.29124,0.83894
-0.28992,-0.87280,0.81578
-0.44759,-1.39235,0.97922
-0.60168,-2.49585,0.83214
-0.74708,-1.96776,0.58543
-0.87903,-1.49456,0.51054
-0.99678,-1.31172,0.94914
-1.09476,-1.79695,0.59010
-1.16810,-2.41261,0.54297
-1.21578,-2.44805,0.62094
-1.23777,-3.32354,0.62127
-1.22381,-2.88422,0.69368
-1.18186,-2.74999,0.58419
-1.11404,-3.71123,0.69417
-1.02652,-3.18610,0.51510
-0.90727,-3.98570,0.64066
-0.77027,-4.56632,0.80055
-0.62071,-3.79595,0.65556
-0.47691,-4.37002,0.64134
-0.29968,-4.85992,0.83735
-0.12136,-5.18963,0.97288
0.05111,-5.14180,1.03597
0.21293,-4.99467,1.03002
0.35610,-5.30736,0.77199
0.49175,-5.10184,0.93895
0.60268,-4.97822,1.07686
0.68576,-5.24359,0.98042
0.73917,-4.97513,1.17262
0.76201,-5.15241,0.95329
0.75289,-4.61592,0.87673
0.71276,-4.54094,0.74110
0.64315,-3.71161,0.66499
0.54886,-3.13645,0.31635
0.42132,-2.84794,0.51790
0.27442,-0.14045,0.56362
0.11022,-0.86516,0.68484
-0.06405,-2.74462,0.64373
-0.24883,-1.70610,0.72726
-0.43425,-0.47459,0.30626
-0.61819,-1.20270,0.61149
-0.79508,-1.32722,0.50688
-0.95262,-1.56949,0.81756
-1.10265,-1.55614,0.79625
-1.23102,-1.04665,1.25412
-1.33287,-2.31916,0.66926
-1.38958,-2.17960,0.88825
-1.43840,-2.89545,0.67147
-1.45450,-2.66287,0.50552
-1.43695,-3.32804,0.54545
-1.38680,-3.03855,0.63336
-1.29420,-2.48150,0.61301
-1.20377,-3.80518,0.69119
-1.08791,-3.49011,0.63668
-0.94971,-3.79197,0.64560
-0.79510,-4.49440,0.77606
-0.61738,-4.53300,1.00898
-0.45817,-4.41121,0.71536
-0.29479,-4.83952,0.93039
-0.13268,-4.92878,0.88631
0.05146,-5.00442,0.91439
0.17587,-5.37598,1.14539
0.28691,-5.40858,0.77186
0.37956,-4.88004,0.96751
0.45154,-5.02153,0.93743
0.51171,-4.58841,0.78520
0.51880,-4.31670,0.65862
0.50110,-4.17123,0.70680
0.46009,-3.14573,0.46081
0.41829,-3.41734,0.55373
0.30860,-2.81735,0.51976
0.18188,-1.11378,0.97746
0.04227,-0.98163,0.77371
-0.10832,-2.22925,0.72521
-0.25504,-2.01369,0.79234
-0.43600,-1.54762,0.69944
-0.61300,-1.70479,0.51492
-0.78340,-1.73711,0.40674
-0.91879,-1.74819,0.42495
-1.07795,-2.15219,0.50598
-1.21405,-2.32002,0.37603
-1.32506,-2.37017,0.53974
-1.40479,-2.78506,0.46583
-1.43231,-2.81463,0.54303
-1.47368,-2.79780,0.50566
-1.48182,-2.48898,0.44861
-1.45617,-3.17743,0.48322
-1.39788,-3.22769,0.58342
-1.30182,-2.90646,0.45742
-1.20702,-3.56958,0.61482
-1.08807,-3.29592,0.51711
-0.94797,-3.78344,0.67173
-0.76105,-4.25898,0.83091
-0.61745,-4.72182,0.75280
-0.46495,-4.26348,0.75240
-0.30768,-4.65569,0.72685
-0.14997,-4.87654,0.88126
0.02182,-4.88925,0.77701
0.14885,-4.60748,0.90891
0.26251,-4.88329,0.83471
0.35977,-5.03181,0.95636
0.43859,-4.40081,0.85599
0.50287,-4.29358,0.69159
0.50856,-3.86631,0.55579
0.49001,-3.43626,0.49931
0.44859,-3.01647,0.38205
0.40431,-3.16420,0.47149
0.28797,-1.34343,0.79967
0.15440,-1.68143,0.94101
0.00827,-0.41979,0.49354
-0.10452,-1.26192,0.73957
-0.30273,-0.64504,0.35146
-0.50194,-0.70138,0.24502
-0.69625,-1.78200,0.48908
-0.88241,-1.49879,0.41229
-1.01759,-2.40502,0.78648
-1.20372,-1.27953,1.70095
-1.36737,-2.58332,1.37110
-1.50290,-1.76663,1.48794
-1.60498,-2.55621,0.90122
-1.63976,-2.78715,0.74103
-1.70213,-3.12041,0.45829
-1.72999,-2.70879,0.37934
-1.72344,-2.82453,0.44623
-1.68274,-2.67152,0.48803
-1.58212,-3.17016,0.67448
-1.51355,-3.52286,0.34456
-1.41245,-2.50284,0.56873
-1.28273,-3.06709,0.51856
-1.12877,-2.99082,0.42860
-0.92557,-3.68142,0.69130
-0.77815,-4.13274,0.64136
-0.61927,-3.96106,0.58572
-0.45328,-4.16764,0.59156
-0.28404,-4.55612,0.70210
-0.09256,-4.36698,0.71873
0.03167,-4.35796,0.66546
0.14541,-4.64570,0.75566
0.24711,-4.17748,0.78510
0.38414,-4.03123,0.61426
0.40205,-4.12406,0.64271
0.39845,-3.62185,0.54236
0.37498,-3.30175,0.47886
0.33238,-2.91431,0.37269
0.29385,-2.41206,0.71456
0.16662,-0.17763,0.62395
0.02644,-0.38409,0.65401
-0.12309,-0.41510,0.51675
0.00250,-3.26429,0.34611
0.00250,-3.11257,0.54176
0.00250,-3.25235,0.48080
0.00232,-3.15144,0.38565
0.00205,-3.30406,0.44565
0.00140,-3.14860,0.37611
0.00052,-3.03938,0.38478
-0.00055,-3.07545,0.45483
-0.00211,-3.05826,0.40906
-0.00366,-3.20334,0.49673
-0.00514,-3.08869,0.46978
-0.00704,-3.18500,0.38019
-0.00922,-3.05500,0.39098
-0.01175,-3.24509,0.39717
-0.01466,-3.15394,0.39471
-0.01797,-3.18637,0.47945
-0.02171,-3.15669,0.38582
-0.02590,-3.64935,0.58997
-0.03056,-3.77402,0.46935
-0.03575,-3.51821,0.35405
-0.04735,-3.94188,0.60502
-0.04753,-4.16440,0.57889
-0.05455,-3.70201,0.43638
-0.06215,-4.01848,0.55403
-0.06293,-3.49102,0.57428
-0.07273,-3.30230,0.53907
-0.08329,-3.33962,0.50676
-0.09462,-3.32124,0.56030
-0.10667,-3.11348,0.55996
-0.11939,-3.32307,0.52331
-0.13281,-2.93457,0.59449
-0.14692,-2.49147,0.57396
-0.16178,-2.97118,0.63100
-0.17731,-3.39306,0.51490
-0.19335,-3.23206,0.65649
-0.20994,-3.13703,0.65053
-0.22714,-2.30149,0.67294
-0.24476,-2.59996,0.57384
-0.26268,-2.51708,0.73687
-0.28138,-2.68287,0.74891
-0.29990,-2.74159,0.56484
-0.31849,-3.10727,0.60811
-0.33699,-3.43801,0.59430
-0.35553,-3.04688,0.63054
-0.37390,-2.98865,0.57417
-0.39180,-2.46264,0.72302
-0.40921,-1.87245,0.86847
-0.42617,-1.53301,0.65032
-0.44244,-2.76311,0.48404
-0.45773,-2.72775,0.68990
-0.47198,-2.72096,0.59660
-0.48538,-2.73345,0.57838
-0.49724,-2.64428,0.66264
-0.50764,-2.64160,0.54120
-0.51649,-3.21769,0.52247
-0.52381,-2.64216,0.81101
-0.52942,-3.35082,0.56146
-0.53317,-3.12301,0.59275
-0.53502,-3.27229,0.53133
-0.53496,-3.29992,0.45810
-0.54338,-3.21364,0.49971
-0.53588,-2.91101,0.53698
-0.52618,-3.26203,0.54127
-0.51438,-3.62973,0.50722
-0.50060,-3.80830,0.50253
-0.48495,-3.92218,0.59745
-0.46754,-4.14517,0.61638
-0.44852,-4.11894,0.67688
-0.42805,-3.63552,0.55646
-0.40553,-3.79322,0.58157
-0.38360,-3.80919,0.58032
-0.36083,-3.68340,0.59858
-0.33747,-3.73912,0.47652
-0.31384,-3.88257,0.48032
-0.29031,-3.53408,0.47741
-0.26700,-3.66897,0.55694
-0.24418,-3.77875,0.55612
-0.21814,-3.71393,0.70129
-0.19988,-3.49018,0.51995
-0.18305,-3.57392,0.57886
-0.16781,-3.56741,0.45213
-0.15449,-3.21061,0.39400
-0.14326,-3.77953,0.46576
-0.13416,-3.16430,0.37838
-0.12096,-3.18735,0.47694
-0.12034,-3.26006,0.36680
-0.12246,-3.25606,0.50145
-0.12711,-3.16810,0.54335
-0.13425,-3.39825,0.53695
-0.14375,-3.49223,0.60633
-0.15555,-3.36860,0.48761
-0.16902,-3.90992,0.53776
-0.18509,-3.28910,0.63843
-0.20279,-3.44440,0.58826
-0.22185,-3.54474,0.59768
-0.24210,-3.17136,0.60824
-0.26318,-3.27103,0.39611
-0.29279,-3.30130,0.53328
-0.30976,-3.57571,0.53713
-0.32635,-3.53096,0.48873
-0.34229,-3.52413,0.44887
-0.35728,-3.62226,0.52233
-0.37111,-3.34106,0.56755
-0.40401,-3.35971,0.51021
-0.40463,-3.57393,0.69233
-0.40269,-3.93066,0.53101
-0.39883,-3.86519,0.62660
-0.39312,-3.57947,0.57061
-0.38565,-3.76384,0.59722
-0.40291,-4.25848,0.75610
-0.37867,-3.91969,0.49568
-0.35209,-3.46318,0.43050
-0.32444,-3.82997,0.59493
-0.29667,-3.82059,0.54975
-0.26925,-3.84792,0.63161
-0.27493,-3.88240,0.70421
-0.22978,-3.78261,0.54503
-0.18556,-3.89410,0.55925
-0.14401,-3.97513,0.68923
-0.10606,-3.90025,0.67678
-0.07251,-4.08292,0.67933
-0.06863,-3.83658,0.68098
-0.02765,-3.85317,0.75256
0.00798,-3.70018,0.56931
0.03667,-4.05542,0.76882
0.05747,-3.98582,0.70308
0.07013,-4.11141,0.72092
0.05753,-4.35736,0.83863
0.07348,-4.10887,0.55052
0.08146,-4.03555,0.76563
0.08082,-4.30177,0.72094
0.07150,-4.15333,0.61780
0.02432,-4.00453,0.65723
0.02231,-3.88459,0.60196
0.01370,-3.78802,0.72039
-0.00218,-4.00876,0.49915
-0.02498,-3.67344,0.56077
-0.10019,-3.47954,0.46235
-0.10509,-3.31191,0.51163
-0.11326,-3.03499,0.37582
-0.12585,-3.07711,0.38215
-0.14249,-3.33694,0.42950
-0.16278,-3.19680,0.51004
-0.20771,-3.33328,0.60230
-0.20598,-3.54501,0.55657
-0.20583,-3.65567,0.59295
-0.20800,-3.47530,0.51452
-0.21252,-3.84693,0.58744
-0.24716,-3.66484,0.75032
-0.22230,-4.37599,0.69669
-0.19837,-3.95368,0.55094
-0.17695,-4.04051,0.81583
-0.15877,-4.18647,0.68271
-0.17600,-4.10376,0.65303
-0.12907,-4.18526,0.72258
-0.08533,-3.89637,0.75669
-0.04716,-4.22451,0.71943
-0.01647,-4.49445,0.81019
-0.01953,-4.65219,0.65442
0.02642,-4.51841,0.66369
0.06382,-4.86438,0.86233
0.09089,-4.77280,0.81285
0.10742,-4.56347,0.75559
0.08760,-4.52515,0.70761
0.11352,-4.40260,0.72456
0.12852,-4.03871,0.68209
0.13172,-4.00163,0.57775
0.12278,-3.93482,0.55395
0.07977,-4.30223,0.60379
0.07986,-4.37910,0.75457
0.07024,-3.90129,0.56461
0.05020,-3.70316,0.56014
0.02021,-3.86550,0.63646
-0.03313,-3.73168,0.54307
-0.05285,-3.71106,0.60955
-0.07903,-3.83882,0.64225
-0.11141,-3.59862,0.38373
-0.18232,-3.88874,0.56873
-0.19748,-4.05147,0.49527
-0.21493,-3.89643,0.70147
-0.23496,-3.90304,0.58776
-0.25670,-3.70043,0.44989
-0.30359,-3.76602,0.52150
-0.30322,-3.76598,0.62110
-0.30193,-4.06413,0.65606
-0.30043,-3.84565,0.52977
-0.29892,-3.63881,0.51768
-0.31769,-3.48337,0.45217
-0.28472,-3.96605,0.53339
-0.25134,-4.12635,0.59692
-0.21934,-4.38833,0.77452
-0.23461,-4.52895,0.70675
-0.17204,-4.16370,0.75414
-0.11164,-4.12154,0.88935
-0.05702,-4.30027,0.68179
-0.01016,-5.05656,0.69971
-0.00487,-4.93312,0.78144
0.06017,-5.15623,0.96547
0.11494,-5.02474,0.84920
0.15651,-5.29711,1.05811
0.18378,-4.97666,0.81453
0.17708,-4.92885,0.73641
0.21034,-5.14741,0.96425
0.22820,-4.64111,0.78563
0.22914,-4.83080,0.72805
0.16322,-5.00806,0.93154
0.17504,-4.59274,0.78141
0.17322,-4.26040,0.81588
0.15654,-4.29040,0.72220
0.12494,-4.47075,0.67417
0.04588,-4.34542,0.68687
0.03603,-4.04876,0.76104
0.01686,-4.06803,0.80566
-0.01279,-4.13095,0.51569
-0.11281,-4.20586,0.76870
-0.11033,-4.13209,0.55159
-0.11208,-3.69838,0.49744
-0.11987,-3.71931,0.67769
-0.13379,-4.02420,0.48143
-0.18295,-4.10799,0.63552
-0.16374,-4.62673,0.65408
-0.14755,-4.61594,0.80784
-0.13627,-4.66178,0.96003
-0.18608,-4.97674,0.90387
-0.13498,-4.96550,0.88524
-0.08767,-4.35544,0.62396
-0.04736,-4.84403,0.80901
-0.01599,-5.06543,1.02186
-0.02153,-5.16174,0.78687
0.03920,-5.04803,0.88334
0.08984,-5.32001,0.95505
0.12674,-5.08723,1.06145
0.10501,-4.73158,0.78733
0.15595,-5.25007,0.80447
0.19294,-4.92295,1.00171
0.21267,-5.08752,0.99130
0.21468,-5.03743,0.89464
0.17880,-4.82076,0.71866
0.19000,-4.58667,0.64924
0.18569,-3.99794,0.62817
0.16487,-4.02652,0.61338
0.09239,-4.46885,0.57676
0.07994,-4.13637,0.73128
0.05590,-4.11455,0.74456
0.01953,-3.50376,0.57299
-0.02822,-3.73532,0.68889
-0.09589,-3.95995,0.51345
-0.12758,-3.94875,0.57172
-0.16440,-3.81078,0.54673
-0.20642,-3.90030,0.61822
-0.27548,-3.72077,0.46813
-0.28689,-4.30110,0.54576
-0.29788,-3.75669,0.54952
-0.30909,-4.04252,0.76240
-0.35803,-3.60956,0.57593
-0.32741,-3.54674,0.66733
-0.29486,-4.19868,0.75188
-0.26191,-4.16058,0.65705
-0.23040,-4.19108,0.79876
-0.20982,-4.31760,0.61195
-0.14862,-4.32880,0.68695
-0.09124,-4.43321,0.71703
-0.04053,-4.54470,0.70644
-0.02192,-4.77575,0.92085
0.04894,-5.10665,0.99041
0.10925,-5.43882,0.86061
0.15435,-5.27304,0.87319
0.14759,-4.84224,1.01345
0.19856,-5.68112,0.99550
0.23344,-4.87019,0.69978
0.24944,-4.85484,0.96142
0.24533,-5.31722,1.03898
0.21252,-4.03502,0.42382
0.20757,-4.05760,0.68929
0.18529,-4.41345,0.77962
0.14587,-4.35620,0.62705
0.06779,-3.79335,0.56553
0.03594,-3.38886,0.54859
-0.00666,-3.18395,0.52943
-0.05941,-3.30113,0.39521
-0.16032,-3.53258,0.62484
-0.18543,-3.57503,0.43231
-0.21330,-2.94769,0.49343
-0.24429,-1.93500,0.86046
-0.27780,-1.92247,0.83570
-0.31500,-2.39200,0.50024
-0.33119,-2.63797,0.49197
-0.34603,-3.22408,0.50566
-0.35922,-3.17789,0.43365
-0.36218,-2.92209,0.64543
-0.39247,-2.82880,0.57435
-0.41996,-3.07092,0.53825
-0.44344,-2.82171,0.66769
-0.45282,-2.63488,0.76990
-0.47929,-2.32916,0.80592
-0.49956,-0.84879,0.68652
-0.51268,-2.62235,0.71477
-0.49969,-2.36479,0.68726
-0.51691,-2.34087,0.67829
-0.52668,-2.88126,0.60632
-0.52812,-2.98115,0.64728
-0.52099,-3.11103,0.56780
-0.50271,-2.22270,0.72944
-0.49424,-2.70349,0.52567
-0.47862,-3.37398,0.53825
-0.45616,-3.53886,0.43905
-0.42319,-3.82256,0.51328
-0.40000,-3.77991,0.64909
-0.37285,-4.22998,0.62211
-0.34276,-3.76065,0.50272
-0.30686,-3.73094,0.65128
-0.28007,-3.98549,0.57268
-0.25366,-3.77397,0.46252
-0.22878,-3.81429,0.65322
-0.19839,-3.68520,0.52120
-0.18873,-3.83395,0.65279
-0.18337,-3.50041,0.53431
-0.18246,-3.67814,0.55398
-0.17502,-3.88630,0.54159
-0.19378,-3.40059,0.37047
-0.21729,-2.89296,0.55443
-0.24430,-3.67240,0.60390
-0.27363,-3.50639,0.45897
-0.30110,-2.03877,0.91892
-0.34935,-1.34250,0.75052
-0.39648,-0.13863,0.17438
-0.44028,-0.43373,0.32348
-0.47224,-1.46261,0.60059
-0.52141,-2.55566,0.47344
-0.56329,-2.66638,0.57357
-0.59520,-3.02915,0.52334
-0.60630,-3.33981,0.59913
-0.63191,-2.89432,0.66710
-0.64536,-3.23842,0.65953
-0.64547,-2.88341,0.59130
-0.62585,-3.79992,0.60658
-0.60724,-3.95886,0.53729
-0.57677,-3.51761,0.56954
-0.53547,-4.00308,0.51478
-0.47679,-4.02778,0.65749
-0.42552,-3.61345,0.71357
-0.36933,-3.51441,0.53114
-0.30995,-3.46258,0.47272
-0.24879,-3.75758,0.51627
-0.18747,-3.66485,0.63362
-0.13929,-4.10718,0.64103
-0.09704,-3.53232,0.48239
-0.06173,-3.72624,0.54522
-0.03143,-3.35781,0.43330
-0.02821,-3.33531,0.47042
-0.03587,-3.58100,0.51734
-0.05405,-3.90115,0.44604
-0.07597,-3.25012,0.51971
-0.12657,-3.20747,0.44626
-0.18417,-2.95045,0.62603
-0.24691,-1.54090,0.71566
-0.30543,-2.23959,0.64985
-0.38223,-2.83914,0.61262
-0.45616,-3.49408,0.47280
-0.52492,-3.41230,0.57745
-0.57717,-3.61356,0.60004
-0.63587,-2.87302,0.64596
-0.68219,-2.98251,0.54084
-0.71376,-3.22842,0.78279
-0.71625,-3.30838,0.53410
-0.72833,-2.80517,0.57246
-0.72406,-2.53944,0.46674
-0.70312,-3.13564,0.31660
-0.66648,-2.68501,0.57336
-0.61409,-3.18111,0.56752
-0.56737,-3.58226,0.59650
-0.51002,-3.89023,0.51149
-0.44400,-3.97538,0.42628
-0.36551,-4.05726,0.59677
-0.31505,-3.77650,0.47803
-0.26386,-3.26115,0.50079
-0.21353,-3.66571,0.53034
-0.15488,-3.72293,0.65136
-0.14016,-4.04213,0.61334
-0.13199,-4.58177,0.62360
-0.13047,-3.50249,0.48857
-0.12488,-3.40724,0.39465
-0.15636,-2.45832,0.64423
-0.19425,-3.64375,0.45583
-0.23670,-3.31480,0.45071
-0.26499,-1.90737,0.60973
-0.33570,-2.20408,0.90211
-0.40569,-0.59303,0.36206
-0.47299,-0.78274,0.44694
-0.51991,-2.52335,0.67503
-0.59023,-2.19390,0.65144
-0.65072,-2.55714,0.62860
-0.69831,-2.66798,0.78334
-0.71827,-1.90052,0.84408
-0.74558,-2.43841,0.53716
-0.75595,-2.92129,0.45552
-0.74832,-3.78260,0.56176
-0.72274,-3.28932,0.51161
-0.68000,-3.77518,0.58699
-0.62664,-3.81899,0.49672
-0.55967,-4.07470,0.66248
-0.48150,-3.62208,0.54553
-0.39566,-4.00975,0.58550
-0.30936,-4.11437,0.73953
-0.22253,-4.28430,0.50508
-0.13690,-4.08806,0.86141
-0.05483,-4.24456,0.79478
0.01116,-4.08334,0.69455
0.06471,-3.96826,0.64177
0.10481,-3.97485,0.56860
0.13099,-4.24163,0.68700
0.13540,-3.92888,0.55422
0.12240,-3.52019,0.52215
0.09249,-3.46031,0.52896
0.05126,-3.67197,0.62151
-0.01544,-2.42880,0.80649
-0.09332,-3.75225,0.53407
-0.18070,-2.61600,0.66042
-0.27409,-2.46777,0.84165
-0.36899,-3.46824,0.52777
-0.46124,-3.25877,0.58337
-0.54911,-2.96580,0.43560
-0.62210,-2.91805,0.60243
-0.69711,-2.58485,0.63167
-0.75612,-2.72407,0.53406
-0.79675,-2.77585,0.43162
-0.81839,-2.97783,0.60544
-0.81895,-2.58491,0.67857
-0.80853,-2.98995,0.47625
-0.77823,-3.12383,0.59673
-0.72868,-3.24943,0.52371
-0.65844,-3.48391,0.56704
-0.59047,-3.50601,0.51243
-0.51088,-3.94352,0.59520
-0.42179,-4.14032,0.67462
-0.32140,-4.50353,0.84181
-0.23778,-4.45172,0.76468
-0.15599,-4.62109,0.80338
-0.07833,-4.21082,0.76475
-0.00418,-4.12742,0.64218
0.04701,-4.32967,0.79486
0.08461,-3.99714,0.60974
0.10750,-4.54244,0.73161
0.11889,-3.90164,0.66571
0.10316,-3.28148,0.44073
0.07117,-3.74717,0.52001
0.02405,-2.88791,0.48020
-0.02843,-2.91794,0.64880
-0.10980,-2.27823,0.81886
-0.19945,-0.46945,0.64753
-0.29454,-1.58678,0.74953
-0.38448,-2.64723,0.69763
-0.48618,-2.53043,0.72764
-0.58167,-1.62458,0.72144
-0.66773,-2.36118,0.65460
-0.74068,-3.01647,0.52217
-0.79639,-2.29605,0.62457
-0.83326,-1.91517,0.87262
-0.84946,-2.53297,0.91648
-0.84412,-3.32121,0.50262
-0.81914,-3.94318,0.65943
-0.76391,-3.69725,0.62199
-0.69009,-3.59725,0.48576
-0.60083,-3.66692,0.61407
-0.50610,-3.95311,0.66813
-0.38363,-4.36648,0.79126
-0.25643,-4.46291,0.84776
-0.12965,-4.88292,0.93216
-0.01537,-5.13210,0.98731
0.10271,-5.22286,0.96798
0.20653,-4.76066,0.87964
0.28993,-5.16694,0.98452
0.34004,-5.21466,0.96880
0.38896,-4.22098,0.83802
0.41144,-4.68528,0.85276
0.40595,-4.43370,0.83290
0.36482,-4.32332,0.56873
0.31479,-3.67960,0.64254
0.24200,-3.72447,0.51467
0.14910,-2.11304,0.70062
0.03966,-2.85554,0.68617
-0.08540,-1.11626,0.86634
-0.21182,-2.90568,0.65155
-0.34118,-2.95586,0.72883
-0.47136,-1.69415,0.68395
-0.60028,-2.21569,0.71884
-0.70856,-2.76905,0.58677
-0.80057,-2.59231,0.51501
-0.87485,-3.26693,0.67424
-0.93013,-3.18414,0.62749
-0.95465,-2.34044,0.62002
-0.95353,-2.73041,0.59560
-0.92737,-3.35656,0.46710
-0.87792,-3.44690,0.67083
-0.80490,-3.58044,0.55033
-0.71329,-3.87283,0.74800
-0.60487,-4.18797,0.72604
-0.48209,-4.43690,0.62440
-0.35578,-4.22334,0.66453
-0.22769,-4.85497,0.76230
-0.09994,-4.78728,1.15905
0.02010,-4.93057,0.96190
0.12796,-5.04303,0.85720
0.21831,-4.69889,0.92111
0.29030,-4.91829,0.75873
0.33987,-5.04984,0.79737
0.36025,-4.90113,0.73635
0.36557,-4.30112,0.65156
0.34584,-4.18627,0.71922
0.30142,-3.49297,0.52505
0.22891,-3.69981,0.59877
0.14986,-3.47712,0.47858
0.05313,-2.50766,0.66389
-0.05798,-2.51215,0.73947
-0.19355,-0.99112,0.71557
-0.30244,-1.70086,0.86933
-0.41280,-2.30792,0.66631
-0.51878,-2.75588,0.41135
-0.61630,-1.42164,0.74950
-0.70626,-2.25084,0.78647
-0.77177,-2.61587,0.60575
-0.81971,-2.42718,0.59413
-0.84716,-2.26402,0.75584
-0.85360,-2.94295,0.63862
-0.83854,-3.42772,0.51906
-0.80310,-3.53706,0.42106
-0.74881,-3.67235,0.68578
-0.67109,-3.77889,0.43026
-0.59174,-3.96427,0.57481
-0.50063,-4.00682,0.70718
-0.40242,-4.24289,0.63652
-0.29673,-4.34614,0.61316
-0.19508,-4.24562,0.68346
-0.09571,-4.27144,0.71945
-0.00336,-4.34467,0.69604
0.07821,-4.50750,0.73043
0.14784,-4.44525,0.79251
0.19080,-3.93240,0.67541
0.21487,-4.22055,0.56685
0.21912,-4.23094,0.79730
0.20826,-3.46962,0.50316
0.16167,-3.53955,0.47338
0.09671,-2.98851,0.43378
0.01649,-3.06318,0.38813
-0.06428,-2.70611,0.81219
-0.18448,-1.48569,0.63136
-0.31124,-3.24920,0.51125
-0.43853,-1.63471,0.66083
-0.54068,-3.02247,0.50018
-0.67891,-2.52050,0.46165
-0.80427,-2.74952,0.65856
-0.91096,-2.50027,0.53294
-0.99564,-2.42168,0.79919
-1.04445,-2.70920,0.52635
-1.10118,-2.84016,0.60545
-1.12824,-3.17109,0.45713
-1.12431,-3.35054,0.55594
-1.07529,-2.55525,0.52549
-1.03222,-3.00276,0.49534
-0.96287,-3.64631,0.47768
-0.86932,-3.36020,0.60642
-0.72463,-3.73235,0.41127
-0.62040,-3.88063,0.41725
-0.50524,-4.34009,0.79076
-0.38214,-4.73411,0.78761
-0.25437,-4.31681,0.65621
-0.11328,-4.73429,0.81870
-0.01731,-4.71413,0.84266
0.06794,-4.89497,0.85503
0.13979,-4.46618,0.75961
0.21238,-4.04935,0.74215
0.22810,-3.97661,0.61506
0.22308,-3.26711,0.51436
0.19820,-3.07429,0.33096
0.18073,-3.08744,0.41386
0.09093,-2.81998,0.50069
-0.01441,-1.89162,0.90234
-0.13214,-0.00825,0.13474
-0.25866,-3.09114,0.60222
-0.38106,-1.79718,0.78860
-0.52946,-2.64311,0.50667
-0.67087,-2.12274,0.59636
-0.80151,-1.38714,0.46556
-0.89507,-1.63950,0.35279
-1.01633,-2.00558,0.50162
-1.11149,-2.32213,0.62759
-1.17791,-2.88793,0.66993
-1.18731,-2.30951,0.44687
-1.21100,-3.27575,0.48752
-1.20178,-3.41878,0.50063
-1.15964,-2.73907,0.51496
-1.08598,-3.27397,0.49687
-0.96761,-3.78991,0.55819
-0.87105,-3.66533,0.54607
-0.75517,-4.09446,0.60965
-0.62162,-3.56589,0.63536
-0.43666,-4.13692,0.65267
-0.31629,-4.11318,0.61371
-0.19631,-4.24376,0.72531
-0.07778,-4.21181,0.73357
0.03558,-3.95062,0.67472
0.15765,-4.19784,0.61592
0.20274,-4.12115,0.60661
0.22890,-3.97926,0.71973
0.23563,-3.38075,0.43636
0.24998,-3.20782,0.52009
0.17906,-2.93584,0.50876
0.08951,-2.19568,0.77652
-0.01436,-0.27803,0.79711
-0.09042,-1.41819,0.87644
-0.24474,-2.51296,0.71781
-0.40159,-2.16030,0.63560
-0.55618,-1.54225,0.60208
-0.70090,-1.29379,0.35369
-0.80607,-1.67971,0.40108
-0.95784,-1.78568,0.28475
-1.08760,-2.07356,0.39669
-1.18726,-2.10711,0.47523
-1.19432,-2.54239,0.42606
-1.27526,-2.73607,0.51071
-1.32321,-2.19573,0.42164
-1.33385,-2.96187,0.62481
-1.30801,-2.56635,0.51829
-1.21144,-3.04019,0.44424
-1.16087,-2.38885,0.35872
-1.08162,-2.86478,0.41510
-0.97524,-3.11113,0.50990
-0.84542,-3.23492,0.50276
-0.67018,-3.77876,0.55613
-0.55441,-4.10245,0.83643
-0.43018,-4.37672,0.81277
-0.30043,-4.31020,0.76609
-0.11035,-4.07229,0.67867
-0.03870,-3.88381,0.69012
0.02172,-4.31448,0.80090
0.07039,-3.76569,0.52306
0.10652,-3.06307,0.40052
0.14924,-3.48498,0.59670
0.10462,-2.84149,0.43987
0.04393,-2.32837,0.60869
-0.02971,-1.24576,0.85940
-0.08003,-0.94832,0.75305
-0.21072,-1.56794,0.63827
-0.34736,-0.99579,0.55627
-0.48428,-1.38373,0.50099
-0.61378,-1.12168,0.49768
-0.71861,-1.57700,0.56134
-0.86085,-1.44185,0.41459
-0.98563,-1.82377,0.44188
-1.08425,-1.88886,0.36085
-1.12066,-2.37317,0.53816
-1.19601,-2.02587,0.37921
-1.24155,-1.67124,0.41888
-1.25397,-3.23889,0.52138
-1.23240,-3.41684,0.60481
-1.16266,-2.64175,0.55751
-1.11124,-2.86766,0.42531
-1.03372,-3.29355,0.39971
-0.93227,-3.32099,0.60622
-0.78049,-3.79236,0.56440
-0.66775,-3.41657,0.48526
-0.54243,-4.20936,0.52516
-0.41006,-3.59248,0.60562
-0.27471,-3.85707,0.64553
-0.11762,-4.16450,0.68374
-0.01614,-4.31710,0.84741
0.07470,-4.51165,0.71473
0.15225,-3.87955,0.69943
0.24275,-3.54580,0.58217
0.25950,-3.72392,0.53886
0.25502,-3.65570,0.63053
0.23054,-3.22508,0.40682
0.18703,-2.89600,0.40074
0.13568,-2.72553,0.35927
0.03137,-2.21347,0.64288
-0.08525,-0.61566,0.67693
-0.21056,-2.69536,0.70722
-0.31748,-1.41709,0.72410
-0.47417,-2.46440,0.54368
-0.62739,-1.81688,0.52843
-0.77113,-1.87941,0.60397
-0.89838,-2.08250,0.38787
-0.99171,-2.05378,0.39382
-1.10267,-2.40626,0.53421
-1.18678,-2.15262,0.42325
-1.23895,-2.31431,0.60415
-1.22807,-1.97035,0.49312
-1.24353,-2.22104,0.42011
-1.22749,-3.80272,0.44170
-1.17959,-2.09415,0.48858
-1.10177,-2.57827,0.54909
-0.97722,-3.07779,0.52858
-0.87932,-3.41915,0.63693
-0.76301,-3.47521,0.46702
-0.63182,-3.60414,0.57969
-0.44547,-4.57861,0.84858
-0.32638,-4.29292,0.56535
-0.20712,-4.30988,0.81369
-0.09131,-4.29435,0.81319
0.01654,-4.41933,0.84888
0.14339,-4.42611,0.57793
0.18244,-3.96291,0.58584
0.20265,-4.64229,0.78521
0.20485,-4.18261,0.54590
0.21133,-3.53031,0.54345
0.15664,-3.40556,0.50170
0.08566,-3.21901,0.46027
0.00164,-2.80721,0.53956
-0.09329,-3.49462,0.47529
-0.20151,-1.57683,0.79071
-0.29348,-1.44631,0.70498
-0.38512,-1.43794,0.54237
-0.47450,-1.53625,0.59943
-0.56959,-2.74896,0.52916
-0.63137,-2.25005,0.61558
-0.68086,-2.67083,0.56337
-0.71668,-2.06622,0.67195
-0.74377,-2.83010,0.48144
-0.74253,-3.83888,0.57973
-0.72517,-3.54712,0.48461
-0.69242,-3.47348,0.55766
-0.64549,-3.67815,0.64225
-0.58906,-4.15063,0.57345
-0.51313,-4.04787,0.71786
-0.42893,-4.45183,0.66585
-0.33967,-4.27553,0.77454
-0.25004,-4.47480,0.84082
-0.16074,-3.82742,0.66576
-0.07655,-3.94877,0.85449
0.00028,-4.21079,0.62783
0.07256,-3.78597,0.64311
0.11751,-4.16772,0.67178
0.14728,-4.24139,0.73564
0.16098,-4.01740,0.84294
0.15762,-3.26214,0.45008
0.14157,-3.31677,0.55345
0.09165,-3.13660,0.43955
0.02658,-2.50362,0.52721
-0.04994,-2.78821,0.61132
-0.12536,-1.14900,0.95978
-0.23253,-1.18324,0.75180
-0.34413,-1.04288,0.83281
-0.45587,-0.01161,0.53176
-0.55430,-2.55178,0.50034
-0.65722,-2.52459,0.42323
-0.74893,-2.83169,0.54461
-0.82527,-2.87462,0.59078
-0.88130,-2.86241,0.53465
-0.91652,-2.63322,0.78743
-0.92903,-2.18257,0.51461
-0.91835,-2.52677,0.61765
-0.88500,-2.92629,0.48063
-0.83011,-3.47860,0.50245
-0.75764,-3.31573,0.45633
-0.66776,-3.57049,0.58987
-0.56522,-3.87321,0.62392
-0.45155,-3.75958,0.56836
-0.33516,-4.12381,0.60816
-0.21584,-4.46525,0.80624
-0.10013,-5.13811,0.67762
0.00797,-4.79461,0.81058
0.10677,-4.78283,0.77903
0.19129,-4.65911,0.89131
0.25671,-5.12130,1.01182
0.30228,-4.88953,0.94821
0.32292,-4.47537,0.76840
0.32882,-4.31065,0.74321
0.31157,-4.57663,0.76662
0.27207,-3.82779,0.49617
0.20409,-3.38869,0.43842
0.13277,-3.32987,0.34897
0.04666,-2.38119,0.75913
-0.05300,-3.30499,0.53216
-0.17531,-1.24353,0.92996
-0.27857,-1.66989,0.70738
-0.38193,-1.84592,0.54970
-0.48410,-2.30852,0.66785
-0.58113,-2.12682,0.64473
-0.67565,-1.21219,0.56691
-0.73346,-2.13579,0.76601
-0.77537,-2.82519,0.57622
-0.79947,-3.18342,0.51825
-0.82004,-3.51743,0.54875
-0.78197,-3.12599,0.42962
-0.72494,-3.97539,0.52282
-0.65201,-4.47108,0.75747
-0.59185,-4.34414,0.73574
-0.46349,-4.58985,0.92120
-0.32666,-4.53715,0.87259
-0.18800,-5.15537,0.90094
-0.08142,-5.41424,0.97443
0.07036,-5.39206,0.85217
0.21158,-4.83963,1.02913
0.33456,-5.19431,0.84483
0.43410,-5.43209,1.08084
0.49353,-5.03991,0.90286
0.56237,-5.82623,1.12204
0.60054,-5.56225,1.06483
0.60580,-4.90554,0.86760
0.56003,-4.58740,0.68203
0.52056,-3.53488,0.58520
0.45260,-3.88293,0.69327
0.35823,-2.86835,0.51463
0.24089,-3.14954,0.50084
0.09417,-3.05385,0.55402
-0.03122,-0.81030,0.90279
-0.16531,-1.52520,0.69458
-0.30632,-1.22545,0.75427
-0.46679,-2.37259,0.68394
-0.58437,-2.44279,0.48455
-0.69121,-2.57392,0.59047
-0.78582,-3.02253,0.73033
-0.88244,-2.82976,0.72537
-0.92326,-2.75088,0.41064
-0.94014,-2.17767,0.60247
-0.93378,-2.90864,0.47498
-0.90430,-3.43409,0.54043
-0.85858,-3.01492,0.54793
-0.76395,-3.96952,0.59783
-0.65221,-4.01378,0.77760
-0.52623,-4.07866,0.62774
-0.40088,-4.32920,0.83452
-0.24697,-4.95653,0.82261
-0.09170,-4.88435,0.98861
0.05981,-4.89901,0.95508
0.19040,-4.96686,0.98064
0.31995,-4.87085,1.05933
0.42962,-4.86370,1.12254
0.51490,-5.21508,0.92538
0.57013,-4.75335,1.03122
0.59239,-4.37610,0.63700
0.58542,-4.18396,0.75968
0.54698,-3.82871,0.61122
0.47907,-3.35033,0.41369
0.38820,-2.85201,0.49791
0.26662,-2.68353,0.63258
0.12532,-1.22689,0.80196
-0.03060,-0.07077,0.22536
-0.19446,-1.34514,0.82101
-0.35976,-1.80503,0.70371
-0.53496,-1.29116,0.36659
-0.70121,-1.44284,0.38933
-0.85276,-1.20901,0.59647
-0.97499,-1.31811,0.52648
-1.09256,-1.61500,0.38967
-1.18223,-1.74511,0.63734
-1.23916,-1.32871,0.41349
-1.26219,-1.79189,0.57552
-1.24989,-3.01416,0.43317
-1.21022,-2.39919,0.65069
-1.13997,-2.92763,0.53324
-1.04206,-3.43144,0.65061
-0.91417,-3.90376,0.50984
-0.77794,-4.50095,0.61051
-0.62500,-4.33952,0.81040
-0.46281,-4.66945,0.86812
-0.29629,-5.34706,0.94794
-0.12689,-5.49391,0.90369
0.03518,-4.90166,1.14928
0.18436,-5.27344,0.83160
0.31890,-5.29347,1.18672
0.43026,-4.89259,0.99401
0.52007,-5.33249,1.12152
0.58016,-5.14990,0.81013
0.60897,-4.75637,0.71176
0.60657,-4.34086,0.64285
0.57174,-3.82489,0.51374
0.51159,-3.52964,0.51359
0.42484,-2.95252,0.33380
0.31320,-2.76409,0.45978
0.17232,-1.90580,0.80857
0.03425,-1.12344,0.90297
-0.11346,0.27414,0.44427
-0.26907,-1.14470,0.71175
-0.42478,-1.78090,0.87295
-0.57932,-1.01414,0.76447
-0.71296,-2.02136,0.56543
-0.83416,-0.81097,0.76650
-0.93800,-1.72273,0.60935
-1.02382,-1.85249,0.57731
-1.07370,-2.58887,0.68818
-1.09665,-2.83632,0.65071
-1.09159,-2.16587,0.53755
-1.05915,-2.90069,0.42939
-1.00221,-3.39956,0.51782
-0.91803,-3.02310,0.60799
-0.81220,-3.85852,0.56088
-0.69032,-3.82003,0.60015
-0.56558,-4.21483,0.58970
-0.41144,-4.54833,0.82149
-0.25162,-4.90842,1.02162
-0.09302,-5.12798,0.86583
0.05894,-5.18452,0.95816
0.19408,-5.23135,1.03558
0.33208,-4.97908,1.08479
0.44834,-5.15635,1.03691
0.53824,-4.98381,0.83605
0.59058,-5.03248,1.08358
0.62963,-5.44645,1.00116
0.63663,-4.74715,0.84730
0.61162,-4.36653,0.61367
0.55584,-4.02972,0.66757
0.46435,-3.57080,0.50143
0.36992,-3.26773,0.50035
0.25338,-2.52056,0.53670
0.11909,-1.12102,0.90867
-0.04378,-1.53537,0.81123
-0.18842,-1.35873,0.66661
-0.33898,-1.31676,0.53461
-0.49051,-2.03463,0.62485
-0.63601,-1.82700,0.46212
-0.78449,-1.53627,0.57273
-0.88571,-1.69371,0.48775
-0.96549,-1.92863,0.64032
-1.02325,-3.25989,0.46823
-1.07174,-2.49208,0.54116
-1.06354,-1.64719,0.91699
-1.02824,-3.06622,0.63742
-0.96764,-2.99769,0.48196
-0.88453,-3.02971,0.61546
-0.78715,-4.12885,0.75047
-0.65470,-3.73505,0.70101
-0.50815,-4.26336,0.60544
-0.35441,-4.46259,0.95576
-0.20541,-5.00658,0.98045
-0.04646,-5.16882,1.04212
0.10470,-5.01089,0.85377
0.24083,-4.94483,1.00129
0.35752,-5.28628,0.71532
0.45031,-5.22488,1.16380
0.52178,-4.73020,0.96334
0.56384,-4.65902,0.84938
0.57571,-4.14318,0.60809
0.55124,-4.18963,0.67414
0.51127,-3.49503,0.64140
0.44468,-3.50972,0.41251
0.35402,-3.21931,0.49634
0.24168,-2.80303,0.57760
0.10455,-2.98930,0.46283
-0.02393,-1.46012,0.81216
-0.16158,-0.62088,0.50389
-0.30415,-2.01824,0.62804
-0.46095,-2.56501,0.49913
-0.58245,-2.59518,0.55414
-0.69342,-2.20392,0.63640
-0.79143,-2.36016,0.58530
-0.87252,-3.11678,0.53911
-0.93823,-3.09122,0.52398
-0.96480,-1.83253,0.54835
-0.96811,-2.19454,0.62862
-0.94823,-2.78768,0.61538
-0.92090,-2.99494,0.42603
-0.84074,-2.69377,0.44558
-0.74095,-3.87574,0.61023
-0.62624,-3.80016,0.53560
-0.50168,-4.10883,0.74971
-0.37776,-4.63519,0.84752
-0.22153,-4.22455,0.87074
-0.06559,-4.99187,0.90855
0.08123,-4.96068,0.92280
0.19959,-5.10067,1.01565
0.33299,-5.02701,1.15137
0.44635,-5.17998,1.01543
0.53438,-4.75940,0.94950
0.59177,-4.79804,0.93913
0.61257,-5.06369,0.93916
0.62064,-4.09248,0.85702
0.59761,-4.34080,0.58367
0.54444,-4.10519,0.56228
0.44656,-3.73386,0.58977
0.35804,-3.60948,0.55366
0.24799,-2.59597,0.56773
0.12138,-2.44722,0.68450
-0.01793,-0.06976,0.31773
-0.17732,-0.21074,0.41332
-0.31283,-1.48581,0.77081
-0.44628,-1.38095,0.59927
-0.57637,-1.61350,0.56429
-0.72086,-1.56036,0.65998
-0.80169,-2.34916,0.49879
-0.86328,-1.68049,0.67439
-0.90443,-1.68627,0.52536
-0.92504,-2.50444,0.54511
-0.93017,-3.23598,0.41631
-0.87773,-3.32171,0.57064
-0.80534,-3.66264,0.59344
-0.71491,-4.50283,0.55600
-0.62830,-4.62795,0.69163
-0.47777,-5.00171,0.86888
-0.31915,-4.56762,0.74093
-0.15822,-4.98664,1.22905
-0.03455,-5.43737,1.03455
0.14483,-5.80197,1.23770
0.30853,-5.04659,1.00755
0.45024,-5.23980,1.02209
0.56508,-5.27178,0.98507
0.62862,-5.47804,1.21080
0.71364,-4.85858,0.93148
0.76513,-5.39607,1.13236
0.78038,-4.81077,0.94439
0.75974,-5.44479,1.20117
0.69423,-4.73668,0.50839
0.64213,-4.35252,0.88498
0.56055,-4.23740,0.58433
0.45057,-3.16315,0.44116
0.28262,-3.48554,0.47444
0.16396,-3.16973,0.65122
0.03193,-3.18176,0.61665
-0.11165,-0.91827,0.86869
-0.26153,-1.67146,1.09158
-0.43005,-2.22872,0.69107
-0.54935,-2.58766,0.49207
-0.66074,-2.62868,0.63971
-0.75998,-2.43519,0.56854
-0.86564,-2.58222,0.83796
-0.90819,-1.91346,0.64064
-0.92918,-2.35475,0.55920
-0.92838,-3.46847,0.58096
-0.90595,-3.68825,0.65031
-0.87210,-2.92284,0.52225
-0.78198,-4.33836,0.57050
-0.67496,-4.44161,0.80600
-0.55550,-4.80450,0.81973
-0.44766,-4.71793,0.90406
-0.28587,-4.76169,0.80946
-0.12160,-5.06337,0.87620
0.03769,-4.82933,1.12938
0.18788,-5.43603,1.20667
0.30938,-5.11586,1.38400
0.45028,-5.49761,0.93446
0.56622,-5.35293,1.36311
0.65409,-5.23866,0.99039
0.67533,-5.49066,1.03672
0.72872,-5.39855,1.09943
0.74845,-5.58578,1.22861
0.73327,-4.98368,0.91050
0.68381,-4.87222,0.93942
0.58005,-4.31957,0.79672
0.50599,-4.15568,0.67035
0.40632,-3.40921,0.55403
0.28289,-2.82176,0.64115
0.10425,-3.13894,0.74489
-0.02237,-0.46082,0.68036
-0.15677,-1.29957,0.74676
-0.29761,-2.35658,0.77139
-0.44111,-1.99365,0.48982
-0.60093,-2.45652,0.77890
-0.70785,-2.42722,0.71295
-0.80187,-1.85774,1.19210
-0.87899,-2.85781,0.82282
-0.93579,-2.38742,0.59837
-0.97768,-2.43305,0.56267
-0.96351,-3.37200,0.65840
-0.92617,-3.53293,0.60121
-0.86814,-3.29259,0.55750
-0.80624,-4.28283,0.72033
-0.68948,-4.76803,0.83964
-0.56035,-4.13910,0.85679
-0.42348,-4.40943,0.92849
-0.31132,-5.31398,0.83881
-0.14531,-5.18657,0.89974
0.01693,-4.68338,0.93653
0.16738,-5.40584,1.16565
0.30279,-5.16693,0.78055
0.39543,-5.43787,1.08136
0.51270,-5.66963,0.92136
0.60162,-5.37965,1.05001
0.65893,-5.20284,0.87464
0.68381,-5.46024,1.05334
0.66541,-5.53664,1.14836
0.65110,-5.14502,0.93050
0.60612,-4.68896,0.87367
0.53159,-4.37130,0.92418
0.40604,-3.65418,0.62636
0.30949,-4.07161,0.69943
0.19497,-2.87569,0.55285
0.06346,-3.33432,0.59227
-0.08075,0.38519,0.60554
-0.25045,-1.82229,0.88770
-0.36962,-3.18313,0.61652
-0.48737,-2.11979,0.81007
-0.60019,-1.78513,0.83383
-0.73223,-1.77550,0.78240
-0.79028,-1.64267,0.82987
-0.83021,-2.39917,0.75515
-0.85243,-2.91855,0.50700
-0.85539,-3.80831,0.68586
-0.85169,-2.96912,0.40520
-0.78425,-3.41207,0.49000
-0.69907,-4.07415,0.51546
-0.59969,-4.25781,0.61540
-0.51580,-4.29461,0.76334
-0.36978,-5.15014,0.62305
-0.22131,-4.89002,0.98238
-0.07340,-4.89789,0.96484
0.06595,-5.50697,0.85365
0.18149,-5.86733,1.09115
0.32112,-5.57902,1.19764
0.44150,-5.59662,1.33424
0.53461,-5.39940,1.17305
0.56754,-5.50362,1.08449
0.63315,-4.80054,1.06438
0.66879,-5.34632,1.06691
0.67162,-5.84240,1.09911
0.64148,-5.27559,0.92059
0.56514,-4.51144,0.96926
0.50717,-4.25483,0.78118
0.42338,-3.33581,0.40894
0.31731,-3.30223,0.42676
0.15552,-2.53812,0.64038
0.04732,-2.38757,0.72461
-0.07197,0.13260,0.12375
-0.19741,-0.39398,0.29693
-0.32538,-1.26208,0.72179
-0.46619,-1.29908,0.66974
-0.57316,-1.89469,0.55499
-0.66925,-2.93473,0.56436
-0.75188,-2.34422,0.59530
-0.80150,-2.46009,0.53120
-0.86883,-2.17551,0.78745
-0.91619,-2.19143,0.78318
-0.94180,-2.60033,1.00985
-0.94559,-1.34443,1.16206
-0.91395,-2.80400,0.36169
-0.89563,-3.44854,0.58546
-0.85763,-3.16240,0.45354
-0.80022,-3.22340,0.49983
-0.70253,-3.42869,0.47924
-0.63629,-3.85072,0.57298
-0.55843,-3.61908,0.54220
-0.47095,-3.60552,0.62903
-0.37827,-3.97028,0.78824
-0.27347,-4.19853,0.57601
-0.19521,-4.15304,0.71783
-0.11972,-4.22689,0.89058
-0.05090,-4.24261,0.72753
0.02342,-4.19751,0.61891
0.05750,-4.14749,0.68405
0.07907,-4.00241,0.50147
0.08702,-3.44564,0.52968
0.08116,-3.52368,0.51534
0.07006,-3.50571,0.60666
0.01582,-2.83521,0.42680
-0.05020,-2.96979,0.60695
-0.12519,-0.68829,0.75533
-0.19351,-2.86727,0.45857
-0.29756,-3.05444,0.54679
-0.40266,-3.02931,0.62302
-0.50457,-2.27327,0.61458
-0.57046,-2.55288,0.56646
-0.68157,-3.11511,0.95009
-0.78020,-2.43787,0.63957
-0.86177,-2.17791,0.83697
-0.92393,-2.71608,0.59451
-0.95241,-3.36781,0.47782
-0.98508,-3.24032,0.52752
-0.99403,-2.13834,0.44968
-0.97829,-2.28755,0.59316
-0.91577,-3.19033,0.50210
-0.87454,-3.38985,0.75953
-0.81351,-3.13267,0.50783
-0.73401,-3.79217,0.57949
-0.63925,-3.85221,0.58583
-0.52499,-3.91705,0.61302
-0.42367,-4.61032,0.74145
-0.31715,-4.63456,0.92721
-0.20948,-4.31539,0.72989
-0.08363,-4.12533,0.74461
-0.00583,-4.24948,0.65714
0.06169,-4.31347,0.66264
0.11613,-3.88267,0.60749
0.15551,-3.88682,0.62849
0.18353,-4.17245,0.65575
0.17420,-3.47658,0.60879
0.14721,-3.35455,0.48125
0.10388,-3.19500,0.37419
0.05244,-2.96844,0.44168
-0.03186,-2.46612,0.82556
-0.12640,-2.15660,0.80634
-0.22737,-1.02146,0.67742
-0.31403,-1.92013,0.79613
-0.43869,-2.21956,0.66335
-0.55935,-2.24260,0.61548
-0.67132,-1.67317,0.60947
-0.77025,-1.91164,0.77590
-0.84073,-1.90388,0.63478
-0.92945,-2.16194,0.54437
-0.99521,-1.84070,0.63074
-1.03598,-3.25575,0.68830
-1.02739,-3.13386,0.47514
-1.04113,-3.15114,0.47572
-1.02903,-2.28006,0.45780
-0.99078,-2.96345,0.60663
-0.92831,-3.77979,0.50039
-0.83887,-3.94213,0.66071
-0.75502,-3.48444,0.59850
-0.65517,-3.65071,0.55870
-0.54355,-4.33997,0.68778
-0.41427,-3.87624,0.59661
-0.30016,-4.31679,0.71614
-0.18577,-4.52135,0.94472
-0.07599,-4.90098,0.91470
0.03694,-4.69697,0.87291
0.11703,-5.02473,0.71747
0.18094,-4.61771,0.75812
0.22687,-4.29687,0.65282
0.25332,-4.37180,0.63318
0.26531,-4.13397,0.51283
0.23713,-3.55248,0.53469
0.18936,-3.75114,0.63820
0.12424,-3.15665,0.43963
0.04908,-3.41099,0.64323
-0.05394,-2.01001,0.67686
-0.16529,-1.23908,0.93481
-0.28099,-2.36578,0.65847
-0.38119,-1.88085,0.66735
-0.51380,-3.05515,0.61000
-0.63850,-1.56234,0.62776
-0.75041,-2.16416,0.56018
-0.84765,-2.58241,0.49146
-0.91451,-2.25983,0.62227
-0.98533,-3.04283,0.60685
-1.03247,-2.62045,0.44160
-1.05322,-3.52812,0.47930
-1.03728,-2.78328,0.60714
-1.01341,-2.16511,0.54310
-0.96441,-3.25218,0.59198
-0.89119,-3.51031,0.59427
-0.79634,-4.02875,0.62613
-0.68152,-4.40610,0.49588
-0.56945,-4.19074,0.76295
-0.44658,-4.96373,0.75475
-0.31694,-4.53691,0.84169
-0.17814,-4.90476,0.71918
-0.06596,-4.87394,1.06253
0.03733,-5.00068,0.85105
0.13008,-4.85142,0.86741
0.21362,-4.56180,0.98868
0.26390,-4.71620,0.83033
0.29404,-4.55616,0.74191
0.30270,-3.78817,0.67862
0.28912,-3.95174,0.63451
0.25469,-3.03147,0.50210
0.19667,-3.16052,0.44163
0.12013,-3.17196,0.47739
0.02919,-3.11231,0.57409
-0.06794,-0.61288,0.65017
-0.18705,-1.24187,0.72628
-0.31199,-1.85664,0.81549
-0.43589,-1.62933,0.74346
-0.54567,-2.32593,0.62495
-0.66309,-2.83002,0.55870
-0.76944,-2.42823,0.59644
-0.85900,-3.07121,0.59129
-0.92794,-3.49353,0.53782
-0.96933,-3.11278,0.47795
-1.00282,-3.55578,0.52016
-1.01067,-3.17769,0.46044
-0.99248,-3.09888,0.49792
-0.93670,-3.67872,0.59930
-0.88546,-3.58879,0.61296
-0.81365,-3.25345,0.44702
-0.72355,-4.03030,0.60852
-0.60800,-4.24212,0.47052
-0.49741,-4.43189,0.77092
-0.37967,-4.32958,0.62976
-0.25871,-4.55488,0.73752
-0.13758,-5.00504,0.78549
-0.01995,-4.74556,0.75714
0.08389,-4.60476,0.64343
0.17407,-4.50115,0.95977
0.24788,-4.63930,0.82862
0.30463,-4.69264,0.94140
0.33273,-4.95059,0.91628
0.33743,-4.25999,0.75589
0.31877,-4.12721,0.69786
0.27737,-3.27812,0.42791
0.21611,-3.67146,0.47883
0.12599,-3.17241,0.55980
0.01961,-0.63197,0.73480
-0.09924,-1.58526,0.73176
-0.22041,-2.96804,0.59151
-0.35914,-2.71648,0.76227
-0.49781,-2.68869,0.56720
-0.63138,-1.70104,0.47619
-0.73659,-2.85484,0.64939
-0.85923,-2.06341,0.45854
-0.96233,-1.82077,0.35719
-1.04220,-2.00190,0.47841
-1.09475,-2.51696,0.56023
-1.11065,-2.47766,0.60577
-1.12214,-3.33952,0.61249
-1.10457,-2.72274,0.52080
-1.05810,-2.92193,0.48114
-0.96834,-3.58962,0.50638
-0.88955,-3.31489,0.46171
-0.78976,-4.02744,0.69629
-0.67314,-4.07407,0.57204
-0.54187,-4.02428,0.62193
-0.39334,-4.46720,0.81845
-0.26354,-4.61435,0.80673
-0.13473,-5.56616,0.85776
-0.01160,-5.11412,0.93846
0.11850,-4.97240,0.82511
0.20016,-4.98348,1.00382
0.26270,-4.89228,0.87841
0.30582,-4.27322,0.75076
0.34567,-3.66887,0.58589
0.32742,-3.65320,0.56698
0.28566,-3.27348,0.44916
0.22209,-3.11069,0.49475
0.13876,-2.80817,0.68337
0.04838,-1.93607,0.71501
-0.08655,-1.33604,0.74179
-0.23170,-2.28454,0.83797
-0.38044,-1.68957,0.70234
-0.50620,-2.06542,0.69503
-0.66570,-2.06695,0.47042
-0.81365,-1.93946,0.44713
-0.94361,-2.00010,0.37686
-1.04899,-2.81086,0.44226
-1.12092,-2.10444,0.53268
-1.18433,-1.96117,0.41209
-1.21542,-2.71271,0.44104
-1.21335,-3.43723,0.58307
-1.16182,-3.26264,0.47918
-1.11800,-3.42678,0.59094
-1.04617,-3.17327,0.51970
-0.94963,-3.21528,0.38514
-0.83181,-3.31924,0.40499
-0.68462,-3.79258,0.55574
-0.56029,-4.29244,0.78258
-0.42868,-4.13487,0.63929
-0.29351,-4.21112,0.67397
-0.13247,-4.78177,0.93123
-0.02528,-4.60006,0.79001
0.07052,-4.42136,0.72856
0.15234,-4.74479,0.77520
0.21920,-4.38783,0.72908
0.27560,-4.06769,0.57613
0.27272,-3.75788,0.52929
0.24861,-3.49704,0.58038
0.20506,-3.44272,0.53346
0.15996,-3.19302,0.48173
0.05072,-2.40418,0.81090
-0.07068,-2.25269,0.67151
-0.19951,-2.74222,0.58732
-0.30578,-2.42967,0.46845
-0.46585,-2.32159,0.51602
-0.62306,-2.00987,0.53312
-0.77108,-1.75733,0.59529
-0.90387,-1.90992,0.49651
-0.99798,-2.35441,0.49828
-1.11420,-2.17591,0.35243
-1.20190,-2.46262,0.34926
-1.25717,-2.63458,0.44675
-1.23825,-2.08608,0.41148
-1.26046,-1.97978,0.41800
-1.25038,-2.61604,0.38343
-1.20740,-2.58780,0.43423
-1.13305,-2.70888,0.48010
-1.00040,-2.84488,0.38227
-0.91151,-2.97283,0.55354
-0.80348,-3.52100,0.58883
-0.67778,-3.72733,0.66964
-0.53761,-3.79735,0.48883
-0.36930,-4.49810,0.68368
-0.26086,-4.00816,0.78053
-0.15290,-4.03725,0.80733
-0.04837,-3.68531,0.82072
0.09241,-3.63906,0.54714
0.12574,-3.80687,0.72914
0.14267,-3.11790,0.53022
0.14411,-3.37567,0.51456
0.12958,-2.60979,0.43381
0.11011,-3.29421,0.62491
0.01659,-0.02960,0.58940
-0.09056,-0.68241,0.70411
-0.20573,-1.38127,0.60771
-0.28754,-1.13590,0.66939
-0.45998,-1.17459,0.54286
-0.63172,-1.27301,0.43972
-0.79295,-2.06293,0.49068
-0.93677,-2.29937,0.51928
-1.03688,-2.49997,0.57706
-1.17727,-2.48599,0.55244
-1.28810,-2.63823,0.48753
-1.36260,-2.48717,0.40135
-1.33579,-2.97442,0.54784
-1.39178,-2.44657,0.36145
-1.41288,-2.21828,0.57614
-1.39859,-1.76120,0.36084
-1.34957,-2.91097,0.47131
-1.21429,-3.00418,0.51345
-1.15444,-2.36292,0.45427
-1.06881,-3.38205,0.49776
-0.95903,-3.23022,0.57696
-0.82884,-3.70176,0.66007
-0.64177,-3.53725,0.56071
-0.53299,-3.63656,0.63110
-0.41845,-4.17465,0.72988
-0.29942,-4.71991,0.72843
-0.17995,-4.23826,0.57104
-0.04278,-4.05978,0.52265
0.01257,-3.95602,0.67124
0.05570,-3.79039,0.61398
0.08701,-3.44775,0.49697
0.14097,-3.89695,0.44962
0.09711,-3.68003,0.61641
0.03859,-1.56327,0.79030
-0.03243,-2.84483,0.78037
-0.08415,-2.68488,0.61968
-0.19373,-1.39192,0.83500
-0.30912,-2.02933,0.50583
-0.42575,-1.31936,0.62839
-0.53934,-2.25863,0.60560
-0.65793,-1.97697,0.65022
-0.72714,-1.98629,0.59876
-0.78039,-2.01480,0.45659
-0.81736,-2.78244,0.65671
-0.86031,-3.14097,0.54815
-0.83146,-3.74274,0.54787
-0.78279,-3.26675,0.54531
-0.71759,-3.67087,0.49559
-0.63834,-3.97691,0.58249
-0.55283,-4.32083,0.67334
-0.42943,-4.08940,0.74330
-0.30178,-4.52224,0.84931
-0.17463,-4.99905,0.82457
-0.06700,-5.01603,0.90870
0.07114,-5.59940,1.06866
0.19590,-5.58590,1.09463
0.30225,-5.52152,0.96959
0.36414,-5.56823,0.94501
0.44547,-5.43029,0.87732
0.50177,-5.43107,1.04453
0.52870,-5.22613,0.85930
0.52591,-4.91728,0.97178
0.48149,-4.70050,0.76169
0.44674,-4.02655,0.62244
0.38725,-3.76907,0.60865
0.30485,-3.01354,0.36045
0.17729,-3.35802,0.50547
0.07957,-3.11451,0.46461
-0.03112,-3.05653,0.53040
-0.14995,-2.22726,0.71982
-0.27319,-1.00524,0.75063
-0.41231,-1.70596,0.68280
-0.50385,-1.26887,0.59593
-0.58712,-2.92739,0.62339
-0.66147,-2.51266,0.52200
-0.74784,-2.55749,0.66898
-0.75997,-3.04869,0.68833
-0.75453,-3.39064,0.47628
-0.73272,-3.28560,0.70860
-0.72439,-3.77529,0.48298
-0.64113,-4.09895,0.76628
-0.54546,-4.16505,0.73037
-0.43983,-4.69661,0.82660
-0.32793,-4.62710,0.69602
-0.22380,-4.63692,0.86599
-0.08645,-4.77108,0.72642
0.04606,-5.10166,1.18729
0.16802,-5.50419,1.01468
0.25403,-5.20226,1.02125
0.36193,-5.47241,0.86056
0.44608,-5.29327,0.99085
0.50460,-5.60063,0.91363
0.50860,-5.00867,0.92185
0.53034,-4.68459,0.93675
0.52370,-4.85120,1.03488
0.48796,-4.49543,0.78156
0.42498,-4.12900,0.52040
0.32333,-3.58783,0.55938
0.23960,-3.54192,0.39139
0.13726,-3.40939,0.47384
0.01926,-3.08775,0.55698
-0.13914,-2.54178,0.74869
-0.24199,-1.63011,0.90102
-0.34756,-2.64758,0.66887
-0.45292,-2.71855,0.61962
-0.55324,-1.70221,0.77673
-0.65449,-2.07159,0.75216
-0.70659,-2.23837,0.67739
-0.74391,-1.92754,0.92512
-0.76516,-2.97136,0.71138
-0.78801,-2.51702,0.56338
-0.74236,-2.65443,0.46228
-0.67948,-3.62317,0.57963
-0.60281,-3.63232,0.64219
-0.53515,-3.82348,0.68506
-0.41350,-3.85654,0.63685
-0.28572,-4.33958,0.68578
-0.15780,-4.74104,0.98029
-0.03437,-4.70996,0.73935
0.07516,-5.49554,1.04410
0.20314,-5.25353,0.86513
0.31374,-5.26439,0.91080
0.40216,-5.21184,0.76255
0.44993,-4.85106,0.91638
0.50922,-5.30463,0.95687
0.54006,-4.87056,0.91836
0.54056,-4.87773,0.66545
0.48405,-4.73524,0.84924
0.45221,-4.00924,0.65210
0.39472,-4.01525,0.58545
0.31318,-3.04835,0.36071
0.21046,-3.11347,0.56423
0.07380,-2.95980,0.51923
-0.02967,-2.95783,0.63620
-0.14194,-3.03151,0.46328
-0.25975,-1.88257,0.80146
-0.41235,-1.32595,0.55482
-0.49822,-2.48713,0.38331
-0.57647,-2.87130,0.64116
-0.64453,-2.56325,0.40544
-0.70133,-2.81365,0.43174
-0.74826,-3.29666,0.45026
-0.73253,-3.31234,0.55245
-0.69996,-3.11937,0.57520
-0.65229,-3.91917,0.71822
-0.60372,-4.37933,0.68481
-0.48893,-4.21717,0.60109
-0.36436,-5.02872,1.11572
-0.23492,-5.01294,0.70756
-0.12869,-5.41752,0.90923
0.02886,-4.80717,0.86959
0.17857,-5.17183,1.00318
0.31443,-5.56899,1.08480
0.38490,-5.43362,1.03795
0.51304,-5.01788,0.79309
0.61335,-4.88951,0.95355
0.68239,-4.60075,0.59906
0.71617,-5.02104,0.85790
0.69393,-5.57430,1.08477
0.68765,-5.14909,0.76359
0.64809,-4.70041,0.87284
0.57657,-4.35425,0.82578
0.43917,-4.00810,0.65637
0.34665,-3.43965,0.45413
0.23370,-2.95869,0.66547
0.10410,-3.50907,0.44602
-0.03814,-2.34973,0.85924
-0.21029,-1.50612,0.76263
-0.33528,-2.21025,0.66004
-0.45743,-2.66978,0.62760
-0.57365,-2.75817,0.51120
-0.71519,-1.73971,0.73553
-0.77614,-2.13655,0.75575
-0.81822,-2.34592,0.66454
-0.84143,-3.26202,0.45001
-0.84546,-3.46887,0.72177
-0.83947,-3.06088,0.46076
-0.76446,-3.86115,0.50059
-0.67295,-4.43745,0.57205
-0.56804,-4.43393,0.73683
-0.47355,-4.53645,0.84719
-0.31601,-5.20341,1.11684
-0.15791,-5.10931,0.85690
-0.00515,-5.06477,1.02864
0.10731,-5.87670,1.22750
0.26928,-5.61497,1.09499
0.41073,-5.27667,0.91619
0.52594,-5.57678,0.99815
0.61342,-5.57092,0.86986
0.64638,-5.36019,0.96869
0.70491,-5.27398,1.06895
0.72876,-5.56324,1.03521
0.71733,-5.00771,0.83011
0.63840,-5.17547,0.73744
0.59085,-4.35660,0.56530
0.51502,-4.28413,0.58737
0.41144,-3.34815,0.50945
0.28383,-3.27028,0.49073
0.11834,-3.19269,0.52240
-0.01002,-3.10180,0.72814
-0.14872,-1.02519,0.63440
-0.29392,-2.60785,0.64621
-0.48218,-2.42553,0.60199
-0.58382,-0.85994,0.46581
-0.67417,-2.30910,0.68261
-0.75276,-1.88138,0.76409
-0.81470,-1.85450,0.65395
-0.87718,-3.34547,0.52149
-0.86063,-3.73729,0.59722
-0.82340,-3.34459,0.50114
-0.76757,-4.10327,0.62015
-0.72115,-4.57917,0.69697
-0.60173,-4.16247,0.92538
-0.46988,-4.25258,0.76159
-0.33086,-5.22294,0.75970
-0.23059,-5.03153,0.88096
-0.06173,-5.70910,0.91316
0.10229,-5.13432,1.00713
0.25108,-5.63564,1.14866
0.37966,-5.73071,1.14216
0.46368,-5.60563,0.97069
0.56717,-5.92521,0.99173
0.64202,-5.51978,0.92168
0.68266,-5.30312,0.99940
0.68862,-5.23287,0.79665
0.65265,-4.85349,0.74440
0.62190,-4.87860,0.82001
0.56134,-4.19723,0.53820
0.47295,-3.61496,0.53621
0.33523,-3.63145,0.62211
0.22604,-2.54384,0.70970
0.09996,-2.94230,0.76466
-0.03778,-0.64393,0.92187
-0.18306,-2.48175,0.86980
-0.34442,-2.67004,0.90437
-0.47271,-2.20641,0.71639
-0.59347,-2.35445,0.59838
-0.70339,-2.57891,0.57246
-0.81679,-3.26729,0.72339
-0.87971,-2.07532,1.03261
-0.92073,-2.24113,0.59516
-0.93952,-2.64807,0.50006
-0.93628,-3.24980,0.49999
-0.91477,-3.56525,0.62307
-0.84738,-3.18632,0.58585
-0.76082,-4.09269,0.62067
-0.65785,-3.74772,0.69465
-0.55709,-4.26388,0.73194
-0.40886,-5.07407,0.75721
-0.25486,-5.08407,1.02674
-0.10062,-5.13182,1.01543
0.01435,-5.45749,1.18560
0.17934,-5.85493,1.08877
0.33073,-5.82197,1.00174
0.46189,-5.04456,1.01614
0.56611,-5.47545,1.09387
0.61575,-5.77793,1.29138
0.69016,-5.34877,1.10255
0.73203,-5.17003,1.34230
0.73818,-5.42668,1.15983
0.65985,-4.96940,0.96160
0.63627,-4.61999,0.84315
0.58321,-3.89984,0.47974
0.50129,-3.19545,0.49142
0.39347,-2.94545,0.53355
0.24449,-2.34972,0.76198
0.11656,0.32937,0.19947
-0.02412,0.14665,0.16106
-0.17351,-0.27086,0.19568
-0.32913,-0.40819,0.11148
-0.47054,-0.59683,0.16763
-0.64790,-0.75608,0.24459
-0.81437,-1.61205,0.49677
-0.96382,-1.48501,0.67765
-1.09313,-1.28893,0.52499
-1.18244,-1.51786,0.52616
-1.28609,-1.58846,0.79879
-1.35859,-1.39953,0.94148
-1.39640,-0.91779,0.94268
-1.35674,-1.98187,0.60279
-1.36081,-2.95823,0.60708
-1.33110,-3.06455,0.57463
-1.26799,-2.98207,0.57429
-1.17405,-3.12115,0.48406
-1.02598,-3.68527,0.63577
-0.90696,-3.43317,0.59007
-0.77030,-4.05409,0.67777
-0.61990,-3.96676,0.54944
-0.45961,-4.15530,0.66116
-0.26902,-4.62316,0.65680
-0.13124,-4.47195,0.80349
-0.00017,-4.46994,0.89393
0.12115,-4.61508,0.80332
0.23034,-4.37179,0.77447
0.33530,-4.52134,0.75286
0.36753,-3.99785,0.65554
0.37610,-3.75973,0.53853
0.36191,-3.16040,0.44559
0.35639,-3.18113,0.52481
0.25823,-2.81552,0.43195
0.13939,0.28029,0.35237
0.00454,-0.23166,0.73410
-0.14010,-1.09235,0.66005
-0.27390,-1.21442,0.77156
-0.46112,-0.80802,0.55408
-0.64697,-1.27076,0.81359
-0.82505,-1.49145,0.79547
-0.92506,-2.14985,0.68384
-1.10771,-2.61267,0.83062
-1.26857,-0.48731,1.47167
-1.39989,-0.41855,1.70579
-1.49433,-1.81500,1.51743
-1.48463,-2.54334,0.53130
-1.56100,-2.40302,0.37603
-1.60403,-2.70127,0.40884
-1.61361,-2.68069,0.55107
-1.58989,-2.87207,0.45101
-1.47516,-2.63233,0.64167
-1.43279,-3.66926,0.60530
-1.35788,-2.64845,0.45468
-1.25101,-3.16644,0.34771
-1.11552,-3.51003,0.44264
-0.90379,-3.82240,0.50406
-0.76568,-4.36540,0.72365
-0.61676,-4.88621,0.84859
-0.45955,-4.15462,0.70924
-0.29698,-4.82839,0.86698
-0.08398,-4.79672,0.82349
0.02944,-4.92905,0.77611
0.13131,-4.50794,0.77495
0.21906,-4.59912,0.86759
0.28860,-4.39202,0.85851
0.36678,-4.28979,0.56734
0.35491,-3.69661,0.46797
0.32037,-3.05265,0.43709
0.26564,-3.21688,0.49061
0.24058,-2.29437,0.67249
0.11325,-1.20167,0.82602
-0.02741,-1.49351,0.87283
-0.17810,-1.78395,0.64453
-0.33142,-2.03140,0.73469
-0.44896,-1.33050,0.45269
-0.62947,-1.26916,0.44222
-0.80233,-2.19681,0.48623
-0.96026,-2.06111,0.38628
-1.09424,-2.12368,0.35026
-1.17593,-2.23125,0.45997
-1.28226,-2.24273,0.53347
-1.35569,-2.61786,0.44943
-1.39363,-2.43985,1.03819
-1.39693,-2.41853,0.54831
-1.34515,-3.37784,0.66306
-1.31781,-4.00537,0.66602
-1.25900,-2.70576,0.55468
-1.17108,-3.04529,0.43983
-1.05740,-3.69433,0.62447
-0.90475,-3.42685,0.46632
-0.78049,-3.95912,0.65549
-0.64353,-4.38958,0.78033
-0.49476,-4.21415,0.69093
-0.30751,-4.39640,0.83653
-0.17227,-4.62261,0.73771
-0.04348,-4.53646,0.81370
0.07598,-4.35031,0.84066
0.18469,-4.93763,1.08339
0.30864,-4.46977,0.68073
0.34977,-4.33902,0.79423
0.36783,-4.30102,0.66231
0.36404,-3.90277,0.54132
0.33838,-3.23770,0.51698
0.30470,-3.29365,0.42895
0.20972,-2.62340,0.59229
0.09693,-2.13660,0.73882
-0.02937,-1.73918,0.69886
-0.13483,-3.03404,0.48719
-0.30292,-2.33098,0.70837
-0.47309,-1.78827,0.65655
-0.63942,-1.43727,0.52436
-0.79609,-2.00114,0.34414
-0.91192,-2.28451,0.35979
-1.05733,-2.46324,0.48690
-1.17980,-2.37498,0.52277
-1.27262,-3.16724,0.61157
-1.33246,-3.03520,0.57186
-1.34180,-2.24834,0.30233
-1.35767,-2.38714,0.37601
-1.34011,-3.77087,0.58304
-1.28953,-2.14787,0.42151
-1.20796,-2.69934,0.36859
-1.09099,-3.24479,0.49365
-0.97488,-3.38696,0.57707
-0.83916,-3.99220,0.65619
-0.68735,-4.07670,0.79457
-0.49227,-3.78962,0.54185
-0.34362,-4.37258,0.76904
-0.19498,-4.88877,1.12786
-0.04760,-4.48363,0.77591
0.09435,-4.32075,0.81286
0.25216,-5.32523,0.83878
0.33588,-4.50649,1.07891
0.39869,-4.65921,0.90528
0.43860,-4.25067,0.73780
0.45357,-3.96316,0.58785
0.45748,-3.52927,0.53725
0.38905,-3.17317,0.35910
0.29665,-2.59639,0.41752
0.18524,-0.53156,0.86538
0.09137,-0.07671,0.47390
-0.07929,-1.57654,0.80212
-0.26021,-0.70408,0.43332
-0.44098,-1.04045,0.46365
-0.61572,-0.92079,0.30063
-0.74435,-1.84718,0.39236
-0.93304,-1.78777,0.45762
-1.10065,-2.22632,0.52934
-1.24079,-2.62382,0.41348
-1.35039,-2.27176,0.35164
-1.39647,-2.50815,0.54480
-1.46886,-2.69700,0.46729
-1.50803,-2.79309,0.52192
-1.51422,-2.44776,0.61167
-1.48754,-2.93298,0.74031
-1.40370,-3.77119,0.52673
-1.34803,-2.70974,0.50687
-1.26042,-2.65853,0.48094
-1.14310,-3.37143,0.68824
-1.00221,-3.80462,0.57104
-0.82378,-4.17580,0.89446
-0.67500,-3.70555,0.67104
-0.51733,-3.90570,0.66982
-0.35440,-5.00824,0.58756
-0.19083,-4.75126,0.74866
-0.01569,-4.50375,0.73436
0.11719,-5.15255,0.83055
0.23426,-5.04441,1.08322
0.33506,-4.90105,0.70760
0.44014,-4.60276,0.83852
0.47584,-4.08477,0.59573
0.48445,-4.16598,0.76929
0.46743,-3.98378,0.83301
0.42567,-3.20565,0.45268
0.37407,-2.98778,0.42589
0.27035,-2.66321,0.45768
0.14925,-1.02169,0.79129
0.01312,-0.05297,0.30480
-0.13376,-1.63178,0.70495
-0.27573,-2.40219,0.72260
-0.44560,-1.76237,0.57082
-0.61330,-1.51166,0.42403
-0.77266,-2.19679,0.44126
-0.88365,-2.22793,0.50439
-1.02944,-2.31799,0.40929
-1.15408,-2.37292,0.46949
-1.24884,-2.76527,0.62986
-1.31123,-2.92027,0.44201
-1.31977,-2.76205,0.43979
-1.33579,-2.16268,0.33602
-1.31952,-3.96011,0.60487
-1.27111,-2.57646,0.48219
-1.19206,-3.11976,0.48044
-1.07203,-3.26562,0.63273
-0.96079,-3.41639,0.46025
-0.82923,-3.62836,0.62608
-0.68095,-4.14965,0.73025
-0.52154,-4.41094,0.93250
-0.34027,-4.49076,0.84984
-0.19251,-4.73959,1.02436
-0.04689,-4.59710,0.88399
0.09288,-4.97030,0.77771
0.21985,-5.28488,1.02713
0.34119,-4.57129,0.81610
0.40453,-4.35407,0.79367
0.44330,-4.23414,0.85156
0.45682,-3.82725,0.64669
0.47433,-3.50137,0.44684
0.40267,-3.30270,0.44560
0.30750,-2.20830,0.70569
0.19322,0.18548,0.41582
0.06221,0.02198,0.36792
-0.06617,-0.85226,0.81208
-0.25185,-1.33528,0.63955
-0.44173,-0.85210,0.28774
-0.63048,-0.93427,0.26327
-0.74962,-1.52029,0.45955
-0.95192,-1.93076,0.71248
-1.13319,-1.35882,1.29830
-1.28822,-0.90315,1.31624
-1.41089,-0.67655,1.61870
-1.43097,-1.13834,1.46655
-1.52830,-0.39930,1.34995
-1.59308,-1.63039,0.94366
-1.62517,-1.60344,1.24212
-1.62460,-0.16563,1.63026
-1.55761,-1.68143,1.15644
-1.51764,-3.23348,0.70845
-1.44567,-2.76310,0.40552
-1.34228,-3.38867,0.53802
-1.20829,-3.59955,0.52475
-1.07532,-5.06021,1.07843
-0.87324,-3.95540,0.86795
-0.65649,-4.87751,0.75188
-0.42972,-5.12331,0.92643
-0.20143,-5.86257,0.91422
-0.01557,-4.71172,0.87824
0.22380,-5.11606,1.05239
0.44961,-4.91004,0.98174
0.65051,-4.94298,1.07957
0.82057,-4.37532,0.80086
0.95754,-4.79324,1.13417
1.04621,-4.37464,0.69193
1.14564,-3.93496,0.74507
1.21373,-3.99592,0.93634
1.25031,-4.50775,0.88621
1.22088,-4.24532,0.74623
1.21939,-4.82863,0.92869
1.18648,-4.61258,1.01449
1.12251,-4.51225,0.70681
1.02785,-4.18893,0.69674
0.87623,-3.66458,0.60452
0.74268,-3.23173,0.39169
0.58028,-2.93841,0.57171
0.39403,-1.12842,0.93952
0.19110,-0.37766,0.59551
-0.04467,-0.07317,0.19945
-0.25458,-0.84725,0.47322
-0.46308,-1.23495,0.49009
-0.66498,-0.93532,0.76752
-0.85485,-2.10345,0.42905
-1.03034,-1.78638,0.43207
-1.19370,-2.33468,0.41510
-1.30438,-2.18398,0.46609
-1.38218,-1.53579,0.95393
-1.42780,-1.78384,0.44870
-1.45698,-2.20381,0.60164
-1.42665,-3.03755,0.67009
-1.36566,-2.38776,0.56365
-1.27439,-3.38492,0.60458
-1.15546,-3.53033,0.60793
-1.01969,-4.44576,0.74775
-0.85386,-4.14473,0.66043
-0.67156,-4.69633,0.75740
-0.48110,-4.67427,0.71495
-0.28749,-5.49571,0.85577
-0.10333,-5.24949,1.08134
0.09555,-5.67035,0.90730
0.28069,-5.58217,1.10102
0.44679,-5.23975,1.02335
0.58892,-5.58959,1.24098
0.69877,-4.59712,1.02987
0.78824,-4.76566,0.79120
0.84442,-4.61064,0.96486
0.86870,-4.85136,0.79527
0.86199,-4.77867,0.85752
0.82353,-4.51031,0.75867
0.75676,-3.49686,0.42205
0.66001,-3.04459,0.48823
0.53455,-2.86679,0.42703
0.38762,0.22828,0.39934
0.22114,0.31037,0.18403
0.04421,-0.83081,0.58743
-0.14162,-0.39148,0.29821
-0.32955,-0.39412,0.19478
-0.51818,-0.83723,0.41893
-0.69785,0.15680,1.20137
-0.87418,-1.32644,0.72116
-1.03089,-0.39063,1.00076
-1.16367,-1.17936,1.20761
-1.26877,-0.10724,1.16039
-1.34690,-0.48542,1.04760
-1.38640,-1.46916,0.70340
-1.39341,-2.05673,0.38432
-1.36946,-2.53957,0.55959
-1.31497,-1.64986,0.65170
-1.23596,-3.62432,0.51497
-1.11859,-2.91458,0.54044
-0.97735,-3.96385,0.69063
-0.81690,-4.31051,0.69539
-0.64307,-4.56486,0.72267
-0.46528,-4.63435,0.90702
-0.26988,-4.86297,1.00448
-0.07405,-5.87900,1.06895
0.11483,-5.32711,0.81641
0.29110,-5.43963,0.90440
0.43992,-5.06032,0.94028
0.59234,-4.99026,0.80979
0.71716,-4.48683,1.06311
0.81009,-4.40936,0.79116
0.86961,-4.75900,1.00995
0.88990,-4.85000,0.98409
0.89989,-5.09536,1.32928
0.87912,-4.61986,0.88209
0.82787,-4.26772,0.77891
0.73703,-4.00480,0.72380
0.63282,-2.88092,0.30746
0.50177,-2.45785,0.39308
0.34925,-0.24297,0.57278
0.17856,-0.23630,0.41839
-0.00505,0.14411,0.55842
-0.19688,-2.43227,0.68892
-0.39085,-1.08757,0.53647
-0.58342,-1.57553,0.48852
-0.76893,-1.73123,0.46433
-0.93994,-1.55168,0.47078
-1.09065,-1.98747,0.43660
-1.21956,-2.28515,0.70962
-1.32087,-2.03420,0.46791
-1.38999,-2.18233,0.93775
-1.42643,-2.08036,0.76761
-1.43152,-1.89853,0.70894
-1.40506,-2.64298,0.58911
-1.34815,-2.46770,0.43513
-1.26125,-2.87465,0.52000
-1.14166,-3.36970,0.46413
-1.00543,-4.21000,0.78083
-0.85088,-4.96153,0.78141
-0.67989,-4.68797,0.92421
-0.49866,-4.64049,0.60866
-0.30370,-5.59415,1.05776
-0.12467,-5.67891,1.13210
0.05123,-5.40727,1.15531
0.21931,-5.26913,0.86588
0.37114,-4.91755,0.89195
0.51070,-5.07651,0.99074
0.61138,-4.98869,0.96743
0.68498,-4.86709,0.96940
0.72800,-5.02650,0.98174
0.73834,-5.24394,0.83991
0.71962,-4.22359,0.70622
0.66618,-3.44904,0.56021
0.58463,-3.19510,0.40382
0.47886,-2.95031,0.41898
0.35211,-1.57612,1.07366
0.20570,0.25757,0.16491
0.05029,-0.17668,0.34392
-0.11457,-0.48735,0.42168
-0.28288,-0.48073,0.35554
-0.45034,-0.85352,0.56226
-0.61703,-0.98033,0.51473
-0.76473,-0.26538,0.64960
-0.89637,-0.16265,0.85575
-1.00837,-1.48769,0.53884
-1.09867,-0.84610,0.58976
-1.16447,-1.30078,0.62176
-1.20044,-2.16329,0.51923
-1.20804,-3.19718,0.56619
-1.18787,-2.32290,0.64173
-1.14525,-3.19325,0.64484
-1.07002,-3.44467,0.55032
-0.97259,-3.10597,0.56855
-0.85465,-4.20303,0.55353
-0.71994,-4.06524,0.82002
-0.58164,-4.47766,0.77929
-0.42009,-4.47899,0.86011
-0.25622,-4.66372,0.99324
-0.09200,-4.99277,0.98529
0.06441,-5.33038,0.95088
0.19551,-5.00974,0.88079
0.33717,-5.31977,1.10914
0.46034,-5.37911,1.17931
0.55745,-4.94545,0.69779
0.62822,-4.76652,0.85288
0.66381,-5.16627,0.91237
0.68300,-4.78123,0.92148
0.67176,-4.12501,0.66588
0.63047,-4.14348,0.78130
0.56147,-3.53266,0.55652
0.46471,-3.14513,0.33133
0.34959,-2.54687,0.66271
0.21715,0.11323,0.35839
0.07102,0.24233,0.32424
-0.08319,-1.48600,0.94954
-0.25164,-2.09924,0.65128
-0.41966,-1.96564,0.65792
-0.58272,-2.09965,0.54392
-0.73899,-2.17629,0.57096
-0.86970,-2.44578,0.56284
-1.00365,-1.62646,0.43934
-1.11425,-2.47183,0.64862
-1.20020,-2.14833,0.52341
-1.25608,-1.99291,0.45559
-1.27664,-1.57009,0.38753
-1.27544,-2.67380,0.51355
-1.24408,-2.05153,0.69201
-1.18350,-2.80605,0.47249
-1.09642,-3.78013,0.68181
-0.98405,-3.27213,0.54366
-0.85543,-4.59230,0.69259
-0.71003,-4.09541,0.51572
-0.55309,-4.60490,0.69304
-0.38909,-5.05343,0.98536
-0.22354,-5.09517,1.10423
-0.05333,-5.75475,1.33575
0.10921,-5.69661,1.21609
0.25880,-5.64691,0.87365
0.39056,-5.23085,0.96095
0.50224,-5.37696,0.74923
0.58959,-4.64462,1.00045
0.64769,-4.97042,0.99969
0.67466,-4.76489,0.86730
0.66917,-4.02418,0.62721
0.63697,-4.10604,0.82294
0.57583,-3.82670,0.59118
0.48822,-3.08973,0.41781
0.37720,-2.53946,0.49613
0.24424,-1.07340,0.87449
0.09678,-0.23622,0.36964
-0.06166,-1.28544,0.78899
-0.22696,-0.63350,0.39093
-0.39636,-1.81372,0.67433
-0.56231,-1.56429,0.72311
-0.72602,-1.86784,0.39503
-0.87478,-1.37193,0.78173
-1.00424,-2.22893,0.82624
-1.11161,-2.38880,0.69791
-1.18712,-2.54016,0.55847
-1.24672,-1.70904,0.35587
-1.27643,-1.86093,0.37919
-1.27498,-2.85429,0.62792
-1.22654,-2.84703,0.57330
-1.18036,-1.87969,0.50572
-1.10816,-2.96052,0.52771
-1.01144,-3.14501,0.48818
-0.89350,-3.60585,0.81163
-0.75075,-4.08686,0.83253
-0.61297,-4.05934,0.83720
-0.46579,-4.31367,0.80275
-0.31364,-4.67653,0.88089
-0.16248,-4.82342,0.94202
-0.01251,-4.75939,0.87391
0.12128,-5.15618,1.11036
0.24254,-5.19537,0.80332
0.34455,-5.49547,1.20633
0.42457,-4.85738,0.95410
0.48394,-4.75197,0.75445
0.50648,-4.57729,0.73630
0.50226,-3.91855,0.63255
0.47228,-3.81045,0.60125
0.43035,-2.96101,0.38573
0.34042,-3.14440,0.42910
0.23119,-1.56342,1.02608
0.10657,-2.50763,0.48548
-0.03169,-1.18000,0.87730
-0.16874,-2.28910,0.68306
-0.33349,-2.64023,0.59216
-0.49625,-2.35688,0.69919
-0.65484,-2.43737,0.47989
-0.80356,-1.83011,0.46106
-0.92945,-1.64704,0.45263
-1.04939,-2.47957,0.67649
-1.14592,-1.71801,0.36300
-1.21486,-1.99402,0.34221
-1.24920,-1.72422,0.36950
-1.25831,-2.39935,0.56735
-1.23684,-2.90953,0.56219
-1.18540,-2.38796,0.35648
-1.10685,-3.50885,0.55525
-1.00004,-3.36044,0.66403
-0.88033,-4.13563,0.57374
-0.74240,-4.30930,0.70003
-0.59036,-4.57939,0.73726
-0.43122,-4.64735,0.90165
-0.26324,-4.90247,0.78530
-0.11055,-4.84314,0.87529
0.03462,-5.34144,0.83040
0.16785,-5.39094,1.03265
0.29259,-5.41883,1.30009
0.38608,-5.56428,0.93882
0.45732,-4.66659,0.76134
0.50214,-4.48471,0.95465
0.52002,-4.50233,0.74271
0.51998,-4.16668,0.55042
0.47379,-3.81121,0.51364
0.40294,-3.24653,0.46083
0.31050,-2.56115,0.66731
0.19808,-1.10167,0.99066
0.07462,-0.75190,0.74946
-0.07734,-0.31443,0.53073
-0.23519,-0.71371,0.62370
-0.39685,-0.81504,0.48329
-0.54476,-1.16115,0.42383
-0.70537,-1.16405,0.66752
-0.85595,-0.82979,1.00516
-0.98997,-0.96248,1.10013
-1.10029,-1.35300,0.68375
-1.17418,-1.91616,0.45808
-1.23958,-1.99487,0.37965
-1.27516,-1.44772,0.36568
-1.27832,-2.72751,0.47810
-1.24933,-3.01998,0.53951
-1.18089,-1.88895,0.72309
-1.11023,-3.25138,0.59163
-1.01493,-3.24820,0.58186
-0.89772,-3.22456,0.55401
-0.74556,-4.00249,0.67581
-0.60632,-3.95132,0.74282
-0.45854,-4.35493,0.87572
-0.30403,-4.49539,0.72013
-0.14682,-5.41236,1.11077
0.01438,-5.17625,0.78733
0.14403,-5.52485,0.92330
0.25805,-5.75864,0.94237
0.35406,-5.04526,0.93354
0.42821,-4.96431,0.79855
0.47903,-4.34995,0.82467
0.49900,-4.47974,0.87920
0.49237,-4.68647,0.59744
0.45978,-3.88152,0.54545
0.39913,-3.59680,0.53482
0.32284,-3.30460,0.48909
0.22762,-3.13511,0.43257
0.11546,-2.96459,0.57291
-0.00875,-1.37585,0.86675
-0.14689,-1.45503,0.70183
-0.27899,-2.14607,0.82151
-0.41082,-1.17095,0.57256
-0.53974,-1.63222,0.55041
-0.66107,-1.94088,0.79002
-0.77282,-1.97646,0.67773
-0.85577,-2.50812,1.04860
-0.91968,-2.31983,0.64265
-0.96246,-2.33987,0.56390
-0.99508,-2.41645,0.68022
-0.97490,-2.71070,0.47599
-0.93151,-3.72288,0.63586
-0.86683,-3.19168,0.50688
-0.80279,-3.88278,0.67455
-0.68834,-4.44813,0.65409
-0.55974,-4.71876,0.75634
-0.42389,-4.66905,0.87121
-0.28495,-5.18226,1.00503
-0.15796,-4.97171,0.83026
-0.00756,-5.33632,0.98725
0.13259,-5.18050,1.06936
0.25741,-5.42442,0.82638
0.36506,-5.48919,0.93336
0.44190,-5.34063,1.20561
0.52243,-5.15308,1.07737
0.57456,-5.24630,1.04332
0.59769,-5.55426,0.99800
0.56367,-4.87826,0.79007
0.55616,-4.95562,0.85384
0.52119,-3.95650,0.64208
0.45890,-4.04875,0.66894
0.37257,-3.18178,0.49128
0.25279,-3.25258,0.54928
0.15241,-2.83166,0.57795
0.03685,-2.76987,0.51759
-0.09064,-0.26068,0.38161
-0.25014,-1.49885,0.85476
-0.36345,-2.36276,0.75215
-0.47513,-1.39375,0.71443
-0.58098,-1.86458,0.64310
-0.67625,-1.23595,0.50982
-0.77460,-2.56743,0.81719
-0.81172,-2.20555,0.77012
-0.83060,-2.73109,0.55187
-0.83072,-3.10216,0.54781
-0.83331,-3.31508,0.49724
-0.77302,-3.38416,0.71904
-0.69641,-4.17839,0.56090
-0.60688,-4.25482,0.71008
-0.50590,-4.54623,0.69962
-0.40490,-4.64844,0.61751
-0.26202,-4.64142,0.83477
-0.12080,-4.98273,0.96023
0.01511,-5.27204,1.09075
0.12343,-4.90100,0.83751
0.25881,-5.13450,1.04037
0.37562,-5.34550,0.83442
0.46884,-5.55586,1.00679
0.53594,-5.05820,0.89360
0.56500,-5.15423,0.81607
0.60184,-4.88780,1.08628
0.60857,-4.96931,0.76471
0.58434,-4.38206,0.92351
0.50043,-4.39203,0.75873
0.45449,-3.88470,0.74589
0.38431,-4.04206,0.54209
0.29110,-3.16977,0.46603
0.17860,-3.62168,0.45344
0.03282,-3.20451,0.46611
-0.06607,-2.50295,0.61615
-0.17269,-3.05872,0.37560
-0.28359,-2.62537,0.78653
-0.43252,-2.04974,0.84139
-0.49987,-2.70719,0.53200
-0.56019,-2.29028,0.55566
-0.61153,-2.68653,0.65490
-0.65189,-3.00607,0.59807
-0.68677,-3.21704,0.52593
-0.66501,-2.76509,0.64603
-0.62941,-2.95262,0.51583
-0.58162,-3.77163,0.59171
-0.53646,-4.20410,0.49789
-0.44027,-4.58266,0.77214
-0.33836,-4.47943,0.64716
-0.23463,-4.66082,0.88413
-0.15702,-4.71976,0.84458
-0.02740,-4.86068,0.78585
0.09271,-4.93303,1.00277
0.19825,-5.10953,1.15693
0.28682,-5.47273,1.17192
0.34624,-5.06871,1.02807
0.41748,-5.13933,1.09754
0.46335,-5.09515,0.90497
0.48198,-4.67882,0.74921
0.45583,-4.58747,0.69155
0.44445,-4.12777,0.60362
0.40815,-4.31416,0.59763
0.34776,-3.45066,0.50128
0.24470,-3.44904,0.36350
0.16142,-2.85302,0.75214
0.06354,-2.65829,0.55365
-0.04789,-2.45118,0.57056
-0.16910,-0.59917,0.58736
-0.30133,-2.22272,0.69648
-0.41424,-3.02036,0.55550
-0.52265,-2.93610,0.50338
-0.62490,-2.18586,0.69601
-0.72151,-2.63464,0.49273
-0.79340,-2.71059,0.40672
-0.84693,-2.20180,0.63511
-0.88166,-2.14732,0.58829
-0.89530,-1.85444,0.58854
-0.89157,-2.88738,0.49484
-0.85189,-3.20104,0.48568
-0.79210,-2.86360,0.55456
-0.71452,-3.53803,0.68893
-0.63403,-3.83213,0.54250
-0.51656,-3.92558,0.65395
-0.38963,-4.32090,0.78856
-0.26021,-4.49117,0.93553
-0.14279,-4.86703,0.86251
-0.01046,-4.53807,0.81412
0.11377,-4.63873,0.95997
0.22216,-5.10752,0.96294
0.31101,-4.76813,0.68776
0.37645,-4.86286,0.84149
0.42602,-4.54173,0.95827
0.44882,-5.25359,0.86460
0.44469,-4.36797,1.00137
0.40693,-4.23454,0.67591
0.35900,-3.95031,0.79547
0.28884,-3.28766,0.44071
0.19888,-3.53233,0.51800
0.09068,-3.22606,0.64332
-0.03693,-2.26673,1.01455
-0.15406,-1.37636,0.75559
-0.27526,-1.90782,0.76483
-0.39911,-2.50936,0.78166
-0.52699,-2.30024,0.66850
-0.63292,-2.85722,0.46725
-0.72615,-2.68642,0.58403
-0.80368,-2.75526,0.48650
-0.88048,-2.59603,0.43141
-0.90485,-1.39387,0.54625
-0.90666,-2.86107,0.65519
-0.88674,-3.33905,0.58973
-0.84566,-3.71843,0.58946
-0.79119,-3.45900,0.56001
-0.69928,-4.10847,0.67575
-0.59194,-4.69517,0.72317
-0.47316,-4.88194,0.83862
-0.36365,-4.32077,0.65219
-0.21814,-4.80869,0.76790
-0.07308,-5.06047,0.91926
0.06602,-5.51208,0.80042
0.19251,-5.10953,0.93288
0.29741,-5.77593,1.12818
0.40344,-5.12484,0.96588
0.48554,-5.57894,0.95321
0.53899,-5.42064,0.91519
0.55066,-5.35216,1.03603
0.56146,-4.62972,0.75952
0.54234,-4.77156,0.74627
0.49364,-4.03918,0.70588
0.39220,-3.94528,0.47337
0.31514,-3.29617,0.44623
0.21730,-3.30058,0.45677
0.10189,-3.19755,0.68993
-0.02725,-3.31016,0.50508
-0.17769,-0.25953,0.42850
-0.30334,-2.83588,0.94199
-0.42876,-2.75928,0.68077
-0.54998,-2.51017,0.75024
-0.68267,-2.57885,0.51692
-0.76490,-2.90728,0.45607
-0.82972,-2.39629,0.67530
-0.87528,-2.85852,0.57489
-0.90045,-2.69993,0.45799
-0.90901,-3.23382,0.46481
-0.86450,-3.44702,0.67280
-0.79920,-3.51060,0.68726
-0.71530,-4.17778,0.63871
-0.62840,-4.41844,0.59951
-0.49240,-4.11785,0.70989
-0.34698,-4.72666,0.97109
-0.19683,-5.08198,1.03015
-0.07284,-4.81567,0.90810
0.09277,-5.41780,0.95526
0.24890,-5.54145,1.04895
0.38845,-5.34521,1.15919
0.50335,-5.36124,0.82581
0.57587,-5.48522,1.26846
0.65860,-5.16836,0.98552
0.70936,-4.86209,0.89304
0.72449,-5.26361,1.01889
0.67338,-5.37958,1.11438
0.65029,-4.74743,0.79241
0.59555,-4.41313,0.77666
0.51097,-4.46748,0.76292
0.40047,-3.35849,0.45083
0.25462,-2.96185,0.65159
0.13087,-3.45218,0.50210
-0.00533,-0.06782,0.47939
-0.15039,-0.97343,0.72416
-0.32661,-2.86559,0.77760
-0.45340,-2.12058,0.62040
-0.57324,-2.48909,0.63147
-0.68310,-2.87774,0.66366
-0.78022,-2.90645,0.61214
-0.86972,-1.63535,1.00018
-0.90799,-2.22041,0.59746
-0.92394,-2.58810,0.52667
-0.91801,-3.53085,0.50506
-0.90304,-3.42494,0.63299
-0.83667,-3.53967,0.64795
-0.75184,-3.99737,0.63626
-0.65199,-4.37276,0.79307
-0.55639,-4.46316,0.90388
-0.42107,-4.79320,0.74963
-0.28179,-4.94269,0.89158
-0.14217,-5.63984,0.95943
-0.00728,-5.27924,0.89974
0.10476,-5.49758,1.03618
0.23297,-5.37105,0.90413
0.34219,-5.15939,1.05900
0.43024,-5.39641,1.02042
0.47810,-5.32704,0.97050
0.52345,-5.21661,0.99144
0.54080,-5.07304,0.83511
0.52879,-4.68601,0.85557
0.48794,-4.01073,0.86390
0.41125,-4.15470,0.56118
0.33865,-3.16915,0.47237
0.24423,-3.38754,0.51133
0.13261,-2.78106,0.64962
-0.00509,-2.90093,0.70123
-0.12947,-0.89813,0.85172
-0.26061,-3.22858,0.62268
-0.39207,-2.32555,0.66236
-0.51969,-2.83078,0.56190
-0.64604,-2.08472,0.65330
-0.74035,-2.72356,0.54875
-0.81784,-2.80065,0.50683
-0.87621,-3.24279,0.46217
-0.92532,-2.31453,0.58840
-0.92862,-2.55019,0.68392
-0.90898,-3.32234,0.44099
-0.86788,-3.46549,0.53827
-0.81666,-3.12923,0.56221
-0.72893,-3.92106,0.71479
-0.62590,-4.01611,0.71911
-0.51247,-4.07279,0.65669
-0.39229,-4.45896,0.82765
-0.27080,-4.79170,0.93288
-0.14101,-4.71501,1.06553
-0.01599,-5.02154,0.82980
0.09934,-5.08422,1.04012
0.19174,-5.21099,0.85309
0.28804,-5.49982,0.93778
0.36356,-5.35305,0.99957
0.41514,-5.46338,0.89115
0.44108,-4.59434,0.87465
0.43706,-4.81324,0.96338
0.42163,-4.29042,0.71225
0.38102,-4.03508,0.46705
0.31656,-3.52889,0.58123
0.22210,-3.72081,0.48175
0.12862,-2.94679,0.54383
0.02069,-2.70020,0.90271
-0.09847,-0.53726,0.46620
-0.23094,-2.85000,0.45714
-0.35711,-2.41576,0.82699
-0.48148,-1.11969,0.46142
-0.60005,-1.98137,0.70244
-0.71024,-2.13851,0.63999
-0.80471,-0.69224,1.22739
-0.88522,-1.37499,1.11127
-0.94608,-3.19694,0.78573
-0.98484,-1.97596,0.90678
-0.99830,-2.28065,0.54213
-0.98742,-2.30159,0.76289
-0.95190,-3.39013,0.43116
-0.89334,-3.38417,0.55469
-0.81400,-3.43800,0.60292
-0.71866,-4.08210,0.63677
-0.59967,-4.01800,0.62599
-0.46796,-4.36153,0.66444
-0.32991,-4.56738,0.86580
-0.19586,-4.73844,0.92056
-0.04718,-5.64696,1.17667
0.09364,-5.20322,0.92979
0.22058,-4.91325,1.07867
0.32927,-5.75376,1.07412
0.41301,-5.46611,0.99343
0.49072,-5.57621,0.99583
0.53993,-5.37531,0.86171
0.55901,-5.10275,0.77081
0.54237,-4.47301,0.80814
0.51009,-3.98014,0.65767
0.45016,-3.88824,0.70943
0.36499,-3.40134,0.56217
0.24877,-2.03019,0.81908
0.12943,-1.78562,1.06777
-0.00306,-0.62602,0.81558
-0.14477,-0.81058,0.94418
-0.29257,-1.34267,0.78528
-0.44390,-2.05444,0.70395
-0.58265,-1.27826,0.63623
-0.71089,-0.15831,0.41221
-0.82414,-0.63137,0.85370
-0.92543,-2.46263,0.89080
-0.99180,-1.67321,0.78434
-1.03273,-2.54512,0.81733
-1.04779,-2.09192,0.59889
-1.03634,-2.54604,0.51102
-1.00321,-3.18641,0.61611
-0.93072,-3.41956,0.49623
-0.83612,-3.97866,0.44693
-0.72310,-3.82158,0.60521
-0.61021,-4.29818,0.66696
-0.45607,-4.50905,0.80801
-0.29565,-4.75314,1.09657
-0.13632,-5.69119,0.94935
0.01849,-5.02744,1.14512
0.15682,-5.29138,1.04248
0.30104,-5.77477,1.05968
0.42362,-5.60472,0.96777
0.51981,-5.63067,1.08461
0.56774,-5.65460,0.94289
0.62918,-5.41587,0.95347
0.65801,-5.43762,0.81572
0.65387,-4.92736,0.87176
0.61681,-5.07680,0.96195
0.53995,-3.91093,0.61000
0.47371,-4.71125,0.95830
0.38282,-2.98284,0.45769
0.26835,-3.36177,0.49230
0.11003,-2.83516,0.62214
-0.00482,-1.00168,0.85137
-0.13010,-0.72186,0.62656
-0.26145,-0.89162,0.62192
-0.39303,-3.05409,0.74622
-0.52967,-0.84631,0.41501
-0.62877,-1.44054,0.69220
-0.71513,-1.34725,0.70457
-0.78615,-2.02129,0.57370
-0.86063,-2.29746,0.36519
-0.86803,-3.04658,0.49861
-0.85421,-3.74379,0.53242
-0.82082,-3.49722,0.42129
-0.79523,-3.83476,0.62895
-0.69841,-4.07736,0.63247
-0.58787,-4.10507,0.59825
-0.46802,-4.44963,0.75414
-0.34076,-4.83572,0.61839
-0.22092,-4.86482,0.91278
-0.07486,-4.73497,0.60078
0.06606,-5.42784,1.18868
0.19603,-5.48590,1.02975
0.28340,-5.20463,1.06115
0.39953,-5.32388,0.86695
0.49340,-4.98273,1.01079
0.55999,-5.30542,1.01659
0.59573,-5.23330,1.02898
0.58945,-5.28751,1.19280
0.59148,-4.83225,0.83077
0.56349,-4.63526,0.78248
0.50595,-3.92516,0.49860
0.40297,-3.62434,0.65525
0.31574,-3.26883,0.41094
0.20802,-2.52675,0.66676
0.08357,-2.32202,0.55339
-0.05362,-0.22297,0.52373
-0.20964,-0.69681,0.65021
-0.33509,-1.08330,0.54566
-0.45903,-1.40965,0.47205
-0.57791,-1.48367,0.47992
-0.69996,-1.13538,0.37509
-0.78418,-1.57671,0.51232
-0.85071,-1.70970,0.49194
-0.89749,-1.79420,0.46581
-0.90687,-2.51654,0.62059
-0.92509,-1.86649,0.50163
-0.92171,-2.34649,0.56097
-0.89646,-2.18472,0.63560
-0.85029,-2.92596,0.57048
-0.77286,-3.21423,0.56252
-0.70707,-3.46195,0.60842
-0.62748,-3.42020,0.41190
-0.53673,-3.60865,0.40771
-0.42383,-3.91166,0.62881
-0.32795,-4.39694,0.64520
-0.23101,-4.16958,0.53503
-0.13641,-4.05749,0.71149
-0.04709,-4.18591,0.55120
0.04169,-4.35803,0.60435
0.09949,-3.85351,0.61959
0.14240,-4.01077,0.63957
0.16994,-3.92709,0.70192
0.19816,-3.48832,0.47767
0.17070,-3.13506,0.36519
0.12553,-3.15714,0.51476
0.06502,-1.86240,0.77706
0.00946,-1.37802,0.68105
-0.09231,-0.66027,0.75934
-0.20216,0.11567,0.12834
-0.31743,-1.55234,0.70894
-0.43463,-1.05638,0.50326
-0.53313,-1.09653,0.39162
-0.66145,-1.38662,0.55341
-0.77994,-1.30329,0.45128
-0.88363,-1.44949,0.48554
-0.93115,-1.46984,0.45581
-1.02149,-1.91709,0.45075
-1.08845,-1.05347,0.45400
-1.12830,-2.01913,0.56991
-1.13796,-3.07055,0.45796
-1.09566,-3.48703,0.55367
-1.08234,-2.86017,0.51825
-1.04227,-2.60962,0.42240
-0.97650,-3.41525,0.53084
-0.84561,-3.74445,0.48361
-0.77105,-3.35799,0.51359
-0.68094,-3.95250,0.58172
-0.57809,-3.70505,0.38271
-0.46396,-3.73969,0.51016
-0.31149,-3.88070,0.79128
-0.23126,-4.14494,0.70166
-0.15458,-4.23093,0.92726
-0.08281,-3.80378,0.52412
0.02480,-3.60333,0.50848
0.03535,-2.99494,0.42091
0.03264,-3.31907,0.46542
0.01782,-3.21923,0.43124
-0.00855,-2.67058,0.68093
-0.02942,-1.61941,0.87416
-0.12036,-0.08323,0.49019
-0.21917,-0.25050,0.69407
-0.32147,-2.27124,0.69758
-0.38296,-2.30810,0.71555
-0.53051,-1.52260,0.80994
-0.67345,-1.61106,0.64718
-0.80214,-1.39208,0.77922
-0.91184,-1.64262,0.80431
-0.98206,-1.84003,0.85066
-1.09605,-1.88526,1.09758
-1.18108,-2.60794,0.50580
-1.23352,-2.35152,0.50295
-1.21232,-2.41508,0.52016
-1.24054,-2.75216,0.54875
-1.23661,-3.68720,0.63080
-1.20012,-3.06272,0.40176
-1.13215,-2.95539,0.40516
-1.01617,-3.25751,0.52903
-0.93251,-3.44789,0.61711
-0.82885,-3.60337,0.57725
-0.70613,-4.02659,0.52299
-0.53014,-3.67393,0.52535
-0.42111,-4.39796,0.88097
-0.30746,-4.47794,0.79964
-0.19200,-4.32359,0.73496
-0.08108,-4.43107,0.66295
0.04145,-4.45280,0.73118
0.10432,-4.43425,0.94220
0.15258,-4.19278,0.63840
0.18435,-3.97939,0.66344
0.22280,-3.42639,0.50060
0.19395,-3.45908,0.48329
0.14626,-3.55691,0.48811
0.08251,-2.95477,0.48459
0.00461,-2.00024,0.71415
-0.07753,-1.64091,0.83988
-0.19812,-1.05214,0.94095
-0.32317,-1.53954,0.77582
-0.44971,-1.69183,0.73663
-0.55037,-1.67655,0.69693
-0.69444,-1.27177,0.38286
-0.82548,-1.80809,0.44556
-0.94009,-1.39044,0.36296
-1.03388,-2.02773,0.43927
-1.08885,-2.09040,0.52926
-1.16062,-2.33935,0.37288
-1.20351,-2.70227,0.72730
-1.21487,-3.12348,0.47927
-1.16108,-3.50750,0.52139
-1.14551,-3.39536,0.67997
-1.10162,-2.80516,0.43576
-1.03008,-3.15462,0.38963
-0.93369,-3.49509,0.48525
-0.80015,-4.15987,0.65496
-0.69542,-4.37416,0.86414
-0.57598,-3.98351,0.60245
-0.44706,-4.08505,0.48667
-0.27725,-4.31905,0.78490
-0.17423,-3.98381,0.62524
-0.07489,-3.93797,0.60142
0.01532,-4.17195,0.57904
0.09386,-4.16478,0.75290
0.17627,-4.27065,0.60988
0.18528,-3.88583,0.48817
0.17572,-3.21984,0.36420
0.14911,-3.51410,0.46661
0.13085,-3.08288,0.41520
0.04041,-2.81485,0.50768
-0.06225,-2.68929,0.51537
-0.17284,-2.24602,0.62920
-0.25964,-3.09074,0.56719
-0.40123,-2.66989,0.63450
-0.53938,-2.78985,0.63581
-0.66870,-2.04605,0.55373
-0.78579,-2.43831,0.57502
-0.86855,-2.02504,0.43134
-0.97169,-2.58245,0.52796
-1.05063,-2.95335,0.49486
-1.10291,-2.58249,0.52649
-1.09145,-2.77905,0.64456
-1.11576,-2.96629,0.46037
-1.11196,-3.16806,0.47161
-1.07952,-2.67633,0.34481
-1.01981,-2.30377,0.48622
-0.90991,-2.92222,0.46426
-0.84236,-3.19313,0.56935
-0.75743,-3.15817,0.53429
-0.65640,-3.70585,0.70362
-0.48801,-3.56263,0.45122
-0.41163,-3.78170,0.51164
-0.33218,-3.47982,0.54709
-0.25118,-3.41345,0.45158
-0.17077,-3.48497,0.45138
-0.06047,-3.12369,0.56738
-0.04412,-3.31917,0.50095
-0.03825,-3.71201,0.50847
-0.04197,-2.87608,0.60085
-0.00465,-2.96182,0.50178
-0.07935,-2.03505,0.54858
-0.16461,-0.97961,0.67341
-0.25597,-1.18544,0.73041
-0.34841,-1.65523,0.67325
-0.42087,-1.90743,0.68854
-0.55494,-1.09821,0.41668
-0.68175,-1.40997,0.35158
-0.79377,-1.64255,0.44154
-0.83867,-1.65695,0.52078
-0.96813,-2.22982,0.40138
-1.07540,-1.63777,0.62903
-1.15329,1.45852,0.69867
-1.19962,-0.39348,1.26321
-1.18703,-1.35707,0.42726
-1.21870,-1.28748,0.57663
-1.21871,-1.31518,0.89924
-1.18645,-0.67219,1.67121
-1.06216,-1.44998,1.44726
-1.02424,-2.84124,0.39696
-0.96339,-2.37725,0.95644
-0.87904,-2.83848,0.43548
-0.77405,-3.49259,0.44640
-0.61281,-3.67876,0.61609
-0.52998,-3.58564,0.45660
-0.43938,-3.67192,0.66069
-0.34276,-3.95189,0.60798
-0.24518,-4.01769,0.67022
-0.14220,-4.21264,0.68159
-0.07612,-4.22837,0.76048
-0.01763,-4.37184,0.78870
0.03011,-4.62700,0.87906
0.05205,-4.37417,0.67848
0.09647,-4.40605,0.60911
0.12773,-4.13485,0.68271
0.14350,-3.95206,0.51624
0.12265,-4.14877,0.60951
0.12809,-4.27560,0.55601
0.11878,-4.40415,0.80856
0.09434,-4.14891,0.62060
0.05555,-3.61555,0.52742
-0.00193,-3.16332,0.56931
-0.04331,-3.58553,0.52630
-0.09399,-3.70825,0.64175
-0.15228,-3.83555,0.61346
-0.23196,-2.69834,0.54479
-0.27019,-2.44210,0.70154
-0.30986,-2.84891,0.43156
-0.34941,-3.02610,0.48063
-0.40980,-2.01983,0.66600
-0.41518,-2.82415,0.52344
-0.41586,-3.41438,0.53036
-0.41204,-2.88269,0.55757
-0.43665,-3.47049,0.51185
-0.38952,-3.35192,0.44885
-0.33785,-3.88889,0.67033
-0.28472,-3.93637,0.67698
-0.23217,-4.16635,0.66173
-0.18768,-4.40025,0.76161
-0.10192,-5.10578,0.89275
-0.02314,-5.16701,0.75793
0.04513,-4.82557,0.92770
0.08392,-5.00460,0.83293
0.16579,-4.83590,0.96092
0.23067,-4.98964,1.04119
0.27543,-5.24602,1.09740
0.26444,-5.11779,0.89167
0.31483,-5.03233,0.82826
0.34401,-4.69879,0.81535
0.34901,-4.83262,0.84848
0.27949,-4.79980,0.85609
0.28758,-4.57808,0.71605
0.27592,-4.33625,0.83252
0.24330,-3.88097,0.42735
0.19094,-4.36517,0.73773
0.10530,-3.71095,0.50955
0.06673,-3.66791,0.61915
0.01511,-3.41399,0.54304
-0.04873,-3.42286,0.55281
-0.14928,-4.15620,0.54596
-0.18311,-3.76896,0.63759
-0.21998,-3.64910,0.57090
-0.26036,-4.08289,0.58588
-0.34396,-3.93442,0.57935
-0.33165,-3.76169,0.62929
-0.31676,-3.72678,0.63545
-0.30101,-4.28819,0.57262
-0.33920,-4.44994,0.82652
-0.26091,-4.49443,0.83903
-0.18265,-4.64364,0.91478
-0.10864,-5.34312,0.67871
-0.11573,-4.68298,0.83380
0.01167,-5.20697,1.25163
0.12912,-5.22685,1.00282
0.23022,-5.52216,0.95638
0.31099,-5.40844,1.09785
0.34012,-5.69642,1.09806
0.44625,-6.27054,1.52966
0.52532,-5.88161,1.20760
0.57316,-5.84452,1.20799
0.52679,-5.72211,1.01059
0.58613,-5.62303,1.08549
0.61472,-5.21982,1.22672
0.61031,-5.57191,1.05886
0.57279,-5.60532,0.88247
0.48047,-5.21372,0.94934
0.46191,-5.03805,0.79985
0.41753,-5.14838,0.80774
0.34718,-4.67449,0.77893
0.19438,-4.69358,0.90913
0.16339,-4.75903,0.75487
0.11746,-4.49335,0.78347
0.05601,-4.39201,0.73054
-0.11066,-4.54417,0.81580
-0.10638,-4.28540,0.56878
-0.10664,-4.22958,0.78313
-0.11389,-4.41860,0.62666
-0.12804,-4.97975,0.72978
-0.17229,-4.68794,0.70135
-0.11634,-4.70287,0.97190
-0.06475,-5.58559,0.85230
-0.02198,-5.15963,1.10745
-0.03395,-5.10425,0.96119
0.07225,-5.82419,0.77531
0.16832,-5.31926,0.84783
0.24649,-5.95271,1.02455
0.23231,-5.86385,1.25428
0.34929,-5.56314,0.93410
0.44664,-5.48853,1.08320
0.51673,-5.37842,1.11478
0.55646,-5.24685,0.93102
0.53941,-4.79736,1.03104
0.59127,-4.99082,0.95014
0.61275,-5.06022,0.95518
0.60143,-4.72353,0.83264
0.52603,-3.95384,0.65418
0.49161,-3.53546,0.46663
0.43069,-3.03170,0.43075
0.34406,-2.21566,0.70815
0.23442,0.29815,0.27790
0.11483,0.21526,0.12075
-0.05828,-0.09908,0.25574
-0.24178,-0.22637,0.16677
-0.42782,-1.28863,0.46840
-0.58670,-1.33952,0.41966
-0.78591,-2.16639,0.38783
-0.97310,-1.60283,0.66528
-1.14007,-1.31984,0.94263
-1.27707,-0.43194,1.09637
-1.36441,-1.42261,0.86880
-1.45149,-1.71143,0.55211
-1.50119,-1.99256,0.54282
-1.51493,-2.02115,0.82793
-1.47572,-1.94190,0.38173
-1.43422,-3.44026,0.64250
-1.35822,-2.58544,0.45040
-1.24831,-3.88295,0.50872
-1.10702,-3.42959,0.59713
-0.92407,-4.15145,0.65248
-0.74974,-4.13369,0.61053
-0.56211,-4.40241,0.73339
-0.36873,-4.63702,0.83036
-0.17248,-4.71893,0.83329
0.03511,-4.70590,0.72417
0.19931,-5.06598,0.81749
0.34642,-4.90153,1.02457
0.47158,-5.33373,1.05665
0.57028,-4.98912,1.00166
0.64334,-5.20989,1.08972
0.66038,-4.81344,0.93157
0.64460,-4.48432,0.75681
0.59734,-3.65379,0.52858
0.53420,-2.98786,0.42510
0.41487,-2.59620,0.42429
0.27245,-0.29069,0.68082
0.11222,-0.78415,0.75622
-0.05937,-0.93400,0.88464
-0.23267,-1.88852,0.76543
-0.42102,-1.06258,0.39869
-0.60816,-0.55053,0.55417
-0.78730,-1.17313,0.85877
-0.93718,-0.87710,1.02667
-1.08410,-1.00321,0.99524
-1.20708,-0.91514,0.74565
-1.29911,-0.81935,0.80202
-1.35570,-1.10428,0.71480
-1.36848,-1.71356,0.56239
-1.36384,-2.13432,0.39820
-1.32553,-2.79279,0.52337
-1.25493,-2.98310,0.43797
-1.15353,-3.88350,0.63301
-1.02065,-3.17939,0.60835
-0.87791,-4.80943,0.74023
-0.71957,-4.11841,0.61386
-0.54998,-4.83988,0.98592
-0.35524,-4.84524,1.09030
-0.18390,-5.57721,1.15468
-0.01836,-5.61897,0.87426
0.13689,-5.32537,0.85467
0.28005,-5.65770,1.05101
0.41047,-5.25815,0.78847
0.50682,-5.37502,0.87803
0.57549,-5.37978,0.85504
0.61537,-5.04792,0.90233
0.62495,-4.73037,0.77943
0.60540,-4.34128,0.79283
0.55225,-4.03752,0.51389
0.47141,-3.30679,0.39060
0.36590,-2.75635,0.48798
0.23823,-2.13784,0.79701
0.09713,-0.42713,0.76492
-0.05713,-0.41685,0.67966
-0.22006,-1.29265,0.68337
-0.38530,-0.93336,0.65275
-0.54993,-1.08852,0.89010
-0.70273,-0.06534,1.10202
-0.84369,-0.76246,0.32469
-0.96786,-0.94636,0.73357
-1.06930,-1.36096,0.59349
-1.14780,-1.19970,0.65234
-1.19466,-1.18162,0.90857
-1.21195,-3.01414,0.54666
-1.19871,-2.98198,0.61751
-1.15058,-2.85615,0.55850
-1.08439,-3.21618,0.52953
-0.99248,-3.37016,0.64290
-0.87901,-3.75952,0.59642
-0.74791,-4.51633,0.85459
-0.59796,-4.23205,0.74769
-0.44362,-4.67361,0.67835
-0.28288,-4.63587,0.89315
-0.12264,-5.32813,0.85527
0.03165,-5.64101,0.90889
0.17699,-5.09568,0.84726
0.30869,-5.71033,0.97345
0.41959,-5.26187,1.21529
0.50493,-5.55697,0.91722
0.56948,-5.25381,1.02893
0.59406,-4.93059,0.99879
0.58832,-4.73658,0.73548
0.55354,-4.21758,0.69896
0.49117,-3.53425,0.41978
0.40675,-3.18538,0.36099
0.29319,-3.41750,0.49837
0.16192,0.07771,0.31632
0.01734,0.20514,0.82958
-0.13760,-2.24716,0.81547
-0.29383,-2.04177,0.82497
-0.46274,-1.38756,0.73913
-0.62582,-0.62218,0.55456
-0.77908,-1.41887,0.50694
-0.90393,-0.27462,1.42302
-1.03104,-0.34984,1.11468
-1.13301,-1.16491,1.42216
-1.20754,-1.07870,0.95067
-1.25070,-1.74313,0.65928
-1.25277,-1.74619,0.63813
-1.24509,-1.78279,1.24420
-1.20711,-2.15195,0.56982
-1.14048,-3.37066,0.59840
-1.04719,-3.63266,0.58726
-0.92852,-3.66747,0.73373
-0.79836,-4.55855,0.60145
-0.65423,-4.27846,0.72854
-0.50023,-4.62473,0.79078
-0.33852,-5.05290,0.72937
-0.17721,-5.24464,0.98855
-0.02117,-5.64170,0.80847
0.12502,-5.31643,1.01057
0.25918,-5.28275,0.95144
0.36959,-5.52510,1.22556
0.46747,-5.51790,0.84234
0.53904,-5.34640,0.92074
0.58355,-5.03900,0.93715
0.59890,-4.48927,0.61786
0.58430,-4.77028,0.83462
0.54028,-4.03757,0.62728
0.46872,-3.19157,0.45638
0.37295,-3.24793,0.54733
0.25695,-2.94710,0.42371
0.11987,0.23478,0.20841
-0.03110,-0.92204,0.84112
-0.19132,-2.31076,0.71892
-0.35337,-1.93603,0.60269
-0.51499,-1.78087,0.89402
-0.66306,-0.74026,0.85114
-0.80128,-0.87009,0.73599
-0.92417,-1.13267,0.56201
-1.02442,-1.49808,1.14390
-1.10132,-2.51688,0.85987
-1.14344,-2.97276,0.58455
-1.15743,-3.34371,0.72237
-1.14254,-2.14169,0.68907
-1.10206,-3.13990,0.53568
-1.03154,-3.52742,0.68978
-0.93690,-3.09512,0.47091
-0.82307,-4.36214,0.67298
-0.69377,-4.28060,0.75221
-0.55350,-4.42833,0.72909
-0.39577,-4.44626,0.76925
-0.23631,-4.96248,0.78492
-0.07975,-5.45004,1.02574
0.06595,-4.97039,0.95496
0.20921,-5.06326,1.02171
0.33454,-5.22760,0.87666
0.44023,-5.38695,0.82678
0.52186,-5.47516,1.09473
0.57613,-5.29808,0.92437
0.59832,-4.64692,0.89149
0.59047,-4.64582,0.56023
0.55303,-4.14835,0.81212
0.49136,-4.00694,0.59075
0.39821,-3.29182,0.57482
0.28288,-3.41958,0.47770
0.14852,-1.31863,0.77675
0.00017,-0.57674,0.72408
-0.15394,-1.73142,0.81158
-0.32093,-2.22956,0.53391
-0.48896,-1.92396,0.62785
-0.65104,-1.52376,0.60491
-0.80161,-1.67209,0.42393
-0.93063,-2.53212,0.50557
-1.05558,-2.44179,0.67153
-1.15502,-2.18302,0.60536
-1.22529,-2.31334,0.50968
-1.24351,-2.28208,0.48184
-1.26855,-2.71702,0.39718
-1.26214,-3.64415,0.56260
-1.22422,-2.93185,0.58112
-1.15600,-3.09804,0.61872
-1.04038,-3.43125,0.54945
-0.94390,-3.34115,0.50533
-0.82814,-4.24758,0.54431
-0.69451,-4.32817,0.54754
-0.54656,-4.07194,0.72397
-0.37270,-4.41696,0.89454
-0.24006,-4.88080,0.71826
-0.10981,-4.84133,0.89068
0.01623,-5.07946,0.84585
0.13235,-4.82072,0.82820
0.24307,-4.50301,0.73723
0.29821,-4.77832,0.85336
0.33316,-3.93628,0.60738
0.34718,-3.82333,0.65231
0.36429,-2.95489,0.41491
0.30102,-3.33258,0.37911
0.21597,-2.78364,0.56518
0.11272,-0.92693,0.85403
0.04172,-1.01703,0.77644
-0.11961,-0.45744,0.43776
-0.28812,-1.80092,0.60773
-0.45954,-1.20376,0.59987
-0.62892,-1.06205,0.48028
-0.75186,-1.73387,0.61057
-0.92576,-2.08839,0.50561
-1.08291,-2.32867,0.61846
-1.21549,-2.38872,0.42902
-1.31610,-2.21610,0.77153
-1.35831,-3.14291,0.56117
-1.41489,-3.10336,0.58416
-1.43672,-2.40069,0.42522
-1.42471,-2.66686,0.49254
-1.37933,-3.44565,0.61316
-1.28332,-3.39199,0.48092
-1.20170,-3.48711,0.50369
-1.09267,-3.53563,0.49425
-0.96072,-3.51667,0.78729
-0.80996,-4.66322,0.73661
-0.63278,-3.95678,0.66701
-0.47831,-4.34303,0.78677
-0.31839,-4.73760,0.83298
-0.15765,-4.52326,0.87531
0.02693,-5.24867,0.94786
0.15006,-5.25936,0.74927
0.25679,-5.11390,0.87359
0.34545,-5.21649,1.12622
0.41147,-4.37928,0.89740
0.47276,-4.50038,0.65334
0.46383,-4.34096,0.85136
0.42898,-3.80185,0.70624
0.37038,-3.54845,0.42732
0.29072,-3.15241,0.44235
0.19948,-0.84216,0.55140
0.06310,-2.12303,0.58694
-0.08525,-2.94685,0.59229
-0.23904,-2.12564,0.86159
-0.37128,-2.67433,0.66165
-0.54667,-1.89353,0.65982
-0.71667,-1.58868,0.42168
-0.87455,-2.37559,0.39732
-1.01136,-2.12985,0.52805
-1.10051,-2.07801,0.54850
-1.21323,-2.61363,0.44494
-1.29493,-2.53795,0.40475
-1.34261,-2.43017,0.49076
-1.35548,-2.83997,0.48157
-1.32069,-2.15571,0.50286
-1.29214,-3.47930,0.49933
-1.23289,-2.58550,0.58579
-1.14502,-3.57153,0.64146
-0.99348,-4.01770,0.40754
-0.88629,-3.88155,0.65700
-0.76304,-4.43419,0.72179
-0.62438,-4.60720,0.87901
-0.47689,-4.24692,0.80391
-0.30083,-4.89902,1.02745
-0.16759,-5.20205,0.84595
-0.03801,-4.82220,0.83547
0.08160,-4.78505,0.91536
0.18765,-4.73592,0.80423
0.29316,-4.66970,0.83550
0.34661,-4.48773,0.65980
0.37672,-4.18334,0.48462
0.38373,-4.08704,0.68099
0.39817,-3.49466,0.59338
0.33467,-3.19936,0.42279
0.25015,-3.06762,0.48243
0.14851,-1.10480,0.72398
0.03322,-0.92040,0.67861
-0.07334,-0.95066,0.68262
-0.23438,-2.38722,0.86549
-0.39685,-1.75071,0.65542
-0.55518,-1.62250,0.49615
-0.70734,-1.30380,0.43102
-0.83184,-2.29750,0.37338
-0.98076,-2.14713,0.32619
-1.10743,-2.15014,0.37510
-1.20797,-1.98497,0.47111
-1.23752,-2.65885,0.43738
-1.30654,-2.94827,0.57096
-1.34317,-2.32708,0.45466
-1.34552,-3.37645,0.52017
-1.31370,-3.77106,0.78419
-1.22283,-2.23688,0.37935
-1.15481,-3.13242,0.54187
-1.06104,-3.25435,0.47837
-0.94314,-3.27634,0.50173
-0.80570,-3.33292,0.40105
-0.62928,-4.27877,0.71689
-0.49326,-4.14341,0.62052
-0.35101,-4.24910,0.71136
-0.20599,-4.58044,0.67627
-0.06386,-4.51912,0.68974
0.09296,-4.80338,1.15861
0.18220,-3.94915,0.73868
0.25471,-4.45618,0.60785
0.30822,-3.85423,0.64561
0.38409,-3.83926,0.72511
0.35311,-3.23313,0.45603
0.29851,-3.11588,0.45551
0.22423,-2.76989,0.46363
0.13291,-1.55607,0.98522
0.04823,-2.26819,0.73936
-0.11007,-2.05692,0.66694
-0.27546,-1.71281,0.57233
-0.44159,-1.08103,0.38092
-0.55186,-0.93298,0.26951
-0.74769,-1.83901,0.39934
-0.93055,-1.97059,0.32427
-1.09248,-2.62115,0.47110
-1.22793,-2.93506,0.59237
-1.28308,-2.60069,0.47101
-1.39534,-2.83790,0.53397
-1.47313,-2.84660,0.49164
-1.51565,-2.80972,0.32134
-1.52458,-3.12213,0.63691
-1.45211,-2.75727,0.55070
-1.43764,-2.14900,0.43728
-1.39022,-3.13919,0.53584
-1.31023,-2.35011,0.47515
-1.19947,-2.62945,0.46282
-1.00830,-3.31660,0.38870
-0.89737,-3.85385,0.56759
-0.77032,-4.22120,0.52836
-0.63036,-4.36680,0.65980
-0.48125,-4.76918,0.61563
-0.27699,-4.28718,0.88533
-0.17117,-4.08115,0.57089
-0.07146,-4.07840,0.75473
0.02025,-4.17756,0.63813
0.10092,-3.75913,0.55021
0.20121,-3.34882,0.42494
0.19562,-2.78526,0.45304
0.17209,-3.07672,0.42521
0.13271,-1.99193,0.77274
0.13385,-0.06539,0.38811
0.01411,0.39648,0.25024
-0.11655,-0.50594,0.68509
-0.25455,-0.30923,0.33091
-0.39537,-0.52426,0.17543
-0.49177,-0.63390,0.48926
-0.67101,-0.61983,0.38163
-0.83860,0.71341,1.02701
-0.99062,-0.70003,0.40386
-1.12097,-0.46150,0.92143
-1.20250,-0.56356,1.08195
-1.30146,0.90828,0.93965
-1.36904,-1.65950,1.01111
-1.40173,-2.07227,0.91403
-1.39933,-3.31437,0.81218
-1.36820,-2.38465,0.53283
-1.27138,-3.53098,0.63383
-1.14483,-3.54966,0.55972
-0.99384,-4.67068,0.84808
