time_s,frame,cte_true,cte_pred,u_de,certified,fail_count,pass_count,mode,steer,throttle,speed,lap,hit
0.000,0,0.00285,0.04226,0.11311,1,0,0,MODEL,-0.3252,0.100,0.0000,0,none
0.022,1,0.00285,0.04305,0.11239,1,0,0,MODEL,-0.3259,0.100,0.0000,0,none
0.065,2,0.00277,0.01431,0.11038,1,0,0,MODEL,-0.2986,0.100,0.0103,0,none
0.117,3,0.00267,0.06762,0.10291,1,0,0,MODEL,-0.3492,0.100,0.0174,0,none
0.167,4,0.00260,0.05055,0.07704,1,0,0,MODEL,-0.3330,0.100,0.0299,0,none
0.218,5,0.00211,0.00113,0.09448,1,0,0,MODEL,-0.2861,0.100,0.0440,0,none
0.268,6,0.00133,-0.06247,0.12031,1,0,0,MODEL,-0.2257,0.100,0.0572,0,none
0.318,7,0.00020,0.02889,0.09534,1,0,0,MODEL,-0.3124,0.100,0.0713,0,none
0.368,8,-0.00097,0.01020,0.13448,1,0,0,MODEL,-0.2947,0.100,0.0823,0,none
0.418,9,-0.00258,0.06047,0.09593,1,0,0,MODEL,-0.3424,0.100,0.0948,0,none
0.469,10,-0.00466,0.03107,0.12913,1,0,0,MODEL,-0.3145,0.100,0.1065,0,none
0.516,11,-0.00710,0.02185,0.11011,1,0,0,MODEL,-0.3058,0.100,0.1184,0,none
0.568,12,-0.00982,-0.06188,0.05703,1,0,0,MODEL,-0.2262,0.100,0.1300,0,none
0.619,13,-0.01264,-0.04699,0.04413,1,0,0,MODEL,-0.2404,0.100,0.1416,0,none
0.668,14,-0.01225,-0.00691,0.04309,1,0,0,MODEL,-0.2784,0.100,0.1661,0,none
0.719,15,-0.01608,0.04594,0.07138,1,0,0,MODEL,-0.3286,0.100,0.1724,0,none
0.767,16,-0.02491,0.02492,0.05726,1,0,0,MODEL,-0.3087,0.100,0.1762,0,none
0.817,17,-0.02864,-0.00237,0.04544,1,0,0,MODEL,-0.2827,0.100,0.1871,0,none
0.869,18,-0.03432,0.00336,0.04617,1,0,0,MODEL,-0.2882,0.100,0.1978,0,none
0.919,19,-0.04044,-0.00688,0.04886,1,0,0,MODEL,-0.2785,0.100,0.2087,0,none
0.970,20,-0.04723,-0.00991,0.04669,1,0,0,MODEL,-0.2756,0.100,0.2195,0,none
1.017,21,-0.05466,-0.03548,0.06183,1,0,0,MODEL,-0.2513,0.100,0.2301,0,none
1.071,22,-0.06271,-0.07098,0.06711,1,0,0,MODEL,-0.2176,0.100,0.2407,0,none
1.120,23,-0.07115,-0.06866,0.07011,1,0,0,MODEL,-0.2198,0.100,0.2512,0,none
1.170,24,-0.08009,-0.04163,0.08935,1,0,0,MODEL,-0.2455,0.100,0.2615,0,none
1.219,25,-0.09587,-0.02678,0.05509,1,0,0,MODEL,-0.2596,0.100,0.2714,0,none
1.270,26,-0.10101,-0.06080,0.04827,1,0,0,MODEL,-0.2272,0.100,0.2819,0,none
1.318,27,-0.11292,-0.06758,0.06130,1,0,0,MODEL,-0.2208,0.100,0.2919,0,none
1.371,28,-0.12564,-0.04543,0.05536,1,0,0,MODEL,-0.2418,0.100,0.3017,0,none
1.418,29,-0.13936,-0.09487,0.07062,1,0,0,MODEL,-0.1949,0.100,0.3115,0,none
1.471,30,-0.15403,-0.09005,0.05679,1,0,0,MODEL,-0.1995,0.100,0.3213,0,none
1.520,31,-0.16275,-0.14454,0.12059,1,0,0,MODEL,-0.1477,0.100,0.3314,0,none
1.569,32,-0.18593,-0.18178,0.11274,1,0,0,MODEL,-0.1123,0.100,0.3408,0,none
1.603,33,-0.20149,-0.24745,0.08980,1,0,0,MODEL,-0.0499,0.100,0.3497,0,none
1.654,34,-0.21722,-0.20737,0.10487,1,0,0,MODEL,-0.0880,0.100,0.3590,0,none
1.704,35,-0.23367,-0.29012,0.10944,1,0,0,MODEL,-0.0094,0.100,0.3683,0,none
1.756,36,-0.25021,-0.22611,0.09019,1,0,0,MODEL,-0.0702,0.100,0.3774,0,none
1.806,37,-0.27324,-0.21949,0.08599,1,0,0,MODEL,-0.0765,0.100,0.3870,0,none
1.855,38,-0.28680,-0.26156,0.09535,1,0,0,MODEL,-0.0365,0.100,0.3959,0,none
1.905,39,-0.30475,-0.24374,0.08295,1,0,0,MODEL,-0.0534,0.100,0.4044,0,none
1.954,40,-0.32402,-0.23635,0.07418,1,0,0,MODEL,-0.0605,0.100,0.4132,0,none
2.006,41,-0.34408,-0.27078,0.08698,1,0,0,MODEL,-0.0278,0.100,0.4219,0,none
2.059,42,-0.36446,-0.28778,0.11046,1,0,0,MODEL,-0.0116,0.100,0.4305,0,none
2.105,43,-0.38487,-0.29512,0.10158,1,0,0,MODEL,-0.0046,0.100,0.4390,0,none
2.156,44,-0.40549,-0.38635,0.10270,1,0,0,MODEL,0.0820,0.100,0.4475,0,none
2.205,45,-0.42523,-0.43323,0.10248,1,0,0,MODEL,0.1266,0.100,0.4557,0,none
2.256,46,-0.44339,-0.45599,0.09071,1,0,0,MODEL,0.1482,0.100,0.4639,0,none
2.304,47,-0.46036,-0.49667,0.09536,1,0,0,MODEL,0.1868,0.100,0.4721,0,none
2.357,48,-0.47593,-0.46360,0.09972,1,0,0,MODEL,0.1554,0.100,0.4801,0,none
2.406,49,-0.49063,-0.47483,0.10044,1,0,0,MODEL,0.1661,0.100,0.4882,0,none
2.459,50,-0.50471,-0.50716,0.09871,1,0,0,MODEL,0.1968,0.100,0.4961,0,none
2.508,51,-0.51730,-0.54165,0.09758,1,0,0,MODEL,0.2296,0.100,0.5039,0,none
2.559,52,-0.52785,-0.56930,0.10497,1,0,0,MODEL,0.2558,0.100,0.5116,0,none
2.606,53,-0.53613,-0.49403,0.06939,1,0,0,MODEL,0.1843,0.100,0.5192,0,none
2.658,54,-0.54343,-0.51077,0.09587,1,0,0,MODEL,0.2002,0.100,0.5269,0,none
2.710,55,-0.54997,-0.56889,0.08903,1,0,0,MODEL,0.2554,0.100,0.5344,0,none
2.757,56,-0.55395,-0.54978,0.08887,1,0,0,MODEL,0.2373,0.100,0.5417,0,none
2.809,57,-0.55554,-0.55939,0.08408,1,0,0,MODEL,0.2464,0.100,0.5491,0,none
2.858,58,-0.55531,-0.51723,0.07687,1,0,0,MODEL,0.2064,0.100,0.5564,0,none
2.908,59,-0.55346,-0.46133,0.07833,1,0,0,MODEL,0.1533,0.100,0.5637,0,none
2.958,60,-0.55111,-0.47207,0.08083,1,0,0,MODEL,0.1635,0.100,0.5709,0,none
3.008,61,-0.54782,-0.50205,0.08646,1,0,0,MODEL,0.1919,0.100,0.5780,0,none
3.059,62,-0.54237,-0.50574,0.08952,1,0,0,MODEL,0.1955,0.100,0.5850,0,none
3.111,63,-0.53461,-0.52982,0.10057,1,0,0,MODEL,0.2183,0.100,0.5919,0,none
3.159,64,-0.52441,-0.49469,0.08938,1,0,0,MODEL,0.1850,0.100,0.5987,0,none
3.207,65,-0.51183,-0.55362,0.13036,1,0,0,MODEL,0.2409,0.100,0.6055,0,none
3.260,66,-0.49683,-0.55506,0.12695,1,0,0,MODEL,0.2423,0.100,0.6121,0,none
3.309,67,-0.47853,-0.57878,0.12667,1,0,0,MODEL,0.2648,0.100,0.6188,0,none
3.360,68,-0.45715,-0.51926,0.11688,1,0,0,MODEL,0.2083,0.100,0.6253,0,none
3.409,69,-0.43352,-0.50178,0.12914,1,0,0,MODEL,0.1917,0.100,0.6318,0,none
3.462,70,-0.40836,-0.54315,0.11948,1,0,0,MODEL,0.2310,0.100,0.6384,0,none
3.511,71,-0.38076,-0.38465,0.11783,1,0,0,MODEL,0.0804,0.100,0.6447,0,none
3.560,72,-0.35256,-0.39010,0.10742,1,0,0,MODEL,0.0856,0.100,0.6510,0,none
3.611,73,-0.32488,-0.31862,0.09908,1,0,0,MODEL,0.0177,0.100,0.6576,0,none
3.660,74,-0.29727,-0.22374,0.07943,1,0,0,MODEL,-0.0724,0.100,0.6633,0,none
3.712,75,-0.27190,-0.29840,0.11195,1,0,0,MODEL,-0.0015,0.100,0.6699,0,none
3.761,76,-0.24792,-0.22322,0.10484,1,0,0,MODEL,-0.0729,0.100,0.6756,0,none
3.810,77,-0.22367,-0.24626,0.10598,1,0,0,MODEL,-0.0510,0.100,0.6817,0,none
3.860,78,-0.20057,-0.16504,0.07995,1,0,0,MODEL,-0.1282,0.100,0.6876,0,none
3.910,79,-0.17762,-0.13714,0.09394,1,0,0,MODEL,-0.1547,0.100,0.6935,0,none
3.963,80,-0.15749,-0.18161,0.09076,1,0,0,MODEL,-0.1125,0.100,0.6993,0,none
4.013,81,-0.14004,-0.08373,0.07103,1,0,0,MODEL,-0.2055,0.100,0.7050,0,none
4.060,82,-0.12397,-0.10274,0.09989,1,0,0,MODEL,-0.1874,0.100,0.7105,0,none
4.111,83,-0.11218,-0.03374,0.09327,1,0,0,MODEL,-0.2529,0.100,0.7162,0,none
4.163,84,-0.10432,0.01490,0.08250,1,0,0,MODEL,-0.2992,0.100,0.7215,0,none
4.213,85,-0.10197,-0.03716,0.08390,1,0,0,MODEL,-0.2497,0.100,0.7268,0,none
4.264,86,-0.10354,-0.03531,0.06444,1,0,0,MODEL,-0.2515,0.100,0.7324,0,none
4.313,87,-0.10812,-0.12304,0.08050,1,0,0,MODEL,-0.1681,0.100,0.7378,0,none
4.363,88,-0.11470,-0.05628,0.08803,1,0,0,MODEL,-0.2315,0.100,0.7433,0,none
4.414,89,-0.12413,-0.09392,0.06809,1,0,0,MODEL,-0.1958,0.100,0.7484,0,none
4.463,90,-0.13734,-0.12396,0.06614,1,0,0,MODEL,-0.1672,0.100,0.7538,0,none
4.511,91,-0.15255,-0.20100,0.08913,1,0,0,MODEL,-0.0940,0.100,0.7590,0,none
4.562,92,-0.16845,-0.20827,0.09236,1,0,0,MODEL,-0.0871,0.100,0.7642,0,none
4.613,93,-0.18474,-0.22867,0.09097,1,0,0,MODEL,-0.0678,0.100,0.7694,0,none
4.664,94,-0.20203,-0.23206,0.10539,1,0,0,MODEL,-0.0645,0.100,0.7745,0,none
4.712,95,-0.22020,-0.21115,0.09663,1,0,0,MODEL,-0.0844,0.100,0.7795,0,none
4.762,96,-0.23996,-0.26698,0.11809,1,0,0,MODEL,-0.0314,0.100,0.7844,0,none
4.813,97,-0.26038,-0.26111,0.10381,1,0,0,MODEL,-0.0369,0.100,0.7893,0,none
4.864,98,-0.28079,-0.26144,0.10334,1,0,0,MODEL,-0.0366,0.100,0.7942,0,none
4.911,99,-0.30203,-0.32039,0.07860,1,0,0,MODEL,0.0194,0.100,0.7990,0,none
4.963,100,-0.32275,-0.32872,0.07367,1,0,0,MODEL,0.0273,0.100,0.8038,0,none
5.014,101,-0.34222,-0.33075,0.08139,1,0,0,MODEL,0.0292,0.100,0.8085,0,none
5.065,102,-0.36113,-0.32695,0.08272,1,0,0,MODEL,0.0256,0.100,0.8131,0,none
5.113,103,-0.37966,-0.32465,0.10376,1,0,0,MODEL,0.0234,0.100,0.8178,0,none
5.163,104,-0.39791,-0.28651,0.10430,1,0,0,MODEL,-0.0128,0.100,0.8224,0,none
5.213,105,-0.41669,-0.25620,0.10344,1,0,0,MODEL,-0.0416,0.100,0.8269,0,none
5.263,106,-0.43702,-0.34779,0.11015,1,0,0,MODEL,0.0454,0.100,0.8314,0,none
5.313,107,-0.45664,-0.31143,0.13433,1,0,0,MODEL,0.0109,0.100,0.8357,0,none
5.365,108,-0.47496,-0.40362,0.12022,1,0,0,MODEL,0.0984,0.100,0.8401,0,none
5.413,109,-0.49157,-0.42587,0.12686,1,0,0,MODEL,0.1196,0.100,0.8443,0,none
5.464,110,-0.50449,-0.37815,0.13457,1,0,0,MODEL,0.0742,0.100,0.8485,0,none
5.513,111,-0.51579,-0.37316,0.13355,1,0,0,MODEL,0.0695,0.100,0.8528,0,none
5.565,112,-0.52647,-0.24547,0.09791,1,0,0,MODEL,-0.0518,0.100,0.8571,0,none
5.615,113,-0.53770,-0.22659,0.08290,1,0,0,MODEL,-0.0697,0.100,0.8612,0,none
5.665,114,-0.55271,-0.26091,0.06614,1,0,0,MODEL,-0.0371,0.100,0.8652,0,none
5.716,115,-0.37939,-0.34183,0.09001,1,0,0,MODEL,0.0397,0.100,0.8693,0,none
5.763,116,-0.48746,-0.40184,0.09286,1,0,0,MODEL,0.0968,0.100,0.8733,0,none
5.817,117,-0.59291,-0.62637,0.08690,1,0,0,MODEL,0.3101,0.100,0.8772,0,none
5.866,118,-0.69230,-0.68656,0.09461,1,0,0,MODEL,0.3672,0.100,0.8800,0,none
5.917,119,-0.78048,-0.61115,0.08454,1,0,0,MODEL,0.2956,0.100,0.8832,0,none
5.966,120,-0.86058,-0.53941,0.09978,1,0,0,MODEL,0.2274,0.100,0.8871,0,none
6.014,121,-0.93682,-0.68136,0.12377,1,0,0,MODEL,0.3623,0.100,0.8911,0,none
6.066,122,-0.87105,-0.84152,0.08726,1,0,0,MODEL,0.5144,0.100,0.8942,0,none
6.117,123,-1.02176,-1.01857,0.07523,1,0,0,MODEL,0.6826,0.100,0.8962,0,none
6.167,124,-1.15651,-1.10040,0.10604,1,0,0,MODEL,0.7604,0.100,0.8973,0,none
6.215,125,-1.27250,-1.11424,0.13619,1,0,0,MODEL,0.7735,0.100,0.8989,0,none
6.264,126,-1.37072,-1.17008,0.13177,1,0,0,MODEL,0.8266,0.100,0.9012,0,none
6.315,127,-1.45132,-1.33629,0.12408,1,0,0,MODEL,0.9845,0.100,0.9030,0,none
6.365,128,-1.29980,-1.42828,0.11189,1,0,0,MODEL,1.0000,0.100,0.9025,0,none
6.417,129,-1.42759,-1.52717,0.13403,1,0,0,MODEL,1.0000,0.100,0.9033,0,none
6.467,130,-1.53417,-1.56935,0.15548,1,0,0,MODEL,1.0000,0.100,0.9048,0,none
6.516,131,-1.61954,-1.57618,0.14547,1,0,0,MODEL,1.0000,0.100,0.9062,0,none
6.566,132,-1.68325,-1.49815,0.13566,1,0,0,MODEL,1.0000,0.100,0.9077,0,none
6.617,133,-1.72494,-1.44561,0.11541,1,0,0,MODEL,1.0000,0.100,0.9091,0,none
6.665,134,-1.74436,-1.51876,0.13299,1,0,0,MODEL,1.0000,0.100,0.9105,0,none
6.719,135,-1.54775,-1.55002,0.11540,1,0,0,MODEL,1.0000,0.100,0.9119,0,none
6.767,136,-1.62021,-1.57331,0.10888,1,0,0,MODEL,1.0000,0.100,0.9132,0,none
6.816,137,-1.67049,-1.62286,0.10322,1,0,0,MODEL,1.0000,0.100,0.9145,0,none
6.867,138,-1.69829,-1.48871,0.10254,1,0,0,MODEL,1.0000,0.100,0.9159,0,none
6.917,139,-1.70339,-1.39070,0.12032,1,0,0,MODEL,1.0000,0.100,0.9171,0,none
6.967,140,-1.68570,-1.28855,0.10800,1,0,0,MODEL,0.9391,0.100,0.9184,0,none
7.019,141,-1.64617,-1.31081,0.12879,1,0,0,MODEL,0.9603,0.100,0.9207,0,none
7.070,142,-1.42362,-1.28534,0.15049,1,0,0,MODEL,0.9361,0.100,0.9221,0,none
7.119,143,-1.44076,-1.26195,0.12927,1,0,0,MODEL,0.9138,0.100,0.9238,0,none
7.166,144,-1.43696,-1.21811,0.14566,1,0,0,MODEL,0.8722,0.100,0.9257,0,none
7.218,145,-1.41313,-1.03912,0.11838,1,0,0,MODEL,0.7022,0.100,0.9281,0,none
7.269,146,-1.37267,-0.94142,0.08685,1,0,0,MODEL,0.6094,0.100,0.9321,0,none
7.319,147,-1.32082,-0.97515,0.09057,1,0,0,MODEL,0.6414,0.100,0.9359,0,none
7.368,148,-1.05371,-0.95577,0.10005,1,0,0,MODEL,0.6230,0.100,0.9384,0,none
7.418,149,-1.07438,-1.00492,0.11758,1,0,0,MODEL,0.6697,0.100,0.9411,0,none
7.470,150,-1.08017,-0.93715,0.10605,1,0,0,MODEL,0.6053,0.100,0.9434,0,none
7.517,151,-1.06854,-0.74047,0.11613,1,0,0,MODEL,0.4184,0.100,0.9455,0,none
7.567,152,-1.04302,-0.63218,0.11067,1,0,0,MODEL,0.3156,0.100,0.9493,0,none
7.619,153,-1.01175,-0.71937,0.10896,1,0,0,MODEL,0.3984,0.100,0.9530,0,none
7.668,154,-0.97453,-0.76712,0.11796,1,0,0,MODEL,0.4438,0.100,0.9563,0,none
7.718,155,-0.82394,-0.83920,0.12027,1,0,0,MODEL,0.5122,0.100,0.9585,0,none
7.771,156,-0.86493,-0.80469,0.08325,1,0,0,MODEL,0.4795,0.100,0.9605,0,none
7.819,157,-0.89205,-0.71165,0.06699,1,0,0,MODEL,0.3911,0.100,0.9633,0,none
7.872,158,-0.90906,-0.63878,0.09041,1,0,0,MODEL,0.3218,0.100,0.9666,0,none
7.921,159,-0.91905,-0.70927,0.08414,1,0,0,MODEL,0.3888,0.100,0.9699,0,none
7.969,160,-0.73612,-0.79422,0.07721,1,0,0,MODEL,0.4695,0.100,0.9723,0,none
8.020,161,-0.82975,-0.90806,0.08418,1,0,0,MODEL,0.5777,0.100,0.9742,0,none
8.071,162,-0.90793,-0.93328,0.10517,1,0,0,MODEL,0.6016,0.100,0.9754,0,none
8.121,163,-0.96854,-0.87749,0.09287,1,0,0,MODEL,0.5486,0.100,0.9771,0,none
8.169,164,-1.01388,-0.78914,0.06485,1,0,0,MODEL,0.4647,0.100,0.9798,0,none
8.221,165,-1.04744,-0.84453,0.05815,1,0,0,MODEL,0.5173,0.100,0.9829,0,none
8.270,166,-0.90394,-0.84598,0.07901,1,0,0,MODEL,0.5187,0.100,0.9850,0,none
8.321,167,-1.01648,-1.03341,0.10216,1,0,0,MODEL,0.6967,0.100,0.9872,0,none
8.368,168,-1.11257,-1.06599,0.10274,1,0,0,MODEL,0.7277,0.100,0.9870,0,none
8.419,169,-1.18604,-1.13281,0.11143,1,0,0,MODEL,0.7912,0.100,0.9878,0,none
8.454,170,-1.23841,-1.12301,0.09875,1,0,0,MODEL,0.7819,0.100,0.9884,0,none
8.504,171,-1.26860,-1.22567,0.14665,1,0,0,MODEL,0.8794,0.100,0.9897,0,none
8.555,172,-1.27522,-1.27793,0.11881,1,0,0,MODEL,0.9290,0.100,0.9891,0,none
8.605,173,-1.25519,-1.21557,0.10185,1,0,0,MODEL,0.8698,0.100,0.9887,0,none
8.653,174,-1.21122,-1.21564,0.07074,1,0,0,MODEL,0.8699,0.100,0.9904,0,none
8.705,175,-1.14528,-1.04976,0.11199,1,0,0,MODEL,0.7123,0.100,0.9913,0,none
8.754,176,-1.06059,-1.11999,0.09769,1,0,0,MODEL,0.7790,0.100,0.9946,0,none
8.805,177,-0.95799,-0.95234,0.10416,1,0,0,MODEL,0.6197,0.100,0.9953,0,none
8.855,178,-0.83796,-0.78628,0.13256,1,0,0,MODEL,0.4620,0.100,0.9986,0,none
8.907,179,-0.70806,-0.69389,0.12352,1,0,0,MODEL,0.3742,0.100,1.0022,0,none
8.953,180,-0.57049,-0.40328,0.12923,1,0,0,MODEL,0.0981,0.100,1.0053,0,none
9.003,181,-0.43115,-0.24335,0.05106,1,0,0,MODEL,-0.0538,0.100,1.0082,0,none
9.055,182,-0.29668,-0.15734,0.09271,1,0,0,MODEL,-0.1355,0.100,1.0107,0,none
9.105,183,-0.16766,-0.10915,0.07498,1,0,0,MODEL,-0.1813,0.100,1.0131,0,none
9.155,184,-0.04436,-0.00625,0.11946,1,0,0,MODEL,-0.2791,0.100,1.0154,0,none
9.203,185,0.07103,0.14369,0.08953,1,0,0,MODEL,-0.4215,0.100,1.0173,0,none
9.257,186,0.17349,0.14074,0.06524,1,0,0,MODEL,-0.4187,0.100,1.0183,0,none
9.307,187,0.26220,0.26996,0.10691,1,0,0,MODEL,-0.5415,0.100,1.0204,0,none
9.355,188,0.33581,0.31835,0.12603,1,0,0,MODEL,-0.5874,0.100,1.0210,0,none
9.407,189,0.39083,0.32535,0.12640,1,0,0,MODEL,-0.5941,0.100,1.0221,0,none
9.457,190,0.42815,0.32824,0.13522,1,0,0,MODEL,-0.5968,0.100,1.0236,0,none
9.508,191,0.44833,0.40147,0.14428,1,0,0,MODEL,-0.6664,0.100,1.0252,0,none
9.557,192,0.44928,0.39894,0.13251,1,0,0,MODEL,-0.6640,0.100,1.0257,0,none
9.609,193,0.42985,0.29287,0.13218,1,0,0,MODEL,-0.5632,0.100,1.0270,0,none
9.656,194,0.39210,0.36923,0.14921,1,0,0,MODEL,-0.6358,0.100,1.0291,0,none
9.707,195,0.33828,0.22836,0.13149,1,0,0,MODEL,-0.5019,0.100,1.0302,0,none
9.756,196,0.26734,0.21467,0.09555,1,0,0,MODEL,-0.4889,0.100,1.0327,0,none
9.805,197,0.18489,0.15269,0.10602,1,0,0,MODEL,-0.4301,0.100,1.0349,0,none
9.858,198,0.09016,0.06788,0.10862,1,0,0,MODEL,-0.3495,0.100,1.0372,0,none
9.909,199,-0.01414,-0.05848,0.09824,1,0,0,MODEL,-0.2294,0.100,1.0398,0,none
9.959,200,-0.12440,-0.07836,0.11503,1,0,0,MODEL,-0.2106,0.100,1.0424,0,none
10.008,201,-0.23917,-0.27884,0.09008,1,0,0,MODEL,-0.0201,0.100,1.0447,0,none
10.060,202,-0.35504,-0.35269,0.08577,1,0,0,MODEL,0.0501,0.100,1.0469,0,none
10.108,203,-0.46846,-0.49237,0.07861,1,0,0,MODEL,0.1828,0.100,1.0491,0,none
10.158,204,-0.57819,-0.57878,0.08185,1,0,0,MODEL,0.2648,0.100,1.0508,0,none
10.209,205,-0.67772,-0.67709,0.08705,1,0,0,MODEL,0.3582,0.100,1.0522,0,none
10.257,206,-0.76533,-0.74505,0.09808,1,0,0,MODEL,0.4228,0.100,1.0533,0,none
10.312,207,-0.83896,-0.83680,0.11038,1,0,0,MODEL,0.5100,0.100,1.0544,0,none
10.357,208,-0.89628,-0.86207,0.12710,1,0,0,MODEL,0.5340,0.100,1.0549,0,none
10.409,209,-0.93594,-0.89822,0.12779,1,0,0,MODEL,0.5683,0.100,1.0560,0,none
10.459,210,-0.95786,-0.91250,0.12038,1,0,0,MODEL,0.5819,0.100,1.0569,0,none
10.510,211,-0.96164,-0.93230,0.08662,1,0,0,MODEL,0.6007,0.100,1.0579,0,none
10.559,212,-0.94666,-0.88907,0.08390,1,0,0,MODEL,0.5596,0.100,1.0588,0,none
10.610,213,-0.91397,-0.82236,0.08111,1,0,0,MODEL,0.4962,0.100,1.0604,0,none
10.659,214,-0.86644,-0.83075,0.08658,1,0,0,MODEL,0.5042,0.100,1.0625,0,none
10.711,215,-0.80463,-0.79087,0.08735,1,0,0,MODEL,0.4663,0.100,1.0639,0,none
10.759,216,-0.72719,-0.59597,0.07925,1,0,0,MODEL,0.2812,0.100,1.0654,0,none
10.809,217,-0.63746,-0.31496,0.13471,1,0,0,MODEL,0.0142,0.100,1.0677,0,none
10.858,218,-0.54323,-0.13157,0.12494,1,0,0,MODEL,-0.1600,0.100,1.0701,0,none
10.910,219,-0.45846,-0.09809,0.11344,1,0,0,MODEL,-0.1918,0.100,1.0710,0,none
10.961,220,-0.38308,-0.26533,0.14220,1,0,0,MODEL,-0.0329,0.100,1.0727,0,none
11.011,221,-0.30987,-0.20919,0.16974,1,0,0,MODEL,-0.0863,0.100,1.0747,0,none
11.062,222,-0.20141,-0.05342,0.13252,1,0,0,MODEL,-0.2343,0.100,1.0766,0,none
11.111,223,-0.21043,-0.01961,0.12367,1,0,0,MODEL,-0.2664,0.100,1.0777,0,none
11.158,224,-0.23016,0.04744,0.09451,1,0,0,MODEL,-0.3301,0.100,1.0792,0,none
11.210,225,-0.26080,-0.23692,0.12982,1,0,0,MODEL,-0.0599,0.100,1.0804,0,none
11.261,226,-0.20497,-0.26204,0.11679,1,0,0,MODEL,-0.0361,0.100,1.0823,0,none
11.311,227,-0.31175,-0.40293,0.11786,1,0,0,MODEL,0.0978,0.100,1.0842,0,none
11.360,228,-0.41584,-0.41074,0.09380,1,0,0,MODEL,0.1052,0.100,1.0857,0,none
11.411,229,-0.51493,-0.42535,0.10708,1,0,0,MODEL,0.1191,0.100,1.0875,0,none
11.461,230,-0.61031,-0.56440,0.11828,1,0,0,MODEL,0.2512,0.100,1.0892,0,none
11.513,231,-0.61395,-0.69838,0.08329,1,0,0,MODEL,0.3785,0.100,1.0902,0,none
11.560,232,-0.76161,-0.93873,0.10321,1,0,0,MODEL,0.6068,0.100,1.0905,0,none
11.612,233,-0.88883,-0.94606,0.10832,1,0,0,MODEL,0.6138,0.100,1.0881,0,none
11.661,234,-0.99293,-0.98484,0.12255,1,0,0,MODEL,0.6506,0.100,1.0884,0,none
11.713,235,-1.07630,-1.04915,0.13690,1,0,0,MODEL,0.7117,0.100,1.0884,0,none
11.764,236,-1.04406,-1.07392,0.14727,1,0,0,MODEL,0.7352,0.100,1.0878,0,none
11.813,237,-1.15404,-1.14324,0.15245,1,0,0,MODEL,0.8011,0.100,1.0875,0,none
11.863,238,-1.23839,-1.14451,0.12576,1,0,0,MODEL,0.8023,0.100,1.0862,0,none
11.912,239,-1.29597,-1.15153,0.14968,1,0,0,MODEL,0.8090,0.100,1.0859,0,none
11.965,240,-1.32761,-1.15230,0.13483,1,0,0,MODEL,0.8097,0.100,1.0855,0,none
12.013,241,-1.22941,-1.18910,0.12842,1,0,0,MODEL,0.8446,0.100,1.0852,0,none
12.062,242,-1.28331,-1.10351,0.13473,1,0,0,MODEL,0.7633,0.100,1.0842,0,none
12.111,243,-1.31198,-1.14890,0.13444,1,0,0,MODEL,0.8065,0.100,1.0852,0,none
12.165,244,-1.31633,-1.10131,0.11469,1,0,0,MODEL,0.7612,0.100,1.0845,0,none
12.214,245,-1.29488,-1.13934,0.10558,1,0,0,MODEL,0.7974,0.100,1.0849,0,none
12.265,246,-1.13569,-1.17934,0.11344,1,0,0,MODEL,0.8354,0.100,1.0845,0,none
12.313,247,-1.13862,-1.11414,0.14010,1,0,0,MODEL,0.7734,0.100,1.0835,0,none
12.366,248,-1.11500,-1.02691,0.15041,1,0,0,MODEL,0.6906,0.100,1.0840,0,none
12.417,249,-1.06943,-1.06247,0.17717,1,0,0,MODEL,0.7243,0.100,1.0854,0,none
12.465,250,-1.00307,-1.02694,0.13958,1,0,0,MODEL,0.6906,0.100,1.0855,0,none
12.516,251,-0.91367,-0.99127,0.12850,1,0,0,MODEL,0.6567,0.100,1.0861,0,none
12.567,252,-0.75953,-0.88385,0.10358,1,0,0,MODEL,0.5547,0.100,1.0870,0,none
12.617,253,-0.70555,-0.83071,0.11314,1,0,0,MODEL,0.5042,0.100,1.0888,0,none
12.666,254,-0.63665,-0.71622,0.14533,1,0,0,MODEL,0.3954,0.100,1.0905,0,none
12.717,255,-0.55435,-0.61450,0.08899,1,0,0,MODEL,0.2988,0.100,1.0926,0,none
12.766,256,-0.46288,-0.56039,0.08400,1,0,0,MODEL,0.2474,0.100,1.0947,0,none
12.815,257,-0.36436,-0.53952,0.12510,1,0,0,MODEL,0.2275,0.100,1.0966,0,none
12.867,258,-0.25907,-0.29481,0.12120,1,0,0,MODEL,-0.0049,0.100,1.0984,0,none
12.915,259,-0.15049,-0.20512,0.10433,1,0,0,MODEL,-0.0901,0.100,1.1000,0,none
12.967,260,-0.04730,-0.16984,0.10483,1,0,0,MODEL,-0.1236,0.100,1.1015,0,none
13.017,261,0.05088,-0.06522,0.11554,1,0,0,MODEL,-0.2230,0.100,1.1031,0,none
13.067,262,0.14286,0.05176,0.11439,1,0,0,MODEL,-0.3342,0.100,1.1043,0,none
13.114,263,0.22380,0.14840,0.11574,1,0,0,MODEL,-0.4260,0.100,1.1049,0,none
13.168,264,0.28985,0.14580,0.12950,1,0,0,MODEL,-0.4235,0.100,1.1052,0,none
13.216,265,0.33980,0.11844,0.14730,1,0,0,MODEL,-0.3975,0.100,1.1062,0,none
13.267,266,0.35003,0.04931,0.17693,1,0,0,MODEL,-0.3318,0.100,1.1074,0,none
13.317,267,0.41301,0.14886,0.17463,1,0,0,MODEL,-0.4264,0.100,1.1091,0,none
13.367,268,0.46455,0.26302,0.16016,1,0,0,MODEL,-0.5349,0.100,1.1096,0,none
13.417,269,0.49792,0.30917,0.16035,1,0,0,MODEL,-0.5787,0.100,1.1093,0,none
13.468,270,0.46027,0.21252,0.12675,1,0,0,MODEL,-0.4869,0.100,1.1092,0,none
13.516,271,0.49206,0.22707,0.14379,1,0,0,MODEL,-0.5007,0.100,1.1105,0,none
13.568,272,0.50903,0.27578,0.14796,1,0,0,MODEL,-0.5470,0.100,1.1114,0,none
13.617,273,0.50804,0.47558,0.16173,1,0,0,MODEL,-0.7368,0.100,1.1117,0,none
13.666,274,0.48395,0.36640,0.15790,1,0,0,MODEL,-0.6331,0.100,1.1091,0,none
13.717,275,0.39827,0.30077,0.11793,1,0,0,MODEL,-0.5707,0.100,1.1097,0,none
13.766,276,0.36690,0.09602,0.11619,1,0,0,MODEL,-0.3762,0.100,1.1109,0,none
13.816,277,0.32102,0.28959,0.10483,1,0,0,MODEL,-0.5601,0.100,1.1131,0,none
13.866,278,0.26310,0.10073,0.10228,1,0,0,MODEL,-0.3807,0.100,1.1125,0,none
13.919,279,0.18585,0.02283,0.08187,1,0,0,MODEL,-0.3067,0.100,1.1140,0,none
13.966,280,0.08141,-0.05163,0.10253,1,0,0,MODEL,-0.2359,0.100,1.1159,0,none
14.018,281,0.02652,-0.09919,0.07240,1,0,0,MODEL,-0.1908,0.100,1.1176,0,none
14.067,282,-0.03443,-0.08526,0.08803,1,0,0,MODEL,-0.2040,0.100,1.1192,0,none
14.117,283,-0.10111,-0.14626,0.08044,1,0,0,MODEL,-0.1461,0.100,1.1206,0,none
14.168,284,-0.21330,-0.21602,0.10224,1,0,0,MODEL,-0.0798,0.100,1.1220,0,none
14.216,285,-0.25320,-0.32133,0.10173,1,0,0,MODEL,0.0203,0.100,1.1236,0,none
14.269,286,-0.29447,-0.28540,0.06400,1,0,0,MODEL,-0.0139,0.100,1.1251,0,none
14.318,287,-0.33489,-0.25346,0.11608,1,0,0,MODEL,-0.0442,0.100,1.1265,0,none
14.368,288,-0.37600,-0.45853,0.11038,1,0,0,MODEL,0.1506,0.100,1.1279,0,none
14.419,289,-0.43065,-0.48815,0.11819,1,0,0,MODEL,0.1787,0.100,1.1286,0,none
14.469,290,-0.42211,-0.38753,0.08399,1,0,0,MODEL,0.0832,0.100,1.1297,0,none
14.517,291,-0.40813,-0.36162,0.10272,1,0,0,MODEL,0.0585,0.100,1.1311,0,none
14.569,292,-0.39321,-0.31637,0.11560,1,0,0,MODEL,0.0156,0.100,1.1326,0,none
14.622,293,-0.40571,-0.32837,0.08584,1,0,0,MODEL,0.0269,0.100,1.1340,0,none
14.671,294,-0.35036,-0.36641,0.11677,1,0,0,MODEL,0.0631,0.100,1.1354,0,none
14.719,295,-0.29327,-0.29810,0.09193,1,0,0,MODEL,-0.0018,0.100,1.1367,0,none
14.769,296,-0.23428,-0.27016,0.05850,1,0,0,MODEL,-0.0284,0.100,1.1380,0,none
14.820,297,-0.21983,-0.21543,0.08325,1,0,0,MODEL,-0.0803,0.100,1.1393,0,none
14.872,298,-0.12528,-0.17003,0.07500,1,0,0,MODEL,-0.1235,0.100,1.1405,0,none
14.913,299,-0.03500,-0.12275,0.07567,1,0,0,MODEL,-0.1684,0.100,1.1417,0,none
14.961,300,0.04989,-0.04330,0.12045,1,0,0,MODEL,-0.2439,0.100,1.1428,0,none
15.011,301,0.12595,0.07611,0.12448,1,0,0,MODEL,-0.3573,0.100,1.1435,0,none
15.061,302,0.16728,0.05783,0.15188,1,0,0,MODEL,-0.3399,0.100,1.1434,0,none
15.111,303,0.25559,0.22941,0.11216,1,0,0,MODEL,-0.5029,0.100,1.1443,0,none
15.161,304,0.32721,0.19927,0.13340,1,0,0,MODEL,-0.4743,0.100,1.1431,0,none
15.211,305,0.37914,0.23117,0.12393,1,0,0,MODEL,-0.5046,0.100,1.1436,0,none
15.261,306,0.37334,0.30475,0.16326,1,0,0,MODEL,-0.5745,0.100,1.1438,0,none
15.312,307,0.42686,0.26960,0.13394,1,0,0,MODEL,-0.5411,0.100,1.1431,0,none
15.361,308,0.45964,0.27365,0.12800,1,0,0,MODEL,-0.5450,0.100,1.1435,0,none
15.410,309,0.47344,0.33592,0.12970,1,0,0,MODEL,-0.6041,0.100,1.1437,0,none
15.462,310,0.46584,0.45498,0.15889,1,0,0,MODEL,-0.7172,0.100,1.1430,0,none
15.512,311,0.41311,0.33913,0.14427,1,0,0,MODEL,-0.6072,0.100,1.1408,0,none
15.562,312,0.39484,0.24298,0.15163,1,0,0,MODEL,-0.5158,0.100,1.1417,0,none
15.612,313,0.35942,0.21786,0.20043,0,1,0,MODEL,-0.5158,0.100,1.1431,0,none
15.663,314,0.30719,0.25613,0.16416,1,0,0,MODEL,-0.5283,0.100,1.1435,0,none
15.713,315,0.19879,0.06608,0.17100,1,0,0,MODEL,-0.3478,0.100,1.1437,0,none
15.763,316,0.15333,-0.00903,0.06508,1,0,0,MODEL,-0.2764,0.100,1.1455,0,none
15.812,317,0.09939,-0.01844,0.05733,1,0,0,MODEL,-0.2675,0.100,1.1469,0,none
15.862,318,0.03700,-0.07228,0.08471,1,0,0,MODEL,-0.2163,0.100,1.1481,0,none
15.913,319,-0.03401,-0.15763,0.09077,1,0,0,MODEL,-0.1353,0.100,1.1493,0,none
15.963,320,-0.12470,-0.28610,0.11744,1,0,0,MODEL,-0.0132,0.100,1.1506,0,none
16.015,321,-0.16309,-0.27950,0.11357,1,0,0,MODEL,-0.0195,0.100,1.1518,0,none
16.065,322,-0.20002,-0.33259,0.10417,1,0,0,MODEL,0.0310,0.100,1.1529,0,none
16.113,323,-0.23690,-0.41923,0.11614,1,0,0,MODEL,0.1133,0.100,1.1541,0,none
16.164,324,-0.29708,-0.46094,0.12607,1,0,0,MODEL,0.1529,0.100,1.1550,0,none
16.213,325,-0.28421,-0.45611,0.10882,1,0,0,MODEL,0.1483,0.100,1.1559,0,none
16.264,326,-0.26502,-0.37792,0.13098,1,0,0,MODEL,0.0740,0.100,1.1569,0,none
16.315,327,-0.24158,-0.30366,0.11564,1,0,0,MODEL,0.0035,0.100,1.1581,0,none
16.366,328,-0.25540,-0.15292,0.11080,1,0,0,MODEL,-0.1397,0.100,1.1592,0,none
16.415,329,-0.19473,-0.15437,0.11438,1,0,0,MODEL,-0.1383,0.100,1.1600,0,none
16.463,330,-0.14155,-0.10506,0.12895,1,0,0,MODEL,-0.1852,0.100,1.1609,0,none
16.513,331,-0.09427,-0.09285,0.12224,1,0,0,MODEL,-0.1968,0.100,1.1617,0,none
16.563,332,-0.05478,-0.02800,0.15857,1,0,0,MODEL,-0.2584,0.100,1.1626,0,none
16.614,333,-0.02388,-0.02752,0.15054,1,0,0,MODEL,-0.2589,0.100,1.1632,0,none
16.665,334,-0.00372,-0.11280,0.12867,1,0,0,MODEL,-0.1778,0.100,1.1639,0,none
16.717,335,0.00805,-0.15440,0.14706,1,0,0,MODEL,-0.1383,0.100,1.1650,0,none
16.765,336,0.01520,-0.11538,0.14335,1,0,0,MODEL,-0.1754,0.100,1.1661,0,none
16.816,337,0.01731,-0.06211,0.13433,1,0,0,MODEL,-0.2260,0.100,1.1670,0,none
16.863,338,0.01135,-0.05268,0.12879,1,0,0,MODEL,-0.2350,0.100,1.1677,0,none
16.916,339,-0.00421,-0.01498,0.11296,1,0,0,MODEL,-0.2708,0.100,1.1684,0,none
16.966,340,-0.02945,-0.21230,0.17805,1,0,0,MODEL,-0.0833,0.100,1.1690,0,none
17.017,341,-0.06238,-0.21250,0.11764,1,0,0,MODEL,-0.0831,0.100,1.1700,0,none
17.066,342,-0.09541,-0.25877,0.13915,1,0,0,MODEL,-0.0392,0.100,1.1710,0,none
17.118,343,-0.13069,-0.28624,0.13655,1,0,0,MODEL,-0.0131,0.100,1.1720,0,none
17.167,344,-0.16645,-0.30341,0.11085,1,0,0,MODEL,0.0032,0.100,1.1730,0,none
17.216,345,-0.20205,-0.25375,0.10863,1,0,0,MODEL,-0.0439,0.100,1.1740,0,none
17.267,346,-0.23807,-0.23839,0.09920,1,0,0,MODEL,-0.0585,0.100,1.1749,0,none
17.318,347,-0.27672,-0.27446,0.08882,1,0,0,MODEL,-0.0243,0.100,1.1758,0,none
17.366,348,-0.31735,-0.36521,0.08861,1,0,0,MODEL,0.0620,0.100,1.1768,0,none
17.417,349,-0.35698,-0.42102,0.10649,1,0,0,MODEL,0.1150,0.100,1.1776,0,none
17.469,350,-0.39201,-0.44730,0.12902,1,0,0,MODEL,0.1399,0.100,1.1783,0,none
17.518,351,-0.42176,-0.25879,0.12290,1,0,0,MODEL,-0.0391,0.100,1.1791,0,none
17.570,352,-0.44610,-0.19408,0.08273,1,0,0,MODEL,-0.1006,0.100,1.1798,0,none
17.619,353,-0.47209,-0.29639,0.08544,1,0,0,MODEL,-0.0034,0.100,1.1805,0,none
17.667,354,-0.41379,-0.41408,0.09675,1,0,0,MODEL,0.1084,0.100,1.1813,0,none
17.718,355,-0.56491,-0.61957,0.10933,1,0,0,MODEL,0.3036,0.100,1.1817,0,none
17.769,356,-0.70611,-0.68565,0.11213,1,0,0,MODEL,0.3664,0.100,1.1810,0,none
17.821,357,-0.83151,-0.64621,0.09154,1,0,0,MODEL,0.3289,0.100,1.1806,0,none
17.870,358,-0.94269,-0.77382,0.13489,1,0,0,MODEL,0.4501,0.100,1.1811,0,none
17.920,359,-0.97185,-1.00012,0.15310,1,0,0,MODEL,0.6651,0.100,1.1803,0,none
17.969,360,-1.16360,-1.08107,0.16996,1,0,0,MODEL,0.7420,0.100,1.1766,0,none
18.018,361,-1.32564,-1.16458,0.16100,1,0,0,MODEL,0.8213,0.100,1.1736,0,none
18.067,362,-1.45747,-1.20555,0.16035,1,0,0,MODEL,0.8603,0.100,1.1704,0,none
18.119,363,-1.55669,-1.36764,0.16727,1,0,0,MODEL,1.0000,0.100,1.1675,0,none
18.169,364,-1.52540,-1.51270,0.12296,1,0,0,MODEL,1.0000,0.100,1.1620,0,none
18.227,365,-1.66805,-1.55141,0.12691,1,0,0,MODEL,1.0000,0.100,1.1581,0,none
18.260,366,-1.77516,-1.57758,0.15084,1,0,0,MODEL,1.0000,0.100,1.1550,0,none
18.313,367,-1.84661,-1.63804,0.13357,1,0,0,MODEL,1.0000,0.100,1.1520,0,none
18.366,368,-1.88222,-1.74178,0.13464,1,0,0,MODEL,1.0000,0.100,1.1491,0,none
18.414,369,-1.73816,-1.73662,0.17548,1,0,0,MODEL,1.0000,0.100,1.1462,0,none
18.465,370,-1.82162,-1.77099,0.19959,0,1,0,MODEL,1.0000,0.100,1.1434,0,none
18.513,371,-1.86989,-1.69231,0.17314,1,0,0,MODEL,1.0000,0.100,1.1406,0,none
18.563,372,-1.88292,-1.66463,0.18476,1,0,0,MODEL,1.0000,0.100,1.1379,0,none
18.617,373,-1.86091,-1.69214,0.21675,0,1,0,MODEL,1.0000,0.100,1.1352,0,none
18.664,374,-1.60668,-1.71124,0.19490,0,2,0,MODEL,1.0000,0.100,1.1326,0,none
18.713,375,-1.63347,-1.63261,0.16756,1,0,0,MODEL,1.0000,0.100,1.1301,0,none
18.764,376,-1.62566,-1.55569,0.18804,1,0,0,MODEL,1.0000,0.100,1.1276,0,none
18.813,377,-1.58352,-1.19849,0.12996,1,0,0,MODEL,0.8536,0.100,1.1252,0,none
18.863,378,-1.51006,-1.06516,0.10511,1,0,0,MODEL,0.7269,0.100,1.1255,0,none
18.915,379,-1.41320,-1.09453,0.12372,1,0,0,MODEL,0.7548,0.100,1.1269,0,none
18.965,380,-1.17022,-1.11909,0.12730,1,0,0,MODEL,0.7781,0.100,1.1266,0,none
19.017,381,-1.14073,-0.99456,0.12412,1,0,0,MODEL,0.6598,0.100,1.1255,0,none
19.065,382,-1.08596,-0.75329,0.12122,1,0,0,MODEL,0.4306,0.100,1.1264,0,none
19.115,383,-1.01482,-0.60491,0.11526,1,0,0,MODEL,0.2897,0.100,1.1288,0,none
19.163,384,-0.93570,-0.68670,0.13702,1,0,0,MODEL,0.3674,0.100,1.1309,0,none
19.217,385,-0.71458,-0.68107,0.11823,1,0,0,MODEL,0.3620,0.100,1.1317,0,none
19.264,386,-0.73064,-0.58496,0.11204,1,0,0,MODEL,0.2707,0.100,1.1326,0,none
19.317,387,-0.73538,-0.45041,0.10589,1,0,0,MODEL,0.1429,0.100,1.1340,0,none
19.366,388,-0.73433,-0.42371,0.10337,1,0,0,MODEL,0.1175,0.100,1.1357,0,none
19.416,389,-0.73094,-0.46310,0.11475,1,0,0,MODEL,0.1549,0.100,1.1372,0,none
19.469,390,-0.61054,-0.73815,0.07642,1,0,0,MODEL,0.4162,0.100,1.1384,0,none
19.517,391,-0.71023,-0.70556,0.06221,1,0,0,MODEL,0.3853,0.100,1.1371,0,none
19.571,392,-0.79081,-0.67770,0.08032,1,0,0,MODEL,0.3588,0.100,1.1375,0,none
19.616,393,-0.85833,-0.67841,0.09758,1,0,0,MODEL,0.3595,0.100,1.1384,0,none
19.667,394,-0.91370,-0.79724,0.07240,1,0,0,MODEL,0.4724,0.100,1.1394,0,none
19.718,395,-0.85234,-1.02291,0.09553,1,0,0,MODEL,0.6868,0.100,1.1391,0,none
19.766,396,-0.98678,-1.12136,0.11296,1,0,0,MODEL,0.7803,0.100,1.1359,0,none
19.816,397,-1.09107,-1.17945,0.13101,1,0,0,MODEL,0.8355,0.100,1.1331,0,none
19.866,398,-1.16498,-1.21760,0.13103,1,0,0,MODEL,0.8717,0.100,1.1308,0,none
19.918,399,-1.20785,-1.33450,0.14201,1,0,0,MODEL,0.9828,0.100,1.1287,0,none
19.968,400,-1.21743,-1.32611,0.17505,1,0,0,MODEL,0.9748,0.100,1.1246,0,none
20.020,401,-1.19077,-1.28185,0.16356,1,0,0,MODEL,0.9328,0.100,1.1220,0,none
20.068,402,-1.13186,-1.23678,0.13248,1,0,0,MODEL,0.8899,0.100,1.1208,0,none
20.120,403,-1.04304,-1.08407,0.13326,1,0,0,MODEL,0.7449,0.100,1.1199,0,none
20.171,404,-0.92823,-0.94776,0.08781,1,0,0,MODEL,0.6154,0.100,1.1212,0,none
20.221,405,-0.79412,-0.85227,0.13488,1,0,0,MODEL,0.5247,0.100,1.1230,0,none
20.253,406,-0.64396,-0.76078,0.24565,0,1,0,MODEL,0.5247,0.100,1.1246,0,none
20.306,407,-0.47848,-0.70559,0.22133,0,2,0,MODEL,0.5247,0.100,1.1254,0,none
20.354,408,-0.29615,-0.46335,0.27408,0,3,0,MODEL,0.5247,0.100,1.1260,0,none
20.405,409,-0.09713,-0.08384,0.29119,0,4,0,MODEL,0.5247,0.100,1.1265,0,none
20.456,410,0.11825,0.18228,0.17346,1,0,0,MODEL,-0.4582,0.100,1.1270,0,none
20.505,411,0.32557,0.10725,0.28330,0,1,0,MODEL,-0.4582,0.100,1.1163,0,none
20.555,412,0.50319,0.21025,0.29466,0,2,0,MODEL,-0.4582,0.100,1.1163,0,none
20.605,413,0.66626,0.62220,0.35705,0,3,0,MODEL,-0.4582,0.100,1.1171,0,none
20.658,414,0.81485,0.91197,0.47130,0,4,0,MODEL,-0.4582,0.100,1.1180,0,none
20.705,415,0.94863,1.05050,0.58497,0,5,0,MODEL,-0.4582,0.100,1.1188,0,none
20.754,416,1.06735,1.71737,0.76944,0,6,0,MODEL,-0.4582,0.100,1.1197,0,none
20.805,417,1.17085,1.65458,0.55906,0,7,0,MODEL,-0.4582,0.100,1.1205,0,none
20.855,418,1.25895,2.02619,0.79312,0,8,0,MODEL,-0.4582,0.100,1.1213,0,none
20.905,419,1.33152,2.72277,0.77340,0,9,0,MODEL,-0.4582,0.100,1.1221,0,none
20.958,420,1.38842,3.23994,0.81588,0,10,0,FALLBACK,-1.0000,0.100,1.1229,0,none
21.006,421,1.41319,3.00697,0.83091,0,10,0,FALLBACK,-1.0000,0.100,1.1096,0,none
21.058,422,1.39418,3.15151,1.00477,0,10,0,FALLBACK,-1.0000,0.100,1.1064,0,none
21.107,423,1.34197,2.44795,0.90616,0,10,0,FALLBACK,-1.0000,0.100,1.1044,0,none
21.157,424,1.25735,1.22679,0.35688,0,10,0,FALLBACK,-1.0000,0.100,1.1024,0,none
21.209,425,1.14091,0.79673,0.17753,1,10,0,FALLBACK,-1.0000,0.100,1.1005,0,none
21.255,426,0.99346,0.83428,0.20421,0,10,0,FALLBACK,-1.0000,0.100,1.0986,0,none
21.308,427,0.81598,0.67264,0.15689,1,10,0,FALLBACK,-1.0000,0.100,1.0967,0,none
21.359,428,0.60958,0.47051,0.17649,1,10,0,FALLBACK,-1.0000,0.100,1.0949,0,none
21.407,429,0.37554,0.18738,0.11279,1,10,0,FALLBACK,-1.0000,0.100,1.0931,0,none
21.458,430,0.11527,-0.00754,0.17473,1,10,0,FALLBACK,-0.7750,0.100,1.0914,0,none
21.506,431,-0.16541,-0.25613,0.14576,1,10,0,FALLBACK,0.7305,0.100,1.0939,0,none
21.557,432,-0.43656,-0.58811,0.16013,1,10,0,FALLBACK,1.0000,0.100,1.0682,0,none
21.607,433,-0.65347,-0.75376,0.09946,1,10,0,FALLBACK,1.0000,0.100,1.0562,0,none
21.656,434,-0.83648,-0.92562,0.10650,1,10,0,FALLBACK,1.0000,0.100,1.0543,0,none
21.707,435,-0.99184,-1.14108,0.09085,1,10,0,FALLBACK,1.0000,0.100,1.0533,0,none
21.757,436,-1.11881,-1.20840,0.09790,1,10,0,FALLBACK,1.0000,0.100,1.0522,0,none
21.808,437,-1.21678,-1.32380,0.14244,1,10,0,FALLBACK,1.0000,0.100,1.0512,0,none
21.857,438,-1.28534,-1.35005,0.18592,1,10,0,FALLBACK,1.0000,0.100,1.0502,0,none
21.908,439,-1.32422,-1.31826,0.09756,1,10,0,FALLBACK,1.0000,0.100,1.0492,0,none
21.958,440,-1.33331,-1.28852,0.09358,1,10,0,FALLBACK,1.0000,0.100,1.0483,0,none
22.010,441,-1.31265,-1.27142,0.13477,1,10,0,FALLBACK,1.0000,0.100,1.0473,0,none
22.059,442,-1.26242,-1.19950,0.12761,1,10,0,FALLBACK,1.0000,0.100,1.0464,0,none
22.109,443,-1.18294,-1.04145,0.13831,1,10,0,FALLBACK,1.0000,0.100,1.0455,0,none
22.159,444,-1.07471,-0.79776,0.10379,1,10,0,FALLBACK,1.0000,0.100,1.0446,0,none
22.208,445,-0.93832,-0.66468,0.10632,1,10,0,FALLBACK,1.0000,0.100,1.0437,0,none
22.259,446,-0.77454,-0.56389,0.06475,1,10,0,FALLBACK,1.0000,0.100,1.0429,0,none
22.308,447,-0.58425,-0.39108,0.10485,1,10,0,FALLBACK,0.4698,0.100,1.0420,0,none
22.361,448,-0.38086,-0.00780,0.13430,1,10,0,FALLBACK,-0.6126,0.100,1.0466,0,none
22.409,449,-0.13897,0.20090,0.10658,1,10,0,FALLBACK,-1.0000,0.100,1.0320,0,none
22.458,450,-0.07929,0.07034,0.09165,1,10,0,FALLBACK,-1.0000,0.100,1.0223,0,none
22.508,451,-0.05556,0.10671,0.06984,1,10,0,FALLBACK,-1.0000,0.100,1.0213,0,none
22.558,452,-0.06002,0.03226,0.05719,1,10,0,FALLBACK,-1.0000,0.100,1.0208,0,none
22.608,453,-0.09258,-0.01517,0.09138,1,10,0,FALLBACK,-0.8743,0.100,1.0204,0,none
22.660,454,-0.09159,-0.16070,0.10747,1,10,0,FALLBACK,-1.0000,0.100,1.0225,0,none
22.710,455,-0.24895,-0.36606,0.10920,1,10,0,FALLBACK,0.5316,0.100,1.0201,0,none
22.760,456,-0.40389,-0.36451,0.11299,1,10,0,FALLBACK,1.0000,0.100,0.9996,0,none
22.810,457,-0.50194,-0.33181,0.11296,1,10,0,FALLBACK,1.0000,0.100,0.9872,0,none
22.860,458,-0.56355,-0.42799,0.11897,1,10,0,FALLBACK,1.0000,0.100,0.9865,0,none
22.910,459,-0.51193,-0.47745,0.12391,1,10,0,FALLBACK,0.8016,0.100,0.9866,0,none
22.959,460,-0.60188,-0.57340,0.08838,1,10,0,FALLBACK,1.0000,0.100,0.9902,0,none
23.012,461,-0.66883,-0.52590,0.09206,1,10,0,FALLBACK,1.0000,0.100,0.9873,0,none
23.062,462,-0.70587,-0.49358,0.10486,1,10,0,FALLBACK,1.0000,0.100,0.9871,0,none
23.110,463,-0.71648,-0.54227,0.10503,1,10,0,FALLBACK,1.0000,0.100,0.9872,0,none
23.160,464,-0.58235,-0.55207,0.10187,1,10,0,FALLBACK,0.7411,0.100,0.9873,0,none
23.210,465,-0.62314,-0.60419,0.10816,1,10,0,FALLBACK,1.0000,0.100,0.9916,0,none
23.262,466,-0.64141,-0.52668,0.12858,1,10,0,FALLBACK,1.0000,0.100,0.9876,0,none
23.310,467,-0.62847,-0.43367,0.10017,1,10,0,FALLBACK,1.0000,0.100,0.9874,0,none
23.362,468,-0.58909,-0.42439,0.11660,1,10,0,FALLBACK,1.0000,0.100,0.9875,0,none
23.412,469,-0.52354,-0.41863,0.11536,1,10,0,FALLBACK,0.7900,0.100,0.9876,0,none
23.462,470,-0.36115,-0.28605,0.07437,1,10,0,FALLBACK,-0.5062,0.100,0.9877,0,none
23.510,471,-0.33364,-0.10735,0.04996,1,10,0,FALLBACK,0.0307,0.100,0.9780,0,none
23.561,472,-0.33488,-0.10027,0.05437,1,10,0,FALLBACK,0.1806,0.100,0.9795,0,none
23.611,473,-0.32800,-0.13954,0.08048,1,10,0,FALLBACK,0.1056,0.100,0.9818,0,none
23.662,474,-0.31540,-0.21006,0.08013,1,10,0,FALLBACK,0.0140,0.100,0.9847,0,none
23.710,475,-0.21351,-0.35937,0.16697,1,10,0,FALLBACK,-0.9419,0.100,0.9876,0,none
23.760,476,-0.30007,-0.38671,0.13829,1,10,0,FALLBACK,0.4332,0.100,0.9698,0,none
23.812,477,-0.39590,-0.37022,0.12512,1,10,0,FALLBACK,0.9587,0.100,0.9549,0,none
23.861,478,-0.44084,-0.31988,0.10088,1,10,0,FALLBACK,0.9289,0.100,0.9448,0,none
23.911,479,-0.45304,-0.35153,0.12094,1,10,0,FALLBACK,0.8262,0.100,0.9459,0,none
23.961,480,-0.32216,-0.36230,0.12998,1,10,0,FALLBACK,-0.5436,0.100,0.9489,0,none
24.011,481,-0.39764,-0.40519,0.12131,1,10,0,FALLBACK,0.8656,0.100,0.9321,0,none
24.062,482,-0.48057,-0.43713,0.10028,1,10,0,FALLBACK,1.0000,0.100,0.9091,0,none
24.112,483,-0.51310,-0.35080,0.10430,1,10,0,FALLBACK,1.0000,0.100,0.9067,0,none
24.161,484,-0.52025,-0.31568,0.10084,1,10,0,FALLBACK,1.0000,0.100,0.9080,0,none
24.211,485,-0.50524,-0.29821,0.08438,1,10,0,FALLBACK,0.9512,0.100,0.9094,0,none
24.262,486,-0.36369,-0.30551,0.08595,1,10,0,FALLBACK,-0.3893,0.100,0.9117,0,none
24.313,487,-0.40555,-0.36428,0.09451,1,10,0,FALLBACK,0.7371,0.100,0.8990,0,none
24.364,488,-0.45424,-0.48459,0.10153,1,10,0,FALLBACK,1.0000,0.100,0.8855,0,none
24.415,489,-0.45975,-0.40901,0.07988,1,10,0,FALLBACK,0.8263,0.100,0.8825,0,none
24.463,490,-0.44396,-0.37495,0.10892,1,10,0,FALLBACK,0.6409,0.100,0.8867,0,none
24.513,491,-0.41845,-0.40172,0.11126,1,10,0,FALLBACK,0.4647,0.100,0.8917,0,none
24.564,492,-0.38660,-0.44109,0.12285,1,10,0,FALLBACK,0.2737,0.100,0.8964,0,none
24.614,493,-0.35212,-0.36513,0.11197,1,10,0,FALLBACK,0.0882,0.100,0.9008,0,none
24.664,494,-0.31914,-0.30408,0.11393,1,10,0,FALLBACK,-0.0692,0.100,0.9048,0,none
24.714,495,-0.29093,-0.30633,0.10741,1,10,0,FALLBACK,-0.1864,0.100,0.9083,0,none
24.765,496,-0.26848,-0.30928,0.11002,1,10,0,FALLBACK,-0.2698,0.100,0.9116,0,none
24.814,497,-0.25396,-0.30701,0.10873,1,10,0,FALLBACK,-0.3029,0.100,0.9147,0,none
24.864,498,-0.24791,-0.34437,0.12381,1,10,0,FALLBACK,-0.2906,0.100,0.9180,0,none
24.916,499,-0.24945,-0.23337,0.08133,1,10,0,FALLBACK,-0.2451,0.100,0.9214,0,none
24.965,500,-0.25688,-0.23067,0.08762,1,10,0,FALLBACK,-0.1784,0.100,0.9250,0,none
25.016,501,-0.26817,-0.24308,0.08047,1,10,0,FALLBACK,-0.1027,0.100,0.9286,0,none
25.065,502,-0.28122,-0.20140,0.07521,1,10,0,FALLBACK,-0.0287,0.100,0.9321,0,none
25.118,503,-0.29407,-0.23241,0.11120,1,10,0,FALLBACK,0.0346,0.100,0.9355,0,none
25.167,504,-0.30564,-0.31304,0.11447,1,10,0,FALLBACK,0.0861,0.100,0.9389,0,none
25.217,505,-0.31422,-0.26463,0.09288,1,10,0,FALLBACK,0.1140,0.100,0.9421,0,none
25.267,506,-0.31911,-0.23295,0.04796,1,10,0,FALLBACK,0.1200,0.100,0.9453,0,none
25.321,507,-0.32049,-0.20376,0.08606,1,10,0,FALLBACK,0.1093,0.100,0.9485,0,none
25.370,508,-0.31875,-0.27848,0.08525,1,10,0,FALLBACK,0.0851,0.100,0.9518,0,none
25.422,509,-0.31481,-0.35034,0.09694,1,10,0,FALLBACK,0.0544,0.100,0.9550,0,none
25.471,510,-0.30970,-0.28654,0.09372,1,10,0,FALLBACK,0.0229,0.100,0.9583,0,none
25.518,511,-0.30426,-0.30474,0.09379,1,10,0,FALLBACK,-0.0059,0.100,0.9614,0,none
25.569,512,-0.29929,-0.22944,0.09056,1,10,0,FALLBACK,-0.0284,0.100,0.9646,0,none
25.619,513,-0.29537,-0.23192,0.09270,1,10,0,FALLBACK,-0.0428,0.100,0.9677,0,none
25.669,514,-0.29284,-0.24795,0.07102,1,10,0,FALLBACK,-0.0484,0.100,0.9707,0,none
25.720,515,-0.29180,-0.23602,0.07159,1,10,0,FALLBACK,-0.0462,0.100,0.9737,0,none
25.772,516,-0.29213,-0.26765,0.07243,1,10,0,FALLBACK,-0.0377,0.100,0.9767,0,none
25.805,517,-0.29350,-0.24732,0.09367,1,10,0,FALLBACK,-0.0256,0.100,0.9797,0,none
25.855,518,-0.29541,-0.23640,0.10147,1,10,0,FALLBACK,-0.0134,0.100,0.9826,0,none
25.904,519,-0.29750,-0.36931,0.08880,1,10,0,FALLBACK,-0.0020,0.100,0.9855,0,none
25.957,520,-0.29947,-0.35044,0.10126,1,10,0,FALLBACK,0.0072,0.100,0.9884,0,none
26.004,521,-0.30109,-0.27870,0.06495,1,10,0,FALLBACK,0.0135,0.100,0.9913,0,none
26.058,522,-0.30220,-0.32913,0.07725,1,10,0,FALLBACK,0.0166,0.100,0.9941,0,none
26.106,523,-0.30279,-0.27159,0.09342,1,10,0,FALLBACK,0.0169,0.100,0.9969,0,none
26.157,524,-0.30285,-0.33121,0.10101,1,10,0,FALLBACK,0.0145,0.100,0.9996,0,none
26.207,525,-0.30248,-0.32280,0.09480,1,10,0,FALLBACK,0.0105,0.100,1.0024,0,none
26.258,526,-0.30179,-0.25637,0.07658,1,10,0,FALLBACK,0.0056,0.100,1.0051,0,none
26.307,527,-0.30100,-0.26891,0.09509,1,10,0,FALLBACK,0.0010,0.100,1.0078,0,none
26.356,528,-0.30018,-0.22972,0.09053,1,10,0,FALLBACK,-0.0031,0.100,1.0104,0,none
26.409,529,-0.29952,-0.24673,0.10577,1,10,0,FALLBACK,-0.0057,0.100,1.0130,0,none
26.457,530,-0.29907,-0.31192,0.08800,1,10,0,FALLBACK,-0.0069,0.100,1.0156,0,none
26.507,531,-0.29884,-0.19101,0.06069,1,10,0,FALLBACK,-0.0070,0.100,1.0182,0,none
26.557,532,-0.29881,-0.19766,0.07094,1,10,0,FALLBACK,-0.0061,0.100,1.0208,0,none
26.609,533,-0.29897,-0.24691,0.07419,1,10,0,FALLBACK,-0.0043,0.100,1.0233,0,none
26.659,534,-0.29928,-0.18373,0.09464,1,10,0,FALLBACK,-0.0020,0.100,1.0258,0,none
26.709,535,-0.29968,-0.19807,0.09181,1,10,0,FALLBACK,0.0004,0.100,1.0283,0,none
26.757,536,-0.30003,-0.27515,0.09849,1,10,0,FALLBACK,0.0019,0.100,1.0307,0,none
26.808,537,-0.30026,-0.20315,0.08888,1,10,0,FALLBACK,0.0025,0.100,1.0331,0,none
26.858,538,-0.30039,-0.13288,0.07868,1,10,0,FALLBACK,0.0026,0.100,1.0355,0,none
26.910,539,-0.30043,-0.12328,0.07611,1,10,0,FALLBACK,0.0023,0.100,1.0379,0,none
26.958,540,-0.30039,-0.11301,0.05404,1,10,0,FALLBACK,0.0017,0.100,1.0402,0,none
27.010,541,-0.30027,-0.14199,0.06862,1,10,0,FALLBACK,0.0008,0.100,1.0426,0,none
27.060,542,-0.30014,-0.14995,0.06944,1,10,0,FALLBACK,-0.0000,0.100,1.0449,0,none
27.112,543,-0.27302,-0.17257,0.07634,1,10,0,FALLBACK,-0.2705,0.100,1.0471,0,none
27.162,544,-0.30237,-0.27190,0.11743,1,10,0,FALLBACK,0.1586,0.100,1.0477,0,none
27.212,545,-0.33203,-0.30743,0.14409,1,10,0,FALLBACK,0.3084,0.100,1.0479,0,none
27.261,546,-0.34628,-0.26780,0.11359,1,10,0,FALLBACK,0.3027,0.100,1.0488,0,none
27.311,547,-0.34883,-0.18684,0.07660,1,10,0,FALLBACK,0.2569,0.100,1.0507,0,none
27.363,548,-0.34345,-0.29462,0.10622,1,10,0,FALLBACK,0.1903,0.100,1.0529,0,none
27.413,549,-0.33267,-0.21144,0.08162,1,10,0,FALLBACK,0.1094,0.100,1.0553,0,none
27.461,550,-0.31916,-0.24868,0.10303,1,10,0,FALLBACK,0.0283,0.100,1.0576,0,none
27.512,551,-0.30563,-0.11043,0.09561,1,10,0,FALLBACK,-0.0396,0.100,1.0598,0,none
27.561,552,-0.29418,-0.12253,0.08112,1,10,0,FALLBACK,-0.0863,0.100,1.0619,0,none
27.615,553,-0.28619,-0.12913,0.07841,1,10,0,FALLBACK,-0.1090,0.100,1.0639,0,none
27.662,554,-0.28179,-0.21583,0.07293,1,10,0,FALLBACK,-0.1131,0.100,1.0659,0,none
27.712,555,-0.28132,-0.17013,0.08576,1,10,0,FALLBACK,-0.0957,0.100,1.0679,0,none
27.763,556,-0.28409,-0.12097,0.06728,1,10,0,FALLBACK,-0.0658,0.100,1.0700,0,none
27.813,557,-0.28885,-0.16203,0.08001,1,10,0,FALLBACK,-0.0320,0.100,1.0720,0,none
27.863,558,-0.29438,-0.23605,0.09239,1,10,0,FALLBACK,-0.0004,0.100,1.0740,0,none
27.913,559,-0.29962,-0.21948,0.09034,1,10,0,FALLBACK,0.0243,0.100,1.0760,0,none
27.962,560,-0.30377,-0.23430,0.09424,1,10,0,FALLBACK,0.0396,0.100,1.0779,0,none
28.015,561,-0.30637,-0.25064,0.07930,1,10,0,FALLBACK,0.0449,0.100,1.0798,0,none
28.065,562,-0.30733,-0.21600,0.08886,1,10,0,FALLBACK,0.0415,0.100,1.0817,0,none
28.117,563,-0.30680,-0.19156,0.08642,1,10,0,FALLBACK,0.0313,0.100,1.0836,0,none
28.164,564,-0.30512,-0.31714,0.09525,1,10,0,FALLBACK,0.0172,0.100,1.0855,0,none
28.214,565,-0.30281,-0.30069,0.07077,1,10,0,FALLBACK,0.0025,0.100,1.0874,0,none
28.264,566,-0.30040,-0.24326,0.08956,1,10,0,FALLBACK,-0.0100,0.100,1.0892,0,none
28.317,567,-0.29836,-0.39253,0.11115,1,10,0,FALLBACK,-0.0184,0.100,1.0911,0,none
28.366,568,-0.29699,-0.31972,0.11648,1,10,0,FALLBACK,-0.0219,0.100,1.0929,0,none
28.415,569,-0.29642,-0.33160,0.08388,1,10,0,FALLBACK,-0.0207,0.100,1.0947,0,none
28.467,570,-0.29663,-0.23530,0.08450,1,10,0,FALLBACK,-0.0158,0.100,1.0964,0,none
28.515,571,-0.29741,-0.31119,0.08219,1,10,0,FALLBACK,-0.0090,0.100,1.0982,0,none
28.565,572,-0.29852,-0.26250,0.08416,1,10,0,FALLBACK,-0.0018,0.100,1.0999,0,none
28.615,573,-0.29970,-0.24170,0.09145,1,10,0,FALLBACK,0.0043,0.100,1.1016,0,none
28.667,574,-0.30070,-0.25754,0.09701,1,10,0,FALLBACK,0.0085,0.100,1.1033,0,none
28.715,575,-0.30141,-0.27091,0.09710,1,10,0,FALLBACK,0.0106,0.100,1.1050,0,none
28.766,576,-0.30172,-0.37393,0.12642,1,10,0,FALLBACK,0.0102,0.100,1.1067,0,none
28.815,577,-0.30163,-0.28417,0.09210,1,10,0,FALLBACK,0.0077,0.100,1.1083,0,none
28.867,578,-0.30122,-0.27667,0.08545,1,10,0,FALLBACK,0.0041,0.100,1.1100,0,none
28.915,579,-0.30064,-0.25753,0.09293,1,10,0,FALLBACK,0.0003,0.100,1.1116,0,none
28.967,580,-0.30003,-0.22896,0.11607,1,10,0,FALLBACK,-0.0029,0.100,1.1132,0,none
29.020,581,-0.29950,-0.23765,0.09893,1,10,0,FALLBACK,-0.0051,0.100,1.1148,0,none
29.069,582,-0.29916,-0.27818,0.10884,1,10,0,FALLBACK,-0.0059,0.100,1.1163,0,none
29.119,583,-0.29904,-0.34509,0.10283,1,10,0,FALLBACK,-0.0054,0.100,1.1179,0,none
29.168,584,-0.29912,-0.35570,0.16663,1,10,0,FALLBACK,-0.0040,0.100,1.1194,0,none
29.218,585,-0.29935,-0.38832,0.24630,0,10,0,FALLBACK,-0.0021,0.100,1.1209,0,none
29.268,586,-0.29966,0.21279,0.32370,0,10,0,FALLBACK,-0.0002,0.100,1.1224,0,none
29.320,587,-0.29996,-0.14872,0.59898,0,10,0,FALLBACK,0.0013,0.100,1.1239,0,none
29.367,588,-0.30021,-0.21034,0.25438,0,10,0,FALLBACK,0.0023,0.100,1.1254,0,none
29.420,589,-0.30036,-0.27572,0.31409,0,10,0,FALLBACK,0.0026,0.100,1.1269,0,none
29.469,590,-0.30040,-0.00409,0.45988,0,10,0,FALLBACK,0.0022,0.100,1.1283,0,none
29.520,591,-0.30033,-0.34820,0.22210,0,10,0,FALLBACK,0.0013,0.100,1.1297,0,none
29.568,592,-0.30021,-0.81355,0.14812,1,10,0,FALLBACK,0.0004,0.100,1.1311,0,none
29.622,593,-0.30008,-0.55531,0.09735,1,10,0,FALLBACK,-0.0002,0.100,1.1333,1,none
29.668,594,-0.23306,-0.50573,0.08174,1,10,0,FALLBACK,-0.6698,0.100,1.1344,1,none
29.718,595,-0.35204,-0.41736,0.07157,1,10,0,FALLBACK,0.8552,0.100,1.1281,1,none
29.769,596,-0.49615,-0.57249,0.07441,1,10,0,FALLBACK,1.0000,0.100,1.1061,1,none
29.820,597,-0.54374,-0.58139,0.11292,1,10,0,FALLBACK,1.0000,0.100,1.0863,1,none
29.871,598,-0.47398,-0.53685,0.14394,1,10,0,FALLBACK,0.5210,0.100,1.0811,1,none
29.905,599,-0.37815,-0.32712,0.10267,1,10,0,FALLBACK,-0.0884,0.100,1.0881,1,none
29.957,600,-0.29507,-0.36488,0.13067,1,10,0,FALLBACK,-0.4400,0.100,1.0834,1,none
30.003,601,-0.23482,-0.29705,0.12893,1,10,0,FALLBACK,-0.6272,0.100,1.0809,1,none
30.054,602,-0.19967,-0.17941,0.08162,1,10,0,FALLBACK,-0.6774,0.100,1.0792,1,none
30.107,603,-0.18923,-0.10677,0.06748,1,10,0,FALLBACK,-0.6060,0.100,1.0788,1,none
30.153,604,-0.20004,-0.14999,0.05490,1,10,0,FALLBACK,-0.4457,0.100,1.0802,1,none
30.203,605,-0.22428,-0.25609,0.09303,1,10,0,FALLBACK,-0.2574,0.100,1.0828,1,none
30.253,606,-0.25494,-0.26362,0.11818,1,10,0,FALLBACK,-0.0720,0.100,1.0853,1,none
30.305,607,-0.28587,-0.30824,0.12320,1,10,0,FALLBACK,0.0840,0.100,1.0873,1,none
30.355,608,-0.31206,-0.25314,0.11246,1,10,0,FALLBACK,0.1912,0.100,1.0887,1,none
30.404,609,-0.33300,-0.29970,0.11493,1,10,0,FALLBACK,0.2697,0.100,1.0902,1,none
30.456,610,-0.34574,-0.30595,0.09498,1,10,0,FALLBACK,0.2924,0.100,1.0914,1,none
30.506,611,-0.34737,-0.30417,0.09626,1,10,0,FALLBACK,0.2450,0.100,1.0925,1,none
30.553,612,-0.33932,-0.32675,0.11517,1,10,0,FALLBACK,0.1564,0.100,1.0942,1,none
30.607,613,-0.32637,-0.32964,0.11186,1,10,0,FALLBACK,0.0671,0.100,1.0962,1,none
30.655,614,-0.31198,-0.30371,0.10398,1,10,0,FALLBACK,-0.0121,0.100,1.0981,1,none
30.705,615,-0.29876,-0.32798,0.11646,1,10,0,FALLBACK,-0.0723,0.100,1.0998,1,none
30.755,616,-0.28866,-0.25998,0.07366,1,10,0,FALLBACK,-0.1072,0.100,1.1014,1,none
30.806,617,-0.28278,-0.33305,0.08601,1,10,0,FALLBACK,-0.1156,0.100,1.1030,1,none
30.856,618,-0.28122,-0.19109,0.07707,1,10,0,FALLBACK,-0.1017,0.100,1.1047,1,none
30.905,619,-0.28331,-0.18083,0.08229,1,10,0,FALLBACK,-0.0730,0.100,1.1063,1,none
30.956,620,-0.28788,-0.16717,0.07673,1,10,0,FALLBACK,-0.0377,0.100,1.1080,1,none
31.007,621,-0.29360,-0.13518,0.06919,1,10,0,FALLBACK,-0.0034,0.100,1.1096,1,none
31.058,622,-0.29921,-0.20606,0.08057,1,10,0,FALLBACK,0.0240,0.100,1.1112,1,none
31.106,623,-0.30371,-0.25234,0.06610,1,10,0,FALLBACK,0.0411,0.100,1.1128,1,none
31.158,624,-0.30657,-0.26545,0.08685,1,10,0,FALLBACK,0.0471,0.100,1.1144,1,none
31.207,625,-0.30761,-0.24520,0.07779,1,10,0,FALLBACK,0.0432,0.100,1.1159,1,none
31.258,626,-0.30702,-0.27517,0.08161,1,10,0,FALLBACK,0.0322,0.100,1.1175,1,none
31.308,627,-0.30528,-0.25100,0.08634,1,10,0,FALLBACK,0.0177,0.100,1.1190,1,none
31.358,628,-0.30294,-0.33668,0.09779,1,10,0,FALLBACK,0.0030,0.100,1.1205,1,none
31.409,629,-0.30055,-0.32842,0.10310,1,10,0,FALLBACK,-0.0092,0.100,1.1221,1,none
31.459,630,-0.29857,-0.28004,0.10725,1,10,0,FALLBACK,-0.0171,0.100,1.1235,1,none
31.507,631,-0.29726,-0.22625,0.09893,1,10,0,FALLBACK,-0.0202,0.100,1.1250,1,none
31.559,632,-0.29673,-0.34113,0.10775,1,10,0,FALLBACK,-0.0190,0.100,1.1265,1,none
31.608,633,-0.29691,-0.28494,0.09660,1,10,0,FALLBACK,-0.0146,0.100,1.1279,1,none
31.658,634,-0.29762,-0.22816,0.09972,1,10,0,FALLBACK,-0.0084,0.100,1.1294,1,none
31.707,635,-0.29861,-0.31607,0.09778,1,10,0,FALLBACK,-0.0020,0.100,1.1308,1,none
31.759,636,-0.29964,-0.26577,0.11083,1,10,0,FALLBACK,0.0034,0.100,1.1322,1,none
31.808,637,-0.30051,-0.22452,0.09898,1,10,0,FALLBACK,0.0068,0.100,1.1336,1,none
31.860,638,-0.30108,-0.12664,0.09074,1,10,0,FALLBACK,0.0083,0.100,1.1349,1,none
31.911,639,-0.30132,-0.18576,0.10214,1,10,0,FALLBACK,0.0078,0.100,1.1363,1,none
31.959,640,-0.30125,-0.14366,0.10942,1,10,0,FALLBACK,0.0059,0.100,1.1377,1,none
32.009,641,-0.30095,-0.14658,0.09736,1,10,0,FALLBACK,0.0032,0.100,1.1390,1,none
32.060,642,-0.30051,0.00934,0.08525,1,10,0,FALLBACK,0.0004,0.100,1.1403,1,none
32.110,643,-0.30006,0.05136,0.09474,1,10,0,FALLBACK,-0.0020,0.100,1.1416,1,none
32.160,644,-0.29968,-0.06907,0.09628,1,10,0,FALLBACK,-0.0035,0.100,1.1429,1,none
32.208,645,-0.15020,-0.20466,0.09002,1,10,0,FALLBACK,-1.0000,0.100,1.1442,1,none
32.260,646,-0.29445,-0.32996,0.09680,1,10,0,FALLBACK,0.6935,0.100,1.1202,1,none
32.307,647,-0.45285,-0.39441,0.09304,1,10,0,FALLBACK,1.0000,0.100,1.0925,1,none
32.358,648,-0.54863,-0.25329,0.07884,1,10,0,FALLBACK,1.0000,0.100,1.0778,1,none
32.410,649,-0.60441,-0.33055,0.12641,1,10,0,FALLBACK,1.0000,0.100,1.0753,1,none
32.460,650,-0.48268,-0.50545,0.11929,1,10,0,FALLBACK,0.3048,0.100,1.0738,1,none
32.508,651,-0.61057,-0.67346,0.11117,1,10,0,FALLBACK,1.0000,0.100,1.0770,1,none
32.559,652,-0.72098,-0.76095,0.10212,1,10,0,FALLBACK,1.0000,0.100,1.0628,1,none
32.610,653,-0.78832,-0.70798,0.10377,1,10,0,FALLBACK,1.0000,0.100,1.0603,1,none
32.659,654,-0.82500,-0.66640,0.07637,1,10,0,FALLBACK,1.0000,0.100,1.0590,1,none
32.709,655,-0.65982,-0.70516,0.07253,1,10,0,FALLBACK,0.9731,0.100,1.0579,1,none
32.760,656,-0.75021,-0.81659,0.07741,1,10,0,FALLBACK,1.0000,0.100,1.0574,1,none
32.808,657,-0.81124,-0.80573,0.08171,1,10,0,FALLBACK,1.0000,0.100,1.0559,1,none
32.861,658,-0.84169,-0.60720,0.07017,1,10,0,FALLBACK,1.0000,0.100,1.0548,1,none
32.911,659,-0.84197,-0.55356,0.10654,1,10,0,FALLBACK,1.0000,0.100,1.0537,1,none
32.959,660,-0.81223,-0.63295,0.08491,1,10,0,FALLBACK,1.0000,0.100,1.0527,1,none
33.009,661,-0.66493,-0.60212,0.09913,1,10,0,FALLBACK,1.0000,0.100,1.0517,1,none
33.061,662,-0.68880,-0.50938,0.11981,1,10,0,FALLBACK,1.0000,0.100,1.0507,1,none
33.111,663,-0.68278,-0.33795,0.10616,1,10,0,FALLBACK,1.0000,0.100,1.0497,1,none
33.161,664,-0.64696,-0.25764,0.08132,1,10,0,FALLBACK,1.0000,0.100,1.0487,1,none
33.211,665,-0.58162,-0.29170,0.10104,1,10,0,FALLBACK,1.0000,0.100,1.0477,1,none
33.261,666,-0.37777,-0.36349,0.12326,1,10,0,FALLBACK,-0.6304,0.100,1.0468,1,none
33.310,667,-0.39702,-0.28278,0.12684,1,10,0,FALLBACK,0.5813,0.100,1.0227,1,none
33.362,668,-0.43444,-0.25911,0.11394,1,10,0,FALLBACK,0.8593,0.100,1.0089,1,none
33.411,669,-0.42802,-0.11280,0.11623,1,10,0,FALLBACK,0.6080,0.100,1.0038,1,none
33.461,670,-0.39937,-0.25211,0.13774,1,10,0,FALLBACK,0.3536,0.100,1.0075,1,none
33.509,671,-0.23461,-0.26732,0.11697,1,10,0,FALLBACK,-1.0000,0.100,1.0113,1,none
33.561,672,-0.32891,-0.43681,0.11516,1,10,0,FALLBACK,0.6161,0.100,0.9829,1,none
33.611,673,-0.47228,-0.42032,0.15356,1,10,0,FALLBACK,1.0000,0.100,0.9798,1,none
33.662,674,-0.59406,-0.53295,0.09498,1,10,0,FALLBACK,1.0000,0.100,0.9523,1,none
33.713,675,-0.65696,-0.46002,0.09732,1,10,0,FALLBACK,1.0000,0.100,0.9440,1,none
33.762,676,-0.69314,-0.55865,0.10525,1,10,0,FALLBACK,1.0000,0.100,0.9447,1,none
33.811,677,-0.60505,-0.76109,0.09022,1,10,0,FALLBACK,1.0000,0.100,0.9455,1,none
33.862,678,-0.69447,-0.79246,0.11057,1,10,0,FALLBACK,1.0000,0.100,0.9463,1,none
33.913,679,-0.76021,-0.73386,0.13002,1,10,0,FALLBACK,1.0000,0.100,0.9471,1,none
33.963,680,-0.80191,-0.60080,0.14337,1,10,0,FALLBACK,1.0000,0.100,0.9479,1,none
34.015,681,-0.81938,-0.56827,0.12724,1,10,0,FALLBACK,1.0000,0.100,0.9487,1,none
34.067,682,-0.62627,-0.71741,0.08385,1,10,0,FALLBACK,0.6658,0.100,0.9494,1,none
34.115,683,-0.70636,-0.79102,0.09141,1,10,0,FALLBACK,1.0000,0.100,0.9546,1,none
34.165,684,-0.77039,-0.77978,0.06758,1,10,0,FALLBACK,1.0000,0.100,0.9510,1,none
34.214,685,-0.80213,-0.72912,0.07012,1,10,0,FALLBACK,1.0000,0.100,0.9506,1,none
34.265,686,-0.80915,-0.49786,0.09077,1,10,0,FALLBACK,1.0000,0.100,0.9513,1,none
34.313,687,-0.79169,-0.51360,0.10006,1,10,0,FALLBACK,1.0000,0.100,0.9520,1,none
34.362,688,-0.58354,-0.46563,0.09088,1,10,0,FALLBACK,0.3770,0.100,0.9527,1,none
34.415,689,-0.63044,-0.57632,0.10882,1,10,0,FALLBACK,1.0000,0.100,0.9574,1,none
34.467,690,-0.67117,-0.60474,0.12983,1,10,0,FALLBACK,1.0000,0.100,0.9490,1,none
34.515,691,-0.67343,-0.58618,0.11029,1,10,0,FALLBACK,1.0000,0.100,0.9475,1,none
34.566,692,-0.65083,-0.61553,0.06299,1,10,0,FALLBACK,1.0000,0.100,0.9482,1,none
34.613,693,-0.60404,-0.60493,0.07292,1,10,0,FALLBACK,1.0000,0.100,0.9490,1,none
34.666,694,-0.53309,-0.58209,0.11766,1,10,0,FALLBACK,0.8107,0.100,0.9498,1,none
34.715,695,-0.44123,-0.41672,0.15702,1,10,0,FALLBACK,0.2469,0.100,0.9533,1,none
34.765,696,-0.34310,-0.36878,0.10045,1,10,0,FALLBACK,-0.2752,0.100,0.9577,1,none
34.815,697,-0.25915,-0.27826,0.08680,1,10,0,FALLBACK,-0.6240,0.100,0.9577,1,none
34.864,698,-0.19914,-0.20190,0.08347,1,10,0,FALLBACK,-0.8044,0.100,0.9558,1,none
34.913,699,-0.16563,-0.16492,0.10916,1,10,0,FALLBACK,-0.8394,0.100,0.9547,1,none
34.967,700,-0.15694,-0.21517,0.13717,1,10,0,FALLBACK,-0.7587,0.100,0.9554,1,none
35.014,701,-0.16866,-0.15048,0.09323,1,10,0,FALLBACK,-0.5981,0.100,0.9579,1,none
35.065,702,-0.19491,-0.22494,0.08259,1,10,0,FALLBACK,-0.3942,0.100,0.9616,1,none
35.117,703,-0.22942,-0.28899,0.09775,1,10,0,FALLBACK,-0.1803,0.100,0.9656,1,none
35.165,704,-0.26619,-0.28673,0.09292,1,10,0,FALLBACK,0.0148,0.100,0.9691,1,none
35.215,705,-0.30006,-0.38735,0.10834,1,10,0,FALLBACK,0.1696,0.100,0.9720,1,none
35.265,706,-0.32706,-0.40024,0.11091,1,10,0,FALLBACK,0.2703,0.100,0.9744,1,none
35.314,707,-0.34478,-0.44103,0.11455,1,10,0,FALLBACK,0.3126,0.100,0.9766,1,none
35.364,708,-0.35258,-0.42281,0.10682,1,10,0,FALLBACK,0.3019,0.100,0.9791,1,none
35.417,709,-0.35134,-0.28760,0.09436,1,10,0,FALLBACK,0.2505,0.100,0.9818,1,none
35.469,710,-0.34303,-0.32021,0.08790,1,10,0,FALLBACK,0.1736,0.100,0.9848,1,none
35.516,711,-0.33021,-0.27420,0.10506,1,10,0,FALLBACK,0.0869,0.100,0.9878,1,none
35.567,712,-0.31559,-0.26742,0.08976,1,10,0,FALLBACK,0.0049,0.100,0.9908,1,none
35.617,713,-0.30160,-0.25645,0.08729,1,10,0,FALLBACK,-0.0619,0.100,0.9937,1,none
35.668,714,-0.28961,-0.17738,0.08317,1,10,0,FALLBACK,-0.1119,0.100,0.9964,1,none
35.717,715,-0.28150,-0.26256,0.09448,1,10,0,FALLBACK,-0.1330,0.100,0.9991,1,none
35.766,716,-0.27791,-0.20687,0.10378,1,10,0,FALLBACK,-0.1284,0.100,1.0017,1,none
35.819,717,-0.27838,-0.25088,0.10184,1,10,0,FALLBACK,-0.1058,0.100,1.0044,1,none
35.868,718,-0.28201,-0.29260,0.09637,1,10,0,FALLBACK,-0.0718,0.100,1.0071,1,none
35.917,719,-0.28765,-0.22162,0.10360,1,10,0,FALLBACK,-0.0336,0.100,1.0097,1,none
35.968,720,-0.29406,-0.27869,0.09798,1,10,0,FALLBACK,0.0024,0.100,1.0124,1,none
36.017,721,-0.30013,-0.24429,0.08779,1,10,0,FALLBACK,0.0310,0.100,1.0150,1,none
36.067,722,-0.30500,-0.28228,0.08525,1,10,0,FALLBACK,0.0493,0.100,1.0175,1,none
36.116,723,-0.30836,-0.28226,0.08591,1,10,0,FALLBACK,0.0585,0.100,1.0201,1,none
36.170,724,-0.30981,-0.30029,0.09968,1,10,0,FALLBACK,0.0563,0.100,1.0226,1,none
36.220,725,-0.30930,-0.26166,0.11742,1,10,0,FALLBACK,0.0440,0.100,1.0251,1,none
36.268,726,-0.30736,-0.22798,0.11263,1,10,0,FALLBACK,0.0271,0.100,1.0275,1,none
36.317,727,-0.30463,-0.28890,0.10618,1,10,0,FALLBACK,0.0095,0.100,1.0300,1,none
36.368,728,-0.30168,-0.26243,0.10567,1,10,0,FALLBACK,-0.0064,0.100,1.0324,1,none
36.419,729,-0.29889,-0.31447,0.09722,1,10,0,FALLBACK,-0.0195,0.100,1.0348,1,none
36.469,730,-0.29660,-0.34040,0.10228,1,10,0,FALLBACK,-0.0284,0.100,1.0372,1,none
36.518,731,-0.29527,-0.28250,0.10016,1,10,0,FALLBACK,-0.0303,0.100,1.0396,1,none
36.569,732,-0.29503,-0.28143,0.10872,1,10,0,FALLBACK,-0.0260,0.100,1.0419,1,none
36.617,733,-0.29573,-0.32559,0.10175,1,10,0,FALLBACK,-0.0178,0.100,1.0442,1,none
36.668,734,-0.29719,-0.28439,0.10108,1,10,0,FALLBACK,-0.0068,0.100,1.0465,1,none
36.718,735,-0.29909,-0.30922,0.09049,1,10,0,FALLBACK,0.0050,0.100,1.0488,1,none
36.767,736,-0.30104,-0.29556,0.12033,1,10,0,FALLBACK,0.0149,0.100,1.0510,1,none
36.818,737,-0.30249,-0.28888,0.07435,1,10,0,FALLBACK,0.0197,0.100,1.0532,1,none
36.869,738,-0.30312,-0.26664,0.10434,1,10,0,FALLBACK,0.0188,0.100,1.0554,1,none
36.919,739,-0.30305,-0.18242,0.11376,1,10,0,FALLBACK,0.0148,0.100,1.0575,1,none
36.970,740,-0.30245,-0.02137,0.11107,1,10,0,FALLBACK,0.0093,0.100,1.0597,1,none
37.018,741,-0.30154,0.01290,0.08011,1,10,0,FALLBACK,0.0032,0.100,1.0618,1,none
37.069,742,-0.30052,-0.08640,0.06522,1,10,0,FALLBACK,-0.0025,0.100,1.0639,1,none
37.121,743,-0.29959,-0.12111,0.06326,1,10,0,FALLBACK,-0.0067,0.100,1.0660,1,none
37.169,744,-0.23879,-0.24677,0.11375,1,10,0,FALLBACK,-0.6101,0.100,1.0681,1,none
37.220,745,-0.32265,-0.31427,0.10956,1,10,0,FALLBACK,0.5326,0.100,1.0624,1,none
37.269,746,-0.42015,-0.28307,0.09332,1,10,0,FALLBACK,1.0000,0.100,1.0492,1,none
37.319,747,-0.46940,-0.27590,0.09808,1,10,0,FALLBACK,1.0000,0.100,1.0366,1,none
37.367,748,-0.47667,-0.36074,0.12271,1,10,0,FALLBACK,0.9197,0.100,1.0337,1,none
37.421,749,-0.39708,-0.43498,0.12952,1,10,0,FALLBACK,0.0875,0.100,1.0344,1,none
37.471,750,-0.43791,-0.44756,0.10862,1,10,0,FALLBACK,0.8937,0.100,1.0354,1,none
37.519,751,-0.48068,-0.34576,0.10712,1,10,0,FALLBACK,1.0000,0.100,1.0235,1,none
37.571,752,-0.47863,-0.33883,0.09620,1,10,0,FALLBACK,0.8829,0.100,1.0183,1,none
37.623,753,-0.44701,-0.37163,0.09823,1,10,0,FALLBACK,0.5770,0.100,1.0195,1,none
37.669,754,-0.33408,-0.24280,0.10259,1,10,0,FALLBACK,-0.3942,0.100,1.0235,1,none
37.703,755,-0.36193,-0.26877,0.08836,1,10,0,FALLBACK,0.4489,0.100,1.0173,1,none
37.754,756,-0.39848,-0.25210,0.08750,1,10,0,FALLBACK,0.6751,0.100,1.0100,1,none
37.805,757,-0.40293,-0.32688,0.10193,1,10,0,FALLBACK,0.5369,0.100,1.0081,1,none
37.854,758,-0.38811,-0.36742,0.11459,1,10,0,FALLBACK,0.3664,0.100,1.0109,1,none
37.907,759,-0.29380,-0.48080,0.12129,1,10,0,FALLBACK,-0.5025,0.100,1.0143,1,none
37.956,760,-0.35629,-0.47721,0.11863,1,10,0,FALLBACK,0.5939,0.100,1.0059,1,none
38.004,761,-0.41979,-0.44579,0.13247,1,10,0,FALLBACK,0.9164,0.100,0.9925,1,none
38.055,762,-0.43816,-0.44467,0.12130,1,10,0,FALLBACK,0.7826,0.100,0.9861,1,none
38.105,763,-0.42976,-0.42803,0.12481,1,10,0,FALLBACK,0.6068,0.100,0.9887,1,none
38.155,764,-0.32167,-0.43089,0.12595,1,10,0,FALLBACK,-0.4321,0.100,0.9924,1,none
38.205,765,-0.38090,-0.53696,0.13159,1,10,0,FALLBACK,0.7006,0.100,0.9831,1,none
38.256,766,-0.44184,-0.35789,0.13616,1,10,0,FALLBACK,1.0000,0.100,0.9676,1,none
38.309,767,-0.45552,-0.36828,0.15763,1,10,0,FALLBACK,0.8459,0.100,0.9612,1,none
38.354,768,-0.44085,-0.31021,0.17497,1,10,0,FALLBACK,0.6309,0.100,0.9637,1,none
38.405,769,-0.30448,-0.42644,0.13828,1,10,0,FALLBACK,-0.6594,0.100,0.9682,1,none
38.456,770,-0.36049,-0.56999,0.14345,1,10,0,FALLBACK,0.5825,0.100,0.9502,1,none
38.509,771,-0.42695,-0.50908,0.14763,1,10,0,FALLBACK,0.9670,0.100,0.9358,1,none
38.556,772,-0.44629,-0.47215,0.15835,1,10,0,FALLBACK,0.8282,0.100,0.9292,1,none
38.606,773,-0.43942,-0.46729,0.15571,1,10,0,FALLBACK,0.6628,0.100,0.9325,1,none
38.656,774,-0.41996,-0.50557,0.12924,1,10,0,FALLBACK,0.5025,0.100,0.9367,1,none
38.707,775,-0.31307,-0.59973,0.14206,1,10,0,FALLBACK,-0.4691,0.100,0.9410,1,none
38.757,776,-0.36442,-0.59134,0.14201,1,10,0,FALLBACK,0.5789,0.100,0.9326,1,none
38.809,777,-0.41784,-0.65871,0.13744,1,10,0,FALLBACK,0.8563,0.100,0.9217,1,none
38.857,778,-0.43149,-0.59201,0.12556,1,10,0,FALLBACK,0.7257,0.100,0.9189,1,none
38.908,779,-0.42393,-0.36945,0.15966,1,10,0,FALLBACK,0.5819,0.100,0.9225,1,none
38.959,780,-0.40564,-0.46145,0.17196,1,10,0,FALLBACK,0.4367,0.100,0.9268,1,none
39.006,781,-0.37986,-0.40438,0.15244,1,10,0,FALLBACK,0.2704,0.100,0.9309,1,none
39.058,782,-0.35028,-0.43865,0.17004,1,10,0,FALLBACK,0.1035,0.100,0.9350,1,none
39.109,783,-0.31945,-0.47664,0.14541,1,10,0,FALLBACK,-0.0569,0.100,0.9386,1,none
39.159,784,-0.29350,-0.38926,0.14890,1,10,0,FALLBACK,-0.1623,0.100,0.9417,1,none
39.208,785,-0.27231,-0.28141,0.13224,1,10,0,FALLBACK,-0.2444,0.100,0.9448,1,none
39.256,786,-0.25948,-0.33191,0.14292,1,10,0,FALLBACK,-0.2668,0.100,0.9475,1,none
39.310,787,-0.25479,-0.38711,0.14155,1,10,0,FALLBACK,-0.2495,0.100,0.9505,1,none
39.359,788,-0.25685,-0.63298,0.15525,1,10,0,FALLBACK,-0.2055,0.100,0.9537,1,none
39.409,789,-0.26373,-0.50483,0.15925,1,10,0,FALLBACK,-0.1469,0.100,0.9570,1,none
39.459,790,-0.27364,-0.50616,0.14382,1,10,0,FALLBACK,-0.0822,0.100,0.9602,1,none
39.509,791,-0.32675,-0.49573,0.12552,1,10,0,FALLBACK,0.3993,0.100,0.9634,1,none
39.559,792,-0.29301,-0.50315,0.12300,1,10,0,FALLBACK,-0.2036,0.100,0.9617,1,none
39.611,793,-0.25769,-0.56552,0.12212,1,10,0,FALLBACK,-0.3882,0.100,0.9612,1,none
39.660,794,-0.24196,-0.51202,0.13797,1,10,0,FALLBACK,-0.3688,0.100,0.9629,1,none
39.713,795,-0.23871,-0.50101,0.14066,1,10,0,FALLBACK,-0.3227,0.100,0.9657,1,none
39.760,796,-0.28965,-0.43675,0.12911,1,10,0,FALLBACK,0.2029,0.100,0.9687,1,none
39.810,797,-0.26749,-0.38987,0.11998,1,10,0,FALLBACK,-0.2733,0.100,0.9704,1,none
39.859,798,-0.23305,-0.40570,0.09435,1,10,0,FALLBACK,-0.5070,0.100,0.9688,1,none
39.911,799,-0.21589,-0.37322,0.10362,1,10,0,FALLBACK,-0.5064,0.100,0.9698,1,none
39.959,800,-0.21834,-0.31847,0.11427,1,10,0,FALLBACK,-0.3960,0.100,0.9718,1,none
40.011,801,-0.28034,-0.40786,0.07804,1,10,0,FALLBACK,0.2117,0.100,0.9751,1,none
40.063,802,-0.25146,-0.41221,0.10954,1,10,0,FALLBACK,-0.3871,0.100,0.9740,1,none
40.111,803,-0.22383,-0.35788,0.09025,1,10,0,FALLBACK,-0.5190,0.100,0.9717,1,none
40.160,804,-0.21933,-0.34215,0.10225,1,10,0,FALLBACK,-0.4259,0.100,0.9729,1,none
40.211,805,-0.22822,-0.37597,0.08888,1,10,0,FALLBACK,-0.3145,0.100,0.9761,1,none
40.261,806,-0.29536,-0.44887,0.08492,1,10,0,FALLBACK,0.3125,0.100,0.9794,1,none
40.311,807,-0.26618,-0.41143,0.06796,1,10,0,FALLBACK,-0.3150,0.100,0.9769,1,none
40.360,808,-0.23598,-0.43211,0.05852,1,10,0,FALLBACK,-0.4711,0.100,0.9750,1,none
40.410,809,-0.22819,-0.36009,0.07316,1,10,0,FALLBACK,-0.3980,0.100,0.9762,1,none
40.463,810,-0.23355,-0.29545,0.09042,1,10,0,FALLBACK,-0.3055,0.100,0.9792,1,none
40.510,811,-0.24578,-0.35164,0.09265,1,10,0,FALLBACK,-0.2099,0.100,0.9824,1,none
40.560,812,-0.28149,-0.30334,0.09667,1,10,0,FALLBACK,0.0860,0.100,0.9855,1,none
40.611,813,-0.25955,-0.34877,0.08761,1,10,0,FALLBACK,-0.3120,0.100,0.9875,1,none
40.660,814,-0.24165,-0.29394,0.08433,1,10,0,FALLBACK,-0.3812,0.100,0.9876,1,none
40.713,815,-0.24011,-0.39398,0.09574,1,10,0,FALLBACK,-0.3072,0.100,0.9896,1,none
40.762,816,-0.24818,-0.31355,0.09232,1,10,0,FALLBACK,-0.2188,0.100,0.9926,1,none
40.812,817,-0.28028,-0.31209,0.09575,1,10,0,FALLBACK,0.0620,0.100,0.9956,1,none
40.859,818,-0.25541,-0.29245,0.09977,1,10,0,FALLBACK,-0.3473,0.100,0.9977,1,none
40.911,819,-0.23583,-0.25287,0.11104,1,10,0,FALLBACK,-0.4188,0.100,0.9973,1,none
40.961,820,-0.23401,-0.28765,0.09588,1,10,0,FALLBACK,-0.3391,0.100,0.9990,1,none
41.009,821,-0.24290,-0.16655,0.10340,1,10,0,FALLBACK,-0.2410,0.100,1.0018,1,none
41.063,822,-0.27477,-0.29676,0.09808,1,10,0,FALLBACK,0.0332,0.100,1.0048,1,none
41.113,823,-0.25179,-0.30068,0.08420,1,10,0,FALLBACK,-0.3560,0.100,1.0070,1,none
41.165,824,-0.23446,-0.19210,0.10567,1,10,0,FALLBACK,-0.4144,0.100,1.0066,1,none
41.211,825,-0.23466,-0.25111,0.11051,1,10,0,FALLBACK,-0.3257,0.100,1.0083,1,none
41.263,826,-0.29625,-0.23502,0.09641,1,10,0,FALLBACK,0.2892,0.100,1.0109,1,none
41.311,827,-0.26351,-0.32454,0.10152,1,10,0,FALLBACK,-0.3462,0.100,1.0084,1,none
41.359,828,-0.23034,-0.26802,0.10684,1,10,0,FALLBACK,-0.5141,0.100,1.0057,1,none
41.411,829,-0.22156,-0.22004,0.11574,1,10,0,FALLBACK,-0.4361,0.100,1.0060,1,none
41.461,830,-0.22795,-0.35715,0.12184,1,10,0,FALLBACK,-0.3283,0.100,1.0086,1,none
41.513,831,-0.28870,-0.29395,0.12083,1,10,0,FALLBACK,0.2473,0.100,1.0116,1,none
41.562,832,-0.25933,-0.36913,0.13761,1,10,0,FALLBACK,-0.3502,0.100,1.0100,1,none
41.612,833,-0.23058,-0.49641,0.14699,1,10,0,FALLBACK,-0.4908,0.100,1.0077,1,none
41.663,834,-0.22494,-0.47647,0.11960,1,10,0,FALLBACK,-0.4035,0.100,1.0084,1,none
41.712,835,-0.23318,-0.42125,0.11322,1,10,0,FALLBACK,-0.2929,0.100,1.0111,1,none
41.763,836,-0.29124,-0.29378,0.11107,1,10,0,FALLBACK,0.2465,0.100,1.0140,1,none
41.812,837,-0.26821,-0.33858,0.10215,1,10,0,FALLBACK,-0.2741,0.100,1.0135,1,none
41.865,838,-0.24186,-0.34442,0.10898,1,10,0,FALLBACK,-0.4225,0.100,1.0124,1,none
41.914,839,-0.23515,-0.29975,0.13716,1,10,0,FALLBACK,-0.3578,0.100,1.0133,1,none
41.964,840,-0.24126,-0.28937,0.14142,1,10,0,FALLBACK,-0.2631,0.100,1.0159,1,none
42.013,841,-0.29247,-0.33558,0.13056,1,10,0,FALLBACK,0.2184,0.100,1.0187,1,none
42.064,842,-0.26222,-0.27558,0.12356,1,10,0,FALLBACK,-0.3402,0.100,1.0182,1,none
42.113,843,-0.23388,-0.38479,0.12598,1,10,0,FALLBACK,-0.4723,0.100,1.0162,1,none
42.163,844,-0.22762,-0.36186,0.11557,1,10,0,FALLBACK,-0.3933,0.100,1.0169,1,none
42.216,845,-0.23582,-0.35841,0.13364,1,10,0,FALLBACK,-0.2798,0.100,1.0194,1,none
42.264,846,-0.28622,-0.44653,0.12624,1,10,0,FALLBACK,0.1831,0.100,1.0221,1,none
42.313,847,-0.26505,-0.50691,0.09696,1,10,0,FALLBACK,-0.2806,0.100,1.0225,1,none
42.365,848,-0.23717,-0.29370,0.13451,1,10,0,FALLBACK,-0.4535,0.100,1.0221,1,none
42.415,849,-0.22928,-0.37243,0.15073,1,10,0,FALLBACK,-0.3930,0.100,1.0222,1,none
42.465,850,-0.23744,-0.39308,0.12804,1,10,0,FALLBACK,-0.2720,0.100,1.0243,1,none
42.515,851,-0.28148,-0.46425,0.10942,1,10,0,FALLBACK,0.1276,0.100,1.0271,1,none
42.566,852,-0.26054,-0.44360,0.12652,1,10,0,FALLBACK,-0.3020,0.100,1.0282,1,none
42.615,853,-0.23179,-0.31688,0.13946,1,10,0,FALLBACK,-0.4848,0.100,1.0272,1,none
42.665,854,-0.22381,-0.35555,0.12828,1,10,0,FALLBACK,-0.4209,0.100,1.0276,1,none
42.717,855,-0.23372,-0.38897,0.12930,1,10,0,FALLBACK,-0.2819,0.100,1.0295,1,none
42.765,856,-0.27435,-0.37382,0.12723,1,10,0,FALLBACK,0.0749,0.100,1.0321,1,none
42.814,857,-0.25730,-0.39406,0.12061,1,10,0,FALLBACK,-0.2987,0.100,1.0338,1,none
42.863,858,-0.23720,-0.28483,0.11787,1,10,0,FALLBACK,-0.4145,0.100,1.0339,1,none
42.918,859,-0.23497,-0.26772,0.13861,1,10,0,FALLBACK,-0.3363,0.100,1.0346,1,none
42.967,860,-0.29606,-0.22660,0.08982,1,10,0,FALLBACK,0.2858,0.100,1.0367,1,none
43.017,861,-0.28035,-0.24623,0.09707,1,10,0,FALLBACK,-0.1768,0.100,1.0390,1,none
43.067,862,-0.24952,-0.12693,0.08802,1,10,0,FALLBACK,-0.4066,0.100,1.0363,1,none
43.117,863,-0.22261,-0.14750,0.08422,1,10,0,FALLBACK,-0.5215,0.100,1.0366,1,none
43.169,864,-0.21479,-0.13363,0.10627,1,10,0,FALLBACK,-0.4651,0.100,1.0364,1,none
43.219,865,-0.22504,-0.15202,0.11247,1,10,0,FALLBACK,-0.3236,0.100,1.0373,1,none
43.271,866,-0.24675,-0.28001,0.12841,1,10,0,FALLBACK,-0.1577,0.100,1.0399,1,none
43.320,867,-0.27250,-0.30545,0.10862,1,10,0,FALLBACK,-0.0088,0.100,1.0426,1,none
43.370,868,-0.29721,-0.31277,0.11570,1,10,0,FALLBACK,0.1096,0.100,1.0449,1,none
43.417,869,-0.31731,-0.25262,0.11859,1,10,0,FALLBACK,0.1870,0.100,1.0468,1,none
43.469,870,-0.33049,-0.26950,0.11393,1,10,0,FALLBACK,0.2183,0.100,1.0486,1,none
43.519,871,-0.33590,-0.31841,0.12052,1,10,0,FALLBACK,0.2066,0.100,1.0505,1,none
43.570,872,-0.33418,-0.33907,0.15819,1,10,0,FALLBACK,0.1622,0.100,1.0526,1,none
43.620,873,-0.32701,-0.32656,0.16636,1,10,0,FALLBACK,0.0992,0.100,1.0548,1,none
43.671,874,-0.31666,-0.36558,0.16590,1,10,0,FALLBACK,0.0316,0.100,1.0571,1,none
43.720,875,-0.30551,-0.38701,0.14765,1,10,0,FALLBACK,-0.0282,0.100,1.0593,1,none
43.770,876,-0.29558,-0.40550,0.13433,1,10,0,FALLBACK,-0.0717,0.100,1.0614,1,none
43.821,877,-0.28834,-0.35288,0.12668,1,10,0,FALLBACK,-0.0945,0.100,1.0635,1,none
43.868,878,-0.28452,-0.38810,0.12191,1,10,0,FALLBACK,-0.0965,0.100,1.0655,1,none
43.919,879,-0.28415,-0.38426,0.10793,1,10,0,FALLBACK,-0.0811,0.100,1.0676,1,none
43.970,880,-0.28661,-0.29470,0.10531,1,10,0,FALLBACK,-0.0546,0.100,1.0696,1,none
44.020,881,-0.29096,-0.29359,0.10449,1,10,0,FALLBACK,-0.0235,0.100,1.0716,1,none
44.053,882,-0.29607,-0.36197,0.09087,1,10,0,FALLBACK,0.0059,0.100,1.0736,1,none
44.103,883,-0.30060,-0.35090,0.09893,1,10,0,FALLBACK,0.0256,0.100,1.0756,1,none
44.153,884,-0.30397,-0.41097,0.10190,1,10,0,FALLBACK,0.0367,0.100,1.0775,1,none
44.204,885,-0.30593,-0.09856,0.09514,1,10,0,FALLBACK,0.0395,0.100,1.0795,1,none
44.253,886,-0.30647,-0.02234,0.08904,1,10,0,FALLBACK,0.0350,0.100,1.0814,1,none
44.303,887,-0.30579,-0.05527,0.09108,1,10,0,FALLBACK,0.0256,0.100,1.0833,1,none
44.354,888,-0.30428,-0.14067,0.09413,1,10,0,FALLBACK,0.0139,0.100,1.0852,1,none
44.406,889,-0.22075,-0.23750,0.09940,1,10,0,FALLBACK,-0.8139,0.100,1.0871,1,none
44.455,890,-0.35133,-0.37860,0.07472,1,10,0,FALLBACK,0.9096,0.100,1.0722,1,none
44.505,891,-0.48819,-0.44714,0.12918,1,10,0,FALLBACK,1.0000,0.100,1.0399,1,none
44.555,892,-0.56192,-0.39869,0.08435,1,10,0,FALLBACK,1.0000,0.100,1.0287,1,none
44.607,893,-0.60177,-0.42060,0.09427,1,10,0,FALLBACK,1.0000,0.100,1.0276,1,none
44.657,894,-0.51203,-0.53013,0.08237,1,10,0,FALLBACK,0.6115,0.100,1.0270,1,none
44.708,895,-0.61272,-0.63934,0.07649,1,10,0,FALLBACK,1.0000,0.100,1.0317,1,none
44.756,896,-0.69162,-0.66108,0.07818,1,10,0,FALLBACK,1.0000,0.100,1.0245,1,none
44.804,897,-0.73511,-0.57962,0.07042,1,10,0,FALLBACK,1.0000,0.100,1.0234,1,none
44.857,898,-0.75012,-0.60353,0.09356,1,10,0,FALLBACK,1.0000,0.100,1.0229,1,none
44.907,899,-0.59925,-0.65715,0.10276,1,10,0,FALLBACK,0.7419,0.100,1.0224,1,none
44.956,900,-0.67165,-0.72254,0.08137,1,10,0,FALLBACK,1.0000,0.100,1.0263,1,none
45.007,901,-0.72016,-0.76481,0.09928,1,10,0,FALLBACK,1.0000,0.100,1.0216,1,none
45.057,902,-0.73562,-0.63127,0.08590,1,10,0,FALLBACK,1.0000,0.100,1.0208,1,none
45.106,903,-0.72275,-0.61998,0.08422,1,10,0,FALLBACK,1.0000,0.100,1.0203,1,none
45.156,904,-0.50783,-0.68977,0.11068,1,10,0,FALLBACK,-0.0355,0.100,1.0198,1,none
45.206,905,-0.57194,-0.70023,0.06218,1,10,0,FALLBACK,1.0000,0.100,1.0171,1,none
45.256,906,-0.62920,-0.65958,0.10032,1,10,0,FALLBACK,1.0000,0.100,0.9971,1,none
45.308,907,-0.63977,-0.71376,0.09941,1,10,0,FALLBACK,1.0000,0.100,0.9951,1,none
45.357,908,-0.62298,-0.61846,0.08593,1,10,0,FALLBACK,1.0000,0.100,0.9951,1,none
45.410,909,-0.57957,-0.64453,0.09030,1,10,0,FALLBACK,1.0000,0.100,0.9950,1,none
45.458,910,-0.39916,-0.65049,0.14577,1,10,0,FALLBACK,-0.4063,0.100,0.9950,1,none
45.507,911,-0.43643,-0.66730,0.14657,1,10,0,FALLBACK,0.8686,0.100,0.9801,1,none
45.558,912,-0.48116,-0.56879,0.16554,1,10,0,FALLBACK,1.0000,0.100,0.9595,1,none
45.609,913,-0.47660,-0.28441,0.11429,1,10,0,FALLBACK,0.8602,0.100,0.9559,1,none
45.657,914,-0.44808,-0.32219,0.12664,1,10,0,FALLBACK,0.5978,0.100,0.9589,1,none
45.709,915,-0.24983,-0.33087,0.11011,1,10,0,FALLBACK,-1.0000,0.100,0.9636,1,none
45.758,916,-0.32553,-0.42086,0.16808,1,10,0,FALLBACK,0.5061,0.100,0.9318,1,none
45.807,917,-0.41999,-0.47562,0.11911,1,10,0,FALLBACK,1.0000,0.100,0.9145,1,none
45.860,918,-0.46358,-0.40020,0.15796,1,10,0,FALLBACK,1.0000,0.100,0.9061,1,none
45.908,919,-0.47535,-0.25179,0.11101,1,10,0,FALLBACK,0.9356,0.100,0.9071,1,none
45.961,920,-0.46675,-0.32531,0.13176,1,10,0,FALLBACK,0.7907,0.100,0.9097,1,none
46.010,921,-0.30625,-0.36078,0.12916,1,10,0,FALLBACK,-0.7712,0.100,0.9138,1,none
46.059,922,-0.38853,-0.46150,0.11557,1,10,0,FALLBACK,0.8541,0.100,0.8882,1,none
46.110,923,-0.48410,-0.43777,0.16446,1,10,0,FALLBACK,1.0000,0.100,0.8623,1,none
46.161,924,-0.52719,-0.36998,0.11170,1,10,0,FALLBACK,1.0000,0.100,0.8612,1,none
46.213,925,-0.54680,-0.32083,0.12106,1,10,0,FALLBACK,1.0000,0.100,0.8632,1,none
46.260,926,-0.54649,-0.31557,0.12047,1,10,0,FALLBACK,1.0000,0.100,0.8653,1,none
46.311,927,-0.37790,-0.44226,0.10244,1,10,0,FALLBACK,-0.4534,0.100,0.8673,1,none
46.361,928,-0.45541,-0.55839,0.09912,1,10,0,FALLBACK,1.0000,0.100,0.8509,1,none
46.413,929,-0.53936,-0.56221,0.13052,1,10,0,FALLBACK,1.0000,0.100,0.8265,1,none
46.458,930,-0.57630,-0.48367,0.14848,1,10,0,FALLBACK,1.0000,0.100,0.8288,1,none
46.510,931,-0.59431,-0.45304,0.10842,1,10,0,FALLBACK,1.0000,0.100,0.8315,1,none
46.561,932,-0.59381,-0.40060,0.11420,1,10,0,FALLBACK,1.0000,0.100,0.8340,1,none
46.609,933,-0.38991,-0.48677,0.08719,1,10,0,FALLBACK,-0.5700,0.100,0.8365,1,none
46.660,934,-0.46629,-0.52384,0.08289,1,10,0,FALLBACK,1.0000,0.100,0.8147,1,none
46.712,935,-0.55273,-0.62292,0.07324,1,10,0,FALLBACK,1.0000,0.100,0.7892,1,none
46.762,936,-0.59137,-0.77417,0.10925,1,10,0,FALLBACK,1.0000,0.100,0.7931,1,none
46.811,937,-0.61266,-0.78723,0.17689,1,10,0,FALLBACK,1.0000,0.100,0.7964,1,none
46.862,938,-0.61707,-0.75255,0.14982,1,10,0,FALLBACK,1.0000,0.100,0.7994,1,none
46.912,939,-0.60411,-0.74236,0.13068,1,10,0,FALLBACK,1.0000,0.100,0.8024,1,none
46.959,940,-0.57365,-0.62902,0.09386,1,10,0,FALLBACK,1.0000,0.100,0.8054,1,none
47.010,941,-0.52557,-0.61058,0.11256,1,10,0,FALLBACK,0.8875,0.100,0.8083,1,none
47.062,942,-0.46258,-0.60046,0.11104,1,10,0,FALLBACK,0.4980,0.100,0.8129,1,none
47.109,943,-0.39501,-0.50089,0.10925,1,10,0,FALLBACK,0.1372,0.100,0.8189,1,none
47.161,944,-0.33293,-0.41673,0.13358,1,10,0,FALLBACK,-0.1458,0.100,0.8239,1,none
47.213,945,-0.28030,-0.36842,0.16031,1,10,0,FALLBACK,-0.3617,0.100,0.8277,1,none
47.269,946,-0.23971,-0.36572,0.16155,1,10,0,FALLBACK,-0.5043,0.100,0.8308,1,none
47.310,947,-0.21021,-0.34435,0.18022,1,10,0,FALLBACK,-0.5964,0.100,0.8341,1,none
47.361,948,-0.19591,-0.37105,0.33018,0,10,0,FALLBACK,-0.5919,0.100,0.8370,1,none
47.411,949,-0.19464,-0.48884,0.37192,0,10,0,FALLBACK,-0.5332,0.100,0.8409,1,none
47.462,950,-0.20329,-0.62647,0.43239,0,10,0,FALLBACK,-0.4403,0.100,0.8452,1,none
47.511,951,-0.21923,-0.37395,0.25324,0,10,0,FALLBACK,-0.3242,0.100,0.8498,1,none
47.561,952,-0.23967,-0.27911,0.19587,0,10,0,FALLBACK,-0.1995,0.100,0.8545,1,none
47.611,953,-0.26185,-0.20872,0.17940,1,10,0,FALLBACK,-0.0798,0.100,0.8589,1,none
47.660,954,-0.28333,-0.23062,0.16275,1,10,0,FALLBACK,0.0241,0.100,0.8631,1,none
47.709,955,-0.30216,-0.35602,0.22480,0,10,0,FALLBACK,0.1050,0.100,0.8672,1,none
47.761,956,-0.31699,-0.46008,0.28184,0,10,0,FALLBACK,0.1591,0.100,0.8710,1,none
47.812,957,-0.32708,-0.46860,0.23611,0,10,0,FALLBACK,0.1858,0.100,0.8749,1,none
47.859,958,-0.33232,-0.62006,0.28596,0,10,0,FALLBACK,0.1878,0.100,0.8787,1,none
47.913,959,-0.33312,-0.83038,0.23486,0,10,0,FALLBACK,0.1696,0.100,0.8826,1,none
47.962,960,-0.33027,-0.75187,1.44468,0,10,0,FALLBACK,0.1371,0.100,0.8865,1,none
48.012,961,-0.32477,2.02244,1.59395,0,10,0,FALLBACK,0.0964,0.100,0.8905,1,none
48.063,962,-0.31773,3.20158,1.20760,0,10,0,FALLBACK,0.0534,0.100,0.8944,1,none
48.111,963,-0.31019,4.64449,1.35352,0,10,0,FALLBACK,0.0133,0.100,0.8982,1,none
48.161,964,-0.30307,4.39587,1.71016,0,10,0,FALLBACK,-0.0203,0.100,0.9020,1,none
48.212,965,-0.29706,4.43340,2.00331,0,10,0,FALLBACK,-0.0448,0.100,0.9057,1,none
48.260,966,-0.29260,3.96850,1.51327,0,10,0,FALLBACK,-0.0593,0.100,0.9094,1,none
48.309,967,-0.28988,4.20607,0.99668,0,10,0,FALLBACK,-0.0642,0.100,0.9130,1,none
48.360,968,-0.28887,4.05704,1.10984,0,10,0,FALLBACK,-0.0607,0.100,0.9166,1,none
48.412,969,-0.28934,2.47259,0.73601,0,10,0,FALLBACK,-0.0510,0.100,0.9202,1,none
48.462,970,-0.29093,0.10263,0.14325,1,10,0,FALLBACK,-0.0373,0.100,0.9238,1,none
48.512,971,-0.29325,-0.23055,0.08157,1,10,0,FALLBACK,-0.0222,0.100,0.9273,1,none
48.563,972,-0.29588,-0.29141,0.07107,1,10,0,FALLBACK,-0.0075,0.100,0.9307,1,none
48.617,973,-0.29844,-0.27547,0.09774,1,10,0,FALLBACK,0.0050,0.100,0.9342,1,none
48.662,974,-0.30085,-0.35730,0.12991,1,10,0,FALLBACK,0.0163,0.100,0.9376,1,none
48.713,975,-0.30261,-0.37379,0.12196,1,10,0,FALLBACK,0.0218,0.100,0.9409,1,none
48.764,976,-0.30362,-0.29240,0.15140,1,10,0,FALLBACK,0.0231,0.100,0.9443,1,none
48.813,977,-0.30396,-0.34844,0.14214,1,10,0,FALLBACK,0.0215,0.100,0.9476,1,none
48.863,978,-0.30374,-0.37554,0.14709,1,10,0,FALLBACK,0.0176,0.100,0.9508,1,none
48.913,979,-0.30308,-0.37070,0.17666,1,10,0,FALLBACK,0.0122,0.100,0.9541,1,none
48.965,980,-0.30217,-0.36874,0.14733,1,10,0,FALLBACK,0.0063,0.100,0.9573,1,none
49.013,981,-0.30116,-0.33264,0.15922,1,10,0,FALLBACK,0.0008,0.100,0.9604,1,none
49.065,982,-0.30021,-0.38863,0.15205,1,10,0,FALLBACK,-0.0037,0.100,0.9636,1,none
49.115,983,-0.29942,-0.39045,0.14806,1,10,0,FALLBACK,-0.0068,0.100,0.9667,1,none
49.163,984,-0.29886,-0.38594,0.16414,1,10,0,FALLBACK,-0.0085,0.100,0.9697,1,none
49.214,985,-0.29856,-0.35469,0.14100,1,10,0,FALLBACK,-0.0087,0.100,0.9728,1,none
49.263,986,-0.29850,-0.42887,0.13649,1,10,0,FALLBACK,-0.0078,0.100,0.9758,1,none
49.313,987,-0.29867,-0.42068,0.12130,1,10,0,FALLBACK,-0.0059,0.100,0.9788,1,none
49.362,988,-0.29901,-0.31685,0.11124,1,10,0,FALLBACK,-0.0033,0.100,0.9817,1,none
49.413,989,-0.29945,-0.32748,0.11214,1,10,0,FALLBACK,-0.0006,0.100,0.9846,1,none
49.465,990,-0.29990,-0.28991,0.11241,1,10,0,FALLBACK,0.0017,0.100,0.9875,1,none
49.515,991,-0.30025,-0.11813,0.08010,1,10,0,FALLBACK,0.0030,0.100,0.9904,1,none
49.563,992,-0.30047,-0.06220,0.06931,1,10,0,FALLBACK,0.0035,0.100,0.9932,1,none
49.616,993,-0.30057,-0.18713,0.09077,1,10,0,FALLBACK,0.0034,0.100,0.9960,1,none
49.666,994,-0.30056,-0.17486,0.09793,1,10,0,FALLBACK,0.0027,0.100,0.9988,1,none
49.716,995,-0.19208,-0.28570,0.12391,1,10,0,FALLBACK,-1.0000,0.100,1.0015,1,none
49.765,996,-0.28148,-0.38634,0.14290,1,10,0,FALLBACK,0.3544,0.100,0.9846,1,none
49.814,997,-0.39878,-0.43895,0.11848,1,10,0,FALLBACK,1.0000,0.100,0.9712,1,none
49.865,998,-0.46801,-0.35569,0.11204,1,10,0,FALLBACK,1.0000,0.100,0.9568,1,none
49.917,999,-0.49494,-0.33584,0.10990,1,10,0,FALLBACK,1.0000,0.100,0.9546,1,none
49.968,1000,-0.49685,-0.38408,0.11316,1,10,0,FALLBACK,0.9938,0.100,0.9553,1,none
50.018,1001,-0.40712,-0.36585,0.13033,1,10,0,FALLBACK,0.0869,0.100,0.9560,1,none
50.066,1002,-0.44785,-0.31968,0.12094,1,10,0,FALLBACK,0.9429,0.100,0.9575,1,none
50.117,1003,-0.49284,-0.31107,0.11036,1,10,0,FALLBACK,1.0000,0.100,0.9452,1,none
50.169,1004,-0.49500,-0.33848,0.11841,1,10,0,FALLBACK,0.9859,0.100,0.9420,1,none
50.217,1005,-0.47116,-0.33131,0.10523,1,10,0,FALLBACK,0.7365,0.100,0.9429,1,none
50.268,1006,-0.32352,-0.31052,0.11293,1,10,0,FALLBACK,-0.6206,0.100,0.9471,1,none
50.319,1007,-0.35667,-0.35586,0.11364,1,10,0,FALLBACK,0.4492,0.100,0.9339,1,none
50.367,1008,-0.41818,-0.32665,0.12689,1,10,0,FALLBACK,0.8984,0.100,0.9234,1,none
50.416,1009,-0.44012,-0.25045,0.09957,1,10,0,FALLBACK,0.8103,0.100,0.9158,1,none
50.467,1010,-0.43163,-0.29910,0.10795,1,10,0,FALLBACK,0.6157,0.100,0.9175,1,none
50.517,1011,-0.40966,-0.30153,0.11396,1,10,0,FALLBACK,0.4384,0.100,0.9219,1,none
50.569,1012,-0.30267,-0.32858,0.12220,1,10,0,FALLBACK,-0.5216,0.100,0.9264,1,none
50.618,1013,-0.35204,-0.34986,0.13174,1,10,0,FALLBACK,0.5071,0.100,0.9202,1,none
50.670,1014,-0.41869,-0.32060,0.12972,1,10,0,FALLBACK,0.9267,0.100,0.9112,1,none
50.717,1015,-0.45104,-0.30063,0.12020,1,10,0,FALLBACK,0.9169,0.100,0.9074,1,none
50.767,1016,-0.45133,-0.33773,0.11868,1,10,0,FALLBACK,0.7581,0.100,0.9056,1,none
50.818,1017,-0.30478,-0.36499,0.11109,1,10,0,FALLBACK,-0.7088,0.100,0.9096,1,none
50.867,1018,-0.35751,-0.38224,0.12827,1,10,0,FALLBACK,0.5512,0.100,0.8950,1,none
50.919,1019,-0.43950,-0.42845,0.13555,1,10,0,FALLBACK,1.0000,0.100,0.8796,1,none
50.968,1020,-0.47661,-0.38577,0.12378,1,10,0,FALLBACK,1.0000,0.100,0.8705,1,none
51.019,1021,-0.48155,-0.33690,0.12765,1,10,0,FALLBACK,0.9325,0.100,0.8711,1,none
51.068,1022,-0.46711,-0.38140,0.12249,1,10,0,FALLBACK,0.7634,0.100,0.8742,1,none
51.121,1023,-0.31421,-0.39382,0.13910,1,10,0,FALLBACK,-0.6934,0.100,0.8787,1,none
51.169,1024,-0.35538,-0.43878,0.14617,1,10,0,FALLBACK,0.4828,0.100,0.8653,1,none
51.218,1025,-0.42589,-0.45421,0.13639,1,10,0,FALLBACK,0.9820,0.100,0.8529,1,none
51.269,1026,-0.45464,-0.37924,0.14361,1,10,0,FALLBACK,0.9169,0.100,0.8441,1,none
51.319,1027,-0.45225,-0.29531,0.11626,1,10,0,FALLBACK,0.7494,0.100,0.8457,1,none
51.370,1028,-0.43649,-0.28821,0.11689,1,10,0,FALLBACK,0.6036,0.100,0.8509,1,none
51.420,1029,-0.28202,-0.25621,0.10755,1,10,0,FALLBACK,-0.8623,0.100,0.8558,1,none
51.471,1030,-0.32931,-0.32165,0.10051,1,10,0,FALLBACK,0.3830,0.100,0.8402,1,none
51.519,1031,-0.40756,-0.37734,0.13436,1,10,0,FALLBACK,0.9291,0.100,0.8281,1,none
51.570,1032,-0.44450,-0.27828,0.11739,1,10,0,FALLBACK,0.9072,0.100,0.8192,1,none
51.618,1033,-0.45186,-0.19180,0.09084,1,10,0,FALLBACK,0.7961,0.100,0.8211,1,none
51.669,1034,-0.44507,-0.23793,0.08692,1,10,0,FALLBACK,0.6914,0.100,0.8258,1,none
51.718,1035,-0.42764,-0.28903,0.12042,1,10,0,FALLBACK,0.5510,0.100,0.8305,1,none
51.771,1036,-0.31664,-0.28588,0.09628,1,10,0,FALLBACK,-0.4718,0.100,0.8356,1,none
51.819,1037,-0.36101,-0.35380,0.09501,1,10,0,FALLBACK,0.5269,0.100,0.8318,1,none
51.869,1038,-0.42184,-0.43897,0.09154,1,10,0,FALLBACK,0.9134,0.100,0.8243,1,none
51.920,1039,-0.44512,-0.44985,0.08901,1,10,0,FALLBACK,0.8420,0.100,0.8190,1,none
51.971,1040,-0.44336,-0.39232,0.08586,1,10,0,FALLBACK,0.7080,0.100,0.8220,1,none
52.023,1041,-0.42830,-0.37078,0.10939,1,10,0,FALLBACK,0.5662,0.100,0.8266,1,none
52.070,1042,-0.40342,-0.48545,0.12104,1,10,0,FALLBACK,0.3927,0.100,0.8310,1,none
52.121,1043,-0.37057,-0.45496,0.12031,1,10,0,FALLBACK,0.1886,0.100,0.8362,1,none
52.171,1044,-0.33406,-0.36588,0.11459,1,10,0,FALLBACK,-0.0122,0.100,0.8413,1,none
52.219,1045,-0.29844,-0.30073,0.10498,1,10,0,FALLBACK,-0.1859,0.100,0.8461,1,none
52.271,1046,-0.27063,-0.26505,0.08306,1,10,0,FALLBACK,-0.2859,0.100,0.8496,1,none
52.323,1047,-0.25324,-0.20664,0.08733,1,10,0,FALLBACK,-0.3207,0.100,0.8532,1,none
52.372,1048,-0.24410,-0.28460,0.08905,1,10,0,FALLBACK,-0.3252,0.100,0.8570,1,none
52.421,1049,-0.24223,-0.26880,0.10109,1,10,0,FALLBACK,-0.2982,0.100,0.8610,1,none
52.453,1050,-0.24671,-0.18935,0.07344,1,10,0,FALLBACK,-0.2440,0.100,0.8652,1,none
52.503,1051,-0.25552,-0.18777,0.07664,1,10,0,FALLBACK,-0.1784,0.100,0.8694,1,none
52.553,1052,-0.26701,-0.20641,0.09365,1,10,0,FALLBACK,-0.1076,0.100,0.8735,1,none
52.603,1053,-0.27955,-0.23738,0.08683,1,10,0,FALLBACK,-0.0395,0.100,0.8776,1,none
52.654,1054,-0.29167,-0.23348,0.10508,1,10,0,FALLBACK,0.0189,0.100,0.8816,1,none
52.707,1055,-0.30220,-0.25851,0.10017,1,10,0,FALLBACK,0.0636,0.100,0.8855,1,none
52.757,1056,-0.31035,-0.26723,0.10244,1,10,0,FALLBACK,0.0925,0.100,0.8893,1,none
52.805,1057,-0.31573,-0.23286,0.07786,1,10,0,FALLBACK,0.1056,0.100,0.8931,1,none
52.857,1058,-0.31830,-0.31866,0.09766,1,10,0,FALLBACK,0.1043,0.100,0.8969,1,none
52.908,1059,-0.31834,-0.28122,0.08361,1,10,0,FALLBACK,0.0919,0.100,0.9006,1,none
52.956,1060,-0.31633,-0.27043,0.08307,1,10,0,FALLBACK,0.0716,0.100,0.9044,1,none
53.010,1061,-0.31291,-0.28205,0.08274,1,10,0,FALLBACK,0.0474,0.100,0.9081,1,none
53.058,1062,-0.30873,-0.26151,0.09395,1,10,0,FALLBACK,0.0228,0.100,0.9118,1,none
53.108,1063,-0.30441,-0.28056,0.09178,1,10,0,FALLBACK,0.0004,0.100,0.9154,1,none
53.157,1064,-0.30046,-0.22005,0.08573,1,10,0,FALLBACK,-0.0174,0.100,0.9190,1,none
53.207,1065,-0.29728,-0.25246,0.06351,1,10,0,FALLBACK,-0.0296,0.100,0.9226,1,none
53.257,1066,-0.29506,-0.23643,0.09660,1,10,0,FALLBACK,-0.0358,0.100,0.9261,1,none
53.306,1067,-0.29387,-0.22174,0.07276,1,10,0,FALLBACK,-0.0366,0.100,0.9296,1,none
53.357,1068,-0.29365,-0.22989,0.07287,1,10,0,FALLBACK,-0.0329,0.100,0.9330,1,none
53.409,1069,-0.29422,-0.31860,0.09678,1,10,0,FALLBACK,-0.0260,0.100,0.9364,1,none
53.457,1070,-0.29536,-0.37640,0.10864,1,10,0,FALLBACK,-0.0175,0.100,0.9398,1,none
53.507,1071,-0.29682,-0.33183,0.08997,1,10,0,FALLBACK,-0.0086,0.100,0.9432,1,none
53.556,1072,-0.29836,-0.34717,0.07747,1,10,0,FALLBACK,-0.0006,0.100,0.9465,1,none
53.607,1073,-0.29976,-0.37742,0.11341,1,10,0,FALLBACK,0.0058,0.100,0.9497,1,none
53.658,1074,-0.30095,-0.29037,0.06866,1,10,0,FALLBACK,0.0107,0.100,0.9530,1,none
53.709,1075,-0.30175,-0.26059,0.08066,1,10,0,FALLBACK,0.0127,0.100,0.9562,1,none
53.761,1076,-0.30213,-0.34305,0.09906,1,10,0,FALLBACK,0.0126,0.100,0.9594,1,none
53.807,1077,-0.30216,-0.32368,0.10699,1,10,0,FALLBACK,0.0109,0.100,0.9625,1,none
53.858,1078,-0.30188,-0.36376,0.10641,1,10,0,FALLBACK,0.0081,0.100,0.9656,1,none
53.910,1079,-0.30142,-0.31985,0.10545,1,10,0,FALLBACK,0.0048,0.100,0.9687,1,none
53.957,1080,-0.30085,-0.22627,0.08108,1,10,0,FALLBACK,0.0014,0.100,0.9718,1,none
54.008,1081,-0.30029,-0.30676,0.09949,1,10,0,FALLBACK,-0.0014,0.100,0.9748,1,none
54.058,1082,-0.29979,-0.31744,0.08740,1,10,0,FALLBACK,-0.0035,0.100,0.9778,1,none
54.111,1083,-0.29942,-0.26747,0.04788,1,10,0,FALLBACK,-0.0047,0.100,0.9807,1,none
54.161,1084,-0.29919,-0.20657,0.05655,1,10,0,FALLBACK,-0.0052,0.100,0.9837,1,none
54.207,1085,-0.29912,-0.17005,0.06672,1,10,0,FALLBACK,-0.0048,0.100,0.9866,1,none
54.260,1086,-0.29917,-0.16187,0.08557,1,10,0,FALLBACK,-0.0039,0.100,0.9894,1,none
54.311,1087,-0.29931,-0.17105,0.08268,1,10,0,FALLBACK,-0.0028,0.100,0.9923,1,none
54.359,1088,-0.29950,-0.23442,0.09334,1,10,0,FALLBACK,-0.0015,0.100,0.9951,1,none
54.409,1089,-0.29972,-0.25651,0.09720,1,10,0,FALLBACK,-0.0004,0.100,0.9979,1,none
54.459,1090,-0.29992,-0.19924,0.09043,1,10,0,FALLBACK,0.0006,0.100,1.0006,1,none
54.509,1091,-0.30008,-0.15126,0.07536,1,10,0,FALLBACK,0.0012,0.100,1.0033,1,none
54.560,1092,-0.30018,-0.13691,0.07110,1,10,0,FALLBACK,0.0014,0.100,1.0060,1,none
54.611,1093,-0.30023,-0.14720,0.06579,1,10,0,FALLBACK,0.0014,0.100,1.0087,1,none
54.661,1094,-0.30022,-0.19552,0.09081,1,10,0,FALLBACK,0.0010,0.100,1.0114,1,none
54.711,1095,-0.30017,-0.13970,0.07176,1,10,0,FALLBACK,0.0006,0.100,1.0140,1,none
54.761,1096,-0.28031,-0.19544,0.07450,1,10,0,FALLBACK,-0.1978,0.100,1.0166,1,none
54.810,1097,-0.30689,-0.24554,0.11660,1,10,0,FALLBACK,0.1674,0.100,1.0183,1,none
54.860,1098,-0.33214,-0.29442,0.12573,1,10,0,FALLBACK,0.2870,0.100,1.0191,1,none
54.912,1099,-0.34386,-0.21072,0.08923,1,10,0,FALLBACK,0.2779,0.100,1.0206,1,none
54.960,1100,-0.34556,-0.18649,0.07732,1,10,0,FALLBACK,0.2363,0.100,1.0229,1,none
55.011,1101,-0.34043,-0.28810,0.09504,1,10,0,FALLBACK,0.1765,0.100,1.0255,1,none
55.060,1102,-0.32958,-0.25088,0.07158,1,10,0,FALLBACK,0.0936,0.100,1.0280,1,none
55.112,1103,-0.31685,-0.16994,0.09341,1,10,0,FALLBACK,0.0206,0.100,1.0306,1,none
55.161,1104,-0.30337,-0.14246,0.09952,1,10,0,FALLBACK,-0.0506,0.100,1.0330,1,none
55.211,1105,-0.29251,-0.11414,0.07752,1,10,0,FALLBACK,-0.0918,0.100,1.0354,1,none
55.263,1106,-0.28544,-0.14919,0.07898,1,10,0,FALLBACK,-0.1081,0.100,1.0377,1,none
55.313,1107,-0.28186,-0.22287,0.07752,1,10,0,FALLBACK,-0.1086,0.100,1.0400,1,none
55.361,1108,-0.28183,-0.22745,0.07782,1,10,0,FALLBACK,-0.0910,0.100,1.0423,1,none
55.412,1109,-0.28466,-0.13135,0.06613,1,10,0,FALLBACK,-0.0626,0.100,1.0446,1,none
55.463,1110,-0.28975,-0.20725,0.09873,1,10,0,FALLBACK,-0.0258,0.100,1.0468,1,none
55.511,1111,-0.29620,-0.24600,0.08646,1,10,0,FALLBACK,0.0132,0.100,1.0491,1,none
55.561,1112,-0.30282,-0.22730,0.09411,1,10,0,FALLBACK,0.0472,0.100,1.0513,1,none
55.611,1113,-0.30797,-0.32883,0.14078,1,10,0,FALLBACK,0.0656,0.100,1.0535,1,none
55.661,1114,-0.31120,-0.28872,0.11411,1,10,0,FALLBACK,0.0722,0.100,1.0556,1,none
55.713,1115,-0.31158,-0.18412,0.08706,1,10,0,FALLBACK,0.0598,0.100,1.0577,1,none
55.762,1116,-0.30986,-0.18812,0.08364,1,10,0,FALLBACK,0.0408,0.100,1.0599,1,none
55.813,1117,-0.30695,-0.31719,0.09128,1,10,0,FALLBACK,0.0201,0.100,1.0620,1,none
55.860,1118,-0.30319,-0.28241,0.07461,1,10,0,FALLBACK,-0.0028,0.100,1.0641,1,none
55.912,1119,-0.29974,-0.25605,0.09219,1,10,0,FALLBACK,-0.0185,0.100,1.0662,1,none
55.960,1120,-0.29715,-0.35588,0.10694,1,10,0,FALLBACK,-0.0272,0.100,1.0683,1,none
56.012,1121,-0.29559,-0.41342,0.12936,1,10,0,FALLBACK,-0.0298,0.100,1.0703,1,none
56.061,1122,-0.29508,-0.37333,0.09915,1,10,0,FALLBACK,-0.0272,0.100,1.0723,1,none
56.111,1123,-0.29549,-0.29599,0.09465,1,10,0,FALLBACK,-0.0205,0.100,1.0743,1,none
56.163,1124,-0.29654,-0.28834,0.08895,1,10,0,FALLBACK,-0.0120,0.100,1.0763,1,none
56.212,1125,-0.29793,-0.34108,0.09577,1,10,0,FALLBACK,-0.0034,0.100,1.0783,1,none
56.262,1126,-0.29936,-0.30074,0.08299,1,10,0,FALLBACK,0.0039,0.100,1.0802,1,none
56.312,1127,-0.30057,-0.28694,0.11110,1,10,0,FALLBACK,0.0089,0.100,1.0821,1,none
56.362,1128,-0.30142,-0.31221,0.11008,1,10,0,FALLBACK,0.0114,0.100,1.0840,1,none
56.415,1129,-0.30184,-0.29603,0.12207,1,10,0,FALLBACK,0.0113,0.100,1.0859,1,none
56.462,1130,-0.30183,-0.28274,0.11682,1,10,0,FALLBACK,0.0091,0.100,1.0878,1,none
56.513,1131,-0.30150,-0.32900,0.09044,1,10,0,FALLBACK,0.0059,0.100,1.0896,1,none
56.566,1132,-0.30097,-0.30630,0.06238,1,10,0,FALLBACK,0.0022,0.100,1.0914,1,none
56.612,1133,-0.30038,-0.19473,0.08439,1,10,0,FALLBACK,-0.0010,0.100,1.0932,1,none
56.662,1134,-0.29985,-0.26228,0.10850,1,10,0,FALLBACK,-0.0034,0.100,1.0950,1,none
56.712,1135,-0.29944,-0.25251,0.16752,1,10,0,FALLBACK,-0.0048,0.100,1.0968,1,none
56.763,1136,-0.29921,-0.32683,0.12936,1,10,0,FALLBACK,-0.0051,0.100,1.0985,1,none
56.813,1137,-0.29915,-0.39226,0.18773,1,10,0,FALLBACK,-0.0045,0.100,1.1003,1,none
56.865,1138,-0.29925,-0.29276,0.13915,1,10,0,FALLBACK,-0.0033,0.100,1.1020,1,none
56.915,1139,-0.29944,-0.43419,0.31025,0,10,0,FALLBACK,-0.0018,0.100,1.1037,1,none
56.965,1140,-0.29968,-0.13917,0.18098,1,10,0,FALLBACK,-0.0004,0.100,1.1054,1,none
57.012,1141,-0.29992,-0.19335,0.27954,0,10,0,FALLBACK,0.0008,0.100,1.1070,1,none
57.062,1142,-0.30013,-0.14711,0.14643,1,10,0,FALLBACK,0.0016,0.100,1.1087,1,none
57.114,1143,-0.30026,-0.44686,0.62940,0,10,0,FALLBACK,0.0019,0.100,1.1103,1,none
57.163,1144,-0.30030,-0.09605,0.38890,0,10,0,FALLBACK,0.0017,0.100,1.1119,1,none
57.215,1145,-0.30026,-0.49149,0.23708,0,10,0,FALLBACK,0.0011,0.100,1.1135,1,none
57.263,1146,-0.30018,-0.77332,0.17345,1,10,0,FALLBACK,0.0005,0.100,1.1151,1,none
57.314,1147,-0.30008,-0.45666,0.09823,1,10,0,FALLBACK,-0.0001,0.100,1.1310,2,none
57.364,1148,-0.26221,-0.45936,0.11624,1,10,0,FALLBACK,-0.3783,0.100,1.1179,2,none
57.413,1149,-0.37880,-0.40500,0.07791,1,10,0,FALLBACK,0.9770,0.100,1.1125,2,none
57.467,1150,-0.49847,-0.46935,0.07304,1,10,0,FALLBACK,1.0000,0.100,1.0923,2,none
57.517,1151,-0.49103,-0.50729,0.10514,1,10,0,FALLBACK,0.9180,0.100,1.0794,2,none
57.564,1152,-0.40660,-0.35467,0.12863,1,10,0,FALLBACK,0.1109,0.100,1.0791,2,none
57.615,1153,-0.30920,-0.30736,0.11735,1,10,0,FALLBACK,-0.4410,0.100,1.0763,2,none
57.665,1154,-0.23508,-0.29815,0.11316,1,10,0,FALLBACK,-0.6952,0.100,1.0752,2,none
57.717,1155,-0.19162,-0.21491,0.10247,1,10,0,FALLBACK,-0.7592,0.100,1.0712,2,none
57.767,1156,-0.17676,-0.14817,0.07285,1,10,0,FALLBACK,-0.6905,0.100,1.0701,2,none
57.816,1157,-0.18670,-0.12749,0.06358,1,10,0,FALLBACK,-0.5169,0.100,1.0709,2,none
57.866,1158,-0.21377,-0.14968,0.07942,1,10,0,FALLBACK,-0.2958,0.100,1.0735,2,none
57.917,1159,-0.24958,-0.23396,0.09974,1,10,0,FALLBACK,-0.0731,0.100,1.0762,2,none
57.966,1160,-0.28650,-0.29539,0.09447,1,10,0,FALLBACK,0.1171,0.100,1.0784,2,none
58.014,1161,-0.31816,-0.31678,0.11541,1,10,0,FALLBACK,0.2492,0.100,1.0797,2,none
58.064,1162,-0.34013,-0.30572,0.11280,1,10,0,FALLBACK,0.3104,0.100,1.0807,2,none
58.116,1163,-0.35037,-0.23247,0.11049,1,10,0,FALLBACK,0.3031,0.100,1.0818,2,none
58.167,1164,-0.34941,-0.35079,0.11927,1,10,0,FALLBACK,0.2423,0.100,1.0834,2,none
58.216,1165,-0.33971,-0.30741,0.10339,1,10,0,FALLBACK,0.1500,0.100,1.0853,2,none
58.265,1166,-0.32475,-0.34261,0.07376,1,10,0,FALLBACK,0.0490,0.100,1.0873,2,none
58.316,1167,-0.30825,-0.27933,0.08171,1,10,0,FALLBACK,-0.0412,0.100,1.0893,2,none
58.364,1168,-0.29349,-0.25616,0.09201,1,10,0,FALLBACK,-0.1064,0.100,1.0911,2,none
58.417,1169,-0.28279,-0.27690,0.10049,1,10,0,FALLBACK,-0.1396,0.100,1.0927,2,none
58.466,1170,-0.27736,-0.28036,0.10216,1,10,0,FALLBACK,-0.1403,0.100,1.0944,2,none
58.517,1171,-0.27719,-0.24011,0.08642,1,10,0,FALLBACK,-0.1149,0.100,1.0961,2,none
58.566,1172,-0.28131,-0.19833,0.08177,1,10,0,FALLBACK,-0.0728,0.100,1.0978,2,none
58.615,1173,-0.28848,-0.19879,0.09481,1,10,0,FALLBACK,-0.0218,0.100,1.0996,2,none
58.669,1174,-0.29652,-0.16141,0.08160,1,10,0,FALLBACK,0.0228,0.100,1.1013,2,none
58.716,1175,-0.30360,-0.18499,0.09076,1,10,0,FALLBACK,0.0534,0.100,1.1030,2,none
58.765,1176,-0.30862,-0.21782,0.07982,1,10,0,FALLBACK,0.0682,0.100,1.1046,2,none
58.818,1177,-0.31105,-0.32767,0.09582,1,10,0,FALLBACK,0.0674,0.100,1.1062,2,none
58.868,1178,-0.31089,-0.21252,0.08622,1,10,0,FALLBACK,0.0536,0.100,1.1078,2,none
58.919,1179,-0.30846,-0.22226,0.07919,1,10,0,FALLBACK,0.0302,0.100,1.1095,2,none
58.968,1180,-0.30443,-0.26540,0.08545,1,10,0,FALLBACK,0.0020,0.100,1.1111,2,none
59.017,1181,-0.29972,-0.25454,0.09445,1,10,0,FALLBACK,-0.0249,0.100,1.1127,2,none
59.067,1182,-0.29520,-0.39781,0.11463,1,10,0,FALLBACK,-0.0466,0.100,1.1143,2,none
59.119,1183,-0.29247,-0.25380,0.08353,1,10,0,FALLBACK,-0.0513,0.100,1.1159,2,none
59.170,1184,-0.29189,-0.28455,0.10017,1,10,0,FALLBACK,-0.0434,0.100,1.1174,2,none
59.218,1185,-0.29305,-0.21469,0.08276,1,10,0,FALLBACK,-0.0290,0.100,1.1189,2,none
59.267,1186,-0.29535,-0.29708,0.10956,1,10,0,FALLBACK,-0.0118,0.100,1.1205,2,none
59.319,1187,-0.29811,-0.31471,0.10438,1,10,0,FALLBACK,0.0044,0.100,1.1220,2,none
59.368,1188,-0.30074,-0.22632,0.11264,1,10,0,FALLBACK,0.0169,0.100,1.1235,2,none
59.418,1189,-0.30273,-0.28820,0.10000,1,10,0,FALLBACK,0.0236,0.100,1.1249,2,none
59.470,1190,-0.30382,-0.29434,0.10082,1,10,0,FALLBACK,0.0245,0.100,1.1264,2,none
59.520,1191,-0.30392,-0.21536,0.09671,1,10,0,FALLBACK,0.0202,0.100,1.1278,2,none
59.554,1192,-0.30321,-0.14780,0.08969,1,10,0,FALLBACK,0.0125,0.100,1.1292,2,none
59.603,1193,-0.30204,-0.19333,0.09998,1,10,0,FALLBACK,0.0043,0.100,1.1307,2,none
59.655,1194,-0.30073,-0.15825,0.10256,1,10,0,FALLBACK,-0.0029,0.100,1.1321,2,none
59.708,1195,-0.29956,-0.17379,0.09025,1,10,0,FALLBACK,-0.0080,0.100,1.1335,2,none
59.757,1196,-0.29866,0.00288,0.08009,1,10,0,FALLBACK,-0.0112,0.100,1.1348,2,none
59.806,1197,-0.29820,0.05327,0.09248,1,10,0,FALLBACK,-0.0113,0.100,1.1362,2,none
59.855,1198,-0.29818,-0.05555,0.09515,1,10,0,FALLBACK,-0.0092,0.100,1.1376,2,none
59.906,1199,-0.14513,-0.18466,0.09193,1,10,0,FALLBACK,-1.0000,0.100,1.1389,2,none
59.955,1200,-0.28940,-0.33456,0.09909,1,10,0,FALLBACK,0.6684,0.100,1.1152,2,none
60.005,1201,-0.44755,-0.36765,0.11373,1,10,0,FALLBACK,1.0000,0.100,1.0884,2,none
60.058,1202,-0.54375,-0.34320,0.10049,1,10,0,FALLBACK,1.0000,0.100,1.0739,2,none
60.107,1203,-0.59993,-0.34439,0.12105,1,10,0,FALLBACK,1.0000,0.100,1.0714,2,none
60.155,1204,-0.47262,-0.53891,0.12204,1,10,0,FALLBACK,0.2265,0.100,1.0700,2,none
60.206,1205,-0.60277,-0.67618,0.11542,1,10,0,FALLBACK,1.0000,0.100,1.0722,2,none
60.257,1206,-0.71744,-0.80650,0.10321,1,10,0,FALLBACK,1.0000,0.100,1.0565,2,none
60.307,1207,-0.78789,-0.74624,0.09303,1,10,0,FALLBACK,1.0000,0.100,1.0539,2,none
60.358,1208,-0.82804,-0.65138,0.06600,1,10,0,FALLBACK,1.0000,0.100,1.0528,2,none
60.409,1209,-0.65673,-0.78658,0.07488,1,10,0,FALLBACK,0.9271,0.100,1.0518,2,none
60.459,1210,-0.75193,-0.84478,0.09216,1,10,0,FALLBACK,1.0000,0.100,1.0524,2,none
60.509,1211,-0.81897,-0.82785,0.10222,1,10,0,FALLBACK,1.0000,0.100,1.0503,2,none
60.559,1212,-0.85489,-0.69412,0.06451,1,10,0,FALLBACK,1.0000,0.100,1.0492,2,none
60.608,1213,-0.86097,-0.54702,0.10194,1,10,0,FALLBACK,1.0000,0.100,1.0482,2,none
60.659,1214,-0.83732,-0.62433,0.09521,1,10,0,FALLBACK,1.0000,0.100,1.0473,2,none
60.708,1215,-0.68151,-0.59373,0.11139,1,10,0,FALLBACK,1.0000,0.100,1.0464,2,none
60.759,1216,-0.71148,-0.57859,0.10437,1,10,0,FALLBACK,1.0000,0.100,1.0454,2,none
60.809,1217,-0.71184,-0.42811,0.11023,1,10,0,FALLBACK,1.0000,0.100,1.0446,2,none
60.860,1218,-0.68270,-0.31149,0.09410,1,10,0,FALLBACK,1.0000,0.100,1.0437,2,none
60.909,1219,-0.62425,-0.34546,0.12413,1,10,0,FALLBACK,1.0000,0.100,1.0428,2,none
60.958,1220,-0.40822,-0.32306,0.12295,1,10,0,FALLBACK,-0.5390,0.100,1.0420,2,none
61.009,1221,-0.43460,-0.32548,0.13007,1,10,0,FALLBACK,0.8049,0.100,1.0214,2,none
61.062,1222,-0.47367,-0.31220,0.11686,1,10,0,FALLBACK,1.0000,0.100,1.0003,2,none
61.110,1223,-0.46108,-0.14800,0.10868,1,10,0,FALLBACK,0.7424,0.100,0.9944,2,none
61.160,1224,-0.42442,-0.21940,0.11789,1,10,0,FALLBACK,0.4388,0.100,0.9982,2,none
61.212,1225,-0.22458,-0.28009,0.11564,1,10,0,FALLBACK,-1.0000,0.100,1.0026,2,none
61.260,1226,-0.30766,-0.33690,0.13576,1,10,0,FALLBACK,0.4537,0.100,0.9729,2,none
61.309,1227,-0.40863,-0.44456,0.14445,1,10,0,FALLBACK,1.0000,0.100,0.9568,2,none
61.360,1228,-0.45791,-0.34829,0.11431,1,10,0,FALLBACK,1.0000,0.100,0.9456,2,none
61.410,1229,-0.47196,-0.28044,0.09815,1,10,0,FALLBACK,0.9301,0.100,0.9457,2,none
61.461,1230,-0.46383,-0.34869,0.09831,1,10,0,FALLBACK,0.7785,0.100,0.9479,2,none
61.509,1231,-0.32980,-0.46944,0.12388,1,10,0,FALLBACK,-0.5211,0.100,0.9516,2,none
61.560,1232,-0.41781,-0.50601,0.12033,1,10,0,FALLBACK,1.0000,0.100,0.9367,2,none
61.611,1233,-0.51106,-0.50662,0.14260,1,10,0,FALLBACK,1.0000,0.100,0.9077,2,none
61.660,1234,-0.55120,-0.40251,0.14582,1,10,0,FALLBACK,1.0000,0.100,0.9065,2,none
61.710,1235,-0.56789,-0.38432,0.13456,1,10,0,FALLBACK,1.0000,0.100,0.9078,2,none
61.759,1236,-0.56247,-0.44435,0.09446,1,10,0,FALLBACK,1.0000,0.100,0.9092,2,none
61.811,1237,-0.43985,-0.47353,0.09164,1,10,0,FALLBACK,0.0862,0.100,0.9106,2,none
61.862,1238,-0.51086,-0.58717,0.10165,1,10,0,FALLBACK,1.0000,0.100,0.9110,2,none
61.911,1239,-0.58919,-0.56821,0.10692,1,10,0,FALLBACK,1.0000,0.100,0.8993,2,none
61.963,1240,-0.62279,-0.38008,0.09598,1,10,0,FALLBACK,1.0000,0.100,0.8974,2,none
62.013,1241,-0.63208,-0.34779,0.10692,1,10,0,FALLBACK,1.0000,0.100,0.8988,2,none
62.063,1242,-0.42923,-0.40777,0.10819,1,10,0,FALLBACK,-0.3681,0.100,0.9004,2,none
62.112,1243,-0.49184,-0.43173,0.08521,1,10,0,FALLBACK,1.0000,0.100,0.9019,2,none
62.161,1244,-0.57495,-0.54563,0.09536,1,10,0,FALLBACK,1.0000,0.100,0.8916,2,none
62.213,1245,-0.64059,-0.57377,0.11288,1,10,0,FALLBACK,1.0000,0.100,0.8659,2,none
62.261,1246,-0.66646,-0.63585,0.12986,1,10,0,FALLBACK,1.0000,0.100,0.8664,2,none
62.313,1247,-0.67230,-0.60886,0.12748,1,10,0,FALLBACK,1.0000,0.100,0.8684,2,none
62.362,1248,-0.65779,-0.59060,0.05475,1,10,0,FALLBACK,1.0000,0.100,0.8704,2,none
62.413,1249,-0.62273,-0.64175,0.07678,1,10,0,FALLBACK,1.0000,0.100,0.8724,2,none
62.465,1250,-0.56710,-0.57794,0.12012,1,10,0,FALLBACK,1.0000,0.100,0.8744,2,none
62.515,1251,-0.49097,-0.54247,0.12499,1,10,0,FALLBACK,0.5742,0.100,0.8763,2,none
62.563,1252,-0.40512,-0.39976,0.09974,1,10,0,FALLBACK,0.0964,0.100,0.8822,2,none
62.613,1253,-0.32611,-0.31379,0.09373,1,10,0,FALLBACK,-0.2646,0.100,0.8860,2,none
62.665,1254,-0.26148,-0.26813,0.08303,1,10,0,FALLBACK,-0.5157,0.100,0.8880,2,none
62.714,1255,-0.21453,-0.24894,0.10255,1,10,0,FALLBACK,-0.6621,0.100,0.8892,2,none
62.763,1256,-0.18653,-0.23245,0.09756,1,10,0,FALLBACK,-0.7074,0.100,0.8907,2,none
62.814,1257,-0.17644,-0.11324,0.07970,1,10,0,FALLBACK,-0.6683,0.100,0.8931,2,none
62.864,1258,-0.18150,-0.16469,0.08107,1,10,0,FALLBACK,-0.5672,0.100,0.8965,2,none
62.915,1259,-0.19803,-0.21482,0.07756,1,10,0,FALLBACK,-0.4272,0.100,0.9006,2,none
62.962,1260,-0.22199,-0.19066,0.07002,1,10,0,FALLBACK,-0.2702,0.100,0.9048,2,none
63.014,1261,-0.25085,-0.35750,0.09700,1,10,0,FALLBACK,-0.1014,0.100,0.9089,2,none
63.063,1262,-0.28009,-0.38220,0.10375,1,10,0,FALLBACK,0.0466,0.100,0.9127,2,none
63.115,1263,-0.30592,-0.45759,0.10948,1,10,0,FALLBACK,0.1588,0.100,0.9162,2,none
63.165,1264,-0.32591,-0.39356,0.11720,1,10,0,FALLBACK,0.2295,0.100,0.9193,2,none
63.214,1265,-0.33878,-0.37504,0.10550,1,10,0,FALLBACK,0.2582,0.100,0.9224,2,none
63.263,1266,-0.34431,-0.33182,0.09465,1,10,0,FALLBACK,0.2492,0.100,0.9257,2,none
63.313,1267,-0.34323,-0.33048,0.09878,1,10,0,FALLBACK,0.2107,0.100,0.9291,2,none
63.367,1268,-0.33693,-0.26304,0.07531,1,10,0,FALLBACK,0.1531,0.100,0.9325,2,none
63.413,1269,-0.32718,-0.30823,0.10483,1,10,0,FALLBACK,0.0872,0.100,0.9361,2,none
63.466,1270,-0.31588,-0.24630,0.09584,1,10,0,FALLBACK,0.0229,0.100,0.9395,2,none
63.513,1271,-0.30474,-0.26286,0.09587,1,10,0,FALLBACK,-0.0320,0.100,0.9429,2,none
63.563,1272,-0.29514,-0.29245,0.10612,1,10,0,FALLBACK,-0.0723,0.100,0.9462,2,none
63.615,1273,-0.28805,-0.24253,0.10016,1,10,0,FALLBACK,-0.0952,0.100,0.9495,2,none
63.663,1274,-0.28392,-0.19667,0.09500,1,10,0,FALLBACK,-0.1011,0.100,0.9527,2,none
63.715,1275,-0.28273,-0.20084,0.08562,1,10,0,FALLBACK,-0.0923,0.100,0.9558,2,none
63.764,1276,-0.28410,-0.33349,0.11030,1,10,0,FALLBACK,-0.0727,0.100,0.9590,2,none
63.814,1277,-0.28735,-0.24223,0.11417,1,10,0,FALLBACK,-0.0469,0.100,0.9622,2,none
63.865,1278,-0.29169,-0.24750,0.10372,1,10,0,FALLBACK,-0.0198,0.100,0.9653,2,none
63.918,1279,-0.29632,-0.24472,0.11306,1,10,0,FALLBACK,0.0047,0.100,0.9684,2,none
63.967,1280,-0.30054,-0.23771,0.09329,1,10,0,FALLBACK,0.0238,0.100,0.9714,2,none
64.017,1281,-0.30386,-0.25251,0.09485,1,10,0,FALLBACK,0.0359,0.100,0.9744,2,none
64.068,1282,-0.30599,-0.25578,0.10769,1,10,0,FALLBACK,0.0406,0.100,0.9774,2,none
64.116,1283,-0.30682,-0.29306,0.10460,1,10,0,FALLBACK,0.0383,0.100,0.9803,2,none
64.168,1284,-0.30651,-0.24322,0.10165,1,10,0,FALLBACK,0.0310,0.100,0.9833,2,none
64.217,1285,-0.30531,-0.25449,0.10007,1,10,0,FALLBACK,0.0205,0.100,0.9862,2,none
64.266,1286,-0.30354,-0.26551,0.09950,1,10,0,FALLBACK,0.0089,0.100,0.9891,2,none
64.318,1287,-0.30161,-0.35211,0.08140,1,10,0,FALLBACK,-0.0016,0.100,0.9919,2,none
64.369,1288,-0.29980,-0.31745,0.09024,1,10,0,FALLBACK,-0.0101,0.100,0.9947,2,none
64.419,1289,-0.29829,-0.30239,0.09306,1,10,0,FALLBACK,-0.0161,0.100,0.9975,2,none
64.468,1290,-0.29732,-0.32516,0.11633,1,10,0,FALLBACK,-0.0183,0.100,1.0003,2,none
64.516,1291,-0.29694,-0.28831,0.09760,1,10,0,FALLBACK,-0.0171,0.100,1.0030,2,none
64.568,1292,-0.29709,-0.29137,0.09353,1,10,0,FALLBACK,-0.0138,0.100,1.0057,2,none
64.621,1293,-0.29765,-0.28841,0.11035,1,10,0,FALLBACK,-0.0090,0.100,1.0084,2,none
64.669,1294,-0.29845,-0.31070,0.10310,1,10,0,FALLBACK,-0.0038,0.100,1.0110,2,none
64.720,1295,-0.29932,-0.24846,0.10854,1,10,0,FALLBACK,0.0009,0.100,1.0137,2,none
64.773,1296,-0.30011,-0.26775,0.09974,1,10,0,FALLBACK,0.0046,0.100,1.0162,2,none
64.818,1297,-0.30078,-0.12412,0.09587,1,10,0,FALLBACK,0.0073,0.100,1.0188,2,none
64.870,1298,-0.30120,-0.03537,0.08595,1,10,0,FALLBACK,0.0081,0.100,1.0214,2,none
64.921,1299,-0.30133,-0.00466,0.07760,1,10,0,FALLBACK,0.0073,0.100,1.0239,2,none
64.970,1300,-0.30119,-0.13516,0.08281,1,10,0,FALLBACK,0.0053,0.100,1.0264,2,none
65.022,1301,-0.19869,-0.21222,0.09951,1,10,0,FALLBACK,-1.0000,0.100,1.0288,2,none
65.072,1302,-0.28304,-0.29388,0.09905,1,10,0,FALLBACK,0.3369,0.100,1.0112,2,none
65.123,1303,-0.39652,-0.41403,0.10995,1,10,0,FALLBACK,1.0000,0.100,0.9976,2,none
65.170,1304,-0.46238,-0.34072,0.08778,1,10,0,FALLBACK,1.0000,0.100,0.9825,2,none
65.219,1305,-0.48409,-0.31945,0.11193,1,10,0,FALLBACK,1.0000,0.100,0.9797,2,none
65.253,1306,-0.47930,-0.34658,0.11903,1,10,0,FALLBACK,0.8726,0.100,0.9799,2,none
65.303,1307,-0.40024,-0.40922,0.12088,1,10,0,FALLBACK,0.1059,0.100,0.9826,2,none
65.355,1308,-0.44193,-0.39387,0.10846,1,10,0,FALLBACK,0.9181,0.100,0.9841,2,none
65.405,1309,-0.47216,-0.31224,0.10867,1,10,0,FALLBACK,1.0000,0.100,0.9709,2,none
65.454,1310,-0.46269,-0.31245,0.09120,1,10,0,FALLBACK,0.7661,0.100,0.9693,2,none
65.505,1311,-0.42957,-0.33622,0.11040,1,10,0,FALLBACK,0.4823,0.100,0.9726,2,none
65.553,1312,-0.30835,-0.31654,0.11236,1,10,0,FALLBACK,-0.5644,0.100,0.9762,2,none
65.605,1313,-0.32481,-0.23585,0.10209,1,10,0,FALLBACK,0.2063,0.100,0.9765,2,none
65.656,1314,-0.37523,-0.20345,0.08238,1,10,0,FALLBACK,0.6283,0.100,0.9659,2,none
65.706,1315,-0.40295,-0.25805,0.09764,1,10,0,FALLBACK,0.6534,0.100,0.9596,2,none
65.755,1316,-0.40103,-0.39470,0.11384,1,10,0,FALLBACK,0.4955,0.100,0.9604,2,none
65.810,1317,-0.28837,-0.42101,0.11681,1,10,0,FALLBACK,-0.6215,0.100,0.9641,2,none
65.855,1318,-0.34584,-0.54916,0.13235,1,10,0,FALLBACK,0.5166,0.100,0.9532,2,none
65.907,1319,-0.41372,-0.50620,0.13214,1,10,0,FALLBACK,0.9080,0.100,0.9406,2,none
65.956,1320,-0.43931,-0.38989,0.12593,1,10,0,FALLBACK,0.8244,0.100,0.9348,2,none
66.005,1321,-0.43829,-0.47274,0.11572,1,10,0,FALLBACK,0.6863,0.100,0.9374,2,none
66.057,1322,-0.42283,-0.38277,0.13857,1,10,0,FALLBACK,0.5368,0.100,0.9413,2,none
66.108,1323,-0.33218,-0.46655,0.12142,1,10,0,FALLBACK,-0.2923,0.100,0.9454,2,none
66.158,1324,-0.38303,-0.50030,0.15193,1,10,0,FALLBACK,0.6694,0.100,0.9416,2,none
66.208,1325,-0.43053,-0.36339,0.17908,1,10,0,FALLBACK,0.8901,0.100,0.9304,2,none
66.258,1326,-0.43894,-0.35372,0.17397,1,10,0,FALLBACK,0.7368,0.100,0.9281,2,none
66.307,1327,-0.42656,-0.41481,0.13344,1,10,0,FALLBACK,0.5709,0.100,0.9318,2,none
66.359,1328,-0.30331,-0.50002,0.14769,1,10,0,FALLBACK,-0.5997,0.100,0.9361,2,none
66.407,1329,-0.36105,-0.42661,0.13413,1,10,0,FALLBACK,0.5939,0.100,0.9221,2,none
66.459,1330,-0.42543,-0.54399,0.17416,1,10,0,FALLBACK,0.9491,0.100,0.9086,2,none
66.511,1331,-0.44494,-0.42568,0.14027,1,10,0,FALLBACK,0.8222,0.100,0.9037,2,none
66.561,1332,-0.44028,-0.44242,0.11754,1,10,0,FALLBACK,0.6782,0.100,0.9072,2,none
66.609,1333,-0.42340,-0.48164,0.12790,1,10,0,FALLBACK,0.5325,0.100,0.9116,2,none
66.659,1334,-0.31681,-0.46910,0.09114,1,10,0,FALLBACK,-0.4489,0.100,0.9159,2,none
66.710,1335,-0.36821,-0.55084,0.11405,1,10,0,FALLBACK,0.5981,0.100,0.9080,2,none
66.761,1336,-0.42113,-0.60006,0.12734,1,10,0,FALLBACK,0.8702,0.100,0.8972,2,none
66.807,1337,-0.43487,-0.58884,0.14627,1,10,0,FALLBACK,0.7430,0.100,0.8951,2,none
66.859,1338,-0.42818,-0.50124,0.15340,1,10,0,FALLBACK,0.6075,0.100,0.8990,2,none
66.911,1339,-0.41093,-0.51801,0.17696,1,10,0,FALLBACK,0.4684,0.100,0.9034,2,none
66.961,1340,-0.38594,-0.43078,0.14259,1,10,0,FALLBACK,0.3047,0.100,0.9078,2,none
67.009,1341,-0.35671,-0.45488,0.15540,1,10,0,FALLBACK,0.1374,0.100,0.9120,2,none
67.062,1342,-0.32727,-0.39205,0.14980,1,10,0,FALLBACK,-0.0108,0.100,0.9160,2,none
67.112,1343,-0.30095,-0.43099,0.14110,1,10,0,FALLBACK,-0.1269,0.100,0.9195,2,none
67.161,1344,-0.28003,-0.35523,0.14218,1,10,0,FALLBACK,-0.2044,0.100,0.9228,2,none
67.213,1345,-0.26586,-0.35070,0.13525,1,10,0,FALLBACK,-0.2416,0.100,0.9260,2,none
67.260,1346,-0.25864,-0.33122,0.14147,1,10,0,FALLBACK,-0.2429,0.100,0.9292,2,none
67.310,1347,-0.25781,-0.48009,0.16490,1,10,0,FALLBACK,-0.2151,0.100,0.9325,2,none
67.361,1348,-0.26215,-0.46861,0.14315,1,10,0,FALLBACK,-0.1676,0.100,0.9360,2,none
67.411,1349,-0.27008,-0.42174,0.14536,1,10,0,FALLBACK,-0.1099,0.100,0.9394,2,none
67.462,1350,-0.27994,-0.52039,0.10725,1,10,0,FALLBACK,-0.0510,0.100,0.9428,2,none
67.511,1351,-0.31165,-0.58120,0.13826,1,10,0,FALLBACK,0.2168,0.100,0.9462,2,none
67.562,1352,-0.28202,-0.49702,0.14436,1,10,0,FALLBACK,-0.2380,0.100,0.9480,2,none
67.613,1353,-0.25510,-0.46518,0.11246,1,10,0,FALLBACK,-0.3592,0.100,0.9486,2,none
67.661,1354,-0.24422,-0.52314,0.12216,1,10,0,FALLBACK,-0.3333,0.100,0.9509,2,none
67.712,1355,-0.24365,-0.45150,0.13089,1,10,0,FALLBACK,-0.2846,0.100,0.9540,2,none
67.762,1356,-0.27794,-0.40658,0.13132,1,10,0,FALLBACK,0.0611,0.100,0.9573,2,none
67.812,1357,-0.24776,-0.41534,0.10173,1,10,0,FALLBACK,-0.4121,0.100,0.9595,2,none
67.860,1358,-0.22362,-0.39624,0.10247,1,10,0,FALLBACK,-0.5026,0.100,0.9584,2,none
67.913,1359,-0.21973,-0.34853,0.13856,1,10,0,FALLBACK,-0.4208,0.100,0.9602,2,none
67.962,1360,-0.22804,-0.37603,0.14475,1,10,0,FALLBACK,-0.3183,0.100,0.9634,2,none
68.011,1361,-0.27636,-0.45089,0.12743,1,10,0,FALLBACK,0.1234,0.100,0.9668,2,none
68.063,1362,-0.25214,-0.46672,0.08862,1,10,0,FALLBACK,-0.3604,0.100,0.9680,2,none
68.113,1363,-0.23111,-0.37605,0.08275,1,10,0,FALLBACK,-0.4496,0.100,0.9672,2,none
68.163,1364,-0.22928,-0.38225,0.10101,1,10,0,FALLBACK,-0.3628,0.100,0.9691,2,none
68.212,1365,-0.23841,-0.48228,0.08010,1,10,0,FALLBACK,-0.2623,0.100,0.9723,2,none
68.260,1366,-0.28970,-0.46327,0.09127,1,10,0,FALLBACK,0.2050,0.100,0.9756,2,none
68.311,1367,-0.26265,-0.42705,0.07387,1,10,0,FALLBACK,-0.3220,0.100,0.9758,2,none
68.363,1368,-0.23739,-0.37212,0.06001,1,10,0,FALLBACK,-0.4393,0.100,0.9748,2,none
68.413,1369,-0.23195,-0.36042,0.06279,1,10,0,FALLBACK,-0.3675,0.100,0.9764,2,none
68.462,1370,-0.23819,-0.28665,0.07567,1,10,0,FALLBACK,-0.2778,0.100,0.9794,2,none
68.511,1371,-0.28954,-0.34852,0.09735,1,10,0,FALLBACK,0.2044,0.100,0.9826,2,none
68.560,1372,-0.26038,-0.35726,0.09992,1,10,0,FALLBACK,-0.3439,0.100,0.9826,2,none
68.611,1373,-0.23337,-0.32080,0.10264,1,10,0,FALLBACK,-0.4682,0.100,0.9811,2,none
68.663,1374,-0.22743,-0.32689,0.10764,1,10,0,FALLBACK,-0.3925,0.100,0.9825,2,none
68.712,1375,-0.23412,-0.34517,0.09404,1,10,0,FALLBACK,-0.2959,0.100,0.9855,2,none
68.760,1376,-0.28998,-0.32819,0.09989,1,10,0,FALLBACK,0.2292,0.100,0.9881,2,none
68.810,1377,-0.27832,-0.27294,0.12845,1,10,0,FALLBACK,-0.1667,0.100,0.9912,2,none
68.862,1378,-0.25303,-0.33513,0.09515,1,10,0,FALLBACK,-0.3612,0.100,0.9906,2,none
68.911,1379,-0.23363,-0.28042,0.09286,1,10,0,FALLBACK,-0.4289,0.100,0.9903,2,none
68.962,1380,-0.23405,-0.24578,0.08038,1,10,0,FALLBACK,-0.3276,0.100,0.9918,2,none
69.012,1381,-0.28468,-0.23270,0.08975,1,10,0,FALLBACK,0.1765,0.100,0.9948,2,none
69.062,1382,-0.25425,-0.27866,0.11301,1,10,0,FALLBACK,-0.3809,0.100,0.9948,2,none
69.113,1383,-0.22657,-0.23997,0.10127,1,10,0,FALLBACK,-0.5055,0.100,0.9927,2,none
69.162,1384,-0.22141,-0.17026,0.12328,1,10,0,FALLBACK,-0.4188,0.100,0.9937,2,none
69.213,1385,-0.22989,-0.21343,0.10092,1,10,0,FALLBACK,-0.3081,0.100,0.9966,2,none
69.263,1386,-0.28429,-0.30940,0.09495,1,10,0,FALLBACK,0.1935,0.100,0.9997,2,none
69.313,1387,-0.25773,-0.27197,0.10586,1,10,0,FALLBACK,-0.3442,0.100,0.9994,2,none
69.365,1388,-0.23295,-0.24137,0.11791,1,10,0,FALLBACK,-0.4592,0.100,0.9979,2,none
69.412,1389,-0.22914,-0.25837,0.09339,1,10,0,FALLBACK,-0.3734,0.100,0.9991,2,none
69.464,1390,-0.23773,-0.25642,0.10452,1,10,0,FALLBACK,-0.2684,0.100,1.0019,2,none
69.512,1391,-0.28947,-0.42214,0.15477,1,10,0,FALLBACK,0.2061,0.100,1.0049,2,none
69.565,1392,-0.26173,-0.40832,0.12381,1,10,0,FALLBACK,-0.3301,0.100,1.0047,2,none
69.615,1393,-0.23578,-0.45528,0.13850,1,10,0,FALLBACK,-0.4509,0.100,1.0033,2,none
69.665,1394,-0.23065,-0.46844,0.11712,1,10,0,FALLBACK,-0.3724,0.100,1.0044,2,none
69.715,1395,-0.23810,-0.40665,0.08955,1,10,0,FALLBACK,-0.2723,0.100,1.0071,2,none
69.765,1396,-0.28624,-0.35019,0.10269,1,10,0,FALLBACK,0.1719,0.100,1.0101,2,none
69.811,1397,-0.25860,-0.30857,0.11504,1,10,0,FALLBACK,-0.3452,0.100,1.0104,2,none
69.861,1398,-0.23367,-0.29356,0.10617,1,10,0,FALLBACK,-0.4563,0.100,1.0088,2,none
69.913,1399,-0.22952,-0.25412,0.11605,1,10,0,FALLBACK,-0.3732,0.100,1.0100,2,none
69.965,1400,-0.23794,-0.32216,0.12723,1,10,0,FALLBACK,-0.2682,0.100,1.0127,2,none
70.013,1401,-0.28432,-0.32692,0.13163,1,10,0,FALLBACK,0.1535,0.100,1.0155,2,none
70.065,1402,-0.26297,-0.31836,0.13429,1,10,0,FALLBACK,-0.2919,0.100,1.0164,2,none
70.113,1403,-0.23654,-0.31580,0.12784,1,10,0,FALLBACK,-0.4494,0.100,1.0162,2,none
70.164,1404,-0.22971,-0.28514,0.11833,1,10,0,FALLBACK,-0.3856,0.100,1.0165,2,none
70.213,1405,-0.23827,-0.37416,0.12572,1,10,0,FALLBACK,-0.2658,0.100,1.0188,2,none
70.263,1406,-0.28034,-0.46590,0.12696,1,10,0,FALLBACK,0.1121,0.100,1.0216,2,none
70.315,1407,-0.25979,-0.44157,0.10798,1,10,0,FALLBACK,-0.3038,0.100,1.0230,2,none
70.365,1408,-0.23569,-0.42869,0.09668,1,10,0,FALLBACK,-0.4420,0.100,1.0228,2,none
70.417,1409,-0.23072,-0.42405,0.14033,1,10,0,FALLBACK,-0.3713,0.100,1.0233,2,none
70.465,1410,-0.24056,-0.37424,0.12503,1,10,0,FALLBACK,-0.2480,0.100,1.0256,2,none
70.515,1411,-0.27738,-0.44453,0.10809,1,10,0,FALLBACK,0.0710,0.100,1.0283,2,none
70.566,1412,-0.25797,-0.48011,0.11990,1,10,0,FALLBACK,-0.3072,0.100,1.0301,2,none
70.616,1413,-0.23674,-0.37309,0.13436,1,10,0,FALLBACK,-0.4225,0.100,1.0302,2,none
70.665,1414,-0.23369,-0.37035,0.13062,1,10,0,FALLBACK,-0.3468,0.100,1.0309,2,none
70.714,1415,-0.29278,-0.39325,0.13399,1,10,0,FALLBACK,0.2594,0.100,1.0331,2,none
70.768,1416,-0.26580,-0.39404,0.12789,1,10,0,FALLBACK,-0.3059,0.100,1.0317,2,none
70.817,1417,-0.22411,-0.39139,0.09926,1,10,0,FALLBACK,-0.5879,0.100,1.0286,2,none
70.866,1418,-0.20803,-0.34449,0.11248,1,10,0,FALLBACK,-0.5403,0.100,1.0275,2,none
70.915,1419,-0.21601,-0.26088,0.13270,1,10,0,FALLBACK,-0.3800,0.100,1.0287,2,none
70.967,1420,-0.27756,-0.18768,0.10104,1,10,0,FALLBACK,0.1955,0.100,1.0316,2,none
71.016,1421,-0.25931,-0.19963,0.09859,1,10,0,FALLBACK,-0.2947,0.100,1.0311,2,none
71.068,1422,-0.23222,-0.13053,0.08039,1,10,0,FALLBACK,-0.4743,0.100,1.0301,2,none
71.119,1423,-0.22625,-0.21769,0.11058,1,10,0,FALLBACK,-0.3986,0.100,1.0299,2,none
71.167,1424,-0.23769,-0.24477,0.09405,1,10,0,FALLBACK,-0.2543,0.100,1.0319,2,none
71.215,1425,-0.25698,-0.30733,0.11987,1,10,0,FALLBACK,-0.1186,0.100,1.0347,2,none
71.267,1426,-0.27852,-0.23776,0.09782,1,10,0,FALLBACK,0.0003,0.100,1.0373,2,none
71.315,1427,-0.29893,-0.31604,0.11373,1,10,0,FALLBACK,0.0967,0.100,1.0396,2,none
71.367,1428,-0.31544,-0.27667,0.11704,1,10,0,FALLBACK,0.1597,0.100,1.0416,2,none
71.419,1429,-0.32612,-0.28886,0.11328,1,10,0,FALLBACK,0.1840,0.100,1.0436,2,none
71.470,1430,-0.33034,-0.29242,0.10319,1,10,0,FALLBACK,0.1728,0.100,1.0457,2,none
71.519,1431,-0.32864,-0.35464,0.14270,1,10,0,FALLBACK,0.1347,0.100,1.0479,2,none
71.567,1432,-0.32247,-0.30230,0.15768,1,10,0,FALLBACK,0.0815,0.100,1.0502,2,none
71.617,1433,-0.31373,-0.32128,0.14410,1,10,0,FALLBACK,0.0250,0.100,1.0525,2,none
71.667,1434,-0.30437,-0.34876,0.17835,1,10,0,FALLBACK,-0.0249,0.100,1.0547,2,none
71.718,1435,-0.29609,-0.38654,0.15399,1,10,0,FALLBACK,-0.0610,0.100,1.0569,2,none
71.769,1436,-0.29008,-0.38615,0.13117,1,10,0,FALLBACK,-0.0796,0.100,1.0590,2,none
71.819,1437,-0.28667,-0.32536,0.11985,1,10,0,FALLBACK,-0.0837,0.100,1.0611,2,none
71.869,1438,-0.28611,-0.34207,0.12358,1,10,0,FALLBACK,-0.0722,0.100,1.0632,2,none
71.918,1439,-0.28824,-0.34265,0.11326,1,10,0,FALLBACK,-0.0481,0.100,1.0653,2,none
71.969,1440,-0.29239,-0.31143,0.11172,1,10,0,FALLBACK,-0.0173,0.100,1.0673,2,none
72.017,1441,-0.29760,-0.28122,0.10321,1,10,0,FALLBACK,0.0141,0.100,1.0694,2,none
72.067,1442,-0.30278,-0.33838,0.10438,1,10,0,FALLBACK,0.0398,0.100,1.0714,2,none
72.118,1443,-0.30715,-0.39509,0.08862,1,10,0,FALLBACK,0.0576,0.100,1.0734,2,none
72.169,1444,-0.30928,-0.43405,0.11931,1,10,0,FALLBACK,0.0570,0.100,1.0753,2,none
72.219,1445,-0.30912,-0.08587,0.08549,1,10,0,FALLBACK,0.0448,0.100,1.0773,2,none
72.269,1446,-0.30729,-0.02050,0.08411,1,10,0,FALLBACK,0.0274,0.100,1.0792,2,none
72.319,1447,-0.30451,-0.05187,0.08968,1,10,0,FALLBACK,0.0086,0.100,1.0811,2,none
72.370,1448,-0.30143,-0.17188,0.09905,1,10,0,FALLBACK,-0.0082,0.100,1.0831,2,none
72.419,1449,-0.23115,-0.27696,0.09001,1,10,0,FALLBACK,-0.6956,0.100,1.0850,2,none
72.469,1450,-0.35223,-0.40856,0.08880,1,10,0,FALLBACK,0.8666,0.100,1.0766,2,none
72.520,1451,-0.49033,-0.41096,0.09716,1,10,0,FALLBACK,1.0000,0.100,1.0535,2,none
72.570,1452,-0.56842,-0.40631,0.08218,1,10,0,FALLBACK,1.0000,0.100,1.0371,2,none
72.620,1453,-0.60889,-0.44136,0.08114,1,10,0,FALLBACK,1.0000,0.100,1.0353,2,none
72.668,1454,-0.53723,-0.50803,0.07336,1,10,0,FALLBACK,0.8278,0.100,1.0345,2,none
72.719,1455,-0.63034,-0.66419,0.07580,1,10,0,FALLBACK,1.0000,0.100,1.0367,2,none
72.770,1456,-0.70068,-0.69229,0.08673,1,10,0,FALLBACK,1.0000,0.100,1.0341,2,none
72.818,1457,-0.73823,-0.58485,0.06644,1,10,0,FALLBACK,1.0000,0.100,1.0328,2,none
72.866,1458,-0.74667,-0.61013,0.08319,1,10,0,FALLBACK,1.0000,0.100,1.0321,2,none
72.918,1459,-0.61151,-0.68661,0.09955,1,10,0,FALLBACK,0.8817,0.100,1.0315,2,none
72.970,1460,-0.67202,-0.78360,0.09138,1,10,0,FALLBACK,1.0000,0.100,1.0329,2,none
73.021,1461,-0.70782,-0.68349,0.10255,1,10,0,FALLBACK,1.0000,0.100,1.0311,2,none
73.070,1462,-0.71210,-0.58981,0.09927,1,10,0,FALLBACK,1.0000,0.100,1.0300,2,none
73.120,1463,-0.68750,-0.58829,0.12434,1,10,0,FALLBACK,1.0000,0.100,1.0293,2,none
73.170,1464,-0.48929,-0.69442,0.09701,1,10,0,FALLBACK,-0.0446,0.100,1.0287,2,none
73.220,1465,-0.53118,-0.69084,0.09594,1,10,0,FALLBACK,1.0000,0.100,1.0263,2,none
73.270,1466,-0.58144,-0.67642,0.09523,1,10,0,FALLBACK,1.0000,0.100,1.0082,2,none
73.321,1467,-0.58123,-0.58204,0.11075,1,10,0,FALLBACK,1.0000,0.100,1.0031,2,none
73.370,1468,-0.55214,-0.56374,0.11806,1,10,0,FALLBACK,1.0000,0.100,1.0028,2,none
73.420,1469,-0.49613,-0.55999,0.13794,1,10,0,FALLBACK,0.7006,0.100,1.0027,2,none
73.471,1470,-0.34629,-0.53590,0.16822,1,10,0,FALLBACK,-0.5178,0.100,1.0064,2,none
73.520,1471,-0.37672,-0.53792,0.15161,1,10,0,FALLBACK,0.5357,0.100,0.9952,2,none
73.555,1472,-0.43142,-0.47921,0.16071,1,10,0,FALLBACK,0.9306,0.100,0.9839,2,none
73.603,1473,-0.43933,-0.29758,0.09923,1,10,0,FALLBACK,0.7362,0.100,0.9736,2,none
73.654,1474,-0.42015,-0.34914,0.13074,1,10,0,FALLBACK,0.5048,0.100,0.9770,2,none
73.707,1475,-0.28426,-0.34501,0.14727,1,10,0,FALLBACK,-0.7582,0.100,0.9813,2,none
73.755,1476,-0.37473,-0.52014,0.11150,1,10,0,FALLBACK,0.8260,0.100,0.9613,2,none
73.805,1477,-0.47474,-0.52199,0.12535,1,10,0,FALLBACK,1.0000,0.100,0.9343,2,none
73.855,1478,-0.51878,-0.31541,0.13657,1,10,0,FALLBACK,1.0000,0.100,0.9294,2,none
73.905,1479,-0.53485,-0.32841,0.13578,1,10,0,FALLBACK,1.0000,0.100,0.9302,2,none
73.955,1480,-0.35489,-0.38529,0.12503,1,10,0,FALLBACK,-0.6254,0.100,0.9313,2,none
74.005,1481,-0.44941,-0.42704,0.11735,1,10,0,FALLBACK,1.0000,0.100,0.9077,2,none
74.056,1482,-0.55578,-0.68673,0.11203,1,10,0,FALLBACK,1.0000,0.100,0.8789,2,none
74.105,1483,-0.60972,-0.62088,0.12432,1,10,0,FALLBACK,1.0000,0.100,0.8787,2,none
74.156,1484,-0.64169,-0.42396,0.10160,1,10,0,FALLBACK,1.0000,0.100,0.8805,2,none
74.207,1485,-0.65295,-0.37080,0.12044,1,10,0,FALLBACK,1.0000,0.100,0.8823,2,none
74.256,1486,-0.46146,-0.47874,0.10211,1,10,0,FALLBACK,-0.1502,0.100,0.8842,2,none
74.307,1487,-0.54864,-0.59220,0.08513,1,10,0,FALLBACK,1.0000,0.100,0.8788,2,none
74.357,1488,-0.63263,-0.69237,0.05541,1,10,0,FALLBACK,1.0000,0.100,0.8599,2,none
74.406,1489,-0.67499,-0.63606,0.09872,1,10,0,FALLBACK,1.0000,0.100,0.8613,2,none
74.456,1490,-0.69730,-0.49731,0.13663,1,10,0,FALLBACK,1.0000,0.100,0.8634,2,none
74.506,1491,-0.69956,-0.49828,0.13013,1,10,0,FALLBACK,1.0000,0.100,0.8655,2,none
74.556,1492,-0.68150,-0.51551,0.09789,1,10,0,FALLBACK,1.0000,0.100,0.8676,2,none
74.604,1493,-0.52659,-0.56387,0.07901,1,10,0,FALLBACK,0.3584,0.100,0.8696,2,none
74.656,1494,-0.57530,-0.65920,0.09878,1,10,0,FALLBACK,1.0000,0.100,0.8742,2,none
74.708,1495,-0.61029,-0.77733,0.14808,1,10,0,FALLBACK,1.0000,0.100,0.8658,2,none
74.757,1496,-0.61378,-0.74722,0.13913,1,10,0,FALLBACK,1.0000,0.100,0.8678,2,none
74.809,1497,-0.59687,-0.76802,0.10694,1,10,0,FALLBACK,1.0000,0.100,0.8698,2,none
74.859,1498,-0.55951,-0.70066,0.11003,1,10,0,FALLBACK,1.0000,0.100,0.8718,2,none
74.907,1499,-0.50162,-0.60002,0.09459,1,10,0,FALLBACK,0.7187,0.100,0.8737,2,none
74.958,1500,-0.43035,-0.55797,0.09481,1,10,0,FALLBACK,0.2954,0.100,0.8793,2,none
75.008,1501,-0.35942,-0.37999,0.12446,1,10,0,FALLBACK,-0.0575,0.100,0.8842,2,none
75.059,1502,-0.29766,-0.40999,0.14914,1,10,0,FALLBACK,-0.3206,0.100,0.8875,2,none
75.112,1503,-0.24913,-0.33245,0.16081,1,10,0,FALLBACK,-0.4970,0.100,0.8898,2,none
75.159,1504,-0.21615,-0.26389,0.13603,1,10,0,FALLBACK,-0.5842,0.100,0.8918,2,none
75.209,1505,-0.19904,-0.32959,0.17475,1,10,0,FALLBACK,-0.5903,0.100,0.8942,2,none
75.259,1506,-0.19631,-0.36203,0.24701,0,10,0,FALLBACK,-0.5322,0.100,0.8973,2,none
75.308,1507,-0.20523,-0.49651,0.35496,0,10,0,FALLBACK,-0.4293,0.100,0.9010,2,none
75.360,1508,-0.22248,-0.49933,0.32547,0,10,0,FALLBACK,-0.3013,0.100,0.9051,2,none
75.411,1509,-0.24455,-0.31580,0.20180,0,10,0,FALLBACK,-0.1668,0.100,0.9092,2,none
75.459,1510,-0.26812,-0.21500,0.15390,1,10,0,FALLBACK,-0.0415,0.100,0.9131,2,none
75.511,1511,-0.29033,-0.23797,0.14438,1,10,0,FALLBACK,0.0627,0.100,0.9167,2,none
75.559,1512,-0.30898,-0.23225,0.14987,1,10,0,FALLBACK,0.1381,0.100,0.9201,2,none
75.611,1513,-0.32268,-0.37650,0.23113,0,10,0,FALLBACK,0.1819,0.100,0.9234,2,none
75.659,1514,-0.33085,-0.47639,0.22223,0,10,0,FALLBACK,0.1951,0.100,0.9267,2,none
75.709,1515,-0.33367,-0.56195,0.26447,0,10,0,FALLBACK,0.1825,0.100,0.9300,2,none
75.761,1516,-0.33192,-0.71608,0.25371,0,10,0,FALLBACK,0.1508,0.100,0.9334,2,none
75.809,1517,-0.32672,-1.16841,0.55165,0,10,0,FALLBACK,0.1076,0.100,0.9369,2,none
75.860,1518,-0.31940,0.66765,1.98346,0,10,0,FALLBACK,0.0604,0.100,0.9403,2,none
75.911,1519,-0.31126,2.74870,1.82082,0,10,0,FALLBACK,0.0156,0.100,0.9437,2,none
75.961,1520,-0.30346,4.21324,1.20490,0,10,0,FALLBACK,-0.0217,0.100,0.9470,2,none
76.011,1521,-0.29686,4.50294,1.65405,0,10,0,FALLBACK,-0.0487,0.100,0.9503,2,none
76.061,1522,-0.29204,4.52845,2.00954,0,10,0,FALLBACK,-0.0639,0.100,0.9535,2,none
76.111,1523,-0.28923,3.98416,1.56810,0,10,0,FALLBACK,-0.0679,0.100,0.9567,2,none
76.159,1524,-0.28836,4.25463,1.02116,0,10,0,FALLBACK,-0.0625,0.100,0.9599,2,none
76.212,1525,-0.28916,4.09286,1.14880,0,10,0,FALLBACK,-0.0503,0.100,0.9630,2,none
76.263,1526,-0.29117,2.12473,0.71680,0,10,0,FALLBACK,-0.0341,0.100,0.9661,2,none
76.313,1527,-0.29388,0.01942,0.11251,1,10,0,FALLBACK,-0.0170,0.100,0.9692,2,none
76.361,1528,-0.29681,-0.25000,0.08286,1,10,0,FALLBACK,-0.0013,0.100,0.9722,2,none
76.413,1529,-0.29952,-0.27951,0.07616,1,10,0,FALLBACK,0.0112,0.100,0.9752,2,none
76.463,1530,-0.30172,-0.25813,0.08814,1,10,0,FALLBACK,0.0195,0.100,0.9782,2,none
76.513,1531,-0.30320,-0.39349,0.12244,1,10,0,FALLBACK,0.0234,0.100,0.9812,2,none
76.563,1532,-0.30393,-0.34629,0.16437,1,10,0,FALLBACK,0.0233,0.100,0.9841,2,none
76.613,1533,-0.30396,-0.31957,0.15212,1,10,0,FALLBACK,0.0200,0.100,0.9870,2,none
76.660,1534,-0.30344,-0.36193,0.13738,1,10,0,FALLBACK,0.0146,0.100,0.9898,2,none
76.712,1535,-0.30255,-0.38798,0.16049,1,10,0,FALLBACK,0.0083,0.100,0.9927,2,none
76.763,1536,-0.30148,-0.37179,0.16428,1,10,0,FALLBACK,0.0021,0.100,0.9955,2,none
76.813,1537,-0.30043,-0.42321,0.14864,1,10,0,FALLBACK,-0.0031,0.100,0.9983,2,none
76.863,1538,-0.29953,-0.42405,0.15583,1,10,0,FALLBACK,-0.0068,0.100,1.0010,2,none
76.915,1539,-0.29888,-0.39626,0.15094,1,10,0,FALLBACK,-0.0088,0.100,1.0037,2,none
76.963,1540,-0.29852,-0.43039,0.16627,1,10,0,FALLBACK,-0.0092,0.100,1.0064,2,none
77.013,1541,-0.29844,-0.37073,0.13023,1,10,0,FALLBACK,-0.0082,0.100,1.0091,2,none
77.062,1542,-0.29858,-0.37159,0.16041,1,10,0,FALLBACK,-0.0063,0.100,1.0117,2,none
77.113,1543,-0.29890,-0.40042,0.13017,1,10,0,FALLBACK,-0.0040,0.100,1.0144,2,none
77.162,1544,-0.29929,-0.32052,0.11451,1,10,0,FALLBACK,-0.0016,0.100,1.0169,2,none
77.213,1545,-0.29969,-0.32303,0.12021,1,10,0,FALLBACK,0.0005,0.100,1.0195,2,none
77.263,1546,-0.30004,-0.23569,0.11079,1,10,0,FALLBACK,0.0020,0.100,1.0220,2,none
77.312,1547,-0.30030,-0.07905,0.07809,1,10,0,FALLBACK,0.0028,0.100,1.0246,2,none
77.361,1548,-0.30045,-0.06852,0.07460,1,10,0,FALLBACK,0.0030,0.100,1.0270,2,none
77.412,1549,-0.30049,-0.18116,0.09073,1,10,0,FALLBACK,0.0026,0.100,1.0295,2,none
77.465,1550,-0.30044,-0.18181,0.11763,1,10,0,FALLBACK,0.0019,0.100,1.0319,2,none
77.514,1551,-0.19829,-0.29912,0.12813,1,10,0,FALLBACK,-1.0000,0.100,1.0343,2,none
77.563,1552,-0.29957,-0.40144,0.14581,1,10,0,FALLBACK,0.5042,0.100,1.0131,2,none
77.615,1553,-0.41271,-0.40544,0.12356,1,10,0,FALLBACK,1.0000,0.100,0.9938,2,none
77.663,1554,-0.47522,-0.38070,0.10697,1,10,0,FALLBACK,1.0000,0.100,0.9842,2,none
77.714,1555,-0.49841,-0.37578,0.10308,1,10,0,FALLBACK,1.0000,0.100,0.9823,2,none
77.762,1556,-0.37165,-0.40001,0.11521,1,10,0,FALLBACK,-0.2756,0.100,0.9824,2,none
77.815,1557,-0.42528,-0.42948,0.12948,1,10,0,FALLBACK,0.8946,0.100,0.9719,2,none
77.863,1558,-0.49636,-0.40635,0.12366,1,10,0,FALLBACK,1.0000,0.100,0.9582,2,none
77.915,1559,-0.52187,-0.32437,0.10637,1,10,0,FALLBACK,1.0000,0.100,0.9533,2,none
77.965,1560,-0.51852,-0.33617,0.11937,1,10,0,FALLBACK,1.0000,0.100,0.9533,2,none
78.016,1561,-0.49043,-0.36921,0.11498,1,10,0,FALLBACK,0.8117,0.100,0.9540,2,none
78.066,1562,-0.35426,-0.38310,0.11934,1,10,0,FALLBACK,-0.4095,0.100,0.9561,2,none
78.114,1563,-0.35946,-0.24202,0.09638,1,10,0,FALLBACK,0.3233,0.100,0.9592,2,none
78.164,1564,-0.37429,-0.14757,0.10213,1,10,0,FALLBACK,0.4456,0.100,0.9517,2,none
78.215,1565,-0.37946,-0.18866,0.11684,1,10,0,FALLBACK,0.4231,0.100,0.9533,2,none
78.268,1566,-0.37069,-0.24295,0.09903,1,10,0,FALLBACK,0.3096,0.100,0.9561,2,none
78.317,1567,-0.23895,-0.29158,0.12532,1,10,0,FALLBACK,-0.9640,0.100,0.9596,2,none
78.366,1568,-0.30398,-0.34148,0.11819,1,10,0,FALLBACK,0.3451,0.100,0.9406,2,none
78.415,1569,-0.40021,-0.36809,0.09555,1,10,0,FALLBACK,0.9822,0.100,0.9272,2,none
78.467,1570,-0.45115,-0.27120,0.09827,1,10,0,FALLBACK,1.0000,0.100,0.9146,2,none
78.517,1571,-0.46284,-0.31111,0.11222,1,10,0,FALLBACK,0.8727,0.100,0.9133,2,none
78.566,1572,-0.45347,-0.37378,0.13623,1,10,0,FALLBACK,0.7205,0.100,0.9165,2,none
78.617,1573,-0.34007,-0.41010,0.12879,1,10,0,FALLBACK,-0.3666,0.100,0.9206,2,none
78.667,1574,-0.38893,-0.42586,0.14504,1,10,0,FALLBACK,0.6889,0.100,0.9154,2,none
78.716,1575,-0.45432,-0.41247,0.13932,1,10,0,FALLBACK,1.0000,0.100,0.9034,2,none
78.767,1576,-0.47612,-0.36357,0.13306,1,10,0,FALLBACK,0.9896,0.100,0.8968,2,none
78.817,1577,-0.46806,-0.37848,0.12402,1,10,0,FALLBACK,0.8000,0.100,0.8977,2,none
78.868,1578,-0.44179,-0.37277,0.12932,1,10,0,FALLBACK,0.5776,0.100,0.9019,2,none
78.916,1579,-0.33201,-0.40073,0.13147,1,10,0,FALLBACK,-0.3889,0.100,0.9068,2,none
78.968,1580,-0.37150,-0.38639,0.12201,1,10,0,FALLBACK,0.5550,0.100,0.9030,2,none
79.016,1581,-0.42623,-0.36634,0.13586,1,10,0,FALLBACK,0.9048,0.100,0.8949,2,none
79.067,1582,-0.44268,-0.25532,0.11054,1,10,0,FALLBACK,0.7957,0.100,0.8895,2,none
79.119,1583,-0.43277,-0.26747,0.10931,1,10,0,FALLBACK,0.6143,0.100,0.8923,2,none
79.169,1584,-0.28210,-0.30208,0.10641,1,10,0,FALLBACK,-0.8428,0.100,0.8969,2,none
79.219,1585,-0.33458,-0.32838,0.09690,1,10,0,FALLBACK,0.4353,0.100,0.8804,2,none
79.269,1586,-0.41801,-0.35511,0.12496,1,10,0,FALLBACK,1.0000,0.100,0.8663,2,none
79.318,1587,-0.45744,-0.31409,0.11751,1,10,0,FALLBACK,0.9843,0.100,0.8557,2,none
79.368,1588,-0.46308,-0.20853,0.08615,1,10,0,FALLBACK,0.8436,0.100,0.8564,2,none
79.419,1589,-0.45189,-0.23724,0.08945,1,10,0,FALLBACK,0.7035,0.100,0.8606,2,none
79.469,1590,-0.29847,-0.28405,0.10213,1,10,0,FALLBACK,-0.7748,0.100,0.8653,2,none
79.519,1591,-0.34601,-0.34127,0.10453,1,10,0,FALLBACK,0.4678,0.100,0.8508,2,none
79.568,1592,-0.42360,-0.40376,0.10368,1,10,0,FALLBACK,1.0000,0.100,0.8375,2,none
79.619,1593,-0.45821,-0.44232,0.10247,1,10,0,FALLBACK,0.9641,0.100,0.8278,2,none
79.668,1594,-0.46183,-0.40107,0.07963,1,10,0,FALLBACK,0.8272,0.100,0.8295,2,none
79.719,1595,-0.45064,-0.41454,0.09980,1,10,0,FALLBACK,0.6973,0.100,0.8342,2,none
79.770,1596,-0.42895,-0.37443,0.09576,1,10,0,FALLBACK,0.5363,0.100,0.8391,2,none
79.819,1597,-0.39914,-0.49551,0.14675,1,10,0,FALLBACK,0.3466,0.100,0.8442,2,none
79.867,1598,-0.36509,-0.40839,0.12388,1,10,0,FALLBACK,0.1552,0.100,0.8493,2,none
79.918,1599,-0.33092,-0.28532,0.09824,1,10,0,FALLBACK,-0.0162,0.100,0.8539,2,none
79.969,1600,-0.30007,-0.28353,0.09960,1,10,0,FALLBACK,-0.1539,0.100,0.8580,2,none
80.019,1601,-0.27504,-0.24363,0.09978,1,10,0,FALLBACK,-0.2500,0.100,0.8618,2,none
80.067,1602,-0.25739,-0.24177,0.08809,1,10,0,FALLBACK,-0.3013,0.100,0.8655,2,none
80.120,1603,-0.24766,-0.28431,0.09284,1,10,0,FALLBACK,-0.3104,0.100,0.8692,2,none
80.171,1604,-0.24540,-0.31637,0.11679,1,10,0,FALLBACK,-0.2843,0.100,0.8730,2,none
80.220,1605,-0.24983,-0.23991,0.08872,1,10,0,FALLBACK,-0.2287,0.100,0.8770,2,none
80.269,1606,-0.25935,-0.18038,0.08990,1,10,0,FALLBACK,-0.1556,0.100,0.8810,2,none
80.319,1607,-0.27139,-0.22004,0.08408,1,10,0,FALLBACK,-0.0829,0.100,0.8851,2,none
80.371,1608,-0.28414,-0.23690,0.09083,1,10,0,FALLBACK,-0.0155,0.100,0.8891,2,none
80.422,1609,-0.29623,-0.25334,0.09606,1,10,0,FALLBACK,0.0416,0.100,0.8929,2,none
80.471,1610,-0.30720,-0.28413,0.10707,1,10,0,FALLBACK,0.0909,0.100,0.8967,2,none
80.522,1611,-0.31533,-0.20975,0.09183,1,10,0,FALLBACK,0.1172,0.100,0.9003,2,none
80.572,1612,-0.32014,-0.24163,0.08635,1,10,0,FALLBACK,0.1248,0.100,0.9040,2,none
80.622,1613,-0.32162,-0.26792,0.08496,1,10,0,FALLBACK,0.1155,0.100,0.9077,2,none
80.672,1614,-0.32011,-0.27936,0.08650,1,10,0,FALLBACK,0.0930,0.100,0.9113,2,none
80.703,1615,-0.31645,-0.30779,0.09684,1,10,0,FALLBACK,0.0639,0.100,0.9150,2,none
80.754,1616,-0.31175,-0.30790,0.08835,1,10,0,FALLBACK,0.0353,0.100,0.9186,2,none
80.806,1617,-0.30671,-0.33751,0.10829,1,10,0,FALLBACK,0.0083,0.100,0.9222,2,none
80.856,1618,-0.30166,-0.23898,0.08447,1,10,0,FALLBACK,-0.0169,0.100,0.9257,2,none
80.905,1619,-0.29754,-0.20051,0.08154,1,10,0,FALLBACK,-0.0329,0.100,0.9292,2,none
80.955,1620,-0.29460,-0.23179,0.06622,1,10,0,FALLBACK,-0.0416,0.100,0.9326,2,none
81.003,1621,-0.29284,-0.19525,0.07331,1,10,0,FALLBACK,-0.0447,0.100,0.9361,2,none
81.055,1622,-0.29232,-0.26436,0.07274,1,10,0,FALLBACK,-0.0410,0.100,0.9394,2,none
81.105,1623,-0.29285,-0.26280,0.08345,1,10,0,FALLBACK,-0.0331,0.100,0.9428,2,none
81.158,1624,-0.29412,-0.26078,0.09351,1,10,0,FALLBACK,-0.0230,0.100,0.9461,2,none
81.205,1625,-0.29608,-0.34445,0.08311,1,10,0,FALLBACK,-0.0098,0.100,0.9494,2,none
81.257,1626,-0.29822,-0.30835,0.09276,1,10,0,FALLBACK,0.0018,0.100,0.9526,2,none
81.306,1627,-0.30028,-0.33227,0.10098,1,10,0,FALLBACK,0.0117,0.100,0.9558,2,none
81.357,1628,-0.30192,-0.29891,0.08136,1,10,0,FALLBACK,0.0177,0.100,0.9590,2,none
81.405,1629,-0.30285,-0.29480,0.09646,1,10,0,FALLBACK,0.0189,0.100,0.9621,2,none
81.453,1630,-0.30321,-0.29811,0.08433,1,10,0,FALLBACK,0.0178,0.100,0.9653,2,none
81.507,1631,-0.30307,-0.23658,0.07248,1,10,0,FALLBACK,0.0146,0.100,0.9683,2,none
81.557,1632,-0.30255,-0.36163,0.09957,1,10,0,FALLBACK,0.0101,0.100,0.9714,2,none
81.608,1633,-0.30179,-0.32610,0.10283,1,10,0,FALLBACK,0.0052,0.100,0.9744,2,none
81.657,1634,-0.30095,-0.25408,0.08481,1,10,0,FALLBACK,0.0005,0.100,0.9774,2,none
81.709,1635,-0.30015,-0.30416,0.10767,1,10,0,FALLBACK,-0.0032,0.100,0.9804,2,none
81.758,1636,-0.29950,-0.23195,0.08133,1,10,0,FALLBACK,-0.0058,0.100,0.9833,2,none
81.808,1637,-0.29903,-0.26705,0.05853,1,10,0,FALLBACK,-0.0071,0.100,0.9862,2,none
81.858,1638,-0.29879,-0.19661,0.06062,1,10,0,FALLBACK,-0.0073,0.100,0.9891,2,none
81.907,1639,-0.29875,-0.17499,0.06403,1,10,0,FALLBACK,-0.0064,0.100,0.9919,2,none
81.961,1640,-0.29888,-0.19621,0.07057,1,10,0,FALLBACK,-0.0049,0.100,0.9948,2,none
82.011,1641,-0.29913,-0.20722,0.08192,1,10,0,FALLBACK,-0.0031,0.100,0.9975,2,none
82.059,1642,-0.29945,-0.23744,0.09106,1,10,0,FALLBACK,-0.0012,0.100,1.0003,2,none
82.111,1643,-0.29976,-0.26672,0.10832,1,10,0,FALLBACK,0.0003,0.100,1.0030,2,none
82.160,1644,-0.30002,-0.19934,0.07132,1,10,0,FALLBACK,0.0014,0.100,1.0057,2,none
82.209,1645,-0.30022,-0.12550,0.07379,1,10,0,FALLBACK,0.0021,0.100,1.0084,2,none
82.258,1646,-0.30033,-0.12126,0.07862,1,10,0,FALLBACK,0.0022,0.100,1.0111,2,none
82.309,1647,-0.30036,-0.14202,0.06939,1,10,0,FALLBACK,0.0020,0.100,1.0137,2,none
82.358,1648,-0.30032,-0.16690,0.08426,1,10,0,FALLBACK,0.0014,0.100,1.0163,2,none
82.410,1649,-0.30024,-0.14433,0.06670,1,10,0,FALLBACK,0.0008,0.100,1.0188,2,none
82.461,1650,-0.27640,-0.22876,0.10126,1,10,0,FALLBACK,-0.2372,0.100,1.0214,2,none
82.508,1651,-0.30419,-0.29069,0.12176,1,10,0,FALLBACK,0.1599,0.100,1.0226,2,none
82.560,1652,-0.33151,-0.25961,0.10819,1,10,0,FALLBACK,0.2942,0.100,1.0233,2,none
82.610,1653,-0.34457,-0.21540,0.09277,1,10,0,FALLBACK,0.2882,0.100,1.0246,2,none
82.658,1654,-0.34701,-0.17135,0.07207,1,10,0,FALLBACK,0.2473,0.100,1.0268,2,none
82.709,1655,-0.34221,-0.26184,0.09333,1,10,0,FALLBACK,0.1871,0.100,1.0293,2,none
82.761,1656,-0.33238,-0.17611,0.07859,1,10,0,FALLBACK,0.1128,0.100,1.0319,2,none
82.810,1657,-0.31990,-0.20186,0.09312,1,10,0,FALLBACK,0.0371,0.100,1.0344,2,none
82.859,1658,-0.30717,-0.10655,0.09982,1,10,0,FALLBACK,-0.0278,0.100,1.0369,2,none
82.911,1659,-0.29615,-0.11526,0.07738,1,10,0,FALLBACK,-0.0744,0.100,1.0392,2,none
82.961,1660,-0.28814,-0.13634,0.06202,1,10,0,FALLBACK,-0.0994,0.100,1.0415,2,none
83.010,1661,-0.28370,-0.15855,0.05540,1,10,0,FALLBACK,-0.1037,0.100,1.0437,2,none
83.062,1662,-0.28273,-0.19262,0.06596,1,10,0,FALLBACK,-0.0911,0.100,1.0460,2,none
83.112,1663,-0.28466,-0.15476,0.08436,1,10,0,FALLBACK,-0.0671,0.100,1.0482,2,none
83.160,1664,-0.28855,-0.17859,0.08605,1,10,0,FALLBACK,-0.0378,0.100,1.0505,2,none
83.210,1665,-0.29338,-0.26758,0.11137,1,10,0,FALLBACK,-0.0090,0.100,1.0527,2,none
83.260,1666,-0.29819,-0.17009,0.07727,1,10,0,FALLBACK,0.0150,0.100,1.0549,2,none
83.309,1667,-0.30222,-0.26325,0.09833,1,10,0,FALLBACK,0.0312,0.100,1.0571,2,none
83.361,1668,-0.30501,-0.28783,0.08143,1,10,0,FALLBACK,0.0390,0.100,1.0592,2,none
83.414,1669,-0.30638,-0.21769,0.09101,1,10,0,FALLBACK,0.0388,0.100,1.0613,2,none
83.460,1670,-0.30642,-0.18852,0.08501,1,10,0,FALLBACK,0.0323,0.100,1.0634,2,none
83.511,1671,-0.30540,-0.25663,0.08403,1,10,0,FALLBACK,0.0219,0.100,1.0655,2,none
83.560,1672,-0.30370,-0.27031,0.10010,1,10,0,FALLBACK,0.0101,0.100,1.0676,2,none
83.614,1673,-0.30177,-0.24024,0.09113,1,10,0,FALLBACK,-0.0008,0.100,1.0696,2,none
83.663,1674,-0.29995,-0.33077,0.09606,1,10,0,FALLBACK,-0.0094,0.100,1.0717,2,none
83.712,1675,-0.29852,-0.37411,0.10487,1,10,0,FALLBACK,-0.0145,0.100,1.0737,2,none
83.765,1676,-0.29764,-0.30397,0.08749,1,10,0,FALLBACK,-0.0162,0.100,1.0757,2,none
83.813,1677,-0.29733,-0.35527,0.09728,1,10,0,FALLBACK,-0.0149,0.100,1.0776,2,none
83.863,1678,-0.29753,-0.30663,0.09318,1,10,0,FALLBACK,-0.0113,0.100,1.0796,2,none
83.914,1679,-0.29810,-0.35689,0.08663,1,10,0,FALLBACK,-0.0067,0.100,1.0815,2,none
83.963,1680,-0.29894,-0.30835,0.08955,1,10,0,FALLBACK,-0.0012,0.100,1.0834,2,none
84.014,1681,-0.29981,-0.27986,0.10885,1,10,0,FALLBACK,0.0035,0.100,1.0853,2,none
84.063,1682,-0.30054,-0.23328,0.09915,1,10,0,FALLBACK,0.0064,0.100,1.0871,2,none
84.115,1683,-0.30104,-0.32419,0.12407,1,10,0,FALLBACK,0.0077,0.100,1.0890,2,none
84.164,1684,-0.30125,-0.34018,0.13615,1,10,0,FALLBACK,0.0073,0.100,1.0908,2,none
84.215,1685,-0.30118,-0.31767,0.08499,1,10,0,FALLBACK,0.0055,0.100,1.0926,2,none
84.267,1686,-0.30088,-0.31016,0.10009,1,10,0,FALLBACK,0.0029,0.100,1.0944,2,none
84.315,1687,-0.30046,-0.18956,0.07988,1,10,0,FALLBACK,0.0002,0.100,1.0962,2,none
84.366,1688,-0.30000,-0.23330,0.10698,1,10,0,FALLBACK,-0.0023,0.100,1.0979,2,none
84.417,1689,-0.29957,-0.21063,0.12899,1,10,0,FALLBACK,-0.0043,0.100,1.0997,2,none
84.466,1690,-0.29922,-0.32930,0.14362,1,10,0,FALLBACK,-0.0056,0.100,1.1014,2,none
84.514,1691,-0.29905,-0.46377,0.23298,0,10,0,FALLBACK,-0.0057,0.100,1.1031,2,none
84.563,1692,-0.29909,-0.25392,0.18203,1,10,0,FALLBACK,-0.0044,0.100,1.1048,2,none
84.615,1693,-0.29929,-0.32277,0.25583,0,10,0,FALLBACK,-0.0026,0.100,1.1065,2,none
84.667,1694,-0.29959,-0.23280,0.37793,0,10,0,FALLBACK,-0.0005,0.100,1.1081,2,none
84.715,1695,-0.29990,-0.20970,0.27594,0,10,0,FALLBACK,0.0011,0.100,1.1097,2,none
84.769,1696,-0.30016,-0.10284,0.12177,1,10,0,FALLBACK,0.0021,0.100,1.1114,2,none
84.816,1697,-0.30033,-0.59571,0.52259,0,10,0,FALLBACK,0.0025,0.100,1.1130,2,none
84.864,1698,-0.30039,0.09424,0.47722,0,10,0,FALLBACK,0.0023,0.100,1.1145,2,none
84.913,1699,-0.30036,-0.48477,0.26179,0,10,0,FALLBACK,0.0016,0.100,1.1161,2,none
84.968,1700,-0.30025,-0.77457,0.19088,1,10,0,FALLBACK,0.0007,0.100,1.1177,2,none
85.016,1701,-0.30011,-0.47834,0.09487,1,10,0,FALLBACK,-0.0001,0.100,1.1335,3,none
