time_s,frame,cte_true,cte_pred,u_de,certified,fail_count,pass_count,mode,steer,throttle,speed,lap,hit
0.000,0,0.00053,-3.38458,0.66129,0,1,0,MODEL,0.0000,0.100,0.0000,0,none
0.043,1,0.00053,-3.39249,0.66342,0,2,0,MODEL,0.0000,0.100,0.0000,0,none
0.095,2,0.00059,-3.35830,0.64956,0,3,0,MODEL,0.0000,0.100,0.0093,0,none
0.143,3,0.00075,-3.32888,0.64259,0,4,0,MODEL,0.0000,0.100,0.0206,0,none
0.195,4,0.00110,-3.34387,0.66755,0,5,0,MODEL,0.0000,0.100,0.0339,0,none
0.244,5,0.00152,-3.36869,0.65823,0,6,0,MODEL,0.0000,0.100,0.0502,0,none
0.295,6,0.00206,-3.33482,0.66839,0,7,0,MODEL,0.0000,0.100,0.0600,0,none
0.345,7,0.00257,-3.36043,0.68755,0,8,0,MODEL,0.0000,0.100,0.0754,0,none
0.397,8,0.00319,-3.50322,0.68776,0,9,0,MODEL,0.0000,0.100,0.0873,0,none
0.445,9,0.00407,-3.43225,0.68164,0,10,0,FALLBACK,-1.0000,0.100,0.0970,0,none
0.494,10,0.00331,-3.41900,0.67592,0,10,0,FALLBACK,-1.0000,0.100,0.1067,0,none
0.547,11,-0.00191,-3.42915,0.63502,0,10,0,FALLBACK,-1.0000,0.100,0.1173,0,none
0.595,12,-0.00804,-3.25923,0.69032,0,10,0,FALLBACK,-1.0000,0.100,0.1287,0,none
0.646,13,-0.01514,-3.29231,0.66897,0,10,0,FALLBACK,-1.0000,0.100,0.1397,0,none
0.696,14,-0.02339,-3.23473,0.67128,0,10,0,FALLBACK,-1.0000,0.100,0.1505,0,none
0.748,15,-0.03289,-3.13776,0.67665,0,10,0,FALLBACK,-1.0000,0.100,0.1613,0,none
0.797,16,-0.04377,-3.07559,0.66444,0,10,0,FALLBACK,-1.0000,0.100,0.1719,0,none
0.848,17,-0.05616,-3.25882,0.70036,0,10,0,FALLBACK,-1.0000,0.100,0.1823,0,none
0.898,18,-0.07020,-3.02118,0.69377,0,10,0,FALLBACK,-1.0000,0.100,0.1927,0,none
0.949,19,-0.09193,-3.19554,0.82046,0,10,0,FALLBACK,-0.9317,0.100,0.2108,0,none
0.999,20,-0.11201,-3.01049,0.79518,0,10,0,FALLBACK,-0.8396,0.100,0.2134,0,none
1.045,21,-0.12083,-2.68539,1.16611,0,10,0,FALLBACK,-0.8518,0.100,0.2243,0,none
1.098,22,-0.14112,-2.52349,1.13261,0,10,0,FALLBACK,-0.6929,0.100,0.2345,0,none
1.149,23,-0.17609,-2.41311,1.28943,0,10,0,FALLBACK,-0.4447,0.100,0.2451,0,none
1.198,24,-0.19540,-2.54686,1.15180,0,10,0,FALLBACK,-0.4264,0.100,0.2557,0,none
1.249,25,-0.21439,-2.34472,1.12195,0,10,0,FALLBACK,-0.3331,0.100,0.2659,0,none
1.297,26,-0.23429,-2.07535,1.22477,0,10,0,FALLBACK,-0.2291,0.100,0.2762,0,none
1.347,27,-0.25421,-2.27884,1.10441,0,10,0,FALLBACK,-0.1293,0.100,0.2864,0,none
1.399,28,-0.27383,-2.33686,1.28138,0,10,0,FALLBACK,-0.0328,0.100,0.2964,0,none
1.448,29,-0.29291,-1.97065,1.28712,0,10,0,FALLBACK,0.0600,0.100,0.3063,0,none
1.499,30,-0.31119,-2.09833,1.34898,0,10,0,FALLBACK,0.1474,0.100,0.3160,0,none
1.548,31,-0.32839,-2.09419,1.28926,0,10,0,FALLBACK,0.2279,0.100,0.3256,0,none
1.598,32,-0.34423,-2.01319,1.31279,0,10,0,FALLBACK,0.3004,0.100,0.3351,0,none
1.648,33,-0.35847,-2.12843,1.16766,0,10,0,FALLBACK,0.3635,0.100,0.3444,0,none
1.700,34,-0.37087,-2.04078,1.13663,0,10,0,FALLBACK,0.4164,0.100,0.3537,0,none
1.749,35,-0.38125,-2.34344,1.05511,0,10,0,FALLBACK,0.4582,0.100,0.3628,0,none
1.799,36,-0.38946,-2.44865,0.91716,0,10,0,FALLBACK,0.4884,0.100,0.3718,0,none
1.851,37,-0.39540,-2.36511,0.95268,0,10,0,FALLBACK,0.5066,0.100,0.3808,0,none
1.901,38,-0.39900,-2.43980,0.90112,0,10,0,FALLBACK,0.5130,0.100,0.3897,0,none
1.949,39,-0.41030,-2.35623,1.04995,0,10,0,FALLBACK,0.6080,0.100,0.3985,0,none
2.000,40,-0.40647,-2.67748,1.08018,0,10,0,FALLBACK,0.5132,0.100,0.4068,0,none
2.051,41,-0.39947,-2.63443,1.31382,0,10,0,FALLBACK,0.4623,0.100,0.4157,0,none
2.102,42,-0.39112,-2.75531,1.20715,0,10,0,FALLBACK,0.4138,0.100,0.4244,0,none
2.152,43,-0.38121,-2.93298,1.29938,0,10,0,FALLBACK,0.3565,0.100,0.4331,0,none
2.201,44,-0.36994,-2.59308,1.38701,0,10,0,FALLBACK,0.2934,0.100,0.4416,0,none
2.250,45,-0.35768,-2.95289,1.15658,0,10,0,FALLBACK,0.2270,0.100,0.4502,0,none
2.299,46,-0.34481,-2.86440,1.18695,0,10,0,FALLBACK,0.1597,0.100,0.4586,0,none
2.352,47,-0.33226,-2.86286,1.18323,0,10,0,FALLBACK,0.0986,0.100,0.4669,0,none
2.400,48,-0.32020,-2.78838,1.24170,0,10,0,FALLBACK,0.0407,0.100,0.4751,0,none
2.453,49,-0.30871,-2.84017,1.09667,0,10,0,FALLBACK,-0.0139,0.100,0.4832,0,none
2.501,50,-0.29811,-2.96516,1.24888,0,10,0,FALLBACK,-0.0624,0.100,0.4912,0,none
2.551,51,-0.30574,-3.02282,1.22614,0,10,0,FALLBACK,0.0669,0.100,0.4991,0,none
2.601,52,-0.29084,-2.87652,1.17832,0,10,0,FALLBACK,-0.1203,0.100,0.5068,0,none
2.651,53,-0.27537,-2.91289,1.26646,0,10,0,FALLBACK,-0.2005,0.100,0.5142,0,none
2.703,54,-0.26396,-2.95408,1.25866,0,10,0,FALLBACK,-0.2372,0.100,0.5217,0,none
2.749,55,-0.25559,-2.98187,1.35982,0,10,0,FALLBACK,-0.2639,0.100,0.5292,0,none
2.802,56,-0.24979,-2.90404,1.25246,0,10,0,FALLBACK,-0.2800,0.100,0.5366,0,none
2.852,57,-0.24662,-2.82201,1.24314,0,10,0,FALLBACK,-0.2828,0.100,0.5440,0,none
2.884,58,-0.24598,-2.69958,1.18194,0,10,0,FALLBACK,-0.2733,0.100,0.5513,0,none
2.938,59,-0.24762,-2.86238,1.04256,0,10,0,FALLBACK,-0.2537,0.100,0.5586,0,none
2.988,60,-0.26370,-3.02457,1.00663,0,10,0,FALLBACK,-0.1011,0.100,0.5658,0,none
3.036,61,-0.26292,-3.10640,0.88663,0,10,0,FALLBACK,-0.1893,0.100,0.5730,0,none
3.087,62,-0.26271,-2.91791,1.06804,0,10,0,FALLBACK,-0.1875,0.100,0.5799,0,none
3.137,63,-0.26525,-2.94053,1.06960,0,10,0,FALLBACK,-0.1610,0.100,0.5869,0,none
3.186,64,-0.26919,-3.02562,1.08669,0,10,0,FALLBACK,-0.1343,0.100,0.5939,0,none
3.235,65,-0.27396,-2.91347,1.24916,0,10,0,FALLBACK,-0.1064,0.100,0.6007,0,none
3.285,66,-0.27929,-3.00522,1.17915,0,10,0,FALLBACK,-0.0769,0.100,0.6076,0,none
3.337,67,-0.28490,-2.80011,1.46382,0,10,0,FALLBACK,-0.0475,0.100,0.6143,0,none
3.385,68,-0.29047,-2.86043,1.36636,0,10,0,FALLBACK,-0.0197,0.100,0.6210,0,none
3.438,69,-0.30929,-2.83197,1.24832,0,10,0,FALLBACK,0.1405,0.100,0.6286,0,none
3.490,70,-0.30550,-2.93993,1.30081,0,10,0,FALLBACK,0.0085,0.100,0.6340,0,none
3.539,71,-0.29975,-2.99040,1.25609,0,10,0,FALLBACK,-0.0299,0.100,0.6399,0,none
3.587,72,-0.29708,-2.96623,1.22871,0,10,0,FALLBACK,-0.0280,0.100,0.6467,0,none
3.638,73,-0.29516,-2.97421,1.32369,0,10,0,FALLBACK,-0.0338,0.100,0.6527,0,none
3.688,74,-0.29358,-2.83215,1.27819,0,10,0,FALLBACK,-0.0400,0.100,0.6592,0,none
3.735,75,-0.29262,-2.89242,1.24812,0,10,0,FALLBACK,-0.0416,0.100,0.6652,0,none
3.788,76,-0.29223,-3.03184,1.47807,0,10,0,FALLBACK,-0.0408,0.100,0.6714,0,none
3.837,77,-0.31023,-3.02258,1.41853,0,10,0,FALLBACK,0.1412,0.100,0.6774,0,none
3.888,78,-0.29671,-3.09873,1.28870,0,10,0,FALLBACK,-0.0841,0.100,0.6830,0,none
3.938,79,-0.28402,-2.90990,1.23052,0,10,0,FALLBACK,-0.1433,0.100,0.6879,0,none
3.989,80,-0.27655,-2.88302,1.24857,0,10,0,FALLBACK,-0.1546,0.100,0.6947,0,none
4.039,81,-0.27198,-2.79206,1.30203,0,10,0,FALLBACK,-0.1630,0.100,0.7000,0,none
4.090,82,-0.26970,-2.77085,1.22000,0,10,0,FALLBACK,-0.1629,0.100,0.7059,0,none
4.138,83,-0.26978,-2.78867,1.29375,0,10,0,FALLBACK,-0.1507,0.100,0.7116,0,none
4.190,84,-0.29670,-2.81993,1.33171,0,10,0,FALLBACK,0.1181,0.100,0.7172,0,none
4.240,85,-0.28494,-2.83669,1.35098,0,10,0,FALLBACK,-0.1341,0.100,0.7218,0,none
4.288,86,-0.26756,-2.89602,1.16561,0,10,0,FALLBACK,-0.2492,0.100,0.7266,0,none
4.340,87,-0.25985,-2.72777,1.24951,0,10,0,FALLBACK,-0.2392,0.100,0.7321,0,none
4.391,88,-0.25754,-2.79416,1.25037,0,10,0,FALLBACK,-0.2238,0.100,0.7374,0,none
4.440,89,-0.25822,-2.79564,1.05941,0,10,0,FALLBACK,-0.2055,0.100,0.7428,0,none
4.491,90,-0.26169,-2.91432,1.08514,0,10,0,FALLBACK,-0.1743,0.100,0.7482,0,none
4.542,91,-0.28414,-2.81016,1.25137,0,10,0,FALLBACK,0.0330,0.100,0.7535,0,none
4.592,92,-0.27596,-2.68128,1.35431,0,10,0,FALLBACK,-0.1611,0.100,0.7584,0,none
4.642,93,-0.26885,-2.93210,1.30104,0,10,0,FALLBACK,-0.1913,0.100,0.7630,0,none
4.693,94,-0.26775,-2.90043,1.24105,0,10,0,FALLBACK,-0.1668,0.100,0.7681,0,none
4.739,95,-0.26966,-2.84839,1.16336,0,10,0,FALLBACK,-0.1422,0.100,0.7732,0,none
4.792,96,-0.27339,-2.91498,1.06257,0,10,0,FALLBACK,-0.1144,0.100,0.7782,0,none
4.844,97,-0.29837,-2.95809,0.99642,0,10,0,FALLBACK,0.1167,0.100,0.7833,0,none
4.894,98,-0.28896,-3.08472,0.87825,0,10,0,FALLBACK,-0.1023,0.100,0.7875,0,none
4.944,99,-0.27941,-2.88387,1.27006,0,10,0,FALLBACK,-0.1507,0.100,0.7919,0,none
4.993,100,-0.27590,-2.92447,1.29761,0,10,0,FALLBACK,-0.1381,0.100,0.7967,0,none
5.044,101,-0.27546,-2.97731,1.19390,0,10,0,FALLBACK,-0.1249,0.100,0.8015,0,none
5.092,102,-0.27696,-3.09707,1.07432,0,10,0,FALLBACK,-0.1077,0.100,0.8062,0,none
5.143,103,-0.30978,-3.10459,1.11511,0,10,0,FALLBACK,0.2130,0.100,0.8109,0,none
5.191,104,-0.29219,-3.15626,1.38361,0,10,0,FALLBACK,-0.1270,0.100,0.8140,0,none
5.243,105,-0.27440,-3.25770,1.00943,0,10,0,FALLBACK,-0.2170,0.100,0.8174,0,none
5.293,106,-0.26604,-3.09726,1.33139,0,10,0,FALLBACK,-0.2116,0.100,0.8219,0,none
5.342,107,-0.26294,-3.04415,1.24377,0,10,0,FALLBACK,-0.2008,0.100,0.8264,0,none
5.393,108,-0.26345,-3.10737,1.14859,0,10,0,FALLBACK,-0.1802,0.100,0.8309,0,none
5.444,109,-0.26714,-2.99269,1.22402,0,10,0,FALLBACK,-0.1459,0.100,0.8353,0,none
5.494,110,-0.28569,-2.91869,1.30705,0,10,0,FALLBACK,0.0212,0.100,0.8398,0,none
5.543,111,-0.27790,-2.95436,1.19413,0,10,0,FALLBACK,-0.1494,0.100,0.8439,0,none
5.596,112,-0.27132,-2.68641,1.14704,0,10,0,FALLBACK,-0.1763,0.100,0.8478,0,none
5.645,113,-0.27087,-2.63094,1.13265,0,10,0,FALLBACK,-0.1479,0.100,0.8519,0,none
5.696,114,-0.27375,-2.72255,1.05762,0,10,0,FALLBACK,-0.1169,0.100,0.8562,0,none
5.746,115,-0.29105,-2.74138,1.10970,0,10,0,FALLBACK,0.0417,0.100,0.8604,0,none
5.795,116,-0.28696,-2.83016,1.07140,0,10,0,FALLBACK,-0.0857,0.100,0.8643,0,none
5.846,117,-0.28267,-2.95373,1.05292,0,10,0,FALLBACK,-0.1081,0.100,0.8682,0,none
5.896,118,-0.28259,-2.72219,1.13085,0,10,0,FALLBACK,-0.0874,0.100,0.8723,0,none
5.947,119,-0.28469,-2.84869,1.08886,0,10,0,FALLBACK,-0.0661,0.100,0.8763,0,none
5.996,120,-0.28782,-2.86446,0.93444,0,10,0,FALLBACK,-0.0453,0.100,0.8803,0,none
6.044,121,-0.29802,-2.68917,1.07039,0,10,0,FALLBACK,0.0411,0.100,0.8842,0,none
6.097,122,-0.29603,-2.82920,1.18930,0,10,0,FALLBACK,-0.0298,0.100,0.8881,0,none
6.145,123,-0.29234,-2.81314,1.23205,0,10,0,FALLBACK,-0.0568,0.100,0.8919,0,none
6.193,124,-0.29093,-2.82140,1.18638,0,10,0,FALLBACK,-0.0524,0.100,0.8957,0,none
6.246,125,-0.29150,-2.85509,1.22359,0,10,0,FALLBACK,-0.0397,0.100,0.8995,0,none
6.294,126,-0.29312,-3.09172,0.95814,0,10,0,FALLBACK,-0.0263,0.100,0.9032,0,none
6.345,127,-0.29580,-2.86780,1.02085,0,10,0,FALLBACK,-0.0075,0.100,0.9069,0,none
6.395,128,-0.29725,-2.86447,1.16905,0,10,0,FALLBACK,-0.0065,0.100,0.9106,0,none
6.447,129,-0.29848,-2.88240,1.26474,0,10,0,FALLBACK,-0.0015,0.100,0.9143,0,none
6.497,130,-0.29974,-3.06344,0.99947,0,10,0,FALLBACK,0.0050,0.100,0.9179,0,none
6.546,131,-0.30083,-2.97205,1.20004,0,10,0,FALLBACK,0.0096,0.100,0.9214,0,none
6.596,132,-0.30027,-2.86414,1.32461,0,10,0,FALLBACK,-0.0015,0.100,0.9249,0,none
6.646,133,-0.30176,-2.89004,1.23879,0,10,0,FALLBACK,0.0163,0.100,0.9284,0,none
6.697,134,-0.30323,-2.81345,1.23614,0,10,0,FALLBACK,0.0235,0.100,0.9319,0,none
6.748,135,-0.30387,-2.82976,1.19025,0,10,0,FALLBACK,0.0226,0.100,0.9353,0,none
6.796,136,-0.30378,-2.77730,1.17258,0,10,0,FALLBACK,0.0185,0.100,0.9387,0,none
6.846,137,-0.30320,-2.93672,1.18364,0,10,0,FALLBACK,0.0131,0.100,0.9421,0,none
6.895,138,-0.30500,-2.91074,1.08735,0,10,0,FALLBACK,0.0340,0.100,0.9454,0,none
6.946,139,-0.30029,-2.83113,1.12630,0,10,0,FALLBACK,-0.0221,0.100,0.9487,0,none
6.995,140,-0.29516,-2.79943,1.09203,0,10,0,FALLBACK,-0.0498,0.100,0.9519,0,none
7.048,141,-0.29203,-2.66969,1.09647,0,10,0,FALLBACK,-0.0555,0.100,0.9551,0,none
7.098,142,-0.29082,-2.82215,1.07051,0,10,0,FALLBACK,-0.0519,0.100,0.9583,0,none
7.150,143,-0.29812,-2.96206,0.95097,0,10,0,FALLBACK,0.0271,0.100,0.9614,0,none
7.197,144,-0.29163,-2.73778,0.95463,0,10,0,FALLBACK,-0.0743,0.100,0.9645,0,none
7.248,145,-0.28449,-2.84665,0.95102,0,10,0,FALLBACK,-0.1133,0.100,0.9674,0,none
7.298,146,-0.28170,-2.93605,1.09921,0,10,0,FALLBACK,-0.1055,0.100,0.9704,0,none
7.347,147,-0.28261,-2.73017,0.98538,0,10,0,FALLBACK,-0.0824,0.100,0.9734,0,none
7.399,148,-0.28810,-2.78468,0.93400,0,10,0,FALLBACK,-0.0320,0.100,0.9764,0,none
7.450,149,-0.29030,-2.86842,1.13171,0,10,0,FALLBACK,-0.0375,0.100,0.9794,0,none
7.501,150,-0.29245,-2.95620,0.99551,0,10,0,FALLBACK,-0.0270,0.100,0.9823,0,none
7.547,151,-0.29547,-2.86518,1.18553,0,10,0,FALLBACK,-0.0076,0.100,0.9852,0,none
7.598,152,-0.29874,-2.88324,1.24195,0,10,0,FALLBACK,0.0101,0.100,0.9881,0,none
7.650,153,-0.29819,-2.80005,1.13707,0,10,0,FALLBACK,-0.0118,0.100,0.9910,0,none
7.700,154,-0.30347,-2.76226,1.13118,0,10,0,FALLBACK,0.0438,0.100,0.9938,0,none
7.750,155,-0.30860,-2.85057,1.12751,0,10,0,FALLBACK,0.0687,0.100,0.9965,0,none
7.799,156,-0.31113,-3.10619,1.00113,0,10,0,FALLBACK,0.0683,0.100,0.9992,0,none
7.850,157,-0.31123,-2.97438,1.15555,0,10,0,FALLBACK,0.0566,0.100,1.0019,0,none
7.900,158,-0.30680,-3.05765,1.04027,0,10,0,FALLBACK,0.0119,0.100,1.0047,0,none
7.950,159,-0.30672,-3.12034,0.97184,0,10,0,FALLBACK,0.0332,0.100,1.0074,0,none
8.000,160,-0.30681,-2.99823,0.93304,0,10,0,FALLBACK,0.0345,0.100,1.0100,0,none
8.050,161,-0.30560,-3.06124,0.95071,0,10,0,FALLBACK,0.0220,0.100,1.0126,0,none
8.100,162,-0.30337,-3.07302,0.98045,0,10,0,FALLBACK,0.0057,0.100,1.0152,0,none
8.147,163,-0.29951,-3.05490,0.92341,0,10,0,FALLBACK,-0.0218,0.100,1.0178,0,none
8.200,164,-0.29812,-3.02957,0.97225,0,10,0,FALLBACK,-0.0164,0.100,1.0204,0,none
8.249,165,-0.29787,-3.06396,0.97547,0,10,0,FALLBACK,-0.0119,0.100,1.0229,0,none
8.298,166,-0.29813,-2.79409,1.07416,0,10,0,FALLBACK,-0.0080,0.100,1.0254,0,none
8.348,167,-0.29857,-2.79562,1.12107,0,10,0,FALLBACK,-0.0049,0.100,1.0279,0,none
8.398,168,-0.29258,-2.85411,1.06481,0,10,0,FALLBACK,-0.0671,0.100,1.0303,0,none
8.450,169,-0.30047,-2.83663,1.15781,0,10,0,FALLBACK,0.0418,0.100,1.0327,0,none
8.501,170,-0.30976,-2.77464,0.94088,0,10,0,FALLBACK,0.0952,0.100,1.0350,0,none
8.551,171,-0.31503,-2.95362,0.81191,0,10,0,FALLBACK,0.1015,0.100,1.0372,0,none
8.600,172,-0.31624,-2.82826,0.90679,0,10,0,FALLBACK,0.0872,0.100,1.0394,0,none
8.649,173,-0.31489,-3.04398,0.93640,0,10,0,FALLBACK,0.0677,0.100,1.0418,0,none
8.699,174,-0.31054,-2.92972,0.99938,0,10,0,FALLBACK,0.0309,0.100,1.0441,0,none
8.750,175,-0.30507,-3.08544,0.89797,0,10,0,FALLBACK,-0.0020,0.100,1.0464,0,none
8.800,176,-0.29985,-3.17131,0.84352,0,10,0,FALLBACK,-0.0269,0.100,1.0487,0,none
8.849,177,-0.29569,-3.17163,0.73926,0,10,0,FALLBACK,-0.0424,0.100,1.0509,0,none
8.899,178,-0.28937,-2.96387,0.75463,0,10,0,FALLBACK,-0.0847,0.100,1.0531,0,none
8.950,179,-0.29491,-2.98697,0.78883,0,10,0,FALLBACK,0.0023,0.100,1.0552,0,none
9.000,180,-0.30247,-3.15336,0.72664,0,10,0,FALLBACK,0.0501,0.100,1.0574,0,none
9.050,181,-0.30770,-3.13404,0.75084,0,10,0,FALLBACK,0.0646,0.100,1.0594,0,none
9.099,182,-0.29275,-2.93630,0.87390,0,10,0,FALLBACK,-0.1110,0.100,1.0615,0,none
9.154,183,-0.30865,-2.91226,0.87468,0,10,0,FALLBACK,0.1228,0.100,1.0632,0,none
9.202,184,-0.32730,-2.78661,0.79754,0,10,0,FALLBACK,0.2297,0.100,1.0646,0,none
9.252,185,-0.33615,-2.78624,0.89063,0,10,0,FALLBACK,0.2251,0.100,1.0659,0,none
9.302,186,-0.33559,-2.89449,0.88278,0,10,0,FALLBACK,0.1751,0.100,1.0677,0,none
9.335,187,-0.30895,-2.75854,1.01537,0,10,0,FALLBACK,-0.0885,0.100,1.0698,0,none
9.385,188,-0.32329,-2.56418,0.89574,0,10,0,FALLBACK,0.1881,0.100,1.0712,0,none
9.436,189,-0.33669,-2.70469,0.85222,0,10,0,FALLBACK,0.2505,0.100,1.0719,0,none
9.486,190,-0.33837,-2.79928,0.84200,0,10,0,FALLBACK,0.2003,0.100,1.0733,0,none
9.537,191,-0.33230,-2.85693,0.81166,0,10,0,FALLBACK,0.1311,0.100,1.0753,0,none
9.586,192,-0.31150,-2.84797,0.81359,0,10,0,FALLBACK,-0.0465,0.100,1.0774,0,none
9.638,193,-0.31779,-2.63224,0.98288,0,10,0,FALLBACK,0.1204,0.100,1.0791,0,none
9.687,194,-0.32367,-2.78428,0.89580,0,10,0,FALLBACK,0.1478,0.100,1.0806,0,none
9.737,195,-0.32256,-2.80688,0.89726,0,10,0,FALLBACK,0.1072,0.100,1.0823,0,none
9.789,196,-0.31719,-2.63256,1.01253,0,10,0,FALLBACK,0.0592,0.100,1.0842,0,none
9.836,197,-0.30527,-2.62954,0.99574,0,10,0,FALLBACK,-0.0333,0.100,1.0861,0,none
9.888,198,-0.31196,-2.64074,0.82096,0,10,0,FALLBACK,0.0932,0.100,1.0879,0,none
9.937,199,-0.31769,-2.93992,0.77335,0,10,0,FALLBACK,0.1171,0.100,1.0895,0,none
9.988,200,-0.31793,-2.97322,0.79278,0,10,0,FALLBACK,0.0909,0.100,1.0912,0,none
10.040,201,-0.29879,-3.00230,0.75098,0,10,0,FALLBACK,-0.1017,0.100,1.0930,0,none
10.087,202,-0.31389,-2.87183,0.78713,0,10,0,FALLBACK,0.1449,0.100,1.0943,0,none
10.137,203,-0.33092,-2.99944,0.77010,0,10,0,FALLBACK,0.2397,0.100,1.0953,0,none
10.188,204,-0.33712,-3.01874,0.73811,0,10,0,FALLBACK,0.2167,0.100,1.0962,0,none
10.238,205,-0.33372,-2.68953,1.15494,0,10,0,FALLBACK,0.1516,0.100,1.0977,0,none
10.286,206,-0.31132,-2.90753,0.75098,0,10,0,FALLBACK,-0.0554,0.100,1.0996,0,none
10.336,207,-0.32631,-2.96370,0.74872,0,10,0,FALLBACK,0.2065,0.100,1.1010,0,none
10.389,208,-0.33885,-3.04268,0.75809,0,10,0,FALLBACK,0.2570,0.100,1.1014,0,none
10.440,209,-0.33929,-2.95824,0.83388,0,10,0,FALLBACK,0.1986,0.100,1.1025,0,none
10.488,210,-0.30040,-2.96900,0.82413,0,10,0,FALLBACK,-0.1925,0.100,1.1042,0,none
10.538,211,-0.32515,-2.80477,0.83872,0,10,0,FALLBACK,0.2495,0.100,1.1039,0,none
10.589,212,-0.34941,-2.61250,0.75896,0,10,0,FALLBACK,0.3683,0.100,1.1027,0,none
10.637,213,-0.35536,-2.85503,0.87014,0,10,0,FALLBACK,0.3065,0.100,1.1028,0,none
10.688,214,-0.34862,-3.04096,0.70368,0,10,0,FALLBACK,0.2095,0.100,1.1044,0,none
10.740,215,-0.31614,-3.05549,0.75012,0,10,0,FALLBACK,-0.0817,0.100,1.1063,0,none
10.789,216,-0.33095,-2.94955,0.75791,0,10,0,FALLBACK,0.2288,0.100,1.1073,0,none
10.840,217,-0.34395,-2.97055,0.82414,0,10,0,FALLBACK,0.2847,0.100,1.1072,0,none
10.889,218,-0.34313,-3.08040,0.78921,0,10,0,FALLBACK,0.2115,0.100,1.1081,0,none
10.940,219,-0.33362,-2.98343,0.81556,0,10,0,FALLBACK,0.1206,0.100,1.1098,0,none
10.989,220,-0.31263,-3.05897,0.74407,0,10,0,FALLBACK,-0.0418,0.100,1.1116,0,none
11.039,221,-0.32757,-2.86097,0.82322,0,10,0,FALLBACK,0.2125,0.100,1.1130,0,none
11.087,222,-0.33908,-2.94735,0.80396,0,10,0,FALLBACK,0.2530,0.100,1.1133,0,none
11.139,223,-0.33852,-2.97389,0.79725,0,10,0,FALLBACK,0.1898,0.100,1.1143,0,none
11.190,224,-0.31296,-3.10616,0.73985,0,10,0,FALLBACK,-0.0630,0.100,1.1159,0,none
11.238,225,-0.32722,-2.85151,0.89355,0,10,0,FALLBACK,0.2074,0.100,1.1170,0,none
11.289,226,-0.33963,-3.09009,0.78695,0,10,0,FALLBACK,0.2602,0.100,1.1172,0,none
11.339,227,-0.33954,-3.22111,0.73438,0,10,0,FALLBACK,0.1973,0.100,1.1181,0,none
11.389,228,-0.33123,-3.09771,0.73042,0,10,0,FALLBACK,0.1146,0.100,1.1196,0,none
11.439,229,-0.31484,-3.20208,0.78203,0,10,0,FALLBACK,-0.0078,0.100,1.1213,0,none
11.490,230,-0.31709,-3.17594,0.67957,0,10,0,FALLBACK,0.0967,0.100,1.1228,0,none
11.542,231,-0.31853,-2.98811,0.72322,0,10,0,FALLBACK,0.0998,0.100,1.1240,0,none
11.591,232,-0.31506,-3.12975,0.68124,0,10,0,FALLBACK,0.0580,0.100,1.1254,0,none
11.642,233,-0.29313,-3.04000,0.73723,0,10,0,FALLBACK,-0.1440,0.100,1.1269,0,none
11.692,234,-0.31147,-3.08580,0.75606,0,10,0,FALLBACK,0.1490,0.100,1.1277,0,none
11.742,235,-0.32942,-3.07930,0.71540,0,10,0,FALLBACK,0.2369,0.100,1.1279,0,none
11.790,236,-0.33554,-3.14521,0.71054,0,10,0,FALLBACK,0.2083,0.100,1.1286,0,none
11.839,237,-0.33270,-3.08188,0.77199,0,10,0,FALLBACK,0.1493,0.100,1.1299,0,none
11.891,238,-0.32050,-3.16493,0.69899,0,10,0,FALLBACK,0.0415,0.100,1.1314,0,none
11.940,239,-0.32688,-3.03609,0.71776,0,10,0,FALLBACK,0.1663,0.100,1.1329,0,none
11.992,240,-0.32988,-3.10930,0.77227,0,10,0,FALLBACK,0.1644,0.100,1.1338,0,none
12.042,241,-0.32525,-3.03130,0.73517,0,10,0,FALLBACK,0.1031,0.100,1.1350,0,none
12.092,242,-0.30132,-3.08783,0.74209,0,10,0,FALLBACK,-0.1130,0.100,1.1364,0,none
12.142,243,-0.31338,-2.96279,0.76346,0,10,0,FALLBACK,0.1272,0.100,1.1371,0,none
12.190,244,-0.33112,-2.87100,0.75488,0,10,0,FALLBACK,0.2443,0.100,1.1378,0,none
12.240,245,-0.33960,-3.14052,0.72640,0,10,0,FALLBACK,0.2404,0.100,1.1383,0,none
12.291,246,-0.31645,-3.16139,0.73442,0,10,0,FALLBACK,-0.0335,0.100,1.1392,0,none
12.342,247,-0.33062,-3.17592,0.73163,0,10,0,FALLBACK,0.2239,0.100,1.1401,0,none
12.392,248,-0.34253,-3.15768,0.75419,0,10,0,FALLBACK,0.2723,0.100,1.1401,0,none
12.443,249,-0.34143,-3.18049,0.72988,0,10,0,FALLBACK,0.2016,0.100,1.1407,0,none
12.493,250,-0.33161,-3.15870,0.69061,0,10,0,FALLBACK,0.1090,0.100,1.1420,0,none
12.543,251,-0.30566,-3.03110,0.70842,0,10,0,FALLBACK,-0.1014,0.100,1.1435,0,none
12.593,252,-0.31913,-3.14336,0.72500,0,10,0,FALLBACK,0.1630,0.100,1.1442,0,none
12.642,253,-0.33168,-3.10612,0.70179,0,10,0,FALLBACK,0.2211,0.100,1.1444,0,none
12.693,254,-0.33302,-3.25331,0.73499,0,10,0,FALLBACK,0.1718,0.100,1.1451,0,none
12.742,255,-0.30191,-3.29374,0.73285,0,10,0,FALLBACK,-0.1460,0.100,1.1463,0,none
12.791,256,-0.32595,-2.97409,0.74939,0,10,0,FALLBACK,0.2500,0.100,1.1464,0,none
12.841,257,-0.34821,-2.89440,0.76628,0,10,0,FALLBACK,0.3524,0.100,1.1450,0,none
12.891,258,-0.35278,-2.86705,0.74031,0,10,0,FALLBACK,0.2867,0.100,1.1448,0,none
12.942,259,-0.34475,-3.17445,0.65313,0,10,0,FALLBACK,0.1836,0.100,1.1460,0,none
12.992,260,-0.31903,-3.21023,0.72035,0,10,0,FALLBACK,-0.0335,0.100,1.1475,0,none
13.040,261,-0.33790,-3.01894,0.71979,0,10,0,FALLBACK,0.2839,0.100,1.1485,0,none
13.094,262,-0.35178,-2.93207,0.71784,0,10,0,FALLBACK,0.3283,0.100,1.1475,0,none
13.143,263,-0.34951,-2.93670,0.72648,0,10,0,FALLBACK,0.2362,0.100,1.1478,0,none
13.191,264,-0.30933,-2.96441,0.78139,0,10,0,FALLBACK,-0.1542,0.100,1.1491,0,none
13.243,265,-0.33784,-2.88551,0.68582,0,10,0,FALLBACK,0.3317,0.100,1.1487,0,none
13.291,266,-0.36318,-2.73480,0.79281,0,10,0,FALLBACK,0.4426,0.100,1.1458,0,none
13.344,267,-0.36610,-2.85355,0.67746,0,10,0,FALLBACK,0.3451,0.100,1.1449,0,none
13.393,268,-0.30473,-3.01605,0.70198,0,10,0,FALLBACK,-0.2832,0.100,1.1461,0,none
13.444,269,-0.34139,-2.91135,0.73614,0,10,0,FALLBACK,0.3903,0.100,1.1425,0,none
13.494,270,-0.37789,-2.77235,0.66944,0,10,0,FALLBACK,0.5719,0.100,1.1369,0,none
13.543,271,-0.38472,-2.87471,0.72538,0,10,0,FALLBACK,0.4578,0.100,1.1342,0,none
13.594,272,-0.37138,-3.01858,0.63656,0,10,0,FALLBACK,0.2902,0.100,1.1354,0,none
13.646,273,-0.31583,-3.03768,0.73986,0,10,0,FALLBACK,-0.1986,0.100,1.1374,0,none
13.693,274,-0.34825,-2.87756,0.64705,0,10,0,FALLBACK,0.4034,0.100,1.1361,0,none
13.742,275,-0.37725,-2.75645,0.75216,0,10,0,FALLBACK,0.5312,0.100,1.1312,0,none
13.794,276,-0.37904,-2.96681,0.67645,0,10,0,FALLBACK,0.4042,0.100,1.1296,0,none
13.843,277,-0.31237,-2.94626,0.64415,0,10,0,FALLBACK,-0.2715,0.100,1.1312,0,none
13.896,278,-0.34783,-2.91911,0.65789,0,10,0,FALLBACK,0.4165,0.100,1.1274,0,none
13.945,279,-0.38310,-2.80624,0.65519,0,10,0,FALLBACK,0.5918,0.100,1.1215,0,none
13.992,280,-0.38801,-2.91594,0.67308,0,10,0,FALLBACK,0.4647,0.100,1.1189,0,none
14.045,281,-0.37301,-3.03524,0.74012,0,10,0,FALLBACK,0.2900,0.100,1.1205,0,none
14.094,282,-0.32008,-3.08835,0.72926,0,10,0,FALLBACK,-0.1642,0.100,1.1227,0,none
14.143,283,-0.33356,-2.94241,0.70908,0,10,0,FALLBACK,0.2352,0.100,1.1217,0,none
14.196,284,-0.35771,-2.81321,0.73686,0,10,0,FALLBACK,0.4093,0.100,1.1214,0,none
14.244,285,-0.36555,-2.86826,0.66187,0,10,0,FALLBACK,0.3670,0.100,1.1210,0,none
14.293,286,-0.30997,-3.00812,0.73957,0,10,0,FALLBACK,-0.2281,0.100,1.1216,0,none
14.343,287,-0.34092,-2.94229,0.67399,0,10,0,FALLBACK,0.3593,0.100,1.1192,0,none
14.394,288,-0.37169,-2.84593,0.71870,0,10,0,FALLBACK,0.5123,0.100,1.1153,0,none
14.445,289,-0.37671,-2.81591,0.74095,0,10,0,FALLBACK,0.4087,0.100,1.1139,0,none
14.493,290,-0.36444,-3.16354,0.67023,0,10,0,FALLBACK,0.2608,0.100,1.1154,0,none
14.547,291,-0.31573,-3.10793,0.75399,0,10,0,FALLBACK,-0.1649,0.100,1.1175,0,none
14.595,292,-0.33210,-3.02545,0.73684,0,10,0,FALLBACK,0.2423,0.100,1.1174,0,none
14.645,293,-0.35473,-3.03216,0.65517,0,10,0,FALLBACK,0.3868,0.100,1.1166,0,none
14.695,294,-0.35920,-3.09358,0.64651,0,10,0,FALLBACK,0.3184,0.100,1.1160,0,none
14.747,295,-0.34833,-3.05732,0.69465,0,10,0,FALLBACK,0.1873,0.100,1.1172,0,none
14.795,296,-0.31613,-3.10943,0.67445,0,10,0,FALLBACK,-0.0803,0.100,1.1191,0,none
14.845,297,-0.34017,-2.95737,0.69322,0,10,0,FALLBACK,0.3211,0.100,1.1201,0,none
14.895,298,-0.36471,-2.85801,0.72296,0,10,0,FALLBACK,0.4462,0.100,1.1188,0,none
14.947,299,-0.36856,-3.04780,0.67896,0,10,0,FALLBACK,0.3621,0.100,1.1180,0,none
14.995,300,-0.31780,-3.05889,0.65959,0,10,0,FALLBACK,-0.1648,0.100,1.1192,0,none
15.046,301,-0.34674,-2.92327,0.70731,0,10,0,FALLBACK,0.3784,0.100,1.1185,0,none
15.096,302,-0.38149,-2.80756,0.72971,0,10,0,FALLBACK,0.5812,0.100,1.1153,0,none
15.147,303,-0.38949,-2.94497,0.66224,0,10,0,FALLBACK,0.4875,0.100,1.1125,0,none
15.197,304,-0.37458,-2.87257,0.70591,0,10,0,FALLBACK,0.2983,0.100,1.1133,0,none
15.247,305,-0.32635,-2.94508,0.70863,0,10,0,FALLBACK,-0.1094,0.100,1.1155,0,none
15.295,306,-0.34950,-2.95254,0.68765,0,10,0,FALLBACK,0.3632,0.100,1.1160,0,none
15.347,307,-0.37559,-2.67253,0.75015,0,10,0,FALLBACK,0.5085,0.100,1.1138,0,none
15.398,308,-0.37790,-2.74672,0.74118,0,10,0,FALLBACK,0.4011,0.100,1.1123,0,none
15.446,309,-0.31586,-2.92624,0.70788,0,10,0,FALLBACK,-0.2309,0.100,1.1135,0,none
15.496,310,-0.34340,-2.97825,0.69627,0,10,0,FALLBACK,0.3546,0.100,1.1115,0,none
15.547,311,-0.38047,-2.91940,0.69433,0,10,0,FALLBACK,0.5878,0.100,1.1080,0,none
15.597,312,-0.39041,-2.89751,0.74332,0,10,0,FALLBACK,0.5017,0.100,1.1050,0,none
15.649,313,-0.37665,-2.88647,0.74801,0,10,0,FALLBACK,0.3144,0.100,1.1057,0,none
15.698,314,-0.32659,-2.97973,0.73899,0,10,0,FALLBACK,-0.1173,0.100,1.1079,0,none
15.750,315,-0.34091,-2.94124,0.68416,0,10,0,FALLBACK,0.2761,0.100,1.1084,0,none
15.799,316,-0.36047,-2.84618,0.77486,0,10,0,FALLBACK,0.4001,0.100,1.1075,0,none
15.848,317,-0.36138,-2.89814,0.73673,0,10,0,FALLBACK,0.3115,0.100,1.1072,0,none
15.898,318,-0.30826,-3.00276,0.75840,0,10,0,FALLBACK,-0.2243,0.100,1.1086,0,none
15.949,319,-0.32771,-2.95565,0.70071,0,10,0,FALLBACK,0.2358,0.100,1.1074,0,none
15.999,320,-0.35675,-2.97829,0.70358,0,10,0,FALLBACK,0.4289,0.100,1.1062,0,none
16.048,321,-0.36606,-2.88853,0.73848,0,10,0,FALLBACK,0.3769,0.100,1.1051,0,none
16.099,322,-0.35754,-3.01355,0.68854,0,10,0,FALLBACK,0.2450,0.100,1.1061,0,none
16.148,323,-0.31257,-3.11921,0.66329,0,10,0,FALLBACK,-0.1619,0.100,1.1077,0,none
16.198,324,-0.31946,-2.96324,0.71236,0,10,0,FALLBACK,0.1317,0.100,1.1087,0,none
16.249,325,-0.33884,-2.91093,0.68014,0,10,0,FALLBACK,0.2911,0.100,1.1090,0,none
16.298,326,-0.35032,-2.90888,0.69058,0,10,0,FALLBACK,0.3090,0.100,1.1094,0,none
16.348,327,-0.34750,-2.86018,0.67741,0,10,0,FALLBACK,0.2234,0.100,1.1099,0,none
16.399,328,-0.32278,-2.87481,0.71380,0,10,0,FALLBACK,-0.0097,0.100,1.1115,0,none
16.449,329,-0.34264,-2.60924,0.68806,0,10,0,FALLBACK,0.3125,0.100,1.1130,0,none
16.499,330,-0.36136,-2.68536,0.70601,0,10,0,FALLBACK,0.4004,0.100,1.1125,0,none
16.550,331,-0.36203,-2.61212,0.74895,0,10,0,FALLBACK,0.3135,0.100,1.1124,0,none
16.600,332,-0.31148,-2.80145,0.67609,0,10,0,FALLBACK,-0.1954,0.100,1.1138,0,none
16.649,333,-0.33908,-2.67574,0.69687,0,10,0,FALLBACK,0.3334,0.100,1.1130,0,none
16.700,334,-0.37344,-2.65915,0.69897,0,10,0,FALLBACK,0.5390,0.100,1.1104,0,none
16.751,335,-0.38298,-2.58609,0.71180,0,10,0,FALLBACK,0.4626,0.100,1.1081,0,none
16.800,336,-0.37089,-2.70655,0.68017,0,10,0,FALLBACK,0.2941,0.100,1.1089,0,none
16.851,337,-0.32826,-2.70415,0.70917,0,10,0,FALLBACK,-0.0719,0.100,1.1111,0,none
16.899,338,-0.34470,-2.66943,0.70861,0,10,0,FALLBACK,0.3057,0.100,1.1120,0,none
16.948,339,-0.36379,-2.77859,0.66092,0,10,0,FALLBACK,0.4143,0.100,1.1111,0,none
16.998,340,-0.36368,-2.76533,0.62984,0,10,0,FALLBACK,0.3179,0.100,1.1108,0,none
17.048,341,-0.30187,-2.85000,0.63052,0,10,0,FALLBACK,-0.2998,0.100,1.1122,0,none
17.102,342,-0.33307,-2.86325,0.62056,0,10,0,FALLBACK,0.3214,0.100,1.1095,0,none
17.148,343,-0.38486,-2.43350,0.81523,0,10,0,FALLBACK,0.6832,0.100,1.1078,0,none
17.198,344,-0.40843,-2.32054,0.81974,0,10,0,FALLBACK,0.6600,0.100,1.0993,0,none
17.250,345,-0.39908,-2.73415,0.68679,0,10,0,FALLBACK,0.4487,0.100,1.0983,0,none
17.298,346,-0.34515,-2.93174,0.64752,0,10,0,FALLBACK,-0.0439,0.100,1.1006,0,none
17.350,347,-0.35569,-2.64757,0.68642,0,10,0,FALLBACK,0.3312,0.100,1.1015,0,none
17.400,348,-0.37069,-2.79989,0.65106,0,10,0,FALLBACK,0.4284,0.100,1.1006,0,none
17.449,349,-0.36613,-2.68446,0.65704,0,10,0,FALLBACK,0.3078,0.100,1.1004,0,none
17.499,350,-0.29554,-2.87623,0.68474,0,10,0,FALLBACK,-0.3752,0.100,1.1021,0,none
17.549,351,-0.31996,-2.62115,0.71708,0,10,0,FALLBACK,0.2219,0.100,1.0980,0,none
17.600,352,-0.35961,-2.37614,0.88134,0,10,0,FALLBACK,0.4963,0.100,1.0955,0,none
17.649,353,-0.37591,-2.28897,0.91760,0,10,0,FALLBACK,0.4610,0.100,1.0931,0,none
17.700,354,-0.37030,-2.72740,0.75073,0,10,0,FALLBACK,0.3234,0.100,1.0937,0,none
17.748,355,-0.32120,-2.64417,0.81587,0,10,0,FALLBACK,-0.1395,0.100,1.0958,0,none
17.800,356,-0.33701,-2.70529,0.73481,0,10,0,FALLBACK,0.2641,0.100,1.0960,0,none
17.850,357,-0.35917,-2.51701,0.78634,0,10,0,FALLBACK,0.4066,0.100,1.0952,0,none
17.902,358,-0.36276,-2.54298,0.80598,0,10,0,FALLBACK,0.3318,0.100,1.0949,0,none
17.951,359,-0.35092,-2.89390,0.72375,0,10,0,FALLBACK,0.1953,0.100,1.0963,0,none
17.999,360,-0.31267,-2.98613,0.70811,0,10,0,FALLBACK,-0.1279,0.100,1.0984,0,none
18.049,361,-0.32955,-2.90731,0.72030,0,10,0,FALLBACK,0.2321,0.100,1.0993,0,none
18.099,362,-0.35044,-2.72397,0.78423,0,10,0,FALLBACK,0.3566,0.100,1.0990,0,none
18.149,363,-0.35493,-2.95060,0.72254,0,10,0,FALLBACK,0.2972,0.100,1.0991,0,none
18.184,364,-0.32337,-3.14417,0.59985,0,10,0,FALLBACK,-0.0410,0.100,1.1003,0,none
18.234,365,-0.32888,-3.04559,0.64552,0,10,0,FALLBACK,0.1720,0.100,1.1016,0,none
18.284,366,-0.33869,-2.99609,0.64311,0,10,0,FALLBACK,0.2425,0.100,1.1026,0,none
18.336,367,-0.33797,-3.35329,0.59996,0,10,0,FALLBACK,0.1862,0.100,1.1036,0,none
18.387,368,-0.32898,-3.37886,0.57935,0,10,0,FALLBACK,0.1000,0.100,1.1052,0,none
18.437,369,-0.32927,-3.23289,0.61833,0,10,0,FALLBACK,0.1478,0.100,1.1070,0,none
18.485,370,-0.29525,-3.28756,0.50172,0,10,0,FALLBACK,-0.1939,0.100,1.1085,0,none
18.534,371,-0.26526,-3.22928,0.52738,0,10,0,FALLBACK,-0.3237,0.100,1.1085,0,none
18.585,372,-0.25045,-3.29499,0.52764,0,10,0,FALLBACK,-0.3218,0.100,1.1088,0,none
18.635,373,-0.27099,-3.35851,0.56221,0,10,0,FALLBACK,-0.0423,0.100,1.1100,0,none
18.687,374,-0.25302,-3.23745,0.55710,0,10,0,FALLBACK,-0.3247,0.100,1.1115,0,none
18.738,375,-0.24046,-3.15846,0.54497,0,10,0,FALLBACK,-0.3605,0.100,1.1110,0,none
18.786,376,-0.24413,-3.10349,0.60972,0,10,0,FALLBACK,-0.2610,0.100,1.1118,0,none
18.837,377,-0.25807,-3.19380,0.59840,0,10,0,FALLBACK,-0.1400,0.100,1.1136,0,none
18.888,378,-0.28627,-2.79808,0.62774,0,10,0,FALLBACK,0.0724,0.100,1.1154,0,none
18.938,379,-0.28530,-3.01195,0.60541,0,10,0,FALLBACK,-0.0783,0.100,1.1164,0,none
18.987,380,-0.28286,-3.24048,0.58212,0,10,0,FALLBACK,-0.0979,0.100,1.1177,0,none
19.037,381,-0.28572,-3.07692,0.58763,0,10,0,FALLBACK,-0.0571,0.100,1.1191,0,none
19.087,382,-0.30852,-3.11364,0.59209,0,10,0,FALLBACK,0.1566,0.100,1.1207,0,none
19.137,383,-0.29346,-3.37217,0.56585,0,10,0,FALLBACK,-0.1080,0.100,1.1213,0,none
19.189,384,-0.27732,-3.38904,0.55703,0,10,0,FALLBACK,-0.1942,0.100,1.1220,0,none
19.240,385,-0.27102,-3.39978,0.55824,0,10,0,FALLBACK,-0.1764,0.100,1.1230,0,none
19.288,386,-0.27234,-3.16126,0.58853,0,10,0,FALLBACK,-0.1317,0.100,1.1244,0,none
19.338,387,-0.28868,-3.31989,0.60602,0,10,0,FALLBACK,0.0251,0.100,1.1259,0,none
19.388,388,-0.27376,-3.27873,0.57057,0,10,0,FALLBACK,-0.2058,0.100,1.1272,0,none
19.438,389,-0.26226,-3.29356,0.54055,0,10,0,FALLBACK,-0.2462,0.100,1.1275,0,none
19.488,390,-0.26239,-3.37928,0.56511,0,10,0,FALLBACK,-0.1874,0.100,1.1285,0,none
19.538,391,-0.29067,-3.29765,0.58650,0,10,0,FALLBACK,0.0948,0.100,1.1299,0,none
19.588,392,-0.27370,-3.31762,0.54535,0,10,0,FALLBACK,-0.2163,0.100,1.1305,0,none
19.638,393,-0.25828,-3.31246,0.55318,0,10,0,FALLBACK,-0.2857,0.100,1.1303,0,none
19.688,394,-0.25686,-3.25967,0.52980,0,10,0,FALLBACK,-0.2228,0.100,1.1309,0,none
19.739,395,-0.26497,-3.11248,0.53747,0,10,0,FALLBACK,-0.1346,0.100,1.1323,0,none
19.791,396,-0.28464,-3.14618,0.59143,0,10,0,FALLBACK,0.0216,0.100,1.1338,0,none
19.840,397,-0.27256,-3.07294,0.54318,0,10,0,FALLBACK,-0.1976,0.100,1.1350,0,none
19.889,398,-0.26369,-3.17193,0.54779,0,10,0,FALLBACK,-0.2259,0.100,1.1354,0,none
19.942,399,-0.26576,-3.30196,0.59733,0,10,0,FALLBACK,-0.1608,0.100,1.1364,0,none
19.991,400,-0.28776,-3.27242,0.61550,0,10,0,FALLBACK,0.0487,0.100,1.1378,0,none
20.041,401,-0.27579,-3.03954,0.58748,0,10,0,FALLBACK,-0.1809,0.100,1.1387,0,none
20.092,402,-0.26560,-3.26471,0.56963,0,10,0,FALLBACK,-0.2230,0.100,1.1391,0,none
20.141,403,-0.26626,-3.33116,0.58725,0,10,0,FALLBACK,-0.1654,0.100,1.1400,0,none
20.192,404,-0.30133,-3.39439,0.56430,0,10,0,FALLBACK,0.1821,0.100,1.1412,0,none
20.238,405,-0.28642,-3.33735,0.56048,0,10,0,FALLBACK,-0.1424,0.100,1.1408,0,none
20.289,406,-0.26149,-3.36661,0.52955,0,10,0,FALLBACK,-0.3172,0.100,1.1407,0,none
20.340,407,-0.24826,-3.43095,0.52314,0,10,0,FALLBACK,-0.3249,0.100,1.1409,0,none
20.389,408,-0.25073,-3.29195,0.57802,0,10,0,FALLBACK,-0.2339,0.100,1.1414,0,none
20.439,409,-0.27112,-3.43614,0.59514,0,10,0,FALLBACK,-0.0425,0.100,1.1428,0,none
20.489,410,-0.26271,-3.32815,0.59781,0,10,0,FALLBACK,-0.2285,0.100,1.1441,0,none
20.542,411,-0.25835,-3.31787,0.60582,0,10,0,FALLBACK,-0.2300,0.100,1.1444,0,none
20.592,412,-0.26491,-3.23656,0.58077,0,10,0,FALLBACK,-0.1426,0.100,1.1454,0,none
20.641,413,-0.29253,-3.30196,0.59968,0,10,0,FALLBACK,0.1007,0.100,1.1468,0,none
20.691,414,-0.28111,-3.12364,0.64155,0,10,0,FALLBACK,-0.1516,0.100,1.1472,0,none
20.742,415,-0.26977,-3.12217,0.63527,0,10,0,FALLBACK,-0.2078,0.100,1.1476,0,none
20.792,416,-0.26900,-3.17586,0.62958,0,10,0,FALLBACK,-0.1589,0.100,1.1484,0,none
20.842,417,-0.29730,-3.18678,0.61393,0,10,0,FALLBACK,0.1280,0.100,1.1496,0,none
20.893,418,-0.27936,-3.27051,0.61342,0,10,0,FALLBACK,-0.1929,0.100,1.1497,0,none
20.942,419,-0.26199,-3.23418,0.57226,0,10,0,FALLBACK,-0.2769,0.100,1.1494,0,none
20.991,420,-0.25853,-3.23129,0.57403,0,10,0,FALLBACK,-0.2247,0.100,1.1498,0,none
21.042,421,-0.26507,-3.11941,0.60578,0,10,0,FALLBACK,-0.1419,0.100,1.1509,0,none
21.092,422,-0.28650,-3.18275,0.61207,0,10,0,FALLBACK,0.0397,0.100,1.1522,0,none
21.142,423,-0.26954,-3.22908,0.59095,0,10,0,FALLBACK,-0.2371,0.100,1.1531,0,none
21.195,424,-0.25660,-3.42409,0.53988,0,10,0,FALLBACK,-0.2817,0.100,1.1528,0,none
21.243,425,-0.25753,-3.33603,0.63553,0,10,0,FALLBACK,-0.2077,0.100,1.1533,0,none
21.294,426,-0.28097,-3.41854,0.60458,0,10,0,FALLBACK,0.0221,0.100,1.1545,0,none
21.342,427,-0.27050,-3.47410,0.62723,0,10,0,FALLBACK,-0.1998,0.100,1.1553,0,none
21.395,428,-0.26232,-3.41492,0.62221,0,10,0,FALLBACK,-0.2293,0.100,1.1555,0,none
21.443,429,-0.26540,-3.46694,0.59636,0,10,0,FALLBACK,-0.1576,0.100,1.1562,0,none
21.492,430,-0.29198,-3.35282,0.61996,0,10,0,FALLBACK,0.0928,0.100,1.1574,0,none
21.544,431,-0.28255,-3.29624,0.66728,0,10,0,FALLBACK,-0.1344,0.100,1.1578,0,none
21.595,432,-0.27264,-3.37312,0.60832,0,10,0,FALLBACK,-0.1864,0.100,1.1582,0,none
21.646,433,-0.27225,-3.27103,0.63316,0,10,0,FALLBACK,-0.1407,0.100,1.1590,0,none
21.694,434,-0.27836,-3.22706,0.67493,0,10,0,FALLBACK,-0.0776,0.100,1.1601,0,none
21.744,435,-0.29044,-3.22449,0.64247,0,10,0,FALLBACK,0.0125,0.100,1.1612,0,none
21.795,436,-0.29084,-3.14440,0.65000,0,10,0,FALLBACK,-0.0437,0.100,1.1623,0,none
21.845,437,-0.29021,-3.14160,0.65825,0,10,0,FALLBACK,-0.0521,0.100,1.1633,0,none
21.893,438,-0.29215,-3.14583,0.64991,0,10,0,FALLBACK,-0.0295,0.100,1.1644,0,none
21.946,439,-0.29973,-3.07868,0.66739,0,10,0,FALLBACK,0.0365,0.100,1.1654,0,none
21.997,440,-0.29602,-3.05390,0.67681,0,10,0,FALLBACK,-0.0385,0.100,1.1664,0,none
22.045,441,-0.29109,-3.06479,0.65052,0,10,0,FALLBACK,-0.0692,0.100,1.1674,0,none
22.096,442,-0.28922,-3.05017,0.69161,0,10,0,FALLBACK,-0.0632,0.100,1.1683,0,none
22.147,443,-0.28995,-3.02051,0.69658,0,10,0,FALLBACK,-0.0466,0.100,1.1693,0,none
22.197,444,-0.29398,-3.04213,0.67979,0,10,0,FALLBACK,-0.0099,0.100,1.1704,0,none
22.249,445,-0.29930,-3.10369,0.70404,0,10,0,FALLBACK,0.0231,0.100,1.1714,0,none
22.298,446,-0.30432,-3.23935,0.69850,0,10,0,FALLBACK,0.0467,0.100,1.1723,0,none
22.347,447,-0.31114,-3.22271,0.64170,0,10,0,FALLBACK,0.0898,0.100,1.1733,0,none
22.399,448,-0.30897,-3.24444,0.63028,0,10,0,FALLBACK,0.0340,0.100,1.1741,0,none
22.448,449,-0.30351,-3.35079,0.63397,0,10,0,FALLBACK,-0.0097,0.100,1.1751,0,none
22.498,450,-0.29827,-3.32751,0.64619,0,10,0,FALLBACK,-0.0349,0.100,1.1760,0,none
22.550,451,-0.29452,-3.24256,0.61461,0,10,0,FALLBACK,-0.0462,0.100,1.1769,0,none
22.599,452,-0.29571,-3.26919,0.64685,0,10,0,FALLBACK,-0.0155,0.100,1.1779,0,none
22.650,453,-0.28580,-3.39254,0.59826,0,10,0,FALLBACK,-0.1205,0.100,1.1788,0,none
22.699,454,-0.27778,-3.24691,0.62939,0,10,0,FALLBACK,-0.1513,0.100,1.1795,0,none
22.748,455,-0.27654,-3.27708,0.62817,0,10,0,FALLBACK,-0.1235,0.100,1.1801,0,none
22.799,456,-0.28686,-3.27524,0.61211,0,10,0,FALLBACK,-0.0141,0.100,1.1810,0,none
22.850,457,-0.28375,-3.20826,0.60553,0,10,0,FALLBACK,-0.0968,0.100,1.1819,0,none
22.898,458,-0.28083,-3.06670,0.65445,0,10,0,FALLBACK,-0.1104,0.100,1.1826,0,none
22.948,459,-0.28308,-3.25394,0.64835,0,10,0,FALLBACK,-0.0734,0.100,1.1834,0,none
22.999,460,-0.29865,-3.21240,0.64825,0,10,0,FALLBACK,0.0711,0.100,1.1842,0,none
23.049,461,-0.29235,-3.14040,0.62774,0,10,0,FALLBACK,-0.0698,0.100,1.1848,0,none
23.099,462,-0.28130,-3.19717,0.62483,0,10,0,FALLBACK,-0.1488,0.100,1.1855,0,none
23.151,463,-0.27589,-3.02001,0.64687,0,10,0,FALLBACK,-0.1475,0.100,1.1859,0,none
23.201,464,-0.28817,-3.05200,0.63068,0,10,0,FALLBACK,0.0022,0.100,1.1866,0,none
23.252,465,-0.28308,-3.07829,0.60386,0,10,0,FALLBACK,-0.1100,0.100,1.1873,0,none
23.302,466,-0.27743,-3.10735,0.65318,0,10,0,FALLBACK,-0.1411,0.100,1.1879,0,none
23.351,467,-0.27822,-3.24800,0.63296,0,10,0,FALLBACK,-0.1050,0.100,1.1885,0,none
23.401,468,-0.28455,-3.18686,0.62129,0,10,0,FALLBACK,-0.0456,0.100,1.1893,0,none
23.433,469,-0.29499,-3.19595,0.59604,0,10,0,FALLBACK,0.0272,0.100,1.1901,0,none
23.484,470,-0.29250,-3.31263,0.62322,0,10,0,FALLBACK,-0.0500,0.100,1.1908,0,none
23.537,471,-0.29007,-3.37121,0.64423,0,10,0,FALLBACK,-0.0618,0.100,1.1915,0,none
23.585,472,-0.29090,-3.52443,0.61574,0,10,0,FALLBACK,-0.0414,0.100,1.1923,0,none
23.637,473,-0.29901,-3.51840,0.70438,0,10,0,FALLBACK,0.0357,0.100,1.1931,0,none
23.686,474,-0.28534,-3.47936,0.65196,0,10,0,FALLBACK,-0.1416,0.100,1.1937,0,none
23.736,475,-0.27431,-3.49773,0.67091,0,10,0,FALLBACK,-0.1836,0.100,1.1939,0,none
23.784,476,-0.27234,-3.39836,0.60951,0,10,0,FALLBACK,-0.1481,0.100,1.1943,0,none
23.835,477,-0.28682,-3.25551,0.67635,0,10,0,FALLBACK,0.0064,0.100,1.1951,0,none
23.886,478,-0.27335,-3.26197,0.61021,0,10,0,FALLBACK,-0.2006,0.100,1.1957,0,none
23.938,479,-0.26359,-3.21653,0.63043,0,10,0,FALLBACK,-0.2309,0.100,1.1954,0,none
23.987,480,-0.26535,-3.23387,0.65719,0,10,0,FALLBACK,-0.1644,0.100,1.1957,0,none
24.038,481,-0.29005,-3.20186,0.68466,0,10,0,FALLBACK,0.0738,0.100,1.1965,0,none
24.088,482,-0.27501,-3.14298,0.67593,0,10,0,FALLBACK,-0.2002,0.100,1.1967,0,none
24.137,483,-0.26189,-3.37169,0.54121,0,10,0,FALLBACK,-0.2562,0.100,1.1961,0,none
24.187,484,-0.26131,-3.17620,0.61093,0,10,0,FALLBACK,-0.1963,0.100,1.1962,0,none
24.236,485,-0.29471,-3.30277,0.61306,0,10,0,FALLBACK,0.1405,0.100,1.1968,0,none
24.284,486,-0.27511,-3.40988,0.60528,0,10,0,FALLBACK,-0.2224,0.100,1.1963,0,none
24.334,487,-0.25099,-3.47676,0.59562,0,10,0,FALLBACK,-0.3657,0.100,1.1951,0,none
24.387,488,-0.24588,-3.35400,0.59389,0,10,0,FALLBACK,-0.2961,0.100,1.1937,0,none
24.438,489,-0.28630,-3.35171,0.60957,0,10,0,FALLBACK,0.1335,0.100,1.1943,0,none
24.487,490,-0.26142,-3.49817,0.59447,0,10,0,FALLBACK,-0.3173,0.100,1.1932,0,none
24.536,491,-0.23888,-3.57842,0.59156,0,10,0,FALLBACK,-0.4183,0.100,1.1904,0,none
24.587,492,-0.23813,-3.46050,0.62051,0,10,0,FALLBACK,-0.3131,0.100,1.1893,0,none
24.637,493,-0.25232,-3.48124,0.69456,0,10,0,FALLBACK,-0.1674,0.100,1.1902,0,none
24.687,494,-0.27644,-3.34691,0.91828,0,10,0,FALLBACK,0.0028,0.100,1.1913,0,none
24.737,495,-0.26796,-3.47034,0.75047,0,10,0,FALLBACK,-0.2026,0.100,1.1919,0,none
24.788,496,-0.26301,-3.60768,0.64033,0,10,0,FALLBACK,-0.2097,0.100,1.1918,0,none
24.838,497,-0.26901,-3.61219,0.66303,0,10,0,FALLBACK,-0.1250,0.100,1.1922,0,none
24.889,498,-0.29054,-3.41129,0.71558,0,10,0,FALLBACK,0.0603,0.100,1.1931,0,none
24.936,499,-0.26654,-3.47698,0.66531,0,10,0,FALLBACK,-0.2873,0.100,1.1935,0,none
24.990,500,-0.24807,-3.39553,0.63245,0,10,0,FALLBACK,-0.3520,0.100,1.1918,0,none
25.042,501,-0.24756,-3.43906,0.61773,0,10,0,FALLBACK,-0.2647,0.100,1.1914,0,none
25.088,502,-0.27683,-3.57516,0.67166,0,10,0,FALLBACK,0.0305,0.100,1.1920,0,none
25.139,503,-0.25396,-3.50751,0.61247,0,10,0,FALLBACK,-0.3446,0.100,1.1922,0,none
25.187,504,-0.23688,-3.39270,0.60933,0,10,0,FALLBACK,-0.4010,0.100,1.1899,0,none
25.240,505,-0.24027,-3.09909,0.68825,0,10,0,FALLBACK,-0.2817,0.100,1.1893,0,none
25.288,506,-0.27829,-3.39380,0.67128,0,10,0,FALLBACK,0.0816,0.100,1.1903,0,none
25.340,507,-0.25697,-3.46676,0.69850,0,10,0,FALLBACK,-0.3218,0.100,1.1899,0,none
25.390,508,-0.23951,-3.43884,0.64587,0,10,0,FALLBACK,-0.3898,0.100,1.1876,0,none
25.441,509,-0.24228,-3.27028,0.68693,0,10,0,FALLBACK,-0.2747,0.100,1.1870,0,none
25.490,510,-0.28202,-3.48614,0.65143,0,10,0,FALLBACK,0.1088,0.100,1.1879,0,none
25.538,511,-0.26394,-3.40328,0.63768,0,10,0,FALLBACK,-0.2707,0.100,1.1873,0,none
25.588,512,-0.24759,-3.54371,0.65543,0,10,0,FALLBACK,-0.3438,0.100,1.1857,0,none
25.640,513,-0.24917,-3.46269,0.72207,0,10,0,FALLBACK,-0.2463,0.100,1.1853,0,none
25.690,514,-0.28806,-3.41859,0.70172,0,10,0,FALLBACK,0.1347,0.100,1.1862,0,none
25.741,515,-0.27121,-3.29882,0.77678,0,10,0,FALLBACK,-0.2282,0.100,1.1854,0,none
25.791,516,-0.25459,-3.06625,1.08748,0,10,0,FALLBACK,-0.3102,0.100,1.1843,0,none
25.840,517,-0.25418,-3.40783,0.78051,0,10,0,FALLBACK,-0.2312,0.100,1.1840,0,none
25.891,518,-0.26486,-3.13617,0.83018,0,10,0,FALLBACK,-0.1223,0.100,1.1849,0,none
25.940,519,-0.28302,-3.01079,0.88200,0,10,0,FALLBACK,0.0059,0.100,1.1859,0,none
25.992,520,-0.27845,-2.94567,0.87331,0,10,0,FALLBACK,-0.1306,0.100,1.1867,0,none
26.041,521,-0.27579,-2.87949,0.92539,0,10,0,FALLBACK,-0.1343,0.100,1.1871,0,none
26.090,522,-0.28011,-2.79269,1.33855,0,10,0,FALLBACK,-0.0778,0.100,1.1878,0,none
26.141,523,-0.29439,-2.74979,1.16043,0,10,0,FALLBACK,0.0433,0.100,1.1887,0,none
26.189,524,-0.28476,-3.17692,0.83043,0,10,0,FALLBACK,-0.1244,0.100,1.1893,0,none
26.239,525,-0.27306,-2.88848,1.09488,0,10,0,FALLBACK,-0.1932,0.100,1.1897,0,none
26.291,526,-0.26914,-2.99420,1.06122,0,10,0,FALLBACK,-0.1738,0.100,1.1901,0,none
26.339,527,-0.28764,-3.02019,1.03556,0,10,0,FALLBACK,0.0307,0.100,1.1907,0,none
26.390,528,-0.26611,-3.22459,1.19175,0,10,0,FALLBACK,-0.2771,0.100,1.1912,0,none
26.442,529,-0.24968,-3.36940,0.84743,0,10,0,FALLBACK,-0.3337,0.100,1.1899,0,none
26.492,530,-0.24999,-3.46252,0.79298,0,10,0,FALLBACK,-0.2485,0.100,1.1897,0,none
26.541,531,-0.28302,-3.32014,0.92784,0,10,0,FALLBACK,0.0803,0.100,1.1905,0,none
26.591,532,-0.26173,-3.29170,0.81488,0,10,0,FALLBACK,-0.2978,0.100,1.1904,0,none
26.642,533,-0.24409,-3.23571,1.02522,0,10,0,FALLBACK,-0.3678,0.100,1.1884,0,none
26.691,534,-0.24539,-3.34644,0.95873,0,10,0,FALLBACK,-0.2666,0.100,1.1880,0,none
26.741,535,-0.28693,-3.43888,1.08871,0,10,0,FALLBACK,0.1424,0.100,1.1889,0,none
26.788,536,-0.26443,-3.24316,0.99857,0,10,0,FALLBACK,-0.2904,0.100,1.1878,0,none
26.840,537,-0.24367,-3.44291,0.91377,0,10,0,FALLBACK,-0.3855,0.100,1.1855,0,none
26.891,538,-0.24304,-3.47081,0.74134,0,10,0,FALLBACK,-0.2879,0.100,1.1847,0,none
26.939,539,-0.29022,-3.12605,1.12755,0,10,0,FALLBACK,0.1870,0.100,1.1856,0,none
26.989,540,-0.26522,-3.33364,0.96332,0,10,0,FALLBACK,-0.2989,0.100,1.1837,0,none
27.039,541,-0.24085,-3.21401,1.17109,0,10,0,FALLBACK,-0.4177,0.100,1.1809,0,none
27.091,542,-0.23840,-3.21729,1.14913,0,10,0,FALLBACK,-0.3203,0.100,1.1798,0,none
27.139,543,-0.25114,-3.15768,1.09772,0,10,0,FALLBACK,-0.1805,0.100,1.1807,0,none
27.191,544,-0.27800,-2.89851,1.38072,0,10,0,FALLBACK,0.0242,0.100,1.1819,0,none
27.240,545,-0.26246,-3.24598,0.92429,0,10,0,FALLBACK,-0.2654,0.100,1.1825,0,none
27.291,546,-0.25170,-3.21289,1.15172,0,10,0,FALLBACK,-0.2953,0.100,1.1816,0,none
27.343,547,-0.25609,-3.11730,1.00212,0,10,0,FALLBACK,-0.1976,0.100,1.1818,0,none
27.390,548,-0.28381,-3.03406,1.45879,0,10,0,FALLBACK,0.0577,0.100,1.1828,0,none
27.443,549,-0.26076,-3.42161,1.03829,0,10,0,FALLBACK,-0.3115,0.100,1.1831,0,none
27.494,550,-0.24298,-3.14223,1.64678,0,10,0,FALLBACK,-0.3740,0.100,1.1811,0,none
27.543,551,-0.24424,-3.19675,1.25929,0,10,0,FALLBACK,-0.2725,0.100,1.1808,0,none
27.593,552,-0.28280,-3.34042,0.96336,0,10,0,FALLBACK,0.1068,0.100,1.1818,0,none
27.644,553,-0.25226,-3.38963,1.19512,0,10,0,FALLBACK,-0.3914,0.100,1.1812,0,none
27.694,554,-0.22732,-3.61748,0.96770,0,10,0,FALLBACK,-0.4881,0.100,1.1773,0,none
27.745,555,-0.22749,-3.47164,1.20262,0,10,0,FALLBACK,-0.3617,0.100,1.1759,0,none
27.792,556,-0.27661,-3.24043,1.34794,0,10,0,FALLBACK,0.1287,0.100,1.1770,0,none
27.842,557,-0.24963,-3.20193,1.71650,0,10,0,FALLBACK,-0.3867,0.100,1.1757,0,none
27.893,558,-0.22612,-3.51405,1.46770,0,10,0,FALLBACK,-0.4869,0.100,1.1717,0,none
27.943,559,-0.22783,-3.20487,1.83722,0,10,0,FALLBACK,-0.3524,0.100,1.1704,0,none
27.992,560,-0.28786,-3.09649,1.56219,0,10,0,FALLBACK,0.2395,0.100,1.1716,0,none
28.043,561,-0.25795,-3.42313,1.06062,0,10,0,FALLBACK,-0.3598,0.100,1.1682,0,none
28.094,562,-0.22821,-3.47480,0.88778,0,10,0,FALLBACK,-0.5077,0.100,1.1638,0,none
28.145,563,-0.22523,-3.14583,1.48089,0,10,0,FALLBACK,-0.3887,0.100,1.1619,0,none
28.192,564,-0.24259,-3.06653,1.63809,0,10,0,FALLBACK,-0.2002,0.100,1.1626,0,none
28.245,565,-0.28280,-3.06223,1.80209,0,10,0,FALLBACK,0.1150,0.100,1.1640,0,none
28.294,566,-0.26513,-3.24832,1.34285,0,10,0,FALLBACK,-0.2627,0.100,1.1641,0,none
28.343,567,-0.24072,-2.96686,1.49979,0,10,0,FALLBACK,-0.4184,0.100,1.1628,0,none
28.394,568,-0.23698,-3.18306,1.51496,0,10,0,FALLBACK,-0.3338,0.100,1.1615,0,none
28.445,569,-0.27069,-2.90364,1.75413,0,10,0,FALLBACK,0.0220,0.100,1.1624,0,none
28.493,570,-0.24284,-2.91352,1.75373,0,10,0,FALLBACK,-0.4250,0.100,1.1629,0,none
28.543,571,-0.22243,-3.01583,1.77534,0,10,0,FALLBACK,-0.4899,0.100,1.1593,0,none
28.592,572,-0.22633,-3.03882,1.72573,0,10,0,FALLBACK,-0.3489,0.100,1.1586,0,none
28.643,573,-0.27339,-2.96208,1.60379,0,10,0,FALLBACK,0.1022,0.100,1.1599,0,none
28.692,574,-0.25422,-2.96476,1.74061,0,10,0,FALLBACK,-0.3247,0.100,1.1593,0,none
28.745,575,-0.23740,-2.97318,1.75911,0,10,0,FALLBACK,-0.3971,0.100,1.1571,0,none
28.793,576,-0.24086,-2.98479,1.73038,0,10,0,FALLBACK,-0.2784,0.100,1.1568,0,none
28.843,577,-0.29640,-2.90224,1.73248,0,10,0,FALLBACK,0.2597,0.100,1.1581,0,none
28.894,578,-0.26765,-2.99995,1.78237,0,10,0,FALLBACK,-0.3055,0.100,1.1552,0,none
28.945,579,-0.23822,-3.14234,1.68590,0,10,0,FALLBACK,-0.4561,0.100,1.1519,0,none
28.997,580,-0.23277,-3.16788,1.59077,0,10,0,FALLBACK,-0.3634,0.100,1.1506,0,none
29.045,581,-0.24488,-2.95809,1.57702,0,10,0,FALLBACK,-0.2150,0.100,1.1515,0,none
29.097,582,-0.27741,-2.98697,1.64451,0,10,0,FALLBACK,0.0497,0.100,1.1530,0,none
29.146,583,-0.26707,-2.85080,1.57339,0,10,0,FALLBACK,-0.2163,0.100,1.1538,0,none
29.196,584,-0.25491,-3.04193,1.55242,0,10,0,FALLBACK,-0.2863,0.100,1.1537,0,none
29.247,585,-0.25638,-2.98031,1.65926,0,10,0,FALLBACK,-0.2107,0.100,1.1540,0,none
29.295,586,-0.29381,-3.11088,1.68548,0,10,0,FALLBACK,0.1562,0.100,1.1551,0,none
29.346,587,-0.26712,-3.14880,1.42096,0,10,0,FALLBACK,-0.2979,0.100,1.1548,0,none
29.396,588,-0.23642,-3.17082,1.52075,0,10,0,FALLBACK,-0.4714,0.100,1.1528,0,none
29.445,589,-0.22785,-2.97572,1.30583,0,10,0,FALLBACK,-0.4036,0.100,1.1511,0,none
29.497,590,-0.26919,-2.94226,1.18847,0,10,0,FALLBACK,0.0526,0.100,1.1517,0,none
29.547,591,-0.25383,-2.98754,1.17090,0,10,0,FALLBACK,-0.3076,0.100,1.1517,0,none
29.595,592,-0.23475,-3.09094,1.41897,0,10,0,FALLBACK,-0.4217,0.100,1.1505,0,none
29.646,593,-0.23514,-2.82087,1.40300,0,10,0,FALLBACK,-0.3223,0.100,1.1498,0,none
29.697,594,-0.25176,-2.80815,1.19390,0,10,0,FALLBACK,-0.1581,0.100,1.1508,0,none
29.749,595,-0.28189,-2.90176,1.38999,0,10,0,FALLBACK,0.0601,0.100,1.1523,0,none
29.799,596,-0.28040,-2.99235,1.33441,0,10,0,FALLBACK,-0.1055,0.100,1.1531,0,none
29.849,597,-0.27567,-2.95949,1.46043,0,10,0,FALLBACK,-0.1453,0.100,1.1538,0,none
29.901,598,-0.27806,-3.05151,1.54632,0,10,0,FALLBACK,-0.0978,0.100,1.1548,0,none
29.950,599,-0.29824,-2.98832,1.49193,0,10,0,FALLBACK,0.0922,0.100,1.1559,0,none
29.998,600,-0.28366,-3.00940,1.42213,0,10,0,FALLBACK,-0.1546,0.100,1.1566,0,none
30.049,601,-0.26676,-3.20372,1.36083,0,10,0,FALLBACK,-0.2507,0.100,1.1569,0,none
30.099,602,-0.26129,-2.82600,1.41541,0,10,0,FALLBACK,-0.2209,0.100,1.1572,0,none
30.150,603,-0.28574,-3.18570,1.34249,0,10,0,FALLBACK,0.0510,0.100,1.1581,0,none
30.199,604,-0.27546,-3.09544,1.14739,0,10,0,FALLBACK,-0.1741,0.100,1.1590,0,none
30.249,605,-0.25992,-2.87788,1.22666,0,10,0,FALLBACK,-0.2781,0.100,1.1593,0,none
30.301,606,-0.25308,-3.02285,1.06545,0,10,0,FALLBACK,-0.2688,0.100,1.1595,0,none
30.351,607,-0.27698,-2.73338,1.06355,0,10,0,FALLBACK,0.0044,0.100,1.1599,0,none
30.401,608,-0.27288,-2.91679,0.91307,0,10,0,FALLBACK,-0.1560,0.100,1.1607,0,none
30.451,609,-0.26665,-2.84941,1.13916,0,10,0,FALLBACK,-0.1980,0.100,1.1613,0,none
30.500,610,-0.26937,-2.67450,1.09938,0,10,0,FALLBACK,-0.1395,0.100,1.1620,0,none
30.551,611,-0.27945,-2.77752,1.15414,0,10,0,FALLBACK,-0.0524,0.100,1.1631,0,none
30.601,612,-0.29671,-2.74930,1.21611,0,10,0,FALLBACK,0.0698,0.100,1.1642,0,none
30.652,613,-0.29791,-2.92231,1.27233,0,10,0,FALLBACK,-0.0045,0.100,1.1650,0,none
30.702,614,-0.29566,-2.99439,1.18274,0,10,0,FALLBACK,-0.0330,0.100,1.1660,0,none
30.752,615,-0.29512,-3.00247,1.00756,0,10,0,FALLBACK,-0.0271,0.100,1.1671,0,none
30.802,616,-0.29783,-2.94661,1.19816,0,10,0,FALLBACK,0.0027,0.100,1.1681,0,none
30.851,617,-0.29722,-2.93998,1.15135,0,10,0,FALLBACK,-0.0170,0.100,1.1691,0,none
30.902,618,-0.29632,-2.90532,1.23483,0,10,0,FALLBACK,-0.0229,0.100,1.1701,0,none
30.952,619,-0.29641,-2.96105,1.18781,0,10,0,FALLBACK,-0.0175,0.100,1.1711,0,none
31.003,620,-0.30129,-2.93064,1.27846,0,10,0,FALLBACK,0.0308,0.100,1.1721,0,none
31.050,621,-0.29807,-3.09719,1.07089,0,10,0,FALLBACK,-0.0258,0.100,1.1730,0,none
31.085,622,-0.29384,-3.18794,1.17708,0,10,0,FALLBACK,-0.0519,0.100,1.1740,0,none
31.134,623,-0.29209,-2.99574,1.18206,0,10,0,FALLBACK,-0.0483,0.100,1.1749,0,none
31.187,624,-0.29263,-3.15666,1.12771,0,10,0,FALLBACK,-0.0342,0.100,1.1758,0,none
31.236,625,-0.29465,-3.05020,1.04292,0,10,0,FALLBACK,-0.0167,0.100,1.1768,0,none
31.284,626,-0.29690,-2.93952,1.15355,0,10,0,FALLBACK,-0.0042,0.100,1.1777,0,none
31.337,627,-0.29921,-3.07187,1.02036,0,10,0,FALLBACK,0.0076,0.100,1.1786,0,none
31.388,628,-0.30122,-2.93512,1.01376,0,10,0,FALLBACK,0.0161,0.100,1.1796,0,none
31.437,629,-0.30342,-3.07976,1.07057,0,10,0,FALLBACK,0.0282,0.100,1.1805,0,none
31.487,630,-0.30180,-3.05159,1.07864,0,10,0,FALLBACK,0.0009,0.100,1.1813,0,none
31.538,631,-0.29966,-2.92679,1.07461,0,10,0,FALLBACK,-0.0124,0.100,1.1822,0,none
31.586,632,-0.29816,-2.90861,1.05220,0,10,0,FALLBACK,-0.0167,0.100,1.1831,0,none
31.635,633,-0.29777,-2.84314,1.07815,0,10,0,FALLBACK,-0.0132,0.100,1.1840,0,none
31.686,634,-0.29708,-3.02258,1.04710,0,10,0,FALLBACK,-0.0180,0.100,1.1848,0,none
31.736,635,-0.29700,-3.04339,1.13087,0,10,0,FALLBACK,-0.0154,0.100,1.1857,0,none
31.788,636,-0.29758,-2.94703,1.17086,0,10,0,FALLBACK,-0.0092,0.100,1.1865,0,none
31.838,637,-0.29801,-3.03213,1.04134,0,10,0,FALLBACK,-0.0078,0.100,1.1874,0,none
31.887,638,-0.29982,-2.90493,1.16168,0,10,0,FALLBACK,0.0082,0.100,1.1882,0,none
31.937,639,-0.30153,-2.91081,1.30865,0,10,0,FALLBACK,0.0162,0.100,1.1890,0,none
31.988,640,-0.30251,-2.87645,1.25385,0,10,0,FALLBACK,0.0175,0.100,1.1898,0,none
32.037,641,-0.30269,-2.89477,1.24797,0,10,0,FALLBACK,0.0144,0.100,1.1906,0,none
32.088,642,-0.30151,-2.97912,1.22872,0,10,0,FALLBACK,0.0016,0.100,1.1914,0,none
32.137,643,-0.30806,-2.73364,1.25895,0,10,0,FALLBACK,0.0730,0.100,1.1922,0,none
32.190,644,-0.31274,-2.80496,1.27734,0,10,0,FALLBACK,0.0871,0.100,1.1928,0,none
32.238,645,-0.31341,-2.77396,1.26796,0,10,0,FALLBACK,0.0704,0.100,1.1935,0,none
32.287,646,-0.30923,-2.81630,1.41427,0,10,0,FALLBACK,0.0253,0.100,1.1943,0,none
32.337,647,-0.30953,-2.85952,1.14633,0,10,0,FALLBACK,0.0491,0.100,1.1950,0,none
32.385,648,-0.30915,-2.89098,1.12633,0,10,0,FALLBACK,0.0439,0.100,1.1958,0,none
32.438,649,-0.30662,-3.00026,1.14868,0,10,0,FALLBACK,0.0205,0.100,1.1965,0,none
32.487,650,-0.30136,-2.94558,1.21976,0,10,0,FALLBACK,-0.0195,0.100,1.1972,0,none
32.537,651,-0.30161,-2.91179,1.22300,0,10,0,FALLBACK,0.0093,0.100,1.1980,0,none
32.587,652,-0.30236,-3.00458,1.07696,0,10,0,FALLBACK,0.0155,0.100,1.1987,0,none
32.640,653,-0.30220,-2.93118,1.19281,0,10,0,FALLBACK,0.0102,0.100,1.1994,0,none
32.690,654,-0.30216,-2.81444,1.16945,0,10,0,FALLBACK,0.0106,0.100,1.2001,0,none
32.741,655,-0.30005,-3.09357,0.93630,0,10,0,FALLBACK,-0.0102,0.100,1.2008,0,none
32.790,656,-0.29806,-3.17846,0.95874,0,10,0,FALLBACK,-0.0196,0.100,1.2015,0,none
32.839,657,-0.29698,-2.96604,1.02866,0,10,0,FALLBACK,-0.0205,0.100,1.2022,0,none
32.892,658,-0.30432,-2.89935,1.18026,0,10,0,FALLBACK,0.0583,0.100,1.2028,0,none
32.940,659,-0.29355,-2.83916,1.21473,0,10,0,FALLBACK,-0.0861,0.100,1.2034,0,none
32.991,660,-0.28348,-2.85887,1.29895,0,10,0,FALLBACK,-0.1329,0.100,1.2037,0,none
33.038,661,-0.27996,-2.75173,1.32537,0,10,0,FALLBACK,-0.1178,0.100,1.2042,0,none
33.090,662,-0.28363,-2.86695,1.26669,0,10,0,FALLBACK,-0.0635,0.100,1.2048,0,none
33.140,663,-0.28694,-2.85772,1.33614,0,10,0,FALLBACK,-0.0487,0.100,1.2055,0,none
33.190,664,-0.29169,-2.86625,1.31648,0,10,0,FALLBACK,-0.0178,0.100,1.2061,0,none
33.241,665,-0.29742,-2.98489,1.32206,0,10,0,FALLBACK,0.0158,0.100,1.2067,0,none
33.291,666,-0.30260,-2.82428,1.28842,0,10,0,FALLBACK,0.0389,0.100,1.2073,0,none
33.341,667,-0.30695,-2.88516,1.28314,0,10,0,FALLBACK,0.0565,0.100,1.2079,0,none
33.391,668,-0.29944,-2.87159,1.28819,0,10,0,FALLBACK,-0.0404,0.100,1.2085,0,none
33.442,669,-0.29209,-2.82914,1.20630,0,10,0,FALLBACK,-0.0762,0.100,1.2090,0,none
33.491,670,-0.28853,-2.78810,1.21922,0,10,0,FALLBACK,-0.0752,0.100,1.2096,0,none
33.541,671,-0.29026,-2.81574,1.22501,0,10,0,FALLBACK,-0.0400,0.100,1.2101,0,none
33.592,672,-0.28407,-2.76476,1.18489,0,10,0,FALLBACK,-0.1106,0.100,1.2107,0,none
33.642,673,-0.28101,-2.81992,1.17898,0,10,0,FALLBACK,-0.1102,0.100,1.2111,0,none
33.691,674,-0.28333,-2.74984,1.22648,0,10,0,FALLBACK,-0.0718,0.100,1.2117,0,none
33.742,675,-0.29081,-2.66473,1.17433,0,10,0,FALLBACK,-0.0085,0.100,1.2122,0,none
33.792,676,-0.29205,-2.67706,1.48034,0,10,0,FALLBACK,-0.0336,0.100,1.2128,0,none
33.842,677,-0.29351,-2.74143,1.30478,0,10,0,FALLBACK,-0.0251,0.100,1.2133,0,none
33.892,678,-0.29662,-2.90084,1.13298,0,10,0,FALLBACK,-0.0013,0.100,1.2139,0,none
33.941,679,-0.30407,-2.81782,1.41024,0,10,0,FALLBACK,0.0576,0.100,1.2145,0,none
33.994,680,-0.29665,-2.98300,1.29320,0,10,0,FALLBACK,-0.0539,0.100,1.2149,0,none
34.042,681,-0.28922,-2.87312,1.35390,0,10,0,FALLBACK,-0.0911,0.100,1.2153,0,none
34.092,682,-0.28636,-3.05452,1.55232,0,10,0,FALLBACK,-0.0825,0.100,1.2157,0,none
34.142,683,-0.29497,-3.06872,1.56874,0,10,0,FALLBACK,0.0179,0.100,1.2163,0,none
34.192,684,-0.28290,-3.01326,1.51549,0,10,0,FALLBACK,-0.1458,0.100,1.2167,0,none
34.243,685,-0.27029,-3.10621,1.56452,0,10,0,FALLBACK,-0.2116,0.100,1.2167,0,none
34.293,686,-0.26660,-3.05405,1.36678,0,10,0,FALLBACK,-0.1855,0.100,1.2168,0,none
34.343,687,-0.28349,-3.07819,1.37528,0,10,0,FALLBACK,0.0019,0.100,1.2171,0,none
34.394,688,-0.27842,-2.92938,1.12835,0,10,0,FALLBACK,-0.1333,0.100,1.2174,0,none
34.442,689,-0.27424,-2.88392,1.38971,0,10,0,FALLBACK,-0.1497,0.100,1.2176,0,none
34.493,690,-0.27733,-2.83598,1.26502,0,10,0,FALLBACK,-0.0979,0.100,1.2180,0,none
34.543,691,-0.30215,-2.82148,1.23300,0,10,0,FALLBACK,0.1349,0.100,1.2185,0,none
34.595,692,-0.28379,-2.80451,1.27825,0,10,0,FALLBACK,-0.1728,0.100,1.2181,0,none
34.643,693,-0.26601,-2.73513,1.22595,0,10,0,FALLBACK,-0.2589,0.100,1.2173,0,none
34.691,694,-0.26179,-2.90257,1.15802,0,10,0,FALLBACK,-0.2121,0.100,1.2169,0,none
34.744,695,-0.28471,-2.97957,1.02654,0,10,0,FALLBACK,0.0382,0.100,1.2174,0,none
34.792,696,-0.27110,-2.93639,1.06858,0,10,0,FALLBACK,-0.2126,0.100,1.2174,0,none
34.844,697,-0.26003,-3.03421,1.13095,0,10,0,FALLBACK,-0.2552,0.100,1.2167,0,none
34.895,698,-0.26219,-3.04754,1.09347,0,10,0,FALLBACK,-0.1782,0.100,1.2166,0,none
34.944,699,-0.28460,-2.78225,1.24714,0,10,0,FALLBACK,0.0350,0.100,1.2172,0,none
34.994,700,-0.28320,-2.98524,1.12587,0,10,0,FALLBACK,-0.0910,0.100,1.2174,0,none
35.044,701,-0.28117,-3.00186,1.15752,0,10,0,FALLBACK,-0.1043,0.100,1.2176,0,none
35.094,702,-0.28481,-2.99626,0.87089,0,10,0,FALLBACK,-0.0577,0.100,1.2181,0,none
35.145,703,-0.30720,-2.84256,1.20776,0,10,0,FALLBACK,0.1479,0.100,1.2186,0,none
35.196,704,-0.29421,-3.10061,1.12333,0,10,0,FALLBACK,-0.0939,0.100,1.2182,0,none
35.245,705,-0.27952,-3.24843,0.94155,0,10,0,FALLBACK,-0.1759,0.100,1.2181,0,none
35.296,706,-0.27410,-2.99133,1.16873,0,10,0,FALLBACK,-0.1566,0.100,1.2182,0,none
35.343,707,-0.27642,-2.99759,1.05546,0,10,0,FALLBACK,-0.1063,0.100,1.2186,0,none
35.394,708,-0.28413,-2.83354,1.11228,0,10,0,FALLBACK,-0.0408,0.100,1.2191,0,none
35.444,709,-0.28467,-2.91922,1.06181,0,10,0,FALLBACK,-0.0740,0.100,1.2196,0,none
35.497,710,-0.28696,-2.96557,1.13744,0,10,0,FALLBACK,-0.0537,0.100,1.2201,0,none
35.547,711,-0.29239,-2.73317,1.19091,0,10,0,FALLBACK,-0.0109,0.100,1.2206,0,none
35.597,712,-0.29990,-2.86026,1.10063,0,10,0,FALLBACK,0.0370,0.100,1.2211,0,none
35.645,713,-0.30079,-2.65810,1.12050,0,10,0,FALLBACK,0.0084,0.100,1.2215,0,none
35.695,714,-0.29991,-2.56449,1.05908,0,10,0,FALLBACK,-0.0048,0.100,1.2219,0,none
35.747,715,-0.29929,-2.66403,1.09694,0,10,0,FALLBACK,-0.0067,0.100,1.2224,0,none
35.796,716,-0.30150,-2.62043,1.04441,0,10,0,FALLBACK,0.0185,0.100,1.2229,0,none
35.846,717,-0.29158,-2.99126,0.98104,0,10,0,FALLBACK,-0.0917,0.100,1.2233,0,none
35.895,718,-0.28237,-2.88445,1.17751,0,10,0,FALLBACK,-0.1342,0.100,1.2236,0,none
35.947,719,-0.27925,-2.94938,1.01274,0,10,0,FALLBACK,-0.1193,0.100,1.2238,0,none
35.995,720,-0.28358,-2.94911,1.04753,0,10,0,FALLBACK,-0.0605,0.100,1.2242,0,none
36.046,721,-0.28565,-2.98623,1.05756,0,10,0,FALLBACK,-0.0614,0.100,1.2247,0,none
36.097,722,-0.28939,-3.04481,1.10512,0,10,0,FALLBACK,-0.0344,0.100,1.2251,0,none
36.148,723,-0.29520,-2.89472,1.26017,0,10,0,FALLBACK,0.0050,0.100,1.2256,0,none
36.198,724,-0.30291,-2.81555,1.20576,0,10,0,FALLBACK,0.0531,0.100,1.2260,0,none
36.246,725,-0.30438,-2.99829,1.17306,0,10,0,FALLBACK,0.0293,0.100,1.2264,0,none
36.295,726,-0.30321,-2.89146,1.16588,0,10,0,FALLBACK,0.0102,0.100,1.2268,0,none
36.346,727,-0.30122,-2.93126,1.12642,0,10,0,FALLBACK,-0.0038,0.100,1.2272,0,none
36.396,728,-0.30222,-3.01006,1.02720,0,10,0,FALLBACK,0.0161,0.100,1.2276,0,none
36.447,729,-0.29378,-2.70561,1.12092,0,10,0,FALLBACK,-0.0733,0.100,1.2280,0,none
36.498,730,-0.28591,-2.77453,1.06069,0,10,0,FALLBACK,-0.1097,0.100,1.2283,0,none
36.547,731,-0.28293,-2.82893,1.13078,0,10,0,FALLBACK,-0.1003,0.100,1.2286,0,none
36.597,732,-0.28527,-2.80273,0.96147,0,10,0,FALLBACK,-0.0620,0.100,1.2289,0,none
36.647,733,-0.29004,-2.77204,1.11282,0,10,0,FALLBACK,-0.0260,0.100,1.2294,0,none
36.697,734,-0.29626,-2.57868,1.07918,0,10,0,FALLBACK,0.0124,0.100,1.2298,0,none
36.746,735,-0.30243,-2.67137,1.09701,0,10,0,FALLBACK,0.0430,0.100,1.2301,0,none
36.797,736,-0.30483,-2.45830,1.07857,0,10,0,FALLBACK,0.0362,0.100,1.2305,0,none
36.847,737,-0.31109,-2.41667,1.09451,0,10,0,FALLBACK,0.0867,0.100,1.2308,0,none
36.898,738,-0.31510,-2.71434,1.13004,0,10,0,FALLBACK,0.0955,0.100,1.2311,0,none
36.947,739,-0.31461,-2.76138,1.15586,0,10,0,FALLBACK,0.0706,0.100,1.2314,0,none
37.000,740,-0.30439,-2.66256,1.15382,0,10,0,FALLBACK,-0.0292,0.100,1.2318,0,none
37.050,741,-0.30813,-2.67265,1.12810,0,10,0,FALLBACK,0.0594,0.100,1.2321,0,none
37.100,742,-0.31300,-2.73759,1.08764,0,10,0,FALLBACK,0.0893,0.100,1.2323,0,none
37.149,743,-0.31366,-2.84135,1.10496,0,10,0,FALLBACK,0.0716,0.100,1.2326,0,none
37.199,744,-0.30614,-2.89505,1.10774,0,10,0,FALLBACK,-0.0069,0.100,1.2329,0,none
37.250,745,-0.30709,-2.69568,1.17129,0,10,0,FALLBACK,0.0402,0.100,1.2333,0,none
37.298,746,-0.30863,-2.86666,0.96024,0,10,0,FALLBACK,0.0509,0.100,1.2336,0,none
37.351,747,-0.30768,-2.61196,1.07495,0,10,0,FALLBACK,0.0337,0.100,1.2339,0,none
37.400,748,-0.29869,-2.71666,1.03110,0,10,0,FALLBACK,-0.0515,0.100,1.2342,0,none
37.449,749,-0.30337,-2.71525,1.03104,0,10,0,FALLBACK,0.0403,0.100,1.2345,0,none
37.500,750,-0.30991,-2.74194,1.04750,0,10,0,FALLBACK,0.0822,0.100,1.2348,0,none
37.549,751,-0.31278,-2.88279,0.81648,0,10,0,FALLBACK,0.0783,0.100,1.2350,0,none
37.600,752,-0.30343,-2.83168,0.77003,0,10,0,FALLBACK,-0.0296,0.100,1.2352,0,none
37.648,753,-0.31034,-2.84284,0.93601,0,10,0,FALLBACK,0.0863,0.100,1.2355,0,none
37.701,754,-0.31805,-2.88875,0.83453,0,10,0,FALLBACK,0.1288,0.100,1.2356,0,none
37.748,755,-0.31979,-2.74769,0.85316,0,10,0,FALLBACK,0.1077,0.100,1.2357,0,none
37.800,756,-0.30747,-2.76736,0.95305,0,10,0,FALLBACK,-0.0243,0.100,1.2360,0,none
37.849,757,-0.31045,-2.73653,0.99211,0,10,0,FALLBACK,0.0671,0.100,1.2362,0,none
37.899,758,-0.31479,-2.95533,0.81122,0,10,0,FALLBACK,0.0957,0.100,1.2364,0,none
37.951,759,-0.31457,-2.94402,0.78338,0,10,0,FALLBACK,0.0718,0.100,1.2366,0,none
37.999,760,-0.29665,-2.82974,0.78381,0,10,0,FALLBACK,-0.1064,0.100,1.2369,0,none
38.049,761,-0.30661,-2.92602,0.75898,0,10,0,FALLBACK,0.0828,0.100,1.2368,0,none
38.101,762,-0.32035,-2.90733,0.83180,0,10,0,FALLBACK,0.1705,0.100,1.2367,0,none
38.151,763,-0.32635,-3.07458,0.76380,0,10,0,FALLBACK,0.1618,0.100,1.2365,0,none
38.202,764,-0.32386,-3.01904,0.75138,0,10,0,FALLBACK,0.1069,0.100,1.2366,0,none
38.250,765,-0.31403,-2.97879,0.80948,0,10,0,FALLBACK,0.0210,0.100,1.2368,0,none
38.299,766,-0.32080,-3.03274,0.73973,0,10,0,FALLBACK,0.1378,0.100,1.2372,0,none
38.349,767,-0.32741,-2.92574,0.77024,0,10,0,FALLBACK,0.1701,0.100,1.2374,0,none
38.400,768,-0.32722,-2.91681,0.75140,0,10,0,FALLBACK,0.1351,0.100,1.2373,0,none
38.451,769,-0.31774,-2.88578,0.82124,0,10,0,FALLBACK,0.0413,0.100,1.2375,0,none
38.501,770,-0.32431,-2.80741,0.76930,0,10,0,FALLBACK,0.1544,0.100,1.2379,0,none
38.534,771,-0.32851,-2.53086,0.90185,0,10,0,FALLBACK,0.1636,0.100,1.2378,0,none
38.587,772,-0.32428,-2.97122,0.74614,0,10,0,FALLBACK,0.1002,0.100,1.2378,0,none
38.635,773,-0.31058,-2.85676,0.73307,0,10,0,FALLBACK,-0.0156,0.100,1.2382,0,none
38.687,774,-0.32440,-3.03621,0.74862,0,10,0,FALLBACK,0.1911,0.100,1.2385,0,none
38.737,775,-0.33420,-2.83479,0.80693,0,10,0,FALLBACK,0.2200,0.100,1.2378,0,none
38.785,776,-0.33243,-3.12227,0.70725,0,10,0,FALLBACK,0.1532,0.100,1.2376,0,none
38.835,777,-0.31800,-3.01753,0.70229,0,10,0,FALLBACK,0.0178,0.100,1.2379,0,none
38.886,778,-0.32666,-3.10049,0.69423,0,10,0,FALLBACK,0.1766,0.100,1.2383,0,none
38.937,779,-0.33162,-3.01119,0.71047,0,10,0,FALLBACK,0.1829,0.100,1.2379,0,none
38.987,780,-0.32691,-3.01237,0.72950,0,10,0,FALLBACK,0.1109,0.100,1.2379,0,none
39.035,781,-0.31063,-3.05549,0.71740,0,10,0,FALLBACK,-0.0282,0.100,1.2383,0,none
39.087,782,-0.31880,-3.03424,0.78120,0,10,0,FALLBACK,0.1349,0.100,1.2385,0,none
39.136,783,-0.32517,-3.04448,0.77912,0,10,0,FALLBACK,0.1577,0.100,1.2383,0,none
39.187,784,-0.32312,-3.07398,0.75530,0,10,0,FALLBACK,0.1053,0.100,1.2383,0,none
39.238,785,-0.30916,-2.88606,0.83365,0,10,0,FALLBACK,-0.0240,0.100,1.2386,0,none
39.288,786,-0.31873,-2.99857,0.76950,0,10,0,FALLBACK,0.1415,0.100,1.2388,0,none
39.336,787,-0.32609,-3.03660,0.75388,0,10,0,FALLBACK,0.1672,0.100,1.2385,0,none
39.390,788,-0.32464,-3.06104,0.74579,0,10,0,FALLBACK,0.1160,0.100,1.2385,0,none
39.438,789,-0.30815,-3.00920,0.79498,0,10,0,FALLBACK,-0.0417,0.100,1.2388,0,none
39.487,790,-0.32211,-2.90289,0.74878,0,10,0,FALLBACK,0.1804,0.100,1.2390,0,none
39.539,791,-0.33323,-2.86739,0.76066,0,10,0,FALLBACK,0.2217,0.100,1.2383,0,none
39.588,792,-0.33269,-2.99994,0.72767,0,10,0,FALLBACK,0.1607,0.100,1.2380,0,none
39.638,793,-0.31301,-2.93253,0.72468,0,10,0,FALLBACK,-0.0333,0.100,1.2383,0,none
39.689,794,-0.32593,-2.85428,0.73192,0,10,0,FALLBACK,0.1942,0.100,1.2384,0,none
39.739,795,-0.33595,-2.87793,0.74226,0,10,0,FALLBACK,0.2299,0.100,1.2376,0,none
39.788,796,-0.33380,-2.94353,0.71593,0,10,0,FALLBACK,0.1582,0.100,1.2373,0,none
39.837,797,-0.31122,-2.91009,0.79304,0,10,0,FALLBACK,-0.0568,0.100,1.2377,0,none
39.887,798,-0.32301,-2.86589,0.71426,0,10,0,FALLBACK,0.1740,0.100,1.2377,0,none
39.941,799,-0.33308,-2.97899,0.74566,0,10,0,FALLBACK,0.2158,0.100,1.2370,0,none
39.991,800,-0.33165,-3.00072,0.69814,0,10,0,FALLBACK,0.1511,0.100,1.2367,0,none
40.042,801,-0.30451,-3.16485,0.68940,0,10,0,FALLBACK,-0.1131,0.100,1.2371,0,none
40.092,802,-0.32533,-3.07948,0.74028,0,10,0,FALLBACK,0.2307,0.100,1.2366,0,none
40.141,803,-0.34388,-3.10530,0.70554,0,10,0,FALLBACK,0.3122,0.100,1.2349,0,none
40.192,804,-0.34582,-2.95486,1.00973,0,10,0,FALLBACK,0.2388,0.100,1.2339,0,none
40.240,805,-0.31807,-2.77913,1.06101,0,10,0,FALLBACK,-0.0484,0.100,1.2340,0,none
40.292,806,-0.32222,-2.87745,0.82371,0,10,0,FALLBACK,0.1319,0.100,1.2337,0,none
40.339,807,-0.33122,-2.83129,0.77658,0,10,0,FALLBACK,0.2010,0.100,1.2339,0,none
40.390,808,-0.33196,-2.97805,0.74003,0,10,0,FALLBACK,0.1635,0.100,1.2337,0,none
40.442,809,-0.30034,-2.88502,0.83121,0,10,0,FALLBACK,-0.1564,0.100,1.2338,0,none
40.490,810,-0.32421,-3.06229,0.68000,0,10,0,FALLBACK,0.2404,0.100,1.2329,0,none
40.539,811,-0.34677,-2.88078,0.69798,0,10,0,FALLBACK,0.3466,0.100,1.2307,0,none
40.592,812,-0.35083,-2.89026,0.75095,0,10,0,FALLBACK,0.2745,0.100,1.2294,0,none
40.642,813,-0.31609,-2.74178,0.83656,0,10,0,FALLBACK,-0.0932,0.100,1.2296,0,none
40.691,814,-0.33409,-2.69503,0.83827,0,10,0,FALLBACK,0.2604,0.100,1.2290,0,none
40.741,815,-0.35014,-2.69938,0.86941,0,10,0,FALLBACK,0.3309,0.100,1.2271,0,none
40.792,816,-0.34852,-2.95384,0.69730,0,10,0,FALLBACK,0.2345,0.100,1.2262,0,none
40.842,817,-0.30981,-2.74507,0.90697,0,10,0,FALLBACK,-0.1446,0.100,1.2267,0,none
40.891,818,-0.32346,-2.91701,0.78174,0,10,0,FALLBACK,0.1855,0.100,1.2256,0,none
40.942,819,-0.33825,-2.76074,0.78065,0,10,0,FALLBACK,0.2652,0.100,1.2244,0,none
40.993,820,-0.33866,-2.86458,0.84744,0,10,0,FALLBACK,0.1953,0.100,1.2239,0,none
41.040,821,-0.32889,-2.86789,0.73992,0,10,0,FALLBACK,0.0956,0.100,1.2243,0,none
41.093,822,-0.31013,-2.97005,0.77740,0,10,0,FALLBACK,-0.0432,0.100,1.2249,0,none
41.142,823,-0.32884,-3.09670,0.72469,0,10,0,FALLBACK,0.2378,0.100,1.2252,0,none
41.193,824,-0.34270,-3.08234,0.69975,0,10,0,FALLBACK,0.2828,0.100,1.2239,0,none
41.241,825,-0.34167,-2.77680,0.78953,0,10,0,FALLBACK,0.2032,0.100,1.2235,0,none
41.290,826,-0.32378,-2.77240,0.85980,0,10,0,FALLBACK,0.0295,0.100,1.2240,0,none
41.342,827,-0.33518,-2.93339,0.79409,0,10,0,FALLBACK,0.2329,0.100,1.2245,0,none
41.392,828,-0.34159,-2.87030,0.86914,0,10,0,FALLBACK,0.2401,0.100,1.2238,0,none
41.441,829,-0.33547,-2.97505,0.74137,0,10,0,FALLBACK,0.1467,0.100,1.2238,0,none
41.491,830,-0.31495,-3.06616,0.78221,0,10,0,FALLBACK,-0.0279,0.100,1.2244,0,none
41.544,831,-0.31933,-2.95406,0.71400,0,10,0,FALLBACK,0.1186,0.100,1.2247,0,none
41.594,832,-0.32288,-2.85338,0.72739,0,10,0,FALLBACK,0.1321,0.100,1.2247,0,none
41.644,833,-0.31926,-3.02560,0.69922,0,10,0,FALLBACK,0.0782,0.100,1.2250,0,none
41.693,834,-0.30239,-3.01023,0.73947,0,10,0,FALLBACK,-0.0724,0.100,1.2255,0,none
41.745,835,-0.31455,-2.89537,0.73029,0,10,0,FALLBACK,0.1335,0.100,1.2257,0,none
41.793,836,-0.32562,-3.01899,0.76248,0,10,0,FALLBACK,0.1835,0.100,1.2254,0,none
41.843,837,-0.32711,-3.00431,0.77177,0,10,0,FALLBACK,0.1430,0.100,1.2253,0,none
41.893,838,-0.30608,-3.09340,0.72803,0,10,0,FALLBACK,-0.0748,0.100,1.2257,0,none
41.943,839,-0.32688,-2.89885,0.71382,0,10,0,FALLBACK,0.2384,0.100,1.2258,0,none
41.993,840,-0.34418,-2.75945,0.79422,0,10,0,FALLBACK,0.3074,0.100,1.2242,0,none
42.044,841,-0.34544,-2.96358,0.77354,0,10,0,FALLBACK,0.2335,0.100,1.2235,0,none
42.094,842,-0.31401,-3.04656,0.74880,0,10,0,FALLBACK,-0.0871,0.100,1.2240,0,none
42.143,843,-0.33362,-3.06082,0.77804,0,10,0,FALLBACK,0.2662,0.100,1.2236,0,none
42.197,844,-0.35039,-3.02088,0.76719,0,10,0,FALLBACK,0.3358,0.100,1.2217,0,none
42.246,845,-0.35148,-3.06391,0.76090,0,10,0,FALLBACK,0.2628,0.100,1.2215,0,none
42.297,846,-0.31623,-2.98108,0.76690,0,10,0,FALLBACK,-0.0951,0.100,1.2213,0,none
42.344,847,-0.32366,-3.04572,0.72093,0,10,0,FALLBACK,0.1554,0.100,1.2205,0,none
42.395,848,-0.33847,-3.08446,0.71724,0,10,0,FALLBACK,0.2664,0.100,1.2205,0,none
42.444,849,-0.34166,-3.21779,0.72170,0,10,0,FALLBACK,0.2243,0.100,1.2198,0,none
42.495,850,-0.30719,-3.24205,0.69600,0,10,0,FALLBACK,-0.1365,0.100,1.2200,0,none
42.544,851,-0.32099,-3.14033,0.70390,0,10,0,FALLBACK,0.1739,0.100,1.2192,0,none
42.595,852,-0.34058,-3.11524,0.73644,0,10,0,FALLBACK,0.3008,0.100,1.2184,0,none
42.644,853,-0.34592,-3.13592,0.73198,0,10,0,FALLBACK,0.2563,0.100,1.2174,0,none
42.695,854,-0.33732,-3.16133,0.74079,0,10,0,FALLBACK,0.1437,0.100,1.2175,0,none
42.746,855,-0.31674,-3.07305,0.71528,0,10,0,FALLBACK,-0.0193,0.100,1.2182,0,none
42.797,856,-0.32956,-3.08033,0.78273,0,10,0,FALLBACK,0.2119,0.100,1.2187,0,none
42.847,857,-0.34156,-3.05837,0.73871,0,10,0,FALLBACK,0.2678,0.100,1.2181,0,none
42.895,858,-0.34023,-3.03411,0.77710,0,10,0,FALLBACK,0.1945,0.100,1.2178,0,none
42.946,859,-0.31965,-3.13303,0.77700,0,10,0,FALLBACK,-0.0046,0.100,1.2182,0,none
42.999,860,-0.33390,-2.96805,0.79829,0,10,0,FALLBACK,0.2407,0.100,1.2186,0,none
43.045,861,-0.34701,-2.99016,0.76340,0,10,0,FALLBACK,0.3006,0.100,1.2179,0,none
43.096,862,-0.34529,-3.01961,0.79073,0,10,0,FALLBACK,0.2179,0.100,1.2173,0,none
43.147,863,-0.31999,-3.13872,0.77709,0,10,0,FALLBACK,-0.0266,0.100,1.2177,0,none
43.198,864,-0.32971,-3.15266,0.76070,0,10,0,FALLBACK,0.1971,0.100,1.2180,0,none
43.248,865,-0.34040,-3.16955,0.78636,0,10,0,FALLBACK,0.2554,0.100,1.2176,0,none
43.297,866,-0.33853,-3.12185,0.72063,0,10,0,FALLBACK,0.1834,0.100,1.2173,0,none
43.347,867,-0.31270,-3.17608,0.78239,0,10,0,FALLBACK,-0.0657,0.100,1.2177,0,none
43.397,868,-0.32224,-3.12336,0.75547,0,10,0,FALLBACK,0.1588,0.100,1.2179,0,none
43.447,869,-0.33438,-3.19844,0.74589,0,10,0,FALLBACK,0.2327,0.100,1.2176,0,none
43.497,870,-0.33532,-3.20058,0.74251,0,10,0,FALLBACK,0.1813,0.100,1.2173,0,none
43.549,871,-0.30398,-3.23753,0.74487,0,10,0,FALLBACK,-0.1368,0.100,1.2177,0,none
43.598,872,-0.32508,-2.97294,0.78945,0,10,0,FALLBACK,0.2309,0.100,1.2172,0,none
43.647,873,-0.35012,-2.90339,0.82144,0,10,0,FALLBACK,0.3758,0.100,1.2156,0,none
43.698,874,-0.35719,-3.01064,0.77851,0,10,0,FALLBACK,0.3213,0.100,1.2140,0,none
43.748,875,-0.31782,-3.12065,0.73205,0,10,0,FALLBACK,-0.1078,0.100,1.2140,0,none
43.800,876,-0.33680,-3.00313,0.74001,0,10,0,FALLBACK,0.2789,0.100,1.2132,0,none
43.847,877,-0.36015,-2.79514,0.85644,0,10,0,FALLBACK,0.4175,0.100,1.2113,0,none
43.896,878,-0.36336,-2.93847,0.80585,0,10,0,FALLBACK,0.3328,0.100,1.2094,0,none
43.948,879,-0.30684,-3.11869,0.75239,0,10,0,FALLBACK,-0.2484,0.100,1.2095,0,none
43.998,880,-0.32955,-2.93301,0.77383,0,10,0,FALLBACK,0.2613,0.100,1.2066,0,none
44.048,881,-0.36281,-2.81643,0.74413,0,10,0,FALLBACK,0.4803,0.100,1.2036,0,none
44.098,882,-0.37304,-2.70665,0.83973,0,10,0,FALLBACK,0.4163,0.100,1.2005,0,none
44.149,883,-0.36078,-3.07455,0.69705,0,10,0,FALLBACK,0.2426,0.100,1.2001,0,none
44.199,884,-0.32480,-3.13925,0.73756,0,10,0,FALLBACK,-0.0559,0.100,1.2012,0,none
44.251,885,-0.33378,-3.21324,0.75857,0,10,0,FALLBACK,0.2138,0.100,1.2018,0,none
44.299,886,-0.34836,-3.04309,0.79427,0,10,0,FALLBACK,0.3147,0.100,1.2016,0,none
44.348,887,-0.35176,-3.03672,0.72809,0,10,0,FALLBACK,0.2758,0.100,1.2009,0,none
44.398,888,-0.32294,-3.06443,0.77716,0,10,0,FALLBACK,-0.0294,0.100,1.2007,0,none
44.452,889,-0.33997,-3.02534,0.81235,0,10,0,FALLBACK,0.2849,0.100,1.2010,0,none
44.501,890,-0.35762,-2.97993,0.80648,0,10,0,FALLBACK,0.3763,0.100,1.1997,0,none
44.553,891,-0.35711,-3.02632,0.88219,0,10,0,FALLBACK,0.2830,0.100,1.1987,0,none
44.603,892,-0.32252,-3.16477,0.73212,0,10,0,FALLBACK,-0.0604,0.100,1.1992,0,none
44.635,893,-0.32971,-3.06669,0.77483,0,10,0,FALLBACK,0.1845,0.100,1.1993,0,none
44.686,894,-0.33802,-3.05475,0.77003,0,10,0,FALLBACK,0.2316,0.100,1.1990,0,none
44.735,895,-0.33451,-3.06083,0.76473,0,10,0,FALLBACK,0.1551,0.100,1.1991,0,none
44.786,896,-0.29573,-3.07988,0.71958,0,10,0,FALLBACK,-0.2153,0.100,1.1999,0,none
44.835,897,-0.31974,-3.06617,0.72472,0,10,0,FALLBACK,0.2188,0.100,1.1985,0,none
44.888,898,-0.34438,-2.94367,0.80227,0,10,0,FALLBACK,0.3451,0.100,1.1966,0,none
44.936,899,-0.35063,-2.96426,0.81855,0,10,0,FALLBACK,0.2844,0.100,1.1955,0,none
44.986,900,-0.34308,-3.19214,0.78464,0,10,0,FALLBACK,0.1777,0.100,1.1961,0,none
45.037,901,-0.32330,-3.00491,0.77113,0,10,0,FALLBACK,0.0176,0.100,1.1971,0,none
45.085,902,-0.33974,-3.12118,0.74266,0,10,0,FALLBACK,0.2809,0.100,1.1979,0,none
45.138,903,-0.34984,-3.02420,0.76259,0,10,0,FALLBACK,0.2997,0.100,1.1967,0,none
45.187,904,-0.34462,-3.15049,0.74615,0,10,0,FALLBACK,0.1970,0.100,1.1967,0,none
45.236,905,-0.31975,-3.16849,0.80396,0,10,0,FALLBACK,-0.0256,0.100,1.1976,0,none
45.288,906,-0.33290,-3.10649,0.77282,0,10,0,FALLBACK,0.2303,0.100,1.1981,0,none
45.337,907,-0.34257,-3.05596,0.76222,0,10,0,FALLBACK,0.2612,0.100,1.1974,0,none
45.388,908,-0.33873,-3.02500,0.85262,0,10,0,FALLBACK,0.1745,0.100,1.1975,0,none
45.438,909,-0.30842,-3.09791,0.82424,0,10,0,FALLBACK,-0.1094,0.100,1.1983,0,none
45.488,910,-0.32921,-3.02993,0.77359,0,10,0,FALLBACK,0.2500,0.100,1.1982,0,none
45.539,911,-0.34742,-2.89283,0.77191,0,10,0,FALLBACK,0.3281,0.100,1.1966,0,none
45.588,912,-0.34853,-3.05319,0.78056,0,10,0,FALLBACK,0.2482,0.100,1.1960,0,none
45.638,913,-0.31328,-3.08821,0.79871,0,10,0,FALLBACK,-0.1099,0.100,1.1967,0,none
45.689,914,-0.33445,-2.96577,0.77449,0,10,0,FALLBACK,0.2781,0.100,1.1964,0,none
45.740,915,-0.35325,-2.74468,0.75672,0,10,0,FALLBACK,0.3602,0.100,1.1943,0,none
45.788,916,-0.35325,-2.96552,0.74875,0,10,0,FALLBACK,0.2662,0.100,1.1936,0,none
45.836,917,-0.30570,-3.06141,0.72684,0,10,0,FALLBACK,-0.2092,0.100,1.1944,0,none
45.888,918,-0.33123,-2.84538,0.77340,0,10,0,FALLBACK,0.2838,0.100,1.1924,0,none
45.938,919,-0.35677,-2.83760,0.80509,0,10,0,FALLBACK,0.4115,0.100,1.1895,0,none
45.988,920,-0.36046,-3.10188,0.77200,0,10,0,FALLBACK,0.3208,0.100,1.1880,0,none
46.039,921,-0.34861,-3.05015,0.78347,0,10,0,FALLBACK,0.1838,0.100,1.1888,0,none
46.090,922,-0.32089,-3.21554,0.74820,0,10,0,FALLBACK,-0.0341,0.100,1.1899,0,none
46.138,923,-0.33161,-2.98282,0.78646,0,10,0,FALLBACK,0.2117,0.100,1.1906,0,none
46.191,924,-0.33946,-2.96208,0.75897,0,10,0,FALLBACK,0.2365,0.100,1.1901,0,none
46.241,925,-0.33523,-3.15701,0.75321,0,10,0,FALLBACK,0.1551,0.100,1.1904,0,none
46.290,926,-0.30683,-3.16612,0.75552,0,10,0,FALLBACK,-0.1078,0.100,1.1911,0,none
46.341,927,-0.31873,-3.19133,0.77768,0,10,0,FALLBACK,0.1531,0.100,1.1911,0,none
46.388,928,-0.33693,-3.06382,0.79862,0,10,0,FALLBACK,0.2757,0.100,1.1911,0,none
46.440,929,-0.34435,-3.13753,0.69325,0,10,0,FALLBACK,0.2589,0.100,1.1909,0,none
46.490,930,-0.32160,-3.16498,0.78368,0,10,0,FALLBACK,-0.0058,0.100,1.1911,0,none
46.538,931,-0.33556,-3.08091,0.77157,0,10,0,FALLBACK,0.2476,0.100,1.1917,0,none
46.591,932,-0.34594,-3.11489,0.77148,0,10,0,FALLBACK,0.2816,0.100,1.1910,0,none
46.640,933,-0.34218,-3.15967,0.71710,0,10,0,FALLBACK,0.1920,0.100,1.1910,0,none
46.692,934,-0.31334,-3.22362,0.68990,0,10,0,FALLBACK,-0.0775,0.100,1.1919,0,none
46.741,935,-0.31786,-3.13037,0.71110,0,10,0,FALLBACK,0.1119,0.100,1.1921,0,none
46.793,936,-0.32368,-2.98661,0.75576,0,10,0,FALLBACK,0.1475,0.100,1.1924,0,none
46.843,937,-0.32162,-3.00499,0.70779,0,10,0,FALLBACK,0.0978,0.100,1.1929,0,none
46.890,938,-0.31450,-3.08889,0.72152,0,10,0,FALLBACK,0.0369,0.100,1.1937,0,none
46.942,939,-0.30161,-2.95844,0.77697,0,10,0,FALLBACK,-0.0564,0.100,1.1945,0,none
46.995,940,-0.31463,-3.13061,0.76475,0,10,0,FALLBACK,0.1382,0.100,1.1951,0,none
47.043,941,-0.32760,-2.99537,0.77925,0,10,0,FALLBACK,0.2028,0.100,1.1953,0,none
47.091,942,-0.33015,-3.07997,0.76580,0,10,0,FALLBACK,0.1636,0.100,1.1953,0,none
47.139,943,-0.31285,-3.16274,0.76601,0,10,0,FALLBACK,-0.0222,0.100,1.1960,0,none
47.192,944,-0.33454,-2.87669,0.81594,0,10,0,FALLBACK,0.2811,0.100,1.1966,0,none
47.241,945,-0.35055,-2.93991,0.84071,0,10,0,FALLBACK,0.3328,0.100,1.1952,0,none
47.292,946,-0.34975,-3.04513,0.74501,0,10,0,FALLBACK,0.2447,0.100,1.1948,0,none
47.340,947,-0.31983,-3.09743,0.78074,0,10,0,FALLBACK,-0.0504,0.100,1.1956,0,none
47.392,948,-0.33474,-3.06308,0.72231,0,10,0,FALLBACK,0.2482,0.100,1.1959,0,none
47.442,949,-0.34683,-2.88551,0.74785,0,10,0,FALLBACK,0.2946,0.100,1.1948,0,none
47.493,950,-0.34367,-3.08753,0.73830,0,10,0,FALLBACK,0.2026,0.100,1.1947,0,none
47.541,951,-0.30085,-3.19566,0.72460,0,10,0,FALLBACK,-0.2099,0.100,1.1955,0,none
47.592,952,-0.32729,-3.05200,0.71938,0,10,0,FALLBACK,0.2686,0.100,1.1940,0,none
47.643,953,-0.35328,-2.91631,0.66039,0,10,0,FALLBACK,0.3964,0.100,1.1913,0,none
47.694,954,-0.35822,-2.98067,0.69188,0,10,0,FALLBACK,0.3158,0.100,1.1899,0,none
47.744,955,-0.34798,-2.96572,0.69718,0,10,0,FALLBACK,0.1886,0.100,1.1906,0,none
47.794,956,-0.32480,-2.85784,0.74082,0,10,0,FALLBACK,0.0081,0.100,1.1917,0,none
47.845,957,-0.34576,-2.81091,0.70512,0,10,0,FALLBACK,0.3336,0.100,1.1925,0,none
47.894,958,-0.35913,-2.87783,0.64792,0,10,0,FALLBACK,0.3625,0.100,1.1905,0,none
47.945,959,-0.35395,-2.95544,0.65584,0,10,0,FALLBACK,0.2439,0.100,1.1902,0,none
47.995,960,-0.32060,-2.84695,0.72301,0,10,0,FALLBACK,-0.0638,0.100,1.1912,0,none
48.043,961,-0.34740,-2.79327,0.69420,0,10,0,FALLBACK,0.3710,0.100,1.1914,0,none
48.095,962,-0.36780,-2.67869,0.71235,0,10,0,FALLBACK,0.4410,0.100,1.1881,0,none
48.143,963,-0.36541,-2.41747,0.86280,0,10,0,FALLBACK,0.3151,0.100,1.1870,0,none
48.194,964,-0.31840,-2.90318,0.67172,0,10,0,FALLBACK,-0.1430,0.100,1.1880,0,none
48.246,965,-0.34378,-2.61635,0.69506,0,10,0,FALLBACK,0.3458,0.100,1.1871,0,none
48.293,966,-0.37803,-2.59311,0.73504,0,10,0,FALLBACK,0.5614,0.100,1.1837,0,none
48.346,967,-0.38835,-2.67210,0.70473,0,10,0,FALLBACK,0.4933,0.100,1.1808,0,none
48.395,968,-0.32128,-2.53203,0.78075,0,10,0,FALLBACK,-0.2289,0.100,1.1799,0,none
48.443,969,-0.34561,-2.87827,0.66503,0,10,0,FALLBACK,0.3497,0.100,1.1750,0,none
48.496,970,-0.38136,-2.98049,0.62716,0,10,0,FALLBACK,0.5855,0.100,1.1727,0,none
48.546,971,-0.39043,-2.93664,0.62540,0,10,0,FALLBACK,0.4975,0.100,1.1688,0,none
48.596,972,-0.37374,-3.11011,0.59835,0,10,0,FALLBACK,0.2853,0.100,1.1686,0,none
48.646,973,-0.33554,-3.11213,0.60957,0,10,0,FALLBACK,-0.0133,0.100,1.1702,0,none
48.695,974,-0.32928,-3.14085,0.58115,0,10,0,FALLBACK,0.1151,0.100,1.1712,0,none
48.746,975,-0.32663,-3.17199,0.54685,0,10,0,FALLBACK,0.1200,0.100,1.1719,0,none
48.795,976,-0.31765,-3.19901,0.53452,0,10,0,FALLBACK,0.0434,0.100,1.1728,0,none
48.845,977,-0.31669,-3.27668,0.55923,0,10,0,FALLBACK,0.0787,0.100,1.1737,0,none
48.895,978,-0.28334,-3.22912,0.49480,0,10,0,FALLBACK,-0.2501,0.100,1.1747,0,none
48.946,979,-0.25239,-3.18146,0.48185,0,10,0,FALLBACK,-0.3927,0.100,1.1738,0,none
48.997,980,-0.23921,-3.31325,0.47915,0,10,0,FALLBACK,-0.3698,0.100,1.1729,0,none
49.048,981,-0.25613,-3.07648,0.58100,0,10,0,FALLBACK,-0.1348,0.100,1.1731,0,none
49.096,982,-0.25447,-3.12418,0.55546,0,10,0,FALLBACK,-0.2359,0.100,1.1742,0,none
49.146,983,-0.25562,-3.07006,0.55694,0,10,0,FALLBACK,-0.2162,0.100,1.1748,0,none
49.197,984,-0.26688,-3.07270,0.55313,0,10,0,FALLBACK,-0.1092,0.100,1.1756,0,none
49.245,985,-0.30801,-2.91410,0.56228,0,10,0,FALLBACK,0.2457,0.100,1.1766,0,none
49.295,986,-0.29937,-2.98100,0.57183,0,10,0,FALLBACK,-0.0464,0.100,1.1754,0,none
49.346,987,-0.28032,-3.14767,0.50796,0,10,0,FALLBACK,-0.1936,0.100,1.1755,0,none
49.397,988,-0.27032,-3.16345,0.51662,0,10,0,FALLBACK,-0.1984,0.100,1.1757,0,none
49.448,989,-0.27059,-3.10020,0.52680,0,10,0,FALLBACK,-0.1457,0.100,1.1763,0,none
49.495,990,-0.28596,-3.07151,0.52711,0,10,0,FALLBACK,0.0066,0.100,1.1773,0,none
49.546,991,-0.26598,-3.27220,0.52662,0,10,0,FALLBACK,-0.2700,0.100,1.1781,0,none
49.597,992,-0.24823,-3.20042,0.46791,0,10,0,FALLBACK,-0.3476,0.100,1.1775,0,none
49.648,993,-0.24686,-3.16755,0.54244,0,10,0,FALLBACK,-0.2726,0.100,1.1771,0,none
49.696,994,-0.27681,-3.20937,0.55392,0,10,0,FALLBACK,0.0338,0.100,1.1779,0,none
49.748,995,-0.25691,-3.22956,0.53033,0,10,0,FALLBACK,-0.3149,0.100,1.1783,0,none
49.797,996,-0.23688,-3.23831,0.46094,0,10,0,FALLBACK,-0.4158,0.100,1.1769,0,none
49.846,997,-0.23663,-3.11100,0.50561,0,10,0,FALLBACK,-0.3181,0.100,1.1759,0,none
49.897,998,-0.27313,-3.25190,0.51628,0,10,0,FALLBACK,0.0482,0.100,1.1766,0,none
49.949,999,-0.26419,-3.05926,0.54119,0,10,0,FALLBACK,-0.2238,0.100,1.1768,0,none
50.000,1000,-0.25191,-3.02632,0.53319,0,10,0,FALLBACK,-0.3018,0.100,1.1764,0,none
50.051,1001,-0.25391,-3.00594,0.54861,0,10,0,FALLBACK,-0.2205,0.100,1.1764,0,none
50.100,1002,-0.30168,-3.03247,0.52391,0,10,0,FALLBACK,0.2473,0.100,1.1772,0,none
50.151,1003,-0.27711,-3.13442,0.52528,0,10,0,FALLBACK,-0.2373,0.100,1.1752,0,none
50.200,1004,-0.24366,-3.41472,0.51206,0,10,0,FALLBACK,-0.4490,0.100,1.1731,0,none
50.250,1005,-0.23148,-3.37843,0.48895,0,10,0,FALLBACK,-0.4035,0.100,1.1710,0,none
50.299,1006,-0.24055,-3.20523,0.55276,0,10,0,FALLBACK,-0.2520,0.100,1.1709,0,none
50.350,1007,-0.26887,-3.19739,0.57540,0,10,0,FALLBACK,-0.0140,0.100,1.1719,0,none
50.401,1008,-0.26457,-3.25946,0.57318,0,10,0,FALLBACK,-0.1986,0.100,1.1731,0,none
50.452,1009,-0.25724,-3.30361,0.55133,0,10,0,FALLBACK,-0.2505,0.100,1.1736,0,none
50.502,1010,-0.25988,-3.46760,0.61077,0,10,0,FALLBACK,-0.1874,0.100,1.1736,0,none
50.535,1011,-0.28703,-3.40589,0.56664,0,10,0,FALLBACK,0.0709,0.100,1.1745,0,none
50.584,1012,-0.26101,-3.67890,0.63718,0,10,0,FALLBACK,-0.3251,0.100,1.1748,0,none
50.635,1013,-0.24039,-3.64286,0.63693,0,10,0,FALLBACK,-0.4012,0.100,1.1726,0,none
50.684,1014,-0.23997,-3.65112,0.65337,0,10,0,FALLBACK,-0.3022,0.100,1.1721,0,none
50.736,1015,-0.27906,-3.55123,0.67293,0,10,0,FALLBACK,0.0907,0.100,1.1731,0,none
50.786,1016,-0.24584,-3.53154,0.67079,0,10,0,FALLBACK,-0.4369,0.100,1.1727,0,none
50.835,1017,-0.21950,-3.57918,0.65465,0,10,0,FALLBACK,-0.5342,0.100,1.1680,0,none
50.887,1018,-0.22037,-3.72039,0.66858,0,10,0,FALLBACK,-0.3938,0.100,1.1664,0,none
50.938,1019,-0.28068,-3.61354,0.68829,0,10,0,FALLBACK,0.2049,0.100,1.1677,0,none
50.988,1020,-0.24214,-3.44763,0.68677,0,10,0,FALLBACK,-0.4820,0.100,1.1647,0,none
51.037,1021,-0.20751,-3.45964,0.67962,0,10,0,FALLBACK,-0.6355,0.100,1.1575,0,none
51.088,1022,-0.20595,-3.63558,0.67735,0,10,0,FALLBACK,-0.4781,0.100,1.1545,0,none
51.138,1023,-0.28640,-3.57542,0.69055,0,10,0,FALLBACK,0.3342,0.100,1.1558,0,none
51.190,1024,-0.24172,-3.52804,0.67622,0,10,0,FALLBACK,-0.5148,0.100,1.1488,0,none
51.239,1025,-0.19661,-3.75120,0.70626,0,10,0,FALLBACK,-0.7425,0.100,1.1390,0,none
51.290,1026,-0.19051,-3.63291,0.69409,0,10,0,FALLBACK,-0.5780,0.100,1.1339,0,none
51.339,1027,-0.21187,-3.55752,0.73541,0,10,0,FALLBACK,-0.3338,0.100,1.1349,0,none
51.389,1028,-0.26721,-3.52109,0.74316,0,10,0,FALLBACK,0.1127,0.100,1.1374,0,none
51.440,1029,-0.23587,-3.67080,0.71289,0,10,0,FALLBACK,-0.4774,0.100,1.1369,0,none
51.490,1030,-0.21125,-3.71867,0.74531,0,10,0,FALLBACK,-0.5668,0.100,1.1313,0,none
51.540,1031,-0.21526,-3.86417,0.76604,0,10,0,FALLBACK,-0.4036,0.100,1.1301,0,none
51.588,1032,-0.28103,-3.64325,0.73523,0,10,0,FALLBACK,0.2340,0.100,1.1319,0,none
51.640,1033,-0.23683,-4.02450,0.75510,0,10,0,FALLBACK,-0.5368,0.100,1.1286,0,none
51.690,1034,-0.19687,-3.82581,0.77732,0,10,0,FALLBACK,-0.7155,0.100,1.1198,0,none
51.739,1035,-0.19327,-3.90269,0.78542,0,10,0,FALLBACK,-0.5517,0.100,1.1163,0,none
51.791,1036,-0.27290,-3.65226,0.81566,0,10,0,FALLBACK,0.2626,0.100,1.1180,0,none
51.839,1037,-0.23469,-3.78443,0.78085,0,10,0,FALLBACK,-0.5175,0.100,1.1126,0,none
51.889,1038,-0.19680,-3.76777,0.80644,0,10,0,FALLBACK,-0.7054,0.100,1.1044,0,none
51.938,1039,-0.19451,-3.85610,0.80519,0,10,0,FALLBACK,-0.5389,0.100,1.1011,0,none
51.989,1040,-0.21441,-3.62120,0.86474,0,10,0,FALLBACK,-0.3284,0.100,1.1031,0,none
52.042,1041,-0.27915,-3.65771,0.79822,0,10,0,FALLBACK,0.2195,0.100,1.1056,0,none
52.090,1042,-0.24593,-3.65561,0.75068,0,10,0,FALLBACK,-0.4364,0.100,1.1035,0,none
52.141,1043,-0.21595,-3.56717,0.78009,0,10,0,FALLBACK,-0.5702,0.100,1.0982,0,none
52.192,1044,-0.21470,-3.77333,0.79745,0,10,0,FALLBACK,-0.4328,0.100,1.0970,0,none
52.241,1045,-0.29528,-3.75960,0.78574,0,10,0,FALLBACK,0.3793,0.100,1.0989,0,none
52.291,1046,-0.26051,-3.64366,0.77940,0,10,0,FALLBACK,-0.3713,0.100,1.0921,0,none
52.339,1047,-0.20358,-3.76972,0.77509,0,10,0,FALLBACK,-0.7667,0.100,1.0861,0,none
52.390,1048,-0.17592,-3.67734,0.74033,0,10,0,FALLBACK,-0.7587,0.100,1.0813,0,none
52.440,1049,-0.18387,-3.87953,0.81373,0,10,0,FALLBACK,-0.5409,0.100,1.0799,0,none
52.492,1050,-0.24986,-3.69097,0.80658,0,10,0,FALLBACK,0.0792,0.100,1.0827,0,none
52.542,1051,-0.21633,-3.82737,0.84125,0,10,0,FALLBACK,-0.5860,0.100,1.0820,0,none
52.592,1052,-0.18953,-3.84391,0.81490,0,10,0,FALLBACK,-0.6864,0.100,1.0748,0,none
52.641,1053,-0.19509,-3.86514,0.84627,0,10,0,FALLBACK,-0.4967,0.100,1.0735,0,none
52.689,1054,-0.28485,-3.56055,1.01238,0,10,0,FALLBACK,0.3730,0.100,1.0761,0,none
52.738,1055,-0.24682,-3.93487,0.83577,0,10,0,FALLBACK,-0.4560,0.100,1.0687,0,none
52.792,1056,-0.20578,-3.96773,0.82662,0,10,0,FALLBACK,-0.6763,0.100,1.0613,0,none
52.843,1057,-0.19888,-3.77425,0.82385,0,10,0,FALLBACK,-0.5401,0.100,1.0586,0,none
52.893,1058,-0.21303,-3.62437,1.21628,0,10,0,FALLBACK,-0.3641,0.100,1.0609,0,none
52.942,1059,-0.29003,-3.46733,1.34151,0,10,0,FALLBACK,0.3351,0.100,1.0637,0,none
52.993,1060,-0.24601,-3.83200,0.83768,0,10,0,FALLBACK,-0.4900,0.100,1.0591,0,none
53.043,1061,-0.20336,-3.77225,0.84883,0,10,0,FALLBACK,-0.6965,0.100,1.0513,0,none
53.092,1062,-0.19529,-3.92598,0.83635,0,10,0,FALLBACK,-0.5638,0.100,1.0488,0,none
53.143,1063,-0.20834,-4.02746,0.87054,0,10,0,FALLBACK,-0.3931,0.100,1.0511,0,none
53.192,1064,-0.26505,-3.82278,0.89250,0,10,0,FALLBACK,0.1088,0.100,1.0540,0,none
53.244,1065,-0.23003,-3.72387,0.79588,0,10,0,FALLBACK,-0.5250,0.100,1.0540,0,none
53.292,1066,-0.20185,-3.82702,0.86784,0,10,0,FALLBACK,-0.6316,0.100,1.0485,0,none
53.341,1067,-0.20291,-3.62857,0.84752,0,10,0,FALLBACK,-0.4802,0.100,1.0480,0,none
53.392,1068,-0.29593,-3.48878,0.93040,0,10,0,FALLBACK,0.4447,0.100,1.0506,0,none
53.442,1069,-0.24532,-3.70039,0.77315,0,10,0,FALLBACK,-0.5265,0.100,1.0415,0,none
53.493,1070,-0.19159,-3.78400,0.74736,0,10,0,FALLBACK,-0.8106,0.100,1.0312,0,none
53.543,1071,-0.17827,-3.89165,0.79242,0,10,0,FALLBACK,-0.6753,0.100,1.0265,0,none
53.593,1072,-0.18983,-3.67862,0.94749,0,10,0,FALLBACK,-0.4930,0.100,1.0289,0,none
53.645,1073,-0.28018,-3.53401,0.80912,0,10,0,FALLBACK,0.3526,0.100,1.0322,0,none
53.694,1074,-0.23346,-3.83043,0.69643,0,10,0,FALLBACK,-0.5663,0.100,1.0259,0,none
53.745,1075,-0.18692,-3.99122,0.69828,0,10,0,FALLBACK,-0.7980,0.100,1.0160,0,none
53.794,1076,-0.17896,-3.94056,0.68644,0,10,0,FALLBACK,-0.6450,0.100,1.0128,0,none
53.842,1077,-0.19351,-3.74042,0.68884,0,10,0,FALLBACK,-0.4597,0.100,1.0156,0,none
53.891,1078,-0.27778,-3.67189,0.77704,0,10,0,FALLBACK,0.3102,0.100,1.0190,0,none
53.946,1079,-0.23133,-3.71272,0.64390,0,10,0,FALLBACK,-0.5756,0.100,1.0145,0,none
53.994,1080,-0.18710,-3.65888,0.66286,0,10,0,FALLBACK,-0.7856,0.100,1.0051,0,none
54.043,1081,-0.18011,-3.70309,0.71237,0,10,0,FALLBACK,-0.6344,0.100,1.0026,0,none
54.095,1082,-0.19605,-3.88541,0.71382,0,10,0,FALLBACK,-0.4400,0.100,1.0052,0,none
54.145,1083,-0.27917,-3.66251,0.92842,0,10,0,FALLBACK,0.3115,0.100,1.0087,0,none
54.195,1084,-0.23732,-3.63764,0.69401,0,10,0,FALLBACK,-0.5226,0.100,1.0058,0,none
54.246,1085,-0.18498,-3.65536,0.68445,0,10,0,FALLBACK,-0.8369,0.100,0.9988,0,none
54.296,1086,-0.16696,-3.70183,0.70800,0,10,0,FALLBACK,-0.7553,0.100,0.9940,0,none
54.346,1087,-0.17932,-3.68328,0.68543,0,10,0,FALLBACK,-0.5416,0.100,0.9949,0,none
54.396,1088,-0.26390,-3.69417,0.68637,0,10,0,FALLBACK,0.2424,0.100,0.9980,0,none
54.445,1089,-0.22892,-3.79636,0.70230,0,10,0,FALLBACK,-0.5303,0.100,0.9941,0,none
54.496,1090,-0.18261,-3.59721,0.64359,0,10,0,FALLBACK,-0.8185,0.100,0.9909,0,none
54.546,1091,-0.17027,-3.55060,0.67619,0,10,0,FALLBACK,-0.7104,0.100,0.9865,0,none
54.596,1092,-0.18509,-3.55910,0.65781,0,10,0,FALLBACK,-0.5005,0.100,0.9883,0,none
54.646,1093,-0.23857,-3.17076,0.61685,0,10,0,FALLBACK,-0.0397,0.100,0.9920,0,none
54.696,1094,-0.23554,-3.13678,0.63299,0,10,0,FALLBACK,-0.3375,0.100,0.9945,0,none
54.747,1095,-0.22910,-3.11160,0.60684,0,10,0,FALLBACK,-0.3867,0.100,0.9954,0,none
54.797,1096,-0.23830,-3.08133,0.67981,0,10,0,FALLBACK,-0.2625,0.100,0.9972,0,none
54.846,1097,-0.25748,-2.94577,0.61680,0,10,0,FALLBACK,-0.1167,0.100,1.0001,0,none
54.896,1098,-0.25423,-2.73997,0.69411,0,10,0,FALLBACK,-0.2451,0.100,1.0030,0,none
54.947,1099,-0.30883,-2.89124,0.60459,0,10,0,FALLBACK,0.3171,0.100,1.0052,0,none
54.996,1100,-0.36294,-2.35964,0.70558,0,10,0,FALLBACK,0.5853,0.100,1.0039,0,none
55.047,1101,-0.39238,-2.78479,0.59788,0,10,0,FALLBACK,0.6091,0.100,1.0021,0,none
55.097,1102,-0.39907,-2.92186,0.57250,0,10,0,FALLBACK,0.5288,0.100,1.0030,0,none
55.148,1103,-0.35809,-2.87024,0.59760,0,10,0,FALLBACK,0.0856,0.100,1.0055,0,none
55.198,1104,-0.37894,-2.85096,0.58883,0,10,0,FALLBACK,0.4989,0.100,1.0083,0,none
55.247,1105,-0.39925,-2.84745,0.63963,0,10,0,FALLBACK,0.5978,0.100,1.0070,0,none
55.297,1106,-0.39571,-2.98273,0.66182,0,10,0,FALLBACK,0.4608,0.100,1.0070,0,none
55.348,1107,-0.37524,-2.98623,0.63893,0,10,0,FALLBACK,0.2739,0.100,1.0097,0,none
55.397,1108,-0.31460,-3.05779,0.71774,0,10,0,FALLBACK,-0.2301,0.100,1.0130,0,none
55.449,1109,-0.32789,-2.92388,0.79104,0,10,0,FALLBACK,0.2059,0.100,1.0132,0,none
55.498,1110,-0.35045,-2.92975,0.62590,0,10,0,FALLBACK,0.3651,0.100,1.0133,0,none
55.546,1111,-0.35617,-2.94361,0.58490,0,10,0,FALLBACK,0.3095,0.100,1.0140,0,none
55.599,1112,-0.34874,-2.80626,0.68815,0,10,0,FALLBACK,0.2065,0.100,1.0163,0,none
55.648,1113,-0.29433,-2.92457,0.59747,0,10,0,FALLBACK,-0.3004,0.100,1.0190,0,none
55.699,1114,-0.32667,-2.84699,0.55332,0,10,0,FALLBACK,0.2951,0.100,1.0184,0,none
55.751,1115,-0.36795,-2.77914,0.56842,0,10,0,FALLBACK,0.5462,0.100,1.0164,0,none
55.801,1116,-0.38467,-2.80156,0.58017,0,10,0,FALLBACK,0.5069,0.100,1.0148,0,none
55.851,1117,-0.38072,-2.77610,0.53766,0,10,0,FALLBACK,0.3839,0.100,1.0165,0,none
55.900,1118,-0.31973,-2.87649,0.53824,0,10,0,FALLBACK,-0.2063,0.100,1.0193,0,none
55.949,1119,-0.35398,-2.82447,0.59419,0,10,0,FALLBACK,0.4411,0.100,1.0191,0,none
56.000,1120,-0.39493,-2.46376,0.70095,0,10,0,FALLBACK,0.6795,0.100,1.0152,0,none
56.052,1121,-0.40613,-2.66858,0.60716,0,10,0,FALLBACK,0.5866,0.100,1.0125,0,none
56.102,1122,-0.39397,-2.78583,0.66037,0,10,0,FALLBACK,0.4091,0.100,1.0143,0,none
56.151,1123,-0.32201,-2.51151,0.71655,0,10,0,FALLBACK,-0.2497,0.100,1.0176,0,none
56.204,1124,-0.35051,-2.61693,0.69726,0,10,0,FALLBACK,0.3950,0.100,1.0165,0,none
56.237,1125,-0.38853,-2.63744,0.69208,0,10,0,FALLBACK,0.6328,0.100,1.0130,0,none
56.287,1126,-0.39839,-2.62917,0.77954,0,10,0,FALLBACK,0.5413,0.100,1.0107,0,none
56.336,1127,-0.38629,-2.73348,0.67113,0,10,0,FALLBACK,0.3709,0.100,1.0127,0,none
56.386,1128,-0.32061,-2.81574,0.75250,0,10,0,FALLBACK,-0.2253,0.100,1.0159,0,none
56.435,1129,-0.34334,-2.90091,0.70341,0,10,0,FALLBACK,0.3304,0.100,1.0155,0,none
56.488,1130,-0.36917,-2.75337,0.71460,0,10,0,FALLBACK,0.4750,0.100,1.0133,0,none
56.536,1131,-0.37324,-2.77997,0.76898,0,10,0,FALLBACK,0.3865,0.100,1.0138,0,none
56.588,1132,-0.36361,-2.99529,0.66807,0,10,0,FALLBACK,0.2699,0.100,1.0165,0,none
56.637,1133,-0.30875,-2.82648,0.69969,0,10,0,FALLBACK,-0.2305,0.100,1.0194,0,none
56.685,1134,-0.33842,-2.93217,0.68198,0,10,0,FALLBACK,0.3404,0.100,1.0189,0,none
56.737,1135,-0.36648,-2.79462,0.73074,0,10,0,FALLBACK,0.4728,0.100,1.0166,0,none
56.788,1136,-0.37223,-2.89635,0.62531,0,10,0,FALLBACK,0.3899,0.100,1.0171,0,none
56.837,1137,-0.36436,-2.99445,0.62171,0,10,0,FALLBACK,0.2824,0.100,1.0197,0,none
56.886,1138,-0.30775,-2.89000,0.69517,0,10,0,FALLBACK,-0.2443,0.100,1.0226,0,none
56.935,1139,-0.34217,-2.88214,0.66748,0,10,0,FALLBACK,0.3830,0.100,1.0217,0,none
56.988,1140,-0.37434,-2.72267,0.70128,0,10,0,FALLBACK,0.5326,0.100,1.0182,0,none
57.036,1141,-0.38140,-2.86751,0.69744,0,10,0,FALLBACK,0.4423,0.100,1.0182,0,none
57.086,1142,-0.37301,-2.79656,0.66581,0,10,0,FALLBACK,0.3231,0.100,1.0208,0,none
57.136,1143,-0.31570,-2.92997,0.64826,0,10,0,FALLBACK,-0.2081,0.100,1.0237,0,none
57.187,1144,-0.34734,-2.85637,0.67313,0,10,0,FALLBACK,0.3949,0.100,1.0231,0,none
57.238,1145,-0.37637,-2.79872,0.70652,0,10,0,FALLBACK,0.5270,0.100,1.0199,0,none
57.288,1146,-0.38083,-2.74399,0.72682,0,10,0,FALLBACK,0.4265,0.100,1.0200,0,none
57.337,1147,-0.37052,-2.88827,0.65964,0,10,0,FALLBACK,0.3011,0.100,1.0227,0,none
57.388,1148,-0.31685,-2.96953,0.70754,0,10,0,FALLBACK,-0.1841,0.100,1.0256,0,none
57.437,1149,-0.34281,-2.84535,0.69932,0,10,0,FALLBACK,0.3438,0.100,1.0256,0,none
57.487,1150,-0.36681,-2.70112,0.81478,0,10,0,FALLBACK,0.4541,0.100,1.0237,0,none
57.537,1151,-0.36961,-2.73589,0.76761,0,10,0,FALLBACK,0.3620,0.100,1.0244,0,none
57.587,1152,-0.35971,-2.98938,0.69491,0,10,0,FALLBACK,0.2491,0.100,1.0270,0,none
57.640,1153,-0.30730,-3.00906,0.65338,0,10,0,FALLBACK,-0.2256,0.100,1.0298,0,none
57.687,1154,-0.33819,-2.88415,0.76449,0,10,0,FALLBACK,0.3454,0.100,1.0295,0,none
57.738,1155,-0.36695,-3.02845,0.63835,0,10,0,FALLBACK,0.4785,0.100,1.0270,0,none
57.787,1156,-0.37303,-2.86426,0.70588,0,10,0,FALLBACK,0.3956,0.100,1.0273,0,none
57.837,1157,-0.36506,-2.86028,0.69249,0,10,0,FALLBACK,0.2854,0.100,1.0298,0,none
57.887,1158,-0.31450,-3.06950,0.63974,0,10,0,FALLBACK,-0.1803,0.100,1.0326,0,none
57.940,1159,-0.34591,-2.90245,0.69443,0,10,0,FALLBACK,0.3866,0.100,1.0327,0,none
57.990,1160,-0.37384,-2.84415,0.82271,0,10,0,FALLBACK,0.5088,0.100,1.0297,0,none
58.038,1161,-0.37812,-2.92573,0.67131,0,10,0,FALLBACK,0.4120,0.100,1.0300,0,none
58.088,1162,-0.36794,-3.01600,0.65760,0,10,0,FALLBACK,0.2888,0.100,1.0325,0,none
58.139,1163,-0.31776,-2.97520,0.71569,0,10,0,FALLBACK,-0.1621,0.100,1.0353,0,none
58.187,1164,-0.34705,-2.92315,0.65507,0,10,0,FALLBACK,0.3817,0.100,1.0356,0,none
58.240,1165,-0.37272,-2.84170,0.66784,0,10,0,FALLBACK,0.4920,0.100,1.0330,0,none
58.288,1166,-0.37777,-2.83220,0.65178,0,10,0,FALLBACK,0.4141,0.100,1.0338,0,none
58.340,1167,-0.36635,-2.93467,0.64982,0,10,0,FALLBACK,0.2747,0.100,1.0356,0,none
58.390,1168,-0.31934,-3.03914,0.70238,0,10,0,FALLBACK,-0.1384,0.100,1.0383,0,none
58.438,1169,-0.33270,-3.00885,0.67151,0,10,0,FALLBACK,0.2303,0.100,1.0388,0,none
58.490,1170,-0.34892,-2.84157,0.72223,0,10,0,FALLBACK,0.3257,0.100,1.0400,0,none
58.538,1171,-0.35272,-2.89437,0.66143,0,10,0,FALLBACK,0.2826,0.100,1.0416,0,none
58.589,1172,-0.34572,-2.90998,0.67032,0,10,0,FALLBACK,0.1937,0.100,1.0437,0,none
58.640,1173,-0.30719,-2.89819,0.68001,0,10,0,FALLBACK,-0.1567,0.100,1.0462,0,none
58.691,1174,-0.34324,-2.86484,0.72149,0,10,0,FALLBACK,0.3965,0.100,1.0470,0,none
58.740,1175,-0.37366,-2.67686,0.65723,0,10,0,FALLBACK,0.5204,0.100,1.0438,0,none
58.790,1176,-0.37998,-2.72451,0.70752,0,10,0,FALLBACK,0.4314,0.100,1.0438,0,none
58.840,1177,-0.37092,-2.82651,0.67820,0,10,0,FALLBACK,0.3093,0.100,1.0461,0,none
58.889,1178,-0.33490,-2.93603,0.70251,0,10,0,FALLBACK,-0.0056,0.100,1.0488,0,none
58.939,1179,-0.35932,-2.88979,0.71741,0,10,0,FALLBACK,0.4187,0.100,1.0507,0,none
58.991,1180,-0.37667,-2.81953,0.68363,0,10,0,FALLBACK,0.4701,0.100,1.0488,0,none
59.041,1181,-0.37321,-2.93167,0.71510,0,10,0,FALLBACK,0.3488,0.100,1.0496,0,none
59.090,1182,-0.30260,-2.96537,0.66909,0,10,0,FALLBACK,-0.3401,0.100,1.0522,0,none
59.141,1183,-0.33991,-3.06125,0.68798,0,10,0,FALLBACK,0.3861,0.100,1.0481,0,none
59.190,1184,-0.37810,-2.78795,0.82287,0,10,0,FALLBACK,0.5815,0.100,1.0431,0,none
59.241,1185,-0.38745,-2.76418,0.71125,0,10,0,FALLBACK,0.4839,0.100,1.0418,0,none
59.292,1186,-0.37857,-2.99997,0.65466,0,10,0,FALLBACK,0.3485,0.100,1.0440,0,none
59.342,1187,-0.30761,-3.13029,0.60567,0,10,0,FALLBACK,-0.3168,0.100,1.0468,0,none
59.391,1188,-0.34424,-2.98086,0.65949,0,10,0,FALLBACK,0.4043,0.100,1.0434,0,none
59.442,1189,-0.38075,-2.86643,0.60962,0,10,0,FALLBACK,0.5863,0.100,1.0383,0,none
59.492,1190,-0.38845,-2.73130,0.66405,0,10,0,FALLBACK,0.4808,0.100,1.0372,0,none
59.541,1191,-0.37841,-2.86779,0.67993,0,10,0,FALLBACK,0.3418,0.100,1.0395,0,none
59.593,1192,-0.31307,-2.94604,0.67114,0,10,0,FALLBACK,-0.2613,0.100,1.0424,0,none
59.641,1193,-0.34571,-2.89532,0.70134,0,10,0,FALLBACK,0.3918,0.100,1.0404,0,none
59.692,1194,-0.37719,-2.77856,0.66381,0,10,0,FALLBACK,0.5434,0.100,1.0364,0,none
59.740,1195,-0.38246,-2.72980,0.69335,0,10,0,FALLBACK,0.4387,0.100,1.0359,0,none
59.791,1196,-0.37176,-2.84393,0.72416,0,10,0,FALLBACK,0.3053,0.100,1.0384,0,none
59.842,1197,-0.31058,-2.94543,0.69112,0,10,0,FALLBACK,-0.2530,0.100,1.0412,0,none
59.892,1198,-0.34357,-2.94130,0.63395,0,10,0,FALLBACK,0.3828,0.100,1.0397,0,none
59.942,1199,-0.37485,-2.84985,0.65990,0,10,0,FALLBACK,0.5306,0.100,1.0360,0,none
59.993,1200,-0.38058,-2.76625,0.72599,0,10,0,FALLBACK,0.4315,0.100,1.0357,0,none
60.042,1201,-0.37066,-2.86114,0.67840,0,10,0,FALLBACK,0.3037,0.100,1.0381,0,none
60.093,1202,-0.31233,-2.89335,0.67431,0,10,0,FALLBACK,-0.2300,0.100,1.0409,0,none
60.144,1203,-0.34720,-2.83970,0.65350,0,10,0,FALLBACK,0.4104,0.100,1.0399,0,none
60.192,1204,-0.37925,-2.74218,0.74138,0,10,0,FALLBACK,0.5565,0.100,1.0357,0,none
60.243,1205,-0.38474,-2.81566,0.67092,0,10,0,FALLBACK,0.4512,0.100,1.0353,0,none
60.293,1206,-0.37209,-2.81812,0.67310,0,10,0,FALLBACK,0.2972,0.100,1.0373,0,none
60.341,1207,-0.31587,-2.99679,0.70494,0,10,0,FALLBACK,-0.2018,0.100,1.0401,0,none
60.393,1208,-0.33330,-2.96903,0.67932,0,10,0,FALLBACK,0.2537,0.100,1.0394,0,none
60.443,1209,-0.36350,-2.83876,0.68253,0,10,0,FALLBACK,0.4685,0.100,1.0394,0,none
60.493,1210,-0.37149,-2.91661,0.63292,0,10,0,FALLBACK,0.3974,0.100,1.0386,0,none
60.543,1211,-0.36286,-2.87761,0.64311,0,10,0,FALLBACK,0.2711,0.100,1.0408,0,none
60.593,1212,-0.31212,-2.92630,0.65383,0,10,0,FALLBACK,-0.1931,0.100,1.0435,0,none
60.641,1213,-0.35139,-2.59958,0.71083,0,10,0,FALLBACK,0.4533,0.100,1.0433,0,none
60.693,1214,-0.38535,-2.62580,0.69688,0,10,0,FALLBACK,0.5965,0.100,1.0384,0,none
60.744,1215,-0.39135,-2.64997,0.64917,0,10,0,FALLBACK,0.4867,0.100,1.0377,0,none
60.794,1216,-0.38010,-2.81718,0.66700,0,10,0,FALLBACK,0.3443,0.100,1.0401,0,none
60.842,1217,-0.33062,-2.87374,0.63644,0,10,0,FALLBACK,-0.0943,0.100,1.0430,0,none
60.892,1218,-0.36165,-2.45965,0.79831,0,10,0,FALLBACK,0.4634,0.100,1.0439,0,none
60.943,1219,-0.38644,-2.39105,0.70881,0,10,0,FALLBACK,0.5562,0.100,1.0401,0,none
60.994,1220,-0.38594,-2.53330,0.66419,0,10,0,FALLBACK,0.4272,0.100,1.0402,0,none
61.046,1221,-0.37062,-2.64589,0.72141,0,10,0,FALLBACK,0.2765,0.100,1.0428,0,none
61.092,1222,-0.32502,-2.80150,0.64934,0,10,0,FALLBACK,-0.1029,0.100,1.0457,0,none
61.146,1223,-0.35321,-2.61951,0.67214,0,10,0,FALLBACK,0.4070,0.100,1.0468,0,none
61.194,1224,-0.37585,-2.60680,0.68047,0,10,0,FALLBACK,0.4924,0.100,1.0441,0,none
61.245,1225,-0.37586,-2.63169,0.62608,0,10,0,FALLBACK,0.3794,0.100,1.0446,0,none
61.292,1226,-0.29657,-2.78231,0.61846,0,10,0,FALLBACK,-0.4137,0.100,1.0471,0,none
61.345,1227,-0.34211,-2.69409,0.69084,0,10,0,FALLBACK,0.4383,0.100,1.0407,0,none
61.395,1228,-0.38964,-2.42889,0.81220,0,10,0,FALLBACK,0.6858,0.100,1.0334,0,none
61.445,1229,-0.40297,-2.69008,0.61521,0,10,0,FALLBACK,0.5815,0.100,1.0305,0,none
61.495,1230,-0.39469,-2.69563,0.63301,0,10,0,FALLBACK,0.4320,0.100,1.0327,0,none
61.544,1231,-0.31257,-2.84034,0.60376,0,10,0,FALLBACK,-0.3477,0.100,1.0358,0,none
61.594,1232,-0.34219,-2.68885,0.65886,0,10,0,FALLBACK,0.3591,0.100,1.0321,0,none
61.645,1233,-0.38577,-2.59950,0.63728,0,10,0,FALLBACK,0.6467,0.100,1.0278,0,none
61.693,1234,-0.39991,-2.34298,0.80033,0,10,0,FALLBACK,0.5702,0.100,1.0245,0,none
61.744,1235,-0.38975,-2.72371,0.68729,0,10,0,FALLBACK,0.3980,0.100,1.0260,0,none
61.797,1236,-0.31095,-2.80594,0.63146,0,10,0,FALLBACK,-0.3393,0.100,1.0290,0,none
61.844,1237,-0.33568,-2.48396,0.72863,0,10,0,FALLBACK,0.3020,0.100,1.0260,0,none
61.895,1238,-0.37429,-2.07545,1.02874,0,10,0,FALLBACK,0.5645,0.100,1.0231,0,none
61.944,1239,-0.38705,-2.12441,0.94963,0,10,0,FALLBACK,0.4991,0.100,1.0211,0,none
61.997,1240,-0.37859,-2.62557,0.66902,0,10,0,FALLBACK,0.3506,0.100,1.0228,0,none
62.045,1241,-0.30256,-2.49037,0.77731,0,10,0,FALLBACK,-0.3674,0.100,1.0258,0,none
62.095,1242,-0.33177,-2.41430,0.85050,0,10,0,FALLBACK,0.3049,0.100,1.0226,0,none
62.145,1243,-0.37469,-1.93422,1.16478,0,10,0,FALLBACK,0.5881,0.100,1.0194,0,none
62.194,1244,-0.39066,-1.99085,1.08497,0,10,0,FALLBACK,0.5331,0.100,1.0170,0,none
62.245,1245,-0.38414,-2.20739,0.94543,0,10,0,FALLBACK,0.3881,0.100,1.0185,0,none
62.296,1246,-0.30921,-2.26462,1.01436,0,10,0,FALLBACK,-0.3286,0.100,1.0215,0,none
62.346,1247,-0.33188,-2.34358,0.89049,0,10,0,FALLBACK,0.2728,0.100,1.0171,0,none
62.394,1248,-0.37423,-2.04236,1.02243,0,10,0,FALLBACK,0.5829,0.100,1.0156,0,none
62.446,1249,-0.39467,-2.03553,1.06489,0,10,0,FALLBACK,0.5755,0.100,1.0147,0,none
62.497,1250,-0.39002,-2.38954,0.87650,0,10,0,FALLBACK,0.4269,0.100,1.0155,0,none
62.548,1251,-0.32151,-2.00041,1.19036,0,10,0,FALLBACK,-0.2350,0.100,1.0184,0,none
62.597,1252,-0.34210,-1.90331,1.21075,0,10,0,FALLBACK,0.3134,0.100,1.0175,0,none
62.646,1253,-0.37347,-2.33891,1.00238,0,10,0,FALLBACK,0.5243,0.100,1.0156,0,none
62.697,1254,-0.38159,-2.41513,0.93744,0,10,0,FALLBACK,0.4486,0.100,1.0147,0,none
62.748,1255,-0.37114,-2.62565,0.93752,0,10,0,FALLBACK,0.3034,0.100,1.0168,0,none
62.799,1256,-0.30529,-2.92372,0.73181,0,10,0,FALLBACK,-0.3028,0.100,1.0198,0,none
62.847,1257,-0.32567,-2.90104,0.78752,0,10,0,FALLBACK,0.2302,0.100,1.0185,0,none
62.899,1258,-0.35792,-2.55182,1.03353,0,10,0,FALLBACK,0.4509,0.100,1.0174,0,none
62.946,1259,-0.36946,-2.92230,0.75338,0,10,0,FALLBACK,0.4050,0.100,1.0170,0,none
62.997,1260,-0.36383,-2.95155,0.73797,0,10,0,FALLBACK,0.2910,0.100,1.0190,0,none
63.048,1261,-0.32282,-2.90057,0.68155,0,10,0,FALLBACK,-0.0910,0.100,1.0218,0,none
63.099,1262,-0.32922,-2.99173,0.61364,0,10,0,FALLBACK,0.1781,0.100,1.0235,0,none
63.151,1263,-0.34133,-2.94176,0.66536,0,10,0,FALLBACK,0.2672,0.100,1.0248,0,none
63.198,1264,-0.34189,-3.02788,0.62699,0,10,0,FALLBACK,0.2122,0.100,1.0265,0,none
63.250,1265,-0.33348,-3.18239,0.58976,0,10,0,FALLBACK,0.1253,0.100,1.0289,0,none
63.298,1266,-0.34282,-3.30736,0.59765,0,10,0,FALLBACK,0.2608,0.100,1.0314,0,none
63.351,1267,-0.30761,-3.35838,0.57249,0,10,0,FALLBACK,-0.1380,0.100,1.0332,0,none
63.398,1268,-0.26898,-3.20873,0.54926,0,10,0,FALLBACK,-0.3482,0.100,1.0342,0,none
63.450,1269,-0.24560,-3.33884,0.55086,0,10,0,FALLBACK,-0.3890,0.100,1.0347,0,none
63.499,1270,-0.23771,-3.12362,0.55733,0,10,0,FALLBACK,-0.3509,0.100,1.0362,0,none
63.550,1271,-0.25368,-3.15138,0.61177,0,10,0,FALLBACK,-0.1518,0.100,1.0384,0,none
63.601,1272,-0.25156,-3.02558,0.60264,0,10,0,FALLBACK,-0.2528,0.100,1.0409,0,none
63.649,1273,-0.25174,-2.97243,0.59205,0,10,0,FALLBACK,-0.2404,0.100,1.0428,0,none
63.701,1274,-0.26101,-3.10647,0.60491,0,10,0,FALLBACK,-0.1486,0.100,1.0449,0,none
63.752,1275,-0.27600,-3.13275,0.64429,0,10,0,FALLBACK,-0.0450,0.100,1.0473,0,none
63.801,1276,-0.30173,-3.13057,0.63832,0,10,0,FALLBACK,0.1373,0.100,1.0496,0,none
63.850,1277,-0.30083,-3.08563,0.63223,0,10,0,FALLBACK,-0.0004,0.100,1.0512,0,none
63.899,1278,-0.29443,-3.21630,0.60319,0,10,0,FALLBACK,-0.0599,0.100,1.0533,0,none
63.950,1279,-0.29132,-3.17155,0.59798,0,10,0,FALLBACK,-0.0590,0.100,1.0554,0,none
64.002,1280,-0.29126,-3.16071,0.56042,0,10,0,FALLBACK,-0.0440,0.100,1.0576,0,none
64.053,1281,-0.29584,-3.18815,0.57113,0,10,0,FALLBACK,0.0020,0.100,1.0597,0,none
64.102,1282,-0.29111,-3.24307,0.57704,0,10,0,FALLBACK,-0.0681,0.100,1.0618,0,none
64.149,1283,-0.28661,-3.24664,0.59692,0,10,0,FALLBACK,-0.0894,0.100,1.0638,0,none
64.201,1284,-0.28577,-3.34522,0.57720,0,10,0,FALLBACK,-0.0754,0.100,1.0659,0,none
64.233,1285,-0.29397,-3.04902,0.64585,0,10,0,FALLBACK,0.0109,0.100,1.0679,0,none
64.285,1286,-0.29071,-3.20408,0.61504,0,10,0,FALLBACK,-0.0628,0.100,1.0699,0,none
64.336,1287,-0.28701,-3.03624,0.60025,0,10,0,FALLBACK,-0.0835,0.100,1.0718,0,none
64.385,1288,-0.28686,-3.13021,0.63372,0,10,0,FALLBACK,-0.0664,0.100,1.0738,0,none
64.437,1289,-0.28958,-3.10830,0.62244,0,10,0,FALLBACK,-0.0385,0.100,1.0758,0,none
64.486,1290,-0.29886,-2.95855,0.62516,0,10,0,FALLBACK,0.0407,0.100,1.0777,0,none
64.534,1291,-0.29492,-3.00401,0.62899,0,10,0,FALLBACK,-0.0451,0.100,1.0796,0,none
64.587,1292,-0.29072,-2.97599,0.61964,0,10,0,FALLBACK,-0.0674,0.100,1.0814,0,none
64.636,1293,-0.28976,-2.97192,0.66116,0,10,0,FALLBACK,-0.0560,0.100,1.0833,0,none
64.687,1294,-0.29105,-2.88019,0.67222,0,10,0,FALLBACK,-0.0382,0.100,1.0852,0,none
64.737,1295,-0.29392,-2.93034,0.66872,0,10,0,FALLBACK,-0.0161,0.100,1.0870,0,none
64.788,1296,-0.29577,-2.95627,0.67694,0,10,0,FALLBACK,-0.0119,0.100,1.0889,0,none
64.837,1297,-0.29772,-2.99868,0.68765,0,10,0,FALLBACK,-0.0016,0.100,1.0907,0,none
64.885,1298,-0.29974,-3.09975,0.63978,0,10,0,FALLBACK,0.0088,0.100,1.0925,0,none
64.938,1299,-0.30815,-3.03473,0.59805,0,10,0,FALLBACK,0.0828,0.100,1.0943,0,none
64.988,1300,-0.30029,-3.12338,0.60104,0,10,0,FALLBACK,-0.0379,0.100,1.0959,0,none
65.037,1301,-0.29181,-3.20809,0.58507,0,10,0,FALLBACK,-0.0834,0.100,1.0975,0,none
65.087,1302,-0.28742,-3.25703,0.60675,0,10,0,FALLBACK,-0.0848,0.100,1.0992,0,none
65.135,1303,-0.28658,-3.12216,0.60174,0,10,0,FALLBACK,-0.0713,0.100,1.1009,0,none
65.187,1304,-0.29289,-3.24821,0.58493,0,10,0,FALLBACK,-0.0040,0.100,1.1026,0,none
65.237,1305,-0.28536,-3.19989,0.58921,0,10,0,FALLBACK,-0.1108,0.100,1.1043,0,none
65.289,1306,-0.27986,-3.24681,0.58178,0,10,0,FALLBACK,-0.1282,0.100,1.1057,0,none
65.335,1307,-0.28005,-3.20486,0.62486,0,10,0,FALLBACK,-0.0988,0.100,1.1072,0,none
65.387,1308,-0.28926,-3.01670,0.64828,0,10,0,FALLBACK,-0.0076,0.100,1.1089,0,none
65.439,1309,-0.28868,-2.83533,0.66047,0,10,0,FALLBACK,-0.0595,0.100,1.1105,0,none
65.488,1310,-0.28838,-3.02748,0.63527,0,10,0,FALLBACK,-0.0596,0.100,1.1120,0,none
65.539,1311,-0.29080,-2.93295,0.69298,0,10,0,FALLBACK,-0.0339,0.100,1.1136,0,none
65.588,1312,-0.29465,-2.81165,0.71005,0,10,0,FALLBACK,-0.0075,0.100,1.1152,0,none
65.640,1313,-0.30066,-2.76796,0.72767,0,10,0,FALLBACK,0.0334,0.100,1.1167,0,none
65.688,1314,-0.29909,-2.95929,0.62738,0,10,0,FALLBACK,-0.0124,0.100,1.1182,0,none
65.739,1315,-0.29695,-3.04548,0.62131,0,10,0,FALLBACK,-0.0260,0.100,1.1198,0,none
65.789,1316,-0.29619,-2.82760,0.63486,0,10,0,FALLBACK,-0.0228,0.100,1.1213,0,none
65.838,1317,-0.30457,-2.92412,0.60493,0,10,0,FALLBACK,0.0648,0.100,1.1228,0,none
65.890,1318,-0.29450,-3.13895,0.60010,0,10,0,FALLBACK,-0.0778,0.100,1.1241,0,none
65.939,1319,-0.28480,-3.08277,0.61793,0,10,0,FALLBACK,-0.1245,0.100,1.1253,0,none
65.991,1320,-0.28104,-2.99782,0.64839,0,10,0,FALLBACK,-0.1136,0.100,1.1266,0,none
66.039,1321,-0.28210,-3.04084,0.60370,0,10,0,FALLBACK,-0.0842,0.100,1.1280,0,none
66.091,1322,-0.28794,-3.15685,0.57737,0,10,0,FALLBACK,-0.0311,0.100,1.1295,0,none
66.141,1323,-0.28808,-3.04044,0.66748,0,10,0,FALLBACK,-0.0589,0.100,1.1309,0,none
66.189,1324,-0.28928,-3.07707,0.65561,0,10,0,FALLBACK,-0.0476,0.100,1.1322,0,none
66.240,1325,-0.29267,-3.10225,0.62939,0,10,0,FALLBACK,-0.0197,0.100,1.1336,0,none
66.292,1326,-0.29694,-3.07402,0.64597,0,10,0,FALLBACK,0.0061,0.100,1.1350,0,none
66.340,1327,-0.30109,-3.12679,0.63205,0,10,0,FALLBACK,0.0262,0.100,1.1364,0,none
66.391,1328,-0.30445,-3.14356,0.65489,0,10,0,FALLBACK,0.0391,0.100,1.1377,0,none
66.442,1329,-0.30640,-2.94317,0.64930,0,10,0,FALLBACK,0.0417,0.100,1.1390,0,none
66.489,1330,-0.30167,-3.02692,0.60164,0,10,0,FALLBACK,-0.0153,0.100,1.1403,0,none
66.542,1331,-0.30623,-3.01977,0.64936,0,10,0,FALLBACK,0.0540,0.100,1.1416,0,none
66.592,1332,-0.31019,-2.96818,0.66107,0,10,0,FALLBACK,0.0707,0.100,1.1428,0,none
66.642,1333,-0.31085,-2.65583,0.73012,0,10,0,FALLBACK,0.0576,0.100,1.1440,0,none
66.691,1334,-0.30906,-2.78838,0.67770,0,10,0,FALLBACK,0.0363,0.100,1.1453,0,none
66.741,1335,-0.29982,-2.76372,0.66015,0,10,0,FALLBACK,-0.0471,0.100,1.1465,0,none
66.793,1336,-0.30932,-2.58858,0.84857,0,10,0,FALLBACK,0.0941,0.100,1.1477,0,none
66.842,1337,-0.31780,-2.73801,0.76698,0,10,0,FALLBACK,0.1314,0.100,1.1486,0,none
66.891,1338,-0.31988,-2.80731,0.69311,0,10,0,FALLBACK,0.1097,0.100,1.1496,0,none
66.941,1339,-0.30744,-2.58485,0.77012,0,10,0,FALLBACK,-0.0250,0.100,1.1508,0,none
66.992,1340,-0.31553,-2.72381,0.70836,0,10,0,FALLBACK,0.1181,0.100,1.1519,0,none
67.042,1341,-0.32243,-2.83575,0.71809,0,10,0,FALLBACK,0.1466,0.100,1.1527,0,none
67.094,1342,-0.32224,-2.91594,0.70157,0,10,0,FALLBACK,0.1103,0.100,1.1536,0,none
67.142,1343,-0.31646,-2.84240,0.63031,0,10,0,FALLBACK,0.0534,0.100,1.1547,0,none
67.192,1344,-0.30610,-3.02191,0.63590,0,10,0,FALLBACK,-0.0213,0.100,1.1560,0,none
67.245,1345,-0.30989,-2.87823,0.72659,0,10,0,FALLBACK,0.0685,0.100,1.1571,0,none
67.292,1346,-0.31302,-3.00760,0.66545,0,10,0,FALLBACK,0.0808,0.100,1.1581,0,none
67.344,1347,-0.31212,-2.89020,0.68526,0,10,0,FALLBACK,0.0561,0.100,1.1591,0,none
67.392,1348,-0.29936,-2.80321,0.75029,0,10,0,FALLBACK,-0.0670,0.100,1.1603,0,none
67.444,1349,-0.31353,-2.84091,0.73882,0,10,0,FALLBACK,0.1385,0.100,1.1612,0,none
67.492,1350,-0.32605,-2.97414,0.76093,0,10,0,FALLBACK,0.1928,0.100,1.1615,0,none
67.543,1351,-0.32905,-3.01939,0.69425,0,10,0,FALLBACK,0.1603,0.100,1.1621,0,none
67.594,1352,-0.30940,-2.85166,0.68602,0,10,0,FALLBACK,-0.0513,0.100,1.1632,0,none
67.643,1353,-0.32281,-2.50942,0.93674,0,10,0,FALLBACK,0.1811,0.100,1.1639,0,none
67.695,1354,-0.33439,-2.82787,0.74145,0,10,0,FALLBACK,0.2299,0.100,1.1640,0,none
67.742,1355,-0.33465,-2.93311,0.73633,0,10,0,FALLBACK,0.1746,0.100,1.1645,0,none
67.794,1356,-0.32702,-2.69895,0.76117,0,10,0,FALLBACK,0.0970,0.100,1.1655,0,none
67.844,1357,-0.31047,-2.39487,0.90956,0,10,0,FALLBACK,-0.0304,0.100,1.1667,0,none
67.894,1358,-0.32291,-2.73943,0.74834,0,10,0,FALLBACK,0.1768,0.100,1.1677,0,none
67.945,1359,-0.33228,-2.85221,0.75438,0,10,0,FALLBACK,0.2083,0.100,1.1678,0,none
67.993,1360,-0.33124,-2.58494,0.78974,0,10,0,FALLBACK,0.1510,0.100,1.1684,0,none
68.044,1361,-0.31542,-2.55919,0.75421,0,10,0,FALLBACK,-0.0020,0.100,1.1694,0,none
68.096,1362,-0.32175,-2.80680,0.65088,0,10,0,FALLBACK,0.1404,0.100,1.1704,0,none
68.143,1363,-0.32623,-2.95866,0.68451,0,10,0,FALLBACK,0.1536,0.100,1.1709,0,none
68.196,1364,-0.32310,-2.90947,0.68314,0,10,0,FALLBACK,0.0998,0.100,1.1717,0,none
68.244,1365,-0.30297,-2.90327,0.66746,0,10,0,FALLBACK,-0.0858,0.100,1.1727,0,none
68.295,1366,-0.31030,-3.10359,0.64258,0,10,0,FALLBACK,0.0882,0.100,1.1734,0,none
68.344,1367,-0.32242,-2.92822,0.68510,0,10,0,FALLBACK,0.1727,0.100,1.1740,0,none
68.393,1368,-0.32782,-2.94490,0.64483,0,10,0,FALLBACK,0.1661,0.100,1.1745,0,none
68.444,1369,-0.31586,-2.90718,0.65277,0,10,0,FALLBACK,0.0195,0.100,1.1752,0,none
68.495,1370,-0.31602,-3.04943,0.64603,0,10,0,FALLBACK,0.0808,0.100,1.1760,0,none
68.546,1371,-0.31667,-2.81481,0.68818,0,10,0,FALLBACK,0.0867,0.100,1.1770,0,none
68.596,1372,-0.31353,-3.11284,0.68096,0,10,0,FALLBACK,0.0519,0.100,1.1778,0,none
68.646,1373,-0.30739,-3.18851,0.62218,0,10,0,FALLBACK,0.0063,0.100,1.1788,0,none
68.697,1374,-0.30024,-3.04666,0.65094,0,10,0,FALLBACK,-0.0346,0.100,1.1797,0,none
68.747,1375,-0.29536,-2.91904,0.68275,0,10,0,FALLBACK,-0.0476,0.100,1.1806,0,none
68.795,1376,-0.29260,-3.05428,0.69352,0,10,0,FALLBACK,-0.0507,0.100,1.1815,0,none
68.844,1377,-0.29194,-3.08127,0.69402,0,10,0,FALLBACK,-0.0436,0.100,1.1823,0,none
68.894,1378,-0.29097,-2.97039,0.66396,0,10,0,FALLBACK,-0.0500,0.100,1.1832,0,none
68.946,1379,-0.29763,-2.91964,0.62503,0,10,0,FALLBACK,0.0214,0.100,1.1841,0,none
68.997,1380,-0.30511,-2.95184,0.63623,0,10,0,FALLBACK,0.0629,0.100,1.1849,0,none
69.044,1381,-0.31004,-2.71121,0.70991,0,10,0,FALLBACK,0.0749,0.100,1.1856,0,none
69.096,1382,-0.30923,-2.91279,0.64604,0,10,0,FALLBACK,0.0421,0.100,1.1864,0,none
69.146,1383,-0.31125,-2.88084,0.65207,0,10,0,FALLBACK,0.0664,0.100,1.1872,0,none
69.195,1384,-0.31175,-3.06985,0.65009,0,10,0,FALLBACK,0.0612,0.100,1.1880,0,none
69.248,1385,-0.30939,-2.91383,0.71093,0,10,0,FALLBACK,0.0352,0.100,1.1888,0,none
69.295,1386,-0.29538,-3.01906,0.65797,0,10,0,FALLBACK,-0.0931,0.100,1.1897,0,none
69.349,1387,-0.30177,-2.91668,0.75874,0,10,0,FALLBACK,0.0408,0.100,1.1902,0,none
69.398,1388,-0.31156,-3.08354,0.63114,0,10,0,FALLBACK,0.1068,0.100,1.1908,0,none
69.447,1389,-0.31666,-2.95229,0.71001,0,10,0,FALLBACK,0.1088,0.100,1.1914,0,none
69.497,1390,-0.31638,-3.15558,0.63798,0,10,0,FALLBACK,0.0805,0.100,1.1921,0,none
69.547,1391,-0.31180,-3.04082,0.66627,0,10,0,FALLBACK,0.0361,0.100,1.1928,0,none
69.596,1392,-0.30766,-3.04488,0.65406,0,10,0,FALLBACK,0.0176,0.100,1.1936,0,none
69.647,1393,-0.30306,-3.04761,0.64449,0,10,0,FALLBACK,-0.0076,0.100,1.1944,0,none
69.697,1394,-0.29847,-3.12309,0.66709,0,10,0,FALLBACK,-0.0306,0.100,1.1952,0,none
69.747,1395,-0.29140,-2.87995,0.68167,0,10,0,FALLBACK,-0.0784,0.100,1.1959,0,none
69.797,1396,-0.29848,-2.81825,0.72459,0,10,0,FALLBACK,0.0278,0.100,1.1966,0,none
69.846,1397,-0.30764,-2.90466,0.72115,0,10,0,FALLBACK,0.0841,0.100,1.1972,0,none
69.895,1398,-0.31318,-2.97017,0.69874,0,10,0,FALLBACK,0.0936,0.100,1.1978,0,none
69.948,1399,-0.31084,-3.03046,0.64702,0,10,0,FALLBACK,0.0425,0.100,1.1984,0,none
69.999,1400,-0.31469,-2.89930,0.70264,0,10,0,FALLBACK,0.0928,0.100,1.1991,0,none
70.048,1401,-0.31680,-2.93960,0.66027,0,10,0,FALLBACK,0.0945,0.100,1.1997,0,none
70.100,1402,-0.31446,-3.10687,0.69151,0,10,0,FALLBACK,0.0606,0.100,1.2003,0,none
70.148,1403,-0.31021,-2.96933,0.66254,0,10,0,FALLBACK,0.0298,0.100,1.2010,0,none
70.198,1404,-0.30134,-2.91948,0.68493,0,10,0,FALLBACK,-0.0376,0.100,1.2018,0,none
70.247,1405,-0.29285,-3.05198,0.65497,0,10,0,FALLBACK,-0.0782,0.100,1.2024,0,none
70.299,1406,-0.28747,-3.18853,0.67405,0,10,0,FALLBACK,-0.0896,0.100,1.2030,0,none
70.348,1407,-0.28650,-3.23549,0.64403,0,10,0,FALLBACK,-0.0723,0.100,1.2036,0,none
70.398,1408,-0.28792,-3.14854,0.67626,0,10,0,FALLBACK,-0.0533,0.100,1.2043,0,none
70.448,1409,-0.29207,-3.18432,0.67571,0,10,0,FALLBACK,-0.0189,0.100,1.2049,0,none
70.498,1410,-0.29802,-3.11566,0.67876,0,10,0,FALLBACK,0.0199,0.100,1.2056,0,none
70.547,1411,-0.30370,-3.11827,0.67448,0,10,0,FALLBACK,0.0469,0.100,1.2062,0,none
70.600,1412,-0.30757,-3.02840,0.65474,0,10,0,FALLBACK,0.0572,0.100,1.2067,0,none
70.648,1413,-0.30730,-3.07426,0.65866,0,10,0,FALLBACK,0.0351,0.100,1.2073,0,none
70.699,1414,-0.30493,-3.23134,0.65345,0,10,0,FALLBACK,0.0128,0.100,1.2080,0,none
70.751,1415,-0.30180,-2.96013,0.66788,0,10,0,FALLBACK,-0.0066,0.100,1.2086,0,none
70.801,1416,-0.29824,-3.13167,0.69455,0,10,0,FALLBACK,-0.0266,0.100,1.2092,0,none
70.850,1417,-0.29884,-2.87419,0.68771,0,10,0,FALLBACK,-0.0028,0.100,1.2098,0,none
70.901,1418,-0.30041,-3.03708,0.65000,0,10,0,FALLBACK,0.0099,0.100,1.2104,0,none
70.949,1419,-0.30155,-3.09168,0.65039,0,10,0,FALLBACK,0.0135,0.100,1.2110,0,none
71.000,1420,-0.30145,-3.06986,0.66960,0,10,0,FALLBACK,0.0068,0.100,1.2116,0,none
71.050,1421,-0.30308,-2.83050,0.73371,0,10,0,FALLBACK,0.0235,0.100,1.2121,0,none
71.099,1422,-0.30423,-3.10126,0.71888,0,10,0,FALLBACK,0.0269,0.100,1.2127,0,none
71.149,1423,-0.30418,-3.12495,0.64104,0,10,0,FALLBACK,0.0207,0.100,1.2133,0,none
71.199,1424,-0.30344,-2.95047,0.68258,0,10,0,FALLBACK,0.0134,0.100,1.2138,0,none
71.248,1425,-0.30083,-2.88569,0.67385,0,10,0,FALLBACK,-0.0088,0.100,1.2144,0,none
71.299,1426,-0.29812,-3.11671,0.65743,0,10,0,FALLBACK,-0.0230,0.100,1.2149,0,none
71.348,1427,-0.29627,-3.14114,0.66605,0,10,0,FALLBACK,-0.0279,0.100,1.2155,0,none
71.400,1428,-0.29626,-3.13987,0.64421,0,10,0,FALLBACK,-0.0187,0.100,1.2160,0,none
71.449,1429,-0.29562,-3.11727,0.68149,0,10,0,FALLBACK,-0.0251,0.100,1.2166,0,none
71.500,1430,-0.29572,-3.20877,0.69939,0,10,0,FALLBACK,-0.0209,0.100,1.2171,0,none
71.552,1431,-0.29682,-3.22300,0.67245,0,10,0,FALLBACK,-0.0104,0.100,1.2176,0,none
71.601,1432,-0.29906,-3.13878,0.66223,0,10,0,FALLBACK,0.0066,0.100,1.2181,0,none
71.652,1433,-0.30010,-3.21418,0.64611,0,10,0,FALLBACK,0.0057,0.100,1.2186,0,none
71.684,1434,-0.30065,-3.07918,0.66954,0,10,0,FALLBACK,0.0059,0.100,1.2191,0,none
71.737,1435,-0.30094,-3.09455,0.63624,0,10,0,FALLBACK,0.0062,0.100,1.2196,0,none
71.786,1436,-0.29799,-3.04493,0.64932,0,10,0,FALLBACK,-0.0248,0.100,1.2201,0,none
71.836,1437,-0.30239,-3.02099,0.65242,0,10,0,FALLBACK,0.0340,0.100,1.2206,0,none
71.887,1438,-0.30657,-3.13312,0.65646,0,10,0,FALLBACK,0.0538,0.100,1.2210,0,none
71.935,1439,-0.30812,-2.96684,0.69948,0,10,0,FALLBACK,0.0484,0.100,1.2215,0,none
71.985,1440,-0.30939,-3.11406,0.67438,0,10,0,FALLBACK,0.0532,0.100,1.2219,0,none
72.036,1441,-0.30428,-2.84454,0.73596,0,10,0,FALLBACK,-0.0042,0.100,1.2224,0,none
72.085,1442,-0.29844,-3.08757,0.66057,0,10,0,FALLBACK,-0.0370,0.100,1.2229,0,none
72.136,1443,-0.29433,-3.19929,0.63245,0,10,0,FALLBACK,-0.0489,0.100,1.2233,0,none
72.184,1444,-0.29772,-3.18371,0.62135,0,10,0,FALLBACK,0.0055,0.100,1.2237,0,none
72.237,1445,-0.29099,-2.95772,0.67575,0,10,0,FALLBACK,-0.0786,0.100,1.2242,0,none
72.287,1446,-0.28570,-3.08614,0.63790,0,10,0,FALLBACK,-0.0980,0.100,1.2245,0,none
72.336,1447,-0.28498,-3.18297,0.65611,0,10,0,FALLBACK,-0.0787,0.100,1.2248,0,none
72.386,1448,-0.28829,-3.11102,0.66146,0,10,0,FALLBACK,-0.0420,0.100,1.2253,0,none
72.438,1449,-0.29428,-3.18477,0.63502,0,10,0,FALLBACK,0.0013,0.100,1.2257,0,none
72.487,1450,-0.29219,-3.29665,0.65097,0,10,0,FALLBACK,-0.0495,0.100,1.2261,0,none
72.538,1451,-0.29081,-3.27784,0.64092,0,10,0,FALLBACK,-0.0529,0.100,1.2265,0,none
72.586,1452,-0.29218,-3.24551,0.62396,0,10,0,FALLBACK,-0.0322,0.100,1.2269,0,none
72.637,1453,-0.29613,-3.26178,0.61463,0,10,0,FALLBACK,0.0004,0.100,1.2274,0,none
72.686,1454,-0.29101,-3.11585,0.64784,0,10,0,FALLBACK,-0.0705,0.100,1.2278,0,none
72.737,1455,-0.28746,-3.15878,0.65496,0,10,0,FALLBACK,-0.0804,0.100,1.2281,0,none
72.786,1456,-0.28798,-3.06952,0.64601,0,10,0,FALLBACK,-0.0575,0.100,1.2284,0,none
72.837,1457,-0.29168,-2.94030,0.69166,0,10,0,FALLBACK,-0.0231,0.100,1.2288,0,none
72.888,1458,-0.29424,-2.96989,0.67186,0,10,0,FALLBACK,-0.0160,0.100,1.2292,0,none
72.939,1459,-0.29713,-2.90738,0.66809,0,10,0,FALLBACK,0.0001,0.100,1.2296,0,none
72.987,1460,-0.30023,-3.13964,0.60743,0,10,0,FALLBACK,0.0166,0.100,1.2300,0,none
73.038,1461,-0.30175,-2.95748,0.66608,0,10,0,FALLBACK,0.0164,0.100,1.2304,0,none
73.089,1462,-0.30724,-2.69274,0.74960,0,10,0,FALLBACK,0.0637,0.100,1.2308,0,none
73.139,1463,-0.31079,-2.87773,0.69452,0,10,0,FALLBACK,0.0717,0.100,1.2311,0,none
73.189,1464,-0.31090,-2.91373,0.62169,0,10,0,FALLBACK,0.0550,0.100,1.2314,0,none
73.239,1465,-0.30641,-2.82436,0.64605,0,10,0,FALLBACK,0.0096,0.100,1.2318,0,none
73.290,1466,-0.30925,-2.79997,0.63801,0,10,0,FALLBACK,0.0604,0.100,1.2322,0,none
73.340,1467,-0.31084,-2.94181,0.69618,0,10,0,FALLBACK,0.0621,0.100,1.2325,0,none
73.393,1468,-0.30921,-3.07574,0.66152,0,10,0,FALLBACK,0.0379,0.100,1.2328,0,none
73.439,1469,-0.30509,-3.11261,0.67357,0,10,0,FALLBACK,0.0049,0.100,1.2332,0,none
73.492,1470,-0.30238,-3.07634,0.66817,0,10,0,FALLBACK,-0.0017,0.100,1.2335,0,none
73.542,1471,-0.30001,-3.12323,0.68677,0,10,0,FALLBACK,-0.0118,0.100,1.2339,0,none
73.592,1472,-0.29803,-3.27112,0.66079,0,10,0,FALLBACK,-0.0198,0.100,1.2343,0,none
73.643,1473,-0.29617,-3.13276,0.67766,0,10,0,FALLBACK,-0.0284,0.100,1.2346,0,none
73.694,1474,-0.29768,-3.13373,0.68124,0,10,0,FALLBACK,-0.0041,0.100,1.2349,0,none
73.745,1475,-0.29981,-3.16216,0.68130,0,10,0,FALLBACK,0.0097,0.100,1.2353,0,none
73.794,1476,-0.30146,-3.11785,0.65632,0,10,0,FALLBACK,0.0155,0.100,1.2356,0,none
73.843,1477,-0.30419,-2.87708,0.68916,0,10,0,FALLBACK,0.0346,0.100,1.2359,0,none
73.892,1478,-0.29997,-3.06376,0.68846,0,10,0,FALLBACK,-0.0212,0.100,1.2362,0,none
73.944,1479,-0.29559,-3.08895,0.66408,0,10,0,FALLBACK,-0.0440,0.100,1.2365,0,none
73.996,1480,-0.29336,-3.15877,0.64343,0,10,0,FALLBACK,-0.0443,0.100,1.2369,0,none
74.046,1481,-0.29674,-3.08582,0.64751,0,10,0,FALLBACK,0.0006,0.100,1.2372,0,none
74.096,1482,-0.29025,-3.03620,0.67299,0,10,0,FALLBACK,-0.0812,0.100,1.2375,0,none
74.144,1483,-0.28550,-3.25817,0.62505,0,10,0,FALLBACK,-0.0963,0.100,1.2376,0,none
74.197,1484,-0.28553,-2.99033,0.68446,0,10,0,FALLBACK,-0.0722,0.100,1.2379,0,none
74.245,1485,-0.28874,-3.01797,0.70408,0,10,0,FALLBACK,-0.0403,0.100,1.2382,0,none
74.295,1486,-0.29611,-2.89945,0.66237,0,10,0,FALLBACK,0.0174,0.100,1.2385,0,none
74.344,1487,-0.30427,-2.91544,0.70877,0,10,0,FALLBACK,0.0622,0.100,1.2388,0,none
74.397,1488,-0.31060,-3.05898,0.63747,0,10,0,FALLBACK,0.0846,0.100,1.2390,0,none
74.447,1489,-0.31604,-2.92260,0.70081,0,10,0,FALLBACK,0.1075,0.100,1.2392,0,none
74.496,1490,-0.31038,-3.16599,0.65804,0,10,0,FALLBACK,0.0236,0.100,1.2394,0,none
74.547,1491,-0.30122,-3.02739,0.68906,0,10,0,FALLBACK,-0.0396,0.100,1.2396,0,none
74.598,1492,-0.29323,-3.35370,0.64174,0,10,0,FALLBACK,-0.0738,0.100,1.2399,0,none
74.647,1493,-0.29026,-3.23051,0.61535,0,10,0,FALLBACK,-0.0635,0.100,1.2401,0,none
74.700,1494,-0.28569,-3.12434,0.62375,0,10,0,FALLBACK,-0.0944,0.100,1.2404,0,none
74.747,1495,-0.28413,-3.13185,0.61288,0,10,0,FALLBACK,-0.0871,0.100,1.2406,0,none
74.798,1496,-0.28687,-3.17260,0.61148,0,10,0,FALLBACK,-0.0520,0.100,1.2409,0,none
74.848,1497,-0.29763,-3.12404,0.63565,0,10,0,FALLBACK,0.0420,0.100,1.2411,0,none
74.899,1498,-0.29554,-3.04422,0.64897,0,10,0,FALLBACK,-0.0328,0.100,1.2413,0,none
74.949,1499,-0.29161,-3.13407,0.62245,0,10,0,FALLBACK,-0.0616,0.100,1.2415,0,none
75.000,1500,-0.29051,-3.16096,0.60644,0,10,0,FALLBACK,-0.0529,0.100,1.2417,0,none
75.048,1501,-0.29958,-3.00518,0.62511,0,10,0,FALLBACK,0.0433,0.100,1.2420,0,none
75.097,1502,-0.29066,-3.03059,0.62065,0,10,0,FALLBACK,-0.0913,0.100,1.2421,0,none
75.148,1503,-0.28085,-3.19636,0.59207,0,10,0,FALLBACK,-0.1448,0.100,1.2421,0,none
75.198,1504,-0.27772,-3.21745,0.56869,0,10,0,FALLBACK,-0.1270,0.100,1.2421,0,none
75.250,1505,-0.29185,-2.94809,0.63059,0,10,0,FALLBACK,0.0299,0.100,1.2423,0,none
75.298,1506,-0.28157,-3.11038,0.58114,0,10,0,FALLBACK,-0.1436,0.100,1.2424,0,none
75.350,1507,-0.27082,-3.25901,0.59064,0,10,0,FALLBACK,-0.1996,0.100,1.2421,0,none
75.399,1508,-0.26965,-3.19414,0.61248,0,10,0,FALLBACK,-0.1576,0.100,1.2419,0,none
75.450,1509,-0.28534,-3.16955,0.59160,0,10,0,FALLBACK,0.0051,0.100,1.2421,0,none
75.501,1510,-0.28388,-3.36132,0.57410,0,10,0,FALLBACK,-0.0879,0.100,1.2422,0,none
75.548,1511,-0.28141,-3.38300,0.58085,0,10,0,FALLBACK,-0.1053,0.100,1.2423,0,none
75.599,1512,-0.28422,-3.29230,0.58511,0,10,0,FALLBACK,-0.0649,0.100,1.2425,0,none
75.650,1513,-0.29974,-3.37024,0.57657,0,10,0,FALLBACK,0.0763,0.100,1.2427,0,none
75.698,1514,-0.29373,-3.24353,0.58033,0,10,0,FALLBACK,-0.0615,0.100,1.2427,0,none
75.749,1515,-0.28484,-3.43245,0.56720,0,10,0,FALLBACK,-0.1203,0.100,1.2427,0,none
75.801,1516,-0.28146,-3.43284,0.60245,0,10,0,FALLBACK,-0.1096,0.100,1.2428,0,none
75.849,1517,-0.29716,-3.25541,0.60448,0,10,0,FALLBACK,0.0643,0.100,1.2430,0,none
75.899,1518,-0.28148,-3.26271,0.56535,0,10,0,FALLBACK,-0.1710,0.100,1.2429,0,none
75.948,1519,-0.26476,-3.17657,0.58140,0,10,0,FALLBACK,-0.2598,0.100,1.2423,0,none
75.999,1520,-0.26038,-3.17048,0.56309,0,10,0,FALLBACK,-0.2200,0.100,1.2417,0,none
76.051,1521,-0.28101,-3.17261,0.59048,0,10,0,FALLBACK,0.0082,0.100,1.2417,0,none
76.102,1522,-0.27376,-3.16838,0.59164,0,10,0,FALLBACK,-0.1674,0.100,1.2417,0,none
76.151,1523,-0.26585,-3.15541,0.57877,0,10,0,FALLBACK,-0.2103,0.100,1.2414,0,none
76.201,1524,-0.26833,-3.06482,0.53446,0,10,0,FALLBACK,-0.1459,0.100,1.2412,0,none
76.250,1525,-0.28957,-2.88684,0.56949,0,10,0,FALLBACK,0.0541,0.100,1.2414,0,none
76.300,1526,-0.28778,-3.17709,0.60346,0,10,0,FALLBACK,-0.0701,0.100,1.2413,0,none
76.351,1527,-0.28103,-3.20171,0.56428,0,10,0,FALLBACK,-0.1286,0.100,1.2414,0,none
76.400,1528,-0.27849,-3.32736,0.56287,0,10,0,FALLBACK,-0.1203,0.100,1.2415,0,none
76.450,1529,-0.29483,-3.11706,0.57156,0,10,0,FALLBACK,0.0559,0.100,1.2416,0,none
76.500,1530,-0.28590,-3.15051,0.54862,0,10,0,FALLBACK,-0.1152,0.100,1.2417,0,none
76.550,1531,-0.27575,-3.04991,0.56901,0,10,0,FALLBACK,-0.1720,0.100,1.2415,0,none
76.601,1532,-0.27334,-3.18029,0.59887,0,10,0,FALLBACK,-0.1454,0.100,1.2414,0,none
76.652,1533,-0.29599,-3.11471,0.56685,0,10,0,FALLBACK,0.0932,0.100,1.2415,0,none
76.702,1534,-0.27836,-3.25984,0.52333,0,10,0,FALLBACK,-0.1963,0.100,1.2412,0,none
76.736,1535,-0.25852,-3.18691,0.47724,0,10,0,FALLBACK,-0.3066,0.100,1.2402,0,none
76.787,1536,-0.25473,-3.32164,0.48571,0,10,0,FALLBACK,-0.2453,0.100,1.2390,0,none
76.837,1537,-0.28515,-3.17808,0.49468,0,10,0,FALLBACK,0.0778,0.100,1.2391,0,none
76.886,1538,-0.26375,-3.11310,0.46934,0,10,0,FALLBACK,-0.2883,0.100,1.2385,0,none
76.934,1539,-0.24600,-3.24293,0.50029,0,10,0,FALLBACK,-0.3587,0.100,1.2362,0,none
76.986,1540,-0.24741,-3.04901,0.49689,0,10,0,FALLBACK,-0.2559,0.100,1.2352,0,none
77.036,1541,-0.28781,-3.08919,0.48721,0,10,0,FALLBACK,0.1410,0.100,1.2356,0,none
77.086,1542,-0.26362,-3.11253,0.45549,0,10,0,FALLBACK,-0.3029,0.100,1.2341,0,none
77.134,1543,-0.24182,-3.22433,0.44390,0,10,0,FALLBACK,-0.3999,0.100,1.2310,0,none
77.187,1544,-0.24165,-3.22129,0.45545,0,10,0,FALLBACK,-0.2926,0.100,1.2296,0,none
77.235,1545,-0.28828,-3.09321,0.44999,0,10,0,FALLBACK,0.1745,0.100,1.2300,0,none
77.289,1546,-0.25642,-3.30903,0.46742,0,10,0,FALLBACK,-0.3772,0.100,1.2278,0,none
77.336,1547,-0.22789,-3.49856,0.47346,0,10,0,FALLBACK,-0.5032,0.100,1.2229,0,none
77.385,1548,-0.22662,-3.51530,0.46516,0,10,0,FALLBACK,-0.3733,0.100,1.2204,0,none
77.438,1549,-0.27911,-3.32775,0.45764,0,10,0,FALLBACK,0.1580,0.100,1.2209,0,none
77.486,1550,-0.24929,-3.60340,0.47410,0,10,0,FALLBACK,-0.4026,0.100,1.2186,0,none
77.537,1551,-0.22275,-3.55878,0.44165,0,10,0,FALLBACK,-0.5189,0.100,1.2134,0,none
77.587,1552,-0.22412,-3.40843,0.44283,0,10,0,FALLBACK,-0.3725,0.100,1.2110,0,none
77.638,1553,-0.28274,-3.31262,0.53007,0,10,0,FALLBACK,0.2068,0.100,1.2118,0,none
77.686,1554,-0.25331,-3.30613,0.47120,0,10,0,FALLBACK,-0.3806,0.100,1.2085,0,none
77.738,1555,-0.22522,-3.40218,0.45213,0,10,0,FALLBACK,-0.5144,0.100,1.2034,0,none
77.787,1556,-0.22487,-3.34823,0.45291,0,10,0,FALLBACK,-0.3773,0.100,1.2011,0,none
77.838,1557,-0.27860,-3.31123,0.52243,0,10,0,FALLBACK,0.1616,0.100,1.2018,0,none
77.888,1558,-0.25744,-3.19196,0.52711,0,10,0,FALLBACK,-0.3186,0.100,1.1996,0,none
77.938,1559,-0.23674,-3.26000,0.48292,0,10,0,FALLBACK,-0.4198,0.100,1.1965,0,none
77.988,1560,-0.23842,-3.14610,0.53344,0,10,0,FALLBACK,-0.2995,0.100,1.1953,0,none
78.040,1561,-0.25486,-3.15484,0.57316,0,10,0,FALLBACK,-0.1435,0.100,1.1962,0,none
78.090,1562,-0.28170,-3.16626,0.60001,0,10,0,FALLBACK,0.0427,0.100,1.1972,0,none
78.141,1563,-0.26060,-3.10051,0.54221,0,10,0,FALLBACK,-0.3025,0.100,1.1976,0,none
78.191,1564,-0.24563,-3.29523,0.49014,0,10,0,FALLBACK,-0.3467,0.100,1.1957,0,none
78.241,1565,-0.24874,-3.29339,0.52001,0,10,0,FALLBACK,-0.2407,0.100,1.1955,0,none
78.294,1566,-0.27314,-3.32151,0.60195,0,10,0,FALLBACK,-0.0124,0.100,1.1963,0,none
78.342,1567,-0.25398,-3.25234,0.60850,0,10,0,FALLBACK,-0.3258,0.100,1.1968,0,none
78.390,1568,-0.23463,-3.62644,0.51199,0,10,0,FALLBACK,-0.4236,0.100,1.1955,0,none
78.442,1569,-0.23396,-3.53776,0.53762,0,10,0,FALLBACK,-0.3336,0.100,1.1945,0,none
78.492,1570,-0.26573,-3.48870,0.55857,0,10,0,FALLBACK,-0.0125,0.100,1.1947,0,none
78.541,1571,-0.25648,-3.43054,0.58186,0,10,0,FALLBACK,-0.2639,0.100,1.1949,0,none
78.592,1572,-0.24940,-3.50331,0.64815,0,10,0,FALLBACK,-0.2883,0.100,1.1947,0,none
78.639,1573,-0.25624,-3.37012,0.66325,0,10,0,FALLBACK,-0.1846,0.100,1.1948,0,none
78.693,1574,-0.28869,-3.47383,0.72209,0,10,0,FALLBACK,0.1057,0.100,1.1957,0,none
78.740,1575,-0.27103,-3.45664,0.59759,0,10,0,FALLBACK,-0.2331,0.100,1.1955,0,none
78.790,1576,-0.25530,-3.52322,0.55675,0,10,0,FALLBACK,-0.3021,0.100,1.1943,0,none
78.841,1577,-0.25542,-3.42117,0.60580,0,10,0,FALLBACK,-0.2223,0.100,1.1941,0,none
78.892,1578,-0.28437,-3.46278,0.64452,0,10,0,FALLBACK,0.0666,0.100,1.1949,0,none
78.941,1579,-0.26811,-3.34813,0.58415,0,10,0,FALLBACK,-0.2408,0.100,1.1949,0,none
78.992,1580,-0.25438,-3.26835,0.62919,0,10,0,FALLBACK,-0.2967,0.100,1.1939,0,none
79.042,1581,-0.25594,-3.35123,0.62500,0,10,0,FALLBACK,-0.2125,0.100,1.1938,0,none
79.091,1582,-0.29389,-3.10059,0.63754,0,10,0,FALLBACK,0.1593,0.100,1.1946,0,none
79.141,1583,-0.27082,-3.40586,0.57606,0,10,0,FALLBACK,-0.2613,0.100,1.1935,0,none
79.191,1584,-0.24899,-3.39078,0.53705,0,10,0,FALLBACK,-0.3642,0.100,1.1915,0,none
79.241,1585,-0.24626,-3.20312,0.58169,0,10,0,FALLBACK,-0.2823,0.100,1.1908,0,none
79.293,1586,-0.28051,-3.29206,0.61698,0,10,0,FALLBACK,0.0737,0.100,1.1915,0,none
79.343,1587,-0.26747,-3.23243,0.61523,0,10,0,FALLBACK,-0.2278,0.100,1.1913,0,none
79.394,1588,-0.25554,-3.36954,0.59372,0,10,0,FALLBACK,-0.2819,0.100,1.1905,0,none
79.445,1589,-0.25819,-3.42287,0.60995,0,10,0,FALLBACK,-0.1958,0.100,1.1905,0,none
79.494,1590,-0.27033,-3.13244,0.72297,0,10,0,FALLBACK,-0.0876,0.100,1.1913,0,none
79.544,1591,-0.29096,-3.43120,0.59329,0,10,0,FALLBACK,0.0580,0.100,1.1922,0,none
79.593,1592,-0.27642,-3.57734,0.62808,0,10,0,FALLBACK,-0.1906,0.100,1.1927,0,none
79.644,1593,-0.26492,-3.56863,0.60788,0,10,0,FALLBACK,-0.2329,0.100,1.1924,0,none
79.693,1594,-0.26544,-3.44380,0.60552,0,10,0,FALLBACK,-0.1702,0.100,1.1926,0,none
79.744,1595,-0.28374,-3.40452,0.72514,0,10,0,FALLBACK,0.0102,0.100,1.1934,0,none
79.794,1596,-0.26418,-3.42238,0.62255,0,10,0,FALLBACK,-0.2769,0.100,1.1940,0,none
79.842,1597,-0.25031,-3.49472,0.63925,0,10,0,FALLBACK,-0.3178,0.100,1.1928,0,none
79.895,1598,-0.25247,-3.41082,0.68236,0,10,0,FALLBACK,-0.2268,0.100,1.1928,0,none
79.945,1599,-0.27868,-3.22940,0.78484,0,10,0,FALLBACK,0.0245,0.100,1.1936,0,none
79.994,1600,-0.26461,-3.40906,0.63927,0,10,0,FALLBACK,-0.2473,0.100,1.1940,0,none
80.044,1601,-0.25415,-3.40690,0.63783,0,10,0,FALLBACK,-0.2815,0.100,1.1932,0,none
80.093,1602,-0.25812,-3.33827,0.69079,0,10,0,FALLBACK,-0.1896,0.100,1.1933,0,none
80.142,1603,-0.29406,-3.28513,0.68837,0,10,0,FALLBACK,0.1500,0.100,1.1941,0,none
80.193,1604,-0.26792,-3.42121,0.75259,0,10,0,FALLBACK,-0.2910,0.100,1.1934,0,none
80.244,1605,-0.24449,-3.29686,0.86494,0,10,0,FALLBACK,-0.3948,0.100,1.1909,0,none
80.295,1606,-0.24044,-3.40708,0.63652,0,10,0,FALLBACK,-0.3180,0.100,1.1901,0,none
80.347,1607,-0.28231,-3.46775,0.65525,0,10,0,FALLBACK,0.1209,0.100,1.1906,0,none
80.395,1608,-0.26432,-3.60761,0.66982,0,10,0,FALLBACK,-0.2684,0.100,1.1893,0,none
80.444,1609,-0.23775,-3.54766,0.74203,0,10,0,FALLBACK,-0.4441,0.100,1.1880,0,none
80.496,1610,-0.22908,-3.65491,0.64566,0,10,0,FALLBACK,-0.3979,0.100,1.1866,0,none
80.543,1611,-0.27887,-3.38537,0.80370,0,10,0,FALLBACK,0.1433,0.100,1.1864,0,none
80.595,1612,-0.25795,-3.50271,0.69661,0,10,0,FALLBACK,-0.3149,0.100,1.1848,0,none
80.646,1613,-0.23029,-3.57704,0.71450,0,10,0,FALLBACK,-0.4868,0.100,1.1822,0,none
80.695,1614,-0.22575,-3.54987,0.77816,0,10,0,FALLBACK,-0.3940,0.100,1.1801,0,none
80.747,1615,-0.24193,-3.28555,1.22653,0,10,0,FALLBACK,-0.2094,0.100,1.1804,0,none
80.798,1616,-0.27442,-3.27804,1.31622,0,10,0,FALLBACK,0.0346,0.100,1.1816,0,none
80.847,1617,-0.26600,-3.26119,1.13262,0,10,0,FALLBACK,-0.2121,0.100,1.1822,0,none
80.897,1618,-0.25645,-3.47489,0.93715,0,10,0,FALLBACK,-0.2655,0.100,1.1820,0,none
80.946,1619,-0.26003,-3.36287,1.21202,0,10,0,FALLBACK,-0.1820,0.100,1.1821,0,none
80.998,1620,-0.28868,-3.19433,1.30674,0,10,0,FALLBACK,0.0866,0.100,1.1830,0,none
81.048,1621,-0.26029,-3.45951,0.88402,0,10,0,FALLBACK,-0.3405,0.100,1.1832,0,none
81.098,1622,-0.23193,-3.45839,0.79558,0,10,0,FALLBACK,-0.4822,0.100,1.1808,0,none
81.146,1623,-0.22670,-3.62278,0.69618,0,10,0,FALLBACK,-0.3927,0.100,1.1790,0,none
81.197,1624,-0.26243,-3.37243,1.27492,0,10,0,FALLBACK,-0.0092,0.100,1.1794,0,none
81.248,1625,-0.24488,-3.52168,0.74489,0,10,0,FALLBACK,-0.3633,0.100,1.1798,0,none
81.297,1626,-0.22742,-3.34725,0.94144,0,10,0,FALLBACK,-0.4502,0.100,1.1780,0,none
81.347,1627,-0.23156,-3.45597,0.81211,0,10,0,FALLBACK,-0.3215,0.100,1.1769,0,none
81.397,1628,-0.28410,-3.21800,1.05866,0,10,0,FALLBACK,0.1832,0.100,1.1778,0,none
81.447,1629,-0.26365,-3.37366,1.22313,0,10,0,FALLBACK,-0.2840,0.100,1.1762,0,none
81.498,1630,-0.23581,-3.36786,1.10124,0,10,0,FALLBACK,-0.4601,0.100,1.1738,0,none
81.548,1631,-0.23001,-3.25616,1.25839,0,10,0,FALLBACK,-0.3789,0.100,1.1720,0,none
81.597,1632,-0.27883,-3.32711,1.17498,0,10,0,FALLBACK,0.1383,0.100,1.1724,0,none
81.647,1633,-0.25998,-3.34861,1.07136,0,10,0,FALLBACK,-0.2943,0.100,1.1711,0,none
81.699,1634,-0.23459,-3.64484,0.75561,0,10,0,FALLBACK,-0.4540,0.100,1.1691,0,none
81.750,1635,-0.23057,-3.57358,0.74356,0,10,0,FALLBACK,-0.3672,0.100,1.1675,0,none
81.798,1636,-0.24560,-3.12484,1.27974,0,10,0,FALLBACK,-0.1969,0.100,1.1681,0,none
81.848,1637,-0.27687,-3.20775,1.32464,0,10,0,FALLBACK,0.0407,0.100,1.1694,0,none
81.900,1638,-0.26724,-3.23901,1.15939,0,10,0,FALLBACK,-0.2119,0.100,1.1701,0,none
81.947,1639,-0.25640,-3.42965,0.98320,0,10,0,FALLBACK,-0.2722,0.100,1.1700,0,none
82.000,1640,-0.25877,-2.88408,1.62690,0,10,0,FALLBACK,-0.1943,0.100,1.1702,0,none
82.049,1641,-0.28339,-2.99885,1.62768,0,10,0,FALLBACK,0.0401,0.100,1.1711,0,none
82.099,1642,-0.27078,-3.07180,1.37580,0,10,0,FALLBACK,-0.2092,0.100,1.1718,0,none
82.149,1643,-0.25704,-3.06597,1.29251,0,10,0,FALLBACK,-0.2835,0.100,1.1717,0,none
82.198,1644,-0.25664,-2.96056,1.67742,0,10,0,FALLBACK,-0.2188,0.100,1.1718,0,none
82.249,1645,-0.28858,-3.04406,1.60239,0,10,0,FALLBACK,0.1026,0.100,1.1726,0,none
82.297,1646,-0.27059,-3.36001,1.12334,0,10,0,FALLBACK,-0.2370,0.100,1.1726,0,none
82.349,1647,-0.24928,-3.12220,1.42634,0,10,0,FALLBACK,-0.3602,0.100,1.1717,0,none
82.399,1648,-0.24283,-3.16122,1.38472,0,10,0,FALLBACK,-0.3181,0.100,1.1716,0,none
82.450,1649,-0.28595,-3.18804,1.20089,0,10,0,FALLBACK,0.1454,0.100,1.1717,0,none
82.499,1650,-0.26832,-3.10532,1.41076,0,10,0,FALLBACK,-0.2466,0.100,1.1716,0,none
82.548,1651,-0.23894,-3.62663,0.84286,0,10,0,FALLBACK,-0.4521,0.100,1.1702,0,none
82.598,1652,-0.22681,-3.41036,1.34879,0,10,0,FALLBACK,-0.4266,0.100,1.1673,0,none
82.650,1653,-0.23686,-3.36970,0.90564,0,10,0,FALLBACK,-0.2655,0.100,1.1672,0,none
82.700,1654,-0.26493,-3.38611,0.88470,0,10,0,FALLBACK,-0.0350,0.100,1.1685,0,none
82.751,1655,-0.25152,-3.46586,0.77464,0,10,0,FALLBACK,-0.3094,0.100,1.1695,0,none
82.800,1656,-0.24028,-3.56655,0.91988,0,10,0,FALLBACK,-0.3548,0.100,1.1688,0,none
82.834,1657,-0.24627,-3.42002,0.90465,0,10,0,FALLBACK,-0.2387,0.100,1.1687,0,none
82.887,1658,-0.27779,-3.44613,1.15150,0,10,0,FALLBACK,0.0465,0.100,1.1699,0,none
82.936,1659,-0.25447,-3.55279,0.90166,0,10,0,FALLBACK,-0.3442,0.100,1.1703,0,none
82.987,1660,-0.23701,-3.62895,0.81198,0,10,0,FALLBACK,-0.4023,0.100,1.1680,0,none
83.038,1661,-0.23988,-3.40187,0.83066,0,10,0,FALLBACK,-0.2863,0.100,1.1677,0,none
83.089,1662,-0.27910,-3.35541,0.74915,0,10,0,FALLBACK,0.0916,0.100,1.1689,0,none
83.140,1663,-0.25335,-3.63306,0.71214,0,10,0,FALLBACK,-0.3620,0.100,1.1686,0,none
83.190,1664,-0.23227,-3.51443,0.71071,0,10,0,FALLBACK,-0.4441,0.100,1.1656,0,none
83.239,1665,-0.23383,-3.60733,0.74733,0,10,0,FALLBACK,-0.3230,0.100,1.1649,0,none
83.291,1666,-0.28756,-3.45916,0.73510,0,10,0,FALLBACK,0.2065,0.100,1.1661,0,none
83.340,1667,-0.25333,-3.53515,0.65440,0,10,0,FALLBACK,-0.4045,0.100,1.1637,0,none
83.391,1668,-0.22194,-3.45748,0.62683,0,10,0,FALLBACK,-0.5473,0.100,1.1586,0,none
83.442,1669,-0.21897,-3.21168,0.59550,0,10,0,FALLBACK,-0.4199,0.100,1.1565,0,none
83.493,1670,-0.25714,-2.96569,0.71831,0,10,0,FALLBACK,-0.0235,0.100,1.1577,0,none
83.544,1671,-0.25511,-3.01385,0.69911,0,10,0,FALLBACK,-0.2346,0.100,1.1584,0,none
83.593,1672,-0.25413,-3.09743,0.71008,0,10,0,FALLBACK,-0.2342,0.100,1.1585,0,none
83.644,1673,-0.26478,-2.89872,0.87343,0,10,0,FALLBACK,-0.1228,0.100,1.1593,0,none
83.695,1674,-0.28119,-2.89212,0.80236,0,10,0,FALLBACK,-0.0120,0.100,1.1606,0,none
83.745,1675,-0.29178,-2.98759,0.84310,0,10,0,FALLBACK,0.0118,0.100,1.1616,0,none
83.795,1676,-0.32373,-2.95188,0.71448,0,10,0,FALLBACK,0.2784,0.100,1.1627,0,none
83.846,1677,-0.35001,-2.95810,0.66511,0,10,0,FALLBACK,0.3815,0.100,1.1620,0,none
83.896,1678,-0.35936,-2.91159,0.86032,0,10,0,FALLBACK,0.3435,0.100,1.1614,0,none
83.946,1679,-0.33878,-3.06141,0.71301,0,10,0,FALLBACK,0.0910,0.100,1.1620,0,none
83.999,1680,-0.34336,-3.02217,0.72027,0,10,0,FALLBACK,0.2397,0.100,1.1632,0,none
84.047,1681,-0.34638,-3.00247,0.69237,0,10,0,FALLBACK,0.2470,0.100,1.1637,0,none
84.098,1682,-0.33796,-3.11401,0.70524,0,10,0,FALLBACK,0.1477,0.100,1.1643,0,none
84.148,1683,-0.29375,-2.96694,0.71893,0,10,0,FALLBACK,-0.2523,0.100,1.1655,0,none
84.198,1684,-0.30621,-3.07281,0.69557,0,10,0,FALLBACK,0.0934,0.100,1.1643,0,none
84.248,1685,-0.32909,-2.97034,0.75981,0,10,0,FALLBACK,0.2598,0.100,1.1640,0,none
84.297,1686,-0.33973,-3.02679,0.73369,0,10,0,FALLBACK,0.2519,0.100,1.1637,0,none
84.348,1687,-0.33751,-3.02392,0.68807,0,10,0,FALLBACK,0.1765,0.100,1.1643,0,none
84.400,1688,-0.31743,-3.02085,0.70235,0,10,0,FALLBACK,-0.0132,0.100,1.1652,0,none
84.450,1689,-0.32119,-2.90951,0.71851,0,10,0,FALLBACK,0.1247,0.100,1.1663,0,none
84.500,1690,-0.32798,-3.11776,0.74675,0,10,0,FALLBACK,0.1739,0.100,1.1672,0,none
84.548,1691,-0.32904,-3.07809,0.77160,0,10,0,FALLBACK,0.1505,0.100,1.1678,0,none
84.599,1692,-0.30148,-3.13635,0.76590,0,10,0,FALLBACK,-0.1303,0.100,1.1686,0,none
84.649,1693,-0.32291,-3.05018,0.73043,0,10,0,FALLBACK,0.2216,0.100,1.1688,0,none
84.700,1694,-0.34762,-2.88887,0.73187,0,10,0,FALLBACK,0.3616,0.100,1.1680,0,none
84.752,1695,-0.35558,-3.07469,0.77978,0,10,0,FALLBACK,0.3177,0.100,1.1671,0,none
84.802,1696,-0.32150,-3.02409,0.75186,0,10,0,FALLBACK,-0.0629,0.100,1.1676,0,none
84.852,1697,-0.33397,-3.23334,0.75872,0,10,0,FALLBACK,0.2322,0.100,1.1678,0,none
84.884,1698,-0.35474,-3.19000,0.69649,0,10,0,FALLBACK,0.3775,0.100,1.1680,0,none
84.934,1699,-0.35818,-3.10511,0.72459,0,10,0,FALLBACK,0.3081,0.100,1.1659,0,none
84.985,1700,-0.34597,-3.11666,0.79686,0,10,0,FALLBACK,0.1688,0.100,1.1667,0,none
85.036,1701,-0.31676,-3.02838,0.73226,0,10,0,FALLBACK,-0.0622,0.100,1.1681,0,none
85.088,1702,-0.32667,-3.12072,0.75954,0,10,0,FALLBACK,0.1829,0.100,1.1687,0,none
85.137,1703,-0.33506,-3.13353,0.77695,0,10,0,FALLBACK,0.2172,0.100,1.1686,0,none
85.187,1704,-0.33220,-3.15299,0.74810,0,10,0,FALLBACK,0.1467,0.100,1.1692,0,none
85.237,1705,-0.30221,-3.22586,0.72962,0,10,0,FALLBACK,-0.1389,0.100,1.1702,0,none
85.287,1706,-0.32479,-2.85262,0.84213,0,10,0,FALLBACK,0.2369,0.100,1.1702,0,none
85.339,1707,-0.34555,-2.72385,0.96427,0,10,0,FALLBACK,0.3315,0.100,1.1689,0,none
85.387,1708,-0.34933,-3.01857,0.74012,0,10,0,FALLBACK,0.2656,0.100,1.1685,0,none
85.438,1709,-0.30422,-3.12968,0.69367,0,10,0,FALLBACK,-0.2045,0.100,1.1695,0,none
85.488,1710,-0.33616,-2.91090,0.78940,0,10,0,FALLBACK,0.3405,0.100,1.1678,0,none
85.538,1711,-0.36621,-3.07116,0.68803,0,10,0,FALLBACK,0.4813,0.100,1.1640,0,none
85.589,1712,-0.37138,-2.71157,0.87093,0,10,0,FALLBACK,0.3828,0.100,1.1622,0,none
85.640,1713,-0.35909,-3.12896,0.73310,0,10,0,FALLBACK,0.2340,0.100,1.1632,0,none
85.691,1714,-0.32492,-3.19845,0.76880,0,10,0,FALLBACK,-0.0463,0.100,1.1648,0,none
85.741,1715,-0.33979,-2.98049,0.73597,0,10,0,FALLBACK,0.2733,0.100,1.1655,0,none
85.791,1716,-0.35098,-3.01703,0.75121,0,10,0,FALLBACK,0.3109,0.100,1.1644,0,none
85.841,1717,-0.34631,-3.09752,0.77152,0,10,0,FALLBACK,0.2082,0.100,1.1645,0,none
85.894,1718,-0.31142,-3.14702,0.75725,0,10,0,FALLBACK,-0.1173,0.100,1.1658,0,none
85.943,1719,-0.32876,-3.01547,0.84456,0,10,0,FALLBACK,0.2305,0.100,1.1658,0,none
85.994,1720,-0.34486,-2.98003,0.76242,0,10,0,FALLBACK,0.3048,0.100,1.1648,0,none
86.043,1721,-0.34532,-3.17620,0.72357,0,10,0,FALLBACK,0.2289,0.100,1.1648,0,none
86.094,1722,-0.30043,-3.24452,0.74210,0,10,0,FALLBACK,-0.2223,0.100,1.1658,0,none
86.144,1723,-0.32360,-2.91712,0.84386,0,10,0,FALLBACK,0.2338,0.100,1.1646,0,none
86.195,1724,-0.35475,-3.03102,0.75083,0,10,0,FALLBACK,0.4295,0.100,1.1628,0,none
86.245,1725,-0.36573,-2.92693,0.83048,0,10,0,FALLBACK,0.3835,0.100,1.1610,0,none
86.296,1726,-0.35740,-2.98814,0.76594,0,10,0,FALLBACK,0.2453,0.100,1.1612,0,none
86.347,1727,-0.32345,-3.11324,0.77723,0,10,0,FALLBACK,-0.0525,0.100,1.1626,0,none
86.397,1728,-0.33387,-2.93041,0.80996,0,10,0,FALLBACK,0.2215,0.100,1.1630,0,none
86.447,1729,-0.34903,-2.99891,0.74672,0,10,0,FALLBACK,0.3209,0.100,1.1631,0,none
86.498,1730,-0.35087,-3.05962,0.76542,0,10,0,FALLBACK,0.2635,0.100,1.1630,0,none
86.547,1731,-0.31635,-3.04313,0.70917,0,10,0,FALLBACK,-0.0908,0.100,1.1636,0,none
86.596,1732,-0.33032,-2.94281,0.74635,0,10,0,FALLBACK,0.2214,0.100,1.1639,0,none
86.647,1733,-0.34838,-3.00129,0.81997,0,10,0,FALLBACK,0.3322,0.100,1.1634,0,none
86.696,1734,-0.35097,-2.95755,0.77691,0,10,0,FALLBACK,0.2678,0.100,1.1630,0,none
86.748,1735,-0.31372,-3.00258,0.76278,0,10,0,FALLBACK,-0.1177,0.100,1.1637,0,none
86.798,1736,-0.32424,-3.04362,0.76292,0,10,0,FALLBACK,0.1738,0.100,1.1637,0,none
86.849,1737,-0.34075,-3.02406,0.80375,0,10,0,FALLBACK,0.2863,0.100,1.1635,0,none
86.899,1738,-0.34404,-3.14094,0.76017,0,10,0,FALLBACK,0.2366,0.100,1.1634,0,none
86.948,1739,-0.33513,-3.23935,0.74921,0,10,0,FALLBACK,0.1311,0.100,1.1641,0,none
87.000,1740,-0.31219,-3.15783,0.71224,0,10,0,FALLBACK,-0.0538,0.100,1.1654,0,none
87.052,1741,-0.31462,-3.21161,0.75545,0,10,0,FALLBACK,0.0853,0.100,1.1662,0,none
87.101,1742,-0.31986,-3.16011,0.74294,0,10,0,FALLBACK,0.1255,0.100,1.1670,0,none
87.134,1743,-0.31906,-3.25934,0.73415,0,10,0,FALLBACK,0.0913,0.100,1.1678,0,none
87.184,1744,-0.30349,-3.20385,0.70600,0,10,0,FALLBACK,-0.0604,0.100,1.1688,0,none
87.235,1745,-0.31292,-3.14383,0.71106,0,10,0,FALLBACK,0.1117,0.100,1.1696,0,none
87.285,1746,-0.32185,-3.02620,0.74433,0,10,0,FALLBACK,0.1539,0.100,1.1701,0,none
87.337,1747,-0.32313,-3.13337,0.73947,0,10,0,FALLBACK,0.1220,0.100,1.1708,0,none
87.386,1748,-0.30758,-3.21088,0.72149,0,10,0,FALLBACK,-0.0399,0.100,1.1718,0,none
87.438,1749,-0.31427,-3.13939,0.73195,0,10,0,FALLBACK,0.1048,0.100,1.1726,0,none
87.487,1750,-0.32070,-3.05410,0.70866,0,10,0,FALLBACK,0.1357,0.100,1.1732,0,none
87.536,1751,-0.32038,-3.04688,0.71509,0,10,0,FALLBACK,0.1003,0.100,1.1740,0,none
87.588,1752,-0.31534,-3.25641,0.68679,0,10,0,FALLBACK,0.0515,0.100,1.1749,0,none
87.638,1753,-0.30308,-3.14264,0.69631,0,10,0,FALLBACK,-0.0459,0.100,1.1760,0,none
87.688,1754,-0.31395,-3.10265,0.72808,0,10,0,FALLBACK,0.1241,0.100,1.1768,0,none
87.740,1755,-0.32313,-3.12291,0.76907,0,10,0,FALLBACK,0.1616,0.100,1.1772,0,none
87.791,1756,-0.32426,-3.11849,0.74528,0,10,0,FALLBACK,0.1269,0.100,1.1778,0,none
87.841,1757,-0.31074,-3.10852,0.73110,0,10,0,FALLBACK,-0.0139,0.100,1.1787,0,none
87.890,1758,-0.32063,-3.07430,0.79214,0,10,0,FALLBACK,0.1526,0.100,1.1796,0,none
87.941,1759,-0.32830,-2.98280,0.83620,0,10,0,FALLBACK,0.1798,0.100,1.1799,0,none
87.991,1760,-0.32702,-3.22181,0.75877,0,10,0,FALLBACK,0.1287,0.100,1.1804,0,none
88.042,1761,-0.30400,-3.13181,0.74792,0,10,0,FALLBACK,-0.0951,0.100,1.1814,0,none
88.093,1762,-0.31769,-3.12387,0.85862,0,10,0,FALLBACK,0.1569,0.100,1.1817,0,none
88.146,1763,-0.33360,-3.17877,0.76436,0,10,0,FALLBACK,0.2476,0.100,1.1817,0,none
88.196,1764,-0.33772,-3.11028,0.77913,0,10,0,FALLBACK,0.2092,0.100,1.1816,0,none
88.244,1765,-0.30751,-3.27248,0.69564,0,10,0,FALLBACK,-0.1135,0.100,1.1823,0,none
88.296,1766,-0.32075,-3.14107,0.77126,0,10,0,FALLBACK,0.1699,0.100,1.1823,0,none
88.346,1767,-0.33877,-3.11827,0.74591,0,10,0,FALLBACK,0.2840,0.100,1.1820,0,none
88.397,1768,-0.34470,-3.08973,0.76307,0,10,0,FALLBACK,0.2531,0.100,1.1818,0,none
88.447,1769,-0.33767,-3.14880,0.73071,0,10,0,FALLBACK,0.1532,0.100,1.1822,0,none
88.497,1770,-0.31581,-3.15427,0.75293,0,10,0,FALLBACK,-0.0303,0.100,1.1831,0,none
88.548,1771,-0.31474,-3.15541,0.72073,0,10,0,FALLBACK,0.0683,0.100,1.1838,0,none
88.597,1772,-0.31630,-3.10093,0.67301,0,10,0,FALLBACK,0.0894,0.100,1.1847,0,none
88.648,1773,-0.31368,-3.13365,0.69923,0,10,0,FALLBACK,0.0553,0.100,1.1854,0,none
88.698,1774,-0.29776,-3.28089,0.71640,0,10,0,FALLBACK,-0.0908,0.100,1.1863,0,none
88.751,1775,-0.30895,-3.30182,0.68776,0,10,0,FALLBACK,0.1008,0.100,1.1868,0,none
88.800,1776,-0.32267,-3.04344,0.75778,0,10,0,FALLBACK,0.1820,0.100,1.1872,0,none
88.851,1777,-0.32817,-3.14564,0.72125,0,10,0,FALLBACK,0.1683,0.100,1.1875,0,none
88.884,1778,-0.31649,-3.06949,0.73619,0,10,0,FALLBACK,0.0240,0.100,1.1881,0,none
88.934,1779,-0.32176,-3.03851,0.74990,0,10,0,FALLBACK,0.1352,0.100,1.1889,0,none
88.985,1780,-0.32496,-3.02331,0.72924,0,10,0,FALLBACK,0.1408,0.100,1.1894,0,none
89.035,1781,-0.32128,-3.16250,0.72793,0,10,0,FALLBACK,0.0880,0.100,1.1901,0,none
89.087,1782,-0.29648,-3.23975,0.71960,0,10,0,FALLBACK,-0.1416,0.100,1.1909,0,none
89.136,1783,-0.30843,-3.18801,0.78062,0,10,0,FALLBACK,0.1019,0.100,1.1909,0,none
89.186,1784,-0.32197,-3.19892,0.77105,0,10,0,FALLBACK,0.1775,0.100,1.1910,0,none
89.238,1785,-0.32621,-3.18638,0.78658,0,10,0,FALLBACK,0.1522,0.100,1.1912,0,none
89.289,1786,-0.32299,-3.10793,0.74100,0,10,0,FALLBACK,0.0988,0.100,1.1919,0,none
89.340,1787,-0.31217,-3.26144,0.69774,0,10,0,FALLBACK,0.0068,0.100,1.1928,0,none
89.389,1788,-0.31732,-3.32834,0.68843,0,10,0,FALLBACK,0.1123,0.100,1.1936,0,none
89.441,1789,-0.32049,-3.12024,0.72352,0,10,0,FALLBACK,0.1183,0.100,1.1940,0,none
89.492,1790,-0.31770,-3.39595,0.64161,0,10,0,FALLBACK,0.0746,0.100,1.1947,0,none
89.543,1791,-0.30617,-3.26370,0.73921,0,10,0,FALLBACK,-0.0268,0.100,1.1954,0,none
89.594,1792,-0.31101,-3.23698,0.74218,0,10,0,FALLBACK,0.0793,0.100,1.1961,0,none
89.642,1793,-0.31527,-3.18735,0.72628,0,10,0,FALLBACK,0.0977,0.100,1.1967,0,none
89.692,1794,-0.31456,-3.23339,0.67971,0,10,0,FALLBACK,0.0692,0.100,1.1973,0,none
89.742,1795,-0.30092,-3.09107,0.71027,0,10,0,FALLBACK,-0.0636,0.100,1.1980,0,none
89.794,1796,-0.31243,-3.14346,0.77423,0,10,0,FALLBACK,0.1197,0.100,1.1985,0,none
89.844,1797,-0.32292,-2.94187,0.77378,0,10,0,FALLBACK,0.1671,0.100,1.1987,0,none
89.894,1798,-0.32500,-3.05772,0.76302,0,10,0,FALLBACK,0.1354,0.100,1.1990,0,none
89.945,1799,-0.30118,-3.19114,0.73369,0,10,0,FALLBACK,-0.1132,0.100,1.1997,0,none
89.996,1800,-0.31880,-3.06882,0.76253,0,10,0,FALLBACK,0.1821,0.100,1.1997,0,none
90.046,1801,-0.33956,-3.02929,0.73673,0,10,0,FALLBACK,0.3017,0.100,1.1991,0,none
90.097,1802,-0.34629,-3.20354,0.71394,0,10,0,FALLBACK,0.2651,0.100,1.1985,0,none
90.146,1803,-0.31088,-3.03674,0.79091,0,10,0,FALLBACK,-0.1226,0.100,1.1987,0,none
90.197,1804,-0.32769,-3.07692,0.72237,0,10,0,FALLBACK,0.2225,0.100,1.1982,0,none
90.249,1805,-0.34958,-3.06121,0.72554,0,10,0,FALLBACK,0.3573,0.100,1.1971,0,none
90.297,1806,-0.35461,-3.00325,0.75075,0,10,0,FALLBACK,0.2982,0.100,1.1960,0,none
90.348,1807,-0.34386,-3.10321,0.82217,0,10,0,FALLBACK,0.1656,0.100,1.1962,0,none
90.400,1808,-0.31553,-3.15321,0.74641,0,10,0,FALLBACK,-0.0640,0.100,1.1972,0,none
90.451,1809,-0.32355,-3.18384,0.75125,0,10,0,FALLBACK,0.1579,0.100,1.1978,0,none
90.498,1810,-0.33652,-2.96154,0.73397,0,10,0,FALLBACK,0.2474,0.100,1.1980,0,none
90.550,1811,-0.34109,-2.97271,0.75024,0,10,0,FALLBACK,0.2284,0.100,1.1978,0,none
90.598,1812,-0.31793,-2.90675,0.70960,0,10,0,FALLBACK,-0.0262,0.100,1.1979,0,none
90.648,1813,-0.33714,-2.85718,0.73248,0,10,0,FALLBACK,0.2817,0.100,1.1983,0,none
90.700,1814,-0.35596,-2.72832,0.82892,0,10,0,FALLBACK,0.3739,0.100,1.1972,0,none
90.751,1815,-0.35692,-2.85428,0.76005,0,10,0,FALLBACK,0.2894,0.100,1.1962,0,none
90.784,1816,-0.31866,-2.98290,0.70076,0,10,0,FALLBACK,-0.0981,0.100,1.1967,0,none
90.836,1817,-0.33846,-2.76640,0.75918,0,10,0,FALLBACK,0.2913,0.100,1.1962,0,none
90.885,1818,-0.35586,-2.78184,0.83696,0,10,0,FALLBACK,0.3663,0.100,1.1941,0,none
90.937,1819,-0.35416,-2.78291,0.81188,0,10,0,FALLBACK,0.2623,0.100,1.1934,0,none
90.988,1820,-0.30238,-2.99477,0.72705,0,10,0,FALLBACK,-0.2470,0.100,1.1943,0,none
91.038,1821,-0.33275,-2.84853,0.76112,0,10,0,FALLBACK,0.3156,0.100,1.1916,0,none
91.086,1822,-0.36307,-2.95475,0.72977,0,10,0,FALLBACK,0.4669,0.100,1.1876,0,none
91.137,1823,-0.36847,-2.76849,0.77699,0,10,0,FALLBACK,0.3694,0.100,1.1855,0,none
91.188,1824,-0.35610,-2.95717,0.74121,0,10,0,FALLBACK,0.2186,0.100,1.1862,0,none
91.240,1825,-0.32617,-3.15068,0.73874,0,10,0,FALLBACK,-0.0188,0.100,1.1875,0,none
91.289,1826,-0.34223,-3.10621,0.70912,0,10,0,FALLBACK,0.2914,0.100,1.1882,0,none
91.339,1827,-0.35307,-3.09534,0.74145,0,10,0,FALLBACK,0.3196,0.100,1.1867,0,none
91.388,1828,-0.34743,-3.05561,0.69736,0,10,0,FALLBACK,0.2089,0.100,1.1867,0,none
91.438,1829,-0.31639,-3.05002,0.73185,0,10,0,FALLBACK,-0.0733,0.100,1.1877,0,none
91.489,1830,-0.33301,-3.06939,0.68342,0,10,0,FALLBACK,0.2482,0.100,1.1879,0,none
91.540,1831,-0.34679,-3.05644,0.70444,0,10,0,FALLBACK,0.3029,0.100,1.1868,0,none
91.588,1832,-0.34490,-3.12345,0.68266,0,10,0,FALLBACK,0.2150,0.100,1.1866,0,none
91.639,1833,-0.31468,-2.99875,0.73564,0,10,0,FALLBACK,-0.0777,0.100,1.1875,0,none
91.691,1834,-0.32779,-2.98760,0.68795,0,10,0,FALLBACK,0.2045,0.100,1.1877,0,none
91.738,1835,-0.33965,-2.98669,0.68162,0,10,0,FALLBACK,0.2576,0.100,1.1871,0,none
91.789,1836,-0.33819,-3.03621,0.69916,0,10,0,FALLBACK,0.1836,0.100,1.1872,0,none
91.840,1837,-0.29859,-3.04027,0.68287,0,10,0,FALLBACK,-0.2050,0.100,1.1880,0,none
91.890,1838,-0.32263,-2.80979,0.74309,0,10,0,FALLBACK,0.2334,0.100,1.1868,0,none
91.938,1839,-0.34694,-2.77140,0.76591,0,10,0,FALLBACK,0.3563,0.100,1.1848,0,none
91.989,1840,-0.35247,-2.84505,0.76626,0,10,0,FALLBACK,0.2900,0.100,1.1839,0,none
92.041,1841,-0.34420,-2.87951,0.70331,0,10,0,FALLBACK,0.1796,0.100,1.1846,0,none
92.090,1842,-0.32244,-2.94279,0.68591,0,10,0,FALLBACK,0.0034,0.100,1.1857,0,none
92.140,1843,-0.32964,-2.95819,0.70599,0,10,0,FALLBACK,0.1841,0.100,1.1866,0,none
92.192,1844,-0.33394,-3.06094,0.69889,0,10,0,FALLBACK,0.1912,0.100,1.1866,0,none
92.242,1845,-0.32837,-3.18775,0.66781,0,10,0,FALLBACK,0.1140,0.100,1.1871,0,none
92.291,1846,-0.30757,-3.03451,0.69808,0,10,0,FALLBACK,-0.0661,0.100,1.1881,0,none
92.342,1847,-0.31702,-3.27182,0.65657,0,10,0,FALLBACK,0.1323,0.100,1.1886,0,none
92.391,1848,-0.32574,-3.12344,0.63889,0,10,0,FALLBACK,0.1723,0.100,1.1887,0,none
92.440,1849,-0.32642,-3.25798,0.62881,0,10,0,FALLBACK,0.1355,0.100,1.1893,0,none
92.492,1850,-0.31147,-3.27960,0.65985,0,10,0,FALLBACK,-0.0174,0.100,1.1899,0,none
92.542,1851,-0.31281,-3.24625,0.63641,0,10,0,FALLBACK,0.0707,0.100,1.1906,0,none
92.590,1852,-0.31643,-3.06718,0.64782,0,10,0,FALLBACK,0.1003,0.100,1.1914,0,none
92.640,1853,-0.31548,-3.17410,0.60034,0,10,0,FALLBACK,0.0726,0.100,1.1920,0,none
92.693,1854,-0.29513,-3.06459,0.66479,0,10,0,FALLBACK,-0.1261,0.100,1.1928,0,none
92.741,1855,-0.30984,-2.98022,0.70565,0,10,0,FALLBACK,0.1227,0.100,1.1929,0,none
92.793,1856,-0.32491,-2.78599,0.74347,0,10,0,FALLBACK,0.1999,0.100,1.1929,0,none
92.843,1857,-0.32974,-2.91477,0.70236,0,10,0,FALLBACK,0.1728,0.100,1.1930,0,none
92.891,1858,-0.32636,-2.90239,0.70796,0,10,0,FALLBACK,0.1149,0.100,1.1936,0,none
92.943,1859,-0.31474,-2.85618,0.67131,0,10,0,FALLBACK,0.0156,0.100,1.1945,0,none
92.991,1860,-0.32550,-2.78476,0.72378,0,10,0,FALLBACK,0.1813,0.100,1.1953,0,none
93.042,1861,-0.33223,-2.82391,0.75604,0,10,0,FALLBACK,0.1948,0.100,1.1953,0,none
93.091,1862,-0.32915,-2.91270,0.69325,0,10,0,FALLBACK,0.1304,0.100,1.1957,0,none
93.142,1863,-0.31048,-2.72351,0.69844,0,10,0,FALLBACK,-0.0409,0.100,1.1965,0,none
93.194,1864,-0.32652,-2.57748,0.71246,0,10,0,FALLBACK,0.2128,0.100,1.1970,0,none
93.243,1865,-0.33895,-2.81170,0.71953,0,10,0,FALLBACK,0.2569,0.100,1.1964,0,none
93.293,1866,-0.33826,-2.86355,0.67440,0,10,0,FALLBACK,0.1879,0.100,1.1964,0,none
93.343,1867,-0.31052,-2.93705,0.67403,0,10,0,FALLBACK,-0.0862,0.100,1.1972,0,none
93.393,1868,-0.33253,-2.83278,0.69928,0,10,0,FALLBACK,0.2728,0.100,1.1973,0,none
93.445,1869,-0.35090,-2.86258,0.68611,0,10,0,FALLBACK,0.3463,0.100,1.1955,0,none
93.495,1870,-0.35141,-3.01025,0.64122,0,10,0,FALLBACK,0.2596,0.100,1.1949,0,none
93.542,1871,-0.31978,-2.99177,0.64878,0,10,0,FALLBACK,-0.0592,0.100,1.1957,0,none
93.592,1872,-0.33227,-2.97071,0.65424,0,10,0,FALLBACK,0.2237,0.100,1.1958,0,none
93.642,1873,-0.34313,-2.92137,0.68920,0,10,0,FALLBACK,0.2700,0.100,1.1950,0,none
93.693,1874,-0.33999,-3.11824,0.64045,0,10,0,FALLBACK,0.1843,0.100,1.1950,0,none
93.743,1875,-0.29656,-2.97814,0.66086,0,10,0,FALLBACK,-0.2343,0.100,1.1958,0,none
93.794,1876,-0.32064,-2.87035,0.71648,0,10,0,FALLBACK,0.2236,0.100,1.1939,0,none
93.842,1877,-0.34601,-2.75460,0.70431,0,10,0,FALLBACK,0.3569,0.100,1.1919,0,none
93.892,1878,-0.35224,-2.97290,0.66688,0,10,0,FALLBACK,0.2924,0.100,1.1907,0,none
93.942,1879,-0.34431,-2.66883,0.70722,0,10,0,FALLBACK,0.1819,0.100,1.1913,0,none
93.994,1880,-0.32240,-2.62820,0.82103,0,10,0,FALLBACK,0.0024,0.100,1.1924,0,none
94.045,1881,-0.33003,-2.74431,0.73814,0,10,0,FALLBACK,0.1883,0.100,1.1932,0,none
94.094,1882,-0.33460,-2.80604,0.74939,0,10,0,FALLBACK,0.1958,0.100,1.1931,0,none
94.143,1883,-0.32904,-2.58928,0.81288,0,10,0,FALLBACK,0.1174,0.100,1.1935,0,none
94.192,1884,-0.30391,-2.63308,0.81659,0,10,0,FALLBACK,-0.1061,0.100,1.1944,0,none
94.243,1885,-0.32255,-2.81252,0.73538,0,10,0,FALLBACK,0.2059,0.100,1.1946,0,none
94.291,1886,-0.33917,-2.81384,0.73655,0,10,0,FALLBACK,0.2790,0.100,1.1936,0,none
94.344,1887,-0.34133,-2.90423,0.69847,0,10,0,FALLBACK,0.2174,0.100,1.1934,0,none
94.395,1888,-0.31869,-2.88710,0.72212,0,10,0,FALLBACK,-0.0198,0.100,1.1941,0,none
94.444,1889,-0.32471,-2.80024,0.71114,0,10,0,FALLBACK,0.1537,0.100,1.1945,0,none
94.494,1890,-0.33368,-2.91914,0.71117,0,10,0,FALLBACK,0.2133,0.100,1.1950,0,none
94.546,1891,-0.33385,-3.04790,0.65159,0,10,0,FALLBACK,0.1701,0.100,1.1952,0,none
94.593,1892,-0.31211,-3.08910,0.62417,0,10,0,FALLBACK,-0.0482,0.100,1.1957,0,none
94.645,1893,-0.31621,-3.08582,0.60223,0,10,0,FALLBACK,0.1015,0.100,1.1961,0,none
94.696,1894,-0.32256,-3.04356,0.67624,0,10,0,FALLBACK,0.1446,0.100,1.1966,0,none
94.744,1895,-0.32182,-3.21155,0.65005,0,10,0,FALLBACK,0.1054,0.100,1.1970,0,none
94.794,1896,-0.31521,-3.05331,0.64317,0,10,0,FALLBACK,0.0430,0.100,1.1976,0,none
94.847,1897,-0.30385,-2.91716,0.70408,0,10,0,FALLBACK,-0.0376,0.100,1.1984,0,none
94.896,1898,-0.31141,-3.03573,0.66451,0,10,0,FALLBACK,0.0948,0.100,1.1991,0,none
94.944,1899,-0.31944,-2.64112,0.83246,0,10,0,FALLBACK,0.1373,0.100,1.1995,0,none
94.994,1900,-0.32095,-2.61974,0.86505,0,10,0,FALLBACK,0.1123,0.100,1.1999,0,none
95.045,1901,-0.30919,-2.70246,0.74716,0,10,0,FALLBACK,-0.0128,0.100,1.2006,0,none
95.094,1902,-0.32555,-2.59311,0.86536,0,10,0,FALLBACK,0.2096,0.100,1.2012,0,none
95.145,1903,-0.34037,-2.89725,0.73158,0,10,0,FALLBACK,0.2760,0.100,1.2009,0,none
95.194,1904,-0.34212,-2.65128,0.88370,0,10,0,FALLBACK,0.2193,0.100,1.2006,0,none
95.246,1905,-0.32468,-2.58911,0.75295,0,10,0,FALLBACK,0.0362,0.100,1.2011,0,none
95.294,1906,-0.32559,-2.85862,0.65410,0,10,0,FALLBACK,0.1325,0.100,1.2019,0,none
95.345,1907,-0.32634,-2.81206,0.71687,0,10,0,FALLBACK,0.1355,0.100,1.2024,0,none
95.395,1908,-0.32037,-2.77604,0.65157,0,10,0,FALLBACK,0.0720,0.100,1.2029,0,none
95.447,1909,-0.29522,-2.71028,0.75159,0,10,0,FALLBACK,-0.1497,0.100,1.2036,0,none
95.496,1910,-0.30741,-2.91221,0.78490,0,10,0,FALLBACK,0.0980,0.100,1.2035,0,none
95.546,1911,-0.32476,-2.93741,0.68674,0,10,0,FALLBACK,0.2105,0.100,1.2035,0,none
95.597,1912,-0.33236,-2.86226,0.70726,0,10,0,FALLBACK,0.1998,0.100,1.2033,0,none
95.648,1913,-0.30884,-2.88677,0.76372,0,10,0,FALLBACK,-0.0734,0.100,1.2036,0,none
95.696,1914,-0.32669,-3.03752,0.73562,0,10,0,FALLBACK,0.2227,0.100,1.2038,0,none
95.747,1915,-0.34643,-2.98837,0.74188,0,10,0,FALLBACK,0.3308,0.100,1.2029,0,none
95.795,1916,-0.35061,-3.19657,0.69161,0,10,0,FALLBACK,0.2739,0.100,1.2021,0,none
95.846,1917,-0.31550,-2.98958,0.70659,0,10,0,FALLBACK,-0.0981,0.100,1.2024,0,none
95.896,1918,-0.32516,-3.04621,0.68331,0,10,0,FALLBACK,0.1742,0.100,1.2021,0,none
95.948,1919,-0.34006,-3.01264,0.71040,0,10,0,FALLBACK,0.2748,0.100,1.2017,0,none
95.996,1920,-0.34197,-2.98815,0.65368,0,10,0,FALLBACK,0.2194,0.100,1.2012,0,none
96.046,1921,-0.33189,-2.95771,0.67756,0,10,0,FALLBACK,0.1091,0.100,1.2016,0,none
96.097,1922,-0.31179,-2.92562,0.67136,0,10,0,FALLBACK,-0.0415,0.100,1.2025,0,none
96.145,1923,-0.31057,-2.89474,0.71903,0,10,0,FALLBACK,0.0468,0.100,1.2031,0,none
96.198,1924,-0.31193,-2.96157,0.71636,0,10,0,FALLBACK,0.0665,0.100,1.2036,0,none
96.248,1925,-0.30981,-2.90008,0.71268,0,10,0,FALLBACK,0.0384,0.100,1.2042,0,none
96.295,1926,-0.29579,-2.73705,0.78158,0,10,0,FALLBACK,-0.0911,0.100,1.2049,0,none
96.347,1927,-0.31281,-2.85508,0.81052,0,10,0,FALLBACK,0.1491,0.100,1.2053,0,none
96.398,1928,-0.33123,-2.46143,0.96377,0,10,0,FALLBACK,0.2483,0.100,1.2051,0,none
96.445,1929,-0.33906,-2.88249,0.79982,0,10,0,FALLBACK,0.2344,0.100,1.2049,0,none
96.495,1930,-0.32473,-2.91384,0.81985,0,10,0,FALLBACK,0.0520,0.100,1.2051,0,none
96.547,1931,-0.33023,-2.92669,0.77453,0,10,0,FALLBACK,0.1786,0.100,1.2056,0,none
96.596,1932,-0.33533,-2.90218,0.77927,0,10,0,FALLBACK,0.2021,0.100,1.2060,0,none
96.647,1933,-0.33127,-2.83812,0.77613,0,10,0,FALLBACK,0.1361,0.100,1.2062,0,none
96.697,1934,-0.30477,-2.93323,0.72190,0,10,0,FALLBACK,-0.1087,0.100,1.2068,0,none
96.747,1935,-0.31148,-2.87388,0.73592,0,10,0,FALLBACK,0.0909,0.100,1.2069,0,none
96.797,1936,-0.32295,-2.96030,0.77661,0,10,0,FALLBACK,0.1721,0.100,1.2070,0,none
96.848,1937,-0.32638,-3.01502,0.74424,0,10,0,FALLBACK,0.1491,0.100,1.2071,0,none
96.897,1938,-0.29999,-2.96033,0.70384,0,10,0,FALLBACK,-0.1321,0.100,1.2076,0,none
96.950,1939,-0.31747,-2.73926,0.82755,0,10,0,FALLBACK,0.1748,0.100,1.2073,0,none
96.999,1940,-0.33922,-2.59839,0.87904,0,10,0,FALLBACK,0.3048,0.100,1.2066,0,none
97.050,1941,-0.34675,-2.65308,0.87087,0,10,0,FALLBACK,0.2714,0.100,1.2058,0,none
97.098,1942,-0.34016,-2.94814,0.75965,0,10,0,FALLBACK,0.1679,0.100,1.2059,0,none
97.149,1943,-0.32040,-2.80053,0.78206,0,10,0,FALLBACK,0.0032,0.100,1.2067,0,none
97.200,1944,-0.33382,-1.97929,1.20977,0,10,0,FALLBACK,0.2362,0.100,1.2074,0,none
97.249,1945,-0.34553,-2.39830,0.95590,0,10,0,FALLBACK,0.2862,0.100,1.2068,0,none
97.299,1946,-0.34309,-2.80182,0.84059,0,10,0,FALLBACK,0.2032,0.100,1.2065,0,none
97.350,1947,-0.31778,-2.71325,0.88558,0,10,0,FALLBACK,-0.0377,0.100,1.2070,0,none
97.401,1948,-0.33643,-2.65597,0.88432,0,10,0,FALLBACK,0.2754,0.100,1.2074,0,none
97.451,1949,-0.35478,-2.35822,1.08185,0,10,0,FALLBACK,0.3657,0.100,1.2062,0,none
97.500,1950,-0.35526,-2.67860,0.81341,0,10,0,FALLBACK,0.2787,0.100,1.2051,0,none
97.550,1951,-0.32302,-2.88432,0.79439,0,10,0,FALLBACK,-0.0461,0.100,1.2055,0,none
97.599,1952,-0.33794,-2.86794,0.85052,0,10,0,FALLBACK,0.2643,0.100,1.2057,0,none
97.649,1953,-0.35442,-2.85437,0.80345,0,10,0,FALLBACK,0.3545,0.100,1.2046,0,none
97.701,1954,-0.35359,-2.95380,0.84032,0,10,0,FALLBACK,0.2638,0.100,1.2036,0,none
97.750,1955,-0.31770,-3.01869,0.84288,0,10,0,FALLBACK,-0.0910,0.100,1.2041,0,none
97.799,1956,-0.32808,-3.07180,0.82394,0,10,0,FALLBACK,0.1923,0.100,1.2039,0,none
97.850,1957,-0.34291,-2.99460,0.77386,0,10,0,FALLBACK,0.2887,0.100,1.2033,0,none
97.900,1958,-0.34381,-3.07841,0.81239,0,10,0,FALLBACK,0.2236,0.100,1.2028,0,none
97.951,1959,-0.30567,-2.96912,0.78374,0,10,0,FALLBACK,-0.1624,0.100,1.2032,0,none
98.000,1960,-0.32223,-2.88834,0.80911,0,10,0,FALLBACK,0.1940,0.100,1.2024,0,none
98.052,1961,-0.34526,-2.91034,0.79980,0,10,0,FALLBACK,0.3414,0.100,1.2013,0,none
98.086,1962,-0.35346,-2.87417,0.81514,0,10,0,FALLBACK,0.3083,0.100,1.2003,0,none
98.136,1963,-0.34621,-3.06033,0.82221,0,10,0,FALLBACK,0.1948,0.100,1.2004,0,none
98.186,1964,-0.32589,-3.05505,0.87177,0,10,0,FALLBACK,0.0279,0.100,1.2013,0,none
98.236,1965,-0.33971,-2.85879,0.91491,0,10,0,FALLBACK,0.2677,0.100,1.2021,0,none
98.287,1966,-0.34757,-2.87228,0.96661,0,10,0,FALLBACK,0.2771,0.100,1.2011,0,none
98.335,1967,-0.34121,-3.01108,0.89202,0,10,0,FALLBACK,0.1743,0.100,1.2012,0,none
98.386,1968,-0.31737,-3.03881,0.81552,0,10,0,FALLBACK,-0.0324,0.100,1.2021,0,none
98.437,1969,-0.32985,-2.84607,1.00178,0,10,0,FALLBACK,0.2117,0.100,1.2026,0,none
98.488,1970,-0.34197,-2.86378,0.98061,0,10,0,FALLBACK,0.2705,0.100,1.2021,0,none
98.538,1971,-0.34057,-2.95975,0.92420,0,10,0,FALLBACK,0.1959,0.100,1.2019,0,none
98.586,1972,-0.31275,-2.99719,1.05820,0,10,0,FALLBACK,-0.0753,0.100,1.2024,0,none
98.637,1973,-0.32814,-2.98293,0.84830,0,10,0,FALLBACK,0.2177,0.100,1.2026,0,none
98.688,1974,-0.34231,-2.70873,1.06600,0,10,0,FALLBACK,0.2823,0.100,1.2018,0,none
98.738,1975,-0.34212,-2.85120,0.91196,0,10,0,FALLBACK,0.2097,0.100,1.2015,0,none
98.788,1976,-0.30725,-3.06181,0.82500,0,10,0,FALLBACK,-0.1381,0.100,1.2022,0,none
98.837,1977,-0.33265,-2.73558,0.85940,0,10,0,FALLBACK,0.2903,0.100,1.2016,0,none
98.887,1978,-0.35538,-2.54360,1.08396,0,10,0,FALLBACK,0.3906,0.100,1.1990,0,none
98.937,1979,-0.35767,-2.88387,1.00197,0,10,0,FALLBACK,0.2998,0.100,1.1978,0,none
98.990,1980,-0.31658,-3.05914,0.83074,0,10,0,FALLBACK,-0.1226,0.100,1.1985,0,none
99.038,1981,-0.33643,-2.79683,0.99288,0,10,0,FALLBACK,0.2814,0.100,1.1977,0,none
99.091,1982,-0.35485,-2.53289,1.04967,0,10,0,FALLBACK,0.3663,0.100,1.1956,0,none
99.140,1983,-0.35583,-2.94190,0.88556,0,10,0,FALLBACK,0.2841,0.100,1.1950,0,none
99.189,1984,-0.34313,-2.69052,1.15787,0,10,0,FALLBACK,0.1521,0.100,1.1956,0,none
99.241,1985,-0.31782,-2.52512,1.31687,0,10,0,FALLBACK,-0.0374,0.100,1.1966,0,none
99.291,1986,-0.33195,-2.64783,1.15076,0,10,0,FALLBACK,0.2304,0.100,1.1972,0,none
99.340,1987,-0.34221,-2.71775,1.07699,0,10,0,FALLBACK,0.2624,0.100,1.1964,0,none
99.390,1988,-0.33879,-2.61910,1.47926,0,10,0,FALLBACK,0.1768,0.100,1.1964,0,none
99.440,1989,-0.31911,-2.61963,1.60376,0,10,0,FALLBACK,-0.0028,0.100,1.1973,0,none
99.488,1990,-0.32547,-2.67814,1.43870,0,10,0,FALLBACK,0.1592,0.100,1.1980,0,none
99.539,1991,-0.32967,-2.80675,1.73983,0,10,0,FALLBACK,0.1693,0.100,1.1981,0,none
99.589,1992,-0.32512,-3.05673,1.41819,0,10,0,FALLBACK,0.1029,0.100,1.1985,0,none
99.640,1993,-0.32482,-3.09071,1.33208,0,10,0,FALLBACK,0.1226,0.100,1.1993,0,none
99.690,1994,-0.29528,-3.20638,1.13704,0,10,0,FALLBACK,-0.1713,0.100,1.1999,0,none
99.742,1995,-0.26915,-3.49994,0.80654,0,10,0,FALLBACK,-0.2849,0.100,1.1994,0,none
99.790,1996,-0.25705,-3.45765,0.86914,0,10,0,FALLBACK,-0.2753,0.100,1.1989,0,none
99.841,1997,-0.27333,-3.09778,1.50774,0,10,0,FALLBACK,-0.0519,0.100,1.1993,0,none
99.892,1998,-0.25637,-3.10824,1.48205,0,10,0,FALLBACK,-0.3029,0.100,1.2000,0,none
99.940,1999,-0.24583,-2.96858,1.45824,0,10,0,FALLBACK,-0.3235,0.100,1.1989,0,none
99.990,2000,-0.25141,-3.08406,1.33055,0,10,0,FALLBACK,-0.2151,0.100,1.1988,0,none
100.041,2001,-0.28551,-2.97236,1.36696,0,10,0,FALLBACK,0.0981,0.100,1.1997,0,none
100.091,2002,-0.27802,-2.91230,1.28355,0,10,0,FALLBACK,-0.1474,0.100,1.1994,0,none
100.142,2003,-0.26956,-3.04459,0.88969,0,10,0,FALLBACK,-0.1945,0.100,1.1992,0,none
100.192,2004,-0.27159,-2.60307,1.58947,0,10,0,FALLBACK,-0.1319,0.100,1.1995,0,none
100.244,2005,-0.29845,-2.68010,1.44898,0,10,0,FALLBACK,0.1265,0.100,1.2002,0,none
100.294,2006,-0.28625,-3.04452,0.95911,0,10,0,FALLBACK,-0.1297,0.100,1.2000,0,none
100.341,2007,-0.27304,-2.73627,1.06382,0,10,0,FALLBACK,-0.2009,0.100,1.1998,0,none
100.391,2008,-0.27038,-2.88091,0.94152,0,10,0,FALLBACK,-0.1614,0.100,1.2000,0,none
100.443,2009,-0.27635,-2.99269,0.93443,0,10,0,FALLBACK,-0.0885,0.100,1.2006,0,none
100.493,2010,-0.29094,-2.96601,0.99762,0,10,0,FALLBACK,0.0277,0.100,1.2013,0,none
100.544,2011,-0.28267,-3.31452,0.96873,0,10,0,FALLBACK,-0.1280,0.100,1.2019,0,none
100.593,2012,-0.27283,-3.26173,0.80674,0,10,0,FALLBACK,-0.1851,0.100,1.2022,0,none
100.644,2013,-0.27181,-3.33860,0.98595,0,10,0,FALLBACK,-0.1460,0.100,1.2024,0,none
100.695,2014,-0.28638,-3.00036,1.44326,0,10,0,FALLBACK,0.0047,0.100,1.2030,0,none
100.746,2015,-0.26590,-3.29046,0.88056,0,10,0,FALLBACK,-0.2729,0.100,1.2036,0,none
100.797,2016,-0.24581,-3.20115,1.12210,0,10,0,FALLBACK,-0.3713,0.100,1.2026,0,none
100.844,2017,-0.24206,-3.20602,0.96828,0,10,0,FALLBACK,-0.3084,0.100,1.2019,0,none
100.895,2018,-0.26915,-3.18911,1.21905,0,10,0,FALLBACK,-0.0188,0.100,1.2021,0,none
100.945,2019,-0.25182,-3.10855,0.95646,0,10,0,FALLBACK,-0.3275,0.100,1.2026,0,none
100.995,2020,-0.23612,-2.95343,1.14028,0,10,0,FALLBACK,-0.3979,0.100,1.2011,0,none
101.045,2021,-0.23983,-2.73893,1.12328,0,10,0,FALLBACK,-0.2823,0.100,1.2002,0,none
101.096,2022,-0.27564,-2.95358,0.87544,0,10,0,FALLBACK,0.0572,0.100,1.2008,0,none
101.145,2023,-0.26690,-3.14212,0.76428,0,10,0,FALLBACK,-0.2092,0.100,1.2008,0,none
101.197,2024,-0.25492,-3.07065,0.74846,0,10,0,FALLBACK,-0.2853,0.100,1.2003,0,none
101.246,2025,-0.25681,-3.12247,0.86802,0,10,0,FALLBACK,-0.2065,0.100,1.2000,0,none
101.294,2026,-0.28758,-3.15019,0.75065,0,10,0,FALLBACK,0.0917,0.100,1.2006,0,none
101.346,2027,-0.27699,-3.32301,0.65305,0,10,0,FALLBACK,-0.1680,0.100,1.2005,0,none
101.396,2028,-0.26244,-3.37273,0.61985,0,10,0,FALLBACK,-0.2605,0.100,1.2002,0,none
101.444,2029,-0.26028,-3.14118,0.62130,0,10,0,FALLBACK,-0.2094,0.100,1.2000,0,none
101.495,2030,-0.29666,-3.36330,0.64277,0,10,0,FALLBACK,0.1652,0.100,1.2005,0,none
101.545,2031,-0.27261,-3.31831,0.65921,0,10,0,FALLBACK,-0.2572,0.100,1.1996,0,none
101.596,2032,-0.24350,-3.40237,0.62251,0,10,0,FALLBACK,-0.4281,0.100,1.1976,0,none
101.645,2033,-0.23471,-3.30640,0.66065,0,10,0,FALLBACK,-0.3704,0.100,1.1958,0,none
101.696,2034,-0.27672,-3.15982,0.65087,0,10,0,FALLBACK,0.0937,0.100,1.1958,0,none
101.745,2035,-0.25920,-3.23525,0.65068,0,10,0,FALLBACK,-0.2916,0.100,1.1950,0,none
101.795,2036,-0.23705,-3.40167,0.60702,0,10,0,FALLBACK,-0.4255,0.100,1.1932,0,none
101.845,2037,-0.23518,-3.30327,0.63131,0,10,0,FALLBACK,-0.3334,0.100,1.1918,0,none
101.895,2038,-0.25120,-3.19652,0.72620,0,10,0,FALLBACK,-0.1639,0.100,1.1922,0,none
101.946,2039,-0.27950,-3.02300,0.80620,0,10,0,FALLBACK,0.0390,0.100,1.1932,0,none
101.995,2040,-0.26713,-3.20129,0.62121,0,10,0,FALLBACK,-0.2262,0.100,1.1938,0,none
102.045,2041,-0.25458,-3.30970,0.57124,0,10,0,FALLBACK,-0.2898,0.100,1.1932,0,none
102.095,2042,-0.25644,-3.40220,0.60076,0,10,0,FALLBACK,-0.2086,0.100,1.1931,0,none
102.146,2043,-0.27960,-3.31241,0.63568,0,10,0,FALLBACK,0.0138,0.100,1.1938,0,none
102.195,2044,-0.25471,-3.42837,0.58253,0,10,0,FALLBACK,-0.3509,0.100,1.1943,0,none
102.246,2045,-0.23235,-3.43121,0.65198,0,10,0,FALLBACK,-0.4500,0.100,1.1923,0,none
102.295,2046,-0.23183,-3.19272,0.63018,0,10,0,FALLBACK,-0.3435,0.100,1.1909,0,none
102.346,2047,-0.26833,-3.43255,0.55876,0,10,0,FALLBACK,0.0241,0.100,1.1914,0,none
102.395,2048,-0.24149,-3.49968,0.60553,0,10,0,FALLBACK,-0.4267,0.100,1.1916,0,none
102.447,2049,-0.21580,-3.21409,0.57584,0,10,0,FALLBACK,-0.5495,0.100,1.1882,0,none
102.497,2050,-0.21576,-3.33536,0.55428,0,10,0,FALLBACK,-0.4214,0.100,1.1861,0,none
102.547,2051,-0.26132,-3.51989,0.57300,0,10,0,FALLBACK,0.0344,0.100,1.1861,0,none
102.598,2052,-0.25333,-3.39105,0.53889,0,10,0,FALLBACK,-0.2733,0.100,1.1854,0,none
102.647,2053,-0.23645,-3.57381,0.60802,0,10,0,FALLBACK,-0.4022,0.100,1.1857,0,none
102.698,2054,-0.23605,-3.48317,0.56259,0,10,0,FALLBACK,-0.3218,0.100,1.1839,0,none
102.747,2055,-0.28638,-3.57519,0.56801,0,10,0,FALLBACK,0.1835,0.100,1.1843,0,none
102.799,2056,-0.26043,-3.62743,0.57149,0,10,0,FALLBACK,-0.3276,0.100,1.1826,0,none
102.847,2057,-0.22796,-3.70038,0.58719,0,10,0,FALLBACK,-0.5226,0.100,1.1795,0,none
102.897,2058,-0.22054,-3.64801,0.56027,0,10,0,FALLBACK,-0.4344,0.100,1.1767,0,none
102.948,2059,-0.27730,-3.68855,0.56144,0,10,0,FALLBACK,0.1703,0.100,1.1769,0,none
102.999,2060,-0.25120,-3.51646,0.56058,0,10,0,FALLBACK,-0.3745,0.100,1.1747,0,none
103.047,2061,-0.21775,-3.48095,0.57301,0,10,0,FALLBACK,-0.5785,0.100,1.1709,0,none
103.099,2062,-0.21184,-3.50388,0.54055,0,10,0,FALLBACK,-0.4703,0.100,1.1676,0,none
103.147,2063,-0.23027,-3.30452,0.50053,0,10,0,FALLBACK,-0.2565,0.100,1.1678,0,none
103.200,2064,-0.26823,-3.27865,0.48881,0,10,0,FALLBACK,0.0309,0.100,1.1694,0,none
103.247,2065,-0.24729,-3.27646,0.48197,0,10,0,FALLBACK,-0.3683,0.100,1.1700,0,none
103.298,2066,-0.22730,-3.41280,0.52786,0,10,0,FALLBACK,-0.4634,0.100,1.1679,0,none
103.350,2067,-0.23002,-3.30098,0.47855,0,10,0,FALLBACK,-0.3363,0.100,1.1667,0,none
103.399,2068,-0.26832,-3.22938,0.47196,0,10,0,FALLBACK,0.0331,0.100,1.1676,0,none
103.449,2069,-0.24292,-3.06038,0.54790,0,10,0,FALLBACK,-0.4124,0.100,1.1680,0,none
103.501,2070,-0.21790,-3.26851,0.51154,0,10,0,FALLBACK,-0.5356,0.100,1.1650,0,none
103.551,2071,-0.21856,-3.18966,0.50364,0,10,0,FALLBACK,-0.4039,0.100,1.1631,0,none
103.601,2072,-0.26803,-3.47570,0.44236,0,10,0,FALLBACK,0.0876,0.100,1.1639,0,none
103.650,2073,-0.24648,-3.35279,0.44606,0,10,0,FALLBACK,-0.3754,0.100,1.1634,0,none
103.700,2074,-0.22121,-3.38538,0.45938,0,10,0,FALLBACK,-0.5203,0.100,1.1606,0,none
103.750,2075,-0.22075,-3.52376,0.45337,0,10,0,FALLBACK,-0.3985,0.100,1.1586,0,none
103.799,2076,-0.27999,-3.49328,0.42152,0,10,0,FALLBACK,0.1962,0.100,1.1594,0,none
103.851,2077,-0.25655,-3.50864,0.44346,0,10,0,FALLBACK,-0.3345,0.100,1.1572,0,none
103.899,2078,-0.22465,-3.50127,0.45174,0,10,0,FALLBACK,-0.5362,0.100,1.1541,0,none
103.950,2079,-0.21812,-3.49945,0.43378,0,10,0,FALLBACK,-0.4420,0.100,1.1515,0,none
103.998,2080,-0.23403,-3.39920,0.44528,0,10,0,FALLBACK,-0.2503,0.100,1.1520,0,none
104.050,2081,-0.26783,-3.09380,0.52454,0,10,0,FALLBACK,0.0081,0.100,1.1536,0,none
104.101,2082,-0.25362,-3.23863,0.47439,0,10,0,FALLBACK,-0.3029,0.100,1.1546,0,none
104.149,2083,-0.24010,-3.32936,0.41741,0,10,0,FALLBACK,-0.3671,0.100,1.1538,0,none
104.200,2084,-0.24424,-3.24872,0.48019,0,10,0,FALLBACK,-0.2581,0.100,1.1537,0,none
104.250,2085,-0.27933,-3.25103,0.47291,0,10,0,FALLBACK,0.0721,0.100,1.1548,0,none
104.299,2086,-0.25812,-3.20874,0.49146,0,10,0,FALLBACK,-0.3155,0.100,1.1552,0,none
104.350,2087,-0.23541,-3.28906,0.46186,0,10,0,FALLBACK,-0.4365,0.100,1.1537,0,none
104.399,2088,-0.23326,-3.25823,0.43632,0,10,0,FALLBACK,-0.3444,0.100,1.1527,0,none
104.450,2089,-0.27694,-3.14832,0.47578,0,10,0,FALLBACK,0.1031,0.100,1.1536,0,none
104.502,2090,-0.26244,-3.15904,0.48658,0,10,0,FALLBACK,-0.2603,0.100,1.1539,0,none
104.535,2091,-0.23795,-3.20259,0.51723,0,10,0,FALLBACK,-0.4327,0.100,1.1530,0,none
104.585,2092,-0.23008,-3.36396,0.54764,0,10,0,FALLBACK,-0.3890,0.100,1.1509,0,none
104.634,2093,-0.28967,-3.29964,0.47810,0,10,0,FALLBACK,0.2463,0.100,1.1514,0,none
104.684,2094,-0.25025,-3.44041,0.55690,0,10,0,FALLBACK,-0.4459,0.100,1.1477,0,none
104.735,2095,-0.21273,-3.44122,0.54157,0,10,0,FALLBACK,-0.6239,0.100,1.1412,0,none
104.787,2096,-0.20727,-3.63988,0.52133,0,10,0,FALLBACK,-0.4909,0.100,1.1383,0,none
104.835,2097,-0.22333,-3.48576,0.48749,0,10,0,FALLBACK,-0.3030,0.100,1.1396,0,none
104.886,2098,-0.26453,-3.39142,0.53483,0,10,0,FALLBACK,0.0286,0.100,1.1416,0,none
104.937,2099,-0.24707,-3.57618,0.50998,0,10,0,FALLBACK,-0.3519,0.100,1.1423,0,none
104.986,2100,-0.23494,-3.59159,0.51686,0,10,0,FALLBACK,-0.3860,0.100,1.1404,0,none
105.036,2101,-0.24201,-3.64020,0.54051,0,10,0,FALLBACK,-0.2546,0.100,1.1407,0,none
105.085,2102,-0.28792,-3.62419,0.58019,0,10,0,FALLBACK,0.1691,0.100,1.1422,0,none
105.136,2103,-0.26035,-3.70942,0.61465,0,10,0,FALLBACK,-0.3360,0.100,1.1413,0,none
105.186,2104,-0.23544,-3.66822,0.56559,0,10,0,FALLBACK,-0.4474,0.100,1.1384,0,none
105.237,2105,-0.23329,-3.60792,0.58069,0,10,0,FALLBACK,-0.3443,0.100,1.1377,0,none
105.287,2106,-0.28642,-3.61828,0.56918,0,10,0,FALLBACK,0.1978,0.100,1.1391,0,none
105.336,2107,-0.25518,-3.53716,0.53580,0,10,0,FALLBACK,-0.3804,0.100,1.1371,0,none
105.387,2108,-0.22584,-3.68800,0.59559,0,10,0,FALLBACK,-0.5174,0.100,1.1330,0,none
105.437,2109,-0.22278,-3.51302,0.59011,0,10,0,FALLBACK,-0.4014,0.100,1.1316,0,none
105.488,2110,-0.23703,-3.52828,0.61008,0,10,0,FALLBACK,-0.2436,0.100,1.1331,0,none
105.537,2111,-0.27494,-3.46130,0.64328,0,10,0,FALLBACK,0.0643,0.100,1.1349,0,none
105.589,2112,-0.25579,-3.61540,0.58155,0,10,0,FALLBACK,-0.3168,0.100,1.1355,0,none
105.636,2113,-0.24105,-3.61094,0.59937,0,10,0,FALLBACK,-0.3685,0.100,1.1340,0,none
105.688,2114,-0.24459,-3.51908,0.59600,0,10,0,FALLBACK,-0.2593,0.100,1.1343,0,none
105.738,2115,-0.29314,-3.58606,0.61999,0,10,0,FALLBACK,0.2085,0.100,1.1358,0,none
105.786,2116,-0.25692,-3.66621,0.65704,0,10,0,FALLBACK,-0.3965,0.100,1.1343,0,none
105.838,2117,-0.22422,-3.59515,0.68661,0,10,0,FALLBACK,-0.5424,0.100,1.1296,0,none
105.888,2118,-0.21903,-3.61131,0.70986,0,10,0,FALLBACK,-0.4308,0.100,1.1280,0,none
105.937,2119,-0.28792,-3.70746,0.63312,0,10,0,FALLBACK,0.2841,0.100,1.1295,0,none
105.986,2120,-0.24482,-3.73819,0.68466,0,10,0,FALLBACK,-0.4914,0.100,1.1247,0,none
106.038,2121,-0.20307,-3.85805,0.66920,0,10,0,FALLBACK,-0.6934,0.100,1.1167,0,none
106.088,2122,-0.19671,-3.83361,0.71664,0,10,0,FALLBACK,-0.5483,0.100,1.1131,0,none
106.138,2123,-0.21343,-3.82094,0.65108,0,10,0,FALLBACK,-0.3492,0.100,1.1147,0,none
106.188,2124,-0.26539,-3.74305,0.67145,0,10,0,FALLBACK,0.0867,0.100,1.1170,0,none
106.239,2125,-0.24568,-3.70551,0.64476,0,10,0,FALLBACK,-0.3701,0.100,1.1171,0,none
106.290,2126,-0.22982,-3.75979,0.65852,0,10,0,FALLBACK,-0.4302,0.100,1.1146,0,none
106.338,2127,-0.23522,-3.92696,0.68551,0,10,0,FALLBACK,-0.2969,0.100,1.1148,0,none
106.387,2128,-0.30302,-3.73711,0.68324,0,10,0,FALLBACK,0.3541,0.100,1.1167,0,none
106.441,2129,-0.25964,-3.57911,0.66530,0,10,0,FALLBACK,-0.4187,0.100,1.1117,0,none
106.489,2130,-0.20090,-3.79635,0.63582,0,10,0,FALLBACK,-0.7892,0.100,1.1045,0,none
106.538,2131,-0.17526,-3.85633,0.68446,0,10,0,FALLBACK,-0.7519,0.100,1.0990,0,none
106.589,2132,-0.18589,-3.74612,0.66915,0,10,0,FALLBACK,-0.5174,0.100,1.0975,0,none
106.639,2133,-0.24315,-3.68572,0.63088,0,10,0,FALLBACK,0.0020,0.100,1.0992,0,none
106.689,2134,-0.22470,-3.66453,0.65026,0,10,0,FALLBACK,-0.4687,0.100,1.1000,0,none
106.739,2135,-0.21109,-3.49205,0.63934,0,10,0,FALLBACK,-0.5126,0.100,1.0967,0,none
106.789,2136,-0.22157,-3.58641,0.62416,0,10,0,FALLBACK,-0.3397,0.100,1.0969,0,none
106.839,2137,-0.29346,-3.53838,0.63249,0,10,0,FALLBACK,0.3267,0.100,1.0991,0,none
106.889,2138,-0.25767,-3.53818,0.62414,0,10,0,FALLBACK,-0.3906,0.100,1.0946,0,none
106.941,2139,-0.22120,-3.65518,0.64306,0,10,0,FALLBACK,-0.5763,0.100,1.0892,0,none
106.991,2140,-0.21429,-3.62210,0.63924,0,10,0,FALLBACK,-0.4631,0.100,1.0875,0,none
107.041,2141,-0.22624,-3.67970,0.64306,0,10,0,FALLBACK,-0.3090,0.100,1.0893,0,none
107.092,2142,-0.27010,-3.52263,0.63729,0,10,0,FALLBACK,0.0698,0.100,1.0917,0,none
107.140,2143,-0.24385,-3.56884,0.67054,0,10,0,FALLBACK,-0.4120,0.100,1.0924,0,none
107.190,2144,-0.22361,-3.43599,0.67983,0,10,0,FALLBACK,-0.4831,0.100,1.0895,0,none
107.239,2145,-0.22622,-3.40828,0.67357,0,10,0,FALLBACK,-0.3559,0.100,1.0897,0,none
107.290,2146,-0.26204,-3.37049,0.67860,0,10,0,FALLBACK,-0.0106,0.100,1.0917,0,none
107.339,2147,-0.25987,-3.23971,0.72124,0,10,0,FALLBACK,-0.2115,0.100,1.0931,0,none
107.391,2148,-0.25836,-3.30804,0.73576,0,10,0,FALLBACK,-0.2157,0.100,1.0940,0,none
107.440,2149,-0.26683,-3.05102,0.71145,0,10,0,FALLBACK,-0.1235,0.100,1.0956,0,none
107.490,2150,-0.28021,-3.07335,0.76874,0,10,0,FALLBACK,-0.0320,0.100,1.0975,0,none
107.541,2151,-0.27820,-3.01700,0.76461,0,10,0,FALLBACK,-0.1191,0.100,1.0992,0,none
107.591,2152,-0.31855,-2.82476,0.70865,0,10,0,FALLBACK,0.2945,0.100,1.1007,0,none
107.639,2153,-0.35218,-2.87965,0.66029,0,10,0,FALLBACK,0.4291,0.100,1.0992,0,none
107.692,2154,-0.36601,-2.94570,0.66020,0,10,0,FALLBACK,0.3992,0.100,1.0989,0,none
107.740,2155,-0.32593,-2.86920,0.73838,0,10,0,FALLBACK,-0.0707,0.100,1.1002,0,none
107.792,2156,-0.35558,-2.89765,0.69980,0,10,0,FALLBACK,0.4261,0.100,1.1005,0,none
107.841,2157,-0.38018,-3.04810,0.66693,0,10,0,FALLBACK,0.5239,0.100,1.0972,0,none
107.891,2158,-0.38016,-2.91784,0.74791,0,10,0,FALLBACK,0.4007,0.100,1.0966,0,none
107.941,2159,-0.36445,-3.14368,0.78539,0,10,0,FALLBACK,0.2436,0.100,1.0985,0,none
107.991,2160,-0.31750,-3.23039,0.73819,0,10,0,FALLBACK,-0.1473,0.100,1.1008,0,none
108.040,2161,-0.32890,-3.14715,0.67623,0,10,0,FALLBACK,0.2016,0.100,1.1009,0,none
108.090,2162,-0.34112,-2.95896,0.76463,0,10,0,FALLBACK,0.2667,0.100,1.1009,0,none
108.141,2163,-0.33972,-2.93798,0.77187,0,10,0,FALLBACK,0.1916,0.100,1.1018,0,none
108.191,2164,-0.33025,-3.06913,0.79922,0,10,0,FALLBACK,0.1039,0.100,1.1036,0,none
108.242,2165,-0.30190,-3.06001,0.75973,0,10,0,FALLBACK,-0.1322,0.100,1.1054,0,none
108.292,2166,-0.33016,-3.02856,0.65709,0,10,0,FALLBACK,0.2921,0.100,1.1063,0,none
108.342,2167,-0.35409,-3.01030,0.65713,0,10,0,FALLBACK,0.3900,0.100,1.1048,0,none
108.391,2168,-0.35905,-3.07335,0.62992,0,10,0,FALLBACK,0.3200,0.100,1.1049,0,none
108.441,2169,-0.31176,-3.08296,0.65823,0,10,0,FALLBACK,-0.1776,0.100,1.1065,0,none
108.492,2170,-0.33705,-3.07339,0.66375,0,10,0,FALLBACK,0.3117,0.100,1.1051,0,none
108.543,2171,-0.37346,-2.84454,0.75354,0,10,0,FALLBACK,0.5493,0.100,1.1036,0,none
108.594,2172,-0.38866,-2.99849,0.66730,0,10,0,FALLBACK,0.5193,0.100,1.1020,0,none
108.643,2173,-0.37941,-3.10336,0.68539,0,10,0,FALLBACK,0.3508,0.100,1.1020,0,none
108.693,2174,-0.33317,-3.09651,0.73277,0,10,0,FALLBACK,-0.0653,0.100,1.1043,0,none
108.743,2175,-0.35310,-2.94670,0.78058,0,10,0,FALLBACK,0.3652,0.100,1.1050,0,none
108.792,2176,-0.36896,-2.93169,0.72620,0,10,0,FALLBACK,0.4241,0.100,1.1029,0,none
108.843,2177,-0.36443,-3.00662,0.76649,0,10,0,FALLBACK,0.2995,0.100,1.1032,0,none
108.893,2178,-0.30369,-3.21272,0.71064,0,10,0,FALLBACK,-0.2853,0.100,1.1051,0,none
108.945,2179,-0.33198,-2.94733,0.74603,0,10,0,FALLBACK,0.3014,0.100,1.1023,0,none
108.994,2180,-0.36176,-3.02861,0.65355,0,10,0,FALLBACK,0.4577,0.100,1.0993,0,none
109.044,2181,-0.36804,-2.77112,0.80776,0,10,0,FALLBACK,0.3716,0.100,1.0985,0,none
109.094,2182,-0.35874,-3.14221,0.69903,0,10,0,FALLBACK,0.2472,0.100,1.1001,0,none
109.144,2183,-0.31698,-3.24212,0.76202,0,10,0,FALLBACK,-0.1239,0.100,1.1023,0,none
109.195,2184,-0.33415,-2.98099,0.71027,0,10,0,FALLBACK,0.2567,0.100,1.1027,0,none
109.242,2185,-0.35010,-3.01597,0.72163,0,10,0,FALLBACK,0.3302,0.100,1.1020,0,none
109.293,2186,-0.34977,-3.05799,0.70772,0,10,0,FALLBACK,0.2472,0.100,1.1026,0,none
109.344,2187,-0.33927,-3.15328,0.68490,0,10,0,FALLBACK,0.1438,0.100,1.1043,0,none
109.392,2188,-0.31147,-3.17025,0.71240,0,10,0,FALLBACK,-0.0816,0.100,1.1062,0,none
109.443,2189,-0.33079,-2.99984,0.68872,0,10,0,FALLBACK,0.2505,0.100,1.1074,0,none
109.493,2190,-0.34663,-3.04180,0.65335,0,10,0,FALLBACK,0.3124,0.100,1.1070,0,none
109.543,2191,-0.34741,-3.13421,0.63704,0,10,0,FALLBACK,0.2410,0.100,1.1077,0,none
109.595,2192,-0.30247,-3.07354,0.71149,0,10,0,FALLBACK,-0.2124,0.100,1.1094,0,none
109.645,2193,-0.33589,-3.05430,0.64698,0,10,0,FALLBACK,0.3466,0.100,1.1085,0,none
109.696,2194,-0.36697,-2.91349,0.66551,0,10,0,FALLBACK,0.4903,0.100,1.1051,0,none
109.746,2195,-0.37368,-2.91561,0.68745,0,10,0,FALLBACK,0.4019,0.100,1.1041,0,none
109.795,2196,-0.36389,-3.13922,0.61370,0,10,0,FALLBACK,0.2705,0.100,1.1057,0,none
109.845,2197,-0.31888,-3.03224,0.66066,0,10,0,FALLBACK,-0.1306,0.100,1.1077,0,none
109.896,2198,-0.34739,-2.90432,0.61089,0,10,0,FALLBACK,0.3795,0.100,1.1078,0,none
109.947,2199,-0.37724,-2.67048,0.75950,0,10,0,FALLBACK,0.5354,0.100,1.1052,0,none
109.995,2200,-0.38165,-2.80303,0.66941,0,10,0,FALLBACK,0.4303,0.100,1.1035,0,none
110.044,2201,-0.30731,-2.82986,0.66151,0,10,0,FALLBACK,-0.3352,0.100,1.1047,0,none
110.096,2202,-0.34184,-2.94713,0.66602,0,10,0,FALLBACK,0.3819,0.100,1.1003,0,none
110.144,2203,-0.38991,-2.07231,0.97708,0,10,0,FALLBACK,0.6898,0.100,1.0949,0,none
110.196,2204,-0.40611,-2.48150,0.69261,0,10,0,FALLBACK,0.6115,0.100,1.0898,0,none
110.244,2205,-0.39379,-2.53348,0.73278,0,10,0,FALLBACK,0.4074,0.100,1.0901,0,none
110.297,2206,-0.31904,-2.68527,0.66206,0,10,0,FALLBACK,-0.2786,0.100,1.0926,0,none
110.345,2207,-0.34840,-2.53255,0.71493,0,10,0,FALLBACK,0.3888,0.100,1.0899,0,none
110.394,2208,-0.38872,-2.20886,0.90219,0,10,0,FALLBACK,0.6452,0.100,1.0853,0,none
110.447,2209,-0.39894,-2.28559,0.80039,0,10,0,FALLBACK,0.5458,0.100,1.0816,0,none
110.497,2210,-0.38315,-2.72949,0.63509,0,10,0,FALLBACK,0.3368,0.100,1.0822,0,none
110.545,2211,-0.31875,-2.80274,0.61212,0,10,0,FALLBACK,-0.2282,0.100,1.0845,0,none
110.597,2212,-0.34517,-2.59532,0.64962,0,10,0,FALLBACK,0.3579,0.100,1.0827,0,none
110.647,2213,-0.38565,-2.69784,0.64556,0,10,0,FALLBACK,0.6307,0.100,1.0800,0,none
110.697,2214,-0.40129,-2.53634,0.62539,0,10,0,FALLBACK,0.5847,0.100,1.0777,0,none
110.747,2215,-0.30709,-2.66746,0.55843,0,10,0,FALLBACK,-0.4356,0.100,1.0778,0,none
110.798,2216,-0.35405,-2.42858,0.68509,0,10,0,FALLBACK,0.5050,0.100,1.0691,0,none
110.848,2217,-0.41986,-2.41823,0.66122,0,10,0,FALLBACK,0.9283,0.100,1.0593,0,none
110.898,2218,-0.44388,-2.36150,0.67237,0,10,0,FALLBACK,0.8396,0.100,1.0493,0,none
110.947,2219,-0.43072,-2.38560,0.69463,0,10,0,FALLBACK,0.5878,0.100,1.0486,0,none
110.999,2220,-0.32167,-2.71019,0.57823,0,10,0,FALLBACK,-0.4369,0.100,1.0519,0,none
111.045,2221,-0.35334,-2.47029,0.70033,0,10,0,FALLBACK,0.4251,0.100,1.0438,0,none
111.099,2222,-0.40520,-2.09451,0.96815,0,10,0,FALLBACK,0.7852,0.100,1.0365,0,none
111.150,2223,-0.42109,-2.06703,0.95087,0,10,0,FALLBACK,0.6850,0.100,1.0302,0,none
111.198,2224,-0.40692,-2.28690,0.83630,0,10,0,FALLBACK,0.4637,0.100,1.0310,0,none
111.248,2225,-0.31321,-2.64656,0.63310,0,10,0,FALLBACK,-0.4025,0.100,1.0343,0,none
111.298,2226,-0.34249,-2.68885,0.64793,0,10,0,FALLBACK,0.3588,0.100,1.0290,0,none
111.348,2227,-0.38865,-2.16210,0.92596,0,10,0,FALLBACK,0.6740,0.100,1.0241,0,none
111.400,2228,-0.40379,-2.16162,0.84302,0,10,0,FALLBACK,0.5947,0.100,1.0201,0,none
111.450,2229,-0.39336,-2.42452,0.65501,0,10,0,FALLBACK,0.4147,0.100,1.0214,0,none
111.499,2230,-0.29707,-2.54458,0.69643,0,10,0,FALLBACK,-0.4961,0.100,1.0246,0,none
111.547,2231,-0.33834,-2.27919,0.84291,0,10,0,FALLBACK,0.3981,0.100,1.0174,0,none
111.600,2232,-0.39807,-1.88605,1.00729,0,10,0,FALLBACK,0.7890,0.100,1.0103,0,none
111.648,2233,-0.42168,-1.84091,0.91385,0,10,0,FALLBACK,0.7264,0.100,1.0040,0,none
111.698,2234,-0.41479,-2.04683,0.99109,0,10,0,FALLBACK,0.5395,0.100,1.0046,0,none
111.750,2235,-0.31729,-2.54902,0.72371,0,10,0,FALLBACK,-0.4010,0.100,1.0080,0,none
111.798,2236,-0.35286,-2.55544,0.75001,0,10,0,FALLBACK,0.4421,0.100,1.0022,0,none
111.847,2237,-0.40542,-2.13794,0.88760,0,10,0,FALLBACK,0.7900,0.100,0.9956,0,none
111.899,2238,-0.42281,-1.81175,1.19954,0,10,0,FALLBACK,0.7010,0.100,0.9902,0,none
111.949,2239,-0.41183,-2.24834,0.95444,0,10,0,FALLBACK,0.5043,0.100,0.9916,0,none
112.000,2240,-0.29722,-2.50671,0.76741,0,10,0,FALLBACK,-0.5870,0.100,0.9952,0,none
112.050,2241,-0.33617,-2.56088,0.81325,0,10,0,FALLBACK,0.3756,0.100,0.9846,0,none
112.099,2242,-0.39876,-1.71115,1.30024,0,10,0,FALLBACK,0.8067,0.100,0.9769,0,none
112.149,2243,-0.42449,-1.54976,1.26393,0,10,0,FALLBACK,0.7511,0.100,0.9702,0,none
112.200,2244,-0.41961,-1.98888,1.08547,0,10,0,FALLBACK,0.5737,0.100,0.9711,0,none
112.251,2245,-0.39945,-2.19178,0.89006,0,10,0,FALLBACK,0.3964,0.100,0.9748,0,none
112.300,2246,-0.32382,-2.45738,0.88323,0,10,0,FALLBACK,-0.2590,0.100,0.9786,0,none
112.350,2247,-0.35572,-2.20271,0.96007,0,10,0,FALLBACK,0.4381,0.100,0.9780,0,none
112.400,2248,-0.39633,-1.48025,1.23976,0,10,0,FALLBACK,0.6847,0.100,0.9739,0,none
112.452,2249,-0.40691,-1.76629,1.17427,0,10,0,FALLBACK,0.5875,0.100,0.9716,0,none
112.500,2250,-0.39397,-1.86854,1.20974,0,10,0,FALLBACK,0.4051,0.100,0.9734,0,none
112.550,2251,-0.31174,-2.48953,0.88632,0,10,0,FALLBACK,-0.3524,0.100,0.9769,0,none
112.601,2252,-0.33162,-2.54749,0.87646,0,10,0,FALLBACK,0.2575,0.100,0.9775,0,none
112.651,2253,-0.37594,-0.94851,1.27477,0,10,0,FALLBACK,0.6013,0.100,0.9744,0,none
112.701,2254,-0.40346,-1.12736,1.23183,0,10,0,FALLBACK,0.6549,0.100,0.9726,0,none
112.734,2255,-0.40369,-1.18860,1.22581,0,10,0,FALLBACK,0.5196,0.100,0.9716,0,none
112.785,2256,-0.31068,-1.49293,1.20189,0,10,0,FALLBACK,-0.4116,0.100,0.9750,0,none
112.835,2257,-0.36266,-1.21869,1.19055,0,10,0,FALLBACK,0.5732,0.100,0.9677,0,none
112.887,2258,-0.41596,-1.17364,1.33917,0,10,0,FALLBACK,0.8463,0.100,0.9574,0,none
112.937,2259,-0.42994,-1.34730,1.27511,0,10,0,FALLBACK,0.7196,0.100,0.9539,0,none
112.986,2260,-0.42127,-1.40082,1.32631,0,10,0,FALLBACK,0.5629,0.100,0.9571,0,none
113.037,2261,-0.40104,-1.43633,1.34742,0,10,0,FALLBACK,0.4040,0.100,0.9610,0,none
113.087,2262,-0.33366,-1.94810,1.26139,0,10,0,FALLBACK,-0.1686,0.100,0.9649,0,none
113.136,2263,-0.36627,-1.18733,1.44021,0,10,0,FALLBACK,0.4943,0.100,0.9650,0,none
113.187,2264,-0.39429,-0.88358,1.46900,0,10,0,FALLBACK,0.6115,0.100,0.9605,0,none
113.236,2265,-0.39579,-1.15338,1.49758,0,10,0,FALLBACK,0.4865,0.100,0.9614,0,none
113.285,2266,-0.38291,-1.65593,1.28259,0,10,0,FALLBACK,0.3501,0.100,0.9648,0,none
113.336,2267,-0.30095,-1.85406,1.42147,0,10,0,FALLBACK,-0.4051,0.100,0.9685,0,none
113.385,2268,-0.35194,-1.08176,1.22582,0,10,0,FALLBACK,0.5147,0.100,0.9637,0,none
113.438,2269,-0.40187,-0.95611,1.42465,0,10,0,FALLBACK,0.7590,0.100,0.9553,0,none
113.487,2270,-0.41621,-1.09377,1.41751,0,10,0,FALLBACK,0.6527,0.100,0.9533,0,none
113.537,2271,-0.41015,-1.22621,1.34139,0,10,0,FALLBACK,0.5205,0.100,0.9564,0,none
113.588,2272,-0.30127,-1.97838,1.20639,0,10,0,FALLBACK,-0.5381,0.100,0.9602,0,none
113.637,2273,-0.36070,-2.31902,0.78028,0,10,0,FALLBACK,0.6007,0.100,0.9490,0,none
113.689,2274,-0.42426,-1.68340,1.49810,0,10,0,FALLBACK,0.9391,0.100,0.9358,0,none
113.738,2275,-0.44331,-1.80773,1.24394,0,10,0,FALLBACK,0.8119,0.100,0.9305,0,none
113.788,2276,-0.43743,-2.04980,1.69060,0,10,0,FALLBACK,0.6577,0.100,0.9337,0,none
113.838,2277,-0.41870,-2.28605,1.64822,0,10,0,FALLBACK,0.4998,0.100,0.9378,0,none
113.889,2278,-0.36258,-2.38069,1.82435,0,10,0,FALLBACK,0.0323,0.100,0.9420,0,none
113.939,2279,-0.36717,-2.57341,1.69956,0,10,0,FALLBACK,0.3588,0.100,0.9447,0,none
113.988,2280,-0.36955,-2.44766,1.64416,0,10,0,FALLBACK,0.3597,0.100,0.9457,0,none
114.037,2281,-0.35806,-2.64887,1.66439,0,10,0,FALLBACK,0.2329,0.100,0.9486,0,none
114.090,2282,-0.34065,-2.92251,1.65689,0,10,0,FALLBACK,0.1162,0.100,0.9522,0,none
114.142,2283,-0.36586,-3.10517,1.48655,0,10,0,FALLBACK,0.4553,0.100,0.9556,0,none
114.188,2284,-0.30222,-3.62273,0.77590,0,10,0,FALLBACK,-0.3071,0.100,0.9554,0,none
114.240,2285,-0.24199,-3.84415,0.78670,0,10,0,FALLBACK,-0.5912,0.100,0.9521,0,none
114.291,2286,-0.20958,-3.96232,0.77109,0,10,0,FALLBACK,-0.6142,0.100,0.9516,0,none
114.339,2287,-0.19716,-3.82973,0.76778,0,10,0,FALLBACK,-0.5763,0.100,0.9537,0,none
114.390,2288,-0.25705,-3.76414,0.86718,0,10,0,FALLBACK,0.0847,0.100,0.9565,0,none
114.439,2289,-0.21517,-3.92279,0.72279,0,10,0,FALLBACK,-0.6336,0.100,0.9565,0,none
114.492,2290,-0.17990,-3.96617,0.73478,0,10,0,FALLBACK,-0.7768,0.100,0.9499,0,none
114.538,2291,-0.17345,-3.62388,0.85383,0,10,0,FALLBACK,-0.6650,0.100,0.9505,0,none
114.590,2292,-0.18887,-3.62857,0.80040,0,10,0,FALLBACK,-0.4785,0.100,0.9528,0,none
114.639,2293,-0.21693,-3.41232,1.14314,0,10,0,FALLBACK,-0.2751,0.100,0.9566,0,none
114.689,2294,-0.27902,-3.28794,0.92293,0,10,0,FALLBACK,0.2055,0.100,0.9604,0,none
114.740,2295,-0.25649,-3.33959,0.84848,0,10,0,FALLBACK,-0.3302,0.100,0.9606,0,none
114.791,2296,-0.23526,-3.36417,0.87455,0,10,0,FALLBACK,-0.4299,0.100,0.9596,0,none
114.839,2297,-0.23340,-3.68981,0.65570,0,10,0,FALLBACK,-0.3422,0.100,0.9617,0,none
114.890,2298,-0.24203,-3.54900,0.72354,0,10,0,FALLBACK,-0.2468,0.100,0.9649,0,none
114.940,2299,-0.28820,-3.56773,0.69131,0,10,0,FALLBACK,0.1719,0.100,0.9683,0,none
114.991,2300,-0.25078,-3.64181,0.72741,0,10,0,FALLBACK,-0.4332,0.100,0.9692,0,none
115.040,2301,-0.21892,-3.61787,0.71007,0,10,0,FALLBACK,-0.5647,0.100,0.9662,0,none
115.092,2302,-0.21141,-3.56181,0.68428,0,10,0,FALLBACK,-0.4805,0.100,0.9672,0,none
115.140,2303,-0.21847,-3.53751,0.66079,0,10,0,FALLBACK,-0.3724,0.100,0.9703,0,none
115.191,2304,-0.26836,-3.45945,0.65711,0,10,0,FALLBACK,0.0913,0.100,0.9737,0,none
115.239,2305,-0.23705,-3.33972,0.73667,0,10,0,FALLBACK,-0.4713,0.100,0.9749,0,none
115.291,2306,-0.21163,-3.26971,0.69201,0,10,0,FALLBACK,-0.5690,0.100,0.9721,0,none
115.341,2307,-0.21009,-3.31237,0.66195,0,10,0,FALLBACK,-0.4572,0.100,0.9733,0,none
115.392,2308,-0.22212,-3.35957,0.63867,0,10,0,FALLBACK,-0.3293,0.100,0.9766,0,none
115.443,2309,-0.27918,-3.21122,0.65308,0,10,0,FALLBACK,0.1812,0.100,0.9800,0,none
115.492,2310,-0.24770,-3.20152,0.68641,0,10,0,FALLBACK,-0.4189,0.100,0.9800,0,none
115.540,2311,-0.21987,-3.42841,0.70438,0,10,0,FALLBACK,-0.5398,0.100,0.9772,0,none
115.589,2312,-0.21595,-3.40055,0.64459,0,10,0,FALLBACK,-0.4398,0.100,0.9783,0,none
115.640,2313,-0.22571,-3.35193,0.61022,0,10,0,FALLBACK,-0.3227,0.100,0.9814,0,none
115.690,2314,-0.27751,-3.43263,0.58032,0,10,0,FALLBACK,0.1466,0.100,0.9847,0,none
115.742,2315,-0.25017,-3.58270,0.62832,0,10,0,FALLBACK,-0.3859,0.100,0.9853,0,none
115.789,2316,-0.21626,-3.57458,0.62003,0,10,0,FALLBACK,-0.5882,0.100,0.9832,0,none
115.842,2317,-0.21009,-3.72247,0.61849,0,10,0,FALLBACK,-0.4804,0.100,0.9829,0,none
115.891,2318,-0.22126,-3.56739,0.61500,0,10,0,FALLBACK,-0.3378,0.100,0.9859,0,none
115.940,2319,-0.28080,-3.51000,0.57278,0,10,0,FALLBACK,0.2017,0.100,0.9893,0,none
115.991,2320,-0.24728,-3.60261,0.59959,0,10,0,FALLBACK,-0.4312,0.100,0.9888,0,none
116.039,2321,-0.21727,-3.77500,0.58517,0,10,0,FALLBACK,-0.5637,0.100,0.9853,0,none
116.092,2322,-0.21259,-3.73004,0.58712,0,10,0,FALLBACK,-0.4604,0.100,0.9860,0,none
116.143,2323,-0.22255,-3.54468,0.55205,0,10,0,FALLBACK,-0.3375,0.100,0.9891,0,none
116.192,2324,-0.27577,-3.46185,0.51949,0,10,0,FALLBACK,0.1449,0.100,0.9923,0,none
116.243,2325,-0.24882,-3.59205,0.54155,0,10,0,FALLBACK,-0.3906,0.100,0.9928,0,none
116.294,2326,-0.22530,-3.45976,0.57707,0,10,0,FALLBACK,-0.4912,0.100,0.9908,0,none
116.343,2327,-0.22349,-3.40356,0.54646,0,10,0,FALLBACK,-0.3916,0.100,0.9921,0,none
116.394,2328,-0.23414,-3.28282,0.54530,0,10,0,FALLBACK,-0.2761,0.100,0.9951,0,none
116.443,2329,-0.28611,-3.24779,0.51747,0,10,0,FALLBACK,0.1904,0.100,0.9982,0,none
116.496,2330,-0.25688,-3.35988,0.50122,0,10,0,FALLBACK,-0.3617,0.100,0.9983,0,none
116.542,2331,-0.22004,-3.29978,0.57564,0,10,0,FALLBACK,-0.5841,0.100,0.9960,0,none
116.594,2332,-0.20703,-3.29089,0.55182,0,10,0,FALLBACK,-0.5299,0.100,0.9963,0,none
116.643,2333,-0.21595,-3.43648,0.52148,0,10,0,FALLBACK,-0.3757,0.100,0.9981,0,none
116.694,2334,-0.26576,-3.15554,0.51923,0,10,0,FALLBACK,0.0779,0.100,1.0011,0,none
116.745,2335,-0.24872,-3.04948,0.49867,0,10,0,FALLBACK,-0.3416,0.100,1.0022,0,none
116.796,2336,-0.23365,-3.12335,0.51004,0,10,0,FALLBACK,-0.4071,0.100,1.0018,0,none
116.844,2337,-0.23626,-3.23882,0.53283,0,10,0,FALLBACK,-0.3057,0.100,1.0036,0,none
116.895,2338,-0.24872,-3.21024,0.49137,0,10,0,FALLBACK,-0.1941,0.100,1.0065,0,none
116.945,2339,-0.29190,-3.10553,0.54978,0,10,0,FALLBACK,0.1754,0.100,1.0094,0,none
116.994,2340,-0.26818,-3.50169,0.53443,0,10,0,FALLBACK,-0.2776,0.100,1.0102,0,none
117.044,2341,-0.24645,-3.57113,0.53907,0,10,0,FALLBACK,-0.3764,0.100,1.0098,0,none
117.095,2342,-0.24106,-3.47921,0.53034,0,10,0,FALLBACK,-0.3216,0.100,1.0115,0,none
117.147,2343,-0.24757,-3.46559,0.50626,0,10,0,FALLBACK,-0.2296,0.100,1.0140,0,none
117.195,2344,-0.28700,-3.34766,0.52747,0,10,0,FALLBACK,0.1322,0.100,1.0167,0,none
117.244,2345,-0.25953,-3.45945,0.52032,0,10,0,FALLBACK,-0.3397,0.100,1.0181,0,none
117.294,2346,-0.22927,-3.29119,0.50495,0,10,0,FALLBACK,-0.5050,0.100,1.0173,0,none
117.345,2347,-0.22083,-3.40679,0.50785,0,10,0,FALLBACK,-0.4381,0.100,1.0172,0,none
117.395,2348,-0.22954,-3.51752,0.50122,0,10,0,FALLBACK,-0.3087,0.100,1.0194,0,none
117.445,2349,-0.27006,-3.54960,0.47614,0,10,0,FALLBACK,0.0529,0.100,1.0222,0,none
117.498,2350,-0.24442,-3.30363,0.55258,0,10,0,FALLBACK,-0.4061,0.100,1.0240,0,none
117.546,2351,-0.21803,-3.26441,0.52986,0,10,0,FALLBACK,-0.5418,0.100,1.0228,0,none
117.596,2352,-0.21474,-3.54299,0.50794,0,10,0,FALLBACK,-0.4428,0.100,1.0227,0,none
117.647,2353,-0.29370,-3.47782,0.49033,0,10,0,FALLBACK,0.3633,0.100,1.0250,0,none
117.697,2354,-0.25684,-3.49334,0.51499,0,10,0,FALLBACK,-0.4001,0.100,1.0205,0,none
117.748,2355,-0.20592,-3.37780,0.50083,0,10,0,FALLBACK,-0.7250,0.100,1.0155,0,none
117.798,2356,-0.18739,-3.34495,0.51543,0,10,0,FALLBACK,-0.6557,0.100,1.0113,0,none
117.845,2357,-0.19587,-3.37357,0.52477,0,10,0,FALLBACK,-0.4783,0.100,1.0125,0,none
117.896,2358,-0.28051,-3.28961,0.52080,0,10,0,FALLBACK,0.3257,0.100,1.0157,0,none
117.948,2359,-0.24865,-3.32116,0.56597,0,10,0,FALLBACK,-0.4160,0.100,1.0120,0,none
117.997,2360,-0.20342,-3.48483,0.55564,0,10,0,FALLBACK,-0.7090,0.100,1.0073,0,none
118.050,2361,-0.18989,-3.45409,0.51159,0,10,0,FALLBACK,-0.6182,0.100,1.0038,0,none
118.100,2362,-0.20151,-3.53187,0.55569,0,10,0,FALLBACK,-0.4344,0.100,1.0055,0,none
118.151,2363,-0.27592,-3.42586,0.53387,0,10,0,FALLBACK,0.2516,0.100,1.0088,0,none
118.201,2364,-0.25146,-3.46535,0.54125,0,10,0,FALLBACK,-0.3649,0.100,1.0072,0,none
118.250,2365,-0.21646,-3.54762,0.53988,0,10,0,FALLBACK,-0.5927,0.100,1.0046,0,none
118.299,2366,-0.20776,-3.43755,0.53201,0,10,0,FALLBACK,-0.5047,0.100,1.0032,0,none
118.351,2367,-0.21940,-3.62975,0.62257,0,10,0,FALLBACK,-0.3448,0.100,1.0053,0,none
118.402,2368,-0.29427,-3.68436,0.61747,0,10,0,FALLBACK,0.3456,0.100,1.0085,0,none
118.450,2369,-0.25843,-3.61103,0.58580,0,10,0,FALLBACK,-0.3870,0.100,1.0057,0,none
118.500,2370,-0.21116,-3.43459,0.53435,0,10,0,FALLBACK,-0.6806,0.100,1.0016,0,none
118.549,2371,-0.18988,-3.68125,0.53413,0,10,0,FALLBACK,-0.6570,0.100,1.0003,0,none
118.600,2372,-0.19450,-3.68475,0.53379,0,10,0,FALLBACK,-0.5044,0.100,1.0001,0,none
118.652,2373,-0.26248,-3.58581,0.61902,0,10,0,FALLBACK,0.1523,0.100,1.0026,0,none
118.700,2374,-0.24831,-3.74907,0.63683,0,10,0,FALLBACK,-0.3293,0.100,1.0041,0,none
118.753,2375,-0.22381,-3.51586,0.64406,0,10,0,FALLBACK,-0.5034,0.100,1.0026,0,none
118.802,2376,-0.21818,-3.57808,0.64582,0,10,0,FALLBACK,-0.4372,0.100,1.0027,0,none
118.852,2377,-0.22959,-3.67534,0.65565,0,10,0,FALLBACK,-0.2950,0.100,1.0050,0,none
118.903,2378,-0.29206,-3.73644,0.64958,0,10,0,FALLBACK,0.2726,0.100,1.0080,0,none
118.952,2379,-0.25891,-3.56272,0.70422,0,10,0,FALLBACK,-0.3712,0.100,1.0072,0,none
118.984,2380,-0.21762,-3.39273,0.63892,0,10,0,FALLBACK,-0.6183,0.100,1.0044,0,none
119.035,2381,-0.20664,-3.32583,0.62502,0,10,0,FALLBACK,-0.5217,0.100,1.0018,0,none
119.086,2382,-0.21472,-3.43388,0.66813,0,10,0,FALLBACK,-0.3860,0.100,1.0044,0,none
119.136,2383,-0.26643,-3.66663,0.69225,0,10,0,FALLBACK,0.0907,0.100,1.0076,0,none
119.186,2384,-0.23499,-3.59587,0.70416,0,10,0,FALLBACK,-0.4823,0.100,1.0084,0,none
119.238,2385,-0.20959,-3.66861,0.69112,0,10,0,FALLBACK,-0.5790,0.100,1.0049,0,none
119.289,2386,-0.20942,-3.60233,0.66855,0,10,0,FALLBACK,-0.4538,0.100,1.0056,0,none
119.335,2387,-0.22376,-3.61840,0.68992,0,10,0,FALLBACK,-0.3095,0.100,1.0085,0,none
119.386,2388,-0.27795,-3.73909,0.71443,0,10,0,FALLBACK,0.1607,0.100,1.0116,0,none
119.438,2389,-0.24381,-3.68535,0.69333,0,10,0,FALLBACK,-0.4516,0.100,1.0118,0,none
119.487,2390,-0.21491,-3.77887,0.66641,0,10,0,FALLBACK,-0.5700,0.100,1.0080,0,none
119.536,2391,-0.21175,-3.88113,0.69100,0,10,0,FALLBACK,-0.4571,0.100,1.0085,0,none
119.588,2392,-0.22360,-3.84747,0.71052,0,10,0,FALLBACK,-0.3227,0.100,1.0113,0,none
119.636,2393,-0.27030,-3.79660,0.71962,0,10,0,FALLBACK,0.0850,0.100,1.0144,0,none
119.686,2394,-0.23616,-3.64265,0.66734,0,10,0,FALLBACK,-0.4899,0.100,1.0156,0,none
119.738,2395,-0.20940,-3.70459,0.73302,0,10,0,FALLBACK,-0.5868,0.100,1.0117,0,none
119.787,2396,-0.20836,-3.85598,0.72871,0,10,0,FALLBACK,-0.4634,0.100,1.0123,0,none
119.838,2397,-0.28753,-3.66721,0.72201,0,10,0,FALLBACK,0.3335,0.100,1.0151,0,none
119.888,2398,-0.24552,-3.64139,0.67420,0,10,0,FALLBACK,-0.4825,0.100,1.0100,0,none
119.938,2399,-0.20320,-3.72297,0.69208,0,10,0,FALLBACK,-0.6956,0.100,1.0032,0,none
119.988,2400,-0.19393,-3.62382,0.69285,0,10,0,FALLBACK,-0.5767,0.100,1.0016,0,none
120.038,2401,-0.20434,-3.86439,0.69468,0,10,0,FALLBACK,-0.4263,0.100,1.0044,0,none
120.088,2402,-0.27820,-3.38396,0.86601,0,10,0,FALLBACK,0.2604,0.100,1.0077,0,none
120.138,2403,-0.24955,-3.66856,0.70344,0,10,0,FALLBACK,-0.3955,0.100,1.0049,0,none
120.189,2404,-0.22080,-3.29797,1.06180,0,10,0,FALLBACK,-0.5398,0.100,1.0015,0,none
120.239,2405,-0.21742,-3.61258,0.69963,0,10,0,FALLBACK,-0.4298,0.100,1.0020,0,none
120.289,2406,-0.22859,-3.44943,0.71706,0,10,0,FALLBACK,-0.3012,0.100,1.0049,0,none
120.340,2407,-0.30271,-3.49260,0.69008,0,10,0,FALLBACK,0.3841,0.100,1.0080,0,none
120.390,2408,-0.26428,-3.68287,0.74986,0,10,0,FALLBACK,-0.3707,0.100,1.0035,0,none
120.442,2409,-0.22481,-3.73296,0.70572,0,10,0,FALLBACK,-0.5733,0.100,0.9991,0,none
120.489,2410,-0.21352,-3.79840,0.69523,0,10,0,FALLBACK,-0.4888,0.100,0.9988,0,none
120.540,2411,-0.22077,-3.40963,0.92874,0,10,0,FALLBACK,-0.3598,0.100,1.0012,0,none
120.589,2412,-0.29601,-3.23990,1.32169,0,10,0,FALLBACK,0.3562,0.100,1.0042,0,none
120.640,2413,-0.26746,-3.80870,0.74790,0,10,0,FALLBACK,-0.3054,0.100,0.9997,0,none
120.689,2414,-0.21902,-4.18384,0.71779,0,10,0,FALLBACK,-0.6471,0.100,0.9968,0,none
120.743,2415,-0.20169,-3.93830,0.69610,0,10,0,FALLBACK,-0.5782,0.100,0.9943,0,none
120.792,2416,-0.20739,-4.02395,0.69785,0,10,0,FALLBACK,-0.4346,0.100,0.9966,0,none
120.839,2417,-0.28395,-3.89308,0.73308,0,10,0,FALLBACK,0.3026,0.100,0.9999,0,none
120.892,2418,-0.23810,-3.85311,0.68765,0,10,0,FALLBACK,-0.5388,0.100,0.9960,0,none
120.942,2419,-0.19448,-3.82851,0.64873,0,10,0,FALLBACK,-0.7457,0.100,0.9882,0,none
120.991,2420,-0.18547,-3.84952,0.67174,0,10,0,FALLBACK,-0.6177,0.100,0.9866,0,none
121.042,2421,-0.19654,-3.89600,0.67033,0,10,0,FALLBACK,-0.4620,0.100,0.9896,0,none
121.092,2422,-0.28177,-3.83820,0.70319,0,10,0,FALLBACK,0.3350,0.100,0.9931,0,none
121.141,2423,-0.23586,-3.87038,0.73064,0,10,0,FALLBACK,-0.5502,0.100,0.9881,0,none
121.193,2424,-0.19118,-3.80793,0.69656,0,10,0,FALLBACK,-0.7675,0.100,0.9796,0,none
121.243,2425,-0.18226,-3.63089,0.68021,0,10,0,FALLBACK,-0.6333,0.100,0.9777,0,none
121.292,2426,-0.19375,-3.43447,0.65650,0,10,0,FALLBACK,-0.4738,0.100,0.9809,0,none
121.342,2427,-0.25120,-3.23899,0.67158,0,10,0,FALLBACK,0.0433,0.100,0.9845,0,none
121.389,2428,-0.23809,-3.23082,0.64158,0,10,0,FALLBACK,-0.3751,0.100,0.9857,0,none
121.442,2429,-0.22724,-3.01108,0.70914,0,10,0,FALLBACK,-0.4180,0.100,0.9853,0,none
121.490,2430,-0.23395,-3.15903,0.68254,0,10,0,FALLBACK,-0.2967,0.100,0.9874,0,none
121.542,2431,-0.24969,-3.17420,0.68933,0,10,0,FALLBACK,-0.1728,0.100,0.9906,0,none
121.592,2432,-0.23010,-2.92077,0.75719,0,10,0,FALLBACK,-0.4475,0.100,0.9936,0,none
121.642,2433,-0.28939,-2.72721,0.77768,0,10,0,FALLBACK,0.2435,0.100,0.9938,0,none
121.694,2434,-0.34626,-2.68747,0.71584,0,10,0,FALLBACK,0.5157,0.100,0.9914,0,none
121.743,2435,-0.37800,-2.79662,0.74740,0,10,0,FALLBACK,0.5487,0.100,0.9906,0,none
121.794,2436,-0.39095,-2.74284,0.65094,0,10,0,FALLBACK,0.5195,0.100,0.9923,0,none
121.842,2437,-0.34192,-2.85306,0.65872,0,10,0,FALLBACK,-0.0356,0.100,0.9946,0,none
121.893,2438,-0.37591,-2.83527,0.67039,0,10,0,FALLBACK,0.5495,0.100,0.9958,0,none
121.942,2439,-0.40334,-2.77004,0.78677,0,10,0,FALLBACK,0.6539,0.100,0.9914,0,none
121.992,2440,-0.40352,-2.86530,0.70475,0,10,0,FALLBACK,0.5185,0.100,0.9917,0,none
122.043,2441,-0.38776,-2.94352,0.72649,0,10,0,FALLBACK,0.3600,0.100,0.9948,0,none
122.092,2442,-0.30971,-3.10372,0.72349,0,10,0,FALLBACK,-0.3417,0.100,0.9983,0,none
122.145,2443,-0.33484,-3.02812,0.69026,0,10,0,FALLBACK,0.2998,0.100,0.9947,0,none
122.192,2444,-0.36300,-2.87784,0.81366,0,10,0,FALLBACK,0.4558,0.100,0.9925,0,none
122.243,2445,-0.36853,-2.95468,0.61437,0,10,0,FALLBACK,0.3703,0.100,0.9933,0,none
122.292,2446,-0.36118,-3.06233,0.70002,0,10,0,FALLBACK,0.2691,0.100,0.9962,0,none
122.342,2447,-0.34771,-3.05669,0.80288,0,10,0,FALLBACK,0.1712,0.100,0.9993,0,none
122.392,2448,-0.30733,-2.99470,0.74108,0,10,0,FALLBACK,-0.1653,0.100,1.0023,0,none
122.443,2449,-0.33641,-2.84346,0.68453,0,10,0,FALLBACK,0.3275,0.100,1.0036,0,none
122.495,2450,-0.36158,-2.85689,0.63641,0,10,0,FALLBACK,0.4338,0.100,1.0023,0,none
122.542,2451,-0.36919,-2.97526,0.67222,0,10,0,FALLBACK,0.3840,0.100,1.0039,0,none
122.592,2452,-0.36227,-3.03346,0.67512,0,10,0,FALLBACK,0.2767,0.100,1.0058,0,none
122.642,2453,-0.32205,-3.00559,0.71244,0,10,0,FALLBACK,-0.0909,0.100,1.0088,0,none
122.693,2454,-0.33983,-2.92974,0.74449,0,10,0,FALLBACK,0.2881,0.100,1.0102,0,none
122.742,2455,-0.35774,-2.75730,0.76496,0,10,0,FALLBACK,0.3782,0.100,1.0111,0,none
122.794,2456,-0.36002,-2.77181,0.78220,0,10,0,FALLBACK,0.3115,0.100,1.0126,0,none
122.845,2457,-0.35166,-3.13561,0.67181,0,10,0,FALLBACK,0.2165,0.100,1.0152,0,none
122.895,2458,-0.31784,-3.08452,0.69858,0,10,0,FALLBACK,-0.0799,0.100,1.0181,0,none
122.945,2459,-0.33830,-2.83944,0.73073,0,10,0,FALLBACK,0.2938,0.100,1.0199,0,none
122.994,2460,-0.35523,-3.04545,0.70347,0,10,0,FALLBACK,0.3608,0.100,1.0199,0,none
123.044,2461,-0.35622,-3.07817,0.67988,0,10,0,FALLBACK,0.2860,0.100,1.0215,0,none
123.093,2462,-0.34755,-3.14762,0.72095,0,10,0,FALLBACK,0.1944,0.100,1.0241,0,none
123.145,2463,-0.31620,-3.06164,0.73119,0,10,0,FALLBACK,-0.0757,0.100,1.0268,0,none
123.197,2464,-0.33555,-2.99954,0.70412,0,10,0,FALLBACK,0.2745,0.100,1.0287,0,none
123.247,2465,-0.35809,-2.99163,0.61794,0,10,0,FALLBACK,0.4032,0.100,1.0290,0,none
123.294,2466,-0.36319,-3.05894,0.62652,0,10,0,FALLBACK,0.3415,0.100,1.0298,0,none
123.347,2467,-0.35401,-3.03652,0.65757,0,10,0,FALLBACK,0.2241,0.100,1.0319,0,none
123.398,2468,-0.31901,-3.03942,0.64423,0,10,0,FALLBACK,-0.0799,0.100,1.0346,0,none
123.446,2469,-0.33981,-3.06633,0.62692,0,10,0,FALLBACK,0.3030,0.100,1.0365,0,none
123.497,2470,-0.36227,-2.97687,0.62088,0,10,0,FALLBACK,0.4237,0.100,1.0364,0,none
123.547,2471,-0.36640,-3.01913,0.58668,0,10,0,FALLBACK,0.3526,0.100,1.0368,0,none
123.597,2472,-0.29571,-3.00185,0.63348,0,10,0,FALLBACK,-0.3749,0.100,1.0390,0,none
123.646,2473,-0.33117,-2.91075,0.66479,0,10,0,FALLBACK,0.3332,0.100,1.0354,0,none
123.696,2474,-0.38025,-2.67824,0.73415,0,10,0,FALLBACK,0.6467,0.100,1.0314,0,none
123.747,2475,-0.40006,-2.45197,0.80047,0,10,0,FALLBACK,0.5994,0.100,1.0278,0,none
123.796,2476,-0.39439,-2.88161,0.60886,0,10,0,FALLBACK,0.4436,0.100,1.0288,0,none
123.846,2477,-0.30830,-2.74882,0.65769,0,10,0,FALLBACK,-0.3890,0.100,1.0317,0,none
123.896,2478,-0.34052,-2.90617,0.67370,0,10,0,FALLBACK,0.3637,0.100,1.0269,0,none
123.945,2479,-0.38844,-2.40738,0.85016,0,10,0,FALLBACK,0.6818,0.100,1.0221,0,none
123.997,2480,-0.40534,-2.31315,0.78993,0,10,0,FALLBACK,0.6112,0.100,1.0181,0,none
124.047,2481,-0.39632,-2.72141,0.62015,0,10,0,FALLBACK,0.4365,0.100,1.0193,0,none
124.098,2482,-0.30430,-2.67277,0.68304,0,10,0,FALLBACK,-0.4385,0.100,1.0225,0,none
124.150,2483,-0.33697,-2.78307,0.70382,0,10,0,FALLBACK,0.3482,0.100,1.0167,0,none
124.198,2484,-0.39377,-2.51175,0.75297,0,10,0,FALLBACK,0.7529,0.100,1.0094,0,none
124.245,2485,-0.41697,-2.52384,0.77010,0,10,0,FALLBACK,0.7009,0.100,1.0050,0,none
124.296,2486,-0.40914,-2.59622,0.69520,0,10,0,FALLBACK,0.5066,0.100,1.0055,0,none
124.347,2487,-0.31054,-2.80862,0.63643,0,10,0,FALLBACK,-0.4403,0.100,1.0089,0,none
124.398,2488,-0.34271,-2.69820,0.73438,0,10,0,FALLBACK,0.3744,0.100,1.0024,0,none
124.450,2489,-0.39354,-2.61410,0.73346,0,10,0,FALLBACK,0.7218,0.100,0.9969,0,none
124.498,2490,-0.41479,-2.45197,0.84690,0,10,0,FALLBACK,0.6802,0.100,0.9928,0,none
124.547,2491,-0.40775,-2.67408,0.62966,0,10,0,FALLBACK,0.5036,0.100,0.9936,0,none
124.598,2492,-0.38403,-2.92102,0.62747,0,10,0,FALLBACK,0.3015,0.100,0.9966,0,none
124.647,2493,-0.32079,-2.91992,0.62243,0,10,0,FALLBACK,-0.2123,0.100,1.0001,0,none
124.697,2494,-0.33912,-2.87952,0.63725,0,10,0,FALLBACK,0.2873,0.100,0.9997,0,none
124.748,2495,-0.36635,-2.64203,0.65454,0,10,0,FALLBACK,0.4679,0.100,1.0004,0,none
124.797,2496,-0.37355,-2.72534,0.57072,0,10,0,FALLBACK,0.4038,0.100,1.0005,0,none
124.849,2497,-0.36462,-2.88830,0.53912,0,10,0,FALLBACK,0.2784,0.100,1.0029,0,none
124.900,2498,-0.30996,-2.85506,0.57071,0,10,0,FALLBACK,-0.2235,0.100,1.0059,0,none
124.950,2499,-0.34741,-2.47439,0.59239,0,10,0,FALLBACK,0.4243,0.100,1.0063,0,none
124.997,2500,-0.39014,-2.42751,0.64029,0,10,0,FALLBACK,0.6644,0.100,1.0028,0,none
125.049,2501,-0.40378,-2.06798,0.81803,0,10,0,FALLBACK,0.5871,0.100,1.0004,0,none
125.099,2502,-0.39468,-2.35782,0.65033,0,10,0,FALLBACK,0.4278,0.100,1.0022,0,none
125.150,2503,-0.32464,-2.57794,0.60488,0,10,0,FALLBACK,-0.2269,0.100,1.0055,0,none
125.201,2504,-0.36340,-2.32817,0.65739,0,10,0,FALLBACK,0.5108,0.100,1.0049,0,none
125.249,2505,-0.40949,-1.80623,0.93692,0,10,0,FALLBACK,0.7779,0.100,0.9992,0,none
125.298,2506,-0.42166,-1.87073,0.86220,0,10,0,FALLBACK,0.6692,0.100,0.9951,0,none
125.347,2507,-0.40791,-2.27883,0.66022,0,10,0,FALLBACK,0.4708,0.100,0.9970,0,none
125.399,2508,-0.32017,-2.66208,0.57745,0,10,0,FALLBACK,-0.3378,0.100,1.0006,0,none
125.451,2509,-0.35916,-2.14122,0.75797,0,10,0,FALLBACK,0.4907,0.100,0.9974,0,none
125.500,2510,-0.41065,-1.85001,0.94429,0,10,0,FALLBACK,0.8107,0.100,0.9906,0,none
125.550,2511,-0.42618,-1.63044,1.00298,0,10,0,FALLBACK,0.7085,0.100,0.9854,0,none
125.601,2512,-0.41388,-2.01391,0.78207,0,10,0,FALLBACK,0.5079,0.100,0.9870,0,none
125.652,2513,-0.30703,-2.41478,0.65069,0,10,0,FALLBACK,-0.4991,0.100,0.9907,0,none
125.702,2514,-0.35294,-2.44364,0.65063,0,10,0,FALLBACK,0.4943,0.100,0.9828,0,none
125.752,2515,-0.41804,-1.57102,1.09859,0,10,0,FALLBACK,0.9157,0.100,0.9735,0,none
125.800,2516,-0.44231,-1.60762,1.09361,0,10,0,FALLBACK,0.8329,0.100,0.9654,0,none
125.851,2517,-0.43387,-1.96059,0.88812,0,10,0,FALLBACK,0.6271,0.100,0.9662,0,none
125.903,2518,-0.31464,-2.21660,0.78374,0,10,0,FALLBACK,-0.5230,0.100,0.9702,0,none
125.951,2519,-0.35482,-2.31638,0.69826,0,10,0,FALLBACK,0.4751,0.100,0.9604,0,none
125.985,2520,-0.41766,-1.69594,1.03614,0,10,0,FALLBACK,0.9025,0.100,0.9514,0,none
126.035,2521,-0.43624,-1.96298,0.83149,0,10,0,FALLBACK,0.7741,0.100,0.9419,0,none
126.085,2522,-0.42789,-2.07567,0.84453,0,10,0,FALLBACK,0.5977,0.100,0.9450,0,none
126.136,2523,-0.40775,-2.57777,0.62837,0,10,0,FALLBACK,0.4381,0.100,0.9492,0,none
126.187,2524,-0.31887,-2.66261,0.67235,0,10,0,FALLBACK,-0.3501,0.100,0.9533,0,none
126.237,2525,-0.36314,-2.43166,0.71797,0,10,0,FALLBACK,0.5370,0.100,0.9491,0,none
126.287,2526,-0.40609,-1.94674,0.99146,0,10,0,FALLBACK,0.7452,0.100,0.9411,0,none
126.335,2527,-0.41503,-2.09362,0.91208,0,10,0,FALLBACK,0.6198,0.100,0.9401,0,none
126.385,2528,-0.40557,-2.04725,0.99775,0,10,0,FALLBACK,0.4806,0.100,0.9436,0,none
126.438,2529,-0.30578,-2.49479,0.68030,0,10,0,FALLBACK,-0.4700,0.100,0.9476,0,none
126.487,2530,-0.35544,-2.22866,0.79504,0,10,0,FALLBACK,0.5255,0.100,0.9394,0,none
126.536,2531,-0.40776,-1.45474,1.14167,0,10,0,FALLBACK,0.8004,0.100,0.9301,0,none
126.584,2532,-0.42556,-1.21601,1.20943,0,10,0,FALLBACK,0.7168,0.100,0.9286,0,none
126.638,2533,-0.41946,-1.88101,1.05407,0,10,0,FALLBACK,0.5668,0.100,0.9311,0,none
126.688,2534,-0.40060,-1.97840,1.00200,0,10,0,FALLBACK,0.4087,0.100,0.9351,0,none
126.737,2535,-0.32270,-1.83404,1.18540,0,10,0,FALLBACK,-0.2760,0.100,0.9392,0,none
126.787,2536,-0.35880,-1.63242,1.29369,0,10,0,FALLBACK,0.4746,0.100,0.9372,0,none
126.836,2537,-0.39270,-0.90348,1.34172,0,10,0,FALLBACK,0.6330,0.100,0.9323,0,none
126.886,2538,-0.39865,-1.50394,1.13310,0,10,0,FALLBACK,0.5230,0.100,0.9330,0,none
126.937,2539,-0.38967,-1.48729,1.26695,0,10,0,FALLBACK,0.4034,0.100,0.9366,0,none
126.988,2540,-0.28862,-1.48062,1.39176,0,10,0,FALLBACK,-0.5621,0.100,0.9405,0,none
127.036,2541,-0.34396,-1.11919,1.26127,0,10,0,FALLBACK,0.4964,0.100,0.9307,0,none
127.087,2542,-0.40304,-1.33263,1.22850,0,10,0,FALLBACK,0.8106,0.100,0.9209,0,none
127.139,2543,-0.42327,-0.91380,1.27095,0,10,0,FALLBACK,0.7175,0.100,0.9180,0,none
127.188,2544,-0.42177,-1.48080,1.12342,0,10,0,FALLBACK,0.6014,0.100,0.9213,0,none
127.240,2545,-0.40842,-1.72061,1.26400,0,10,0,FALLBACK,0.4754,0.100,0.9253,0,none
127.290,2546,-0.32588,-1.99216,1.20392,0,10,0,FALLBACK,-0.2833,0.100,0.9294,0,none
127.340,2547,-0.36955,-1.28755,1.24362,0,10,0,FALLBACK,0.5661,0.100,0.9266,0,none
127.388,2548,-0.41022,-1.03585,1.24153,0,10,0,FALLBACK,0.7545,0.100,0.9192,0,none
127.439,2549,-0.41825,-1.41964,1.24514,0,10,0,FALLBACK,0.6314,0.100,0.9189,0,none
127.489,2550,-0.40879,-1.53889,1.32348,0,10,0,FALLBACK,0.4967,0.100,0.9227,0,none
127.538,2551,-0.30820,-1.65613,1.29840,0,10,0,FALLBACK,-0.4620,0.100,0.9268,0,none
127.588,2552,-0.35284,-1.43169,1.27483,0,10,0,FALLBACK,0.4874,0.100,0.9189,0,none
127.638,2553,-0.40067,-1.59084,1.17296,0,10,0,FALLBACK,0.7424,0.100,0.9113,0,none
127.690,2554,-0.41408,-1.45292,1.31522,0,10,0,FALLBACK,0.6374,0.100,0.9104,0,none
127.740,2555,-0.40907,-2.01137,1.18631,0,10,0,FALLBACK,0.5203,0.100,0.9141,0,none
127.790,2556,-0.39438,-2.12388,1.19293,0,10,0,FALLBACK,0.3985,0.100,0.9182,0,none
127.840,2557,-0.30739,-2.18112,1.06979,0,10,0,FALLBACK,-0.3981,0.100,0.9223,0,none
127.890,2558,-0.34960,-1.69437,1.24411,0,10,0,FALLBACK,0.4591,0.100,0.9176,0,none
127.941,2559,-0.39203,-1.88134,1.10032,0,10,0,FALLBACK,0.6723,0.100,0.9117,0,none
127.990,2560,-0.40394,-1.62684,1.27866,0,10,0,FALLBACK,0.5792,0.100,0.9119,0,none
128.040,2561,-0.39934,-2.40092,0.93773,0,10,0,FALLBACK,0.4737,0.100,0.9156,0,none
128.090,2562,-0.38576,-2.60163,1.28234,0,10,0,FALLBACK,0.3609,0.100,0.9196,0,none
128.141,2563,-0.34402,-2.66425,1.47584,0,10,0,FALLBACK,0.0114,0.100,0.9236,0,none
128.189,2564,-0.35222,-2.37357,1.57065,0,10,0,FALLBACK,0.3021,0.100,0.9267,0,none
128.239,2565,-0.35796,-2.76678,1.61629,0,10,0,FALLBACK,0.3185,0.100,0.9284,0,none
128.290,2566,-0.35155,-2.84938,1.34871,0,10,0,FALLBACK,0.2257,0.100,0.9315,0,none
128.338,2567,-0.33946,-2.87203,1.78048,0,10,0,FALLBACK,0.1369,0.100,0.9352,0,none
128.390,2568,-0.35198,-2.97518,1.39151,0,10,0,FALLBACK,0.3224,0.100,0.9387,0,none
128.441,2569,-0.30961,-3.42697,0.87768,0,10,0,FALLBACK,-0.1638,0.100,0.9408,0,none
128.491,2570,-0.26941,-3.31441,1.02531,0,10,0,FALLBACK,-0.3540,0.100,0.9418,0,none
128.540,2571,-0.24575,-3.37832,1.05018,0,10,0,FALLBACK,-0.3895,0.100,0.9438,0,none
128.591,2572,-0.23413,-3.32905,0.93105,0,10,0,FALLBACK,-0.3874,0.100,0.9466,0,none
128.639,2573,-0.27239,-3.19737,1.28101,0,10,0,FALLBACK,0.0533,0.100,0.9495,0,none
128.690,2574,-0.24975,-3.25838,1.04838,0,10,0,FALLBACK,-0.3644,0.100,0.9507,0,none
128.740,2575,-0.21991,-3.38964,0.71981,0,10,0,FALLBACK,-0.5496,0.100,0.9514,0,none
128.791,2576,-0.21264,-3.26555,0.82640,0,10,0,FALLBACK,-0.4732,0.100,0.9520,0,none
128.841,2577,-0.22104,-3.41533,0.72911,0,10,0,FALLBACK,-0.3528,0.100,0.9552,0,none
128.891,2578,-0.23691,-3.21607,0.71922,0,10,0,FALLBACK,-0.2361,0.100,0.9588,0,none
128.942,2579,-0.27636,-3.20671,0.70789,0,10,0,FALLBACK,0.0791,0.100,0.9622,0,none
128.990,2580,-0.26151,-3.16545,0.74692,0,10,0,FALLBACK,-0.2667,0.100,0.9644,0,none
129.038,2581,-0.24904,-3.20032,0.78700,0,10,0,FALLBACK,-0.3172,0.100,0.9655,0,none
129.090,2582,-0.25003,-3.16695,0.75612,0,10,0,FALLBACK,-0.2449,0.100,0.9681,0,none
129.140,2583,-0.25829,-3.19329,0.78267,0,10,0,FALLBACK,-0.1672,0.100,0.9713,0,none
129.190,2584,-0.29442,-3.05642,0.76514,0,10,0,FALLBACK,0.1527,0.100,0.9744,0,none
129.242,2585,-0.26769,-3.46958,0.63534,0,10,0,FALLBACK,-0.2952,0.100,0.9760,0,none
129.291,2586,-0.24432,-3.19771,0.63329,0,10,0,FALLBACK,-0.3953,0.100,0.9760,0,none
129.339,2587,-0.23823,-3.28106,0.61804,0,10,0,FALLBACK,-0.3393,0.100,0.9779,0,none
129.391,2588,-0.24281,-3.22474,0.65905,0,10,0,FALLBACK,-0.2631,0.100,0.9808,0,none
129.441,2589,-0.27676,-3.36957,0.67599,0,10,0,FALLBACK,0.0535,0.100,0.9839,0,none
129.491,2590,-0.25585,-3.29794,0.70264,0,10,0,FALLBACK,-0.3253,0.100,0.9860,0,none
129.541,2591,-0.23907,-3.62482,0.64894,0,10,0,FALLBACK,-0.3886,0.100,0.9862,0,none
129.591,2592,-0.23850,-3.40083,0.64053,0,10,0,FALLBACK,-0.3103,0.100,0.9883,0,none
129.643,2593,-0.24756,-3.51901,0.69573,0,10,0,FALLBACK,-0.2169,0.100,0.9912,0,none
129.692,2594,-0.28986,-3.47179,0.65052,0,10,0,FALLBACK,0.1607,0.100,0.9943,0,none
129.742,2595,-0.26223,-3.53042,0.66604,0,10,0,FALLBACK,-0.3270,0.100,0.9953,0,none
129.791,2596,-0.23781,-3.49357,0.67662,0,10,0,FALLBACK,-0.4330,0.100,0.9944,0,none
129.841,2597,-0.23269,-3.63086,0.63230,0,10,0,FALLBACK,-0.3622,0.100,0.9958,0,none
129.891,2598,-0.23949,-3.56997,0.60685,0,10,0,FALLBACK,-0.2685,0.100,0.9986,0,none
129.942,2599,-0.28017,-3.57015,0.63956,0,10,0,FALLBACK,0.1042,0.100,1.0016,0,none
129.992,2600,-0.25295,-3.48238,0.66957,0,10,0,FALLBACK,-0.3714,0.100,1.0030,0,none
130.042,2601,-0.23038,-3.51638,0.58431,0,10,0,FALLBACK,-0.4609,0.100,1.0017,0,none
130.091,2602,-0.22785,-3.49942,0.55855,0,10,0,FALLBACK,-0.3734,0.100,1.0031,0,none
130.143,2603,-0.23737,-3.53905,0.61223,0,10,0,FALLBACK,-0.2655,0.100,1.0059,0,none
130.193,2604,-0.27408,-3.26236,0.60734,0,10,0,FALLBACK,0.0539,0.100,1.0089,0,none
130.244,2605,-0.25626,-3.39323,0.61321,0,10,0,FALLBACK,-0.3078,0.100,1.0107,0,none
130.293,2606,-0.24188,-3.33302,0.58325,0,10,0,FALLBACK,-0.3625,0.100,1.0109,0,none
130.343,2607,-0.24323,-3.27192,0.54409,0,10,0,FALLBACK,-0.2771,0.100,1.0128,0,none
130.393,2608,-0.25367,-3.18128,0.60779,0,10,0,FALLBACK,-0.1795,0.100,1.0155,0,none
130.443,2609,-0.28545,-3.39084,0.62616,0,10,0,FALLBACK,0.0861,0.100,1.0183,0,none
130.493,2610,-0.26576,-3.34656,0.57802,0,10,0,FALLBACK,-0.2696,0.100,1.0201,0,none
130.544,2611,-0.24941,-3.34454,0.57541,0,10,0,FALLBACK,-0.3347,0.100,1.0204,0,none
130.593,2612,-0.24673,-3.41955,0.51446,0,10,0,FALLBACK,-0.2798,0.100,1.0224,0,none
130.644,2613,-0.30205,-3.32829,0.56006,0,10,0,FALLBACK,0.2869,0.100,1.0247,0,none
130.692,2614,-0.27874,-3.37231,0.54616,0,10,0,FALLBACK,-0.2229,0.100,1.0225,0,none
130.744,2615,-0.23954,-3.48716,0.58746,0,10,0,FALLBACK,-0.4983,0.100,1.0218,0,none
130.791,2616,-0.22422,-3.49756,0.54952,0,10,0,FALLBACK,-0.4555,0.100,1.0209,0,none
130.844,2617,-0.22772,-3.39142,0.54695,0,10,0,FALLBACK,-0.3439,0.100,1.0230,0,none
130.893,2618,-0.27647,-3.38962,0.56347,0,10,0,FALLBACK,0.1261,0.100,1.0258,0,none
130.943,2619,-0.25598,-3.33646,0.58253,0,10,0,FALLBACK,-0.3225,0.100,1.0262,0,none
130.995,2620,-0.23712,-3.37715,0.57079,0,10,0,FALLBACK,-0.4087,0.100,1.0254,0,none
131.046,2621,-0.23687,-3.23437,0.56788,0,10,0,FALLBACK,-0.3168,0.100,1.0267,0,none
131.093,2622,-0.24761,-3.28251,0.57227,0,10,0,FALLBACK,-0.2083,0.100,1.0293,0,none
131.144,2623,-0.29213,-3.29250,0.59214,0,10,0,FALLBACK,0.1833,0.100,1.0320,0,none
131.194,2624,-0.27434,-3.45822,0.55299,0,10,0,FALLBACK,-0.2173,0.100,1.0323,0,none
131.245,2625,-0.25623,-3.30336,0.55026,0,10,0,FALLBACK,-0.3094,0.100,1.0326,0,none
131.293,2626,-0.25317,-3.47081,0.57121,0,10,0,FALLBACK,-0.2494,0.100,1.0342,0,none
131.343,2627,-0.25929,-3.51328,0.58775,0,10,0,FALLBACK,-0.1730,0.100,1.0366,0,none
131.394,2628,-0.28767,-3.29643,0.60306,0,10,0,FALLBACK,0.0802,0.100,1.0391,0,none
131.445,2629,-0.27457,-3.21496,0.53082,0,10,0,FALLBACK,-0.1927,0.100,1.0407,0,none
131.496,2630,-0.26269,-3.31776,0.60644,0,10,0,FALLBACK,-0.2459,0.100,1.0419,0,none
131.545,2631,-0.26207,-3.12118,0.58009,0,10,0,FALLBACK,-0.1927,0.100,1.0438,0,none
131.596,2632,-0.26841,-3.06329,0.62169,0,10,0,FALLBACK,-0.1262,0.100,1.0461,0,none
131.647,2633,-0.28707,-3.16878,0.65041,0,10,0,FALLBACK,0.0286,0.100,1.0484,0,none
131.697,2634,-0.28267,-3.13474,0.60564,0,10,0,FALLBACK,-0.1087,0.100,1.0505,0,none
131.747,2635,-0.27672,-3.10405,0.59077,0,10,0,FALLBACK,-0.1461,0.100,1.0524,0,none
131.795,2636,-0.27704,-3.23905,0.62687,0,10,0,FALLBACK,-0.1132,0.100,1.0544,0,none
131.846,2637,-0.31013,-3.06040,0.63951,0,10,0,FALLBACK,0.2161,0.100,1.0566,0,none
131.896,2638,-0.29168,-3.18638,0.63428,0,10,0,FALLBACK,-0.1339,0.100,1.0571,0,none
131.946,2639,-0.26623,-3.23159,0.57232,0,10,0,FALLBACK,-0.2961,0.100,1.0580,0,none
131.996,2640,-0.25411,-3.25827,0.57319,0,10,0,FALLBACK,-0.2901,0.100,1.0588,0,none
132.044,2641,-0.25460,-3.12941,0.62091,0,10,0,FALLBACK,-0.2246,0.100,1.0605,0,none
132.095,2642,-0.27770,-3.04190,0.60119,0,10,0,FALLBACK,0.0040,0.100,1.0627,0,none
132.147,2643,-0.27372,-3.09057,0.62414,0,10,0,FALLBACK,-0.1513,0.100,1.0646,0,none
132.198,2644,-0.26779,-3.09710,0.61751,0,10,0,FALLBACK,-0.1907,0.100,1.0662,0,none
132.249,2645,-0.26988,-3.00115,0.63366,0,10,0,FALLBACK,-0.1402,0.100,1.0680,0,none
132.295,2646,-0.27819,-3.03247,0.62754,0,10,0,FALLBACK,-0.0675,0.100,1.0700,0,none
132.347,2647,-0.29378,-3.04298,0.63736,0,10,0,FALLBACK,0.0468,0.100,1.0721,0,none
132.396,2648,-0.29628,-3.07277,0.67334,0,10,0,FALLBACK,-0.0061,0.100,1.0739,0,none
132.446,2649,-0.29596,-3.16882,0.60314,0,10,0,FALLBACK,-0.0218,0.100,1.0759,0,none
132.496,2650,-0.29696,-3.05218,0.61944,0,10,0,FALLBACK,-0.0102,0.100,1.0778,0,none
132.547,2651,-0.29883,-3.21762,0.59752,0,10,0,FALLBACK,0.0035,0.100,1.0798,0,none
132.596,2652,-0.30222,-2.99138,0.61283,0,10,0,FALLBACK,0.0281,0.100,1.0817,0,none
132.648,2653,-0.29889,-2.79662,0.66235,0,10,0,FALLBACK,-0.0222,0.100,1.0836,0,none
132.696,2654,-0.29458,-3.03335,0.63332,0,10,0,FALLBACK,-0.0487,0.100,1.0854,0,none
132.745,2655,-0.29193,-2.82094,0.67538,0,10,0,FALLBACK,-0.0535,0.100,1.0873,0,none
132.797,2656,-0.29129,-2.71268,0.68604,0,10,0,FALLBACK,-0.0468,0.100,1.0891,0,none
132.846,2657,-0.29306,-2.76947,0.68487,0,10,0,FALLBACK,-0.0258,0.100,1.0909,0,none
132.896,2658,-0.29592,-2.80229,0.62302,0,10,0,FALLBACK,-0.0061,0.100,1.0927,0,none
132.947,2659,-0.29898,-2.76104,0.65451,0,10,0,FALLBACK,0.0102,0.100,1.0945,0,none
132.998,2660,-0.30160,-2.82822,0.63037,0,10,0,FALLBACK,0.0210,0.100,1.0963,0,none
133.048,2661,-0.29954,-2.48573,0.78233,0,10,0,FALLBACK,-0.0126,0.100,1.0980,0,none
133.096,2662,-0.30876,-2.66729,0.63221,0,10,0,FALLBACK,0.0899,0.100,1.0998,0,none
133.148,2663,-0.31724,-2.77011,0.72428,0,10,0,FALLBACK,0.1286,0.100,1.1013,0,none
133.196,2664,-0.32035,-2.91425,0.70237,0,10,0,FALLBACK,0.1173,0.100,1.1028,0,none
133.248,2665,-0.30354,-3.05689,0.68691,0,10,0,FALLBACK,-0.0664,0.100,1.1044,0,none
133.296,2666,-0.31524,-2.94223,0.69152,0,10,0,FALLBACK,0.1347,0.100,1.1058,0,none
133.348,2667,-0.32900,-2.84503,0.67724,0,10,0,FALLBACK,0.2138,0.100,1.1069,0,none
133.399,2668,-0.33353,-3.09253,0.72360,0,10,0,FALLBACK,0.1903,0.100,1.1079,0,none
133.448,2669,-0.32944,-3.13959,0.62974,0,10,0,FALLBACK,0.1268,0.100,1.1093,0,none
133.498,2670,-0.31356,-3.20107,0.65994,0,10,0,FALLBACK,-0.0117,0.100,1.1110,0,none
133.547,2671,-0.31512,-3.09070,0.62415,0,10,0,FALLBACK,0.0835,0.100,1.1126,0,none
133.598,2672,-0.31799,-3.00275,0.64470,0,10,0,FALLBACK,0.1043,0.100,1.1141,0,none
133.648,2673,-0.31614,-3.16076,0.61959,0,10,0,FALLBACK,0.0715,0.100,1.1155,0,none
133.698,2674,-0.30272,-3.07099,0.60932,0,10,0,FALLBACK,-0.0535,0.100,1.1171,0,none
133.749,2675,-0.30478,-2.78359,0.63548,0,10,0,FALLBACK,0.0342,0.100,1.1185,0,none
133.798,2676,-0.30954,-2.83037,0.74375,0,10,0,FALLBACK,0.0715,0.100,1.1199,0,none
133.850,2677,-0.31115,-2.81595,0.72015,0,10,0,FALLBACK,0.0638,0.100,1.1213,0,none
133.900,2678,-0.30964,-2.73757,0.68515,0,10,0,FALLBACK,0.0406,0.100,1.1228,0,none
133.949,2679,-0.29949,-2.74813,0.70271,0,10,0,FALLBACK,-0.0533,0.100,1.1243,0,none
133.998,2680,-0.30920,-2.60431,0.89683,0,10,0,FALLBACK,0.0946,0.100,1.1257,0,none
134.049,2681,-0.31994,-2.61948,0.82462,0,10,0,FALLBACK,0.1534,0.100,1.1268,0,none
134.102,2682,-0.32387,-2.89795,0.66656,0,10,0,FALLBACK,0.1390,0.100,1.1279,0,none
134.150,2683,-0.31022,-2.60967,0.78862,0,10,0,FALLBACK,-0.0171,0.100,1.1292,0,none
134.202,2684,-0.31699,-2.58048,0.73143,0,10,0,FALLBACK,0.1188,0.100,1.1306,0,none
134.251,2685,-0.32477,-2.89194,0.73160,0,10,0,FALLBACK,0.1627,0.100,1.1316,0,none
134.299,2686,-0.32538,-2.99000,0.68775,0,10,0,FALLBACK,0.1300,0.100,1.1327,0,none
134.350,2687,-0.31987,-2.90490,0.69721,0,10,0,FALLBACK,0.0718,0.100,1.1340,0,none
134.401,2688,-0.30769,-3.09572,0.59881,0,10,0,FALLBACK,-0.0225,0.100,1.1355,0,none
134.451,2689,-0.30748,-3.09407,0.63766,0,10,0,FALLBACK,0.0364,0.100,1.1368,0,none
134.502,2690,-0.30867,-3.14414,0.63823,0,10,0,FALLBACK,0.0493,0.100,1.1381,0,none
134.552,2691,-0.30755,-2.99793,0.67798,0,10,0,FALLBACK,0.0322,0.100,1.1394,0,none
134.602,2692,-0.29791,-3.03586,0.62880,0,10,0,FALLBACK,-0.0586,0.100,1.1407,0,none
134.652,2693,-0.30160,-2.85423,0.68109,0,10,0,FALLBACK,0.0265,0.100,1.1420,0,none
134.700,2694,-0.30853,-3.03765,0.62439,0,10,0,FALLBACK,0.0773,0.100,1.1432,0,none
134.752,2695,-0.31371,-3.10374,0.62060,0,10,0,FALLBACK,0.0945,0.100,1.1443,0,none
134.802,2696,-0.31474,-2.75865,0.73448,0,10,0,FALLBACK,0.0788,0.100,1.1455,0,none
134.852,2697,-0.31129,-2.82304,0.68601,0,10,0,FALLBACK,0.0392,0.100,1.1467,0,none
134.902,2698,-0.31019,-2.90274,0.70599,0,10,0,FALLBACK,0.0454,0.100,1.1479,0,none
134.952,2699,-0.30824,-3.06172,0.64729,0,10,0,FALLBACK,0.0315,0.100,1.1492,0,none
135.003,2700,-0.30479,-2.89691,0.67366,0,10,0,FALLBACK,0.0067,0.100,1.1504,0,none
135.050,2701,-0.29956,-2.77353,0.66961,0,10,0,FALLBACK,-0.0283,0.100,1.1516,0,none
135.085,2702,-0.29835,-2.94119,0.62079,0,10,0,FALLBACK,-0.0143,0.100,1.1528,0,none
135.135,2703,-0.29844,-2.87649,0.65053,0,10,0,FALLBACK,-0.0074,0.100,1.1540,0,none
135.185,2704,-0.29860,-2.86915,0.67624,0,10,0,FALLBACK,-0.0062,0.100,1.1551,0,none
135.237,2705,-0.29126,-2.69027,0.69380,0,10,0,FALLBACK,-0.0804,0.100,1.1563,0,none
135.284,2706,-0.30246,-3.01050,0.67167,0,10,0,FALLBACK,0.0683,0.100,1.1573,0,none
135.337,2707,-0.31350,-2.91909,0.70443,0,10,0,FALLBACK,0.1227,0.100,1.1581,0,none
135.387,2708,-0.31855,-3.04066,0.68672,0,10,0,FALLBACK,0.1180,0.100,1.1590,0,none
135.437,2709,-0.31838,-2.94261,0.66850,0,10,0,FALLBACK,0.0911,0.100,1.1600,0,none
135.486,2710,-0.31395,-3.01699,0.61033,0,10,0,FALLBACK,0.0476,0.100,1.1612,0,none
135.537,2711,-0.31145,-3.14481,0.67242,0,10,0,FALLBACK,0.0448,0.100,1.1623,0,none
135.587,2712,-0.30783,-3.03948,0.65741,0,10,0,FALLBACK,0.0211,0.100,1.1634,0,none
135.637,2713,-0.30313,-3.03929,0.61246,0,10,0,FALLBACK,-0.0078,0.100,1.1645,0,none
135.687,2714,-0.29495,-3.02170,0.64609,0,10,0,FALLBACK,-0.0662,0.100,1.1655,0,none
135.737,2715,-0.29994,-2.85869,0.61419,0,10,0,FALLBACK,0.0247,0.100,1.1665,0,none
135.789,2716,-0.30582,-3.05938,0.64112,0,10,0,FALLBACK,0.0585,0.100,1.1675,0,none
135.836,2717,-0.30901,-2.99685,0.67628,0,10,0,FALLBACK,0.0610,0.100,1.1684,0,none
135.886,2718,-0.29819,-2.86100,0.66700,0,10,0,FALLBACK,-0.0631,0.100,1.1694,0,none
135.935,2719,-0.31329,-2.86278,0.70029,0,10,0,FALLBACK,0.1419,0.100,1.1702,0,none
135.987,2720,-0.32664,-2.38462,0.89282,0,10,0,FALLBACK,0.2000,0.100,1.1705,0,none
136.036,2721,-0.33022,-2.87101,0.67499,0,10,0,FALLBACK,0.1690,0.100,1.1710,0,none
136.088,2722,-0.31552,-2.81019,0.65446,0,10,0,FALLBACK,0.0041,0.100,1.1719,0,none
136.135,2723,-0.31984,-2.89129,0.63899,0,10,0,FALLBACK,0.1208,0.100,1.1728,0,none
136.187,2724,-0.32297,-2.94341,0.66461,0,10,0,FALLBACK,0.1305,0.100,1.1735,0,none
136.238,2725,-0.31973,-2.88647,0.70002,0,10,0,FALLBACK,0.0824,0.100,1.1743,0,none
136.287,2726,-0.31264,-2.81907,0.64700,0,10,0,FALLBACK,0.0277,0.100,1.1753,0,none
136.337,2727,-0.29933,-2.59440,0.72088,0,10,0,FALLBACK,-0.0699,0.100,1.1763,0,none
136.388,2728,-0.30722,-2.80417,0.70351,0,10,0,FALLBACK,0.0756,0.100,1.1771,0,none
136.438,2729,-0.31498,-2.65237,0.79199,0,10,0,FALLBACK,0.1137,0.100,1.1777,0,none
136.489,2730,-0.31694,-2.73091,0.76527,0,10,0,FALLBACK,0.0945,0.100,1.1785,0,none
136.537,2731,-0.30288,-2.66700,0.80289,0,10,0,FALLBACK,-0.0559,0.100,1.1793,0,none
136.587,2732,-0.31765,-2.67687,0.86453,0,10,0,FALLBACK,0.1621,0.100,1.1801,0,none
136.637,2733,-0.33311,-2.73488,0.75628,0,10,0,FALLBACK,0.2429,0.100,1.1802,0,none
136.687,2734,-0.33748,-2.69089,0.75128,0,10,0,FALLBACK,0.2092,0.100,1.1803,0,none
136.738,2735,-0.31652,-2.79528,0.75027,0,10,0,FALLBACK,-0.0222,0.100,1.1809,0,none
136.788,2736,-0.32612,-2.73921,0.74435,0,10,0,FALLBACK,0.1787,0.100,1.1816,0,none
136.838,2737,-0.33403,-2.72769,0.76718,0,10,0,FALLBACK,0.2097,0.100,1.1817,0,none
136.888,2738,-0.33149,-2.87437,0.75582,0,10,0,FALLBACK,0.1447,0.100,1.1821,0,none
136.938,2739,-0.32199,-2.86365,0.68484,0,10,0,FALLBACK,0.0625,0.100,1.1830,0,none
136.987,2740,-0.30625,-2.86462,0.69897,0,10,0,FALLBACK,-0.0475,0.100,1.1840,0,none
137.038,2741,-0.32046,-2.89858,0.76785,0,10,0,FALLBACK,0.1733,0.100,1.1848,0,none
137.088,2742,-0.33152,-2.74598,0.79267,0,10,0,FALLBACK,0.2129,0.100,1.1846,0,none
137.138,2743,-0.33183,-2.91820,0.68996,0,10,0,FALLBACK,0.1607,0.100,1.1850,0,none
137.191,2744,-0.31703,-2.89103,0.66729,0,10,0,FALLBACK,0.0112,0.100,1.1858,0,none
137.239,2745,-0.32709,-2.52644,0.80536,0,10,0,FALLBACK,0.1858,0.100,1.1867,0,none
137.290,2746,-0.33365,-2.91975,0.71950,0,10,0,FALLBACK,0.2011,0.100,1.1867,0,none
137.338,2747,-0.33012,-3.05127,0.72054,0,10,0,FALLBACK,0.1329,0.100,1.1872,0,none
137.389,2748,-0.31305,-2.94631,0.69563,0,10,0,FALLBACK,-0.0201,0.100,1.1881,0,none
137.440,2749,-0.31475,-2.72700,0.67787,0,10,0,FALLBACK,0.0822,0.100,1.1889,0,none
137.488,2750,-0.31630,-2.94811,0.74123,0,10,0,FALLBACK,0.0893,0.100,1.1895,0,none
137.539,2751,-0.31325,-2.98077,0.73824,0,10,0,FALLBACK,0.0510,0.100,1.1902,0,none
137.590,2752,-0.30178,-3.03264,0.68495,0,10,0,FALLBACK,-0.0484,0.100,1.1910,0,none
137.638,2753,-0.30401,-3.05371,0.69272,0,10,0,FALLBACK,0.0312,0.100,1.1917,0,none
137.690,2754,-0.30724,-3.01932,0.68706,0,10,0,FALLBACK,0.0523,0.100,1.1924,0,none
137.741,2755,-0.30762,-3.04338,0.69425,0,10,0,FALLBACK,0.0400,0.100,1.1931,0,none
137.790,2756,-0.29889,-3.07193,0.65650,0,10,0,FALLBACK,-0.0492,0.100,1.1939,0,none
137.842,2757,-0.30491,-2.98791,0.69561,0,10,0,FALLBACK,0.0546,0.100,1.1946,0,none
137.891,2758,-0.31117,-3.00263,0.71917,0,10,0,FALLBACK,0.0871,0.100,1.1952,0,none
137.940,2759,-0.31307,-3.01650,0.69149,0,10,0,FALLBACK,0.0749,0.100,1.1958,0,none
137.992,2760,-0.31144,-3.05653,0.66728,0,10,0,FALLBACK,0.0491,0.100,1.1965,0,none
138.039,2761,-0.30655,-2.99127,0.65259,0,10,0,FALLBACK,0.0083,0.100,1.1973,0,none
138.089,2762,-0.30692,-3.06945,0.68136,0,10,0,FALLBACK,0.0364,0.100,1.1980,0,none
138.140,2763,-0.30668,-3.04228,0.69101,0,10,0,FALLBACK,0.0323,0.100,1.1987,0,none
138.189,2764,-0.30472,-3.02855,0.67937,0,10,0,FALLBACK,0.0138,0.100,1.1994,0,none
138.242,2765,-0.30148,-3.04653,0.71965,0,10,0,FALLBACK,-0.0088,0.100,1.2001,0,none
138.289,2766,-0.30038,-2.95074,0.70298,0,10,0,FALLBACK,-0.0036,0.100,1.2008,0,none
138.341,2767,-0.29971,-2.99454,0.68128,0,10,0,FALLBACK,-0.0048,0.100,1.2015,0,none
138.392,2768,-0.29914,-2.86484,0.68621,0,10,0,FALLBACK,-0.0071,0.100,1.2022,0,none
138.441,2769,-0.29657,-2.92178,0.68180,0,10,0,FALLBACK,-0.0300,0.100,1.2029,0,none
138.492,2770,-0.30111,-3.12375,0.64493,0,10,0,FALLBACK,0.0283,0.100,1.2035,0,none
138.541,2771,-0.30552,-3.02937,0.68831,0,10,0,FALLBACK,0.0496,0.100,1.2041,0,none
138.591,2772,-0.30783,-3.16839,0.69845,0,10,0,FALLBACK,0.0507,0.100,1.2048,0,none
138.640,2773,-0.31119,-3.20952,0.66145,0,10,0,FALLBACK,0.0727,0.100,1.2054,0,none
138.691,2774,-0.30451,-3.25319,0.68843,0,10,0,FALLBACK,-0.0108,0.100,1.2060,0,none
138.742,2775,-0.29536,-3.32513,0.68364,0,10,0,FALLBACK,-0.0690,0.100,1.2065,0,none
138.791,2776,-0.28925,-3.18979,0.65062,0,10,0,FALLBACK,-0.0843,0.100,1.2071,0,none
138.841,2777,-0.29304,-3.16373,0.69989,0,10,0,FALLBACK,-0.0158,0.100,1.2077,0,none
138.892,2778,-0.28597,-3.15188,0.68730,0,10,0,FALLBACK,-0.1055,0.100,1.2083,0,none
138.941,2779,-0.28113,-3.20864,0.66026,0,10,0,FALLBACK,-0.1185,0.100,1.2087,0,none
138.991,2780,-0.28199,-2.97636,0.67587,0,10,0,FALLBACK,-0.0858,0.100,1.2092,0,none
139.041,2781,-0.28831,-2.94005,0.67275,0,10,0,FALLBACK,-0.0268,0.100,1.2098,0,none
139.090,2782,-0.29349,-3.02866,0.67400,0,10,0,FALLBACK,-0.0066,0.100,1.2104,0,none
139.141,2783,-0.29842,-2.95412,0.69416,0,10,0,FALLBACK,0.0167,0.100,1.2110,0,none
139.192,2784,-0.30270,-2.98310,0.68131,0,10,0,FALLBACK,0.0349,0.100,1.2115,0,none
139.243,2785,-0.30562,-2.98839,0.67552,0,10,0,FALLBACK,0.0427,0.100,1.2121,0,none
139.292,2786,-0.30761,-3.05245,0.65532,0,10,0,FALLBACK,0.0480,0.100,1.2126,0,none
139.344,2787,-0.29901,-3.16724,0.61903,0,10,0,FALLBACK,-0.0480,0.100,1.2132,0,none
139.394,2788,-0.29097,-3.14093,0.61074,0,10,0,FALLBACK,-0.0853,0.100,1.2136,0,none
139.441,2789,-0.28716,-3.21970,0.60981,0,10,0,FALLBACK,-0.0832,0.100,1.2141,0,none
139.492,2790,-0.29046,-3.15216,0.63210,0,10,0,FALLBACK,-0.0313,0.100,1.2146,0,none
139.543,2791,-0.27800,-3.21077,0.62159,0,10,0,FALLBACK,-0.1723,0.100,1.2152,0,none
139.593,2792,-0.27016,-3.40832,0.61113,0,10,0,FALLBACK,-0.1884,0.100,1.2151,0,none
139.646,2793,-0.27168,-3.29360,0.64373,0,10,0,FALLBACK,-0.1340,0.100,1.2154,0,none
139.696,2794,-0.28601,-3.26271,0.61435,0,10,0,FALLBACK,0.0017,0.100,1.2160,0,none
139.747,2795,-0.27485,-3.27008,0.63827,0,10,0,FALLBACK,-0.1816,0.100,1.2164,0,none
139.796,2796,-0.26511,-3.40695,0.62403,0,10,0,FALLBACK,-0.2232,0.100,1.2162,0,none
139.846,2797,-0.26637,-3.34819,0.62929,0,10,0,FALLBACK,-0.1618,0.100,1.2163,0,none
139.894,2798,-0.28769,-3.35090,0.60706,0,10,0,FALLBACK,0.0450,0.100,1.2167,0,none
139.946,2799,-0.27220,-3.29549,0.61524,0,10,0,FALLBACK,-0.2164,0.100,1.2169,0,none
139.995,2800,-0.25637,-3.34539,0.58201,0,10,0,FALLBACK,-0.2973,0.100,1.2162,0,none
140.044,2801,-0.25484,-3.37385,0.59505,0,10,0,FALLBACK,-0.2335,0.100,1.2157,0,none
140.097,2802,-0.27822,-3.36860,0.61706,0,10,0,FALLBACK,0.0080,0.100,1.2161,0,none
140.148,2803,-0.26814,-3.29522,0.59186,0,10,0,FALLBACK,-0.2097,0.100,1.2164,0,none
140.197,2804,-0.25784,-3.25398,0.57399,0,10,0,FALLBACK,-0.2623,0.100,1.2159,0,none
140.248,2805,-0.26036,-3.16198,0.57890,0,10,0,FALLBACK,-0.1856,0.100,1.2157,0,none
140.297,2806,-0.28875,-3.03016,0.64335,0,10,0,FALLBACK,0.0857,0.100,1.2161,0,none
140.347,2807,-0.27803,-3.05033,0.62234,0,10,0,FALLBACK,-0.1634,0.100,1.2160,0,none
140.398,2808,-0.26386,-3.27689,0.56129,0,10,0,FALLBACK,-0.2515,0.100,1.2156,0,none
140.447,2809,-0.26095,-3.37436,0.56584,0,10,0,FALLBACK,-0.2098,0.100,1.2154,0,none
140.497,2810,-0.28825,-3.10477,0.55827,0,10,0,FALLBACK,0.0777,0.100,1.2156,0,none
140.548,2811,-0.27089,-3.11709,0.57897,0,10,0,FALLBACK,-0.2324,0.100,1.2155,0,none
140.598,2812,-0.24656,-3.34831,0.52074,0,10,0,FALLBACK,-0.3888,0.100,1.2150,0,none
140.648,2813,-0.23581,-3.43964,0.50384,0,10,0,FALLBACK,-0.3748,0.100,1.2136,0,none
140.699,2814,-0.26886,-3.41868,0.56355,0,10,0,FALLBACK,0.0096,0.100,1.2127,0,none
140.749,2815,-0.25859,-3.45159,0.53920,0,10,0,FALLBACK,-0.2584,0.100,1.2126,0,none
140.797,2816,-0.24755,-3.38891,0.56672,0,10,0,FALLBACK,-0.3174,0.100,1.2118,0,none
140.851,2817,-0.25098,-3.29533,0.54175,0,10,0,FALLBACK,-0.2279,0.100,1.2114,0,none
140.899,2818,-0.29187,-3.17839,0.58412,0,10,0,FALLBACK,0.1637,0.100,1.2119,0,none
140.951,2819,-0.27850,-3.33377,0.52915,0,10,0,FALLBACK,-0.1743,0.100,1.2107,0,none
141.002,2820,-0.25814,-3.26289,0.53617,0,10,0,FALLBACK,-0.3111,0.100,1.2097,0,none
141.051,2821,-0.25267,-3.54165,0.48699,0,10,0,FALLBACK,-0.2640,0.100,1.2089,0,none
141.100,2822,-0.29385,-3.37412,0.54051,0,10,0,FALLBACK,0.1751,0.100,1.2091,0,none
141.152,2823,-0.26955,-3.15450,0.50859,0,10,0,FALLBACK,-0.2738,0.100,1.2077,0,none
141.200,2824,-0.23920,-3.26451,0.50573,0,10,0,FALLBACK,-0.4557,0.100,1.2053,0,none
141.250,2825,-0.23055,-3.24011,0.48903,0,10,0,FALLBACK,-0.3905,0.100,1.2030,0,none
141.301,2826,-0.27161,-3.15826,0.52573,0,10,0,FALLBACK,0.0633,0.100,1.2029,0,none
141.350,2827,-0.26208,-3.02088,0.56154,0,10,0,FALLBACK,-0.2372,0.100,1.2023,0,none
141.401,2828,-0.24775,-3.11407,0.52266,0,10,0,FALLBACK,-0.3330,0.100,1.2014,0,none
141.451,2829,-0.24936,-3.17994,0.53061,0,10,0,FALLBACK,-0.2452,0.100,1.2007,0,none
141.483,2830,-0.26468,-3.08592,0.58067,0,10,0,FALLBACK,-0.1000,0.100,1.2013,0,none
141.534,2831,-0.28930,-2.97570,0.61265,0,10,0,FALLBACK,0.0696,0.100,1.2021,0,none
141.586,2832,-0.27714,-3.15653,0.56789,0,10,0,FALLBACK,-0.1751,0.100,1.2024,0,none
141.637,2833,-0.26713,-3.30179,0.54340,0,10,0,FALLBACK,-0.2144,0.100,1.2021,0,none
141.685,2834,-0.26850,-3.30075,0.53259,0,10,0,FALLBACK,-0.1506,0.100,1.2023,0,none
141.738,2835,-0.28738,-3.18946,0.53590,0,10,0,FALLBACK,0.0313,0.100,1.2030,0,none
141.787,2836,-0.26177,-3.56539,0.49907,0,10,0,FALLBACK,-0.3192,0.100,1.2034,0,none
141.836,2837,-0.24300,-3.61599,0.49108,0,10,0,FALLBACK,-0.3788,0.100,1.2013,0,none
141.887,2838,-0.24360,-3.27642,0.52558,0,10,0,FALLBACK,-0.2790,0.100,1.2007,0,none
141.936,2839,-0.27297,-3.28656,0.52919,0,10,0,FALLBACK,0.0117,0.100,1.2014,0,none
141.987,2840,-0.25050,-3.28932,0.52483,0,10,0,FALLBACK,-0.3599,0.100,1.2017,0,none
142.038,2841,-0.23480,-3.23958,0.49418,0,10,0,FALLBACK,-0.4045,0.100,1.1991,0,none
142.085,2842,-0.23998,-3.22662,0.55414,0,10,0,FALLBACK,-0.2742,0.100,1.1985,0,none
142.137,2843,-0.27462,-3.29971,0.56867,0,10,0,FALLBACK,0.0463,0.100,1.1994,0,none
142.186,2844,-0.26270,-3.16812,0.58603,0,10,0,FALLBACK,-0.2461,0.100,1.1994,0,none
142.237,2845,-0.25323,-3.21815,0.56020,0,10,0,FALLBACK,-0.2812,0.100,1.1984,0,none
142.288,2846,-0.25851,-3.18243,0.56779,0,10,0,FALLBACK,-0.1810,0.100,1.1985,0,none
142.337,2847,-0.29264,-3.12471,0.56483,0,10,0,FALLBACK,0.1338,0.100,1.1993,0,none
142.388,2848,-0.27440,-3.12294,0.60145,0,10,0,FALLBACK,-0.2192,0.100,1.1987,0,none
142.439,2849,-0.25707,-3.28144,0.55221,0,10,0,FALLBACK,-0.3013,0.100,1.1975,0,none
142.488,2850,-0.25562,-3.28194,0.56637,0,10,0,FALLBACK,-0.2291,0.100,1.1972,0,none
142.537,2851,-0.28935,-3.21328,0.57481,0,10,0,FALLBACK,0.1154,0.100,1.1979,0,none
142.587,2852,-0.26792,-3.25767,0.59878,0,10,0,FALLBACK,-0.2676,0.100,1.1973,0,none
142.636,2853,-0.24432,-3.25367,0.51717,0,10,0,FALLBACK,-0.3964,0.100,1.1957,0,none
142.686,2854,-0.24013,-3.29981,0.58111,0,10,0,FALLBACK,-0.3202,0.100,1.1945,0,none
142.737,2855,-0.27444,-3.21138,0.57036,0,10,0,FALLBACK,0.0437,0.100,1.1948,0,none
142.786,2856,-0.26988,-3.24589,0.58640,0,10,0,FALLBACK,-0.1734,0.100,1.1948,0,none
142.840,2857,-0.26361,-3.32125,0.57857,0,10,0,FALLBACK,-0.2133,0.100,1.1948,0,none
142.889,2858,-0.26804,-3.34800,0.60738,0,10,0,FALLBACK,-0.1377,0.100,1.1951,0,none
142.937,2859,-0.27949,-3.28337,0.60647,0,10,0,FALLBACK,-0.0453,0.100,1.1959,0,none
142.988,2860,-0.29534,-3.34219,0.61298,0,10,0,FALLBACK,0.0560,0.100,1.1967,0,none
143.037,2861,-0.28881,-3.19088,0.61236,0,10,0,FALLBACK,-0.0886,0.100,1.1972,0,none
143.088,2862,-0.28279,-3.27505,0.57780,0,10,0,FALLBACK,-0.1161,0.100,1.1976,0,none
143.137,2863,-0.28291,-3.27414,0.61206,0,10,0,FALLBACK,-0.0848,0.100,1.1982,0,none
143.188,2864,-0.29211,-3.33189,0.63880,0,10,0,FALLBACK,0.0065,0.100,1.1989,0,none
143.238,2865,-0.28018,-3.05008,0.62183,0,10,0,FALLBACK,-0.1587,0.100,1.1996,0,none
143.288,2866,-0.27156,-3.12595,0.61374,0,10,0,FALLBACK,-0.1853,0.100,1.1997,0,none
143.338,2867,-0.27214,-3.24624,0.57948,0,10,0,FALLBACK,-0.1364,0.100,1.2001,0,none
143.388,2868,-0.28985,-3.18174,0.60902,0,10,0,FALLBACK,0.0378,0.100,1.2008,0,none
143.440,2869,-0.27229,-3.19671,0.61577,0,10,0,FALLBACK,-0.2264,0.100,1.2012,0,none
143.489,2870,-0.25872,-3.12583,0.60558,0,10,0,FALLBACK,-0.2743,0.100,1.2004,0,none
143.538,2871,-0.25907,-3.11787,0.61404,0,10,0,FALLBACK,-0.2029,0.100,1.2004,0,none
143.589,2872,-0.28509,-3.27694,0.60286,0,10,0,FALLBACK,0.0556,0.100,1.2011,0,none
143.640,2873,-0.26671,-3.42291,0.53285,0,10,0,FALLBACK,-0.2583,0.100,1.2013,0,none
143.689,2874,-0.25199,-3.43651,0.54787,0,10,0,FALLBACK,-0.3137,0.100,1.2000,0,none
143.739,2875,-0.25343,-3.48078,0.60500,0,10,0,FALLBACK,-0.2256,0.100,1.1998,0,none
143.791,2876,-0.28094,-3.32711,0.62286,0,10,0,FALLBACK,0.0422,0.100,1.2005,0,none
143.840,2877,-0.27177,-3.33643,0.62583,0,10,0,FALLBACK,-0.1870,0.100,1.2007,0,none
143.889,2878,-0.26398,-3.45027,0.61429,0,10,0,FALLBACK,-0.2191,0.100,1.2004,0,none
143.939,2879,-0.26759,-3.45464,0.63961,0,10,0,FALLBACK,-0.1440,0.100,1.2007,0,none
143.990,2880,-0.29998,-3.49277,0.64941,0,10,0,FALLBACK,0.1619,0.100,1.2014,0,none
144.039,2881,-0.28097,-3.58852,0.54715,0,10,0,FALLBACK,-0.1902,0.100,1.2006,0,none
144.093,2882,-0.26185,-3.62254,0.59605,0,10,0,FALLBACK,-0.2863,0.100,1.1996,0,none
144.142,2883,-0.25783,-3.64416,0.56963,0,10,0,FALLBACK,-0.2309,0.100,1.1993,0,none
144.192,2884,-0.29112,-3.41002,0.64065,0,10,0,FALLBACK,0.1220,0.100,1.1999,0,none
144.240,2885,-0.26979,-3.51188,0.58916,0,10,0,FALLBACK,-0.2577,0.100,1.1992,0,none
144.292,2886,-0.25019,-3.41860,0.60767,0,10,0,FALLBACK,-0.3471,0.100,1.1975,0,none
144.339,2887,-0.24862,-3.31321,0.65264,0,10,0,FALLBACK,-0.2648,0.100,1.1969,0,none
144.391,2888,-0.25982,-3.36068,0.66282,0,10,0,FALLBACK,-0.1449,0.100,1.1976,0,none
144.442,2889,-0.27978,-3.18306,0.65313,0,10,0,FALLBACK,-0.0013,0.100,1.1985,0,none
144.491,2890,-0.27577,-3.18643,0.64069,0,10,0,FALLBACK,-0.1412,0.100,1.1992,0,none
144.542,2891,-0.27388,-3.18061,0.68182,0,10,0,FALLBACK,-0.1400,0.100,1.1994,0,none
144.591,2892,-0.27941,-3.15581,0.68608,0,10,0,FALLBACK,-0.0753,0.100,1.2000,0,none
144.641,2893,-0.29477,-3.01899,0.71409,0,10,0,FALLBACK,0.0506,0.100,1.2007,0,none
144.692,2894,-0.28940,-3.17013,0.64093,0,10,0,FALLBACK,-0.0798,0.100,1.2012,0,none
144.743,2895,-0.28113,-3.39289,0.68049,0,10,0,FALLBACK,-0.1357,0.100,1.2016,0,none
144.790,2896,-0.27818,-3.49672,0.65440,0,10,0,FALLBACK,-0.1239,0.100,1.2021,0,none
144.842,2897,-0.29074,-3.40965,0.64021,0,10,0,FALLBACK,0.0165,0.100,1.2027,0,none
144.892,2898,-0.27256,-3.62765,0.63419,0,10,0,FALLBACK,-0.2280,0.100,1.2032,0,none
144.943,2899,-0.25907,-3.55268,0.62335,0,10,0,FALLBACK,-0.2721,0.100,1.2026,0,none
144.995,2900,-0.25921,-3.37465,0.64289,0,10,0,FALLBACK,-0.2032,0.100,1.2026,0,none
145.042,2901,-0.27942,-3.52641,0.64283,0,10,0,FALLBACK,-0.0019,0.100,1.2032,0,none
145.093,2902,-0.27154,-3.41907,0.64869,0,10,0,FALLBACK,-0.1817,0.100,1.2038,0,none
145.144,2903,-0.26622,-3.45894,0.63411,0,10,0,FALLBACK,-0.1955,0.100,1.2037,0,none
145.195,2904,-0.27095,-3.36058,0.63950,0,10,0,FALLBACK,-0.1216,0.100,1.2040,0,none
145.244,2905,-0.29364,-3.30355,0.65951,0,10,0,FALLBACK,0.0817,0.100,1.2048,0,none
145.296,2906,-0.28492,-3.35152,0.67964,0,10,0,FALLBACK,-0.1190,0.100,1.2049,0,none
145.344,2907,-0.27602,-3.07303,0.66304,0,10,0,FALLBACK,-0.1644,0.100,1.2050,0,none
145.394,2908,-0.27574,-3.27310,0.66890,0,10,0,FALLBACK,-0.1227,0.100,1.2053,0,none
145.444,2909,-0.29207,-3.33191,0.65747,0,10,0,FALLBACK,0.0421,0.100,1.2059,0,none
145.493,2910,-0.28465,-3.24601,0.65671,0,10,0,FALLBACK,-0.1139,0.100,1.2063,0,none
145.543,2911,-0.27780,-3.16244,0.66149,0,10,0,FALLBACK,-0.1453,0.100,1.2065,0,none
145.593,2912,-0.27843,-3.14706,0.64521,0,10,0,FALLBACK,-0.1047,0.100,1.2070,0,none
145.644,2913,-0.29090,-2.95937,0.72243,0,10,0,FALLBACK,0.0169,0.100,1.2076,0,none
145.696,2914,-0.28987,-3.12963,0.70915,0,10,0,FALLBACK,-0.0558,0.100,1.2081,0,none
145.743,2915,-0.28860,-3.19189,0.71380,0,10,0,FALLBACK,-0.0633,0.100,1.2086,0,none
145.796,2916,-0.29065,-3.33643,0.72160,0,10,0,FALLBACK,-0.0365,0.100,1.2092,0,none
145.845,2917,-0.29493,-3.28515,0.73422,0,10,0,FALLBACK,-0.0040,0.100,1.2098,0,none
145.897,2918,-0.30001,-3.18070,0.71165,0,10,0,FALLBACK,0.0255,0.100,1.2104,0,none
145.946,2919,-0.30057,-3.28559,0.73621,0,10,0,FALLBACK,0.0056,0.100,1.2110,0,none
145.994,2920,-0.29998,-3.25550,0.74290,0,10,0,FALLBACK,-0.0030,0.100,1.2115,0,none
146.046,2921,-0.29961,-3.35913,0.70467,0,10,0,FALLBACK,-0.0038,0.100,1.2121,0,none
146.097,2922,-0.29872,-3.34297,0.72376,0,10,0,FALLBACK,-0.0109,0.100,1.2127,0,none
146.146,2923,-0.30268,-3.26164,0.71285,0,10,0,FALLBACK,0.0332,0.100,1.2133,0,none
146.197,2924,-0.30642,-3.28194,0.69538,0,10,0,FALLBACK,0.0508,0.100,1.2138,0,none
146.246,2925,-0.30791,-3.30574,0.70280,0,10,0,FALLBACK,0.0470,0.100,1.2143,0,none
146.296,2926,-0.30521,-3.28790,0.70774,0,10,0,FALLBACK,0.0126,0.100,1.2148,0,none
146.344,2927,-0.30916,-3.20851,0.68073,0,10,0,FALLBACK,0.0655,0.100,1.2154,0,none
146.396,2928,-0.31215,-3.21192,0.67905,0,10,0,FALLBACK,0.0757,0.100,1.2159,0,none
146.447,2929,-0.31157,-3.24009,0.69165,0,10,0,FALLBACK,0.0549,0.100,1.2163,0,none
146.497,2930,-0.30563,-3.28096,0.68716,0,10,0,FALLBACK,-0.0016,0.100,1.2169,0,none
146.547,2931,-0.30653,-3.32041,0.68971,0,10,0,FALLBACK,0.0371,0.100,1.2174,0,none
146.598,2932,-0.30766,-2.98792,0.74288,0,10,0,FALLBACK,0.0440,0.100,1.2179,0,none
146.648,2933,-0.30671,-3.21501,0.72802,0,10,0,FALLBACK,0.0288,0.100,1.2184,0,none
146.698,2934,-0.29696,-3.20129,0.73594,0,10,0,FALLBACK,-0.0639,0.100,1.2189,0,none
146.745,2935,-0.30649,-3.02217,0.70796,0,10,0,FALLBACK,0.0801,0.100,1.2193,0,none
146.796,2936,-0.31868,-3.11215,0.77301,0,10,0,FALLBACK,0.1544,0.100,1.2195,0,none
146.848,2937,-0.32446,-3.13965,0.74657,0,10,0,FALLBACK,0.1512,0.100,1.2196,0,none
146.899,2938,-0.31338,-3.07176,0.74244,0,10,0,FALLBACK,0.0115,0.100,1.2199,0,none
146.950,2939,-0.32123,-3.10644,0.78518,0,10,0,FALLBACK,0.1454,0.100,1.2203,0,none
147.000,2940,-0.32835,-3.07198,0.73590,0,10,0,FALLBACK,0.1774,0.100,1.2204,0,none
147.048,2941,-0.32698,-3.23966,0.72343,0,10,0,FALLBACK,0.1281,0.100,1.2205,0,none
147.097,2942,-0.30548,-3.23277,0.74377,0,10,0,FALLBACK,-0.0801,0.100,1.2209,0,none
147.148,2943,-0.31081,-3.15649,0.73520,0,10,0,FALLBACK,0.0807,0.100,1.2210,0,none
147.199,2944,-0.32000,-3.13465,0.76210,0,10,0,FALLBACK,0.1460,0.100,1.2212,0,none
147.249,2945,-0.32244,-3.17043,0.73908,0,10,0,FALLBACK,0.1243,0.100,1.2213,0,none
147.298,2946,-0.30143,-3.18128,0.74585,0,10,0,FALLBACK,-0.0979,0.100,1.2216,0,none
147.348,2947,-0.31455,-3.02767,0.77423,0,10,0,FALLBACK,0.1384,0.100,1.2216,0,none
147.398,2948,-0.33090,-2.98654,0.74465,0,10,0,FALLBACK,0.2362,0.100,1.2213,0,none
147.448,2949,-0.33628,-3.03252,0.77023,0,10,0,FALLBACK,0.2083,0.100,1.2209,0,none
147.498,2950,-0.30472,-2.98784,0.75942,0,10,0,FALLBACK,-0.1342,0.100,1.2211,0,none
147.548,2951,-0.32235,-3.11764,0.73495,0,10,0,FALLBACK,0.1999,0.100,1.2204,0,none
147.598,2952,-0.34485,-2.92892,0.78597,0,10,0,FALLBACK,0.3367,0.100,1.2193,0,none
147.650,2953,-0.35141,-2.93844,0.79172,0,10,0,FALLBACK,0.2899,0.100,1.2180,0,none
147.700,2954,-0.34239,-2.99899,0.78702,0,10,0,FALLBACK,0.1669,0.100,1.2180,0,none
147.752,2955,-0.32008,-3.08370,0.75987,0,10,0,FALLBACK,-0.0112,0.100,1.2187,0,none
147.799,2956,-0.32581,-2.89104,0.77077,0,10,0,FALLBACK,0.1577,0.100,1.2192,0,none
147.848,2957,-0.33183,-3.03491,0.76721,0,10,0,FALLBACK,0.1893,0.100,1.2192,0,none
147.899,2958,-0.32827,-2.88659,0.77299,0,10,0,FALLBACK,0.1236,0.100,1.2192,0,none
147.951,2959,-0.31102,-3.01109,0.71975,0,10,0,FALLBACK,-0.0311,0.100,1.2197,0,none
148.000,2960,-0.31975,-3.06584,0.71863,0,10,0,FALLBACK,0.1424,0.100,1.2201,0,none
148.050,2961,-0.32906,-3.01603,0.76714,0,10,0,FALLBACK,0.1919,0.100,1.2201,0,none
148.099,2962,-0.32907,-3.10217,0.72553,0,10,0,FALLBACK,0.1454,0.100,1.2201,0,none
148.148,2963,-0.31244,-2.98596,0.74189,0,10,0,FALLBACK,-0.0209,0.100,1.2205,0,none
148.199,2964,-0.32215,-3.00040,0.72777,0,10,0,FALLBACK,0.1593,0.100,1.2209,0,none
148.248,2965,-0.33206,-3.08270,0.74955,0,10,0,FALLBACK,0.2098,0.100,1.2207,0,none
148.300,2966,-0.33183,-3.09827,0.75526,0,10,0,FALLBACK,0.1580,0.100,1.2207,0,none
148.348,2967,-0.30983,-2.98594,0.75459,0,10,0,FALLBACK,-0.0609,0.100,1.2210,0,none
148.399,2968,-0.32265,-2.95819,0.77412,0,10,0,FALLBACK,0.1774,0.100,1.2212,0,none
148.450,2969,-0.33708,-3.03462,0.74050,0,10,0,FALLBACK,0.2576,0.100,1.2208,0,none
148.499,2970,-0.33915,-3.05932,0.71027,0,10,0,FALLBACK,0.2061,0.100,1.2203,0,none
148.551,2971,-0.31972,-3.07446,0.69737,0,10,0,FALLBACK,0.0015,0.100,1.2206,0,none
148.601,2972,-0.32169,-3.06109,0.67124,0,10,0,FALLBACK,0.1183,0.100,1.2210,0,none
148.651,2973,-0.32649,-2.87147,0.72384,0,10,0,FALLBACK,0.1565,0.100,1.2214,0,none
148.699,2974,-0.32518,-2.89475,0.72226,0,10,0,FALLBACK,0.1194,0.100,1.2215,0,none
148.735,2975,-0.30448,-3.14415,0.68267,0,10,0,FALLBACK,-0.0811,0.100,1.2218,0,none
148.785,2976,-0.31002,-2.92222,0.71427,0,10,0,FALLBACK,0.0778,0.100,1.2219,0,none
148.836,2977,-0.31762,-3.08066,0.72621,0,10,0,FALLBACK,0.1261,0.100,1.2221,0,none
148.884,2978,-0.31874,-3.13336,0.75985,0,10,0,FALLBACK,0.0993,0.100,1.2223,0,none
148.935,2979,-0.29371,-3.07173,0.70761,0,10,0,FALLBACK,-0.1566,0.100,1.2227,0,none
148.986,2980,-0.31658,-3.12779,0.70457,0,10,0,FALLBACK,0.1973,0.100,1.2222,0,none
149.035,2981,-0.33865,-3.08108,0.67630,0,10,0,FALLBACK,0.3036,0.100,1.2207,0,none
149.084,2982,-0.34481,-3.03212,0.75139,0,10,0,FALLBACK,0.2549,0.100,1.2198,0,none
149.137,2983,-0.31996,-3.14693,0.69167,0,10,0,FALLBACK,-0.0244,0.100,1.2201,0,none
149.187,2984,-0.32664,-2.97354,0.73085,0,10,0,FALLBACK,0.1665,0.100,1.2203,0,none
149.236,2985,-0.33323,-3.09830,0.69031,0,10,0,FALLBACK,0.1991,0.100,1.2201,0,none
149.284,2986,-0.32969,-3.03602,0.69909,0,10,0,FALLBACK,0.1308,0.100,1.2202,0,none
149.336,2987,-0.31930,-3.14520,0.66329,0,10,0,FALLBACK,0.0446,0.100,1.2207,0,none
149.387,2988,-0.30349,-2.95531,0.68486,0,10,0,FALLBACK,-0.0616,0.100,1.2213,0,none
149.435,2989,-0.31440,-3.05444,0.67171,0,10,0,FALLBACK,0.1265,0.100,1.2217,0,none
149.486,2990,-0.32372,-2.95785,0.69616,0,10,0,FALLBACK,0.1652,0.100,1.2215,0,none
149.535,2991,-0.32434,-2.98464,0.66344,0,10,0,FALLBACK,0.1248,0.100,1.2216,0,none
149.586,2992,-0.31396,-3.00597,0.65886,0,10,0,FALLBACK,0.0179,0.100,1.2221,0,none
149.635,2993,-0.32419,-2.97105,0.67755,0,10,0,FALLBACK,0.1721,0.100,1.2226,0,none
149.687,2994,-0.33056,-2.97565,0.66382,0,10,0,FALLBACK,0.1847,0.100,1.2224,0,none
149.737,2995,-0.32752,-3.00416,0.67241,0,10,0,FALLBACK,0.1223,0.100,1.2225,0,none
149.788,2996,-0.31132,-2.87978,0.67001,0,10,0,FALLBACK,-0.0244,0.100,1.2230,0,none
149.836,2997,-0.32024,-2.92462,0.69917,0,10,0,FALLBACK,0.1458,0.100,1.2234,0,none
149.887,2998,-0.32704,-3.06221,0.70087,0,10,0,FALLBACK,0.1692,0.100,1.2233,0,none
149.938,2999,-0.32500,-3.09938,0.68384,0,10,0,FALLBACK,0.1149,0.100,1.2234,0,none
149.988,3000,-0.30777,-2.95309,0.71825,0,10,0,FALLBACK,-0.0473,0.100,1.2239,0,none
150.039,3001,-0.31917,-2.95117,0.66013,0,10,0,FALLBACK,0.1528,0.100,1.2242,0,none
150.089,3002,-0.32876,-2.95099,0.67758,0,10,0,FALLBACK,0.1917,0.100,1.2239,0,none
150.139,3003,-0.32833,-3.05273,0.61704,0,10,0,FALLBACK,0.1395,0.100,1.2238,0,none
150.189,3004,-0.30531,-3.06763,0.65133,0,10,0,FALLBACK,-0.0886,0.100,1.2243,0,none
150.239,3005,-0.32480,-2.97139,0.66159,0,10,0,FALLBACK,0.2214,0.100,1.2242,0,none
150.287,3006,-0.34158,-2.89655,0.63361,0,10,0,FALLBACK,0.2919,0.100,1.2229,0,none
150.337,3007,-0.34310,-3.01246,0.60553,0,10,0,FALLBACK,0.2231,0.100,1.2223,0,none
150.389,3008,-0.31349,-3.02820,0.66200,0,10,0,FALLBACK,-0.0806,0.100,1.2227,0,none
150.440,3009,-0.33160,-2.96691,0.63707,0,10,0,FALLBACK,0.2486,0.100,1.2225,0,none
150.489,3010,-0.34718,-2.89555,0.58956,0,10,0,FALLBACK,0.3138,0.100,1.2209,0,none
150.539,3011,-0.34622,-2.92457,0.60694,0,10,0,FALLBACK,0.2263,0.100,1.2202,0,none
150.592,3012,-0.30432,-3.07249,0.60544,0,10,0,FALLBACK,-0.1879,0.100,1.2207,0,none
150.641,3013,-0.32983,-2.76524,0.65946,0,10,0,FALLBACK,0.2767,0.100,1.2191,0,none
150.691,3014,-0.36412,-2.43975,0.71800,0,10,0,FALLBACK,0.4921,0.100,1.2162,0,none
150.740,3015,-0.37734,-2.63453,0.67608,0,10,0,FALLBACK,0.4528,0.100,1.2135,0,none
150.792,3016,-0.32487,-2.74658,0.66236,0,10,0,FALLBACK,-0.1380,0.100,1.2124,0,none
150.841,3017,-0.34020,-2.56464,0.70822,0,10,0,FALLBACK,0.2776,0.100,1.2092,0,none
150.891,3018,-0.35904,-2.29277,0.72877,0,10,0,FALLBACK,0.3894,0.100,1.2086,0,none
150.942,3019,-0.35867,-2.57831,0.66465,0,10,0,FALLBACK,0.2915,0.100,1.2073,0,none
150.992,3020,-0.34355,-2.86945,0.64066,0,10,0,FALLBACK,0.1422,0.100,1.2080,0,none
151.041,3021,-0.31087,-2.80249,0.66580,0,10,0,FALLBACK,-0.1091,0.100,1.2089,0,none
151.092,3022,-0.33895,-2.67054,0.70634,0,10,0,FALLBACK,0.3351,0.100,1.2088,0,none
151.142,3023,-0.36127,-2.61380,0.69365,0,10,0,FALLBACK,0.4180,0.100,1.2055,0,none
151.193,3024,-0.36142,-2.90169,0.64041,0,10,0,FALLBACK,0.3079,0.100,1.2042,0,none
151.243,3025,-0.32656,-2.78286,0.66213,0,10,0,FALLBACK,-0.0415,0.100,1.2049,0,none
151.293,3026,-0.35494,-2.53043,0.84620,0,10,0,FALLBACK,0.4166,0.100,1.2050,0,none
151.345,3027,-0.37575,-2.92144,0.65692,0,10,0,FALLBACK,0.4828,0.100,1.2008,0,none
151.395,3028,-0.37137,-2.88585,0.64962,0,10,0,FALLBACK,0.3349,0.100,1.1993,0,none
151.445,3029,-0.31811,-2.91182,0.77732,0,10,0,FALLBACK,-0.1758,0.100,1.2000,0,none
151.494,3030,-0.33953,-2.76749,0.68766,0,10,0,FALLBACK,0.3047,0.100,1.1985,0,none
151.544,3031,-0.36792,-2.59685,0.76073,0,10,0,FALLBACK,0.4815,0.100,1.1956,0,none
151.595,3032,-0.37276,-2.60948,0.78751,0,10,0,FALLBACK,0.3880,0.100,1.1930,0,none
151.645,3033,-0.32065,-2.24742,1.10619,0,10,0,FALLBACK,-0.1573,0.100,1.1931,0,none
151.696,3034,-0.33892,-2.04072,1.17291,0,10,0,FALLBACK,0.2860,0.100,1.1915,0,none
151.745,3035,-0.36479,-2.50956,0.82081,0,10,0,FALLBACK,0.4533,0.100,1.1892,0,none
151.797,3036,-0.36901,-1.96522,1.12496,0,10,0,FALLBACK,0.3662,0.100,1.1871,0,none
151.847,3037,-0.35362,-2.60872,0.85005,0,10,0,FALLBACK,0.1911,0.100,1.1873,0,none
151.898,3038,-0.31977,-2.61164,0.85250,0,10,0,FALLBACK,-0.0704,0.100,1.1885,0,none
151.949,3039,-0.33484,-2.67670,0.83388,0,10,0,FALLBACK,0.2495,0.100,1.1890,0,none
152.000,3040,-0.35132,-2.52428,0.88628,0,10,0,FALLBACK,0.3390,0.100,1.1880,0,none
152.051,3041,-0.35105,-2.71027,0.85994,0,10,0,FALLBACK,0.2539,0.100,1.1874,0,none
152.102,3042,-0.31972,-2.90185,0.74948,0,10,0,FALLBACK,-0.0581,0.100,1.1880,0,none
152.150,3043,-0.33938,-2.68499,0.86570,0,10,0,FALLBACK,0.2952,0.100,1.1883,0,none
152.201,3044,-0.36010,-2.46845,0.92226,0,10,0,FALLBACK,0.4041,0.100,1.1868,0,none
152.250,3045,-0.36137,-2.72536,0.83328,0,10,0,FALLBACK,0.3132,0.100,1.1856,0,none
152.299,3046,-0.31448,-2.75412,0.88258,0,10,0,FALLBACK,-0.1621,0.100,1.1862,0,none
152.349,3047,-0.33933,-2.54073,0.93452,0,10,0,FALLBACK,0.3209,0.100,1.1851,0,none
152.401,3048,-0.36983,-2.67491,0.71139,0,10,0,FALLBACK,0.5016,0.100,1.1822,0,none
152.453,3049,-0.37630,-2.59661,0.88882,0,10,0,FALLBACK,0.4139,0.100,1.1795,0,none
152.500,3050,-0.31431,-2.70101,0.79680,0,10,0,FALLBACK,-0.2384,0.100,1.1797,0,none
152.552,3051,-0.34084,-2.69682,0.83667,0,10,0,FALLBACK,0.3368,0.100,1.1766,0,none
152.600,3052,-0.38679,-2.12983,1.08316,0,10,0,FALLBACK,0.6637,0.100,1.1745,0,none
152.652,3053,-0.40508,-2.03830,1.15686,0,10,0,FALLBACK,0.6169,0.100,1.1658,0,none
152.684,3054,-0.38949,-2.58110,0.83927,0,10,0,FALLBACK,0.3694,0.100,1.1639,0,none
152.734,3055,-0.33421,-2.66661,0.83622,0,10,0,FALLBACK,-0.1053,0.100,1.1658,0,none
152.785,3056,-0.35117,-2.41155,0.94088,0,10,0,FALLBACK,0.3407,0.100,1.1657,0,none
152.833,3057,-0.37278,-2.14248,1.07539,0,10,0,FALLBACK,0.4720,0.100,1.1633,0,none
152.887,3058,-0.36979,-2.20892,0.98854,0,10,0,FALLBACK,0.3340,0.100,1.1612,0,none
152.933,3059,-0.30371,-2.60293,0.86282,0,10,0,FALLBACK,-0.3118,0.100,1.1623,0,none
152.985,3060,-0.34769,-2.42801,0.98860,0,10,0,FALLBACK,0.4584,0.100,1.1578,0,none
153.035,3061,-0.39037,-2.23785,1.09298,0,10,0,FALLBACK,0.6653,0.100,1.1496,0,none
153.085,3062,-0.39808,-2.02606,1.19167,0,10,0,FALLBACK,0.5289,0.100,1.1453,0,none
153.135,3063,-0.38193,-2.51272,0.96029,0,10,0,FALLBACK,0.3289,0.100,1.1464,0,none
153.188,3064,-0.33950,-2.59065,0.88791,0,10,0,FALLBACK,-0.0147,0.100,1.1485,0,none
153.236,3065,-0.36566,-2.36598,1.07395,0,10,0,FALLBACK,0.4591,0.100,1.1495,0,none
153.287,3066,-0.38445,-2.60347,0.88062,0,10,0,FALLBACK,0.5162,0.100,1.1455,0,none
153.335,3067,-0.37789,-2.82149,0.77101,0,10,0,FALLBACK,0.3567,0.100,1.1446,0,none
153.384,3068,-0.32118,-2.82026,0.94423,0,10,0,FALLBACK,-0.1777,0.100,1.1463,0,none
153.434,3069,-0.35298,-2.70188,0.82030,0,10,0,FALLBACK,0.4239,0.100,1.1448,0,none
153.487,3070,-0.38143,-2.48681,1.07273,0,10,0,FALLBACK,0.5494,0.100,1.1396,0,none
153.537,3071,-0.38169,-2.91122,0.79804,0,10,0,FALLBACK,0.4097,0.100,1.1378,0,none
153.584,3072,-0.31638,-2.84456,0.92959,0,10,0,FALLBACK,-0.2446,0.100,1.1393,0,none
153.637,3073,-0.34560,-2.69606,0.88754,0,10,0,FALLBACK,0.3741,0.100,1.1360,0,none
153.686,3074,-0.37522,-2.61507,0.88177,0,10,0,FALLBACK,0.5241,0.100,1.1314,0,none
153.737,3075,-0.37780,-2.79395,0.81345,0,10,0,FALLBACK,0.4019,0.100,1.1296,0,none
153.787,3076,-0.36282,-2.80585,0.85953,0,10,0,FALLBACK,0.2392,0.100,1.1311,0,none
153.836,3077,-0.30846,-2.83422,0.85521,0,10,0,FALLBACK,-0.2295,0.100,1.1331,0,none
153.885,3078,-0.33966,-2.48781,0.96665,0,10,0,FALLBACK,0.3543,0.100,1.1316,0,none
153.940,3079,-0.36867,-2.39395,0.99434,0,10,0,FALLBACK,0.4884,0.100,1.1276,0,none
153.988,3080,-0.37258,-2.25376,1.01915,0,10,0,FALLBACK,0.3824,0.100,1.1263,0,none
154.036,3081,-0.30870,-2.87213,0.97837,0,10,0,FALLBACK,-0.2759,0.100,1.1278,0,none
154.090,3082,-0.34626,-2.60826,0.95713,0,10,0,FALLBACK,0.4191,0.100,1.1241,0,none
154.139,3083,-0.38322,-2.71537,0.87185,0,10,0,FALLBACK,0.6009,0.100,1.1181,0,none
154.191,3084,-0.38947,-2.51227,1.05776,0,10,0,FALLBACK,0.4786,0.100,1.1155,0,none
154.240,3085,-0.37539,-2.70759,0.79764,0,10,0,FALLBACK,0.3065,0.100,1.1170,0,none
154.289,3086,-0.31759,-2.86058,0.97963,0,10,0,FALLBACK,-0.2011,0.100,1.1192,0,none
154.340,3087,-0.34592,-2.78624,0.98536,0,10,0,FALLBACK,0.3712,0.100,1.1179,0,none
154.390,3088,-0.37215,-2.64508,1.02939,0,10,0,FALLBACK,0.4919,0.100,1.1140,0,none
154.440,3089,-0.37334,-2.87726,0.92055,0,10,0,FALLBACK,0.3726,0.100,1.1131,0,none
154.489,3090,-0.35890,-2.85669,1.00604,0,10,0,FALLBACK,0.2223,0.100,1.1148,0,none
154.538,3091,-0.32313,-2.92654,0.91007,0,10,0,FALLBACK,-0.0632,0.100,1.1169,0,none
154.592,3092,-0.35004,-2.94576,0.75676,0,10,0,FALLBACK,0.3847,0.100,1.1179,0,none
154.640,3093,-0.37023,-2.89933,0.82967,0,10,0,FALLBACK,0.4521,0.100,1.1152,0,none
154.690,3094,-0.36978,-2.85178,0.88642,0,10,0,FALLBACK,0.3466,0.100,1.1153,0,none
154.741,3095,-0.31993,-2.93418,0.87088,0,10,0,FALLBACK,-0.1496,0.100,1.1165,0,none
154.790,3096,-0.33570,-2.67540,0.98943,0,10,0,FALLBACK,0.2574,0.100,1.1154,0,none
154.839,3097,-0.36273,-2.71711,0.85336,0,10,0,FALLBACK,0.4487,0.100,1.1151,0,none
154.890,3098,-0.36838,-2.35151,0.96898,0,10,0,FALLBACK,0.3702,0.100,1.1135,0,none
154.942,3099,-0.35691,-2.46816,0.94160,0,10,0,FALLBACK,0.2272,0.100,1.1149,0,none
154.992,3100,-0.32019,-2.49756,1.02337,0,10,0,FALLBACK,-0.0827,0.100,1.1169,0,none
155.040,3101,-0.34539,-2.39546,1.22237,0,10,0,FALLBACK,0.3530,0.100,1.1177,0,none
155.091,3102,-0.36531,-2.34293,1.03952,0,10,0,FALLBACK,0.4261,0.100,1.1154,0,none
155.141,3103,-0.36448,-2.36903,0.98660,0,10,0,FALLBACK,0.3183,0.100,1.1154,0,none
155.192,3104,-0.30749,-2.49867,1.32670,0,10,0,FALLBACK,-0.2475,0.100,1.1171,0,none
155.242,3105,-0.34464,-2.19505,1.47763,0,10,0,FALLBACK,0.4090,0.100,1.1148,0,none
155.290,3106,-0.37974,-2.43374,1.24092,0,10,0,FALLBACK,0.5742,0.100,1.1095,0,none
155.340,3107,-0.38585,-2.24780,1.49692,0,10,0,FALLBACK,0.4598,0.100,1.1074,0,none
155.390,3108,-0.37285,-2.70552,1.61052,0,10,0,FALLBACK,0.2993,0.100,1.1091,0,none
155.441,3109,-0.33699,-2.84260,1.59480,0,10,0,FALLBACK,0.0057,0.100,1.1113,0,none
155.492,3110,-0.34011,-2.96627,1.64140,0,10,0,FALLBACK,0.2161,0.100,1.1128,0,none
155.542,3111,-0.34151,-2.93167,1.76420,0,10,0,FALLBACK,0.2146,0.100,1.1134,0,none
155.592,3112,-0.33253,-3.09721,1.50951,0,10,0,FALLBACK,0.1177,0.100,1.1147,0,none
155.641,3113,-0.34197,-3.03360,1.81803,0,10,0,FALLBACK,0.2571,0.100,1.1164,0,none
155.690,3114,-0.29933,-3.37539,1.49484,0,10,0,FALLBACK,-0.2166,0.100,1.1170,0,none
155.742,3115,-0.25951,-3.61996,1.16548,0,10,0,FALLBACK,-0.4016,0.100,1.1158,0,none
155.791,3116,-0.23948,-3.73420,0.88310,0,10,0,FALLBACK,-0.4028,0.100,1.1152,0,none
155.842,3117,-0.23614,-3.11722,1.79934,0,10,0,FALLBACK,-0.3360,0.100,1.1160,0,none
155.892,3118,-0.25675,-3.11008,1.09573,0,10,0,FALLBACK,-0.1132,0.100,1.1176,0,none
155.942,3119,-0.24597,-3.06530,1.43827,0,10,0,FALLBACK,-0.3240,0.100,1.1193,0,none
155.994,3120,-0.24175,-2.89613,1.64678,0,10,0,FALLBACK,-0.3123,0.100,1.1193,0,none
156.041,3121,-0.25153,-2.97019,1.25677,0,10,0,FALLBACK,-0.1935,0.100,1.1205,0,none
156.091,3122,-0.28843,-2.91753,1.69521,0,10,0,FALLBACK,0.1266,0.100,1.1222,0,none
156.143,3123,-0.28061,-2.97871,1.38949,0,10,0,FALLBACK,-0.1360,0.100,1.1224,0,none
156.193,3124,-0.27106,-2.61737,1.43423,0,10,0,FALLBACK,-0.1924,0.100,1.1230,0,none
156.244,3125,-0.27150,-2.87036,1.21101,0,10,0,FALLBACK,-0.1403,0.100,1.1241,0,none
156.292,3126,-0.27827,-2.87882,1.35779,0,10,0,FALLBACK,-0.0748,0.100,1.1256,0,none
156.344,3127,-0.29493,-3.07478,1.09322,0,10,0,FALLBACK,0.0580,0.100,1.1271,0,none
156.393,3128,-0.28111,-3.11727,1.59765,0,10,0,FALLBACK,-0.1636,0.100,1.1283,0,none
156.442,3129,-0.26958,-3.23857,0.96055,0,10,0,FALLBACK,-0.2097,0.100,1.1289,0,none
156.495,3130,-0.26824,-2.99911,1.54403,0,10,0,FALLBACK,-0.1655,0.100,1.1299,0,none
156.544,3131,-0.28971,-3.01878,1.53814,0,10,0,FALLBACK,0.0558,0.100,1.1313,0,none
156.594,3132,-0.27312,-2.98679,1.67015,0,10,0,FALLBACK,-0.2173,0.100,1.1323,0,none
156.645,3133,-0.25927,-2.99331,1.84537,0,10,0,FALLBACK,-0.2729,0.100,1.1323,0,none
156.696,3134,-0.25740,-2.91833,1.81323,0,10,0,FALLBACK,-0.2223,0.100,1.1332,0,none
156.746,3135,-0.29256,-3.03416,1.72784,0,10,0,FALLBACK,0.1385,0.100,1.1343,0,none
156.796,3136,-0.28154,-3.16293,1.55579,0,10,0,FALLBACK,-0.1473,0.100,1.1341,0,none
156.846,3137,-0.26155,-3.22366,1.31922,0,10,0,FALLBACK,-0.2922,0.100,1.1345,0,none
156.894,3138,-0.25359,-3.51506,1.10518,0,10,0,FALLBACK,-0.2718,0.100,1.1348,0,none
156.945,3139,-0.25902,-3.19303,1.19471,0,10,0,FALLBACK,-0.1778,0.100,1.1357,0,none
156.997,3140,-0.28201,-3.31552,1.31543,0,10,0,FALLBACK,0.0250,0.100,1.1372,0,none
157.047,3141,-0.27778,-3.35874,1.00060,0,10,0,FALLBACK,-0.1322,0.100,1.1383,0,none
157.096,3142,-0.27026,-2.99367,1.06998,0,10,0,FALLBACK,-0.1863,0.100,1.1391,0,none
157.146,3143,-0.27100,-3.07005,1.09708,0,10,0,FALLBACK,-0.1413,0.100,1.1401,0,none
157.197,3144,-0.29587,-3.13560,1.48789,0,10,0,FALLBACK,0.1037,0.100,1.1414,0,none
157.247,3145,-0.28478,-3.22297,0.87652,0,10,0,FALLBACK,-0.1315,0.100,1.1420,0,none
157.298,3146,-0.26972,-2.86761,1.28026,0,10,0,FALLBACK,-0.2267,0.100,1.1425,0,none
157.346,3147,-0.26403,-3.03329,1.26269,0,10,0,FALLBACK,-0.2083,0.100,1.1432,0,none
157.398,3148,-0.26815,-3.08784,0.99679,0,10,0,FALLBACK,-0.1386,0.100,1.1442,0,none
157.445,3149,-0.28339,-3.11426,0.90992,0,10,0,FALLBACK,-0.0068,0.100,1.1456,0,none
157.497,3150,-0.27328,-2.96037,1.63148,0,10,0,FALLBACK,-0.1842,0.100,1.1468,0,none
157.545,3151,-0.26422,-3.01647,1.09424,0,10,0,FALLBACK,-0.2241,0.100,1.1474,0,none
157.597,3152,-0.26543,-3.29258,0.80753,0,10,0,FALLBACK,-0.1669,0.100,1.1481,0,none
157.648,3153,-0.28392,-3.32726,0.89865,0,10,0,FALLBACK,0.0120,0.100,1.1493,0,none
157.697,3154,-0.27878,-3.38678,0.98979,0,10,0,FALLBACK,-0.1318,0.100,1.1504,0,none
157.748,3155,-0.27252,-2.99170,1.25279,0,10,0,FALLBACK,-0.1687,0.100,1.1512,0,none
157.798,3156,-0.27390,-3.22679,1.00591,0,10,0,FALLBACK,-0.1236,0.100,1.1521,0,none
157.848,3157,-0.28966,-3.06993,1.10467,0,10,0,FALLBACK,0.0271,0.100,1.1533,0,none
157.899,3158,-0.28940,-3.02774,1.38834,0,10,0,FALLBACK,-0.0543,0.100,1.1543,0,none
157.948,3159,-0.28681,-3.16395,1.10895,0,10,0,FALLBACK,-0.0789,0.100,1.1554,0,none
157.998,3160,-0.28787,-2.99294,0.91536,0,10,0,FALLBACK,-0.0553,0.100,1.1564,0,none
158.049,3161,-0.29199,-3.14642,0.96868,0,10,0,FALLBACK,-0.0195,0.100,1.1576,0,none
158.096,3162,-0.29902,-3.21555,0.86535,0,10,0,FALLBACK,0.0302,0.100,1.1587,0,none
158.147,3163,-0.29388,-3.18279,0.92218,0,10,0,FALLBACK,-0.0563,0.100,1.1598,0,none
158.196,3164,-0.28811,-3.09487,0.78753,0,10,0,FALLBACK,-0.0883,0.100,1.1608,0,none
158.248,3165,-0.28631,-3.24139,0.74200,0,10,0,FALLBACK,-0.0774,0.100,1.1618,0,none
158.298,3166,-0.29178,-3.16472,0.78464,0,10,0,FALLBACK,-0.0137,0.100,1.1629,0,none
158.348,3167,-0.28788,-3.09372,0.84413,0,10,0,FALLBACK,-0.0801,0.100,1.1639,0,none
158.398,3168,-0.28462,-2.97922,0.99459,0,10,0,FALLBACK,-0.0933,0.100,1.1649,0,none
158.448,3169,-0.28555,-2.87813,0.92839,0,10,0,FALLBACK,-0.0675,0.100,1.1659,0,none
158.503,3170,-0.29565,-3.16067,0.86002,0,10,0,FALLBACK,0.0288,0.100,1.1669,0,none
158.549,3171,-0.29421,-2.86843,0.97017,0,10,0,FALLBACK,-0.0362,0.100,1.1679,0,none
158.599,3172,-0.29157,-2.95120,0.97233,0,10,0,FALLBACK,-0.0553,0.100,1.1689,0,none
158.650,3173,-0.29128,-2.97071,1.05637,0,10,0,FALLBACK,-0.0450,0.100,1.1698,0,none
158.700,3174,-0.29428,-2.85540,1.32423,0,10,0,FALLBACK,-0.0136,0.100,1.1708,0,none
158.748,3175,-0.29701,-3.03645,0.97676,0,10,0,FALLBACK,-0.0013,0.100,1.1718,0,none
158.798,3176,-0.29976,-3.18625,0.81858,0,10,0,FALLBACK,0.0126,0.100,1.1728,0,none
158.848,3177,-0.30225,-3.16945,0.90512,0,10,0,FALLBACK,0.0237,0.100,1.1738,0,none
158.899,3178,-0.30400,-2.87816,1.69691,0,10,0,FALLBACK,0.0288,0.100,1.1747,0,none
158.949,3179,-0.30555,-3.12733,1.34427,0,10,0,FALLBACK,0.0355,0.100,1.1757,0,none
158.998,3180,-0.30090,-3.00099,1.15074,0,10,0,FALLBACK,-0.0188,0.100,1.1766,0,none
159.049,3181,-0.29562,-3.23903,0.85261,0,10,0,FALLBACK,-0.0483,0.100,1.1775,0,none
159.100,3182,-0.29239,-3.22124,0.76928,0,10,0,FALLBACK,-0.0542,0.100,1.1784,0,none
159.150,3183,-0.29464,-3.26929,0.82323,0,10,0,FALLBACK,-0.0155,0.100,1.1793,0,none
159.201,3184,-0.28956,-3.25575,0.78443,0,10,0,FALLBACK,-0.0776,0.100,1.1802,0,none
159.252,3185,-0.28549,-3.04269,0.78998,0,10,0,FALLBACK,-0.0929,0.100,1.1810,0,none
159.302,3186,-0.28556,-3.17966,1.03421,0,10,0,FALLBACK,-0.0719,0.100,1.1819,0,none
159.353,3187,-0.28847,-3.23003,0.88426,0,10,0,FALLBACK,-0.0431,0.100,1.1827,0,none
159.400,3188,-0.29492,-3.08755,1.10080,0,10,0,FALLBACK,0.0069,0.100,1.1836,0,none
159.452,3189,-0.30170,-2.93947,1.01463,0,10,0,FALLBACK,0.0424,0.100,1.1845,0,none
159.500,3190,-0.30699,-2.97526,0.90923,0,10,0,FALLBACK,0.0614,0.100,1.1853,0,none
159.552,3191,-0.31661,-2.91841,1.04768,0,10,0,FALLBACK,0.1312,0.100,1.1860,0,none
159.599,3192,-0.30827,-2.97370,0.98522,0,10,0,FALLBACK,-0.0003,0.100,1.1866,0,none
159.651,3193,-0.29587,-3.15904,1.10755,0,10,0,FALLBACK,-0.0827,0.100,1.1874,0,none
159.701,3194,-0.28684,-3.26689,0.78482,0,10,0,FALLBACK,-0.1109,0.100,1.1881,0,none
159.753,3195,-0.28283,-3.32015,0.81032,0,10,0,FALLBACK,-0.1059,0.100,1.1888,0,none
159.803,3196,-0.28502,-3.38206,0.72020,0,10,0,FALLBACK,-0.0639,0.100,1.1895,0,none
159.835,3197,-0.27936,-3.26915,0.74873,0,10,0,FALLBACK,-0.1316,0.100,1.1903,0,none
159.883,3198,-0.27729,-3.34067,0.81590,0,10,0,FALLBACK,-0.1239,0.100,1.1909,0,none
159.937,3199,-0.28111,-3.14631,1.01931,0,10,0,FALLBACK,-0.0753,0.100,1.1917,0,none
159.986,3200,-0.28951,-3.20187,1.24741,0,10,0,FALLBACK,-0.0104,0.100,1.1925,0,none
160.036,3201,-0.29405,-3.27697,0.95261,0,10,0,FALLBACK,-0.0070,0.100,1.1932,0,none
160.087,3202,-0.29823,-3.41633,0.79118,0,10,0,FALLBACK,0.0121,0.100,1.1940,0,none
160.138,3203,-0.30204,-3.00043,1.30239,0,10,0,FALLBACK,0.0292,0.100,1.1947,0,none
160.187,3204,-0.30652,-3.07838,1.00991,0,10,0,FALLBACK,0.0550,0.100,1.1955,0,none
160.238,3205,-0.30380,-2.88084,1.46243,0,10,0,FALLBACK,0.0054,0.100,1.1962,0,none
160.288,3206,-0.29993,-3.07875,0.85784,0,10,0,FALLBACK,-0.0197,0.100,1.1969,0,none
160.335,3207,-0.29708,-3.12711,1.06618,0,10,0,FALLBACK,-0.0289,0.100,1.1976,0,none
160.386,3208,-0.29768,-3.14867,0.91262,0,10,0,FALLBACK,-0.0086,0.100,1.1983,0,none
160.438,3209,-0.29382,-3.25897,0.73081,0,10,0,FALLBACK,-0.0502,0.100,1.1991,0,none
160.486,3210,-0.29127,-3.01526,0.86423,0,10,0,FALLBACK,-0.0564,0.100,1.1997,0,none
160.536,3211,-0.29132,-3.20093,0.76639,0,10,0,FALLBACK,-0.0432,0.100,1.2004,0,none
160.586,3212,-0.29838,-2.94431,0.90297,0,10,0,FALLBACK,0.0272,0.100,1.2011,0,none
160.637,3213,-0.29406,-3.07379,0.83508,0,10,0,FALLBACK,-0.0513,0.100,1.2017,0,none
160.687,3214,-0.28916,-2.90201,1.33731,0,10,0,FALLBACK,-0.0787,0.100,1.2023,0,none
160.737,3215,-0.28784,-3.24575,0.91578,0,10,0,FALLBACK,-0.0674,0.100,1.2029,0,none
160.787,3216,-0.30213,-2.92186,1.05628,0,10,0,FALLBACK,0.0821,0.100,1.2036,0,none
160.839,3217,-0.29228,-3.33873,0.72315,0,10,0,FALLBACK,-0.0879,0.100,1.2039,0,none
160.891,3218,-0.28155,-3.16537,1.20956,0,10,0,FALLBACK,-0.1459,0.100,1.2042,0,none
160.938,3219,-0.27796,-3.17893,1.16302,0,10,0,FALLBACK,-0.1281,0.100,1.2046,0,none
160.988,3220,-0.28063,-3.20232,1.24130,0,10,0,FALLBACK,-0.0836,0.100,1.2052,0,none
161.038,3221,-0.28845,-3.13054,1.20446,0,10,0,FALLBACK,-0.0187,0.100,1.2058,0,none
161.088,3222,-0.28532,-3.21535,1.17418,0,10,0,FALLBACK,-0.0890,0.100,1.2065,0,none
161.140,3223,-0.28410,-3.08243,1.07224,0,10,0,FALLBACK,-0.0856,0.100,1.2070,0,none
161.189,3224,-0.28721,-3.03858,1.17667,0,10,0,FALLBACK,-0.0485,0.100,1.2076,0,none
161.240,3225,-0.29756,-3.26239,0.98054,0,10,0,FALLBACK,0.0395,0.100,1.2082,0,none
161.291,3226,-0.28455,-2.89793,1.17112,0,10,0,FALLBACK,-0.1423,0.100,1.2087,0,none
161.341,3227,-0.27408,-3.01934,1.04388,0,10,0,FALLBACK,-0.1819,0.100,1.2087,0,none
161.388,3228,-0.27281,-2.97386,1.29509,0,10,0,FALLBACK,-0.1423,0.100,1.2090,0,none
161.440,3229,-0.28478,-3.16044,0.80995,0,10,0,FALLBACK,-0.0163,0.100,1.2095,0,none
161.490,3230,-0.27527,-3.22171,0.81745,0,10,0,FALLBACK,-0.1711,0.100,1.2101,0,none
161.542,3231,-0.26913,-3.08739,0.77358,0,10,0,FALLBACK,-0.1851,0.100,1.2101,0,none
161.591,3232,-0.27236,-3.20332,0.73125,0,10,0,FALLBACK,-0.1220,0.100,1.2104,0,none
161.642,3233,-0.29083,-2.86939,0.95207,0,10,0,FALLBACK,0.0465,0.100,1.2110,0,none
161.693,3234,-0.28072,-2.72827,1.16372,0,10,0,FALLBACK,-0.1469,0.100,1.2114,0,none
161.740,3235,-0.27220,-3.11115,0.90590,0,10,0,FALLBACK,-0.1816,0.100,1.2113,0,none
161.790,3236,-0.27315,-2.80399,1.11211,0,10,0,FALLBACK,-0.1295,0.100,1.2115,0,none
161.841,3237,-0.29158,-3.13500,0.72861,0,10,0,FALLBACK,0.0501,0.100,1.2121,0,none
161.890,3238,-0.27993,-3.18610,0.75502,0,10,0,FALLBACK,-0.1587,0.100,1.2124,0,none
161.942,3239,-0.26996,-3.11389,0.86968,0,10,0,FALLBACK,-0.2001,0.100,1.2122,0,none
161.991,3240,-0.27031,-3.12312,0.75101,0,10,0,FALLBACK,-0.1467,0.100,1.2123,0,none
162.040,3241,-0.28961,-2.93628,0.78613,0,10,0,FALLBACK,0.0446,0.100,1.2129,0,none
162.091,3242,-0.28019,-3.13913,0.72171,0,10,0,FALLBACK,-0.1462,0.100,1.2131,0,none
162.142,3243,-0.27207,-2.91206,0.89478,0,10,0,FALLBACK,-0.1803,0.100,1.2131,0,none
162.193,3244,-0.27327,-3.12989,0.71583,0,10,0,FALLBACK,-0.1276,0.100,1.2133,0,none
162.242,3245,-0.28857,-3.07445,0.69684,0,10,0,FALLBACK,0.0194,0.100,1.2139,0,none
162.292,3246,-0.28700,-2.97141,0.70995,0,10,0,FALLBACK,-0.0729,0.100,1.2143,0,none
162.341,3247,-0.28520,-2.92349,0.73389,0,10,0,FALLBACK,-0.0829,0.100,1.2147,0,none
162.393,3248,-0.28783,-3.08075,0.70226,0,10,0,FALLBACK,-0.0478,0.100,1.2152,0,none
162.442,3249,-0.30149,-3.18388,0.71059,0,10,0,FALLBACK,0.0757,0.100,1.2157,0,none
162.494,3250,-0.29556,-3.07222,0.75984,0,10,0,FALLBACK,-0.0519,0.100,1.2160,0,none
162.543,3251,-0.28859,-3.03013,0.70902,0,10,0,FALLBACK,-0.0919,0.100,1.2164,0,none
162.591,3252,-0.28640,-3.13536,0.70950,0,10,0,FALLBACK,-0.0789,0.100,1.2168,0,none
162.643,3253,-0.30533,-3.18179,0.64523,0,10,0,FALLBACK,0.1212,0.100,1.2173,0,none
162.691,3254,-0.29129,-3.21157,0.68138,0,10,0,FALLBACK,-0.1137,0.100,1.2172,0,none
162.740,3255,-0.27134,-3.14836,0.68098,0,10,0,FALLBACK,-0.2430,0.100,1.2170,0,none
162.790,3256,-0.26025,-3.05996,0.72060,0,10,0,FALLBACK,-0.2542,0.100,1.2167,0,none
162.842,3257,-0.26179,-3.25258,0.75157,0,10,0,FALLBACK,-0.1834,0.100,1.2167,0,none
162.891,3258,-0.27439,-3.07026,0.68600,0,10,0,FALLBACK,-0.0651,0.100,1.2173,0,none
162.942,3259,-0.26244,-3.29557,0.67855,0,10,0,FALLBACK,-0.2476,0.100,1.2179,0,none
162.991,3260,-0.25703,-3.29190,0.67090,0,10,0,FALLBACK,-0.2419,0.100,1.2173,0,none
163.042,3261,-0.26396,-3.32740,0.72218,0,10,0,FALLBACK,-0.1455,0.100,1.2174,0,none
163.093,3262,-0.28263,-3.10401,0.75172,0,10,0,FALLBACK,0.0065,0.100,1.2181,0,none
163.143,3263,-0.26999,-3.26624,0.63167,0,10,0,FALLBACK,-0.2133,0.100,1.2185,0,none
163.192,3264,-0.26168,-3.16037,0.70657,0,10,0,FALLBACK,-0.2331,0.100,1.2179,0,none
163.242,3265,-0.26546,-3.35637,0.68238,0,10,0,FALLBACK,-0.1538,0.100,1.2179,0,none
163.294,3266,-0.28262,-3.22348,0.73279,0,10,0,FALLBACK,-0.0011,0.100,1.2185,0,none
163.345,3267,-0.27184,-3.11621,0.70475,0,10,0,FALLBACK,-0.1947,0.100,1.2189,0,none
163.393,3268,-0.26480,-3.17600,0.67172,0,10,0,FALLBACK,-0.2113,0.100,1.2185,0,none
163.445,3269,-0.26875,-3.14970,0.69139,0,10,0,FALLBACK,-0.1365,0.100,1.2187,0,none
163.493,3270,-0.28612,-2.99216,0.71582,0,10,0,FALLBACK,0.0174,0.100,1.2193,0,none
163.543,3271,-0.27655,-3.09847,0.69589,0,10,0,FALLBACK,-0.1651,0.100,1.2196,0,none
163.593,3272,-0.26979,-3.16647,0.69063,0,10,0,FALLBACK,-0.1848,0.100,1.2194,0,none
163.643,3273,-0.27260,-3.04422,0.65486,0,10,0,FALLBACK,-0.1230,0.100,1.2196,0,none
163.695,3274,-0.29119,-2.95776,0.69269,0,10,0,FALLBACK,0.0489,0.100,1.2201,0,none
163.744,3275,-0.27529,-3.15942,0.67509,0,10,0,FALLBACK,-0.2030,0.100,1.2203,0,none
163.794,3276,-0.26262,-3.19190,0.68381,0,10,0,FALLBACK,-0.2503,0.100,1.2196,0,none
163.846,3277,-0.26283,-3.21880,0.67110,0,10,0,FALLBACK,-0.1848,0.100,1.2195,0,none
163.896,3278,-0.28147,-3.34021,0.62913,0,10,0,FALLBACK,0.0006,0.100,1.2200,0,none
163.946,3279,-0.27243,-3.22626,0.64841,0,10,0,FALLBACK,-0.1831,0.100,1.2203,0,none
163.997,3280,-0.26431,-3.19505,0.67649,0,10,0,FALLBACK,-0.2191,0.100,1.2201,0,none
164.043,3281,-0.26706,-3.17946,0.63090,0,10,0,FALLBACK,-0.1509,0.100,1.2201,0,none
164.095,3282,-0.28621,-3.11850,0.65278,0,10,0,FALLBACK,0.0268,0.100,1.2206,0,none
164.146,3283,-0.28546,-3.01047,0.67306,0,10,0,FALLBACK,-0.0764,0.100,1.2209,0,none
164.196,3284,-0.28264,-3.04205,0.63947,0,10,0,FALLBACK,-0.1010,0.100,1.2211,0,none
164.247,3285,-0.28478,-3.12638,0.64242,0,10,0,FALLBACK,-0.0654,0.100,1.2215,0,none
164.297,3286,-0.30429,-3.32075,0.64801,0,10,0,FALLBACK,0.1190,0.100,1.2220,0,none
164.346,3287,-0.28788,-3.32396,0.67146,0,10,0,FALLBACK,-0.1426,0.100,1.2219,0,none
164.395,3288,-0.26857,-3.17428,0.63535,0,10,0,FALLBACK,-0.2537,0.100,1.2215,0,none
164.447,3289,-0.26103,-3.30484,0.60824,0,10,0,FALLBACK,-0.2325,0.100,1.2210,0,none
164.497,3290,-0.28262,-3.30486,0.60708,0,10,0,FALLBACK,0.0210,0.100,1.2212,0,none
164.544,3291,-0.26685,-3.23575,0.59428,0,10,0,FALLBACK,-0.2446,0.100,1.2213,0,none
164.597,3292,-0.25100,-3.13121,0.60237,0,10,0,FALLBACK,-0.3242,0.100,1.2204,0,none
164.648,3293,-0.25095,-3.09774,0.60860,0,10,0,FALLBACK,-0.2455,0.100,1.2197,0,none
164.696,3294,-0.27892,-3.17213,0.64166,0,10,0,FALLBACK,0.0344,0.100,1.2199,0,none
164.747,3295,-0.28121,-3.07231,0.62488,0,10,0,FALLBACK,-0.0825,0.100,1.2198,0,none
164.797,3296,-0.27866,-3.09678,0.60896,0,10,0,FALLBACK,-0.1194,0.100,1.2202,0,none
164.845,3297,-0.28057,-3.28070,0.58690,0,10,0,FALLBACK,-0.0876,0.100,1.2206,0,none
164.900,3298,-0.30528,-3.28595,0.59513,0,10,0,FALLBACK,0.1500,0.100,1.2210,0,none
164.948,3299,-0.29020,-3.26773,0.60224,0,10,0,FALLBACK,-0.1244,0.100,1.2206,0,none
165.001,3300,-0.27007,-3.38548,0.58920,0,10,0,FALLBACK,-0.2503,0.100,1.2202,0,none
165.047,3301,-0.26160,-3.43091,0.57140,0,10,0,FALLBACK,-0.2344,0.100,1.2197,0,none
165.099,3302,-0.28772,-3.38069,0.59071,0,10,0,FALLBACK,0.0692,0.100,1.2198,0,none
165.150,3303,-0.27048,-3.23540,0.60575,0,10,0,FALLBACK,-0.2338,0.100,1.2196,0,none
165.201,3304,-0.25115,-3.31737,0.56570,0,10,0,FALLBACK,-0.3409,0.100,1.2185,0,none
165.252,3305,-0.24809,-3.23587,0.57800,0,10,0,FALLBACK,-0.2749,0.100,1.2176,0,none
165.302,3306,-0.28821,-3.33044,0.57919,0,10,0,FALLBACK,0.1417,0.100,1.2178,0,none
165.351,3307,-0.27373,-3.38605,0.58259,0,10,0,FALLBACK,-0.2038,0.100,1.2166,0,none
165.401,3308,-0.25291,-3.23402,0.57256,0,10,0,FALLBACK,-0.3396,0.100,1.2154,0,none
165.453,3309,-0.24837,-3.26995,0.56892,0,10,0,FALLBACK,-0.2808,0.100,1.2143,0,none
165.502,3310,-0.25920,-3.23907,0.55800,0,10,0,FALLBACK,-0.1498,0.100,1.2144,0,none
165.552,3311,-0.28025,-3.09620,0.55653,0,10,0,FALLBACK,0.0065,0.100,1.2151,0,none
165.601,3312,-0.27095,-3.08161,0.50078,0,10,0,FALLBACK,-0.1917,0.100,1.2156,0,none
165.653,3313,-0.26247,-3.20943,0.51372,0,10,0,FALLBACK,-0.2300,0.100,1.2154,0,none
165.684,3314,-0.26561,-3.13732,0.51677,0,10,0,FALLBACK,-0.1563,0.100,1.2153,0,none
165.736,3315,-0.28131,-3.16682,0.53716,0,10,0,FALLBACK,-0.0150,0.100,1.2159,0,none
165.786,3316,-0.26256,-3.10031,0.48680,0,10,0,FALLBACK,-0.2810,0.100,1.2164,0,none
165.833,3317,-0.25050,-3.24589,0.51401,0,10,0,FALLBACK,-0.3078,0.100,1.2151,0,none
165.883,3318,-0.25439,-3.23324,0.51436,0,10,0,FALLBACK,-0.2086,0.100,1.2149,0,none
165.934,3319,-0.27633,-3.28697,0.53028,0,10,0,FALLBACK,-0.0087,0.100,1.2155,0,none
165.983,3320,-0.25597,-3.28844,0.48401,0,10,0,FALLBACK,-0.3220,0.100,1.2159,0,none
166.035,3321,-0.24285,-3.37293,0.52360,0,10,0,FALLBACK,-0.3514,0.100,1.2140,0,none
166.086,3322,-0.24792,-3.15588,0.49665,0,10,0,FALLBACK,-0.2350,0.100,1.2136,0,none
166.137,3323,-0.27710,-3.35948,0.49557,0,10,0,FALLBACK,0.0314,0.100,1.2143,0,none
166.183,3324,-0.25118,-3.40970,0.47366,0,10,0,FALLBACK,-0.3737,0.100,1.2144,0,none
166.236,3325,-0.23273,-3.35203,0.45427,0,10,0,FALLBACK,-0.4286,0.100,1.2111,0,none
166.287,3326,-0.23674,-3.43767,0.48244,0,10,0,FALLBACK,-0.2962,0.100,1.2101,0,none
166.335,3327,-0.27214,-3.36057,0.48953,0,10,0,FALLBACK,0.0377,0.100,1.2109,0,none
166.384,3328,-0.24568,-3.36907,0.47634,0,10,0,FALLBACK,-0.4039,0.100,1.2108,0,none
166.437,3329,-0.22659,-3.33570,0.52500,0,10,0,FALLBACK,-0.4625,0.100,1.2070,0,none
166.487,3330,-0.23187,-3.42714,0.45070,0,10,0,FALLBACK,-0.3143,0.100,1.2057,0,none
166.535,3331,-0.27551,-3.34087,0.44811,0,10,0,FALLBACK,0.0958,0.100,1.2066,0,none
166.587,3332,-0.24459,-3.28436,0.54564,0,10,0,FALLBACK,-0.4317,0.100,1.2058,0,none
166.637,3333,-0.22019,-3.35679,0.49889,0,10,0,FALLBACK,-0.5210,0.100,1.2007,0,none
166.684,3334,-0.22344,-3.35372,0.49922,0,10,0,FALLBACK,-0.3665,0.100,1.1988,0,none
166.737,3335,-0.27587,-3.52085,0.48174,0,10,0,FALLBACK,0.1415,0.100,1.1995,0,none
166.787,3336,-0.24943,-3.52083,0.54246,0,10,0,FALLBACK,-0.3850,0.100,1.1981,0,none
166.838,3337,-0.21832,-3.50444,0.50859,0,10,0,FALLBACK,-0.5640,0.100,1.1941,0,none
166.885,3338,-0.21485,-3.59448,0.50544,0,10,0,FALLBACK,-0.4431,0.100,1.1909,0,none
166.938,3339,-0.27420,-3.45666,0.53150,0,10,0,FALLBACK,0.1677,0.100,1.1913,0,none
166.987,3340,-0.23384,-3.58776,0.49420,0,10,0,FALLBACK,-0.5326,0.100,1.1885,0,none
167.037,3341,-0.19901,-3.54612,0.55035,0,10,0,FALLBACK,-0.6792,0.100,1.1800,0,none
167.089,3342,-0.19993,-3.64146,0.51774,0,10,0,FALLBACK,-0.4958,0.100,1.1761,0,none
167.139,3343,-0.27461,-3.57079,0.58025,0,10,0,FALLBACK,0.2464,0.100,1.1774,0,none
167.190,3344,-0.23658,-3.44981,0.57914,0,10,0,FALLBACK,-0.5072,0.100,1.1724,0,none
167.239,3345,-0.20020,-3.71946,0.51886,0,10,0,FALLBACK,-0.6809,0.100,1.1638,0,none
167.288,3346,-0.19978,-3.80555,0.54791,0,10,0,FALLBACK,-0.5032,0.100,1.1599,0,none
167.337,3347,-0.22246,-3.69437,0.57781,0,10,0,FALLBACK,-0.2743,0.100,1.1612,0,none
167.388,3348,-0.26306,-3.63825,0.58151,0,10,0,FALLBACK,0.0183,0.100,1.1631,0,none
167.439,3349,-0.23304,-3.44552,0.59640,0,10,0,FALLBACK,-0.4849,0.100,1.1638,0,none
167.489,3350,-0.21322,-3.52101,0.56013,0,10,0,FALLBACK,-0.5330,0.100,1.1588,0,none
167.540,3351,-0.22047,-3.57778,0.62367,0,10,0,FALLBACK,-0.3614,0.100,1.1579,0,none
167.588,3352,-0.26708,-3.77382,0.58083,0,10,0,FALLBACK,0.0685,0.100,1.1594,0,none
167.640,3353,-0.22742,-3.45932,0.60161,0,10,0,FALLBACK,-0.5613,0.100,1.1592,0,none
167.690,3354,-0.19766,-3.49256,0.57716,0,10,0,FALLBACK,-0.6604,0.100,1.1516,0,none
167.740,3355,-0.20132,-3.44416,0.60534,0,10,0,FALLBACK,-0.4751,0.100,1.1492,0,none
167.789,3356,-0.26341,-3.59394,0.64312,0,10,0,FALLBACK,0.1275,0.100,1.1508,0,none
167.840,3357,-0.22729,-3.68808,0.59545,0,10,0,FALLBACK,-0.5442,0.100,1.1490,0,none
167.890,3358,-0.19726,-3.69947,0.60338,0,10,0,FALLBACK,-0.6639,0.100,1.1413,0,none
167.939,3359,-0.20093,-3.67165,0.58330,0,10,0,FALLBACK,-0.4770,0.100,1.1388,0,none
167.990,3360,-0.27983,-3.65388,0.57941,0,10,0,FALLBACK,0.2937,0.100,1.1405,0,none
168.038,3361,-0.24084,-3.72495,0.62571,0,10,0,FALLBACK,-0.4908,0.100,1.1349,0,none
168.090,3362,-0.20202,-3.81205,0.54545,0,10,0,FALLBACK,-0.6840,0.100,1.1266,0,none
168.140,3363,-0.19868,-3.88602,0.63075,0,10,0,FALLBACK,-0.5232,0.100,1.1230,0,none
168.190,3364,-0.21795,-3.72160,0.62851,0,10,0,FALLBACK,-0.3140,0.100,1.1247,0,none
168.242,3365,-0.26907,-3.85341,0.66578,0,10,0,FALLBACK,0.1010,0.100,1.1270,0,none
168.291,3366,-0.23389,-3.80317,0.67059,0,10,0,FALLBACK,-0.5064,0.100,1.1269,0,none
168.341,3367,-0.20685,-3.80617,0.64580,0,10,0,FALLBACK,-0.6010,0.100,1.1208,0,none
168.392,3368,-0.20963,-4.11353,0.62170,0,10,0,FALLBACK,-0.4379,0.100,1.1195,0,none
168.441,3369,-0.27370,-3.66033,0.62184,0,10,0,FALLBACK,0.1888,0.100,1.1213,0,none
168.492,3370,-0.23207,-3.60159,0.66324,0,10,0,FALLBACK,-0.5478,0.100,1.1189,0,none
168.542,3371,-0.19557,-3.60876,0.61362,0,10,0,FALLBACK,-0.7047,0.100,1.1106,0,none
168.591,3372,-0.19426,-3.45660,0.64686,0,10,0,FALLBACK,-0.5352,0.100,1.1076,0,none
168.642,3373,-0.24660,-3.22660,0.65797,0,10,0,FALLBACK,-0.0053,0.100,1.1096,0,none
168.693,3374,-0.24093,-3.20570,0.66686,0,10,0,FALLBACK,-0.3237,0.100,1.1100,0,none
168.742,3375,-0.23014,-3.24520,0.68672,0,10,0,FALLBACK,-0.4033,0.100,1.1096,0,none
168.790,3376,-0.23701,-3.17685,0.67432,0,10,0,FALLBACK,-0.2806,0.100,1.1100,0,none
168.842,3377,-0.25905,-3.05266,0.77143,0,10,0,FALLBACK,-0.0945,0.100,1.1113,0,none
168.891,3378,-0.27259,-3.10187,0.72230,0,10,0,FALLBACK,-0.0694,0.100,1.1130,0,none
168.942,3379,-0.31885,-2.92348,0.70126,0,10,0,FALLBACK,0.3256,0.100,1.1148,0,none
168.992,3380,-0.35518,-2.82330,0.75035,0,10,0,FALLBACK,0.4575,0.100,1.1129,0,none
169.042,3381,-0.37059,-2.81164,0.74536,0,10,0,FALLBACK,0.4300,0.100,1.1122,0,none
169.091,3382,-0.36898,-3.02369,0.74271,0,10,0,FALLBACK,0.3369,0.100,1.1132,0,none
169.142,3383,-0.34973,-3.23155,0.74912,0,10,0,FALLBACK,0.1523,0.100,1.1150,0,none
169.192,3384,-0.35405,-3.29897,0.74626,0,10,0,FALLBACK,0.2919,0.100,1.1170,0,none
169.242,3385,-0.35198,-3.25333,0.73097,0,10,0,FALLBACK,0.2495,0.100,1.1176,0,none
169.294,3386,-0.33894,-3.24877,0.71924,0,10,0,FALLBACK,0.1295,0.100,1.1190,0,none
169.341,3387,-0.30754,-3.33391,0.67691,0,10,0,FALLBACK,-0.1193,0.100,1.1208,0,none
169.391,3388,-0.31147,-3.26665,0.69615,0,10,0,FALLBACK,0.0770,0.100,1.1215,0,none
169.442,3389,-0.31776,-3.23509,0.74482,0,10,0,FALLBACK,0.1202,0.100,1.1226,0,none
169.491,3390,-0.31740,-3.18006,0.67098,0,10,0,FALLBACK,0.0852,0.100,1.1239,0,none
169.542,3391,-0.31301,-3.19669,0.74989,0,10,0,FALLBACK,0.0431,0.100,1.1254,0,none
169.593,3392,-0.30356,-3.14317,0.74285,0,10,0,FALLBACK,-0.0295,0.100,1.1268,0,none
169.642,3393,-0.31397,-3.16424,0.69008,0,10,0,FALLBACK,0.1219,0.100,1.1283,0,none
169.693,3394,-0.32234,-3.12529,0.70215,0,10,0,FALLBACK,0.1535,0.100,1.1292,0,none
169.743,3395,-0.32341,-3.13865,0.73982,0,10,0,FALLBACK,0.1224,0.100,1.1304,0,none
169.792,3396,-0.30994,-3.15397,0.75521,0,10,0,FALLBACK,-0.0176,0.100,1.1318,0,none
169.843,3397,-0.31941,-3.16895,0.78684,0,10,0,FALLBACK,0.1444,0.100,1.1331,0,none
169.895,3398,-0.32698,-3.12517,0.75133,0,10,0,FALLBACK,0.1728,0.100,1.1339,0,none
169.943,3399,-0.32641,-3.04870,0.78847,0,10,0,FALLBACK,0.1292,0.100,1.1350,0,none
169.992,3400,-0.29714,-3.18287,0.75941,0,10,0,FALLBACK,-0.1607,0.100,1.1364,0,none
170.044,3401,-0.31608,-3.12438,0.76642,0,10,0,FALLBACK,0.1751,0.100,1.1366,0,none
170.095,3402,-0.33522,-2.92907,0.75133,0,10,0,FALLBACK,0.2718,0.100,1.1363,0,none
170.145,3403,-0.34059,-2.97866,0.76794,0,10,0,FALLBACK,0.2298,0.100,1.1367,0,none
170.193,3404,-0.33587,-3.13944,0.77145,0,10,0,FALLBACK,0.1558,0.100,1.1379,0,none
170.244,3405,-0.31055,-3.18505,0.76689,0,10,0,FALLBACK,-0.0738,0.100,1.1394,0,none
170.294,3406,-0.32916,-3.04653,0.76391,0,10,0,FALLBACK,0.2389,0.100,1.1403,0,none
170.344,3407,-0.34464,-3.04857,0.75488,0,10,0,FALLBACK,0.3006,0.100,1.1397,0,none
170.392,3408,-0.34534,-3.15599,0.73289,0,10,0,FALLBACK,0.2302,0.100,1.1401,0,none
170.444,3409,-0.30526,-3.21783,0.73427,0,10,0,FALLBACK,-0.1741,0.100,1.1414,0,none
170.496,3410,-0.33176,-3.15966,0.69198,0,10,0,FALLBACK,0.2913,0.100,1.1408,0,none
170.545,3411,-0.35667,-2.94287,0.77336,0,10,0,FALLBACK,0.4078,0.100,1.1386,0,none
170.595,3412,-0.36096,-3.13985,0.73342,0,10,0,FALLBACK,0.3262,0.100,1.1380,0,none
170.646,3413,-0.35098,-3.26529,0.67846,0,10,0,FALLBACK,0.2050,0.100,1.1393,0,none
170.695,3414,-0.32260,-3.10410,0.77394,0,10,0,FALLBACK,-0.0289,0.100,1.1408,0,none
170.746,3415,-0.32480,-3.00508,0.75901,0,10,0,FALLBACK,0.1350,0.100,1.1418,0,none
170.795,3416,-0.33079,-2.97440,0.74914,0,10,0,FALLBACK,0.1839,0.100,1.1429,0,none
170.844,3417,-0.32922,-3.10410,0.74998,0,10,0,FALLBACK,0.1382,0.100,1.1438,0,none
170.894,3418,-0.29659,-3.19755,0.75797,0,10,0,FALLBACK,-0.1802,0.100,1.1449,0,none
170.945,3419,-0.31678,-3.03629,0.79691,0,10,0,FALLBACK,0.1848,0.100,1.1449,0,none
170.996,3420,-0.34267,-2.88668,0.78476,0,10,0,FALLBACK,0.3429,0.100,1.1444,0,none
171.045,3421,-0.35283,-2.91890,0.81022,0,10,0,FALLBACK,0.3149,0.100,1.1438,0,none
171.096,3422,-0.34779,-3.09601,0.76521,0,10,0,FALLBACK,0.2137,0.100,1.1445,0,none
171.147,3423,-0.32787,-3.10854,0.76494,0,10,0,FALLBACK,0.0398,0.100,1.1459,0,none
171.195,3424,-0.33319,-2.96535,0.79966,0,10,0,FALLBACK,0.1926,0.100,1.1473,0,none
171.246,3425,-0.33750,-2.95566,0.82677,0,10,0,FALLBACK,0.2090,0.100,1.1480,0,none
171.295,3426,-0.33201,-3.04140,0.75142,0,10,0,FALLBACK,0.1326,0.100,1.1488,0,none
171.346,3427,-0.30335,-2.97879,0.75189,0,10,0,FALLBACK,-0.1266,0.100,1.1501,0,none
171.396,3428,-0.31755,-3.04687,0.76528,0,10,0,FALLBACK,0.1588,0.100,1.1506,0,none
171.447,3429,-0.33589,-3.09327,0.75935,0,10,0,FALLBACK,0.2712,0.100,1.1507,0,none
171.496,3430,-0.34169,-3.06743,0.71475,0,10,0,FALLBACK,0.2375,0.100,1.1508,0,none
171.547,3431,-0.31792,-3.10009,0.68153,0,10,0,FALLBACK,-0.0293,0.100,1.1516,0,none
171.596,3432,-0.32620,-3.07150,0.76784,0,10,0,FALLBACK,0.1724,0.100,1.1525,0,none
171.650,3433,-0.33667,-3.01944,0.74005,0,10,0,FALLBACK,0.2357,0.100,1.1530,0,none
171.698,3434,-0.33649,-3.05972,0.73619,0,10,0,FALLBACK,0.1815,0.100,1.1535,0,none
171.748,3435,-0.32717,-2.97254,0.73155,0,10,0,FALLBACK,0.0892,0.100,1.1546,0,none
171.799,3436,-0.30536,-2.99526,0.72676,0,10,0,FALLBACK,-0.0822,0.100,1.1559,0,none
171.847,3437,-0.31467,-2.98680,0.71404,0,10,0,FALLBACK,0.1199,0.100,1.1568,0,none
171.897,3438,-0.32646,-2.98697,0.74713,0,10,0,FALLBACK,0.1912,0.100,1.1573,0,none
171.947,3439,-0.32931,-3.08224,0.73763,0,10,0,FALLBACK,0.1608,0.100,1.1579,0,none
171.999,3440,-0.31148,-3.00552,0.73220,0,10,0,FALLBACK,-0.0318,0.100,1.1589,0,none
172.049,3441,-0.32157,-3.00567,0.68746,0,10,0,FALLBACK,0.1584,0.100,1.1598,0,none
172.099,3442,-0.33278,-2.89299,0.74464,0,10,0,FALLBACK,0.2199,0.100,1.1603,0,none
172.149,3443,-0.33400,-2.90859,0.70412,0,10,0,FALLBACK,0.1761,0.100,1.1608,0,none
172.198,3444,-0.31512,-3.04676,0.72464,0,10,0,FALLBACK,-0.0188,0.100,1.1618,0,none
172.250,3445,-0.31583,-3.16452,0.71927,0,10,0,FALLBACK,0.0827,0.100,1.1627,0,none
172.301,3446,-0.31882,-3.01896,0.68972,0,10,0,FALLBACK,0.1090,0.100,1.1637,0,none
172.352,3447,-0.31680,-3.24297,0.69405,0,10,0,FALLBACK,0.0739,0.100,1.1646,0,none
172.400,3448,-0.31065,-3.15016,0.68209,0,10,0,FALLBACK,0.0225,0.100,1.1656,0,none
172.451,3449,-0.29831,-3.19534,0.67402,0,10,0,FALLBACK,-0.0702,0.100,1.1667,0,none
172.501,3450,-0.30545,-3.16795,0.70022,0,10,0,FALLBACK,0.0630,0.100,1.1676,0,none
172.550,3451,-0.31450,-3.08992,0.70431,0,10,0,FALLBACK,0.1177,0.100,1.1684,0,none
172.600,3452,-0.31820,-3.05148,0.70412,0,10,0,FALLBACK,0.1095,0.100,1.1692,0,none
172.651,3453,-0.30372,-3.03748,0.72327,0,10,0,FALLBACK,-0.0538,0.100,1.1701,0,none
172.703,3454,-0.32020,-2.97807,0.71880,0,10,0,FALLBACK,0.1835,0.100,1.1709,0,none
172.749,3455,-0.34082,-2.89838,0.72545,0,10,0,FALLBACK,0.3072,0.100,1.1714,0,none
172.801,3456,-0.35105,-3.00721,0.70988,0,10,0,FALLBACK,0.3064,0.100,1.1711,0,none
172.836,3457,-0.32096,-3.04973,0.70259,0,10,0,FALLBACK,-0.0456,0.100,1.1711,0,none
172.884,3458,-0.33750,-3.05486,0.69685,0,10,0,FALLBACK,0.2701,0.100,1.1714,0,none
172.936,3459,-0.35264,-2.89034,0.71578,0,10,0,FALLBACK,0.3390,0.100,1.1704,0,none
172.984,3460,-0.35133,-2.96427,0.67600,0,10,0,FALLBACK,0.2500,0.100,1.1702,0,none
173.035,3461,-0.33849,-2.96369,0.65295,0,10,0,FALLBACK,0.1283,0.100,1.1713,0,none
173.084,3462,-0.31572,-3.04974,0.68881,0,10,0,FALLBACK,-0.0353,0.100,1.1726,0,none
173.137,3463,-0.31821,-2.95801,0.66201,0,10,0,FALLBACK,0.1035,0.100,1.1734,0,none
173.185,3464,-0.32033,-2.91502,0.71162,0,10,0,FALLBACK,0.1123,0.100,1.1741,0,none
173.234,3465,-0.31640,-3.02092,0.67943,0,10,0,FALLBACK,0.0623,0.100,1.1749,0,none
173.287,3466,-0.29840,-2.99478,0.68986,0,10,0,FALLBACK,-0.0979,0.100,1.1759,0,none
173.335,3467,-0.31357,-2.85407,0.70655,0,10,0,FALLBACK,0.1437,0.100,1.1765,0,none
173.386,3468,-0.32773,-2.84195,0.77656,0,10,0,FALLBACK,0.2094,0.100,1.1765,0,none
173.436,3469,-0.33124,-2.88968,0.75275,0,10,0,FALLBACK,0.1738,0.100,1.1768,0,none
173.486,3470,-0.31078,-2.84886,0.72225,0,10,0,FALLBACK,-0.0484,0.100,1.1777,0,none
173.536,3471,-0.32552,-2.89860,0.74639,0,10,0,FALLBACK,0.2013,0.100,1.1783,0,none
173.586,3472,-0.33790,-2.99903,0.70749,0,10,0,FALLBACK,0.2514,0.100,1.1780,0,none
173.636,3473,-0.33771,-2.99137,0.68639,0,10,0,FALLBACK,0.1876,0.100,1.1782,0,none
173.687,3474,-0.30395,-3.06890,0.66181,0,10,0,FALLBACK,-0.1490,0.100,1.1791,0,none
173.736,3475,-0.32109,-3.05475,0.70995,0,10,0,FALLBACK,0.1911,0.100,1.1787,0,none
173.787,3476,-0.33858,-2.88291,0.73686,0,10,0,FALLBACK,0.2803,0.100,1.1779,0,none
173.836,3477,-0.34148,-2.97507,0.69226,0,10,0,FALLBACK,0.2219,0.100,1.1778,0,none
173.887,3478,-0.33389,-3.11548,0.63986,0,10,0,FALLBACK,0.1314,0.100,1.1786,0,none
173.937,3479,-0.31437,-2.99950,0.65726,0,10,0,FALLBACK,-0.0257,0.100,1.1797,0,none
173.985,3480,-0.31973,-2.92018,0.62688,0,10,0,FALLBACK,0.1255,0.100,1.1805,0,none
174.037,3481,-0.32396,-3.06662,0.63142,0,10,0,FALLBACK,0.1409,0.100,1.1810,0,none
174.085,3482,-0.32090,-2.93352,0.61262,0,10,0,FALLBACK,0.0892,0.100,1.1817,0,none
174.137,3483,-0.30601,-3.02390,0.62366,0,10,0,FALLBACK,-0.0444,0.100,1.1826,0,none
174.187,3484,-0.31136,-2.77074,0.70861,0,10,0,FALLBACK,0.0836,0.100,1.1833,0,none
174.239,3485,-0.31666,-2.81032,0.74838,0,10,0,FALLBACK,0.1097,0.100,1.1839,0,none
174.288,3486,-0.31632,-3.00830,0.65847,0,10,0,FALLBACK,0.0799,0.100,1.1846,0,none
174.337,3487,-0.30412,-2.78675,0.66820,0,10,0,FALLBACK,-0.0404,0.100,1.1855,0,none
174.388,3488,-0.30968,-2.87262,0.66116,0,10,0,FALLBACK,0.0762,0.100,1.1862,0,none
174.439,3489,-0.31514,-2.82422,0.69042,0,10,0,FALLBACK,0.1030,0.100,1.1869,0,none
174.489,3490,-0.31546,-3.05579,0.62269,0,10,0,FALLBACK,0.0788,0.100,1.1875,0,none
174.538,3491,-0.30687,-3.11829,0.63560,0,10,0,FALLBACK,-0.0086,0.100,1.1884,0,none
174.588,3492,-0.30769,-3.13173,0.58507,0,10,0,FALLBACK,0.0425,0.100,1.1892,0,none
174.639,3493,-0.30855,-3.24609,0.65604,0,10,0,FALLBACK,0.0470,0.100,1.1899,0,none
174.690,3494,-0.30698,-3.23673,0.58632,0,10,0,FALLBACK,0.0271,0.100,1.1907,0,none
174.739,3495,-0.30365,-3.30476,0.58324,0,10,0,FALLBACK,0.0016,0.100,1.1915,0,none
174.788,3496,-0.30072,-3.18405,0.62665,0,10,0,FALLBACK,-0.0111,0.100,1.1923,0,none
174.838,3497,-0.29360,-3.24592,0.58131,0,10,0,FALLBACK,-0.0676,0.100,1.1931,0,none
174.887,3498,-0.28758,-3.33737,0.61937,0,10,0,FALLBACK,-0.0922,0.100,1.1938,0,none
174.940,3499,-0.28572,-3.20637,0.60565,0,10,0,FALLBACK,-0.0807,0.100,1.1944,0,none
174.989,3500,-0.29146,-3.06604,0.59527,0,10,0,FALLBACK,-0.0140,0.100,1.1952,0,none
175.039,3501,-0.28625,-3.06307,0.59864,0,10,0,FALLBACK,-0.0948,0.100,1.1959,0,none
175.088,3502,-0.28295,-3.03627,0.60358,0,10,0,FALLBACK,-0.1017,0.100,1.1965,0,none
175.139,3503,-0.28464,-3.21047,0.56442,0,10,0,FALLBACK,-0.0684,0.100,1.1971,0,none
175.190,3504,-0.29166,-3.28280,0.59113,0,10,0,FALLBACK,-0.0066,0.100,1.1979,0,none
175.240,3505,-0.29390,-3.19559,0.62811,0,10,0,FALLBACK,-0.0193,0.100,1.1986,0,none
175.292,3506,-0.29593,-3.02063,0.62224,0,10,0,FALLBACK,-0.0102,0.100,1.1993,0,none
175.338,3507,-0.29873,-2.99595,0.65973,0,10,0,FALLBACK,0.0076,0.100,1.2000,0,none
175.389,3508,-0.30555,-2.91416,0.65784,0,10,0,FALLBACK,0.0619,0.100,1.2007,0,none
175.440,3509,-0.30079,-2.98689,0.67307,0,10,0,FALLBACK,-0.0199,0.100,1.2013,0,none
175.493,3510,-0.29506,-3.16612,0.63740,0,10,0,FALLBACK,-0.0533,0.100,1.2019,0,none
175.539,3511,-0.29171,-3.10116,0.62879,0,10,0,FALLBACK,-0.0582,0.100,1.2026,0,none
175.590,3512,-0.29177,-3.10949,0.62749,0,10,0,FALLBACK,-0.0409,0.100,1.2032,0,none
175.641,3513,-0.29237,-3.07487,0.64566,0,10,0,FALLBACK,-0.0352,0.100,1.2039,0,none
175.693,3514,-0.29423,-2.97939,0.62929,0,10,0,FALLBACK,-0.0196,0.100,1.2045,0,none
175.741,3515,-0.29695,-3.10648,0.61064,0,10,0,FALLBACK,-0.0016,0.100,1.2052,0,none
175.792,3516,-0.29979,-3.17398,0.60836,0,10,0,FALLBACK,0.0132,0.100,1.2058,0,none
175.842,3517,-0.30137,-3.21097,0.64278,0,10,0,FALLBACK,0.0148,0.100,1.2064,0,none
175.892,3518,-0.30976,-3.10034,0.65332,0,10,0,FALLBACK,0.0907,0.100,1.2071,0,none
175.943,3519,-0.31540,-3.10264,0.65450,0,10,0,FALLBACK,0.1052,0.100,1.2075,0,none
175.991,3520,-0.31604,-3.11057,0.63761,0,10,0,FALLBACK,0.0834,0.100,1.2080,0,none
176.042,3521,-0.31232,-3.07360,0.65012,0,10,0,FALLBACK,0.0430,0.100,1.2086,0,none
176.093,3522,-0.30908,-3.04886,0.61625,0,10,0,FALLBACK,0.0292,0.100,1.2093,0,none
176.142,3523,-0.30492,-3.00106,0.64714,0,10,0,FALLBACK,0.0038,0.100,1.2099,0,none
176.192,3524,-0.30045,-3.08881,0.59648,0,10,0,FALLBACK,-0.0201,0.100,1.2105,0,none
176.244,3525,-0.29699,-3.07537,0.60923,0,10,0,FALLBACK,-0.0324,0.100,1.2111,0,none
176.292,3526,-0.29404,-2.80056,0.68258,0,10,0,FALLBACK,-0.0446,0.100,1.2117,0,none
176.342,3527,-0.29280,-3.13667,0.62369,0,10,0,FALLBACK,-0.0422,0.100,1.2122,0,none
176.392,3528,-0.29342,-2.93732,0.65758,0,10,0,FALLBACK,-0.0298,0.100,1.2128,0,none
176.443,3529,-0.29503,-2.67744,0.71119,0,10,0,FALLBACK,-0.0168,0.100,1.2134,0,none
176.494,3530,-0.29845,-2.96617,0.66083,0,10,0,FALLBACK,0.0093,0.100,1.2139,0,none
176.544,3531,-0.30173,-3.14549,0.64382,0,10,0,FALLBACK,0.0250,0.100,1.2145,0,none
176.594,3532,-0.30387,-3.05159,0.65105,0,10,0,FALLBACK,0.0301,0.100,1.2150,0,none
176.642,3533,-0.30626,-3.02089,0.60074,0,10,0,FALLBACK,0.0433,0.100,1.2155,0,none
176.693,3534,-0.30294,-3.28545,0.63795,0,10,0,FALLBACK,-0.0019,0.100,1.2160,0,none
176.744,3535,-0.29805,-3.38489,0.57717,0,10,0,FALLBACK,-0.0342,0.100,1.2166,0,none
176.795,3536,-0.29401,-3.30204,0.60572,0,10,0,FALLBACK,-0.0501,0.100,1.2171,0,none
176.844,3537,-0.29028,-3.29144,0.59293,0,10,0,FALLBACK,-0.0673,0.100,1.2176,0,none
176.894,3538,-0.29307,-3.13790,0.62365,0,10,0,FALLBACK,-0.0206,0.100,1.2181,0,none
176.944,3539,-0.29807,-3.18493,0.62337,0,10,0,FALLBACK,0.0153,0.100,1.2186,0,none
176.995,3540,-0.30269,-3.09916,0.62909,0,10,0,FALLBACK,0.0365,0.100,1.2191,0,none
177.046,3541,-0.30859,-3.16205,0.58698,0,10,0,FALLBACK,0.0724,0.100,1.2195,0,none
177.096,3542,-0.30603,-3.11892,0.61109,0,10,0,FALLBACK,0.0174,0.100,1.2199,0,none
177.147,3543,-0.30040,-3.05595,0.60027,0,10,0,FALLBACK,-0.0261,0.100,1.2204,0,none
177.194,3544,-0.29553,-3.20777,0.57394,0,10,0,FALLBACK,-0.0467,0.100,1.2209,0,none
177.245,3545,-0.29639,-3.09908,0.58691,0,10,0,FALLBACK,-0.0138,0.100,1.2214,0,none
177.296,3546,-0.29130,-2.99185,0.58679,0,10,0,FALLBACK,-0.0689,0.100,1.2218,0,none
177.347,3547,-0.28726,-3.12571,0.56374,0,10,0,FALLBACK,-0.0839,0.100,1.2222,0,none
177.397,3548,-0.28702,-3.17938,0.62124,0,10,0,FALLBACK,-0.0660,0.100,1.2227,0,none
177.448,3549,-0.29427,-2.92798,0.65164,0,10,0,FALLBACK,0.0076,0.100,1.2231,0,none
177.498,3550,-0.29466,-2.91809,0.68754,0,10,0,FALLBACK,-0.0247,0.100,1.2235,0,none
177.546,3551,-0.29422,-2.91240,0.63142,0,10,0,FALLBACK,-0.0311,0.100,1.2240,0,none
177.597,3552,-0.29526,-3.10429,0.61695,0,10,0,FALLBACK,-0.0185,0.100,1.2244,0,none
177.648,3553,-0.29757,-3.09166,0.61225,0,10,0,FALLBACK,-0.0006,0.100,1.2249,0,none
177.698,3554,-0.30063,-3.22177,0.61350,0,10,0,FALLBACK,0.0184,0.100,1.2253,0,none
177.747,3555,-0.29689,-3.20082,0.63227,0,10,0,FALLBACK,-0.0342,0.100,1.2257,0,none
177.799,3556,-0.29296,-3.33969,0.60886,0,10,0,FALLBACK,-0.0548,0.100,1.2261,0,none
177.847,3557,-0.29154,-3.23677,0.62752,0,10,0,FALLBACK,-0.0494,0.100,1.2265,0,none
177.899,3558,-0.29242,-3.25566,0.63885,0,10,0,FALLBACK,-0.0336,0.100,1.2269,0,none
177.950,3559,-0.29623,-3.04586,0.62810,0,10,0,FALLBACK,0.0002,0.100,1.2274,0,none
177.999,3560,-0.30062,-3.13783,0.60700,0,10,0,FALLBACK,0.0250,0.100,1.2278,0,none
178.049,3561,-0.30415,-3.05617,0.65467,0,10,0,FALLBACK,0.0384,0.100,1.2282,0,none
178.100,3562,-0.30411,-2.99208,0.67690,0,10,0,FALLBACK,0.0203,0.100,1.2285,0,none
178.151,3563,-0.31277,-2.96848,0.68482,0,10,0,FALLBACK,0.1071,0.100,1.2289,0,none
178.200,3564,-0.31937,-2.98797,0.69077,0,10,0,FALLBACK,0.1299,0.100,1.2291,0,none
178.249,3565,-0.31986,-3.11513,0.62774,0,10,0,FALLBACK,0.1018,0.100,1.2293,0,none
178.299,3566,-0.31308,-2.85448,0.65301,0,10,0,FALLBACK,0.0315,0.100,1.2297,0,none
178.351,3567,-0.31164,-2.71062,0.73759,0,10,0,FALLBACK,0.0510,0.100,1.2301,0,none
178.400,3568,-0.30957,-3.08309,0.66458,0,10,0,FALLBACK,0.0375,0.100,1.2305,0,none
178.450,3569,-0.30531,-2.82143,0.70108,0,10,0,FALLBACK,0.0052,0.100,1.2309,0,none
178.502,3570,-0.29840,-2.75305,0.69276,0,10,0,FALLBACK,-0.0425,0.100,1.2313,0,none
178.551,3571,-0.29860,-2.94596,0.66690,0,10,0,FALLBACK,-0.0060,0.100,1.2316,0,none
178.602,3572,-0.30065,-2.97842,0.64892,0,10,0,FALLBACK,0.0135,0.100,1.2320,0,none
178.652,3573,-0.30213,-3.04417,0.63635,0,10,0,FALLBACK,0.0181,0.100,1.2324,0,none
178.702,3574,-0.29774,-3.07954,0.62297,0,10,0,FALLBACK,-0.0332,0.100,1.2327,0,none
178.750,3575,-0.30843,-3.04068,0.66095,0,10,0,FALLBACK,0.0956,0.100,1.2331,0,none
178.801,3576,-0.32072,-3.01868,0.64969,0,10,0,FALLBACK,0.1651,0.100,1.2333,0,none
178.852,3577,-0.32771,-3.06258,0.63959,0,10,0,FALLBACK,0.1735,0.100,1.2332,0,none
178.886,3578,-0.32138,-3.04605,0.68687,0,10,0,FALLBACK,0.0753,0.100,1.2332,0,none
178.935,3579,-0.32424,-2.97288,0.66163,0,10,0,FALLBACK,0.1355,0.100,1.2336,0,none
178.985,3580,-0.32375,-2.96923,0.67968,0,10,0,FALLBACK,0.1163,0.100,1.2338,0,none
179.035,3581,-0.31739,-3.05786,0.64014,0,10,0,FALLBACK,0.0551,0.100,1.2341,0,none
179.085,3582,-0.30059,-3.05029,0.62242,0,10,0,FALLBACK,-0.0810,0.100,1.2345,0,none
179.136,3583,-0.30591,-2.99207,0.66604,0,10,0,FALLBACK,0.0562,0.100,1.2346,0,none
179.187,3584,-0.31238,-2.97487,0.64943,0,10,0,FALLBACK,0.0943,0.100,1.2347,0,none
179.236,3585,-0.31381,-3.03447,0.64269,0,10,0,FALLBACK,0.0762,0.100,1.2349,0,none
179.286,3586,-0.30609,-3.17811,0.61858,0,10,0,FALLBACK,-0.0081,0.100,1.2352,0,none
179.334,3587,-0.31082,-2.87807,0.65136,0,10,0,FALLBACK,0.0777,0.100,1.2355,0,none
179.385,3588,-0.31444,-2.94486,0.67768,0,10,0,FALLBACK,0.0903,0.100,1.2357,0,none
179.437,3589,-0.31346,-3.09147,0.64139,0,10,0,FALLBACK,0.0624,0.100,1.2359,0,none
179.488,3590,-0.29975,-2.56241,0.81480,0,10,0,FALLBACK,-0.0698,0.100,1.2363,0,none
179.536,3591,-0.31033,-2.78183,0.65831,0,10,0,FALLBACK,0.1046,0.100,1.2364,0,none
179.588,3592,-0.32045,-2.73189,0.70328,0,10,0,FALLBACK,0.1528,0.100,1.2362,0,none
179.636,3593,-0.32263,-2.81727,0.67632,0,10,0,FALLBACK,0.1241,0.100,1.2362,0,none
179.687,3594,-0.31225,-2.91777,0.63521,0,10,0,FALLBACK,0.0094,0.100,1.2365,0,none
179.738,3595,-0.31468,-2.94908,0.67807,0,10,0,FALLBACK,0.0856,0.100,1.2368,0,none
179.787,3596,-0.31597,-3.10778,0.63680,0,10,0,FALLBACK,0.0863,0.100,1.2370,0,none
179.838,3597,-0.31261,-3.27323,0.64708,0,10,0,FALLBACK,0.0462,0.100,1.2372,0,none
179.887,3598,-0.30418,-3.03265,0.66914,0,10,0,FALLBACK,-0.0213,0.100,1.2376,0,none
179.938,3599,-0.30160,-3.21446,0.63767,0,10,0,FALLBACK,-0.0049,0.100,1.2379,0,none
179.987,3600,-0.30022,-3.09099,0.64360,0,10,0,FALLBACK,-0.0059,0.100,1.2382,0,none
180.037,3601,-0.29888,-3.13002,0.62592,0,10,0,FALLBACK,-0.0122,0.100,1.2385,0,none
180.087,3602,-0.29067,-3.12453,0.63504,0,10,0,FALLBACK,-0.0878,0.100,1.2388,0,none
180.139,3603,-0.30075,-2.86995,0.66204,0,10,0,FALLBACK,0.0541,0.100,1.2390,0,none
180.190,3604,-0.31155,-2.92452,0.63774,0,10,0,FALLBACK,0.1118,0.100,1.2390,0,none
180.239,3605,-0.31666,-3.04986,0.64262,0,10,0,FALLBACK,0.1088,0.100,1.2391,0,none
180.286,3606,-0.30813,-2.61335,0.70308,0,10,0,FALLBACK,-0.0019,0.100,1.2393,0,none
180.338,3607,-0.31567,-2.96846,0.62954,0,10,0,FALLBACK,0.1160,0.100,1.2395,0,none
180.390,3608,-0.32120,-2.84685,0.62802,0,10,0,FALLBACK,0.1336,0.100,1.2395,0,none
180.441,3609,-0.31991,-2.94105,0.58292,0,10,0,FALLBACK,0.0932,0.100,1.2396,0,none
180.490,3610,-0.31173,-2.52037,0.79241,0,10,0,FALLBACK,0.0177,0.100,1.2399,0,none
180.539,3611,-0.30645,-2.90902,0.65877,0,10,0,FALLBACK,0.0058,0.100,1.2402,0,none
180.592,3612,-0.30155,-2.93584,0.64877,0,10,0,FALLBACK,-0.0168,0.100,1.2405,0,none
180.641,3613,-0.29717,-2.82742,0.67736,0,10,0,FALLBACK,-0.0361,0.100,1.2408,0,none
180.690,3614,-0.28455,-2.81965,0.65735,0,10,0,FALLBACK,-0.1403,0.100,1.2411,0,none
180.739,3615,-0.29602,-2.96578,0.64805,0,10,0,FALLBACK,0.0374,0.100,1.2410,0,none
180.788,3616,-0.31317,-2.96259,0.66711,0,10,0,FALLBACK,0.1516,0.100,1.2410,0,none
180.839,3617,-0.32538,-2.93639,0.67760,0,10,0,FALLBACK,0.1880,0.100,1.2408,0,none
180.890,3618,-0.32886,-3.05074,0.65331,0,10,0,FALLBACK,0.1617,0.100,1.2406,0,none
180.939,3619,-0.32400,-3.22460,0.64126,0,10,0,FALLBACK,0.0957,0.100,1.2407,0,none
180.990,3620,-0.31662,-2.84759,0.68080,0,10,0,FALLBACK,0.0463,0.100,1.2411,0,none
181.040,3621,-0.30746,-3.05900,0.61838,0,10,0,FALLBACK,-0.0085,0.100,1.2415,0,none
181.091,3622,-0.29841,-2.96817,0.66645,0,10,0,FALLBACK,-0.0532,0.100,1.2417,0,none
181.142,3623,-0.29089,-2.87884,0.70657,0,10,0,FALLBACK,-0.0831,0.100,1.2420,0,none
181.189,3624,-0.29680,-2.82763,0.64784,0,10,0,FALLBACK,0.0136,0.100,1.2422,0,none
181.242,3625,-0.30389,-2.87359,0.60842,0,10,0,FALLBACK,0.0549,0.100,1.2424,0,none
181.291,3626,-0.30818,-2.80369,0.68208,0,10,0,FALLBACK,0.0623,0.100,1.2425,0,none
181.343,3627,-0.30918,-2.82954,0.67796,0,10,0,FALLBACK,0.0509,0.100,1.2427,0,none
181.391,3628,-0.31067,-2.87912,0.59780,0,10,0,FALLBACK,0.0608,0.100,1.2430,0,none
181.442,3629,-0.30992,-2.68970,0.64475,0,10,0,FALLBACK,0.0459,0.100,1.2432,0,none
181.491,3630,-0.30684,-2.62376,0.73378,0,10,0,FALLBACK,0.0188,0.100,1.2435,0,none
181.541,3631,-0.30138,-2.79123,0.62997,0,10,0,FALLBACK,-0.0204,0.100,1.2437,0,none
181.589,3632,-0.30867,-2.65019,0.72394,0,10,0,FALLBACK,0.0797,0.100,1.2440,0,none
181.641,3633,-0.31440,-2.96020,0.64134,0,10,0,FALLBACK,0.1007,0.100,1.2440,0,none
181.693,3634,-0.31496,-2.74348,0.67708,0,10,0,FALLBACK,0.0776,0.100,1.2441,0,none
181.742,3635,-0.30940,-2.79281,0.68945,0,10,0,FALLBACK,0.0191,0.100,1.2444,0,none
181.791,3636,-0.31853,-2.98002,0.68430,0,10,0,FALLBACK,0.1383,0.100,1.2446,0,none
181.841,3637,-0.32416,-3.08731,0.67817,0,10,0,FALLBACK,0.1489,0.100,1.2444,0,none
181.891,3638,-0.32210,-3.02069,0.64327,0,10,0,FALLBACK,0.1002,0.100,1.2445,0,none
181.941,3639,-0.31179,-3.02203,0.66363,0,10,0,FALLBACK,0.0074,0.100,1.2447,0,none
181.991,3640,-0.31914,-2.90274,0.70882,0,10,0,FALLBACK,0.1325,0.100,1.2450,0,none
182.042,3641,-0.32370,-3.01101,0.67388,0,10,0,FALLBACK,0.1413,0.100,1.2448,0,none
182.092,3642,-0.32079,-2.66370,0.74238,0,10,0,FALLBACK,0.0894,0.100,1.2449,0,none
182.144,3643,-0.30839,-2.64771,0.77554,0,10,0,FALLBACK,-0.0200,0.100,1.2451,0,none
182.192,3644,-0.32062,-2.88500,0.66366,0,10,0,FALLBACK,0.1642,0.100,1.2453,0,none
182.245,3645,-0.32969,-2.22911,1.04584,0,10,0,FALLBACK,0.1938,0.100,1.2448,0,none
182.293,3646,-0.32853,-2.50610,0.80231,0,10,0,FALLBACK,0.1368,0.100,1.2446,0,none
182.343,3647,-0.31481,-2.61685,0.75677,0,10,0,FALLBACK,0.0055,0.100,1.2449,0,none
182.392,3648,-0.32532,-2.69293,0.80832,0,10,0,FALLBACK,0.1791,0.100,1.2451,0,none
182.443,3649,-0.33207,-2.30170,1.03850,0,10,0,FALLBACK,0.1941,0.100,1.2446,0,none
182.493,3650,-0.32856,-2.69926,0.74962,0,10,0,FALLBACK,0.1253,0.100,1.2444,0,none
182.543,3651,-0.31313,-2.81306,0.67060,0,10,0,FALLBACK,-0.0115,0.100,1.2447,0,none
182.596,3652,-0.31655,-2.88746,0.66344,0,10,0,FALLBACK,0.0998,0.100,1.2449,0,none
182.646,3653,-0.31905,-2.82574,0.69133,0,10,0,FALLBACK,0.1078,0.100,1.2450,0,none
182.695,3654,-0.31598,-2.88141,0.70277,0,10,0,FALLBACK,0.0645,0.100,1.2451,0,none
182.745,3655,-0.30298,-2.81407,0.67213,0,10,0,FALLBACK,-0.0501,0.100,1.2453,0,none
182.794,3656,-0.31254,-2.90317,0.66783,0,10,0,FALLBACK,0.1105,0.100,1.2455,0,none
182.844,3657,-0.32432,-2.86861,0.70263,0,10,0,FALLBACK,0.1805,0.100,1.2453,0,none
182.894,3658,-0.32872,-2.81723,0.67079,0,10,0,FALLBACK,0.1656,0.100,1.2451,0,none
182.943,3659,-0.31813,-2.77314,0.66385,0,10,0,FALLBACK,0.0377,0.100,1.2451,0,none
182.995,3660,-0.32442,-2.88791,0.66944,0,10,0,FALLBACK,0.1536,0.100,1.2453,0,none
183.045,3661,-0.32892,-3.07423,0.64457,0,10,0,FALLBACK,0.1671,0.100,1.2452,0,none
183.095,3662,-0.32506,-2.90549,0.69660,0,10,0,FALLBACK,0.1059,0.100,1.2452,0,none
183.147,3663,-0.30803,-3.03707,0.62385,0,10,0,FALLBACK,-0.0450,0.100,1.2454,0,none
183.197,3664,-0.31218,-2.93738,0.63820,0,10,0,FALLBACK,0.0817,0.100,1.2455,0,none
183.245,3665,-0.31817,-2.98293,0.58424,0,10,0,FALLBACK,0.1208,0.100,1.2455,0,none
183.296,3666,-0.31827,-2.98854,0.63757,0,10,0,FALLBACK,0.0919,0.100,1.2455,0,none
183.347,3667,-0.30929,-2.83411,0.62599,0,10,0,FALLBACK,0.0015,0.100,1.2457,0,none
183.397,3668,-0.31008,-2.83396,0.62211,0,10,0,FALLBACK,0.0543,0.100,1.2459,0,none
183.447,3669,-0.31112,-2.91490,0.63722,0,10,0,FALLBACK,0.0608,0.100,1.2461,0,none
183.497,3670,-0.30903,-2.83614,0.67967,0,10,0,FALLBACK,0.0347,0.100,1.2463,0,none
183.546,3671,-0.29701,-2.66314,0.72446,0,10,0,FALLBACK,-0.0750,0.100,1.2465,0,none
183.597,3672,-0.30926,-2.76038,0.76855,0,10,0,FALLBACK,0.1076,0.100,1.2466,0,none
183.646,3673,-0.32296,-2.66366,0.88076,0,10,0,FALLBACK,0.1833,0.100,1.2463,0,none
183.696,3674,-0.32821,-2.80205,0.82276,0,10,0,FALLBACK,0.1673,0.100,1.2460,0,none
183.746,3675,-0.31282,-2.96798,0.75375,0,10,0,FALLBACK,-0.0129,0.100,1.2460,0,none
183.796,3676,-0.32827,-3.03805,0.74956,0,10,0,FALLBACK,0.2186,0.100,1.2461,0,none
183.846,3677,-0.34269,-2.98726,0.76274,0,10,0,FALLBACK,0.2856,0.100,1.2452,0,none
183.897,3678,-0.34311,-3.09001,0.65688,0,10,0,FALLBACK,0.2177,0.100,1.2444,0,none
183.946,3679,-0.32292,-2.98207,0.73055,0,10,0,FALLBACK,0.0137,0.100,1.2444,0,none
183.997,3680,-0.32103,-2.86423,0.71151,0,10,0,FALLBACK,0.0957,0.100,1.2447,0,none
184.048,3681,-0.32009,-2.95420,0.70462,0,10,0,FALLBACK,0.0957,0.100,1.2448,0,none
184.095,3682,-0.31408,-3.05811,0.67545,0,10,0,FALLBACK,0.0403,0.100,1.2450,0,none
184.149,3683,-0.29121,-2.95369,0.70725,0,10,0,FALLBACK,-0.1583,0.100,1.2452,0,none
184.197,3684,-0.30517,-2.94537,0.73121,0,10,0,FALLBACK,0.0956,0.100,1.2448,0,none
184.248,3685,-0.32424,-2.64203,0.97545,0,10,0,FALLBACK,0.2166,0.100,1.2444,0,none
184.296,3686,-0.33351,-2.86707,0.78505,0,10,0,FALLBACK,0.2139,0.100,1.2437,0,none
184.347,3687,-0.31107,-2.70130,0.85872,0,10,0,FALLBACK,-0.0569,0.100,1.2435,0,none
184.398,3688,-0.33605,-2.58387,0.86459,0,10,0,FALLBACK,0.3051,0.100,1.2433,0,none
184.447,3689,-0.36078,-2.11005,1.09920,0,10,0,FALLBACK,0.4276,0.100,1.2411,0,none
184.498,3690,-0.36455,-2.62779,0.92035,0,10,0,FALLBACK,0.3416,0.100,1.2389,0,none
184.546,3691,-0.32262,-2.81210,0.79324,0,10,0,FALLBACK,-0.0965,0.100,1.2386,0,none
184.598,3692,-0.33881,-2.60797,0.91012,0,10,0,FALLBACK,0.2750,0.100,1.2377,0,none
184.649,3693,-0.35940,-2.64705,0.84697,0,10,0,FALLBACK,0.4000,0.100,1.2357,0,none
184.700,3694,-0.36012,-2.63443,0.90415,0,10,0,FALLBACK,0.3042,0.100,1.2338,0,none
184.750,3695,-0.30839,-2.87494,0.81575,0,10,0,FALLBACK,-0.2167,0.100,1.2337,0,none
184.797,3696,-0.32293,-2.72659,0.93161,0,10,0,FALLBACK,0.1873,0.100,1.2325,0,none
184.847,3697,-0.35233,-2.80499,0.72596,0,10,0,FALLBACK,0.4087,0.100,1.2303,0,none
184.897,3698,-0.37022,-2.66442,0.81487,0,10,0,FALLBACK,0.4406,0.100,1.2281,0,none
184.950,3699,-0.32719,-2.82327,0.76341,0,10,0,FALLBACK,-0.0792,0.100,1.2260,0,none
184.998,3700,-0.35333,-2.85374,0.74170,0,10,0,FALLBACK,0.3973,0.100,1.2246,0,none
185.049,3701,-0.38228,-2.62411,0.83257,0,10,0,FALLBACK,0.5562,0.100,1.2208,0,none
185.100,3702,-0.38402,-2.81983,0.80294,0,10,0,FALLBACK,0.4288,0.100,1.2173,0,none
185.150,3703,-0.36186,-2.84088,0.82564,0,10,0,FALLBACK,0.1985,0.100,1.2171,0,none
185.201,3704,-0.32168,-2.95612,0.80914,0,10,0,FALLBACK,-0.0925,0.100,1.2182,0,none
185.248,3705,-0.33707,-2.76960,0.82978,0,10,0,FALLBACK,0.2623,0.100,1.2182,0,none
185.300,3706,-0.35458,-2.87410,0.77762,0,10,0,FALLBACK,0.3604,0.100,1.2166,0,none
185.347,3707,-0.35369,-2.83704,0.81259,0,10,0,FALLBACK,0.2640,0.100,1.2154,0,none
185.398,3708,-0.32331,-2.85385,0.81955,0,10,0,FALLBACK,-0.0353,0.100,1.2157,0,none
185.449,3709,-0.34868,-2.69990,0.84942,0,10,0,FALLBACK,0.3703,0.100,1.2159,0,none
185.499,3710,-0.37295,-2.25659,1.10440,0,10,0,FALLBACK,0.4861,0.100,1.2130,0,none
185.548,3711,-0.37307,-2.64415,0.90082,0,10,0,FALLBACK,0.3660,0.100,1.2107,0,none
185.601,3712,-0.33050,-2.84969,0.89459,0,10,0,FALLBACK,-0.0604,0.100,1.2109,0,none
185.648,3713,-0.35014,-2.75907,0.86663,0,10,0,FALLBACK,0.3489,0.100,1.2107,0,none
185.700,3714,-0.37185,-2.54868,0.96124,0,10,0,FALLBACK,0.4678,0.100,1.2081,0,none
185.750,3715,-0.37051,-2.63380,0.94953,0,10,0,FALLBACK,0.3459,0.100,1.2060,0,none
185.798,3716,-0.31395,-2.88747,0.81771,0,10,0,FALLBACK,-0.2131,0.100,1.2063,0,none
185.850,3717,-0.34148,-2.82112,1.00307,0,10,0,FALLBACK,0.3450,0.100,1.2040,0,none
185.901,3718,-0.37694,-2.63204,1.00271,0,10,0,FALLBACK,0.5620,0.100,1.1998,0,none
185.952,3719,-0.38507,-2.77577,0.99722,0,10,0,FALLBACK,0.4660,0.100,1.1958,0,none
186.001,3720,-0.32712,-2.90170,0.96555,0,10,0,FALLBACK,-0.1541,0.100,1.1955,0,none
186.050,3721,-0.34691,-2.85558,1.02197,0,10,0,FALLBACK,0.3335,0.100,1.1935,0,none
186.103,3722,-0.37477,-2.98308,0.75106,0,10,0,FALLBACK,0.5131,0.100,1.1904,0,none
186.152,3723,-0.37791,-2.87601,0.88606,0,10,0,FALLBACK,0.4052,0.100,1.1875,0,none
186.203,3724,-0.35907,-2.97375,0.82510,0,10,0,FALLBACK,0.2011,0.100,1.1877,0,none
186.234,3725,-0.31936,-2.88019,0.89627,0,10,0,FALLBACK,-0.1017,0.100,1.1890,0,none
186.287,3726,-0.33815,-2.83944,0.82918,0,10,0,FALLBACK,0.2847,0.100,1.1890,0,none
186.336,3727,-0.35366,-2.85957,0.77008,0,10,0,FALLBACK,0.3458,0.100,1.1870,0,none
186.386,3728,-0.35090,-2.89668,0.74863,0,10,0,FALLBACK,0.2407,0.100,1.1866,0,none
186.437,3729,-0.31219,-2.94186,0.74888,0,10,0,FALLBACK,-0.1326,0.100,1.1875,0,none
186.486,3730,-0.34766,-2.76414,0.99100,0,10,0,FALLBACK,0.4156,0.100,1.1870,0,none
186.535,3731,-0.37699,-2.51168,0.99108,0,10,0,FALLBACK,0.5316,0.100,1.1819,0,none
186.586,3732,-0.37873,-2.91147,0.92626,0,10,0,FALLBACK,0.4023,0.100,1.1797,0,none
186.634,3733,-0.32652,-3.03254,0.82082,0,10,0,FALLBACK,-0.1284,0.100,1.1807,0,none
186.687,3734,-0.35457,-2.95840,0.75148,0,10,0,FALLBACK,0.4131,0.100,1.1794,0,none
186.737,3735,-0.37885,-2.98660,0.75139,0,10,0,FALLBACK,0.5157,0.100,1.1746,0,none
186.788,3736,-0.37760,-2.93537,0.91797,0,10,0,FALLBACK,0.3817,0.100,1.1731,0,none
186.837,3737,-0.31457,-3.22498,0.73999,0,10,0,FALLBACK,-0.2423,0.100,1.1739,0,none
186.885,3738,-0.32982,-3.25489,0.75869,0,10,0,FALLBACK,0.2254,0.100,1.1711,0,none
186.936,3739,-0.35710,-2.97756,0.99412,0,10,0,FALLBACK,0.4219,0.100,1.1691,0,none
186.987,3740,-0.36199,-3.04506,0.76118,0,10,0,FALLBACK,0.3344,0.100,1.1668,0,none
187.038,3741,-0.35004,-3.30611,0.73874,0,10,0,FALLBACK,0.1905,0.100,1.1676,0,none
187.088,3742,-0.31388,-3.25675,0.73562,0,10,0,FALLBACK,-0.1114,0.100,1.1690,0,none
187.137,3743,-0.33310,-3.19587,0.76950,0,10,0,FALLBACK,0.2616,0.100,1.1692,0,none
187.187,3744,-0.34960,-3.08603,0.76439,0,10,0,FALLBACK,0.3305,0.100,1.1677,0,none
187.238,3745,-0.34906,-3.07146,0.76990,0,10,0,FALLBACK,0.2426,0.100,1.1675,0,none
187.288,3746,-0.30605,-3.07900,0.77894,0,10,0,FALLBACK,-0.1848,0.100,1.1686,0,none
187.338,3747,-0.33686,-2.90473,0.77272,0,10,0,FALLBACK,0.3383,0.100,1.1675,0,none
187.390,3748,-0.36508,-2.98644,0.72239,0,10,0,FALLBACK,0.4665,0.100,1.1639,0,none
187.438,3749,-0.36915,-2.89021,0.80990,0,10,0,FALLBACK,0.3661,0.100,1.1624,0,none
187.489,3750,-0.35657,-2.91078,0.81977,0,10,0,FALLBACK,0.2199,0.100,1.1634,0,none
187.538,3751,-0.32806,-2.91159,0.75227,0,10,0,FALLBACK,-0.0022,0.100,1.1649,0,none
187.588,3752,-0.34986,-2.97845,0.72126,0,10,0,FALLBACK,0.3583,0.100,1.1660,0,none
187.638,3753,-0.36411,-2.82128,0.79334,0,10,0,FALLBACK,0.3918,0.100,1.1637,0,none
187.690,3754,-0.35877,-2.83631,0.78863,0,10,0,FALLBACK,0.2671,0.100,1.1636,0,none
187.739,3755,-0.31754,-3.05649,0.74924,0,10,0,FALLBACK,-0.1184,0.100,1.1649,0,none
187.790,3756,-0.34720,-2.75767,0.78324,0,10,0,FALLBACK,0.3843,0.100,1.1647,0,none
187.840,3757,-0.37176,-2.68867,0.78195,0,10,0,FALLBACK,0.4816,0.100,1.1608,0,none
187.889,3758,-0.37174,-2.94602,0.75741,0,10,0,FALLBACK,0.3586,0.100,1.1595,0,none
187.942,3759,-0.31858,-3.04507,0.75379,0,10,0,FALLBACK,-0.1729,0.100,1.1608,0,none
187.990,3760,-0.34675,-2.94199,0.85685,0,10,0,FALLBACK,0.3746,0.100,1.1592,0,none
188.041,3761,-0.37278,-3.01938,0.75784,0,10,0,FALLBACK,0.4940,0.100,1.1551,0,none
188.091,3762,-0.37338,-3.01479,0.79171,0,10,0,FALLBACK,0.3699,0.100,1.1535,0,none
188.141,3763,-0.35725,-3.15744,0.74636,0,10,0,FALLBACK,0.2056,0.100,1.1548,0,none
188.191,3764,-0.32345,-3.15322,0.75554,0,10,0,FALLBACK,-0.0517,0.100,1.1565,0,none
188.240,3765,-0.33599,-2.91584,0.78630,0,10,0,FALLBACK,0.2426,0.100,1.1573,0,none
188.291,3766,-0.34551,-2.95611,0.79194,0,10,0,FALLBACK,0.2752,0.100,1.1567,0,none
188.340,3767,-0.34095,-2.90781,0.79731,0,10,0,FALLBACK,0.1820,0.100,1.1571,0,none
188.388,3768,-0.29959,-2.80523,0.81158,0,10,0,FALLBACK,-0.2089,0.100,1.1584,0,none
188.440,3769,-0.33384,-2.54835,0.97355,0,10,0,FALLBACK,0.3405,0.100,1.1574,0,none
188.490,3770,-0.36509,-2.48538,0.87007,0,10,0,FALLBACK,0.4817,0.100,1.1536,0,none
188.540,3771,-0.37151,-2.40990,0.99025,0,10,0,FALLBACK,0.3897,0.100,1.1519,0,none
188.591,3772,-0.32153,-2.60833,0.99505,0,10,0,FALLBACK,-0.1423,0.100,1.1530,0,none
188.640,3773,-0.34901,-2.21022,1.31611,0,10,0,FALLBACK,0.3825,0.100,1.1518,0,none
188.691,3774,-0.37391,-2.33032,1.17441,0,10,0,FALLBACK,0.4940,0.100,1.1480,0,none
188.741,3775,-0.37380,-2.45725,0.97550,0,10,0,FALLBACK,0.3684,0.100,1.1466,0,none
188.789,3776,-0.35485,-2.66555,1.04177,0,10,0,FALLBACK,0.1795,0.100,1.1475,0,none
188.841,3777,-0.30506,-2.65100,1.17404,0,10,0,FALLBACK,-0.2237,0.100,1.1491,0,none
188.889,3778,-0.31877,-2.48900,1.33804,0,10,0,FALLBACK,0.1624,0.100,1.1482,0,none
188.939,3779,-0.34493,-2.19536,1.45291,0,10,0,FALLBACK,0.3555,0.100,1.1478,0,none
188.992,3780,-0.35322,-2.58436,1.42886,0,10,0,FALLBACK,0.3075,0.100,1.1465,0,none
189.039,3781,-0.32357,-2.67910,1.65415,0,10,0,FALLBACK,-0.0304,0.100,1.1475,0,none
189.090,3782,-0.34006,-2.62272,1.60830,0,10,0,FALLBACK,0.2828,0.100,1.1482,0,none
189.142,3783,-0.35338,-2.82323,1.57691,0,10,0,FALLBACK,0.3335,0.100,1.1473,0,none
189.191,3784,-0.35051,-2.83691,1.71535,0,10,0,FALLBACK,0.2382,0.100,1.1475,0,none
189.242,3785,-0.33725,-2.91426,1.68983,0,10,0,FALLBACK,0.1199,0.100,1.1489,0,none
189.292,3786,-0.32561,-3.10140,1.63349,0,10,0,FALLBACK,0.0699,0.100,1.1504,0,none
189.341,3787,-0.28741,-3.08987,1.68543,0,10,0,FALLBACK,-0.2540,0.100,1.1517,0,none
189.390,3788,-0.25677,-3.42502,1.40921,0,10,0,FALLBACK,-0.3693,0.100,1.1508,0,none
189.443,3789,-0.24340,-3.26639,1.51147,0,10,0,FALLBACK,-0.3499,0.100,1.1505,0,none
189.492,3790,-0.25846,-3.40100,1.10046,0,10,0,FALLBACK,-0.1324,0.100,1.1512,0,none
189.544,3791,-0.24375,-2.93088,1.48375,0,10,0,FALLBACK,-0.3548,0.100,1.1527,0,none
189.593,3792,-0.23720,-2.76776,1.64273,0,10,0,FALLBACK,-0.3467,0.100,1.1520,0,none
189.645,3793,-0.24665,-2.74415,1.51121,0,10,0,FALLBACK,-0.2195,0.100,1.1526,0,none
189.695,3794,-0.28531,-2.85058,1.39981,0,10,0,FALLBACK,0.1199,0.100,1.1541,0,none
189.743,3795,-0.27853,-2.87667,1.46381,0,10,0,FALLBACK,-0.1412,0.100,1.1539,0,none
189.793,3796,-0.27003,-2.78066,1.54352,0,10,0,FALLBACK,-0.1924,0.100,1.1542,0,none
189.845,3797,-0.27170,-2.82541,1.45041,0,10,0,FALLBACK,-0.1331,0.100,1.1550,0,none
189.892,3798,-0.27975,-2.88525,1.41488,0,10,0,FALLBACK,-0.0610,0.100,1.1562,0,none
189.944,3799,-0.29467,-2.77527,1.47939,0,10,0,FALLBACK,0.0479,0.100,1.1574,0,none
189.994,3800,-0.28174,-2.96385,1.66165,0,10,0,FALLBACK,-0.1559,0.100,1.1583,0,none
190.046,3801,-0.27134,-3.19284,1.45322,0,10,0,FALLBACK,-0.1953,0.100,1.1587,0,none
190.095,3802,-0.27060,-2.89596,1.48599,0,10,0,FALLBACK,-0.1507,0.100,1.1595,0,none
190.144,3803,-0.28936,-2.83572,1.55295,0,10,0,FALLBACK,0.0406,0.100,1.1606,0,none
190.196,3804,-0.26952,-3.18714,1.31753,0,10,0,FALLBACK,-0.2517,0.100,1.1614,0,none
190.245,3805,-0.25402,-2.83823,1.76716,0,10,0,FALLBACK,-0.3074,0.100,1.1607,0,none
190.296,3806,-0.25360,-2.95549,1.62875,0,10,0,FALLBACK,-0.2341,0.100,1.1610,0,none
190.344,3807,-0.27752,-2.97240,1.59186,0,10,0,FALLBACK,0.0072,0.100,1.1621,0,none
190.397,3808,-0.27033,-2.93497,1.61197,0,10,0,FALLBACK,-0.1843,0.100,1.1629,0,none
190.447,3809,-0.26286,-2.88886,1.70878,0,10,0,FALLBACK,-0.2230,0.100,1.1633,0,none
190.496,3810,-0.26611,-2.96204,1.60844,0,10,0,FALLBACK,-0.1532,0.100,1.1639,0,none
190.545,3811,-0.29399,-2.96942,1.80554,0,10,0,FALLBACK,0.1093,0.100,1.1649,0,none
190.596,3812,-0.28969,-2.95847,1.72002,0,10,0,FALLBACK,-0.0730,0.100,1.1652,0,none
190.646,3813,-0.27991,-2.92962,1.51937,0,10,0,FALLBACK,-0.1494,0.100,1.1658,0,none
190.698,3814,-0.27696,-2.72797,1.40500,0,10,0,FALLBACK,-0.1299,0.100,1.1666,0,none
190.746,3815,-0.28079,-2.81990,1.52625,0,10,0,FALLBACK,-0.0769,0.100,1.1675,0,none
190.794,3816,-0.29547,-2.84599,1.39326,0,10,0,FALLBACK,0.0507,0.100,1.1685,0,none
190.847,3817,-0.28370,-2.86535,1.52501,0,10,0,FALLBACK,-0.1403,0.100,1.1694,0,none
190.894,3818,-0.26956,-2.94046,1.25073,0,10,0,FALLBACK,-0.2229,0.100,1.1698,0,none
190.944,3819,-0.26425,-2.79519,1.44573,0,10,0,FALLBACK,-0.2053,0.100,1.1703,0,none
190.994,3820,-0.27854,-2.91137,1.47890,0,10,0,FALLBACK,-0.0358,0.100,1.1711,0,none
191.045,3821,-0.27113,-2.87536,1.65621,0,10,0,FALLBACK,-0.1814,0.100,1.1720,0,none
191.096,3822,-0.26482,-2.88225,1.59274,0,10,0,FALLBACK,-0.2074,0.100,1.1725,0,none
191.146,3823,-0.26806,-2.73971,1.63001,0,10,0,FALLBACK,-0.1435,0.100,1.1731,0,none
191.197,3824,-0.29780,-2.72543,1.64819,0,10,0,FALLBACK,0.1377,0.100,1.1741,0,none
191.248,3825,-0.28438,-2.96707,1.75054,0,10,0,FALLBACK,-0.1452,0.100,1.1740,0,none
191.297,3826,-0.26595,-2.99223,1.80548,0,10,0,FALLBACK,-0.2624,0.100,1.1739,0,none
191.347,3827,-0.25965,-3.14275,1.75352,0,10,0,FALLBACK,-0.2333,0.100,1.1739,0,none
191.396,3828,-0.29764,-3.03079,1.82191,0,10,0,FALLBACK,0.1782,0.100,1.1746,0,none
191.446,3829,-0.27268,-2.98199,1.85800,0,10,0,FALLBACK,-0.2614,0.100,1.1736,0,none
191.498,3830,-0.24191,-3.39308,1.58583,0,10,0,FALLBACK,-0.4443,0.100,1.1718,0,none
191.547,3831,-0.23182,-3.37308,1.53966,0,10,0,FALLBACK,-0.3914,0.100,1.1701,0,none
191.598,3832,-0.24144,-3.13411,1.82672,0,10,0,FALLBACK,-0.2447,0.100,1.1703,0,none
191.647,3833,-0.27186,-3.11738,1.60636,0,10,0,FALLBACK,0.0114,0.100,1.1716,0,none
191.698,3834,-0.25956,-2.99912,1.67631,0,10,0,FALLBACK,-0.2637,0.100,1.1724,0,none
191.748,3835,-0.24724,-2.78391,1.60983,0,10,0,FALLBACK,-0.3254,0.100,1.1718,0,none
191.798,3836,-0.25066,-2.87280,1.63138,0,10,0,FALLBACK,-0.2296,0.100,1.1718,0,none
191.848,3837,-0.27976,-2.77237,1.65525,0,10,0,FALLBACK,0.0443,0.100,1.1727,0,none
191.899,3838,-0.27006,-2.74528,1.62072,0,10,0,FALLBACK,-0.1982,0.100,1.1732,0,none
191.948,3839,-0.25831,-3.07544,1.43209,0,10,0,FALLBACK,-0.2672,0.100,1.1732,0,none
191.998,3840,-0.25919,-2.95634,1.37583,0,10,0,FALLBACK,-0.1996,0.100,1.1733,0,none
192.047,3841,-0.28980,-2.87846,1.66518,0,10,0,FALLBACK,0.1021,0.100,1.1742,0,none
192.097,3842,-0.27563,-2.93870,1.62095,0,10,0,FALLBACK,-0.1927,0.100,1.1743,0,none
192.150,3843,-0.25767,-3.11536,1.82317,0,10,0,FALLBACK,-0.3015,0.100,1.1739,0,none
192.199,3844,-0.25379,-3.11691,1.55907,0,10,0,FALLBACK,-0.2505,0.100,1.1738,0,none
192.250,3845,-0.29287,-3.16770,1.45914,0,10,0,FALLBACK,0.1597,0.100,1.1745,0,none
192.300,3846,-0.27128,-3.23383,1.36146,0,10,0,FALLBACK,-0.2515,0.100,1.1736,0,none
192.350,3847,-0.24394,-3.13444,1.63137,0,10,0,FALLBACK,-0.4170,0.100,1.1721,0,none
192.399,3848,-0.23620,-3.06875,1.66268,0,10,0,FALLBACK,-0.3577,0.100,1.1708,0,none
192.450,3849,-0.24661,-3.03051,1.85184,0,10,0,FALLBACK,-0.2149,0.100,1.1712,0,none
192.500,3850,-0.27214,-2.97444,1.83957,0,10,0,FALLBACK,-0.0116,0.100,1.1724,0,none
192.551,3851,-0.26665,-2.93274,1.74550,0,10,0,FALLBACK,-0.1942,0.100,1.1733,0,none
192.600,3852,-0.26124,-2.97476,1.63911,0,10,0,FALLBACK,-0.2208,0.100,1.1736,0,none
192.651,3853,-0.26663,-2.98997,1.76845,0,10,0,FALLBACK,-0.1399,0.100,1.1741,0,none
192.702,3854,-0.29315,-2.94808,1.84091,0,10,0,FALLBACK,0.0983,0.100,1.1751,0,none
192.752,3855,-0.27264,-3.16836,1.49760,0,10,0,FALLBACK,-0.2393,0.100,1.1754,0,none
192.799,3856,-0.24520,-3.03119,1.73943,0,10,0,FALLBACK,-0.4112,0.100,1.1752,0,none
192.851,3857,-0.23200,-3.13252,1.83516,0,10,0,FALLBACK,-0.4060,0.100,1.1740,0,none
192.886,3858,-0.25871,-3.28622,1.39546,0,10,0,FALLBACK,-0.0729,0.100,1.1734,0,none
192.934,3859,-0.24301,-3.40884,1.09048,0,10,0,FALLBACK,-0.3634,0.100,1.1741,0,none
192.985,3860,-0.22959,-3.20140,1.11005,0,10,0,FALLBACK,-0.4191,0.100,1.1730,0,none
193.034,3861,-0.23579,-3.02904,1.32947,0,10,0,FALLBACK,-0.2901,0.100,1.1725,0,none
193.084,3862,-0.27952,-2.84731,1.67645,0,10,0,FALLBACK,0.1162,0.100,1.1736,0,none
193.137,3863,-0.26853,-2.86198,1.61681,0,10,0,FALLBACK,-0.2122,0.100,1.1730,0,none
193.190,3864,-0.25698,-2.85811,1.81863,0,10,0,FALLBACK,-0.2729,0.100,1.1723,0,none
193.238,3865,-0.25976,-2.91254,1.35179,0,10,0,FALLBACK,-0.1873,0.100,1.1725,0,none
193.288,3866,-0.30296,-2.90235,1.61741,0,10,0,FALLBACK,0.2308,0.100,1.1735,0,none
193.336,3867,-0.27916,-3.25218,1.21601,0,10,0,FALLBACK,-0.2232,0.100,1.1717,0,none
193.388,3868,-0.25422,-3.10317,1.72672,0,10,0,FALLBACK,-0.3535,0.100,1.1701,0,none
193.436,3869,-0.24798,-3.16249,1.39819,0,10,0,FALLBACK,-0.2913,0.100,1.1694,0,none
193.489,3870,-0.25543,-2.84542,1.77319,0,10,0,FALLBACK,-0.1856,0.100,1.1703,0,none
193.539,3871,-0.27789,-2.99152,1.79241,0,10,0,FALLBACK,0.0018,0.100,1.1715,0,none
193.588,3872,-0.26785,-2.85288,1.78820,0,10,0,FALLBACK,-0.2109,0.100,1.1724,0,none
193.638,3873,-0.26136,-3.10339,1.70309,0,10,0,FALLBACK,-0.2257,0.100,1.1723,0,none
193.689,3874,-0.26611,-3.02201,1.37221,0,10,0,FALLBACK,-0.1457,0.100,1.1729,0,none
193.739,3875,-0.28834,-2.82170,1.67530,0,10,0,FALLBACK,0.0528,0.100,1.1740,0,none
193.789,3876,-0.27921,-2.96073,1.75421,0,10,0,FALLBACK,-0.1496,0.100,1.1746,0,none
193.838,3877,-0.27114,-2.76961,1.56301,0,10,0,FALLBACK,-0.1847,0.100,1.1748,0,none
193.889,3878,-0.27247,-2.92482,1.50272,0,10,0,FALLBACK,-0.1309,0.100,1.1755,0,none
193.938,3879,-0.29589,-2.92665,1.56788,0,10,0,FALLBACK,0.0966,0.100,1.1764,0,none
193.987,3880,-0.28097,-2.96194,1.05327,0,10,0,FALLBACK,-0.1698,0.100,1.1767,0,none
194.040,3881,-0.26702,-2.80913,1.48131,0,10,0,FALLBACK,-0.2347,0.100,1.1765,0,none
194.085,3882,-0.26498,-2.98918,1.01975,0,10,0,FALLBACK,-0.1853,0.100,1.1769,0,none
194.136,3883,-0.29901,-2.69846,1.43800,0,10,0,FALLBACK,0.1652,0.100,1.1778,0,none
194.188,3884,-0.27426,-2.95802,1.03386,0,10,0,FALLBACK,-0.2524,0.100,1.1770,0,none
194.238,3885,-0.25075,-3.15198,1.21735,0,10,0,FALLBACK,-0.3638,0.100,1.1753,0,none
194.290,3886,-0.24595,-3.17058,1.30518,0,10,0,FALLBACK,-0.2943,0.100,1.1747,0,none
194.336,3887,-0.25485,-3.16486,1.20350,0,10,0,FALLBACK,-0.1812,0.100,1.1755,0,none
194.388,3888,-0.27867,-3.25841,0.86641,0,10,0,FALLBACK,0.0125,0.100,1.1767,0,none
194.440,3889,-0.25899,-3.22178,0.97176,0,10,0,FALLBACK,-0.3034,0.100,1.1774,0,none
194.490,3890,-0.24548,-3.10528,1.16441,0,10,0,FALLBACK,-0.3402,0.100,1.1760,0,none
194.541,3891,-0.24913,-3.45570,0.76721,0,10,0,FALLBACK,-0.2361,0.100,1.1761,0,none
194.590,3892,-0.28025,-3.61029,0.74128,0,10,0,FALLBACK,0.0569,0.100,1.1771,0,none
194.640,3893,-0.25463,-3.37285,0.70099,0,10,0,FALLBACK,-0.3550,0.100,1.1774,0,none
194.690,3894,-0.23517,-3.25173,0.64682,0,10,0,FALLBACK,-0.4214,0.100,1.1748,0,none
194.739,3895,-0.23711,-3.44251,0.62801,0,10,0,FALLBACK,-0.3047,0.100,1.1742,0,none
194.791,3896,-0.27379,-3.18264,0.84891,0,10,0,FALLBACK,0.0523,0.100,1.1753,0,none
194.840,3897,-0.26606,-3.36138,0.70381,0,10,0,FALLBACK,-0.2083,0.100,1.1758,0,none
194.888,3898,-0.25355,-3.24410,0.75106,0,10,0,FALLBACK,-0.2948,0.100,1.1752,0,none
194.942,3899,-0.25261,-3.39911,0.66086,0,10,0,FALLBACK,-0.2417,0.100,1.1753,0,none
194.990,3900,-0.29420,-3.28887,0.70577,0,10,0,FALLBACK,0.1789,0.100,1.1760,0,none
195.040,3901,-0.26797,-3.51501,0.66763,0,10,0,FALLBACK,-0.2913,0.100,1.1746,0,none
195.092,3902,-0.24296,-3.16393,0.65444,0,10,0,FALLBACK,-0.4102,0.100,1.1721,0,none
195.142,3903,-0.23926,-3.18803,0.64909,0,10,0,FALLBACK,-0.3222,0.100,1.1712,0,none
195.192,3904,-0.28804,-3.25209,0.67366,0,10,0,FALLBACK,0.1841,0.100,1.1721,0,none
195.242,3905,-0.26048,-3.16499,0.69984,0,10,0,FALLBACK,-0.3354,0.100,1.1702,0,none
195.292,3906,-0.23424,-3.30469,0.67101,0,10,0,FALLBACK,-0.4600,0.100,1.1668,0,none
195.341,3907,-0.23196,-3.17256,0.65983,0,10,0,FALLBACK,-0.3516,0.100,1.1655,0,none
195.392,3908,-0.24574,-3.16622,0.65828,0,10,0,FALLBACK,-0.2024,0.100,1.1666,0,none
195.441,3909,-0.27589,-3.17317,0.65250,0,10,0,FALLBACK,0.0303,0.100,1.1680,0,none
195.493,3910,-0.26926,-3.28831,0.64558,0,10,0,FALLBACK,-0.1868,0.100,1.1687,0,none
195.543,3911,-0.26452,-3.34836,0.62659,0,10,0,FALLBACK,-0.2011,0.100,1.1688,0,none
195.595,3912,-0.27024,-3.35859,0.65645,0,10,0,FALLBACK,-0.1202,0.100,1.1695,0,none
195.644,3913,-0.30050,-3.30919,0.64236,0,10,0,FALLBACK,0.1538,0.100,1.1706,0,none
195.695,3914,-0.27487,-3.39766,0.62695,0,10,0,FALLBACK,-0.2538,0.100,1.1704,0,none
195.743,3915,-0.25157,-3.36233,0.58749,0,10,0,FALLBACK,-0.3587,0.100,1.1688,0,none
195.792,3916,-0.24670,-3.45488,0.61076,0,10,0,FALLBACK,-0.2908,0.100,1.1683,0,none
195.841,3917,-0.28702,-3.40846,0.60626,0,10,0,FALLBACK,0.1366,0.100,1.1693,0,none
195.892,3918,-0.25347,-3.50242,0.60320,0,10,0,FALLBACK,-0.4004,0.100,1.1683,0,none
195.944,3919,-0.22474,-3.37596,0.57883,0,10,0,FALLBACK,-0.5199,0.100,1.1640,0,none
195.993,3920,-0.22244,-3.31063,0.57282,0,10,0,FALLBACK,-0.3993,0.100,1.1624,0,none
196.043,3921,-0.27159,-3.20958,0.58093,0,10,0,FALLBACK,0.1037,0.100,1.1635,0,none
196.093,3922,-0.25421,-3.33862,0.57885,0,10,0,FALLBACK,-0.3158,0.100,1.1625,0,none
196.143,3923,-0.23798,-3.08584,0.60487,0,10,0,FALLBACK,-0.3913,0.100,1.1605,0,none
196.193,3924,-0.24182,-2.94367,0.61310,0,10,0,FALLBACK,-0.2717,0.100,1.1602,0,none
196.245,3925,-0.25807,-3.28919,0.58743,0,10,0,FALLBACK,-0.1284,0.100,1.1614,0,none
196.294,3926,-0.29156,-3.14137,0.61396,0,10,0,FALLBACK,0.1253,0.100,1.1628,0,none
196.344,3927,-0.26942,-3.30702,0.55219,0,10,0,FALLBACK,-0.2636,0.100,1.1629,0,none
196.395,3928,-0.25051,-3.38696,0.52887,0,10,0,FALLBACK,-0.3420,0.100,1.1614,0,none
196.446,3929,-0.24930,-3.29268,0.53618,0,10,0,FALLBACK,-0.2596,0.100,1.1613,0,none
196.497,3930,-0.27822,-3.29642,0.58939,0,10,0,FALLBACK,0.0357,0.100,1.1625,0,none
196.545,3931,-0.26104,-3.36957,0.53863,0,10,0,FALLBACK,-0.2807,0.100,1.1630,0,none
196.594,3932,-0.24312,-3.56593,0.53544,0,10,0,FALLBACK,-0.3740,0.100,1.1622,0,none
196.643,3933,-0.24282,-3.43544,0.55762,0,10,0,FALLBACK,-0.2874,0.100,1.1618,0,none
196.695,3934,-0.28323,-3.43757,0.55942,0,10,0,FALLBACK,0.1182,0.100,1.1627,0,none
196.745,3935,-0.26873,-3.25227,0.55902,0,10,0,FALLBACK,-0.2288,0.100,1.1624,0,none
196.796,3936,-0.24894,-3.38264,0.52076,0,10,0,FALLBACK,-0.3543,0.100,1.1616,0,none
196.846,3937,-0.24459,-3.34612,0.53597,0,10,0,FALLBACK,-0.2987,0.100,1.1613,0,none
196.894,3938,-0.28864,-3.36514,0.53284,0,10,0,FALLBACK,0.1635,0.100,1.1619,0,none
196.947,3939,-0.27658,-3.26700,0.52718,0,10,0,FALLBACK,-0.1774,0.100,1.1604,0,none
196.996,3940,-0.25314,-3.11323,0.56933,0,10,0,FALLBACK,-0.3515,0.100,1.1601,0,none
197.046,3941,-0.24451,-3.19584,0.49815,0,10,0,FALLBACK,-0.3205,0.100,1.1596,0,none
197.097,3942,-0.25253,-3.37149,0.51841,0,10,0,FALLBACK,-0.1972,0.100,1.1601,0,none
197.148,3943,-0.28381,-3.22056,0.56221,0,10,0,FALLBACK,0.0754,0.100,1.1613,0,none
197.198,3944,-0.26705,-3.22779,0.52289,0,10,0,FALLBACK,-0.2485,0.100,1.1618,0,none
197.246,3945,-0.24861,-3.04625,0.50888,0,10,0,FALLBACK,-0.3491,0.100,1.1612,0,none
197.296,3946,-0.24660,-3.03326,0.53658,0,10,0,FALLBACK,-0.2771,0.100,1.1609,0,none
197.346,3947,-0.28397,-3.23282,0.52940,0,10,0,FALLBACK,0.1067,0.100,1.1617,0,none
197.396,3948,-0.25987,-3.13976,0.48970,0,10,0,FALLBACK,-0.3211,0.100,1.1616,0,none
197.448,3949,-0.23293,-3.27504,0.47572,0,10,0,FALLBACK,-0.4701,0.100,1.1596,0,none
197.496,3950,-0.22810,-3.33498,0.47184,0,10,0,FALLBACK,-0.3837,0.100,1.1581,0,none
197.546,3951,-0.27706,-3.28539,0.49352,0,10,0,FALLBACK,0.1301,0.100,1.1587,0,none
197.597,3952,-0.25760,-3.21977,0.49712,0,10,0,FALLBACK,-0.3093,0.100,1.1577,0,none
197.647,3953,-0.23207,-3.42083,0.51270,0,10,0,FALLBACK,-0.4673,0.100,1.1557,0,none
197.699,3954,-0.22842,-3.32258,0.45517,0,10,0,FALLBACK,-0.3762,0.100,1.1542,0,none
197.747,3955,-0.24386,-3.27213,0.48642,0,10,0,FALLBACK,-0.2035,0.100,1.1549,0,none
197.797,3956,-0.27723,-3.18518,0.54829,0,10,0,FALLBACK,0.0530,0.100,1.1564,0,none
197.848,3957,-0.26277,-3.22213,0.53302,0,10,0,FALLBACK,-0.2584,0.100,1.1571,0,none
197.899,3958,-0.24743,-3.41949,0.42925,0,10,0,FALLBACK,-0.3395,0.100,1.1566,0,none
197.948,3959,-0.24835,-3.38683,0.46141,0,10,0,FALLBACK,-0.2536,0.100,1.1565,0,none
198.000,3960,-0.28080,-3.29050,0.47683,0,10,0,FALLBACK,0.0662,0.100,1.1575,0,none
198.050,3961,-0.25950,-3.25369,0.48522,0,10,0,FALLBACK,-0.3090,0.100,1.1579,0,none
198.099,3962,-0.23696,-3.52879,0.43456,0,10,0,FALLBACK,-0.4279,0.100,1.1565,0,none
198.150,3963,-0.23450,-3.48193,0.44806,0,10,0,FALLBACK,-0.3398,0.100,1.1556,0,none
198.200,3964,-0.28110,-3.36434,0.47073,0,10,0,FALLBACK,0.1384,0.100,1.1565,0,none
198.248,3965,-0.25624,-3.56115,0.44693,0,10,0,FALLBACK,-0.3431,0.100,1.1557,0,none
198.300,3966,-0.22637,-3.31658,0.47777,0,10,0,FALLBACK,-0.5175,0.100,1.1530,0,none
198.352,3967,-0.22086,-3.30235,0.50458,0,10,0,FALLBACK,-0.4233,0.100,1.1509,0,none
198.401,3968,-0.28893,-3.37965,0.44436,0,10,0,FALLBACK,0.2850,0.100,1.1515,0,none
198.452,3969,-0.25648,-3.44694,0.48185,0,10,0,FALLBACK,-0.3798,0.100,1.1474,0,none
198.501,3970,-0.21248,-3.52129,0.49526,0,10,0,FALLBACK,-0.6576,0.100,1.1423,0,none
198.552,3971,-0.19947,-3.58923,0.51589,0,10,0,FALLBACK,-0.5677,0.100,1.1376,0,none
198.600,3972,-0.21460,-3.65122,0.47389,0,10,0,FALLBACK,-0.3514,0.100,1.1376,0,none
198.651,3973,-0.26329,-3.35051,0.48906,0,10,0,FALLBACK,0.0599,0.100,1.1395,0,none
198.700,3974,-0.24766,-3.49639,0.48068,0,10,0,FALLBACK,-0.3399,0.100,1.1399,0,none
198.752,3975,-0.22939,-3.60093,0.49152,0,10,0,FALLBACK,-0.4444,0.100,1.1383,0,none
198.803,3976,-0.23225,-3.79106,0.51315,0,10,0,FALLBACK,-0.3245,0.100,1.1376,0,none
198.850,3977,-0.29173,-3.77501,0.51662,0,10,0,FALLBACK,0.2561,0.100,1.1384,0,none
198.884,3978,-0.26894,-3.76755,0.51997,0,10,0,FALLBACK,-0.2693,0.100,1.1380,0,none
198.935,3979,-0.23623,-3.59950,0.53837,0,10,0,FALLBACK,-0.4824,0.100,1.1348,0,none
198.985,3980,-0.22427,-3.74471,0.56025,0,10,0,FALLBACK,-0.4384,0.100,1.1330,0,none
199.037,3981,-0.28992,-3.69601,0.58684,0,10,0,FALLBACK,0.2778,0.100,1.1335,0,none
199.085,3982,-0.24046,-3.62738,0.62049,0,10,0,FALLBACK,-0.5450,0.100,1.1288,0,none
199.136,3983,-0.19373,-3.65042,0.58575,0,10,0,FALLBACK,-0.7650,0.100,1.1191,0,none
199.187,3984,-0.18586,-3.36611,0.63054,0,10,0,FALLBACK,-0.6100,0.100,1.1143,0,none
199.237,3985,-0.20361,-3.39945,0.60373,0,10,0,FALLBACK,-0.3932,0.100,1.1159,0,none
199.287,3986,-0.25097,-3.14094,0.63121,0,10,0,FALLBACK,-0.0084,0.100,1.1181,0,none
199.333,3987,-0.25200,-3.12267,0.61750,0,10,0,FALLBACK,-0.2348,0.100,1.1191,0,none
199.385,3988,-0.25372,-2.98582,0.67667,0,10,0,FALLBACK,-0.2228,0.100,1.1196,0,none
199.436,3989,-0.26649,-3.05025,0.66924,0,10,0,FALLBACK,-0.1038,0.100,1.1209,0,none
199.487,3990,-0.25087,-2.92453,0.73083,0,10,0,FALLBACK,-0.3237,0.100,1.1225,0,none
199.535,3991,-0.30916,-2.83255,0.66237,0,10,0,FALLBACK,0.3372,0.100,1.1223,0,none
199.588,3992,-0.36276,-2.56409,0.88870,0,10,0,FALLBACK,0.5818,0.100,1.1176,0,none
199.638,3993,-0.38737,-2.85234,0.67536,0,10,0,FALLBACK,0.5599,0.100,1.1143,0,none
199.686,3994,-0.38857,-2.73565,0.65209,0,10,0,FALLBACK,0.4489,0.100,1.1147,0,none
199.737,3995,-0.35338,-2.81920,0.64805,0,10,0,FALLBACK,0.0909,0.100,1.1165,0,none
199.787,3996,-0.37348,-2.97347,0.61800,0,10,0,FALLBACK,0.4679,0.100,1.1183,0,none
199.838,3997,-0.38478,-2.92537,0.63490,0,10,0,FALLBACK,0.4804,0.100,1.1156,0,none
199.886,3998,-0.37388,-2.80477,0.67270,0,10,0,FALLBACK,0.3149,0.100,1.1159,0,none
199.938,3999,-0.30391,-3.00204,0.64839,0,10,0,FALLBACK,-0.3303,0.100,1.1180,0,none
199.988,4000,-0.33355,-3.03517,0.63085,0,10,0,FALLBACK,0.3160,0.100,1.1138,0,none
200.038,4001,-0.36571,-2.82206,0.61346,0,10,0,FALLBACK,0.4894,0.100,1.1098,0,none
200.089,4002,-0.37217,-2.71734,0.59131,0,10,0,FALLBACK,0.3931,0.100,1.1084,0,none
200.138,4003,-0.36167,-2.80610,0.62482,0,10,0,FALLBACK,0.2559,0.100,1.1100,0,none
200.188,4004,-0.31029,-2.77158,0.60837,0,10,0,FALLBACK,-0.2055,0.100,1.1120,0,none
200.239,4005,-0.34643,-2.73290,0.63076,0,10,0,FALLBACK,0.4129,0.100,1.1111,0,none
200.288,4006,-0.39085,-2.46070,0.73724,0,10,0,FALLBACK,0.6764,0.100,1.1063,0,none
200.338,4007,-0.40085,-2.52738,0.67236,0,10,0,FALLBACK,0.5543,0.100,1.1012,0,none
200.387,4008,-0.31381,-2.80253,0.53689,0,10,0,FALLBACK,-0.3661,0.100,1.1026,0,none
200.440,4009,-0.36178,-2.69267,0.59622,0,10,0,FALLBACK,0.5487,0.100,1.0948,0,none
200.488,4010,-0.41185,-2.13416,0.90835,0,10,0,FALLBACK,0.8096,0.100,1.0840,0,none
200.539,4011,-0.42102,-2.31157,0.71723,0,10,0,FALLBACK,0.6510,0.100,1.0783,0,none
200.590,4012,-0.40399,-2.57650,0.65011,0,10,0,FALLBACK,0.4348,0.100,1.0802,0,none
200.639,4013,-0.32484,-2.87759,0.59033,0,10,0,FALLBACK,-0.2715,0.100,1.0832,0,none
200.690,4014,-0.35298,-2.48313,0.68666,0,10,0,FALLBACK,0.4056,0.100,1.0796,0,none
200.740,4015,-0.38168,-2.23720,0.72291,0,10,0,FALLBACK,0.5519,0.100,1.0747,0,none
200.788,4016,-0.38260,-2.65749,0.64410,0,10,0,FALLBACK,0.4176,0.100,1.0736,0,none
200.840,4017,-0.36438,-2.77278,0.62195,0,10,0,FALLBACK,0.2308,0.100,1.0753,0,none
200.888,4018,-0.30417,-2.94089,0.61768,0,10,0,FALLBACK,-0.2802,0.100,1.0777,0,none
200.938,4019,-0.31975,-2.76509,0.63237,0,10,0,FALLBACK,0.1767,0.100,1.0760,0,none
200.989,4020,-0.35096,-2.66250,0.60548,0,10,0,FALLBACK,0.4108,0.100,1.0757,0,none
201.039,4021,-0.36162,-2.69449,0.61656,0,10,0,FALLBACK,0.3614,0.100,1.0748,0,none
201.089,4022,-0.35571,-2.76852,0.60193,0,10,0,FALLBACK,0.2491,0.100,1.0764,0,none
201.140,4023,-0.32046,-2.83472,0.62596,0,10,0,FALLBACK,-0.0740,0.100,1.0787,0,none
201.189,4024,-0.35150,-2.64212,0.65221,0,10,0,FALLBACK,0.4127,0.100,1.0799,0,none
201.241,4025,-0.37570,-2.20816,0.94381,0,10,0,FALLBACK,0.4995,0.100,1.0769,0,none
201.291,4026,-0.37665,-2.74607,0.60227,0,10,0,FALLBACK,0.3880,0.100,1.0769,0,none
201.340,4027,-0.31065,-2.76074,0.66040,0,10,0,FALLBACK,-0.2768,0.100,1.0790,0,none
201.392,4028,-0.34771,-2.64304,0.67807,0,10,0,FALLBACK,0.4238,0.100,1.0758,0,none
201.440,4029,-0.38405,-2.62165,0.68980,0,10,0,FALLBACK,0.6019,0.100,1.0703,0,none
201.492,4030,-0.39068,-2.29786,0.87607,0,10,0,FALLBACK,0.4866,0.100,1.0685,0,none
201.541,4031,-0.37838,-2.67773,0.62887,0,10,0,FALLBACK,0.3304,0.100,1.0705,0,none
201.591,4032,-0.30812,-2.39722,0.76144,0,10,0,FALLBACK,-0.3107,0.100,1.0732,0,none
201.642,4033,-0.34555,-2.35219,0.90838,0,10,0,FALLBACK,0.4149,0.100,1.0698,0,none
201.692,4034,-0.38238,-2.01200,0.98817,0,10,0,FALLBACK,0.5961,0.100,1.0641,0,none
201.742,4035,-0.38931,-1.45988,1.00413,0,10,0,FALLBACK,0.4811,0.100,1.0624,0,none
201.792,4036,-0.37770,-1.97324,0.94219,0,10,0,FALLBACK,0.3305,0.100,1.0646,0,none
201.840,4037,-0.31243,-2.45566,0.75234,0,10,0,FALLBACK,-0.2642,0.100,1.0673,0,none
201.891,4038,-0.35618,-1.96875,1.04659,0,10,0,FALLBACK,0.4996,0.100,1.0650,0,none
201.942,4039,-0.39597,-1.81413,1.12461,0,10,0,FALLBACK,0.6788,0.100,1.0576,0,none
201.992,4040,-0.40276,-1.58925,1.27288,0,10,0,FALLBACK,0.5478,0.100,1.0553,0,none
202.043,4041,-0.38899,-2.57470,0.85309,0,10,0,FALLBACK,0.3761,0.100,1.0575,0,none
202.090,4042,-0.33381,-2.71371,0.85199,0,10,0,FALLBACK,-0.1069,0.100,1.0605,0,none
202.141,4043,-0.36427,-1.96362,1.17758,0,10,0,FALLBACK,0.4736,0.100,1.0609,0,none
202.192,4044,-0.38896,-2.19439,1.02366,0,10,0,FALLBACK,0.5682,0.100,1.0564,0,none
202.240,4045,-0.38700,-2.63337,0.84311,0,10,0,FALLBACK,0.4252,0.100,1.0561,0,none
202.292,4046,-0.36976,-2.77991,0.77674,0,10,0,FALLBACK,0.2626,0.100,1.0587,0,none
202.340,4047,-0.32357,-2.77651,0.77283,0,10,0,FALLBACK,-0.1131,0.100,1.0614,0,none
202.393,4048,-0.35350,-2.57251,0.88108,0,10,0,FALLBACK,0.4172,0.100,1.0623,0,none
202.442,4049,-0.37746,-2.33024,0.99677,0,10,0,FALLBACK,0.5071,0.100,1.0590,0,none
202.493,4050,-0.37778,-2.65411,0.86719,0,10,0,FALLBACK,0.3905,0.100,1.0592,0,none
202.543,4051,-0.31119,-2.80929,0.79215,0,10,0,FALLBACK,-0.2770,0.100,1.0615,0,none
202.596,4052,-0.34716,-2.42774,0.99855,0,10,0,FALLBACK,0.4156,0.100,1.0584,0,none
202.644,4053,-0.38267,-2.02664,1.18062,0,10,0,FALLBACK,0.5909,0.100,1.0534,0,none
202.693,4054,-0.38930,-2.44075,0.86218,0,10,0,FALLBACK,0.4796,0.100,1.0520,0,none
202.743,4055,-0.37791,-2.64954,0.79922,0,10,0,FALLBACK,0.3326,0.100,1.0543,0,none
202.796,4056,-0.31165,-2.72564,0.85285,0,10,0,FALLBACK,-0.2731,0.100,1.0571,0,none
202.843,4057,-0.33057,-2.74132,0.79992,0,10,0,FALLBACK,0.2475,0.100,1.0542,0,none
202.894,4058,-0.36568,-2.42952,0.98636,0,10,0,FALLBACK,0.5039,0.100,1.0534,0,none
202.944,4059,-0.38163,-2.14067,1.10417,0,10,0,FALLBACK,0.4879,0.100,1.0528,0,none
202.993,4060,-0.37525,-2.52203,0.89076,0,10,0,FALLBACK,0.3444,0.100,1.0537,0,none
203.046,4061,-0.31753,-2.63866,0.96743,0,10,0,FALLBACK,-0.2010,0.100,1.0562,0,none
203.096,4062,-0.34173,-2.58732,0.89287,0,10,0,FALLBACK,0.3296,0.100,1.0558,0,none
203.147,4063,-0.37366,-2.55398,0.89019,0,10,0,FALLBACK,0.5279,0.100,1.0538,0,none
203.197,4064,-0.38185,-2.60071,0.82778,0,10,0,FALLBACK,0.4502,0.100,1.0525,0,none
203.246,4065,-0.37063,-2.68614,0.85413,0,10,0,FALLBACK,0.2970,0.100,1.0541,0,none
203.297,4066,-0.32212,-3.01313,0.77190,0,10,0,FALLBACK,-0.1320,0.100,1.0567,0,none
203.344,4067,-0.33911,-2.84812,0.84451,0,10,0,FALLBACK,0.2805,0.100,1.0576,0,none
203.396,4068,-0.36142,-2.76528,0.87822,0,10,0,FALLBACK,0.4187,0.100,1.0571,0,none
203.446,4069,-0.36487,-2.75256,0.81425,0,10,0,FALLBACK,0.3416,0.100,1.0572,0,none
203.496,4070,-0.35350,-2.98619,0.84522,0,10,0,FALLBACK,0.2106,0.100,1.0591,0,none
203.547,4071,-0.31321,-2.96812,0.79061,0,10,0,FALLBACK,-0.1354,0.100,1.0615,0,none
203.597,4072,-0.33670,-2.71668,0.84936,0,10,0,FALLBACK,0.3010,0.100,1.0627,0,none
203.648,4073,-0.36345,-2.61751,0.93191,0,10,0,FALLBACK,0.4510,0.100,1.0618,0,none
203.697,4074,-0.36987,-2.74046,0.80877,0,10,0,FALLBACK,0.3815,0.100,1.0615,0,none
203.747,4075,-0.29964,-2.69034,0.85334,0,10,0,FALLBACK,-0.3529,0.100,1.0632,0,none
203.794,4076,-0.33659,-2.80917,0.85689,0,10,0,FALLBACK,0.3677,0.100,1.0595,0,none
203.847,4077,-0.38656,-2.70474,0.80629,0,10,0,FALLBACK,0.6827,0.100,1.0547,0,none
203.898,4078,-0.40553,-2.66413,0.75713,0,10,0,FALLBACK,0.6225,0.100,1.0502,0,none
203.948,4079,-0.39733,-2.60326,0.77060,0,10,0,FALLBACK,0.4456,0.100,1.0509,0,none
203.998,4080,-0.31502,-2.69114,0.83259,0,10,0,FALLBACK,-0.3365,0.100,1.0537,0,none
204.048,4081,-0.34473,-2.79715,0.83160,0,10,0,FALLBACK,0.3723,0.100,1.0499,0,none
204.097,4082,-0.38837,-2.69495,0.88858,0,10,0,FALLBACK,0.6601,0.100,1.0453,0,none
204.146,4083,-0.40181,-2.55110,0.92744,0,10,0,FALLBACK,0.5762,0.100,1.0416,0,none
204.198,4084,-0.39011,-2.55649,0.83652,0,10,0,FALLBACK,0.3920,0.100,1.0428,0,none
204.247,4085,-0.30941,-2.83082,0.90401,0,10,0,FALLBACK,-0.3564,0.100,1.0458,0,none
204.295,4086,-0.34105,-2.71249,0.83762,0,10,0,FALLBACK,0.3634,0.100,1.0422,0,none
204.347,4087,-0.38631,-2.77991,0.95835,0,10,0,FALLBACK,0.6579,0.100,1.0376,0,none
204.399,4088,-0.40139,-2.80945,0.70168,0,10,0,FALLBACK,0.5823,0.100,1.0340,0,none
204.448,4089,-0.39123,-2.65581,0.89765,0,10,0,FALLBACK,0.4054,0.100,1.0352,0,none
204.498,4090,-0.32007,-2.90573,0.85107,0,10,0,FALLBACK,-0.2554,0.100,1.0382,0,none
204.548,4091,-0.34699,-2.69475,0.96276,0,10,0,FALLBACK,0.3695,0.100,1.0367,0,none
204.602,4092,-0.38405,-2.88138,0.95395,0,10,0,FALLBACK,0.6056,0.100,1.0334,0,none
204.646,4093,-0.39600,-2.87446,0.87405,0,10,0,FALLBACK,0.5398,0.100,1.0316,0,none
204.698,4094,-0.38530,-2.97791,0.72044,0,10,0,FALLBACK,0.3730,0.100,1.0329,0,none
204.748,4095,-0.31743,-3.02228,0.81195,0,10,0,FALLBACK,-0.2522,0.100,1.0359,0,none
204.798,4096,-0.34391,-3.04252,0.67842,0,10,0,FALLBACK,0.3520,0.100,1.0348,0,none
204.847,4097,-0.38514,-2.94674,0.87170,0,10,0,FALLBACK,0.6319,0.100,1.0308,0,none
204.896,4098,-0.40094,-2.86582,0.97419,0,10,0,FALLBACK,0.5837,0.100,1.0293,0,none
204.948,4099,-0.39079,-2.99744,0.80709,0,10,0,FALLBACK,0.4032,0.100,1.0300,0,none
204.997,4100,-0.32713,-3.10659,0.68802,0,10,0,FALLBACK,-0.1826,0.100,1.0327,0,none
205.049,4101,-0.34617,-2.92848,0.72058,0,10,0,FALLBACK,0.3261,0.100,1.0328,0,none
205.100,4102,-0.37397,-2.94672,0.69908,0,10,0,FALLBACK,0.5089,0.100,1.0312,0,none
205.148,4103,-0.37922,-2.93748,0.66434,0,10,0,FALLBACK,0.4224,0.100,1.0305,0,none
205.201,4104,-0.36664,-2.99230,0.72570,0,10,0,FALLBACK,0.2703,0.100,1.0325,0,none
205.248,4105,-0.30985,-3.02359,0.73785,0,10,0,FALLBACK,-0.2347,0.100,1.0354,0,none
205.300,4106,-0.33513,-2.85127,0.76005,0,10,0,FALLBACK,0.3021,0.100,1.0353,0,none
205.347,4107,-0.36808,-2.85366,0.73463,0,10,0,FALLBACK,0.5052,0.100,1.0336,0,none
205.399,4108,-0.37817,-2.76324,0.77462,0,10,0,FALLBACK,0.4413,0.100,1.0327,0,none
205.451,4109,-0.36977,-2.84703,0.79073,0,10,0,FALLBACK,0.3069,0.100,1.0345,0,none
205.501,4110,-0.31993,-3.01782,0.71066,0,10,0,FALLBACK,-0.1496,0.100,1.0373,0,none
205.549,4111,-0.34461,-2.84933,0.72176,0,10,0,FALLBACK,0.3465,0.100,1.0381,0,none
205.602,4112,-0.37412,-2.95595,0.73345,0,10,0,FALLBACK,0.5182,0.100,1.0366,0,none
205.652,4113,-0.38075,-2.91481,0.66642,0,10,0,FALLBACK,0.4369,0.100,1.0359,0,none
205.701,4114,-0.36933,-2.95770,0.78208,0,10,0,FALLBACK,0.2895,0.100,1.0378,0,none
205.751,4115,-0.32592,-3.11882,0.74410,0,10,0,FALLBACK,-0.0874,0.100,1.0406,0,none
205.802,4116,-0.34078,-2.98379,0.80760,0,10,0,FALLBACK,0.2782,0.100,1.0422,0,none
205.852,4117,-0.35937,-2.95838,0.80617,0,10,0,FALLBACK,0.3898,0.100,1.0423,0,none
205.903,4118,-0.36085,-3.02432,0.80334,0,10,0,FALLBACK,0.3116,0.100,1.0429,0,none
205.934,4119,-0.34926,-3.16740,0.75367,0,10,0,FALLBACK,0.1883,0.100,1.0451,0,none
205.984,4120,-0.31465,-3.20200,0.69160,0,10,0,FALLBACK,-0.0997,0.100,1.0477,0,none
206.036,4121,-0.33742,-2.98649,0.85972,0,10,0,FALLBACK,0.3009,0.100,1.0492,0,none
206.086,4122,-0.35626,-3.00828,0.77847,0,10,0,FALLBACK,0.3755,0.100,1.0485,0,none
206.137,4123,-0.35785,-2.95092,0.79459,0,10,0,FALLBACK,0.2972,0.100,1.0496,0,none
206.187,4124,-0.30410,-2.96890,0.81165,0,10,0,FALLBACK,-0.2482,0.100,1.0519,0,none
206.238,4125,-0.33539,-2.97793,0.76799,0,10,0,FALLBACK,0.3334,0.100,1.0505,0,none
206.288,4126,-0.36619,-2.92922,0.74055,0,10,0,FALLBACK,0.4850,0.100,1.0478,0,none
206.335,4127,-0.37358,-2.77863,0.79954,0,10,0,FALLBACK,0.4048,0.100,1.0476,0,none
206.385,4128,-0.36580,-3.02072,0.76818,0,10,0,FALLBACK,0.2901,0.100,1.0498,0,none
206.437,4129,-0.31505,-3.10498,0.73551,0,10,0,FALLBACK,-0.1785,0.100,1.0524,0,none
206.488,4130,-0.33521,-3.00892,0.77948,0,10,0,FALLBACK,0.2768,0.100,1.0523,0,none
206.537,4131,-0.35510,-2.92069,0.83482,0,10,0,FALLBACK,0.3749,0.100,1.0514,0,none
206.587,4132,-0.35691,-3.02572,0.77715,0,10,0,FALLBACK,0.2936,0.100,1.0522,0,none
206.637,4133,-0.34771,-2.98019,0.80156,0,10,0,FALLBACK,0.1926,0.100,1.0545,0,none
206.685,4134,-0.30025,-3.13696,0.77379,0,10,0,FALLBACK,-0.2361,0.100,1.0569,0,none
206.740,4135,-0.32723,-2.68073,0.87104,0,10,0,FALLBACK,0.2711,0.100,1.0565,0,none
206.786,4136,-0.35362,-2.52681,0.84657,0,10,0,FALLBACK,0.4000,0.100,1.0551,0,none
206.836,4137,-0.36175,-2.53134,0.89191,0,10,0,FALLBACK,0.3494,0.100,1.0558,0,none
206.887,4138,-0.35564,-2.62361,1.10698,0,10,0,FALLBACK,0.2477,0.100,1.0576,0,none
206.938,4139,-0.31064,-2.69315,0.94923,0,10,0,FALLBACK,-0.1718,0.100,1.0599,0,none
206.988,4140,-0.33672,-2.63587,1.01017,0,10,0,FALLBACK,0.3140,0.100,1.0605,0,none
207.038,4141,-0.36248,-2.52143,1.09048,0,10,0,FALLBACK,0.4411,0.100,1.0588,0,none
207.089,4142,-0.36771,-2.81928,0.90563,0,10,0,FALLBACK,0.3647,0.100,1.0590,0,none
207.141,4143,-0.35908,-2.76121,0.93796,0,10,0,FALLBACK,0.2522,0.100,1.0611,0,none
207.190,4144,-0.32418,-2.68506,1.01615,0,10,0,FALLBACK,-0.0536,0.100,1.0635,0,none
207.241,4145,-0.34424,-2.69132,0.96265,0,10,0,FALLBACK,0.3215,0.100,1.0651,0,none
207.293,4146,-0.36000,-2.65287,1.10954,0,10,0,FALLBACK,0.3788,0.100,1.0643,0,none
207.338,4147,-0.35836,-2.86739,1.33152,0,10,0,FALLBACK,0.2835,0.100,1.0653,0,none
207.389,4148,-0.32039,-2.78845,1.36326,0,10,0,FALLBACK,-0.0879,0.100,1.0675,0,none
207.440,4149,-0.33114,-2.68624,1.26875,0,10,0,FALLBACK,0.2095,0.100,1.0685,0,none
207.490,4150,-0.34189,-2.79080,1.21635,0,10,0,FALLBACK,0.2632,0.100,1.0691,0,none
207.539,4151,-0.34021,-2.89966,1.38203,0,10,0,FALLBACK,0.1927,0.100,1.0705,0,none
207.590,4152,-0.33108,-3.10591,0.98097,0,10,0,FALLBACK,0.1098,0.100,1.0726,0,none
207.641,4153,-0.33432,-3.15324,1.09868,0,10,0,FALLBACK,0.1878,0.100,1.0748,0,none
207.690,4154,-0.30260,-3.16969,0.99202,0,10,0,FALLBACK,-0.1456,0.100,1.0764,0,none
207.742,4155,-0.27306,-3.11972,1.02255,0,10,0,FALLBACK,-0.2824,0.100,1.0771,0,none
207.790,4156,-0.25684,-3.05968,0.96612,0,10,0,FALLBACK,-0.2969,0.100,1.0780,0,none
207.840,4157,-0.25225,-2.96921,1.03677,0,10,0,FALLBACK,-0.2617,0.100,1.0795,0,none
207.891,4158,-0.26251,-2.93062,1.07667,0,10,0,FALLBACK,-0.1362,0.100,1.0814,0,none
207.942,4159,-0.26137,-2.97049,0.94123,0,10,0,FALLBACK,-0.1988,0.100,1.0835,0,none
207.992,4160,-0.26443,-3.12256,0.86724,0,10,0,FALLBACK,-0.1626,0.100,1.0851,0,none
208.040,4161,-0.27390,-3.04242,1.00093,0,10,0,FALLBACK,-0.0831,0.100,1.0870,0,none
208.091,4162,-0.29057,-3.05727,1.17057,0,10,0,FALLBACK,0.0362,0.100,1.0889,0,none
208.143,4163,-0.29736,-2.96589,1.22024,0,10,0,FALLBACK,0.0208,0.100,1.0905,0,none
208.192,4164,-0.30159,-3.13726,0.96094,0,10,0,FALLBACK,0.0291,0.100,1.0923,0,none
208.240,4165,-0.30509,-3.20742,0.95021,0,10,0,FALLBACK,0.0429,0.100,1.0941,0,none
208.291,4166,-0.30721,-3.18079,1.09107,0,10,0,FALLBACK,0.0466,0.100,1.0959,0,none
208.339,4167,-0.30874,-3.18555,0.90708,0,10,0,FALLBACK,0.0514,0.100,1.0976,0,none
208.390,4168,-0.30590,-3.13764,1.05954,0,10,0,FALLBACK,0.0153,0.100,1.0993,0,none
208.442,4169,-0.30223,-3.11808,1.03837,0,10,0,FALLBACK,-0.0072,0.100,1.1011,0,none
208.493,4170,-0.29910,-3.11059,1.18881,0,10,0,FALLBACK,-0.0201,0.100,1.1028,0,none
208.541,4171,-0.29689,-3.19967,0.98676,0,10,0,FALLBACK,-0.0266,0.100,1.1045,0,none
208.591,4172,-0.29631,-3.26585,0.94978,0,10,0,FALLBACK,-0.0214,0.100,1.1061,0,none
208.643,4173,-0.29375,-3.15004,1.07348,0,10,0,FALLBACK,-0.0440,0.100,1.1078,0,none
208.691,4174,-0.29240,-3.04689,1.00000,0,10,0,FALLBACK,-0.0447,0.100,1.1094,0,none
208.742,4175,-0.29291,-3.01614,1.05833,0,10,0,FALLBACK,-0.0329,0.100,1.1110,0,none
208.793,4176,-0.29024,-2.89527,1.04307,0,10,0,FALLBACK,-0.0622,0.100,1.1126,0,none
208.844,4177,-0.29869,-2.79399,1.43226,0,10,0,FALLBACK,0.0358,0.100,1.1142,0,none
208.891,4178,-0.30898,-2.73455,1.09711,0,10,0,FALLBACK,0.0963,0.100,1.1157,0,none
208.944,4179,-0.31596,-2.63728,1.21535,0,10,0,FALLBACK,0.1147,0.100,1.1171,0,none
208.993,4180,-0.31820,-2.58890,1.35421,0,10,0,FALLBACK,0.1022,0.100,1.1185,0,none
209.043,4181,-0.31488,-2.78885,1.26093,0,10,0,FALLBACK,0.0578,0.100,1.1199,0,none
209.092,4182,-0.31615,-2.72122,1.26043,0,10,0,FALLBACK,0.0871,0.100,1.1215,0,none
209.141,4183,-0.31525,-3.02106,1.45616,0,10,0,FALLBACK,0.0718,0.100,1.1229,0,none
209.191,4184,-0.31127,-3.05064,0.98175,0,10,0,FALLBACK,0.0364,0.100,1.1244,0,none
209.244,4185,-0.30488,-2.78959,1.46101,0,10,0,FALLBACK,-0.0075,0.100,1.1259,0,none
209.293,4186,-0.30129,-3.07583,1.08314,0,10,0,FALLBACK,-0.0115,0.100,1.1274,0,none
209.343,4187,-0.29862,-2.97843,1.25453,0,10,0,FALLBACK,-0.0202,0.100,1.1288,0,none
209.393,4188,-0.29666,-2.94317,1.38030,0,10,0,FALLBACK,-0.0265,0.100,1.1302,0,none
209.444,4189,-0.30252,-2.94570,1.24929,0,10,0,FALLBACK,0.0419,0.100,1.1316,0,none
209.494,4190,-0.29474,-3.02378,1.35663,0,10,0,FALLBACK,-0.0652,0.100,1.1329,0,none
209.545,4191,-0.28741,-3.02667,1.40206,0,10,0,FALLBACK,-0.0996,0.100,1.1342,0,none
209.594,4192,-0.28479,-3.15372,1.21030,0,10,0,FALLBACK,-0.0892,0.100,1.1354,0,none
209.645,4193,-0.28597,-3.22284,1.01640,0,10,0,FALLBACK,-0.0642,0.100,1.1368,0,none
209.694,4194,-0.29502,-3.22276,0.98198,0,10,0,FALLBACK,0.0203,0.100,1.1381,0,none
209.745,4195,-0.28807,-3.01213,1.29022,0,10,0,FALLBACK,-0.0943,0.100,1.1394,0,none
209.795,4196,-0.28233,-2.85441,1.08267,0,10,0,FALLBACK,-0.1170,0.100,1.1405,0,none
209.843,4197,-0.28210,-3.03181,0.98001,0,10,0,FALLBACK,-0.0906,0.100,1.1417,0,none
209.894,4198,-0.29451,-2.85833,1.32669,0,10,0,FALLBACK,0.0346,0.100,1.1429,0,none
209.943,4199,-0.28807,-2.87714,1.14618,0,10,0,FALLBACK,-0.0918,0.100,1.1441,0,none
